/**
 * generated by fontconvert.py
 * name: notoserif_14_regular
 * size: 14
 * mode: 2-bit  compressed: true
 * Command used: fontconvert.py notoserif_14_regular 14 ../builtinFonts/source/NotoSerif/NotoSerif-Regular.ttf --2bit --compress --pnum
 */
#pragma once
#include "EpdFontData.h"

static const uint8_t notoserif_14_regularBitmaps[21644] = {
    0x00, 0x00, 0x03, 0x95, 0x7E, 0xD2, 0x36, 0x57, 0x98, 0x4E, 0x5D, 0x39, 0x40, 0x00, 0x07, 0xD1,
    0xAD, 0x55, 0x74, 0x6F, 0x05, 0x79, 0x0C, 0x00, 0x32, 0xB4, 0xEC, 0x3B, 0x4A, 0x1A, 0x8A, 0x46,
    0xF5, 0xD4, 0x84, 0xAB, 0xE7, 0x34, 0xB8, 0xF6, 0x1E, 0xA2, 0xC9, 0x6D, 0x39, 0x8D, 0xBA, 0xB8,
    0x51, 0x14, 0x99, 0xE7, 0xE7, 0xBC, 0xCA, 0xA0, 0x52, 0xBA, 0x8E, 0x75, 0x00, 0x81, 0xC2, 0x80,
    0xB3, 0x32, 0x1E, 0xF2, 0x65, 0xE3, 0xFE, 0xD8, 0x41, 0x16, 0x81, 0xAE, 0xAF, 0xC2, 0x99, 0xF4,
    0xC8, 0xB6, 0x8A, 0x4C, 0x70, 0x6B, 0xCE, 0x2B, 0x05, 0x2F, 0xF6, 0xA2, 0xF4, 0x64, 0x12, 0x2E,
    0xD5, 0x5D, 0x00, 0x93, 0xF6, 0x7B, 0xA1, 0x94, 0x69, 0xF1, 0x75, 0xB1, 0x56, 0x24, 0xB4, 0xE6,
    0x54, 0x72, 0xE2, 0xFD, 0xE4, 0x09, 0xF6, 0x87, 0x78, 0xA4, 0x5C, 0xA5, 0x9D, 0x5C, 0xAB, 0xE7,
    0x64, 0x3E, 0xB0, 0xA7, 0x6E, 0x3A, 0x8E, 0xDC, 0xAD, 0x63, 0xB5, 0xFB, 0xA8, 0x0F, 0x34, 0x00,
    0x8B, 0x08, 0x45, 0x36, 0xB5, 0x3B, 0xAC, 0xC2, 0x0C, 0x7C, 0x7C, 0x55, 0xB3, 0x32, 0x08, 0xEA,
    0xAA, 0x66, 0x28, 0xD2, 0x92, 0x98, 0xC8, 0x67, 0x39, 0xEA, 0xEF, 0x67, 0xD1, 0x08, 0x79, 0x3A,
    0x8C, 0x37, 0x55, 0x7C, 0x79, 0xEE, 0x32, 0xC8, 0x23, 0x35, 0x93, 0xC1, 0xF4, 0x62, 0x68, 0x00,
    0x08, 0xDC, 0x8C, 0x86, 0x00, 0x6A, 0x87, 0x49, 0x7B, 0x5A, 0x42, 0xD7, 0xC5, 0x87, 0x20, 0xE0,
    0x1C, 0x27, 0x6B, 0x59, 0xD0, 0x00, 0x47, 0xC3, 0x22, 0x38, 0x66, 0xE6, 0xDB, 0xA0, 0xDD, 0x87,
    0xC3, 0xFF, 0x82, 0xEF, 0x40, 0x30, 0x00, 0x72, 0xEA, 0xD9, 0x6B, 0x43, 0xA4, 0x28, 0xF7, 0x1B,
    0x68, 0x78, 0xC0, 0x16, 0xB4, 0x21, 0xA8, 0x0B, 0xC6, 0x66, 0xCD, 0xD4, 0xFB, 0xC6, 0x0C, 0xD4,
    0xB1, 0x9E, 0xEC, 0x00, 0x34, 0x3F, 0xCE, 0xFA, 0xBB, 0x2E, 0xA9, 0xC7, 0x88, 0x0C, 0x89, 0x12,
    0x20, 0x00, 0x0F, 0x62, 0xBC, 0xAF, 0x9C, 0x97, 0xE0, 0x60, 0x00, 0x40, 0xDC, 0x53, 0xA8, 0x00,
    0x07, 0xAF, 0x7C, 0x00, 0x6B, 0x82, 0x38, 0x29, 0x8A, 0x76, 0x42, 0x08, 0xD8, 0x6D, 0xAA, 0x18,
    0x66, 0xA0, 0x00, 0x76, 0x23, 0x72, 0x2E, 0x93, 0x94, 0xE7, 0xC7, 0xF8, 0x4A, 0x5C, 0xB9, 0x44,
    0xC7, 0x24, 0x9A, 0xE0, 0xD8, 0x68, 0x1F, 0x30, 0x90, 0x40, 0xD3, 0xC0, 0x00, 0x31, 0x28, 0x72,
    0x4A, 0x35, 0x74, 0xAA, 0x36, 0x33, 0xE3, 0xC2, 0x02, 0xB3, 0x60, 0x3D, 0xF0, 0x00, 0x6A, 0xEA,
    0xBD, 0x07, 0xBE, 0xDD, 0xE0, 0x10, 0x4D, 0xBD, 0x06, 0x36, 0x40, 0x73, 0xE3, 0x05, 0xDE, 0x32,
    0xD8, 0x1F, 0x9A, 0x32, 0xD2, 0xF8, 0x00, 0x6A, 0xEA, 0xBD, 0x94, 0xA4, 0xA9, 0xF1, 0x82, 0x92,
    0xF8, 0x68, 0x29, 0xFB, 0x25, 0x8F, 0x62, 0xE6, 0xF4, 0x32, 0x71, 0xAB, 0xB9, 0xDB, 0x9B, 0x56,
    0x31, 0x1A, 0xBD, 0x32, 0x40, 0x00, 0x4E, 0x3A, 0xC2, 0xC5, 0x27, 0x6A, 0x3F, 0xA5, 0xF9, 0xE0,
    0x6C, 0xBC, 0x45, 0xB8, 0x21, 0xDE, 0x10, 0x8B, 0x3F, 0x4F, 0x63, 0x1D, 0x1B, 0x6B, 0x45, 0x31,
    0xEA, 0x30, 0x00, 0x0A, 0x1E, 0x03, 0x95, 0x7E, 0x2B, 0xCF, 0xD6, 0xC6, 0x54, 0xCA, 0xCA, 0xFD,
    0xFF, 0xE0, 0x3F, 0x2D, 0x29, 0x75, 0xAD, 0xFE, 0xCE, 0xE9, 0xEF, 0xDB, 0x02, 0xFB, 0xEC, 0x40,
    0x00, 0x75, 0x91, 0xBF, 0x51, 0x7E, 0x7F, 0xD5, 0xFA, 0x89, 0xD9, 0xB2, 0x75, 0xE3, 0xB4, 0x49,
    0xF7, 0x1C, 0x59, 0x83, 0xA9, 0xDA, 0x16, 0x14, 0x35, 0xC6, 0xA6, 0x9A, 0x2E, 0x97, 0x98, 0x00,
    0x00, 0x0B, 0x80, 0xF8, 0x01, 0x3E, 0x2C, 0x2E, 0x2D, 0xAA, 0xD8, 0xE1, 0x62, 0x0E, 0xC6, 0xF5,
    0xE9, 0x00, 0x6A, 0xEA, 0xBD, 0x90, 0xDF, 0xFF, 0xDF, 0xD8, 0xAA, 0xCF, 0x6E, 0x5F, 0x2E, 0x73,
    0x78, 0xFC, 0xF1, 0xB8, 0x5B, 0x05, 0x6A, 0x6C, 0x14, 0x8A, 0x98, 0x37, 0x2E, 0xED, 0xB3, 0x95,
    0xE1, 0xBC, 0x1C, 0x1C, 0x00, 0x6B, 0x26, 0xE8, 0xBE, 0x7F, 0xFA, 0x48, 0x01, 0x6D, 0xC0, 0x29,
    0x10, 0x6D, 0xB5, 0x82, 0xAB, 0x84, 0x61, 0xFA, 0x32, 0x4F, 0x1C, 0x0C, 0x1F, 0x85, 0xD8, 0x2D,
    0x8D, 0x20, 0x00, 0x07, 0x3D, 0x09, 0x63, 0xEC, 0x85, 0x4E, 0xD8, 0x00, 0x0F, 0xE1, 0x78, 0x81,
    0x1C, 0xE6, 0x43, 0x35, 0x24, 0xE1, 0x73, 0x00, 0x99, 0xE0, 0x61, 0x52, 0x4C, 0x85, 0x5D, 0x92,
    0xCB, 0x59, 0x09, 0x7A, 0x0B, 0x3D, 0xF1, 0x16, 0x30, 0x6D, 0x6C, 0xB8, 0x88, 0x00, 0x64, 0xA0,
    0xF2, 0x12, 0x74, 0x62, 0xF8, 0xEC, 0xDD, 0x80, 0x00, 0x09, 0xDA, 0x56, 0x02, 0x95, 0xB9, 0xD7,
    0x5E, 0x76, 0xE5, 0x9C, 0xFD, 0xDB, 0x5C, 0x08, 0x5F, 0x80, 0xE5, 0xD6, 0x89, 0xAF, 0x65, 0x38,
    0x00, 0x5F, 0xF6, 0x71, 0x21, 0xC8, 0xF9, 0x3F, 0xEC, 0x74, 0x64, 0xEA, 0xA6, 0xB5, 0x44, 0x6E,
    0x5F, 0x68, 0x9D, 0xD5, 0xC0, 0x00, 0x42, 0x2E, 0x17, 0x1A, 0x9F, 0x81, 0xE0, 0xA2, 0xE4, 0xC3,
    0x0C, 0x96, 0xAE, 0xA0, 0xE3, 0x79, 0x8B, 0xD4, 0xB0, 0xCC, 0x16, 0x3C, 0x17, 0x97, 0x25, 0xAE,
    0xD5, 0x23, 0x73, 0xEA, 0xE4, 0xFE, 0xEE, 0xC6, 0x02, 0xB1, 0x59, 0xBF, 0x14, 0xBF, 0xEC, 0xDB,
    0xF2, 0x5A, 0x32, 0x7F, 0x99, 0xC6, 0x3F, 0xFE, 0x59, 0xBC, 0x51, 0x97, 0x46, 0x80, 0x00, 0x43,
    0x84, 0xB6, 0x80, 0x4E, 0x89, 0xC1, 0x31, 0x2D, 0x04, 0xA5, 0x01, 0x4C, 0x7D, 0x47, 0x2F, 0x1E,
    0x39, 0x76, 0x4A, 0xA8, 0x41, 0x50, 0xE3, 0x7B, 0x76, 0xDB, 0xFF, 0x82, 0xF9, 0xA4, 0xE2, 0x6D,
    0x26, 0x80, 0x00, 0x00, 0x4D, 0xB6, 0xE4, 0x8E, 0x6E, 0x5A, 0x06, 0xE8, 0x24, 0x32, 0xC1, 0x46,
    0x06, 0x31, 0xE3, 0xEE, 0x75, 0xE1, 0x30, 0x7F, 0x5D, 0x52, 0x03, 0x63, 0x6E, 0xC1, 0x8B, 0x68,
    0x00, 0x84, 0x74, 0x0E, 0xCB, 0xE1, 0xD4, 0x31, 0x9F, 0x82, 0x68, 0x34, 0x03, 0x08, 0x00, 0x92,
    0x54, 0x81, 0xD0, 0xAA, 0x1F, 0xFA, 0x65, 0x69, 0x14, 0x00, 0x00, 0x3B, 0x55, 0x8C, 0x7F, 0x6C,
    0x08, 0xDF, 0x88, 0x28, 0xEB, 0xD4, 0x6E, 0xC1, 0x16, 0xE2, 0x8D, 0x19, 0x7D, 0x06, 0x0D, 0xB9,
    0x8F, 0x9E, 0x7F, 0x00, 0x00, 0x0B, 0x37, 0x29, 0x65, 0x38, 0x21, 0xEE, 0xF6, 0xDB, 0x1B, 0xA3,
    0xEA, 0x34, 0x24, 0xBD, 0x37, 0x58, 0x7A, 0xFC, 0x42, 0x80, 0x00, 0x00, 0x06, 0xF5, 0x96, 0x81,
    0x76, 0x10, 0xFC, 0x09, 0x49, 0x1A, 0x3B, 0x43, 0x76, 0xB2, 0x64, 0x72, 0xB0, 0x00, 0x90, 0xAD,
    0x0B, 0x4C, 0x80, 0x53, 0x55, 0x8B, 0x35, 0xD6, 0xC7, 0x6E, 0xB9, 0xB6, 0x0B, 0xD9, 0xE7, 0xF0,
    0x25, 0xD0, 0x67, 0xCE, 0xC0, 0x9C, 0x08, 0xAB, 0x77, 0x6F, 0xF3, 0xC0, 0x00, 0x00, 0xCA, 0xC8,
    0x82, 0x66, 0x48, 0x3F, 0x99, 0x23, 0x1C, 0x34, 0x87, 0x15, 0xA1, 0x4E, 0x96, 0x8A, 0x50, 0x96,
    0x27, 0x87, 0x6F, 0x7E, 0x8C, 0x94, 0xF6, 0x33, 0xA1, 0x20, 0x19, 0x60, 0x00, 0x00, 0x4B, 0x90,
    0xB7, 0x53, 0x57, 0x4A, 0xFF, 0xAC, 0xAA, 0xCB, 0x40, 0x00, 0x0A, 0x34, 0x50, 0x24, 0x2D, 0xA6,
    0x4A, 0x80, 0xF4, 0x79, 0x40, 0x85, 0xBF, 0x80, 0x00, 0x00, 0xB7, 0x31, 0xA7, 0x69, 0x6F, 0x4D,
    0x12, 0x6A, 0x35, 0x3A, 0xD2, 0x16, 0x5C, 0x50, 0x0E, 0xE5, 0xCE, 0x71, 0x8A, 0xB5, 0x82, 0x61,
    0xA5, 0xB0, 0x66, 0x22, 0xC8, 0xBC, 0x4C, 0x3D, 0x9E, 0x60, 0x87, 0x27, 0x00, 0x7D, 0xEA, 0x6B,
    0x9F, 0x2B, 0x60, 0xC2, 0x57, 0x2A, 0x00, 0x01, 0xB9, 0xBD, 0xCD, 0xBF, 0x9D, 0x15, 0xFA, 0x99,
    0xDA, 0xF2, 0x24, 0xC9, 0x31, 0x50, 0x39, 0x94, 0x50, 0x26, 0x54, 0x20, 0x3F, 0x56, 0xA7, 0xA0,
    0x96, 0x6D, 0x31, 0x06, 0xAC, 0x3E, 0xD2, 0x9F, 0xB1, 0x5E, 0xD2, 0x91, 0x9E, 0x42, 0x07, 0x43,
    0x17, 0xBC, 0xEE, 0xAF, 0xF4, 0x2C, 0x2A, 0x2B, 0xBA, 0x00, 0x01, 0xFD, 0x4E, 0x35, 0x61, 0x00,
    0x1C, 0xCD, 0xAD, 0xDB, 0x7D, 0xC5, 0x0A, 0x6A, 0x35, 0xF2, 0xAD, 0xDB, 0xB5, 0x33, 0x91, 0xFC,
    0x4B, 0xF6, 0x5C, 0x7F, 0xD9, 0xFE, 0xB9, 0x8B, 0x40, 0x44, 0x62, 0x40, 0x00, 0x89, 0x8C, 0xD1,
    0x29, 0x6A, 0xAA, 0x0F, 0xD9, 0xA3, 0x9B, 0xFA, 0x1E, 0x7A, 0x51, 0xC9, 0x75, 0x4E, 0xBA, 0xAC,
    0x71, 0x72, 0x5D, 0x3E, 0x80, 0x2F, 0xA8, 0x6D, 0x77, 0xB6, 0x40, 0x87, 0x2E, 0x00, 0x1C, 0x6B,
    0x6D, 0x44, 0xA7, 0x7D, 0x73, 0x6C, 0x57, 0x14, 0x1A, 0x40, 0x2C, 0xFD, 0x27, 0x14, 0xC0, 0x87,
    0x31, 0x00, 0x90, 0x92, 0x44, 0x3E, 0xE4, 0x12, 0xEC, 0xC3, 0x46, 0x83, 0x13, 0x1B, 0x74, 0xA8,
    0x53, 0x80, 0x00, 0x00, 0x4F, 0xF8, 0x03, 0x2E, 0x42, 0xE5, 0x1A, 0x68, 0xC4, 0xFC, 0xFB, 0x19,
    0xD0, 0xE4, 0xEA, 0xF4, 0xE2, 0xAC, 0x08, 0x87, 0x0B, 0xE4, 0x2F, 0xF9, 0x96, 0x9D, 0x4E, 0xE8,
    0xCE, 0x00, 0x6A, 0xEA, 0xF9, 0xF1, 0x17, 0xA5, 0xD9, 0xA2, 0xF8, 0x1A, 0x72, 0xDF, 0x54, 0xE8,
    0xD9, 0xDC, 0x93, 0x8B, 0x46, 0x06, 0xD9, 0xB8, 0xA6, 0x5B, 0x79, 0xBA, 0xF6, 0x85, 0x02, 0x48,
    0xA0, 0xEC, 0x00, 0x05, 0x09, 0x8D, 0x89, 0x03, 0x43, 0xDA, 0x1F, 0x5D, 0xB7, 0x29, 0x5B, 0x30,
    0xDB, 0xD0, 0x66, 0x49, 0x0A, 0xB4, 0x11, 0x0F, 0x25, 0xAD, 0x80, 0x00, 0x00, 0xCD, 0xEB, 0x68,
    0xC1, 0x1D, 0xA0, 0xBC, 0x4C, 0x0E, 0x93, 0xAD, 0x59, 0x66, 0x12, 0x68, 0x3C, 0x22, 0x63, 0x75,
    0x0B, 0x3A, 0xFA, 0x88, 0x00, 0x00, 0xF7, 0xD6, 0xBF, 0x4A, 0xFE, 0xC2, 0x0D, 0xE2, 0x5C, 0x8E,
    0xA3, 0x2B, 0xA3, 0x4D, 0x4C, 0x0E, 0x1E, 0x3D, 0xDC, 0x36, 0x3E, 0x13, 0x81, 0x7E, 0x21, 0xAC,
    0x75, 0xB5, 0x80, 0x00, 0x01, 0x62, 0x42, 0x92, 0x3C, 0x63, 0xA4, 0x10, 0x60, 0xA3, 0xB6, 0x33,
    0xD7, 0xDC, 0x04, 0x86, 0x4F, 0x7B, 0xC3, 0x46, 0xB6, 0x48, 0x15, 0xF0, 0xBB, 0xD1, 0x20, 0x18,
    0xB1, 0x94, 0x06, 0x38, 0xBC, 0x08, 0xE9, 0x03, 0x2B, 0xE1, 0x09, 0x79, 0x25, 0xF9, 0x67, 0xC8,
    0x23, 0x08, 0xAB, 0xC7, 0xD7, 0x84, 0x67, 0xE0, 0x00, 0x00, 0xB7, 0x35, 0xEE, 0x18, 0x9B, 0xB7,
    0x2C, 0x1E, 0xE5, 0xD1, 0x48, 0x77, 0x19, 0x36, 0xCC, 0x4B, 0x9D, 0x60, 0x2E, 0xE3, 0xA7, 0x2A,
    0x0A, 0x4D, 0xED, 0x3D, 0xDA, 0xA4, 0xB8, 0xA3, 0x45, 0x91, 0xF8, 0x00, 0x05, 0xDA, 0xB9, 0x41,
    0x8F, 0xFB, 0x8E, 0x4C, 0x06, 0x1C, 0x4A, 0xE1, 0xAD, 0xAA, 0x19, 0xBC, 0x45, 0x34, 0x88, 0xE3,
    0xA7, 0xFA, 0xB1, 0xDC, 0x03, 0xCB, 0xB0, 0x50, 0x00, 0x05, 0x0D, 0x8C, 0xC3, 0x17, 0xE9, 0xF9,
    0x7E, 0xC9, 0x6B, 0x78, 0x27, 0x8C, 0x17, 0x10, 0xA6, 0x53, 0xC0, 0x45, 0x50, 0x22, 0xBC, 0x93,
    0x5D, 0x38, 0x00, 0x41, 0x39, 0xF7, 0x8E, 0x6D, 0x2A, 0x6E, 0x74, 0x20, 0x04, 0xD0, 0xC7, 0x8C,
    0x00, 0x44, 0x3B, 0xF2, 0xF8, 0x21, 0x80, 0xCF, 0xFA, 0x0F, 0x36, 0xB1, 0xF2, 0xF3, 0xC7, 0x07,
    0x06, 0xF0, 0x00, 0x3A, 0xEA, 0x47, 0xB7, 0xB1, 0xDB, 0x35, 0x07, 0x38, 0x43, 0x4B, 0x1D, 0x2D,
    0x44, 0x4F, 0xFB, 0x5B, 0x40, 0x00, 0x33, 0xD9, 0x83, 0x9C, 0xD2, 0x5C, 0x39, 0x48, 0x56, 0xBB,
    0xDC, 0x4E, 0xD8, 0x7D, 0x1F, 0xD5, 0xC0, 0x00, 0x05, 0x0F, 0x40, 0x32, 0x38, 0x00, 0x03, 0x17,
    0x1D, 0x4C, 0xC4, 0x00, 0x0F, 0xA1, 0x2C, 0xB4, 0x86, 0x50, 0xEF, 0x5F, 0xDF, 0x7A, 0xA7, 0xDC,
    0xFA, 0xCB, 0x3B, 0xDB, 0x8F, 0xCD, 0x2E, 0x44, 0x97, 0x72, 0x17, 0xD0, 0x4A, 0xDB, 0xCA, 0x01,
    0x29, 0x6C, 0x00, 0x6F, 0xA6, 0x03, 0x7F, 0x84, 0x2A, 0x88, 0x4E, 0x02, 0x36, 0xF6, 0x9A, 0x47,
    0x1C, 0x49, 0x4E, 0x11, 0xE4, 0xF2, 0xB5, 0x63, 0x50, 0xA8, 0xFF, 0x15, 0x8E, 0x62, 0x3E, 0xDD,
    0x00, 0x15, 0xAB, 0x2A, 0x36, 0x4F, 0xF4, 0xA5, 0x53, 0xAA, 0x88, 0x2A, 0x15, 0x8A, 0xF3, 0x46,
    0x03, 0x57, 0x0E, 0x30, 0x00, 0x90, 0x26, 0xD5, 0xD7, 0x76, 0x22, 0x82, 0x4C, 0xAC, 0xE4, 0x1E,
    0x3A, 0xE1, 0xE7, 0x78, 0x6F, 0xC5, 0xE9, 0xB2, 0x11, 0xC2, 0x0C, 0xE8, 0x01, 0x1E, 0xB8, 0x1C,
    0x5B, 0xCB, 0xDE, 0xC0, 0x00, 0x16, 0x6B, 0x4B, 0x57, 0xAE, 0x9E, 0x8E, 0xD7, 0x7E, 0x72, 0x7D,
    0x73, 0x39, 0x5D, 0x57, 0x20, 0xDE, 0xDB, 0x10, 0xEF, 0xD7, 0x00, 0x37, 0x95, 0x9C, 0x1C, 0xD8,
    0x10, 0xE5, 0x70, 0x0B, 0x3B, 0x1C, 0x7E, 0x3C, 0xDA, 0x88, 0xEB, 0x74, 0xBB, 0x79, 0x3C, 0x49,
    0xAA, 0xB4, 0x1A, 0x51, 0x80, 0x00, 0x63, 0x99, 0xAC, 0xDB, 0x47, 0x17, 0xAE, 0xDB, 0xF7, 0xE0,
    0xB0, 0x47, 0xDA, 0x50, 0x9B, 0x60, 0xFF, 0x2A, 0x6E, 0x88, 0x12, 0x66, 0x8D, 0xA6, 0xE8, 0x91,
    0x32, 0x6D, 0x46, 0x3E, 0x0B, 0xB9, 0x6D, 0x7E, 0x2F, 0x97, 0x67, 0xC0, 0x00, 0x76, 0xD9, 0xAC,
    0x52, 0xE5, 0x2C, 0xAD, 0xF2, 0x4C, 0xD4, 0x7F, 0x37, 0xA4, 0x14, 0xCC, 0xCB, 0x9A, 0xE4, 0xB1,
    0x87, 0xE7, 0xC4, 0xEC, 0xFD, 0x86, 0x00, 0x51, 0xC4, 0x59, 0x41, 0x48, 0xE0, 0x6C, 0xBB, 0xA6,
    0x94, 0x41, 0x08, 0x84, 0xD4, 0xFA, 0x60, 0x00, 0x5B, 0x61, 0x4C, 0xBC, 0xEA, 0xC5, 0x60, 0xA7,
    0xF0, 0xE9, 0x1C, 0x46, 0x33, 0x1E, 0x80, 0x00, 0x76, 0xD9, 0xAC, 0x52, 0xEB, 0x71, 0xFB, 0x53,
    0xEB, 0x00, 0x02, 0xB7, 0x6F, 0x6E, 0xB4, 0x35, 0x85, 0x36, 0x10, 0xE1, 0xE6, 0x18, 0xDB, 0x00,
    0x49, 0x33, 0xA4, 0x10, 0x85, 0x2B, 0x00, 0x40, 0xDF, 0x69, 0x9A, 0x7F, 0x38, 0x66, 0x00, 0x07,
    0x71, 0x85, 0x24, 0xA7, 0x51, 0xD9, 0xDE, 0x27, 0x06, 0x4E, 0x53, 0x5D, 0xDE, 0x63, 0x64, 0xBE,
    0xF8, 0xD6, 0x44, 0xE0, 0x9B, 0xB1, 0x2D, 0x4D, 0x4D, 0x79, 0xD6, 0x64, 0xDB, 0x73, 0xDC, 0xD7,
    0xCB, 0xF5, 0xDF, 0x32, 0x00, 0x07, 0x00, 0x66, 0x18, 0xAD, 0x88, 0xD1, 0x08, 0x35, 0xF1, 0xF9,
    0xFD, 0x05, 0x0B, 0x5F, 0x53, 0x2C, 0x96, 0xA6, 0xB6, 0x18, 0xA9, 0x85, 0x00, 0x15, 0xAD, 0xFD,
    0x0D, 0x78, 0x45, 0xE7, 0x49, 0xDF, 0x77, 0xD8, 0x87, 0xB8, 0xA7, 0x71, 0x13, 0x0B, 0xAD, 0xD7,
    0x92, 0x9C, 0x0A, 0x8E, 0x44, 0x00, 0x03, 0x31, 0x98, 0x7E, 0x78, 0xFD, 0xB7, 0xE5, 0x1D, 0x81,
    0x09, 0x27, 0xF5, 0xF9, 0x88, 0x5A, 0x5D, 0x02, 0x8E, 0x46, 0x00, 0x54, 0xA7, 0x72, 0x2F, 0x5C,
    0x74, 0x2E, 0x34, 0x7F, 0xEA, 0xC8, 0x58, 0x1E, 0x68, 0xC0, 0x00, 0x06, 0xCE, 0x1D, 0xCE, 0xC6,
    0x68, 0x12, 0xC1, 0xEE, 0xF5, 0xE9, 0x09, 0x0B, 0x8A, 0xA7, 0xFF, 0x59, 0x6D, 0xD5, 0x00, 0x10,
    0xDE, 0x94, 0x91, 0xC4, 0x39, 0xA4, 0xD5, 0x48, 0x8A, 0xDE, 0x94, 0x73, 0xC5, 0xB0, 0x1D, 0x52,
    0x9F, 0x3C, 0x8F, 0x52, 0x90, 0x90, 0xE9, 0x55, 0xA0, 0x00, 0x64, 0x17, 0x09, 0x1A, 0x3D, 0x3C,
    0x5C, 0x56, 0xC4, 0x12, 0x04, 0x05, 0xCB, 0x69, 0x00, 0xE2, 0x00, 0x07, 0x0D, 0x42, 0xE7, 0x91,
    0xF8, 0x6A, 0xD3, 0xCA, 0x76, 0x3A, 0xA1, 0x7E, 0xB5, 0x4E, 0xBB, 0x5C, 0x05, 0x93, 0x8E, 0xF7,
    0x36, 0xE0, 0x00, 0x00, 0xF1, 0xCF, 0x61, 0xD7, 0x88, 0xFD, 0x67, 0x3C, 0x49, 0x5A, 0xF1, 0xDF,
    0x0B, 0x9C, 0xDB, 0x45, 0x17, 0x81, 0x94, 0x40, 0xCB, 0xF3, 0xA0, 0x00, 0x01, 0xA0, 0x5E, 0x45,
    0x33, 0x59, 0x40, 0x39, 0x61, 0x80, 0x1C, 0x60, 0x4D, 0x86, 0xD2, 0xCE, 0xFF, 0x57, 0x91, 0xBE,
    0xE9, 0x3F, 0x64, 0x9C, 0x77, 0xD3, 0xD3, 0x2B, 0xDA, 0xC3, 0x52, 0x19, 0x06, 0x46, 0xA0, 0xE1,
    0x08, 0x3D, 0xF3, 0x00, 0x06, 0x1D, 0x50, 0xCC, 0x27, 0x1D, 0xA2, 0x04, 0x64, 0x05, 0x3E, 0x9D,
    0x07, 0xC6, 0x6D, 0xCB, 0x60, 0x8D, 0x69, 0xC4, 0xBE, 0x32, 0xF7, 0x3E, 0xEF, 0x52, 0xCE, 0x79,
    0xAF, 0xBE, 0x87, 0x58, 0x00, 0x84, 0x35, 0x33, 0x47, 0x83, 0x56, 0xE2, 0xEB, 0xC2, 0x6C, 0x7B,
    0x52, 0x45, 0x48, 0x73, 0x69, 0xFC, 0x28, 0x2A, 0xB3, 0x50, 0x1D, 0xE6, 0x70, 0x00, 0x05, 0x30,
    0xFD, 0x3C, 0x91, 0x14, 0x20, 0xA4, 0xFF, 0x44, 0x9B, 0x9E, 0xF7, 0xC5, 0x97, 0x29, 0xBC, 0xD4,
    0x3C, 0x00, 0x6E, 0xF3, 0x2A, 0x13, 0x06, 0x20, 0xA2, 0xDC, 0x1D, 0x97, 0x20, 0xE8, 0xA3, 0xC3,
    0xFE, 0xC8, 0x80, 0x6C, 0x52, 0x80, 0x00, 0x21, 0x3B, 0xAF, 0xA3, 0xC8, 0x54, 0xAA, 0xED, 0x20,
    0x00, 0x55, 0x0B, 0x39, 0x28, 0xD3, 0x18, 0xE3, 0x38, 0xA1, 0x45, 0xC3, 0x86, 0xE9, 0x71, 0x3F,
    0x20, 0x8A, 0x99, 0x49, 0x8F, 0xD2, 0x00, 0x0C, 0x11, 0xC1, 0x48, 0x67, 0xE9, 0x65, 0x55, 0x57,
    0x46, 0x25, 0xFB, 0xFA, 0x98, 0x00, 0x02, 0x16, 0xDF, 0x26, 0xE9, 0x8D, 0xAA, 0xFD, 0x20, 0x31,
    0xDC, 0xC0, 0x00, 0x34, 0x1B, 0x39, 0x7A, 0xCA, 0x97, 0xDB, 0xE6, 0xA1, 0xE1, 0xE4, 0xFA, 0xE9,
    0xA6, 0x2B, 0x91, 0xE1, 0xF3, 0xAB, 0xA9, 0xDB, 0x12, 0x15, 0x16, 0x66, 0x79, 0xCF, 0x78, 0x40,
    0x00, 0x75, 0x94, 0xD8, 0x9B, 0x01, 0x70, 0x45, 0xAC, 0x43, 0x11, 0x9A, 0xB0, 0x6D, 0x56, 0xCB,
    0xF2, 0x96, 0x2B, 0x6B, 0x42, 0x2C, 0xBA, 0x3E, 0xD1, 0x2B, 0x5C, 0x96, 0x8C, 0x84, 0xCD, 0x12,
    0x60, 0x00, 0x0E, 0x89, 0x85, 0x1B, 0x72, 0x48, 0x8F, 0xEB, 0x9B, 0x61, 0x5E, 0x57, 0xC7, 0x37,
    0xB3, 0xF8, 0x9C, 0x67, 0xC1, 0x87, 0xCC, 0x71, 0xBB, 0xBE, 0x74, 0x9A, 0x57, 0x8F, 0x1C, 0x00,
    0x01, 0x46, 0x44, 0xB2, 0x0D, 0xA2, 0x7F, 0xD2, 0x68, 0x21, 0x1C, 0x35, 0x37, 0x8C, 0x57, 0xDB,
    0xB9, 0x27, 0xDD, 0xD3, 0x9C, 0xDC, 0x9D, 0xF2, 0xC7, 0x4D, 0x05, 0x0F, 0x36, 0x75, 0xE9, 0x3D,
    0xA5, 0x6C, 0xE4, 0xD0, 0x87, 0x5E, 0x00, 0xA3, 0xD5, 0x04, 0x49, 0x6C, 0x72, 0xE0, 0x00, 0x63,
    0x32, 0xE4, 0x40, 0xCC, 0xB7, 0xD1, 0x58, 0x64, 0xDD, 0xCC, 0x9E, 0x7F, 0x46, 0xCA, 0x0B, 0xC3,
    0xAE, 0x8F, 0xD0, 0xFE, 0xD1, 0x51, 0x69, 0xAB, 0x30, 0x8B, 0x93, 0x04, 0x2A, 0x11, 0x64, 0xB5,
    0xB5, 0x60, 0xCB, 0x78, 0xF7, 0x8F, 0xAB, 0xD8, 0x00, 0x03, 0x4F, 0x04, 0xD4, 0xAB, 0x02, 0x68,
    0xB0, 0x00, 0x9F, 0xB5, 0x51, 0x77, 0x1F, 0x79, 0x24, 0xFE, 0x92, 0x8C, 0xB7, 0x52, 0xFF, 0x56,
    0xE7, 0x7B, 0xF8, 0x9D, 0x6B, 0x1E, 0x54, 0x52, 0x80, 0x10, 0x01, 0x99, 0x69, 0x17, 0xC8, 0x6C,
    0xDB, 0x4D, 0x94, 0x67, 0x9F, 0xD1, 0xD4, 0xA6, 0x06, 0x0B, 0x4D, 0x02, 0xFA, 0x18, 0x4E, 0xD3,
    0x4F, 0xF7, 0x1F, 0xEF, 0x6C, 0xD0, 0x00, 0x06, 0x83, 0xFA, 0xD1, 0xC9, 0x06, 0x8E, 0xF2, 0xE5,
    0x05, 0xE0, 0x6E, 0x1A, 0xED, 0x6D, 0xF4, 0x42, 0x00, 0x27, 0xDC, 0x43, 0x11, 0x19, 0x12, 0xBB,
    0x01, 0x87, 0xD2, 0xB2, 0x09, 0x37, 0x39, 0x2D, 0x14, 0x2B, 0x37, 0xCC, 0x8D, 0x1F, 0x00, 0x3B,
    0xEE, 0x1A, 0x51, 0xEB, 0x40, 0x87, 0x0F, 0x00, 0x90, 0x87, 0x6A, 0x00, 0xA2, 0x08, 0x7D, 0x26,
    0x81, 0x9C, 0x0B, 0x2C, 0x09, 0x75, 0x8D, 0x21, 0x30, 0x82, 0x5D, 0xBC, 0xEF, 0x6C, 0x86, 0x8C,
    0x0F, 0xE4, 0x66, 0x14, 0x12, 0xC2, 0x30, 0x6B, 0x3E, 0xCE, 0x8D, 0x6A, 0x8A, 0x16, 0x60, 0x3A,
    0xA0, 0x8E, 0x65, 0xA7, 0x65, 0x57, 0x19, 0x80, 0x8E, 0x12, 0x00, 0x07, 0x40, 0x00, 0x52, 0x07,
    0xA2, 0xD1, 0x90, 0xF9, 0xAA, 0xA6, 0xEE, 0x47, 0xA5, 0x2A, 0xA8, 0x87, 0x0D, 0x00, 0x84, 0x1A,
    0x04, 0x31, 0x48, 0xCE, 0x3A, 0xF7, 0x40, 0x00, 0x4E, 0x7C, 0x99, 0xD8, 0x86, 0x26, 0xAF, 0xE1,
    0x46, 0x9B, 0x4B, 0x6D, 0x58, 0x51, 0xFC, 0xD0, 0x8F, 0x93, 0xB0, 0x00, 0x4E, 0x7C, 0x99, 0xD7,
    0xFF, 0xEC, 0xFB, 0x3B, 0xE0, 0xF0, 0xEB, 0x3F, 0x47, 0x12, 0xFE, 0xE4, 0xA7, 0x97, 0x25, 0xE3,
    0xFF, 0x52, 0x00, 0x17, 0x0D, 0x01, 0xEA, 0x0E, 0x00, 0x08, 0x63, 0xC9, 0xFF, 0xC4, 0xA3, 0xA0,
    0xCF, 0xED, 0xAD, 0x5E, 0xBC, 0x4D, 0xB2, 0x28, 0xBC, 0xE1, 0x57, 0x5F, 0x60, 0x1F, 0xFC, 0xC8,
    0xE9, 0xD4, 0x00, 0x71, 0x3F, 0xB4, 0xE2, 0xCC, 0x22, 0xE7, 0xC1, 0xF3, 0x62, 0xE9, 0xBC, 0xC3,
    0x1F, 0x94, 0x19, 0xF4, 0x6F, 0xE1, 0x3F, 0x5D, 0xFE, 0x4A, 0x79, 0xB5, 0x8A, 0x59, 0x00, 0x15,
    0x9B, 0x9C, 0x34, 0x00, 0x21, 0xA8, 0x43, 0x45, 0xB8, 0x76, 0x06, 0xE2, 0xD0, 0x00, 0x23, 0x85,
    0x88, 0xEE, 0xFD, 0xDA, 0x1E, 0x26, 0x2E, 0x24, 0xFC, 0xAD, 0xE8, 0x91, 0x50, 0x00, 0x0A, 0xCF,
    0xE3, 0x36, 0xA5, 0xF5, 0x8A, 0x32, 0x51, 0x5A, 0x4E, 0x0A, 0xE0, 0x00, 0x09, 0xA9, 0xC9, 0x4D,
    0x06, 0xF3, 0x98, 0xC8, 0xF8, 0xAE, 0x1E, 0x2B, 0xE2, 0x1E, 0xA7, 0x5F, 0x69, 0x63, 0xF8, 0x00,
    0x16, 0x5C, 0x37, 0x75, 0x61, 0xE3, 0x6C, 0x29, 0x04, 0x95, 0x45, 0x53, 0xB8, 0x7F, 0x47, 0x11,
    0x85, 0x17, 0x11, 0xCC, 0xC2, 0x0E, 0x52, 0xE4, 0xF1, 0x3A, 0xE1, 0x23, 0x24, 0xA4, 0x57, 0x51,
    0x90, 0x67, 0x32, 0x91, 0x8A, 0x33, 0x5A, 0x9E, 0xFE, 0x5D, 0xF3, 0xA3, 0x17, 0xB7, 0x86, 0xF2,
    0xEA, 0xBE, 0xC0, 0x00, 0x16, 0x5C, 0x35, 0x49, 0x9E, 0x56, 0xC1, 0x7F, 0x4F, 0x1A, 0x0C, 0x7F,
    0xE6, 0x45, 0x3F, 0xCE, 0x9E, 0xE8, 0x05, 0xD4, 0x08, 0x91, 0xE4, 0x2B, 0x5D, 0x5F, 0x13, 0x01,
    0x3A, 0x84, 0x26, 0x4F, 0xBB, 0xDA, 0x88, 0xEB, 0xBB, 0xFA, 0xDB, 0xFB, 0xA2, 0x71, 0x4E, 0x60,
    0xE6, 0x9A, 0x97, 0xA1, 0x97, 0xB2, 0xC0, 0x00, 0x90, 0x20, 0xCD, 0x04, 0x45, 0xE6, 0x4F, 0xB8,
    0x2C, 0x91, 0x0B, 0x39, 0xD5, 0xBD, 0xB0, 0xA7, 0x30, 0x09, 0x1D, 0x9E, 0xBC, 0x34, 0x55, 0x59,
    0x4D, 0x89, 0xF6, 0x5A, 0x0A, 0x7A, 0x30, 0x4A, 0xD6, 0x47, 0xC0, 0x3A, 0x9E, 0x70, 0xD6, 0x08,
    0x2E, 0x11, 0x09, 0x62, 0x18, 0xD9, 0xE7, 0xD1, 0xF2, 0xE6, 0x91, 0x4D, 0x08, 0xEB, 0xA9, 0x46,
    0x40, 0x00, 0x2D, 0xAD, 0x3F, 0x0F, 0x61, 0xAD, 0x21, 0x5F, 0xCB, 0xCF, 0x7B, 0x63, 0x4A, 0x6A,
    0xB1, 0x1B, 0x6D, 0xF8, 0x58, 0xBA, 0x72, 0x80, 0x23, 0x00, 0x24, 0x88, 0x2E, 0xD5, 0xF7, 0xCA,
    0xAB, 0xA9, 0x23, 0x97, 0x36, 0x94, 0x80, 0x80, 0x23, 0x00, 0x5E, 0x57, 0x53, 0x20, 0x5C, 0x75,
    0x33, 0x7B, 0x58, 0xF8, 0x92, 0x28, 0x10, 0x80, 0x23, 0x00, 0x43, 0x84, 0x58, 0x16, 0x4C, 0x31,
    0xF4, 0x80, 0xE5, 0xF2, 0x07, 0x6D, 0x65, 0x2E, 0xA3, 0x81, 0x23, 0x00, 0x30, 0xE4, 0x10, 0x96,
    0x6C, 0xC9, 0xBB, 0xC7, 0x43, 0xC6, 0x0A, 0xB9, 0xDE, 0xDE, 0x6E, 0x1B, 0x84, 0xD5, 0x81, 0x23,
    0x00, 0x23, 0x3D, 0x3A, 0x5F, 0x71, 0xD3, 0xD9, 0x8E, 0xC5, 0xC6, 0xBE, 0xA4, 0x39, 0x5A, 0x7C,
    0x89, 0x81, 0x00, 0x56, 0xE7, 0xFA, 0xDF, 0x8D, 0x8F, 0x94, 0x11, 0xC5, 0x66, 0x57, 0x61, 0x29,
    0x89, 0xA0, 0x9E, 0x3E, 0xB0, 0x00, 0x36, 0xCB, 0x66, 0x96, 0xC3, 0x2F, 0x03, 0x46, 0xA4, 0x6D,
    0x24, 0x2A, 0xC6, 0x6B, 0xE4, 0x0E, 0xB2, 0x0A, 0xAC, 0xA1, 0x93, 0xB2, 0xD7, 0x20, 0x31, 0x0B,
    0xB5, 0x38, 0x35, 0x43, 0xEA, 0x4D, 0xDB, 0x76, 0x4C, 0x0A, 0x83, 0xF9, 0xD6, 0x68, 0xCA, 0x5C,
    0x1E, 0x90, 0x3B, 0x3F, 0x20, 0x87, 0x25, 0x00, 0x82, 0xC0, 0xC9, 0x0D, 0xBD, 0x0A, 0x04, 0xC0,
    0xBF, 0xD4, 0xE7, 0x07, 0xB6, 0xF4, 0x80, 0x27, 0x00, 0x1B, 0x8F, 0xB4, 0x3B, 0x33, 0x49, 0x67,
    0x70, 0xD5, 0xC0, 0x80, 0x27, 0x00, 0x4F, 0x1C, 0x0F, 0x39, 0xFD, 0x11, 0xA3, 0xE5, 0xE0, 0x80,
    0x27, 0x00, 0x3B, 0xC3, 0xE4, 0x2C, 0xA1, 0xDB, 0xF1, 0x70, 0xAF, 0x15, 0x2D, 0xF0, 0x81, 0x27,
    0x00, 0x1A, 0x54, 0xB2, 0x7F, 0xE2, 0x5C, 0x7F, 0xC3, 0x31, 0xF0, 0xE3, 0x40, 0x80, 0x2B, 0x00,
    0x03, 0x9F, 0x8F, 0xAA, 0xAE, 0xF2, 0x8C, 0x80, 0x2B, 0x00, 0x37, 0xE3, 0xDB, 0x52, 0xA1, 0x8B,
    0x60, 0x80, 0x2B, 0x00, 0x16, 0x15, 0x34, 0x45, 0x57, 0x3A, 0x42, 0x84, 0x9D, 0x50, 0x81, 0x2B,
    0x00, 0x03, 0x4F, 0x44, 0x08, 0x3E, 0xBF, 0x26, 0x25, 0xBE, 0x87, 0x26, 0x00, 0x46, 0xFE, 0x48,
    0x8C, 0xD0, 0x97, 0x72, 0x66, 0x74, 0x47, 0x18, 0x81, 0x30, 0x00, 0x30, 0xE4, 0x10, 0x86, 0x48,
    0x8E, 0x17, 0x41, 0x6E, 0x64, 0xF9, 0x4F, 0x0D, 0x0E, 0x4B, 0x41, 0xA8, 0x81, 0x31, 0x00, 0x2B,
    0xB8, 0x5E, 0x1C, 0xB9, 0x25, 0x39, 0x9F, 0x5F, 0xDE, 0x58, 0x81, 0x31, 0x00, 0x5B, 0x2C, 0x24,
    0xFC, 0x6D, 0x25, 0x35, 0xAF, 0x91, 0x3F, 0x5A, 0x81, 0x31, 0x00, 0x4A, 0xD8, 0x6F, 0x64, 0x05,
    0x1C, 0x36, 0x7E, 0x4B, 0x79, 0xBD, 0x02, 0x7D, 0x88, 0x93, 0x00, 0x6F, 0xA3, 0xFA, 0xB8, 0x1D,
    0xBA, 0x0D, 0x33, 0x30, 0xA4, 0x8D, 0x6F, 0x23, 0x82, 0x11, 0x82, 0x31, 0x00, 0x2C, 0x1A, 0x58,
    0x2D, 0xC7, 0x93, 0x7B, 0x88, 0x63, 0xA9, 0xF2, 0xE2, 0x09, 0x80, 0x00, 0x5B, 0x97, 0xF9, 0xD6,
    0xBD, 0xE0, 0xB5, 0xB3, 0x14, 0x6A, 0xDA, 0xE6, 0x08, 0xFF, 0xEC, 0xD0, 0x22, 0x37, 0xBC, 0xD0,
    0xD4, 0x86, 0x31, 0x00, 0xAD, 0x2F, 0x0B, 0x2F, 0xC9, 0x43, 0x11, 0x81, 0x66, 0x83, 0x5C, 0xB6,
    0x8B, 0x52, 0x12, 0xE0, 0x28, 0x7C, 0x67, 0xC5, 0xE1, 0x10, 0x80, 0x37, 0x00, 0x31, 0xBF, 0x39,
    0x09, 0xDF, 0x8E, 0xC0, 0xC3, 0x33, 0x56, 0x0F, 0x80, 0x80, 0x37, 0x00, 0x5E, 0x6B, 0xED, 0x7B,
    0x74, 0x35, 0x60, 0xEC, 0x57, 0x7C, 0x17, 0x80, 0x80, 0x37, 0x00, 0x4E, 0x6E, 0xB1, 0xEA, 0xC1,
    0xCD, 0x33, 0x8F, 0x4B, 0xE0, 0xB2, 0xA0, 0x2B, 0x70, 0x81, 0x37, 0x00, 0x30, 0x5D, 0x6C, 0x56,
    0x9F, 0xEB, 0x0E, 0xCF, 0x2D, 0x9B, 0xE2, 0xD4, 0xB7, 0xDA, 0xA0, 0x80, 0x3B, 0x00, 0x62, 0xCB,
    0x17, 0x20, 0x4E, 0x5C, 0x63, 0x65, 0x68, 0x84, 0x0B, 0x9B, 0x70, 0x87, 0x2E, 0x00, 0x72, 0x62,
    0xC6, 0x5C, 0x02, 0x6D, 0x7B, 0x18, 0xE0, 0x50, 0x91, 0xFA, 0x88, 0xCF, 0x6A, 0xCA, 0x9B, 0x44,
    0x80, 0x00, 0x4C, 0x08, 0xC3, 0xB7, 0xA3, 0x73, 0x05, 0x2A, 0xFE, 0xCD, 0x3C, 0x96, 0x37, 0x9F,
    0xC5, 0x22, 0x75, 0x4A, 0xE9, 0xEE, 0xE3, 0x08, 0x0A, 0x3D, 0x3B, 0x54, 0x8C, 0x36, 0x5A, 0x15,
    0x25, 0xAD, 0x24, 0x33, 0x34, 0x17, 0x02, 0x84, 0xBE, 0x5F, 0xE0, 0x8B, 0x80, 0x43, 0x00, 0x11,
    0xFA, 0x55, 0xCF, 0xA7, 0x16, 0x0A, 0x55, 0xCD, 0x4F, 0xD0, 0x70, 0x80, 0x43, 0x00, 0x46, 0x1D,
    0x77, 0x73, 0x3F, 0x94, 0xCA, 0xA0, 0x36, 0xEA, 0xE6, 0x80, 0x43, 0x00, 0x33, 0x23, 0x3D, 0x36,
    0x33, 0x20, 0xE7, 0x9F, 0x56, 0x6E, 0x27, 0x7E, 0xAF, 0xF3, 0x80, 0x88, 0xA2, 0x00, 0x1D, 0xE6,
    0x0B, 0x6E, 0x0A, 0x86, 0x22, 0xA7, 0x47, 0xE7, 0x49, 0xA0, 0x85, 0x60, 0xDC, 0x70, 0x80, 0x81,
    0x43, 0x00, 0x12, 0x6A, 0x81, 0xAE, 0xE8, 0x3E, 0xF4, 0xE7, 0x73, 0xB5, 0x46, 0x99, 0x85, 0x6E,
    0x85, 0xA5, 0x00, 0x24, 0x76, 0x32, 0xC9, 0xA4, 0x82, 0xC9, 0x31, 0xED, 0xB2, 0x56, 0xC6, 0x9F,
    0xF9, 0xD1, 0x73, 0x8D, 0x77, 0x72, 0x00, 0x0F, 0xB8, 0xB2, 0x50, 0x11, 0xE9, 0x0F, 0x75, 0x3E,
    0x72, 0x7D, 0xF4, 0x22, 0xF6, 0xA0, 0x0B, 0x27, 0x03, 0x4E, 0x97, 0x89, 0x2A, 0xCB, 0xFC, 0x65,
    0xF1, 0x2D, 0x51, 0x2C, 0x61, 0x01, 0xA2, 0xF0, 0x12, 0xDD, 0xEB, 0x7D, 0xB0, 0x34, 0x16, 0x74,
    0x53, 0x8D, 0xC4, 0x87, 0x45, 0x00, 0x44, 0x5E, 0x53, 0xD5, 0xBF, 0x0B, 0x13, 0x24, 0x0F, 0xF5,
    0x11, 0xBA, 0x6E, 0x3C, 0x80, 0x47, 0x00, 0x11, 0xF5, 0xBA, 0x1D, 0xE5, 0x8C, 0x20, 0x01, 0x87,
    0x03, 0x80, 0x47, 0x00, 0x45, 0xBF, 0x53, 0xA6, 0xD5, 0xA8, 0x09, 0x1A, 0x1E, 0xC0, 0x80, 0x47,
    0x00, 0x33, 0x0C, 0x24, 0x1F, 0x1C, 0x36, 0x35, 0x8A, 0xA7, 0x40, 0x74, 0x27, 0x80, 0x81, 0x47,
    0x00, 0x12, 0x5C, 0xF9, 0x53, 0xFE, 0x6D, 0xCB, 0x41, 0x11, 0xC0, 0x9E, 0x06, 0x87, 0x4B, 0x00,
    0x06, 0xFF, 0xC7, 0x92, 0xEA, 0xED, 0xE0, 0x00, 0x35, 0xA9, 0xC6, 0xA2, 0x3D, 0x66, 0x15, 0x61,
    0x73, 0x67, 0x34, 0x9D, 0xA6, 0xC1, 0xCE, 0xD8, 0x87, 0x4B, 0x00, 0x11, 0x12, 0x43, 0x52, 0x30,
    0x0B, 0x19, 0xC8, 0x45, 0xC0, 0x88, 0xAD, 0x00, 0x69, 0x66, 0x8F, 0x50, 0xAF, 0x40, 0x7C, 0x32,
    0xCF, 0x60, 0x80, 0x51, 0x00, 0x73, 0xB2, 0x93, 0xF8, 0x95, 0xC9, 0xB2, 0x64, 0x87, 0xE6, 0x69,
    0x79, 0x39, 0xF7, 0xA9, 0x1E, 0x84, 0x5C, 0x83, 0x84, 0x48, 0xA2, 0xE8, 0xF9, 0xED, 0x1E, 0x3F,
    0x25, 0x32, 0x1C, 0x25, 0xB6, 0x3B, 0x81, 0x50, 0x00, 0x2C, 0xA5, 0xB3, 0x62, 0x79, 0x8F, 0xDF,
    0xE3, 0xA4, 0x96, 0x1A, 0xBF, 0x63, 0x50, 0x80, 0x51, 0x00, 0x11, 0xF7, 0xB3, 0x60, 0x02, 0xDE,
    0x55, 0xD2, 0x49, 0xD2, 0xE0, 0x80, 0x51, 0x00, 0x4E, 0x56, 0x84, 0xBE, 0xFE, 0x72, 0xD1, 0x39,
    0x7B, 0xA0, 0x80, 0x51, 0x00, 0x31, 0x6F, 0x34, 0xDE, 0xBE, 0x2E, 0x9A, 0x7E, 0x18, 0xDE, 0x0B,
    0x12, 0xC0, 0x81, 0x51, 0x00, 0x1D, 0x03, 0x1A, 0xD6, 0xE0, 0xE7, 0x5D, 0xD0, 0xFC, 0x21, 0xDA,
    0xD9, 0xAC, 0x61, 0x34, 0x81, 0x51, 0x00, 0x11, 0x7D, 0xC3, 0x1B, 0x50, 0x36, 0x02, 0xC0, 0x4F,
    0xD1, 0x51, 0x9E, 0x87, 0x1F, 0x00, 0x28, 0x90, 0xDE, 0x18, 0x4C, 0x80, 0xB7, 0xF7, 0x49, 0x24,
    0x50, 0x40, 0x86, 0x51, 0x00, 0x50, 0x01, 0x13, 0xE2, 0x08, 0xD4, 0x30, 0x52, 0x8D, 0x05, 0xD9,
    0xC1, 0x4F, 0x55, 0xF5, 0x26, 0xB6, 0x80, 0x80, 0x57, 0x00, 0x22, 0x6B, 0x23, 0x82, 0xC7, 0x61,
    0x0E, 0x39, 0xC4, 0x28, 0x80, 0x57, 0x00, 0x52, 0xE2, 0xD7, 0xA4, 0x24, 0xB4, 0xCB, 0xD7, 0x2C,
    0x80, 0x80, 0x57, 0x00, 0x41, 0x46, 0xAF, 0x31, 0xDB, 0x91, 0xD2, 0xC6, 0xAC, 0xBD, 0x69, 0x7B,
    0x81, 0x57, 0x00, 0x1E, 0xD5, 0x99, 0x55, 0xFA, 0x5F, 0xF4, 0xA5, 0x96, 0x39, 0xA6, 0xF2, 0x80,
    0x5B, 0x00, 0x51, 0xA6, 0xD9, 0xD6, 0x2F, 0xE3, 0xE1, 0x69, 0x5A, 0x09, 0x6C, 0x93, 0xE8, 0x80,
    0x52, 0x00, 0x6F, 0xA6, 0x03, 0x83, 0x20, 0xEE, 0x76, 0xFB, 0xE6, 0xA2, 0x41, 0x04, 0x80, 0x81,
    0x5B, 0x00, 0x20, 0xF7, 0x2C, 0x48, 0x32, 0x09, 0x7E, 0xB0, 0xD4, 0xFE, 0x84, 0x71, 0x08, 0x84,
    0xAA, 0x40, 0x83, 0x23, 0x00, 0x1E, 0x1A, 0x17, 0xDC, 0x9C, 0xE3, 0xC6, 0xC6, 0xF0, 0x2B, 0x8E,
    0xA4, 0x83, 0x43, 0x00, 0x0F, 0x71, 0x7C, 0x11, 0x7B, 0xD2, 0xE7, 0xD6, 0x78, 0xEF, 0x54, 0x88,
    0x81, 0x00, 0x32, 0x6E, 0xC0, 0x37, 0xD8, 0x87, 0x61, 0xC0, 0xDF, 0x58, 0xC8, 0x13, 0x15, 0x60,
    0x16, 0x88, 0xA2, 0x00, 0x12, 0xEE, 0xBA, 0x02, 0x08, 0x70, 0x8E, 0xF0, 0xCF, 0xDA, 0xF9, 0xCE,
    0xC6, 0x15, 0x80, 0x87, 0x23, 0x00, 0x86, 0x46, 0xC4, 0x49, 0x46, 0xDE, 0x9B, 0x3E, 0xA8, 0x85,
    0x51, 0x10, 0x10, 0xDE, 0x24, 0x69, 0x1C, 0x65, 0x87, 0x43, 0x00, 0x62, 0x62, 0xA8, 0x08, 0x73,
    0x5B, 0x6C, 0x30, 0xA6, 0x60, 0xA2, 0x7D, 0x14, 0xF5, 0xD3, 0xE0, 0x81, 0x25, 0x00, 0x5E, 0x3B,
    0x14, 0x0E, 0x5D, 0xE3, 0xCA, 0xB6, 0xAF, 0x30, 0x80, 0x45, 0x00, 0x43, 0xA5, 0x38, 0x86, 0x51,
    0x6E, 0xE1, 0x3C, 0x74, 0x81, 0x25, 0x00, 0x50, 0x51, 0xDB, 0xDE, 0xFE, 0x33, 0x76, 0x8D, 0x05,
    0x5F, 0x03, 0xB9, 0x80, 0x45, 0x00, 0x31, 0x2F, 0xA4, 0x26, 0xF0, 0x26, 0x0D, 0x22, 0x94, 0xA7,
    0x04, 0xD3, 0x81, 0x25, 0x00, 0x93, 0x13, 0x77, 0x5B, 0x57, 0x82, 0xAB, 0xE0, 0x3E, 0x80, 0x45,
    0x00, 0x79, 0x6F, 0x01, 0xB6, 0x59, 0x6D, 0xDB, 0x05, 0xAC, 0x87, 0xC7, 0x00, 0x2A, 0x51, 0xFE,
    0x44, 0x7A, 0x8D, 0xB3, 0x8E, 0x44, 0xA8, 0xE0, 0x2A, 0x18, 0x70, 0x87, 0xC8, 0x00, 0x13, 0x68,
    0x56, 0x26, 0xFD, 0xF4, 0x0A, 0x58, 0x1A, 0xD1, 0x39, 0x05, 0x80, 0x80, 0x26, 0x00, 0x23, 0x21,
    0x65, 0xEE, 0x29, 0xA6, 0xA3, 0x55, 0xC6, 0x4D, 0xBB, 0xC3, 0xA0, 0x00, 0x9B, 0x15, 0xC3, 0x71,
    0xA6, 0xEF, 0xE1, 0x91, 0xC9, 0x19, 0xB4, 0x6D, 0x28, 0x58, 0x63, 0x62, 0x39, 0x26, 0xEC, 0x3A,
    0x18, 0xF3, 0x4C, 0xE5, 0x0D, 0x68, 0x17, 0x17, 0x0E, 0xD3, 0xF1, 0x5D, 0x60, 0x8E, 0x1F, 0x87,
    0x91, 0x00, 0x46, 0xFE, 0x4B, 0x89, 0x98, 0x1A, 0x8C, 0x80, 0x87, 0x46, 0x00, 0x8D, 0xF8, 0x5A,
    0xAC, 0xA8, 0x96, 0xB0, 0xF4, 0x20, 0x94, 0x70, 0xDB, 0x97, 0x0C, 0x7F, 0x5C, 0x46, 0x63, 0xF9,
    0x4C, 0x30, 0xA0, 0x83, 0x27, 0x00, 0x14, 0x7E, 0x38, 0x04, 0xEA, 0x80, 0xBF, 0x0A, 0x84, 0x83,
    0x47, 0x00, 0x0F, 0x52, 0xE4, 0x2E, 0x4C, 0x2E, 0xF0, 0x62, 0xF8, 0x80, 0x81, 0x27, 0x00, 0x1C,
    0xC0, 0xF2, 0xFD, 0x20, 0x8F, 0xF2, 0xFD, 0x26, 0xD5, 0x3D, 0x40, 0x81, 0x47, 0x00, 0x12, 0x76,
    0x01, 0x99, 0x5A, 0x9E, 0xB8, 0x6F, 0x11, 0x7F, 0x4E, 0x37, 0xA0, 0x88, 0x89, 0x00, 0xF5, 0xE1,
    0xEF, 0xCE, 0x6B, 0x32, 0x9D, 0x82, 0x80, 0x47, 0x00, 0x78, 0x92, 0x90, 0x56, 0xA1, 0x9B, 0x92,
    0xED, 0x9D, 0x87, 0x27, 0x00, 0x5E, 0xAE, 0x19, 0x58, 0x0B, 0x5B, 0xC1, 0x39, 0x58, 0x5F, 0xCC,
    0x98, 0xE5, 0x81, 0x88, 0x80, 0x87, 0x47, 0x00, 0x53, 0xFC, 0xD8, 0xA5, 0xA3, 0xF2, 0x45, 0xEF,
    0x10, 0x4F, 0xE0, 0xF7, 0x65, 0x60, 0x87, 0x8A, 0x00, 0x1F, 0x25, 0x27, 0x49, 0x01, 0x8A, 0x0D,
    0xDD, 0x1D, 0x78, 0x8C, 0x70, 0x87, 0xAA, 0x00, 0x13, 0x6A, 0xFF, 0x0B, 0x13, 0xB8, 0x22, 0x2F,
    0x8B, 0x34, 0x07, 0x4A, 0x81, 0x29, 0x00, 0x49, 0x1A, 0xC1, 0x6A, 0xEE, 0xDA, 0xAD, 0x1F, 0x09,
    0x85, 0xA9, 0x57, 0xBC, 0x25, 0x70, 0x81, 0x49, 0x00, 0x31, 0x2D, 0x48, 0xC3, 0x2F, 0x4D, 0x0B,
    0x4E, 0xE0, 0x2D, 0x2F, 0x97, 0xF4, 0x16, 0x26, 0x38, 0x70, 0x82, 0x29, 0x00, 0x2C, 0x4D, 0xD1,
    0x08, 0x7B, 0xDC, 0x8D, 0xD6, 0x41, 0x88, 0x86, 0xA1, 0xA9, 0x58, 0x4F, 0xA0, 0x82, 0x49, 0x00,
    0x12, 0x74, 0x3C, 0x3A, 0x43, 0x12, 0x43, 0x89, 0x74, 0x3E, 0x69, 0x46, 0x2A, 0xE8, 0xDD, 0x08,
    0x70, 0x08, 0x81, 0x29, 0x00, 0xA3, 0xAC, 0xDB, 0x88, 0xA8, 0xB1, 0x4D, 0xC2, 0xD5, 0xAF, 0x45,
    0x81, 0x49, 0x00, 0x88, 0x98, 0x4B, 0x5B, 0xFF, 0xAD, 0x5F, 0x4F, 0x4C, 0x74, 0xA3, 0x4E, 0xE1,
    0x87, 0x29, 0x00, 0x93, 0x12, 0x06, 0xD6, 0x9F, 0xE7, 0x4F, 0x30, 0x53, 0x95, 0x19, 0xA6, 0x48,
    0x81, 0x49, 0x00, 0x51, 0xE2, 0x15, 0xED, 0xBF, 0x7E, 0x34, 0x60, 0x36, 0xBF, 0x8B, 0x6E, 0xB6,
    0x79, 0x80, 0x2A, 0x00, 0x43, 0x58, 0x4C, 0xAE, 0x30, 0x7F, 0x56, 0x20, 0x5E, 0x0E, 0x03, 0x9B,
    0xC1, 0x21, 0xF0, 0x81, 0x4A, 0x00, 0x41, 0x46, 0xAF, 0x64, 0xDA, 0x4F, 0x92, 0x0F, 0x2E, 0xC6,
    0x5A, 0xF5, 0x80, 0x87, 0x2A, 0x00, 0x62, 0xE3, 0x29, 0xF8, 0x2C, 0x15, 0x0C, 0xC3, 0x52, 0x84,
    0x55, 0x8E, 0xB0, 0x68, 0xBE, 0x87, 0x4A, 0x00, 0xAA, 0x1E, 0x63, 0xEA, 0x7F, 0x66, 0xED, 0xCC,
    0xE4, 0x5E, 0xCD, 0xB7, 0xA6, 0x32, 0x39, 0xDF, 0x9B, 0xB8, 0x00, 0x0D, 0xC0, 0xBC, 0x33, 0x03,
    0xB2, 0x81, 0xE0, 0xB8, 0x45, 0x01, 0x4E, 0xF3, 0xDD, 0xD9, 0x57, 0xB5, 0xE2, 0x55, 0x16, 0x97,
    0xEC, 0x00, 0x0D, 0xC0, 0xBC, 0x24, 0x39, 0xD8, 0xBB, 0xB8, 0x65, 0x72, 0x76, 0x4E, 0xD7, 0x41,
    0x3E, 0x1B, 0x47, 0x85, 0x69, 0x8C, 0xA0, 0x83, 0x2B, 0x00, 0x00, 0x3C, 0xC1, 0xDE, 0x04, 0x0C,
    0x8A, 0xAD, 0x00, 0x00, 0x28, 0x72, 0xA6, 0x03, 0x39, 0xA0, 0x81, 0x2B, 0x00, 0x04, 0x59, 0xFA,
    0xD9, 0x7C, 0xD1, 0x32, 0x8F, 0x34, 0x40, 0x88, 0x4B, 0x00, 0x04, 0x8E, 0x4B, 0xE1, 0x9C, 0x3D,
    0xF3, 0x25, 0x9D, 0xFC, 0x87, 0x2B, 0x00, 0x6C, 0x7F, 0xA6, 0x23, 0xB7, 0x09, 0x26, 0x6D, 0xB2,
    0x2B, 0xCE, 0x87, 0x4B, 0x00, 0x78, 0x52, 0x80, 0x4E, 0x6C, 0x49, 0x45, 0xDC, 0x79, 0x83, 0x22,
    0x51, 0x4F, 0x80, 0xEF, 0x00, 0x51, 0x73, 0xF7, 0x5C, 0x09, 0x2D, 0x80, 0x8E, 0xF0, 0x00, 0x8A,
    0xA1, 0x80, 0x00, 0x00, 0xB3, 0xA3, 0x7A, 0x94, 0x9B, 0x5E, 0x0B, 0x99, 0xBE, 0x22, 0xAB, 0xD6,
    0x62, 0xDA, 0x0C, 0x11, 0xA1, 0xD7, 0x0A, 0x45, 0xEA, 0x40, 0x52, 0x87, 0x04, 0x31, 0x40, 0x00,
    0x75, 0xAD, 0xD3, 0xF6, 0xE6, 0x36, 0x36, 0x0D, 0x35, 0xAC, 0xBC, 0x0C, 0xA6, 0xD9, 0x87, 0xA0,
    0xB1, 0x32, 0x75, 0xE4, 0xB4, 0x29, 0x05, 0xD6, 0xDC, 0x57, 0x80, 0x11, 0x57, 0xB6, 0xBC, 0x61,
    0x80, 0x2C, 0x00, 0x2D, 0x2A, 0x43, 0x58, 0xE1, 0x58, 0x93, 0x40, 0x73, 0xA8, 0xB0, 0x00, 0x23,
    0xC5, 0x23, 0x98, 0xB2, 0x00, 0xCE, 0x9C, 0xD4, 0xE1, 0x31, 0x97, 0x4B, 0xEE, 0x20, 0x2F, 0x57,
    0x68, 0x87, 0x2D, 0x00, 0x66, 0x86, 0xE0, 0x00, 0xED, 0xCA, 0xC9, 0xA8, 0x18, 0xEA, 0x70, 0x1A,
    0x90, 0x86, 0x87, 0x4D, 0x00, 0xAA, 0x22, 0x06, 0x6C, 0xBD, 0x17, 0x8E, 0x7A, 0xA8, 0xED, 0xB5,
    0x03, 0x43, 0xA6, 0x8E, 0x4D, 0x00, 0x03, 0x2A, 0xBB, 0xD2, 0x84, 0x45, 0x22, 0x94, 0xC6, 0xEC,
    0x20, 0x80, 0x2E, 0x00, 0x31, 0x8F, 0xC7, 0xA2, 0x67, 0xF8, 0x5E, 0x88, 0x81, 0x4E, 0x00, 0x37,
    0x58, 0x44, 0xFD, 0xF9, 0x06, 0x54, 0x87, 0x2E, 0x00, 0x74, 0xEF, 0x1C, 0x90, 0x51, 0xA9, 0xA1,
    0x6B, 0x90, 0x87, 0x4E, 0x00, 0x7F, 0xE0, 0x45, 0xC1, 0x29, 0xBA, 0x5F, 0x58, 0x87, 0x2E, 0x00,
    0x5A, 0x84, 0x5D, 0xAB, 0x1D, 0x44, 0x9E, 0xDA, 0x00, 0x54, 0x59, 0xA4, 0xFA, 0x84, 0xFA, 0xD4,
    0x43, 0x84, 0x50, 0x30, 0xD7, 0x9B, 0xF0, 0x3E, 0xAB, 0x87, 0x2E, 0x00, 0x74, 0xEE, 0x13, 0x39,
    0x10, 0x78, 0x0A, 0x30, 0x00, 0x57, 0x05, 0xB7, 0x10, 0xEB, 0xD6, 0x61, 0xEE, 0x01, 0x54, 0x7B,
    0xFA, 0x6B, 0xCE, 0x94, 0x80, 0x87, 0x2E, 0x00, 0x74, 0xED, 0xC1, 0x10, 0x15, 0x58, 0x36, 0x7C,
    0xF8, 0xD0, 0xDB, 0xEC, 0x00, 0x4F, 0x05, 0x45, 0xA4, 0x66, 0xCA, 0x74, 0x3D, 0x16, 0x7C, 0x1F,
    0x04, 0xC8, 0xA5, 0x1A, 0x0D, 0x2A, 0xBF, 0xBC, 0x05, 0xDB, 0x68, 0x80, 0x30, 0x00, 0x5F, 0xBE,
    0x84, 0x93, 0x4C, 0xEE, 0xC1, 0x94, 0xD4, 0x84, 0x0C, 0x38, 0xF8, 0x80, 0x50, 0x00, 0x5A, 0x70,
    0x88, 0xBE, 0xC9, 0x3C, 0xB8, 0xE4, 0xD4, 0x28, 0x87, 0x30, 0x00, 0x5A, 0xBD, 0x5A, 0x47, 0xFF,
    0xF8, 0xD4, 0x55, 0x89, 0x7F, 0x0E, 0x91, 0x04, 0xE7, 0xF3, 0x87, 0x50, 0x00, 0x79, 0x81, 0x90,
    0x06, 0x2A, 0x88, 0xD1, 0x1A, 0x22, 0x4D, 0x09, 0x8F, 0x80, 0x80, 0x30, 0x00, 0x32, 0x41, 0x94,
    0xF9, 0x8A, 0x5B, 0xAF, 0xBB, 0xEE, 0x42, 0xCB, 0x49, 0x5A, 0x5C, 0xE2, 0xE0, 0x80, 0x50, 0x00,
    0x2E, 0x25, 0x22, 0xFC, 0x37, 0x11, 0x5C, 0xE8, 0xB9, 0x3A, 0xD0, 0x32, 0xE0, 0x00, 0x08, 0xE2,
    0x90, 0xF8, 0x9C, 0x27, 0x05, 0xCA, 0x24, 0x1A, 0x93, 0x6E, 0x02, 0xD7, 0x47, 0xA3, 0xFF, 0x87,
    0x13, 0x66, 0xF2, 0xE3, 0x11, 0x00, 0x56, 0xC1, 0x52, 0xE6, 0xE3, 0x20, 0xEF, 0xB0, 0x3A, 0x64,
    0x87, 0x30, 0x00, 0x5A, 0xBD, 0x5A, 0x47, 0x50, 0xD2, 0x7C, 0x11, 0x9E, 0xD8, 0x9B, 0x8D, 0x41,
    0xAB, 0xFB, 0x15, 0x4E, 0x35, 0x90, 0x94, 0xBB, 0x25, 0xE0, 0x8E, 0xF4, 0x00, 0x70, 0x7C, 0x17,
    0x1D, 0x57, 0xAA, 0xB9, 0x15, 0x26, 0xA6, 0x79, 0x3C, 0x37, 0x0F, 0x45, 0xFB, 0x50, 0xAC, 0x54,
    0xFF, 0x36, 0x85, 0x92, 0x80, 0x84, 0x31, 0x00, 0x19, 0x97, 0x3C, 0x23, 0x65, 0x58, 0xD5, 0x04,
    0x5E, 0x55, 0x83, 0x51, 0x00, 0x0F, 0x51, 0x1E, 0xB8, 0x0D, 0xBF, 0xAD, 0x5C, 0xC8, 0x60, 0x82,
    0x31, 0x00, 0x2E, 0x1E, 0x8E, 0xB9, 0x90, 0x49, 0xF8, 0xF8, 0x6A, 0x73, 0x3D, 0x6E, 0xDC, 0xE8,
    0x87, 0xB7, 0x00, 0x9F, 0x3D, 0x22, 0xAC, 0x17, 0x80, 0xA1, 0x68, 0xE7, 0x99, 0x32, 0xC5, 0x81,
    0x31, 0x00, 0x3E, 0xC4, 0x1E, 0x3F, 0xFF, 0xD7, 0x72, 0xBB, 0xD1, 0xD2, 0x16, 0x84, 0x42, 0xB2,
    0x80, 0x51, 0x00, 0x32, 0xA0, 0xE1, 0x58, 0x32, 0x68, 0x25, 0x08, 0xA7, 0x82, 0x1E, 0x43, 0xB8,
    0xC4, 0x00, 0xA0, 0x8B, 0x8A, 0x43, 0x90, 0xE2, 0x30, 0x46, 0x9B, 0x9B, 0x47, 0x24, 0xDD, 0x24,
    0x99, 0x39, 0xE9, 0xD8, 0x53, 0x9C, 0x96, 0xDF, 0x7B, 0x81, 0x4A, 0xD4, 0x86, 0xFF, 0xEF, 0xA9,
    0xF0, 0xE6, 0x5C, 0x76, 0x50, 0x9E, 0x27, 0x8A, 0x23, 0xA3, 0x89, 0xC0, 0x00, 0x14, 0x9E, 0xDD,
    0x52, 0xF4, 0xFE, 0x12, 0x52, 0xFA, 0x06, 0x90, 0x73, 0x1D, 0xA5, 0x8F, 0x66, 0xFE, 0xA1, 0x67,
    0xA0, 0x19, 0x73, 0x47, 0xBF, 0xAF, 0x5F, 0x9A, 0x5E, 0xA2, 0xA6, 0x78, 0xCE, 0x63, 0xBD, 0x85,
    0x44, 0xA3, 0xCB, 0x39, 0x57, 0x80, 0x80, 0x34, 0x00, 0x49, 0x64, 0xC9, 0x79, 0x57, 0xA6, 0xD4,
    0x23, 0x00, 0x34, 0x80, 0x54, 0x00, 0x44, 0xEC, 0x7A, 0x33, 0x45, 0xAD, 0x7C, 0xF8, 0x7A, 0x80,
    0x87, 0x34, 0x00, 0x4B, 0xCE, 0x7F, 0x4A, 0xD2, 0x0D, 0xBF, 0x36, 0x89, 0x36, 0x8C, 0x54, 0x9A,
    0x80, 0x87, 0x54, 0x00, 0x76, 0x74, 0x07, 0xC6, 0x76, 0x38, 0xA9, 0x0C, 0x46, 0x9F, 0x30, 0xB8,
    0x87, 0x15, 0x01, 0x18, 0x0C, 0x86, 0x43, 0xA9, 0x34, 0x5E, 0x6E, 0xA0, 0xDF, 0x02, 0x15, 0xFA,
    0x87, 0x16, 0x01, 0x0E, 0xB1, 0xC3, 0x33, 0xA2, 0xE3, 0x4E, 0x67, 0x1D, 0x66, 0x0A, 0xFD, 0x26,
    0x80, 0x81, 0x35, 0x00, 0x44, 0xEC, 0x7A, 0x55, 0x8B, 0xB2, 0xAB, 0x8B, 0x30, 0xAE, 0x1D, 0x80,
    0x55, 0x00, 0x3F, 0xD7, 0x25, 0xD7, 0x50, 0xF5, 0x35, 0x17, 0xCF, 0x0B, 0x80, 0x81, 0x35, 0x00,
    0x33, 0x0F, 0x86, 0x52, 0x53, 0x81, 0xF3, 0x92, 0xB5, 0x6F, 0x7B, 0xDE, 0x3A, 0x3F, 0xC0, 0x80,
    0x55, 0x00, 0x2E, 0xD4, 0xB0, 0x41, 0xF6, 0xD2, 0x95, 0x95, 0xFD, 0x70, 0x57, 0x89, 0xA0, 0x87,
    0x35, 0x00, 0x94, 0xB8, 0xA6, 0x3B, 0x21, 0xB8, 0x24, 0xE1, 0xC0, 0x93, 0xB6, 0x4D, 0xAC, 0x37,
    0x21, 0x41, 0x87, 0x55, 0x00, 0x42, 0xBE, 0x70, 0xD4, 0x0E, 0x66, 0xAB, 0xE2, 0x17, 0x27, 0xD3,
    0x20, 0xCF, 0x86, 0x81, 0x35, 0x00, 0x13, 0x3F, 0x8A, 0x3D, 0x78, 0x26, 0xF1, 0xD3, 0x6F, 0xDD,
    0x94, 0xE8, 0xB4, 0x51, 0x50, 0x87, 0x1C, 0x01, 0x0E, 0xAE, 0x86, 0x90, 0xF2, 0xE1, 0x12, 0x41,
    0x83, 0xB7, 0x00, 0x5A, 0x4A, 0x87, 0x36, 0x00, 0x5B, 0x19, 0x09, 0x8F, 0xF9, 0x39, 0xC4, 0x90,
    0x2F, 0xDC, 0xB2, 0xB2, 0x46, 0x2F, 0x11, 0x81, 0xC3, 0x40, 0x87, 0x56, 0x00, 0x97, 0x06, 0x0B,
    0x6F, 0x94, 0xD6, 0x27, 0x95, 0x12, 0xC4, 0xAF, 0xB3, 0x40, 0x80, 0x23, 0x01, 0x23, 0x21, 0xA6,
    0x97, 0x97, 0xC1, 0x1E, 0x0B, 0x86, 0x05, 0x93, 0x43, 0x00, 0x84, 0xD4, 0xB6, 0xF8, 0x99, 0xE8,
    0x2B, 0xD0, 0x35, 0xDF, 0x51, 0xE5, 0x20, 0x0C, 0x1E, 0x41, 0xB9, 0x0F, 0x8B, 0x9C, 0x87, 0x23,
    0x01, 0x5B, 0x19, 0x09, 0x8F, 0xC8, 0xE0, 0xCD, 0xC5, 0xA9, 0x0C, 0xD1, 0x5F, 0xD6, 0x87, 0x56,
    0x00, 0x97, 0x05, 0xE9, 0x6A, 0x27, 0x8E, 0x21, 0x5B, 0x32, 0xAA, 0x3A, 0x88, 0x9A, 0x00, 0x73,
    0x4E, 0x67, 0x5F, 0x8B, 0xA4, 0xFF, 0xE5, 0xDF, 0x87, 0x41, 0xFB, 0x11, 0x6E, 0xFB, 0x01, 0x88,
    0xBA, 0x00, 0x6A, 0x99, 0x41, 0x5C, 0xE3, 0x6B, 0xD7, 0x07, 0x7A, 0x14, 0xC1, 0xB7, 0x80, 0x58,
    0x80, 0x83, 0x37, 0x00, 0x29, 0xDA, 0x12, 0x14, 0x3A, 0x80, 0xB7, 0x2C, 0x5E, 0x57, 0x83, 0x57,
    0x00, 0x19, 0xD6, 0xEB, 0xC8, 0xC8, 0x15, 0x3B, 0x8B, 0x3F, 0x81, 0x37, 0x00, 0x32, 0x3A, 0x78,
    0xA9, 0xEC, 0x59, 0xB7, 0xE5, 0x77, 0xBE, 0xC7, 0xC2, 0x80, 0x41, 0x60, 0x88, 0xBB, 0x00, 0x22,
    0x5B, 0x4F, 0xD2, 0x57, 0x36, 0x18, 0x78, 0x26, 0x8C, 0xF5, 0x5F, 0x40, 0x83, 0x2B, 0x01, 0x41,
    0xA5, 0x1D, 0x3E, 0xBF, 0xE9, 0xF4, 0x25, 0x38, 0xED, 0x29, 0xE4, 0x41, 0xB8, 0x6D, 0x75, 0x8B,
    0x38, 0x83, 0x2C, 0x01, 0x33, 0x91, 0x89, 0x49, 0x5E, 0x45, 0xE3, 0x57, 0x1E, 0x9A, 0xCF, 0x77,
    0x17, 0xD0, 0x9E, 0xC4, 0x40, 0x87, 0x9C, 0x00, 0x3F, 0x16, 0x85, 0x2E, 0x8E, 0x1B, 0x02, 0xAF,
    0x72, 0x4C, 0xB3, 0xFB, 0x17, 0x85, 0x95, 0x80, 0x87, 0xBC, 0x00, 0x31, 0x25, 0x5B, 0xC8, 0x3D,
    0xEA, 0x9E, 0xEF, 0xEA, 0xCE, 0x3D, 0x5C, 0x9B, 0xC0, 0x00, 0x00, 0xCD, 0xEB, 0x8D, 0xD7, 0x2E,
    0x15, 0xE5, 0xAC, 0xDB, 0x41, 0xEF, 0xA3, 0x00, 0x62, 0x8A, 0x90, 0x77, 0xF0, 0xE3, 0x92, 0x35,
    0x9A, 0xD7, 0x69, 0xB2, 0xD6, 0xB2, 0x9F, 0x12, 0xAE, 0x46, 0xD6, 0x4A, 0x87, 0x57, 0x00, 0x81,
    0xA6, 0x91, 0x6E, 0x27, 0x39, 0x2F, 0x47, 0x59, 0xB5, 0x44, 0x6A, 0x08, 0x20, 0x80, 0x39, 0x00,
    0x6D, 0xDE, 0x77, 0x4E, 0x6B, 0x50, 0xA2, 0x99, 0x19, 0xBA, 0x51, 0x34, 0x5D, 0x83, 0xB5, 0x7F,
    0xA1, 0xBE, 0x7F, 0xAF, 0x45, 0xA9, 0x80, 0x59, 0x00, 0x5A, 0xC2, 0x27, 0x73, 0x20, 0x13, 0x53,
    0xDC, 0xFC, 0x91, 0x78, 0x8A, 0x9B, 0xE7, 0x1E, 0x57, 0x5F, 0x7B, 0x48, 0x80, 0x3B, 0x00, 0x4A,
    0xDE, 0x00, 0x12, 0xF5, 0xCB, 0x89, 0x88, 0x30, 0x77, 0x3E, 0xB3, 0x17, 0x80, 0xA7, 0xE0, 0x80,
    0x5B, 0x00, 0x35, 0xDC, 0xE6, 0x8E, 0xFD, 0x0E, 0x43, 0x64, 0x26, 0x48, 0xE4, 0x30, 0x17, 0x6C,
    0x47, 0x80, 0x81, 0x3B, 0x00, 0x2A, 0x10, 0xB1, 0x0A, 0x0B, 0x0A, 0xD3, 0x4D, 0x06, 0x0F, 0x34,
    0x1A, 0x9E, 0x1A, 0x00, 0xC0, 0x80, 0x3C, 0x00, 0x50, 0x5F, 0x1E, 0xAF, 0x12, 0x8C, 0x75, 0x03,
    0xEF, 0x5C, 0x44, 0x80, 0x5C, 0x00, 0x43, 0x76, 0xFE, 0x15, 0xEA, 0x5D, 0x5D, 0x93, 0x91, 0x80,
    0x80, 0x3C, 0x00, 0x87, 0x75, 0x37, 0x2E, 0xC5, 0x1C, 0xAD, 0xC5, 0x8B, 0x1E, 0xC0, 0x80, 0x5C,
    0x00, 0x72, 0x93, 0xDF, 0x6F, 0xA8, 0x25, 0x2F, 0x17, 0xE0, 0x80, 0x3C, 0x00, 0x1E, 0xB8, 0x47,
    0x20, 0x70, 0x8C, 0x68, 0x5E, 0xFB, 0x1F, 0x9F, 0xD0, 0x26, 0x80, 0x5C, 0x00, 0x13, 0x3D, 0x77,
    0x51, 0x9D, 0xAF, 0xE5, 0x64, 0x02, 0x82, 0x5C, 0xF2, 0x80, 0x00, 0x39, 0xB2, 0xFE, 0x38, 0x3B,
    0xC4, 0x0E, 0x4E, 0x8C, 0x2A, 0x03, 0x8A, 0xA4, 0x95, 0x00, 0x83, 0x5C, 0x6A, 0x58, 0xEF, 0x0A,
    0x85, 0x73, 0x7F, 0x95, 0x96, 0xF2, 0x82, 0x73, 0x8F, 0x0B, 0x79, 0x8C, 0x3F, 0xA4, 0xFC, 0xCF,
    0x19, 0x8D, 0xCF, 0x89, 0x4A, 0xF1, 0xBE, 0x7D, 0xE4, 0xB7, 0xF5, 0x5F, 0xD0, 0x37, 0xA0, 0x00,
    0x71, 0x99, 0x71, 0x51, 0x96, 0x20, 0xEE, 0xFE, 0x6C, 0x9E, 0x20, 0xF7, 0xA0, 0xFB, 0x22, 0xE2,
    0xDA, 0x8B, 0x1F, 0xB7, 0x40, 0x56, 0x3C, 0xFA, 0x08, 0x6F, 0x67, 0x17, 0x80, 0x00, 0x89, 0x95,
    0x00, 0x3E, 0x67, 0x0B, 0x71, 0x12, 0xF5, 0xA4, 0x57, 0xE3, 0x2C, 0x15, 0x7B, 0x71, 0xFD, 0xC1,
    0x46, 0xB5, 0x49, 0xC9, 0x35, 0x19, 0x52, 0xC2, 0xA0, 0xB3, 0x30, 0x69, 0x00, 0x7D, 0x38, 0x2C,
    0x3D, 0x79, 0x58, 0x04, 0x40, 0x8C, 0x02, 0xD4, 0xED, 0x07, 0xFB, 0x81, 0xB0, 0x29, 0x2A, 0xF8,
    0xA0, 0xFA, 0x57, 0xF2, 0x8B, 0x7D, 0x15, 0x88, 0x9C, 0xD6, 0x04, 0x00, 0xA3, 0x16, 0x81, 0x84,
    0x0F, 0x30, 0x8F, 0x92, 0x4D, 0x18, 0x3B, 0x88, 0x54, 0x39, 0x7E, 0x97, 0xCE, 0xDE, 0xE4, 0x30,
    0x74, 0x0F, 0x91, 0x86, 0xB5, 0x6A, 0xA6, 0x45, 0x0C, 0x1F, 0x2F, 0xCE, 0x7A, 0x98, 0x94, 0xFE,
    0xF4, 0xFA, 0x25, 0x45, 0x5A, 0xA0, 0xA8, 0x00, 0x2C, 0xF7, 0xB1, 0xF4, 0xB5, 0x4F, 0x1C, 0xE5,
    0x35, 0x01, 0x80, 0x12, 0x15, 0x6E, 0x77, 0xCE, 0xE8, 0x00, 0xA1, 0x38, 0xF8, 0x8D, 0x38, 0x0D,
    0xC8, 0x20, 0xA2, 0xFD, 0x38, 0xDC, 0x76, 0x6C, 0x91, 0xD1, 0x0A, 0xC0, 0xD0, 0x8E, 0xF0, 0xC4,
    0x33, 0xBA, 0xE3, 0x9A, 0x01, 0xF6, 0x7A, 0xEC, 0x4D, 0xE4, 0x1D, 0x81, 0xE7, 0x5A, 0x99, 0x7C,
    0x84, 0x3F, 0x35, 0x70, 0x5A, 0x3B, 0xAE, 0xB2, 0xF9, 0x0B, 0xCF, 0xC8, 0xBD, 0x15, 0xDC, 0x00,
    0x94, 0xEB, 0xED, 0xDE, 0x30, 0x3F, 0xDE, 0xA1, 0xAF, 0x26, 0xE2, 0x8C, 0xE0, 0xA4, 0xAE, 0xC0,
    0x29, 0x83, 0xDB, 0x57, 0xA5, 0x9E, 0x0B, 0x75, 0xCA, 0xF4, 0x64, 0x2A, 0x80, 0x94, 0x42, 0xA4,
    0x52, 0xEF, 0xE6, 0x92, 0x1D, 0xFC, 0x55, 0xDD, 0x70, 0x88, 0x75, 0x8A, 0x54, 0xF4, 0xBD, 0xAE,
    0x6F, 0x7D, 0x25, 0x56, 0x15, 0x44, 0xF1, 0xF3, 0xC6, 0x8C, 0x00, 0x00, 0xF3, 0x2F, 0x5D, 0x99,
    0x3B, 0x69, 0x72, 0x4F, 0xAC, 0x7A, 0x4C, 0x6C, 0x34, 0xCE, 0x09, 0x62, 0xB6, 0x8F, 0x68, 0x76,
    0x61, 0xF9, 0x0E, 0x02, 0x0F, 0x7E, 0xDA, 0x83, 0x00, 0xCB, 0x58, 0x8F, 0x87, 0x32, 0xEC, 0xBB,
    0x57, 0x24, 0xA8, 0xE6, 0x5F, 0x4E, 0xF7, 0x32, 0xEC, 0x7F, 0xF4, 0x46, 0x07, 0xAD, 0xBE, 0x08,
    0xB4, 0x3F, 0x55, 0xA5, 0xDC, 0xF4, 0x36, 0xA4, 0x78, 0x00, 0x6C, 0x69, 0x37, 0x4D, 0xB4, 0xC6,
    0xE3, 0x8C, 0xCD, 0xC8, 0x95, 0x7D, 0x6B, 0xCF, 0xE8, 0x5F, 0xFB, 0x1B, 0x1B, 0xCD, 0xC4, 0x07,
    0x1D, 0x00, 0x80, 0x28, 0x00, 0x02, 0x24, 0x2F, 0x48, 0xED, 0xD3, 0x16, 0x77, 0x73, 0xCB, 0x63,
    0x7C, 0x78, 0xE3, 0x51, 0xCE, 0x62, 0xAD, 0xAC, 0x5C, 0xEA, 0x42, 0x36, 0x85, 0x8E, 0x3B, 0xBC,
    0x68, 0x2A, 0x81, 0xE6, 0xBC, 0x4C, 0x68, 0x1D, 0xB9, 0x91, 0x91, 0x6B, 0xB1, 0x3A, 0xF6, 0xAE,
    0x08, 0xF3, 0x49, 0x41, 0xE0, 0x00, 0xD7, 0xE5, 0x31, 0x7F, 0xD6, 0xAC, 0xF5, 0xA7, 0xFE, 0x17,
    0x32, 0xD4, 0x0F, 0xDF, 0xE6, 0x0C, 0xBA, 0xA4, 0xD5, 0xE8, 0xB8, 0x9C, 0xD1, 0xA6, 0xBB, 0x40,
    0xB4, 0x5D, 0xFA, 0x23, 0xD5, 0x00, 0xE2, 0xA3, 0x08, 0x08, 0x19, 0xB3, 0x84, 0x89, 0xA9, 0xCC,
    0xAF, 0xF6, 0xFA, 0xC1, 0xB3, 0x27, 0x62, 0x07, 0x55, 0x00, 0xCE, 0x29, 0xF0, 0xC9, 0x9F, 0x28,
    0x21, 0xBD, 0xAA, 0xE1, 0x2D, 0x0F, 0xF8, 0x7B, 0xA3, 0x44, 0x07, 0x80, 0x15, 0x87, 0xA0, 0x5C,
    0x90, 0x3B, 0xBD, 0x44, 0x20, 0x61, 0xA9, 0xD3, 0x56, 0xE8, 0x36, 0xC5, 0xDA, 0x4D, 0x37, 0x16,
    0x58, 0x6D, 0x80, 0xC5, 0x00, 0x70, 0x2B, 0x2B, 0xA2, 0x23, 0x93, 0xAE, 0x9E, 0x4A, 0x66, 0xE9,
    0x93, 0xDA, 0x53, 0x20, 0x87, 0xA2, 0x00, 0x13, 0x6B, 0x1C, 0x86, 0xDF, 0xF9, 0x6D, 0x4B, 0x61,
    0xC5, 0x04, 0xAF, 0xBB, 0x06, 0x40, 0x87, 0x8E, 0x00, 0x04, 0xE6, 0x80, 0xB0, 0x4D, 0xCE, 0xBC,
    0xCF, 0x05, 0x10, 0x87, 0xAD, 0x00, 0x9F, 0x8A, 0x28, 0x8E, 0x68, 0x31, 0xA8, 0x8D, 0x3C, 0x87,
    0x93, 0x00, 0x81, 0x9E, 0x9D, 0xA0, 0xC6, 0x57, 0x2B, 0xAF, 0xCF, 0xC7, 0xCC, 0x6D, 0x7C, 0x87,
    0xB4, 0x00, 0x13, 0x73, 0x86, 0xFE, 0xDA, 0xC9, 0xC1, 0x9C, 0xC0, 0xD7, 0x1C, 0xA1, 0x20, 0x40,
    0x87, 0x9A, 0x00, 0x83, 0x9F, 0x5F, 0xF1, 0x13, 0x95, 0xC4, 0x5E, 0xBA, 0x85, 0x18, 0x39, 0xD7,
    0x57, 0x87, 0xBA, 0x00, 0x7A, 0x7B, 0x33, 0x9C, 0xB2, 0xCE, 0x7B, 0xA6, 0x03, 0xAA, 0x24, 0xF7,
    0x84, 0x9D, 0x00, 0x95, 0x75, 0x37, 0x39, 0xC6, 0xCC, 0x55, 0x43, 0x8F, 0xED, 0x84, 0x1B, 0xDD,
    0x53, 0xED, 0xC2, 0x4E, 0x44, 0x80, 0x85, 0xBB, 0x00, 0x19, 0xD5, 0x24, 0xC3, 0xE7, 0x8F, 0x23,
    0xD7, 0xE6, 0x65, 0x23, 0x68, 0x0A, 0x1D, 0xAD, 0x18, 0xA0, 0x81, 0x2B, 0x01, 0xAF, 0xD3, 0x92,
    0x5C, 0x38, 0xDD, 0xFC, 0x8B, 0x40, 0xFA, 0x6D, 0xC2, 0xB3, 0xD0, 0x95, 0xA5, 0x01, 0x56, 0x80,
    0x81, 0x2C, 0x01, 0x52, 0xE2, 0xC9, 0xAA, 0x6F, 0xF1, 0xE2, 0xE4, 0x56, 0x31, 0x85, 0x0F, 0xE9,
    0x63, 0x6F, 0xD4, 0xC2, 0xD2, 0x7C, 0x84, 0x9C, 0x00, 0x98, 0xEE, 0x75, 0x4D, 0x8C, 0x88, 0x73,
    0xD1, 0x34, 0xE0, 0x26, 0x52, 0xA8, 0x7C, 0x4A, 0x89, 0xB8, 0xBA, 0x68, 0x91, 0x83, 0x40, 0x83,
    0xBD, 0x00, 0x23, 0x21, 0x92, 0x1A, 0x24, 0x4C, 0x78, 0x64, 0x09, 0x07, 0x73, 0x41, 0xEE, 0x10,
    0x36, 0x44, 0x17, 0x53, 0x59, 0x4C, 0x3B, 0x35, 0xE5, 0xD0, 0x83, 0x2D, 0x01, 0x98, 0xC3, 0xC8,
    0x68, 0xB3, 0x01, 0x7D, 0xD9, 0xBA, 0x50, 0xFD, 0xC6, 0xB2, 0x61, 0x6F, 0x58, 0xA5, 0x74, 0x90,
    0x83, 0xBD, 0x00, 0x20, 0x7A, 0x0B, 0x83, 0x32, 0xE5, 0xD6, 0x10, 0xC3, 0xB7, 0x41, 0x6D, 0x18,
    0x88, 0x87, 0x5B, 0x0F, 0xC6, 0x00, 0x0F, 0xE6, 0x8C, 0x40, 0xFC, 0x8D, 0x2D, 0x19, 0xBE, 0xBA,
    0x26, 0x72, 0xB6, 0xA1, 0xC4, 0x31, 0xD9, 0x78, 0x6E, 0x58, 0x16, 0xF5, 0x90, 0x84, 0x85, 0x00,
    0x8F, 0xDC, 0xDC, 0x92, 0x1D, 0x97, 0xD8, 0x14, 0xC6, 0xA4, 0x73, 0xDC, 0x04, 0x19, 0xFE, 0xA8,
    0x05, 0x19, 0xDC, 0x80, 0x84, 0xA5, 0x00, 0x0F, 0x70, 0x55, 0x5F, 0xCF, 0x50, 0x8A, 0x0C, 0x96,
    0x56, 0xDE, 0xCE, 0xA9, 0xD4, 0xF7, 0x0D, 0x7D, 0x1E, 0x85, 0x84, 0x00, 0x1E, 0x1A, 0x6A, 0x68,
    0xB0, 0xC5, 0x70, 0x01, 0x9D, 0x43, 0x33, 0xA1, 0xF5, 0xA2, 0x99, 0x80, 0x85, 0xA1, 0x00, 0x0F,
    0x70, 0xB8, 0x7F, 0x21, 0xAD, 0xAD, 0x33, 0xA2, 0x3D, 0xF1, 0xF4, 0xDC, 0x26, 0xB4, 0x83, 0x87,
    0x00, 0x4B, 0xDE, 0xAC, 0xAB, 0xBF, 0xF1, 0x18, 0xFF, 0x4A, 0xDF, 0x52, 0xC2, 0xEE, 0x9B, 0x7E,
    0x40, 0x83, 0xA7, 0x00, 0x29, 0x62, 0x23, 0xCE, 0xAB, 0x6D, 0x94, 0x01, 0x05, 0x12, 0x1A, 0x3F,
    0xAF, 0xFC, 0xD5, 0x40, 0x87, 0x29, 0x00, 0x93, 0x12, 0x8F, 0x86, 0x70, 0x0D, 0xAC, 0x68, 0x43,
    0x6A, 0x1D, 0x07, 0x0F, 0x80, 0x00, 0x60, 0x6D, 0xF4, 0x2D, 0xEB, 0xED, 0x02, 0x9D, 0x31, 0xB3,
    0x56, 0x4C, 0x6A, 0xE0, 0xD5, 0x70, 0x95, 0x97, 0xC8, 0x6D, 0x7D, 0x04, 0x81, 0xF6, 0x8B, 0x21,
    0xCC, 0x85, 0xFA, 0x5F, 0xB3, 0x1C, 0x17, 0x71, 0x18, 0x52, 0x3F, 0x96, 0x11, 0x55, 0xDA, 0x92,
    0xA8, 0x81, 0x29, 0x00, 0x2E, 0x2C, 0x32, 0x8C, 0xEE, 0x7B, 0xB9, 0xD2, 0x5A, 0xE3, 0xB9, 0xE8,
    0x98, 0x6D, 0x06, 0xD8, 0x87, 0xE4, 0x00, 0x13, 0x56, 0xD9, 0x37, 0x51, 0x67, 0xC3, 0x77, 0xA7,
    0xEC, 0x1B, 0xDC, 0xB0, 0x34, 0x91, 0x2F, 0xB0, 0x52, 0x80, 0x2D, 0x00, 0x2E, 0x25, 0xD7, 0xE2,
    0xAD, 0x32, 0x2B, 0x2A, 0xF6, 0x82, 0x1B, 0x88, 0xDC, 0x0D, 0xE6, 0x28, 0x81, 0x4D, 0x00, 0x17,
    0xE4, 0x91, 0x75, 0x04, 0x8A, 0x8F, 0x2E, 0x1D, 0xA3, 0x45, 0x0B, 0x21, 0xDA, 0x46, 0x2C, 0x87,
    0x31, 0x00, 0x90, 0x92, 0x44, 0x3E, 0xE4, 0x17, 0x47, 0x8D, 0x52, 0x81, 0x8E, 0xE6, 0xB7, 0x28,
    0x40, 0x87, 0x51, 0x00, 0x51, 0x8B, 0x2B, 0x38, 0x25, 0x23, 0xF6, 0x4B, 0xEC, 0xE3, 0xC1, 0x9E,
    0x9B, 0x3B, 0x40, 0x84, 0x6B, 0x01, 0x19, 0x97, 0x3C, 0x20, 0x0B, 0x82, 0x4E, 0x6A, 0xD5, 0x1C,
    0xD2, 0xC8, 0xE0, 0x83, 0x6C, 0x01, 0x0F, 0x51, 0x1D, 0x34, 0x2D, 0x46, 0x16, 0x84, 0xFB, 0x45,
    0xC6, 0x58, 0x36, 0x94, 0x00, 0x1E, 0xB8, 0x46, 0x25, 0x3D, 0x45, 0x43, 0xFE, 0x92, 0xD6, 0x81,
    0x20, 0x47, 0x99, 0x99, 0xDC, 0xE7, 0x45, 0xE8, 0x34, 0x66, 0x8A, 0x99, 0x69, 0x6C, 0xD5, 0x93,
    0xCC, 0xEF, 0x69, 0xBB, 0xC3, 0x11, 0x7D, 0xF6, 0x0F, 0x29, 0x14, 0x40, 0x00, 0x13, 0x3F, 0x40,
    0x00, 0xC6, 0x2E, 0xCB, 0x3C, 0x9C, 0x33, 0x4C, 0x26, 0x5C, 0x4B, 0xF4, 0x86, 0x7A, 0xFC, 0x06,
    0x3F, 0x93, 0x8E, 0x5C, 0x0D, 0x5C, 0xF4, 0x34, 0x27, 0x32, 0x02, 0xFB, 0x29, 0x2F, 0x24, 0x78,
    0x7D, 0x73, 0x87, 0xF6, 0x00, 0x09, 0xCF, 0x85, 0x17, 0x65, 0xED, 0x0B, 0xEA, 0xE7, 0xEB, 0xAB,
    0xDD, 0x80, 0x8E, 0x45, 0x01, 0x50, 0xBD, 0x87, 0x9C, 0x01, 0x7D, 0x10, 0x3B, 0xE9, 0xAE, 0x7D,
    0x69, 0xD6, 0x24, 0x89, 0x46, 0x01, 0x7A, 0x0C, 0xBC, 0x75, 0xBC, 0x93, 0xBC, 0x15, 0x3B, 0x8A,
    0xB5, 0x4F, 0x87, 0x47, 0x01, 0xDF, 0xEA, 0xA7, 0x20, 0x3B, 0xE0, 0x0A, 0xF9, 0xAC, 0xC4, 0x42,
    0xBC, 0xC3, 0xDE, 0x11, 0xB0, 0x81, 0x29, 0x00, 0x64, 0xE1, 0xF8, 0x25, 0x1D, 0x4D, 0x97, 0x91,
    0x7F, 0x0D, 0x6E, 0x7C, 0x81, 0x49, 0x00, 0x4E, 0x22, 0x47, 0xCE, 0x2B, 0xF3, 0xA3, 0x77, 0x02,
    0xEA, 0xB0, 0xEE, 0x4A, 0x94, 0x80, 0x00, 0x00, 0xF9, 0x0D, 0xD1, 0xFC, 0x77, 0x60, 0x68, 0x38,
    0x2F, 0x3E, 0x42, 0x62, 0xC8, 0xBB, 0x0C, 0x9A, 0x50, 0xA2, 0xA0, 0x1A, 0xBF, 0xCC, 0xDF, 0xE9,
    0xB0, 0x5B, 0x9B, 0x08, 0xBD, 0x22, 0xFE, 0xBA, 0x36, 0x16, 0x53, 0x9B, 0xA0, 0x0B, 0x37, 0x20,
    0x00, 0x7F, 0x3E, 0x41, 0xF4, 0x1E, 0xF4, 0xDE, 0x48, 0x44, 0xEA, 0x8B, 0x27, 0x3E, 0xC6, 0x40,
    0xFF, 0x0E, 0xA8, 0xD4, 0x73, 0x49, 0x75, 0x20, 0x3B, 0x07, 0xE4, 0x89, 0xA8, 0x4C, 0xC7, 0x84,
    0x0D, 0x13, 0xD7, 0xB2, 0xC0, 0x80, 0x30, 0x00, 0x24, 0x88, 0x1F, 0xCD, 0xEB, 0x6E, 0x7F, 0x37,
    0xA2, 0xAD, 0x74, 0x06, 0x4A, 0x80, 0x87, 0x09, 0x01, 0x5B, 0x4C, 0x5E, 0x8E, 0xED, 0x7E, 0x06,
    0x77, 0xE7, 0x40, 0x80, 0xC5, 0x00, 0x54, 0x7A, 0x16, 0x6B, 0x8C, 0x11, 0x7D, 0x5A, 0x88, 0x44,
    0x09, 0xE4, 0xBE, 0xC4, 0x53, 0xA6, 0x47, 0x75, 0x0C, 0x74, 0xE5, 0xD7, 0xC2, 0x94, 0xF0, 0xE0,
    0xA5, 0xCC, 0x2C, 0x00, 0x4F, 0x5F, 0xF5, 0xC3, 0x04, 0x2D, 0x82, 0xA2, 0x00, 0x45, 0xBD, 0xD4,
    0xCC, 0xF2, 0xE3, 0x44, 0x2A, 0xEB, 0x78, 0xEB, 0x85, 0x95, 0xA3, 0xC5, 0xB0, 0x8B, 0x65, 0x72,
    0x43, 0x1C, 0x97, 0xCA, 0xA2, 0xC1, 0x80, 0x80, 0x87, 0x00, 0x85, 0x2C, 0xA8, 0x03, 0xC6, 0xCA,
    0xDF, 0xE8, 0x2F, 0xAA, 0x1C, 0xF6, 0x52, 0x4F, 0x2B, 0xD0, 0x80, 0xA7, 0x00, 0x68, 0x01, 0x5A,
    0xA7, 0x75, 0xB9, 0x96, 0x98, 0x41, 0x53, 0x73, 0xFC, 0x08, 0x40, 0xD0, 0x50, 0x82, 0x99, 0x00,
    0x5B, 0x2C, 0x24, 0xE3, 0x29, 0xC3, 0x39, 0x6E, 0xD7, 0x40, 0x05, 0x7B, 0x90, 0xDE, 0x60, 0x81,
    0xB9, 0x00, 0x46, 0x1D, 0x76, 0xDF, 0x14, 0x27, 0x2A, 0xA1, 0x94, 0x5D, 0xEF, 0x22, 0xAB, 0x87,
    0x83, 0x00, 0x17, 0x55, 0xE9, 0x16, 0x59, 0xB1, 0xAD, 0xDB, 0x19, 0xC5, 0x8D, 0x77, 0x72, 0x9D,
    0x43, 0xC0, 0x93, 0x80, 0x43, 0x00, 0x03, 0xA1, 0xDE, 0x35, 0x87, 0x3B, 0x26, 0x86, 0xF6, 0xDF,
    0xF7, 0xDA, 0x74, 0x35, 0x80, 0xEC, 0x88, 0x83, 0x00, 0x5E, 0x4F, 0xFE, 0xED, 0xA9, 0x2C, 0x2C,
    0xEB, 0xBB, 0x3D, 0xF2, 0x44, 0x15, 0x71, 0x82, 0x81, 0x43, 0x00, 0x24, 0x65, 0xD8, 0x1C, 0x65,
    0x83, 0x63, 0x3D, 0x08, 0x6D, 0x78, 0x30, 0x67, 0x5C, 0x87, 0x8B, 0x00, 0x0D, 0xF3, 0x80, 0x2E,
    0x83, 0x95, 0xF0, 0xE6, 0xFE, 0x30, 0xD4, 0x47, 0xDA, 0x80, 0x84, 0xD4, 0x00, 0x03, 0x98, 0xB5,
    0xA8, 0x65, 0xC0, 0x91, 0x0D, 0x6F, 0xF7, 0xFF, 0xA3, 0xF2, 0xDA, 0x30, 0x81, 0x27, 0x00, 0x2F,
    0x60, 0x69, 0x5F, 0x7F, 0xA1, 0x60, 0x6B, 0x6C, 0x25, 0xD9, 0x88, 0xD8, 0x00, 0x65, 0xBF, 0xA3,
    0xED, 0x8E, 0x94, 0xF9, 0xE2, 0x23, 0xB3, 0x6B, 0x4A, 0x80, 0x00, 0x08, 0xC8, 0x38, 0xB5, 0x5F,
    0xB8, 0x06, 0xA5, 0xF2, 0x55, 0xC6, 0x15, 0xFC, 0xBA, 0xDD, 0xF7, 0x3D, 0x95, 0xB7, 0x5B, 0x43,
    0x00, 0x07, 0xD2, 0x74, 0x89, 0x8E, 0xC3, 0xD1, 0xFF, 0xC9, 0x50, 0x85, 0x2E, 0x89, 0xC8, 0x7B,
    0xC8, 0xD1, 0xFD, 0xDB, 0x25, 0x80, 0x88, 0x8F, 0x00, 0x3B, 0xBA, 0x91, 0xEC, 0x26, 0x5F, 0x63,
    0x51, 0x88, 0xAF, 0x00, 0x8E, 0x6D, 0xD2, 0xE6, 0x8B, 0x2D, 0xF9, 0x9C, 0x6D, 0xE5, 0x87, 0x95,
    0x00, 0x17, 0x49, 0x0D, 0xEA, 0x96, 0x66, 0xA9, 0xF6, 0x45, 0xEB, 0x75, 0xB3, 0x8B, 0xE6, 0x80,
    0x51, 0x00, 0x08, 0x37, 0x87, 0xB5, 0x1E, 0x6D, 0x61, 0x9D, 0xA6, 0x20, 0x1E, 0x5B, 0xC8, 0x5E,
    0x88, 0x95, 0x00, 0x6A, 0xCF, 0xF9, 0xBE, 0x98, 0x02, 0x7F, 0x34, 0x94, 0xB4, 0xBE, 0xE5, 0x88,
    0xB5, 0x00, 0x48, 0x06, 0xE0, 0x12, 0x9C, 0xE8, 0xBD, 0xC4, 0x07, 0xF0, 0xF0, 0x0E, 0x80, 0x34,
    0x00, 0x09, 0x3F, 0xF1, 0xF9, 0xE5, 0xD5, 0x46, 0xF1, 0xF8, 0x16, 0x19, 0x9A, 0xC2, 0x87, 0x6C,
    0xF0, 0x80, 0x54, 0x00, 0x09, 0x40, 0xD1, 0x93, 0xD9, 0xD1, 0xC4, 0x9C, 0x77, 0xE4, 0x8B, 0x98,
    0x8A, 0xB2, 0x81, 0x34, 0x00, 0x28, 0xDC, 0x5F, 0x3B, 0x9E, 0x6C, 0xEA, 0x16, 0x2E, 0x6F, 0x09,
    0xC3, 0x50, 0x81, 0x54, 0x00, 0x24, 0x58, 0x64, 0xA2, 0x8A, 0x6C, 0xA3, 0xC1, 0x39, 0x2B, 0x62,
    0x0C, 0x87, 0x9C, 0x00, 0x1B, 0xB4, 0x79, 0x5F, 0x06, 0xD6, 0x6C, 0x36, 0xD1, 0xC1, 0x78, 0x77,
    0xF0, 0x6C, 0x30, 0x87, 0xBC, 0x00, 0x12, 0x91, 0xA4, 0xB1, 0xA9, 0x99, 0x19, 0x00, 0x4A, 0x20,
    0x53, 0x4D, 0x6B, 0x67, 0x70, 0x87, 0x9D, 0x00, 0xBA, 0x3F, 0xA0, 0x19, 0x46, 0x2E, 0xE4, 0x8F,
    0x97, 0x78, 0xAA, 0x3B, 0x5D, 0xA0, 0x81, 0x57, 0x00, 0x33, 0x87, 0x79, 0x45, 0xFC, 0x1C, 0x31,
    0x48, 0x9B, 0x19, 0x97, 0x08, 0x87, 0x35, 0x00, 0x94, 0xB8, 0xA6, 0x3B, 0x21, 0xB8, 0x44, 0x65,
    0xF1, 0x1F, 0xB0, 0xE0, 0xE0, 0x87, 0x55, 0x00, 0x42, 0xBE, 0x70, 0xD4, 0x0E, 0x68, 0x34, 0x27,
    0x57, 0xF3, 0x61, 0x87, 0x36, 0x00, 0x5B, 0x19, 0x09, 0x8F, 0xF9, 0x3B, 0x53, 0x1E, 0x50, 0x96,
    0x51, 0x4E, 0x87, 0x56, 0x00, 0x97, 0x06, 0x0B, 0x76, 0x28, 0x6F, 0xF0, 0x1E, 0x99, 0xA9, 0xA0,
    0x00, 0x72, 0x47, 0xE1, 0x8C, 0xFC, 0x67, 0x55, 0x8C, 0x36, 0x26, 0x8B, 0x80, 0xE1, 0x5C, 0x32,
    0x4B, 0xF9, 0x29, 0x69, 0x48, 0xDB, 0x97, 0x19, 0x77, 0xE9, 0x02, 0x53, 0x1D, 0xDF, 0xF0, 0xCF,
    0x01, 0x12, 0xC0, 0x00, 0x0A, 0xD0, 0x6F, 0x25, 0xD3, 0xA7, 0x03, 0x40, 0x4D, 0x22, 0xD2, 0xEC,
    0xAC, 0x45, 0xED, 0xFC, 0xBA, 0x98, 0x95, 0x98, 0xFF, 0x60, 0x3E, 0xC9, 0xB4, 0x1C, 0xFD, 0x19,
    0xA4, 0x80, 0x2A, 0x00, 0x27, 0x7B, 0x28, 0x16, 0xDB, 0xC7, 0x44, 0x95, 0x4C, 0x33, 0xF7, 0x6F,
    0x73, 0x3D, 0x43, 0xD6, 0x81, 0x4A, 0x00, 0x23, 0x21, 0x93, 0x51, 0x8A, 0x69, 0x3A, 0xA3, 0x67,
    0x09, 0x7B, 0x7D, 0x5D, 0xC0, 0x00, 0x09, 0x3E, 0x8E, 0x81, 0x20, 0x87, 0x75, 0x00, 0x56, 0x28,
    0x80, 0x87, 0xAF, 0x00, 0x56, 0xCF, 0x50, 0x87, 0xEA, 0x00, 0xB3, 0xDF, 0x78, 0x96, 0x51, 0xAC,
    0x48, 0x80, 0x00, 0x05, 0x90, 0x7A, 0xC0, 0x00, 0x00, 0x09, 0xB0, 0x39, 0x90, 0xDC, 0x12, 0xA4,
    0x00, 0x20, 0xDE, 0xA8, 0x70, 0x00, 0x08, 0xD3, 0x8B, 0x67, 0xFC, 0x21, 0x54, 0x00, 0x06, 0x36,
    0x46, 0x2E, 0x3F, 0x55, 0x2F, 0xD9, 0xE5, 0x00, 0x0D, 0xEB, 0x18, 0x8A, 0x87, 0x30, 0x12, 0x2D,
    0x98, 0x80, 0x00, 0x15, 0xAC, 0x47, 0xB1, 0x42, 0xEA, 0x4D, 0x2D, 0xDD, 0x00, 0x04, 0xC3, 0x3D,
    0x1F, 0x0C, 0x27, 0x8E, 0xB9, 0x80, 0x00, 0x11, 0x94, 0x00, 0x32, 0xF9, 0xC4, 0x90, 0xFB, 0x87,
    0x8A, 0x01, 0x7C, 0xAC, 0x71, 0x4B, 0x00, 0x59, 0x12, 0x37, 0xFA, 0x8D, 0x7A, 0x13, 0xDC, 0xA0,
    0xF4, 0x71, 0x00, 0x14, 0x00, 0x33, 0x2F, 0x1F, 0xE9, 0x09, 0x00, 0x22, 0xC1, 0xCF, 0x68, 0xF8,
    0x9A, 0x1E, 0xBF, 0x6C, 0x00, 0x0F, 0xCA, 0x9B, 0x41, 0xFE, 0xFF, 0x0C, 0x00, 0x08, 0x1C, 0xB9,
    0x7C, 0xDF, 0xBD, 0x72, 0x8F, 0xC0, 0x87, 0xB4, 0x01, 0x61, 0xFE, 0x87, 0x42, 0x00, 0x7B, 0x08,
    0x87, 0x75, 0x00, 0x56, 0x24, 0x00, 0x1F, 0xDC, 0xF0, 0xE0, 0x60, 0xBB, 0x80, 0x00, 0x09, 0x52,
    0xBF, 0x06, 0x4A, 0x08, 0x00, 0x3D, 0xA1, 0x7D, 0x5C, 0x7E, 0x8A, 0x40, 0x00, 0x11, 0xBF, 0x36,
    0x1B, 0x3A, 0xD1, 0xE0, 0x00, 0x26, 0xD6, 0x30, 0xE9, 0x15, 0x30, 0x00, 0x14, 0xD4, 0x56, 0x87,
    0xC4, 0x00, 0x00, 0x9E, 0x21, 0xAC, 0x00, 0x14, 0xB8, 0xC6, 0xD5, 0x55, 0x12, 0x79, 0x60, 0x00,
    0x3E, 0x63, 0xA0, 0x00, 0x4F, 0x0D, 0x13, 0x16, 0x6C, 0x30, 0x00, 0x33, 0x63, 0x56, 0xDA, 0x32,
    0x98, 0x00, 0x26, 0x55, 0xC8, 0x87, 0xA9, 0x01, 0x73, 0x40, 0x80, 0x00, 0x0E, 0x1A, 0x1A, 0x9B,
    0x13, 0x2D, 0xD3, 0x5C, 0x46, 0x76, 0x00, 0x26, 0xBD, 0x15, 0xD0, 0x00, 0x54, 0xD3, 0xA6, 0x5D,
    0xE5, 0x49, 0xEE, 0xF2, 0x80, 0x00, 0x20, 0x1A, 0x09, 0x25, 0xF4, 0x1E, 0x19, 0xA6, 0x00, 0x00,
    0x57, 0x00, 0x05, 0x28, 0x27, 0xFD, 0x36, 0x7F, 0xB2, 0x00, 0x4D, 0x6C, 0x66, 0x7E, 0x57, 0xD9,
    0x88, 0x49, 0x3D, 0x70, 0x00, 0x50, 0xA0, 0x87, 0xD5, 0x10, 0x20, 0x87, 0xF6, 0x00, 0x66, 0x05,
    0x9D, 0x71, 0x80, 0x00, 0x50, 0xA0, 0x7A, 0xE1, 0x59, 0x6A, 0xFA, 0x00, 0x52, 0x09, 0x65, 0x37,
    0x3C, 0x06, 0x77, 0x00, 0x18, 0x46, 0x5D, 0x3B, 0x38, 0xB9, 0x95, 0xFA, 0x1B, 0xDF, 0xD0, 0x87,
    0xA5, 0x01, 0x79, 0x80, 0x00, 0x05, 0x27, 0x93, 0x36, 0x80, 0x8A, 0x1F, 0x00, 0x05, 0x27, 0x14,
    0xA2, 0x70, 0x87, 0xD1, 0x01, 0x48, 0x5C, 0xBD, 0x10, 0x9E, 0x00, 0x56, 0xEA, 0xB4, 0xC4, 0x00,
    0x7F, 0x31, 0xF4, 0x1F, 0x8A, 0xE0, 0x00, 0x47, 0x81, 0x18, 0xCB, 0x23, 0xD7, 0x8E, 0xC8, 0x00,
    0x8B, 0x50, 0x51, 0x7F, 0xAD, 0x70, 0xEA, 0xD2, 0xED, 0x26, 0x29, 0x12, 0x1C, 0xE4, 0x00, 0x23,
    0xA0, 0x9B, 0xF3, 0x77, 0xC0, 0x00, 0x09, 0xB3, 0xFA, 0x03, 0x67, 0xDE, 0xF8, 0x36, 0x2C, 0x00,
    0x05, 0x28, 0x4E, 0xFB, 0x06, 0xED, 0x0C, 0x99, 0x22, 0xBB, 0x45, 0x2D, 0x24, 0x00, 0x4E, 0x2C,
    0x4B, 0x84, 0xFE, 0x33, 0xCC, 0x42, 0xE5, 0x60, 0x40, 0x10, 0x4B, 0x5E, 0x2F, 0xC1, 0xF4, 0x7E,
    0xD2, 0x09, 0x00, 0x1B, 0xEF, 0xD9, 0xFF, 0xDE, 0x22, 0xE4, 0xA8, 0x8D, 0x1F, 0x00, 0x64, 0x37,
    0x10, 0xEF, 0xB0, 0x87, 0x42, 0x00, 0xCA, 0x84, 0x00, 0x1D, 0x90, 0x4E, 0x3E, 0x55, 0x80, 0x87,
    0xD5, 0x01, 0x4E, 0x31, 0x79, 0x40, 0x00, 0x2B, 0x91, 0x38, 0x55, 0x6C, 0x61, 0x00, 0x2F, 0xAA,
    0x16, 0x3C, 0xF6, 0xAD, 0x7B, 0x4C, 0xB3, 0xF5, 0x25, 0x96, 0x00, 0x08, 0x52, 0xDC, 0x55, 0x40,
    0x87, 0xCB, 0x01, 0x5E, 0xCB, 0x80, 0x87, 0xD4, 0x01, 0x69, 0x19, 0x87, 0xAF, 0x01, 0x9A, 0x80,
    0x00, 0x07, 0x1C, 0x40, 0xEF, 0xC0, 0x86, 0xD5, 0x01, 0x7C, 0x40, 0xCF, 0xE3, 0x10, 0x0D, 0xA3,
    0xF8, 0x84, 0xD5, 0x01, 0x2F, 0x0A, 0x73, 0xB3, 0xC6, 0xB1, 0xD1, 0x63, 0xF2, 0xC6, 0x87, 0xCC,
    0x52, 0xF3, 0xAB, 0x6D, 0x58, 0x80, 0x87, 0xD5, 0x01, 0x4D, 0xF8, 0xB0, 0x3A, 0xBD, 0x3F, 0xE2,
    0xBE, 0x7F, 0x3F, 0x9E, 0x13, 0x64, 0x3F, 0xC0, 0x00, 0x1A, 0x18, 0x48, 0x6C, 0x79, 0x9C, 0xA0,
    0xFA, 0x68, 0xCB, 0x00, 0x3F, 0xA7, 0x1C, 0x31, 0xF4, 0x00, 0x02, 0x86, 0x10, 0xEF, 0x93, 0xCC,
    0xCB, 0xF6, 0x6C, 0x35, 0x0C, 0xBB, 0x09, 0xEF, 0xA9, 0x20, 0xF9, 0x54, 0xC0, 0x76, 0x5C, 0x43,
    0x77, 0x3E, 0xFC, 0x35, 0x58, 0xDC, 0x02, 0x3C, 0xDB, 0x76, 0xBA, 0xBB, 0x3C, 0xF6, 0xE5, 0x7D,
    0x31, 0x09, 0xF0, 0xF3, 0xD6, 0x4C, 0x22, 0x63, 0x9C, 0x83, 0xA4, 0x4C, 0x13, 0x82, 0x58, 0x06,
    0xE1, 0xF7, 0xFB, 0xB0, 0x16, 0x15, 0x4E, 0x48, 0x71, 0x80, 0x1A, 0x14, 0x4E, 0x30, 0x51, 0x38,
    0xD5, 0xB8, 0x00, 0x04, 0xC8, 0x12, 0xF6, 0x2D, 0x63, 0x8D, 0xB5, 0xD8, 0x00, 0x12, 0xB3, 0x72,
    0x2C, 0xF8, 0x20, 0x87, 0xB2, 0x01, 0x55, 0x68, 0x8A, 0xC8, 0x3C, 0x4E, 0xFE, 0x87, 0xDE, 0x01,
    0x85, 0x60, 0xE4, 0xB5, 0xB8, 0x00, 0x2D, 0x32, 0x86, 0x63, 0xF4, 0x04, 0x8A, 0xE6, 0xBE, 0x87,
    0xF1, 0x01, 0x8D, 0x77, 0x80, 0x00, 0x04, 0x60, 0x4A, 0x7E, 0x8A, 0x57, 0x0F, 0x34, 0x98, 0x7F,
    0x5D, 0xF8, 0x00, 0x30, 0x70, 0xA8, 0x00, 0x04, 0x2A, 0x4F, 0xA6, 0x30, 0xAC, 0x00, 0x22, 0x77,
    0xF2, 0x40, 0x00, 0x00, 0x03, 0xC0, 0x3A, 0xAC, 0x1B, 0xE4, 0x2F, 0xF8, 0x36, 0x9C, 0x03, 0xC0,
    0x00, 0x0A, 0x4B, 0x0E, 0xB4, 0x56, 0x75, 0xD4, 0xDA, 0x7E, 0x13, 0xA2, 0x10, 0x02, 0xA2, 0xD4,
    0x18, 0x00, 0x09, 0x4D, 0x3D, 0xFE, 0x19, 0xF5, 0xEB, 0xF5, 0x00, 0x89, 0x61, 0x28, 0xCA, 0x02,
    0xFF, 0xA0, 0x7D, 0x09, 0x5D, 0xA0, 0xB4, 0xD4, 0x98, 0x20, 0x00, 0x04, 0x7D, 0x46, 0x2F, 0x26,
    0x1B, 0x53, 0x1F, 0x97, 0xBB, 0xC2, 0x3C, 0xBE, 0x4A, 0x0C, 0x00, 0x05, 0x08, 0xEF, 0x63, 0xD4,
    0x22, 0x80, 0x00, 0x00, 0x02, 0xD8, 0x21, 0xAB, 0x00, 0x0F, 0x86, 0xB5, 0x8A, 0x58, 0xEA, 0x4E,
    0xD3, 0xEB, 0x9F, 0xA6, 0x27, 0x57, 0x88, 0x00, 0x92, 0xB1, 0x6C, 0x4E, 0x16, 0x63, 0x39, 0xF8,
    0x0F, 0x3D, 0x98, 0x29, 0x76, 0x21, 0xBE, 0x00, 0x71, 0x6B, 0x18, 0xF7, 0x9D, 0x97, 0xAD, 0xE5,
    0xCC, 0x72, 0x40, 0x05, 0x00, 0xD3, 0x41, 0x0A, 0x06, 0x78, 0xA0, 0xA2, 0x83, 0x87, 0xA7, 0x00,
    0x00, 0x00, 0x11, 0xA8, 0x40, 0xC4, 0xAB, 0xF0, 0x98, 0x26, 0x57, 0x33, 0x3B, 0x0C, 0xD8, 0x00,
    0x09, 0x91, 0xDA, 0x85, 0x21, 0x66, 0x06, 0x6F, 0x80, 0x00, 0x11, 0xA8, 0x40, 0xC8, 0x32, 0x50,
    0x3A, 0x59, 0xCA, 0x54, 0xE8, 0x76, 0x00, 0x08, 0xC0, 0x95, 0xC4, 0xA9, 0xEB, 0x06, 0xD6, 0x34,
    0xFD, 0xF3, 0x7D, 0x00, 0x1D, 0x74, 0x10, 0x81, 0xD6, 0x1C, 0xE9, 0xD3, 0x52, 0x76, 0x20, 0x00,
    0x1E, 0xD2, 0xB2, 0x4B, 0xD8, 0x6E, 0x72, 0xF4, 0x43, 0x16, 0x92, 0xA2, 0x46, 0xF5, 0x1A, 0x84,
    0x00, 0x04, 0x38, 0x64, 0xF2, 0x80, 0x00, 0x19, 0x89, 0x0C, 0xA3, 0x3A, 0xAD, 0xDD, 0x10, 0x00,
    0x09, 0xA2, 0x61, 0x27, 0x56, 0x79, 0x78, 0x75, 0x0A, 0x8B, 0x98, 0x3C, 0xFD, 0xBF, 0xC8, 0xF8,
    0x20, 0x09, 0x78, 0xAB, 0xC0, 0x00, 0x09, 0xA4, 0xD9, 0x72, 0xDF, 0x11, 0xFE, 0xF7, 0x00, 0x15,
    0xBB, 0x50, 0xE6, 0x03, 0xD7, 0xB0, 0x00, 0x07, 0xD3, 0x92, 0x75, 0xE5, 0xD8, 0x3B, 0xC2, 0xF8,
    0x3D, 0x88, 0xCE, 0x80, 0x00, 0x07, 0xCD, 0x3E, 0xCC, 0x0F, 0x8A, 0x7A, 0xBC, 0x3F, 0xCA, 0xD5,
    0x2F, 0xD3, 0x50, 0x87, 0x89, 0x00, 0xE4, 0x83, 0x4D, 0x9D, 0x89, 0xCA, 0x20, 0x72, 0x73, 0x18,
    0xAA, 0x5A, 0xB6, 0x65, 0x67, 0x08, 0x81, 0xD9, 0x00, 0x1C, 0xA4, 0xA7, 0x12, 0x9A, 0xAC, 0x14,
    0x9F, 0xD7, 0x74, 0xE6, 0x02, 0xF8, 0xE1, 0x05, 0x4C, 0x2A, 0x16, 0xC0, 0x00, 0x05, 0x10, 0xF2,
    0x29, 0x3C, 0x84, 0xBD, 0x86, 0xC9, 0x71, 0xCB, 0xBD, 0xD2, 0x1A, 0x57, 0x23, 0x8F, 0x1D, 0xF4,
    0xFF, 0x82, 0x04, 0xDE, 0x39, 0xD4, 0x53, 0xA4, 0x10, 0x70, 0xF7, 0xE3, 0x37, 0x7A, 0xC6, 0x80,
    0x80, 0x28, 0x00, 0x4E, 0x57, 0x23, 0xE9, 0xA7, 0xA9, 0x65, 0xE4, 0x1E, 0x85, 0x1F, 0x40, 0x78,
    0xAE, 0xA0, 0x87, 0x25, 0x00, 0x88, 0x8E, 0x35, 0xE9, 0x19, 0xCF, 0x09, 0x8C, 0xF6, 0x4E, 0x65,
    0x08, 0x02, 0xCE, 0xA0, 0x87, 0x35, 0x00, 0x8E, 0x1F, 0x49, 0x4B, 0xE0, 0xBD, 0x36, 0x6B, 0x0D,
    0x06, 0xCD, 0x97, 0x2B, 0x92, 0x47, 0xED, 0xD9, 0x79, 0x91, 0x88, 0xF0, 0x73, 0xCD, 0xB6, 0x6C,
    0x87, 0x2B, 0x00, 0x56, 0x7A, 0xFA, 0xF8, 0x81, 0x17, 0x02, 0x08, 0xC7, 0xD4, 0xD2, 0xF5, 0x0F,
    0xBD, 0xBA, 0x20, 0x87, 0x2C, 0x00, 0x61, 0xB0, 0x8B, 0xD2, 0x60, 0x00, 0x0E, 0xD1, 0x6D, 0x55,
    0x48, 0x4B, 0x4E, 0xF4, 0x6F, 0x7D, 0x7C, 0x0F, 0xA8, 0xEB, 0x33, 0x61, 0x19, 0x8B, 0x5B, 0x6F,
    0x52, 0x33, 0x7D, 0xBA, 0x25, 0x0C, 0x6B, 0x82, 0x36, 0x09, 0x04, 0xF7, 0xDE, 0xB8, 0x93, 0x82,
    0x00, 0x00, 0xE1, 0x3A, 0x38, 0x5A, 0x59, 0xF0, 0xE5, 0xEB, 0xEB, 0xB9, 0x8C, 0xA2, 0x22, 0x04,
    0x52, 0xE4, 0x00, 0x1C, 0xBB, 0x83, 0xEA, 0x73, 0xD7, 0x24, 0x8E, 0x9D, 0xD5, 0xCF, 0xCF, 0x6F,
    0x30, 0xCE, 0x1C, 0x91, 0x6B, 0xEF, 0xC2, 0xE8, 0x14, 0x19, 0x20, 0x00, 0x05, 0x16, 0xFC, 0x0D,
    0x20, 0xE7, 0x0C, 0xFE, 0xEF, 0xCF, 0x7A, 0xFA, 0x80, 0xD3, 0x4F, 0xD1, 0x47, 0x4C, 0x53, 0xFD,
    0x69, 0xB4, 0xED, 0x18, 0x8E, 0xBF, 0xD5, 0x96, 0xD3, 0xE6, 0x70, 0x90, 0x80, 0x2D, 0x00, 0x5B,
    0x2E, 0xB5, 0x1F, 0xC0, 0xB3, 0x00, 0x28, 0xA7, 0xBE, 0xDC, 0xE4, 0x3F, 0xC7, 0x8C, 0x26, 0xDD,
    0x0F, 0x98, 0x80, 0x2A, 0x00, 0x97, 0xC4, 0x2A, 0x10, 0xBF, 0x9D, 0x24, 0x47, 0xA5, 0xBE, 0xCF,
    0x99, 0xDC, 0x22, 0xDC, 0xF9, 0x45, 0xBE, 0xDE, 0x92, 0xE8, 0xCA, 0xB1, 0x75, 0x6B, 0x59, 0x83,
    0x95, 0x2B, 0x49, 0x63, 0x96, 0x97, 0xB3, 0x0D, 0x04, 0x00, 0x78, 0x00, 0x2C, 0x4C, 0x1A, 0xE5,
    0x39, 0x02, 0xB6, 0xAF, 0x3F, 0x23, 0xD5, 0x50, 0xEB, 0x8B, 0x7F, 0x5C, 0x0B, 0x32, 0x4B, 0x49,
    0x4B, 0x64, 0x81, 0xCB, 0x73, 0xB1, 0x25, 0xFD, 0x5C, 0x23, 0xB1, 0x4C, 0x34, 0x8E, 0x94, 0xDE,
    0xEF, 0xEC, 0xE6, 0x00, 0x00, 0xCA, 0xBB, 0xC3, 0x22, 0x93, 0x8E, 0x4D, 0x9B, 0x1D, 0x8F, 0x30,
    0x48, 0x89, 0x37, 0x7E, 0xD3, 0x65, 0x18, 0x7F, 0x38, 0x04, 0x48, 0x2B, 0xB4, 0x3A, 0x38, 0x87,
    0x23, 0x00, 0x86, 0x46, 0xE7, 0x8E, 0x08, 0xD5, 0x48, 0xD9, 0x79, 0xF9, 0xAA, 0x0B, 0x00, 0x00,
    0x0B, 0x6D, 0x60, 0x27, 0x7C, 0xFE, 0x85, 0x8A, 0x8B, 0x2B, 0x8E, 0x0B, 0x09, 0xCB, 0x54, 0x1E,
    0xB5, 0x77, 0x47, 0x49, 0x25, 0x08, 0x19, 0xC0, 0x87, 0x24, 0x00, 0x49, 0x44, 0x77, 0xC8, 0x5F,
    0x64, 0xD0, 0x13, 0xD3, 0x8C, 0x6A, 0x4B, 0x38, 0x8E, 0x14, 0x02, 0x5A, 0xB5, 0x34, 0x80, 0x00,
    0x0E, 0xC0, 0xB9, 0xC5, 0x20, 0x68, 0x79, 0x6B, 0x3F, 0x5F, 0x73, 0xF6, 0x4D, 0xA5, 0x10, 0xB7,
    0xB5, 0xF7, 0x64, 0xFA, 0x45, 0x38, 0x0A, 0x7F, 0x60, 0x23, 0xB0, 0x3C, 0xC6, 0x89, 0xA0, 0x70,
    0x87, 0x27, 0x00, 0x5F, 0x65, 0xD3, 0xF9, 0x5E, 0xC9, 0xD1, 0xE5, 0x24, 0x9B, 0x92, 0x00, 0x06,
    0x8B, 0x2D, 0x7C, 0xC6, 0x46, 0x9F, 0x1D, 0xE8, 0x48, 0x06, 0xED, 0xAB, 0x15, 0x3D, 0x8D, 0x6E,
    0x13, 0xA4, 0xDF, 0xE1, 0x4C, 0x59, 0xEF, 0x9F, 0x56, 0x58, 0x43, 0x87, 0x6B, 0xC2, 0xBC, 0xED,
    0x57, 0xDC, 0x99, 0x47, 0xF9, 0x5F, 0xD2, 0x16, 0x2B, 0x09, 0x1F, 0xB8, 0x03, 0xA2, 0x43, 0x99,
    0x5B, 0xF8, 0x00, 0x72, 0x44, 0xCC, 0x76, 0x13, 0x3F, 0xDB, 0x2E, 0x9D, 0xC5, 0xF0, 0x7C, 0x54,
    0x9B, 0xB0, 0x8C, 0x94, 0x8E, 0xED, 0x05, 0x3F, 0x1D, 0x9D, 0xFC, 0xCA, 0xD8, 0x65, 0x6C, 0xF6,
    0xB5, 0xCC, 0xB0, 0x8E, 0x1E, 0x02, 0x70, 0xB0, 0x49, 0x1A, 0x18, 0x0E, 0xA1, 0xBB, 0xE0, 0x88,
    0x1E, 0x02, 0x32, 0x6D, 0x41, 0x1F, 0x86, 0x0B, 0xCB, 0x2C, 0x9F, 0xF7, 0xC5, 0x93, 0xEE, 0x84,
    0x08, 0x80, 0xD4, 0xD0, 0x8E, 0x1D, 0x02, 0x6D, 0x0B, 0x0E, 0x9F, 0x75, 0x65, 0xA0, 0x1F, 0x00,
    0x0E, 0xC2, 0x67, 0x7B, 0xE7, 0x6C, 0xFA, 0x52, 0x81, 0x8B, 0x64, 0x6B, 0x65, 0x0F, 0xB6, 0xE6,
    0xD5, 0xFD, 0x16, 0x38, 0xD0, 0x98, 0x6D, 0x91, 0x5D, 0x10, 0x1C, 0x8D, 0x8F, 0x98, 0x60, 0x00,
    0x01, 0xBD, 0xB3, 0x30, 0xFB, 0x6C, 0x52, 0xCD, 0x39, 0x33, 0xB5, 0x69, 0xC7, 0x76, 0x51, 0xCF,
    0xA4, 0xB5, 0x17, 0x2E, 0xD6, 0xB3, 0x90, 0xBD, 0x9A, 0xA3, 0xC3, 0x8B, 0x13, 0xF5, 0x99, 0x38,
    0x47, 0x1B, 0xA9, 0x34, 0xF6, 0x47, 0xE0, 0x46, 0xB0, 0x87, 0x2A, 0x00, 0x62, 0xCD, 0x6B, 0x3D,
    0xC4, 0x20, 0x2C, 0x34, 0x87, 0x31, 0x00, 0x90, 0x86, 0xB9, 0xF3, 0x85, 0x24, 0x7D, 0x8D, 0x76,
    0xD4, 0xD0, 0x87, 0xB8, 0x8C, 0xC0, 0x87, 0x20, 0x02, 0x21, 0xAE, 0x90, 0xFE, 0xE1, 0x4C, 0xF2,
    0x3E, 0x63, 0xFA, 0xE0, 0x87, 0x26, 0x02, 0x6D, 0xC5, 0x5D, 0x1F, 0xF3, 0x1C, 0x13, 0x30, 0xC2,
    0xE5, 0xA8, 0xE7, 0x9A, 0xFB, 0xF1, 0x13, 0x02, 0x34, 0x87, 0x15, 0x02, 0x87, 0x7A, 0x5B, 0x6C,
    0x9E, 0xB0, 0x8A, 0x2E, 0x89, 0x03, 0x02, 0xB8, 0x4A, 0x24, 0x94, 0xC6, 0xE7, 0x5C, 0xD5, 0x3A,
    0xD8, 0x2E, 0x37, 0x48, 0x87, 0x08, 0x8C, 0x5C, 0x5C, 0x50, 0x8D, 0x1F, 0x02, 0x73, 0x4F, 0xDA,
    0x29, 0x62, 0x57, 0x96, 0xE0, 0x62, 0xDC, 0x00, 0x34, 0xD2, 0xBD, 0xEB, 0x72, 0xE8, 0x33, 0x6D,
    0x33, 0xB3, 0xD3, 0x88, 0x8C, 0x59, 0x97, 0x73, 0x98, 0x64, 0x75, 0x73, 0x86, 0xB5, 0x60, 0xFE,
    0xD7, 0xB0, 0xC0, 0x22, 0x40, 0xAC, 0xBB, 0xEA, 0xD0, 0x65, 0xE1, 0x02, 0xC8, 0x92, 0xAC, 0x94,
    0x89, 0xE3, 0x48, 0x49, 0x03, 0xDF, 0x20, 0x87, 0x3A, 0x00, 0x45, 0x84, 0x59, 0x4B, 0x81, 0x8C,
    0x00, 0xB8, 0xAD, 0x01, 0xEC, 0x9A, 0x33, 0x28, 0xDA, 0x80, 0x87, 0x20, 0x02, 0x6F, 0xED, 0x16,
    0x6E, 0x86, 0x81, 0xB2, 0xD7, 0xE5, 0x6C, 0xDE, 0xE5, 0x56, 0xF0, 0x00, 0x00, 0xCA, 0xC2, 0x9E,
    0x41, 0x95, 0x1E, 0x02, 0x47, 0x95, 0xD6, 0xC1, 0x84, 0x54, 0x70, 0x15, 0x52, 0xB4, 0x28, 0xB0,
    0xB4, 0x7B, 0x2D, 0x28, 0x37, 0x74, 0xD4, 0xD0, 0x00, 0x00, 0xF6, 0x8E, 0x2D, 0xEA, 0xFB, 0x76,
    0x79, 0x82, 0x61, 0x20, 0x26, 0x1F, 0xEA, 0xC8, 0x5D, 0x5C, 0x80, 0x44, 0x68, 0xDE, 0x92, 0xD1,
    0x70, 0x43, 0x82, 0x1F, 0xD3, 0x63, 0xF4, 0x53, 0x71, 0x96, 0xB9, 0x7B, 0x40, 0x87, 0x39, 0x02,
    0x72, 0x38, 0x70, 0xFA, 0x68, 0x4F, 0x9A, 0x3F, 0x98, 0xBF, 0x52, 0x4F, 0xFD, 0xFB, 0x7E, 0xC3,
    0xF0, 0x00, 0x05, 0x58, 0xB0, 0x9B, 0xBE, 0x36, 0xCD, 0x0E, 0x2E, 0x28, 0x8F, 0x34, 0xBD, 0x6D,
    0xF3, 0x84, 0xDB, 0xCE, 0x0D, 0x7A, 0x2A, 0x54, 0x58, 0x37, 0xD8, 0x00, 0x00, 0xED, 0xB1, 0x0C,
    0x49, 0xD0, 0xAE, 0xDF, 0x20, 0x02, 0x75, 0xDC, 0xF1, 0x30, 0x9E, 0xB4, 0x2C, 0xC2, 0x84, 0x9E,
    0xE4, 0xFB, 0x71, 0x77, 0x5D, 0x93, 0x93, 0x55, 0xB5, 0xE7, 0xCD, 0xA5, 0x4D, 0x80, 0x87, 0x22,
    0x02, 0x7D, 0xDB, 0xC0, 0x69, 0xD6, 0x33, 0xF8, 0x2B, 0xE9, 0x47, 0x42, 0x87, 0xEB, 0xCA, 0xC7,
    0xFF, 0xF5, 0xB0, 0x00, 0x74, 0x68, 0x8A, 0xDB, 0x4B, 0x8A, 0x12, 0xDB, 0x36, 0x03, 0x87, 0x9D,
    0x02, 0x08, 0x63, 0xCB, 0x20, 0x46, 0x11, 0x06, 0x29, 0xDF, 0x6B, 0x18, 0xA2, 0xA1, 0x91, 0x21,
    0xCF, 0x06, 0xE0, 0x00, 0x9D, 0x9F, 0x52, 0xC5, 0x57, 0xD1, 0xE3, 0x3B, 0xFC, 0x11, 0xA7, 0x82,
    0x79, 0xD8, 0xE3, 0x50, 0x3C, 0xF9, 0xA4, 0xD2, 0x1F, 0x57, 0xCE, 0x06, 0x54, 0xE5, 0x8C, 0xF2,
    0x8E, 0x7E, 0x19, 0x4C, 0xFB, 0xBE, 0x26, 0x53, 0x77, 0xF2, 0xC8, 0xFA, 0xC8, 0x02, 0xA4, 0x00,
    0x2E, 0xBF, 0x9D, 0xDF, 0x3F, 0xEC, 0xE7, 0xDD, 0x3E, 0x94, 0x35, 0xF6, 0x1B, 0xEB, 0x97, 0x73,
    0x8B, 0x80, 0xCC, 0xE4, 0x35, 0xDF, 0x5A, 0x01, 0x3A, 0x49, 0x65, 0xEF, 0x0B, 0x15, 0xF5, 0x0A,
    0xF2, 0x80, 0x87, 0x43, 0x00, 0x62, 0x45, 0x0C, 0x7D, 0x84, 0x12, 0x81, 0xE7, 0x4B, 0x58, 0xA7,
    0x00, 0x67, 0x0D, 0x5C, 0x07, 0x90, 0x9F, 0xB7, 0x42, 0xAB, 0xD2, 0x27, 0x98, 0x00, 0x25, 0x31,
    0x0D, 0xBD, 0x42, 0x9C, 0xA8, 0xE0, 0xB1, 0xEC, 0x43, 0x8E, 0xB7, 0x09, 0x58, 0x9F, 0x43, 0x20,
    0xAE, 0x87, 0x04, 0x00, 0x00, 0x4D, 0xE5, 0xF7, 0xCC, 0xC8, 0x81, 0x68, 0x9D, 0x9F, 0x23, 0x92,
    0x9C, 0x94, 0x08, 0x6D, 0x0D, 0x2C, 0xE4, 0x09, 0x83, 0x2A, 0x6C, 0xBC, 0xA1, 0xE6, 0x32, 0x7E,
    0x30, 0x00, 0x00, 0x25, 0x24, 0xB3, 0xB9, 0xD8, 0xDD, 0x44, 0xC2, 0x19, 0x7B, 0x46, 0x9D, 0xC1,
    0xAD, 0xBF, 0x95, 0x6C, 0x00, 0x09, 0xF3, 0x14, 0x11, 0xEB, 0xAF, 0x92, 0x55, 0x72, 0xE0, 0x9F,
    0x5A, 0x87, 0x3D, 0xC1, 0x0D, 0xFF, 0x30, 0x47, 0xB2, 0x44, 0xC5, 0x74, 0x9E, 0xAE, 0x78, 0x6C,
    0x7F, 0x24, 0xE7, 0x55, 0x87, 0x47, 0x00, 0x31, 0xE6, 0xDA, 0x9B, 0xD0, 0xB5, 0xCD, 0xB1, 0xAF,
    0x23, 0xE8, 0xF3, 0x73, 0x61, 0x7C, 0xAB, 0x98, 0x45, 0x97, 0xA3, 0xA4, 0x00, 0x01, 0xDE, 0x1B,
    0xB4, 0xF3, 0x50, 0x05, 0x71, 0x50, 0x21, 0xFD, 0x3C, 0xFE, 0x05, 0x66, 0x43, 0x19, 0x39, 0x90,
    0x49, 0x17, 0x5D, 0x82, 0x14, 0x5E, 0x3F, 0x92, 0x4D, 0x34, 0x2B, 0xD3, 0x2D, 0x76, 0xDD, 0xCB,
    0xE8, 0x0F, 0x4C, 0x06, 0x3B, 0xC0, 0x00, 0x0A, 0x97, 0x9A, 0x9A, 0x6B, 0xF2, 0x63, 0xEC, 0xBB,
    0xD5, 0x1C, 0x9E, 0xBE, 0x2B, 0xFC, 0x1C, 0xFF, 0xDE, 0xDE, 0x80, 0xC0, 0x4E, 0x45, 0x10, 0x93,
    0xBA, 0x00, 0x00, 0xF1, 0xC3, 0x54, 0xC3, 0xCE, 0x5A, 0x70, 0xC9, 0x66, 0xE0, 0x0D, 0x9A, 0xDF,
    0x03, 0x53, 0xED, 0x82, 0x73, 0xFB, 0xBA, 0xAB, 0x93, 0xE4, 0xF2, 0xB0, 0x5E, 0xC1, 0x78, 0x7B,
    0x67, 0x5E, 0x32, 0xDC, 0x81, 0x49, 0x02, 0x16, 0x33, 0x25, 0xBC, 0x78, 0xB7, 0x82, 0xCC, 0xE2,
    0xDD, 0x57, 0x54, 0x54, 0xBA, 0xB3, 0xEC, 0x28, 0x00, 0x00, 0xEF, 0x85, 0xAF, 0xD8, 0xD5, 0x2F,
    0xC5, 0x73, 0xE4, 0x92, 0x4A, 0x6D, 0x10, 0x94, 0x10, 0x2C, 0xB9, 0x13, 0xD9, 0x38, 0x8A, 0xDD,
    0xF2, 0xE3, 0x1B, 0x62, 0xA8, 0x00, 0x32, 0x8C, 0x62, 0x00, 0x09, 0xF5, 0x41, 0x70, 0xB5, 0x23,
    0xEF, 0xF6, 0xD5, 0x95, 0xC6, 0xD0, 0x03, 0x2D, 0x4D, 0x2C, 0x3B, 0xC3, 0xEE, 0xE2, 0x1F, 0x47,
    0x44, 0x40, 0x00, 0x02, 0x0E, 0x89, 0xCB, 0xE2, 0xE0, 0x9E, 0x44, 0xCC, 0x59, 0xB6, 0x87, 0x64,
    0xDF, 0xD9, 0xF9, 0x67, 0x87, 0x7E, 0xB8, 0xC7, 0xCB, 0x5B, 0x4A, 0x36, 0x01, 0x20, 0x5D, 0x93,
    0x87, 0x7F, 0xA4, 0xFA, 0x17, 0x26, 0x36, 0x9C, 0xC5, 0xCE, 0x7C, 0xA6, 0x3A, 0x3F, 0x40, 0x87,
    0x49, 0x02, 0x6D, 0x54, 0xF4, 0x61, 0x8A, 0x87, 0x51, 0x0C, 0x25, 0x6D, 0xF4, 0xFD, 0xB6, 0x12,
    0xF8, 0x74, 0x7B, 0x68, 0x96, 0x87, 0x51, 0x00, 0x51, 0xBA, 0xA2, 0xFD, 0x8B, 0x3C, 0x49, 0x7A,
    0xFE, 0xD9, 0xC4, 0x75, 0x92, 0xF2, 0x26, 0xD7, 0xDC, 0xB5, 0x3D, 0x22, 0xED, 0xD0, 0x87, 0x4E,
    0x02, 0x35, 0xB0, 0x31, 0xD9, 0xDB, 0xF4, 0xF6, 0xA3, 0x2C, 0x84, 0x63, 0xB3, 0x0A, 0xC9, 0x98,
    0x00, 0x02, 0x3F, 0x7A, 0xA1, 0x4D, 0x38, 0x91, 0x4D, 0x1C, 0x63, 0x82, 0x50, 0x09, 0x5E, 0x08,
    0x0F, 0x59, 0x01, 0x5C, 0x5F, 0xE3, 0x42, 0x3B, 0x4B, 0xC5, 0x63, 0x10, 0x6E, 0xEF, 0xF6, 0xAA,
    0x87, 0x45, 0x00, 0x15, 0xE4, 0x7E, 0xC9, 0xFE, 0x5C, 0xC6, 0x80, 0x7A, 0xAF, 0x5D, 0x0F, 0xC4,
    0x33, 0x1B, 0x90, 0x91, 0xC0, 0x87, 0x41, 0x00, 0x46, 0x46, 0x5F, 0x3B, 0x45, 0x51, 0x59, 0x44,
    0x9F, 0xCE, 0x02, 0x65, 0xAE, 0x24, 0x87, 0x5B, 0x00, 0x80, 0x99, 0x70, 0xD9, 0xA2, 0x96, 0xCF,
    0xE9, 0x45, 0x21, 0x24, 0x11, 0x17, 0x60, 0xC4, 0x9D, 0x87, 0xC7, 0xF2, 0xF0, 0x24, 0x00, 0x8A,
    0xCE, 0x98, 0x5E, 0xDB, 0xA9, 0xFC, 0xF4, 0xEF, 0xA9, 0xCE, 0x7B, 0x4B, 0x87, 0x02, 0x20, 0xB6,
    0x84, 0xAC, 0xA5, 0xB7, 0xEE, 0xBE, 0xC2, 0x7F, 0xDB, 0xEB, 0x6B, 0x2D, 0xB3, 0x0B, 0x88, 0xB9,
    0x8D, 0x71, 0xC1, 0x2F, 0x0D, 0x37, 0x6C, 0xFA, 0x87, 0x5A, 0x00, 0x6D, 0x74, 0xEC, 0xED, 0x97,
    0x80, 0x1A, 0xFE, 0x65, 0x6C, 0x87, 0x4E, 0x02, 0x6C, 0xF0, 0x51, 0x88, 0x49, 0x96, 0xCD, 0x09,
    0x6F, 0x46, 0x3C, 0x45, 0x22, 0x3C, 0xB2, 0xBE, 0xEA, 0xDC, 0xC0, 0x00, 0x00, 0xF1, 0xDD, 0x12,
    0x3C, 0xDC, 0x90, 0x4F, 0x72, 0x4F, 0x78, 0x75, 0x11, 0x87, 0x46, 0x6A, 0x45, 0x3E, 0xD4, 0x02,
    0xDD, 0x28, 0x00, 0x01, 0x26, 0xA4, 0x6D, 0x72, 0xA4, 0xF1, 0x6F, 0x88, 0xC7, 0x24, 0xBC, 0x48,
    0x73, 0xBC, 0x9F, 0xCF, 0xC7, 0x56, 0xAB, 0xF6, 0x60, 0xEB, 0x83, 0x87, 0x36, 0xAA, 0xFE, 0x65,
    0x34, 0xC5, 0x10, 0x60, 0x87, 0x59, 0x02, 0x70, 0xB6, 0xA4, 0xED, 0xC6, 0xDD, 0x91, 0xA4, 0xD0,
    0x29, 0xEA, 0x72, 0x07, 0x80, 0x00, 0x05, 0x96, 0xE9, 0xC2, 0xFC, 0xD5, 0x69, 0x60, 0x39, 0xA2,
    0x34, 0x12, 0x4D, 0x4E, 0x23, 0x7F, 0x6E, 0xF3, 0x06, 0xE5, 0xD8, 0x87, 0x4D, 0x02, 0x1D, 0x01,
    0xA5, 0x57, 0x53, 0x47, 0xFD, 0xA8, 0xCF, 0x93, 0xD6, 0x5C, 0x0D, 0xCD, 0x23, 0x2E, 0x81, 0x51,
    0x30, 0xAD, 0x4E, 0x45, 0xA8, 0x5D, 0x2D, 0x22, 0x39, 0x3C, 0x0B, 0x5F, 0xDC, 0x60, 0x7D, 0x11,
    0x80, 0x87, 0x43, 0x02, 0x82, 0xEE, 0x14, 0x6B, 0x28, 0x17, 0xE9, 0x6A, 0xF9, 0x9E, 0xF1, 0xE8,
    0xDB, 0x94, 0x88, 0xE8, 0xF1, 0x34, 0x00, 0x0A, 0xD0, 0x9D, 0xA2, 0x34, 0x81, 0x41, 0x9B, 0x1C,
    0x86, 0xE9, 0x00, 0x14, 0x39, 0xC7, 0x5E, 0x2A, 0xC6, 0xF3, 0xE7, 0x40, 0x80, 0x00, 0x01, 0x13,
    0x7F, 0x67, 0x4B, 0xE8, 0x2A, 0x75, 0xE7, 0x2F, 0x17, 0x37, 0xBF, 0x18, 0x23, 0xCD, 0xA1, 0xEC,
    0x47, 0xFA, 0xD9, 0x08, 0x4E, 0x62, 0xE6, 0x35, 0x54, 0x67, 0x94, 0xB0, 0x2C, 0x44, 0xE2, 0x34,
    0x3F, 0x3F, 0xEC, 0x93, 0xDB, 0x00, 0x1F, 0x47, 0x97, 0x63, 0x4A, 0x2C, 0xD0, 0xFE, 0x56, 0xAB,
    0xF2, 0x26, 0xB0, 0x2E, 0x60, 0xC7, 0xFA, 0x3B, 0xD2, 0xAA, 0xD8, 0x14, 0x82, 0x80, 0x46, 0x02,
    0x11, 0xF5, 0xBA, 0x02, 0x6D, 0xE2, 0xC0, 0xE2, 0x16, 0xBA, 0x81, 0x46, 0x02, 0x12, 0x69, 0x2A,
    0x14, 0x8D, 0xA3, 0x29, 0x77, 0x32, 0xA2, 0x3E, 0xEA, 0x80, 0x0C, 0x01, 0x6F, 0x68, 0x77, 0xC6,
    0x7E, 0xA5, 0xAA, 0x39, 0xE2, 0x86, 0x2D, 0x2D, 0x54, 0x15, 0xBC, 0xDC, 0x2F, 0x65, 0x64, 0xBA,
    0xC4, 0xD3, 0x8C, 0x71, 0x89, 0x2A, 0xDE, 0x80, 0x44, 0x02, 0x3B, 0x02, 0x04, 0x66, 0x16, 0x74,
    0x27, 0xC0, 0x87, 0x52, 0x02, 0x40, 0x81, 0xE6, 0x5A, 0xFF, 0x5D, 0x3A, 0x79, 0x50, 0x00, 0x10,
    0xDD, 0xC5, 0xE0, 0x0C, 0x47, 0xF4, 0xDB, 0xB9, 0xCF, 0xB2, 0xA8, 0x81, 0x5C, 0x18, 0xC0, 0x00,
    0xD3, 0x32, 0x6B, 0xD2, 0x64, 0x47, 0x6C, 0xA5, 0x90, 0x00, 0x59, 0x45, 0xF7, 0xCE, 0x36, 0x5E,
    0xE9, 0x56, 0x17, 0xB3, 0x75, 0x31, 0x78, 0x45, 0xE9, 0x20, 0x87, 0x67, 0x02, 0x44, 0x4C, 0xD3,
    0xA6, 0xFA, 0x84, 0x04, 0xD2, 0x3C, 0x04, 0x76, 0x00, 0x4D, 0xD1, 0xC7, 0xB1, 0x2E, 0x00, 0x63,
    0x33, 0x5E, 0x36, 0xDA, 0x23, 0x7A, 0xDA, 0x7B, 0xD6, 0x5A, 0x00, 0x0A, 0x1D, 0xA4, 0x21, 0xCD,
    0x7E, 0xAD, 0x59, 0x9A, 0x8D, 0x44, 0x78, 0xE0, 0x29, 0x61, 0x33, 0x65, 0xF1, 0x31, 0xC0, 0xB8,
    0xCB, 0x70, 0x6B, 0xBA, 0xCB, 0x82, 0x7A, 0x23, 0x73, 0xA2, 0x00, 0x01, 0x6A, 0x32, 0xE6, 0x37,
    0x54, 0x6F, 0xF0, 0x97, 0xEC, 0xC5, 0xBF, 0x89, 0xB9, 0x0E, 0x03, 0x73, 0x12, 0xBF, 0xE3, 0x44,
    0xD7, 0x4F, 0x25, 0xE7, 0xC1, 0xFC, 0x05, 0x4E, 0x05, 0x47, 0x28, 0xE6, 0xAB, 0x0A, 0x10, 0xB5,
    0x7A, 0xC0, 0x00, 0x80, 0x1F, 0xE2, 0x32, 0xBE, 0x4C, 0x05, 0x96, 0xDF, 0x39, 0x68, 0xF1, 0xEE,
    0x5C, 0x12, 0xD5, 0x6C, 0x51, 0xE8, 0x71, 0xFE, 0x58, 0x71, 0x0A, 0x27, 0xD3, 0x7E, 0x1A, 0x6A,
    0x08, 0xA5, 0xA1, 0x8E, 0xD0, 0x78, 0x80, 0x80, 0x4B, 0x02, 0x49, 0xC7, 0x0B, 0xE5, 0x35, 0xF9,
    0xB9, 0x3D, 0xC2, 0x6A, 0x24, 0x60, 0x80, 0x49, 0x02, 0x21, 0xB7, 0xDA, 0xDB, 0x1F, 0xED, 0xEC,
    0xCD, 0xC2, 0x0D, 0xF3, 0x24, 0xE0, 0x81, 0x5B, 0x00, 0x17, 0x1A, 0x4F, 0xAA, 0xD7, 0x01, 0xCC,
    0x7A, 0xDF, 0x03, 0x8B, 0xBB, 0xC4, 0xB2, 0xB5, 0x15, 0x10, 0xCD, 0xAA, 0x2A, 0x4D, 0xDE, 0xAE,
    0xA2, 0x37, 0xB1, 0x44, 0xB1, 0x44, 0x87, 0x4E, 0x02, 0x6C, 0xF0, 0x51, 0x88, 0x49, 0x96, 0xB2,
    0xB1, 0xA9, 0xB6, 0xA5, 0x80, 0x39, 0x9A, 0x5E, 0xDE, 0xDD, 0x87, 0xC0, 0x80, 0x00, 0xA2, 0x3F,
    0xCE, 0x17, 0x5B, 0xE3, 0x86, 0xAA, 0x00, 0xFB, 0x8F, 0x76, 0xFC, 0x03, 0xBB, 0xC3, 0x28, 0x52,
    0x4F, 0x1A, 0xBB, 0x0F, 0x4C, 0xB0, 0x03, 0x0D, 0x90, 0x95, 0x33, 0x71, 0x11, 0x22, 0x27, 0xE6,
    0xC6, 0xA9, 0xAE, 0x4B, 0x69, 0x4C, 0xD0, 0xC8, 0xCF, 0x96, 0x1D, 0xD8, 0x95, 0x86, 0xEC, 0x00,
    0x08, 0x9F, 0xD9, 0xEB, 0xEF, 0xA6, 0xEC, 0x6A, 0xB4, 0xAA, 0xC0, 0x11, 0x7B, 0x03, 0x0F, 0x47,
    0xF9, 0xB4, 0x55, 0xE5, 0x5C, 0x44, 0x2F, 0x29, 0xA6, 0x0D, 0x25, 0x17, 0x45, 0x53, 0x84, 0x4C,
    0x8F, 0x41, 0x00, 0x0F, 0x59, 0xCC, 0x12, 0x33, 0x1F, 0x89, 0x36, 0x8C, 0xCE, 0xED, 0x7B, 0x14,
    0x51, 0x77, 0xB7, 0x0D, 0xC9, 0x95, 0x95, 0x23, 0x5B, 0xEE, 0x36, 0xDB, 0xD4, 0x94, 0x5A, 0x42,
    0x3B, 0x48, 0xFC, 0x2C, 0xD1, 0xAF, 0x00, 0x6C, 0xA4, 0x2E, 0x00, 0xCF, 0x76, 0xA3, 0xB4, 0x52,
    0x52, 0xD5, 0x2B, 0x33, 0x9D, 0x92, 0x49, 0x6E, 0x0C, 0xA5, 0xC0, 0x54, 0xC7, 0x46, 0x27, 0x88,
    0xF0, 0x18, 0x5F, 0x80, 0x00, 0x91, 0x7D, 0x33, 0x6A, 0xC2, 0x1F, 0x89, 0x36, 0x17, 0xF2, 0xDB,
    0x6A, 0x1B, 0x6E, 0xCE, 0x5B, 0x31, 0xFF, 0xE3, 0x01, 0x3B, 0x22, 0xA2, 0x74, 0x8A, 0x75, 0xA5,
    0xC2, 0x56, 0x44, 0xAF, 0xD4, 0x09, 0x50, 0xF9, 0xC0, 0x23, 0x0B, 0x90, 0x07, 0xC6, 0xC7, 0x81,
    0x00, 0x05, 0xF9, 0x45, 0xAD, 0xC1, 0x83, 0x6F, 0xC1, 0xE1, 0xA7, 0xD6, 0x56, 0x2C, 0xF7, 0xF0,
    0xE1, 0x79, 0x7A, 0xB3, 0xE6, 0xAE, 0x62, 0x9D, 0xC2, 0xA1, 0x8B, 0xD7, 0x76, 0x12, 0x8D, 0x32,
    0x2C, 0x79, 0x28, 0x57, 0x0E, 0x3D, 0xE3, 0x37, 0x38, 0x87, 0x21, 0x02, 0x86, 0xF8, 0x05, 0xFB,
    0x17, 0xC8, 0x73, 0x2B, 0xA9, 0xA2, 0x40, 0x0B, 0xD4, 0x09, 0x83, 0xA3, 0xB3, 0xF5, 0xF9, 0xFF,
    0xBB, 0x17, 0xC7, 0xA5, 0xEF, 0x2F, 0x10, 0xB6, 0x0D, 0x64, 0xAE, 0xD5, 0x1E, 0x0C, 0x00, 0x35,
    0xE6, 0xA2, 0xD8, 0x3D, 0x9A, 0xB7, 0xE4, 0x63, 0xDA, 0x98, 0x30, 0xD6, 0xA4, 0xB7, 0xA5, 0xD5,
    0x5A, 0xB3, 0x1A, 0xD4, 0x48, 0x29, 0x92, 0xCB, 0x06, 0xC9, 0x50, 0x20, 0x00, 0x01, 0x0E, 0xF4,
    0x11, 0x31, 0xBE, 0x0F, 0x67, 0xCB, 0xB4, 0x0F, 0x36, 0x45, 0x55, 0xAF, 0x36, 0x58, 0x84, 0xF5,
    0xEA, 0x90, 0x50, 0xFE, 0x32, 0x9E, 0x53, 0xD9, 0x49, 0x64, 0x11, 0xAF, 0x41, 0xF4, 0xA8, 0xA9,
    0xF0, 0x77, 0xDC, 0x4E, 0x0E, 0x98, 0xA2, 0x06, 0x32, 0x96, 0x1B, 0x79, 0xBA, 0xDE, 0x29, 0x60,
    0x00, 0x06, 0x16, 0x2E, 0xAE, 0x28, 0xCF, 0x2C, 0xEF, 0x38, 0x51, 0xC3, 0xD9, 0xA7, 0x04, 0x33,
    0xD4, 0xD3, 0x37, 0x33, 0x7A, 0xCD, 0x92, 0x19, 0x7F, 0x09, 0x85, 0x0E, 0x14, 0xCD, 0xC7, 0xE3,
    0x36, 0x90, 0xA3, 0xE4, 0x9A, 0xD5, 0x50, 0x2E, 0x30, 0xA8, 0x00, 0x0E, 0xC6, 0x47, 0x71, 0xBF,
    0x37, 0x6A, 0x0F, 0xEC, 0xE2, 0x09, 0x5D, 0xBD, 0x7C, 0x2E, 0x58, 0xC0, 0x25, 0x84, 0x2F, 0x20,
    0x31, 0x1D, 0x14, 0x16, 0xAE, 0x2C, 0x39, 0x19, 0xBC, 0xD8, 0x66, 0x15, 0x16, 0x28, 0x61, 0x1A,
    0x49, 0x21, 0x88, 0x27, 0x32, 0x4C, 0x00, 0x0E, 0xCC, 0x2D, 0xAB, 0x07, 0xE4, 0xCA, 0x29, 0xC1,
    0x22, 0xDB, 0xD7, 0x64, 0x30, 0x42, 0xD6, 0x34, 0xEB, 0xCB, 0x35, 0x30, 0x21, 0x07, 0x8F, 0xED,
    0x14, 0x39, 0x50, 0xA0, 0x20, 0x2A, 0xFA, 0x57, 0x31, 0xA0, 0xE7, 0x80, 0x00, 0x01, 0x13, 0x5A,
    0xC1, 0x75, 0x25, 0xB6, 0x82, 0x1F, 0xB8, 0x20, 0xEC, 0xCA, 0x5C, 0xEC, 0x7C, 0xAA, 0x0F, 0x8D,
    0x55, 0xB0, 0xFE, 0xB8, 0xDD, 0xE5, 0x02, 0x32, 0x87, 0xF5, 0xAC, 0x2C, 0xDB, 0xBA, 0xBF, 0xD6,
    0x7A, 0xB7, 0xB0, 0x32, 0x57, 0xD4, 0x31, 0x7D, 0x2B, 0xE8, 0xC7, 0xBF, 0x90, 0x87, 0x74, 0x1A,
    0x62, 0x65, 0x78, 0xE9, 0x0E, 0xF0, 0x00, 0x06, 0x06, 0x9B, 0x02, 0x57, 0x67, 0x5A, 0xB4, 0x1B,
    0x40, 0x1B, 0xA6, 0xA0, 0xAB, 0xAB, 0xC1, 0xF2, 0x3E, 0xDF, 0x13, 0x75, 0x6A, 0x46, 0x82, 0x5A,
    0xE3, 0x44, 0xCB, 0x33, 0xA0, 0x37, 0x8D, 0x61, 0x95, 0x2D, 0xE4, 0x96, 0x56, 0x08, 0x30, 0x5D,
    0xA3, 0x39, 0xD4, 0x65, 0x6E, 0xDE, 0xCF, 0xCE, 0x00, 0x12, 0x72, 0x30, 0xC2, 0xF3, 0x1E, 0xAB,
    0x47, 0xB3, 0xE0, 0x6C, 0x32, 0x22, 0xF6, 0x84, 0x5B, 0x90, 0x1F, 0xC1, 0x74, 0x11, 0x4C, 0x04,
    0xAC, 0x0B, 0x1E, 0x7D, 0xAC, 0xDA, 0x71, 0xD9, 0xEE, 0x4A, 0x40, 0x7B, 0xC0, 0xB3, 0x1C, 0xDA,
    0x8C, 0x9B, 0xBC, 0x74, 0x18, 0x75, 0xDB, 0xD3, 0xFF, 0xBF, 0x80, 0x00, 0x59, 0x6F, 0xF2, 0x4C,
    0x50, 0x12, 0xF0, 0x38, 0x8D, 0x4A, 0xAF, 0xC9, 0xBC, 0xD5, 0x08, 0xDF, 0x85, 0xAB, 0x72, 0x99,
    0x99, 0xD8, 0x10, 0xE2, 0x3B, 0xC4, 0xC5, 0x99, 0x81, 0x52, 0x79, 0x0F, 0x29, 0xD0, 0xFC, 0x6B,
    0x04, 0xAC, 0xD8, 0xAF, 0x15, 0x1A, 0x00, 0x01, 0xE3, 0x1B, 0x4E, 0x46, 0x66, 0xC7, 0xB4, 0x1D,
    0x07, 0x02, 0xB4, 0xCC, 0xF7, 0xBC, 0x55, 0x10, 0xEB, 0x42, 0xE2, 0x2E, 0xC5, 0x52, 0x0B, 0x3A,
    0xFF, 0xFE, 0xBF, 0x85, 0x16, 0x73, 0x7D, 0x0F, 0xD9, 0x3B, 0x54, 0x00, 0xA8, 0x0D, 0x80, 0x43,
    0xBE, 0xC7, 0xB0, 0xCD, 0xCE, 0x31, 0x85, 0x8F, 0x1B, 0xDF, 0x6E, 0x0B, 0xF8, 0x5D, 0x55, 0x88,
    0xE0, 0xFC, 0x08, 0x83, 0x62, 0x40, 0xC2, 0xAD, 0xB3, 0x8C, 0x87, 0x31, 0x00, 0x90, 0x8F, 0xB9,
    0xA0, 0xAD, 0x6E, 0xAA, 0xA6, 0x24, 0xAA, 0xC4, 0xD9, 0x04, 0xFE, 0x7A, 0xB3, 0x86, 0x28, 0x87,
    0x51, 0x00, 0x51, 0x88, 0x25, 0xDE, 0xF6, 0x8D, 0x63, 0x24, 0xC2, 0x61, 0x11, 0xA7, 0x11, 0x00,
    0x01, 0x21, 0xBE, 0x08, 0xD1, 0x0F, 0x82, 0x3C, 0x7F, 0xC2, 0x4E, 0xDA, 0xD7, 0x32, 0xB9, 0x45,
    0x8F, 0x34, 0x26, 0xDF, 0x7E, 0x60, 0x2E, 0x05, 0x10, 0x1B, 0x1F, 0xE7, 0x48, 0x70, 0x00, 0x00,
    0xFF, 0x2B, 0xA9, 0x03, 0x01, 0x1B, 0xE1, 0x2D, 0xBA, 0x34, 0xC7, 0x6C, 0x67, 0xEF, 0xB4, 0xD3,
    0xC2, 0x94, 0x7E, 0xE9, 0x12, 0x0A, 0x81, 0x6C, 0x80, 0x85, 0x02, 0x16, 0x1D, 0xC8, 0x3C, 0x78,
    0x09, 0x79, 0xE6, 0xC4, 0x5C, 0x14, 0x44, 0x18, 0xBD, 0xED, 0x52, 0x07, 0xB8, 0x80, 0x86, 0x02,
    0x0D, 0x11, 0x2F, 0x3D, 0xC2, 0xAF, 0xC7, 0x55, 0x09, 0x41, 0x81, 0xF7, 0xB7, 0x95, 0x98, 0xD6,
    0x5C, 0x40, 0x00, 0xBB, 0x31, 0x17, 0xC1, 0x8C, 0x11, 0x6E, 0x30, 0x65, 0xE9, 0xD0, 0x71, 0xF9,
    0x06, 0x9D, 0x8F, 0xCB, 0x4B, 0xEE, 0x5A, 0x79, 0xB4, 0x0C, 0x62, 0xB9, 0xCC, 0x15, 0x29, 0xDF,
    0x5D, 0xAD, 0x57, 0x7A, 0x0F, 0x99, 0xAD, 0xFF, 0xC5, 0xBB, 0x73, 0xD4, 0xA6, 0x65, 0x75, 0x60,
    0xEE, 0x40, 0x80, 0x2A, 0x28, 0xF1, 0x04, 0x45, 0x0B, 0x7A, 0x8A, 0xB6, 0xFF, 0x64, 0x8C, 0x20,
    0x00, 0x14, 0x83, 0xE5, 0xC0, 0xC0, 0x8D, 0x8E, 0xEE, 0x80, 0x35, 0x7E, 0xAB, 0xAE, 0x77, 0x89,
    0x51, 0xF7, 0xB9, 0x8D, 0xD9, 0x11, 0xF0, 0xD8, 0xE8, 0xAD, 0xA8, 0x54, 0x00, 0xC1, 0x2A, 0xA2,
    0x2E, 0x38, 0xE6, 0xDA, 0x7B, 0xF3, 0xE4, 0xC4, 0x55, 0x5E, 0x46, 0x7E, 0xEA, 0xF6, 0xDE, 0x88,
    0x7C, 0xE6, 0x56, 0x07, 0xE0, 0x9B, 0x7D, 0x00, 0x43, 0x31, 0x25, 0xCF, 0x45, 0x10, 0x3F, 0x19,
    0xF2, 0x02, 0x65, 0xC0, 0xFB, 0x4A, 0x37, 0xD7, 0x82, 0xBA, 0xA1, 0xC2, 0x84, 0x1C, 0x81, 0x1F,
    0x56, 0x79, 0x73, 0x43, 0x24, 0xBD, 0x0A, 0xFD, 0x30, 0xF0, 0x9F, 0x70, 0x00, 0x8D, 0xD2, 0x44,
    0x55, 0x9F, 0xCA, 0xAC, 0x63, 0xB3, 0x75, 0x4B, 0x90, 0x61, 0x32, 0xD6, 0x08, 0x99, 0xE4, 0x5E,
    0x06, 0x84, 0xEF, 0x81, 0xA4, 0xF6, 0x7A, 0x9E, 0x14, 0x00, 0x44, 0x3F, 0x74, 0x6B, 0x06, 0x5E,
    0x19, 0x5C, 0x2F, 0xB4, 0x4E, 0xEB, 0x26, 0x6B, 0x52, 0x54, 0x4D, 0xBF, 0x7D, 0x7C, 0xD6, 0xAF,
    0xFA, 0x62, 0x0E, 0xED, 0x67, 0xB5, 0x3C, 0x34, 0x93, 0x9A, 0xEA, 0x00, 0xFE, 0xC7, 0xB6, 0xCF,
    0x52, 0xE9, 0xAD, 0xE7, 0xFA, 0x79, 0xD4, 0xDF, 0x82, 0x53, 0xAC, 0xA1, 0x3E, 0xB1, 0xBD, 0x5F,
    0x02, 0x76, 0x00, 0x22, 0x17, 0xC0, 0x00, 0x2D, 0x0B, 0x18, 0xD6, 0xD1, 0x3A, 0x16, 0x2F, 0x5C,
    0x4C, 0x77, 0xB9, 0xD4, 0x79, 0xB1, 0x43, 0x51, 0x15, 0x19, 0x10, 0x9D, 0x33, 0xBA, 0x11, 0x64,
    0x05, 0x93, 0x76, 0x6C, 0x81, 0x28, 0xA1, 0xA6, 0x01, 0xAA, 0xDE, 0x4C, 0xD3, 0xFC, 0xD9, 0xB6,
    0x4B, 0xFF, 0x05, 0x61, 0x93, 0x2A, 0x8D, 0xFB, 0x50, 0x72, 0x50, 0x83, 0x71, 0x02, 0x37, 0x4B,
    0x7A, 0xEC, 0x32, 0xFD, 0x4E, 0xAF, 0xC3, 0xC6, 0x7E, 0xA9, 0x48, 0x12, 0xAF, 0xBE, 0xCA, 0xB6,
    0x10, 0xFE, 0xDA, 0x82, 0x72, 0x02, 0x1D, 0x37, 0xC8, 0xB2, 0x87, 0xAE, 0xC6, 0xA5, 0x75, 0x55,
    0xBC, 0xFB, 0x51, 0xA3, 0xD8, 0xF5, 0x10, 0x87, 0x25, 0x00, 0x82, 0xC0, 0xC9, 0x14, 0xDA, 0x34,
    0xB1, 0xCF, 0xD4, 0xB5, 0x8C, 0xBE, 0x22, 0x6C, 0x87, 0x45, 0x00, 0x44, 0x5E, 0x61, 0x17, 0x08,
    0x23, 0xC0, 0x08, 0xA8, 0x0C, 0x00, 0xA2, 0x68, 0x24, 0x18, 0x16, 0x31, 0x52, 0x3F, 0xBB, 0xF8,
    0xA0, 0xAE, 0xE2, 0x4E, 0x65, 0x18, 0x95, 0xC2, 0xF5, 0x44, 0x58, 0x6E, 0x0B, 0x06, 0x99, 0x24,
    0xF4, 0xA1, 0xA0, 0x28, 0x80, 0x00, 0x4F, 0xDD, 0x17, 0x7C, 0x7E, 0x77, 0xC0, 0x00, 0x41, 0xA6,
    0xE4, 0x45, 0xD1, 0xCA, 0x1A, 0x20, 0xC0, 0x40, 0x28, 0xBD, 0xB8, 0x74, 0x1E, 0x00, 0x40, 0x28,
    0x7E, 0x1E, 0x1D, 0xB4, 0x00, 0x00, 0x0C, 0x0E, 0x25, 0xF1, 0xD8, 0xF1, 0x61, 0x20, 0xA0, 0x00,
    0xD2, 0x96, 0x13, 0xE4, 0x91, 0x3F, 0x7F, 0xB8, 0x33, 0xF2, 0x11, 0xD1, 0x0A, 0x99, 0xA3, 0x5C,
    0x7D, 0xD2, 0xE2, 0x46, 0x40, 0x80, 0x39, 0x4C, 0x92, 0x5E, 0x32, 0x1F, 0x53, 0x57, 0xEC, 0x85,
    0xE7, 0x1E, 0x8D, 0xF0, 0xFF, 0x02, 0x5E, 0x1D, 0xB2, 0x4D, 0xF6, 0xA0, 0x0C, 0x4F, 0x25, 0x40,
    0x42, 0x27, 0x80, 0xBB, 0x07, 0x2A, 0x7C, 0x93, 0xA9, 0x3B, 0x1D, 0x98, 0x00, 0xDA, 0x12, 0x6C,
    0x6E, 0x12, 0xF4, 0x31, 0xEF, 0x6E, 0xA0, 0x18, 0x66, 0x13, 0x67, 0x7F, 0xDC, 0x62, 0xCC, 0xD1,
    0x0A, 0x06, 0x2D, 0x10, 0x9A, 0xC0, 0xDC, 0x47, 0xE1, 0xBB, 0x26, 0x24, 0x11, 0x0E, 0x45, 0xBC,
    0xEA, 0xDD, 0xDE, 0x53, 0x6F, 0x88, 0xDA, 0xE0, 0x4E, 0xB7, 0x39, 0xCE, 0x10, 0x9E, 0x0B, 0xBF,
    0xA0, 0x00, 0x32, 0x3A, 0x06, 0x54, 0xED, 0xE6, 0x96, 0xDC, 0x8F, 0xF6, 0xFB, 0x4F, 0xD2, 0xE3,
    0xEF, 0x1D, 0x41, 0x7B, 0x1A, 0x87, 0xA5, 0xAA, 0x8D, 0x9D, 0x3A, 0xBE, 0xD2, 0xBA, 0x4F, 0x41,
    0xED, 0xB7, 0xC0, 0x96, 0x7A, 0x14, 0x5C, 0x37, 0x83, 0xC6, 0x07, 0xF7, 0xEB, 0xB0, 0xC5, 0x98,
    0x65, 0x67, 0xBF, 0xD0, 0x60, 0x87, 0x4A, 0x02, 0x8A, 0x96, 0x3C, 0x37, 0xD6, 0x62, 0xE6, 0x80,
    0x6F, 0xE1, 0x99, 0xA9, 0x6E, 0xB7, 0xE5, 0xD8, 0x62, 0x40, 0x00, 0x75, 0xF8, 0xBD, 0xC7, 0x18,
    0xB5, 0x0A, 0xE5, 0x2D, 0x71, 0xF4, 0xBD, 0xA9, 0x4F, 0xA2, 0x6A, 0xEF, 0xE8, 0xC8, 0xAF, 0xAB,
    0x18, 0x01, 0xDC, 0x8B, 0x74, 0x02, 0x98, 0x20, 0xD4, 0x7C, 0xE2, 0x54, 0x87, 0x27, 0x00, 0x6D,
    0xC5, 0x2C, 0x28, 0xDC, 0xEE, 0x13, 0xE6, 0xFB, 0x72, 0xEF, 0xB1, 0x8F, 0x8B, 0x9E, 0x39, 0x29,
    0x08, 0x71, 0xA9, 0xC6, 0x5F, 0x4E, 0xBE, 0x80, 0x87, 0x52, 0x00, 0x74, 0xFB, 0xC7, 0x3F, 0x59,
    0x7B, 0x39, 0x9A, 0xB9, 0x51, 0x11, 0x5E, 0x4B, 0x26, 0x4B, 0x83, 0x28, 0x00, 0x67, 0x35, 0x20,
    0xBB, 0x2D, 0xD6, 0x82, 0x31, 0xA1, 0x00, 0x53, 0xEF, 0xE1, 0x3B, 0xE4, 0xD7, 0xD7, 0x2A, 0x47,
    0x22, 0xD2, 0xDF, 0xB6, 0x7B, 0xEB, 0x10, 0x00, 0x05, 0x08, 0xF3, 0xDC, 0xF7, 0x08, 0x79, 0xE5,
    0x27, 0x2B, 0x48, 0x4C, 0x92, 0x5E, 0x2D, 0xC5, 0xCE, 0x4D, 0x06, 0x6B, 0x80, 0x8A, 0xA2, 0x02,
    0x35, 0x5D, 0x76, 0xF2, 0x25, 0xEA, 0xED, 0xBC, 0x1F, 0xE9, 0x24, 0x00, 0x00, 0x18, 0x16, 0xEA,
    0x2A, 0xEF, 0x2A, 0x23, 0x0F, 0x8F, 0x99, 0x7B, 0xAA, 0x57, 0x47, 0x46, 0x61, 0xE7, 0xB9, 0x7E,
    0x69, 0x3E, 0xBE, 0xCC, 0xED, 0x50, 0xDC, 0xDB, 0xC6, 0x2C, 0xED, 0x34, 0xF0, 0xD2, 0x31, 0x61,
    0x78, 0x8E, 0xF4, 0x00, 0x2C, 0x58, 0xBE, 0x4E, 0xFE, 0xC9, 0x74, 0xD5, 0x96, 0xA1, 0x51, 0x64,
    0x42, 0x8F, 0xFC, 0x93, 0x5E, 0x2A, 0x41, 0xBC, 0x52, 0x88, 0xFF, 0x39, 0xF1, 0x8F, 0x76, 0x30,
    0x00, 0x07, 0xFF, 0x25, 0xB3, 0x6B, 0xA7, 0x78, 0x60, 0xA3, 0x5C, 0x33, 0x06, 0x8D, 0x8C, 0x6F,
    0x46, 0xA3, 0xE0, 0x07, 0xA1, 0x0E, 0x57, 0x43, 0x79, 0xD4, 0x9B, 0x97, 0x7E, 0x85, 0x59, 0xCA,
    0x49, 0x0C, 0x87, 0x22, 0x7E, 0x58, 0x39, 0x25, 0x0E, 0xBA, 0x4F, 0xB5, 0x97, 0x64, 0xF5, 0x55,
    0x95, 0x10, 0x68, 0x6A, 0x10, 0xCD, 0xC2, 0x8C, 0x95, 0xF6, 0x9E, 0x26, 0xDC, 0x81, 0x6D, 0x80,
    0x00, 0x07, 0xF9, 0xF9, 0xF6, 0xDC, 0x4D, 0xBA, 0xB6, 0x39, 0xD6, 0xA5, 0x80, 0x95, 0x57, 0x5D,
    0x50, 0x3A, 0xF1, 0x79, 0xF6, 0xA2, 0x7F, 0x44, 0x98, 0x96, 0xF0, 0xF5, 0x9F, 0xDE, 0x9F, 0xF4,
    0x38, 0xCA, 0x5F, 0xBA, 0x76, 0x57, 0x90, 0x85, 0xA9, 0xE1, 0x23, 0x37, 0x3B, 0x84, 0x27, 0x19,
    0x2B, 0x6E, 0x0E, 0xAB, 0xFA, 0x92, 0x80, 0x87, 0x28, 0x02, 0x9D, 0xD9, 0x3B, 0x9F, 0x8D, 0x30,
    0x9A, 0xB2, 0x3E, 0xD8, 0xFB, 0x92, 0xBC, 0x76, 0x1F, 0x48, 0x2E, 0x7E, 0xBA, 0xA5, 0x4C, 0x5F,
    0x8C, 0x3A, 0xFB, 0x80, 0xBE, 0x67, 0xC5, 0xE6, 0xFB, 0x68, 0x87, 0x48, 0x02, 0x5D, 0x72, 0x86,
    0x15, 0xA6, 0xBB, 0x5E, 0xC7, 0xAA, 0x88, 0x90, 0x11, 0x03, 0x78, 0x24, 0xB8, 0xCB, 0xE0, 0x34,
    0xD4, 0xCA, 0x3E, 0x11, 0x94, 0xF4, 0x08, 0xC0, 0x87, 0x2D, 0x00, 0x74, 0x7E, 0x1D, 0x42, 0x78,
    0xA1, 0xBD, 0x5E, 0xAD, 0xE1, 0x7C, 0x53, 0x2E, 0x1F, 0x75, 0x23, 0x44, 0xDF, 0xFA, 0x54, 0x3A,
    0x79, 0xB5, 0xBD, 0xFC, 0x6E, 0xB5, 0x05, 0xF4, 0x12, 0x93, 0x65, 0xBA, 0xF7, 0xB5, 0xB4, 0x00,
    0x00, 0xBA, 0x7E, 0xB0, 0xF0, 0x15, 0x4F, 0x1A, 0x7A, 0xC9, 0x56, 0x76, 0x84, 0x60, 0x7B, 0x2D,
    0x15, 0x6F, 0xAA, 0x85, 0xF0, 0x27, 0xE0, 0x31, 0x65, 0x22, 0xF8, 0x47, 0xEC, 0xD4, 0x75, 0x01,
    0x7A, 0x6F, 0x80, 0x8E, 0x1D, 0x02, 0x7E, 0x2D, 0x6E, 0x80, 0x8A, 0x3E, 0x0D, 0x22, 0x1F, 0x2D,
    0x45, 0xEF, 0xEF, 0xDE, 0x8C, 0x8D, 0xCE, 0x60, 0x7B, 0xB1, 0x2F, 0x0D, 0xD4, 0x34, 0x9E, 0x8E,
    0xA8, 0xDD, 0xE6, 0x06, 0x81, 0xF1, 0xEB, 0x21, 0x30, 0x87, 0xAC, 0x02, 0x6A, 0x21, 0x52, 0xA9,
    0x75, 0x1E, 0x00, 0xBB, 0x22, 0xEB, 0x09, 0x4E, 0x41, 0xA2, 0xEB, 0xE0, 0x77, 0x9D, 0x9A, 0x29,
    0x39, 0x21, 0xA8, 0x98, 0x53, 0xDD, 0x56, 0x38, 0x80, 0x87, 0xF3, 0x00, 0x76, 0x53, 0x1B, 0x34,
    0xC0, 0x82, 0x24, 0xF1, 0xB0, 0x22, 0x38, 0xCF, 0x49, 0xCD, 0x6C, 0xFB, 0x12, 0x59, 0x7D, 0xC9,
    0x04, 0x19, 0x24, 0x0F, 0xE3, 0xA3, 0x5A, 0xB8, 0xC9, 0x95, 0x31, 0x17, 0xB7, 0x31, 0x22, 0x80,
    0x00, 0x79, 0xC4, 0x1D, 0x26, 0x20, 0x41, 0x73, 0x83, 0xEE, 0xF4, 0xB8, 0x0C, 0xE2, 0x84, 0x10,
    0x13, 0x10, 0x12, 0x26, 0xF2, 0xE5, 0x13, 0x20, 0xA5, 0xEA, 0xF3, 0xF8, 0xA1, 0x68, 0x8C, 0x6B,
    0x18, 0x5F, 0x0B, 0xAB, 0x06, 0xBC, 0x00, 0x00, 0x58, 0x67, 0xC8, 0xB0, 0xBA, 0x02, 0x90, 0xDA,
    0xBF, 0x61, 0x70, 0xC0, 0xE4, 0x40, 0x1B, 0x24, 0xF1, 0xB3, 0xC5, 0xC8, 0xBF, 0xCE, 0x68, 0x05,
    0xF9, 0x8A, 0x87, 0x7B, 0x06, 0x8B, 0xF2, 0x23, 0xC5, 0x6A, 0x8C, 0x8B, 0x5C, 0xFE, 0x28, 0xA8,
    0x00, 0x05, 0x8B, 0xB4, 0x17, 0xF2, 0xF4, 0x5A, 0x31, 0x36, 0xA6, 0xAD, 0x6B, 0x1E, 0xBF, 0xFF,
    0x3E, 0x0E, 0x90, 0x51, 0x98, 0x98, 0x85, 0x86, 0x3C, 0x12, 0x97, 0x4C, 0xE8, 0x35, 0x0A, 0xA7,
    0xF0, 0x87, 0x2A, 0x00, 0x62, 0xE3, 0x29, 0xFC, 0x32, 0xBF, 0xBD, 0x69, 0xE3, 0xA9, 0xA5, 0xC0,
    0x65, 0xC0, 0x00, 0x05, 0xD8, 0xAC, 0x25, 0x40, 0x8A, 0x2E, 0x29, 0x6F, 0xFC, 0x0B, 0x05, 0x24,
    0x0D, 0x8D, 0x30, 0xE1, 0x32, 0x87, 0xC0, 0x80, 0x54, 0xC7, 0xDD, 0xE3, 0x58, 0x6F, 0xF8, 0x71,
    0xC7, 0x79, 0xB9, 0x23, 0xCA, 0x80, 0x00, 0x00, 0xE0, 0xDD, 0x4C, 0x90, 0x33, 0xB8, 0xF0, 0xEA,
    0x73, 0xBC, 0xC7, 0xB1, 0xA8, 0xED, 0xC3, 0xD6, 0x4E, 0x90, 0x92, 0x63, 0x60, 0xB0, 0x17, 0xD4,
    0x64, 0x5C, 0x4B, 0x09, 0x30, 0x77, 0x5F, 0x3C, 0x60, 0x00, 0x05, 0xEF, 0x6C, 0x46, 0x97, 0xCD,
    0xCB, 0xC7, 0x77, 0x53, 0xB2, 0x09, 0x9D, 0x86, 0x35, 0x03, 0x93, 0x7F, 0x5F, 0x33, 0x36, 0xA1,
    0x4C, 0x3E, 0x76, 0x67, 0x98, 0xAE, 0x7F, 0xD5, 0x60, 0x15, 0x80, 0x00, 0x00, 0x0C, 0x89, 0x32,
    0x82, 0x83, 0x3E, 0x99, 0x63, 0xBE, 0xA2, 0x46, 0x5D, 0xCD, 0xA8, 0x27, 0x17, 0xB1, 0x88, 0xE8,
    0x21, 0x80, 0xC4, 0x7F, 0xB4, 0x31, 0x15, 0xB1, 0x33, 0xAC, 0x18, 0xAE, 0x40, 0x28, 0xB4, 0x6B,
    0x65, 0x4A, 0x7A, 0x20, 0xF5, 0x58, 0xEA, 0x9E, 0xFF, 0xBF, 0x89, 0xF2, 0x2F, 0x57, 0x8C, 0x00,
    0x05, 0x15, 0x43, 0x17, 0x81, 0x73, 0xD0, 0x86, 0xD0, 0x62, 0x2A, 0x3D, 0x0A, 0x81, 0xE4, 0x85,
    0x7A, 0x32, 0x04, 0x61, 0xD2, 0x64, 0x7F, 0x32, 0xBD, 0x57, 0x9C, 0x6E, 0x35, 0xCE, 0xA7, 0x6B,
    0xDF, 0x07, 0xD2, 0x06, 0xBE, 0xE9, 0x83, 0xED, 0xE1, 0xE0, 0x20, 0x00, 0x8B, 0x72, 0xC2, 0x94,
    0xE8, 0xAD, 0x41, 0xEA, 0x6D, 0xE3, 0xAC, 0x45, 0xD9, 0x98, 0x7C, 0xD5, 0x4E, 0x46, 0x7A, 0xE1,
    0x17, 0x86, 0x0D, 0x3F, 0xE2, 0xB9, 0x36, 0xB7, 0x12, 0xE7, 0x8C, 0x40, 0xE8, 0x8A, 0x8F, 0xC5,
    0xB9, 0x1F, 0x34, 0x05, 0xDC, 0xDC, 0x9C, 0x00, 0x14, 0x5F, 0x33, 0xAA, 0x86, 0x12, 0x7A, 0x35,
    0xCA, 0xA8, 0xCE, 0x9C, 0x37, 0xBB, 0x5A, 0xF9, 0xF2, 0x57, 0xE8, 0xAB, 0x14, 0xA7, 0x68, 0xC7,
    0x53, 0x08, 0x27, 0x81, 0xA3, 0xBC, 0xCB, 0xF5, 0x99, 0x25, 0x86, 0xB0, 0x87, 0x25, 0x00, 0x82,
    0xC0, 0xC9, 0x0D, 0xBD, 0x0D, 0xD9, 0x4D, 0x79, 0x7D, 0x39, 0x04, 0x47, 0x2A, 0x87, 0x45, 0x00,
    0x44, 0x5E, 0x53, 0xD5, 0x81, 0x8A, 0xEC, 0xC4, 0x14, 0x26, 0x35, 0x51, 0x6D, 0x20, 0x87, 0x36,
    0x00, 0x5B, 0x19, 0x09, 0x8F, 0xF9, 0x39, 0xF6, 0x67, 0xDA, 0x68, 0xEB, 0x00, 0x05, 0x0D, 0x86,
    0x67, 0x5D, 0xB1, 0x60, 0x41, 0x49, 0x79, 0x5B, 0x98, 0x48, 0x5B, 0xC3, 0x73, 0x8F, 0xC0, 0xCF,
    0xFB, 0xBB, 0x15, 0x4E, 0x14, 0x58, 0x87, 0x3B, 0x00, 0x70, 0x11, 0x16, 0x68, 0x80, 0xB5, 0x40,
    0x9C, 0x84, 0x87, 0x58, 0x00, 0x66, 0x43, 0x36, 0xC5, 0x47, 0xBC, 0x81, 0x6D, 0xEB, 0x6D, 0x2B,
    0xD7, 0xCB, 0x68, 0x87, 0x3B, 0x00, 0x70, 0x11, 0x16, 0x68, 0x80, 0xB4, 0xB6, 0x9E, 0x63, 0xB0,
    0xE4, 0x20, 0xCD, 0x49, 0xB4, 0x87, 0xC0, 0x02, 0x66, 0x43, 0x36, 0xC5, 0x47, 0x65, 0xEE, 0x92,
    0x2D, 0xB8, 0x7E, 0xFD, 0x50, 0x80, 0x87, 0x3A, 0x00, 0x45, 0x84, 0x5A, 0x89, 0x73, 0x3B, 0x72,
    0x86, 0xAA, 0xC2, 0x76, 0x77, 0x8F, 0x30, 0x53, 0x38, 0xBF, 0x80, 0x00, 0x06, 0x1D, 0x66, 0x06,
    0x6F, 0x76, 0x34, 0x34, 0xAF, 0x09, 0x6E, 0xBA, 0x0A, 0xD2, 0x29, 0xD7, 0x5D, 0x43, 0x70, 0x8C,
    0xB1, 0x17, 0x84, 0x2E, 0xCC, 0xF5, 0x23, 0x58, 0x0B, 0x23, 0x5C, 0x8E, 0x7A, 0x20, 0x28, 0x00,
    0x05, 0x31, 0x33, 0x42, 0x46, 0xC1, 0x59, 0x0C, 0x2D, 0x84, 0x96, 0xB0, 0x5A, 0xCD, 0x6F, 0xA1,
    0x1F, 0x87, 0xF1, 0xA4, 0x70, 0x01, 0x1A, 0x11, 0xFF, 0x01, 0x25, 0xA7, 0xAA, 0x99, 0xE7, 0xBC,
    0xCC, 0x68, 0x42, 0xE3, 0xE2, 0x94, 0x00, 0x05, 0x3A, 0xA8, 0xE5, 0x21, 0xE5, 0x78, 0xB0, 0xFC,
    0x1D, 0x3A, 0x6B, 0xEA, 0xDB, 0xD2, 0x53, 0x79, 0xA5, 0xF6, 0xA9, 0x93, 0xA0, 0x05, 0x19, 0x1A,
    0x7E, 0xBA, 0x18, 0x4A, 0xF7, 0xDA, 0x82, 0xB8, 0x2E, 0xA5, 0xA9, 0x9B, 0xF2, 0xF9, 0x40, 0x00,
    0x00, 0xCA, 0xCA, 0xF3, 0x2B, 0x27, 0x92, 0xDA, 0x46, 0x50, 0x71, 0xA0, 0xF0, 0xFB, 0xBD, 0x63,
    0x85, 0x77, 0x9A, 0x05, 0x75, 0xE7, 0x9C, 0x9C, 0xB6, 0xF5, 0x69, 0x00, 0x1E, 0x80, 0xB5, 0x0D,
    0xFC, 0x87, 0x58, 0x02, 0x69, 0xBA, 0xB7, 0x1C, 0x14, 0x97, 0x0C, 0xE0, 0x77, 0x31, 0x2E, 0x15,
    0x0F, 0x35, 0xCD, 0xAE, 0x7A, 0xCC, 0x3F, 0xD4, 0xB5, 0x25, 0xBC, 0x0A, 0xF3, 0x08, 0x87, 0x38,
    0x02, 0x47, 0x64, 0xB8, 0xA6, 0xAC, 0xA8, 0x83, 0xE0, 0xC1, 0x99, 0x26, 0x6A, 0xE7, 0x6B, 0x40,
    0x87, 0x58, 0x02, 0x6C, 0xF0, 0xC6, 0x57, 0x25, 0xC7, 0x2C, 0x70, 0x23, 0xBE, 0xFB, 0x80, 0x87,
    0x30, 0x02, 0x86, 0xED, 0x1B, 0x03, 0x58, 0xE3, 0xA3, 0x91, 0x3B, 0xE3, 0x09, 0x02, 0xF4, 0x62,
    0x3B, 0xA6, 0x9D, 0xFD, 0xA7, 0x6C, 0x48, 0xD3, 0xCA, 0xC0, 0x87, 0x4A, 0x00, 0xAA, 0x21, 0xD9,
    0x11, 0x38, 0xD0, 0x00, 0xA8, 0xF8, 0xCD, 0xDC, 0x22, 0xAE, 0x87, 0xDA, 0xBD, 0xFD, 0xE7, 0x2F,
    0xBE, 0x52, 0xF2, 0x98, 0x4B, 0xE9, 0xBF, 0x3B, 0xF6, 0x05, 0xF3, 0x13, 0x66, 0x1C, 0x76, 0xA7,
    0x48, 0xBE, 0xC3, 0xCC, 0x4F, 0xF2, 0x58, 0x85, 0xE2, 0x00, 0x3B, 0x21, 0x63, 0x6D, 0xE7, 0xBC,
    0x45, 0x6F, 0x90, 0x4D, 0xDB, 0xEE, 0x8F, 0x24, 0x87, 0xC0, 0xF0, 0x41, 0xCF, 0xEF, 0xE4, 0xEE,
    0x17, 0x2B, 0xE0, 0x2F, 0x46, 0xC0, 0x87, 0xCD, 0x02, 0xAB, 0x71, 0xB2, 0x3F, 0x95, 0xCD, 0x63,
    0x3E, 0x9A, 0xC7, 0x15, 0xE6, 0x66, 0x32, 0xBB, 0xB0, 0x87, 0xCE, 0x02, 0x60, 0xA0, 0xB0, 0x6A,
    0xB7, 0x47, 0x58, 0x36, 0x28, 0x13, 0x23, 0xE0, 0x70, 0x87, 0x2B, 0x00, 0x6C, 0x83, 0xB0, 0x81,
    0x27, 0x02, 0x4B, 0xE6, 0xA5, 0x95, 0xB8, 0xE7, 0x07, 0xFE, 0xB2, 0xEB, 0xA6, 0xCC, 0x0B, 0xDB,
    0x5D, 0xAE, 0x0C, 0x99, 0xAD, 0x2A, 0xCA, 0xF0, 0x81, 0x47, 0x02, 0x30, 0x73, 0xD8, 0x24, 0x0F,
    0xB4, 0x45, 0x92, 0x68, 0xE0, 0xFB, 0x04, 0xEA, 0x49, 0x9A, 0x8E, 0x6B, 0x2B, 0x63, 0x50, 0x87,
    0xAF, 0x02, 0x69, 0xCA, 0x97, 0xBF, 0x68, 0x37, 0x7F, 0xDE, 0xC9, 0x78, 0x79, 0xC5, 0x08, 0xA8,
    0x92, 0x85, 0x39, 0xEF, 0x1D, 0x7A, 0xB9, 0x90, 0xAB, 0x03, 0x98, 0xBC, 0x33, 0x89, 0x77, 0xAD,
    0xAB, 0x3A, 0x22, 0x68, 0x36, 0x9E, 0x00, 0x00, 0xB7, 0xAC, 0x66, 0x59, 0xDB, 0xC4, 0x27, 0xE4,
    0x02, 0x23, 0xEC, 0x36, 0xD9, 0xDC, 0x83, 0x1E, 0x61, 0xF3, 0x36, 0x65, 0xC6, 0xC5, 0x97, 0x3C,
    0x57, 0x7D, 0xA6, 0xD6, 0x5B, 0xD4, 0x57, 0x2D, 0xF8, 0x5B, 0xFD, 0xEC, 0x90, 0xD8, 0x02, 0x87,
    0x2C, 0x02, 0x5D, 0xDA, 0xCE, 0xDB, 0x42, 0xF1, 0x6B, 0x9A, 0xB4, 0x61, 0xBA, 0x91, 0x57, 0x90,
    0x51, 0x87, 0x4C, 0x02, 0x46, 0x18, 0x3A, 0x26, 0x5D, 0xD5, 0xA0, 0xC9, 0x18, 0x59, 0xE4, 0x54,
    0xE0, 0x87, 0x2A, 0x00, 0x62, 0xE3, 0x29, 0xFC, 0x32, 0xC4, 0x53, 0x11, 0x9E, 0xA6, 0xFF, 0xCF,
    0x20, 0xA0, 0x76, 0x8B, 0x79, 0xB3, 0x8B, 0x87, 0xB4, 0x02, 0x6B, 0x59, 0xB8, 0xC1, 0xBF, 0x45,
    0xFC, 0x90, 0x9C, 0x70, 0x67, 0x97, 0x25, 0xBA, 0x51, 0x7E, 0xB3, 0x28, 0x50, 0x87, 0x2A, 0x00,
    0x62, 0xE3, 0x29, 0xFC, 0x32, 0xBF, 0x72, 0x96, 0x7D, 0x1C, 0x12, 0x59, 0x54, 0xF4, 0x04, 0x87,
    0x4E, 0x02, 0x6C, 0xF0, 0xC5, 0xF6, 0xA3, 0xF3, 0x21, 0xCB, 0x00, 0x5B, 0xF9, 0xCB, 0x46, 0x40,
    0x87, 0x38, 0x02, 0x47, 0x64, 0xB8, 0xA9, 0x83, 0xE3, 0x30, 0x12, 0x70, 0x1E, 0x51, 0x93, 0x2D,
    0x78, 0x2B, 0x0E, 0x8A, 0xBC, 0x30, 0x87, 0xC8, 0x02, 0x6C, 0x39, 0x3D, 0x37, 0x52, 0x2C, 0x68,
    0xE4, 0xAF, 0x9D, 0xBF, 0x30, 0x85, 0x36, 0x87, 0x2F, 0x00, 0x87, 0xD2, 0x2A, 0x95, 0xC3, 0xC9,
    0x7B, 0xC3, 0x7D, 0xB9, 0x8C, 0x95, 0x49, 0x02, 0x21, 0xBD, 0xCA, 0xE4, 0x3A, 0x41, 0x00, 0x02,
    0x0E, 0xC2, 0x20, 0xEB, 0x9B, 0xCB, 0x3C, 0xDB, 0x20, 0x7E, 0x1B, 0x91, 0x2B, 0x41, 0xE7, 0x10,
    0x48, 0xAB, 0x26, 0x65, 0x17, 0xD1, 0xC1, 0xDD, 0x73, 0x9B, 0xC0, 0x3C, 0x3F, 0x98, 0x6A, 0x2C,
    0x96, 0x1E, 0x58, 0x5B, 0xE4, 0x73, 0x22, 0xB7, 0x63, 0xC8, 0x48, 0x75, 0x8B, 0xEC, 0x88, 0x24,
    0x97, 0x87, 0x2B, 0x00, 0x6C, 0x83, 0xB0, 0x85, 0xC1, 0x00, 0x25, 0x8C, 0x9D, 0xC7, 0x10, 0x92,
    0x39, 0xC5, 0x7C, 0xD6, 0x6B, 0x20, 0x70, 0x45, 0x8C, 0xC0, 0x88, 0x82, 0x01, 0xF5, 0xFB, 0x3E,
    0x3A, 0x12, 0x4C, 0x7B, 0xA8, 0x53, 0x4A, 0x3A, 0x81, 0x7D, 0xA2, 0xDD, 0x78, 0xE8, 0x87, 0x85,
    0x00, 0x6B, 0x70, 0xAB, 0x46, 0x6D, 0x4B, 0x7A, 0xD0, 0x50, 0xB1, 0xA5, 0x70, 0x87, 0xA5, 0x00,
    0x76, 0xE2, 0x30, 0x8B, 0x14, 0x14, 0xA1, 0x2E, 0xF3, 0xD0, 0x80, 0x87, 0x87, 0x00, 0x63, 0x5A,
    0x79, 0x14, 0xAB, 0x50, 0x74, 0x36, 0x3B, 0x9F, 0x93, 0x7D, 0x88, 0x87, 0xA7, 0x00, 0x46, 0xEC,
    0x6E, 0xC7, 0x90, 0xD6, 0x88, 0x7B, 0xB8, 0xEE, 0x34, 0xB9, 0x87, 0xD5, 0x00, 0x66, 0x07, 0x05,
    0x4C, 0x58, 0xF0, 0x25, 0x5C, 0x84, 0x70, 0xA5, 0xCF, 0x48, 0x60, 0x87, 0xD6, 0x00, 0x87, 0xD9,
    0x12, 0x95, 0xB1, 0x90, 0x90, 0x8C, 0xFB, 0xB8, 0x66, 0x07, 0xE3, 0x5B, 0x00, 0x80, 0x6E, 0x80,
    0x4A, 0x9B, 0x13, 0xBF, 0x9D, 0x77, 0x45, 0x1D, 0x4F, 0x14, 0xA8, 0x43, 0x8A, 0x22, 0xD7, 0xCA,
    0xD3, 0x0C, 0x4B, 0xCD, 0xB7, 0xCA, 0x76, 0x49, 0x7A, 0x99, 0x0D, 0x87, 0x5E, 0x01, 0x5A, 0xFD,
    0x98, 0xD8, 0x3C, 0x70, 0x80, 0x82, 0xE9, 0x02, 0x20, 0xFA, 0x66, 0x3A, 0x94, 0x4B, 0xB3, 0xA1,
    0x10, 0x22, 0x4A, 0x58, 0x78, 0x30, 0x81, 0x5E, 0x01, 0x12, 0x5B, 0xF1, 0xC2, 0xA6, 0x67, 0x62,
    0x07, 0xCF, 0xA4, 0x8E, 0x6B, 0x96, 0x81, 0x27, 0x02, 0x49, 0xFF, 0x1C, 0x60, 0x7F, 0x94, 0x1C,
    0x43, 0x71, 0x67, 0xC5, 0xA4, 0x30, 0xA4, 0x43, 0x30, 0x4A, 0xC4, 0xA2, 0x31, 0xC0, 0x81, 0x47,
    0x02, 0x3A, 0x9C, 0x94, 0x98, 0x8B, 0xCD, 0xF9, 0x2A, 0x54, 0x16, 0x61, 0xDC, 0x4C, 0xBF, 0xA0,
    0x42, 0x36, 0x7B, 0xCC, 0x82, 0x28, 0x02, 0x1C, 0x8B, 0x61, 0xBC, 0xF5, 0x3F, 0x26, 0x91, 0x87,
    0xA5, 0xEE, 0x91, 0xAB, 0x04, 0xF8, 0x81, 0x48, 0x02, 0x0D, 0x9C, 0x9F, 0xCC, 0xA0, 0xF2, 0xC6,
    0x66, 0x76, 0xC8, 0xE5, 0xC3, 0xCB, 0xFC, 0x80, 0x8E, 0x6F, 0x01, 0x61, 0xDC, 0xA0, 0xC4, 0x1D,
    0xAC, 0x4C, 0xDB, 0x8E, 0x70, 0x01, 0x65, 0xFC, 0xEC, 0x20, 0xED, 0x40, 0x8F, 0xB4, 0xAC, 0x8A,
    0x1E, 0x02, 0x1D, 0xC5, 0x8B, 0x10, 0xA1, 0x02, 0x6F, 0x85, 0xB6, 0x0D, 0x3C, 0x28, 0x4C, 0x83,
    0x49, 0x02, 0x19, 0xD6, 0xE6, 0xD0, 0x6E, 0xEB, 0x03, 0xDF, 0x83, 0xF6, 0xD8, 0x88, 0x1E, 0x02,
    0x86, 0xB3, 0xB6, 0xDA, 0xD1, 0x42, 0x50, 0x92, 0xAC, 0xE9, 0x05, 0x73, 0xD4, 0x14, 0xFF, 0x80,
    0x81, 0x49, 0x02, 0x20, 0xFA, 0x66, 0x3A, 0x06, 0xA5, 0x22, 0x4A, 0x13, 0xCF, 0x80, 0xA8, 0xA1,
    0x2C, 0x87, 0x97, 0x00, 0x61, 0x3B, 0xC0, 0xAE, 0x48, 0x53, 0x5D, 0xD8, 0x05, 0x18, 0x87, 0xB7,
    0x00, 0x86, 0xBF, 0x00, 0xE8, 0xE1, 0x09, 0xFA, 0x2D, 0x60, 0x87, 0x31, 0x00, 0x90, 0x8F, 0xB9,
    0xC8, 0xFA, 0x28, 0xAC, 0x29, 0x57, 0xCA, 0x40, 0x39, 0xCE, 0x80, 0x87, 0x51, 0x00, 0x51, 0x89,
    0x03, 0xC5, 0x67, 0xD2, 0xFC, 0x14, 0xE5, 0x87, 0x5C, 0x82, 0xF9, 0x02, 0x2C, 0x1A, 0x58, 0x2C,
    0xDC, 0x7B, 0xEB, 0xC1, 0x84, 0x70, 0x7F, 0x2E, 0x5D, 0xEF, 0x81, 0xFA, 0x02, 0x11, 0x7D, 0xC4,
    0x5D, 0xE5, 0xCD, 0xE0, 0x1B, 0x7F, 0xA4, 0x28, 0x88, 0x01, 0xA0, 0x82, 0x3E, 0x02, 0x1C, 0x8B,
    0x6D, 0xCF, 0xDE, 0x22, 0xB6, 0xD0, 0xCC, 0x7F, 0x13, 0x03, 0xCC, 0x8D, 0xA0, 0x81, 0x5E, 0x02,
    0x0D, 0x9D, 0xAA, 0xFD, 0x92, 0xA5, 0xC3, 0xFD, 0x35, 0x3C, 0x51, 0x19, 0x30, 0x83, 0x34, 0x02,
    0x19, 0x97, 0x97, 0xCA, 0xBF, 0x9F, 0x16, 0x0E, 0x65, 0x92, 0x68, 0x3A, 0x88, 0x80, 0x83, 0x5B,
    0x00, 0x14, 0x08, 0x3E, 0x09, 0x7B, 0xEA, 0x73, 0x7D, 0x5E, 0x44, 0x6D, 0x2C, 0x81, 0x34, 0x02,
    0x2C, 0x1A, 0x63, 0xF0, 0x5A, 0xB2, 0x85, 0x4F, 0x64, 0xA3, 0x3C, 0x20, 0x61, 0x1F, 0x59, 0x20,
    0x48, 0x81, 0x5B, 0x00, 0x20, 0xF7, 0x2C, 0x46, 0xFE, 0x0F, 0x23, 0x14, 0x75, 0x4B, 0xC4, 0x64,
    0x62, 0x82, 0x22, 0x80, 0x80, 0x34, 0x02, 0x3E, 0xC4, 0x26, 0x39, 0xA7, 0xF6, 0xAD, 0xD8, 0x79,
    0x9B, 0xF0, 0x6A, 0xA3, 0xCD, 0xB6, 0x1D, 0xBB, 0x32, 0x80, 0x5B, 0x00, 0x34, 0xAC, 0xD5, 0x98,
    0x2E, 0x41, 0xA2, 0xA4, 0xBD, 0x35, 0x8D, 0x9A, 0xF3, 0x2F, 0xEA, 0x17, 0xC0, 0x81, 0x38, 0x02,
    0x30, 0x5D, 0x93, 0x03, 0x42, 0x71, 0xA1, 0xA5, 0x83, 0x57, 0x9C, 0xBF, 0xBA, 0xB8, 0x81, 0x58,
    0x02, 0x21, 0x18, 0x21, 0xAA, 0x67, 0xA2, 0xF1, 0x6E, 0x95, 0x9C, 0x4F, 0x88, 0x3A, 0x60, 0x87,
    0x28, 0x00, 0x59, 0x83, 0x76, 0x61, 0x8D, 0xD8, 0xFD, 0x58, 0x34, 0xBB, 0x87, 0xA4, 0x02, 0x68,
    0x4C, 0xAE, 0xD5, 0xFD, 0xB8, 0xE7, 0xE7, 0x9C, 0xB7, 0xC0, 0x81, 0x3C, 0x02, 0x3E, 0x7A, 0xC4,
    0xC1, 0x78, 0x6F, 0x43, 0x26, 0x6E, 0x20, 0x5B, 0x1F, 0xC0, 0x28, 0xA5, 0x81, 0x5C, 0x02, 0x30,
    0x5D, 0x9F, 0xF5, 0x0D, 0xA3, 0x9D, 0xA7, 0x1D, 0x8C, 0xD3, 0x70, 0x21, 0xCA, 0xA0, 0x87, 0xA3,
    0x02, 0x5C, 0x92, 0x23, 0x79, 0x86, 0x5B, 0x1B, 0x8D, 0x88, 0x63, 0xB4, 0xC8, 0xB4, 0x87, 0xA4,
    0x02, 0x68, 0x4A, 0xB8, 0x86, 0x02, 0x3F, 0xBD, 0x5E, 0x8F, 0xDA, 0xFF, 0x60, 0x87, 0x3A, 0x00,
    0x45, 0x84, 0x5A, 0x89, 0x73, 0x3B, 0x72, 0x86, 0xAA, 0xDE, 0xDC, 0xEA, 0x34, 0x4A, 0xC8, 0x12,
    0xAF, 0xC2, 0x60, 0x87, 0x5A, 0x00, 0x6D, 0x74, 0xEC, 0x58, 0xD1, 0xEC, 0xA2, 0x00, 0x60, 0x77,
    0xD7, 0xA9, 0xA8, 0xE4, 0x24, 0x80, 0x87, 0x3A, 0x00, 0x45, 0x84, 0x5A, 0x89, 0xDD, 0x59, 0x23,
    0x16, 0x8D, 0x8D, 0x80, 0x3C, 0x1B, 0x61, 0xF5, 0x58, 0x87, 0x5A, 0x00, 0x6D, 0x74, 0xEC, 0xE7,
    0x77, 0x52, 0xB6, 0xC1, 0x91, 0x65, 0xEB, 0x60, 0xA0, 0x5D, 0x7F, 0x80, 0x87, 0x23, 0x00, 0x86,
    0x46, 0xC4, 0x49, 0x46, 0xDE, 0x9B, 0x3E, 0xFB, 0x4A, 0xB3, 0x46, 0x78, 0x0C, 0x3C, 0x87, 0x43,
    0x00, 0x62, 0x62, 0xA8, 0x08, 0x73, 0x5E, 0x48, 0xF7, 0x68, 0xF9, 0x71, 0xCC, 0x20, 0x83, 0xC1,
    0x00, 0x37, 0x90, 0xB2, 0x23, 0x3D, 0x09, 0xC9, 0x6F, 0x2C, 0x5B, 0x6A, 0x4E, 0x94, 0xC1, 0x00,
    0x7F, 0x80, 0x60, 0x86, 0xA2, 0x00, 0x15, 0x39, 0x97, 0x29, 0x90, 0x3D, 0x41, 0x8E, 0x97, 0xA7,
    0xDE, 0x77, 0x17, 0x98, 0x77, 0x01, 0xE7, 0x08, 0x86, 0x83, 0x00, 0x6C, 0xD5, 0xD0, 0x47, 0x87,
    0xA5, 0x45, 0x69, 0x82, 0x19, 0x9C, 0xEA, 0x96, 0x3B, 0x26, 0x13, 0xB3, 0xF4, 0x31, 0x86, 0xA3,
    0x00, 0x5E, 0x63, 0xBA, 0x40, 0xAD, 0xB8, 0x9B, 0xBB, 0x34, 0x3D, 0xB0, 0xC2, 0xF2, 0x9A, 0x29,
    0x16, 0xBE, 0x86, 0x83, 0x00, 0x13, 0x18, 0x1A, 0x10, 0x97, 0xB6, 0x65, 0xD4, 0xED, 0xC3, 0x4A,
    0x44, 0x60, 0x4C, 0x53, 0x6B, 0x0F, 0x87, 0xF8, 0x00, 0x04, 0x3D, 0x1E, 0x0C, 0x1F, 0x88, 0x24,
    0xA9, 0x64, 0x94, 0x52, 0x96, 0xF6, 0xAD, 0x03, 0xF0, 0x68, 0x66, 0xE2, 0x50, 0xBC, 0x87, 0x0E,
    0xFE, 0x53, 0x5B, 0x2F, 0xB4, 0xAF, 0xC5, 0x8D, 0x8C, 0x89, 0xB5, 0xB9, 0xBF, 0xC3, 0x76, 0xCB,
    0xA7, 0x9B, 0x46, 0x20, 0x85, 0x83, 0x00, 0x5C, 0xC4, 0xB1, 0x62, 0x15, 0xE0, 0x87, 0x16, 0xE7,
    0xE1, 0xB5, 0x8C, 0xA9, 0xBA, 0xF2, 0x04, 0x10, 0x45, 0x1B, 0xBF, 0xEF, 0x29, 0x20, 0x84, 0xA3,
    0x00, 0x96, 0x63, 0x29, 0x76, 0x5E, 0x73, 0x34, 0x02, 0x27, 0xFB, 0x06, 0x5E, 0x6D, 0x8E, 0x92,
    0xA9, 0x84, 0xE5, 0x90, 0x84, 0x83, 0x00, 0x2E, 0x3E, 0xB2, 0x93, 0xDD, 0x9F, 0x8A, 0x6F, 0xBD,
    0xDF, 0x98, 0x89, 0x68, 0x57, 0x51, 0x35, 0x49, 0xD6, 0x14, 0x9B, 0xB8, 0x34, 0x29, 0x0D, 0xAA,
    0x79, 0xF4, 0x84, 0xA3, 0x00, 0x1A, 0x50, 0x1C, 0xB1, 0x7E, 0x19, 0x0E, 0x25, 0x31, 0x3B, 0xA3,
    0x5A, 0xD2, 0xFA, 0x30, 0x88, 0xEE, 0xBD, 0x50, 0xA4, 0xCA, 0x10, 0x87, 0x83, 0x00, 0x85, 0x84,
    0xFB, 0x85, 0x56, 0xBA, 0x63, 0x2B, 0x59, 0x86, 0xC6, 0xFC, 0xBB, 0x3A, 0x85, 0x6B, 0x27, 0x6D,
    0x87, 0xA3, 0x00, 0x6F, 0x36, 0x56, 0x18, 0xAF, 0x22, 0xA5, 0x36, 0x02, 0x95, 0xF6, 0xDB, 0xE0,
    0xB1, 0x4A, 0xE0, 0x82, 0xC1, 0x00, 0x56, 0x00, 0xD6, 0x6C, 0x91, 0x0B, 0x1C, 0x3A, 0x1F, 0x90,
    0xB3, 0xDC, 0xA5, 0x94, 0x75, 0xEA, 0xBD, 0xED, 0xC0, 0x84, 0xA5, 0x00, 0x47, 0x63, 0x3A, 0xBE,
    0x2D, 0x1F, 0x49, 0x72, 0x97, 0xC9, 0xF0, 0xB2, 0x57, 0x96, 0xFE, 0x50, 0xCC, 0x8D, 0x40, 0x82,
    0xC1, 0x00, 0x31, 0xBE, 0xC6, 0xB6, 0xD6, 0x73, 0x27, 0x63, 0x6C, 0x4D, 0xB4, 0x2D, 0x07, 0x9C,
    0x8C, 0x48, 0x6D, 0x85, 0x60, 0x84, 0xA5, 0x00, 0x12, 0x3E, 0x2A, 0xEA, 0x0C, 0x95, 0x91, 0x25,
    0x45, 0x37, 0x1A, 0x12, 0x54, 0xB8, 0x86, 0xEB, 0xA2, 0x3A, 0xF0, 0x81, 0xC1, 0x00, 0x45, 0x37,
    0xA8, 0xAC, 0x0E, 0x3B, 0x90, 0x30, 0xD1, 0x94, 0x6A, 0x81, 0x44, 0x2A, 0x61, 0xB6, 0x4F, 0xF3,
    0xBC, 0x57, 0xEE, 0x84, 0xA2, 0x00, 0x27, 0x24, 0xC6, 0x91, 0x28, 0x67, 0x11, 0x02, 0xC3, 0xE3,
    0x0B, 0x88, 0x24, 0x9A, 0xA4, 0x25, 0xED, 0x7A, 0x5D, 0x7B, 0xF8, 0x30, 0x81, 0xC1, 0x00, 0x2E,
    0x59, 0xAB, 0x89, 0x11, 0x8D, 0xAF, 0x7E, 0x49, 0x4F, 0x6C, 0x02, 0xB7, 0x49, 0x97, 0xB0, 0xB9,
    0xE1, 0xD0, 0x38, 0xFD, 0xB3, 0xFD, 0xD8, 0x94, 0x84, 0xA1, 0x00, 0x1A, 0x50, 0x39, 0x34, 0x5E,
    0x7E, 0x33, 0x64, 0xCD, 0x60, 0xC8, 0xAF, 0xAA, 0x4B, 0xA5, 0x63, 0xB3, 0xEE, 0x92, 0xA8, 0x6B,
    0x7A, 0x78, 0xE0, 0x81, 0x11, 0x03, 0x25, 0x90, 0xC4, 0x66, 0xDC, 0x40, 0x4C, 0xFD, 0x3F, 0xF0,
    0x89, 0x91, 0xA3, 0xE2, 0xB5, 0x12, 0xE1, 0x83, 0x34, 0x70, 0x81, 0x12, 0x03, 0x12, 0x76, 0x36,
    0x37, 0xFF, 0x24, 0xFA, 0x3B, 0xBF, 0x44, 0x4B, 0xCA, 0xD0, 0x63, 0x10, 0x18, 0x80, 0x87, 0x27,
    0x00, 0x5E, 0xAE, 0x19, 0x58, 0x0C, 0x13, 0xAE, 0x4F, 0xE8, 0xF6, 0x5C, 0x87, 0x47, 0x00, 0x53,
    0xFC, 0xD8, 0xA5, 0xAB, 0x4E, 0xA1, 0x2B, 0x53, 0x26, 0x16, 0x80, 0x86, 0x8A, 0x00, 0x2A, 0xF9,
    0xB7, 0xB6, 0xEF, 0x90, 0x28, 0x94, 0x98, 0x05, 0xAA, 0xB5, 0x3D, 0xE5, 0x08, 0x86, 0xD8, 0x00,
    0x17, 0xE6, 0x84, 0x69, 0xAC, 0x84, 0xDE, 0xCC, 0x61, 0x1A, 0x0E, 0xCD, 0x0B, 0x2C, 0x2D, 0xE0,
    0x85, 0xD3, 0x00, 0x28, 0x49, 0x7B, 0x2F, 0xAF, 0x48, 0x68, 0x93, 0x25, 0x5E, 0xC8, 0xAD, 0xA7,
    0x85, 0xD4, 0x00, 0x1C, 0xCF, 0xA3, 0x50, 0xF3, 0x19, 0xEF, 0x13, 0xE9, 0x2F, 0x08, 0x24, 0x6D,
    0xF0, 0xEC, 0x85, 0x87, 0x01, 0x66, 0x15, 0xAF, 0xCA, 0x2B, 0xFA, 0xF2, 0x41, 0x46, 0xAA, 0x00,
    0xF9, 0x30, 0xE5, 0x50, 0x86, 0xB5, 0x00, 0x5B, 0x9B, 0xF9, 0x32, 0x0B, 0xBB, 0xA3, 0x7E, 0xC1,
    0xB8, 0x20, 0x07, 0x31, 0x24, 0xD8, 0x56, 0x08, 0x07, 0xD6, 0xB2, 0xB1, 0x5D, 0xFD, 0x2A, 0x92,
    0x48, 0x7C, 0x2E, 0xB8, 0x85, 0x87, 0x01, 0x09, 0x82, 0xE6, 0x61, 0x52, 0xF3, 0x6A, 0x7A, 0x8D,
    0xAE, 0x1A, 0xB2, 0x7A, 0x8D, 0x98, 0x00, 0x04, 0x3C, 0xEA, 0x4A, 0xFB, 0x69, 0xC8, 0xB5, 0x7C,
    0xE2, 0x70, 0x5F, 0xC7, 0xD8, 0xEF, 0x8E, 0xF3, 0x57, 0x01, 0x93, 0x90, 0xEE, 0xF6, 0xFE, 0xB5,
    0x3A, 0x70, 0x59, 0xA4, 0x54, 0x97, 0xED, 0xFE, 0xA3, 0x53, 0xE0, 0x84, 0x87, 0x01, 0x54, 0x74,
    0x54, 0x3D, 0xC2, 0x71, 0xA5, 0xAA, 0xBC, 0xCB, 0x25, 0xA4, 0x01, 0x34, 0x34, 0x6F, 0x22, 0xBA,
    0x84, 0xAB, 0x00, 0x90, 0x63, 0x19, 0xBE, 0x4E, 0xB6, 0x1C, 0x79, 0x37, 0x20, 0xE2, 0x07, 0x2A,
    0x4C, 0x73, 0x04, 0xA9, 0x1C, 0x46, 0x83, 0x87, 0x01, 0x25, 0xC3, 0x1D, 0x00, 0xFC, 0x2C, 0x0D,
    0xDD, 0xF6, 0xF5, 0x99, 0xDB, 0xC2, 0xC1, 0xB8, 0x4E, 0x42, 0x5D, 0x11, 0xF4, 0xCF, 0x84, 0xAB,
    0x00, 0x1A, 0x4E, 0x4F, 0x7E, 0xC3, 0x1C, 0xAD, 0xEE, 0x6D, 0x52, 0x67, 0xF3, 0x92, 0x60, 0x90,
    0x73, 0xAA, 0xDE, 0xEE, 0x83, 0xF0, 0x87, 0x8B, 0x00, 0x7F, 0x6E, 0x2C, 0x07, 0x9C, 0x2A, 0x39,
    0x3B, 0x3A, 0x8F, 0x57, 0x9D, 0x08, 0x30, 0x87, 0xAB, 0x00, 0x6D, 0x4A, 0xDA, 0xA8, 0x2C, 0xF9,
    0x72, 0x51, 0xBD, 0xCC, 0xD4, 0x46, 0xA5, 0x86, 0x8E, 0x00, 0x0B, 0x1B, 0xEB, 0x91, 0xFE, 0xD0,
    0x81, 0xB7, 0x8C, 0xD7, 0x4D, 0x63, 0x80, 0x86, 0xF0, 0x00, 0x0B, 0x28, 0x60, 0xF2, 0xA0, 0x2B,
    0x19, 0x01, 0xEB, 0x35, 0x7D, 0x8E, 0x87, 0x2B, 0x00, 0x6C, 0x7F, 0xAE, 0x95, 0x12, 0xD4, 0x87,
    0x7D, 0x87, 0x4B, 0x00, 0x78, 0x52, 0x80, 0x66, 0x53, 0x03, 0x53, 0x08, 0x66, 0x87, 0x31, 0x00,
    0x90, 0x92, 0x47, 0xAB, 0xC5, 0x44, 0x51, 0x75, 0x28, 0xB7, 0x56, 0x38, 0x87, 0x51, 0x00, 0x51,
    0x8B, 0x2B, 0x38, 0x26, 0x2A, 0x16, 0xA3, 0x5A, 0x6E, 0xB6, 0x6E, 0x40, 0x80, 0x31, 0x00, 0x32,
    0xC2, 0x87, 0x89, 0x9B, 0x1A, 0xFB, 0xAA, 0xF1, 0x3D, 0xB7, 0x38, 0x27, 0x01, 0x31, 0x80, 0x86,
    0xB4, 0x00, 0x20, 0x85, 0xD2, 0xAB, 0x3E, 0x4C, 0xE7, 0x9E, 0xEE, 0x9A, 0x28, 0x2D, 0x94, 0x14,
    0x21, 0xE6, 0x80, 0x31, 0x00, 0x75, 0xDB, 0xD7, 0x4E, 0x8A, 0x74, 0x59, 0x4D, 0x55, 0x7B, 0x01,
    0x5C, 0x0E, 0x2D, 0x60, 0x0A, 0xF5, 0x80, 0x00, 0x64, 0x13, 0xBD, 0x1E, 0x65, 0x81, 0xB6, 0xDA,
    0xEE, 0x37, 0xA5, 0x5A, 0x41, 0xB4, 0x26, 0x27, 0xC1, 0x47, 0xB7, 0x02, 0x4E, 0xE2, 0x74, 0xF1,
    0xAE, 0x3E, 0xAD, 0xAB, 0x11, 0xF0, 0xAF, 0xB7, 0x1B, 0x18, 0x80, 0x87, 0x41, 0x03, 0x0E, 0x01,
    0x2F, 0xE8, 0xA5, 0xD6, 0xD7, 0x5C, 0xE3, 0xDC, 0x04, 0x81, 0x27, 0x2C, 0x30, 0x00, 0x09, 0x82,
    0x91, 0xE7, 0x97, 0x25, 0xFB, 0x37, 0x40, 0xF3, 0xDF, 0x2F, 0x37, 0xB3, 0x6D, 0x9F, 0xBD, 0x49,
    0x9C, 0xCA, 0xBD, 0x71, 0xCD, 0x15, 0x2F, 0x6A, 0x27, 0xF3, 0x2E, 0x4D, 0xFB, 0x9F, 0xDD, 0x6C,
    0x86, 0x41, 0x03, 0x5E, 0xC1, 0xEA, 0x83, 0xA9, 0x3C, 0x06, 0x0E, 0x24, 0x66, 0xD3, 0x39, 0xC9,
    0xB4, 0x0A, 0x1B, 0x0B, 0xF5, 0x48, 0x84, 0xB5, 0x00, 0x96, 0x60, 0x39, 0x3E, 0x8B, 0x7A, 0x6E,
    0xC8, 0x98, 0x24, 0x55, 0x3A, 0x2B, 0xD7, 0x97, 0xA9, 0xBE, 0xF4, 0x85, 0x41, 0x03, 0x36, 0xC3,
    0xAB, 0x90, 0x16, 0xD1, 0x88, 0xF3, 0xE9, 0x25, 0x00, 0x0C, 0x6E, 0x2B, 0x4A, 0x29, 0x0A, 0x9C,
    0xAB, 0xE0, 0x84, 0xB5, 0x00, 0x1A, 0x50, 0x39, 0x24, 0x42, 0x77, 0x70, 0x43, 0x6B, 0xC7, 0xB0,
    0x93, 0x66, 0x08, 0x95, 0x2C, 0xBA, 0x88, 0x80, 0x87, 0x95, 0x00, 0x81, 0xF4, 0x19, 0xED, 0x39,
    0x20, 0x37, 0x54, 0xD6, 0x56, 0x51, 0x5E, 0x02, 0x54, 0xE0, 0x87, 0xB5, 0x00, 0x78, 0x78, 0x8F,
    0x76, 0x80, 0x85, 0x74, 0xF0, 0xB4, 0x4A, 0xF9, 0x34, 0x6F, 0xBB, 0x70, 0x82, 0x41, 0x01, 0x55,
    0xF3, 0xDA, 0x7E, 0x2D, 0xAD, 0x23, 0xDB, 0x79, 0x18, 0xB7, 0x44, 0xBD, 0x50, 0x83, 0x42, 0x01,
    0x49, 0x5C, 0xA1, 0xDA, 0x49, 0xB8, 0x2E, 0x9C, 0x3E, 0x76, 0x1D, 0xF0, 0x82, 0x41, 0x01, 0x24,
    0xE8, 0x91, 0x3F, 0xCF, 0x02, 0x4F, 0x11, 0x6A, 0xBC, 0xCA, 0x60, 0x5E, 0x83, 0x42, 0x01, 0x12,
    0x01, 0x8C, 0x01, 0x44, 0x59, 0x20, 0x7B, 0xD0, 0xE7, 0x0D, 0xFE, 0x30, 0x81, 0x41, 0x01, 0x2C,
    0x3E, 0xF4, 0xF0, 0xEF, 0x0C, 0x27, 0x0F, 0x52, 0x4B, 0x15, 0x1A, 0x73, 0xA3, 0x3E, 0x9C, 0x90,
    0x10, 0x82, 0x42, 0x01, 0x1C, 0x29, 0xCB, 0x85, 0xE5, 0x42, 0x5E, 0x34, 0x3C, 0x7C, 0xAA, 0xD1,
    0xAC, 0x37, 0x0D, 0x27, 0xB8, 0xC0, 0x88, 0x4D, 0x03, 0x6E, 0x52, 0xB9, 0xEC, 0xC1, 0x9D, 0xB0,
    0xB0, 0x8B, 0x26, 0x68, 0x85, 0xCB, 0x8D, 0x01, 0xC9, 0xB2, 0xB8, 0x89, 0x50, 0x03, 0x6D, 0x23,
    0xE0, 0xCB, 0x76, 0xE1, 0x94, 0xC9, 0xE9, 0xA3, 0x41, 0xD9, 0xC1, 0xD2, 0xE4, 0x61, 0x03, 0xE0,
    0x87, 0x41, 0x01, 0xA5, 0xF5, 0xB5, 0x59, 0xA8, 0x91, 0x70, 0xB7, 0xCE, 0x69, 0x16, 0x26, 0xFE,
    0xC4, 0x30, 0x87, 0x42, 0x01, 0x9B, 0xA7, 0x33, 0x6C, 0x5D, 0xA0, 0xDF, 0x6A, 0xAB, 0x96, 0x9D,
    0x05, 0xF6, 0x02, 0xB0, 0x87, 0x37, 0x00, 0x4D, 0x16, 0x64, 0x7A, 0xBC, 0x70, 0x47, 0x0C, 0x8F,
    0x7F, 0x67, 0xE3, 0x87, 0x57, 0x00, 0x81, 0xA6, 0x91, 0x6E, 0x2D, 0x62, 0x70, 0x8C, 0x3C, 0xD5,
    0x47, 0xC0, 0x86, 0x9A, 0x00, 0x3B, 0x52, 0x3D, 0xD6, 0x76, 0xA5, 0xD3, 0xE1, 0x19, 0xCD, 0x2D,
    0x5B, 0x06, 0xE8, 0xAA, 0x86, 0xBA, 0x00, 0x2B, 0x68, 0x07, 0x53, 0x5B, 0x82, 0x41, 0xBD, 0x26,
    0x61, 0x12, 0x2D, 0x83, 0x1F, 0x20, 0x82, 0x43, 0x01, 0x5E, 0x77, 0xB7, 0x8A, 0x1D, 0x9A, 0x9F,
    0x42, 0xAF, 0xED, 0x2C, 0xEB, 0x86, 0x04, 0x90, 0x83, 0x44, 0x01, 0x4D, 0x63, 0x95, 0x22, 0xFA,
    0x0D, 0xF6, 0x5A, 0x86, 0xAA, 0xC1, 0xD1, 0xA0, 0x82, 0x43, 0x01, 0x31, 0xC8, 0xBB, 0x59, 0x6D,
    0x38, 0x19, 0x7F, 0xF8, 0x37, 0xD9, 0x28, 0xFB, 0x23, 0x50, 0x83, 0x44, 0x01, 0x1C, 0x28, 0xE4,
    0xA6, 0x0E, 0x57, 0xDC, 0x65, 0xD5, 0xD5, 0x04, 0x4B, 0xD0, 0x86, 0x5B, 0x03, 0x3B, 0x5C, 0xB3,
    0x8F, 0xC8, 0xA0, 0x4E, 0x89, 0x44, 0x8D, 0x0E, 0xC3, 0xB2, 0x8A, 0xF7, 0x25, 0xA6, 0xAC, 0x82,
    0x44, 0x01, 0x2B, 0xDC, 0x16, 0xE7, 0x9A, 0x3D, 0x6D, 0xB8, 0x57, 0x0A, 0xEE, 0x84, 0xD1, 0x74,
    0xC0, 0xB2, 0xC2, 0xC2, 0x88, 0x5B, 0x03, 0x76, 0x13, 0xB2, 0xB9, 0xAB, 0xAA, 0xCE, 0x96, 0xDE,
    0xAD, 0xC5, 0xB7, 0x01, 0x1A, 0x16, 0x58, 0x62, 0xCB, 0xDB, 0x88, 0x5C, 0x03, 0xA1, 0x0A, 0xAC,
    0x85, 0xAC, 0x9F, 0x6C, 0xF2, 0xE3, 0x04, 0x3A, 0x7F, 0x55, 0xDA, 0x60, 0x81, 0x7C, 0x78, 0x87,
    0x43, 0x01, 0xAA, 0x36, 0x57, 0xE8, 0xF9, 0x16, 0x48, 0x56, 0xA3, 0x8E, 0xC1, 0xE1, 0xDF, 0xAC,
    0x5B, 0x27, 0x80, 0x87, 0x44, 0x01, 0xA4, 0x64, 0xF4, 0x5F, 0x24, 0x70, 0xF7, 0xF9, 0xB3, 0x52,
    0x04, 0xFF, 0xE1, 0xC6, 0x40, 0x80, 0x3B, 0x00, 0x2B, 0x73, 0x30, 0x34, 0x83, 0xD2, 0x6D, 0x8B,
    0x2E, 0xEE, 0x32, 0xAB, 0x95, 0x80, 0x80, 0x5B, 0x00, 0x16, 0xA5, 0x87, 0x24, 0xE4, 0xC9, 0x45,
    0xC5, 0x81, 0x0B, 0xA3, 0xF4, 0x24, 0xA0, 0x87, 0x3B, 0x00, 0x70, 0x11, 0x16, 0x65, 0x80, 0x2D,
    0x53, 0xB5, 0xEF, 0xBF, 0x61, 0x76, 0x88, 0x92, 0xB0, 0x87, 0x5B, 0x00, 0x76, 0x48, 0x15, 0xED,
    0xF2, 0xFA, 0xB8, 0x94, 0x1C, 0x86, 0x33, 0xFA, 0x89, 0x40, 0x86, 0x9E, 0x00, 0x3C, 0xE7, 0xF8,
    0x5D, 0xCD, 0x28, 0x9D, 0x49, 0x4D, 0x03, 0x30, 0x8F, 0x59, 0x83, 0x97, 0x00, 0xC4, 0x48, 0x00,
    0x27, 0x8A, 0x74, 0xE3, 0xA5, 0xAC, 0x2A, 0x95, 0x0F, 0xEA, 0xFD, 0x28, 0x66, 0x74, 0xED, 0x2D,
    0x5A, 0x3D, 0x62, 0x22, 0xAA, 0x54, 0x75, 0x6F, 0xAC, 0xA4, 0xCE, 0xD4, 0xCB, 0x62, 0x78, 0x99,
    0x37, 0x6A, 0x48, 0xFB, 0xB5, 0xB3, 0x65, 0x81, 0x3B, 0x00, 0x37, 0x41, 0xD2, 0x62, 0xB1, 0x23,
    0xB0, 0x34, 0xF5, 0x5E, 0x06, 0xE0, 0x27, 0x63, 0xCC, 0xBB, 0x2C, 0x90, 0x81, 0x5B, 0x00, 0x2C,
    0x75, 0x0E, 0xAB, 0x45, 0xF0, 0x42, 0x59, 0x95, 0xCC, 0xED, 0x53, 0x8D, 0x4A, 0x59, 0x02, 0x58,
    0x24, 0x00, 0x11, 0x89, 0x6D, 0x68, 0x0F, 0x09, 0x80, 0x00, 0x44, 0x5F, 0xAC, 0x3D, 0x61, 0xB8,
    0x85, 0xE9, 0xE1, 0x5F, 0x2E, 0x8B, 0x76, 0xFF, 0xF0, 0x27, 0xAB, 0x53, 0x23, 0x80, 0x00, 0x56,
    0x2E, 0x34, 0xBA, 0x7F, 0x70, 0x06, 0x5A, 0x5E, 0xA9, 0xC7, 0x41, 0xE8, 0xBD, 0x4A, 0x8E, 0x00,
    0x55, 0x76, 0x00, 0x1C, 0x2F, 0x67, 0x44, 0x07, 0x1E, 0x39, 0xA3, 0xE7, 0x13, 0x13, 0x66, 0x87,
    0x0F, 0x00, 0x90, 0x87, 0x0F, 0x00, 0x90, 0x00, 0x00, 0x15, 0xCA, 0x46, 0x00, 0x05, 0x09, 0x95,
    0xE7, 0x90, 0x00, 0x05, 0x03, 0x12, 0xE2, 0xD6, 0xEE, 0x51, 0xE4, 0x80, 0x87, 0x7F, 0x03, 0x35,
    0xEF, 0xC0, 0x00, 0x3D, 0x35, 0x1A, 0xE5, 0x08, 0xEA, 0xA9, 0x5E, 0xB9, 0xE4, 0x87, 0x5A, 0xF8,
    0xA4, 0xFA, 0x50, 0x87, 0xE0, 0x01, 0x67, 0xC0, 0x87, 0xB3, 0x01, 0x41, 0x0C, 0x6D, 0x80, 0x87,
    0x0E, 0x00, 0x59, 0xE5, 0x07, 0xD1, 0x24, 0x50, 0x87, 0x0E, 0x00, 0x59, 0xE1, 0xA0, 0x87, 0xB5,
    0x01, 0x78, 0x7E, 0xC6, 0x00, 0x23, 0x8B, 0xF6, 0xBE, 0xD7, 0xD3, 0x8C, 0xBF, 0x6C, 0xBD, 0xAD,
    0x62, 0x41, 0xE4, 0x13, 0x55, 0x2A, 0xFE, 0x80, 0x00, 0x0C, 0xB4, 0x7B, 0xF2, 0xF9, 0x11, 0xEC,
    0x54, 0x0F, 0x37, 0xD3, 0xD5, 0xF3, 0x30, 0xC2, 0xD1, 0x87, 0x88, 0x03, 0x5B, 0x9A, 0x6F, 0x39,
    0x22, 0xCF, 0xD4, 0x29, 0xA3, 0x34, 0x00, 0x07, 0xD9, 0xC2, 0xA7, 0x52, 0x2F, 0x75, 0xB1, 0x08,
    0x5F, 0x56, 0x58, 0xD7, 0x3A, 0x7D, 0x54, 0x24, 0x00, 0x6D, 0x0D, 0xC1, 0x62, 0x53, 0x9A, 0xE6,
    0x41, 0x15, 0xEE, 0xD1, 0x2D, 0x65, 0xA3, 0x9E, 0x87, 0xE6, 0xC8, 0xDE, 0x58, 0xA4, 0xA8, 0x00,
    0x6D, 0x0A, 0xC6, 0x3B, 0x98, 0x5E, 0x60, 0x0D, 0x3F, 0x67, 0x64, 0x65, 0x45, 0x07, 0xA2, 0x48,
    0xD3, 0x65, 0x4E, 0x1C, 0x0E, 0x41, 0x41, 0x1A, 0xF0, 0x58, 0x72, 0x1C, 0x03, 0xEF, 0x65, 0x72,
    0xA3, 0xA3, 0x00, 0x0C, 0x08, 0xB6, 0x09, 0xA9, 0xAE, 0xE9, 0xD5, 0x00, 0x04, 0x66, 0xE2, 0xB8,
    0xF1, 0xE5, 0x1B, 0x0A, 0x8D, 0x2C, 0xAB, 0x87, 0x78, 0x00, 0x6E, 0x00, 0x0E, 0x85, 0xBF, 0xA0,
    0x10, 0xD5, 0x87, 0x18, 0x60, 0x00, 0x08, 0x9F, 0xBA, 0x0F, 0x6A, 0x29, 0x1B, 0x9A, 0x31, 0x8E,
    0x41, 0xF0, 0x87, 0x10, 0x00, 0x80, 0x8A, 0x79, 0x03, 0x79, 0x16, 0x5D, 0x28, 0x8A, 0x7A, 0x03,
    0x7C, 0x81, 0x9E, 0x87, 0x78, 0x03, 0x3D, 0x03, 0x3B, 0x50, 0xD6, 0xD5, 0xB0, 0xD0, 0x87, 0x97,
    0x03, 0x8F, 0xF5, 0xC9, 0x53, 0xB7, 0xCD, 0xC9, 0xD9, 0x87, 0x97, 0x03, 0x93, 0x00, 0x4D, 0x9C,
    0x2F, 0xAE, 0xAF, 0xE8, 0x00, 0xB8, 0x54, 0x1E, 0xD0, 0x30, 0x35, 0xA6, 0xF8, 0xA2, 0xD9, 0xBC,
    0xCC, 0x6F, 0x22, 0x2B, 0x19, 0xA2, 0x6A, 0xF4, 0xC9, 0x3B, 0x70, 0x77, 0xFA, 0xA0, 0x7E, 0xD0,
    0xB1, 0x0D, 0x49, 0xFE, 0xC8, 0xAA, 0xBE, 0xE2, 0x33, 0x31, 0x73, 0x34, 0xC6, 0x6A, 0xC8, 0x16,
    0x0D, 0x0D, 0x33, 0xF4, 0xF8, 0x8D, 0x67, 0x88, 0x31, 0xDA, 0x74, 0x9E, 0x3F, 0x00, 0xFE, 0x8C,
    0xC3, 0x4B, 0x6C, 0x90, 0x00, 0xCF, 0xAF, 0x34, 0x95, 0xC4, 0xED, 0x38, 0x65, 0x09, 0x95, 0xE9,
    0x97, 0x60, 0xDA, 0x77, 0xFC, 0x22, 0x5B, 0x4C, 0x63, 0x2A, 0xFD, 0xF2, 0xA2, 0x92, 0xDC, 0x33,
    0xF3, 0x46, 0x3B, 0x90, 0x40, 0xBD, 0xB5, 0x0F, 0x30, 0x51, 0xE7, 0xFC, 0x91, 0x60, 0xD3, 0x95,
    0x0C, 0x73, 0xE0, 0x4E, 0x21, 0x84, 0x93, 0x29, 0x37, 0xE1, 0x8C, 0xE8, 0x96, 0xFE, 0x7C, 0x48,
    0x03, 0x6C, 0xAE, 0x9A, 0x8D, 0x1F, 0xF8, 0x0F, 0x5C, 0xD2, 0xEE, 0x1F, 0xEB, 0x8A, 0x82, 0xF0,
    0x8B, 0xE1, 0x91, 0x8D, 0x00, 0x0B, 0x78, 0x07, 0xA1, 0xC0, 0x00, 0x0C, 0xAD, 0x10, 0x39, 0x12,
    0xB0, 0xAD, 0x38, 0xFF, 0xC0, 0x00, 0x0C, 0xAE, 0x2E, 0x77, 0xE5, 0x10, 0xA9, 0xB2, 0xDF, 0xDD,
    0xFB, 0xA6, 0x9E, 0x61, 0x00, 0x08, 0x1F, 0x53, 0x37, 0x14, 0x00, 0x07, 0xD2, 0x71, 0x52, 0x76,
    0x44, 0x44, 0x8E, 0xF8, 0x0D, 0xC0, 0x00, 0x08, 0x36, 0x94, 0xA5, 0x43, 0x6A, 0x28, 0x40, 0x83,
    0xE6, 0x18, 0x7B, 0x0E, 0x93, 0xFC, 0xC3, 0x20, 0x00, 0x64, 0x02, 0x8C, 0x62, 0x84, 0x25, 0xF0,
    0x5D, 0x36, 0x00, 0x2F, 0x7E, 0xFA, 0x78, 0x4D, 0xA5, 0x85, 0x66, 0x38, 0x00, 0x09, 0xE0, 0xD7,
    0x83, 0x5F, 0xE0, 0xE2, 0x66, 0xD6, 0x00, 0x4E, 0x11, 0x92, 0xFB, 0x55, 0x6C, 0x3B, 0x1F, 0x28,
    0xE1, 0x87, 0x6E, 0x5C, 0x44, 0x69, 0x85, 0x48, 0xAD, 0xE7, 0x2B, 0xE5, 0x8F, 0x14, 0x88, 0x5C,
    0x38, 0x23, 0x10, 0x8E, 0x9E, 0x7A, 0x72, 0xD5, 0x84, 0x17, 0xA5, 0x1D, 0x32, 0x5E, 0xEE, 0x9F,
    0xFF, 0x7D, 0xE4, 0xC0, 0x00, 0x02, 0x7A, 0x12, 0x34, 0x12, 0x93, 0xBD, 0x6A, 0x6D, 0xBF, 0xD2,
    0x12, 0xB2, 0xB4, 0x89, 0x56, 0x0F, 0xEC, 0x0C, 0xD2, 0x3A, 0x54, 0xA0, 0x00, 0x68, 0x08, 0xDC,
    0x85, 0x9C, 0x94, 0xF5, 0x40, 0x82, 0x28, 0xD5, 0xEB, 0x5C, 0x4D, 0x1F, 0x3E, 0xAC, 0xF2, 0xF3,
    0xCB, 0x18, 0x00, 0xB7, 0x28, 0x87, 0x70, 0x00, 0x40, 0x87, 0xFD, 0x01, 0xAF, 0x68, 0x6B, 0x75,
    0x40, 0x87, 0x02, 0x02, 0x9F, 0xC5, 0x79, 0xD7, 0x90, 0x00, 0x58, 0xCD, 0x95, 0x7F, 0x5E, 0x2C,
    0x9A, 0x59, 0xF0, 0xED, 0x82, 0x04, 0x33, 0x47, 0xB6, 0x18, 0xE3, 0x64, 0xDE, 0xFD, 0x80, 0x00,
    0xBE, 0xF3, 0x26, 0xA3, 0xFF, 0x6F, 0xD3, 0x62, 0x82, 0xF4, 0x3F, 0xD2, 0x39, 0x1D, 0x6D, 0xF5,
    0x0E, 0xF5, 0xBA, 0xA4, 0x56, 0xE8, 0xFC, 0x84, 0x89, 0xD4, 0x44, 0xEB, 0x6A, 0x64, 0x16, 0x66,
    0x5D, 0x77, 0x7D, 0xFB, 0x8B, 0x98, 0xCD, 0xB1, 0xF8, 0xC5, 0x56, 0xE3, 0x82, 0xB8, 0x88, 0xAA,
    0x13, 0x60, 0x55, 0x7C, 0x5F, 0xDA, 0xEA, 0xB9, 0x7A, 0xCA, 0xD2, 0x18, 0x91, 0x1C, 0xFD, 0xF8,
    0x08, 0xAB, 0x9E, 0x57, 0x9C, 0xA9, 0x0C, 0x08, 0xC7, 0x1B, 0x81, 0x32, 0xF2, 0xB8, 0x15, 0xE8,
    0x81, 0xC8, 0xEE, 0xB0, 0xC0, 0x00, 0x00, 0x78, 0xA4, 0x93, 0x86, 0xAC, 0x03, 0x59, 0x97, 0x4E,
    0xC4, 0xBB, 0xA7, 0x52, 0xD1, 0x87, 0x3D, 0x00, 0x84, 0x8C, 0x0E, 0x42, 0xFE, 0x87, 0x3F, 0x00,
    0x6E, 0xC5, 0xAC, 0x08, 0xAA, 0x37, 0xB8, 0x00, 0xA0, 0x24, 0x62, 0xDB, 0xAA, 0x8F, 0xBA, 0x5C,
    0xFA, 0x2A, 0xD2, 0xD5, 0xC8, 0xE0, 0xAF, 0x40, 0xDC, 0x93, 0x56, 0xCB, 0x7C, 0x49, 0x96, 0x77,
    0x9A, 0x87, 0x3C, 0xB1, 0x51, 0x6F, 0x6B, 0xEE, 0x42, 0xF8, 0xAB, 0xE1, 0xE1, 0xF7, 0x48, 0xCA,
    0x00, 0x83, 0xCC, 0xA6, 0x92, 0x5F, 0xA6, 0x43, 0x15, 0x10, 0x15, 0xE8, 0x2E, 0x9C, 0x96, 0x65,
    0x4F, 0xF5, 0x75, 0xF9, 0x97, 0xDD, 0x7C, 0x28, 0x13, 0xB0, 0xB9, 0x7C, 0x48, 0xC9, 0x5E, 0xA4,
    0x80, 0x00, 0x7E, 0x1B, 0x0E, 0x6E, 0x37, 0xFB, 0xF4, 0xA3, 0x44, 0xFE, 0x86, 0x77, 0x17, 0x0C,
    0x0A, 0x61, 0xB1, 0x3E, 0xD8, 0xDB, 0xB6, 0xCD, 0x6A, 0xD6, 0xB5, 0x2E, 0x97, 0x45, 0x9B, 0xAC,
    0x7A, 0xE8, 0x00, 0x61, 0x8B, 0x45, 0x8E, 0xC3, 0xD6, 0x11, 0x53, 0x80, 0xB3, 0x77, 0x63, 0xE2,
    0x37, 0x4C, 0x80, 0x00, 0x6B, 0x8B, 0x09, 0x94, 0x69, 0x46, 0x72, 0xD2, 0xA2, 0x0D, 0x2D, 0xBA,
    0x23, 0xC7, 0x8A, 0x00, 0x9B, 0x76, 0xBE, 0x94, 0x70, 0xF9, 0xEA, 0x72, 0xF0, 0x40, 0x00, 0x09,
    0xF8, 0xAA, 0x0E, 0xE2, 0x37, 0xC3, 0x45, 0x17, 0x82, 0xF6, 0x1B, 0x01, 0x7E, 0x80, 0xD8, 0x1A,
    0x88, 0x00, 0x00, 0x1F, 0x49, 0x56, 0xC0, 0x90, 0xA5, 0xD3, 0xFA, 0xF1, 0xE4, 0x13, 0x87, 0xE8,
    0xD0, 0x87, 0x0C, 0x00, 0x9F, 0xD5, 0xB3, 0x85, 0x68, 0x0C, 0xBD, 0x4B, 0x42, 0x87, 0x1C, 0x00,
    0x7F, 0x20, 0xAE, 0x48, 0xEF, 0xDE, 0x9B, 0x3B, 0x24, 0x00, 0x89, 0x8A, 0x1F, 0xB9, 0x58, 0xEE,
    0xE9, 0x2A, 0x0B, 0x93, 0xDF, 0x09, 0xFB, 0x03, 0xFC, 0xDE, 0x8A, 0x3B, 0x9B, 0x56, 0x7D, 0xCA,
    0xD4, 0x82, 0x98, 0x30, 0x87, 0x0C, 0x00, 0x9F, 0xD6, 0x75, 0x94, 0x09, 0xA2, 0x13, 0xAB, 0x7A,
    0x67, 0x10, 0x7D, 0x69, 0x89, 0x4C, 0xA2, 0x6A, 0x48, 0xCE, 0x0B, 0x37, 0x12, 0x99, 0x82, 0xE6,
    0x5A, 0xCE, 0x93, 0x73, 0xC2, 0x6B, 0x4C, 0x99, 0x9B, 0x0B, 0xCE, 0x95, 0xC0, 0xC0, 0x00, 0x0C,
    0xAE, 0x84, 0xA9, 0xF0, 0xDD, 0x43, 0x60, 0x8A, 0x74, 0x3D, 0x7F, 0x0C, 0x21, 0xC0, 0xF0, 0xE9,
    0x90, 0x28, 0xD9, 0x87, 0x60, 0x00, 0x4F, 0x1D, 0xD0, 0x99, 0xA8, 0x00, 0x92, 0xB1, 0x6C, 0x5B,
    0x92, 0x46, 0xEE, 0xB9, 0x81, 0x83, 0x70, 0x56, 0xDA, 0xE6, 0x07, 0xC0, 0x00, 0x32, 0xCE, 0x7A,
    0x47, 0x91, 0x6F, 0x23, 0x07, 0x44, 0x47, 0xA6, 0x0F, 0xB4, 0xEB, 0xA5, 0x40, 0x62, 0x12, 0xDA,
    0xD4, 0xE4, 0x9C, 0xBD, 0x2A, 0xD6, 0x5D, 0xBE, 0x2E, 0xCB, 0xC2, 0x0A, 0xE9, 0x5F, 0xEE, 0x78,
    0x00, 0x56, 0x07, 0x6A, 0x63, 0xE3, 0xF1, 0xFC, 0x28, 0x52, 0xE2, 0x9E, 0xBF, 0x20, 0x00, 0x0D,
    0x07, 0xB5, 0x51, 0x11, 0x66, 0xA8, 0x81, 0xC7, 0x8B, 0xBA, 0x5F, 0x01, 0x39, 0x5B, 0x3C, 0x73,
    0x40, 0x18, 0xC0, 0x00, 0x35, 0x97, 0xBA, 0x7B, 0xB7, 0x16, 0xDE, 0xE6, 0x9D, 0x29, 0x19, 0x5D,
    0x12, 0x79, 0x99, 0xA0, 0x48, 0x81, 0xC3, 0x03, 0x08, 0xB9, 0xF7, 0x0A, 0x84, 0x71, 0x21, 0xE0,
    0x3F, 0xE9, 0xCF, 0xEE, 0x16, 0x00, 0x26, 0xAF, 0x36, 0x0A, 0x5A, 0x9E, 0x6C, 0xC1, 0x20, 0x00,
    0x8C, 0xDF, 0x7E, 0x37, 0xDF, 0x8A, 0xE5, 0xD7, 0xB9, 0xF2, 0xD3, 0xA5, 0xBE, 0x38, 0x50, 0x48,
    0x40, 0xD0, 0x80, 0x7E, 0x03, 0x09, 0x45, 0xE8, 0x54, 0xF7, 0xF3, 0x47, 0xE5, 0x60, 0x23, 0x55,
    0x5F, 0xB4, 0x1C, 0x41, 0x6A, 0xA0, 0x99, 0x83, 0x8B, 0x59, 0x57, 0xC4, 0x96, 0xD5, 0x31, 0xC8,
    0x87, 0xC5, 0x03, 0x8B, 0x3E, 0xF8, 0xEA, 0xE6, 0x7C, 0x77, 0xC0, 0x87, 0xC5, 0x03, 0x8B, 0x25,
    0x16, 0x34, 0xA9, 0x6B, 0x6F, 0x08, 0xAF, 0x72, 0x6A, 0x76, 0x87, 0x97, 0x03, 0x92, 0xFF, 0x77,
    0x29, 0xB0, 0x4B, 0xA7, 0x0E, 0x7A, 0x9E, 0x58, 0x88, 0xF5, 0x33, 0x40, 0x87, 0x97, 0x03, 0x8F,
    0xF5, 0xB1, 0xB6, 0x4C, 0x19, 0xB1, 0x80, 0x87, 0x78, 0x03, 0x50, 0x97, 0xC6, 0x6C, 0x95, 0x4E,
    0x87, 0x78, 0x03, 0xBC, 0xA2, 0x4B, 0x02, 0xC2, 0x44, 0xCD, 0x86, 0xD6, 0x03, 0x4F, 0x09, 0xF1,
    0x21, 0xCD, 0xCE, 0xBF, 0x60, 0x20, 0xEE, 0x99, 0xEC, 0xBC, 0x8B, 0xD6, 0x03, 0xC1, 0xD3, 0x2D,
    0xCE, 0xA0, 0x58, 0x3F, 0x0E, 0x03, 0xF3, 0x41, 0xF0, 0x00, 0x52, 0x83, 0xFD, 0x66, 0x4E, 0xBD,
    0xBC, 0x50, 0xD9, 0x40, 0xCE, 0xC5, 0x48, 0x39, 0xC1, 0x9A, 0x00, 0x14, 0xFB, 0x36, 0xE3, 0x8F,
    0x04, 0xE7, 0x3E, 0xE6, 0x60, 0x00, 0x2D, 0x92, 0x1E, 0x58, 0xDD, 0x53, 0x6C, 0x61, 0x48, 0x9B,
    0xF9, 0x5B, 0xE7, 0xE7, 0xEF, 0x3B, 0x9C, 0x81, 0xD5, 0x14, 0xC9, 0xBD, 0x7D, 0x40, 0x00, 0x05,
    0x88, 0x50, 0x2F, 0xBF, 0x37, 0xCF, 0x88, 0x9E, 0x5C, 0xD4, 0xD8, 0x7D, 0x56, 0x75, 0x3F, 0x48,
    0x03, 0xBA, 0x68, 0x00, 0x56, 0x33, 0x64, 0x97, 0x51, 0x83, 0x4F, 0x52, 0xAF, 0x32, 0xB4, 0x2C,
    0xE5, 0x90, 0x53, 0x6D, 0xD5, 0x01, 0x10, 0x00, 0x00, 0x67, 0xC4, 0x5B, 0x81, 0xA0, 0x6F, 0xE1,
    0x44, 0xDA, 0xD0, 0x00, 0x52, 0x2A, 0x36, 0x19, 0xD8, 0x9B, 0xAA, 0x3F, 0x31, 0xBB, 0x5F, 0x5F,
    0x0B, 0xD8, 0x9E, 0x9E, 0x6E, 0x96, 0x87, 0x78, 0x00, 0x52, 0x9D, 0xC9, 0x3C, 0xD1, 0x00, 0x04,
    0xFB, 0x3B, 0x78, 0x7B, 0x9C, 0x67, 0x48, 0x85, 0x73, 0x39, 0x72, 0xB3, 0x70, 0x00, 0x30, 0x23,
    0x16, 0x66, 0x2A, 0xE9, 0x1E, 0x81, 0xB2, 0x59, 0x94, 0x38, 0x8B, 0xE2, 0x03, 0x5B, 0x0E, 0xD0,
    0x00, 0x05, 0x31, 0xAB, 0x04, 0x1A, 0xF7, 0xC8, 0x00, 0x2D, 0xE3, 0x83, 0x79, 0x0B, 0x19, 0x63,
    0x5E, 0x9E, 0x29, 0x00, 0x03, 0xF4, 0x78, 0x00, 0x96, 0xD9, 0x2D, 0xF9, 0x39, 0x7C, 0x96, 0x5A,
    0xC0, 0x00, 0x02, 0x6C, 0xE2, 0x32, 0xA0, 0xAB, 0x31, 0xC3, 0x03, 0xAC, 0xA0, 0x95, 0x0F, 0x7C,
    0xEE, 0x46, 0x87, 0xDA, 0x03, 0x83, 0xCF, 0x57, 0xAA, 0x87, 0x7A, 0x00, 0x6F, 0x3F, 0xEA, 0xEB,
    0x87, 0x73, 0x00, 0x91, 0x6A, 0xF0, 0x8D, 0x7E, 0x87, 0x74, 0x00, 0x91, 0x6A, 0x3A, 0xA9, 0x38,
    0xB8, 0x87, 0xDC, 0x03, 0x6D, 0x33, 0xBC, 0x12, 0xAF, 0x16, 0x87, 0xDD, 0x03, 0x7A, 0x38, 0x81,
    0xB6, 0xDC, 0x87, 0xDE, 0x03, 0x81, 0x81, 0x0F, 0x86, 0xF4, 0x04, 0x87, 0xDF, 0x03, 0x75, 0x5E,
    0x84, 0xEA, 0x87, 0xE0, 0x03, 0x91, 0x80, 0x57, 0xFF, 0xDC, 0x87, 0xE1, 0x03, 0x9D, 0x73, 0x82,
    0x65, 0x2D, 0x28, 0x87, 0xE2, 0x03, 0x81, 0x31, 0xAB, 0xC0, 0x87, 0xE3, 0x03, 0x40, 0x87, 0xE4,
    0x03, 0x69, 0xDE, 0x87, 0xE5, 0x03, 0x44, 0xDA, 0x5C, 0x87, 0xE6, 0x03, 0x73, 0x03, 0xE9, 0x80,
    0x00, 0x14, 0x74, 0xAC, 0xBE, 0xE6, 0xB0, 0xA5, 0xB1, 0xD8, 0x81, 0x26, 0x5E, 0x0B, 0x8C, 0xAF,
    0x8B, 0xA3, 0xEC, 0x3F, 0x58, 0x00, 0x0C, 0x33, 0x39, 0x2E, 0x87, 0x22, 0x6A, 0x54, 0xD8, 0x25,
    0x96, 0xF7, 0xA2, 0x40, 0x40, 0xFF, 0x0A, 0x87, 0xF8, 0x03, 0x2F, 0x91, 0x11, 0xE9, 0x55, 0xB1,
    0xAD, 0x45, 0xF5, 0x20, 0x00, 0x01, 0xD0, 0xBF, 0xCF, 0x8F, 0x9D, 0x34, 0x12, 0xFD, 0xA1, 0x82,
    0x45, 0xA8, 0xFD, 0xAE, 0x51, 0x3E, 0x88, 0x4C, 0xB0, 0x24, 0xD8, 0x00, 0x0B, 0x89, 0x7F, 0x7E,
    0xD7, 0xBE, 0xDD, 0x38, 0x1F, 0xCA, 0x1B, 0x06, 0xA1, 0x28, 0x00, 0x03, 0x2B, 0x88, 0xCF, 0x8B,
    0x6C, 0x0F, 0x93, 0xD2, 0x24, 0x1B, 0x71, 0xDB, 0x1D, 0x2A, 0xBC, 0x87, 0xFC, 0x03, 0x64, 0xB8,
    0x73, 0xD5, 0xC5, 0x00, 0x1A, 0xCE, 0xB1, 0xB7, 0xA8, 0xF1, 0x38, 0x84, 0x78, 0x21, 0xFA, 0x00,
    0x02, 0xC4, 0x94, 0x9E, 0xC3, 0x9D, 0xF6, 0x00, 0x08, 0x83, 0xCC, 0xB4, 0x9F, 0x54, 0x95, 0xDD,
    0x0E, 0xE3, 0x28, 0xFB, 0x95, 0x08, 0x74, 0xA2, 0x8A, 0x56, 0xC8, 0x25, 0x80, 0x00, 0x07, 0xCA,
    0x20, 0xB0, 0x10, 0xC5, 0x3E, 0xED, 0x1F, 0xC5, 0xBE, 0x07, 0xEF, 0xC5, 0x00, 0x02, 0x6C, 0xA7,
    0xC9, 0x7E, 0x78, 0x00, 0x74, 0x73, 0x5C, 0xEF, 0x8F, 0x09, 0xD5, 0x1C, 0x90, 0x64, 0xBC, 0x3A,
    0x37, 0x10, 0x00, 0x0C, 0x8B, 0x10, 0x4F, 0x15, 0xA0, 0xAC, 0x9E, 0xC2, 0x2C, 0x0B, 0xF0, 0xD5,
    0x90, 0x24, 0xB2, 0x00, 0x14, 0xC0, 0x0F, 0x8D, 0xDA, 0x6A, 0xA7, 0x86, 0xAC, 0x4E, 0x38, 0x00,
    0x80, 0xA5, 0x76, 0x3D, 0xC9, 0xA5, 0xBA, 0x58, 0x20, 0xBC, 0xFA, 0xFC, 0xE9, 0xE6, 0x21, 0x53,
    0x2A, 0xC3, 0x28, 0xA7, 0xE8, 0xFD, 0x1E, 0x57, 0x6D, 0x5C, 0x32, 0x88, 0x83, 0x22, 0xAE, 0xDB,
    0xBE, 0xEB, 0xF1, 0xD8, 0x00, 0x94, 0x65, 0xA6, 0x24, 0xC7, 0xB4, 0x05, 0xAD, 0xE5, 0x67, 0xD9,
    0x1C, 0x77, 0x2D, 0x56, 0xF1, 0x83, 0x99, 0x5E, 0xFB, 0x08, 0x97, 0x15, 0xBC, 0x57, 0x48, 0x59,
    0x8B, 0x1C, 0x9B, 0xAF, 0x74, 0xA8, 0xC8, 0x76, 0x2B, 0x1B, 0xAA, 0x7F, 0xA2, 0x3A, 0xBB, 0x97,
    0x0D, 0xD2, 0xC8, 0x40, 0x87, 0x25, 0x00, 0x82, 0xC1, 0xE4, 0xC7, 0x0F, 0x9B, 0xC8, 0xDA, 0x9B,
    0x8E, 0x52, 0x91, 0x3E, 0xAC, 0x83, 0xC3, 0xB4, 0x84, 0xFA, 0x78, 0x87, 0x28, 0x00, 0x66, 0x2A,
    0xEE, 0xA4, 0xB9, 0xF5, 0x99, 0x07, 0xC9, 0xDF, 0x98, 0x46, 0x2E, 0x3C, 0xE1, 0x0A, 0xD7, 0x9F,
    0x5D, 0xCC, 0x3C, 0x5F, 0x45, 0xDF, 0x87, 0x64, 0x00, 0x88, 0x43, 0x9E, 0x65, 0x2E, 0x5B, 0x0D,
    0xD6, 0x3C, 0x44, 0xD3, 0xA2, 0x63, 0x17, 0x47, 0x90, 0x2A, 0xDA, 0x7C, 0x86, 0x2B, 0xF8, 0x51,
    0xA0, 0x83, 0x4F, 0x00, 0x80, 0x88, 0xCE, 0xBB, 0xAD, 0x27, 0xDD, 0x71, 0x85, 0x1B, 0xB3, 0x03,
    0x0A, 0x8F, 0x5A, 0x30, 0x96, 0xCD, 0xD3, 0xCB, 0xF9, 0x0C, 0xBC, 0x00, 0x07, 0x13, 0x47, 0x9C,
    0x41, 0xCE, 0x3D, 0x28, 0x33, 0x93, 0xC6, 0x6F, 0xE3, 0x7E, 0x0E, 0x39, 0xE1, 0x98, 0x1F, 0x94,
    0xDA, 0x7B, 0x40, 0xAF, 0x3B, 0x9B, 0xBE, 0xB9, 0x47, 0x4A, 0xCF, 0x16, 0x4A, 0x2C, 0x6C, 0x91,
    0xA4, 0x8D, 0xB9, 0x91, 0x2B, 0x0D, 0x00, 0x27, 0x86, 0xB7, 0x2B, 0x64, 0x0C, 0x68, 0xAE, 0xD0,
    0x28, 0x00, 0x05, 0x7A, 0x55, 0x57, 0x3C, 0x4F, 0x2A, 0xC6, 0x69, 0x48, 0xFC, 0x67, 0x84, 0x3D,
    0x76, 0xFD, 0xA9, 0x53, 0xFE, 0x8A, 0x9B, 0x57, 0xDF, 0x0E, 0xE9, 0xCF, 0xA3, 0xBE, 0xEA, 0x19,
    0xF6, 0x87, 0x30, 0xC3, 0xFA, 0x24, 0x83, 0x77, 0x5C, 0xAE, 0x8B, 0xAF, 0x5D, 0x00, 0x00, 0x8E,
    0x62, 0x0B, 0xCE, 0x8D, 0x8F, 0xDE, 0x47, 0x24, 0x54, 0x6F, 0x20, 0x6E, 0x73, 0xA9, 0x20, 0xD0,
    0x5A, 0x31, 0xE8, 0xB5, 0xD0, 0xCE, 0xE9, 0x73, 0xBE, 0x97, 0x48, 0x40, 0xC4, 0xB0, 0x56, 0x07,
    0xAE, 0xE6, 0x86, 0x27, 0x18, 0xC1, 0x0E, 0x63, 0x5F, 0xC6, 0x26, 0x37, 0x03, 0x38, 0x7A, 0x8F,
    0x8B, 0x51, 0x6F, 0x37, 0x07, 0xE4, 0x59, 0x00, 0x06, 0x3C, 0x48, 0x50, 0x58, 0xF1, 0x2D, 0xA7,
    0x64, 0xDC, 0x5A, 0xFA, 0xED, 0xED, 0x59, 0xBF, 0x84, 0x62, 0xC0, 0x01, 0xA4, 0xE7, 0xAB, 0x11,
    0x73, 0x97, 0x46, 0x1C, 0xC9, 0xB2, 0xC4, 0xB4, 0x6D, 0xB4, 0x69, 0xCD, 0xF0, 0xE8, 0x13, 0x62,
    0x30, 0x3D, 0x63, 0x11, 0xE5, 0x39, 0x79, 0x92, 0x90, 0xB4, 0xA1, 0xDE, 0xC0, 0x39, 0x18, 0xC1,
    0xA4, 0x58, 0xBB, 0x04, 0x56, 0xD8, 0xC9, 0x39, 0x60, 0x00, 0x00, 0x8E, 0x83, 0xCA, 0x90, 0x29,
    0x95, 0xCD, 0xE1, 0xDD, 0x7D, 0xFF, 0x4A, 0x26, 0x9A, 0x64, 0xB4, 0x37, 0x94, 0x52, 0xA8, 0xB4,
    0xA3, 0x55, 0x87, 0xD2, 0x00, 0x8D, 0xF8, 0x30, 0x21, 0x59, 0x37, 0x0A, 0xD5, 0x12, 0x2F, 0xD4,
    0xB4, 0x5C, 0xB1, 0x14, 0x00, 0x83, 0x0E, 0x18, 0x6C, 0x23, 0x5B, 0x8A, 0x9E, 0x6F, 0x4C, 0x06,
    0x0D, 0x51, 0xA3, 0x3D, 0x49, 0x01, 0x23, 0xFE, 0x9E, 0x59, 0x1C, 0x93, 0xBD, 0xBD, 0x1E, 0xC6,
    0x68, 0x03, 0xF5, 0x00, 0x05, 0xB6, 0x28, 0xC6, 0x29, 0xC7, 0x85, 0x7F, 0x8D, 0x69, 0x59, 0xDD,
    0x15, 0x21, 0x85, 0x2B, 0x52, 0x88, 0x85, 0xFC, 0xE6, 0x65, 0x09, 0xE8, 0xFF, 0x2B, 0x15, 0x50,
    0x91, 0x76, 0x66, 0x82, 0xF4, 0xB3, 0x82, 0xF8, 0xA6, 0x30, 0x87, 0x23, 0x01, 0x5B, 0x19, 0x09,
    0x8F, 0x63, 0x5D, 0xFE, 0xC7, 0x98, 0x68, 0xAC, 0x04, 0x77, 0xD3, 0xD5, 0xD9, 0xAC, 0x75, 0xFD,
    0x2C, 0x22, 0xAA, 0x01, 0x1E, 0x58, 0x00, 0x67, 0x2F, 0x33, 0x6E, 0x77, 0x7C, 0x85, 0xF5, 0xD5,
    0x78, 0xBB, 0x3F, 0x4B, 0xAA, 0x26, 0xCE, 0x85, 0x08, 0x0D, 0x82, 0xC4, 0x6D, 0x17, 0xBE, 0xF8,
    0xB0, 0xAE, 0x47, 0x9F, 0xEB, 0x8C, 0x5A, 0x13, 0xAD, 0x16, 0x08, 0x43, 0x25, 0xE6, 0x54, 0x08,
    0x90, 0x52, 0xF7, 0x39, 0x07, 0x55, 0xB7, 0x3E, 0xB7, 0xCF, 0x40, 0x85, 0x05, 0x58, 0x6D, 0x9F,
    0x19, 0x37, 0xFF, 0xA9, 0xC1, 0x6E, 0x07, 0x0B, 0xD3, 0x3B, 0x06, 0x00, 0x96, 0x92, 0x20, 0x76,
    0x3E, 0x0E, 0x91, 0x46, 0x68, 0x3C, 0xA6, 0x9E, 0xFD, 0x92, 0x7D, 0xE0, 0x1A, 0xE8, 0xEF, 0xEE,
    0x75, 0x30, 0x53, 0xDB, 0xCF, 0xEC, 0x0F, 0x58, 0xEA, 0x10, 0x02, 0x8B, 0xF8, 0x1D, 0x69, 0x79,
    0xB3, 0xB8, 0xD1, 0x00, 0x05, 0x68, 0x61, 0xB4, 0x3B, 0x51, 0x67, 0xD8, 0x23, 0x96, 0x3C, 0x11,
    0xE4, 0xC9, 0x1C, 0x83, 0xFE, 0x0C, 0x65, 0x9C, 0x10, 0x72, 0xCC, 0x38, 0xB1, 0x2B, 0x79, 0x5E,
    0x6A, 0x50, 0xDC, 0x32, 0x64, 0x6F, 0xB5, 0x08, 0x8C, 0x75, 0x01, 0x54, 0x0F, 0xD1, 0x01, 0xCF,
    0xEE, 0x59, 0xE1, 0x7A, 0x73, 0x33, 0xD2, 0xCC, 0xDE, 0x21, 0xD5, 0x85, 0xC3, 0x5A, 0xA4, 0x87,
    0x21, 0x02, 0x86, 0xF8, 0x0D, 0x10, 0x19, 0x1A, 0xD3, 0x1C, 0x9E, 0x0F, 0xC4, 0x43, 0x3F, 0xBB,
    0xC5, 0xC9, 0xCB, 0xDC, 0x89, 0x3F, 0xA2, 0xB1, 0xDB, 0xA9, 0xE3, 0xF0, 0x57, 0x03, 0x08, 0xA1,
    0x21, 0xBD, 0xB2, 0x14, 0xAC, 0xFA, 0xE2, 0x24, 0xB3, 0x00, 0x78, 0x0C, 0x81, 0xB0, 0x4C, 0x7C,
    0xCB, 0x85, 0x4C, 0xEC, 0x6F, 0xFC, 0x8E, 0xA6, 0xAB, 0x34, 0x21, 0xA9, 0x44, 0xAE, 0xF4, 0x72,
    0x0D, 0x73, 0x4E, 0xE3, 0x06, 0xF9, 0xE8, 0xFC, 0x27, 0xB7, 0xC8, 0x87, 0xAD, 0x95, 0x5C, 0xE3,
    0x5E, 0x40, 0x86, 0x25, 0x00, 0x50, 0xFE, 0x63, 0x9E, 0x9F, 0x7B, 0x40, 0xBC, 0xF5, 0x0B, 0xDA,
    0x31, 0xDC, 0x7D, 0x7A, 0xFC, 0x80, 0x00, 0x11, 0x85, 0x3B, 0x13, 0xB1, 0xB8, 0x6C, 0xAC, 0xCB,
    0x69, 0x3A, 0x2E, 0x3E, 0x07, 0x80, 0xE3, 0x64, 0xEC, 0x46, 0xE5, 0xCB, 0xAF, 0x41, 0x65, 0x5D,
    0xF5, 0x3D, 0x1E, 0x9F, 0x9D, 0x97, 0xC0, 0x00, 0x75, 0x95, 0x51, 0x69, 0x15, 0xF0, 0xEA, 0x08,
    0xF1, 0x9C, 0xD3, 0x11, 0xA0, 0x72, 0x76, 0xD5, 0xD7, 0x53, 0x73, 0x0C, 0x63, 0x4B, 0xE3, 0x5F,
    0xBE, 0x0F, 0x6D, 0xB3, 0x96, 0x6E, 0x63, 0x1D, 0x8C, 0xBD, 0x3F, 0x10, 0xC6, 0xAA, 0x0A, 0x7E,
    0x54, 0xA0, 0x32, 0xA6, 0xC6, 0xF5, 0x04, 0xD0, 0x13, 0xE0, 0x2B, 0x80, 0x00, 0x05, 0x11, 0xB8,
    0x86, 0x68, 0xC5, 0x7D, 0x4E, 0xA4, 0x7F, 0xE1, 0x10, 0x7D, 0x5A, 0x08, 0xA9, 0xFB, 0xE6, 0xD0,
    0xC9, 0x1B, 0xC9, 0xB8, 0x00, 0x05, 0x0E, 0xD8, 0xE4, 0xD3, 0x23, 0x3F, 0xFF, 0x12, 0xA5, 0x17,
    0xFB, 0xD0, 0x7A, 0x96, 0xEB, 0xF0, 0x92, 0x79, 0x8D, 0x1A, 0x85, 0xB9, 0x14, 0x77, 0x7B, 0xC3,
    0x30, 0x00, 0x05, 0xB7, 0xC8, 0x41, 0xDC, 0x02, 0xD2, 0xA7, 0x68, 0x77, 0x8B, 0x84, 0x57, 0xE3,
    0xCC, 0xE3, 0x1F, 0xC8, 0xC3, 0x76, 0x4D, 0x43, 0x70, 0x83, 0x46, 0xB8, 0x74, 0x69, 0xE2, 0x94,
    0x3D, 0xF9, 0x8B, 0xA4, 0x4F, 0x46, 0xFC, 0x03, 0x00, 0x7C, 0x1B, 0xDF, 0xD7, 0xBE, 0x38, 0x87,
    0x91, 0xA4, 0x1D, 0xE4, 0x75, 0x96, 0xDC, 0xB0, 0x64, 0x88, 0xE2, 0xE6, 0xF0, 0x29, 0x54, 0x85,
    0x60, 0x40, 0xB6, 0x71, 0xD2, 0x61, 0xDD, 0xAB, 0x0A, 0x0F, 0xB5, 0x1C, 0x92, 0x26, 0xFA, 0x99,
    0xEF, 0xBA, 0x89, 0x06, 0xC0, 0x00, 0x4C, 0x5C, 0x26, 0xDA, 0x83, 0x64, 0x07, 0x93, 0xB2, 0xB0,
    0x46, 0xE6, 0x5E, 0x00, 0xBC, 0x08, 0x53, 0x97, 0x71, 0x31, 0x08, 0xB1, 0xA2, 0x93, 0x1C, 0xB3,
    0xBD, 0xB4, 0x00, 0x00, 0x3B, 0xA3, 0x20, 0xAC, 0x26, 0x9F, 0xDB, 0xF1, 0xDF, 0x8B, 0x29, 0x6A,
    0xA0, 0x26, 0xD7, 0x5C, 0xE6, 0x3C, 0x74, 0xB2, 0x20, 0x41, 0x1F, 0xB0, 0x88, 0x1F, 0x5E, 0x3B,
    0x1E, 0x99, 0x37, 0xD8, 0x00, 0x93, 0x22, 0x03, 0x48, 0x64, 0x7F, 0xB5, 0x93, 0xC9, 0x94, 0xD4,
    0x25, 0x3E, 0x5D, 0x7C, 0xDE, 0x19, 0x81, 0xF6, 0x79, 0x15, 0x00, 0xEE, 0x43, 0xB0, 0xAA, 0xE9,
    0x32, 0x34, 0xFF, 0x2B, 0x65, 0x5F, 0xD9, 0x2E, 0x7B, 0x87, 0x20, 0x00, 0x29, 0xD6, 0xE5, 0xD6,
    0x5F, 0xD3, 0xBC, 0xF0, 0x50, 0x7D, 0x94, 0x67, 0x07, 0xF0, 0x69, 0x5D, 0x03, 0x9C, 0x11, 0x58,
    0xB5, 0xA7, 0x9B, 0x3D, 0xE1, 0x8A, 0xF9, 0x8C, 0xA0, 0x01, 0xD2, 0x8F, 0xC9, 0xC4, 0x50, 0x48,
    0x87, 0x52, 0x02, 0x40, 0x83, 0x6B, 0x7B, 0x52, 0xAE, 0xEA, 0x3B, 0x6F, 0x66, 0x87, 0xD3, 0x01,
    0x1A, 0x16, 0xE0, 0x00, 0x7F, 0x9E, 0x88, 0xDB, 0x5F, 0x21, 0x6A, 0x48, 0x27, 0xA5, 0xA2, 0xE6,
    0x91, 0x68, 0x98, 0x9F, 0xE5, 0x55, 0x70, 0x48, 0x70, 0xEC, 0xAC, 0xEE, 0x82, 0xA4, 0x7E, 0x77,
    0x92, 0x2A, 0x1F, 0x60, 0x54, 0x8B, 0xE5, 0x4C, 0xE9, 0xC2, 0xEC, 0x14, 0xE4, 0x63, 0x15, 0x8D,
    0xAD, 0x03, 0x7D, 0x00, 0x3B, 0x97, 0xE0, 0xB5, 0xC2, 0x1D, 0x1D, 0x82, 0x6A, 0xB3, 0xD4, 0xE8,
    0x74, 0xA4, 0x05, 0x9D, 0xD3, 0xF7, 0x15, 0x06, 0xCB, 0x2B, 0xB1, 0xDE, 0x24, 0xBB, 0xF6, 0xB7,
    0x91, 0xC2, 0x47, 0x14, 0xCB, 0x67, 0x27, 0x44, 0x4A, 0x87, 0x27, 0x04, 0x7C, 0xD5, 0xB3, 0x76,
    0x4E, 0x48, 0x34, 0xFB, 0xF5, 0x11, 0xDD, 0x41, 0x7C, 0x21, 0x85, 0x70, 0x00, 0x7D, 0xA2, 0x75,
    0x0D, 0xA7, 0x4A, 0xFE, 0xA8, 0x09, 0x58, 0x08, 0xA9, 0x9C, 0x0B, 0x2D, 0x7B, 0x45, 0x5F, 0xD5,
    0x3D, 0x8D, 0x4C, 0xD0, 0xA7, 0xD4, 0x95, 0x86, 0x0D, 0xA2, 0x08, 0x73, 0x05, 0xB3, 0x19, 0x46,
    0x26, 0x44, 0x84, 0x74, 0x19, 0x37, 0x5B, 0x66, 0x3E, 0x95, 0x6A, 0x56, 0x5C, 0x0A, 0xF7, 0xD9,
    0x16, 0x52, 0x94, 0xBF, 0x6B, 0xDE, 0x87, 0xC0, 0x87, 0x29, 0x04, 0xA3, 0x52, 0x18, 0x11, 0x52,
    0x5B, 0x43, 0x57, 0x1F, 0x20, 0xFC, 0x84, 0x8A, 0xDE, 0x69, 0x3C, 0x2E, 0x7C, 0x5F, 0xEA, 0xB8,
    0x00, 0x33, 0x6B, 0x4D, 0x0F, 0x46, 0xF9, 0x6A, 0xF3, 0xC9, 0x6F, 0xC7, 0xFD, 0x03, 0x68, 0x1A,
    0x13, 0x17, 0x11, 0x81, 0xA2, 0xF5, 0x61, 0x00, 0x89, 0x6E, 0x82, 0xD1, 0x84, 0xDD, 0xE7, 0x68,
    0x00, 0x4A, 0xF6, 0xCF, 0x26, 0x86, 0xD0, 0xCD, 0x70, 0x15, 0x63, 0x2B, 0xD2, 0x9D, 0x2A, 0x05,
    0x63, 0xE6, 0x6F, 0x70, 0x15, 0x78, 0xFB, 0x34, 0x60, 0x2C, 0x25, 0x18, 0x68, 0xCE, 0x8F, 0xBC,
    0x0F, 0x08, 0x56, 0x0D, 0xFC, 0xC7, 0x5D, 0x7D, 0x4B, 0x1D, 0xBE, 0x08, 0x31, 0x67, 0xED, 0x7C,
    0x4F, 0x36, 0x3E, 0xD0, 0xE2, 0x0B, 0x68, 0xCB, 0x33, 0x80, 0x00, 0xC2, 0x9C, 0x3B, 0x57, 0xC7,
    0x11, 0x6E, 0x41, 0xB9, 0x73, 0x42, 0x62, 0xE4, 0x6E, 0x12, 0xC7, 0x3D, 0x76, 0xFA, 0x69, 0xA4,
    0x5D, 0x08, 0x67, 0x5C, 0x1D, 0x5D, 0x12, 0x0B, 0xD9, 0x42, 0x0D, 0xCE, 0xDF, 0xC3, 0x2A, 0x6B,
    0xD9, 0xED, 0x73, 0x93, 0xF5, 0xAD, 0x5D, 0x7A, 0x27, 0x1C, 0xBC, 0xC0,
};

static const EpdGlyph notoserif_14_regularGlyphs[] = {
    { 0, 0, 0, 0, 0, 0, 0 }, // U+0000
    { 0, 0, 121, 0, 0, 0, 0 }, // U+000D
    { 0, 0, 121, 0, 0, 0, 0 }, // U+0020
    { 4, 22, 155, 3, 21, 13, 0 }, // !
    { 10, 8, 190, 1, 21, 10, 13 }, // "
    { 16, 21, 261, 0, 21, 37, 23 }, // #
    { 14, 26, 261, 1, 23, 38, 60 }, // $
    { 24, 23, 418, 1, 22, 45, 98 }, // %
    { 21, 23, 346, 1, 22, 48, 143 }, // &
    { 4, 8, 103, 1, 21, 5, 191 }, // '
    { 9, 27, 161, 1, 23, 17, 196 }, // (
    { 9, 27, 161, 0, 23, 17, 213 }, // )
    { 13, 12, 233, 1, 23, 29, 230 }, // *
    { 14, 13, 261, 1, 17, 14, 259 }, // +
    { 6, 9, 117, 0, 4, 9, 273 }, // ,
    { 9, 4, 145, 0, 10, 5, 282 }, // -
    { 5, 5, 117, 1, 4, 4, 287 }, // .
    { 9, 27, 134, 0, 23, 15, 291 }, // /
    { 15, 23, 270, 1, 22, 26, 306 }, // 0
    { 13, 21, 214, 0, 21, 17, 332 }, // 1
    { 14, 22, 231, 0, 22, 25, 349 }, // 2
    { 14, 23, 239, 0, 22, 31, 374 }, // 3
    { 16, 21, 258, 0, 21, 29, 405 }, // 4
    { 13, 22, 239, 1, 21, 30, 434 }, // 5
    { 14, 23, 257, 1, 22, 31, 464 }, // 6
    { 14, 21, 240, 1, 21, 18, 495 }, // 7
    { 14, 23, 260, 1, 22, 35, 513 }, // 8
    { 14, 23, 257, 1, 22, 30, 548 }, // 9
    { 5, 17, 133, 2, 16, 9, 578 }, // :
    { 6, 21, 133, 1, 16, 12, 587 }, // ;
    { 14, 15, 261, 1, 18, 22, 599 }, // <
    { 14, 9, 261, 1, 15, 11, 621 }, // =
    { 14, 15, 261, 1, 18, 24, 632 }, // >
    { 13, 23, 221, 0, 22, 21, 656 }, // ?
    { 25, 26, 430, 1, 21, 57, 677 }, // @
    { 21, 21, 329, 0, 21, 36, 734 }, // A
    { 17, 21, 305, 1, 21, 30, 770 }, // B
    { 16, 23, 287, 1, 22, 25, 800 }, // C
    { 19, 21, 339, 1, 21, 26, 825 }, // D
    { 16, 21, 291, 1, 21, 23, 851 }, // E
    { 15, 21, 275, 1, 21, 19, 874 }, // F
    { 20, 23, 333, 1, 22, 31, 893 }, // G
    { 22, 21, 370, 1, 21, 32, 924 }, // H
    { 9, 21, 171, 1, 21, 13, 956 }, // I
    { 11, 28, 167, -1, 21, 15, 969 }, // J
    { 20, 21, 327, 1, 21, 34, 984 }, // K
    { 16, 21, 291, 1, 21, 12, 1018 }, // L
    { 26, 21, 438, 1, 21, 51, 1030 }, // M
    { 21, 21, 356, 1, 21, 35, 1081 }, // N
    { 19, 23, 346, 1, 22, 31, 1116 }, // O
    { 16, 21, 282, 1, 21, 20, 1147 }, // P
    { 19, 29, 346, 1, 22, 19, 1167 }, // Q
    { 19, 21, 306, 1, 21, 31, 1186 }, // R
    { 14, 23, 254, 1, 22, 33, 1217 }, // S
    { 18, 21, 286, 0, 21, 25, 1250 }, // T
    { 21, 22, 335, 0, 21, 25, 1275 }, // U
    { 20, 21, 315, 0, 21, 31, 1300 }, // V
    { 31, 21, 489, 0, 21, 53, 1331 }, // W
    { 20, 21, 308, 0, 21, 35, 1384 }, // X
    { 20, 21, 292, -1, 21, 29, 1419 }, // Y
    { 16, 21, 276, 1, 21, 26, 1448 }, // Z
    { 8, 27, 168, 2, 23, 14, 1474 }, // [
    { 9, 27, 134, 0, 23, 18, 1488 }, // <backslash>
    { 7, 27, 168, 1, 23, 19, 1506 }, // ]
    { 14, 14, 261, 1, 21, 18, 1525 }, // ^
    { 15, 3, 214, -1, -2, 6, 1543 }, // _
    { 6, 6, 128, 1, 23, 6, 1549 }, // `
    { 15, 17, 263, 1, 16, 31, 1555 }, // a
    { 17, 24, 287, 0, 23, 30, 1586 }, // b
    { 13, 17, 230, 1, 16, 20, 1616 }, // c
    { 17, 24, 287, 1, 23, 32, 1636 }, // d
    { 14, 17, 250, 1, 16, 22, 1668 }, // e
    { 13, 23, 172, 0, 23, 27, 1690 }, // f
    { 16, 24, 251, 0, 17, 39, 1717 }, // g
    { 18, 23, 296, 0, 23, 26, 1756 }, // h
    { 9, 23, 149, 0, 23, 17, 1782 }, // i
    { 8, 30, 140, -1, 23, 16, 1799 }, // j
    { 18, 23, 273, 0, 23, 29, 1815 }, // k
    { 9, 23, 145, 0, 23, 10, 1844 }, // l
    { 27, 16, 441, 0, 16, 38, 1854 }, // m
    { 18, 16, 301, 0, 16, 24, 1892 }, // n
    { 15, 17, 269, 1, 16, 23, 1916 }, // o
    { 17, 23, 287, 0, 16, 21, 1939 }, // p
    { 17, 23, 287, 1, 16, 18, 1960 }, // q
    { 14, 16, 220, 0, 16, 20, 1978 }, // r
    { 11, 17, 211, 1, 16, 27, 1998 }, // s
    { 10, 21, 164, 0, 20, 17, 2025 }, // t
    { 18, 17, 296, 0, 16, 24, 2042 }, // u
    { 17, 16, 270, 0, 16, 25, 2066 }, // v
    { 26, 16, 402, 0, 16, 40, 2091 }, // w
    { 17, 16, 270, 0, 16, 31, 2131 }, // x
    { 17, 23, 264, 0, 16, 27, 2162 }, // y
    { 13, 16, 239, 1, 16, 20, 2189 }, // z
    { 11, 27, 200, 1, 23, 21, 2209 }, // {
    { 3, 30, 261, 7, 23, 10, 2230 }, // |
    { 11, 27, 200, 1, 23, 22, 2240 }, // }
    { 14, 6, 261, 1, 13, 15, 2262 }, // ~
    { 0, 0, 121, 0, 0, 0, 2277 }, // U+00A0
    { 4, 22, 155, 3, 16, 13, 2277 }, // U+00A1
    { 13, 21, 261, 2, 21, 30, 2290 }, // U+00A2
    { 15, 23, 261, 1, 22, 33, 2320 }, // U+00A3
    { 14, 13, 261, 1, 17, 30, 2353 }, // U+00A4
    { 17, 21, 261, 0, 21, 37, 2383 }, // U+00A5
    { 3, 30, 261, 7, 23, 10, 2420 }, // U+00A6
    { 13, 27, 254, 2, 23, 42, 2430 }, // U+00A7
    { 9, 4, 269, 4, 22, 9, 2472 }, // U+00A8
    { 23, 23, 394, 1, 22, 53, 2481 }, // U+00A9
    { 10, 10, 178, 1, 21, 18, 2534 }, // U+00AA
    { 13, 12, 240, 1, 14, 20, 2552 }, // U+00AB
    { 14, 9, 261, 1, 12, 9, 2572 }, // U+00AC
    { 9, 4, 145, 0, 10, 4, 2581 }, // U+00AD
    { 23, 23, 394, 1, 22, 47, 2585 }, // U+00AE
    { 15, 2, 214, -1, 24, 5, 2632 }, // U+00AF
    { 10, 10, 187, 1, 22, 14, 2637 }, // U+00B0
    { 14, 17, 261, 1, 17, 12, 2651 }, // U+00B1
    { 10, 14, 187, 1, 25, 20, 2663 }, // U+00B2
    { 10, 14, 187, 1, 25, 23, 2683 }, // U+00B3
    { 6, 6, 128, 1, 23, 6, 2706 }, // U+00B4
    { 15, 23, 287, 2, 16, 26, 2712 }, // U+00B5
    { 16, 27, 288, 1, 23, 28, 2738 }, // U+00B6
    { 5, 5, 117, 1, 13, 5, 2766 }, // U+00B7
    { 7, 8, 155, 1, 1, 10, 2771 }, // U+00B8
    { 9, 13, 187, 1, 24, 16, 2781 }, // U+00B9
    { 10, 10, 185, 1, 21, 14, 2797 }, // U+00BA
    { 13, 12, 240, 1, 14, 20, 2811 }, // U+00BB
    { 24, 21, 392, 0, 21, 52, 2831 }, // U+00BC
    { 24, 21, 392, 0, 21, 52, 2883 }, // U+00BD
    { 23, 22, 392, 1, 22, 58, 2935 }, // U+00BE
    { 12, 22, 221, 1, 16, 22, 2993 }, // U+00BF
    { 21, 28, 329, 0, 28, 16, 3015 }, // U+00C0
    { 21, 28, 329, 0, 28, 16, 3031 }, // U+00C1
    { 21, 28, 329, 0, 28, 18, 3047 }, // U+00C2
    { 21, 27, 329, 0, 27, 21, 3065 }, // U+00C3
    { 21, 27, 329, 0, 27, 18, 3086 }, // U+00C4
    { 21, 26, 329, 0, 26, 21, 3104 }, // U+00C5
    { 27, 21, 444, 0, 21, 48, 3125 }, // U+00C6
    { 16, 29, 287, 1, 22, 17, 3173 }, // U+00C7
    { 16, 28, 291, 1, 28, 13, 3190 }, // U+00C8
    { 16, 28, 291, 1, 28, 12, 3203 }, // U+00C9
    { 16, 28, 291, 1, 28, 15, 3215 }, // U+00CA
    { 16, 27, 291, 1, 27, 15, 3230 }, // U+00CB
    { 9, 28, 171, 1, 28, 10, 3245 }, // U+00CC
    { 9, 28, 171, 1, 28, 10, 3255 }, // U+00CD
    { 9, 28, 171, 1, 28, 13, 3265 }, // U+00CE
    { 9, 27, 171, 1, 27, 12, 3278 }, // U+00CF
    { 19, 21, 339, 1, 21, 14, 3290 }, // U+00D0
    { 21, 27, 356, 1, 27, 20, 3304 }, // U+00D1
    { 19, 29, 346, 1, 28, 14, 3324 }, // U+00D2
    { 19, 29, 346, 1, 28, 14, 3338 }, // U+00D3
    { 19, 29, 346, 1, 28, 16, 3352 }, // U+00D4
    { 19, 28, 346, 1, 27, 18, 3368 }, // U+00D5
    { 19, 28, 346, 1, 27, 17, 3386 }, // U+00D6
    { 13, 13, 261, 2, 17, 22, 3403 }, // U+00D7
    { 19, 25, 346, 1, 23, 25, 3425 }, // U+00D8
    { 21, 29, 335, 0, 28, 15, 3450 }, // U+00D9
    { 21, 29, 335, 0, 28, 15, 3465 }, // U+00DA
    { 21, 29, 335, 0, 28, 17, 3480 }, // U+00DB
    { 21, 28, 335, 0, 27, 18, 3497 }, // U+00DC
    { 20, 28, 292, -1, 28, 16, 3515 }, // U+00DD
    { 16, 21, 282, 1, 21, 22, 3531 }, // U+00DE
    { 18, 24, 302, 0, 23, 43, 3553 }, // U+00DF
    { 15, 24, 263, 1, 23, 15, 3596 }, // U+00E0
    { 15, 24, 263, 1, 23, 14, 3611 }, // U+00E1
    { 15, 24, 263, 1, 23, 18, 3625 }, // U+00E2
    { 15, 23, 263, 1, 22, 20, 3643 }, // U+00E3
    { 15, 23, 263, 1, 22, 17, 3663 }, // U+00E4
    { 15, 25, 263, 1, 24, 22, 3680 }, // U+00E5
    { 23, 17, 393, 1, 16, 45, 3702 }, // U+00E6
    { 13, 23, 230, 1, 16, 17, 3747 }, // U+00E7
    { 14, 24, 250, 1, 23, 13, 3764 }, // U+00E8
    { 14, 24, 250, 1, 23, 13, 3777 }, // U+00E9
    { 14, 24, 250, 1, 23, 16, 3790 }, // U+00EA
    { 14, 23, 250, 1, 22, 15, 3806 }, // U+00EB
    { 9, 23, 149, 0, 23, 10, 3821 }, // U+00EC
    { 10, 23, 149, 0, 23, 17, 3831 }, // U+00ED
    { 9, 23, 149, 0, 23, 13, 3848 }, // U+00EE
    { 9, 22, 149, 0, 22, 13, 3861 }, // U+00EF
    { 15, 24, 269, 1, 23, 36, 3874 }, // U+00F0
    { 18, 22, 301, 0, 22, 17, 3910 }, // U+00F1
    { 15, 24, 269, 1, 23, 14, 3927 }, // U+00F2
    { 15, 24, 269, 1, 23, 13, 3941 }, // U+00F3
    { 15, 24, 269, 1, 23, 16, 3954 }, // U+00F4
    { 15, 23, 269, 1, 22, 18, 3970 }, // U+00F5
    { 15, 23, 269, 1, 22, 15, 3988 }, // U+00F6
    { 14, 15, 261, 1, 18, 15, 4003 }, // U+00F7
    { 15, 19, 269, 1, 17, 21, 4018 }, // U+00F8
    { 18, 24, 296, 0, 23, 13, 4039 }, // U+00F9
    { 18, 24, 296, 0, 23, 13, 4052 }, // U+00FA
    { 18, 24, 296, 0, 23, 15, 4065 }, // U+00FB
    { 18, 23, 296, 0, 22, 15, 4080 }, // U+00FC
    { 17, 30, 264, 0, 23, 16, 4095 }, // U+00FD
    { 17, 30, 287, 0, 23, 16, 4111 }, // U+00FE
    { 17, 29, 264, 0, 22, 19, 4127 }, // U+00FF
    { 21, 25, 329, 0, 25, 15, 4146 }, // U+0100
    { 15, 21, 263, 1, 20, 14, 4161 }, // U+0101
    { 21, 27, 329, 0, 27, 18, 4175 }, // U+0102
    { 15, 23, 263, 1, 22, 18, 4193 }, // U+0103
    { 21, 28, 329, 0, 21, 21, 4211 }, // U+0104
    { 15, 23, 263, 1, 16, 19, 4232 }, // U+0105
    { 16, 29, 287, 1, 28, 13, 4251 }, // U+0106
    { 13, 24, 230, 1, 23, 12, 4264 }, // U+0107
    { 16, 29, 287, 1, 28, 15, 4276 }, // U+0108
    { 13, 24, 230, 1, 23, 15, 4291 }, // U+0109
    { 16, 29, 287, 1, 28, 12, 4306 }, // U+010A
    { 13, 24, 230, 1, 23, 12, 4318 }, // U+010B
    { 16, 29, 287, 1, 28, 17, 4330 }, // U+010C
    { 13, 24, 230, 1, 23, 16, 4347 }, // U+010D
    { 19, 28, 339, 1, 28, 16, 4363 }, // U+010E
    { 19, 24, 287, 1, 23, 36, 4379 }, // U+010F
    { 19, 21, 339, 1, 21, 11, 4415 }, // U+0110
    { 17, 24, 287, 1, 23, 25, 4426 }, // U+0111
    { 16, 25, 291, 1, 25, 12, 4451 }, // U+0112
    { 14, 21, 250, 1, 20, 13, 4463 }, // U+0113
    { 16, 27, 291, 1, 27, 15, 4476 }, // U+0114
    { 14, 23, 250, 1, 22, 16, 4491 }, // U+0115
    { 16, 27, 291, 1, 27, 11, 4507 }, // U+0116
    { 14, 24, 250, 1, 23, 12, 4518 }, // U+0117
    { 16, 28, 291, 1, 21, 19, 4530 }, // U+0118
    { 14, 23, 250, 1, 16, 17, 4549 }, // U+0119
    { 16, 28, 291, 1, 28, 15, 4566 }, // U+011A
    { 14, 24, 250, 1, 23, 15, 4581 }, // U+011B
    { 20, 29, 333, 1, 28, 18, 4596 }, // U+011C
    { 16, 30, 251, 0, 23, 20, 4614 }, // U+011D
    { 20, 28, 333, 1, 27, 19, 4634 }, // U+011E
    { 16, 29, 251, 0, 22, 21, 4653 }, // U+011F
    { 20, 29, 333, 1, 28, 14, 4674 }, // U+0120
    { 16, 30, 251, 0, 23, 16, 4688 }, // U+0121
    { 20, 29, 333, 1, 22, 16, 4704 }, // U+0122
    { 16, 30, 251, 0, 23, 17, 4720 }, // U+0123
    { 22, 28, 370, 1, 28, 18, 4737 }, // U+0124
    { 18, 29, 296, 0, 29, 16, 4755 }, // U+0125
    { 22, 21, 370, 1, 21, 18, 4771 }, // U+0126
    { 18, 23, 296, 0, 23, 21, 4789 }, // U+0127
    { 11, 27, 171, 0, 27, 23, 4810 }, // U+0128
    { 11, 22, 149, -1, 22, 22, 4833 }, // U+0129
    { 9, 25, 171, 1, 25, 9, 4855 }, // U+012A
    { 9, 20, 149, 0, 20, 10, 4864 }, // U+012B
    { 9, 27, 171, 1, 27, 13, 4874 }, // U+012C
    { 9, 22, 149, 0, 22, 13, 4887 }, // U+012D
    { 9, 28, 171, 1, 21, 14, 4900 }, // U+012E
    { 9, 30, 149, 0, 23, 16, 4914 }, // U+012F
    { 9, 28, 171, 1, 28, 10, 4930 }, // U+0130
    { 9, 16, 149, 0, 16, 6, 4940 }, // U+0131
    { 19, 28, 325, 1, 21, 29, 4946 }, // U+0132
    { 16, 30, 289, 0, 23, 33, 4975 }, // U+0133
    { 11, 35, 167, -1, 28, 14, 5008 }, // U+0134
    { 10, 30, 140, -1, 23, 19, 5022 }, // U+0135
    { 20, 28, 327, 1, 21, 17, 5041 }, // U+0136
    { 18, 30, 273, 0, 23, 17, 5058 }, // U+0137
    { 18, 16, 273, 0, 16, 14, 5075 }, // U+0138
    { 16, 28, 291, 1, 28, 11, 5089 }, // U+0139
    { 9, 29, 145, 0, 29, 10, 5100 }, // U+013A
    { 16, 28, 291, 1, 21, 12, 5110 }, // U+013B
    { 9, 30, 145, 0, 23, 11, 5122 }, // U+013C
    { 16, 21, 291, 1, 21, 11, 5133 }, // U+013D
    { 11, 23, 145, 0, 23, 17, 5144 }, // U+013E
    { 16, 21, 291, 1, 21, 11, 5161 }, // U+013F
    { 12, 23, 173, 0, 23, 17, 5172 }, // U+0140
    { 16, 21, 291, 1, 21, 15, 5189 }, // U+0141
    { 10, 23, 151, 0, 23, 23, 5204 }, // U+0142
    { 21, 28, 356, 1, 28, 16, 5227 }, // U+0143
    { 18, 23, 301, 0, 23, 13, 5243 }, // U+0144
    { 21, 28, 356, 1, 21, 18, 5256 }, // U+0145
    { 18, 23, 301, 0, 16, 16, 5274 }, // U+0146
    { 21, 28, 356, 1, 28, 19, 5290 }, // U+0147
    { 18, 23, 301, 0, 23, 16, 5309 }, // U+0148
    { 22, 21, 364, 0, 21, 35, 5325 }, // U+0149
    { 21, 28, 356, 1, 21, 26, 5360 }, // U+014A
    { 16, 23, 296, 0, 16, 27, 5386 }, // U+014B
    { 19, 26, 346, 1, 25, 13, 5413 }, // U+014C
    { 15, 21, 269, 1, 20, 13, 5426 }, // U+014D
    { 19, 28, 346, 1, 27, 17, 5439 }, // U+014E
    { 15, 23, 269, 1, 22, 15, 5456 }, // U+014F
    { 19, 29, 346, 1, 28, 17, 5471 }, // U+0150
    { 15, 24, 269, 1, 23, 17, 5488 }, // U+0151
    { 26, 23, 448, 1, 22, 43, 5505 }, // U+0152
    { 24, 17, 422, 1, 16, 42, 5548 }, // U+0153
    { 19, 28, 306, 1, 28, 13, 5590 }, // U+0154
    { 14, 23, 220, 0, 23, 13, 5603 }, // U+0155
    { 19, 28, 306, 1, 21, 17, 5616 }, // U+0156
    { 14, 23, 220, 0, 16, 15, 5633 }, // U+0157
    { 19, 28, 306, 1, 28, 16, 5648 }, // U+0158
    { 14, 23, 220, 0, 23, 17, 5664 }, // U+0159
    { 14, 29, 254, 1, 28, 14, 5681 }, // U+015A
    { 11, 24, 211, 1, 23, 14, 5695 }, // U+015B
    { 14, 29, 254, 1, 28, 18, 5709 }, // U+015C
    { 11, 24, 211, 1, 23, 16, 5727 }, // U+015D
    { 14, 29, 254, 1, 22, 19, 5743 }, // U+015E
    { 11, 23, 211, 1, 16, 17, 5762 }, // U+015F
    { 14, 29, 254, 1, 28, 18, 5779 }, // U+0160
    { 11, 24, 211, 1, 23, 16, 5797 }, // U+0161
    { 18, 28, 286, 0, 21, 21, 5813 }, // U+0162
    { 10, 27, 164, 0, 20, 16, 5834 }, // U+0163
    { 18, 28, 286, 0, 28, 15, 5850 }, // U+0164
    { 11, 24, 164, 0, 23, 21, 5865 }, // U+0165
    { 18, 21, 286, 0, 21, 16, 5886 }, // U+0166
    { 10, 21, 164, 0, 20, 14, 5902 }, // U+0167
    { 21, 28, 335, 0, 27, 19, 5916 }, // U+0168
    { 18, 23, 296, 0, 22, 18, 5935 }, // U+0169
    { 21, 26, 335, 0, 25, 13, 5953 }, // U+016A
    { 18, 21, 296, 0, 20, 12, 5966 }, // U+016B
    { 21, 28, 335, 0, 27, 18, 5978 }, // U+016C
    { 18, 23, 296, 0, 22, 16, 5996 }, // U+016D
    { 21, 30, 335, 0, 29, 21, 6012 }, // U+016E
    { 18, 25, 296, 0, 24, 20, 6033 }, // U+016F
    { 21, 29, 335, 0, 28, 19, 6053 }, // U+0170
    { 18, 24, 296, 0, 23, 17, 6072 }, // U+0171
    { 21, 28, 338, 0, 21, 35, 6089 }, // U+0172
    { 18, 23, 296, 0, 16, 17, 6124 }, // U+0173
    { 31, 28, 489, 0, 28, 25, 6141 }, // U+0174
    { 26, 23, 402, 0, 23, 22, 6166 }, // U+0175
    { 20, 28, 292, -1, 28, 19, 6188 }, // U+0176
    { 17, 30, 264, 0, 23, 19, 6207 }, // U+0177
    { 20, 27, 292, -1, 27, 19, 6226 }, // U+0178
    { 16, 28, 276, 1, 28, 14, 6245 }, // U+0179
    { 13, 23, 239, 1, 23, 13, 6259 }, // U+017A
    { 16, 28, 276, 1, 28, 14, 6272 }, // U+017B
    { 13, 23, 239, 1, 23, 12, 6286 }, // U+017C
    { 16, 28, 276, 1, 28, 16, 6298 }, // U+017D
    { 13, 23, 239, 1, 23, 16, 6314 }, // U+017E
    { 13, 23, 166, 0, 23, 15, 6330 }, // U+017F
    { 22, 24, 363, 1, 23, 38, 6345 }, // U+01A0
    { 18, 20, 283, 1, 19, 30, 6383 }, // U+01A1
    { 23, 24, 363, 0, 23, 31, 6413 }, // U+01AF
    { 21, 20, 316, 0, 19, 31, 6444 }, // U+01B0
    { 37, 28, 616, 1, 28, 62, 6475 }, // U+01C4
    { 34, 23, 578, 1, 23, 54, 6537 }, // U+01C5
    { 31, 24, 525, 1, 23, 59, 6591 }, // U+01C6
    { 27, 28, 457, 1, 21, 30, 6650 }, // U+01C7
    { 24, 30, 431, 1, 23, 33, 6680 }, // U+01C8
    { 16, 30, 285, 0, 23, 27, 6713 }, // U+01C9
    { 31, 28, 523, 1, 21, 49, 6740 }, // U+01CA
    { 28, 30, 496, 1, 23, 52, 6789 }, // U+01CB
    { 25, 30, 441, 0, 23, 41, 6841 }, // U+01CC
    { 21, 28, 329, 0, 28, 18, 6882 }, // U+01CD
    { 15, 24, 263, 1, 23, 18, 6900 }, // U+01CE
    { 9, 28, 171, 1, 28, 13, 6918 }, // U+01CF
    { 9, 23, 149, 0, 23, 12, 6931 }, // U+01D0
    { 19, 29, 346, 1, 28, 16, 6943 }, // U+01D1
    { 15, 24, 269, 1, 23, 17, 6959 }, // U+01D2
    { 21, 29, 335, 0, 28, 17, 6976 }, // U+01D3
    { 18, 24, 296, 0, 23, 15, 6993 }, // U+01D4
    { 21, 31, 335, 0, 30, 22, 7008 }, // U+01D5
    { 18, 26, 296, 0, 25, 20, 7030 }, // U+01D6
    { 21, 32, 335, 0, 31, 22, 7050 }, // U+01D7
    { 18, 27, 296, 0, 26, 22, 7072 }, // U+01D8
    { 21, 32, 335, 0, 31, 25, 7094 }, // U+01D9
    { 18, 27, 296, 0, 26, 27, 7119 }, // U+01DA
    { 21, 32, 335, 0, 31, 22, 7146 }, // U+01DB
    { 18, 27, 296, 0, 26, 21, 7168 }, // U+01DC
    { 13, 17, 250, 1, 16, 24, 7189 }, // U+01DD
    { 21, 30, 329, 0, 30, 23, 7213 }, // U+01DE
    { 15, 26, 263, 1, 25, 21, 7236 }, // U+01DF
    { 21, 29, 329, 0, 29, 19, 7257 }, // U+01E0
    { 15, 26, 263, 1, 25, 18, 7276 }, // U+01E1
    { 27, 25, 444, 0, 25, 19, 7294 }, // U+01E2
    { 23, 21, 393, 1, 20, 19, 7313 }, // U+01E3
    { 20, 23, 333, 1, 22, 17, 7332 }, // U+01E4
    { 17, 24, 251, 0, 17, 44, 7349 }, // U+01E5
    { 20, 29, 333, 1, 28, 19, 7393 }, // U+01E6
    { 16, 30, 251, 0, 23, 21, 7412 }, // U+01E7
    { 20, 28, 327, 1, 28, 19, 7433 }, // U+01E8
    { 18, 29, 273, 0, 29, 19, 7452 }, // U+01E9
    { 19, 29, 346, 1, 22, 18, 7471 }, // U+01EA
    { 15, 23, 269, 1, 16, 18, 7489 }, // U+01EB
    { 19, 32, 346, 1, 25, 16, 7507 }, // U+01EC
    { 15, 27, 269, 1, 20, 17, 7523 }, // U+01ED
    { 15, 29, 281, 1, 28, 40, 7540 }, // U+01EE
    { 14, 30, 255, 1, 23, 38, 7580 }, // U+01EF
    { 10, 30, 140, -1, 23, 16, 7618 }, // U+01F0
    { 37, 21, 616, 1, 21, 17, 7634 }, // U+01F1
    { 34, 21, 578, 1, 21, 15, 7651 }, // U+01F2
    { 31, 24, 525, 1, 23, 19, 7666 }, // U+01F3
    { 20, 29, 333, 1, 28, 15, 7685 }, // U+01F4
    { 16, 30, 251, 0, 23, 18, 7700 }, // U+01F5
    { 30, 22, 497, 1, 21, 42, 7718 }, // U+01F6
    { 20, 29, 324, 0, 22, 37, 7760 }, // U+01F7
    { 21, 28, 356, 1, 28, 17, 7797 }, // U+01F8
    { 18, 23, 301, 0, 23, 13, 7814 }, // U+01F9
    { 21, 28, 329, 0, 28, 39, 7827 }, // U+01FA
    { 15, 29, 263, 1, 28, 29, 7866 }, // U+01FB
    { 27, 28, 444, 0, 28, 19, 7895 }, // U+01FC
    { 23, 24, 393, 1, 23, 19, 7914 }, // U+01FD
    { 19, 30, 346, 1, 28, 18, 7933 }, // U+01FE
    { 15, 25, 269, 1, 23, 16, 7951 }, // U+01FF
    { 21, 28, 329, 0, 28, 20, 7967 }, // U+0200
    { 15, 24, 263, 1, 23, 19, 7987 }, // U+0201
    { 21, 27, 329, 0, 27, 18, 8006 }, // U+0202
    { 15, 23, 263, 1, 22, 17, 8024 }, // U+0203
    { 16, 28, 291, 1, 28, 17, 8041 }, // U+0204
    { 14, 24, 250, 1, 23, 18, 8058 }, // U+0205
    { 16, 27, 291, 1, 27, 14, 8076 }, // U+0206
    { 14, 23, 250, 1, 22, 16, 8090 }, // U+0207
    { 12, 28, 171, -2, 28, 22, 8106 }, // U+0208
    { 12, 23, 149, -3, 23, 22, 8128 }, // U+0209
    { 9, 27, 171, 1, 27, 11, 8150 }, // U+020A
    { 9, 22, 149, 0, 22, 13, 8161 }, // U+020B
    { 19, 29, 346, 1, 28, 17, 8174 }, // U+020C
    { 15, 24, 269, 1, 23, 17, 8191 }, // U+020D
    { 19, 28, 346, 1, 27, 15, 8208 }, // U+020E
    { 15, 23, 269, 1, 22, 15, 8223 }, // U+020F
    { 19, 28, 306, 1, 28, 19, 8238 }, // U+0210
    { 14, 23, 220, 0, 23, 17, 8257 }, // U+0211
    { 19, 27, 306, 1, 27, 16, 8274 }, // U+0212
    { 14, 22, 220, 0, 22, 15, 8290 }, // U+0213
    { 21, 29, 335, 0, 28, 18, 8305 }, // U+0214
    { 18, 24, 296, 0, 23, 18, 8323 }, // U+0215
    { 21, 28, 335, 0, 27, 17, 8341 }, // U+0216
    { 18, 23, 296, 0, 22, 15, 8358 }, // U+0217
    { 14, 29, 254, 1, 22, 16, 8373 }, // U+0218
    { 11, 23, 211, 1, 16, 14, 8389 }, // U+0219
    { 18, 28, 286, 0, 21, 15, 8403 }, // U+021A
    { 10, 27, 164, 0, 20, 14, 8418 }, // U+021B
    { 15, 27, 282, 1, 22, 35, 8432 }, // U+021C
    { 13, 23, 231, 1, 16, 30, 8467 }, // U+021D
    { 22, 28, 370, 1, 28, 19, 8497 }, // U+021E
    { 18, 29, 296, 0, 29, 17, 8516 }, // U+021F
    { 7, 6, 0, -13, 23, 6, 8533 }, // U+0300
    { 6, 6, 0, -9, 23, 6, 8539 }, // U+0301
    { 9, 6, 0, -13, 23, 6, 8545 }, // U+0302
    { 11, 5, 0, -15, 22, 11, 8551 }, // U+0303
    { 10, 3, 0, -5, 20, 5, 8562 }, // U+0304
    { 12, 2, 0, -6, 24, 1, 8567 }, // U+0305
    { 10, 5, 0, -5, 22, 8, 8568 }, // U+0306
    { 4, 5, 0, -2, 23, 5, 8576 }, // U+0307
    { 10, 4, 0, -5, 22, 8, 8581 }, // U+0308
    { 7, 7, 0, -12, 24, 10, 8589 }, // U+0309
    { 8, 7, 0, -4, 24, 11, 8599 }, // U+030A
    { 12, 6, 0, -5, 23, 10, 8610 }, // U+030B
    { 9, 6, 0, -13, 23, 10, 8620 }, // U+030C
    { 2, 6, 0, -1, 23, 3, 8630 }, // U+030D
    { 6, 6, 0, -3, 23, 6, 8633 }, // U+030E
    { 12, 6, 0, -16, 23, 7, 8639 }, // U+030F
    { 10, 8, 0, -5, 25, 12, 8646 }, // U+0310
    { 10, 5, 0, -5, 22, 8, 8658 }, // U+0311
    { 6, 9, 0, -3, 21, 10, 8666 }, // U+0312
    { 6, 9, 0, -3, 21, 8, 8676 }, // U+0313
    { 6, 9, 0, -3, 21, 10, 8684 }, // U+0314
    { 6, 9, 0, -3, 21, 5, 8694 }, // U+0315
    { 6, 6, 0, -3, -1, 5, 8699 }, // U+0316
    { 6, 6, 0, -3, -1, 5, 8704 }, // U+0317
    { 6, 6, 0, -3, -1, 8, 8709 }, // U+0318
    { 6, 6, 0, -3, -1, 7, 8717 }, // U+0319
    { 8, 8, 161, 0, 23, 8, 8724 }, // U+031A
    { 5, 8, 0, -3, 23, 8, 8732 }, // U+031B
    { 4, 7, 0, -2, 0, 7, 8740 }, // U+031C
    { 6, 5, 0, -3, -1, 6, 8747 }, // U+031D
    { 6, 5, 0, -3, -1, 5, 8753 }, // U+031E
    { 6, 6, 0, -3, -1, 9, 8758 }, // U+031F
    { 8, 3, 0, -4, -2, 4, 8767 }, // U+0320
    { 6, 8, 0, -6, 2, 7, 8771 }, // U+0321
    { 6, 8, 0, 0, 2, 7, 8778 }, // U+0322
    { 4, 5, 0, -11, -1, 4, 8785 }, // U+0323
    { 10, 4, 0, -5, -2, 6, 8789 }, // U+0324
    { 8, 6, 0, -4, -1, 11, 8795 }, // U+0325
    { 4, 6, 0, -2, -1, 5, 8806 }, // U+0326
    { 8, 8, 0, -4, 1, 10, 8811 }, // U+0327
    { 8, 7, 0, -4, 0, 9, 8821 }, // U+0328
    { 2, 5, 0, -1, -1, 3, 8830 }, // U+0329
    { 12, 5, 0, -6, -2, 8, 8833 }, // U+032A
    { 10, 5, 0, -5, -1, 11, 8841 }, // U+032B
    { 10, 6, 0, -5, -1, 7, 8852 }, // U+032C
    { 10, 6, 0, -5, -1, 8, 8859 }, // U+032D
    { 10, 5, 0, -5, -1, 8, 8867 }, // U+032E
    { 10, 5, 0, -5, -1, 8, 8875 }, // U+032F
    { 12, 5, 0, -6, -1, 12, 8883 }, // U+0330
    { 10, 3, 0, -5, -2, 5, 8895 }, // U+0331
    { 14, 3, 0, -7, -2, 6, 8900 }, // U+0332
    { 14, 6, 0, -7, -1, 8, 8906 }, // U+0333
    { 12, 5, 0, -6, 11, 8, 8914 }, // U+0334
    { 12, 3, 0, -6, 10, 5, 8922 }, // U+0335
    { 20, 3, 0, -10, 10, 7, 8927 }, // U+0336
    { 10, 8, 0, -5, 12, 9, 8934 }, // U+0337
    { 12, 26, 0, -6, 23, 15, 8943 }, // U+0338
    { 4, 7, 0, -2, 0, 7, 8958 }, // U+0339
    { 12, 5, 0, -6, -2, 10, 8965 }, // U+033A
    { 12, 6, 0, -6, -1, 14, 8975 }, // U+033B
    { 10, 5, 0, -5, -1, 11, 8989 }, // U+033C
    { 6, 6, 0, -3, 23, 10, 9000 }, // U+033D
    { 4, 10, 0, -2, 26, 9, 9010 }, // U+033E
    { 14, 6, 0, -7, 28, 8, 9019 }, // U+033F
    { 6, 6, 0, -4, 23, 5, 9027 }, // U+0340
    { 6, 6, 0, -2, 23, 7, 9032 }, // U+0341
    { 12, 5, 0, -6, 22, 7, 9039 }, // U+0342
    { 5, 7, 0, -3, 24, 7, 9046 }, // U+0343
    { 12, 7, 0, -5, 23, 13, 9053 }, // U+0344
    { 6, 5, 0, 1, -2, 6, 9066 }, // U+0345
    { 12, 5, 0, -6, 22, 6, 9072 }, // U+0346
    { 14, 6, 0, -7, -1, 5, 9078 }, // U+0347
    { 6, 6, 0, -3, 0, 5, 9083 }, // U+0348
    { 6, 5, 0, -3, -2, 6, 9088 }, // U+0349
    { 12, 7, 0, -6, 23, 11, 9094 }, // U+034A
    { 12, 11, 0, -6, 27, 21, 9105 }, // U+034B
    { 12, 10, 0, -6, 26, 18, 9126 }, // U+034C
    { 10, 6, 0, -5, -1, 11, 9144 }, // U+034D
    { 6, 7, 0, -3, 0, 6, 9155 }, // U+034E
    { 22, 21, 0, -11, 21, 73, 9161 }, // U+034F
    { 6, 7, 0, -3, 23, 10, 9234 }, // U+0350
    { 4, 7, 0, -2, 24, 7, 9244 }, // U+0351
    { 10, 8, 0, -5, 25, 10, 9251 }, // U+0352
    { 6, 6, 0, -3, -1, 8, 9261 }, // U+0353
    { 6, 7, 0, -3, -1, 10, 9269 }, // U+0354
    { 6, 7, 0, -3, -1, 6, 9279 }, // U+0355
    { 12, 6, 0, -6, -1, 17, 9285 }, // U+0356
    { 4, 7, 0, -2, 24, 7, 9302 }, // U+0357
    { 4, 5, 0, 3, 23, 4, 9309 }, // U+0358
    { 8, 7, 0, -4, 0, 15, 9313 }, // U+0359
    { 12, 6, 0, -6, -1, 17, 9328 }, // U+035A
    { 6, 6, 0, -3, 23, 9, 9345 }, // U+035B
    { 22, 7, 0, -11, 0, 16, 9354 }, // U+035C
    { 22, 6, 0, -11, 23, 16, 9370 }, // U+035D
    { 18, 3, 0, -9, 20, 8, 9386 }, // U+035E
    { 18, 3, 0, -9, -2, 6, 9394 }, // U+035F
    { 24, 4, 0, -12, 22, 15, 9400 }, // U+0360
    { 22, 7, 0, -11, 25, 16, 9415 }, // U+0361
    { 18, 6, 0, -9, -1, 11, 9431 }, // U+0362
    { 7, 8, 0, -3, 25, 15, 9442 }, // U+0363
    { 7, 8, 0, -3, 25, 14, 9457 }, // U+0364
    { 5, 9, 0, -2, 27, 10, 9471 }, // U+0365
    { 7, 8, 0, -3, 25, 13, 9481 }, // U+0366
    { 9, 8, 0, -4, 25, 13, 9494 }, // U+0367
    { 6, 8, 0, -3, 25, 12, 9507 }, // U+0368
    { 8, 10, 0, -3, 27, 17, 9519 }, // U+0369
    { 9, 9, 0, -4, 27, 15, 9536 }, // U+036A
    { 13, 7, 0, -6, 25, 22, 9551 }, // U+036B
    { 7, 7, 0, -3, 25, 9, 9573 }, // U+036C
    { 5, 9, 0, -2, 26, 8, 9582 }, // U+036D
    { 9, 7, 0, -4, 25, 14, 9590 }, // U+036E
    { 9, 7, 0, -4, 25, 15, 9604 }, // U+036F
    { 16, 28, 293, 1, 28, 19, 9619 }, // U+0400
    { 16, 27, 293, 1, 27, 22, 9638 }, // U+0401
    { 22, 21, 369, 0, 21, 36, 9660 }, // U+0402
    { 15, 28, 263, 1, 28, 18, 9696 }, // U+0403
    { 16, 23, 286, 1, 22, 18, 9714 }, // U+0404
    { 14, 23, 257, 1, 22, 28, 9732 }, // U+0405
    { 9, 21, 173, 1, 21, 7, 9760 }, // U+0406
    { 9, 27, 173, 1, 27, 12, 9767 }, // U+0407
    { 11, 28, 168, -1, 21, 8, 9779 }, // U+0408
    { 27, 22, 450, 0, 21, 37, 9787 }, // U+0409
    { 28, 21, 475, 1, 21, 43, 9824 }, // U+040A
    { 24, 21, 398, 0, 21, 33, 9867 }, // U+040B
    { 20, 28, 329, 1, 28, 22, 9900 }, // U+040C
    { 22, 28, 377, 1, 28, 41, 9922 }, // U+040D
    { 20, 28, 303, 0, 27, 40, 9963 }, // U+040E
    { 21, 27, 367, 1, 21, 28, 10003 }, // U+040F
    { 21, 21, 329, 0, 21, 15, 10031 }, // U+0410
    { 16, 21, 294, 1, 21, 26, 10046 }, // U+0411
    { 17, 21, 306, 1, 21, 16, 10072 }, // U+0412
    { 15, 21, 263, 1, 21, 7, 10088 }, // U+0413
    { 21, 27, 346, 0, 21, 33, 10095 }, // U+0414
    { 16, 21, 293, 1, 21, 14, 10128 }, // U+0415
    { 30, 21, 457, -1, 21, 52, 10142 }, // U+0416
    { 15, 23, 278, 1, 22, 33, 10194 }, // U+0417
    { 22, 21, 377, 1, 21, 12, 10227 }, // U+0418
    { 22, 27, 377, 1, 27, 21, 10239 }, // U+0419
    { 20, 21, 329, 1, 21, 11, 10260 }, // U+041A
    { 21, 22, 342, 0, 21, 32, 10271 }, // U+041B
    { 26, 21, 446, 1, 21, 42, 10303 }, // U+041C
    { 22, 21, 372, 1, 21, 11, 10345 }, // U+041D
    { 19, 23, 345, 1, 22, 18, 10356 }, // U+041E
    { 21, 21, 367, 1, 21, 14, 10374 }, // U+041F
    { 16, 21, 285, 1, 21, 21, 10388 }, // U+0420
    { 16, 23, 286, 1, 22, 11, 10409 }, // U+0421
    { 18, 21, 291, 0, 21, 22, 10420 }, // U+0422
    { 20, 22, 303, 0, 21, 13, 10442 }, // U+0423
    { 23, 23, 401, 1, 22, 48, 10455 }, // U+0424
    { 20, 21, 310, 0, 21, 19, 10503 }, // U+0425
    { 21, 27, 367, 1, 21, 17, 10522 }, // U+0426
    { 21, 21, 353, 0, 21, 29, 10539 }, // U+0427
    { 30, 21, 501, 1, 21, 37, 10568 }, // U+0428
    { 30, 27, 501, 1, 21, 20, 10605 }, // U+0429
    { 20, 21, 335, 0, 21, 26, 10625 }, // U+042A
    { 25, 21, 427, 1, 21, 35, 10651 }, // U+042B
    { 16, 21, 289, 1, 21, 21, 10686 }, // U+042C
    { 16, 23, 293, 1, 22, 32, 10707 }, // U+042D
    { 28, 23, 476, 1, 22, 44, 10739 }, // U+042E
    { 20, 21, 307, -1, 21, 35, 10783 }, // U+042F
    { 15, 17, 266, 1, 16, 14, 10818 }, // U+0430
    { 15, 24, 272, 1, 23, 35, 10832 }, // U+0431
    { 14, 16, 258, 1, 16, 30, 10867 }, // U+0432
    { 13, 16, 222, 1, 16, 19, 10897 }, // U+0433
    { 17, 22, 288, 0, 16, 32, 10916 }, // U+0434
    { 14, 17, 250, 1, 16, 24, 10948 }, // U+0435
    { 24, 16, 373, 0, 16, 42, 10972 }, // U+0436
    { 12, 17, 222, 1, 16, 27, 11014 }, // U+0437
    { 18, 16, 315, 1, 16, 35, 11041 }, // U+0438
    { 18, 22, 315, 1, 22, 20, 11076 }, // U+0439
    { 17, 16, 276, 1, 16, 33, 11096 }, // U+043A
    { 17, 17, 286, 0, 16, 25, 11129 }, // U+043B
    { 22, 16, 385, 1, 16, 45, 11154 }, // U+043C
    { 18, 16, 313, 1, 16, 22, 11199 }, // U+043D
    { 15, 17, 270, 1, 16, 25, 11221 }, // U+043E
    { 18, 16, 308, 1, 16, 18, 11246 }, // U+043F
    { 17, 23, 297, 1, 16, 32, 11264 }, // U+0440
    { 13, 17, 230, 1, 16, 21, 11296 }, // U+0441
    { 15, 16, 247, 0, 16, 17, 11317 }, // U+0442
    { 17, 24, 266, 0, 16, 24, 11334 }, // U+0443
    { 19, 31, 338, 1, 23, 42, 11358 }, // U+0444
    { 17, 16, 270, 0, 16, 13, 11400 }, // U+0445
    { 18, 22, 308, 1, 16, 22, 11413 }, // U+0446
    { 18, 16, 295, 0, 16, 23, 11435 }, // U+0447
    { 26, 16, 440, 1, 16, 34, 11458 }, // U+0448
    { 26, 22, 440, 1, 16, 17, 11492 }, // U+0449
    { 18, 16, 289, 0, 16, 22, 11509 }, // U+044A
    { 22, 16, 383, 1, 16, 38, 11531 }, // U+044B
    { 14, 16, 251, 1, 16, 21, 11569 }, // U+044C
    { 13, 17, 231, 1, 16, 23, 11590 }, // U+044D
    { 22, 17, 386, 1, 16, 40, 11613 }, // U+044E
    { 16, 16, 266, 0, 16, 24, 11653 }, // U+044F
    { 14, 24, 250, 1, 23, 13, 11677 }, // U+0450
    { 14, 23, 250, 1, 22, 15, 11690 }, // U+0451
    { 16, 30, 282, 0, 23, 30, 11705 }, // U+0452
    { 13, 23, 222, 1, 23, 11, 11735 }, // U+0453
    { 13, 17, 230, 1, 16, 12, 11746 }, // U+0454
    { 12, 17, 211, 1, 16, 27, 11758 }, // U+0455
    { 10, 23, 161, 0, 23, 17, 11785 }, // U+0456
    { 10, 23, 161, 0, 23, 14, 11802 }, // U+0457
    { 7, 30, 151, 0, 23, 18, 11816 }, // U+0458
    { 23, 17, 368, 0, 16, 32, 11834 }, // U+0459
    { 24, 16, 396, 1, 16, 40, 11866 }, // U+045A
    { 19, 23, 308, 0, 23, 37, 11906 }, // U+045B
    { 17, 23, 276, 1, 23, 15, 11943 }, // U+045C
    { 18, 23, 315, 1, 23, 16, 11958 }, // U+045D
    { 17, 30, 266, 0, 22, 32, 11974 }, // U+045E
    { 18, 22, 308, 1, 16, 23, 12006 }, // U+045F
    { 28, 22, 458, 0, 22, 50, 12029 }, // U+0460
    { 23, 16, 379, 0, 16, 35, 12079 }, // U+0461
    { 19, 21, 311, 0, 21, 36, 12114 }, // U+0462
    { 16, 23, 278, 0, 23, 30, 12150 }, // U+0463
    { 25, 23, 425, 1, 22, 44, 12180 }, // U+0464
    { 23, 17, 371, 0, 16, 41, 12224 }, // U+0465
    { 21, 21, 323, 0, 21, 37, 12265 }, // U+0466
    { 18, 16, 275, 0, 16, 30, 12302 }, // U+0467
    { 30, 21, 489, 1, 21, 52, 12332 }, // U+0468
    { 25, 16, 388, 0, 16, 42, 12384 }, // U+0469
    { 23, 21, 367, 0, 21, 44, 12426 }, // U+046A
    { 21, 16, 328, 0, 16, 38, 12470 }, // U+046B
    { 33, 21, 531, 1, 21, 58, 12508 }, // U+046C
    { 28, 16, 441, 0, 16, 50, 12566 }, // U+046D
    { 16, 32, 281, 1, 25, 51, 12616 }, // U+046E
    { 14, 26, 228, 0, 20, 43, 12667 }, // U+046F
    { 24, 21, 386, 0, 21, 37, 12710 }, // U+0470
    { 19, 30, 324, 0, 23, 31, 12747 }, // U+0471
    { 19, 23, 346, 1, 22, 21, 12778 }, // U+0472
    { 15, 17, 269, 1, 16, 16, 12799 }, // U+0473
    { 21, 21, 324, 0, 21, 31, 12815 }, // U+0474
    { 18, 16, 274, 0, 16, 26, 12846 }, // U+0475
    { 21, 28, 324, 0, 28, 21, 12872 }, // U+0476
    { 18, 23, 274, 0, 23, 21, 12893 }, // U+0477
    { 35, 29, 574, 1, 22, 62, 12914 }, // U+0478
    { 30, 23, 487, 1, 16, 55, 12976 }, // U+0479
    { 21, 25, 365, 1, 23, 37, 13031 }, // U+047A
    { 16, 20, 297, 1, 18, 29, 13068 }, // U+047B
    { 26, 31, 458, 1, 30, 61, 13097 }, // U+047C
    { 21, 27, 368, 1, 26, 53, 13158 }, // U+047D
    { 28, 26, 458, 0, 26, 24, 13211 }, // U+047E
    { 23, 21, 379, 0, 21, 20, 13235 }, // U+047F
    { 16, 29, 287, 1, 22, 17, 13255 }, // U+0480
    { 13, 23, 230, 1, 16, 13, 13272 }, // U+0481
    { 16, 20, 284, 1, 19, 32, 13285 }, // U+0482
    { 12, 5, 0, -6, 21, 8, 13317 }, // U+0483
    { 12, 5, 0, -6, 22, 10, 13325 }, // U+0484
    { 4, 6, 0, -2, 23, 7, 13335 }, // U+0485
    { 4, 6, 0, -2, 23, 7, 13342 }, // U+0486
    { 12, 4, 0, -6, 26, 10, 13349 }, // U+0487
    { 36, 34, 0, -18, 25, 61, 13359 }, // U+0488
    { 36, 36, 0, -18, 26, 53, 13420 }, // U+0489
    { 23, 34, 378, 1, 27, 52, 13473 }, // U+048A
    { 18, 29, 315, 1, 22, 21, 13525 }, // U+048B
    { 16, 23, 282, 1, 23, 25, 13546 }, // U+048C
    { 16, 19, 278, 0, 19, 9, 13571 }, // U+048D
    { 16, 21, 282, 1, 21, 28, 13580 }, // U+048E
    { 17, 23, 287, 0, 16, 18, 13608 }, // U+048F
    { 15, 25, 254, 1, 25, 12, 13626 }, // U+0490
    { 13, 19, 208, 0, 19, 17, 13638 }, // U+0491
    { 16, 21, 262, 0, 21, 22, 13655 }, // U+0492
    { 13, 16, 214, 0, 16, 14, 13677 }, // U+0493
    { 18, 29, 307, 1, 21, 38, 13691 }, // U+0494
    { 16, 23, 256, 0, 16, 31, 13729 }, // U+0495
    { 30, 28, 483, 0, 21, 64, 13760 }, // U+0496
    { 27, 23, 429, 0, 16, 55, 13824 }, // U+0497
    { 15, 29, 281, 1, 22, 35, 13879 }, // U+0498
    { 12, 23, 228, 1, 16, 30, 13914 }, // U+0499
    { 20, 28, 346, 1, 21, 39, 13944 }, // U+049A
    { 19, 23, 300, 0, 16, 36, 13983 }, // U+049B
    { 20, 21, 341, 1, 21, 38, 14019 }, // U+049C
    { 19, 16, 301, 0, 16, 32, 14057 }, // U+049D
    { 19, 21, 327, 1, 21, 39, 14089 }, // U+049E
    { 18, 23, 287, 0, 23, 38, 14128 }, // U+049F
    { 23, 21, 366, 0, 21, 42, 14166 }, // U+04A0
    { 21, 16, 330, 0, 16, 33, 14208 }, // U+04A1
    { 22, 28, 370, 1, 21, 17, 14241 }, // U+04A2
    { 20, 23, 321, 0, 16, 36, 14258 }, // U+04A3
    { 25, 21, 410, 1, 21, 35, 14294 }, // U+04A4
    { 23, 16, 365, 0, 16, 34, 14329 }, // U+04A5
    { 29, 29, 492, 1, 21, 52, 14363 }, // U+04A6
    { 26, 23, 414, 0, 16, 44, 14415 }, // U+04A7
    { 20, 24, 345, 1, 22, 44, 14459 }, // U+04A8
    { 17, 17, 291, 1, 16, 37, 14503 }, // U+04A9
    { 16, 29, 287, 1, 22, 17, 14540 }, // U+04AA
    { 13, 23, 230, 1, 16, 17, 14557 }, // U+04AB
    { 18, 28, 286, 0, 21, 14, 14574 }, // U+04AC
    { 16, 23, 255, 0, 16, 26, 14588 }, // U+04AD
    { 20, 21, 292, -1, 21, 12, 14614 }, // U+04AE
    { 17, 23, 270, 0, 16, 17, 14626 }, // U+04AF
    { 20, 21, 292, -1, 21, 18, 14643 }, // U+04B0
    { 17, 23, 270, 0, 16, 17, 14661 }, // U+04B1
    { 20, 28, 330, 0, 21, 21, 14678 }, // U+04B2
    { 18, 23, 286, 0, 16, 36, 14699 }, // U+04B3
    { 26, 28, 417, 0, 21, 39, 14735 }, // U+04B4
    { 24, 23, 380, 0, 16, 41, 14774 }, // U+04B5
    { 22, 28, 353, 0, 21, 34, 14815 }, // U+04B6
    { 18, 23, 299, 0, 16, 29, 14849 }, // U+04B7
    { 21, 21, 353, 0, 21, 18, 14878 }, // U+04B8
    { 18, 16, 295, 0, 16, 15, 14896 }, // U+04B9
    { 21, 21, 353, 1, 21, 27, 14911 }, // U+04BA
    { 18, 23, 296, 0, 23, 9, 14938 }, // U+04BB
    { 22, 23, 377, 0, 22, 38, 14947 }, // U+04BC
    { 18, 17, 298, 0, 16, 29, 14985 }, // U+04BD
    { 22, 29, 377, 0, 22, 19, 15014 }, // U+04BE
    { 18, 23, 298, 0, 16, 16, 15033 }, // U+04BF
    { 9, 21, 171, 1, 21, 6, 15049 }, // U+04C0
    { 30, 27, 457, -1, 27, 25, 15055 }, // U+04C1
    { 24, 22, 373, 0, 22, 23, 15080 }, // U+04C2
    { 19, 29, 324, 1, 21, 39, 15103 }, // U+04C3
    { 18, 23, 286, 0, 16, 41, 15142 }, // U+04C4
    { 21, 28, 341, 0, 21, 18, 15183 }, // U+04C5
    { 17, 23, 286, 0, 16, 16, 15201 }, // U+04C6
    { 22, 28, 365, 1, 21, 22, 15217 }, // U+04C7
    { 20, 23, 317, 0, 16, 22, 15239 }, // U+04C8
    { 22, 28, 370, 1, 21, 18, 15261 }, // U+04C9
    { 18, 23, 313, 1, 16, 17, 15279 }, // U+04CA
    { 21, 28, 353, 0, 21, 22, 15296 }, // U+04CB
    { 18, 23, 299, 0, 16, 17, 15318 }, // U+04CC
    { 26, 28, 438, 1, 21, 23, 15335 }, // U+04CD
    { 23, 23, 385, 1, 16, 51, 15358 }, // U+04CE
    { 9, 21, 171, 1, 21, 6, 15409 }, // U+04CF
    { 21, 27, 329, 0, 27, 19, 15415 }, // U+04D0
    { 15, 23, 263, 1, 22, 20, 15434 }, // U+04D1
    { 21, 27, 329, 0, 27, 15, 15454 }, // U+04D2
    { 15, 23, 263, 1, 22, 14, 15469 }, // U+04D3
    { 27, 21, 444, 0, 21, 16, 15483 }, // U+04D4
    { 23, 17, 393, 1, 16, 15, 15499 }, // U+04D5
    { 16, 27, 291, 1, 27, 17, 15514 }, // U+04D6
    { 14, 23, 250, 1, 22, 17, 15531 }, // U+04D7
    { 18, 23, 322, 1, 22, 31, 15548 }, // U+04D8
    { 13, 17, 250, 1, 16, 10, 15579 }, // U+04D9
    { 18, 28, 322, 1, 27, 17, 15589 }, // U+04DA
    { 13, 23, 250, 1, 22, 16, 15606 }, // U+04DB
    { 30, 27, 457, -1, 27, 24, 15622 }, // U+04DC
    { 24, 22, 373, 0, 22, 22, 15646 }, // U+04DD
    { 15, 28, 278, 1, 27, 18, 15668 }, // U+04DE
    { 12, 23, 222, 1, 22, 18, 15686 }, // U+04DF
    { 15, 22, 281, 1, 21, 11, 15704 }, // U+04E0
    { 14, 23, 255, 1, 16, 12, 15715 }, // U+04E1
    { 22, 25, 377, 1, 25, 16, 15727 }, // U+04E2
    { 18, 20, 315, 1, 20, 14, 15743 }, // U+04E3
    { 22, 27, 377, 1, 27, 19, 15757 }, // U+04E4
    { 18, 22, 315, 1, 22, 17, 15776 }, // U+04E5
    { 19, 28, 346, 1, 27, 13, 15793 }, // U+04E6
    { 15, 23, 269, 1, 22, 12, 15806 }, // U+04E7
    { 19, 23, 346, 1, 22, 17, 15818 }, // U+04E8
    { 15, 17, 269, 1, 16, 14, 15835 }, // U+04E9
    { 19, 28, 346, 1, 27, 17, 15849 }, // U+04EA
    { 15, 23, 269, 1, 22, 17, 15866 }, // U+04EB
    { 16, 28, 293, 1, 27, 18, 15883 }, // U+04EC
    { 13, 23, 231, 1, 22, 16, 15901 }, // U+04ED
    { 20, 26, 303, 0, 25, 17, 15917 }, // U+04EE
    { 17, 27, 264, 0, 20, 15, 15934 }, // U+04EF
    { 20, 28, 303, 0, 27, 20, 15949 }, // U+04F0
    { 17, 29, 264, 0, 22, 19, 15969 }, // U+04F1
    { 20, 29, 303, 0, 28, 21, 15988 }, // U+04F2
    { 17, 30, 264, 0, 23, 20, 16009 }, // U+04F3
    { 21, 27, 353, 0, 27, 17, 16029 }, // U+04F4
    { 18, 22, 295, 0, 22, 17, 16046 }, // U+04F5
    { 15, 28, 262, 1, 21, 13, 16063 }, // U+04F6
    { 13, 23, 214, 0, 16, 14, 16076 }, // U+04F7
    { 25, 27, 427, 1, 27, 18, 16090 }, // U+04F8
    { 22, 22, 383, 1, 22, 18, 16108 }, // U+04F9
    { 16, 27, 262, 0, 21, 16, 16126 }, // U+04FA
    { 13, 22, 214, 0, 16, 15, 16142 }, // U+04FB
    { 20, 27, 308, 0, 21, 22, 16157 }, // U+04FC
    { 17, 22, 270, 0, 16, 19, 16179 }, // U+04FD
    { 20, 21, 308, 0, 21, 19, 16198 }, // U+04FE
    { 17, 16, 270, 0, 16, 19, 16217 }, // U+04FF
    { 21, 27, 329, 0, 21, 18, 16236 }, // U+1EA0
    { 15, 22, 263, 1, 16, 16, 16254 }, // U+1EA1
    { 21, 29, 329, 0, 29, 21, 16270 }, // U+1EA2
    { 15, 25, 263, 1, 24, 21, 16291 }, // U+1EA3
    { 21, 29, 329, 0, 29, 22, 16312 }, // U+1EA4
    { 15, 25, 263, 1, 24, 20, 16334 }, // U+1EA5
    { 21, 29, 329, 0, 29, 22, 16354 }, // U+1EA6
    { 16, 25, 263, 0, 24, 44, 16376 }, // U+1EA7
    { 21, 30, 329, 0, 30, 26, 16420 }, // U+1EA8
    { 15, 27, 263, 1, 26, 22, 16446 }, // U+1EA9
    { 21, 31, 329, 0, 31, 30, 16468 }, // U+1EAA
    { 15, 27, 263, 1, 26, 25, 16498 }, // U+1EAB
    { 21, 34, 329, 0, 28, 21, 16523 }, // U+1EAC
    { 15, 29, 263, 1, 23, 19, 16544 }, // U+1EAD
    { 21, 30, 329, 0, 30, 22, 16563 }, // U+1EAE
    { 15, 26, 263, 1, 25, 22, 16585 }, // U+1EAF
    { 21, 30, 329, 0, 30, 22, 16607 }, // U+1EB0
    { 15, 26, 263, 1, 25, 22, 16629 }, // U+1EB1
    { 21, 31, 329, 0, 31, 24, 16651 }, // U+1EB2
    { 15, 27, 263, 1, 26, 25, 16675 }, // U+1EB3
    { 21, 31, 329, 0, 31, 28, 16700 }, // U+1EB4
    { 15, 27, 263, 1, 26, 27, 16728 }, // U+1EB5
    { 21, 33, 329, 0, 27, 23, 16755 }, // U+1EB6
    { 15, 28, 263, 1, 22, 20, 16778 }, // U+1EB7
    { 16, 27, 291, 1, 21, 14, 16798 }, // U+1EB8
    { 14, 22, 250, 1, 16, 15, 16812 }, // U+1EB9
    { 16, 29, 291, 1, 29, 18, 16827 }, // U+1EBA
    { 14, 25, 250, 1, 24, 19, 16845 }, // U+1EBB
    { 16, 27, 291, 1, 27, 16, 16864 }, // U+1EBC
    { 14, 23, 250, 1, 22, 18, 16880 }, // U+1EBD
    { 16, 29, 291, 1, 29, 18, 16898 }, // U+1EBE
    { 15, 25, 250, 1, 24, 32, 16916 }, // U+1EBF
    { 16, 29, 291, 1, 29, 18, 16948 }, // U+1EC0
    { 15, 25, 250, 0, 24, 37, 16966 }, // U+1EC1
    { 16, 30, 291, 1, 30, 21, 17003 }, // U+1EC2
    { 14, 27, 250, 1, 26, 22, 17024 }, // U+1EC3
    { 16, 31, 291, 1, 31, 24, 17046 }, // U+1EC4
    { 14, 27, 250, 1, 26, 24, 17070 }, // U+1EC5
    { 16, 34, 291, 1, 28, 17, 17094 }, // U+1EC6
    { 14, 29, 250, 1, 23, 16, 17111 }, // U+1EC7
    { 9, 29, 171, 1, 29, 16, 17127 }, // U+1EC8
    { 9, 24, 149, 0, 24, 15, 17143 }, // U+1EC9
    { 9, 27, 171, 1, 21, 11, 17158 }, // U+1ECA
    { 9, 29, 149, 0, 23, 12, 17169 }, // U+1ECB
    { 19, 28, 346, 1, 22, 15, 17181 }, // U+1ECC
    { 15, 22, 269, 1, 16, 16, 17196 }, // U+1ECD
    { 19, 30, 346, 1, 29, 19, 17212 }, // U+1ECE
    { 15, 25, 269, 1, 24, 19, 17231 }, // U+1ECF
    { 19, 30, 346, 1, 29, 21, 17250 }, // U+1ED0
    { 16, 25, 269, 1, 24, 36, 17271 }, // U+1ED1
    { 19, 30, 346, 1, 29, 18, 17307 }, // U+1ED2
    { 16, 25, 269, 0, 24, 35, 17325 }, // U+1ED3
    { 19, 31, 346, 1, 30, 22, 17360 }, // U+1ED4
    { 15, 27, 269, 1, 26, 21, 17382 }, // U+1ED5
    { 19, 32, 346, 1, 31, 23, 17403 }, // U+1ED6
    { 15, 27, 269, 1, 26, 22, 17426 }, // U+1ED7
    { 19, 34, 346, 1, 28, 18, 17448 }, // U+1ED8
    { 15, 29, 269, 1, 23, 18, 17466 }, // U+1ED9
    { 22, 29, 363, 1, 28, 17, 17484 }, // U+1EDA
    { 18, 24, 283, 1, 23, 15, 17501 }, // U+1EDB
    { 22, 29, 363, 1, 28, 16, 17516 }, // U+1EDC
    { 18, 24, 283, 1, 23, 16, 17532 }, // U+1EDD
    { 22, 30, 363, 1, 29, 21, 17548 }, // U+1EDE
    { 18, 25, 283, 1, 24, 21, 17569 }, // U+1EDF
    { 22, 28, 363, 1, 27, 21, 17590 }, // U+1EE0
    { 18, 23, 283, 1, 22, 21, 17611 }, // U+1EE1
    { 22, 29, 363, 1, 23, 18, 17632 }, // U+1EE2
    { 18, 25, 283, 1, 19, 18, 17650 }, // U+1EE3
    { 21, 27, 335, 0, 21, 15, 17668 }, // U+1EE4
    { 18, 22, 296, 0, 16, 15, 17683 }, // U+1EE5
    { 21, 30, 335, 0, 29, 18, 17698 }, // U+1EE6
    { 18, 25, 296, 0, 24, 18, 17716 }, // U+1EE7
    { 23, 29, 363, 0, 28, 18, 17734 }, // U+1EE8
    { 21, 24, 316, 0, 23, 16, 17752 }, // U+1EE9
    { 23, 29, 363, 0, 28, 18, 17768 }, // U+1EEA
    { 21, 24, 316, 0, 23, 16, 17786 }, // U+1EEB
    { 23, 30, 363, 0, 29, 21, 17802 }, // U+1EEC
    { 21, 25, 316, 0, 24, 21, 17823 }, // U+1EED
    { 23, 28, 363, 0, 27, 22, 17844 }, // U+1EEE
    { 21, 23, 316, 0, 22, 21, 17866 }, // U+1EEF
    { 23, 29, 363, 0, 23, 20, 17887 }, // U+1EF0
    { 21, 25, 316, 0, 19, 18, 17907 }, // U+1EF1
    { 20, 28, 292, -1, 28, 17, 17925 }, // U+1EF2
    { 17, 30, 264, 0, 23, 17, 17942 }, // U+1EF3
    { 20, 27, 292, -1, 21, 18, 17959 }, // U+1EF4
    { 17, 23, 264, 0, 16, 17, 17977 }, // U+1EF5
    { 20, 29, 292, -1, 29, 21, 17994 }, // U+1EF6
    { 17, 31, 264, 0, 24, 40, 18015 }, // U+1EF7
    { 20, 27, 292, -1, 27, 21, 18055 }, // U+1EF8
    { 17, 29, 264, 0, 22, 21, 18076 }, // U+1EF9
    { 0, 0, 233, 0, 0, 0, 18097 }, // U+2000
    { 0, 0, 467, 0, 0, 0, 18097 }, // U+2001
    { 0, 0, 233, 0, 0, 0, 18097 }, // U+2002
    { 0, 0, 467, 0, 0, 0, 18097 }, // U+2003
    { 0, 0, 155, 0, 0, 0, 18097 }, // U+2004
    { 0, 0, 117, 0, 0, 0, 18097 }, // U+2005
    { 0, 0, 78, 0, 0, 0, 18097 }, // U+2006
    { 0, 0, 261, 0, 0, 0, 18097 }, // U+2007
    { 0, 0, 117, 0, 0, 0, 18097 }, // U+2008
    { 0, 0, 77, 0, 0, 0, 18097 }, // U+2009
    { 0, 0, 47, 0, 0, 0, 18097 }, // U+200A
    { 0, 0, 0, 0, 0, 0, 18097 }, // U+200B
    { 2, 23, 0, -1, 19, 8, 18097 }, // U+200C
    { 8, 25, 0, -4, 21, 21, 18105 }, // U+200D
    { 8, 25, 0, -1, 21, 17, 18126 }, // U+200E
    { 8, 25, 0, -7, 21, 16, 18143 }, // U+200F
    { 9, 4, 145, 0, 10, 4, 18159 }, // U+2010
    { 9, 4, 145, 0, 10, 4, 18163 }, // U+2011
    { 15, 3, 261, 1, 12, 5, 18167 }, // U+2012
    { 16, 3, 233, -1, 9, 6, 18172 }, // U+2013
    { 31, 3, 467, -1, 9, 10, 18178 }, // U+2014
    { 31, 3, 467, -1, 9, 6, 18188 }, // U+2015
    { 7, 30, 261, 5, 23, 17, 18194 }, // U+2016
    { 14, 6, 192, -1, 0, 5, 18211 }, // U+2017
    { 6, 9, 117, 1, 21, 7, 18216 }, // U+2018
    { 6, 9, 117, 0, 21, 9, 18223 }, // U+2019
    { 6, 9, 117, 0, 4, 6, 18232 }, // U+201A
    { 6, 9, 117, 1, 21, 6, 18238 }, // U+201B
    { 12, 9, 210, 1, 21, 20, 18244 }, // U+201C
    { 12, 9, 210, 0, 21, 17, 18264 }, // U+201D
    { 12, 9, 210, 0, 4, 13, 18281 }, // U+201E
    { 12, 9, 210, 1, 21, 18, 18294 }, // U+201F
    { 12, 27, 209, 1, 23, 23, 18312 }, // U+2020
    { 12, 27, 209, 1, 23, 35, 18335 }, // U+2021
    { 9, 9, 169, 1, 15, 9, 18370 }, // U+2022
    { 10, 10, 233, 3, 15, 12, 18379 }, // U+2023
    { 5, 5, 117, 1, 13, 4, 18391 }, // U+2024
    { 13, 5, 250, 1, 13, 10, 18395 }, // U+2025
    { 21, 5, 400, 2, 4, 13, 18405 }, // U+2026
    { 5, 5, 117, 1, 11, 4, 18418 }, // U+2027
    { 0, 0, 280, 0, 0, 0, 18422 }, // U+2028
    { 0, 0, 280, 0, 0, 0, 18422 }, // U+2029
    { 8, 22, 0, -1, 18, 7, 18422 }, // U+202A
    { 8, 22, 0, -7, 18, 6, 18429 }, // U+202B
    { 8, 25, 0, -4, 21, 11, 18435 }, // U+202C
    { 8, 25, 0, -4, 21, 11, 18446 }, // U+202D
    { 8, 25, 0, -4, 21, 11, 18457 }, // U+202E
    { 0, 0, 77, 0, 0, 0, 18468 }, // U+202F
    { 36, 23, 603, 1, 22, 64, 18468 }, // U+2030
    { 47, 23, 787, 1, 22, 80, 18532 }, // U+2031
    { 5, 8, 88, 0, 21, 6, 18612 }, // U+2032
    { 11, 8, 175, 0, 21, 11, 18618 }, // U+2033
    { 16, 8, 263, 0, 21, 15, 18629 }, // U+2034
    { 5, 8, 88, 0, 21, 6, 18644 }, // U+2035
    { 11, 8, 175, 0, 21, 12, 18650 }, // U+2036
    { 16, 8, 263, 0, 21, 18, 18662 }, // U+2037
    { 10, 9, 187, 1, 2, 10, 18680 }, // U+2038
    { 7, 12, 155, 1, 14, 10, 18690 }, // U+2039
    { 7, 12, 155, 1, 14, 10, 18700 }, // U+203A
    { 22, 21, 382, 1, 21, 46, 18710 }, // U+203B
    { 11, 22, 261, 3, 21, 24, 18756 }, // U+203C
    { 14, 23, 252, 1, 22, 25, 18780 }, // U+203D
    { 15, 2, 214, -1, 24, 4, 18805 }, // U+203E
    { 22, 7, 0, -11, 0, 8, 18809 }, // U+203F
    { 22, 7, 0, -11, 25, 8, 18817 }, // U+2040
    { 14, 21, 210, 0, 21, 22, 18825 }, // U+2041
    { 27, 23, 467, 1, 23, 86, 18847 }, // U+2042
    { 9, 5, 169, 1, 13, 5, 18933 }, // U+2043
    { 14, 21, 29, -6, 21, 11, 18938 }, // U+2044
    { 8, 27, 168, 2, 23, 8, 18949 }, // U+2045
    { 7, 27, 168, 1, 23, 10, 18957 }, // U+2046
    { 27, 23, 446, 0, 22, 41, 18967 }, // U+2047
    { 20, 23, 358, 0, 22, 33, 19008 }, // U+2048
    { 19, 23, 354, 3, 22, 33, 19041 }, // U+2049
    { 14, 23, 261, 1, 17, 17, 19074 }, // U+204A
    { 16, 27, 288, 1, 23, 27, 19091 }, // U+204B
    { 16, 11, 279, 1, 16, 19, 19118 }, // U+204C
    { 16, 11, 279, 1, 16, 16, 19137 }, // U+204D
    { 13, 12, 233, 1, 17, 12, 19153 }, // U+204E
    { 5, 21, 133, 2, 16, 12, 19165 }, // U+204F
    { 19, 23, 341, 1, 22, 27, 19177 }, // U+2050
    { 13, 24, 233, 1, 23, 42, 19204 }, // U+2051
    { 10, 22, 154, 0, 21, 21, 19246 }, // U+2052
    { 14, 6, 261, 1, 13, 8, 19267 }, // U+2053
    { 22, 7, 0, -11, 0, 17, 19275 }, // U+2054
    { 14, 14, 252, 1, 17, 36, 19292 }, // U+2055
    { 14, 17, 287, 2, 16, 14, 19328 }, // U+2056
    { 20, 8, 323, 0, 21, 21, 19342 }, // U+2057
    { 17, 17, 331, 2, 16, 18, 19363 }, // U+2058
    { 17, 17, 331, 2, 16, 16, 19381 }, // U+2059
    { 5, 23, 134, 2, 22, 10, 19397 }, // U+205A
    { 17, 23, 331, 2, 22, 19, 19407 }, // U+205B
    { 16, 16, 325, 2, 16, 30, 19426 }, // U+205C
    { 5, 23, 134, 2, 22, 11, 19456 }, // U+205D
    { 5, 23, 134, 2, 22, 15, 19467 }, // U+205E
    { 0, 0, 104, 0, 0, 0, 19482 }, // U+205F
    { 0, 0, 280, 0, 0, 0, 19482 }, // U+2060
    { 0, 0, 280, 0, 0, 0, 19482 }, // U+2061
    { 0, 0, 280, 0, 0, 0, 19482 }, // U+2062
    { 0, 0, 280, 0, 0, 0, 19482 }, // U+2063
    { 0, 0, 280, 0, 0, 0, 19482 }, // U+2064
    { 0, 0, 0, 0, 0, 0, 19482 }, // U+2066
    { 0, 0, 0, 0, 0, 0, 19482 }, // U+2067
    { 0, 0, 0, 0, 0, 0, 19482 }, // U+2068
    { 0, 0, 0, 0, 0, 0, 19482 }, // U+2069
    { 8, 25, 0, -4, 21, 18, 19482 }, // U+206A
    { 8, 25, 0, -4, 21, 11, 19500 }, // U+206B
    { 8, 25, 0, -4, 21, 9, 19511 }, // U+206C
    { 8, 25, 0, -4, 21, 10, 19520 }, // U+206D
    { 8, 25, 0, -4, 21, 16, 19530 }, // U+206E
    { 8, 25, 0, -4, 21, 15, 19546 }, // U+206F
    { 10, 14, 187, 1, 25, 17, 19561 }, // U+2070
    { 6, 14, 97, 0, 22, 11, 19578 }, // U+2071
    { 12, 13, 187, 0, 24, 25, 19589 }, // U+2074
    { 10, 13, 187, 1, 24, 21, 19614 }, // U+2075
    { 10, 14, 187, 1, 25, 20, 19635 }, // U+2076
    { 10, 13, 187, 1, 24, 12, 19655 }, // U+2077
    { 10, 14, 187, 1, 25, 21, 19667 }, // U+2078
    { 10, 14, 187, 1, 25, 21, 19688 }, // U+2079
    { 11, 10, 183, 0, 22, 13, 19709 }, // U+207A
    { 11, 2, 183, 0, 18, 6, 19722 }, // U+207B
    { 11, 6, 183, 0, 20, 8, 19728 }, // U+207C
    { 7, 18, 117, 1, 26, 11, 19736 }, // U+207D
    { 7, 18, 117, -1, 26, 14, 19747 }, // U+207E
    { 12, 10, 196, 0, 18, 17, 19761 }, // U+207F
    { 10, 14, 187, 1, 11, 7, 19778 }, // U+2080
    { 9, 13, 187, 1, 10, 7, 19785 }, // U+2081
    { 10, 14, 187, 1, 11, 8, 19792 }, // U+2082
    { 10, 14, 187, 1, 11, 9, 19800 }, // U+2083
    { 12, 13, 187, 0, 10, 9, 19809 }, // U+2084
    { 10, 13, 187, 1, 10, 8, 19818 }, // U+2085
    { 10, 14, 187, 1, 11, 9, 19826 }, // U+2086
    { 10, 13, 187, 1, 10, 7, 19835 }, // U+2087
    { 10, 14, 187, 1, 11, 8, 19842 }, // U+2088
    { 10, 14, 187, 1, 11, 9, 19850 }, // U+2089
    { 11, 10, 183, 0, 8, 7, 19859 }, // U+208A
    { 11, 2, 183, 0, 4, 4, 19866 }, // U+208B
    { 11, 6, 183, 0, 6, 5, 19870 }, // U+208C
    { 7, 18, 117, 1, 12, 6, 19875 }, // U+208D
    { 7, 18, 117, -1, 12, 7, 19881 }, // U+208E
    { 10, 10, 171, 0, 7, 21, 19888 }, // U+2090
    { 9, 10, 162, 1, 7, 18, 19909 }, // U+2091
    { 9, 10, 175, 1, 7, 13, 19927 }, // U+2092
    { 11, 10, 175, 0, 7, 23, 19940 }, // U+2093
    { 10, 10, 162, 0, 7, 15, 19963 }, // U+2094
    { 12, 14, 193, 0, 11, 17, 19978 }, // U+2095
    { 12, 14, 177, 0, 11, 20, 19995 }, // U+2096
    { 6, 14, 94, 0, 11, 8, 20015 }, // U+2097
    { 18, 10, 287, 0, 7, 22, 20023 }, // U+2098
    { 12, 10, 196, 0, 7, 15, 20045 }, // U+2099
    { 11, 14, 186, 0, 7, 22, 20060 }, // U+209A
    { 8, 10, 137, 0, 7, 17, 20082 }, // U+209B
    { 7, 12, 107, 0, 9, 12, 20099 }, // U+209C
    { 18, 22, 309, 1, 22, 37, 20111 }, // U+20A0
    { 16, 25, 287, 1, 23, 48, 20148 }, // U+20A1
    { 16, 23, 287, 1, 22, 23, 20196 }, // U+20A2
    { 15, 21, 261, 1, 21, 27, 20219 }, // U+20A3
    { 15, 23, 261, 1, 22, 27, 20246 }, // U+20A4
    { 27, 24, 441, 0, 20, 26, 20273 }, // U+20A5
    { 20, 21, 309, 0, 21, 54, 20299 }, // U+20A6
    { 23, 22, 382, 0, 21, 44, 20353 }, // U+20A7
    { 28, 22, 477, 1, 21, 58, 20397 }, // U+20A8
    { 32, 21, 489, -1, 21, 66, 20455 }, // U+20A9
    { 20, 18, 416, 3, 18, 25, 20521 }, // U+20AA
    { 17, 28, 287, 1, 23, 18, 20546 }, // U+20AB
    { 15, 23, 261, 1, 22, 31, 20564 }, // U+20AC
    { 21, 21, 327, 0, 21, 39, 20595 }, // U+20AD
    { 18, 21, 261, 0, 21, 28, 20634 }, // U+20AE
    { 29, 30, 467, 0, 24, 69, 20662 }, // U+20AF
    { 16, 29, 261, -1, 22, 40, 20731 }, // U+20B0
    { 18, 21, 282, 0, 21, 37, 20771 }, // U+20B1
    { 20, 26, 333, 1, 23, 23, 20808 }, // U+20B2
    { 21, 21, 329, 0, 21, 42, 20831 }, // U+20B3
    { 16, 23, 254, 0, 22, 41, 20873 }, // U+20B4
    { 16, 26, 287, 1, 23, 20, 20914 }, // U+20B5
    { 17, 22, 277, 0, 21, 33, 20934 }, // U+20B6
    { 15, 25, 261, 0, 22, 53, 20967 }, // U+20B7
    { 16, 21, 261, 0, 21, 24, 21020 }, // U+20B8
    { 15, 21, 261, 1, 21, 29, 21044 }, // U+20B9
    { 16, 21, 261, 0, 21, 39, 21073 }, // U+20BA
    { 18, 23, 305, 0, 22, 45, 21112 }, // U+20BB
    { 19, 20, 367, 2, 20, 29, 21157 }, // U+20BC
    { 16, 21, 275, 1, 21, 34, 21186 }, // U+20BD
    { 18, 23, 314, 1, 23, 39, 21220 }, // U+20BE
    { 14, 26, 261, 1, 23, 37, 21259 }, // U+20BF
    { 13, 21, 230, 1, 16, 13, 21296 }, // U+20C0
    { 14, 3, 270, 1, 12, 6, 21309 }, // U+2212
    { 23, 23, 330, 0, 23, 48, 21315 }, // U+FB00
    { 19, 23, 309, 0, 23, 38, 21363 }, // U+FB01
    { 19, 23, 309, 0, 23, 19, 21401 }, // U+FB02
    { 29, 23, 468, 0, 23, 60, 21420 }, // U+FB03
    { 29, 23, 467, 0, 23, 24, 21480 }, // U+FB04
    { 19, 24, 312, 0, 23, 32, 21504 }, // U+FB05
    { 22, 24, 369, 1, 23, 58, 21536 }, // U+FB06
    { 27, 28, 467, 1, 23, 50, 21594 }, // U+FFFD
};

static const EpdUnicodeInterval notoserif_14_regularIntervals[] = {
    { 0x0, 0x0, 0x0 },
    { 0xD, 0xD, 0x1 },
    { 0x20, 0x7E, 0x2 },
    { 0xA0, 0x17F, 0x61 },
    { 0x1A0, 0x1A1, 0x141 },
    { 0x1AF, 0x1B0, 0x143 },
    { 0x1C4, 0x21F, 0x145 },
    { 0x300, 0x36F, 0x1A1 },
    { 0x400, 0x4FF, 0x211 },
    { 0x1EA0, 0x1EF9, 0x311 },
    { 0x2000, 0x2064, 0x36B },
    { 0x2066, 0x2071, 0x3D0 },
    { 0x2074, 0x208E, 0x3DC },
    { 0x2090, 0x209C, 0x3F7 },
    { 0x20A0, 0x20C0, 0x404 },
    { 0x2212, 0x2212, 0x425 },
    { 0xFB00, 0xFB06, 0x426 },
    { 0xFFFD, 0xFFFD, 0x42D },
};

static const EpdKernClassEntry notoserif_14_regularKernLeftClasses[] = {
    { 0x0022, 1 }, // "
    { 0x0026, 2 }, // &
    { 0x0027, 1 }, // '
    { 0x002A, 3 }, // *
    { 0x002C, 4 }, // ,
    { 0x002E, 4 }, // .
    { 0x0040, 5 }, // @
    { 0x0041, 6 }, // A
    { 0x0042, 7 }, // B
    { 0x0044, 8 }, // D
    { 0x0045, 9 }, // E
    { 0x0046, 10 }, // F
    { 0x0047, 11 }, // G
    { 0x004B, 12 }, // K
    { 0x004C, 13 }, // L
    { 0x004E, 14 }, // N
    { 0x004F, 8 }, // O
    { 0x0050, 3 }, // P
    { 0x0051, 8 }, // Q
    { 0x0052, 15 }, // R
    { 0x0053, 16 }, // S
    { 0x0054, 17 }, // T
    { 0x0055, 18 }, // U
    { 0x0056, 19 }, // V
    { 0x0057, 20 }, // W
    { 0x0058, 21 }, // X
    { 0x0059, 22 }, // Y
    { 0x0061, 23 }, // a
    { 0x0062, 24 }, // b
    { 0x0065, 25 }, // e
    { 0x0066, 26 }, // f
    { 0x0067, 27 }, // g
    { 0x0068, 23 }, // h
    { 0x006B, 28 }, // k
    { 0x006D, 23 }, // m
    { 0x006E, 23 }, // n
    { 0x006F, 24 }, // o
    { 0x0070, 24 }, // p
    { 0x0072, 29 }, // r
    { 0x0073, 30 }, // s
    { 0x0076, 31 }, // v
    { 0x0077, 32 }, // w
    { 0x0079, 33 }, // y
    { 0x00A1, 34 }, // U+00A1
    { 0x00BF, 35 }, // U+00BF
    { 0x00C0, 36 }, // U+00C0
    { 0x00C1, 36 }, // U+00C1
    { 0x00C2, 36 }, // U+00C2
    { 0x00C3, 36 }, // U+00C3
    { 0x00C4, 36 }, // U+00C4
    { 0x00C5, 36 }, // U+00C5
    { 0x00C6, 9 }, // U+00C6
    { 0x00C8, 9 }, // U+00C8
    { 0x00C9, 9 }, // U+00C9
    { 0x00CA, 9 }, // U+00CA
    { 0x00CB, 9 }, // U+00CB
    { 0x00D0, 8 }, // U+00D0
    { 0x00D1, 14 }, // U+00D1
    { 0x00D2, 8 }, // U+00D2
    { 0x00D3, 8 }, // U+00D3
    { 0x00D4, 8 }, // U+00D4
    { 0x00D5, 8 }, // U+00D5
    { 0x00D6, 8 }, // U+00D6
    { 0x00D8, 8 }, // U+00D8
    { 0x00D9, 18 }, // U+00D9
    { 0x00DA, 18 }, // U+00DA
    { 0x00DB, 18 }, // U+00DB
    { 0x00DC, 18 }, // U+00DC
    { 0x00DD, 22 }, // U+00DD
    { 0x00DE, 8 }, // U+00DE
    { 0x00DF, 24 }, // U+00DF
    { 0x00E0, 23 }, // U+00E0
    { 0x00E1, 23 }, // U+00E1
    { 0x00E2, 23 }, // U+00E2
    { 0x00E3, 23 }, // U+00E3
    { 0x00E4, 23 }, // U+00E4
    { 0x00E5, 23 }, // U+00E5
    { 0x00E6, 25 }, // U+00E6
    { 0x00E8, 25 }, // U+00E8
    { 0x00E9, 25 }, // U+00E9
    { 0x00EA, 25 }, // U+00EA
    { 0x00EB, 25 }, // U+00EB
    { 0x00F0, 24 }, // U+00F0
    { 0x00F1, 23 }, // U+00F1
    { 0x00F2, 24 }, // U+00F2
    { 0x00F3, 24 }, // U+00F3
    { 0x00F4, 24 }, // U+00F4
    { 0x00F5, 24 }, // U+00F5
    { 0x00F6, 24 }, // U+00F6
    { 0x00F8, 24 }, // U+00F8
    { 0x00FD, 33 }, // U+00FD
    { 0x00FE, 24 }, // U+00FE
    { 0x00FF, 33 }, // U+00FF
    { 0x0100, 6 }, // U+0100
    { 0x0102, 36 }, // U+0102
    { 0x0104, 36 }, // U+0104
    { 0x010E, 8 }, // U+010E
    { 0x010F, 37 }, // U+010F
    { 0x0110, 8 }, // U+0110
    { 0x0112, 9 }, // U+0112
    { 0x0113, 25 }, // U+0113
    { 0x0114, 9 }, // U+0114
    { 0x0115, 25 }, // U+0115
    { 0x0116, 9 }, // U+0116
    { 0x0117, 25 }, // U+0117
    { 0x0118, 9 }, // U+0118
    { 0x0119, 25 }, // U+0119
    { 0x011A, 9 }, // U+011A
    { 0x011B, 25 }, // U+011B
    { 0x011C, 11 }, // U+011C
    { 0x011E, 11 }, // U+011E
    { 0x0120, 11 }, // U+0120
    { 0x0122, 11 }, // U+0122
    { 0x0125, 23 }, // U+0125
    { 0x0127, 23 }, // U+0127
    { 0x0129, 38 }, // U+0129
    { 0x0136, 12 }, // U+0136
    { 0x0137, 28 }, // U+0137
    { 0x0138, 28 }, // U+0138
    { 0x0139, 13 }, // U+0139
    { 0x013B, 13 }, // U+013B
    { 0x013E, 37 }, // U+013E
    { 0x0141, 13 }, // U+0141
    { 0x0143, 14 }, // U+0143
    { 0x0144, 23 }, // U+0144
    { 0x0145, 14 }, // U+0145
    { 0x0146, 23 }, // U+0146
    { 0x0147, 14 }, // U+0147
    { 0x0148, 23 }, // U+0148
    { 0x0149, 23 }, // U+0149
    { 0x014B, 23 }, // U+014B
    { 0x014C, 8 }, // U+014C
    { 0x014D, 24 }, // U+014D
    { 0x014E, 8 }, // U+014E
    { 0x014F, 24 }, // U+014F
    { 0x0150, 8 }, // U+0150
    { 0x0151, 24 }, // U+0151
    { 0x0152, 9 }, // U+0152
    { 0x0153, 25 }, // U+0153
    { 0x0154, 15 }, // U+0154
    { 0x0155, 29 }, // U+0155
    { 0x0156, 15 }, // U+0156
    { 0x0157, 29 }, // U+0157
    { 0x0158, 15 }, // U+0158
    { 0x0159, 29 }, // U+0159
    { 0x015A, 16 }, // U+015A
    { 0x015B, 30 }, // U+015B
    { 0x015C, 16 }, // U+015C
    { 0x015D, 30 }, // U+015D
    { 0x015E, 16 }, // U+015E
    { 0x015F, 30 }, // U+015F
    { 0x0160, 16 }, // U+0160
    { 0x0161, 30 }, // U+0161
    { 0x0162, 17 }, // U+0162
    { 0x0164, 17 }, // U+0164
    { 0x0165, 39 }, // U+0165
    { 0x0166, 17 }, // U+0166
    { 0x0168, 18 }, // U+0168
    { 0x016A, 18 }, // U+016A
    { 0x016C, 18 }, // U+016C
    { 0x016E, 18 }, // U+016E
    { 0x0170, 18 }, // U+0170
    { 0x0172, 18 }, // U+0172
    { 0x0174, 20 }, // U+0174
    { 0x0175, 32 }, // U+0175
    { 0x0176, 22 }, // U+0176
    { 0x0177, 33 }, // U+0177
    { 0x0178, 22 }, // U+0178
    { 0x01A0, 40 }, // U+01A0
    { 0x01A1, 41 }, // U+01A1
    { 0x01AF, 42 }, // U+01AF
    { 0x01B0, 43 }, // U+01B0
    { 0x01FA, 6 }, // U+01FA
    { 0x01FC, 9 }, // U+01FC
    { 0x01FD, 25 }, // U+01FD
    { 0x01FE, 8 }, // U+01FE
    { 0x01FF, 24 }, // U+01FF
    { 0x0218, 16 }, // U+0218
    { 0x0219, 30 }, // U+0219
    { 0x021A, 17 }, // U+021A
    { 0x0402, 44 }, // U+0402
    { 0x0409, 45 }, // U+0409
    { 0x040A, 45 }, // U+040A
    { 0x040E, 46 }, // U+040E
    { 0x0423, 46 }, // U+0423
    { 0x042A, 45 }, // U+042A
    { 0x042C, 45 }, // U+042C
    { 0x0431, 47 }, // U+0431
    { 0x043E, 48 }, // U+043E
    { 0x0440, 48 }, // U+0440
    { 0x0444, 49 }, // U+0444
    { 0x044D, 49 }, // U+044D
    { 0x044E, 49 }, // U+044E
    { 0x0457, 50 }, // U+0457
    { 0x0460, 51 }, // U+0460
    { 0x0462, 52 }, // U+0462
    { 0x0465, 53 }, // U+0465
    { 0x0466, 54 }, // U+0466
    { 0x0468, 54 }, // U+0468
    { 0x046A, 55 }, // U+046A
    { 0x046C, 55 }, // U+046C
    { 0x046E, 56 }, // U+046E
    { 0x046F, 24 }, // U+046F
    { 0x0472, 51 }, // U+0472
    { 0x0473, 48 }, // U+0473
    { 0x0474, 57 }, // U+0474
    { 0x0476, 57 }, // U+0476
    { 0x0478, 33 }, // U+0478
    { 0x0479, 58 }, // U+0479
    { 0x047A, 51 }, // U+047A
    { 0x047B, 48 }, // U+047B
    { 0x047C, 51 }, // U+047C
    { 0x047D, 24 }, // U+047D
    { 0x047E, 51 }, // U+047E
    { 0x0481, 53 }, // U+0481
    { 0x048C, 52 }, // U+048C
    { 0x048D, 24 }, // U+048D
    { 0x048E, 59 }, // U+048E
    { 0x048F, 48 }, // U+048F
    { 0x0490, 60 }, // U+0490
    { 0x0491, 61 }, // U+0491
    { 0x0493, 61 }, // U+0493
    { 0x0494, 62 }, // U+0494
    { 0x0496, 55 }, // U+0496
    { 0x0497, 63 }, // U+0497
    { 0x0498, 56 }, // U+0498
    { 0x0499, 48 }, // U+0499
    { 0x049A, 55 }, // U+049A
    { 0x049B, 63 }, // U+049B
    { 0x049C, 55 }, // U+049C
    { 0x049D, 63 }, // U+049D
    { 0x049E, 55 }, // U+049E
    { 0x049F, 63 }, // U+049F
    { 0x04A0, 55 }, // U+04A0
    { 0x04A1, 63 }, // U+04A1
    { 0x04A3, 64 }, // U+04A3
    { 0x04A4, 60 }, // U+04A4
    { 0x04A5, 61 }, // U+04A5
    { 0x04A6, 62 }, // U+04A6
    { 0x04A8, 51 }, // U+04A8
    { 0x04AB, 53 }, // U+04AB
    { 0x04AC, 60 }, // U+04AC
    { 0x04AD, 61 }, // U+04AD
    { 0x04B2, 65 }, // U+04B2
    { 0x04B3, 63 }, // U+04B3
    { 0x04B5, 64 }, // U+04B5
    { 0x04B7, 64 }, // U+04B7
    { 0x04BA, 62 }, // U+04BA
    { 0x04BC, 51 }, // U+04BC
    { 0x04BD, 48 }, // U+04BD
    { 0x04BE, 51 }, // U+04BE
    { 0x04BF, 48 }, // U+04BF
    { 0x04C3, 62 }, // U+04C3
    { 0x04C6, 64 }, // U+04C6
    { 0x04D0, 54 }, // U+04D0
    { 0x04D1, 23 }, // U+04D1
    { 0x04D2, 54 }, // U+04D2
    { 0x04D3, 23 }, // U+04D3
    { 0x04D4, 66 }, // U+04D4
    { 0x04D5, 48 }, // U+04D5
    { 0x04D6, 66 }, // U+04D6
    { 0x04D7, 48 }, // U+04D7
    { 0x04D8, 51 }, // U+04D8
    { 0x04D9, 48 }, // U+04D9
    { 0x04DA, 51 }, // U+04DA
    { 0x04DB, 48 }, // U+04DB
    { 0x04E0, 56 }, // U+04E0
    { 0x04E6, 51 }, // U+04E6
    { 0x04E7, 48 }, // U+04E7
    { 0x04E8, 51 }, // U+04E8
    { 0x04E9, 48 }, // U+04E9
    { 0x04EA, 51 }, // U+04EA
    { 0x04EB, 48 }, // U+04EB
    { 0x04ED, 48 }, // U+04ED
    { 0x04EE, 46 }, // U+04EE
    { 0x04EF, 58 }, // U+04EF
    { 0x04F0, 46 }, // U+04F0
    { 0x04F1, 58 }, // U+04F1
    { 0x04F2, 46 }, // U+04F2
    { 0x04F3, 58 }, // U+04F3
    { 0x04F6, 60 }, // U+04F6
    { 0x04F7, 61 }, // U+04F7
    { 0x04FB, 61 }, // U+04FB
    { 0x04FC, 65 }, // U+04FC
    { 0x04FD, 63 }, // U+04FD
    { 0x04FE, 65 }, // U+04FE
    { 0x04FF, 63 }, // U+04FF
    { 0x1EA0, 36 }, // U+1EA0
    { 0x1EA1, 23 }, // U+1EA1
    { 0x1EA2, 36 }, // U+1EA2
    { 0x1EA3, 23 }, // U+1EA3
    { 0x1EA4, 36 }, // U+1EA4
    { 0x1EA5, 23 }, // U+1EA5
    { 0x1EA6, 36 }, // U+1EA6
    { 0x1EA7, 23 }, // U+1EA7
    { 0x1EA8, 36 }, // U+1EA8
    { 0x1EA9, 23 }, // U+1EA9
    { 0x1EAA, 36 }, // U+1EAA
    { 0x1EAB, 23 }, // U+1EAB
    { 0x1EAC, 36 }, // U+1EAC
    { 0x1EAD, 23 }, // U+1EAD
    { 0x1EAE, 36 }, // U+1EAE
    { 0x1EAF, 23 }, // U+1EAF
    { 0x1EB0, 36 }, // U+1EB0
    { 0x1EB1, 23 }, // U+1EB1
    { 0x1EB2, 36 }, // U+1EB2
    { 0x1EB3, 23 }, // U+1EB3
    { 0x1EB4, 36 }, // U+1EB4
    { 0x1EB5, 23 }, // U+1EB5
    { 0x1EB6, 36 }, // U+1EB6
    { 0x1EB7, 23 }, // U+1EB7
    { 0x1EB8, 9 }, // U+1EB8
    { 0x1EB9, 25 }, // U+1EB9
    { 0x1EBA, 9 }, // U+1EBA
    { 0x1EBB, 25 }, // U+1EBB
    { 0x1EBC, 9 }, // U+1EBC
    { 0x1EBD, 25 }, // U+1EBD
    { 0x1EBE, 9 }, // U+1EBE
    { 0x1EBF, 25 }, // U+1EBF
    { 0x1EC0, 9 }, // U+1EC0
    { 0x1EC1, 25 }, // U+1EC1
    { 0x1EC2, 9 }, // U+1EC2
    { 0x1EC3, 25 }, // U+1EC3
    { 0x1EC4, 9 }, // U+1EC4
    { 0x1EC5, 25 }, // U+1EC5
    { 0x1EC6, 9 }, // U+1EC6
    { 0x1EC7, 25 }, // U+1EC7
    { 0x1ECC, 8 }, // U+1ECC
    { 0x1ECD, 24 }, // U+1ECD
    { 0x1ECE, 8 }, // U+1ECE
    { 0x1ECF, 24 }, // U+1ECF
    { 0x1ED0, 8 }, // U+1ED0
    { 0x1ED1, 24 }, // U+1ED1
    { 0x1ED2, 8 }, // U+1ED2
    { 0x1ED3, 24 }, // U+1ED3
    { 0x1ED4, 8 }, // U+1ED4
    { 0x1ED5, 24 }, // U+1ED5
    { 0x1ED6, 8 }, // U+1ED6
    { 0x1ED7, 24 }, // U+1ED7
    { 0x1ED8, 8 }, // U+1ED8
    { 0x1ED9, 24 }, // U+1ED9
    { 0x1EDA, 40 }, // U+1EDA
    { 0x1EDB, 41 }, // U+1EDB
    { 0x1EDC, 40 }, // U+1EDC
    { 0x1EDD, 41 }, // U+1EDD
    { 0x1EDE, 40 }, // U+1EDE
    { 0x1EDF, 41 }, // U+1EDF
    { 0x1EE0, 40 }, // U+1EE0
    { 0x1EE1, 41 }, // U+1EE1
    { 0x1EE2, 40 }, // U+1EE2
    { 0x1EE3, 41 }, // U+1EE3
    { 0x1EE4, 18 }, // U+1EE4
    { 0x1EE6, 18 }, // U+1EE6
    { 0x1EE8, 42 }, // U+1EE8
    { 0x1EE9, 43 }, // U+1EE9
    { 0x1EEA, 42 }, // U+1EEA
    { 0x1EEB, 43 }, // U+1EEB
    { 0x1EEC, 42 }, // U+1EEC
    { 0x1EED, 43 }, // U+1EED
    { 0x1EEE, 42 }, // U+1EEE
    { 0x1EEF, 43 }, // U+1EEF
    { 0x1EF0, 42 }, // U+1EF0
    { 0x1EF1, 43 }, // U+1EF1
    { 0x1EF2, 22 }, // U+1EF2
    { 0x1EF3, 33 }, // U+1EF3
    { 0x1EF4, 22 }, // U+1EF4
    { 0x1EF5, 33 }, // U+1EF5
    { 0x1EF6, 22 }, // U+1EF6
    { 0x1EF7, 33 }, // U+1EF7
    { 0x1EF8, 22 }, // U+1EF8
    { 0x1EF9, 33 }, // U+1EF9
    { 0x2018, 67 }, // U+2018
    { 0x2019, 68 }, // U+2019
    { 0x201A, 4 }, // U+201A
    { 0x201C, 67 }, // U+201C
    { 0x201D, 68 }, // U+201D
    { 0x201E, 4 }, // U+201E
    { 0x2026, 4 }, // U+2026
    { 0x207D, 69 }, // U+207D
    { 0x208D, 70 }, // U+208D
    { 0xFB00, 26 }, // U+FB00
};

static const EpdKernClassEntry notoserif_14_regularKernRightClasses[] = {
    { 0x0021, 1 }, // !
    { 0x0022, 2 }, // "
    { 0x0026, 3 }, // &
    { 0x0027, 2 }, // '
    { 0x0029, 4 }, // )
    { 0x002A, 5 }, // *
    { 0x002C, 6 }, // ,
    { 0x002E, 7 }, // .
    { 0x003A, 8 }, // :
    { 0x003B, 8 }, // ;
    { 0x003F, 9 }, // ?
    { 0x0040, 10 }, // @
    { 0x0041, 11 }, // A
    { 0x0042, 12 }, // B
    { 0x0043, 13 }, // C
    { 0x0044, 12 }, // D
    { 0x0045, 12 }, // E
    { 0x0046, 12 }, // F
    { 0x0047, 13 }, // G
    { 0x0048, 12 }, // H
    { 0x0049, 12 }, // I
    { 0x004A, 14 }, // J
    { 0x004B, 12 }, // K
    { 0x004C, 12 }, // L
    { 0x004D, 12 }, // M
    { 0x004E, 12 }, // N
    { 0x004F, 13 }, // O
    { 0x0050, 12 }, // P
    { 0x0051, 13 }, // Q
    { 0x0052, 12 }, // R
    { 0x0053, 15 }, // S
    { 0x0054, 16 }, // T
    { 0x0055, 17 }, // U
    { 0x0056, 18 }, // V
    { 0x0057, 19 }, // W
    { 0x0058, 20 }, // X
    { 0x0059, 21 }, // Y
    { 0x005A, 22 }, // Z
    { 0x005D, 4 }, // ]
    { 0x0061, 23 }, // a
    { 0x0062, 24 }, // b
    { 0x0063, 25 }, // c
    { 0x0064, 25 }, // d
    { 0x0065, 25 }, // e
    { 0x0067, 26 }, // g
    { 0x0068, 24 }, // h
    { 0x0069, 27 }, // i
    { 0x006B, 24 }, // k
    { 0x006C, 24 }, // l
    { 0x006D, 27 }, // m
    { 0x006E, 27 }, // n
    { 0x006F, 25 }, // o
    { 0x0070, 27 }, // p
    { 0x0071, 25 }, // q
    { 0x0072, 27 }, // r
    { 0x0073, 28 }, // s
    { 0x0074, 29 }, // t
    { 0x0075, 30 }, // u
    { 0x0076, 31 }, // v
    { 0x0077, 32 }, // w
    { 0x0078, 33 }, // x
    { 0x0079, 34 }, // y
    { 0x007A, 35 }, // z
    { 0x007D, 4 }, // }
    { 0x00AB, 36 }, // U+00AB
    { 0x00B7, 37 }, // U+00B7
    { 0x00BB, 36 }, // U+00BB
    { 0x00C0, 11 }, // U+00C0
    { 0x00C1, 11 }, // U+00C1
    { 0x00C2, 11 }, // U+00C2
    { 0x00C3, 11 }, // U+00C3
    { 0x00C4, 11 }, // U+00C4
    { 0x00C5, 11 }, // U+00C5
    { 0x00C6, 38 }, // U+00C6
    { 0x00C7, 13 }, // U+00C7
    { 0x00C8, 12 }, // U+00C8
    { 0x00C9, 12 }, // U+00C9
    { 0x00CA, 12 }, // U+00CA
    { 0x00CB, 12 }, // U+00CB
    { 0x00CC, 12 }, // U+00CC
    { 0x00CD, 12 }, // U+00CD
    { 0x00CE, 12 }, // U+00CE
    { 0x00CF, 12 }, // U+00CF
    { 0x00D0, 12 }, // U+00D0
    { 0x00D1, 12 }, // U+00D1
    { 0x00D2, 13 }, // U+00D2
    { 0x00D3, 13 }, // U+00D3
    { 0x00D4, 13 }, // U+00D4
    { 0x00D5, 13 }, // U+00D5
    { 0x00D6, 13 }, // U+00D6
    { 0x00D8, 13 }, // U+00D8
    { 0x00D9, 17 }, // U+00D9
    { 0x00DA, 17 }, // U+00DA
    { 0x00DB, 17 }, // U+00DB
    { 0x00DC, 17 }, // U+00DC
    { 0x00DD, 21 }, // U+00DD
    { 0x00DE, 12 }, // U+00DE
    { 0x00E0, 23 }, // U+00E0
    { 0x00E1, 23 }, // U+00E1
    { 0x00E2, 23 }, // U+00E2
    { 0x00E3, 23 }, // U+00E3
    { 0x00E4, 23 }, // U+00E4
    { 0x00E5, 23 }, // U+00E5
    { 0x00E6, 23 }, // U+00E6
    { 0x00E7, 25 }, // U+00E7
    { 0x00E8, 25 }, // U+00E8
    { 0x00E9, 25 }, // U+00E9
    { 0x00EA, 25 }, // U+00EA
    { 0x00EB, 25 }, // U+00EB
    { 0x00EC, 39 }, // U+00EC
    { 0x00ED, 27 }, // U+00ED
    { 0x00EE, 39 }, // U+00EE
    { 0x00EF, 39 }, // U+00EF
    { 0x00F0, 25 }, // U+00F0
    { 0x00F1, 27 }, // U+00F1
    { 0x00F2, 25 }, // U+00F2
    { 0x00F3, 25 }, // U+00F3
    { 0x00F4, 25 }, // U+00F4
    { 0x00F5, 25 }, // U+00F5
    { 0x00F6, 25 }, // U+00F6
    { 0x00F8, 25 }, // U+00F8
    { 0x00F9, 30 }, // U+00F9
    { 0x00FA, 30 }, // U+00FA
    { 0x00FB, 30 }, // U+00FB
    { 0x00FC, 30 }, // U+00FC
    { 0x00FD, 34 }, // U+00FD
    { 0x00FE, 24 }, // U+00FE
    { 0x00FF, 34 }, // U+00FF
    { 0x0100, 11 }, // U+0100
    { 0x0101, 23 }, // U+0101
    { 0x0102, 11 }, // U+0102
    { 0x0103, 23 }, // U+0103
    { 0x0104, 11 }, // U+0104
    { 0x0105, 23 }, // U+0105
    { 0x0106, 13 }, // U+0106
    { 0x0107, 25 }, // U+0107
    { 0x0108, 13 }, // U+0108
    { 0x0109, 25 }, // U+0109
    { 0x010A, 13 }, // U+010A
    { 0x010B, 25 }, // U+010B
    { 0x010C, 13 }, // U+010C
    { 0x010D, 25 }, // U+010D
    { 0x010E, 12 }, // U+010E
    { 0x010F, 25 }, // U+010F
    { 0x0110, 12 }, // U+0110
    { 0x0111, 25 }, // U+0111
    { 0x0112, 12 }, // U+0112
    { 0x0113, 25 }, // U+0113
    { 0x0114, 12 }, // U+0114
    { 0x0115, 25 }, // U+0115
    { 0x0116, 12 }, // U+0116
    { 0x0117, 25 }, // U+0117
    { 0x0118, 12 }, // U+0118
    { 0x0119, 25 }, // U+0119
    { 0x011A, 12 }, // U+011A
    { 0x011B, 25 }, // U+011B
    { 0x011C, 13 }, // U+011C
    { 0x011D, 25 }, // U+011D
    { 0x011E, 13 }, // U+011E
    { 0x011F, 25 }, // U+011F
    { 0x0120, 13 }, // U+0120
    { 0x0121, 25 }, // U+0121
    { 0x0122, 13 }, // U+0122
    { 0x0123, 25 }, // U+0123
    { 0x0124, 12 }, // U+0124
    { 0x0125, 24 }, // U+0125
    { 0x0126, 12 }, // U+0126
    { 0x0127, 24 }, // U+0127
    { 0x0128, 12 }, // U+0128
    { 0x0129, 40 }, // U+0129
    { 0x012A, 12 }, // U+012A
    { 0x012B, 39 }, // U+012B
    { 0x012C, 12 }, // U+012C
    { 0x012D, 39 }, // U+012D
    { 0x012E, 12 }, // U+012E
    { 0x012F, 27 }, // U+012F
    { 0x0130, 12 }, // U+0130
    { 0x0132, 12 }, // U+0132
    { 0x0133, 27 }, // U+0133
    { 0x0134, 14 }, // U+0134
    { 0x0136, 12 }, // U+0136
    { 0x0137, 24 }, // U+0137
    { 0x0138, 27 }, // U+0138
    { 0x0139, 12 }, // U+0139
    { 0x013A, 24 }, // U+013A
    { 0x013B, 12 }, // U+013B
    { 0x013C, 24 }, // U+013C
    { 0x013D, 12 }, // U+013D
    { 0x013E, 24 }, // U+013E
    { 0x013F, 12 }, // U+013F
    { 0x0140, 24 }, // U+0140
    { 0x0141, 12 }, // U+0141
    { 0x0142, 24 }, // U+0142
    { 0x0143, 12 }, // U+0143
    { 0x0144, 27 }, // U+0144
    { 0x0145, 12 }, // U+0145
    { 0x0146, 27 }, // U+0146
    { 0x0147, 12 }, // U+0147
    { 0x0148, 27 }, // U+0148
    { 0x014A, 12 }, // U+014A
    { 0x014B, 27 }, // U+014B
    { 0x014C, 13 }, // U+014C
    { 0x014D, 25 }, // U+014D
    { 0x014E, 13 }, // U+014E
    { 0x014F, 25 }, // U+014F
    { 0x0150, 13 }, // U+0150
    { 0x0151, 25 }, // U+0151
    { 0x0152, 13 }, // U+0152
    { 0x0153, 25 }, // U+0153
    { 0x0154, 12 }, // U+0154
    { 0x0155, 27 }, // U+0155
    { 0x0156, 12 }, // U+0156
    { 0x0157, 27 }, // U+0157
    { 0x0158, 12 }, // U+0158
    { 0x015A, 15 }, // U+015A
    { 0x015B, 28 }, // U+015B
    { 0x015C, 15 }, // U+015C
    { 0x015D, 28 }, // U+015D
    { 0x015E, 15 }, // U+015E
    { 0x015F, 28 }, // U+015F
    { 0x0160, 15 }, // U+0160
    { 0x0161, 28 }, // U+0161
    { 0x0162, 16 }, // U+0162
    { 0x0163, 29 }, // U+0163
    { 0x0164, 16 }, // U+0164
    { 0x0165, 29 }, // U+0165
    { 0x0166, 16 }, // U+0166
    { 0x0167, 29 }, // U+0167
    { 0x0168, 17 }, // U+0168
    { 0x0169, 30 }, // U+0169
    { 0x016A, 17 }, // U+016A
    { 0x016B, 30 }, // U+016B
    { 0x016C, 17 }, // U+016C
    { 0x016D, 30 }, // U+016D
    { 0x016E, 17 }, // U+016E
    { 0x016F, 30 }, // U+016F
    { 0x0170, 17 }, // U+0170
    { 0x0171, 30 }, // U+0171
    { 0x0172, 17 }, // U+0172
    { 0x0173, 30 }, // U+0173
    { 0x0174, 19 }, // U+0174
    { 0x0175, 32 }, // U+0175
    { 0x0176, 21 }, // U+0176
    { 0x0177, 34 }, // U+0177
    { 0x0178, 21 }, // U+0178
    { 0x0179, 22 }, // U+0179
    { 0x017A, 35 }, // U+017A
    { 0x017B, 22 }, // U+017B
    { 0x017C, 35 }, // U+017C
    { 0x017D, 22 }, // U+017D
    { 0x017E, 35 }, // U+017E
    { 0x01A0, 13 }, // U+01A0
    { 0x01A1, 25 }, // U+01A1
    { 0x01AF, 17 }, // U+01AF
    { 0x01B0, 30 }, // U+01B0
    { 0x01FA, 11 }, // U+01FA
    { 0x01FB, 23 }, // U+01FB
    { 0x01FC, 38 }, // U+01FC
    { 0x01FD, 23 }, // U+01FD
    { 0x01FE, 13 }, // U+01FE
    { 0x01FF, 25 }, // U+01FF
    { 0x0218, 15 }, // U+0218
    { 0x0219, 28 }, // U+0219
    { 0x021A, 16 }, // U+021A
    { 0x021B, 29 }, // U+021B
    { 0x0402, 41 }, // U+0402
    { 0x040B, 41 }, // U+040B
    { 0x040E, 42 }, // U+040E
    { 0x0416, 41 }, // U+0416
    { 0x0422, 41 }, // U+0422
    { 0x0423, 42 }, // U+0423
    { 0x0425, 41 }, // U+0425
    { 0x0427, 43 }, // U+0427
    { 0x042A, 41 }, // U+042A
    { 0x042F, 44 }, // U+042F
    { 0x0431, 45 }, // U+0431
    { 0x0436, 46 }, // U+0436
    { 0x0443, 47 }, // U+0443
    { 0x0445, 46 }, // U+0445
    { 0x0447, 48 }, // U+0447
    { 0x0451, 49 }, // U+0451
    { 0x0456, 50 }, // U+0456
    { 0x045E, 47 }, // U+045E
    { 0x0460, 51 }, // U+0460
    { 0x0462, 16 }, // U+0462
    { 0x0466, 52 }, // U+0466
    { 0x046A, 53 }, // U+046A
    { 0x046E, 54 }, // U+046E
    { 0x0472, 51 }, // U+0472
    { 0x0473, 55 }, // U+0473
    { 0x0478, 51 }, // U+0478
    { 0x0479, 55 }, // U+0479
    { 0x047A, 51 }, // U+047A
    { 0x047B, 55 }, // U+047B
    { 0x047C, 51 }, // U+047C
    { 0x047D, 25 }, // U+047D
    { 0x047E, 51 }, // U+047E
    { 0x0480, 51 }, // U+0480
    { 0x0481, 55 }, // U+0481
    { 0x0496, 53 }, // U+0496
    { 0x0498, 54 }, // U+0498
    { 0x0499, 56 }, // U+0499
    { 0x04A0, 57 }, // U+04A0
    { 0x04A1, 58 }, // U+04A1
    { 0x04A8, 51 }, // U+04A8
    { 0x04A9, 55 }, // U+04A9
    { 0x04AA, 51 }, // U+04AA
    { 0x04AB, 55 }, // U+04AB
    { 0x04AC, 57 }, // U+04AC
    { 0x04AD, 58 }, // U+04AD
    { 0x04B2, 53 }, // U+04B2
    { 0x04B4, 57 }, // U+04B4
    { 0x04B5, 58 }, // U+04B5
    { 0x04B6, 59 }, // U+04B6
    { 0x04B7, 60 }, // U+04B7
    { 0x04B8, 43 }, // U+04B8
    { 0x04B9, 48 }, // U+04B9
    { 0x04C1, 41 }, // U+04C1
    { 0x04C2, 46 }, // U+04C2
    { 0x04CB, 59 }, // U+04CB
    { 0x04CC, 60 }, // U+04CC
    { 0x04D0, 52 }, // U+04D0
    { 0x04D2, 52 }, // U+04D2
    { 0x04D4, 38 }, // U+04D4
    { 0x04D5, 61 }, // U+04D5
    { 0x04D7, 55 }, // U+04D7
    { 0x04D8, 51 }, // U+04D8
    { 0x04D9, 61 }, // U+04D9
    { 0x04DA, 51 }, // U+04DA
    { 0x04DC, 41 }, // U+04DC
    { 0x04DD, 46 }, // U+04DD
    { 0x04E0, 54 }, // U+04E0
    { 0x04E1, 35 }, // U+04E1
    { 0x04E6, 51 }, // U+04E6
    { 0x04E7, 55 }, // U+04E7
    { 0x04E8, 51 }, // U+04E8
    { 0x04E9, 55 }, // U+04E9
    { 0x04EA, 51 }, // U+04EA
    { 0x04EB, 55 }, // U+04EB
    { 0x04EE, 42 }, // U+04EE
    { 0x04EF, 62 }, // U+04EF
    { 0x04F0, 42 }, // U+04F0
    { 0x04F1, 62 }, // U+04F1
    { 0x04F2, 42 }, // U+04F2
    { 0x04F3, 62 }, // U+04F3
    { 0x04F4, 43 }, // U+04F4
    { 0x04F5, 48 }, // U+04F5
    { 0x04FC, 53 }, // U+04FC
    { 0x04FE, 53 }, // U+04FE
    { 0x1EA0, 11 }, // U+1EA0
    { 0x1EA1, 23 }, // U+1EA1
    { 0x1EA2, 11 }, // U+1EA2
    { 0x1EA3, 23 }, // U+1EA3
    { 0x1EA4, 11 }, // U+1EA4
    { 0x1EA5, 23 }, // U+1EA5
    { 0x1EA6, 11 }, // U+1EA6
    { 0x1EA7, 23 }, // U+1EA7
    { 0x1EA8, 11 }, // U+1EA8
    { 0x1EA9, 23 }, // U+1EA9
    { 0x1EAA, 11 }, // U+1EAA
    { 0x1EAB, 23 }, // U+1EAB
    { 0x1EAC, 11 }, // U+1EAC
    { 0x1EAD, 23 }, // U+1EAD
    { 0x1EAE, 11 }, // U+1EAE
    { 0x1EAF, 23 }, // U+1EAF
    { 0x1EB0, 11 }, // U+1EB0
    { 0x1EB1, 23 }, // U+1EB1
    { 0x1EB2, 11 }, // U+1EB2
    { 0x1EB3, 23 }, // U+1EB3
    { 0x1EB4, 11 }, // U+1EB4
    { 0x1EB5, 23 }, // U+1EB5
    { 0x1EB6, 11 }, // U+1EB6
    { 0x1EB7, 23 }, // U+1EB7
    { 0x1EB8, 12 }, // U+1EB8
    { 0x1EB9, 25 }, // U+1EB9
    { 0x1EBA, 12 }, // U+1EBA
    { 0x1EBB, 25 }, // U+1EBB
    { 0x1EBC, 12 }, // U+1EBC
    { 0x1EBD, 25 }, // U+1EBD
    { 0x1EBE, 12 }, // U+1EBE
    { 0x1EBF, 25 }, // U+1EBF
    { 0x1EC0, 12 }, // U+1EC0
    { 0x1EC1, 25 }, // U+1EC1
    { 0x1EC2, 12 }, // U+1EC2
    { 0x1EC3, 25 }, // U+1EC3
    { 0x1EC4, 12 }, // U+1EC4
    { 0x1EC5, 25 }, // U+1EC5
    { 0x1EC6, 12 }, // U+1EC6
    { 0x1EC7, 25 }, // U+1EC7
    { 0x1EC9, 27 }, // U+1EC9
    { 0x1ECB, 27 }, // U+1ECB
    { 0x1ECC, 13 }, // U+1ECC
    { 0x1ECD, 25 }, // U+1ECD
    { 0x1ECE, 13 }, // U+1ECE
    { 0x1ECF, 25 }, // U+1ECF
    { 0x1ED0, 13 }, // U+1ED0
    { 0x1ED1, 25 }, // U+1ED1
    { 0x1ED2, 13 }, // U+1ED2
    { 0x1ED3, 25 }, // U+1ED3
    { 0x1ED4, 13 }, // U+1ED4
    { 0x1ED5, 25 }, // U+1ED5
    { 0x1ED6, 13 }, // U+1ED6
    { 0x1ED7, 25 }, // U+1ED7
    { 0x1ED8, 13 }, // U+1ED8
    { 0x1ED9, 25 }, // U+1ED9
    { 0x1EDA, 13 }, // U+1EDA
    { 0x1EDB, 25 }, // U+1EDB
    { 0x1EDC, 13 }, // U+1EDC
    { 0x1EDD, 25 }, // U+1EDD
    { 0x1EDE, 13 }, // U+1EDE
    { 0x1EDF, 25 }, // U+1EDF
    { 0x1EE0, 13 }, // U+1EE0
    { 0x1EE1, 25 }, // U+1EE1
    { 0x1EE2, 13 }, // U+1EE2
    { 0x1EE3, 25 }, // U+1EE3
    { 0x1EE4, 17 }, // U+1EE4
    { 0x1EE5, 30 }, // U+1EE5
    { 0x1EE6, 17 }, // U+1EE6
    { 0x1EE7, 30 }, // U+1EE7
    { 0x1EE8, 17 }, // U+1EE8
    { 0x1EE9, 30 }, // U+1EE9
    { 0x1EEA, 17 }, // U+1EEA
    { 0x1EEB, 30 }, // U+1EEB
    { 0x1EEC, 17 }, // U+1EEC
    { 0x1EED, 30 }, // U+1EED
    { 0x1EEE, 17 }, // U+1EEE
    { 0x1EEF, 30 }, // U+1EEF
    { 0x1EF0, 17 }, // U+1EF0
    { 0x1EF1, 30 }, // U+1EF1
    { 0x1EF2, 21 }, // U+1EF2
    { 0x1EF3, 34 }, // U+1EF3
    { 0x1EF4, 21 }, // U+1EF4
    { 0x1EF5, 34 }, // U+1EF5
    { 0x1EF6, 21 }, // U+1EF6
    { 0x1EF7, 34 }, // U+1EF7
    { 0x1EF8, 21 }, // U+1EF8
    { 0x1EF9, 34 }, // U+1EF9
    { 0x2018, 63 }, // U+2018
    { 0x2019, 5 }, // U+2019
    { 0x201A, 7 }, // U+201A
    { 0x201C, 63 }, // U+201C
    { 0x201D, 5 }, // U+201D
    { 0x201E, 7 }, // U+201E
    { 0x2026, 7 }, // U+2026
    { 0x2039, 36 }, // U+2039
    { 0x203A, 36 }, // U+203A
    { 0x207E, 64 }, // U+207E
    { 0x208E, 65 }, // U+208E
};

static const int8_t notoserif_14_regularKernMatrix[] = {
       0,    0,    0,    0,    0,    0,    0,    0,    0,    0,  -37,    0,    0,    0,    0,    0,    0,    0,    0,    0,    0,    0,    0,    0,   -9,  -28,    0,    0,    0,    0,    0,    0,    0,    0,    0,    0,    0,  -56,    0,    0,    0,    0,    0,    0,    0,    0,    0,    0,    0,    0,    0,  -37,    0,    0,    0,    0,    0,    0,    0,    0,    0,    0,    0,    0,    0,
       0,    0,    0,    0,    0,    0,    0,    0,  -14,    0,    0,    0,    0,    0,    0,  -14,    0,  -19,  -19,    0,  -14,    0,    0,    0,    0,    0,    0,    0,    0,    0,    0,    0,    0,    0,    0,    0,    0,    0,    0,    0,    0,    0,    0,    0,    0,    0,    0,    0,    0,    0,    0,    0,    0,    0,    0,    0,    0,    0,    0,    0,    0,    0,    0,    0,    0,
       0,    0,   -5,    0,    0,  -56,  -56,    0,    0,    0,  -23,    0,    0,    0,    0,    0,    0,    0,    0,    0,    0,    0,    0,    0,    0,    0,    0,    0,    0,    0,    0,    0,    0,    0,    0,    0,    0,  -37,    0,    0,    0,    0,    0,    0,    0,    0,    0,    0,    0,    0,    0,  -23,    0,    0,    0,    0,    0,    0,    0,    0,    0,    0,    0,    0,    0,
       0,    0,    0,    0,    0,    0,    0,    0,  -42,    0,    0,    0,   -9,    0,    0,  -42,   -9,  -51,  -42,    0,  -37,    0,    0,    0,    0,    0,    0,    0,    0,    0,  -33,  -28,    0,  -23,    0,    0,    0,    0,    0,    0,    0,    0,    0,    0,    0,    0,    0,    0,    0,    0,   -9,    0,    0,    0,    0,    0,  -42,  -33,  -37,  -23,    0,  -23,    0,    0,    0,
       0,    0,    0,    0,    0,    0,    0,    0,    0,    0,  -14,    0,    0,    0,    0,    0,    0,    0,    0,    0,   -5,    0,    0,    0,    0,    0,    0,    0,    0,    0,    0,    0,    0,    0,    0,    0,    0,    0,    0,    0,    0,    0,    0,    0,    0,    0,    0,    0,    0,    0,    0,    0,    0,    0,    0,    0,    0,    0,    0,    0,    0,    0,    0,    0,    0,
       0,  -37,    0,    0,  -33,    0,    0,    0,  -28,    0,    0,    0,   -9,    0,    0,  -28,   -9,  -37,  -33,    0,  -33,    0,    0,    0,   -9,   -9,    0,    0,    0,   -9,  -28,  -14,    0,  -23,    0,    0,    0,    0,    0,    0,    0,    0,    0,    0,    0,    0,    0,    0,    0,    0,    0,    0,    0,    0,    0,    0,    0,    0,    0,    0,    0,    0,  -33,    0,    0,
       0,    0,    0,    0,   -9,    0,    0,    0,   -9,    0,   -9,    0,    0,    0,    0,   -9,    0,  -19,  -14,   -9,  -19,   -9,    0,    0,    0,    0,    0,    0,    0,    0,    0,   -5,    0,   -9,    0,    0,    0,  -14,    0,    0,    0,    0,    0,    0,    0,    0,    0,    0,    0,    0,    0,   -9,    0,    0,    0,    0,   -9,    0,    0,    0,    0,    0,    0,    0,    0,
       0,    0,    0,    0,    0,   -9,   -9,    0,   -9,    0,   -9,    0,    0,    0,    0,   -9,    0,   -9,   -9,   -9,  -14,    0,    0,    0,    0,    0,    0,    0,    0,    0,    0,    0,    0,    0,    0,    0,    0,  -23,    0,    0,    0,    0,    0,    0,    0,    0,    0,    0,    0,    0,    0,   -9,   -9,    0,    0,    0,   -9,    0,    0,    0,    0,    0,    0,    0,    0,
       0,    0,    0,    0,    0,    0,    0,    0,    0,    0,    0,    0,    0,    0,    0,    0,    0,   -9,   -9,    0,   -9,    0,    0,    0,    0,    0,    0,    0,    0,    0,    0,    0,    0,    0,    0,    0,    0,    0,    0,    0,    0,    0,    0,    0,    0,    0,    0,    0,    0,    0,    0,    0,    0,    0,    0,    0,    0,    0,    0,    0,    0,    0,    0,    0,    0,
       0,    0,   -9,    0,    0,  -56,  -56,    0,    0,  -19,  -33,    0,    0,    0,    0,    0,    0,    0,    0,    0,    0,    0,  -19,    0,  -19,  -19,    0,    0,    0,    0,    0,    0,    0,    0,    0,    0,    0,  -51,    0,    0,    0,    0,    0,    0,    0,    0,    0,    0,    0,    0,    0,    0,    0,    0,    0,    0,    0,    0,    0,    0,    0,    0,    0,    0,    0,
       0,    0,    0,    0,    0,    0,    0,    0,   -9,    0,    0,    0,    0,    0,    0,   -9,    0,   -9,   -9,    0,   -9,    0,    0,    0,    0,    0,    0,    0,    0,    0,    0,    0,    0,    0,    0,    0,    0,   -9,    0,    0,    0,    0,    0,    0,    0,    0,    0,    0,    0,    0,    0,    0,    0,    0,    0,    0,    0,    0,    0,    0,    0,    0,    0,    0,    0,
       0,    0,    0,    0,    0,    0,    0,    0,    0,    0,    0,    0,   -9,    0,    0,    0,    0,    0,    0,    0,    0,    0,    0,    0,   -9,   -9,    0,    0,    0,   -9,    0,  -14,    0,  -14,    0,    0,    0,    0,    0,    0,    0,    0,    0,    0,    0,    0,    0,    0,    0,    0,    0,    0,    0,    0,    0,    0,    0,    0,    0,    0,    0,    0,    0,    0,    0,
       0,  -28,    0,    0,  -37,    0,    0,    0,  -33,    0,    0,    0,    0,    0,    0,  -33,    0,  -23,  -23,    0,  -28,    0,    0,    0,    0,    0,    0,    0,    0,    0,   -9,   -5,    0,  -14,    0,    0,   -9,    0,    0,    0,    0,    0,    0,    0,    0,    0,    0,    0,    0,    0,    0,    0,    0,    0,    0,    0,    0,    0,    0,    0,    0,    0,  -37,    0,    0,
       0,    0,    0,    0,    0,    0,    0,    0,    0,    0,    0,    0,    0,    0,    0,    0,    0,    0,    0,    0,    0,    0,    0,    0,    0,    0,    0,    0,    0,    0,    0,    0,    0,    0,    0,   -5,    0,    0,    0,    0,    0,    0,    0,    0,    0,    0,    0,    0,    0,    0,    0,    0,    0,    0,    0,    0,    0,    0,    0,    0,    0,    0,    0,    0,    0,
       0,    0,    0,    0,   -9,    0,    0,    0,   -9,    0,    0,    0,   -9,    0,    0,   -9,   -5,  -14,  -14,    0,  -14,    0,    0,    0,    0,    0,    0,    0,    0,    0,   -5,   -5,    0,   -9,    0,    0,    0,    0,    0,    0,    0,    0,    0,    0,    0,    0,    0,    0,    0,    0,    0,    0,    0,    0,    0,    0,    0,    0,    0,    0,    0,    0,    0,    0,    0,
       0,    0,    0,    0,    0,    0,    0,    0,   -9,    0,   -9,    0,    0,    0,    0,   -9,    0,   -9,   -9,   -9,   -9,    0,    0,    0,    0,    0,    0,    0,    0,    0,    0,   -5,    0,   -9,    0,    0,    0,   -9,    0,    0,    0,    0,    0,    0,    0,    0,    0,    0,    0,    0,    0,   -9,    0,    0,    0,    0,   -9,    0,    0,    0,    0,    0,    0,    0,    0,
       0,    0,   -5,    0,    0,  -42,  -42,    0,    0,  -14,  -28,    0,   -9,    0,    0,    0,    0,    0,    0,    0,    0,    0,  -14,    0,  -23,  -23,    0,   -2,    0,    0,    0,    0,    0,    0,    0,    0,    0,  -37,    0,    0,    0,    0,    0,    0,    0,    0,    0,    0,    0,    0,    0,    0,    0,    0,    0,    0,    0,    0,    0,    0,    0,    0,    0,    0,    0,
       0,    0,    0,    0,    0,   -9,   -9,    0,    0,   -5,   -9,    0,    0,    0,    0,    0,    0,    0,    0,    0,    0,    0,    0,    0,    0,    0,    0,    0,    0,    0,    0,    0,    0,    0,    0,    0,    0,  -19,    0,    0,    0,    0,    0,    0,    0,    0,    0,    0,    0,    0,    0,    0,    0,    0,    0,    0,    0,    0,    0,    0,    0,    0,    0,    0,    0,
       0,    0,  -14,    0,    0,  -51,  -51,    0,    0,  -23,  -37,    0,   -9,    0,    0,    0,    0,    0,    0,    0,    0,    0,  -28,    0,  -28,  -28,    0,  -19,    0,    0,    0,    0,    0,    0,    0,    0,    0,  -61,    0,    0,    0,    0,    0,    0,    0,    0,    0,    0,    0,    0,    0,  -37,    0,    0,    0,    0,    0,    0,    0,    0,    0,    0,    0,    0,    0,
       0,    0,    0,    0,    0,  -42,  -42,    0,    0,  -23,  -33,    0,   -9,    0,    0,    0,    0,    0,    0,    0,    0,    0,  -33,    0,  -28,  -28,    0,  -23,    0,    0,    0,    0,    0,    0,  -14,    0,    0,  -61,    0,    0,    0,    0,    0,    0,    0,    0,    0,    0,    0,    0,    0,    0,    0,    0,    0,    0,    0,    0,    0,    0,    0,    0,    0,    0,    0,
       0,    0,    0,    0,    0,    0,    0,    0,    0,    0,    0,    0,   -9,    0,   -5,    0,    0,    0,    0,    0,    0,    0,    0,    0,    0,    0,    0,    0,    0,    0,    0,  -14,    0,  -23,    0,    0,    0,    0,    0,    0,    0,    0,    0,    0,    0,    0,    0,    0,    0,    0,    0,    0,    0,    0,    0,    0,    0,    0,    0,    0,    0,    0,    0,    0,    0,
       0,    0,   -5,    0,    0,  -37,  -37,    0,    0,  -19,  -33,    0,  -14,    0,   -9,    0,    0,    0,    0,    0,    0,    0,  -28,    0,  -33,  -33,    0,  -28,    0,    0,    0,    0,    0,    0,   -9,    0,    0,  -42,    0,    0,    0,    0,    0,    0,    0,    0,    0,    0,    0,    0,    0,  -33,    0,    0,    0,    0,    0,    0,    0,    0,    0,    0,    0,    0,    0,
       0,  -19,    0,    0,    0,    0,    0,    0,    0,    0,    0,    0,    0,    0,    0,    0,    0,    0,    0,    0,    0,    0,    0,    0,    0,    0,    0,    0,    0,    0,    0,    0,    0,   -9,    0,    0,    0,    0,    0,    0,    0,    0,    0,    0,    0,    0,    0,    0,    0,    0,    0,    0,    0,    0,    0,    0,    0,    0,  -14,   -9,    0,   -9,    0,    0,    0,
       0,    0,    0,    0,    0,    0,    0,    0,    0,    0,    0,    0,    0,    0,    0,    0,    0,  -28,  -28,    0,  -33,    0,    0,    0,    0,    0,    0,    0,    0,    0,    0,    0,    0,   -9,    0,    0,    0,    0,    0,    0,    0,    0,    0,    0,    0,    0,    0,    0,    0,    0,    0,    0,    0,    0,    0,    0,    0,    0,  -14,    0,    0,   -9,    0,    0,    0,
       0,    0,    0,    0,    0,    0,    0,    0,    0,    0,    0,    0,    0,    0,    0,    0,    0,  -28,  -28,    0,  -28,    0,    0,    0,    0,    0,    0,    0,    0,    0,    0,    0,    0,    0,    0,    0,    0,    0,    0,    0,    0,    0,    0,    0,    0,    0,    0,    0,    0,    0,    0,    0,    0,    0,    0,    0,    0,    0,    0,    0,    0,    0,    0,    0,    0,
       0,   37,    0,   42,   37,    0,    0,    0,    0,    0,    0,    0,    0,    0,    0,    0,    0,    0,    0,    0,    0,    0,    0,    0,    0,    0,    0,    0,    0,    0,    0,    0,    0,    0,    0,    0,    0,    0,   19,   19,    0,    0,    0,    0,    0,    0,    0,    0,    0,    0,    0,    0,    0,    0,    0,    0,    0,    0,    0,    0,    0,    0,    0,    0,    0,
       0,    0,    0,    0,    0,    0,    0,    0,    0,    0,    0,    0,    0,    0,    0,    0,    0,    0,   -9,    0,    0,    0,    0,    0,    0,    0,    0,    0,    0,    0,    0,    0,    0,    0,    0,    0,    0,    0,    0,    0,    0,    0,    0,    0,    0,    0,    0,    0,    0,    0,    0,    0,    0,    0,    0,    0,    0,    0,    0,    0,    0,    0,    0,    0,    0,
       0,    0,    0,    0,    0,    0,    0,    0,    0,    0,    0,    0,    0,    0,    0,    0,    0,    0,    0,    0,    0,    0,    0,    0,   -9,   -9,    0,    0,    0,    0,    0,    0,    0,    0,    0,    0,    0,    0,    0,    0,    0,    0,    0,    0,    0,    0,    0,    0,    0,    0,    0,    0,    0,    0,    0,    0,    0,    0,    0,    0,    0,    0,    0,    0,    0,
       0,    0,    0,    0,   14,  -61,  -61,    0,    0,    0,    0,    0,    0,    0,    0,    0,    0,    0,    0,    0,    0,    0,   -9,    0,    0,    0,    0,    0,    0,    0,    0,    0,    0,    0,    0,    0,    0,    0,    0,    0,    0,    0,    0,    0,    0,    0,    0,    0,    0,    0,    0,    0,    0,    0,    0,    0,    0,    0,    0,    0,    0,    0,    0,    0,    0,
       0,    0,    0,    0,    0,    0,    0,    0,    0,    0,    0,    0,    0,    0,    0,    0,    0,    0,    0,    0,  -28,    0,    0,    0,    0,    0,    0,    0,    0,    0,    0,    0,    0,    0,    0,    0,    0,    0,    0,    0,    0,    0,    0,    0,    0,    0,    0,    0,    0,    0,    0,    0,    0,    0,    0,    0,    0,    0,   -9,    0,    0,    0,    0,    0,    0,
       0,    0,    0,    0,    0,  -23,  -33,    0,    0,    0,  -28,    0,    0,    0,    0,    0,    0,    0,    0,    0,    0,    0,    0,    0,    0,    0,    0,    0,    0,    0,    0,    0,    0,    0,    0,    0,    0,    0,    0,    0,    0,    0,    0,    0,    0,    0,    0,    0,    0,    0,    0,    0,    0,    0,    0,    0,    0,    0,    0,    0,    0,    0,    0,    0,    0,
       0,    0,    0,    0,    0,  -33,  -33,    0,    0,    0,  -14,    0,    0,    0,    0,    0,    0,    0,    0,    0,    0,    0,    0,    0,    0,    0,    0,    0,    0,    0,    0,    0,    0,    0,    0,    0,    0,    0,    0,    0,    0,    0,    0,    0,    0,    0,    0,    0,    0,    0,    0,    0,    0,    0,    0,    0,    0,    0,    0,    0,    0,    0,    0,    0,    0,
       0,    0,    0,    0,    0,  -42,  -42,    0,    0,    0,  -23,    0,    0,    0,    0,    0,    0,    0,    0,    0,    0,    0,    0,    0,    0,    0,    0,    0,    0,    0,    0,    0,    0,    0,    0,    0,    0,    0,    0,    0,    0,    0,    0,    0,    0,    0,    0,    0,    0,    0,    0,    0,    0,    0,    0,    0,    0,    0,    0,    0,    0,    0,    0,    0,    0,
       0,    0,    0,    0,    0,    0,    0,    0,    0,    0,    0,    0,    0,    0,    0,    0,    0,  -14,   -9,    0,  -14,    0,    0,    0,    0,    0,    0,    0,    0,    0,    0,    0,    0,    0,    0,    0,    0,    0,    0,    0,    0,    0,    0,    0,    0,    0,    0,    0,    0,    0,    0,    0,    0,    0,    0,    0,    0,    0,    0,    0,    0,    0,    0,    0,    0,
       0,    0,    0,    0,    0,    0,    0,    0,   -9,    0,    0,    0,    0,    0,    0,   -9,    0,  -23,  -23,    0,  -23,    0,    0,    0,    0,    0,    0,    0,    0,    0,    0,    0,    0,    0,    0,    0,    0,    0,    0,    0,    0,    0,    0,    0,    0,    0,    0,    0,    0,    0,    0,    0,    0,    0,    0,    0,    0,    0,    0,    0,    0,    0,    0,    0,    0,
       0,  -37,    0,    0,  -33,    0,    0,    0,  -28,    0,    0,    0,   -9,    0,    0,  -28,   -9,  -37,  -33,    0,  -33,    0,    0,    0,   -9,   -9,    0,    0,    0,   -9,  -23,  -14,    0,  -23,    0,    0,    0,    0,    0,    0,    0,    0,    0,    0,    0,    0,    0,    0,    0,    0,    0,    0,    0,    0,    0,    0,    0,    0,    0,    0,    0,    0,  -33,    0,    0,
       9,   23,    0,   37,   19,    0,    0,    0,   51,    0,    0,   23,    0,   28,    0,   23,   33,   37,   33,   33,   47,   19,    0,   42,    0,    0,    0,    0,    0,    0,    0,    0,    0,    0,    0,    0,    0,    0,    0,    0,    0,    0,    0,    0,    0,    0,    0,    0,    0,    0,    0,    0,    0,    0,    0,    0,    0,    0,    0,    0,    0,    0,    5,    0,    0,
       0,    0,    0,    0,    0,    0,    0,    0,    0,    0,    0,    0,    0,    0,    0,    0,    0,    0,    0,    0,    0,    0,    0,    0,    0,    0,    0,    0,    0,    0,    0,    0,    0,    0,    0,    0,    0,    0,    0,   28,    0,    0,    0,    0,    0,    0,    0,    0,    0,    0,    0,    0,    0,    0,    0,    0,    0,    0,    0,    0,    0,    0,    0,    0,    0,
       0,    9,    0,   23,    0,    0,    0,    0,    9,    0,    0,    0,    0,    0,    0,    0,    0,    0,    0,    0,    0,    0,    0,   19,    0,    0,    0,    0,    0,    0,    0,    0,    0,    0,    0,    0,    0,    0,    0,    0,    0,    0,    0,    0,    0,    0,    0,    0,    0,    0,    0,    0,    0,    0,    0,    0,    0,    0,    0,    0,    0,    0,    0,    0,    0,
       0,    0,    0,    0,    0,   -9,   -9,   -5,    9,    0,  -19,    0,    0,    0,    0,    9,    0,    9,    9,    0,    9,    0,   -9,    0,   -9,   -9,   -5,   -9,   -5,    0,   -9,   -9,   -9,   -9,    0,    0,    0,    0,    0,    0,    0,    0,    0,    0,    0,    0,    0,    0,    0,    0,    0,    0,    0,    0,    0,    0,    0,    0,    0,    0,    0,    0,    0,    0,    0,
       0,    0,    0,    0,    9,   -9,   -9,    0,    0,    0,    0,    0,    0,    0,    0,    0,    0,    0,    0,    0,    0,    0,    0,    0,    0,    0,    9,    0,   14,    9,   14,   14,    0,   14,    0,    0,    0,    0,    0,    0,    0,    0,    0,    0,    0,    0,    0,    0,    0,    0,    0,    0,    0,    0,    0,    0,    0,    0,    0,    0,    0,    0,    0,    0,    0,
       0,    0,    0,    0,    0,   -9,   -9,   -5,    0,    0,  -28,    0,   -9,    0,    0,    0,    0,    0,    0,    0,    0,    0,  -23,    0,  -23,  -23,  -14,  -28,   -5,  -14,   -9,   -9,    0,   -9,  -14,    0,    0,    0,    0,    0,    0,    0,    0,    0,    0,    0,    0,    0,    0,    0,    0,    0,    0,    0,    0,    0,    0,    0,    0,    0,    0,    0,    0,    0,    0,
       0,    0,    0,    0,    9,   -5,   -5,    0,    0,    0,    0,    0,    0,    0,    0,    0,    0,    0,    0,    0,    0,    0,    0,    0,    0,    0,    9,    0,   14,    0,   14,    0,    0,    0,    0,    0,    0,    0,    0,    0,    0,    0,    0,    0,    0,    0,    0,    0,    0,    0,    0,    0,    0,    0,    0,    0,    0,    0,    0,    0,    0,    0,    0,    0,    0,
       0,  -19,    0,    0,    0,    0,    0,    0,   -5,    0,    0,    0,    0,    0,    0,   -5,    0,    0,    0,    0,    0,    0,    0,    0,    0,    0,    0,    0,    0,    0,    0,    0,    0,    0,    0,    0,    0,    0,    0,    0,    0,    0,  -19,    0,    0,   -5,  -19,  -14,    0,    0,    0,    0,    0,    0,    0,    0,  -14,    0,    0,    0,    0,    0,  -23,    0,    0,
       0,    0,    0,    0,    0,    0,    0,    0,    0,    0,    0,    0,    0,    0,    0,    0,    0,    0,    0,    0,    0,    0,    0,    0,    0,    0,    0,    0,    0,    0,    0,    0,    0,    0,    0,    0,    0,    0,    0,    0,    0,    0,    0,    0,    0,    0,    0,    0,    0,    0,    0,    0,    0,    0,    0,    0,  -14,    0,    0,    0,    0,    0,    0,    0,    0,
       0,    0,    0,    0,    0,    0,    0,    0,    0,    0,    0,    0,    0,    0,    0,    0,    0,    0,    0,    0,    0,    0,    0,    0,    0,    0,    0,    0,    0,    0,    0,    0,    0,    0,    0,    0,    0,    0,    0,    0,    0,    0,    0,    0,    0,    0,    0,    0,  -26,  -14,    0,    0,    0,    0,    0,    0,    0,    0,    0,    0,    0,    0,    0,    0,    0,
       0,    0,    0,    0,    0,    0,    0,    0,    0,    0,    0,    0,    0,    0,    0,    0,    0,    0,    0,    0,    0,    0,    0,    0,    0,    0,    0,    0,    0,    0,    0,    0,    0,    0,    0,    0,    0,    0,    0,    0,   -9,   -5,    0,    0,    0,    0,    0,    0,    0,    0,    0,    0,    0,    0,    0,    0,  -14,    0,  -14,   -5,    0,    0,    0,    0,    0,
       0,    0,    0,    0,    0,    0,    0,    0,    0,    0,    0,    0,    0,    0,    0,    0,    0,    0,    0,    0,    0,    0,    0,    0,    0,    0,    0,    0,    0,    0,    0,    0,    0,    0,    0,    0,    0,    0,    0,    0,    0,    0,    0,    0,    0,    0,    0,    0,    0,    0,    0,    0,    0,    0,    0,    0,  -14,    0,  -14,   -5,    0,    0,    0,    0,    0,
       0,    0,    0,    0,    0,    0,    0,    0,    0,    0,    0,    0,    0,    0,    0,    0,    0,    0,    0,    0,    0,    0,    0,    0,    0,    0,    0,    0,    0,    0,    0,    0,    0,    0,    0,    0,    0,    0,    0,    0,    0,    0,  -14,    0,    0,    0,    0,    0,    0,    0,    0,    0,    0,    0,    0,    0,  -14,    0,  -14,   -5,    0,    0,    0,    0,    0,
       0,    0,    0,    0,    0,    0,    0,    0,    0,    0,    0,    0,    0,    0,    0,    0,    0,    0,    0,    0,    0,    0,    0,    0,    0,    0,    0,    0,    0,    0,    0,    0,    0,    0,    0,    0,    0,    0,    0,    0,    0,    0,   -5,    0,    0,    0,    0,    0,    0,    0,    0,    0,    0,    0,    0,    0,    0,    0,    0,    0,    0,    0,   -5,    0,    0,
       0,    0,    0,    0,    0,   -9,   -9,    0,    0,    0,    0,    0,    0,    0,    0,    0,    0,    0,    0,    0,    0,    0,    0,    0,    0,    0,    0,    0,    0,    0,    0,    0,    0,    0,    0,    0,    0,  -23,    0,    0,    0,    0,    0,    0,    0,    0,    0,    0,    0,    0,    0,   -9,   -9,    0,    0,    0,   -9,    0,   -9,    0,    0,    0,    0,    0,    0,
       0,  -14,    0,    0,  -23,    0,    0,    0,    0,    0,    0,    0,    0,    0,    0,    0,    0,    0,    0,    0,    0,    0,    0,    0,    0,    0,    0,    0,    0,    0,    0,    0,    0,    0,    0,    0,    0,    0,    0,    0,    0,    0,    0,    0,    0,    0,    0,    0,    0,    0,    0,    0,    0,    0,    0,    0,  -14,    0,  -14,   -9,    0,    0,  -14,    0,    0,
       0,    0,    0,    0,    0,    0,    0,    0,    0,    0,    0,    0,    0,    0,    0,    0,    0,    0,    0,    0,    0,    0,    0,    0,    0,    0,    0,    0,    0,    0,    0,    0,    0,    0,    0,    0,    0,    0,    0,    0,    0,    0,    0,    0,    0,    0,    0,    0,    0,    0,    0,    0,    0,    0,    0,    0,    0,    0,  -14,    0,    0,    0,    0,    0,    0,
       0,  -37,    0,    0,  -33,    0,    0,    0,  -28,    0,    0,    0,   -9,    0,    0,  -28,    0,  -37,    0,    0,  -33,    0,    0,    0,   -9,   -9,    0,    0,    0,   -9,    0,  -14,    0,  -23,    0,    0,    0,    0,    0,    0,    0,    0,    0,    0,    0,    0,    0,    0,    0,    0,   -9,    0,    0,    0,    0,    0,  -28,  -19,  -42,  -19,    0,    0,  -33,    0,    0,
       0,    0,    0,    0,    0,    0,    0,    0,    0,    0,    0,    0,   -9,    0,    0,    0,    0,    0,    0,    0,    0,    0,    0,    0,   -9,   -9,    0,    0,    0,   -9,    0,  -14,    0,  -14,    0,    0,    0,    0,    0,    0,    0,    0,    0,    0,   -9,    0,    0,    0,    0,    0,   -9,    0,    0,   -9,   -9,    0,    0,  -14,   -9,   -9,    0,   -9,    0,    0,    0,
       0,    0,    0,    0,    0,   -9,   -9,    0,    0,    0,    0,    0,    0,    0,    0,    0,    0,    0,    0,    0,    0,    0,    0,    0,    0,    0,    0,    0,    0,    0,    0,   -5,    0,   -9,    0,    0,    0,  -14,    0,    0,    0,    0,    0,    0,    0,    0,    0,    0,    0,    0,    0,   -9,   -9,    0,    0,    0,    0,   -9,  -19,    0,    0,    0,    0,    0,    0,
       0,    0,    0,    0,    0,  -47,  -47,    0,    0,    0,    0,    0,   -9,    0,    0,    0,    0,    0,    0,    0,    0,    0,  -28,    0,  -28,  -28,    0,  -19,    0,    0,    0,    0,    0,    0,    0,    0,    0,  -61,    0,    0,    0,    0,    0,    0,    0,    0,    0,    0,    0,    0,   -9,  -47,    0,   -9,  -19,  -14,    0,    0,    0,    0,  -19,    0,    0,    0,    0,
       0,    0,    0,    0,    0,  -42,  -42,    0,    0,    0,    0,    0,    0,    0,    0,    0,    0,    0,    0,    0,    0,    0,    0,    0,    0,    0,    0,    0,    0,    0,    0,    0,    0,    0,    0,    0,    0,    0,    0,    0,    0,    0,    0,    0,    0,    0,    0,    0,    0,    0,    0,    0,    0,    0,    0,    0,    0,    0,    0,    0,    0,    0,    0,    0,    0,
       0,    0,    0,    0,    0,  -56,  -56,    0,    0,    0,    0,    0,    0,    0,    0,    0,    0,    0,    0,    0,    0,    0,    0,    0,    0,    0,    0,    0,    0,    0,    0,    0,    0,    0,    0,    0,    0,  -37,    0,    0,    0,    0,    0,    0,    0,    0,    0,    0,    0,    0,    0,  -23,    0,    0,    0,    0,    0,    0,    0,    0,    0,    0,    0,    0,    0,
       0,    0,    0,    0,    0,  -42,  -42,    0,    0,    0,    0,    0,   -9,    0,    0,    0,    0,    0,    0,    0,    0,    0,  -14,    0,  -14,  -14,    0,   -5,    0,    0,    0,    0,    0,    0,    0,    0,    0,  -37,    0,    0,    0,    0,    0,   -9,    0,    0,    0,    0,    0,    0,   -9,  -28,    0,    0,  -14,  -14,    0,    0,    0,    0,  -14,    0,    0,    0,    0,
       0,    0,    0,    0,   14,  -33,  -33,    0,    0,    0,    0,    0,    0,    0,    0,    0,    0,    0,    0,    0,    0,    0,    0,    0,    0,    0,    0,    0,    0,    0,    0,    0,    0,    0,    0,    0,    0,    0,    0,    0,    0,    0,    0,    0,    0,    0,    0,    0,    0,    0,    0,  -14,    0,    0,    0,    0,    0,    0,    0,    0,    0,    0,    0,    0,    0,
       0,  -28,    0,    0,  -33,    0,    0,    0,  -33,    0,    0,    0,    0,    0,    0,  -33,    0,    0,    0,    0,    0,    0,    0,    0,    0,    0,    0,    0,    0,    0,    0,    0,    0,    0,    0,    0,    0,    0,    0,    0,    0,    0,    0,    0,    0,    0,    0,    0,    0,    0,    0,    0,    0,    0,    0,    0,  -33,    0,  -33,    0,    0,  -14,    0,    0,    0,
       0,    0,    0,    0,    0,    0,    0,    0,    0,    0,    0,    0,    0,    0,    0,    0,    0,    0,    0,    0,    0,    0,    0,    0,   -9,   -9,    0,    0,    0,    0,    0,    0,    0,    0,    0,    0,    0,    0,    0,    0,    0,    0,    0,    0,    0,    0,    0,    0,    0,    0,    0,    0,    0,    0,   -9,    0,    0,    0,    0,    0,   -9,    0,    0,    0,    0,
       0,    0,    0,    9,    0,    0,    0,    0,    0,    0,    0,    0,    0,    0,    0,    0,    0,    0,    0,    0,    0,    0,    0,    0,    0,    0,    0,    0,    0,    0,    0,    0,    0,    0,    0,    0,    0,    0,    0,    0,    0,    0,    0,    0,    0,    0,    0,    0,    0,    0,    0,    0,    0,    0,    0,    0,    0,    0,    0,    0,    0,    0,    0,    0,    0,
       0,    0,    0,    0,    0,    0,    0,    0,    0,    0,    0,    0,   -9,    0,    0,    0,    0,    0,    0,    0,    0,    0,    0,    0,   -9,   -9,    0,    0,    0,   -9,    0,  -14,    0,  -23,    0,    0,    0,    0,    0,    0,    0,    0,    0,    0,    0,    0,    0,    0,    0,    0,   -9,    0,    0,   -9,    0,    0,    0,  -19,   -9,    0,    0,  -14,    0,    0,    0,
       0,    0,    0,    0,    0,    0,    0,    0,    0,    0,    0,    0,    0,    0,    0,    0,    0,    0,    0,    0,    0,    0,    0,    0,    0,    0,    0,    0,    0,    0,    0,    0,    0,    0,    0,    0,    0,    0,    0,    0,    0,    0,    0,    0,    0,    0,    0,    0,    0,    0,    0,    0,    0,    0,    0,    0,    0,   -9,    0,    0,    0,    0,    0,    0,    0,
       0,    0,    0,    0,    0,    0,    0,    0,    0,    0,  -33,    0,    0,    0,    0,    0,    0,    0,    0,    0,    0,    0,    0,    0,    0,    0,    0,    0,    0,    0,    0,    0,    0,    0,    0,    0,    0,  -65,    0,    0,    0,    0,    0,    0,    0,    0,    0,    0,    0,    0,    0,  -33,    0,    0,    0,    0,    0,    0,    0,    0,    0,    0,    0,    0,    0,
       0,    0,    0,    0,    0,    0,    0,    0,    0,    0,  -47,    0,   -9,    0,    0,    0,    0,    0,    0,    0,    0,    0,  -14,    0,  -19,  -19,    0,  -23,    0,    0,    0,    0,    0,    0,    0,    0,    0,    0,    0,    5,    0,    0,    0,    0,    0,    0,    0,    0,    0,    0,    0,    0,    0,    0,    0,    0,    0,    0,    0,    0,    0,    0,    0,    0,    0,
       0,    0,    0,    0,    0,    0,    0,    0,    0,    0,    0,    0,    0,    0,    0,    0,    0,    0,    0,    0,    0,    0,    0,    0,    0,    0,    0,    0,    0,    0,    0,    0,    0,    0,    0,    0,    0,    0,    0,    0,    0,    0,    0,    0,    0,    0,    0,    0,    0,    0,    0,    0,    0,    0,    0,    0,    0,    0,    0,    0,    0,    0,    0,   23,    0,
       0,    0,    0,    0,    0,    0,    0,    0,    0,    0,    0,    0,    0,    0,    0,    0,    0,    0,    0,    0,    0,    0,    0,    0,    0,    0,    0,    0,    0,    0,    0,    0,    0,    0,    0,    0,    0,    0,    0,    0,    0,    0,    0,    0,    0,    0,    0,    0,    0,    0,    0,    0,    0,    0,    0,    0,    0,    0,    0,    0,    0,    0,    0,    0,   23,
};

static const EpdLigaturePair notoserif_14_regularLigaturePairs[] = {
    { 0x00660066, 0xFB00 }, // f f -> U+FB00
    { 0x00660069, 0xFB01 }, // f i -> U+FB01
    { 0x0066006C, 0xFB02 }, // f l -> U+FB02
    { 0xFB000069, 0xFB03 }, // U+FB00 i -> U+FB03
    { 0xFB00006C, 0xFB04 }, // U+FB00 l -> U+FB04
};

static const EpdFontData notoserif_14_regular = {
    notoserif_14_regularBitmaps,
    notoserif_14_regularGlyphs,
    notoserif_14_regularIntervals,
    18,
    40,
    32,
    -9,
    true,
    nullptr,
    0,
    nullptr,
    notoserif_14_regularKernLeftClasses,
    notoserif_14_regularKernRightClasses,
    notoserif_14_regularKernMatrix,
    381,
    448,
    70,
    65,
    notoserif_14_regularLigaturePairs,
    5,
    nullptr,
    nullptr,
    nullptr,
    1,
};
