/**
 * generated by fontconvert.py
 * name: notosans_16_bolditalic
 * size: 16
 * mode: 2-bit  compressed: true
 * Command used: fontconvert.py notosans_16_bolditalic 16 ../builtinFonts/source/NotoSans/NotoSans-BoldItalic.ttf --2bit --compress --pnum
 */
#pragma once
#include "EpdFontData.h"

static const uint8_t notosans_16_bolditalicBitmaps[25834] = {
    0x00, 0x26, 0xD1, 0x8B, 0xB2, 0x11, 0x94, 0x65, 0x89, 0x83, 0x9F, 0x6A, 0x66, 0xB0, 0xE7, 0xE9,
    0xFE, 0xF0, 0x00, 0x06, 0xCD, 0xEC, 0xBE, 0x95, 0xED, 0x83, 0x1E, 0x9B, 0xB8, 0x91, 0x40, 0x00,
    0x41, 0x32, 0xF4, 0x85, 0xA4, 0xA4, 0x27, 0x35, 0xB2, 0xB5, 0xD3, 0x26, 0x28, 0xC8, 0x52, 0xF2,
    0x51, 0xCB, 0x24, 0xB1, 0x17, 0xF9, 0xEF, 0x8B, 0xB9, 0xED, 0xCF, 0x53, 0x48, 0x33, 0x47, 0x44,
    0x29, 0xE2, 0x68, 0x82, 0x21, 0xD0, 0xD2, 0xBD, 0x23, 0x3C, 0xE0, 0x00, 0x64, 0xED, 0x6F, 0xA0,
    0xAF, 0xC7, 0x16, 0xA1, 0x42, 0x20, 0x80, 0xD6, 0xBB, 0x85, 0x3F, 0xC1, 0xE7, 0x11, 0xF2, 0x31,
    0x5C, 0x52, 0x13, 0x23, 0xD6, 0xEB, 0x29, 0x9D, 0x6C, 0xB1, 0xCE, 0x27, 0x50, 0x21, 0xE6, 0x26,
    0x6E, 0xBF, 0x89, 0xF6, 0x07, 0x00, 0xA5, 0xC5, 0x72, 0xE8, 0xC3, 0xE3, 0xB9, 0x06, 0x23, 0xE2,
    0x0E, 0xA2, 0x11, 0xFA, 0xA0, 0xF8, 0x10, 0xF1, 0x8A, 0x69, 0x66, 0x20, 0x65, 0x12, 0x7B, 0xB2,
    0x9E, 0x31, 0xA9, 0x45, 0x1C, 0xD8, 0xB7, 0xD1, 0x63, 0x13, 0x75, 0x41, 0x9C, 0x87, 0xAD, 0x6A,
    0xAF, 0xB3, 0x5E, 0x8A, 0xC6, 0x04, 0x98, 0x7C, 0x9E, 0x3A, 0x27, 0x80, 0x00, 0xA4, 0xE6, 0x9A,
    0xE5, 0xA3, 0x29, 0xA8, 0x4F, 0xDA, 0x8E, 0x5E, 0x47, 0x8D, 0xD6, 0x63, 0x00, 0x1B, 0x07, 0x71,
    0xB9, 0x01, 0x89, 0x00, 0x03, 0x72, 0x36, 0xF3, 0x21, 0x0C, 0x91, 0x77, 0xF1, 0xB7, 0x94, 0x0F,
    0x20, 0x1A, 0x4A, 0xD4, 0x94, 0xF8, 0x3F, 0x3E, 0xC8, 0x00, 0x05, 0x9D, 0x7A, 0xF4, 0xC5, 0xF8,
    0x00, 0x40, 0x28, 0x6E, 0x46, 0x64, 0x20, 0x54, 0x71, 0xA4, 0x46, 0xFD, 0xF9, 0xAD, 0x79, 0x39,
    0xBE, 0x7C, 0x47, 0x20, 0x00, 0x85, 0x64, 0x4C, 0x13, 0xF3, 0x13, 0x5B, 0x57, 0xF6, 0xBB, 0xD1,
    0xA6, 0x81, 0x27, 0xA7, 0xC3, 0xDF, 0x62, 0xC0, 0x00, 0x41, 0xC8, 0x44, 0x57, 0x15, 0x39, 0x27,
    0xBC, 0xA6, 0xE6, 0xF7, 0xAF, 0xD7, 0xCF, 0x72, 0xC4, 0xAE, 0x99, 0x0C, 0x36, 0x20, 0xC9, 0xA5,
    0x68, 0xC3, 0x6B, 0x9A, 0xEE, 0x8A, 0xF9, 0x70, 0x00, 0x34, 0x46, 0x1A, 0xBF, 0x0E, 0x92, 0x88,
    0x57, 0xB2, 0x5C, 0x29, 0x6E, 0x59, 0x87, 0xB2, 0x80, 0x00, 0x10, 0x54, 0xD2, 0x07, 0x27, 0xB0,
    0xB6, 0x00, 0x05, 0x21, 0xE8, 0xD7, 0x3B, 0x80, 0x00, 0x3F, 0x0F, 0x14, 0x50, 0x20, 0x54, 0x00,
    0x66, 0xA9, 0xC8, 0xC8, 0xFD, 0x5D, 0xEA, 0xD3, 0x51, 0x33, 0x91, 0xC2, 0x19, 0xFA, 0x23, 0xD6,
    0xE6, 0x80, 0x00, 0x8F, 0x52, 0x29, 0xCC, 0xF3, 0x02, 0x82, 0x9B, 0x16, 0xBF, 0x4D, 0xD0, 0x16,
    0xBB, 0xDB, 0x38, 0x2A, 0xC0, 0x95, 0x55, 0x1F, 0x72, 0x7C, 0x32, 0x56, 0x00, 0x70, 0xF6, 0x26,
    0xC0, 0x00, 0x49, 0x34, 0x0E, 0x39, 0x32, 0x7F, 0x2A, 0x38, 0x5A, 0xCB, 0xC1, 0x4A, 0x26, 0xF1,
    0xAE, 0x92, 0x3C, 0x8D, 0x11, 0xFC, 0xE0, 0x00, 0x9A, 0x44, 0xE3, 0x20, 0xEE, 0xC7, 0x2F, 0x90,
    0xB7, 0x72, 0xA3, 0xBD, 0xC9, 0xE3, 0x84, 0x6E, 0x56, 0x2D, 0xF6, 0x0F, 0x1B, 0x30, 0xB1, 0x9A,
    0xE5, 0xB7, 0x84, 0x60, 0x00, 0x89, 0x42, 0x12, 0x0A, 0xD0, 0x5D, 0x2C, 0x73, 0x69, 0xA2, 0x00,
    0x7F, 0xD6, 0x16, 0x1C, 0x3B, 0xF2, 0x41, 0x33, 0x5F, 0x40, 0x3C, 0x3C, 0x01, 0x34, 0xDC, 0x09,
    0x9F, 0x2C, 0x1C, 0x56, 0xBD, 0x06, 0x31, 0x60, 0x00, 0x66, 0x62, 0x75, 0x79, 0x81, 0x74, 0x6B,
    0xA3, 0xAA, 0xD2, 0x25, 0x46, 0x94, 0x7A, 0x27, 0x67, 0xC2, 0xB5, 0x98, 0x32, 0xE9, 0xD4, 0x05,
    0xD2, 0x2E, 0x70, 0x0C, 0x48, 0x00, 0x23, 0xD2, 0x8F, 0xC9, 0x67, 0xE9, 0xF6, 0x42, 0xFA, 0x3A,
    0xCD, 0x21, 0x29, 0xB5, 0x44, 0x55, 0xFA, 0x52, 0xC1, 0xF7, 0x8B, 0xFA, 0xB0, 0x5B, 0xDF, 0xD5,
    0x15, 0xAA, 0x80, 0x00, 0x99, 0xE7, 0xC3, 0x9A, 0x4B, 0x70, 0xA1, 0xE4, 0x96, 0x00, 0xAA, 0xCF,
    0xB4, 0x0E, 0xFD, 0x7F, 0xA4, 0xC0, 0xBA, 0x85, 0x55, 0xD3, 0x03, 0x53, 0x95, 0x3C, 0x4F, 0xC7,
    0xDA, 0xBC, 0x83, 0x5C, 0x00, 0x0E, 0xC2, 0xA0, 0x9D, 0xA7, 0x56, 0xD6, 0xBC, 0x6E, 0x87, 0x50,
    0x94, 0x5A, 0x8D, 0xAB, 0xC7, 0x5D, 0x04, 0x3A, 0x9E, 0xAA, 0x8E, 0x00, 0x8F, 0x4A, 0x90, 0x7C,
    0x55, 0x76, 0x45, 0x01, 0x24, 0xC0, 0x48, 0x29, 0xB3, 0x93, 0x3E, 0xCB, 0xFB, 0x93, 0x86, 0x7E,
    0x9F, 0x40, 0x7D, 0x4C, 0xEB, 0xC5, 0xD4, 0x24, 0x3B, 0xBB, 0xBC, 0x20, 0x9F, 0x57, 0xDF, 0x30,
    0x01, 0x64, 0x00, 0x89, 0x95, 0x04, 0x75, 0xEC, 0x2D, 0x98, 0x95, 0x42, 0x4F, 0xB4, 0x72, 0x53,
    0xF3, 0x93, 0xF7, 0x93, 0x5D, 0x80, 0xB8, 0x70, 0x5F, 0x79, 0x56, 0xFA, 0x33, 0x71, 0x07, 0x87,
    0x16, 0x07, 0x00, 0x2B, 0x4C, 0xE6, 0xB8, 0x27, 0x26, 0x31, 0xAC, 0xF8, 0x7F, 0x7F, 0x28, 0x00,
    0x3F, 0x46, 0x48, 0xF3, 0x45, 0xD7, 0x66, 0x37, 0xF5, 0x0D, 0x7C, 0xA6, 0xB0, 0x00, 0x6D, 0x3B,
    0x2C, 0x40, 0x92, 0x8F, 0xEC, 0xEB, 0x5B, 0x25, 0xD3, 0x07, 0x00, 0x78, 0xE5, 0x06, 0x59, 0x8D,
    0x8A, 0xBC, 0x0D, 0x8F, 0xA0, 0xB4, 0xC7, 0xDE, 0xE0, 0x80, 0x00, 0x05, 0x05, 0xAF, 0x5A, 0x15,
    0xCC, 0xC0, 0x8C, 0x31, 0x88, 0xCC, 0xC0, 0x60, 0x00, 0x09, 0xDC, 0x50, 0x4F, 0x92, 0x6A, 0x5E,
    0x96, 0xC8, 0x08, 0xEC, 0xC1, 0x45, 0xBD, 0xD0, 0x78, 0xE2, 0x93, 0x07, 0xE0, 0xA0, 0xC2, 0x87,
    0x81, 0xD0, 0x29, 0xA4, 0x30, 0x60, 0x7C, 0x00, 0x72, 0x44, 0x87, 0x30, 0x90, 0x07, 0xA4, 0x13,
    0x1E, 0x5B, 0xDE, 0xAD, 0x97, 0xAC, 0x6B, 0xBA, 0x1A, 0x7B, 0x4A, 0x10, 0xD5, 0xBF, 0x39, 0xF6,
    0x00, 0x54, 0xA9, 0x27, 0x3D, 0xC5, 0x65, 0x47, 0x16, 0xB4, 0x3C, 0xA3, 0x07, 0xF7, 0x31, 0xAF,
    0xE7, 0xAA, 0xAE, 0xB5, 0x8B, 0xFC, 0x97, 0x62, 0xCE, 0x79, 0x2D, 0x20, 0xF7, 0x35, 0x5F, 0xCB,
    0x05, 0xAE, 0x4A, 0x13, 0x74, 0x2F, 0xE8, 0x8C, 0x48, 0xF6, 0x11, 0xD6, 0x62, 0x97, 0xE4, 0x27,
    0x97, 0x71, 0x21, 0xB7, 0x8F, 0x8E, 0xCC, 0x7B, 0xC2, 0xB3, 0xF7, 0xB7, 0x09, 0x78, 0x43, 0x70,
    0x02, 0x0C, 0x00, 0x59, 0x68, 0x47, 0x4D, 0xBA, 0x63, 0x8C, 0xAA, 0x00, 0x96, 0x17, 0xC8, 0x3F,
    0x5D, 0x8A, 0x89, 0x2A, 0xC1, 0xFB, 0x2A, 0x50, 0x81, 0x7E, 0x69, 0x1D, 0xAA, 0x43, 0xC4, 0x61,
    0x60, 0xBC, 0x00, 0x1D, 0x02, 0x60, 0xFE, 0x2B, 0xA1, 0x19, 0x51, 0xF8, 0xE9, 0x1A, 0xBB, 0x0D,
    0x74, 0x1A, 0x87, 0xD6, 0x0A, 0x81, 0x10, 0x37, 0x79, 0x3A, 0xCA, 0xB5, 0xB7, 0x5E, 0x78, 0xB0,
    0x1B, 0xD4, 0xE0, 0xA2, 0x60, 0x00, 0x9F, 0x4E, 0xB3, 0x7E, 0xE3, 0xD8, 0xFB, 0xD1, 0x16, 0xBC,
    0xA9, 0x8A, 0x8F, 0x1B, 0x3B, 0xFF, 0x82, 0x38, 0xB2, 0xF5, 0x1E, 0x4F, 0x88, 0xF0, 0xDA, 0xEF,
    0x3B, 0x00, 0x1D, 0x89, 0x60, 0xDB, 0x65, 0x06, 0x23, 0xCA, 0x0C, 0x76, 0xD6, 0xEF, 0xBB, 0xEC,
    0xD3, 0x7F, 0x26, 0x7C, 0xDB, 0x0C, 0x6B, 0x83, 0xAD, 0x33, 0x04, 0x13, 0x38, 0x54, 0x53, 0x49,
    0xB8, 0xE0, 0x00, 0x23, 0xBF, 0xD8, 0xB9, 0xB4, 0x92, 0x25, 0xC4, 0x37, 0xBD, 0xE5, 0xDE, 0xF4,
    0x58, 0xDB, 0x89, 0x64, 0xB4, 0xF8, 0x11, 0xA5, 0xCF, 0xF8, 0xC0, 0x87, 0x27, 0x00, 0x52, 0xEC,
    0x91, 0x9E, 0x26, 0x50, 0xF5, 0x8B, 0x12, 0x60, 0xBA, 0x68, 0x7D, 0xA3, 0x00, 0xA4, 0x1A, 0xA2,
    0x1C, 0x95, 0xEA, 0xA6, 0x39, 0xC8, 0x9A, 0x57, 0x86, 0x71, 0xF4, 0xC8, 0x35, 0x0F, 0x32, 0x1D,
    0xEF, 0x32, 0x55, 0x9C, 0xF0, 0xC4, 0x20, 0xF7, 0x46, 0xB6, 0x6C, 0xC4, 0x89, 0xE3, 0x1F, 0x0E,
    0x51, 0x00, 0x20, 0x82, 0xB9, 0x8E, 0xD8, 0x74, 0xDC, 0x24, 0xEA, 0x93, 0xED, 0xE2, 0xDD, 0x23,
    0xFF, 0xFF, 0xFE, 0xCA, 0x30, 0x5E, 0xCA, 0xAA, 0x2E, 0x3E, 0x5E, 0x87, 0x36, 0x37, 0xE0, 0xCD,
    0x54, 0xA4, 0x00, 0x1F, 0x65, 0x4E, 0x4A, 0x72, 0xBA, 0x3D, 0x61, 0x40, 0x10, 0x5D, 0x4C, 0x86,
    0x9A, 0x2B, 0xC1, 0x57, 0x02, 0xEE, 0x60, 0x00, 0x5F, 0x34, 0xCE, 0x37, 0x58, 0x37, 0xB4, 0x7F,
    0xC0, 0x90, 0xE4, 0xA4, 0x02, 0x94, 0x4F, 0x89, 0xD5, 0x5F, 0x08, 0xF5, 0x54, 0xA2, 0x00, 0x20,
    0x76, 0xF1, 0xE7, 0x2B, 0x2A, 0x61, 0xCF, 0x53, 0x9F, 0xAC, 0xAA, 0xFA, 0x76, 0x29, 0xD5, 0x11,
    0x24, 0x8E, 0xF1, 0x0A, 0xFF, 0xF5, 0xCE, 0x69, 0xA2, 0x2A, 0x28, 0x09, 0x9B, 0x20, 0x82, 0x96,
    0x24, 0xD0, 0x00, 0x2E, 0x5E, 0x12, 0x5F, 0x53, 0x12, 0xE3, 0x02, 0x6A, 0x95, 0x9D, 0xB1, 0x5E,
    0x26, 0xB3, 0x17, 0x4D, 0x80, 0x00, 0x1D, 0x82, 0x31, 0x2D, 0xA2, 0xE0, 0xFE, 0x44, 0x2E, 0xFF,
    0x18, 0xD3, 0xA2, 0x36, 0xEA, 0xF1, 0x1F, 0x01, 0x72, 0xE7, 0x24, 0x8D, 0x1A, 0x98, 0xD0, 0x5C,
    0xA4, 0xF4, 0xB7, 0xC1, 0xD3, 0xF8, 0x52, 0xD4, 0xEB, 0x13, 0xFB, 0xCD, 0xF2, 0xE2, 0xAD, 0xAC,
    0xB4, 0x11, 0x62, 0xD3, 0x6C, 0x55, 0xBE, 0x67, 0x8B, 0x00, 0x1D, 0xCA, 0x49, 0x39, 0x28, 0xA8,
    0xED, 0x17, 0x42, 0xC9, 0x5B, 0xFC, 0xDE, 0x9C, 0x7C, 0x48, 0x4A, 0x7D, 0x6B, 0x04, 0x1D, 0x1A,
    0x8C, 0x47, 0x61, 0xC6, 0xF0, 0x48, 0x1E, 0x24, 0x26, 0xDD, 0x0A, 0xDD, 0xD0, 0x58, 0xB7, 0x0D,
    0x61, 0xBE, 0x40, 0x00, 0xA8, 0xFA, 0x5F, 0xC5, 0x3B, 0x06, 0xB7, 0xD6, 0xE8, 0xEE, 0x26, 0xFC,
    0x68, 0x8F, 0x6B, 0xD7, 0xA2, 0xB5, 0x3E, 0x35, 0xF0, 0x2F, 0xC2, 0xFA, 0xD1, 0x7A, 0xD4, 0x2E,
    0x2C, 0xB4, 0xBC, 0xA0, 0x00, 0x1D, 0x55, 0x79, 0x9E, 0x42, 0x12, 0xE4, 0xF1, 0x64, 0xBB, 0x2B,
    0x24, 0xFB, 0x9F, 0x9F, 0x9C, 0x1D, 0x52, 0x74, 0x36, 0x52, 0xAC, 0xCD, 0x28, 0x3E, 0x5E, 0x60,
    0x87, 0x31, 0x00, 0xA4, 0x5D, 0x20, 0x20, 0xAA, 0x3F, 0xD3, 0x93, 0x22, 0xEE, 0x9D, 0xAB, 0x05,
    0x6F, 0x5F, 0x13, 0x25, 0xFF, 0x93, 0xD6, 0xD6, 0x20, 0x87, 0x28, 0x00, 0x62, 0xF2, 0x87, 0xEF,
    0x6A, 0x52, 0xC5, 0xC4, 0xAC, 0xA3, 0x8E, 0xB0, 0x36, 0x2A, 0xE9, 0x2D, 0x4F, 0x60, 0xF5, 0x36,
    0x7A, 0x8D, 0x47, 0x17, 0x23, 0x99, 0xC0, 0x69, 0x80, 0x00, 0x94, 0xD4, 0x3C, 0x9E, 0xF3, 0x9B,
    0x83, 0x33, 0x4F, 0x5A, 0xD2, 0x69, 0xE7, 0xF9, 0xE3, 0x86, 0xD9, 0x00, 0x5B, 0x18, 0xE0, 0x49,
    0xF6, 0x37, 0xB8, 0x0E, 0x1D, 0xDF, 0x1E, 0x00, 0x05, 0x09, 0x03, 0x8D, 0x86, 0x53, 0x79, 0x0B,
    0x6B, 0xB2, 0xF9, 0xC7, 0x2A, 0xD1, 0x79, 0x74, 0x12, 0x47, 0xC0, 0x00, 0x10, 0x1F, 0x42, 0x1D,
    0x8E, 0x19, 0x43, 0xCE, 0xF6, 0x97, 0xD8, 0xE8, 0xB3, 0xF3, 0xC6, 0xBB, 0x28, 0x8F, 0x29, 0xDD,
    0x26, 0x4D, 0x2F, 0xA6, 0xF9, 0xC0, 0xC0, 0x4A, 0x9E, 0xFF, 0x66, 0x00, 0x02, 0x73, 0x44, 0x52,
    0x01, 0x16, 0xCB, 0xF5, 0x91, 0x94, 0xA6, 0x1D, 0xD2, 0x07, 0xD8, 0x93, 0x05, 0x22, 0x5A, 0x1B,
    0x8F, 0x60, 0x1A, 0xBB, 0x37, 0xBB, 0x96, 0xF9, 0x7E, 0x00, 0x02, 0x93, 0x9B, 0xD0, 0xCE, 0xE2,
    0xD8, 0x41, 0x46, 0x96, 0xA7, 0x03, 0x78, 0x71, 0x31, 0x7F, 0x8C, 0x88, 0x48, 0x86, 0xC2, 0x4F,
    0x28, 0x8D, 0xE3, 0xBE, 0x62, 0xBD, 0xB2, 0x04, 0xFF, 0xD9, 0x02, 0xC0, 0x4E, 0xEC, 0x2A, 0xD6,
    0x96, 0x4B, 0xBE, 0xD0, 0x8C, 0x09, 0xBA, 0xDD, 0x36, 0x40, 0x00, 0x1E, 0x2B, 0xBC, 0xBE, 0xEB,
    0xA9, 0x50, 0x8B, 0x6F, 0x08, 0x1F, 0x50, 0xEE, 0x80, 0x67, 0x4D, 0x33, 0x8C, 0xA0, 0xAA, 0xDC,
    0xCD, 0xA5, 0x78, 0x2B, 0xCC, 0x19, 0x25, 0x01, 0x05, 0xAD, 0x2B, 0x4A, 0x5C, 0xF8, 0x00, 0x02,
    0x6C, 0x19, 0x77, 0x52, 0xC8, 0x31, 0xF9, 0x58, 0x71, 0xBE, 0xA9, 0xAA, 0x0F, 0xDF, 0x5B, 0x6B,
    0x21, 0x0A, 0xB3, 0x8F, 0x7D, 0xFD, 0xED, 0x00, 0x18, 0x1A, 0x79, 0xFB, 0x61, 0x75, 0x53, 0x7D,
    0x55, 0xC3, 0x2B, 0x53, 0xC1, 0x50, 0x73, 0xCA, 0x00, 0x64, 0x94, 0x68, 0x34, 0x90, 0xC9, 0x1F,
    0x82, 0x00, 0x2B, 0x55, 0xC8, 0xA3, 0xB0, 0x1B, 0xFF, 0xE4, 0x62, 0x41, 0x44, 0x33, 0xDF, 0xC6,
    0xB8, 0x05, 0xAA, 0x4B, 0x03, 0x21, 0x40, 0x00, 0x02, 0x59, 0x14, 0xD1, 0x88, 0xDB, 0x38, 0xF9,
    0x45, 0xFB, 0xE2, 0x2E, 0x8D, 0x7B, 0x79, 0x6D, 0x90, 0x00, 0x35, 0x61, 0x80, 0x18, 0xD4, 0xD5,
    0x46, 0x0A, 0xC3, 0x01, 0x4B, 0xFB, 0xBC, 0xED, 0xC1, 0xD2, 0xF6, 0x26, 0x42, 0xE0, 0x00, 0x52,
    0x2D, 0x00, 0xBD, 0xF5, 0x82, 0x11, 0xF1, 0xAF, 0x4E, 0x79, 0x80, 0x5C, 0x51, 0x7C, 0xA4, 0xC2,
    0xC3, 0xE5, 0x45, 0x94, 0x00, 0x05, 0x09, 0x91, 0x8F, 0x80, 0x00, 0x06, 0x93, 0x4C, 0x34, 0xB8,
    0x15, 0x40, 0x00, 0x33, 0x6B, 0xBE, 0x1B, 0xC9, 0xA5, 0x32, 0xA0, 0xD5, 0xBA, 0x4E, 0x39, 0x08,
    0x38, 0xAD, 0x1D, 0xCB, 0x1F, 0xC8, 0xDC, 0xF4, 0x93, 0x47, 0x6F, 0x60, 0x2A, 0x9B, 0x28, 0x8D,
    0x36, 0x00, 0x73, 0x8C, 0x12, 0x41, 0x13, 0xE2, 0x3F, 0x0B, 0x51, 0x4C, 0xAE, 0x03, 0x67, 0xCE,
    0x0D, 0x61, 0x51, 0xEA, 0x51, 0x78, 0xE8, 0x04, 0xB4, 0x11, 0xD2, 0x63, 0x71, 0x05, 0x5B, 0x5A,
    0xC0, 0x00, 0x41, 0x00, 0xD2, 0x9E, 0x2F, 0x82, 0x28, 0x23, 0x85, 0x27, 0x1D, 0xCF, 0x33, 0x35,
    0x56, 0xCF, 0x5B, 0x64, 0xCB, 0xCF, 0x97, 0xAA, 0x12, 0xC0, 0x00, 0x75, 0x68, 0xBA, 0x3F, 0x8D,
    0x2B, 0xEB, 0xB0, 0x49, 0x67, 0xFA, 0xDD, 0x04, 0x7A, 0x2E, 0x15, 0xB1, 0x50, 0xB2, 0x29, 0xD4,
    0x08, 0xC4, 0x12, 0xB6, 0xD6, 0xB5, 0xFC, 0xAD, 0x66, 0xD9, 0xC4, 0x75, 0xDB, 0x00, 0x3B, 0xAC,
    0x62, 0x5C, 0x21, 0x6E, 0x1E, 0x5A, 0x72, 0x26, 0xC9, 0x02, 0xD9, 0x5C, 0x98, 0x89, 0x5C, 0xEF,
    0xDB, 0x86, 0x0C, 0xAD, 0xC8, 0x18, 0x1C, 0xFA, 0x5A, 0x32, 0x46, 0x76, 0x30, 0x00, 0x6A, 0xB9,
    0x02, 0x4C, 0x20, 0xE4, 0xC0, 0x0E, 0xCA, 0x71, 0xAF, 0xDC, 0xEA, 0xFB, 0xA4, 0xB2, 0xB1, 0x35,
    0x7B, 0x23, 0x01, 0x29, 0xD2, 0x00, 0xAD, 0xE7, 0x57, 0xCA, 0xDA, 0x81, 0xC0, 0x00, 0x3D, 0xA3,
    0x41, 0x79, 0xFF, 0x23, 0xF0, 0x15, 0xB1, 0x0E, 0x36, 0x07, 0xBC, 0x54, 0xC2, 0xF3, 0x65, 0x5D,
    0x59, 0x1B, 0x3A, 0x2E, 0xF5, 0x35, 0xF3, 0x65, 0x70, 0xBB, 0x4E, 0x54, 0xA3, 0x36, 0x43, 0x2A,
    0x3F, 0xC5, 0x87, 0x44, 0x00, 0x73, 0x8B, 0xD4, 0xDA, 0x00, 0xE9, 0x3B, 0xCE, 0xF6, 0x26, 0xDC,
    0xF8, 0x29, 0x34, 0x09, 0x04, 0xAC, 0xF1, 0x52, 0xE0, 0xA0, 0xE3, 0x00, 0x41, 0xFF, 0x37, 0x62,
    0x06, 0xB3, 0xD6, 0xE0, 0x58, 0x82, 0xDA, 0x94, 0xBB, 0xB9, 0x4F, 0x83, 0xC0, 0x00, 0x64, 0x58,
    0xD3, 0x19, 0x36, 0x62, 0x76, 0x25, 0xC0, 0xDF, 0x94, 0x71, 0x1A, 0x59, 0xFD, 0x45, 0xB4, 0x39,
    0x98, 0x34, 0x12, 0x3F, 0xFE, 0x00, 0x21, 0x20, 0x6D, 0xE3, 0x64, 0x3C, 0x66, 0xEB, 0x04, 0x36,
    0x51, 0x1A, 0xB5, 0xE1, 0x55, 0xD7, 0x97, 0xFB, 0x61, 0xED, 0xD3, 0x62, 0xA0, 0xA5, 0x6F, 0x1D,
    0xE4, 0x3D, 0x9A, 0xE2, 0xA8, 0x0C, 0x87, 0x4B, 0x00, 0x31, 0x2C, 0x93, 0xC6, 0xB7, 0x9F, 0xED,
    0xB5, 0x00, 0x53, 0x4C, 0xBD, 0x37, 0x9A, 0x70, 0x20, 0x5E, 0x55, 0x57, 0xAE, 0xF6, 0x93, 0x35,
    0xE4, 0xB3, 0xD9, 0x43, 0x31, 0x5E, 0x0E, 0xA3, 0x6B, 0x03, 0xF6, 0x55, 0x60, 0x44, 0x18, 0x1B,
    0x1B, 0x7B, 0xE3, 0x97, 0x30, 0x3B, 0xF8, 0xA5, 0x8E, 0x44, 0x00, 0xF8, 0x40, 0x23, 0x56, 0xF7,
    0xFB, 0x12, 0xC8, 0x52, 0x94, 0x6F, 0xD1, 0x02, 0x30, 0x63, 0x51, 0x82, 0x71, 0x90, 0x83, 0x53,
    0x80, 0x00, 0x3D, 0x84, 0xCD, 0xBB, 0x10, 0x6C, 0x66, 0x08, 0x37, 0x77, 0xE2, 0xFA, 0x4D, 0x19,
    0xEE, 0xB3, 0xF7, 0x90, 0x31, 0xB1, 0xC4, 0xB2, 0x83, 0xFA, 0x90, 0x18, 0x00, 0x6B, 0xC2, 0xF4,
    0xC2, 0x0E, 0xE8, 0xDD, 0xE8, 0x08, 0xC3, 0x08, 0xD4, 0x04, 0x15, 0x98, 0xE5, 0xF1, 0xE7, 0xF1,
    0xE0, 0xC1, 0xC5, 0x37, 0x15, 0x6F, 0x38, 0x20, 0x59, 0xB3, 0x64, 0x12, 0x3B, 0x87, 0x43, 0x00,
    0x53, 0x4A, 0xC5, 0x41, 0xF0, 0x47, 0xFF, 0x8F, 0xD9, 0xA8, 0xD6, 0x0C, 0xBB, 0xAA, 0xEE, 0x7D,
    0x55, 0x1E, 0x59, 0x80, 0x00, 0x63, 0x9A, 0x3F, 0x4A, 0xA2, 0xEC, 0x87, 0x4C, 0xC7, 0x28, 0x0E,
    0x14, 0x5C, 0x43, 0x25, 0xE4, 0x99, 0x37, 0x80, 0x00, 0x37, 0xA1, 0x92, 0xD7, 0xCF, 0x3F, 0xCA,
    0x1F, 0x85, 0x2A, 0x81, 0xF4, 0x2F, 0x46, 0xB2, 0xCD, 0x7F, 0x40, 0x10, 0x5F, 0xAC, 0xCA, 0xDC,
    0xE2, 0x08, 0xFB, 0xB0, 0x00, 0x7F, 0x15, 0x01, 0x20, 0x23, 0x1E, 0x86, 0x8C, 0xCF, 0x2C, 0x21,
    0x1F, 0xB4, 0x6D, 0xBF, 0x39, 0x3D, 0xCB, 0xA4, 0xFE, 0x48, 0xE0, 0x00, 0x84, 0xED, 0xB2, 0x9B,
    0x78, 0x5B, 0xF3, 0x77, 0x18, 0x6C, 0x49, 0x56, 0xF9, 0x7D, 0xD7, 0x5C, 0x2D, 0xF1, 0x16, 0x22,
    0xA7, 0x99, 0x69, 0x85, 0x00, 0x79, 0x7E, 0x00, 0x20, 0xE1, 0xD9, 0xD4, 0xC8, 0xF2, 0x2B, 0x90,
    0xC7, 0x91, 0xF0, 0x5C, 0x26, 0x3C, 0x12, 0x41, 0x48, 0xC1, 0x44, 0x00, 0x97, 0xA9, 0xE0, 0x88,
    0x09, 0x12, 0x8E, 0xE4, 0x29, 0x21, 0x26, 0x7D, 0x56, 0xCD, 0x4D, 0xC1, 0xB5, 0xE3, 0x7B, 0xF4,
    0x50, 0xCE, 0xAA, 0xF6, 0xBF, 0x56, 0xE0, 0xE2, 0xD2, 0x0B, 0x3C, 0x3E, 0x77, 0x47, 0x88, 0x0B,
    0xEC, 0x00, 0x93, 0x56, 0x18, 0x1B, 0x38, 0x52, 0xA1, 0xB7, 0x72, 0x38, 0x94, 0x46, 0x6A, 0x43,
    0xDE, 0xFC, 0x18, 0x71, 0x33, 0x14, 0x9F, 0x39, 0x5D, 0x26, 0xEB, 0xE0, 0x00, 0x98, 0xC3, 0x94,
    0xEB, 0x23, 0xF6, 0xF2, 0x6E, 0xA1, 0xD1, 0x2D, 0x08, 0x7F, 0x92, 0x6A, 0x34, 0x8C, 0x46, 0x99,
    0xD1, 0xAD, 0x9A, 0x9A, 0x8A, 0xF8, 0x5C, 0x55, 0xB8, 0xF3, 0xB4, 0x63, 0x80, 0x00, 0x79, 0x79,
    0xB0, 0x19, 0xF5, 0x14, 0x42, 0x66, 0xA8, 0xDA, 0xCE, 0x5B, 0x33, 0x74, 0xE4, 0x00, 0x5E, 0x39,
    0xEC, 0x80, 0x10, 0x00, 0x52, 0x92, 0x22, 0xF9, 0x58, 0xCF, 0xAA, 0x92, 0xD9, 0x39, 0x19, 0x33,
    0x67, 0x78, 0xCF, 0x7A, 0x03, 0xAF, 0x53, 0xFD, 0xD4, 0x85, 0xEE, 0xDB, 0xC5, 0xCC, 0x00, 0x20,
    0x94, 0x46, 0x26, 0x00, 0x00, 0x00, 0x09, 0x55, 0xC9, 0xBD, 0x2E, 0xC3, 0x80, 0x00, 0x23, 0x8C,
    0xC5, 0xA7, 0x6F, 0xE9, 0xE5, 0xCF, 0xF5, 0x55, 0xE0, 0x2A, 0x31, 0x05, 0x02, 0x67, 0x9E, 0xD8,
    0x15, 0xAE, 0xE3, 0xFB, 0x90, 0x7E, 0x7E, 0x20, 0x00, 0x10, 0xE8, 0x17, 0xFC, 0x5F, 0x9A, 0x7D,
    0x8F, 0xEC, 0xA8, 0xE1, 0x20, 0x32, 0x80, 0x00, 0x75, 0x07, 0x11, 0xC8, 0x1E, 0x20, 0x95, 0x2E,
    0xDA, 0x61, 0xC1, 0xDB, 0x7C, 0x94, 0xC8, 0x1A, 0x84, 0x45, 0x00, 0x97, 0xC6, 0xE2, 0x23, 0xE0,
    0x76, 0xCF, 0x05, 0x3A, 0x0B, 0x0F, 0xC4, 0x0E, 0xFE, 0xAA, 0x41, 0xB8, 0x90, 0x33, 0x47, 0xB1,
    0x58, 0x50, 0x00, 0xAD, 0x1D, 0x60, 0x5F, 0xEB, 0xE1, 0xD7, 0x68, 0xDD, 0x8B, 0xD1, 0xBB, 0x2D,
    0x08, 0xFB, 0x27, 0x3E, 0x69, 0xF4, 0x8A, 0x90, 0x6D, 0x28, 0xA3, 0x46, 0x34, 0x1C, 0x80, 0x00,
    0x76, 0x73, 0x94, 0x92, 0x06, 0x88, 0x0E, 0x0C, 0xB3, 0x2B, 0x56, 0xE7, 0xAA, 0x86, 0xA4, 0x71,
    0x89, 0xCE, 0x58, 0x9C, 0x3D, 0x0A, 0xAC, 0xBF, 0x13, 0xDF, 0xF0, 0x7B, 0x1E, 0xDD, 0x5A, 0x01,
    0xC0, 0x00, 0x0B, 0xCC, 0x88, 0xE0, 0x44, 0xEB, 0x25, 0x10, 0x31, 0xB8, 0x50, 0x4F, 0x56, 0x57,
    0xCC, 0x11, 0x59, 0x3C, 0x29, 0x3B, 0x5D, 0xE9, 0x69, 0x88, 0x40, 0xF1, 0xB0, 0x3A, 0x83, 0x1D,
    0x53, 0xD1, 0x03, 0xE2, 0xF7, 0x10, 0xE7, 0x60, 0x87, 0x5E, 0x00, 0x5F, 0xA7, 0x72, 0xAC, 0xBB,
    0xA6, 0x80, 0x00, 0x44, 0xC3, 0x9F, 0x37, 0x8A, 0x69, 0xAE, 0xE3, 0x40, 0xAA, 0x48, 0x83, 0x7C,
    0x61, 0x39, 0x8B, 0xA9, 0xF4, 0x96, 0xA1, 0x4C, 0x46, 0x88, 0xCC, 0x43, 0x36, 0x0F, 0x97, 0x66,
    0x18, 0x75, 0xA4, 0xBA, 0xF1, 0xA2, 0xE6, 0x08, 0x5E, 0x80, 0x00, 0x5A, 0x8D, 0x75, 0xE7, 0xB9,
    0x6A, 0xAD, 0x7E, 0x4D, 0x10, 0x00, 0xA9, 0x2B, 0x3F, 0xF5, 0x43, 0x1A, 0x67, 0x9E, 0xB2, 0xC2,
    0xEB, 0x28, 0xD4, 0xD5, 0x72, 0x0F, 0x80, 0x6B, 0xD0, 0x6F, 0xDF, 0x2C, 0x26, 0xAB, 0x3D, 0xB2,
    0x9B, 0xCF, 0xFE, 0xE1, 0xC8, 0xF3, 0xF6, 0xDC, 0xDB, 0x2F, 0x9F, 0x37, 0xB0, 0x40, 0x64, 0xC7,
    0x61, 0xF4, 0xE2, 0xC9, 0x81, 0xAD, 0xA7, 0xA3, 0x31, 0x6E, 0xEC, 0xDE, 0xD8, 0x00, 0x63, 0xBD,
    0x4D, 0xE4, 0xED, 0x9D, 0x39, 0x6A, 0xA3, 0xAD, 0x3B, 0x7E, 0x39, 0x5F, 0xD6, 0xF7, 0x15, 0xC0,
    0x00, 0x2E, 0x27, 0x72, 0xB7, 0x50, 0xC4, 0x36, 0xCA, 0x98, 0x30, 0x5C, 0x01, 0x78, 0x78, 0x2D,
    0xA6, 0xEC, 0xB8, 0xB7, 0x30, 0x7E, 0x69, 0xE3, 0x0C, 0x70, 0x85, 0x3C, 0x2A, 0xE1, 0x8E, 0xA9,
    0xD8, 0x00, 0x05, 0x05, 0xAF, 0x4D, 0xC5, 0x38, 0x4A, 0xC0, 0xE3, 0x87, 0x0F, 0x00, 0x4E, 0x80,
    0x87, 0x6A, 0x00, 0xA9, 0x2E, 0x21, 0xF0, 0x81, 0x34, 0x89, 0xF7, 0x53, 0xC8, 0x81, 0xB7, 0x62,
    0x6A, 0xC8, 0xF0, 0x36, 0x2A, 0xE7, 0xA6, 0x49, 0x8C, 0xF8, 0x9F, 0xC6, 0xAB, 0x08, 0xDF, 0xF0,
    0xE4, 0xC9, 0xE4, 0xD4, 0x4B, 0x90, 0x00, 0x05, 0x09, 0xA3, 0x1C, 0x4C, 0xC9, 0xFD, 0x80, 0x00,
    0x61, 0x1B, 0xDA, 0x50, 0xA8, 0xC9, 0xC8, 0xE9, 0x1B, 0x17, 0xCD, 0x57, 0xF6, 0x17, 0x38, 0x17,
    0x87, 0x0D, 0x00, 0x7E, 0xBB, 0x56, 0xF9, 0xF1, 0xE5, 0xB3, 0xB8, 0x7B, 0x22, 0xF7, 0x0B, 0x07,
    0x00, 0x3B, 0x04, 0xD2, 0x26, 0x01, 0x2F, 0x11, 0x60, 0x39, 0x60, 0x0F, 0x6E, 0xD8, 0x42, 0xB7,
    0x12, 0x6A, 0x59, 0x2B, 0x80, 0x00, 0x30, 0xA4, 0x6F, 0xD7, 0xC7, 0xEC, 0x85, 0x03, 0x1D, 0xCF,
    0xE6, 0x01, 0xF9, 0xA8, 0x82, 0xDF, 0xA3, 0xC1, 0xBF, 0x3F, 0x76, 0xB4, 0x00, 0x1B, 0xA9, 0xF5,
    0x13, 0xAA, 0xC4, 0x00, 0x96, 0x8B, 0xC5, 0x79, 0xF5, 0x15, 0xF6, 0x1D, 0x8A, 0x9E, 0x0D, 0x1C,
    0xF2, 0x03, 0x96, 0xE8, 0xC6, 0x62, 0x9D, 0x75, 0xB4, 0x9D, 0x43, 0xC6, 0x2C, 0x51, 0x75, 0xF7,
    0x0F, 0x3C, 0x94, 0x7A, 0x00, 0x23, 0xD6, 0x92, 0x45, 0xA2, 0xC6, 0x18, 0x58, 0x2F, 0xAA, 0x64,
    0xFC, 0xAC, 0x83, 0x33, 0xC4, 0xE4, 0x76, 0xE6, 0x23, 0x01, 0x39, 0x9D, 0x3F, 0x79, 0xF9, 0x4E,
    0x87, 0x10, 0x00, 0x99, 0x94, 0xF1, 0x80, 0x00, 0x13, 0x0A, 0x72, 0x91, 0x24, 0xD0, 0xCC, 0x5B,
    0x18, 0x00, 0x65, 0xB4, 0xD3, 0xC1, 0xA7, 0x40, 0x68, 0x7D, 0xC2, 0xD7, 0xD6, 0xA0, 0xFC, 0xB8,
    0x00, 0x1C, 0x55, 0x4C, 0xC1, 0xEF, 0xF2, 0x31, 0x4E, 0x67, 0x8E, 0xCB, 0x08, 0x57, 0x06, 0xAE,
    0x30, 0x00, 0x21, 0x41, 0x6D, 0x02, 0x26, 0x10, 0xAB, 0xA8, 0x46, 0x2A, 0x77, 0x7F, 0x97, 0xB4,
    0xA7, 0xE0, 0x1A, 0xF4, 0x61, 0xCD, 0xDD, 0xE1, 0xFD, 0x4C, 0xCC, 0xA3, 0x44, 0x10, 0x00, 0x9C,
    0x37, 0x69, 0xF1, 0x83, 0x25, 0xEF, 0x58, 0xB3, 0x43, 0x8B, 0x80, 0x55, 0xED, 0xFB, 0xB0, 0xAD,
    0x0D, 0x47, 0x88, 0x6E, 0x01, 0x7A, 0x94, 0xB5, 0x9A, 0x3B, 0x91, 0x51, 0xC7, 0xDA, 0x2D, 0xBE,
    0x2D, 0xC2, 0xEB, 0x66, 0x1A, 0x7E, 0x6F, 0x81, 0x71, 0xDC, 0x0B, 0xB4, 0x25, 0xEC, 0xCA, 0x78,
    0x00, 0xA5, 0xED, 0x3E, 0x48, 0x4E, 0xC5, 0x61, 0x27, 0x51, 0x83, 0xBF, 0x6D, 0x37, 0xAC, 0x41,
    0x6E, 0x8F, 0xCD, 0x30, 0x59, 0xB0, 0x87, 0x22, 0x57, 0x9D, 0x92, 0x28, 0xAD, 0x14, 0x2D, 0xA5,
    0x40, 0x43, 0xAB, 0x84, 0xDC, 0x93, 0xBE, 0x4E, 0x65, 0x8C, 0x06, 0x2B, 0x33, 0x75, 0xC1, 0xAF,
    0x32, 0x73, 0x25, 0xA0, 0x00, 0x1F, 0x8C, 0x7E, 0x78, 0xB2, 0xD5, 0x29, 0xDA, 0x44, 0x3D, 0x53,
    0xB8, 0x89, 0x86, 0xF9, 0x51, 0x7B, 0x05, 0xCD, 0xD6, 0xB0, 0xCE, 0xE5, 0x2E, 0x5F, 0xA6, 0x4D,
    0x39, 0x4F, 0x23, 0x73, 0x36, 0xDF, 0x2C, 0x43, 0x4D, 0x37, 0xBC, 0xD6, 0x15, 0x99, 0x85, 0x3F,
    0xF2, 0xF6, 0x0B, 0x8E, 0xFA, 0x8D, 0x5F, 0xB2, 0x3C, 0xD3, 0x00, 0x21, 0x74, 0xAB, 0x2F, 0xDD,
    0xEA, 0x20, 0x00, 0x55, 0x3F, 0x2C, 0xD9, 0x50, 0x06, 0x29, 0x0D, 0x38, 0xF7, 0x41, 0xF0, 0x3C,
    0xFB, 0xAE, 0xA5, 0x7F, 0x63, 0xD8, 0x54, 0x63, 0x5E, 0xED, 0xD9, 0x66, 0x80, 0x23, 0x00, 0x5A,
    0xF8, 0x5D, 0x48, 0x69, 0xE8, 0xF1, 0x2E, 0x0D, 0xC3, 0xEF, 0x93, 0xF8, 0x6E, 0xC5, 0xBE, 0xE5,
    0x14, 0x66, 0xDC, 0x98, 0xB8, 0xF8, 0xF3, 0x04, 0x39, 0x12, 0x85, 0x2C, 0x02, 0x80, 0x00, 0x7F,
    0x56, 0x27, 0x42, 0x5F, 0xE9, 0x37, 0xB2, 0x8D, 0xD9, 0x16, 0x0D, 0x67, 0xDF, 0x59, 0xAE, 0x33,
    0xB0, 0xC4, 0x2F, 0xE6, 0xFC, 0xDC, 0xD5, 0x96, 0xE8, 0xF8, 0xB1, 0xF9, 0x1E, 0x89, 0x81, 0x68,
    0xCE, 0x57, 0x78, 0x15, 0xD0, 0x87, 0x82, 0x00, 0x6B, 0xF4, 0x90, 0x71, 0xBA, 0xBB, 0x4A, 0xEB,
    0x40, 0x24, 0x7A, 0x37, 0xCE, 0xEE, 0xDE, 0x0A, 0x25, 0x00, 0x8B, 0x10, 0xBC, 0xF3, 0xAC, 0xFF,
    0xC3, 0x2A, 0x5E, 0xE5, 0xCE, 0x4F, 0x92, 0x8F, 0x75, 0x22, 0x0B, 0xFB, 0x90, 0xA8, 0x71, 0x7C,
    0x46, 0x2E, 0x64, 0xD5, 0x97, 0x83, 0xAF, 0x91, 0xCB, 0xCD, 0xA1, 0x2A, 0xDE, 0x0D, 0x26, 0xEA,
    0x53, 0x8C, 0x21, 0xB9, 0x9A, 0xC0, 0x00, 0xB3, 0x5B, 0x1A, 0x2D, 0x6D, 0xD9, 0xC3, 0xA8, 0x97,
    0xAA, 0x81, 0x91, 0x40, 0x71, 0x8F, 0x4F, 0xA6, 0x5D, 0x75, 0x7D, 0x17, 0x8D, 0x1B, 0x28, 0xFC,
    0xF0, 0xF4, 0x0D, 0x92, 0x89, 0xA8, 0x99, 0xE9, 0x45, 0x89, 0x81, 0x68, 0xCE, 0x57, 0x78, 0x15,
    0xD0, 0x85, 0x81, 0x00, 0x69, 0xFA, 0x90, 0xFD, 0xEC, 0xA7, 0x94, 0x51, 0x4E, 0xB8, 0xD3, 0x23,
    0x5E, 0x89, 0x79, 0xEB, 0xB6, 0x0C, 0x00, 0x62, 0x60, 0x1A, 0x6A, 0xD3, 0x71, 0x3D, 0x93, 0x47,
    0x0C, 0x20, 0x05, 0x4A, 0x80, 0x3A, 0x91, 0xF2, 0x49, 0x77, 0x51, 0xE4, 0xB9, 0x91, 0xF7, 0xB6,
    0x62, 0x3E, 0x28, 0x6C, 0x72, 0xCE, 0x64, 0x04, 0xCD, 0x50, 0x4D, 0xB1, 0x59, 0xFB, 0x69, 0xFC,
    0xC4, 0x40, 0x87, 0x25, 0x00, 0x9B, 0x02, 0x14, 0x9F, 0x3E, 0x01, 0x5E, 0xCA, 0xCD, 0xDF, 0xE6,
    0x1E, 0x3D, 0x68, 0xB1, 0xEF, 0x80, 0x80, 0x27, 0x00, 0x46, 0xD4, 0x15, 0xDB, 0x6E, 0x89, 0x79,
    0x5B, 0xA7, 0xD4, 0x87, 0xA3, 0x2E, 0x40, 0x72, 0x29, 0x0A, 0x87, 0x3D, 0xA2, 0x2E, 0xB0, 0xC0,
    0xC6, 0xD0, 0x38, 0x9C, 0x8A, 0x40, 0x87, 0x89, 0x00, 0xF4, 0xAB, 0xE7, 0x6A, 0xB7, 0xBB, 0xAD,
    0x22, 0xA9, 0x99, 0x96, 0x1E, 0x87, 0x89, 0x00, 0xC7, 0x46, 0x67, 0x51, 0xA7, 0x59, 0xFC, 0x20,
    0xF4, 0x77, 0x35, 0x10, 0x7F, 0x33, 0xDD, 0x38, 0x87, 0x89, 0x00, 0xF8, 0x7C, 0x2C, 0x8D, 0x5A,
    0xC3, 0xE2, 0x19, 0xAA, 0xEE, 0x4D, 0xCE, 0x67, 0xCE, 0x92, 0x94, 0xC0, 0x00, 0x38, 0xF7, 0x8D,
    0x89, 0x87, 0xA3, 0xFE, 0x3E, 0xEE, 0x3A, 0x49, 0x44, 0x31, 0x67, 0x6F, 0xFF, 0x49, 0x4F, 0x30,
    0xE5, 0xB6, 0x4E, 0xC8, 0x5A, 0xE2, 0xBD, 0x84, 0x00, 0x56, 0x4E, 0xD6, 0x75, 0x1E, 0x2C, 0x97,
    0xBD, 0x7A, 0x00, 0xFF, 0x0C, 0x47, 0xDA, 0x3B, 0xF5, 0x94, 0x3A, 0x3C, 0xDF, 0xD4, 0xC5, 0x83,
    0xF2, 0x2E, 0x2A, 0x58, 0x87, 0x8E, 0x00, 0x4A, 0xB9, 0xF9, 0x46, 0x93, 0x14, 0x4C, 0x70, 0x6B,
    0xD9, 0x52, 0xB0, 0x76, 0xC1, 0xFC, 0x50, 0x00, 0x85, 0x59, 0x47, 0xC7, 0xDF, 0x3D, 0x30, 0xE4,
    0xD9, 0x69, 0x9F, 0x7C, 0xAD, 0xDC, 0xC0, 0x80, 0x0E, 0x48, 0x74, 0x36, 0xA0, 0x8B, 0x0A, 0x5A,
    0xCF, 0x5A, 0x82, 0x69, 0x05, 0x87, 0x26, 0x00, 0x46, 0x71, 0xD5, 0xC6, 0x22, 0x39, 0x25, 0xEB,
    0x17, 0x02, 0x22, 0xC8, 0x3C, 0x70, 0x80, 0x30, 0x00, 0x8F, 0xFC, 0xCA, 0x8B, 0xE1, 0xE7, 0x0B,
    0x90, 0x24, 0x83, 0x08, 0x50, 0xC9, 0x51, 0xD7, 0x51, 0x84, 0xB9, 0x47, 0x78, 0x62, 0x7B, 0x61,
    0xD3, 0x2D, 0xB9, 0x40, 0x08, 0x5B, 0xB7, 0x26, 0xA2, 0xF1, 0x8F, 0x0C, 0x15, 0x07, 0x2D, 0x5B,
    0x61, 0x90, 0x81, 0x11, 0xB5, 0xCC, 0x78, 0x80, 0x31, 0x00, 0x4A, 0x65, 0x30, 0x5C, 0x40, 0x45,
    0x4E, 0xE7, 0x9E, 0x58, 0xC9, 0x09, 0x9A, 0x80, 0x31, 0x00, 0x71, 0x53, 0x33, 0xDF, 0xEC, 0xD3,
    0xAA, 0xE8, 0xFB, 0xF7, 0x69, 0x9B, 0x02, 0x80, 0x31, 0x00, 0x5A, 0xA7, 0x4A, 0xAF, 0x54, 0x3F,
    0x13, 0xB4, 0x26, 0x9D, 0xF8, 0xF4, 0xB0, 0x9D, 0x0B, 0x26, 0x78, 0x87, 0x93, 0x00, 0xF6, 0x9E,
    0x45, 0x56, 0x84, 0xC5, 0xE9, 0x3F, 0x29, 0xC3, 0x1C, 0xCF, 0xC5, 0x28, 0xCB, 0x72, 0xB4, 0x14,
    0x80, 0x31, 0x00, 0xAE, 0xBE, 0x50, 0x43, 0x80, 0xE5, 0x6B, 0xA7, 0x37, 0xA3, 0x5F, 0xEC, 0xE6,
    0xE4, 0x01, 0x78, 0x00, 0x73, 0x7C, 0x05, 0xE1, 0xD0, 0xEC, 0xD6, 0xDA, 0x35, 0x6B, 0x39, 0xD0,
    0x7B, 0x76, 0x5B, 0xC7, 0xE8, 0x78, 0xA6, 0x3E, 0xA0, 0xD4, 0x6D, 0x0C, 0x86, 0x31, 0x00, 0xC2,
    0x08, 0x60, 0x88, 0x8C, 0x8D, 0x0D, 0x53, 0xE1, 0xAB, 0x89, 0xCD, 0xF6, 0x72, 0xE1, 0xDA, 0x06,
    0x24, 0xA0, 0x03, 0x69, 0x8E, 0xAE, 0x35, 0xD7, 0x03, 0x0C, 0x97, 0xB2, 0xF4, 0x94, 0xB0, 0xA8,
    0x00, 0x35, 0xFB, 0x2B, 0xC4, 0x94, 0x98, 0xFB, 0xAF, 0x22, 0x4F, 0x8F, 0xD4, 0x76, 0x87, 0x9A,
    0x5F, 0xD2, 0x68, 0xE5, 0x65, 0xFB, 0x05, 0xA7, 0x2F, 0x80, 0xAE, 0xDB, 0xD1, 0x62, 0x5C, 0x7B,
    0xF8, 0x94, 0xF4, 0x7F, 0xE7, 0xE6, 0x40, 0x87, 0x9A, 0x00, 0xF4, 0xF6, 0xC9, 0xF2, 0xD8, 0x11,
    0x8B, 0x28, 0x4C, 0x37, 0x3E, 0x8A, 0x26, 0xD0, 0x87, 0x9A, 0x00, 0xD0, 0x65, 0xFB, 0x3B, 0x9D,
    0xFD, 0x95, 0x3A, 0x67, 0xD8, 0x67, 0x6D, 0x7C, 0x32, 0xE2, 0xC7, 0x90, 0x87, 0x9B, 0x00, 0xF6,
    0x28, 0x09, 0x77, 0x98, 0x90, 0xA5, 0x95, 0xD9, 0xE6, 0x46, 0xEF, 0x25, 0x93, 0xDE, 0xF0, 0x80,
    0x3B, 0x00, 0x4E, 0x46, 0xF8, 0x6B, 0xC7, 0x47, 0x0B, 0x5A, 0xCD, 0x09, 0x14, 0x3A, 0x74, 0x4E,
    0xAA, 0x63, 0x6A, 0x18, 0x0F, 0xD9, 0x2D, 0x7E, 0xC9, 0x30, 0xB9, 0x0A, 0x00, 0x27, 0xBE, 0x6F,
    0x49, 0x4E, 0xE9, 0xE7, 0xC6, 0x4D, 0x18, 0xD9, 0x70, 0xF3, 0x6A, 0xFE, 0x89, 0xAA, 0x90, 0xA8,
    0x5A, 0xC4, 0x82, 0x7B, 0xDC, 0x47, 0x97, 0x0D, 0x00, 0x75, 0x7C, 0xE7, 0xA0, 0x65, 0x63, 0xA8,
    0x6A, 0xB3, 0x8A, 0xAD, 0x8F, 0x27, 0x77, 0xB8, 0x4A, 0xC9, 0xF6, 0x14, 0x55, 0xD0, 0x16, 0xAF,
    0xFE, 0x2D, 0x3B, 0xCE, 0x71, 0xDB, 0x8F, 0xAC, 0x87, 0x52, 0xD4, 0xAC, 0x34, 0x11, 0xAA, 0xD3,
    0x3D, 0x68, 0x8B, 0x8B, 0x94, 0xD3, 0xF7, 0xCF, 0x80, 0x80, 0x43, 0x00, 0x32, 0xEE, 0x4F, 0xB2,
    0x2B, 0x61, 0x2D, 0x8F, 0x31, 0x2B, 0xBD, 0x53, 0x80, 0x80, 0x43, 0x00, 0x5E, 0xB3, 0x87, 0x6E,
    0xA8, 0x13, 0x7E, 0x73, 0xDF, 0xF1, 0x44, 0x60, 0x87, 0xA1, 0x00, 0xC5, 0x18, 0x54, 0xB5, 0x45,
    0x44, 0x71, 0x21, 0x99, 0x37, 0x55, 0xD2, 0xE4, 0xDD, 0x1D, 0x80, 0x80, 0x43, 0x00, 0x78, 0x0C,
    0x9C, 0x5E, 0xB7, 0x18, 0x1B, 0xB7, 0x95, 0xBF, 0xC7, 0x47, 0x10, 0x21, 0xD7, 0x4F, 0x56, 0xE0,
    0x80, 0x43, 0x00, 0x97, 0x99, 0x68, 0xBA, 0x5F, 0x15, 0x37, 0x0C, 0x01, 0xB3, 0xD3, 0x46, 0x99,
    0xE5, 0x2F, 0xE0, 0x85, 0xA2, 0x00, 0x46, 0x54, 0xF3, 0x63, 0xDE, 0xC3, 0xAC, 0x12, 0x95, 0x93,
    0xFE, 0x0C, 0x8A, 0xBC, 0xB4, 0xA6, 0x30, 0x00, 0x26, 0x47, 0x46, 0x0C, 0x3B, 0xC9, 0xFA, 0x84,
    0x15, 0x32, 0xB7, 0x06, 0x31, 0x5C, 0x30, 0xC2, 0xCE, 0x8E, 0x3C, 0x1A, 0x77, 0x0F, 0xC2, 0xFB,
    0x81, 0x92, 0x40, 0xD4, 0x1D, 0x04, 0x5E, 0x4D, 0x04, 0x50, 0xD1, 0x04, 0xF3, 0xE0, 0x53, 0xCD,
    0x95, 0x42, 0x2E, 0xD0, 0x5C, 0xED, 0x1A, 0x7B, 0xE0, 0x87, 0x45, 0x00, 0x51, 0x9F, 0x78, 0xA0,
    0xE9, 0xAA, 0x06, 0xE3, 0x60, 0xC0, 0xD8, 0xCE, 0xEE, 0x08, 0xF0, 0x80, 0x47, 0x00, 0x32, 0xD6,
    0x1F, 0x58, 0xC3, 0xC9, 0x5B, 0xC1, 0xE3, 0x96, 0x3B, 0x58, 0x80, 0x80, 0x51, 0x00, 0x5F, 0x00,
    0xB2, 0x70, 0x65, 0xD5, 0x19, 0x42, 0x21, 0x9E, 0x26, 0x42, 0x8D, 0x47, 0x84, 0xC2, 0x33, 0x26,
    0x53, 0x75, 0x1C, 0xFF, 0x8B, 0x53, 0x7C, 0xF7, 0x6E, 0x2C, 0xC4, 0xC4, 0x03, 0x80, 0x73, 0x8C,
    0x61, 0x87, 0xAA, 0x00, 0x46, 0xB1, 0x40, 0xA2, 0x0B, 0xAE, 0x99, 0x33, 0xEF, 0xE9, 0xBE, 0x82,
    0xD0, 0xB1, 0x52, 0xB5, 0xBE, 0x5C, 0xC0, 0x80, 0x47, 0x00, 0x85, 0x5F, 0x55, 0x62, 0x0F, 0x62,
    0x3C, 0x82, 0x6D, 0x8F, 0x38, 0xAA, 0x7D, 0x31, 0xA4, 0x40, 0x00, 0x12, 0xA6, 0x67, 0x33, 0x2F,
    0xFD, 0x01, 0xD3, 0xFF, 0x0B, 0x0B, 0x71, 0x22, 0xD7, 0x78, 0x51, 0x20, 0x80, 0x00, 0x3F, 0xE4,
    0x03, 0x8C, 0xB9, 0xD3, 0xED, 0xFB, 0xC3, 0x38, 0x63, 0x0B, 0xC9, 0xF6, 0x2E, 0xE1, 0x3F, 0xA0,
    0x87, 0xAE, 0x00, 0x23, 0x97, 0x52, 0x2D, 0xCD, 0x3F, 0x98, 0xC5, 0x02, 0x11, 0x9B, 0x16, 0x0C,
    0xE0, 0x00, 0x64, 0x13, 0x39, 0xF7, 0x33, 0x91, 0x57, 0x1C, 0xEC, 0xCA, 0x1A, 0xA4, 0x1D, 0xC2,
    0xB1, 0xB9, 0x4F, 0xF8, 0x43, 0x31, 0xF8, 0x00, 0x97, 0x9C, 0x3B, 0x40, 0xA0, 0xAC, 0x03, 0xBE,
    0xF4, 0xE7, 0x19, 0x9E, 0x4E, 0x23, 0xBC, 0x47, 0xC9, 0x36, 0xF2, 0x28, 0xE7, 0xF2, 0x73, 0xA7,
    0x8F, 0xE3, 0x04, 0xAF, 0x92, 0x07, 0x34, 0x30, 0x8E, 0x3C, 0x53, 0x60, 0xF0, 0x52, 0x72, 0xE5,
    0x60, 0x00, 0x7C, 0x54, 0x81, 0x22, 0x0A, 0x5E, 0x66, 0xE1, 0x6E, 0x14, 0x45, 0xDD, 0x8D, 0x19,
    0x8E, 0x27, 0x38, 0x0F, 0x56, 0x7D, 0x6A, 0xE1, 0x58, 0x9D, 0xB8, 0x86, 0x41, 0xDB, 0xBF, 0xF2,
    0xEB, 0x5D, 0x84, 0xCC, 0xCA, 0x47, 0x15, 0x60, 0x80, 0x51, 0x00, 0x27, 0x21, 0x8E, 0x1D, 0x62,
    0x47, 0x9B, 0x3B, 0x9D, 0xAD, 0xC8, 0x10, 0x80, 0x51, 0x00, 0x5F, 0x00, 0xB2, 0x71, 0xC4, 0x28,
    0xC8, 0xBD, 0xC1, 0xC2, 0x60, 0x80, 0x51, 0x00, 0x44, 0x90, 0x8C, 0x3D, 0x35, 0x0E, 0x40, 0x24,
    0x30, 0x6B, 0xBE, 0xEC, 0xB2, 0x12, 0x80, 0x53, 0x00, 0x78, 0x05, 0xE4, 0x1E, 0xF1, 0x96, 0xBA,
    0x20, 0x05, 0xBB, 0x15, 0xD4, 0x37, 0xAE, 0x67, 0x7B, 0x82, 0x2F, 0x49, 0x05, 0xC2, 0x4A, 0x6A,
    0x99, 0xE2, 0x03, 0xAE, 0x8F, 0x03, 0xB6, 0xB2, 0xE4, 0x7E, 0xED, 0x4E, 0x66, 0x80, 0x80, 0x51,
    0x00, 0x8B, 0x80, 0x73, 0x27, 0x79, 0xE8, 0xE4, 0xFD, 0x29, 0x15, 0xF8, 0xF1, 0xDA, 0x9F, 0xB0,
    0x81, 0x6D, 0x00, 0x33, 0xCC, 0x69, 0x98, 0xCF, 0x19, 0x33, 0xF4, 0x1B, 0x3B, 0xCF, 0xBB, 0x20,
    0x00, 0xA1, 0x08, 0x84, 0xEE, 0x46, 0x4E, 0xD1, 0xA2, 0x9D, 0x93, 0x06, 0xF1, 0xE5, 0xB7, 0x2D,
    0x97, 0x94, 0x1C, 0x16, 0x27, 0x14, 0x14, 0x94, 0xC8, 0x9D, 0xE3, 0x1D, 0x6F, 0x4C, 0xF8, 0x2C,
    0x35, 0xF5, 0xCB, 0xC8, 0x0C, 0x80, 0x57, 0x00, 0x32, 0xC4, 0xD1, 0xEE, 0xDB, 0x66, 0x4B, 0x32,
    0xB1, 0xFB, 0xA4, 0x20, 0x80, 0x57, 0x00, 0x5E, 0xB5, 0x80, 0x43, 0xF9, 0xFC, 0x6C, 0xAC, 0xB7,
    0x36, 0x2C, 0x80, 0x57, 0x00, 0x45, 0x0C, 0xD1, 0xA0, 0xD0, 0x5E, 0x7B, 0xEB, 0x4B, 0x36, 0x0D,
    0xF4, 0x63, 0x32, 0x50, 0x80, 0x57, 0x00, 0x96, 0xCD, 0x53, 0xBA, 0x98, 0xF2, 0x6E, 0xAD, 0x21,
    0xBA, 0x84, 0x5B, 0x8A, 0xEA, 0x4A, 0x80, 0x5B, 0x00, 0x6A, 0x0F, 0xF1, 0x64, 0xAB, 0x85, 0xAF,
    0x2A, 0x43, 0x6D, 0x49, 0xCD, 0x18, 0x80, 0x52, 0x00, 0x36, 0xDC, 0xC8, 0xB1, 0xCF, 0xD7, 0x60,
    0xAA, 0x9F, 0x94, 0x8C, 0x3E, 0x65, 0x35, 0x70, 0xDA, 0x1B, 0x23, 0xA1, 0x80, 0x80, 0x5B, 0x00,
    0xAA, 0x7A, 0x0C, 0xCA, 0xBE, 0x06, 0xB3, 0x27, 0x42, 0x07, 0xE6, 0x63, 0xBD, 0x51, 0x0E, 0x05,
    0xA0, 0x89, 0x85, 0x00, 0xAC, 0x79, 0x86, 0x50, 0xD1, 0xEF, 0x01, 0x17, 0x3D, 0xDC, 0xAF, 0xF2,
    0xCC, 0x82, 0x43, 0x00, 0x2F, 0x0A, 0x9C, 0x30, 0x5D, 0x0D, 0x60, 0x1C, 0xCD, 0xBC, 0x1B, 0x50,
    0x87, 0x82, 0x00, 0x56, 0x1B, 0x00, 0xF7, 0x02, 0x8D, 0x1D, 0x4D, 0xE8, 0xAF, 0x0A, 0xB0, 0x62,
    0xDC, 0x2A, 0xAF, 0x87, 0xA2, 0x00, 0x2B, 0xA9, 0x29, 0x06, 0x37, 0x3E, 0x61, 0x05, 0x1E, 0x81,
    0x91, 0x38, 0x29, 0x6E, 0x80, 0x87, 0x23, 0x00, 0x8E, 0xF4, 0x2B, 0x36, 0xF8, 0xD2, 0xBC, 0x5A,
    0x35, 0xB1, 0x5E, 0xA3, 0xDF, 0xFC, 0xF9, 0x61, 0x87, 0x43, 0x00, 0x53, 0x4A, 0x27, 0xF9, 0x8B,
    0x3D, 0x81, 0xDA, 0x4D, 0xEA, 0x7D, 0x43, 0x16, 0xD9, 0x50, 0x80, 0x25, 0x00, 0x71, 0x72, 0x88,
    0x54, 0x98, 0x2D, 0x7D, 0xE6, 0xD1, 0x6D, 0xEF, 0x4C, 0x20, 0x00, 0x56, 0x87, 0x85, 0x69, 0x49,
    0x24, 0xB6, 0xD7, 0xA4, 0xBB, 0x50, 0x0F, 0x29, 0x3F, 0x68, 0xB6, 0x3E, 0x18, 0xF8, 0xE3, 0xD2,
    0x23, 0xC7, 0xAF, 0xFA, 0x72, 0x77, 0x8E, 0xA2, 0xF0, 0x80, 0x25, 0x00, 0x59, 0xC7, 0x49, 0x96,
    0x7A, 0x0A, 0xFE, 0x55, 0xAD, 0x24, 0x9E, 0xAB, 0x2C, 0x6D, 0xD8, 0x8F, 0xE0, 0x87, 0xC8, 0x00,
    0x3C, 0xF3, 0xD3, 0xFF, 0xE8, 0x62, 0xAD, 0x2E, 0x8B, 0x57, 0x80, 0xCB, 0x4A, 0xEE, 0x35, 0x48,
    0x80, 0x25, 0x00, 0x70, 0x42, 0xB4, 0x0B, 0x67, 0x42, 0x06, 0x07, 0x83, 0xC0, 0x8E, 0xC3, 0x80,
    0x80, 0x45, 0x00, 0x5A, 0x4A, 0xE6, 0x61, 0xC7, 0x45, 0x6E, 0x5B, 0xAF, 0x30, 0x00, 0x37, 0x50,
    0x4F, 0x52, 0xA8, 0x73, 0x55, 0x4F, 0x5D, 0x46, 0xAF, 0xD2, 0xD3, 0x72, 0xB0, 0x49, 0x6A, 0x59,
    0xAB, 0xC4, 0x97, 0x74, 0x53, 0xC2, 0xD4, 0x5E, 0xA7, 0x36, 0xE0, 0xDD, 0x1E, 0x96, 0xF9, 0x37,
    0x04, 0xA0, 0x75, 0x33, 0x80, 0x87, 0xB4, 0x00, 0x15, 0xE5, 0x7F, 0xDE, 0xBC, 0x43, 0x82, 0x7B,
    0xDF, 0xC9, 0x72, 0xE7, 0xB9, 0x29, 0xF5, 0x5C, 0xF8, 0x55, 0x6A, 0x6A, 0x53, 0x77, 0x6C, 0xD0,
    0x51, 0xF4, 0xA7, 0x60, 0xB3, 0xA0, 0x00, 0x41, 0x4F, 0x9B, 0x0E, 0xBA, 0x65, 0x6D, 0x5E, 0x66,
    0x0F, 0x58, 0x8A, 0x3A, 0xE0, 0x17, 0x9E, 0x78, 0xA5, 0xBF, 0x6F, 0xDB, 0x23, 0xCB, 0x12, 0xB3,
    0x7B, 0x2B, 0x27, 0x1B, 0x56, 0x08, 0xF2, 0x26, 0x8A, 0xDB, 0xB9, 0x06, 0xF5, 0x4E, 0x96, 0xEC,
    0x50, 0x10, 0x00, 0x6F, 0x20, 0x01, 0x25, 0xCF, 0x5B, 0xD1, 0x19, 0x48, 0xE9, 0x7D, 0x88, 0x09,
    0x08, 0x06, 0xD4, 0xD8, 0x3D, 0x9D, 0x2C, 0x28, 0x94, 0xF5, 0x74, 0x38, 0xC6, 0x15, 0x58, 0x3A,
    0xBE, 0xCC, 0x58, 0xB2, 0x28, 0x05, 0xCC, 0x3D, 0x7E, 0x99, 0x87, 0x91, 0x00, 0x46, 0x72, 0x15,
    0x9D, 0x28, 0x15, 0x67, 0xFE, 0x6C, 0x00, 0x72, 0x50, 0x15, 0x89, 0xA2, 0x25, 0x1D, 0x27, 0x83,
    0x3F, 0xD4, 0x07, 0x5C, 0x9F, 0x32, 0xDC, 0x88, 0x25, 0x22, 0xC5, 0xD2, 0x3D, 0x2F, 0xB1, 0x62,
    0xC8, 0xE2, 0x18, 0x3E, 0xD0, 0xE5, 0x67, 0x08, 0x21, 0xF4, 0xDA, 0x35, 0x89, 0xD9, 0xFF, 0x0D,
    0x20, 0x81, 0x27, 0x00, 0x39, 0x68, 0x64, 0x5E, 0x39, 0xD0, 0xD7, 0x67, 0x21, 0x73, 0x17, 0x82,
    0x47, 0x00, 0x23, 0xFF, 0xC8, 0x26, 0x76, 0x32, 0xB3, 0x53, 0x94, 0x7B, 0x16, 0x80, 0x85, 0xD3,
    0x00, 0x3E, 0xE9, 0x89, 0x69, 0xE6, 0x5F, 0x33, 0x0C, 0x67, 0x76, 0x54, 0x1D, 0xD2, 0x05, 0x4A,
    0x87, 0xAA, 0x00, 0x1E, 0x42, 0x59, 0x18, 0x2F, 0x47, 0xFD, 0xE5, 0xDF, 0x53, 0x7B, 0xFF, 0x23,
    0x9F, 0xD0, 0xF0, 0x40, 0x87, 0x89, 0x00, 0xF3, 0x79, 0xAF, 0x1C, 0x28, 0x9B, 0x19, 0xE1, 0xA6,
    0xAF, 0x6F, 0x20, 0x87, 0xA9, 0x00, 0xF3, 0x34, 0x93, 0x90, 0x1F, 0xCF, 0x2B, 0x85, 0xB4, 0x2F,
    0x83, 0xDC, 0x87, 0x27, 0x00, 0x52, 0xEA, 0x7E, 0xE2, 0x16, 0x67, 0x70, 0x5C, 0x94, 0xD9, 0x76,
    0xCE, 0xC5, 0xCF, 0xA0, 0x80, 0x87, 0x47, 0x00, 0x4C, 0xA5, 0x58, 0x3D, 0xDC, 0x97, 0xA4, 0xCB,
    0xE7, 0x32, 0xBE, 0xA6, 0x63, 0x53, 0x4C, 0xC0, 0x00, 0x2C, 0xC8, 0xC7, 0x08, 0x60, 0x4F, 0x67,
    0x8D, 0xBA, 0x87, 0x1E, 0x78, 0x2D, 0x48, 0xBC, 0xAA, 0xE8, 0xEB, 0x67, 0xD3, 0x42, 0x73, 0x5D,
    0x8B, 0x2E, 0x87, 0x7F, 0x8C, 0x30, 0x27, 0x17, 0xF6, 0xD5, 0x34, 0xC0, 0x00, 0x1D, 0x4E, 0x29,
    0x4E, 0x3B, 0x9F, 0x80, 0xBD, 0x54, 0xF6, 0x1F, 0xB8, 0x61, 0x84, 0x67, 0x77, 0xAA, 0x52, 0x4C,
    0x6F, 0x4E, 0x88, 0x95, 0xD9, 0x84, 0x1D, 0x3B, 0xF3, 0xA4, 0xDE, 0x41, 0x66, 0xC8, 0xE8, 0xD7,
    0x55, 0x74, 0x3A, 0xEC, 0x3A, 0xBA, 0xD8, 0x80, 0x29, 0x00, 0x5A, 0x1A, 0xD5, 0x36, 0xA2, 0x16,
    0xDD, 0x95, 0x90, 0xF8, 0x39, 0xA8, 0x58, 0xD3, 0x7D, 0x47, 0x13, 0xF9, 0x19, 0x80, 0x49, 0x00,
    0x4D, 0xF5, 0x7C, 0x3E, 0x03, 0x57, 0x27, 0x60, 0x0B, 0x0E, 0x59, 0x58, 0xA7, 0x7E, 0x3B, 0x50,
    0x1D, 0xC0, 0x80, 0x29, 0x00, 0x41, 0x45, 0x63, 0xCB, 0x99, 0x97, 0x9E, 0x2B, 0xA5, 0xB3, 0x40,
    0x20, 0x03, 0xA5, 0x5A, 0xBB, 0x7C, 0xB2, 0x1C, 0x66, 0x80, 0x49, 0x00, 0x34, 0xD7, 0x51, 0xC8,
    0x36, 0xCE, 0x2A, 0x3F, 0xFC, 0xE1, 0x40, 0x9B, 0x2C, 0x18, 0x17, 0x3C, 0x5C, 0x80, 0x29, 0x00,
    0x6F, 0x49, 0x47, 0xAD, 0x2E, 0xAF, 0x6C, 0xFB, 0x91, 0xE9, 0x40, 0x3C, 0x54, 0xA5, 0xCC, 0x80,
    0x49, 0x00, 0x64, 0x83, 0xA3, 0xBD, 0xF7, 0x53, 0xFA, 0x2A, 0x20, 0xC3, 0xE8, 0x8C, 0xE2, 0x87,
    0x29, 0x00, 0x9D, 0x78, 0xFD, 0x3D, 0xF4, 0x90, 0x90, 0x18, 0xCE, 0x04, 0x31, 0x61, 0x90, 0x7C,
    0xB0, 0x5E, 0xB0, 0x80, 0x49, 0x00, 0x69, 0xA9, 0xB9, 0x6E, 0xC6, 0xCD, 0xED, 0xE3, 0xF8, 0x69,
    0xFE, 0x7A, 0xC0, 0x80, 0x2A, 0x00, 0x62, 0x7E, 0xFE, 0x0D, 0x09, 0x31, 0xEE, 0x1B, 0x2A, 0x5A,
    0x32, 0xB9, 0xD3, 0x88, 0x66, 0x24, 0xE5, 0xC8, 0xA0, 0xDA, 0xFA, 0x29, 0xFD, 0xDD, 0xFE, 0x00,
    0x12, 0xC5, 0xC2, 0x53, 0x70, 0x0E, 0x7D, 0x90, 0xA4, 0x67, 0x0C, 0x80, 0x44, 0x00, 0x32, 0x4D,
    0x58, 0xF3, 0xA9, 0xA2, 0x8E, 0xB8, 0xBC, 0x86, 0xDC, 0x8B, 0x1F, 0xF1, 0x82, 0x38, 0x2C, 0x88,
    0xBD, 0x1A, 0x4D, 0xD8, 0x26, 0x74, 0x8D, 0x3C, 0xA3, 0xDF, 0xCC, 0xA3, 0x1A, 0x00, 0x1E, 0x27,
    0x5C, 0x28, 0x51, 0x62, 0x09, 0xC2, 0x16, 0x04, 0xD1, 0x2C, 0xC6, 0xDF, 0x39, 0x7D, 0xB4, 0x47,
    0x4A, 0x66, 0x71, 0x7B, 0x14, 0x97, 0x47, 0xE7, 0xB1, 0x99, 0xDE, 0xF5, 0xEC, 0xCF, 0xA1, 0x82,
    0xEE, 0xF6, 0x04, 0xE1, 0x9F, 0x20, 0x87, 0x44, 0x00, 0x71, 0xE9, 0xF9, 0x35, 0xCE, 0xF9, 0xE3,
    0xE9, 0xC5, 0xC5, 0x9B, 0x69, 0xB3, 0xF3, 0xAC, 0xB9, 0x21, 0xFC, 0xE0, 0x70, 0x98, 0xE2, 0xD7,
    0x50, 0x19, 0x72, 0x8E, 0x7C, 0x64, 0xBC, 0xFC, 0xB0, 0x87, 0x8E, 0x00, 0xF5, 0x8F, 0x1E, 0xF2,
    0x86, 0xF6, 0x0A, 0xA0, 0x08, 0x9D, 0x3A, 0x7B, 0x3F, 0x69, 0x90, 0x6E, 0x9C, 0x00, 0x66, 0xF1,
    0xB8, 0xB5, 0xC8, 0x4D, 0x0C, 0xBE, 0x37, 0xF9, 0xBD, 0x59, 0xA4, 0x5B, 0xC7, 0x27, 0xB1, 0xD7,
    0x8D, 0x34, 0xF2, 0xEA, 0xB8, 0x30, 0x89, 0x90, 0x00, 0x4C, 0x3D, 0xE8, 0x35, 0x36, 0x45, 0xEC,
    0xAD, 0x04, 0x64, 0x60, 0x89, 0xB0, 0x00, 0xAE, 0xCB, 0x85, 0xD3, 0xE2, 0x5F, 0xEB, 0xDF, 0x8C,
    0xB0, 0x87, 0x8E, 0x00, 0x20, 0x80, 0xE6, 0x2B, 0x3C, 0x2C, 0x4B, 0x5E, 0x58, 0xC9, 0x8E, 0x10,
    0x3C, 0x87, 0xAE, 0x00, 0x0D, 0x68, 0x98, 0xED, 0x0F, 0x17, 0xE2, 0x9F, 0xA1, 0xBA, 0x28, 0xD0,
    0x80, 0x87, 0x2B, 0x00, 0x42, 0x46, 0xFC, 0xA1, 0x44, 0x91, 0x65, 0xD3, 0x95, 0xB9, 0xF8, 0x81,
    0x27, 0x00, 0x4E, 0x89, 0x13, 0x6B, 0xA5, 0x03, 0xBA, 0xDA, 0xC8, 0xD3, 0x94, 0x11, 0xE2, 0xBE,
    0x18, 0xB0, 0x50, 0xF5, 0x4C, 0xA9, 0xFF, 0x44, 0xD9, 0xCC, 0xC0, 0x87, 0x8D, 0x00, 0xF3, 0x62,
    0x8C, 0xF6, 0x55, 0x20, 0xD8, 0x60, 0x6C, 0x41, 0xE0, 0x8E, 0xAD, 0x00, 0x88, 0xB7, 0x00, 0x18,
    0x5C, 0x5A, 0x19, 0x97, 0xB0, 0xBE, 0x20, 0x3C, 0xE2, 0xC2, 0xBD, 0xEF, 0xA8, 0x9F, 0xFB, 0x36,
    0x6B, 0x20, 0xC2, 0x17, 0xB3, 0xA5, 0x08, 0x9E, 0xDF, 0x67, 0xFE, 0xB3, 0x51, 0x48, 0x0D, 0x6F,
    0x75, 0x67, 0x20, 0x3A, 0x84, 0xDD, 0x59, 0x3F, 0x98, 0x00, 0x30, 0x93, 0xB3, 0xE3, 0x4F, 0xFE,
    0xB1, 0x08, 0xBD, 0x6E, 0xFD, 0xFC, 0x29, 0x95, 0xBC, 0xD5, 0xF5, 0xE9, 0xD3, 0xD1, 0x38, 0x9C,
    0xAA, 0x65, 0xC7, 0x14, 0x32, 0xD7, 0x84, 0xF9, 0x9A, 0x42, 0x42, 0xCA, 0x66, 0xDD, 0x9A, 0x7F,
    0xD8, 0x34, 0x00, 0x62, 0x16, 0xEB, 0xF8, 0xC1, 0xCE, 0x92, 0xEB, 0x36, 0xB4, 0xAD, 0xF6, 0xDB,
    0x91, 0x7E, 0x0B, 0x21, 0xCA, 0xE6, 0x15, 0x73, 0x39, 0x6B, 0xA5, 0xE9, 0xB2, 0x78, 0x94, 0xB8,
    0x8C, 0x0C, 0x70, 0x00, 0x4D, 0xDB, 0x02, 0xCC, 0x7B, 0x58, 0x0F, 0x1E, 0x33, 0x2A, 0x96, 0xE5,
    0xC5, 0xBD, 0xFA, 0x78, 0xAB, 0x4E, 0xE7, 0x11, 0x64, 0x97, 0x1C, 0x5F, 0x7E, 0x16, 0x53, 0x87,
    0x2D, 0x00, 0x65, 0xA6, 0x4E, 0xC0, 0x9C, 0x6A, 0x86, 0xB4, 0xD9, 0x68, 0xC5, 0x64, 0xB8, 0xEF,
    0x53, 0x30, 0x87, 0x4D, 0x00, 0x6F, 0x6B, 0xA0, 0xDF, 0xED, 0x32, 0xE5, 0xBF, 0x01, 0x91, 0x38,
    0x11, 0x01, 0x36, 0xA0, 0x8E, 0x4D, 0x00, 0xFD, 0xF3, 0x9C, 0xB0, 0x6A, 0xB6, 0x56, 0x4A, 0xC0,
    0x00, 0x4D, 0x64, 0x91, 0xFD, 0xEB, 0x40, 0xFC, 0xD9, 0xD9, 0x0B, 0x05, 0x8B, 0xA9, 0x98, 0x37,
    0x89, 0xD1, 0x7A, 0x96, 0x2B, 0x4E, 0x03, 0x7C, 0xD0, 0x00, 0x53, 0x23, 0x64, 0xB3, 0xF4, 0x0C,
    0xC7, 0x4D, 0x91, 0x92, 0x69, 0x98, 0xDD, 0xAA, 0xF8, 0x7B, 0xE2, 0x03, 0x9C, 0x77, 0x45, 0x77,
    0x87, 0x2E, 0x00, 0x73, 0x30, 0x88, 0x0E, 0xA9, 0x5D, 0xE3, 0xF0, 0xF2, 0x82, 0x87, 0xF0, 0x00,
    0x3F, 0x57, 0xCE, 0xC1, 0x97, 0xB1, 0x5F, 0x93, 0x12, 0x13, 0x46, 0xDF, 0x63, 0x05, 0x2B, 0x69,
    0x34, 0x0D, 0x50, 0x87, 0xD9, 0x00, 0x72, 0x0D, 0x8E, 0x2B, 0x78, 0xEA, 0x99, 0x90, 0x4F, 0xB5,
    0xE6, 0x6B, 0x8D, 0x3E, 0xF1, 0x52, 0xD4, 0x42, 0xBA, 0x00, 0x27, 0x30, 0x83, 0xBD, 0xF9, 0xBD,
    0x60, 0x36, 0xCA, 0x28, 0xB6, 0xB8, 0x03, 0xC6, 0x68, 0x37, 0xBB, 0x3D, 0x0D, 0x64, 0xE0, 0x8F,
    0xFA, 0x00, 0x6E, 0x85, 0xCE, 0x6E, 0x9B, 0xEB, 0x82, 0x84, 0xED, 0xA6, 0x8E, 0xFB, 0x00, 0x77,
    0x6D, 0xFC, 0x45, 0xDD, 0x18, 0xBE, 0x55, 0x35, 0xC7, 0x80, 0x00, 0x32, 0x7C, 0x22, 0x2D, 0xA9,
    0x0E, 0x59, 0x36, 0xCC, 0xD9, 0xB8, 0x31, 0xD6, 0x0A, 0x84, 0x88, 0x46, 0x2B, 0x44, 0x2D, 0x88,
    0x18, 0xB7, 0x56, 0xA0, 0x00, 0x3D, 0xBD, 0xF5, 0x44, 0xE2, 0x53, 0x72, 0x5C, 0x41, 0xA9, 0x2E,
    0x41, 0x70, 0x9B, 0x8A, 0x04, 0x57, 0x70, 0xC8, 0x06, 0x25, 0xC0, 0x87, 0x92, 0x00, 0x6E, 0xE4,
    0x6A, 0x93, 0x15, 0xD5, 0x23, 0xB6, 0x6C, 0xDB, 0x2A, 0xCD, 0x4D, 0x08, 0xAD, 0x49, 0xB9, 0x30,
    0x00, 0x66, 0x8E, 0x15, 0xD3, 0x69, 0x83, 0x44, 0x4C, 0x49, 0x31, 0xEB, 0xB9, 0x02, 0x07, 0xED,
    0x32, 0x78, 0x46, 0xFB, 0xCD, 0xED, 0x65, 0xFF, 0xA7, 0x31, 0x80, 0x9F, 0x57, 0xA8, 0x16, 0xF6,
    0xB0, 0x87, 0x30, 0x00, 0x81, 0x47, 0x94, 0x99, 0xFF, 0x0B, 0x05, 0xAF, 0x58, 0x9C, 0xA5, 0xF8,
    0x22, 0xCB, 0xE4, 0xD1, 0x8E, 0x05, 0x01, 0x76, 0x97, 0x3F, 0xE8, 0x1C, 0x2D, 0xEC, 0xE5, 0xE0,
    0x19, 0x13, 0x89, 0x40, 0x87, 0x92, 0x00, 0x4B, 0xD8, 0x31, 0xC5, 0x8B, 0xAB, 0x84, 0xC1, 0x49,
    0x27, 0xB1, 0xF8, 0x85, 0xD2, 0xF4, 0x5D, 0x78, 0x6B, 0x6C, 0x0C, 0xFC, 0x00, 0x2C, 0xC4, 0x09,
    0x72, 0x63, 0x40, 0x50, 0xB6, 0xEF, 0xBE, 0x68, 0x44, 0x8B, 0x5E, 0xAB, 0xD0, 0x9B, 0xA4, 0x93,
    0x10, 0x63, 0x40, 0x60, 0xC0, 0xEB, 0x12, 0x7C, 0xB6, 0x94, 0xEA, 0xF4, 0x10, 0xE9, 0x60, 0x82,
    0xA4, 0x00, 0x15, 0x30, 0xBA, 0xE3, 0x1C, 0xE4, 0xDF, 0xB7, 0xE0, 0x4A, 0x82, 0x4E, 0x9C, 0xAE,
    0x4D, 0x44, 0xD2, 0xF5, 0x82, 0xB3, 0x38, 0x7C, 0x1B, 0x52, 0xAA, 0x67, 0x14, 0x05, 0x77, 0xD9,
    0x8D, 0xAE, 0xB5, 0xEE, 0xE4, 0xE0, 0x87, 0x30, 0x00, 0x82, 0xC4, 0xE4, 0xE5, 0x4C, 0xBF, 0x37,
    0xF5, 0xB1, 0xA6, 0x4A, 0xFF, 0xFE, 0xA9, 0xC9, 0x2A, 0x0E, 0x44, 0x76, 0xEF, 0x2B, 0xFB, 0x5F,
    0x3F, 0x05, 0x5F, 0xBE, 0x15, 0x70, 0x7D, 0xE4, 0xF4, 0xF7, 0x1F, 0x86, 0xA0, 0x8E, 0x05, 0x01,
    0x76, 0x97, 0x3F, 0xE8, 0x17, 0xE9, 0x58, 0xBD, 0x62, 0x4F, 0xF5, 0xC5, 0x38, 0x82, 0x31, 0x00,
    0x47, 0x24, 0x89, 0x48, 0x7D, 0x28, 0xBF, 0x30, 0x73, 0x46, 0xC2, 0x1E, 0xD0, 0x82, 0x51, 0x00,
    0x24, 0x28, 0xCF, 0x46, 0x7C, 0x72, 0xEB, 0x3B, 0xDD, 0x50, 0x87, 0x94, 0x00, 0x44, 0x10, 0xB3,
    0xC0, 0x4D, 0xF0, 0xDA, 0x14, 0xF9, 0x34, 0x51, 0xFA, 0x18, 0x42, 0x7B, 0xEA, 0x22, 0x87, 0xB7,
    0x00, 0x24, 0xC5, 0xD1, 0xA1, 0x86, 0x56, 0x2D, 0xC6, 0x7C, 0x69, 0x11, 0x93, 0xC9, 0x9E, 0x00,
    0x5E, 0x9D, 0xF9, 0xC0, 0x1E, 0xA3, 0xCE, 0xA5, 0xE6, 0xAE, 0x30, 0xD9, 0x24, 0x35, 0xF3, 0x79,
    0xA1, 0xC1, 0x2B, 0xCE, 0x9D, 0xA1, 0x1C, 0x19, 0xFF, 0xFC, 0xA0, 0xC5, 0xC2, 0xF9, 0x75, 0x73,
    0xF7, 0x13, 0x2E, 0x4C, 0x47, 0x00, 0x06, 0x2D, 0x8B, 0xA5, 0x9E, 0xF8, 0xCC, 0x00, 0x40, 0x1B,
    0xA0, 0x31, 0x0E, 0x94, 0x66, 0x6D, 0xDF, 0x0A, 0x97, 0x1F, 0xAA, 0xBC, 0xFE, 0xC9, 0x3F, 0x6A,
    0xC4, 0x3C, 0x54, 0x36, 0xFE, 0xAF, 0x30, 0xC5, 0x54, 0xF5, 0xBE, 0x99, 0x14, 0x31, 0x22, 0x10,
    0x27, 0x1D, 0x32, 0xDC, 0x00, 0xB1, 0x7D, 0x8A, 0xDA, 0xD6, 0x7C, 0xEB, 0xD8, 0x8A, 0xFD, 0xA4,
    0x8D, 0x8B, 0xE5, 0xF4, 0x39, 0x54, 0x9A, 0x3F, 0x0D, 0xED, 0xF9, 0x38, 0x44, 0xBB, 0x34, 0x5F,
    0xA7, 0x0B, 0x18, 0xF0, 0x07, 0x91, 0xF2, 0x2F, 0x6D, 0x9B, 0x58, 0xB0, 0x87, 0xA7, 0x00, 0x36,
    0xD7, 0x44, 0x31, 0x40, 0x85, 0xC9, 0x3D, 0x98, 0x9E, 0xD3, 0xA7, 0x13, 0xCE, 0x67, 0xFE, 0xDF,
    0x0F, 0x7F, 0xF9, 0x04, 0x33, 0xF8, 0xCE, 0x0F, 0xD1, 0x8E, 0xD7, 0x7C, 0xA8, 0xFF, 0x81, 0x70,
    0x44, 0x8D, 0x9E, 0x84, 0x8F, 0x14, 0x7C, 0x44, 0x40, 0x00, 0x69, 0xA9, 0x99, 0xD4, 0xB0, 0x8E,
    0x04, 0x76, 0x04, 0xB8, 0x52, 0x55, 0x1C, 0xDB, 0x9B, 0x9C, 0x95, 0xF9, 0x32, 0x74, 0xBB, 0x49,
    0xC4, 0xE3, 0x7D, 0x7D, 0x35, 0x25, 0xF2, 0xF5, 0x70, 0xF7, 0xD2, 0x38, 0x52, 0x1E, 0x27, 0xDF,
    0x36, 0x8A, 0xC6, 0xB3, 0x7B, 0x00, 0x55, 0xE6, 0x22, 0x8D, 0x56, 0x05, 0x75, 0x64, 0x11, 0x3E,
    0x97, 0xA1, 0xE7, 0x32, 0xB8, 0xD0, 0x1E, 0x71, 0xA5, 0x11, 0xE0, 0x33, 0xCB, 0x48, 0xD0, 0x87,
    0x28, 0x00, 0x62, 0xF2, 0x87, 0xEF, 0x8A, 0xE9, 0xFB, 0x1E, 0xCF, 0x97, 0x1B, 0x15, 0xFF, 0xF9,
    0x0D, 0x27, 0xB6, 0x53, 0xF7, 0x38, 0xA9, 0x02, 0x66, 0x30, 0xE3, 0x50, 0x5D, 0xE2, 0x82, 0xFA,
    0xC1, 0x2C, 0x64, 0x6F, 0x58, 0x30, 0x00, 0x6E, 0x58, 0x61, 0xA4, 0x48, 0xD9, 0xD3, 0x65, 0x94,
    0xA9, 0x94, 0x1D, 0xCA, 0x81, 0xEF, 0x77, 0x09, 0xD9, 0xA6, 0xE6, 0x73, 0x3C, 0xCA, 0xF9, 0x1C,
    0x82, 0x76, 0x00, 0x37, 0x51, 0x70, 0xE2, 0x5F, 0x04, 0xD1, 0x68, 0xAC, 0x82, 0x42, 0x6E, 0x34,
    0x00, 0x7D, 0x36, 0xB2, 0x1E, 0x42, 0x14, 0xEF, 0xFE, 0x38, 0x41, 0x87, 0x65, 0x98, 0xBD, 0x26,
    0xD7, 0x8C, 0x58, 0x84, 0x20, 0xE4, 0xED, 0x35, 0xEB, 0xEC, 0x5F, 0xD2, 0x85, 0x43, 0x40, 0x87,
    0xFF, 0x00, 0x22, 0xE6, 0xF0, 0x8B, 0x38, 0x9E, 0x9F, 0x7D, 0x2D, 0x0B, 0x31, 0x28, 0x81, 0x18,
    0x70, 0x9C, 0x8B, 0x8E, 0xEB, 0x9E, 0xFF, 0x94, 0x9A, 0x01, 0xE8, 0x80, 0x35, 0x00, 0x67, 0x0D,
    0xB1, 0xDC, 0x19, 0xA8, 0x04, 0x1B, 0x0D, 0xB2, 0xEA, 0x10, 0x00, 0x4D, 0x64, 0x88, 0x45, 0x17,
    0xD3, 0x1C, 0xD6, 0x86, 0x89, 0x0F, 0x71, 0xED, 0x60, 0x53, 0xBA, 0x68, 0x2C, 0xD9, 0x0E, 0x5F,
    0xE7, 0x49, 0x4C, 0x8B, 0x77, 0x04, 0x63, 0x67, 0xD2, 0x5E, 0x7F, 0x0D, 0x08, 0x80, 0x35, 0x00,
    0x4D, 0xF3, 0x20, 0x2B, 0xBB, 0xD5, 0x9A, 0xF0, 0x14, 0x76, 0x6F, 0x6D, 0x97, 0x8A, 0x69, 0x30,
    0x87, 0x1C, 0x01, 0x35, 0x7A, 0x0B, 0x7C, 0xF9, 0x8D, 0x1B, 0x26, 0x59, 0xC0, 0x3A, 0x86, 0x1B,
    0x79, 0xF5, 0x18, 0x0C, 0x87, 0x35, 0x00, 0x97, 0x94, 0xF9, 0x06, 0xAA, 0xE7, 0x5B, 0xED, 0xBE,
    0x3D, 0xAF, 0xF0, 0x10, 0xB4, 0x6F, 0x20, 0xC0, 0x87, 0x55, 0x00, 0x47, 0x86, 0xB2, 0x91, 0x68,
    0x2D, 0x56, 0x66, 0x7A, 0xE4, 0x5D, 0x15, 0xA5, 0x1C, 0x07, 0x80, 0x00, 0x28, 0x90, 0xFA, 0x2C,
    0xF2, 0xC3, 0x84, 0x89, 0xCD, 0x6B, 0x48, 0x19, 0xE2, 0x89, 0x58, 0xF8, 0xE8, 0xE3, 0x2B, 0xBE,
    0x39, 0x1C, 0x01, 0x9D, 0xD4, 0x90, 0x32, 0xF3, 0xB1, 0x2F, 0x8E, 0x4D, 0x83, 0x8C, 0xB1, 0xAE,
    0x56, 0x57, 0xEF, 0x00, 0x15, 0x86, 0x38, 0xAA, 0x3F, 0x96, 0x4E, 0x6C, 0x6D, 0xB0, 0x71, 0x3A,
    0xCC, 0x0D, 0xB6, 0xFC, 0x06, 0x8F, 0x35, 0x8E, 0x8D, 0xCC, 0x13, 0xF5, 0x40, 0x01, 0xA2, 0x1E,
    0x27, 0xFB, 0x67, 0x61, 0x70, 0xDE, 0xCA, 0xE9, 0xA6, 0x98, 0x87, 0x36, 0x00, 0x52, 0xE4, 0x87,
    0x9B, 0xFC, 0x27, 0x4F, 0xBE, 0xF1, 0xCB, 0x85, 0xF8, 0xE5, 0xCD, 0x87, 0x56, 0x00, 0xA1, 0xCF,
    0x96, 0xC4, 0xAB, 0x66, 0x95, 0x98, 0x2B, 0xE4, 0xB3, 0x1F, 0xDA, 0x58, 0x28, 0x40, 0x80, 0x36,
    0x00, 0x1F, 0x0E, 0x44, 0xA9, 0xDD, 0x09, 0xFD, 0x8D, 0xFC, 0xA6, 0x1D, 0x5D, 0x40, 0x93, 0x49,
    0xC1, 0x05, 0xF2, 0x10, 0xF5, 0x89, 0x3F, 0x16, 0xF5, 0x48, 0x00, 0x67, 0xCF, 0x31, 0x4A, 0x79,
    0x2E, 0x83, 0x5C, 0x3D, 0x5A, 0xE2, 0xE6, 0x11, 0xE2, 0x72, 0xEA, 0x5F, 0xED, 0x48, 0xA6, 0x32,
    0x85, 0xAF, 0xC4, 0xE1, 0xDE, 0xA5, 0xDF, 0x87, 0x23, 0x01, 0x52, 0xE4, 0x6C, 0x1B, 0xD4, 0xB7,
    0xD7, 0x11, 0x8C, 0xA5, 0x13, 0x00, 0x8B, 0xA4, 0x88, 0xC1, 0x8A, 0x6F, 0x05, 0x2E, 0x7A, 0x60,
    0x71, 0xA7, 0xD2, 0x6A, 0x8D, 0x7E, 0x7A, 0x79, 0x16, 0xA2, 0x19, 0xAB, 0xE0, 0xC9, 0x0F, 0x5C,
    0x62, 0x60, 0x87, 0x9A, 0x00, 0xF6, 0xA4, 0xE8, 0x53, 0x97, 0x03, 0xC0, 0xED, 0xCD, 0x34, 0xAA,
    0x5D, 0xCA, 0x8C, 0xC4, 0xB6, 0xC2, 0x75, 0x88, 0x80, 0x57, 0x00, 0x78, 0x0C, 0x9C, 0x5E, 0xB7,
    0x18, 0x3D, 0x98, 0x6B, 0x1A, 0xAF, 0xC2, 0x4F, 0xFE, 0xAA, 0x77, 0x81, 0x37, 0x00, 0x33, 0x67,
    0x3D, 0x8C, 0xEA, 0xAC, 0x2D, 0xE5, 0xF6, 0xD5, 0xC1, 0x40, 0x82, 0x57, 0x00, 0x2F, 0x0A, 0x9C,
    0xF4, 0x71, 0x9A, 0xE8, 0x74, 0xBA, 0xAD, 0x96, 0x87, 0x9B, 0x00, 0x3A, 0x0A, 0xC7, 0x73, 0x91,
    0x53, 0x64, 0xFF, 0xDB, 0x47, 0xB8, 0x37, 0xF6, 0x3F, 0xBD, 0xE0, 0x87, 0xBB, 0x00, 0x2B, 0xA6,
    0xAF, 0xEA, 0xEE, 0x92, 0xC7, 0xAA, 0x6A, 0x49, 0x82, 0xE3, 0x63, 0x2C, 0xD8, 0x83, 0x2B, 0x01,
    0x54, 0x21, 0x8A, 0x9D, 0x7E, 0xDD, 0xF8, 0xEB, 0x20, 0x8E, 0x64, 0x3D, 0x86, 0x4A, 0x12, 0x6B,
    0xE9, 0xDB, 0xB3, 0x39, 0x85, 0xBB, 0x00, 0x46, 0x54, 0xF2, 0xB6, 0x25, 0x8A, 0xE0, 0xFC, 0xD0,
    0xE8, 0x68, 0x59, 0x8B, 0x44, 0xB3, 0xF6, 0x40, 0x00, 0x52, 0xC4, 0xDC, 0xAD, 0xEE, 0xA6, 0x3F,
    0x7C, 0x4D, 0xFD, 0xC5, 0x64, 0x40, 0x6E, 0x75, 0x0C, 0xB1, 0xAC, 0xA1, 0x6A, 0x28, 0x79, 0x94,
    0x78, 0x99, 0x4C, 0xF1, 0xB2, 0xFC, 0xC1, 0x04, 0x6E, 0x52, 0xD3, 0xD4, 0xC3, 0x0D, 0x96, 0x3E,
    0x1F, 0xBC, 0x80, 0x00, 0x49, 0xA6, 0x6A, 0x18, 0x2D, 0x93, 0x55, 0x5A, 0x98, 0x28, 0x5A, 0xA9,
    0xD0, 0xC2, 0x8B, 0xD6, 0xAD, 0x42, 0xB6, 0x11, 0xB2, 0x73, 0xA2, 0x13, 0x02, 0x9C, 0xF8, 0x48,
    0x00, 0xCE, 0x67, 0xDE, 0xDD, 0xF2, 0xD6, 0xA0, 0x87, 0x37, 0x00, 0x80, 0xAF, 0xB1, 0x6C, 0xC7,
    0x1D, 0x86, 0x5F, 0x61, 0x4B, 0xBC, 0xF3, 0xD6, 0x38, 0x97, 0xB8, 0x87, 0x57, 0x00, 0xB7, 0x77,
    0x69, 0x19, 0x25, 0x8C, 0x1F, 0xCF, 0xC9, 0xDF, 0x81, 0x2F, 0x62, 0x6C, 0x8C, 0x80, 0x39, 0x00,
    0x59, 0x21, 0xD1, 0xA1, 0x73, 0x93, 0x0A, 0xDE, 0xC8, 0xB2, 0x98, 0x3C, 0x01, 0xAC, 0x6D, 0xE7,
    0x9D, 0x2B, 0x53, 0xF3, 0x35, 0x28, 0xB3, 0x22, 0xE1, 0xBC, 0xB5, 0xAE, 0x6A, 0x1C, 0xAB, 0x40,
    0x84, 0x38, 0xD9, 0x35, 0x7D, 0xFF, 0x4D, 0x37, 0xC8, 0xBE, 0x80, 0x59, 0x00, 0x4C, 0xE2, 0x70,
    0x5F, 0x00, 0xF9, 0x67, 0x5F, 0x72, 0x1B, 0xBC, 0x25, 0x9B, 0xFA, 0x82, 0xD3, 0xA9, 0x80, 0x87,
    0x9E, 0x00, 0x35, 0x79, 0x92, 0xBF, 0xAE, 0x33, 0x4F, 0x30, 0xFC, 0x69, 0xC1, 0x33, 0x53, 0x7F,
    0xDE, 0x25, 0xA0, 0x80, 0x5B, 0x00, 0x52, 0x50, 0x48, 0x98, 0x6F, 0xB7, 0x0F, 0x12, 0x78, 0xEE,
    0x63, 0xA1, 0x0D, 0x30, 0x34, 0x9C, 0xAC, 0xE0, 0x87, 0x9E, 0x00, 0xF9, 0xB8, 0xAC, 0xF6, 0xBD,
    0x02, 0x53, 0x15, 0xA5, 0x4E, 0xBC, 0xC0, 0x6E, 0x39, 0x5D, 0x40, 0x80, 0x3C, 0x00, 0x69, 0x9C,
    0x88, 0x29, 0xA2, 0xE1, 0x8A, 0x19, 0x87, 0xCE, 0x77, 0xB0, 0x33, 0xC6, 0xB4, 0x5C, 0xB9, 0xC6,
    0x06, 0x28, 0xAF, 0xE2, 0x8E, 0x2F, 0x4B, 0xE3, 0x1E, 0x45, 0xA0, 0x00, 0x5E, 0x62, 0xB7, 0xAB,
    0xD4, 0x56, 0x57, 0x7A, 0x02, 0x03, 0xAC, 0xED, 0xC6, 0x4B, 0xFE, 0x4F, 0x4D, 0xC4, 0xED, 0x6B,
    0xF5, 0xFF, 0xAF, 0x6F, 0x0F, 0xDE, 0x98, 0x87, 0x3A, 0x01, 0x66, 0x38, 0x85, 0x2F, 0xD1, 0x7A,
    0xA2, 0x14, 0xDA, 0xCF, 0x11, 0x8B, 0xC8, 0x80, 0x5C, 0x00, 0x5B, 0x57, 0x32, 0xC7, 0x68, 0x4A,
    0xD8, 0xEA, 0x37, 0x4C, 0x00, 0x37, 0x4C, 0x3A, 0x11, 0x51, 0x7B, 0xC4, 0x7D, 0x28, 0xD6, 0xB0,
    0xDB, 0x83, 0xB5, 0x66, 0xB5, 0xF4, 0xF6, 0xDD, 0xEF, 0xB7, 0x91, 0xF5, 0xFE, 0x1E, 0x13, 0x2D,
    0x88, 0x4D, 0x3D, 0xEE, 0xBD, 0x51, 0x4E, 0x60, 0x9C, 0x00, 0x1D, 0x4E, 0xD4, 0x23, 0xBA, 0xFC,
    0xEC, 0xAB, 0xA5, 0xE3, 0xE1, 0xEE, 0x41, 0x72, 0x0A, 0xF1, 0x48, 0x1D, 0xF0, 0x39, 0x65, 0x9B,
    0x67, 0x75, 0xB0, 0x01, 0xBF, 0x54, 0xF2, 0x85, 0xF4, 0x00, 0x6F, 0x2F, 0x0A, 0x01, 0xAD, 0x0D,
    0x85, 0x87, 0x6C, 0x96, 0x4B, 0x43, 0x7C, 0x90, 0x6D, 0x79, 0x35, 0xEF, 0xC8, 0xD1, 0x1B, 0x79,
    0xED, 0xFC, 0x00, 0x94, 0xD5, 0x9E, 0x69, 0xA1, 0x5D, 0xF6, 0x39, 0x42, 0xC1, 0x38, 0xB8, 0x34,
    0x76, 0xDF, 0x34, 0xB9, 0x7D, 0x74, 0xED, 0x47, 0xA2, 0xCE, 0xB3, 0x93, 0xDF, 0x60, 0x9B, 0xFE,
    0x61, 0xFB, 0x78, 0x14, 0x6B, 0x55, 0xAD, 0x80, 0x40, 0x00, 0x85, 0x18, 0x04, 0x7F, 0x50, 0x66,
    0x07, 0x4F, 0xA0, 0xE6, 0x50, 0xAB, 0x54, 0x85, 0xB8, 0x98, 0x5D, 0xF5, 0xC2, 0x2A, 0x8A, 0xAB,
    0xE8, 0x11, 0x88, 0x02, 0xA9, 0x13, 0x55, 0x7D, 0x8E, 0x00, 0x98, 0x88, 0x18, 0xB1, 0xED, 0x6D,
    0xE3, 0x6A, 0x32, 0x6A, 0xB4, 0x9D, 0xE8, 0xBB, 0x3C, 0x37, 0xF0, 0x39, 0x38, 0x4D, 0x78, 0xFE,
    0x34, 0x2D, 0x35, 0xB1, 0xCA, 0x7F, 0xFF, 0xF8, 0xEB, 0x1F, 0xFB, 0x51, 0x1B, 0x60, 0x00, 0x93,
    0x53, 0x46, 0xEF, 0x68, 0x86, 0x10, 0xE3, 0xA7, 0xF6, 0x9E, 0xF6, 0xBE, 0x4F, 0x56, 0xB6, 0x23,
    0x48, 0xFF, 0xE4, 0x58, 0xE3, 0x2D, 0x61, 0x93, 0x07, 0xF0, 0x7D, 0xE6, 0xA5, 0x02, 0x00, 0xAF,
    0x4E, 0x8E, 0xFB, 0x7A, 0x11, 0x9E, 0x44, 0x2A, 0x7A, 0x9B, 0x12, 0x0D, 0x41, 0xDF, 0xED, 0x46,
    0x03, 0xD8, 0xBF, 0x60, 0x04, 0xAA, 0xF4, 0xF8, 0xDA, 0x12, 0xAD, 0xCA, 0x9A, 0x4B, 0xA2, 0xEE,
    0x24, 0x7D, 0x24, 0x5D, 0xED, 0x5F, 0x60, 0x67, 0x3C, 0x2C, 0x81, 0x48, 0xB0, 0x24, 0x07, 0xC6,
    0xD8, 0x1B, 0x4F, 0xE2, 0xE2, 0x34, 0xC6, 0x4D, 0xD9, 0x49, 0xBD, 0x96, 0x7E, 0x39, 0x81, 0x7A,
    0x17, 0x77, 0x00, 0xA6, 0x98, 0x3A, 0x08, 0xD6, 0xF9, 0xBC, 0x72, 0x3B, 0xAB, 0x82, 0x8C, 0x84,
    0xAA, 0xE3, 0x26, 0x82, 0x9E, 0x9D, 0xC9, 0x00, 0xD6, 0x5E, 0x64, 0x16, 0x85, 0x77, 0x22, 0x46,
    0xDF, 0x1F, 0xA1, 0xDE, 0x47, 0x58, 0x68, 0xB7, 0x20, 0xAC, 0x0A, 0x3C, 0x8D, 0xCB, 0x61, 0x48,
    0x2C, 0x64, 0xC4, 0xB5, 0x9E, 0x08, 0x07, 0xD0, 0x00, 0x1D, 0x30, 0x7F, 0xBD, 0x7E, 0xD8, 0x6C,
    0x00, 0x60, 0xEA, 0x77, 0xF8, 0xDD, 0xAC, 0xDE, 0xA2, 0x14, 0x6B, 0x62, 0x1F, 0x98, 0xA9, 0x65,
    0x10, 0xC6, 0xDE, 0xA6, 0xE1, 0xCA, 0x8D, 0x73, 0x6E, 0x5A, 0x71, 0x22, 0xE0, 0x19, 0x68, 0xAD,
    0x4F, 0x36, 0x37, 0xEB, 0xC4, 0x11, 0x12, 0x22, 0x88, 0x1F, 0xC3, 0x8D, 0xB9, 0xB0, 0x73, 0x60,
    0xB4, 0x05, 0xCB, 0x04, 0xA9, 0x9B, 0xD6, 0x16, 0x78, 0x55, 0xEB, 0x33, 0xBE, 0x85, 0xC3, 0x06,
    0xFF, 0x47, 0xC0, 0x00, 0x1E, 0x39, 0x4E, 0xF8, 0x51, 0x7E, 0xF2, 0x56, 0x13, 0xC9, 0x8C, 0x92,
    0x99, 0x32, 0xBC, 0xD8, 0xB2, 0xC2, 0x2A, 0xC9, 0x93, 0xC0, 0xFA, 0x7B, 0xD7, 0x02, 0xAD, 0x79,
    0x62, 0xB7, 0x23, 0x29, 0x8E, 0x72, 0x45, 0xAF, 0x23, 0xFA, 0xC9, 0xC0, 0x85, 0x48, 0x01, 0x9A,
    0xF4, 0xB5, 0x38, 0x7E, 0x46, 0x82, 0x1A, 0x22, 0x71, 0xF2, 0x51, 0xDD, 0x88, 0x5A, 0xC0, 0x82,
    0x55, 0xC3, 0x6D, 0xF1, 0xD1, 0xD1, 0x46, 0x8B, 0x67, 0x83, 0x76, 0x47, 0x7E, 0x93, 0xCB, 0xE3,
    0x40, 0x80, 0x87, 0xF4, 0x00, 0x1D, 0x3C, 0x24, 0xE2, 0xE4, 0xEF, 0x75, 0xF1, 0x6A, 0xAC, 0xEA,
    0x3E, 0xF1, 0x4C, 0x9A, 0x80, 0x00, 0x1E, 0x1C, 0x86, 0x56, 0x99, 0x51, 0xC0, 0x72, 0xE9, 0x7A,
    0x74, 0xE8, 0x3A, 0xE9, 0x45, 0xA5, 0xD8, 0xA2, 0x0C, 0x30, 0xEA, 0x2E, 0x15, 0xFC, 0x70, 0xB7,
    0x9A, 0x57, 0x52, 0x2B, 0xF4, 0x0C, 0xCF, 0x0E, 0x44, 0x62, 0x92, 0x61, 0xA2, 0xCA, 0x8D, 0x26,
    0x20, 0xAD, 0xCB, 0x28, 0x5E, 0x47, 0x63, 0xD6, 0xCB, 0xAB, 0xDA, 0x61, 0x04, 0xB5, 0xFC, 0x4D,
    0x86, 0xDA, 0xC9, 0x2D, 0x80, 0x00, 0xB2, 0x9C, 0xE5, 0xC0, 0x03, 0x4A, 0x95, 0xDD, 0x50, 0x97,
    0x30, 0xA8, 0x8C, 0x3D, 0x24, 0x7B, 0x9F, 0x65, 0xF5, 0xB2, 0x3A, 0x95, 0xB7, 0x1D, 0xCC, 0x3C,
    0x88, 0xB4, 0x45, 0x82, 0x3D, 0x8C, 0x35, 0xD7, 0x88, 0x46, 0x23, 0x96, 0xBE, 0x1F, 0x9F, 0x51,
    0x8D, 0x1B, 0x56, 0xE0, 0xE5, 0xC9, 0x22, 0x89, 0xD9, 0x4C, 0xEC, 0x89, 0xDB, 0x44, 0xF5, 0x14,
    0xA8, 0x3C, 0xB8, 0x14, 0xB7, 0x15, 0x40, 0x00, 0xA6, 0x11, 0x37, 0xF6, 0xD8, 0x40, 0xF7, 0x8A,
    0x1F, 0xC2, 0xA5, 0x6A, 0x35, 0xF2, 0x2D, 0x21, 0xD2, 0xE6, 0xF8, 0x95, 0x3E, 0x00, 0x1E, 0x7C,
    0xBF, 0xDB, 0x09, 0xD2, 0x9B, 0xFF, 0x79, 0x3C, 0xE9, 0x37, 0x1F, 0x93, 0x6B, 0x3F, 0x22, 0xCC,
    0x83, 0x3B, 0x40, 0xFD, 0x92, 0x97, 0xE9, 0x83, 0xC0, 0x87, 0x84, 0x00, 0x47, 0x27, 0xF9, 0x84,
    0xC8, 0xF5, 0x96, 0x01, 0x8F, 0x51, 0x2D, 0x5A, 0x01, 0x31, 0x97, 0x6C, 0xF2, 0x87, 0xA2, 0x00,
    0x1E, 0x60, 0x8F, 0x74, 0xAB, 0x40, 0x42, 0xB1, 0x2B, 0xC7, 0x76, 0xE3, 0x71, 0xF6, 0xDA, 0x00,
    0x1D, 0x4F, 0x6D, 0xDA, 0x42, 0x2D, 0x65, 0xC4, 0x9D, 0x45, 0xBA, 0x07, 0x89, 0x2D, 0xDE, 0xDF,
    0x13, 0x56, 0x39, 0x02, 0x83, 0xD3, 0xA6, 0xF2, 0x04, 0x1B, 0xAB, 0x2F, 0x53, 0xB6, 0x87, 0xEA,
    0x00, 0x0A, 0xB9, 0x55, 0x9D, 0xDE, 0x26, 0xD2, 0xCC, 0xF6, 0x31, 0x34, 0xF8, 0x0E, 0x56, 0x96,
    0x80, 0x87, 0x94, 0x00, 0x42, 0x31, 0x59, 0x71, 0x01, 0x74, 0x48, 0x5F, 0xD1, 0xE3, 0x50, 0x85,
    0x04, 0xD0, 0xF7, 0x91, 0xC0, 0x87, 0xDC, 0x00, 0x4D, 0xC5, 0x70, 0x2D, 0x34, 0x84, 0x75, 0x11,
    0x9C, 0x07, 0x0C, 0x31, 0xC0, 0x90, 0x35, 0x4C, 0x50, 0x9B, 0xF6, 0xA6, 0xED, 0x46, 0xEF, 0xAE,
    0x45, 0x04, 0x37, 0xEC, 0xC7, 0x48, 0xE0, 0x87, 0x9B, 0x00, 0x2D, 0xD5, 0x34, 0x35, 0x91, 0x49,
    0xEA, 0xD4, 0x25, 0xAA, 0x86, 0xF5, 0xA8, 0xD8, 0x19, 0x20, 0x87, 0xBD, 0x00, 0x25, 0x68, 0x0E,
    0xD4, 0x9F, 0x02, 0x3A, 0xF4, 0xC3, 0xB8, 0x2E, 0xD9, 0x50, 0xD3, 0x82, 0x2B, 0x01, 0xA4, 0x23,
    0x39, 0x7F, 0xFC, 0x3C, 0x3D, 0xA8, 0x7C, 0x0B, 0x4A, 0x4D, 0x8A, 0xAF, 0x3A, 0xC6, 0xF9, 0x42,
    0xEE, 0x88, 0x82, 0x2C, 0x01, 0x39, 0x5E, 0x01, 0x1C, 0xBE, 0x4F, 0x3D, 0x0C, 0xA7, 0x43, 0x6C,
    0xD9, 0x89, 0x79, 0xF2, 0x9F, 0x09, 0xCB, 0x6B, 0xC0, 0x82, 0x2B, 0x01, 0x69, 0xC4, 0x07, 0xAF,
    0x04, 0xCA, 0x40, 0xCA, 0x62, 0x65, 0x20, 0xD1, 0xE9, 0xCA, 0xC3, 0xA4, 0x93, 0x99, 0xD5, 0xC1,
    0x4D, 0x1A, 0x83, 0x2A, 0x01, 0x67, 0x14, 0xC5, 0x43, 0x7A, 0xDE, 0xDA, 0xC3, 0x55, 0xBA, 0x92,
    0xA3, 0x68, 0x4C, 0x97, 0xCF, 0x67, 0x55, 0x88, 0x44, 0x10, 0x80, 0x82, 0x2B, 0x01, 0x37, 0x3D,
    0x3D, 0x45, 0xEA, 0xF8, 0xA3, 0x87, 0x5A, 0x7F, 0xD0, 0xB5, 0xA4, 0x7B, 0xB8, 0x83, 0x18, 0x04,
    0x49, 0x2D, 0x7D, 0xCC, 0x2C, 0x1D, 0xED, 0x36, 0x80, 0x00, 0x34, 0xDE, 0x38, 0x42, 0x41, 0x25,
    0x9B, 0x91, 0xD0, 0xA6, 0x9A, 0xFC, 0xE0, 0x70, 0xE9, 0xB2, 0x3B, 0x73, 0xF3, 0xD6, 0x99, 0xC0,
    0xE0, 0xBC, 0x40, 0x70, 0xEA, 0x34, 0x3A, 0xF2, 0xF8, 0x26, 0xEF, 0x1E, 0xEF, 0xEC, 0x9C, 0x24,
    0x32, 0xFE, 0x76, 0x9A, 0xD5, 0x44, 0x0F, 0x90, 0x82, 0x2B, 0x01, 0x40, 0xFC, 0xA1, 0xB8, 0xD2,
    0x6C, 0xEC, 0x11, 0x29, 0xAF, 0x26, 0x11, 0x61, 0x76, 0xC3, 0xD3, 0x49, 0xF8, 0x1A, 0x69, 0x92,
    0x74, 0x83, 0xBD, 0x00, 0x3D, 0xDF, 0x88, 0x94, 0x1C, 0xAB, 0x3E, 0x71, 0x9D, 0xAF, 0x6C, 0x16,
    0xB5, 0x7E, 0x43, 0x15, 0x4B, 0xC1, 0x91, 0xA2, 0x70, 0x00, 0x32, 0x20, 0x5E, 0xBA, 0x5B, 0xDD,
    0xDF, 0x3D, 0xD3, 0x27, 0x5E, 0xA3, 0xB5, 0x8D, 0xBC, 0xD2, 0xDF, 0x04, 0x60, 0x41, 0x6F, 0x93,
    0x3C, 0xB7, 0x63, 0x3D, 0x8B, 0xE2, 0x7F, 0x84, 0x83, 0x00, 0xB5, 0x17, 0x43, 0xB7, 0xFD, 0xD8,
    0xEA, 0xD1, 0x6D, 0x74, 0x2F, 0x53, 0xB6, 0xF3, 0x23, 0x93, 0x32, 0x0E, 0xB6, 0x93, 0x55, 0xCE,
    0x0B, 0x82, 0xC2, 0x00, 0x39, 0x5E, 0x01, 0x1C, 0xBE, 0x3A, 0x83, 0x8C, 0xA7, 0x6D, 0x4E, 0xC6,
    0x83, 0x19, 0xAC, 0x80, 0x00, 0xD1, 0xB5, 0xAE, 0xF7, 0x20, 0x85, 0x82, 0x00, 0x58, 0xD0, 0xEF,
    0x86, 0xDD, 0x11, 0xE1, 0xCC, 0x28, 0x4B, 0xAC, 0x48, 0x34, 0x64, 0xEE, 0xD6, 0x80, 0x84, 0xA1,
    0x00, 0x2E, 0xE9, 0x02, 0x9B, 0x18, 0xC2, 0x7F, 0x65, 0xEF, 0xA7, 0x64, 0x62, 0xF2, 0x76, 0xA7,
    0x1C, 0x80, 0x80, 0x81, 0x87, 0x00, 0x79, 0x0A, 0x3C, 0x92, 0x90, 0xB5, 0xC6, 0xD2, 0x9C, 0xAA,
    0xF5, 0x5B, 0xF5, 0xA8, 0x10, 0x82, 0xA7, 0x00, 0x4B, 0x21, 0x07, 0x45, 0x2C, 0x51, 0x37, 0xE3,
    0x93, 0xA5, 0xF5, 0x10, 0xD0, 0x41, 0x73, 0xD3, 0xA0, 0x87, 0x29, 0x00, 0x9D, 0x78, 0xFD, 0x4F,
    0xB2, 0xC7, 0x3A, 0x58, 0xDD, 0x51, 0x1E, 0xEC, 0xC2, 0xC7, 0xE1, 0x9E, 0xB7, 0xF5, 0xE2, 0xC5,
    0xA0, 0x22, 0xAE, 0x39, 0xAA, 0x1D, 0x0C, 0xBF, 0x0C, 0x18, 0x87, 0x49, 0x00, 0x5C, 0x6B, 0xA8,
    0x42, 0x98, 0xB9, 0xE1, 0xDB, 0x3A, 0xF8, 0xD5, 0xE9, 0x6B, 0x96, 0xEA, 0xAA, 0xAB, 0xE4, 0xE2,
    0xB0, 0xE1, 0x55, 0x46, 0x5B, 0x48, 0xF9, 0xB9, 0xB0, 0x17, 0xE2, 0xCB, 0x5D, 0xC1, 0x9F, 0xA1,
    0x50, 0x6F, 0x87, 0x94, 0x00, 0x42, 0x31, 0x59, 0x71, 0x01, 0x6E, 0x3C, 0x18, 0xAC, 0xC3, 0xA4,
    0x0F, 0xDB, 0x24, 0x49, 0x61, 0xC4, 0xBB, 0xF4, 0xC8, 0x90, 0x74, 0xF0, 0xEB, 0x29, 0xC1, 0xF6,
    0x6D, 0xB2, 0xD1, 0x77, 0x74, 0x46, 0xA4, 0x19, 0x64, 0xC9, 0xCB, 0x2D, 0x45, 0x2E, 0xD6, 0x18,
    0x74, 0x80, 0x87, 0xE0, 0x00, 0x2C, 0x67, 0xCD, 0xD4, 0x9D, 0x22, 0x26, 0x51, 0x5D, 0x3A, 0x7B,
    0xD5, 0x75, 0x92, 0xD9, 0x70, 0x80, 0x2D, 0x00, 0x41, 0x4F, 0xAE, 0x64, 0x19, 0x1B, 0x26, 0x7C,
    0xBB, 0x55, 0x0E, 0x37, 0x31, 0xB2, 0x2F, 0xDC, 0x93, 0xAE, 0x9B, 0x81, 0xAD, 0x68, 0x3A, 0x09,
    0xD9, 0x1B, 0x37, 0xF3, 0x5F, 0x05, 0x16, 0x96, 0xAA, 0xD2, 0x0D, 0xA0, 0x1B, 0xDB, 0x60, 0xFE,
    0x30, 0x80, 0x4D, 0x00, 0x11, 0x2E, 0x00, 0xA5, 0x7E, 0xED, 0x7B, 0x09, 0xFD, 0x03, 0x6B, 0x3E,
    0x80, 0xE6, 0x61, 0x10, 0xC0, 0x87, 0x31, 0x00, 0xA4, 0x5D, 0x1B, 0xA4, 0x33, 0x8B, 0x49, 0x66,
    0x4A, 0x93, 0xED, 0x8E, 0xDE, 0xA1, 0x20, 0xEA, 0x84, 0x87, 0x51, 0x00, 0x55, 0xEF, 0x49, 0x9D,
    0xE5, 0x2C, 0x7E, 0x7C, 0xB5, 0xC5, 0x7D, 0xD7, 0x0A, 0x37, 0x88, 0x82, 0x6B, 0x01, 0x47, 0x24,
    0x89, 0x48, 0x63, 0x50, 0xAD, 0x2A, 0x94, 0xE3, 0xD3, 0x44, 0xAF, 0xF9, 0x73, 0x40, 0x82, 0x6C,
    0x01, 0x24, 0x28, 0xCF, 0x45, 0x63, 0x7D, 0x7F, 0xEC, 0xEA, 0xA9, 0xE7, 0x69, 0x00, 0x2C, 0xC8,
    0x51, 0x65, 0x7D, 0xE8, 0xD9, 0xD4, 0x0F, 0x3E, 0x85, 0x3B, 0xD3, 0x56, 0xF4, 0x8B, 0x80, 0xDD,
    0xFD, 0x10, 0x62, 0x59, 0x3D, 0x68, 0x3C, 0x6E, 0x52, 0x8B, 0x5C, 0x2B, 0xC1, 0x14, 0xC6, 0x15,
    0xDB, 0xB3, 0x8E, 0x09, 0xD7, 0xBC, 0xC1, 0x20, 0x00, 0x2C, 0xC4, 0x20, 0xA3, 0x4A, 0x48, 0x1F,
    0x38, 0x83, 0xAA, 0xD2, 0x2C, 0xEA, 0xCC, 0xF3, 0x6C, 0xBF, 0x1A, 0x07, 0x33, 0x2E, 0xBE, 0x57,
    0xE9, 0xB2, 0xDC, 0xBB, 0x93, 0x4B, 0x2C, 0xF4, 0xE3, 0x18, 0x17, 0x35, 0xBD, 0x80, 0x7B, 0xD2,
    0xB1, 0x73, 0xCC, 0x00, 0x34, 0xDC, 0xC1, 0x1F, 0x7C, 0x70, 0x4F, 0x36, 0x4E, 0x1F, 0x23, 0xA1,
    0x52, 0x6E, 0x22, 0xB9, 0x23, 0x26, 0xC6, 0x27, 0x47, 0x8D, 0xA6, 0x08, 0xDF, 0x96, 0x8F, 0x45,
    0x01, 0x64, 0x10, 0x23, 0x3D, 0x48, 0xF8, 0x37, 0x6E, 0x16, 0x23, 0x5E, 0x7D, 0x6C, 0xA8, 0x00,
    0x1D, 0x24, 0x51, 0xA3, 0x74, 0x5F, 0x48, 0x10, 0x01, 0x75, 0x20, 0x06, 0xAB, 0x20, 0xC5, 0x08,
    0xC8, 0xB0, 0x8E, 0xF8, 0xAB, 0x4B, 0x54, 0x7F, 0x8E, 0x8B, 0x19, 0x90, 0x2B, 0x3D, 0x5B, 0x7C,
    0x94, 0x98, 0xA3, 0x0A, 0xFD, 0xDA, 0xDB, 0x16, 0xE6, 0x4C, 0x62, 0x98, 0x7A, 0xF9, 0xDA, 0xF6,
    0x18, 0x6E, 0xA0, 0x00, 0x66, 0x6C, 0xEE, 0x99, 0x91, 0x74, 0x16, 0x14, 0x4A, 0x18, 0x9C, 0xB9,
    0x81, 0xDA, 0x84, 0x65, 0x20, 0x43, 0xBE, 0x9E, 0xCF, 0x06, 0xD4, 0xE5, 0xDA, 0x98, 0xF2, 0x9F,
    0x8B, 0x8A, 0x87, 0x2C, 0xD2, 0x09, 0x32, 0x76, 0xDA, 0xB8, 0x4B, 0x1A, 0x28, 0x49, 0x85, 0xF6,
    0x96, 0x03, 0xBF, 0x5F, 0x3B, 0x40, 0x18, 0xC6, 0xB1, 0xB1, 0x2C, 0x70, 0x80, 0x29, 0x00, 0x71,
    0x2A, 0x2F, 0x87, 0x16, 0xA6, 0x8D, 0xC4, 0xA3, 0x78, 0xE8, 0xF8, 0x31, 0xE0, 0x3F, 0x80, 0x87,
    0xE4, 0x00, 0x73, 0x6D, 0x89, 0xDE, 0x28, 0xAD, 0x12, 0x80, 0x42, 0xF3, 0x22, 0xA8, 0xC0, 0x00,
    0x1E, 0x5F, 0xCF, 0x9C, 0x65, 0xFC, 0x4A, 0xE2, 0x48, 0x73, 0x20, 0xFF, 0x56, 0xDE, 0x38, 0x0A,
    0xE9, 0x48, 0xAA, 0x3D, 0x75, 0x15, 0x03, 0x7C, 0x03, 0xD2, 0x56, 0x31, 0x92, 0x8C, 0xB7, 0x48,
    0x95, 0x8F, 0x32, 0xE2, 0x8F, 0x91, 0xE8, 0xA8, 0x25, 0x0F, 0x00, 0xA1, 0x47, 0x7D, 0xBB, 0x45,
    0x6A, 0x19, 0x6A, 0x5F, 0x3F, 0xDF, 0x84, 0x53, 0x83, 0xDD, 0x92, 0x51, 0x66, 0x05, 0x9A, 0x57,
    0x88, 0x4E, 0x02, 0x02, 0x0A, 0xD3, 0x35, 0x9F, 0x91, 0xCE, 0x2E, 0x28, 0x2A, 0xBA, 0xEF, 0x3E,
    0x63, 0x20, 0x87, 0x92, 0x00, 0x53, 0x9C, 0x14, 0x23, 0xC9, 0xDE, 0x2D, 0xC5, 0xD4, 0x43, 0xB4,
    0x2F, 0x5A, 0xD7, 0x43, 0xB7, 0x60, 0x40, 0x80, 0x0C, 0x01, 0x3D, 0x02, 0x52, 0x4A, 0x59, 0x9D,
    0xF5, 0x94, 0xC6, 0x10, 0x60, 0x00, 0x7E, 0xF8, 0x65, 0x5A, 0x41, 0x8E, 0x1B, 0xC2, 0x91, 0x38,
    0xFE, 0xF4, 0xF9, 0xDF, 0xB1, 0x71, 0x26, 0xF2, 0x86, 0x5F, 0xBB, 0x90, 0x12, 0x75, 0xCB, 0x6B,
    0xD4, 0x17, 0x54, 0xF3, 0xCC, 0xE4, 0xEC, 0x2F, 0x94, 0xF9, 0xF0, 0xA9, 0x1D, 0x49, 0xC1, 0x5F,
    0x4A, 0x71, 0x80, 0x81, 0x46, 0x00, 0x66, 0x99, 0xD1, 0x9D, 0xB8, 0xD2, 0x55, 0xC3, 0xA1, 0xD8,
    0x8F, 0x1F, 0x22, 0xBF, 0x4F, 0xF3, 0x50, 0xA3, 0x8B, 0xF6, 0xCB, 0x7F, 0xB5, 0x4F, 0x44, 0xA4,
    0x23, 0xF7, 0xC1, 0xE1, 0x27, 0x1B, 0xFB, 0x22, 0x97, 0x9B, 0xC8, 0x3D, 0xD0, 0x85, 0x63, 0x01,
    0x8C, 0xDC, 0x10, 0x9A, 0xFF, 0x48, 0x16, 0x0A, 0xB8, 0xB3, 0x6C, 0x5E, 0x96, 0x2F, 0x74, 0x0B,
    0x80, 0x80, 0xA7, 0x00, 0x7C, 0x0D, 0x02, 0x9F, 0x6C, 0x9A, 0x1D, 0xCF, 0xF1, 0x3A, 0x52, 0x84,
    0x71, 0x08, 0x03, 0x59, 0xCE, 0x80, 0x82, 0x99, 0x00, 0x78, 0xAA, 0xD3, 0x8E, 0xF5, 0xAA, 0xA1,
    0x68, 0xFA, 0x74, 0x7B, 0xDA, 0x05, 0x38, 0x73, 0x60, 0x58, 0x81, 0xB9, 0x00, 0x66, 0x79, 0x23,
    0xA1, 0x90, 0x3E, 0x6F, 0x22, 0x9D, 0xA2, 0x52, 0x8D, 0x73, 0x8C, 0x87, 0x81, 0x00, 0x2C, 0x59,
    0xE4, 0xC6, 0xC7, 0xC0, 0x68, 0x20, 0xEE, 0xA6, 0xE8, 0xF7, 0x9F, 0xD5, 0x78, 0x0D, 0x8C, 0x40,
    0x87, 0xA1, 0x00, 0x11, 0x52, 0x7C, 0x05, 0x81, 0x86, 0xD5, 0x40, 0x85, 0x09, 0x00, 0xE4, 0x9E,
    0xED, 0x7C, 0x91, 0x10, 0x87, 0x83, 0x00, 0x9E, 0x3A, 0xD5, 0x8A, 0xD1, 0x44, 0xBE, 0x34, 0x5A,
    0x16, 0x2E, 0x61, 0x06, 0x6C, 0xCC, 0x80, 0x43, 0x00, 0x46, 0x49, 0x93, 0x45, 0x3B, 0x79, 0x60,
    0xCE, 0x45, 0x0D, 0xF5, 0xCE, 0x8B, 0xDC, 0x8D, 0x80, 0x87, 0x89, 0x00, 0x15, 0x5D, 0x0E, 0x27,
    0x50, 0xD9, 0xED, 0xAB, 0x1E, 0xC0, 0xDA, 0x1E, 0x56, 0x35, 0xCD, 0x44, 0xC0, 0x80, 0x47, 0x00,
    0x0B, 0xAB, 0x5F, 0x71, 0x83, 0xCC, 0xC1, 0x39, 0x84, 0xC2, 0x53, 0xCE, 0x82, 0x47, 0x28, 0x61,
    0x28, 0xC8, 0xA6, 0x20, 0x87, 0x89, 0x00, 0xC9, 0x4B, 0xF4, 0xAF, 0x53, 0x8C, 0x9C, 0xE2, 0x1F,
    0xFB, 0x4F, 0xE4, 0xF5, 0x72, 0xD0, 0x60, 0x87, 0xAC, 0x00, 0x39, 0x3B, 0xE8, 0xA3, 0xCD, 0xC0,
    0x01, 0x38, 0xCF, 0xDE, 0xEB, 0xC0, 0xAF, 0x84, 0x86, 0x87, 0x8D, 0x00, 0x0B, 0xE1, 0x41, 0x11,
    0x58, 0x16, 0x9B, 0xA9, 0xE8, 0x72, 0x65, 0x75, 0x1A, 0x77, 0x0B, 0x39, 0x0C, 0xA0, 0x00, 0x07,
    0x67, 0xB9, 0x43, 0x1E, 0xA2, 0xF8, 0x1B, 0x49, 0x77, 0x8B, 0x1A, 0x97, 0xFB, 0x96, 0x48, 0x01,
    0x4E, 0xF9, 0x3F, 0x0F, 0xEA, 0xA2, 0x58, 0x87, 0x90, 0x00, 0x38, 0xFF, 0xA0, 0x56, 0xD2, 0x22,
    0x17, 0x56, 0x12, 0xB9, 0x18, 0x6D, 0x50, 0x17, 0x80, 0x87, 0xAF, 0x00, 0x8C, 0xB3, 0xF5, 0x6F,
    0x58, 0x9B, 0xE1, 0xDE, 0xF3, 0xCF, 0x01, 0x50, 0x80, 0x31, 0x00, 0x20, 0x3F, 0x23, 0x23, 0x61,
    0x6E, 0x85, 0x74, 0xFB, 0xD9, 0xBE, 0x48, 0x35, 0x6F, 0xA2, 0x0C, 0x95, 0x75, 0x5A, 0x80, 0x51,
    0x00, 0x0B, 0xAB, 0x8D, 0xDE, 0xB8, 0xAB, 0x47, 0x34, 0x57, 0x27, 0x58, 0xFA, 0x31, 0x96, 0x16,
    0x4E, 0x80, 0x87, 0x95, 0x00, 0xB1, 0xC5, 0xDF, 0x21, 0x34, 0x64, 0x59, 0xD3, 0x28, 0x2D, 0x1A,
    0xDA, 0xC8, 0x94, 0x49, 0x87, 0xB5, 0x00, 0x85, 0x2A, 0x2D, 0xD6, 0xA9, 0x0C, 0x11, 0xA4, 0xA6,
    0xE5, 0x17, 0xB5, 0x26, 0xFC, 0x85, 0xD3, 0x00, 0x1B, 0xC7, 0x18, 0x1B, 0xFB, 0x94, 0xBC, 0xF6,
    0xA1, 0xC2, 0x72, 0xB7, 0x91, 0x56, 0xA2, 0xC1, 0x8B, 0x55, 0xF9, 0x07, 0x88, 0xB0, 0x5A, 0x0E,
    0xDD, 0x5A, 0x62, 0x33, 0x9C, 0x08, 0x4D, 0xA0, 0x20, 0x72, 0x7D, 0x21, 0x51, 0xFA, 0x62, 0x8B,
    0x34, 0x0E, 0xFF, 0x96, 0x8A, 0xD7, 0x80, 0x80, 0x54, 0x00, 0x0B, 0xFB, 0xD7, 0xF6, 0xC5, 0x19,
    0x71, 0xF2, 0x59, 0xD2, 0xB1, 0x3B, 0xD0, 0xBC, 0xD4, 0x0E, 0xE0, 0x87, 0x89, 0x00, 0xDF, 0xB8,
    0xB0, 0xB2, 0xA2, 0x76, 0x20, 0xFE, 0xE7, 0x30, 0x36, 0x00, 0x91, 0x4C, 0xDC, 0x3E, 0x7F, 0x83,
    0x29, 0xD2, 0x69, 0x57, 0x81, 0x43, 0x3D, 0x43, 0xCB, 0xC1, 0x39, 0x8A, 0x00, 0xC0, 0xE7, 0x3D,
    0xCE, 0xFA, 0x00, 0x8F, 0x48, 0xD8, 0xF8, 0x3F, 0xB0, 0x20, 0x87, 0x16, 0x01, 0x49, 0x4D, 0x9F,
    0x3A, 0xEC, 0x85, 0xA1, 0x32, 0xC8, 0xBF, 0xBB, 0x9D, 0x6D, 0x97, 0x87, 0x29, 0x01, 0x13, 0xB9,
    0x97, 0x0D, 0xBF, 0x8C, 0x2B, 0xB1, 0x87, 0x62, 0x6E, 0xA3, 0x1C, 0xC4, 0x53, 0xA5, 0x97, 0xC0,
    0x87, 0x2A, 0x01, 0x0F, 0xA4, 0xFC, 0x3D, 0x5E, 0x11, 0x9A, 0x63, 0xF7, 0xF8, 0x11, 0x5A, 0xD2,
    0x0E, 0xCB, 0xC7, 0xA0, 0x87, 0x9C, 0x00, 0x6E, 0xB6, 0x0E, 0x25, 0xBB, 0x51, 0xFF, 0xC6, 0x09,
    0x63, 0x65, 0x09, 0x44, 0x3D, 0xF1, 0x80, 0x87, 0xBC, 0x00, 0xA4, 0x34, 0x7E, 0xDF, 0x3F, 0xDD,
    0x42, 0x1B, 0xF8, 0x4E, 0x96, 0xF5, 0x4E, 0x87, 0x35, 0x00, 0x97, 0x94, 0xF9, 0x06, 0xAB, 0x14,
    0x29, 0x71, 0x07, 0x72, 0x4A, 0x3B, 0xDE, 0x80, 0x87, 0x55, 0x00, 0x47, 0x86, 0xB2, 0x91, 0x6F,
    0x55, 0x65, 0x2D, 0x79, 0x0A, 0x13, 0x74, 0x87, 0x36, 0x00, 0x52, 0xE4, 0x87, 0xA0, 0x66, 0x42,
    0xC1, 0x2D, 0x86, 0x50, 0x87, 0x56, 0x00, 0xA1, 0xCF, 0x96, 0xC4, 0xBA, 0xA5, 0x6B, 0xFD, 0xC1,
    0x57, 0xC4, 0x58, 0x00, 0xAD, 0x1A, 0xBB, 0x4C, 0x57, 0x34, 0x73, 0x28, 0x43, 0xF0, 0x76, 0x7E,
    0x94, 0x08, 0x6F, 0xBA, 0x68, 0x9B, 0xC8, 0x1A, 0xAB, 0xA4, 0xAB, 0x16, 0x1F, 0x81, 0x9E, 0x9B,
    0xF9, 0x92, 0x1C, 0x3B, 0x28, 0x5A, 0x6E, 0xB4, 0x2C, 0xE5, 0xFB, 0xE4, 0x22, 0x35, 0x40, 0x00,
    0x4E, 0xDC, 0xAC, 0x17, 0x45, 0x6D, 0xA2, 0xDD, 0x2F, 0x41, 0x30, 0x69, 0x4E, 0xEE, 0xCD, 0x6F,
    0x5A, 0x93, 0xCB, 0x3F, 0xA6, 0x6A, 0x7A, 0x80, 0x62, 0xD8, 0x65, 0x99, 0xC2, 0x02, 0x15, 0xA6,
    0xB9, 0x41, 0xF2, 0x12, 0x87, 0xE5, 0x00, 0x3F, 0x47, 0xB1, 0x2C, 0x7D, 0x03, 0x6F, 0x16, 0xAA,
    0xA1, 0xCD, 0x06, 0x5B, 0xB0, 0x09, 0xEA, 0x58, 0xC8, 0xC4, 0x80, 0x05, 0x01, 0x10, 0xE0, 0xC3,
    0xE9, 0xDD, 0x92, 0xAE, 0x64, 0xA1, 0x5C, 0xE4, 0x77, 0x08, 0x3F, 0x48, 0xCA, 0xC4, 0xA7, 0xEB,
    0x3B, 0x3F, 0x92, 0x3A, 0x48, 0x00, 0x01, 0xB9, 0x02, 0x07, 0x3D, 0xA7, 0x00, 0x1D, 0x09, 0x82,
    0x3A, 0x7E, 0x87, 0xAF, 0x00, 0x48, 0x5E, 0x3E, 0x23, 0x44, 0x1A, 0x72, 0x80, 0x00, 0x64, 0x1F,
    0x92, 0xAF, 0xB0, 0xFE, 0xDA, 0x3E, 0x19, 0xE3, 0x0C, 0x00, 0x05, 0x03, 0x32, 0xBA, 0x30, 0x00,
    0x69, 0x6C, 0xD7, 0x82, 0xB1, 0x40, 0x00, 0x03, 0xB6, 0x00, 0x3D, 0xD2, 0xC7, 0xA5, 0x1B, 0x91,
    0x78, 0x00, 0x13, 0x47, 0x0C, 0x44, 0x04, 0xFA, 0x00, 0x5A, 0x8D, 0x40, 0x96, 0x50, 0x22, 0x44,
    0x54, 0x10, 0xA2, 0x00, 0x01, 0x9B, 0x48, 0xAA, 0x47, 0xB4, 0x5D, 0xF7, 0xFE, 0x48, 0x00, 0x0B,
    0x17, 0x95, 0xC0, 0x98, 0x7D, 0x4D, 0x3A, 0x2A, 0x34, 0xF0, 0x00, 0x17, 0x3F, 0x08, 0x4E, 0x9B,
    0x1F, 0x7F, 0xBC, 0x74, 0x87, 0x8D, 0x00, 0x07, 0x80, 0xEF, 0x51, 0xBD, 0x9A, 0x1A, 0x0F, 0xB8,
    0x1C, 0x80, 0x00, 0x0C, 0x89, 0x18, 0x65, 0x47, 0xD8, 0x00, 0x0C, 0xB5, 0xC7, 0xA7, 0x7E, 0x1C,
    0x98, 0xE4, 0x3E, 0x00, 0x06, 0xCA, 0x1B, 0xAE, 0x0D, 0xD0, 0xDD, 0x9A, 0xD5, 0xD0, 0x59, 0x11,
    0x40, 0x00, 0x2E, 0xF2, 0x5D, 0xEF, 0x4F, 0xC5, 0x93, 0x93, 0xC5, 0xF1, 0x1C, 0x32, 0xFA, 0xEC,
    0xCD, 0x80, 0x00, 0x21, 0xFA, 0x40, 0x26, 0x2A, 0x73, 0xBC, 0x87, 0xB4, 0xE0, 0x87, 0x0E, 0x00,
    0xAB, 0xB1, 0x3A, 0x4E, 0xE0, 0x87, 0x0E, 0x00, 0x66, 0xFC, 0x47, 0xCD, 0x00, 0x00, 0x02, 0x7F,
    0x92, 0xFB, 0xD8, 0x87, 0xB4, 0x01, 0x60, 0x98, 0x00, 0x01, 0x80, 0x60, 0xA1, 0x90, 0x99, 0x30,
    0x87, 0x75, 0x00, 0x55, 0x04, 0x00, 0x56, 0x2D, 0x33, 0xC6, 0x0D, 0x70, 0xE8, 0x00, 0x4B, 0xF3,
    0x0C, 0xEA, 0xBE, 0xC2, 0x00, 0x09, 0xF9, 0x20, 0xB2, 0x66, 0x4C, 0xDA, 0xEC, 0x40, 0x00, 0x1D,
    0xBA, 0x85, 0xEB, 0xAA, 0xB9, 0x19, 0x80, 0x00, 0x2B, 0x57, 0xE2, 0x6E, 0xE3, 0x87, 0x0B, 0xE0,
    0x00, 0x29, 0xE5, 0xF2, 0x1B, 0x19, 0xE4, 0x00, 0x05, 0xAD, 0xA2, 0x40, 0x0D, 0xDF, 0x00, 0x5C,
    0x3A, 0x93, 0x81, 0x5C, 0xE1, 0x7A, 0xAC, 0x80, 0x00, 0x3D, 0x08, 0xAA, 0x00, 0x1C, 0x60, 0xCA,
    0x57, 0x05, 0x5B, 0x91, 0x34, 0xB0, 0x00, 0x06, 0xBA, 0x48, 0x1F, 0xFD, 0xE0, 0x08, 0xF1, 0x60,
    0x00, 0x0D, 0xF1, 0x6F, 0x5F, 0x4C, 0x87, 0x69, 0x00, 0x9E, 0xB5, 0x72, 0x87, 0xAB, 0x01, 0x69,
    0x0E, 0xEE, 0x62, 0x77, 0x00, 0x0B, 0x05, 0xC8, 0x0B, 0x94, 0x87, 0x79, 0x00, 0x6A, 0xF4, 0xC5,
    0xFD, 0xDF, 0xEB, 0x00, 0x0B, 0x35, 0xEF, 0x3F, 0x9D, 0x46, 0xB8, 0xAC, 0x00, 0x1C, 0x57, 0xEF,
    0x59, 0x9E, 0x40, 0x00, 0x09, 0xEF, 0x85, 0xC7, 0xE8, 0x72, 0x36, 0xAF, 0xF2, 0xDC, 0x00, 0x04,
    0x57, 0x50, 0xE4, 0xE3, 0x00, 0xFE, 0x7E, 0x47, 0x93, 0x5F, 0x60, 0x00, 0x02, 0xDA, 0x2F, 0x5A,
    0xD0, 0xD9, 0x87, 0xE9, 0x6F, 0x50, 0x87, 0xAF, 0x00, 0x5E, 0x90, 0x95, 0xC5, 0xB3, 0x61, 0x80,
    0x00, 0x08, 0x5E, 0xE8, 0x25, 0xC8, 0x96, 0xAC, 0xED, 0xFF, 0x00, 0x17, 0x49, 0xCF, 0xBD, 0xC9,
    0x73, 0x7B, 0x61, 0xB9, 0x80, 0x87, 0xA4, 0x01, 0x7F, 0xCA, 0x64, 0x00, 0x05, 0x30, 0xA8, 0x7B,
    0xD0, 0x00, 0x05, 0x0D, 0xAB, 0x18, 0xC0, 0x00, 0x09, 0xF8, 0xD2, 0x99, 0x9C, 0xB6, 0xE4, 0xB4,
    0x33, 0x21, 0x8B, 0x90, 0x00, 0x5E, 0xE6, 0xE3, 0x2B, 0x07, 0xD4, 0x77, 0xBE, 0x78, 0x70, 0x7C,
    0xE0, 0x87, 0xA6, 0x01, 0xCA, 0xCC, 0x80, 0x00, 0x98, 0xB0, 0x67, 0x10, 0x3F, 0x39, 0x4D, 0x00,
    0x50, 0x0A, 0x02, 0x4B, 0xF7, 0xE5, 0x93, 0xE4, 0xD1, 0x6A, 0x53, 0x80, 0x00, 0x77, 0xC4, 0x54,
    0x07, 0x98, 0xCC, 0xA9, 0x62, 0xD7, 0xA3, 0x9A, 0x59, 0x64, 0x42, 0x97, 0x50, 0xF0, 0xC8, 0x80,
    0x00, 0x3D, 0xFD, 0x2E, 0xB3, 0x96, 0x3F, 0xE0, 0x00, 0x0D, 0xC4, 0xDE, 0xCC, 0x37, 0xE1, 0x89,
    0xE5, 0x94, 0xC0, 0x87, 0xCB, 0x01, 0xFF, 0xF3, 0x73, 0xBB, 0x66, 0x9C, 0x75, 0xFF, 0xEA, 0x4C,
    0x00, 0x0B, 0x73, 0xB7, 0x42, 0x68, 0x3C, 0x39, 0xC9, 0x63, 0x08, 0x04, 0x00, 0x15, 0x83, 0xFE,
    0xAC, 0x66, 0x0B, 0x01, 0xB1, 0xD3, 0x42, 0xD4, 0x60, 0x00, 0x26, 0x6F, 0xAB, 0x02, 0x1E, 0xFB,
    0x07, 0xA2, 0xE0, 0x00, 0x09, 0xEE, 0xE8, 0x91, 0x25, 0xC9, 0x0A, 0xCE, 0xA7, 0xF8, 0x07, 0xE8,
    0x87, 0xB7, 0x01, 0xAC, 0x99, 0xE0, 0x00, 0x10, 0xE6, 0x3E, 0xC2, 0xBC, 0xB6, 0x87, 0xD5, 0x01,
    0x82, 0x13, 0xD8, 0x00, 0x01, 0x42, 0x82, 0x13, 0x9A, 0xC9, 0x50, 0x00, 0x31, 0x31, 0xAE, 0xB4,
    0xE9, 0xA6, 0x98, 0x78, 0x38, 0x76, 0x70, 0xB7, 0x7E, 0x03, 0x40, 0x00, 0x0E, 0x40, 0x30, 0x6B,
    0x2F, 0x84, 0x00, 0x09, 0xF8, 0xCB, 0x09, 0xB7, 0x4B, 0x81, 0x68, 0xD9, 0xA3, 0x40, 0x87, 0xD4,
    0x01, 0x60, 0x8B, 0x80, 0x00, 0x07, 0x1D, 0xF4, 0xEB, 0xF8, 0x3D, 0xA5, 0x7B, 0x10, 0x00, 0x00,
    0x79, 0x2A, 0x57, 0xF0, 0x00, 0x3E, 0xB6, 0xE9, 0x83, 0x10, 0x9B, 0xA0, 0x62, 0xBC, 0x19, 0x2D,
    0x55, 0x7D, 0x72, 0x00, 0x3E, 0xC4, 0x05, 0xEA, 0x17, 0xA8, 0xA4, 0xC1, 0x13, 0x4A, 0x06, 0x12,
    0xA1, 0x8B, 0x9D, 0x3A, 0xA7, 0x8F, 0xC7, 0x6E, 0xF5, 0x3B, 0xAA, 0x6B, 0x40, 0x00, 0x1A, 0x5A,
    0x15, 0x03, 0x51, 0x5E, 0x90, 0x11, 0x0C, 0x6E, 0x43, 0x83, 0xE2, 0x81, 0x60, 0xD6, 0xD9, 0x17,
    0x3C, 0x1B, 0xBC, 0x00, 0x48, 0x55, 0x00, 0xBA, 0x63, 0x5C, 0x77, 0x9F, 0x94, 0xC8, 0x3B, 0xFF,
    0x2E, 0xE8, 0x00, 0x52, 0x48, 0x84, 0x42, 0xD6, 0x0E, 0x6A, 0xC8, 0x00, 0x02, 0x84, 0xF4, 0x7B,
    0x37, 0x38, 0xEC, 0x96, 0x48, 0x7E, 0xE3, 0xE8, 0xCA, 0x67, 0x01, 0xDA, 0x60, 0xEF, 0x95, 0xB1,
    0xBF, 0x68, 0xD6, 0x5D, 0x68, 0x37, 0x99, 0x4B, 0xBE, 0xF8, 0x08, 0x1A, 0x25, 0x32, 0x3E, 0x3A,
    0xCE, 0x19, 0x21, 0x9B, 0x3F, 0x21, 0x0F, 0x0A, 0x9C, 0xBB, 0x74, 0x05, 0xEA, 0x38, 0xAD, 0xB6,
    0xD0, 0xAC, 0x60, 0x67, 0x35, 0x70, 0x0C, 0x79, 0x9C, 0x16, 0xD2, 0x7C, 0x1B, 0xE9, 0x81, 0x10,
    0x5A, 0x0B, 0x4C, 0xA3, 0x38, 0x6C, 0x9F, 0xD1, 0x40, 0x00, 0x32, 0x40, 0x8B, 0x20, 0xB1, 0x07,
    0xAF, 0x0B, 0x83, 0x87, 0xBD, 0x01, 0x73, 0x78, 0xF0, 0x20, 0x00, 0x2C, 0x77, 0x07, 0xA7, 0x3A,
    0x77, 0x13, 0x7D, 0x4E, 0x10, 0xE4, 0xD5, 0x08, 0xCA, 0x2F, 0x80, 0x00, 0x15, 0x81, 0x1A, 0x61,
    0xD1, 0x4D, 0x88, 0xCE, 0xCD, 0x24, 0x30, 0x00, 0x22, 0x3C, 0x9D, 0x42, 0xA9, 0x8C, 0x58, 0x38,
    0x00, 0x09, 0xD4, 0xA3, 0xE2, 0x5C, 0x94, 0xF8, 0xE5, 0xE3, 0x3C, 0x00, 0x04, 0xD2, 0xE9, 0xF4,
    0xEF, 0x08, 0x9B, 0xBE, 0x98, 0x3F, 0x80, 0x5B, 0xE6, 0x54, 0x4F, 0x4F, 0x88, 0xE0, 0x00, 0x36,
    0x93, 0xBE, 0xD9, 0xD5, 0x21, 0xC2, 0xE8, 0x87, 0xA8, 0x01, 0x4F, 0x00, 0x16, 0xDC, 0xAA, 0x7D,
    0x48, 0xE6, 0x86, 0x5F, 0xB1, 0x62, 0xE2, 0xF9, 0x28, 0x63, 0xFC, 0x00, 0x5D, 0x93, 0xDC, 0x03,
    0x2E, 0x7C, 0xA7, 0xCB, 0x65, 0xD4, 0xA1, 0x8E, 0x79, 0x94, 0x85, 0xBE, 0x6C, 0x08, 0x00, 0x41,
    0x19, 0x24, 0xA3, 0x28, 0xFD, 0x7D, 0xC0, 0x00, 0x03, 0x46, 0x58, 0xB6, 0x85, 0xDD, 0x37, 0x64,
    0x92, 0x44, 0xA0, 0x55, 0x8C, 0xB6, 0x69, 0x2D, 0x30, 0x87, 0xFD, 0x01, 0x50, 0x38, 0x09, 0x06,
    0x5B, 0x5D, 0xEB, 0x3D, 0x7D, 0x4E, 0x00, 0x05, 0x02, 0xFC, 0xE3, 0x4E, 0x00, 0x05, 0x04, 0x91,
    0x1A, 0xD7, 0x91, 0x80, 0x00, 0x20, 0x5D, 0x8B, 0xF2, 0x96, 0x23, 0xD9, 0x1A, 0x9A, 0x7F, 0x54,
    0x82, 0xB2, 0x5F, 0x89, 0xA2, 0x80, 0x00, 0x41, 0xD5, 0x3D, 0x51, 0x68, 0xD3, 0xAF, 0x06, 0x4F,
    0xBE, 0x32, 0x65, 0x24, 0x41, 0xDE, 0xB9, 0xA1, 0x3E, 0x00, 0xD5, 0xCE, 0x95, 0xA4, 0xFD, 0x03,
    0x03, 0x72, 0x65, 0xA3, 0x9A, 0x84, 0x63, 0xE9, 0xC0, 0x00, 0x48, 0x62, 0x57, 0x66, 0x91, 0xCF,
    0x49, 0x5D, 0x3F, 0xFA, 0x5E, 0x00, 0x4D, 0x88, 0xC5, 0xC8, 0xC4, 0x6B, 0xB7, 0xE1, 0x51, 0x37,
    0x98, 0xFC, 0x70, 0x09, 0x00, 0x0F, 0xAE, 0x9E, 0x22, 0x47, 0x4B, 0x3A, 0x78, 0x00, 0x46, 0x40,
    0x3E, 0x1F, 0xD4, 0x8E, 0xC7, 0x50, 0x21, 0x20, 0x88, 0x04, 0x02, 0x09, 0x8F, 0xAE, 0x49, 0x53,
    0x68, 0xF9, 0xC3, 0xE0, 0x00, 0x42, 0x2A, 0xA3, 0x37, 0x1C, 0xEC, 0x12, 0x88, 0x00, 0x42, 0x0B,
    0xFF, 0x5A, 0x2D, 0x2B, 0x51, 0xAA, 0xA9, 0x15, 0x45, 0x75, 0xBA, 0x00, 0x17, 0x33, 0x32, 0x92,
    0x5A, 0x67, 0x08, 0x8B, 0xC1, 0xEF, 0x1C, 0xA1, 0x08, 0x00, 0x68, 0x55, 0x73, 0x09, 0x63, 0xA7,
    0xDC, 0x62, 0x16, 0xC2, 0x4B, 0x6B, 0x46, 0xB1, 0xFA, 0xC3, 0x00, 0x42, 0x95, 0xB4, 0xAF, 0xC4,
    0xE8, 0xA0, 0x00, 0x20, 0xA7, 0x4B, 0x86, 0x50, 0x2E, 0x5B, 0x58, 0xD9, 0x2A, 0x78, 0x00, 0x02,
    0xDC, 0x1B, 0xEF, 0x01, 0xFD, 0x12, 0x0E, 0x99, 0xE9, 0x40, 0x00, 0x0C, 0xAD, 0xA8, 0x5D, 0x41,
    0x0C, 0xAA, 0xA0, 0xF2, 0x75, 0xF8, 0x80, 0x27, 0x00, 0x46, 0xE2, 0xAB, 0x83, 0x23, 0xB9, 0x5E,
    0x3F, 0xE9, 0x79, 0x33, 0x60, 0x01, 0xAF, 0x01, 0xEC, 0x34, 0xA6, 0xCE, 0xF8, 0xF8, 0xA6, 0x87,
    0x11, 0x02, 0xF8, 0x74, 0x94, 0xBF, 0xDE, 0x9C, 0x4A, 0x9C, 0x6C, 0x91, 0x9E, 0x1B, 0xCF, 0x7B,
    0x86, 0x1A, 0x00, 0x05, 0x07, 0xFF, 0x96, 0x53, 0xBC, 0x2B, 0x70, 0xC3, 0xD6, 0xE2, 0xD6, 0x92,
    0x1E, 0xF3, 0xEB, 0x9B, 0x70, 0x9F, 0xAA, 0xD1, 0xB6, 0x9C, 0xB6, 0x2C, 0x95, 0xD0, 0x94, 0x30,
    0x24, 0xF9, 0x93, 0xF1, 0xE0, 0x85, 0xD3, 0x00, 0x6E, 0x93, 0x33, 0x9F, 0x39, 0x0E, 0x11, 0x8D,
    0x8D, 0x3C, 0xBE, 0x1E, 0xA4, 0x0F, 0x9A, 0xFB, 0xA3, 0x51, 0x51, 0x65, 0x3B, 0x60, 0x87, 0x25,
    0x00, 0x9C, 0x20, 0x62, 0xDA, 0x56, 0xAD, 0x81, 0xF1, 0x72, 0x76, 0xD8, 0x8A, 0x1D, 0x85, 0x7D,
    0xE4, 0x65, 0x35, 0xF7, 0x87, 0x35, 0x00, 0x85, 0xC6, 0xEE, 0xB7, 0xEB, 0xEE, 0xD1, 0xD5, 0x88,
    0x4E, 0x00, 0x2B, 0x47, 0xC7, 0x45, 0x70, 0x4B, 0xE3, 0x1B, 0x3B, 0xD1, 0x60, 0x83, 0x3D, 0x00,
    0x7E, 0x93, 0x1E, 0xF1, 0xD9, 0x5C, 0xA9, 0x20, 0xB5, 0x9B, 0x23, 0xA5, 0xC7, 0x6E, 0x7B, 0x20,
    0x40, 0xEE, 0x50, 0x93, 0x64, 0x56, 0x87, 0x2C, 0x00, 0x96, 0x6F, 0x22, 0x40, 0x9E, 0x48, 0xD8,
    0x06, 0x3F, 0xF4, 0x94, 0x50, 0xE2, 0xF8, 0x05, 0xEF, 0x40, 0x00, 0x34, 0x97, 0x69, 0xC9, 0xB5,
    0xB4, 0xA5, 0xEC, 0xA6, 0xFE, 0xF1, 0xA7, 0xCF, 0xB4, 0xCE, 0x4C, 0xD9, 0xA2, 0xD0, 0x68, 0xE3,
    0x40, 0xB8, 0x03, 0xD8, 0xB5, 0x8E, 0x55, 0x1D, 0x85, 0xB2, 0x4A, 0x25, 0x5E, 0x73, 0x18, 0xC8,
    0x24, 0x10, 0xAA, 0x7D, 0xA3, 0x5F, 0x5A, 0x4A, 0x34, 0x80, 0x00, 0x19, 0x67, 0xAF, 0x5F, 0x12,
    0xE4, 0xF2, 0x97, 0xF8, 0x07, 0x19, 0xAA, 0x15, 0x14, 0xFD, 0xAB, 0x1D, 0x7B, 0xA0, 0x42, 0xF0,
    0x56, 0x85, 0xA9, 0x8E, 0xB3, 0xB7, 0x0B, 0x44, 0x79, 0x0A, 0x79, 0xC6, 0x70, 0x48, 0xE9, 0x42,
    0x50, 0x8C, 0x66, 0x04, 0x5A, 0xC0, 0x87, 0x13, 0x02, 0x53, 0x14, 0xA9, 0x4D, 0xCD, 0x29, 0x70,
    0x8E, 0xFC, 0xB9, 0x30, 0x80, 0x80, 0x2D, 0x00, 0x78, 0xAB, 0x2D, 0x92, 0x68, 0xB5, 0x51, 0xDA,
    0xC9, 0x1D, 0xBB, 0xC8, 0xCC, 0x4B, 0xBC, 0xCD, 0x6D, 0x84, 0xE4, 0x78, 0xA1, 0x0B, 0x73, 0x6E,
    0x85, 0xCA, 0x8F, 0xAF, 0xCD, 0xE6, 0x00, 0x53, 0x75, 0x6E, 0x75, 0x92, 0x09, 0x48, 0x18, 0x8E,
    0x37, 0x24, 0x57, 0xA6, 0xC2, 0x1B, 0xA4, 0x22, 0xBA, 0x42, 0x9C, 0x42, 0x72, 0x5F, 0x20, 0x08,
    0xF2, 0x05, 0x3B, 0x13, 0x3F, 0xCB, 0x56, 0xDF, 0xF7, 0xD2, 0x08, 0x6E, 0x54, 0xB3, 0x79, 0x8E,
    0x00, 0x51, 0x22, 0x47, 0x00, 0xA0, 0xC9, 0x58, 0xAE, 0x69, 0x37, 0xED, 0xC6, 0x7D, 0x79, 0x47,
    0x2B, 0xDB, 0x3C, 0xD8, 0x1A, 0x79, 0x8F, 0xCF, 0xB2, 0x41, 0xA9, 0xBA, 0x72, 0xE6, 0xAA, 0x68,
    0x70, 0x9F, 0x0E, 0x29, 0x97, 0xD7, 0xBA, 0x3E, 0xCC, 0xDD, 0x91, 0x26, 0x6E, 0x08, 0x00, 0x19,
    0x41, 0x86, 0x6B, 0x9B, 0x53, 0xD1, 0xBC, 0x24, 0xC2, 0xFD, 0x9E, 0x5E, 0xB6, 0xBD, 0xDA, 0x6C,
    0x68, 0xD4, 0x68, 0x02, 0x64, 0x43, 0x84, 0x40, 0x91, 0x1B, 0x8D, 0xCA, 0x64, 0xA0, 0xA6, 0x06,
    0xBC, 0x87, 0xC5, 0x00, 0x8F, 0xBB, 0x54, 0x8E, 0x87, 0x63, 0xBC, 0xAC, 0x85, 0x4A, 0x70, 0x80,
    0x8F, 0x11, 0x02, 0x99, 0xC4, 0x09, 0x3D, 0x61, 0x3D, 0xB9, 0x0D, 0x36, 0xFB, 0xFB, 0x03, 0xF9,
    0x60, 0xFB, 0x36, 0x32, 0xBE, 0x14, 0xAC, 0x0A, 0x9F, 0x9F, 0x90, 0x87, 0x24, 0x00, 0x3F, 0x7D,
    0xD8, 0xF0, 0x5F, 0xC6, 0x2F, 0xAF, 0xA0, 0x87, 0x28, 0x00, 0x52, 0xEC, 0x72, 0x81, 0x3A, 0x9F,
    0x63, 0x77, 0x17, 0x45, 0x26, 0x00, 0x4A, 0x5C, 0x6D, 0x31, 0xB7, 0xE9, 0xAB, 0xD8, 0x4D, 0x37,
    0x45, 0xEE, 0x3B, 0xBD, 0x3F, 0x6C, 0xB9, 0xF2, 0x7B, 0xF1, 0x29, 0xC3, 0x49, 0xD8, 0x20, 0x26,
    0x61, 0x92, 0x77, 0xEA, 0xF5, 0x4D, 0x82, 0x6B, 0x53, 0x7C, 0xE5, 0x40, 0xCA, 0xC2, 0x54, 0x8F,
    0x11, 0x02, 0x4D, 0xFB, 0x2C, 0x27, 0xF9, 0x70, 0x00, 0x1E, 0x5F, 0xA5, 0x27, 0x2F, 0x29, 0x69,
    0xD6, 0x5D, 0x03, 0x22, 0x5F, 0x49, 0xDC, 0x5C, 0xC7, 0x56, 0x57, 0x78, 0xC6, 0x7A, 0x32, 0x0F,
    0xDB, 0xB7, 0x59, 0x2D, 0x61, 0xC2, 0x97, 0xE0, 0x8B, 0xB9, 0x43, 0xE5, 0x48, 0x38, 0xB5, 0x4A,
    0x71, 0x16, 0x92, 0x37, 0x07, 0xF5, 0xD1, 0x21, 0x99, 0x49, 0xE2, 0x39, 0x00, 0x8A, 0xC4, 0x92,
    0x9C, 0xAE, 0x25, 0xE3, 0xC9, 0xD2, 0x43, 0xAE, 0x25, 0x97, 0xC7, 0x5B, 0xD7, 0xC9, 0xF7, 0x0C,
    0xB8, 0x44, 0x7D, 0xE1, 0xBE, 0x87, 0x26, 0xD2, 0x95, 0xC3, 0xF9, 0x98, 0x85, 0xB4, 0xA0, 0x8F,
    0x1E, 0x02, 0x84, 0x06, 0x2D, 0x31, 0x9E, 0x3C, 0x83, 0xF8, 0x80, 0x87, 0x1E, 0x02, 0xF9, 0x6A,
    0x3C, 0x0A, 0x3B, 0x3A, 0x03, 0xAE, 0xA1, 0x96, 0xEC, 0x80, 0xBC, 0xED, 0x90, 0xE1, 0x96, 0xF3,
    0xC6, 0xB3, 0x8F, 0x1D, 0x02, 0x66, 0x11, 0x17, 0x0D, 0x5C, 0x54, 0x83, 0x1A, 0x40, 0x00, 0x40,
    0xD3, 0x24, 0x45, 0x25, 0x68, 0xBF, 0x42, 0xD3, 0x5A, 0x98, 0x61, 0x07, 0xA0, 0xA0, 0xDD, 0x70,
    0xF4, 0x6C, 0x40, 0xBE, 0xF4, 0xF0, 0x21, 0x67, 0xD6, 0x2D, 0x35, 0xFF, 0xB5, 0xF6, 0x40, 0x87,
    0x2F, 0x00, 0x81, 0x17, 0x48, 0x8E, 0x91, 0x59, 0xCE, 0xAE, 0x9F, 0x00, 0x43, 0x2C, 0xD3, 0x77,
    0xC1, 0x51, 0x6A, 0xF7, 0x02, 0xB9, 0xED, 0xDD, 0x03, 0x44, 0xB3, 0x49, 0x8C, 0x80, 0x87, 0x2A,
    0x00, 0x1B, 0x5A, 0x20, 0xCF, 0x5E, 0xCB, 0xDD, 0xEA, 0xE6, 0x2A, 0xFE, 0xA8, 0xC3, 0x35, 0x95,
    0x0C, 0x1A, 0xD5, 0xD3, 0xD5, 0xCB, 0xE1, 0x36, 0xA0, 0x0D, 0xBA, 0x45, 0x80, 0x87, 0x31, 0x00,
    0xA4, 0x63, 0x05, 0x70, 0x2C, 0xEF, 0x78, 0xA5, 0xFA, 0xEC, 0x08, 0xA6, 0x6F, 0x80, 0x44, 0xEC,
    0x87, 0x2E, 0x02, 0x23, 0x0E, 0x6B, 0x5C, 0xFA, 0x08, 0xF6, 0xD5, 0xE9, 0xE5, 0x84, 0x2F, 0xEC,
    0x9D, 0x9E, 0xBB, 0x69, 0xF5, 0x50, 0x9B, 0x51, 0xAE, 0x66, 0xAC, 0x41, 0x9E, 0xA0, 0x87, 0x32,
    0x00, 0x63, 0x26, 0x14, 0xB6, 0x62, 0xFA, 0x80, 0x4B, 0x80, 0x1E, 0x09, 0x51, 0xA0, 0x36, 0xC5,
    0x7F, 0x3C, 0x8F, 0x4A, 0xBE, 0x21, 0x1C, 0xA3, 0x60, 0x87, 0x15, 0x02, 0x9A, 0x9D, 0x39, 0xC8,
    0x19, 0x66, 0x5A, 0x3F, 0x5B, 0x91, 0x3C, 0x87, 0x23, 0x01, 0x52, 0xE4, 0x1C, 0xE7, 0x9F, 0x39,
    0x80, 0x8F, 0x1F, 0x02, 0x86, 0x09, 0x47, 0x65, 0xDD, 0x2D, 0xCD, 0x48, 0xA0, 0x00, 0xC5, 0x23,
    0x50, 0x07, 0x7A, 0x89, 0x29, 0x87, 0xCD, 0x18, 0x2B, 0x03, 0x6B, 0xCA, 0x0E, 0x62, 0xAA, 0xD6,
    0xD1, 0x0B, 0x4F, 0x77, 0xE3, 0x68, 0x96, 0x68, 0x84, 0xDB, 0x96, 0xB6, 0xC8, 0xA0, 0x6F, 0x51,
    0x88, 0xA1, 0x97, 0x40, 0x55, 0x50, 0xA4, 0x68, 0xD3, 0x12, 0x08, 0x68, 0xE0, 0x87, 0x3A, 0x00,
    0x1A, 0x74, 0xCD, 0x63, 0x80, 0x40, 0x35, 0x83, 0x1D, 0xFA, 0xEE, 0xB8, 0xA6, 0x40, 0x49, 0x80,
    0x87, 0x20, 0x02, 0x7D, 0xEA, 0x26, 0x0E, 0x36, 0x12, 0xF9, 0x26, 0x2B, 0x8F, 0x08, 0xBB, 0x8B,
    0x6C, 0xFE, 0x40, 0xCD, 0x20, 0x00, 0x10, 0x94, 0xF4, 0x96, 0xA4, 0x7E, 0x18, 0xA4, 0x43, 0x9D,
    0xCF, 0xEE, 0x5E, 0xCD, 0x68, 0x73, 0x8D, 0x60, 0x6A, 0xD5, 0x31, 0xE3, 0x07, 0xC0, 0xA7, 0x17,
    0xAD, 0x80, 0x00, 0x1E, 0x5A, 0x33, 0x95, 0x3B, 0x03, 0xDE, 0x14, 0xE1, 0xE1, 0x6F, 0xA8, 0x82,
    0x15, 0xDC, 0xB0, 0xF3, 0x2D, 0x35, 0x78, 0xDF, 0x16, 0xCF, 0xD1, 0x43, 0x1A, 0x1C, 0xCB, 0xE6,
    0x50, 0x22, 0x52, 0xB1, 0x7F, 0xC6, 0xCA, 0xB8, 0x69, 0xF1, 0xDF, 0x92, 0x00, 0x1E, 0x5A, 0x2E,
    0x85, 0x59, 0x7F, 0xE9, 0x0F, 0xAF, 0xC3, 0x7D, 0x09, 0x47, 0x7C, 0xCE, 0x0B, 0x5B, 0x9D, 0x04,
    0x9D, 0x25, 0x24, 0x31, 0xA8, 0x6A, 0x11, 0x9C, 0x22, 0x59, 0x94, 0x1F, 0xB2, 0x89, 0xA8, 0x4E,
    0x92, 0xAB, 0x8D, 0xD2, 0xD7, 0xE5, 0x2C, 0xA8, 0x07, 0x75, 0x7C, 0x60, 0x87, 0x13, 0x02, 0x7A,
    0xA9, 0x9D, 0x4C, 0x51, 0x16, 0xCE, 0xA7, 0xFE, 0xE8, 0x06, 0x93, 0xC3, 0x0D, 0xC6, 0x0D, 0x7E,
    0xB8, 0xEC, 0x62, 0xF7, 0x34, 0x41, 0x94, 0xF8, 0xD4, 0x00, 0x1E, 0x3D, 0x06, 0x8C, 0x3B, 0x1D,
    0xD2, 0x1D, 0xA3, 0xDB, 0xBD, 0xFF, 0x24, 0x21, 0x27, 0xAE, 0xCF, 0x1B, 0xB8, 0xE0, 0x2C, 0xE8,
    0xF3, 0xC3, 0x0A, 0x16, 0xFF, 0xDE, 0xA3, 0xB7, 0xA5, 0xDC, 0x14, 0x59, 0xCA, 0x09, 0x15, 0xFD,
    0xFF, 0x92, 0x8F, 0xA0, 0x01, 0x6F, 0x1E, 0x78, 0xE8, 0x19, 0x39, 0xBE, 0x47, 0xE2, 0x06, 0x70,
    0x46, 0x86, 0x0B, 0x05, 0x62, 0x2A, 0x9B, 0x06, 0x36, 0x8F, 0x5B, 0x00, 0x8D, 0x0F, 0x9C, 0x98,
    0xDD, 0xD3, 0x31, 0x8B, 0x14, 0x29, 0xAA, 0x30, 0x9C, 0xB9, 0x85, 0xEE, 0x61, 0x63, 0x43, 0xCF,
    0x1A, 0x8E, 0x59, 0x93, 0xE7, 0x46, 0xC7, 0x2F, 0xA4, 0x0C, 0x60, 0x00, 0xB5, 0x8D, 0x57, 0x58,
    0x4C, 0x04, 0x36, 0x90, 0xCF, 0x34, 0xBC, 0xD4, 0xB9, 0xA2, 0x76, 0xF8, 0x60, 0x02, 0x07, 0x3C,
    0xD9, 0xC6, 0x39, 0x7B, 0x5A, 0x99, 0x3D, 0x51, 0x70, 0x09, 0xA5, 0x0C, 0xEC, 0x13, 0xCF, 0xD7,
    0xC7, 0x79, 0x26, 0xA5, 0xB1, 0xEC, 0x97, 0x8A, 0x46, 0x19, 0xE9, 0xB5, 0x00, 0x50, 0x05, 0xD2,
    0x56, 0xDB, 0x8E, 0x6B, 0x67, 0xD5, 0x99, 0xD2, 0xD3, 0x89, 0x45, 0xA2, 0x80, 0xAE, 0x13, 0xE9,
    0x4F, 0x32, 0x47, 0x83, 0xB8, 0xEC, 0xFE, 0x25, 0x47, 0x2E, 0x85, 0x36, 0xC0, 0x00, 0x3F, 0x33,
    0x06, 0xA1, 0xB8, 0x57, 0x4C, 0x11, 0xE1, 0xA0, 0x91, 0xA6, 0x08, 0xA5, 0x26, 0x08, 0x9F, 0x64,
    0xF2, 0x91, 0xF9, 0xC0, 0x25, 0x20, 0xFA, 0xE3, 0x8B, 0xD6, 0x67, 0x00, 0xA8, 0xA7, 0x82, 0x88,
    0xF5, 0x27, 0x6C, 0xF3, 0x88, 0xCC, 0x7C, 0xA3, 0x8B, 0x6E, 0xFA, 0x6A, 0x02, 0x87, 0x3D, 0xA3,
    0x5B, 0x93, 0x36, 0xDE, 0x1D, 0xB0, 0x43, 0xC9, 0x75, 0x6B, 0x29, 0xAA, 0xC4, 0x27, 0x6E, 0xA8,
    0xAE, 0x80, 0x00, 0x47, 0x3B, 0xD4, 0xE3, 0x0C, 0x78, 0xFA, 0x26, 0x5C, 0x44, 0x8A, 0x4C, 0x03,
    0x8F, 0x25, 0xD3, 0x2F, 0x86, 0x2C, 0xCA, 0x58, 0x9E, 0x91, 0xD4, 0xD5, 0x54, 0x2B, 0xA3, 0x70,
    0xEE, 0x14, 0x40, 0x00, 0x32, 0x17, 0x0A, 0xCE, 0x18, 0xA7, 0xFB, 0xA1, 0x22, 0x97, 0x04, 0x1A,
    0x85, 0x48, 0x51, 0xF7, 0x8D, 0xC8, 0x40, 0xED, 0xF9, 0x3D, 0x0C, 0xC0, 0xF9, 0x6F, 0xE5, 0x50,
    0x74, 0x00, 0x27, 0x5B, 0xD0, 0xAD, 0x2B, 0xD2, 0xE4, 0x78, 0xF1, 0xF1, 0x1A, 0x32, 0x54, 0xE5,
    0xFB, 0x1D, 0x28, 0x2F, 0xB0, 0x19, 0x5C, 0x35, 0x39, 0x8D, 0x21, 0xE6, 0x1D, 0x73, 0x7E, 0x34,
    0x49, 0xDC, 0xE1, 0xC5, 0xBE, 0xA9, 0x00, 0x3D, 0x78, 0xF7, 0xD1, 0x52, 0xBD, 0xBC, 0x6A, 0x6D,
    0xFA, 0x19, 0x68, 0xAF, 0xF1, 0xF2, 0xCC, 0x9F, 0x82, 0xF4, 0x32, 0xB6, 0xC5, 0xFE, 0xAC, 0x22,
    0x20, 0x92, 0x81, 0x10, 0x00, 0x16, 0x86, 0x61, 0xE2, 0x8C, 0x34, 0xAF, 0xF2, 0x9F, 0x43, 0x52,
    0x89, 0x87, 0xC8, 0x9B, 0x81, 0x86, 0x60, 0xA0, 0xAF, 0xCF, 0x64, 0xA7, 0x3E, 0xA8, 0xA9, 0x69,
    0x12, 0xAD, 0xB7, 0x8A, 0xFA, 0x8F, 0x7B, 0x93, 0x82, 0x6D, 0x93, 0x5C, 0xDB, 0xC9, 0x96, 0xB2,
    0xFC, 0xEA, 0x0F, 0x32, 0xE1, 0x43, 0xB4, 0x00, 0x2D, 0xF5, 0x8A, 0xFC, 0x52, 0xBC, 0x88, 0x68,
    0x7A, 0x9E, 0xCF, 0x2A, 0x54, 0x65, 0x80, 0x90, 0xBC, 0x5B, 0xE6, 0xF5, 0xA7, 0x13, 0x45, 0x94,
    0x1F, 0xCF, 0xED, 0xC0, 0x52, 0x87, 0x57, 0x00, 0xB7, 0x73, 0xAA, 0x59, 0xE1, 0xED, 0xD7, 0x33,
    0x63, 0x5A, 0x3A, 0x6B, 0x57, 0x2B, 0xA2, 0x52, 0x0C, 0x80, 0x80, 0x49, 0x02, 0x1D, 0x3F, 0xD0,
    0x85, 0x7D, 0x1F, 0x30, 0xC8, 0x94, 0x65, 0xE1, 0xFA, 0xD1, 0x67, 0x10, 0x80, 0x8E, 0x31, 0x02,
    0xFF, 0xB7, 0xF6, 0x8D, 0xE7, 0x48, 0x50, 0x16, 0x73, 0x1E, 0xC3, 0x20, 0x6B, 0xC5, 0x2A, 0x8E,
    0x44, 0x13, 0x60, 0xE8, 0xF9, 0x40, 0x4E, 0x94, 0x00, 0x94, 0xC6, 0x4D, 0xBA, 0x35, 0x11, 0xCF,
    0xEF, 0x05, 0xB3, 0x02, 0xCD, 0x59, 0xC6, 0xFB, 0x2E, 0xB6, 0x01, 0x5E, 0xF9, 0x44, 0xA7, 0x76,
    0x00, 0x9F, 0x0D, 0xD7, 0x29, 0xAA, 0xCA, 0x6D, 0x5A, 0x2C, 0xB9, 0x03, 0xBC, 0xE8, 0xF4, 0x41,
    0x2F, 0x72, 0x34, 0xFD, 0xC6, 0xD1, 0xB0, 0x65, 0xD8, 0x37, 0xD0, 0x26, 0xFC, 0xAF, 0x30, 0x90,
    0xB2, 0x53, 0x76, 0x9B, 0xC5, 0x00, 0x89, 0x04, 0xC9, 0x44, 0xCA, 0x1A, 0x6B, 0x9A, 0xCF, 0x2C,
    0xCB, 0x3F, 0x58, 0xA5, 0x6B, 0xB0, 0xC4, 0xBD, 0x91, 0x8E, 0x03, 0xC4, 0x94, 0x38, 0x80, 0x00,
    0x3C, 0x75, 0x2C, 0x2D, 0xD2, 0xCA, 0xEE, 0x85, 0xFD, 0x5D, 0x0B, 0xC6, 0xFC, 0xF1, 0x72, 0x31,
    0x1A, 0xEA, 0xEB, 0x9B, 0x2B, 0x86, 0x3B, 0x39, 0x71, 0x4A, 0xC0, 0x88, 0x0C, 0x01, 0xFC, 0xF7,
    0x8D, 0x52, 0xCE, 0x83, 0x5E, 0xA8, 0xD8, 0xCB, 0xB4, 0xE1, 0x37, 0xCC, 0x3A, 0x87, 0x52, 0x00,
    0x79, 0x89, 0x97, 0x75, 0x24, 0x1F, 0xA3, 0xDB, 0xC7, 0x00, 0x31, 0x35, 0x48, 0x6E, 0x73, 0x78,
    0x0D, 0xD3, 0x8A, 0x63, 0x00, 0x7F, 0x64, 0x4B, 0x2D, 0xF2, 0x0F, 0x65, 0xF4, 0xC0, 0xC2, 0xB1,
    0x15, 0x05, 0xB6, 0x75, 0x3B, 0xD5, 0x2F, 0xAC, 0x00, 0x53, 0x4D, 0x69, 0xAA, 0x64, 0xCC, 0x63,
    0x02, 0x34, 0xA5, 0x03, 0x95, 0x48, 0x6D, 0xDC, 0x6B, 0xE8, 0x14, 0x1A, 0xD1, 0x17, 0x91, 0xAD,
    0x0C, 0xA5, 0xC4, 0x22, 0x18, 0x1C, 0x8A, 0x05, 0x8F, 0x3B, 0xE5, 0xAA, 0x1C, 0xEE, 0x86, 0x6E,
    0x80, 0x00, 0x98, 0xC3, 0x93, 0xE1, 0xEC, 0x0E, 0x52, 0x27, 0xCD, 0xCA, 0x26, 0x1F, 0xF2, 0x0B,
    0x8B, 0x69, 0x7E, 0x8E, 0xFD, 0x53, 0x08, 0xBA, 0xD9, 0xD3, 0xAD, 0x53, 0x34, 0x18, 0xB0, 0x00,
    0x65, 0x21, 0x7C, 0x25, 0x39, 0xCF, 0x12, 0xA6, 0x85, 0xEC, 0x05, 0x90, 0x42, 0x16, 0x99, 0xAF,
    0x66, 0x7C, 0x2A, 0x76, 0xD9, 0xDE, 0xFE, 0x6D, 0x53, 0x4F, 0x42, 0x4B, 0x03, 0x4F, 0x5A, 0xD9,
    0x6D, 0x68, 0xAC, 0xC7, 0xB7, 0x96, 0x6F, 0x3B, 0x96, 0xFA, 0xBE, 0x16, 0x25, 0x40, 0x00, 0x90,
    0xFC, 0x33, 0xFB, 0xAB, 0x4B, 0xD9, 0x28, 0xC6, 0xE1, 0x48, 0xFE, 0x29, 0x6B, 0x2D, 0x94, 0x28,
    0x2A, 0xCC, 0xA1, 0xF3, 0x23, 0xD8, 0x19, 0x40, 0xB3, 0x47, 0x87, 0x49, 0x02, 0xB7, 0x75, 0xEA,
    0x7F, 0xE9, 0xA8, 0xC3, 0xEE, 0x07, 0x75, 0x09, 0xB9, 0xF3, 0xF0, 0x00, 0x72, 0x1E, 0xBD, 0xFD,
    0xC2, 0x9F, 0xE5, 0x99, 0x6C, 0x5F, 0xD5, 0x5D, 0x13, 0xC6, 0xBE, 0xD7, 0xE9, 0xD7, 0x3E, 0xA5,
    0x57, 0xF0, 0x10, 0x8D, 0x4F, 0x00, 0xFF, 0xFF, 0xBB, 0x30, 0xC2, 0x06, 0x64, 0x73, 0xDE, 0x41,
    0x99, 0x70, 0x29, 0x06, 0xCC, 0x42, 0x62, 0x7F, 0x30, 0x72, 0x4C, 0x27, 0xFF, 0x15, 0x93, 0x79,
    0x60, 0x65, 0xDB, 0xC2, 0x78, 0x65, 0xC7, 0xBB, 0x80, 0x87, 0x59, 0x02, 0xCF, 0x79, 0x8B, 0x17,
    0x3A, 0x52, 0xE6, 0x28, 0xAB, 0x3D, 0x76, 0x6E, 0xD8, 0x13, 0xF8, 0x89, 0xEC, 0x00, 0x7F, 0x65,
    0xB8, 0x33, 0xB0, 0x4F, 0xD2, 0xEB, 0x0E, 0x93, 0xE7, 0xAA, 0xE7, 0xB0, 0x1C, 0x1D, 0x8F, 0x36,
    0x2E, 0x2C, 0xE3, 0x04, 0xF8, 0xAA, 0x70, 0xC5, 0x14, 0x00, 0x9D, 0x92, 0xD0, 0x45, 0xB6, 0x23,
    0xD2, 0xC0, 0x51, 0x87, 0x70, 0x18, 0x8C, 0xB1, 0x46, 0xE3, 0x5C, 0x6C, 0x7C, 0x52, 0xEA, 0xF0,
    0x6C, 0x86, 0x2E, 0x47, 0x35, 0xC4, 0x80, 0x75, 0xA5, 0xAF, 0xEA, 0x85, 0xD4, 0x00, 0x77, 0xD2,
    0xCB, 0x64, 0xBD, 0xBF, 0x5C, 0x5C, 0xCB, 0xEF, 0x8C, 0x52, 0x7B, 0x8F, 0xA7, 0xE3, 0xD0, 0x6B,
    0x9D, 0x55, 0x56, 0xB0, 0x88, 0x80, 0x00, 0x22, 0xEF, 0x99, 0x5B, 0x1E, 0x09, 0x3E, 0xB3, 0xA9,
    0x56, 0x50, 0x91, 0xA0, 0x56, 0x2B, 0x4B, 0xB0, 0x72, 0x94, 0x58, 0x75, 0xAC, 0x35, 0x21, 0x00,
    0x7C, 0x9E, 0x6B, 0x65, 0xD5, 0x4C, 0x4C, 0xA0, 0xD3, 0x95, 0x36, 0x4B, 0x4D, 0x4B, 0xBC, 0x56,
    0x34, 0xD0, 0xB0, 0x16, 0xC7, 0xCA, 0xF4, 0xF6, 0xDC, 0xF3, 0x7F, 0x8D, 0xBA, 0x7D, 0xCF, 0xB4,
    0x6B, 0x93, 0x5E, 0x86, 0x40, 0x00, 0x96, 0x03, 0x84, 0x0A, 0xD7, 0xAF, 0xDF, 0x32, 0x2F, 0x99,
    0x24, 0x02, 0xDE, 0x99, 0xD5, 0x76, 0x88, 0x95, 0xDF, 0x1D, 0x19, 0x00, 0x67, 0xF2, 0x2B, 0x80,
    0x80, 0x46, 0x02, 0x27, 0xF7, 0xD5, 0xA3, 0x1A, 0x6F, 0xFA, 0x0F, 0xB7, 0xC1, 0x28, 0xCA, 0x80,
    0x81, 0x46, 0x02, 0x2A, 0x03, 0x04, 0x83, 0xD4, 0xFC, 0x2D, 0x59, 0x37, 0x3C, 0x5F, 0xCE, 0x71,
    0xC3, 0x0F, 0x80, 0x0C, 0x01, 0x28, 0xEB, 0x8D, 0xC4, 0x26, 0x08, 0x66, 0xA3, 0xB6, 0xE6, 0xE6,
    0xDE, 0x62, 0x9E, 0xF3, 0x2D, 0x50, 0x15, 0xE2, 0x1F, 0xDC, 0x8C, 0x67, 0x67, 0x8D, 0x7D, 0x9A,
    0x57, 0x56, 0x61, 0xAF, 0x2F, 0x5C, 0x22, 0xF0, 0x00, 0x5E, 0x62, 0xB7, 0xAB, 0xA4, 0x2D, 0x36,
    0xEA, 0x29, 0xC6, 0x14, 0xCD, 0x47, 0x2F, 0x36, 0x5E, 0xB7, 0xD4, 0x2A, 0xCA, 0x2A, 0xC4, 0xAC,
    0xED, 0x77, 0x0C, 0xCD, 0xB6, 0x88, 0xBD, 0xE0, 0x23, 0x13, 0xE1, 0x20, 0xCE, 0x8A, 0x63, 0x00,
    0x7F, 0x64, 0x4A, 0xFB, 0x63, 0x59, 0x08, 0xA0, 0x42, 0x20, 0xB7, 0x24, 0xAD, 0x32, 0xAE, 0xC8,
    0xE5, 0x84, 0x0D, 0xE9, 0x00, 0x2C, 0x6F, 0x82, 0x25, 0x9C, 0xA3, 0x74, 0xBF, 0x85, 0xAF, 0xF3,
    0x2C, 0x20, 0xDD, 0x27, 0x39, 0x8F, 0xD4, 0x10, 0x6B, 0xB5, 0x59, 0x25, 0xD0, 0x8E, 0x08, 0x88,
    0x4E, 0x00, 0xB9, 0xA5, 0x94, 0xE9, 0xC1, 0x7A, 0xCF, 0x2F, 0x70, 0x98, 0xC3, 0xE8, 0x88, 0xB0,
    0x00, 0xE1, 0xDC, 0x63, 0x1B, 0x3F, 0xDE, 0xD9, 0xD1, 0x06, 0xB8, 0xCD, 0x5F, 0x47, 0x94, 0x9D,
    0xDE, 0xE4, 0x88, 0x4C, 0x00, 0xBE, 0x14, 0x0F, 0x61, 0x73, 0x19, 0xD2, 0xCA, 0x04, 0x7C, 0x9C,
    0x0E, 0x35, 0xE5, 0x5E, 0xD9, 0x67, 0x57, 0x40, 0x00, 0xAB, 0xC6, 0xC0, 0x1A, 0xB4, 0x56, 0xC6,
    0x54, 0xC5, 0xD6, 0xEC, 0x1D, 0xA0, 0x0A, 0x51, 0x07, 0x84, 0xBB, 0x73, 0x71, 0x91, 0x73, 0x31,
    0x69, 0xF9, 0xC3, 0xB1, 0x66, 0x30, 0x1B, 0xC6, 0x5A, 0xFD, 0x45, 0x26, 0x40, 0x00, 0xA4, 0x2E,
    0x5D, 0x99, 0x7D, 0x40, 0x8B, 0x93, 0xBF, 0xB0, 0xDC, 0xD3, 0x8E, 0x2C, 0x49, 0x00, 0x16, 0x6D,
    0x41, 0x9A, 0xE8, 0x86, 0x0E, 0x22, 0x24, 0xB2, 0xF6, 0xA4, 0xE4, 0xBE, 0xFA, 0x76, 0x8B, 0xC6,
    0xA0, 0x74, 0xC0, 0x8E, 0xA0, 0x01, 0x77, 0x74, 0x1F, 0x83, 0x94, 0x83, 0x0D, 0x4E, 0x14, 0xF9,
    0xFC, 0xCC, 0x85, 0x6F, 0x57, 0xFC, 0x71, 0xDD, 0x54, 0x7D, 0xDC, 0x95, 0x44, 0x08, 0x10, 0x22,
    0xB7, 0xE6, 0xB3, 0x80, 0xF9, 0x00, 0x61, 0xFC, 0x8E, 0xAE, 0xB0, 0x1E, 0x4E, 0x90, 0x9A, 0xEC,
    0x0B, 0xA7, 0xDB, 0x3A, 0xFD, 0x0B, 0x8D, 0xE2, 0x43, 0xA3, 0x5C, 0x95, 0xA0, 0xF4, 0x45, 0xD2,
    0x9E, 0x83, 0xB0, 0xE0, 0x80, 0x49, 0x02, 0x32, 0xEE, 0x69, 0x7B, 0xC8, 0xDE, 0xBF, 0xE4, 0x55,
    0xF8, 0xDA, 0x78, 0x80, 0x54, 0x02, 0x37, 0x4E, 0xFB, 0x60, 0x49, 0x65, 0xBA, 0x0D, 0xA2, 0xE0,
    0x4A, 0x64, 0xE5, 0x83, 0xAB, 0x25, 0xE0, 0x61, 0x87, 0x49, 0x02, 0xB7, 0x75, 0xD8, 0xC3, 0xF8,
    0x91, 0xA2, 0x81, 0xB8, 0x67, 0xB6, 0x6E, 0x14, 0x60, 0x00, 0x07, 0x19, 0x70, 0x97, 0x33, 0x64,
    0xAA, 0x9A, 0x08, 0x0C, 0xAA, 0x87, 0x08, 0x22, 0xAB, 0x20, 0x16, 0x8F, 0x3D, 0x01, 0x3A, 0x11,
    0xF9, 0x9D, 0xCA, 0x21, 0x32, 0x88, 0xD1, 0xBF, 0xE1, 0x58, 0xC2, 0xE4, 0x24, 0x6E, 0x14, 0xD3,
    0xB6, 0x04, 0x30, 0xB1, 0x2E, 0x02, 0xB8, 0x58, 0x00, 0x9C, 0xB2, 0x5A, 0xA6, 0x7F, 0xF6, 0x95,
    0x76, 0x5C, 0x39, 0xEE, 0x9C, 0x75, 0xDE, 0xA6, 0x33, 0x4C, 0x6C, 0x28, 0x4A, 0x5D, 0xFA, 0xD8,
    0xCC, 0x8A, 0x65, 0xA3, 0x6F, 0x21, 0x11, 0x76, 0x64, 0x55, 0x28, 0x00, 0x1C, 0xA1, 0x45, 0xCB,
    0x97, 0xC9, 0x8E, 0x71, 0xF4, 0x26, 0x9A, 0x20, 0x48, 0xAF, 0x86, 0xA0, 0x16, 0x8A, 0xE7, 0x56,
    0x3D, 0x3F, 0x96, 0x83, 0xE7, 0xBD, 0x02, 0x08, 0x85, 0xD5, 0x76, 0x5F, 0x60, 0x00, 0x57, 0x63,
    0x4B, 0x25, 0xB3, 0xCA, 0xD9, 0xEB, 0x5E, 0xE8, 0xFB, 0xA5, 0x6B, 0x79, 0x35, 0xD5, 0x66, 0xAB,
    0xA2, 0x98, 0x4C, 0xBC, 0xF8, 0xF4, 0x63, 0x8D, 0xB4, 0xC0, 0xC6, 0x06, 0xCC, 0xCB, 0x3D, 0x07,
    0x8B, 0x36, 0x00, 0xB2, 0xEB, 0x7D, 0xBF, 0x9F, 0xE7, 0xB1, 0xEB, 0x16, 0x4D, 0xBF, 0x9E, 0xBE,
    0xE5, 0x59, 0xB3, 0xBC, 0x26, 0x81, 0x30, 0x99, 0xAE, 0xBF, 0x14, 0xD4, 0x89, 0xEF, 0x76, 0x93,
    0xAC, 0x07, 0x94, 0x28, 0x7D, 0xA9, 0x40, 0x86, 0xD7, 0x0F, 0x49, 0x91, 0x5E, 0xC8, 0x5A, 0xAD,
    0x0B, 0x19, 0x1C, 0x00, 0x81, 0xAC, 0x5D, 0x3E, 0x74, 0xC5, 0x18, 0xD7, 0x42, 0x09, 0x48, 0x9E,
    0xC0, 0x98, 0x6C, 0xCA, 0x45, 0xA4, 0xF7, 0x24, 0x64, 0x96, 0x6C, 0xCA, 0xA3, 0xC3, 0x49, 0x28,
    0xDB, 0xB6, 0x00, 0x40, 0x57, 0xA5, 0x05, 0x76, 0xF8, 0xD9, 0xA0, 0x00, 0x61, 0xDC, 0x18, 0xEE,
    0x5A, 0xB3, 0x2C, 0xD0, 0xD6, 0x8A, 0x16, 0x63, 0x04, 0x28, 0xC0, 0xEB, 0x82, 0x56, 0xC2, 0x2B,
    0x65, 0xD4, 0xB1, 0x36, 0x54, 0x83, 0xAC, 0x2A, 0x34, 0x48, 0x13, 0xD8, 0x8B, 0xC1, 0x57, 0x30,
    0x00, 0xA9, 0x06, 0x87, 0x54, 0x89, 0x6C, 0xE2, 0xCB, 0xC1, 0xE2, 0x09, 0x9C, 0x09, 0x50, 0xC1,
    0x88, 0xEB, 0x11, 0x6A, 0xF9, 0xD4, 0x50, 0xCF, 0xB1, 0xFB, 0xF2, 0xAC, 0x51, 0xAE, 0x59, 0xFD,
    0x0C, 0x00, 0x1E, 0x2B, 0xE1, 0x44, 0xE0, 0xDF, 0x64, 0xB4, 0x3B, 0x6B, 0x37, 0xAF, 0x3C, 0xBD,
    0xEC, 0x98, 0x5B, 0xB7, 0x0E, 0x09, 0x26, 0xCE, 0xEB, 0xFE, 0x48, 0x33, 0x2A, 0x7B, 0x6E, 0x79,
    0x95, 0x41, 0x1F, 0x72, 0xA1, 0xB7, 0xCA, 0xC8, 0xB2, 0x7F, 0xCC, 0x8D, 0x77, 0x0A, 0x0C, 0x81,
    0xD8, 0x13, 0xE8, 0x81, 0x67, 0x6E, 0x20, 0x00, 0xA4, 0x34, 0x70, 0xB2, 0xD0, 0xDA, 0xC0, 0xBA,
    0x96, 0x79, 0xBE, 0x05, 0x00, 0x42, 0x0D, 0xEC, 0x0B, 0xB5, 0xD3, 0x63, 0x87, 0x6F, 0x03, 0x14,
    0x19, 0x0F, 0x0D, 0x15, 0xAF, 0xA5, 0xD2, 0x20, 0x56, 0xE2, 0xA0, 0xC4, 0xEF, 0x64, 0xBB, 0x33,
    0x00, 0x21, 0x17, 0x6F, 0x44, 0x9C, 0x00, 0x85, 0x9D, 0x0F, 0xE6, 0x0B, 0xFA, 0x80, 0x56, 0xD0,
    0xB5, 0xD1, 0xE0, 0x64, 0x0E, 0x87, 0xD8, 0xE8, 0xB0, 0xE3, 0x00, 0x8F, 0x62, 0xED, 0x53, 0x1B,
    0x70, 0xE7, 0xD0, 0xB7, 0x60, 0xD9, 0x63, 0x24, 0x7B, 0x77, 0x46, 0xF7, 0x00, 0x92, 0xA0, 0xC9,
    0x52, 0x91, 0x84, 0xAC, 0xF7, 0x89, 0xA3, 0x75, 0x36, 0x38, 0x82, 0xA2, 0x59, 0x37, 0x61, 0xE0,
    0xB4, 0x13, 0x93, 0x61, 0x07, 0x3B, 0x52, 0xF4, 0xFC, 0xDB, 0x1E, 0x00, 0x1E, 0x45, 0xF5, 0xB0,
    0xC0, 0x84, 0x83, 0x63, 0x34, 0x59, 0xDC, 0xE1, 0x12, 0xC6, 0x62, 0x7C, 0x5A, 0x03, 0x21, 0xF3,
    0x93, 0x21, 0xCF, 0x10, 0x1C, 0x7E, 0x73, 0x10, 0x21, 0x7E, 0x52, 0xBE, 0x1B, 0xC4, 0xD2, 0x68,
    0xDB, 0x9B, 0x2B, 0x1C, 0x8B, 0xE0, 0xEC, 0xC7, 0x96, 0xF6, 0x6A, 0x6F, 0x49, 0x2C, 0x4A, 0xE3,
    0x0E, 0x99, 0xD9, 0x1E, 0xA6, 0xE0, 0x00, 0xA7, 0x47, 0xA0, 0xB4, 0xF6, 0x3F, 0x84, 0x14, 0x19,
    0xA0, 0x86, 0x4C, 0x9B, 0xA1, 0xAF, 0x3A, 0x6C, 0x6B, 0xB1, 0x94, 0x17, 0x9F, 0x1B, 0x4C, 0x11,
    0x03, 0x54, 0x6F, 0x83, 0x96, 0x57, 0x5A, 0x0B, 0x23, 0x6E, 0xBB, 0x55, 0x0A, 0x49, 0xD0, 0x00,
    0xAB, 0xFE, 0x00, 0x42, 0xBF, 0xAF, 0x4E, 0xA6, 0x5E, 0xEB, 0xC6, 0x65, 0x49, 0xDC, 0xE8, 0xDC,
    0x28, 0x1B, 0xAA, 0x98, 0x48, 0xA1, 0x07, 0x9A, 0x04, 0x3B, 0x21, 0x61, 0xAC, 0x9F, 0x66, 0x3F,
    0xAC, 0x91, 0x8F, 0x2A, 0xA9, 0xBB, 0x73, 0xFA, 0xB5, 0x6D, 0x17, 0x66, 0xCB, 0x5A, 0xB6, 0x0F,
    0x0A, 0x42, 0x66, 0x43, 0xFA, 0xE8, 0x22, 0xA6, 0x06, 0x2A, 0x9B, 0xB6, 0x00, 0x77, 0x8E, 0xC5,
    0xA2, 0xDD, 0x44, 0xDF, 0xFF, 0x19, 0xCC, 0x53, 0x39, 0x1B, 0xC1, 0xCF, 0x32, 0xC4, 0xC2, 0xE7,
    0x3B, 0x5A, 0x9C, 0x67, 0xE6, 0x74, 0x27, 0x2C, 0x72, 0x12, 0xEC, 0x5C, 0xC0, 0x85, 0x11, 0x1A,
    0x79, 0x13, 0x4B, 0x2F, 0x9F, 0x30, 0xE3, 0x13, 0x03, 0x83, 0x4B, 0xCD, 0xC2, 0x00, 0x0B, 0x96,
    0xEA, 0x4B, 0x69, 0x0E, 0x9B, 0x1D, 0x7D, 0xC2, 0x2B, 0x04, 0x8B, 0x24, 0x11, 0xFD, 0x1A, 0xB7,
    0x99, 0x29, 0xAC, 0x14, 0x3E, 0xEF, 0x96, 0xE8, 0xA0, 0x70, 0x00, 0xAE, 0xB2, 0x2B, 0xF0, 0xB3,
    0x4A, 0x3D, 0x7B, 0x0D, 0x99, 0xDC, 0x80, 0x00, 0x68, 0x2B, 0xC0, 0x58, 0xF0, 0xA2, 0xD1, 0x59,
    0xFE, 0x25, 0x74, 0x6C, 0x77, 0x41, 0xDC, 0xAC, 0xDA, 0x90, 0x27, 0x1B, 0x53, 0x7D, 0x5A, 0xF4,
    0x49, 0x9B, 0x95, 0x7A, 0x00, 0x45, 0xE2, 0x16, 0x77, 0x1A, 0xE6, 0x3F, 0xBB, 0x1E, 0x7B, 0x51,
    0x44, 0x87, 0x31, 0x00, 0xA4, 0x95, 0xEE, 0x29, 0x81, 0x57, 0xA6, 0x70, 0xE5, 0x25, 0x62, 0x3C,
    0xD8, 0x8D, 0x30, 0xD6, 0x8D, 0x99, 0x20, 0x87, 0x51, 0x00, 0x55, 0xF5, 0xD2, 0x3C, 0x99, 0xE1,
    0x3C, 0x00, 0x0C, 0x82, 0x9C, 0x08, 0x30, 0x00, 0x02, 0xA6, 0x28, 0x4F, 0x6C, 0x58, 0x26, 0xE2,
    0xEB, 0x25, 0x5F, 0x07, 0x2F, 0xEA, 0x20, 0xCD, 0x11, 0x14, 0x7C, 0xA8, 0x57, 0x94, 0x90, 0x2A,
    0xFA, 0x90, 0x6A, 0xA4, 0xF3, 0x1D, 0xB4, 0x00, 0x76, 0x08, 0xEF, 0x1E, 0x88, 0x88, 0xB5, 0x26,
    0xA8, 0x60, 0x95, 0x46, 0x67, 0xCD, 0x4F, 0x51, 0xFC, 0xDB, 0x4E, 0xAC, 0xDF, 0x00, 0xB3, 0x80,
    0x85, 0x02, 0x07, 0x38, 0x8B, 0xF6, 0x8C, 0x34, 0x80, 0x17, 0xC6, 0xC8, 0xCA, 0xBE, 0x1D, 0xD8,
    0x88, 0xED, 0x8D, 0x69, 0x8C, 0x1E, 0xF6, 0x4D, 0xEA, 0x72, 0x7F, 0xCF, 0xBF, 0x8B, 0xFB, 0x21,
    0x7C, 0x8B, 0xD6, 0xA0, 0x80, 0x86, 0x02, 0x06, 0xFB, 0xA7, 0x54, 0x8E, 0x63, 0x10, 0x81, 0x42,
    0xD5, 0x03, 0xA1, 0xCE, 0xC3, 0x5F, 0x4E, 0xB4, 0xFC, 0x00, 0xCF, 0x7F, 0xFA, 0xD0, 0x94, 0x1E,
    0x0B, 0x5A, 0xA9, 0xA7, 0x16, 0x4D, 0xF8, 0xF1, 0xFC, 0x36, 0x0A, 0xAF, 0xD3, 0xB3, 0xCE, 0x87,
    0xEB, 0xE6, 0x81, 0x8E, 0x2F, 0xCB, 0x6F, 0x4A, 0xD0, 0xD7, 0x5B, 0x8F, 0x79, 0x06, 0xF9, 0x4D,
    0x23, 0xA0, 0xFA, 0x97, 0x69, 0xAE, 0x42, 0x9D, 0x84, 0xEC, 0xD5, 0x0B, 0x44, 0x50, 0xF3, 0x96,
    0xE5, 0xA2, 0x22, 0xBA, 0xA7, 0x0C, 0x0C, 0x5F, 0x80, 0x00, 0x27, 0xA4, 0x44, 0xD3, 0x93, 0xC6,
    0xA2, 0x7E, 0xAD, 0x18, 0x16, 0x4B, 0x6C, 0xEB, 0xC4, 0x10, 0x0E, 0xCA, 0xE5, 0x72, 0xC3, 0x95,
    0xFF, 0xFC, 0x6B, 0x74, 0x9C, 0x86, 0x65, 0x4F, 0xF2, 0x60, 0x9E, 0x02, 0x11, 0x2C, 0xBD, 0x15,
    0xFC, 0xD5, 0xF8, 0x9B, 0xE5, 0xF3, 0x14, 0x30, 0x19, 0xD3, 0x42, 0xC1, 0x94, 0x4B, 0x7C, 0x23,
    0xE2, 0xEA, 0x00, 0x54, 0xB3, 0x5F, 0x12, 0x92, 0xB2, 0xF4, 0x4B, 0x45, 0x41, 0x61, 0x2F, 0x9A,
    0x75, 0x4F, 0x7D, 0x6A, 0x10, 0x65, 0x12, 0x31, 0x3F, 0xDF, 0x5B, 0x5C, 0x5C, 0x6A, 0x81, 0x5B,
    0x6F, 0xA9, 0xDF, 0xA9, 0x33, 0x84, 0xD4, 0x71, 0x3F, 0x77, 0x83, 0x58, 0x00, 0x53, 0xB3, 0x65,
    0xF2, 0x58, 0x9F, 0x56, 0x72, 0xD9, 0x8D, 0xAF, 0x77, 0x03, 0xC5, 0xF1, 0x1D, 0x50, 0x2A, 0xC3,
    0x4C, 0x5B, 0x1D, 0xEA, 0x89, 0x68, 0x5A, 0x27, 0xDD, 0xD1, 0x45, 0x75, 0xF8, 0x40, 0x00, 0x7C,
    0xCD, 0x40, 0xF6, 0xEF, 0x40, 0xD4, 0xDB, 0x3F, 0x3B, 0xDE, 0x2C, 0xC4, 0x90, 0x6A, 0x27, 0x97,
    0xB2, 0x7B, 0x36, 0x00, 0x1B, 0x9C, 0xA0, 0x77, 0x90, 0xFF, 0x8C, 0xA9, 0x57, 0x5A, 0x7E, 0x22,
    0x6B, 0x42, 0xCE, 0x93, 0x9B, 0x80, 0xE1, 0x0E, 0x6B, 0xBE, 0xDD, 0x5F, 0xFD, 0x5F, 0x89, 0xBA,
    0xB3, 0x1D, 0xFC, 0x26, 0x28, 0xC1, 0x6B, 0x6F, 0x4E, 0xB6, 0xFF, 0x81, 0x27, 0x6B, 0xC0, 0xFC,
    0xAC, 0xCD, 0xF3, 0x82, 0x8B, 0x88, 0xC0, 0x00, 0x73, 0x1E, 0x34, 0x53, 0x83, 0xAA, 0xFF, 0x13,
    0x8A, 0x6C, 0x1C, 0x9D, 0x19, 0xF0, 0xA1, 0x58, 0xA9, 0x8F, 0xEB, 0x82, 0x4D, 0xF2, 0x91, 0xAD,
    0xF9, 0x1B, 0x68, 0xB2, 0x3F, 0xCC, 0xE9, 0xF5, 0xDA, 0xB8, 0x06, 0x3A, 0xB9, 0x4E, 0x62, 0x82,
    0xA2, 0x0F, 0x10, 0x9F, 0x3A, 0x05, 0xB7, 0xD4, 0x83, 0x8B, 0x87, 0x60, 0xB8, 0xC4, 0xF1, 0xDB,
    0x29, 0x39, 0x63, 0xB8, 0x03, 0xF0, 0x80, 0x71, 0x02, 0xC0, 0x16, 0xD7, 0xCD, 0xEB, 0xF0, 0x8D,
    0x17, 0x83, 0xCA, 0x7F, 0x9B, 0x03, 0x4C, 0x6C, 0x31, 0xAF, 0xC6, 0x50, 0x81, 0x72, 0x02, 0x21,
    0x62, 0xE4, 0x85, 0x14, 0x56, 0x92, 0x22, 0xF1, 0xB4, 0x40, 0xAE, 0xF0, 0xE1, 0x90, 0x2C, 0x9F,
    0x40, 0x87, 0x25, 0x00, 0x9B, 0x02, 0x14, 0x9F, 0x55, 0xED, 0x57, 0x6D, 0xD9, 0x11, 0x84, 0x82,
    0x15, 0x63, 0x9D, 0xE6, 0xC0, 0x87, 0x45, 0x00, 0x51, 0x9F, 0x7C, 0x00, 0xA6, 0x27, 0x4D, 0x5C,
    0xCE, 0xC1, 0x10, 0xBE, 0x31, 0x80, 0x00, 0x6B, 0xCE, 0xBF, 0x6D, 0x7A, 0x42, 0x20, 0x1D, 0x94,
    0x86, 0x6A, 0xBE, 0x77, 0xC6, 0x6A, 0x63, 0xD1, 0xB1, 0x3D, 0xCD, 0xE2, 0x2A, 0xD4, 0xFD, 0x3F,
    0x79, 0x87, 0xCD, 0xA6, 0xFE, 0x84, 0xF2, 0x95, 0xC2, 0x6F, 0x60, 0x00, 0x8E, 0x99, 0xDF, 0x41,
    0x53, 0xA6, 0x8A, 0x1C, 0x00, 0x4E, 0xE0, 0x2B, 0xAD, 0x05, 0xEA, 0xBE, 0x19, 0xBE, 0x54, 0x50,
    0x00, 0x13, 0x47, 0x7E, 0x8D, 0x3A, 0x02, 0x35, 0x60, 0x00, 0x1F, 0x34, 0x4C, 0x44, 0x53, 0x51,
    0x95, 0x00, 0x1A, 0x82, 0x87, 0x6D, 0x7E, 0xC0, 0xB4, 0x3A, 0x25, 0xFD, 0x4F, 0x40, 0x00, 0xD6,
    0x87, 0x78, 0x84, 0xDC, 0x45, 0x54, 0xA7, 0xAF, 0x0A, 0xAC, 0x57, 0x12, 0x2A, 0x2C, 0x49, 0x85,
    0x2D, 0xDA, 0x07, 0x16, 0xF9, 0x63, 0x97, 0x1A, 0x57, 0x23, 0xCB, 0x59, 0x8D, 0x11, 0x1E, 0xC1,
    0xBD, 0xBF, 0xA2, 0xC1, 0xC8, 0x44, 0x5B, 0x0C, 0xB6, 0x87, 0x52, 0x5C, 0xE2, 0x49, 0x43, 0xC8,
    0x7A, 0x23, 0xD5, 0xE1, 0x73, 0xC1, 0xF0, 0x25, 0x47, 0xFE, 0x54, 0x00, 0x81, 0x9A, 0x00, 0x52,
    0x8C, 0x04, 0x58, 0xF3, 0xFF, 0xF9, 0xBA, 0x27, 0xE7, 0x8C, 0x2F, 0x63, 0x58, 0x0D, 0xB1, 0x23,
    0xB1, 0xF1, 0xFC, 0x30, 0xBB, 0x8C, 0x01, 0xAA, 0x5D, 0xE7, 0xA5, 0x5E, 0x55, 0x80, 0xBC, 0xA0,
    0x42, 0xA7, 0x96, 0x58, 0xDC, 0x91, 0x06, 0xB3, 0x0D, 0x5E, 0x3E, 0xE1, 0x8B, 0x24, 0xDF, 0x61,
    0xD0, 0x00, 0x3B, 0x5B, 0x2C, 0xF7, 0x94, 0x11, 0xD1, 0xA6, 0x5D, 0xCE, 0x53, 0x70, 0x8E, 0xD9,
    0x62, 0x0D, 0x28, 0x0F, 0xC5, 0x6D, 0x1C, 0xF0, 0x28, 0x50, 0xDB, 0xF0, 0xEA, 0x9A, 0xBB, 0xF6,
    0xFB, 0x77, 0xF9, 0x1F, 0x8C, 0x88, 0xC6, 0x78, 0x4F, 0x87, 0x30, 0xA5, 0x00, 0x81, 0xD7, 0xBE,
    0x85, 0xB1, 0xA4, 0x50, 0xDE, 0x32, 0xC0, 0x85, 0xBD, 0xF9, 0xDA, 0x8A, 0x5B, 0x01, 0xFA, 0x76,
    0x3B, 0xBD, 0x93, 0xBB, 0x75, 0x06, 0xE0, 0x11, 0x78, 0xCF, 0x05, 0x90, 0xD7, 0x82, 0xE9, 0x49,
    0x36, 0x92, 0x0F, 0x2F, 0xAF, 0x8C, 0x11, 0x8B, 0x49, 0x2D, 0xF8, 0x00, 0x27, 0x9B, 0x74, 0xC4,
    0x7F, 0xE5, 0xF3, 0x38, 0x5C, 0x02, 0xF1, 0xE1, 0x59, 0x07, 0x72, 0x2C, 0x88, 0x66, 0xE1, 0x5C,
    0x12, 0x62, 0x10, 0xB9, 0x45, 0xC6, 0x1A, 0x3A, 0x22, 0xBF, 0xF1, 0xB2, 0x30, 0x80, 0x5D, 0x02,
    0x1C, 0x99, 0xF2, 0x34, 0xD9, 0xC3, 0xDB, 0xB0, 0x40, 0xEC, 0x38, 0x01, 0x87, 0xD4, 0x24, 0x16,
    0x57, 0x9E, 0x0C, 0x04, 0x49, 0xAD, 0xCE, 0x6C, 0xC2, 0x9B, 0xB5, 0x3F, 0xA0, 0x87, 0x32, 0x00,
    0x41, 0x90, 0xB0, 0x36, 0xF1, 0x74, 0xCC, 0x48, 0x41, 0xEC, 0x44, 0xE8, 0x87, 0x52, 0x00, 0x79,
    0x94, 0x22, 0xE8, 0xB5, 0x59, 0x65, 0x79, 0xEE, 0xA3, 0x15, 0x7A, 0x77, 0x1D, 0x2E, 0xA3, 0xC0,
    0x8A, 0xDB, 0x00, 0xFA, 0x04, 0xC5, 0x82, 0x56, 0xBF, 0x56, 0x32, 0x91, 0xCB, 0x2F, 0xD6, 0xF1,
    0x3A, 0xD0, 0x89, 0xFF, 0x00, 0xFF, 0xF4, 0x23, 0xC4, 0x92, 0x56, 0x1F, 0x04, 0xB0, 0xDC, 0x9E,
    0xA8, 0xD2, 0x87, 0x28, 0x00, 0x52, 0xEB, 0x97, 0xC9, 0x08, 0x7C, 0x0A, 0x31, 0x91, 0xC0, 0xD3,
    0x41, 0x94, 0xB8, 0x31, 0xD2, 0xE0, 0x89, 0xFF, 0x00, 0xFF, 0x07, 0x3E, 0x4B, 0x6A, 0xE7, 0x05,
    0xC0, 0xA5, 0x21, 0xF6, 0xCA, 0x8B, 0xA5, 0xC0, 0x87, 0x28, 0x00, 0x52, 0xEA, 0xBA, 0x0E, 0x23,
    0x9C, 0xD3, 0x6A, 0xCE, 0x0B, 0x14, 0xED, 0xAB, 0x58, 0xAF, 0x8E, 0x46, 0x8A, 0x23, 0xB1, 0xC6,
    0xB5, 0x7F, 0xAC, 0x3F, 0x4A, 0xB1, 0x5C, 0x38, 0x10, 0xB5, 0x54, 0x8E, 0x16, 0x01, 0xD7, 0x35,
    0x85, 0xE5, 0x40, 0x15, 0x0D, 0x14, 0xEE, 0x88, 0xE1, 0x7B, 0x46, 0x4D, 0xAB, 0xD4, 0x00, 0xDA,
    0x37, 0x76, 0x82, 0xE1, 0x57, 0x44, 0x85, 0x87, 0x27, 0x02, 0x3F, 0x41, 0x3B, 0x96, 0x60, 0x34,
    0x4B, 0x98, 0xC8, 0x96, 0xC4, 0x68, 0x84, 0x3C, 0xDB, 0x99, 0xEA, 0xCF, 0xD3, 0xA8, 0xA8, 0x1E,
    0xF6, 0x9E, 0x7E, 0x82, 0x3F, 0xE8, 0x78, 0x75, 0x59, 0x6B, 0x7B, 0x9F, 0x01, 0x9B, 0x36, 0x20,
    0x08, 0x22, 0xE6, 0x93, 0xBF, 0xF2, 0x7C, 0x46, 0x62, 0x96, 0xA2, 0x4B, 0xC0, 0x87, 0x47, 0x02,
    0x7E, 0xCF, 0x7B, 0x64, 0xA6, 0x4F, 0x3E, 0x00, 0x41, 0x6D, 0x4F, 0xFD, 0x39, 0x39, 0xAB, 0x81,
    0x2A, 0x16, 0x38, 0xDF, 0x46, 0x09, 0xB0, 0xC4, 0xC1, 0x2E, 0xD2, 0xFA, 0x8A, 0xF0, 0xA1, 0x31,
    0x28, 0x67, 0x1A, 0x2C, 0x9F, 0x67, 0x70, 0x87, 0x28, 0x02, 0x8C, 0xC1, 0xCC, 0xEE, 0x18, 0x49,
    0xC0, 0x65, 0x1E, 0x07, 0x6F, 0x32, 0x12, 0xDB, 0x00, 0xB7, 0x80, 0x87, 0x48, 0x02, 0x4A, 0x79,
    0x8B, 0xC4, 0x6B, 0x77, 0xFA, 0xC1, 0xEC, 0x73, 0xB9, 0xC4, 0x95, 0x17, 0xBC, 0x50, 0x00, 0x20,
    0x76, 0x8F, 0xBC, 0xA1, 0x78, 0x89, 0x65, 0x5A, 0x92, 0xCC, 0xAE, 0xF5, 0x47, 0x0A, 0x2E, 0x2E,
    0x5B, 0x5D, 0x24, 0x6F, 0x12, 0x9E, 0xEC, 0x39, 0x63, 0x55, 0x5A, 0x5E, 0xFF, 0x26, 0x36, 0x41,
    0x56, 0xBB, 0x44, 0x8F, 0xC0, 0x76, 0x87, 0xF9, 0x00, 0xAC, 0x03, 0x98, 0x09, 0x18, 0x10, 0xE5,
    0x44, 0x16, 0xFA, 0x24, 0x5C, 0x59, 0x3D, 0x10, 0xD8, 0xCA, 0x3E, 0x31, 0xE3, 0x08, 0x50, 0x87,
    0x2D, 0x00, 0x6A, 0x15, 0xAB, 0x87, 0xEE, 0xA6, 0xD7, 0xA3, 0x76, 0x3D, 0x5E, 0x1D, 0x73, 0x95,
    0x9E, 0x26, 0xDA, 0x09, 0x41, 0x8F, 0x67, 0x67, 0x37, 0x21, 0x0D, 0x68, 0x8E, 0x4D, 0x00, 0xFD,
    0xEF, 0x13, 0x89, 0xD5, 0x76, 0xF6, 0x39, 0x04, 0xD1, 0x5A, 0x1B, 0xBB, 0x8E, 0xA8, 0xC3, 0xDE,
    0x2A, 0x76, 0x92, 0x59, 0xE4, 0x1A, 0xE1, 0xDC, 0xC1, 0x0D, 0x9F, 0x87, 0x2D, 0x00, 0x65, 0xC7,
    0xEC, 0x3D, 0x4B, 0x3D, 0x01, 0xAB, 0xBD, 0x38, 0x94, 0x96, 0xFE, 0x96, 0xB9, 0x5D, 0x8B, 0x35,
    0x93, 0x4C, 0xEA, 0xA4, 0xD6, 0xBB, 0x26, 0x38, 0x87, 0x4D, 0x00, 0x6D, 0xF9, 0xD0, 0x23, 0x98,
    0x9C, 0xFE, 0x25, 0x4B, 0x8B, 0x13, 0xF0, 0xB9, 0x6A, 0xE7, 0x64, 0x9E, 0xDE, 0x56, 0x19, 0x2E,
    0x30, 0x00, 0x05, 0x77, 0x77, 0xC2, 0x48, 0x31, 0x3F, 0xEF, 0x9A, 0x8B, 0xC7, 0xD3, 0x5B, 0x09,
    0x40, 0xE3, 0x54, 0x3B, 0xAC, 0x6C, 0xB4, 0xB1, 0x82, 0xBD, 0x3B, 0xBE, 0x4F, 0xF4, 0x0D, 0xB7,
    0x60, 0xCA, 0xD2, 0x3F, 0xFD, 0x85, 0x20, 0x00, 0x8F, 0xC5, 0x3D, 0x95, 0x0D, 0x56, 0xE0, 0x0C,
    0xD5, 0x72, 0x11, 0x51, 0x44, 0x6B, 0xC6, 0x90, 0x15, 0x59, 0xBD, 0x69, 0x9C, 0x6F, 0xC5, 0xF3,
    0xD0, 0x5D, 0x01, 0x7E, 0xF8, 0x60, 0x87, 0x2A, 0x00, 0x64, 0xEA, 0xC4, 0x32, 0x3C, 0x6F, 0xF5,
    0x97, 0xC3, 0x4B, 0xA4, 0x0A, 0xCA, 0x50, 0xDA, 0x83, 0xFF, 0xE3, 0x8A, 0xCE, 0x8E, 0xFE, 0x9F,
    0xD1, 0xC6, 0x8E, 0x09, 0x01, 0xF1, 0xCD, 0x8F, 0x12, 0xB1, 0xB0, 0xA2, 0x1C, 0xA7, 0xF8, 0xB0,
    0x0A, 0xF5, 0x77, 0x26, 0xED, 0x80, 0x96, 0x80, 0xD2, 0xBA, 0x43, 0x20, 0xD3, 0x61, 0x20, 0x00,
    0x1E, 0x27, 0x11, 0x4E, 0xC0, 0x2B, 0x2A, 0xF2, 0xA5, 0x05, 0x81, 0xF2, 0xFA, 0x20, 0x5A, 0x15,
    0x6E, 0x9A, 0xD0, 0x3C, 0xA1, 0x23, 0x33, 0x0A, 0xB5, 0x4B, 0x33, 0x57, 0x27, 0xA4, 0xD0, 0x81,
    0x60, 0x00, 0x9F, 0x2D, 0x9F, 0x0B, 0x06, 0x92, 0x36, 0x30, 0xE1, 0xBD, 0x68, 0xF6, 0x07, 0x65,
    0xC6, 0xC7, 0xE8, 0x7F, 0x50, 0x5E, 0x6F, 0x20, 0xA0, 0xE7, 0xC4, 0x61, 0x20, 0x00, 0x1C, 0xAF,
    0xA2, 0xE0, 0x8D, 0x51, 0xA3, 0x55, 0x51, 0xB5, 0x90, 0x33, 0x16, 0x44, 0xB0, 0x5F, 0x2B, 0xE9,
    0x1F, 0x0F, 0x19, 0x5D, 0x51, 0x9F, 0xC4, 0x53, 0x02, 0x21, 0xFE, 0x7D, 0x73, 0x98, 0x57, 0x4D,
    0x00, 0x41, 0x09, 0x56, 0xEB, 0x3B, 0x54, 0x98, 0xD4, 0xED, 0x82, 0x90, 0xF3, 0x95, 0x60, 0x00,
    0xA3, 0x87, 0x15, 0xC6, 0x19, 0x25, 0xA6, 0x39, 0xE2, 0x47, 0xE1, 0x59, 0x08, 0x9A, 0x0E, 0x0F,
    0x95, 0x6F, 0x76, 0x34, 0x69, 0x48, 0xE1, 0x24, 0x66, 0x5E, 0xE7, 0x26, 0x02, 0x05, 0xF0, 0xF9,
    0x46, 0xC6, 0x0C, 0x4D, 0x1D, 0x39, 0x68, 0x60, 0x00, 0x9A, 0x69, 0xB5, 0x42, 0xBD, 0x5F, 0xF4,
    0x92, 0x41, 0x11, 0x93, 0x14, 0x7B, 0x59, 0x24, 0x0D, 0x0A, 0x26, 0x90, 0xE5, 0x13, 0xAA, 0x96,
    0x21, 0xB5, 0x5C, 0xEA, 0x99, 0xC9, 0x1E, 0x96, 0x54, 0x61, 0x32, 0x66, 0x0D, 0x58, 0x85, 0x6D,
    0x82, 0x9A, 0x52, 0x87, 0x51, 0x00, 0x3D, 0x07, 0xBE, 0x7F, 0x46, 0xA0, 0xCA, 0xD0, 0x8D, 0xC7,
    0xB5, 0x60, 0x34, 0x8F, 0x43, 0x75, 0xED, 0xCE, 0x53, 0x8C, 0xFE, 0xB0, 0x6A, 0x9B, 0xB5, 0x53,
    0x05, 0xE3, 0xC6, 0x38, 0x02, 0xCA, 0x56, 0x90, 0x87, 0x25, 0x00, 0x9B, 0x02, 0x14, 0x9F, 0x3E,
    0x05, 0x21, 0xEF, 0x1C, 0xD8, 0xF2, 0x91, 0x15, 0xFB, 0x4E, 0x87, 0x45, 0x00, 0x51, 0x9F, 0x78,
    0xA6, 0xA0, 0x86, 0xA3, 0xBA, 0x7B, 0x62, 0x4A, 0x7C, 0x80, 0x87, 0x36, 0x00, 0x52, 0xE4, 0x8A,
    0x4B, 0xFB, 0x1D, 0x2C, 0xFD, 0x07, 0xD7, 0x9A, 0x22, 0x48, 0x0A, 0x00, 0x53, 0x4E, 0xC5, 0x3F,
    0xD1, 0x54, 0x4A, 0xD0, 0xA0, 0xCC, 0x87, 0x0A, 0xF5, 0xA6, 0x1C, 0x0E, 0x8F, 0xA5, 0xE8, 0x4C,
    0x90, 0xBA, 0x47, 0xA4, 0x17, 0xB8, 0x95, 0x0E, 0x71, 0xE1, 0x79, 0x56, 0x1C, 0xC9, 0x85, 0x79,
    0x28, 0xA8, 0x91, 0x06, 0xBE, 0x9D, 0xDD, 0xA8, 0x87, 0x3B, 0x00, 0x5C, 0x09, 0x80, 0xDC, 0x08,
    0xFC, 0x87, 0x58, 0x00, 0xB8, 0x90, 0xA1, 0xFD, 0xA4, 0x07, 0x2C, 0x00, 0x12, 0xE5, 0xAA, 0xB4,
    0x4C, 0x42, 0x60, 0x88, 0x00, 0x0C, 0x07, 0x3D, 0x5D, 0xC3, 0x94, 0xAD, 0x45, 0x21, 0x44, 0x20,
    0xD0, 0x08, 0xEF, 0x0C, 0x22, 0xCB, 0x2B, 0x72, 0xB4, 0x24, 0x1E, 0x3A, 0xAC, 0x8C, 0x9E, 0x4D,
    0x28, 0x36, 0xA5, 0xC5, 0xA2, 0xFE, 0x80, 0x00, 0x86, 0xA7, 0x39, 0x59, 0xE2, 0x5A, 0x1A, 0xCC,
    0x0C, 0xF6, 0xDD, 0x9B, 0xB2, 0x30, 0xD3, 0x2B, 0x94, 0x78, 0xD9, 0x09, 0xE2, 0x0A, 0xA4, 0x1A,
    0x77, 0x4E, 0x30, 0x6C, 0x0A, 0x9C, 0x67, 0x3D, 0x30, 0x87, 0x36, 0x02, 0xB7, 0x25, 0xD9, 0xF6,
    0x70, 0x2B, 0x50, 0x67, 0x19, 0x9B, 0x6B, 0x57, 0x50, 0xAE, 0xEC, 0xFD, 0x40, 0x48, 0xDC, 0x50,
    0x87, 0x5A, 0x00, 0x97, 0xDE, 0x95, 0x01, 0xBA, 0x22, 0x42, 0x3E, 0x9F, 0xB2, 0x66, 0x9D, 0x17,
    0xD8, 0x9F, 0xE8, 0xD8, 0xBC, 0x3D, 0x73, 0x65, 0xF8, 0xF5, 0x22, 0x95, 0xB3, 0x0A, 0x0B, 0xEF,
    0x8D, 0xE8, 0x00, 0x05, 0x16, 0x89, 0x69, 0xFF, 0x45, 0x6E, 0x6E, 0x47, 0x38, 0xA1, 0xCA, 0x53,
    0xA2, 0x1C, 0x37, 0xF4, 0x28, 0x94, 0x6C, 0xB9, 0x3E, 0x71, 0x6C, 0xF7, 0x6D, 0x34, 0xF4, 0x41,
    0x01, 0x38, 0xE8, 0x3D, 0x6F, 0x34, 0x96, 0x99, 0x32, 0xE0, 0x00, 0x83, 0x84, 0x6D, 0x6B, 0xD2,
    0x0B, 0x39, 0x98, 0x8D, 0xF1, 0xFE, 0xBF, 0x53, 0x03, 0x5B, 0x41, 0x98, 0xD7, 0x60, 0x29, 0x68,
    0x12, 0xF8, 0x72, 0x0A, 0x4F, 0x50, 0x9C, 0x1C, 0xE5, 0x69, 0x75, 0xB9, 0xA9, 0x40, 0x00, 0x0C,
    0x01, 0x39, 0x1C, 0x2C, 0x18, 0x32, 0x86, 0x57, 0x47, 0x25, 0xDE, 0x67, 0x2D, 0x98, 0x6F, 0x3A,
    0x76, 0xB9, 0x72, 0x4C, 0xAB, 0xD0, 0x1F, 0xF3, 0x26, 0x17, 0xF7, 0x04, 0x0E, 0x1E, 0x08, 0xD8,
    0x4B, 0xCF, 0xD9, 0x80, 0x00, 0x7C, 0x00, 0xF7, 0x86, 0x99, 0x23, 0x71, 0xE2, 0xB4, 0xEB, 0x10,
    0x0B, 0x1E, 0x4F, 0x8F, 0x87, 0xCA, 0xC2, 0xF7, 0x60, 0xAC, 0x10, 0xDC, 0x02, 0x08, 0x90, 0xCF,
    0x1C, 0xB0, 0x09, 0x00, 0x0B, 0xCC, 0x68, 0x71, 0x4E, 0x80, 0x89, 0x12, 0x1E, 0xAE, 0x4D, 0x29,
    0x74, 0xF7, 0xCF, 0x85, 0xD7, 0x92, 0x9F, 0x62, 0xC1, 0x83, 0xC0, 0x33, 0xF4, 0xB1, 0x47, 0x56,
    0x49, 0x6C, 0x92, 0x55, 0x16, 0xDD, 0xD9, 0x40, 0x87, 0xC8, 0x02, 0xB3, 0x64, 0xFD, 0x9A, 0x9D,
    0xED, 0x94, 0xEB, 0xD3, 0x8B, 0xAA, 0x41, 0xC7, 0xA6, 0x72, 0x5F, 0x50, 0xDD, 0xED, 0xAF, 0x90,
    0x00, 0x20, 0xC6, 0xEF, 0xE9, 0xCD, 0xB3, 0x8E, 0x80, 0xFF, 0xEA, 0xF5, 0xEF, 0xE7, 0xF5, 0x39,
    0x11, 0x19, 0x56, 0x52, 0x40, 0x15, 0x5C, 0x33, 0xAA, 0xAD, 0xAC, 0x10, 0xED, 0x05, 0x40, 0x8E,
    0xA0, 0x01, 0x73, 0x8C, 0x93, 0x5E, 0x66, 0xF4, 0x40, 0x00, 0xB9, 0x14, 0x90, 0xFD, 0xA4, 0xC2,
    0xA8, 0xAB, 0xCC, 0xAF, 0xEC, 0x4C, 0xAC, 0x77, 0xD2, 0x46, 0x2A, 0xAB, 0xB7, 0xF1, 0xB6, 0x98,
    0x86, 0x93, 0xF6, 0xA9, 0x74, 0x86, 0x9C, 0xF3, 0xD9, 0x35, 0xB8, 0x15, 0x70, 0x14, 0x20, 0xEB,
    0x5D, 0x8F, 0xD2, 0xD4, 0x00, 0x64, 0x1F, 0x7B, 0x69, 0x14, 0x29, 0xA2, 0xE5, 0xC5, 0x43, 0x74,
    0x44, 0x8C, 0x6E, 0x82, 0xFB, 0x3D, 0xB5, 0xB7, 0xC1, 0x9C, 0x92, 0x01, 0x46, 0x71, 0xC2, 0xA7,
    0x17, 0xB6, 0x9B, 0x52, 0x41, 0x6F, 0xC5, 0x35, 0x80, 0x87, 0xCD, 0x02, 0xBF, 0x29, 0x94, 0x87,
    0x78, 0x16, 0x26, 0xD1, 0x7E, 0xE8, 0xF0, 0x2B, 0x8F, 0xFE, 0x87, 0xCE, 0x02, 0x77, 0xCB, 0xD4,
    0xC6, 0x45, 0xC8, 0x14, 0x13, 0xE8, 0xD7, 0xF5, 0xAD, 0x70, 0xAD, 0xE0, 0x87, 0xEF, 0x00, 0x42,
    0x46, 0xFD, 0xC5, 0xC3, 0x80, 0x80, 0xA7, 0x02, 0xD1, 0xD0, 0xEA, 0x29, 0x24, 0x79, 0x5B, 0x87,
    0x11, 0xC7, 0x95, 0x92, 0xB3, 0x31, 0x85, 0x36, 0x0B, 0xBF, 0x61, 0xE1, 0x09, 0xDF, 0x90, 0xC8,
    0x81, 0x6D, 0x9F, 0xA8, 0xD6, 0x8B, 0xBB, 0x61, 0x48, 0x80, 0x61, 0x84, 0x72, 0x51, 0x23, 0x82,
    0xA3, 0xFC, 0xB9, 0xE1, 0x36, 0xF4, 0x63, 0xDC, 0xB8, 0x63, 0xF9, 0x7B, 0x31, 0x9D, 0xB0, 0x80,
    0x47, 0x02, 0x5D, 0xBE, 0x77, 0x31, 0xA4, 0x83, 0xDE, 0xDD, 0xC1, 0xDC, 0x1F, 0x8A, 0x47, 0x69,
    0x1A, 0x52, 0x41, 0x16, 0x18, 0x43, 0x1C, 0xD9, 0x18, 0x87, 0xAB, 0x02, 0x64, 0xDA, 0x92, 0x2C,
    0x9D, 0x61, 0x18, 0x82, 0x7E, 0x1C, 0x7A, 0xBE, 0xFE, 0x4D, 0x10, 0xF4, 0x64, 0x07, 0xE3, 0x1E,
    0xD6, 0x8E, 0xE2, 0x72, 0x65, 0x59, 0x32, 0xA0, 0x2F, 0xEB, 0x02, 0x1F, 0x27, 0xD8, 0xC0, 0x8E,
    0xB0, 0x02, 0xFE, 0xD0, 0x3D, 0x94, 0x08, 0x60, 0x53, 0x14, 0xFE, 0x0B, 0x70, 0x5B, 0x44, 0xAD,
    0x24, 0x60, 0xBB, 0xE0, 0xED, 0xAE, 0xF7, 0x28, 0x23, 0x88, 0xA7, 0x24, 0xAA, 0xD0, 0x00, 0x40,
    0xE1, 0x21, 0x6E, 0xB8, 0x03, 0x3C, 0x98, 0xFE, 0xCF, 0x31, 0x3A, 0x51, 0x67, 0xF8, 0x00, 0xE7,
    0x65, 0xC6, 0x7C, 0xC3, 0x90, 0xDC, 0x4D, 0xA5, 0xDD, 0x2B, 0x06, 0x9E, 0x03, 0x5A, 0xEA, 0xE0,
    0x3B, 0xD6, 0x7E, 0x13, 0xA8, 0x67, 0x84, 0x07, 0x00, 0x59, 0xFE, 0x69, 0xD9, 0x4A, 0x52, 0x14,
    0x0D, 0x43, 0x90, 0x28, 0xCF, 0x02, 0xD8, 0x66, 0x12, 0x2F, 0x43, 0xBB, 0xB5, 0xCF, 0x5B, 0x5D,
    0x0A, 0x0B, 0xEA, 0x66, 0x9B, 0x73, 0x56, 0xDE, 0x90, 0xFE, 0xF6, 0x60, 0x87, 0x2A, 0x00, 0x64,
    0xE8, 0xCA, 0x7E, 0x59, 0x1A, 0xE6, 0x3E, 0x2E, 0xA8, 0xA0, 0x3B, 0xBA, 0x3A, 0xB3, 0x4C, 0x60,
    0xAD, 0xB8, 0x8E, 0xB2, 0x00, 0xEF, 0x21, 0xBE, 0x48, 0x30, 0x80, 0x60, 0x42, 0x71, 0xA1, 0xDF,
    0xC2, 0x68, 0x28, 0x1B, 0xFF, 0x01, 0xC6, 0x24, 0xCE, 0x22, 0xFF, 0xF8, 0x83, 0x44, 0x0E, 0x57,
    0xF0, 0x00, 0x1E, 0x27, 0x55, 0x0F, 0x81, 0x22, 0xF5, 0x4F, 0x15, 0xA7, 0xF1, 0xE7, 0xBB, 0xCF,
    0xBE, 0x40, 0x31, 0xC7, 0x4E, 0xFB, 0x36, 0x54, 0x98, 0xFF, 0x2A, 0x25, 0x58, 0x52, 0x05, 0x98,
    0x58, 0xF5, 0xF0, 0xE9, 0x62, 0x5C, 0x8F, 0xEE, 0x8F, 0xC0, 0x00, 0x90, 0xFC, 0x55, 0x58, 0x76,
    0xFF, 0x82, 0xF1, 0x47, 0x6D, 0x47, 0x4C, 0x5F, 0x24, 0x9B, 0x5D, 0x72, 0xFB, 0x45, 0x4E, 0xB5,
    0xAF, 0x76, 0x99, 0xB8, 0x3F, 0xCE, 0xBF, 0x3F, 0x64, 0x90, 0xCE, 0x65, 0x80, 0x87, 0xC9, 0x02,
    0x82, 0xD7, 0xDF, 0x19, 0xAC, 0x23, 0xA1, 0x86, 0x3A, 0x57, 0x5D, 0xC5, 0xE4, 0xE4, 0x7A, 0xEE,
    0xDF, 0xB7, 0x7A, 0xB8, 0xAD, 0xB4, 0x56, 0x14, 0x87, 0xC8, 0x02, 0xB6, 0x4A, 0x95, 0x3D, 0x04,
    0x94, 0x4D, 0x78, 0xEC, 0x0E, 0x2C, 0x91, 0x73, 0x10, 0x49, 0xBE, 0x6E, 0x39, 0xE3, 0x00, 0x1D,
    0x82, 0x37, 0x7F, 0xD6, 0xEF, 0x37, 0x57, 0xC5, 0x82, 0x14, 0x75, 0x65, 0x89, 0xC2, 0x0F, 0x9F,
    0x5B, 0xCC, 0x19, 0x48, 0x6B, 0x79, 0x52, 0x74, 0x67, 0xEF, 0xB9, 0x9F, 0x15, 0x73, 0xB8, 0xF2,
    0x74, 0x7F, 0xF4, 0xC6, 0x74, 0xB3, 0x68, 0x84, 0x29, 0x39, 0x8B, 0x4E, 0xEF, 0x1D, 0x94, 0x99,
    0xB9, 0xF8, 0xE2, 0x80, 0x15, 0x5D, 0x8F, 0xCA, 0x40, 0xEE, 0x00, 0xA3, 0xC9, 0x70, 0x7F, 0xF4,
    0x51, 0xB6, 0x9F, 0x28, 0x74, 0xF9, 0xE0, 0x99, 0x38, 0x7B, 0xE3, 0x20, 0x37, 0x7F, 0x0C, 0x51,
    0x34, 0x14, 0x52, 0xB5, 0xC6, 0x22, 0x2C, 0x4F, 0x75, 0xC8, 0x63, 0x4B, 0xA3, 0xB9, 0x08, 0x56,
    0xDE, 0x9C, 0xBE, 0xD3, 0x5C, 0x98, 0x1A, 0x2A, 0x87, 0xEF, 0x00, 0x42, 0x46, 0xFD, 0xC5, 0xC3,
    0x80, 0x87, 0x4E, 0x01, 0xFA, 0xAB, 0x24, 0x5F, 0x13, 0x27, 0x51, 0x98, 0xB0, 0x17, 0xF1, 0x43,
    0xF1, 0x48, 0x3C, 0xE0, 0x87, 0xA1, 0x00, 0x2D, 0x4C, 0x7E, 0xED, 0xE5, 0x09, 0x21, 0x46, 0xA9,
    0xCA, 0x3A, 0xC5, 0x01, 0xC4, 0x80, 0x87, 0x85, 0x00, 0xBB, 0x84, 0xF7, 0x43, 0x17, 0xB5, 0x07,
    0xAC, 0x68, 0x9B, 0x87, 0xA5, 0x00, 0xA3, 0xBC, 0xE3, 0xF7, 0x63, 0xAC, 0xF6, 0xD3, 0x8F, 0x2A,
    0x87, 0x87, 0x00, 0x76, 0x98, 0x60, 0xD7, 0xC9, 0xAB, 0x59, 0xFF, 0x2E, 0xB8, 0x87, 0xA7, 0x00,
    0x4F, 0xE6, 0x45, 0x61, 0xE4, 0xB6, 0x72, 0x43, 0x35, 0x82, 0x7E, 0x87, 0xDB, 0x00, 0xF8, 0xE9,
    0x15, 0xFD, 0x63, 0xB0, 0x15, 0x94, 0xE7, 0xA7, 0x0C, 0x9F, 0x5F, 0x51, 0xA0, 0x87, 0xDC, 0x00,
    0x88, 0xDE, 0x14, 0x45, 0xD9, 0x5C, 0x8A, 0xC1, 0x01, 0x91, 0x2F, 0x5C, 0xBA, 0x4D, 0xE8, 0x12,
    0x00, 0x8A, 0xC7, 0x2C, 0x7F, 0x29, 0xF7, 0x09, 0x34, 0x9D, 0x8B, 0xD6, 0xAE, 0x39, 0x00, 0xE2,
    0x65, 0x0C, 0x0B, 0x5E, 0xB4, 0xE5, 0x8A, 0x3D, 0xD5, 0x75, 0xD8, 0x06, 0x5D, 0xBE, 0x88, 0x27,
    0xDD, 0x7E, 0x87, 0x5E, 0x01, 0x51, 0x5B, 0x26, 0x29, 0xC8, 0xBF, 0xB0, 0x80, 0xE9, 0x02, 0x9D,
    0x75, 0x87, 0xF2, 0x5B, 0xF3, 0x00, 0xBD, 0x89, 0xE6, 0x54, 0x00, 0x57, 0x87, 0x84, 0xE2, 0x80,
    0x5E, 0x01, 0x91, 0x46, 0xEB, 0xA5, 0xB6, 0xD0, 0xC8, 0x11, 0x37, 0x2C, 0x1B, 0xA3, 0x8A, 0xF3,
    0x29, 0xE8, 0x80, 0xA7, 0x02, 0xD4, 0x5A, 0x7D, 0x38, 0xD7, 0xBA, 0x8A, 0x89, 0xD5, 0x16, 0x8C,
    0x01, 0x8C, 0x98, 0x55, 0x83, 0x81, 0xB2, 0xB9, 0x25, 0x7C, 0x45, 0x09, 0xEE, 0x01, 0xAD, 0xF9,
    0x46, 0x43, 0xD1, 0x4C, 0x12, 0x34, 0x49, 0x51, 0x86, 0x68, 0x22, 0x67, 0x05, 0x8F, 0x6E, 0x25,
    0x38, 0xC5, 0x39, 0x0F, 0xFF, 0xE6, 0x99, 0x1C, 0x34, 0xCD, 0xD5, 0x80, 0x80, 0x47, 0x02, 0xCF,
    0xA2, 0xBA, 0x4B, 0xED, 0xD2, 0x04, 0x6A, 0x3A, 0xAC, 0xF7, 0x7D, 0xB7, 0x9D, 0xDF, 0x87, 0xB0,
    0x1A, 0x8F, 0xD9, 0xB6, 0x97, 0x10, 0x80, 0x28, 0x02, 0x9D, 0x70, 0x76, 0xBB, 0xCF, 0x0C, 0xCC,
    0x7F, 0x93, 0x6A, 0x2E, 0x1F, 0x7A, 0xC1, 0xDE, 0xEC, 0xA0, 0x00, 0x85, 0x58, 0xEF, 0x23, 0x35,
    0x2E, 0xA3, 0x76, 0x7A, 0x93, 0x47, 0x72, 0x1C, 0x19, 0x02, 0x75, 0xD3, 0x67, 0x22, 0x2C, 0x1F,
    0x95, 0x44, 0xB5, 0x45, 0x64, 0xF0, 0x3F, 0x3C, 0x2E, 0x05, 0x65, 0x13, 0x03, 0x8E, 0xC3, 0xEE,
    0x3E, 0x7E, 0x00, 0x23, 0xAE, 0x39, 0x5B, 0x00, 0x15, 0xB6, 0x3D, 0x6A, 0x15, 0xE4, 0x07, 0x14,
    0xFB, 0x03, 0x22, 0x69, 0xE3, 0x29, 0x9F, 0x38, 0x23, 0x21, 0xB4, 0x55, 0x3E, 0x0A, 0x20, 0x80,
    0xF7, 0x28, 0x00, 0x8A, 0x9F, 0xB1, 0x3E, 0x9D, 0x85, 0x00, 0xCD, 0x08, 0x5D, 0x6B, 0x35, 0xB7,
    0x86, 0x82, 0xE6, 0x70, 0x24, 0x07, 0xF0, 0xB7, 0xA3, 0x26, 0xC5, 0x01, 0x1B, 0x12, 0xAA, 0xA3,
    0x44, 0x3B, 0x9C, 0x81, 0x29, 0x02, 0x50, 0x36, 0x1B, 0x5F, 0x8A, 0xE2, 0x62, 0x7C, 0x4E, 0xAD,
    0x5B, 0x5B, 0xF9, 0x40, 0x87, 0x2C, 0x01, 0x63, 0x3B, 0x22, 0x83, 0x89, 0xED, 0x95, 0xB0, 0x87,
    0x2A, 0x02, 0xEA, 0xF7, 0xD7, 0x20, 0x95, 0xEB, 0x79, 0xB9, 0x27, 0xF5, 0x2B, 0x07, 0x17, 0xD6,
    0xEB, 0xE4, 0xC0, 0x87, 0xBD, 0x00, 0xAC, 0x89, 0x71, 0xE7, 0x5A, 0xC0, 0x55, 0xA4, 0x89, 0x70,
    0x87, 0x97, 0x00, 0xC0, 0x14, 0x3B, 0x6E, 0x02, 0x3F, 0x7F, 0xC7, 0x80, 0x69, 0x74, 0x6A, 0x25,
    0x90, 0x87, 0xB7, 0x00, 0x99, 0xC9, 0x1C, 0xA2, 0x6B, 0xBF, 0xB5, 0x11, 0x7A, 0xA0, 0x87, 0x83,
    0x02, 0xA4, 0x67, 0x26, 0x69, 0x08, 0xF4, 0x65, 0x87, 0x84, 0x02, 0x55, 0xF5, 0x08, 0xBB, 0x63,
    0xCC, 0x80, 0x83, 0x02, 0xAA, 0x80, 0xDA, 0x88, 0xF3, 0x5C, 0x5D, 0xDF, 0x0B, 0x01, 0x68, 0xC9,
    0xEA, 0x33, 0x04, 0x03, 0x50, 0x80, 0x84, 0x02, 0x8B, 0x77, 0x50, 0xED, 0xB1, 0x4C, 0xC3, 0x4D,
    0xA2, 0xCA, 0x5F, 0x1C, 0xB4, 0x8F, 0x08, 0x80, 0x3E, 0x02, 0x97, 0x0E, 0x34, 0x35, 0x84, 0x32,
    0x75, 0xA1, 0x28, 0x67, 0xAB, 0xB5, 0xF6, 0x12, 0x10, 0x10, 0x00, 0x80, 0x66, 0x3E, 0xD0, 0x73,
    0x2F, 0x64, 0xA7, 0x49, 0x06, 0xF3, 0xA0, 0xC3, 0x9A, 0xD6, 0x3E, 0xBA, 0x73, 0xC9, 0x23, 0xF2,
    0x7A, 0x4C, 0x54, 0x55, 0xA1, 0x4D, 0xDE, 0x99, 0x39, 0xBE, 0x59, 0x1D, 0x10, 0x81, 0x34, 0x02,
    0x3D, 0x83, 0x03, 0x38, 0x72, 0x5F, 0x6B, 0xB0, 0x52, 0x62, 0xEE, 0xF1, 0xBB, 0x20, 0x82, 0x5B,
    0x00, 0x3D, 0x82, 0xF7, 0xFE, 0xCB, 0x0F, 0xA0, 0x1E, 0xB6, 0x4E, 0x6C, 0xFB, 0x78, 0x87, 0x1F,
    0x02, 0xE4, 0xAB, 0xE9, 0xBF, 0x3E, 0xC8, 0xE5, 0xDD, 0x23, 0xC2, 0xBA, 0x1F, 0x69, 0x48, 0x22,
    0x67, 0x9D, 0xE0, 0x87, 0xC0, 0x00, 0xBB, 0x05, 0x40, 0xED, 0xAE, 0xEB, 0xAF, 0x79, 0x8B, 0xD2,
    0xA0, 0x1D, 0x00, 0x5B, 0x62, 0x8F, 0x93, 0x07, 0x0A, 0x6C, 0x1D, 0xB7, 0x9E, 0x87, 0xB8, 0x1F,
    0x8E, 0x4E, 0x9F, 0x6C, 0xDD, 0xB7, 0x7B, 0xF2, 0x88, 0x9E, 0x7C, 0x22, 0x73, 0xC6, 0xDB, 0x45,
    0x3A, 0x25, 0x7F, 0xFF, 0x44, 0x32, 0x70, 0x39, 0xB8, 0xB9, 0x65, 0x8A, 0x07, 0xF8, 0x80, 0x00,
    0x5B, 0x62, 0x8F, 0xE0, 0xD0, 0x0C, 0x30, 0x80, 0x3D, 0xC0, 0x70, 0xBA, 0x21, 0xE6, 0xB7, 0xAC,
    0x73, 0x2D, 0x08, 0xE3, 0x70, 0x1B, 0xF1, 0x1F, 0x7B, 0xA7, 0xF0, 0x69, 0x6E, 0xD4, 0xCE, 0x5E,
    0x2C, 0x24, 0xE7, 0x04, 0x48, 0xA8, 0x3C, 0x91, 0x5F, 0x38, 0x18, 0x80, 0x38, 0x02, 0x9C, 0x49,
    0x20, 0x0D, 0x54, 0xD1, 0x44, 0x94, 0xBB, 0x4B, 0xCE, 0x12, 0xA2, 0xF1, 0x15, 0x5F, 0x0B, 0x35,
    0xAF, 0x60, 0x89, 0x04, 0x8F, 0x92, 0xC2, 0x9D, 0x6C, 0xB4, 0x02, 0x80, 0x25, 0xBC, 0xB8, 0x40,
    0x80, 0x58, 0x02, 0x7E, 0xE9, 0x7C, 0x0A, 0x7F, 0x40, 0x75, 0xD3, 0x9C, 0x86, 0xB2, 0xCF, 0x9F,
    0xB8, 0x87, 0x28, 0x00, 0x52, 0xEA, 0xC7, 0x94, 0x9E, 0x7D, 0xE8, 0x63, 0x6B, 0xBF, 0x70, 0xCA,
    0x9A, 0x20, 0x62, 0x61, 0xB3, 0x53, 0x22, 0x8E, 0x16, 0x01, 0xD7, 0x35, 0x85, 0xEB, 0xB3, 0xD7,
    0x6B, 0xF8, 0x3F, 0xA6, 0x11, 0x9B, 0x73, 0x69, 0xE1, 0x3D, 0xAC, 0xC4, 0x80, 0x3C, 0x02, 0xC7,
    0xE7, 0x17, 0x8D, 0x8D, 0xFE, 0x99, 0xC5, 0x76, 0xC2, 0xA6, 0xC6, 0xB8, 0x3C, 0x71, 0xFA, 0xEA,
    0x9C, 0x64, 0x64, 0xAD, 0xD7, 0x0E, 0x9F, 0x48, 0x58, 0x24, 0x57, 0xB2, 0xEF, 0xA0, 0x13, 0xBC,
    0xAB, 0x3D, 0xCA, 0xB5, 0x32, 0x5E, 0xCE, 0xB3, 0x9F, 0xA2, 0xBC, 0xFE, 0xF5, 0xA0, 0x80, 0x5C,
    0x02, 0xB2, 0xFB, 0x4D, 0xAC, 0x34, 0xC4, 0x5E, 0x81, 0x30, 0x2C, 0x35, 0x77, 0xBF, 0x95, 0xD2,
    0xAF, 0x05, 0x70, 0x87, 0x27, 0x00, 0x52, 0xEA, 0xC5, 0x61, 0xF8, 0x53, 0x4E, 0x01, 0x69, 0x96,
    0x71, 0x4A, 0xAE, 0xA7, 0x30, 0x29, 0xBF, 0xCE, 0x8F, 0x33, 0x7D, 0xD6, 0x1F, 0x74, 0x97, 0x40,
    0x87, 0xA4, 0x02, 0x8E, 0x76, 0x1D, 0xA4, 0x7E, 0xF4, 0xC3, 0xF0, 0x35, 0xDE, 0xB6, 0x17, 0x5C,
    0x32, 0xD2, 0x87, 0x36, 0x02, 0xB7, 0x25, 0xD9, 0xF5, 0xCA, 0x60, 0x77, 0x28, 0x6E, 0x69, 0x47,
    0x12, 0x90, 0xE7, 0x86, 0x0C, 0x1B, 0x37, 0xDB, 0x00, 0xFB, 0x60, 0x27, 0xD0, 0x87, 0x5A, 0x00,
    0xAC, 0xA5, 0xB6, 0xA1, 0x40, 0x33, 0x55, 0x29, 0xED, 0x77, 0x98, 0x68, 0xEA, 0x7B, 0x36, 0x3C,
    0x7F, 0x8F, 0x6C, 0x5C, 0xD2, 0x86, 0x21, 0xBD, 0x1B, 0x30, 0x87, 0x3A, 0x00, 0x64, 0xEF, 0xEE,
    0xF7, 0x37, 0xD3, 0x02, 0x07, 0x10, 0x60, 0xD8, 0x98, 0x3D, 0x24, 0xED, 0x63, 0xFD, 0x27, 0x3D,
    0x20, 0x87, 0x0E, 0x03, 0xAC, 0xA6, 0xB2, 0x54, 0x59, 0x87, 0x9C, 0x05, 0xC2, 0x09, 0xA6, 0xF3,
    0x91, 0xFE, 0xC8, 0x87, 0x23, 0x00, 0x8E, 0xF4, 0x2E, 0xA0, 0x56, 0x04, 0x02, 0xA9, 0x96, 0xE7,
    0xD9, 0x69, 0x34, 0xA0, 0x87, 0x43, 0x00, 0x53, 0x4A, 0x27, 0xF9, 0x8B, 0x74, 0x7A, 0xE7, 0xDA,
    0xE0, 0x4E, 0x22, 0x1C, 0x80, 0x85, 0x81, 0x00, 0xAF, 0xBE, 0xCE, 0x94, 0x9B, 0x6F, 0xE8, 0xB9,
    0xB9, 0x47, 0xC7, 0x84, 0x3F, 0x20, 0x42, 0xE4, 0x36, 0xD3, 0x80, 0x85, 0xA2, 0x00, 0x46, 0x61,
    0x7C, 0xB3, 0x80, 0x1C, 0xB1, 0x68, 0xC1, 0x20, 0x2D, 0xB4, 0x7C, 0x80, 0x00, 0x96, 0x55, 0x72,
    0x15, 0x62, 0x36, 0x4A, 0x3B, 0xFE, 0x72, 0x3D, 0xF9, 0x1E, 0x24, 0xB3, 0x10, 0xD5, 0x96, 0x57,
    0xC0, 0xF4, 0xC2, 0xA7, 0xA6, 0xAF, 0x15, 0xDB, 0x58, 0x21, 0x3E, 0xC8, 0xA1, 0x0E, 0x0A, 0x02,
    0xD8, 0x7C, 0xD2, 0x7F, 0x4A, 0xFE, 0x8E, 0x49, 0x39, 0x50, 0x00, 0xC8, 0xF2, 0x51, 0xC2, 0x7F,
    0x77, 0xEC, 0x5B, 0xE5, 0x69, 0x88, 0x7E, 0x6F, 0xDD, 0x78, 0x0B, 0xAD, 0xEE, 0x6E, 0xB5, 0x63,
    0xB6, 0x6A, 0x21, 0xFE, 0xB4, 0x2B, 0xAA, 0xC1, 0x12, 0x7B, 0x5A, 0xC8, 0x8C, 0x7D, 0x26, 0xFF,
    0x05, 0x33, 0x28, 0x00, 0x8C, 0x47, 0xD0, 0x86, 0x85, 0x00, 0x21, 0x68, 0xC8, 0x84, 0xA0, 0xAE,
    0x74, 0x91, 0xB2, 0xC2, 0x46, 0xED, 0xF1, 0xA0, 0x2B, 0xC8, 0x34, 0x87, 0x55, 0x40, 0x85, 0x84,
    0x01, 0x83, 0x2F, 0x98, 0x65, 0x6E, 0x88, 0x03, 0xD0, 0xD9, 0x82, 0x3B, 0x3A, 0x65, 0x65, 0x6D,
    0xFF, 0x7F, 0x12, 0x8F, 0xBF, 0x06, 0x00, 0x8F, 0x65, 0xC8, 0x61, 0x1D, 0x43, 0x17, 0x36, 0x23,
    0x33, 0xE4, 0xEF, 0x1B, 0xE3, 0xA5, 0xAB, 0xE1, 0xE8, 0x5A, 0x16, 0xDF, 0xD2, 0x9A, 0x83, 0x0B,
    0x63, 0xBE, 0x45, 0xA4, 0x2B, 0xE9, 0xF5, 0x67, 0x89, 0xDB, 0xB6, 0xCC, 0x23, 0x08, 0xF5, 0xD2,
    0x7F, 0x4A, 0xFE, 0xBC, 0xE9, 0x13, 0x28, 0x00, 0xBC, 0x96, 0x3A, 0x74, 0xDF, 0x24, 0x03, 0x33,
    0x7A, 0x0A, 0x12, 0xAE, 0x44, 0x1E, 0x04, 0x03, 0x45, 0xA9, 0x84, 0x92, 0x5F, 0xA4, 0x83, 0x06,
    0x27, 0x50, 0x2B, 0x6A, 0xB3, 0x44, 0x2C, 0xFA, 0xB1, 0x81, 0x9B, 0xF5, 0xA1, 0x25, 0x9C, 0xA4,
    0xEF, 0x73, 0xAE, 0xA8, 0xCA, 0xD3, 0xA0, 0x83, 0x83, 0x00, 0xBA, 0x4B, 0x56, 0x18, 0x8B, 0x7C,
    0xEE, 0x6E, 0xD9, 0xDD, 0xF6, 0x9A, 0x71, 0x26, 0x3E, 0x8B, 0xF2, 0xD8, 0xB4, 0x65, 0xE7, 0xFF,
    0xFD, 0x3B, 0x60, 0x31, 0x9B, 0x70, 0x83, 0xA5, 0x00, 0x4A, 0x52, 0x5F, 0x43, 0xF7, 0x3D, 0x17,
    0xF2, 0xFC, 0xAD, 0xE3, 0x44, 0x7F, 0x67, 0xF7, 0x99, 0xAA, 0xD4, 0x73, 0x97, 0x35, 0xA2, 0x40,
    0xD6, 0x53, 0x21, 0x16, 0x87, 0x83, 0x00, 0x96, 0xC3, 0xCB, 0x09, 0xBE, 0x5D, 0xC3, 0x43, 0x7A,
    0x32, 0xDB, 0xDC, 0xF4, 0xB5, 0xA3, 0x12, 0xE9, 0x4E, 0x80, 0x12, 0x03, 0x45, 0x36, 0x01, 0xDF,
    0x18, 0xA3, 0xBD, 0xDD, 0x20, 0x4D, 0x19, 0x44, 0x91, 0xD0, 0x4A, 0x8D, 0x6C, 0x85, 0xC3, 0x00,
    0x80, 0x1C, 0x6D, 0x7C, 0x07, 0xD6, 0x71, 0x98, 0x94, 0x38, 0xB1, 0xB3, 0x1F, 0x26, 0xE1, 0xB9,
    0x1A, 0x5A, 0xD3, 0x25, 0x20, 0x84, 0xA2, 0x00, 0xAE, 0x28, 0xE7, 0xBB, 0x0B, 0xEB, 0x9D, 0xCE,
    0x27, 0x3E, 0x96, 0x75, 0x4B, 0x1A, 0x34, 0x44, 0xDC, 0x83, 0xD8, 0x3A, 0x9D, 0xC0, 0x85, 0xC3,
    0x00, 0x65, 0x89, 0x06, 0xC6, 0x88, 0x38, 0x34, 0x23, 0x1A, 0xB0, 0x28, 0x7D, 0x31, 0x20, 0xD0,
    0xE3, 0x2D, 0x33, 0x69, 0xE3, 0x70, 0x60, 0x84, 0xA2, 0x00, 0x9C, 0xBA, 0x58, 0x56, 0xA3, 0x36,
    0xD5, 0x15, 0xFC, 0xEB, 0xFB, 0x52, 0x4F, 0xF8, 0x83, 0xC3, 0xBB, 0x58, 0xC4, 0x26, 0xA8, 0x84,
    0xC3, 0x00, 0x75, 0x67, 0x4F, 0xA6, 0xC2, 0xB2, 0xF7, 0x38, 0xFE, 0x84, 0x82, 0x40, 0xE7, 0xDC,
    0x07, 0xAD, 0x16, 0x08, 0x25, 0x94, 0xCC, 0xEE, 0x3E, 0x83, 0xA2, 0x00, 0x5D, 0xA3, 0xAE, 0x80,
    0x10, 0xA6, 0x95, 0x71, 0x58, 0xBB, 0xD6, 0xC4, 0x1E, 0x97, 0x81, 0x48, 0x6E, 0x5A, 0x7A, 0xFE,
    0xFF, 0x05, 0x7D, 0x55, 0x4C, 0x83, 0x82, 0x00, 0xB9, 0x99, 0xFF, 0xB5, 0xC7, 0x06, 0x73, 0x4D,
    0x64, 0x9E, 0xAD, 0x63, 0xCA, 0x17, 0xDF, 0x1D, 0x46, 0xD7, 0x70, 0x3C, 0x2A, 0xDF, 0xD0, 0x3E,
    0x6D, 0x25, 0xEA, 0x83, 0xA2, 0x00, 0x4A, 0x52, 0x5E, 0xB4, 0x2D, 0x61, 0x92, 0xEB, 0x10, 0x92,
    0xF3, 0xA4, 0x17, 0x67, 0x67, 0xE0, 0xA4, 0x0E, 0x3B, 0x3C, 0xA1, 0x06, 0x2C, 0x87, 0xC3, 0x00,
    0x89, 0xC5, 0xE5, 0xF6, 0xE6, 0xD9, 0xD3, 0x51, 0xD5, 0xCF, 0x7A, 0xD2, 0x2E, 0x14, 0x4E, 0xD2,
    0x96, 0xF0, 0x80, 0x12, 0x03, 0x2A, 0x44, 0x3C, 0x76, 0xF1, 0xC4, 0xD0, 0xAA, 0x65, 0x7D, 0x42,
    0x71, 0xA6, 0xD2, 0xC7, 0x8B, 0xA1, 0x87, 0x27, 0x00, 0x52, 0xEA, 0x77, 0xC1, 0x35, 0xB5, 0xDA,
    0x13, 0x80, 0x8E, 0xFB, 0x19, 0x87, 0x47, 0x00, 0x4C, 0xA5, 0x58, 0x3D, 0xDD, 0xF1, 0xE5, 0xBA,
    0x02, 0x7D, 0x2A, 0xAF, 0x34, 0xC0, 0x83, 0xD3, 0x00, 0xA5, 0xF7, 0xF3, 0xA6, 0x31, 0xAA, 0x48,
    0x02, 0xD6, 0x76, 0xCC, 0x3E, 0xE8, 0x2E, 0xFF, 0x83, 0xD4, 0x00, 0x44, 0xFF, 0x10, 0xC2, 0x7C,
    0x97, 0xF1, 0x69, 0xB9, 0x5B, 0x9A, 0xDB, 0x2F, 0xCB, 0x40, 0x3C, 0x84, 0x60, 0x87, 0xE7, 0x02,
    0x70, 0xCF, 0x1A, 0x01, 0xD2, 0xFB, 0xFB, 0x93, 0x89, 0x40, 0x45, 0x70, 0x66, 0x23, 0x1A, 0x87,
    0xE8, 0x02, 0xFA, 0xEA, 0x6F, 0xAA, 0xC5, 0x81, 0x05, 0xBC, 0xFA, 0xFC, 0x62, 0x58, 0x56, 0xFA,
    0x73, 0x3B, 0x96, 0xA0, 0x00, 0x89, 0x4A, 0xC1, 0x3B, 0x91, 0xB4, 0x17, 0x15, 0x26, 0x3D, 0xF2,
    0x97, 0xF1, 0xA8, 0xAA, 0x95, 0x65, 0x11, 0x1C, 0x66, 0x67, 0x24, 0x26, 0xA4, 0x73, 0xE4, 0x7D,
    0x98, 0xD9, 0x59, 0x2D, 0x9D, 0x01, 0xFA, 0x1A, 0x5B, 0xC8, 0x00, 0xC9, 0x0D, 0xF9, 0x49, 0xAA,
    0xF4, 0xEE, 0x72, 0xDD, 0xE2, 0x82, 0xAC, 0xA2, 0x6A, 0x7C, 0x04, 0x84, 0xE4, 0x3E, 0xB4, 0x53,
    0x83, 0x21, 0xDF, 0x32, 0xF3, 0x8E, 0x77, 0x61, 0xE5, 0x85, 0xCF, 0x19, 0x10, 0x9C, 0x17, 0xAB,
    0x0B, 0xA4, 0x54, 0x7F, 0xE1, 0x54, 0x3B, 0x27, 0xED, 0x48, 0x84, 0xD3, 0x00, 0x10, 0xB8, 0xCB,
    0xB2, 0xA9, 0xFD, 0xA8, 0x28, 0x1E, 0x89, 0x88, 0xFA, 0x8F, 0x11, 0x2E, 0xB9, 0x37, 0x97, 0x10,
    0x85, 0xAC, 0x00, 0x72, 0xB7, 0xAB, 0x18, 0x25, 0xF5, 0xEF, 0x24, 0xBB, 0xCC, 0x25, 0xDC, 0x62,
    0xB6, 0xA0, 0xA4, 0xC0, 0x17, 0x53, 0x86, 0xCA, 0xF4, 0x00, 0x85, 0x68, 0x7A, 0x19, 0x3D, 0x24,
    0x17, 0xD2, 0xA3, 0x9C, 0x78, 0x9B, 0x50, 0x60, 0x6B, 0xEF, 0x6C, 0x2B, 0x07, 0x97, 0x0D, 0x60,
    0x85, 0x1E, 0x1B, 0x70, 0x34, 0x75, 0x8C, 0x04, 0x34, 0xA1, 0x50, 0xAD, 0x5F, 0xBC, 0xC7, 0x87,
    0x53, 0xE0, 0x40, 0x00, 0xBC, 0x96, 0x3A, 0x9E, 0x4F, 0x3A, 0x31, 0xEA, 0xE1, 0xBD, 0x05, 0xD7,
    0x0B, 0x45, 0xB3, 0x7C, 0xE3, 0xF9, 0xD2, 0xD3, 0xD5, 0x30, 0x5C, 0x42, 0x6E, 0x97, 0x95, 0x2B,
    0x43, 0xBB, 0x52, 0x68, 0x4F, 0xDE, 0x93, 0xD5, 0x90, 0xB4, 0xF2, 0xFD, 0x95, 0x67, 0x5E, 0x65,
    0xF8, 0xC7, 0x4B, 0xF5, 0xEE, 0x81, 0xD3, 0x00, 0xA7, 0x02, 0xBE, 0xA9, 0x08, 0x66, 0x84, 0x5E,
    0x7D, 0x10, 0x64, 0xC9, 0x49, 0x22, 0xE2, 0x8B, 0x9E, 0x7A, 0x9B, 0xCA, 0xE3, 0x26, 0x20, 0x30,
    0x60, 0x21, 0xB6, 0x83, 0xAA, 0x00, 0x4A, 0x3D, 0xA3, 0x2B, 0xDE, 0x0D, 0x93, 0x91, 0xB1, 0x67,
    0x8A, 0xC8, 0x32, 0x18, 0x83, 0xA1, 0x9A, 0x46, 0xC2, 0xC2, 0x3A, 0x64, 0xF2, 0x64, 0xD2, 0x16,
    0xFD, 0xE2, 0x7C, 0xD1, 0x08, 0x87, 0x89, 0x00, 0xC7, 0x46, 0x67, 0x51, 0xA7, 0x59, 0xFF, 0xAA,
    0x3E, 0x94, 0xBB, 0x46, 0x5F, 0x21, 0x51, 0x05, 0xA2, 0xA4, 0x7A, 0xD1, 0x2C, 0x51, 0x87, 0xAA,
    0x00, 0x46, 0xB1, 0x40, 0xA2, 0x0B, 0xAE, 0x99, 0x3B, 0x80, 0x62, 0x66, 0xDE, 0xC7, 0x18, 0xD5,
    0x30, 0x10, 0x61, 0xD6, 0xF9, 0xCD, 0x54, 0x1B, 0x04, 0xA8, 0x85, 0xF1, 0x00, 0x90, 0x7F, 0x8E,
    0x6C, 0x8E, 0x6B, 0x2A, 0xBB, 0xFD, 0x1A, 0xEA, 0xF5, 0x85, 0x7D, 0xA0, 0x85, 0xB0, 0x00, 0x23,
    0x0C, 0x91, 0xF0, 0x71, 0x2D, 0xAF, 0x25, 0x89, 0x5D, 0x8A, 0x27, 0x62, 0x78, 0xEE, 0x87, 0x2B,
    0x00, 0x42, 0x46, 0xFC, 0xC8, 0x45, 0x58, 0xF6, 0xCE, 0xA3, 0x32, 0x3D, 0x80, 0x00, 0x4A, 0xF3,
    0x94, 0xE2, 0x13, 0xB4, 0x7A, 0x07, 0x9D, 0xA5, 0xB6, 0xD8, 0x1A, 0x1E, 0x03, 0x87, 0x21, 0xA8,
    0x42, 0x99, 0x16, 0x66, 0xC8, 0x87, 0x31, 0x00, 0xA4, 0x5D, 0x1B, 0xA4, 0x33, 0x8B, 0x5C, 0x27,
    0x29, 0x25, 0xB5, 0x4F, 0xCC, 0x11, 0x40, 0x87, 0x51, 0x00, 0x55, 0xEF, 0x49, 0x9E, 0x43, 0x60,
    0xB5, 0x36, 0x98, 0x9C, 0x3A, 0x68, 0x85, 0x94, 0x00, 0xB5, 0x20, 0xC8, 0xE0, 0xF0, 0xB3, 0xDF,
    0xC8, 0x5C, 0xDA, 0x7E, 0x5F, 0x36, 0x8F, 0x2E, 0x7C, 0x74, 0x85, 0xB4, 0x00, 0x3C, 0xE2, 0xC4,
    0x43, 0xE1, 0x6F, 0x6F, 0xC5, 0xB9, 0xA8, 0x99, 0xF1, 0xFA, 0x5C, 0xC8, 0x80, 0x00, 0x94, 0xFB,
    0xD0, 0xE2, 0x42, 0x68, 0xB2, 0x74, 0x6F, 0xDC, 0xAB, 0x0D, 0x20, 0x2D, 0x25, 0xA3, 0xE5, 0x85,
    0xEB, 0xE3, 0xD3, 0xEF, 0xF1, 0xE5, 0xFC, 0x7F, 0x27, 0x57, 0xBC, 0x2E, 0xD8, 0x64, 0x59, 0xAE,
    0x6C, 0x96, 0xD0, 0x2C, 0x64, 0xBB, 0xC4, 0xAB, 0x63, 0x1B, 0x79, 0x39, 0x2E, 0x10, 0xE0, 0x87,
    0x30, 0x03, 0xD6, 0x25, 0x34, 0x84, 0xE4, 0xA8, 0x2A, 0xF1, 0x94, 0x4E, 0x38, 0x63, 0x0C, 0x25,
    0x1C, 0x22, 0x27, 0xF3, 0x50, 0x2B, 0xFE, 0xBB, 0xB7, 0xD4, 0x08, 0x65, 0x09, 0xC2, 0xFD, 0x2E,
    0x60, 0x4B, 0x15, 0x86, 0x8D, 0x01, 0x18, 0x98, 0x45, 0xF2, 0x7A, 0x58, 0x92, 0x36, 0x73, 0x4E,
    0xE1, 0x6C, 0x09, 0x90, 0x50, 0xA1, 0xD4, 0x1D, 0x03, 0x66, 0x85, 0xB5, 0x00, 0x79, 0xC5, 0x80,
    0x80, 0xB2, 0x0D, 0xBD, 0x23, 0x4C, 0xAD, 0xBF, 0x92, 0xFD, 0x7C, 0x44, 0x32, 0x4A, 0x28, 0x7B,
    0x80, 0x84, 0x11, 0x01, 0x89, 0xC4, 0xC7, 0xFE, 0xD8, 0xA0, 0xE4, 0xB1, 0xE6, 0x0C, 0x68, 0x5D,
    0x0A, 0x0D, 0x83, 0x93, 0xA2, 0xA2, 0x2C, 0x1C, 0x1D, 0x67, 0x24, 0x89, 0x1A, 0xE0, 0x87, 0x34,
    0x03, 0xCF, 0x13, 0x08, 0x1B, 0x5A, 0x39, 0xEE, 0x24, 0xC6, 0x07, 0xBC, 0x3C, 0x1D, 0x7B, 0x97,
    0xA4, 0x49, 0x5B, 0xA8, 0x42, 0xCA, 0x46, 0x0F, 0xCE, 0x3B, 0xA7, 0xFA, 0x6E, 0x8D, 0xC6, 0x51,
    0xC7, 0x2C, 0x83, 0x97, 0x00, 0xB2, 0x60, 0x77, 0x7A, 0xB5, 0x7B, 0x7C, 0xFA, 0x8C, 0x88, 0x15,
    0x88, 0x57, 0xAC, 0x64, 0xC8, 0xB9, 0xC1, 0x43, 0xAC, 0xAA, 0xC2, 0x98, 0x14, 0xC5, 0x44, 0x0A,
    0x83, 0xB7, 0x00, 0x4A, 0x3D, 0xA3, 0x2B, 0xDE, 0x14, 0xF4, 0x23, 0x0F, 0xAF, 0x20, 0x18, 0x01,
    0xFB, 0x6A, 0x02, 0xB2, 0xED, 0x41, 0x03, 0xAC, 0x3D, 0x99, 0xF0, 0x4A, 0xD0, 0x87, 0x95, 0x00,
    0x81, 0x8D, 0x7B, 0xB4, 0xCE, 0xB7, 0xD1, 0x7F, 0xDE, 0x9F, 0xF2, 0xDE, 0xF2, 0x2B, 0xB0, 0x67,
    0x30, 0x87, 0xB5, 0x00, 0x78, 0x89, 0x47, 0x3F, 0xC5, 0x4C, 0x1B, 0xD5, 0x66, 0xDB, 0x63, 0x24,
    0x08, 0xAE, 0x64, 0xC0, 0x81, 0x41, 0x01, 0x67, 0x2B, 0x5F, 0x85, 0xD3, 0x59, 0x48, 0x25, 0xAF,
    0x5C, 0x2B, 0x49, 0x51, 0x82, 0x42, 0x01, 0x5B, 0xE1, 0xFC, 0xAD, 0x60, 0xA0, 0x7B, 0xC3, 0x2F,
    0xA2, 0xBC, 0x40, 0x81, 0x41, 0x01, 0x3A, 0xCD, 0x42, 0x90, 0x24, 0x22, 0x3C, 0x69, 0xAC, 0xA5,
    0x0A, 0x61, 0xCF, 0xAB, 0x1A, 0x82, 0x42, 0x01, 0x20, 0x36, 0x72, 0x0D, 0xF7, 0x53, 0x4E, 0xFA,
    0x5D, 0xCB, 0x82, 0x9F, 0xBC, 0x80, 0x85, 0x4D, 0x03, 0xB7, 0xD3, 0xA5, 0xF2, 0x44, 0xCB, 0xDB,
    0xF8, 0x3A, 0x28, 0x38, 0x4C, 0xBB, 0x86, 0x52, 0x2A, 0xCD, 0x17, 0xE8, 0x85, 0x4C, 0x03, 0x36,
    0xBD, 0x46, 0xDA, 0x2E, 0x88, 0xBC, 0xE0, 0x2E, 0xC1, 0xAE, 0xF5, 0x58, 0xF6, 0xC9, 0x5B, 0xE0,
    0x81, 0x41, 0x01, 0x86, 0x15, 0x46, 0x72, 0x14, 0x8F, 0x3C, 0x8B, 0xA0, 0xEF, 0xF7, 0xD2, 0x74,
    0xA3, 0x2F, 0x5D, 0x88, 0x74, 0x27, 0xD0, 0x82, 0x42, 0x01, 0x7C, 0x28, 0x6E, 0x99, 0xE4, 0x0A,
    0x4C, 0x50, 0xBA, 0x56, 0xF5, 0x74, 0xC9, 0x68, 0x67, 0x8D, 0x78, 0xEE, 0x87, 0x41, 0x01, 0xB0,
    0xA4, 0x45, 0xFE, 0x53, 0xE2, 0xA3, 0x41, 0xF7, 0x9F, 0x35, 0x10, 0x5F, 0xDD, 0x20, 0x9E, 0x80,
    0x87, 0x42, 0x01, 0xA2, 0x30, 0x82, 0xB8, 0x9D, 0x3B, 0x16, 0x9D, 0x46, 0x67, 0x50, 0x9F, 0xD5,
    0xCC, 0x87, 0x37, 0x00, 0x80, 0xAF, 0xB1, 0x93, 0x29, 0x29, 0xDF, 0x5F, 0x80, 0x29, 0xBE, 0xA3,
    0xD2, 0x87, 0x57, 0x00, 0xB7, 0x77, 0x69, 0x19, 0x26, 0x0C, 0xCE, 0x74, 0x55, 0xC8, 0x2F, 0x30,
    0x80, 0x85, 0x9B, 0x00, 0xA8, 0xAE, 0x5C, 0x8A, 0x4B, 0xFF, 0x1E, 0x2B, 0x00, 0xD5, 0x6A, 0x61,
    0x43, 0x3B, 0xE5, 0x7F, 0xA0, 0x85, 0xBB, 0x00, 0x46, 0xA3, 0x74, 0xF8, 0x68, 0xE3, 0x35, 0x81,
    0x3F, 0x4D, 0xDD, 0x65, 0xF7, 0xBB, 0x5B, 0x80, 0x81, 0x43, 0x01, 0x59, 0x5E, 0x33, 0xFB, 0x39,
    0x06, 0x19, 0xF2, 0x05, 0x56, 0x42, 0x2A, 0x82, 0xC5, 0x65, 0xC0, 0x82, 0x44, 0x01, 0x55, 0xE9,
    0x86, 0x91, 0x3F, 0x37, 0x2D, 0xC9, 0xD6, 0x1B, 0xCF, 0xC1, 0xC3, 0xA0, 0x81, 0x43, 0x01, 0x34,
    0x9B, 0x05, 0x43, 0x74, 0x23, 0x60, 0x54, 0x41, 0xDF, 0xE4, 0x47, 0xE3, 0x91, 0xEB, 0xB8, 0x82,
    0x44, 0x01, 0x25, 0x7A, 0xBB, 0x8F, 0x2F, 0x44, 0x4E, 0x15, 0xC5, 0x1D, 0xFF, 0xBC, 0x41, 0x09,
    0x85, 0x59, 0x03, 0xB5, 0x6E, 0x11, 0xDE, 0x96, 0x16, 0x0C, 0x0A, 0xCB, 0xEC, 0x50, 0x57, 0xF4,
    0x8F, 0xDD, 0x76, 0xDD, 0x2C, 0x16, 0x60, 0x85, 0x5A, 0x03, 0x3A, 0xB8, 0x56, 0x62, 0x31, 0x88,
    0x8B, 0xD3, 0x36, 0x35, 0x6F, 0xF8, 0x0B, 0x47, 0x10, 0x01, 0x9B, 0xFC, 0x81, 0x43, 0x01, 0x82,
    0x33, 0x95, 0xAD, 0xA6, 0x3C, 0xC0, 0x56, 0x64, 0xA3, 0x3F, 0xFD, 0x18, 0xCF, 0x91, 0xA9, 0x00,
    0x7A, 0xB7, 0xA2, 0x82, 0x44, 0x01, 0x78, 0xF6, 0xA4, 0xA9, 0x9F, 0x5F, 0xD8, 0x98, 0x52, 0x7D,
    0xDB, 0xF7, 0x49, 0xAD, 0xF6, 0x2C, 0x0D, 0xA4, 0x80, 0x87, 0x43, 0x01, 0xAD, 0xF8, 0x24, 0xF7,
    0x39, 0x44, 0xE3, 0x81, 0x1D, 0xFD, 0x31, 0x1D, 0x85, 0x97, 0x38, 0xA6, 0x87, 0x44, 0x01, 0xB0,
    0xA3, 0x53, 0x78, 0x21, 0x3F, 0x08, 0xB4, 0x7D, 0xB8, 0xA2, 0xB6, 0xBF, 0x4B, 0x89, 0x70, 0x87,
    0x9E, 0x00, 0x1C, 0xCA, 0xCA, 0xA3, 0xB3, 0xCC, 0x50, 0xC2, 0x7E, 0x58, 0x6E, 0xCF, 0x02, 0xF0,
    0x80, 0x5B, 0x00, 0x40, 0xDC, 0x4F, 0x73, 0x85, 0x5F, 0xE8, 0x7D, 0x8C, 0x78, 0xC9, 0xB8, 0xA6,
    0x87, 0x3B, 0x00, 0x5C, 0x09, 0x52, 0xA1, 0x27, 0x60, 0xE9, 0xC6, 0xC8, 0x48, 0x17, 0x28, 0x87,
    0x5B, 0x00, 0xC2, 0x22, 0x3A, 0x4C, 0xFD, 0x58, 0xA3, 0xB7, 0x53, 0x27, 0x59, 0xA6, 0x5D, 0x40,
    0x85, 0x9E, 0x00, 0x8E, 0xF4, 0x2E, 0xB5, 0xA3, 0xA3, 0x36, 0x5B, 0xDD, 0x7D, 0x2E, 0x71, 0xFC,
    0xCB, 0x30, 0x85, 0xBE, 0x00, 0x53, 0x60, 0x8B, 0x87, 0xC6, 0xAD, 0x67, 0xFC, 0x3C, 0xA8, 0x32,
    0xC1, 0xAD, 0xC5, 0x88, 0xCE, 0xC0, 0x87, 0x9E, 0x00, 0xF8, 0x2C, 0xA6, 0xC2, 0x48, 0x4A, 0xBF,
    0x91, 0x06, 0xC5, 0xD9, 0x94, 0xF7, 0x50, 0x7D, 0xA4, 0x2A, 0x75, 0xE0, 0x80, 0x5B, 0x00, 0x86,
    0x02, 0xF2, 0x11, 0x99, 0x33, 0x82, 0xF2, 0x58, 0xA5, 0xB2, 0x50, 0xE9, 0x9E, 0x1F, 0xF0, 0x68,
    0x81, 0xF0, 0x00, 0x26, 0x2B, 0x77, 0x79, 0x12, 0xE7, 0x7D, 0x85, 0xC8, 0x1C, 0x0F, 0xBB, 0xD9,
    0xA3, 0xF0, 0x00, 0x26, 0x05, 0xAC, 0x0F, 0x5B, 0x70, 0x46, 0x6A, 0x23, 0x59, 0xDC, 0x69, 0x5C,
    0x2E, 0x97, 0x50, 0x9C, 0x87, 0x0F, 0x00, 0x4E, 0x80, 0x87, 0x0F, 0x00, 0x4E, 0x80, 0x8D, 0x1F,
    0x00, 0x25, 0xC4, 0xC8, 0xCA, 0x00, 0x05, 0x0F, 0xB0, 0x8D, 0xB8, 0x00, 0x05, 0x03, 0x08, 0x16,
    0x08, 0xC5, 0x72, 0x87, 0x7F, 0x03, 0x35, 0x00, 0x5A, 0xF6, 0x6D, 0x03, 0x71, 0xD6, 0x8A, 0x82,
    0x7F, 0x31, 0xBA, 0x63, 0x33, 0x8D, 0xFF, 0x80, 0x67, 0x10, 0x1B, 0x8E, 0x51, 0x16, 0x0C, 0x06,
    0x29, 0x07, 0x24, 0x87, 0xD4, 0x01, 0x68, 0x57, 0x52, 0xBD, 0x7C, 0x00, 0x26, 0xF8, 0x3B, 0xBD,
    0xC6, 0xEF, 0x80, 0x00, 0x1B, 0x81, 0xAB, 0xE1, 0x57, 0xD0, 0x80, 0x87, 0xB4, 0x01, 0x60, 0xB1,
    0x00, 0x01, 0xA9, 0x9F, 0x33, 0x10, 0x00, 0x1D, 0x19, 0xB6, 0x83, 0x37, 0x53, 0x40, 0x89, 0x9E,
    0x0C, 0x79, 0x22, 0xB0, 0x54, 0x00, 0x17, 0x3F, 0x31, 0xC7, 0xA0, 0xAF, 0x65, 0xD2, 0xFB, 0x5A,
    0x7A, 0x48, 0x80, 0x94, 0x88, 0x88, 0x03, 0x76, 0x4B, 0x67, 0x37, 0x5D, 0x5E, 0xDC, 0xC8, 0xF9,
    0x50, 0x00, 0x02, 0x07, 0x0E, 0xD8, 0x6A, 0x90, 0xA7, 0x70, 0xCE, 0x77, 0x5E, 0x56, 0x00, 0x3A,
    0x18, 0xC6, 0xD1, 0x8D, 0xDD, 0xF7, 0x3C, 0x9B, 0x21, 0x20, 0x6B, 0xB5, 0x60, 0x38, 0x8F, 0x02,
    0xD7, 0xD9, 0x1A, 0xE8, 0x6C, 0x00, 0x47, 0x25, 0xD9, 0x97, 0x5C, 0x27, 0xCA, 0x7C, 0x82, 0x28,
    0x33, 0x6D, 0x46, 0xF4, 0x3B, 0xE7, 0x9A, 0xBC, 0x59, 0x7E, 0xB4, 0x0B, 0xE1, 0x10, 0xCF, 0x71,
    0x61, 0x03, 0xE2, 0x40, 0x8C, 0xF0, 0x00, 0x23, 0x8E, 0xF7, 0x26, 0x0F, 0x9D, 0x71, 0x51, 0x2D,
    0x88, 0x00, 0x1A, 0x9C, 0xFF, 0x30, 0xF1, 0xA7, 0x78, 0xEA, 0xB9, 0x6E, 0xC1, 0xAB, 0x00, 0x44,
    0xF1, 0xE9, 0x66, 0x24, 0x00, 0x6F, 0x79, 0x19, 0xA8, 0x03, 0x39, 0xC9, 0x25, 0x35, 0x62, 0xA4,
    0x00, 0x94, 0x54, 0x50, 0xEF, 0x2F, 0x98, 0x02, 0x2F, 0x15, 0xB6, 0x25, 0x67, 0x7F, 0x29, 0xE1,
    0xB9, 0x58, 0x20, 0x00, 0x3F, 0x3A, 0x3F, 0x6F, 0xFC, 0x40, 0x89, 0x79, 0x03, 0xD5, 0x5D, 0x9C,
    0xBA, 0x89, 0x7A, 0x03, 0xDE, 0x1C, 0x3F, 0x3F, 0x00, 0x00, 0x00, 0x01, 0xC5, 0x68, 0x61, 0xA5,
    0x23, 0x53, 0xF8, 0xB8, 0x17, 0x87, 0x97, 0x03, 0x70, 0xC0, 0x9B, 0x62, 0xEA, 0xB7, 0x4E, 0xAF,
    0x88, 0x67, 0xA8, 0xC2, 0x70, 0x87, 0x98, 0x03, 0x6E, 0xA4, 0x1D, 0x43, 0xF1, 0x77, 0x4A, 0xBE,
    0xFF, 0x40, 0x00, 0xC4, 0x25, 0x49, 0x23, 0x5D, 0x72, 0x20, 0xE4, 0xB3, 0xDB, 0xE1, 0x6A, 0xF9,
    0x3D, 0x92, 0x0D, 0x95, 0x33, 0x19, 0x92, 0xB6, 0x1E, 0x07, 0xDE, 0xB3, 0x94, 0xFD, 0x44, 0x14,
    0x8C, 0x03, 0xBE, 0xD9, 0xA2, 0x8E, 0x64, 0x56, 0x85, 0xDB, 0xA1, 0x5A, 0xA4, 0xCE, 0xA5, 0xDE,
    0x22, 0x23, 0xD6, 0x7F, 0x0C, 0x03, 0x8E, 0x3F, 0x18, 0x1D, 0xEE, 0x9C, 0x05, 0xB8, 0xD4, 0x68,
    0xD8, 0x02, 0x73, 0x4A, 0xC2, 0x5A, 0x14, 0x3E, 0x9E, 0xC8, 0x26, 0x75, 0x71, 0x00, 0xD8, 0x43,
    0xC1, 0x44, 0x9B, 0x57, 0x2C, 0xB9, 0xB5, 0x77, 0x03, 0x16, 0x79, 0xC1, 0x36, 0x25, 0x7C, 0x42,
    0x4B, 0x45, 0x80, 0xCA, 0xD1, 0x5A, 0x7A, 0xD4, 0x62, 0x05, 0xFA, 0x67, 0x7B, 0xAE, 0x4E, 0xA7,
    0xFE, 0x85, 0x6C, 0xDC, 0x4E, 0x6D, 0xF0, 0x7E, 0xFB, 0x14, 0xCA, 0xC9, 0x2F, 0xE0, 0x48, 0x6B,
    0x8F, 0x43, 0x2E, 0x4F, 0xAA, 0x10, 0x6F, 0x93, 0x94, 0x8D, 0xFF, 0x4B, 0x1D, 0x69, 0x27, 0x36,
    0xB9, 0x8A, 0x21, 0x0A, 0x0C, 0xF5, 0x18, 0x28, 0x87, 0x9D, 0xEA, 0xB5, 0x5E, 0xE9, 0x75, 0xE0,
    0x59, 0x20, 0x94, 0xBE, 0xA4, 0xC2, 0x51, 0x13, 0xBD, 0x21, 0x7F, 0x70, 0xD0, 0xD8, 0x00, 0x29,
    0x35, 0x35, 0x91, 0xBA, 0x9B, 0xD2, 0x00, 0x1D, 0x18, 0x05, 0x5C, 0x90, 0x00, 0x10, 0x46, 0x37,
    0x70, 0xAA, 0xDE, 0xB0, 0x16, 0x00, 0x1A, 0x0F, 0x3D, 0xA4, 0x31, 0x59, 0xFE, 0x0A, 0xDF, 0x34,
    0x4C, 0x0A, 0xC9, 0x2B, 0x9B, 0x54, 0xE5, 0xCA, 0xDF, 0x0F, 0xA7, 0x00, 0x07, 0x6E, 0xDA, 0x5C,
    0xC1, 0xDA, 0xCB, 0xE7, 0x10, 0x00, 0x07, 0xB2, 0x2F, 0xAD, 0xD4, 0x8C, 0xEF, 0x8B, 0x12, 0xAB,
    0xDE, 0x4C, 0xB2, 0x9A, 0xE5, 0x6D, 0xEA, 0x00, 0x07, 0xF5, 0x3C, 0x63, 0xBB, 0xC1, 0x96, 0xF4,
    0x69, 0x53, 0xE3, 0x76, 0xFA, 0xE3, 0xA1, 0x22, 0xCC, 0x5D, 0x16, 0x77, 0x71, 0x77, 0x1C, 0x76,
    0xCF, 0xC0, 0x00, 0x42, 0xE5, 0x2F, 0x48, 0xEB, 0xCB, 0xBD, 0xAE, 0xB0, 0x73, 0x26, 0x80, 0x00,
    0x3A, 0xE8, 0x60, 0xC6, 0x59, 0x61, 0x4F, 0xA1, 0x07, 0x36, 0x13, 0xD4, 0x21, 0x9B, 0x1F, 0x3A,
    0x00, 0x2E, 0x93, 0xB5, 0x84, 0xDE, 0x55, 0x76, 0x6A, 0x87, 0x6E, 0x23, 0x0B, 0x8F, 0xC7, 0x00,
    0x5A, 0x6E, 0xC5, 0xA6, 0x28, 0xF0, 0x2B, 0x82, 0x5A, 0xF5, 0x65, 0xB9, 0xFB, 0x92, 0x1E, 0x27,
    0x7F, 0x6E, 0x20, 0xDB, 0x43, 0xA5, 0x09, 0x0F, 0x36, 0x68, 0x3B, 0xCC, 0x15, 0x57, 0x02, 0xDC,
    0xD5, 0x73, 0x93, 0x62, 0xCD, 0x1F, 0x95, 0x86, 0x34, 0xDE, 0x67, 0x0B, 0x84, 0x95, 0xB1, 0xE5,
    0x40, 0xEC, 0x24, 0x0F, 0xD4, 0x02, 0xC2, 0x1B, 0x0D, 0x78, 0x24, 0xB9, 0x20, 0x00, 0x1A, 0xE7,
    0xC4, 0x64, 0x21, 0x75, 0xD5, 0xA3, 0x83, 0x94, 0x93, 0xE8, 0xAE, 0xFD, 0x29, 0x2B, 0x38, 0x1B,
    0xE5, 0x78, 0x6D, 0x38, 0x66, 0x27, 0xC4, 0x84, 0x56, 0xDE, 0xFE, 0x24, 0x2D, 0xFD, 0x7C, 0xA0,
    0x87, 0x21, 0x00, 0xCA, 0xDB, 0x84, 0x7C, 0x48, 0x34, 0x5D, 0x33, 0xAC, 0xED, 0x2C, 0x7C, 0x8D,
    0xCA, 0xF1, 0xBC, 0xB9, 0x8C, 0x87, 0x70, 0x00, 0x4F, 0x00, 0x70, 0xEB, 0x12, 0xC9, 0xA2, 0xBE,
    0x7A, 0x40, 0xF6, 0x71, 0x7F, 0x24, 0x88, 0x00, 0x3D, 0x84, 0xC6, 0xD0, 0xE4, 0x50, 0x9D, 0x3D,
    0xD9, 0x0C, 0x57, 0x42, 0x51, 0x60, 0x00, 0x69, 0xA7, 0x26, 0xE8, 0x6F, 0x4F, 0x28, 0xA9, 0x24,
    0x8A, 0x22, 0x1D, 0xA4, 0x1C, 0x02, 0x59, 0x2C, 0x73, 0xD9, 0xBC, 0x00, 0x81, 0x74, 0xFA, 0xEB,
    0x4C, 0xD9, 0x05, 0xA4, 0x27, 0x1B, 0xBF, 0xDA, 0xCD, 0xEC, 0x35, 0xDD, 0xCC, 0x60, 0x48, 0xE1,
    0x1A, 0x9D, 0x1E, 0x7A, 0x82, 0xD2, 0xD0, 0x1E, 0x2A, 0x20, 0x3B, 0x64, 0xB2, 0x18, 0x50, 0xC0,
    0xDA, 0xBA, 0x88, 0x0A, 0xEC, 0x3D, 0xB0, 0xB8, 0x87, 0x53, 0x5B, 0x24, 0x22, 0x3E, 0xD7, 0xE7,
    0x84, 0x59, 0xEF, 0x42, 0x60, 0x6D, 0x8E, 0xB3, 0x2F, 0xB0, 0x6E, 0x76, 0x02, 0x48, 0xB4, 0x35,
    0x94, 0xCE, 0xE6, 0x0F, 0xF0, 0x58, 0xED, 0x81, 0x5B, 0x80, 0x3F, 0xEE, 0x0B, 0x54, 0x3B, 0xAB,
    0x38, 0x71, 0xFF, 0x44, 0x30, 0x87, 0x0F, 0x00, 0x6F, 0x12, 0x80, 0x00, 0x80, 0xAC, 0x2D, 0xB1,
    0xEA, 0xD7, 0xA0, 0x63, 0x25, 0x41, 0xC7, 0x68, 0x5F, 0xDB, 0xE8, 0x9E, 0x48, 0x87, 0x3D, 0x00,
    0x6D, 0x26, 0xCD, 0x35, 0xEF, 0x0D, 0xA9, 0x18, 0x60, 0x87, 0x3F, 0x00, 0x63, 0x02, 0x2D, 0x90,
    0x3F, 0x3A, 0x20, 0x71, 0x2C, 0x00, 0xA9, 0x95, 0x9B, 0xB3, 0x13, 0x76, 0xF1, 0x2A, 0x0A, 0x26,
    0x4E, 0x01, 0x4D, 0x26, 0x73, 0x3C, 0x3E, 0x69, 0x53, 0x07, 0xED, 0x04, 0xB0, 0x52, 0xC1, 0xF3,
    0x21, 0xE1, 0xF1, 0x35, 0xB2, 0x78, 0x6D, 0xEA, 0xB9, 0x5F, 0xFA, 0x5C, 0x41, 0xA5, 0x85, 0xE9,
    0xBD, 0x67, 0xD3, 0xC2, 0x8D, 0xD4, 0x50, 0x00, 0x97, 0xC1, 0x54, 0x22, 0x5A, 0x51, 0xA7, 0x01,
    0xDD, 0x0F, 0x90, 0x67, 0x17, 0xB4, 0xB8, 0x27, 0x65, 0x50, 0x4D, 0xE7, 0x2F, 0x78, 0xF0, 0x6E,
    0x7A, 0x02, 0x12, 0xBE, 0x3B, 0x37, 0xC6, 0x01, 0x31, 0xA6, 0x06, 0x11, 0x05, 0x1E, 0x36, 0xA0,
    0x00, 0xA1, 0x00, 0x6C, 0x50, 0xDF, 0x9B, 0x73, 0xF0, 0xB0, 0x80, 0x00, 0x09, 0x48, 0x2A, 0x2F,
    0xFC, 0xFF, 0x7E, 0x79, 0x26, 0xB6, 0x12, 0x06, 0xA7, 0xE7, 0xB1, 0xA4, 0xCE, 0x40, 0x42, 0x96,
    0xC1, 0x3D, 0xAB, 0xE2, 0x0E, 0xAD, 0x52, 0xA9, 0xF9, 0x58, 0x00, 0x6E, 0x64, 0x22, 0x8B, 0xE6,
    0x0F, 0xF0, 0xDD, 0xE3, 0xFD, 0x2E, 0x69, 0x7D, 0xDB, 0x64, 0xFC, 0x00, 0x05, 0x7E, 0x9D, 0x92,
    0xAA, 0xB6, 0xC5, 0x0F, 0x7D, 0xE8, 0xD8, 0x8D, 0xDF, 0x8D, 0x2A, 0xF1, 0x70, 0x4F, 0xFA, 0x35,
    0x33, 0x35, 0x2D, 0xD6, 0xF1, 0x64, 0x2C, 0xDA, 0x46, 0xC1, 0x46, 0xB8, 0x00, 0x80, 0x2C, 0xEC,
    0x62, 0xD6, 0x70, 0x29, 0x16, 0x09, 0x93, 0xA0, 0xCB, 0xAD, 0xEB, 0x6C, 0x30, 0xD3, 0xD9, 0x3C,
    0xFC, 0xDC, 0x3F, 0x40, 0x00, 0x75, 0xB8, 0x91, 0xDE, 0x79, 0x07, 0x03, 0xB5, 0x54, 0x5C, 0xCE,
    0xF1, 0xE1, 0xE1, 0xD7, 0x6B, 0xA5, 0xAC, 0x03, 0x00, 0x42, 0xA7, 0x2C, 0x42, 0xC2, 0x7E, 0xA9,
    0x7C, 0x7F, 0x7E, 0xB1, 0x6C, 0x13, 0x51, 0x82, 0x20, 0x9C, 0xB7, 0xD9, 0xE2, 0xCA, 0x7A, 0xC0,
    0x0F, 0x73, 0x38, 0xB4, 0x60, 0x00, 0x1F, 0xF7, 0x33, 0x39, 0x09, 0x2A, 0xED, 0xB6, 0x7F, 0xC8,
    0x3B, 0xD7, 0x10, 0x00, 0x5C, 0x98, 0x0E, 0xB0, 0xF1, 0x8C, 0x02, 0x9A, 0x61, 0x3B, 0xA7, 0xF5,
    0x0A, 0xE6, 0x71, 0x78, 0x8F, 0x4B, 0x09, 0x7D, 0x52, 0xC7, 0x50, 0xEF, 0x2E, 0xE4, 0x00, 0x5C,
    0xE8, 0x5F, 0xAA, 0x7D, 0x74, 0xA2, 0x82, 0x07, 0xAB, 0xA5, 0xA3, 0xBC, 0x63, 0x1D, 0xF0, 0x35,
    0xC6, 0x34, 0xBD, 0x15, 0x0C, 0x87, 0x40, 0x6E, 0x9E, 0xF7, 0x9C, 0xD3, 0x91, 0x4B, 0x5D, 0x86,
    0xF3, 0x56, 0x48, 0xFF, 0x7F, 0x14, 0x60, 0x02, 0xB4, 0x77, 0x19, 0xF3, 0x9F, 0x20, 0x02, 0xE0,
    0x81, 0x23, 0xCF, 0x19, 0x95, 0x12, 0xF0, 0x5A, 0x60, 0x00, 0x66, 0x1D, 0xD8, 0x7E, 0x76, 0xF9,
    0xA0, 0xF0, 0xAE, 0x13, 0x01, 0x24, 0xA6, 0x30, 0x48, 0x06, 0xD0, 0x79, 0xC5, 0xFC, 0x3E, 0x87,
    0x91, 0xA9, 0xDA, 0x86, 0xE0, 0x00, 0x18, 0xE0, 0xF1, 0x43, 0x33, 0x57, 0x9A, 0xED, 0xFF, 0xB1,
    0xFA, 0x5C, 0xA7, 0x7B, 0xF8, 0xF0, 0x1B, 0x6E, 0x15, 0xAD, 0xB8, 0x00, 0x40, 0xE9, 0x15, 0x5F,
    0x59, 0x68, 0x27, 0x38, 0xEA, 0x48, 0xBA, 0x90, 0x20, 0xE1, 0x4C, 0x00, 0x9C, 0xF7, 0x4C, 0xCF,
    0x48, 0x76, 0xF4, 0xD3, 0x65, 0x15, 0xB2, 0x35, 0x3F, 0x19, 0x3C, 0x05, 0x13, 0x08, 0x25, 0x38,
    0x50, 0x25, 0xF4, 0x5A, 0x13, 0x19, 0x53, 0x4D, 0x33, 0xDF, 0x60, 0x00, 0x64, 0x4F, 0xD3, 0x83,
    0x95, 0x14, 0x60, 0xF0, 0xB5, 0x27, 0x5E, 0x08, 0xCD, 0x22, 0x4F, 0x97, 0xDF, 0x67, 0xA8, 0x00,
    0x1A, 0x4E, 0xCB, 0x04, 0x46, 0x9A, 0x12, 0x4B, 0x45, 0x56, 0x80, 0x8D, 0xF0, 0x7B, 0xF1, 0xF6,
    0x3B, 0xF5, 0x2D, 0x3A, 0x41, 0x23, 0x40, 0x25, 0xE1, 0xC8, 0x3F, 0x39, 0x48, 0x00, 0x5A, 0x98,
    0x85, 0x76, 0x81, 0x5B, 0xE1, 0x0D, 0x0D, 0x0A, 0x70, 0xD9, 0x95, 0x13, 0x53, 0xE1, 0x55, 0x92,
    0x08, 0x47, 0xDD, 0xA0, 0x27, 0xE5, 0x00, 0x30, 0x00, 0x0D, 0xB3, 0xC0, 0x62, 0x08, 0x21, 0x40,
    0x3C, 0x7F, 0x2F, 0xC9, 0x0D, 0xBB, 0xA4, 0x83, 0xAA, 0xD1, 0x23, 0x51, 0xFD, 0xFE, 0x7F, 0xEE,
    0x0C, 0x12, 0x54, 0x44, 0x4C, 0xCB, 0x80, 0x00, 0x1F, 0x09, 0x93, 0xAF, 0xF2, 0x70, 0xA7, 0xE5,
    0xBE, 0x68, 0xB5, 0x80, 0x00, 0x41, 0xB7, 0x68, 0x9D, 0x14, 0x06, 0xBF, 0x16, 0xF7, 0x80, 0x51,
    0xC9, 0x6D, 0x17, 0xCC, 0xCA, 0x02, 0xEC, 0x35, 0xEE, 0xB7, 0x35, 0x12, 0x18, 0x2D, 0x0C, 0x03,
    0x00, 0x58, 0x14, 0xB8, 0x72, 0x4F, 0x7C, 0x28, 0x02, 0xD5, 0xE9, 0x56, 0x41, 0xED, 0xFB, 0x0E,
    0x23, 0x24, 0x27, 0x4B, 0xBC, 0xE0, 0x7D, 0xC2, 0xCC, 0xAC, 0xA7, 0x72, 0xC9, 0xA7, 0xD3, 0x41,
    0x70, 0x7D, 0x9A, 0x46, 0x3F, 0xBA, 0x42, 0xBD, 0xAC, 0x0C, 0x11, 0xAD, 0xBF, 0x80, 0x00, 0x3F,
    0x3F, 0xA0, 0x83, 0xBC, 0x4C, 0xFD, 0x58, 0x7B, 0xBE, 0x89, 0xC0, 0xED, 0x0D, 0x46, 0x12, 0x72,
    0xB0, 0x80, 0x00, 0x0E, 0xE8, 0x8A, 0x3F, 0xB9, 0x13, 0xAF, 0x20, 0x75, 0x93, 0x3A, 0x71, 0x88,
    0x08, 0x4D, 0x7F, 0x02, 0xF1, 0xAA, 0x16, 0xC5, 0x4B, 0x52, 0x87, 0x98, 0x03, 0x6E, 0x82, 0x2A,
    0xDE, 0x8D, 0x17, 0xEF, 0x8C, 0xA8, 0xC5, 0xC0, 0x87, 0x98, 0x03, 0x67, 0x14, 0x7D, 0x2A, 0x16,
    0x3B, 0x15, 0xA0, 0xC0, 0x88, 0x97, 0x03, 0x7A, 0x67, 0xBB, 0xF9, 0x76, 0xB0, 0x1F, 0xF0, 0xF8,
    0x85, 0xD6, 0x03, 0x4F, 0x6E, 0x94, 0x20, 0x08, 0x76, 0x81, 0x50, 0xD4, 0xAD, 0x87, 0x97, 0x03,
    0xF3, 0xAA, 0xAB, 0x30, 0x5F, 0x05, 0xB1, 0x40, 0x13, 0xE0, 0x26, 0x4F, 0x18, 0x87, 0x98, 0x03,
    0x8A, 0x65, 0xAD, 0x0F, 0x49, 0x0B, 0xEC, 0xF4, 0xD7, 0xC5, 0xEE, 0x00, 0x2C, 0x81, 0x5F, 0x80,
    0x2F, 0xD5, 0x53, 0x7D, 0x96, 0xCF, 0xEF, 0xCA, 0x1E, 0x8D, 0xAE, 0xF1, 0xC4, 0x83, 0xCA, 0x01,
    0x24, 0x1B, 0x78, 0xF5, 0x1A, 0x77, 0x10, 0x00, 0x89, 0x91, 0x60, 0x60, 0x53, 0x60, 0x05, 0x0E,
    0xD2, 0xE2, 0xD7, 0x1C, 0xD0, 0x23, 0xD8, 0x86, 0xBA, 0x42, 0x56, 0x00, 0x62, 0xEE, 0xF9, 0x1B,
    0x7D, 0xAE, 0xEA, 0x81, 0x00, 0x00, 0x6E, 0x19, 0xFF, 0xDB, 0x8D, 0x93, 0xAA, 0x00, 0x3D, 0x42,
    0xEC, 0xA4, 0xCF, 0x48, 0xD5, 0xC3, 0xF1, 0x3C, 0x6A, 0x7E, 0x14, 0xB8, 0xBD, 0x8B, 0xC2, 0x28,
    0x62, 0xA0, 0x60, 0x00, 0x5C, 0x7B, 0x2E, 0x1E, 0x96, 0xB1, 0x01, 0x21, 0xAE, 0x2E, 0x4D, 0xA0,
    0x68, 0x00, 0x30, 0xAE, 0x5F, 0x4B, 0x66, 0x78, 0x2D, 0x0F, 0xC2, 0xB5, 0xFC, 0x9B, 0xF5, 0x80,
    0xCC, 0x7E, 0x14, 0xD9, 0x45, 0x02, 0x0E, 0xDE, 0x23, 0xB8, 0x02, 0x00, 0x2C, 0x81, 0x5C, 0xBF,
    0xEF, 0x6A, 0xC8, 0x74, 0x6B, 0xE0, 0x49, 0xD7, 0xA1, 0xF8, 0xFF, 0xE1, 0xC0, 0xA5, 0x03, 0x35,
    0xF3, 0xC3, 0x80, 0x00, 0x22, 0xE7, 0x63, 0xB0, 0x60, 0x88, 0x20, 0x94, 0xDF, 0xA9, 0x80, 0x00,
    0x00, 0x1A, 0x9A, 0x60, 0x00, 0x4A, 0x7D, 0x75, 0xB7, 0xFA, 0x47, 0xF0, 0x00, 0x2F, 0xC0, 0xF8,
    0x84, 0x84, 0xC8, 0xDA, 0x0E, 0xA2, 0xF4, 0x04, 0x00, 0x22, 0xB9, 0x10, 0x1C, 0xBF, 0xF1, 0xDF,
    0x97, 0x31, 0xC6, 0xE0, 0x00, 0x17, 0xE0, 0x0A, 0x49, 0x89, 0xF9, 0x92, 0x2B, 0x38, 0x61, 0x0D,
    0x46, 0xA6, 0xBF, 0x87, 0xDA, 0x03, 0x8F, 0x73, 0xE6, 0x96, 0xFC, 0x5D, 0x19, 0xB5, 0xB8, 0xA0,
    0x2F, 0xBC, 0xB1, 0xE8, 0x00, 0x74, 0xAF, 0x09, 0xC5, 0x18, 0x51, 0x5F, 0x47, 0xA1, 0x10, 0xA1,
    0x98, 0xF7, 0x90, 0x00, 0x2D, 0xF5, 0xCD, 0x83, 0x3C, 0xF4, 0xD8, 0xD6, 0x71, 0x98, 0x43, 0x68,
    0x7E, 0x26, 0x8E, 0x8F, 0x95, 0x67, 0x87, 0x74, 0x00, 0x52, 0x40, 0xBA, 0xA6, 0x29, 0x66, 0x27,
    0xFA, 0xA8, 0x80, 0x00, 0x7C, 0x77, 0x9C, 0x42, 0xED, 0x10, 0x90, 0xF8, 0x2A, 0xEC, 0xC7, 0xD6,
    0xB4, 0xED, 0xF6, 0x61, 0x22, 0xEC, 0x32, 0x57, 0x40, 0x00, 0x65, 0xEB, 0xE5, 0x06, 0x7A, 0xFC,
    0xBA, 0xA0, 0xF0, 0x18, 0xFC, 0x32, 0x49, 0x0C, 0xA3, 0xD7, 0xA5, 0x87, 0xED, 0x03, 0x2A, 0x61,
    0x69, 0x44, 0x42, 0x48, 0x7E, 0xE6, 0xB8, 0xEC, 0xA9, 0x76, 0x20, 0xCC, 0x57, 0x9E, 0x43, 0x3E,
    0x00, 0x5F, 0xA3, 0xD8, 0x33, 0x20, 0x37, 0xEC, 0x79, 0xB3, 0xAB, 0x2B, 0xCE, 0x87, 0xE0, 0x03,
    0x29, 0x70, 0x51, 0x1F, 0xC3, 0x04, 0x08, 0xD1, 0xAD, 0x3D, 0xE3, 0x4A, 0x26, 0xA8, 0x3A, 0x0C,
    0xFD, 0x6D, 0x87, 0xE1, 0x03, 0x44, 0xFF, 0xC1, 0x0A, 0xCB, 0xC6, 0x51, 0xC9, 0x81, 0x17, 0xB5,
    0xE5, 0x54, 0xC0, 0x88, 0xE4, 0x03, 0xFB, 0x49, 0x69, 0x91, 0x4E, 0xC8, 0xE8, 0x00, 0x00, 0x07,
    0xE7, 0x80, 0x00, 0x53, 0xA6, 0xED, 0x90, 0xF2, 0xEE, 0x93, 0x00, 0x2A, 0xF0, 0xA8, 0xAB, 0x9D,
    0x78, 0x61, 0x8F, 0x16, 0x25, 0x49, 0xA0, 0x00, 0x2F, 0x0B, 0xB9, 0xA1, 0xEC, 0x19, 0xC1, 0x0F,
    0xF0, 0xC8, 0x06, 0x00, 0x12, 0x8F, 0x1D, 0x8D, 0xEA, 0xE9, 0x03, 0x7F, 0x18, 0xCA, 0xCA, 0x83,
    0xD8, 0x89, 0xE0, 0xE9, 0x7B, 0x30, 0x00, 0x1C, 0x3C, 0x87, 0xF0, 0x9C, 0xC3, 0x43, 0x43, 0xB8,
    0x0D, 0x47, 0x5B, 0xC2, 0x55, 0x34, 0x27, 0x79, 0x3D, 0x87, 0xF8, 0x03, 0x6B, 0xF8, 0x4D, 0x06,
    0x36, 0x50, 0xEC, 0x41, 0xBF, 0x7B, 0x74, 0xB2, 0x00, 0x10, 0xC8, 0x7C, 0x2E, 0x68, 0xD3, 0x0F,
    0x03, 0xB9, 0x51, 0xAB, 0x95, 0x03, 0x2E, 0x94, 0xE8, 0x48, 0x00, 0x0F, 0xF8, 0xBC, 0x4D, 0xF5,
    0xD1, 0xEB, 0xF8, 0x45, 0x92, 0xBB, 0xBC, 0x2F, 0xCD, 0x39, 0x79, 0xAD, 0xC0, 0x00, 0x19, 0xF1,
    0xC1, 0xEC, 0x68, 0x8F, 0x5F, 0xFD, 0xA1, 0x01, 0x73, 0xCC, 0xED, 0xBA, 0x91, 0xEC, 0x8B, 0xA0,
    0x00, 0x19, 0xF4, 0x52, 0xAD, 0xD2, 0xE6, 0xC0, 0x21, 0xE0, 0x07, 0x11, 0xC7, 0x75, 0x27, 0x76,
    0xF7, 0x3B, 0x63, 0x29, 0x09, 0xD8, 0x00, 0x24, 0x5B, 0x7E, 0xEA, 0x26, 0xCD, 0x3B, 0x4D, 0x00,
    0x11, 0x6A, 0x47, 0xB0, 0x08, 0xE2, 0x87, 0x2B, 0xCA, 0x9E, 0x08, 0x46, 0x1E, 0xCC, 0x7B, 0x6A,
    0x18, 0x5F, 0xAF, 0x38, 0x2B, 0x71, 0x45, 0x80, 0x8C, 0xFC, 0x03, 0x96, 0x84, 0x79, 0x14, 0x01,
    0x38, 0xFD, 0x59, 0x0C, 0xF5, 0x20, 0x76, 0x00, 0x1A, 0x23, 0x4B, 0xA6, 0xCB, 0x5B, 0x02, 0xD0,
    0xCB, 0x7E, 0x7C, 0xDE, 0x59, 0x78, 0x0F, 0xB0, 0x5C, 0xAE, 0xB4, 0xB0, 0x00, 0x10, 0x55, 0x79,
    0x6F, 0x77, 0x87, 0x46, 0xB5, 0x40, 0xF7, 0xB5, 0xC5, 0xEE, 0xC3, 0xF3, 0xF3, 0xC0, 0x00, 0x51,
    0xE8, 0xB2, 0x32, 0x50, 0x1A, 0xCD, 0x81, 0xE9, 0x4D, 0x14, 0x0E, 0x8E, 0xA3, 0xC0, 0x00, 0x8F,
    0x60, 0xBD, 0x55, 0x6D, 0xF3, 0x6E, 0x3B, 0xD0, 0xB0, 0xD8, 0xF4, 0x7F, 0xEB, 0xAA, 0xC3, 0xED,
    0xFE, 0x41, 0xD2, 0x15, 0x2B, 0xD8, 0x4C, 0x66, 0x0F, 0x34, 0x6C, 0x5D, 0x6C, 0x79, 0x9C, 0x40,
    0x00, 0x6A, 0xA3, 0x8E, 0xB8, 0x19, 0x14, 0xC2, 0xAA, 0x3B, 0x50, 0x1A, 0xBF, 0xCA, 0x94, 0xBA,
    0xC8, 0x6B, 0xDF, 0x5F, 0xF8, 0x22, 0x33, 0x6E, 0xC3, 0x95, 0x53, 0x3F, 0x5B, 0xB2, 0xFB, 0xB4,
    0xD8, 0x03, 0xEA, 0x25, 0xB7, 0xD0, 0x96, 0x37, 0xC3, 0x1B, 0x0A, 0x3D, 0xA2, 0x96, 0x1E, 0xF4,
    0xA2, 0x00, 0x9B, 0x67, 0xF6, 0x13, 0x3D, 0x36, 0xFF, 0x31, 0xED, 0x5F, 0xF1, 0xEA, 0x7C, 0x77,
    0xAA, 0x7C, 0xCF, 0x8B, 0x29, 0xCB, 0x69, 0x13, 0x1B, 0xA7, 0x91, 0x1E, 0x56, 0xDB, 0x68, 0x90,
    0x13, 0xFD, 0xF2, 0xBC, 0x94, 0xFC, 0x4D, 0xFB, 0xB0, 0x8A, 0x00, 0x23, 0xB5, 0x15, 0xD0, 0x12,
    0x99, 0x4F, 0xF7, 0x0C, 0xDC, 0x4F, 0x6E, 0xDD, 0x5E, 0xC0, 0xFB, 0xC0, 0x46, 0x2A, 0x02, 0x14,
    0x7F, 0x98, 0xE1, 0xDB, 0x87, 0x64, 0x00, 0xB6, 0xF2, 0x7E, 0xC1, 0x8D, 0x42, 0xED, 0x8D, 0x34,
    0xBE, 0x31, 0x3A, 0x74, 0xBF, 0x37, 0x38, 0x41, 0x64, 0xF7, 0x98, 0xBD, 0x1E, 0x95, 0x96, 0xED,
    0x10, 0xE1, 0x40, 0x83, 0x4F, 0x00, 0xD6, 0x0E, 0x60, 0x61, 0xE7, 0x8E, 0x89, 0x76, 0x0E, 0xCB,
    0x8A, 0x3D, 0xAA, 0x24, 0x3B, 0x10, 0x9F, 0xAD, 0xC9, 0x00, 0x88, 0x80, 0x00, 0x19, 0x3A, 0x11,
    0xD9, 0xE4, 0x7B, 0x3C, 0x3F, 0xC0, 0xEF, 0x11, 0x79, 0xEF, 0xDF, 0xEE, 0xA6, 0x24, 0xB8, 0x41,
    0x31, 0x84, 0x7B, 0x79, 0x2B, 0xDC, 0xCD, 0xCB, 0x10, 0xA3, 0xD3, 0xD3, 0xE6, 0x00, 0xA6, 0xC2,
    0x5E, 0x4A, 0xCD, 0xEA, 0x97, 0x35, 0x9E, 0x9C, 0x9B, 0xA3, 0xDF, 0x3E, 0x1A, 0x3D, 0x3E, 0x80,
    0x00, 0x1D, 0x24, 0x33, 0xC8, 0x57, 0x8E, 0x0D, 0xB1, 0xC8, 0x3E, 0x51, 0x7B, 0xD7, 0xFD, 0xDB,
    0x3A, 0x32, 0xCA, 0x54, 0x23, 0x51, 0x08, 0x4B, 0x29, 0x7B, 0xFE, 0x37, 0x12, 0x1D, 0xF4, 0x11,
    0xFF, 0xC7, 0x22, 0xFB, 0x21, 0x5C, 0xEE, 0xA1, 0xF1, 0x79, 0x3C, 0xEE, 0x8C, 0xC6, 0x85, 0xCC,
    0x60, 0x28, 0x00, 0x18, 0xB9, 0xAC, 0x18, 0x41, 0x77, 0xEA, 0xAB, 0x7B, 0x6F, 0xE8, 0x85, 0x5C,
    0x8F, 0xF8, 0xEB, 0x1E, 0x8E, 0x2C, 0x45, 0x50, 0x66, 0x12, 0x13, 0xE3, 0x78, 0x48, 0xAD, 0x69,
    0xAA, 0xD5, 0x48, 0x1E, 0xAA, 0x09, 0x7E, 0xDB, 0xDF, 0x4B, 0xEE, 0x15, 0x6D, 0x45, 0x03, 0xDD,
    0x0A, 0x0C, 0x65, 0x11, 0xC3, 0xE0, 0x8A, 0x20, 0xEF, 0x43, 0xFE, 0x25, 0x93, 0x97, 0x74, 0x80,
    0x00, 0x11, 0x70, 0x76, 0x01, 0xF7, 0x6A, 0xB0, 0xB7, 0xFA, 0x36, 0x4E, 0x99, 0xFB, 0x43, 0x6B,
    0x82, 0x6C, 0xC8, 0x95, 0x26, 0x90, 0x40, 0x54, 0x87, 0x7D, 0xFE, 0xA7, 0x42, 0x87, 0xF7, 0xA4,
    0x0B, 0x8B, 0x17, 0x6B, 0x20, 0x8F, 0x12, 0xF4, 0xD8, 0x82, 0x72, 0x22, 0xBC, 0x06, 0xBD, 0xC8,
    0xA5, 0xF7, 0xA0, 0x05, 0x8D, 0xF9, 0x30, 0x80, 0x00, 0x18, 0x5D, 0xD0, 0x94, 0x2F, 0x4D, 0x7B,
    0xCA, 0x71, 0x2E, 0x17, 0x57, 0xC1, 0x9B, 0xB2, 0x3E, 0x2D, 0x50, 0x64, 0xBF, 0x82, 0x07, 0xA3,
    0x9E, 0x3A, 0x7B, 0xD8, 0xE2, 0x5E, 0x79, 0xFF, 0x8A, 0x23, 0xC6, 0x2F, 0xB1, 0x49, 0x45, 0x35,
    0xA6, 0x0A, 0xB3, 0x80, 0x2B, 0xBA, 0x56, 0xA9, 0x3C, 0xD9, 0xC6, 0x10, 0x00, 0x79, 0x68, 0x3F,
    0xCA, 0x37, 0x9F, 0x72, 0x29, 0x24, 0x31, 0xC8, 0xB6, 0x65, 0x4E, 0x97, 0x95, 0xF9, 0xBA, 0xEB,
    0xD4, 0x9A, 0xB5, 0x11, 0x00, 0xAD, 0xEE, 0x8D, 0xEB, 0x25, 0xAB, 0x51, 0xFE, 0x05, 0xCB, 0x5A,
    0x77, 0x32, 0xB4, 0x6B, 0xBA, 0x95, 0xF7, 0xB6, 0x9F, 0x5C, 0xD6, 0xD5, 0xC0, 0x00, 0xA8, 0xCD,
    0x70, 0x88, 0x8A, 0xDD, 0xDE, 0x30, 0x82, 0x85, 0x2D, 0x6A, 0x67, 0xAA, 0xCD, 0xEC, 0xCB, 0xCF,
    0x38, 0x46, 0x80, 0x94, 0x0A, 0xF9, 0x15, 0x51, 0x46, 0x0B, 0x96, 0x7C, 0xE7, 0xDF, 0xC5, 0xEE,
    0x2E, 0x87, 0xAB, 0x02, 0x5F, 0xF7, 0x10, 0x33, 0xD7, 0x0E, 0x1A, 0x2F, 0xF5, 0x87, 0xF8, 0xF1,
    0x04, 0x22, 0xB2, 0x49, 0xFA, 0xE9, 0x14, 0x2C, 0x54, 0xCC, 0xA3, 0xF0, 0x8E, 0xC3, 0x6E, 0x00,
    0x09, 0xF0, 0xC5, 0xA0, 0x36, 0xBF, 0x13, 0x9C, 0x06, 0xF7, 0x55, 0x7C, 0xAA, 0x97, 0xC5, 0x24,
    0xCC, 0xF6, 0xC0, 0xE0, 0x80, 0xB9, 0x05, 0x0C, 0x64, 0xD5, 0x63, 0x7B, 0xCB, 0x37, 0x32, 0x3F,
    0xF4, 0x76, 0x00, 0xAE, 0xFA, 0xE1, 0x7D, 0xBB, 0xDC, 0xED, 0xE2, 0x56, 0x8F, 0xAE, 0xE9, 0xC3,
    0x87, 0xA1, 0x56, 0xE0, 0x28, 0x35, 0x6B, 0x89, 0xA3, 0x2F, 0xB3, 0x59, 0xAD, 0xAC, 0x5F, 0x86,
    0x90, 0xB8, 0x78, 0x23, 0x59, 0xE2, 0xFD, 0x25, 0x00, 0x8A, 0x23, 0x97, 0x09, 0x12, 0x3F, 0x1D,
    0xF5, 0x62, 0x97, 0xFF, 0xB1, 0x97, 0x6A, 0x49, 0xAA, 0xD8, 0x71, 0x6B, 0x3F, 0xD7, 0x90, 0x00,
    0xB5, 0x46, 0xEC, 0x0F, 0x1E, 0xD7, 0xB6, 0xE1, 0x66, 0x2B, 0x41, 0x17, 0x9E, 0x3A, 0x4A, 0x2D,
    0x8C, 0x99, 0x69, 0xBE, 0x37, 0xE7, 0xFB, 0xF3, 0xE1, 0xD6, 0xA1, 0x91, 0xE8, 0x56, 0x22, 0x82,
    0xB4, 0x81, 0x5A, 0xF5, 0x5F, 0x45, 0x3A, 0xEC, 0x97, 0xA8, 0x32, 0x8D, 0xA0, 0x02, 0x3B, 0x86,
    0xAD, 0x2D, 0x8B, 0x9D, 0x2E, 0x43, 0xE7, 0x7A, 0x6D, 0x87, 0x44, 0xC4, 0x36, 0x1E, 0x6E, 0x07,
    0x26, 0x7D, 0x12, 0x8A, 0x84, 0x99, 0x18, 0x8A, 0x84, 0xF5, 0xAC, 0x72, 0xDB, 0x99, 0x5C, 0xE9,
    0x42, 0x8C, 0xFB, 0x9C, 0x80, 0x86, 0x29, 0x00, 0x66, 0xB5, 0xE3, 0xFF, 0xA9, 0x64, 0xCE, 0xD6,
    0xBF, 0xFF, 0x9B, 0x43, 0x59, 0x32, 0x19, 0xD9, 0xB7, 0x32, 0x3C, 0xBE, 0x65, 0xAD, 0x12, 0x0E,
    0x9E, 0xF2, 0xB1, 0x9E, 0x1B, 0xE2, 0x3F, 0xFC, 0xCD, 0x00, 0x5A, 0xDD, 0x7F, 0x78, 0x75, 0x8C,
    0xA3, 0x3A, 0x4F, 0xD8, 0xA8, 0xF4, 0xE1, 0xDB, 0x52, 0xBE, 0x09, 0x54, 0x39, 0x0D, 0x1F, 0xF1,
    0xB9, 0xD7, 0x25, 0x0B, 0x5D, 0xFC, 0xEF, 0xBC, 0xDC, 0xB4, 0xCC, 0x0B, 0x46, 0x3C, 0xC1, 0xA8,
    0xD4, 0x54, 0xA7, 0x40, 0x00, 0x96, 0x4F, 0x11, 0x91, 0xF8, 0x69, 0xE6, 0xA0, 0x57, 0xA9, 0x71,
    0xF3, 0xE6, 0xC7, 0x7B, 0x4D, 0x7E, 0x2C, 0x1C, 0x66, 0xF6, 0x81, 0xEB, 0x16, 0x9E, 0x90, 0x93,
    0xCF, 0x51, 0xBF, 0x45, 0x01, 0xC5, 0xC9, 0x6C, 0x67, 0xCE, 0xEE, 0xBD, 0xEA, 0x6A, 0x06, 0x64,
    0x86, 0x06, 0x04, 0x6B, 0xCA, 0x7E, 0xF5, 0xC4, 0xB4, 0x24, 0x1E, 0x32, 0xB9, 0x88, 0xB9, 0xA6,
    0x64, 0x7E, 0x24, 0xAD, 0x07, 0xED, 0x32, 0x2B, 0x51, 0xD3, 0x0F, 0x53, 0xDB, 0x3C, 0x64, 0x84,
    0xD2, 0xC2, 0xC8, 0x00, 0xA2, 0xAB, 0x0C, 0x82, 0x06, 0xE7, 0xF8, 0x13, 0x0A, 0xC1, 0x1F, 0xCC,
    0xE6, 0xC3, 0xED, 0x85, 0xAC, 0xE0, 0xEE, 0x83, 0x64, 0xF2, 0x79, 0x74, 0x68, 0x65, 0xC1, 0xE4,
    0x17, 0x30, 0xAE, 0xFE, 0xB0, 0x4C, 0x9B, 0x61, 0x25, 0x00, 0xBC, 0x95, 0x7F, 0x71, 0x51, 0xD1,
    0x47, 0x2D, 0x36, 0xA5, 0x1A, 0xEE, 0xCF, 0x6E, 0xBB, 0x14, 0x82, 0xAC, 0xBE, 0xEF, 0xF9, 0x1B,
    0xA5, 0x09, 0xCE, 0x15, 0x56, 0xB0, 0x48, 0xC1, 0x0E, 0xFE, 0xE3, 0xBE, 0xAD, 0xD3, 0x20, 0xB7,
    0x68, 0x3F, 0x35, 0xED, 0xA0, 0xE8, 0x55, 0x27, 0x26, 0xEC, 0x69, 0xF6, 0x53, 0xF2, 0xA8, 0x00,
    0x09, 0xEE, 0xD3, 0x6A, 0xFD, 0x01, 0xC8, 0xF2, 0x56, 0xA7, 0x54, 0xC3, 0xA9, 0xFC, 0x02, 0x2B,
    0xDA, 0x48, 0x2B, 0x30, 0x6F, 0xE7, 0xFC, 0x00, 0x0E, 0xC7, 0x1A, 0xE9, 0x49, 0x20, 0x4F, 0xFD,
    0xDE, 0xFF, 0x29, 0x33, 0xA8, 0x4C, 0x8E, 0x6C, 0xE8, 0xEB, 0x7E, 0xAD, 0x52, 0xFC, 0x3B, 0xBA,
    0x20, 0x1F, 0x4B, 0x05, 0xA7, 0xBA, 0x87, 0x80, 0x86, 0x90, 0x00, 0x28, 0x13, 0x1D, 0x2D, 0xDC,
    0xF7, 0xED, 0x23, 0x62, 0xEF, 0x1A, 0x3D, 0x6B, 0x5A, 0x76, 0x6B, 0x32, 0x2F, 0x68, 0x05, 0xC9,
    0x44, 0x71, 0x21, 0x37, 0xB3, 0xC2, 0x10, 0xEA, 0x24, 0xBF, 0x6B, 0x61, 0xC7, 0x96, 0xD6, 0x72,
    0x61, 0x80, 0x00, 0x86, 0xF1, 0xD2, 0x91, 0xF1, 0xF4, 0x2F, 0xB0, 0x82, 0x15, 0x16, 0x17, 0xCC,
    0x1C, 0x3B, 0x40, 0x7F, 0xEB, 0x57, 0x19, 0x4A, 0x47, 0x51, 0x1F, 0xB6, 0x8F, 0xA2, 0x85, 0xEE,
    0x1D, 0x48, 0x33, 0x3C, 0x90, 0xCB, 0x65, 0x62, 0xE5, 0xD7, 0x50, 0x54, 0xEE, 0x65, 0x08, 0x9C,
    0x94, 0x38, 0x12, 0x08, 0x00, 0x6F, 0x00, 0x97, 0x7D, 0xC6, 0xC7, 0xCC, 0x2D, 0x8C, 0x04, 0x6C,
    0xE9, 0x36, 0x97, 0xA9, 0x76, 0x4F, 0x20, 0xEF, 0x6D, 0x6D, 0x21, 0x15, 0x12, 0x92, 0xFA, 0x98,
    0x43, 0x69, 0x3F, 0xB4, 0x82, 0xE3, 0xCC, 0x7A, 0x23, 0x22, 0x00, 0x28, 0x9A, 0xEB, 0x14, 0x94,
    0x95, 0x20, 0xE7, 0xAE, 0xEC, 0x68, 0x80, 0x6E, 0x72, 0xCC, 0x58, 0x3A, 0x01, 0x96, 0xCA, 0xC7,
    0x01, 0x35, 0x3E, 0xA8, 0x4C, 0x39, 0xBC, 0xBF, 0xE2, 0x38, 0x8A, 0x8E, 0xD8, 0x00, 0xBE, 0xE4,
    0x6D, 0x5B, 0xAB, 0xB0, 0x8D, 0xB5, 0x2C, 0x90, 0x5E, 0x87, 0xC7, 0x4C, 0x99, 0x57, 0xB0, 0x88,
    0xF3, 0x31, 0xC6, 0x33, 0x58, 0x32, 0x86, 0xE5, 0x15, 0x27, 0xBB, 0x79, 0x7A, 0x3F, 0xC5, 0xAF,
    0x5D, 0x5E, 0xA9, 0x5B, 0xD8, 0x5F, 0x1B, 0xCB, 0x00, 0xA1, 0xBD, 0x9D, 0x5C, 0xE5, 0x78, 0x59,
    0x6F, 0x8D, 0xA1, 0x6A, 0x2F, 0x5F, 0x73, 0xBA, 0xF1, 0x38, 0x5C, 0x0F, 0xB6, 0xEC, 0xE6, 0x71,
    0xFC, 0xF0, 0xCB, 0x5A, 0x79, 0x8B, 0xFE, 0x3C, 0x90, 0x58, 0x75, 0xD2, 0x8A, 0x92, 0xE3, 0xB2,
    0xD4, 0xE2, 0xC0, 0x71, 0x1E, 0xB0, 0x21, 0x78, 0x87, 0x0F, 0x00, 0x4E, 0x80, 0x00, 0x62, 0xD8,
    0x18, 0x31, 0x3B, 0xAA, 0x1E, 0x9B, 0xE8, 0x0F, 0x38, 0xB6, 0x51, 0xBC, 0x50, 0xB7, 0x11, 0xB0,
    0x99, 0x6F, 0x83, 0xAA, 0x1E, 0x4E, 0x9C, 0xFE, 0x66, 0xBD, 0x7D, 0x32, 0x5D, 0x3B, 0x3C, 0x6A,
    0x78, 0xCA, 0x8F, 0x93, 0xDB, 0xE9, 0xBD, 0x10, 0x31, 0xD1, 0x8A, 0xA4, 0x7B, 0x49, 0xB1, 0x8C,
    0xA3, 0x6D, 0xE3, 0x8D, 0xB7, 0xEA, 0x74, 0x5F, 0x40, 0x00, 0x67, 0x97, 0x7B, 0xF2, 0x83, 0xD9,
    0x58, 0xDE, 0x6F, 0x78, 0xEE, 0xE7, 0xDE, 0x0A, 0x83, 0x86, 0x67, 0x5B, 0x29, 0xEB, 0xC1, 0x4C,
    0x9B, 0x1D, 0xE0, 0x82, 0x05, 0xB1, 0xB6, 0x13, 0x43, 0x58, 0x2E, 0x8C, 0x0C, 0x90, 0x7D, 0xFB,
    0x67, 0xFE, 0xB7, 0xAC, 0x7D, 0xEA, 0x1B, 0x7B, 0xF1, 0x40, 0x87, 0x26, 0x04, 0x76, 0x16, 0xE8,
    0xA7, 0x62, 0xF9, 0xBA, 0x4D, 0x28, 0x8E, 0xDC, 0xCF, 0x74, 0x38, 0xE9, 0xD9, 0x98, 0x80, 0x00,
    0x58, 0xB5, 0x10, 0xD0, 0x08, 0x36, 0x6D, 0x25, 0xAF, 0x6A, 0x04, 0xA4, 0xE0, 0xCA, 0xD1, 0xA9,
    0x7B, 0x4C, 0x43, 0xA9, 0x3D, 0x95, 0x3A, 0xC3, 0xD5, 0x41, 0x3B, 0x29, 0xFC, 0x65, 0x2A, 0xFD,
    0x66, 0xA0, 0x65, 0xDE, 0x93, 0x06, 0x85, 0x9B, 0x6A, 0x5B, 0xBB, 0xED, 0x7C, 0x14, 0xFD, 0xEF,
    0x6B, 0x70, 0x8D, 0xBB, 0x6D, 0x87, 0x34, 0xDD, 0x5B, 0x4C, 0x79, 0x2F, 0xAA, 0x04, 0x29, 0x54,
    0xDE, 0x73, 0x30, 0x14, 0x48, 0x55, 0xCB, 0x77, 0xF6, 0xBA, 0x87, 0x28, 0x04, 0x70, 0x76, 0x93,
    0xE5, 0xAC, 0x8C, 0x77, 0xFB, 0x31, 0x82, 0x57, 0x72, 0xE3, 0xC8, 0xE0, 0xC9, 0x56, 0x5D, 0x12,
    0x8E, 0xD4, 0xBE, 0x90, 0x00, 0x69, 0x49, 0xA1, 0xBD, 0x8D, 0xF3, 0xFE, 0x0F, 0xF8, 0xDB, 0x8C,
    0xB2, 0xFA, 0x9F, 0x1E, 0xEB, 0xFB, 0x7A, 0x4B, 0x2B, 0x36, 0x6E, 0xE3, 0x69, 0xDB, 0xA0, 0xF6,
    0x17, 0x61, 0x56, 0x32, 0x9C, 0xFF, 0x16, 0x18, 0xD7, 0xA5, 0x40, 0xC5, 0x4C, 0x8C, 0x01, 0x8C,
    0x06, 0x57, 0x43, 0x46, 0xB3, 0x98, 0x00, 0x69, 0x51, 0xE8, 0x57, 0xE0, 0x34, 0x41, 0x6B, 0x01,
    0xAC, 0x38, 0x94, 0xCC, 0xF5, 0x23, 0xB8, 0x49, 0x4E, 0x58, 0x7C, 0x5E, 0x2B, 0xAF, 0x47, 0x03,
    0xC0, 0x18, 0x8B, 0x65, 0x8E, 0x7B, 0xEC, 0x19, 0xAA, 0x31, 0x3E, 0x8B, 0x58, 0x7D, 0x99, 0xC8,
    0x5A, 0x92, 0x59, 0x44, 0x4C, 0x83, 0x93, 0x76, 0x2B, 0x0D, 0x9E, 0xB9, 0x5F, 0x1A, 0x7D, 0x11,
    0xCC, 0x9C, 0x70, 0x00, 0xCE, 0x1E, 0xAC, 0x0D, 0x8F, 0x3B, 0xA7, 0x70, 0xE8, 0x6D, 0xAF, 0x3B,
    0x8A, 0xA6, 0xC2, 0x52, 0xCC, 0xA1, 0xCD, 0x2B, 0xF8, 0x1D, 0xA0, 0xF2, 0x57, 0x9A, 0x29, 0x91,
    0x96, 0xD6, 0x19, 0x7A, 0xE0, 0x36, 0x1B, 0xF7, 0xC8, 0x81, 0x05, 0xF9, 0xE4, 0x99, 0x06, 0xCB,
    0x96, 0xC4, 0x53, 0x91, 0x7A, 0x65, 0x7B, 0xE9, 0xA4, 0x70,
};

static const EpdGlyph notosans_16_bolditalicGlyphs[] = {
    { 0, 0, 0, 0, 0, 0, 0 }, // U+0000
    { 0, 0, 139, 0, 0, 0, 0 }, // U+000D
    { 0, 0, 139, 0, 0, 0, 0 }, // U+0020
    { 11, 25, 153, 0, 24, 18, 0 }, // !
    { 13, 9, 242, 3, 24, 13, 18 }, // "
    { 22, 24, 344, 0, 24, 44, 31 }, // #
    { 19, 28, 294, 0, 26, 42, 75 }, // $
    { 27, 26, 456, 1, 25, 55, 117 }, // %
    { 23, 26, 378, 1, 25, 45, 172 }, // &
    { 6, 9, 136, 3, 24, 7, 217 }, // '
    { 13, 30, 181, 1, 24, 20, 224 }, // (
    { 14, 31, 182, -3, 25, 20, 244 }, // )
    { 17, 17, 291, 2, 26, 32, 264 }, // *
    { 17, 17, 305, 1, 20, 17, 296 }, // +
    { 9, 9, 153, -2, 4, 8, 313 }, // ,
    { 10, 5, 172, 0, 11, 7, 321 }, // -
    { 7, 7, 153, 0, 6, 7, 328 }, // .
    { 19, 25, 226, -2, 24, 19, 335 }, // /
    { 18, 26, 316, 1, 25, 31, 354 }, // 0
    { 14, 24, 252, 1, 24, 22, 385 }, // 1
    { 19, 25, 294, -1, 25, 29, 407 }, // 2
    { 18, 26, 294, 0, 25, 36, 436 }, // 3
    { 19, 24, 294, -1, 24, 29, 472 }, // 4
    { 19, 25, 294, 0, 24, 30, 501 }, // 5
    { 18, 26, 303, 1, 25, 33, 531 }, // 6
    { 20, 24, 271, 0, 24, 23, 564 }, // 7
    { 18, 26, 296, 0, 25, 39, 587 }, // 8
    { 18, 26, 296, 1, 25, 32, 626 }, // 9
    { 10, 20, 153, 0, 19, 13, 658 }, // :
    { 12, 24, 153, -2, 19, 14, 671 }, // ;
    { 17, 18, 305, 1, 21, 29, 685 }, // <
    { 17, 11, 305, 1, 17, 14, 714 }, // =
    { 17, 18, 305, 1, 21, 31, 728 }, // >
    { 15, 26, 245, 2, 25, 25, 759 }, // ?
    { 28, 28, 456, 1, 24, 66, 784 }, // @
    { 21, 24, 335, -2, 24, 32, 850 }, // A
    { 21, 24, 331, 0, 24, 35, 882 }, // B
    { 21, 26, 327, 1, 25, 28, 917 }, // C
    { 22, 24, 361, 0, 24, 33, 945 }, // D
    { 20, 24, 290, 0, 24, 25, 978 }, // E
    { 20, 24, 284, 0, 24, 17, 1003 }, // F
    { 22, 26, 368, 1, 25, 37, 1020 }, // G
    { 24, 24, 374, 0, 24, 33, 1057 }, // H
    { 16, 24, 204, -1, 24, 21, 1090 }, // I
    { 18, 32, 178, -6, 24, 23, 1111 }, // J
    { 24, 24, 327, 0, 24, 36, 1134 }, // K
    { 16, 24, 276, 0, 24, 19, 1170 }, // L
    { 30, 24, 469, 0, 24, 52, 1189 }, // M
    { 26, 24, 404, 0, 24, 42, 1241 }, // N
    { 23, 26, 390, 1, 25, 33, 1283 }, // O
    { 21, 24, 325, 0, 24, 28, 1316 }, // P
    { 23, 31, 390, 1, 25, 25, 1344 }, // Q
    { 20, 24, 331, 0, 24, 32, 1369 }, // R
    { 19, 26, 283, 0, 25, 30, 1401 }, // S
    { 19, 24, 284, 2, 24, 20, 1431 }, // T
    { 22, 25, 369, 2, 24, 32, 1451 }, // U
    { 20, 24, 315, 3, 24, 30, 1483 }, // V
    { 30, 24, 477, 3, 24, 49, 1513 }, // W
    { 25, 24, 325, -2, 24, 36, 1562 }, // X
    { 19, 24, 301, 3, 24, 25, 1598 }, // Y
    { 21, 24, 286, -1, 24, 26, 1623 }, // Z
    { 15, 30, 177, -1, 24, 22, 1649 }, // [
    { 9, 25, 226, 3, 24, 18, 1671 }, // <backslash>
    { 15, 30, 177, -3, 24, 21, 1689 }, // ]
    { 18, 16, 294, 0, 24, 22, 1710 }, // ^
    { 15, 3, 213, -4, -3, 6, 1732 }, // _
    { 8, 6, 173, 4, 26, 8, 1738 }, // `
    { 19, 20, 316, 1, 19, 29, 1746 }, // a
    { 19, 27, 317, 0, 26, 34, 1775 }, // b
    { 16, 20, 258, 1, 19, 25, 1809 }, // c
    { 20, 27, 317, 1, 26, 35, 1834 }, // d
    { 17, 20, 297, 1, 19, 32, 1869 }, // e
    { 21, 34, 199, -4, 26, 32, 1901 }, // f
    { 20, 27, 318, 0, 19, 37, 1933 }, // g
    { 19, 26, 322, 0, 26, 25, 1970 }, // h
    { 11, 26, 159, 0, 26, 18, 1995 }, // i
    { 16, 34, 159, -5, 26, 24, 2013 }, // j
    { 21, 26, 303, 0, 26, 33, 2037 }, // k
    { 11, 26, 159, 0, 26, 11, 2070 }, // l
    { 29, 19, 483, 0, 19, 39, 2081 }, // m
    { 19, 19, 322, 0, 19, 25, 2120 }, // n
    { 18, 20, 312, 1, 19, 27, 2145 }, // o
    { 21, 27, 317, -2, 19, 33, 2172 }, // p
    { 19, 27, 317, 1, 19, 23, 2205 }, // q
    { 16, 19, 225, 0, 19, 20, 2228 }, // r
    { 16, 20, 253, 0, 19, 28, 2248 }, // s
    { 14, 24, 219, 1, 23, 23, 2276 }, // t
    { 19, 20, 322, 1, 19, 25, 2299 }, // u
    { 18, 19, 273, 1, 19, 23, 2324 }, // v
    { 26, 19, 420, 2, 19, 38, 2347 }, // w
    { 22, 19, 285, -2, 19, 27, 2385 }, // x
    { 23, 27, 277, -3, 19, 33, 2412 }, // y
    { 17, 19, 250, -1, 19, 22, 2445 }, // z
    { 15, 30, 189, -1, 24, 27, 2467 }, // {
    { 4, 34, 294, 7, 26, 15, 2494 }, // |
    { 14, 30, 189, -2, 24, 27, 2509 }, // }
    { 17, 7, 305, 1, 15, 15, 2536 }, // ~
    { 0, 0, 139, 0, 0, 0, 2551 }, // U+00A0
    { 11, 26, 153, -2, 19, 17, 2551 }, // U+00A1
    { 16, 26, 294, 2, 25, 26, 2568 }, // U+00A2
    { 22, 25, 294, -1, 25, 29, 2594 }, // U+00A3
    { 17, 16, 294, 1, 20, 34, 2623 }, // U+00A4
    { 20, 24, 294, 1, 24, 39, 2657 }, // U+00A5
    { 4, 34, 294, 7, 26, 10, 2696 }, // U+00A6
    { 17, 27, 259, 0, 26, 40, 2706 }, // U+00A7
    { 12, 6, 295, 6, 26, 11, 2746 }, // U+00A8
    { 26, 26, 444, 1, 25, 56, 2757 }, // U+00A9
    { 13, 13, 202, 2, 25, 19, 2813 }, // U+00AA
    { 18, 16, 302, 1, 17, 33, 2832 }, // U+00AB
    { 17, 10, 305, 1, 14, 10, 2865 }, // U+00AC
    { 10, 5, 172, 0, 11, 5, 2875 }, // U+00AD
    { 26, 26, 444, 1, 25, 38, 2880 }, // U+00AE
    { 16, 4, 228, 3, 29, 9, 2918 }, // U+00AF
    { 12, 13, 226, 1, 25, 17, 2927 }, // U+00B0
    { 17, 21, 305, 1, 21, 16, 2944 }, // U+00B1
    { 14, 16, 202, 1, 29, 21, 2960 }, // U+00B2
    { 13, 16, 202, 2, 29, 23, 2981 }, // U+00B3
    { 10, 6, 172, 3, 26, 7, 3004 }, // U+00B4
    { 22, 27, 325, -2, 19, 33, 3011 }, // U+00B5
    { 18, 31, 349, 2, 26, 28, 3044 }, // U+00B6
    { 7, 7, 153, 2, 15, 7, 3072 }, // U+00B7
    { 9, 8, 109, -4, 0, 10, 3079 }, // U+00B8
    { 10, 16, 202, 3, 29, 15, 3089 }, // U+00B9
    { 12, 12, 196, 2, 24, 17, 3104 }, // U+00BA
    { 18, 16, 300, 0, 17, 29, 3121 }, // U+00BB
    { 25, 26, 445, 2, 25, 50, 3150 }, // U+00BC
    { 27, 26, 475, 2, 25, 52, 3200 }, // U+00BD
    { 27, 26, 460, 1, 25, 62, 3252 }, // U+00BE
    { 14, 25, 248, -1, 19, 26, 3314 }, // U+00BF
    { 21, 32, 335, -2, 32, 34, 3340 }, // U+00C0
    { 23, 32, 335, -2, 32, 39, 3374 }, // U+00C1
    { 23, 32, 335, -2, 32, 20, 3413 }, // U+00C2
    { 24, 32, 335, -2, 32, 45, 3433 }, // U+00C3
    { 22, 32, 335, -2, 32, 43, 3478 }, // U+00C4
    { 21, 34, 335, -2, 34, 21, 3521 }, // U+00C5
    { 33, 24, 477, -2, 24, 44, 3542 }, // U+00C6
    { 21, 33, 327, 1, 25, 20, 3586 }, // U+00C7
    { 20, 32, 290, 0, 32, 32, 3606 }, // U+00C8
    { 20, 32, 290, 0, 32, 15, 3638 }, // U+00C9
    { 20, 32, 290, 0, 32, 19, 3653 }, // U+00CA
    { 20, 32, 290, 0, 32, 20, 3672 }, // U+00CB
    { 16, 32, 204, -1, 32, 28, 3692 }, // U+00CC
    { 18, 32, 204, -1, 32, 28, 3720 }, // U+00CD
    { 18, 32, 204, -1, 32, 19, 3748 }, // U+00CE
    { 17, 32, 204, -1, 32, 30, 3767 }, // U+00CF
    { 22, 24, 361, 0, 24, 17, 3797 }, // U+00D0
    { 26, 32, 404, 0, 32, 49, 3814 }, // U+00D1
    { 23, 33, 390, 1, 32, 16, 3863 }, // U+00D2
    { 23, 33, 390, 1, 32, 16, 3879 }, // U+00D3
    { 23, 33, 390, 1, 32, 20, 3895 }, // U+00D4
    { 23, 33, 390, 1, 32, 21, 3915 }, // U+00D5
    { 23, 33, 390, 1, 32, 19, 3936 }, // U+00D6
    { 16, 16, 305, 2, 20, 25, 3955 }, // U+00D7
    { 23, 28, 389, 1, 26, 36, 3980 }, // U+00D8
    { 22, 33, 369, 2, 32, 39, 4016 }, // U+00D9
    { 22, 33, 369, 2, 32, 17, 4055 }, // U+00DA
    { 22, 33, 369, 2, 32, 20, 4072 }, // U+00DB
    { 22, 33, 369, 2, 32, 19, 4092 }, // U+00DC
    { 19, 32, 301, 3, 32, 29, 4111 }, // U+00DD
    { 20, 24, 320, 0, 24, 28, 4140 }, // U+00DE
    { 27, 34, 351, -5, 26, 49, 4168 }, // U+00DF
    { 19, 27, 316, 1, 26, 16, 4217 }, // U+00E0
    { 19, 27, 316, 1, 26, 15, 4233 }, // U+00E1
    { 19, 27, 316, 1, 26, 19, 4248 }, // U+00E2
    { 19, 27, 316, 1, 26, 21, 4267 }, // U+00E3
    { 19, 27, 316, 1, 26, 19, 4288 }, // U+00E4
    { 19, 29, 316, 1, 28, 20, 4307 }, // U+00E5
    { 28, 20, 465, 1, 19, 50, 4327 }, // U+00E6
    { 16, 27, 258, 1, 19, 18, 4377 }, // U+00E7
    { 17, 27, 297, 1, 26, 16, 4395 }, // U+00E8
    { 18, 27, 297, 1, 26, 38, 4411 }, // U+00E9
    { 18, 27, 297, 1, 26, 22, 4449 }, // U+00EA
    { 17, 27, 297, 1, 26, 19, 4471 }, // U+00EB
    { 10, 26, 159, 0, 26, 19, 4490 }, // U+00EC
    { 14, 26, 159, 0, 26, 19, 4509 }, // U+00ED
    { 14, 26, 159, 0, 26, 17, 4528 }, // U+00EE
    { 13, 26, 159, 0, 26, 22, 4545 }, // U+00EF
    { 18, 27, 308, 1, 26, 42, 4567 }, // U+00F0
    { 20, 26, 323, 0, 26, 39, 4609 }, // U+00F1
    { 18, 27, 315, 1, 26, 15, 4648 }, // U+00F2
    { 18, 27, 315, 1, 26, 14, 4663 }, // U+00F3
    { 18, 27, 315, 1, 26, 17, 4677 }, // U+00F4
    { 19, 27, 315, 1, 26, 40, 4694 }, // U+00F5
    { 18, 27, 315, 1, 26, 18, 4734 }, // U+00F6
    { 17, 17, 305, 1, 20, 16, 4752 }, // U+00F7
    { 19, 22, 312, 0, 20, 37, 4768 }, // U+00F8
    { 19, 27, 323, 1, 26, 15, 4805 }, // U+00F9
    { 19, 27, 323, 1, 26, 14, 4820 }, // U+00FA
    { 19, 27, 323, 1, 26, 18, 4834 }, // U+00FB
    { 19, 27, 323, 1, 26, 18, 4852 }, // U+00FC
    { 23, 34, 277, -3, 26, 16, 4870 }, // U+00FD
    { 21, 34, 318, -2, 26, 23, 4886 }, // U+00FE
    { 23, 34, 277, -3, 26, 20, 4909 }, // U+00FF
    { 22, 30, 335, -2, 30, 16, 4929 }, // U+0100
    { 19, 25, 316, 1, 24, 15, 4945 }, // U+0101
    { 23, 32, 335, -2, 32, 19, 4960 }, // U+0102
    { 19, 27, 316, 1, 26, 18, 4979 }, // U+0103
    { 21, 33, 335, -2, 24, 19, 4997 }, // U+0104
    { 19, 28, 316, 1, 19, 18, 5016 }, // U+0105
    { 21, 33, 327, 1, 32, 16, 5034 }, // U+0106
    { 17, 27, 258, 1, 26, 31, 5050 }, // U+0107
    { 21, 33, 327, 1, 32, 20, 5081 }, // U+0108
    { 17, 27, 258, 1, 26, 19, 5101 }, // U+0109
    { 21, 33, 327, 1, 32, 16, 5120 }, // U+010A
    { 16, 27, 258, 1, 26, 13, 5136 }, // U+010B
    { 22, 33, 327, 1, 32, 40, 5149 }, // U+010C
    { 18, 27, 258, 1, 26, 33, 5189 }, // U+010D
    { 23, 32, 361, 0, 32, 44, 5222 }, // U+010E
    { 27, 27, 362, 1, 26, 40, 5266 }, // U+010F
    { 22, 24, 361, 0, 24, 12, 5306 }, // U+0110
    { 22, 27, 317, 1, 26, 43, 5318 }, // U+0111
    { 20, 30, 290, 0, 30, 14, 5361 }, // U+0112
    { 17, 25, 297, 1, 24, 15, 5375 }, // U+0113
    { 20, 32, 290, 0, 32, 18, 5390 }, // U+0114
    { 18, 27, 297, 1, 26, 20, 5408 }, // U+0115
    { 20, 32, 290, 0, 32, 15, 5428 }, // U+0116
    { 17, 27, 297, 1, 26, 15, 5443 }, // U+0117
    { 20, 33, 290, 0, 24, 19, 5458 }, // U+0118
    { 17, 27, 297, 1, 19, 19, 5477 }, // U+0119
    { 21, 32, 290, 0, 32, 36, 5496 }, // U+011A
    { 19, 27, 297, 1, 26, 43, 5532 }, // U+011B
    { 22, 33, 368, 1, 32, 22, 5575 }, // U+011C
    { 20, 34, 318, 0, 26, 21, 5597 }, // U+011D
    { 22, 33, 368, 1, 32, 23, 5618 }, // U+011E
    { 20, 34, 318, 0, 26, 20, 5641 }, // U+011F
    { 22, 33, 368, 1, 32, 18, 5661 }, // U+0120
    { 20, 34, 318, 0, 26, 16, 5679 }, // U+0121
    { 22, 33, 368, 1, 25, 20, 5695 }, // U+0122
    { 20, 34, 318, 0, 26, 16, 5715 }, // U+0123
    { 24, 32, 374, 0, 32, 40, 5731 }, // U+0124
    { 19, 33, 323, 0, 33, 34, 5771 }, // U+0125
    { 26, 24, 374, 0, 24, 41, 5805 }, // U+0126
    { 19, 26, 322, 0, 26, 35, 5846 }, // U+0127
    { 18, 32, 204, -1, 32, 20, 5881 }, // U+0128
    { 15, 26, 159, 0, 26, 25, 5901 }, // U+0129
    { 17, 30, 204, -1, 30, 14, 5926 }, // U+012A
    { 13, 24, 159, 0, 24, 13, 5940 }, // U+012B
    { 18, 32, 204, -1, 32, 16, 5953 }, // U+012C
    { 14, 26, 159, 0, 26, 16, 5969 }, // U+012D
    { 16, 33, 204, -1, 24, 16, 5985 }, // U+012E
    { 13, 35, 159, -2, 26, 26, 6001 }, // U+012F
    { 16, 32, 204, -1, 32, 14, 6027 }, // U+0130
    { 10, 19, 159, 0, 19, 5, 6041 }, // U+0131
    { 26, 32, 381, -1, 24, 43, 6046 }, // U+0132
    { 21, 34, 319, 0, 26, 41, 6089 }, // U+0133
    { 22, 40, 178, -6, 32, 33, 6130 }, // U+0134
    { 19, 34, 159, -5, 26, 28, 6163 }, // U+0135
    { 24, 32, 334, 0, 24, 19, 6191 }, // U+0136
    { 21, 34, 303, 0, 26, 18, 6210 }, // U+0137
    { 21, 19, 303, 0, 19, 12, 6228 }, // U+0138
    { 17, 32, 276, 0, 32, 25, 6240 }, // U+0139
    { 16, 33, 159, 0, 33, 23, 6265 }, // U+013A
    { 16, 32, 276, 0, 24, 13, 6288 }, // U+013B
    { 13, 34, 159, -2, 26, 22, 6301 }, // U+013C
    { 20, 24, 276, 0, 24, 22, 6323 }, // U+013D
    { 18, 26, 202, 0, 26, 22, 6345 }, // U+013E
    { 17, 24, 276, 0, 24, 13, 6367 }, // U+013F
    { 16, 26, 235, 0, 26, 14, 6380 }, // U+0140
    { 17, 24, 276, -1, 24, 26, 6394 }, // U+0141
    { 12, 26, 174, 0, 26, 23, 6420 }, // U+0142
    { 26, 32, 404, 0, 32, 21, 6443 }, // U+0143
    { 19, 26, 323, 0, 26, 33, 6464 }, // U+0144
    { 26, 32, 404, 0, 24, 19, 6497 }, // U+0145
    { 19, 27, 323, 0, 19, 16, 6516 }, // U+0146
    { 26, 32, 404, 0, 32, 24, 6532 }, // U+0147
    { 21, 26, 323, 0, 26, 37, 6556 }, // U+0148
    { 22, 24, 376, 0, 24, 37, 6593 }, // U+0149
    { 26, 31, 403, 0, 24, 39, 6630 }, // U+014A
    { 19, 27, 322, 0, 19, 16, 6669 }, // U+014B
    { 23, 31, 390, 1, 30, 16, 6685 }, // U+014C
    { 18, 25, 315, 1, 24, 13, 6701 }, // U+014D
    { 23, 33, 390, 1, 32, 20, 6714 }, // U+014E
    { 18, 27, 315, 1, 26, 17, 6734 }, // U+014F
    { 25, 33, 390, 1, 32, 46, 6751 }, // U+0150
    { 22, 27, 315, 1, 26, 39, 6797 }, // U+0151
    { 30, 26, 480, 2, 25, 40, 6836 }, // U+0152
    { 28, 20, 470, 1, 19, 45, 6876 }, // U+0153
    { 21, 32, 331, 0, 32, 44, 6921 }, // U+0154
    { 17, 26, 225, 0, 26, 26, 6965 }, // U+0155
    { 20, 32, 331, 0, 24, 39, 6991 }, // U+0156
    { 18, 27, 225, -2, 19, 26, 7030 }, // U+0157
    { 22, 32, 331, 0, 32, 47, 7056 }, // U+0158
    { 18, 26, 225, 0, 26, 28, 7103 }, // U+0159
    { 19, 33, 283, 0, 32, 15, 7131 }, // U+015A
    { 17, 27, 253, 0, 26, 35, 7146 }, // U+015B
    { 19, 33, 283, 0, 32, 19, 7181 }, // U+015C
    { 17, 27, 253, 0, 26, 20, 7200 }, // U+015D
    { 19, 33, 283, 0, 25, 20, 7220 }, // U+015E
    { 16, 27, 253, 0, 19, 19, 7240 }, // U+015F
    { 20, 33, 283, 0, 32, 40, 7259 }, // U+0160
    { 18, 27, 253, 0, 26, 39, 7299 }, // U+0161
    { 19, 32, 284, 2, 24, 17, 7338 }, // U+0162
    { 14, 31, 219, 1, 23, 19, 7355 }, // U+0163
    { 19, 32, 284, 2, 32, 28, 7374 }, // U+0164
    { 18, 27, 219, 1, 26, 29, 7402 }, // U+0165
    { 19, 24, 284, 2, 24, 14, 7431 }, // U+0166
    { 15, 24, 219, 0, 23, 29, 7445 }, // U+0167
    { 22, 33, 369, 2, 32, 22, 7474 }, // U+0168
    { 19, 27, 323, 1, 26, 19, 7496 }, // U+0169
    { 22, 31, 369, 2, 30, 15, 7515 }, // U+016A
    { 19, 25, 323, 1, 24, 14, 7530 }, // U+016B
    { 22, 33, 369, 2, 32, 19, 7544 }, // U+016C
    { 19, 27, 323, 1, 26, 18, 7563 }, // U+016D
    { 22, 35, 369, 2, 34, 23, 7581 }, // U+016E
    { 19, 29, 323, 1, 28, 20, 7604 }, // U+016F
    { 24, 33, 369, 2, 32, 43, 7624 }, // U+0170
    { 22, 27, 323, 1, 26, 37, 7667 }, // U+0171
    { 22, 33, 369, 2, 24, 19, 7704 }, // U+0172
    { 19, 28, 323, 1, 19, 18, 7723 }, // U+0173
    { 30, 32, 482, 3, 32, 45, 7741 }, // U+0174
    { 26, 26, 420, 2, 26, 21, 7786 }, // U+0175
    { 19, 32, 301, 3, 32, 20, 7807 }, // U+0176
    { 23, 34, 277, -3, 26, 21, 7827 }, // U+0177
    { 19, 32, 301, 3, 32, 19, 7848 }, // U+0178
    { 21, 32, 286, -1, 32, 32, 7867 }, // U+0179
    { 18, 26, 250, -1, 26, 28, 7899 }, // U+017A
    { 21, 32, 286, -1, 32, 16, 7927 }, // U+017B
    { 17, 26, 250, -1, 26, 13, 7943 }, // U+017C
    { 22, 32, 286, -1, 32, 37, 7956 }, // U+017D
    { 19, 26, 250, -1, 26, 32, 7993 }, // U+017E
    { 20, 34, 191, -4, 26, 25, 8025 }, // U+017F
    { 28, 27, 412, 2, 26, 39, 8050 }, // U+01A0
    { 24, 22, 343, 1, 21, 32, 8089 }, // U+01A1
    { 29, 27, 413, 2, 26, 37, 8121 }, // U+01AF
    { 27, 22, 379, 1, 21, 32, 8158 }, // U+01B0
    { 43, 32, 647, 0, 32, 68, 8190 }, // U+01C4
    { 41, 26, 604, 0, 26, 62, 8258 }, // U+01C5
    { 37, 27, 559, 1, 26, 67, 8320 }, // U+01C6
    { 29, 32, 453, 0, 24, 41, 8387 }, // U+01C7
    { 29, 34, 435, 0, 26, 38, 8428 }, // U+01C8
    { 21, 34, 319, 0, 26, 19, 8466 }, // U+01C9
    { 37, 32, 579, 0, 24, 64, 8485 }, // U+01CA
    { 36, 34, 561, 0, 26, 66, 8549 }, // U+01CB
    { 31, 34, 480, 0, 26, 50, 8615 }, // U+01CC
    { 24, 32, 335, -2, 32, 20, 8665 }, // U+01CD
    { 19, 27, 316, 1, 26, 18, 8685 }, // U+01CE
    { 19, 32, 204, -1, 32, 31, 8703 }, // U+01CF
    { 15, 26, 159, 0, 26, 19, 8734 }, // U+01D0
    { 23, 33, 390, 1, 32, 20, 8753 }, // U+01D1
    { 19, 27, 315, 1, 26, 34, 8773 }, // U+01D2
    { 22, 33, 369, 2, 32, 19, 8807 }, // U+01D3
    { 19, 27, 323, 1, 26, 17, 8826 }, // U+01D4
    { 22, 36, 369, 2, 35, 23, 8843 }, // U+01D5
    { 19, 30, 323, 1, 29, 23, 8866 }, // U+01D6
    { 22, 36, 369, 2, 35, 25, 8889 }, // U+01D7
    { 19, 31, 323, 1, 30, 25, 8914 }, // U+01D8
    { 22, 36, 369, 2, 35, 30, 8939 }, // U+01D9
    { 20, 31, 323, 1, 30, 47, 8969 }, // U+01DA
    { 22, 36, 369, 2, 35, 25, 9016 }, // U+01DB
    { 19, 31, 323, 1, 30, 24, 9041 }, // U+01DC
    { 18, 20, 297, 0, 19, 30, 9065 }, // U+01DD
    { 23, 35, 335, -2, 35, 26, 9095 }, // U+01DE
    { 19, 30, 316, 1, 29, 25, 9121 }, // U+01DF
    { 23, 34, 335, -2, 34, 20, 9146 }, // U+01E0
    { 19, 30, 316, 1, 29, 21, 9166 }, // U+01E1
    { 33, 30, 477, -2, 30, 18, 9187 }, // U+01E2
    { 28, 25, 465, 1, 24, 20, 9205 }, // U+01E3
    { 22, 26, 368, 1, 25, 33, 9225 }, // U+01E4
    { 20, 27, 317, 0, 19, 40, 9258 }, // U+01E5
    { 23, 33, 368, 1, 32, 48, 9298 }, // U+01E6
    { 20, 34, 318, 0, 26, 19, 9346 }, // U+01E7
    { 24, 32, 334, 0, 32, 44, 9365 }, // U+01E8
    { 21, 33, 303, 0, 33, 20, 9409 }, // U+01E9
    { 23, 34, 390, 1, 25, 20, 9429 }, // U+01EA
    { 18, 28, 315, 1, 19, 18, 9449 }, // U+01EB
    { 23, 39, 390, 1, 30, 19, 9467 }, // U+01EC
    { 18, 33, 315, 1, 24, 15, 9486 }, // U+01ED
    { 21, 33, 296, -1, 32, 43, 9501 }, // U+01EE
    { 21, 35, 292, -2, 26, 43, 9544 }, // U+01EF
    { 20, 34, 159, -5, 26, 27, 9587 }, // U+01F0
    { 43, 24, 647, 0, 24, 17, 9614 }, // U+01F1
    { 39, 24, 612, 0, 24, 52, 9631 }, // U+01F2
    { 35, 27, 567, 1, 26, 57, 9683 }, // U+01F3
    { 22, 33, 368, 1, 32, 19, 9740 }, // U+01F4
    { 20, 34, 318, 0, 26, 16, 9759 }, // U+01F5
    { 33, 25, 538, 0, 24, 43, 9775 }, // U+01F6
    { 23, 33, 344, -1, 25, 40, 9818 }, // U+01F7
    { 26, 32, 404, 0, 32, 21, 9858 }, // U+01F8
    { 19, 26, 323, 0, 26, 14, 9879 }, // U+01F9
    { 24, 32, 335, -2, 32, 46, 9893 }, // U+01FA
    { 20, 33, 316, 1, 32, 42, 9939 }, // U+01FB
    { 33, 32, 477, -2, 32, 20, 9981 }, // U+01FC
    { 28, 27, 465, 1, 26, 21, 10001 }, // U+01FD
    { 23, 33, 390, 1, 31, 20, 10022 }, // U+01FE
    { 19, 28, 312, 0, 26, 17, 10042 }, // U+01FF
    { 21, 32, 335, -2, 32, 21, 10059 }, // U+0200
    { 19, 27, 316, 1, 26, 20, 10080 }, // U+0201
    { 23, 32, 335, -2, 32, 18, 10100 }, // U+0202
    { 19, 27, 316, 1, 26, 19, 10118 }, // U+0203
    { 20, 32, 290, 0, 32, 20, 10137 }, // U+0204
    { 17, 27, 297, 1, 26, 23, 10157 }, // U+0205
    { 20, 32, 290, 0, 32, 19, 10180 }, // U+0206
    { 17, 27, 297, 1, 26, 18, 10199 }, // U+0207
    { 16, 32, 204, -1, 32, 21, 10217 }, // U+0208
    { 14, 26, 159, -2, 26, 25, 10238 }, // U+0209
    { 17, 32, 204, -1, 32, 18, 10263 }, // U+020A
    { 14, 26, 159, 0, 26, 15, 10281 }, // U+020B
    { 23, 33, 390, 1, 32, 22, 10296 }, // U+020C
    { 18, 27, 315, 1, 26, 20, 10318 }, // U+020D
    { 23, 33, 390, 1, 32, 18, 10338 }, // U+020E
    { 18, 27, 315, 1, 26, 17, 10356 }, // U+020F
    { 20, 32, 331, 0, 32, 50, 10373 }, // U+0210
    { 16, 26, 225, 0, 26, 20, 10423 }, // U+0211
    { 20, 32, 331, 0, 32, 47, 10443 }, // U+0212
    { 17, 26, 225, 0, 26, 17, 10490 }, // U+0213
    { 22, 33, 369, 2, 32, 21, 10507 }, // U+0214
    { 19, 27, 323, 1, 26, 20, 10528 }, // U+0215
    { 22, 33, 369, 2, 32, 19, 10548 }, // U+0216
    { 19, 27, 323, 1, 26, 16, 10567 }, // U+0217
    { 19, 33, 283, 0, 25, 17, 10583 }, // U+0218
    { 16, 27, 253, 0, 19, 15, 10600 }, // U+0219
    { 19, 32, 284, 2, 24, 13, 10615 }, // U+021A
    { 14, 31, 219, 1, 23, 15, 10628 }, // U+021B
    { 23, 31, 335, -2, 25, 44, 10643 }, // U+021C
    { 20, 27, 270, -3, 19, 37, 10687 }, // U+021D
    { 24, 32, 374, 0, 32, 22, 10724 }, // U+021E
    { 19, 33, 323, 0, 33, 27, 10746 }, // U+021F
    { 8, 6, 0, -14, 26, 7, 10773 }, // U+0300
    { 10, 6, 0, -8, 26, 6, 10780 }, // U+0301
    { 14, 6, 0, -5, 26, 11, 10786 }, // U+0302
    { 15, 6, 0, -15, 26, 12, 10797 }, // U+0303
    { 11, 4, 0, -3, 24, 6, 10809 }, // U+0304
    { 15, 5, 0, -4, 29, 7, 10815 }, // U+0305
    { 13, 6, 0, -3, 26, 11, 10822 }, // U+0306
    { 6, 6, 0, 0, 26, 7, 10833 }, // U+0307
    { 12, 6, 0, -3, 26, 11, 10840 }, // U+0308
    { 8, 9, 0, -10, 28, 11, 10851 }, // U+0309
    { 9, 8, 0, -1, 28, 12, 10862 }, // U+030A
    { 16, 6, 0, -4, 26, 12, 10874 }, // U+030B
    { 15, 6, 0, -4, 26, 12, 10886 }, // U+030C
    { 6, 10, 0, 0, 26, 7, 10898 }, // U+030D
    { 12, 7, 0, -3, 26, 10, 10905 }, // U+030E
    { 14, 6, 0, -16, 26, 14, 10915 }, // U+030F
    { 12, 9, 0, -3, 29, 17, 10929 }, // U+0310
    { 13, 6, 0, -4, 26, 11, 10946 }, // U+0311
    { 9, 9, 0, -2, 24, 8, 10957 }, // U+0312
    { 9, 9, 0, -2, 24, 7, 10965 }, // U+0313
    { 5, 9, 0, 0, 24, 7, 10972 }, // U+0314
    { 9, 9, 0, -2, 24, 5, 10979 }, // U+0315
    { 8, 6, 0, -7, -1, 8, 10984 }, // U+0316
    { 10, 6, 0, -8, -1, 5, 10992 }, // U+0317
    { 7, 8, 0, -6, 0, 8, 10997 }, // U+0318
    { 8, 8, 0, -7, 0, 7, 11005 }, // U+0319
    { 11, 10, 167, 2, 26, 10, 11012 }, // U+031A
    { 10, 9, 0, -2, 26, 9, 11022 }, // U+031B
    { 6, 9, 0, -2, 0, 9, 11031 }, // U+031C
    { 8, 6, 0, -7, -1, 7, 11040 }, // U+031D
    { 9, 6, 0, -7, -1, 7, 11047 }, // U+031E
    { 8, 8, 0, -7, 0, 10, 11054 }, // U+031F
    { 8, 3, 0, -7, -2, 4, 11064 }, // U+0320
    { 9, 10, 0, -7, 2, 10, 11068 }, // U+0321
    { 8, 10, 0, -4, 2, 10, 11078 }, // U+0322
    { 7, 6, 0, -16, -2, 6, 11088 }, // U+0323
    { 12, 6, 0, -9, -1, 6, 11094 }, // U+0324
    { 9, 8, 0, -7, 0, 8, 11100 }, // U+0325
    { 7, 6, 0, 2, -2, 6, 11108 }, // U+0326
    { 9, 8, 0, -7, 0, 9, 11114 }, // U+0327
    { 7, 9, 0, -6, 0, 9, 11123 }, // U+0328
    { 7, 10, 0, -6, -1, 7, 11132 }, // U+0329
    { 14, 7, 0, -10, -1, 11, 11139 }, // U+032A
    { 13, 4, 0, -9, -2, 13, 11150 }, // U+032B
    { 14, 6, 0, -9, -1, 11, 11163 }, // U+032C
    { 14, 6, 0, -10, -1, 10, 11174 }, // U+032D
    { 13, 6, 0, -9, -1, 10, 11184 }, // U+032E
    { 13, 6, 0, -9, -1, 11, 11194 }, // U+032F
    { 15, 6, 0, -10, -1, 6, 11205 }, // U+0330
    { 12, 4, 0, -9, -2, 6, 11211 }, // U+0331
    { 17, 3, 0, -11, -3, 6, 11217 }, // U+0332
    { 16, 8, 0, -11, 0, 13, 11223 }, // U+0333
    { 14, 6, 0, -7, 13, 13, 11236 }, // U+0334
    { 15, 5, 0, -8, 11, 6, 11249 }, // U+0335
    { 26, 5, 0, -13, 12, 8, 11255 }, // U+0336
    { 12, 9, 0, -6, 14, 13, 11263 }, // U+0337
    { 20, 28, 0, -10, 26, 20, 11276 }, // U+0338
    { 6, 9, 0, -3, 0, 8, 11296 }, // U+0339
    { 14, 7, 0, -10, -1, 11, 11304 }, // U+033A
    { 14, 8, 0, -10, 0, 13, 11315 }, // U+033B
    { 13, 4, 0, -9, -2, 12, 11328 }, // U+033C
    { 8, 7, 0, -1, 26, 13, 11340 }, // U+033D
    { 8, 10, 0, -1, 29, 10, 11353 }, // U+033E
    { 15, 8, 0, -4, 33, 13, 11363 }, // U+033F
    { 8, 6, 0, -3, 26, 6, 11376 }, // U+0340
    { 10, 6, 0, 0, 26, 7, 11382 }, // U+0341
    { 14, 6, 0, 5, 26, 6, 11389 }, // U+0342
    { 6, 7, 0, 0, 26, 8, 11395 }, // U+0343
    { 18, 6, 0, -5, 26, 16, 11403 }, // U+0344
    { 7, 6, 0, -5, -2, 7, 11419 }, // U+0345
    { 16, 7, 0, -5, 26, 12, 11426 }, // U+0346
    { 16, 8, 0, -11, 0, 6, 11438 }, // U+0347
    { 11, 7, 0, -8, -1, 10, 11444 }, // U+0348
    { 7, 6, 0, -6, -2, 6, 11454 }, // U+0349
    { 13, 8, 0, -4, 26, 15, 11460 }, // U+034A
    { 13, 14, 0, -3, 32, 26, 11475 }, // U+034B
    { 14, 9, 0, -4, 29, 22, 11501 }, // U+034C
    { 13, 7, 0, -9, -1, 15, 11523 }, // U+034D
    { 7, 8, 0, -6, 0, 9, 11538 }, // U+034E
    { 24, 24, 0, -12, 24, 78, 11547 }, // U+034F
    { 6, 8, 0, 0, 27, 10, 11625 }, // U+0350
    { 6, 9, 0, 4, 29, 7, 11635 }, // U+0351
    { 12, 9, 0, -3, 29, 17, 11642 }, // U+0352
    { 8, 7, 0, -6, -1, 12, 11659 }, // U+0353
    { 6, 7, 0, -5, -1, 9, 11671 }, // U+0354
    { 7, 7, 0, -5, -1, 11, 11680 }, // U+0355
    { 13, 7, 0, -8, -1, 19, 11691 }, // U+0356
    { 6, 9, 0, 3, 28, 9, 11710 }, // U+0357
    { 6, 6, 0, 0, 26, 4, 11719 }, // U+0358
    { 9, 7, 0, -7, -1, 16, 11723 }, // U+0359
    { 13, 8, 0, -9, 0, 19, 11739 }, // U+035A
    { 7, 8, 0, 0, 27, 9, 11758 }, // U+035B
    { 26, 7, 0, -15, -1, 18, 11767 }, // U+035C
    { 26, 7, 0, -10, 26, 13, 11785 }, // U+035D
    { 18, 4, 0, -6, 24, 6, 11798 }, // U+035E
    { 19, 4, 0, -12, -1, 8, 11804 }, // U+035F
    { 27, 6, 0, -10, 26, 18, 11812 }, // U+0360
    { 27, 7, 0, -10, 29, 19, 11830 }, // U+0361
    { 27, 8, 0, -17, 0, 16, 11849 }, // U+0362
    { 9, 9, 0, -1, 29, 12, 11865 }, // U+0363
    { 9, 9, 0, -1, 29, 15, 11877 }, // U+0364
    { 5, 11, 0, 1, 31, 9, 11892 }, // U+0365
    { 8, 9, 0, -1, 29, 11, 11901 }, // U+0366
    { 9, 8, 0, -1, 28, 12, 11912 }, // U+0367
    { 7, 9, 0, 0, 29, 9, 11924 }, // U+0368
    { 10, 11, 0, -1, 31, 14, 11933 }, // U+0369
    { 9, 11, 0, -2, 31, 14, 11947 }, // U+036A
    { 14, 9, 0, -4, 29, 17, 11961 }, // U+036B
    { 7, 9, 0, 0, 29, 8, 11978 }, // U+036C
    { 7, 10, 0, 0, 30, 12, 11986 }, // U+036D
    { 8, 8, 0, 0, 28, 12, 11998 }, // U+036E
    { 10, 8, 0, -2, 28, 12, 12010 }, // U+036F
    { 20, 32, 283, 0, 32, 25, 12022 }, // U+0400
    { 20, 32, 283, 0, 32, 19, 12047 }, // U+0401
    { 21, 25, 379, 2, 24, 35, 12066 }, // U+0402
    { 20, 32, 268, 0, 32, 25, 12101 }, // U+0403
    { 21, 26, 323, 1, 25, 22, 12126 }, // U+0404
    { 19, 26, 283, 0, 25, 11, 12148 }, // U+0405
    { 11, 24, 164, 0, 24, 14, 12159 }, // U+0406
    { 15, 32, 165, 0, 32, 25, 12173 }, // U+0407
    { 18, 32, 170, -6, 24, 20, 12198 }, // U+0408
    { 34, 25, 516, -2, 24, 48, 12218 }, // U+0409
    { 31, 24, 499, 0, 24, 44, 12266 }, // U+040A
    { 21, 24, 388, 2, 24, 15, 12310 }, // U+040B
    { 24, 32, 334, 0, 32, 33, 12325 }, // U+040C
    { 24, 32, 373, 0, 32, 46, 12358 }, // U+040D
    { 23, 33, 315, 0, 32, 42, 12404 }, // U+040E
    { 23, 30, 359, 0, 24, 35, 12446 }, // U+040F
    { 21, 24, 335, -2, 24, 15, 12481 }, // U+0410
    { 20, 24, 315, 0, 24, 27, 12496 }, // U+0411
    { 21, 24, 328, 0, 24, 12, 12523 }, // U+0412
    { 20, 24, 268, 0, 24, 14, 12535 }, // U+0413
    { 27, 30, 385, -3, 24, 42, 12549 }, // U+0414
    { 20, 24, 283, 0, 24, 9, 12591 }, // U+0415
    { 35, 24, 483, -2, 24, 52, 12600 }, // U+0416
    { 20, 26, 303, 0, 25, 35, 12652 }, // U+0417
    { 24, 24, 373, 0, 24, 12, 12687 }, // U+0418
    { 24, 32, 373, 0, 32, 23, 12699 }, // U+0419
    { 24, 24, 334, 0, 24, 12, 12722 }, // U+041A
    { 26, 25, 372, -2, 24, 33, 12734 }, // U+041B
    { 30, 24, 463, 0, 24, 31, 12767 }, // U+041C
    { 24, 24, 366, 0, 24, 31, 12798 }, // U+041D
    { 23, 26, 383, 1, 25, 19, 12829 }, // U+041E
    { 24, 24, 360, 0, 24, 30, 12848 }, // U+041F
    { 21, 24, 314, 0, 24, 27, 12878 }, // U+0420
    { 21, 26, 317, 1, 25, 14, 12905 }, // U+0421
    { 19, 24, 278, 2, 24, 10, 12919 }, // U+0422
    { 23, 25, 318, 0, 24, 12, 12929 }, // U+0423
    { 28, 26, 470, 1, 25, 48, 12941 }, // U+0424
    { 25, 24, 324, -2, 24, 19, 12989 }, // U+0425
    { 23, 30, 372, 0, 24, 21, 13008 }, // U+0426
    { 21, 24, 352, 2, 24, 29, 13029 }, // U+0427
    { 34, 24, 526, 0, 24, 42, 13058 }, // U+0428
    { 33, 29, 530, 0, 24, 48, 13100 }, // U+0429
    { 21, 24, 373, 2, 24, 29, 13148 }, // U+042A
    { 30, 24, 468, 0, 24, 41, 13177 }, // U+042B
    { 19, 24, 317, 0, 24, 25, 13218 }, // U+042C
    { 21, 26, 325, 0, 25, 32, 13243 }, // U+042D
    { 33, 26, 526, 0, 25, 49, 13275 }, // U+042E
    { 24, 24, 330, -2, 24, 33, 13324 }, // U+042F
    { 19, 20, 309, 0, 19, 30, 13357 }, // U+0430
    { 19, 27, 301, 1, 26, 39, 13387 }, // U+0431
    { 18, 20, 295, 0, 19, 33, 13426 }, // U+0432
    { 17, 20, 247, -1, 19, 30, 13459 }, // U+0433
    { 18, 27, 307, 1, 26, 37, 13489 }, // U+0434
    { 17, 20, 279, 1, 19, 30, 13526 }, // U+0435
    { 34, 20, 509, -1, 19, 51, 13556 }, // U+0436
    { 16, 20, 265, 0, 19, 30, 13607 }, // U+0437
    { 19, 20, 317, 1, 19, 21, 13637 }, // U+0438
    { 19, 27, 316, 1, 26, 19, 13658 }, // U+0439
    { 21, 19, 299, 0, 19, 27, 13677 }, // U+043A
    { 21, 20, 324, -1, 19, 24, 13704 }, // U+043B
    { 26, 19, 412, 0, 19, 37, 13728 }, // U+043C
    { 20, 19, 314, 0, 19, 26, 13765 }, // U+043D
    { 19, 20, 303, 0, 19, 28, 13791 }, // U+043E
    { 19, 19, 317, 0, 19, 18, 13819 }, // U+043F
    { 21, 27, 322, -2, 19, 21, 13837 }, // U+0440
    { 16, 20, 250, 0, 19, 22, 13858 }, // U+0441
    { 29, 19, 477, 0, 19, 41, 13880 }, // U+0442
    { 23, 27, 284, -3, 19, 30, 13921 }, // U+0443
    { 23, 34, 396, 1, 26, 47, 13951 }, // U+0444
    { 22, 19, 278, -2, 19, 28, 13998 }, // U+0445
    { 19, 24, 326, 1, 19, 17, 14026 }, // U+0446
    { 17, 19, 309, 2, 19, 24, 14043 }, // U+0447
    { 29, 20, 477, 1, 19, 38, 14067 }, // U+0448
    { 29, 24, 487, 1, 19, 20, 14105 }, // U+0449
    { 19, 20, 334, 1, 19, 28, 14125 }, // U+044A
    { 26, 20, 427, 1, 19, 36, 14153 }, // U+044B
    { 17, 20, 294, 1, 19, 25, 14189 }, // U+044C
    { 15, 20, 254, 0, 19, 25, 14214 }, // U+044D
    { 27, 20, 430, 0, 19, 38, 14239 }, // U+044E
    { 20, 19, 293, -2, 19, 27, 14277 }, // U+044F
    { 17, 27, 279, 1, 26, 16, 14304 }, // U+0450
    { 17, 26, 279, 1, 25, 18, 14320 }, // U+0451
    { 19, 34, 318, 0, 26, 38, 14338 }, // U+0452
    { 18, 27, 247, -1, 26, 37, 14376 }, // U+0453
    { 16, 20, 250, 0, 19, 23, 14413 }, // U+0454
    { 15, 20, 243, 0, 19, 27, 14436 }, // U+0455
    { 11, 26, 155, 0, 26, 15, 14463 }, // U+0456
    { 13, 26, 153, 0, 26, 20, 14478 }, // U+0457
    { 16, 34, 154, -5, 26, 22, 14498 }, // U+0458
    { 29, 20, 458, -1, 19, 37, 14520 }, // U+0459
    { 27, 20, 446, 0, 19, 38, 14557 }, // U+045A
    { 19, 26, 318, 0, 26, 32, 14595 }, // U+045B
    { 21, 26, 295, 0, 26, 33, 14627 }, // U+045C
    { 19, 27, 316, 1, 26, 15, 14660 }, // U+045D
    { 23, 34, 284, -3, 26, 21, 14675 }, // U+045E
    { 19, 26, 317, 1, 19, 17, 14696 }, // U+045F
    { 31, 24, 472, 2, 24, 47, 14713 }, // U+0460
    { 27, 19, 431, 2, 19, 35, 14760 }, // U+0461
    { 18, 24, 335, 2, 24, 34, 14795 }, // U+0462
    { 27, 20, 459, 0, 19, 37, 14829 }, // U+0463
    { 31, 26, 473, 0, 25, 49, 14866 }, // U+0464
    { 26, 20, 400, 0, 19, 40, 14915 }, // U+0465
    { 23, 24, 357, -2, 24, 37, 14955 }, // U+0466
    { 21, 19, 309, -3, 19, 33, 14992 }, // U+0467
    { 29, 24, 493, 0, 24, 54, 15025 }, // U+0468
    { 27, 19, 446, 0, 19, 41, 15079 }, // U+0469
    { 27, 24, 389, -2, 24, 44, 15120 }, // U+046A
    { 22, 19, 309, -2, 19, 31, 15164 }, // U+046B
    { 34, 24, 525, 0, 24, 59, 15195 }, // U+046C
    { 29, 19, 442, 0, 19, 44, 15254 }, // U+046D
    { 22, 37, 318, -2, 29, 58, 15298 }, // U+046E
    { 20, 31, 279, -2, 23, 49, 15356 }, // U+046F
    { 27, 24, 441, 3, 24, 42, 15405 }, // U+0470
    { 25, 34, 431, 1, 26, 42, 15447 }, // U+0471
    { 23, 26, 390, 1, 25, 22, 15489 }, // U+0472
    { 18, 20, 312, 1, 19, 16, 15511 }, // U+0473
    { 21, 24, 347, 3, 24, 32, 15527 }, // U+0474
    { 19, 19, 291, 1, 19, 24, 15559 }, // U+0475
    { 21, 32, 347, 3, 32, 37, 15583 }, // U+0476
    { 19, 26, 291, 1, 26, 21, 15620 }, // U+0477
    { 43, 33, 666, 1, 25, 64, 15641 }, // U+0478
    { 38, 27, 589, 1, 19, 57, 15705 }, // U+0479
    { 23, 29, 404, 2, 26, 42, 15762 }, // U+047A
    { 19, 22, 338, 1, 20, 34, 15804 }, // U+047B
    { 31, 36, 540, 2, 35, 73, 15838 }, // U+047C
    { 27, 31, 461, 1, 30, 63, 15911 }, // U+047D
    { 31, 31, 472, 2, 31, 22, 15974 }, // U+047E
    { 27, 25, 433, 2, 25, 21, 15996 }, // U+047F
    { 21, 33, 327, 1, 25, 20, 16017 }, // U+0480
    { 16, 27, 258, 1, 19, 17, 16037 }, // U+0481
    { 18, 22, 325, 1, 21, 37, 16054 }, // U+0482
    { 13, 7, 0, -13, 25, 9, 16091 }, // U+0483
    { 14, 6, 0, -14, 26, 12, 16100 }, // U+0484
    { 6, 8, 0, -9, 27, 9, 16112 }, // U+0485
    { 7, 8, 0, -10, 27, 8, 16121 }, // U+0486
    { 14, 6, 0, -3, 31, 13, 16129 }, // U+0487
    { 38, 36, 0, -19, 27, 61, 16142 }, // U+0488
    { 38, 38, 0, -19, 28, 54, 16203 }, // U+0489
    { 27, 39, 438, 0, 32, 58, 16257 }, // U+048A
    { 20, 34, 335, 1, 27, 32, 16315 }, // U+048B
    { 18, 24, 314, 0, 24, 34, 16347 }, // U+048C
    { 17, 27, 303, 1, 26, 32, 16381 }, // U+048D
    { 21, 24, 325, 0, 24, 15, 16413 }, // U+048E
    { 21, 27, 317, -2, 19, 20, 16428 }, // U+048F
    { 21, 29, 271, 0, 29, 18, 16448 }, // U+0490
    { 18, 24, 245, 0, 24, 16, 16466 }, // U+0491
    { 20, 24, 270, 0, 24, 20, 16482 }, // U+0492
    { 18, 19, 247, -1, 19, 18, 16502 }, // U+0493
    { 20, 33, 355, 0, 24, 35, 16520 }, // U+0494
    { 17, 28, 306, 0, 19, 28, 16555 }, // U+0495
    { 35, 31, 490, -3, 24, 54, 16583 }, // U+0496
    { 34, 26, 512, -1, 19, 42, 16637 }, // U+0497
    { 20, 34, 303, 0, 25, 20, 16679 }, // U+0498
    { 16, 28, 265, 0, 19, 19, 16699 }, // U+0499
    { 23, 31, 366, 0, 24, 40, 16718 }, // U+049A
    { 21, 26, 326, 0, 19, 25, 16758 }, // U+049B
    { 24, 24, 335, 0, 24, 29, 16783 }, // U+049C
    { 21, 19, 314, 1, 19, 31, 16812 }, // U+049D
    { 24, 24, 327, 0, 24, 29, 16843 }, // U+049E
    { 21, 26, 308, 0, 26, 25, 16872 }, // U+049F
    { 25, 24, 374, 2, 24, 38, 16897 }, // U+04A0
    { 23, 19, 346, 1, 19, 31, 16935 }, // U+04A1
    { 24, 31, 408, 0, 24, 28, 16966 }, // U+04A2
    { 21, 26, 357, 0, 19, 29, 16994 }, // U+04A3
    { 29, 24, 411, 0, 24, 34, 17023 }, // U+04A4
    { 26, 19, 379, 0, 19, 28, 17057 }, // U+04A5
    { 32, 33, 550, 0, 24, 50, 17085 }, // U+04A6
    { 27, 28, 461, 0, 19, 41, 17135 }, // U+04A7
    { 21, 27, 389, 2, 25, 43, 17176 }, // U+04A8
    { 18, 21, 327, 1, 19, 37, 17219 }, // U+04A9
    { 21, 34, 327, 1, 25, 18, 17256 }, // U+04AA
    { 16, 28, 258, 1, 19, 16, 17274 }, // U+04AB
    { 19, 31, 283, 2, 24, 17, 17290 }, // U+04AC
    { 30, 26, 494, 0, 19, 45, 17307 }, // U+04AD
    { 19, 24, 301, 3, 24, 9, 17352 }, // U+04AE
    { 18, 27, 273, 1, 19, 19, 17361 }, // U+04AF
    { 21, 24, 301, 1, 24, 35, 17380 }, // U+04B0
    { 20, 27, 273, -1, 19, 34, 17415 }, // U+04B1
    { 25, 31, 368, -2, 24, 23, 17449 }, // U+04B2
    { 22, 26, 319, -2, 19, 34, 17472 }, // U+04B3
    { 25, 31, 446, 2, 24, 40, 17506 }, // U+04B4
    { 21, 26, 364, 1, 19, 36, 17546 }, // U+04B5
    { 21, 31, 399, 3, 24, 38, 17582 }, // U+04B6
    { 18, 26, 341, 2, 19, 31, 17620 }, // U+04B7
    { 20, 24, 361, 3, 24, 37, 17651 }, // U+04B8
    { 18, 19, 322, 2, 19, 24, 17688 }, // U+04B9
    { 21, 24, 361, 0, 24, 31, 17712 }, // U+04BA
    { 19, 26, 323, 0, 26, 10, 17743 }, // U+04BB
    { 25, 26, 415, 1, 25, 43, 17753 }, // U+04BC
    { 22, 20, 352, 0, 19, 37, 17796 }, // U+04BD
    { 25, 32, 415, 1, 25, 17, 17833 }, // U+04BE
    { 22, 26, 352, 0, 19, 18, 17850 }, // U+04BF
    { 16, 24, 204, -1, 24, 9, 17868 }, // U+04C0
    { 35, 32, 483, -2, 32, 58, 17877 }, // U+04C1
    { 34, 27, 509, -1, 26, 26, 17935 }, // U+04C2
    { 23, 33, 369, 0, 24, 38, 17961 }, // U+04C3
    { 21, 28, 330, 0, 19, 31, 17999 }, // U+04C4
    { 26, 31, 405, -1, 24, 42, 18030 }, // U+04C5
    { 22, 26, 351, -1, 19, 36, 18072 }, // U+04C6
    { 24, 33, 374, 0, 24, 22, 18108 }, // U+04C7
    { 20, 28, 329, 0, 19, 31, 18130 }, // U+04C8
    { 25, 31, 408, 0, 24, 41, 18161 }, // U+04C9
    { 22, 26, 360, 0, 19, 35, 18202 }, // U+04CA
    { 20, 31, 359, 3, 24, 27, 18237 }, // U+04CB
    { 18, 26, 317, 2, 19, 22, 18264 }, // U+04CC
    { 31, 31, 504, 0, 24, 60, 18286 }, // U+04CD
    { 27, 26, 446, 0, 19, 46, 18346 }, // U+04CE
    { 16, 24, 204, -1, 24, 9, 18392 }, // U+04CF
    { 24, 32, 335, -2, 32, 19, 18401 }, // U+04D0
    { 19, 27, 316, 1, 26, 18, 18420 }, // U+04D1
    { 22, 32, 335, -2, 32, 13, 18438 }, // U+04D2
    { 19, 27, 316, 1, 26, 13, 18451 }, // U+04D3
    { 33, 24, 477, -2, 24, 13, 18464 }, // U+04D4
    { 28, 20, 465, 1, 19, 14, 18477 }, // U+04D5
    { 21, 32, 290, 0, 32, 18, 18491 }, // U+04D6
    { 19, 27, 297, 1, 26, 19, 18509 }, // U+04D7
    { 20, 26, 352, 1, 25, 34, 18528 }, // U+04D8
    { 18, 20, 297, 0, 19, 10, 18562 }, // U+04D9
    { 20, 33, 352, 1, 32, 19, 18572 }, // U+04DA
    { 18, 27, 297, 0, 26, 19, 18591 }, // U+04DB
    { 35, 32, 483, -2, 32, 58, 18610 }, // U+04DC
    { 34, 27, 509, -1, 26, 26, 18668 }, // U+04DD
    { 20, 33, 303, 0, 32, 20, 18694 }, // U+04DE
    { 17, 27, 265, 0, 26, 40, 18714 }, // U+04DF
    { 20, 25, 296, -1, 24, 32, 18754 }, // U+04E0
    { 20, 28, 292, -2, 19, 33, 18786 }, // U+04E1
    { 24, 30, 373, 0, 30, 17, 18819 }, // U+04E2
    { 19, 25, 323, 1, 24, 11, 18836 }, // U+04E3
    { 24, 32, 373, 0, 32, 20, 18847 }, // U+04E4
    { 19, 27, 323, 1, 26, 13, 18867 }, // U+04E5
    { 23, 33, 390, 1, 32, 17, 18880 }, // U+04E6
    { 18, 27, 315, 1, 26, 13, 18897 }, // U+04E7
    { 23, 26, 389, 1, 25, 10, 18910 }, // U+04E8
    { 18, 20, 315, 1, 19, 9, 18920 }, // U+04E9
    { 23, 33, 389, 1, 32, 20, 18929 }, // U+04EA
    { 18, 27, 315, 1, 26, 18, 18949 }, // U+04EB
    { 21, 33, 325, 0, 32, 19, 18967 }, // U+04EC
    { 16, 27, 254, 0, 26, 35, 18986 }, // U+04ED
    { 23, 31, 315, 0, 30, 17, 19021 }, // U+04EE
    { 23, 32, 277, -3, 24, 16, 19038 }, // U+04EF
    { 23, 33, 315, 0, 32, 21, 19054 }, // U+04F0
    { 23, 34, 277, -3, 26, 15, 19075 }, // U+04F1
    { 24, 33, 315, 0, 32, 45, 19090 }, // U+04F2
    { 24, 34, 277, -3, 26, 44, 19135 }, // U+04F3
    { 21, 32, 349, 2, 32, 37, 19179 }, // U+04F4
    { 17, 26, 308, 2, 26, 17, 19216 }, // U+04F5
    { 20, 31, 268, 0, 24, 22, 19233 }, // U+04F6
    { 17, 26, 247, 0, 19, 21, 19255 }, // U+04F7
    { 30, 32, 468, 0, 32, 50, 19276 }, // U+04F8
    { 26, 27, 429, 1, 26, 21, 19326 }, // U+04F9
    { 20, 33, 270, 0, 24, 29, 19347 }, // U+04FA
    { 18, 28, 247, -1, 19, 18, 19376 }, // U+04FB
    { 25, 33, 368, -2, 24, 27, 19394 }, // U+04FC
    { 22, 28, 319, -2, 19, 29, 19421 }, // U+04FD
    { 25, 24, 325, -2, 24, 23, 19450 }, // U+04FE
    { 22, 19, 283, -2, 19, 18, 19473 }, // U+04FF
    { 21, 32, 335, -2, 24, 17, 19491 }, // U+1EA0
    { 19, 27, 316, 1, 19, 17, 19508 }, // U+1EA1
    { 21, 34, 335, -2, 34, 22, 19525 }, // U+1EA2
    { 19, 29, 316, 1, 28, 17, 19547 }, // U+1EA3
    { 28, 33, 335, -2, 33, 46, 19564 }, // U+1EA4
    { 23, 29, 316, 1, 28, 45, 19610 }, // U+1EA5
    { 22, 33, 335, -2, 33, 23, 19655 }, // U+1EA6
    { 19, 29, 316, 1, 28, 24, 19678 }, // U+1EA7
    { 26, 35, 335, -2, 35, 49, 19702 }, // U+1EA8
    { 21, 31, 316, 1, 30, 48, 19751 }, // U+1EA9
    { 23, 36, 335, -2, 36, 31, 19799 }, // U+1EAA
    { 19, 31, 316, 1, 30, 30, 19830 }, // U+1EAB
    { 23, 40, 335, -2, 32, 21, 19860 }, // U+1EAC
    { 19, 34, 316, 1, 26, 20, 19881 }, // U+1EAD
    { 23, 34, 335, -2, 34, 24, 19901 }, // U+1EAE
    { 19, 30, 316, 1, 29, 25, 19925 }, // U+1EAF
    { 23, 34, 335, -2, 34, 25, 19950 }, // U+1EB0
    { 19, 30, 316, 1, 29, 24, 19975 }, // U+1EB1
    { 23, 35, 335, -2, 35, 26, 19999 }, // U+1EB2
    { 19, 31, 316, 1, 30, 28, 20025 }, // U+1EB3
    { 23, 36, 335, -2, 36, 30, 20053 }, // U+1EB4
    { 19, 31, 316, 1, 30, 26, 20083 }, // U+1EB5
    { 23, 40, 335, -2, 32, 21, 20109 }, // U+1EB6
    { 19, 34, 316, 1, 26, 20, 20130 }, // U+1EB7
    { 20, 32, 290, 0, 24, 15, 20150 }, // U+1EB8
    { 17, 27, 297, 1, 19, 17, 20165 }, // U+1EB9
    { 20, 34, 290, 0, 34, 18, 20182 }, // U+1EBA
    { 17, 29, 297, 1, 28, 21, 20200 }, // U+1EBB
    { 21, 32, 290, 0, 32, 18, 20221 }, // U+1EBC
    { 19, 27, 297, 1, 26, 21, 20239 }, // U+1EBD
    { 25, 33, 290, 0, 33, 38, 20260 }, // U+1EBE
    { 23, 29, 297, 1, 28, 48, 20298 }, // U+1EBF
    { 20, 33, 290, 0, 33, 22, 20346 }, // U+1EC0
    { 17, 29, 297, 1, 28, 25, 20368 }, // U+1EC1
    { 23, 35, 290, 0, 35, 42, 20393 }, // U+1EC2
    { 21, 31, 297, 1, 30, 50, 20435 }, // U+1EC3
    { 20, 36, 290, 0, 36, 30, 20485 }, // U+1EC4
    { 18, 31, 297, 1, 30, 34, 20515 }, // U+1EC5
    { 20, 40, 290, 0, 32, 25, 20549 }, // U+1EC6
    { 18, 34, 297, 1, 26, 28, 20574 }, // U+1EC7
    { 16, 34, 204, -1, 34, 18, 20602 }, // U+1EC8
    { 13, 28, 159, 0, 28, 18, 20620 }, // U+1EC9
    { 16, 32, 204, -1, 24, 15, 20638 }, // U+1ECA
    { 12, 34, 159, -1, 26, 24, 20653 }, // U+1ECB
    { 23, 33, 390, 1, 25, 18, 20677 }, // U+1ECC
    { 18, 27, 315, 1, 19, 15, 20695 }, // U+1ECD
    { 23, 35, 390, 1, 34, 20, 20710 }, // U+1ECE
    { 18, 29, 315, 1, 28, 19, 20730 }, // U+1ECF
    { 27, 34, 390, 1, 33, 50, 20749 }, // U+1ED0
    { 23, 29, 315, 1, 28, 36, 20799 }, // U+1ED1
    { 23, 34, 390, 1, 33, 23, 20835 }, // U+1ED2
    { 18, 29, 315, 1, 28, 23, 20858 }, // U+1ED3
    { 25, 36, 390, 1, 35, 29, 20881 }, // U+1ED4
    { 21, 31, 315, 1, 30, 36, 20910 }, // U+1ED5
    { 23, 37, 390, 1, 36, 30, 20946 }, // U+1ED6
    { 18, 31, 315, 1, 30, 29, 20976 }, // U+1ED7
    { 23, 40, 390, 1, 32, 20, 21005 }, // U+1ED8
    { 18, 34, 315, 1, 26, 19, 21025 }, // U+1ED9
    { 28, 33, 412, 2, 32, 16, 21044 }, // U+1EDA
    { 24, 27, 348, 1, 26, 15, 21060 }, // U+1EDB
    { 28, 33, 412, 2, 32, 18, 21075 }, // U+1EDC
    { 24, 27, 348, 1, 26, 17, 21093 }, // U+1EDD
    { 28, 35, 412, 2, 34, 22, 21110 }, // U+1EDE
    { 24, 29, 348, 1, 28, 20, 21132 }, // U+1EDF
    { 28, 33, 412, 2, 32, 23, 21152 }, // U+1EE0
    { 24, 27, 348, 1, 26, 21, 21175 }, // U+1EE1
    { 28, 34, 412, 2, 26, 20, 21196 }, // U+1EE2
    { 24, 29, 348, 1, 21, 17, 21216 }, // U+1EE3
    { 22, 32, 369, 2, 24, 16, 21233 }, // U+1EE4
    { 19, 27, 323, 1, 19, 16, 21249 }, // U+1EE5
    { 22, 35, 369, 2, 34, 20, 21265 }, // U+1EE6
    { 19, 29, 323, 1, 28, 19, 21285 }, // U+1EE7
    { 29, 33, 413, 2, 32, 19, 21304 }, // U+1EE8
    { 27, 27, 379, 1, 26, 17, 21323 }, // U+1EE9
    { 29, 33, 413, 2, 32, 19, 21340 }, // U+1EEA
    { 27, 27, 379, 1, 26, 17, 21359 }, // U+1EEB
    { 29, 35, 413, 2, 34, 23, 21376 }, // U+1EEC
    { 27, 29, 379, 1, 28, 21, 21399 }, // U+1EED
    { 29, 33, 413, 2, 32, 23, 21420 }, // U+1EEE
    { 27, 27, 379, 1, 26, 22, 21443 }, // U+1EEF
    { 29, 34, 413, 2, 26, 19, 21465 }, // U+1EF0
    { 27, 29, 379, 1, 21, 19, 21484 }, // U+1EF1
    { 19, 32, 301, 3, 32, 17, 21503 }, // U+1EF2
    { 23, 34, 277, -3, 26, 16, 21520 }, // U+1EF3
    { 19, 32, 301, 3, 24, 15, 21536 }, // U+1EF4
    { 23, 27, 277, -3, 19, 17, 21551 }, // U+1EF5
    { 19, 34, 301, 3, 34, 18, 21568 }, // U+1EF6
    { 23, 36, 277, -3, 28, 20, 21586 }, // U+1EF7
    { 19, 32, 301, 3, 32, 22, 21606 }, // U+1EF8
    { 23, 34, 277, -3, 26, 22, 21628 }, // U+1EF9
    { 0, 0, 267, 0, 0, 0, 21650 }, // U+2000
    { 0, 0, 533, 0, 0, 0, 21650 }, // U+2001
    { 0, 0, 267, 0, 0, 0, 21650 }, // U+2002
    { 0, 0, 533, 0, 0, 0, 21650 }, // U+2003
    { 0, 0, 178, 0, 0, 0, 21650 }, // U+2004
    { 0, 0, 133, 0, 0, 0, 21650 }, // U+2005
    { 0, 0, 89, 0, 0, 0, 21650 }, // U+2006
    { 0, 0, 294, 0, 0, 0, 21650 }, // U+2007
    { 0, 0, 153, 0, 0, 0, 21650 }, // U+2008
    { 0, 0, 89, 0, 0, 0, 21650 }, // U+2009
    { 0, 0, 53, 0, 0, 0, 21650 }, // U+200A
    { 0, 0, 0, 0, 0, 0, 21650 }, // U+200B
    { 0, 0, 0, 0, 0, 0, 21650 }, // U+200C
    { 0, 0, 0, 0, 0, 0, 21650 }, // U+200D
    { 9, 28, 0, -1, 23, 16, 21650 }, // U+200E
    { 9, 28, 0, -8, 23, 18, 21666 }, // U+200F
    { 10, 5, 172, 0, 11, 5, 21684 }, // U+2010
    { 10, 5, 172, 0, 11, 5, 21689 }, // U+2011
    { 17, 5, 294, 1, 14, 7, 21694 }, // U+2012
    { 16, 4, 256, 0, 11, 6, 21701 }, // U+2013
    { 32, 4, 512, 0, 11, 8, 21707 }, // U+2014
    { 32, 4, 512, 0, 11, 4, 21715 }, // U+2015
    { 13, 34, 294, 3, 26, 28, 21719 }, // U+2016
    { 16, 8, 213, -4, 0, 8, 21747 }, // U+2017
    { 9, 9, 116, 1, 24, 8, 21755 }, // U+2018
    { 9, 9, 116, 1, 24, 8, 21763 }, // U+2019
    { 9, 9, 149, -2, 4, 5, 21771 }, // U+201A
    { 6, 9, 115, 3, 24, 6, 21776 }, // U+201B
    { 17, 9, 231, 1, 24, 15, 21782 }, // U+201C
    { 16, 9, 231, 1, 24, 15, 21797 }, // U+201D
    { 16, 9, 265, -2, 4, 13, 21812 }, // U+201E
    { 13, 9, 231, 3, 24, 13, 21825 }, // U+201F
    { 15, 26, 274, 3, 26, 23, 21838 }, // U+2020
    { 17, 26, 274, 1, 26, 33, 21861 }, // U+2021
    { 10, 11, 201, 2, 18, 11, 21894 }, // U+2022
    { 11, 13, 188, 1, 19, 13, 21905 }, // U+2023
    { 7, 7, 267, 3, 6, 6, 21918 }, // U+2024
    { 16, 7, 307, 0, 6, 12, 21924 }, // U+2025
    { 25, 7, 444, 0, 6, 19, 21936 }, // U+2026
    { 7, 7, 172, 2, 13, 7, 21955 }, // U+2027
    { 0, 0, 320, 0, 0, 0, 21962 }, // U+2028
    { 0, 0, 320, 0, 0, 0, 21962 }, // U+2029
    { 9, 26, 0, -1, 21, 7, 21962 }, // U+202A
    { 9, 26, 0, -8, 21, 7, 21969 }, // U+202B
    { 8, 28, 0, -4, 23, 13, 21976 }, // U+202C
    { 8, 28, 0, -4, 23, 16, 21989 }, // U+202D
    { 8, 28, 0, -4, 23, 13, 22005 }, // U+202E
    { 0, 0, 89, 0, 0, 0, 22018 }, // U+202F
    { 39, 26, 649, 1, 25, 75, 22018 }, // U+2030
    { 51, 26, 843, 1, 25, 97, 22093 }, // U+2031
    { 10, 9, 151, 2, 24, 8, 22190 }, // U+2032
    { 18, 9, 274, 2, 24, 15, 22198 }, // U+2033
    { 25, 9, 396, 2, 24, 22, 22213 }, // U+2034
    { 9, 9, 151, 2, 24, 10, 22235 }, // U+2035
    { 17, 9, 274, 2, 24, 18, 22245 }, // U+2036
    { 24, 9, 396, 2, 24, 27, 22263 }, // U+2037
    { 12, 11, 188, -3, 3, 13, 22290 }, // U+2038
    { 10, 16, 174, 1, 17, 17, 22303 }, // U+2039
    { 10, 16, 173, 0, 17, 15, 22320 }, // U+203A
    { 27, 26, 451, 1, 25, 62, 22335 }, // U+203B
    { 20, 25, 299, 0, 24, 35, 22397 }, // U+203C
    { 15, 26, 245, 2, 25, 21, 22432 }, // U+203D
    { 16, 4, 267, 3, 29, 4, 22453 }, // U+203E
    { 17, 8, 286, -2, 0, 14, 22457 }, // U+203F
    { 18, 8, 286, 2, 27, 15, 22471 }, // U+2040
    { 17, 22, 205, -3, 14, 21, 22486 }, // U+2041
    { 38, 31, 615, -1, 26, 90, 22507 }, // U+2042
    { 10, 5, 173, 0, 11, 6, 22597 }, // U+2043
    { 22, 24, 67, -9, 24, 18, 22603 }, // U+2044
    { 15, 30, 177, -1, 24, 12, 22621 }, // U+2045
    { 15, 30, 177, -3, 24, 12, 22633 }, // U+2046
    { 30, 26, 483, 2, 25, 50, 22645 }, // U+2047
    { 25, 26, 402, 2, 25, 41, 22695 }, // U+2048
    { 26, 26, 397, 0, 25, 42, 22736 }, // U+2049
    { 17, 19, 284, 2, 19, 17, 22778 }, // U+204A
    { 18, 31, 332, 3, 26, 33, 22795 }, // U+204B
    { 18, 18, 342, 1, 19, 24, 22828 }, // U+204C
    { 18, 18, 342, 2, 19, 20, 22852 }, // U+204D
    { 17, 17, 289, -1, 9, 29, 22872 }, // U+204E
    { 9, 24, 152, 1, 19, 14, 22901 }, // U+204F
    { 22, 35, 286, -2, 27, 27, 22915 }, // U+2050
    { 20, 34, 289, -1, 26, 59, 22942 }, // U+2051
    { 14, 26, 225, 0, 25, 28, 23001 }, // U+2052
    { 32, 7, 533, 1, 13, 22, 23029 }, // U+2053
    { 17, 8, 286, -3, 0, 16, 23051 }, // U+2054
    { 19, 19, 306, 0, 18, 32, 23067 }, // U+2055
    { 16, 26, 298, 1, 25, 20, 23099 }, // U+2056
    { 30, 9, 471, 2, 24, 30, 23119 }, // U+2057
    { 26, 26, 453, 1, 25, 27, 23149 }, // U+2058
    { 26, 26, 454, 1, 25, 31, 23176 }, // U+2059
    { 7, 26, 146, 1, 25, 13, 23207 }, // U+205A
    { 22, 27, 381, 1, 26, 28, 23220 }, // U+205B
    { 27, 27, 442, 0, 25, 46, 23248 }, // U+205C
    { 7, 27, 150, 1, 26, 20, 23294 }, // U+205D
    { 6, 26, 152, 2, 25, 24, 23314 }, // U+205E
    { 0, 0, 118, 0, 0, 0, 23338 }, // U+205F
    { 0, 0, 320, 0, 0, 0, 23338 }, // U+2060
    { 0, 0, 320, 0, 0, 0, 23338 }, // U+2061
    { 0, 0, 320, 0, 0, 0, 23338 }, // U+2062
    { 0, 0, 320, 0, 0, 0, 23338 }, // U+2063
    { 0, 0, 320, 0, 0, 0, 23338 }, // U+2064
    { 0, 0, 320, 0, 0, 0, 23338 }, // U+2066
    { 0, 0, 320, 0, 0, 0, 23338 }, // U+2067
    { 0, 0, 320, 0, 0, 0, 23338 }, // U+2068
    { 0, 0, 320, 0, 0, 0, 23338 }, // U+2069
    { 8, 28, 0, -4, 23, 14, 23338 }, // U+206A
    { 8, 28, 0, -4, 23, 12, 23352 }, // U+206B
    { 8, 28, 0, -4, 23, 12, 23364 }, // U+206C
    { 8, 29, 0, -4, 24, 13, 23376 }, // U+206D
    { 8, 28, 0, -4, 23, 16, 23389 }, // U+206E
    { 8, 28, 0, -4, 23, 14, 23405 }, // U+206F
    { 12, 16, 202, 3, 29, 18, 23419 }, // U+2070
    { 7, 16, 130, 2, 25, 10, 23437 }, // U+2071
    { 14, 16, 202, 1, 29, 20, 23447 }, // U+2074
    { 13, 16, 202, 2, 29, 18, 23467 }, // U+2075
    { 12, 16, 202, 3, 29, 22, 23485 }, // U+2076
    { 13, 16, 202, 3, 29, 14, 23507 }, // U+2077
    { 13, 16, 202, 2, 29, 26, 23521 }, // U+2078
    { 12, 16, 202, 3, 29, 24, 23547 }, // U+2079
    { 11, 10, 201, 3, 25, 12, 23571 }, // U+207A
    { 11, 3, 201, 3, 21, 5, 23583 }, // U+207B
    { 10, 8, 215, 4, 24, 8, 23588 }, // U+207C
    { 8, 19, 119, 4, 30, 12, 23596 }, // U+207D
    { 9, 19, 119, 0, 30, 12, 23608 }, // U+207E
    { 12, 12, 210, 2, 21, 15, 23620 }, // U+207F
    { 12, 16, 202, -1, 11, 17, 23635 }, // U+2080
    { 11, 16, 202, -1, 11, 15, 23652 }, // U+2081
    { 13, 16, 202, -2, 11, 19, 23667 }, // U+2082
    { 13, 16, 202, -2, 11, 13, 23686 }, // U+2083
    { 13, 16, 202, -2, 11, 22, 23699 }, // U+2084
    { 13, 16, 202, -2, 11, 18, 23721 }, // U+2085
    { 13, 16, 202, -1, 11, 21, 23739 }, // U+2086
    { 13, 16, 202, -1, 11, 13, 23760 }, // U+2087
    { 13, 16, 202, -2, 11, 21, 23773 }, // U+2088
    { 12, 16, 202, -1, 11, 17, 23794 }, // U+2089
    { 10, 10, 201, 0, 8, 10, 23811 }, // U+208A
    { 10, 3, 201, 0, 4, 5, 23821 }, // U+208B
    { 11, 8, 215, 0, 6, 8, 23826 }, // U+208C
    { 9, 19, 119, 0, 13, 13, 23834 }, // U+208D
    { 9, 19, 119, -4, 13, 12, 23847 }, // U+208E
    { 12, 12, 205, -1, 8, 19, 23859 }, // U+2090
    { 11, 12, 190, -1, 8, 19, 23878 }, // U+2091
    { 11, 12, 205, -1, 8, 15, 23897 }, // U+2092
    { 14, 12, 185, -3, 8, 18, 23912 }, // U+2093
    { 12, 12, 190, -2, 8, 19, 23930 }, // U+2094
    { 13, 16, 238, -1, 12, 19, 23949 }, // U+2095
    { 14, 16, 210, -1, 12, 22, 23968 }, // U+2096
    { 8, 16, 135, -1, 12, 9, 23990 }, // U+2097
    { 19, 12, 342, -1, 8, 25, 23999 }, // U+2098
    { 13, 12, 210, -2, 8, 15, 24024 }, // U+2099
    { 14, 16, 207, -3, 8, 21, 24039 }, // U+209A
    { 10, 12, 179, -1, 8, 18, 24060 }, // U+209B
    { 9, 15, 141, -1, 11, 16, 24078 }, // U+209C
    { 19, 25, 305, 1, 25, 34, 24094 }, // U+20A0
    { 20, 28, 294, 1, 26, 49, 24128 }, // U+20A1
    { 20, 26, 305, 1, 25, 41, 24177 }, // U+20A2
    { 20, 24, 294, 0, 24, 26, 24218 }, // U+20A3
    { 22, 25, 294, -1, 25, 31, 24244 }, // U+20A4
    { 29, 27, 483, 0, 23, 25, 24275 }, // U+20A5
    { 21, 24, 310, 0, 24, 52, 24300 }, // U+20A6
    { 29, 25, 456, 0, 24, 50, 24352 }, // U+20A7
    { 31, 25, 478, 0, 24, 62, 24402 }, // U+20A8
    { 27, 24, 388, 0, 24, 56, 24464 }, // U+20A9
    { 28, 24, 461, 1, 24, 52, 24520 }, // U+20AA
    { 23, 32, 317, 0, 26, 49, 24572 }, // U+20AB
    { 21, 26, 294, 0, 25, 36, 24621 }, // U+20AC
    { 23, 24, 305, 0, 24, 30, 24657 }, // U+20AD
    { 20, 24, 283, 1, 24, 35, 24687 }, // U+20AE
    { 33, 33, 539, 0, 25, 61, 24722 }, // U+20AF
    { 22, 33, 315, -2, 25, 44, 24783 }, // U+20B0
    { 21, 24, 305, 0, 24, 42, 24827 }, // U+20B1
    { 22, 29, 368, 1, 26, 36, 24869 }, // U+20B2
    { 23, 24, 320, -2, 24, 43, 24905 }, // U+20B3
    { 20, 26, 304, 0, 25, 44, 24948 }, // U+20B4
    { 20, 29, 326, 2, 26, 35, 24992 }, // U+20B5
    { 24, 24, 360, 0, 23, 38, 25027 }, // U+20B6
    { 25, 28, 366, -1, 25, 54, 25065 }, // U+20B7
    { 19, 24, 282, 1, 24, 24, 25119 }, // U+20B8
    { 18, 24, 294, 2, 24, 35, 25143 }, // U+20B9
    { 19, 25, 294, 0, 24, 40, 25178 }, // U+20BA
    { 21, 26, 343, 2, 25, 50, 25218 }, // U+20BB
    { 27, 24, 435, -1, 24, 38, 25268 }, // U+20BC
    { 21, 24, 310, -1, 24, 35, 25306 }, // U+20BD
    { 23, 28, 326, -1, 28, 43, 25341 }, // U+20BE
    { 19, 32, 294, 0, 28, 48, 25384 }, // U+20BF
    { 10, 5, 172, 0, 11, 5, 25432 }, // U+2212
    { 32, 34, 380, -4, 26, 60, 25437 }, // U+FB00
    { 28, 34, 357, -4, 26, 49, 25497 }, // U+FB01
    { 28, 34, 357, -4, 26, 21, 25546 }, // U+FB02
    { 39, 34, 533, -4, 26, 75, 25567 }, // U+FB03
    { 39, 34, 533, -4, 26, 26, 25642 }, // U+FB04
    { 30, 34, 404, -4, 26, 50, 25668 }, // U+FB05
    { 31, 27, 471, 0, 26, 61, 25718 }, // U+FB06
    { 31, 32, 533, 1, 26, 55, 25779 }, // U+FFFD
};

static const EpdUnicodeInterval notosans_16_bolditalicIntervals[] = {
    { 0x0, 0x0, 0x0 },
    { 0xD, 0xD, 0x1 },
    { 0x20, 0x7E, 0x2 },
    { 0xA0, 0x17F, 0x61 },
    { 0x1A0, 0x1A1, 0x141 },
    { 0x1AF, 0x1B0, 0x143 },
    { 0x1C4, 0x21F, 0x145 },
    { 0x300, 0x36F, 0x1A1 },
    { 0x400, 0x4FF, 0x211 },
    { 0x1EA0, 0x1EF9, 0x311 },
    { 0x2000, 0x2064, 0x36B },
    { 0x2066, 0x2071, 0x3D0 },
    { 0x2074, 0x208E, 0x3DC },
    { 0x2090, 0x209C, 0x3F7 },
    { 0x20A0, 0x20BF, 0x404 },
    { 0x2212, 0x2212, 0x424 },
    { 0xFB00, 0xFB06, 0x425 },
    { 0xFFFD, 0xFFFD, 0x42C },
};

static const EpdKernClassEntry notosans_16_bolditalicKernLeftClasses[] = {
    { 0x0020, 1 }, // U+0020
    { 0x0022, 2 }, // "
    { 0x0026, 3 }, // &
    { 0x0027, 2 }, // '
    { 0x0028, 4 }, // (
    { 0x002C, 5 }, // ,
    { 0x002D, 6 }, // -
    { 0x002E, 5 }, // .
    { 0x0041, 7 }, // A
    { 0x0042, 8 }, // B
    { 0x0043, 9 }, // C
    { 0x0044, 10 }, // D
    { 0x0045, 11 }, // E
    { 0x0046, 12 }, // F
    { 0x004B, 13 }, // K
    { 0x004C, 14 }, // L
    { 0x004F, 10 }, // O
    { 0x0050, 15 }, // P
    { 0x0051, 10 }, // Q
    { 0x0052, 16 }, // R
    { 0x0054, 17 }, // T
    { 0x0055, 18 }, // U
    { 0x0056, 19 }, // V
    { 0x0057, 19 }, // W
    { 0x0058, 13 }, // X
    { 0x0059, 20 }, // Y
    { 0x005A, 21 }, // Z
    { 0x005B, 4 }, // [
    { 0x005F, 22 }, // _
    { 0x0061, 23 }, // a
    { 0x0062, 24 }, // b
    { 0x0063, 25 }, // c
    { 0x0065, 24 }, // e
    { 0x0066, 26 }, // f
    { 0x006B, 27 }, // k
    { 0x006F, 24 }, // o
    { 0x0070, 24 }, // p
    { 0x0072, 28 }, // r
    { 0x0074, 29 }, // t
    { 0x0076, 30 }, // v
    { 0x0077, 30 }, // w
    { 0x0078, 27 }, // x
    { 0x0079, 30 }, // y
    { 0x007B, 4 }, // {
    { 0x00A1, 31 }, // U+00A1
    { 0x00AB, 32 }, // U+00AB
    { 0x00BB, 33 }, // U+00BB
    { 0x00BF, 34 }, // U+00BF
    { 0x00C0, 7 }, // U+00C0
    { 0x00C1, 7 }, // U+00C1
    { 0x00C2, 7 }, // U+00C2
    { 0x00C3, 7 }, // U+00C3
    { 0x00C4, 7 }, // U+00C4
    { 0x00C5, 7 }, // U+00C5
    { 0x00C6, 11 }, // U+00C6
    { 0x00C7, 9 }, // U+00C7
    { 0x00C8, 11 }, // U+00C8
    { 0x00C9, 11 }, // U+00C9
    { 0x00CA, 11 }, // U+00CA
    { 0x00CB, 11 }, // U+00CB
    { 0x00D0, 10 }, // U+00D0
    { 0x00D2, 10 }, // U+00D2
    { 0x00D3, 10 }, // U+00D3
    { 0x00D4, 10 }, // U+00D4
    { 0x00D5, 10 }, // U+00D5
    { 0x00D6, 10 }, // U+00D6
    { 0x00D8, 10 }, // U+00D8
    { 0x00D9, 18 }, // U+00D9
    { 0x00DA, 18 }, // U+00DA
    { 0x00DB, 18 }, // U+00DB
    { 0x00DC, 18 }, // U+00DC
    { 0x00DD, 20 }, // U+00DD
    { 0x00DE, 15 }, // U+00DE
    { 0x00E0, 23 }, // U+00E0
    { 0x00E1, 23 }, // U+00E1
    { 0x00E2, 23 }, // U+00E2
    { 0x00E3, 23 }, // U+00E3
    { 0x00E4, 23 }, // U+00E4
    { 0x00E5, 23 }, // U+00E5
    { 0x00E6, 24 }, // U+00E6
    { 0x00E8, 24 }, // U+00E8
    { 0x00E9, 24 }, // U+00E9
    { 0x00EA, 24 }, // U+00EA
    { 0x00EB, 24 }, // U+00EB
    { 0x00EF, 35 }, // U+00EF
    { 0x00F0, 24 }, // U+00F0
    { 0x00F2, 24 }, // U+00F2
    { 0x00F3, 24 }, // U+00F3
    { 0x00F4, 24 }, // U+00F4
    { 0x00F5, 24 }, // U+00F5
    { 0x00F6, 24 }, // U+00F6
    { 0x00F8, 24 }, // U+00F8
    { 0x00FD, 30 }, // U+00FD
    { 0x00FE, 24 }, // U+00FE
    { 0x00FF, 30 }, // U+00FF
    { 0x0100, 7 }, // U+0100
    { 0x0101, 23 }, // U+0101
    { 0x0102, 7 }, // U+0102
    { 0x0103, 23 }, // U+0103
    { 0x0104, 7 }, // U+0104
    { 0x0105, 23 }, // U+0105
    { 0x0106, 9 }, // U+0106
    { 0x0108, 9 }, // U+0108
    { 0x010A, 9 }, // U+010A
    { 0x010C, 9 }, // U+010C
    { 0x010E, 10 }, // U+010E
    { 0x010F, 36 }, // U+010F
    { 0x0110, 10 }, // U+0110
    { 0x0112, 11 }, // U+0112
    { 0x0113, 24 }, // U+0113
    { 0x0114, 11 }, // U+0114
    { 0x0115, 24 }, // U+0115
    { 0x0116, 11 }, // U+0116
    { 0x0117, 24 }, // U+0117
    { 0x0118, 11 }, // U+0118
    { 0x0119, 24 }, // U+0119
    { 0x011A, 11 }, // U+011A
    { 0x011B, 24 }, // U+011B
    { 0x0129, 37 }, // U+0129
    { 0x012B, 35 }, // U+012B
    { 0x012E, 38 }, // U+012E
    { 0x0136, 13 }, // U+0136
    { 0x0137, 27 }, // U+0137
    { 0x0138, 27 }, // U+0138
    { 0x0139, 14 }, // U+0139
    { 0x013B, 14 }, // U+013B
    { 0x013D, 14 }, // U+013D
    { 0x013E, 36 }, // U+013E
    { 0x013F, 14 }, // U+013F
    { 0x0141, 14 }, // U+0141
    { 0x014C, 10 }, // U+014C
    { 0x014D, 24 }, // U+014D
    { 0x014E, 10 }, // U+014E
    { 0x014F, 24 }, // U+014F
    { 0x0150, 10 }, // U+0150
    { 0x0151, 24 }, // U+0151
    { 0x0152, 11 }, // U+0152
    { 0x0153, 24 }, // U+0153
    { 0x0155, 28 }, // U+0155
    { 0x0157, 28 }, // U+0157
    { 0x0159, 28 }, // U+0159
    { 0x0162, 17 }, // U+0162
    { 0x0163, 29 }, // U+0163
    { 0x0164, 17 }, // U+0164
    { 0x0165, 39 }, // U+0165
    { 0x0166, 17 }, // U+0166
    { 0x0167, 29 }, // U+0167
    { 0x0168, 18 }, // U+0168
    { 0x016A, 18 }, // U+016A
    { 0x016C, 18 }, // U+016C
    { 0x016E, 18 }, // U+016E
    { 0x0170, 18 }, // U+0170
    { 0x0172, 18 }, // U+0172
    { 0x0174, 19 }, // U+0174
    { 0x0175, 30 }, // U+0175
    { 0x0176, 20 }, // U+0176
    { 0x0177, 30 }, // U+0177
    { 0x0178, 20 }, // U+0178
    { 0x0179, 21 }, // U+0179
    { 0x017B, 21 }, // U+017B
    { 0x017D, 21 }, // U+017D
    { 0x01A0, 40 }, // U+01A0
    { 0x01A1, 41 }, // U+01A1
    { 0x01AF, 42 }, // U+01AF
    { 0x01B0, 43 }, // U+01B0
    { 0x01D0, 35 }, // U+01D0
    { 0x01FA, 7 }, // U+01FA
    { 0x01FB, 23 }, // U+01FB
    { 0x01FC, 11 }, // U+01FC
    { 0x01FD, 24 }, // U+01FD
    { 0x01FE, 10 }, // U+01FE
    { 0x01FF, 24 }, // U+01FF
    { 0x020B, 35 }, // U+020B
    { 0x021A, 17 }, // U+021A
    { 0x021B, 29 }, // U+021B
    { 0x0402, 44 }, // U+0402
    { 0x0403, 45 }, // U+0403
    { 0x0404, 46 }, // U+0404
    { 0x0405, 47 }, // U+0405
    { 0x0408, 48 }, // U+0408
    { 0x0409, 44 }, // U+0409
    { 0x040A, 44 }, // U+040A
    { 0x040B, 49 }, // U+040B
    { 0x040C, 50 }, // U+040C
    { 0x040E, 51 }, // U+040E
    { 0x0410, 52 }, // U+0410
    { 0x0411, 53 }, // U+0411
    { 0x0412, 54 }, // U+0412
    { 0x0413, 45 }, // U+0413
    { 0x0414, 55 }, // U+0414
    { 0x0416, 50 }, // U+0416
    { 0x0417, 54 }, // U+0417
    { 0x041A, 50 }, // U+041A
    { 0x041E, 56 }, // U+041E
    { 0x0420, 57 }, // U+0420
    { 0x0421, 46 }, // U+0421
    { 0x0422, 45 }, // U+0422
    { 0x0423, 51 }, // U+0423
    { 0x0424, 58 }, // U+0424
    { 0x0425, 50 }, // U+0425
    { 0x0426, 55 }, // U+0426
    { 0x0429, 55 }, // U+0429
    { 0x042A, 44 }, // U+042A
    { 0x042C, 44 }, // U+042C
    { 0x042D, 56 }, // U+042D
    { 0x042E, 56 }, // U+042E
    { 0x0430, 59 }, // U+0430
    { 0x0431, 60 }, // U+0431
    { 0x0432, 61 }, // U+0432
    { 0x0433, 62 }, // U+0433
    { 0x0434, 63 }, // U+0434
    { 0x0435, 62 }, // U+0435
    { 0x0436, 64 }, // U+0436
    { 0x0437, 61 }, // U+0437
    { 0x0438, 59 }, // U+0438
    { 0x0439, 59 }, // U+0439
    { 0x043A, 65 }, // U+043A
    { 0x043B, 59 }, // U+043B
    { 0x043C, 59 }, // U+043C
    { 0x043D, 59 }, // U+043D
    { 0x043E, 66 }, // U+043E
    { 0x043F, 67 }, // U+043F
    { 0x0440, 66 }, // U+0440
    { 0x0441, 64 }, // U+0441
    { 0x0442, 67 }, // U+0442
    { 0x0443, 68 }, // U+0443
    { 0x0444, 66 }, // U+0444
    { 0x0445, 65 }, // U+0445
    { 0x0446, 69 }, // U+0446
    { 0x0447, 59 }, // U+0447
    { 0x0448, 59 }, // U+0448
    { 0x0449, 69 }, // U+0449
    { 0x044A, 70 }, // U+044A
    { 0x044B, 59 }, // U+044B
    { 0x044C, 70 }, // U+044C
    { 0x044D, 66 }, // U+044D
    { 0x044E, 66 }, // U+044E
    { 0x044F, 59 }, // U+044F
    { 0x0450, 62 }, // U+0450
    { 0x0451, 62 }, // U+0451
    { 0x0452, 71 }, // U+0452
    { 0x0453, 62 }, // U+0453
    { 0x0454, 64 }, // U+0454
    { 0x0455, 72 }, // U+0455
    { 0x0457, 73 }, // U+0457
    { 0x0458, 74 }, // U+0458
    { 0x0459, 70 }, // U+0459
    { 0x045A, 70 }, // U+045A
    { 0x045B, 67 }, // U+045B
    { 0x045C, 65 }, // U+045C
    { 0x045D, 59 }, // U+045D
    { 0x045E, 75 }, // U+045E
    { 0x045F, 59 }, // U+045F
    { 0x0460, 51 }, // U+0460
    { 0x0461, 76 }, // U+0461
    { 0x0462, 77 }, // U+0462
    { 0x0463, 70 }, // U+0463
    { 0x0464, 46 }, // U+0464
    { 0x0466, 52 }, // U+0466
    { 0x0467, 78 }, // U+0467
    { 0x0468, 52 }, // U+0468
    { 0x0469, 78 }, // U+0469
    { 0x046E, 54 }, // U+046E
    { 0x046F, 61 }, // U+046F
    { 0x0472, 56 }, // U+0472
    { 0x0473, 66 }, // U+0473
    { 0x0474, 51 }, // U+0474
    { 0x0475, 76 }, // U+0475
    { 0x0476, 51 }, // U+0476
    { 0x0477, 76 }, // U+0477
    { 0x0478, 68 }, // U+0478
    { 0x0479, 68 }, // U+0479
    { 0x047A, 56 }, // U+047A
    { 0x047B, 66 }, // U+047B
    { 0x047C, 56 }, // U+047C
    { 0x047D, 66 }, // U+047D
    { 0x047E, 51 }, // U+047E
    { 0x047F, 76 }, // U+047F
    { 0x0480, 46 }, // U+0480
    { 0x048A, 55 }, // U+048A
    { 0x048B, 63 }, // U+048B
    { 0x048C, 77 }, // U+048C
    { 0x048D, 70 }, // U+048D
    { 0x048E, 57 }, // U+048E
    { 0x048F, 66 }, // U+048F
    { 0x0490, 79 }, // U+0490
    { 0x0491, 80 }, // U+0491
    { 0x0492, 81 }, // U+0492
    { 0x0493, 82 }, // U+0493
    { 0x0495, 83 }, // U+0495
    { 0x0496, 84 }, // U+0496
    { 0x0497, 85 }, // U+0497
    { 0x0498, 54 }, // U+0498
    { 0x0499, 61 }, // U+0499
    { 0x049A, 84 }, // U+049A
    { 0x049B, 85 }, // U+049B
    { 0x049C, 50 }, // U+049C
    { 0x049D, 64 }, // U+049D
    { 0x049E, 50 }, // U+049E
    { 0x049F, 64 }, // U+049F
    { 0x04A0, 50 }, // U+04A0
    { 0x04A1, 64 }, // U+04A1
    { 0x04A2, 55 }, // U+04A2
    { 0x04A3, 63 }, // U+04A3
    { 0x04A4, 81 }, // U+04A4
    { 0x04A5, 80 }, // U+04A5
    { 0x04A7, 83 }, // U+04A7
    { 0x04A9, 66 }, // U+04A9
    { 0x04AA, 46 }, // U+04AA
    { 0x04AC, 79 }, // U+04AC
    { 0x04AD, 63 }, // U+04AD
    { 0x04AE, 86 }, // U+04AE
    { 0x04AF, 87 }, // U+04AF
    { 0x04B0, 86 }, // U+04B0
    { 0x04B1, 87 }, // U+04B1
    { 0x04B2, 84 }, // U+04B2
    { 0x04B3, 85 }, // U+04B3
    { 0x04B4, 55 }, // U+04B4
    { 0x04B5, 63 }, // U+04B5
    { 0x04B6, 55 }, // U+04B6
    { 0x04B7, 63 }, // U+04B7
    { 0x04BB, 83 }, // U+04BB
    { 0x04BC, 88 }, // U+04BC
    { 0x04BD, 62 }, // U+04BD
    { 0x04BE, 88 }, // U+04BE
    { 0x04BF, 62 }, // U+04BF
    { 0x04C1, 50 }, // U+04C1
    { 0x04C2, 64 }, // U+04C2
    { 0x04C4, 64 }, // U+04C4
    { 0x04C5, 55 }, // U+04C5
    { 0x04C6, 63 }, // U+04C6
    { 0x04C9, 55 }, // U+04C9
    { 0x04CA, 63 }, // U+04CA
    { 0x04CD, 55 }, // U+04CD
    { 0x04CE, 63 }, // U+04CE
    { 0x04D0, 52 }, // U+04D0
    { 0x04D1, 23 }, // U+04D1
    { 0x04D2, 52 }, // U+04D2
    { 0x04D3, 23 }, // U+04D3
    { 0x04D5, 62 }, // U+04D5
    { 0x04D7, 62 }, // U+04D7
    { 0x04D8, 56 }, // U+04D8
    { 0x04D9, 66 }, // U+04D9
    { 0x04DA, 56 }, // U+04DA
    { 0x04DB, 66 }, // U+04DB
    { 0x04DC, 50 }, // U+04DC
    { 0x04DD, 64 }, // U+04DD
    { 0x04DE, 54 }, // U+04DE
    { 0x04DF, 61 }, // U+04DF
    { 0x04E6, 56 }, // U+04E6
    { 0x04E7, 66 }, // U+04E7
    { 0x04E8, 56 }, // U+04E8
    { 0x04E9, 66 }, // U+04E9
    { 0x04EA, 56 }, // U+04EA
    { 0x04EB, 66 }, // U+04EB
    { 0x04EC, 56 }, // U+04EC
    { 0x04ED, 66 }, // U+04ED
    { 0x04EE, 51 }, // U+04EE
    { 0x04EF, 68 }, // U+04EF
    { 0x04F0, 51 }, // U+04F0
    { 0x04F1, 68 }, // U+04F1
    { 0x04F2, 51 }, // U+04F2
    { 0x04F3, 68 }, // U+04F3
    { 0x04F5, 59 }, // U+04F5
    { 0x04F6, 79 }, // U+04F6
    { 0x04F7, 80 }, // U+04F7
    { 0x04F9, 59 }, // U+04F9
    { 0x04FA, 81 }, // U+04FA
    { 0x04FB, 82 }, // U+04FB
    { 0x04FC, 84 }, // U+04FC
    { 0x04FD, 85 }, // U+04FD
    { 0x04FE, 50 }, // U+04FE
    { 0x04FF, 85 }, // U+04FF
    { 0x1EA0, 7 }, // U+1EA0
    { 0x1EA1, 23 }, // U+1EA1
    { 0x1EA2, 7 }, // U+1EA2
    { 0x1EA3, 23 }, // U+1EA3
    { 0x1EA4, 7 }, // U+1EA4
    { 0x1EA5, 23 }, // U+1EA5
    { 0x1EA6, 7 }, // U+1EA6
    { 0x1EA7, 23 }, // U+1EA7
    { 0x1EA8, 7 }, // U+1EA8
    { 0x1EA9, 23 }, // U+1EA9
    { 0x1EAA, 7 }, // U+1EAA
    { 0x1EAB, 23 }, // U+1EAB
    { 0x1EAC, 7 }, // U+1EAC
    { 0x1EAD, 23 }, // U+1EAD
    { 0x1EAE, 7 }, // U+1EAE
    { 0x1EAF, 23 }, // U+1EAF
    { 0x1EB0, 7 }, // U+1EB0
    { 0x1EB1, 23 }, // U+1EB1
    { 0x1EB2, 7 }, // U+1EB2
    { 0x1EB3, 23 }, // U+1EB3
    { 0x1EB4, 7 }, // U+1EB4
    { 0x1EB5, 23 }, // U+1EB5
    { 0x1EB6, 7 }, // U+1EB6
    { 0x1EB7, 23 }, // U+1EB7
    { 0x1EB8, 11 }, // U+1EB8
    { 0x1EB9, 24 }, // U+1EB9
    { 0x1EBA, 11 }, // U+1EBA
    { 0x1EBB, 24 }, // U+1EBB
    { 0x1EBC, 11 }, // U+1EBC
    { 0x1EBD, 24 }, // U+1EBD
    { 0x1EBE, 11 }, // U+1EBE
    { 0x1EBF, 24 }, // U+1EBF
    { 0x1EC0, 11 }, // U+1EC0
    { 0x1EC1, 24 }, // U+1EC1
    { 0x1EC2, 11 }, // U+1EC2
    { 0x1EC3, 24 }, // U+1EC3
    { 0x1EC4, 11 }, // U+1EC4
    { 0x1EC5, 24 }, // U+1EC5
    { 0x1EC6, 11 }, // U+1EC6
    { 0x1EC7, 24 }, // U+1EC7
    { 0x1ECC, 10 }, // U+1ECC
    { 0x1ECD, 24 }, // U+1ECD
    { 0x1ECE, 10 }, // U+1ECE
    { 0x1ECF, 24 }, // U+1ECF
    { 0x1ED0, 10 }, // U+1ED0
    { 0x1ED1, 24 }, // U+1ED1
    { 0x1ED2, 10 }, // U+1ED2
    { 0x1ED3, 24 }, // U+1ED3
    { 0x1ED4, 10 }, // U+1ED4
    { 0x1ED5, 24 }, // U+1ED5
    { 0x1ED6, 10 }, // U+1ED6
    { 0x1ED7, 24 }, // U+1ED7
    { 0x1ED8, 10 }, // U+1ED8
    { 0x1ED9, 24 }, // U+1ED9
    { 0x1EDA, 40 }, // U+1EDA
    { 0x1EDB, 41 }, // U+1EDB
    { 0x1EDC, 40 }, // U+1EDC
    { 0x1EDD, 41 }, // U+1EDD
    { 0x1EDE, 40 }, // U+1EDE
    { 0x1EDF, 41 }, // U+1EDF
    { 0x1EE0, 40 }, // U+1EE0
    { 0x1EE1, 41 }, // U+1EE1
    { 0x1EE2, 40 }, // U+1EE2
    { 0x1EE3, 41 }, // U+1EE3
    { 0x1EE4, 18 }, // U+1EE4
    { 0x1EE6, 18 }, // U+1EE6
    { 0x1EE8, 42 }, // U+1EE8
    { 0x1EE9, 43 }, // U+1EE9
    { 0x1EEA, 42 }, // U+1EEA
    { 0x1EEB, 43 }, // U+1EEB
    { 0x1EEC, 42 }, // U+1EEC
    { 0x1EED, 43 }, // U+1EED
    { 0x1EEE, 42 }, // U+1EEE
    { 0x1EEF, 43 }, // U+1EEF
    { 0x1EF0, 42 }, // U+1EF0
    { 0x1EF1, 43 }, // U+1EF1
    { 0x1EF2, 20 }, // U+1EF2
    { 0x1EF3, 30 }, // U+1EF3
    { 0x1EF4, 20 }, // U+1EF4
    { 0x1EF5, 30 }, // U+1EF5
    { 0x1EF6, 20 }, // U+1EF6
    { 0x1EF7, 30 }, // U+1EF7
    { 0x1EF8, 20 }, // U+1EF8
    { 0x1EF9, 30 }, // U+1EF9
    { 0x2013, 6 }, // U+2013
    { 0x2014, 6 }, // U+2014
    { 0x2015, 6 }, // U+2015
    { 0x2018, 2 }, // U+2018
    { 0x2019, 2 }, // U+2019
    { 0x201A, 5 }, // U+201A
    { 0x201C, 2 }, // U+201C
    { 0x201D, 2 }, // U+201D
    { 0x201E, 5 }, // U+201E
    { 0x2039, 32 }, // U+2039
    { 0x203A, 33 }, // U+203A
    { 0x207D, 89 }, // U+207D
    { 0x208D, 90 }, // U+208D
    { 0xFB00, 26 }, // U+FB00
};

static const EpdKernClassEntry notosans_16_bolditalicKernRightClasses[] = {
    { 0x0021, 1 }, // !
    { 0x0022, 2 }, // "
    { 0x0026, 3 }, // &
    { 0x0027, 2 }, // '
    { 0x0029, 4 }, // )
    { 0x002C, 5 }, // ,
    { 0x002D, 6 }, // -
    { 0x002E, 5 }, // .
    { 0x003A, 7 }, // :
    { 0x003B, 7 }, // ;
    { 0x003F, 8 }, // ?
    { 0x0041, 9 }, // A
    { 0x0043, 10 }, // C
    { 0x0047, 10 }, // G
    { 0x0049, 11 }, // I
    { 0x004A, 12 }, // J
    { 0x004F, 10 }, // O
    { 0x0051, 10 }, // Q
    { 0x0053, 13 }, // S
    { 0x0054, 14 }, // T
    { 0x0055, 15 }, // U
    { 0x0056, 16 }, // V
    { 0x0057, 16 }, // W
    { 0x0058, 17 }, // X
    { 0x0059, 18 }, // Y
    { 0x005A, 19 }, // Z
    { 0x005D, 4 }, // ]
    { 0x0061, 20 }, // a
    { 0x0063, 21 }, // c
    { 0x0064, 21 }, // d
    { 0x0065, 21 }, // e
    { 0x0066, 22 }, // f
    { 0x0067, 23 }, // g
    { 0x006A, 24 }, // j
    { 0x006D, 25 }, // m
    { 0x006E, 25 }, // n
    { 0x006F, 21 }, // o
    { 0x0070, 25 }, // p
    { 0x0071, 21 }, // q
    { 0x0072, 25 }, // r
    { 0x0073, 26 }, // s
    { 0x0074, 27 }, // t
    { 0x0075, 25 }, // u
    { 0x0076, 28 }, // v
    { 0x0077, 28 }, // w
    { 0x0079, 28 }, // y
    { 0x007A, 29 }, // z
    { 0x007D, 4 }, // }
    { 0x00AB, 30 }, // U+00AB
    { 0x00BB, 31 }, // U+00BB
    { 0x00C0, 9 }, // U+00C0
    { 0x00C1, 9 }, // U+00C1
    { 0x00C2, 9 }, // U+00C2
    { 0x00C3, 9 }, // U+00C3
    { 0x00C4, 9 }, // U+00C4
    { 0x00C5, 9 }, // U+00C5
    { 0x00C6, 32 }, // U+00C6
    { 0x00C7, 10 }, // U+00C7
    { 0x00D2, 10 }, // U+00D2
    { 0x00D3, 10 }, // U+00D3
    { 0x00D4, 10 }, // U+00D4
    { 0x00D5, 10 }, // U+00D5
    { 0x00D6, 10 }, // U+00D6
    { 0x00D8, 10 }, // U+00D8
    { 0x00D9, 15 }, // U+00D9
    { 0x00DA, 15 }, // U+00DA
    { 0x00DB, 15 }, // U+00DB
    { 0x00DC, 15 }, // U+00DC
    { 0x00DD, 18 }, // U+00DD
    { 0x00DF, 24 }, // U+00DF
    { 0x00E0, 21 }, // U+00E0
    { 0x00E1, 20 }, // U+00E1
    { 0x00E2, 20 }, // U+00E2
    { 0x00E3, 20 }, // U+00E3
    { 0x00E4, 20 }, // U+00E4
    { 0x00E5, 20 }, // U+00E5
    { 0x00E6, 20 }, // U+00E6
    { 0x00E7, 21 }, // U+00E7
    { 0x00E8, 21 }, // U+00E8
    { 0x00E9, 21 }, // U+00E9
    { 0x00EA, 21 }, // U+00EA
    { 0x00EB, 21 }, // U+00EB
    { 0x00F1, 25 }, // U+00F1
    { 0x00F2, 21 }, // U+00F2
    { 0x00F3, 21 }, // U+00F3
    { 0x00F4, 21 }, // U+00F4
    { 0x00F5, 21 }, // U+00F5
    { 0x00F6, 21 }, // U+00F6
    { 0x00F8, 21 }, // U+00F8
    { 0x00F9, 25 }, // U+00F9
    { 0x00FA, 25 }, // U+00FA
    { 0x00FB, 25 }, // U+00FB
    { 0x00FC, 25 }, // U+00FC
    { 0x00FD, 28 }, // U+00FD
    { 0x00FF, 28 }, // U+00FF
    { 0x0100, 9 }, // U+0100
    { 0x0101, 20 }, // U+0101
    { 0x0102, 9 }, // U+0102
    { 0x0103, 20 }, // U+0103
    { 0x0104, 9 }, // U+0104
    { 0x0105, 20 }, // U+0105
    { 0x0106, 10 }, // U+0106
    { 0x0107, 21 }, // U+0107
    { 0x0108, 10 }, // U+0108
    { 0x0109, 21 }, // U+0109
    { 0x010A, 10 }, // U+010A
    { 0x010B, 21 }, // U+010B
    { 0x010C, 10 }, // U+010C
    { 0x010D, 21 }, // U+010D
    { 0x010F, 21 }, // U+010F
    { 0x0111, 21 }, // U+0111
    { 0x0113, 21 }, // U+0113
    { 0x0115, 21 }, // U+0115
    { 0x0117, 21 }, // U+0117
    { 0x0119, 21 }, // U+0119
    { 0x011B, 21 }, // U+011B
    { 0x011C, 10 }, // U+011C
    { 0x011D, 23 }, // U+011D
    { 0x011E, 10 }, // U+011E
    { 0x011F, 23 }, // U+011F
    { 0x0120, 10 }, // U+0120
    { 0x0121, 23 }, // U+0121
    { 0x0122, 10 }, // U+0122
    { 0x0123, 23 }, // U+0123
    { 0x0127, 33 }, // U+0127
    { 0x0129, 34 }, // U+0129
    { 0x0135, 24 }, // U+0135
    { 0x0138, 25 }, // U+0138
    { 0x0144, 25 }, // U+0144
    { 0x0146, 25 }, // U+0146
    { 0x0148, 25 }, // U+0148
    { 0x014B, 25 }, // U+014B
    { 0x014C, 10 }, // U+014C
    { 0x014D, 21 }, // U+014D
    { 0x014E, 10 }, // U+014E
    { 0x014F, 21 }, // U+014F
    { 0x0150, 10 }, // U+0150
    { 0x0151, 21 }, // U+0151
    { 0x0152, 10 }, // U+0152
    { 0x0153, 21 }, // U+0153
    { 0x0155, 25 }, // U+0155
    { 0x0157, 25 }, // U+0157
    { 0x015B, 26 }, // U+015B
    { 0x015D, 26 }, // U+015D
    { 0x015F, 26 }, // U+015F
    { 0x0161, 26 }, // U+0161
    { 0x0162, 14 }, // U+0162
    { 0x0163, 27 }, // U+0163
    { 0x0164, 14 }, // U+0164
    { 0x0165, 27 }, // U+0165
    { 0x0166, 14 }, // U+0166
    { 0x0167, 27 }, // U+0167
    { 0x0168, 15 }, // U+0168
    { 0x0169, 25 }, // U+0169
    { 0x016A, 15 }, // U+016A
    { 0x016B, 25 }, // U+016B
    { 0x016C, 15 }, // U+016C
    { 0x016D, 25 }, // U+016D
    { 0x016E, 15 }, // U+016E
    { 0x016F, 25 }, // U+016F
    { 0x0170, 15 }, // U+0170
    { 0x0171, 25 }, // U+0171
    { 0x0172, 15 }, // U+0172
    { 0x0173, 25 }, // U+0173
    { 0x0174, 16 }, // U+0174
    { 0x0175, 28 }, // U+0175
    { 0x0176, 18 }, // U+0176
    { 0x0177, 28 }, // U+0177
    { 0x0178, 18 }, // U+0178
    { 0x0179, 19 }, // U+0179
    { 0x017A, 29 }, // U+017A
    { 0x017B, 19 }, // U+017B
    { 0x017C, 29 }, // U+017C
    { 0x017D, 19 }, // U+017D
    { 0x017E, 29 }, // U+017E
    { 0x01A0, 10 }, // U+01A0
    { 0x01A1, 21 }, // U+01A1
    { 0x01AF, 15 }, // U+01AF
    { 0x01B0, 25 }, // U+01B0
    { 0x01FA, 9 }, // U+01FA
    { 0x01FB, 20 }, // U+01FB
    { 0x01FC, 32 }, // U+01FC
    { 0x01FD, 20 }, // U+01FD
    { 0x01FE, 10 }, // U+01FE
    { 0x01FF, 21 }, // U+01FF
    { 0x0219, 26 }, // U+0219
    { 0x021A, 14 }, // U+021A
    { 0x021B, 27 }, // U+021B
    { 0x0402, 35 }, // U+0402
    { 0x0404, 36 }, // U+0404
    { 0x0405, 37 }, // U+0405
    { 0x0408, 38 }, // U+0408
    { 0x0409, 39 }, // U+0409
    { 0x040B, 35 }, // U+040B
    { 0x040E, 40 }, // U+040E
    { 0x0410, 41 }, // U+0410
    { 0x0414, 42 }, // U+0414
    { 0x0416, 43 }, // U+0416
    { 0x0417, 44 }, // U+0417
    { 0x041B, 39 }, // U+041B
    { 0x041E, 36 }, // U+041E
    { 0x0421, 36 }, // U+0421
    { 0x0422, 35 }, // U+0422
    { 0x0423, 40 }, // U+0423
    { 0x0424, 45 }, // U+0424
    { 0x0425, 43 }, // U+0425
    { 0x0427, 46 }, // U+0427
    { 0x042A, 35 }, // U+042A
    { 0x042D, 44 }, // U+042D
    { 0x042F, 47 }, // U+042F
    { 0x0430, 48 }, // U+0430
    { 0x0431, 49 }, // U+0431
    { 0x0432, 48 }, // U+0432
    { 0x0433, 50 }, // U+0433
    { 0x0434, 51 }, // U+0434
    { 0x0435, 48 }, // U+0435
    { 0x0436, 52 }, // U+0436
    { 0x0437, 50 }, // U+0437
    { 0x0438, 53 }, // U+0438
    { 0x0439, 53 }, // U+0439
    { 0x043A, 54 }, // U+043A
    { 0x043B, 55 }, // U+043B
    { 0x043C, 54 }, // U+043C
    { 0x043D, 54 }, // U+043D
    { 0x043E, 48 }, // U+043E
    { 0x043F, 54 }, // U+043F
    { 0x0440, 54 }, // U+0440
    { 0x0441, 48 }, // U+0441
    { 0x0442, 54 }, // U+0442
    { 0x0443, 56 }, // U+0443
    { 0x0444, 48 }, // U+0444
    { 0x0445, 57 }, // U+0445
    { 0x0446, 53 }, // U+0446
    { 0x0447, 58 }, // U+0447
    { 0x0448, 53 }, // U+0448
    { 0x0449, 53 }, // U+0449
    { 0x044A, 59 }, // U+044A
    { 0x044B, 53 }, // U+044B
    { 0x044C, 53 }, // U+044C
    { 0x044D, 52 }, // U+044D
    { 0x044E, 54 }, // U+044E
    { 0x044F, 60 }, // U+044F
    { 0x0450, 48 }, // U+0450
    { 0x0451, 48 }, // U+0451
    { 0x0452, 61 }, // U+0452
    { 0x0453, 50 }, // U+0453
    { 0x0454, 48 }, // U+0454
    { 0x0455, 62 }, // U+0455
    { 0x0457, 63 }, // U+0457
    { 0x0458, 64 }, // U+0458
    { 0x0459, 55 }, // U+0459
    { 0x045A, 54 }, // U+045A
    { 0x045B, 61 }, // U+045B
    { 0x045C, 54 }, // U+045C
    { 0x045D, 53 }, // U+045D
    { 0x045E, 65 }, // U+045E
    { 0x045F, 53 }, // U+045F
    { 0x0460, 66 }, // U+0460
    { 0x0461, 67 }, // U+0461
    { 0x0462, 68 }, // U+0462
    { 0x0465, 69 }, // U+0465
    { 0x0466, 41 }, // U+0466
    { 0x0467, 70 }, // U+0467
    { 0x0469, 69 }, // U+0469
    { 0x046D, 69 }, // U+046D
    { 0x046E, 44 }, // U+046E
    { 0x046F, 50 }, // U+046F
    { 0x0470, 46 }, // U+0470
    { 0x0471, 69 }, // U+0471
    { 0x0472, 71 }, // U+0472
    { 0x0473, 72 }, // U+0473
    { 0x0474, 66 }, // U+0474
    { 0x0475, 67 }, // U+0475
    { 0x0476, 66 }, // U+0476
    { 0x0477, 67 }, // U+0477
    { 0x0478, 71 }, // U+0478
    { 0x0479, 72 }, // U+0479
    { 0x047A, 71 }, // U+047A
    { 0x047B, 72 }, // U+047B
    { 0x047C, 71 }, // U+047C
    { 0x047D, 72 }, // U+047D
    { 0x047E, 66 }, // U+047E
    { 0x047F, 67 }, // U+047F
    { 0x0480, 71 }, // U+0480
    { 0x0481, 72 }, // U+0481
    { 0x048B, 69 }, // U+048B
    { 0x048C, 68 }, // U+048C
    { 0x048D, 61 }, // U+048D
    { 0x048F, 69 }, // U+048F
    { 0x0491, 69 }, // U+0491
    { 0x0492, 68 }, // U+0492
    { 0x0495, 69 }, // U+0495
    { 0x0496, 43 }, // U+0496
    { 0x0497, 50 }, // U+0497
    { 0x0498, 44 }, // U+0498
    { 0x0499, 50 }, // U+0499
    { 0x049B, 69 }, // U+049B
    { 0x049D, 69 }, // U+049D
    { 0x049E, 68 }, // U+049E
    { 0x049F, 61 }, // U+049F
    { 0x04A0, 73 }, // U+04A0
    { 0x04A1, 59 }, // U+04A1
    { 0x04A3, 69 }, // U+04A3
    { 0x04A5, 69 }, // U+04A5
    { 0x04A7, 69 }, // U+04A7
    { 0x04A8, 71 }, // U+04A8
    { 0x04A9, 72 }, // U+04A9
    { 0x04AA, 71 }, // U+04AA
    { 0x04AB, 72 }, // U+04AB
    { 0x04AC, 35 }, // U+04AC
    { 0x04AD, 69 }, // U+04AD
    { 0x04AE, 74 }, // U+04AE
    { 0x04AF, 75 }, // U+04AF
    { 0x04B0, 74 }, // U+04B0
    { 0x04B1, 75 }, // U+04B1
    { 0x04B2, 43 }, // U+04B2
    { 0x04B3, 52 }, // U+04B3
    { 0x04B4, 73 }, // U+04B4
    { 0x04B5, 59 }, // U+04B5
    { 0x04B6, 46 }, // U+04B6
    { 0x04B7, 58 }, // U+04B7
    { 0x04B8, 46 }, // U+04B8
    { 0x04B9, 58 }, // U+04B9
    { 0x04BB, 69 }, // U+04BB
    { 0x04BC, 76 }, // U+04BC
    { 0x04BD, 77 }, // U+04BD
    { 0x04BE, 76 }, // U+04BE
    { 0x04BF, 77 }, // U+04BF
    { 0x04C1, 43 }, // U+04C1
    { 0x04C2, 52 }, // U+04C2
    { 0x04C4, 69 }, // U+04C4
    { 0x04C5, 78 }, // U+04C5
    { 0x04C6, 70 }, // U+04C6
    { 0x04C8, 69 }, // U+04C8
    { 0x04CA, 69 }, // U+04CA
    { 0x04CB, 46 }, // U+04CB
    { 0x04CC, 58 }, // U+04CC
    { 0x04CE, 69 }, // U+04CE
    { 0x04D0, 41 }, // U+04D0
    { 0x04D1, 79 }, // U+04D1
    { 0x04D2, 41 }, // U+04D2
    { 0x04D3, 79 }, // U+04D3
    { 0x04D4, 41 }, // U+04D4
    { 0x04D5, 79 }, // U+04D5
    { 0x04D7, 72 }, // U+04D7
    { 0x04D8, 80 }, // U+04D8
    { 0x04D9, 50 }, // U+04D9
    { 0x04DA, 80 }, // U+04DA
    { 0x04DB, 50 }, // U+04DB
    { 0x04DC, 43 }, // U+04DC
    { 0x04DD, 52 }, // U+04DD
    { 0x04DE, 44 }, // U+04DE
    { 0x04DF, 50 }, // U+04DF
    { 0x04E3, 69 }, // U+04E3
    { 0x04E5, 69 }, // U+04E5
    { 0x04E6, 71 }, // U+04E6
    { 0x04E7, 72 }, // U+04E7
    { 0x04E8, 71 }, // U+04E8
    { 0x04E9, 72 }, // U+04E9
    { 0x04EA, 71 }, // U+04EA
    { 0x04EB, 72 }, // U+04EB
    { 0x04EC, 44 }, // U+04EC
    { 0x04ED, 52 }, // U+04ED
    { 0x04EE, 40 }, // U+04EE
    { 0x04EF, 56 }, // U+04EF
    { 0x04F0, 40 }, // U+04F0
    { 0x04F1, 56 }, // U+04F1
    { 0x04F2, 40 }, // U+04F2
    { 0x04F3, 56 }, // U+04F3
    { 0x04F4, 46 }, // U+04F4
    { 0x04F5, 58 }, // U+04F5
    { 0x04F7, 69 }, // U+04F7
    { 0x04F9, 53 }, // U+04F9
    { 0x04FA, 68 }, // U+04FA
    { 0x04FC, 43 }, // U+04FC
    { 0x04FD, 52 }, // U+04FD
    { 0x04FE, 43 }, // U+04FE
    { 0x04FF, 52 }, // U+04FF
    { 0x1EA0, 9 }, // U+1EA0
    { 0x1EA1, 20 }, // U+1EA1
    { 0x1EA2, 9 }, // U+1EA2
    { 0x1EA3, 20 }, // U+1EA3
    { 0x1EA4, 9 }, // U+1EA4
    { 0x1EA5, 20 }, // U+1EA5
    { 0x1EA6, 9 }, // U+1EA6
    { 0x1EA7, 20 }, // U+1EA7
    { 0x1EA8, 9 }, // U+1EA8
    { 0x1EA9, 20 }, // U+1EA9
    { 0x1EAA, 9 }, // U+1EAA
    { 0x1EAB, 20 }, // U+1EAB
    { 0x1EAC, 9 }, // U+1EAC
    { 0x1EAD, 20 }, // U+1EAD
    { 0x1EAE, 9 }, // U+1EAE
    { 0x1EAF, 20 }, // U+1EAF
    { 0x1EB0, 9 }, // U+1EB0
    { 0x1EB1, 20 }, // U+1EB1
    { 0x1EB2, 9 }, // U+1EB2
    { 0x1EB3, 20 }, // U+1EB3
    { 0x1EB4, 9 }, // U+1EB4
    { 0x1EB5, 20 }, // U+1EB5
    { 0x1EB6, 9 }, // U+1EB6
    { 0x1EB7, 20 }, // U+1EB7
    { 0x1EB9, 21 }, // U+1EB9
    { 0x1EBB, 21 }, // U+1EBB
    { 0x1EBD, 21 }, // U+1EBD
    { 0x1EBF, 21 }, // U+1EBF
    { 0x1EC1, 21 }, // U+1EC1
    { 0x1EC3, 21 }, // U+1EC3
    { 0x1EC5, 21 }, // U+1EC5
    { 0x1EC7, 21 }, // U+1EC7
    { 0x1ECC, 10 }, // U+1ECC
    { 0x1ECD, 21 }, // U+1ECD
    { 0x1ECE, 10 }, // U+1ECE
    { 0x1ECF, 21 }, // U+1ECF
    { 0x1ED0, 10 }, // U+1ED0
    { 0x1ED1, 21 }, // U+1ED1
    { 0x1ED2, 10 }, // U+1ED2
    { 0x1ED3, 21 }, // U+1ED3
    { 0x1ED4, 10 }, // U+1ED4
    { 0x1ED5, 21 }, // U+1ED5
    { 0x1ED6, 10 }, // U+1ED6
    { 0x1ED7, 21 }, // U+1ED7
    { 0x1ED8, 10 }, // U+1ED8
    { 0x1ED9, 21 }, // U+1ED9
    { 0x1EDA, 10 }, // U+1EDA
    { 0x1EDB, 21 }, // U+1EDB
    { 0x1EDC, 10 }, // U+1EDC
    { 0x1EDD, 21 }, // U+1EDD
    { 0x1EDE, 10 }, // U+1EDE
    { 0x1EDF, 21 }, // U+1EDF
    { 0x1EE0, 10 }, // U+1EE0
    { 0x1EE1, 21 }, // U+1EE1
    { 0x1EE2, 10 }, // U+1EE2
    { 0x1EE3, 21 }, // U+1EE3
    { 0x1EE4, 15 }, // U+1EE4
    { 0x1EE5, 25 }, // U+1EE5
    { 0x1EE6, 15 }, // U+1EE6
    { 0x1EE7, 25 }, // U+1EE7
    { 0x1EE8, 15 }, // U+1EE8
    { 0x1EE9, 25 }, // U+1EE9
    { 0x1EEA, 15 }, // U+1EEA
    { 0x1EEB, 25 }, // U+1EEB
    { 0x1EEC, 15 }, // U+1EEC
    { 0x1EED, 25 }, // U+1EED
    { 0x1EEE, 15 }, // U+1EEE
    { 0x1EEF, 25 }, // U+1EEF
    { 0x1EF0, 15 }, // U+1EF0
    { 0x1EF1, 25 }, // U+1EF1
    { 0x1EF2, 18 }, // U+1EF2
    { 0x1EF3, 28 }, // U+1EF3
    { 0x1EF4, 18 }, // U+1EF4
    { 0x1EF5, 28 }, // U+1EF5
    { 0x1EF6, 18 }, // U+1EF6
    { 0x1EF7, 28 }, // U+1EF7
    { 0x1EF8, 18 }, // U+1EF8
    { 0x1EF9, 28 }, // U+1EF9
    { 0x2013, 6 }, // U+2013
    { 0x2014, 6 }, // U+2014
    { 0x2015, 6 }, // U+2015
    { 0x2018, 81 }, // U+2018
    { 0x2019, 2 }, // U+2019
    { 0x201A, 5 }, // U+201A
    { 0x201C, 81 }, // U+201C
    { 0x201D, 2 }, // U+201D
    { 0x201E, 5 }, // U+201E
    { 0x2026, 5 }, // U+2026
    { 0x2039, 30 }, // U+2039
    { 0x203A, 31 }, // U+203A
    { 0x207E, 82 }, // U+207E
    { 0x208E, 83 }, // U+208E
    { 0xFB00, 22 }, // U+FB00
};

static const int8_t notosans_16_bolditalicKernMatrix[] = {
       0,    0,    0,    0,    0,    0,    0,    0,    0,    0,    0,    0,    0,    0,    0,    0,    0,    0,    0,    0,    0,    0,    0,    0,    0,    0,    0,    0,    0,    0,    0,    0,    0,    0,    0,    0,    0,    0,    0,    0,    0,    0,    0,    0,    0,    0,    0,    0,    0,    0,    0,    0,    0,    0,    0,    0,    0,    0,    0,    0,    0,    0,    0,    0,    0,    0,    0,    0,    0,    0,  -11,  -11,    0,    0,    0,    0,    0,    0,    0,    0,    0,    0,    0,
       0,    0,    0,    0,    0,    0,    0,    0,  -37,    0,    0,    0,    0,   11,    0,   11,    0,    5,    0,  -21,  -32,    0,  -16,    0,  -16,  -16,    0,    0,    0,    0,    0,    0,    0,   34,   11,    0,   16,    0,  -27,   16,  -37,  -32,   16,   21,    0,   11,    0,    0,    0,    5,    0,    0,    0,    0,  -16,   11,    0,    0,    0,    0,   21,    0,   21,    0,   11,    0,    0,    0,   -5,  -37,    0,  -32,    0,    0,    0,    0,    0,  -32,  -11,    0,    0,    0,    0,
       0,    0,    0,    0,    0,    0,    0,    0,    0,    0,    0,    0,    0,  -32,    0,  -21,    0,  -32,    0,    0,    0,    0,    0,    0,    0,    0,    0,    0,    0,    0,    0,    0,    0,    0,    0,    0,    0,    0,    0,    0,    0,    0,    0,    0,    0,    0,    0,    0,    0,    0,    0,    0,    0,    0,    0,    0,    0,    0,    0,    0,    0,    0,    0,    0,    0,    0,    0,    0,    0,    0,    0,    0,    0,    0,    0,    0,    0,    0,    0,    0,    0,    0,    0,
       0,    0,    0,    0,    0,    0,    0,    0,    0,    0,    0,   48,    0,    0,    0,    0,    0,    0,    0,    0,    0,   21,    0,   21,    0,    0,    0,    0,    0,    0,    0,    0,    0,    0,   16,    0,    0,   59,   -5,    0,    0,   21,   11,   16,  -11,    0,    0,    0,    0,    0,    0,    0,    0,    0,    0,   16,    0,    0,    0,    0,   21,    0,   16,   48,   16,    0,    0,    0,    0,    0,    0,    0,    0,    0,    0,    0,    0,    0,    0,    0,    0,    0,    0,
       0,    0,    0,    0,    0,    0,    0,    0,    0,  -27,    0,    0,    0,  -37,  -11,  -32,    0,  -32,    0,    0,    0,    0,    0,    0,    0,    0,    0,    0,    0,    0,    0,    0,    0,    0,  -32,    0,    0,    0,    0,    0,    0,    0,    0,    0,  -21,  -43,    0,    0,    0,    0,    0,    0,    0,    0,    0,    0,    0,  -32,  -27,    0,    0,    0,    0,    0,    0,  -32,    0,    0,    0,    0,  -27,    0,  -37,  -32,    0,  -32,    0,    0,    0,    0,    0,    0,    0,
       0,    0,    0,    0,    0,    0,    0,    0,    0,    0,    0,    0,    0,  -21,    0,    0,    0,    0,    0,    0,    0,    0,    0,    0,    0,    0,    0,    0,    0,    0,    0,    0,    0,    0,  -21,    0,    0,    0,    0,  -11,    0,   -5,  -11,    0,    0,  -27,    0,    0,    0,    0,    0,    0,    0,    0,   -5,   -5,   -5,  -11,  -11,    0,    0,    0,    0,    0,   -5,    0,    0,    0,    0,    0,    0,    0,  -21,    0,    0,    0,    0,    0,    0,    0,    0,    0,    0,
       0,  -37,    0,    0,    0,    0,    0,    0,    0,  -11,    0,   40,    0,  -27,    0,   -5,    0,  -16,    0,    0,    0,    0,    0,    0,    0,    0,    0,    0,    0,    0,    0,    0,    0,    0,    0,    0,    0,    0,    0,    0,    0,    0,    0,    0,    0,    0,    0,    0,    0,    0,    0,    0,    0,    0,    0,    0,    0,    0,    0,    0,    0,    0,    0,    0,    0,    0,    0,    0,    0,    0,    0,    0,    0,    0,    0,    0,    0,    0,    0,    0,    0,    0,    0,
       0,    0,    0,    0,  -11,    0,    0,    0,    0,    0,    0,    0,    0,    0,    0,    0,    0,    0,    0,    0,    0,    0,    0,    0,    0,    0,    0,    0,    0,    0,    0,    0,    0,    0,    0,    0,    0,    0,    0,    0,    0,    0,    0,    0,    0,    0,    0,    0,    0,    0,    0,    0,    0,    0,    0,    0,    0,    0,    0,    0,    0,    0,    0,    0,    0,    0,    0,    0,    0,    0,    0,    0,    0,    0,    0,    0,    0,    0,    0,    0,    0,    0,    0,
       0,    0,   -5,    0,    0,    0,    0,    0,    0,  -11,    0,    0,    0,    0,    0,    0,    0,    0,    0,    0,    0,    0,    0,    0,    0,    0,    0,    0,    0,  -11,    0,    0,    0,    0,    0,    0,    0,    0,    0,    0,    0,    0,    0,    0,    0,    0,    0,    0,    0,    0,    0,    0,    0,    0,    0,    0,    0,    0,    0,    0,    0,    0,    0,    0,    0,    0,    0,    0,    0,    0,    0,    0,    0,    0,    0,    0,    0,    0,    0,    0,    0,    0,    0,
       0,    0,    0,    0,  -21,    0,    0,    0,  -11,    0,    0,    0,    0,  -16,    0,   -5,  -11,   -5,   -5,    0,    0,    0,    0,    0,    0,    0,    0,    0,    0,    0,    0,    0,    0,    0,    0,    0,   -5,    0,    0,    0,    0,    0,    0,    0,    0,    0,    0,    0,    0,    0,    0,    0,    0,    0,    0,    0,    0,    0,    0,    0,    0,    0,    0,    0,    0,    0,    0,    0,    0,    0,    0,    0,    0,    0,    0,    0,    0,    0,    0,    0,    0,    0,    0,
       0,    0,    0,    0,    0,    0,    0,    0,    0,    0,    0,   32,    0,    0,    0,    0,    0,    0,    0,    0,    0,    0,    0,    0,    0,    0,    0,    0,    0,    0,    0,    0,    0,    0,    0,    0,    0,    0,    0,    0,    0,    0,    0,    0,    0,    0,    0,    0,    0,    0,    0,    0,    0,    0,    0,    0,    0,    0,    0,    0,    0,    0,    0,    0,    0,    0,    0,    0,    0,    0,    0,    0,    0,    0,    0,    0,    0,    0,    0,    0,    0,    0,    0,
       0,    0,    0,    0,  -32,    0,    0,   11,  -11,    0,    0,    0,    0,    0,    0,    0,    0,    0,    0,    0,    0,    0,    0,    0,    0,    0,    0,    0,    0,    0,    0,    0,    0,    0,    0,    0,    0,    0,    0,    0,    0,    0,    0,    0,    0,    0,    0,    0,    0,    0,    0,    0,    0,    0,    0,    0,    0,    0,    0,    0,    0,    0,    0,    0,    0,    0,    0,    0,    0,    0,    0,    0,    0,    0,    0,    0,    0,    0,    0,    0,    0,    0,    0,
       0,    0,    0,    0,    0,    0,    0,    0,    0,  -11,    0,    0,    0,    0,    0,    0,    0,    0,    0,    0,    0,    0,    0,    0,    0,    0,    0,    0,    0,  -11,    0,    0,    0,    0,    0,    0,    0,    0,    0,    0,    0,    0,    0,    0,    0,    0,    0,    0,    0,    0,    0,    0,    0,    0,    0,    0,    0,    0,    0,    0,    0,    0,    0,    0,    0,    0,    0,    0,    0,    0,    0,    0,    0,    0,    0,    0,    0,    0,    0,    0,    0,    0,    0,
       0,  -43,    0,    0,    0,    0,    0,    0,    0,  -11,    0,    0,    0,  -21,   -5,  -11,    0,  -21,    0,    0,    0,    0,    0,    0,    0,    0,    0,    0,    0,  -21,    0,    0,    0,    0,    0,    0,    0,    0,    0,    0,    0,    0,    0,    0,    0,    0,    0,    0,    0,    0,    0,    0,    0,    0,    0,    0,    0,    0,    0,    0,    0,    0,    0,    0,    0,    0,    0,    0,    0,    0,    0,    0,    0,    0,    0,    0,    0,    0,    0,    0,    0,    0,    0,
       0,    0,  -11,    0,  -69,    0,    0,    0,  -27,    0,    0,    0,    0,    0,    0,    0,  -11,    0,   -5,    0,    0,    0,    0,    0,    0,    0,    0,    0,    0,   -5,    0,    0,    0,    0,    0,    0,    0,    0,    0,    0,    0,    0,    0,    0,    0,    0,    0,    0,    0,    0,    0,    0,    0,    0,    0,    0,    0,    0,    0,    0,    0,    0,    0,    0,    0,    0,    0,    0,    0,    0,    0,    0,    0,    0,    0,    0,    0,    0,    0,    0,    0,    0,    0,
       0,    0,    0,    0,    0,    0,    0,    0,    0,    0,    0,    0,    0,    0,    0,    0,    0,    0,    0,    0,    0,    0,    0,    0,    0,    0,    0,    0,    0,   -5,    0,    0,    0,    0,    0,    0,    0,    0,    0,    0,    0,    0,    0,    0,    0,    0,    0,    0,    0,    0,    0,    0,    0,    0,    0,    0,    0,    0,    0,    0,    0,    0,    0,    0,    0,    0,    0,    0,    0,    0,    0,    0,    0,    0,    0,    0,    0,    0,    0,    0,    0,    0,    0,
       0,    0,  -11,    0,  -32,  -21,    0,   11,  -27,  -11,    0,    0,    0,    5,    0,    0,    0,    0,    0,  -43,  -37,    0,  -37,    0,  -27,  -32,    0,  -11,  -21,  -32,  -21,    0,    0,    0,    0,    0,    0,    0,    0,    0,    0,    0,    0,    0,    0,    0,    0,    0,    0,    0,    0,    0,    0,    0,    0,    0,    0,    0,    0,    0,    0,    0,    0,    0,    0,    0,    0,    0,    0,    0,    0,    0,    0,    0,    0,    0,    0,    0,    0,    0,    0,    0,    0,
       0,    0,    0,    0,  -11,    0,    0,    0,   -5,    0,    0,    0,    0,    0,    0,    0,    0,    0,    0,    0,    0,    0,    0,    0,    0,    0,    0,    0,    0,    0,    0,    0,    0,    0,    0,    0,    0,    0,    0,    0,    0,    0,    0,    0,    0,    0,    0,    0,    0,    0,    0,    0,    0,    0,    0,    0,    0,    0,    0,    0,    0,    0,    0,    0,    0,    0,    0,    0,    0,    0,    0,    0,    0,    0,    0,    0,    0,    0,    0,    0,    0,    0,    0,
       0,    0,   -5,    0,  -27,    0,    0,   11,   -5,   -5,    0,    0,    0,    0,    0,    0,    0,    0,    0,  -11,  -11,    0,   -5,    0,   -5,   -5,    0,    0,    0,  -21,  -11,    0,    0,    0,    0,    0,    0,    0,    0,    0,    0,    0,    0,    0,    0,    0,    0,    0,    0,    0,    0,    0,    0,    0,    0,    0,    0,    0,    0,    0,    0,    0,    0,    0,    0,    0,    0,    0,    0,    0,    0,    0,    0,    0,    0,    0,    0,    0,    0,    0,    0,    0,    0,
       0,    0,  -16,    0,  -32,    0,    0,   11,  -16,  -11,    0,    0,    0,    0,    0,    0,    0,    0,    0,  -27,  -27,    0,  -11,    0,  -16,  -21,    0,    0,  -11,  -21,  -21,  -11,    0,    0,    0,    0,    0,    0,    0,    0,    0,    0,    0,    0,    0,    0,    0,    0,    0,    0,    0,    0,    0,    0,    0,    0,    0,    0,    0,    0,    0,    0,    0,    0,    0,    0,    0,    0,    0,    0,    0,    0,    0,    0,    0,    0,    0,    0,    0,    0,    0,    0,    0,
       0,    0,  -11,    0,    0,    0,    0,    0,    0,   -5,    0,    0,    0,    0,    0,    0,    0,    0,    0,    0,    0,    0,    0,    0,    0,    0,    0,    0,    0,   -5,    0,    0,    0,    0,    0,    0,    0,    0,    0,    0,    0,    0,    0,    0,    0,    0,    0,    0,    0,    0,    0,    0,    0,    0,    0,    0,    0,    0,    0,    0,    0,    0,    0,    0,    0,    0,    0,    0,    0,    0,    0,    0,    0,    0,    0,    0,    0,    0,    0,    0,    0,    0,    0,
       0,    0,    0,    0,    0,    0,    0,    0,    0,    0,    0,   58,    0,    0,    0,    0,    0,    0,    0,    0,    0,    0,    0,    0,    0,    0,    0,    0,    0,    0,    0,    0,    0,    0,    0,    0,    0,    0,    0,    0,    0,    0,    0,    0,    0,    0,    0,    0,    0,    0,    0,    0,    0,    0,    0,    0,    0,    0,    0,    0,    0,    0,    0,    0,    0,    0,    0,    0,    0,    0,    0,    0,    0,    0,    0,    0,    0,    0,    0,    0,    0,    0,    0,
       0,   -5,    0,    0,    0,    0,    0,    0,    0,    0,    0,    0,    0,    0,    0,    0,    0,    0,    0,    0,    0,    0,    0,    0,    0,    0,    0,    0,    0,    0,    0,    0,    0,    0,    0,    0,    0,    0,    0,    0,    0,    0,    0,    0,    0,    0,    0,    0,    0,    0,    0,    0,    0,    0,    0,    0,    0,    0,    0,    0,    0,    0,    0,    0,    0,    0,    0,    0,    0,    0,    0,    0,    0,    0,    0,    0,    0,    0,    0,    0,    0,    0,    0,
       0,   -5,    0,    0,    0,    0,    0,    0,    0,    0,    0,    0,    0,    0,    0,    0,    0,    0,    0,    0,    0,    0,    0,    0,    0,    0,    0,  -11,   -5,    0,    0,    0,    0,    0,    0,    0,    0,    0,    0,    0,    0,    0,    0,    0,    0,    0,    0,    0,    0,    0,    0,    0,    0,    0,    0,    0,    0,    0,    0,    0,    0,    0,    0,    0,    0,    0,    0,    0,    0,    0,    0,    0,    0,    0,    0,    0,    0,    0,    0,    0,    0,    0,    0,
       0,   11,    0,    0,    0,    0,    0,    0,    0,    0,    0,    0,    0,    0,    0,    0,    0,    0,    0,    0,    0,    0,    0,    0,    0,    0,    0,    0,    0,    0,    0,    0,    0,    0,    0,    0,    0,    0,    0,    0,    0,    0,    0,    0,    0,    0,    0,    0,    0,    0,    0,    0,    0,    0,    0,    0,    0,    0,    0,    0,    0,    0,    0,    0,    0,    0,    0,    0,    0,    0,    0,    0,    0,    0,    0,    0,    0,    0,    0,    0,    0,    0,    0,
       0,   32,    0,   21,    0,    0,    0,    0,    0,    0,    0,    0,    0,    0,    0,    0,    0,    0,    0,    0,    0,    0,    0,    0,    0,    0,    0,    0,    0,    0,    0,    0,    0,    0,    0,    0,    0,    0,    0,    0,    0,    0,    0,    0,    0,    0,    0,    0,    0,    0,    0,    0,    0,    0,    0,    0,    0,    0,    0,    0,    0,    0,    0,    0,    0,    0,    0,    0,    0,    0,    0,    0,    0,    0,    0,    0,    0,    0,    0,    0,    0,    0,    0,
       0,    0,    0,    0,    0,    0,    0,    0,    0,    0,    0,    0,    0,    0,    0,    0,    0,    0,    0,    0,  -11,    0,    0,    0,    0,    0,    0,    0,    0,    0,    0,    0,    0,    0,    0,    0,    0,    0,    0,    0,    0,    0,    0,    0,    0,    0,    0,    0,    0,    0,    0,    0,    0,    0,    0,    0,    0,    0,    0,    0,    0,    0,    0,    0,    0,    0,    0,    0,    0,    0,    0,    0,    0,    0,    0,    0,    0,    0,    0,    0,    0,    0,    0,
       0,   21,    0,    0,  -61,    0,    0,    0,    0,    0,    0,    0,    0,    0,    0,    0,    0,    0,    0,  -11,  -11,    0,   -5,    0,    0,    0,    0,    0,    0,    0,    0,    0,    0,    0,    0,    0,    0,    0,    0,    0,    0,    0,    0,    0,    0,    0,    0,    0,    0,    0,    0,    0,    0,    0,    0,    0,    0,    0,    0,    0,    0,    0,    0,    0,    0,    0,    0,    0,    0,    0,    0,    0,    0,    0,    0,    0,    0,    0,    0,    0,    0,    0,    0,
       0,   11,    0,   11,    0,    0,    0,    0,    0,    0,    0,    0,    0,    0,    0,    0,    0,    0,    0,    0,    0,    0,    0,    0,    0,    0,    0,    0,    0,    0,    0,    0,    0,    0,    0,    0,    0,    0,    0,    0,    0,    0,    0,    0,    0,    0,    0,    0,    0,    0,    0,    0,    0,    0,    0,    0,    0,    0,    0,    0,    0,    0,    0,    0,    0,    0,    0,    0,    0,    0,    0,    0,    0,    0,    0,    0,    0,    0,    0,    0,    0,    0,    0,
       0,   21,    0,    0,  -21,    0,    0,   11,    0,    0,    0,    0,    0,    0,    0,    0,    0,    0,    0,    0,    0,    0,    0,    0,    0,    0,    0,    0,    0,    0,    0,    0,    0,    0,    0,    0,    0,    0,    0,    0,    0,    0,    0,    0,    0,    0,    0,    0,    0,    0,    0,    0,    0,    0,    0,    0,    0,    0,    0,    0,    0,    0,    0,    0,    0,    0,    0,    0,    0,    0,    0,    0,    0,    0,    0,    0,    0,    0,    0,    0,    0,    0,    0,
       0,    0,    0,    0,    0,    0,    0,    0,    0,    0,    0,   32,    0,  -11,    0,    0,    0,   -5,    0,    0,    0,    0,    0,    0,    0,    0,    0,    0,    0,    0,    0,    0,    0,    0,    0,    0,    0,    0,    0,    0,    0,    0,    0,    0,    0,    0,    0,    0,    0,    0,    0,    0,    0,    0,    0,    0,    0,    0,    0,    0,    0,    0,    0,    0,    0,    0,    0,    0,    0,    0,    0,    0,    0,    0,    0,    0,    0,    0,    0,    0,    0,    0,    0,
       0,    0,    0,    0,    0,    0,    0,    0,    0,    0,    0,    0,    0,  -21,    0,  -11,    0,  -21,    0,    0,    0,    0,    0,    0,    0,    0,    0,    0,    0,    0,    0,    0,    0,    0,  -21,    0,    0,    0,    0,   -5,    0,    0,    0,    0,    0,  -11,    0,    0,    0,    0,    0,    0,    0,    0,    0,    0,    0,    0,    0,    0,    0,    0,    0,    0,    0,    0,    0,    0,    0,    0,    0,    0,  -16,    0,    0,    0,    0,    0,    0,    0,    0,    0,    0,
       0,    0,    0,    0,    0,    0,    0,    0,    0,    0,    0,    0,    0,  -32,    0,  -21,    0,  -21,    0,    0,    0,    0,    0,    0,    0,    0,    0,    0,    0,    0,    0,    0,    0,    0,  -32,    0,    0,    0,    0,  -11,    0,    0,  -11,    0,    0,  -32,    0,    0,    0,    0,    0,    0,    0,    0,    0,    0,    0,    0,    0,    0,    0,    0,    0,    0,    0,    0,    0,    0,    0,    0,    0,    0,  -21,    0,    0,    0,    0,    0,    0,    0,    0,    0,    0,
       0,    0,    0,    0,    0,    0,    0,    0,    0,    0,    0,   53,    0,  -27,    0,   -5,    0,  -16,    0,    0,    0,    0,    0,    0,    0,    0,    0,    0,    0,    0,    0,    0,    0,    0,    0,    0,    0,    0,    0,    0,    0,    0,    0,    0,    0,    0,    0,    0,    0,    0,    0,    0,    0,    0,    0,    0,    0,    0,    0,    0,    0,    0,    0,    0,    0,    0,    0,    0,    0,    0,    0,    0,    0,    0,    0,    0,    0,    0,    0,    0,    0,    0,    0,
       0,    0,    0,   21,    0,    0,    0,    0,    0,    0,    0,    0,    0,    0,    0,    0,    0,    0,    0,    0,    0,    0,    0,    0,    0,    0,    0,    0,    0,    0,    0,    0,    0,    0,    0,    0,    0,    0,    0,    0,    0,    0,    0,    0,    0,    0,    0,    0,    0,    0,    0,    0,    0,    0,    0,    0,    0,    0,    0,    0,    0,    0,    0,    0,    0,    0,    0,    0,    0,    0,    0,    0,    0,    0,    0,    0,    0,    0,    0,    0,    0,    0,    0,
      32,   41,    0,   47,    0,    0,    0,   43,    0,    0,    0,    0,    0,    0,    0,    0,    0,    0,    0,    0,    0,    0,    0,    0,    0,    0,    0,    0,    0,    0,    0,    0,   37,    0,    0,    0,    0,    0,    0,    0,    0,    0,    0,    0,    0,    0,    0,    0,    0,    0,    0,    0,    0,    0,    0,    0,    0,    0,    0,    0,    0,    0,    0,    0,    0,    0,    0,    0,    0,    0,    0,    0,    0,    0,    0,    0,    0,    0,    0,    0,   18,    0,    0,
       0,    0,    0,   21,    0,    0,    0,    0,    0,    0,    0,    0,    0,    0,    0,    0,    0,    0,    0,    0,    0,    0,    0,    0,    0,    0,    0,    0,    0,    0,    0,    0,    0,   62,    0,    0,    0,    0,    0,    0,    0,    0,    0,    0,    0,    0,    0,    0,    0,    0,    0,    0,    0,    0,    0,    0,    0,    0,    0,    0,    0,    0,    0,    0,    0,    0,    0,    0,    0,    0,    0,    0,    0,    0,    0,    0,    0,    0,    0,    0,    0,    0,    0,
       0,    0,    0,    0,    0,    0,    0,    0,    0,    0,    0,   27,    0,    0,    0,    0,    0,    0,    0,    0,    0,    0,    0,    0,    0,    0,    0,    0,    0,    0,    0,    0,    0,    0,    0,    0,    0,    0,    0,    0,    0,    0,    0,    0,    0,    0,    0,    0,    0,    0,    0,    0,    0,    0,    0,    0,    0,    0,    0,    0,    0,    0,    0,    0,    0,    0,    0,    0,    0,    0,    0,    0,    0,    0,    0,    0,    0,    0,    0,    0,    0,    0,    0,
      20,   31,    0,   42,    0,    0,    0,   20,    0,    0,    0,    0,    0,    0,    0,    0,    0,    0,    0,    0,    0,    0,    0,    0,    0,    0,    0,    0,    0,    0,    0,    0,    0,    0,    0,    0,    0,    0,    0,    0,    0,    0,    0,    0,    0,    0,    0,    0,    0,    0,    0,    0,    0,    0,    0,    0,    0,    0,    0,    0,    0,    0,    0,    0,    0,    0,    0,    0,    0,    0,    0,    0,    0,    0,    0,    0,    0,    0,    0,    0,   10,    0,    0,
       0,    0,    0,    0,    0,    0,    0,   16,    0,    0,    0,    0,   11,   16,    0,   21,   16,   32,    0,    0,   11,    0,    0,    0,    0,    0,    0,    0,    0,    0,    0,    0,    0,    0,    0,    0,    0,    0,    0,    0,    0,    0,    0,    0,    0,    0,    0,    0,    0,    0,    0,    0,    0,    0,    0,    0,    0,    0,    0,    0,    0,    0,    0,    0,    0,    0,    0,    0,    0,    0,    0,    0,    0,    0,    0,    0,    0,    0,    0,    0,    0,    0,    0,
       0,   11,    0,    0,    0,    0,    0,    0,    0,    0,    0,    0,    0,    0,    0,    0,    0,    0,    0,    0,    0,   21,    0,    0,    0,   11,   21,   27,    0,    0,    0,    0,    0,    0,    0,    0,    0,    0,    0,    0,    0,    0,    0,    0,    0,    0,    0,    0,    0,    0,    0,    0,    0,    0,    0,    0,    0,    0,    0,    0,    0,    0,    0,    0,    0,    0,    0,    0,    0,    0,    0,    0,    0,    0,    0,    0,    0,    0,    0,    0,   32,    0,    0,
       0,   11,    0,    0,  -21,    0,    0,   27,  -11,    0,   16,    0,   11,   37,    0,   43,   32,   43,    0,  -11,    5,    0,    0,    0,   -5,    0,    0,    0,    0,    0,    0,    0,    0,    0,    0,    0,    0,    0,    0,    0,    0,    0,    0,    0,    0,    0,    0,    0,    0,    0,    0,    0,    0,    0,    0,    0,    0,    0,    0,    0,    0,    0,    0,    0,    0,    0,    0,    0,    0,    0,    0,    0,    0,    0,    0,    0,    0,    0,    0,    0,   11,    0,    0,
       0,   11,    0,    0,   -5,    0,    0,   11,    0,    0,    0,    0,    0,    0,    0,    0,    0,    0,    0,    0,    0,   27,    0,    0,    0,   11,   27,   27,    0,    0,    0,    0,    0,    0,    0,    0,    0,    0,    0,    0,    0,    0,    0,    0,    0,    0,    0,    0,    0,    0,    0,    0,    0,    0,    0,    0,    0,    0,    0,    0,    0,    0,    0,    0,    0,    0,    0,    0,    0,    0,    0,    0,    0,    0,    0,    0,    0,    0,    0,    0,   27,    0,    0,
       0,  -43,    0,   -5,  -11,    0,    0,    0,    0,    0,    0,    0,    0,    0,    0,    0,    0,    0,    0,    0,    0,    0,    0,    0,    0,    0,    0,    0,    0,    0,    0,    0,    0,    0,  -37,   -5,    0,    0,    0,  -11,    0,    0,   -5,    0,   -5,  -43,   -5,    0,    0,    0,    0,   -5,    0,    0,    0,  -16,    0,  -16,  -32,    0,    0,    0,    0,    0,  -16,    0,    0,    0,    0,    0,    0,    0,    0,    0,    0,    0,    0,    0,    0,    0,  -37,    0,    0,
       0,    0,    0,   16,  -32,  -21,  -11,    0,    0,    0,    0,    0,    0,    0,    0,    0,    0,    0,    0,    0,    0,    0,    0,    0,    0,    0,    0,    0,    0,    0,  -21,    0,    0,    0,    5,  -11,    0,    0,  -32,    0,  -27,  -32,    0,    5,  -19,    0,   -5,  -37,    0,  -11,  -50,  -10,  -16,  -16,  -37,   -7,  -11,  -20,   -7,  -16,   27,  -16,   11,    0,  -15,    0,    0,    0,    0,    0,    0,    0,    0,    0,    0,    0,    0,    0,    0,    0,    0,    0,    0,
       0,    0,    0,    0,    0,    0,    0,    0,    0,    0,    0,    0,    0,    0,    0,    0,    0,    0,    0,    0,    0,    0,    0,    0,    0,    0,    0,    0,    0,  -11,    0,    0,    0,    0,    0,   -5,    0,   11,    0,    0,    0,    0,    0,    0,  -11,   -5,    0,   -5,    0,    0,   -5,    0,    0,    0,    0,    0,    0,  -11,    0,    0,    0,    0,    0,    0,    0,    0,    0,    0,    0,    0,  -11,    0,    0,    0,    0,  -11,    0,    0,    0,    0,    0,    0,    0,
       0,    0,    0,    0,   -5,    0,    0,    0,    0,    0,    0,    0,    0,    0,    0,    0,    0,    0,    0,    0,    0,    0,    0,    0,    0,    0,    0,    0,    0,    0,    0,    0,    0,    0,    0,    0,    0,    0,    0,    0,    0,    0,    0,    0,   -5,  -11,    0,    0,    0,    0,    0,    0,    0,    0,    0,    0,    0,   -8,    0,    0,    0,    0,    0,    0,    0,    0,    0,    0,    0,    0,    0,    0,    0,    0,    0,    0,    0,    0,    0,    0,   -5,    0,    0,
       0,    0,    0,    0,    0,    0,    0,    0,    0,    0,    0,    0,    0,    0,    0,    0,    0,    0,    0,    0,    0,    0,    0,    0,    0,    0,    0,    0,    0,    0,    0,    0,    0,    0,    0,    0,    0,   27,    0,    0,    0,    0,    0,    0,    0,    0,    0,    0,    0,    0,    0,    0,    0,    0,    0,    0,    0,    0,    0,    0,    0,    0,    0,   16,    0,    0,    0,    0,    0,    0,    0,    0,    0,    0,    0,    0,    0,    0,    0,    0,    0,    0,    0,
       0,  -43,    0,    0,    0,    0,    0,    0,    0,    0,    0,    0,    0,    0,    0,    0,    0,    0,    0,    0,    0,    0,    0,    0,    0,    0,    0,    0,    0,    0,    0,    0,    0,    0,  -37,    0,    0,    0,    0,  -11,    0,    0,    0,    0,    0,  -43,    0,    0,    0,    0,    0,    0,    0,    0,    0,    0,    0,  -16,  -27,    0,    0,    0,    0,    0,    0,    0,    0,    0,    0,    0,    0,    0,    0,    0,    0,    0,    0,    0,    0,    0,  -27,    0,    0,
       0,    0,    0,   11,   -5,  -16,    0,    0,    0,    0,    0,    0,    0,    0,    0,    0,    0,    0,    0,    0,    0,    0,    0,    0,    0,    0,    0,    0,    0,  -11,    0,    0,    0,    0,    0,  -13,    0,   11,    0,    0,    0,    5,    0,    0,  -21,  -11,    0,   -5,    0,    0,  -11,    0,   -5,    0,    0,   -5,    0,  -16,   -5,    0,    0,    0,    5,    0,   -5,    0,    0,    0,    0,    0,  -11,    0,    0,    0,    0,  -27,    0,    0,    0,    0,    0,    0,    0,
       0,    0,    0,    0,  -43,  -11,  -11,    0,    0,    0,    0,    0,    0,    0,    0,    0,    0,    0,    0,    0,    0,    0,    0,    0,    0,    0,    0,    0,    0,  -21,  -11,    0,    0,    0,    0,  -11,    0,    0,  -39,    0,  -39,  -37,    0,    0,  -16,    0,  -16,  -16,  -11,   -5,  -26,    0,   -5,  -11,  -30,    0,    0,  -11,    0,   -5,   30,  -11,   11,    0,    0,    0,    0,    0,    0,  -21,   -5,  -11,    0,    0,    0,  -11,  -16,  -27,    0,    0,    0,    0,    0,
       0,  -37,    0,    0,    0,    0,    0,    0,    0,    0,    0,    0,    0,    0,    0,    0,    0,    0,    0,    0,    0,    0,    0,    0,    0,    0,    0,    0,    0,    0,    0,    0,    0,    0,  -32,  -21,    0,   16,   11,  -14,    0,    0,    0,    0,  -21,  -48,    0,   -5,   -5,    0,   -5,    0,   -5,    0,    7,  -16,    0,  -32,  -32,    0,    0,    0,    0,    0,  -16,  -21,    0,  -11,    0,    0,    0,    0,  -27,  -32,    0,  -27,    0,    0,    0,  -11,  -37,    0,    0,
       0,  -11,    0,    0,    0,    0,    0,    0,    0,    0,    0,    0,    0,    0,    0,    0,    0,    0,    0,    0,    0,    0,    0,    0,    0,    0,    0,    0,    0,    0,    0,    0,    0,    0,    0,   -5,    0,    0,    0,    0,   -5,    0,   -5,    0,   -5,  -11,    0,    0,    0,    0,    0,   -5,    0,    0,    0,  -16,   -5,  -16,  -21,    0,    0,    0,    0,    0,  -16,    0,    0,    0,    0,    0,    0,    0,    0,    0,    0,  -11,    0,    0,    0,    0,  -11,    0,    0,
       0,    0,    0,    0,  -11,    0,    0,    0,    0,    0,    0,    0,    0,    0,    0,    0,    0,    0,    0,    0,    0,    0,    0,    0,    0,    0,    0,    0,    0,    0,    0,    0,    0,    0,  -11,    0,   -5,    0,    0,   -5,   -5,    0,   -5,   -5,   -5,  -11,   -5,    0,    0,    0,    0,   -5,    0,    0,    0,    0,    0,   -5,    0,    0,    0,    0,    0,    0,    0,   -5,    0,    0,    0,    0,    0,    0,    0,   -5,    0,    0,    0,    0,    0,    0,    0,    0,    0,
       0,    0,    0,   21,    0,    0,    0,    0,    0,    0,    0,    0,    0,    0,    0,    0,    0,    0,    0,    0,    0,    0,    0,    0,    0,    0,    0,    0,    0,    0,    0,    0,    0,    0,   -5,   -5,    0,   64,   16,    0,    8,   16,    5,    0,   -5,  -16,    0,    0,    0,    0,    0,    0,    0,    0,   21,   16,    0,  -21,  -11,    0,    0,    0,    0,   53,   16,    0,    0,    0,    0,    0,    0,    0,    0,    0,    0,    0,    0,    0,    0,    0,    0,    0,    0,
       0,    0,    0,    0,  -21,    0,    0,    0,    0,    0,    0,    0,    0,    0,    0,    0,    0,    0,    0,    0,    0,    0,    0,    0,    0,    0,    0,    0,    0,    0,    0,    0,    0,    0,  -21,    0,    0,    0,    0,  -21,  -11,    0,  -13,   -5,    0,  -11,   -5,    0,    0,    0,    0,    0,    0,    0,    0,    0,    0,   -5,    0,    0,    0,    0,    0,    0,    0,   -5,    0,    0,    0,   -5,    0,    0,   -5,   -5,    0,    0,    0,    0,    0,    0,    0,    0,    0,
       0,    0,    0,    0,  -69,   -5,    0,    0,    0,    0,    0,    0,    0,    0,    0,    0,    0,    0,    0,    0,    0,    0,    0,    0,    0,    0,    0,    0,    0,   -5,    0,    0,    0,    0,  -11,    0,    0,    0,  -27,  -16,  -27,  -27,  -16,   -5,    0,    0,   -5,   -5,    0,    0,   -5,    0,    0,    0,  -21,    0,    0,    0,    0,    0,    0,    0,    0,    0,    0,    0,    0,    0,    0,  -27,    0,    0,    0,    0,    0,    0,    0,  -32,    0,    0,    0,    0,    0,
       0,    0,    0,  -11,  -21,    0,   -5,    0,    0,    0,    0,    0,    0,    0,    0,    0,    0,    0,    0,    0,    0,    0,    0,    0,    0,    0,    0,    0,    0,    0,    0,    0,    0,    0,  -27,    0,   -5,    0,  -11,  -29,  -11,   -8,  -21,  -11,    0,  -11,  -16,    0,    0,    0,    0,    0,    0,    0,  -11,    0,    0,    0,    0,    0,    0,    0,    0,    0,    0,   -5,    0,    0,    0,   -5,    0,    0,  -11,  -16,    0,    0,    0,  -11,    0,    0,    0,    0,    0,
       0,    0,    0,    0,    0,    0,    0,    0,    0,    0,    0,    0,    0,    0,    0,    0,    0,    0,    0,    0,    0,    0,    0,    0,    0,    0,    0,    0,    0,    0,    0,    0,    0,    0,  -16,    0,    0,    0,    0,    0,    0,    0,    0,    0,    0,    0,    0,    0,    0,    0,    0,    0,    0,    0,    0,    0,    0,    0,    0,    0,    0,    0,    0,    0,    0,    0,    0,    0,    0,    0,    0,    0,    0,    0,    0,    0,    0,    0,    0,    0,    0,    0,    0,
       0,   -5,    0,    0,  -11,    0,    0,    0,    0,    0,    0,    0,    0,    0,    0,    0,    0,    0,    0,    0,    0,    0,    0,    0,    0,    0,    0,    0,    0,    0,    0,    0,    0,    0,  -55,    0,    0,    0,    0,  -16,    0,    0,   -5,    0,    0,  -16,    0,    0,    0,   -5,    0,  -11,    0,    0,    0,  -21,  -11,  -11,  -11,   -5,    0,   -5,    0,    0,  -21,    0,    0,    0,    0,    0,    0,    0,    0,    0,    0,    0,    0,    0,    0,    0,  -11,    0,    0,
       0,    0,    0,    0,  -11,    0,    0,    0,    0,    0,    0,    0,    0,    0,    0,    0,    0,    0,    0,    0,    0,    0,    0,    0,    0,    0,    0,    0,    0,    0,    0,    0,    0,    0,  -32,    0,    0,    0,    0,    0,    0,    0,    0,    0,    0,   -5,    0,    0,    0,   -5,    0,   -5,    0,    0,    0,  -16,    0,  -11,   -5,    3,    0,    0,    0,    0,  -16,    0,    0,    0,    0,    0,    0,    0,    0,    0,    0,    0,    0,    0,    0,    0,    0,    0,    0,
       0,   -5,    0,    0,    0,    0,    0,    0,    0,    0,    0,    0,    0,    0,    0,    0,    0,    0,    0,    0,    0,    0,    0,    0,    0,    0,    0,    0,    0,    0,    0,    0,    0,    0,  -27,    0,    0,    0,    0,    0,    0,    0,    0,    0,    0,   -5,    0,   -5,    0,    0,   -5,    0,    0,    0,    0,  -11,    0,   -5,    0,    0,    0,    0,    0,    0,  -11,    0,    0,    0,    0,    0,    0,    0,    0,    0,    0,    0,    0,    0,    0,    0,    0,    0,    0,
       0,   -5,    0,    0,  -11,    0,    0,    0,    0,    0,    0,    0,    0,    0,    0,    0,    0,    0,    0,    0,    0,    0,    0,    0,    0,    0,    0,    0,    0,    0,    0,    0,    0,    0,  -11,    0,    0,    0,    0,    0,    0,    0,   -5,    0,    0,    0,    0,    0,    0,    0,    0,    0,    0,    0,    0,    0,   -5,    0,    0,    0,    0,    0,    0,    0,    0,    0,    0,    0,    0,    0,    0,    0,    0,    0,    0,    0,    0,    0,    0,    0,    0,    0,    0,
       0,    0,    0,    0,    0,    0,    0,    0,    0,    0,    0,    0,    0,    0,    0,    0,    0,    0,    0,    0,    0,    0,    0,    0,    0,    0,    0,    0,    0,    0,    0,    0,    0,    0,  -21,    0,    0,    0,    0,    0,    0,    0,    0,    0,    0,   -5,    0,  -11,    0,    0,  -11,    0,    0,    0,    5,    0,    0,  -11,    0,    0,    0,    0,    0,    0,    0,    0,    0,    0,    0,    0,    0,  -11,    0,    0,    0,    0,  -11,    0,    0,    0,    0,    0,    0,
       0,    0,    0,    0,   -5,  -11,    0,    0,    0,    0,    0,    0,    0,    0,    0,    0,    0,    0,    0,    0,    0,    0,    0,    0,    0,    0,    0,    0,    0,    0,    0,    0,    0,    0,  -10,    0,    0,    0,    0,    0,    0,    0,    0,    0,    0,   -5,    0,  -11,   -5,    0,  -11,    0,   -8,    0,    0,    0,    0,   -5,    0,    0,    0,    0,    0,    0,    0,    0,    0,    0,    0,    0,    0,    0,    0,    0,    0,    0,    0,    0,    0,    0,    5,    0,    0,
       0,   -5,    0,    0,  -11,    0,    0,    0,    0,    0,    0,    0,    0,    0,    0,    0,    0,    0,    0,    0,    0,    0,    0,    0,    0,    0,    0,    0,    0,    0,    0,    0,    0,    0,  -37,    0,    0,    0,    0,  -16,    0,    0,   -5,    0,    0,  -16,    0,    0,    0,   -5,    0,  -11,    0,    0,    0,  -21,  -11,  -11,  -11,   -5,    0,   -5,    0,    0,  -21,    0,    0,    0,    0,    0,    0,    0,    0,    0,    0,    0,    0,    0,    0,    0,  -11,    0,    0,
       0,  -16,    0,    0,    0,    0,    0,    0,    0,    0,    0,    0,    0,    0,    0,    0,    0,    0,    0,    0,    0,    0,    0,    0,    0,    0,    0,    0,    0,    0,    0,    0,    0,    0,  -21,    0,    0,    0,    0,    0,    0,    0,   -5,    0,    0,  -11,    0,    0,    0,    0,    0,    0,    0,    0,    0,  -27,    0,  -11,  -11,    0,    0,    0,    0,    0,  -27,    0,    0,    0,    0,    0,    0,    0,    0,    0,    0,    0,    0,    0,    0,    0,  -21,    0,    0,
       0,    0,    0,    0,  -21,   -5,    0,    0,    0,    0,    0,    0,    0,    0,    0,    0,    0,    0,    0,    0,    0,    0,    0,    0,    0,    0,    0,    0,    0,    0,    0,    0,    0,    0,   -7,    0,    0,    0,  -16,    0,   -5,    0,   -5,    0,    0,    0,    0,  -13,    0,    0,  -13,    0,    0,    0,  -27,    0,    0,    0,    0,   -5,    0,    0,    0,    0,    0,    0,    0,    0,    0,  -11,    0,    0,    0,    0,    0,    0,    0,    0,    0,    0,   11,    0,    0,
       0,  -11,    0,   21,    0,    0,    0,    0,    0,    0,    0,    0,    0,    0,    0,    0,    0,    0,    0,    0,    0,    0,    0,    0,    0,    0,    0,    0,    0,    0,    0,    0,    0,    0,  -27,    0,    0,   69,   21,    0,   11,   21,   11,    0,  -11,  -21,    0,    0,    0,    0,    0,    0,   -5,    0,   11,    5,    0,  -11,  -11,    0,    0,    0,    0,   39,    5,    0,    0,    0,    0,    0,    0,    0,    0,    0,    0,    0,    0,    0,    0,    0,  -16,    0,    0,
       0,  -32,    0,    0,    0,    0,    0,    0,    0,    0,    0,    0,    0,    0,    0,    0,    0,    0,    0,    0,    0,    0,    0,    0,    0,    0,    0,    0,    0,    0,    0,    0,    0,    0,  -48,  -16,    0,    0,    9,   -6,    0,    3,    0,    0,    0,  -64,    0,    0,   -5,    0,    0,   -8,   -5,    0,    0,  -32,   -3,  -37,  -37,    0,    0,    0,    0,    0,  -32,    0,  -11,    0,    0,    0,    0,    0,    0,    0,  -16,    0,  -11,    0,    0,    0,  -48,    0,    0,
       0,  -16,    0,    0,    0,    0,    0,    0,    0,    0,    0,    0,    0,    0,    0,    0,    0,    0,    0,    0,    0,    0,    0,    0,    0,    0,    0,    0,    0,    0,    0,    0,    0,    0,  -48,    0,    0,   46,    0,    0,    0,    0,    0,    0,    0,    0,    0,    0,    0,    0,    0,    0,    0,    0,    0,  -21,    0,  -11,  -11,    0,    0,    0,    0,   14,  -21,    0,    0,    0,    0,    0,    0,    0,    0,    0,    0,    0,    0,    0,    0,    0,  -21,    0,    0,
       0,    0,    0,    0,    0,    0,    0,    0,    0,    0,    0,    0,    0,    0,    0,    0,    0,    0,    0,    0,    0,    0,    0,    0,    0,    0,    0,    0,    0,    0,    0,    0,    0,    0,  -16,    0,    0,    0,    0,  -11,    0,    0,    0,    0,    0,    0,    0,   -5,    0,    0,   -5,    0,    0,    0,    0,    0,    0,  -11,    0,    0,    0,    0,    0,    0,    0,    0,    0,    0,    0,    0,    0,    0,    0,    0,    0,    0,    0,    0,    0,    0,    0,    0,    0,
       0,   21,    0,   16,    0,    0,    0,    0,    0,    0,    0,    0,    0,    0,    0,    0,    0,    0,    0,    0,    0,    0,    0,    0,    0,    0,    0,    0,    0,    0,    0,    0,    0,    0,   14,    0,    0,    0,    0,   11,    0,    0,    5,    0,    0,    0,    0,    0,    0,    0,    0,    0,    0,    0,    0,    0,    0,    0,    0,    0,   20,    0,    5,    0,    0,    0,    0,    0,    0,    0,    0,    0,    0,    0,    0,    0,    0,    0,    0,    0,   21,    0,    0,
       0,    0,    0,    0,    0,    0,    0,    0,    0,    0,    0,    0,    0,    0,    0,    0,    0,    0,    0,    0,    0,    0,    0,    0,    0,    0,    0,    0,    0,    0,    0,    0,    0,    0,    0,    0,    0,   43,    0,    0,    0,    0,    0,    0,    0,    0,    0,    0,    0,    0,    0,    0,    0,    0,    0,    0,    0,    0,    0,    0,    0,    0,    0,   16,    0,    0,    0,    0,    0,    0,    0,    0,    0,    0,    0,    0,    0,    0,    0,    0,    0,    0,    0,
       0,    0,    0,    0,  -21,   -5,    0,    0,    0,    0,    0,    0,    0,    0,    0,    0,    0,    0,    0,    0,    0,    0,    0,    0,    0,    0,    0,    0,    0,    0,    0,    0,    0,    0,  -15,    0,    0,    0,  -16,    0,   -5,    0,   -5,    0,    0,    0,    0,  -13,    0,    0,  -13,    0,    0,    0,  -27,    0,    0,    0,    0,   -5,    0,    0,    0,    0,    0,    0,    0,    0,    0,  -11,    0,    0,    0,    0,    0,    0,    0,    0,    0,    0,   11,    0,    0,
       0,    0,    0,    0,  -21,    0,    0,    0,    0,    0,    0,    0,    0,    0,    0,    0,    0,    0,    0,    0,    0,    0,    0,    0,    0,    0,    0,    0,    0,    0,    0,    0,    0,    0,    0,    0,    0,    0,    0,    0,    0,    0,    0,    0,    0,    0,    0,    0,    0,    0,    0,    0,    0,    0,    0,    0,    0,    0,    0,    0,    0,    0,    0,    0,    0,    0,    0,    0,    0,  -11,    0,    0,    0,    0,    0,    0,    0,    0,    0,    0,    0,    0,    0,
       0,  -21,    0,    0,    0,    0,    0,    0,    0,    0,    0,    0,    0,    0,    0,    0,    0,    0,    0,    0,    0,    0,    0,    0,    0,    0,    0,    0,    0,    0,    0,    0,    0,    0,  -21,    0,    0,    0,    0,    0,    0,    0,    0,    0,    0,  -32,    0,    0,    0,    0,    0,    0,    0,    0,    0,    0,    0,    0,  -11,    0,    0,    0,    0,    0,    0,  -16,    0,    0,    0,    0,    0,    0,  -27,  -16,    0,    0,    0,    0,    0,    0,    0,    0,    0,
       0,  -37,    0,    0,    0,    0,    0,    0,    0,    0,    0,    0,    0,    0,    0,    0,    0,    0,    0,    0,    0,    0,    0,    0,    0,    0,    0,    0,    0,    0,    0,    0,    0,    0,    0,    0,    0,    0,    0,    0,    0,    0,    0,    0,    0,    0,    0,    0,    0,    0,    0,    0,    0,    0,    0,  -16,    0,  -16,  -27,   16,    0,    0,    0,    0,  -16,    0,  -11,    0,   -5,    0,    0,  -11,    0,    0,  -11,    0,  -11,    0,  -11,    0,    0,    0,    0,
       0,    0,    0,    0,  -32,  -21,    0,    0,    0,    0,    0,    0,    0,    0,    0,    0,    0,    0,    0,    0,    0,    0,    0,    0,    0,    0,    0,    0,    0,  -32,  -21,    0,    0,    0,    5,    0,    0,    0,    0,    0,  -27,    0,    0,    0,  -21,    0,    0,    0,    0,  -11,    0,  -11,    0,    0,    0,  -21,    0,  -27,  -21,  -16,    0,  -32,    0,    0,  -21,    0,  -11,    0,  -27,  -32,  -11,  -37,    0,    0,  -21,  -27,  -37,  -27,    0,    0,    0,    0,    0,
       0,    0,    0,    0,  -27,  -11,    0,    0,    0,    0,    0,    0,    0,    0,    0,    0,    0,    0,    0,    0,    0,    0,    0,    0,    0,    0,    0,    0,    0,    0,    0,    0,    0,    0,    0,    0,    0,    0,    0,    0,    0,    0,    0,    0,    0,    0,    0,    0,    0,    0,    0,    0,    0,    0,    0,    0,    0,    0,    0,    0,    0,    0,    0,    0,    0,    0,    0,    0,    0,  -16,    0,   -5,    0,    0,    0,    0,    0,    0,    0,    0,    0,    0,    0,
       0,    0,    0,    0,  -27,  -11,    0,    0,    0,    0,    0,    0,    0,    0,    0,    0,    0,    0,    0,    0,    0,    0,    0,    0,    0,    0,    0,    0,    0,    0,    0,    0,    0,    0,   11,    0,    0,    0,    0,    0,  -32,    0,    0,    0,  -16,    0,    0,    0,    0,  -11,    0,  -11,    0,    0,    0,    0,    0,  -27,    0,    0,   11,  -16,    0,    0,    0,    0,    0,    0,  -16,  -27,  -11,  -21,   11,    0,    0,  -11,  -16,  -21,    0,    0,    0,    0,    0,
       0,    0,    0,    0,  -16,    0,    0,    0,    0,    0,    0,    0,    0,    0,    0,    0,    0,    0,    0,    0,    0,    0,    0,    0,    0,    0,    0,    0,    0,    0,    0,    0,    0,    0,    0,    0,    0,    0,    0,    0,    0,    0,    0,    0,    0,    0,    0,    0,    0,    0,    0,    0,    0,    0,    0,    0,    0,    0,    0,    0,    0,    0,    0,    0,    0,    0,   27,    0,    0,  -16,    0,  -11,    0,    0,    0,    0,    0,    0,    0,    0,    0,    0,    0,
       0,  -37,    0,    0,    0,    0,    0,    0,    0,    0,    0,    0,    0,    0,    0,    0,    0,    0,    0,    0,    0,    0,    0,    0,    0,    0,    0,    0,    0,    0,    0,    0,    0,    0,    0,    0,    0,    0,    0,    0,    0,    0,    0,    0,    0,    0,    0,    0,    0,    0,    0,    0,    0,    0,    0,  -11,    0,  -43,  -27,    0,    0,    0,    0,    0,  -11,    0,  -11,    0,    0,    0,    0,    0,    0,    0,  -11,    0,  -11,    0,    0,    0,    0,    0,    0,
       0,    0,    0,    0,    0,    0,    0,    0,    0,    0,    0,    0,    0,    0,    0,    0,    0,    0,    0,    0,    0,    0,    0,    0,    0,    0,    0,    0,    0,    0,    0,    0,    0,    0,    0,    0,    0,  117,    0,    0,    0,    0,    0,    0,  -16,    0,    0,    0,    0,    0,    0,    0,    0,    0,    0,    0,    0,  -21,  -11,    0,    0,    0,    0,    0,    0,    0,    0,    0,    0,    0,  -11,    0,    0,    0,    0,  -16,  -11,    0,    0,    0,    0,    0,    0,
       0,    0,    0,    0,    0,    0,    0,    0,    0,    0,    0,    0,    0,    0,    0,    0,    0,    0,    0,    0,    0,    0,    0,    0,    0,    0,    0,    0,    0,    0,    0,    0,    0,    0,    0,    0,    0,    0,    0,    0,    0,    0,    0,    0,    0,    0,    0,    0,    0,    0,    0,    0,    0,    0,    0,    0,    0,   -5,    0,    0,    0,    0,    0,    0,    0,    0,    0,    0,    0,    0,    0,   -5,    0,    0,    0,    0,    0,    0,    0,    0,    0,    0,    0,
       0,    0,    0,    0,  -32,    0,    0,    0,    0,    0,    0,    0,    0,    0,    0,    0,    0,    0,    0,    0,    0,    0,    0,    0,    0,    0,    0,    0,    0,    0,    0,    0,    0,    0,    0,    0,    0,    0,    0,    0,  -32,    0,    0,    0,  -16,    0,    0,    0,    0,  -21,    0,    0,    0,    0,    0,    0,    0,  -21,    0,  -11,   11,    0,    0,    0,    0,    0,    0,    0,  -16,  -27,  -11,  -27,    0,    0,    0,    0,  -21,  -21,  -21,   -5,    0,    0,    0,
       0,    0,    0,    0,  -21,    0,    0,    0,    0,    0,    0,    0,    0,    0,    0,    0,    0,    0,    0,    0,    0,    0,    0,    0,    0,    0,    0,    0,    0,    0,    0,    0,    0,    0,    0,    0,    0,    0,    0,    0,    0,    0,    0,    0,    0,    0,    0,    0,    0,    0,    0,    0,    0,    0,    0,    0,    0,    0,    0,    0,    0,    0,    0,    0,    0,    0,    0,    0,    0,   -5,    0,    0,    0,    0,    0,    0,    0,    0,    0,    0,    0,    0,    0,
       0,    0,    0,    0,    0,    0,    0,    0,    0,    0,    0,    0,    0,    0,    0,    0,    0,    0,    0,    0,    0,    0,    0,    0,    0,    0,    0,    0,    0,    0,    0,    0,    0,    0,  -11,    0,    0,    0,    0,    0,    0,    0,    0,    0,    0,    0,    0,    0,    0,    0,    0,    0,    0,    0,    0,    0,    0,    0,    0,    0,    0,    0,    0,    0,    0,   -5,    0,    0,    0,    0,    0,    0,    0,   -5,    0,    0,    0,    0,    0,    0,    0,    0,    0,
       0,    0,    0,    0,    0,    0,    0,    0,    0,    0,    0,    0,    0,    0,    0,    0,    0,    0,    0,    0,    0,    0,    0,    0,    0,    0,    0,    0,    0,    0,    0,    0,    0,    0,    0,    0,    0,    0,    0,    0,    0,    0,    0,    0,    0,    0,    0,    0,    0,    0,    0,    0,    0,    0,    0,    0,    0,    0,    0,    0,    0,    0,    0,    0,    0,    0,    0,    0,    0,    0,    0,    0,    0,    0,    0,    0,    0,    0,    0,    0,    0,   17,    0,
       0,    0,    0,    0,    0,    0,    0,    0,    0,    0,    0,    0,    0,    0,    0,    0,    0,    0,    0,    0,    0,    0,    0,    0,    0,    0,    0,    0,    0,    0,    0,    0,    0,    0,    0,    0,    0,    0,    0,    0,    0,    0,    0,    0,    0,    0,    0,    0,    0,    0,    0,    0,    0,    0,    0,    0,    0,    0,    0,    0,    0,    0,    0,    0,    0,    0,    0,    0,    0,    0,    0,    0,    0,    0,    0,    0,    0,    0,    0,    0,    0,    0,   20,
};

static const EpdLigaturePair notosans_16_bolditalicLigaturePairs[] = {
    { 0x00660066, 0xFB00 }, // f f -> U+FB00
    { 0x00660069, 0xFB01 }, // f i -> U+FB01
    { 0x0066006C, 0xFB02 }, // f l -> U+FB02
    { 0xFB000069, 0xFB03 }, // U+FB00 i -> U+FB03
    { 0xFB00006C, 0xFB04 }, // U+FB00 l -> U+FB04
};

static const EpdFontData notosans_16_bolditalic = {
    notosans_16_bolditalicBitmaps,
    notosans_16_bolditalicGlyphs,
    notosans_16_bolditalicIntervals,
    18,
    45,
    36,
    -10,
    true,
    nullptr,
    0,
    nullptr,
    notosans_16_bolditalicKernLeftClasses,
    notosans_16_bolditalicKernRightClasses,
    notosans_16_bolditalicKernMatrix,
    471,
    471,
    90,
    83,
    notosans_16_bolditalicLigaturePairs,
    5,
    nullptr,
    nullptr,
    nullptr,
    1,
};
