/**
 * generated by fontconvert.py
 * name: notoserif_6_bold
 * size: 6
 * mode: 2-bit  compressed: true
 * Command used: fontconvert.py notoserif_6_bold 6 ../builtinFonts/source/NotoSerif/NotoSerif-Bold.ttf --2bit --compress --pnum --ink-floor 3
 */
#pragma once
#include "EpdFontData.h"

static const uint8_t notoserif_6_boldBitmaps[12044] = {
    0x7D, 0x55, 0x41, 0x68, 0xDB, 0x66, 0x14, 0xFE, 0x64, 0x35, 0x16, 0xAE, 0xDC, 0xC8, 0x07, 0xA7,
    0x73, 0x49, 0x24, 0xE5, 0x90, 0x6D, 0x69, 0x5A, 0x39, 0x6E, 0x71, 0x37, 0x95, 0x49, 0xF6, 0x3F,
    0xB2, 0x5B, 0x0B, 0xF3, 0x61, 0xB0, 0xB2, 0xCB, 0x3C, 0xE8, 0x21, 0x4E, 0x29, 0xF3, 0x5A, 0x95,
    0x0A, 0xE6, 0x54, 0x3A, 0xAD, 0x87, 0x5D, 0xB2, 0xDB, 0x8E, 0x86, 0xE5, 0xB0, 0x76, 0xB0, 0x99,
    0xE2, 0x41, 0x0E, 0x69, 0xAC, 0x36, 0x30, 0x18, 0xDB, 0xE1, 0x87, 0x32, 0xD8, 0x61, 0x07, 0x15,
    0xCA, 0x76, 0xAC, 0x0E, 0x2A, 0x04, 0x56, 0x37, 0x7B, 0xBF, 0x63, 0xD3, 0xAC, 0x8C, 0xBD, 0xF7,
    0x6C, 0x49, 0xBF, 0xFE, 0xFF, 0x7D, 0xDF, 0x7B, 0xFF, 0xFB, 0x9F, 0xFA, 0x7D, 0xAF, 0xDD, 0xAE,
    0xC0, 0xEB, 0xE3, 0x3C, 0x3F, 0xCF, 0xAB, 0x51, 0x81, 0x65, 0x2B, 0x53, 0xCD, 0x72, 0x5F, 0x7F,
    0x92, 0x8F, 0xAE, 0xF2, 0xB5, 0xF8, 0xF5, 0xF0, 0x2C, 0x93, 0xA0, 0xB0, 0x53, 0xBD, 0xB7, 0x0A,
    0x75, 0xA8, 0x71, 0x26, 0xBD, 0x56, 0x7D, 0xA7, 0xA7, 0xB0, 0x0C, 0x48, 0x4E, 0xAD, 0xE0, 0xDA,
    0x17, 0xB8, 0xF7, 0x2B, 0xEE, 0xFD, 0xDE, 0x78, 0xFB, 0xA6, 0x37, 0x73, 0xE5, 0x34, 0x7E, 0x39,
    0x2D, 0xDD, 0x5E, 0x94, 0x57, 0xFA, 0x18, 0x89, 0x9A, 0xE0, 0x98, 0x8D, 0xE9, 0x2A, 0xD4, 0xC7,
    0xCC, 0x7C, 0x14, 0xFA, 0x7F, 0xC3, 0xAB, 0xC1, 0x37, 0xD9, 0xF2, 0x5F, 0x31, 0xBD, 0xB5, 0xED,
    0x6A, 0x01, 0x4C, 0x61, 0x3A, 0x1C, 0x52, 0x9F, 0x54, 0x5C, 0x75, 0x42, 0x93, 0x18, 0x83, 0x47,
    0x77, 0x1A, 0xA9, 0xCA, 0x54, 0x26, 0xAE, 0x3A, 0xAA, 0x68, 0x60, 0x0A, 0xC7, 0x1B, 0x9F, 0xF2,
    0x80, 0x1F, 0x6F, 0x4C, 0x41, 0x82, 0x4C, 0x1A, 0xA4, 0xE2, 0x5F, 0x42, 0xD5, 0x29, 0x35, 0xB1,
    0x53, 0xB4, 0x6D, 0x48, 0xB9, 0x7C, 0xBE, 0xB4, 0x50, 0xA9, 0x34, 0x37, 0x22, 0x06, 0x68, 0xDC,
    0xE9, 0xDB, 0xFE, 0x81, 0xD8, 0xBE, 0xE3, 0x99, 0x9C, 0x78, 0xB1, 0x80, 0x7D, 0x48, 0xC8, 0x13,
    0x5D, 0x26, 0x3A, 0xCB, 0xDC, 0x4B, 0xDA, 0x09, 0xE2, 0x4C, 0xA4, 0x60, 0xAE, 0x78, 0xC3, 0x1B,
    0xA4, 0x62, 0xAC, 0x9D, 0xCC, 0x27, 0x12, 0xD7, 0x38, 0x12, 0xF4, 0xBB, 0x69, 0x40, 0x6B, 0x33,
    0x5C, 0xE6, 0x39, 0x7E, 0x82, 0x9F, 0xE1, 0x5F, 0xC5, 0xDF, 0xED, 0x49, 0x5C, 0x4D, 0xEB, 0xF1,
    0xB9, 0x5E, 0xA5, 0x70, 0x8E, 0xBD, 0x11, 0x8F, 0x66, 0x25, 0x62, 0x16, 0x61, 0xC4, 0xA7, 0xAB,
    0x76, 0xE1, 0x06, 0x5B, 0x4F, 0x3C, 0xDF, 0x13, 0xB8, 0x84, 0x11, 0xA4, 0x37, 0x7A, 0x8D, 0x1E,
    0xB8, 0x14, 0xC9, 0xA1, 0xC2, 0x44, 0x4C, 0x80, 0x11, 0xDB, 0x9E, 0xED, 0x95, 0xBB, 0x1A, 0xB7,
    0x53, 0xCF, 0xF1, 0xEC, 0xB2, 0x48, 0x0D, 0x4C, 0xEE, 0xF7, 0x3C, 0x12, 0x37, 0xCD, 0x79, 0x68,
    0xCF, 0x27, 0xF5, 0x10, 0x58, 0x74, 0x44, 0xD2, 0x9C, 0xC9, 0x95, 0xC2, 0x2D, 0x48, 0x5D, 0x95,
    0xD9, 0x38, 0x0A, 0x29, 0x46, 0x71, 0xA6, 0xB1, 0xB4, 0x09, 0x2C, 0x6D, 0xCE, 0x34, 0x0A, 0xB0,
    0x90, 0x0D, 0xD1, 0xCB, 0x70, 0x0B, 0x05, 0x9A, 0x5B, 0xA7, 0xD0, 0x0A, 0x89, 0x94, 0x28, 0x61,
    0x56, 0x10, 0xA3, 0x64, 0x92, 0xDC, 0x25, 0x06, 0xED, 0xB9, 0x13, 0x97, 0xAA, 0x8F, 0x2E, 0x9E,
    0xDD, 0xBD, 0x78, 0xFD, 0x76, 0xFE, 0xFA, 0x97, 0xC5, 0x33, 0x7F, 0xC6, 0x8B, 0xC0, 0x34, 0x36,
    0xA4, 0xBB, 0xC2, 0x65, 0x26, 0x81, 0xEC, 0x21, 0xEB, 0x20, 0x67, 0x61, 0x7A, 0x07, 0x25, 0x0D,
    0x55, 0x8D, 0xDD, 0x37, 0x79, 0x90, 0x5A, 0x96, 0x5E, 0x36, 0x5C, 0x73, 0x4B, 0x37, 0x74, 0x4D,
    0x37, 0x82, 0x3D, 0x40, 0x19, 0xEA, 0x9A, 0x73, 0xA4, 0x03, 0xA1, 0x0E, 0x8C, 0x8C, 0x32, 0xA4,
    0x70, 0xF7, 0x60, 0x99, 0xD0, 0x95, 0x50, 0x57, 0xA2, 0xB1, 0xA9, 0xA1, 0x6E, 0x8A, 0xF1, 0x60,
    0x68, 0xE5, 0xF4, 0x23, 0x06, 0xCC, 0x4D, 0x1D, 0xBA, 0xA4, 0x2B, 0xC1, 0x8B, 0x83, 0x11, 0xFD,
    0x60, 0x84, 0x34, 0xA0, 0x88, 0xA1, 0xBC, 0x80, 0xA1, 0x30, 0x47, 0x22, 0xA7, 0xE8, 0x4C, 0xB1,
    0x8E, 0x19, 0x39, 0x2A, 0x33, 0x54, 0xA6, 0x3C, 0xA5, 0x9D, 0x45, 0xF0, 0x7E, 0x5C, 0x56, 0x42,
    0x63, 0x64, 0xE6, 0x0F, 0xE3, 0x1B, 0x32, 0x1A, 0x0F, 0x58, 0x19, 0xC6, 0x21, 0x0D, 0x98, 0xC9,
    0x95, 0xF0, 0x15, 0x65, 0x1A, 0x73, 0x11, 0x7C, 0x1C, 0x96, 0x8F, 0x41, 0x5F, 0x80, 0xDE, 0x85,
    0x99, 0xC0, 0xD8, 0x82, 0xEE, 0x42, 0x90, 0xBC, 0x10, 0xFD, 0xCB, 0x49, 0xC6, 0xC8, 0x12, 0x49,
    0x0C, 0x97, 0xDF, 0x4D, 0x67, 0x77, 0xFB, 0xAF, 0x3D, 0xEC, 0xCF, 0xFC, 0xD6, 0x2F, 0x3E, 0x1F,
    0x99, 0xD7, 0x5F, 0x3F, 0x33, 0x5C, 0x57, 0xF8, 0xB2, 0xC4, 0x66, 0x1F, 0xB0, 0xE3, 0x8F, 0x59,
    0xF1, 0x19, 0x2B, 0xD6, 0x58, 0xD1, 0x64, 0x0B, 0x2A, 0x5B, 0x97, 0x05, 0x55, 0x4A, 0x87, 0xAE,
    0x32, 0x47, 0x8E, 0x3A, 0x13, 0xA3, 0x7B, 0x8B, 0x02, 0x19, 0x8A, 0xBD, 0x18, 0x25, 0xD4, 0xD0,
    0x0D, 0xA3, 0x63, 0x6E, 0x18, 0x28, 0x8F, 0x63, 0xFF, 0x9F, 0x25, 0x09, 0xB0, 0x45, 0xE5, 0x29,
    0x32, 0x59, 0x26, 0x6E, 0x26, 0x0C, 0x4A, 0xE5, 0x96, 0x20, 0x6F, 0xB8, 0xE2, 0x91, 0xC8, 0x8B,
    0xCA, 0xAA, 0x7A, 0x5E, 0xA1, 0xC6, 0xCC, 0x58, 0xDA, 0x6B, 0xDA, 0x3D, 0xBB, 0x46, 0x95, 0xB5,
    0xBF, 0x8F, 0xDD, 0x5D, 0xAC, 0x3C, 0x80, 0x1C, 0xFD, 0xCB, 0xD4, 0x14, 0x83, 0x0B, 0xA1, 0x25,
    0xE3, 0x15, 0x33, 0xB2, 0x50, 0x9F, 0x0B, 0x8A, 0x3B, 0x26, 0x73, 0xB2, 0xB0, 0x72, 0x30, 0xF3,
    0xD0, 0x4A, 0x50, 0x3C, 0xC8, 0x54, 0x1D, 0x1C, 0x52, 0x84, 0x41, 0x56, 0xE5, 0x8E, 0x26, 0x33,
    0x4B, 0x5B, 0x21, 0xEC, 0x9F, 0xA0, 0xBD, 0xF9, 0x33, 0xD4, 0xCF, 0xFE, 0x80, 0x12, 0x3F, 0xA7,
    0x19, 0x7B, 0xE4, 0xDE, 0xA3, 0xAD, 0x0A, 0xCD, 0x1C, 0xD4, 0xAF, 0xC5, 0x2A, 0x89, 0x16, 0xA6,
    0xC8, 0x51, 0x21, 0x1B, 0xD8, 0xAE, 0x47, 0xFB, 0x26, 0x73, 0x8F, 0xC2, 0x20, 0xB7, 0x97, 0xA0,
    0xF4, 0x20, 0x53, 0xDD, 0x71, 0x61, 0x44, 0xA9, 0x3E, 0x6C, 0x77, 0x0A, 0xA9, 0x94, 0xC8, 0x91,
    0x1A, 0x9A, 0x92, 0x4B, 0x55, 0xD2, 0x4A, 0x93, 0xB1, 0xA4, 0x2D, 0x16, 0x6D, 0x34, 0x2B, 0x95,
    0x85, 0x52, 0x3E, 0x9F, 0x93, 0x5A, 0xA6, 0x36, 0x16, 0x73, 0x4D, 0xA6, 0x0E, 0x92, 0x8F, 0x4A,
    0x1B, 0x95, 0xCA, 0xFC, 0x7C, 0x7D, 0xEF, 0xF2, 0xDC, 0xD4, 0x2C, 0x77, 0x7A, 0xE8, 0x97, 0x53,
    0xBF, 0xEF, 0xA7, 0xB5, 0x6D, 0x60, 0x75, 0xD4, 0x68, 0xDC, 0xB4, 0xE6, 0xB8, 0xBA, 0x63, 0xB8,
    0xBA, 0x6B, 0xED, 0x50, 0x05, 0x53, 0x10, 0x3D, 0xBF, 0x31, 0x6A, 0x43, 0x05, 0x71, 0x58, 0xB1,
    0x29, 0x4A, 0xD9, 0xEC, 0x38, 0xDB, 0xBE, 0x23, 0xD4, 0xE9, 0x2C, 0x7F, 0x3F, 0x9A, 0xD5, 0xF7,
    0xFD, 0x20, 0xA5, 0x59, 0x45, 0x2A, 0x17, 0x64, 0x37, 0x8C, 0x9E, 0x85, 0x41, 0x68, 0x61, 0xA2,
    0x03, 0xDA, 0x3C, 0x73, 0xDB, 0x8B, 0xBD, 0xE4, 0x7C, 0xBC, 0xC4, 0xCE, 0xB1, 0x7A, 0xFA, 0xA3,
    0x1F, 0x57, 0x03, 0xBE, 0x0A, 0x02, 0x15, 0xE6, 0xA6, 0xA8, 0x75, 0xE0, 0x12, 0x87, 0x89, 0x0D,
    0xEA, 0x28, 0x89, 0x37, 0xF8, 0x76, 0xC4, 0xEC, 0x40, 0x07, 0xC8, 0x8E, 0x4E, 0xEA, 0xD2, 0xA8,
    0x0D, 0x1E, 0xD6, 0xF5, 0x71, 0x04, 0x4E, 0xCB, 0xA9, 0xBA, 0xBC, 0xCE, 0xDD, 0xD4, 0xE9, 0x0C,
    0x96, 0x57, 0x0F, 0xAD, 0x9D, 0x78, 0x68, 0x3D, 0x23, 0xAC, 0x5B, 0x02, 0x4C, 0xE0, 0xBC, 0xFC,
    0x0D, 0xEA, 0x75, 0xB4, 0xFE, 0x8B, 0x06, 0x85, 0xE7, 0x8F, 0xC3, 0xB5, 0x45, 0x78, 0x77, 0x9E,
    0xD4, 0x1C, 0xC7, 0x72, 0x74, 0x87, 0x92, 0x54, 0xDB, 0x3B, 0x70, 0x3A, 0xFB, 0xD1, 0xA1, 0x94,
    0x6C, 0x0B, 0x24, 0xE9, 0x45, 0x2B, 0xA9, 0xF5, 0xDD, 0xC2, 0x18, 0x96, 0xCD, 0x86, 0x6D, 0xEE,
    0xA3, 0x1E, 0x66, 0xE3, 0x6E, 0xFC, 0x39, 0x55, 0xE2, 0x11, 0xCC, 0xE1, 0x16, 0x9D, 0xB5, 0x09,
    0x31, 0x93, 0x52, 0xB4, 0xBA, 0xFA, 0x12, 0x98, 0xCC, 0xA2, 0xD1, 0xA7, 0xA3, 0xBE, 0x74, 0xD2,
    0x29, 0x59, 0x0B, 0x46, 0x45, 0x6B, 0xAA, 0x5C, 0x89, 0x96, 0xDE, 0x3B, 0x69, 0x4E, 0xCF, 0x69,
    0x66, 0x51, 0xBD, 0xD2, 0x54, 0xBE, 0xE9, 0xC9, 0x8F, 0x78, 0xE6, 0x61, 0xB4, 0xD6, 0x2A, 0x2F,
    0xAA, 0x5D, 0x99, 0x1F, 0x4D, 0x4A, 0xFE, 0xFD, 0xFD, 0x3B, 0xAB, 0x9D, 0x05, 0xA7, 0x62, 0x34,
    0xB5, 0x0D, 0x95, 0xDA, 0xAA, 0x4C, 0xDD, 0xD0, 0xC7, 0x5A, 0xF7, 0x93, 0x98, 0x8A, 0x86, 0x19,
    0x70, 0x16, 0x06, 0xA9, 0x14, 0x6A, 0xA3, 0x4F, 0x88, 0x89, 0xAB, 0x94, 0x3B, 0x73, 0x9C, 0xC5,
    0x4C, 0xC8, 0xA2, 0x43, 0xF2, 0x01, 0x26, 0x87, 0x9D, 0xBE, 0x38, 0xE1, 0xE4, 0xD8, 0x5F, 0x46,
    0xA9, 0x78, 0xF3, 0x72, 0xA3, 0xFB, 0x0F, 0x85, 0x55, 0x4D, 0x6C, 0x1B, 0x45, 0x14, 0xFE, 0xF6,
    0xC7, 0x5E, 0x39, 0xDB, 0xD8, 0x5B, 0xE1, 0xB6, 0x49, 0xE3, 0xDD, 0xCD, 0xC1, 0x07, 0x13, 0xB2,
    0x8E, 0x1B, 0x52, 0xA8, 0xE8, 0xDA, 0x79, 0x15, 0xDC, 0xB8, 0x18, 0x51, 0xA4, 0x0A, 0x21, 0x48,
    0x0B, 0x12, 0x81, 0xF2, 0xE3, 0x0A, 0x4B, 0xDD, 0xA0, 0x8D, 0x76, 0x6F, 0x88, 0x9B, 0xC5, 0x09,
    0x10, 0x48, 0x3E, 0xF4, 0x10, 0x38, 0x54, 0x46, 0xF8, 0x10, 0xA9, 0x7F, 0x5B, 0x71, 0xA0, 0x17,
    0xA4, 0xBD, 0x17, 0x21, 0x23, 0x71, 0xE0, 0x54, 0xF6, 0xE0, 0x4A, 0x3D, 0x24, 0x0D, 0x6F, 0xDC,
    0x34, 0x10, 0x3B, 0x3F, 0xF3, 0x46, 0xEB, 0xF1, 0x37, 0xDF, 0xBC, 0x99, 0xB7, 0xEF, 0x7B, 0xB3,
    0x4B, 0x5D, 0x4C, 0x37, 0x1A, 0x8D, 0x6E, 0xD7, 0x90, 0x28, 0x97, 0x54, 0x9B, 0x2B, 0xF5, 0x15,
    0x5A, 0xA1, 0xDA, 0x79, 0xBD, 0x27, 0x11, 0x60, 0xF7, 0xDC, 0xA6, 0x6B, 0xCC, 0xE2, 0xD3, 0x56,
    0x16, 0xE3, 0x28, 0x9F, 0xBF, 0xD1, 0x07, 0xB7, 0x97, 0x3A, 0xA5, 0xF6, 0x74, 0xA5, 0xB4, 0x74,
    0xB6, 0x03, 0xDC, 0xF2, 0xDD, 0x8A, 0x33, 0x9D, 0x6D, 0xD9, 0xF1, 0x54, 0xBC, 0xD8, 0xD7, 0x42,
    0x3B, 0xA6, 0x88, 0x1B, 0xAF, 0x15, 0x3F, 0x51, 0x8A, 0x9E, 0xED, 0x2D, 0xD4, 0x1D, 0x9C, 0x8D,
    0x2B, 0x9D, 0xEA, 0x82, 0x9E, 0xA0, 0xB3, 0x50, 0x71, 0xDA, 0x29, 0x3A, 0x8A, 0xCF, 0x42, 0xE1,
    0x0A, 0xE9, 0x07, 0x28, 0x1C, 0x8B, 0xE6, 0xBF, 0xAF, 0xBF, 0x8B, 0xCA, 0xFB, 0xA8, 0xF0, 0x73,
    0xFE, 0x9B, 0xFA, 0xC4, 0x1B, 0x91, 0x76, 0x5D, 0xCC, 0x9E, 0xC5, 0x09, 0xBA, 0x4A, 0x37, 0x42,
    0x03, 0x99, 0xE9, 0x42, 0xFC, 0x42, 0xE4, 0xC4, 0xE3, 0x0D, 0x20, 0xE8, 0xA3, 0xC8, 0x66, 0xE0,
    0x76, 0x5E, 0x78, 0xF8, 0x11, 0x93, 0xE7, 0xA2, 0xF9, 0xDF, 0xEB, 0x17, 0xBF, 0xAC, 0xBC, 0xF6,
    0x77, 0xE5, 0xE2, 0xD7, 0x95, 0xF9, 0xDF, 0xEA, 0x8C, 0x30, 0xCE, 0xED, 0xD8, 0xF9, 0x99, 0x6B,
    0xC0, 0x22, 0x2E, 0xD1, 0x25, 0x2A, 0x43, 0x82, 0xC2, 0x16, 0xF4, 0xC5, 0x53, 0xE2, 0xDF, 0x3C,
    0xAE, 0xE2, 0x19, 0x64, 0x50, 0xA4, 0x80, 0x4F, 0xAC, 0xF2, 0xBF, 0x13, 0x38, 0x09, 0x85, 0x2E,
    0xF3, 0x78, 0xF2, 0x8C, 0xD1, 0x6E, 0x27, 0xDB, 0xED, 0x61, 0xB2, 0xE5, 0x47, 0xE8, 0xA1, 0x83,
    0xE3, 0x6B, 0x41, 0x33, 0x68, 0x04, 0x8D, 0xC5, 0x86, 0xD2, 0x90, 0xB7, 0x4D, 0xF3, 0x52, 0xF9,
    0xBC, 0x9B, 0x47, 0x69, 0xDC, 0x57, 0xE1, 0xF0, 0x9B, 0x12, 0x66, 0xF1, 0xEE, 0xCF, 0xD1, 0x95,
    0xE8, 0xA7, 0xE8, 0xC5, 0x50, 0xC5, 0xA9, 0xB0, 0x10, 0x67, 0x3B, 0x85, 0xDE, 0xE9, 0x27, 0x61,
    0x7B, 0x69, 0x2C, 0x67, 0x50, 0x2A, 0xA0, 0x54, 0xA4, 0xD5, 0x2B, 0x31, 0xBE, 0x8A, 0xA5, 0x7B,
    0xB1, 0xFC, 0x66, 0xA2, 0x49, 0xBD, 0xC1, 0x3C, 0xFC, 0x34, 0xDE, 0x3A, 0x82, 0xC2, 0x04, 0x0A,
    0xA7, 0xE8, 0xE3, 0x0F, 0x3B, 0xB8, 0xDB, 0x90, 0xC2, 0x58, 0x91, 0x29, 0xAD, 0x8B, 0x14, 0xA8,
    0xC0, 0x55, 0x05, 0x27, 0xD2, 0x38, 0x79, 0x04, 0xCA, 0x05, 0xBA, 0x7C, 0x25, 0x56, 0x2F, 0xC5,
    0xB8, 0x17, 0x4B, 0xDF, 0x26, 0xCA, 0xC0, 0x83, 0x4C, 0x4A, 0x24, 0x9E, 0x1A, 0x39, 0xF0, 0xE1,
    0x35, 0x9D, 0x7E, 0x8A, 0xD2, 0x04, 0x99, 0x41, 0x02, 0x33, 0xE4, 0x04, 0x4A, 0x13, 0x69, 0x17,
    0x19, 0x07, 0xD9, 0xDB, 0x98, 0xC8, 0x61, 0x21, 0x47, 0xB7, 0xEC, 0x18, 0x25, 0xA0, 0x7B, 0x18,
    0xA7, 0x05, 0xA5, 0x0B, 0x49, 0x3D, 0x88, 0x23, 0xBD, 0x02, 0x7D, 0x03, 0xAA, 0x71, 0x20, 0x27,
    0x0F, 0xED, 0x8C, 0x88, 0xF5, 0x20, 0x4E, 0x1B, 0x72, 0x11, 0x52, 0xB2, 0xFF, 0x61, 0xB6, 0x36,
    0x81, 0xEB, 0x69, 0xE0, 0x0F, 0x09, 0xF2, 0xDB, 0xAC, 0x06, 0x7B, 0x0D, 0x3A, 0x6B, 0x67, 0xC2,
    0x92, 0xB0, 0x60, 0x29, 0xD8, 0x08, 0xB6, 0x78, 0x07, 0x6D, 0xD3, 0xCC, 0xB9, 0xAA, 0x0F, 0x61,
    0x2E, 0x2C, 0x59, 0xDB, 0xE4, 0x5C, 0x2E, 0x48, 0xC9, 0x18, 0xB4, 0x10, 0x14, 0x6C, 0x3A, 0x19,
    0x53, 0xB5, 0x60, 0x5F, 0x33, 0x61, 0x4A, 0xA6, 0x16, 0x3C, 0xC6, 0x92, 0x14, 0xB3, 0x3E, 0x46,
    0x70, 0x39, 0x1C, 0x6B, 0xAB, 0xC6, 0x28, 0x9E, 0x32, 0xB2, 0x4D, 0xEC, 0xC1, 0x7F, 0x0F, 0xB3,
    0x9C, 0xAB, 0x80, 0x95, 0x67, 0xFD, 0xCF, 0x02, 0x4E, 0x45, 0x76, 0x4F, 0x7C, 0x92, 0x15, 0x4F,
    0x34, 0x8A, 0x1F, 0xC5, 0xCF, 0xAC, 0x9B, 0x51, 0x3C, 0x78, 0x04, 0xC7, 0x86, 0xA9, 0x85, 0x65,
    0x2D, 0x0A, 0xBE, 0x88, 0x4C, 0x2D, 0x32, 0xF5, 0xD0, 0xB4, 0xC1, 0xB8, 0x74, 0x8E, 0xA3, 0x06,
    0xF2, 0x58, 0xD5, 0xE2, 0x39, 0x89, 0xA6, 0xEE, 0xD2, 0xF1, 0x3F, 0x29, 0xFF, 0x90, 0xF2, 0x35,
    0xCA, 0xDB, 0x54, 0xD4, 0x69, 0x55, 0x21, 0x99, 0xF3, 0x1C, 0x03, 0x75, 0xC1, 0x34, 0x75, 0x72,
    0x95, 0xC8, 0x7F, 0xDA, 0x79, 0xEC, 0xE8, 0x24, 0x3C, 0x70, 0x63, 0x51, 0x34, 0x85, 0x28, 0x0E,
    0xA1, 0x71, 0xAE, 0xD6, 0x85, 0x2E, 0x0E, 0xA6, 0xB1, 0x34, 0xB4, 0x0D, 0x71, 0xB0, 0x43, 0x68,
    0xEC, 0xE7, 0x23, 0x0C, 0x72, 0x77, 0xE0, 0xA6, 0x28, 0x4E, 0x9B, 0xB1, 0x46, 0xE3, 0x71, 0x71,
    0x49, 0xAC, 0x82, 0xF6, 0x18, 0x66, 0x8E, 0xDC, 0xA9, 0xC8, 0x7F, 0x3E, 0xF2, 0x5F, 0x8F, 0xFC,
    0x5F, 0xA2, 0xDA, 0xCB, 0xD1, 0x9C, 0x4E, 0xB9, 0x4D, 0x51, 0x35, 0xDB, 0x11, 0x1B, 0xB8, 0xF3,
    0x6A, 0xE8, 0x28, 0x18, 0xEA, 0x56, 0x5A, 0xA8, 0x76, 0x3B, 0xE2, 0x41, 0x19, 0x1C, 0x42, 0xE3,
    0x88, 0xD7, 0xC4, 0x49, 0x0F, 0xA6, 0x31, 0x41, 0xF9, 0x4E, 0x0C, 0x0E, 0xF1, 0x56, 0x04, 0x12,
    0xB1, 0xE9, 0x96, 0x4D, 0xD5, 0x31, 0x58, 0x47, 0x90, 0xBB, 0x00, 0xAD, 0x03, 0x85, 0xCB, 0x23,
    0x16, 0x9D, 0x4B, 0x9F, 0x25, 0x40, 0xD6, 0xBA, 0xE5, 0x58, 0x65, 0xCB, 0xB1, 0xD7, 0x2D, 0x96,
    0x8A, 0xDC, 0x86, 0x35, 0x8B, 0xD9, 0x2C, 0x6E, 0x7E, 0x02, 0xB7, 0x87, 0x6A, 0x02, 0x77, 0x15,
    0x6E, 0x8E, 0xAA, 0xBF, 0xD2, 0xAD, 0x07, 0xC2, 0xEB, 0x24, 0x74, 0x70, 0xFE, 0x63, 0xB7, 0x83,
    0x6E, 0xB9, 0xEF, 0x75, 0xBD, 0x7E, 0xED, 0x26, 0xC3, 0x2D, 0x39, 0x92, 0x30, 0x8C, 0xCA, 0x94,
    0x8D, 0x55, 0x63, 0x18, 0x4D, 0x19, 0x73, 0x89, 0x31, 0xE2, 0x41, 0xAD, 0x9B, 0x7C, 0xDA, 0x11,
    0xBF, 0x48, 0x47, 0x99, 0x96, 0x3C, 0xC2, 0x9E, 0xBA, 0xDF, 0x72, 0xD7, 0x13, 0x74, 0xBB, 0xE5,
    0x2D, 0xC6, 0xE0, 0x3D, 0x32, 0x16, 0xDF, 0x11, 0x17, 0x95, 0xCE, 0x3C, 0xAF, 0xEE, 0xC1, 0x83,
    0x6B, 0xD8, 0x3D, 0x85, 0xA4, 0x48, 0x0F, 0x33, 0xD0, 0x08, 0xC4, 0x33, 0x5D, 0xCF, 0x0B, 0xFA,
    0x3C, 0x93, 0xB7, 0x13, 0xF1, 0xB2, 0x65, 0xAE, 0xC9, 0x61, 0xF4, 0xC9, 0x89, 0x87, 0x51, 0x3E,
    0x5B, 0x07, 0x23, 0xDC, 0x12, 0xD7, 0x8C, 0x84, 0x19, 0xE4, 0x76, 0x6C, 0x2E, 0x4A, 0xC3, 0x64,
    0x35, 0xAC, 0xF1, 0xAD, 0xF0, 0xD4, 0xEE, 0x60, 0x0C, 0x33, 0xA1, 0x41, 0xBB, 0x79, 0x06, 0x9D,
    0xE6, 0xBB, 0x73, 0x37, 0x26, 0xF6, 0x1D, 0xEB, 0xA5, 0xBA, 0xCE, 0x4D, 0xCF, 0x15, 0xE6, 0x9E,
    0xB1, 0x39, 0xA4, 0x94, 0x0A, 0xBB, 0x2F, 0x8A, 0xEA, 0x83, 0x3E, 0x6A, 0x3E, 0xAA, 0xEC, 0xF3,
    0x69, 0xBF, 0xB3, 0xB8, 0x9D, 0x0D, 0x3E, 0x99, 0xB7, 0xB3, 0x46, 0xC4, 0x36, 0xB8, 0x6F, 0x86,
    0xD1, 0x9D, 0xD8, 0x76, 0xA1, 0x29, 0xC3, 0xE6, 0x6C, 0x0C, 0xA3, 0x3B, 0x11, 0xEF, 0xF6, 0xC0,
    0xDF, 0xB9, 0xC1, 0xF7, 0x92, 0x47, 0xB2, 0x78, 0xDB, 0x7D, 0x9E, 0xDF, 0x58, 0xF1, 0x3F, 0xE7,
    0xF9, 0x72, 0xC2, 0x5F, 0x55, 0x2E, 0x2F, 0xD6, 0x27, 0x61, 0x79, 0xF9, 0xBF, 0x53, 0x72, 0x77,
    0x5C, 0xD8, 0xFF, 0x0C, 0x34, 0xB9, 0x24, 0xEA, 0x45, 0xC2, 0xBE, 0x04, 0x39, 0xC4, 0x58, 0x5B,
    0x5C, 0xF4, 0xFB, 0x11, 0x78, 0x2A, 0xDB, 0x10, 0x83, 0x7D, 0xB7, 0x18, 0x28, 0xF1, 0x87, 0x65,
    0xBF, 0xE8, 0x56, 0xAC, 0xA5, 0x5C, 0x4B, 0x8F, 0x94, 0x50, 0xE1, 0x1C, 0x78, 0x58, 0x1E, 0xE4,
    0xA3, 0xFA, 0x57, 0xCD, 0x75, 0x1D, 0xD7, 0x74, 0xCD, 0xAA, 0x53, 0x7B, 0xF4, 0x24, 0x43, 0xAA,
    0x21, 0xA2, 0xDD, 0x6B, 0xCD, 0xBF, 0x85, 0x57, 0x3F, 0x6C, 0x1B, 0x55, 0x18, 0xFF, 0xBD, 0xBB,
    0xB3, 0x2F, 0xF1, 0xB5, 0xB9, 0x1B, 0x0C, 0x0A, 0x6A, 0xEE, 0xAE, 0x43, 0x24, 0x20, 0x60, 0x87,
    0x21, 0xA0, 0x20, 0xEE, 0xEC, 0x57, 0x15, 0x89, 0xA1, 0x42, 0x18, 0x09, 0xA4, 0x6E, 0x18, 0xA9,
    0x43, 0x02, 0x4B, 0x90, 0x3C, 0x9C, 0x54, 0xA7, 0x7E, 0x1B, 0xAB, 0x19, 0x60, 0x41, 0x48, 0x96,
    0xE8, 0x50, 0x16, 0xEA, 0xC1, 0x48, 0x1D, 0x42, 0x7C, 0xA5, 0x12, 0x12, 0xDB, 0x49, 0x0C, 0x2C,
    0x20, 0x5D, 0x27, 0xBA, 0xD5, 0x83, 0x2B, 0x32, 0x24, 0x0D, 0xDF, 0x3B, 0xFF, 0x69, 0x6C, 0x5F,
    0x2E, 0x79, 0x5F, 0x6C, 0xE7, 0xF9, 0xF7, 0xFB, 0xDE, 0x77, 0xDF, 0xDF, 0x17, 0xE5, 0x2E, 0xD8,
    0x27, 0x60, 0x31, 0x94, 0x01, 0xD4, 0x06, 0xF2, 0x1E, 0x96, 0x4B, 0x58, 0x39, 0xC4, 0xAA, 0x89,
    0x2D, 0x93, 0xFF, 0xEA, 0x46, 0x85, 0x76, 0xAE, 0x76, 0x25, 0xF2, 0xBA, 0xE8, 0x95, 0x87, 0x41,
    0x2F, 0x18, 0x56, 0x0E, 0x00, 0xA6, 0x41, 0xED, 0x01, 0xB5, 0x2C, 0x5E, 0xB1, 0xB6, 0x12, 0x31,
    0xBE, 0xC0, 0x3C, 0x9F, 0x80, 0x3C, 0x70, 0x19, 0x30, 0xC2, 0x59, 0x0E, 0x0B, 0x15, 0xC1, 0x06,
    0x58, 0x45, 0x03, 0x5C, 0x3F, 0xB1, 0x4D, 0x4F, 0x6B, 0x42, 0x2E, 0x0F, 0x8E, 0xA2, 0x9F, 0x00,
    0x68, 0x2B, 0x21, 0x83, 0x41, 0x9C, 0xA0, 0x16, 0x20, 0x80, 0x67, 0xB9, 0xB1, 0xDC, 0x55, 0x7B,
    0x4C, 0x4B, 0xC3, 0xE7, 0xF9, 0x4A, 0x54, 0xB4, 0x16, 0xF1, 0x18, 0x00, 0x69, 0x78, 0x85, 0xEB,
    0x02, 0x0B, 0xFA, 0x73, 0x9A, 0xD2, 0x43, 0x2D, 0x0D, 0x4F, 0xCF, 0x1D, 0x32, 0xBE, 0x80, 0x2F,
    0x42, 0xED, 0x4A, 0x8F, 0xB5, 0x8E, 0x50, 0x72, 0x61, 0xEB, 0xC2, 0xD6, 0xC3, 0xB1, 0x18, 0xC2,
    0x76, 0xE5, 0x3E, 0xEE, 0xD6, 0xB0, 0x1F, 0xC2, 0xE7, 0x2E, 0x69, 0x3B, 0x40, 0xE0, 0x8D, 0xC5,
    0x6B, 0x62, 0xF3, 0x67, 0x32, 0xF1, 0x05, 0xB7, 0xAC, 0x87, 0xAD, 0xAF, 0xE7, 0xB8, 0x68, 0x2A,
    0x87, 0x39, 0xAF, 0x72, 0x10, 0x34, 0x03, 0x2F, 0xF0, 0xBC, 0xA6, 0xA4, 0xE4, 0x3B, 0xB9, 0x5A,
    0xEB, 0xA4, 0xB4, 0x6C, 0x6B, 0x0E, 0xDC, 0xBB, 0x36, 0x6C, 0x66, 0xEB, 0xAD, 0xE7, 0x32, 0xA2,
    0x64, 0x5F, 0x2F, 0x08, 0x5A, 0x43, 0xB2, 0xAF, 0xE8, 0xD2, 0x93, 0x6B, 0x96, 0x3E, 0x60, 0x7C,
    0x11, 0xAB, 0x59, 0x32, 0x8A, 0xF3, 0x68, 0x26, 0xD4, 0x90, 0xCC, 0x59, 0x40, 0x4F, 0x7D, 0x35,
    0x83, 0x5E, 0xC4, 0x61, 0x0B, 0x7B, 0xD8, 0x3F, 0x83, 0xB3, 0xDC, 0x81, 0x22, 0x54, 0xAE, 0xC4,
    0x4B, 0x96, 0x1E, 0xA7, 0xD9, 0x31, 0xF5, 0xEA, 0x8C, 0x66, 0x74, 0xC0, 0x9E, 0xC8, 0x6C, 0xD4,
    0x9F, 0xC3, 0xD1, 0xB9, 0xC7, 0x28, 0x0E, 0x68, 0xE6, 0x78, 0xD3, 0x0D, 0x3D, 0x83, 0x3B, 0x06,
    0xD7, 0x9F, 0x72, 0x42, 0xE5, 0xE1, 0x84, 0x56, 0xCD, 0x3D, 0x68, 0xC4, 0x8D, 0xC1, 0xBB, 0xF1,
    0x06, 0x7F, 0x9B, 0x57, 0x87, 0xBF, 0x04, 0xF1, 0x56, 0x2B, 0x22, 0xAA, 0x72, 0x2C, 0xC3, 0x92,
    0xAD, 0xC0, 0xE2, 0x4E, 0x98, 0x43, 0x9A, 0x02, 0xD4, 0x21, 0x13, 0x07, 0x17, 0x5A, 0x60, 0xD2,
    0x5B, 0xAA, 0x82, 0x6C, 0x6A, 0x0D, 0x20, 0x88, 0x00, 0xE3, 0x2A, 0x67, 0xE9, 0x0A, 0x26, 0x3E,
    0x68, 0x7D, 0x14, 0x97, 0x75, 0xE1, 0x24, 0xE2, 0xDE, 0x1F, 0x7F, 0x20, 0xA1, 0xFD, 0x02, 0xF0,
    0x06, 0xC7, 0x03, 0x4E, 0x49, 0x2A, 0xC5, 0x1F, 0xA2, 0xD2, 0x84, 0x4F, 0x99, 0x35, 0x91, 0x7E,
    0x75, 0x4C, 0xEF, 0xDF, 0x8F, 0x17, 0xE9, 0x3B, 0x09, 0xEB, 0x50, 0xC0, 0xAF, 0x81, 0x8A, 0x78,
    0x8E, 0xB8, 0xCE, 0x9F, 0x8A, 0x6B, 0x68, 0xF1, 0x32, 0x9C, 0x33, 0xAB, 0xC5, 0x8B, 0x56, 0x95,
    0x52, 0x67, 0x03, 0xE6, 0x74, 0x6D, 0x86, 0x1B, 0x78, 0x29, 0x05, 0xB9, 0x8B, 0x4F, 0x71, 0x8F,
    0x8E, 0x98, 0xAC, 0x3E, 0x3E, 0xE6, 0xB7, 0xA1, 0xA5, 0x20, 0xAF, 0xE1, 0x10, 0xC5, 0x39, 0xEC,
    0x22, 0x6A, 0x0D, 0xAF, 0xC1, 0xA5, 0x8E, 0x41, 0x46, 0xCF, 0x61, 0x57, 0x29, 0xF3, 0xCA, 0xF4,
    0x5A, 0x92, 0xD5, 0xB4, 0xC0, 0x9B, 0xD3, 0xFB, 0x59, 0x34, 0xF5, 0xE7, 0x59, 0x69, 0x7D, 0x20,
    0x40, 0x69, 0x4E, 0x01, 0xF5, 0xB1, 0xBA, 0xEC, 0x39, 0x74, 0xC6, 0xAE, 0xE7, 0x4C, 0x56, 0x5F,
    0xAA, 0x2A, 0xA1, 0x47, 0x6D, 0x26, 0xB4, 0x2C, 0x37, 0xD2, 0xC5, 0xDC, 0xE2, 0x26, 0xF7, 0x51,
    0xC0, 0x86, 0xB0, 0x66, 0x7C, 0x33, 0x5A, 0xFB, 0x74, 0xAA, 0x28, 0x5F, 0x86, 0xBD, 0x0E, 0xBB,
    0x03, 0x4A, 0x71, 0xE7, 0x01, 0x6C, 0x1F, 0xB2, 0xC6, 0x6F, 0x84, 0xB0, 0xC6, 0xC9, 0xB0, 0x33,
    0xB2, 0x71, 0xD7, 0xDB, 0xF2, 0xA3, 0x6A, 0xE4, 0x0F, 0xBD, 0x66, 0x7F, 0x13, 0x9C, 0x1A, 0xA5,
    0xB4, 0x64, 0xB4, 0x37, 0xF0, 0x82, 0xFE, 0x26, 0xA3, 0xD3, 0xE6, 0xBC, 0xA8, 0x38, 0xF9, 0xD6,
    0x73, 0xB2, 0x6D, 0xA2, 0xE3, 0x7C, 0x4F, 0x26, 0x48, 0x70, 0x45, 0x28, 0xA9, 0x58, 0x8D, 0x7C,
    0x7C, 0x15, 0xAD, 0x0F, 0xCB, 0x6B, 0xB3, 0x8C, 0x9D, 0x9A, 0x17, 0xF9, 0x3C, 0x55, 0xEF, 0xAA,
    0x63, 0x4F, 0x51, 0x2F, 0xBE, 0xAF, 0x7B, 0x83, 0xB3, 0x28, 0x37, 0x2C, 0xE3, 0xCE, 0x1C, 0xAA,
    0x42, 0x9E, 0x3E, 0x18, 0xEB, 0xC2, 0x2B, 0xC0, 0xB6, 0xAC, 0xD8, 0x7D, 0x3D, 0xDA, 0xA4, 0xF9,
    0xF2, 0x90, 0xBF, 0xFC, 0x98, 0x17, 0x9F, 0xF1, 0x62, 0x85, 0x17, 0x5D, 0xBE, 0x6E, 0xF0, 0x7D,
    0x95, 0xE3, 0x16, 0x10, 0x53, 0xC9, 0x60, 0x37, 0x2D, 0xD1, 0xB3, 0x88, 0x96, 0x6C, 0x29, 0xE4,
    0xE1, 0x54, 0x22, 0x38, 0x14, 0x01, 0x85, 0x46, 0x82, 0x26, 0x4B, 0x2E, 0xDB, 0x86, 0x25, 0x0B,
    0x7A, 0xE7, 0x5C, 0x1B, 0xF6, 0x40, 0xE3, 0x0C, 0xEF, 0x7C, 0x2F, 0xBE, 0xF9, 0x2F, 0x62, 0x8F,
    0xA7, 0x12, 0xEB, 0xCF, 0x86, 0x59, 0xE6, 0x91, 0x3A, 0x85, 0x63, 0x85, 0x74, 0x56, 0x9A, 0xBE,
    0x37, 0xFA, 0xE9, 0x8F, 0x7C, 0x34, 0x54, 0x92, 0x41, 0x4E, 0x13, 0xC8, 0x36, 0xB8, 0xA7, 0x86,
    0xCD, 0x89, 0xD0, 0xE7, 0x12, 0xF5, 0x12, 0x39, 0x29, 0x31, 0xEE, 0xFC, 0x81, 0x9C, 0x10, 0x34,
    0x23, 0xB6, 0x93, 0x5E, 0x4E, 0xB3, 0xFC, 0x28, 0x69, 0x81, 0x99, 0xD4, 0xE9, 0x20, 0x98, 0x21,
    0xE3, 0x5B, 0x28, 0x3F, 0x80, 0x59, 0x17, 0x90, 0x95, 0x5B, 0x85, 0x3D, 0x6D, 0x91, 0x2C, 0x7B,
    0xDF, 0xE9, 0x29, 0x6C, 0x53, 0x85, 0x67, 0x52, 0xFB, 0x33, 0xA9, 0xFF, 0x99, 0xF7, 0x92, 0x77,
    0x8F, 0x7E, 0x4B, 0x26, 0xCD, 0x93, 0xD3, 0x53, 0xD9, 0x3F, 0x61, 0xFC, 0x15, 0x7B, 0xFB, 0x92,
    0x19, 0x54, 0x8F, 0xE5, 0x48, 0xAC, 0x2C, 0xB9, 0xFF, 0x0E, 0xE5, 0x17, 0x93, 0x50, 0xD3, 0x0C,
    0x2C, 0x53, 0x76, 0xB9, 0x70, 0x28, 0x87, 0x1E, 0xC8, 0xBA, 0x71, 0x7C, 0xF9, 0x27, 0xD5, 0xCD,
    0xA8, 0x0C, 0x76, 0x07, 0x95, 0x9E, 0x6F, 0x8D, 0x53, 0x92, 0x67, 0xC0, 0x29, 0xCC, 0x2C, 0x4C,
    0x22, 0x37, 0xC3, 0x18, 0x25, 0xFC, 0xD2, 0x55, 0xE8, 0x17, 0x9D, 0x27, 0x67, 0x55, 0x6E, 0x8E,
    0x8D, 0x3A, 0x8B, 0x18, 0x9C, 0x78, 0xAB, 0xD1, 0xB0, 0x2A, 0xDC, 0x8D, 0xD9, 0x51, 0x7D, 0xBB,
    0xBB, 0x5D, 0xA1, 0x9B, 0x01, 0x6B, 0xAB, 0x22, 0x87, 0x2B, 0x62, 0x2F, 0x0A, 0x50, 0x15, 0xF9,
    0xB8, 0x13, 0xDF, 0x0E, 0xE5, 0xAD, 0x63, 0x25, 0xD2, 0xAC, 0x34, 0x7C, 0x01, 0x65, 0x6A, 0x1D,
    0xF3, 0x78, 0xA4, 0xE8, 0xA6, 0x89, 0x11, 0x1A, 0x62, 0x16, 0x59, 0x80, 0xCA, 0x5D, 0x14, 0xAD,
    0x02, 0x05, 0x33, 0x4D, 0xFB, 0x55, 0xE1, 0xA6, 0x58, 0x43, 0x41, 0x7A, 0xF4, 0x08, 0xD7, 0x1F,
    0x82, 0xC6, 0xFE, 0x59, 0x31, 0x86, 0x74, 0x15, 0x90, 0x01, 0xD0, 0x23, 0x6A, 0x08, 0x6B, 0xB8,
    0x43, 0xAD, 0x6D, 0x52, 0xD8, 0xAE, 0x18, 0x9D, 0x35, 0xF5, 0x58, 0x86, 0x12, 0xD4, 0xB4, 0xE8,
    0x12, 0xBF, 0x23, 0x26, 0x6C, 0x9F, 0xD8, 0xB3, 0xA7, 0x5E, 0x79, 0x72, 0x86, 0x30, 0x98, 0x1E,
    0xE6, 0xD3, 0xEB, 0xE8, 0x30, 0x72, 0xE4, 0x35, 0x24, 0xF7, 0x2F, 0xF4, 0x6F, 0x88, 0x92, 0x8A,
    0x39, 0x71, 0xF2, 0x30, 0x8E, 0xA5, 0x9F, 0x72, 0x1A, 0x4C, 0x79, 0x22, 0x76, 0x76, 0x5E, 0x94,
    0x24, 0x49, 0x89, 0xB4, 0x3C, 0x95, 0x00, 0x96, 0x14, 0x52, 0xB6, 0x92, 0x7C, 0x1B, 0xB9, 0x0C,
    0x0D, 0x74, 0xAB, 0x48, 0x4A, 0x2A, 0x5B, 0x89, 0x66, 0xC1, 0x48, 0x3C, 0x73, 0x9E, 0x1E, 0x59,
    0x39, 0x5D, 0x2A, 0x1E, 0x79, 0x3B, 0xCD, 0x56, 0x35, 0x35, 0x29, 0x4B, 0xDB, 0x77, 0x50, 0xFE,
    0x01, 0xBB, 0xC8, 0x3F, 0xCA, 0x4D, 0xE8, 0x0D, 0x68, 0xE7, 0x3F, 0x1D, 0x65, 0xF8, 0x1C, 0xD7,
    0x56, 0xE1, 0xEA, 0x89, 0xF3, 0x23, 0x59, 0x3A, 0x18, 0x9E, 0xC3, 0xAD, 0x27, 0xF3, 0xEB, 0x40,
    0xE6, 0x30, 0x28, 0x8B, 0xE5, 0xBD, 0x0A, 0xFD, 0x3C, 0xB5, 0x05, 0x53, 0xE5, 0x25, 0xF3, 0x3A,
    0x95, 0xCF, 0xEF, 0x30, 0x5F, 0xFD, 0x03, 0xC6, 0x57, 0x7F, 0x53, 0xCE, 0x1C, 0x43, 0x8D, 0x8E,
    0x28, 0xDE, 0xD4, 0x28, 0x97, 0x81, 0xF7, 0xA8, 0x39, 0xF3, 0x8D, 0xF7, 0x5F, 0x77, 0x57, 0xD6,
    0x4C, 0xB7, 0x68, 0x7C, 0x59, 0xD7, 0x7F, 0xEC, 0xAA, 0x7F, 0x46, 0xCA, 0x6F, 0x21, 0x6B, 0x43,
    0xEF, 0x42, 0x2B, 0xE2, 0xD4, 0xE5, 0x7E, 0x01, 0xCE, 0x25, 0x98, 0x37, 0xE5, 0x8E, 0x4A, 0xFF,
    0x6A, 0x44, 0x52, 0x28, 0xC1, 0x46, 0x97, 0xFE, 0x9F, 0x76, 0x9A, 0xEB, 0xDE, 0x5B, 0x4E, 0xDD,
    0x6C, 0x1B, 0xA1, 0x2A, 0x54, 0x32, 0x23, 0x90, 0xBD, 0xCB, 0xD8, 0x96, 0x8F, 0x95, 0xC1, 0x26,
    0xC3, 0xA9, 0x5C, 0xAA, 0x27, 0x7B, 0x4D, 0x6B, 0xC8, 0x06, 0x2A, 0x15, 0x95, 0xCB, 0x7C, 0xBA,
    0x94, 0xCA, 0xD2, 0x65, 0xF8, 0xA2, 0xF3, 0x79, 0x4C, 0x7B, 0xDC, 0x81, 0xB7, 0xDE, 0x1F, 0x32,
    0x41, 0x1C, 0x2C, 0x62, 0x47, 0x57, 0xE3, 0x59, 0xAC, 0x56, 0xD4, 0x3B, 0x69, 0x7A, 0x93, 0x06,
    0xC2, 0x67, 0xB1, 0xF9, 0xB6, 0xDD, 0x7D, 0x73, 0x76, 0x06, 0xF3, 0xFF, 0x01, 0x95, 0x56, 0x31,
    0x6F, 0xDB, 0x46, 0x14, 0xFE, 0x8E, 0x94, 0x44, 0x59, 0x84, 0x2D, 0x0E, 0x4A, 0x90, 0xC0, 0x21,
    0xE9, 0x02, 0x4A, 0x51, 0xA4, 0xA0, 0x34, 0xD4, 0x29, 0x1C, 0xF4, 0x24, 0x5F, 0xEC, 0x4E, 0xCD,
    0x50, 0x15, 0x6D, 0xB7, 0xA2, 0x71, 0x83, 0xA2, 0xB0, 0x8B, 0x0E, 0x1E, 0x34, 0x30, 0x89, 0x54,
    0x12, 0x49, 0xA7, 0x76, 0xD1, 0x4F, 0xD0, 0x90, 0xC1, 0x41, 0x8B, 0x44, 0x83, 0x0A, 0x78, 0x48,
    0xAA, 0x33, 0xDC, 0xB5, 0x00, 0x81, 0x0E, 0x1D, 0x02, 0x14, 0x4C, 0xA7, 0x6E, 0xD5, 0xA0, 0x00,
    0x1A, 0x62, 0xBB, 0xEF, 0x24, 0xD9, 0x70, 0x2C, 0x5B, 0x4A, 0x74, 0xEF, 0x68, 0x9A, 0x7C, 0xEF,
    0xDD, 0xBB, 0x77, 0xDF, 0xFB, 0x1E, 0x81, 0x05, 0x63, 0x6F, 0xC9, 0x36, 0xBF, 0xE6, 0x7A, 0x54,
    0xD3, 0xE5, 0x50, 0xB8, 0x2E, 0x3D, 0x53, 0x18, 0x7B, 0x50, 0x3F, 0x03, 0xE6, 0x5F, 0x82, 0xDF,
    0x85, 0xCF, 0x47, 0xC2, 0x97, 0xE0, 0x76, 0x07, 0xAF, 0xB0, 0xD0, 0xB9, 0xB1, 0xE4, 0xE9, 0x79,
    0x4F, 0x6F, 0x78, 0x3A, 0x8E, 0xC4, 0x21, 0x93, 0x97, 0x43, 0x85, 0x68, 0x7D, 0x2B, 0xE6, 0xBC,
    0xC1, 0xCB, 0xE0, 0x5C, 0x89, 0xC7, 0xE1, 0xFE, 0x37, 0x7C, 0x85, 0x7B, 0xEA, 0xF2, 0x54, 0x5D,
    0x72, 0x08, 0xFA, 0xE6, 0x81, 0xF4, 0xDC, 0x19, 0x33, 0xB4, 0x8D, 0x1F, 0x5C, 0xD8, 0x86, 0x2C,
    0xA9, 0x8B, 0xAF, 0x2E, 0x5D, 0xD8, 0xE6, 0xBD, 0xA8, 0x62, 0xBB, 0x86, 0x8C, 0x82, 0x7E, 0xF6,
    0x20, 0x02, 0xB4, 0x74, 0xD0, 0x67, 0x7D, 0xCF, 0x45, 0xC5, 0x36, 0x7E, 0x7C, 0x68, 0x1B, 0x7F,
    0x94, 0x6C, 0xE3, 0x77, 0x5F, 0xE9, 0xDA, 0xE6, 0xFD, 0x1D, 0xDB, 0x35, 0x57, 0x95, 0x22, 0x1E,
    0xE4, 0x2A, 0xA8, 0xCD, 0x49, 0xF0, 0xA4, 0x70, 0x6B, 0x57, 0x9A, 0xFC, 0xC9, 0x57, 0xB1, 0x4F,
    0x7B, 0xF3, 0xB9, 0x29, 0x7C, 0xEE, 0x80, 0xD7, 0x78, 0xBE, 0xF8, 0xA8, 0xD3, 0x53, 0x21, 0x04,
    0x22, 0x08, 0x0B, 0x70, 0xC6, 0x87, 0x46, 0x33, 0xE5, 0x20, 0xD8, 0x77, 0x48, 0x4B, 0x4D, 0x8F,
    0xA6, 0x32, 0xB9, 0x10, 0x08, 0xAF, 0xA0, 0x1E, 0x6D, 0x38, 0xF0, 0x46, 0xA2, 0x79, 0x4E, 0xCA,
    0x0B, 0xF6, 0xBD, 0x81, 0x16, 0x27, 0xBD, 0xF5, 0x19, 0xEE, 0xD0, 0xC6, 0x37, 0xE8, 0x3A, 0x1A,
    0x1D, 0xE5, 0xD5, 0x43, 0xBB, 0x6E, 0x3C, 0xEB, 0x15, 0xD9, 0x4A, 0x34, 0xBF, 0xB3, 0x12, 0x9D,
    0x7F, 0xBE, 0x12, 0xE5, 0x5E, 0xD0, 0x2C, 0xD3, 0x74, 0x57, 0xA2, 0xBC, 0xB9, 0x12, 0xD5, 0xF5,
    0x15, 0xB5, 0x51, 0x9A, 0xBA, 0x04, 0x5C, 0x01, 0x30, 0x51, 0x37, 0xFE, 0x94, 0x45, 0x26, 0x30,
    0xBF, 0xF3, 0x51, 0x78, 0xFE, 0xF9, 0xAA, 0xCC, 0xBD, 0xA0, 0x59, 0xA6, 0xE9, 0xAE, 0xCA, 0xBC,
    0xB9, 0x2A, 0xEB, 0xFA, 0xAA, 0x1C, 0xEA, 0xEB, 0xE1, 0x30, 0xD8, 0x8B, 0x80, 0x4D, 0x7F, 0x36,
    0x7A, 0x1B, 0xE5, 0x5A, 0xA1, 0x44, 0xEB, 0x1F, 0x4A, 0x67, 0xD9, 0x19, 0xBC, 0xA2, 0x38, 0x7B,
    0xC9, 0x04, 0xB4, 0x36, 0x50, 0x01, 0x8B, 0xA1, 0x75, 0xA1, 0x57, 0x91, 0xE2, 0x98, 0xF1, 0x30,
    0xF7, 0x1B, 0x2E, 0x64, 0xB1, 0x98, 0x15, 0x4F, 0xDD, 0x28, 0x67, 0xCD, 0x45, 0x4C, 0xCC, 0x47,
    0xBC, 0x85, 0x76, 0xA1, 0xE7, 0xB7, 0xFD, 0x5E, 0xF9, 0x09, 0xF0, 0x89, 0xF8, 0x00, 0xE7, 0x28,
    0x77, 0xAF, 0x66, 0x2E, 0x10, 0x0B, 0x61, 0x51, 0x24, 0x71, 0x05, 0xD9, 0xA3, 0x51, 0x94, 0x5A,
    0x1A, 0x5A, 0x4F, 0xAD, 0x42, 0xB8, 0xB2, 0x4D, 0xC1, 0x0F, 0xC1, 0x76, 0x02, 0x6F, 0x89, 0x85,
    0x0C, 0x2D, 0x64, 0x46, 0xDC, 0xF7, 0xB9, 0x1A, 0x7C, 0x49, 0x81, 0x8D, 0x8C, 0x59, 0x5F, 0x19,
    0x77, 0x6E, 0x84, 0xC7, 0xA1, 0x36, 0x02, 0x5C, 0x6A, 0x04, 0xB8, 0xF4, 0x02, 0xCC, 0x88, 0x12,
    0x85, 0xF5, 0xF5, 0x11, 0xE0, 0x4E, 0xC0, 0x4E, 0xDB, 0x02, 0xFB, 0x0C, 0xFA, 0x17, 0xEA, 0x7E,
    0xB2, 0xAB, 0x4C, 0x13, 0xC9, 0x0A, 0x66, 0x37, 0x91, 0xB0, 0xCE, 0xF4, 0x86, 0x04, 0xB0, 0xF4,
    0xBA, 0x0E, 0xD5, 0x2F, 0x56, 0xB1, 0x4D, 0xF6, 0xC9, 0x12, 0x60, 0x83, 0xC3, 0x20, 0x9F, 0x74,
    0x3F, 0xD5, 0x67, 0xA6, 0x01, 0x2D, 0x9C, 0xE6, 0x93, 0x36, 0x2E, 0xDF, 0x20, 0x4E, 0x13, 0x48,
    0x4D, 0x8B, 0xD3, 0x0D, 0xDF, 0xEA, 0xA2, 0xFD, 0xED, 0xF6, 0xED, 0xB6, 0xDF, 0x76, 0x14, 0x52,
    0x1F, 0x0C, 0x16, 0xF8, 0x6E, 0xB0, 0xDE, 0xD9, 0x38, 0xCA, 0x34, 0x92, 0x95, 0x4B, 0xCD, 0x04,
    0x4E, 0x22, 0x49, 0x99, 0x57, 0x54, 0x82, 0x20, 0xA6, 0x98, 0x0B, 0x23, 0x64, 0x63, 0xE6, 0x48,
    0x35, 0xA0, 0xCE, 0x0B, 0x07, 0x04, 0xA2, 0x47, 0x29, 0xE0, 0x6F, 0x06, 0xED, 0x4B, 0x7A, 0xEC,
    0x6E, 0xC1, 0x7C, 0x44, 0xC5, 0xEA, 0x30, 0x2C, 0x3A, 0x3A, 0x5E, 0x06, 0x07, 0xC0, 0x43, 0xE0,
    0x73, 0xCC, 0x3F, 0x6B, 0xF0, 0x6D, 0xDA, 0x41, 0xBB, 0x70, 0x40, 0x5E, 0xE0, 0xF7, 0xAD, 0xE5,
    0x9B, 0xF1, 0x70, 0xFB, 0xC6, 0x3E, 0x51, 0x98, 0xE0, 0x0C, 0x35, 0xA0, 0x76, 0x4E, 0xD4, 0xDC,
    0x90, 0x17, 0xA5, 0x43, 0x00, 0xFD, 0x4F, 0x0C, 0xDE, 0xBB, 0x4F, 0xAA, 0x71, 0xB5, 0x7B, 0x2D,
    0xBE, 0x22, 0xAE, 0x8A, 0xE5, 0xDE, 0xAF, 0xFE, 0x3F, 0xDB, 0x41, 0xC4, 0x92, 0x60, 0xFF, 0x0E,
    0xD0, 0x7D, 0xDC, 0x38, 0x49, 0xC6, 0x92, 0xD8, 0xE6, 0xC8, 0xD8, 0xAA, 0x38, 0x61, 0x72, 0xCC,
    0x41, 0xBC, 0x48, 0x0E, 0x0E, 0xCB, 0x23, 0xB8, 0x19, 0x16, 0x66, 0x61, 0xE7, 0x61, 0x37, 0x15,
    0xCF, 0x3A, 0xDB, 0xB0, 0x89, 0x0B, 0x5D, 0x04, 0x37, 0x64, 0xDA, 0x32, 0x9A, 0x1B, 0x82, 0xCE,
    0x41, 0x31, 0xCA, 0x62, 0x29, 0x5A, 0x8E, 0x4A, 0x3D, 0x5E, 0xEB, 0x14, 0x55, 0xCC, 0x13, 0x8A,
    0x2A, 0x52, 0x08, 0x61, 0x3D, 0xBC, 0x5A, 0x54, 0x06, 0xE6, 0x60, 0xC8, 0xE1, 0xB1, 0xBD, 0x8E,
    0xB5, 0x3A, 0xB9, 0xD3, 0x3C, 0x24, 0x16, 0x4C, 0x2A, 0xD8, 0xE5, 0xFE, 0xD5, 0xAA, 0x15, 0xE9,
    0x22, 0xD5, 0x03, 0x5F, 0xF3, 0x5A, 0xBC, 0x4C, 0x7B, 0xC9, 0x55, 0xE6, 0x24, 0xB1, 0x40, 0xF3,
    0x4E, 0xB7, 0x22, 0x75, 0x61, 0x86, 0x8C, 0xD2, 0x6D, 0x55, 0x5B, 0xAD, 0xA0, 0x31, 0xCE, 0x0F,
    0xC3, 0x51, 0x7F, 0xB3, 0x46, 0x10, 0x10, 0x25, 0x50, 0x13, 0xC0, 0xE4, 0x26, 0x40, 0xD9, 0xA1,
    0xB3, 0x50, 0x74, 0x3C, 0xAD, 0x09, 0xE0, 0x1D, 0xA0, 0xAA, 0x10, 0x38, 0xF9, 0x10, 0x59, 0x68,
    0x88, 0xC4, 0xA9, 0x87, 0x18, 0x10, 0x84, 0x0A, 0x46, 0x48, 0x01, 0x85, 0xE4, 0x20, 0x84, 0xFB,
    0xF8, 0xA7, 0xD8, 0x36, 0xEE, 0xCB, 0xC1, 0xD4, 0x77, 0x65, 0x70, 0x7D, 0x04, 0x21, 0xA0, 0xBE,
    0x87, 0x72, 0x16, 0x25, 0x53, 0x90, 0x90, 0x73, 0x9E, 0x05, 0xB7, 0xC1, 0x7D, 0x2C, 0x37, 0x54,
    0xA4, 0x24, 0x1D, 0x0C, 0x12, 0x4F, 0xA5, 0x65, 0xA1, 0x6E, 0x44, 0xC4, 0xFB, 0xF3, 0x3B, 0xE2,
    0xFC, 0x73, 0x91, 0x7B, 0x21, 0x72, 0x65, 0x91, 0x73, 0x45, 0xDE, 0x14, 0x75, 0x4A, 0xF8, 0x90,
    0xEC, 0x05, 0x71, 0x3C, 0xCA, 0x35, 0x94, 0x8E, 0xD5, 0x6A, 0x67, 0x19, 0xF0, 0x81, 0x06, 0x58,
    0x0B, 0x5A, 0x1E, 0x94, 0x7E, 0xA2, 0x79, 0xDD, 0xC7, 0x0C, 0xC7, 0x6C, 0x1D, 0x17, 0x6F, 0x8E,
    0x6A, 0x8A, 0xC5, 0x9A, 0x48, 0xC9, 0x74, 0x43, 0x0B, 0xC7, 0xAA, 0x8A, 0x6C, 0x15, 0x73, 0x28,
    0x02, 0x79, 0xAD, 0xCA, 0xCA, 0x0C, 0x7A, 0x8A, 0x75, 0x76, 0x71, 0x0D, 0x13, 0x7C, 0x5D, 0x25,
    0xD8, 0xCE, 0x0A, 0x3E, 0x2F, 0x6B, 0xEF, 0xC9, 0xDA, 0xA7, 0xB2, 0xB6, 0x2B, 0xA9, 0x8D, 0x15,
    0x4D, 0x91, 0xDD, 0x53, 0x9C, 0x8A, 0x35, 0x16, 0x31, 0x98, 0x3D, 0x02, 0xDB, 0xCB, 0xDB, 0xB5,
    0x3B, 0x04, 0xB6, 0x42, 0xD7, 0xC2, 0x85, 0x06, 0x32, 0x9B, 0x60, 0xD6, 0x24, 0x7E, 0x78, 0x5B,
    0x78, 0x32, 0x51, 0x19, 0xDB, 0x47, 0x03, 0x7A, 0x7B, 0xC0, 0xAC, 0x67, 0x5B, 0x6A, 0x62, 0x2E,
    0x4A, 0x58, 0x27, 0x2D, 0x2F, 0x87, 0x76, 0x9C, 0xB4, 0x82, 0x3D, 0x6F, 0xC6, 0x4E, 0x38, 0x70,
    0x1F, 0xD8, 0xB0, 0x99, 0x6D, 0x04, 0xFB, 0xDF, 0x0C, 0xD6, 0xA1, 0x72, 0x68, 0xFB, 0x7E, 0xD0,
    0xF3, 0xC1, 0x73, 0xAA, 0x4B, 0x31, 0x91, 0x69, 0x25, 0x4E, 0xD1, 0x1E, 0xFA, 0x3E, 0xA9, 0x7D,
    0x4B, 0xBC, 0x2F, 0x13, 0xC2, 0x8D, 0xCC, 0xD0, 0x38, 0x36, 0xDC, 0x88, 0xD6, 0x24, 0xED, 0x4C,
    0xA8, 0xCB, 0xC3, 0x61, 0x76, 0x2F, 0xE2, 0xAE, 0x10, 0x62, 0xBC, 0xD1, 0xE6, 0xF0, 0x33, 0x65,
    0x73, 0x0B, 0xFC, 0x68, 0x74, 0x30, 0xB3, 0x06, 0xA3, 0x0A, 0xF6, 0xE1, 0x94, 0x46, 0x7B, 0x59,
    0x78, 0xC3, 0xA0, 0x5E, 0x69, 0xB4, 0xAA, 0xF1, 0x6C, 0xA9, 0x54, 0x4D, 0x36, 0x66, 0x62, 0x2E,
    0x1E, 0x37, 0x3E, 0x17, 0x2A, 0xD2, 0xA2, 0x13, 0xA2, 0xC2, 0x2C, 0x50, 0x80, 0x2E, 0x1C, 0x4A,
    0xC3, 0xB6, 0xE2, 0x30, 0xA7, 0xA4, 0xFE, 0x25, 0x0E, 0xBB, 0x25, 0xAE, 0xD1, 0xAE, 0x37, 0xBA,
    0xE5, 0x76, 0xC9, 0x1A, 0x45, 0x2C, 0x58, 0x08, 0xA3, 0xA5, 0x9A, 0xCD, 0x04, 0xBB, 0x14, 0x1C,
    0x69, 0x9D, 0xB0, 0x1B, 0xED, 0x74, 0x5A, 0x97, 0xBC, 0x4C, 0x61, 0x45, 0x13, 0xFB, 0x78, 0x05,
    0xDA, 0x2F, 0xD3, 0xFD, 0x50, 0xEF, 0x36, 0x5B, 0x13, 0xFD, 0xC0, 0x89, 0x17, 0xAB, 0x55, 0xAB,
    0x2C, 0xDC, 0x98, 0xF5, 0xD7, 0x96, 0x5A, 0x4B, 0xE5, 0x98, 0xD1, 0x07, 0x74, 0x1A, 0xF3, 0xE1,
    0x66, 0x44, 0xB5, 0x1D, 0xA6, 0xE2, 0x66, 0x7C, 0x97, 0x48, 0x71, 0x96, 0x9E, 0x1D, 0x1C, 0x60,
    0x77, 0x17, 0xAB, 0x3B, 0xEA, 0x83, 0xED, 0xB8, 0x98, 0x3D, 0x55, 0xCE, 0x54, 0xFB, 0x9A, 0xFA,
    0xC0, 0xB8, 0x84, 0xEF, 0x45, 0xE9, 0xE8, 0x74, 0xDD, 0x50, 0xD9, 0xE6, 0x68, 0xA5, 0x62, 0xCF,
    0xAF, 0xE5, 0x39, 0xDA, 0x66, 0x4C, 0x24, 0xA5, 0x14, 0xB6, 0x53, 0xD1, 0x6D, 0xBC, 0x1B, 0x6E,
    0x76, 0x17, 0xBA, 0x2C, 0xCA, 0x46, 0xA0, 0xF2, 0x43, 0xD7, 0xA0, 0x67, 0x5A, 0x62, 0xF4, 0xED,
    0x14, 0x7C, 0x1C, 0x13, 0x39, 0x39, 0x03, 0x71, 0x1F, 0x8F, 0x6E, 0x48, 0xE8, 0x79, 0xDA, 0x82,
    0xD1, 0xC4, 0x86, 0x18, 0x71, 0x4F, 0xE9, 0x34, 0x2E, 0xF9, 0x1F, 0x2D, 0x50, 0x3D, 0x6E, 0x13,
    0x41, 0x14, 0xFE, 0x16, 0x66, 0x23, 0xDB, 0x18, 0x65, 0x2C, 0xCD, 0x82, 0x17, 0x21, 0xB2, 0x85,
    0x91, 0xC6, 0xD6, 0xA2, 0x6C, 0x61, 0x5B, 0x0B, 0x32, 0xF0, 0x2C, 0x71, 0x80, 0x07, 0xCA, 0x46,
    0xA2, 0x40, 0x5A, 0x21, 0x1B, 0x69, 0xDD, 0x24, 0x05, 0xA2, 0x08, 0x41, 0x9E, 0x23, 0xCC, 0x11,
    0x82, 0x44, 0x13, 0x57, 0x14, 0xD4, 0xC9, 0x1E, 0xC1, 0x47, 0x70, 0x4F, 0x43, 0x49, 0x83, 0xE0,
    0x39, 0xA6, 0x79, 0xF3, 0xCD, 0xD3, 0xCC, 0xF7, 0x37, 0x4B, 0x55, 0x0B, 0x4F, 0xA0, 0x11, 0xE3,
    0x33, 0xA6, 0x64, 0xF4, 0x72, 0x1D, 0x50, 0x55, 0x14, 0xBC, 0xF0, 0xD3, 0x2B, 0x63, 0x26, 0xD0,
    0x34, 0xAA, 0x01, 0x33, 0x68, 0x2A, 0x54, 0x85, 0xE9, 0xFA, 0xB1, 0x7B, 0x8D, 0x84, 0x0E, 0x5C,
    0x08, 0x66, 0x2E, 0xAA, 0xE2, 0x18, 0x9F, 0x9C, 0x22, 0x60, 0x1F, 0x11, 0x3D, 0xAB, 0x43, 0x98,
    0xD5, 0xB4, 0x91, 0xE5, 0xD6, 0xA6, 0xED, 0xC4, 0xE6, 0x59, 0x63, 0x7B, 0xCE, 0xD2, 0x30, 0xCE,
    0x59, 0x7F, 0xD7, 0xB4, 0xA1, 0xEA, 0x5D, 0x33, 0xEC, 0xA6, 0x16, 0xEC, 0x4A, 0x18, 0x6B, 0xAC,
    0xC6, 0xC4, 0x54, 0xAA, 0x99, 0x1A, 0x5D, 0xE6, 0x46, 0xFF, 0xE0, 0x9D, 0x9C, 0x2D, 0xBE, 0xE8,
    0x0B, 0x07, 0x7B, 0xF7, 0xBC, 0x77, 0xFA, 0x5C, 0x74, 0x80, 0xB3, 0xB5, 0xCC, 0x95, 0xD2, 0x34,
    0x70, 0x2D, 0x84, 0x38, 0xA0, 0xC4, 0x69, 0xD1, 0xDB, 0xE2, 0x43, 0x97, 0x38, 0x85, 0x17, 0xEB,
    0x37, 0x74, 0x65, 0xAE, 0x37, 0x11, 0x15, 0x1C, 0xD1, 0xC2, 0xEF, 0x92, 0x00, 0xCB, 0x35, 0x80,
    0x97, 0x7F, 0x85, 0x34, 0xA8, 0x1F, 0x61, 0x28, 0x17, 0x10, 0xEA, 0xC0, 0xDD, 0xA2, 0xDB, 0x68,
    0xA2, 0x8D, 0x2E, 0x7A, 0xC8, 0x20, 0x0A, 0xE0, 0xC4, 0xCB, 0xE0, 0xE5, 0x3A, 0x22, 0x96, 0xF8,
    0x58, 0x89, 0x0F, 0xCB, 0x3E, 0x11, 0xBC, 0x25, 0x2C, 0x73, 0xB1, 0xA9, 0xFF, 0xD3, 0x5E, 0x9C,
    0x0A, 0xF5, 0x7D, 0x3A, 0xDB, 0x28, 0xE8, 0x7C, 0xB2, 0xB3, 0xB7, 0xD3, 0x95, 0x4A, 0x30, 0x69,
    0xDF, 0x93, 0x67, 0xCD, 0x9B, 0x56, 0x62, 0x5E, 0xD6, 0x7B, 0x68, 0x61, 0xFB, 0x31, 0xE2, 0x9B,
    0xCF, 0xD2, 0xAB, 0x35, 0xB3, 0xAF, 0x5E, 0x82, 0x05, 0x0A, 0xAF, 0x02, 0x7D, 0x14, 0xB0, 0x4C,
    0xC1, 0xB2, 0x91, 0xBD, 0x7E, 0x98, 0xC0, 0x7B, 0xFD, 0x40, 0xAA, 0xD8, 0x97, 0x7C, 0xE2, 0x42,
    0x0D, 0x1B, 0xB2, 0x24, 0xEA, 0xD7, 0xEF, 0x19, 0x65, 0x49, 0xE5, 0x2F, 0x98, 0xAA, 0x88, 0xE8,
    0xB1, 0x1B, 0xB8, 0x24, 0x55, 0x0C, 0xEE, 0x1F, 0xBB, 0xBD, 0x4B, 0xEC, 0x40, 0xF0, 0x0D, 0x8B,
    0x4B, 0x60, 0xB5, 0x6A, 0xF9, 0xC6, 0xE8, 0xE4, 0xF7, 0x36, 0x70, 0x81, 0x3B, 0x3F, 0x37, 0x3D,
    0x09, 0x8B, 0xEB, 0x3F, 0x50, 0x26, 0xAE, 0xB4, 0x79, 0x9A, 0x29, 0xE6, 0xB2, 0x64, 0xF3, 0x61,
    0xAE, 0x8E, 0xE6, 0xFD, 0x8E, 0xC9, 0x32, 0x15, 0xC6, 0x6F, 0xAB, 0x0E, 0x7F, 0x9C, 0xCF, 0x3B,
    0x11, 0x8D, 0xFD, 0xD8, 0x77, 0x74, 0x34, 0xCC, 0x34, 0x4A, 0x66, 0xDD, 0x19, 0x59, 0x44, 0x36,
    0x8E, 0xFE, 0x01, 0x8D, 0x59, 0x71, 0x6C, 0xDC, 0xD6, 0x79, 0xFF, 0xF1, 0x78, 0x3A, 0x5A, 0xA2,
    0x64, 0x9E, 0x31, 0x19, 0x96, 0x23, 0x93, 0xF4, 0x06, 0x6D, 0xF5, 0xD2, 0x23, 0x4F, 0xC1, 0xE4,
    0x4D, 0x41, 0x1F, 0x4F, 0xCF, 0x53, 0x0A, 0x6D, 0xD3, 0x1F, 0xBE, 0xAE, 0x45, 0x92, 0x6E, 0x6B,
    0x2D, 0x60, 0xFB, 0xC3, 0xD1, 0xE6, 0x58, 0x01, 0xAE, 0x19, 0xD3, 0x9C, 0x4C, 0x3A, 0x69, 0x91,
    0x61, 0x1E, 0x90, 0xC3, 0x36, 0xA0, 0xF9, 0xA3, 0x45, 0x84, 0xC1, 0x03, 0xAC, 0x2B, 0x96, 0x08,
    0xCB, 0x0D, 0xD5, 0x50, 0x59, 0xC7, 0xC4, 0x68, 0x8B, 0x21, 0xC0, 0xC6, 0xCD, 0x18, 0x82, 0xC1,
    0x45, 0xC2, 0x60, 0x46, 0xF7, 0x47, 0xB6, 0x84, 0x5E, 0xE9, 0xE6, 0xB2, 0x4A, 0xBA, 0x7D, 0x8F,
    0xA7, 0x8B, 0x25, 0xEB, 0xA4, 0xE4, 0xDE, 0x47, 0xEA, 0x8E, 0x7C, 0x8F, 0x8F, 0xEF, 0x7D, 0xBF,
    0xEF, 0xF7, 0x7E, 0xDF, 0xD3, 0x00, 0x14, 0x1F, 0xDC, 0xDB, 0xB4, 0xFA, 0xF5, 0xAC, 0x01, 0x33,
    0xD1, 0xA1, 0x4B, 0x7A, 0xCE, 0xDB, 0x3A, 0xC2, 0x9F, 0x0E, 0x80, 0xBD, 0xD7, 0x9B, 0x6D, 0xDC,
    0xBC, 0x81, 0xE9, 0xD7, 0x21, 0xFF, 0x00, 0xF2, 0x7B, 0xA1, 0xFC, 0x7A, 0x2C, 0x07, 0xB1, 0xFC,
    0x7A, 0xA4, 0xFE, 0x97, 0x8F, 0x39, 0x29, 0x94, 0xE0, 0x6D, 0x58, 0x83, 0x56, 0xD6, 0x42, 0xB7,
    0x78, 0x3E, 0xA0, 0x6C, 0x5A, 0x87, 0x59, 0xD6, 0x85, 0x17, 0xB9, 0x60, 0xB0, 0x73, 0xEA, 0x26,
    0xE8, 0x63, 0x46, 0x13, 0x15, 0x37, 0x5F, 0xE2, 0x66, 0x24, 0xB5, 0x4E, 0xB2, 0x95, 0xC9, 0x52,
    0x44, 0x1D, 0xF2, 0x7B, 0x2D, 0xD3, 0xD6, 0xFC, 0x08, 0x5E, 0xE3, 0xBD, 0xAE, 0x9B, 0xA1, 0xEA,
    0x2B, 0x7C, 0x67, 0x51, 0xB9, 0x06, 0x07, 0x66, 0xDB, 0xCF, 0x19, 0xE8, 0x27, 0x33, 0x6B, 0xFD,
    0xE6, 0xE2, 0x90, 0x61, 0x0C, 0x1A, 0xE6, 0x9A, 0x61, 0x25, 0x5E, 0x42, 0x7D, 0x7A, 0xE7, 0x42,
    0xD8, 0x2A, 0x87, 0x4E, 0x87, 0xF1, 0xFB, 0x35, 0x98, 0xAF, 0xBE, 0x42, 0xDF, 0x67, 0x39, 0x1D,
    0xBE, 0xAE, 0x9E, 0xE5, 0xDE, 0xB9, 0x4D, 0xEC, 0x19, 0x62, 0xD4, 0x31, 0xF5, 0xDD, 0x16, 0x4E,
    0x01, 0x15, 0x80, 0xD3, 0x73, 0x7C, 0x7B, 0x08, 0xFA, 0x18, 0x8C, 0x25, 0x98, 0x31, 0xF4, 0x55,
    0xE8, 0x0E, 0x74, 0x13, 0xDE, 0x6C, 0x90, 0xF1, 0x21, 0x85, 0x40, 0x1E, 0xDE, 0xD9, 0xC8, 0x92,
    0x03, 0x4B, 0x0D, 0xAC, 0xD1, 0xC0, 0xFA, 0xC3, 0xC0, 0x7E, 0x3E, 0x28, 0xD2, 0x4F, 0x39, 0xA0,
    0xEB, 0x7D, 0x87, 0xA0, 0xFE, 0x09, 0xA4, 0x32, 0xDA, 0xA6, 0xEF, 0xE4, 0x60, 0x0E, 0x41, 0x7B,
    0x1C, 0xCA, 0x6D, 0xC8, 0xB1, 0x68, 0x9B, 0x0B, 0xA0, 0x71, 0x74, 0xDE, 0xD6, 0x52, 0xFC, 0xBD,
    0xE6, 0xB5, 0x43, 0xC4, 0xC0, 0x9C, 0xA8, 0x23, 0x45, 0xC8, 0xC4, 0x90, 0x1B, 0xC8, 0x55, 0x31,
    0xC8, 0x70, 0x78, 0x1D, 0xA7, 0x4C, 0x4C, 0x68, 0x7C, 0xC3, 0x0C, 0x85, 0x2B, 0xC8, 0x7B, 0xDC,
    0x5C, 0xD5, 0x2D, 0xDD, 0xD0, 0x2D, 0x2F, 0xF1, 0x5A, 0xB0, 0x6C, 0x58, 0x06, 0x2C, 0x0B, 0x45,
    0xFA, 0x6E, 0xC2, 0xD2, 0xC4, 0x99, 0xAE, 0xEF, 0xF5, 0x9B, 0x98, 0x49, 0x0D, 0x7D, 0x1A, 0xFA,
    0x53, 0x1B, 0x4C, 0x6D, 0x4C, 0xA3, 0xF9, 0x09, 0x42, 0x29, 0x08, 0x10, 0xF0, 0x5E, 0xC0, 0xB9,
    0xEE, 0x5D, 0xE4, 0x27, 0xAC, 0x13, 0x50, 0xAC, 0x09, 0xC8, 0x7F, 0xB7, 0x04, 0xB9, 0x1D, 0x43,
    0xBD, 0xB0, 0x0A, 0xD3, 0x62, 0xD4, 0xAB, 0x8D, 0x96, 0x37, 0x4B, 0x88, 0x28, 0x26, 0x95, 0x6A,
    0x9E, 0xA1, 0xA1, 0x44, 0x60, 0x79, 0x67, 0x85, 0x95, 0xC8, 0x39, 0x07, 0xCC, 0x57, 0xA6, 0x1F,
    0xF2, 0x77, 0x80, 0xF2, 0x41, 0x75, 0x0E, 0x70, 0x49, 0x67, 0x24, 0xFD, 0x5D, 0x1B, 0x4A, 0x47,
    0xB2, 0xA6, 0x21, 0x99, 0xF2, 0xC5, 0x2C, 0xF3, 0xAD, 0xE2, 0xE5, 0xD6, 0xE8, 0x1B, 0xAB, 0xC7,
    0x6E, 0xBA, 0x47, 0x7F, 0xE2, 0x0E, 0x7F, 0xE4, 0x0E, 0xAF, 0xB9, 0xC3, 0xAE, 0xBB, 0xF8, 0xD0,
    0x96, 0xE8, 0xAE, 0x3B, 0xE9, 0xC5, 0x57, 0x77, 0x38, 0xE0, 0x2C, 0x61, 0x95, 0x60, 0x0D, 0x4B,
    0xE5, 0x4C, 0x09, 0x5C, 0x79, 0xDB, 0xE8, 0x3B, 0x5D, 0x51, 0xAF, 0xA7, 0xCE, 0x6B, 0xEF, 0xE3,
    0xBC, 0x73, 0xA1, 0x97, 0x58, 0x8E, 0x70, 0x88, 0x51, 0x35, 0x6B, 0x34, 0x6F, 0xBB, 0x62, 0x44,
    0x94, 0x6E, 0x8C, 0x10, 0x12, 0xFF, 0xEA, 0x26, 0xA6, 0xFF, 0x15, 0x72, 0xB8, 0xCB, 0xD4, 0xE4,
    0x13, 0x80, 0x23, 0x3E, 0xEB, 0xC8, 0xB5, 0x6B, 0x0E, 0x5B, 0x75, 0x19, 0x73, 0x99, 0x43, 0x67,
    0xFA, 0x4E, 0x57, 0x40, 0x2F, 0xF7, 0x25, 0x9A, 0x47, 0xDF, 0xEC, 0x87, 0xFA, 0x78, 0xDA, 0x30,
    0x85, 0xCF, 0x10, 0x13, 0xC0, 0xB9, 0x3E, 0x15, 0xEC, 0x0F, 0x3A, 0x1A, 0xF3, 0x0A, 0x30, 0x4E,
    0xD8, 0x6E, 0x5E, 0x0C, 0x1D, 0x95, 0x5B, 0xA9, 0xD9, 0xE7, 0xB8, 0xFA, 0x01, 0x87, 0x9A, 0x5A,
    0x31, 0xF4, 0x2E, 0xBE, 0x13, 0xD9, 0x9A, 0x12, 0xE8, 0x9A, 0xE2, 0xF7, 0x3A, 0xBC, 0x76, 0x3B,
    0xFA, 0x14, 0x75, 0x08, 0xDE, 0x58, 0x40, 0xDA, 0x1B, 0x75, 0x17, 0xE1, 0xAD, 0x00, 0x33, 0x81,
    0x18, 0xA9, 0xF2, 0x0E, 0x57, 0x7E, 0x14, 0x08, 0x7B, 0xD3, 0x37, 0xB7, 0x84, 0xF3, 0x6C, 0x30,
    0x1D, 0xCC, 0xAC, 0x31, 0xA3, 0xCA, 0x74, 0x9B, 0xE9, 0x06, 0xD3, 0x1D, 0xE6, 0x25, 0x5B, 0x1E,
    0xB7, 0x69, 0x6E, 0xCD, 0x9A, 0x51, 0xD5, 0x6D, 0x9A, 0x6D, 0x47, 0x10, 0x80, 0x1D, 0x55, 0x58,
    0xDE, 0x82, 0xAD, 0x6C, 0xC1, 0xCE, 0x5B, 0x84, 0xBB, 0xA8, 0x33, 0x59, 0xDE, 0xCC, 0x47, 0xB0,
    0x75, 0x0D, 0x3A, 0x53, 0x7C, 0xA3, 0xAA, 0x04, 0xE6, 0x86, 0x1C, 0xE8, 0xF4, 0x57, 0xFC, 0xD6,
    0x29, 0x46, 0xBC, 0x99, 0xD4, 0xA7, 0xC8, 0xB4, 0x43, 0x6D, 0x96, 0x6B, 0xAA, 0x30, 0xE5, 0x03,
    0x2E, 0xD3, 0xCB, 0xBC, 0xC9, 0xE9, 0x4A, 0xA9, 0x18, 0x8E, 0xD6, 0x26, 0x63, 0x34, 0x8A, 0x89,
    0xDB, 0x58, 0x4D, 0xA6, 0xD6, 0xA8, 0xEE, 0xB0, 0xDA, 0x2A, 0xD5, 0x9E, 0xE2, 0x17, 0x1A, 0x2E,
    0xAB, 0x50, 0x99, 0x64, 0x06, 0x0D, 0xAA, 0xBE, 0xE4, 0x54, 0x0B, 0xAC, 0x98, 0x14, 0x58, 0x81,
    0x35, 0x13, 0xFA, 0x35, 0x5E, 0xC8, 0x17, 0x20, 0x4A, 0x93, 0x3F, 0xB8, 0x3C, 0xE8, 0x0E, 0x56,
    0x46, 0xA8, 0x4C, 0x54, 0x9A, 0x9B, 0xE1, 0x40, 0x90, 0x03, 0xD4, 0xDA, 0x64, 0xA3, 0xE2, 0xAE,
    0xB7, 0x2A, 0x60, 0xC3, 0x84, 0x6A, 0x2C, 0x2F, 0x5F, 0x2D, 0x34, 0xC2, 0xFE, 0xA7, 0x7D, 0xB5,
    0xED, 0x9B, 0x7F, 0x1A, 0x3A, 0x5F, 0x8B, 0x93, 0x8D, 0xB5, 0xA2, 0xFF, 0x54, 0x74, 0x24, 0x52,
    0x7D, 0x44, 0x73, 0xF1, 0xB3, 0xC4, 0x3D, 0xF5, 0x79, 0x38, 0x16, 0x0A, 0x8B, 0xB0, 0x36, 0x51,
    0xA4, 0x2F, 0x16, 0xD6, 0x3D, 0x64, 0xF3, 0x38, 0x5C, 0x11, 0x9C, 0xD3, 0xF3, 0x6E, 0xFD, 0x09,
    0x67, 0xA2, 0x50, 0x2B, 0x86, 0x56, 0x5C, 0x70, 0xD7, 0xED, 0xF4, 0x4D, 0xA8, 0x9C, 0x70, 0x5D,
    0x37, 0x26, 0x20, 0xD6, 0x33, 0x57, 0xA7, 0x94, 0xF0, 0xB3, 0x7F, 0x1E, 0x7E, 0xE6, 0x3F, 0xC2,
    0x5F, 0xBA, 0x1B, 0x9E, 0xBC, 0x13, 0xAE, 0x7D, 0x2B, 0x11, 0xCF, 0x71, 0x50, 0x28, 0xA0, 0xB8,
    0x21, 0xCE, 0x64, 0xF4, 0x1C, 0x35, 0x64, 0xAE, 0xCB, 0x1A, 0x62, 0xBC, 0x93, 0xE9, 0x78, 0xEB,
    0x70, 0x18, 0x0A, 0x3B, 0x6C, 0xFD, 0x12, 0x96, 0x93, 0x92, 0xE3, 0x18, 0x8C, 0x8A, 0x63, 0x95,
    0x5A, 0x8C, 0xF0, 0xDE, 0xE4, 0xA3, 0x35, 0xB6, 0xE2, 0xE6, 0x1B, 0x84, 0xFE, 0x6A, 0xDE, 0x24,
    0xAF, 0xD4, 0xAF, 0xBE, 0xF9, 0xF8, 0xCC, 0x23, 0x1D, 0x66, 0x37, 0xC3, 0xFA, 0xAF, 0xB2, 0x11,
    0x6B, 0x4C, 0x1B, 0x57, 0x6B, 0x4A, 0x20, 0xFB, 0x19, 0x7E, 0x8C, 0x98, 0x9E, 0xB8, 0x6F, 0x49,
    0x80, 0x97, 0xA8, 0x30, 0xF7, 0x7F, 0x60, 0x3F, 0x0D, 0xDC, 0x3B, 0x51, 0xE3, 0x4E, 0x54, 0xB9,
    0x13, 0xB1, 0xFF, 0x0D, 0xCD, 0x36, 0x47, 0x7A, 0x2B, 0xD3, 0xC2, 0xFC, 0x13, 0xF6, 0x29, 0x75,
    0x49, 0x0E, 0x07, 0xE2, 0x11, 0xF7, 0x7A, 0x5B, 0xBC, 0xF6, 0xEE, 0x37, 0xA2, 0x30, 0x83, 0x4C,
    0xBE, 0x15, 0x0E, 0xAE, 0xCF, 0x33, 0xFA, 0x38, 0xD5, 0x81, 0x35, 0x7A, 0xAB, 0xF5, 0xFA, 0xF2,
    0xB2, 0xC3, 0xDC, 0xC2, 0x0E, 0x6B, 0xB6, 0x37, 0x7B, 0x5D, 0xDC, 0x02, 0x06, 0x3A, 0x4F, 0xA8,
    0xD7, 0xF0, 0x26, 0xC7, 0x2C, 0x45, 0xC3, 0x26, 0xD4, 0xB3, 0xC2, 0xCC, 0x4D, 0x31, 0x7F, 0x8E,
    0x14, 0x5B, 0x52, 0x64, 0xDF, 0x8D, 0x0A, 0x8E, 0xB0, 0xE6, 0x87, 0x09, 0xCD, 0x0C, 0xF1, 0xAC,
    0xBD, 0x0D, 0x85, 0x22, 0x7F, 0x2A, 0xCA, 0xC7, 0x03, 0x31, 0xE2, 0xB9, 0xE8, 0x59, 0xE2, 0x83,
    0x3A, 0x05, 0x78, 0x25, 0x2E, 0xC4, 0x8D, 0x62, 0xDC, 0xA0, 0x73, 0xA1, 0x11, 0xAF, 0xDB, 0xE4,
    0x5A, 0x3C, 0xB0, 0xCC, 0x1A, 0x6E, 0xA3, 0x94, 0x18, 0x0D, 0xD6, 0xB8, 0xBB, 0x79, 0x1C, 0x2A,
    0x24, 0x7E, 0x3F, 0x48, 0xB2, 0xFC, 0x44, 0xB4, 0x17, 0x3A, 0xE7, 0xA9, 0xBF, 0xA6, 0x6F, 0x95,
    0xED, 0x35, 0x8B, 0x59, 0x05, 0x51, 0x3C, 0x81, 0x3B, 0x86, 0x48, 0xAA, 0xC9, 0x7E, 0x1F, 0x76,
    0x83, 0x71, 0x34, 0x14, 0xFE, 0x58, 0xE7, 0x5D, 0x7F, 0x8C, 0xFA, 0x0B, 0xA1, 0x8B, 0x29, 0x3F,
    0x17, 0x2D, 0x45, 0x5F, 0x27, 0x69, 0x30, 0x42, 0x0D, 0x81, 0x6B, 0x74, 0x2E, 0x6C, 0x97, 0x26,
    0x1E, 0xC5, 0xF7, 0xF7, 0x5C, 0xCB, 0x41, 0xA3, 0x6B, 0x0F, 0xD2, 0x59, 0xFD, 0xB8, 0x68, 0x54,
    0x16, 0xF1, 0xE0, 0x32, 0x06, 0xDD, 0xD4, 0x2E, 0x45, 0x27, 0x2A, 0xB1, 0x5B, 0x89, 0xEF, 0xB4,
    0x43, 0x74, 0xD0, 0x9B, 0xFA, 0xA5, 0xD8, 0x8E, 0x3B, 0xF3, 0xBB, 0xEE, 0xC5, 0xE7, 0x21, 0xFA,
    0x6B, 0x06, 0xB0, 0xCA, 0xB0, 0xD7, 0x60, 0xED, 0x74, 0xDF, 0x14, 0x3A, 0xD2, 0x63, 0x37, 0x86,
    0xC9, 0x1F, 0x24, 0x6D, 0x68, 0xAD, 0xDE, 0x27, 0x1A, 0x0E, 0x57, 0xA4, 0x72, 0x6F, 0x58, 0xF5,
    0x40, 0xC8, 0x16, 0x32, 0x01, 0x24, 0xBF, 0xCB, 0xAD, 0x55, 0x43, 0xC3, 0x93, 0x9A, 0xC2, 0x35,
    0x6D, 0x9A, 0x6B, 0x33, 0xCF, 0x43, 0x9D, 0xFD, 0x21, 0x94, 0x17, 0xFF, 0x09, 0xF2, 0x4F, 0x7E,
    0x8C, 0xCC, 0x9D, 0x04, 0x99, 0x30, 0x82, 0x3B, 0x36, 0x66, 0xB1, 0x53, 0x46, 0x61, 0x44, 0xD3,
    0xC7, 0x54, 0x7B, 0x5C, 0xB9, 0x55, 0x93, 0x5F, 0x20, 0x24, 0x83, 0x54, 0xC7, 0x07, 0xD7, 0x30,
    0xFB, 0x08, 0xD4, 0x2D, 0x6A, 0xC7, 0xD5, 0x19, 0x9F, 0xCE, 0xC4, 0x64, 0xE7, 0x21, 0x02, 0xE1,
    0x12, 0x5F, 0xE4, 0x0C, 0x53, 0xB7, 0x05, 0x0A, 0x9B, 0x49, 0x4A, 0x4D, 0xBF, 0xB9, 0x45, 0xAB,
    0xB4, 0xC2, 0x75, 0x43, 0x82, 0x6E, 0x91, 0x6C, 0x6A, 0x5E, 0x4D, 0xFF, 0xEA, 0x06, 0x1D, 0xDA,
    0x19, 0x2E, 0xEE, 0xA7, 0xC8, 0x55, 0x23, 0x46, 0x81, 0x37, 0x99, 0x2F, 0x6D, 0xF9, 0x8C, 0xD6,
    0x10, 0x96, 0x6F, 0x9A, 0x29, 0xBB, 0x11, 0xC3, 0x27, 0x90, 0xAB, 0x50, 0x1C, 0xD1, 0xE5, 0xD0,
    0x3B, 0x38, 0x7E, 0x8B, 0x9F, 0x7E, 0xCB, 0xFF, 0xC7, 0x5B, 0x11, 0x49, 0x15, 0x25, 0x44, 0x7F,
    0x0C, 0x2D, 0xC1, 0x67, 0xAA, 0xF8, 0xB5, 0x0B, 0xF8, 0xD0, 0xE3, 0x1E, 0xB9, 0xDC, 0xC2, 0x1A,
    0x51, 0xE7, 0xDB, 0xD0, 0x33, 0x04, 0xDF, 0xEF, 0xB6, 0xB9, 0x9E, 0xFB, 0x9E, 0xAF, 0xF7, 0xBF,
    0x16, 0xE8, 0x83, 0x7F, 0x1F, 0x7A, 0x8B, 0xAF, 0x25, 0xF5, 0x9C, 0xCF, 0xD4, 0x80, 0x0D, 0x45,
    0xA5, 0x66, 0xCC, 0x3E, 0xE7, 0xB2, 0x3F, 0x66, 0xD7, 0x7F, 0xEE, 0x69, 0xED, 0x48, 0xE1, 0x41,
    0xE6, 0x26, 0xC7, 0x47, 0x50, 0xDA, 0xBE, 0xF6, 0x70, 0x64, 0x4D, 0xC6, 0x6C, 0xB2, 0x92, 0x6C,
    0x3A, 0x03, 0x75, 0x1A, 0x27, 0xE4, 0x1F, 0x8B, 0x17, 0xB0, 0x3E, 0xF4, 0x29, 0x56, 0x7F, 0x76,
    0x37, 0xF6, 0x66, 0xDA, 0x09, 0xAC, 0x4C, 0x38, 0x47, 0x5D, 0xC5, 0x01, 0x9D, 0x9E, 0xE5, 0xA2,
    0xB3, 0x08, 0xBA, 0xF2, 0x9D, 0x06, 0x0D, 0x4D, 0x67, 0x10, 0x8B, 0x24, 0xBC, 0xAA, 0x77, 0x16,
    0xF5, 0x07, 0xEA, 0x60, 0xDA, 0xEF, 0x80, 0x29, 0x2F, 0xA1, 0xD4, 0xDC, 0x04, 0x73, 0xDE, 0xE3,
    0xEC, 0x99, 0xFF, 0xF4, 0xAF, 0xFF, 0xF4, 0x67, 0xD1, 0xA1, 0x39, 0x35, 0x24, 0xDE, 0x65, 0x63,
    0x24, 0x28, 0x34, 0x12, 0x14, 0xF4, 0xFA, 0x6C, 0xF4, 0xF6, 0x04, 0x1E, 0x5E, 0xEB, 0xFB, 0xAD,
    0x3C, 0xF4, 0xD0, 0xAC, 0x4D, 0xC4, 0x52, 0xA4, 0x05, 0x34, 0x13, 0xF1, 0x68, 0xB8, 0x80, 0xA7,
    0xE3, 0xA3, 0x27, 0xD7, 0xD6, 0x4B, 0x2C, 0xFD, 0x14, 0x18, 0xB3, 0x98, 0xAB, 0xAE, 0x47, 0x84,
    0x48, 0x01, 0xB1, 0x75, 0x01, 0x19, 0x52, 0x1A, 0x64, 0xE7, 0x1F, 0x05, 0x7B, 0x0C, 0x85, 0xDF,
    0xE5, 0xC2, 0xBE, 0x08, 0xFD, 0x51, 0xA8, 0xAD, 0xED, 0x5B, 0xC2, 0x52, 0x01, 0x40, 0x42, 0x92,
    0xC9, 0xC1, 0xE2, 0x74, 0x70, 0xE9, 0xE7, 0x41, 0xF5, 0x58, 0xC0, 0x84, 0x38, 0xE1, 0x4A, 0xAA,
    0x6F, 0xC9, 0x1F, 0x44, 0x85, 0xDE, 0x9A, 0x5B, 0x65, 0x4C, 0xC4, 0xDF, 0xBA, 0x1C, 0xB2, 0x01,
    0x6E, 0x0D, 0xC2, 0x1C, 0x81, 0x36, 0x06, 0x65, 0x01, 0x72, 0x24, 0x56, 0x73, 0x29, 0x40, 0x7D,
    0x00, 0xEC, 0x38, 0xAC, 0x71, 0x18, 0xE3, 0xD0, 0xCA, 0x50, 0x03, 0xC8, 0x01, 0xFA, 0x6B, 0x50,
    0x17, 0x20, 0x0D, 0x1F, 0xD4, 0xF0, 0x97, 0x7D, 0x1A, 0x9F, 0xA0, 0xF6, 0x9E, 0x4F, 0x48, 0x3F,
    0x0A, 0xBD, 0xB3, 0x90, 0x79, 0x34, 0x3A, 0x75, 0xFE, 0xF7, 0x78, 0x55, 0x79, 0x79, 0x00, 0x55,
    0xE5, 0xCA, 0x20, 0x9D, 0x5E, 0x78, 0x89, 0xAE, 0x4D, 0xDF, 0xA6, 0xBB, 0x44, 0xA3, 0xEA, 0x2A,
    0x52, 0xB8, 0x88, 0x10, 0xCC, 0x88, 0xB6, 0x84, 0x2F, 0xF5, 0xDF, 0xFE, 0x76, 0x89, 0x3D, 0x13,
    0x85, 0x2E, 0x8B, 0x03, 0x97, 0xFD, 0x03, 0x77, 0xD9, 0xE7, 0xC0, 0x26, 0x6D, 0xD2, 0x57, 0x3A,
    0x55, 0x38, 0x41, 0xC7, 0x24, 0x55, 0x0E, 0x85, 0x14, 0xA5, 0x15, 0xD5, 0x38, 0xE6, 0xB3, 0x4C,
    0x58, 0xCD, 0x44, 0x55, 0x29, 0xA2, 0x33, 0x7D, 0xD7, 0x7F, 0x21, 0xA0, 0xEB, 0x74, 0x97, 0x38,
    0x2A, 0x72, 0xAA, 0xAE, 0xE5, 0xEA, 0xAE, 0xC5, 0x0A, 0x66, 0x22, 0x71, 0x64, 0xA9, 0xF5, 0x54,
    0x0D, 0x78, 0x94, 0x0E, 0x5A, 0xE8, 0xC4, 0x6F, 0x35, 0xDE, 0x42, 0xE1, 0xF4, 0x0D, 0x9F, 0xE5,
    0xA7, 0x83, 0x2A, 0x8D, 0xB0, 0x4A, 0xCF, 0x16, 0x7F, 0x19, 0xC4, 0xB4, 0x2A, 0xBE, 0x7A, 0xB7,
    0x03, 0x75, 0x12, 0xD7, 0x20, 0x7E, 0xFF, 0x32, 0x27, 0x16, 0xA2, 0xEF, 0xEA, 0x73, 0x11, 0x7B,
    0xAB, 0xE0, 0x9E, 0xD1, 0x2B, 0xD0, 0x5D, 0x5A, 0xC2, 0x4F, 0x31, 0xF3, 0xBD, 0x34, 0x74, 0x5E,
    0x09, 0x3E, 0x75, 0xB4, 0x66, 0xEA, 0xA2, 0x66, 0xCF, 0x98, 0x15, 0x7E, 0xD6, 0x35, 0x96, 0xAD,
    0x42, 0x14, 0x46, 0xF3, 0x42, 0x53, 0xBA, 0x0A, 0x57, 0xDA, 0x54, 0x05, 0x47, 0x96, 0x3B, 0x8A,
    0xCD, 0x0C, 0x33, 0x69, 0xC1, 0xC9, 0xDC, 0x42, 0x26, 0x92, 0xAE, 0xFD, 0x06, 0x71, 0xDC, 0x50,
    0x30, 0x9C, 0xBE, 0xC0, 0xD1, 0xF0, 0x6B, 0xBC, 0x8F, 0x5F, 0x0A, 0xF2, 0x28, 0xD7, 0xF2, 0xE5,
    0x39, 0x91, 0xCF, 0xD4, 0xCA, 0x65, 0x48, 0x74, 0x6B, 0xA0, 0x96, 0xD6, 0xD0, 0xFC, 0x4C, 0x94,
    0xE5, 0x52, 0xBE, 0x4B, 0x30, 0x17, 0x80, 0xC5, 0x33, 0xC0, 0x99, 0x54, 0xE1, 0x13, 0x22, 0x0F,
    0xFB, 0xF2, 0x8A, 0xC0, 0xA5, 0x88, 0x57, 0xE1, 0x6E, 0x80, 0xB8, 0x88, 0xF8, 0x28, 0x93, 0xE1,
    0x79, 0x99, 0x67, 0x42, 0xC9, 0xCF, 0x74, 0x9B, 0x0A, 0x1C, 0xBB, 0x34, 0x99, 0x7D, 0xDD, 0xDF,
    0x52, 0x90, 0xE1, 0x03, 0x92, 0x1F, 0x20, 0xE3, 0x73, 0x6C, 0x57, 0x93, 0x0E, 0x7D, 0xA2, 0xA0,
    0x8E, 0x53, 0xF1, 0x45, 0x39, 0x46, 0xF9, 0x40, 0xE5, 0xC0, 0xC5, 0xD2, 0xA9, 0x88, 0xEE, 0x8E,
    0xD3, 0xCC, 0x78, 0x35, 0x83, 0xCE, 0x66, 0xCB, 0xB0, 0x0D, 0xC3, 0xB6, 0x28, 0xAD, 0xD8, 0x43,
    0x69, 0xA9, 0xF6, 0xB5, 0x8D, 0x0B, 0xC6, 0x86, 0xB9, 0xA2, 0xE7, 0x85, 0xF6, 0x5D, 0xBE, 0x5D,
    0x12, 0x31, 0xA8, 0x93, 0x6C, 0xDB, 0x24, 0x35, 0x40, 0x51, 0xDC, 0x04, 0x0E, 0x61, 0xC4, 0x6B,
    0x59, 0xD0, 0x77, 0x14, 0x52, 0xC9, 0x79, 0xCC, 0xD5, 0x23, 0x27, 0x25, 0xCA, 0x54, 0x35, 0x50,
    0xD6, 0x62, 0x0F, 0x19, 0xD9, 0x6E, 0xBF, 0x36, 0xD5, 0x11, 0xAB, 0x18, 0x3B, 0xB9, 0xCE, 0xBB,
    0xF7, 0x41, 0x49, 0x81, 0x91, 0x15, 0x60, 0x36, 0x13, 0x18, 0x54, 0x4B, 0xE5, 0x86, 0xEA, 0x7B,
    0x57, 0xFC, 0xAC, 0xCA, 0x29, 0x11, 0x20, 0xD4, 0x0B, 0xEE, 0x5C, 0x62, 0xE3, 0xF4, 0x8A, 0x44,
    0xA0, 0xCC, 0x6A, 0x52, 0xF6, 0x73, 0x82, 0xA9, 0x51, 0xC3, 0x9B, 0xF1, 0x7F, 0x5B, 0x1F, 0xE1,
    0x19, 0xFD, 0x24, 0xA4, 0xAF, 0x94, 0x49, 0xFA, 0x45, 0x50, 0xBF, 0xE2, 0xC2, 0xA4, 0xB4, 0xC2,
    0xA1, 0xBC, 0x22, 0xA1, 0xC4, 0x02, 0x69, 0xAA, 0x07, 0xE1, 0x43, 0xFE, 0x47, 0xCB, 0xA7, 0xFE,
    0xC0, 0xFD, 0xEB, 0xDC, 0xC3, 0x7E, 0x97, 0xFB, 0x92, 0xD6, 0x66, 0x29, 0x9D, 0x1A, 0x39, 0xF5,
    0xE1, 0x4E, 0x86, 0x9A, 0x13, 0xD2, 0x33, 0xC9, 0xF8, 0xC2, 0x35, 0xF7, 0xD8, 0x69, 0x85, 0xC4,
    0x9B, 0x0C, 0x99, 0x0F, 0x90, 0xDC, 0xF4, 0xAD, 0x11, 0x4E, 0x1D, 0xEB, 0x65, 0x4A, 0x93, 0x53,
    0x54, 0x77, 0x73, 0x19, 0x11, 0xF5, 0x20, 0xE3, 0xF5, 0x07, 0xE0, 0xFC, 0x3A, 0x58, 0x0D, 0x53,
    0x21, 0x9C, 0x18, 0xAC, 0x8A, 0x66, 0xF1, 0x5E, 0x77, 0xDE, 0x74, 0x60, 0x0D, 0x71, 0xE3, 0x71,
    0x18, 0x2B, 0xE9, 0xC0, 0xD7, 0x60, 0x7C, 0x95, 0x38, 0x95, 0x7B, 0x33, 0x21, 0x51, 0x85, 0xF3,
    0x2B, 0x28, 0x2D, 0xD1, 0x78, 0x51, 0x6A, 0x89, 0xA5, 0xAE, 0x69, 0xD2, 0x75, 0xFF, 0xC9, 0x11,
    0xFE, 0xE4, 0x5C, 0x8F, 0x1E, 0x3B, 0x4B, 0xEF, 0xBA, 0x2F, 0x08, 0x86, 0x75, 0x7B, 0x64, 0xC9,
    0x76, 0x8F, 0xCD, 0x77, 0xE3, 0x1B, 0x37, 0xF2, 0xD3, 0xDF, 0x84, 0xFC, 0x67, 0x90, 0x37, 0x21,
    0xBF, 0x08, 0xF9, 0x8A, 0x2F, 0x3F, 0x1F, 0x68, 0xEF, 0x26, 0xF5, 0xBF, 0x0C, 0x6F, 0xFE, 0xB0,
    0x3C, 0xFD, 0x12, 0xE4, 0x16, 0xE4, 0x97, 0x21, 0xFF, 0x0B, 0xD7, 0x6E, 0x86, 0x04, 0x38, 0x9B,
    0x34, 0x76, 0x6A, 0xE6, 0xAB, 0xDB, 0x5F, 0x8C, 0xED, 0x94, 0x6A, 0xA1, 0x93, 0x5E, 0xD4, 0xE7,
    0x39, 0xE1, 0x8C, 0x59, 0x98, 0xBA, 0x2E, 0xCE, 0x64, 0x4D, 0x81, 0x33, 0x42, 0x2F, 0x27, 0x26,
    0xF1, 0xCE, 0xFE, 0x8F, 0xAD, 0x7C, 0xD3, 0x50, 0x2E, 0xEF, 0x7D, 0x42, 0x7D, 0x7E, 0xC9, 0xB1,
    0xC6, 0x99, 0x95, 0xDF, 0xD9, 0x50, 0x24, 0x2E, 0x94, 0xBF, 0xD0, 0xB2, 0xD2, 0x3D, 0x88, 0xB6,
    0x95, 0x17, 0x02, 0x5D, 0x79, 0x2E, 0xD4, 0x95, 0xCB, 0x94, 0x38, 0xBE, 0x1B, 0x41, 0xA2, 0xC8,
    0x95, 0xA7, 0x29, 0x46, 0xDE, 0xEF, 0x2C, 0xA6, 0xB4, 0xDA, 0x10, 0xCE, 0x08, 0x44, 0x29, 0x28,
    0x04, 0x2C, 0x3C, 0x5A, 0x73, 0x2D, 0x9C, 0x60, 0xC4, 0xEB, 0x22, 0x0E, 0xFF, 0x1B, 0x46, 0x1F,
    0x98, 0x1D, 0x54, 0x9F, 0x89, 0xAA, 0x8D, 0x98, 0x8C, 0x78, 0xD2, 0x28, 0x05, 0x0A, 0x65, 0x58,
    0x52, 0x39, 0x17, 0xC2, 0x1A, 0x86, 0xFB, 0x3E, 0x9E, 0xBE, 0x25, 0xCC, 0x79, 0x1F, 0xDA, 0x26,
    0x4F, 0x23, 0xF2, 0x3E, 0x2A, 0xC9, 0xD0, 0xBB, 0x2C, 0x61, 0x41, 0xAA, 0xED, 0xA0, 0x12, 0x92,
    0x5B, 0x32, 0x97, 0x82, 0x1C, 0x6F, 0xB7, 0x71, 0xA3, 0xB3, 0x11, 0x11, 0xEC, 0x32, 0x4A, 0xFF,
    0x30, 0x01, 0x8C, 0x51, 0x8A, 0x81, 0xF9, 0x6B, 0xDF, 0xFA, 0xF6, 0xCC, 0x37, 0x14, 0x5F, 0x14,
    0x12, 0x17, 0x11, 0x05, 0x6C, 0xB9, 0x6D, 0x72, 0x67, 0x00, 0xC6, 0x60, 0x9A, 0x1B, 0xAE, 0x88,
    0xC5, 0x82, 0x06, 0x97, 0x49, 0xD3, 0xC6, 0x8E, 0xE0, 0x31, 0xC6, 0xB5, 0xB9, 0x54, 0xF2, 0x50,
    0xD1, 0xA2, 0xBD, 0xD5, 0x47, 0x5B, 0x3D, 0xAB, 0x8F, 0xDE, 0x16, 0xD5, 0xB7, 0x53, 0xC7, 0x97,
    0xBA, 0xA9, 0x63, 0x82, 0x7E, 0x4A, 0x1D, 0x0D, 0xAC, 0x4D, 0x75, 0x80, 0x29, 0x34, 0xD7, 0xFC,
    0x13, 0xB0, 0x4F, 0x41, 0x5D, 0x12, 0xAB, 0x14, 0x49, 0xDA, 0x11, 0x17, 0xD7, 0xDB, 0x5D, 0x6C,
    0x66, 0xD0, 0xDE, 0xD8, 0xC2, 0x8F, 0xFE, 0x82, 0x61, 0xE6, 0x1B, 0x8C, 0x24, 0xDA, 0xDE, 0xC3,
    0x14, 0x72, 0x5A, 0xD4, 0x16, 0xD5, 0xA9, 0xFE, 0xFC, 0xDF, 0x5C, 0x7D, 0xF9, 0xA1, 0xE8, 0xEC,
    0x91, 0x50, 0x93, 0xB6, 0xAD, 0x28, 0xF8, 0xFD, 0x94, 0x10, 0xA1, 0xC8, 0x36, 0x49, 0xF0, 0x69,
    0xBC, 0x63, 0xB6, 0x99, 0xE6, 0xA2, 0x5A, 0x6A, 0xC5, 0x30, 0x5D, 0xCC, 0xCA, 0x1D, 0x40, 0x75,
    0xE0, 0xE0, 0x2C, 0xE2, 0x81, 0x0B, 0xC2, 0x8F, 0xA4, 0x70, 0x3F, 0x06, 0xD4, 0xBD, 0x6C, 0xF6,
    0x0A, 0xB7, 0x5F, 0x4E, 0x9F, 0x70, 0x25, 0x95, 0xF0, 0xC5, 0x30, 0x4D, 0x07, 0xAA, 0xA5, 0x35,
    0x75, 0x4D, 0xAA, 0xA6, 0x64, 0x67, 0xA7, 0xEB, 0xA2, 0xB1, 0x0C, 0xE3, 0x1C, 0x4F, 0xA9, 0x44,
    0x18, 0xA5, 0xCC, 0x9D, 0x20, 0x21, 0x73, 0x12, 0x94, 0xAA, 0x22, 0xA8, 0x58, 0xD7, 0x84, 0x3E,
    0x85, 0xE8, 0x50, 0x7E, 0x23, 0x7C, 0xEC, 0x72, 0x7C, 0x8B, 0xC7, 0x17, 0xDB, 0x31, 0xE5, 0xCA,
    0x04, 0x45, 0x39, 0x2C, 0xA3, 0x29, 0x18, 0x44, 0x6A, 0xE1, 0xB1, 0x17, 0x71, 0x6B, 0x96, 0x5F,
    0x6C, 0x73, 0x71, 0xEB, 0x39, 0x64, 0xB6, 0xBA, 0xFC, 0xBD, 0x6F, 0x43, 0x82, 0x32, 0x30, 0x28,
    0xB8, 0xF2, 0xFE, 0xE6, 0x97, 0xD3, 0xE6, 0x95, 0x34, 0x9A, 0x4E, 0x42, 0x24, 0xC2, 0xC6, 0x8E,
    0x42, 0xC3, 0xF8, 0x02, 0xAD, 0x25, 0xDF, 0x23, 0x4F, 0x1D, 0x05, 0x3E, 0xCD, 0x86, 0x8D, 0xF4,
    0x79, 0x64, 0xDE, 0x16, 0xFB, 0x06, 0x3D, 0xD3, 0xCF, 0x5D, 0x6C, 0x75, 0x5B, 0x08, 0x53, 0x22,
    0x1A, 0x9D, 0x48, 0x76, 0x76, 0x37, 0xC9, 0x1E, 0x77, 0x4E, 0xB3, 0xDA, 0x54, 0x42, 0x5C, 0x6F,
    0x34, 0x35, 0x18, 0x43, 0x96, 0x9A, 0xEC, 0xBF, 0x33, 0x93, 0x82, 0x89, 0xB8, 0x4E, 0xE2, 0xBB,
    0x92, 0xD1, 0x2D, 0xF4, 0x63, 0x08, 0x87, 0xF6, 0x65, 0x91, 0x19, 0x92, 0xB4, 0xFE, 0x10, 0x25,
    0x19, 0x69, 0xBE, 0x5E, 0x7F, 0x90, 0x3B, 0xE9, 0xF6, 0x80, 0xE0, 0x03, 0x5D, 0x58, 0x93, 0xA6,
    0x4C, 0x47, 0xBF, 0x05, 0xA5, 0x91, 0x8A, 0xEB, 0x83, 0xD8, 0x88, 0x26, 0x6F, 0x89, 0xC8, 0xBD,
    0x57, 0x9E, 0x7B, 0x6F, 0xD5, 0x3B, 0x08, 0x7E, 0x13, 0xDB, 0x0E, 0xE8, 0x0D, 0xBF, 0x68, 0x3B,
    0x5C, 0x3C, 0x6C, 0x16, 0xCF, 0x24, 0xA3, 0x37, 0x1A, 0xC7, 0xDE, 0x68, 0x1C, 0xFD, 0xF7, 0xC6,
    0xF0, 0x46, 0x6A, 0x95, 0xC6, 0xE2, 0x43, 0x5B, 0xA9, 0x32, 0x1A, 0x22, 0x0F, 0xF7, 0x4C, 0xC0,
    0x53, 0x0A, 0x10, 0x6B, 0xF4, 0x5E, 0x07, 0x4B, 0x59, 0x28, 0xE9, 0x06, 0xE3, 0xF6, 0xF6, 0x60,
    0x05, 0x39, 0x26, 0x46, 0x7D, 0x78, 0x1D, 0x23, 0x9A, 0xD8, 0x1E, 0xBC, 0x6E, 0x86, 0xD9, 0xB2,
    0xBE, 0xD2, 0x97, 0xE6, 0x79, 0x68, 0xD8, 0x89, 0xDB, 0x70, 0x93, 0xD2, 0x1A, 0x84, 0xDE, 0x54,
    0x26, 0x77, 0x6C, 0x2C, 0xEE, 0xD3, 0x92, 0xD4, 0xC1, 0xFD, 0x2D, 0xD1, 0x26, 0xD9, 0xFB, 0x0A,
    0xBD, 0xF0, 0xDB, 0x12, 0x32, 0x5F, 0xA5, 0x57, 0x37, 0xAF, 0x41, 0x7D, 0x85, 0x82, 0x94, 0x12,
    0x97, 0x09, 0x43, 0xC6, 0x86, 0xD7, 0xC6, 0xE8, 0xAD, 0x1A, 0x5B, 0x8D, 0xD1, 0x68, 0xD8, 0x6D,
    0x6A, 0x07, 0xB7, 0x95, 0x9F, 0x3A, 0x27, 0xE8, 0xB4, 0x93, 0x8E, 0x7D, 0xBC, 0x9B, 0x78, 0x35,
    0xDD, 0x4D, 0x54, 0xBC, 0xAD, 0xCE, 0x3B, 0x12, 0x39, 0x36, 0x5C, 0xD7, 0x4B, 0xDC, 0xED, 0x4C,
    0x16, 0xE9, 0x62, 0x7E, 0x92, 0x62, 0x91, 0x64, 0x2D, 0x85, 0x5F, 0x9B, 0x57, 0x49, 0x86, 0x6B,
    0x62, 0x63, 0xB3, 0x03, 0x35, 0xD3, 0xFF, 0x45, 0xEA, 0x64, 0x7E, 0xF5, 0x19, 0x4A, 0x95, 0x8D,
    0x8E, 0x62, 0x22, 0x05, 0xF3, 0x89, 0xCD, 0xB2, 0xBC, 0x10, 0xEE, 0x6D, 0x8C, 0x23, 0x74, 0xBC,
    0xD6, 0xC9, 0xFD, 0x3E, 0xD5, 0xEE, 0xE6, 0x23, 0xC8, 0xFC, 0xB3, 0xA8, 0xDC, 0x33, 0x58, 0xB2,
    0x79, 0x7D, 0xA5, 0xF7, 0xFE, 0x67, 0x9E, 0x3F, 0x4C, 0xBD, 0xDD, 0xBF, 0x97, 0x33, 0xD5, 0x3A,
    0x5D, 0xC9, 0x87, 0x32, 0xCF, 0x25, 0x5D, 0xD9, 0x40, 0xD9, 0xF4, 0xD2, 0xD7, 0xE3, 0x72, 0x20,
    0x73, 0xD5, 0x27, 0x02, 0x6E, 0xE4, 0x2B, 0x2B, 0x2B, 0x5E, 0x4D, 0xBA, 0x06, 0xE9, 0x4B, 0x07,
    0xED, 0x8F, 0xE6, 0x96, 0xD0, 0xB7, 0xCF, 0xE6, 0x0F, 0xA1, 0x45, 0xFE, 0xF6, 0x76, 0x38, 0xEC,
    0xBB, 0x65, 0xDD, 0x9D, 0xC2, 0xFD, 0x9E, 0x40, 0x78, 0xDB, 0x99, 0x12, 0x55, 0xBB, 0xB6, 0x33,
    0x25, 0x12, 0xEE, 0xC4, 0xF6, 0x1E, 0x91, 0x28, 0x6C, 0x72, 0xDB, 0x9D, 0x3B, 0x9B, 0x5D, 0xFA,
    0xEE, 0xFD, 0xCD, 0x3A, 0x0D, 0xBC, 0x8D, 0x6E, 0x83, 0x9E, 0xBD, 0xED, 0x6D, 0xB6, 0xB3, 0xB7,
    0x7B, 0x8D, 0x3B, 0x57, 0x7B, 0x6D, 0x04, 0xE6, 0xF9, 0x69, 0x0A, 0xC8, 0xFB, 0x37, 0x62, 0x68,
    0xDE, 0x3E, 0x71, 0xA3, 0x7E, 0xA0, 0xD6, 0x57, 0x5E, 0x3E, 0x5F, 0x1D, 0x63, 0xE3, 0xC6, 0x9C,
    0x56, 0x53, 0x03, 0xD9, 0x97, 0x31, 0x40, 0x6B, 0x39, 0x09, 0x7A, 0x35, 0x0D, 0xA6, 0x83, 0x9B,
    0x67, 0xCB, 0x62, 0xBF, 0xA6, 0xE7, 0x03, 0x68, 0x99, 0x75, 0x41, 0x73, 0x7F, 0xF0, 0x03, 0x72,
    0x63, 0x87, 0x57, 0xB2, 0xBC, 0xE7, 0x03, 0x86, 0xB7, 0xA7, 0xEA, 0x80, 0x2D, 0xDB, 0x6C, 0x7E,
    0x68, 0xE1, 0xFE, 0x9D, 0xAF, 0xAE, 0xB0, 0xBE, 0x47, 0x29, 0xA4, 0x56, 0x7D, 0x52, 0x9D, 0x42,
    0x29, 0xE7, 0xBB, 0xF2, 0x9B, 0x52, 0x0F, 0x4E, 0xD2, 0xF6, 0x0B, 0x48, 0xFF, 0x49, 0x73, 0xD0,
    0x66, 0x2C, 0x3E, 0x0F, 0xE9, 0x56, 0x0A, 0x9F, 0x5E, 0x5B, 0x61, 0x7B, 0x65, 0x3C, 0x82, 0x5C,
    0x20, 0x61, 0x97, 0x98, 0xE7, 0x92, 0xAF, 0xF2, 0x3E, 0x1C, 0xA8, 0x3F, 0x7C, 0x31, 0x27, 0xD2,
    0x3E, 0xFA, 0x83, 0x28, 0x7B, 0x54, 0x50, 0xF6, 0xCE, 0x27, 0x8C, 0x7E, 0xB4, 0xEB, 0x09, 0x9D,
    0xAD, 0xC2, 0xCF, 0xB6, 0x3A, 0x5B, 0x85, 0xFF, 0x0F, 0x8D, 0x96, 0x3F, 0x6F, 0xD3, 0x40, 0x18,
    0xC6, 0x9F, 0xF3, 0x9F, 0x58, 0x89, 0xAB, 0xC4, 0x83, 0x87, 0x22, 0x70, 0xD2, 0x21, 0x12, 0x95,
    0x90, 0x0B, 0x48, 0x0C, 0x19, 0x8E, 0xEA, 0x90, 0x2A, 0x81, 0x54, 0x06, 0x0F, 0x08, 0x75, 0xEC,
    0xC0, 0x90, 0x05, 0xA9, 0x95, 0x3A, 0x58, 0x02, 0x29, 0x19, 0xF8, 0x00, 0xF9, 0x08, 0x19, 0x18,
    0xCA, 0xD6, 0x21, 0x03, 0x03, 0x50, 0x7F, 0x04, 0x6F, 0xAC, 0x19, 0x19, 0x90, 0xC8, 0x90, 0x81,
    0xA1, 0x05, 0xDE, 0x8B, 0xED, 0xE0, 0xF8, 0x5F, 0x1C, 0x9F, 0x2C, 0x2B, 0x7E, 0x9F, 0xDF, 0x3D,
    0x77, 0xEF, 0x7B, 0xE7, 0x63, 0x73, 0x28, 0x0B, 0xA8, 0x17, 0x68, 0x70, 0x34, 0x5D, 0xB4, 0xBF,
    0x61, 0xB7, 0x83, 0x27, 0x1D, 0xF1, 0xB5, 0x17, 0x42, 0x80, 0xCD, 0x41, 0xF7, 0xBB, 0x21, 0xBF,
    0xC2, 0xEC, 0x60, 0xE9, 0xCF, 0xFC, 0xE5, 0xE1, 0x17, 0x06, 0x63, 0xCC, 0x00, 0x0F, 0xEC, 0x02,
    0x38, 0x45, 0x14, 0x55, 0xC6, 0x60, 0x68, 0x06, 0x6C, 0xAC, 0x64, 0x10, 0x00, 0x88, 0xF0, 0x1A,
    0xEA, 0x0C, 0x4C, 0xAB, 0x92, 0x53, 0xDC, 0x49, 0x2B, 0xD4, 0xAC, 0x9C, 0x1C, 0xB8, 0xE7, 0xD5,
    0x91, 0x9F, 0x8B, 0x76, 0x91, 0xBC, 0x59, 0xAF, 0xF7, 0x7E, 0x69, 0xEF, 0xC6, 0x4F, 0x39, 0xF6,
    0x1A, 0x06, 0x7A, 0x57, 0x6C, 0x5C, 0xC8, 0x98, 0xD4, 0x50, 0x0B, 0x28, 0x21, 0x18, 0xDD, 0x0B,
    0x46, 0x11, 0xA7, 0x61, 0x0F, 0xEC, 0x95, 0x24, 0xC9, 0x7C, 0x54, 0x91, 0x18, 0x21, 0x98, 0xC8,
    0xBA, 0x20, 0x36, 0xFB, 0xB0, 0x5D, 0xAE, 0xA1, 0x81, 0x22, 0xB9, 0xFC, 0x4D, 0xEB, 0x19, 0x40,
    0x43, 0x28, 0xA2, 0x84, 0xA1, 0xFE, 0x00, 0xB3, 0xEA, 0x30, 0x3A, 0x13, 0x4D, 0xB4, 0x03, 0x96,
    0xAB, 0x26, 0x9A, 0xC6, 0x1A, 0x53, 0x10, 0x57, 0xB3, 0xED, 0xE5, 0x6D, 0x44, 0x93, 0x39, 0xBA,
    0x75, 0x9B, 0x8E, 0xD6, 0x45, 0xEF, 0xA3, 0x03, 0x87, 0x39, 0xC6, 0xE8, 0x0F, 0x79, 0x0B, 0x98,
    0x30, 0x43, 0x3E, 0xF3, 0xFD, 0xD1, 0xD2, 0x07, 0xB7, 0x7B, 0x0B, 0x8A, 0xA5, 0xFF, 0x98, 0x50,
    0xA6, 0x94, 0x43, 0x91, 0xD7, 0x24, 0x25, 0xBF, 0xA9, 0x02, 0x74, 0xAD, 0xB3, 0x84, 0x97, 0x8F,
    0xD7, 0xAD, 0x87, 0x0B, 0x4B, 0x64, 0xA3, 0x69, 0x50, 0x2F, 0x5B, 0x53, 0xCD, 0x2A, 0xF2, 0x14,
    0x55, 0x65, 0x5E, 0xF1, 0x58, 0x94, 0x29, 0xA2, 0x65, 0x90, 0x53, 0xEC, 0xB3, 0x17, 0x25, 0x8A,
    0x7E, 0x71, 0x1F, 0x0C, 0x9D, 0x05, 0xD5, 0x73, 0x49, 0x2F, 0x49, 0xAD, 0x67, 0x55, 0x4A, 0xA9,
    0x42, 0xCE, 0xAE, 0x52, 0xE0, 0x2D, 0x9A, 0x63, 0x0D, 0xF7, 0xD1, 0x82, 0x86, 0x91, 0x38, 0x40,
    0x37, 0x75, 0x8D, 0x84, 0x8D, 0xB7, 0x70, 0x60, 0xE3, 0x12, 0x7C, 0x7D, 0x5D, 0x17, 0xC4, 0x69,
    0x38, 0x20, 0xFD, 0x2E, 0xBD, 0x45, 0x26, 0x16, 0x74, 0xB7, 0x57, 0x2B, 0xF9, 0x16, 0x8E, 0x29,
    0xB8, 0x1A, 0xBC, 0x4F, 0x1A, 0x3D, 0xBB, 0xA6, 0xA0, 0xFF, 0xA9, 0xA0, 0xB0, 0x90, 0x77, 0x32,
    0xE7, 0xFB, 0x5C, 0x5E, 0x7C, 0x20, 0xCD, 0x49, 0xDB, 0xF1, 0x06, 0x78, 0x26, 0xDF, 0x57, 0x31,
    0xE4, 0x22, 0xD3, 0x43, 0x46, 0x55, 0xBB, 0x49, 0x49, 0xF6, 0x40, 0xE5, 0xB3, 0x2C, 0xDF, 0x6A,
    0x42, 0x2A, 0xE5, 0x9B, 0x04, 0x60, 0xC7, 0x83, 0x32, 0xAB, 0x43, 0x38, 0x17, 0x85, 0x84, 0x56,
    0x6D, 0x0F, 0xFD, 0x52, 0x0F, 0xEA, 0x8D, 0xDC, 0x0C, 0xEB, 0xD9, 0x48, 0xD5, 0xC8, 0x26, 0x66,
    0x5A, 0xC3, 0x45, 0x92, 0x8F, 0x75, 0xC9, 0xE4, 0xB3, 0xB2, 0x0F, 0x50, 0x56, 0xC4, 0x9E, 0x71,
    0x3B, 0x70, 0xCC, 0x37, 0x5C, 0x0D, 0x8B, 0x7D, 0x9C, 0x82, 0xD1, 0xCE, 0x6A, 0xC0, 0xFC, 0x2E,
    0xF8, 0x3B, 0xF8, 0x3C, 0x6E, 0x7C, 0x80, 0x68, 0x4C, 0x8A, 0x90, 0x01, 0xF0, 0xB6, 0x70, 0xEE,
    0x00, 0x26, 0x25, 0xE7, 0x79, 0x29, 0x27, 0x55, 0x25, 0x5B, 0x50, 0xE4, 0x5D, 0x27, 0x4B, 0x41,
    0x95, 0x2B, 0x76, 0x04, 0x83, 0xE6, 0xDA, 0xDE, 0x82, 0xD2, 0x2D, 0x19, 0x6F, 0x55, 0xB8, 0x42,
    0x25, 0x21, 0x99, 0x66, 0x94, 0x38, 0x61, 0x72, 0xE1, 0x4A, 0xC3, 0xD7, 0xC7, 0x63, 0x57, 0x45,
    0xA6, 0x75, 0x1B, 0x30, 0x6F, 0x56, 0xC7, 0x82, 0x15, 0x64, 0x38, 0x04, 0xE7, 0xFF, 0x9B, 0xCB,
    0xD1, 0xFB, 0x25, 0xDF, 0xAA, 0xAB, 0x2F, 0x5B, 0xFA, 0x18, 0x51, 0x45, 0x5B, 0xCF, 0xCF, 0x4A,
    0x55, 0xCC, 0x94, 0x1B, 0x1A, 0x30, 0x93, 0xD9, 0xBF, 0x3E, 0x1E, 0xB8, 0x6A, 0xDF, 0x55, 0x27,
    0x1B, 0x28, 0x23, 0x46, 0xC5, 0xD9, 0x47, 0x38, 0xBC, 0x9C, 0x73, 0x3E, 0xE1, 0x87, 0x59, 0x4E,
    0x9C, 0x7D, 0x6B, 0x0B, 0xA7, 0x29, 0x67, 0x88, 0xFC, 0x94, 0x72, 0x52, 0xA3, 0xDB, 0x82, 0x4A,
    0x8D, 0xAE, 0x94, 0xC6, 0x9E, 0xC9, 0xC5, 0x41, 0xD9, 0xAF, 0x46, 0xE9, 0x1A, 0xE8, 0x43, 0x03,
    0xAF, 0xDC, 0x15, 0x2A, 0x09, 0x49, 0xE2, 0x50, 0x32, 0x3F, 0x2C, 0xC9, 0x5D, 0x83, 0x0E, 0x26,
    0x81, 0x8C, 0xFC, 0xDB, 0x13, 0x4F, 0x5B, 0xE8, 0xEE, 0xA0, 0x73, 0x02, 0xE3, 0x0A, 0xEA, 0x5C,
    0x1E, 0x5B, 0xA8, 0x99, 0x4B, 0x5A, 0x20, 0x26, 0x85, 0x7E, 0x1A, 0xBE, 0xEF, 0xF3, 0x47, 0xDD,
    0xD3, 0xCE, 0xC4, 0x0C, 0xD4, 0xB1, 0x4A, 0x9B, 0x8E, 0x5F, 0x25, 0x5A, 0x9F, 0x7B, 0x32, 0x3A,
    0xAB, 0xE5, 0xFB, 0xB6, 0x7C, 0x79, 0x26, 0xB7, 0x0B, 0x7A, 0xA8, 0x60, 0x30, 0x44, 0x9B, 0x6E,
    0x51, 0xD7, 0xCA, 0x11, 0xDA, 0xBF, 0xA1, 0x59, 0x55, 0x7A, 0xDD, 0x7A, 0x40, 0x5F, 0xE5, 0x22,
    0xF5, 0x3F, 0x75, 0x54, 0xCF, 0x8B, 0x13, 0x57, 0x1C, 0xFF, 0x4C, 0x62, 0x32, 0x9A, 0xA8, 0x99,
    0xCA, 0x64, 0x9B, 0xD5, 0x94, 0x48, 0x09, 0x38, 0x49, 0xD5, 0x1D, 0x69, 0x64, 0xC7, 0x32, 0x92,
    0x27, 0xFB, 0x0F, 0xCC, 0x61, 0x57, 0xC4, 0x4B, 0x43, 0xDB, 0x83, 0x49, 0x41, 0x93, 0x32, 0xD1,
    0xB8, 0x55, 0xF2, 0x7A, 0x69, 0xC1, 0x53, 0xFA, 0xE3, 0xE2, 0x45, 0x96, 0xAD, 0x07, 0x15, 0x05,
    0x59, 0xD6, 0x1F, 0x17, 0xF5, 0x81, 0x87, 0x1C, 0xD6, 0xC3, 0x43, 0x0F, 0x96, 0x42, 0x21, 0xB0,
    0x87, 0x16, 0x4A, 0x21, 0x6A, 0x84, 0x2D, 0xEC, 0xBA, 0x7E, 0xDF, 0x4C, 0x33, 0xF5, 0xE2, 0xF7,
    0xCD, 0x7B, 0xDF, 0x1F, 0xEF, 0xFB, 0xF9, 0xBE, 0xEF, 0xFB, 0xBE, 0xF7, 0xC6, 0xF3, 0xFE, 0x23,
    0xC0, 0xB2, 0xCC, 0x90, 0xB0, 0xA5, 0x34, 0x3B, 0xB6, 0x1A, 0xA7, 0xB2, 0x89, 0x90, 0x80, 0x87,
    0x26, 0x7D, 0xDD, 0x51, 0x75, 0x03, 0xA8, 0x6E, 0x6E, 0x4A, 0x10, 0x95, 0x6F, 0xDC, 0xE8, 0x29,
    0xFE, 0x01, 0x3E, 0x7D, 0x4F, 0x2B, 0x2F, 0x64, 0xBD, 0xF2, 0x42, 0xCE, 0xEE, 0x38, 0x15, 0x37,
    0x57, 0x53, 0xDD, 0xE9, 0xD8, 0xB9, 0x9C, 0x77, 0x88, 0xCF, 0xCB, 0x23, 0xF2, 0xB0, 0x38, 0x2A,
    0x73, 0xE2, 0x0B, 0x36, 0xE6, 0x47, 0xE4, 0xBC, 0x3C, 0xC4, 0x73, 0x5E, 0x02, 0x29, 0x24, 0xF0,
    0x68, 0x90, 0x42, 0x86, 0x24, 0x25, 0xAB, 0x06, 0x28, 0xFB, 0xE9, 0xDE, 0x49, 0x2F, 0x13, 0xE8,
    0x19, 0x34, 0x7A, 0x8D, 0x9E, 0x9A, 0xDD, 0x82, 0x2A, 0xBA, 0xAC, 0x8A, 0x49, 0xF2, 0x59, 0xC6,
    0x43, 0xEA, 0x0C, 0xA6, 0x6B, 0x9A, 0x86, 0xBB, 0x6C, 0xD6, 0x9C, 0x8A, 0xEF, 0x76, 0x7C, 0x9A,
    0x71, 0x1C, 0x94, 0xA2, 0xFD, 0x9E, 0x4A, 0x8C, 0x37, 0x56, 0xBF, 0x78, 0x71, 0xBC, 0xF3, 0x39,
    0x36, 0x17, 0x89, 0x5A, 0x24, 0x2A, 0xFA, 0x64, 0x06, 0xF8, 0xE6, 0x7B, 0x60, 0xE9, 0x09, 0xF5,
    0xDF, 0x3C, 0x73, 0xFA, 0x9C, 0xFF, 0x47, 0xF6, 0xEB, 0x03, 0x2B, 0x58, 0x39, 0xD8, 0xD7, 0x7E,
    0x28, 0xAD, 0xC4, 0x67, 0x96, 0xFF, 0x41, 0x44, 0xCA, 0x3B, 0xF4, 0x0F, 0x11, 0x21, 0x26, 0x01,
    0x42, 0xFD, 0xFE, 0x19, 0x27, 0x5C, 0xBF, 0x25, 0xB0, 0x42, 0xA3, 0x24, 0x6C, 0xFF, 0xB0, 0x20,
    0xF4, 0xAD, 0x29, 0x16, 0x62, 0x3B, 0xCD, 0x05, 0x9C, 0x1F, 0xB4, 0xC4, 0x22, 0x07, 0xCE, 0xFF,
    0xC9, 0x5B, 0x7D, 0x2C, 0x5E, 0x52, 0x76, 0xDF, 0xC9, 0xA3, 0x2D, 0x9D, 0x41, 0xBE, 0x09, 0xB4,
    0x9F, 0x33, 0x67, 0x95, 0xE7, 0x29, 0x08, 0xB0, 0x0D, 0x05, 0x4C, 0xB3, 0x96, 0xD8, 0x96, 0xAF,
    0xEC, 0xDF, 0x01, 0x3B, 0xBF, 0x33, 0x5F, 0x81, 0x71, 0x9B, 0x59, 0x4B, 0x3C, 0x95, 0xC2, 0xAE,
    0x9B, 0xAC, 0xF3, 0x42, 0x4E, 0xFC, 0xC5, 0xD2, 0x29, 0xEC, 0x5F, 0xE2, 0x7B, 0x6F, 0xF3, 0xBB,
    0xF2, 0x8E, 0x6C, 0xCB, 0x96, 0x6C, 0x0A, 0x9B, 0xD0, 0x6D, 0xD2, 0x54, 0xF0, 0x83, 0x83, 0xF6,
    0x85, 0x0F, 0x2F, 0xC4, 0xEF, 0xC7, 0x65, 0x9C, 0x34, 0x9D, 0xE9, 0x94, 0x4C, 0x76, 0xB6, 0x7C,
    0xD5, 0x83, 0x57, 0x3A, 0xCE, 0x93, 0xD7, 0x81, 0x39, 0xA4, 0xFF, 0x1E, 0x14, 0x91, 0x03, 0xD7,
    0x78, 0x0C, 0x49, 0x5A, 0x76, 0x0F, 0x3E, 0x66, 0x35, 0xC1, 0x7B, 0x50, 0x15, 0xBA, 0xCC, 0xA0,
    0x3D, 0xE2, 0xD0, 0x36, 0x29, 0xEB, 0x13, 0x0C, 0x49, 0xB3, 0x89, 0xB3, 0xBF, 0x7E, 0x8B, 0xA9,
    0x1F, 0x37, 0x02, 0x9E, 0x44, 0x13, 0xD9, 0x6E, 0x03, 0x36, 0x7A, 0x10, 0x31, 0x16, 0x27, 0xF8,
    0x76, 0x14, 0x49, 0xAD, 0x8F, 0x86, 0xC3, 0xE1, 0xEB, 0x7F, 0x69, 0x18, 0xD5, 0xEB, 0x85, 0x4C,
    0x26, 0x53, 0xF8, 0x5C, 0x0D, 0x0D, 0x95, 0x54, 0xF5, 0xE9, 0x1B, 0xF8, 0xAF, 0xFA, 0xCC, 0x18,
    0xEA, 0x5C, 0x1B, 0xA6, 0x99, 0xCE, 0x0F, 0x50, 0x20, 0x3B, 0xA8, 0x52, 0x1A, 0x3E, 0x9D, 0xBF,
    0x3F, 0x2E, 0x78, 0xF5, 0x99, 0xF4, 0x5F, 0x09, 0xE3, 0xA5, 0xD0, 0x5E, 0x0A, 0xFD, 0x3B, 0x91,
    0xD4, 0xB8, 0xF2, 0x89, 0x89, 0x4C, 0x4C, 0x84, 0x0E, 0x77, 0xDE, 0xE0, 0xEE, 0x63, 0xE1, 0xCF,
    0x88, 0xA6, 0xCE, 0x9B, 0x1F, 0xC1, 0x2E, 0x86, 0x25, 0xC5, 0xB2, 0x13, 0xCE, 0xCF, 0xAF, 0x75,
    0xD7, 0xB2, 0x3E, 0x05, 0xAF, 0x51, 0x86, 0x12, 0x42, 0x05, 0x68, 0xFC, 0x52, 0x5E, 0x9F, 0xDC,
    0xA0, 0xB6, 0x3E, 0xC9, 0xC7, 0xAD, 0x24, 0x67, 0xBD, 0xA9, 0xFB, 0x5D, 0x5B, 0xB5, 0xDD, 0xD7,
    0x4E, 0x8F, 0x26, 0x95, 0xC7, 0x7A, 0xE3, 0x6A, 0x02, 0x13, 0xDE, 0x19, 0xD9, 0x95, 0x13, 0x74,
    0x77, 0x2D, 0x97, 0x02, 0x5A, 0x8E, 0xBD, 0x55, 0xE5, 0xB0, 0x81, 0x4A, 0x8C, 0x1B, 0x60, 0xD1,
    0xDD, 0x20, 0x99, 0x2C, 0xE9, 0x07, 0x08, 0xEE, 0xF3, 0x18, 0xA5, 0xBF, 0x83, 0x5F, 0x62, 0xF7,
    0x82, 0x02, 0x6F, 0xA7, 0x6A, 0x17, 0x31, 0xCD, 0xBF, 0xA4, 0x5C, 0x72, 0xE6, 0xB9, 0xAF, 0xBC,
    0x05, 0x3A, 0x88, 0x52, 0x92, 0x33, 0x18, 0x1A, 0xF6, 0x79, 0x05, 0xD9, 0x1D, 0x15, 0xE4, 0x3E,
    0x4F, 0xA3, 0xC5, 0xE0, 0x1A, 0x70, 0xC9, 0x19, 0x0E, 0x31, 0xBA, 0x36, 0x57, 0x5A, 0xFD, 0xFC,
    0xE2, 0x25, 0x4B, 0xAD, 0xD1, 0x83, 0x36, 0x50, 0x00, 0x57, 0xE7, 0xC5, 0x18, 0xC3, 0x00, 0xEA,
    0x23, 0x48, 0x8C, 0x91, 0x85, 0xF2, 0xD2, 0x86, 0xCA, 0xC7, 0xD1, 0x03, 0x95, 0xC8, 0x0D, 0x2B,
    0xE2, 0xB8, 0x01, 0x1B, 0xBB, 0x9B, 0x41, 0x00, 0x53, 0x63, 0xEF, 0x1A, 0x7F, 0x2A, 0xAE, 0x3A,
    0x71, 0x6C, 0xAE, 0xC5, 0xF1, 0x33, 0x49, 0x0A, 0x49, 0x8F, 0x2E, 0x40, 0xBA, 0x56, 0xD1, 0x35,
    0xDC, 0x22, 0x55, 0xA2, 0x6E, 0xD6, 0xA3, 0x27, 0x75, 0x2C, 0x7A, 0x52, 0x96, 0x6B, 0x46, 0xAF,
    0xCB, 0x8A, 0x9E, 0x9F, 0x59, 0x8F, 0xFE, 0x41, 0xB5, 0xFF, 0x61, 0x6F, 0x01, 0xC5, 0x91, 0xB1,
    0x4A, 0x03, 0x41, 0x10, 0x86, 0x3F, 0xC9, 0x2A, 0x06, 0x73, 0x78, 0xC1, 0x88, 0x20, 0xA7, 0xA4,
    0xB0, 0x90, 0x48, 0xC4, 0xE2, 0xE0, 0xC0, 0x26, 0x83, 0xF8, 0x00, 0x16, 0x8A, 0xED, 0x11, 0xC1,
    0x60, 0x02, 0xB2, 0x39, 0xE4, 0x56, 0xB8, 0xC2, 0x7D, 0x81, 0x3C, 0x80, 0x6D, 0x14, 0x6C, 0x04,
    0x0B, 0x15, 0x4B, 0xF3, 0x68, 0xCE, 0x5E, 0x23, 0x3E, 0x81, 0xFB, 0xC3, 0xCE, 0xFC, 0xCB, 0xFC,
    0x33, 0xFF, 0xB0, 0x06, 0x27, 0xEF, 0x3E, 0xC0, 0x61, 0x88, 0xBB, 0xB9, 0xB5, 0xF6, 0x7C, 0x89,
    0x75, 0x0E, 0xB8, 0xE4, 0xCD, 0xAF, 0x09, 0x7A, 0x06, 0x9C, 0x31, 0xA1, 0x21, 0x95, 0x96, 0x2C,
    0x93, 0x89, 0x55, 0xD1, 0x50, 0x32, 0x65, 0xF0, 0x2D, 0x27, 0xAC, 0x10, 0x91, 0x68, 0x6E, 0xF4,
    0xDD, 0xC9, 0x80, 0x27, 0xEF, 0xC4, 0x28, 0xCB, 0x18, 0x2A, 0x6F, 0xC8, 0x88, 0xC0, 0x5A, 0xDC,
    0x4A, 0x8B, 0x55, 0xC6, 0xDA, 0x73, 0x2C, 0x9B, 0x75, 0xA4, 0xB9, 0x9F, 0xDA, 0xA3, 0x74, 0x07,
    0xF2, 0x24, 0x8A, 0xA2, 0x24, 0xE5, 0x5A, 0x0A, 0x1F, 0x70, 0x21, 0xE6, 0x8F, 0x35, 0x43, 0x5F,
    0xA7, 0x04, 0xEC, 0xAA, 0xAC, 0x83, 0x63, 0x83, 0x26, 0x7B, 0xF2, 0x20, 0xF5, 0x5C, 0xB6, 0xD8,
    0x56, 0x87, 0x13, 0xCD, 0xFF, 0xD3, 0xFD, 0xB1, 0xFA, 0x70, 0x7C, 0x49, 0x9B, 0x9E, 0xDE, 0x9F,
    0x94, 0xAA, 0xEC, 0x31, 0xF7, 0xF3, 0xBA, 0x67, 0xE9, 0x0F, 0xD5, 0xFD, 0x95, 0x6F, 0xCB, 0x58,
    0xFD, 0xBC, 0x48, 0xD8, 0x2B, 0xC7, 0x52, 0xD5, 0x3B, 0x97, 0x3E, 0x96, 0xC0, 0x0A, 0x29, 0xA9,
    0x70, 0x3E, 0x26, 0x7C, 0x86, 0xBD, 0x8B, 0xAB, 0xD7, 0x62, 0x56, 0xCC, 0xCA, 0x59, 0x7C, 0xFA,
    0x5B, 0x38, 0x92, 0xE9, 0x62, 0xBA, 0x28, 0xFD, 0x94, 0x0F, 0x6E, 0x9E, 0xFB, 0x8F, 0x9D, 0xEE,
    0xBD, 0xB5, 0xA9, 0xF9, 0x01, 0x45, 0x52, 0x3D, 0x6C, 0xD3, 0x40, 0x18, 0x7D, 0xCE, 0x9F, 0x45,
    0xA3, 0xB6, 0x19, 0x5A, 0x51, 0x91, 0x9E, 0xBD, 0xC0, 0x44, 0xDD, 0x2C, 0x1D, 0x12, 0xB8, 0x24,
    0x27, 0x15, 0x06, 0x54, 0x06, 0x17, 0xB5, 0x62, 0xA8, 0x50, 0xB3, 0x20, 0x54, 0x90, 0x92, 0x0E,
    0x16, 0x58, 0xC5, 0x89, 0x2D, 0xA4, 0x6E, 0x0C, 0x46, 0x95, 0x60, 0x60, 0xE9, 0x00, 0x0C, 0x40,
    0x4B, 0x86, 0x0C, 0x45, 0xA2, 0x8D, 0x69, 0x05, 0x23, 0xB2, 0xAA, 0xB2, 0x55, 0xC8, 0x12, 0x19,
    0x18, 0xA0, 0x32, 0x92, 0x85, 0x42, 0x7F, 0x08, 0xE7, 0x94, 0x9F, 0x7B, 0xDF, 0x9B, 0xEE, 0xBB,
    0xFB, 0x9E, 0xDE, 0xF7, 0x00, 0x48, 0x1E, 0xB4, 0x12, 0x1A, 0xD3, 0x68, 0xEC, 0x3B, 0x7A, 0x9D,
    0x49, 0xFB, 0x40, 0x03, 0xA8, 0x5B, 0xC2, 0xBE, 0x83, 0x0B, 0xC2, 0x17, 0x79, 0x8F, 0xAE, 0x56,
    0x4B, 0x0B, 0xA5, 0x9A, 0x5A, 0x98, 0x94, 0xF7, 0x12, 0x3B, 0x31, 0x06, 0x88, 0x47, 0xA4, 0x9F,
    0xC6, 0xAA, 0x17, 0xF5, 0x03, 0xC3, 0xA3, 0xEE, 0xE8, 0x76, 0xF2, 0x08, 0x30, 0xDB, 0x64, 0x88,
    0xC4, 0x08, 0x64, 0x8F, 0xC0, 0xB4, 0x42, 0x02, 0xB2, 0x4F, 0x35, 0x9A, 0x1A, 0x41, 0xC5, 0xAE,
    0xD8, 0x84, 0x8D, 0x4E, 0xDD, 0x0D, 0x70, 0x7C, 0x22, 0xC0, 0xDC, 0x41, 0x80, 0x42, 0xCD, 0x40,
    0x3E, 0x4F, 0x41, 0xE9, 0x7F, 0x36, 0x9B, 0x45, 0xC0, 0xE1, 0x3D, 0x7C, 0x4E, 0x55, 0x74, 0x33,
    0x02, 0x4B, 0xBF, 0x65, 0xCD, 0x03, 0x6F, 0xEE, 0x87, 0xBD, 0xD0, 0x74, 0x07, 0x64, 0x36, 0x90,
    0x64, 0xD5, 0x28, 0x33, 0x5B, 0x50, 0x28, 0x88, 0x02, 0x32, 0x62, 0x93, 0x85, 0x96, 0xF4, 0xC0,
    0x25, 0x42, 0x58, 0x26, 0x6B, 0xF3, 0xB7, 0x26, 0x1F, 0xA4, 0x28, 0x21, 0x4F, 0xD9, 0x8A, 0x32,
    0xB6, 0x9C, 0x69, 0xE4, 0xA1, 0x34, 0x32, 0xAE, 0x42, 0x23, 0xBE, 0xA2, 0xCC, 0xD7, 0xCD, 0x89,
    0x9A, 0x1B, 0xEA, 0xC8, 0x6C, 0x6E, 0x06, 0xFD, 0x51, 0xC7, 0x4D, 0x8E, 0xBB, 0x8E, 0xB8, 0xF8,
    0xDD, 0x3A, 0xBB, 0x77, 0xD0, 0x8A, 0xEC, 0xDE, 0x81, 0xF0, 0xE5, 0x3C, 0x10, 0x8C, 0x02, 0x3E,
    0xC1, 0xE0, 0x94, 0x5A, 0x58, 0xD1, 0xB2, 0x7D, 0x5A, 0xEE, 0x83, 0x96, 0xFB, 0xA4, 0xE5, 0x3E,
    0x6A, 0x39, 0xB7, 0x9E, 0xEB, 0xB8, 0x78, 0x02, 0x23, 0xB2, 0x11, 0xA7, 0x85, 0x37, 0xBA, 0xA1,
    0x53, 0x9D, 0x52, 0x23, 0xB3, 0xCA, 0x7F, 0x3C, 0xE4, 0xF6, 0x04, 0x24, 0x4B, 0x53, 0x35, 0x2B,
    0xCF, 0x6A, 0x8C, 0x6B, 0x8C, 0x89, 0x5C, 0x8D, 0x39, 0x6B, 0x8D, 0xF6, 0x82, 0x9C, 0x06, 0x59,
    0x46, 0xB3, 0xC3, 0xA4, 0x35, 0x90, 0x3C, 0x88, 0x0C, 0x73, 0xC2, 0xE9, 0x74, 0xB0, 0xB5, 0x85,
    0xF1, 0x77, 0x88, 0x06, 0x48, 0xEE, 0xE0, 0x64, 0x0B, 0x69, 0x07, 0x51, 0x07, 0xC9, 0x3F, 0x6E,
    0x0D, 0x03, 0x89, 0xD7, 0x40, 0xEC, 0x33, 0x43, 0x64, 0x9B, 0xDF, 0x6C, 0xBA, 0x5D, 0x8A, 0xF7,
    0xDE, 0x33, 0x71, 0x7C, 0xD7, 0x7B, 0x25, 0x1A, 0xDE, 0xEA, 0xB7, 0x02, 0xB7, 0x4C, 0xE3, 0xCD,
    0x75, 0x4E, 0x95, 0x53, 0x68, 0x47, 0xEF, 0x73, 0xEC, 0x46, 0x82, 0xB8, 0xAF, 0x04, 0xC5, 0xB5,
    0x87, 0x54, 0x50, 0xC4, 0xE1, 0x68, 0x60, 0xB6, 0xCA, 0xD5, 0x72, 0xAD, 0xD9, 0x91, 0x0C, 0xD9,
    0x26, 0xE8, 0xAE, 0x49, 0x85, 0xF8, 0x0B, 0xD2, 0x55, 0x46, 0x27, 0x61, 0xA8, 0x30, 0xAE, 0x33,
    0xA3, 0xE2, 0xD0, 0x19, 0x26, 0xCD, 0x30, 0xB1, 0xC3, 0x50, 0x82, 0xC0, 0xE7, 0xF9, 0x88, 0xD4,
    0xD1, 0xA3, 0xA3, 0xBC, 0x61, 0x5D, 0xAB, 0xB2, 0xB9, 0x32, 0x1B, 0x93, 0xB1, 0x5E, 0xE4, 0x2B,
    0x0E, 0x55, 0xF6, 0xF6, 0x22, 0x26, 0xA1, 0xD8, 0x41, 0xFA, 0x27, 0x32, 0xCF, 0xA1, 0xC4, 0x41,
    0xFA, 0x20, 0xAE, 0x77, 0xC5, 0x33, 0x9E, 0x95, 0x59, 0x3A, 0x65, 0xA8, 0x21, 0xA8, 0x2A, 0x5D,
    0x11, 0x8F, 0x60, 0xEB, 0x9E, 0xEE, 0x6F, 0xB4, 0x75, 0xFF, 0x1F, 0xBA, 0xBD, 0xB2, 0x37, 0xA6,
    0xE9, 0xA9, 0x02, 0x93, 0x3D, 0x21, 0xB8, 0xA9, 0x3F, 0x6D, 0x98, 0xEE, 0x19, 0x3E, 0xA0, 0xD9,
    0x9E, 0x9E, 0x7A, 0xF1, 0xF2, 0xD1, 0x65, 0x91, 0x1D, 0x43, 0x76, 0x2B, 0x2D, 0xD1, 0x09, 0x59,
    0x06, 0x45, 0x06, 0xFD, 0x4C, 0xE4, 0x4B, 0xE7, 0xB9, 0xB3, 0x6A, 0x76, 0x85, 0xAD, 0xE8, 0x64,
    0x98, 0x0C, 0x99, 0xCB, 0x80, 0x81, 0x45, 0xD5, 0x3C, 0x8A, 0x27, 0x12, 0xCF, 0x7A, 0xBE, 0x4A,
    0x88, 0x5E, 0x12, 0x0E, 0x8F, 0x33, 0x65, 0xF3, 0xF4, 0x82, 0x3C, 0x66, 0x74, 0xC9, 0xA2, 0x4B,
    0x4E, 0xF6, 0x6F, 0x99, 0x9E, 0x42, 0x43, 0xD4, 0x02, 0x85, 0x7B, 0x12, 0x52, 0x48, 0x21, 0xB2,
    0x0C, 0x79, 0x1D, 0xE7, 0x6E, 0xE1, 0xF6, 0x0D, 0xCC, 0x77, 0xFD, 0xCD, 0xF2, 0x4C, 0x4D, 0xC3,
    0xEC, 0x20, 0xCE, 0x4C, 0x97, 0xD6, 0x69, 0x83, 0xFA, 0x05, 0x97, 0x87, 0x5C, 0xA7, 0x9A, 0xE9,
    0x9D, 0xB0, 0xD2, 0x36, 0xAD, 0xEB, 0xA9, 0x06, 0x74, 0x18, 0x29, 0xD9, 0xE3, 0x5B, 0xF7, 0x07,
    0xD5, 0xDF, 0xAB, 0xFF, 0xC2, 0xC0, 0x00, 0x00, 0x63, 0x74, 0x5C, 0xC0, 0xB7, 0xBB, 0x44, 0x97,
    0x9F, 0x61, 0xFF, 0xFE, 0x09, 0xBA, 0xF2, 0x0C, 0xBA, 0x7C, 0x30, 0x04, 0x14, 0xA9, 0x6F, 0x60,
    0x5C, 0xC2, 0xC0, 0xA7, 0xCB, 0xA0, 0xCB, 0xC2, 0xB0, 0x7F, 0x15, 0x83, 0xAE, 0x1C, 0x86, 0xEC,
    0x4A, 0x06, 0x3E, 0x3D, 0x90, 0xF8, 0xFE, 0x3E, 0x24, 0x29, 0xB8, 0xAC, 0x23, 0x50, 0x7A, 0x77,
    0x3C, 0x90, 0xC7, 0x0A, 0x34, 0x1C, 0xA8, 0x5F, 0x9E, 0x1F, 0x28, 0xC9, 0x8D, 0xC0, 0xFC, 0xDC,
    0x0E, 0xFB, 0xEB, 0xD7, 0x1F, 0x60, 0x6B, 0x5C, 0xC5, 0x20, 0xB7, 0x1A, 0xA4, 0x8E, 0x1B, 0xA8,
    0x6E, 0x36, 0x50, 0x1D, 0x37, 0x16, 0x75, 0xF3, 0x0F, 0xB0, 0x2D, 0x61, 0x90, 0xD3, 0x65, 0xD0,
    0x91, 0x65, 0xB0, 0xA9, 0x6F, 0xB0, 0xD1, 0x63, 0xB0, 0x91, 0x85, 0x21, 0xA0, 0xFD, 0xFE, 0x07,
    0x18, 0x80, 0x20, 0x93, 0x81, 0xE9, 0xF8, 0x01, 0xE6, 0xE6, 0x03, 0xD2, 0xA7, 0x9F, 0x14, 0x5C,
    0x3E, 0x50, 0xC1, 0x7C, 0xC0, 0xBE, 0xF9, 0x00, 0xDB, 0xE3, 0x03, 0x0B, 0x1E, 0x1F, 0xA8, 0x3A,
    0xF4, 0x03, 0x28, 0x0F, 0x00, 0x63, 0x60, 0x61, 0x60, 0xD0, 0x65, 0x60, 0xD8, 0xEF, 0xC0, 0xE4,
    0x7A, 0x81, 0x3B, 0xA7, 0x44, 0xFF, 0xCF, 0xDE, 0xFA, 0xAF, 0xFF, 0xE4, 0x7F, 0xFF, 0x60, 0xFF,
    0xFF, 0x80, 0xF1, 0x72, 0x03, 0x43, 0x1D, 0x03, 0x83, 0x04, 0x03, 0x00,
};

static const EpdGlyph notoserif_6_boldGlyphs[] = {
    { 0, 0, 0, 0, 0, 0, 0 }, // U+0000
    { 0, 0, 52, 0, 0, 0, 0 }, // U+000D
    { 0, 0, 52, 0, 0, 0, 0 }, // U+0020
    { 3, 10, 76, 1, 9, 8, 0 }, // !
    { 6, 4, 102, 0, 9, 6, 8 }, // "
    { 7, 9, 113, 0, 9, 16, 14 }, // #
    { 7, 11, 113, 0, 10, 20, 30 }, // $
    { 11, 11, 181, 0, 10, 31, 50 }, // %
    { 10, 11, 160, 0, 10, 28, 81 }, // &
    { 3, 4, 58, 0, 9, 3, 109 }, // '
    { 5, 12, 80, 0, 10, 15, 112 }, // (
    { 5, 12, 80, 0, 10, 15, 127 }, // )
    { 6, 6, 100, 0, 10, 9, 142 }, // *
    { 7, 7, 113, 0, 8, 13, 151 }, // +
    { 3, 4, 59, 0, 2, 3, 164 }, // ,
    { 4, 3, 62, 0, 5, 3, 167 }, // -
    { 3, 3, 59, 0, 2, 3, 170 }, // .
    { 4, 12, 58, 0, 10, 12, 173 }, // /
    { 7, 11, 116, 0, 10, 20, 185 }, // 0
    { 7, 9, 101, 0, 9, 16, 205 }, // 1
    { 7, 10, 106, 0, 10, 18, 221 }, // 2
    { 7, 11, 108, 0, 10, 20, 239 }, // 3
    { 7, 9, 111, 0, 9, 16, 259 }, // 4
    { 7, 10, 106, 0, 9, 18, 275 }, // 5
    { 7, 11, 112, 0, 10, 20, 293 }, // 6
    { 7, 9, 108, 0, 9, 16, 313 }, // 7
    { 7, 11, 116, 0, 10, 20, 329 }, // 8
    { 7, 11, 112, 0, 10, 20, 349 }, // 9
    { 3, 8, 61, 0, 7, 6, 369 }, // :
    { 3, 9, 61, 0, 7, 7, 375 }, // ;
    { 7, 7, 113, 0, 8, 13, 382 }, // <
    { 7, 5, 113, 0, 7, 9, 395 }, // =
    { 7, 7, 113, 0, 8, 13, 404 }, // >
    { 7, 11, 110, 0, 10, 20, 417 }, // ?
    { 11, 11, 184, 0, 9, 31, 437 }, // @
    { 10, 9, 151, 0, 9, 23, 468 }, // A
    { 8, 9, 134, 0, 9, 18, 491 }, // B
    { 8, 11, 134, 0, 10, 22, 509 }, // C
    { 9, 9, 153, 0, 9, 21, 531 }, // D
    { 8, 9, 131, 0, 9, 18, 552 }, // E
    { 8, 9, 124, 0, 9, 18, 570 }, // F
    { 10, 11, 154, 0, 10, 28, 588 }, // G
    { 10, 9, 164, 0, 9, 23, 616 }, // H
    { 5, 9, 80, 0, 9, 12, 639 }, // I
    { 6, 12, 79, -1, 9, 18, 651 }, // J
    { 10, 9, 147, 0, 9, 23, 669 }, // K
    { 8, 9, 131, 0, 9, 18, 692 }, // L
    { 12, 9, 190, 0, 9, 27, 710 }, // M
    { 10, 9, 158, 0, 9, 23, 737 }, // N
    { 10, 11, 157, 0, 10, 28, 760 }, // O
    { 8, 9, 128, 0, 9, 18, 788 }, // P
    { 10, 13, 157, 0, 10, 33, 806 }, // Q
    { 9, 9, 142, 0, 9, 21, 839 }, // R
    { 7, 11, 116, 0, 10, 20, 860 }, // S
    { 9, 9, 131, 0, 9, 21, 880 }, // T
    { 10, 10, 149, 0, 9, 25, 901 }, // U
    { 9, 9, 140, 0, 9, 21, 926 }, // V
    { 14, 9, 213, 0, 9, 32, 947 }, // W
    { 10, 9, 147, 0, 9, 23, 979 }, // X
    { 9, 9, 139, 0, 9, 21, 1002 }, // Y
    { 8, 9, 133, 0, 9, 18, 1023 }, // Z
    { 4, 12, 83, 1, 10, 12, 1041 }, // [
    { 4, 12, 58, 0, 10, 12, 1053 }, // <backslash>
    { 4, 12, 83, 0, 10, 12, 1065 }, // ]
    { 7, 6, 112, 0, 9, 11, 1077 }, // ^
    { 7, 1, 92, -1, -1, 2, 1088 }, // _
    { 4, 3, 67, 0, 10, 3, 1090 }, // `
    { 8, 8, 120, 0, 7, 16, 1093 }, // a
    { 8, 11, 130, 0, 10, 22, 1109 }, // b
    { 7, 8, 105, 0, 7, 14, 1131 }, // c
    { 8, 11, 130, 0, 10, 22, 1145 }, // d
    { 7, 8, 114, 0, 7, 14, 1167 }, // e
    { 6, 10, 81, 0, 10, 15, 1181 }, // f
    { 7, 11, 112, 0, 8, 20, 1196 }, // g
    { 9, 10, 133, 0, 10, 23, 1216 }, // h
    { 5, 10, 70, 0, 10, 13, 1239 }, // i
    { 5, 13, 69, -1, 10, 17, 1252 }, // j
    { 8, 10, 127, 0, 10, 20, 1269 }, // k
    { 5, 10, 70, 0, 10, 13, 1289 }, // l
    { 13, 7, 197, 0, 7, 23, 1302 }, // m
    { 9, 7, 133, 0, 7, 16, 1325 }, // n
    { 8, 8, 123, 0, 7, 16, 1341 }, // o
    { 8, 10, 129, 0, 7, 20, 1357 }, // p
    { 8, 10, 130, 0, 7, 20, 1377 }, // q
    { 7, 7, 105, 0, 7, 13, 1397 }, // r
    { 6, 8, 96, 0, 7, 12, 1410 }, // s
    { 5, 10, 81, 0, 9, 13, 1422 }, // t
    { 9, 8, 133, 0, 7, 18, 1435 }, // u
    { 8, 7, 121, 0, 7, 14, 1453 }, // v
    { 12, 7, 171, -1, 7, 21, 1467 }, // w
    { 8, 7, 129, 0, 7, 14, 1488 }, // x
    { 8, 10, 116, 0, 7, 20, 1502 }, // y
    { 7, 7, 106, 0, 7, 13, 1522 }, // z
    { 6, 12, 88, 0, 10, 18, 1535 }, // {
    { 1, 13, 113, 3, 10, 4, 1553 }, // |
    { 6, 12, 88, 0, 10, 18, 1557 }, // }
    { 7, 3, 113, 0, 6, 6, 1575 }, // ~
    { 0, 0, 52, 0, 0, 0, 0 }, // U+00A0
    { 3, 10, 76, 1, 7, 8, 0 }, // U+00A1
    { 7, 9, 113, 0, 9, 16, 8 }, // U+00A2
    { 7, 11, 112, 0, 10, 20, 24 }, // U+00A3
    { 7, 7, 113, 0, 8, 13, 44 }, // U+00A4
    { 7, 9, 113, 0, 9, 16, 57 }, // U+00A5
    { 1, 13, 113, 3, 10, 4, 73 }, // U+00A6
    { 7, 12, 109, 0, 10, 21, 77 }, // U+00A7
    { 5, 3, 115, 1, 10, 4, 98 }, // U+00A8
    { 10, 11, 169, 0, 10, 28, 102 }, // U+00A9
    { 5, 5, 84, 0, 9, 7, 130 }, // U+00AA
    { 7, 6, 111, 0, 6, 11, 137 }, // U+00AB
    { 7, 4, 113, 0, 5, 7, 148 }, // U+00AC
    { 4, 3, 62, 0, 5, 3, 155 }, // U+00AD
    { 10, 11, 169, 0, 10, 28, 158 }, // U+00AE
    { 7, 2, 92, -1, 11, 4, 186 }, // U+00AF
    { 5, 5, 80, 0, 10, 7, 190 }, // U+00B0
    { 7, 8, 113, 0, 8, 14, 197 }, // U+00B1
    { 5, 7, 80, 0, 11, 9, 211 }, // U+00B2
    { 5, 7, 80, 0, 11, 9, 220 }, // U+00B3
    { 4, 3, 67, 0, 10, 3, 229 }, // U+00B4
    { 7, 10, 133, 1, 7, 18, 232 }, // U+00B5
    { 8, 12, 125, 0, 10, 24, 250 }, // U+00B6
    { 3, 3, 59, 0, 6, 3, 274 }, // U+00B7
    { 4, 4, 67, 0, 1, 4, 277 }, // U+00B8
    { 5, 7, 80, 0, 11, 9, 281 }, // U+00B9
    { 6, 5, 87, 0, 9, 8, 290 }, // U+00BA
    { 7, 6, 111, 0, 6, 11, 298 }, // U+00BB
    { 11, 11, 168, 0, 10, 31, 309 }, // U+00BC
    { 11, 11, 168, 0, 10, 31, 340 }, // U+00BD
    { 11, 11, 168, 0, 10, 31, 371 }, // U+00BE
    { 7, 10, 110, 0, 7, 18, 402 }, // U+00BF
    { 10, 12, 151, 0, 12, 30, 420 }, // U+00C0
    { 10, 12, 151, 0, 12, 30, 450 }, // U+00C1
    { 10, 12, 151, 0, 12, 30, 480 }, // U+00C2
    { 10, 12, 151, 0, 12, 30, 510 }, // U+00C3
    { 10, 12, 151, 0, 12, 30, 540 }, // U+00C4
    { 10, 11, 151, 0, 11, 28, 570 }, // U+00C5
    { 13, 9, 199, 0, 9, 30, 598 }, // U+00C6
    { 8, 13, 134, 0, 10, 26, 628 }, // U+00C7
    { 8, 12, 131, 0, 12, 24, 654 }, // U+00C8
    { 8, 12, 131, 0, 12, 24, 678 }, // U+00C9
    { 8, 12, 131, 0, 12, 24, 702 }, // U+00CA
    { 8, 12, 131, 0, 12, 24, 726 }, // U+00CB
    { 5, 12, 80, 0, 12, 15, 750 }, // U+00CC
    { 5, 12, 80, 0, 12, 15, 765 }, // U+00CD
    { 5, 12, 80, 0, 12, 15, 780 }, // U+00CE
    { 5, 12, 80, 0, 12, 15, 795 }, // U+00CF
    { 9, 9, 153, 0, 9, 21, 810 }, // U+00D0
    { 10, 12, 158, 0, 12, 30, 831 }, // U+00D1
    { 10, 13, 157, 0, 12, 33, 861 }, // U+00D2
    { 10, 13, 157, 0, 12, 33, 894 }, // U+00D3
    { 10, 13, 157, 0, 12, 33, 927 }, // U+00D4
    { 10, 13, 157, 0, 12, 33, 960 }, // U+00D5
    { 10, 13, 157, 0, 12, 33, 993 }, // U+00D6
    { 7, 7, 113, 0, 8, 13, 1026 }, // U+00D7
    { 10, 11, 157, 0, 10, 28, 1039 }, // U+00D8
    { 10, 13, 149, 0, 12, 33, 1067 }, // U+00D9
    { 10, 13, 149, 0, 12, 33, 1100 }, // U+00DA
    { 10, 13, 149, 0, 12, 33, 1133 }, // U+00DB
    { 10, 13, 149, 0, 12, 33, 1166 }, // U+00DC
    { 9, 12, 139, 0, 12, 27, 1199 }, // U+00DD
    { 8, 9, 128, 0, 9, 18, 1226 }, // U+00DE
    { 9, 11, 141, 0, 10, 25, 1244 }, // U+00DF
    { 8, 11, 120, 0, 10, 22, 1269 }, // U+00E0
    { 8, 11, 120, 0, 10, 22, 1291 }, // U+00E1
    { 8, 11, 120, 0, 10, 22, 1313 }, // U+00E2
    { 8, 11, 120, 0, 10, 22, 1335 }, // U+00E3
    { 8, 11, 120, 0, 10, 22, 1357 }, // U+00E4
    { 8, 12, 120, 0, 11, 24, 1379 }, // U+00E5
    { 11, 8, 175, 0, 7, 22, 1403 }, // U+00E6
    { 7, 10, 105, 0, 7, 18, 1425 }, // U+00E7
    { 7, 11, 114, 0, 10, 20, 1443 }, // U+00E8
    { 7, 11, 114, 0, 10, 20, 1463 }, // U+00E9
    { 7, 11, 114, 0, 10, 20, 1483 }, // U+00EA
    { 7, 11, 114, 0, 10, 20, 1503 }, // U+00EB
    { 6, 10, 70, -1, 10, 15, 1523 }, // U+00EC
    { 5, 10, 70, 0, 10, 13, 1538 }, // U+00ED
    { 6, 10, 70, -1, 10, 15, 1551 }, // U+00EE
    { 6, 10, 70, -1, 10, 15, 1566 }, // U+00EF
    { 8, 11, 123, 0, 10, 22, 1581 }, // U+00F0
    { 9, 10, 133, 0, 10, 23, 1603 }, // U+00F1
    { 8, 11, 123, 0, 10, 22, 1626 }, // U+00F2
    { 8, 11, 123, 0, 10, 22, 1648 }, // U+00F3
    { 8, 11, 123, 0, 10, 22, 1670 }, // U+00F4
    { 8, 11, 123, 0, 10, 22, 1692 }, // U+00F5
    { 8, 11, 123, 0, 10, 22, 1714 }, // U+00F6
    { 7, 7, 113, 0, 8, 13, 1736 }, // U+00F7
    { 8, 9, 123, 0, 8, 18, 1749 }, // U+00F8
    { 9, 11, 133, 0, 10, 25, 1767 }, // U+00F9
    { 9, 11, 133, 0, 10, 25, 1792 }, // U+00FA
    { 9, 11, 133, 0, 10, 25, 1817 }, // U+00FB
    { 9, 11, 133, 0, 10, 25, 1842 }, // U+00FC
    { 8, 13, 116, 0, 10, 26, 1867 }, // U+00FD
    { 8, 13, 129, 0, 10, 26, 1893 }, // U+00FE
    { 8, 13, 116, 0, 10, 26, 1919 }, // U+00FF
    { 10, 11, 151, 0, 11, 28, 0 }, // U+0100
    { 8, 10, 120, 0, 9, 20, 28 }, // U+0101
    { 10, 12, 151, 0, 12, 30, 48 }, // U+0102
    { 8, 11, 120, 0, 10, 22, 78 }, // U+0103
    { 10, 12, 151, 0, 9, 30, 100 }, // U+0104
    { 8, 10, 120, 0, 7, 20, 130 }, // U+0105
    { 8, 13, 134, 0, 12, 26, 150 }, // U+0106
    { 7, 11, 105, 0, 10, 20, 176 }, // U+0107
    { 8, 13, 134, 0, 12, 26, 196 }, // U+0108
    { 7, 11, 105, 0, 10, 20, 222 }, // U+0109
    { 8, 13, 134, 0, 12, 26, 242 }, // U+010A
    { 7, 11, 105, 0, 10, 20, 268 }, // U+010B
    { 8, 13, 134, 0, 12, 26, 288 }, // U+010C
    { 7, 11, 105, 0, 10, 20, 314 }, // U+010D
    { 9, 12, 153, 0, 12, 27, 334 }, // U+010E
    { 10, 11, 130, 0, 10, 28, 361 }, // U+010F
    { 9, 9, 153, 0, 9, 21, 389 }, // U+0110
    { 8, 11, 130, 0, 10, 22, 410 }, // U+0111
    { 8, 11, 131, 0, 11, 22, 432 }, // U+0112
    { 7, 10, 114, 0, 9, 18, 454 }, // U+0113
    { 8, 12, 131, 0, 12, 24, 472 }, // U+0114
    { 7, 11, 114, 0, 10, 20, 496 }, // U+0115
    { 8, 12, 131, 0, 12, 24, 516 }, // U+0116
    { 7, 11, 114, 0, 10, 20, 540 }, // U+0117
    { 8, 12, 131, 0, 9, 24, 560 }, // U+0118
    { 7, 10, 114, 0, 7, 18, 584 }, // U+0119
    { 8, 12, 131, 0, 12, 24, 602 }, // U+011A
    { 7, 11, 114, 0, 10, 20, 626 }, // U+011B
    { 10, 13, 154, 0, 12, 33, 646 }, // U+011C
    { 7, 13, 112, 0, 10, 23, 679 }, // U+011D
    { 10, 13, 154, 0, 12, 33, 702 }, // U+011E
    { 7, 13, 112, 0, 10, 23, 735 }, // U+011F
    { 10, 13, 154, 0, 12, 33, 758 }, // U+0120
    { 7, 13, 112, 0, 10, 23, 791 }, // U+0121
    { 10, 13, 154, 0, 10, 33, 814 }, // U+0122
    { 7, 13, 112, 0, 10, 23, 847 }, // U+0123
    { 10, 12, 164, 0, 12, 30, 870 }, // U+0124
    { 9, 12, 133, 0, 12, 27, 900 }, // U+0125
    { 11, 9, 164, 0, 9, 25, 927 }, // U+0126
    { 9, 10, 133, 0, 10, 23, 952 }, // U+0127
    { 5, 12, 80, 0, 12, 15, 975 }, // U+0128
    { 6, 10, 70, -1, 10, 15, 990 }, // U+0129
    { 5, 11, 80, 0, 11, 14, 1005 }, // U+012A
    { 5, 9, 70, 0, 9, 12, 1019 }, // U+012B
    { 5, 12, 80, 0, 12, 15, 1031 }, // U+012C
    { 5, 10, 70, 0, 10, 13, 1046 }, // U+012D
    { 5, 12, 80, 0, 9, 15, 1059 }, // U+012E
    { 5, 13, 70, 0, 10, 17, 1074 }, // U+012F
    { 5, 12, 80, 0, 12, 15, 1091 }, // U+0130
    { 5, 7, 70, 0, 7, 9, 1106 }, // U+0131
    { 10, 12, 160, 0, 9, 30, 1115 }, // U+0132
    { 8, 13, 140, 0, 10, 26, 1145 }, // U+0133
    { 6, 15, 79, -1, 12, 23, 1171 }, // U+0134
    { 6, 13, 69, -1, 10, 20, 1194 }, // U+0135
    { 10, 12, 147, 0, 9, 30, 1214 }, // U+0136
    { 8, 13, 127, 0, 10, 26, 1244 }, // U+0137
    { 8, 7, 127, 0, 7, 14, 1270 }, // U+0138
    { 8, 12, 131, 0, 12, 24, 1284 }, // U+0139
    { 5, 12, 70, 0, 12, 15, 1308 }, // U+013A
    { 8, 12, 131, 0, 9, 24, 1323 }, // U+013B
    { 5, 13, 70, 0, 10, 17, 1347 }, // U+013C
    { 8, 9, 131, 0, 9, 18, 1364 }, // U+013D
    { 6, 10, 70, 0, 10, 15, 1382 }, // U+013E
    { 8, 9, 131, 0, 9, 18, 1397 }, // U+013F
    { 7, 10, 94, 0, 10, 18, 1415 }, // U+0140
    { 8, 9, 131, 0, 9, 18, 1433 }, // U+0141
    { 5, 10, 70, 0, 10, 13, 1451 }, // U+0142
    { 10, 12, 158, 0, 12, 30, 1464 }, // U+0143
    { 9, 10, 133, 0, 10, 23, 1494 }, // U+0144
    { 10, 12, 158, 0, 9, 30, 1517 }, // U+0145
    { 9, 10, 133, 0, 7, 23, 1547 }, // U+0146
    { 10, 12, 158, 0, 12, 30, 1570 }, // U+0147
    { 9, 10, 133, 0, 10, 23, 1600 }, // U+0148
    { 11, 9, 171, 0, 9, 25, 1623 }, // U+0149
    { 10, 12, 158, 0, 9, 30, 1648 }, // U+014A
    { 8, 10, 133, 0, 7, 20, 1678 }, // U+014B
    { 10, 12, 157, 0, 11, 30, 1698 }, // U+014C
    { 8, 10, 123, 0, 9, 20, 1728 }, // U+014D
    { 10, 13, 157, 0, 12, 33, 1748 }, // U+014E
    { 8, 11, 123, 0, 10, 22, 1781 }, // U+014F
    { 10, 13, 157, 0, 12, 33, 1803 }, // U+0150
    { 8, 11, 123, 0, 10, 22, 1836 }, // U+0151
    { 13, 11, 204, 0, 10, 36, 1858 }, // U+0152
    { 12, 8, 187, 0, 7, 24, 1894 }, // U+0153
    { 9, 12, 142, 0, 12, 27, 1918 }, // U+0154
    { 7, 10, 105, 0, 10, 18, 1945 }, // U+0155
    { 9, 12, 142, 0, 9, 27, 1963 }, // U+0156
    { 7, 10, 105, 0, 7, 18, 1990 }, // U+0157
    { 9, 12, 142, 0, 12, 27, 2008 }, // U+0158
    { 7, 10, 105, 0, 10, 18, 2035 }, // U+0159
    { 7, 13, 116, 0, 12, 23, 2053 }, // U+015A
    { 6, 11, 96, 0, 10, 17, 2076 }, // U+015B
    { 7, 13, 116, 0, 12, 23, 2093 }, // U+015C
    { 6, 11, 96, 0, 10, 17, 2116 }, // U+015D
    { 7, 13, 116, 0, 10, 23, 2133 }, // U+015E
    { 6, 10, 96, 0, 7, 15, 2156 }, // U+015F
    { 7, 13, 116, 0, 12, 23, 2171 }, // U+0160
    { 6, 11, 96, 0, 10, 17, 2194 }, // U+0161
    { 9, 12, 131, 0, 9, 27, 2211 }, // U+0162
    { 5, 12, 81, 0, 9, 15, 2238 }, // U+0163
    { 9, 12, 131, 0, 12, 27, 2253 }, // U+0164
    { 6, 11, 81, 0, 10, 17, 2280 }, // U+0165
    { 9, 9, 131, 0, 9, 21, 2297 }, // U+0166
    { 5, 10, 81, 0, 9, 13, 2318 }, // U+0167
    { 10, 13, 149, 0, 12, 33, 2331 }, // U+0168
    { 9, 11, 133, 0, 10, 25, 2364 }, // U+0169
    { 10, 12, 149, 0, 11, 30, 2389 }, // U+016A
    { 9, 10, 133, 0, 9, 23, 2419 }, // U+016B
    { 10, 13, 149, 0, 12, 33, 2442 }, // U+016C
    { 9, 11, 133, 0, 10, 25, 2475 }, // U+016D
    { 10, 14, 149, 0, 13, 35, 2500 }, // U+016E
    { 9, 12, 133, 0, 11, 27, 2535 }, // U+016F
    { 10, 13, 149, 0, 12, 33, 2562 }, // U+0170
    { 9, 11, 133, 0, 10, 25, 2595 }, // U+0171
    { 10, 12, 151, 0, 9, 30, 2620 }, // U+0172
    { 9, 10, 133, 0, 7, 23, 2650 }, // U+0173
    { 14, 12, 213, 0, 12, 42, 2673 }, // U+0174
    { 12, 10, 171, -1, 10, 30, 2715 }, // U+0175
    { 9, 12, 139, 0, 12, 27, 2745 }, // U+0176
    { 8, 13, 116, 0, 10, 26, 2772 }, // U+0177
    { 9, 12, 139, 0, 12, 27, 2798 }, // U+0178
    { 8, 12, 133, 0, 12, 24, 2825 }, // U+0179
    { 7, 10, 106, 0, 10, 18, 2849 }, // U+017A
    { 8, 12, 133, 0, 12, 24, 2867 }, // U+017B
    { 7, 10, 106, 0, 10, 18, 2891 }, // U+017C
    { 8, 12, 133, 0, 12, 24, 2909 }, // U+017D
    { 7, 10, 106, 0, 10, 18, 2933 }, // U+017E
    { 6, 10, 78, 0, 10, 15, 2951 }, // U+017F
    { 11, 11, 169, 0, 10, 31, 0 }, // U+01A0
    { 9, 9, 134, 0, 8, 21, 31 }, // U+01A1
    { 11, 11, 171, 0, 10, 31, 52 }, // U+01AF
    { 10, 9, 156, 0, 8, 23, 83 }, // U+01B0
    { 18, 12, 287, 0, 12, 54, 106 }, // U+01C4
    { 16, 10, 259, 0, 10, 40, 160 }, // U+01C5
    { 15, 11, 236, 0, 10, 42, 200 }, // U+01C6
    { 13, 12, 204, 0, 9, 39, 242 }, // U+01C7
    { 12, 13, 200, 0, 10, 39, 281 }, // U+01C8
    { 8, 13, 140, 0, 10, 26, 320 }, // U+01C9
    { 15, 12, 231, 0, 9, 45, 346 }, // U+01CA
    { 14, 13, 227, 0, 10, 46, 391 }, // U+01CB
    { 12, 13, 202, 0, 10, 39, 437 }, // U+01CC
    { 10, 12, 151, 0, 12, 30, 476 }, // U+01CD
    { 8, 11, 120, 0, 10, 22, 506 }, // U+01CE
    { 5, 12, 80, 0, 12, 15, 528 }, // U+01CF
    { 6, 10, 70, -1, 10, 15, 543 }, // U+01D0
    { 10, 13, 157, 0, 12, 33, 558 }, // U+01D1
    { 8, 11, 123, 0, 10, 22, 591 }, // U+01D2
    { 10, 13, 149, 0, 12, 33, 613 }, // U+01D3
    { 9, 11, 133, 0, 10, 25, 646 }, // U+01D4
    { 10, 14, 149, 0, 13, 35, 671 }, // U+01D5
    { 9, 12, 133, 0, 11, 27, 706 }, // U+01D6
    { 10, 15, 149, 0, 14, 38, 733 }, // U+01D7
    { 9, 13, 133, 0, 12, 30, 771 }, // U+01D8
    { 10, 15, 149, 0, 14, 38, 801 }, // U+01D9
    { 9, 13, 133, 0, 12, 30, 839 }, // U+01DA
    { 10, 15, 149, 0, 14, 38, 869 }, // U+01DB
    { 9, 13, 133, 0, 12, 30, 907 }, // U+01DC
    { 7, 8, 114, 0, 7, 14, 937 }, // U+01DD
    { 10, 13, 151, 0, 13, 33, 951 }, // U+01DE
    { 8, 12, 120, 0, 11, 24, 984 }, // U+01DF
    { 10, 13, 151, 0, 13, 33, 1008 }, // U+01E0
    { 8, 12, 120, 0, 11, 24, 1041 }, // U+01E1
    { 13, 11, 199, 0, 11, 36, 1065 }, // U+01E2
    { 11, 10, 175, 0, 9, 28, 1101 }, // U+01E3
    { 10, 11, 154, 0, 10, 28, 1129 }, // U+01E4
    { 8, 11, 112, 0, 8, 22, 1157 }, // U+01E5
    { 10, 13, 154, 0, 12, 33, 1179 }, // U+01E6
    { 7, 13, 112, 0, 10, 23, 1212 }, // U+01E7
    { 10, 12, 147, 0, 12, 30, 1235 }, // U+01E8
    { 8, 12, 127, 0, 12, 24, 1265 }, // U+01E9
    { 10, 13, 157, 0, 10, 33, 1289 }, // U+01EA
    { 8, 10, 123, 0, 7, 20, 1322 }, // U+01EB
    { 10, 14, 157, 0, 11, 35, 1342 }, // U+01EC
    { 8, 12, 123, 0, 9, 24, 1377 }, // U+01ED
    { 8, 13, 123, 0, 12, 26, 1401 }, // U+01EE
    { 7, 13, 112, 0, 10, 23, 1427 }, // U+01EF
    { 6, 13, 69, -1, 10, 20, 1450 }, // U+01F0
    { 18, 9, 287, 0, 9, 41, 1470 }, // U+01F1
    { 16, 9, 259, 0, 9, 36, 1511 }, // U+01F2
    { 15, 11, 236, 0, 10, 42, 1547 }, // U+01F3
    { 10, 13, 154, 0, 12, 33, 1589 }, // U+01F4
    { 7, 13, 112, 0, 10, 23, 1622 }, // U+01F5
    { 15, 10, 229, 0, 9, 38, 1645 }, // U+01F6
    { 9, 13, 146, 0, 10, 30, 1683 }, // U+01F7
    { 10, 12, 158, 0, 12, 30, 1713 }, // U+01F8
    { 9, 10, 133, 0, 10, 23, 1743 }, // U+01F9
    { 10, 12, 151, 0, 12, 30, 1766 }, // U+01FA
    { 8, 13, 120, 0, 12, 26, 1796 }, // U+01FB
    { 13, 12, 199, 0, 12, 39, 1822 }, // U+01FC
    { 11, 11, 175, 0, 10, 31, 1861 }, // U+01FD
    { 10, 13, 157, 0, 12, 33, 1892 }, // U+01FE
    { 8, 11, 123, 0, 10, 22, 1925 }, // U+01FF
    { 10, 12, 151, 0, 12, 30, 1947 }, // U+0200
    { 8, 11, 120, 0, 10, 22, 1977 }, // U+0201
    { 10, 12, 151, 0, 12, 30, 1999 }, // U+0202
    { 8, 11, 120, 0, 10, 22, 2029 }, // U+0203
    { 8, 12, 131, 0, 12, 24, 2051 }, // U+0204
    { 7, 11, 114, 0, 10, 20, 2075 }, // U+0205
    { 8, 12, 131, 0, 12, 24, 2095 }, // U+0206
    { 7, 11, 114, 0, 10, 20, 2119 }, // U+0207
    { 6, 12, 80, -1, 12, 18, 2139 }, // U+0208
    { 7, 10, 70, -2, 10, 18, 2157 }, // U+0209
    { 5, 12, 80, 0, 12, 15, 2175 }, // U+020A
    { 5, 10, 70, 0, 10, 13, 2190 }, // U+020B
    { 10, 13, 157, 0, 12, 33, 2203 }, // U+020C
    { 8, 11, 123, 0, 10, 22, 2236 }, // U+020D
    { 10, 13, 157, 0, 12, 33, 2258 }, // U+020E
    { 8, 11, 123, 0, 10, 22, 2291 }, // U+020F
    { 9, 12, 142, 0, 12, 27, 2313 }, // U+0210
    { 7, 10, 105, 0, 10, 18, 2340 }, // U+0211
    { 9, 12, 142, 0, 12, 27, 2358 }, // U+0212
    { 7, 10, 105, 0, 10, 18, 2385 }, // U+0213
    { 10, 13, 149, 0, 12, 33, 2403 }, // U+0214
    { 9, 11, 133, 0, 10, 25, 2436 }, // U+0215
    { 10, 13, 149, 0, 12, 33, 2461 }, // U+0216
    { 9, 11, 133, 0, 10, 25, 2494 }, // U+0217
    { 7, 13, 116, 0, 10, 23, 2519 }, // U+0218
    { 6, 10, 96, 0, 7, 15, 2542 }, // U+0219
    { 9, 12, 131, 0, 9, 27, 2557 }, // U+021A
    { 5, 12, 81, 0, 9, 15, 2584 }, // U+021B
    { 8, 12, 123, 0, 10, 24, 2599 }, // U+021C
    { 7, 10, 108, 0, 7, 18, 2623 }, // U+021D
    { 10, 12, 164, 0, 12, 30, 2641 }, // U+021E
    { 9, 12, 133, 0, 12, 27, 2671 }, // U+021F
    { 4, 3, 0, -6, 10, 3, 0 }, // U+0300
    { 5, 3, 0, -5, 10, 4, 3 }, // U+0301
    { 5, 3, 0, -6, 10, 4, 7 }, // U+0302
    { 6, 3, 0, -7, 10, 5, 11 }, // U+0303
    { 4, 2, 0, -2, 9, 2, 16 }, // U+0304
    { 6, 2, 0, -3, 11, 3, 18 }, // U+0305
    { 4, 3, 0, -2, 10, 3, 21 }, // U+0306
    { 4, 3, 0, -2, 10, 3, 24 }, // U+0307
    { 6, 3, 0, -3, 10, 5, 27 }, // U+0308
    { 4, 4, 0, -6, 11, 4, 32 }, // U+0309
    { 4, 4, 0, -2, 11, 4, 36 }, // U+030A
    { 6, 3, 0, -3, 10, 5, 40 }, // U+030B
    { 6, 3, 0, -7, 10, 5, 45 }, // U+030C
    { 2, 3, 0, -1, 10, 2, 50 }, // U+030D
    { 4, 3, 0, -2, 10, 3, 52 }, // U+030E
    { 6, 3, 0, -7, 10, 5, 55 }, // U+030F
    { 6, 5, 0, -3, 12, 8, 60 }, // U+0310
    { 4, 3, 0, -2, 10, 3, 68 }, // U+0311
    { 4, 4, 0, -2, 9, 4, 71 }, // U+0312
    { 4, 4, 0, -2, 9, 4, 75 }, // U+0313
    { 4, 4, 0, -2, 9, 4, 79 }, // U+0314
    { 4, 4, 0, -2, 9, 4, 83 }, // U+0315
    { 4, 3, 0, -2, 0, 3, 87 }, // U+0316
    { 4, 3, 0, -2, 0, 3, 90 }, // U+0317
    { 2, 3, 0, -1, 0, 2, 93 }, // U+0318
    { 2, 3, 0, -1, 0, 2, 95 }, // U+0319
    { 4, 4, 74, 0, 10, 4, 97 }, // U+031A
    { 4, 4, 0, -2, 10, 4, 101 }, // U+031B
    { 2, 3, 0, -1, 0, 2, 105 }, // U+031C
    { 4, 3, 0, -2, 0, 3, 107 }, // U+031D
    { 4, 3, 0, -2, 0, 3, 110 }, // U+031E
    { 4, 3, 0, -2, 0, 3, 113 }, // U+031F
    { 4, 1, 0, -2, -1, 1, 116 }, // U+0320
    { 4, 4, 0, -2, 1, 4, 117 }, // U+0321
    { 4, 4, 0, -2, 1, 4, 121 }, // U+0322
    { 3, 3, 0, -5, 0, 3, 125 }, // U+0323
    { 6, 3, 0, -3, 0, 5, 128 }, // U+0324
    { 4, 3, 0, -2, 0, 3, 133 }, // U+0325
    { 2, 3, 0, -1, 0, 2, 136 }, // U+0326
    { 4, 4, 0, -2, 1, 4, 138 }, // U+0327
    { 4, 3, 0, -2, 0, 3, 142 }, // U+0328
    { 2, 3, 0, -1, 0, 2, 145 }, // U+0329
    { 6, 3, 0, -3, 0, 5, 147 }, // U+032A
    { 4, 3, 0, -2, 0, 3, 152 }, // U+032B
    { 6, 3, 0, -3, 0, 5, 155 }, // U+032C
    { 6, 3, 0, -3, 0, 5, 160 }, // U+032D
    { 5, 3, 0, -3, 0, 4, 165 }, // U+032E
    { 5, 3, 0, -3, 0, 4, 169 }, // U+032F
    { 6, 3, 0, -3, 0, 5, 173 }, // U+0330
    { 4, 2, 0, -2, -1, 2, 178 }, // U+0331
    { 6, 2, 0, -3, -1, 3, 180 }, // U+0332
    { 6, 3, 0, -3, 0, 5, 183 }, // U+0333
    { 6, 3, 0, -3, 5, 5, 188 }, // U+0334
    { 6, 2, 0, -3, 5, 3, 193 }, // U+0335
    { 10, 2, 0, -5, 5, 5, 196 }, // U+0336
    { 6, 5, 0, -3, 6, 8, 201 }, // U+0337
    { 6, 12, 0, -3, 10, 18, 209 }, // U+0338
    { 2, 3, 0, -1, 0, 2, 227 }, // U+0339
    { 6, 3, 0, -3, 0, 5, 229 }, // U+033A
    { 6, 3, 0, -3, 0, 5, 234 }, // U+033B
    { 4, 3, 0, -2, 0, 3, 239 }, // U+033C
    { 4, 3, 0, -2, 10, 3, 242 }, // U+033D
    { 2, 4, 0, -1, 11, 2, 245 }, // U+033E
    { 6, 3, 0, -3, 12, 5, 247 }, // U+033F
    { 4, 3, 0, -2, 10, 3, 252 }, // U+0340
    { 4, 3, 0, -2, 10, 3, 255 }, // U+0341
    { 6, 3, 0, -3, 10, 5, 258 }, // U+0342
    { 2, 4, 0, -1, 11, 2, 263 }, // U+0343
    { 6, 4, 0, -3, 11, 6, 265 }, // U+0344
    { 4, 3, 0, 0, 0, 3, 271 }, // U+0345
    { 6, 3, 0, -3, 10, 5, 274 }, // U+0346
    { 6, 3, 0, -3, 0, 5, 279 }, // U+0347
    { 4, 3, 0, -2, 0, 3, 284 }, // U+0348
    { 4, 3, 0, -2, 0, 3, 287 }, // U+0349
    { 6, 3, 0, -3, 10, 5, 290 }, // U+034A
    { 6, 6, 0, -3, 13, 9, 295 }, // U+034B
    { 6, 5, 0, -3, 12, 8, 304 }, // U+034C
    { 4, 3, 0, -2, 0, 3, 312 }, // U+034D
    { 4, 3, 0, -2, 0, 3, 315 }, // U+034E
    { 10, 9, 0, -5, 9, 23, 318 }, // U+034F
    { 4, 3, 0, -2, 10, 3, 341 }, // U+0350
    { 2, 4, 0, -1, 11, 2, 344 }, // U+0351
    { 6, 4, 0, -3, 11, 6, 346 }, // U+0352
    { 4, 3, 0, -2, 0, 3, 352 }, // U+0353
    { 4, 3, 0, -2, 0, 3, 355 }, // U+0354
    { 4, 3, 0, -2, 0, 3, 358 }, // U+0355
    { 6, 3, 0, -3, 0, 5, 361 }, // U+0356
    { 2, 4, 0, -1, 11, 2, 366 }, // U+0357
    { 3, 3, 0, 1, 10, 3, 368 }, // U+0358
    { 4, 3, 0, -2, 0, 3, 371 }, // U+0359
    { 6, 3, 0, -3, 0, 5, 374 }, // U+035A
    { 4, 3, 0, -2, 10, 3, 379 }, // U+035B
    { 10, 3, 0, -5, 0, 8, 382 }, // U+035C
    { 10, 3, 0, -5, 10, 8, 390 }, // U+035D
    { 8, 2, 0, -4, 9, 4, 398 }, // U+035E
    { 8, 1, 0, -4, -1, 2, 402 }, // U+035F
    { 12, 3, 0, -6, 10, 9, 404 }, // U+0360
    { 12, 3, 0, -6, 11, 9, 413 }, // U+0361
    { 8, 3, 0, -4, 0, 6, 422 }, // U+0362
    { 4, 4, 0, -2, 11, 4, 428 }, // U+0363
    { 4, 4, 0, -2, 11, 4, 432 }, // U+0364
    { 3, 5, 0, -1, 12, 4, 436 }, // U+0365
    { 4, 4, 0, -2, 11, 4, 440 }, // U+0366
    { 4, 4, 0, -2, 11, 4, 444 }, // U+0367
    { 4, 4, 0, -2, 11, 4, 448 }, // U+0368
    { 4, 5, 0, -2, 12, 5, 452 }, // U+0369
    { 4, 5, 0, -2, 12, 5, 457 }, // U+036A
    { 6, 4, 0, -3, 11, 6, 462 }, // U+036B
    { 4, 4, 0, -2, 11, 4, 468 }, // U+036C
    { 3, 5, 0, -1, 12, 4, 472 }, // U+036D
    { 4, 4, 0, -2, 11, 4, 476 }, // U+036E
    { 4, 4, 0, -2, 11, 4, 480 }, // U+036F
    { 8, 12, 131, 0, 12, 24, 0 }, // U+0400
    { 8, 12, 131, 0, 12, 24, 24 }, // U+0401
    { 10, 9, 165, 0, 9, 23, 48 }, // U+0402
    { 8, 12, 119, 0, 12, 24, 71 }, // U+0403
    { 8, 11, 132, 0, 10, 22, 95 }, // U+0404
    { 7, 11, 116, 0, 10, 20, 117 }, // U+0405
    { 5, 9, 79, 0, 9, 12, 137 }, // U+0406
    { 5, 12, 79, 0, 12, 15, 149 }, // U+0407
    { 6, 12, 79, -1, 9, 18, 164 }, // U+0408
    { 12, 10, 195, 0, 9, 30, 182 }, // U+0409
    { 13, 9, 207, 0, 9, 30, 212 }, // U+040A
    { 11, 9, 178, 0, 9, 25, 242 }, // U+040B
    { 10, 12, 146, 0, 12, 30, 267 }, // U+040C
    { 10, 12, 165, 0, 12, 30, 297 }, // U+040D
    { 9, 13, 140, 0, 12, 30, 327 }, // U+040E
    { 10, 12, 161, 0, 9, 30, 357 }, // U+040F
    { 10, 9, 150, 0, 9, 23, 387 }, // U+0410
    { 8, 9, 128, 0, 9, 18, 410 }, // U+0411
    { 9, 9, 139, 0, 9, 21, 428 }, // U+0412
    { 8, 9, 119, 0, 9, 18, 449 }, // U+0413
    { 10, 12, 150, 0, 9, 30, 467 }, // U+0414
    { 8, 9, 131, 0, 9, 18, 497 }, // U+0415
    { 13, 9, 207, 0, 9, 30, 515 }, // U+0416
    { 8, 11, 124, 0, 10, 22, 545 }, // U+0417
    { 10, 9, 165, 0, 9, 23, 567 }, // U+0418
    { 10, 12, 165, 0, 12, 30, 590 }, // U+0419
    { 10, 9, 146, 0, 9, 23, 620 }, // U+041A
    { 10, 10, 150, 0, 9, 25, 643 }, // U+041B
    { 12, 9, 194, 0, 9, 27, 668 }, // U+041C
    { 10, 9, 163, 0, 9, 23, 695 }, // U+041D
    { 10, 11, 154, 0, 10, 28, 718 }, // U+041E
    { 10, 9, 161, 0, 9, 23, 746 }, // U+041F
    { 8, 9, 128, 0, 9, 18, 769 }, // U+0420
    { 8, 11, 132, 0, 10, 22, 787 }, // U+0421
    { 9, 9, 134, 0, 9, 21, 809 }, // U+0422
    { 9, 10, 140, 0, 9, 23, 830 }, // U+0423
    { 12, 11, 189, 0, 10, 33, 853 }, // U+0424
    { 10, 9, 146, 0, 9, 23, 886 }, // U+0425
    { 10, 12, 161, 0, 9, 30, 909 }, // U+0426
    { 10, 9, 157, 0, 9, 23, 939 }, // U+0427
    { 14, 9, 228, 0, 9, 32, 962 }, // U+0428
    { 14, 12, 229, 0, 9, 42, 994 }, // U+0429
    { 9, 9, 148, 0, 9, 21, 1036 }, // U+042A
    { 12, 9, 197, 0, 9, 27, 1057 }, // U+042B
    { 8, 9, 128, 0, 9, 18, 1084 }, // U+042C
    { 8, 11, 132, 0, 10, 22, 1102 }, // U+042D
    { 13, 11, 216, 0, 10, 36, 1124 }, // U+042E
    { 10, 9, 140, -1, 9, 23, 1160 }, // U+042F
    { 7, 8, 119, 0, 7, 14, 1183 }, // U+0430
    { 8, 11, 121, 0, 10, 22, 1197 }, // U+0431
    { 8, 7, 121, 0, 7, 14, 1219 }, // U+0432
    { 7, 7, 101, 0, 7, 13, 1233 }, // U+0433
    { 8, 10, 125, 0, 7, 20, 1246 }, // U+0434
    { 7, 8, 113, 0, 7, 14, 1266 }, // U+0435
    { 12, 7, 177, 0, 7, 21, 1280 }, // U+0436
    { 6, 8, 101, 0, 7, 12, 1301 }, // U+0437
    { 9, 7, 136, 0, 7, 16, 1313 }, // U+0438
    { 9, 10, 136, 0, 10, 23, 1329 }, // U+0439
    { 8, 7, 124, 0, 7, 14, 1352 }, // U+043A
    { 8, 8, 125, 0, 7, 16, 1366 }, // U+043B
    { 11, 7, 170, 0, 7, 20, 1382 }, // U+043C
    { 9, 7, 135, 0, 7, 16, 1402 }, // U+043D
    { 8, 8, 121, 0, 7, 16, 1418 }, // U+043E
    { 9, 7, 133, 0, 7, 16, 1434 }, // U+043F
    { 8, 10, 129, 0, 7, 20, 1450 }, // U+0440
    { 7, 8, 105, 0, 7, 14, 1470 }, // U+0441
    { 7, 7, 111, 0, 7, 13, 1484 }, // U+0442
    { 8, 11, 121, 0, 7, 22, 1497 }, // U+0443
    { 10, 13, 162, 0, 10, 33, 1519 }, // U+0444
    { 8, 7, 130, 0, 7, 14, 1552 }, // U+0445
    { 9, 10, 134, 0, 7, 23, 1566 }, // U+0446
    { 8, 7, 132, 0, 7, 14, 1589 }, // U+0447
    { 12, 7, 190, 0, 7, 21, 1603 }, // U+0448
    { 12, 10, 191, 0, 7, 30, 1624 }, // U+0449
    { 9, 7, 133, 0, 7, 16, 1654 }, // U+044A
    { 11, 7, 175, 0, 7, 20, 1670 }, // U+044B
    { 7, 7, 114, 0, 7, 13, 1690 }, // U+044C
    { 7, 8, 105, 0, 7, 14, 1703 }, // U+044D
    { 11, 8, 172, 0, 7, 22, 1717 }, // U+044E
    { 8, 7, 122, 0, 7, 14, 1739 }, // U+044F
    { 7, 11, 113, 0, 10, 20, 1753 }, // U+0450
    { 7, 11, 113, 0, 10, 20, 1773 }, // U+0451
    { 8, 13, 126, 0, 10, 26, 1793 }, // U+0452
    { 7, 10, 101, 0, 10, 18, 1819 }, // U+0453
    { 7, 8, 105, 0, 7, 14, 1837 }, // U+0454
    { 6, 8, 96, 0, 7, 12, 1851 }, // U+0455
    { 5, 10, 70, 0, 10, 13, 1863 }, // U+0456
    { 5, 10, 70, 0, 10, 13, 1876 }, // U+0457
    { 5, 13, 66, -1, 10, 17, 1889 }, // U+0458
    { 11, 8, 167, 0, 7, 22, 1906 }, // U+0459
    { 11, 7, 177, 0, 7, 20, 1928 }, // U+045A
    { 9, 10, 132, 0, 10, 23, 1948 }, // U+045B
    { 8, 10, 125, 0, 10, 20, 1971 }, // U+045C
    { 9, 10, 136, 0, 10, 23, 1991 }, // U+045D
    { 8, 14, 121, 0, 10, 28, 2014 }, // U+045E
    { 9, 10, 133, 0, 7, 23, 2042 }, // U+045F
    { 13, 10, 206, 0, 10, 33, 2065 }, // U+0460
    { 11, 7, 180, 0, 7, 20, 2098 }, // U+0461
    { 9, 9, 143, 0, 9, 21, 2118 }, // U+0462
    { 8, 10, 121, 0, 10, 20, 2139 }, // U+0463
    { 13, 11, 206, 0, 10, 36, 2159 }, // U+0464
    { 11, 8, 171, 0, 7, 22, 2195 }, // U+0465
    { 10, 9, 159, 0, 9, 23, 2217 }, // U+0466
    { 9, 7, 133, 0, 7, 16, 2240 }, // U+0467
    { 15, 9, 234, 0, 9, 34, 2256 }, // U+0468
    { 12, 7, 192, 0, 7, 21, 2290 }, // U+0469
    { 12, 9, 184, 0, 9, 27, 2311 }, // U+046A
    { 10, 7, 159, 0, 7, 18, 2338 }, // U+046B
    { 17, 9, 260, 0, 9, 39, 2356 }, // U+046C
    { 14, 7, 219, 0, 7, 25, 2395 }, // U+046D
    { 8, 14, 123, 0, 11, 28, 2420 }, // U+046E
    { 7, 12, 106, 0, 9, 21, 2448 }, // U+046F
    { 12, 9, 195, 0, 9, 27, 2469 }, // U+0470
    { 9, 13, 142, 0, 10, 30, 2496 }, // U+0471
    { 10, 11, 157, 0, 10, 28, 2526 }, // U+0472
    { 8, 8, 124, 0, 7, 16, 2554 }, // U+0473
    { 10, 9, 149, 0, 9, 23, 2570 }, // U+0474
    { 9, 7, 128, 0, 7, 16, 2593 }, // U+0475
    { 10, 12, 149, 0, 12, 30, 2609 }, // U+0476
    { 9, 10, 128, 0, 10, 23, 2639 }, // U+0477
    { 17, 13, 261, 0, 10, 56, 2662 }, // U+0478
    { 15, 10, 225, 0, 7, 38, 2718 }, // U+0479
    { 10, 11, 165, 0, 10, 28, 2756 }, // U+047A
    { 8, 9, 129, 0, 8, 18, 2784 }, // U+047B
    { 14, 15, 225, 0, 14, 53, 2802 }, // U+047C
    { 12, 13, 193, 0, 12, 39, 2855 }, // U+047D
    { 13, 11, 206, 0, 11, 36, 2894 }, // U+047E
    { 11, 9, 180, 0, 9, 25, 2930 }, // U+047F
    { 8, 13, 134, 0, 10, 26, 2955 }, // U+0480
    { 7, 10, 105, 0, 7, 18, 2981 }, // U+0481
    { 7, 9, 122, 0, 8, 16, 2999 }, // U+0482
    { 6, 3, 0, -3, 10, 5, 3015 }, // U+0483
    { 6, 3, 0, -3, 10, 5, 3020 }, // U+0484
    { 2, 3, 0, -1, 10, 2, 3025 }, // U+0485
    { 2, 3, 0, -1, 10, 2, 3027 }, // U+0486
    { 6, 3, 0, -3, 12, 5, 3029 }, // U+0487
    { 16, 15, 0, -8, 11, 60, 3034 }, // U+0488
    { 16, 16, 0, -8, 11, 64, 3094 }, // U+0489
    { 11, 15, 165, 0, 12, 42, 3158 }, // U+048A
    { 9, 13, 136, 0, 10, 30, 3200 }, // U+048B
    { 8, 10, 128, 0, 10, 20, 3230 }, // U+048C
    { 8, 9, 121, 0, 9, 18, 3250 }, // U+048D
    { 8, 9, 128, 0, 9, 18, 3268 }, // U+048E
    { 8, 10, 129, 0, 7, 20, 3286 }, // U+048F
    { 7, 11, 110, 0, 11, 20, 3306 }, // U+0490
    { 6, 9, 92, 0, 9, 14, 3326 }, // U+0491
    { 8, 9, 118, 0, 9, 18, 3340 }, // U+0492
    { 7, 7, 102, 0, 7, 13, 3358 }, // U+0493
    { 9, 13, 144, 0, 9, 30, 3371 }, // U+0494
    { 8, 10, 123, 0, 7, 20, 3401 }, // U+0495
    { 14, 12, 216, 0, 9, 42, 3421 }, // U+0496
    { 12, 10, 192, 0, 7, 30, 3463 }, // U+0497
    { 8, 13, 123, 0, 10, 26, 3493 }, // U+0498
    { 7, 10, 106, 0, 7, 18, 3519 }, // U+0499
    { 10, 12, 151, 0, 9, 30, 3537 }, // U+049A
    { 9, 10, 133, 0, 7, 23, 3567 }, // U+049B
    { 10, 9, 151, 0, 9, 23, 3590 }, // U+049C
    { 9, 7, 134, 0, 7, 16, 3613 }, // U+049D
    { 9, 9, 144, 0, 9, 21, 3629 }, // U+049E
    { 9, 10, 128, 0, 10, 23, 3650 }, // U+049F
    { 11, 9, 166, 0, 9, 25, 3673 }, // U+04A0
    { 10, 7, 154, 0, 7, 18, 3698 }, // U+04A1
    { 10, 12, 164, 0, 9, 30, 3716 }, // U+04A2
    { 9, 10, 138, 0, 7, 23, 3746 }, // U+04A3
    { 12, 9, 186, 0, 9, 27, 3769 }, // U+04A4
    { 11, 7, 164, 0, 7, 20, 3796 }, // U+04A5
    { 14, 13, 225, 0, 9, 46, 3816 }, // U+04A6
    { 12, 10, 187, 0, 7, 30, 3862 }, // U+04A7
    { 11, 11, 170, 0, 10, 31, 3892 }, // U+04A8
    { 9, 8, 143, 0, 7, 18, 3923 }, // U+04A9
    { 8, 13, 134, 0, 10, 26, 3941 }, // U+04AA
    { 7, 10, 105, 0, 7, 18, 3967 }, // U+04AB
    { 9, 12, 131, 0, 9, 27, 3985 }, // U+04AC
    { 7, 10, 113, 0, 7, 18, 4012 }, // U+04AD
    { 9, 9, 139, 0, 9, 21, 4030 }, // U+04AE
    { 8, 10, 121, 0, 7, 20, 4051 }, // U+04AF
    { 9, 9, 139, 0, 9, 21, 4071 }, // U+04B0
    { 8, 10, 121, 0, 7, 20, 4092 }, // U+04B1
    { 10, 12, 151, 0, 9, 30, 4112 }, // U+04B2
    { 9, 10, 129, 0, 7, 23, 4142 }, // U+04B3
    { 13, 12, 198, 0, 9, 39, 4165 }, // U+04B4
    { 11, 10, 174, 0, 7, 28, 4204 }, // U+04B5
    { 10, 12, 156, 0, 9, 30, 4232 }, // U+04B6
    { 9, 10, 136, 0, 7, 23, 4262 }, // U+04B7
    { 10, 9, 156, 0, 9, 23, 4285 }, // U+04B8
    { 8, 7, 132, 0, 7, 14, 4308 }, // U+04B9
    { 10, 9, 156, 0, 9, 23, 4322 }, // U+04BA
    { 9, 10, 133, 0, 10, 23, 4345 }, // U+04BB
    { 11, 11, 171, 0, 10, 31, 4368 }, // U+04BC
    { 9, 8, 141, 0, 7, 18, 4399 }, // U+04BD
    { 11, 13, 171, 0, 10, 36, 4417 }, // U+04BE
    { 9, 10, 141, 0, 7, 23, 4453 }, // U+04BF
    { 5, 9, 80, 0, 9, 12, 4476 }, // U+04C0
    { 13, 12, 207, 0, 12, 39, 4488 }, // U+04C1
    { 12, 10, 177, 0, 10, 30, 4527 }, // U+04C2
    { 9, 13, 146, 0, 9, 30, 4557 }, // U+04C3
    { 8, 10, 132, 0, 7, 20, 4587 }, // U+04C4
    { 10, 12, 150, 0, 9, 30, 4607 }, // U+04C5
    { 8, 10, 125, 0, 7, 20, 4637 }, // U+04C6
    { 10, 13, 164, 0, 9, 33, 4657 }, // U+04C7
    { 9, 11, 138, 0, 7, 25, 4690 }, // U+04C8
    { 11, 12, 164, 0, 9, 33, 4715 }, // U+04C9
    { 9, 10, 135, 0, 7, 23, 4748 }, // U+04CA
    { 10, 12, 156, 0, 9, 30, 4771 }, // U+04CB
    { 9, 10, 136, 0, 7, 23, 4801 }, // U+04CC
    { 12, 12, 194, 0, 9, 36, 4824 }, // U+04CD
    { 11, 10, 170, 0, 7, 28, 4860 }, // U+04CE
    { 5, 9, 80, 0, 9, 12, 4888 }, // U+04CF
    { 10, 12, 151, 0, 12, 30, 4900 }, // U+04D0
    { 8, 11, 120, 0, 10, 22, 4930 }, // U+04D1
    { 10, 12, 151, 0, 12, 30, 4952 }, // U+04D2
    { 8, 11, 120, 0, 10, 22, 4982 }, // U+04D3
    { 13, 9, 199, 0, 9, 30, 5004 }, // U+04D4
    { 11, 8, 175, 0, 7, 22, 5034 }, // U+04D5
    { 8, 12, 131, 0, 12, 24, 5056 }, // U+04D6
    { 7, 11, 114, 0, 10, 20, 5080 }, // U+04D7
    { 9, 11, 145, 0, 10, 25, 5100 }, // U+04D8
    { 7, 8, 114, 0, 7, 14, 5125 }, // U+04D9
    { 9, 13, 145, 0, 12, 30, 5139 }, // U+04DA
    { 7, 11, 114, 0, 10, 20, 5169 }, // U+04DB
    { 13, 12, 207, 0, 12, 39, 5189 }, // U+04DC
    { 12, 10, 177, 0, 10, 30, 5228 }, // U+04DD
    { 8, 13, 125, 0, 12, 26, 5258 }, // U+04DE
    { 6, 11, 101, 0, 10, 17, 5284 }, // U+04DF
    { 8, 10, 123, 0, 9, 20, 5301 }, // U+04E0
    { 7, 10, 112, 0, 7, 18, 5321 }, // U+04E1
    { 10, 11, 165, 0, 11, 28, 5339 }, // U+04E2
    { 9, 9, 136, 0, 9, 21, 5367 }, // U+04E3
    { 10, 12, 165, 0, 12, 30, 5388 }, // U+04E4
    { 9, 10, 136, 0, 10, 23, 5418 }, // U+04E5
    { 10, 13, 157, 0, 12, 33, 5441 }, // U+04E6
    { 8, 11, 123, 0, 10, 22, 5474 }, // U+04E7
    { 10, 11, 157, 0, 10, 28, 5496 }, // U+04E8
    { 8, 8, 123, 0, 7, 16, 5524 }, // U+04E9
    { 10, 13, 157, 0, 12, 33, 5540 }, // U+04EA
    { 8, 11, 123, 0, 10, 22, 5573 }, // U+04EB
    { 8, 13, 132, 0, 12, 26, 5595 }, // U+04EC
    { 7, 11, 105, 0, 10, 20, 5621 }, // U+04ED
    { 9, 12, 140, 0, 11, 27, 5641 }, // U+04EE
    { 8, 12, 116, 0, 9, 24, 5668 }, // U+04EF
    { 9, 13, 140, 0, 12, 30, 5692 }, // U+04F0
    { 8, 13, 116, 0, 10, 26, 5722 }, // U+04F1
    { 9, 13, 140, 0, 12, 30, 5748 }, // U+04F2
    { 8, 13, 116, 0, 10, 26, 5778 }, // U+04F3
    { 10, 12, 156, 0, 12, 30, 5804 }, // U+04F4
    { 8, 10, 132, 0, 10, 20, 5834 }, // U+04F5
    { 8, 12, 118, 0, 9, 24, 5854 }, // U+04F6
    { 7, 10, 102, 0, 7, 18, 5878 }, // U+04F7
    { 12, 12, 197, 0, 12, 36, 5896 }, // U+04F8
    { 11, 10, 175, 0, 10, 28, 5932 }, // U+04F9
    { 8, 12, 118, 0, 9, 24, 5960 }, // U+04FA
    { 7, 10, 102, 0, 7, 18, 5984 }, // U+04FB
    { 10, 12, 147, 0, 9, 30, 6002 }, // U+04FC
    { 9, 10, 129, 0, 7, 23, 6032 }, // U+04FD
    { 10, 9, 146, 0, 9, 23, 6055 }, // U+04FE
    { 8, 7, 129, 0, 7, 14, 6078 }, // U+04FF
    { 10, 12, 151, 0, 9, 30, 0 }, // U+1EA0
    { 8, 10, 120, 0, 7, 20, 30 }, // U+1EA1
    { 10, 13, 151, 0, 13, 33, 50 }, // U+1EA2
    { 8, 12, 120, 0, 11, 24, 83 }, // U+1EA3
    { 10, 13, 151, 0, 13, 33, 107 }, // U+1EA4
    { 8, 12, 120, 0, 11, 24, 140 }, // U+1EA5
    { 10, 13, 151, 0, 13, 33, 164 }, // U+1EA6
    { 8, 12, 120, 0, 11, 24, 197 }, // U+1EA7
    { 10, 13, 151, 0, 13, 33, 221 }, // U+1EA8
    { 8, 12, 120, 0, 11, 24, 254 }, // U+1EA9
    { 10, 14, 151, 0, 14, 35, 278 }, // U+1EAA
    { 8, 13, 120, 0, 12, 26, 313 }, // U+1EAB
    { 10, 15, 151, 0, 12, 38, 339 }, // U+1EAC
    { 8, 13, 120, 0, 10, 26, 377 }, // U+1EAD
    { 10, 13, 151, 0, 13, 33, 403 }, // U+1EAE
    { 8, 12, 120, 0, 11, 24, 436 }, // U+1EAF
    { 10, 13, 151, 0, 13, 33, 460 }, // U+1EB0
    { 8, 12, 120, 0, 11, 24, 493 }, // U+1EB1
    { 10, 14, 151, 0, 14, 35, 517 }, // U+1EB2
    { 8, 13, 120, 0, 12, 26, 552 }, // U+1EB3
    { 10, 14, 151, 0, 14, 35, 578 }, // U+1EB4
    { 8, 13, 120, 0, 12, 26, 613 }, // U+1EB5
    { 10, 15, 151, 0, 12, 38, 639 }, // U+1EB6
    { 8, 13, 120, 0, 10, 26, 677 }, // U+1EB7
    { 8, 12, 131, 0, 9, 24, 703 }, // U+1EB8
    { 7, 10, 114, 0, 7, 18, 727 }, // U+1EB9
    { 8, 13, 131, 0, 13, 26, 745 }, // U+1EBA
    { 7, 12, 114, 0, 11, 21, 771 }, // U+1EBB
    { 8, 12, 131, 0, 12, 24, 792 }, // U+1EBC
    { 7, 11, 114, 0, 10, 20, 816 }, // U+1EBD
    { 8, 13, 131, 0, 13, 26, 836 }, // U+1EBE
    { 8, 12, 114, 0, 11, 24, 862 }, // U+1EBF
    { 8, 13, 131, 0, 13, 26, 886 }, // U+1EC0
    { 7, 12, 114, 0, 11, 21, 912 }, // U+1EC1
    { 8, 13, 131, 0, 13, 26, 933 }, // U+1EC2
    { 7, 12, 114, 0, 11, 21, 959 }, // U+1EC3
    { 8, 14, 131, 0, 14, 28, 980 }, // U+1EC4
    { 7, 13, 114, 0, 12, 23, 1008 }, // U+1EC5
    { 8, 15, 131, 0, 12, 30, 1031 }, // U+1EC6
    { 7, 13, 114, 0, 10, 23, 1061 }, // U+1EC7
    { 5, 13, 80, 0, 13, 17, 1084 }, // U+1EC8
    { 5, 11, 70, 0, 11, 14, 1101 }, // U+1EC9
    { 5, 12, 80, 0, 9, 15, 1115 }, // U+1ECA
    { 5, 13, 70, 0, 10, 17, 1130 }, // U+1ECB
    { 10, 13, 157, 0, 10, 33, 1147 }, // U+1ECC
    { 8, 10, 123, 0, 7, 20, 1180 }, // U+1ECD
    { 10, 14, 157, 0, 13, 35, 1200 }, // U+1ECE
    { 8, 12, 123, 0, 11, 24, 1235 }, // U+1ECF
    { 10, 14, 157, 0, 13, 35, 1259 }, // U+1ED0
    { 8, 12, 123, 0, 11, 24, 1294 }, // U+1ED1
    { 10, 14, 157, 0, 13, 35, 1318 }, // U+1ED2
    { 8, 12, 123, 0, 11, 24, 1353 }, // U+1ED3
    { 10, 14, 157, 0, 13, 35, 1377 }, // U+1ED4
    { 8, 12, 123, 0, 11, 24, 1412 }, // U+1ED5
    { 10, 15, 157, 0, 14, 38, 1436 }, // U+1ED6
    { 8, 13, 123, 0, 12, 26, 1474 }, // U+1ED7
    { 10, 15, 157, 0, 12, 38, 1500 }, // U+1ED8
    { 8, 13, 123, 0, 10, 26, 1538 }, // U+1ED9
    { 11, 13, 169, 0, 12, 36, 1564 }, // U+1EDA
    { 9, 11, 134, 0, 10, 25, 1600 }, // U+1EDB
    { 11, 13, 169, 0, 12, 36, 1625 }, // U+1EDC
    { 9, 11, 134, 0, 10, 25, 1661 }, // U+1EDD
    { 11, 14, 169, 0, 13, 39, 1686 }, // U+1EDE
    { 9, 12, 134, 0, 11, 27, 1725 }, // U+1EDF
    { 11, 13, 169, 0, 12, 36, 1752 }, // U+1EE0
    { 9, 11, 134, 0, 10, 25, 1788 }, // U+1EE1
    { 11, 13, 169, 0, 10, 36, 1813 }, // U+1EE2
    { 9, 11, 134, 0, 8, 25, 1849 }, // U+1EE3
    { 10, 12, 149, 0, 9, 30, 1874 }, // U+1EE4
    { 9, 10, 133, 0, 7, 23, 1904 }, // U+1EE5
    { 10, 14, 149, 0, 13, 35, 1927 }, // U+1EE6
    { 9, 12, 133, 0, 11, 27, 1962 }, // U+1EE7
    { 11, 13, 171, 0, 12, 36, 1989 }, // U+1EE8
    { 10, 11, 156, 0, 10, 28, 2025 }, // U+1EE9
    { 11, 13, 171, 0, 12, 36, 2053 }, // U+1EEA
    { 10, 11, 156, 0, 10, 28, 2089 }, // U+1EEB
    { 11, 14, 171, 0, 13, 39, 2117 }, // U+1EEC
    { 10, 12, 156, 0, 11, 30, 2156 }, // U+1EED
    { 11, 13, 171, 0, 12, 36, 2186 }, // U+1EEE
    { 10, 11, 156, 0, 10, 28, 2222 }, // U+1EEF
    { 11, 13, 171, 0, 10, 36, 2250 }, // U+1EF0
    { 10, 11, 156, 0, 8, 28, 2286 }, // U+1EF1
    { 9, 12, 139, 0, 12, 27, 2314 }, // U+1EF2
    { 8, 13, 116, 0, 10, 26, 2341 }, // U+1EF3
    { 9, 12, 139, 0, 9, 27, 2367 }, // U+1EF4
    { 8, 10, 116, 0, 7, 20, 2394 }, // U+1EF5
    { 9, 13, 139, 0, 13, 30, 2414 }, // U+1EF6
    { 8, 14, 116, 0, 11, 28, 2444 }, // U+1EF7
    { 9, 12, 139, 0, 12, 27, 2472 }, // U+1EF8
    { 8, 13, 116, 0, 10, 26, 2499 }, // U+1EF9
    { 0, 0, 100, 0, 0, 0, 0 }, // U+2000
    { 0, 0, 200, 0, 0, 0, 0 }, // U+2001
    { 0, 0, 100, 0, 0, 0, 0 }, // U+2002
    { 0, 0, 200, 0, 0, 0, 0 }, // U+2003
    { 0, 0, 67, 0, 0, 0, 0 }, // U+2004
    { 0, 0, 50, 0, 0, 0, 0 }, // U+2005
    { 0, 0, 33, 0, 0, 0, 0 }, // U+2006
    { 0, 0, 113, 0, 0, 0, 0 }, // U+2007
    { 0, 0, 59, 0, 0, 0, 0 }, // U+2008
    { 0, 0, 33, 0, 0, 0, 0 }, // U+2009
    { 0, 0, 20, 0, 0, 0, 0 }, // U+200A
    { 0, 0, 0, 0, 0, 0, 0 }, // U+200B
    { 2, 10, 0, -1, 8, 5, 0 }, // U+200C
    { 4, 11, 0, -2, 9, 11, 5 }, // U+200D
    { 4, 11, 0, -1, 9, 11, 16 }, // U+200E
    { 4, 11, 0, -3, 9, 11, 27 }, // U+200F
    { 4, 3, 62, 0, 5, 3, 38 }, // U+2010
    { 4, 3, 62, 0, 5, 3, 41 }, // U+2011
    { 7, 1, 113, 0, 5, 2, 44 }, // U+2012
    { 8, 2, 100, -1, 4, 4, 46 }, // U+2013
    { 14, 2, 200, -1, 4, 7, 50 }, // U+2014
    { 14, 2, 200, -1, 4, 7, 57 }, // U+2015
    { 5, 13, 112, 1, 10, 17, 64 }, // U+2016
    { 7, 3, 82, -1, 0, 6, 81 }, // U+2017
    { 3, 4, 56, 0, 9, 3, 87 }, // U+2018
    { 3, 4, 56, 0, 9, 3, 90 }, // U+2019
    { 3, 4, 59, 0, 2, 3, 93 }, // U+201A
    { 3, 4, 56, 0, 9, 3, 96 }, // U+201B
    { 6, 4, 98, 0, 9, 6, 99 }, // U+201C
    { 6, 4, 98, 0, 9, 6, 105 }, // U+201D
    { 6, 4, 98, 0, 2, 6, 111 }, // U+201E
    { 6, 4, 98, 0, 9, 6, 117 }, // U+201F
    { 6, 12, 96, 0, 10, 18, 123 }, // U+2020
    { 6, 12, 96, 0, 10, 18, 141 }, // U+2021
    { 5, 5, 80, 0, 7, 7, 159 }, // U+2022
    { 5, 5, 100, 1, 7, 7, 166 }, // U+2023
    { 3, 3, 59, 0, 6, 3, 173 }, // U+2024
    { 7, 3, 115, 0, 6, 6, 176 }, // U+2025
    { 11, 3, 183, 0, 2, 9, 182 }, // U+2026
    { 3, 3, 59, 0, 5, 3, 191 }, // U+2027
    { 0, 0, 120, 0, 0, 0, 194 }, // U+2028
    { 0, 0, 120, 0, 0, 0, 194 }, // U+2029
    { 4, 10, 0, -1, 8, 10, 194 }, // U+202A
    { 4, 10, 0, -3, 8, 10, 204 }, // U+202B
    { 4, 11, 0, -2, 9, 11, 214 }, // U+202C
    { 4, 11, 0, -2, 9, 11, 225 }, // U+202D
    { 4, 11, 0, -2, 9, 11, 236 }, // U+202E
    { 0, 0, 33, 0, 0, 0, 247 }, // U+202F
    { 16, 11, 262, 0, 10, 44, 247 }, // U+2030
    { 22, 11, 346, 0, 10, 61, 291 }, // U+2031
    { 3, 4, 50, 0, 9, 3, 352 }, // U+2032
    { 6, 4, 98, 0, 9, 6, 355 }, // U+2033
    { 9, 4, 146, 0, 9, 9, 361 }, // U+2034
    { 3, 4, 50, 0, 9, 3, 370 }, // U+2035
    { 6, 4, 98, 0, 9, 6, 373 }, // U+2036
    { 9, 4, 146, 0, 9, 9, 379 }, // U+2037
    { 6, 4, 88, 0, 1, 6, 388 }, // U+2038
    { 4, 6, 71, 0, 6, 6, 394 }, // U+2039
    { 4, 6, 71, 0, 6, 6, 400 }, // U+203A
    { 10, 9, 164, 0, 9, 23, 406 }, // U+203B
    { 6, 10, 126, 1, 9, 15, 429 }, // U+203C
    { 8, 11, 123, 0, 10, 22, 444 }, // U+203D
    { 7, 2, 92, -1, 11, 4, 466 }, // U+203E
    { 10, 3, 0, -5, 0, 8, 470 }, // U+203F
    { 12, 3, 0, -6, 11, 9, 478 }, // U+2040
    { 6, 9, 90, 0, 9, 14, 487 }, // U+2041
    { 13, 10, 200, 0, 10, 33, 501 }, // U+2042
    { 4, 3, 72, 0, 6, 3, 534 }, // U+2043
    { 7, 9, 12, -3, 9, 16, 537 }, // U+2044
    { 4, 12, 83, 1, 10, 12, 553 }, // U+2045
    { 4, 12, 83, 0, 10, 12, 565 }, // U+2046
    { 13, 11, 213, 0, 10, 36, 577 }, // U+2047
    { 10, 11, 169, 0, 10, 28, 613 }, // U+2048
    { 9, 11, 170, 1, 10, 25, 641 }, // U+2049
    { 7, 11, 122, 0, 8, 20, 666 }, // U+204A
    { 8, 12, 125, 0, 10, 24, 686 }, // U+204B
    { 8, 5, 123, 0, 7, 10, 710 }, // U+204C
    { 8, 5, 123, 0, 7, 10, 720 }, // U+204D
    { 6, 6, 100, 0, 7, 9, 730 }, // U+204E
    { 4, 9, 61, 0, 7, 9, 739 }, // U+204F
    { 10, 11, 154, 0, 10, 28, 748 }, // U+2050
    { 6, 11, 100, 0, 10, 17, 776 }, // U+2051
    { 5, 10, 81, 0, 9, 13, 793 }, // U+2052
    { 7, 3, 112, 0, 6, 6, 806 }, // U+2053
    { 10, 3, 0, -5, 0, 8, 812 }, // U+2054
    { 7, 7, 108, 0, 8, 13, 820 }, // U+2055
    { 7, 8, 126, 0, 7, 14, 833 }, // U+2056
    { 12, 4, 194, 0, 9, 12, 847 }, // U+2057
    { 9, 8, 153, 0, 7, 18, 859 }, // U+2058
    { 9, 8, 153, 0, 7, 18, 877 }, // U+2059
    { 3, 11, 61, 0, 10, 9, 895 }, // U+205A
    { 9, 11, 153, 0, 10, 25, 904 }, // U+205B
    { 7, 7, 139, 1, 7, 13, 929 }, // U+205C
    { 3, 11, 61, 0, 10, 9, 942 }, // U+205D
    { 3, 11, 61, 0, 10, 9, 951 }, // U+205E
    { 0, 0, 44, 0, 0, 0, 960 }, // U+205F
    { 0, 0, 120, 0, 0, 0, 960 }, // U+2060
    { 0, 0, 120, 0, 0, 0, 960 }, // U+2061
    { 0, 0, 120, 0, 0, 0, 960 }, // U+2062
    { 0, 0, 120, 0, 0, 0, 960 }, // U+2063
    { 0, 0, 120, 0, 0, 0, 960 }, // U+2064
    { 0, 0, 0, 0, 0, 0, 960 }, // U+2066
    { 0, 0, 0, 0, 0, 0, 960 }, // U+2067
    { 0, 0, 0, 0, 0, 0, 960 }, // U+2068
    { 0, 0, 0, 0, 0, 0, 960 }, // U+2069
    { 4, 11, 0, -2, 9, 11, 960 }, // U+206A
    { 4, 11, 0, -2, 9, 11, 971 }, // U+206B
    { 4, 11, 0, -2, 9, 11, 982 }, // U+206C
    { 4, 11, 0, -2, 9, 11, 993 }, // U+206D
    { 4, 11, 0, -2, 9, 11, 1004 }, // U+206E
    { 4, 11, 0, -2, 9, 11, 1015 }, // U+206F
    { 5, 7, 80, 0, 11, 9, 0 }, // U+2070
    { 3, 7, 46, 0, 10, 6, 9 }, // U+2071
    { 5, 7, 80, 0, 11, 9, 15 }, // U+2074
    { 5, 7, 80, 0, 11, 9, 24 }, // U+2075
    { 5, 7, 80, 0, 11, 9, 33 }, // U+2076
    { 5, 7, 80, 0, 11, 9, 42 }, // U+2077
    { 5, 7, 80, 0, 11, 9, 51 }, // U+2078
    { 5, 7, 80, 0, 11, 9, 60 }, // U+2079
    { 5, 5, 80, 0, 10, 7, 69 }, // U+207A
    { 5, 2, 80, 0, 8, 3, 76 }, // U+207B
    { 5, 4, 80, 0, 9, 5, 79 }, // U+207C
    { 4, 9, 50, 0, 12, 9, 84 }, // U+207D
    { 4, 9, 50, -1, 12, 9, 93 }, // U+207E
    { 6, 5, 87, 0, 8, 8, 102 }, // U+207F
    { 5, 7, 80, 0, 5, 9, 110 }, // U+2080
    { 5, 7, 80, 0, 5, 9, 119 }, // U+2081
    { 5, 7, 80, 0, 5, 9, 128 }, // U+2082
    { 5, 7, 80, 0, 5, 9, 137 }, // U+2083
    { 5, 7, 80, 0, 5, 9, 146 }, // U+2084
    { 5, 7, 80, 0, 5, 9, 155 }, // U+2085
    { 5, 7, 80, 0, 5, 9, 164 }, // U+2086
    { 5, 7, 80, 0, 5, 9, 173 }, // U+2087
    { 5, 7, 80, 0, 5, 9, 182 }, // U+2088
    { 5, 7, 80, 0, 5, 9, 191 }, // U+2089
    { 5, 5, 80, 0, 4, 7, 200 }, // U+208A
    { 5, 2, 80, 0, 2, 3, 207 }, // U+208B
    { 5, 4, 80, 0, 3, 5, 210 }, // U+208C
    { 4, 9, 50, 0, 6, 9, 215 }, // U+208D
    { 4, 9, 50, -1, 6, 9, 224 }, // U+208E
    { 5, 5, 78, 0, 3, 7, 233 }, // U+2090
    { 5, 5, 74, 0, 3, 7, 240 }, // U+2091
    { 5, 5, 80, 0, 3, 7, 247 }, // U+2092
    { 6, 5, 84, 0, 3, 8, 254 }, // U+2093
    { 5, 5, 74, 0, 3, 7, 262 }, // U+2094
    { 6, 7, 87, 0, 5, 11, 269 }, // U+2095
    { 6, 7, 83, 0, 5, 11, 280 }, // U+2096
    { 3, 7, 46, 0, 5, 6, 291 }, // U+2097
    { 8, 5, 128, 0, 3, 10, 297 }, // U+2098
    { 6, 5, 87, 0, 3, 8, 307 }, // U+2099
    { 5, 6, 84, 0, 3, 8, 315 }, // U+209A
    { 4, 5, 62, 0, 3, 5, 323 }, // U+209B
    { 4, 6, 53, 0, 4, 6, 328 }, // U+209C
    { 10, 10, 154, 0, 10, 25, 0 }, // U+20A0
    { 8, 11, 134, 0, 10, 22, 25 }, // U+20A1
    { 8, 11, 134, 0, 10, 22, 47 }, // U+20A2
    { 7, 9, 113, 0, 9, 16, 69 }, // U+20A3
    { 7, 11, 113, 0, 10, 20, 85 }, // U+20A4
    { 13, 11, 197, 0, 9, 36, 105 }, // U+20A5
    { 10, 9, 158, 0, 9, 23, 141 }, // U+20A6
    { 11, 10, 180, 0, 9, 28, 164 }, // U+20A7
    { 14, 10, 231, 0, 9, 35, 192 }, // U+20A8
    { 15, 9, 213, -1, 9, 34, 227 }, // U+20A9
    { 11, 8, 178, 0, 8, 22, 261 }, // U+20AA
    { 8, 12, 130, 0, 10, 24, 283 }, // U+20AB
    { 7, 11, 112, 0, 10, 20, 307 }, // U+20AC
    { 10, 9, 147, 0, 9, 23, 327 }, // U+20AD
    { 9, 9, 131, 0, 9, 21, 350 }, // U+20AE
    { 14, 14, 221, 0, 11, 49, 371 }, // U+20AF
    { 8, 13, 127, 0, 10, 26, 420 }, // U+20B0
    { 8, 9, 128, 0, 9, 18, 446 }, // U+20B1
    { 10, 11, 154, 0, 10, 28, 464 }, // U+20B2
    { 10, 9, 151, 0, 9, 23, 492 }, // U+20B3
    { 9, 11, 116, -1, 10, 25, 515 }, // U+20B4
    { 8, 11, 134, 0, 10, 22, 540 }, // U+20B5
    { 8, 10, 119, 0, 9, 20, 562 }, // U+20B6
    { 7, 12, 113, 0, 10, 21, 582 }, // U+20B7
    { 7, 9, 113, 0, 9, 16, 603 }, // U+20B8
    { 7, 9, 112, 0, 9, 16, 619 }, // U+20B9
    { 7, 9, 113, 0, 9, 16, 635 }, // U+20BA
    { 8, 11, 131, 0, 10, 22, 651 }, // U+20BB
    { 9, 9, 157, 0, 9, 21, 673 }, // U+20BC
    { 8, 9, 118, 0, 9, 18, 694 }, // U+20BD
    { 9, 10, 140, 0, 10, 23, 712 }, // U+20BE
    { 7, 11, 113, 0, 10, 20, 735 }, // U+20BF
    { 7, 10, 105, 0, 7, 18, 755 }, // U+20C0
    { 7, 2, 115, 0, 5, 4, 0 }, // U+2212
    { 11, 10, 152, 0, 10, 28, 0 }, // U+FB00
    { 9, 10, 144, 0, 10, 23, 28 }, // U+FB01
    { 9, 10, 144, 0, 10, 23, 51 }, // U+FB02
    { 14, 10, 215, 0, 10, 35, 74 }, // U+FB03
    { 14, 10, 215, 0, 10, 35, 109 }, // U+FB04
    { 10, 11, 151, 0, 10, 28, 144 }, // U+FB05
    { 11, 11, 174, 0, 10, 31, 172 }, // U+FB06
    { 12, 12, 200, 0, 10, 36, 0 }, // U+FFFD
};

static const EpdUnicodeInterval notoserif_6_boldIntervals[] = {
    { 0x0, 0x0, 0x0 },
    { 0xD, 0xD, 0x1 },
    { 0x20, 0x7E, 0x2 },
    { 0xA0, 0x17F, 0x61 },
    { 0x1A0, 0x1A1, 0x141 },
    { 0x1AF, 0x1B0, 0x143 },
    { 0x1C4, 0x21F, 0x145 },
    { 0x300, 0x36F, 0x1A1 },
    { 0x400, 0x4FF, 0x211 },
    { 0x1EA0, 0x1EF9, 0x311 },
    { 0x2000, 0x2064, 0x36B },
    { 0x2066, 0x2071, 0x3D0 },
    { 0x2074, 0x208E, 0x3DC },
    { 0x2090, 0x209C, 0x3F7 },
    { 0x20A0, 0x20C0, 0x404 },
    { 0x2212, 0x2212, 0x425 },
    { 0xFB00, 0xFB06, 0x426 },
    { 0xFFFD, 0xFFFD, 0x42D },
};

static const EpdFontGroup notoserif_6_boldGroups[] = {
    { 0, 1239, 1832, 97, 0 },
    { 1239, 1151, 2256, 96, 97 },
    { 2390, 1399, 3516, 128, 193 },
    { 3789, 1422, 3115, 96, 321 },
    { 5211, 440, 561, 112, 417 },
    { 5651, 3638, 6941, 256, 529 },
    { 9289, 777, 2866, 90, 785 },
    { 10066, 811, 1188, 111, 875 },
    { 10877, 264, 463, 42, 986 },
    { 11141, 701, 867, 33, 1028 },
    { 11842, 6, 4, 1, 1061 },
    { 11848, 157, 236, 7, 1062 },
    { 12005, 39, 36, 1, 1069 },
};

static const EpdKernClassEntry notoserif_6_boldKernLeftClasses[] = {
    { 0x0022, 1 }, // "
    { 0x0026, 2 }, // &
    { 0x0027, 1 }, // '
    { 0x002A, 3 }, // *
    { 0x002C, 4 }, // ,
    { 0x002E, 4 }, // .
    { 0x0040, 5 }, // @
    { 0x0041, 6 }, // A
    { 0x0042, 7 }, // B
    { 0x0044, 8 }, // D
    { 0x0045, 9 }, // E
    { 0x0046, 10 }, // F
    { 0x0047, 11 }, // G
    { 0x004B, 12 }, // K
    { 0x004C, 13 }, // L
    { 0x004E, 14 }, // N
    { 0x004F, 8 }, // O
    { 0x0050, 3 }, // P
    { 0x0051, 8 }, // Q
    { 0x0052, 15 }, // R
    { 0x0053, 16 }, // S
    { 0x0054, 17 }, // T
    { 0x0055, 18 }, // U
    { 0x0056, 19 }, // V
    { 0x0057, 20 }, // W
    { 0x0058, 21 }, // X
    { 0x0059, 22 }, // Y
    { 0x0061, 23 }, // a
    { 0x0062, 24 }, // b
    { 0x0065, 25 }, // e
    { 0x0066, 26 }, // f
    { 0x0067, 27 }, // g
    { 0x0068, 23 }, // h
    { 0x006B, 28 }, // k
    { 0x006D, 23 }, // m
    { 0x006E, 23 }, // n
    { 0x006F, 24 }, // o
    { 0x0070, 24 }, // p
    { 0x0072, 29 }, // r
    { 0x0073, 30 }, // s
    { 0x0076, 31 }, // v
    { 0x0077, 32 }, // w
    { 0x0079, 33 }, // y
    { 0x00A1, 34 }, // U+00A1
    { 0x00BF, 35 }, // U+00BF
    { 0x00C0, 36 }, // U+00C0
    { 0x00C1, 36 }, // U+00C1
    { 0x00C2, 36 }, // U+00C2
    { 0x00C3, 36 }, // U+00C3
    { 0x00C4, 36 }, // U+00C4
    { 0x00C5, 36 }, // U+00C5
    { 0x00C6, 9 }, // U+00C6
    { 0x00C8, 9 }, // U+00C8
    { 0x00C9, 9 }, // U+00C9
    { 0x00CA, 9 }, // U+00CA
    { 0x00CB, 9 }, // U+00CB
    { 0x00D0, 8 }, // U+00D0
    { 0x00D1, 14 }, // U+00D1
    { 0x00D2, 8 }, // U+00D2
    { 0x00D3, 8 }, // U+00D3
    { 0x00D4, 8 }, // U+00D4
    { 0x00D5, 8 }, // U+00D5
    { 0x00D6, 8 }, // U+00D6
    { 0x00D8, 8 }, // U+00D8
    { 0x00D9, 18 }, // U+00D9
    { 0x00DA, 18 }, // U+00DA
    { 0x00DB, 18 }, // U+00DB
    { 0x00DC, 18 }, // U+00DC
    { 0x00DD, 22 }, // U+00DD
    { 0x00DE, 8 }, // U+00DE
    { 0x00DF, 24 }, // U+00DF
    { 0x00E0, 23 }, // U+00E0
    { 0x00E1, 23 }, // U+00E1
    { 0x00E2, 23 }, // U+00E2
    { 0x00E3, 23 }, // U+00E3
    { 0x00E4, 23 }, // U+00E4
    { 0x00E5, 23 }, // U+00E5
    { 0x00E6, 25 }, // U+00E6
    { 0x00E8, 25 }, // U+00E8
    { 0x00E9, 25 }, // U+00E9
    { 0x00EA, 25 }, // U+00EA
    { 0x00EB, 25 }, // U+00EB
    { 0x00F0, 24 }, // U+00F0
    { 0x00F1, 23 }, // U+00F1
    { 0x00F2, 24 }, // U+00F2
    { 0x00F3, 24 }, // U+00F3
    { 0x00F4, 24 }, // U+00F4
    { 0x00F5, 24 }, // U+00F5
    { 0x00F6, 24 }, // U+00F6
    { 0x00F8, 24 }, // U+00F8
    { 0x00FD, 33 }, // U+00FD
    { 0x00FE, 24 }, // U+00FE
    { 0x00FF, 33 }, // U+00FF
    { 0x0100, 6 }, // U+0100
    { 0x0102, 36 }, // U+0102
    { 0x0104, 36 }, // U+0104
    { 0x010E, 8 }, // U+010E
    { 0x010F, 37 }, // U+010F
    { 0x0110, 8 }, // U+0110
    { 0x0112, 9 }, // U+0112
    { 0x0113, 25 }, // U+0113
    { 0x0114, 9 }, // U+0114
    { 0x0115, 25 }, // U+0115
    { 0x0116, 9 }, // U+0116
    { 0x0117, 25 }, // U+0117
    { 0x0118, 9 }, // U+0118
    { 0x0119, 25 }, // U+0119
    { 0x011A, 9 }, // U+011A
    { 0x011B, 25 }, // U+011B
    { 0x011C, 11 }, // U+011C
    { 0x011E, 11 }, // U+011E
    { 0x0120, 11 }, // U+0120
    { 0x0122, 11 }, // U+0122
    { 0x0125, 23 }, // U+0125
    { 0x0127, 23 }, // U+0127
    { 0x0129, 38 }, // U+0129
    { 0x0136, 12 }, // U+0136
    { 0x0137, 28 }, // U+0137
    { 0x0138, 28 }, // U+0138
    { 0x0139, 13 }, // U+0139
    { 0x013B, 13 }, // U+013B
    { 0x013E, 37 }, // U+013E
    { 0x0141, 13 }, // U+0141
    { 0x0143, 14 }, // U+0143
    { 0x0144, 23 }, // U+0144
    { 0x0145, 14 }, // U+0145
    { 0x0146, 23 }, // U+0146
    { 0x0147, 14 }, // U+0147
    { 0x0148, 23 }, // U+0148
    { 0x0149, 23 }, // U+0149
    { 0x014B, 23 }, // U+014B
    { 0x014C, 8 }, // U+014C
    { 0x014D, 24 }, // U+014D
    { 0x014E, 8 }, // U+014E
    { 0x014F, 24 }, // U+014F
    { 0x0150, 8 }, // U+0150
    { 0x0151, 24 }, // U+0151
    { 0x0152, 9 }, // U+0152
    { 0x0153, 25 }, // U+0153
    { 0x0154, 15 }, // U+0154
    { 0x0155, 29 }, // U+0155
    { 0x0156, 15 }, // U+0156
    { 0x0157, 29 }, // U+0157
    { 0x0158, 15 }, // U+0158
    { 0x0159, 29 }, // U+0159
    { 0x015A, 16 }, // U+015A
    { 0x015B, 30 }, // U+015B
    { 0x015C, 16 }, // U+015C
    { 0x015D, 30 }, // U+015D
    { 0x015E, 16 }, // U+015E
    { 0x015F, 30 }, // U+015F
    { 0x0160, 16 }, // U+0160
    { 0x0161, 30 }, // U+0161
    { 0x0162, 17 }, // U+0162
    { 0x0164, 17 }, // U+0164
    { 0x0165, 39 }, // U+0165
    { 0x0166, 17 }, // U+0166
    { 0x0168, 18 }, // U+0168
    { 0x016A, 18 }, // U+016A
    { 0x016C, 18 }, // U+016C
    { 0x016E, 18 }, // U+016E
    { 0x0170, 18 }, // U+0170
    { 0x0172, 18 }, // U+0172
    { 0x0174, 20 }, // U+0174
    { 0x0175, 32 }, // U+0175
    { 0x0176, 22 }, // U+0176
    { 0x0177, 33 }, // U+0177
    { 0x0178, 22 }, // U+0178
    { 0x01A0, 40 }, // U+01A0
    { 0x01A1, 41 }, // U+01A1
    { 0x01AF, 42 }, // U+01AF
    { 0x01B0, 43 }, // U+01B0
    { 0x01FA, 6 }, // U+01FA
    { 0x01FC, 9 }, // U+01FC
    { 0x01FD, 25 }, // U+01FD
    { 0x01FE, 8 }, // U+01FE
    { 0x01FF, 24 }, // U+01FF
    { 0x0218, 16 }, // U+0218
    { 0x0219, 30 }, // U+0219
    { 0x021A, 17 }, // U+021A
    { 0x0402, 44 }, // U+0402
    { 0x0409, 45 }, // U+0409
    { 0x040A, 45 }, // U+040A
    { 0x040E, 46 }, // U+040E
    { 0x0423, 46 }, // U+0423
    { 0x042A, 45 }, // U+042A
    { 0x042C, 45 }, // U+042C
    { 0x0431, 47 }, // U+0431
    { 0x043E, 48 }, // U+043E
    { 0x0440, 48 }, // U+0440
    { 0x0444, 49 }, // U+0444
    { 0x044D, 49 }, // U+044D
    { 0x044E, 49 }, // U+044E
    { 0x0457, 50 }, // U+0457
    { 0x0460, 51 }, // U+0460
    { 0x0462, 52 }, // U+0462
    { 0x0465, 53 }, // U+0465
    { 0x0466, 54 }, // U+0466
    { 0x0468, 54 }, // U+0468
    { 0x046A, 55 }, // U+046A
    { 0x046C, 55 }, // U+046C
    { 0x046E, 56 }, // U+046E
    { 0x046F, 24 }, // U+046F
    { 0x0472, 51 }, // U+0472
    { 0x0473, 48 }, // U+0473
    { 0x0474, 57 }, // U+0474
    { 0x0476, 57 }, // U+0476
    { 0x0478, 33 }, // U+0478
    { 0x0479, 58 }, // U+0479
    { 0x047A, 51 }, // U+047A
    { 0x047B, 48 }, // U+047B
    { 0x047C, 51 }, // U+047C
    { 0x047D, 24 }, // U+047D
    { 0x047E, 51 }, // U+047E
    { 0x0481, 53 }, // U+0481
    { 0x048C, 52 }, // U+048C
    { 0x048D, 24 }, // U+048D
    { 0x048E, 59 }, // U+048E
    { 0x048F, 48 }, // U+048F
    { 0x0490, 60 }, // U+0490
    { 0x0491, 61 }, // U+0491
    { 0x0493, 61 }, // U+0493
    { 0x0494, 62 }, // U+0494
    { 0x0496, 55 }, // U+0496
    { 0x0497, 63 }, // U+0497
    { 0x0498, 56 }, // U+0498
    { 0x0499, 48 }, // U+0499
    { 0x049A, 55 }, // U+049A
    { 0x049B, 63 }, // U+049B
    { 0x049C, 55 }, // U+049C
    { 0x049D, 63 }, // U+049D
    { 0x049E, 55 }, // U+049E
    { 0x049F, 63 }, // U+049F
    { 0x04A0, 55 }, // U+04A0
    { 0x04A1, 63 }, // U+04A1
    { 0x04A3, 64 }, // U+04A3
    { 0x04A4, 60 }, // U+04A4
    { 0x04A5, 61 }, // U+04A5
    { 0x04A6, 62 }, // U+04A6
    { 0x04A8, 51 }, // U+04A8
    { 0x04AB, 53 }, // U+04AB
    { 0x04AC, 60 }, // U+04AC
    { 0x04AD, 61 }, // U+04AD
    { 0x04B2, 65 }, // U+04B2
    { 0x04B3, 63 }, // U+04B3
    { 0x04B5, 64 }, // U+04B5
    { 0x04B7, 64 }, // U+04B7
    { 0x04BA, 62 }, // U+04BA
    { 0x04BC, 51 }, // U+04BC
    { 0x04BD, 48 }, // U+04BD
    { 0x04BE, 51 }, // U+04BE
    { 0x04BF, 48 }, // U+04BF
    { 0x04C3, 62 }, // U+04C3
    { 0x04C6, 64 }, // U+04C6
    { 0x04D0, 54 }, // U+04D0
    { 0x04D1, 23 }, // U+04D1
    { 0x04D2, 54 }, // U+04D2
    { 0x04D3, 23 }, // U+04D3
    { 0x04D4, 66 }, // U+04D4
    { 0x04D5, 48 }, // U+04D5
    { 0x04D6, 66 }, // U+04D6
    { 0x04D7, 48 }, // U+04D7
    { 0x04D8, 51 }, // U+04D8
    { 0x04D9, 48 }, // U+04D9
    { 0x04DA, 51 }, // U+04DA
    { 0x04DB, 48 }, // U+04DB
    { 0x04E0, 56 }, // U+04E0
    { 0x04E6, 51 }, // U+04E6
    { 0x04E7, 48 }, // U+04E7
    { 0x04E8, 51 }, // U+04E8
    { 0x04E9, 48 }, // U+04E9
    { 0x04EA, 51 }, // U+04EA
    { 0x04EB, 48 }, // U+04EB
    { 0x04ED, 48 }, // U+04ED
    { 0x04EE, 46 }, // U+04EE
    { 0x04EF, 58 }, // U+04EF
    { 0x04F0, 46 }, // U+04F0
    { 0x04F1, 58 }, // U+04F1
    { 0x04F2, 46 }, // U+04F2
    { 0x04F3, 58 }, // U+04F3
    { 0x04F6, 60 }, // U+04F6
    { 0x04F7, 61 }, // U+04F7
    { 0x04FB, 61 }, // U+04FB
    { 0x04FC, 65 }, // U+04FC
    { 0x04FD, 63 }, // U+04FD
    { 0x04FE, 65 }, // U+04FE
    { 0x04FF, 63 }, // U+04FF
    { 0x1EA0, 36 }, // U+1EA0
    { 0x1EA1, 23 }, // U+1EA1
    { 0x1EA2, 36 }, // U+1EA2
    { 0x1EA3, 23 }, // U+1EA3
    { 0x1EA4, 36 }, // U+1EA4
    { 0x1EA5, 23 }, // U+1EA5
    { 0x1EA6, 36 }, // U+1EA6
    { 0x1EA7, 23 }, // U+1EA7
    { 0x1EA8, 36 }, // U+1EA8
    { 0x1EA9, 23 }, // U+1EA9
    { 0x1EAA, 36 }, // U+1EAA
    { 0x1EAB, 23 }, // U+1EAB
    { 0x1EAC, 36 }, // U+1EAC
    { 0x1EAD, 23 }, // U+1EAD
    { 0x1EAE, 36 }, // U+1EAE
    { 0x1EAF, 23 }, // U+1EAF
    { 0x1EB0, 36 }, // U+1EB0
    { 0x1EB1, 23 }, // U+1EB1
    { 0x1EB2, 36 }, // U+1EB2
    { 0x1EB3, 23 }, // U+1EB3
    { 0x1EB4, 36 }, // U+1EB4
    { 0x1EB5, 23 }, // U+1EB5
    { 0x1EB6, 36 }, // U+1EB6
    { 0x1EB7, 23 }, // U+1EB7
    { 0x1EB8, 9 }, // U+1EB8
    { 0x1EB9, 25 }, // U+1EB9
    { 0x1EBA, 9 }, // U+1EBA
    { 0x1EBB, 25 }, // U+1EBB
    { 0x1EBC, 9 }, // U+1EBC
    { 0x1EBD, 25 }, // U+1EBD
    { 0x1EBE, 9 }, // U+1EBE
    { 0x1EBF, 25 }, // U+1EBF
    { 0x1EC0, 9 }, // U+1EC0
    { 0x1EC1, 25 }, // U+1EC1
    { 0x1EC2, 9 }, // U+1EC2
    { 0x1EC3, 25 }, // U+1EC3
    { 0x1EC4, 9 }, // U+1EC4
    { 0x1EC5, 25 }, // U+1EC5
    { 0x1EC6, 9 }, // U+1EC6
    { 0x1EC7, 25 }, // U+1EC7
    { 0x1ECC, 8 }, // U+1ECC
    { 0x1ECD, 24 }, // U+1ECD
    { 0x1ECE, 8 }, // U+1ECE
    { 0x1ECF, 24 }, // U+1ECF
    { 0x1ED0, 8 }, // U+1ED0
    { 0x1ED1, 24 }, // U+1ED1
    { 0x1ED2, 8 }, // U+1ED2
    { 0x1ED3, 24 }, // U+1ED3
    { 0x1ED4, 8 }, // U+1ED4
    { 0x1ED5, 24 }, // U+1ED5
    { 0x1ED6, 8 }, // U+1ED6
    { 0x1ED7, 24 }, // U+1ED7
    { 0x1ED8, 8 }, // U+1ED8
    { 0x1ED9, 24 }, // U+1ED9
    { 0x1EDA, 40 }, // U+1EDA
    { 0x1EDB, 41 }, // U+1EDB
    { 0x1EDC, 40 }, // U+1EDC
    { 0x1EDD, 41 }, // U+1EDD
    { 0x1EDE, 40 }, // U+1EDE
    { 0x1EDF, 41 }, // U+1EDF
    { 0x1EE0, 40 }, // U+1EE0
    { 0x1EE1, 41 }, // U+1EE1
    { 0x1EE2, 40 }, // U+1EE2
    { 0x1EE3, 41 }, // U+1EE3
    { 0x1EE4, 18 }, // U+1EE4
    { 0x1EE6, 18 }, // U+1EE6
    { 0x1EE8, 42 }, // U+1EE8
    { 0x1EE9, 43 }, // U+1EE9
    { 0x1EEA, 42 }, // U+1EEA
    { 0x1EEB, 43 }, // U+1EEB
    { 0x1EEC, 42 }, // U+1EEC
    { 0x1EED, 43 }, // U+1EED
    { 0x1EEE, 42 }, // U+1EEE
    { 0x1EEF, 43 }, // U+1EEF
    { 0x1EF0, 42 }, // U+1EF0
    { 0x1EF1, 43 }, // U+1EF1
    { 0x1EF2, 22 }, // U+1EF2
    { 0x1EF3, 33 }, // U+1EF3
    { 0x1EF4, 22 }, // U+1EF4
    { 0x1EF5, 33 }, // U+1EF5
    { 0x1EF6, 22 }, // U+1EF6
    { 0x1EF7, 33 }, // U+1EF7
    { 0x1EF8, 22 }, // U+1EF8
    { 0x1EF9, 33 }, // U+1EF9
    { 0x2018, 67 }, // U+2018
    { 0x2019, 68 }, // U+2019
    { 0x201A, 4 }, // U+201A
    { 0x201C, 67 }, // U+201C
    { 0x201D, 68 }, // U+201D
    { 0x201E, 4 }, // U+201E
    { 0x2026, 4 }, // U+2026
    { 0x207D, 69 }, // U+207D
    { 0x208D, 70 }, // U+208D
    { 0xFB00, 26 }, // U+FB00
};

static const EpdKernClassEntry notoserif_6_boldKernRightClasses[] = {
    { 0x0021, 1 }, // !
    { 0x0022, 2 }, // "
    { 0x0026, 3 }, // &
    { 0x0027, 2 }, // '
    { 0x0029, 4 }, // )
    { 0x002A, 5 }, // *
    { 0x002C, 6 }, // ,
    { 0x002E, 7 }, // .
    { 0x003A, 8 }, // :
    { 0x003B, 8 }, // ;
    { 0x003F, 9 }, // ?
    { 0x0040, 10 }, // @
    { 0x0041, 11 }, // A
    { 0x0042, 12 }, // B
    { 0x0043, 13 }, // C
    { 0x0044, 12 }, // D
    { 0x0045, 12 }, // E
    { 0x0046, 12 }, // F
    { 0x0047, 13 }, // G
    { 0x0048, 12 }, // H
    { 0x0049, 12 }, // I
    { 0x004A, 14 }, // J
    { 0x004B, 12 }, // K
    { 0x004C, 12 }, // L
    { 0x004D, 12 }, // M
    { 0x004E, 12 }, // N
    { 0x004F, 13 }, // O
    { 0x0050, 12 }, // P
    { 0x0051, 13 }, // Q
    { 0x0052, 12 }, // R
    { 0x0053, 15 }, // S
    { 0x0054, 16 }, // T
    { 0x0055, 17 }, // U
    { 0x0056, 18 }, // V
    { 0x0057, 19 }, // W
    { 0x0058, 20 }, // X
    { 0x0059, 21 }, // Y
    { 0x005A, 22 }, // Z
    { 0x005D, 4 }, // ]
    { 0x0061, 23 }, // a
    { 0x0062, 24 }, // b
    { 0x0063, 25 }, // c
    { 0x0064, 25 }, // d
    { 0x0065, 25 }, // e
    { 0x0067, 26 }, // g
    { 0x0068, 24 }, // h
    { 0x0069, 27 }, // i
    { 0x006B, 24 }, // k
    { 0x006C, 24 }, // l
    { 0x006D, 27 }, // m
    { 0x006E, 27 }, // n
    { 0x006F, 25 }, // o
    { 0x0070, 27 }, // p
    { 0x0071, 25 }, // q
    { 0x0072, 27 }, // r
    { 0x0073, 28 }, // s
    { 0x0074, 29 }, // t
    { 0x0075, 30 }, // u
    { 0x0076, 31 }, // v
    { 0x0077, 32 }, // w
    { 0x0078, 33 }, // x
    { 0x0079, 34 }, // y
    { 0x007A, 35 }, // z
    { 0x007D, 4 }, // }
    { 0x00AB, 36 }, // U+00AB
    { 0x00B7, 37 }, // U+00B7
    { 0x00BB, 36 }, // U+00BB
    { 0x00C0, 11 }, // U+00C0
    { 0x00C1, 11 }, // U+00C1
    { 0x00C2, 11 }, // U+00C2
    { 0x00C3, 11 }, // U+00C3
    { 0x00C4, 11 }, // U+00C4
    { 0x00C5, 11 }, // U+00C5
    { 0x00C6, 38 }, // U+00C6
    { 0x00C7, 13 }, // U+00C7
    { 0x00C8, 12 }, // U+00C8
    { 0x00C9, 12 }, // U+00C9
    { 0x00CA, 12 }, // U+00CA
    { 0x00CB, 12 }, // U+00CB
    { 0x00CC, 12 }, // U+00CC
    { 0x00CD, 12 }, // U+00CD
    { 0x00CE, 12 }, // U+00CE
    { 0x00CF, 12 }, // U+00CF
    { 0x00D0, 12 }, // U+00D0
    { 0x00D1, 12 }, // U+00D1
    { 0x00D2, 13 }, // U+00D2
    { 0x00D3, 13 }, // U+00D3
    { 0x00D4, 13 }, // U+00D4
    { 0x00D5, 13 }, // U+00D5
    { 0x00D6, 13 }, // U+00D6
    { 0x00D8, 13 }, // U+00D8
    { 0x00D9, 17 }, // U+00D9
    { 0x00DA, 17 }, // U+00DA
    { 0x00DB, 17 }, // U+00DB
    { 0x00DC, 17 }, // U+00DC
    { 0x00DD, 21 }, // U+00DD
    { 0x00DE, 12 }, // U+00DE
    { 0x00E0, 23 }, // U+00E0
    { 0x00E1, 23 }, // U+00E1
    { 0x00E2, 23 }, // U+00E2
    { 0x00E3, 23 }, // U+00E3
    { 0x00E4, 23 }, // U+00E4
    { 0x00E5, 23 }, // U+00E5
    { 0x00E6, 23 }, // U+00E6
    { 0x00E7, 25 }, // U+00E7
    { 0x00E8, 25 }, // U+00E8
    { 0x00E9, 25 }, // U+00E9
    { 0x00EA, 25 }, // U+00EA
    { 0x00EB, 25 }, // U+00EB
    { 0x00EC, 39 }, // U+00EC
    { 0x00ED, 27 }, // U+00ED
    { 0x00EE, 39 }, // U+00EE
    { 0x00EF, 39 }, // U+00EF
    { 0x00F0, 25 }, // U+00F0
    { 0x00F1, 27 }, // U+00F1
    { 0x00F2, 25 }, // U+00F2
    { 0x00F3, 25 }, // U+00F3
    { 0x00F4, 25 }, // U+00F4
    { 0x00F5, 25 }, // U+00F5
    { 0x00F6, 25 }, // U+00F6
    { 0x00F8, 25 }, // U+00F8
    { 0x00F9, 30 }, // U+00F9
    { 0x00FA, 30 }, // U+00FA
    { 0x00FB, 30 }, // U+00FB
    { 0x00FC, 30 }, // U+00FC
    { 0x00FD, 34 }, // U+00FD
    { 0x00FE, 24 }, // U+00FE
    { 0x00FF, 34 }, // U+00FF
    { 0x0100, 11 }, // U+0100
    { 0x0101, 23 }, // U+0101
    { 0x0102, 11 }, // U+0102
    { 0x0103, 23 }, // U+0103
    { 0x0104, 11 }, // U+0104
    { 0x0105, 23 }, // U+0105
    { 0x0106, 13 }, // U+0106
    { 0x0107, 25 }, // U+0107
    { 0x0108, 13 }, // U+0108
    { 0x0109, 25 }, // U+0109
    { 0x010A, 13 }, // U+010A
    { 0x010B, 25 }, // U+010B
    { 0x010C, 13 }, // U+010C
    { 0x010D, 25 }, // U+010D
    { 0x010E, 12 }, // U+010E
    { 0x010F, 25 }, // U+010F
    { 0x0110, 12 }, // U+0110
    { 0x0111, 25 }, // U+0111
    { 0x0112, 12 }, // U+0112
    { 0x0113, 25 }, // U+0113
    { 0x0114, 12 }, // U+0114
    { 0x0115, 25 }, // U+0115
    { 0x0116, 12 }, // U+0116
    { 0x0117, 25 }, // U+0117
    { 0x0118, 12 }, // U+0118
    { 0x0119, 25 }, // U+0119
    { 0x011A, 12 }, // U+011A
    { 0x011B, 25 }, // U+011B
    { 0x011C, 13 }, // U+011C
    { 0x011D, 25 }, // U+011D
    { 0x011E, 13 }, // U+011E
    { 0x011F, 25 }, // U+011F
    { 0x0120, 13 }, // U+0120
    { 0x0121, 25 }, // U+0121
    { 0x0122, 13 }, // U+0122
    { 0x0123, 25 }, // U+0123
    { 0x0124, 12 }, // U+0124
    { 0x0125, 24 }, // U+0125
    { 0x0126, 12 }, // U+0126
    { 0x0127, 24 }, // U+0127
    { 0x0128, 12 }, // U+0128
    { 0x0129, 40 }, // U+0129
    { 0x012A, 12 }, // U+012A
    { 0x012B, 39 }, // U+012B
    { 0x012C, 12 }, // U+012C
    { 0x012D, 39 }, // U+012D
    { 0x012E, 12 }, // U+012E
    { 0x012F, 27 }, // U+012F
    { 0x0130, 12 }, // U+0130
    { 0x0132, 12 }, // U+0132
    { 0x0133, 27 }, // U+0133
    { 0x0134, 14 }, // U+0134
    { 0x0136, 12 }, // U+0136
    { 0x0137, 24 }, // U+0137
    { 0x0138, 27 }, // U+0138
    { 0x0139, 12 }, // U+0139
    { 0x013A, 24 }, // U+013A
    { 0x013B, 12 }, // U+013B
    { 0x013C, 24 }, // U+013C
    { 0x013D, 12 }, // U+013D
    { 0x013E, 24 }, // U+013E
    { 0x013F, 12 }, // U+013F
    { 0x0140, 24 }, // U+0140
    { 0x0141, 12 }, // U+0141
    { 0x0142, 24 }, // U+0142
    { 0x0143, 12 }, // U+0143
    { 0x0144, 27 }, // U+0144
    { 0x0145, 12 }, // U+0145
    { 0x0146, 27 }, // U+0146
    { 0x0147, 12 }, // U+0147
    { 0x0148, 27 }, // U+0148
    { 0x014A, 12 }, // U+014A
    { 0x014B, 27 }, // U+014B
    { 0x014C, 13 }, // U+014C
    { 0x014D, 25 }, // U+014D
    { 0x014E, 13 }, // U+014E
    { 0x014F, 25 }, // U+014F
    { 0x0150, 13 }, // U+0150
    { 0x0151, 25 }, // U+0151
    { 0x0152, 13 }, // U+0152
    { 0x0153, 25 }, // U+0153
    { 0x0154, 12 }, // U+0154
    { 0x0155, 27 }, // U+0155
    { 0x0156, 12 }, // U+0156
    { 0x0157, 27 }, // U+0157
    { 0x0158, 12 }, // U+0158
    { 0x015A, 15 }, // U+015A
    { 0x015B, 28 }, // U+015B
    { 0x015C, 15 }, // U+015C
    { 0x015D, 28 }, // U+015D
    { 0x015E, 15 }, // U+015E
    { 0x015F, 28 }, // U+015F
    { 0x0160, 15 }, // U+0160
    { 0x0161, 28 }, // U+0161
    { 0x0162, 16 }, // U+0162
    { 0x0163, 29 }, // U+0163
    { 0x0164, 16 }, // U+0164
    { 0x0165, 29 }, // U+0165
    { 0x0166, 16 }, // U+0166
    { 0x0167, 29 }, // U+0167
    { 0x0168, 17 }, // U+0168
    { 0x0169, 30 }, // U+0169
    { 0x016A, 17 }, // U+016A
    { 0x016B, 30 }, // U+016B
    { 0x016C, 17 }, // U+016C
    { 0x016D, 30 }, // U+016D
    { 0x016E, 17 }, // U+016E
    { 0x016F, 30 }, // U+016F
    { 0x0170, 17 }, // U+0170
    { 0x0171, 30 }, // U+0171
    { 0x0172, 17 }, // U+0172
    { 0x0173, 30 }, // U+0173
    { 0x0174, 19 }, // U+0174
    { 0x0175, 32 }, // U+0175
    { 0x0176, 21 }, // U+0176
    { 0x0177, 34 }, // U+0177
    { 0x0178, 21 }, // U+0178
    { 0x0179, 22 }, // U+0179
    { 0x017A, 35 }, // U+017A
    { 0x017B, 22 }, // U+017B
    { 0x017C, 35 }, // U+017C
    { 0x017D, 22 }, // U+017D
    { 0x017E, 35 }, // U+017E
    { 0x01A0, 13 }, // U+01A0
    { 0x01A1, 25 }, // U+01A1
    { 0x01AF, 17 }, // U+01AF
    { 0x01B0, 30 }, // U+01B0
    { 0x01FA, 11 }, // U+01FA
    { 0x01FB, 23 }, // U+01FB
    { 0x01FC, 38 }, // U+01FC
    { 0x01FD, 23 }, // U+01FD
    { 0x01FE, 13 }, // U+01FE
    { 0x01FF, 25 }, // U+01FF
    { 0x0218, 15 }, // U+0218
    { 0x0219, 28 }, // U+0219
    { 0x021A, 16 }, // U+021A
    { 0x021B, 29 }, // U+021B
    { 0x0402, 41 }, // U+0402
    { 0x040B, 41 }, // U+040B
    { 0x040E, 42 }, // U+040E
    { 0x0416, 41 }, // U+0416
    { 0x0422, 41 }, // U+0422
    { 0x0423, 42 }, // U+0423
    { 0x0425, 41 }, // U+0425
    { 0x0427, 43 }, // U+0427
    { 0x042A, 41 }, // U+042A
    { 0x042F, 44 }, // U+042F
    { 0x0431, 45 }, // U+0431
    { 0x0436, 46 }, // U+0436
    { 0x0443, 47 }, // U+0443
    { 0x0445, 46 }, // U+0445
    { 0x0447, 48 }, // U+0447
    { 0x0451, 49 }, // U+0451
    { 0x0456, 50 }, // U+0456
    { 0x045E, 47 }, // U+045E
    { 0x0460, 51 }, // U+0460
    { 0x0462, 16 }, // U+0462
    { 0x0466, 52 }, // U+0466
    { 0x046A, 53 }, // U+046A
    { 0x046E, 54 }, // U+046E
    { 0x0472, 51 }, // U+0472
    { 0x0473, 55 }, // U+0473
    { 0x0478, 51 }, // U+0478
    { 0x0479, 55 }, // U+0479
    { 0x047A, 51 }, // U+047A
    { 0x047B, 55 }, // U+047B
    { 0x047C, 51 }, // U+047C
    { 0x047D, 25 }, // U+047D
    { 0x047E, 51 }, // U+047E
    { 0x0480, 51 }, // U+0480
    { 0x0481, 55 }, // U+0481
    { 0x0496, 53 }, // U+0496
    { 0x0498, 54 }, // U+0498
    { 0x0499, 56 }, // U+0499
    { 0x04A0, 57 }, // U+04A0
    { 0x04A1, 58 }, // U+04A1
    { 0x04A8, 51 }, // U+04A8
    { 0x04A9, 55 }, // U+04A9
    { 0x04AA, 51 }, // U+04AA
    { 0x04AB, 55 }, // U+04AB
    { 0x04AC, 57 }, // U+04AC
    { 0x04AD, 58 }, // U+04AD
    { 0x04B2, 53 }, // U+04B2
    { 0x04B4, 57 }, // U+04B4
    { 0x04B5, 58 }, // U+04B5
    { 0x04B6, 59 }, // U+04B6
    { 0x04B7, 60 }, // U+04B7
    { 0x04B8, 43 }, // U+04B8
    { 0x04B9, 48 }, // U+04B9
    { 0x04C1, 41 }, // U+04C1
    { 0x04C2, 46 }, // U+04C2
    { 0x04CB, 59 }, // U+04CB
    { 0x04CC, 60 }, // U+04CC
    { 0x04D0, 52 }, // U+04D0
    { 0x04D2, 52 }, // U+04D2
    { 0x04D4, 38 }, // U+04D4
    { 0x04D5, 61 }, // U+04D5
    { 0x04D7, 55 }, // U+04D7
    { 0x04D8, 51 }, // U+04D8
    { 0x04D9, 61 }, // U+04D9
    { 0x04DA, 51 }, // U+04DA
    { 0x04DC, 41 }, // U+04DC
    { 0x04DD, 46 }, // U+04DD
    { 0x04E0, 54 }, // U+04E0
    { 0x04E1, 35 }, // U+04E1
    { 0x04E6, 51 }, // U+04E6
    { 0x04E7, 55 }, // U+04E7
    { 0x04E8, 51 }, // U+04E8
    { 0x04E9, 55 }, // U+04E9
    { 0x04EA, 51 }, // U+04EA
    { 0x04EB, 55 }, // U+04EB
    { 0x04EE, 42 }, // U+04EE
    { 0x04EF, 62 }, // U+04EF
    { 0x04F0, 42 }, // U+04F0
    { 0x04F1, 62 }, // U+04F1
    { 0x04F2, 42 }, // U+04F2
    { 0x04F3, 62 }, // U+04F3
    { 0x04F4, 43 }, // U+04F4
    { 0x04F5, 48 }, // U+04F5
    { 0x04FC, 53 }, // U+04FC
    { 0x04FE, 53 }, // U+04FE
    { 0x1EA0, 11 }, // U+1EA0
    { 0x1EA1, 23 }, // U+1EA1
    { 0x1EA2, 11 }, // U+1EA2
    { 0x1EA3, 23 }, // U+1EA3
    { 0x1EA4, 11 }, // U+1EA4
    { 0x1EA5, 23 }, // U+1EA5
    { 0x1EA6, 11 }, // U+1EA6
    { 0x1EA7, 23 }, // U+1EA7
    { 0x1EA8, 11 }, // U+1EA8
    { 0x1EA9, 23 }, // U+1EA9
    { 0x1EAA, 11 }, // U+1EAA
    { 0x1EAB, 23 }, // U+1EAB
    { 0x1EAC, 11 }, // U+1EAC
    { 0x1EAD, 23 }, // U+1EAD
    { 0x1EAE, 11 }, // U+1EAE
    { 0x1EAF, 23 }, // U+1EAF
    { 0x1EB0, 11 }, // U+1EB0
    { 0x1EB1, 23 }, // U+1EB1
    { 0x1EB2, 11 }, // U+1EB2
    { 0x1EB3, 23 }, // U+1EB3
    { 0x1EB4, 11 }, // U+1EB4
    { 0x1EB5, 23 }, // U+1EB5
    { 0x1EB6, 11 }, // U+1EB6
    { 0x1EB7, 23 }, // U+1EB7
    { 0x1EB8, 12 }, // U+1EB8
    { 0x1EB9, 25 }, // U+1EB9
    { 0x1EBA, 12 }, // U+1EBA
    { 0x1EBB, 25 }, // U+1EBB
    { 0x1EBC, 12 }, // U+1EBC
    { 0x1EBD, 25 }, // U+1EBD
    { 0x1EBE, 12 }, // U+1EBE
    { 0x1EBF, 25 }, // U+1EBF
    { 0x1EC0, 12 }, // U+1EC0
    { 0x1EC1, 25 }, // U+1EC1
    { 0x1EC2, 12 }, // U+1EC2
    { 0x1EC3, 25 }, // U+1EC3
    { 0x1EC4, 12 }, // U+1EC4
    { 0x1EC5, 25 }, // U+1EC5
    { 0x1EC6, 12 }, // U+1EC6
    { 0x1EC7, 25 }, // U+1EC7
    { 0x1EC9, 27 }, // U+1EC9
    { 0x1ECB, 27 }, // U+1ECB
    { 0x1ECC, 13 }, // U+1ECC
    { 0x1ECD, 25 }, // U+1ECD
    { 0x1ECE, 13 }, // U+1ECE
    { 0x1ECF, 25 }, // U+1ECF
    { 0x1ED0, 13 }, // U+1ED0
    { 0x1ED1, 25 }, // U+1ED1
    { 0x1ED2, 13 }, // U+1ED2
    { 0x1ED3, 25 }, // U+1ED3
    { 0x1ED4, 13 }, // U+1ED4
    { 0x1ED5, 25 }, // U+1ED5
    { 0x1ED6, 13 }, // U+1ED6
    { 0x1ED7, 25 }, // U+1ED7
    { 0x1ED8, 13 }, // U+1ED8
    { 0x1ED9, 25 }, // U+1ED9
    { 0x1EDA, 13 }, // U+1EDA
    { 0x1EDB, 25 }, // U+1EDB
    { 0x1EDC, 13 }, // U+1EDC
    { 0x1EDD, 25 }, // U+1EDD
    { 0x1EDE, 13 }, // U+1EDE
    { 0x1EDF, 25 }, // U+1EDF
    { 0x1EE0, 13 }, // U+1EE0
    { 0x1EE1, 25 }, // U+1EE1
    { 0x1EE2, 13 }, // U+1EE2
    { 0x1EE3, 25 }, // U+1EE3
    { 0x1EE4, 17 }, // U+1EE4
    { 0x1EE5, 30 }, // U+1EE5
    { 0x1EE6, 17 }, // U+1EE6
    { 0x1EE7, 30 }, // U+1EE7
    { 0x1EE8, 17 }, // U+1EE8
    { 0x1EE9, 30 }, // U+1EE9
    { 0x1EEA, 17 }, // U+1EEA
    { 0x1EEB, 30 }, // U+1EEB
    { 0x1EEC, 17 }, // U+1EEC
    { 0x1EED, 30 }, // U+1EED
    { 0x1EEE, 17 }, // U+1EEE
    { 0x1EEF, 30 }, // U+1EEF
    { 0x1EF0, 17 }, // U+1EF0
    { 0x1EF1, 30 }, // U+1EF1
    { 0x1EF2, 21 }, // U+1EF2
    { 0x1EF3, 34 }, // U+1EF3
    { 0x1EF4, 21 }, // U+1EF4
    { 0x1EF5, 34 }, // U+1EF5
    { 0x1EF6, 21 }, // U+1EF6
    { 0x1EF7, 34 }, // U+1EF7
    { 0x1EF8, 21 }, // U+1EF8
    { 0x1EF9, 34 }, // U+1EF9
    { 0x2018, 63 }, // U+2018
    { 0x2019, 5 }, // U+2019
    { 0x201A, 7 }, // U+201A
    { 0x201C, 63 }, // U+201C
    { 0x201D, 5 }, // U+201D
    { 0x201E, 7 }, // U+201E
    { 0x2026, 7 }, // U+2026
    { 0x2039, 36 }, // U+2039
    { 0x203A, 36 }, // U+203A
    { 0x207E, 64 }, // U+207E
    { 0x208E, 65 }, // U+208E
};

static const int8_t notoserif_6_boldKernMatrix[] = {
       0,    0,    0,    0,    0,    0,    0,    0,    0,    0,  -16,    0,    0,    0,    0,    0,    0,    0,    0,    0,    0,    0,    0,    0,   -4,  -12,    0,    0,    0,    0,    0,    0,    0,    0,    0,    0,    0,  -24,    0,    0,    0,    0,    0,    0,    0,    0,    0,    0,    0,    0,    0,  -16,    0,    0,    0,    0,    0,    0,    0,    0,    0,    0,    0,    0,    0,
       0,    0,    0,    0,    0,    0,    0,    0,   -6,    0,    0,    0,    0,    0,    0,   -6,    0,   -8,   -8,    0,   -6,    0,    0,    0,    0,    0,    0,    0,    0,    0,    0,    0,    0,    0,    0,    0,    0,    0,    0,    0,    0,    0,    0,    0,    0,    0,    0,    0,    0,    0,    0,    0,    0,    0,    0,    0,    0,    0,    0,    0,    0,    0,    0,    0,    0,
       0,    0,   -2,    0,    0,  -24,  -24,    0,    0,    0,  -10,    0,    0,    0,    0,    0,    0,    0,    0,    0,    0,    0,    0,    0,    0,    0,    0,    0,    0,    0,    0,    0,    0,    0,    0,    0,    0,  -16,    0,    0,    0,    0,    0,    0,    0,    0,    0,    0,    0,    0,    0,  -10,    0,    0,    0,    0,    0,    0,    0,    0,    0,    0,    0,    0,    0,
       0,    0,    0,    0,    0,    0,    0,    0,  -18,    0,    0,    0,   -4,    0,    0,  -18,   -4,  -22,  -18,    0,  -16,    0,    0,    0,    0,    0,    0,    0,    0,    0,  -14,  -12,    0,  -10,    0,    0,    0,    0,    0,    0,    0,    0,    0,    0,    0,    0,    0,    0,    0,    0,   -4,    0,    0,    0,    0,    0,  -18,  -14,  -16,  -10,    0,  -10,    0,    0,    0,
       0,    0,    0,    0,    0,    0,    0,    0,    0,    0,   -6,    0,    0,    0,    0,    0,    0,    0,    0,    0,   -2,    0,    0,    0,    0,    0,    0,    0,    0,    0,    0,    0,    0,    0,    0,    0,    0,    0,    0,    0,    0,    0,    0,    0,    0,    0,    0,    0,    0,    0,    0,    0,    0,    0,    0,    0,    0,    0,    0,    0,    0,    0,    0,    0,    0,
       0,  -16,    0,    0,  -14,    0,    0,    0,  -12,    0,    0,    0,   -4,    0,    0,  -12,   -4,  -16,  -14,    0,  -14,    0,    0,    0,   -4,   -4,    0,    0,    0,   -4,  -12,   -6,    0,  -10,    0,    0,    0,    0,    0,    0,    0,    0,    0,    0,    0,    0,    0,    0,    0,    0,    0,    0,    0,    0,    0,    0,    0,    0,    0,    0,    0,    0,  -14,    0,    0,
       0,    0,    0,    0,   -4,    0,    0,    0,   -4,    0,   -4,    0,    0,    0,    0,   -4,    0,   -8,   -6,   -4,   -8,   -4,    0,    0,    0,    0,    0,    0,    0,    0,    0,   -2,    0,   -4,    0,    0,    0,   -6,    0,    0,    0,    0,    0,    0,    0,    0,    0,    0,    0,    0,    0,   -4,    0,    0,    0,    0,   -4,    0,    0,    0,    0,    0,    0,    0,    0,
       0,    0,    0,    0,    0,   -4,   -4,    0,   -4,    0,   -4,    0,    0,    0,    0,   -4,    0,   -4,   -4,   -4,   -6,    0,    0,    0,    0,    0,    0,    0,    0,    0,    0,    0,    0,    0,    0,    0,    0,  -10,    0,    0,    0,    0,    0,    0,    0,    0,    0,    0,    0,    0,    0,   -4,   -4,    0,    0,    0,   -4,    0,    0,    0,    0,    0,    0,    0,    0,
       0,    0,    0,    0,    0,    0,    0,    0,    0,    0,    0,    0,    0,    0,    0,    0,    0,   -4,   -4,    0,   -4,    0,    0,    0,    0,    0,    0,    0,    0,    0,    0,    0,    0,    0,    0,    0,    0,    0,    0,    0,    0,    0,    0,    0,    0,    0,    0,    0,    0,    0,    0,    0,    0,    0,    0,    0,    0,    0,    0,    0,    0,    0,    0,    0,    0,
       0,    0,   -4,    0,    0,  -24,  -24,    0,    0,   -8,  -14,    0,    0,    0,    0,    0,    0,    0,    0,    0,    0,    0,   -8,    0,   -8,   -8,    0,    0,    0,    0,    0,    0,    0,    0,    0,    0,    0,  -22,    0,    0,    0,    0,    0,    0,    0,    0,    0,    0,    0,    0,    0,    0,    0,    0,    0,    0,    0,    0,    0,    0,    0,    0,    0,    0,    0,
       0,    0,    0,    0,    0,    0,    0,    0,   -4,    0,    0,    0,    0,    0,    0,   -4,    0,   -4,   -4,    0,   -4,    0,    0,    0,    0,    0,    0,    0,    0,    0,    0,    0,    0,    0,    0,    0,    0,   -4,    0,    0,    0,    0,    0,    0,    0,    0,    0,    0,    0,    0,    0,    0,    0,    0,    0,    0,    0,    0,    0,    0,    0,    0,    0,    0,    0,
       0,    0,    0,    0,    0,    0,    0,    0,    0,    0,    0,    0,   -4,    0,    0,    0,    0,    0,    0,    0,    0,    0,    0,    0,   -4,   -4,    0,    0,    0,   -4,    0,   -6,    0,   -6,    0,    0,    0,    0,    0,    0,    0,    0,    0,    0,    0,    0,    0,    0,    0,    0,    0,    0,    0,    0,    0,    0,    0,    0,    0,    0,    0,    0,    0,    0,    0,
       0,  -12,    0,    0,  -16,    0,    0,    0,  -14,    0,    0,    0,    0,    0,    0,  -14,    0,  -10,  -10,    0,  -12,    0,    0,    0,    0,    0,    0,    0,    0,    0,   -4,   -2,    0,   -6,    0,    0,   -4,    0,    0,    0,    0,    0,    0,    0,    0,    0,    0,    0,    0,    0,    0,    0,    0,    0,    0,    0,    0,    0,    0,    0,    0,    0,  -16,    0,    0,
       0,    0,    0,    0,    0,    0,    0,    0,    0,    0,    0,    0,    0,    0,    0,    0,    0,    0,    0,    0,    0,    0,    0,    0,    0,    0,    0,    0,    0,    0,    0,    0,    0,    0,    0,   -2,    0,    0,    0,    0,    0,    0,    0,    0,    0,    0,    0,    0,    0,    0,    0,    0,    0,    0,    0,    0,    0,    0,    0,    0,    0,    0,    0,    0,    0,
       0,    0,    0,    0,   -4,    0,    0,    0,   -4,    0,    0,    0,   -4,    0,    0,   -4,   -2,   -6,   -6,    0,   -6,    0,    0,    0,    0,    0,    0,    0,    0,    0,   -2,   -2,    0,   -4,    0,    0,    0,    0,    0,    0,    0,    0,    0,    0,    0,    0,    0,    0,    0,    0,    0,    0,    0,    0,    0,    0,    0,    0,    0,    0,    0,    0,    0,    0,    0,
       0,    0,    0,    0,    0,    0,    0,    0,   -4,    0,   -4,    0,    0,    0,    0,   -4,    0,   -4,   -4,   -4,   -4,    0,    0,    0,    0,    0,    0,    0,    0,    0,    0,   -2,    0,   -4,    0,    0,    0,   -4,    0,    0,    0,    0,    0,    0,    0,    0,    0,    0,    0,    0,    0,   -4,    0,    0,    0,    0,   -4,    0,    0,    0,    0,    0,    0,    0,    0,
       0,    0,   -2,    0,    0,  -18,  -18,    0,    0,   -6,  -12,    0,   -4,    0,    0,    0,    0,    0,    0,    0,    0,    0,   -6,    0,   -8,   -8,    0,   -1,    0,    0,    0,    0,    0,    0,    0,    0,    0,  -16,    0,    0,    0,    0,    0,    0,    0,    0,    0,    0,    0,    0,    0,    0,    0,    0,    0,    0,    0,    0,    0,    0,    0,    0,    0,    0,    0,
       0,    0,    0,    0,    0,   -4,   -4,    0,    0,   -2,   -4,    0,    0,    0,    0,    0,    0,    0,    0,    0,    0,    0,    0,    0,    0,    0,    0,    0,    0,    0,    0,    0,    0,    0,    0,    0,    0,   -8,    0,    0,    0,    0,    0,    0,    0,    0,    0,    0,    0,    0,    0,    0,    0,    0,    0,    0,    0,    0,    0,    0,    0,    0,    0,    0,    0,
       0,    0,   -6,    0,    0,  -22,  -22,    0,    0,  -10,  -16,    0,   -4,    0,    0,    0,    0,    0,    0,    0,    0,    0,  -12,    0,  -12,  -12,    0,   -8,    0,    0,    0,    0,    0,    0,    0,    0,    0,  -26,    0,    0,    0,    0,    0,    0,    0,    0,    0,    0,    0,    0,    0,  -16,    0,    0,    0,    0,    0,    0,    0,    0,    0,    0,    0,    0,    0,
       0,    0,    0,    0,    0,  -18,  -18,    0,    0,  -10,  -14,    0,   -4,    0,    0,    0,    0,    0,    0,    0,    0,    0,  -13,    0,  -12,  -12,    0,  -10,    0,    0,    0,    0,    0,    0,   -6,    0,    0,  -26,    0,    0,    0,    0,    0,    0,    0,    0,    0,    0,    0,    0,    0,    0,    0,    0,    0,    0,    0,    0,    0,    0,    0,    0,    0,    0,    0,
       0,    0,    0,    0,    0,    0,    0,    0,    0,    0,    0,    0,   -4,    0,   -2,    0,    0,    0,    0,    0,    0,    0,    0,    0,    0,    0,    0,    0,    0,    0,    0,   -6,    0,  -10,    0,    0,    0,    0,    0,    0,    0,    0,    0,    0,    0,    0,    0,    0,    0,    0,    0,    0,    0,    0,    0,    0,    0,    0,    0,    0,    0,    0,    0,    0,    0,
       0,    0,   -2,    0,    0,  -16,  -16,    0,    0,   -8,  -14,    0,   -6,    0,   -4,    0,    0,    0,    0,    0,    0,    0,  -12,    0,  -14,  -14,    0,  -12,    0,    0,    0,    0,    0,    0,   -4,    0,    0,  -18,    0,    0,    0,    0,    0,    0,    0,    0,    0,    0,    0,    0,    0,  -14,    0,    0,    0,    0,    0,    0,    0,    0,    0,    0,    0,    0,    0,
       0,   -8,    0,    0,    0,    0,    0,    0,    0,    0,    0,    0,    0,    0,    0,    0,    0,    0,    0,    0,    0,    0,    0,    0,    0,    0,    0,    0,    0,    0,    0,    0,    0,   -4,    0,    0,    0,    0,    0,    0,    0,    0,    0,    0,    0,    0,    0,    0,    0,    0,    0,    0,    0,    0,    0,    0,    0,    0,   -6,   -4,    0,   -4,    0,    0,    0,
       0,    0,    0,    0,    0,    0,    0,    0,    0,    0,    0,    0,    0,    0,    0,    0,    0,  -12,  -12,    0,  -14,    0,    0,    0,    0,    0,    0,    0,    0,    0,    0,    0,    0,   -4,    0,    0,    0,    0,    0,    0,    0,    0,    0,    0,    0,    0,    0,    0,    0,    0,    0,    0,    0,    0,    0,    0,    0,    0,   -6,    0,    0,   -4,    0,    0,    0,
       0,    0,    0,    0,    0,    0,    0,    0,    0,    0,    0,    0,    0,    0,    0,    0,    0,  -12,  -12,    0,  -12,    0,    0,    0,    0,    0,    0,    0,    0,    0,    0,    0,    0,    0,    0,    0,    0,    0,    0,    0,    0,    0,    0,    0,    0,    0,    0,    0,    0,    0,    0,    0,    0,    0,    0,    0,    0,    0,    0,    0,    0,    0,    0,    0,    0,
       0,   16,    0,   18,   16,    0,    0,    0,    0,    0,    0,    0,    0,    0,    0,    0,    0,    0,    0,    0,    0,    0,    0,    0,    0,    0,    0,    0,    0,    0,    0,    0,    0,    0,    0,    0,    0,    0,    8,    8,    0,    0,    0,    0,    0,    0,    0,    0,    0,    0,    0,    0,    0,    0,    0,    0,    0,    0,    0,    0,    0,    0,    0,    0,    0,
       0,    0,    0,    0,    0,    0,    0,    0,    0,    0,    0,    0,    0,    0,    0,    0,    0,    0,   -4,    0,    0,    0,    0,    0,    0,    0,    0,    0,    0,    0,    0,    0,    0,    0,    0,    0,    0,    0,    0,    0,    0,    0,    0,    0,    0,    0,    0,    0,    0,    0,    0,    0,    0,    0,    0,    0,    0,    0,    0,    0,    0,    0,    0,    0,    0,
       0,    0,    0,    0,    0,    0,    0,    0,    0,    0,    0,    0,    0,    0,    0,    0,    0,    0,    0,    0,    0,    0,    0,    0,   -4,   -4,    0,    0,    0,    0,    0,    0,    0,    0,    0,    0,    0,    0,    0,    0,    0,    0,    0,    0,    0,    0,    0,    0,    0,    0,    0,    0,    0,    0,    0,    0,    0,    0,    0,    0,    0,    0,    0,    0,    0,
       0,    0,    0,    0,    6,  -28,  -28,    0,    0,    0,    0,    0,    0,    0,    0,    0,    0,    0,    0,    0,    0,    0,   -4,    0,    0,    0,    0,    0,    0,    0,    0,    0,    0,    0,    0,    0,    0,    0,    0,    0,    0,    0,    0,    0,    0,    0,    0,    0,    0,    0,    0,    0,    0,    0,    0,    0,    0,    0,    0,    0,    0,    0,    0,    0,    0,
       0,    0,    0,    0,    0,    0,    0,    0,    0,    0,    0,    0,    0,    0,    0,    0,    0,    0,    0,    0,  -12,    0,    0,    0,    0,    0,    0,    0,    0,    0,    0,    0,    0,    0,    0,    0,    0,    0,    0,    0,    0,    0,    0,    0,    0,    0,    0,    0,    0,    0,    0,    0,    0,    0,    0,    0,    0,    0,   -4,    0,    0,    0,    0,    0,    0,
       0,    0,    0,    0,    0,  -10,  -14,    0,    0,    0,  -12,    0,    0,    0,    0,    0,    0,    0,    0,    0,    0,    0,    0,    0,    0,    0,    0,    0,    0,    0,    0,    0,    0,    0,    0,    0,    0,    0,    0,    0,    0,    0,    0,    0,    0,    0,    0,    0,    0,    0,    0,    0,    0,    0,    0,    0,    0,    0,    0,    0,    0,    0,    0,    0,    0,
       0,    0,    0,    0,    0,  -14,  -14,    0,    0,    0,   -6,    0,    0,    0,    0,    0,    0,    0,    0,    0,    0,    0,    0,    0,    0,    0,    0,    0,    0,    0,    0,    0,    0,    0,    0,    0,    0,    0,    0,    0,    0,    0,    0,    0,    0,    0,    0,    0,    0,    0,    0,    0,    0,    0,    0,    0,    0,    0,    0,    0,    0,    0,    0,    0,    0,
       0,    0,    0,    0,    0,  -18,  -18,    0,    0,    0,  -10,    0,    0,    0,    0,    0,    0,    0,    0,    0,    0,    0,    0,    0,    0,    0,    0,    0,    0,    0,    0,    0,    0,    0,    0,    0,    0,    0,    0,    0,    0,    0,    0,    0,    0,    0,    0,    0,    0,    0,    0,    0,    0,    0,    0,    0,    0,    0,    0,    0,    0,    0,    0,    0,    0,
       0,    0,    0,    0,    0,    0,    0,    0,    0,    0,    0,    0,    0,    0,    0,    0,    0,   -6,   -4,    0,   -6,    0,    0,    0,    0,    0,    0,    0,    0,    0,    0,    0,    0,    0,    0,    0,    0,    0,    0,    0,    0,    0,    0,    0,    0,    0,    0,    0,    0,    0,    0,    0,    0,    0,    0,    0,    0,    0,    0,    0,    0,    0,    0,    0,    0,
       0,    0,    0,    0,    0,    0,    0,    0,   -4,    0,    0,    0,    0,    0,    0,   -4,    0,  -10,  -10,    0,  -10,    0,    0,    0,    0,    0,    0,    0,    0,    0,    0,    0,    0,    0,    0,    0,    0,    0,    0,    0,    0,    0,    0,    0,    0,    0,    0,    0,    0,    0,    0,    0,    0,    0,    0,    0,    0,    0,    0,    0,    0,    0,    0,    0,    0,
       0,  -16,    0,    0,  -14,    0,    0,    0,  -12,    0,    0,    0,   -4,    0,    0,  -12,   -4,  -16,  -14,    0,  -14,    0,    0,    0,   -4,   -4,    0,    0,    0,   -4,  -10,   -6,    0,  -10,    0,    0,    0,    0,    0,    0,    0,    0,    0,    0,    0,    0,    0,    0,    0,    0,    0,    0,    0,    0,    0,    0,    0,    0,    0,    0,    0,    0,  -14,    0,    0,
      12,   16,    0,   25,    8,    0,    0,    0,   26,    0,    0,   10,    0,   12,    0,   10,   14,   16,   14,   14,   20,    8,    0,   18,    0,    0,    0,    0,    0,    0,    0,    0,    0,    0,    0,    0,    0,    0,    0,    0,    0,    0,    0,    0,    0,    0,    0,    0,    0,    0,    0,    0,    0,    0,    0,    0,    0,    0,    0,    0,    0,    0,    5,    0,    0,
       0,    0,    0,    0,    0,    0,    0,    0,    0,    0,    0,    0,    0,    0,    0,    0,    0,    0,    0,    0,    0,    0,    0,    0,    0,    0,    0,    0,    0,    0,    0,    0,    0,    0,    0,    0,    0,    0,    0,   12,    0,    0,    0,    0,    0,    0,    0,    0,    0,    0,    0,    0,    0,    0,    0,    0,    0,    0,    0,    0,    0,    0,    0,    0,    0,
       5,    9,    0,   17,    0,    0,    0,    0,    7,    0,    0,    0,    0,    0,    0,    0,    0,    0,    0,    0,    0,    0,    0,    8,    0,    0,    0,    0,    0,    0,    0,    0,    0,    0,    0,    0,    0,    0,    0,    0,    0,    0,    0,    0,    0,    0,    0,    0,    0,    0,    0,    0,    0,    0,    0,    0,    0,    0,    0,    0,    0,    0,    1,    0,    0,
       0,    0,    0,    0,    0,   -4,   -4,   -2,    4,    0,   -8,    0,    0,    0,    0,    4,    0,    4,    4,    0,    4,    0,   -4,    0,   -4,   -4,   -2,   -4,   -2,    0,   -4,   -4,   -4,   -4,    0,    0,    0,    0,    0,    0,    0,    0,    0,    0,    0,    0,    0,    0,    0,    0,    0,    0,    0,    0,    0,    0,    0,    0,    0,    0,    0,    0,    0,    0,    0,
       0,    0,    0,    0,    4,   -4,   -4,    0,    0,    0,    0,    0,    0,    0,    0,    0,    0,    0,    0,    0,    0,    0,    0,    0,    0,    0,    4,    0,    6,    4,    6,    6,    0,    6,    0,    0,    0,    0,    0,    0,    0,    0,    0,    0,    0,    0,    0,    0,    0,    0,    0,    0,    0,    0,    0,    0,    0,    0,    0,    0,    0,    0,    0,    0,    0,
       0,    0,    0,    0,    0,   -4,   -4,   -2,    0,    0,  -12,    0,   -4,    0,    0,    0,    0,    0,    0,    0,    0,    0,  -10,    0,  -10,  -10,   -6,  -12,   -2,   -6,   -4,   -4,    0,   -4,   -6,    0,    0,    0,    0,    0,    0,    0,    0,    0,    0,    0,    0,    0,    0,    0,    0,    0,    0,    0,    0,    0,    0,    0,    0,    0,    0,    0,    0,    0,    0,
       0,    0,    0,    0,    4,   -2,   -2,    0,    0,    0,    0,    0,    0,    0,    0,    0,    0,    0,    0,    0,    0,    0,    0,    0,    0,    0,    4,    0,    6,    0,    6,    0,    0,    0,    0,    0,    0,    0,    0,    0,    0,    0,    0,    0,    0,    0,    0,    0,    0,    0,    0,    0,    0,    0,    0,    0,    0,    0,    0,    0,    0,    0,    0,    0,    0,
       0,  -11,    0,    0,    0,    0,    0,    0,   -1,    0,    0,    0,    0,    0,    0,   -1,    0,    0,    0,    0,    0,    0,    0,    0,    0,    0,    0,    0,    0,    0,    0,    0,    0,    0,    0,    0,    0,    0,    0,    0,    0,  -10,   -8,    0,    0,   -2,   -8,   -6,    0,    0,    0,    0,    0,    0,    0,    0,   -6,    0,    0,    0,    0,    0,   -4,    0,    0,
       0,    0,    0,    0,    0,    0,    0,    0,    0,    0,    0,    0,    0,    0,    0,    0,    0,    0,    0,    0,    0,    0,    0,    0,    0,    0,    0,    0,    0,    0,    0,    0,    0,    0,    0,    0,    0,    0,    0,    0,    0,    0,    0,    0,    0,    0,    0,    0,    0,    0,    0,    0,    0,    0,    0,    0,   -6,    0,    0,    0,    0,    0,    0,    0,    0,
       0,    0,    0,    0,    0,    0,    0,    0,    0,    0,    0,    0,    0,    0,    0,    0,    0,    0,    0,    0,    0,    0,    0,    0,    0,    0,    0,    0,    0,    0,    0,    0,    0,    0,    0,    0,    0,    0,    0,    0,    0,    0,    0,    0,    0,    0,    0,    0,  -11,   -4,    0,    0,    0,    0,    0,    0,    0,    0,    0,    0,    0,    0,    0,    0,    0,
       0,    0,    0,    0,    0,    0,    0,    0,   -3,    0,    0,    0,    0,    0,    0,   -3,    0,    0,    0,    0,    0,    0,    0,    0,    0,    0,    0,    0,    0,    0,    0,    0,    0,    0,    0,    0,    0,    0,    0,    0,   -4,   -2,    0,    0,    0,    0,    0,    0,    0,    0,    0,    0,    0,    0,    0,    0,   -6,    0,   -6,   -2,    0,    0,    0,    0,    0,
       0,    0,    0,    0,    0,    0,    0,    0,    0,    0,    0,    0,    0,    0,    0,    0,    0,    0,    0,    0,    0,    0,    0,    0,    0,    0,    0,    0,    0,    0,    0,    0,    0,    0,    0,    0,    0,    0,    0,    0,    0,    0,    0,    0,    0,    0,    0,    0,    0,    0,    0,    0,    0,    0,    0,    0,   -6,    0,   -6,   -2,    0,    0,    0,    0,    0,
       0,    0,    0,    0,    0,    0,    0,    0,    0,    0,    0,    0,    0,    0,    0,    0,    0,    0,    0,    0,    0,    0,    0,    0,    0,    0,    0,    0,    0,    0,    0,    0,    0,    0,    0,    0,    0,    0,    0,    0,    0,    0,   -6,    0,    0,    0,    0,    0,    0,    0,    0,    0,    0,    0,    0,    0,   -6,    0,   -6,   -2,    0,    0,    0,    0,    0,
       0,    0,    0,    0,    0,    0,    0,    0,    0,    0,    0,    0,    0,    0,    0,    0,    0,    0,    0,    0,    0,    0,    0,    0,    0,    0,    0,    0,    0,    0,    0,    0,    0,    0,    0,    0,    0,    0,    0,    0,    0,    0,   -2,    0,    0,    0,    0,    0,    0,    0,    0,    0,    0,    0,    0,    0,    0,    0,    0,    0,    0,    0,   -1,    0,    0,
       0,    0,    0,    0,    0,   -4,   -4,    0,    0,    0,    0,    0,    0,    0,    0,    0,    0,    0,    0,    0,    0,    0,    0,    0,    0,    0,    0,    0,    0,    0,    0,    0,    0,    0,    0,    0,    0,  -10,    0,    0,    0,    0,    0,    0,    0,    0,    0,    0,    0,    0,    0,   -4,   -4,    0,    0,    0,   -4,    0,   -4,    0,    0,    0,    0,    0,    0,
       0,   -6,    0,    0,  -10,    0,    0,    0,    0,    0,    0,    0,    0,    0,    0,    0,    0,    0,    0,    0,    0,    0,    0,    0,    0,    0,    0,    0,    0,    0,    0,    0,    0,    0,    0,    0,    0,    0,    0,    0,    0,    0,    0,    0,    0,    0,    0,    0,    0,    0,    0,    0,    0,    0,    0,    0,   -6,    0,   -6,   -4,    0,    0,   -6,    0,    0,
       0,    0,    0,    0,    0,    0,    0,    0,    0,    0,    0,    0,    0,    0,    0,    0,    0,    0,    0,    0,    0,    0,    0,    0,    0,    0,    0,    0,    0,    0,    0,    0,    0,    0,    0,    0,    0,    0,    0,    0,    0,    0,    0,    0,    0,    0,    0,    0,    0,    0,    0,    0,    0,    0,    0,    0,    0,    0,   -6,    0,    0,    0,    0,    0,    0,
       0,  -16,    0,    0,  -14,    0,    0,    0,  -12,    0,    0,    0,   -4,    0,    0,  -12,    0,  -16,    0,    0,  -14,    0,    0,    0,   -4,   -4,    0,    0,    0,   -4,    0,   -6,    0,  -10,    0,    0,    0,    0,    0,    0,    0,    0,    0,    0,    0,    0,    0,    0,    0,    0,   -4,    0,    0,    0,    0,    0,  -12,   -8,  -18,   -8,    0,    0,  -14,    0,    0,
       0,    0,    0,    0,    0,    0,    0,    0,    0,    0,    0,    0,   -4,    0,    0,    0,    0,    0,    0,    0,    0,    0,    0,    0,   -4,   -4,    0,    0,    0,   -4,    0,   -6,    0,   -6,    0,    0,    0,    0,    0,    0,    0,    0,    0,    0,   -4,    0,    0,    0,    0,    0,   -4,    0,    0,   -4,   -4,    0,    0,   -6,   -4,   -4,    0,   -4,    0,    0,    0,
       0,    0,    0,    0,    0,   -4,   -4,    0,    0,    0,    0,    0,    0,    0,    0,    0,    0,    0,    0,    0,    0,    0,    0,    0,    0,    0,    0,    0,    0,    0,    0,   -2,    0,   -4,    0,    0,    0,   -6,    0,    0,    0,    0,    0,    0,    0,    0,    0,    0,    0,    0,    0,   -4,   -4,    0,    0,    0,    0,   -4,   -8,    0,    0,    0,    0,    0,    0,
       0,    0,    0,    0,    0,  -20,  -20,    0,    0,    0,    0,    0,   -4,    0,    0,    0,    0,    0,    0,    0,    0,    0,  -12,    0,  -12,  -12,    0,   -8,    0,    0,    0,    0,    0,    0,    0,    0,    0,  -26,    0,    0,    0,    0,    0,    0,    0,    0,    0,    0,    0,    0,   -4,  -20,    0,   -4,   -8,   -6,    0,    0,    0,    0,   -8,    0,    0,    0,    0,
       0,    0,    0,    0,    0,  -18,  -18,    0,    0,    0,    0,    0,    0,    0,    0,    0,    0,    0,    0,    0,    0,    0,    0,    0,    0,    0,    0,    0,    0,    0,    0,    0,    0,    0,    0,    0,    0,    0,    0,    0,    0,    0,    0,    0,    0,    0,    0,    0,    0,    0,    0,    0,    0,    0,    0,    0,    0,    0,    0,    0,    0,    0,    0,    0,    0,
       0,    0,    0,    0,    0,  -24,  -24,    0,    0,    0,    0,    0,    0,    0,    0,    0,    0,    0,    0,    0,    0,    0,    0,    0,    0,    0,    0,    0,    0,    0,    0,    0,    0,    0,    0,    0,    0,  -16,    0,    0,    0,    0,    0,    0,    0,    0,    0,    0,    0,    0,    0,  -10,    0,    0,    0,    0,    0,    0,    0,    0,    0,    0,    0,    0,    0,
       0,    0,    0,    0,    0,  -18,  -18,    0,    0,    0,    0,    0,   -4,    0,    0,    0,    0,    0,    0,    0,    0,    0,   -6,    0,   -6,   -6,    0,   -2,    0,    0,    0,    0,    0,    0,    0,    0,    0,  -16,    0,    0,    0,    0,    0,   -4,    0,    0,    0,    0,    0,    0,   -4,  -12,    0,    0,   -6,   -6,    0,    0,    0,    0,   -6,    0,    0,    0,    0,
       0,    0,    0,    0,    6,  -14,  -14,    0,    0,    0,    0,    0,    0,    0,    0,    0,    0,    0,    0,    0,    0,    0,    0,    0,    0,    0,    0,    0,    0,    0,    0,    0,    0,    0,    0,    0,    0,    0,    0,    0,    0,    0,    0,    0,    0,    0,    0,    0,    0,    0,    0,   -6,    0,    0,    0,    0,    0,    0,    0,    0,    0,    0,    0,    0,    0,
       0,  -12,    0,    0,  -14,    0,    0,    0,  -14,    0,    0,    0,    0,    0,    0,  -14,    0,    0,    0,    0,    0,    0,    0,    0,    0,    0,    0,    0,    0,    0,    0,    0,    0,    0,    0,    0,    0,    0,    0,    0,    0,    0,    0,    0,    0,    0,    0,    0,    0,    0,    0,    0,    0,    0,    0,    0,  -14,    0,  -14,    0,    0,   -6,    0,    0,    0,
       0,    0,    0,    0,    0,    0,    0,    0,    0,    0,    0,    0,    0,    0,    0,    0,    0,    0,    0,    0,    0,    0,    0,    0,   -4,   -4,    0,    0,    0,    0,    0,    0,    0,    0,    0,    0,    0,    0,    0,    0,    0,    0,    0,    0,    0,    0,    0,    0,    0,    0,    0,    0,    0,    0,   -4,    0,    0,    0,    0,    0,   -4,    0,    0,    0,    0,
       0,    0,    0,    4,    0,    0,    0,    0,    0,    0,    0,    0,    0,    0,    0,    0,    0,    0,    0,    0,    0,    0,    0,    0,    0,    0,    0,    0,    0,    0,    0,    0,    0,    0,    0,    0,    0,    0,    0,    0,    0,    0,    0,    0,    0,    0,    0,    0,    0,    0,    0,    0,    0,    0,    0,    0,    0,    0,    0,    0,    0,    0,    0,    0,    0,
       0,    0,    0,    0,    0,    0,    0,    0,    0,    0,    0,    0,   -4,    0,    0,    0,    0,    0,    0,    0,    0,    0,    0,    0,   -4,   -4,    0,    0,    0,   -4,    0,   -6,    0,  -10,    0,    0,    0,    0,    0,    0,    0,    0,    0,    0,    0,    0,    0,    0,    0,    0,   -4,    0,    0,   -4,    0,    0,    0,   -8,   -4,    0,    0,   -6,    0,    0,    0,
       0,    0,    0,    0,    0,    0,    0,    0,    0,    0,    0,    0,    0,    0,    0,    0,    0,    0,    0,    0,    0,    0,    0,    0,    0,    0,    0,    0,    0,    0,    0,    0,    0,    0,    0,    0,    0,    0,    0,    0,    0,    0,    0,    0,    0,    0,    0,    0,    0,    0,    0,    0,    0,    0,    0,    0,    0,   -4,    0,    0,    0,    0,    0,    0,    0,
       0,    0,    0,    0,    0,    0,    0,    0,    0,    0,  -14,    0,    0,    0,    0,    0,    0,    0,    0,    0,    0,    0,    0,    0,    0,    0,    0,    0,    0,    0,    0,    0,    0,    0,    0,    0,    0,  -28,    0,    0,    0,    0,    0,    0,    0,    0,    0,    0,    0,    0,    0,  -14,    0,    0,    0,    0,    0,    0,    0,    0,    0,    0,    0,    0,    0,
       0,    0,    0,    0,    0,    0,    0,    0,    0,    0,  -20,    0,   -4,    0,    0,    0,    0,    0,    0,    0,    0,    0,   -6,    0,   -8,   -8,    0,  -10,    0,    0,    0,    0,    0,    0,    0,    0,    0,    0,    0,    2,    0,    0,    0,    0,    0,    0,    0,    0,    0,    0,    0,    0,    0,    0,    0,    0,    0,    0,    0,    0,    0,    0,    0,    0,    0,
       0,    0,    0,    0,    0,    0,    0,    0,    0,    0,    0,    0,    0,    0,    0,    0,    0,    0,    0,    0,    0,    0,    0,    0,    0,    0,    0,    0,    0,    0,    0,    0,    0,    0,    0,    0,    0,    0,    0,    0,    0,    0,    0,    0,    0,    0,    0,    0,    0,    0,    0,    0,    0,    0,    0,    0,    0,    0,    0,    0,    0,    0,    0,   16,    0,
       0,    0,    0,    0,    0,    0,    0,    0,    0,    0,    0,    0,    0,    0,    0,    0,    0,    0,    0,    0,    0,    0,    0,    0,    0,    0,    0,    0,    0,    0,    0,    0,    0,    0,    0,    0,    0,    0,    0,    0,    0,    0,    0,    0,    0,    0,    0,    0,    0,    0,    0,    0,    0,    0,    0,    0,    0,    0,    0,    0,    0,    0,    0,    0,   16,
};

static const EpdLigaturePair notoserif_6_boldLigaturePairs[] = {
    { 0x00660066, 0xFB00 }, // f f -> U+FB00
    { 0x00660069, 0xFB01 }, // f i -> U+FB01
    { 0x0066006C, 0xFB02 }, // f l -> U+FB02
    { 0xFB000069, 0xFB03 }, // U+FB00 i -> U+FB03
    { 0xFB00006C, 0xFB04 }, // U+FB00 l -> U+FB04
};

static const EpdFontData notoserif_6_bold = {
    notoserif_6_boldBitmaps,
    notoserif_6_boldGlyphs,
    notoserif_6_boldIntervals,
    18,
    17,
    14,
    -4,
    true,
    notoserif_6_boldGroups,
    13,
    nullptr,
    notoserif_6_boldKernLeftClasses,
    notoserif_6_boldKernRightClasses,
    notoserif_6_boldKernMatrix,
    381,
    448,
    70,
    65,
    notoserif_6_boldLigaturePairs,
    5,
};
