/**
 * generated by fontconvert.py
 * name: notosans_18_regular
 * size: 18
 * mode: 2-bit  compressed: true
 * Command used: fontconvert.py notosans_18_regular 18 ../builtinFonts/source/NotoSans/NotoSans-Regular.ttf --2bit --compress --pnum
 */
#pragma once
#include "EpdFontData.h"

static const uint8_t notosans_18_regularBitmaps[25636] = {
    0x00, 0x07, 0x36, 0xAC, 0x15, 0x0F, 0x0B, 0x79, 0x89, 0x94, 0x11, 0x65, 0xE5, 0x97, 0xBB, 0xEA,
    0x80, 0x00, 0x02, 0x77, 0x0B, 0xA3, 0xAF, 0x5C, 0x95, 0xF3, 0xF6, 0x2A, 0x11, 0x40, 0x00, 0x42,
    0xC9, 0x35, 0xB6, 0xC5, 0xBF, 0x1E, 0x75, 0x5D, 0x3C, 0x7A, 0x6A, 0x09, 0x77, 0xCC, 0x49, 0xE3,
    0xB6, 0x27, 0x0F, 0xD8, 0x00, 0x95, 0x41, 0xBD, 0xD1, 0x4E, 0xFB, 0xE0, 0xD2, 0x91, 0x47, 0xBF,
    0xD6, 0xF1, 0xEE, 0x26, 0x55, 0x8D, 0x5E, 0x9E, 0xB5, 0x16, 0x40, 0x00, 0x41, 0xA8, 0x32, 0x66,
    0xDD, 0x1A, 0x93, 0xDC, 0x8D, 0x98, 0xF7, 0xCF, 0xD5, 0xF6, 0x8B, 0xEB, 0x52, 0xE2, 0xBA, 0x4A,
    0xFB, 0x3E, 0xD9, 0xB5, 0x8B, 0xDD, 0xD6, 0xDE, 0x00, 0x0D, 0x56, 0xCE, 0x29, 0xBD, 0xB7, 0xD9,
    0xD4, 0x3F, 0x3A, 0x56, 0x1C, 0x0A, 0xCF, 0xA8, 0x40, 0x00, 0xA5, 0x73, 0x8D, 0x33, 0x12, 0x4B,
    0x1A, 0xE9, 0x28, 0x48, 0xEB, 0x02, 0xDD, 0x8D, 0xF0, 0x77, 0xE7, 0x44, 0xAB, 0x56, 0x4E, 0xE3,
    0x04, 0x48, 0x87, 0x30, 0x33, 0x72, 0xD0, 0x85, 0x5A, 0xC0, 0xDE, 0x1F, 0x32, 0xE4, 0xA2, 0xD3,
    0x0C, 0xE3, 0xE4, 0xA0, 0x24, 0xE1, 0x75, 0x40, 0x57, 0x41, 0xC3, 0x1A, 0xB9, 0x98, 0x35, 0xCE,
    0x99, 0xD8, 0x60, 0x00, 0xA7, 0x57, 0xD9, 0xAC, 0x09, 0xF8, 0xC7, 0x5B, 0xF0, 0x8C, 0xF1, 0xDC,
    0x85, 0x4B, 0x73, 0xA0, 0x7F, 0x1B, 0x54, 0x63, 0x37, 0xDB, 0x7C, 0x4D, 0x37, 0x95, 0x7B, 0xDF,
    0xA5, 0xBD, 0x95, 0x9F, 0x5B, 0xE8, 0x5B, 0x4B, 0xF9, 0xE7, 0x42, 0x4F, 0x4B, 0x7E, 0x7B, 0x72,
    0x0F, 0x1D, 0xB4, 0xA0, 0x00, 0xAC, 0x52, 0x95, 0x0E, 0x5D, 0x4F, 0xD7, 0x40, 0x00, 0x00, 0x1F,
    0x04, 0x1D, 0x09, 0x00, 0x35, 0xD7, 0xA5, 0x03, 0xBD, 0x23, 0xB7, 0x8D, 0xED, 0xD7, 0xCF, 0xB6,
    0xF5, 0x0B, 0xA8, 0x97, 0xB7, 0x1E, 0x22, 0xF2, 0x0F, 0x00, 0x03, 0x22, 0x5D, 0xFA, 0xF8, 0x6D,
    0x10, 0x76, 0xBF, 0x06, 0xEF, 0xCD, 0x57, 0xD1, 0x40, 0x43, 0xEF, 0xF6, 0xB6, 0x70, 0x00, 0x34,
    0x50, 0xB3, 0x3A, 0xBD, 0xF3, 0xC1, 0x12, 0x8D, 0xAC, 0x68, 0x04, 0x82, 0xA9, 0x77, 0x87, 0x67,
    0xAC, 0xFD, 0xBF, 0x9F, 0x6B, 0x7B, 0x43, 0x8A, 0xB1, 0x73, 0x12, 0xF6, 0xA3, 0xD6, 0x50, 0x00,
    0x4B, 0x33, 0xDA, 0x5C, 0xA2, 0xEE, 0x17, 0x27, 0x0A, 0x8A, 0x51, 0xDA, 0x15, 0xA4, 0x39, 0x20,
    0x00, 0x1C, 0x48, 0x6D, 0x43, 0x12, 0xA0, 0x00, 0x00, 0x04, 0x1F, 0xB5, 0xF5, 0x80, 0x00, 0x13,
    0x52, 0xC0, 0xF2, 0xB4, 0x00, 0x54, 0x4A, 0xCF, 0x95, 0x16, 0xAD, 0x55, 0xC2, 0xC5, 0x49, 0x14,
    0x5D, 0xAC, 0xAB, 0x5A, 0x94, 0x62, 0x00, 0x83, 0x89, 0xCC, 0x26, 0xAE, 0x6F, 0xF1, 0x3E, 0x58,
    0x80, 0x38, 0x85, 0x0D, 0xF2, 0xF0, 0x01, 0x5F, 0x88, 0x30, 0x52, 0xD1, 0x2A, 0x64, 0xA2, 0x75,
    0x91, 0xC2, 0xCC, 0xD8, 0x16, 0xEA, 0xC9, 0x06, 0x80, 0x00, 0x3C, 0x3C, 0xBB, 0x27, 0x36, 0x84,
    0xAB, 0x92, 0x61, 0x07, 0xE8, 0x5D, 0xC8, 0xD1, 0x7E, 0x05, 0xFD, 0x00, 0x86, 0xCB, 0xC7, 0x5B,
    0x8D, 0x4E, 0x70, 0xF9, 0x64, 0xF2, 0x53, 0x48, 0x18, 0x28, 0x0B, 0xED, 0x5F, 0x9E, 0xFC, 0x81,
    0xC5, 0xDB, 0x2C, 0x80, 0x18, 0x82, 0x18, 0x6C, 0x00, 0x86, 0xBB, 0x81, 0xC9, 0x7F, 0x04, 0xBB,
    0x28, 0x15, 0x2E, 0x44, 0x39, 0x27, 0x9A, 0x6F, 0x05, 0xF8, 0xA1, 0x61, 0x22, 0xC1, 0x1B, 0xEF,
    0x6B, 0x42, 0xA7, 0x56, 0xD5, 0x49, 0x05, 0x8C, 0xCD, 0x06, 0xA5, 0x33, 0xF5, 0x2C, 0xF0, 0x00,
    0x63, 0x9A, 0x0C, 0xED, 0x56, 0x26, 0x8B, 0xFF, 0x71, 0xFC, 0xA3, 0xBB, 0x4B, 0x12, 0x1A, 0x56,
    0xAA, 0x00, 0xAE, 0x10, 0x94, 0xC3, 0x29, 0x51, 0x2B, 0xB0, 0x97, 0x0C, 0x8C, 0x5A, 0x35, 0x40,
    0x00, 0x09, 0xFE, 0xD6, 0x97, 0x96, 0x90, 0x58, 0x9B, 0x92, 0x42, 0x00, 0x74, 0xBE, 0x8B, 0xD5,
    0xD6, 0x38, 0x62, 0xA7, 0xA8, 0xDC, 0xE2, 0xF5, 0xE6, 0xA5, 0x2D, 0xD1, 0x72, 0xCA, 0x8B, 0x63,
    0xA6, 0x00, 0x8F, 0x19, 0x2E, 0x5F, 0x1E, 0x0F, 0x3D, 0x42, 0x6B, 0xCB, 0x1A, 0x8B, 0x37, 0xA4,
    0x94, 0xA5, 0x67, 0x0A, 0x47, 0x2C, 0x20, 0xD5, 0x8C, 0xF7, 0x9B, 0x5F, 0x85, 0x60, 0xA7, 0x4B,
    0x9E, 0x85, 0x3B, 0x46, 0x73, 0x7D, 0xCA, 0x00, 0x00, 0x03, 0xAC, 0x1E, 0x0A, 0x33, 0x17, 0x5B,
    0xAF, 0x10, 0xDD, 0xB7, 0x8B, 0x8F, 0xB4, 0x84, 0x74, 0xF3, 0x54, 0x44, 0x20, 0x00, 0x83, 0x28,
    0xC1, 0x1C, 0x1C, 0x75, 0xD8, 0x79, 0xD6, 0x0F, 0xE6, 0xAA, 0x8E, 0xE6, 0xFE, 0xEB, 0x8E, 0x33,
    0x19, 0x56, 0x39, 0x46, 0x87, 0xE7, 0x49, 0x5A, 0x56, 0x0E, 0x6A, 0x2F, 0xD2, 0x6F, 0x83, 0x71,
    0xBC, 0x58, 0xF3, 0xFB, 0x91, 0x39, 0x54, 0x9C, 0xBD, 0x0E, 0xAE, 0x00, 0xB8, 0x00, 0x89, 0xC4,
    0x4D, 0x3C, 0xBE, 0xF6, 0x76, 0x44, 0xE1, 0x48, 0xB0, 0x06, 0x63, 0x8A, 0xD0, 0x7C, 0x6D, 0x1F,
    0x92, 0xB5, 0x71, 0xDC, 0x3E, 0x8C, 0xC4, 0x15, 0x60, 0x62, 0x11, 0x0A, 0x4A, 0x14, 0x63, 0x81,
    0x20, 0xEA, 0x48, 0x87, 0x10, 0x00, 0x52, 0x62, 0xCC, 0x11, 0xD7, 0x27, 0xE5, 0xA0, 0x00, 0x1F,
    0x39, 0x5F, 0x24, 0x8A, 0xD3, 0x81, 0xC0, 0x19, 0x33, 0xA4, 0x00, 0x79, 0x94, 0x2A, 0x15, 0x58,
    0x03, 0x5D, 0x60, 0x9D, 0x6E, 0xF0, 0x37, 0x3E, 0x32, 0x1B, 0x49, 0x99, 0xC6, 0x56, 0x69, 0x70,
    0xBB, 0x25, 0x60, 0xCA, 0x00, 0x96, 0x48, 0xA3, 0x54, 0x18, 0x00, 0x05, 0x08, 0xB1, 0x21, 0x06,
    0x2E, 0x98, 0x5F, 0x8B, 0x88, 0x54, 0x60, 0x00, 0x09, 0xDD, 0xF2, 0xDF, 0x0F, 0xCC, 0x63, 0x2C,
    0x24, 0xAE, 0x83, 0xB8, 0x3A, 0xA8, 0x20, 0xB4, 0x83, 0xAB, 0xE8, 0xFA, 0x4B, 0x8E, 0x1D, 0x18,
    0xA3, 0x35, 0x82, 0x38, 0x62, 0x87, 0x45, 0xCD, 0x80, 0x00, 0x74, 0x3D, 0xA6, 0x9A, 0xAC, 0x11,
    0xAC, 0x8A, 0x15, 0x63, 0x57, 0x59, 0xA2, 0x9A, 0xBD, 0xCD, 0x89, 0xB3, 0x31, 0xC0, 0x46, 0x64,
    0x31, 0x00, 0x4F, 0x35, 0xC0, 0x55, 0x6F, 0x6C, 0xB2, 0x54, 0xF4, 0x08, 0xFF, 0x16, 0xBF, 0x2E,
    0xBA, 0x43, 0x12, 0x3F, 0x3F, 0xC5, 0x17, 0xBB, 0x5B, 0x2C, 0x81, 0x61, 0xFB, 0x55, 0x16, 0x26,
    0x8D, 0x6E, 0x7C, 0x5F, 0xB4, 0x5B, 0x0D, 0x8B, 0xEC, 0x61, 0x7F, 0xF2, 0x3F, 0x93, 0x35, 0xAE,
    0x06, 0x3C, 0xC1, 0x7D, 0x7C, 0x30, 0x45, 0x79, 0x92, 0xC1, 0xC5, 0x29, 0x3C, 0x38, 0xF3, 0x32,
    0xC0, 0x3B, 0x27, 0x62, 0xEC, 0x77, 0x4F, 0x60, 0x00, 0x4B, 0xB8, 0xED, 0x47, 0x21, 0x1B, 0x64,
    0x1F, 0xA5, 0xAD, 0x54, 0x60, 0x88, 0xA4, 0xF2, 0xDB, 0xE9, 0xFA, 0x4E, 0x76, 0xF7, 0xCF, 0x05,
    0xA8, 0xA0, 0x58, 0x80, 0xA8, 0x89, 0xD3, 0x7C, 0x05, 0x4C, 0xFA, 0x8C, 0x5A, 0xD1, 0x33, 0x08,
    0xEC, 0x00, 0x00, 0x3A, 0xE5, 0xD0, 0xD1, 0x4D, 0x53, 0xDF, 0xE6, 0x07, 0xC3, 0x49, 0x66, 0x6D,
    0xD5, 0x13, 0xE7, 0xA1, 0xB5, 0xBD, 0x02, 0xBF, 0x46, 0x15, 0x71, 0x8C, 0xEB, 0x26, 0x94, 0xF4,
    0x8E, 0xDC, 0x25, 0x02, 0x8E, 0xE4, 0x61, 0x80, 0x20, 0x00, 0x9A, 0x32, 0xF9, 0x9F, 0x0D, 0xC5,
    0x4E, 0xE7, 0x04, 0x0A, 0x66, 0x2C, 0xB7, 0x3E, 0x12, 0x22, 0x96, 0x4C, 0x73, 0x01, 0x41, 0x13,
    0x19, 0x77, 0xF3, 0x2C, 0xA1, 0x1D, 0x2B, 0x36, 0xAA, 0x80, 0x00, 0x00, 0x43, 0xF5, 0x9E, 0xA5,
    0x7A, 0xDE, 0xA3, 0x61, 0x34, 0xED, 0x3B, 0x6D, 0x94, 0xA2, 0xEF, 0xB7, 0x25, 0xBB, 0x8E, 0x04,
    0x1E, 0x63, 0x15, 0xAC, 0x02, 0xDB, 0xAD, 0xDD, 0xC5, 0x0F, 0x26, 0x67, 0x69, 0x80, 0x00, 0x00,
    0x00, 0x20, 0x5E, 0xFD, 0x62, 0x03, 0x0B, 0x47, 0x76, 0xA9, 0x3D, 0x4A, 0x83, 0x1F, 0x60, 0x61,
    0xF9, 0xBA, 0x0D, 0x17, 0x80, 0x00, 0x00, 0x00, 0x20, 0x5E, 0xFF, 0x5A, 0xFB, 0x06, 0x57, 0x63,
    0x40, 0x9A, 0xA2, 0xE3, 0x4F, 0xB9, 0x61, 0xD6, 0xF0, 0x00, 0xA4, 0x1A, 0xDD, 0x42, 0xC6, 0x9E,
    0xA3, 0x1F, 0x49, 0xA3, 0x6B, 0x0A, 0x8D, 0x00, 0xF2, 0x8E, 0x86, 0xA7, 0x77, 0x69, 0xB2, 0xC2,
    0x45, 0x42, 0x87, 0x93, 0x9C, 0x92, 0x91, 0x01, 0xA1, 0x68, 0x86, 0x49, 0x26, 0x04, 0xC9, 0x00,
    0x03, 0x39, 0xFE, 0x46, 0xFC, 0x3B, 0x0F, 0xB0, 0x46, 0x02, 0x3C, 0xE8, 0x5F, 0xF1, 0x6B, 0x2E,
    0xFE, 0x90, 0x51, 0xE6, 0xCC, 0x6B, 0xCF, 0x22, 0xC4, 0x62, 0x42, 0x64, 0x5C, 0x00, 0x00, 0x4E,
    0x88, 0xF4, 0x9D, 0xFB, 0x8E, 0x64, 0x2A, 0x18, 0x10, 0x25, 0x57, 0x1B, 0xF8, 0xDA, 0x39, 0xF3,
    0x00, 0x33, 0x57, 0xFD, 0x4C, 0x3F, 0xD4, 0xDF, 0x5F, 0x80, 0x07, 0x97, 0x60, 0x88, 0xB2, 0xE6,
    0x40, 0x84, 0x00, 0x03, 0x2F, 0x6A, 0xE0, 0x08, 0x12, 0xE3, 0xD5, 0xF1, 0x3F, 0x8D, 0x3E, 0xC9,
    0x63, 0x74, 0xE7, 0x29, 0x14, 0x9B, 0x0B, 0xB9, 0xEE, 0x33, 0xFF, 0xC6, 0x89, 0x68, 0xDE, 0xE5,
    0x29, 0x7E, 0x05, 0xEF, 0x6D, 0x98, 0x87, 0x27, 0x00, 0x9A, 0xE0, 0xD8, 0xF9, 0xF7, 0xD7, 0x18,
    0x29, 0x00, 0x02, 0x40, 0xB2, 0x4A, 0x9B, 0xEF, 0xD6, 0x8C, 0xEC, 0xF8, 0x0C, 0xDF, 0x27, 0x9D,
    0x85, 0x35, 0x9E, 0x01, 0x11, 0x32, 0x09, 0xAE, 0xF8, 0x1D, 0x34, 0x79, 0xE7, 0x18, 0x32, 0x46,
    0x52, 0x67, 0xCB, 0xFE, 0x1B, 0xA2, 0x53, 0x2A, 0xD0, 0xAC, 0x4F, 0x30, 0x00, 0xFF, 0xF0, 0x4F,
    0x6C, 0xAB, 0xCD, 0x32, 0x43, 0xC8, 0xA4, 0x26, 0x3C, 0x00, 0x02, 0xAC, 0x4B, 0x76, 0xC8, 0xE9,
    0xC6, 0x65, 0x73, 0x8A, 0x9B, 0xBB, 0x2A, 0x33, 0x4D, 0xB8, 0x51, 0x18, 0x42, 0x0C, 0x82, 0x5E,
    0xA0, 0xA4, 0x0E, 0x8C, 0xD5, 0x7E, 0x2D, 0x1B, 0x37, 0x28, 0xC9, 0x2D, 0xA6, 0xD1, 0x1C, 0x55,
    0x26, 0x10, 0x33, 0xB8, 0x00, 0x9F, 0xB6, 0x81, 0xB9, 0x3D, 0x74, 0x39, 0x80, 0x2B, 0x06, 0xCA,
    0x82, 0x86, 0x70, 0x88, 0xD5, 0xEE, 0x72, 0x1F, 0x12, 0xC0, 0xD4, 0x5F, 0x20, 0xAE, 0x5F, 0x95,
    0x5B, 0x47, 0x4B, 0xCF, 0x43, 0x5D, 0xCC, 0xE7, 0x86, 0x63, 0x3D, 0x48, 0x00, 0x00, 0x4E, 0x2E,
    0x32, 0x1A, 0x11, 0xCC, 0xA7, 0xF7, 0x68, 0x2E, 0x20, 0x4A, 0x83, 0x41, 0x4D, 0x59, 0xD2, 0x7C,
    0x7C, 0x8F, 0xDA, 0x24, 0x1A, 0x85, 0x59, 0x87, 0x31, 0x00, 0x9C, 0xC9, 0x51, 0xE1, 0x70, 0xE4,
    0xBC, 0xCD, 0xCB, 0xC6, 0xC6, 0x9C, 0x88, 0x18, 0xF2, 0x98, 0x00, 0x00, 0x3B, 0x2F, 0xA7, 0x89,
    0x14, 0x3B, 0x37, 0x78, 0x20, 0x8E, 0x62, 0xAD, 0x93, 0xE0, 0xCA, 0x56, 0xB7, 0x4D, 0x87, 0x0B,
    0x9E, 0x74, 0x9D, 0x9F, 0xF0, 0x18, 0xD9, 0x10, 0x4E, 0xFF, 0x34, 0xBA, 0x8E, 0xE3, 0x66, 0xC0,
    0x00, 0x82, 0xD2, 0x35, 0xC6, 0x34, 0x32, 0xC1, 0x40, 0xD2, 0xF0, 0x86, 0x69, 0xA1, 0xDC, 0x06,
    0x63, 0xEE, 0x78, 0xA9, 0x58, 0x2A, 0xA2, 0xBF, 0x72, 0xEF, 0x0A, 0x5B, 0xF4, 0x37, 0x9A, 0xB1,
    0xCB, 0xE3, 0xC8, 0xD8, 0x80, 0x00, 0x00, 0x00, 0x07, 0x5A, 0xFB, 0x1E, 0x22, 0x93, 0xC6, 0x9F,
    0x6E, 0xF8, 0x8C, 0x09, 0xC3, 0x37, 0xB2, 0x80, 0x00, 0x03, 0x35, 0x2D, 0x38, 0x23, 0x51, 0x1C,
    0x5E, 0x1C, 0xB7, 0xDA, 0x94, 0x07, 0x63, 0xFA, 0x1B, 0x1C, 0xFE, 0x0B, 0xA0, 0x6F, 0x76, 0x64,
    0x5B, 0x12, 0x5E, 0x4A, 0x43, 0x00, 0x03, 0x3E, 0x00, 0x95, 0x3C, 0xF3, 0xED, 0x3B, 0xE5, 0x78,
    0xF9, 0xF1, 0x15, 0xF4, 0x9C, 0xA8, 0x5B, 0x21, 0xF0, 0x91, 0x8F, 0x20, 0xA3, 0xD0, 0xFD, 0xDF,
    0x44, 0x5E, 0xBA, 0x76, 0xA7, 0xB9, 0x64, 0x4F, 0xAD, 0x70, 0x00, 0x03, 0x29, 0xE4, 0xD8, 0xD1,
    0x5E, 0x09, 0x94, 0x37, 0x53, 0xC7, 0xB0, 0x66, 0xF4, 0xD0, 0xAF, 0x2E, 0x9D, 0x6B, 0xF1, 0xCB,
    0x04, 0x21, 0x6B, 0xD3, 0x11, 0xC2, 0xF6, 0xE1, 0x59, 0x0A, 0x7D, 0x6A, 0xD1, 0x2A, 0x02, 0x76,
    0x8C, 0x02, 0xDE, 0x34, 0x56, 0x8F, 0x75, 0x1C, 0x62, 0x9F, 0x2F, 0xE0, 0x4C, 0x5D, 0x9B, 0x7A,
    0xF1, 0x0B, 0x59, 0x8A, 0xF6, 0x15, 0xFF, 0xC4, 0x00, 0x08, 0x27, 0xD6, 0x9D, 0x1A, 0x55, 0x51,
    0x33, 0xB5, 0xAA, 0xCF, 0xBC, 0xD3, 0x9D, 0xF7, 0x33, 0xC2, 0x9F, 0xCC, 0xA2, 0x2C, 0xEB, 0xE2,
    0x1B, 0xCD, 0x7A, 0xCC, 0x85, 0xF7, 0x83, 0x66, 0xCE, 0x27, 0xAB, 0x9A, 0xF3, 0x25, 0xE4, 0x8B,
    0x40, 0x00, 0x03, 0x38, 0x7C, 0xCD, 0xA6, 0x8C, 0x50, 0x2D, 0x53, 0x0B, 0x4C, 0xF1, 0x84, 0x9C,
    0xAC, 0xCD, 0x26, 0xC4, 0xD6, 0xD3, 0x41, 0x51, 0x4A, 0xEB, 0x88, 0x1E, 0x1E, 0x75, 0xE0, 0x00,
    0x05, 0x04, 0x8B, 0xAC, 0x42, 0xF4, 0x13, 0xF7, 0x9E, 0xA5, 0x4D, 0x15, 0x9E, 0x9B, 0x51, 0x0D,
    0x06, 0x2F, 0x2F, 0xE8, 0xFA, 0x26, 0x6E, 0x2C, 0x40, 0x00, 0x00, 0x04, 0x3C, 0x08, 0xC1, 0x12,
    0x0D, 0x6A, 0x5A, 0xA3, 0x07, 0x00, 0x03, 0x81, 0x42, 0x11, 0x1E, 0x7C, 0x4F, 0x93, 0x46, 0x2E,
    0xFB, 0x72, 0x94, 0xFA, 0xE5, 0xEA, 0xB9, 0x08, 0xC4, 0xDE, 0xF0, 0x48, 0x00, 0x05, 0x25, 0xCD,
    0x6B, 0x3B, 0x55, 0x15, 0x77, 0x70, 0xDB, 0x35, 0x8E, 0xA7, 0x67, 0x84, 0xE0, 0x00, 0x3F, 0xBB,
    0xA5, 0x63, 0x73, 0x13, 0x4F, 0x09, 0xFE, 0x97, 0x76, 0x2B, 0xFF, 0x3F, 0xB5, 0x58, 0xAF, 0x46,
    0xED, 0xD4, 0x90, 0x00, 0x05, 0x05, 0x06, 0xE3, 0x4A, 0x7C, 0x00, 0x02, 0x5C, 0x66, 0xB6, 0xD6,
    0x10, 0xC0, 0x00, 0x3D, 0x72, 0x65, 0x92, 0x3B, 0x5D, 0x19, 0xD2, 0x68, 0x46, 0x79, 0x77, 0x61,
    0x4D, 0x0C, 0x13, 0xE5, 0xF8, 0x1E, 0x77, 0x08, 0xA7, 0xED, 0xBC, 0xF2, 0xEF, 0x90, 0xFE, 0xF1,
    0x58, 0x4C, 0x02, 0xF7, 0x62, 0x77, 0x00, 0x03, 0xF5, 0x49, 0x33, 0x14, 0x3A, 0x3D, 0x3F, 0x54,
    0xDF, 0xEB, 0x3F, 0x4F, 0xE5, 0x56, 0x38, 0x72, 0xFF, 0xE2, 0x67, 0xE2, 0xAF, 0x48, 0x0F, 0xE8,
    0x15, 0x7B, 0x6E, 0x26, 0xED, 0x69, 0x74, 0x78, 0xC0, 0xDC, 0x00, 0x37, 0x9A, 0xEF, 0xD5, 0x54,
    0xB4, 0xDE, 0xB7, 0x3C, 0x46, 0x07, 0x85, 0xB0, 0x39, 0x81, 0xFA, 0x12, 0xAF, 0xE1, 0x2F, 0x1A,
    0x08, 0x00, 0x70, 0x5D, 0xE9, 0xD7, 0xE8, 0xE1, 0x99, 0x61, 0x6B, 0xE1, 0xD4, 0x7B, 0xA1, 0x47,
    0x4B, 0xB8, 0x8A, 0x34, 0x85, 0xDB, 0xC8, 0x30, 0x89, 0x52, 0xBD, 0x1B, 0x20, 0x2C, 0xFC, 0x19,
    0xF2, 0x2E, 0x91, 0x0F, 0x3A, 0xB7, 0x70, 0x00, 0x33, 0x54, 0xEC, 0x93, 0x29, 0xDF, 0x91, 0x12,
    0x84, 0x5B, 0x52, 0xBA, 0xC3, 0x7F, 0xC1, 0xEA, 0xD3, 0xD2, 0xBA, 0x6B, 0x09, 0xA7, 0x1F, 0xF0,
    0x7F, 0x5D, 0xB9, 0x2A, 0x80, 0xDF, 0xBB, 0xFF, 0xC4, 0x00, 0x40, 0x38, 0xC3, 0x66, 0xB8, 0xFE,
    0x15, 0x45, 0xE4, 0xF4, 0xA8, 0x23, 0x23, 0x59, 0x8E, 0xB3, 0xD4, 0x4C, 0xA7, 0x78, 0xBA, 0xC0,
    0x8F, 0x46, 0x00, 0x6E, 0x12, 0xEC, 0xFC, 0x2E, 0x08, 0xBB, 0xE7, 0x62, 0x46, 0x73, 0x79, 0x5D,
    0xE5, 0x1E, 0x4F, 0xED, 0x0A, 0x8E, 0xC2, 0xBB, 0xB6, 0x30, 0xB0, 0x87, 0x44, 0x00, 0x89, 0xD4,
    0x10, 0xC2, 0x4B, 0x10, 0xC2, 0x7D, 0x84, 0x4D, 0xB3, 0xCD, 0xCB, 0x36, 0x61, 0x29, 0xEC, 0x46,
    0x7D, 0x42, 0x16, 0xC0, 0x00, 0x11, 0xAD, 0xBA, 0x47, 0xBE, 0xA9, 0x43, 0xD3, 0xCC, 0xB4, 0xE0,
    0x3E, 0x83, 0x3F, 0x00, 0x41, 0x88, 0x17, 0xB0, 0x47, 0xBE, 0xAC, 0xA4, 0x7A, 0xA1, 0xA8, 0x42,
    0xE2, 0x88, 0xE0, 0x00, 0x03, 0xF0, 0x05, 0xC3, 0xA2, 0x6A, 0xA7, 0xE1, 0xEE, 0x30, 0xF7, 0xCE,
    0xA8, 0x76, 0xF0, 0xAA, 0x34, 0x10, 0x03, 0x24, 0x04, 0x9B, 0x92, 0xE0, 0x3C, 0x79, 0x6C, 0x98,
    0x59, 0x14, 0x00, 0x02, 0x08, 0x29, 0x15, 0x00, 0x00, 0x05, 0x56, 0x37, 0x94, 0x80, 0x00, 0x2A,
    0x7D, 0x3F, 0xD1, 0xCA, 0xA7, 0x35, 0x60, 0xD4, 0x03, 0x22, 0x4C, 0x4D, 0xA9, 0xA3, 0x4B, 0xA4,
    0xA1, 0xD1, 0xD9, 0xED, 0xD4, 0xF3, 0xB2, 0xE9, 0xEB, 0x51, 0x0B, 0x54, 0xD1, 0x89, 0xE7, 0x26,
    0x8F, 0x4A, 0x00, 0xFC, 0x90, 0x03, 0x85, 0xFE, 0xB3, 0x0C, 0x00, 0x32, 0x29, 0x90, 0x1E, 0x26,
    0x42, 0xF0, 0x7B, 0xCB, 0x33, 0xAC, 0xCC, 0xB5, 0xB0, 0x61, 0xE4, 0x78, 0xBF, 0xA4, 0x71, 0x3C,
    0xC1, 0xA2, 0x27, 0x06, 0x18, 0x24, 0x10, 0x18, 0xE0, 0x8F, 0x44, 0x00, 0xFC, 0x90, 0x04, 0x6D,
    0xBA, 0xF5, 0x2C, 0x7F, 0x38, 0x3B, 0x48, 0x93, 0xB8, 0xBE, 0x01, 0xF8, 0x8F, 0x46, 0x00, 0x6E,
    0x12, 0xEC, 0xFC, 0x2E, 0x08, 0xBF, 0xAA, 0xED, 0x70, 0x34, 0xDD, 0x38, 0x00, 0x45, 0x3C, 0xBD,
    0x01, 0xE7, 0xCB, 0xA7, 0x89, 0xFE, 0xF1, 0x41, 0x29, 0x72, 0x00, 0x2D, 0xF5, 0x82, 0x83, 0xCE,
    0x2A, 0x72, 0xCC, 0xA6, 0x10, 0x77, 0x2C, 0x5A, 0x46, 0x5D, 0xFC, 0x31, 0xCA, 0xA0, 0x30, 0x89,
    0xBB, 0x85, 0x97, 0x7D, 0x31, 0xA6, 0x6F, 0xD5, 0xCE, 0x97, 0x1F, 0xA0, 0x00, 0x28, 0xB3, 0x6E,
    0x44, 0x9A, 0xBD, 0xC1, 0xC7, 0x30, 0x21, 0xF5, 0x88, 0xCB, 0x84, 0x70, 0x75, 0x43, 0x00, 0x90,
    0x50, 0x12, 0x00, 0x79, 0xEC, 0x5F, 0x13, 0x85, 0xDF, 0x36, 0x24, 0x54, 0x8E, 0x82, 0x30, 0x45,
    0xE7, 0x15, 0xAA, 0xDE, 0xD8, 0xB8, 0x77, 0x34, 0xDB, 0x34, 0x00, 0x7F, 0xFE, 0xE3, 0xEB, 0x4D,
    0x98, 0x7C, 0xCA, 0x09, 0xAF, 0xAD, 0x86, 0x6F, 0xEB, 0xB8, 0x8D, 0x92, 0xC1, 0xB2, 0x57, 0x11,
    0x47, 0x57, 0x7D, 0x95, 0x88, 0x1B, 0x80, 0x00, 0xA5, 0x28, 0x09, 0xB2, 0x13, 0x32, 0x34, 0x83,
    0xC9, 0x4C, 0x5C, 0x56, 0x45, 0xE8, 0xFF, 0x1B, 0x0E, 0x66, 0x77, 0x67, 0xF3, 0xD1, 0xD4, 0x7F,
    0xB5, 0x14, 0x44, 0x8E, 0x6F, 0x3B, 0xC8, 0xA1, 0x58, 0xEB, 0x89, 0xCA, 0xA3, 0x94, 0xBD, 0xA4,
    0x4C, 0xD7, 0xE4, 0x80, 0x44, 0x23, 0x00, 0x82, 0x62, 0x3C, 0x71, 0x1A, 0xF5, 0x47, 0xAE, 0xFD,
    0xF2, 0xEB, 0x11, 0x8B, 0xF6, 0xAD, 0x5F, 0x50, 0x03, 0xC4, 0xF5, 0xFF, 0x1D, 0x62, 0xF5, 0x67,
    0x8C, 0x51, 0x6D, 0xEA, 0x18, 0x87, 0x58, 0x00, 0xC6, 0xD2, 0x04, 0xA3, 0x58, 0x83, 0x3D, 0x86,
    0x90, 0xCD, 0x9C, 0x8E, 0x4A, 0xE3, 0x0A, 0x62, 0xC1, 0x44, 0xC1, 0x06, 0x08, 0x37, 0x9A, 0x44,
    0xC1, 0x7B, 0x5F, 0xA3, 0x42, 0x59, 0x80, 0x00, 0x6E, 0x6B, 0x94, 0x01, 0xCC, 0x36, 0x0E, 0xF0,
    0x62, 0x0D, 0x52, 0x45, 0x68, 0xB6, 0xD8, 0x4E, 0xA5, 0x38, 0xBA, 0x8C, 0x00, 0x4C, 0x08, 0xC7,
    0x15, 0x9F, 0x46, 0xAA, 0x77, 0xDA, 0x33, 0xF5, 0x53, 0xDC, 0x9E, 0x99, 0x4A, 0x75, 0x05, 0xB0,
    0xCC, 0x9F, 0x0E, 0xDA, 0x3D, 0x18, 0x2B, 0x40, 0x00, 0x08, 0x02, 0x6F, 0x1C, 0xFD, 0x9D, 0x57,
    0x55, 0x51, 0xA0, 0x38, 0x00, 0x02, 0xE9, 0xFD, 0x0E, 0x8E, 0x51, 0x3D, 0x4C, 0x6B, 0xAC, 0xF8,
    0x48, 0xCA, 0xAB, 0x03, 0x91, 0xFE, 0x8B, 0xED, 0x35, 0x5B, 0x9D, 0x7E, 0xAB, 0x0D, 0x2C, 0x1C,
    0x00, 0x10, 0x61, 0xF6, 0xC7, 0x79, 0x81, 0xD8, 0xB2, 0x1C, 0x9B, 0x25, 0x2C, 0xD6, 0xAD, 0x42,
    0x00, 0x13, 0x65, 0x20, 0xFB, 0xCD, 0x6E, 0x8E, 0x63, 0x6A, 0x2B, 0xAF, 0x20, 0xB5, 0xA1, 0x00,
    0x8E, 0x80, 0xE5, 0x58, 0x40, 0x17, 0x4D, 0xCA, 0xAB, 0xAB, 0x14, 0xB2, 0xA7, 0x8B, 0xB2, 0x2E,
    0xF7, 0xE8, 0x2B, 0xDD, 0x38, 0x50, 0x90, 0xEB, 0x96, 0xAC, 0x50, 0xA3, 0x5E, 0xBB, 0x20, 0x00,
    0x9B, 0x81, 0x27, 0xA4, 0x93, 0xAF, 0xD0, 0x42, 0x48, 0x77, 0x6E, 0x51, 0xE0, 0xC1, 0xB2, 0x28,
    0xC4, 0x83, 0xF5, 0x8D, 0x32, 0x43, 0x90, 0xD5, 0xCF, 0x03, 0xFB, 0x52, 0x00, 0x0E, 0x8F, 0x91,
    0x66, 0x6A, 0x4D, 0x07, 0x51, 0x7E, 0x6E, 0x72, 0xE7, 0xB3, 0xFF, 0x0A, 0x2B, 0x0B, 0x9C, 0x6E,
    0x40, 0x18, 0x72, 0xDE, 0xA2, 0xEA, 0x63, 0x60, 0x72, 0xC7, 0x73, 0x83, 0xCB, 0xA2, 0xB8, 0xF0,
    0x00, 0x08, 0xCB, 0xF5, 0x8F, 0xCC, 0x7F, 0x9D, 0x87, 0x83, 0x05, 0x8B, 0x11, 0x2C, 0x0F, 0xC2,
    0x51, 0xF3, 0x1A, 0x08, 0xE2, 0xD0, 0x61, 0x80, 0xA2, 0xB2, 0x52, 0x8A, 0xD9, 0x88, 0x29, 0x09,
    0x42, 0xF1, 0x63, 0x7D, 0x43, 0x4A, 0x34, 0xA9, 0xB0, 0x87, 0x5E, 0x00, 0x4E, 0xB0, 0xA2, 0x1A,
    0xDB, 0x20, 0x38, 0x00, 0x14, 0xA6, 0x61, 0xE5, 0xA9, 0xFA, 0x31, 0x56, 0xC0, 0x91, 0xF0, 0x89,
    0xF7, 0x2D, 0x29, 0x3F, 0x68, 0x1B, 0x20, 0x45, 0x11, 0x87, 0xCA, 0x90, 0x27, 0x81, 0x3B, 0x76,
    0x31, 0xDF, 0x97, 0x1C, 0x23, 0xAE, 0x59, 0x11, 0xCD, 0xEC, 0xE7, 0x2F, 0x53, 0xF0, 0xEF, 0xB0,
    0x07, 0x60, 0x00, 0x0E, 0x83, 0x09, 0xEF, 0x07, 0xBD, 0xE8, 0x11, 0xAE, 0x00, 0xB1, 0xBA, 0x05,
    0x1E, 0x09, 0x45, 0xE2, 0x2F, 0xA9, 0x5C, 0x7D, 0x01, 0x30, 0x5A, 0x22, 0xFC, 0x7B, 0x0D, 0xA8,
    0x4E, 0xE9, 0x46, 0x10, 0xBA, 0x3D, 0x13, 0x7D, 0xB3, 0xB1, 0x20, 0x7E, 0x7E, 0x0C, 0x0D, 0x33,
    0x73, 0x5D, 0x21, 0xFE, 0x65, 0xE0, 0x00, 0xAC, 0x2D, 0x46, 0x32, 0xAB, 0x4E, 0xE6, 0xE1, 0x14,
    0xFF, 0xA9, 0x14, 0x2E, 0x8F, 0x50, 0xA1, 0xC0, 0x00, 0x5A, 0x94, 0x60, 0xE4, 0x82, 0x6C, 0x66,
    0x61, 0x58, 0xA4, 0x07, 0x82, 0xFD, 0xBF, 0x52, 0xB1, 0x01, 0xBC, 0x53, 0x8D, 0x00, 0x2C, 0x47,
    0x2F, 0xF0, 0xC2, 0xE5, 0xF9, 0xE7, 0x95, 0x83, 0xDB, 0xE3, 0x68, 0xF3, 0x5D, 0x3B, 0x26, 0x17,
    0x92, 0x10, 0x20, 0xC2, 0x49, 0x2F, 0xE1, 0x5B, 0xD2, 0x54, 0x00, 0x05, 0x04, 0x8B, 0x6F, 0x9A,
    0x14, 0xC0, 0x58, 0xE8, 0x60, 0x87, 0x0F, 0x00, 0x54, 0x87, 0x6A, 0x00, 0xB0, 0x2E, 0x66, 0xAD,
    0xBF, 0xBC, 0x39, 0x5F, 0x1F, 0x43, 0x74, 0x38, 0xD0, 0x52, 0xA3, 0x7A, 0x0D, 0xDC, 0x0A, 0x30,
    0xEA, 0x34, 0xA5, 0xF9, 0x27, 0x64, 0xDD, 0x31, 0x4E, 0xE8, 0x2E, 0x88, 0x81, 0x67, 0xBC, 0x69,
    0xD4, 0xCE, 0xE1, 0x4E, 0x6D, 0xB1, 0xB8, 0x77, 0xB4, 0x0A, 0xFF, 0xDD, 0xD0, 0x00, 0x05, 0x03,
    0xC8, 0x45, 0xD1, 0x00, 0x61, 0x08, 0x9A, 0x03, 0xAC, 0x16, 0x92, 0x51, 0x16, 0xFE, 0xC4, 0x79,
    0xCA, 0x67, 0x57, 0xED, 0x80, 0x87, 0x0D, 0x00, 0x3F, 0x42, 0xA6, 0x39, 0x3A, 0xD1, 0x2D, 0x6A,
    0xAE, 0x02, 0x88, 0xDD, 0x64, 0x00, 0x0F, 0xE3, 0x06, 0xA7, 0x5B, 0x7E, 0x29, 0x30, 0x9F, 0xF5,
    0x2C, 0xFC, 0x1A, 0x62, 0x4D, 0xD9, 0xA9, 0x8E, 0xB8, 0x90, 0x00, 0x0F, 0x5E, 0x1E, 0x66, 0xAC,
    0xA2, 0x22, 0xBA, 0xEE, 0xAA, 0xF4, 0x9D, 0x08, 0x61, 0xB6, 0x47, 0x68, 0xF8, 0x2B, 0x02, 0x54,
    0x99, 0x8F, 0xE8, 0x82, 0x34, 0x00, 0x1E, 0x06, 0xF5, 0xF8, 0x61, 0x17, 0x00, 0x77, 0x5D, 0x6A,
    0x8D, 0x46, 0x5C, 0xB4, 0x88, 0xDB, 0x4E, 0x69, 0xF2, 0x22, 0x46, 0x31, 0xC5, 0x57, 0xD3, 0x91,
    0xA9, 0x06, 0xB1, 0x91, 0xE6, 0x40, 0x00, 0x23, 0xAB, 0xCA, 0xE1, 0x2F, 0x1A, 0xBA, 0xA5, 0xE5,
    0xF8, 0x6F, 0x77, 0x30, 0x84, 0x28, 0x6B, 0x44, 0xD0, 0x8E, 0x71, 0x6D, 0xB9, 0xDB, 0xC1, 0xCC,
    0xD5, 0x08, 0xD4, 0x8B, 0x08, 0x8F, 0x30, 0x66, 0xE0, 0x3B, 0x80, 0x87, 0x10, 0x00, 0x5B, 0x20,
    0x00, 0x1C, 0xF4, 0x45, 0x8D, 0x4A, 0x7C, 0x14, 0x70, 0xC6, 0xE6, 0x00, 0x2D, 0x75, 0xFB, 0x91,
    0xB8, 0xB9, 0x7A, 0xCB, 0xBF, 0xEC, 0xC0, 0x00, 0x61, 0x19, 0x21, 0xF8, 0xA7, 0x58, 0x21, 0x97,
    0x6F, 0x0E, 0x16, 0xAE, 0xBE, 0x5D, 0xF4, 0xD1, 0x6A, 0xC0, 0x00, 0x0E, 0x86, 0x46, 0x30, 0x11,
    0x71, 0xEE, 0x95, 0x14, 0xB8, 0x70, 0xAA, 0xD6, 0x64, 0x3C, 0x4E, 0x22, 0xDA, 0xC7, 0x85, 0xC9,
    0x7F, 0xA0, 0x1B, 0x8F, 0x3E, 0x4A, 0x4E, 0x90, 0x00, 0x16, 0x00, 0xCA, 0xED, 0x6E, 0x63, 0x70,
    0xAC, 0x0C, 0x81, 0x76, 0x0C, 0x04, 0x69, 0x08, 0xBB, 0x20, 0x56, 0x02, 0x1A, 0x57, 0x55, 0x56,
    0xD1, 0xE2, 0x71, 0x3E, 0xB6, 0x79, 0x67, 0x6E, 0xCD, 0x71, 0x45, 0x21, 0x83, 0x0B, 0x65, 0x43,
    0xE4, 0x74, 0x98, 0x01, 0xA4, 0x37, 0xD7, 0x2A, 0xA9, 0x75, 0x58, 0x00, 0x1A, 0x42, 0x74, 0x16,
    0x0F, 0x3D, 0x1A, 0xD6, 0xD8, 0x91, 0xE4, 0x37, 0xAF, 0xC0, 0xF4, 0x0E, 0x1D, 0x71, 0x2F, 0xD2,
    0x72, 0x39, 0xAC, 0x55, 0x95, 0xC2, 0xFC, 0x7E, 0x5F, 0x38, 0x8A, 0xE5, 0xEE, 0x57, 0x46, 0x08,
    0x7E, 0xA5, 0xBD, 0x90, 0x6E, 0x77, 0x8C, 0x2A, 0x41, 0x41, 0x97, 0xF0, 0x00, 0xA3, 0x63, 0x05,
    0x66, 0x0C, 0xF6, 0xA4, 0x1B, 0xDD, 0x7A, 0x9F, 0x95, 0x27, 0x34, 0x51, 0x55, 0x46, 0x4E, 0x28,
    0x70, 0x09, 0x8C, 0x7A, 0x0E, 0x94, 0xC0, 0x40, 0x2B, 0x68, 0x9D, 0xD8, 0xF5, 0x87, 0xF7, 0x34,
    0xC7, 0x7E, 0xF4, 0xD2, 0xAA, 0xF2, 0xCF, 0xC3, 0xCC, 0x41, 0x6D, 0xE3, 0x53, 0x6E, 0xA5, 0xEB,
    0x38, 0x65, 0xC4, 0x6A, 0x37, 0x5F, 0xB1, 0x09, 0x66, 0x60, 0x00, 0x50, 0x29, 0x10, 0xE2, 0x3A,
    0x62, 0x22, 0xD4, 0x91, 0x1F, 0x70, 0xC7, 0x67, 0x69, 0x9E, 0x5B, 0xAB, 0x69, 0x7A, 0x8D, 0x74,
    0x7A, 0xCE, 0x73, 0x00, 0x2D, 0xB8, 0x3D, 0x7B, 0x94, 0x21, 0xA7, 0x0A, 0x15, 0x79, 0x60, 0x23,
    0xA8, 0xA3, 0x4D, 0xF8, 0xC4, 0xDC, 0x0C, 0x24, 0x2B, 0x78, 0xDB, 0x99, 0x27, 0x98, 0xE4, 0xB5,
    0x2A, 0x9A, 0x09, 0xFC, 0x96, 0x4D, 0x55, 0xAF, 0x3B, 0xFC, 0x7F, 0xDA, 0xCE, 0x05, 0x54, 0x81,
    0xC3, 0x45, 0xD7, 0xCA, 0xE0, 0x87, 0x81, 0x00, 0xEB, 0x6D, 0x4A, 0x32, 0x73, 0x6C, 0xC2, 0x61,
    0xA3, 0x28, 0x5E, 0xCE, 0x3D, 0x9A, 0x47, 0x45, 0x40, 0x87, 0x81, 0x00, 0xDF, 0x5A, 0x4C, 0xDC,
    0x84, 0x56, 0xD0, 0x42, 0x41, 0xAD, 0x80, 0x9C, 0x81, 0xF9, 0x2E, 0xDC, 0x03, 0x62, 0x40, 0x88,
    0x81, 0x00, 0x89, 0xF3, 0xC2, 0x78, 0xC6, 0x55, 0x14, 0x42, 0xCF, 0x6A, 0x26, 0x20, 0xB3, 0xE9,
    0x79, 0x03, 0x74, 0xBE, 0xEC, 0x57, 0x08, 0x88, 0x82, 0x00, 0x3C, 0xE2, 0x2D, 0xBC, 0x22, 0x92,
    0x5C, 0x5C, 0x74, 0x76, 0x38, 0x5D, 0xD7, 0x15, 0x12, 0xFE, 0xA5, 0x81, 0x23, 0x00, 0x4B, 0x35,
    0x0C, 0x09, 0x2E, 0x6A, 0xC5, 0xC1, 0x51, 0x74, 0x1B, 0x01, 0xAF, 0xA4, 0xB9, 0xE4, 0xF8, 0xA7,
    0x00, 0x56, 0xC9, 0xB8, 0xA2, 0x17, 0x00, 0x9F, 0x94, 0xF4, 0xD1, 0x38, 0x90, 0xA3, 0xAE, 0x16,
    0x95, 0xE2, 0x59, 0xDD, 0x2D, 0xD4, 0xAC, 0x62, 0xBB, 0x29, 0x7D, 0x85, 0x6B, 0x07, 0xAE, 0xF9,
    0x56, 0xF0, 0x6F, 0x6F, 0x50, 0x7A, 0x70, 0x73, 0xC8, 0x87, 0x25, 0x00, 0x92, 0x0A, 0xB8, 0x44,
    0xF6, 0xF1, 0x35, 0x24, 0x68, 0xCB, 0xF1, 0x62, 0xB5, 0xC2, 0xA7, 0x2F, 0xC0, 0x6C, 0x4A, 0x80,
    0x2E, 0x00, 0x10, 0xB7, 0x63, 0x10, 0xA7, 0x17, 0x57, 0xF7, 0x51, 0x04, 0x06, 0xF0, 0x9C, 0xDB,
    0xC6, 0xAF, 0x25, 0x7D, 0x4A, 0xD5, 0x79, 0x80, 0x2E, 0x00, 0x54, 0x20, 0xD4, 0x75, 0x40, 0xFB,
    0x78, 0x34, 0xA6, 0xF9, 0x44, 0x53, 0xBE, 0x73, 0x48, 0x54, 0x91, 0x05, 0xA1, 0xD2, 0x6A, 0x80,
    0x2E, 0x00, 0x2F, 0xF0, 0xDF, 0x27, 0x45, 0x50, 0xC3, 0x8E, 0x39, 0x58, 0x46, 0x98, 0xCC, 0x7B,
    0x5C, 0x53, 0xBA, 0x7E, 0xAA, 0xCF, 0x34, 0xC2, 0x72, 0x03, 0x40, 0x80, 0x2E, 0x00, 0x1C, 0xB7,
    0x85, 0xBB, 0x26, 0xDD, 0x5E, 0x83, 0xCA, 0xED, 0x40, 0xA1, 0x74, 0x09, 0x3B, 0xE9, 0xA7, 0xB3,
    0x6E, 0xB8, 0x40, 0x00, 0x02, 0x5D, 0xF8, 0x8F, 0xB3, 0x64, 0x02, 0x4E, 0xCC, 0xA3, 0xCE, 0x08,
    0x7A, 0x34, 0x1B, 0x9C, 0xEF, 0x76, 0x17, 0x05, 0xD4, 0xB9, 0x2B, 0x88, 0xA0, 0x87, 0x8D, 0x00,
    0xF9, 0xB4, 0x5F, 0x11, 0xA6, 0x8B, 0xD2, 0x4C, 0x12, 0x4F, 0xDC, 0x00, 0x19, 0x3C, 0x7C, 0xAB,
    0x92, 0x8F, 0x6C, 0xE6, 0x92, 0xC5, 0xF3, 0xE1, 0x06, 0x02, 0x43, 0xA4, 0xE6, 0xE5, 0xCD, 0xC1,
    0x07, 0xBE, 0xCA, 0x57, 0x33, 0xF9, 0x14, 0xE9, 0x80, 0x88, 0x8E, 0x00, 0x09, 0x72, 0xB0, 0x3D,
    0x68, 0x96, 0x02, 0xFD, 0xD3, 0xC2, 0xFB, 0x32, 0x8C, 0x00, 0x0F, 0x09, 0x30, 0xE3, 0x44, 0x3A,
    0xBE, 0x2C, 0x20, 0xC2, 0x3A, 0xD5, 0x97, 0x5D, 0x86, 0xE6, 0x4D, 0xED, 0x1F, 0x36, 0x2A, 0xEF,
    0x17, 0x21, 0xAA, 0x84, 0x8F, 0x29, 0xD2, 0x9C, 0x91, 0x12, 0xF1, 0x1C, 0x2D, 0xF7, 0x24, 0x5D,
    0x6C, 0x9A, 0xE0, 0x80, 0x30, 0x00, 0x2E, 0x7D, 0x2E, 0x99, 0x4E, 0xA6, 0x5D, 0xAC, 0x75, 0x26,
    0x9A, 0x5B, 0x80, 0x6D, 0x09, 0xD1, 0x99, 0x73, 0x35, 0xBD, 0x87, 0xB9, 0x09, 0x74, 0x1B, 0x1C,
    0x45, 0x4D, 0x4F, 0x8A, 0xB7, 0x47, 0x7C, 0x24, 0x13, 0x90, 0x50, 0x62, 0x0A, 0x4B, 0x7D, 0x00,
    0x31, 0xD8, 0xF8, 0x65, 0x82, 0xEE, 0x28, 0xC6, 0x72, 0x3C, 0x7D, 0xC7, 0xE0, 0x55, 0xCE, 0xB9,
    0x02, 0xAF, 0x26, 0xF4, 0xFF, 0x70, 0x0C, 0x7A, 0x83, 0x27, 0x08, 0xEB, 0x55, 0xE9, 0xF8, 0x78,
    0x7B, 0x68, 0x3C, 0xBC, 0xBD, 0x27, 0xE3, 0x68, 0x64, 0xB9, 0x73, 0x2C, 0x35, 0xCE, 0x87, 0x93,
    0x00, 0xEB, 0xF8, 0x17, 0xB5, 0x22, 0x20, 0x24, 0x51, 0x47, 0xB4, 0x31, 0xE8, 0x37, 0x8B, 0x78,
    0x50, 0x87, 0x93, 0x00, 0xE0, 0x2F, 0xBA, 0x7C, 0x5A, 0x39, 0x5F, 0x8D, 0x57, 0x85, 0x24, 0xA6,
    0x50, 0x44, 0xE4, 0xF3, 0x92, 0x90, 0x80, 0x31, 0x00, 0x32, 0xAA, 0xD5, 0x19, 0x6E, 0x0C, 0x80,
    0x12, 0xEE, 0x3A, 0x6C, 0x2F, 0x58, 0x3E, 0xF1, 0xB2, 0xC7, 0x60, 0xFE, 0xE0, 0x80, 0x31, 0x00,
    0x40, 0x58, 0x28, 0x62, 0xCA, 0x27, 0x29, 0x31, 0x8D, 0xFA, 0x06, 0x5E, 0x11, 0x16, 0x05, 0x75,
    0x60, 0x80, 0x00, 0x0E, 0x9C, 0x02, 0xAE, 0xFC, 0x61, 0x92, 0x41, 0xC3, 0x77, 0x45, 0xCD, 0x7C,
    0x24, 0x04, 0x7B, 0x0E, 0xB0, 0xA4, 0x58, 0x67, 0xEF, 0x19, 0x46, 0x44, 0xDE, 0x10, 0x03, 0x54,
    0x87, 0x31, 0x00, 0x73, 0x9B, 0xA0, 0x3E, 0xC7, 0xF4, 0x2E, 0x53, 0xE3, 0xB1, 0x36, 0x8E, 0xCC,
    0xB5, 0x98, 0xFF, 0x20, 0xB3, 0x17, 0x57, 0xAB, 0x59, 0x08, 0x9E, 0x53, 0xF3, 0xD2, 0xC7, 0x4B,
    0xC0, 0x80, 0x37, 0x00, 0x22, 0x83, 0xDE, 0xA0, 0xC6, 0x85, 0xCD, 0x03, 0x6F, 0x0A, 0xCF, 0xD5,
    0xC8, 0x5A, 0x71, 0xB0, 0x7C, 0xD5, 0x37, 0xE6, 0x21, 0x21, 0xAA, 0x48, 0xDF, 0x85, 0x28, 0x41,
    0x09, 0x96, 0x0A, 0x87, 0x9A, 0x00, 0xEA, 0x7C, 0xEB, 0x74, 0xDA, 0x8A, 0x9B, 0x06, 0xA2, 0x50,
    0xFA, 0x3B, 0x87, 0x9A, 0x00, 0xDD, 0xC1, 0xE4, 0x06, 0xCA, 0x8D, 0x86, 0x99, 0x0B, 0xE6, 0xB3,
    0x2C, 0xE6, 0x34, 0xC8, 0x88, 0x9A, 0x00, 0x8A, 0xCF, 0xC6, 0xEC, 0x7B, 0x77, 0x41, 0xB5, 0xDA,
    0x70, 0x6B, 0x9C, 0xB5, 0x74, 0x68, 0x00, 0x5C, 0xFE, 0x0D, 0x3B, 0xCB, 0x62, 0x57, 0x1D, 0xAF,
    0x38, 0xB1, 0xDF, 0xDD, 0x6E, 0xC9, 0xA8, 0x2A, 0x40, 0x56, 0x63, 0x23, 0x34, 0x7C, 0xAD, 0x48,
    0xD8, 0x9B, 0x75, 0x0F, 0x4E, 0xD9, 0x4D, 0xCC, 0x1D, 0x24, 0x00, 0x03, 0x67, 0x92, 0xFB, 0x79,
    0x3C, 0x29, 0x6B, 0xD3, 0xDB, 0xDE, 0x22, 0x06, 0xE5, 0x74, 0xE4, 0xEE, 0xE1, 0x3A, 0x33, 0xF7,
    0x9F, 0x10, 0x86, 0xC5, 0x0A, 0xAC, 0x40, 0x00, 0x1A, 0x46, 0x57, 0x9F, 0xB0, 0x33, 0x0E, 0xCA,
    0xD3, 0x51, 0x5F, 0x7F, 0x4E, 0xE7, 0x9B, 0xB4, 0x75, 0x94, 0xB1, 0xFA, 0x1B, 0x4F, 0x9E, 0x20,
    0xD8, 0xED, 0xA8, 0xB3, 0xB8, 0xFC, 0xC2, 0x8B, 0x9D, 0xA1, 0xE4, 0x8F, 0x63, 0x29, 0x94, 0x66,
    0x86, 0x50, 0x00, 0x1E, 0x03, 0x57, 0xA4, 0xDF, 0xCA, 0x23, 0x32, 0x87, 0x4A, 0xE4, 0xD4, 0xBC,
    0x5B, 0xFA, 0x98, 0xEE, 0x37, 0xF9, 0x7D, 0x44, 0xF0, 0x50, 0x7D, 0x4B, 0x02, 0x7C, 0xBF, 0x7D,
    0xD1, 0x45, 0x48, 0xAB, 0x66, 0x98, 0x1B, 0xAD, 0x14, 0x4C, 0x6D, 0x1E, 0x12, 0x87, 0xA1, 0x00,
    0xE9, 0xCB, 0x48, 0x04, 0x0F, 0x07, 0x5B, 0x27, 0xA9, 0x74, 0xBC, 0x79, 0xA0, 0x69, 0xD0, 0x87,
    0xA2, 0x00, 0x31, 0x05, 0x16, 0x4B, 0xC7, 0xAD, 0xA1, 0xB0, 0xD0, 0xE0, 0x0C, 0xBD, 0x13, 0x45,
    0xFD, 0x59, 0xC0, 0x56, 0x3F, 0x80, 0x80, 0x43, 0x00, 0x1E, 0xFC, 0x06, 0xCD, 0x29, 0x98, 0x09,
    0xF4, 0x16, 0x39, 0x98, 0x11, 0x73, 0x8A, 0xAF, 0x96, 0xDB, 0xCD, 0x73, 0x15, 0x30, 0x80, 0x43,
    0x00, 0x21, 0x2B, 0x19, 0xD0, 0x7C, 0x45, 0xCB, 0x59, 0x7E, 0x5C, 0x44, 0x05, 0xE8, 0x37, 0x94,
    0x78, 0x60, 0x85, 0xA2, 0x00, 0x3F, 0x12, 0xAC, 0x66, 0x1D, 0xD6, 0x70, 0x47, 0x3C, 0xB5, 0x8A,
    0x56, 0xED, 0x05, 0xFC, 0x08, 0x1A, 0xE7, 0x3E, 0xAE, 0x2F, 0xE3, 0x43, 0x00, 0x23, 0x1F, 0xF4,
    0x7E, 0xCF, 0x2C, 0x6B, 0xAA, 0x86, 0xEA, 0x76, 0x0E, 0xFB, 0x5B, 0x53, 0x8B, 0x54, 0xB8, 0xD0,
    0xA2, 0x93, 0x65, 0x9F, 0xAE, 0xA8, 0xCD, 0xDE, 0x3D, 0xDB, 0x07, 0x14, 0x37, 0x0B, 0xD2, 0xF9,
    0xE4, 0xAC, 0x7F, 0x95, 0x49, 0x09, 0xBC, 0xDC, 0x5E, 0xAA, 0xC2, 0x59, 0x0B, 0xE1, 0x31, 0x3F,
    0x60, 0x8F, 0xA7, 0x1F, 0xF5, 0x2B, 0xC2, 0x87, 0x45, 0x00, 0x43, 0x17, 0x36, 0x0F, 0x5E, 0xBF,
    0x50, 0xE2, 0x03, 0xE4, 0x4B, 0x24, 0x23, 0x7B, 0x1F, 0x59, 0x60, 0x00, 0x15, 0xD8, 0x1D, 0xAD,
    0x29, 0xFF, 0xA8, 0x00, 0x92, 0x0D, 0x2F, 0x1A, 0x0D, 0xE5, 0xAC, 0xBC, 0xC7, 0x8A, 0x74, 0x27,
    0x79, 0x1D, 0xA3, 0x2E, 0x84, 0xED, 0x7A, 0xD6, 0x47, 0x8F, 0x06, 0x7E, 0xB6, 0x07, 0x4B, 0x3C,
    0x74, 0x61, 0x8D, 0xA0, 0x87, 0xA9, 0x00, 0xF1, 0x02, 0x0D, 0xAD, 0xC1, 0xD4, 0xDE, 0x5E, 0x41,
    0x65, 0xBE, 0x42, 0x12, 0x40, 0x87, 0xA9, 0x00, 0xE8, 0x3A, 0x2F, 0xD1, 0xDF, 0x28, 0xB3, 0xFD,
    0x66, 0x76, 0xBE, 0xA4, 0x35, 0x82, 0x9F, 0x60, 0x40, 0x80, 0x47, 0x00, 0x23, 0x21, 0x50, 0x46,
    0x21, 0x40, 0x47, 0x8A, 0x9F, 0x0F, 0xDB, 0x23, 0xA4, 0xB3, 0x4C, 0x80, 0x00, 0x07, 0x6F, 0x8C,
    0x36, 0x69, 0xBF, 0x36, 0xCF, 0x79, 0x3F, 0x8E, 0x4B, 0x69, 0x4C, 0x00, 0x1E, 0x0C, 0x27, 0x3B,
    0x2B, 0x4D, 0x04, 0x40, 0xF0, 0x93, 0xE5, 0xB2, 0x10, 0x00, 0x24, 0x5A, 0xC0, 0x8D, 0x64, 0x83,
    0x9B, 0x54, 0x20, 0x71, 0xF1, 0x77, 0x4C, 0x16, 0x4A, 0x8A, 0x91, 0x87, 0x69, 0x00, 0x8E, 0x86,
    0xE3, 0xAB, 0x38, 0xFA, 0xA9, 0x55, 0x48, 0x31, 0x88, 0x7F, 0xC0, 0x00, 0x2E, 0x4C, 0x33, 0xEA,
    0x29, 0xB9, 0x7E, 0xEB, 0x14, 0x2F, 0xDE, 0xD6, 0x2F, 0xC6, 0xB5, 0x3E, 0xD9, 0x84, 0x9F, 0xEF,
    0x23, 0xD6, 0xBE, 0xB4, 0x76, 0xC3, 0xE2, 0x2D, 0x1F, 0xE6, 0x51, 0x69, 0xFF, 0x2C, 0xF3, 0xB8,
    0x0D, 0x5F, 0x91, 0x8B, 0x47, 0x50, 0x91, 0xCA, 0xD0, 0x14, 0x2F, 0xF3, 0xFC, 0xFE, 0x88, 0x4A,
    0x00, 0xFA, 0x99, 0x8E, 0x5C, 0xA1, 0x1B, 0xDB, 0x8A, 0x6C, 0x72, 0x14, 0x27, 0x33, 0xB1, 0xEB,
    0x38, 0x9B, 0x08, 0x5F, 0x25, 0x2F, 0xEB, 0x2A, 0x00, 0x15, 0x67, 0x19, 0xEF, 0x51, 0xBB, 0xF2,
    0x05, 0x5F, 0x21, 0xF4, 0x6F, 0x35, 0x38, 0x49, 0x87, 0xD9, 0x35, 0x5E, 0x1D, 0xE5, 0x35, 0x31,
    0xA6, 0x5B, 0x88, 0x68, 0x89, 0x56, 0x28, 0x91, 0xC3, 0xED, 0xB1, 0xF4, 0x76, 0xF2, 0x87, 0xB3,
    0x00, 0xF3, 0x33, 0x1E, 0x08, 0x81, 0x0C, 0xF5, 0x23, 0x5E, 0x30, 0xB1, 0x72, 0x6C, 0x87, 0xB4,
    0x00, 0x31, 0x1E, 0xC2, 0xF9, 0xDF, 0x20, 0xC7, 0x58, 0xBE, 0xA1, 0x95, 0xF0, 0xAC, 0xCB, 0x61,
    0xFB, 0xAD, 0x40, 0x88, 0xB3, 0x00, 0x2D, 0x5C, 0x68, 0x52, 0x1F, 0xCE, 0x76, 0x52, 0xD0, 0x46,
    0xFA, 0x60, 0x09, 0x2A, 0x75, 0x5F, 0xD7, 0x70, 0x80, 0x51, 0x00, 0x21, 0x2F, 0xCA, 0x82, 0xE5,
    0x3B, 0xA9, 0xB3, 0x24, 0xD3, 0x1D, 0x0C, 0xF4, 0xAD, 0x80, 0x6D, 0x00, 0x3F, 0x80, 0x32, 0x39,
    0x5F, 0x40, 0xC0, 0x06, 0x65, 0x3B, 0xBA, 0x52, 0x66, 0xC0, 0x86, 0x51, 0x00, 0xB4, 0x16, 0x38,
    0xA7, 0xED, 0x11, 0x88, 0x17, 0x9F, 0xB2, 0x06, 0x23, 0x1B, 0xB8, 0x5E, 0x6E, 0xF6, 0xA3, 0xCE,
    0x99, 0x66, 0x00, 0x3D, 0x90, 0x80, 0x57, 0x00, 0x1E, 0x0B, 0xCA, 0x4E, 0x7F, 0x52, 0xA5, 0xE4,
    0x04, 0x85, 0xDA, 0x79, 0x1F, 0x8A, 0xAB, 0x07, 0x47, 0x79, 0x5D, 0x54, 0x8D, 0xE0, 0x87, 0xBA,
    0x00, 0xE9, 0xE2, 0x73, 0x76, 0xCE, 0x7A, 0x2A, 0x54, 0x23, 0x09, 0x05, 0x40, 0x87, 0xBA, 0x00,
    0xBC, 0xEF, 0x43, 0x8B, 0xD6, 0x10, 0x99, 0xF4, 0x4D, 0xB3, 0xA5, 0x22, 0x43, 0x71, 0x0F, 0xBC,
    0x80, 0x57, 0x00, 0x21, 0x48, 0x34, 0x74, 0x35, 0x27, 0x27, 0x32, 0x45, 0x6C, 0x82, 0xD6, 0x0D,
    0x40, 0x80, 0x58, 0x00, 0x59, 0x4F, 0x8C, 0x79, 0x06, 0x5B, 0xC8, 0xEA, 0xF4, 0x62, 0xCF, 0xDA,
    0xA8, 0x5A, 0x23, 0xBE, 0xCA, 0x63, 0xE6, 0xA4, 0xCF, 0xC0, 0x96, 0xF4, 0x83, 0xD7, 0x8F, 0x7F,
    0xA3, 0x02, 0x94, 0xF8, 0x7F, 0x5F, 0x66, 0x88, 0x87, 0x44, 0x00, 0x89, 0xE3, 0xCE, 0x90, 0x54,
    0x92, 0x0E, 0x30, 0x80, 0x0D, 0xE2, 0x04, 0x80, 0x5B, 0x00, 0x21, 0x2F, 0xD7, 0x51, 0x90, 0x54,
    0xF4, 0x0C, 0x0B, 0xD0, 0x82, 0x5C, 0x94, 0xD3, 0xFE, 0xEC, 0x89, 0x80, 0x8A, 0x82, 0x00, 0x1E,
    0x85, 0x4E, 0xF0, 0x4C, 0xCA, 0xC6, 0xE4, 0xE5, 0xCF, 0x1F, 0x72, 0x17, 0x15, 0x90, 0x82, 0x43,
    0x00, 0x13, 0x9B, 0xDD, 0xE2, 0x90, 0x1A, 0x10, 0x7E, 0x7E, 0xAC, 0x58, 0x16, 0x92, 0x88, 0x82,
    0x00, 0x26, 0xD8, 0x19, 0xC0, 0xD0, 0xDD, 0x20, 0x22, 0xD8, 0x94, 0x58, 0x02, 0x7C, 0x89, 0x58,
    0x20, 0x51, 0xB2, 0x50, 0x80, 0x43, 0x00, 0x17, 0x27, 0x0A, 0xDE, 0x00, 0xA9, 0xBA, 0x9F, 0xF3,
    0x23, 0x2D, 0x1A, 0xAC, 0xD2, 0x44, 0xF6, 0x08, 0x1F, 0x87, 0x23, 0x00, 0x8C, 0xF3, 0x1B, 0xC6,
    0x32, 0x18, 0x8B, 0x29, 0xCA, 0xC2, 0xBA, 0x69, 0x8F, 0x2F, 0x45, 0x5E, 0xDD, 0x00, 0x3D, 0x7E,
    0x47, 0xD6, 0x47, 0x0C, 0x35, 0xD8, 0xB7, 0xE9, 0x0A, 0x75, 0x14, 0xE9, 0x44, 0x0D, 0x1B, 0xA2,
    0x79, 0xF2, 0x0B, 0x28, 0x6F, 0xF2, 0xC4, 0xCC, 0x75, 0x5C, 0x6B, 0xAA, 0x52, 0x96, 0xBD, 0xDC,
    0x71, 0x76, 0x3D, 0x3E, 0xBD, 0xA1, 0x90, 0x70, 0x00, 0x62, 0xC2, 0x16, 0x40, 0x8A, 0xB2, 0x60,
    0xD7, 0x85, 0xAC, 0x74, 0xD1, 0xB9, 0x65, 0x1B, 0x59, 0x4F, 0x0F, 0xFB, 0xC1, 0xC0, 0x23, 0x29,
    0x36, 0xCB, 0x90, 0x47, 0xFA, 0x00, 0x0C, 0x1A, 0xB0, 0x33, 0x58, 0xCF, 0x8E, 0xEB, 0xE0, 0x00,
    0x54, 0x32, 0x87, 0x88, 0xDB, 0x68, 0x5B, 0x54, 0x44, 0x76, 0xC2, 0xBF, 0xF1, 0xAC, 0xA3, 0x85,
    0xCA, 0x90, 0xA1, 0xD1, 0x48, 0xC8, 0xCB, 0x14, 0x0C, 0xF6, 0x06, 0x4B, 0xC0, 0x87, 0xC7, 0x00,
    0x4D, 0x4C, 0x50, 0x0C, 0xA1, 0xCB, 0x43, 0xD6, 0x13, 0xD3, 0xA3, 0xC9, 0xF7, 0x0E, 0xBA, 0x89,
    0x00, 0x33, 0x80, 0x87, 0xC8, 0x00, 0x39, 0x6B, 0x63, 0x1A, 0x94, 0x32, 0x83, 0xAF, 0xE0, 0x2C,
    0x4A, 0x47, 0x9B, 0x2E, 0x80, 0x25, 0x00, 0x57, 0x5B, 0xEF, 0x9D, 0x90, 0xCB, 0xDE, 0x91, 0x2C,
    0x9B, 0x1D, 0xE8, 0x80, 0x45, 0x00, 0x3C, 0x28, 0x3F, 0x1B, 0x4C, 0xBA, 0xB5, 0x73, 0x54, 0x87,
    0xC7, 0x00, 0x24, 0xDB, 0x51, 0xB4, 0x6B, 0x8D, 0x0C, 0xFD, 0x9C, 0x8E, 0x99, 0x25, 0x61, 0xF1,
    0xFA, 0x4B, 0x60, 0x87, 0xC8, 0x00, 0x0D, 0x55, 0xDB, 0xF0, 0xE0, 0x8C, 0xF3, 0x61, 0x63, 0xAD,
    0x91, 0xAC, 0xE8, 0x00, 0x16, 0x4C, 0xF2, 0x1E, 0xF2, 0x1E, 0xF9, 0xAC, 0x20, 0xDA, 0x61, 0xF3,
    0x37, 0xF2, 0xEB, 0xDD, 0xF0, 0x8F, 0xF1, 0x92, 0x59, 0xA7, 0x89, 0xA0, 0x55, 0xE8, 0xFB, 0x8A,
    0xDB, 0xFB, 0xA5, 0xE2, 0x7C, 0x24, 0x83, 0x00, 0xAD, 0xB6, 0x8D, 0xB7, 0xE1, 0x96, 0xD7, 0xF7,
    0x1C, 0xA0, 0x00, 0x73, 0x76, 0x24, 0x8B, 0xFD, 0xAA, 0x0B, 0x56, 0x64, 0x29, 0xAD, 0x77, 0x4E,
    0xA6, 0x10, 0x3F, 0x86, 0x35, 0x82, 0x43, 0x0A, 0xED, 0x63, 0x8A, 0x57, 0xF8, 0x0B, 0xAD, 0xAD,
    0x8E, 0xA2, 0x53, 0x7C, 0xBB, 0xE8, 0xFE, 0xD8, 0x35, 0x1E, 0x73, 0xAD, 0xB2, 0xC0, 0x87, 0x91,
    0x00, 0x5C, 0x04, 0x81, 0xC7, 0x29, 0x45, 0x6A, 0x40, 0xAB, 0x00, 0x73, 0xB5, 0x8F, 0x62, 0x5B,
    0x57, 0x3A, 0xED, 0xCC, 0x12, 0x21, 0x68, 0x69, 0xD8, 0x2E, 0x1E, 0xC9, 0x0A, 0xC9, 0xC9, 0x3A,
    0x70, 0x3D, 0x47, 0x5A, 0x82, 0x90, 0x5C, 0xE5, 0x49, 0xB0, 0x3D, 0x0C, 0xD1, 0x33, 0x09, 0xC0,
    0x85, 0x88, 0xC2, 0xCE, 0x9F, 0x72, 0xA0, 0x81, 0x27, 0x00, 0x0E, 0xE3, 0x22, 0x04, 0xAB, 0xA4,
    0xD4, 0x03, 0x40, 0x82, 0x47, 0x00, 0x0F, 0x07, 0x3F, 0xA0, 0x1C, 0x48, 0x03, 0x22, 0x12, 0x43,
    0xF2, 0x80, 0x85, 0xD3, 0x00, 0x0C, 0xDB, 0x72, 0xC9, 0x50, 0x07, 0xA6, 0xB8, 0xAA, 0x38, 0xDA,
    0x23, 0x8A, 0x5E, 0xC8, 0x80, 0x47, 0x00, 0x12, 0x83, 0xAF, 0xDF, 0x55, 0xBB, 0x12, 0x3D, 0xE8,
    0x80, 0x52, 0x7A, 0x24, 0x0F, 0x2C, 0x60, 0x70, 0x85, 0xD3, 0x00, 0x3B, 0xB6, 0xE7, 0x33, 0xD0,
    0xC6, 0x92, 0xA9, 0x11, 0xFB, 0x70, 0x80, 0x47, 0x00, 0x41, 0x5E, 0x49, 0x51, 0xCE, 0xA6, 0xE1,
    0x93, 0x06, 0x88, 0x8C, 0xB0, 0x87, 0x27, 0x00, 0x2C, 0x79, 0x4E, 0x19, 0x5E, 0xF1, 0xFF, 0xC4,
    0xCA, 0x66, 0x03, 0xDC, 0x87, 0x47, 0x00, 0x54, 0xB1, 0x78, 0xF8, 0x8B, 0x72, 0xDD, 0x0A, 0x96,
    0x80, 0x96, 0x5D, 0x46, 0x34, 0x6E, 0x84, 0xD3, 0x00, 0x0C, 0xDA, 0x62, 0x22, 0xDE, 0xA5, 0xD9,
    0x0A, 0xBE, 0x5A, 0x05, 0x81, 0x62, 0xD6, 0x87, 0xAA, 0x00, 0x0D, 0xD5, 0x20, 0xEC, 0x8E, 0x6F,
    0x52, 0xF2, 0x82, 0x14, 0x31, 0xD5, 0x93, 0x32, 0xE7, 0x74, 0x00, 0x54, 0x3E, 0x43, 0x95, 0x71,
    0xB7, 0xF0, 0x87, 0xD5, 0xBC, 0x57, 0x05, 0xEA, 0x21, 0x6F, 0x52, 0x16, 0x68, 0x4F, 0x59, 0x1F,
    0xF8, 0x3C, 0x69, 0x2F, 0x92, 0xD0, 0x35, 0x20, 0xEE, 0xC2, 0x6C, 0x0B, 0x13, 0x7A, 0x38, 0x44,
    0xD7, 0x51, 0xBC, 0x05, 0x98, 0xF2, 0x59, 0x06, 0xDC, 0x88, 0x87, 0x46, 0x00, 0x34, 0x3F, 0x9B,
    0x1A, 0x2E, 0x73, 0x9F, 0xF8, 0x4C, 0xCA, 0x13, 0x2D, 0x72, 0x7E, 0x72, 0x54, 0x94, 0x59, 0x35,
    0x37, 0x9B, 0x22, 0x36, 0x70, 0xCD, 0x98, 0x09, 0x7E, 0xE5, 0x88, 0x0C, 0xBA, 0x31, 0x7D, 0x5C,
    0x40, 0x80, 0x29, 0x00, 0x2E, 0x95, 0x2D, 0x88, 0xC1, 0xB1, 0x1A, 0x1C, 0xE6, 0xA9, 0x80, 0x15,
    0xDA, 0xE5, 0xF0, 0x11, 0x5C, 0x50, 0x80, 0x49, 0x00, 0x11, 0xA2, 0xBC, 0x9D, 0x94, 0xC1, 0xBF,
    0x25, 0xC4, 0x6E, 0x91, 0x94, 0xBA, 0xC0, 0x4E, 0xFB, 0x94, 0x11, 0x80, 0x80, 0x29, 0x00, 0x5F,
    0xDA, 0x25, 0xF9, 0xFD, 0x2D, 0x48, 0xBC, 0x8F, 0x98, 0x4B, 0xD3, 0x30, 0x80, 0x49, 0x00, 0x41,
    0x5E, 0x49, 0x04, 0x47, 0x22, 0x64, 0x5E, 0x74, 0x87, 0xBD, 0x47, 0x58, 0x87, 0x29, 0x00, 0x9A,
    0xC5, 0x7C, 0x16, 0x08, 0xE4, 0x8D, 0xDE, 0x05, 0x4A, 0x30, 0x63, 0x11, 0x8C, 0x7C, 0x87, 0xDE,
    0x00, 0xC8, 0xA4, 0xAE, 0x45, 0x2A, 0xB6, 0x09, 0xF1, 0x72, 0x4D, 0x88, 0x58, 0xCB, 0xE1, 0xAD,
    0xB8, 0x80, 0x2A, 0x00, 0x41, 0xAA, 0x34, 0x95, 0xFA, 0xC3, 0xB5, 0xC9, 0x86, 0xFE, 0xB8, 0x9A,
    0x5D, 0xB0, 0xB0, 0xAF, 0x73, 0xE3, 0x82, 0xC5, 0xF6, 0x73, 0x6B, 0x52, 0xFF, 0x7F, 0xD9, 0x60,
    0x1C, 0x80, 0xC6, 0xA0, 0x00, 0x1A, 0x4F, 0x1C, 0x93, 0xA5, 0xD5, 0x95, 0x28, 0xDF, 0x8C, 0xDF,
    0x14, 0x0C, 0x00, 0x57, 0xBC, 0xF0, 0x25, 0x33, 0x73, 0x47, 0x25, 0x0F, 0x71, 0x4A, 0x7C, 0xFB,
    0x0D, 0x60, 0x05, 0x20, 0x46, 0xE7, 0x1C, 0xD3, 0x19, 0x60, 0x00, 0x11, 0xA7, 0xD5, 0xE9, 0x2B,
    0xAC, 0x30, 0x4F, 0x7C, 0x2C, 0xD0, 0x48, 0xA8, 0x1F, 0xC8, 0xC3, 0x53, 0x83, 0xD0, 0x95, 0xA1,
    0x63, 0xB1, 0x99, 0xF1, 0x69, 0xD6, 0xC9, 0xAD, 0xCF, 0x7F, 0xCC, 0xD6, 0x7A, 0xDE, 0x4D, 0x1D,
    0xB8, 0x55, 0x03, 0xE3, 0x47, 0xA4, 0x80, 0x00, 0x12, 0x7D, 0x20, 0xF6, 0x2F, 0x3E, 0x1E, 0xD4,
    0x4F, 0x3F, 0x9F, 0xC0, 0x7F, 0x4B, 0xFF, 0x06, 0x60, 0x3B, 0xCB, 0xA6, 0x60, 0x79, 0x5D, 0x0B,
    0xF0, 0xFD, 0xF7, 0x8A, 0xB4, 0x76, 0x24, 0x00, 0x11, 0x94, 0x7A, 0x16, 0x3A, 0x20, 0x4D, 0xD0,
    0x58, 0x3E, 0x14, 0xBB, 0x08, 0xFB, 0xAA, 0x13, 0xE4, 0x3E, 0xD5, 0xD3, 0x9A, 0xF2, 0xD3, 0x32,
    0x47, 0xCE, 0xF9, 0xC0, 0xDE, 0x88, 0x38, 0x00, 0x1A, 0x79, 0xEF, 0xD4, 0x06, 0x9E, 0xF2, 0x58,
    0xE8, 0xC4, 0x85, 0x41, 0xA1, 0x7A, 0x91, 0xB9, 0x8F, 0xE5, 0x39, 0x8F, 0xC0, 0x00, 0x05, 0x0F,
    0xB5, 0x44, 0x1A, 0xF5, 0xF6, 0xEB, 0xC4, 0xAD, 0x0C, 0xCC, 0xCF, 0xBB, 0xD8, 0xEC, 0x50, 0x66,
    0xBB, 0xA4, 0x19, 0xC5, 0xB2, 0x88, 0xB0, 0x00, 0x00, 0x4F, 0x8B, 0xA8, 0x52, 0xCA, 0x88, 0x7A,
    0x69, 0x88, 0x8F, 0x00, 0x03, 0xF3, 0xC8, 0x4B, 0xA7, 0xC2, 0xA4, 0xEC, 0x5B, 0x89, 0x4C, 0x93,
    0x01, 0x14, 0x66, 0xF2, 0x00, 0x09, 0x4F, 0xE4, 0x73, 0x74, 0x33, 0x9E, 0xB0, 0x27, 0x81, 0x59,
    0xDF, 0xF2, 0x0F, 0x3D, 0x7D, 0xEC, 0xD9, 0x87, 0x2B, 0x00, 0x6A, 0x7B, 0xD4, 0x50, 0x6E, 0x01,
    0xCA, 0x9D, 0x65, 0xC0, 0xC0, 0x00, 0x1F, 0x69, 0xD4, 0x3C, 0xAA, 0xAD, 0xCB, 0x35, 0xE1, 0x38,
    0x28, 0x06, 0x27, 0xB5, 0x5D, 0x30, 0x48, 0x88, 0x8D, 0x00, 0xE8, 0x47, 0xF2, 0x71, 0xEF, 0x92,
    0x5E, 0x84, 0x87, 0x4E, 0x00, 0xE6, 0x88, 0x6D, 0x00, 0x03, 0xEC, 0x77, 0x6E, 0x01, 0x15, 0x7B,
    0xA3, 0x02, 0x0C, 0x6E, 0x73, 0x7B, 0x22, 0x4C, 0xD8, 0x23, 0x31, 0x41, 0x04, 0x72, 0x9C, 0x05,
    0xCF, 0xF6, 0x79, 0x0C, 0xC3, 0xB4, 0x9F, 0x17, 0xB2, 0x80, 0x00, 0x0D, 0xC3, 0xD4, 0x38, 0x90,
    0xF8, 0xF3, 0x70, 0xA6, 0xAB, 0x81, 0x0F, 0x5A, 0xA2, 0xFD, 0x81, 0x2D, 0xCB, 0xA3, 0x24, 0xDF,
    0xC8, 0xC3, 0xDD, 0xB8, 0x22, 0xD6, 0x88, 0x00, 0x2F, 0x69, 0x79, 0xD3, 0xA6, 0xD4, 0x94, 0xB0,
    0xF1, 0xC2, 0xC4, 0x87, 0x5F, 0x39, 0xC1, 0x18, 0x09, 0x27, 0x6F, 0x0F, 0x82, 0x68, 0x90, 0xA1,
    0xBF, 0xDE, 0xE8, 0x86, 0xEA, 0x00, 0x26, 0xA9, 0x6D, 0x08, 0xD3, 0x9F, 0x4B, 0x5D, 0x48, 0xEA,
    0x38, 0x79, 0xAD, 0x9F, 0xF6, 0x12, 0x53, 0xB8, 0xB9, 0x87, 0x2D, 0x00, 0x8F, 0x9B, 0x0D, 0x6F,
    0x61, 0x3C, 0xE8, 0x0D, 0xB0, 0xC8, 0x50, 0xD3, 0x8F, 0x1E, 0x87, 0x4D, 0x00, 0x88, 0xC4, 0x74,
    0x2F, 0x2B, 0xEE, 0x19, 0xDF, 0x84, 0xFD, 0x6A, 0xC3, 0xE0, 0x8F, 0x4D, 0x00, 0xFE, 0x6F, 0x23,
    0x80, 0xDF, 0x8F, 0xB7, 0x8A, 0xF8, 0xFE, 0xC7, 0x1A, 0xB4, 0x69, 0xCA, 0xA0, 0xA5, 0xD0, 0x80,
    0x2E, 0x00, 0x10, 0xAB, 0x6A, 0x9F, 0x3F, 0xD9, 0x22, 0x3E, 0x3A, 0x3E, 0x86, 0xD2, 0xE8, 0x40,
    0x87, 0xAE, 0x00, 0x64, 0xCC, 0x4C, 0x50, 0x46, 0x2D, 0xAA, 0x12, 0xC0, 0x87, 0x2E, 0x00, 0x97,
    0xF1, 0x87, 0xC9, 0xB0, 0xA0, 0x98, 0xE5, 0x3A, 0x00, 0x08, 0x27, 0xDA, 0x36, 0x0F, 0xAF, 0xB9,
    0x18, 0x38, 0xFE, 0x23, 0xD0, 0x46, 0x00, 0xBA, 0x70, 0x87, 0x2E, 0x00, 0x7E, 0xC2, 0xA5, 0xCE,
    0x45, 0x03, 0xA8, 0x00, 0x03, 0x47, 0xFB, 0x78, 0x0A, 0x2A, 0x66, 0xC3, 0xCE, 0xCC, 0x1D, 0x69,
    0x93, 0xDA, 0x20, 0x40, 0x87, 0x2E, 0x00, 0x97, 0xAE, 0xE9, 0x58, 0xD0, 0xA0, 0xE8, 0x80, 0x00,
    0x03, 0x81, 0x0E, 0x95, 0x8F, 0xC6, 0x1B, 0x1E, 0xCA, 0xD8, 0x0E, 0xD5, 0x37, 0x67, 0x6A, 0x26,
    0x80, 0x00, 0x11, 0x43, 0xFC, 0xC6, 0xAB, 0x82, 0xBC, 0xEA, 0x7A, 0x95, 0xD7, 0xB4, 0x07, 0x17,
    0x0E, 0xF0, 0xE7, 0x31, 0x31, 0x97, 0x75, 0xCB, 0x3D, 0x87, 0x72, 0x00, 0x22, 0xF1, 0x31, 0x9B,
    0x8B, 0x2D, 0xBA, 0x24, 0x13, 0xF6, 0x53, 0xE7, 0x65, 0x83, 0x79, 0x2D, 0x14, 0x86, 0x92, 0x00,
    0x51, 0x49, 0xEE, 0x70, 0x80, 0x89, 0x3E, 0xE6, 0xB8, 0x5A, 0x7B, 0x57, 0x26, 0x58, 0x60, 0xEB,
    0x47, 0x48, 0x87, 0x4A, 0x00, 0xF5, 0xA8, 0x30, 0x89, 0xF3, 0x08, 0x5A, 0x91, 0x6E, 0xDB, 0x68,
    0xD8, 0x76, 0x18, 0x8C, 0x2B, 0xA4, 0x87, 0x30, 0x00, 0x68, 0xD9, 0x61, 0xFF, 0xB1, 0x71, 0x6C,
    0x87, 0xF2, 0x66, 0xFB, 0xFC, 0xF9, 0x1A, 0x11, 0x80, 0x8F, 0x4A, 0x00, 0xFC, 0x90, 0x03, 0x85,
    0xA8, 0x3F, 0x9F, 0xCD, 0xA9, 0xC5, 0x72, 0xB3, 0x3A, 0x86, 0x92, 0x00, 0x19, 0x13, 0x5F, 0x5F,
    0x08, 0x7D, 0x28, 0x44, 0x68, 0xCF, 0x86, 0x94, 0x66, 0x83, 0xA3, 0x47, 0x9D, 0x96, 0x0C, 0xB8,
    0x87, 0x4A, 0x00, 0xE7, 0xE7, 0xD4, 0xFE, 0x78, 0x7A, 0xC7, 0xEC, 0xF5, 0xBB, 0x53, 0x2F, 0x41,
    0xE8, 0x67, 0x2B, 0xE0, 0x60, 0xEE, 0x02, 0x60, 0x00, 0x0D, 0x07, 0x5C, 0x36, 0x76, 0xB5, 0x40,
    0xA4, 0x13, 0x6E, 0x68, 0x3F, 0x7A, 0x49, 0x93, 0x59, 0x6C, 0xEC, 0xD1, 0xC0, 0x8F, 0xCE, 0x76,
    0x42, 0x83, 0x4E, 0x24, 0xD4, 0x28, 0x87, 0x30, 0x00, 0x68, 0xDB, 0x66, 0xF3, 0x6A, 0xC7, 0xD0,
    0x37, 0x23, 0x4A, 0xED, 0xC0, 0x90, 0xCB, 0x7C, 0x62, 0x74, 0xC7, 0x3E, 0x3C, 0xD8, 0x67, 0x76,
    0x1F, 0x45, 0xB8, 0xB4, 0x52, 0xEE, 0x70, 0x8F, 0x4A, 0x00, 0xFC, 0x90, 0x02, 0x2D, 0x9F, 0x8A,
    0xCD, 0x0B, 0x40, 0x40, 0x62, 0x49, 0x6E, 0x82, 0x31, 0x00, 0x21, 0xDB, 0xD5, 0x97, 0xE7, 0x39,
    0x75, 0x2E, 0xDD, 0xF4, 0x27, 0x53, 0xA8, 0x80, 0x8A, 0xB3, 0x00, 0x14, 0x2D, 0x4F, 0xD1, 0x61,
    0xA2, 0x82, 0x2D, 0x5B, 0x88, 0x80, 0x80, 0x31, 0x00, 0x29, 0xFA, 0x98, 0x30, 0xAE, 0x15, 0x9F,
    0x28, 0xC3, 0xE9, 0xDE, 0xF8, 0xFF, 0xFF, 0x55, 0xA7, 0x92, 0x71, 0x50, 0x87, 0xB7, 0x00, 0x12,
    0x36, 0x74, 0xB5, 0xB5, 0x43, 0x79, 0x58, 0x4B, 0x84, 0xF3, 0xBA, 0x84, 0x3B, 0x69, 0x8E, 0x87,
    0x94, 0x00, 0x39, 0x9A, 0xDB, 0xA4, 0xC1, 0xAD, 0x58, 0x51, 0x7E, 0xC3, 0x1F, 0xD4, 0x76, 0xDB,
    0x22, 0x08, 0x67, 0x0D, 0x1C, 0xDC, 0x87, 0xB3, 0x00, 0xC3, 0xA5, 0xFE, 0x2C, 0x37, 0x1E, 0xB8,
    0x3A, 0x8C, 0xAF, 0x4D, 0x60, 0x0E, 0xFC, 0x5A, 0xF2, 0x00, 0xB3, 0xEA, 0x6A, 0xF7, 0x91, 0xF9,
    0x23, 0xBA, 0x6E, 0x03, 0xFE, 0x3B, 0x01, 0x0E, 0x87, 0x18, 0xB5, 0x88, 0xA7, 0x48, 0x44, 0x7C,
    0xA4, 0x20, 0x12, 0x8D, 0x91, 0xA3, 0x75, 0x9D, 0xE4, 0x0A, 0x2A, 0x6B, 0x22, 0xB3, 0xC0, 0x1B,
    0x52, 0x51, 0x8E, 0x21, 0x35, 0x20, 0x00, 0x23, 0x2B, 0x09, 0xAC, 0x09, 0xB6, 0x70, 0xBC, 0x01,
    0xFB, 0x29, 0x0B, 0x6C, 0x24, 0x8C, 0xAA, 0xA2, 0x18, 0x6D, 0xA8, 0x1F, 0x0C, 0xFA, 0xDB, 0x97,
    0x03, 0x8C, 0x70, 0x8F, 0x87, 0x0A, 0x69, 0x29, 0x46, 0x3E, 0x9A, 0xFC, 0x79, 0x71, 0xD1, 0xBE,
    0xAF, 0x8B, 0x2B, 0xFD, 0x79, 0xC7, 0xA2, 0xA0, 0x15, 0x8E, 0x18, 0xB9, 0x99, 0xBE, 0x40, 0x78,
    0x00, 0x50, 0xF8, 0x65, 0x94, 0xD0, 0x6B, 0x12, 0xA8, 0x6F, 0x6A, 0xF9, 0xC1, 0x9F, 0x99, 0x54,
    0xBA, 0x2B, 0x94, 0xDB, 0x5C, 0x02, 0x12, 0xEB, 0x40, 0x72, 0x5A, 0xBE, 0x3B, 0xB9, 0xE5, 0x8C,
    0x28, 0x25, 0x37, 0x3C, 0xCC, 0x04, 0xED, 0xE9, 0xF8, 0xCF, 0x38, 0xC0, 0x80, 0x54, 0x00, 0x3C,
    0xEC, 0x9C, 0x0A, 0x97, 0xCE, 0xAB, 0xA6, 0xC4, 0x6C, 0x07, 0xB9, 0x22, 0xB0, 0x87, 0x34, 0x00,
    0x3E, 0x71, 0x70, 0xF9, 0x3F, 0x77, 0x9A, 0x0A, 0xED, 0xD5, 0x1B, 0x44, 0x87, 0xE0, 0x50, 0x00,
    0x48, 0xF1, 0xDC, 0x62, 0x74, 0x5F, 0xDF, 0x3E, 0x8E, 0xD0, 0xB9, 0xE8, 0x2C, 0xC0, 0x98, 0x19,
    0x64, 0x30, 0xAF, 0x87, 0x15, 0x01, 0x0D, 0xDA, 0x08, 0x22, 0x6C, 0x44, 0x22, 0x76, 0x69, 0x6F,
    0xEC, 0xC2, 0xA9, 0x35, 0xE5, 0x71, 0x00, 0x08, 0x62, 0x40, 0x25, 0x5D, 0xB4, 0xA7, 0x84, 0x30,
    0x80, 0x16, 0x7C, 0x7F, 0x78, 0x25, 0x9F, 0x79, 0x58, 0xE6, 0xBD, 0xA8, 0x6B, 0x5B, 0x38, 0x00,
    0x58, 0x22, 0xAB, 0x71, 0x9A, 0x47, 0xD4, 0xDA, 0xB0, 0xB8, 0x46, 0x24, 0x8B, 0xF7, 0xF5, 0x7D,
    0xB9, 0x12, 0x32, 0x05, 0x97, 0xA7, 0xE0, 0x4D, 0x5B, 0xC7, 0x6D, 0x27, 0x26, 0xC6, 0xDF, 0x5D,
    0xD9, 0x86, 0xEA, 0x39, 0x16, 0xF8, 0x60, 0xC4, 0xCA, 0x00, 0x4A, 0xC6, 0x39, 0x1C, 0x0C, 0xAC,
    0xD1, 0xB0, 0xC8, 0xAF, 0xF1, 0x93, 0x91, 0xF6, 0x83, 0xAF, 0x2A, 0xD7, 0x70, 0x69, 0xF4, 0x70,
    0x70, 0xE8, 0x91, 0xAF, 0x86, 0x80, 0x9E, 0x10, 0xE7, 0xDE, 0x3B, 0x95, 0x79, 0x5A, 0xDA, 0x5D,
    0x87, 0x1B, 0x01, 0x3D, 0x4E, 0xCF, 0xB5, 0xDA, 0x7A, 0x1C, 0xB0, 0x5A, 0x03, 0x58, 0x5C, 0xFB,
    0x2D, 0x4F, 0x7B, 0xDE, 0x87, 0x1C, 0x01, 0x32, 0x08, 0x8D, 0x00, 0x8D, 0x3E, 0x91, 0xFE, 0x16,
    0x0A, 0x25, 0x1F, 0x91, 0x84, 0xA0, 0x37, 0xCF, 0xAE, 0x87, 0x35, 0x00, 0x85, 0x32, 0x30, 0x81,
    0x53, 0x2B, 0x79, 0x07, 0x92, 0x57, 0x92, 0xD2, 0x6B, 0x47, 0x3C, 0xAF, 0x4A, 0xD2, 0xE0, 0x87,
    0x55, 0x00, 0x4D, 0x7F, 0x53, 0x42, 0xE3, 0x40, 0xFB, 0xE1, 0xAA, 0x85, 0x23, 0x88, 0x30, 0xC3,
    0x3F, 0x8F, 0xF6, 0x14, 0x60, 0x87, 0x1B, 0x01, 0x12, 0x1B, 0x49, 0x8B, 0x9E, 0x89, 0xC8, 0x8C,
    0x2B, 0xC7, 0x0B, 0x28, 0x92, 0x38, 0x54, 0x19, 0x87, 0x1C, 0x01, 0x0D, 0x5B, 0xC3, 0x86, 0xC2,
    0x23, 0x3C, 0xFD, 0x68, 0x8F, 0xD3, 0x63, 0xEB, 0x63, 0xF8, 0xD5, 0x87, 0x36, 0x00, 0x1A, 0x8B,
    0x84, 0x66, 0xF4, 0xFF, 0x52, 0x22, 0x20, 0x31, 0x82, 0xA0, 0xCE, 0x73, 0x35, 0xE8, 0x87, 0x56,
    0x00, 0x76, 0xE6, 0xD2, 0x2A, 0xC4, 0x00, 0x7B, 0x68, 0xD1, 0xD0, 0xAD, 0x89, 0x02, 0x1C, 0x13,
    0x18, 0x80, 0x36, 0x00, 0x16, 0x4A, 0x7C, 0x31, 0x45, 0x7F, 0x1C, 0x92, 0x5D, 0xFF, 0xE2, 0xF3,
    0xD0, 0x6B, 0x93, 0x04, 0x53, 0x97, 0xBC, 0x05, 0x0C, 0x40, 0x00, 0x6E, 0x32, 0x06, 0x9D, 0xDC,
    0xC1, 0xA1, 0x4E, 0x84, 0xA5, 0xE5, 0x58, 0x13, 0x8B, 0x50, 0xFD, 0x48, 0x9D, 0xAC, 0x31, 0xC1,
    0xED, 0xC5, 0xA2, 0x8D, 0xBF, 0x18, 0x87, 0x23, 0x01, 0x1A, 0x8B, 0x71, 0xE4, 0xE1, 0xDA, 0xA5,
    0x94, 0xD6, 0x05, 0x24, 0x87, 0x56, 0x00, 0x76, 0xEA, 0xA8, 0xF3, 0xB1, 0x70, 0x3E, 0x41, 0x14,
    0xF4, 0x84, 0x88, 0x9A, 0x00, 0x87, 0x8F, 0x9A, 0xDD, 0x89, 0x23, 0xC3, 0xD1, 0x41, 0x87, 0x7B,
    0x7E, 0x70, 0xAF, 0xB3, 0x1D, 0x80, 0x57, 0x00, 0x1F, 0x0C, 0xDF, 0xA0, 0xA6, 0x57, 0xCC, 0xD0,
    0x3E, 0x55, 0xD5, 0xB0, 0x19, 0xFD, 0x68, 0x0E, 0xD7, 0x60, 0x81, 0x37, 0x00, 0x18, 0x5A, 0x5D,
    0xC6, 0x7E, 0x9C, 0xDA, 0xB1, 0x74, 0xF4, 0x70, 0x82, 0x57, 0x00, 0x13, 0xAA, 0x3D, 0xDD, 0x27,
    0xB4, 0xBA, 0x90, 0x43, 0xB0, 0x85, 0x2B, 0x01, 0x1B, 0xB8, 0x06, 0xC4, 0xAC, 0x7C, 0xD5, 0x10,
    0xD0, 0x53, 0xAF, 0x90, 0xCE, 0x2B, 0x7B, 0xD2, 0x80, 0x80, 0x57, 0x00, 0x17, 0x29, 0x72, 0x0B,
    0x1B, 0x33, 0xF5, 0x8C, 0x46, 0xA3, 0x27, 0x6C, 0x84, 0x6A, 0xA3, 0x80, 0x82, 0x2B, 0x01, 0x41,
    0x7B, 0x3B, 0x3A, 0x76, 0x04, 0xDC, 0x16, 0xEA, 0xA0, 0x2E, 0x54, 0x13, 0x7F, 0xBB, 0x3D, 0x05,
    0xC0, 0x07, 0x40, 0x84, 0x2E, 0x01, 0x3F, 0x21, 0x58, 0xFC, 0x01, 0x34, 0xA5, 0xB4, 0x51, 0xD3,
    0xC5, 0xFD, 0x96, 0x1C, 0x87, 0x54, 0x9D, 0xEA, 0xE3, 0x87, 0x9A, 0x00, 0x8B, 0x05, 0x57, 0x3A,
    0xCF, 0x94, 0x71, 0x7B, 0x28, 0x0F, 0x72, 0x4A, 0x47, 0x08, 0xBE, 0x9C, 0x1A, 0x87, 0xBA, 0x00,
    0x88, 0x8C, 0x77, 0x7E, 0x01, 0xAA, 0x2F, 0x05, 0xD3, 0xCC, 0x22, 0xEA, 0xA3, 0xCE, 0xC4, 0x5C,
    0x87, 0x37, 0x00, 0x8F, 0x8D, 0x91, 0x86, 0xA1, 0x58, 0x4A, 0x7F, 0xF9, 0x58, 0xEC, 0xC1, 0x3A,
    0x51, 0x80, 0x00, 0x80, 0x9C, 0x7E, 0xF1, 0x78, 0x78, 0x48, 0xA9, 0xF8, 0x5A, 0xFD, 0x90, 0x70,
    0xB0, 0x4A, 0x2E, 0x88, 0x68, 0xA4, 0xB2, 0xB8, 0x31, 0x59, 0x63, 0x43, 0x7B, 0xC5, 0xB9, 0x05,
    0x17, 0x00, 0x66, 0x9F, 0xB8, 0xAD, 0x2B, 0x24, 0x5D, 0xE6, 0x60, 0x29, 0x53, 0xAD, 0x8D, 0xFC,
    0x44, 0x52, 0x15, 0xA7, 0x8E, 0x67, 0xFA, 0x07, 0xC3, 0x6B, 0x7D, 0x7B, 0x56, 0x84, 0xB7, 0xE3,
    0x04, 0x7B, 0xE2, 0xCE, 0x73, 0xE9, 0x1F, 0x6E, 0xA8, 0x2C, 0x97, 0xE5, 0x22, 0xBA, 0xFE, 0x3C,
    0xD1, 0xCE, 0x0F, 0x7D, 0x0D, 0xC5, 0x79, 0x99, 0xED, 0x78, 0x68, 0x65, 0x77, 0x28, 0x05, 0x9D,
    0x19, 0xB9, 0x8C, 0x16, 0x6B, 0x03, 0x7C, 0x51, 0x42, 0x6C, 0x02, 0x80, 0x59, 0x00, 0x5B, 0x21,
    0xB5, 0x57, 0x45, 0x5E, 0x23, 0xD6, 0x38, 0x19, 0xD7, 0xE9, 0x92, 0x06, 0x00, 0x35, 0xF9, 0x8E,
    0x22, 0xD4, 0xE3, 0x16, 0xD3, 0x77, 0xCC, 0x64, 0x05, 0xA2, 0xD3, 0x2A, 0x93, 0xDB, 0xFC, 0xAB,
    0x31, 0x37, 0x6B, 0x8F, 0xE1, 0x65, 0x2B, 0xA7, 0x01, 0xFB, 0x55, 0x43, 0x42, 0x9A, 0x37, 0x19,
    0x59, 0xC0, 0x87, 0x9E, 0x00, 0x41, 0x20, 0x37, 0x13, 0x24, 0xE4, 0x97, 0xB9, 0xD8, 0xF6, 0x96,
    0x3C, 0xC1, 0x11, 0x1C, 0x8F, 0x51, 0x78, 0x87, 0xBE, 0x00, 0x31, 0x05, 0x46, 0x16, 0xD8, 0x32,
    0xB4, 0xBD, 0x0D, 0x4C, 0x66, 0xF7, 0x25, 0x8D, 0x95, 0xA2, 0xFF, 0x42, 0x0A, 0x80, 0x88, 0x9E,
    0x00, 0x32, 0xAF, 0x2A, 0x2B, 0x41, 0xDB, 0x2A, 0xC7, 0x47, 0x52, 0xFD, 0x2B, 0x2E, 0x98, 0xA1,
    0xBC, 0x89, 0x60, 0x00, 0x57, 0xE3, 0xD5, 0x69, 0x14, 0x4E, 0x5F, 0x1D, 0x32, 0x2A, 0x5B, 0x2D,
    0x8E, 0x1C, 0xDA, 0xE7, 0xCC, 0x26, 0xC2, 0x9F, 0xB8, 0x44, 0x0E, 0xE0, 0xA0, 0xA7, 0x27, 0xB6,
    0x35, 0x86, 0x90, 0x00, 0x4B, 0xBB, 0xEB, 0x02, 0x05, 0x71, 0x9F, 0x28, 0x38, 0x96, 0xF8, 0xEB,
    0xDF, 0x0C, 0xEE, 0x8F, 0x7B, 0xC1, 0x30, 0x0E, 0x62, 0xA9, 0x3B, 0x02, 0xF4, 0xA0, 0x88, 0x3A,
    0x01, 0x4A, 0x40, 0xB7, 0xE2, 0x47, 0x6A, 0x21, 0x4C, 0x08, 0xDF, 0x30, 0x80, 0x5C, 0x00, 0x3D,
    0x7B, 0x4D, 0x20, 0xFA, 0x08, 0x0F, 0x14, 0x1F, 0x30, 0x87, 0x3A, 0x01, 0x12, 0x22, 0xBF, 0xE7,
    0x9A, 0x0A, 0x92, 0x3A, 0x78, 0xAE, 0xB0, 0x57, 0x13, 0x64, 0xB0, 0x87, 0x3B, 0x01, 0x08, 0xFF,
    0x14, 0x29, 0x77, 0x44, 0xCC, 0x14, 0x6B, 0x51, 0xEC, 0x13, 0x8D, 0x86, 0x00, 0x1C, 0x3C, 0x55,
    0xF5, 0x43, 0x61, 0x89, 0x73, 0x30, 0xF7, 0x30, 0x93, 0x52, 0x95, 0x28, 0x00, 0x98, 0x93, 0xCC,
    0x37, 0xF9, 0x8B, 0xD8, 0x98, 0x3F, 0xAE, 0x16, 0x14, 0x4F, 0xC6, 0x1D, 0xF4, 0x5D, 0x35, 0x5D,
    0x5B, 0xB3, 0x23, 0x7B, 0xC5, 0x5C, 0xA5, 0xB1, 0x2B, 0x8E, 0x36, 0x10, 0xD8, 0xAC, 0xB5, 0x89,
    0x1F, 0x76, 0xA8, 0x7C, 0x68, 0x0C, 0xFA, 0x8D, 0x15, 0x7A, 0x1C, 0x00, 0xC9, 0x11, 0x76, 0x50,
    0x65, 0x09, 0x21, 0xBA, 0xCC, 0x4F, 0xD7, 0x13, 0x96, 0x62, 0xCB, 0xA1, 0x42, 0x42, 0x7C, 0x65,
    0x79, 0xD1, 0xD6, 0x6F, 0x98, 0xB2, 0x83, 0xE1, 0x27, 0x33, 0x61, 0xFB, 0x7B, 0x57, 0x8B, 0x62,
    0x00, 0x97, 0xED, 0x58, 0xD3, 0x4B, 0x9A, 0x67, 0x97, 0x23, 0x5B, 0xB6, 0x37, 0xC2, 0x1B, 0xC8,
    0xE3, 0x19, 0xD7, 0x28, 0xBD, 0xE8, 0xA2, 0xCB, 0xC8, 0x6E, 0x46, 0x07, 0x52, 0x7B, 0x00, 0xC8,
    0x24, 0xE6, 0x85, 0x69, 0x00, 0xCD, 0x54, 0x9B, 0x92, 0xE7, 0xCA, 0x4C, 0x87, 0xB5, 0xCD, 0xFE,
    0x3A, 0x8D, 0xFE, 0x84, 0xDB, 0x64, 0x9A, 0x53, 0xAE, 0x58, 0xC9, 0xB3, 0x9C, 0x6D, 0x0F, 0xBF,
    0x3F, 0xB0, 0x00, 0xAC, 0x32, 0xC8, 0xC0, 0x30, 0x13, 0x36, 0x9F, 0xF8, 0x5C, 0x64, 0xAA, 0xFB,
    0xBA, 0xF2, 0xC7, 0x5B, 0x27, 0x93, 0x3B, 0x98, 0x74, 0xC2, 0xE9, 0x80, 0xBD, 0xCE, 0xE8, 0x4A,
    0x19, 0x62, 0x49, 0x54, 0x4C, 0xF4, 0x68, 0x66, 0x8A, 0xC5, 0xC9, 0xBD, 0x18, 0x58, 0xDF, 0x2F,
    0xEC, 0x9B, 0x53, 0xAD, 0x76, 0x4E, 0x1E, 0x4A, 0xC3, 0xB9, 0xE5, 0x16, 0x99, 0xCB, 0xB5, 0x72,
    0x25, 0x73, 0x4D, 0xF8, 0xC2, 0xFF, 0xB9, 0xD6, 0x8A, 0xC3, 0x7B, 0x8A, 0x00, 0xA7, 0xC4, 0x77,
    0xCB, 0x55, 0xF1, 0xF0, 0x76, 0x19, 0x32, 0xFE, 0x57, 0x53, 0xF3, 0x13, 0x82, 0xAB, 0xE6, 0xAC,
    0x2F, 0x01, 0x30, 0x4A, 0xA1, 0x7C, 0x5F, 0x6B, 0x01, 0x90, 0x1A, 0x11, 0xA7, 0xE6, 0x92, 0x03,
    0xB2, 0x47, 0x30, 0xE2, 0x28, 0xF9, 0xA0, 0x03, 0x58, 0xA5, 0x61, 0x10, 0x25, 0x9A, 0xA4, 0x74,
    0xF8, 0x02, 0xF2, 0x8A, 0xD9, 0x7F, 0x53, 0xDE, 0xC7, 0x3D, 0x40, 0x2D, 0xAA, 0xF8, 0x1D, 0x5B,
    0x48, 0x00, 0x62, 0x2E, 0xBC, 0x34, 0x37, 0x56, 0x8A, 0x47, 0x37, 0x32, 0x12, 0x92, 0x7D, 0x80,
    0x41, 0x75, 0x5A, 0x9B, 0xC1, 0xEE, 0xEB, 0xA1, 0x83, 0x46, 0xB4, 0x89, 0x86, 0x07, 0xEE, 0x87,
    0x94, 0x39, 0xE8, 0x77, 0x21, 0x17, 0xC9, 0x8F, 0xA7, 0xB2, 0x84, 0xBD, 0x34, 0x0B, 0x2A, 0xAD,
    0xA8, 0xAA, 0xD8, 0x55, 0xDA, 0xC3, 0x79, 0x8E, 0xEF, 0x4D, 0x6C, 0x80, 0x3C, 0x5E, 0x7E, 0xE5,
    0x3D, 0xAA, 0xF6, 0x81, 0x3C, 0x54, 0xE8, 0x00, 0x03, 0x3F, 0x29, 0x05, 0x0C, 0xE0, 0x99, 0x8B,
    0xC1, 0xAC, 0x58, 0xF5, 0x06, 0xC7, 0x26, 0xE9, 0xCA, 0xAD, 0x2D, 0xEA, 0xBF, 0x55, 0xD7, 0x04,
    0x0E, 0x95, 0x10, 0xBA, 0x23, 0x14, 0x52, 0xA0, 0x86, 0x48, 0x01, 0x88, 0xC3, 0x6D, 0x1B, 0xA1,
    0xD1, 0x9E, 0x14, 0x02, 0x60, 0x61, 0xA5, 0x8C, 0x5B, 0x19, 0x9B, 0xDE, 0xA5, 0x7A, 0xBA, 0xF5,
    0xBC, 0x6D, 0x40, 0x00, 0x03, 0xD8, 0x63, 0x87, 0x01, 0x51, 0x05, 0x60, 0x8A, 0x7A, 0x4C, 0x9B,
    0xD8, 0xC8, 0xBD, 0xD7, 0xFE, 0xB5, 0x26, 0x4A, 0x2F, 0x01, 0x2C, 0x24, 0xE8, 0x00, 0x02, 0xAF,
    0xF9, 0x15, 0xEE, 0x8F, 0x82, 0x16, 0x20, 0xCE, 0x0A, 0x65, 0x40, 0xE7, 0x7C, 0xB7, 0x77, 0xFA,
    0xC6, 0x71, 0x05, 0x33, 0xA1, 0x3B, 0x2B, 0xBA, 0x50, 0x04, 0x67, 0x6A, 0xA9, 0x25, 0xA3, 0xF9,
    0x1A, 0xA9, 0x63, 0xBB, 0x02, 0x85, 0x91, 0xE0, 0x5B, 0xDA, 0x07, 0x2A, 0x45, 0xBC, 0x8B, 0x5F,
    0x56, 0xD4, 0x01, 0x70, 0xD4, 0x73, 0x9C, 0xC0, 0x86, 0x4B, 0x01, 0xA2, 0x1A, 0xDF, 0xBE, 0xA5,
    0x87, 0xD7, 0x09, 0xC1, 0x22, 0xC7, 0xFD, 0x5F, 0x59, 0x81, 0x8F, 0x1F, 0x4E, 0x3E, 0x39, 0xA8,
    0x3E, 0x89, 0xFE, 0x26, 0xC1, 0xF0, 0x14, 0xC8, 0xA4, 0x28, 0x07, 0xDB, 0x67, 0x88, 0x00, 0x98,
    0xAA, 0xDE, 0xE1, 0x88, 0xEF, 0xF9, 0xC8, 0x3D, 0xBA, 0x2F, 0x07, 0x7E, 0x78, 0xC5, 0xB2, 0xBF,
    0xA0, 0xEB, 0x33, 0xC7, 0x03, 0xA7, 0x37, 0x00, 0x88, 0xB6, 0xA8, 0x62, 0x53, 0x6F, 0x0A, 0x1F,
    0x23, 0xDB, 0x80, 0x4C, 0x12, 0xE2, 0xB1, 0xC3, 0x80, 0x87, 0x82, 0x00, 0x1A, 0x88, 0xBD, 0xC2,
    0x41, 0x64, 0x20, 0x62, 0xAE, 0x68, 0x73, 0x22, 0x4A, 0xAA, 0xCA, 0xB5, 0x8D, 0xE5, 0x80, 0x87,
    0xA2, 0x00, 0x12, 0x17, 0x76, 0x1E, 0x73, 0xDE, 0x55, 0x81, 0x66, 0xC3, 0x76, 0x7E, 0xC3, 0xF9,
    0x5C, 0x5F, 0x16, 0x10, 0x87, 0x8F, 0x00, 0x04, 0x26, 0x08, 0xD7, 0xAA, 0x20, 0x89, 0x13, 0xD6,
    0x45, 0xF4, 0x56, 0xC3, 0x39, 0xC0, 0x87, 0xAF, 0x00, 0x04, 0x31, 0xB5, 0xC4, 0x1A, 0xA3, 0x50,
    0x05, 0xED, 0x60, 0xA2, 0x12, 0x5F, 0x90, 0xF8, 0x87, 0x94, 0x00, 0x1F, 0xD1, 0xFC, 0xD0, 0xB9,
    0xFF, 0x59, 0x6D, 0x78, 0x60, 0x4B, 0xA5, 0xCB, 0xCC, 0x3A, 0xF7, 0xB5, 0x30, 0x87, 0xB4, 0x00,
    0x12, 0x18, 0x4B, 0x76, 0x54, 0x96, 0x4D, 0x73, 0x87, 0xAB, 0x60, 0xB8, 0xAC, 0x6D, 0x0B, 0x84,
    0x2B, 0x01, 0x16, 0x4B, 0x85, 0xB5, 0x94, 0x37, 0xB2, 0x70, 0xB0, 0x7A, 0xEB, 0xB0, 0x82, 0xFD,
    0xCC, 0xF0, 0x5A, 0x87, 0xBA, 0x00, 0x12, 0xE8, 0x50, 0x10, 0x37, 0xB2, 0xB6, 0x9B, 0x27, 0x94,
    0x5E, 0x27, 0x6A, 0x37, 0x5C, 0x66, 0x60, 0x81, 0x2B, 0x01, 0x8C, 0xF4, 0xFE, 0x43, 0xE8, 0x2D,
    0x03, 0xC6, 0x08, 0x0F, 0xB5, 0x46, 0xAA, 0x6E, 0x92, 0x83, 0x94, 0xE6, 0x58, 0x83, 0x2E, 0x01,
    0x13, 0xAA, 0x38, 0xA2, 0x23, 0xCF, 0x1D, 0x51, 0xDE, 0x94, 0x76, 0x08, 0xA8, 0xE7, 0x2E, 0x5A,
    0x92, 0xBC, 0x08, 0x80, 0x2B, 0x01, 0x5D, 0x14, 0x8F, 0x08, 0xD2, 0x10, 0x84, 0x4F, 0x59, 0x4B,
    0x1E, 0xBD, 0xA0, 0x0A, 0x88, 0x26, 0xC8, 0x83, 0x82, 0x2E, 0x01, 0x58, 0x22, 0xAC, 0xF5, 0xDC,
    0x7A, 0xD8, 0x98, 0xC9, 0xD5, 0xA7, 0x5C, 0x50, 0x3B, 0x81, 0xC9, 0xE5, 0x43, 0x90, 0x80, 0x2B,
    0x01, 0x16, 0x4B, 0x85, 0xC7, 0x81, 0xED, 0x9B, 0x8D, 0x23, 0x31, 0x79, 0x20, 0xCE, 0x24, 0x8E,
    0xB0, 0x09, 0x77, 0x15, 0x8D, 0xF5, 0xD8, 0xE6, 0xE0, 0x81, 0x2E, 0x01, 0x7E, 0xC1, 0x4C, 0x98,
    0x5B, 0x67, 0x94, 0x8D, 0xC2, 0x1A, 0x32, 0x55, 0x02, 0x56, 0x55, 0xA7, 0x04, 0x1C, 0xBE, 0x7C,
    0xB4, 0x83, 0x40, 0x80, 0x2B, 0x01, 0x1A, 0x71, 0x72, 0x14, 0xA0, 0x72, 0xFD, 0xE3, 0x2A, 0xCE,
    0x00, 0x88, 0xF5, 0x27, 0xC3, 0xE4, 0xA8, 0x45, 0x34, 0x1F, 0x60, 0x82, 0x2E, 0x01, 0x15, 0xD7,
    0x08, 0x98, 0xFB, 0x2F, 0xD6, 0x0C, 0xEC, 0xED, 0xAA, 0x69, 0xBB, 0xB9, 0xA0, 0x7C, 0xAB, 0x90,
    0xD4, 0x00, 0x1B, 0x05, 0xDA, 0x8A, 0x23, 0x58, 0xE8, 0x21, 0xBE, 0x4C, 0x95, 0xDE, 0x2D, 0x19,
    0x60, 0x8C, 0x88, 0xAA, 0x11, 0xF2, 0xB6, 0x42, 0x35, 0x2E, 0xE7, 0x7F, 0xDE, 0x17, 0xDD, 0xCC,
    0x13, 0x46, 0x84, 0x83, 0x00, 0x9B, 0xC5, 0xDD, 0xBC, 0x69, 0x52, 0x89, 0xFE, 0xAD, 0xA8, 0x93,
    0x09, 0x69, 0x05, 0x66, 0x18, 0x50, 0x3A, 0x36, 0x5B, 0xC5, 0xC8, 0x81, 0xC2, 0x00, 0x13, 0x9B,
    0xDE, 0x26, 0x34, 0xD5, 0xA3, 0x72, 0x7A, 0x83, 0x01, 0x45, 0x02, 0xCB, 0x84, 0x22, 0x2F, 0x99,
    0x36, 0x73, 0xB4, 0x30, 0x85, 0x81, 0x00, 0x1D, 0x2D, 0x9B, 0x7E, 0x5E, 0x87, 0x12, 0x32, 0x9B,
    0x77, 0x46, 0xD0, 0x13, 0xFD, 0xBC, 0xAE, 0xDE, 0x1D, 0x87, 0x77, 0x30, 0x84, 0xA1, 0x00, 0x13,
    0x9B, 0xDA, 0x74, 0x44, 0x5A, 0xB2, 0xE6, 0x9C, 0xDD, 0xA5, 0x0B, 0xB7, 0xC8, 0x7B, 0xAC, 0x94,
    0x48, 0xDB, 0x20, 0x81, 0x87, 0x00, 0x5F, 0x9F, 0xBC, 0xA6, 0x9A, 0x69, 0x58, 0x0D, 0x6D, 0x72,
    0xBC, 0x53, 0x89, 0x12, 0x82, 0xA7, 0x00, 0x3B, 0x6A, 0x8C, 0x16, 0x97, 0x5E, 0x4D, 0x67, 0x63,
    0xB1, 0xB8, 0x55, 0x59, 0x07, 0xF1, 0xA8, 0x9F, 0x2D, 0xC0, 0x87, 0x31, 0x00, 0xDA, 0x62, 0x1F,
    0x97, 0x02, 0x16, 0xB8, 0x73, 0x47, 0x07, 0xAD, 0x97, 0xE7, 0x98, 0x65, 0x55, 0xF7, 0x42, 0x97,
    0x82, 0x41, 0x73, 0x2F, 0x7A, 0x46, 0x02, 0x19, 0x24, 0x0B, 0xC0, 0xB5, 0x8B, 0x95, 0xA6, 0x0C,
    0xA1, 0x97, 0x54, 0x69, 0x9F, 0xED, 0x8D, 0x00, 0x28, 0xBA, 0x56, 0x89, 0xD9, 0x9A, 0xB0, 0x9F,
    0x69, 0xD5, 0x1C, 0x72, 0x0D, 0x28, 0xB7, 0xD3, 0x3C, 0xE8, 0xB9, 0xDB, 0x82, 0x79, 0x94, 0x5F,
    0x1C, 0x9F, 0x88, 0x8A, 0xE1, 0x3E, 0xA6, 0xFC, 0xA5, 0x6C, 0x5C, 0x19, 0x0C, 0x9B, 0x37, 0xB8,
    0xA8, 0x14, 0xAB, 0xF0, 0xA6, 0x26, 0x47, 0x24, 0x50, 0x86, 0xE1, 0x00, 0x2E, 0x6F, 0x39, 0x39,
    0x74, 0x8F, 0x71, 0xB2, 0x30, 0x31, 0xE3, 0xD9, 0x27, 0xFE, 0xCD, 0x21, 0x79, 0x90, 0x87, 0xDE,
    0x00, 0x11, 0xCE, 0xDB, 0xD1, 0x58, 0xA8, 0x73, 0x22, 0xA7, 0x21, 0x04, 0x05, 0x97, 0xC1, 0xC3,
    0xC4, 0x0E, 0x57, 0x36, 0x00, 0x12, 0x09, 0xDC, 0x15, 0x3E, 0x6D, 0x7D, 0x5F, 0x1A, 0x3D, 0x57,
    0xE6, 0xBE, 0x74, 0x2D, 0x5A, 0xCA, 0x42, 0x98, 0x48, 0xA6, 0x81, 0xD4, 0xC6, 0x85, 0xF8, 0x25,
    0x16, 0xD3, 0x3B, 0xB4, 0x9F, 0x22, 0xF2, 0xD8, 0x51, 0x5A, 0x63, 0xD5, 0x58, 0x5C, 0xE1, 0x04,
    0x41, 0xA8, 0xA3, 0x00, 0x03, 0xBD, 0x75, 0x41, 0x72, 0xEC, 0x77, 0x1D, 0x7D, 0x84, 0xAE, 0x1A,
    0xC2, 0xD2, 0x90, 0x27, 0xF9, 0x06, 0x04, 0x12, 0x84, 0x8D, 0xE4, 0xE7, 0xED, 0xD8, 0x94, 0xCC,
    0xDF, 0x60, 0xAE, 0x05, 0xD6, 0x5A, 0x6A, 0x2E, 0x08, 0x35, 0x03, 0x25, 0xC9, 0xA9, 0x87, 0x31,
    0x00, 0x9C, 0xC9, 0x51, 0xE1, 0xEA, 0x15, 0xAF, 0x05, 0x10, 0xA9, 0x80, 0x38, 0xCF, 0x3E, 0x96,
    0xD2, 0x92, 0x87, 0x51, 0x00, 0x51, 0x94, 0x71, 0x45, 0xC4, 0xD5, 0x6A, 0xB6, 0xDD, 0xAD, 0xCE,
    0xF6, 0x3A, 0x11, 0x99, 0x3C, 0x87, 0x0D, 0x01, 0x5F, 0xA3, 0x4D, 0xF9, 0xBB, 0x5F, 0x0A, 0x20,
    0xBD, 0x1D, 0x9A, 0x0A, 0x5E, 0xA4, 0x3A, 0x77, 0xDD, 0xB2, 0x82, 0x6C, 0x01, 0x13, 0xBF, 0x99,
    0xEF, 0xCE, 0xA9, 0xDC, 0x6C, 0x90, 0x5E, 0xBF, 0x0C, 0x59, 0x48, 0xC0, 0x00, 0x11, 0xA0, 0x12,
    0x5C, 0x68, 0x67, 0xA2, 0x10, 0x5F, 0x00, 0x88, 0x74, 0xC5, 0xE0, 0x6B, 0x0B, 0xCA, 0x6A, 0x6C,
    0xB3, 0x52, 0x71, 0x80, 0x2A, 0x42, 0xEF, 0xB9, 0xE7, 0x41, 0x46, 0x31, 0x13, 0x3A, 0x49, 0x10,
    0xE0, 0x9F, 0x79, 0xE8, 0x6D, 0xC1, 0xA4, 0x98, 0x00, 0x0D, 0x47, 0x6E, 0x0B, 0x94, 0xD4, 0xFC,
    0x02, 0x97, 0xAA, 0xF5, 0x1C, 0xF0, 0x91, 0x86, 0xD9, 0x65, 0x7D, 0xC3, 0x73, 0x31, 0xEB, 0x1C,
    0xD3, 0x1B, 0x2F, 0xF6, 0x63, 0xFC, 0xB2, 0xC1, 0x5D, 0xC4, 0x46, 0x23, 0x23, 0x9F, 0x6F, 0xD0,
    0x4C, 0x84, 0x1F, 0x6B, 0x13, 0x87, 0xF6, 0x00, 0x09, 0x14, 0xF9, 0x60, 0xC0, 0xB2, 0x0A, 0x0C,
    0xE3, 0xE1, 0x20, 0x06, 0xE3, 0xBB, 0xCC, 0xC8, 0x00, 0x00, 0x78, 0x32, 0xFE, 0xF4, 0xF3, 0xA0,
    0xDF, 0xE5, 0x1C, 0xA9, 0x29, 0xDD, 0x08, 0x60, 0x8D, 0xFD, 0x17, 0xCA, 0xC5, 0xB4, 0x7E, 0x51,
    0xCF, 0x5A, 0x7A, 0xA6, 0x6B, 0x22, 0x2F, 0xEE, 0xB2, 0xE2, 0xF7, 0xF1, 0x53, 0xB0, 0x2F, 0x56,
    0x1A, 0xAE, 0x0E, 0x23, 0x9F, 0xCF, 0x89, 0x71, 0x9D, 0x2C, 0x4B, 0xA8, 0x59, 0xC7, 0x53, 0x17,
    0x2E, 0x18, 0xE4, 0x50, 0xEE, 0x89, 0x46, 0x01, 0x86, 0x3F, 0x63, 0xAC, 0x0B, 0x17, 0x96, 0x2D,
    0xBA, 0xB5, 0xED, 0x48, 0xB5, 0xB4, 0xE8, 0x87, 0x47, 0x01, 0x9D, 0x75, 0x63, 0x7F, 0x21, 0x35,
    0x58, 0x64, 0x97, 0x9F, 0xBC, 0x90, 0xDA, 0xD2, 0x51, 0xAE, 0x20, 0x86, 0xE1, 0x00, 0x66, 0x01,
    0x05, 0x67, 0xC0, 0xA8, 0xDD, 0x87, 0xF3, 0xAD, 0x73, 0x1D, 0x5B, 0x00, 0x80, 0x87, 0xDE, 0x00,
    0xDC, 0xB8, 0xBF, 0xB7, 0x5A, 0x41, 0xF8, 0xF6, 0x4F, 0xBF, 0xB6, 0xE1, 0x37, 0xB2, 0xCC, 0x40,
    0x5C, 0x00, 0x03, 0x2D, 0x5D, 0x33, 0x60, 0xD7, 0x61, 0x4A, 0x3D, 0x57, 0x0C, 0xB1, 0x10, 0x5D,
    0x6D, 0xA3, 0x6F, 0x78, 0x10, 0x73, 0xEB, 0xB1, 0xD1, 0xCF, 0xAD, 0xED, 0x59, 0x93, 0x40, 0xDE,
    0x02, 0x8E, 0x1D, 0x69, 0xA8, 0xFB, 0x68, 0x79, 0x81, 0x00, 0x7F, 0xE6, 0x3A, 0xC3, 0x3F, 0x50,
    0x6D, 0x8C, 0x81, 0xC4, 0x02, 0x0C, 0x5B, 0x44, 0x70, 0xF9, 0x8E, 0xBE, 0x9B, 0x4A, 0x87, 0x9D,
    0xE8, 0xC0, 0x42, 0x15, 0x94, 0x1B, 0x92, 0xE4, 0xD9, 0x63, 0xD8, 0x4F, 0x18, 0x54, 0xB5, 0x41,
    0x0C, 0x86, 0x92, 0x00, 0x1D, 0xA0, 0x17, 0x38, 0xF8, 0x03, 0x92, 0x72, 0x45, 0xD2, 0xB2, 0x89,
    0x1B, 0x1E, 0xB4, 0x2D, 0x87, 0x4A, 0x00, 0xF2, 0x23, 0x1D, 0xDB, 0x27, 0x07, 0x23, 0xA8, 0x28,
    0x3F, 0x97, 0x22, 0x70, 0xC8, 0x70, 0x71, 0xA2, 0x00, 0x65, 0x1A, 0xF9, 0x1D, 0x1F, 0x1F, 0x0C,
    0xB3, 0x51, 0x0B, 0xCA, 0x76, 0xD9, 0xCE, 0x86, 0x2F, 0xE7, 0xA2, 0x76, 0xAC, 0xE1, 0xF5, 0x1C,
    0x70, 0x79, 0xE9, 0xBC, 0xA4, 0xB4, 0xF8, 0x29, 0x71, 0xD7, 0x6A, 0x9F, 0x7A, 0x01, 0x90, 0x98,
    0xE9, 0x49, 0x72, 0x05, 0xDA, 0x6D, 0x9E, 0x3F, 0xA7, 0x98, 0x80, 0xA2, 0x00, 0x4D, 0x4D, 0x3B,
    0x4F, 0x85, 0x43, 0xB3, 0x05, 0x2F, 0x05, 0xFB, 0x53, 0x85, 0x9D, 0x77, 0x92, 0x75, 0x2E, 0x46,
    0xBB, 0x75, 0x43, 0x38, 0xFC, 0xE1, 0xA0, 0x41, 0xE0, 0x84, 0x63, 0x01, 0x91, 0x99, 0x7E, 0xFE,
    0x3A, 0xE9, 0x72, 0x35, 0x17, 0x09, 0xBE, 0x68, 0x29, 0x3F, 0x46, 0xF3, 0xA5, 0x80, 0x84, 0x64,
    0x01, 0x79, 0xA6, 0xC0, 0xBB, 0xF0, 0xC7, 0x11, 0xA6, 0x10, 0x0F, 0x40, 0x96, 0xBE, 0x8B, 0x81,
    0xC4, 0xB7, 0xF2, 0xF7, 0xFB, 0xB1, 0x45, 0xB0, 0x87, 0x94, 0x00, 0x9C, 0xA4, 0xCF, 0x94, 0x24,
    0x1E, 0x62, 0xE0, 0x45, 0x32, 0x50, 0xD3, 0xE7, 0x63, 0x9A, 0x16, 0x62, 0x53, 0x98, 0x30, 0x1E,
    0x68, 0x35, 0xB0, 0x93, 0x4E, 0x44, 0x1E, 0x57, 0xA4, 0x30, 0x80, 0x80, 0xB9, 0x00, 0x59, 0x28,
    0xDB, 0x26, 0x55, 0x12, 0x94, 0xDE, 0x52, 0x24, 0xFC, 0x58, 0xAB, 0x0A, 0xA0, 0x87, 0x83, 0x00,
    0x10, 0x95, 0xDF, 0x5B, 0x07, 0x95, 0xF2, 0x4F, 0x5D, 0xB3, 0xB7, 0x64, 0x4D, 0x05, 0x2A, 0xC3,
    0x18, 0xCF, 0xE4, 0xF7, 0x80, 0x86, 0xA5, 0x00, 0x06, 0x4D, 0x22, 0x64, 0xE4, 0x27, 0x90, 0xF1,
    0x9B, 0xD8, 0x5C, 0x44, 0x05, 0x05, 0xE2, 0x6E, 0x00, 0xBC, 0x90, 0xDF, 0x8A, 0x61, 0x01, 0x3F,
    0x98, 0x72, 0xBC, 0x6C, 0x54, 0x67, 0xE4, 0xD6, 0x9C, 0x1E, 0x47, 0x15, 0x94, 0xA4, 0x71, 0x49,
    0x26, 0x80, 0x43, 0x00, 0x32, 0x1C, 0x56, 0xE6, 0xB8, 0x26, 0x18, 0x81, 0xAB, 0x31, 0x67, 0xC6,
    0x66, 0xF8, 0x1F, 0x64, 0xA0, 0x84, 0xD3, 0x00, 0x02, 0xBE, 0x6D, 0xAA, 0xDD, 0x21, 0xB4, 0x0A,
    0x57, 0x25, 0x92, 0xF6, 0x79, 0x57, 0xB5, 0x58, 0x80, 0x87, 0xAB, 0x00, 0x03, 0x35, 0xF9, 0x56,
    0x10, 0x8A, 0x0C, 0xD3, 0x6B, 0x04, 0xAD, 0x20, 0x3F, 0x6D, 0x64, 0xB4, 0x07, 0xFD, 0x7C, 0x6B,
    0xC0, 0x85, 0xD3, 0x00, 0x2D, 0xFA, 0xC6, 0x74, 0xA2, 0x64, 0x94, 0x16, 0xB3, 0xF7, 0x99, 0xB0,
    0x61, 0x7C, 0x80, 0x47, 0x00, 0x26, 0x69, 0x8F, 0x50, 0x47, 0x26, 0x11, 0x2C, 0x17, 0xA5, 0x56,
    0x60, 0xC3, 0x49, 0x20, 0x00, 0x07, 0x68, 0x4A, 0x29, 0xE7, 0x94, 0xCA, 0xC2, 0x89, 0xC2, 0xE6,
    0x9D, 0xF7, 0x56, 0x88, 0x50, 0xEC, 0xC3, 0x0D, 0xE0, 0x8E, 0x4F, 0x6D, 0x10, 0x03, 0xA5, 0x2D,
    0xD1, 0x9B, 0x3C, 0x28, 0x00, 0x02, 0xBF, 0x17, 0x47, 0xD4, 0x34, 0x5E, 0x20, 0x19, 0x95, 0xE5,
    0xA8, 0x42, 0x1D, 0xDD, 0xAD, 0x7D, 0x4A, 0x78, 0x88, 0x8F, 0x00, 0x33, 0x25, 0x78, 0xFD, 0x05,
    0x9A, 0x1F, 0xFA, 0x20, 0xB7, 0xC7, 0x11, 0x67, 0x4C, 0x87, 0xB0, 0x00, 0xA2, 0x5B, 0x72, 0x02,
    0xA7, 0xD9, 0xE3, 0x96, 0x33, 0x53, 0x87, 0x95, 0x00, 0x16, 0x01, 0x37, 0xE1, 0x34, 0xA0, 0x47,
    0x68, 0x4B, 0x16, 0xE1, 0xAD, 0xE9, 0xAE, 0xA3, 0x70, 0x30, 0x58, 0x70, 0xAA, 0x84, 0x0E, 0x01,
    0x07, 0xAA, 0xE7, 0x37, 0x07, 0x5F, 0xA1, 0xAF, 0x5E, 0x1F, 0xB9, 0x63, 0x27, 0x54, 0x1B, 0x0A,
    0x72, 0x31, 0x3C, 0x88, 0x95, 0x00, 0x50, 0x4E, 0x81, 0xD7, 0xD6, 0x26, 0xB6, 0xB0, 0xF9, 0x96,
    0x4C, 0x24, 0xAC, 0xA8, 0x34, 0x29, 0x75, 0x40, 0x88, 0xB4, 0x00, 0x32, 0xD8, 0x10, 0x9A, 0x4C,
    0x9A, 0xE4, 0x75, 0xC3, 0xD5, 0xB8, 0x47, 0xD5, 0xA3, 0x87, 0x80, 0x87, 0x15, 0x01, 0x03, 0x02,
    0x28, 0x17, 0xE7, 0x90, 0xEB, 0x34, 0xD1, 0x7F, 0x93, 0x2C, 0x0F, 0x92, 0x46, 0x14, 0xF0, 0x35,
    0xF2, 0x10, 0x00, 0x07, 0x69, 0x76, 0x45, 0xF6, 0x20, 0x9B, 0x4D, 0x17, 0x54, 0x70, 0xF7, 0x8F,
    0xC8, 0x23, 0x52, 0x56, 0x30, 0x78, 0x10, 0xC1, 0xCE, 0x92, 0x67, 0x44, 0x36, 0xDB, 0x80, 0x88,
    0x15, 0x01, 0x2A, 0xBB, 0xD5, 0x3E, 0x5C, 0x8D, 0x5C, 0x9F, 0xA4, 0x3C, 0x75, 0xDA, 0x31, 0x31,
    0x19, 0x5C, 0x10, 0x80, 0x54, 0x00, 0x10, 0xF9, 0x10, 0x42, 0xCC, 0xBC, 0xD3, 0x78, 0x0F, 0xD8,
    0xED, 0x84, 0x2B, 0x01, 0x0C, 0x91, 0x37, 0x1F, 0x0A, 0xE3, 0xD4, 0xC0, 0x4D, 0xDA, 0x26, 0x51,
    0x99, 0xE4, 0xB7, 0xF4, 0xD5, 0x43, 0x82, 0xF0, 0x86, 0xBD, 0x00, 0x06, 0x4F, 0x14, 0x06, 0x9C,
    0xA3, 0x26, 0x93, 0xC7, 0xAD, 0x9B, 0x06, 0x99, 0x1A, 0xEA, 0xE7, 0x3C, 0x88, 0x9A, 0x00, 0x9B,
    0x4F, 0xFC, 0x5A, 0xDC, 0xA8, 0xA5, 0x37, 0x8B, 0xEC, 0xEB, 0x4F, 0xC6, 0xE6, 0x20, 0x80, 0x57,
    0x00, 0x31, 0x3F, 0xC6, 0x2C, 0x6D, 0x1A, 0xEE, 0xA7, 0x3C, 0x27, 0xF5, 0x97, 0xC0, 0x87, 0x35,
    0x00, 0x85, 0x32, 0x30, 0x81, 0x53, 0x2B, 0xB7, 0x06, 0x85, 0x94, 0x48, 0x00, 0x11, 0x60, 0x87,
    0x55, 0x00, 0x4D, 0x7F, 0x53, 0x42, 0xE3, 0x40, 0xFD, 0x84, 0x3F, 0x7C, 0x83, 0x09, 0xEA, 0xDC,
    0xE0, 0x87, 0x36, 0x00, 0x1A, 0x8B, 0x84, 0x6B, 0xB7, 0x87, 0x87, 0x3F, 0x2B, 0xF4, 0x87, 0x56,
    0x00, 0x76, 0xE6, 0xD2, 0x2E, 0x9F, 0x2A, 0xF8, 0xB6, 0x61, 0x73, 0xD1, 0x00, 0x86, 0xBB, 0x78,
    0x83, 0x57, 0x03, 0x2B, 0xE0, 0x22, 0x2A, 0xB2, 0xBD, 0xFE, 0xF2, 0x06, 0xBC, 0x14, 0x38, 0xEE,
    0x1C, 0x2E, 0x4C, 0x05, 0x19, 0x9D, 0xCA, 0xAD, 0xE2, 0xE4, 0x5D, 0x8D, 0xF3, 0x65, 0xCA, 0x40,
    0xF3, 0x02, 0x42, 0x65, 0x54, 0x20, 0x9E, 0xF5, 0xD0, 0x80, 0x00, 0x22, 0xF3, 0x40, 0xC5, 0xF0,
    0xFF, 0xAA, 0xBA, 0x58, 0xBA, 0xDB, 0x30, 0xCC, 0x6A, 0x0C, 0x5D, 0x1F, 0xB4, 0xB7, 0x30, 0xDA,
    0x6B, 0xA5, 0xE3, 0x56, 0x47, 0xDA, 0x2E, 0x6E, 0x25, 0xCD, 0xDE, 0x12, 0x66, 0x71, 0x34, 0x57,
    0x88, 0x87, 0xE5, 0x00, 0x15, 0xB9, 0xDA, 0x4D, 0xEE, 0xA8, 0xA7, 0x6C, 0xC4, 0x22, 0x2F, 0xAB,
    0xCB, 0x2F, 0x9B, 0x4E, 0x30, 0x87, 0xE6, 0x00, 0x04, 0x2B, 0xE8, 0xDC, 0x9F, 0xCF, 0xFA, 0x3B,
    0x45, 0x59, 0x8C, 0x93, 0xF4, 0xEF, 0x22, 0x84, 0x9D, 0x05, 0x37, 0x80, 0x87, 0x42, 0x00, 0x60,
    0x83, 0x40, 0x87, 0xAE, 0x00, 0x66, 0x76, 0xE0, 0x87, 0xAF, 0x00, 0x4A, 0x36, 0x35, 0x4C, 0xB2,
    0xBC, 0x95, 0xA7, 0x80, 0x87, 0xE9, 0x00, 0x61, 0x45, 0x20, 0x7B, 0xE0, 0x87, 0xEB, 0x00, 0x70,
    0x1D, 0x72, 0x00, 0x00, 0x00, 0x5D, 0x8D, 0xA5, 0xBF, 0x00, 0x04, 0x63, 0x81, 0x8E, 0x37, 0x16,
    0x96, 0xD1, 0x5D, 0xC0, 0x00, 0x0C, 0x97, 0xA0, 0xE8, 0x87, 0x69, 0x00, 0x8E, 0xC6, 0x42, 0x38,
    0x00, 0x01, 0xA1, 0xB3, 0x35, 0x92, 0xCE, 0x34, 0x7D, 0xC2, 0xE0, 0x00, 0x14, 0x02, 0x9E, 0x79,
    0xC2, 0xBD, 0x3F, 0x77, 0x74, 0xA0, 0x40, 0x00, 0x10, 0xC8, 0x73, 0x35, 0xCF, 0x2B, 0xD1, 0xDE,
    0x39, 0x4D, 0xFC, 0x87, 0x1A, 0x01, 0x66, 0x70, 0x64, 0x00, 0x00, 0x01, 0x27, 0x15, 0x60, 0x00,
    0x02, 0x70, 0x61, 0x54, 0x73, 0xA3, 0x93, 0x33, 0x02, 0x80, 0x87, 0x92, 0x01, 0x03, 0xAA, 0x01,
    0x92, 0x3C, 0xA4, 0x83, 0xA7, 0x01, 0x2F, 0x02, 0xDE, 0x2B, 0xBF, 0xCA, 0xFC, 0x60, 0x87, 0x94,
    0x01, 0x4B, 0xD2, 0x00, 0x18, 0x68, 0x5E, 0x1C, 0xE2, 0x99, 0x00, 0x0B, 0xBE, 0x77, 0x43, 0x73,
    0xC0, 0x00, 0x02, 0x6C, 0x67, 0xB0, 0x5B, 0xFC, 0x35, 0x2C, 0x87, 0xB4, 0x01, 0x4A, 0xCE, 0xC0,
    0x00, 0x02, 0x0E, 0x2A, 0xD1, 0x70, 0x08, 0xD0, 0xC0, 0x00, 0x18, 0x64, 0x30, 0xA1, 0x0C, 0xF4,
    0x00, 0x30, 0x2E, 0x75, 0xA4, 0x69, 0xDF, 0x8E, 0x00, 0x03, 0x32, 0x88, 0x12, 0x68, 0x31, 0xCC,
    0x00, 0x05, 0x4A, 0x2C, 0x93, 0x7C, 0x75, 0x9A, 0x40, 0x00, 0x1E, 0xCA, 0xCF, 0xB5, 0x16, 0xF2,
    0xA1, 0x2F, 0x00, 0x20, 0x20, 0xF9, 0x2D, 0xC5, 0x45, 0x49, 0x60, 0x00, 0x55, 0xD7, 0xDD, 0xD4,
    0xA6, 0x0D, 0x80, 0x00, 0x3D, 0x34, 0x02, 0xAB, 0x5C, 0xF0, 0x89, 0xBE, 0x01, 0x73, 0xBD, 0x6E,
    0xD6, 0x89, 0x36, 0x00, 0x05, 0x5E, 0x14, 0x1D, 0x40, 0x00, 0x26, 0x3D, 0x6E, 0xA2, 0xC8, 0x57,
    0xB0, 0x00, 0x03, 0x39, 0x4A, 0x0E, 0xD7, 0xBF, 0x40, 0x87, 0x4B, 0x00, 0x63, 0x29, 0x30, 0x87,
    0xA9, 0x01, 0x8E, 0xC4, 0xCC, 0x41, 0x87, 0xAB, 0x01, 0x4F, 0x77, 0xA4, 0x00, 0x0D, 0xF2, 0x28,
    0x67, 0x8C, 0x00, 0x1F, 0xC1, 0x31, 0x57, 0x5A, 0x1B, 0xE7, 0x87, 0x96, 0xFC, 0x00, 0x2C, 0x8A,
    0x3B, 0xA8, 0x25, 0x9C, 0xCF, 0x80, 0x87, 0xAE, 0x01, 0x40, 0x00, 0x61, 0x7F, 0xEA, 0xD9, 0xD9,
    0x4D, 0x4E, 0x40, 0x00, 0x09, 0x45, 0xE8, 0xF7, 0x30, 0xB3, 0x12, 0x42, 0xF8, 0x71, 0x9A, 0x39,
    0xD0, 0x87, 0x1A, 0x01, 0x66, 0x70, 0x61, 0x87, 0xA3, 0x01, 0x5A, 0x43, 0xD7, 0x8B, 0xD0, 0x8B,
    0xB1, 0x01, 0x6F, 0x1E, 0x93, 0x87, 0x94, 0x01, 0x4B, 0xD2, 0x00, 0x11, 0x8C, 0x1E, 0x94, 0x52,
    0xC2, 0x8E, 0x66, 0x3E, 0xC9, 0x42, 0x13, 0xE8, 0x87, 0xA5, 0x01, 0x58, 0x87, 0x41, 0x00, 0x00,
    0xF0, 0x10, 0x00, 0x6B, 0x7B, 0xE3, 0x8F, 0xF1, 0x3B, 0x90, 0x12, 0x1F, 0x20, 0x87, 0xE9, 0x00,
    0x60, 0xAE, 0x72, 0x08, 0x92, 0xEF, 0xFA, 0x87, 0xA6, 0x01, 0x45, 0x40, 0x00, 0x00, 0x00, 0x00,
    0x0E, 0xD6, 0xC3, 0x9B, 0x00, 0x50, 0x0A, 0x2D, 0x25, 0x02, 0x14, 0xCE, 0xC5, 0x2C, 0x00, 0x66,
    0xAC, 0x42, 0xC7, 0x98, 0x12, 0x7D, 0x51, 0xEA, 0x13, 0x3C, 0xBD, 0x3B, 0x86, 0x38, 0xA1, 0x7F,
    0x14, 0x6E, 0x00, 0x03, 0xF6, 0x3B, 0x69, 0xE7, 0xC4, 0x90, 0x87, 0xCB, 0x01, 0xB9, 0xFA, 0xC5,
    0x09, 0xA5, 0x00, 0x05, 0x11, 0x36, 0xC0, 0xCF, 0x48, 0xD7, 0x4B, 0x99, 0x36, 0x76, 0x00, 0x10,
    0xC3, 0x33, 0x04, 0x06, 0x5B, 0x67, 0xAA, 0xF5, 0xF6, 0x5A, 0x00, 0x43, 0xAC, 0x24, 0x52, 0xA9,
    0x33, 0x8B, 0x01, 0xD1, 0x61, 0x68, 0x4B, 0x68, 0x00, 0x2B, 0x41, 0x0B, 0xB6, 0x8F, 0xBB, 0x36,
    0x12, 0x4D, 0x7E, 0xEF, 0xF8, 0x87, 0xD4, 0x01, 0x82, 0x80, 0x00, 0x02, 0x53, 0x09, 0x7F, 0x3B,
    0x1A, 0x9C, 0x87, 0x75, 0x00, 0x66, 0x66, 0x87, 0xD1, 0x01, 0x50, 0x73, 0x1D, 0x00, 0x30, 0xF1,
    0x7E, 0x33, 0x70, 0x2C, 0xC0, 0x00, 0x7E, 0x99, 0xEE, 0xCB, 0x8F, 0x67, 0x97, 0x97, 0x0E, 0x4F,
    0x78, 0x8D, 0x6C, 0x40, 0x00, 0x02, 0x59, 0xBF, 0xA8, 0x2D, 0x04, 0x80, 0x00, 0x05, 0x0B, 0x15,
    0xA8, 0x65, 0x92, 0x65, 0x8A, 0x43, 0x7F, 0x40, 0x87, 0xD4, 0x01, 0x82, 0x80, 0x87, 0xAF, 0x01,
    0x78, 0x2C, 0x00, 0x00, 0x37, 0x36, 0x3A, 0x1A, 0xA0, 0x86, 0xD1, 0x01, 0x36, 0xAE, 0x72, 0xBC,
    0x78, 0x8C, 0x06, 0xBC, 0x83, 0xD1, 0x01, 0x33, 0x2C, 0x69, 0x28, 0x8E, 0x2F, 0x97, 0x9D, 0x09,
    0x47, 0xA1, 0x40, 0x31, 0xD6, 0x00, 0x5E, 0xE7, 0x1D, 0x4B, 0xD0, 0x56, 0x9A, 0xF4, 0xBA, 0x43,
    0xB4, 0xB4, 0x14, 0xF1, 0xCF, 0x1B, 0xC0, 0x32, 0xF3, 0x80, 0x34, 0x4E, 0x78, 0x00, 0x6C, 0xE0,
    0x8E, 0xA6, 0x22, 0x61, 0xF8, 0x4D, 0x19, 0xF1, 0xBC, 0x04, 0xF8, 0x00, 0x54, 0xC9, 0x44, 0xE7,
    0xA6, 0x09, 0xB8, 0x00, 0x01, 0x97, 0x99, 0x82, 0x3C, 0x59, 0x1E, 0xDF, 0x0F, 0xF8, 0x1A, 0x17,
    0x41, 0x0E, 0x21, 0x24, 0xA0, 0x80, 0x9E, 0xBB, 0x95, 0xF6, 0x6E, 0x74, 0x56, 0xEF, 0x8E, 0xE6,
    0x5E, 0x78, 0x81, 0xA2, 0x46, 0xB8, 0x77, 0x6C, 0xA9, 0x46, 0x12, 0xBB, 0xF2, 0xAA, 0x8D, 0x6C,
    0x4C, 0xA0, 0x8F, 0x6F, 0x85, 0x2E, 0x0B, 0x0C, 0xC7, 0xCE, 0x88, 0x80, 0x1A, 0x9D, 0x21, 0x8C,
    0x3D, 0xB5, 0xD5, 0xFB, 0x89, 0x72, 0xE9, 0xDE, 0x30, 0xE8, 0xD1, 0x2E, 0xE6, 0x43, 0x63, 0x7B,
    0x78, 0xFA, 0x02, 0x45, 0x6A, 0x49, 0x07, 0xC6, 0xE7, 0x11, 0x02, 0x5D, 0x00, 0x09, 0xD4, 0x9E,
    0xFD, 0xCB, 0xBA, 0x71, 0x07, 0x0E, 0x22, 0xF1, 0xC0, 0x00, 0x20, 0x16, 0x92, 0x28, 0x0D, 0x5B,
    0xC3, 0xBC, 0x00, 0x1F, 0xB7, 0x43, 0x67, 0x31, 0x74, 0xED, 0xC3, 0x77, 0xB2, 0xF5, 0xD4, 0xDC,
    0x4B, 0xA0, 0x88, 0xDE, 0x01, 0x63, 0x06, 0xD4, 0x10, 0x8A, 0xDF, 0x81, 0x80, 0x00, 0x37, 0xD7,
    0x05, 0xED, 0x51, 0xF1, 0x88, 0x7E, 0x21, 0x80, 0x87, 0xF1, 0x01, 0x99, 0xF5, 0x2B, 0x71, 0xB9,
    0xF0, 0x00, 0x04, 0xD9, 0x50, 0xFF, 0x0D, 0xC0, 0x7F, 0xED, 0xE4, 0xC5, 0xA6, 0x28, 0xA9, 0x23,
    0x4A, 0x2E, 0x81, 0x67, 0xD5, 0x1F, 0x70, 0x00, 0x03, 0xF6, 0x03, 0x79, 0x6E, 0x2E, 0x3C, 0x87,
    0xC4, 0x01, 0x61, 0x3A, 0x00, 0x20, 0xA6, 0xDF, 0xBB, 0xDB, 0x22, 0xE8, 0x29, 0xF0, 0x23, 0x5B,
    0x58, 0x8D, 0x90, 0x00, 0x0B, 0x77, 0x4F, 0x9E, 0xAF, 0x89, 0x59, 0xF3, 0xA9, 0x56, 0x92, 0xA2,
    0xEE, 0xA5, 0x74, 0xCA, 0x97, 0x96, 0xC0, 0x00, 0x15, 0xD0, 0x67, 0x09, 0x82, 0xA4, 0x0D, 0xFF,
    0x00, 0x09, 0x75, 0x8D, 0x5F, 0xB1, 0x77, 0x8B, 0xE6, 0x77, 0xE3, 0xC4, 0xEB, 0x7A, 0xC1, 0x1B,
    0x5D, 0xE0, 0x4D, 0x96, 0x80, 0x87, 0xFD, 0x01, 0x87, 0xE8, 0xC6, 0x35, 0x74, 0x00, 0x05, 0x03,
    0x96, 0x61, 0xF0, 0x71, 0x40, 0xAB, 0x87, 0xFF, 0x01, 0x35, 0xE0, 0x00, 0x19, 0x80, 0xB7, 0xA9,
    0x77, 0x20, 0x76, 0x7A, 0x74, 0x9D, 0xCC, 0x53, 0xBB, 0x12, 0xD9, 0x10, 0xAF, 0xD5, 0x00, 0x3B,
    0x83, 0x16, 0x75, 0xE0, 0xE3, 0xC0, 0x05, 0x8B, 0xA0, 0x93, 0x7F, 0xF2, 0xF0, 0x3C, 0x3C, 0x68,
    0xB6, 0x7A, 0x8E, 0x00, 0xDC, 0x56, 0x8A, 0xB7, 0x90, 0x1E, 0x72, 0xE0, 0x0B, 0xEA, 0xCE, 0x60,
    0x1E, 0xA4, 0x00, 0x1B, 0x18, 0xB6, 0xAB, 0x33, 0x28, 0xC7, 0xE8, 0xF3, 0x0C, 0x5F, 0x00, 0xD5,
    0x56, 0x53, 0xF0, 0x00, 0x15, 0xD0, 0xBB, 0x0B, 0xC4, 0x62, 0x3D, 0x5C, 0xAB, 0x33, 0x1C, 0xB6,
    0x2B, 0x8B, 0xBB, 0x59, 0xD4, 0xD0, 0x80, 0x00, 0x11, 0x24, 0xD5, 0xC8, 0x41, 0x1F, 0x80, 0x00,
    0x15, 0x98, 0xFC, 0x72, 0xF6, 0x44, 0x7B, 0x5E, 0x64, 0xB9, 0x8F, 0x65, 0xFE, 0x00, 0x09, 0xAD,
    0x01, 0x98, 0x6D, 0xF4, 0x53, 0x3F, 0xD6, 0x2A, 0x22, 0x28, 0x00, 0x1B, 0x07, 0xF7, 0x9F, 0xF9,
    0xAB, 0xC9, 0xDF, 0xF2, 0x50, 0x00, 0x3E, 0x07, 0x7A, 0x8F, 0x64, 0x23, 0xBE, 0xAC, 0x30, 0xAD,
    0x22, 0x3B, 0x27, 0x52, 0x15, 0x4D, 0xE3, 0xC6, 0x78, 0x00, 0x04, 0x90, 0xF3, 0x96, 0x69, 0x82,
    0xE6, 0xA9, 0xF8, 0xB0, 0x6A, 0x86, 0xF8, 0xA0, 0x00, 0x09, 0xA2, 0x6A, 0x32, 0x14, 0x1C, 0x87,
    0x65, 0x1E, 0xB5, 0xC2, 0x3A, 0x43, 0xC9, 0x9D, 0xDB, 0x82, 0x80, 0x00, 0x2B, 0x38, 0x2F, 0xE4,
    0xAA, 0x70, 0x00, 0x49, 0x39, 0xFF, 0xA9, 0xD0, 0x69, 0xBE, 0x4D, 0x5A, 0x12, 0xB0, 0x00, 0x3D,
    0xB5, 0xFF, 0x5E, 0xE8, 0x47, 0x89, 0xE7, 0x91, 0x54, 0xB5, 0x00, 0x09, 0xAD, 0x0B, 0xC7, 0x0C,
    0xDA, 0x4D, 0x0D, 0xA4, 0x57, 0x3A, 0xD6, 0x77, 0x9C, 0xA0, 0x84, 0xD3, 0x00, 0x10, 0xB2, 0x74,
    0xD1, 0x23, 0x52, 0x34, 0xAB, 0xDB, 0x8D, 0xFD, 0x60, 0x80, 0xD9, 0x00, 0x1C, 0x99, 0xBF, 0x8E,
    0xE6, 0x69, 0x33, 0xA1, 0x78, 0xF1, 0x14, 0xBF, 0x00, 0x00, 0x05, 0xE5, 0xB3, 0x43, 0xE6, 0xA4,
    0xFF, 0xD7, 0x89, 0x04, 0x17, 0xF4, 0x0A, 0x1A, 0x52, 0x5E, 0x50, 0xF6, 0x92, 0xF8, 0x8D, 0x24,
    0xBF, 0x1A, 0x32, 0x40, 0x60, 0x97, 0x60, 0xA4, 0xEB, 0x20, 0x80, 0x2E, 0x00, 0x4A, 0xC6, 0x39,
    0x43, 0x70, 0x56, 0xC9, 0x44, 0x81, 0x97, 0xC2, 0xCE, 0xEF, 0xEC, 0xA0, 0x87, 0x25, 0x00, 0x94,
    0x03, 0xB6, 0x0E, 0xEE, 0x60, 0x7B, 0x15, 0x93, 0x3F, 0xB5, 0x35, 0x90, 0x7B, 0x7B, 0x88, 0xAB,
    0x46, 0x50, 0x5B, 0x5A, 0x40, 0x87, 0x35, 0x00, 0x85, 0x32, 0x2F, 0x66, 0x7E, 0xD1, 0x91, 0xF0,
    0x00, 0x01, 0xE7, 0xFA, 0x22, 0x79, 0xCB, 0x74, 0xD9, 0x48, 0x0D, 0x65, 0x80, 0x00, 0x08, 0xBD,
    0x07, 0x91, 0x1D, 0x24, 0x51, 0xCA, 0x02, 0xD8, 0x3B, 0xF8, 0xA1, 0x7D, 0xBA, 0x03, 0xD2, 0xBB,
    0x20, 0xC4, 0xCB, 0x87, 0x2C, 0x00, 0x77, 0xF0, 0x9C, 0x60, 0x00, 0x1C, 0xB8, 0x97, 0x82, 0xB2,
    0x13, 0x60, 0xDB, 0xEB, 0x14, 0xB2, 0xDD, 0x3B, 0xCF, 0x93, 0xBE, 0xAF, 0xF5, 0x2C, 0xE4, 0x73,
    0x32, 0xCD, 0x23, 0x1C, 0x9C, 0x0B, 0x8F, 0x64, 0x72, 0xE3, 0x21, 0xE6, 0xEE, 0x2A, 0x4F, 0x46,
    0x1E, 0xD3, 0x7F, 0xF0, 0x00, 0x03, 0x2F, 0x53, 0x93, 0x2E, 0x89, 0x05, 0x5A, 0x91, 0x8C, 0x34,
    0x39, 0x96, 0x1B, 0x34, 0xAF, 0x9D, 0xDD, 0x99, 0x22, 0xA8, 0xC2, 0x88, 0xE3, 0x63, 0xD0, 0x8F,
    0x91, 0x37, 0x63, 0x80, 0x69, 0x92, 0xAE, 0x8F, 0x00, 0x85, 0xF0, 0xAB, 0x93, 0xCF, 0xB0, 0x87,
    0x13, 0x02, 0x47, 0x63, 0xBF, 0x5A, 0x80, 0x60, 0x1C, 0xF1, 0x59, 0x89, 0x4C, 0x7B, 0xEF, 0xA0,
    0x60, 0x87, 0x69, 0x01, 0xF0, 0x24, 0x6B, 0xE2, 0xC2, 0x6F, 0x16, 0xB8, 0x61, 0x07, 0x3D, 0x1C,
    0xE3, 0x03, 0x0C, 0x88, 0xDB, 0x16, 0xA0, 0x97, 0x55, 0xFB, 0x81, 0x78, 0xFA, 0x7E, 0xA5, 0x91,
    0x77, 0x74, 0xAB, 0x21, 0xA5, 0x93, 0xE6, 0x00, 0x21, 0x63, 0x67, 0xED, 0xDC, 0xFF, 0x00, 0x76,
    0x9E, 0xBA, 0x36, 0x1B, 0xEE, 0x3F, 0x61, 0x22, 0x1C, 0x53, 0x83, 0x7F, 0x2A, 0xA6, 0x63, 0x98,
    0x04, 0xEB, 0x8D, 0xD0, 0xAF, 0xE5, 0x77, 0x18, 0x89, 0x06, 0x96, 0x9C, 0xF6, 0x78, 0xA5, 0xE6,
    0xBB, 0x95, 0x00, 0x21, 0xB6, 0xC8, 0x09, 0xBB, 0x74, 0x45, 0x0A, 0xBC, 0xE8, 0xF5, 0xCD, 0xAB,
    0x30, 0xEA, 0x37, 0x41, 0x72, 0x51, 0xDF, 0xC2, 0x31, 0xDE, 0xB2, 0x86, 0x71, 0x9A, 0xD5, 0xF8,
    0xD9, 0x04, 0x0E, 0xB3, 0xA4, 0x90, 0xF7, 0xCA, 0xCD, 0xBA, 0x44, 0x7D, 0xF0, 0xB7, 0xB3, 0xE0,
    0x00, 0x03, 0x35, 0x2D, 0x38, 0x23, 0xE8, 0x61, 0x12, 0x81, 0x58, 0x81, 0x14, 0x10, 0x24, 0x74,
    0xD7, 0x90, 0x9C, 0x97, 0x80, 0xD5, 0x0A, 0x4C, 0xFC, 0xD0, 0xA7, 0xB0, 0x43, 0x70, 0x87, 0xC5,
    0x00, 0x8C, 0xF3, 0x2F, 0x31, 0x31, 0xB6, 0x69, 0x18, 0x77, 0x50, 0x00, 0x00, 0x07, 0xFE, 0x9D,
    0x76, 0x3F, 0x76, 0x59, 0xE4, 0x45, 0x64, 0x6C, 0xD7, 0x9A, 0xBE, 0xB1, 0xF8, 0xCB, 0xBF, 0x20,
    0x01, 0xC3, 0x64, 0x5F, 0xC8, 0xBA, 0x40, 0x91, 0xB7, 0xAC, 0x87, 0x24, 0x00, 0x3D, 0x14, 0x17,
    0xED, 0xE4, 0x64, 0x93, 0x96, 0x91, 0xA9, 0x53, 0x84, 0x2E, 0x00, 0x00, 0x09, 0x3B, 0x47, 0x32,
    0x70, 0x80, 0x00, 0x21, 0x21, 0xF4, 0x8B, 0x26, 0xE6, 0x7F, 0x89, 0x04, 0x3C, 0xE9, 0x18, 0xC4,
    0x36, 0xF5, 0xBA, 0xBD, 0xFF, 0x11, 0x85, 0x00, 0x2E, 0xBD, 0xE7, 0xFF, 0x53, 0xEF, 0x55, 0xF9,
    0xD6, 0xFA, 0xF6, 0xE6, 0x1B, 0xD5, 0x88, 0x4E, 0x60, 0x87, 0xD9, 0x00, 0x2C, 0x74, 0x3B, 0x40,
    0x00, 0x08, 0x1B, 0x08, 0x02, 0x5D, 0xE9, 0x7D, 0xD8, 0x09, 0x0D, 0x32, 0xFF, 0xDD, 0xF0, 0xEF,
    0xEF, 0xF6, 0xA4, 0x87, 0x3A, 0xA2, 0xFE, 0x86, 0x5C, 0xD4, 0xBB, 0xDD, 0xAB, 0x56, 0x57, 0xF9,
    0xCF, 0x3E, 0x4D, 0x70, 0x96, 0x84, 0x1C, 0x6A, 0x89, 0xED, 0x58, 0xD2, 0x82, 0x49, 0xCB, 0x68,
    0x1C, 0xD1, 0x70, 0x24, 0x74, 0xB3, 0x9F, 0x06, 0xBA, 0x22, 0xE0, 0xBD, 0xE0, 0x87, 0x15, 0x00,
    0x6C, 0xE1, 0xCE, 0xB0, 0x03, 0xE0, 0x42, 0x47, 0x44, 0xD0, 0xF8, 0xC2, 0x4E, 0x9E, 0x9E, 0x82,
    0xAF, 0xF0, 0x40, 0x26, 0x20, 0x33, 0x7C, 0x4F, 0x74, 0x17, 0x65, 0x97, 0xFD, 0x4D, 0xEB, 0x8F,
    0x1E, 0x02, 0x00, 0x87, 0x32, 0x0D, 0xB5, 0xBC, 0x3A, 0xCD, 0xCC, 0xD2, 0xF6, 0x8E, 0xC0, 0x78,
    0xF5, 0x0A, 0x17, 0xF3, 0xF3, 0xC1, 0xC8, 0x74, 0x22, 0x40, 0xDC, 0xC7, 0xB6, 0x63, 0xD7, 0xEE,
    0x80, 0x29, 0x02, 0x1A, 0x20, 0x40, 0xFC, 0x4E, 0xA7, 0x42, 0x56, 0x36, 0xBF, 0xBA, 0x31, 0x07,
    0xDD, 0xCE, 0x82, 0xC0, 0x87, 0x2D, 0x00, 0x90, 0x92, 0x84, 0x7F, 0xD3, 0x93, 0x1D, 0x4A, 0xD3,
    0xF0, 0xCD, 0x01, 0xF9, 0x96, 0x77, 0x97, 0xC7, 0x9D, 0x29, 0xC8, 0x42, 0x15, 0x6C, 0xEB, 0x34,
    0x44, 0xAE, 0x8C, 0x00, 0x1C, 0xA6, 0x66, 0xCB, 0xB8, 0x07, 0x22, 0x9C, 0xCD, 0x2E, 0xE6, 0xCD,
    0xFA, 0x38, 0x3D, 0xDF, 0x30, 0x82, 0x99, 0x3A, 0x32, 0xFC, 0xB2, 0xC8, 0xE8, 0x52, 0x87, 0x2F,
    0x00, 0x8E, 0xC4, 0x0E, 0xB4, 0x0A, 0x52, 0xCB, 0xCC, 0xD5, 0x6C, 0x7E, 0x9A, 0x70, 0x87, 0x2A,
    0x00, 0x90, 0x90, 0x5A, 0xC1, 0x81, 0x26, 0x80, 0x2E, 0xC2, 0x8E, 0x87, 0x40, 0x87, 0x31, 0x00,
    0xAD, 0xA7, 0x6F, 0x9A, 0x12, 0x77, 0xE1, 0x00, 0xC2, 0x37, 0xF5, 0x0A, 0xDE, 0xAD, 0x47, 0x6C,
    0x6D, 0xDC, 0xFC, 0x62, 0x08, 0x09, 0xA2, 0xB5, 0x28, 0xD3, 0x88, 0xEA, 0xCD, 0x32, 0xE6, 0xC2,
    0x96, 0x40, 0x00, 0x00, 0x00, 0x03, 0xB0, 0xC3, 0x97, 0x49, 0xF7, 0x34, 0xE2, 0xD7, 0x29, 0xBC,
    0x57, 0x01, 0x86, 0xB1, 0x7D, 0x70, 0x0A, 0x60, 0xF4, 0xF1, 0x48, 0x87, 0x32, 0x00, 0x3F, 0xB8,
    0x85, 0x22, 0x44, 0x78, 0x87, 0x25, 0x00, 0x8F, 0xC4, 0x60, 0x05, 0xB0, 0x3F, 0xFA, 0xC9, 0x78,
    0x63, 0x8B, 0xDA, 0xBD, 0x1A, 0xEC, 0x12, 0x80, 0x87, 0x23, 0x01, 0x1A, 0x8B, 0x90, 0x4A, 0x60,
    0x8E, 0x1F, 0x02, 0x4D, 0x69, 0x56, 0x9B, 0x75, 0x92, 0x4D, 0x7D, 0xDA, 0x48, 0xB0, 0x00, 0xBF,
    0x42, 0xC1, 0x41, 0x7F, 0x0C, 0x3E, 0x34, 0x08, 0x9B, 0x23, 0x5B, 0xF9, 0xE5, 0x72, 0x45, 0x59,
    0x57, 0x1F, 0x9F, 0x3D, 0x9D, 0x5D, 0x0C, 0x57, 0xA3, 0x26, 0x30, 0x42, 0x4A, 0xCF, 0x08, 0x57,
    0x79, 0x74, 0xFA, 0x95, 0x9B, 0x95, 0x92, 0xA4, 0xBB, 0x59, 0x63, 0xE4, 0x78, 0xA3, 0xE6, 0x9D,
    0xCC, 0x87, 0x3A, 0x00, 0x6F, 0x74, 0x17, 0xB5, 0x40, 0xCE, 0x8A, 0xDA, 0x0B, 0x5B, 0xE2, 0xDF,
    0x73, 0x4D, 0xDF, 0xF2, 0xE0, 0x00, 0x03, 0x38, 0x9C, 0xBC, 0xB6, 0x4C, 0x14, 0x3A, 0x05, 0x5F,
    0x9E, 0x3C, 0xAA, 0x3E, 0x0F, 0xFD, 0x77, 0xD0, 0xDA, 0x74, 0x33, 0xD8, 0x51, 0x46, 0x0F, 0x99,
    0xB5, 0x8A, 0xE5, 0xC0, 0x00, 0x08, 0xC7, 0x90, 0xD7, 0x18, 0xD5, 0xFB, 0xDD, 0xA8, 0x0F, 0x3F,
    0xC5, 0xAA, 0x95, 0xE9, 0x46, 0xD6, 0x52, 0xB1, 0xBF, 0xEF, 0x37, 0x4E, 0x35, 0x00, 0x03, 0x2A,
    0xAB, 0xA2, 0x45, 0xEA, 0xFB, 0xDB, 0xDD, 0xEE, 0x59, 0x72, 0xFB, 0xBB, 0xAB, 0x58, 0x69, 0x1B,
    0xBA, 0x74, 0x28, 0x51, 0x9C, 0xC0, 0x38, 0xCD, 0x8D, 0x1E, 0xA5, 0x22, 0x64, 0xDC, 0x40, 0x00,
    0x03, 0x24, 0x89, 0xB3, 0x31, 0x50, 0x2F, 0x8B, 0xE0, 0x01, 0x15, 0x4F, 0xE4, 0xF1, 0xBF, 0x03,
    0x1C, 0xBE, 0x55, 0xF3, 0xDB, 0x7C, 0xAF, 0x4B, 0x7A, 0xE9, 0xF0, 0xDF, 0xE5, 0x5F, 0xA2, 0x55,
    0x06, 0xB0, 0x4B, 0x8D, 0x0B, 0xAD, 0x77, 0xBD, 0x02, 0x80, 0x00, 0x00, 0xB5, 0x6B, 0x47, 0x6B,
    0x09, 0xD1, 0x54, 0x9C, 0x2B, 0x78, 0x2F, 0x73, 0x82, 0x54, 0x65, 0x71, 0x4F, 0x15, 0xF2, 0xC7,
    0x38, 0x20, 0x7C, 0xFF, 0x86, 0xE4, 0x28, 0x69, 0xD7, 0x00, 0x03, 0x46, 0x92, 0xE7, 0xF8, 0x97,
    0x68, 0x87, 0x53, 0x65, 0x99, 0x38, 0xF0, 0x8C, 0x2A, 0xDA, 0xA9, 0xEB, 0x81, 0xB5, 0x01, 0x7C,
    0x9F, 0xFD, 0x32, 0xB3, 0xB9, 0x18, 0xEE, 0x10, 0x50, 0xEC, 0x1D, 0x10, 0x81, 0x9F, 0x00, 0x03,
    0x67, 0x98, 0xCC, 0x39, 0xF9, 0x36, 0xB2, 0x12, 0x92, 0xB7, 0x2C, 0x18, 0x52, 0x31, 0x18, 0x5B,
    0x3F, 0xEF, 0x0A, 0x00, 0x5A, 0x00, 0x8C, 0x11, 0xD1, 0x8F, 0xE0, 0x86, 0x07, 0x4C, 0x72, 0xD6,
    0x1C, 0xA7, 0x71, 0xD5, 0x94, 0xC8, 0x96, 0xEA, 0xE6, 0x41, 0x21, 0x0B, 0xA8, 0x0E, 0xF2, 0xA0,
    0x99, 0x4E, 0x71, 0x5F, 0x8E, 0x0F, 0xDA, 0x08, 0xED, 0xD2, 0x80, 0x00, 0xAC, 0x92, 0x3C, 0x4F,
    0x9B, 0x27, 0x26, 0x62, 0x7C, 0x4E, 0x84, 0x7E, 0xB2, 0x0D, 0xC4, 0x9E, 0xEB, 0x98, 0x0F, 0x2F,
    0x6B, 0xC9, 0xC8, 0x6C, 0x72, 0xC4, 0xF4, 0x17, 0x39, 0xED, 0xB9, 0x9F, 0x32, 0x7E, 0xC6, 0xE9,
    0x57, 0xB2, 0x12, 0xBD, 0x6D, 0xE7, 0x83, 0x09, 0x26, 0x6C, 0xE0, 0xA2, 0x00, 0x0C, 0x8F, 0x3A,
    0xAE, 0x20, 0x00, 0x2E, 0xBF, 0x2D, 0x9A, 0xF0, 0x5B, 0xB1, 0x53, 0x49, 0x07, 0xAF, 0x26, 0xA9,
    0xE8, 0xB3, 0xF6, 0x9C, 0x61, 0x07, 0x59, 0xDF, 0x1D, 0x0B, 0xA7, 0xAD, 0xCB, 0xA2, 0xF4, 0x36,
    0x03, 0x95, 0x9E, 0xDE, 0x87, 0x43, 0x00, 0x29, 0x9B, 0x6D, 0x27, 0xA9, 0xCF, 0xB5, 0xC5, 0x6E,
    0x42, 0x07, 0xBF, 0xF2, 0x9A, 0x13, 0xDA, 0x80, 0x64, 0xD5, 0xDF, 0xAF, 0x16, 0x6F, 0x00, 0x66,
    0xE3, 0x17, 0x40, 0xFD, 0x90, 0xF0, 0x51, 0x4B, 0x95, 0xB1, 0x8D, 0x9C, 0x31, 0xFE, 0xBD, 0x93,
    0x79, 0x0D, 0xB0, 0x73, 0x00, 0x0A, 0x62, 0xCC, 0x6E, 0xC4, 0xFC, 0xBE, 0x61, 0xBB, 0x4C, 0x2D,
    0xF9, 0xF2, 0x91, 0xBA, 0xEB, 0x14, 0x24, 0x78, 0x80, 0x00, 0x6E, 0x7C, 0x2A, 0x5A, 0xC3, 0x7F,
    0xE1, 0x1A, 0x66, 0xD7, 0xCB, 0x4A, 0x60, 0xCE, 0xEC, 0x10, 0x50, 0x04, 0xF9, 0xD3, 0xE4, 0x69,
    0xC1, 0x7B, 0x8C, 0xD5, 0xDF, 0x24, 0x1E, 0x20, 0x00, 0x59, 0x28, 0xE1, 0xD5, 0xEC, 0xE2, 0xC3,
    0xB9, 0x02, 0x88, 0x00, 0x9A, 0x2B, 0x61, 0xDB, 0x14, 0x57, 0xCF, 0x1B, 0x05, 0xF6, 0x45, 0xFB,
    0xB8, 0x00, 0x99, 0xFE, 0x81, 0x6A, 0x0A, 0x3E, 0x88, 0xD6, 0x9E, 0xEA, 0x85, 0x5F, 0x4B, 0x13,
    0x95, 0x41, 0x24, 0x26, 0x8A, 0x00, 0x3D, 0x84, 0xCD, 0xC9, 0x2F, 0xF9, 0x9B, 0x12, 0x73, 0x6A,
    0x22, 0xF0, 0x03, 0x34, 0xB8, 0x68, 0x23, 0x58, 0x75, 0x71, 0x8D, 0xF0, 0x89, 0xE6, 0x4B, 0x2E,
    0x7B, 0x39, 0x29, 0xA1, 0x1A, 0xF4, 0x10, 0x00, 0xA2, 0x3E, 0xEC, 0x75, 0x50, 0x8E, 0xD0, 0xCE,
    0xCE, 0x6E, 0x0F, 0xC8, 0xAF, 0xC3, 0x7F, 0x2D, 0xED, 0xCF, 0x8B, 0xF4, 0x24, 0x7F, 0xD6, 0xD7,
    0xC7, 0xD2, 0xAD, 0x5A, 0x92, 0xC7, 0x27, 0x13, 0x17, 0xDB, 0x47, 0x3B, 0x99, 0xF4, 0x52, 0x5A,
    0x99, 0x44, 0xE9, 0x16, 0x00, 0x16, 0x5C, 0x41, 0xD5, 0x8C, 0xB5, 0x9C, 0xB4, 0x3D, 0xA3, 0xCB,
    0x80, 0x10, 0xED, 0x36, 0xF4, 0x2D, 0x58, 0x7E, 0xF0, 0xFA, 0x07, 0xEF, 0x4B, 0x6F, 0x3C, 0x82,
    0x9B, 0x77, 0x02, 0x0C, 0x8F, 0x4A, 0x00, 0xFF, 0xD0, 0x39, 0x6C, 0x2B, 0x5F, 0x34, 0x67, 0x8A,
    0xA9, 0x8C, 0x7E, 0x55, 0x7D, 0x80, 0x01, 0x06, 0x74, 0x3F, 0xA0, 0x80, 0x76, 0x00, 0x11, 0x8C,
    0xF0, 0x7A, 0x95, 0x56, 0x52, 0x04, 0xB4, 0xA5, 0x5D, 0x7E, 0x88, 0x2E, 0xB4, 0x67, 0x47, 0x13,
    0x8A, 0x4A, 0xCF, 0x91, 0x8F, 0x44, 0xF1, 0xA1, 0x15, 0x2F, 0x5A, 0x90, 0x8F, 0x4D, 0x00, 0xFE,
    0x84, 0xB7, 0x48, 0x6D, 0x9C, 0xF1, 0x79, 0x53, 0xE4, 0x6C, 0x69, 0xC4, 0x8C, 0x75, 0xAD, 0x32,
    0xF0, 0xE0, 0x08, 0x10, 0x00, 0x88, 0xF3, 0x40, 0x47, 0x55, 0xA9, 0x73, 0x74, 0x2C, 0xB1, 0xF1,
    0x83, 0xE8, 0x1F, 0x5B, 0x79, 0x3A, 0x91, 0x8B, 0x67, 0x40, 0x00, 0x8E, 0x7A, 0x3F, 0xDD, 0xBD,
    0x5D, 0xC4, 0x98, 0x00, 0x37, 0x73, 0x1C, 0x74, 0x3A, 0x3A, 0xC7, 0x9F, 0x8E, 0xC6, 0xF2, 0xD6,
    0xAD, 0x2E, 0xBE, 0x81, 0xFF, 0xF9, 0x0C, 0x7A, 0xFA, 0x6A, 0x2C, 0x74, 0xDA, 0x05, 0xD7, 0xA5,
    0xE8, 0x3C, 0x00, 0x70, 0x2D, 0xDB, 0x69, 0x69, 0x09, 0x76, 0x05, 0x91, 0x0F, 0x75, 0x32, 0x96,
    0x78, 0x4B, 0x01, 0xE5, 0xAD, 0x07, 0xA0, 0x88, 0x00, 0x3D, 0x93, 0xD8, 0x69, 0x24, 0xBA, 0xAD,
    0x0B, 0xB9, 0xBA, 0xD3, 0xAB, 0x1E, 0x34, 0x64, 0x89, 0xA6, 0xA4, 0x2C, 0xAE, 0x24, 0xCF, 0x7E,
    0x74, 0xAB, 0x64, 0x8B, 0x92, 0x80, 0x00, 0x6E, 0x64, 0x13, 0x72, 0xB1, 0xEF, 0xD4, 0x93, 0x5E,
    0x2A, 0x14, 0xA9, 0xD9, 0x8E, 0xE4, 0x52, 0x80, 0x87, 0x52, 0x00, 0x66, 0xE7, 0xEB, 0x76, 0x6E,
    0xC9, 0xC9, 0xE3, 0xC6, 0x00, 0x41, 0x00, 0x8C, 0xD4, 0x27, 0xFE, 0xBD, 0xDD, 0x13, 0x72, 0xC7,
    0x66, 0x93, 0xCC, 0x49, 0x0E, 0x3E, 0x63, 0x01, 0x07, 0x6A, 0xD4, 0x00, 0x6E, 0x64, 0x21, 0x44,
    0x5D, 0x05, 0x24, 0xBF, 0xE0, 0xBC, 0x05, 0x68, 0x94, 0x80, 0x87, 0x5B, 0x00, 0xC6, 0xD1, 0xE3,
    0xE3, 0x09, 0x12, 0xE6, 0x40, 0xD2, 0xC8, 0xE5, 0xCC, 0x29, 0x44, 0x82, 0xE7, 0x74, 0x00, 0x50,
    0xC9, 0xFC, 0xF8, 0xFE, 0x06, 0x83, 0x18, 0x2A, 0x5C, 0x3C, 0xC7, 0x07, 0x56, 0x54, 0x7B, 0x5B,
    0x1C, 0x4F, 0x85, 0xCD, 0xE8, 0xAC, 0x90, 0xDF, 0xF5, 0x00, 0x9C, 0xCB, 0x4B, 0xD4, 0x71, 0x26,
    0xE4, 0xE5, 0xA8, 0x0B, 0x05, 0x90, 0xF7, 0x86, 0x7A, 0xB5, 0x7E, 0xC8, 0x82, 0xEF, 0x38, 0x7F,
    0x07, 0x9B, 0x28, 0xF9, 0x67, 0x94, 0x00, 0x80, 0x9C, 0x8E, 0x39, 0x8D, 0x18, 0xB7, 0x0A, 0xD6,
    0xEB, 0x14, 0xA5, 0x36, 0x13, 0xE4, 0xEB, 0xDA, 0xC0, 0x78, 0x0B, 0xFF, 0xBD, 0xD2, 0xF3, 0x9D,
    0xBA, 0xBD, 0xFB, 0x30, 0x00, 0x7F, 0xFA, 0x31, 0x75, 0x44, 0xF8, 0x90, 0x3B, 0x27, 0xD1, 0x50,
    0xC6, 0xD7, 0xAA, 0xF7, 0xA8, 0x92, 0x5D, 0xE7, 0xFF, 0x83, 0xB0, 0x55, 0xC0, 0x00, 0x70, 0x2D,
    0xDB, 0x69, 0x6A, 0xB4, 0x66, 0xE1, 0xFC, 0x84, 0x39, 0x2A, 0x9D, 0x62, 0x8C, 0xCC, 0x4D, 0xBE,
    0x4E, 0xF8, 0xAE, 0x00, 0x9E, 0x79, 0x9F, 0x35, 0x7E, 0x32, 0x56, 0x07, 0x0A, 0x52, 0x75, 0xA8,
    0xA9, 0x53, 0x0A, 0x05, 0x24, 0x59, 0xE0, 0x22, 0x6D, 0x34, 0x4A, 0x23, 0x00, 0xA9, 0xAE, 0x60,
    0xAB, 0x3C, 0x34, 0x63, 0x0D, 0x4F, 0x53, 0xAC, 0x14, 0xB5, 0xB8, 0x76, 0x6B, 0x83, 0x13, 0xD2,
    0xA5, 0xAD, 0x58, 0x72, 0x17, 0x08, 0x9D, 0x31, 0x98, 0x3A, 0xA4, 0x00, 0x87, 0x97, 0x4C, 0x0E,
    0xCD, 0xE5, 0xBC, 0x47, 0x71, 0x06, 0xBF, 0xF2, 0x61, 0xFF, 0xF6, 0xF0, 0xB2, 0x45, 0xDB, 0x0D,
    0x84, 0xB2, 0x57, 0x0F, 0x33, 0xF0, 0x00, 0x8E, 0xBA, 0xDD, 0x24, 0x2C, 0xB3, 0x5F, 0xFE, 0x25,
    0x57, 0xC2, 0x50, 0x66, 0x8E, 0xDA, 0xF5, 0x56, 0x4D, 0xB8, 0xA1, 0xD4, 0x94, 0xE8, 0x80, 0xE3,
    0xB2, 0x92, 0x09, 0x00, 0x6D, 0x63, 0x9B, 0xA1, 0x07, 0xAB, 0x75, 0x50, 0xFA, 0x96, 0x17, 0x7B,
    0xD5, 0xF2, 0x5B, 0xD1, 0x06, 0x59, 0xA5, 0xA7, 0x24, 0xE0, 0x00, 0x17, 0x5E, 0x0A, 0x51, 0xF4,
    0x52, 0xDA, 0xEF, 0xDC, 0x95, 0x84, 0xA0, 0xD4, 0x1E, 0x44, 0x37, 0x1C, 0x9B, 0xC9, 0xE9, 0x5A,
    0x48, 0x22, 0x58, 0xE2, 0xDD, 0x30, 0x00, 0x67, 0x99, 0x47, 0x02, 0x72, 0x7A, 0x16, 0x24, 0x10,
    0xFF, 0x07, 0xC0, 0x85, 0x60, 0xC4, 0x50, 0x7A, 0x0D, 0xD3, 0x85, 0xB2, 0xD6, 0xFF, 0xBF, 0x76,
    0x88, 0x3E, 0x3F, 0x73, 0xC1, 0x49, 0x33, 0x04, 0x39, 0x74, 0xF0, 0xE8, 0x73, 0xAE, 0x60, 0x00,
    0x80, 0x2C, 0xF1, 0x67, 0x46, 0xBD, 0x0B, 0x96, 0x87, 0x77, 0x3A, 0x73, 0x65, 0xDC, 0x37, 0x69,
    0xDF, 0xFD, 0xA0, 0x72, 0x00, 0x2E, 0x92, 0x00, 0x97, 0x67, 0x80, 0x00, 0x1E, 0x08, 0x8D, 0x02,
    0x07, 0x4B, 0xF5, 0x57, 0x95, 0x82, 0xC9, 0xE5, 0xC4, 0xCE, 0x3A, 0x6D, 0xF4, 0xBE, 0x7F, 0xD0,
    0x5C, 0xDE, 0xFF, 0x79, 0xE1, 0x88, 0xCE, 0x7E, 0xD1, 0x71, 0xC2, 0x9A, 0xE8, 0x0B, 0x82, 0xA8,
    0x8A, 0x47, 0xA1, 0xF2, 0x80, 0x46, 0x02, 0x86, 0x57, 0xA3, 0x30, 0x27, 0x7B, 0x39, 0xE3, 0x12,
    0xB4, 0x3E, 0x36, 0x1C, 0x52, 0x00, 0x11, 0xA0, 0xDC, 0xEC, 0x9F, 0x70, 0x1B, 0x0D, 0x33, 0x4A,
    0x3E, 0x05, 0x9A, 0x7D, 0x6B, 0x9B, 0xAA, 0xEC, 0xFA, 0xD6, 0x54, 0x71, 0x92, 0x4A, 0x08, 0x10,
    0x97, 0x38, 0x0B, 0xEA, 0xDA, 0x54, 0xD3, 0xCE, 0xC5, 0x37, 0x0B, 0x25, 0xE8, 0x08, 0xA0, 0x80,
    0x44, 0x02, 0x41, 0x9A, 0x2B, 0x34, 0x20, 0x7C, 0xDF, 0x17, 0x83, 0x6D, 0xDC, 0x87, 0x52, 0x02,
    0x4E, 0x38, 0x70, 0x2B, 0x9A, 0x72, 0x72, 0xDB, 0x4E, 0xE1, 0x91, 0x4D, 0x08, 0x00, 0x2D, 0xF1,
    0xDC, 0xF1, 0xAB, 0x19, 0x38, 0x18, 0xFD, 0x65, 0x75, 0xEC, 0xDD, 0x4E, 0x4F, 0x54, 0x3C, 0x50,
    0x3F, 0xD8, 0x6E, 0x89, 0x13, 0xB0, 0xF5, 0xB7, 0x46, 0xFD, 0x20, 0xC2, 0x87, 0x4B, 0x00, 0x5B,
    0xA7, 0x74, 0x00, 0x07, 0xD2, 0xE9, 0x2D, 0x17, 0x90, 0x9C, 0xBC, 0xB6, 0xC7, 0x07, 0x61, 0xC8,
    0xC2, 0x32, 0x36, 0xD8, 0x87, 0x4C, 0x00, 0x7E, 0x6A, 0x3E, 0x65, 0xC0, 0x00, 0xB0, 0xE6, 0x2A,
    0x4D, 0x56, 0x27, 0xDE, 0x85, 0x75, 0xDB, 0x33, 0x3A, 0x25, 0x73, 0x1F, 0x52, 0x4E, 0x99, 0x7D,
    0xDC, 0x34, 0x03, 0x8B, 0x00, 0xF4, 0x49, 0x3D, 0x7A, 0xB9, 0xB8, 0x21, 0x17, 0xF2, 0x00, 0xA0,
    0x64, 0xBD, 0xE1, 0x71, 0xBE, 0x85, 0xA4, 0xC5, 0xFD, 0x91, 0x0F, 0xDD, 0x1F, 0x15, 0xD9, 0x79,
    0x09, 0xAF, 0xCC, 0xAB, 0xAC, 0x5A, 0xE1, 0x43, 0x9B, 0x49, 0x7F, 0x7F, 0x67, 0xF6, 0x28, 0xA0,
    0x87, 0x63, 0x02, 0x98, 0x30, 0x7E, 0xE0, 0x26, 0x38, 0x4C, 0x39, 0x2F, 0xC6, 0x5D, 0xCE, 0xB3,
    0x53, 0x80, 0x4B, 0x02, 0x4F, 0x65, 0x91, 0xA7, 0x0F, 0xA6, 0xA1, 0xCB, 0xDC, 0xAB, 0x14, 0x5C,
    0x33, 0xD8, 0x5B, 0xEC, 0x20, 0x2F, 0xC3, 0xF3, 0x22, 0xEB, 0x8D, 0x99, 0x97, 0xFD, 0xB1, 0x86,
    0x4A, 0x02, 0x15, 0x99, 0x4F, 0xEF, 0xED, 0xC1, 0x6E, 0x87, 0xE9, 0x68, 0x80, 0x57, 0xD0, 0x88,
    0xBE, 0x00, 0x16, 0xB8, 0xA0, 0x10, 0x1C, 0x10, 0x1F, 0x65, 0x32, 0x70, 0x83, 0x46, 0x15, 0xA0,
    0xF6, 0xA8, 0xBE, 0x19, 0x0F, 0xC1, 0x7D, 0xCA, 0x44, 0x6F, 0x2A, 0xC0, 0x87, 0x50, 0x02, 0xBD,
    0xD8, 0xE6, 0xA2, 0x57, 0x13, 0x62, 0xC0, 0x4D, 0x04, 0x9B, 0x57, 0xA0, 0x00, 0x08, 0x1B, 0x09,
    0xE3, 0x39, 0xD4, 0xFF, 0x02, 0x05, 0xDA, 0xF9, 0x1F, 0x2C, 0x85, 0xEC, 0xA6, 0xD8, 0x66, 0x9B,
    0xD7, 0x14, 0x0B, 0x07, 0xF7, 0x91, 0x36, 0x3A, 0xC5, 0x16, 0xED, 0xCC, 0x0C, 0x34, 0xBD, 0x5B,
    0x52, 0xE4, 0x3F, 0xA0, 0xF4, 0xE4, 0x7E, 0xDB, 0xDF, 0xAD, 0x3F, 0xC0, 0xBB, 0xDD, 0x0B, 0xAB,
    0x4B, 0xFE, 0x78, 0x1A, 0x9C, 0xB3, 0xEC, 0x76, 0x00, 0xA0, 0x62, 0x66, 0xE0, 0x1F, 0x6D, 0x9A,
    0xED, 0xAF, 0xA3, 0x67, 0xBE, 0x58, 0xDF, 0xFB, 0x89, 0x99, 0xDA, 0x42, 0xF7, 0x61, 0xC1, 0x96,
    0x8E, 0xD6, 0xDA, 0x41, 0x6C, 0x50, 0x7B, 0x33, 0x5F, 0x4D, 0xD8, 0x5E, 0x9A, 0xA1, 0x46, 0xC7,
    0x49, 0x56, 0x94, 0xA0, 0x00, 0x22, 0xC4, 0xAA, 0x27, 0x47, 0xA8, 0x3E, 0xCD, 0xF0, 0x4B, 0xF3,
    0xCB, 0xCC, 0x96, 0xA6, 0xD5, 0xD0, 0x13, 0x62, 0xE5, 0x84, 0x07, 0xBC, 0xF3, 0x3E, 0x16, 0xAA,
    0x04, 0x77, 0x7E, 0xCF, 0x30, 0xF4, 0x40, 0x00, 0x91, 0x9C, 0xB4, 0x80, 0x28, 0x8B, 0xB6, 0x0C,
    0x8E, 0xDB, 0x0E, 0x04, 0x72, 0x24, 0xF9, 0x19, 0xEE, 0xE5, 0x9A, 0xB5, 0x2E, 0xA7, 0x99, 0xEA,
    0xCD, 0x96, 0xB1, 0x1C, 0x5D, 0xAA, 0x25, 0x18, 0x00, 0xA9, 0xB8, 0x42, 0x28, 0x61, 0xA0, 0xFB,
    0x3B, 0x9C, 0x4A, 0x9E, 0x1C, 0x82, 0xC9, 0x6A, 0x80, 0x72, 0xC2, 0x26, 0xDC, 0xAA, 0x9A, 0xD6,
    0x6C, 0x20, 0x8E, 0x4D, 0x64, 0x22, 0xE4, 0xA9, 0xBF, 0x6E, 0x82, 0x30, 0x8F, 0x29, 0xD9, 0x35,
    0x3F, 0xA8, 0x5B, 0xD9, 0x89, 0x44, 0xFC, 0x37, 0xA4, 0x13, 0x00, 0x78, 0x59, 0x84, 0x91, 0x36,
    0x46, 0x98, 0xBE, 0xA9, 0x4C, 0x0C, 0x96, 0xA8, 0xB6, 0x14, 0x02, 0xEB, 0xCC, 0xB5, 0xCC, 0xC0,
    0x08, 0xFA, 0x99, 0x07, 0x0B, 0xE6, 0xA2, 0xCD, 0x91, 0xD4, 0xD2, 0xF5, 0x92, 0x1E, 0xDB, 0x34,
    0x80, 0x00, 0x4E, 0xFB, 0xD5, 0xBD, 0xA8, 0xF1, 0x55, 0x46, 0x94, 0x9C, 0x0E, 0x8F, 0xBC, 0x59,
    0x53, 0x3B, 0x57, 0x57, 0xAE, 0x2F, 0x0E, 0x85, 0x54, 0xC2, 0x8F, 0x43, 0xBC, 0xCA, 0x1F, 0x09,
    0x6F, 0x84, 0x93, 0xE7, 0xBE, 0xB5, 0x1D, 0x5B, 0x36, 0xD8, 0x3A, 0x44, 0x6C, 0x49, 0x17, 0x74,
    0x00, 0xA1, 0x16, 0x19, 0x6B, 0x54, 0xDD, 0x78, 0xCF, 0x2F, 0x98, 0xA5, 0x42, 0x4B, 0x2C, 0x4A,
    0xB8, 0xC3, 0x57, 0x6B, 0x33, 0xE1, 0x33, 0xAD, 0xC2, 0x5E, 0x77, 0x06, 0x76, 0xB0, 0x16, 0x8D,
    0x71, 0xB5, 0x80, 0x00, 0x03, 0x36, 0xF6, 0x40, 0x36, 0x9C, 0x00, 0x92, 0xC9, 0xF9, 0xA0, 0x57,
    0x64, 0xE9, 0x81, 0x7E, 0x43, 0x92, 0xCF, 0x90, 0x66, 0xAA, 0xE7, 0x3E, 0x1F, 0x9B, 0x1B, 0x5F,
    0x14, 0x3B, 0x82, 0xC7, 0x42, 0xD6, 0x5E, 0x5B, 0xF4, 0x1E, 0xF6, 0x03, 0x4E, 0xBA, 0xF9, 0xC8,
    0x38, 0x93, 0xF6, 0x30, 0xF6, 0x03, 0x2B, 0x62, 0x9F, 0xD4, 0x11, 0x90, 0x05, 0x19, 0x0E, 0x3B,
    0x90, 0x55, 0x8F, 0x40, 0x00, 0x9D, 0x1B, 0x6C, 0xB9, 0x66, 0x1D, 0xD8, 0xCC, 0xED, 0xA5, 0x39,
    0xFF, 0x93, 0xE3, 0x3C, 0xBA, 0x25, 0xAC, 0x4F, 0x5C, 0xEB, 0x30, 0xB8, 0xE6, 0x47, 0x10, 0x8D,
    0xF5, 0xC8, 0xBB, 0x73, 0x3B, 0x9C, 0x41, 0x85, 0xE2, 0x2F, 0x51, 0x2C, 0x1B, 0x1B, 0xAF, 0x60,
    0x00, 0x0E, 0xBF, 0x22, 0x1B, 0xFE, 0x77, 0xFA, 0xF1, 0x65, 0xA5, 0xDE, 0x97, 0x7E, 0x83, 0xC7,
    0xDA, 0xEA, 0xCA, 0x97, 0x0C, 0x34, 0x20, 0xCA, 0x46, 0x55, 0x3A, 0x62, 0xB5, 0x57, 0x92, 0xB9,
    0xEE, 0xC2, 0xB2, 0xFF, 0x61, 0xDE, 0xAE, 0xE4, 0x76, 0xD4, 0x2D, 0x4B, 0x4D, 0xAF, 0x2A, 0x0E,
    0x9E, 0xBF, 0x40, 0x00, 0x93, 0x44, 0x94, 0x74, 0xF7, 0xA4, 0xB3, 0x8A, 0x20, 0x9F, 0xA6, 0x68,
    0x53, 0xB5, 0xF3, 0x7E, 0xAC, 0x77, 0x17, 0x08, 0x99, 0xDE, 0xB6, 0xEC, 0x8A, 0x1D, 0xF2, 0x1B,
    0x5B, 0x36, 0x3B, 0xE4, 0xFD, 0x4F, 0x2E, 0x5A, 0x75, 0x79, 0xDC, 0x21, 0xC3, 0x8F, 0x12, 0x00,
    0x03, 0x01, 0xE5, 0xFC, 0xF0, 0xE3, 0xD4, 0x63, 0x30, 0xC2, 0x9B, 0x50, 0x75, 0x5D, 0x36, 0x2A,
    0x0C, 0x79, 0xED, 0x00, 0x05, 0x5E, 0xDC, 0x5E, 0xB2, 0x31, 0x4A, 0xBE, 0x60, 0x83, 0x19, 0x24,
    0x06, 0x19, 0xE8, 0x3E, 0xD1, 0xA8, 0xDC, 0x0A, 0xC7, 0x65, 0x7E, 0x56, 0x42, 0xA9, 0x8A, 0x21,
    0x77, 0x3D, 0x68, 0x4A, 0xCD, 0x53, 0x60, 0x9F, 0x39, 0x26, 0x4C, 0x85, 0xA2, 0xB7, 0xAF, 0xF3,
    0x91, 0x68, 0x00, 0xA0, 0x56, 0x25, 0x48, 0xB7, 0x2F, 0x6E, 0x1B, 0xFE, 0x78, 0x33, 0x39, 0xB1,
    0xCB, 0x0C, 0xDB, 0x1F, 0xD9, 0xF4, 0xDB, 0xB1, 0x55, 0xE1, 0x88, 0x1F, 0xED, 0x87, 0xEA, 0x9B,
    0xFA, 0x31, 0x97, 0xC7, 0xE8, 0x3B, 0xBA, 0xCC, 0x24, 0xD1, 0xB5, 0x37, 0xE8, 0xC7, 0x5F, 0x78,
    0xC5, 0x66, 0x17, 0xE4, 0xC4, 0x6B, 0xAC, 0x60, 0x83, 0x15, 0x00, 0x11, 0x94, 0xF4, 0x16, 0xAA,
    0x11, 0xC9, 0xAC, 0xC1, 0xDF, 0xAE, 0x94, 0x6A, 0x85, 0xC6, 0x0B, 0x82, 0x05, 0x75, 0xF9, 0x7A,
    0x94, 0x2D, 0x11, 0x87, 0xD0, 0xEE, 0x25, 0x23, 0x96, 0x76, 0x3F, 0x6E, 0x51, 0xC1, 0xF4, 0x24,
    0x20, 0xAB, 0xAA, 0x48, 0x19, 0x3F, 0x7F, 0x0F, 0x3D, 0xCC, 0x16, 0xAC, 0xB7, 0xD4, 0x50, 0x25,
    0xFA, 0xD9, 0x56, 0x44, 0x0A, 0xE7, 0x00, 0x0C, 0x66, 0x8E, 0x65, 0x2A, 0xC2, 0x7C, 0x76, 0x3B,
    0x9E, 0x40, 0xB1, 0xF9, 0xE9, 0x83, 0x69, 0x57, 0xB1, 0xCB, 0x1B, 0x6A, 0x61, 0x4E, 0xF9, 0x04,
    0x61, 0x39, 0x93, 0x42, 0xBD, 0xE1, 0x10, 0xA7, 0x5C, 0x6F, 0x83, 0x1E, 0xA6, 0xAB, 0x48, 0x85,
    0x7F, 0xDF, 0x12, 0x3E, 0x6F, 0x79, 0x11, 0x43, 0x80, 0x00, 0x03, 0x1B, 0x1C, 0x4E, 0x18, 0x42,
    0xA1, 0xE2, 0x32, 0x51, 0xD1, 0x18, 0xF9, 0x51, 0x7A, 0x3F, 0xB4, 0xFE, 0xF4, 0x84, 0x4C, 0x27,
    0xF4, 0x8F, 0xC3, 0xC7, 0x70, 0xF8, 0x53, 0xBC, 0x32, 0xCB, 0x83, 0x4B, 0xC4, 0x57, 0x3F, 0x72,
    0x80, 0x00, 0x4B, 0xC4, 0x77, 0xD8, 0x1F, 0xB3, 0x2C, 0x21, 0x5E, 0x19, 0x04, 0xD8, 0xCB, 0x41,
    0x4E, 0xF7, 0x61, 0xD0, 0x20, 0x12, 0x7D, 0xB7, 0x3B, 0x00, 0x99, 0x6D, 0x9F, 0xA4, 0x1C, 0xA1,
    0x3C, 0xE8, 0xF1, 0xE0, 0x5C, 0x06, 0x8D, 0xD1, 0xE4, 0x46, 0xA8, 0x2C, 0x23, 0x80, 0x87, 0x31,
    0x00, 0x9C, 0xC9, 0x51, 0xD9, 0x0E, 0xDE, 0x2E, 0xB6, 0xFC, 0x61, 0xF5, 0xBF, 0x12, 0x4D, 0xFF,
    0x87, 0x51, 0x00, 0x51, 0x94, 0xB4, 0xC2, 0xDD, 0x1E, 0xDA, 0xC1, 0xD3, 0xFB, 0xC0, 0xE9, 0xD6,
    0x65, 0x00, 0x03, 0x41, 0x36, 0x8A, 0x77, 0xDB, 0x3C, 0xD8, 0xC9, 0xF7, 0x21, 0xD9, 0x08, 0x34,
    0x07, 0x3A, 0x1F, 0x6D, 0x1E, 0x9E, 0x04, 0xB0, 0xCC, 0xCD, 0x4B, 0x4E, 0x51, 0xB3, 0xF6, 0xB5,
    0xF4, 0x15, 0x20, 0xBF, 0x94, 0xC4, 0x00, 0x7D, 0x07, 0x35, 0xBF, 0xCA, 0x89, 0x96, 0xD2, 0xCC,
    0xD6, 0x47, 0xCA, 0x73, 0x90, 0xDA, 0x78, 0x56, 0x6E, 0x9A, 0x0D, 0xE4, 0x9D, 0x10, 0x10, 0xB6,
    0x44, 0x34, 0x73, 0x00, 0x11, 0x55, 0x67, 0x8F, 0x79, 0xFB, 0xC1, 0xB8, 0xE9, 0x7F, 0x6F, 0x41,
    0x0F, 0x01, 0xFF, 0x2E, 0x99, 0x6D, 0x16, 0xC8, 0xA9, 0x90, 0xDD, 0x37, 0x3C, 0xE5, 0xED, 0x6D,
    0xF0, 0x3A, 0xAB, 0x41, 0x63, 0x65, 0x18, 0xAE, 0x27, 0xC6, 0x5A, 0x03, 0x33, 0xA1, 0xAE, 0x54,
    0xB5, 0xE0, 0x52, 0x0A, 0x7B, 0x81, 0x80, 0x86, 0x02, 0x07, 0xF6, 0xDE, 0xA0, 0x68, 0x99, 0x20,
    0x34, 0xB1, 0x1E, 0x37, 0xCA, 0x7F, 0x61, 0xE4, 0xF3, 0xE0, 0x7F, 0x0B, 0xBC, 0x73, 0xAE, 0x22,
    0xF4, 0x6C, 0x65, 0x13, 0xB4, 0xEF, 0xD3, 0x16, 0xE4, 0xCB, 0x19, 0x42, 0x1E, 0x4E, 0x3E, 0x50,
    0x00, 0xCE, 0x3D, 0x6B, 0x1C, 0x3B, 0x0C, 0xCB, 0xDD, 0x07, 0x24, 0xB9, 0x30, 0x80, 0x3B, 0x0A,
    0x9A, 0x53, 0x07, 0x8E, 0x73, 0x51, 0xA4, 0xCB, 0xF5, 0x95, 0x83, 0x53, 0x3D, 0x23, 0x7F, 0xCC,
    0xC7, 0x82, 0xBD, 0x57, 0x40, 0x41, 0x9F, 0x7C, 0xF1, 0x52, 0xD1, 0x97, 0x6E, 0xE4, 0xE6, 0x0F,
    0x63, 0x54, 0xF8, 0x62, 0xD1, 0x33, 0x9E, 0x98, 0xA3, 0x63, 0x00, 0xD6, 0x30, 0x49, 0x7A, 0x7E,
    0x12, 0x56, 0xB7, 0x8F, 0x73, 0xB9, 0xC3, 0x8A, 0x51, 0x7C, 0x00, 0x23, 0x00, 0xEF, 0xE9, 0x15,
    0x86, 0x00, 0x70, 0x24, 0x39, 0x74, 0x1D, 0x2F, 0x17, 0x39, 0x01, 0xF8, 0xDD, 0x41, 0xD8, 0x6C,
    0x36, 0xD4, 0x2B, 0xAF, 0x8F, 0x71, 0xDD, 0xBC, 0x39, 0x00, 0xB4, 0x19, 0xDC, 0x37, 0x15, 0x50,
    0x78, 0x32, 0xE8, 0xA0, 0xEF, 0xE0, 0x0C, 0x7E, 0x76, 0xF8, 0x02, 0x2C, 0x43, 0xAD, 0xA2, 0xFD,
    0x1B, 0x6C, 0x1E, 0x6C, 0xF5, 0xFC, 0x50, 0xA8, 0x10, 0xEE, 0xC3, 0xA6, 0x00, 0x4F, 0x29, 0x2C,
    0x02, 0x75, 0x8C, 0x42, 0x61, 0x04, 0x19, 0x96, 0x8D, 0x07, 0x8A, 0x0C, 0xE9, 0x9E, 0x66, 0xD2,
    0xE2, 0x0A, 0x55, 0x2A, 0x05, 0x32, 0x2C, 0x2D, 0xB8, 0x39, 0xEF, 0xC5, 0xF9, 0x6E, 0xBB, 0x66,
    0x9F, 0xD0, 0x9D, 0x81, 0x60, 0x1A, 0xC8, 0x1F, 0x9E, 0x68, 0xAD, 0xCF, 0xF5, 0x00, 0x9C, 0xC1,
    0xDE, 0x54, 0x28, 0xA4, 0x98, 0x32, 0xFC, 0xE6, 0x72, 0x42, 0xD0, 0xFA, 0xF1, 0x71, 0x55, 0x00,
    0x62, 0x44, 0x99, 0x54, 0x6D, 0xB8, 0x82, 0x68, 0x8D, 0x1D, 0xA7, 0x9F, 0x3A, 0xDF, 0x33, 0xC4,
    0xC0, 0x00, 0x4B, 0xAF, 0x53, 0x8D, 0x1A, 0xF7, 0x2B, 0xF0, 0x0F, 0x01, 0xEB, 0xBF, 0x56, 0x8C,
    0xC6, 0x31, 0xC1, 0xBF, 0xCB, 0x39, 0xA8, 0x77, 0x33, 0x74, 0x68, 0x65, 0x11, 0xCE, 0x81, 0x89,
    0xAD, 0xB9, 0xFB, 0x39, 0x83, 0xA4, 0x5B, 0x5E, 0xFB, 0x38, 0x78, 0xC3, 0xE7, 0x42, 0x46, 0xB2,
    0xA9, 0xDB, 0xDB, 0x3B, 0xB7, 0x29, 0x4C, 0xDC, 0x23, 0xAA, 0xAE, 0x09, 0x6A, 0xB9, 0x12, 0xA4,
    0x08, 0xA9, 0x01, 0xAA, 0x9B, 0xF6, 0x96, 0xAC, 0x04, 0x32, 0x64, 0xB1, 0xE1, 0xBB, 0x54, 0xAA,
    0x2C, 0xCB, 0x00, 0xBA, 0x17, 0x46, 0xAE, 0x41, 0xD6, 0x75, 0xCA, 0x3F, 0xBF, 0x0E, 0x8D, 0x9B,
    0x62, 0x6E, 0x73, 0x8D, 0x17, 0x78, 0x08, 0xAB, 0xA0, 0x49, 0x49, 0xA9, 0x9D, 0x67, 0xFF, 0xBA,
    0x3C, 0xB6, 0xEE, 0x82, 0x9A, 0x38, 0xBC, 0x34, 0x2C, 0x68, 0x9E, 0xF4, 0x07, 0xBD, 0xA6, 0x47,
    0x6D, 0x1F, 0x1E, 0x29, 0x9C, 0x39, 0x6B, 0x51, 0x65, 0x1D, 0x4F, 0xD1, 0x68, 0xDA, 0x2A, 0x9B,
    0xD4, 0xA7, 0x74, 0x34, 0x29, 0xE8, 0x80, 0x71, 0x02, 0xC0, 0x3F, 0x08, 0xF3, 0x5C, 0x0A, 0xB5,
    0x3C, 0xD9, 0x61, 0xF9, 0xB6, 0x9A, 0x78, 0xC5, 0x63, 0x97, 0xCE, 0xCC, 0x9B, 0xB0, 0x00, 0x6A,
    0x80, 0x81, 0x72, 0x02, 0x21, 0x2C, 0x90, 0x56, 0x3A, 0xE2, 0x4E, 0xFF, 0x7D, 0x6F, 0xA0, 0x44,
    0xAF, 0x81, 0xC5, 0x76, 0xAC, 0xF3, 0xDB, 0x45, 0x00, 0x9F, 0x4F, 0x0E, 0xFF, 0xC6, 0x0B, 0x57,
    0x43, 0x0E, 0xA6, 0x15, 0xA5, 0xC3, 0xA0, 0x98, 0x3F, 0x92, 0xF6, 0x04, 0xAE, 0x8B, 0x43, 0xF5,
    0x28, 0xD4, 0x66, 0xAF, 0x9E, 0xEB, 0x9A, 0x8D, 0xFF, 0x00, 0x37, 0xA1, 0x91, 0x6E, 0xF8, 0xDF,
    0xA1, 0xC5, 0xA4, 0x13, 0x08, 0x67, 0x9A, 0x9C, 0x97, 0x1F, 0x88, 0xE6, 0x15, 0xF8, 0x20, 0xE4,
    0xE7, 0xD8, 0x80, 0x00, 0xBA, 0x07, 0x45, 0x51, 0x88, 0x93, 0x36, 0xCE, 0x03, 0x52, 0xA1, 0x00,
    0xEE, 0x7E, 0x73, 0x30, 0xEB, 0xCF, 0xA9, 0xCA, 0x74, 0x3D, 0x25, 0xE7, 0x82, 0x73, 0x2F, 0xD9,
    0xFA, 0x38, 0x4C, 0x6B, 0xE4, 0xD1, 0x0B, 0x94, 0xA9, 0x91, 0x78, 0x00, 0x5E, 0x6C, 0x4B, 0x6E,
    0xFE, 0xB6, 0x1A, 0x00, 0x4D, 0x1F, 0x33, 0xA9, 0x3E, 0x62, 0xA4, 0x91, 0xBB, 0xED, 0xC0, 0x00,
    0x26, 0xA7, 0x8F, 0x89, 0x02, 0xA9, 0x7C, 0x80, 0x00, 0x2B, 0x0A, 0xA9, 0x32, 0x1A, 0x66, 0x87,
    0xD1, 0x01, 0xFA, 0xA9, 0x1D, 0x97, 0x58, 0xC7, 0xFE, 0xC7, 0xDF, 0x00, 0x8A, 0x93, 0x27, 0xAE,
    0x1E, 0x78, 0x09, 0x15, 0x95, 0x86, 0xDB, 0x8A, 0xBF, 0xFB, 0x5D, 0x62, 0xBF, 0x32, 0x92, 0xF7,
    0xA6, 0x90, 0x92, 0xCD, 0x11, 0xDE, 0xE7, 0xA0, 0xF5, 0xD8, 0xCE, 0x40, 0x36, 0xD9, 0xA9, 0x48,
    0xB8, 0xD6, 0xD7, 0x32, 0x24, 0x1E, 0x6A, 0xA1, 0xDE, 0x5F, 0x6F, 0xA0, 0x76, 0x54, 0x50, 0xB6,
    0x26, 0x57, 0xF2, 0x90, 0x9B, 0x44, 0x21, 0x46, 0xE3, 0xE0, 0xE4, 0xE9, 0x91, 0xCB, 0x08, 0x84,
    0xCE, 0xE0, 0x00, 0x89, 0x20, 0xFE, 0xAD, 0x3E, 0x9C, 0x84, 0xE6, 0x03, 0xEE, 0xF1, 0xAE, 0x29,
    0x8A, 0x73, 0xD1, 0xE2, 0x41, 0xDC, 0xD5, 0x3B, 0x13, 0x98, 0x66, 0xA6, 0x43, 0xB2, 0x08, 0x49,
    0x11, 0xC2, 0xDE, 0x1A, 0xE1, 0x0F, 0xB6, 0xBE, 0x67, 0x72, 0xB8, 0x1C, 0x6D, 0x09, 0xF3, 0xD1,
    0x0F, 0xE0, 0x27, 0x6A, 0x9B, 0x75, 0x36, 0xB8, 0xC2, 0xCB, 0x44, 0x87, 0x33, 0x33, 0xD8, 0x0A,
    0x48, 0x00, 0x15, 0xE1, 0x99, 0x1D, 0x61, 0xA3, 0x87, 0x33, 0x40, 0x48, 0x34, 0x73, 0x93, 0x43,
    0xD6, 0x20, 0xB4, 0xD7, 0xE6, 0x7D, 0x7C, 0x50, 0x46, 0xAB, 0x58, 0x15, 0xE0, 0xA1, 0x86, 0xCB,
    0x60, 0x9C, 0xED, 0x53, 0x1F, 0xC0, 0xBF, 0x10, 0x66, 0x57, 0x95, 0x0E, 0x91, 0xD3, 0x85, 0x48,
    0xF9, 0x74, 0xAB, 0x3B, 0x01, 0xEA, 0xA0, 0x00, 0x12, 0xE6, 0xB9, 0x1E, 0x49, 0x15, 0xD7, 0x5F,
    0xDE, 0x24, 0x81, 0x02, 0xC8, 0xCF, 0x0B, 0xF6, 0x94, 0xAD, 0xD7, 0x66, 0x93, 0x92, 0x9F, 0x6B,
    0x4C, 0xD6, 0xDE, 0x9A, 0xBB, 0xDD, 0xEA, 0x5A, 0xCA, 0x80, 0xF8, 0x85, 0x00, 0xF5, 0xFB, 0x2B,
    0xAA, 0xE0, 0x18, 0x00, 0x11, 0xA3, 0xCD, 0xB7, 0x06, 0x94, 0xBB, 0xDF, 0xBD, 0x07, 0x9A, 0x41,
    0x56, 0x53, 0x3F, 0xA9, 0xB0, 0x88, 0x79, 0x64, 0x9C, 0x52, 0x68, 0xC3, 0x24, 0x23, 0xFF, 0x6F,
    0xE1, 0x77, 0x54, 0xEB, 0x83, 0xFF, 0x23, 0x80, 0x00, 0x12, 0x7D, 0x46, 0xC4, 0x27, 0xAE, 0x9A,
    0x1D, 0xCB, 0x00, 0x99, 0x08, 0x5C, 0x9E, 0x25, 0x10, 0x45, 0x1D, 0x4C, 0xCE, 0xC4, 0x1C, 0x86,
    0xF1, 0xC4, 0x7A, 0x1E, 0x6E, 0x96, 0x55, 0x2B, 0x80, 0x00, 0x00, 0x3A, 0xF1, 0xB9, 0xEF, 0xD3,
    0xE4, 0x2C, 0x1F, 0xBF, 0x5E, 0x0D, 0x90, 0xB9, 0x4E, 0xD7, 0x39, 0xCE, 0x2E, 0xA5, 0xAA, 0xF9,
    0xAD, 0xB6, 0x0A, 0x95, 0xD2, 0x05, 0x38, 0x64, 0xF4, 0x33, 0xC4, 0x3F, 0x30, 0xA4, 0x87, 0x52,
    0x00, 0x66, 0xE7, 0xEA, 0xFE, 0xE8, 0x91, 0x25, 0xB4, 0x22, 0xB6, 0x6A, 0x2A, 0x9E, 0xF7, 0x3E,
    0x9D, 0xF8, 0xAA, 0xC0, 0x00, 0x67, 0x18, 0x95, 0x57, 0xE3, 0x26, 0x8D, 0x32, 0xAE, 0xF9, 0x2F,
    0xFB, 0x40, 0x97, 0x56, 0x80, 0x00, 0x4A, 0xD3, 0xF4, 0x0F, 0x19, 0x5D, 0xE1, 0xC6, 0x0F, 0xBC,
    0xB0, 0x92, 0xF4, 0x80, 0x00, 0x0E, 0xC2, 0xA3, 0x7D, 0x46, 0xDB, 0x6D, 0x4D, 0x3B, 0x32, 0x66,
    0xD5, 0x37, 0x11, 0xC0, 0xEE, 0x22, 0x88, 0xD5, 0x93, 0xC9, 0x58, 0x60, 0x00, 0x74, 0x0C, 0x8A,
    0x77, 0xAD, 0x98, 0x6A, 0x33, 0xFB, 0x5C, 0xCE, 0x66, 0x5C, 0x21, 0xD7, 0xBC, 0xA0, 0x8C, 0x0D,
    0xC0, 0x87, 0x30, 0x02, 0x64, 0xE5, 0xFB, 0x7D, 0x1C, 0x1A, 0x74, 0x03, 0xB2, 0x49, 0x7C, 0xCD,
    0xEB, 0xB6, 0x25, 0x77, 0x5F, 0x35, 0x98, 0x70, 0x93, 0xC3, 0x8A, 0x12, 0x3A, 0x23, 0x70, 0xBB,
    0x25, 0x95, 0xC6, 0x97, 0x1C, 0xEF, 0x79, 0x0C, 0x00, 0x6B, 0x8E, 0x51, 0x0D, 0x5D, 0xCD, 0x3F,
    0xE0, 0xEA, 0x70, 0x8B, 0x11, 0xAA, 0xE2, 0x44, 0xE1, 0xBF, 0x39, 0x47, 0x2D, 0x70, 0xD2, 0x47,
    0x80, 0xF2, 0x90, 0x4E, 0x23, 0xCC, 0xD0, 0xFC, 0x00, 0x08, 0x15, 0xA9, 0x6C, 0x3C, 0x1B, 0xC7,
    0xED, 0xEB, 0x86, 0x3C, 0x76, 0xAC, 0x67, 0x09, 0xFC, 0xC8, 0x80, 0xBC, 0x84, 0xD4, 0xF9, 0xCA,
    0x90, 0x26, 0x8A, 0xF9, 0x49, 0x03, 0xFE, 0x24, 0xE6, 0x66, 0xBF, 0x78, 0xE0, 0x87, 0xA8, 0x93,
    0x71, 0xF2, 0x93, 0x42, 0xA3, 0x53, 0xF4, 0xAA, 0x6F, 0x1F, 0x12, 0xCF, 0xC9, 0x05, 0x71, 0xC1,
    0xD9, 0x02, 0x18, 0xA6, 0xBD, 0xC9, 0xF0, 0x37, 0x00, 0xA6, 0xEC, 0xA0, 0x7B, 0x32, 0xB9, 0xBD,
    0x53, 0x1E, 0xEA, 0x12, 0x0A, 0x86, 0x17, 0x04, 0xF5, 0xD4, 0xCA, 0xD1, 0xA5, 0x97, 0xE8, 0xEA,
    0x2A, 0x69, 0x67, 0x7D, 0xF7, 0x1B, 0xE7, 0xBF, 0x9E, 0x47, 0x8C, 0x35, 0x85, 0x22, 0x32, 0x5A,
    0x8A, 0x97, 0x8C, 0xA9, 0xE1, 0xCF, 0xBE, 0x29, 0x26, 0x8C, 0x19, 0xF0, 0xF0, 0x87, 0x28, 0x02,
    0x95, 0x46, 0xD8, 0x6C, 0xF7, 0x9F, 0xA5, 0x7D, 0x70, 0x28, 0x5C, 0x3A, 0xB8, 0x36, 0xF9, 0x7F,
    0x34, 0xDE, 0x87, 0x48, 0x02, 0x3B, 0x5B, 0x7C, 0xC9, 0x33, 0xB6, 0x43, 0x28, 0xC0, 0x44, 0x07,
    0xA3, 0x71, 0xEF, 0xCA, 0x1C, 0x80, 0x00, 0x03, 0x30, 0x0A, 0x63, 0x6B, 0x90, 0x75, 0xAD, 0xBA,
    0xE2, 0x3C, 0xBB, 0x57, 0xEF, 0xAC, 0x70, 0xDD, 0xC1, 0x40, 0x39, 0x87, 0xAE, 0xBF, 0x9C, 0x95,
    0xFF, 0x41, 0xCE, 0xA3, 0x98, 0x9A, 0xAD, 0x7A, 0x2A, 0x79, 0x9F, 0x04, 0xB6, 0x80, 0x00, 0x77,
    0x54, 0xE4, 0x91, 0xAE, 0x04, 0x5E, 0x70, 0x9B, 0x08, 0xAF, 0xBD, 0x93, 0xC9, 0x7C, 0x04, 0xB9,
    0x01, 0xB6, 0xAA, 0x93, 0x39, 0xA8, 0x89, 0x6D, 0xA9, 0x97, 0xC5, 0x63, 0x87, 0x2D, 0x00, 0x90,
    0x75, 0xA4, 0x4A, 0xB5, 0x2B, 0x6D, 0x0B, 0xF8, 0xE1, 0x94, 0xFB, 0xD5, 0x77, 0x29, 0x16, 0x4B,
    0xFD, 0xF7, 0x37, 0xAD, 0x7B, 0x09, 0x3A, 0xE8, 0xEB, 0x09, 0xD5, 0x91, 0x01, 0x40, 0x00, 0x70,
    0x27, 0xE1, 0x19, 0xF1, 0xED, 0xB5, 0x75, 0xCB, 0x61, 0x44, 0xC6, 0x45, 0x8D, 0x9E, 0x30, 0xF4,
    0x0C, 0x07, 0x27, 0xA3, 0xDA, 0xA6, 0xE0, 0x12, 0x45, 0xF1, 0xBB, 0xF5, 0xC4, 0x00, 0x11, 0x4D,
    0x85, 0xA5, 0xFA, 0x3B, 0xAD, 0x0B, 0x9F, 0x66, 0xD9, 0x0A, 0x05, 0x9E, 0x10, 0x5B, 0x4B, 0x2D,
    0x66, 0x58, 0xF2, 0xD3, 0x82, 0xEC, 0xB2, 0x4B, 0x28, 0x3E, 0x8E, 0xFF, 0x7E, 0x78, 0xEB, 0x02,
    0x2A, 0xE2, 0xE7, 0xE3, 0xDD, 0xE0, 0x3D, 0x80, 0x00, 0x12, 0x02, 0x07, 0x1F, 0xC8, 0x82, 0x50,
    0x9D, 0x54, 0x3A, 0x10, 0xC8, 0xFE, 0xA1, 0x88, 0x62, 0xE7, 0xD1, 0x92, 0xDF, 0xA4, 0x02, 0x6E,
    0x47, 0x2E, 0xFB, 0x30, 0x0A, 0x3E, 0x20, 0x7D, 0xAD, 0x5A, 0x0B, 0x82, 0x32, 0xDC, 0x00, 0x00,
    0xB8, 0xEE, 0x0E, 0x65, 0xB5, 0x8F, 0xE2, 0xA6, 0x40, 0xB8, 0xBF, 0x17, 0x13, 0x23, 0x11, 0xD6,
    0x6E, 0x27, 0x8A, 0x6C, 0x1C, 0x11, 0xEE, 0xF2, 0xAF, 0x18, 0x52, 0x64, 0x33, 0xFA, 0xEA, 0xFC,
    0x01, 0x8D, 0x82, 0xCD, 0x00, 0x8F, 0x16, 0x3A, 0xCD, 0xAB, 0xEE, 0xF0, 0xCF, 0xFB, 0x23, 0x03,
    0x34, 0xF1, 0x3D, 0x7C, 0x31, 0xE1, 0x92, 0xA9, 0x08, 0xA0, 0x07, 0x72, 0x19, 0xAC, 0x16, 0x1B,
    0x33, 0x33, 0x22, 0x00, 0x03, 0x3D, 0xC4, 0x90, 0x64, 0x21, 0x89, 0x25, 0x79, 0x9B, 0x8E, 0x3D,
    0xDC, 0x5E, 0x60, 0xC8, 0xDB, 0x36, 0x6E, 0x9D, 0x9E, 0x23, 0xF3, 0xCD, 0xF8, 0x8C, 0x41, 0x1D,
    0x94, 0x00, 0x82, 0x7D, 0xE5, 0x25, 0xD1, 0xBF, 0x90, 0x63, 0x5C, 0xF6, 0x15, 0xB9, 0xB8, 0x43,
    0xF6, 0x21, 0xEF, 0x87, 0x86, 0xC2, 0x19, 0x2C, 0xFE, 0xCE, 0x2B, 0x95, 0xA2, 0x4E, 0x00, 0x03,
    0x3B, 0xDB, 0x20, 0x81, 0x10, 0x13, 0xA7, 0x2C, 0x45, 0xED, 0xC7, 0x88, 0x82, 0x28, 0x46, 0xC6,
    0x89, 0xA5, 0x3B, 0x7B, 0x55, 0x59, 0x81, 0xB1, 0x9A, 0x25, 0xC4, 0x14, 0x14, 0x77, 0x50, 0x00,
    0x92, 0x75, 0x99, 0x33, 0xB8, 0x65, 0x85, 0x74, 0x9A, 0xA2, 0x54, 0xE8, 0x93, 0x1C, 0x59, 0x29,
    0x31, 0x7F, 0x09, 0x4D, 0x12, 0x1C, 0x2B, 0xC9, 0x6C, 0x00, 0x00, 0x0D, 0xB2, 0x14, 0xE4, 0x6E,
    0xAB, 0xBF, 0x78, 0x2A, 0xFC, 0x34, 0x9D, 0xC6, 0x1A, 0x11, 0x46, 0xA4, 0x91, 0x5A, 0xF2, 0xB2,
    0xE2, 0x0C, 0x92, 0x33, 0xD8, 0xD9, 0x15, 0xD8, 0xF7, 0x4E, 0x2C, 0xE4, 0xF1, 0x1F, 0xF9, 0xC7,
    0x70, 0x9D, 0x06, 0x89, 0x70, 0x6F, 0x78, 0x5F, 0x9C, 0x9B, 0xE4, 0x00, 0x9F, 0x3F, 0xF3, 0x1C,
    0xDE, 0x32, 0x40, 0x3B, 0x58, 0x32, 0xD1, 0x24, 0x13, 0x90, 0x3C, 0x9A, 0x8E, 0x2F, 0x6A, 0xC6,
    0x32, 0x5C, 0x45, 0x29, 0xE9, 0xB7, 0xFF, 0xFD, 0x74, 0x17, 0x85, 0x6F, 0xED, 0xA2, 0x15, 0x63,
    0x49, 0x11, 0x52, 0xAC, 0x00, 0xA4, 0xBE, 0x3E, 0x22, 0x6F, 0x09, 0x3B, 0x64, 0x4D, 0x13, 0x2D,
    0xF1, 0xA3, 0xB5, 0xE9, 0x5B, 0x62, 0xE4, 0xC0, 0x52, 0xC1, 0x44, 0x82, 0xB8, 0x27, 0x22, 0xDF,
    0x36, 0xA3, 0x76, 0x7C, 0xDB, 0xA6, 0xE0, 0x56, 0xE8, 0xBB, 0x79, 0x08, 0x6F, 0x4D, 0xC4, 0x2E,
    0x0F, 0x21, 0x65, 0x78, 0xA4, 0xE9, 0xB6, 0x56, 0xB1, 0x30, 0x00, 0x2C, 0xF1, 0x93, 0x86, 0xE8,
    0x90, 0x43, 0xF6, 0xAE, 0xFA, 0x0A, 0xD4, 0xE0, 0x1A, 0x32, 0x19, 0x99, 0x79, 0x17, 0x01, 0xE7,
    0x70, 0x7C, 0x7F, 0xEC, 0xFD, 0x88, 0x7A, 0xC6, 0x8D, 0xEA, 0x45, 0x2B, 0xE7, 0x23, 0x01, 0x7A,
    0x06, 0xAE, 0x71, 0xD7, 0xC8, 0x87, 0x25, 0x00, 0x92, 0x0A, 0xB8, 0x44, 0xF6, 0xF1, 0x35, 0xA5,
    0xC5, 0x80, 0x68, 0xA8, 0x82, 0x70, 0xFD, 0x20, 0xD8, 0x87, 0x45, 0x00, 0x43, 0x17, 0x36, 0x0F,
    0x68, 0x8E, 0x11, 0x7C, 0x18, 0xF3, 0xFE, 0xBF, 0xE0, 0x87, 0x36, 0x00, 0x10, 0x1B, 0x7E, 0xE3,
    0x31, 0x07, 0xE1, 0xE7, 0xA5, 0xCB, 0x0B, 0x00, 0x75, 0xAA, 0xEA, 0x91, 0xBD, 0xCC, 0xAC, 0x64,
    0x1F, 0x89, 0x3B, 0x99, 0xB0, 0x19, 0xDA, 0x7C, 0x02, 0x1C, 0x80, 0x87, 0x3B, 0x00, 0x6D, 0xB2,
    0xE2, 0xB0, 0xC1, 0x90, 0x17, 0x02, 0x60, 0x87, 0x58, 0x00, 0xC6, 0xD2, 0x0C, 0x85, 0x30, 0x09,
    0x4B, 0xA3, 0xEA, 0x8C, 0x3F, 0xD8, 0xF1, 0xB0, 0x7A, 0xFC, 0x70, 0x5A, 0xB5, 0x1E, 0x90, 0x62,
    0xA5, 0xA5, 0xA0, 0x87, 0x3B, 0x00, 0x6D, 0xB2, 0xE2, 0xB0, 0xC1, 0x8F, 0x8E, 0x65, 0x78, 0xC3,
    0xC1, 0x68, 0xD6, 0xB5, 0xE1, 0x82, 0x87, 0xC0, 0x02, 0xC6, 0xD1, 0xE7, 0xA0, 0xB7, 0x8A, 0xE7,
    0x63, 0xED, 0xB4, 0x84, 0xB6, 0x13, 0x0B, 0x18, 0xCE, 0x05, 0x00, 0x08, 0x28, 0x92, 0x87, 0xDB,
    0x64, 0xC7, 0x3E, 0x27, 0x66, 0xEC, 0xF0, 0x1B, 0x1A, 0xBC, 0x91, 0x55, 0xCE, 0x28, 0xC1, 0x84,
    0x17, 0xE5, 0x25, 0x97, 0xAD, 0x15, 0xF4, 0x73, 0x14, 0x41, 0xF2, 0xDD, 0x30, 0x5A, 0xAE, 0xB5,
    0xFE, 0x5E, 0xDD, 0x2A, 0xA3, 0x00, 0x84, 0xF0, 0x5E, 0xD3, 0x2A, 0x55, 0xE0, 0xBF, 0xA5, 0x41,
    0xA6, 0x7C, 0x9D, 0xBA, 0xD3, 0xD7, 0x33, 0xDB, 0xF7, 0x0E, 0xBD, 0x2C, 0x60, 0xFF, 0xE2, 0x46,
    0xE6, 0xED, 0x0A, 0x9E, 0xC6, 0xBA, 0x40, 0x00, 0x00, 0x0A, 0xC3, 0x2D, 0x7B, 0xC8, 0xCB, 0xD1,
    0x5E, 0x95, 0x31, 0x9D, 0x7A, 0x05, 0xD8, 0x95, 0xBC, 0xAA, 0x27, 0xC3, 0x70, 0x82, 0xD7, 0xE0,
    0xB2, 0xE8, 0xA6, 0xCA, 0x00, 0x83, 0x76, 0x8B, 0xB1, 0xDB, 0xEE, 0x34, 0x80, 0x00, 0x9B, 0xEA,
    0x85, 0x38, 0xDE, 0xB7, 0xAE, 0xB1, 0xE2, 0xAF, 0x07, 0x0A, 0x5C, 0x4F, 0x56, 0xEF, 0xEA, 0xA5,
    0x0D, 0x80, 0xBA, 0xCC, 0xBA, 0xFF, 0x4E, 0x6F, 0xEC, 0xE5, 0x22, 0x00, 0x03, 0x34, 0xEC, 0xDA,
    0xE1, 0xF4, 0x17, 0x83, 0x89, 0x06, 0x32, 0x2A, 0x16, 0xC5, 0x9D, 0xF1, 0xD5, 0xE0, 0xF0, 0x89,
    0xD1, 0x37, 0x9B, 0x27, 0x45, 0x25, 0xB7, 0x71, 0xB1, 0x3E, 0x6C, 0x74, 0x84, 0x00, 0x85, 0x43,
    0x04, 0x3B, 0x2F, 0xE5, 0x8E, 0x28, 0xE8, 0xA9, 0xBB, 0x82, 0x21, 0xE6, 0xA0, 0xB2, 0x7B, 0x39,
    0x4B, 0x8F, 0x9B, 0x81, 0xB4, 0x4E, 0xA2, 0x23, 0x35, 0xC3, 0x00, 0x03, 0x31, 0x58, 0xDD, 0xA5,
    0x5A, 0x88, 0xFC, 0x55, 0x17, 0xAA, 0xDC, 0x40, 0x57, 0x28, 0xE1, 0x6D, 0xA9, 0x2A, 0x38, 0x05,
    0x81, 0x95, 0x44, 0xDA, 0x04, 0xAF, 0x15, 0xA4, 0xDB, 0xCF, 0x04, 0x44, 0x00, 0x7A, 0x61, 0x6D,
    0x52, 0x50, 0x8B, 0xAD, 0x01, 0x98, 0xC3, 0xA1, 0xC3, 0xDA, 0x76, 0xC7, 0xCB, 0x63, 0x6D, 0xF6,
    0x41, 0x0C, 0x1C, 0x06, 0x43, 0xA2, 0xF2, 0x0E, 0x90, 0x00, 0x03, 0x6E, 0xD5, 0xD4, 0x97, 0x46,
    0x33, 0x50, 0xF6, 0x16, 0x25, 0x76, 0x27, 0x28, 0x85, 0x4F, 0xF0, 0x16, 0x9A, 0xC8, 0xD4, 0x30,
    0xEC, 0xE9, 0xD1, 0x8C, 0xC0, 0x87, 0x4A, 0x00, 0x89, 0xD5, 0x67, 0xA4, 0x1B, 0xC0, 0x00, 0xC0,
    0x2D, 0x37, 0xC7, 0x86, 0xB0, 0xD7, 0x1F, 0x61, 0xFC, 0x09, 0x4A, 0x39, 0xF6, 0x51, 0x47, 0xC8,
    0x78, 0x92, 0x6B, 0x04, 0x04, 0xA1, 0xD0, 0x9C, 0xB9, 0xAD, 0x2D, 0x24, 0xF3, 0x44, 0x37, 0xBD,
    0xB8, 0x41, 0x60, 0x28, 0x0E, 0xBC, 0xC4, 0x29, 0x5B, 0x10, 0x51, 0xDB, 0x4A, 0x30, 0x00, 0x64,
    0xCC, 0x73, 0x23, 0xEC, 0x35, 0x63, 0x12, 0x6E, 0x85, 0xB4, 0xC4, 0x5E, 0xA0, 0x85, 0x02, 0x5D,
    0xE1, 0x16, 0x05, 0x5C, 0x9F, 0x6A, 0x19, 0x9C, 0x13, 0x5B, 0xDB, 0x3F, 0xC7, 0x39, 0xE9, 0x0B,
    0x9D, 0x73, 0x58, 0x1C, 0xA1, 0x9A, 0x87, 0xCD, 0x02, 0xBD, 0x4F, 0x53, 0xF4, 0xF1, 0x59, 0x9D,
    0x5D, 0x0B, 0x05, 0x9B, 0xD9, 0x87, 0x8E, 0xCB, 0xB8, 0x18, 0xD0, 0x87, 0xCE, 0x02, 0x7E, 0x8B,
    0xBF, 0xF6, 0xBC, 0x65, 0xAE, 0xFC, 0x6A, 0xA8, 0x5E, 0x1C, 0x46, 0x7B, 0xC3, 0x2E, 0x70, 0x87,
    0xEF, 0x00, 0x6A, 0x7E, 0x13, 0x60, 0x80, 0x27, 0x02, 0x44, 0x52, 0xBA, 0xC4, 0x1E, 0xAD, 0x02,
    0xD8, 0xAB, 0x03, 0xD9, 0x52, 0x12, 0xDE, 0x98, 0x27, 0xC7, 0x44, 0x51, 0x67, 0x65, 0x49, 0x09,
    0x37, 0x80, 0x47, 0x02, 0x2A, 0x56, 0x32, 0xC8, 0xDD, 0x00, 0x4C, 0x55, 0x45, 0x18, 0x4A, 0x3A,
    0x22, 0xF3, 0xFF, 0x9A, 0xDE, 0x52, 0x9E, 0xF8, 0x00, 0x03, 0x2F, 0x7C, 0xF3, 0x1D, 0xD3, 0xEA,
    0xF9, 0x06, 0x49, 0xAA, 0xAA, 0xB0, 0x49, 0x53, 0xA5, 0x71, 0xCC, 0x2F, 0xCC, 0x67, 0x01, 0xDB,
    0x4A, 0x0A, 0xB9, 0xDD, 0x34, 0x3E, 0x3D, 0x55, 0x01, 0x5F, 0xC5, 0x84, 0x58, 0x42, 0x92, 0x01,
    0x13, 0x32, 0x1E, 0x5B, 0x1E, 0x70, 0x80, 0x00, 0x70, 0x27, 0x96, 0x4C, 0xA6, 0xD1, 0x85, 0x69,
    0x68, 0x45, 0xE5, 0x62, 0x80, 0xBB, 0x32, 0xCD, 0x86, 0xB0, 0xFB, 0xB7, 0xFD, 0xC7, 0xA8, 0xAB,
    0xBE, 0x1E, 0xF9, 0x98, 0x2E, 0x97, 0x92, 0x17, 0x8D, 0x3D, 0x10, 0x00, 0x2C, 0x52, 0x00, 0xB3,
    0x48, 0x69, 0x5E, 0x21, 0xCD, 0xD9, 0x1A, 0x28, 0x3A, 0x82, 0xFA, 0x78, 0x3B, 0x62, 0x32, 0x5B,
    0x0D, 0x42, 0x01, 0x94, 0x1A, 0x6C, 0x8C, 0x0A, 0xCB, 0x33, 0xA4, 0xFF, 0xDC, 0x9C, 0xB1, 0x0E,
    0x00, 0x94, 0xDC, 0x76, 0xAB, 0x9D, 0xB4, 0xDB, 0x85, 0x69, 0x28, 0x6B, 0x57, 0xED, 0x1F, 0x30,
    0x11, 0x86, 0x1B, 0x9F, 0xCA, 0x4C, 0x0A, 0x94, 0x03, 0x97, 0xAA, 0x14, 0x87, 0x2E, 0x02, 0x90,
    0x87, 0xC0, 0x0C, 0x11, 0xDD, 0x40, 0x8E, 0x42, 0x0D, 0x93, 0xB9, 0xA8, 0xF3, 0x9F, 0xC4, 0x0C,
    0x00, 0x77, 0x5D, 0x34, 0xA8, 0xA4, 0x6F, 0x9C, 0xBF, 0x76, 0x47, 0x1A, 0x08, 0x5C, 0x09, 0x84,
    0x54, 0xAB, 0xE2, 0xE6, 0xC4, 0x3B, 0x7F, 0xCD, 0x39, 0x82, 0x09, 0x90, 0x9B, 0x13, 0x90, 0x87,
    0xB3, 0x02, 0x92, 0x33, 0x1F, 0x9C, 0x2E, 0x22, 0x5C, 0x87, 0x6D, 0x60, 0x54, 0x61, 0xD4, 0xB5,
    0x47, 0x98, 0x00, 0x88, 0xC1, 0x58, 0xFD, 0xD8, 0x31, 0x5E, 0x6E, 0x07, 0xAB, 0xA7, 0x96, 0xD1,
    0xFC, 0x45, 0x25, 0x6C, 0xCF, 0x29, 0x97, 0x8D, 0x2C, 0xE0, 0x31, 0xA4, 0xC8, 0x9B, 0x74, 0xE3,
    0x87, 0xC9, 0x02, 0x8F, 0x0B, 0xA2, 0x4F, 0xCC, 0x4B, 0x0E, 0xDA, 0xAA, 0xA9, 0xF3, 0xC7, 0xE6,
    0x57, 0x16, 0xB9, 0x10, 0x04, 0xB9, 0x95, 0x17, 0x82, 0x00, 0x7A, 0x61, 0x6D, 0x52, 0xA0, 0xBB,
    0x6C, 0x10, 0x55, 0x5D, 0xFE, 0x76, 0x23, 0xBC, 0xD6, 0x81, 0x1A, 0x8B, 0x39, 0x4B, 0x6F, 0xD0,
    0x0B, 0x13, 0xC8, 0x53, 0x5D, 0x80, 0x00, 0x02, 0x42, 0x4D, 0xF1, 0x6B, 0x65, 0x77, 0xFC, 0xC6,
    0x71, 0x68, 0x07, 0xD4, 0x18, 0x5A, 0xD1, 0x5D, 0x39, 0xA6, 0x9C, 0xAF, 0x26, 0x4F, 0xE8, 0xD6,
    0xEE, 0xB5, 0x34, 0xC0, 0xAA, 0x07, 0xA7, 0x2B, 0xA4, 0xA7, 0xDF, 0x98, 0xFE, 0xE7, 0xED, 0x0A,
    0xE8, 0x6E, 0x96, 0x71, 0x6F, 0x52, 0x2A, 0x65, 0xE9, 0xE5, 0x22, 0xBB, 0xBE, 0xC0, 0x5A, 0x0F,
    0xC9, 0x32, 0x63, 0x3E, 0xF5, 0x69, 0x20, 0x00, 0x97, 0xB7, 0x5B, 0x8C, 0xDE, 0x6A, 0xB8, 0x18,
    0x32, 0x2B, 0xB2, 0xDD, 0x01, 0x21, 0x90, 0x98, 0xD7, 0xE7, 0x2D, 0xC0, 0x9B, 0x10, 0xF0, 0x14,
    0x4D, 0x5F, 0xD1, 0xB1, 0x48, 0xA2, 0xC5, 0xAF, 0x95, 0x7B, 0xDA, 0x84, 0xE3, 0xBA, 0xEA, 0xA1,
    0xF0, 0x87, 0xEF, 0x00, 0x6A, 0x7E, 0x13, 0x60, 0x80, 0x23, 0x00, 0x23, 0x63, 0x5C, 0x5C, 0xEE,
    0x79, 0x56, 0xB5, 0xF6, 0x78, 0xC8, 0xCE, 0xB2, 0x55, 0xB7, 0x04, 0x19, 0x5D, 0x40, 0x8B, 0x62,
    0x01, 0x16, 0x33, 0x1B, 0xC2, 0x73, 0x9C, 0x2C, 0x32, 0xBB, 0x26, 0x3E, 0x41, 0xC0, 0x6E, 0xD4,
    0xDD, 0x6C, 0xC8, 0x88, 0x82, 0x00, 0x3C, 0xE2, 0x2C, 0xAA, 0xC3, 0x40, 0x61, 0xA5, 0x73, 0xCE,
    0xEF, 0xD3, 0xB9, 0x7F, 0xE0, 0x41, 0xB2, 0xC0, 0x87, 0xA5, 0x00, 0x5C, 0x84, 0xB9, 0x16, 0x4E,
    0x5C, 0x4E, 0x33, 0xA5, 0x64, 0xD7, 0x84, 0xF0, 0x87, 0x87, 0x00, 0x71, 0xFF, 0xF8, 0xCE, 0x03,
    0x62, 0x93, 0x85, 0xFA, 0xE0, 0x87, 0xA7, 0x00, 0x67, 0x95, 0xE0, 0x30, 0x7E, 0xB4, 0xFC, 0x60,
    0xED, 0x49, 0x09, 0xF8, 0xC6, 0x24, 0x1F, 0x80, 0xD9, 0x00, 0x11, 0x8D, 0xFD, 0x0A, 0x25, 0xF9,
    0xB5, 0x2B, 0x41, 0x10, 0x80, 0x08, 0x87, 0xD6, 0x00, 0x4B, 0x8E, 0x62, 0x0A, 0x3A, 0xD6, 0x79,
    0x21, 0x42, 0xCE, 0x7D, 0xBA, 0x19, 0x0A, 0xA1, 0xF8, 0x00, 0x95, 0x79, 0x15, 0x22, 0x6F, 0x6F,
    0xEF, 0x64, 0x19, 0xFB, 0x79, 0xDE, 0x9E, 0x3D, 0xCC, 0xD8, 0x06, 0x19, 0xFB, 0x1A, 0xC8, 0x46,
    0xD2, 0x2D, 0x99, 0x5C, 0xEC, 0xE7, 0x84, 0xFC, 0x91, 0x93, 0xE3, 0xE1, 0x69, 0xEC, 0x1E, 0xCF,
    0x90, 0xCB, 0x67, 0xDD, 0x87, 0x5E, 0x01, 0x46, 0x32, 0xE5, 0xD6, 0xFC, 0x2B, 0xBD, 0x70, 0x80,
    0xE9, 0x02, 0x32, 0x41, 0x71, 0xBA, 0x9C, 0x00, 0xEB, 0x78, 0xF8, 0x3D, 0x23, 0x87, 0x4C, 0x12,
    0x6E, 0xEB, 0xE4, 0x80, 0x80, 0x5E, 0x01, 0x23, 0x21, 0x60, 0x3B, 0x5C, 0xE5, 0x58, 0x20, 0x40,
    0x7B, 0x9E, 0x73, 0x55, 0x71, 0x46, 0xC4, 0x86, 0xD2, 0x02, 0x50, 0xE3, 0x51, 0x29, 0x27, 0x40,
    0xC3, 0x4D, 0x0A, 0x85, 0x42, 0x92, 0xED, 0x69, 0x6F, 0x66, 0xE6, 0x79, 0x92, 0x71, 0x08, 0xB2,
    0x2D, 0xB6, 0x40, 0x80, 0x47, 0x02, 0x44, 0x18, 0xEF, 0x69, 0x05, 0xFA, 0x5B, 0xB2, 0x78, 0x58,
    0xC6, 0x81, 0xF5, 0x45, 0x28, 0xFA, 0xDE, 0x96, 0x10, 0xC0, 0x80, 0x28, 0x02, 0x17, 0x24, 0xBB,
    0xC5, 0xFF, 0x59, 0x3D, 0xC5, 0x3D, 0xA3, 0x08, 0xFF, 0x1C, 0x2C, 0x74, 0xAC, 0xE2, 0x80, 0x48,
    0x02, 0x1E, 0xB7, 0x8E, 0x12, 0x61, 0x3C, 0x13, 0xCE, 0x6D, 0x45, 0x18, 0x4E, 0xD5, 0x60, 0x22,
    0x00, 0x05, 0x09, 0x0A, 0x97, 0x74, 0xB6, 0x8C, 0x6F, 0x07, 0x36, 0x4C, 0xB9, 0xA9, 0xFE, 0x7C,
    0xE3, 0xB1, 0xE4, 0x91, 0x5B, 0xD0, 0xA2, 0x66, 0xC1, 0x13, 0x31, 0xFF, 0xE1, 0x57, 0xFA, 0x2D,
    0xF7, 0x16, 0x8F, 0x70, 0x01, 0x94, 0xE2, 0xF7, 0xE3, 0x73, 0xB1, 0x4C, 0x94, 0xC0, 0x81, 0x29,
    0x02, 0x1D, 0x37, 0x06, 0x67, 0x6D, 0x0C, 0x57, 0xE4, 0x31, 0x7B, 0x6C, 0x57, 0xC0, 0x89, 0x4A,
    0x02, 0x10, 0x9C, 0xC3, 0xC1, 0x50, 0x4A, 0xD5, 0x3E, 0xFC, 0x91, 0x88, 0x1E, 0x02, 0x3D, 0x93,
    0x72, 0xCA, 0xAE, 0xC5, 0x27, 0xD1, 0x68, 0xC3, 0x2D, 0x31, 0xF7, 0x7E, 0x41, 0x11, 0x55, 0x10,
    0x87, 0x4A, 0x02, 0xEB, 0xA3, 0xC3, 0xCE, 0xC5, 0x0A, 0xC7, 0x12, 0x1A, 0x60, 0xF4, 0xC0, 0xF2,
    0x30, 0x20, 0x87, 0x97, 0x00, 0x7E, 0xCF, 0x1E, 0x04, 0x01, 0x81, 0x23, 0xDA, 0xBA, 0x2A, 0x26,
    0xE0, 0x20, 0x87, 0xB7, 0x00, 0x7A, 0xF4, 0x40, 0xD4, 0x10, 0x7F, 0xED, 0xC0, 0x74, 0xBE, 0xBA,
    0x80, 0x87, 0x83, 0x02, 0x9C, 0xC9, 0x51, 0xD9, 0x3A, 0x9B, 0xE2, 0x3D, 0xBC, 0x95, 0xA0, 0x87,
    0x84, 0x02, 0x51, 0x94, 0xBA, 0xAF, 0x5F, 0x63, 0xE1, 0xB0, 0x81, 0x83, 0x02, 0x40, 0x58, 0x28,
    0x62, 0xCA, 0x27, 0x1F, 0x84, 0x52, 0x7C, 0x67, 0xD0, 0x9A, 0xEE, 0x18, 0xFD, 0x46, 0xBD, 0x80,
    0x80, 0x84, 0x02, 0x23, 0x21, 0x60, 0x3A, 0xE7, 0xC4, 0x53, 0x62, 0x40, 0xDC, 0x47, 0xC4, 0x41,
    0x4A, 0x3B, 0x80, 0x3E, 0x02, 0x17, 0x24, 0xC6, 0xC3, 0xEB, 0x04, 0x34, 0xC7, 0xC2, 0x52, 0x1F,
    0xBA, 0x2D, 0x11, 0xC7, 0x1B, 0x8E, 0x80, 0x5E, 0x02, 0x13, 0x3F, 0x7E, 0xD5, 0xE6, 0x66, 0xE1,
    0xA0, 0xDC, 0xFE, 0xFA, 0x26, 0x81, 0xA0, 0x81, 0x34, 0x02, 0x1D, 0x6B, 0x46, 0x19, 0x2C, 0xCC,
    0x43, 0x36, 0x6A, 0x8A, 0xB3, 0xD3, 0x19, 0xD4, 0x70, 0x82, 0x5B, 0x00, 0x13, 0xBF, 0xF9, 0x43,
    0x5F, 0x98, 0xEE, 0xF3, 0x89, 0x5C, 0xAE, 0x40, 0x2A, 0xF2, 0xF4, 0x0F, 0xA5, 0x09, 0x3A, 0xA7,
    0x80, 0x86, 0x1F, 0x02, 0x31, 0x49, 0x36, 0xDD, 0x02, 0xB2, 0x5E, 0x26, 0x37, 0xB5, 0x41, 0x03,
    0x37, 0xA2, 0x5B, 0x42, 0x4B, 0x6E, 0x85, 0xF1, 0xA0, 0x80, 0x5B, 0x00, 0x21, 0x2F, 0xD7, 0x51,
    0x90, 0x54, 0xF4, 0x0C, 0x0E, 0x54, 0x63, 0xFE, 0xC6, 0xB9, 0xAA, 0xB3, 0xA0, 0x08, 0xF8, 0x17,
    0xBF, 0x7C, 0x75, 0x5F, 0x40, 0x86, 0x01, 0x03, 0x44, 0xCE, 0x7F, 0x3F, 0xD4, 0x93, 0xD8, 0xCE,
    0xAE, 0x1B, 0x98, 0x6E, 0xB0, 0x8E, 0x0F, 0x42, 0xA6, 0x08, 0x79, 0xF0, 0xDD, 0x80, 0x87, 0xBE,
    0x00, 0x3D, 0x37, 0xA3, 0xC2, 0x46, 0xFF, 0xDC, 0xFB, 0xFE, 0x51, 0x03, 0x35, 0xD2, 0xF9, 0x37,
    0x07, 0x5D, 0x71, 0x0E, 0x9C, 0x9B, 0x83, 0x02, 0x80, 0x38, 0x02, 0x2E, 0x25, 0xA5, 0x16, 0x70,
    0xFB, 0x50, 0x52, 0xAA, 0xC1, 0x11, 0x86, 0xE3, 0x70, 0x0C, 0x01, 0xC3, 0xE9, 0xFB, 0xB8, 0xE4,
    0xCB, 0xDD, 0xAD, 0x60, 0x80, 0x58, 0x02, 0x17, 0x18, 0xEC, 0x40, 0xE1, 0x9C, 0xBF, 0x39, 0x0C,
    0xCC, 0x59, 0x0A, 0x8D, 0xA1, 0x02, 0x51, 0x64, 0x70, 0x66, 0xF8, 0x45, 0x25, 0xC6, 0x87, 0x44,
    0x02, 0x6F, 0x5A, 0x8E, 0xBA, 0xEF, 0xD3, 0x5D, 0xB7, 0xB5, 0x80, 0x80, 0x3C, 0x02, 0x40, 0x58,
    0x47, 0x02, 0xF7, 0x88, 0x00, 0x82, 0x80, 0xEA, 0x9F, 0x58, 0xCE, 0xF8, 0xE9, 0xF7, 0x1F, 0x46,
    0x3C, 0x1B, 0xF1, 0x90, 0x31, 0x14, 0x5A, 0x6E, 0xD5, 0x88, 0x7F, 0xF0, 0x6C, 0x20, 0x80, 0x5C,
    0x02, 0x32, 0x41, 0x5B, 0x7E, 0x24, 0x7B, 0xDD, 0xE8, 0xFB, 0x80, 0x6F, 0xB1, 0x93, 0xE0, 0x87,
    0xA3, 0x02, 0x59, 0xBF, 0xAF, 0x6E, 0xD7, 0x9B, 0xEC, 0xC5, 0xBB, 0xB1, 0xC3, 0x65, 0x38, 0x87,
    0xA4, 0x02, 0x8C, 0x4D, 0x4F, 0xAD, 0x29, 0x70, 0x8C, 0x19, 0x38, 0xC6, 0x98, 0x2C, 0x62, 0x41,
    0x00, 0x08, 0x28, 0x92, 0x1D, 0x37, 0xC2, 0x91, 0xC0, 0x6B, 0x42, 0x2B, 0x82, 0x94, 0xA9, 0x1F,
    0xE5, 0xF5, 0x2F, 0x2B, 0xE0, 0x69, 0xC4, 0xF9, 0xE9, 0xBF, 0x42, 0x9D, 0xF6, 0xEC, 0x75, 0xC8,
    0xF8, 0xF5, 0x87, 0xB5, 0xE7, 0x35, 0xCF, 0xBC, 0xA3, 0x7F, 0x23, 0x3F, 0x5D, 0xAB, 0xC0, 0x87,
    0xC4, 0x02, 0xA3, 0x5F, 0x4E, 0x50, 0xF5, 0x69, 0xF2, 0x25, 0x3D, 0x27, 0x90, 0x46, 0xBD, 0x18,
    0xCA, 0x14, 0x87, 0x3A, 0x00, 0x6F, 0x74, 0x17, 0xB4, 0x58, 0x97, 0x35, 0xD5, 0x14, 0x99, 0x07,
    0x7D, 0x02, 0x20, 0xB4, 0x21, 0xE2, 0xFB, 0x92, 0x54, 0x27, 0xC0, 0x87, 0x5A, 0x00, 0xA3, 0x27,
    0x85, 0x01, 0x1E, 0xDC, 0x95, 0x87, 0xF1, 0x7D, 0x48, 0xEB, 0x01, 0xAE, 0xBB, 0x87, 0x23, 0x00,
    0x8C, 0xF3, 0x1B, 0xC6, 0x32, 0x18, 0x8B, 0x2B, 0x69, 0x3D, 0x0F, 0xB5, 0x84, 0x8D, 0x22, 0xDD,
    0x87, 0x43, 0x00, 0x56, 0x8F, 0x00, 0x88, 0xEE, 0x42, 0x74, 0x1E, 0x69, 0x6F, 0xDA, 0xFE, 0x59,
    0xF9, 0xA0, 0x85, 0x82, 0x00, 0x40, 0xD9, 0xA1, 0x16, 0x20, 0x0E, 0x61, 0x51, 0x0B, 0x57, 0x54,
    0x76, 0xD4, 0x1D, 0x65, 0x48, 0x19, 0x79, 0xAB, 0x9D, 0xC0, 0x84, 0xA5, 0x00, 0x26, 0xDD, 0x31,
    0x56, 0xBC, 0x27, 0x67, 0x82, 0x51, 0x8D, 0x72, 0xC3, 0x68, 0x6E, 0x19, 0xC4, 0x34, 0x36, 0x60,
    0x8F, 0x86, 0x81, 0x00, 0x7C, 0x96, 0x11, 0x2A, 0x90, 0x53, 0x9D, 0xEB, 0x72, 0x54, 0x1A, 0xF4,
    0xD2, 0x31, 0x24, 0x1D, 0xC3, 0x40, 0x8F, 0x7C, 0x02, 0x03, 0x54, 0x75, 0xC2, 0x00, 0x77, 0xC5,
    0xCB, 0xED, 0x42, 0xAE, 0x52, 0xB7, 0x48, 0x88, 0xA1, 0xD3, 0xB8, 0xE8, 0x1D, 0x02, 0x5A, 0x49,
    0x1D, 0xA2, 0x46, 0xEC, 0xE9, 0x3C, 0x01, 0x72, 0xBF, 0xF3, 0x21, 0x58, 0x14, 0x85, 0x89, 0x48,
    0x8E, 0xE6, 0x2F, 0x78, 0x6B, 0xA2, 0x29, 0xE2, 0x89, 0x20, 0x0A, 0xBD, 0x5E, 0x78, 0xD8, 0xFB,
    0xC8, 0x87, 0x15, 0x03, 0x0D, 0x53, 0xF0, 0xBB, 0x59, 0x3A, 0x93, 0x60, 0x66, 0x7C, 0x79, 0x3F,
    0x08, 0x5E, 0xE5, 0x81, 0xC7, 0x60, 0x22, 0x98, 0x00, 0x09, 0x02, 0x3C, 0xD0, 0xAE, 0x32, 0x37,
    0xEC, 0xFB, 0x4D, 0x06, 0x05, 0xBB, 0x23, 0x62, 0x62, 0xC0, 0xDE, 0x85, 0x07, 0xC2, 0x6B, 0xE3,
    0x5F, 0xC6, 0xB4, 0xF8, 0x08, 0x3D, 0xF1, 0xBB, 0x66, 0xC7, 0x8F, 0xD6, 0x34, 0xC5, 0xC0, 0x8D,
    0xCB, 0x7B, 0x1D, 0x92, 0xBE, 0xC3, 0x61, 0x0C, 0x12, 0x64, 0xD0, 0x85, 0x15, 0x03, 0x71, 0xEF,
    0x1E, 0x14, 0x5A, 0x1A, 0xF5, 0x4B, 0xFA, 0xCC, 0x44, 0xEF, 0xB5, 0xD6, 0x07, 0x79, 0x41, 0xD5,
    0xB4, 0xB3, 0x15, 0xFA, 0xD3, 0x8D, 0x70, 0x00, 0x68, 0x34, 0xE0, 0xD1, 0x2C, 0xCC, 0x85, 0x6D,
    0x06, 0xF9, 0xB5, 0x60, 0x19, 0x4B, 0xEA, 0x45, 0x29, 0xE7, 0xF5, 0x43, 0xE0, 0x42, 0xAA, 0x50,
    0x88, 0xE9, 0x6A, 0x17, 0x42, 0x9E, 0xB2, 0xEB, 0x98, 0xA0, 0xE0, 0x69, 0xFC, 0x30, 0x9F, 0xB3,
    0x9A, 0x25, 0x0A, 0xFD, 0xFD, 0x96, 0x21, 0xF7, 0x2D, 0x0A, 0x4E, 0x81, 0x25, 0xF5, 0x60, 0x84,
    0x15, 0x03, 0x46, 0x4A, 0x3B, 0xB8, 0xDE, 0x80, 0x7D, 0xE5, 0x8E, 0xA8, 0xBF, 0xFE, 0xCF, 0xA0,
    0x81, 0x27, 0xC2, 0xB1, 0x61, 0x76, 0x31, 0xB8, 0x5E, 0xC8, 0x81, 0x84, 0x01, 0x7E, 0x39, 0xDD,
    0x71, 0xE9, 0xB9, 0x63, 0x1B, 0x6F, 0x12, 0x9F, 0xC5, 0x82, 0xF4, 0xCB, 0xD8, 0xF4, 0xDE, 0x3B,
    0x97, 0xAB, 0xF8, 0x4D, 0x4B, 0xE0, 0x74, 0xBE, 0x87, 0x83, 0x00, 0x7A, 0x14, 0x24, 0x47, 0x35,
    0xFB, 0xDC, 0x05, 0xB0, 0xA7, 0x51, 0xA4, 0x24, 0x95, 0xFF, 0x31, 0x99, 0xA6, 0x7C, 0x84, 0x04,
    0x86, 0x84, 0x01, 0x36, 0x53, 0x6C, 0xBD, 0xAE, 0x2A, 0xFA, 0x22, 0x6B, 0xEC, 0x6F, 0x84, 0x88,
    0x43, 0xF5, 0xE8, 0x9D, 0x47, 0xAA, 0xF1, 0xF2, 0x6B, 0x25, 0xE0, 0x83, 0xE1, 0x02, 0x66, 0x8A,
    0xA5, 0xE8, 0xAB, 0xC5, 0xD0, 0x45, 0xCA, 0x8B, 0x20, 0x05, 0x07, 0x70, 0xF1, 0x11, 0xA7, 0xAB,
    0xF8, 0x83, 0xC4, 0x00, 0x4F, 0xEC, 0xB0, 0xB8, 0x53, 0x7C, 0x4F, 0x0F, 0x02, 0x88, 0x03, 0x80,
    0x7D, 0x37, 0xDD, 0xC5, 0x1B, 0xCF, 0xB7, 0x36, 0x60, 0x83, 0xE1, 0x02, 0x2E, 0x04, 0xA9, 0xC9,
    0xC4, 0xDC, 0x63, 0x3C, 0xB1, 0x0C, 0xE1, 0x58, 0xC7, 0xE7, 0xDE, 0xD6, 0x6B, 0xFE, 0xFA, 0x83,
    0xC4, 0x00, 0x20, 0x05, 0xF1, 0xAE, 0x3F, 0x32, 0x7C, 0xCF, 0x3E, 0x13, 0xC2, 0x59, 0xCF, 0x29,
    0x4C, 0xEA, 0xBB, 0xBF, 0x2E, 0x30, 0x81, 0xE1, 0x02, 0xAB, 0xA1, 0xCB, 0xD5, 0x0F, 0x25, 0x37,
    0x44, 0x38, 0x8D, 0xC1, 0xA2, 0xD8, 0xCC, 0x35, 0x6D, 0x97, 0xF3, 0x41, 0x29, 0x24, 0xC0, 0x82,
    0xC4, 0x00, 0x34, 0x25, 0xEA, 0x60, 0x21, 0x21, 0x17, 0xFA, 0x00, 0x9E, 0xE8, 0xD6, 0xBC, 0x59,
    0xBC, 0x50, 0x3E, 0x5D, 0x4D, 0x5B, 0x2A, 0x52, 0x8F, 0xEC, 0x81, 0xE1, 0x02, 0xA2, 0x1E, 0xFF,
    0x09, 0xAC, 0x4D, 0x42, 0x8B, 0xC1, 0x57, 0x44, 0xEE, 0xB8, 0x41, 0x9D, 0x9E, 0x68, 0x2C, 0x95,
    0x70, 0x6B, 0xEC, 0x51, 0xFE, 0x07, 0xC0, 0x81, 0xC4, 0x00, 0x7E, 0x39, 0xDD, 0x7C, 0x9A, 0x33,
    0xB6, 0xC7, 0x9B, 0x40, 0x91, 0x9E, 0xE1, 0x79, 0x57, 0x06, 0x98, 0x52, 0x8D, 0xB3, 0x4D, 0xF7,
    0x9D, 0x8D, 0xE9, 0x40, 0x88, 0x82, 0x00, 0x24, 0xD4, 0xB2, 0x01, 0x2F, 0x5C, 0x6B, 0xE8, 0x06,
    0x43, 0x53, 0x1C, 0xAF, 0xC4, 0xB9, 0xD5, 0xB8, 0xFE, 0xFA, 0xBD, 0x10, 0x1F, 0xD8, 0xD1, 0xD2,
    0xD0, 0x87, 0xC4, 0x00, 0x90, 0xC9, 0x81, 0xF6, 0x93, 0xE9, 0x1C, 0x2F, 0x26, 0x67, 0x54, 0xD3,
    0x7F, 0x91, 0xE6, 0xBD, 0xCC, 0x83, 0x97, 0xFA, 0x87, 0x27, 0x00, 0x2C, 0x79, 0x4E, 0xBF, 0x80,
    0xD2, 0x3E, 0xAF, 0x54, 0x18, 0x87, 0x47, 0x00, 0x54, 0xB1, 0x78, 0xB1, 0x35, 0xC7, 0x1B, 0x04,
    0x23, 0x08, 0xAA, 0x51, 0x0F, 0x82, 0xD3, 0x00, 0x23, 0x8A, 0x0B, 0xC8, 0x1D, 0x4B, 0x48, 0x91,
    0xF4, 0x9A, 0x32, 0xC4, 0x7F, 0xC9, 0x55, 0xF2, 0x36, 0xA5, 0xE0, 0x84, 0xD8, 0x00, 0x27, 0xE2,
    0x54, 0x40, 0xE6, 0x0E, 0x10, 0xC2, 0xCF, 0xF9, 0x4D, 0x18, 0xB2, 0xDA, 0xD3, 0x55, 0x9C, 0xD9,
    0x85, 0xD3, 0x00, 0x1A, 0x7D, 0x76, 0xCF, 0x88, 0x3B, 0x20, 0xAD, 0x8B, 0x26, 0xB1, 0x52, 0xF3,
    0xEF, 0x3F, 0x0E, 0xAE, 0x80, 0x87, 0xD8, 0x00, 0x15, 0xAF, 0x96, 0x1B, 0xBF, 0xB3, 0xC2, 0xD8,
    0x8C, 0x42, 0xC9, 0x99, 0xD3, 0x17, 0xEE, 0xF4, 0xE4, 0x35, 0x50, 0x00, 0x6E, 0x26, 0xAE, 0x53,
    0xA8, 0x98, 0x5E, 0x0F, 0x3B, 0xBD, 0xEE, 0x4C, 0x4A, 0xE0, 0x48, 0x58, 0x15, 0x6B, 0x7F, 0x33,
    0x51, 0xFA, 0xD7, 0xA3, 0x37, 0x8F, 0x1E, 0xB9, 0x52, 0x44, 0xCE, 0x95, 0x3D, 0x89, 0x13, 0x80,
    0x85, 0x12, 0x01, 0x75, 0x7B, 0x2D, 0xCD, 0xEF, 0x54, 0x72, 0x6A, 0x8D, 0x21, 0x13, 0x79, 0x28,
    0xC9, 0x84, 0x02, 0x57, 0xC2, 0xE3, 0x4B, 0x99, 0x61, 0x7D, 0x1E, 0xDB, 0xED, 0x1B, 0x5D, 0x04,
    0x65, 0xFE, 0xAE, 0x54, 0xA1, 0xC6, 0xBE, 0x45, 0x7F, 0x1D, 0xC9, 0x51, 0xF8, 0x32, 0x00, 0x03,
    0x84, 0x28, 0xC1, 0x19, 0xFC, 0x09, 0x70, 0x9B, 0x06, 0x6F, 0x77, 0x05, 0x2D, 0x37, 0x8B, 0xDF,
    0x71, 0xA3, 0x04, 0xBC, 0xB5, 0x53, 0xBF, 0x01, 0x51, 0xCD, 0x96, 0xB9, 0xF2, 0xDC, 0x71, 0xB6,
    0x32, 0x3D, 0x95, 0x00, 0x03, 0xFE, 0xB7, 0xE7, 0xE5, 0x23, 0x26, 0xC9, 0xB8, 0x5E, 0x40, 0x0A,
    0xCD, 0xC0, 0xAD, 0x96, 0x00, 0xA9, 0xC1, 0xA7, 0xBF, 0x0C, 0x59, 0x92, 0x2A, 0xEF, 0x71, 0x2C,
    0x9E, 0x2C, 0x85, 0xF4, 0x4F, 0xF5, 0x27, 0x44, 0x97, 0x9F, 0x69, 0xF9, 0x66, 0x44, 0xD5, 0x36,
    0x61, 0xB9, 0x55, 0x4C, 0x81, 0xA1, 0x02, 0x5F, 0xFC, 0xE3, 0x04, 0x68, 0xF5, 0xD7, 0xDC, 0x98,
    0xDE, 0x24, 0xDE, 0x72, 0x88, 0x0F, 0xFF, 0x63, 0x46, 0x52, 0x5A, 0x8D, 0xDA, 0x77, 0x91, 0x01,
    0x02, 0x90, 0xB8, 0x4D, 0x80, 0x82, 0x88, 0x01, 0x60, 0x38, 0x89, 0x15, 0x4D, 0x60, 0xDC, 0x12,
    0x64, 0x9D, 0x29, 0x72, 0xB6, 0x5C, 0xB7, 0x06, 0x2E, 0x0C, 0x4F, 0x9E, 0xB8, 0x9B, 0xF7, 0x80,
    0xD3, 0x00, 0x66, 0xF2, 0xC8, 0xF9, 0xDF, 0x99, 0x25, 0xC8, 0x44, 0x4E, 0x26, 0x6E, 0x89, 0x81,
    0x97, 0x4D, 0x43, 0xC1, 0x9E, 0xDA, 0x62, 0x50, 0x97, 0x6B, 0x83, 0x96, 0xE5, 0x82, 0xAB, 0x00,
    0x80, 0xFF, 0xBD, 0x0B, 0x6B, 0xE2, 0x75, 0x7D, 0x8C, 0xDB, 0x41, 0xC1, 0x5B, 0xDD, 0x91, 0x97,
    0xF6, 0xD5, 0xF7, 0x36, 0xD2, 0x33, 0xB3, 0x3B, 0x10, 0xC3, 0x84, 0xD3, 0x00, 0x2E, 0xB1, 0x6C,
    0x1B, 0x92, 0x70, 0x98, 0x83, 0x05, 0x1E, 0x76, 0xAA, 0xCE, 0xFC, 0x5A, 0x4E, 0x5D, 0x8C, 0x6E,
    0x76, 0x17, 0x5C, 0x87, 0xAB, 0x00, 0x77, 0x73, 0x64, 0xA1, 0x3F, 0xE0, 0x87, 0xF1, 0x50, 0x62,
    0x09, 0x63, 0xDE, 0x4F, 0xF9, 0x3C, 0x30, 0x86, 0x8E, 0x00, 0x10, 0x92, 0xD1, 0x13, 0x15, 0x35,
    0xF2, 0x0B, 0xFD, 0xAA, 0x57, 0x47, 0xC0, 0x00, 0x01, 0x9C, 0x33, 0x3D, 0x2D, 0x28, 0xC3, 0x97,
    0x3D, 0xED, 0x49, 0xA8, 0xB7, 0x37, 0xBD, 0x5B, 0xD0, 0x79, 0x87, 0x2B, 0x00, 0x6A, 0x7B, 0xD6,
    0xF4, 0xF1, 0x99, 0x7C, 0xA8, 0xFC, 0x87, 0x4B, 0x00, 0x5B, 0xB1, 0xEC, 0xD0, 0xCE, 0x61, 0x8B,
    0x87, 0x40, 0x87, 0x31, 0x00, 0x9C, 0xC9, 0x51, 0xE1, 0x70, 0xE4, 0xBC, 0xDC, 0x39, 0x0F, 0xE7,
    0xB7, 0x89, 0xC3, 0xEC, 0x10, 0x87, 0x51, 0x00, 0x51, 0x94, 0x73, 0x26, 0x30, 0x42, 0xE0, 0xAD,
    0x3B, 0xAB, 0xB2, 0xCB, 0x30, 0x86, 0x94, 0x00, 0x42, 0x48, 0x4B, 0x9A, 0x6D, 0xED, 0x41, 0x92,
    0xB6, 0xB6, 0x3B, 0xA8, 0x63, 0xA4, 0x64, 0x93, 0x44, 0x28, 0x85, 0xB4, 0x00, 0x32, 0x62, 0x80,
    0x51, 0x23, 0xAA, 0xA8, 0xD1, 0xCD, 0x3B, 0xF9, 0xBF, 0x4B, 0x04, 0xFB, 0xB8, 0x48, 0x86, 0x93,
    0x00, 0x7F, 0x26, 0x8D, 0x8F, 0x12, 0x0B, 0x08, 0xFF, 0x8E, 0x9F, 0x08, 0x88, 0x78, 0xA7, 0x9D,
    0x88, 0xE6, 0x9F, 0x36, 0xFA, 0x49, 0xA0, 0x00, 0x77, 0xC5, 0xCB, 0xF0, 0xFC, 0x64, 0xD1, 0x43,
    0x98, 0x6B, 0xBE, 0xF4, 0xC3, 0x53, 0xC9, 0xE3, 0x90, 0x18, 0xF4, 0x49, 0x39, 0xB9, 0x67, 0x60,
    0x88, 0x8D, 0xEE, 0xEB, 0x70, 0xCB, 0xF0, 0xE7, 0xA2, 0x49, 0xAE, 0x69, 0x8D, 0xE8, 0x3B, 0x9E,
    0x3D, 0xD6, 0x92, 0x02, 0x0F, 0x40, 0x87, 0x41, 0x03, 0x12, 0xBC, 0xE8, 0x0B, 0x86, 0xF1, 0x29,
    0x5D, 0xA9, 0xD9, 0x56, 0xF9, 0x08, 0xDD, 0x24, 0x23, 0xB3, 0x7A, 0xA8, 0x00, 0x09, 0x05, 0xCA,
    0xB4, 0x3A, 0xF1, 0xAD, 0x60, 0x06, 0x0D, 0xCC, 0x06, 0x8F, 0x98, 0x3D, 0x63, 0x67, 0x1C, 0x14,
    0x33, 0xE3, 0x39, 0x24, 0x9C, 0x6C, 0x40, 0xFD, 0x57, 0xF0, 0x6B, 0x33, 0x02, 0xC5, 0x5D, 0xEB,
    0x32, 0xFC, 0x4D, 0xFC, 0x24, 0xFE, 0x98, 0x9F, 0x48, 0x80, 0x85, 0x41, 0x03, 0x75, 0xE4, 0x36,
    0x64, 0x43, 0xDD, 0x23, 0xB1, 0x43, 0x26, 0x4C, 0x0F, 0xFB, 0x1E, 0xDE, 0xC0, 0xF6, 0xC8, 0x09,
    0x51, 0x83, 0x12, 0x01, 0x68, 0x35, 0x48, 0x17, 0xA1, 0xAC, 0x50, 0xEF, 0x16, 0x32, 0xF9, 0x4B,
    0xFE, 0xE7, 0x8C, 0xC1, 0x23, 0x53, 0xD0, 0xEB, 0xD5, 0xEB, 0x54, 0x80, 0x84, 0x41, 0x03, 0x80,
    0xB9, 0x3E, 0xF6, 0x04, 0xDE, 0x1C, 0xC0, 0x72, 0xC8, 0xB4, 0xB3, 0xF7, 0xB0, 0x45, 0xBC, 0x43,
    0xC4, 0xD9, 0xF1, 0xA5, 0xEA, 0x62, 0x82, 0xB3, 0x00, 0x8B, 0x8C, 0x33, 0xAD, 0x0B, 0x2D, 0x86,
    0xA1, 0x2B, 0x4D, 0xD9, 0xD7, 0x0A, 0xB5, 0xB7, 0x76, 0xD5, 0x7D, 0x0C, 0x57, 0x4F, 0xB1, 0x40,
    0x11, 0x05, 0xDF, 0x38, 0x87, 0x95, 0x00, 0x8A, 0xFE, 0x4C, 0x07, 0x01, 0xB1, 0xDA, 0x46, 0xA1,
    0x92, 0xFB, 0x3B, 0xB4, 0xCC, 0x07, 0xA0, 0x90, 0x95, 0xD8, 0x86, 0xB7, 0x00, 0x2D, 0x38, 0xEB,
    0xA7, 0x16, 0x92, 0xB9, 0x85, 0x26, 0x6B, 0x5A, 0xC4, 0xB8, 0x7A, 0xB7, 0x98, 0x6C, 0xD1, 0x52,
    0x6B, 0x9F, 0x50, 0x80, 0x41, 0x01, 0x63, 0x5A, 0x7F, 0xE4, 0x08, 0x7E, 0x23, 0xD6, 0x5B, 0x33,
    0xFC, 0x3E, 0x26, 0x3B, 0xE5, 0xCF, 0xC0, 0x82, 0x42, 0x01, 0x4A, 0x91, 0x79, 0xFB, 0x1A, 0xCE,
    0xDA, 0x40, 0xC6, 0xFE, 0x0C, 0xFE, 0x47, 0xB8, 0x80, 0x41, 0x01, 0x2B, 0x3A, 0xB8, 0xAE, 0x10,
    0xBD, 0xA0, 0xBD, 0x0F, 0x92, 0x03, 0x94, 0x65, 0xC6, 0xAC, 0xF5, 0x82, 0x42, 0x01, 0x15, 0x68,
    0x28, 0x88, 0x07, 0x98, 0xE3, 0xFC, 0xCA, 0x66, 0xB1, 0x51, 0x91, 0x40, 0x85, 0x4B, 0x03, 0x3E,
    0x65, 0x92, 0x8F, 0xE5, 0x0E, 0x6B, 0xEE, 0x23, 0xD5, 0xB0, 0x00, 0xF7, 0xCC, 0x69, 0xDC, 0x0E,
    0x3E, 0x88, 0x06, 0xD8, 0xC0, 0x80, 0x42, 0x01, 0x20, 0xF3, 0xA5, 0x29, 0x89, 0xC0, 0x35, 0xB8,
    0x68, 0xA9, 0x6E, 0xA1, 0x6C, 0xAC, 0xC3, 0xA3, 0x57, 0x88, 0x81, 0x41, 0x01, 0x2C, 0x22, 0x63,
    0xB0, 0xF7, 0x00, 0x9B, 0xBA, 0x56, 0xEF, 0x36, 0xA6, 0xF1, 0xBB, 0x8F, 0x42, 0xF7, 0x38, 0x7B,
    0xC0, 0xB6, 0x1B, 0xB0, 0x88, 0x4E, 0x03, 0x70, 0xC7, 0x73, 0xAB, 0xA9, 0x7D, 0xEA, 0x8F, 0x58,
    0xAF, 0xCE, 0x3A, 0xA5, 0xCB, 0x36, 0x4F, 0xDF, 0xBD, 0x4F, 0x60, 0x87, 0x41, 0x01, 0xB5, 0x41,
    0x16, 0xBB, 0x0A, 0x1F, 0x27, 0x57, 0x29, 0x79, 0x80, 0x4D, 0xA0, 0xBD, 0xF7, 0x2D, 0x59, 0xA0,
    0x87, 0x42, 0x01, 0xD8, 0x18, 0xA4, 0xDF, 0xAB, 0xDC, 0xC3, 0xEE, 0xA6, 0x9D, 0x1C, 0x29, 0x7D,
    0xED, 0x80, 0x87, 0x37, 0x00, 0x8F, 0x8D, 0x91, 0x86, 0xA7, 0xDE, 0xE2, 0x86, 0xB7, 0x72, 0xA6,
    0x3F, 0x80, 0x87, 0x57, 0x00, 0xC0, 0x1A, 0x46, 0x88, 0xF1, 0xEB, 0x56, 0xCE, 0x21, 0xCA, 0x92,
    0x80, 0x86, 0x9A, 0x00, 0x2D, 0xE2, 0x3A, 0x6F, 0x1F, 0x7D, 0xDD, 0x71, 0x86, 0xA7, 0x24, 0x0C,
    0xE7, 0xC5, 0xC1, 0x69, 0x04, 0x84, 0xBD, 0x00, 0x32, 0x5A, 0xDC, 0x54, 0x7B, 0xBD, 0xDB, 0x53,
    0x36, 0xD7, 0x2F, 0x63, 0xAB, 0x5C, 0x82, 0xBC, 0xB5, 0x99, 0x80, 0x43, 0x01, 0x57, 0xD3, 0xBF,
    0xD7, 0xDE, 0x7C, 0xE7, 0x5B, 0x11, 0x21, 0xFE, 0xB5, 0x88, 0x30, 0x82, 0x44, 0x01, 0x4E, 0xEF,
    0x57, 0xB5, 0x96, 0xE2, 0xC7, 0x95, 0x70, 0x35, 0x46, 0x7D, 0x04, 0x80, 0x43, 0x01, 0x1E, 0xFC,
    0xFD, 0x6C, 0x69, 0x9D, 0x33, 0x52, 0x7B, 0xBF, 0xF2, 0x0B, 0xC6, 0x70, 0x82, 0x44, 0x01, 0x1A,
    0x7A, 0xC6, 0xBE, 0x7A, 0xC1, 0x6F, 0xEC, 0x1B, 0x30, 0xBB, 0x7B, 0x85, 0xC0, 0x86, 0x59, 0x03,
    0x2C, 0xC1, 0xE5, 0x22, 0x8B, 0x60, 0xB9, 0x38, 0x05, 0xEB, 0x40, 0x4B, 0x99, 0x9E, 0x59, 0x84,
    0x3D, 0x94, 0xC0, 0x80, 0x44, 0x01, 0x25, 0x6E, 0x5C, 0x97, 0x30, 0x19, 0x32, 0xC8, 0x45, 0xC7,
    0xD2, 0x2D, 0xA8, 0x4D, 0x91, 0x96, 0x05, 0x50, 0x81, 0x43, 0x01, 0x29, 0xFD, 0x80, 0x6B, 0x9C,
    0x4D, 0xA1, 0xE4, 0xB0, 0x9F, 0x7C, 0x00, 0x27, 0xFF, 0x37, 0x28, 0xF1, 0x9D, 0x2D, 0x40, 0x83,
    0x44, 0x01, 0x1A, 0xD7, 0xD5, 0xD6, 0x9E, 0x02, 0x8F, 0xE5, 0x58, 0x30, 0x77, 0xCF, 0x59, 0xA8,
    0x81, 0x46, 0x21, 0xB5, 0x2F, 0x80, 0xE8, 0x87, 0x43, 0x01, 0xB3, 0x5F, 0xD2, 0xDF, 0xFE, 0x8D,
    0x7E, 0x61, 0x5C, 0x36, 0x62, 0xFD, 0x45, 0xB8, 0x40, 0x87, 0x44, 0x01, 0xDA, 0x48, 0x49, 0x52,
    0xAE, 0x18, 0x38, 0xED, 0x13, 0xD2, 0x12, 0x29, 0xB4, 0x51, 0x86, 0x39, 0x01, 0x21, 0x8D, 0xDA,
    0xB8, 0xA0, 0x86, 0x89, 0x96, 0xFF, 0x38, 0xEE, 0x04, 0x4D, 0x70, 0xF0, 0x87, 0xBE, 0x00, 0x1E,
    0x89, 0x3B, 0x93, 0xA3, 0xC4, 0xD5, 0x8F, 0x45, 0xFD, 0xC2, 0x82, 0x1C, 0x20, 0x24, 0x68, 0x87,
    0x3B, 0x00, 0x6D, 0xB2, 0xE2, 0xA4, 0xA2, 0x49, 0x2D, 0x7B, 0x62, 0xB4, 0x1D, 0xD7, 0x84, 0x6B,
    0x87, 0x5B, 0x00, 0xC6, 0xD1, 0xE3, 0xE2, 0x09, 0xB0, 0x75, 0xAC, 0x37, 0x05, 0xB4, 0xCB, 0xCF,
    0x74, 0x20, 0x86, 0x9E, 0x00, 0x34, 0x6D, 0x20, 0x73, 0x85, 0x0F, 0x0C, 0xC9, 0x03, 0xB2, 0xAA,
    0x04, 0x19, 0xA7, 0x13, 0x2A, 0x23, 0x85, 0xBE, 0x00, 0x32, 0xC1, 0xB7, 0xDE, 0xB9, 0xB1, 0xBA,
    0x68, 0x59, 0x61, 0xDC, 0x9D, 0x57, 0x44, 0xA1, 0x3B, 0x90, 0xE5, 0xD3, 0xB2, 0xD5, 0x89, 0x67,
    0x03, 0x24, 0xD3, 0x34, 0x78, 0x3E, 0x3F, 0x42, 0x08, 0xDF, 0x2A, 0x07, 0xA2, 0xEC, 0x52, 0xEA,
    0x3B, 0x7C, 0xA6, 0x61, 0x8D, 0xAC, 0x80, 0x5B, 0x00, 0x1F, 0x16, 0x54, 0x95, 0xE9, 0x82, 0x51,
    0xE9, 0xD4, 0x0B, 0xAD, 0x93, 0x2D, 0x84, 0xD9, 0x9A, 0x75, 0x4D, 0x38, 0x80, 0x0A, 0x20, 0x00,
    0x24, 0xE3, 0xE5, 0x3B, 0x28, 0x06, 0xCB, 0x3B, 0xD6, 0xC7, 0xDE, 0x59, 0xDE, 0x8B, 0xF7, 0x00,
    0x18, 0x65, 0x68, 0xFE, 0x8E, 0xA4, 0x61, 0x82, 0x73, 0x24, 0x59, 0x94, 0xA5, 0xC0, 0x9F, 0x47,
    0x30, 0x87, 0x0F, 0x00, 0x54, 0x87, 0x0F, 0x00, 0x54, 0x87, 0x22, 0x02, 0x01, 0x7F, 0xFD, 0x00,
    0x00, 0x06, 0x82, 0x07, 0xC0, 0x35, 0x80, 0x00, 0x00, 0x00, 0x00, 0x01, 0xC8, 0xDF, 0xFF, 0xD4,
    0x56, 0x3E, 0x87, 0x7F, 0x03, 0x1B, 0x00, 0x07, 0xEB, 0xAE, 0xE2, 0x12, 0x34, 0x7D, 0x64, 0x3A,
    0x3F, 0xFA, 0xA0, 0x15, 0x7B, 0x8D, 0xD1, 0x56, 0xF9, 0x87, 0x19, 0x26, 0x80, 0x00, 0x71, 0x3F,
    0x7E, 0x51, 0x44, 0x00, 0x20, 0xBE, 0xCC, 0xA0, 0x00, 0x1D, 0xB1, 0x1F, 0x14, 0xCB, 0x73, 0xE0,
    0x88, 0x0E, 0x00, 0x64, 0x61, 0x79, 0x28, 0x87, 0xB4, 0x01, 0x4D, 0x80, 0x00, 0x01, 0xE2, 0x07,
    0x0A, 0x8B, 0x8C, 0x8A, 0x04, 0x00, 0x11, 0x84, 0x0B, 0xF8, 0x03, 0xDB, 0xE2, 0xEA, 0x6A, 0x89,
    0xD7, 0xF8, 0x3C, 0xDE, 0x40, 0x00, 0x0C, 0x01, 0xF1, 0x0C, 0xFF, 0xB2, 0x20, 0x0E, 0x6C, 0x44,
    0x44, 0x13, 0x10, 0x00, 0x0C, 0x00, 0xF1, 0x1B, 0x5B, 0x4A, 0xE3, 0xF5, 0x9A, 0x53, 0x3D, 0xD0,
    0x00, 0x02, 0xBD, 0x67, 0x00, 0xB4, 0xF4, 0x82, 0x38, 0xEB, 0x75, 0xB1, 0x3E, 0x52, 0x7F, 0x10,
    0x00, 0x31, 0x98, 0x7B, 0x86, 0x63, 0xBD, 0xC3, 0xB5, 0x0F, 0x74, 0xD6, 0x83, 0xB5, 0xD0, 0xF4,
    0x10, 0x29, 0xB2, 0xE9, 0xF5, 0x21, 0x9E, 0x00, 0x31, 0xE4, 0x92, 0x2B, 0x93, 0x3D, 0x08, 0x1D,
    0x24, 0xBC, 0xD2, 0x2C, 0x60, 0x23, 0xA4, 0x7C, 0x8C, 0x34, 0xC5, 0xD0, 0xC9, 0xAB, 0x89, 0x0A,
    0x43, 0xF9, 0x11, 0x6C, 0x17, 0x3A, 0x03, 0x38, 0x00, 0x23, 0x8E, 0xFC, 0xE9, 0x7F, 0xD9, 0xA7,
    0x47, 0x60, 0x00, 0x55, 0xD1, 0xEC, 0xCC, 0x14, 0x3A, 0x60, 0x9A, 0x92, 0x25, 0x0C, 0x49, 0x00,
    0x07, 0x03, 0x92, 0xCD, 0x91, 0x80, 0x00, 0x0D, 0xCB, 0x24, 0x76, 0x18, 0xDA, 0x09, 0x6A, 0x11,
    0x20, 0x00, 0x0E, 0x29, 0x80, 0xA3, 0xED, 0xD7, 0xED, 0x7F, 0x16, 0x39, 0x65, 0x0D, 0x8B, 0x11,
    0x82, 0x87, 0x10, 0x00, 0x5B, 0x20, 0x8A, 0x79, 0x03, 0x6A, 0x55, 0xA4, 0x0D, 0x25, 0x38, 0x8A,
    0x7A, 0x03, 0x73, 0x63, 0x14, 0x12, 0xBC, 0x00, 0x00, 0x00, 0x00, 0x06, 0x7E, 0x13, 0xBA, 0xD8,
    0x84, 0x97, 0x99, 0xE5, 0x80, 0x00, 0x00, 0x35, 0x05, 0x3F, 0x7D, 0x2C, 0x61, 0x3C, 0x02, 0xDB,
    0xB3, 0x70, 0x8F, 0xF1, 0x40, 0x87, 0x98, 0x03, 0x6C, 0xB1, 0x87, 0xBF, 0x5B, 0x38, 0x9A, 0x7C,
    0xAB, 0x80, 0x00, 0xC6, 0xE2, 0x2F, 0x62, 0xCD, 0x7D, 0x10, 0x45, 0x46, 0x66, 0x86, 0xAD, 0x54,
    0xEA, 0xC3, 0x54, 0x9A, 0x07, 0x76, 0xE8, 0x3B, 0xA6, 0xF0, 0xCB, 0x59, 0xCF, 0x08, 0x89, 0x0C,
    0xF6, 0x31, 0x95, 0x4D, 0x27, 0x8F, 0x18, 0x47, 0x56, 0xB8, 0x11, 0x5F, 0x53, 0xF4, 0x57, 0x36,
    0x7D, 0x64, 0xB4, 0xFF, 0xD4, 0x66, 0x3F, 0x8B, 0x9D, 0xC1, 0x84, 0x37, 0xD1, 0x10, 0x66, 0x9E,
    0xD6, 0x5C, 0xF0, 0x6E, 0x6F, 0xB3, 0x51, 0xF3, 0x0E, 0x3C, 0xBB, 0x4B, 0x34, 0xC4, 0x10, 0xF7,
    0x95, 0xE8, 0x8C, 0x00, 0xDC, 0x6D, 0x0A, 0xBF, 0x50, 0xD5, 0x1C, 0xEF, 0x21, 0x9E, 0xF4, 0x8E,
    0x76, 0xFF, 0x6D, 0x44, 0xCA, 0x4B, 0x82, 0x17, 0xA4, 0x25, 0x29, 0x5A, 0xCC, 0x6A, 0xD8, 0xEA,
    0xD9, 0xC9, 0xA5, 0x0F, 0xE9, 0x97, 0x51, 0xF0, 0x50, 0x48, 0x47, 0xF6, 0x7B, 0xFA, 0x39, 0x00,
    0x36, 0x9C, 0xA2, 0x51, 0x86, 0xBC, 0xF3, 0xB2, 0xB2, 0xD3, 0x1F, 0x70, 0x17, 0x0F, 0xF2, 0x01,
    0xDB, 0x98, 0x93, 0xAF, 0xD5, 0xD4, 0xD2, 0xB4, 0xF0, 0xED, 0xBF, 0x4E, 0xFF, 0x86, 0xB3, 0xBB,
    0x95, 0x2A, 0xC9, 0xDF, 0x9C, 0x42, 0x4F, 0x72, 0x59, 0xCB, 0x07, 0x44, 0xD5, 0x2B, 0xAA, 0xB1,
    0x9D, 0xE5, 0xE5, 0xB6, 0x6E, 0x66, 0x84, 0xD9, 0x00, 0x27, 0xFA, 0xAC, 0x61, 0xD0, 0x37, 0x30,
    0x00, 0x24, 0x1A, 0x5B, 0xE9, 0xB3, 0x37, 0x95, 0x8D, 0x41, 0xF5, 0x2A, 0x49, 0x1B, 0xF0, 0x00,
    0x1A, 0x11, 0x29, 0x14, 0x7A, 0x1E, 0xD4, 0xF7, 0x00, 0xE1, 0x2F, 0x41, 0x3E, 0xEB, 0x26, 0x31,
    0x55, 0x38, 0xA8, 0x04, 0x35, 0xE0, 0x00, 0x03, 0x22, 0x6B, 0xC7, 0x87, 0x91, 0xC0, 0xB4, 0x04,
    0x00, 0x02, 0xB6, 0x91, 0xA1, 0x22, 0x26, 0xBA, 0xDE, 0xE2, 0x7D, 0x70, 0xA9, 0x99, 0xFF, 0xF2,
    0x4C, 0x90, 0x80, 0x00, 0x02, 0xFB, 0x19, 0xAD, 0x58, 0xC3, 0xA6, 0x64, 0xD9, 0x1F, 0x52, 0x82,
    0x21, 0xEC, 0xEE, 0x1E, 0x83, 0xEF, 0xC1, 0x1A, 0xE9, 0xAF, 0x2B, 0x75, 0xDA, 0x1C, 0x00, 0x86,
    0xD0, 0xAF, 0xCE, 0x4A, 0x65, 0xAE, 0x15, 0xB9, 0xFD, 0x3F, 0xE0, 0x92, 0x7B, 0x6E, 0x00, 0x39,
    0x6C, 0x21, 0x29, 0x67, 0x05, 0x6A, 0xE7, 0x13, 0x8F, 0x0E, 0x05, 0x42, 0x00, 0x0E, 0x95, 0x14,
    0xCA, 0x84, 0x4D, 0xE7, 0xFC, 0xE2, 0x0A, 0x23, 0x3C, 0xAC, 0xD5, 0x98, 0x00, 0xA6, 0x7D, 0x4C,
    0xDD, 0x6A, 0xA7, 0x77, 0xCC, 0x3A, 0x45, 0xB5, 0x3B, 0x3A, 0x7A, 0xB4, 0xDB, 0x7E, 0x69, 0x76,
    0x4A, 0xC7, 0x47, 0x8C, 0x06, 0x3F, 0xFC, 0x5B, 0x3F, 0xA8, 0xFF, 0x53, 0x41, 0x97, 0x48, 0xED,
    0xF7, 0x20, 0x93, 0x70, 0x2F, 0xDF, 0xE4, 0xD5, 0xF3, 0x0F, 0xAC, 0x05, 0x12, 0xAB, 0x99, 0xC4,
    0x61, 0xA3, 0xD9, 0x05, 0x49, 0x13, 0x49, 0x72, 0x70, 0x3F, 0x6E, 0x2F, 0xE4, 0xC1, 0x00, 0x07,
    0x76, 0xBA, 0xB9, 0x57, 0xC1, 0xEC, 0x35, 0xDB, 0x3A, 0x77, 0x60, 0x32, 0x80, 0xB4, 0x75, 0x86,
    0xD5, 0xF2, 0x70, 0x67, 0x77, 0x44, 0x5F, 0xC0, 0x7B, 0xE5, 0xE3, 0x20, 0x2C, 0x87, 0x21, 0x00,
    0x7A, 0xA4, 0xD0, 0xCC, 0x28, 0x14, 0x2B, 0xF6, 0x07, 0xFD, 0xE2, 0xA0, 0xCA, 0x0C, 0xCE, 0x02,
    0x6C, 0x35, 0xEA, 0x00, 0x26, 0x1C, 0x4D, 0x40, 0x87, 0x70, 0x00, 0x2C, 0x00, 0x09, 0x69, 0x44,
    0x30, 0x13, 0x4B, 0x51, 0xF0, 0x46, 0xFD, 0xE8, 0xC1, 0xC2, 0x65, 0x40, 0x80, 0x00, 0x34, 0xB1,
    0x55, 0x95, 0x79, 0xB1, 0xC6, 0x7A, 0x77, 0xAB, 0x24, 0x63, 0xC7, 0x71, 0x36, 0xD8, 0x00, 0x9A,
    0xA4, 0x55, 0x4E, 0xB4, 0x22, 0x9C, 0x51, 0xBF, 0x6E, 0xE2, 0xDB, 0xD9, 0x7E, 0x71, 0x7D, 0x3C,
    0x3E, 0xC6, 0x77, 0xE1, 0x00, 0x7B, 0x05, 0x4C, 0x9D, 0x07, 0xDD, 0xD9, 0x45, 0x2E, 0x79, 0x0B,
    0x7B, 0xC6, 0xE8, 0xD3, 0x7E, 0xC8, 0x9B, 0xF4, 0x8F, 0x74, 0xE7, 0x06, 0xDF, 0xC0, 0x7D, 0xC5,
    0x75, 0xA6, 0x69, 0x30, 0xA5, 0x7A, 0x8C, 0x67, 0x73, 0xB8, 0xD4, 0xBD, 0x48, 0x61, 0xEB, 0xBA,
    0x28, 0xF9, 0xF8, 0xAE, 0xE5, 0x37, 0x9D, 0xF2, 0xA8, 0x0B, 0x19, 0xE7, 0xD0, 0x9C, 0x21, 0x20,
    0x2F, 0x7C, 0x8F, 0xB3, 0xD3, 0x97, 0xBC, 0xC7, 0x37, 0x88, 0x02, 0x77, 0x9C, 0x70, 0x69, 0x48,
    0x59, 0xB3, 0x1B, 0x99, 0x52, 0xD1, 0x07, 0x3A, 0x8E, 0xEE, 0xC5, 0x09, 0xC7, 0x86, 0x05, 0xC9,
    0x05, 0x1A, 0x87, 0x0F, 0x00, 0x54, 0x00, 0x79, 0x92, 0xB3, 0x42, 0x4D, 0x6F, 0xE6, 0x59, 0xE0,
    0xB1, 0x57, 0x11, 0xD4, 0x52, 0x90, 0x8D, 0xF7, 0x0F, 0x80, 0x00, 0x05, 0x80, 0x1F, 0xE8, 0x72,
    0x3D, 0x5F, 0x3D, 0x8C, 0xD0, 0xCB, 0x34, 0xF8, 0xAE, 0xC7, 0x40, 0x87, 0x3F, 0x00, 0x56, 0x1C,
    0xA8, 0xB9, 0x4C, 0x80, 0x00, 0xAF, 0x09, 0x76, 0xA9, 0xC5, 0x23, 0xEA, 0x55, 0x01, 0xED, 0x43,
    0x57, 0xBB, 0xBD, 0x4B, 0x5E, 0xFD, 0xBE, 0x2E, 0x5E, 0x38, 0x99, 0x0A, 0xA9, 0xCD, 0xD6, 0xB7,
    0xA7, 0xBA, 0x8E, 0x8A, 0xCC, 0x09, 0x0B, 0x32, 0x53, 0xA9, 0xFA, 0x45, 0xB9, 0x32, 0xED, 0x1D,
    0x55, 0x28, 0x97, 0x95, 0x00, 0x94, 0x25, 0x05, 0x72, 0xE7, 0x66, 0xB1, 0xC0, 0xA4, 0x53, 0xB7,
    0xC7, 0x07, 0x79, 0x47, 0xA8, 0x05, 0x0A, 0x67, 0x42, 0xB3, 0xA2, 0x9D, 0x9A, 0xCE, 0xFA, 0xBA,
    0x91, 0x04, 0x5B, 0x9C, 0x2C, 0x73, 0xEA, 0xC1, 0x43, 0xEA, 0xCB, 0x89, 0x80, 0x00, 0x90, 0xDD,
    0x4F, 0xB0, 0x29, 0xE8, 0xAE, 0x3E, 0x9F, 0x01, 0x5D, 0x09, 0xDB, 0xC7, 0x87, 0xB6, 0x91, 0xBA,
    0xA8, 0x71, 0x1B, 0x05, 0x3F, 0x3B, 0xDF, 0xA1, 0xD7, 0x9B, 0x9E, 0x12, 0x46, 0x13, 0x15, 0x91,
    0x62, 0xAA, 0x60, 0x06, 0xDE, 0xA0, 0x00, 0x7C, 0x8E, 0x8E, 0x8F, 0x6B, 0xE9, 0xB7, 0x98, 0xAF,
    0xE4, 0x99, 0x3A, 0xB5, 0xF1, 0x71, 0x28, 0x16, 0xC0, 0x00, 0x05, 0x48, 0x23, 0xC4, 0x43, 0x65,
    0xEA, 0x3F, 0xA0, 0xFA, 0x20, 0x55, 0x6B, 0x9C, 0xE3, 0x9E, 0xF5, 0xE2, 0x6B, 0x58, 0xAE, 0xCA,
    0x91, 0x5D, 0xB4, 0xC4, 0xED, 0xF8, 0x97, 0x4E, 0xDB, 0xF4, 0xD4, 0x1F, 0xD1, 0xE6, 0xA0, 0x87,
    0x77, 0x00, 0xFF, 0xE9, 0xE8, 0xB9, 0x48, 0x19, 0x29, 0xAB, 0x5A, 0xA5, 0xF0, 0x19, 0x82, 0x60,
    0x00, 0x7C, 0x9A, 0x38, 0xE4, 0x9E, 0xC6, 0xB5, 0xC2, 0x50, 0x90, 0x8F, 0x01, 0xFD, 0x61, 0xAB,
    0xCC, 0x44, 0x42, 0x7D, 0xCB, 0x6A, 0xFE, 0xAE, 0xED, 0x88, 0x87, 0x0C, 0x00, 0x7E, 0xF6, 0xF8,
    0xFE, 0x1E, 0x11, 0x3E, 0x85, 0xDE, 0xF0, 0x00, 0x13, 0x6B, 0x1F, 0x75, 0x06, 0xAD, 0x0C, 0x62,
    0x95, 0x55, 0xF1, 0x8C, 0x80, 0x87, 0xAB, 0x03, 0x50, 0x20, 0xDD, 0xCF, 0x2F, 0x21, 0x70, 0xB1,
    0x1C, 0x62, 0xC5, 0x7F, 0x8A, 0xA3, 0x50, 0x89, 0x55, 0xD6, 0x12, 0x76, 0xF8, 0xC0, 0x87, 0x0C,
    0x00, 0x7E, 0xFC, 0x80, 0xE6, 0xD8, 0x08, 0x08, 0xAA, 0x34, 0x81, 0xF3, 0xA8, 0xF7, 0xC0, 0x69,
    0xA5, 0xDE, 0x2F, 0xC1, 0xC4, 0xAC, 0xA5, 0x89, 0x3E, 0xCB, 0xAC, 0xB5, 0x3D, 0xA3, 0x7C, 0x75,
    0x1F, 0xEE, 0x53, 0x52, 0xD1, 0x92, 0xDF, 0xF6, 0xB7, 0xB9, 0x4E, 0x45, 0xD0, 0x00, 0x66, 0xA8,
    0x9E, 0xCD, 0x1C, 0xA5, 0x9B, 0xAA, 0xFE, 0xE0, 0x36, 0x78, 0xF6, 0x84, 0x3C, 0x51, 0x8E, 0x86,
    0x43, 0x53, 0x51, 0xCD, 0x53, 0xAF, 0x9B, 0xD8, 0x07, 0x98, 0x00, 0x18, 0xBF, 0xF5, 0x58, 0x84,
    0x5D, 0x4A, 0xF4, 0xCF, 0xD3, 0xA0, 0xB4, 0x72, 0xB4, 0x05, 0xE1, 0x8C, 0xA3, 0x84, 0xD4, 0x46,
    0xC0, 0x00, 0x9A, 0xA5, 0x9E, 0x52, 0xCD, 0xB5, 0xA8, 0x8F, 0xA8, 0x67, 0x1D, 0x88, 0x2B, 0x54,
    0x86, 0x82, 0xC0, 0x00, 0x40, 0x32, 0xF5, 0xD6, 0x81, 0x10, 0x66, 0xFD, 0x55, 0x8A, 0xCC, 0x94,
    0x06, 0x41, 0xD3, 0xD3, 0x4F, 0xE2, 0x1E, 0x12, 0xB8, 0x6C, 0x7C, 0x64, 0x8D, 0xD0, 0x37, 0x8A,
    0x9F, 0xAB, 0xAE, 0x05, 0xC7, 0x16, 0x31, 0xEA, 0xE5, 0x80, 0x00, 0x6A, 0x0C, 0xC2, 0x1F, 0xDA,
    0xA5, 0xA9, 0xE6, 0x26, 0x4E, 0xDB, 0xFA, 0xF0, 0x1F, 0x97, 0x28, 0x00, 0x1A, 0x0A, 0x25, 0x33,
    0x92, 0xDC, 0x5C, 0xE7, 0x24, 0xD1, 0x3E, 0x43, 0xCB, 0x20, 0xBA, 0x1F, 0x9F, 0xC3, 0x17, 0x7C,
    0x25, 0x07, 0x01, 0xB0, 0x0A, 0x6A, 0x51, 0x36, 0x00, 0x6B, 0xBE, 0xEB, 0x11, 0x38, 0x87, 0x87,
    0xDE, 0xAE, 0x0C, 0x5C, 0x0F, 0x13, 0xBF, 0x6E, 0x8A, 0x3B, 0xE5, 0x45, 0xA4, 0xBE, 0xC0, 0x00,
    0x13, 0x56, 0xF1, 0x98, 0xD9, 0x05, 0xF0, 0xFC, 0xF9, 0x32, 0x39, 0x88, 0x05, 0x48, 0x0B, 0x12,
    0xE2, 0x6B, 0x69, 0x01, 0x2A, 0x94, 0x8E, 0x6D, 0x0F, 0xB1, 0x10, 0xD7, 0x00, 0x35, 0xB7, 0x9F,
    0xC0, 0xE1, 0x09, 0x74, 0x4C, 0xE5, 0x00, 0xA6, 0x86, 0x12, 0x30, 0xAF, 0xDA, 0xCD, 0x3F, 0x41,
    0xE0, 0xE1, 0x6E, 0x13, 0xCB, 0xFC, 0xD7, 0x14, 0x60, 0x38, 0x09, 0x35, 0xBC, 0x00, 0x59, 0x90,
    0x83, 0xB6, 0xE8, 0x38, 0x34, 0x35, 0xAE, 0x37, 0x19, 0x4B, 0xC8, 0x99, 0x7D, 0xE2, 0x03, 0x4F,
    0x7E, 0x23, 0x96, 0x37, 0x92, 0x1A, 0x54, 0x01, 0xBE, 0xE3, 0x84, 0xEE, 0xF3, 0xB1, 0x8E, 0xF7,
    0xB9, 0x09, 0x14, 0xBA, 0x49, 0xC3, 0x4D, 0xB2, 0x89, 0x41, 0xCD, 0xA0, 0x00, 0x35, 0xAE, 0x40,
    0x37, 0x99, 0x76, 0xB0, 0x89, 0x18, 0xD6, 0xB6, 0x2E, 0xE8, 0x85, 0xDB, 0x60, 0x80, 0x1C, 0x00,
    0x35, 0xAE, 0x40, 0x3C, 0x92, 0xF6, 0x0B, 0xC9, 0x14, 0x2A, 0xAB, 0x8A, 0xE0, 0x36, 0x7E, 0xC8,
    0xDB, 0xAA, 0xCF, 0x40, 0x87, 0x99, 0x03, 0x4E, 0x69, 0x21, 0x56, 0x07, 0x8C, 0x69, 0x26, 0x44,
    0x18, 0x87, 0x99, 0x03, 0x22, 0x99, 0x6A, 0xF7, 0x56, 0xA9, 0xCF, 0x8E, 0x98, 0x03, 0x8F, 0x12,
    0xAF, 0x82, 0x01, 0x54, 0x79, 0x3C, 0x84, 0xD6, 0x03, 0x63, 0xD4, 0xE5, 0xF2, 0x74, 0x29, 0xE4,
    0x8A, 0x14, 0x00, 0x23, 0xC5, 0x36, 0xA4, 0xA3, 0x3C, 0x01, 0x21, 0x90, 0xF4, 0xFD, 0x12, 0xA6,
    0x47, 0x50, 0x87, 0x99, 0x03, 0x5D, 0x38, 0xAD, 0xA8, 0xFA, 0x19, 0x7F, 0x98, 0xB4, 0xC4, 0x00,
    0x17, 0x49, 0xF4, 0x3C, 0x4D, 0xE2, 0xC1, 0xD3, 0xB5, 0x8B, 0xB4, 0x45, 0xC6, 0x43, 0xF0, 0x03,
    0xEA, 0x1C, 0x8D, 0x7C, 0x00, 0x1C, 0x54, 0xBB, 0x91, 0xF6, 0xF8, 0xB0, 0x00, 0x38, 0xB3, 0x78,
    0x2D, 0x1F, 0x95, 0xE9, 0xE9, 0x61, 0xA0, 0x75, 0x99, 0xA0, 0xF8, 0xBE, 0x24, 0x7D, 0xA2, 0x0C,
    0xC9, 0xD2, 0x6E, 0xC7, 0x00, 0x05, 0x60, 0xB1, 0x6A, 0x4B, 0xEA, 0xD6, 0x9F, 0xAC, 0x9E, 0x1A,
    0x42, 0xFA, 0xA3, 0x04, 0xE6, 0xCE, 0x12, 0x7B, 0xC2, 0x18, 0x00, 0x20, 0xBD, 0xD5, 0x47, 0xEB,
    0xCC, 0x21, 0x6B, 0x17, 0x81, 0xAC, 0x5F, 0x74, 0x75, 0xC8, 0x00, 0xA7, 0x50, 0x28, 0x7E, 0x7C,
    0x9B, 0x57, 0x80, 0x00, 0x00, 0x25, 0x3D, 0xE9, 0x86, 0xE4, 0xDF, 0xE5, 0xAF, 0x5C, 0x08, 0x52,
    0xC0, 0x80, 0x87, 0x74, 0x00, 0xBF, 0x81, 0x43, 0xD8, 0x00, 0x4B, 0x8E, 0xE1, 0x7B, 0xBA, 0xCD,
    0x3E, 0x6E, 0xC8, 0x37, 0x82, 0xB5, 0x2C, 0xE0, 0x23, 0xA2, 0xCE, 0xAF, 0x94, 0x00, 0x63, 0x84,
    0xCF, 0x89, 0x18, 0xD9, 0xA4, 0xE0, 0x1C, 0x83, 0x2D, 0x48, 0xC5, 0xEB, 0x0A, 0x85, 0x2D, 0xED,
    0x2F, 0x78, 0xAC, 0xD8, 0xED, 0x1B, 0x40, 0x00, 0x24, 0xDF, 0xB6, 0x37, 0x7F, 0x82, 0x5F, 0xF9,
    0xC9, 0x7E, 0xEF, 0x8D, 0x9D, 0x34, 0x00, 0x05, 0x45, 0x5F, 0x48, 0x10, 0x87, 0xE3, 0x03, 0x35,
    0xEA, 0x82, 0x20, 0xB4, 0x00, 0x50, 0x9E, 0x26, 0x62, 0xF7, 0xD4, 0x93, 0x88, 0x61, 0xF2, 0xCA,
    0x8D, 0x38, 0x00, 0x3D, 0x14, 0x6F, 0xBD, 0x65, 0x1B, 0x4D, 0x29, 0xC5, 0xCE, 0x56, 0x00, 0x58,
    0xAC, 0xC8, 0x28, 0x20, 0xFD, 0x92, 0x3C, 0x90, 0x9C, 0xD2, 0xDF, 0xEC, 0x87, 0xDA, 0x03, 0x41,
    0x95, 0x9C, 0x7D, 0xE0, 0x87, 0x7A, 0x00, 0x40, 0x02, 0xC8, 0xA0, 0x87, 0x73, 0x00, 0x3C, 0xD9,
    0xB9, 0x7A, 0xF9, 0xD8, 0x87, 0x74, 0x00, 0x52, 0x9D, 0x43, 0xE2, 0x56, 0x45, 0x80, 0x87, 0xDC,
    0x03, 0x7D, 0xC5, 0x4B, 0x41, 0xF2, 0x87, 0xDD, 0x03, 0x6E, 0xF5, 0x12, 0xB8, 0x87, 0xDE, 0x03,
    0x5B, 0xAF, 0xCE, 0x3D, 0xD0, 0x43, 0x87, 0xDF, 0x03, 0x5E, 0x23, 0x0E, 0x1E, 0x87, 0xE0, 0x03,
    0x44, 0xB7, 0x02, 0x5C, 0xB1, 0x50, 0x87, 0xE1, 0x03, 0x8B, 0x92, 0x62, 0xA4, 0x71, 0x2A, 0x80,
    0x87, 0xE2, 0x03, 0x72, 0xBA, 0xC5, 0x40, 0x87, 0xE3, 0x03, 0x52, 0x87, 0xE4, 0x03, 0x35, 0xFC,
    0x87, 0xE5, 0x03, 0x80, 0xE9, 0xFA, 0xD8, 0x87, 0xE6, 0x03, 0x82, 0x3B, 0x2D, 0x18, 0x00, 0x11,
    0x11, 0x4A, 0x68, 0x24, 0xD6, 0x16, 0xB7, 0x5A, 0xC0, 0x70, 0xB9, 0x02, 0xFB, 0x74, 0x7E, 0x2D,
    0xE9, 0xBC, 0x27, 0xB0, 0x00, 0x1F, 0xB7, 0x61, 0x6C, 0xAF, 0x61, 0x91, 0x61, 0x03, 0xD3, 0x5C,
    0x9F, 0x8C, 0x11, 0xD1, 0xAC, 0xE9, 0x6C, 0x00, 0x17, 0x49, 0xE7, 0xE2, 0x6F, 0x47, 0xE7, 0x4E,
    0xA3, 0x35, 0x0B, 0xE3, 0x48, 0xBD, 0x37, 0x2D, 0x80, 0x00, 0x09, 0x50, 0x55, 0xD5, 0xE3, 0x9F,
    0xD6, 0x01, 0x51, 0x1C, 0xA4, 0x8C, 0xC0, 0x5E, 0xDA, 0x75, 0xD8, 0xF1, 0xC0, 0x00, 0x0B, 0x21,
    0xBC, 0xAE, 0xDA, 0x8B, 0xC1, 0xB0, 0x97, 0xA0, 0x5C, 0xAE, 0x67, 0x03, 0x88, 0xB8, 0x1F, 0xC0,
    0x00, 0x04, 0x98, 0x40, 0x3A, 0x72, 0x09, 0x5D, 0xBA, 0x69, 0xA6, 0x8E, 0xBD, 0xDF, 0xA0, 0x2C,
    0x00, 0x04, 0x97, 0xA2, 0xB7, 0x1D, 0xFF, 0x05, 0x13, 0x01, 0x69, 0x77, 0x93, 0xA9, 0xA4, 0xFF,
    0x3F, 0xB2, 0xB0, 0x00, 0x04, 0x4D, 0x16, 0xF6, 0x72, 0x00, 0x04, 0x4C, 0x7E, 0x1B, 0xE3, 0x1F,
    0x0A, 0xA6, 0xE1, 0xC8, 0xEB, 0x76, 0x32, 0xB6, 0xDF, 0x24, 0x21, 0x8D, 0xE0, 0x4F, 0x14, 0xB0,
    0x8C, 0xFC, 0x03, 0x5C, 0x57, 0x0B, 0xA9, 0xC2, 0x80, 0x87, 0x00, 0x04, 0x91, 0xBC, 0x78, 0xD5,
    0x19, 0xAB, 0xB0, 0x54, 0x7A, 0xBA, 0x97, 0xE7, 0xBD, 0xFB, 0xDC, 0xA0, 0x00, 0x0A, 0xD0, 0x2B,
    0x6B, 0xF8, 0x1F, 0xA6, 0xF0, 0x07, 0x8D, 0x1D, 0x60, 0xAB, 0x3A, 0x25, 0xE5, 0xF4, 0x00, 0x52,
    0xFF, 0x34, 0xC6, 0x6A, 0xC4, 0xE7, 0x86, 0xFD, 0x16, 0x64, 0xE3, 0xE6, 0xC0, 0x00, 0x88, 0x7F,
    0x14, 0xC8, 0x3D, 0x4C, 0x2B, 0x13, 0x83, 0xDD, 0x4A, 0x13, 0xB3, 0xEF, 0x9A, 0xB9, 0xF6, 0xEC,
    0xD3, 0x8E, 0x95, 0x50, 0x59, 0xFC, 0x6B, 0xA5, 0xE4, 0x91, 0x7D, 0x6A, 0xDC, 0x45, 0x67, 0x4E,
    0xED, 0x2D, 0x60, 0x00, 0x51, 0x91, 0x53, 0xA9, 0x4C, 0xBB, 0xEF, 0x6D, 0x9F, 0x8C, 0x6F, 0x63,
    0x1E, 0x0C, 0xE6, 0x40, 0x41, 0xC1, 0xA9, 0x4E, 0x35, 0xBB, 0xE4, 0xE3, 0xF1, 0x71, 0x60, 0xFD,
    0x7C, 0xA2, 0xFC, 0x4C, 0x71, 0x26, 0x1F, 0x40, 0x70, 0x3B, 0x9B, 0xF4, 0x30, 0x12, 0x15, 0x09,
    0x14, 0xDC, 0xFC, 0x7D, 0x70, 0x39, 0x82, 0xA4, 0x6D, 0x92, 0xA0, 0x00, 0x94, 0xAC, 0x3A, 0xFD,
    0xEF, 0x00, 0x52, 0x24, 0x7E, 0x47, 0x1D, 0xA3, 0xC7, 0x66, 0x21, 0xF6, 0xC5, 0x1F, 0xF0, 0x6E,
    0x45, 0xCD, 0xD8, 0xC1, 0x97, 0x2E, 0xB2, 0xE8, 0xD1, 0xA4, 0xF9, 0xE9, 0x93, 0x46, 0x81, 0x3D,
    0xC8, 0xA2, 0xC8, 0x20, 0xDE, 0x2B, 0x00, 0x13, 0x7A, 0x7F, 0x9D, 0x16, 0xF9, 0xBD, 0xA6, 0x3F,
    0x04, 0x46, 0x73, 0x52, 0x3B, 0xA0, 0x7A, 0x46, 0x99, 0x07, 0xDB, 0xD9, 0xFD, 0xC0, 0x87, 0x64,
    0x00, 0x87, 0xE5, 0x61, 0x40, 0x4C, 0x24, 0x08, 0x1E, 0x5C, 0x8B, 0x8E, 0xF9, 0x83, 0xB5, 0x97,
    0x4C, 0xCB, 0x70, 0x15, 0xCE, 0x6D, 0xFD, 0x76, 0x81, 0x00, 0x00, 0x0E, 0xDE, 0x87, 0x1F, 0xDA,
    0x95, 0x83, 0x4F, 0x00, 0x81, 0xC6, 0x96, 0x95, 0xA8, 0x45, 0xF4, 0x0E, 0x3C, 0x02, 0xFF, 0x74,
    0x26, 0xE0, 0xE1, 0x66, 0x57, 0x3C, 0xC3, 0x3D, 0x43, 0x4C, 0x19, 0x00, 0x10, 0x97, 0x90, 0x96,
    0x05, 0xF2, 0x1F, 0xAE, 0x59, 0xEF, 0x69, 0xE1, 0x4B, 0x76, 0x84, 0x51, 0x7F, 0x4F, 0xD7, 0x02,
    0x30, 0xCA, 0x39, 0x49, 0xA5, 0x75, 0x46, 0x93, 0x09, 0x0A, 0x46, 0xFF, 0x7F, 0x53, 0x55, 0x9F,
    0x4A, 0x97, 0xAE, 0x3B, 0xAF, 0x45, 0xEB, 0xFB, 0x77, 0x6B, 0x59, 0xB2, 0x90, 0x80, 0x5E, 0x80,
    0x00, 0x05, 0xED, 0x0B, 0xA5, 0x8E, 0x7B, 0xF8, 0x10, 0xA5, 0x5C, 0x98, 0x65, 0x7F, 0xB0, 0x28,
    0xE0, 0xE7, 0x8F, 0x0A, 0xF7, 0x01, 0xD3, 0xFC, 0xE0, 0x69, 0x19, 0xF4, 0x45, 0xC0, 0x02, 0xD8,
    0x28, 0x2F, 0x21, 0x16, 0xDF, 0xFC, 0xE7, 0x39, 0x18, 0x00, 0x01, 0x00, 0x2C, 0x34, 0x36, 0x48,
    0x3A, 0x51, 0x40, 0x85, 0x58, 0xFD, 0xFC, 0x74, 0xDD, 0xA0, 0x5E, 0xE9, 0xDB, 0x48, 0xB4, 0x1F,
    0x51, 0x4C, 0xA4, 0xE6, 0x2E, 0x7B, 0x84, 0x57, 0xED, 0x70, 0x9A, 0xC1, 0x3B, 0xCE, 0xF9, 0x7D,
    0x84, 0xF2, 0x8A, 0xED, 0xB5, 0xE5, 0x2B, 0x99, 0x69, 0xAC, 0x55, 0x73, 0x4E, 0xB4, 0x0F, 0x45,
    0x3C, 0x91, 0x06, 0x8A, 0xEF, 0x2A, 0x80, 0x00, 0x08, 0xAC, 0x18, 0x5A, 0x54, 0xF6, 0x0E, 0xE4,
    0xA0, 0x0F, 0x0D, 0xFC, 0xFE, 0x49, 0xF5, 0x48, 0x7D, 0x00, 0x00, 0xA5, 0x0F, 0x2F, 0xEC, 0xAC,
    0x33, 0x3B, 0x13, 0x8B, 0xF8, 0xCB, 0x0E, 0x0B, 0xD8, 0x0A, 0x29, 0xFE, 0x06, 0xCE, 0xB6, 0x89,
    0x18, 0x05, 0x0A, 0x99, 0xBF, 0x3D, 0x21, 0x95, 0x7A, 0xA5, 0x71, 0x29, 0xA9, 0x3A, 0x66, 0x79,
    0xCA, 0xE7, 0x8E, 0xAF, 0xAB, 0xC1, 0x44, 0x7C, 0x50, 0x00, 0x00, 0x5A, 0x49, 0x46, 0x75, 0x16,
    0x25, 0x8A, 0xAF, 0x81, 0xA1, 0x33, 0x81, 0xD5, 0x2B, 0x9F, 0x20, 0x50, 0x00, 0xC4, 0x3F, 0x8D,
    0x5F, 0x02, 0x5F, 0xD5, 0x73, 0x0B, 0x83, 0x00, 0x0C, 0x0E, 0x51, 0x7D, 0xCF, 0x87, 0xD2, 0x00,
    0xA4, 0xD5, 0x45, 0x3C, 0x7B, 0x5C, 0x02, 0xD0, 0x8B, 0xB2, 0xDB, 0xC2, 0x70, 0x89, 0x7F, 0xBF,
    0x40, 0x00, 0xA4, 0x2B, 0x7A, 0x95, 0x13, 0x7D, 0xB9, 0x72, 0x6E, 0xB9, 0x8C, 0x26, 0xE3, 0x99,
    0x8C, 0x65, 0x00, 0x79, 0xBC, 0xB4, 0x47, 0x22, 0xE4, 0xC3, 0xDC, 0x3A, 0x11, 0x73, 0x8D, 0x23,
    0x20, 0x8D, 0x32, 0xFA, 0x2A, 0x02, 0x95, 0x67, 0x0E, 0x3B, 0xAC, 0x00, 0x16, 0x5F, 0x80, 0x27,
    0x78, 0x64, 0x35, 0x80, 0x77, 0x62, 0x8D, 0x13, 0xCE, 0x0A, 0x75, 0xE7, 0x59, 0xFD, 0xDF, 0xD3,
    0x72, 0x11, 0x65, 0x84, 0xA7, 0x32, 0xBF, 0x80, 0x09, 0x8C, 0x09, 0x6C, 0xD7, 0x9C, 0x71, 0x00,
    0x05, 0x02, 0xFF, 0xAD, 0xFF, 0x8C, 0xE2, 0x0B, 0xEA, 0xCB, 0x43, 0x90, 0x12, 0xE6, 0x33, 0x56,
    0x68, 0x5A, 0x2A, 0x0D, 0xDA, 0xAA, 0xEB, 0xE2, 0x10, 0x7E, 0x0B, 0x05, 0x4D, 0xE0, 0xEC, 0x6D,
    0xE9, 0xC3, 0x9A, 0xBE, 0x63, 0xE6, 0x18, 0x00, 0xB7, 0xD6, 0xF4, 0x8B, 0xA4, 0xE8, 0xDB, 0xF0,
    0x34, 0xB9, 0x38, 0x5A, 0x9F, 0x9B, 0x01, 0x0F, 0x0C, 0x20, 0x95, 0x47, 0xD6, 0xEA, 0x60, 0xA3,
    0xE0, 0xB9, 0xE2, 0xA6, 0xDE, 0xBB, 0x94, 0x81, 0x8B, 0x95, 0xF0, 0x7C, 0xFE, 0x23, 0xA1, 0x58,
    0xE2, 0xC1, 0x40, 0x4B, 0x3F, 0xF7, 0x2F, 0x04, 0x1F, 0x94, 0x18, 0xF9, 0xF5, 0x63, 0xA0, 0x85,
    0x2C, 0xA7, 0x97, 0xD4, 0xD5, 0x35, 0x98, 0x8C, 0x00, 0xAA, 0x1E, 0xC3, 0xE7, 0x98, 0x02, 0xD7,
    0x24, 0x4B, 0xB8, 0x08, 0xD0, 0x57, 0xEC, 0x75, 0x4E, 0x65, 0xE8, 0xD1, 0x3B, 0x45, 0xA7, 0x60,
    0xC7, 0x1F, 0xF5, 0xB7, 0x53, 0x93, 0x94, 0x7C, 0x4A, 0xA0, 0x79, 0x09, 0x8D, 0x33, 0x10, 0x52,
    0xE5, 0xFC, 0x68, 0xA2, 0x11, 0xC7, 0x2E, 0xDF, 0x00, 0x0F, 0x36, 0x9D, 0xB4, 0x5C, 0x97, 0x2A,
    0xB8, 0x68, 0xD5, 0x44, 0x57, 0xA7, 0x8D, 0x4D, 0x32, 0x92, 0x62, 0x60, 0x74, 0xC3, 0x10, 0x46,
    0x8A, 0x06, 0xA6, 0x69, 0x8E, 0x6D, 0xDF, 0x9F, 0xAE, 0xBF, 0xF4, 0x30, 0xA8, 0x1A, 0xD8, 0x0C,
    0xD8, 0x95, 0x40, 0xFB, 0x2E, 0x84, 0x1A, 0x86, 0x29, 0x00, 0x60, 0x0F, 0x51, 0x5E, 0x08, 0x0D,
    0xF0, 0xCE, 0x87, 0xF9, 0x85, 0xFD, 0xF0, 0xFC, 0xB6, 0x95, 0x02, 0xF3, 0x93, 0x20, 0x00, 0x42,
    0x24, 0x92, 0x50, 0x1C, 0xA3, 0xC8, 0xA4, 0x95, 0xD9, 0xC1, 0x01, 0x54, 0xDF, 0x94, 0xD2, 0x5A,
    0x10, 0x72, 0x5F, 0x0F, 0xE4, 0x2D, 0x8B, 0xC7, 0x89, 0x70, 0x4D, 0xF5, 0xC7, 0x67, 0x9D, 0xF7,
    0xFE, 0xAF, 0x1F, 0xE3, 0x57, 0x30, 0x08, 0xE8, 0xDB, 0xF8, 0x05, 0xA7, 0xAF, 0xB3, 0x3D, 0x00,
    0x8D, 0x0E, 0xD9, 0x46, 0xED, 0x8C, 0xCA, 0xD9, 0x6C, 0x69, 0xDF, 0xD4, 0xF1, 0x2E, 0xC3, 0xBF,
    0xBD, 0x99, 0xA6, 0x26, 0x85, 0xC7, 0xE4, 0x7F, 0xC7, 0x0B, 0x00, 0x2A, 0xCB, 0xC4, 0x6C, 0xD1,
    0x0A, 0x13, 0x9B, 0xF4, 0x6A, 0xB0, 0x94, 0x90, 0xE8, 0x5D, 0xDD, 0x61, 0xF0, 0x83, 0x5F, 0x1F,
    0x75, 0x55, 0xC9, 0x20, 0x86, 0x25, 0x00, 0x56, 0x29, 0xDF, 0xCF, 0x0D, 0xD0, 0x94, 0x7F, 0xF5,
    0x39, 0xAC, 0x71, 0xE4, 0xE7, 0x79, 0xBD, 0x1B, 0x34, 0x52, 0xCF, 0xE6, 0xE0, 0x00, 0x1B, 0xBA,
    0xE7, 0xF4, 0x4E, 0xE9, 0xE5, 0x9C, 0x82, 0x39, 0x2E, 0xCF, 0x7C, 0x3F, 0x14, 0xEE, 0x92, 0x7E,
    0xF5, 0x18, 0xC4, 0x5D, 0x12, 0x24, 0xBA, 0x3F, 0x37, 0x8D, 0x51, 0xB7, 0xE7, 0x10, 0x16, 0xAE,
    0x83, 0x51, 0x00, 0xBC, 0x95, 0xCC, 0xA3, 0x21, 0x5C, 0xFA, 0xD3, 0x95, 0xB6, 0x25, 0x82, 0xB3,
    0x36, 0x3B, 0x56, 0x00, 0x51, 0x82, 0x53, 0x2D, 0x8C, 0x27, 0xD0, 0xE2, 0xF3, 0x90, 0xA4, 0x37,
    0x3B, 0xAC, 0xDC, 0x20, 0x7C, 0x2A, 0xE8, 0xFF, 0xE3, 0x73, 0xE1, 0xD4, 0xC1, 0x06, 0xAA, 0x7B,
    0x07, 0x94, 0x27, 0x1C, 0x48, 0xDC, 0x30, 0x3C, 0xB2, 0x2E, 0x0C, 0x67, 0x0B, 0x35, 0xB9, 0xAA,
    0xA9, 0xBC, 0x94, 0xE0, 0x32, 0x00, 0x00, 0x00, 0x0A, 0x0F, 0xC8, 0x54, 0x6F, 0xF3, 0x37, 0x66,
    0x47, 0x39, 0xB0, 0xBD, 0x27, 0x2E, 0x0C, 0xED, 0x67, 0xAF, 0x00, 0x05, 0x05, 0xCE, 0xEA, 0x63,
    0xEF, 0xD8, 0x96, 0x7B, 0x18, 0x04, 0x79, 0xDD, 0xC9, 0x75, 0x58, 0x4E, 0x09, 0xCA, 0x8F, 0x3B,
    0xD2, 0xC7, 0xE2, 0x34, 0x25, 0xA6, 0xF0, 0x3B, 0xBF, 0x98, 0x84, 0x68, 0xA2, 0x00, 0x1B, 0x58,
    0xEC, 0x12, 0x31, 0xEC, 0x4A, 0x49, 0xEF, 0x3C, 0xF1, 0xBA, 0x66, 0xC1, 0x59, 0x7C, 0x2A, 0x62,
    0x78, 0x28, 0x9F, 0xF4, 0xD1, 0x15, 0x5C, 0x9D, 0x4C, 0xA0, 0xE2, 0x9D, 0x0A, 0xB1, 0x3B, 0x7E,
    0xE2, 0xBE, 0x93, 0xBF, 0xCF, 0x81, 0x80, 0x00, 0xA5, 0xB6, 0x8F, 0x9E, 0x93, 0x28, 0x8D, 0x91,
    0x30, 0xE4, 0x18, 0x51, 0xCC, 0x66, 0x37, 0xEE, 0x2E, 0xAA, 0x23, 0xD6, 0x23, 0x85, 0x87, 0x8E,
    0x41, 0x9C, 0x73, 0xF6, 0x28, 0x92, 0x15, 0x7C, 0x95, 0x99, 0x04, 0x1B, 0x3B, 0x09, 0x1A, 0x86,
    0x8B, 0x38, 0x79, 0xAC, 0x94, 0x4C, 0x64, 0x0E, 0x4B, 0x67, 0xA9, 0x47, 0x6A, 0xC7, 0x48, 0x00,
    0x4F, 0x50, 0x86, 0xD1, 0x65, 0xD3, 0x17, 0xDD, 0xE5, 0xC0, 0xB6, 0x9C, 0x00, 0x96, 0xBE, 0xC4,
    0x36, 0x0B, 0x56, 0x3C, 0x38, 0x58, 0x3D, 0xB2, 0xE4, 0x12, 0x74, 0x62, 0x83, 0xEC, 0x1B, 0x06,
    0xF8, 0xEB, 0x59, 0x3F, 0x57, 0x82, 0xA0, 0xA6, 0x00, 0x0F, 0x00, 0x6F, 0xB1, 0x83, 0x58, 0xAA,
    0x24, 0xA8, 0x8C, 0x29, 0xAB, 0x5E, 0x3E, 0x85, 0x9C, 0xD7, 0x6A, 0x5F, 0xD1, 0xB2, 0xC6, 0x0C,
    0xDF, 0xF0, 0x11, 0x6C, 0x11, 0xD7, 0x15, 0xFB, 0x3E, 0x13, 0x45, 0x4D, 0x38, 0x71, 0x5F, 0x80,
    0x00, 0x32, 0x58, 0x11, 0x34, 0xCF, 0x2A, 0x0B, 0xFC, 0xCA, 0x56, 0xF5, 0x12, 0x26, 0xA1, 0xC2,
    0x53, 0xFA, 0xDC, 0x8E, 0xA8, 0x9D, 0x78, 0x64, 0x59, 0xD5, 0x63, 0x41, 0x73, 0x06, 0xD6, 0x60,
    0x5D, 0xCF, 0x98, 0xEC, 0x33, 0x08, 0x03, 0xCF, 0x8C, 0xA3, 0x3A, 0xED, 0xC4, 0xCB, 0x35, 0xFB,
    0x07, 0xAE, 0x80, 0x8D, 0x2F, 0x03, 0xC6, 0xFE, 0x87, 0xA8, 0x64, 0xFB, 0x56, 0xAF, 0xF0, 0x65,
    0xD8, 0x7E, 0xB5, 0xC8, 0xFE, 0xE3, 0xA2, 0x45, 0x15, 0xAC, 0x89, 0x09, 0xF7, 0xB2, 0xC8, 0x61,
    0x69, 0x2C, 0x45, 0x32, 0xE5, 0xD5, 0x52, 0x0B, 0x01, 0x90, 0x63, 0xF0, 0x71, 0x35, 0x0D, 0x0B,
    0xE8, 0x3C, 0x87, 0x52, 0x02, 0x54, 0x05, 0x35, 0x6F, 0x73, 0xC3, 0xA2, 0xE5, 0xE1, 0x56, 0x59,
    0xCF, 0x98, 0xEB, 0x79, 0x2C, 0xF2, 0xC2, 0xCF, 0x18, 0x8E, 0xB8, 0x00, 0x4B, 0x00, 0x2E, 0xE9,
    0xBE, 0x6F, 0xB1, 0x16, 0xBC, 0xB3, 0xDB, 0xA0, 0xD3, 0x86, 0x35, 0xA0, 0x8C, 0x2F, 0x7B, 0x80,
    0x3D, 0x8F, 0xF9, 0x28, 0x6C, 0x18, 0x5A, 0x71, 0x77, 0x66, 0x9F, 0xA8, 0xD1, 0x0A, 0x89, 0x1F,
    0xE6, 0x02, 0x84, 0x65, 0x53, 0x25, 0x0E, 0x2C, 0x6C, 0x01, 0x15, 0x00, 0x3B, 0x9A, 0x57, 0xDE,
    0x86, 0x95, 0xE5, 0x20, 0xFE, 0x34, 0x70, 0xC5, 0x9C, 0xB1, 0x2F, 0x47, 0x74, 0xB5, 0xA1, 0x07,
    0xAE, 0x10, 0x08, 0x40, 0x89, 0x67, 0x4A, 0xD2, 0x29, 0xF6, 0xCA, 0x97, 0x6B, 0x77, 0x28, 0x87,
    0x27, 0x04, 0x49, 0x9F, 0xE6, 0xDF, 0xD5, 0x28, 0xE6, 0x15, 0x17, 0x04, 0x61, 0x6B, 0x00, 0x26,
    0x8B, 0xA8, 0x84, 0x9D, 0x8C, 0x1C, 0x45, 0xFF, 0xDF, 0xC9, 0x33, 0x73, 0x67, 0x91, 0xF7, 0x5E,
    0x73, 0x95, 0x31, 0x82, 0x97, 0x17, 0x00, 0x10, 0x12, 0xF5, 0xF7, 0xFD, 0x48, 0x0C, 0xFF, 0x28,
    0x33, 0x61, 0xE3, 0x01, 0x82, 0xB0, 0x5D, 0xD6, 0xB2, 0x0B, 0xA9, 0x18, 0x76, 0xB5, 0xB3, 0x69,
    0xC6, 0xAE, 0x3F, 0x4A, 0xEF, 0xFC, 0xB2, 0x87, 0x29, 0x04, 0x5C, 0x07, 0x46, 0xD6, 0x78, 0xBA,
    0x1B, 0xEF, 0x87, 0x04, 0x7C, 0xC2, 0x44, 0x8C, 0xC0, 0xA3, 0x21, 0x87, 0x80, 0x00, 0x19, 0x46,
    0xF8, 0x1D, 0xAD, 0x2B, 0x6A, 0xE0, 0x23, 0x4E, 0x96, 0xCC, 0x57, 0x39, 0x6D, 0xA0, 0x12, 0x17,
    0xD4, 0xC8, 0x12, 0x79, 0x5D, 0x2B, 0x56, 0xBF, 0x96, 0x53, 0x4E, 0x03, 0x31, 0x06, 0x41, 0x47,
    0x53, 0x20, 0x00, 0x6A, 0x03, 0x51, 0xC8, 0x81, 0xC4, 0x94, 0xA4, 0x26, 0x91, 0x0A, 0xAE, 0x26,
    0xCD, 0xFE, 0x0B, 0x9B, 0xDD, 0x29, 0x15, 0x88, 0xC2, 0x02, 0x40, 0x0B, 0xC4, 0x00, 0xF5, 0xA0,
    0x09, 0x32, 0x64, 0xFB, 0xF2, 0xFC, 0x4A, 0x63, 0x54, 0x27, 0xA2, 0x88, 0x70, 0x69, 0x1D, 0xBF,
    0x4D, 0x93, 0xE9, 0x0D, 0xCB, 0x85, 0x84, 0x9B, 0x31, 0xE9, 0x7D, 0xCC, 0xD4, 0x5F, 0xDC, 0xEF,
    0xE5, 0x07, 0xB7, 0xDD, 0x49, 0xE3, 0xC0, 0x00, 0xD4, 0xEA, 0x16, 0xB0, 0xDF, 0x8A, 0xF1, 0x6F,
    0xFA, 0xE0, 0xD1, 0xB6, 0x2C, 0x08, 0xB4, 0x64, 0x56, 0x13, 0x75, 0x33, 0x5A, 0x2C, 0x11, 0x3E,
    0x43, 0x40, 0x16, 0x6A, 0x29, 0x68, 0x34, 0x14, 0xC6, 0x2F, 0x35, 0x81, 0xC2, 0x87, 0x86, 0x9C,
    0x07, 0xD1, 0x1C, 0x46, 0x35, 0x11, 0x5A, 0xB4, 0x1A, 0x48, 0xB8, 0x6E, 0xFB, 0xB4, 0x7C, 0x0E,
    0xBA, 0x06, 0xFA, 0x01,
};

static const EpdGlyph notosans_18_regularGlyphs[] = {
    { 0, 0, 0, 0, 0, 0, 0 }, // U+0000
    { 0, 0, 156, 0, 0, 0, 0 }, // U+000D
    { 0, 0, 156, 0, 0, 0, 0 }, // U+0020
    { 6, 28, 161, 2, 27, 17, 0 }, // !
    { 11, 10, 245, 2, 27, 13, 17 }, // "
    { 24, 27, 388, 0, 27, 45, 30 }, // #
    { 18, 32, 343, 2, 29, 46, 75 }, // $
    { 29, 29, 499, 1, 28, 58, 121 }, // %
    { 27, 29, 439, 1, 28, 58, 179 }, // &
    { 4, 10, 135, 2, 27, 6, 237 }, // '
    { 10, 33, 180, 1, 27, 22, 243 }, // (
    { 9, 33, 180, 1, 27, 21, 265 }, // )
    { 19, 18, 331, 1, 29, 33, 286 }, // *
    { 19, 19, 343, 1, 23, 17, 319 }, // +
    { 7, 10, 161, 1, 5, 7, 336 }, // ,
    { 10, 4, 193, 1, 12, 7, 343 }, // -
    { 6, 6, 161, 2, 5, 6, 350 }, // .
    { 14, 27, 223, 0, 27, 18, 356 }, // /
    { 18, 29, 350, 2, 28, 35, 374 }, // 0
    { 11, 27, 265, 0, 27, 18, 409 }, // 1
    { 19, 28, 333, 1, 28, 29, 427 }, // 2
    { 19, 29, 343, 1, 28, 39, 456 }, // 3
    { 21, 27, 343, 0, 27, 33, 495 }, // 4
    { 18, 28, 343, 2, 27, 33, 528 }, // 5
    { 18, 29, 343, 2, 28, 38, 561 }, // 6
    { 19, 27, 307, 0, 27, 22, 599 }, // 7
    { 18, 29, 353, 2, 28, 48, 621 }, // 8
    { 19, 29, 343, 1, 28, 38, 669 }, // 9
    { 6, 22, 161, 2, 21, 11, 707 }, // :
    { 7, 26, 161, 1, 21, 12, 718 }, // ;
    { 19, 19, 343, 1, 23, 32, 730 }, // <
    { 18, 11, 343, 2, 19, 13, 762 }, // =
    { 19, 19, 343, 1, 23, 34, 775 }, // >
    { 16, 29, 260, 0, 28, 24, 809 }, // ?
    { 30, 31, 539, 2, 27, 71, 833 }, // @
    { 24, 27, 383, 0, 27, 41, 904 }, // A
    { 20, 27, 390, 3, 27, 40, 945 }, // B
    { 21, 29, 379, 2, 28, 33, 985 }, // C
    { 23, 27, 438, 3, 27, 36, 1018 }, // D
    { 16, 27, 334, 3, 27, 23, 1054 }, // E
    { 16, 27, 311, 3, 27, 20, 1077 }, // F
    { 23, 29, 437, 2, 28, 38, 1097 }, // G
    { 22, 27, 445, 3, 27, 30, 1135 }, // H
    { 11, 27, 203, 1, 27, 19, 1165 }, // I
    { 10, 35, 164, -3, 27, 18, 1184 }, // J
    { 21, 27, 371, 3, 27, 36, 1202 }, // K
    { 16, 27, 314, 3, 27, 11, 1238 }, // L
    { 28, 27, 544, 3, 27, 56, 1249 }, // M
    { 22, 27, 456, 3, 27, 43, 1305 }, // N
    { 25, 29, 469, 2, 28, 40, 1348 }, // O
    { 18, 27, 363, 3, 27, 27, 1388 }, // P
    { 25, 35, 469, 2, 28, 19, 1415 }, // Q
    { 20, 27, 373, 3, 27, 38, 1434 }, // R
    { 18, 29, 329, 1, 28, 37, 1472 }, // S
    { 21, 27, 334, 0, 27, 19, 1509 }, // T
    { 21, 28, 439, 3, 27, 29, 1528 }, // U
    { 23, 27, 360, 0, 27, 37, 1557 }, // V
    { 35, 27, 558, 0, 27, 62, 1594 }, // W
    { 22, 27, 352, 0, 27, 41, 1656 }, // X
    { 22, 27, 340, 0, 27, 30, 1697 }, // Y
    { 19, 27, 343, 1, 27, 26, 1727 }, // Z
    { 9, 33, 197, 3, 27, 12, 1753 }, // [
    { 14, 27, 223, 0, 27, 23, 1765 }, // <backslash>
    { 10, 33, 197, 0, 27, 17, 1788 }, // ]
    { 20, 17, 343, 1, 27, 22, 1805 }, // ^
    { 18, 3, 266, -1, -3, 7, 1827 }, // _
    { 9, 7, 169, 1, 29, 8, 1834 }, // `
    { 17, 22, 337, 1, 21, 36, 1842 }, // a
    { 18, 30, 369, 3, 29, 36, 1878 }, // b
    { 15, 22, 288, 2, 21, 23, 1914 }, // c
    { 18, 30, 369, 2, 29, 38, 1937 }, // d
    { 18, 22, 338, 2, 21, 34, 1975 }, // e
    { 15, 29, 206, 0, 29, 23, 2009 }, // f
    { 18, 30, 369, 2, 21, 27, 2032 }, // g
    { 18, 29, 371, 3, 29, 25, 2059 }, // h
    { 5, 28, 155, 2, 28, 13, 2084 }, // i
    { 10, 37, 155, -3, 28, 18, 2097 }, // j
    { 17, 29, 320, 3, 29, 31, 2115 }, // k
    { 4, 29, 155, 3, 29, 12, 2146 }, // l
    { 30, 21, 561, 3, 21, 34, 2158 }, // m
    { 18, 21, 371, 3, 21, 10, 2192 }, // n
    { 19, 22, 363, 2, 21, 31, 2202 }, // o
    { 18, 30, 369, 3, 21, 19, 2233 }, // p
    { 18, 30, 369, 2, 21, 16, 2252 }, // q
    { 12, 21, 248, 3, 21, 14, 2268 }, // r
    { 16, 22, 287, 1, 21, 34, 2282 }, // s
    { 13, 26, 217, 0, 25, 22, 2316 }, // t
    { 18, 22, 371, 2, 21, 24, 2338 }, // u
    { 20, 21, 305, 0, 21, 29, 2362 }, // v
    { 30, 21, 472, 0, 21, 47, 2391 }, // w
    { 20, 21, 317, 0, 21, 31, 2438 }, // x
    { 20, 30, 306, 0, 21, 34, 2469 }, // y
    { 16, 21, 282, 1, 21, 21, 2503 }, // z
    { 13, 33, 228, 1, 27, 28, 2524 }, // {
    { 4, 39, 331, 8, 29, 12, 2552 }, // |
    { 13, 33, 228, 1, 27, 28, 2564 }, // }
    { 19, 6, 343, 1, 16, 16, 2592 }, // ~
    { 0, 0, 156, 0, 0, 0, 2608 }, // U+00A0
    { 6, 28, 161, 2, 21, 15, 2608 }, // U+00A1
    { 16, 29, 343, 3, 28, 32, 2623 }, // U+00A2
    { 20, 28, 343, 1, 28, 29, 2655 }, // U+00A3
    { 18, 18, 343, 2, 22, 36, 2684 }, // U+00A4
    { 21, 27, 343, 0, 27, 41, 2720 }, // U+00A5
    { 4, 39, 331, 8, 29, 10, 2761 }, // U+00A6
    { 15, 30, 308, 2, 29, 47, 2771 }, // U+00A7
    { 12, 5, 348, 5, 28, 10, 2818 }, // U+00A8
    { 29, 29, 499, 1, 28, 60, 2828 }, // U+00A9
    { 11, 14, 214, 1, 28, 21, 2888 }, // U+00AA
    { 17, 16, 305, 1, 18, 29, 2909 }, // U+00AB
    { 19, 11, 343, 1, 15, 11, 2938 }, // U+00AC
    { 10, 4, 193, 1, 12, 4, 2949 }, // U+00AD
    { 29, 29, 499, 1, 28, 52, 2953 }, // U+00AE
    { 20, 3, 300, -1, 31, 6, 3005 }, // U+00AF
    { 12, 13, 257, 2, 28, 18, 3011 }, // U+00B0
    { 19, 23, 343, 1, 23, 16, 3029 }, // U+00B1
    { 12, 17, 210, 0, 32, 21, 3045 }, // U+00B2
    { 13, 17, 210, 0, 32, 27, 3066 }, // U+00B3
    { 9, 7, 169, 1, 29, 7, 3093 }, // U+00B4
    { 18, 30, 374, 3, 21, 26, 3100 }, // U+00B5
    { 19, 34, 393, 2, 29, 37, 3126 }, // U+00B6
    { 6, 6, 161, 2, 16, 5, 3163 }, // U+00B7
    { 8, 9, 135, 0, 0, 11, 3168 }, // U+00B8
    { 8, 17, 210, 1, 32, 12, 3179 }, // U+00B9
    { 12, 14, 226, 1, 28, 19, 3191 }, // U+00BA
    { 17, 16, 305, 1, 18, 30, 3210 }, // U+00BB
    { 27, 27, 447, 1, 27, 51, 3240 }, // U+00BC
    { 28, 27, 463, 0, 27, 49, 3291 }, // U+00BD
    { 29, 28, 469, 0, 28, 62, 3340 }, // U+00BE
    { 16, 29, 260, 0, 21, 25, 3402 }, // U+00BF
    { 24, 36, 383, 0, 36, 50, 3427 }, // U+00C0
    { 24, 36, 383, 0, 36, 20, 3477 }, // U+00C1
    { 24, 36, 383, 0, 36, 22, 3497 }, // U+00C2
    { 24, 35, 383, 0, 35, 24, 3519 }, // U+00C3
    { 24, 35, 383, 0, 35, 20, 3543 }, // U+00C4
    { 24, 33, 383, 0, 33, 21, 3563 }, // U+00C5
    { 32, 27, 529, -1, 27, 41, 3584 }, // U+00C6
    { 21, 37, 379, 2, 28, 22, 3625 }, // U+00C7
    { 16, 36, 334, 3, 36, 24, 3647 }, // U+00C8
    { 16, 36, 334, 3, 36, 24, 3671 }, // U+00C9
    { 16, 36, 334, 3, 36, 28, 3695 }, // U+00CA
    { 16, 35, 334, 3, 35, 24, 3723 }, // U+00CB
    { 11, 36, 203, 1, 36, 26, 3747 }, // U+00CC
    { 11, 36, 203, 1, 36, 14, 3773 }, // U+00CD
    { 13, 36, 203, 0, 36, 30, 3787 }, // U+00CE
    { 11, 35, 203, 1, 35, 16, 3817 }, // U+00CF
    { 25, 27, 438, 1, 27, 42, 3833 }, // U+00D0
    { 22, 35, 456, 3, 35, 44, 3875 }, // U+00D1
    { 25, 37, 469, 2, 36, 47, 3919 }, // U+00D2
    { 25, 37, 469, 2, 36, 19, 3966 }, // U+00D3
    { 25, 37, 469, 2, 36, 21, 3985 }, // U+00D4
    { 25, 36, 469, 2, 35, 23, 4006 }, // U+00D5
    { 25, 36, 469, 2, 35, 21, 4029 }, // U+00D6
    { 17, 18, 343, 2, 22, 30, 4050 }, // U+00D7
    { 25, 30, 469, 2, 28, 33, 4080 }, // U+00D8
    { 21, 37, 439, 3, 36, 34, 4113 }, // U+00D9
    { 21, 37, 439, 3, 36, 15, 4147 }, // U+00DA
    { 21, 37, 439, 3, 36, 18, 4162 }, // U+00DB
    { 21, 36, 439, 3, 35, 18, 4180 }, // U+00DC
    { 22, 36, 340, 0, 36, 36, 4198 }, // U+00DD
    { 18, 27, 363, 3, 27, 29, 4234 }, // U+00DE
    { 19, 30, 379, 3, 29, 43, 4263 }, // U+00DF
    { 17, 30, 337, 1, 29, 43, 4306 }, // U+00E0
    { 17, 30, 337, 1, 29, 18, 4349 }, // U+00E1
    { 17, 30, 337, 1, 29, 23, 4367 }, // U+00E2
    { 17, 29, 337, 1, 28, 24, 4390 }, // U+00E3
    { 17, 29, 337, 1, 28, 20, 4414 }, // U+00E4
    { 17, 32, 337, 1, 31, 26, 4434 }, // U+00E5
    { 30, 22, 518, 1, 21, 59, 4460 }, // U+00E6
    { 15, 30, 288, 2, 21, 20, 4519 }, // U+00E7
    { 18, 30, 338, 2, 29, 41, 4539 }, // U+00E8
    { 18, 30, 338, 2, 29, 17, 4580 }, // U+00E9
    { 18, 30, 338, 2, 29, 20, 4597 }, // U+00EA
    { 18, 29, 338, 2, 28, 19, 4617 }, // U+00EB
    { 9, 29, 155, -1, 29, 15, 4636 }, // U+00EC
    { 9, 29, 155, 2, 29, 14, 4651 }, // U+00ED
    { 14, 29, 155, -2, 29, 18, 4665 }, // U+00EE
    { 12, 28, 155, -1, 28, 16, 4683 }, // U+00EF
    { 19, 30, 363, 2, 29, 51, 4699 }, // U+00F0
    { 18, 28, 371, 3, 28, 26, 4750 }, // U+00F1
    { 19, 30, 363, 2, 29, 38, 4776 }, // U+00F2
    { 19, 30, 363, 2, 29, 16, 4814 }, // U+00F3
    { 19, 30, 363, 2, 29, 21, 4830 }, // U+00F4
    { 19, 29, 363, 2, 28, 21, 4851 }, // U+00F5
    { 19, 29, 363, 2, 28, 17, 4872 }, // U+00F6
    { 19, 18, 343, 1, 22, 17, 4889 }, // U+00F7
    { 19, 24, 363, 2, 22, 27, 4906 }, // U+00F8
    { 18, 30, 371, 2, 29, 25, 4933 }, // U+00F9
    { 18, 30, 371, 2, 29, 15, 4958 }, // U+00FA
    { 18, 30, 371, 2, 29, 19, 4973 }, // U+00FB
    { 18, 29, 371, 2, 28, 17, 4992 }, // U+00FC
    { 20, 38, 306, 0, 29, 39, 5009 }, // U+00FD
    { 18, 38, 369, 3, 29, 15, 5048 }, // U+00FE
    { 20, 37, 306, 0, 28, 21, 5063 }, // U+00FF
    { 24, 33, 383, 0, 33, 18, 5084 }, // U+0100
    { 17, 27, 337, 1, 26, 16, 5102 }, // U+0101
    { 24, 35, 383, 0, 35, 22, 5118 }, // U+0102
    { 17, 29, 337, 1, 28, 21, 5140 }, // U+0103
    { 24, 36, 383, 0, 27, 20, 5161 }, // U+0104
    { 18, 30, 337, 1, 21, 43, 5181 }, // U+0105
    { 21, 37, 379, 2, 36, 39, 5224 }, // U+0106
    { 15, 30, 288, 2, 29, 30, 5263 }, // U+0107
    { 21, 37, 379, 2, 36, 22, 5293 }, // U+0108
    { 15, 30, 288, 2, 29, 17, 5315 }, // U+0109
    { 21, 36, 379, 2, 35, 15, 5332 }, // U+010A
    { 15, 29, 288, 2, 28, 12, 5347 }, // U+010B
    { 21, 37, 379, 2, 36, 20, 5359 }, // U+010C
    { 15, 30, 288, 2, 29, 16, 5379 }, // U+010D
    { 23, 36, 438, 3, 36, 47, 5395 }, // U+010E
    { 24, 30, 369, 2, 29, 44, 5442 }, // U+010F
    { 25, 27, 438, 1, 27, 12, 5486 }, // U+0110
    { 21, 30, 370, 2, 29, 45, 5498 }, // U+0111
    { 16, 33, 334, 3, 33, 12, 5543 }, // U+0112
    { 18, 27, 338, 2, 26, 15, 5555 }, // U+0113
    { 16, 35, 334, 3, 35, 18, 5570 }, // U+0114
    { 18, 29, 338, 2, 28, 20, 5588 }, // U+0115
    { 16, 35, 334, 3, 35, 14, 5608 }, // U+0116
    { 18, 29, 338, 2, 28, 15, 5622 }, // U+0117
    { 16, 36, 334, 3, 27, 15, 5637 }, // U+0118
    { 18, 30, 338, 2, 21, 18, 5652 }, // U+0119
    { 16, 36, 334, 3, 36, 17, 5670 }, // U+011A
    { 18, 30, 338, 2, 29, 19, 5687 }, // U+011B
    { 23, 37, 437, 2, 36, 48, 5706 }, // U+011C
    { 18, 38, 369, 2, 29, 39, 5754 }, // U+011D
    { 23, 36, 437, 2, 35, 21, 5793 }, // U+011E
    { 18, 37, 369, 2, 28, 22, 5814 }, // U+011F
    { 23, 36, 437, 2, 35, 16, 5836 }, // U+0120
    { 18, 37, 369, 2, 28, 16, 5852 }, // U+0121
    { 23, 37, 437, 2, 28, 18, 5868 }, // U+0122
    { 18, 38, 369, 2, 29, 19, 5886 }, // U+0123
    { 22, 36, 445, 3, 36, 35, 5905 }, // U+0124
    { 23, 37, 371, -2, 37, 38, 5940 }, // U+0125
    { 28, 27, 445, 0, 27, 45, 5978 }, // U+0126
    { 21, 29, 371, 0, 29, 32, 6023 }, // U+0127
    { 15, 35, 203, -1, 35, 32, 6055 }, // U+0128
    { 15, 28, 155, -3, 28, 22, 6087 }, // U+0129
    { 12, 33, 203, 0, 33, 24, 6109 }, // U+012A
    { 12, 26, 155, -1, 26, 12, 6133 }, // U+012B
    { 13, 35, 203, 0, 35, 19, 6145 }, // U+012C
    { 13, 28, 155, -2, 28, 19, 6164 }, // U+012D
    { 11, 36, 203, 1, 27, 14, 6183 }, // U+012E
    { 7, 37, 155, 1, 28, 18, 6197 }, // U+012F
    { 11, 35, 203, 1, 35, 11, 6215 }, // U+0130
    { 4, 21, 155, 3, 21, 4, 6226 }, // U+0131
    { 19, 35, 367, 1, 27, 36, 6230 }, // U+0132
    { 15, 37, 310, 2, 28, 29, 6266 }, // U+0133
    { 15, 44, 164, -3, 36, 28, 6295 }, // U+0134
    { 15, 38, 155, -3, 29, 22, 6323 }, // U+0135
    { 21, 36, 371, 3, 27, 17, 6345 }, // U+0136
    { 17, 38, 320, 3, 29, 16, 6362 }, // U+0137
    { 17, 21, 320, 3, 21, 21, 6378 }, // U+0138
    { 16, 36, 314, 3, 36, 17, 6399 }, // U+0139
    { 9, 37, 155, 2, 37, 12, 6416 }, // U+013A
    { 16, 36, 314, 3, 27, 12, 6428 }, // U+013B
    { 6, 38, 155, 2, 29, 17, 6440 }, // U+013C
    { 16, 27, 314, 3, 27, 10, 6457 }, // U+013D
    { 10, 29, 155, 3, 29, 17, 6467 }, // U+013E
    { 16, 27, 314, 3, 27, 11, 6484 }, // U+013F
    { 9, 29, 161, 3, 29, 18, 6495 }, // U+0140
    { 19, 27, 314, 0, 27, 26, 6513 }, // U+0141
    { 12, 29, 155, -1, 29, 18, 6539 }, // U+0142
    { 22, 36, 456, 3, 36, 21, 6557 }, // U+0143
    { 18, 29, 371, 3, 29, 20, 6578 }, // U+0144
    { 22, 36, 456, 3, 27, 19, 6598 }, // U+0145
    { 18, 30, 371, 3, 21, 16, 6617 }, // U+0146
    { 22, 36, 456, 3, 36, 23, 6633 }, // U+0147
    { 18, 29, 371, 3, 29, 24, 6656 }, // U+0148
    { 23, 27, 413, 0, 27, 30, 6680 }, // U+0149
    { 22, 35, 456, 3, 27, 33, 6710 }, // U+014A
    { 18, 30, 371, 3, 21, 16, 6743 }, // U+014B
    { 25, 34, 469, 2, 33, 17, 6759 }, // U+014C
    { 19, 27, 363, 2, 26, 14, 6776 }, // U+014D
    { 25, 36, 469, 2, 35, 22, 6790 }, // U+014E
    { 19, 29, 363, 2, 28, 19, 6812 }, // U+014F
    { 25, 37, 469, 2, 36, 23, 6831 }, // U+0150
    { 19, 30, 363, 2, 29, 19, 6854 }, // U+0151
    { 31, 29, 557, 2, 28, 45, 6873 }, // U+0152
    { 32, 22, 568, 2, 21, 58, 6918 }, // U+0153
    { 20, 36, 373, 3, 36, 44, 6976 }, // U+0154
    { 12, 29, 248, 3, 29, 17, 7020 }, // U+0155
    { 20, 36, 373, 3, 27, 18, 7037 }, // U+0156
    { 13, 30, 248, 2, 21, 20, 7055 }, // U+0157
    { 20, 36, 373, 3, 36, 19, 7075 }, // U+0158
    { 14, 29, 248, 2, 29, 25, 7094 }, // U+0159
    { 18, 37, 329, 1, 36, 42, 7119 }, // U+015A
    { 16, 30, 287, 1, 29, 39, 7161 }, // U+015B
    { 18, 37, 329, 1, 36, 20, 7200 }, // U+015C
    { 16, 30, 287, 1, 29, 21, 7220 }, // U+015D
    { 18, 37, 329, 1, 28, 22, 7241 }, // U+015E
    { 16, 30, 287, 1, 21, 22, 7263 }, // U+015F
    { 18, 37, 329, 1, 36, 19, 7285 }, // U+0160
    { 16, 30, 287, 1, 29, 19, 7304 }, // U+0161
    { 21, 36, 334, 0, 27, 19, 7323 }, // U+0162
    { 13, 34, 217, 0, 25, 19, 7342 }, // U+0163
    { 21, 36, 334, 0, 36, 25, 7361 }, // U+0164
    { 18, 30, 217, 0, 29, 28, 7386 }, // U+0165
    { 21, 27, 334, 0, 27, 14, 7414 }, // U+0166
    { 13, 26, 217, 0, 25, 14, 7428 }, // U+0167
    { 21, 36, 439, 3, 35, 19, 7442 }, // U+0168
    { 18, 29, 371, 2, 28, 21, 7461 }, // U+0169
    { 21, 34, 439, 3, 33, 14, 7482 }, // U+016A
    { 18, 27, 371, 2, 26, 13, 7496 }, // U+016B
    { 21, 36, 439, 3, 35, 20, 7509 }, // U+016C
    { 18, 29, 371, 2, 28, 19, 7529 }, // U+016D
    { 21, 39, 439, 3, 38, 23, 7548 }, // U+016E
    { 18, 32, 371, 2, 31, 22, 7571 }, // U+016F
    { 21, 37, 439, 3, 36, 20, 7593 }, // U+0170
    { 18, 30, 371, 2, 29, 19, 7613 }, // U+0171
    { 21, 36, 439, 3, 27, 18, 7632 }, // U+0172
    { 19, 30, 371, 2, 21, 31, 7650 }, // U+0173
    { 35, 36, 558, 0, 36, 74, 7681 }, // U+0174
    { 30, 29, 472, 0, 29, 55, 7755 }, // U+0175
    { 22, 36, 340, 0, 36, 21, 7810 }, // U+0176
    { 20, 38, 306, 0, 29, 23, 7831 }, // U+0177
    { 22, 35, 340, 0, 35, 21, 7854 }, // U+0178
    { 19, 36, 343, 1, 36, 32, 7875 }, // U+0179
    { 16, 29, 282, 1, 29, 27, 7907 }, // U+017A
    { 19, 35, 343, 1, 35, 14, 7934 }, // U+017B
    { 16, 28, 282, 1, 28, 13, 7948 }, // U+017C
    { 19, 36, 343, 1, 36, 18, 7961 }, // U+017D
    { 16, 29, 282, 1, 29, 17, 7979 }, // U+017E
    { 11, 29, 196, 3, 29, 16, 7996 }, // U+017F
    { 29, 30, 470, 2, 29, 47, 8012 }, // U+01A0
    { 23, 25, 370, 2, 24, 37, 8059 }, // U+01A1
    { 28, 30, 468, 3, 29, 36, 8096 }, // U+01AF
    { 25, 25, 404, 2, 24, 30, 8132 }, // U+01B0
    { 44, 36, 775, 3, 36, 74, 8162 }, // U+01C4
    { 41, 29, 720, 3, 29, 69, 8236 }, // U+01C5
    { 38, 30, 651, 2, 29, 70, 8305 }, // U+01C6
    { 24, 35, 478, 3, 27, 33, 8375 }, // U+01C7
    { 24, 37, 469, 3, 28, 27, 8408 }, // U+01C8
    { 14, 38, 310, 3, 29, 26, 8435 }, // U+01C9
    { 33, 35, 620, 3, 27, 59, 8461 }, // U+01CA
    { 33, 37, 611, 3, 28, 38, 8520 }, // U+01CB
    { 27, 37, 526, 3, 28, 43, 8558 }, // U+01CC
    { 24, 36, 383, 0, 36, 22, 8601 }, // U+01CD
    { 17, 30, 337, 1, 29, 21, 8623 }, // U+01CE
    { 13, 36, 203, 0, 36, 18, 8644 }, // U+01CF
    { 14, 29, 155, -2, 29, 18, 8662 }, // U+01D0
    { 25, 37, 469, 2, 36, 21, 8680 }, // U+01D1
    { 19, 30, 363, 2, 29, 18, 8701 }, // U+01D2
    { 21, 37, 439, 3, 36, 20, 8719 }, // U+01D3
    { 18, 30, 371, 2, 29, 20, 8739 }, // U+01D4
    { 21, 40, 439, 3, 39, 22, 8759 }, // U+01D5
    { 18, 33, 371, 2, 32, 22, 8781 }, // U+01D6
    { 21, 41, 439, 3, 40, 21, 8803 }, // U+01D7
    { 18, 34, 371, 2, 33, 22, 8824 }, // U+01D8
    { 21, 41, 439, 3, 40, 27, 8846 }, // U+01D9
    { 18, 35, 371, 2, 34, 26, 8873 }, // U+01DA
    { 21, 41, 439, 3, 40, 24, 8899 }, // U+01DB
    { 18, 34, 371, 2, 33, 22, 8923 }, // U+01DC
    { 19, 22, 338, 1, 21, 33, 8945 }, // U+01DD
    { 24, 39, 383, 0, 39, 25, 8978 }, // U+01DE
    { 17, 33, 337, 1, 32, 25, 9003 }, // U+01DF
    { 24, 38, 383, 0, 38, 24, 9028 }, // U+01E0
    { 17, 33, 337, 1, 32, 23, 9052 }, // U+01E1
    { 32, 33, 529, -1, 33, 17, 9075 }, // U+01E2
    { 30, 27, 518, 1, 26, 22, 9092 }, // U+01E3
    { 25, 29, 437, 2, 28, 45, 9114 }, // U+01E4
    { 20, 30, 369, 2, 21, 50, 9159 }, // U+01E5
    { 23, 37, 437, 2, 36, 21, 9209 }, // U+01E6
    { 18, 38, 369, 2, 29, 22, 9230 }, // U+01E7
    { 21, 36, 371, 3, 36, 47, 9252 }, // U+01E8
    { 22, 37, 320, -2, 37, 43, 9299 }, // U+01E9
    { 25, 37, 469, 2, 28, 20, 9342 }, // U+01EA
    { 19, 30, 363, 2, 21, 19, 9362 }, // U+01EB
    { 25, 42, 469, 2, 33, 21, 9381 }, // U+01EC
    { 19, 35, 363, 2, 26, 18, 9402 }, // U+01ED
    { 19, 37, 350, 1, 36, 44, 9420 }, // U+01EE
    { 18, 38, 299, 0, 29, 45, 9464 }, // U+01EF
    { 15, 38, 155, -3, 29, 19, 9509 }, // U+01F0
    { 44, 27, 775, 3, 27, 61, 9528 }, // U+01F1
    { 41, 27, 720, 3, 27, 18, 9589 }, // U+01F2
    { 38, 30, 651, 2, 29, 20, 9607 }, // U+01F3
    { 23, 37, 437, 2, 36, 18, 9627 }, // U+01F4
    { 18, 38, 369, 2, 29, 20, 9645 }, // U+01F5
    { 29, 28, 563, 3, 27, 40, 9665 }, // U+01F6
    { 20, 37, 397, 3, 28, 40, 9705 }, // U+01F7
    { 22, 36, 456, 3, 36, 19, 9745 }, // U+01F8
    { 18, 29, 371, 3, 29, 20, 9764 }, // U+01F9
    { 24, 36, 384, 0, 36, 50, 9784 }, // U+01FA
    { 17, 37, 337, 1, 36, 31, 9834 }, // U+01FB
    { 32, 36, 529, -1, 36, 21, 9865 }, // U+01FC
    { 30, 30, 518, 1, 29, 26, 9886 }, // U+01FD
    { 25, 38, 469, 2, 36, 35, 9912 }, // U+01FE
    { 19, 31, 363, 2, 29, 18, 9947 }, // U+01FF
    { 24, 36, 383, 0, 36, 24, 9965 }, // U+0200
    { 17, 30, 337, 1, 29, 23, 9989 }, // U+0201
    { 24, 35, 383, 0, 35, 21, 10012 }, // U+0202
    { 17, 29, 337, 1, 28, 20, 10033 }, // U+0203
    { 16, 36, 334, 3, 36, 20, 10053 }, // U+0204
    { 18, 30, 338, 2, 29, 24, 10073 }, // U+0205
    { 16, 35, 334, 3, 35, 17, 10097 }, // U+0206
    { 18, 29, 338, 2, 28, 18, 10114 }, // U+0207
    { 15, 36, 203, -3, 36, 32, 10132 }, // U+0208
    { 14, 29, 155, -4, 29, 20, 10164 }, // U+0209
    { 13, 35, 203, 0, 35, 17, 10184 }, // U+020A
    { 12, 28, 155, -1, 28, 13, 10201 }, // U+020B
    { 25, 37, 469, 2, 36, 23, 10214 }, // U+020C
    { 19, 30, 363, 2, 29, 22, 10237 }, // U+020D
    { 25, 36, 469, 2, 35, 21, 10259 }, // U+020E
    { 19, 29, 363, 2, 28, 19, 10280 }, // U+020F
    { 20, 36, 373, 3, 36, 23, 10299 }, // U+0210
    { 15, 29, 248, 0, 29, 29, 10322 }, // U+0211
    { 20, 35, 373, 3, 35, 20, 10351 }, // U+0212
    { 12, 28, 248, 3, 28, 14, 10371 }, // U+0213
    { 21, 37, 439, 3, 36, 23, 10385 }, // U+0214
    { 18, 30, 371, 2, 29, 20, 10408 }, // U+0215
    { 21, 36, 439, 3, 35, 18, 10428 }, // U+0216
    { 18, 29, 371, 2, 28, 16, 10446 }, // U+0217
    { 18, 37, 329, 1, 28, 17, 10462 }, // U+0218
    { 16, 30, 287, 1, 21, 18, 10479 }, // U+0219
    { 21, 36, 334, 0, 27, 13, 10497 }, // U+021A
    { 13, 34, 217, 0, 25, 14, 10510 }, // U+021B
    { 19, 35, 345, 1, 28, 46, 10524 }, // U+021C
    { 16, 30, 298, 1, 21, 39, 10570 }, // U+021D
    { 22, 36, 445, 3, 36, 20, 10609 }, // U+021E
    { 23, 37, 371, -2, 37, 23, 10629 }, // U+021F
    { 9, 7, 0, -19, 29, 6, 10652 }, // U+0300
    { 9, 7, 0, -13, 29, 6, 10658 }, // U+0301
    { 14, 7, 0, -7, 29, 12, 10664 }, // U+0302
    { 15, 6, 0, -19, 28, 8, 10676 }, // U+0303
    { 12, 4, 0, -6, 26, 6, 10684 }, // U+0304
    { 16, 4, 0, -8, 32, 7, 10690 }, // U+0305
    { 12, 6, 0, -6, 28, 11, 10697 }, // U+0306
    { 4, 5, 0, -2, 28, 5, 10708 }, // U+0307
    { 12, 5, 0, -6, 28, 7, 10713 }, // U+0308
    { 7, 9, 0, -14, 31, 11, 10720 }, // U+0309
    { 10, 9, 0, -5, 31, 12, 10731 }, // U+030A
    { 14, 7, 0, -5, 29, 12, 10743 }, // U+030B
    { 14, 7, 0, -7, 29, 6, 10755 }, // U+030C
    { 4, 7, 0, -2, 29, 6, 10761 }, // U+030D
    { 10, 7, 0, -5, 29, 11, 10767 }, // U+030E
    { 15, 7, 0, -20, 29, 9, 10778 }, // U+030F
    { 12, 10, 0, -6, 32, 11, 10787 }, // U+0310
    { 12, 6, 0, -6, 28, 5, 10798 }, // U+0311
    { 6, 10, 0, -3, 27, 7, 10803 }, // U+0312
    { 6, 10, 0, -3, 27, 7, 10810 }, // U+0313
    { 6, 10, 0, -3, 27, 9, 10817 }, // U+0314
    { 6, 10, 0, -3, 27, 6, 10826 }, // U+0315
    { 8, 7, 0, -4, -1, 9, 10832 }, // U+0316
    { 8, 7, 0, -4, -1, 7, 10841 }, // U+0317
    { 8, 8, 0, -4, -1, 8, 10848 }, // U+0318
    { 8, 8, 0, -4, -1, 8, 10856 }, // U+0319
    { 11, 10, 188, 0, 29, 9, 10864 }, // U+031A
    { 9, 9, 0, -4, 29, 9, 10873 }, // U+031B
    { 5, 9, 0, -2, 0, 9, 10882 }, // U+031C
    { 8, 7, 0, -4, -1, 8, 10891 }, // U+031D
    { 8, 7, 0, -4, -1, 7, 10899 }, // U+031E
    { 8, 8, 0, -4, -1, 9, 10906 }, // U+031F
    { 10, 3, 0, -5, -3, 6, 10915 }, // U+0320
    { 7, 11, 0, -7, 2, 8, 10921 }, // U+0321
    { 7, 11, 0, 0, 2, 8, 10929 }, // U+0322
    { 5, 5, 0, -14, -2, 6, 10937 }, // U+0323
    { 12, 5, 0, -6, -2, 7, 10943 }, // U+0324
    { 10, 9, 0, -5, 0, 6, 10950 }, // U+0325
    { 6, 7, 0, -3, -2, 6, 10956 }, // U+0326
    { 8, 9, 0, -4, 0, 11, 10962 }, // U+0327
    { 8, 10, 0, -4, 1, 9, 10973 }, // U+0328
    { 4, 7, 0, -2, -1, 4, 10982 }, // U+0329
    { 14, 8, 0, -7, -1, 9, 10986 }, // U+032A
    { 16, 5, 0, -8, -2, 14, 10995 }, // U+032B
    { 14, 7, 0, -7, -1, 6, 11009 }, // U+032C
    { 14, 7, 0, -7, -1, 8, 11015 }, // U+032D
    { 12, 6, 0, -6, -2, 6, 11023 }, // U+032E
    { 12, 6, 0, -6, -2, 5, 11029 }, // U+032F
    { 14, 6, 0, -7, -2, 14, 11034 }, // U+0330
    { 12, 4, 0, -6, -2, 4, 11048 }, // U+0331
    { 18, 3, 0, -9, -3, 6, 11052 }, // U+0332
    { 16, 9, 0, -8, 0, 11, 11058 }, // U+0333
    { 15, 6, 0, -7, 13, 10, 11069 }, // U+0334
    { 16, 4, 0, -8, 13, 5, 11079 }, // U+0335
    { 28, 3, 0, -14, 12, 8, 11084 }, // U+0336
    { 12, 9, 0, -6, 15, 10, 11092 }, // U+0337
    { 16, 32, 0, -8, 29, 20, 11102 }, // U+0338
    { 5, 9, 0, -2, 0, 8, 11122 }, // U+0339
    { 14, 8, 0, -7, -1, 8, 11130 }, // U+033A
    { 16, 8, 0, -8, -1, 12, 11138 }, // U+033B
    { 16, 5, 0, -8, -2, 12, 11150 }, // U+033C
    { 8, 9, 0, -4, 30, 14, 11162 }, // U+033D
    { 6, 12, 0, -3, 33, 13, 11176 }, // U+033E
    { 16, 9, 0, -8, 37, 5, 11189 }, // U+033F
    { 8, 7, 0, -6, 29, 8, 11194 }, // U+0340
    { 9, 7, 0, -2, 29, 5, 11202 }, // U+0341
    { 14, 6, 0, -7, 28, 6, 11207 }, // U+0342
    { 6, 8, 0, -3, 30, 8, 11213 }, // U+0343
    { 14, 8, 0, -6, 30, 15, 11221 }, // U+0344
    { 6, 6, 0, -2, -3, 8, 11236 }, // U+0345
    { 18, 7, 0, -9, 29, 12, 11244 }, // U+0346
    { 16, 9, 0, -8, 0, 5, 11256 }, // U+0347
    { 10, 7, 0, -5, -1, 5, 11261 }, // U+0348
    { 8, 7, 0, -4, -2, 7, 11266 }, // U+0349
    { 14, 8, 0, -7, 29, 11, 11273 }, // U+034A
    { 14, 14, 0, -7, 35, 17, 11284 }, // U+034B
    { 14, 11, 0, -7, 33, 24, 11301 }, // U+034C
    { 14, 8, 0, -7, -1, 14, 11325 }, // U+034D
    { 8, 9, 0, -4, 0, 8, 11339 }, // U+034E
    { 28, 27, 0, -14, 27, 89, 11347 }, // U+034F
    { 7, 8, 0, -4, 30, 13, 11436 }, // U+0350
    { 5, 9, 0, -2, 31, 9, 11449 }, // U+0351
    { 12, 10, 0, -6, 32, 16, 11458 }, // U+0352
    { 8, 8, 0, -4, -1, 11, 11474 }, // U+0353
    { 7, 8, 0, -4, -1, 11, 11485 }, // U+0354
    { 7, 8, 0, -4, -1, 9, 11496 }, // U+0355
    { 15, 8, 0, -7, -1, 22, 11505 }, // U+0356
    { 5, 9, 0, -2, 31, 8, 11527 }, // U+0357
    { 5, 5, 0, 4, 28, 5, 11535 }, // U+0358
    { 8, 8, 0, -4, -1, 15, 11540 }, // U+0359
    { 16, 8, 0, -8, -1, 20, 11555 }, // U+035A
    { 8, 8, 0, -4, 30, 9, 11575 }, // U+035B
    { 30, 8, 0, -15, -1, 21, 11584 }, // U+035C
    { 30, 8, 0, -15, 30, 8, 11605 }, // U+035D
    { 24, 3, 0, -12, 26, 9, 11613 }, // U+035E
    { 24, 3, 0, -12, -2, 5, 11622 }, // U+035F
    { 30, 6, 0, -15, 28, 19, 11627 }, // U+0360
    { 30, 8, 0, -15, 32, 21, 11646 }, // U+0361
    { 30, 8, 0, -14, -1, 15, 11667 }, // U+0362
    { 8, 9, 0, -4, 32, 17, 11682 }, // U+0363
    { 9, 9, 0, -4, 32, 20, 11699 }, // U+0364
    { 3, 12, 0, -1, 35, 8, 11719 }, // U+0365
    { 9, 9, 0, -4, 32, 14, 11727 }, // U+0366
    { 9, 9, 0, -4, 32, 13, 11741 }, // U+0367
    { 7, 9, 0, -3, 32, 11, 11754 }, // U+0368
    { 9, 12, 0, -4, 35, 20, 11765 }, // U+0369
    { 9, 12, 0, -4, 35, 15, 11785 }, // U+036A
    { 14, 9, 0, -7, 32, 19, 11800 }, // U+036B
    { 6, 9, 0, -2, 32, 7, 11819 }, // U+036C
    { 7, 11, 0, -3, 34, 12, 11826 }, // U+036D
    { 9, 9, 0, -4, 32, 12, 11838 }, // U+036E
    { 9, 9, 0, -4, 32, 16, 11850 }, // U+036F
    { 16, 36, 334, 3, 36, 15, 11866 }, // U+0400
    { 16, 34, 334, 3, 34, 15, 11881 }, // U+0401
    { 25, 28, 430, 0, 27, 34, 11896 }, // U+0402
    { 16, 36, 305, 3, 36, 18, 11930 }, // U+0403
    { 21, 29, 383, 2, 28, 25, 11948 }, // U+0404
    { 18, 29, 329, 1, 28, 11, 11973 }, // U+0405
    { 5, 27, 170, 3, 27, 13, 11984 }, // U+0406
    { 9, 34, 170, 1, 34, 22, 11997 }, // U+0407
    { 10, 35, 164, -3, 27, 7, 12019 }, // U+0408
    { 36, 28, 606, 0, 27, 42, 12026 }, // U+0409
    { 34, 27, 616, 3, 27, 43, 12068 }, // U+040A
    { 25, 27, 429, 0, 27, 18, 12111 }, // U+040B
    { 21, 36, 375, 3, 36, 38, 12129 }, // U+040C
    { 22, 36, 454, 3, 36, 43, 12167 }, // U+040D
    { 24, 35, 370, 0, 34, 46, 12210 }, // U+040E
    { 21, 33, 439, 3, 27, 30, 12256 }, // U+040F
    { 24, 27, 383, 0, 27, 13, 12286 }, // U+0410
    { 19, 27, 368, 3, 27, 31, 12299 }, // U+0411
    { 20, 27, 390, 3, 27, 14, 12330 }, // U+0412
    { 16, 27, 305, 3, 27, 10, 12344 }, // U+0413
    { 27, 33, 437, 0, 27, 39, 12354 }, // U+0414
    { 16, 27, 334, 3, 27, 7, 12393 }, // U+0415
    { 34, 27, 543, 0, 27, 61, 12400 }, // U+0416
    { 19, 29, 346, 1, 28, 34, 12461 }, // U+0417
    { 22, 27, 454, 3, 27, 33, 12495 }, // U+0418
    { 22, 34, 454, 3, 34, 20, 12528 }, // U+0419
    { 21, 27, 375, 3, 27, 31, 12548 }, // U+041A
    { 23, 28, 419, 0, 27, 27, 12579 }, // U+041B
    { 28, 27, 544, 3, 27, 16, 12606 }, // U+041C
    { 22, 27, 446, 3, 27, 15, 12622 }, // U+041D
    { 25, 29, 457, 2, 28, 37, 12637 }, // U+041E
    { 21, 27, 440, 3, 27, 25, 12674 }, // U+041F
    { 18, 27, 363, 3, 27, 9, 12699 }, // U+0420
    { 21, 29, 384, 2, 28, 20, 12708 }, // U+0421
    { 21, 27, 334, 0, 27, 8, 12728 }, // U+0422
    { 24, 28, 370, 0, 27, 14, 12736 }, // U+0423
    { 28, 29, 490, 1, 28, 51, 12750 }, // U+0424
    { 22, 27, 353, 0, 27, 20, 12801 }, // U+0425
    { 25, 33, 444, 3, 27, 31, 12821 }, // U+0426
    { 20, 27, 404, 2, 27, 25, 12852 }, // U+0427
    { 33, 27, 621, 3, 27, 34, 12877 }, // U+0428
    { 36, 33, 616, 3, 27, 43, 12911 }, // U+0429
    { 24, 27, 411, 0, 27, 31, 12954 }, // U+042A
    { 26, 27, 509, 3, 27, 35, 12985 }, // U+042B
    { 18, 27, 364, 3, 27, 25, 13020 }, // U+042C
    { 22, 29, 388, 1, 28, 38, 13045 }, // U+042D
    { 33, 29, 599, 3, 28, 55, 13083 }, // U+042E
    { 20, 27, 383, 1, 27, 34, 13138 }, // U+042F
    { 17, 22, 334, 1, 21, 26, 13172 }, // U+0430
    { 20, 30, 358, 1, 29, 43, 13198 }, // U+0431
    { 17, 21, 338, 3, 21, 31, 13241 }, // U+0432
    { 13, 21, 263, 3, 21, 11, 13272 }, // U+0433
    { 23, 27, 364, 0, 21, 34, 13283 }, // U+0434
    { 18, 22, 331, 1, 21, 34, 13317 }, // U+0435
    { 29, 21, 455, 0, 21, 45, 13351 }, // U+0436
    { 16, 22, 293, 1, 21, 32, 13396 }, // U+0437
    { 18, 21, 373, 3, 21, 23, 13428 }, // U+0438
    { 18, 28, 373, 3, 28, 33, 13451 }, // U+0439
    { 17, 21, 319, 3, 21, 24, 13484 }, // U+043A
    { 19, 22, 352, 0, 21, 22, 13508 }, // U+043B
    { 23, 21, 461, 3, 21, 40, 13530 }, // U+043C
    { 17, 21, 368, 3, 21, 22, 13570 }, // U+043D
    { 20, 22, 356, 1, 21, 30, 13592 }, // U+043E
    { 17, 21, 364, 3, 21, 18, 13622 }, // U+043F
    { 18, 30, 365, 3, 21, 12, 13640 }, // U+0440
    { 16, 22, 296, 1, 21, 23, 13652 }, // U+0441
    { 17, 21, 279, 0, 21, 15, 13675 }, // U+0442
    { 20, 30, 305, 0, 21, 20, 13690 }, // U+0443
    { 25, 38, 442, 1, 29, 56, 13710 }, // U+0444
    { 19, 21, 307, 0, 21, 30, 13766 }, // U+0445
    { 20, 27, 367, 3, 21, 25, 13796 }, // U+0446
    { 17, 21, 353, 2, 21, 22, 13821 }, // U+0447
    { 28, 21, 536, 3, 21, 25, 13843 }, // U+0448
    { 31, 27, 538, 3, 21, 31, 13868 }, // U+0449
    { 22, 21, 374, 0, 21, 27, 13899 }, // U+044A
    { 23, 21, 455, 3, 21, 29, 13926 }, // U+044B
    { 16, 21, 327, 3, 21, 23, 13955 }, // U+044C
    { 16, 22, 296, 1, 21, 28, 13978 }, // U+044D
    { 26, 22, 479, 3, 21, 41, 14006 }, // U+044E
    { 18, 21, 346, 1, 21, 28, 14047 }, // U+044F
    { 18, 30, 331, 1, 29, 41, 14075 }, // U+0450
    { 18, 29, 331, 1, 28, 17, 14116 }, // U+0451
    { 21, 38, 371, 0, 29, 42, 14133 }, // U+0452
    { 13, 29, 263, 3, 29, 14, 14175 }, // U+0453
    { 16, 22, 296, 1, 21, 16, 14189 }, // U+0454
    { 15, 22, 281, 1, 21, 31, 14205 }, // U+0455
    { 5, 28, 155, 2, 28, 6, 14236 }, // U+0456
    { 9, 28, 155, 0, 28, 18, 14242 }, // U+0457
    { 10, 37, 155, -3, 28, 8, 14260 }, // U+0458
    { 31, 22, 515, 0, 21, 34, 14268 }, // U+0459
    { 29, 21, 534, 3, 21, 34, 14302 }, // U+045A
    { 21, 29, 373, 0, 29, 17, 14336 }, // U+045B
    { 17, 29, 319, 3, 29, 30, 14353 }, // U+045C
    { 18, 29, 373, 3, 29, 16, 14383 }, // U+045D
    { 20, 37, 305, 0, 28, 29, 14399 }, // U+045E
    { 17, 27, 364, 3, 21, 16, 14428 }, // U+045F
    { 34, 28, 551, 0, 27, 60, 14444 }, // U+0460
    { 29, 21, 473, 0, 21, 44, 14504 }, // U+0461
    { 24, 27, 405, 0, 27, 35, 14548 }, // U+0462
    { 22, 25, 380, 0, 25, 33, 14583 }, // U+0463
    { 31, 29, 553, 3, 28, 50, 14616 }, // U+0464
    { 24, 22, 445, 3, 21, 39, 14666 }, // U+0465
    { 26, 27, 410, 0, 27, 47, 14705 }, // U+0466
    { 22, 21, 343, 0, 21, 35, 14752 }, // U+0467
    { 32, 27, 557, 3, 27, 65, 14787 }, // U+0468
    { 27, 21, 468, 3, 21, 44, 14852 }, // U+0469
    { 27, 27, 437, 0, 27, 51, 14896 }, // U+046A
    { 24, 21, 384, 0, 21, 44, 14947 }, // U+046B
    { 34, 27, 590, 3, 27, 67, 14991 }, // U+046C
    { 29, 21, 509, 3, 21, 54, 15058 }, // U+046D
    { 19, 41, 352, 1, 32, 62, 15112 }, // U+046E
    { 17, 33, 294, 0, 25, 51, 15174 }, // U+046F
    { 25, 27, 482, 3, 27, 40, 15225 }, // U+0470
    { 24, 38, 457, 2, 29, 45, 15265 }, // U+0471
    { 25, 29, 469, 2, 28, 18, 15310 }, // U+0472
    { 19, 22, 363, 2, 21, 17, 15328 }, // U+0473
    { 25, 27, 381, 0, 27, 37, 15345 }, // U+0474
    { 21, 21, 310, 0, 21, 29, 15382 }, // U+0475
    { 25, 36, 381, 0, 36, 51, 15411 }, // U+0476
    { 21, 29, 310, 0, 29, 42, 15462 }, // U+0477
    { 44, 37, 732, 2, 28, 74, 15504 }, // U+0478
    { 40, 30, 657, 2, 21, 66, 15578 }, // U+0479
    { 27, 32, 493, 2, 29, 49, 15644 }, // U+047A
    { 21, 25, 395, 2, 23, 36, 15693 }, // U+047B
    { 35, 40, 616, 2, 39, 81, 15729 }, // U+047C
    { 30, 35, 542, 2, 34, 68, 15810 }, // U+047D
    { 34, 35, 551, 0, 34, 27, 15878 }, // U+047E
    { 29, 27, 473, 0, 27, 23, 15905 }, // U+047F
    { 22, 37, 386, 2, 28, 33, 15928 }, // U+0480
    { 16, 30, 295, 2, 21, 26, 15961 }, // U+0481
    { 20, 25, 365, 1, 24, 40, 15987 }, // U+0482
    { 15, 6, 0, -18, 27, 8, 16027 }, // U+0483
    { 15, 6, 0, -18, 28, 12, 16035 }, // U+0484
    { 5, 8, 0, -13, 30, 9, 16047 }, // U+0485
    { 5, 8, 0, -13, 30, 7, 16056 }, // U+0486
    { 14, 6, 0, -7, 34, 12, 16063 }, // U+0487
    { 44, 40, 0, -22, 30, 71, 16075 }, // U+0488
    { 42, 42, 0, -21, 31, 63, 16146 }, // U+0489
    { 26, 43, 471, 3, 35, 54, 16209 }, // U+048A
    { 22, 36, 395, 3, 29, 44, 16263 }, // U+048B
    { 22, 27, 369, 0, 27, 37, 16307 }, // U+048C
    { 21, 29, 356, 0, 29, 33, 16344 }, // U+048D
    { 19, 27, 368, 3, 27, 37, 16377 }, // U+048E
    { 18, 30, 369, 3, 21, 22, 16414 }, // U+048F
    { 17, 33, 319, 3, 33, 17, 16436 }, // U+0490
    { 13, 26, 262, 3, 26, 15, 16453 }, // U+0491
    { 20, 27, 318, 0, 27, 24, 16468 }, // U+0492
    { 16, 21, 260, 0, 21, 21, 16492 }, // U+0493
    { 21, 37, 391, 3, 27, 39, 16513 }, // U+0494
    { 16, 31, 320, 3, 21, 32, 16552 }, // U+0495
    { 34, 35, 542, 0, 27, 64, 16584 }, // U+0496
    { 30, 28, 478, 0, 21, 53, 16648 }, // U+0497
    { 19, 37, 346, 1, 28, 21, 16701 }, // U+0498
    { 16, 30, 293, 1, 21, 20, 16722 }, // U+0499
    { 22, 35, 402, 3, 27, 40, 16742 }, // U+049A
    { 18, 28, 334, 3, 21, 30, 16782 }, // U+049B
    { 21, 27, 375, 3, 27, 34, 16812 }, // U+049C
    { 17, 21, 317, 3, 21, 31, 16846 }, // U+049D
    { 24, 27, 375, 0, 27, 43, 16877 }, // U+049E
    { 20, 29, 320, 0, 29, 38, 16920 }, // U+049F
    { 26, 27, 416, 0, 27, 38, 16958 }, // U+04A0
    { 24, 21, 374, 0, 21, 31, 16996 }, // U+04A1
    { 25, 35, 453, 3, 27, 30, 17027 }, // U+04A2
    { 21, 28, 394, 3, 21, 29, 17057 }, // U+04A3
    { 28, 27, 489, 3, 27, 33, 17086 }, // U+04A4
    { 25, 21, 443, 3, 21, 26, 17119 }, // U+04A5
    { 36, 37, 634, 3, 27, 50, 17145 }, // U+04A6
    { 29, 31, 518, 3, 21, 41, 17195 }, // U+04A7
    { 26, 30, 467, 2, 28, 54, 17236 }, // U+04A8
    { 21, 23, 385, 2, 21, 43, 17290 }, // U+04A9
    { 21, 37, 379, 2, 28, 20, 17333 }, // U+04AA
    { 15, 30, 288, 2, 21, 16, 17353 }, // U+04AB
    { 21, 35, 334, 0, 27, 14, 17369 }, // U+04AC
    { 18, 28, 285, 0, 21, 20, 17383 }, // U+04AD
    { 22, 27, 340, 0, 27, 12, 17403 }, // U+04AE
    { 20, 30, 305, 0, 21, 28, 17415 }, // U+04AF
    { 22, 27, 340, 0, 27, 19, 17443 }, // U+04B0
    { 20, 30, 305, 0, 21, 20, 17462 }, // U+04B1
    { 24, 35, 379, 0, 27, 43, 17482 }, // U+04B2
    { 21, 28, 331, 0, 21, 34, 17525 }, // U+04B3
    { 32, 35, 517, 0, 27, 38, 17559 }, // U+04B4
    { 27, 28, 434, 0, 21, 30, 17597 }, // U+04B5
    { 23, 35, 422, 3, 27, 34, 17627 }, // U+04B6
    { 21, 28, 373, 2, 21, 29, 17661 }, // U+04B7
    { 20, 27, 419, 3, 27, 34, 17690 }, // U+04B8
    { 18, 21, 364, 2, 21, 29, 17724 }, // U+04B9
    { 21, 27, 419, 3, 27, 28, 17753 }, // U+04BA
    { 18, 29, 371, 3, 29, 9, 17781 }, // U+04BB
    { 29, 29, 509, 1, 28, 48, 17790 }, // U+04BC
    { 24, 22, 399, 0, 21, 40, 17838 }, // U+04BD
    { 29, 36, 509, 1, 28, 21, 17878 }, // U+04BE
    { 24, 28, 399, 0, 21, 20, 17899 }, // U+04BF
    { 11, 27, 203, 1, 27, 7, 17919 }, // U+04C0
    { 34, 34, 543, 0, 34, 27, 17926 }, // U+04C1
    { 29, 28, 455, 0, 28, 23, 17953 }, // U+04C2
    { 22, 37, 418, 3, 27, 47, 17976 }, // U+04C3
    { 17, 31, 336, 3, 21, 36, 18023 }, // U+04C4
    { 27, 35, 431, 0, 27, 37, 18059 }, // U+04C5
    { 22, 28, 352, 0, 21, 28, 18096 }, // U+04C6
    { 22, 37, 439, 3, 27, 20, 18124 }, // U+04C7
    { 18, 31, 373, 3, 21, 31, 18144 }, // U+04C8
    { 25, 35, 454, 3, 27, 19, 18175 }, // U+04C9
    { 22, 28, 397, 3, 21, 30, 18194 }, // U+04CA
    { 20, 35, 419, 3, 27, 25, 18224 }, // U+04CB
    { 18, 28, 368, 2, 21, 29, 18249 }, // U+04CC
    { 32, 35, 550, 3, 27, 65, 18278 }, // U+04CD
    { 26, 28, 453, 3, 21, 42, 18343 }, // U+04CE
    { 11, 27, 203, 1, 27, 7, 18385 }, // U+04CF
    { 24, 34, 383, 0, 34, 22, 18392 }, // U+04D0
    { 17, 29, 337, 1, 28, 21, 18414 }, // U+04D1
    { 24, 35, 383, 0, 35, 21, 18435 }, // U+04D2
    { 17, 29, 337, 1, 28, 16, 18456 }, // U+04D3
    { 32, 27, 529, -1, 27, 13, 18472 }, // U+04D4
    { 30, 22, 518, 1, 21, 18, 18485 }, // U+04D5
    { 16, 34, 334, 3, 34, 15, 18503 }, // U+04D6
    { 18, 29, 338, 2, 28, 19, 18518 }, // U+04D7
    { 24, 29, 443, 2, 28, 43, 18537 }, // U+04D8
    { 19, 22, 338, 1, 21, 11, 18580 }, // U+04D9
    { 24, 36, 443, 2, 35, 21, 18591 }, // U+04DA
    { 19, 29, 338, 1, 28, 19, 18612 }, // U+04DB
    { 34, 35, 543, 0, 35, 28, 18631 }, // U+04DC
    { 29, 28, 455, 0, 28, 23, 18659 }, // U+04DD
    { 19, 36, 346, 1, 35, 20, 18682 }, // U+04DE
    { 16, 29, 293, 1, 28, 18, 18702 }, // U+04DF
    { 19, 28, 350, 1, 27, 34, 18720 }, // U+04E0
    { 18, 30, 299, 0, 21, 12, 18754 }, // U+04E1
    { 22, 33, 454, 3, 33, 16, 18766 }, // U+04E2
    { 18, 26, 373, 3, 26, 13, 18782 }, // U+04E3
    { 22, 35, 454, 3, 35, 21, 18795 }, // U+04E4
    { 18, 28, 373, 3, 28, 18, 18816 }, // U+04E5
    { 25, 36, 469, 2, 35, 16, 18834 }, // U+04E6
    { 19, 29, 363, 2, 28, 15, 18850 }, // U+04E7
    { 25, 29, 469, 2, 28, 14, 18865 }, // U+04E8
    { 19, 22, 363, 2, 21, 11, 18879 }, // U+04E9
    { 25, 35, 469, 2, 34, 22, 18890 }, // U+04EA
    { 19, 29, 363, 2, 28, 18, 18912 }, // U+04EB
    { 22, 36, 388, 1, 35, 20, 18930 }, // U+04EC
    { 16, 29, 296, 1, 28, 17, 18950 }, // U+04ED
    { 24, 34, 370, 0, 33, 18, 18967 }, // U+04EE
    { 20, 35, 305, 0, 26, 24, 18985 }, // U+04EF
    { 24, 36, 370, 0, 35, 24, 19009 }, // U+04F0
    { 20, 37, 305, 0, 28, 28, 19033 }, // U+04F1
    { 24, 37, 370, 0, 36, 25, 19061 }, // U+04F2
    { 20, 38, 306, 0, 29, 26, 19086 }, // U+04F3
    { 20, 35, 404, 2, 35, 28, 19112 }, // U+04F4
    { 17, 28, 353, 2, 28, 15, 19140 }, // U+04F5
    { 17, 35, 318, 3, 27, 11, 19155 }, // U+04F6
    { 13, 28, 260, 3, 21, 13, 19166 }, // U+04F7
    { 26, 35, 509, 3, 35, 35, 19179 }, // U+04F8
    { 23, 28, 455, 3, 28, 17, 19214 }, // U+04F9
    { 20, 35, 318, 0, 27, 16, 19231 }, // U+04FA
    { 16, 29, 260, 0, 21, 17, 19247 }, // U+04FB
    { 23, 35, 379, 0, 27, 47, 19264 }, // U+04FC
    { 21, 29, 330, 0, 21, 19, 19311 }, // U+04FD
    { 22, 27, 352, 0, 27, 25, 19330 }, // U+04FE
    { 20, 21, 317, 0, 21, 18, 19355 }, // U+04FF
    { 24, 34, 383, 0, 27, 19, 19373 }, // U+1EA0
    { 17, 28, 337, 1, 21, 18, 19392 }, // U+1EA1
    { 24, 38, 383, 0, 38, 24, 19410 }, // U+1EA2
    { 17, 32, 337, 1, 31, 23, 19434 }, // U+1EA3
    { 24, 37, 383, 0, 37, 28, 19457 }, // U+1EA4
    { 20, 32, 337, 1, 31, 52, 19485 }, // U+1EA5
    { 24, 37, 383, 0, 37, 23, 19537 }, // U+1EA6
    { 18, 32, 337, 0, 31, 51, 19560 }, // U+1EA7
    { 24, 39, 383, 0, 39, 28, 19611 }, // U+1EA8
    { 19, 34, 337, 1, 33, 56, 19639 }, // U+1EA9
    { 24, 40, 383, 0, 40, 27, 19695 }, // U+1EAA
    { 17, 35, 337, 1, 34, 30, 19722 }, // U+1EAB
    { 24, 43, 383, 0, 36, 24, 19752 }, // U+1EAC
    { 17, 36, 337, 1, 29, 27, 19776 }, // U+1EAD
    { 24, 38, 383, 0, 38, 22, 19803 }, // U+1EAE
    { 17, 33, 337, 1, 32, 24, 19825 }, // U+1EAF
    { 24, 38, 383, 0, 38, 22, 19849 }, // U+1EB0
    { 17, 33, 337, 1, 32, 23, 19871 }, // U+1EB1
    { 24, 40, 383, 0, 40, 25, 19894 }, // U+1EB2
    { 17, 34, 337, 1, 33, 27, 19919 }, // U+1EB3
    { 24, 40, 383, 0, 40, 29, 19946 }, // U+1EB4
    { 17, 35, 337, 1, 34, 29, 19975 }, // U+1EB5
    { 24, 42, 383, 0, 35, 29, 20004 }, // U+1EB6
    { 17, 35, 337, 1, 28, 23, 20033 }, // U+1EB7
    { 16, 34, 334, 3, 27, 13, 20056 }, // U+1EB8
    { 18, 28, 338, 2, 21, 16, 20069 }, // U+1EB9
    { 16, 38, 334, 3, 38, 22, 20085 }, // U+1EBA
    { 18, 32, 338, 2, 31, 21, 20107 }, // U+1EBB
    { 16, 35, 334, 3, 35, 21, 20128 }, // U+1EBC
    { 18, 29, 338, 2, 28, 22, 20149 }, // U+1EBD
    { 18, 37, 334, 3, 37, 37, 20171 }, // U+1EBE
    { 19, 32, 338, 2, 31, 46, 20208 }, // U+1EBF
    { 18, 37, 334, 1, 37, 37, 20254 }, // U+1EC0
    { 19, 32, 338, 1, 31, 49, 20291 }, // U+1EC1
    { 17, 39, 334, 3, 39, 33, 20340 }, // U+1EC2
    { 18, 34, 338, 2, 33, 26, 20373 }, // U+1EC3
    { 16, 40, 334, 3, 40, 30, 20399 }, // U+1EC4
    { 18, 35, 338, 2, 34, 29, 20429 }, // U+1EC5
    { 16, 43, 334, 3, 36, 25, 20458 }, // U+1EC6
    { 18, 36, 338, 2, 29, 20, 20483 }, // U+1EC7
    { 11, 37, 203, 1, 37, 16, 20503 }, // U+1EC8
    { 8, 31, 155, 2, 31, 19, 20519 }, // U+1EC9
    { 11, 34, 203, 1, 27, 12, 20538 }, // U+1ECA
    { 5, 35, 155, 2, 28, 12, 20550 }, // U+1ECB
    { 25, 35, 469, 2, 28, 19, 20562 }, // U+1ECC
    { 19, 28, 363, 2, 21, 16, 20581 }, // U+1ECD
    { 25, 38, 469, 2, 37, 21, 20597 }, // U+1ECE
    { 19, 32, 363, 2, 31, 20, 20618 }, // U+1ECF
    { 25, 38, 469, 2, 37, 25, 20638 }, // U+1ED0
    { 20, 32, 363, 2, 31, 47, 20663 }, // U+1ED1
    { 25, 38, 469, 2, 37, 22, 20710 }, // U+1ED2
    { 20, 32, 363, 1, 31, 46, 20732 }, // U+1ED3
    { 25, 40, 469, 2, 39, 23, 20778 }, // U+1ED4
    { 19, 34, 363, 2, 33, 27, 20801 }, // U+1ED5
    { 25, 41, 469, 2, 40, 26, 20828 }, // U+1ED6
    { 19, 35, 363, 2, 34, 30, 20854 }, // U+1ED7
    { 25, 43, 469, 2, 36, 22, 20884 }, // U+1ED8
    { 19, 36, 363, 2, 29, 25, 20906 }, // U+1ED9
    { 29, 37, 470, 2, 36, 20, 20931 }, // U+1EDA
    { 23, 30, 370, 2, 29, 17, 20951 }, // U+1EDB
    { 29, 37, 470, 2, 36, 19, 20968 }, // U+1EDC
    { 23, 30, 370, 2, 29, 17, 20987 }, // U+1EDD
    { 29, 39, 470, 2, 38, 25, 21004 }, // U+1EDE
    { 23, 32, 370, 2, 31, 21, 21029 }, // U+1EDF
    { 29, 36, 470, 2, 35, 26, 21050 }, // U+1EE0
    { 23, 29, 370, 2, 28, 23, 21076 }, // U+1EE1
    { 29, 36, 470, 2, 29, 21, 21099 }, // U+1EE2
    { 23, 31, 370, 2, 24, 18, 21120 }, // U+1EE3
    { 21, 34, 439, 3, 27, 16, 21138 }, // U+1EE4
    { 18, 28, 371, 2, 21, 15, 21154 }, // U+1EE5
    { 21, 38, 439, 3, 37, 20, 21169 }, // U+1EE6
    { 18, 32, 371, 2, 31, 21, 21189 }, // U+1EE7
    { 28, 37, 468, 3, 36, 17, 21210 }, // U+1EE8
    { 25, 30, 404, 2, 29, 16, 21227 }, // U+1EE9
    { 28, 37, 468, 3, 36, 17, 21243 }, // U+1EEA
    { 25, 30, 404, 2, 29, 17, 21260 }, // U+1EEB
    { 28, 38, 468, 3, 37, 22, 21277 }, // U+1EEC
    { 25, 32, 404, 2, 31, 21, 21299 }, // U+1EED
    { 28, 36, 468, 3, 35, 23, 21320 }, // U+1EEE
    { 25, 29, 404, 2, 28, 24, 21343 }, // U+1EEF
    { 28, 36, 468, 3, 29, 18, 21367 }, // U+1EF0
    { 25, 31, 404, 2, 24, 17, 21385 }, // U+1EF1
    { 22, 36, 340, 0, 36, 18, 21402 }, // U+1EF2
    { 20, 38, 306, 0, 29, 19, 21420 }, // U+1EF3
    { 22, 34, 340, 0, 27, 17, 21439 }, // U+1EF4
    { 20, 30, 306, 0, 21, 18, 21456 }, // U+1EF5
    { 22, 37, 340, 0, 37, 20, 21474 }, // U+1EF6
    { 20, 40, 306, 0, 31, 24, 21494 }, // U+1EF7
    { 22, 35, 340, 0, 35, 24, 21518 }, // U+1EF8
    { 20, 37, 306, 0, 28, 25, 21542 }, // U+1EF9
    { 0, 0, 300, 0, 0, 0, 21567 }, // U+2000
    { 0, 0, 600, 0, 0, 0, 21567 }, // U+2001
    { 0, 0, 300, 0, 0, 0, 21567 }, // U+2002
    { 0, 0, 600, 0, 0, 0, 21567 }, // U+2003
    { 0, 0, 200, 0, 0, 0, 21567 }, // U+2004
    { 0, 0, 150, 0, 0, 0, 21567 }, // U+2005
    { 0, 0, 100, 0, 0, 0, 21567 }, // U+2006
    { 0, 0, 343, 0, 0, 0, 21567 }, // U+2007
    { 0, 0, 161, 0, 0, 0, 21567 }, // U+2008
    { 0, 0, 100, 0, 0, 0, 21567 }, // U+2009
    { 0, 0, 60, 0, 0, 0, 21567 }, // U+200A
    { 0, 0, 0, 0, 0, 0, 21567 }, // U+200B
    { 0, 0, 0, 0, 0, 0, 21567 }, // U+200C
    { 0, 0, 0, 0, 0, 0, 21567 }, // U+200D
    { 9, 31, 0, -1, 26, 16, 21567 }, // U+200E
    { 9, 31, 0, -8, 26, 18, 21583 }, // U+200F
    { 10, 4, 193, 1, 12, 4, 21601 }, // U+2010
    { 10, 4, 193, 1, 12, 4, 21605 }, // U+2011
    { 19, 3, 343, 1, 15, 6, 21609 }, // U+2012
    { 17, 4, 300, 1, 12, 8, 21615 }, // U+2013
    { 35, 4, 600, 1, 12, 11, 21623 }, // U+2014
    { 35, 4, 600, 1, 12, 4, 21634 }, // U+2015
    { 12, 39, 331, 4, 29, 23, 21638 }, // U+2016
    { 17, 9, 247, -1, 0, 11, 21661 }, // U+2017
    { 7, 10, 105, 0, 27, 8, 21672 }, // U+2018
    { 7, 10, 105, 0, 27, 7, 21680 }, // U+2019
    { 6, 10, 150, 1, 5, 5, 21687 }, // U+201A
    { 7, 10, 105, 0, 27, 9, 21692 }, // U+201B
    { 14, 10, 215, 0, 27, 16, 21701 }, // U+201C
    { 14, 10, 215, 0, 27, 14, 21717 }, // U+201D
    { 13, 10, 250, 1, 5, 13, 21731 }, // U+201E
    { 14, 10, 215, 0, 27, 16, 21744 }, // U+201F
    { 15, 29, 307, 2, 29, 23, 21760 }, // U+2020
    { 15, 29, 307, 2, 29, 33, 21783 }, // U+2021
    { 10, 10, 226, 2, 19, 10, 21816 }, // U+2022
    { 11, 12, 221, 2, 20, 13, 21826 }, // U+2023
    { 5, 6, 300, 7, 5, 7, 21839 }, // U+2024
    { 16, 6, 322, 2, 5, 11, 21846 }, // U+2025
    { 25, 6, 475, 2, 5, 16, 21857 }, // U+2026
    { 6, 6, 161, 2, 12, 5, 21873 }, // U+2027
    { 0, 0, 360, 0, 0, 0, 21878 }, // U+2028
    { 0, 0, 360, 0, 0, 0, 21878 }, // U+2029
    { 9, 28, 0, -1, 23, 9, 21878 }, // U+202A
    { 9, 28, 0, -8, 23, 8, 21887 }, // U+202B
    { 10, 31, 0, -5, 26, 14, 21895 }, // U+202C
    { 10, 31, 0, -5, 26, 16, 21909 }, // U+202D
    { 10, 31, 0, -5, 26, 13, 21925 }, // U+202E
    { 0, 0, 100, 0, 0, 0, 21938 }, // U+202F
    { 42, 29, 706, 1, 28, 81, 21938 }, // U+2030
    { 56, 29, 926, 1, 28, 101, 22019 }, // U+2031
    { 9, 10, 139, 1, 27, 8, 22120 }, // U+2032
    { 16, 10, 245, 1, 27, 15, 22128 }, // U+2033
    { 22, 10, 350, 1, 27, 23, 22143 }, // U+2034
    { 9, 10, 139, -1, 27, 10, 22166 }, // U+2035
    { 15, 10, 264, -1, 27, 19, 22176 }, // U+2036
    { 21, 10, 361, -1, 27, 27, 22195 }, // U+2037
    { 15, 13, 239, 0, 4, 16, 22222 }, // U+2038
    { 10, 16, 186, 1, 18, 14, 22238 }, // U+2039
    { 10, 16, 186, 1, 18, 16, 22252 }, // U+203A
    { 29, 29, 502, 1, 28, 66, 22268 }, // U+203B
    { 14, 28, 299, 2, 27, 31, 22334 }, // U+203C
    { 16, 29, 266, 0, 28, 27, 22365 }, // U+203D
    { 20, 3, 300, -1, 31, 4, 22392 }, // U+203E
    { 22, 8, 365, 0, -1, 17, 22396 }, // U+203F
    { 22, 9, 365, 0, 30, 17, 22413 }, // U+2040
    { 14, 25, 224, 0, 16, 22, 22430 }, // U+2041
    { 42, 35, 671, 0, 29, 94, 22452 }, // U+2042
    { 10, 4, 193, 1, 12, 4, 22546 }, // U+2043
    { 20, 27, 78, -8, 27, 20, 22550 }, // U+2044
    { 10, 33, 194, 2, 27, 17, 22570 }, // U+2045
    { 10, 33, 194, 0, 27, 9, 22587 }, // U+2046
    { 32, 29, 513, 0, 28, 48, 22596 }, // U+2047
    { 23, 29, 407, 0, 28, 41, 22644 }, // U+2048
    { 23, 29, 409, 2, 28, 41, 22685 }, // U+2049
    { 19, 21, 343, 1, 21, 19, 22726 }, // U+204A
    { 20, 34, 393, 3, 29, 38, 22745 }, // U+204B
    { 19, 20, 383, 2, 21, 17, 22783 }, // U+204C
    { 19, 20, 383, 3, 21, 26, 22800 }, // U+204D
    { 19, 18, 331, 1, 10, 13, 22826 }, // U+204E
    { 7, 26, 142, 1, 21, 14, 22839 }, // U+204F
    { 22, 39, 363, 0, 30, 25, 22853 }, // U+2050
    { 19, 37, 331, 1, 29, 47, 22878 }, // U+2051
    { 14, 29, 223, 0, 28, 29, 22925 }, // U+2052
    { 33, 6, 600, 2, 14, 23, 22954 }, // U+2053
    { 22, 9, 363, 0, 0, 18, 22977 }, // U+2054
    { 20, 20, 343, 1, 19, 39, 22995 }, // U+2055
    { 17, 29, 310, 1, 28, 17, 23034 }, // U+2056
    { 28, 10, 445, 1, 27, 29, 23051 }, // U+2057
    { 28, 29, 493, 1, 28, 23, 23080 }, // U+2058
    { 29, 29, 497, 1, 28, 29, 23103 }, // U+2059
    { 6, 29, 133, 1, 28, 10, 23132 }, // U+205A
    { 22, 30, 392, 1, 29, 23, 23142 }, // U+205B
    { 28, 29, 478, 1, 28, 47, 23165 }, // U+205C
    { 6, 28, 161, 2, 27, 17, 23212 }, // U+205D
    { 6, 29, 161, 2, 28, 23, 23229 }, // U+205E
    { 0, 0, 133, 0, 0, 0, 23252 }, // U+205F
    { 0, 0, 360, 0, 0, 0, 23252 }, // U+2060
    { 0, 0, 360, 0, 0, 0, 23252 }, // U+2061
    { 0, 0, 360, 0, 0, 0, 23252 }, // U+2062
    { 0, 0, 360, 0, 0, 0, 23252 }, // U+2063
    { 0, 0, 360, 0, 0, 0, 23252 }, // U+2064
    { 0, 0, 0, 0, 0, 0, 23252 }, // U+2066
    { 0, 0, 0, 0, 0, 0, 23252 }, // U+2067
    { 0, 0, 0, 0, 0, 0, 23252 }, // U+2068
    { 0, 0, 0, 0, 0, 0, 23252 }, // U+2069
    { 10, 31, 0, -5, 26, 13, 23252 }, // U+206A
    { 10, 31, 0, -5, 26, 10, 23265 }, // U+206B
    { 10, 31, 0, -5, 26, 11, 23275 }, // U+206C
    { 10, 31, 0, -5, 26, 12, 23286 }, // U+206D
    { 10, 31, 0, -5, 26, 16, 23298 }, // U+206E
    { 10, 31, 0, -5, 26, 13, 23314 }, // U+206F
    { 13, 17, 210, 0, 32, 21, 23327 }, // U+2070
    { 4, 18, 101, 1, 28, 8, 23348 }, // U+2071
    { 13, 17, 210, 0, 32, 24, 23356 }, // U+2074
    { 11, 17, 210, 1, 32, 22, 23380 }, // U+2075
    { 13, 17, 210, 0, 32, 25, 23402 }, // U+2076
    { 12, 17, 210, 1, 32, 15, 23427 }, // U+2077
    { 13, 17, 210, 0, 32, 27, 23442 }, // U+2078
    { 13, 18, 210, 0, 33, 26, 23469 }, // U+2079
    { 11, 11, 203, 1, 28, 15, 23495 }, // U+207A
    { 11, 3, 203, 1, 24, 6, 23510 }, // U+207B
    { 11, 7, 203, 1, 26, 8, 23516 }, // U+207C
    { 7, 22, 136, 2, 35, 14, 23524 }, // U+207D
    { 7, 22, 136, 0, 35, 12, 23538 }, // U+207E
    { 12, 14, 241, 2, 24, 14, 23550 }, // U+207F
    { 13, 17, 210, 0, 12, 8, 23564 }, // U+2080
    { 8, 17, 210, 1, 12, 7, 23572 }, // U+2081
    { 12, 17, 210, 0, 12, 9, 23579 }, // U+2082
    { 13, 17, 210, 0, 12, 10, 23588 }, // U+2083
    { 13, 17, 210, 0, 12, 8, 23598 }, // U+2084
    { 11, 17, 210, 1, 12, 7, 23606 }, // U+2085
    { 13, 17, 210, 0, 12, 9, 23613 }, // U+2086
    { 12, 17, 210, 1, 12, 7, 23622 }, // U+2087
    { 13, 17, 210, 0, 12, 9, 23629 }, // U+2088
    { 13, 18, 210, 0, 13, 10, 23638 }, // U+2089
    { 11, 11, 203, 1, 8, 7, 23648 }, // U+208A
    { 11, 3, 203, 1, 4, 4, 23655 }, // U+208B
    { 11, 7, 203, 1, 6, 5, 23659 }, // U+208C
    { 7, 22, 136, 2, 14, 7, 23664 }, // U+208D
    { 7, 22, 136, 0, 14, 7, 23671 }, // U+208E
    { 11, 13, 219, 1, 9, 22, 23678 }, // U+2090
    { 12, 13, 220, 1, 9, 19, 23700 }, // U+2091
    { 13, 13, 236, 1, 9, 18, 23719 }, // U+2092
    { 13, 13, 206, 0, 9, 20, 23737 }, // U+2093
    { 12, 13, 220, 1, 9, 19, 23757 }, // U+2094
    { 12, 18, 241, 2, 14, 16, 23776 }, // U+2095
    { 11, 18, 208, 2, 14, 19, 23792 }, // U+2096
    { 3, 18, 101, 2, 14, 6, 23811 }, // U+2097
    { 19, 13, 365, 2, 9, 23, 23817 }, // U+2098
    { 12, 13, 241, 2, 9, 9, 23840 }, // U+2099
    { 12, 18, 240, 2, 9, 19, 23849 }, // U+209A
    { 10, 13, 187, 1, 9, 18, 23868 }, // U+209B
    { 9, 16, 141, 0, 12, 15, 23886 }, // U+209C
    { 20, 28, 343, 1, 28, 38, 23901 }, // U+20A0
    { 20, 32, 343, 1, 29, 56, 23939 }, // U+20A1
    { 19, 29, 343, 2, 28, 43, 23995 }, // U+20A2
    { 19, 27, 343, 1, 27, 24, 24038 }, // U+20A3
    { 20, 28, 343, 1, 28, 35, 24062 }, // U+20A4
    { 30, 30, 561, 3, 25, 26, 24097 }, // U+20A5
    { 22, 27, 343, 0, 27, 53, 24123 }, // U+20A6
    { 26, 28, 466, 2, 27, 41, 24176 }, // U+20A7
    { 27, 28, 500, 3, 27, 62, 24217 }, // U+20A8
    { 25, 27, 402, 0, 27, 66, 24279 }, // U+20A9
    { 24, 27, 479, 3, 27, 36, 24345 }, // U+20AA
    { 21, 35, 370, 2, 29, 20, 24381 }, // U+20AB
    { 21, 29, 343, 0, 28, 42, 24401 }, // U+20AC
    { 22, 27, 343, 0, 27, 36, 24443 }, // U+20AD
    { 21, 27, 343, 0, 27, 40, 24479 }, // U+20AE
    { 36, 37, 582, 0, 28, 65, 24519 }, // U+20AF
    { 20, 37, 343, 0, 28, 48, 24584 }, // U+20B0
    { 22, 27, 343, 0, 27, 47, 24632 }, // U+20B1
    { 23, 32, 437, 2, 29, 23, 24679 }, // U+20B2
    { 23, 27, 365, 0, 27, 49, 24702 }, // U+20B3
    { 21, 29, 329, 0, 28, 53, 24751 }, // U+20B4
    { 21, 32, 379, 2, 29, 25, 24804 }, // U+20B5
    { 23, 26, 373, 0, 25, 37, 24829 }, // U+20B6
    { 26, 31, 436, 0, 28, 67, 24866 }, // U+20B7
    { 20, 27, 328, 0, 27, 21, 24933 }, // U+20B8
    { 17, 27, 343, 2, 27, 35, 24954 }, // U+20B9
    { 21, 28, 343, 0, 27, 42, 24989 }, // U+20BA
    { 29, 29, 469, 0, 28, 56, 25031 }, // U+20BB
    { 26, 27, 486, 2, 27, 41, 25087 }, // U+20BC
    { 21, 27, 349, 0, 27, 40, 25128 }, // U+20BD
    { 25, 29, 463, 2, 29, 51, 25168 }, // U+20BE
    { 18, 35, 343, 3, 31, 47, 25219 }, // U+20BF
    { 16, 27, 296, 1, 21, 23, 25266 }, // U+20C0
    { 19, 4, 343, 1, 15, 4, 25289 }, // U+2212
    { 28, 29, 413, 0, 29, 46, 25293 }, // U+FB00
    { 20, 29, 361, 0, 29, 36, 25339 }, // U+FB01
    { 20, 29, 361, 0, 29, 15, 25375 }, // U+FB02
    { 33, 29, 568, 0, 29, 57, 25390 }, // U+FB03
    { 33, 29, 568, 0, 29, 22, 25447 }, // U+FB04
    { 22, 30, 404, 3, 29, 37, 25469 }, // U+FB05
    { 30, 30, 504, 1, 29, 69, 25506 }, // U+FB06
    { 35, 35, 600, 1, 29, 61, 25575 }, // U+FFFD
};

static const EpdUnicodeInterval notosans_18_regularIntervals[] = {
    { 0x0, 0x0, 0x0 },
    { 0xD, 0xD, 0x1 },
    { 0x20, 0x7E, 0x2 },
    { 0xA0, 0x17F, 0x61 },
    { 0x1A0, 0x1A1, 0x141 },
    { 0x1AF, 0x1B0, 0x143 },
    { 0x1C4, 0x21F, 0x145 },
    { 0x300, 0x36F, 0x1A1 },
    { 0x400, 0x4FF, 0x211 },
    { 0x1EA0, 0x1EF9, 0x311 },
    { 0x2000, 0x2064, 0x36B },
    { 0x2066, 0x2071, 0x3D0 },
    { 0x2074, 0x208E, 0x3DC },
    { 0x2090, 0x209C, 0x3F7 },
    { 0x20A0, 0x20C0, 0x404 },
    { 0x2212, 0x2212, 0x425 },
    { 0xFB00, 0xFB06, 0x426 },
    { 0xFFFD, 0xFFFD, 0x42D },
};

static const EpdKernClassEntry notosans_18_regularKernLeftClasses[] = {
    { 0x0022, 1 }, // "
    { 0x0026, 2 }, // &
    { 0x0027, 1 }, // '
    { 0x0028, 3 }, // (
    { 0x002C, 4 }, // ,
    { 0x002D, 5 }, // -
    { 0x002E, 4 }, // .
    { 0x003A, 6 }, // :
    { 0x0041, 7 }, // A
    { 0x0042, 8 }, // B
    { 0x0043, 9 }, // C
    { 0x0044, 10 }, // D
    { 0x0045, 11 }, // E
    { 0x0046, 12 }, // F
    { 0x004B, 9 }, // K
    { 0x004C, 13 }, // L
    { 0x004F, 10 }, // O
    { 0x0050, 14 }, // P
    { 0x0051, 10 }, // Q
    { 0x0052, 15 }, // R
    { 0x0054, 16 }, // T
    { 0x0055, 17 }, // U
    { 0x0056, 18 }, // V
    { 0x0057, 18 }, // W
    { 0x0058, 9 }, // X
    { 0x0059, 19 }, // Y
    { 0x005A, 20 }, // Z
    { 0x005B, 3 }, // [
    { 0x005F, 21 }, // _
    { 0x0061, 22 }, // a
    { 0x0062, 23 }, // b
    { 0x0063, 24 }, // c
    { 0x0065, 23 }, // e
    { 0x0066, 25 }, // f
    { 0x0068, 22 }, // h
    { 0x006D, 22 }, // m
    { 0x006E, 22 }, // n
    { 0x006F, 23 }, // o
    { 0x0070, 23 }, // p
    { 0x0072, 26 }, // r
    { 0x0074, 24 }, // t
    { 0x0076, 27 }, // v
    { 0x0077, 27 }, // w
    { 0x0078, 28 }, // x
    { 0x0079, 27 }, // y
    { 0x007B, 3 }, // {
    { 0x00A1, 29 }, // U+00A1
    { 0x00AB, 30 }, // U+00AB
    { 0x00BB, 31 }, // U+00BB
    { 0x00BF, 32 }, // U+00BF
    { 0x00C0, 7 }, // U+00C0
    { 0x00C1, 7 }, // U+00C1
    { 0x00C2, 7 }, // U+00C2
    { 0x00C3, 7 }, // U+00C3
    { 0x00C4, 7 }, // U+00C4
    { 0x00C5, 7 }, // U+00C5
    { 0x00C6, 11 }, // U+00C6
    { 0x00C7, 9 }, // U+00C7
    { 0x00C8, 11 }, // U+00C8
    { 0x00C9, 11 }, // U+00C9
    { 0x00CA, 11 }, // U+00CA
    { 0x00CB, 11 }, // U+00CB
    { 0x00D0, 10 }, // U+00D0
    { 0x00D2, 10 }, // U+00D2
    { 0x00D3, 10 }, // U+00D3
    { 0x00D4, 10 }, // U+00D4
    { 0x00D5, 10 }, // U+00D5
    { 0x00D6, 10 }, // U+00D6
    { 0x00D8, 10 }, // U+00D8
    { 0x00D9, 17 }, // U+00D9
    { 0x00DA, 17 }, // U+00DA
    { 0x00DB, 17 }, // U+00DB
    { 0x00DC, 17 }, // U+00DC
    { 0x00DD, 19 }, // U+00DD
    { 0x00DE, 14 }, // U+00DE
    { 0x00E0, 22 }, // U+00E0
    { 0x00E1, 22 }, // U+00E1
    { 0x00E2, 22 }, // U+00E2
    { 0x00E3, 22 }, // U+00E3
    { 0x00E4, 22 }, // U+00E4
    { 0x00E5, 22 }, // U+00E5
    { 0x00E6, 23 }, // U+00E6
    { 0x00E8, 23 }, // U+00E8
    { 0x00E9, 23 }, // U+00E9
    { 0x00EA, 23 }, // U+00EA
    { 0x00EB, 23 }, // U+00EB
    { 0x00EE, 33 }, // U+00EE
    { 0x00EF, 33 }, // U+00EF
    { 0x00F0, 23 }, // U+00F0
    { 0x00F2, 23 }, // U+00F2
    { 0x00F3, 23 }, // U+00F3
    { 0x00F4, 23 }, // U+00F4
    { 0x00F5, 23 }, // U+00F5
    { 0x00F6, 23 }, // U+00F6
    { 0x00F8, 23 }, // U+00F8
    { 0x00FD, 27 }, // U+00FD
    { 0x00FE, 23 }, // U+00FE
    { 0x00FF, 27 }, // U+00FF
    { 0x0100, 7 }, // U+0100
    { 0x0101, 22 }, // U+0101
    { 0x0102, 7 }, // U+0102
    { 0x0103, 22 }, // U+0103
    { 0x0104, 34 }, // U+0104
    { 0x0105, 22 }, // U+0105
    { 0x0106, 9 }, // U+0106
    { 0x0108, 9 }, // U+0108
    { 0x010A, 9 }, // U+010A
    { 0x010C, 9 }, // U+010C
    { 0x010E, 10 }, // U+010E
    { 0x010F, 35 }, // U+010F
    { 0x0110, 10 }, // U+0110
    { 0x0112, 11 }, // U+0112
    { 0x0113, 23 }, // U+0113
    { 0x0114, 11 }, // U+0114
    { 0x0115, 23 }, // U+0115
    { 0x0116, 11 }, // U+0116
    { 0x0117, 23 }, // U+0117
    { 0x0118, 11 }, // U+0118
    { 0x0119, 23 }, // U+0119
    { 0x011A, 11 }, // U+011A
    { 0x011B, 23 }, // U+011B
    { 0x0125, 22 }, // U+0125
    { 0x0129, 36 }, // U+0129
    { 0x012B, 33 }, // U+012B
    { 0x012E, 37 }, // U+012E
    { 0x0136, 9 }, // U+0136
    { 0x0138, 28 }, // U+0138
    { 0x0139, 13 }, // U+0139
    { 0x013B, 13 }, // U+013B
    { 0x013D, 13 }, // U+013D
    { 0x013E, 35 }, // U+013E
    { 0x013F, 13 }, // U+013F
    { 0x0141, 13 }, // U+0141
    { 0x0144, 22 }, // U+0144
    { 0x0146, 22 }, // U+0146
    { 0x0149, 22 }, // U+0149
    { 0x014B, 22 }, // U+014B
    { 0x014C, 10 }, // U+014C
    { 0x014D, 23 }, // U+014D
    { 0x014E, 10 }, // U+014E
    { 0x014F, 23 }, // U+014F
    { 0x0150, 10 }, // U+0150
    { 0x0151, 23 }, // U+0151
    { 0x0152, 11 }, // U+0152
    { 0x0153, 23 }, // U+0153
    { 0x0155, 26 }, // U+0155
    { 0x0157, 26 }, // U+0157
    { 0x0159, 26 }, // U+0159
    { 0x0162, 16 }, // U+0162
    { 0x0163, 24 }, // U+0163
    { 0x0164, 16 }, // U+0164
    { 0x0165, 38 }, // U+0165
    { 0x0166, 16 }, // U+0166
    { 0x0167, 24 }, // U+0167
    { 0x0168, 17 }, // U+0168
    { 0x016A, 17 }, // U+016A
    { 0x016C, 17 }, // U+016C
    { 0x016E, 17 }, // U+016E
    { 0x0170, 17 }, // U+0170
    { 0x0172, 17 }, // U+0172
    { 0x0174, 18 }, // U+0174
    { 0x0175, 27 }, // U+0175
    { 0x0176, 19 }, // U+0176
    { 0x0177, 27 }, // U+0177
    { 0x0178, 19 }, // U+0178
    { 0x0179, 20 }, // U+0179
    { 0x017B, 20 }, // U+017B
    { 0x017D, 20 }, // U+017D
    { 0x01A0, 39 }, // U+01A0
    { 0x01A1, 40 }, // U+01A1
    { 0x01AF, 41 }, // U+01AF
    { 0x01B0, 42 }, // U+01B0
    { 0x01FA, 7 }, // U+01FA
    { 0x01FB, 22 }, // U+01FB
    { 0x01FC, 11 }, // U+01FC
    { 0x01FD, 23 }, // U+01FD
    { 0x01FE, 10 }, // U+01FE
    { 0x020B, 33 }, // U+020B
    { 0x021A, 16 }, // U+021A
    { 0x021B, 24 }, // U+021B
    { 0x0400, 43 }, // U+0400
    { 0x0401, 43 }, // U+0401
    { 0x0402, 44 }, // U+0402
    { 0x0403, 45 }, // U+0403
    { 0x0404, 46 }, // U+0404
    { 0x0405, 47 }, // U+0405
    { 0x0409, 48 }, // U+0409
    { 0x040A, 48 }, // U+040A
    { 0x040B, 44 }, // U+040B
    { 0x040C, 49 }, // U+040C
    { 0x040E, 50 }, // U+040E
    { 0x0410, 51 }, // U+0410
    { 0x0411, 52 }, // U+0411
    { 0x0412, 53 }, // U+0412
    { 0x0413, 45 }, // U+0413
    { 0x0414, 54 }, // U+0414
    { 0x0415, 43 }, // U+0415
    { 0x0416, 49 }, // U+0416
    { 0x0417, 53 }, // U+0417
    { 0x041A, 49 }, // U+041A
    { 0x041E, 55 }, // U+041E
    { 0x0420, 56 }, // U+0420
    { 0x0421, 46 }, // U+0421
    { 0x0422, 45 }, // U+0422
    { 0x0423, 50 }, // U+0423
    { 0x0424, 57 }, // U+0424
    { 0x0425, 49 }, // U+0425
    { 0x0426, 54 }, // U+0426
    { 0x0429, 54 }, // U+0429
    { 0x042A, 48 }, // U+042A
    { 0x042C, 48 }, // U+042C
    { 0x042D, 55 }, // U+042D
    { 0x042E, 55 }, // U+042E
    { 0x0430, 58 }, // U+0430
    { 0x0431, 59 }, // U+0431
    { 0x0432, 60 }, // U+0432
    { 0x0433, 61 }, // U+0433
    { 0x0434, 62 }, // U+0434
    { 0x0435, 63 }, // U+0435
    { 0x0436, 64 }, // U+0436
    { 0x0437, 60 }, // U+0437
    { 0x0438, 65 }, // U+0438
    { 0x0439, 65 }, // U+0439
    { 0x043A, 64 }, // U+043A
    { 0x043B, 65 }, // U+043B
    { 0x043C, 65 }, // U+043C
    { 0x043D, 65 }, // U+043D
    { 0x043E, 63 }, // U+043E
    { 0x043F, 65 }, // U+043F
    { 0x0440, 63 }, // U+0440
    { 0x0441, 66 }, // U+0441
    { 0x0442, 61 }, // U+0442
    { 0x0443, 67 }, // U+0443
    { 0x0444, 63 }, // U+0444
    { 0x0445, 64 }, // U+0445
    { 0x0446, 62 }, // U+0446
    { 0x0447, 65 }, // U+0447
    { 0x0448, 65 }, // U+0448
    { 0x0449, 62 }, // U+0449
    { 0x044A, 68 }, // U+044A
    { 0x044B, 65 }, // U+044B
    { 0x044C, 68 }, // U+044C
    { 0x044D, 63 }, // U+044D
    { 0x044E, 63 }, // U+044E
    { 0x044F, 65 }, // U+044F
    { 0x0450, 63 }, // U+0450
    { 0x0451, 63 }, // U+0451
    { 0x0452, 69 }, // U+0452
    { 0x0453, 61 }, // U+0453
    { 0x0454, 66 }, // U+0454
    { 0x0455, 70 }, // U+0455
    { 0x0457, 71 }, // U+0457
    { 0x0458, 72 }, // U+0458
    { 0x0459, 68 }, // U+0459
    { 0x045A, 68 }, // U+045A
    { 0x045B, 73 }, // U+045B
    { 0x045C, 64 }, // U+045C
    { 0x045D, 65 }, // U+045D
    { 0x045E, 67 }, // U+045E
    { 0x045F, 65 }, // U+045F
    { 0x0460, 55 }, // U+0460
    { 0x0461, 74 }, // U+0461
    { 0x0462, 75 }, // U+0462
    { 0x0463, 68 }, // U+0463
    { 0x0464, 46 }, // U+0464
    { 0x0465, 66 }, // U+0465
    { 0x0466, 51 }, // U+0466
    { 0x0467, 76 }, // U+0467
    { 0x0468, 51 }, // U+0468
    { 0x0469, 76 }, // U+0469
    { 0x046E, 77 }, // U+046E
    { 0x0471, 63 }, // U+0471
    { 0x0472, 55 }, // U+0472
    { 0x0473, 63 }, // U+0473
    { 0x0474, 50 }, // U+0474
    { 0x0475, 74 }, // U+0475
    { 0x0476, 50 }, // U+0476
    { 0x0477, 74 }, // U+0477
    { 0x0478, 67 }, // U+0478
    { 0x0479, 67 }, // U+0479
    { 0x047A, 55 }, // U+047A
    { 0x047B, 63 }, // U+047B
    { 0x047C, 55 }, // U+047C
    { 0x047D, 63 }, // U+047D
    { 0x047E, 55 }, // U+047E
    { 0x047F, 74 }, // U+047F
    { 0x0480, 46 }, // U+0480
    { 0x048A, 54 }, // U+048A
    { 0x048B, 62 }, // U+048B
    { 0x048C, 75 }, // U+048C
    { 0x048D, 68 }, // U+048D
    { 0x048E, 56 }, // U+048E
    { 0x048F, 63 }, // U+048F
    { 0x0490, 78 }, // U+0490
    { 0x0491, 79 }, // U+0491
    { 0x0492, 80 }, // U+0492
    { 0x0493, 81 }, // U+0493
    { 0x0496, 82 }, // U+0496
    { 0x0497, 83 }, // U+0497
    { 0x0498, 77 }, // U+0498
    { 0x0499, 60 }, // U+0499
    { 0x049A, 82 }, // U+049A
    { 0x049B, 83 }, // U+049B
    { 0x049C, 49 }, // U+049C
    { 0x049D, 64 }, // U+049D
    { 0x049E, 49 }, // U+049E
    { 0x049F, 64 }, // U+049F
    { 0x04A0, 49 }, // U+04A0
    { 0x04A1, 64 }, // U+04A1
    { 0x04A2, 54 }, // U+04A2
    { 0x04A3, 62 }, // U+04A3
    { 0x04A4, 80 }, // U+04A4
    { 0x04A5, 79 }, // U+04A5
    { 0x04A9, 63 }, // U+04A9
    { 0x04AA, 46 }, // U+04AA
    { 0x04AB, 66 }, // U+04AB
    { 0x04AC, 78 }, // U+04AC
    { 0x04AD, 79 }, // U+04AD
    { 0x04AE, 84 }, // U+04AE
    { 0x04AF, 85 }, // U+04AF
    { 0x04B0, 84 }, // U+04B0
    { 0x04B1, 85 }, // U+04B1
    { 0x04B2, 82 }, // U+04B2
    { 0x04B3, 83 }, // U+04B3
    { 0x04B4, 54 }, // U+04B4
    { 0x04B5, 62 }, // U+04B5
    { 0x04B6, 54 }, // U+04B6
    { 0x04B7, 62 }, // U+04B7
    { 0x04BC, 86 }, // U+04BC
    { 0x04BD, 87 }, // U+04BD
    { 0x04BE, 86 }, // U+04BE
    { 0x04BF, 87 }, // U+04BF
    { 0x04C1, 49 }, // U+04C1
    { 0x04C2, 64 }, // U+04C2
    { 0x04C5, 54 }, // U+04C5
    { 0x04C6, 62 }, // U+04C6
    { 0x04C9, 54 }, // U+04C9
    { 0x04CA, 62 }, // U+04CA
    { 0x04CD, 54 }, // U+04CD
    { 0x04CE, 62 }, // U+04CE
    { 0x04D0, 51 }, // U+04D0
    { 0x04D1, 58 }, // U+04D1
    { 0x04D2, 51 }, // U+04D2
    { 0x04D3, 58 }, // U+04D3
    { 0x04D4, 43 }, // U+04D4
    { 0x04D5, 87 }, // U+04D5
    { 0x04D6, 43 }, // U+04D6
    { 0x04D7, 87 }, // U+04D7
    { 0x04D8, 55 }, // U+04D8
    { 0x04D9, 63 }, // U+04D9
    { 0x04DA, 55 }, // U+04DA
    { 0x04DB, 63 }, // U+04DB
    { 0x04DC, 49 }, // U+04DC
    { 0x04DD, 64 }, // U+04DD
    { 0x04DE, 77 }, // U+04DE
    { 0x04DF, 60 }, // U+04DF
    { 0x04E3, 65 }, // U+04E3
    { 0x04E5, 65 }, // U+04E5
    { 0x04E6, 55 }, // U+04E6
    { 0x04E7, 63 }, // U+04E7
    { 0x04E8, 55 }, // U+04E8
    { 0x04E9, 63 }, // U+04E9
    { 0x04EA, 55 }, // U+04EA
    { 0x04EB, 63 }, // U+04EB
    { 0x04EC, 55 }, // U+04EC
    { 0x04ED, 63 }, // U+04ED
    { 0x04EE, 50 }, // U+04EE
    { 0x04EF, 67 }, // U+04EF
    { 0x04F0, 50 }, // U+04F0
    { 0x04F1, 67 }, // U+04F1
    { 0x04F2, 50 }, // U+04F2
    { 0x04F3, 67 }, // U+04F3
    { 0x04F5, 65 }, // U+04F5
    { 0x04F6, 78 }, // U+04F6
    { 0x04F7, 79 }, // U+04F7
    { 0x04F9, 65 }, // U+04F9
    { 0x04FA, 80 }, // U+04FA
    { 0x04FB, 81 }, // U+04FB
    { 0x04FC, 82 }, // U+04FC
    { 0x04FD, 83 }, // U+04FD
    { 0x04FE, 49 }, // U+04FE
    { 0x04FF, 83 }, // U+04FF
    { 0x1EA0, 7 }, // U+1EA0
    { 0x1EA1, 22 }, // U+1EA1
    { 0x1EA2, 7 }, // U+1EA2
    { 0x1EA3, 22 }, // U+1EA3
    { 0x1EA4, 7 }, // U+1EA4
    { 0x1EA5, 22 }, // U+1EA5
    { 0x1EA6, 7 }, // U+1EA6
    { 0x1EA7, 22 }, // U+1EA7
    { 0x1EA8, 7 }, // U+1EA8
    { 0x1EA9, 22 }, // U+1EA9
    { 0x1EAA, 7 }, // U+1EAA
    { 0x1EAB, 22 }, // U+1EAB
    { 0x1EAC, 7 }, // U+1EAC
    { 0x1EAD, 22 }, // U+1EAD
    { 0x1EAE, 7 }, // U+1EAE
    { 0x1EAF, 22 }, // U+1EAF
    { 0x1EB0, 7 }, // U+1EB0
    { 0x1EB1, 22 }, // U+1EB1
    { 0x1EB2, 7 }, // U+1EB2
    { 0x1EB3, 22 }, // U+1EB3
    { 0x1EB4, 7 }, // U+1EB4
    { 0x1EB5, 22 }, // U+1EB5
    { 0x1EB6, 7 }, // U+1EB6
    { 0x1EB7, 22 }, // U+1EB7
    { 0x1EB8, 11 }, // U+1EB8
    { 0x1EB9, 23 }, // U+1EB9
    { 0x1EBA, 11 }, // U+1EBA
    { 0x1EBB, 23 }, // U+1EBB
    { 0x1EBC, 11 }, // U+1EBC
    { 0x1EBD, 23 }, // U+1EBD
    { 0x1EBE, 11 }, // U+1EBE
    { 0x1EBF, 23 }, // U+1EBF
    { 0x1EC0, 11 }, // U+1EC0
    { 0x1EC1, 23 }, // U+1EC1
    { 0x1EC2, 11 }, // U+1EC2
    { 0x1EC3, 23 }, // U+1EC3
    { 0x1EC4, 11 }, // U+1EC4
    { 0x1EC5, 23 }, // U+1EC5
    { 0x1EC6, 11 }, // U+1EC6
    { 0x1EC7, 23 }, // U+1EC7
    { 0x1ECC, 10 }, // U+1ECC
    { 0x1ECD, 23 }, // U+1ECD
    { 0x1ECE, 10 }, // U+1ECE
    { 0x1ECF, 23 }, // U+1ECF
    { 0x1ED0, 10 }, // U+1ED0
    { 0x1ED1, 23 }, // U+1ED1
    { 0x1ED2, 10 }, // U+1ED2
    { 0x1ED3, 23 }, // U+1ED3
    { 0x1ED4, 10 }, // U+1ED4
    { 0x1ED5, 23 }, // U+1ED5
    { 0x1ED6, 10 }, // U+1ED6
    { 0x1ED7, 23 }, // U+1ED7
    { 0x1ED8, 10 }, // U+1ED8
    { 0x1ED9, 23 }, // U+1ED9
    { 0x1EDA, 39 }, // U+1EDA
    { 0x1EDB, 40 }, // U+1EDB
    { 0x1EDC, 39 }, // U+1EDC
    { 0x1EDD, 40 }, // U+1EDD
    { 0x1EDE, 39 }, // U+1EDE
    { 0x1EDF, 40 }, // U+1EDF
    { 0x1EE0, 39 }, // U+1EE0
    { 0x1EE1, 40 }, // U+1EE1
    { 0x1EE2, 39 }, // U+1EE2
    { 0x1EE3, 40 }, // U+1EE3
    { 0x1EE4, 17 }, // U+1EE4
    { 0x1EE6, 17 }, // U+1EE6
    { 0x1EE8, 41 }, // U+1EE8
    { 0x1EE9, 42 }, // U+1EE9
    { 0x1EEA, 41 }, // U+1EEA
    { 0x1EEB, 42 }, // U+1EEB
    { 0x1EEC, 41 }, // U+1EEC
    { 0x1EED, 42 }, // U+1EED
    { 0x1EEE, 41 }, // U+1EEE
    { 0x1EEF, 42 }, // U+1EEF
    { 0x1EF0, 41 }, // U+1EF0
    { 0x1EF1, 42 }, // U+1EF1
    { 0x1EF2, 19 }, // U+1EF2
    { 0x1EF3, 27 }, // U+1EF3
    { 0x1EF4, 19 }, // U+1EF4
    { 0x1EF5, 27 }, // U+1EF5
    { 0x1EF6, 19 }, // U+1EF6
    { 0x1EF7, 27 }, // U+1EF7
    { 0x1EF8, 19 }, // U+1EF8
    { 0x1EF9, 27 }, // U+1EF9
    { 0x2013, 5 }, // U+2013
    { 0x2014, 5 }, // U+2014
    { 0x2015, 5 }, // U+2015
    { 0x2018, 1 }, // U+2018
    { 0x2019, 1 }, // U+2019
    { 0x201A, 4 }, // U+201A
    { 0x201C, 1 }, // U+201C
    { 0x201D, 1 }, // U+201D
    { 0x201E, 4 }, // U+201E
    { 0x2039, 30 }, // U+2039
    { 0x203A, 31 }, // U+203A
    { 0xFB00, 25 }, // U+FB00
};

static const EpdKernClassEntry notosans_18_regularKernRightClasses[] = {
    { 0x0021, 1 }, // !
    { 0x0022, 2 }, // "
    { 0x0026, 3 }, // &
    { 0x0027, 2 }, // '
    { 0x0029, 4 }, // )
    { 0x002C, 5 }, // ,
    { 0x002D, 6 }, // -
    { 0x002E, 5 }, // .
    { 0x003A, 7 }, // :
    { 0x003B, 7 }, // ;
    { 0x003F, 8 }, // ?
    { 0x0041, 9 }, // A
    { 0x0043, 10 }, // C
    { 0x0047, 10 }, // G
    { 0x0049, 11 }, // I
    { 0x004A, 12 }, // J
    { 0x004F, 10 }, // O
    { 0x0051, 10 }, // Q
    { 0x0054, 13 }, // T
    { 0x0055, 14 }, // U
    { 0x0056, 15 }, // V
    { 0x0057, 15 }, // W
    { 0x0058, 16 }, // X
    { 0x0059, 17 }, // Y
    { 0x005A, 18 }, // Z
    { 0x005D, 4 }, // ]
    { 0x0061, 19 }, // a
    { 0x0062, 20 }, // b
    { 0x0063, 21 }, // c
    { 0x0064, 21 }, // d
    { 0x0065, 21 }, // e
    { 0x0066, 22 }, // f
    { 0x0067, 23 }, // g
    { 0x0068, 20 }, // h
    { 0x006A, 24 }, // j
    { 0x006B, 20 }, // k
    { 0x006C, 20 }, // l
    { 0x006D, 25 }, // m
    { 0x006E, 25 }, // n
    { 0x006F, 21 }, // o
    { 0x0070, 25 }, // p
    { 0x0071, 21 }, // q
    { 0x0072, 25 }, // r
    { 0x0073, 26 }, // s
    { 0x0074, 22 }, // t
    { 0x0075, 25 }, // u
    { 0x0076, 27 }, // v
    { 0x0077, 27 }, // w
    { 0x0078, 27 }, // x
    { 0x0079, 27 }, // y
    { 0x007A, 28 }, // z
    { 0x007D, 4 }, // }
    { 0x00AB, 29 }, // U+00AB
    { 0x00BB, 30 }, // U+00BB
    { 0x00C0, 9 }, // U+00C0
    { 0x00C1, 9 }, // U+00C1
    { 0x00C2, 9 }, // U+00C2
    { 0x00C3, 9 }, // U+00C3
    { 0x00C4, 9 }, // U+00C4
    { 0x00C5, 9 }, // U+00C5
    { 0x00C6, 31 }, // U+00C6
    { 0x00C7, 10 }, // U+00C7
    { 0x00D2, 10 }, // U+00D2
    { 0x00D3, 10 }, // U+00D3
    { 0x00D4, 10 }, // U+00D4
    { 0x00D5, 10 }, // U+00D5
    { 0x00D6, 10 }, // U+00D6
    { 0x00D8, 10 }, // U+00D8
    { 0x00D9, 14 }, // U+00D9
    { 0x00DA, 14 }, // U+00DA
    { 0x00DB, 14 }, // U+00DB
    { 0x00DC, 14 }, // U+00DC
    { 0x00DD, 17 }, // U+00DD
    { 0x00E0, 21 }, // U+00E0
    { 0x00E1, 19 }, // U+00E1
    { 0x00E2, 19 }, // U+00E2
    { 0x00E3, 19 }, // U+00E3
    { 0x00E4, 19 }, // U+00E4
    { 0x00E5, 19 }, // U+00E5
    { 0x00E6, 19 }, // U+00E6
    { 0x00E7, 21 }, // U+00E7
    { 0x00E8, 21 }, // U+00E8
    { 0x00E9, 21 }, // U+00E9
    { 0x00EA, 21 }, // U+00EA
    { 0x00EB, 21 }, // U+00EB
    { 0x00F2, 21 }, // U+00F2
    { 0x00F3, 21 }, // U+00F3
    { 0x00F4, 21 }, // U+00F4
    { 0x00F5, 21 }, // U+00F5
    { 0x00F6, 21 }, // U+00F6
    { 0x00F8, 21 }, // U+00F8
    { 0x00F9, 25 }, // U+00F9
    { 0x00FA, 25 }, // U+00FA
    { 0x00FB, 25 }, // U+00FB
    { 0x00FC, 25 }, // U+00FC
    { 0x00FD, 27 }, // U+00FD
    { 0x00FE, 20 }, // U+00FE
    { 0x00FF, 27 }, // U+00FF
    { 0x0100, 9 }, // U+0100
    { 0x0101, 19 }, // U+0101
    { 0x0102, 9 }, // U+0102
    { 0x0103, 19 }, // U+0103
    { 0x0104, 9 }, // U+0104
    { 0x0105, 19 }, // U+0105
    { 0x0106, 10 }, // U+0106
    { 0x0107, 21 }, // U+0107
    { 0x0108, 10 }, // U+0108
    { 0x0109, 21 }, // U+0109
    { 0x010A, 10 }, // U+010A
    { 0x010B, 21 }, // U+010B
    { 0x010C, 10 }, // U+010C
    { 0x010D, 21 }, // U+010D
    { 0x010F, 21 }, // U+010F
    { 0x0111, 21 }, // U+0111
    { 0x0113, 21 }, // U+0113
    { 0x0115, 21 }, // U+0115
    { 0x0117, 21 }, // U+0117
    { 0x0119, 21 }, // U+0119
    { 0x011B, 21 }, // U+011B
    { 0x011C, 10 }, // U+011C
    { 0x011D, 23 }, // U+011D
    { 0x011E, 10 }, // U+011E
    { 0x011F, 23 }, // U+011F
    { 0x0120, 10 }, // U+0120
    { 0x0121, 23 }, // U+0121
    { 0x0122, 10 }, // U+0122
    { 0x0123, 23 }, // U+0123
    { 0x0125, 20 }, // U+0125
    { 0x0127, 32 }, // U+0127
    { 0x0129, 33 }, // U+0129
    { 0x0137, 20 }, // U+0137
    { 0x0138, 25 }, // U+0138
    { 0x013A, 20 }, // U+013A
    { 0x013C, 20 }, // U+013C
    { 0x013E, 20 }, // U+013E
    { 0x0140, 20 }, // U+0140
    { 0x0144, 25 }, // U+0144
    { 0x0146, 25 }, // U+0146
    { 0x014B, 25 }, // U+014B
    { 0x014C, 10 }, // U+014C
    { 0x014D, 21 }, // U+014D
    { 0x014E, 10 }, // U+014E
    { 0x014F, 21 }, // U+014F
    { 0x0150, 10 }, // U+0150
    { 0x0151, 21 }, // U+0151
    { 0x0152, 10 }, // U+0152
    { 0x0153, 21 }, // U+0153
    { 0x0155, 25 }, // U+0155
    { 0x0157, 25 }, // U+0157
    { 0x015B, 26 }, // U+015B
    { 0x015F, 26 }, // U+015F
    { 0x0162, 13 }, // U+0162
    { 0x0163, 22 }, // U+0163
    { 0x0164, 13 }, // U+0164
    { 0x0165, 22 }, // U+0165
    { 0x0166, 13 }, // U+0166
    { 0x0167, 22 }, // U+0167
    { 0x0168, 14 }, // U+0168
    { 0x0169, 25 }, // U+0169
    { 0x016A, 14 }, // U+016A
    { 0x016B, 25 }, // U+016B
    { 0x016C, 14 }, // U+016C
    { 0x016D, 25 }, // U+016D
    { 0x016E, 14 }, // U+016E
    { 0x016F, 25 }, // U+016F
    { 0x0170, 14 }, // U+0170
    { 0x0171, 25 }, // U+0171
    { 0x0172, 14 }, // U+0172
    { 0x0173, 25 }, // U+0173
    { 0x0174, 15 }, // U+0174
    { 0x0175, 27 }, // U+0175
    { 0x0176, 17 }, // U+0176
    { 0x0177, 27 }, // U+0177
    { 0x0178, 17 }, // U+0178
    { 0x0179, 18 }, // U+0179
    { 0x017A, 28 }, // U+017A
    { 0x017B, 18 }, // U+017B
    { 0x017C, 28 }, // U+017C
    { 0x017D, 18 }, // U+017D
    { 0x017E, 28 }, // U+017E
    { 0x01A0, 10 }, // U+01A0
    { 0x01A1, 21 }, // U+01A1
    { 0x01AF, 14 }, // U+01AF
    { 0x01B0, 25 }, // U+01B0
    { 0x01FA, 9 }, // U+01FA
    { 0x01FB, 19 }, // U+01FB
    { 0x01FC, 31 }, // U+01FC
    { 0x01FD, 19 }, // U+01FD
    { 0x01FE, 10 }, // U+01FE
    { 0x01FF, 21 }, // U+01FF
    { 0x0219, 26 }, // U+0219
    { 0x021A, 13 }, // U+021A
    { 0x021B, 22 }, // U+021B
    { 0x0402, 34 }, // U+0402
    { 0x0404, 35 }, // U+0404
    { 0x0405, 36 }, // U+0405
    { 0x0408, 37 }, // U+0408
    { 0x0409, 38 }, // U+0409
    { 0x040B, 34 }, // U+040B
    { 0x040E, 39 }, // U+040E
    { 0x0410, 40 }, // U+0410
    { 0x0414, 41 }, // U+0414
    { 0x0416, 42 }, // U+0416
    { 0x0417, 43 }, // U+0417
    { 0x041B, 38 }, // U+041B
    { 0x041E, 35 }, // U+041E
    { 0x0421, 35 }, // U+0421
    { 0x0422, 34 }, // U+0422
    { 0x0423, 39 }, // U+0423
    { 0x0424, 44 }, // U+0424
    { 0x0425, 42 }, // U+0425
    { 0x0427, 45 }, // U+0427
    { 0x042A, 34 }, // U+042A
    { 0x042D, 43 }, // U+042D
    { 0x042F, 46 }, // U+042F
    { 0x0430, 47 }, // U+0430
    { 0x0431, 48 }, // U+0431
    { 0x0432, 49 }, // U+0432
    { 0x0433, 49 }, // U+0433
    { 0x0434, 50 }, // U+0434
    { 0x0435, 51 }, // U+0435
    { 0x0436, 52 }, // U+0436
    { 0x0437, 53 }, // U+0437
    { 0x0438, 49 }, // U+0438
    { 0x0439, 49 }, // U+0439
    { 0x043A, 49 }, // U+043A
    { 0x043B, 54 }, // U+043B
    { 0x043C, 49 }, // U+043C
    { 0x043D, 49 }, // U+043D
    { 0x043E, 51 }, // U+043E
    { 0x043F, 49 }, // U+043F
    { 0x0440, 49 }, // U+0440
    { 0x0441, 51 }, // U+0441
    { 0x0442, 55 }, // U+0442
    { 0x0443, 56 }, // U+0443
    { 0x0444, 51 }, // U+0444
    { 0x0445, 52 }, // U+0445
    { 0x0446, 49 }, // U+0446
    { 0x0447, 57 }, // U+0447
    { 0x0448, 49 }, // U+0448
    { 0x0449, 49 }, // U+0449
    { 0x044A, 55 }, // U+044A
    { 0x044B, 49 }, // U+044B
    { 0x044C, 49 }, // U+044C
    { 0x044D, 53 }, // U+044D
    { 0x044E, 49 }, // U+044E
    { 0x044F, 58 }, // U+044F
    { 0x0450, 51 }, // U+0450
    { 0x0451, 51 }, // U+0451
    { 0x0452, 59 }, // U+0452
    { 0x0453, 49 }, // U+0453
    { 0x0454, 51 }, // U+0454
    { 0x0455, 60 }, // U+0455
    { 0x0457, 61 }, // U+0457
    { 0x0458, 62 }, // U+0458
    { 0x0459, 54 }, // U+0459
    { 0x045A, 49 }, // U+045A
    { 0x045B, 59 }, // U+045B
    { 0x045C, 49 }, // U+045C
    { 0x045D, 49 }, // U+045D
    { 0x045E, 56 }, // U+045E
    { 0x045F, 49 }, // U+045F
    { 0x0460, 63 }, // U+0460
    { 0x0461, 64 }, // U+0461
    { 0x0462, 65 }, // U+0462
    { 0x0465, 66 }, // U+0465
    { 0x0466, 40 }, // U+0466
    { 0x0467, 50 }, // U+0467
    { 0x0469, 66 }, // U+0469
    { 0x046D, 66 }, // U+046D
    { 0x046E, 43 }, // U+046E
    { 0x0470, 45 }, // U+0470
    { 0x0472, 63 }, // U+0472
    { 0x0473, 47 }, // U+0473
    { 0x0474, 67 }, // U+0474
    { 0x0475, 64 }, // U+0475
    { 0x0476, 67 }, // U+0476
    { 0x0477, 64 }, // U+0477
    { 0x0478, 63 }, // U+0478
    { 0x0479, 47 }, // U+0479
    { 0x047A, 63 }, // U+047A
    { 0x047B, 47 }, // U+047B
    { 0x047C, 63 }, // U+047C
    { 0x047D, 47 }, // U+047D
    { 0x047E, 63 }, // U+047E
    { 0x047F, 64 }, // U+047F
    { 0x0480, 63 }, // U+0480
    { 0x0481, 47 }, // U+0481
    { 0x048B, 66 }, // U+048B
    { 0x048C, 65 }, // U+048C
    { 0x048D, 59 }, // U+048D
    { 0x048F, 66 }, // U+048F
    { 0x0491, 66 }, // U+0491
    { 0x0492, 65 }, // U+0492
    { 0x0495, 66 }, // U+0495
    { 0x0496, 42 }, // U+0496
    { 0x0497, 52 }, // U+0497
    { 0x0498, 43 }, // U+0498
    { 0x0499, 53 }, // U+0499
    { 0x049B, 66 }, // U+049B
    { 0x049D, 66 }, // U+049D
    { 0x049F, 59 }, // U+049F
    { 0x04A0, 68 }, // U+04A0
    { 0x04A1, 55 }, // U+04A1
    { 0x04A3, 66 }, // U+04A3
    { 0x04A5, 66 }, // U+04A5
    { 0x04A7, 66 }, // U+04A7
    { 0x04A8, 63 }, // U+04A8
    { 0x04A9, 47 }, // U+04A9
    { 0x04AA, 63 }, // U+04AA
    { 0x04AB, 47 }, // U+04AB
    { 0x04AC, 34 }, // U+04AC
    { 0x04AD, 55 }, // U+04AD
    { 0x04AE, 69 }, // U+04AE
    { 0x04AF, 70 }, // U+04AF
    { 0x04B0, 69 }, // U+04B0
    { 0x04B1, 70 }, // U+04B1
    { 0x04B2, 42 }, // U+04B2
    { 0x04B3, 52 }, // U+04B3
    { 0x04B4, 68 }, // U+04B4
    { 0x04B5, 55 }, // U+04B5
    { 0x04B6, 45 }, // U+04B6
    { 0x04B7, 57 }, // U+04B7
    { 0x04B8, 45 }, // U+04B8
    { 0x04B9, 57 }, // U+04B9
    { 0x04BB, 66 }, // U+04BB
    { 0x04BC, 71 }, // U+04BC
    { 0x04BD, 72 }, // U+04BD
    { 0x04BE, 71 }, // U+04BE
    { 0x04BF, 72 }, // U+04BF
    { 0x04C1, 42 }, // U+04C1
    { 0x04C2, 52 }, // U+04C2
    { 0x04C4, 66 }, // U+04C4
    { 0x04C5, 73 }, // U+04C5
    { 0x04C6, 50 }, // U+04C6
    { 0x04C8, 66 }, // U+04C8
    { 0x04CA, 66 }, // U+04CA
    { 0x04CB, 45 }, // U+04CB
    { 0x04CC, 57 }, // U+04CC
    { 0x04CE, 66 }, // U+04CE
    { 0x04D0, 40 }, // U+04D0
    { 0x04D1, 74 }, // U+04D1
    { 0x04D2, 40 }, // U+04D2
    { 0x04D3, 74 }, // U+04D3
    { 0x04D4, 40 }, // U+04D4
    { 0x04D5, 74 }, // U+04D5
    { 0x04D7, 47 }, // U+04D7
    { 0x04D8, 75 }, // U+04D8
    { 0x04D9, 74 }, // U+04D9
    { 0x04DA, 75 }, // U+04DA
    { 0x04DB, 74 }, // U+04DB
    { 0x04DC, 42 }, // U+04DC
    { 0x04DD, 52 }, // U+04DD
    { 0x04DE, 43 }, // U+04DE
    { 0x04DF, 53 }, // U+04DF
    { 0x04E3, 49 }, // U+04E3
    { 0x04E5, 49 }, // U+04E5
    { 0x04E6, 63 }, // U+04E6
    { 0x04E7, 47 }, // U+04E7
    { 0x04E8, 63 }, // U+04E8
    { 0x04E9, 47 }, // U+04E9
    { 0x04EA, 63 }, // U+04EA
    { 0x04EB, 47 }, // U+04EB
    { 0x04EC, 43 }, // U+04EC
    { 0x04ED, 53 }, // U+04ED
    { 0x04EE, 39 }, // U+04EE
    { 0x04EF, 56 }, // U+04EF
    { 0x04F0, 39 }, // U+04F0
    { 0x04F1, 56 }, // U+04F1
    { 0x04F2, 39 }, // U+04F2
    { 0x04F3, 56 }, // U+04F3
    { 0x04F4, 45 }, // U+04F4
    { 0x04F5, 57 }, // U+04F5
    { 0x04F7, 66 }, // U+04F7
    { 0x04F9, 49 }, // U+04F9
    { 0x04FA, 65 }, // U+04FA
    { 0x04FC, 42 }, // U+04FC
    { 0x04FD, 52 }, // U+04FD
    { 0x04FE, 42 }, // U+04FE
    { 0x04FF, 52 }, // U+04FF
    { 0x1EA0, 9 }, // U+1EA0
    { 0x1EA1, 19 }, // U+1EA1
    { 0x1EA2, 9 }, // U+1EA2
    { 0x1EA3, 19 }, // U+1EA3
    { 0x1EA4, 9 }, // U+1EA4
    { 0x1EA5, 19 }, // U+1EA5
    { 0x1EA6, 9 }, // U+1EA6
    { 0x1EA7, 19 }, // U+1EA7
    { 0x1EA8, 9 }, // U+1EA8
    { 0x1EA9, 19 }, // U+1EA9
    { 0x1EAA, 9 }, // U+1EAA
    { 0x1EAB, 19 }, // U+1EAB
    { 0x1EAC, 9 }, // U+1EAC
    { 0x1EAD, 19 }, // U+1EAD
    { 0x1EAE, 9 }, // U+1EAE
    { 0x1EAF, 19 }, // U+1EAF
    { 0x1EB0, 9 }, // U+1EB0
    { 0x1EB1, 19 }, // U+1EB1
    { 0x1EB2, 9 }, // U+1EB2
    { 0x1EB3, 19 }, // U+1EB3
    { 0x1EB4, 9 }, // U+1EB4
    { 0x1EB5, 19 }, // U+1EB5
    { 0x1EB6, 9 }, // U+1EB6
    { 0x1EB7, 19 }, // U+1EB7
    { 0x1EB9, 21 }, // U+1EB9
    { 0x1EBB, 21 }, // U+1EBB
    { 0x1EBD, 21 }, // U+1EBD
    { 0x1EBF, 21 }, // U+1EBF
    { 0x1EC1, 21 }, // U+1EC1
    { 0x1EC3, 21 }, // U+1EC3
    { 0x1EC5, 21 }, // U+1EC5
    { 0x1EC7, 21 }, // U+1EC7
    { 0x1ECC, 10 }, // U+1ECC
    { 0x1ECD, 21 }, // U+1ECD
    { 0x1ECE, 10 }, // U+1ECE
    { 0x1ECF, 21 }, // U+1ECF
    { 0x1ED0, 10 }, // U+1ED0
    { 0x1ED1, 21 }, // U+1ED1
    { 0x1ED2, 10 }, // U+1ED2
    { 0x1ED3, 21 }, // U+1ED3
    { 0x1ED4, 10 }, // U+1ED4
    { 0x1ED5, 21 }, // U+1ED5
    { 0x1ED6, 10 }, // U+1ED6
    { 0x1ED7, 21 }, // U+1ED7
    { 0x1ED8, 10 }, // U+1ED8
    { 0x1ED9, 21 }, // U+1ED9
    { 0x1EDA, 10 }, // U+1EDA
    { 0x1EDB, 21 }, // U+1EDB
    { 0x1EDC, 10 }, // U+1EDC
    { 0x1EDD, 21 }, // U+1EDD
    { 0x1EDE, 10 }, // U+1EDE
    { 0x1EDF, 21 }, // U+1EDF
    { 0x1EE0, 10 }, // U+1EE0
    { 0x1EE1, 21 }, // U+1EE1
    { 0x1EE2, 10 }, // U+1EE2
    { 0x1EE3, 21 }, // U+1EE3
    { 0x1EE4, 14 }, // U+1EE4
    { 0x1EE5, 25 }, // U+1EE5
    { 0x1EE6, 14 }, // U+1EE6
    { 0x1EE7, 25 }, // U+1EE7
    { 0x1EE8, 14 }, // U+1EE8
    { 0x1EE9, 25 }, // U+1EE9
    { 0x1EEA, 14 }, // U+1EEA
    { 0x1EEB, 25 }, // U+1EEB
    { 0x1EEC, 14 }, // U+1EEC
    { 0x1EED, 25 }, // U+1EED
    { 0x1EEE, 14 }, // U+1EEE
    { 0x1EEF, 25 }, // U+1EEF
    { 0x1EF0, 14 }, // U+1EF0
    { 0x1EF1, 25 }, // U+1EF1
    { 0x1EF2, 17 }, // U+1EF2
    { 0x1EF4, 17 }, // U+1EF4
    { 0x1EF5, 27 }, // U+1EF5
    { 0x1EF6, 17 }, // U+1EF6
    { 0x1EF7, 27 }, // U+1EF7
    { 0x1EF8, 17 }, // U+1EF8
    { 0x1EF9, 27 }, // U+1EF9
    { 0x2013, 6 }, // U+2013
    { 0x2014, 6 }, // U+2014
    { 0x2015, 6 }, // U+2015
    { 0x2018, 76 }, // U+2018
    { 0x2019, 2 }, // U+2019
    { 0x201A, 5 }, // U+201A
    { 0x201C, 76 }, // U+201C
    { 0x201D, 2 }, // U+201D
    { 0x201E, 5 }, // U+201E
    { 0x2026, 5 }, // U+2026
    { 0x2039, 29 }, // U+2039
    { 0x203A, 30 }, // U+203A
    { 0xFB00, 22 }, // U+FB00
    { 0xFB01, 22 }, // U+FB01
    { 0xFB02, 22 }, // U+FB02
    { 0xFB03, 22 }, // U+FB03
    { 0xFB04, 22 }, // U+FB04
};

static const int8_t notosans_18_regularKernMatrix[] = {
       0,    0,    0,    0,    0,    0,    0,    0,  -42,    0,    0,    0,   12,    0,   12,    0,    6,    0,  -24,    0,  -36,    0,  -18,    0,  -18,  -18,    0,    0,    0,    0,  -48,    0,   42,   12,    0,    0,    0,  -18,   12,  -42,  -36,   12,    0,   -6,    0,    0,  -24,    0,    0,  -42,    0,    0,   12,  -30,   18,   12,    0,    0,   18,    0,   18,    0,    0,    0,    0,    0,    0,   12,    0,    0,    0,    0,  -36,  -12,    0,    0,
       0,    0,    0,    0,    0,    0,    0,    0,    0,    0,    0,    0,  -36,    0,  -12,    0,  -18,    0,    0,    0,    0,    0,    0,    0,    0,    0,    0,    0,    0,    0,    0,    0,    0,    0,    0,    0,    0,    0,    0,    0,    0,    0,    0,    0,    0,    0,    0,    0,    0,    0,    0,    0,    0,    0,    0,    0,    0,    0,    0,    0,    0,    0,    0,    0,    0,    0,    0,    0,    0,    0,    0,    0,    0,    0,    0,    0,
       0,    0,    0,    0,    0,    0,    0,    0,    0,    0,    0,   54,    0,    0,    0,    0,    0,    0,    0,    0,    0,    0,    0,   24,    0,    0,    0,    0,    0,    0,    0,    0,    0,    0,    0,    0,   60,    0,    0,    0,    0,    0,    0,  -18,    0,    0,    0,    0,    0,    0,    0,    0,    0,    0,    0,    0,    0,    0,    0,    0,    0,   36,    0,    0,    0,    0,    0,    0,    0,    0,    0,    0,    0,    0,    0,    0,
       0,    0,    0,    0,    0,    0,    0,    0,    0,  -30,    0,    0,  -42,  -12,  -36,    0,  -36,    0,    0,    0,    0,    0,    0,    0,    0,    0,    0,    0,    0,    0,    0,    0,    0,  -30,    0,    0,   36,    0,  -12,    0,    0,    0,    0,  -24,  -48,    0,    0,    0,    0,    0,    0,    0,    0,    0,  -24,    0,  -36,    0,    0,    0,    0,    0,  -30,    0,    0,    0,  -36,  -42,  -36,    0,  -36,    0,    0,    0,    0,    0,
       0,    0,    0,    0,    0,    0,    0,    0,    0,    0,    0,    0,  -24,    0,    0,    0,    0,    0,    0,    0,    0,    0,    0,    0,    0,    0,    0,    0,    0,    0,    0,    0,    0,  -24,    0,    0,    0,    0,  -12,    0,    0,   -6,    0,    0,    0,    0,    0,    0,    0,    0,    0,   -6,    0,    0,  -12,    0,    0,    0,    0,    0,    0,    0,    0,    0,    0,    0,    0,  -24,    0,    0,    0,    0,    0,    0,    0,    0,
       0,    0,    0,    0,    0,    0,    0,    0,    0,    0,    0,    0,    0,    0,    0,    0,    0,    0,    0,    0,    0,    0,    0,    0,    0,    0,    0,    0,    0,    0,    0,    0,    0,  -18,    0,    0,    0,    0,    0,    0,    0,   -6,    0,   -6,   -6,    0,    0,    0,    0,    0,    0,    0,    0,    0,    0,    0,   -6,    0,    0,    0,    0,    0,    0,    0,    0,    0,    0,    0,    0,    0,    0,    0,    0,    0,    0,    0,
       0,  -42,    0,    0,    0,    0,    0,    0,    0,  -12,    0,   30,  -42,    0,  -24,    0,  -36,    0,    0,    0,    0,    0,    0,    0,    0,    0,    0,    0,    0,    0,    0,    0,    0,    0,    0,    0,    0,    0,    0,    0,    0,    0,    0,    0,    0,    0,    0,    0,    0,    0,    0,    0,    0,    0,    0,    0,    0,    0,    0,    0,    0,    0,    0,    0,    0,    0,    0,    0,    0,    0,    0,    0,    0,    0,    0,    0,
       0,    0,    0,    0,   -6,    0,    0,    0,    0,    0,    0,    0,    0,    0,    0,    0,    0,    0,    0,    0,    0,    0,    0,    0,    0,    0,    0,    0,    0,    0,    0,    0,    0,    0,    0,    0,    0,    0,    0,    0,    0,    0,    0,    0,    0,    0,    0,    0,    0,    0,    0,    0,    0,    0,    0,    0,    0,    0,    0,    0,    0,    0,    0,    0,    0,    0,    0,    0,    0,    0,    0,    0,    0,    0,    0,    0,
       0,    0,    0,    0,    0,    0,    0,    0,    0,  -12,    0,    0,    0,    0,    0,    0,    0,    0,    0,    0,    0,    0,    0,    0,    0,    0,    0,    0,  -12,    0,    0,    0,    0,    0,    0,    0,    0,    0,    0,    0,    0,    0,    0,    0,    0,    0,    0,    0,    0,    0,    0,    0,    0,    0,    0,    0,    0,    0,    0,    0,    0,    0,    0,    0,    0,    0,    0,    0,    0,    0,    0,    0,    0,    0,    0,    0,
       0,    0,    0,    0,  -24,    0,    0,    0,  -12,    0,    0,    0,  -18,    0,   -6,  -12,   -6,   -6,    0,    0,    0,    0,    0,    0,    0,    0,    0,    0,    0,    0,    0,    0,    0,    0,    0,    0,    0,    0,    0,    0,    0,    0,    0,    0,    0,    0,    0,    0,    0,    0,    0,    0,    0,    0,    0,    0,    0,    0,    0,    0,    0,    0,    0,    0,    0,    0,    0,    0,    0,    0,    0,    0,    0,    0,    0,    0,
       0,    0,    0,    0,    0,    0,    0,    0,    0,    0,    0,   36,    0,    0,    0,    0,    0,    0,    0,    0,    0,    0,    0,    0,    0,    0,    0,    0,    0,    0,    0,    0,    0,    0,    0,    0,    0,    0,    0,    0,    0,    0,    0,    0,    0,    0,    0,    0,    0,    0,    0,    0,    0,    0,    0,    0,    0,    0,    0,    0,    0,    0,    0,    0,    0,    0,    0,    0,    0,    0,    0,    0,    0,    0,    0,    0,
       0,    0,    0,   12,  -36,    0,    0,   12,  -12,    0,    0,    0,    0,    0,    0,    0,    0,    0,    0,    0,    0,    0,    0,    0,    0,    0,    0,    0,    0,    0,    0,    0,    0,    0,    0,    0,    0,    0,    0,    0,    0,    0,    0,    0,    0,    0,    0,    0,    0,    0,    0,    0,    0,    0,    0,    0,    0,    0,    0,    0,    0,    0,    0,    0,    0,    0,    0,    0,    0,    0,    0,    0,    0,    0,    0,    0,
       0,  -48,    0,    0,    0,    0,    0,    0,    0,  -12,    0,    0,  -12,   -6,  -12,    0,  -18,    0,    0,    0,    0,    0,    0,    0,    0,    0,    0,    0,    0,    0,    0,    0,    0,    0,    0,    0,    0,    0,    0,    0,    0,    0,    0,    0,    0,    0,    0,    0,    0,    0,    0,    0,    0,    0,    0,    0,    0,    0,    0,    0,    0,    0,    0,    0,    0,    0,    0,    0,    0,    0,    0,    0,    0,    0,    0,    0,
       0,    0,   -6,    0,  -78,    0,    0,    0,  -30,    0,    0,    0,    0,    0,    0,  -12,    0,   -6,    0,    0,    0,    0,    0,    0,    0,    0,    0,    0,  -12,    0,  -18,    0,    0,    0,    0,    0,    0,    0,    0,    0,    0,    0,    0,    0,    0,    0,    0,    0,    0,    0,    0,    0,    0,    0,    0,    0,    0,    0,    0,    0,    0,    0,    0,    0,    0,    0,    0,    0,    0,    0,    0,    0,    0,    0,    0,    0,
       0,    0,    0,    0,    0,    0,    0,    0,    0,    0,    0,    0,    0,    0,    0,    0,    0,    0,    0,    0,    0,    0,    0,    0,    0,    0,    0,    0,   -6,    0,    0,    0,    0,    0,    0,    0,    0,    0,    0,    0,    0,    0,    0,    0,    0,    0,    0,    0,    0,    0,    0,    0,    0,    0,    0,    0,    0,    0,    0,    0,    0,    0,    0,    0,    0,    0,    0,    0,    0,    0,    0,    0,    0,    0,    0,    0,
       0,    0,  -12,    0,  -36,  -24,    0,   12,  -42,  -12,    0,    0,   12,    0,    0,    0,    0,    0,  -48,    0,  -42,    0,  -42,    0,  -30,  -36,  -12,  -24,  -36,  -18,    0,    0,    0,    0,    0,    0,    0,    0,    0,    0,    0,    0,    0,    0,    0,    0,    0,    0,    0,    0,    0,    0,    0,    0,    0,    0,    0,    0,    0,    0,    0,    0,    0,    0,    0,    0,    0,    0,    0,    0,    0,    0,    0,    0,    0,    0,
       0,    0,    0,    0,  -12,    0,    0,    0,   -6,    0,    0,    0,    0,    0,    0,    0,    0,    0,    0,    0,    0,    0,    0,    0,    0,    0,    0,    0,    0,    0,    0,    0,    0,    0,    0,    0,    0,    0,    0,    0,    0,    0,    0,    0,    0,    0,    0,    0,    0,    0,    0,    0,    0,    0,    0,    0,    0,    0,    0,    0,    0,    0,    0,    0,    0,    0,    0,    0,    0,    0,    0,    0,    0,    0,    0,    0,
       0,    0,    0,    0,  -30,    0,    0,   12,  -24,   -6,    0,    0,    0,    0,    0,    0,    0,    0,  -12,    0,  -12,    0,   -6,    0,   -6,   -6,    0,    0,  -18,   -6,    0,    0,    0,    0,    0,    0,    0,    0,    0,    0,    0,    0,    0,    0,    0,    0,    0,    0,    0,    0,    0,    0,    0,    0,    0,    0,    0,    0,    0,    0,    0,    0,    0,    0,    0,    0,    0,    0,    0,    0,    0,    0,    0,    0,    0,    0,
       0,    0,  -18,    0,  -36,    0,    0,   12,  -36,  -12,    0,    0,    0,    0,    0,    0,    0,    0,  -30,    0,  -30,    0,  -30,    0,  -18,  -24,    0,  -12,  -48,  -18,    0,    0,    0,    0,    0,    0,    0,    0,    0,    0,    0,    0,    0,    0,    0,    0,    0,    0,    0,    0,    0,    0,    0,    0,    0,    0,    0,    0,    0,    0,    0,    0,    0,    0,    0,    0,    0,    0,    0,    0,    0,    0,    0,    0,    0,    0,
       0,    0,    0,    0,    0,    0,    0,    0,    0,   -6,    0,    0,    0,    0,    0,    0,    0,    0,    0,    0,    0,    0,    0,    0,    0,    0,    0,    0,  -12,    0,    0,    0,    0,    0,    0,    0,    0,    0,    0,    0,    0,    0,    0,    0,    0,    0,    0,    0,    0,    0,    0,    0,    0,    0,    0,    0,    0,    0,    0,    0,    0,    0,    0,    0,    0,    0,    0,    0,    0,    0,    0,    0,    0,    0,    0,    0,
       0,    0,    0,    0,    0,    0,    0,    0,    0,    0,    0,   57,    0,    0,    0,    0,    0,    0,    0,    0,    0,    0,    0,    0,    0,    0,    0,    0,    0,    0,    0,    0,    0,    0,    0,    0,    0,    0,    0,    0,    0,    0,    0,    0,    0,    0,    0,    0,    0,    0,    0,    0,    0,    0,    0,    0,    0,    0,    0,    0,    0,    0,    0,    0,    0,    0,    0,    0,    0,    0,    0,    0,    0,    0,    0,    0,
       0,   -6,    0,    0,    0,    0,    0,    0,    0,    0,    0,    0,    0,    0,    0,    0,    0,    0,    0,    0,    0,    0,    0,    0,    0,    0,    0,    0,    0,    0,    0,    0,    0,    0,    0,    0,    0,    0,    0,    0,    0,    0,    0,    0,    0,    0,    0,    0,    0,    0,    0,    0,    0,    0,    0,    0,    0,    0,    0,    0,    0,    0,    0,    0,    0,    0,    0,    0,    0,    0,    0,    0,    0,    0,    0,    0,
       0,   -6,    0,    0,    0,    0,    0,    0,    0,    0,    0,    0,    0,    0,    0,    0,    0,    0,    0,    0,    0,    0,    0,    0,    0,    0,  -12,   -6,    0,    0,    0,    0,    0,    0,    0,    0,    0,    0,    0,    0,    0,    0,    0,    0,    0,    0,    0,    0,    0,    0,    0,    0,    0,    0,    0,    0,    0,    0,    0,    0,    0,    0,    0,    0,    0,    0,    0,    0,    0,    0,    0,    0,    0,    0,    0,    0,
       0,   12,    0,    0,    0,    0,    0,    0,    0,    0,    0,    0,    0,    0,    0,    0,    0,    0,    0,    0,    0,    0,    0,    0,    0,    0,    0,    0,    0,    0,    0,    0,    0,    0,    0,    0,    0,    0,    0,    0,    0,    0,    0,    0,    0,    0,    0,    0,    0,    0,    0,    0,    0,    0,    0,    0,    0,    0,    0,    0,    0,    0,    0,    0,    0,    0,    0,    0,    0,    0,    0,    0,    0,    0,    0,    0,
       0,   36,    0,   24,  -12,    0,    0,    0,    0,    0,    0,    0,    0,    0,    0,    0,    0,    0,    0,    0,    0,    0,    0,    0,    0,    0,    0,    0,    0,    0,    0,    0,    0,    0,    0,    0,    0,    0,    0,    0,    0,    0,    0,    0,    0,    0,    0,    0,    0,    0,    0,    0,    0,    0,    0,    0,    0,    0,    0,    0,    0,    0,    0,    0,    0,    0,    0,    0,    0,    0,    0,    0,    0,    0,    0,    0,
       0,   24,    0,    0,  -96,    0,    0,    0,    0,    0,    0,    0,    0,    0,    0,    0,    0,    0,  -12,    0,  -12,    0,   -6,    0,    0,    0,    0,    0,    0,    0,    0,    0,    0,    0,    0,    0,    0,    0,    0,    0,    0,    0,    0,    0,    0,    0,    0,    0,    0,    0,    0,    0,    0,    0,    0,    0,    0,    0,    0,    0,    0,    0,    0,    0,    0,    0,    0,    0,    0,    0,    0,    0,    0,    0,    0,    0,
       0,   24,    0,    0,  -24,    0,    0,   12,    0,    0,    0,    0,    0,    0,    0,    0,    0,    0,    0,    0,    0,    0,    0,    0,    0,    0,    0,    0,    0,    0,    0,    0,    0,    0,    0,    0,    0,    0,    0,    0,    0,    0,    0,    0,    0,    0,    0,    0,    0,    0,    0,    0,    0,    0,    0,    0,    0,    0,    0,    0,    0,    0,    0,    0,    0,    0,    0,    0,    0,    0,    0,    0,    0,    0,    0,    0,
       0,    0,    0,    0,    0,    0,    0,    0,    0,    0,    0,    0,    0,    0,    0,    0,    0,    0,    0,    0,  -12,    0,    0,    0,    0,    0,    0,    0,    0,    0,    0,    0,    0,    0,    0,    0,    0,    0,    0,    0,    0,    0,    0,    0,    0,    0,    0,    0,    0,    0,    0,    0,    0,    0,    0,    0,    0,    0,    0,    0,    0,    0,    0,    0,    0,    0,    0,    0,    0,    0,    0,    0,    0,    0,    0,    0,
       0,    0,    0,    0,    0,    0,    0,    0,    0,    0,    0,   30,  -12,    0,   -6,    0,  -18,    0,    0,    0,    0,    0,    0,    0,    0,    0,    0,    0,    0,    0,    0,    0,    0,    0,    0,    0,    0,    0,    0,    0,    0,    0,    0,    0,    0,    0,    0,    0,    0,    0,    0,    0,    0,    0,    0,    0,    0,    0,    0,    0,    0,    0,    0,    0,    0,    0,    0,    0,    0,    0,    0,    0,    0,    0,    0,    0,
       0,    0,    0,    0,    0,    0,    0,    0,    0,    0,    0,    0,  -18,    0,   -6,    0,  -18,    0,    0,    0,    0,    0,    0,    0,    0,    0,    0,    0,    0,    0,    0,    0,    0,  -18,    0,    0,    0,    0,    0,   -6,    0,    0,    0,    0,    0,    0,    0,    0,    0,    0,    0,    0,    0,    0,    0,    0,    0,    0,    0,    0,    0,    0,    0,    0,    0,    0,    0,   -6,    0,    0,    0,    0,    0,    0,    0,    0,
       0,    0,    0,    0,    0,    0,    0,    0,    0,    0,    0,    0,  -36,    0,  -18,  -12,  -48,    0,    0,    0,    0,    0,    0,    0,    0,    0,    0,    0,    0,    0,    0,    0,    0,  -36,    0,    0,    0,    0,  -12,    0,    0,  -12,    0,    0,  -12,    0,    0,    0,    0,    0,    0,    0,    0,    0,    0,    0,    0,    0,    0,    0,    0,    0,    0,    0,    0,    0,    0,  -24,    0,    0,    0,    0,    0,    0,    0,    0,
       0,    0,    0,    0,    0,    0,    0,    0,    0,    0,    0,   60,  -24,    0,  -18,    0,  -24,    0,    0,    0,    0,    0,    0,    0,    0,    0,    0,    0,    0,    0,    0,    0,    0,    0,    0,    0,    0,    0,    0,    0,    0,    0,    0,    0,    0,    0,    0,    0,    0,    0,    0,    0,    0,    0,    0,    0,    0,    0,    0,    0,    0,    0,    0,    0,    0,    0,    0,    0,    0,    0,    0,    0,    0,    0,    0,    0,
       0,    0,    0,   30,    0,    0,    0,    0,    0,    0,    0,    0,    0,    0,    0,    0,    0,    0,    0,    0,    0,    0,    0,    0,    0,    0,    0,    0,    0,    0,    0,    0,    0,    0,    0,    0,    0,    0,    0,    0,    0,    0,    0,    0,    0,    0,    0,    0,    0,    0,    0,    0,    0,    0,    0,    0,    0,    0,    0,    0,    0,    0,    0,    0,    0,    0,    0,    0,    0,    0,    0,    0,    0,    0,    0,    0,
       0,  -42,    0,    0,    0,    0,    0,    0,    0,  -12,    0,   66,  -42,    0,  -24,    0,  -36,    0,    0,    0,    0,    0,    0,    0,    0,    0,    0,    0,    0,    0,    0,    0,    0,    0,    0,    0,    0,    0,    0,    0,    0,    0,    0,    0,    0,    0,    0,    0,    0,    0,    0,    0,    0,    0,    0,    0,    0,    0,    0,    0,    0,    0,    0,    0,    0,    0,    0,    0,    0,    0,    0,    0,    0,    0,    0,    0,
      30,   30,    0,   54,    0,    0,    0,   54,    0,    0,    0,    0,    0,    0,    0,    0,    0,    0,    0,   18,    0,    0,    0,    0,    0,    0,    0,    0,    0,    0,    0,   42,    0,    0,    0,    0,    0,    0,    0,    0,    0,    0,    0,    0,    0,    0,    0,    0,    0,    0,    0,    0,    0,    0,    0,    0,    0,    0,    0,    0,    0,    0,    0,    0,    0,    0,    0,    0,    0,    0,    0,    0,    0,    0,    0,   42,
       0,    0,    0,   30,    0,    0,    0,    0,    0,    0,    0,    0,    0,    0,    0,    0,    0,    0,    0,    0,    0,    0,    0,    0,    0,    0,    0,    0,    0,    0,    0,    0,   78,    0,    0,    0,    0,    0,    0,    0,    0,    0,    0,    0,    0,    0,    0,    0,    0,    0,    0,    0,    0,    0,    0,    0,    0,    0,    0,    0,    0,    0,    0,    0,    0,    0,    0,    0,    0,    0,    0,    0,    0,    0,    0,    0,
       0,    0,    0,    0,    0,    0,    0,    0,    0,    0,    0,   30,    0,    0,    0,    0,    0,    0,    0,    0,    0,    0,    0,    0,    0,    0,    0,    0,    0,    0,    0,    0,    0,    0,    0,    0,    0,    0,    0,    0,    0,    0,    0,    0,    0,    0,    0,    0,    0,    0,    0,    0,    0,    0,    0,    0,    0,    0,    0,    0,    0,    0,    0,    0,    0,    0,    0,    0,    0,    0,    0,    0,    0,    0,    0,    0,
      42,   66,    0,   72,    0,    0,    0,   66,    0,    0,    0,    0,    0,    0,    0,    0,    0,    0,    0,    0,    0,    0,    0,    0,    0,    0,    0,    0,    0,    0,    0,    0,    0,    0,    0,    0,    0,    0,    0,    0,    0,    0,    0,    0,    0,    0,    0,    0,    0,    0,    0,    0,    0,    0,    0,    0,    0,    0,    0,    0,    0,    0,    0,    0,    0,    0,    0,    0,    0,    0,    0,    0,    0,    0,    0,   42,
       0,    0,    0,    0,    0,    0,    0,    0,  -12,    0,   12,    0,   36,    0,   42,   30,   36,    0,    0,    0,    0,    0,    0,    0,    0,    0,    0,    0,    0,    0,    0,    0,    0,    0,    0,    0,    0,    0,    0,    0,    0,    0,    0,    0,    0,    0,    0,    0,    0,    0,    0,    0,    0,    0,    0,    0,    0,    0,    0,    0,    0,    0,    0,    0,    0,    0,    0,    0,    0,    0,    0,    0,    0,    0,    0,    0,
       0,    0,    0,    0,    0,    0,    0,    0,    0,    0,    0,    0,    0,    0,    0,    0,    0,    0,    0,   12,    0,   24,    0,    0,    0,    0,   30,    0,    0,    0,    0,    0,    0,    0,    0,    0,    0,    0,    0,    0,    0,    0,    0,    0,    0,    0,    0,    0,    0,    0,    0,    0,    0,    0,    0,    0,    0,    0,    0,    0,    0,    0,    0,    0,    0,    0,    0,    0,    0,    0,    0,    0,    0,    0,    0,    0,
       0,    0,    0,    0,    0,    0,    0,    0,  -18,   -6,   12,    0,   42,    0,   42,   30,   36,    0,  -18,    0,  -12,    0,  -12,    0,    0,    0,    0,    0,    0,    0,    0,    0,    0,    0,    0,    0,    0,    0,    0,    0,    0,    0,    0,    0,    0,    0,    0,    0,    0,    0,    0,    0,    0,    0,    0,    0,    0,    0,    0,    0,    0,    0,    0,    0,    0,    0,    0,    0,    0,    0,    0,    0,    0,    0,    0,    0,
       0,    0,    0,    0,    0,    0,    0,    0,    0,    0,    0,    0,    0,    0,    0,    0,    0,    0,    0,   12,    0,   30,    0,    0,    0,    0,   30,    0,    0,    0,    0,    0,    0,    0,    0,    0,    0,    0,    0,    0,    0,    0,    0,    0,    0,    0,    0,    0,    0,    0,    0,    0,    0,    0,    0,    0,    0,    0,    0,    0,    0,    0,    0,    0,    0,    0,    0,    0,    0,    0,    0,    0,    0,    0,    0,    0,
       0,    0,    0,    0,    0,    0,    0,    0,    0,    0,    0,    0,    0,    0,    0,    0,    0,    0,    0,    0,    0,    0,    0,    0,    0,    0,    0,    0,    0,    0,    0,    0,    0,    0,    0,    0,   30,    0,    0,    0,    0,    0,    0,    0,    0,    0,    0,    0,    0,    0,    0,    0,    0,    0,    0,    0,    0,    0,    0,    0,    0,    0,    0,    0,    0,    0,    0,    0,    0,    0,    0,    0,    0,    0,    0,    0,
       0,  -42,    0,    0,    0,    0,    0,    0,    0,    0,    0,    0,    0,    0,    0,    0,    0,    0,    0,    0,    0,    0,    0,    0,    0,    0,    0,    0,    0,    0,    0,    0,    0,  -30,    0,    0,    0,    0,  -12,    0,    0,    0,    0,    0,  -18,    0,    0,    0,    0,    0,    0,    0,    0,    0,  -12,  -12,  -12,    0,    0,    0,    0,    0,    0,    0,  -12,    0,  -24,  -36,  -30,  -12,    0,    0,    0,    0,    0,  -18,
       0,   12,    0,    0,  -30,  -24,  -18,    0,    0,    0,    0,    0,    0,    0,    0,    0,    0,    0,    0,    0,    0,    0,    0,    0,    0,    0,    0,    0,    0,  -18,    0,    0,    0,   12,  -12,    0,    0,  -15,    0,  -42,  -15,    0,    0,  -21,    0,    0,  -24,  -12,  -18,  -24,  -24,   -6,   -6,  -18,   -6,  -12,  -18,  -24,    0,  -12,    0,    0,    0,    0,    0,    0,    0,    6,    0,    0,    0,    0,    0,    0,    0,    0,
       0,    0,    0,    0,    0,    0,    0,    0,    0,    0,    0,    0,    0,    0,    0,    0,    0,    0,    0,    0,    0,    0,    0,    0,    0,    0,    0,    0,  -12,    0,    0,    0,    0,    0,  -12,    0,    0,    0,    0,    0,    0,    0,    0,  -18,    0,    0,    0,    0,    0,    0,    0,    0,    0,    0,    0,    0,  -12,    0,    0,    0,    0,    0,  -12,    0,    0,    0,    0,    0,    0,    0,  -12,    0,    0,    0,    0,    0,
       0,    0,    0,    0,  -12,    0,    0,    0,    0,    0,    0,    0,    0,    0,    0,    0,    0,    0,    0,    0,    0,    0,    0,    0,    0,    0,    0,    0,    0,    0,    0,    0,    0,    0,    0,    0,    0,    0,    0,    0,    0,    0,    0,   -6,    0,    0,    0,    0,    0,    0,    0,    0,    0,    0,    0,    0,    0,    0,    0,    0,    0,    0,    0,    0,    0,    0,    0,    0,    0,    0,    0,    0,    0,    0,    0,    0,
       0,  -54,    0,    0,   -6,    0,    0,    0,    0,    0,    0,    0,    0,    0,    0,    0,    0,    0,    0,    0,    0,    0,    0,    0,    0,    0,    0,    0,    0,    0,    0,    0,    0,  -36,    0,    0,    0,    0,  -12,    0,    0,    0,    0,    0,  -18,    0,    0,    0,    0,    0,    0,  -12,    0,    0,  -12,  -12,    0,  -12,    0,    0,    0,    0,    0,    0,    0,    0,    0,  -18,    0,    0,    0,    0,    0,    0,    0,  -36,
       0,   12,    0,    0,    0,   -6,   -6,    0,    0,    0,    0,    0,    0,    0,    0,    0,    0,    0,    0,    0,    0,    0,    0,    0,    0,    0,    0,    0,  -12,    0,    0,    0,    0,    0,  -12,    0,    0,    0,    0,    0,    0,    0,    0,  -24,   -6,    0,   -6,  -12,    0,    0,  -12,    0,    0,    0,   -6,   -6,  -12,    0,    0,    0,    0,    0,  -12,    0,    0,    0,    0,    0,    0,    0,  -30,    0,    0,    0,    0,    0,
       0,   12,    0,    0,  -42,  -12,   -6,    0,    0,    0,    0,    0,    0,    0,    0,    0,    0,    0,    0,    0,    0,    0,    0,    0,    0,    0,    0,    0,  -30,  -12,    0,    0,    0,    0,  -24,  -12,    0,  -54,    0,  -72,  -60,    0,    0,  -18,    0,  -18,  -30,  -24,   -6,  -60,  -36,  -18,  -12,  -30,    0,    0,  -12,  -30,   30,  -18,    0,    0,   -6,    0,    0,    0,    0,    0,    0,    0,  -12,  -18,  -30,    0,    0,    0,
       0,  -42,    0,    0,    0,    0,    0,    0,    0,    0,    0,    0,    0,    0,    0,    0,    0,    0,    0,    0,    0,    0,    0,    0,    0,    0,    0,    0,    0,   -6,    0,    0,    0,  -42,  -12,    0,   30,    0,  -18,    0,    0,    0,    0,  -21,  -36,    0,    0,    0,    0,    0,   -6,    0,    0,    0,  -18,  -12,  -18,    0,    0,    0,    0,    0,    0,    0,  -12,    0,  -24,  -30,  -36,    0,  -30,    0,    0,    0,   -6,  -24,
       0,    0,    0,    0,    0,    0,    0,    0,    0,    0,    0,    0,    0,    0,    0,    0,    0,    0,    0,    0,    0,    0,    0,    0,    0,    0,    0,    0,    0,    0,    0,    0,    0,    0,    0,    0,    0,    0,    0,    0,    0,    0,    0,    0,    0,    0,    0,    0,    0,    0,    0,   -6,    0,    0,    0,   -6,    0,    0,    0,    0,    0,    0,    0,    0,    0,    0,    0,    0,    0,    0,    0,    0,    0,    0,    0,    0,
       0,    0,    0,  -15,    0,    0,    0,    0,    0,    0,    0,    0,    0,    0,    0,    0,    0,    0,    0,    0,    0,    0,    0,    0,    0,    0,    0,    0,    0,    0,    0,    0,    0,    0,    0,    0,    0,    0,    0,    0,    0,    0,    0,    0,    0,    0,    0,    0,    0,    0,    0,   -6,    0,    0,    0,    0,   -9,   -6,    0,    0,    0,    0,    0,    0,    0,    0,    0,    0,    0,    0,    0,    0,    0,    0,    0,    0,
       0,    0,    0,    0,   18,    0,    0,    0,    0,    0,    0,    0,    0,    0,    0,    0,    0,    0,    0,    0,    0,    0,    0,    0,    0,    0,    0,    0,    0,    0,    0,    0,    0,    0,    0,    0,   54,   18,    0,    0,   24,    0,    0,   -6,  -15,    0,    0,    0,    0,   18,    0,    0,    0,   18,   -6,   18,  -12,    0,    0,    0,    0,   42,    0,    0,    0,    0,    0,    0,    0,    0,    0,    0,    0,    0,    0,    0,
       0,    0,    0,    0,  -24,    0,    0,    0,    0,    0,    0,    0,    0,    0,    0,    0,    0,    0,    0,    0,    0,    0,    0,    0,    0,    0,    0,    0,    0,    0,    0,    0,    0,  -12,    0,    0,    0,   -6,  -24,  -12,   -6,  -12,   -6,    0,    0,    0,    0,    0,    0,   -6,    0,   -9,    0,   -6,    0,    0,    0,   -6,    0,    0,    0,    0,    0,    0,    0,    0,   -6,   -6,   -6,    0,    0,    0,  -12,    0,    0,    0,
       0,    0,    0,    0,  -78,   -6,   -6,    0,    0,    0,    0,    0,    0,    0,    0,    0,    0,    0,    0,    0,    0,    0,    0,    0,    0,    0,    0,    0,  -12,   -6,    0,    0,    0,    0,    0,    0,    0,  -36,  -12,  -30,  -36,  -12,    0,   -6,    0,    0,  -15,    0,    0,  -30,   -6,    0,    0,  -24,    0,    0,    0,   -6,    0,    0,    0,    0,    0,    0,    0,    0,    0,    0,    0,    0,    0,    0,  -36,    0,    0,    0,
       0,   -6,    0,  -18,  -24,    0,   -6,    0,    0,    0,    0,    0,    0,    0,    0,    0,    0,    0,    0,    0,    0,    0,    0,    0,    0,    0,    0,    0,    0,    0,    0,    0,    0,  -21,    0,   -6,    0,  -15,  -18,  -21,  -18,  -24,  -18,    0,    0,   -6,    0,    0,    0,  -15,    0,   -9,    0,   -9,    0,    0,    0,   -6,    0,    0,    0,    0,    0,    0,    0,    0,    0,  -12,    0,    0,    0,    0,    0,    0,    0,    0,
       0,   -6,    0,    0,    0,    0,    0,    0,    0,    0,    0,    0,    0,    0,    0,    0,    0,    0,    0,    0,    0,    0,    0,    0,    0,    0,    0,    0,    0,    0,    0,    0,    0,  -24,    0,    0,    0,    0,  -24,    0,    0,    0,    0,    0,    0,    0,    0,    0,    0,    0,    0,  -12,    0,    0,   -6,   -6,    0,    0,    0,    0,    0,    0,    0,    0,    0,    0,    0,    0,    0,    0,    0,    0,    0,    0,    0,    0,
       0,    0,    0,    0,    0,    0,    0,    0,    0,    0,    0,    0,    0,    0,    0,    0,    0,    0,    0,    0,    0,    0,    0,    0,    0,    0,    0,    0,    0,    0,    0,    0,    0,  -36,    0,    0,    0,    0,  -24,   -6,    0,  -18,    0,    0,    0,  -12,    0,    0,    0,   -6,    0,  -12,    0,    0,   -6,  -18,   -6,   -6,    0,    0,    0,    0,    0,    0,    0,    0,    0,    0,    0,    0,    0,    0,    0,    0,    0,    0,
       0,    0,    0,   -6,    0,    0,    0,    0,    0,    0,    0,    0,    0,    0,    0,    0,    0,    0,    0,    0,    0,    0,    0,    0,    0,    0,    0,    0,    0,    0,    0,    0,    0,  -18,    0,    0,    0,    0,   -6,    0,    0,   -6,    0,    0,    0,   -6,    0,    0,    0,    0,    0,  -12,    0,    0,   -6,   -6,    0,    0,    0,    0,    0,    0,    0,    0,    0,    0,    0,    0,    0,    0,    0,    0,    0,    0,    0,    0,
       0,   18,    0,    0,  -24,  -12,    0,    0,    0,    0,    0,    0,    0,    0,    0,    0,    0,    0,    0,    0,    0,    0,    0,    0,    0,    0,    0,    0,    0,    0,    0,    0,    0,    0,    0,    0,    0,  -12,    0,  -18,  -18,   -6,    0,    0,    0,    0,    0,    0,    0,  -24,   -6,    0,    0,  -18,    0,    0,    0,    0,    0,    0,    0,    0,    0,    0,    0,    0,    0,    0,    0,    0,    0,    0,    0,    0,    0,   24,
       0,   -6,    0,    0,   12,    0,    0,    0,    0,    0,    0,    0,    0,    0,    0,    0,    0,    0,    0,    0,    0,    0,    0,    0,    0,    0,    0,    0,    0,    0,    0,    0,    0,  -18,    0,    0,   60,   12,    0,    0,   18,    0,    0,    0,   -9,    0,    0,    0,    0,   12,    0,    0,    0,   15,   -9,    0,  -18,    0,    0,    0,    0,   36,    0,    0,    0,    0,    0,    0,    0,    0,    0,    0,    0,    0,    0,    0,
       0,    0,    0,    0,    0,    0,    0,    0,    0,    0,    0,    0,    0,    0,    0,    0,    0,    0,    0,    0,    0,    0,    0,    0,    0,    0,    0,    0,    0,    0,    0,    0,    0,  -24,    0,    0,    0,    0,  -24,   -6,    0,  -12,    0,    0,    0,  -12,    0,    0,    0,   -6,    0,  -12,    0,    0,   -6,  -18,   -6,   -6,    0,    0,    0,    0,    0,    0,    0,    0,    0,    0,    0,    0,    0,    0,    0,    0,    0,    0,
       0,    0,    0,    0,    0,   -6,    0,    0,    0,    0,    0,    0,    0,    0,    0,    0,    0,    0,    0,    0,    0,    0,    0,    0,    0,    0,    0,    0,    0,    0,    0,    0,    0,   -6,   -9,    0,    0,    0,   -6,    0,    0,    0,    0,   -9,   -6,    0,  -12,    0,    0,    0,  -12,    0,    0,    0,    0,    0,  -12,   -6,    0,    0,    0,    0,    0,    0,    0,    0,    0,    0,    0,    0,    0,  -12,    0,    0,    0,   18,
       0,    0,    0,    0,    0,    0,    0,    0,    0,    0,    0,    0,    0,    0,    0,    0,    0,    0,    0,    0,    0,    0,    0,    0,    0,    0,    0,    0,    0,    0,    0,    0,    0,  -18,    0,    0,    0,    0,    0,    0,    0,    0,    0,    0,    0,    0,    0,    0,    0,    0,    0,    0,    0,    0,    0,    0,    0,    0,   -3,    0,    0,    0,    0,    0,    0,    0,    0,    0,    0,    0,    0,    0,    0,    0,    0,    0,
       0,   12,    0,    0,    0,    0,    0,    0,    0,    0,    0,    0,    0,    0,    0,    0,    0,    0,    0,    0,    0,    0,    0,    0,    0,    0,    0,    0,    0,    0,    0,    0,    0,  -12,    0,    0,    0,    0,    0,    0,    0,    0,    0,    0,    0,    0,    0,    0,    0,    0,   -6,    0,    0,    0,    0,    0,    0,   -6,    0,    0,    0,    0,    0,    0,    0,    0,    0,    0,    0,    0,    0,    0,    0,    0,    0,    0,
       0,   12,    0,    0,  -24,    0,    0,    0,    0,    0,    0,    0,    0,    0,    0,    0,    0,    0,    0,    0,    0,    0,    0,    0,    0,    0,    0,    0,    0,    0,    0,    0,    0,    0,    0,    0,    0,  -12,    0,  -12,  -18,   -6,    0,    0,    0,    0,   -6,    0,    0,  -30,  -18,    0,    0,  -30,    0,    0,    0,  -18,    0,    0,    0,    0,    0,    0,    0,    0,    0,    0,    0,    0,    0,    0,    0,    0,    0,   24,
       0,  -48,    0,    0,    0,    0,   -6,    0,    0,    0,    0,    0,    0,    0,    0,    0,    0,    0,    0,    0,    0,    0,    0,    0,    0,    0,    0,    0,    0,    0,    0,    0,    0,  -36,    0,    0,    0,    0,  -12,   -6,    0,   -6,    0,   -6,  -42,  -12,    0,    0,    0,    0,    0,  -12,    0,    0,  -36,  -27,  -24,  -12,    0,    0,    0,    0,    0,  -12,    0,    0,    0,    0,    0,  -18,    0,  -12,    0,    0,    0,  -18,
       0,   -6,    0,    0,    0,    0,    0,    0,    0,    0,    0,    0,    0,    0,    0,    0,    0,    0,    0,    0,    0,    0,    0,    0,    0,    0,    0,    0,    0,    0,    0,    0,    0,  -24,    0,    0,   48,    0,    0,    0,    0,    0,    0,    0,    0,    0,    0,    0,    0,    0,    0,    0,    0,    0,  -18,  -30,    0,    0,    0,    0,    0,   12,    0,    0,    0,    0,    0,    0,    0,    0,    0,    0,    0,    0,    0,    0,
       0,    0,    0,    0,    0,    0,    0,    0,    0,    0,    0,    0,    0,    0,    0,    0,    0,    0,    0,    0,    0,    0,    0,    0,    0,    0,    0,    0,    0,    0,    0,    0,    0,  -12,    0,    0,    0,    0,  -18,    0,    0,    0,    0,    0,    0,   -6,    0,    0,    0,    0,    0,    0,    0,    0,    0,    0,    0,  -12,    0,    0,    0,    0,    0,    0,    0,    0,    0,    0,    0,    0,    0,    0,    0,    0,    0,    0,
       0,   18,    0,    0,    0,    0,    0,    0,    0,    0,    0,    0,    0,    0,    0,    0,    0,    0,    0,    0,    0,    0,    0,    0,    0,    0,    0,    0,    0,    0,    0,    0,    0,   12,    0,    0,    0,    0,    0,    0,    0,    0,    0,    0,    0,    0,    0,    0,    0,    0,    0,    0,    0,    0,    0,    0,    0,    0,   18,    0,    6,    0,    0,    0,    0,    0,    0,    0,    0,    0,    0,    0,    0,    0,    0,    0,
       0,    0,    0,    0,    0,    0,    0,    0,    0,    0,    0,    0,    0,    0,    0,    0,    0,    0,    0,    0,    0,    0,    0,    0,    0,    0,    0,    0,    0,    0,    0,    0,    0,    0,    0,    0,   18,    0,    0,    0,    0,    0,    0,    0,    0,    0,    0,    0,    0,    0,    0,    0,    0,    0,    0,    0,    0,    0,    0,    0,    0,   12,    0,    0,    0,    0,    0,    0,    0,    0,    0,    0,    0,    0,    0,    0,
       0,   -6,    0,    0,    0,    0,    0,    0,    0,    0,    0,    0,    0,    0,    0,    0,    0,    0,    0,    0,    0,    0,    0,    0,    0,    0,    0,    0,    0,    0,    0,    0,    0,  -24,    0,    0,   24,    0,    0,    0,    0,    0,    0,    0,    0,    0,    0,    0,    0,    0,    0,    0,    0,    0,  -18,  -30,    0,    0,    0,    0,    0,    0,    0,    0,    0,    0,    0,    0,    0,    0,    0,    0,    0,    0,    0,    0,
       0,    0,    0,    0,  -24,    0,    0,    0,    0,    0,    0,    0,    0,    0,    0,    0,    0,    0,    0,    0,    0,    0,    0,    0,    0,    0,    0,    0,    0,    0,    0,    0,    0,    0,    0,    0,    0,    0,    0,    0,    0,    0,    0,    0,    0,    0,    0,    0,    0,  -12,    0,    0,    0,    0,    0,    0,    0,    0,    0,    0,    0,    0,    0,    0,    0,    0,    0,    0,    0,    0,    0,    0,    0,    0,    0,    0,
       0,  -24,    0,    0,    0,    0,    0,    0,    0,    0,    0,    0,    0,    0,    0,    0,    0,    0,    0,    0,    0,    0,    0,    0,    0,    0,    0,    0,    0,    0,    0,    0,    0,  -24,    0,    0,    0,    0,    0,    0,    0,    0,    0,    0,  -24,    0,    0,    0,    0,    0,    0,    0,    0,    0,  -12,    0,    0,    0,    0,    0,    0,    0,    0,    0,    0,    0,  -18,  -12,  -18,    0,    0,    0,    0,    0,    0,    0,
       0,  -42,    0,    0,    0,    0,    0,    0,    0,    0,    0,    0,    0,    0,    0,    0,    0,    0,    0,    0,    0,    0,    0,    0,    0,    0,    0,    0,    0,    0,    0,    0,    0,    0,    0,    0,    0,    0,    0,    0,    0,    0,    0,    0,    0,    0,  -12,    0,    0,    0,    0,    0,    0,    0,  -30,  -18,  -18,    0,    0,    0,    0,    0,    0,  -12,    0,    0,    0,    0,    0,  -12,    0,  -12,    0,    0,    0,    0,
       0,    0,    0,    0,  -24,    0,    0,    0,    0,    0,    0,    0,    0,    0,    0,    0,    0,    0,    0,    0,    0,    0,    0,    0,    0,    0,    0,    0,    0,    0,    0,    0,    0,    0,    0,    0,    0,    0,    0,    0,    0,    0,    0,    0,    0,    0,    0,    0,    0,    0,    0,    0,    0,    0,    0,    0,    0,    0,    0,    0,    0,    0,    0,    0,    0,    0,   -6,    0,   -6,    0,    0,    0,    0,    0,    0,    0,
       0,    0,    0,    0,  -36,  -24,    0,    0,    0,    0,    0,    0,    0,    0,    0,    0,    0,    0,    0,    0,    0,    0,    0,    0,    0,    0,    0,    0,  -36,  -18,    0,    0,    0,   12,  -12,    0,    0,  -24,    0,  -42,  -30,    0,    0,  -21,    0,    0,  -42,    0,    0,  -36,    0,  -12,  -12,    0,  -24,  -24,  -30,    0,    0,    0,    0,    0,  -12,  -12,    0,  -30,    0,    0,    0,  -24,  -30,  -42,  -30,  -48,    0,    0,
       0,    0,    0,    0,  -30,  -12,    0,    0,    0,    0,    0,    0,    0,    0,    0,    0,    0,    0,    0,    0,    0,    0,    0,    0,    0,    0,    0,    0,    0,    0,    0,    0,    0,    0,    0,    0,    0,    0,    0,  -18,    0,    0,    0,    0,    0,    0,   -6,    0,    0,  -24,   -6,    0,    0,  -18,    0,    0,    0,    0,    0,    0,    0,    0,    0,    0,    0,    0,    0,    0,    0,    0,    0,    0,    0,    0,    0,    0,
       0,    0,    0,    0,  -30,  -12,    0,    0,    0,    0,    0,    0,    0,    0,    0,    0,    0,    0,    0,    0,    0,    0,    0,    0,    0,    0,    0,    0,    0,    0,    0,    0,    0,   12,    0,    0,    0,    0,    0,  -36,    0,    0,    0,    0,    0,    0,  -24,    0,    0,  -30,    0,  -12,  -12,    0,    0,    0,  -30,    0,   12,    0,    0,    0,  -12,    0,    0,  -18,    0,   12,    0,    0,  -12,  -18,  -24,    0,    0,    0,
       0,    0,    0,    0,  -18,    0,    0,    0,    0,    0,    0,    0,    0,    0,    0,    0,    0,    0,    0,    0,    0,    0,    0,    0,    0,    0,    0,    0,    0,    0,    0,    0,    0,    0,    0,    0,    0,    0,    0,    0,    0,    0,    0,    0,    0,    0,  -12,    0,    0,  -18,    0,    0,    0,    0,    0,    0,    0,    0,    0,    0,    0,    0,    0,    0,    0,    0,    0,    0,    0,    0,    0,    0,    0,    0,    0,    0,
       0,    0,    0,    0,    0,    0,    0,    0,    0,    0,    0,    0,    0,    0,    0,    0,    0,    0,    0,    0,    0,    0,    0,    0,    0,    0,    0,    0,    0,    0,    0,    0,    0,    0,    0,    0,    0,    0,    0,    0,    0,    0,    0,    0,    0,    0,    0,    0,    0,    0,    0,    0,    0,    0,  -12,    0,  -30,    0,    0,    0,    0,    0,  -12,    0,    0,    0,    0,    0,    0,    0,  -30,  -12,    0,    0,    0,    0,
       0,    0,    0,    0,    0,    0,    0,    0,    0,    0,    0,    0,    0,    0,    0,    0,    0,    0,    0,    0,    0,    0,    0,    0,    0,    0,    0,    0,    0,    0,    0,    0,    0,    0,    0,    0,    0,    0,    0,    0,    0,    0,    0,    0,    0,    0,   -6,    0,    0,    0,    0,    0,    0,    0,    0,    0,   -6,    0,    0,    0,    0,    0,    0,    0,    0,    0,    0,    0,    0,    0,    0,    0,    0,    0,    0,    0,
       0,    0,    0,    0,  -36,    0,    0,    0,    0,    0,    0,    0,    0,    0,    0,    0,    0,    0,    0,    0,    0,    0,    0,    0,    0,    0,    0,    0,    0,    0,    0,    0,    0,    0,    0,    0,    0,    0,    0,  -36,    0,    0,    0,    0,    0,    0,  -30,    0,    0,  -30,    0,    0,    0,    0,    0,    0,  -24,    0,   12,    0,    0,    0,  -12,    0,    0,  -18,    0,    0,    0,    0,    0,  -24,  -24,  -24,   -6,    0,
       0,    0,    0,    0,  -24,    0,    0,    0,    0,    0,    0,    0,    0,    0,    0,    0,    0,    0,    0,    0,    0,    0,    0,    0,    0,    0,    0,    0,    0,    0,    0,    0,    0,    0,    0,    0,    0,    0,    0,    0,    0,    0,    0,    0,    0,    0,    0,    0,    0,   -6,    0,    0,    0,    0,    0,    0,    0,    0,    0,    0,    0,    0,    0,    0,    0,    0,    0,    0,    0,    0,    0,    0,    0,    0,    0,    0,
       0,    0,    0,    0,    0,    0,    0,    0,    0,    0,    0,    0,    0,    0,    0,    0,    0,    0,    0,    0,    0,    0,    0,    0,    0,    0,    0,    0,    0,    0,    0,    0,    0,  -12,    0,    0,    0,    0,    0,    0,    0,    0,    0,    0,    0,    0,    0,    0,    0,    0,    0,    0,    0,    0,    0,    0,    0,    0,    0,    0,    0,    0,    0,    0,    0,    0,   -6,    0,   -6,    0,    0,    0,    0,    0,    0,    0,
       0,   -6,    0,    0,    0,    0,    0,    0,    0,    0,    0,    0,    0,    0,    0,    0,    0,    0,    0,    0,    0,    0,    0,    0,    0,    0,    0,    0,    0,    0,    0,    0,    0,    0,    0,    0,    0,    0,    0,    0,    0,    0,    0,    0,    0,    0,    0,    0,    0,    0,    0,  -12,    0,    0,    0,   -6,    0,    0,    0,    0,    0,    0,    0,    0,    0,    0,    0,    0,    0,    0,    0,    0,    0,    0,    0,    0,
};

static const EpdLigaturePair notosans_18_regularLigaturePairs[] = {
    { 0x00660066, 0xFB00 }, // f f -> U+FB00
    { 0x00660069, 0xFB01 }, // f i -> U+FB01
    { 0x0066006C, 0xFB02 }, // f l -> U+FB02
    { 0xFB000069, 0xFB03 }, // U+FB00 i -> U+FB03
    { 0xFB00006C, 0xFB04 }, // U+FB00 l -> U+FB04
};

static const EpdFontData notosans_18_regular = {
    notosans_18_regularBitmaps,
    notosans_18_regularGlyphs,
    notosans_18_regularIntervals,
    18,
    51,
    41,
    -11,
    true,
    nullptr,
    0,
    nullptr,
    notosans_18_regularKernLeftClasses,
    notosans_18_regularKernRightClasses,
    notosans_18_regularKernMatrix,
    478,
    474,
    87,
    76,
    notosans_18_regularLigaturePairs,
    5,
    nullptr,
    nullptr,
    nullptr,
    1,
};
