/**
 * generated by fontconvert.py
 * name: notosans_18_italic
 * size: 18
 * mode: 2-bit  compressed: true
 * Command used: fontconvert.py notosans_18_italic 18 ../builtinFonts/source/NotoSans/NotoSans-Italic.ttf --2bit --compress --pnum
 */
#pragma once
#include "EpdFontData.h"

static const uint8_t notosans_18_italicBitmaps[27168] = {
    0x00, 0x34, 0xC5, 0xC8, 0xAA, 0xF2, 0xB7, 0xA7, 0x01, 0x0F, 0x96, 0x23, 0x4F, 0xF2, 0x95, 0x9E,
    0x68, 0x00, 0x07, 0x21, 0xF9, 0xE1, 0xD6, 0xF7, 0xC8, 0x08, 0xC6, 0xD5, 0xF0, 0x00, 0x4C, 0x31,
    0xF4, 0x40, 0x1A, 0x58, 0x0D, 0xF4, 0x50, 0xE9, 0xFC, 0xCB, 0xCA, 0xA5, 0x43, 0xF1, 0x65, 0xA4,
    0x97, 0xA3, 0xD9, 0xED, 0x7B, 0xF6, 0xF4, 0x7E, 0x96, 0xA3, 0x13, 0x7F, 0x05, 0x44, 0x93, 0xDF,
    0x28, 0xC3, 0xC6, 0x06, 0x60, 0x83, 0xAE, 0x1D, 0x4F, 0x12, 0xA0, 0x9D, 0xA0, 0x00, 0x64, 0xF1,
    0x47, 0x90, 0xDE, 0x32, 0xBE, 0xD0, 0x3B, 0x93, 0xC3, 0x81, 0x73, 0x92, 0x89, 0x1F, 0xBA, 0x85,
    0x97, 0xC3, 0xFF, 0x94, 0xCB, 0xCA, 0xB4, 0x7C, 0x89, 0xF7, 0x52, 0x4F, 0x38, 0x33, 0xA1, 0x3B,
    0x33, 0x70, 0xF3, 0xE2, 0xD9, 0x54, 0x22, 0x26, 0x1C, 0xCC, 0x00, 0x9F, 0x36, 0x8F, 0x6D, 0x11,
    0x71, 0xDE, 0x5D, 0xC8, 0xBB, 0x61, 0x3E, 0x73, 0x48, 0xCB, 0x06, 0xDB, 0x1C, 0x1C, 0x30, 0x2C,
    0x63, 0x41, 0xD1, 0x1E, 0xEF, 0xFC, 0xCC, 0x82, 0xBB, 0xE0, 0xE2, 0xBC, 0xC0, 0x29, 0x56, 0xF0,
    0xD1, 0xBA, 0x76, 0xB4, 0x08, 0x49, 0xBE, 0x60, 0x1E, 0xC6, 0x10, 0x50, 0x05, 0x07, 0x94, 0x90,
    0x57, 0x86, 0x32, 0x06, 0x14, 0x76, 0x00, 0xAA, 0xA7, 0xEA, 0x13, 0xD9, 0xF4, 0x54, 0xAC, 0x51,
    0xA7, 0xF1, 0x7F, 0xA9, 0x0A, 0xEA, 0x82, 0x95, 0x12, 0x46, 0xBB, 0x6C, 0xB2, 0x84, 0xAE, 0x93,
    0x18, 0xD3, 0xBF, 0x48, 0x29, 0x1A, 0xD2, 0x4F, 0x15, 0xFA, 0xBD, 0x5D, 0xD4, 0xCF, 0x15, 0x09,
    0xA3, 0xF2, 0xF7, 0x8E, 0xFF, 0x77, 0xFE, 0x90, 0x71, 0x13, 0xAB, 0x9F, 0x7C, 0x22, 0x60, 0x00,
    0x05, 0xD7, 0x3E, 0x30, 0x9D, 0x50, 0x00, 0x4A, 0x64, 0x82, 0xAB, 0xB2, 0x63, 0x68, 0x47, 0xCF,
    0x13, 0xA7, 0x5B, 0x70, 0xE3, 0x9C, 0xD5, 0x4E, 0x16, 0x63, 0xCE, 0x00, 0x3B, 0xA3, 0x67, 0xA0,
    0x28, 0xEC, 0x25, 0xC7, 0xD9, 0x49, 0xF8, 0x0A, 0x6A, 0xFF, 0xAA, 0xA1, 0x3B, 0xBC, 0x39, 0x80,
    0x00, 0x4B, 0x59, 0x81, 0x17, 0xF3, 0xAF, 0xBA, 0x23, 0xA6, 0xC2, 0x15, 0x3E, 0xEC, 0x78, 0x43,
    0x2F, 0xD4, 0x5A, 0x43, 0xD4, 0x3C, 0xCA, 0x44, 0x74, 0x37, 0x38, 0x0E, 0xD8, 0x36, 0x5E, 0x40,
    0x88, 0x00, 0x42, 0x06, 0x26, 0xED, 0x30, 0x50, 0xE0, 0x11, 0x95, 0xAF, 0x9E, 0x5F, 0x63, 0xF0,
    0x00, 0x23, 0xFD, 0x57, 0x3A, 0xE5, 0xC8, 0x10, 0x00, 0x0A, 0x46, 0x5E, 0xCB, 0x78, 0x00, 0x0F,
    0x41, 0xA5, 0x05, 0x94, 0x00, 0x75, 0xD5, 0xB7, 0xBF, 0xA6, 0xA3, 0x32, 0x20, 0xB4, 0x37, 0x36,
    0x63, 0x67, 0xA4, 0xC7, 0x4A, 0x2A, 0x98, 0x00, 0x95, 0x1D, 0xE3, 0xF9, 0x41, 0xC0, 0x9C, 0xE9,
    0x5D, 0xCE, 0xD0, 0xC2, 0xA9, 0x97, 0x0A, 0x66, 0xA9, 0x40, 0x9F, 0xC5, 0x57, 0x67, 0xF0, 0xBB,
    0xCD, 0x1E, 0x78, 0xA7, 0x43, 0xF6, 0x3C, 0x24, 0x30, 0x00, 0x41, 0x6E, 0x50, 0x44, 0xB3, 0x51,
    0x28, 0xC9, 0xB5, 0x26, 0xF6, 0xBC, 0xA8, 0x19, 0x35, 0x76, 0x4D, 0x79, 0xFC, 0x61, 0x20, 0x54,
    0x00, 0x9F, 0x94, 0xF9, 0x8A, 0xDC, 0x75, 0x65, 0xB3, 0x43, 0x05, 0xE6, 0x76, 0x31, 0x16, 0x1F,
    0x16, 0xAA, 0x66, 0x4E, 0x53, 0x17, 0x16, 0x4D, 0xF2, 0x85, 0x9D, 0xC1, 0x54, 0x00, 0x9B, 0x81,
    0x23, 0x6B, 0x3B, 0x54, 0x62, 0xBC, 0x91, 0xC7, 0x0C, 0x43, 0x68, 0xB2, 0x37, 0x57, 0x75, 0xDE,
    0x81, 0x59, 0x0B, 0x33, 0x7C, 0xBA, 0x3F, 0xF5, 0xB5, 0x2E, 0xD0, 0x2A, 0x0C, 0x17, 0xE1, 0xF2,
    0x28, 0xA0, 0x00, 0x71, 0x94, 0xCB, 0xF6, 0x2A, 0xA7, 0x6F, 0xF4, 0x43, 0xF9, 0xD5, 0x74, 0xD5,
    0x60, 0x22, 0x9A, 0x2E, 0xFD, 0xCB, 0x66, 0xA9, 0x5B, 0xF3, 0xFF, 0xCD, 0x9D, 0xF8, 0x2E, 0x83,
    0x60, 0x18, 0x0A, 0x0E, 0x00, 0x2E, 0xC4, 0x52, 0x79, 0xAA, 0x5A, 0x32, 0xFF, 0x44, 0x77, 0xC4,
    0x84, 0xDD, 0xE9, 0x0D, 0x6C, 0xF0, 0x74, 0x02, 0x17, 0xFF, 0x9A, 0xC9, 0x4E, 0x81, 0x17, 0x53,
    0xAE, 0x08, 0x2A, 0x6D, 0xBF, 0x00, 0xA3, 0xD7, 0xFD, 0x54, 0x8D, 0x4B, 0x16, 0x8E, 0xA0, 0x08,
    0x09, 0xDB, 0x9E, 0x50, 0x20, 0x9F, 0xC0, 0xD6, 0xD2, 0x91, 0x4D, 0xF1, 0x4C, 0x3E, 0xA4, 0x5D,
    0x1F, 0x5D, 0xF7, 0xF3, 0xDD, 0x73, 0xFE, 0x5C, 0xF0, 0x91, 0xC4, 0x00, 0x09, 0xF2, 0xA8, 0xBB,
    0x77, 0xF8, 0x90, 0x0F, 0xC8, 0xC2, 0xEE, 0x5B, 0xAC, 0xC1, 0xB7, 0x26, 0xEF, 0xDC, 0x00, 0x30,
    0x2C, 0x00, 0x9A, 0x44, 0xEA, 0x71, 0x48, 0xB0, 0x4E, 0xFA, 0x6D, 0xE1, 0x63, 0x17, 0x32, 0xEE,
    0xE3, 0xBD, 0x03, 0x2D, 0x77, 0xDA, 0xA1, 0x03, 0xFF, 0x84, 0x83, 0xC3, 0x70, 0x7B, 0xA4, 0x8D,
    0x40, 0xC9, 0x6F, 0x90, 0xA4, 0xB9, 0x43, 0x86, 0xEC, 0x0E, 0xB9, 0x09, 0xB8, 0x00, 0x95, 0x13,
    0xBD, 0xFF, 0xDE, 0xB3, 0xDC, 0xFC, 0x8F, 0x11, 0x78, 0x92, 0x22, 0xCE, 0x73, 0x05, 0x53, 0x5E,
    0x2F, 0xCE, 0x7E, 0xE8, 0x79, 0x07, 0xE4, 0x7A, 0x8E, 0x31, 0x54, 0xF2, 0xAE, 0xEA, 0x57, 0x70,
    0xFD, 0xD4, 0x48, 0x69, 0x00, 0x2A, 0x48, 0xFA, 0xEA, 0x88, 0xF0, 0xC2, 0x15, 0x31, 0x11, 0x0E,
    0x00, 0x3F, 0x4E, 0x13, 0x7F, 0x80, 0x98, 0xAB, 0xB4, 0x4E, 0xA5, 0xBC, 0xF7, 0x94, 0x00, 0x7A,
    0x8B, 0x2D, 0x92, 0xB2, 0xED, 0x87, 0x6B, 0x9B, 0xF9, 0x29, 0xA8, 0x4E, 0xB2, 0xAE, 0x0C, 0x25,
    0xFE, 0x15, 0x15, 0x85, 0x2D, 0xF6, 0xB6, 0xE9, 0xC8, 0xC5, 0x39, 0xE1, 0xDC, 0x00, 0x05, 0x09,
    0x03, 0xE5, 0x5E, 0x35, 0x06, 0xEF, 0x15, 0x8B, 0x74, 0xC0, 0x00, 0x04, 0x7F, 0x1A, 0xCC, 0x80,
    0x1D, 0xE3, 0x97, 0x71, 0x26, 0xE4, 0xE9, 0xCF, 0x6D, 0x2B, 0xD6, 0xE4, 0xE8, 0xED, 0x7C, 0xDB,
    0xAB, 0xCC, 0xF2, 0x14, 0x98, 0x99, 0x9C, 0x66, 0x20, 0x97, 0x58, 0xAC, 0x00, 0x77, 0x78, 0x5F,
    0x6C, 0xBC, 0x32, 0xA6, 0x3B, 0x3A, 0xBE, 0xC5, 0x7A, 0x68, 0xBE, 0xFD, 0xBD, 0x7C, 0xAB, 0x9D,
    0x7F, 0x0E, 0x76, 0xAA, 0x4F, 0x75, 0x88, 0x00, 0x60, 0x69, 0x55, 0x31, 0x34, 0x4A, 0xE4, 0xA6,
    0xD4, 0xAB, 0xDD, 0x46, 0xC6, 0x91, 0x63, 0x2E, 0xD0, 0x9E, 0x3D, 0x8F, 0x28, 0x5B, 0xC9, 0xB0,
    0x25, 0x52, 0x0C, 0xCC, 0x0C, 0xAD, 0x3E, 0xB6, 0xD6, 0xDF, 0xB6, 0x75, 0x92, 0x15, 0xE1, 0x71,
    0x48, 0xB5, 0xCD, 0x8F, 0xBC, 0x59, 0x87, 0x40, 0x4F, 0x55, 0x3E, 0x6A, 0xC6, 0x83, 0x1F, 0xFD,
    0xE4, 0x81, 0xE8, 0x8E, 0x6C, 0xFA, 0xF8, 0xA9, 0xD5, 0x45, 0xB3, 0x7C, 0x00, 0x72, 0xEE, 0x71,
    0x3C, 0xFB, 0x39, 0x18, 0xF2, 0x3C, 0x75, 0x46, 0x51, 0xA6, 0x4E, 0xB2, 0x93, 0xCE, 0xC1, 0xA8,
    0x5D, 0x54, 0x40, 0xFC, 0x83, 0x46, 0x60, 0xE8, 0x71, 0x6D, 0x95, 0x8D, 0xA4, 0x1C, 0x06, 0xB9,
    0x00, 0x1D, 0x43, 0xF7, 0xB9, 0x95, 0x4D, 0x3A, 0x6E, 0xF6, 0xA7, 0x96, 0x13, 0xC7, 0xD9, 0x8D,
    0x90, 0xB9, 0x75, 0x41, 0x2B, 0xCA, 0xFF, 0x87, 0xF0, 0x8A, 0x40, 0x35, 0x3C, 0xD0, 0x1F, 0xC1,
    0xA9, 0xC2, 0x02, 0xB2, 0x2C, 0xC0, 0x8C, 0x68, 0xE9, 0xC6, 0x00, 0xA8, 0xB7, 0x3F, 0xCE, 0x2C,
    0xA8, 0xAC, 0xD9, 0xF7, 0x57, 0x3C, 0x68, 0x0F, 0xBF, 0xF1, 0x1E, 0x40, 0xB5, 0x11, 0x7D, 0x6C,
    0x0D, 0x58, 0x52, 0xFC, 0x7C, 0xC8, 0x99, 0x80, 0x00, 0x1D, 0x9E, 0x46, 0xAF, 0xB4, 0xD7, 0x97,
    0xAD, 0x41, 0xA0, 0x3C, 0x19, 0xDD, 0xB6, 0x25, 0x50, 0x39, 0x05, 0xD4, 0xC6, 0xF8, 0x4B, 0xBD,
    0xE3, 0xD0, 0x85, 0x84, 0x72, 0x52, 0x67, 0xB1, 0xEC, 0x17, 0x65, 0xF7, 0x40, 0x00, 0x23, 0xB3,
    0xFB, 0xEE, 0x55, 0x08, 0x52, 0xA6, 0xC2, 0xD1, 0x8B, 0x61, 0x2C, 0x37, 0xBE, 0x51, 0xCB, 0xA6,
    0x8D, 0x26, 0xB6, 0x93, 0x5E, 0x30, 0xC0, 0x87, 0x27, 0x00, 0x49, 0x34, 0x28, 0x6B, 0xCC, 0x2A,
    0x2D, 0xEC, 0x35, 0x98, 0x3B, 0x8E, 0x7E, 0x3D, 0x80, 0x00, 0xAD, 0x0B, 0x95, 0x41, 0xF6, 0xFA,
    0x92, 0xB3, 0x21, 0x56, 0x29, 0x07, 0xD3, 0x1B, 0xEC, 0xC3, 0x0A, 0x1F, 0x97, 0xD1, 0x07, 0x40,
    0x8E, 0x50, 0x6B, 0x97, 0xF6, 0x1D, 0x98, 0xBF, 0xE8, 0x67, 0x91, 0xBE, 0xCC, 0x75, 0x4B, 0x00,
    0x1E, 0xB8, 0x7E, 0x28, 0xF5, 0x01, 0xC6, 0xBE, 0xB2, 0xD0, 0x66, 0x58, 0xF1, 0xB6, 0x3A, 0x3A,
    0x8D, 0x91, 0x9C, 0x5C, 0x9C, 0x18, 0xEE, 0xE8, 0xF1, 0xD3, 0x0E, 0x38, 0x46, 0xBB, 0x0D, 0xE3,
    0xB6, 0xA4, 0x00, 0x2A, 0xDF, 0x17, 0x7A, 0x55, 0xF5, 0xB6, 0xAF, 0xA1, 0x8E, 0x5F, 0x2A, 0xC0,
    0x75, 0x16, 0xB2, 0xB9, 0xAF, 0x2F, 0xCA, 0xC0, 0x00, 0x66, 0x7C, 0x43, 0x18, 0xF1, 0xDA, 0x27,
    0x0E, 0x6A, 0xEB, 0x61, 0x12, 0x7D, 0x7A, 0xE3, 0x37, 0x5D, 0xC5, 0x20, 0xCF, 0x96, 0x00, 0x21,
    0xE1, 0xFF, 0xBC, 0xC1, 0x6E, 0x14, 0x4B, 0x46, 0xDF, 0x91, 0x21, 0x89, 0xD5, 0xCD, 0xBE, 0xD0,
    0xE0, 0x2C, 0x12, 0xD4, 0x84, 0x3F, 0x3B, 0x6E, 0x46, 0xE6, 0xF8, 0xFD, 0x0C, 0x72, 0xB1, 0x9E,
    0x4D, 0x66, 0xDC, 0x4B, 0x80, 0x00, 0x30, 0x24, 0x35, 0x87, 0x4D, 0xD9, 0x24, 0x60, 0xA3, 0xF4,
    0x22, 0x77, 0xC6, 0x90, 0x34, 0x85, 0x0D, 0xE8, 0x00, 0x1E, 0x40, 0x97, 0x49, 0xF0, 0x20, 0xEB,
    0xC5, 0xBF, 0x8C, 0x86, 0x4F, 0xA2, 0xCF, 0x0F, 0x59, 0x76, 0xCE, 0x28, 0x94, 0x76, 0x1C, 0x5E,
    0x00, 0xC6, 0xE6, 0x1C, 0xE0, 0x2B, 0x05, 0x70, 0x2F, 0xE7, 0xF5, 0xB8, 0x22, 0x59, 0x39, 0xE9,
    0x93, 0xE8, 0x73, 0x49, 0x34, 0x58, 0x8F, 0xC2, 0xF4, 0x29, 0x3B, 0x33, 0x3E, 0x63, 0x64, 0x40,
    0x00, 0x1E, 0xBD, 0xE0, 0x06, 0x5F, 0x18, 0x19, 0xC1, 0xEC, 0xAF, 0x87, 0x25, 0xC3, 0x8D, 0x2B,
    0xF3, 0xB9, 0x6A, 0xAF, 0xA2, 0x38, 0x3B, 0xAD, 0xFD, 0x57, 0x2A, 0x75, 0x2F, 0x7A, 0x0A, 0x9D,
    0xB6, 0x4A, 0xEF, 0x90, 0x1B, 0x35, 0x82, 0x9C, 0xB8, 0x2F, 0x11, 0xD5, 0x9B, 0xB0, 0x00, 0xAE,
    0x61, 0x74, 0x9A, 0x6B, 0x26, 0xB7, 0x83, 0x2D, 0x56, 0x59, 0xFE, 0x5D, 0x00, 0x15, 0x56, 0x0B,
    0xC9, 0x60, 0xEE, 0x89, 0x8E, 0x83, 0x32, 0x89, 0xEF, 0xD1, 0xA0, 0x74, 0x0E, 0x34, 0x00, 0x6A,
    0x16, 0x87, 0xCD, 0x72, 0x80, 0x00, 0x1D, 0x79, 0xC0, 0x61, 0x19, 0x25, 0x80, 0x94, 0x84, 0xD9,
    0x3E, 0x8C, 0x1F, 0x3B, 0xF2, 0x33, 0x0C, 0x15, 0x42, 0xDE, 0x63, 0xF8, 0x45, 0xF1, 0x35, 0x74,
    0x06, 0x55, 0x82, 0x80, 0x87, 0x31, 0x00, 0xAB, 0x31, 0xEF, 0xD0, 0x92, 0xE0, 0xF5, 0xCB, 0x4C,
    0x69, 0xA7, 0x7B, 0xF2, 0xA9, 0xEE, 0x68, 0x33, 0xD7, 0x80, 0x87, 0x32, 0x00, 0x4A, 0xD2, 0x11,
    0xE5, 0x5E, 0xA6, 0xE0, 0xB8, 0x91, 0x2C, 0x52, 0x22, 0xA3, 0x6B, 0xE4, 0xC8, 0x40, 0x2D, 0xC2,
    0x95, 0x4D, 0x46, 0x9A, 0xC1, 0x95, 0xBE, 0x89, 0x00, 0x9B, 0x69, 0x5B, 0x0C, 0x69, 0x7E, 0xDF,
    0x5D, 0x0C, 0x4B, 0x80, 0x59, 0x3B, 0xAD, 0x47, 0x42, 0x05, 0xA5, 0x9E, 0x96, 0x7A, 0x3C, 0xCF,
    0xBB, 0x58, 0x43, 0xF5, 0xD5, 0x60, 0x63, 0x3E, 0x9E, 0x00, 0x05, 0x05, 0x76, 0x6E, 0x08, 0xD6,
    0xEF, 0xB2, 0xCD, 0xCD, 0xFF, 0x69, 0x65, 0xAB, 0xDE, 0x3B, 0x25, 0xC9, 0xA0, 0x00, 0x1A, 0xF5,
    0xAB, 0x7E, 0x69, 0x63, 0xCE, 0xFC, 0xBB, 0xEF, 0x8D, 0xB5, 0x25, 0x09, 0x52, 0x72, 0x33, 0x91,
    0x17, 0x69, 0x06, 0x5E, 0xD0, 0x4E, 0x34, 0xFB, 0x3E, 0x8F, 0x7B, 0x28, 0xFA, 0x3A, 0xB0, 0x00,
    0x03, 0x38, 0x8D, 0xA9, 0x3D, 0x44, 0x4E, 0x8A, 0x2D, 0x25, 0xB1, 0xC9, 0xF9, 0xCC, 0x43, 0x2C,
    0xE1, 0x65, 0x1B, 0x8D, 0x89, 0xC2, 0xB2, 0x57, 0x60, 0x1D, 0x40, 0xE3, 0xAA, 0x9C, 0x00, 0x03,
    0x27, 0xCA, 0x14, 0x11, 0x0D, 0xB7, 0xEC, 0x0F, 0x2B, 0x45, 0x45, 0xED, 0x26, 0xEB, 0x6F, 0xF8,
    0x1D, 0x87, 0x76, 0x5D, 0x92, 0x6B, 0x35, 0x36, 0xE4, 0x27, 0x8A, 0x59, 0x17, 0x0E, 0x69, 0xFE,
    0xF2, 0x52, 0x04, 0x37, 0x60, 0xE3, 0x0A, 0x58, 0x4E, 0x97, 0x2C, 0x08, 0x35, 0xC2, 0x59, 0x61,
    0xA8, 0x00, 0x1E, 0xB8, 0x7C, 0x69, 0x1A, 0x2A, 0x2C, 0x9F, 0xF6, 0x76, 0x5F, 0xA3, 0x48, 0x63,
    0xAD, 0xD4, 0xE7, 0x19, 0x22, 0x68, 0x41, 0xC7, 0xDD, 0x5A, 0xEE, 0xE4, 0x83, 0x96, 0x07, 0x70,
    0xBC, 0x67, 0x4C, 0xCA, 0xFE, 0xE1, 0xB5, 0x80, 0x00, 0x03, 0x30, 0x20, 0xEA, 0xB0, 0x86, 0x3E,
    0x06, 0x78, 0x01, 0x4A, 0x3E, 0xD2, 0x81, 0xDE, 0x75, 0x15, 0x65, 0xB8, 0x4F, 0x7D, 0xE1, 0x9D,
    0x32, 0x9E, 0xAB, 0x25, 0x06, 0x00, 0x1C, 0xA6, 0x8A, 0x26, 0xF6, 0x4D, 0x09, 0xA3, 0x26, 0x25,
    0x24, 0xF8, 0x8C, 0xC9, 0x48, 0x95, 0x0C, 0xC7, 0xBC, 0x8B, 0x3F, 0x96, 0xFA, 0x1F, 0x59, 0x7B,
    0x81, 0x2E, 0x00, 0x35, 0x96, 0xA8, 0xA4, 0xB6, 0xD7, 0x66, 0x38, 0x34, 0x14, 0xCA, 0xE4, 0xB8,
    0x31, 0x75, 0x8F, 0xC0, 0x00, 0x03, 0x34, 0xDE, 0x61, 0xDF, 0x30, 0xB4, 0x08, 0x24, 0x2F, 0x29,
    0x47, 0x6D, 0x90, 0x4C, 0xF8, 0xA2, 0x00, 0x35, 0xB9, 0xBB, 0x93, 0x6F, 0x0F, 0x12, 0x5E, 0x47,
    0x85, 0x4D, 0x09, 0x10, 0x65, 0xA4, 0x59, 0x5D, 0x14, 0x38, 0xB1, 0x00, 0x3F, 0xBB, 0xA5, 0x63,
    0x73, 0x13, 0x4F, 0x09, 0xFE, 0x97, 0x76, 0x2B, 0xFF, 0x3F, 0xB5, 0x58, 0xAF, 0x46, 0xED, 0xD4,
    0x90, 0x00, 0x05, 0x05, 0xD9, 0x99, 0x7F, 0x00, 0x02, 0xB7, 0x54, 0x72, 0x4D, 0x20, 0x00, 0x48,
    0xD5, 0xCF, 0x5B, 0x19, 0x58, 0xBB, 0x13, 0xB6, 0x1A, 0xB7, 0xFC, 0xC1, 0x02, 0x7D, 0xDC, 0x65,
    0xE3, 0x2A, 0x7B, 0x9D, 0x4E, 0x99, 0x3A, 0x6B, 0xC9, 0x46, 0x71, 0xF0, 0x83, 0xB5, 0x00, 0x2B,
    0x93, 0x8B, 0xE4, 0x71, 0xC3, 0xBC, 0x7B, 0x4F, 0xFD, 0x37, 0xED, 0x14, 0xFF, 0xAE, 0x0E, 0x15,
    0x92, 0xFA, 0x7C, 0x77, 0xA3, 0x5A, 0x80, 0x47, 0xAD, 0x3C, 0xD7, 0xD8, 0xED, 0xB8, 0x89, 0xC8,
    0x32, 0xCE, 0x52, 0x0F, 0x40, 0x00, 0x44, 0xD2, 0x12, 0xDF, 0xE5, 0x10, 0x14, 0xE8, 0x40, 0x78,
    0x9F, 0xA8, 0xD7, 0xC2, 0x9D, 0xF8, 0xA9, 0x36, 0x70, 0xBC, 0x00, 0x81, 0x35, 0xAC, 0xA3, 0xBD,
    0x64, 0x76, 0xAA, 0xFB, 0x3E, 0xAA, 0x92, 0x1D, 0xE2, 0xE1, 0x9A, 0x25, 0xC3, 0x90, 0x33, 0x26,
    0xEC, 0x15, 0x77, 0xB9, 0x7A, 0xEB, 0xFE, 0x6E, 0x43, 0xFE, 0xAC, 0xAF, 0xF9, 0x27, 0x48, 0x2E,
    0xB7, 0x87, 0x45, 0x00, 0x86, 0x73, 0x5E, 0x00, 0x6E, 0x51, 0x7E, 0xA3, 0xEC, 0xD4, 0x92, 0x94,
    0xCD, 0xF1, 0xE9, 0xD4, 0x2C, 0x57, 0x2E, 0xBE, 0x02, 0x5C, 0x00, 0x71, 0x0C, 0xC0, 0x0F, 0xD2,
    0x0C, 0xDD, 0x58, 0x86, 0xC3, 0x99, 0x69, 0x9D, 0xD5, 0x61, 0x7B, 0xF2, 0xB6, 0xDD, 0x10, 0xCC,
    0x2B, 0x49, 0xDA, 0x73, 0xD6, 0x8F, 0x4C, 0x44, 0xF1, 0xFC, 0x00, 0x4C, 0x60, 0xA7, 0xBA, 0x97,
    0xA0, 0x17, 0x5B, 0x54, 0x08, 0x20, 0x82, 0x0F, 0xD9, 0x9B, 0xB9, 0xAD, 0xA7, 0x25, 0xC3, 0x56,
    0x7D, 0x8C, 0xE5, 0xB9, 0xDF, 0x9C, 0x84, 0x6A, 0x03, 0xF7, 0x02, 0x8A, 0x5C, 0x72, 0x1A, 0x3B,
    0x4E, 0x48, 0x69, 0x59, 0x1A, 0xA2, 0x87, 0x44, 0x00, 0x7B, 0x29, 0x98, 0x77, 0x60, 0x58, 0x66,
    0xC5, 0xAC, 0x11, 0x06, 0x36, 0xA5, 0x91, 0x07, 0x06, 0x5B, 0xE3, 0x4A, 0x16, 0x3C, 0xE0, 0x72,
    0xE0, 0x00, 0x35, 0x93, 0x55, 0x9B, 0x1C, 0x54, 0x31, 0xAC, 0xD6, 0x7A, 0xCE, 0x2C, 0x04, 0x44,
    0x96, 0x00, 0x63, 0xDC, 0xC9, 0xD1, 0x54, 0x0D, 0xF5, 0x1E, 0x29, 0xA5, 0xC3, 0x7B, 0x75, 0xBB,
    0xFD, 0x03, 0x4C, 0x45, 0xE0, 0xB0, 0x9A, 0x00, 0x2B, 0x93, 0x8B, 0xE4, 0xCF, 0x2C, 0x3C, 0xD8,
    0xC1, 0xBE, 0x67, 0xC8, 0x1C, 0x3E, 0xFE, 0xAD, 0xBA, 0x5C, 0x82, 0xB9, 0xDD, 0x73, 0x03, 0x8E,
    0xFF, 0xFC, 0xD8, 0x3C, 0xD5, 0x85, 0xD3, 0x8F, 0x6E, 0x56, 0x86, 0x4B, 0x00, 0x33, 0x6C, 0x3A,
    0x63, 0x8A, 0x90, 0x95, 0x75, 0xD8, 0x40, 0x00, 0x53, 0x5D, 0x0F, 0x9A, 0x3F, 0xA5, 0x96, 0xDD,
    0x2C, 0x7A, 0x3B, 0xD0, 0xCC, 0xA5, 0x72, 0xB0, 0x9F, 0x7B, 0x0C, 0x16, 0x7F, 0xD5, 0x18, 0xC1,
    0x32, 0xB6, 0x0F, 0xD6, 0x3F, 0xBF, 0xF3, 0x7F, 0x33, 0x2E, 0xB1, 0x73, 0x04, 0x12, 0x5F, 0x1D,
    0x14, 0x48, 0x00, 0x5E, 0xF8, 0xD6, 0x9C, 0x95, 0x5D, 0xD8, 0x0C, 0x12, 0xBC, 0x41, 0xEE, 0x24,
    0x46, 0xD9, 0x60, 0x8F, 0x28, 0x20, 0x0C, 0x67, 0xD2, 0xC2, 0xEB, 0xC0, 0x00, 0x48, 0xD0, 0xAB,
    0xA3, 0x9D, 0x3B, 0x52, 0xD5, 0x07, 0x33, 0x01, 0x83, 0x51, 0xBC, 0x20, 0x7E, 0x77, 0x2A, 0x2F,
    0x57, 0x9F, 0x36, 0x61, 0xCD, 0x8E, 0x96, 0xC2, 0x80, 0x00, 0x6B, 0xC6, 0x58, 0x1E, 0x2F, 0xA6,
    0xA6, 0x0A, 0xA6, 0x58, 0x28, 0xAC, 0xF5, 0x45, 0xEC, 0x07, 0x19, 0x56, 0xE3, 0x08, 0x66, 0x7D,
    0x54, 0x95, 0x9B, 0x8C, 0x77, 0xD1, 0x7D, 0x02, 0x1E, 0x46, 0x3F, 0xDD, 0x8A, 0x7B, 0x0B, 0xB9,
    0x18, 0x87, 0x43, 0x00, 0x66, 0x3B, 0x11, 0x66, 0x54, 0x06, 0x2E, 0xE7, 0x8B, 0x0B, 0xCB, 0xD3,
    0x57, 0xB7, 0x1F, 0x18, 0x3F, 0xCE, 0x00, 0x5C, 0x14, 0x93, 0x0C, 0x2D, 0xD7, 0x8B, 0x37, 0x17,
    0xF1, 0xF4, 0x2D, 0x9B, 0xF8, 0xA9, 0x07, 0xF8, 0x00, 0x37, 0xB8, 0x5F, 0x9D, 0x75, 0xD0, 0x35,
    0x1F, 0x04, 0x81, 0xF3, 0x37, 0xD2, 0x1E, 0xFE, 0xDC, 0xEA, 0x74, 0x49, 0x5F, 0xBB, 0xB8, 0x39,
    0xA9, 0x6A, 0x65, 0x80, 0x00, 0x32, 0x03, 0xC5, 0x03, 0x43, 0x85, 0x4F, 0xEC, 0x40, 0xC6, 0x00,
    0xD8, 0x58, 0xCC, 0x03, 0x44, 0x85, 0x24, 0xFE, 0xAD, 0x23, 0xE5, 0xA7, 0xA0, 0x00, 0x85, 0x3D,
    0x7B, 0xD0, 0x67, 0xBD, 0x5A, 0x0D, 0xC0, 0x84, 0xF1, 0xC8, 0x79, 0xE6, 0x80, 0x4E, 0x8E, 0x28,
    0x58, 0x9A, 0xCA, 0xCD, 0xEC, 0xF7, 0x94, 0xAC, 0x8E, 0x80, 0x00, 0x81, 0x0B, 0x86, 0xF7, 0xAE,
    0x0B, 0x05, 0x13, 0x68, 0xC8, 0x05, 0xAF, 0xE9, 0xCB, 0xBB, 0x8B, 0x87, 0x60, 0xED, 0x0A, 0x8D,
    0x05, 0x06, 0xB2, 0x00, 0x9D, 0x17, 0x07, 0xE6, 0x40, 0xD2, 0x35, 0x3F, 0x1B, 0x80, 0x29, 0x0D,
    0x0C, 0x94, 0x18, 0x2A, 0x73, 0x5B, 0x7E, 0x63, 0x69, 0xE5, 0x9F, 0x2F, 0x20, 0x7E, 0xFA, 0x44,
    0x40, 0x8C, 0x32, 0xB3, 0x1F, 0x17, 0x20, 0x00, 0xF5, 0x24, 0xF5, 0x39, 0x38, 0x3E, 0xA0, 0x74,
    0x2E, 0x00, 0x93, 0x9C, 0x18, 0xC3, 0x1B, 0x55, 0x74, 0x9F, 0x3E, 0x35, 0xA9, 0xF4, 0x1B, 0x78,
    0xD8, 0xC9, 0x0C, 0x3C, 0x95, 0xE4, 0xAE, 0x79, 0x7A, 0x77, 0x5B, 0xC4, 0x38, 0x24, 0x40, 0x00,
    0x9E, 0xA7, 0x92, 0xFF, 0x92, 0x8A, 0xE2, 0xF4, 0xA4, 0x6F, 0x6B, 0xC4, 0x3A, 0x48, 0x2C, 0x4F,
    0x89, 0x02, 0xEC, 0xEB, 0x5D, 0xDE, 0xB5, 0xB1, 0x35, 0x86, 0x97, 0x94, 0x08, 0x1A, 0x36, 0x80,
    0x00, 0x82, 0xBB, 0xB2, 0x54, 0x85, 0x20, 0xBC, 0x9F, 0xB7, 0xE7, 0xFD, 0xA8, 0xB0, 0x36, 0xFB,
    0x26, 0x53, 0xCE, 0x84, 0x7E, 0xE0, 0x00, 0x5B, 0x64, 0x84, 0x91, 0xE8, 0x4E, 0xCB, 0x49, 0x80,
    0x9E, 0x04, 0x81, 0x0C, 0x9D, 0x06, 0x1B, 0xC2, 0x31, 0x97, 0x45, 0x51, 0xF5, 0x65, 0x07, 0x9A,
    0x10, 0x00, 0x0C, 0x82, 0x96, 0x0E, 0x00, 0x00, 0x00, 0x00, 0x3A, 0x92, 0x66, 0xE0, 0xCC, 0x7C,
    0x19, 0xE8, 0xE8, 0x00, 0x3B, 0x52, 0x1A, 0xDC, 0x43, 0xB4, 0x84, 0x39, 0xF1, 0x83, 0x79, 0x3D,
    0x95, 0xB4, 0xBD, 0x3F, 0xB4, 0xF7, 0xBB, 0x4B, 0x70, 0xA2, 0x72, 0x52, 0x3A, 0x41, 0x4C, 0x00,
    0x10, 0x61, 0xF6, 0x81, 0x41, 0x81, 0x2F, 0x22, 0x2B, 0x16, 0x5F, 0x2B, 0x0C, 0x7C, 0x20, 0x00,
    0x42, 0x2F, 0x1C, 0x0C, 0xAC, 0x74, 0xEE, 0x5C, 0x67, 0x1C, 0xB2, 0x9F, 0xD9, 0x1A, 0x3C, 0x60,
    0x00, 0x99, 0x6B, 0xB7, 0x66, 0xBD, 0xF9, 0x36, 0x13, 0x0B, 0x41, 0xE8, 0xF2, 0x0C, 0x00, 0xDF,
    0x1D, 0x5C, 0x8B, 0xD6, 0x34, 0x63, 0x71, 0x17, 0x6F, 0xB9, 0xC2, 0x28, 0x87, 0x24, 0x00, 0xB5,
    0x2D, 0x7A, 0x89, 0xF2, 0xF9, 0xB1, 0xD4, 0xF9, 0xF9, 0xBA, 0x2E, 0x1A, 0x14, 0xEF, 0x6E, 0x6E,
    0xB4, 0x77, 0xFD, 0x84, 0x07, 0x51, 0x7A, 0x62, 0x63, 0xA1, 0x51, 0x05, 0x9B, 0xE6, 0x00, 0x73,
    0xB6, 0x05, 0x38, 0x5D, 0x15, 0x15, 0x99, 0x94, 0x9A, 0x8A, 0xBF, 0x98, 0x42, 0x8A, 0xB9, 0x56,
    0x6A, 0xAE, 0x1C, 0xAB, 0x4B, 0xBB, 0xF6, 0x2A, 0xCA, 0xC2, 0x84, 0x5F, 0x93, 0x24, 0x54, 0x00,
    0x0C, 0xD1, 0x59, 0x7D, 0x63, 0x9D, 0x15, 0x73, 0xD4, 0x37, 0xD6, 0x8B, 0x77, 0x74, 0xE2, 0xE3,
    0x1E, 0x66, 0x71, 0x24, 0xF7, 0x3F, 0xFE, 0x01, 0x36, 0x44, 0x79, 0x56, 0x12, 0xA6, 0x93, 0xCC,
    0x43, 0x2F, 0x50, 0xAD, 0x4C, 0x03, 0x6A, 0x70, 0x87, 0x5E, 0x00, 0x4E, 0xCA, 0x67, 0xE6, 0x9F,
    0xFF, 0xB5, 0xFC, 0x60, 0x00, 0x3A, 0x21, 0x48, 0x02, 0xE8, 0x96, 0xFD, 0xA3, 0x2C, 0xCB, 0xF1,
    0x2B, 0xEC, 0x3E, 0x13, 0x9E, 0xA7, 0x29, 0x80, 0xF0, 0xBE, 0x21, 0xD1, 0x19, 0x4A, 0x5D, 0x4D,
    0x6B, 0xDC, 0xB0, 0x70, 0xB7, 0x14, 0x35, 0xE4, 0xBC, 0xDE, 0x28, 0x79, 0xCC, 0xA7, 0x0D, 0x20,
    0x00, 0x0E, 0x80, 0xDD, 0xBE, 0x2F, 0xDF, 0x60, 0xD5, 0xE0, 0x00, 0xB1, 0xBA, 0x05, 0x1E, 0x09,
    0x45, 0xE2, 0x2F, 0xA9, 0x5C, 0x7D, 0x01, 0x30, 0x5A, 0x22, 0xFC, 0x7B, 0x0D, 0xA8, 0x4E, 0xE9,
    0x46, 0x10, 0xBA, 0x3D, 0x13, 0x7D, 0xB3, 0xB1, 0x20, 0x7E, 0x7E, 0x0C, 0x0D, 0x33, 0x73, 0x5D,
    0x21, 0xFE, 0x65, 0xE0, 0x00, 0xAC, 0x2D, 0x46, 0x32, 0xAB, 0x4E, 0xE6, 0xE1, 0x14, 0xFF, 0xA9,
    0x14, 0x2E, 0x8F, 0x50, 0xA1, 0xC0, 0x00, 0x62, 0x29, 0x96, 0x78, 0x67, 0x36, 0xA3, 0x2C, 0xC8,
    0x5B, 0x6C, 0xD3, 0xE8, 0x25, 0x6D, 0x97, 0xB8, 0x00, 0x38, 0xC1, 0xE3, 0x04, 0xB5, 0x68, 0xAB,
    0xAD, 0x32, 0x20, 0xA7, 0x6B, 0x53, 0xF6, 0x60, 0xCC, 0x70, 0x0D, 0xB1, 0x1F, 0x3A, 0x83, 0x20,
    0x49, 0xE4, 0x00, 0x05, 0x07, 0x48, 0xEC, 0xBC, 0x3C, 0x2E, 0x7A, 0x39, 0x66, 0x87, 0x0F, 0x00,
    0x5E, 0x87, 0x6A, 0x00, 0xB0, 0x2E, 0x66, 0xAD, 0xBF, 0xBC, 0x39, 0x5F, 0x1F, 0x43, 0x74, 0x38,
    0xD0, 0x52, 0xA3, 0x7A, 0x0D, 0xDC, 0x0A, 0x30, 0xEA, 0x34, 0xA5, 0xF9, 0x27, 0x64, 0xDD, 0x31,
    0x4E, 0xE8, 0x2E, 0x88, 0x81, 0x67, 0xBC, 0x69, 0xD4, 0xCE, 0xE1, 0x4E, 0x6D, 0xB1, 0xB8, 0x77,
    0xB4, 0x0A, 0xFF, 0xDD, 0xD0, 0x00, 0x6F, 0x4D, 0xE8, 0x16, 0xB7, 0x50, 0xC0, 0x00, 0x61, 0x08,
    0x9A, 0x03, 0xAC, 0x16, 0x92, 0x51, 0x16, 0xFE, 0xC4, 0x79, 0xCA, 0x67, 0x57, 0xED, 0x80, 0x87,
    0x0D, 0x00, 0x60, 0xDD, 0x1A, 0xF0, 0x1B, 0x78, 0xAB, 0xA8, 0x03, 0xA3, 0x2F, 0x00, 0x20, 0xE2,
    0x4E, 0xBE, 0xD9, 0x58, 0x87, 0x41, 0xAE, 0x15, 0xCF, 0x39, 0xA0, 0x2A, 0x74, 0x92, 0xC2, 0x48,
    0x00, 0x68, 0x9B, 0x38, 0xA9, 0xA4, 0x7F, 0x00, 0x18, 0x42, 0x8D, 0x37, 0xC0, 0x1B, 0xF9, 0x17,
    0x27, 0x81, 0x79, 0x18, 0x07, 0x2E, 0x06, 0x00, 0x1E, 0x06, 0xF5, 0xF8, 0x7D, 0x98, 0x00, 0x97,
    0x35, 0xD8, 0xAB, 0x06, 0xAB, 0x6D, 0xA6, 0xE6, 0x1E, 0x07, 0x4C, 0x2F, 0x7D, 0x6A, 0x04, 0x48,
    0x4F, 0x02, 0x41, 0x40, 0x92, 0x65, 0x0A, 0x8A, 0x1B, 0xA5, 0x1E, 0x88, 0xAA, 0x92, 0xA4, 0x19,
    0x00, 0x23, 0xBC, 0x7D, 0x9F, 0x6C, 0x46, 0x31, 0x55, 0x63, 0xB8, 0xE0, 0x2C, 0x66, 0x19, 0x38,
    0x5C, 0x69, 0x8C, 0xAD, 0x79, 0x32, 0xC1, 0x01, 0x86, 0xB7, 0xB7, 0xD7, 0x62, 0x00, 0x11, 0x48,
    0x13, 0x24, 0xF4, 0x00, 0x26, 0xF4, 0x57, 0x78, 0x7C, 0xCF, 0xEB, 0x39, 0x67, 0x00, 0x2A, 0x7B,
    0x9F, 0x78, 0xF1, 0xA7, 0x8D, 0x99, 0x08, 0x17, 0xF6, 0xFA, 0x0C, 0x20, 0x00, 0x5E, 0xE1, 0x56,
    0x20, 0x95, 0x26, 0x05, 0x4A, 0x98, 0xB1, 0x6C, 0xD4, 0xF9, 0x9A, 0x3A, 0x57, 0xF0, 0x00, 0x17,
    0xE1, 0xC7, 0xDC, 0x85, 0x53, 0x25, 0x15, 0x78, 0xC5, 0x79, 0xE1, 0x25, 0x63, 0x50, 0x16, 0x9C,
    0xBF, 0xFB, 0x2A, 0x0B, 0x58, 0x6F, 0x9D, 0x29, 0x00, 0x23, 0xBA, 0xE2, 0x63, 0xB9, 0x2B, 0xA5,
    0x00, 0x42, 0x9E, 0xC0, 0x11, 0x6A, 0x59, 0x7D, 0xF7, 0x4F, 0xA4, 0xF8, 0x58, 0xFD, 0x2D, 0x9C,
    0x5D, 0xC0, 0x05, 0xDC, 0xB7, 0xED, 0x6C, 0x4D, 0xA0, 0x2D, 0x14, 0xCA, 0x4D, 0xE9, 0xE6, 0x8D,
    0xCF, 0x96, 0xAF, 0xE7, 0x7C, 0xB5, 0x62, 0x97, 0x6A, 0x4E, 0xE8, 0x16, 0xE4, 0x20, 0x00, 0x1F,
    0x75, 0x54, 0x03, 0x98, 0x38, 0x6F, 0x48, 0x5E, 0x7B, 0xF0, 0x0C, 0x6D, 0x95, 0x2C, 0x9A, 0x58,
    0x51, 0xB6, 0x6B, 0x22, 0xB8, 0xB0, 0x69, 0xAC, 0x4C, 0xEB, 0x6C, 0x82, 0x52, 0x2F, 0x0B, 0x66,
    0x97, 0x60, 0x00, 0xCB, 0xB9, 0x1D, 0x26, 0x8C, 0x8E, 0xDC, 0x8B, 0xF9, 0x5F, 0x26, 0x88, 0x2B,
    0x32, 0xEC, 0x68, 0x00, 0xA4, 0x0B, 0xF5, 0x8C, 0x8C, 0x98, 0xA4, 0xF0, 0xA3, 0xB0, 0x62, 0x42,
    0xED, 0x93, 0x39, 0xC1, 0x0B, 0x08, 0x4C, 0xBE, 0x28, 0xDA, 0x67, 0x9B, 0x14, 0xE5, 0x45, 0x91,
    0x5D, 0xF7, 0xC9, 0x48, 0x11, 0xC6, 0x1B, 0xA7, 0xA8, 0xAF, 0x80, 0x49, 0x67, 0x68, 0x90, 0x14,
    0x12, 0x7C, 0x69, 0xEE, 0x6C, 0x3F, 0x60, 0x5C, 0xF0, 0xCD, 0x56, 0x8F, 0x6E, 0x3A, 0x7E, 0xB9,
    0xB9, 0xE1, 0x7B, 0x00, 0x60, 0x24, 0x96, 0xE1, 0xEB, 0xF6, 0x75, 0xB8, 0x06, 0x80, 0xB7, 0x63,
    0x00, 0x25, 0xFB, 0xB0, 0x9C, 0x74, 0x8D, 0x3D, 0xF6, 0xAE, 0x5E, 0x60, 0xF6, 0xC7, 0x00, 0x6E,
    0x5D, 0xE1, 0x8B, 0x12, 0x37, 0x23, 0x98, 0x97, 0xFA, 0x07, 0x61, 0x86, 0x7F, 0x7E, 0xE1, 0x8B,
    0x80, 0x3B, 0xA7, 0xB0, 0xDB, 0x82, 0x50, 0xF5, 0xA9, 0x5B, 0x83, 0xBF, 0xD7, 0xE5, 0x84, 0xF2,
    0x81, 0xDD, 0x1E, 0x4C, 0x99, 0xC6, 0xF8, 0xED, 0x18, 0x00, 0x86, 0xEC, 0xD3, 0xF3, 0x42, 0x65,
    0xFA, 0xDF, 0xBD, 0x4B, 0x7A, 0x75, 0x37, 0x2B, 0x80, 0x89, 0xFF, 0x28, 0xAF, 0x22, 0x49, 0x34,
    0x26, 0x4E, 0x45, 0xCF, 0xD2, 0x2C, 0x72, 0x65, 0xC1, 0xCE, 0x30, 0xD4, 0x5B, 0xC5, 0x57, 0x7C,
    0x66, 0x39, 0x5C, 0xCB, 0xF0, 0x87, 0x82, 0x00, 0x7B, 0x96, 0xB4, 0x4C, 0x8D, 0x29, 0x9F, 0xF0,
    0xCB, 0x5C, 0x50, 0x8D, 0xB6, 0xF0, 0xC8, 0xB4, 0x56, 0x00, 0x68, 0xB0, 0x37, 0xB2, 0x9E, 0x3E,
    0x08, 0xC6, 0x07, 0xBF, 0x58, 0xB1, 0x25, 0x3C, 0x23, 0x6E, 0x0B, 0xE9, 0x42, 0x9C, 0xDA, 0x75,
    0x28, 0xEB, 0xE8, 0xE8, 0x34, 0xF6, 0x9B, 0xB4, 0x22, 0x72, 0x1D, 0x89, 0xD5, 0x49, 0x52, 0xAD,
    0x8F, 0xB6, 0xA7, 0x2F, 0x24, 0x6D, 0x37, 0x67, 0x1B, 0x6D, 0x88, 0x82, 0x00, 0x6F, 0xA6, 0x31,
    0x1D, 0x3B, 0x9B, 0x04, 0x28, 0xD3, 0xCC, 0x88, 0x84, 0xA1, 0x52, 0xEA, 0xB2, 0x85, 0x81, 0x00,
    0x79, 0x60, 0x95, 0xF7, 0xA1, 0x3B, 0x53, 0xB0, 0x87, 0x4A, 0xF6, 0xA1, 0x73, 0xAB, 0x7F, 0xC2,
    0x46, 0x4F, 0x19, 0x0D, 0x00, 0x78, 0xCE, 0x43, 0x04, 0x7B, 0x6C, 0xFC, 0xE7, 0x7A, 0xFB, 0x7A,
    0xED, 0xE9, 0x9A, 0x53, 0xC3, 0xBB, 0x94, 0x90, 0xAC, 0xDA, 0xC2, 0xD9, 0x65, 0xB2, 0x3D, 0x20,
    0x3D, 0x30, 0xED, 0x33, 0x36, 0x0C, 0xE5, 0xAF, 0x8B, 0x35, 0x6D, 0x12, 0xF5, 0xE5, 0x67, 0x61,
    0xBA, 0xF1, 0x4B, 0x26, 0x87, 0x25, 0x00, 0xA5, 0x63, 0x7C, 0x59, 0x7D, 0xAB, 0xF8, 0x1F, 0x99,
    0x62, 0x6C, 0xB6, 0x70, 0xC0, 0xC6, 0x4B, 0x50, 0x7A, 0x80, 0x00, 0x48, 0x4A, 0xA3, 0xD1, 0x0E,
    0x77, 0xCF, 0xF4, 0xB2, 0x52, 0x79, 0x04, 0xA7, 0x94, 0x09, 0x3C, 0xA5, 0x39, 0xF3, 0x8A, 0x1A,
    0xA3, 0x1E, 0xBC, 0xC8, 0x71, 0x1E, 0xE4, 0xC1, 0x7B, 0x3E, 0x87, 0x89, 0x00, 0xE3, 0x1F, 0x46,
    0x1B, 0xD1, 0x1A, 0xE8, 0x7E, 0x57, 0xF8, 0xA5, 0x34, 0xEB, 0x87, 0x89, 0x00, 0xCF, 0x6B, 0x18,
    0x48, 0x61, 0x9C, 0xC2, 0xC4, 0xA9, 0x30, 0x7B, 0x90, 0x5E, 0xF6, 0xEE, 0x88, 0x8A, 0x00, 0x55,
    0x3F, 0x08, 0xC1, 0xB1, 0xF8, 0x89, 0x61, 0x08, 0x9C, 0xC1, 0x30, 0xD4, 0xE0, 0x00, 0x3A, 0xA4,
    0x20, 0x0B, 0x66, 0x2F, 0xDF, 0xE4, 0x58, 0xFF, 0x32, 0xE9, 0x3D, 0x64, 0x4A, 0xFF, 0x9A, 0x0F,
    0x60, 0x58, 0xF3, 0x13, 0x64, 0x88, 0x2F, 0xF7, 0xB7, 0xF8, 0x00, 0x67, 0xCF, 0x74, 0x41, 0x17,
    0x63, 0x56, 0xEF, 0x52, 0xA0, 0x8C, 0x52, 0x6C, 0x88, 0x2F, 0x76, 0xAC, 0xE7, 0xAF, 0xAF, 0xBE,
    0x86, 0xF6, 0x57, 0x6C, 0xE0, 0x4E, 0x40, 0x00, 0x4F, 0x1F, 0x8E, 0x8D, 0x0A, 0x25, 0x3F, 0xF9,
    0x70, 0x15, 0xEB, 0xAD, 0x8F, 0xB1, 0x4A, 0x33, 0x9F, 0xA9, 0xB2, 0xFA, 0x90, 0xD2, 0x13, 0xAD,
    0x52, 0xEE, 0x4D, 0x23, 0x2B, 0xEC, 0x88, 0x8F, 0x00, 0x3F, 0xAB, 0xCC, 0xF9, 0x5D, 0xDF, 0xA8,
    0x3F, 0xD5, 0xBE, 0x46, 0x92, 0xD8, 0x86, 0xDE, 0xE8, 0x87, 0x26, 0x00, 0x4F, 0x17, 0x49, 0x35,
    0x1F, 0x62, 0x3B, 0x2D, 0x1D, 0x31, 0x17, 0x11, 0xFF, 0x24, 0x80, 0x30, 0x00, 0x60, 0xD6, 0xC4,
    0x24, 0xC7, 0x4E, 0x97, 0x36, 0xBB, 0xC2, 0xB3, 0x06, 0x30, 0x91, 0xB5, 0x88, 0x44, 0x61, 0xA9,
    0x29, 0xF6, 0xEA, 0x9A, 0x4F, 0xCB, 0x42, 0xC6, 0x81, 0x8F, 0x1E, 0x54, 0x25, 0xAC, 0xC4, 0xCD,
    0xAB, 0xBB, 0xD4, 0x53, 0x3B, 0x2B, 0xC6, 0x80, 0x8A, 0x64, 0xCF, 0x47, 0x0D, 0x06, 0x31, 0xA2,
    0xF9, 0x58, 0x00, 0x5E, 0xAB, 0x4F, 0x8C, 0xB4, 0xEA, 0x09, 0xED, 0xF0, 0xB4, 0x35, 0xAA, 0x43,
    0x9B, 0xE6, 0xA8, 0xA1, 0x8E, 0x9F, 0x3F, 0x2F, 0x33, 0x11, 0xBF, 0x62, 0x74, 0xA8, 0xCD, 0x5C,
    0xF1, 0x87, 0x13, 0x76, 0xEC, 0xC9, 0x6A, 0xCD, 0x2E, 0xAD, 0xDC, 0xAC, 0x15, 0x7E, 0x9F, 0xC8,
    0x87, 0x93, 0x00, 0xE3, 0xB2, 0xF3, 0xB0, 0x8D, 0x4B, 0xA2, 0xF0, 0x70, 0xC4, 0xC7, 0x9D, 0x87,
    0x5A, 0x83, 0xC0, 0x87, 0x94, 0x00, 0x6E, 0x6C, 0xCE, 0x92, 0x9A, 0x67, 0xE7, 0x95, 0x00, 0xEA,
    0x2B, 0xD6, 0xE5, 0x2F, 0x19, 0xB8, 0xD0, 0x40, 0x80, 0x31, 0x00, 0x5D, 0x9B, 0x02, 0x98, 0xB9,
    0x85, 0x76, 0x9D, 0xC5, 0x02, 0x13, 0x16, 0x81, 0x1F, 0xD7, 0x16, 0xDE, 0x73, 0x4E, 0x34, 0x86,
    0x80, 0x31, 0x00, 0x5F, 0x35, 0x78, 0xAF, 0xB8, 0xB8, 0xD2, 0xD0, 0x77, 0xFB, 0xEF, 0x9A, 0xD7,
    0x34, 0x45, 0x58, 0x40, 0x00, 0x73, 0xB6, 0x91, 0xCD, 0x60, 0xC1, 0x93, 0xBC, 0x1C, 0x67, 0x7F,
    0x3F, 0x01, 0x0A, 0x1D, 0xF7, 0xB8, 0xA9, 0xF6, 0x65, 0x36, 0xB4, 0x6F, 0x9A, 0x80, 0x00, 0xCE,
    0x51, 0x85, 0x65, 0x45, 0x1F, 0x7D, 0x55, 0x80, 0xA4, 0x68, 0x85, 0x22, 0x3B, 0x66, 0x90, 0x60,
    0xDB, 0x99, 0xEA, 0x4E, 0xD3, 0x80, 0x2C, 0x8F, 0x7C, 0x1A, 0x5C, 0x7F, 0x44, 0x3D, 0x92, 0x04,
    0xF1, 0x79, 0x88, 0x63, 0x50, 0x58, 0x8C, 0x09, 0xA6, 0x4E, 0x75, 0x1A, 0x15, 0x0E, 0x47, 0x9A,
    0x9E, 0x25, 0x04, 0x8C, 0x4D, 0x80, 0x00, 0x54, 0xCB, 0xDC, 0x48, 0x93, 0x5B, 0x28, 0x4C, 0x43,
    0xDB, 0xE3, 0xFD, 0x04, 0x52, 0xC9, 0xDD, 0x57, 0xF4, 0x5C, 0x22, 0x82, 0xEF, 0x4E, 0x17, 0x70,
    0xF7, 0xF8, 0x85, 0xFE, 0x5F, 0xEA, 0x7E, 0x3A, 0x2B, 0xA8, 0x95, 0x07, 0xEC, 0x28, 0x87, 0x9A,
    0x00, 0xEF, 0x68, 0x47, 0x16, 0x78, 0xAF, 0xA5, 0xD5, 0xF4, 0xF2, 0x37, 0x05, 0xC4, 0xBA, 0xA0,
    0x87, 0x9A, 0x00, 0xE9, 0x30, 0xF0, 0x15, 0x0C, 0x6D, 0xDE, 0x9C, 0x06, 0x8B, 0xD6, 0x59, 0x49,
    0xB0, 0xFE, 0xC9, 0x94, 0x88, 0x9B, 0x00, 0x60, 0xF6, 0xA2, 0x8C, 0xC3, 0xB9, 0x05, 0xC3, 0x41,
    0xE4, 0x5A, 0x99, 0x08, 0x1A, 0xDA, 0xCC, 0xF0, 0x00, 0x68, 0x15, 0x67, 0x9D, 0xED, 0x5D, 0xBA,
    0xB2, 0x8E, 0x01, 0x43, 0x1D, 0xB4, 0x24, 0xF7, 0xA5, 0x1A, 0x1A, 0xB0, 0x3C, 0x84, 0x8B, 0xA8,
    0x58, 0x21, 0xF6, 0x25, 0xA0, 0x89, 0xC7, 0xCE, 0x46, 0x96, 0xFF, 0xA2, 0x00, 0x29, 0x96, 0xC4,
    0x5B, 0xB3, 0xEB, 0x0F, 0xC2, 0xB5, 0x0C, 0x1F, 0x43, 0x7A, 0x52, 0x3B, 0x28, 0x94, 0x81, 0x64,
    0x1C, 0xE0, 0x3B, 0xEE, 0x14, 0x66, 0x39, 0x3C, 0x8A, 0x04, 0x00, 0x74, 0x2F, 0xFE, 0x51, 0x44,
    0x08, 0xB1, 0xBC, 0x93, 0xC8, 0x99, 0xB5, 0x22, 0x38, 0xCC, 0x92, 0xFE, 0xC1, 0xFD, 0x19, 0x45,
    0x75, 0xE7, 0xF8, 0xFB, 0x93, 0x6E, 0x1C, 0x42, 0x14, 0x09, 0xE3, 0xCE, 0x1E, 0xF6, 0x66, 0xFF,
    0xA0, 0x9F, 0x5B, 0xC6, 0x6D, 0xDC, 0xF6, 0x7E, 0x65, 0xE1, 0xFB, 0x23, 0x24, 0xB2, 0x80, 0x43,
    0x00, 0x3E, 0xA5, 0x53, 0x52, 0x2E, 0xD2, 0x47, 0x2C, 0x5E, 0x00, 0x23, 0xCD, 0x01, 0xBC, 0x50,
    0xD4, 0x47, 0x81, 0xB2, 0x88, 0x5E, 0xEF, 0x48, 0x81, 0x5C, 0xC0, 0xA6, 0x68, 0xC5, 0x50, 0x10,
    0x82, 0x88, 0x3F, 0x0B, 0x59, 0x2A, 0x87, 0xA1, 0x00, 0xE1, 0xEA, 0x2F, 0x36, 0x97, 0xAC, 0x00,
    0xAF, 0x83, 0x52, 0x2F, 0xF1, 0xFF, 0x71, 0x87, 0xA1, 0x00, 0xD0, 0x25, 0xC1, 0xE2, 0x90, 0x73,
    0x18, 0x3B, 0xE5, 0xCD, 0x52, 0xF7, 0xD4, 0x28, 0x10, 0xD2, 0xA6, 0x80, 0x43, 0x00, 0x48, 0x7B,
    0x71, 0x9B, 0xB1, 0xC2, 0x5A, 0x9A, 0xE3, 0x8D, 0x11, 0xF3, 0x04, 0x33, 0x6A, 0x70, 0x6B, 0x9C,
    0x75, 0x80, 0x43, 0x00, 0x4B, 0xFA, 0x23, 0x25, 0x73, 0x71, 0xC0, 0x6C, 0x24, 0xD8, 0x06, 0x5D,
    0xF3, 0xB8, 0x78, 0x84, 0xA5, 0x00, 0x5A, 0xAD, 0xB3, 0x14, 0x06, 0x5F, 0x4F, 0x58, 0x3D, 0xB1,
    0x09, 0x8C, 0x23, 0xE9, 0x2A, 0x08, 0x22, 0x33, 0x2C, 0x58, 0xC5, 0x14, 0x00, 0x36, 0xDB, 0x65,
    0xE1, 0xB2, 0xF1, 0xD6, 0x4A, 0x03, 0x02, 0x2B, 0xCE, 0xEF, 0x2B, 0x45, 0xB3, 0x40, 0x54, 0x2D,
    0xE5, 0x8E, 0x73, 0x9A, 0x8E, 0x98, 0xA2, 0x4A, 0x48, 0xBF, 0xAF, 0xC8, 0xC5, 0xB9, 0xCB, 0x03,
    0x17, 0xDF, 0x8F, 0x25, 0xBE, 0x7F, 0x26, 0x52, 0x6D, 0xE8, 0x82, 0xB8, 0x71, 0x0A, 0x4B, 0x50,
    0x72, 0xAC, 0x5E, 0x39, 0x0C, 0x71, 0x80, 0x87, 0x45, 0x00, 0x59, 0x53, 0x49, 0x76, 0xCF, 0x4A,
    0xA8, 0x41, 0x3B, 0xE9, 0xA3, 0x85, 0x8D, 0x23, 0xA0, 0x00, 0x34, 0x7D, 0xB7, 0xD1, 0xCD, 0x40,
    0x55, 0x6D, 0xE2, 0x1A, 0x6D, 0xA7, 0x99, 0xCF, 0x94, 0x75, 0x9B, 0x91, 0x8E, 0x9B, 0x01, 0xA7,
    0x26, 0xA2, 0xB4, 0xE0, 0x3A, 0x7B, 0x83, 0x59, 0x7D, 0xC2, 0x4A, 0x0C, 0x8E, 0x88, 0x80, 0x00,
    0x67, 0xCF, 0x74, 0x40, 0x1B, 0x12, 0x91, 0xE6, 0xD3, 0xAC, 0x0D, 0x7B, 0x39, 0x04, 0x59, 0x79,
    0x4D, 0xF2, 0xBE, 0x97, 0xDB, 0xFA, 0x45, 0x92, 0x3A, 0xD9, 0x20, 0x31, 0x20, 0xCF, 0x48, 0xFC,
    0x8E, 0xE9, 0xCF, 0xE8, 0x87, 0xA9, 0x00, 0xCA, 0x5B, 0x59, 0xD6, 0xF2, 0xAD, 0x45, 0xD0, 0x8A,
    0x75, 0x86, 0x1C, 0x23, 0x14, 0x23, 0x46, 0x80, 0x80, 0x47, 0x00, 0x42, 0x81, 0x4F, 0x69, 0xF3,
    0x76, 0x82, 0x14, 0xE8, 0x8B, 0xA9, 0x88, 0x88, 0xA5, 0xE0, 0x00, 0x0C, 0x91, 0x98, 0xB0, 0x1E,
    0x9A, 0xEC, 0x2C, 0x21, 0x75, 0xCC, 0xC0, 0x48, 0x5B, 0x44, 0x31, 0xF4, 0x00, 0x40, 0xBF, 0x80,
    0x1E, 0x65, 0xF6, 0x62, 0x2B, 0x1B, 0x9C, 0x07, 0x66, 0x1B, 0x8D, 0x14, 0x9F, 0xDF, 0x00, 0x2A,
    0x06, 0xC2, 0x4B, 0xD8, 0x9B, 0xB8, 0xEF, 0x15, 0x66, 0x68, 0x38, 0x68, 0x67, 0x53, 0x00, 0x65,
    0x63, 0x62, 0xE8, 0x30, 0x88, 0xAE, 0x00, 0x13, 0x68, 0x44, 0xD7, 0xFE, 0x51, 0xA2, 0xFF, 0xFE,
    0xBE, 0xA3, 0xE8, 0x00, 0x54, 0xF1, 0xC0, 0x96, 0xD3, 0xB7, 0xF9, 0xB7, 0xB8, 0x60, 0x7D, 0x92,
    0xB8, 0xFE, 0x90, 0xA5, 0x7F, 0x21, 0x5F, 0x30, 0xC9, 0xF0, 0x4A, 0xB1, 0x80, 0x42, 0x21, 0xA4,
    0x6C, 0x2D, 0x51, 0x3A, 0x36, 0x8E, 0x84, 0x7A, 0x32, 0x48, 0xD6, 0xEE, 0xD3, 0xBC, 0x18, 0x9C,
    0x20, 0x40, 0x00, 0x4C, 0x19, 0x24, 0xFC, 0x59, 0xAE, 0xE0, 0xE8, 0x09, 0xC8, 0x75, 0x79, 0x22,
    0x14, 0xA4, 0x98, 0x20, 0x65, 0xED, 0xFC, 0xA0, 0x34, 0xEF, 0x8F, 0x32, 0xE5, 0x55, 0x22, 0x89,
    0x9B, 0x6B, 0x16, 0xCD, 0xE1, 0x25, 0x83, 0x24, 0x44, 0x03, 0x00, 0x40, 0x11, 0xE3, 0x35, 0xE6,
    0xEF, 0xA7, 0x64, 0xC9, 0x41, 0x80, 0x11, 0x91, 0x3F, 0x19, 0xB4, 0xA0, 0xE4, 0x3C, 0xD0, 0x69,
    0xD7, 0x45, 0xE2, 0xA2, 0x65, 0x5F, 0x6F, 0xD0, 0x2A, 0x7D, 0xA4, 0x17, 0xA7, 0x80, 0x87, 0xB3,
    0x00, 0xDE, 0x5F, 0xCF, 0x81, 0xC8, 0xEE, 0x50, 0x41, 0xEC, 0x33, 0xCC, 0x58, 0x6A, 0x87, 0xB4,
    0x00, 0x52, 0xDE, 0x86, 0x35, 0x76, 0x35, 0x51, 0xDE, 0xB8, 0x07, 0x3B, 0xB5, 0xF3, 0x91, 0x38,
    0x80, 0x51, 0x00, 0x3E, 0xEF, 0x09, 0x56, 0x22, 0xA1, 0xE5, 0x48, 0x9F, 0x29, 0x8C, 0x0F, 0xD7,
    0x4F, 0x1B, 0x1B, 0x1B, 0xF1, 0x80, 0x51, 0x00, 0x40, 0xD8, 0xD3, 0x68, 0x69, 0xDF, 0x74, 0x3A,
    0x42, 0x18, 0x12, 0xAD, 0xA7, 0x90, 0x80, 0x6D, 0x00, 0x3F, 0x7D, 0xE8, 0x7C, 0xD6, 0x4B, 0x41,
    0xE0, 0xD6, 0x45, 0x1F, 0xB4, 0x98, 0x44, 0x00, 0xA3, 0x12, 0x10, 0x83, 0x42, 0xF7, 0x24, 0x3F,
    0x41, 0x30, 0x38, 0x62, 0x72, 0x88, 0xF0, 0xAD, 0x49, 0xC5, 0xEE, 0xD0, 0x02, 0xD5, 0x34, 0x74,
    0xB4, 0xA8, 0x21, 0x81, 0x98, 0x7A, 0x8B, 0x03, 0xA5, 0x44, 0x32, 0xE4, 0x53, 0x6A, 0x34, 0x80,
    0x00, 0x34, 0x7F, 0x06, 0x49, 0xB0, 0x3D, 0xF9, 0x8E, 0x68, 0x18, 0xAE, 0x1D, 0x24, 0x64, 0x5B,
    0x59, 0x4E, 0x6F, 0x85, 0x25, 0xF3, 0xF5, 0x37, 0xDF, 0x1F, 0x67, 0xC8, 0x11, 0x73, 0x8C, 0xFE,
    0xC2, 0x3A, 0xF2, 0x87, 0xBA, 0x00, 0xE0, 0x28, 0xE1, 0xEB, 0xDA, 0x05, 0xEF, 0xC3, 0xD2, 0x2C,
    0xBF, 0x88, 0x1F, 0x3B, 0x80, 0x87, 0xBB, 0x00, 0x52, 0xD2, 0x15, 0x57, 0x2A, 0x85, 0x07, 0x90,
    0x81, 0x3B, 0x44, 0xF8, 0xDA, 0x3E, 0x75, 0x58, 0x86, 0x80, 0x57, 0x00, 0x42, 0x8A, 0xC0, 0xA7,
    0x1C, 0x22, 0xCC, 0xC5, 0xB9, 0xAB, 0xC4, 0x7E, 0x76, 0x69, 0xBC, 0x80, 0x5B, 0x00, 0x80, 0x20,
    0x1D, 0xDC, 0x60, 0xB0, 0x83, 0x4C, 0x86, 0x57, 0x8B, 0xC3, 0x70, 0x78, 0xD3, 0x47, 0x2D, 0xF1,
    0xE4, 0x63, 0xF8, 0x6A, 0xD1, 0x57, 0xC4, 0x19, 0x7F, 0xC8, 0x4A, 0x11, 0xF7, 0xE3, 0x35, 0x80,
    0x00, 0x3A, 0x20, 0xFC, 0x05, 0xD4, 0xFC, 0xF9, 0x75, 0x99, 0x89, 0xE9, 0xB1, 0xBD, 0xC8, 0x6B,
    0xE3, 0x93, 0xAE, 0x9D, 0xE8, 0x07, 0x2A, 0x09, 0x7C, 0xF7, 0xCB, 0xD2, 0x99, 0xC5, 0x96, 0x13,
    0x8C, 0x40, 0x7C, 0x36, 0x26, 0xD0, 0x26, 0x6F, 0x40, 0xC5, 0xD6, 0x80, 0x80, 0x5B, 0x00, 0x56,
    0xD1, 0xAD, 0xAC, 0xD4, 0x3D, 0xA2, 0x8D, 0xE9, 0x94, 0xB9, 0x6F, 0x90, 0x4F, 0xC2, 0xC0, 0x80,
    0x89, 0x85, 0x00, 0x72, 0x60, 0x77, 0xA6, 0xD1, 0xF6, 0xAC, 0x5B, 0x2C, 0xBB, 0x78, 0x18, 0x82,
    0x43, 0x00, 0x39, 0x5E, 0x63, 0xF4, 0xE2, 0x01, 0x1F, 0x3A, 0x9D, 0x6F, 0x51, 0xF6, 0xC0, 0x88,
    0x82, 0x00, 0x68, 0x01, 0x3E, 0xA6, 0x85, 0xF4, 0x73, 0x3A, 0x28, 0x26, 0xC4, 0xF5, 0x75, 0x7A,
    0x8A, 0x22, 0x30, 0x87, 0xA5, 0x00, 0x33, 0x0D, 0x05, 0x08, 0x4C, 0x6E, 0x6C, 0x01, 0xC5, 0xCB,
    0xD7, 0x29, 0x83, 0x7B, 0x2A, 0xDF, 0xB0, 0x87, 0x23, 0x00, 0xA2, 0x67, 0xBD, 0x7E, 0x3A, 0x74,
    0xEE, 0x53, 0xD2, 0xDF, 0xFB, 0x6C, 0xB7, 0xC8, 0xAA, 0xB9, 0x20, 0x87, 0x43, 0x00, 0x66, 0x3B,
    0x11, 0x66, 0x55, 0xCA, 0xF8, 0x1E, 0x3B, 0xEE, 0x8B, 0x3B, 0x5A, 0x20, 0x12, 0x7C, 0x00, 0x7E,
    0xF0, 0x61, 0x18, 0xF4, 0xB0, 0x1E, 0x53, 0x0A, 0x8B, 0x21, 0x02, 0xC3, 0xA0, 0x62, 0xEA, 0x20,
    0x63, 0x42, 0x95, 0x5A, 0xF2, 0xC5, 0xB4, 0x86, 0xA4, 0x08, 0xC1, 0xA2, 0x1B, 0x68, 0x65, 0x71,
    0x52, 0x16, 0x68, 0x00, 0x66, 0x50, 0x5A, 0x22, 0x64, 0x5B, 0x69, 0xF0, 0x0D, 0x98, 0x48, 0x38,
    0x44, 0x52, 0x47, 0xBF, 0x9C, 0xF1, 0x61, 0x14, 0x2C, 0x48, 0xE8, 0xE3, 0xDE, 0x47, 0x87, 0xC7,
    0x00, 0x6C, 0x38, 0xB1, 0x63, 0x9E, 0xE1, 0xC3, 0xC8, 0x98, 0x72, 0x17, 0x9A, 0xF5, 0x04, 0x0A,
    0x11, 0x37, 0x87, 0xC8, 0x00, 0x50, 0x40, 0x10, 0xCD, 0x1B, 0xDD, 0xEC, 0xD0, 0x8D, 0x22, 0xBB,
    0x95, 0x65, 0x28, 0xA9, 0x90, 0x80, 0x25, 0x00, 0x76, 0x0F, 0x1A, 0xA1, 0xCC, 0x4F, 0x2A, 0x9C,
    0xB9, 0x41, 0xDC, 0x24, 0x80, 0x45, 0x00, 0x5B, 0xA4, 0x24, 0x00, 0xC5, 0xDE, 0x83, 0x1B, 0x87,
    0xC7, 0x00, 0x4D, 0x14, 0x77, 0x22, 0x07, 0x22, 0x6B, 0x98, 0xD6, 0xE2, 0x44, 0x68, 0xC2, 0xC1,
    0x6F, 0x42, 0x5E, 0x87, 0xAA, 0x00, 0x2B, 0x4C, 0x98, 0x98, 0x29, 0x04, 0xF6, 0x96, 0x99, 0xBE,
    0x75, 0x87, 0x97, 0xD4, 0x72, 0xA6, 0x8C, 0x38, 0x84, 0xFC, 0x55, 0xDD, 0x55, 0x97, 0x96, 0x05,
    0x40, 0x00, 0x56, 0xD8, 0xE7, 0x1E, 0x6E, 0x3E, 0xAB, 0xDA, 0x72, 0xAD, 0x4F, 0xFE, 0xCC, 0xF4,
    0x24, 0x69, 0x23, 0x8C, 0x8F, 0x1F, 0xAA, 0x51, 0x17, 0xD2, 0x47, 0x69, 0xEA, 0x4C, 0x1C, 0xF7,
    0xD8, 0xC4, 0xB8, 0x7E, 0xE3, 0x9D, 0x0E, 0x26, 0x32, 0xE8, 0xAF, 0xF7, 0x83, 0x80, 0x5F, 0x00,
    0x83, 0xA1, 0xC6, 0x73, 0x2F, 0x62, 0x39, 0x01, 0x5F, 0x25, 0x78, 0xB5, 0xBA, 0x7A, 0x3D, 0xFA,
    0x5B, 0x21, 0x99, 0xF6, 0xAE, 0xA5, 0xC9, 0x93, 0x21, 0x0A, 0x0F, 0x74, 0x76, 0x76, 0x64, 0xD7,
    0x7A, 0x37, 0x79, 0x97, 0x7D, 0x09, 0x66, 0xFE, 0x22, 0x7F, 0x46, 0x40, 0x87, 0x91, 0x00, 0x4F,
    0x17, 0x49, 0x33, 0x15, 0x39, 0x44, 0x52, 0x1B, 0xE0, 0x00, 0x85, 0xD5, 0x99, 0x5A, 0x35, 0x31,
    0xB8, 0xCE, 0xB9, 0x6D, 0xF6, 0x32, 0xF2, 0x84, 0x32, 0x69, 0x67, 0x42, 0x78, 0x96, 0x2C, 0x6B,
    0xA0, 0xB6, 0x3A, 0xFD, 0x0D, 0x69, 0x93, 0x29, 0xF2, 0x62, 0x81, 0x2D, 0xB7, 0x5F, 0x7B, 0x3D,
    0xC9, 0x95, 0xE9, 0x8F, 0xBB, 0x70, 0x81, 0x27, 0x00, 0x43, 0x35, 0x39, 0x17, 0x00, 0xC5, 0xAC,
    0x51, 0x76, 0xE8, 0x12, 0x80, 0x82, 0x47, 0x00, 0x2E, 0xBF, 0x71, 0x1C, 0x1D, 0x2D, 0x7D, 0xFA,
    0x17, 0x89, 0x06, 0xF0, 0x85, 0xD3, 0x00, 0x4A, 0x56, 0x0B, 0xF7, 0x28, 0xAC, 0x76, 0x64, 0x74,
    0x24, 0x46, 0x18, 0x14, 0x88, 0xC2, 0x17, 0xF8, 0x88, 0xAA, 0x00, 0x2B, 0x9D, 0x83, 0xE4, 0x13,
    0x6C, 0xF0, 0xCD, 0x19, 0xAA, 0x01, 0xBA, 0x77, 0x4A, 0x0D, 0x54, 0x5C, 0x3A, 0x88, 0x89, 0x00,
    0xEA, 0xDD, 0x6F, 0x34, 0x6F, 0x5B, 0x9E, 0xBF, 0x3C, 0x60, 0x80, 0x47, 0x00, 0x5B, 0xB9, 0x21,
    0xA6, 0x0B, 0xED, 0x7C, 0x92, 0x86, 0xD0, 0xC0, 0x87, 0x27, 0x00, 0x49, 0x33, 0x94, 0xE3, 0x6B,
    0x58, 0x7F, 0x0D, 0x19, 0x58, 0x5B, 0x96, 0x58, 0xAB, 0xD8, 0xC0, 0x87, 0x47, 0x00, 0x57, 0x7A,
    0xB2, 0x27, 0xD1, 0x78, 0x51, 0x0B, 0xA3, 0x8A, 0x44, 0x2E, 0x7B, 0xE3, 0x2D, 0x00, 0x38, 0xD7,
    0x93, 0x2E, 0x13, 0xDF, 0xE5, 0xE5, 0xCD, 0x24, 0xEA, 0x7F, 0x1E, 0xFD, 0x83, 0xF0, 0xBC, 0x96,
    0xA3, 0x6D, 0xF7, 0x1F, 0x67, 0xE7, 0x05, 0x1B, 0xA2, 0x23, 0x74, 0x40, 0x34, 0xCF, 0xF2, 0x30,
    0x60, 0x87, 0xB4, 0x00, 0x2B, 0x7D, 0xFF, 0x93, 0x9F, 0x72, 0x0F, 0x10, 0x11, 0xAD, 0xE7, 0x9C,
    0xAF, 0x59, 0x44, 0x76, 0x60, 0x83, 0xE4, 0xDE, 0xD8, 0xC4, 0x90, 0x14, 0x98, 0x90, 0xA1, 0x3B,
    0x07, 0x42, 0x5E, 0x0A, 0xC9, 0x33, 0xB6, 0xE4, 0x00, 0x72, 0xDF, 0xD5, 0xF3, 0xAB, 0x50, 0x53,
    0xFE, 0xB1, 0x6F, 0xAF, 0xB0, 0x9D, 0x34, 0x46, 0x7B, 0x9B, 0xFB, 0x12, 0xD4, 0xE7, 0xEB, 0xC6,
    0x12, 0x66, 0x8D, 0xF1, 0x8C, 0x2E, 0x54, 0x2D, 0x3F, 0x01, 0x76, 0xAD, 0xE3, 0x0A, 0x1A, 0x90,
    0x20, 0x86, 0x20, 0xFD, 0x74, 0x21, 0xCB, 0x09, 0x98, 0x80, 0x00, 0x5C, 0x64, 0xD5, 0xD4, 0x15,
    0x9D, 0xFF, 0x1F, 0xEC, 0x89, 0x1F, 0xD4, 0xE1, 0x3A, 0xA8, 0x96, 0x35, 0x8E, 0x14, 0x78, 0x63,
    0x44, 0x26, 0x18, 0xDA, 0x5D, 0xFD, 0xBB, 0x46, 0x85, 0x34, 0x00, 0x38, 0x11, 0xAA, 0xE5, 0xEA,
    0x22, 0xA4, 0xF4, 0xBC, 0x54, 0x86, 0xB1, 0x1F, 0x1D, 0x2D, 0x70, 0xBF, 0x46, 0xEA, 0x80, 0x29,
    0x00, 0x56, 0xDA, 0xC0, 0xC0, 0x42, 0x1F, 0xF8, 0xAB, 0xC2, 0x56, 0x20, 0xEA, 0x61, 0x1D, 0xBB,
    0x66, 0x4C, 0x81, 0x20, 0x80, 0x49, 0x00, 0x38, 0xD9, 0x05, 0xA3, 0x29, 0x63, 0xEB, 0x5C, 0x62,
    0x28, 0xEB, 0x04, 0x3E, 0x5B, 0xC4, 0xF8, 0xD4, 0x95, 0x22, 0x80, 0x29, 0x00, 0x75, 0x55, 0x04,
    0xEF, 0x41, 0xFD, 0x76, 0x56, 0x4B, 0x25, 0x38, 0x09, 0x10, 0xA0, 0x80, 0x49, 0x00, 0x67, 0xBE,
    0x87, 0x12, 0xF8, 0x57, 0xF1, 0x7F, 0x1E, 0x20, 0x99, 0x19, 0xAD, 0x2E, 0x80, 0x87, 0x29, 0x00,
    0xA8, 0x40, 0xA3, 0x72, 0x89, 0x08, 0xE0, 0xDD, 0x5D, 0xDF, 0x23, 0x16, 0x06, 0xB7, 0x4C, 0xE0,
    0x86, 0xE2, 0x00, 0x71, 0x6E, 0xB8, 0x1B, 0xA2, 0x7E, 0x2D, 0x65, 0x32, 0xA7, 0x2E, 0xCA, 0x95,
    0xAA, 0x48, 0x00, 0x68, 0x4D, 0xBE, 0xEA, 0x25, 0x29, 0xD3, 0x83, 0x66, 0x5B, 0x99, 0xDE, 0xC5,
    0x9D, 0x8F, 0x40, 0x4F, 0x43, 0x69, 0x82, 0xFA, 0xF4, 0x33, 0xB3, 0x86, 0x39, 0xC1, 0xAD, 0xFE,
    0x84, 0xAB, 0x40, 0xF9, 0x9C, 0xE5, 0x81, 0x86, 0x83, 0x59, 0xF3, 0x79, 0x05, 0xF8, 0x00, 0x33,
    0xC1, 0xEE, 0xBB, 0x61, 0xA6, 0x18, 0x1A, 0x0E, 0xF5, 0xB1, 0x63, 0xE4, 0xED, 0xB5, 0x5F, 0x4E,
    0x9A, 0x12, 0x97, 0xFD, 0xF0, 0xEA, 0x21, 0xCA, 0x46, 0x50, 0x34, 0x43, 0x12, 0xA9, 0x5C, 0x77,
    0xB2, 0x19, 0xC2, 0x32, 0x54, 0xAB, 0xD3, 0x00, 0x1E, 0xC0, 0x46, 0x04, 0x42, 0x1A, 0xC7, 0x37,
    0xC9, 0xA0, 0xAC, 0xB5, 0x2F, 0x71, 0x8E, 0x78, 0xBC, 0xB4, 0xE0, 0x0A, 0xF3, 0xDD, 0x84, 0x84,
    0x3B, 0x31, 0x52, 0x80, 0x48, 0xD0, 0x61, 0xC6, 0xA4, 0x37, 0xC1, 0xA7, 0x6B, 0xEA, 0x30, 0x6C,
    0xEE, 0xE1, 0x38, 0xC8, 0xE9, 0x80, 0x87, 0x4A, 0x00, 0x7A, 0xAA, 0x64, 0x6D, 0xCF, 0x4E, 0xB7,
    0x1D, 0xD0, 0xDF, 0x8A, 0x6D, 0xBC, 0x96, 0x2C, 0x3F, 0x66, 0x53, 0xF5, 0x1E, 0x99, 0x46, 0x00,
    0x3E, 0xEB, 0x86, 0x19, 0xC1, 0xCD, 0x28, 0xF1, 0x31, 0x20, 0x14, 0x9F, 0xC6, 0x7E, 0x97, 0x52,
    0xBA, 0x41, 0xE6, 0x21, 0xEA, 0x5C, 0xD4, 0x77, 0x53, 0x58, 0x80, 0x99, 0xBC, 0x0C, 0x02, 0x58,
    0x00, 0x11, 0x8C, 0x43, 0xC8, 0x7E, 0xB8, 0xB5, 0xA3, 0x14, 0xCC, 0xF4, 0x8C, 0xC5, 0x8F, 0xDA,
    0x83, 0xBC, 0x96, 0xAD, 0x03, 0x49, 0xED, 0x0C, 0x28, 0x8A, 0x8F, 0x00, 0x2F, 0xA9, 0xB9, 0x69,
    0x45, 0xBD, 0xD3, 0x07, 0x08, 0xD1, 0x9D, 0x8A, 0xAF, 0x00, 0x0A, 0xC8, 0x40, 0xDD, 0xD2, 0x6E,
    0x1F, 0xA6, 0x80, 0x88, 0x8E, 0x00, 0x2B, 0x9D, 0x5D, 0x8F, 0x04, 0x7D, 0x7F, 0x46, 0xC8, 0xB5,
    0x04, 0x47, 0x3E, 0xF5, 0x0A, 0xEE, 0x80, 0x87, 0xB0, 0x00, 0x0C, 0xF5, 0xFE, 0x0C, 0xD0, 0x74,
    0x74, 0x8E, 0xF8, 0x06, 0x46, 0x3A, 0x87, 0x2B, 0x00, 0x60, 0x76, 0xD7, 0x30, 0x47, 0x24, 0xB2,
    0xBD, 0x7B, 0x90, 0xAE, 0xE0, 0xC4, 0xDA, 0x00, 0x4C, 0x9E, 0x5D, 0x71, 0xB8, 0x1B, 0x8E, 0x52,
    0x07, 0x99, 0x51, 0xCF, 0xB1, 0x0D, 0x55, 0x0E, 0xC2, 0x4A, 0x46, 0x24, 0x3A, 0x43, 0x29, 0x94,
    0x88, 0x8D, 0x00, 0xDE, 0xF4, 0xC9, 0xB8, 0x41, 0xDB, 0x93, 0x52, 0x8D, 0xBA, 0xA0, 0x00, 0x58,
    0xB4, 0x49, 0x87, 0x40, 0xC6, 0xBA, 0x12, 0x39, 0x8F, 0xB0, 0x00, 0x1D, 0xCD, 0x87, 0xE4, 0xC7,
    0x7E, 0x0E, 0x98, 0xBE, 0x35, 0x13, 0x9B, 0xA0, 0x3F, 0xCF, 0x28, 0xEA, 0x18, 0x3D, 0xE6, 0xFF,
    0x97, 0xBE, 0xE2, 0x57, 0x13, 0x4B, 0x80, 0x1D, 0xE6, 0x4F, 0xBA, 0x37, 0x28, 0x63, 0xD5, 0x85,
    0x39, 0xA4, 0xEE, 0x3B, 0xB6, 0x40, 0x00, 0x2A, 0x4B, 0x16, 0x92, 0xBB, 0xC3, 0x68, 0x8D, 0xC9,
    0x95, 0xC0, 0xA1, 0x90, 0xA2, 0x31, 0x0A, 0xC1, 0xF5, 0x53, 0xE4, 0x4C, 0xB5, 0xE6, 0x94, 0xAB,
    0x58, 0x83, 0xAC, 0x40, 0xCD, 0xD6, 0xF1, 0xA2, 0xBC, 0x1C, 0x7B, 0x00, 0x6A, 0xED, 0x76, 0xC6,
    0x8D, 0x95, 0x56, 0x12, 0xF0, 0x82, 0x27, 0x2E, 0x3A, 0xF9, 0x2A, 0xF6, 0x8A, 0x78, 0x3A, 0x03,
    0xDD, 0x8F, 0x70, 0xDD, 0x11, 0xE2, 0xE0, 0xAB, 0x50, 0xB0, 0x00, 0x58, 0xE5, 0x69, 0x4E, 0xAD,
    0xB9, 0x16, 0xC4, 0xB9, 0x14, 0x24, 0x82, 0x77, 0xE9, 0x6C, 0xA3, 0xFD, 0x8A, 0x4E, 0xB7, 0x4A,
    0x46, 0xCA, 0x55, 0x85, 0x5C, 0x87, 0x2D, 0x00, 0x69, 0x57, 0xBE, 0xDD, 0x77, 0xA6, 0x4E, 0xD5,
    0xF6, 0xDA, 0xC8, 0x87, 0xAE, 0x2C, 0x0C, 0xB3, 0xA0, 0x87, 0x4D, 0x00, 0x7B, 0x2B, 0x03, 0x8C,
    0x8D, 0xC7, 0x0B, 0xA7, 0x78, 0x24, 0xD0, 0xF1, 0x21, 0xE9, 0xB8, 0x8F, 0x4D, 0x00, 0xFA, 0x51,
    0x29, 0x5A, 0xB7, 0x8A, 0x78, 0x7A, 0x84, 0x3D, 0x00, 0x5B, 0xB5, 0x1F, 0x4E, 0x85, 0x45, 0x00,
    0x57, 0x17, 0xAA, 0xA0, 0x89, 0x4C, 0x38, 0x88, 0xBB, 0xA6, 0xDF, 0x99, 0xB0, 0x00, 0x54, 0x32,
    0x7F, 0x65, 0x7C, 0xF6, 0xBD, 0x80, 0x20, 0xE5, 0x04, 0xE6, 0x26, 0x75, 0x43, 0x87, 0x7B, 0x87,
    0xFB, 0x27, 0xA6, 0x80, 0x87, 0x2E, 0x00, 0x7A, 0xD8, 0x44, 0x65, 0xD4, 0x90, 0x17, 0x7E, 0x41,
    0xFF, 0x80, 0x85, 0x13, 0x00, 0x4D, 0x68, 0x68, 0x7F, 0xE6, 0x04, 0xE2, 0xE3, 0x27, 0x2D, 0xB6,
    0xC3, 0x0C, 0x43, 0x29, 0x70, 0x00, 0x28, 0x8C, 0x38, 0x7E, 0x49, 0x23, 0xD6, 0xB2, 0x1C, 0x33,
    0x52, 0xE6, 0x5A, 0xAF, 0x62, 0xD6, 0x87, 0x47, 0x9A, 0x72, 0x32, 0x10, 0x90, 0x00, 0x30, 0x9B,
    0x93, 0x00, 0xCC, 0x69, 0xF6, 0x91, 0xF9, 0xB0, 0x04, 0x0B, 0xB1, 0x6B, 0x50, 0x38, 0x55, 0x79,
    0x85, 0x7E, 0xBE, 0x80, 0x87, 0xFF, 0x00, 0x6A, 0xED, 0xD5, 0xB4, 0x91, 0x68, 0xD6, 0x7D, 0xC2,
    0x14, 0xFB, 0x77, 0xAD, 0xA0, 0x33, 0x46, 0x15, 0x90, 0x87, 0xAE, 0x00, 0x34, 0x0A, 0x0C, 0xA4,
    0x4C, 0xF5, 0xE5, 0xAD, 0x0D, 0x36, 0xF3, 0x8D, 0x55, 0x91, 0x70, 0xF0, 0x82, 0xFF, 0x00, 0x3A,
    0x86, 0xB5, 0x0F, 0x20, 0xAB, 0xAB, 0x29, 0x14, 0x39, 0xAE, 0x56, 0x01, 0xB7, 0x2F, 0x72, 0xE2,
    0xFC, 0x66, 0xD8, 0xF3, 0x87, 0x62, 0x00, 0x5F, 0xC4, 0x65, 0xB8, 0xCD, 0x23, 0xA8, 0xFD, 0x18,
    0xB7, 0x04, 0xF4, 0x04, 0x6E, 0x38, 0xB5, 0x74, 0x08, 0xAE, 0x80, 0x86, 0x92, 0x00, 0x7A, 0x83,
    0x1D, 0xF0, 0x18, 0xAB, 0xB3, 0xB4, 0xAB, 0x9E, 0xDA, 0x0D, 0xAD, 0x0D, 0xB4, 0x2E, 0x13, 0x30,
    0xB6, 0xA0, 0x00, 0x75, 0x44, 0x56, 0x22, 0x6D, 0xC1, 0xA6, 0x72, 0x24, 0x4C, 0x71, 0x70, 0x2F,
    0x4E, 0xB6, 0x5A, 0xD9, 0xA2, 0x22, 0x7A, 0xBC, 0x13, 0x93, 0x36, 0x31, 0x41, 0xC6, 0xFF, 0xCC,
    0xD9, 0x85, 0xBC, 0x18, 0x87, 0x30, 0x00, 0x8C, 0xFF, 0x4B, 0x5B, 0x94, 0x54, 0x5E, 0xA5, 0xD4,
    0x2E, 0xEA, 0x97, 0xCD, 0x09, 0xD9, 0xB2, 0x79, 0xDD, 0xEE, 0x87, 0x50, 0x00, 0x6F, 0x37, 0x95,
    0xC5, 0x54, 0x8F, 0xE1, 0x84, 0x75, 0xC2, 0xCF, 0x78, 0xF0, 0x62, 0x86, 0x92, 0x00, 0x57, 0x46,
    0x85, 0x5A, 0x48, 0x8D, 0xB0, 0x24, 0xA0, 0xA4, 0x71, 0xDD, 0x3E, 0x48, 0xB6, 0x81, 0xCA, 0xCC,
    0x7B, 0x47, 0xFF, 0x74, 0x80, 0x86, 0xB2, 0x00, 0x41, 0x49, 0x41, 0xE1, 0x6F, 0x75, 0xFB, 0x75,
    0x08, 0x88, 0x22, 0x40, 0x9E, 0x29, 0x19, 0xDE, 0x40, 0x00, 0x15, 0xF0, 0x65, 0x1D, 0xD3, 0xF3,
    0x6C, 0x75, 0x1B, 0x49, 0x9B, 0xD2, 0x43, 0x9F, 0x96, 0xDE, 0xA9, 0x47, 0x19, 0x39, 0xA2, 0xFA,
    0x3F, 0x3F, 0xA9, 0x53, 0x57, 0x5B, 0xB9, 0x49, 0x60, 0x28, 0x81, 0x5B, 0x75, 0x87, 0x30, 0x00,
    0x8C, 0xFF, 0x4B, 0x5B, 0x94, 0x6C, 0xAF, 0x1D, 0xA8, 0x3C, 0xE8, 0x04, 0xC1, 0xD3, 0xEB, 0x50,
    0x7A, 0x1E, 0x62, 0xA3, 0x42, 0xAC, 0xF7, 0x6A, 0xC0, 0x8F, 0x4A, 0x00, 0xF5, 0x84, 0xAC, 0x0D,
    0xC0, 0x5A, 0xE6, 0xEB, 0xC9, 0x95, 0xB8, 0x41, 0x01, 0xA0, 0x88, 0x99, 0xA5, 0x8A, 0x94, 0x00,
    0x50, 0xFC, 0x33, 0x01, 0x20, 0x54, 0x15, 0xDF, 0x4A, 0x9A, 0x3B, 0xC8, 0x92, 0x40, 0x89, 0xB7,
    0x00, 0x4C, 0xB8, 0xD2, 0x81, 0x1B, 0x38, 0xBC, 0x80, 0x77, 0xDE, 0xB0, 0x87, 0x97, 0x00, 0x55,
    0x88, 0x02, 0xD6, 0xAE, 0x3A, 0xF6, 0x5B, 0xD2, 0x17, 0x87, 0x2A, 0xAD, 0xF5, 0x42, 0xE7, 0x2F,
    0x40, 0x88, 0xB4, 0x00, 0x37, 0xFB, 0x55, 0xD3, 0x8C, 0xFD, 0xF9, 0x53, 0x67, 0x19, 0x27, 0x66,
    0x1B, 0xCD, 0x7C, 0x00, 0x6F, 0x18, 0x5B, 0x9B, 0xB7, 0xC5, 0x74, 0x81, 0x7A, 0xB2, 0xA6, 0xB6,
    0x19, 0x30, 0x0F, 0xE1, 0x7E, 0x36, 0xDD, 0x68, 0x58, 0x54, 0xEE, 0x9B, 0x0F, 0xAD, 0xFF, 0x6E,
    0x4C, 0x70, 0x28, 0x92, 0x7A, 0x85, 0x1E, 0x99, 0xBB, 0x89, 0xDE, 0x52, 0xDA, 0xA4, 0xFD, 0xF1,
    0x27, 0x53, 0x13, 0x40, 0x71, 0x96, 0x00, 0x53, 0xB5, 0x3A, 0x64, 0xB5, 0xDF, 0x16, 0xBB, 0x91,
    0xB0, 0xC1, 0x01, 0xC1, 0xA9, 0xA4, 0x3D, 0xE4, 0xD2, 0x03, 0x4A, 0xDD, 0xFA, 0x7A, 0x21, 0xB9,
    0x63, 0x40, 0x30, 0x78, 0x26, 0x23, 0xDF, 0x55, 0x8B, 0x6C, 0x11, 0x98, 0xB1, 0x2B, 0x68, 0x00,
    0xBA, 0x1C, 0xC7, 0x96, 0xFA, 0xF5, 0xA7, 0x38, 0x28, 0x79, 0x82, 0x33, 0x3B, 0xD2, 0xC2, 0xCC,
    0xDD, 0x7F, 0x67, 0xC3, 0xE6, 0xCF, 0x2C, 0x25, 0x94, 0x49, 0x91, 0x71, 0x7F, 0xEF, 0x95, 0xAA,
    0x94, 0xD5, 0xD6, 0x74, 0xD2, 0x19, 0xC5, 0xA6, 0x5E, 0x74, 0x8C, 0x01, 0x78, 0x00, 0x40, 0xE6,
    0x43, 0xA4, 0xD0, 0x9C, 0xD0, 0x9F, 0x1A, 0x33, 0x36, 0xE6, 0xE4, 0xFC, 0x95, 0x7A, 0xB8, 0x68,
    0x5C, 0x7F, 0x69, 0xCD, 0x52, 0xF5, 0x3E, 0x44, 0xFA, 0x32, 0x4D, 0x96, 0x5F, 0x2A, 0x6D, 0x70,
    0xDF, 0x34, 0xDF, 0xE7, 0x23, 0xDC, 0xDF, 0x30, 0x73, 0x1E, 0x24, 0xEE, 0x28, 0xB3, 0x7B, 0xEC,
    0xF8, 0x32, 0x87, 0xDB, 0x00, 0xD1, 0x3A, 0x5F, 0x00, 0xF9, 0x82, 0x58, 0xE9, 0xAD, 0xF1, 0x8F,
    0xD6, 0x78, 0x1F, 0x50, 0xA8, 0x13, 0x09, 0xF9, 0x0A, 0xD2, 0x71, 0xF1, 0x82, 0x71, 0x72, 0xE9,
    0x17, 0x6A, 0xD7, 0x74, 0xC6, 0x38, 0xE5, 0x16, 0xE2, 0x06, 0xDA, 0xB0, 0x40, 0x00, 0x5F, 0xCB,
    0x66, 0x5A, 0x71, 0x7D, 0xBC, 0x05, 0x93, 0x84, 0xA1, 0x41, 0xF3, 0xE7, 0x36, 0x40, 0xA7, 0x2E,
    0x89, 0x10, 0x23, 0xA6, 0xD1, 0x87, 0x34, 0x00, 0x4A, 0xD2, 0x15, 0x39, 0xB1, 0x53, 0x65, 0xA2,
    0xE9, 0xBB, 0x03, 0x0F, 0xB2, 0xED, 0xF1, 0x00, 0x6F, 0x05, 0xA5, 0x65, 0xDA, 0xB5, 0x2D, 0x7F,
    0x7F, 0x96, 0xF6, 0x43, 0x9B, 0xDC, 0x5D, 0x76, 0x0B, 0xF1, 0x9D, 0xBA, 0x4D, 0x7B, 0x07, 0xFC,
    0x40, 0x87, 0x15, 0x01, 0x43, 0xA2, 0x3E, 0x43, 0x30, 0x92, 0x1F, 0x5E, 0x5D, 0x83, 0x3E, 0x03,
    0x27, 0x6C, 0xE8, 0xC0, 0x34, 0x00, 0x1F, 0x0C, 0x8B, 0x68, 0xFA, 0xC3, 0x3A, 0x3A, 0xE3, 0xAF,
    0xA9, 0x7F, 0x6D, 0x8A, 0xA0, 0x1D, 0x14, 0x12, 0xA5, 0x47, 0x74, 0x0C, 0x69, 0x93, 0x80, 0x86,
    0xBC, 0x00, 0x75, 0x71, 0x84, 0xE8, 0xCC, 0x7D, 0xEA, 0x6B, 0xBF, 0x5C, 0x52, 0x9B, 0xC7, 0x56,
    0x7B, 0x5B, 0x16, 0xB6, 0x8A, 0x60, 0xB7, 0xB1, 0x34, 0xED, 0x43, 0xE1, 0x9D, 0x28, 0x0D, 0x36,
    0x75, 0xC9, 0x05, 0xF2, 0xE5, 0x24, 0x27, 0x47, 0xD4, 0x80, 0x00, 0x60, 0x0D, 0x9E, 0xB6, 0xAE,
    0x50, 0x90, 0x99, 0xCB, 0xBE, 0x9D, 0xE0, 0x73, 0x6B, 0x00, 0x2F, 0x7A, 0xCA, 0x9F, 0xEE, 0x0B,
    0xEE, 0x20, 0x75, 0x3F, 0x0F, 0x26, 0xD3, 0xFC, 0xCD, 0xC2, 0x52, 0xCB, 0x1F, 0x87, 0x1B, 0x01,
    0x61, 0x5A, 0x62, 0x3E, 0x87, 0x0A, 0x04, 0x9F, 0xA2, 0x6A, 0x9D, 0xBC, 0x18, 0x72, 0xCF, 0x56,
    0x08, 0x90, 0x00, 0x4B, 0x91, 0x9B, 0x31, 0x2C, 0xE2, 0x5B, 0x11, 0x83, 0x94, 0xD0, 0xA1, 0x6C,
    0xA2, 0xB4, 0x64, 0x7B, 0xE0, 0xE0, 0x48, 0x4F, 0x68, 0x08, 0x57, 0x1C, 0x3B, 0x1F, 0x1A, 0x8B,
    0x6D, 0x9F, 0x63, 0xE9, 0x17, 0x93, 0xA5, 0xD6, 0x87, 0x35, 0x00, 0x9B, 0xFA, 0x54, 0xE8, 0x86,
    0x6C, 0x56, 0x0D, 0x2C, 0x0E, 0xFC, 0x29, 0x91, 0x17, 0x48, 0xFA, 0xBD, 0x28, 0x20, 0x87, 0x55,
    0x00, 0x4C, 0x3A, 0x92, 0x4E, 0xC2, 0x1B, 0x92, 0x2A, 0xA6, 0x81, 0x10, 0x19, 0xC5, 0x0A, 0x41,
    0xF6, 0x87, 0x1B, 0x01, 0x3F, 0xED, 0x18, 0x06, 0x5A, 0x13, 0xC0, 0x52, 0x77, 0x25, 0xAC, 0xB7,
    0x85, 0x8E, 0xD4, 0x21, 0xB4, 0x00, 0x1F, 0x0C, 0x8B, 0x68, 0xFA, 0xC2, 0xE9, 0x2E, 0x96, 0x1D,
    0x81, 0xB8, 0x2C, 0x37, 0x65, 0x38, 0xF5, 0x25, 0x2A, 0xF3, 0xEA, 0x0C, 0x7E, 0x9C, 0x0F, 0xB1,
    0xF0, 0xAC, 0xA8, 0xCF, 0x88, 0xFD, 0x50, 0x8B, 0x00, 0xA8, 0x19, 0x00, 0x09, 0xEF, 0x76, 0x0B,
    0xCA, 0x45, 0x8B, 0x7D, 0x3F, 0x3D, 0x69, 0xAB, 0x08, 0x5E, 0xFC, 0x95, 0xC7, 0x91, 0x89, 0x7D,
    0x2C, 0xEB, 0x49, 0xDD, 0x96, 0x56, 0x14, 0xA0, 0x87, 0x56, 0x00, 0x7D, 0xAE, 0x6D, 0x8C, 0x72,
    0x4C, 0x32, 0x60, 0x0E, 0x09, 0xFE, 0x1A, 0x56, 0x2F, 0xC2, 0x4C, 0x58, 0x00, 0x2C, 0x5B, 0x35,
    0xC6, 0xA3, 0x83, 0x2B, 0xA5, 0xC0, 0xE9, 0x92, 0x0F, 0xAB, 0x14, 0x92, 0xE8, 0xE4, 0x17, 0xA7,
    0xAA, 0xE7, 0xAA, 0x69, 0x3F, 0xA6, 0x94, 0x37, 0x20, 0x87, 0xFF, 0x00, 0xE3, 0x78, 0xB8, 0xAD,
    0xA3, 0x45, 0x89, 0x67, 0xC5, 0x7F, 0x76, 0xD3, 0xA1, 0x48, 0x0D, 0x8C, 0x55, 0x41, 0xC8, 0xEE,
    0x86, 0xA0, 0x34, 0x9D, 0x35, 0x16, 0x87, 0x36, 0x00, 0x49, 0xA1, 0xFF, 0xA0, 0x5C, 0xBB, 0x66,
    0x48, 0x1D, 0x72, 0x42, 0x6B, 0x98, 0x00, 0x3C, 0x53, 0x0F, 0x00, 0x1A, 0xC5, 0x83, 0x84, 0xE5,
    0xB6, 0x4B, 0x50, 0x62, 0x49, 0x27, 0x1C, 0x3D, 0x2D, 0xDE, 0xAE, 0xF5, 0x20, 0x01, 0x24, 0x2C,
    0xE6, 0x05, 0xF2, 0x60, 0x88, 0x9B, 0x00, 0x56, 0x19, 0xD9, 0x3C, 0x72, 0xF4, 0x6E, 0xCC, 0x4A,
    0x7F, 0xDB, 0x8D, 0x41, 0xB3, 0x6F, 0xEC, 0x3B, 0x96, 0x98, 0x68, 0x80, 0x57, 0x00, 0x3E, 0xEF,
    0x09, 0x4D, 0xE8, 0xE4, 0x7A, 0xF9, 0x5C, 0xBA, 0xF0, 0x86, 0x66, 0xBE, 0x3D, 0x48, 0x1D, 0x64,
    0x23, 0x80, 0x8A, 0x9B, 0x00, 0x47, 0xCE, 0x4E, 0xD5, 0x75, 0x73, 0x2F, 0x90, 0x81, 0x35, 0x51,
    0xBD, 0xC0, 0x89, 0xBD, 0x00, 0x47, 0xD1, 0xCD, 0xFB, 0x3C, 0x91, 0xC4, 0xAE, 0x8E, 0xEC, 0xDA,
    0x88, 0x9B, 0x00, 0x4E, 0xF6, 0xFE, 0xB2, 0x63, 0xFC, 0xBB, 0x3A, 0xAA, 0x14, 0x17, 0xA8, 0xC8,
    0x28, 0x72, 0xD8, 0xD6, 0x87, 0xBD, 0x00, 0x33, 0x02, 0xD9, 0x87, 0xFB, 0x0E, 0x06, 0xBB, 0x19,
    0xBB, 0x2A, 0x7C, 0x67, 0x48, 0x9D, 0xB0, 0x85, 0x9B, 0x00, 0x64, 0xF3, 0xD3, 0x94, 0xA5, 0x92,
    0xE3, 0xD4, 0x67, 0x4E, 0x0D, 0xAC, 0x3C, 0xDA, 0xC8, 0xBF, 0xB2, 0x3D, 0x10, 0x85, 0xBB, 0x00,
    0x50, 0xB1, 0x47, 0x32, 0x32, 0xF8, 0x31, 0xC2, 0x2C, 0xF7, 0xBE, 0x89, 0x9E, 0x25, 0x64, 0x1A,
    0x4C, 0x74, 0xCC, 0x2D, 0xFE, 0x40, 0x00, 0x67, 0x7C, 0x2A, 0xB5, 0x1D, 0xB6, 0x6C, 0x52, 0x4F,
    0xDD, 0x3E, 0xB9, 0xA1, 0x85, 0xA9, 0xA1, 0xC1, 0x05, 0xC1, 0x8D, 0xC1, 0xF5, 0x8E, 0x28, 0x8F,
    0xE4, 0x1E, 0x2A, 0xC7, 0x9B, 0x30, 0x6D, 0x71, 0x85, 0x6D, 0x54, 0x78, 0xF1, 0xAD, 0xA9, 0x46,
    0x19, 0x7B, 0xC2, 0x38, 0x00, 0x53, 0xAD, 0xA8, 0x95, 0xA6, 0xB7, 0xA3, 0x75, 0x23, 0xB5, 0xA9,
    0xEB, 0xE9, 0xC4, 0x5D, 0xDE, 0xAB, 0x09, 0xAA, 0x18, 0x2C, 0x4C, 0x93, 0xFD, 0x65, 0x8E, 0x2A,
    0x39, 0xDB, 0x4C, 0xB7, 0xC8, 0x77, 0x35, 0x82, 0x94, 0x03, 0xCA, 0x10, 0x87, 0x37, 0x00, 0x8F,
    0x53, 0xA5, 0x14, 0x7E, 0xB7, 0xC8, 0x1F, 0x6D, 0x3A, 0xB6, 0x9F, 0x2C, 0xFD, 0x05, 0xEF, 0xAF,
    0x80, 0x87, 0x57, 0x00, 0xBA, 0x8E, 0x99, 0x85, 0xD1, 0x6C, 0x15, 0x3C, 0x18, 0x15, 0xA4, 0xB6,
    0xC3, 0xD8, 0x94, 0x80, 0x39, 0x00, 0x6B, 0x32, 0x5F, 0x95, 0x24, 0xAD, 0x32, 0xC0, 0x53, 0xE8,
    0x8A, 0xD5, 0x7E, 0x90, 0x6F, 0xF2, 0xAE, 0x04, 0x8A, 0x32, 0x52, 0xDB, 0xD3, 0x57, 0xB6, 0xD5,
    0x68, 0x89, 0x02, 0x65, 0x2E, 0xBB, 0x51, 0x86, 0x8D, 0x7D, 0xA3, 0xA5, 0x07, 0xCA, 0x8B, 0xF2,
    0xFE, 0xB8, 0x41, 0xB2, 0xA0, 0xDF, 0x1C, 0xE4, 0xA9, 0xDF, 0x28, 0x12, 0xE0, 0x3E, 0x80, 0x80,
    0x59, 0x00, 0x61, 0x76, 0x0A, 0x77, 0xDC, 0x61, 0xFA, 0x9A, 0x79, 0x49, 0x51, 0x2A, 0x6D, 0xA8,
    0xF2, 0xA4, 0xF0, 0x9E, 0x10, 0xA6, 0xA7, 0xF2, 0xBD, 0x81, 0xE5, 0xF3, 0xCB, 0x02, 0x33, 0xF3,
    0xBE, 0x7C, 0xE1, 0x73, 0x4E, 0xF1, 0x31, 0x6D, 0x73, 0x60, 0x87, 0x9E, 0x00, 0x45, 0x3D, 0x2F,
    0x3E, 0x0B, 0x93, 0x87, 0x1D, 0xC9, 0xC0, 0x22, 0xA8, 0x00, 0xAD, 0xE6, 0x8E, 0x86, 0xC0, 0x00,
    0x60, 0x01, 0xA8, 0xF6, 0x78, 0x10, 0x62, 0x24, 0x43, 0x8A, 0x62, 0xCD, 0xD2, 0x8C, 0xC3, 0x83,
    0x91, 0x80, 0x88, 0x9E, 0x00, 0x38, 0x18, 0xD1, 0x8E, 0x97, 0x3C, 0x2B, 0x20, 0xA3, 0x10, 0x35,
    0x90, 0xC6, 0xA7, 0xE1, 0x00, 0x80, 0x15, 0x54, 0x3B, 0x5C, 0x6D, 0xF1, 0x60, 0xB9, 0x7A, 0xE7,
    0xCA, 0x11, 0xF6, 0x4E, 0x63, 0x7C, 0x86, 0x36, 0x18, 0x18, 0x67, 0xC7, 0x40, 0x35, 0x2B, 0xAB,
    0xBA, 0x57, 0x9B, 0x09, 0x94, 0xA7, 0x00, 0x6F, 0x62, 0x59, 0x80, 0x89, 0x9B, 0x5B, 0x64, 0x26,
    0xF4, 0x63, 0x14, 0x30, 0x97, 0xD0, 0x61, 0xD2, 0x33, 0x1C, 0x69, 0xDB, 0x29, 0x98, 0x8F, 0xA2,
    0xCC, 0x87, 0x80, 0x88, 0x3A, 0x01, 0x77, 0x82, 0xDB, 0x12, 0xCC, 0xD3, 0x51, 0x3D, 0x7A, 0x3D,
    0xFC, 0x10, 0xA0, 0x80, 0x5C, 0x00, 0x63, 0xED, 0xA1, 0xF0, 0x53, 0xE7, 0x96, 0xC1, 0x0C, 0x44,
    0x87, 0x3A, 0x01, 0x4D, 0x28, 0xCA, 0x49, 0xA8, 0xA2, 0x87, 0xC9, 0x58, 0xDD, 0x95, 0x6A, 0x9E,
    0x38, 0xD8, 0x7C, 0x87, 0x3B, 0x01, 0x35, 0xE9, 0x34, 0x9B, 0x03, 0x7E, 0xE9, 0x95, 0xCD, 0x29,
    0x25, 0x55, 0x9B, 0x36, 0x4C, 0x8A, 0x48, 0x00, 0xE3, 0x1B, 0x06, 0x1E, 0x77, 0xC7, 0xA1, 0xDB,
    0x20, 0x43, 0x50, 0x6C, 0xD8, 0xA3, 0x2A, 0xF1, 0x40, 0xF1, 0xE4, 0xDE, 0x0B, 0x40, 0x00, 0x9F,
    0x5E, 0x17, 0x3A, 0xD5, 0xCA, 0x1A, 0xAC, 0xCD, 0xF3, 0x69, 0x20, 0xC0, 0x2D, 0x10, 0xE5, 0x0F,
    0x00, 0xF5, 0xB2, 0x36, 0xEC, 0xAB, 0x2C, 0xAB, 0x07, 0x54, 0xF5, 0x74, 0x48, 0x2D, 0xCA, 0xB7,
    0xB2, 0x61, 0xCB, 0x5C, 0x3D, 0x2F, 0xB2, 0x88, 0xAB, 0x9A, 0xE4, 0x00, 0xCB, 0x4F, 0x22, 0xB9,
    0x32, 0xFE, 0xA0, 0x4B, 0x65, 0xEB, 0x6A, 0x86, 0x33, 0xC3, 0xFE, 0xC9, 0x8F, 0x3C, 0x72, 0x84,
    0x68, 0xCB, 0x7F, 0xF7, 0x4D, 0x24, 0x09, 0x8A, 0xF6, 0xB6, 0x1A, 0x98, 0xE0, 0x00, 0xA4, 0x2C,
    0xA2, 0xA8, 0x70, 0x4B, 0x6C, 0x33, 0x80, 0x8A, 0x93, 0x9E, 0x11, 0xA0, 0xFC, 0x02, 0xFA, 0xD0,
    0x07, 0x00, 0x8C, 0xE9, 0xAE, 0x97, 0x58, 0x83, 0xD0, 0xDC, 0xD8, 0x27, 0x4D, 0xB1, 0xBD, 0x4C,
    0xFA, 0xBC, 0x68, 0xFB, 0x0F, 0xB0, 0x00, 0xD2, 0x43, 0x08, 0x56, 0xF7, 0x43, 0xBA, 0xE1, 0x57,
    0xF7, 0x75, 0xB7, 0x71, 0x39, 0xE4, 0x14, 0x29, 0x29, 0xBE, 0xBF, 0x45, 0x59, 0x77, 0x1E, 0x61,
    0x7E, 0xBF, 0x6B, 0xEA, 0x42, 0x86, 0x21, 0x0C, 0x28, 0xF8, 0x00, 0xBC, 0x36, 0x90, 0x57, 0x95,
    0x02, 0xA1, 0x17, 0xE3, 0xA9, 0xCA, 0xAF, 0xA5, 0x0C, 0x2A, 0x2F, 0x7C, 0x5A, 0x00, 0x5D, 0x08,
    0x77, 0xA1, 0x31, 0x41, 0xD8, 0x48, 0x37, 0xEE, 0x55, 0x9D, 0x24, 0x77, 0x20, 0x02, 0xFC, 0x8E,
    0xEB, 0x5D, 0xED, 0x8D, 0x5B, 0x3B, 0x28, 0x31, 0x1A, 0x2D, 0x41, 0x2A, 0x30, 0xDB, 0x07, 0x44,
    0x9F, 0xCE, 0xBA, 0x89, 0x3C, 0x78, 0xE6, 0xC4, 0x77, 0xCC, 0x97, 0x2B, 0xCC, 0x0D, 0xD3, 0x54,
    0x88, 0x22, 0x73, 0x0C, 0x6F, 0xCE, 0x00, 0xB3, 0x69, 0x13, 0x2B, 0x5C, 0x8E, 0x30, 0x16, 0x97,
    0x1A, 0x30, 0x8D, 0x40, 0x87, 0x4F, 0xED, 0x73, 0x49, 0x67, 0x02, 0x3F, 0x2B, 0xC5, 0x26, 0x64,
    0x5F, 0x56, 0xFA, 0xB1, 0x7D, 0x57, 0x91, 0x81, 0xC5, 0x91, 0x6E, 0x52, 0xCA, 0x1F, 0x21, 0xE0,
    0x0B, 0xCE, 0xA9, 0x8A, 0x00, 0xEC, 0x9A, 0x8A, 0x03, 0x03, 0x72, 0xE8, 0x5A, 0x4B, 0x08, 0x18,
    0x8E, 0x88, 0x12, 0x45, 0xDB, 0xE4, 0xC4, 0x42, 0xFE, 0xF4, 0xA0, 0x00, 0x78, 0xAF, 0x7D, 0xFB,
    0x3E, 0xE4, 0x07, 0x45, 0xA2, 0xB7, 0x36, 0xD2, 0x51, 0xB8, 0x59, 0x81, 0xD1, 0xB5, 0xA6, 0x07,
    0x24, 0x69, 0xB0, 0x8D, 0x4E, 0x04, 0xA7, 0x19, 0xB6, 0x9F, 0x98, 0x76, 0x7B, 0xE5, 0xAA, 0x6B,
    0xD9, 0x9B, 0x3B, 0x81, 0x70, 0x71, 0x99, 0xD5, 0x6A, 0x3A, 0x9D, 0x71, 0x2B, 0x9A, 0x88, 0x1F,
    0x9F, 0x2B, 0x7B, 0x40, 0x33, 0xA7, 0xBC, 0xB2, 0xB4, 0xA0, 0xCA, 0xE8, 0xC5, 0x68, 0xE7, 0x86,
    0xA0, 0x00, 0x1E, 0xC4, 0x5D, 0xE4, 0x6F, 0xED, 0x16, 0xC1, 0x41, 0x3E, 0xC0, 0x6A, 0xEB, 0x03,
    0xBC, 0x89, 0x5B, 0xDC, 0x16, 0x9A, 0xF1, 0xFB, 0xCF, 0x3D, 0x4E, 0x45, 0x52, 0x22, 0xAE, 0x9A,
    0x83, 0x05, 0xFE, 0x15, 0xF2, 0xAC, 0x54, 0x9D, 0x56, 0x79, 0x86, 0x48, 0x01, 0x92, 0xE2, 0xCC,
    0x5A, 0x48, 0x9F, 0x8E, 0xDF, 0xD3, 0xA3, 0x8D, 0x14, 0x87, 0x0D, 0x82, 0x66, 0x7E, 0x1D, 0xAD,
    0x05, 0xBD, 0x9A, 0x9D, 0x52, 0xB9, 0x33, 0xEB, 0xD8, 0xAF, 0x31, 0xA5, 0xAB, 0xDB, 0x5F, 0x89,
    0x4D, 0xE7, 0x86, 0xF4, 0x00, 0x26, 0x41, 0x17, 0x98, 0x3C, 0x30, 0xBD, 0x2F, 0xEC, 0x88, 0xDD,
    0x0C, 0x2D, 0x95, 0x49, 0xAE, 0x00, 0x1F, 0x57, 0x75, 0x43, 0x14, 0xB8, 0x55, 0x33, 0xEB, 0x5F,
    0x86, 0xEE, 0x9C, 0x02, 0x82, 0xFE, 0x48, 0xA9, 0x3A, 0x99, 0x67, 0xC4, 0xC7, 0x8D, 0x9C, 0x74,
    0x8E, 0xEC, 0x3C, 0x60, 0x76, 0xC8, 0x57, 0xD8, 0xE8, 0x0A, 0xDC, 0xB6, 0x62, 0x39, 0xE4, 0x4E,
    0x54, 0x9B, 0xAC, 0x73, 0x9F, 0xCA, 0xFE, 0xCE, 0xBE, 0x2B, 0x57, 0x4B, 0x46, 0x98, 0x65, 0xEA,
    0xBE, 0xC9, 0xAA, 0x64, 0x74, 0xC9, 0x6A, 0x1F, 0xC8, 0x00, 0xB2, 0x33, 0xB2, 0x79, 0x6B, 0x4F,
    0xC3, 0xF1, 0xA8, 0xA7, 0x20, 0x48, 0x87, 0x13, 0xF7, 0x7C, 0x76, 0x7A, 0x86, 0x1D, 0x28, 0x2B,
    0x92, 0xD9, 0x0C, 0x7F, 0xD4, 0xE8, 0xA1, 0x87, 0xB0, 0x8B, 0x4E, 0xD1, 0x48, 0xDB, 0xE3, 0x7C,
    0xCD, 0xCC, 0xC3, 0x5A, 0x4B, 0xAD, 0x40, 0x54, 0x52, 0x86, 0x8C, 0xB4, 0xBF, 0x8E, 0xAC, 0xD8,
    0x59, 0x99, 0xBE, 0x4A, 0x02, 0x00, 0xA9, 0x81, 0x32, 0x6B, 0x13, 0xFF, 0xA0, 0x00, 0xA7, 0x17,
    0x6D, 0xB9, 0xD2, 0x14, 0x2C, 0x2F, 0x47, 0x54, 0x7E, 0xAC, 0xEF, 0xAA, 0xF2, 0xB4, 0xDA, 0x0A,
    0xE1, 0x78, 0x11, 0x7E, 0xFC, 0x92, 0x9F, 0x5E, 0xE5, 0x4B, 0xA7, 0x99, 0x9D, 0xA8, 0xC6, 0x01,
    0xEA, 0x45, 0x72, 0x32, 0x1A, 0x2F, 0xC3, 0xD9, 0xC9, 0x65, 0x0F, 0x29, 0x99, 0x7F, 0x86, 0x84,
    0x00, 0x5F, 0x86, 0x57, 0x5C, 0x8D, 0xCA, 0xD5, 0x45, 0xE7, 0x29, 0xA4, 0xF1, 0x19, 0x11, 0xEE,
    0x59, 0x13, 0xFD, 0x18, 0x87, 0xA1, 0x00, 0x37, 0x65, 0xBC, 0xB1, 0xA1, 0x07, 0xB6, 0x64, 0xDD,
    0xA3, 0x45, 0x5D, 0x5F, 0x5E, 0xCD, 0x02, 0x2E, 0x87, 0x8E, 0x00, 0x2B, 0x57, 0x0C, 0x9B, 0x03,
    0x15, 0x53, 0x65, 0x75, 0x0D, 0x9A, 0x33, 0x74, 0x2E, 0xC4, 0x86, 0xEA, 0x00, 0x0C, 0x1B, 0x0E,
    0x35, 0x07, 0x9B, 0x58, 0x61, 0xC0, 0x94, 0x80, 0xDD, 0x3D, 0xD1, 0x09, 0xC0, 0x87, 0x94, 0x00,
    0x57, 0xE1, 0x36, 0x84, 0x99, 0x54, 0xD9, 0x5B, 0x91, 0x35, 0x59, 0x52, 0xDB, 0xA4, 0x33, 0xB1,
    0x40, 0x87, 0xB4, 0x00, 0x38, 0x1F, 0xE1, 0xCC, 0xB4, 0x86, 0x46, 0x57, 0x37, 0xDF, 0x77, 0x7B,
    0x30, 0x50, 0x87, 0x9B, 0x00, 0x4D, 0x25, 0xF5, 0x0F, 0x3C, 0xBB, 0xD0, 0x3D, 0xFD, 0xEB, 0xED,
    0x7A, 0x90, 0xC1, 0xA2, 0x80, 0x87, 0xBB, 0x00, 0x38, 0x08, 0x29, 0x6B, 0x7E, 0x2B, 0x8A, 0x3F,
    0x1F, 0xFF, 0x6C, 0x0A, 0x22, 0x90, 0xBE, 0x84, 0x9C, 0x00, 0xB2, 0x48, 0x46, 0xE7, 0x78, 0x83,
    0xEE, 0xC3, 0x84, 0x5C, 0x92, 0xDD, 0x61, 0x8D, 0xFF, 0xF4, 0x0F, 0x4D, 0xBB, 0x70, 0x69, 0xE0,
    0x83, 0xBD, 0x00, 0x39, 0x6C, 0xE9, 0x7E, 0x7C, 0x3F, 0x7D, 0x8B, 0x1A, 0xA9, 0x48, 0xCC, 0x16,
    0x09, 0x8F, 0x8B, 0x61, 0x7C, 0x83, 0x9C, 0x00, 0x80, 0x15, 0xC0, 0x10, 0x50, 0xD6, 0xB2, 0xB4,
    0xFB, 0x9B, 0x5C, 0x03, 0x99, 0xC3, 0xE7, 0xFC, 0x33, 0x2D, 0x23, 0xD6, 0x5C, 0x82, 0xBD, 0x00,
    0x6F, 0x79, 0x84, 0xCE, 0x03, 0xED, 0x78, 0x3C, 0x75, 0x74, 0x76, 0x74, 0x5A, 0xD5, 0x7E, 0x71,
    0x47, 0x81, 0x70, 0x82, 0x9A, 0x00, 0x56, 0xD9, 0x4F, 0x12, 0x75, 0x55, 0x63, 0x9A, 0x07, 0x67,
    0x81, 0x08, 0x9A, 0x3C, 0xB9, 0xB1, 0x55, 0x9A, 0x4E, 0x2E, 0x06, 0x1B, 0x59, 0x4F, 0x4C, 0xFE,
    0x80, 0x00, 0x40, 0xDC, 0x0A, 0xEC, 0x0C, 0xC0, 0x57, 0xB8, 0x4D, 0x2B, 0xA4, 0x42, 0xAC, 0xA1,
    0x63, 0x19, 0xE1, 0xBE, 0xDD, 0xEB, 0xAE, 0x4A, 0x0B, 0x29, 0xAC, 0x4E, 0x26, 0xC6, 0x72, 0x4B,
    0x70, 0x5B, 0xF8, 0x47, 0x1A, 0x8A, 0x64, 0xE3, 0x79, 0xE3, 0xED, 0x3D, 0x00, 0x8B, 0x88, 0x5A,
    0x01, 0x60, 0x47, 0xEE, 0x90, 0xE6, 0xDD, 0x36, 0xBF, 0xEE, 0xB7, 0x5D, 0x25, 0x4C, 0x5F, 0x5C,
    0xD5, 0xCB, 0x77, 0xC6, 0x96, 0x82, 0xBD, 0x00, 0x3E, 0x89, 0xE9, 0x77, 0x32, 0xE3, 0x69, 0x06,
    0xE7, 0x0E, 0x16, 0x16, 0x95, 0xE3, 0xF0, 0xFB, 0xB9, 0x41, 0x28, 0x00, 0x33, 0x48, 0xD6, 0x47,
    0x32, 0xDA, 0xB8, 0x96, 0x07, 0xD4, 0x94, 0x3C, 0x37, 0x8A, 0xBC, 0x22, 0x25, 0x8B, 0x3F, 0xE8,
    0xB7, 0x7C, 0xE3, 0xE6, 0xAC, 0xD1, 0x4C, 0x0B, 0x65, 0x45, 0xA9, 0x80, 0x83, 0x84, 0x00, 0xBC,
    0x88, 0x4F, 0xF5, 0xCD, 0x04, 0xEC, 0xF1, 0x61, 0x31, 0x70, 0xB9, 0x5F, 0x9C, 0x9A, 0x98, 0x04,
    0x3B, 0xC4, 0x58, 0x16, 0xBE, 0xD2, 0x83, 0xA5, 0x00, 0x43, 0x3E, 0x03, 0x29, 0x61, 0x91, 0x2B,
    0x60, 0x75, 0x89, 0xEC, 0x0D, 0xC9, 0x32, 0xB9, 0xDB, 0xB8, 0x84, 0xED, 0x87, 0x5F, 0x01, 0xCC,
    0x87, 0x2C, 0xD3, 0x8C, 0x2C, 0x4B, 0x00, 0x88, 0x8C, 0xE4, 0xD9, 0x01, 0x69, 0xA9, 0x3F, 0x6A,
    0x83, 0xA5, 0x00, 0x43, 0x35, 0x33, 0xF2, 0xA0, 0x16, 0x7C, 0x9A, 0xFE, 0xCC, 0x1B, 0x04, 0x6D,
    0xF9, 0x3C, 0x21, 0xBA, 0x92, 0x81, 0x87, 0x00, 0x8C, 0x2C, 0xE9, 0x8F, 0xD4, 0x82, 0x09, 0x62,
    0x88, 0xA7, 0x04, 0x26, 0x38, 0xE3, 0xF2, 0x0F, 0x48, 0x82, 0xA7, 0x00, 0x57, 0x9E, 0x5F, 0xCC,
    0x22, 0xD8, 0x5F, 0x79, 0x3A, 0x70, 0xD4, 0x25, 0xF5, 0x8F, 0xC2, 0xD3, 0x17, 0xFD, 0x80, 0x87,
    0x29, 0x00, 0xA8, 0x40, 0xA4, 0x47, 0x35, 0x36, 0x9A, 0x06, 0xAA, 0x68, 0xAD, 0xFA, 0x77, 0x69,
    0x3C, 0x18, 0x87, 0x49, 0x00, 0x66, 0x43, 0xBE, 0xAB, 0x16, 0xA5, 0x1E, 0x4A, 0xDA, 0xF4, 0xAB,
    0x18, 0x40, 0x3E, 0x42, 0x36, 0xCD, 0x44, 0xBD, 0xD6, 0xF2, 0xF9, 0xE6, 0x30, 0x6C, 0x5B, 0x12,
    0x60, 0x86, 0xE1, 0x00, 0x55, 0x1A, 0x59, 0x61, 0x30, 0x28, 0xB4, 0xBD, 0x0E, 0x04, 0x42, 0x58,
    0xF6, 0x32, 0x60, 0x51, 0xE9, 0xAD, 0x50, 0x86, 0xE2, 0x00, 0x38, 0xD0, 0x60, 0xE6, 0xC0, 0xB1,
    0x32, 0xC7, 0xB0, 0x71, 0x89, 0x8D, 0x83, 0xBB, 0xC2, 0xFF, 0x19, 0xE1, 0xFE, 0x18, 0x00, 0x4E,
    0x05, 0x56, 0x02, 0x25, 0xE9, 0xDC, 0xD6, 0xD3, 0xB9, 0x92, 0xC0, 0x34, 0x28, 0x0A, 0x35, 0x30,
    0xFF, 0x34, 0x7C, 0xB2, 0x04, 0xAB, 0x85, 0xD5, 0x31, 0x65, 0x6B, 0x0B, 0x75, 0xFC, 0xB6, 0xCC,
    0xC4, 0x84, 0xAB, 0xB6, 0xEC, 0x7A, 0x24, 0x5D, 0x6A, 0x0A, 0x1C, 0xCB, 0x0D, 0x2E, 0x60, 0x00,
    0x11, 0x99, 0xA4, 0x18, 0xA4, 0xA5, 0xF7, 0xC0, 0xE2, 0x2A, 0x03, 0x34, 0x27, 0x75, 0xEB, 0x39,
    0xBE, 0x4E, 0x17, 0x39, 0xC9, 0xFE, 0x1A, 0x82, 0x6C, 0x19, 0xCF, 0xE8, 0x31, 0x2F, 0xF4, 0x25,
    0xE7, 0x53, 0xC7, 0x2F, 0x67, 0x16, 0x3D, 0x15, 0x6B, 0x68, 0xF2, 0xF4, 0x87, 0x31, 0x00, 0xAB,
    0x31, 0xEF, 0xCA, 0x2B, 0xBD, 0xE1, 0x3C, 0xAA, 0x9F, 0x60, 0x0B, 0x19, 0x10, 0xD4, 0xFF, 0x4C,
    0x87, 0x51, 0x00, 0x65, 0xE2, 0x10, 0xE9, 0x56, 0x38, 0xB0, 0xF7, 0xBD, 0x2B, 0x63, 0x34, 0x0F,
    0xA6, 0x63, 0xA0, 0x82, 0x6B, 0x01, 0x50, 0x40, 0xE0, 0x2D, 0x0B, 0x22, 0x69, 0x49, 0x95, 0x1F,
    0xB4, 0x59, 0x56, 0x96, 0xB0, 0x9C, 0x82, 0x6C, 0x01, 0x2F, 0x1F, 0x32, 0xDD, 0x37, 0xD0, 0xF2,
    0xE2, 0xA1, 0x3D, 0x31, 0xC3, 0x18, 0x20, 0x00, 0x38, 0xD7, 0x93, 0x2E, 0x13, 0xDE, 0x4C, 0x93,
    0x78, 0xA7, 0x25, 0x9D, 0xA2, 0x43, 0xDE, 0x5D, 0x22, 0x29, 0x46, 0x8F, 0x42, 0x8F, 0x1D, 0xBC,
    0x52, 0x22, 0x6B, 0xE8, 0x74, 0x0D, 0x00, 0xE9, 0x16, 0xC8, 0x8D, 0xBA, 0x7F, 0xE2, 0x08, 0xF7,
    0xE9, 0x34, 0xFA, 0x00, 0x3E, 0xF0, 0xF1, 0x75, 0x6B, 0x3C, 0xE6, 0x35, 0x96, 0xDF, 0x4D, 0x38,
    0x72, 0x51, 0x32, 0x9E, 0x3B, 0x75, 0xF3, 0x86, 0xA4, 0xD5, 0x67, 0xFB, 0x85, 0xB9, 0x05, 0xD7,
    0xBE, 0x45, 0xCF, 0x9B, 0xE1, 0xAB, 0xC4, 0x61, 0x97, 0x02, 0x04, 0x13, 0x04, 0x4E, 0x8F, 0x6B,
    0x6E, 0x00, 0x40, 0xDC, 0x04, 0x1C, 0x3B, 0x06, 0x3A, 0xCE, 0x91, 0x7E, 0x6A, 0x3D, 0xAC, 0x29,
    0xC7, 0x05, 0x3E, 0xBE, 0xA9, 0x97, 0x43, 0x7D, 0xC2, 0x7F, 0xA0, 0x98, 0x00, 0x1D, 0x3A, 0xB5,
    0xC1, 0xDF, 0xF1, 0xE5, 0xA9, 0x63, 0xBE, 0x20, 0xA3, 0xA0, 0x25, 0x17, 0x2B, 0x35, 0x9F, 0xEB,
    0xA7, 0x93, 0x2D, 0xC5, 0x80, 0x41, 0x4D, 0x3C, 0x9F, 0x98, 0xFC, 0xBE, 0xD7, 0x59, 0x23, 0xA9,
    0x21, 0xD9, 0xD4, 0x05, 0xF5, 0x94, 0xA9, 0x1C, 0x21, 0x43, 0x09, 0x8E, 0xFE, 0xBD, 0x4A, 0xA6,
    0xAE, 0xB8, 0x4D, 0x5E, 0x8C, 0x80, 0x36, 0xF2, 0xFB, 0xBE, 0x5B, 0xC0, 0x00, 0x1D, 0x38, 0x0F,
    0x7A, 0x8D, 0xFB, 0xC4, 0x33, 0x20, 0x35, 0x48, 0x73, 0x32, 0xD3, 0x13, 0x3F, 0x50, 0x28, 0x99,
    0x60, 0x12, 0x06, 0xEC, 0xFC, 0xDF, 0x9F, 0x04, 0xF4, 0x55, 0x71, 0xC9, 0xA1, 0x85, 0xAD, 0xC5,
    0x0D, 0xD4, 0x34, 0x74, 0x4C, 0x05, 0x9E, 0xB6, 0xB5, 0x3D, 0x9A, 0xE5, 0x86, 0xE9, 0xD9, 0x2D,
    0x8B, 0xFB, 0xB4, 0x05, 0xFA, 0x51, 0xA4, 0x8E, 0x00, 0x79, 0xA2, 0xFF, 0x46, 0x7E, 0x5B, 0xD1,
    0xBA, 0x2B, 0xAD, 0xF0, 0x64, 0xF7, 0x06, 0x56, 0xAD, 0xEE, 0xF6, 0xF2, 0x0E, 0xD2, 0x54, 0x43,
    0x8A, 0x80, 0x6F, 0x0D, 0xD1, 0x45, 0xE3, 0x95, 0xE6, 0xFF, 0x6B, 0x4A, 0x9D, 0x6A, 0x3C, 0xD3,
    0x2A, 0xC2, 0x4F, 0xB3, 0xB3, 0xA5, 0x56, 0x83, 0x31, 0x84, 0x72, 0x22, 0xB8, 0x4C, 0x83, 0xA0,
    0x06, 0xA9, 0x3B, 0xF9, 0x2B, 0x18, 0x86, 0xE1, 0x00, 0x7E, 0xD9, 0xC9, 0x74, 0xAE, 0x05, 0xB1,
    0x36, 0x72, 0x6D, 0xEC, 0xC1, 0xBB, 0x44, 0x0E, 0x20, 0x86, 0xE2, 0x00, 0x6D, 0x76, 0x9A, 0x26,
    0x51, 0xF4, 0x27, 0x95, 0x32, 0x62, 0x3A, 0xA2, 0x7F, 0xCE, 0xC6, 0x40, 0x00, 0x1E, 0xBE, 0x55,
    0x42, 0x69, 0xF9, 0x9C, 0x32, 0x23, 0x3C, 0x47, 0xBA, 0x40, 0x11, 0x69, 0x18, 0x22, 0x8E, 0x90,
    0xFC, 0xA0, 0x1B, 0x1C, 0xA8, 0x7B, 0xC9, 0x7F, 0xAF, 0xDA, 0xAE, 0xD0, 0xBE, 0x62, 0x5B, 0xAA,
    0x6D, 0x09, 0xF0, 0x7E, 0x77, 0xFB, 0x50, 0x02, 0xAA, 0x98, 0x7B, 0x98, 0x30, 0x00, 0xA6, 0xE0,
    0x02, 0xAE, 0xA2, 0x1C, 0xA3, 0xDF, 0xCF, 0xC7, 0xF9, 0xD4, 0x34, 0xDD, 0xAE, 0x3D, 0x99, 0x4F,
    0x6C, 0xBD, 0x05, 0xF2, 0x6D, 0x7B, 0xF9, 0xBD, 0x63, 0x2F, 0x37, 0x0D, 0x34, 0x66, 0x01, 0x3C,
    0xE7, 0x87, 0x0B, 0x83, 0x76, 0x72, 0x65, 0x78, 0xA8, 0xEF, 0xFF, 0xB0, 0x86, 0x92, 0x00, 0x54,
    0x67, 0x7B, 0x2B, 0xFB, 0x1A, 0x55, 0xE1, 0x59, 0x70, 0xB5, 0x5F, 0xAF, 0xF1, 0x35, 0x60, 0xA0,
    0xE7, 0xE1, 0x87, 0x05, 0x01, 0x53, 0x13, 0xD4, 0x3B, 0xC9, 0x55, 0x1E, 0x34, 0xDA, 0x6C, 0x39,
    0xB3, 0x40, 0x87, 0x83, 0x00, 0xE3, 0x54, 0x3B, 0x54, 0x8B, 0x60, 0x81, 0xFF, 0x77, 0x19, 0x1F,
    0x2A, 0x3E, 0x9C, 0xEF, 0x13, 0xD9, 0x9F, 0x7F, 0xD2, 0xBB, 0x9B, 0x6B, 0x2B, 0x8B, 0x23, 0x7D,
    0x5D, 0x63, 0x18, 0x80, 0xA1, 0x00, 0x75, 0x74, 0xDB, 0xD2, 0xC4, 0x30, 0x3A, 0x30, 0xFF, 0xCB,
    0x2C, 0x94, 0x1C, 0xD8, 0xB8, 0xF6, 0x37, 0x2F, 0x5F, 0xBD, 0x2F, 0xD2, 0x70, 0x1D, 0x9E, 0xFD,
    0x1B, 0xE0, 0x84, 0x63, 0x01, 0x9D, 0x9C, 0x72, 0xE9, 0x03, 0x79, 0x40, 0xB7, 0x7A, 0x38, 0x94,
    0xD1, 0x72, 0x23, 0xEE, 0xF8, 0x02, 0x9B, 0x4D, 0xA0, 0x84, 0x64, 0x01, 0x85, 0xA1, 0xF7, 0x0E,
    0x95, 0xE4, 0x02, 0xCA, 0xDB, 0xD7, 0x49, 0xB2, 0x01, 0x96, 0xF5, 0xC5, 0xA3, 0x76, 0x3E, 0x51,
    0x20, 0x81, 0x99, 0x00, 0x82, 0xA1, 0xAC, 0xDB, 0x6F, 0xDD, 0xEC, 0xB0, 0x73, 0x66, 0x52, 0xEB,
    0x5D, 0x69, 0x5D, 0xEC, 0x43, 0xFE, 0xF5, 0x80, 0xB9, 0x00, 0x75, 0x74, 0x90, 0x77, 0xFE, 0x8C,
    0xD3, 0x40, 0xC8, 0xD6, 0xF8, 0xC5, 0x1C, 0xCE, 0x50, 0xEF, 0x87, 0x81, 0x00, 0x41, 0x61, 0x12,
    0xC3, 0x01, 0x2B, 0xC5, 0x89, 0xE1, 0x74, 0x24, 0xE3, 0xB7, 0x29, 0xC7, 0xF3, 0x93, 0xAB, 0xA5,
    0x30, 0x87, 0xA1, 0x00, 0x11, 0x04, 0xD6, 0x09, 0x43, 0x3B, 0xEC, 0xBB, 0x31, 0xD0, 0x9C, 0x85,
    0xD8, 0xFC, 0x06, 0x12, 0x97, 0x1A, 0x1C, 0x88, 0x83, 0x00, 0x9B, 0x4B, 0x29, 0x08, 0x85, 0xD5,
    0x27, 0xE3, 0xBE, 0xB1, 0xE8, 0xF2, 0x83, 0xE3, 0x41, 0xEA, 0xC0, 0x80, 0x43, 0x00, 0x4D, 0xDC,
    0x1B, 0x7D, 0x62, 0x95, 0xA5, 0x7F, 0xF7, 0x51, 0xEF, 0xF7, 0x3B, 0xE0, 0xD4, 0xF0, 0x87, 0x89,
    0x00, 0x15, 0xB1, 0xE5, 0xC7, 0x6D, 0xD9, 0xF9, 0x41, 0xB8, 0xE6, 0xEB, 0x27, 0xDF, 0xE8, 0x11,
    0xDE, 0x42, 0x87, 0xA9, 0x00, 0x0C, 0x91, 0x75, 0xCC, 0xBF, 0x6A, 0x5B, 0x53, 0x11, 0x42, 0x96,
    0x59, 0x28, 0xEF, 0x3D, 0xAE, 0xEC, 0x8C, 0xA0, 0x88, 0x8B, 0x00, 0xB6, 0x7E, 0x9F, 0x82, 0x03,
    0x3F, 0x0E, 0x58, 0xFF, 0x66, 0x0A, 0x41, 0x64, 0xA0, 0x60, 0x80, 0x47, 0x00, 0x44, 0xD2, 0x41,
    0x4E, 0x70, 0x39, 0x8B, 0x81, 0x2B, 0x47, 0x80, 0xC1, 0x89, 0xCA, 0x62, 0x87, 0x8D, 0x00, 0x0C,
    0x47, 0xB0, 0xB9, 0x80, 0xCB, 0xC4, 0x60, 0x13, 0x42, 0x8F, 0x57, 0x2D, 0xC9, 0x79, 0xDC, 0xEB,
    0xA0, 0x00, 0x02, 0xBF, 0x19, 0xEB, 0x82, 0x99, 0xF3, 0x7B, 0xAD, 0xDC, 0xB3, 0x22, 0xE9, 0x89,
    0x7D, 0x0B, 0xCF, 0x4D, 0x31, 0x4F, 0x47, 0x32, 0x60, 0x87, 0x90, 0x00, 0x8C, 0xC9, 0x20, 0x0E,
    0x91, 0x5A, 0x1C, 0x80, 0x06, 0xEC, 0x9C, 0x02, 0x01, 0x50, 0x87, 0xB0, 0x00, 0xA7, 0x9F, 0xAC,
    0x7A, 0x00, 0xBF, 0xF8, 0xF1, 0xB2, 0xF5, 0xEE, 0xF0, 0x87, 0x93, 0x00, 0x2C, 0xDF, 0x55, 0xB1,
    0xEA, 0xBF, 0x71, 0x40, 0x25, 0x48, 0x41, 0x81, 0x10, 0xAD, 0x80, 0x8A, 0xAF, 0x63, 0x8D, 0x5B,
    0x60, 0x87, 0xB3, 0x00, 0x10, 0xE2, 0xC5, 0x79, 0xA6, 0x61, 0x84, 0xB6, 0xE6, 0x78, 0xF0, 0xDD,
    0x49, 0x58, 0x27, 0x96, 0x9F, 0xE2, 0x80, 0x31, 0x00, 0x6A, 0xA5, 0xB2, 0xC6, 0xF7, 0xFB, 0x9D,
    0x3B, 0xAD, 0x56, 0xF1, 0x9B, 0xAD, 0xBD, 0x6E, 0xE4, 0x80, 0x51, 0x00, 0x4E, 0xEB, 0xFF, 0x15,
    0x3A, 0xC7, 0x0A, 0x93, 0x8D, 0xAA, 0xD0, 0xB3, 0xDA, 0xC0, 0x87, 0x15, 0x01, 0x1A, 0x0A, 0x9F,
    0x11, 0x04, 0x53, 0xB1, 0x46, 0x95, 0x75, 0x93, 0xE7, 0xD4, 0x05, 0xC4, 0x61, 0x6A, 0x65, 0x33,
    0xA5, 0x87, 0xFF, 0x00, 0x07, 0xC8, 0x2E, 0xB4, 0x5D, 0x9A, 0xF0, 0xA5, 0xD8, 0x48, 0x96, 0x32,
    0xE9, 0x9D, 0x77, 0x68, 0x08, 0x51, 0x2C, 0x31, 0xC2, 0xF5, 0x84, 0x02, 0xCE, 0x30, 0x88, 0x15,
    0x01, 0x5C, 0x18, 0x00, 0xB9, 0xA7, 0x5D, 0xF8, 0xB1, 0x40, 0x99, 0x57, 0x60, 0xF4, 0x08, 0x34,
    0xD5, 0xD2, 0xDE, 0x80, 0x54, 0x00, 0x40, 0x49, 0x8B, 0x0B, 0xF0, 0xC1, 0x32, 0x13, 0xAD, 0xB3,
    0x95, 0xBE, 0x10, 0x87, 0x9A, 0x00, 0x21, 0xE6, 0x90, 0x27, 0x2F, 0x45, 0x54, 0xE3, 0xE1, 0x28,
    0x37, 0x82, 0x05, 0x6B, 0xD6, 0xBE, 0x43, 0xC5, 0x20, 0x87, 0xBA, 0x00, 0x11, 0x31, 0xF9, 0xE3,
    0x1B, 0x6F, 0xEB, 0x60, 0x86, 0xC9, 0x8D, 0xE3, 0x5E, 0x50, 0xD4, 0x6A, 0x2B, 0xBD, 0x20, 0x88,
    0x9C, 0x00, 0x88, 0x95, 0x58, 0x30, 0xB5, 0xBE, 0x7E, 0x66, 0x31, 0x95, 0x23, 0xA7, 0x15, 0x6C,
    0x7B, 0xE9, 0x80, 0x80, 0x57, 0x00, 0x4E, 0xEB, 0xFF, 0x15, 0x36, 0x95, 0x21, 0x2A, 0x1B, 0x79,
    0x88, 0x27, 0x01, 0x7B, 0xC0, 0x87, 0x35, 0x00, 0x9B, 0xFA, 0x54, 0xE8, 0x86, 0x6C, 0x6E, 0x99,
    0x83, 0x69, 0xE8, 0x05, 0xE0, 0x40, 0x87, 0x55, 0x00, 0x4C, 0x3A, 0x92, 0x4E, 0xC2, 0x5D, 0x46,
    0x1C, 0x89, 0xB3, 0xF0, 0x53, 0xAA, 0x80, 0x87, 0x36, 0x00, 0x49, 0xA2, 0x00, 0x84, 0xCD, 0x35,
    0x2E, 0x45, 0xD8, 0x21, 0x46, 0x87, 0x56, 0x00, 0x7D, 0xAE, 0x6D, 0x8C, 0xC4, 0xE1, 0x37, 0x1A,
    0xF3, 0xB1, 0x3F, 0x6B, 0x00, 0xAE, 0x33, 0x2D, 0x9B, 0x7E, 0xE4, 0xC0, 0x05, 0x76, 0x78, 0x26,
    0x7A, 0xD2, 0x97, 0x62, 0x6B, 0x6E, 0x1C, 0xC2, 0x90, 0xD8, 0x3A, 0x7E, 0xE2, 0x2E, 0xBB, 0xDB,
    0xE6, 0x30, 0x8E, 0x73, 0x6B, 0xBD, 0xCF, 0x6D, 0x50, 0xBF, 0x60, 0x79, 0xC7, 0xC2, 0x79, 0xD7,
    0x05, 0xA0, 0x00, 0x52, 0x5A, 0x8A, 0xEB, 0x4C, 0x51, 0xF5, 0x21, 0x4C, 0x80, 0x23, 0xD7, 0x65,
    0xFF, 0xA1, 0x8B, 0xD7, 0xF3, 0x7F, 0xC8, 0x02, 0x5E, 0x17, 0x7F, 0x7B, 0xEE, 0x69, 0x9B, 0x51,
    0x3C, 0x58, 0xA9, 0x4D, 0xEF, 0xAD, 0xCC, 0x21, 0x80, 0x87, 0xE5, 0x00, 0x51, 0x0E, 0xFA, 0x5B,
    0x69, 0xAF, 0xD4, 0x7A, 0xBB, 0x68, 0x71, 0x3A, 0x17, 0xEC, 0x8A, 0xBD, 0xD1, 0xB9, 0x08, 0x87,
    0xE6, 0x00, 0x11, 0xD3, 0xCB, 0xC0, 0xE6, 0x4C, 0xC4, 0xCB, 0x44, 0x9D, 0xC8, 0x5E, 0x4C, 0xC4,
    0xFB, 0xF3, 0xD2, 0x5F, 0xF0, 0x87, 0x42, 0x00, 0x5E, 0x39, 0x80, 0x00, 0x1C, 0xF0, 0x55, 0xA1,
    0x44, 0xDA, 0x40, 0x00, 0x2E, 0x89, 0xF1, 0xBE, 0x00, 0xE2, 0x75, 0x3D, 0x36, 0x9B, 0x80, 0x00,
    0x11, 0x94, 0x79, 0x89, 0x8C, 0xC7, 0xE2, 0x29, 0x58, 0xCA, 0xFE, 0x9D, 0x00, 0x05, 0x33, 0x45,
    0x90, 0x5C, 0x87, 0x41, 0x00, 0x5A, 0x00, 0xC8, 0x00, 0x04, 0x62, 0x4F, 0x2D, 0x9B, 0xEC, 0xCC,
    0x6F, 0x50, 0x00, 0x07, 0x2E, 0xAD, 0xCD, 0xB0, 0x87, 0x69, 0x00, 0x8D, 0xB7, 0x80, 0x20, 0x00,
    0x01, 0x9A, 0x63, 0x7C, 0x79, 0xA3, 0xAF, 0xC6, 0xBE, 0x9C, 0x00, 0x15, 0x98, 0xFE, 0xDD, 0x2C,
    0xB3, 0xA0, 0xDF, 0x38, 0x4C, 0x43, 0x17, 0x93, 0x80, 0x00, 0x25, 0xB6, 0xFE, 0x3A, 0x77, 0x7B,
    0xAA, 0xBB, 0x70, 0xE2, 0x07, 0x80, 0x00, 0x03, 0x6C, 0x04, 0xCA, 0x16, 0xFE, 0xF5, 0x87, 0xF2,
    0x0C, 0x00, 0x1A, 0x0E, 0x48, 0xD8, 0x01, 0x60, 0x00, 0x0C, 0xAD, 0x08, 0xAF, 0x13, 0xA2, 0xCC,
    0xD1, 0x60, 0x10, 0x87, 0x8A, 0x01, 0x3E, 0xE9, 0xD6, 0x9C, 0x71, 0xA0, 0x00, 0x2E, 0xFF, 0x97,
    0x63, 0x01, 0xD4, 0x32, 0x65, 0x7C, 0x48, 0x54, 0x77, 0x21, 0x8A, 0x00, 0x1D, 0x81, 0x55, 0x77,
    0x5F, 0xB3, 0x79, 0x1B, 0x80, 0x00, 0x2B, 0xD9, 0x87, 0x2E, 0x02, 0x64, 0x52, 0x00, 0x1E, 0xCB,
    0xB8, 0xF3, 0xBC, 0x31, 0x3A, 0x00, 0x07, 0xE7, 0x1E, 0xE2, 0x52, 0xE8, 0x87, 0xB4, 0x01, 0x6F,
    0x57, 0xC0, 0x00, 0x02, 0x90, 0x4C, 0xA3, 0xB5, 0x6E, 0x0C, 0x87, 0xA2, 0x01, 0x67, 0x44, 0x82,
    0xE0, 0x00, 0x2B, 0xC4, 0x35, 0x3E, 0x3D, 0x60, 0x92, 0x9C, 0x00, 0x08, 0x52, 0x15, 0x15, 0xA5,
    0x33, 0x74, 0x80, 0x00, 0x05, 0x30, 0xEF, 0x0E, 0xEF, 0x27, 0xEC, 0x77, 0xCB, 0x00, 0x27, 0x7D,
    0xC7, 0x22, 0xBC, 0x50, 0xF3, 0x40, 0x00, 0x2B, 0x57, 0xF4, 0x5F, 0xCA, 0xA2, 0x19, 0x96, 0x08,
    0x00, 0x59, 0xF5, 0x8C, 0xBD, 0x96, 0x26, 0x73, 0x50, 0x00, 0x40, 0xFD, 0xF1, 0x42, 0x21, 0x4C,
    0x00, 0x22, 0xBD, 0x08, 0x44, 0x67, 0x9F, 0x43, 0x7E, 0xE2, 0x20, 0x00, 0x05, 0x7A, 0x7B, 0x20,
    0x00, 0x33, 0x07, 0xFA, 0x90, 0x24, 0xF1, 0x29, 0x45, 0x30, 0x00, 0x11, 0x6C, 0x11, 0x72, 0x3E,
    0xAD, 0x03, 0xBC, 0x00, 0x07, 0x3A, 0x0D, 0xE3, 0x80, 0x00, 0x0D, 0xB0, 0x2D, 0x72, 0x5C, 0xBC,
    0xF1, 0xC6, 0x00, 0x14, 0x02, 0x9E, 0x8C, 0x07, 0x46, 0xAB, 0xAE, 0x2F, 0x8E, 0x98, 0x00, 0x1A,
    0x47, 0x3C, 0xFF, 0x12, 0xF8, 0x87, 0x79, 0x00, 0x6A, 0xEB, 0x3D, 0x80, 0x00, 0x18, 0xAC, 0x3B,
    0xD0, 0xBB, 0xA5, 0xF9, 0xB8, 0x40, 0x00, 0x17, 0xFB, 0x8F, 0xE9, 0x0A, 0x40, 0x00, 0x71, 0x44,
    0xF9, 0xA8, 0x86, 0xA8, 0xF6, 0xC1, 0xD0, 0x00, 0x03, 0xA9, 0xBB, 0xF1, 0xB0, 0xF3, 0xBB, 0x9C,
    0xCE, 0x8C, 0xE8, 0x0B, 0xE8, 0xDC, 0x59, 0x87, 0xAD, 0x01, 0x49, 0x54, 0x95, 0xEC, 0xC0, 0x00,
    0x2A, 0x50, 0x5F, 0x0D, 0xDA, 0x9C, 0x8B, 0x42, 0x07, 0x74, 0x00, 0x04, 0x62, 0xD5, 0x92, 0xEA,
    0x08, 0x0C, 0xB5, 0x09, 0x34, 0x00, 0x1D, 0x80, 0x7E, 0x1D, 0xB3, 0x54, 0x45, 0x33, 0xDC, 0x87,
    0xEA, 0x00, 0x54, 0x10, 0x46, 0x87, 0xA5, 0x01, 0x6D, 0x40, 0x00, 0x05, 0x05, 0xC7, 0x7E, 0x52,
    0x80, 0x00, 0x7B, 0x09, 0xC2, 0x5A, 0x83, 0xA7, 0x05, 0x05, 0xC6, 0x70, 0x87, 0xEA, 0x00, 0x54,
    0x10, 0x46, 0x87, 0x41, 0x00, 0x36, 0x5B, 0xC0, 0x00, 0x05, 0x02, 0xFB, 0x88, 0xD7, 0x50, 0x50,
    0x00, 0x50, 0x0A, 0x2D, 0x25, 0x02, 0x14, 0xCE, 0xC5, 0x2C, 0x00, 0x81, 0x36, 0x29, 0x79, 0x5E,
    0xE6, 0xE9, 0x34, 0x8F, 0xF9, 0x7F, 0xDD, 0xAF, 0x28, 0x43, 0xEA, 0xFD, 0x50, 0x48, 0xF8, 0x80,
    0x00, 0x14, 0x37, 0x50, 0x35, 0x3A, 0x18, 0x20, 0x00, 0x72, 0xF2, 0x2A, 0x03, 0x8E, 0xB0, 0x7A,
    0xEA, 0x90, 0x00, 0x09, 0xFD, 0x5B, 0x54, 0x96, 0xFA, 0xC1, 0x2D, 0x78, 0x06, 0x4F, 0xEB, 0xE4,
    0x00, 0x10, 0xC3, 0x25, 0xCD, 0xE5, 0xBC, 0x09, 0xBE, 0xD1, 0x1C, 0x94, 0x9B, 0x63, 0x20, 0x00,
    0x4A, 0xF8, 0x8E, 0xDB, 0x85, 0x11, 0x17, 0xCD, 0x85, 0xF1, 0x96, 0x90, 0x34, 0x54, 0xC0, 0x00,
    0x37, 0x07, 0x69, 0xD0, 0x95, 0x88, 0x5B, 0xA4, 0xDC, 0x86, 0x83, 0x87, 0xD4, 0x01, 0x9B, 0x74,
    0x17, 0x40, 0x87, 0x42, 0x00, 0x5E, 0x39, 0x80, 0x87, 0x75, 0x00, 0x66, 0x66, 0x87, 0xEA, 0x00,
    0x54, 0x35, 0xA7, 0x6A, 0xA3, 0x9F, 0xC0, 0x00, 0x30, 0xF1, 0x7E, 0x35, 0x46, 0x6D, 0x90, 0x00,
    0x8B, 0x31, 0xE4, 0x38, 0x68, 0x7B, 0xDD, 0x49, 0xFD, 0xA3, 0x87, 0xFE, 0x98, 0x4A, 0x00, 0x07,
    0x8E, 0xA1, 0xDE, 0xD8, 0xC0, 0x00, 0x05, 0x05, 0xFF, 0xE0, 0xB5, 0x04, 0x23, 0xB3, 0x77, 0x2D,
    0x00, 0x71, 0x3F, 0x7E, 0x50, 0x68, 0x5C, 0xFE, 0x59, 0x01, 0x15, 0x80, 0x00, 0x07, 0xDA, 0xBD,
    0x78, 0x67, 0x0B, 0x7D, 0xC9, 0x65, 0x80, 0x00, 0x00, 0x4C, 0x6C, 0xB0, 0xCA, 0x59, 0x86, 0xA4,
    0x01, 0x41, 0xF4, 0x8D, 0x55, 0x66, 0x61, 0xFD, 0x4B, 0x3D, 0x00, 0x47, 0x2F, 0xA0, 0x03, 0xF4,
    0x47, 0xFB, 0xA3, 0x22, 0x44, 0xD8, 0x77, 0x97, 0xEF, 0xA6, 0x5A, 0x50, 0x45, 0xED, 0x2A, 0xE3,
    0x8F, 0x74, 0x00, 0x79, 0xC9, 0xD2, 0xF5, 0xAC, 0x4C, 0x22, 0xE1, 0x6A, 0x3F, 0xE6, 0x5C, 0xBF,
    0x2C, 0x6C, 0xA9, 0x60, 0xF4, 0x20, 0xD3, 0x4D, 0x08, 0x00, 0x2A, 0x4D, 0x46, 0xE1, 0x59, 0x69,
    0xD6, 0x6F, 0x5D, 0x93, 0x7C, 0x4C, 0xDF, 0xF3, 0xF0, 0x00, 0x52, 0x5D, 0xCD, 0x57, 0xD3, 0xE2,
    0x28, 0xFE, 0xC0, 0x00, 0x01, 0x97, 0x99, 0x82, 0x3C, 0x59, 0x1E, 0xDF, 0x0F, 0xF8, 0x1A, 0x17,
    0x41, 0x0E, 0x21, 0x24, 0xA0, 0x80, 0x9E, 0xBB, 0x95, 0xF6, 0x6E, 0x74, 0x56, 0xEF, 0x8E, 0xE6,
    0x5E, 0x78, 0x81, 0xA2, 0x46, 0xB8, 0x77, 0x6C, 0xA9, 0x46, 0x12, 0xBB, 0xF2, 0xAA, 0x8D, 0x6C,
    0x4C, 0xA0, 0x8F, 0x6F, 0x85, 0x2E, 0x0B, 0x0C, 0xC7, 0xCE, 0x88, 0x80, 0x1A, 0x9D, 0x21, 0x8C,
    0x3D, 0xB5, 0xD5, 0xFB, 0x89, 0x72, 0xE9, 0xDE, 0x30, 0xE8, 0xD1, 0x2E, 0xE6, 0x43, 0x63, 0x7B,
    0x78, 0xFA, 0x02, 0x45, 0x6A, 0x49, 0x07, 0xC6, 0xE7, 0x11, 0x02, 0x5D, 0x00, 0x04, 0xCA, 0x1A,
    0x92, 0xC7, 0x1B, 0x3D, 0x93, 0xD5, 0xBD, 0x24, 0x00, 0x22, 0x5D, 0x39, 0x6A, 0xF5, 0xC1, 0x00,
    0x1F, 0xB1, 0xDA, 0xF1, 0x45, 0x30, 0xE4, 0xD0, 0x9B, 0x12, 0xD6, 0xD2, 0x7A, 0x62, 0x00, 0x09,
    0xA8, 0x63, 0xE9, 0xA2, 0x89, 0x72, 0x8B, 0x92, 0xFE, 0xA1, 0x40, 0x00, 0x37, 0xD6, 0xF8, 0xFB,
    0x42, 0x26, 0x08, 0x6A, 0x0E, 0x80, 0x00, 0x04, 0xCA, 0x1A, 0x9A, 0x57, 0x8F, 0xFC, 0x93, 0x94,
    0xCF, 0x20, 0xC0, 0x00, 0x04, 0xD9, 0x50, 0xF5, 0x33, 0xC8, 0x34, 0x7D, 0x29, 0x35, 0xF3, 0x2B,
    0x12, 0x06, 0x07, 0xC8, 0xD2, 0x66, 0x90, 0x40, 0x00, 0x15, 0xC6, 0x2A, 0xA3, 0xD0, 0x67, 0x80,
    0x87, 0xC4, 0x01, 0x89, 0xE0, 0x00, 0x16, 0xDC, 0xAA, 0x3A, 0x9D, 0xF3, 0x8A, 0x2F, 0x65, 0xE7,
    0x58, 0x05, 0x82, 0x25, 0x1C, 0x36, 0x00, 0x0B, 0xFB, 0x86, 0xE9, 0xDF, 0x56, 0x7E, 0x49, 0xA4,
    0x6E, 0xC2, 0xBA, 0xAE, 0x5C, 0xFC, 0x96, 0x83, 0xE1, 0x38, 0x00, 0x09, 0x54, 0x07, 0x3C, 0xC0,
    0x6C, 0x04, 0xB4, 0x00, 0x09, 0x71, 0xAE, 0xD1, 0x93, 0x97, 0x07, 0x2B, 0x75, 0x28, 0x71, 0x1C,
    0x24, 0x29, 0x9E, 0x6F, 0xD4, 0xD9, 0x80, 0x87, 0xFD, 0x01, 0x4B, 0xDE, 0xF2, 0xC8, 0xE8, 0x3C,
    0x44, 0x59, 0x6D, 0x63, 0x73, 0x65, 0x8D, 0x44, 0x36, 0xB1, 0x00, 0x05, 0x05, 0xF1, 0x48, 0xCD,
    0x80, 0xA0, 0x87, 0xFF, 0x01, 0x4A, 0x00, 0x19, 0x7D, 0xA5, 0x69, 0xD0, 0x0D, 0xB7, 0xAA, 0xAD,
    0x57, 0xD3, 0x05, 0xBA, 0x58, 0x24, 0x3F, 0x32, 0x00, 0xAD, 0x59, 0xAD, 0x18, 0xCF, 0xBE, 0xFF,
    0xB8, 0x9D, 0x72, 0x92, 0x15, 0x30, 0xD7, 0x8E, 0xE9, 0x5D, 0x20, 0x00, 0x97, 0x91, 0xD9, 0xD2,
    0xC0, 0x16, 0xEF, 0x70, 0xEC, 0xDA, 0xAD, 0x99, 0x2E, 0xC0, 0x00, 0x23, 0x71, 0xB6, 0x4C, 0x50,
    0xC1, 0x0B, 0x80, 0x64, 0x3F, 0x0B, 0x86, 0x61, 0xBE, 0xB2, 0x58, 0xDB, 0x36, 0x64, 0x00, 0x28,
    0xB3, 0x17, 0x78, 0x0E, 0xB6, 0xC7, 0xFF, 0xDB, 0x4F, 0xD6, 0x75, 0xAB, 0x3D, 0x42, 0xE0, 0x00,
    0x4A, 0xD0, 0x6C, 0x08, 0xA6, 0xAF, 0x6B, 0x10, 0x00, 0x23, 0x7B, 0x48, 0x55, 0xAA, 0xD5, 0xA5,
    0xAF, 0x38, 0xF7, 0x7C, 0x30, 0x7B, 0x52, 0x40, 0x87, 0x04, 0x02, 0x0E, 0x72, 0x44, 0x65, 0x61,
    0x17, 0x51, 0x88, 0x02, 0x4B, 0xD4, 0x00, 0x25, 0x95, 0x20, 0xA5, 0x44, 0x20, 0x4E, 0xE3, 0x59,
    0x65, 0x0B, 0x80, 0x84, 0x04, 0x02, 0x46, 0xD2, 0x94, 0xDA, 0xEE, 0x56, 0x40, 0x95, 0x47, 0xA5,
    0xB3, 0x62, 0xA0, 0x00, 0x18, 0xA9, 0x5A, 0xC4, 0xE7, 0x6E, 0xBC, 0x71, 0x1D, 0x52, 0x97, 0x3D,
    0x33, 0x86, 0xC0, 0x00, 0x32, 0xA4, 0xFF, 0x87, 0x6B, 0xCA, 0x27, 0x4E, 0x87, 0x78, 0x45, 0x4B,
    0xA9, 0xF6, 0xB9, 0xC5, 0x6A, 0x9F, 0xB7, 0x00, 0x21, 0x2F, 0xAC, 0xEB, 0xE0, 0xCB, 0x04, 0x0C,
    0x00, 0x53, 0xF8, 0xC2, 0x83, 0x8E, 0xC5, 0xC2, 0xF2, 0xDD, 0x9C, 0x40, 0x00, 0x09, 0xAD, 0x01,
    0xA4, 0x6E, 0xAB, 0xF5, 0xB2, 0x33, 0x32, 0xCE, 0x50, 0x00, 0x1A, 0x2B, 0xA9, 0x56, 0x68, 0x66,
    0x17, 0x4D, 0x7D, 0x0A, 0x9D, 0xEE, 0x22, 0x28, 0x00, 0x48, 0x4B, 0xAE, 0x00, 0x41, 0x1A, 0x4A,
    0xCA, 0x70, 0x08, 0xE3, 0x30, 0xB6, 0x22, 0xDD, 0x6E, 0x8E, 0x64, 0x89, 0x5F, 0xBD, 0xC5, 0x22,
    0xB3, 0x84, 0xFA, 0x4B, 0xDE, 0xDD, 0x37, 0x70, 0x89, 0x11, 0x02, 0x54, 0xF7, 0x5D, 0xFB, 0xAE,
    0x5B, 0x95, 0xE7, 0x18, 0x1F, 0x58, 0xB7, 0xB2, 0xB5, 0x7E, 0xE0, 0x00, 0x05, 0x09, 0x0D, 0x5E,
    0xF5, 0x2A, 0x86, 0x9C, 0x41, 0x3E, 0x52, 0xC7, 0x7F, 0x7D, 0x32, 0x25, 0xC1, 0x92, 0xBF, 0x47,
    0x4C, 0x52, 0xBB, 0x9C, 0x94, 0xD3, 0xAF, 0x58, 0x0B, 0xFB, 0x8B, 0xD7, 0x24, 0x15, 0x3C, 0x6C,
    0xE6, 0x87, 0x11, 0x02, 0xE3, 0x10, 0xA2, 0x0E, 0x2F, 0x63, 0xEF, 0x3C, 0xB7, 0x9A, 0xE7, 0x9B,
    0x89, 0x7B, 0xB4, 0xA2, 0xA6, 0xDC, 0x1B, 0x78, 0x87, 0x25, 0x00, 0xA7, 0x31, 0x96, 0x36, 0xC0,
    0xB2, 0xB6, 0xDA, 0x81, 0x31, 0xFB, 0x9D, 0x76, 0x57, 0x05, 0x82, 0xC9, 0x5E, 0xF6, 0x4D, 0x98,
    0x24, 0x1B, 0x40, 0x62, 0x15, 0xF6, 0x82, 0x62, 0x80, 0x87, 0x35, 0x00, 0x9B, 0xFA, 0x54, 0xD5,
    0xE9, 0xE7, 0xF0, 0xDD, 0xD9, 0x4A, 0xB7, 0x48, 0x88, 0x4E, 0x00, 0x79, 0xC3, 0x6F, 0x72, 0x60,
    0x81, 0x01, 0x01, 0x25, 0xA7, 0x39, 0x8F, 0x24, 0xF0, 0x77, 0xF4, 0x86, 0x39, 0xF5, 0xEC, 0x34,
    0x88, 0x87, 0x2C, 0x00, 0x8D, 0xC6, 0x7F, 0xC3, 0xC8, 0xB0, 0x00, 0x48, 0x6B, 0x04, 0x6C, 0xF9,
    0x59, 0x7A, 0x55, 0x71, 0x45, 0x19, 0x90, 0x02, 0x86, 0xA2, 0xD5, 0x30, 0x7E, 0x5A, 0x53, 0x68,
    0x3E, 0xAF, 0xB5, 0xD9, 0x4B, 0xC7, 0xE6, 0x62, 0x5A, 0xFF, 0xCC, 0xAA, 0xFE, 0x42, 0x75, 0x2D,
    0xE0, 0x36, 0x70, 0x99, 0xAC, 0xDB, 0x75, 0xC8, 0xA1, 0xCF, 0x5C, 0x65, 0x20, 0x00, 0x1F, 0x78,
    0xE1, 0x00, 0xEF, 0x1A, 0xFF, 0x33, 0x47, 0x50, 0x77, 0xA8, 0xEC, 0x4D, 0xFC, 0x73, 0x2B, 0xB2,
    0xE8, 0x94, 0xE2, 0x98, 0x5F, 0x16, 0x8A, 0x14, 0xBA, 0xD4, 0xE1, 0xF1, 0x9D, 0xE1, 0xEB, 0x81,
    0x2C, 0x28, 0xEF, 0xAA, 0x0A, 0x2F, 0xAD, 0xE4, 0x98, 0x38, 0x00, 0x05, 0x0C, 0x58, 0x48, 0xFB,
    0xAC, 0x4D, 0xBF, 0x5C, 0x3D, 0x6F, 0x13, 0x56, 0x05, 0x53, 0xDC, 0xDF, 0x2A, 0xB3, 0xBF, 0x5B,
    0xA3, 0xC2, 0x95, 0xAF, 0x32, 0x57, 0x4F, 0x1D, 0x92, 0x91, 0xB1, 0x44, 0x00, 0x80, 0x15, 0xC9,
    0x46, 0xEB, 0xCB, 0xF0, 0x9C, 0xA0, 0x70, 0x55, 0xC0, 0x9A, 0x0C, 0x7F, 0x0A, 0x19, 0x2E, 0x3B,
    0x7A, 0x9F, 0x5F, 0x74, 0x5D, 0xEB, 0x33, 0x1B, 0xD6, 0xBE, 0x15, 0xA8, 0xC9, 0xDE, 0xCD, 0x2D,
    0x03, 0x5C, 0xBD, 0xD9, 0xD0, 0x19, 0x3A, 0x49, 0x64, 0x90, 0x82, 0x31, 0x01, 0x58, 0x39, 0xBF,
    0xA0, 0xE8, 0x83, 0x46, 0xC2, 0x5B, 0x23, 0x97, 0x96, 0xE7, 0x03, 0x21, 0x16, 0xF8, 0xE8, 0x5D,
    0x61, 0x7A, 0x65, 0x71, 0xC0, 0x40, 0x0E, 0xA5, 0x84, 0xF4, 0xF1, 0x37, 0x5A, 0x37, 0xAB, 0xF1,
    0xFB, 0x39, 0xB7, 0x7A, 0x23, 0xAD, 0xB0, 0x00, 0x3C, 0xD4, 0x1A, 0x8F, 0xA2, 0x92, 0x72, 0xF3,
    0x36, 0x48, 0x19, 0x41, 0x95, 0x45, 0x1C, 0x82, 0xF3, 0xDA, 0xF7, 0x40, 0x43, 0xBB, 0xCD, 0x42,
    0x5F, 0xF2, 0x4E, 0x9C, 0xB2, 0x6C, 0x19, 0x35, 0x99, 0x03, 0xCA, 0xF7, 0xD6, 0x74, 0x8B, 0x0B,
    0x10, 0xBF, 0x4D, 0x53, 0xD0, 0x00, 0x23, 0xB9, 0x83, 0x83, 0xB6, 0x10, 0x2E, 0x26, 0x43, 0x53,
    0x12, 0x36, 0x47, 0xC9, 0xDA, 0xE7, 0xAF, 0xE3, 0x8E, 0x1F, 0x2E, 0x53, 0x0D, 0xCD, 0x08, 0x2A,
    0xF3, 0x50, 0x6C, 0x78, 0x4E, 0x7C, 0x10, 0x9A, 0x6C, 0x20, 0x87, 0xC5, 0x00, 0xA2, 0x67, 0xF8,
    0x88, 0x23, 0x20, 0x8C, 0x54, 0x00, 0x1C, 0xB3, 0x04, 0x0E, 0x36, 0x1D, 0x19, 0x07, 0xCD, 0x7D,
    0x5C, 0x2D, 0x34, 0x03, 0x9C, 0x0B, 0x67, 0x9C, 0x67, 0x08, 0x1E, 0x3D, 0x6E, 0x2E, 0xDD, 0xDF,
    0xB9, 0x07, 0xCA, 0x79, 0x67, 0x20, 0x87, 0x22, 0x02, 0x61, 0x1A, 0xD3, 0x13, 0xE1, 0xC1, 0x48,
    0xC8, 0x7D, 0x8F, 0x5C, 0xDB, 0x66, 0x27, 0xA0, 0xF7, 0x5C, 0x36, 0x15, 0x0F, 0xB1, 0x30, 0xC2,
    0x3F, 0x81, 0x69, 0x0D, 0xA4, 0x29, 0x6C, 0x8D, 0x3D, 0x34, 0x7C, 0x45, 0x8E, 0x12, 0x02, 0x59,
    0xEE, 0x7D, 0x8C, 0x96, 0x68, 0x4C, 0x02, 0x82, 0xEA, 0x04, 0x68, 0x20, 0x00, 0x67, 0x41, 0x27,
    0x49, 0x0F, 0x81, 0xB7, 0xE4, 0xA5, 0x54, 0x71, 0x28, 0xF9, 0x3A, 0x30, 0xB9, 0xB2, 0xB6, 0x4E,
    0x6F, 0x94, 0xD1, 0xAF, 0x1B, 0x44, 0xF3, 0x2E, 0x07, 0x19, 0x97, 0xA9, 0x06, 0xC0, 0x2F, 0xDB,
    0x95, 0x62, 0xF0, 0x11, 0x94, 0x5C, 0xF7, 0x7B, 0xFF, 0x8E, 0x12, 0x02, 0x49, 0x13, 0xB2, 0xF6,
    0xDB, 0x38, 0x00, 0x23, 0x1B, 0x73, 0xC3, 0x1C, 0x21, 0xB6, 0x0E, 0x51, 0xBF, 0xD9, 0x0A, 0x60,
    0x4D, 0xFD, 0x5D, 0x1C, 0xA7, 0xCC, 0xE1, 0xA3, 0x43, 0x9A, 0x70, 0x93, 0x36, 0x77, 0xD4, 0xAA,
    0x15, 0xDF, 0x06, 0xC7, 0x05, 0x64, 0x2D, 0x7C, 0x64, 0x34, 0x82, 0x51, 0xF4, 0x89, 0x2A, 0xC8,
    0xD8, 0x48, 0x2D, 0xF8, 0x6D, 0xED, 0xF3, 0xEB, 0x33, 0xB5, 0xCD, 0xED, 0xDE, 0x80, 0x00, 0x8F,
    0x7B, 0x96, 0x1C, 0x42, 0x90, 0xFE, 0xF5, 0xCB, 0x83, 0x47, 0x1A, 0x35, 0x83, 0xF5, 0x08, 0xBB,
    0xC4, 0x4C, 0x1E, 0x54, 0xAC, 0x21, 0x4B, 0xA6, 0x75, 0x83, 0x27, 0x1B, 0xBC, 0x23, 0x60, 0xB4,
    0xA8, 0x30, 0x8B, 0x31, 0x01, 0x1F, 0xE2, 0xDD, 0xB2, 0x99, 0x1A, 0x36, 0x50, 0xF7, 0xFC, 0xAB,
    0xCE, 0x3E, 0x89, 0xA7, 0x44, 0x6D, 0x37, 0xF1, 0xE5, 0x01, 0xAD, 0x0C, 0xB6, 0xC7, 0xC4, 0x7B,
    0xC2, 0x7B, 0xBA, 0x43, 0x22, 0x40, 0x88, 0x1E, 0x02, 0x52, 0x50, 0xC5, 0xCC, 0x82, 0x63, 0x47,
    0xB5, 0xB4, 0xE4, 0x09, 0x00, 0x44, 0x2A, 0xBC, 0xEE, 0xAE, 0x5C, 0xF6, 0xFC, 0x00, 0x23, 0xB4,
    0xD6, 0xE6, 0x0B, 0xF3, 0x05, 0x80, 0x91, 0x70, 0x5A, 0x2B, 0x14, 0x0A, 0xC0, 0xC5, 0x9C, 0x88,
    0x5B, 0x69, 0x84, 0x05, 0x59, 0x22, 0x2E, 0xFF, 0xA4, 0x10, 0x73, 0x94, 0x32, 0xF1, 0xED, 0x63,
    0x2A, 0xEA, 0x35, 0x00, 0x53, 0x6E, 0x6F, 0xF4, 0xC3, 0xD3, 0x7D, 0xFE, 0xD5, 0x92, 0x3F, 0x0E,
    0xF6, 0x57, 0x93, 0x37, 0xF6, 0xD5, 0xD1, 0x5C, 0xFA, 0xEC, 0x0B, 0xA8, 0x03, 0xAC, 0x7B, 0xE1,
    0x5F, 0x59, 0x57, 0x1A, 0xCC, 0x88, 0x2F, 0x00, 0x8A, 0x67, 0xAE, 0x5C, 0xED, 0x62, 0x30, 0x52,
    0x88, 0x67, 0x03, 0x53, 0x17, 0x6B, 0x62, 0x70, 0x27, 0x2B, 0x9E, 0x73, 0xE1, 0xB4, 0x5B, 0x53,
    0x8A, 0x40, 0xD5, 0x23, 0xBC, 0xEB, 0xFE, 0xF8, 0xD1, 0xE3, 0x99, 0x8D, 0x69, 0xE5, 0xFD, 0x47,
    0xF4, 0x94, 0x05, 0x80, 0x88, 0x2A, 0x00, 0x9A, 0xD0, 0x58, 0x93, 0x80, 0xAE, 0x2F, 0xED, 0x0B,
    0xDE, 0x05, 0x46, 0xC0, 0xDC, 0x44, 0xCF, 0x85, 0xBA, 0x29, 0x7B, 0xA8, 0xF6, 0x60, 0x00, 0xAA,
    0x31, 0x29, 0x23, 0x27, 0x17, 0x5A, 0x25, 0x7D, 0xB5, 0x9E, 0x7F, 0x18, 0x9D, 0x8B, 0x9A, 0xA7,
    0x20, 0xF2, 0x23, 0xAE, 0x7D, 0xE5, 0x60, 0xDA, 0xED, 0xD1, 0xB1, 0xA4, 0x0F, 0x5F, 0x56, 0x9E,
    0x1F, 0x7C, 0x68, 0x22, 0x33, 0xE0, 0x00, 0x1C, 0xA4, 0x50, 0x8C, 0xD4, 0xE9, 0x82, 0x23, 0xF9,
    0xD7, 0x15, 0xF6, 0x18, 0xAA, 0x58, 0xB3, 0x79, 0x9C, 0x39, 0xD7, 0x67, 0xF6, 0x68, 0xEA, 0xBC,
    0x5F, 0xF9, 0x68, 0xA7, 0x58, 0x00, 0x1D, 0xD6, 0x91, 0x4D, 0xBC, 0x9A, 0x07, 0x0F, 0xED, 0x4E,
    0x4C, 0x48, 0xE3, 0x25, 0xE1, 0xC2, 0xBD, 0x8F, 0x51, 0x22, 0xAA, 0xC3, 0x75, 0x87, 0x4D, 0x36,
    0x84, 0x97, 0xD1, 0x40, 0x87, 0x15, 0x02, 0xA6, 0x74, 0x24, 0x26, 0xF4, 0xDE, 0x80, 0x2E, 0x95,
    0x81, 0x6F, 0xC1, 0x0A, 0x60, 0x00, 0x05, 0x06, 0x40, 0xB0, 0x07, 0xCF, 0xEC, 0x86, 0xB3, 0x7D,
    0xB7, 0x3F, 0x14, 0xE1, 0x03, 0x41, 0xE8, 0x58, 0x6E, 0x8F, 0x1F, 0x02, 0x78, 0xF2, 0x66, 0xEB,
    0xA5, 0x91, 0xDB, 0x2E, 0x0F, 0xC0, 0x00, 0xC4, 0xBB, 0x51, 0x4F, 0x04, 0x1C, 0xE2, 0x30, 0xAF,
    0x59, 0x74, 0x13, 0x55, 0x92, 0x9A, 0x8C, 0x25, 0x58, 0x86, 0xF0, 0xF7, 0x52, 0xF1, 0x25, 0x84,
    0x42, 0x35, 0xE5, 0xD1, 0xC9, 0x93, 0xD6, 0xD8, 0x74, 0xD6, 0x30, 0x6C, 0x99, 0x8E, 0x14, 0xB2,
    0xAC, 0xA8, 0x22, 0x64, 0x70, 0x95, 0xBF, 0x45, 0x5B, 0x2B, 0x87, 0x3A, 0x00, 0x8B, 0xE1, 0x47,
    0xF9, 0x67, 0x46, 0xD9, 0x6F, 0xA2, 0x39, 0xD0, 0x87, 0x30, 0x02, 0xA1, 0x34, 0x3E, 0xC8, 0xC6,
    0x66, 0x59, 0xB4, 0x92, 0xE5, 0x03, 0x7A, 0x3A, 0x19, 0x56, 0x0D, 0x6A, 0x97, 0x21, 0xCA, 0xA6,
    0xC5, 0xAB, 0xB8, 0x74, 0x84, 0x5A, 0x30, 0x01, 0x00, 0x11, 0x42, 0x51, 0xC8, 0x78, 0x02, 0x8D,
    0xB9, 0x52, 0xFC, 0xE0, 0x1A, 0xC7, 0x2D, 0xE6, 0x50, 0x81, 0x1C, 0x88, 0x2C, 0x5C, 0xE6, 0xD9,
    0x31, 0x26, 0x09, 0xD6, 0xCF, 0xBF, 0x34, 0x80, 0x00, 0x1F, 0xCC, 0xFC, 0xCF, 0xEB, 0xE1, 0x68,
    0xA1, 0xC2, 0x64, 0x51, 0xA5, 0xE7, 0x7E, 0x8B, 0x22, 0x59, 0x32, 0x03, 0x15, 0xDC, 0x95, 0x0F,
    0xC4, 0xBA, 0x15, 0xA1, 0x66, 0x76, 0xCC, 0x14, 0xCE, 0xF1, 0xCC, 0x92, 0x67, 0x1D, 0xA2, 0x1D,
    0xD4, 0xD3, 0xDD, 0x8B, 0x20, 0x80, 0x87, 0x39, 0x02, 0x97, 0x1E, 0xD9, 0xD5, 0xC9, 0x52, 0x2D,
    0xDD, 0x02, 0xC2, 0xA9, 0x63, 0x5C, 0x59, 0xAB, 0x4F, 0xDF, 0xBE, 0xE4, 0x1D, 0x00, 0x9F, 0x50,
    0x8C, 0x36, 0x00, 0x06, 0x8E, 0x12, 0xEF, 0x0E, 0x08, 0x7C, 0xE0, 0x72, 0x99, 0x60, 0x75, 0xB8,
    0x6E, 0xC8, 0x23, 0x7E, 0x49, 0x2D, 0x43, 0xFE, 0x7D, 0x61, 0x72, 0x97, 0xA6, 0xCD, 0x00, 0x1F,
    0x86, 0xD8, 0x28, 0xE2, 0xE9, 0x4D, 0x60, 0x00, 0x68, 0x28, 0xB4, 0x0E, 0x9B, 0x12, 0x34, 0x97,
    0x19, 0x4A, 0x6A, 0xDE, 0xAE, 0x42, 0x80, 0x36, 0x0C, 0xC7, 0xD4, 0xF4, 0xA8, 0x0D, 0xBA, 0xEB,
    0x73, 0x32, 0xF1, 0x27, 0xCA, 0xE2, 0x52, 0xDA, 0x7E, 0xB4, 0x40, 0x00, 0x2A, 0xFB, 0xBB, 0x63,
    0x33, 0xD0, 0x28, 0xAC, 0xA7, 0xDC, 0x1D, 0x26, 0x1F, 0xBA, 0x11, 0x23, 0xCD, 0xA6, 0x14, 0x87,
    0x0D, 0x01, 0x10, 0x61, 0x94, 0x19, 0xE7, 0x02, 0x50, 0x00, 0x92, 0xC0, 0x7E, 0xE1, 0x3D, 0x52,
    0xD8, 0xEC, 0xC4, 0xB3, 0xE5, 0x43, 0x36, 0x7E, 0x01, 0x43, 0xBD, 0x01, 0x36, 0x96, 0xC2, 0xA3,
    0x8D, 0x22, 0xF0, 0x8B, 0xB7, 0x29, 0x33, 0x9E, 0x48, 0xE6, 0x7A, 0x0E, 0x94, 0x00, 0xB9, 0xB6,
    0xA9, 0x5B, 0x3C, 0xAC, 0x81, 0x54, 0x1C, 0x94, 0x03, 0xA7, 0x78, 0xA9, 0x98, 0x9E, 0x5A, 0xE4,
    0xBE, 0xE1, 0x9B, 0xFA, 0x5A, 0x05, 0xC7, 0x2A, 0xC1, 0x6A, 0x8E, 0x0F, 0xB3, 0x80, 0x4F, 0xCC,
    0xC0, 0x85, 0x77, 0xE2, 0xAD, 0xE2, 0x78, 0x44, 0xCA, 0x29, 0x94, 0x7B, 0xB4, 0xAD, 0x0E, 0xED,
    0x87, 0x60, 0xD8, 0x20, 0x00, 0x58, 0xC2, 0x6B, 0x05, 0x16, 0x3A, 0x6E, 0x86, 0x85, 0xFD, 0x65,
    0x94, 0xDD, 0xE5, 0x07, 0x50, 0x5A, 0x9C, 0x1C, 0x13, 0xD6, 0x52, 0xB7, 0x70, 0xC6, 0xD1, 0xD8,
    0xF8, 0xB1, 0x64, 0x83, 0xCB, 0x0F, 0x0F, 0xB4, 0x2A, 0x00, 0x48, 0xC4, 0x45, 0x0E, 0xEC, 0xF0,
    0x4C, 0x8E, 0x51, 0x3A, 0x58, 0xF5, 0xCE, 0xF1, 0x7C, 0xE3, 0xC7, 0x3D, 0x91, 0x8F, 0xE3, 0x57,
    0xA1, 0x05, 0xCE, 0xA0, 0xE8, 0xD2, 0xD8, 0x8C, 0x35, 0x67, 0xE4, 0x00, 0x7A, 0x4C, 0xB3, 0xC9,
    0xF3, 0xB2, 0xC6, 0x3C, 0x1F, 0x04, 0x1F, 0xF6, 0x43, 0x4F, 0xD5, 0x54, 0xB9, 0x80, 0x90, 0x89,
    0x59, 0x83, 0x9D, 0x17, 0xF2, 0x5B, 0xD6, 0x3E, 0x08, 0xB7, 0x1B, 0x08, 0xCE, 0x9C, 0xAC, 0xCF,
    0x06, 0x40, 0x20, 0xD0, 0x8F, 0xAA, 0x00, 0x5C, 0xE7, 0x7F, 0xCF, 0xAE, 0x96, 0xA7, 0x44, 0x89,
    0x01, 0x80, 0x11, 0xB0, 0x8C, 0xB1, 0x27, 0x72, 0xBD, 0x72, 0x6B, 0x2C, 0x6E, 0x3C, 0x1F, 0xD2,
    0x9D, 0x67, 0xBF, 0xA2, 0xB8, 0x00, 0x3D, 0x72, 0x7C, 0xCD, 0x40, 0x72, 0x2C, 0x64, 0x53, 0xF0,
    0xC8, 0x6E, 0xE4, 0x76, 0xD9, 0xCC, 0x06, 0xF7, 0xE1, 0xC7, 0x2E, 0xDF, 0x3A, 0xA1, 0xCD, 0x7C,
    0xFC, 0x4C, 0x80, 0x00, 0x25, 0x38, 0xF2, 0x5D, 0x71, 0xFA, 0x8E, 0x13, 0x8B, 0xF6, 0x3D, 0x2C,
    0x90, 0x48, 0x8A, 0xE8, 0x09, 0x69, 0x37, 0x80, 0xC9, 0xE4, 0x76, 0xF9, 0xE7, 0x81, 0x43, 0x69,
    0x87, 0x7C, 0x63, 0x89, 0x04, 0x18, 0x7B, 0x8E, 0xDE, 0xEE, 0x49, 0x15, 0x87, 0x47, 0x00, 0x51,
    0x70, 0x46, 0x50, 0x05, 0xCC, 0x44, 0x0D, 0x32, 0x5D, 0xDB, 0x68, 0xA2, 0x0F, 0x60, 0xE5, 0x92,
    0x34, 0x00, 0x1B, 0xB8, 0x67, 0x82, 0xF8, 0x11, 0x75, 0xDA, 0x40, 0x78, 0xAF, 0xFB, 0x7C, 0x6B,
    0x14, 0xC7, 0x83, 0xB9, 0xDD, 0x1C, 0xF7, 0xA4, 0x3E, 0x24, 0x19, 0x45, 0xEF, 0x58, 0x54, 0x6D,
    0x47, 0x06, 0x5E, 0x8C, 0x67, 0xE0, 0x8D, 0x88, 0x2B, 0x3E, 0x3A, 0x05, 0xCA, 0x96, 0xBD, 0x19,
    0x97, 0x02, 0x4B, 0x50, 0x6B, 0xC8, 0x88, 0x00, 0x39, 0x89, 0xC1, 0xCF, 0x11, 0x0E, 0x98, 0x17,
    0xCE, 0xDA, 0x0D, 0xC0, 0x68, 0x1D, 0x82, 0x55, 0x37, 0x7F, 0x59, 0xD2, 0x5E, 0xFB, 0x51, 0x1B,
    0x0A, 0x1D, 0x71, 0x88, 0x00, 0x89, 0xAE, 0xC4, 0x2D, 0x7E, 0x8B, 0xDC, 0x07, 0xA9, 0x82, 0x09,
    0x2D, 0x13, 0x70, 0xEA, 0x43, 0x66, 0x96, 0x20, 0xF5, 0x7C, 0xD7, 0x5F, 0x4A, 0x9A, 0x23, 0x30,
    0x3F, 0x68, 0x80, 0x49, 0x02, 0x34, 0xD7, 0x51, 0xE5, 0x6C, 0x21, 0x28, 0x5D, 0xCF, 0xBC, 0xAC,
    0x2A, 0x22, 0xFF, 0xD8, 0x70, 0x8A, 0x31, 0x02, 0xFF, 0x13, 0xE1, 0x2D, 0x44, 0xB3, 0x10, 0xEA,
    0x43, 0xBD, 0x6D, 0x83, 0x12, 0x75, 0xF6, 0x2F, 0x3A, 0x11, 0x11, 0xAF, 0x9C, 0x87, 0x23, 0xC1,
    0x31, 0xE8, 0x00, 0xA8, 0xA8, 0x0F, 0x2B, 0x5D, 0x2C, 0x4C, 0x97, 0xD7, 0x1B, 0xCA, 0xD7, 0x2C,
    0xC6, 0xF6, 0xD3, 0x38, 0x99, 0x26, 0x5F, 0x98, 0x7C, 0xAA, 0x27, 0xDE, 0x00, 0xA7, 0x31, 0x46,
    0x11, 0x64, 0x5A, 0x6A, 0x04, 0x5F, 0x36, 0x69, 0x21, 0x2A, 0xAD, 0x43, 0x0D, 0x4E, 0x46, 0xE4,
    0x3A, 0x59, 0x7D, 0xD8, 0xEE, 0x10, 0x24, 0xF1, 0x11, 0x6C, 0x50, 0xF5, 0x44, 0xF0, 0xEC, 0x8A,
    0xE7, 0x57, 0xAE, 0x06, 0x66, 0xE0, 0x00, 0x8D, 0xE8, 0xE7, 0xA0, 0xB4, 0x11, 0xE5, 0x9A, 0xF8,
    0x81, 0xB2, 0xBC, 0xB1, 0x2F, 0xDD, 0xB6, 0x52, 0xA4, 0x08, 0x32, 0x4C, 0x00, 0x7F, 0x03, 0x72,
    0xC2, 0x80, 0x87, 0x51, 0x00, 0x47, 0x8B, 0x24, 0xD6, 0xE1, 0x63, 0x45, 0xAC, 0xDD, 0x0E, 0x11,
    0x2C, 0xA8, 0x86, 0xA3, 0xD9, 0x07, 0x69, 0xEA, 0x4E, 0x8A, 0x40, 0x82, 0x49, 0x02, 0x68, 0xC7,
    0x4A, 0x94, 0xEB, 0x5F, 0xE4, 0xAC, 0xD4, 0xD4, 0x78, 0xE0, 0xB6, 0xA4, 0x83, 0x1D, 0xE4, 0x00,
    0x07, 0xB7, 0x3C, 0x9C, 0x4E, 0x22, 0x08, 0x20, 0x00, 0x73, 0x3F, 0xF8, 0xFC, 0xB7, 0xF5, 0x18,
    0xA6, 0x46, 0xCC, 0xD6, 0x96, 0x03, 0x0B, 0x90, 0x77, 0xE6, 0xCE, 0x1F, 0xC3, 0x15, 0x24, 0x3D,
    0x03, 0x68, 0xF5, 0xC7, 0xBF, 0xA2, 0x12, 0xD5, 0xDB, 0x4F, 0xD8, 0x97, 0x5B, 0xDB, 0x6E, 0x85,
    0x87, 0x45, 0x00, 0x85, 0xD8, 0x1C, 0xDF, 0x63, 0x92, 0x26, 0x42, 0xF7, 0x64, 0x8E, 0xE6, 0xF2,
    0x1F, 0x32, 0xA3, 0x2E, 0x30, 0x00, 0x5D, 0x9D, 0x41, 0x9D, 0x41, 0xF6, 0xB9, 0xEC, 0xBD, 0x80,
    0xF5, 0xFC, 0x5C, 0x7B, 0x07, 0x84, 0x36, 0x0F, 0xE8, 0x4D, 0x11, 0xAC, 0x73, 0x29, 0xF2, 0xA2,
    0x2C, 0xA8, 0x1C, 0x5E, 0x23, 0x3D, 0x1C, 0x40, 0x09, 0x52, 0xE6, 0x89, 0x25, 0xD1, 0xF7, 0x64,
    0x00, 0x9D, 0xDA, 0xFD, 0x6E, 0x8C, 0x58, 0x15, 0xAD, 0x16, 0xD5, 0xE1, 0xE0, 0x85, 0xC1, 0xB2,
    0x10, 0xDF, 0x33, 0x48, 0xE0, 0x81, 0x13, 0x30, 0x12, 0xB7, 0xB2, 0xD5, 0x4B, 0x8F, 0x3C, 0x00,
    0x6E, 0x2C, 0x93, 0x40, 0x14, 0xFA, 0x03, 0x60, 0x87, 0xBB, 0xD2, 0x12, 0x18, 0xCC, 0x4E, 0xDB,
    0x97, 0xAB, 0x07, 0x6C, 0xF3, 0x72, 0x7B, 0x34, 0x9F, 0x22, 0xE8, 0xA3, 0xB5, 0xCB, 0x58, 0x04,
    0x46, 0x86, 0x39, 0xB5, 0x95, 0x7C, 0x6E, 0xC9, 0xD0, 0x4A, 0x93, 0x09, 0xB3, 0x6A, 0x8B, 0xCA,
    0xCD, 0x26, 0xBE, 0xD9, 0xD3, 0x18, 0x00, 0x8B, 0xA3, 0xD3, 0x32, 0x3E, 0xB3, 0xA5, 0xEC, 0xCB,
    0x3B, 0x3D, 0xE7, 0x0F, 0x81, 0xC0, 0x99, 0x4C, 0x65, 0x0B, 0xDF, 0x6B, 0x5A, 0xF1, 0xA9, 0x45,
    0x94, 0xD9, 0xD6, 0x3A, 0xC0, 0x87, 0x49, 0x02, 0xC2, 0x7B, 0x34, 0xA8, 0xFE, 0xCB, 0x9F, 0xEB,
    0x12, 0x7D, 0x56, 0x33, 0xC5, 0x68, 0xF1, 0x00, 0x7C, 0x62, 0x1D, 0xE2, 0xDD, 0xA7, 0x36, 0xBC,
    0x3D, 0x62, 0x9E, 0x61, 0xAB, 0xB6, 0x61, 0xC5, 0x1E, 0xCC, 0x3E, 0x70, 0xCB, 0xD2, 0x38, 0x40,
    0x00, 0xB0, 0x73, 0xEC, 0x7D, 0xA8, 0x6C, 0x1A, 0x32, 0x73, 0xE1, 0x45, 0x6F, 0xFC, 0x77, 0x40,
    0x5D, 0x95, 0x7E, 0xFF, 0x26, 0xB2, 0xA7, 0xC1, 0xFE, 0x13, 0x03, 0x69, 0x86, 0x7B, 0x6F, 0x56,
    0x03, 0xF9, 0x4B, 0xBC, 0x44, 0x85, 0x7A, 0x55, 0xF3, 0x1D, 0x83, 0x38, 0x88, 0x87, 0x59, 0x02,
    0xD9, 0xD0, 0x2C, 0x82, 0x41, 0x0C, 0xA0, 0x64, 0x5E, 0x5A, 0xBE, 0xD8, 0x9B, 0x26, 0x9A, 0xF4,
    0x36, 0xEA, 0x30, 0x00, 0x81, 0x39, 0x42, 0x26, 0xC1, 0x3E, 0xF1, 0x8F, 0x19, 0xBD, 0x2C, 0xA9,
    0x25, 0x13, 0x12, 0x0E, 0xF6, 0xA5, 0xD9, 0x2C, 0xB5, 0x33, 0x34, 0xCA, 0xB4, 0x50, 0x6A, 0x00,
    0x9F, 0xAE, 0x71, 0x3F, 0x1F, 0xA5, 0x7E, 0xE8, 0xAB, 0x57, 0x4E, 0x04, 0xD8, 0xDC, 0xE9, 0x3B,
    0x98, 0x20, 0x49, 0xA1, 0xA9, 0xE7, 0x49, 0x50, 0x16, 0x9B, 0x40, 0x59, 0x21, 0xE0, 0xC3, 0xE4,
    0x4C, 0x1F, 0x0E, 0xC0, 0x00, 0x7B, 0x2C, 0x26, 0x41, 0x1E, 0x87, 0xEF, 0x28, 0x9F, 0xB8, 0xD4,
    0x0C, 0x29, 0xDE, 0xA7, 0x64, 0x1E, 0xF6, 0xC4, 0xDA, 0xA6, 0xF4, 0x5E, 0x1A, 0x80, 0x00, 0x30,
    0xC4, 0x65, 0x03, 0x44, 0x85, 0xED, 0x8B, 0x2A, 0x60, 0x0A, 0xEC, 0x7A, 0x08, 0x7B, 0x7E, 0x56,
    0x1C, 0x03, 0x12, 0x82, 0x54, 0x54, 0xD6, 0x8D, 0x35, 0x80, 0x00, 0x83, 0xE3, 0xE4, 0xEA, 0x8E,
    0xEC, 0x92, 0xF3, 0x7E, 0xFC, 0xDC, 0x17, 0x93, 0x30, 0xA6, 0x0D, 0xBF, 0xE4, 0x0F, 0x87, 0x66,
    0xB1, 0xA3, 0xBA, 0x31, 0xC6, 0x43, 0x98, 0x56, 0xEE, 0x08, 0x78, 0x1C, 0xBD, 0xD9, 0x95, 0xA1,
    0x68, 0x7F, 0x30, 0x00, 0x9A, 0x2A, 0xC8, 0x80, 0x0A, 0xE6, 0x9B, 0x3B, 0xFD, 0xBD, 0xBD, 0xDA,
    0x1B, 0x18, 0xA3, 0x66, 0xE2, 0xAF, 0x90, 0xA2, 0x2B, 0xAA, 0xBA, 0xD3, 0x1A, 0x64, 0xF4, 0x87,
    0xA9, 0x00, 0x41, 0x76, 0xAC, 0xD0, 0x6A, 0xFD, 0xF5, 0xAA, 0x2C, 0x14, 0x3A, 0xE5, 0x64, 0x29,
    0x2C, 0xEB, 0x9D, 0x55, 0xEF, 0x74, 0x28, 0x4D, 0xDE, 0x22, 0x88, 0xAA, 0x00, 0xED, 0x8A, 0xCE,
    0xB3, 0xF6, 0x9C, 0x70, 0xE3, 0x27, 0x26, 0x6A, 0xB0, 0x9F, 0x4E, 0x96, 0xFE, 0x6E, 0xEF, 0xCD,
    0xE7, 0x65, 0x48, 0x61, 0x3E, 0xC9, 0x77, 0x5D, 0x80, 0x87, 0x4A, 0x00, 0x7A, 0xAA, 0x64, 0x6D,
    0xC6, 0x63, 0x14, 0xDA, 0x30, 0xEA, 0xBD, 0x8F, 0xD1, 0x18, 0xC1, 0xF5, 0xA9, 0x31, 0x5C, 0x14,
    0x8E, 0x77, 0x83, 0x3A, 0x9E, 0xCB, 0xC9, 0x1D, 0xD7, 0x13, 0x48, 0xF7, 0x41, 0x68, 0x00, 0x66,
    0x66, 0x11, 0xF0, 0x30, 0xB2, 0x51, 0x7A, 0x56, 0x84, 0x9F, 0x30, 0x93, 0xDD, 0x99, 0xEB, 0xA0,
    0x11, 0xA5, 0x41, 0x4E, 0xC9, 0xE1, 0x9E, 0xB8, 0x27, 0x41, 0xD7, 0xCA, 0x26, 0x94, 0xF3, 0x09,
    0x5D, 0x9E, 0x87, 0x52, 0x02, 0x57, 0x99, 0x2B, 0xE2, 0x0E, 0xBA, 0x92, 0x79, 0xF2, 0x84, 0xFC,
    0x24, 0x87, 0x55, 0x00, 0xB7, 0x4F, 0x78, 0x99, 0x06, 0xDB, 0x43, 0xD2, 0xD6, 0x80, 0x87, 0x4B,
    0x00, 0x79, 0x5D, 0xCC, 0x73, 0xC0, 0x84, 0x01, 0x01, 0x27, 0xC8, 0xEB, 0xDB, 0x53, 0xD9, 0x34,
    0x1F, 0x66, 0x0C, 0x94, 0x73, 0x67, 0x52, 0x24, 0x23, 0x20, 0x88, 0x4C, 0x00, 0xBF, 0x68, 0x68,
    0xC0, 0x88, 0xD9, 0x5A, 0x43, 0xB7, 0xBD, 0x6D, 0x05, 0x9C, 0xC4, 0xF0, 0x00, 0xB9, 0x44, 0x8B,
    0x41, 0x9D, 0xFC, 0x7E, 0x46, 0xEE, 0x17, 0x14, 0xA4, 0x85, 0x01, 0xE4, 0x71, 0xAA, 0x03, 0x4A,
    0x0A, 0xAC, 0xF3, 0x7B, 0x1D, 0xF3, 0xC5, 0x09, 0x4C, 0x4C, 0x7C, 0xF8, 0xB8, 0x3B, 0x11, 0x16,
    0x59, 0xC3, 0xC8, 0x0A, 0x8C, 0x40, 0x00, 0xA9, 0x36, 0x09, 0xBC, 0x31, 0xCC, 0x00, 0xA9, 0x46,
    0x13, 0xCB, 0x98, 0x97, 0xF3, 0x81, 0x4C, 0x7B, 0x68, 0xC4, 0x04, 0xA3, 0xC9, 0x32, 0x02, 0x36,
    0xAD, 0x2B, 0xC6, 0x80, 0x36, 0x75, 0xC4, 0x76, 0x3F, 0x90, 0x8A, 0xF4, 0x80, 0x87, 0x4A, 0x00,
    0x7A, 0xAA, 0x64, 0x6D, 0xCF, 0x4E, 0xB7, 0x19, 0x4A, 0x9F, 0x6C, 0x81, 0x9F, 0x00, 0x41, 0xCF,
    0x89, 0xB2, 0x1D, 0xE4, 0x0D, 0x80, 0x4B, 0x02, 0x71, 0xA1, 0x57, 0x7C, 0x55, 0x9E, 0xD6, 0x6F,
    0xA6, 0x97, 0x9D, 0x4E, 0xEE, 0x3F, 0x2C, 0x9E, 0x83, 0x6B, 0x3E, 0xAC, 0x3E, 0xCB, 0xC8, 0x1E,
    0x20, 0x46, 0xED, 0x74, 0x68, 0xAD, 0xB2, 0x13, 0xCB, 0x86, 0x4A, 0x02, 0x38, 0xB7, 0x08, 0x8E,
    0xAD, 0xF2, 0x5D, 0x95, 0x01, 0x41, 0x76, 0xB1, 0xB7, 0xA4, 0x40, 0x80, 0x54, 0x02, 0x4C, 0x36,
    0xEB, 0x74, 0x85, 0xEF, 0x72, 0x84, 0xC8, 0x4D, 0x03, 0x99, 0x25, 0x7F, 0x29, 0x07, 0xE8, 0x52,
    0x87, 0x49, 0x02, 0xC2, 0x7B, 0x32, 0xB0, 0x9C, 0xF0, 0x0A, 0x10, 0x9E, 0xFE, 0x9C, 0x70, 0x10,
    0xD8, 0x00, 0x08, 0x1B, 0x0E, 0xEE, 0x93, 0x20, 0x40, 0x13, 0xB2, 0xBA, 0x36, 0xC4, 0xF5, 0x94,
    0x96, 0x4D, 0xB2, 0xCD, 0x16, 0x6B, 0xBB, 0x78, 0x56, 0x95, 0x7E, 0xF9, 0x18, 0x67, 0x05, 0x6D,
    0x57, 0x6A, 0x1C, 0xCE, 0x16, 0x09, 0x4C, 0xF1, 0x08, 0x2D, 0xA7, 0x97, 0xC7, 0x3F, 0x56, 0x40,
    0x66, 0xCB, 0x8B, 0x34, 0x93, 0x04, 0xEF, 0x00, 0xA2, 0x3E, 0xED, 0x51, 0x19, 0x56, 0x14, 0x37,
    0x3F, 0x4B, 0x98, 0x31, 0x8F, 0x2B, 0xD6, 0xF7, 0x58, 0xDC, 0xD2, 0x16, 0x9B, 0xBA, 0xFB, 0x4D,
    0x03, 0xA8, 0xE6, 0x65, 0x67, 0x71, 0xDA, 0xAF, 0xA8, 0xC7, 0x45, 0xFD, 0xF8, 0x83, 0xE6, 0x80,
    0x00, 0x29, 0x9C, 0xA0, 0xD3, 0xF3, 0xDA, 0x3B, 0x0C, 0x48, 0xC8, 0xCC, 0xEC, 0x2C, 0x53, 0x68,
    0x9C, 0x53, 0x03, 0x8F, 0x0E, 0x19, 0x32, 0x8D, 0x26, 0xBE, 0x75, 0x0D, 0xA9, 0x47, 0x1A, 0x4E,
    0x82, 0x3C, 0x86, 0x00, 0x51, 0x02, 0x72, 0xCE, 0x1D, 0x3A, 0x74, 0xFE, 0x09, 0x9F, 0x01, 0x59,
    0x52, 0x99, 0x0A, 0x11, 0xEA, 0x8F, 0x88, 0x96, 0xFD, 0x00, 0x55, 0x94, 0x7C, 0x0C, 0x50, 0x2F,
    0x71, 0x82, 0x4F, 0xD6, 0xF1, 0x87, 0xC9, 0xBF, 0x16, 0x10, 0x12, 0x00, 0xB9, 0x7A, 0x61, 0x10,
    0x3D, 0x16, 0x3E, 0x1D, 0x9E, 0xA8, 0x3D, 0x4C, 0x10, 0x46, 0x0A, 0x4D, 0x69, 0xDD, 0x3A, 0x60,
    0x2D, 0x7E, 0x70, 0x3C, 0x53, 0xCE, 0x3F, 0xBD, 0x01, 0xD5, 0xE3, 0x09, 0xEA, 0x36, 0x2A, 0xBD,
    0x74, 0x38, 0x84, 0x4B, 0xBE, 0x61, 0xF0, 0x5D, 0xB5, 0xF5, 0xF8, 0x9E, 0x69, 0x50, 0xD7, 0xE6,
    0x00, 0x81, 0xAC, 0xEC, 0xBD, 0xF8, 0x11, 0xE1, 0x24, 0x1A, 0xD9, 0xA7, 0xBE, 0xB0, 0x7C, 0x65,
    0xA6, 0x90, 0xAF, 0x30, 0xD4, 0xCF, 0x8B, 0x11, 0x6D, 0xAA, 0x4B, 0x78, 0x08, 0xAB, 0x16, 0x65,
    0xB8, 0x73, 0x1F, 0x60, 0xA0, 0x70, 0x00, 0x79, 0xBE, 0xA5, 0xF3, 0xF9, 0x16, 0xCE, 0xE1, 0xAB,
    0x52, 0xE0, 0x22, 0x39, 0xD5, 0xDD, 0xA4, 0x90, 0xE9, 0x02, 0xEF, 0x70, 0xAD, 0xB8, 0x38, 0xE2,
    0x47, 0x77, 0x6C, 0x1F, 0xE5, 0xDA, 0x82, 0x12, 0x06, 0x2F, 0xF7, 0xCB, 0x74, 0x13, 0x90, 0x6A,
    0x00, 0xAA, 0x42, 0x38, 0xB0, 0xCB, 0x67, 0x82, 0x9C, 0xD6, 0x40, 0xA8, 0xFE, 0x81, 0x43, 0xA6,
    0x4E, 0xE6, 0xF2, 0x99, 0x09, 0x2F, 0x34, 0x4E, 0x78, 0x84, 0x28, 0xD0, 0x97, 0x1F, 0x20, 0x00,
    0x1E, 0xC1, 0x38, 0xE8, 0x31, 0x21, 0x3D, 0x69, 0xE1, 0xF4, 0x70, 0x0D, 0xB7, 0xD1, 0x69, 0x6C,
    0xAF, 0xA9, 0xE3, 0x5C, 0xBE, 0x79, 0xA4, 0xA8, 0x73, 0x81, 0xDA, 0x56, 0x89, 0xE0, 0x6B, 0x5E,
    0xF5, 0x62, 0x45, 0x82, 0x6E, 0x2B, 0x52, 0x3A, 0xCE, 0xF4, 0xBE, 0xE5, 0xCD, 0x7C, 0xF5, 0x85,
    0x7D, 0x68, 0xA1, 0x45, 0x28, 0x45, 0x5A, 0x2E, 0xD0, 0xAF, 0x2D, 0x6E, 0xD0, 0x00, 0x9A, 0x93,
    0xC4, 0xAE, 0x8B, 0x0D, 0xC4, 0xDD, 0xE5, 0xE3, 0x97, 0x3A, 0x23, 0x14, 0x99, 0x8C, 0x33, 0x12,
    0xE5, 0xE4, 0x7D, 0xCA, 0x3D, 0x1D, 0xD1, 0x20, 0x86, 0x3C, 0x20, 0x4A, 0x69, 0x3E, 0x0D, 0xFA,
    0xE4, 0x7A, 0xEA, 0x7A, 0x10, 0xFF, 0x86, 0xF7, 0xE7, 0x6A, 0x4C, 0x00, 0x2C, 0x35, 0xCD, 0x7A,
    0xA6, 0x2F, 0x27, 0x71, 0x08, 0xDF, 0x2C, 0x11, 0x96, 0x83, 0x75, 0x41, 0x96, 0xDA, 0x10, 0x2C,
    0xA1, 0x2B, 0x59, 0x93, 0x54, 0xA9, 0x87, 0xC1, 0x45, 0x06, 0xFA, 0xFA, 0x6F, 0x52, 0x52, 0x65,
    0x32, 0xF8, 0xA9, 0x3E, 0xDD, 0x91, 0x3E, 0x36, 0xCC, 0x3F, 0x33, 0x50, 0x00, 0x9F, 0x6E, 0xA3,
    0x7E, 0x85, 0xDD, 0x83, 0x1B, 0x2C, 0x69, 0x7E, 0xC8, 0x9F, 0x9E, 0x8A, 0x36, 0xC5, 0x9B, 0xE6,
    0x55, 0x13, 0x30, 0xFE, 0x39, 0xDA, 0xD2, 0xEB, 0x42, 0x13, 0x7F, 0x8B, 0x96, 0x9C, 0xF0, 0xD8,
    0x81, 0x1D, 0x56, 0x2A, 0x5A, 0x00, 0x1E, 0xE2, 0xB1, 0x20, 0x6D, 0x18, 0xD4, 0x65, 0x20, 0x07,
    0x96, 0x15, 0xE7, 0x97, 0xF2, 0x31, 0x39, 0x99, 0x91, 0x02, 0xED, 0x6D, 0x86, 0x18, 0xE7, 0xE1,
    0xE4, 0x88, 0x8A, 0xB4, 0x9C, 0xF4, 0x4D, 0xC5, 0x33, 0x21, 0x06, 0xE1, 0x13, 0x98, 0x21, 0x15,
    0x98, 0x9A, 0x22, 0xAC, 0x9D, 0x6D, 0xB2, 0xA5, 0xE5, 0xB7, 0xCD, 0x9E, 0x20, 0x27, 0x7F, 0xD2,
    0x6F, 0xF6, 0x67, 0x5F, 0x29, 0xD0, 0xFF, 0x94, 0xAC, 0xE1, 0x80, 0x00, 0xA7, 0x84, 0x5D, 0x64,
    0x01, 0xC6, 0xDE, 0xB6, 0xBC, 0x55, 0xC1, 0xF2, 0x9E, 0xCA, 0x25, 0xF3, 0xD4, 0xE5, 0x66, 0xC8,
    0x04, 0xFF, 0x3A, 0x82, 0xBA, 0x37, 0x47, 0x40, 0x78, 0xC8, 0xF1, 0x81, 0x71, 0x3B, 0xC9, 0x39,
    0x3E, 0x05, 0x5A, 0x59, 0x3A, 0x7D, 0xD8, 0x8F, 0x80, 0x03, 0x28, 0x26, 0x27, 0xA6, 0x28, 0x00,
    0x4C, 0x22, 0x86, 0x7C, 0x91, 0x24, 0x15, 0x56, 0xF3, 0x4B, 0x04, 0x83, 0x43, 0xC7, 0x47, 0xA9,
    0x9E, 0xBE, 0x2F, 0x1B, 0x3E, 0xD3, 0x72, 0x60, 0x22, 0x73, 0x63, 0xB6, 0xFA, 0xE5, 0x29, 0xAE,
    0xBF, 0x7E, 0xF5, 0xB2, 0x95, 0x71, 0x4D, 0x55, 0x84, 0x8A, 0xB9, 0x7C, 0x71, 0x8C, 0x57, 0x19,
    0x55, 0xF9, 0x68, 0xBE, 0x5E, 0xF8, 0x25, 0x4A, 0xC0, 0x00, 0x34, 0xD7, 0x5D, 0x02, 0x0E, 0x24,
    0x7C, 0x4A, 0x47, 0x2D, 0x3A, 0x77, 0xA6, 0xC3, 0x57, 0xDF, 0x7C, 0xEC, 0xE3, 0xB3, 0xD9, 0x48,
    0x92, 0x7E, 0x9D, 0x6D, 0x2D, 0x56, 0x10, 0x9D, 0x09, 0xDC, 0x77, 0x2D, 0x42, 0x89, 0x58, 0x4B,
    0x29, 0x0A, 0x44, 0x75, 0x5A, 0x8D, 0xEF, 0xFD, 0xB6, 0x80, 0x00, 0x12, 0x46, 0x25, 0x54, 0x72,
    0x5E, 0x8C, 0xE5, 0x37, 0x24, 0x8A, 0xC5, 0x09, 0x45, 0xEE, 0xC1, 0x22, 0xC4, 0x91, 0x3A, 0xED,
    0x78, 0xB8, 0x10, 0xA1, 0x7A, 0x09, 0xDD, 0xCF, 0xD5, 0x5E, 0x0A, 0x03, 0xC1, 0x79, 0x40, 0xE6,
    0x29, 0x96, 0x83, 0x65, 0xA0, 0xFE, 0x80, 0x00, 0x6E, 0x2D, 0x85, 0xE5, 0x4E, 0x36, 0x3D, 0xDD,
    0x61, 0x68, 0x09, 0x60, 0x4B, 0xE5, 0xBD, 0xA4, 0x7B, 0xB5, 0x43, 0x34, 0x80, 0xD0, 0xCF, 0x23,
    0x80, 0x15, 0x72, 0x5B, 0xAC, 0xA8, 0x0C, 0xCA, 0x64, 0x1B, 0xFD, 0xAE, 0x77, 0xA6, 0xA1, 0x74,
    0xAB, 0xBD, 0xA2, 0x49, 0x36, 0x39, 0x87, 0x31, 0x00, 0xAB, 0x31, 0xF0, 0x82, 0x6F, 0x2A, 0x4B,
    0x63, 0x0F, 0xC3, 0x6E, 0x0C, 0x12, 0x14, 0xD4, 0x87, 0x51, 0x00, 0x64, 0xAB, 0x15, 0xAF, 0x04,
    0xAC, 0x72, 0x0D, 0x62, 0x26, 0xD8, 0x17, 0x47, 0x40, 0x20, 0x00, 0x03, 0x38, 0x73, 0x2C, 0x0F,
    0x0E, 0xF7, 0xF4, 0xE8, 0xC7, 0x80, 0xF8, 0x47, 0x14, 0x50, 0xC8, 0xDC, 0xAF, 0xD6, 0xD8, 0x58,
    0x67, 0x4D, 0x51, 0x7A, 0x78, 0x66, 0x03, 0x23, 0xFF, 0x28, 0x87, 0x58, 0x00, 0xAD, 0x41, 0x46,
    0x28, 0xA5, 0x37, 0xCC, 0x33, 0x28, 0xD1, 0x54, 0x01, 0x17, 0x12, 0xA2, 0x78, 0x00, 0x0C, 0x88,
    0xB3, 0x55, 0x0E, 0x3E, 0xC5, 0x2A, 0x13, 0xE9, 0xFA, 0x7D, 0x42, 0xC6, 0x28, 0x5B, 0x1B, 0x9D,
    0xD1, 0x88, 0x0C, 0x4E, 0xE3, 0xE3, 0xA0, 0x37, 0x3A, 0x66, 0x94, 0x8F, 0x05, 0x29, 0xB7, 0xA9,
    0x6C, 0x8B, 0x56, 0x22, 0x6C, 0x23, 0x78, 0xEC, 0x90, 0x80, 0x86, 0x02, 0x03, 0x03, 0x07, 0x5A,
    0xE4, 0xB4, 0x7B, 0xB0, 0xA8, 0x4E, 0x1E, 0x04, 0x32, 0x4F, 0xDE, 0x5E, 0x5B, 0x1C, 0xDF, 0xB6,
    0xC9, 0xFC, 0xFB, 0xD0, 0x2A, 0xC0, 0x32, 0x30, 0xD9, 0xEA, 0xE2, 0x8F, 0x00, 0xD2, 0x07, 0x5E,
    0xCD, 0x76, 0xB2, 0x4B, 0x64, 0xA3, 0xC1, 0xED, 0xC8, 0xEE, 0xAD, 0xE8, 0xB3, 0x3A, 0x58, 0x02,
    0xEB, 0x09, 0xAD, 0xF0, 0xF1, 0x80, 0x83, 0x16, 0x6B, 0xC7, 0x8C, 0xF7, 0xE1, 0x7F, 0x40, 0xF5,
    0x1A, 0x11, 0xA2, 0x81, 0x7E, 0x44, 0xFD, 0x49, 0x9E, 0xAF, 0xA8, 0xB7, 0x7C, 0x61, 0x6B, 0xD3,
    0xD2, 0x49, 0xCA, 0x95, 0x7C, 0xDE, 0x24, 0xA1, 0x3E, 0x44, 0xCB, 0xE6, 0xE4, 0xE1, 0xCC, 0x01,
    0x15, 0xD9, 0x43, 0x3E, 0x39, 0x60, 0x00, 0x2C, 0x9E, 0x91, 0x2D, 0x4D, 0x3B, 0x78, 0x94, 0x8E,
    0x1A, 0x9A, 0x43, 0xA0, 0x3E, 0x9C, 0x99, 0x4E, 0x7C, 0x00, 0xF6, 0x1F, 0xBA, 0x0E, 0x92, 0x4F,
    0x6B, 0x34, 0xC2, 0x7C, 0x0E, 0x77, 0x45, 0xFA, 0x44, 0x76, 0xFC, 0x5D, 0xCB, 0x4E, 0x00, 0xB7,
    0xC9, 0xA2, 0xFA, 0xEC, 0x03, 0xFF, 0x24, 0x8D, 0x26, 0xD9, 0x83, 0x08, 0x64, 0x98, 0x17, 0x40,
    0x5F, 0x76, 0x61, 0xEC, 0x00, 0xBA, 0xD3, 0x32, 0x5B, 0x7F, 0x96, 0xB9, 0xF2, 0x2D, 0xEE, 0x19,
    0xAB, 0x6A, 0x57, 0x4F, 0xFC, 0xDD, 0x22, 0x76, 0x92, 0x92, 0x1F, 0x8C, 0xB5, 0x1E, 0x66, 0x84,
    0x2F, 0xDB, 0x37, 0xAD, 0x13, 0x5A, 0xCC, 0x1D, 0x82, 0x07, 0x7E, 0xF9, 0xA6, 0xE5, 0x5E, 0x9C,
    0xB0, 0x00, 0xA7, 0xF9, 0x4B, 0x3E, 0x67, 0x04, 0x19, 0x99, 0x18, 0x4B, 0x4E, 0xBA, 0x42, 0x0B,
    0x4B, 0x44, 0x0D, 0xDF, 0x64, 0x01, 0x8C, 0x4B, 0x82, 0x89, 0xFC, 0x4E, 0x92, 0x50, 0x4F, 0x1A,
    0x3A, 0x63, 0x96, 0x00, 0x74, 0x5B, 0x88, 0x85, 0x4F, 0x04, 0x57, 0x5D, 0xEC, 0xA7, 0xF3, 0x68,
    0x06, 0x32, 0x62, 0x71, 0x8E, 0xC8, 0x8E, 0x91, 0x86, 0x4D, 0xAD, 0xC5, 0x38, 0x6F, 0xC2, 0xD7,
    0x12, 0xD8, 0xFD, 0x2F, 0x94, 0xFA, 0xF6, 0x2A, 0xCB, 0xBB, 0x33, 0xC9, 0xED, 0xE6, 0xC8, 0xC8,
    0xD4, 0x08, 0x01, 0x55, 0xBF, 0x7F, 0x95, 0x19, 0x6D, 0xF4, 0xC5, 0x4A, 0x92, 0x5D, 0xE7, 0xA0,
    0x43, 0x89, 0x3B, 0x2F, 0xB1, 0xA2, 0x72, 0xF9, 0x22, 0x61, 0x55, 0xDF, 0x44, 0x12, 0x9A, 0x4D,
    0xC6, 0x20, 0x00, 0x66, 0x46, 0x7B, 0xDA, 0x66, 0x9D, 0x89, 0x10, 0xD7, 0xA3, 0x61, 0x95, 0x4C,
    0x6F, 0xE3, 0xA2, 0xF1, 0x5F, 0x41, 0xD5, 0xA4, 0x3D, 0x32, 0xE0, 0x9A, 0xFA, 0xAB, 0xF8, 0x34,
    0xBD, 0x65, 0xD2, 0x74, 0x8A, 0x33, 0xBC, 0x45, 0x67, 0xED, 0x88, 0x7F, 0x0C, 0x05, 0xA4, 0x1A,
    0x99, 0x21, 0x3B, 0x54, 0x79, 0xDA, 0x04, 0x93, 0x7C, 0x11, 0x19, 0xEA, 0x5C, 0x61, 0xB4, 0xF2,
    0xC0, 0x06, 0x1B, 0xBB, 0x80, 0x80, 0x71, 0x02, 0xC6, 0x6E, 0xA2, 0xC5, 0x30, 0xD8, 0xA1, 0x0A,
    0x19, 0xAF, 0xF3, 0xDC, 0xA8, 0x6E, 0x15, 0xB0, 0x2A, 0xD2, 0x0C, 0x94, 0xB5, 0x0D, 0xA0, 0x81,
    0x72, 0x02, 0x30, 0x73, 0x1A, 0xF1, 0x74, 0xC9, 0x42, 0x3E, 0xB7, 0xCB, 0xD0, 0x35, 0x98, 0xE1,
    0xF6, 0x77, 0xED, 0xCB, 0xA0, 0x87, 0x25, 0x00, 0xA5, 0x63, 0x7C, 0x59, 0x7E, 0xD6, 0xB6, 0x72,
    0xB1, 0x93, 0x51, 0x26, 0x4A, 0x18, 0xD8, 0x72, 0x87, 0x45, 0x00, 0x59, 0x53, 0x49, 0x7B, 0x08,
    0x79, 0x25, 0xB9, 0xBD, 0x32, 0x7A, 0x75, 0x61, 0x14, 0xD1, 0x00, 0x76, 0xCB, 0xE4, 0xE1, 0x1F,
    0x3F, 0x00, 0xC8, 0x16, 0x4D, 0xFA, 0x18, 0x46, 0x47, 0xAB, 0xF9, 0x4F, 0xF2, 0x1A, 0x40, 0x98,
    0x1A, 0xA8, 0x6F, 0x13, 0xFA, 0xF4, 0x44, 0xA7, 0x1A, 0x9F, 0xC8, 0xE8, 0xE9, 0xA0, 0xBB, 0x39,
    0xE4, 0x70, 0x7B, 0xD6, 0x00, 0x5D, 0xF1, 0x93, 0xDC, 0xF0, 0x8A, 0x5A, 0x8A, 0x00, 0x4E, 0xE0,
    0x2B, 0x77, 0xF5, 0xBA, 0x70, 0xB9, 0x81, 0x51, 0x20, 0x00, 0x35, 0xDF, 0x16, 0xE0, 0xDA, 0x03,
    0x9E, 0x0C, 0x00, 0x2B, 0x0A, 0xA9, 0x32, 0x01, 0xF9, 0x00, 0x6F, 0xC1, 0x0C, 0x6D, 0x70, 0x2A,
    0x5D, 0x96, 0xE5, 0xE3, 0xEE, 0xC0, 0x00, 0x8A, 0x93, 0x27, 0xAE, 0x1E, 0x78, 0x09, 0x15, 0x95,
    0x86, 0xDB, 0x8A, 0xBF, 0xFB, 0x5D, 0x62, 0xBF, 0x32, 0x92, 0xF7, 0xA6, 0x90, 0x92, 0xCD, 0x11,
    0xDE, 0xE7, 0xA0, 0xF5, 0xD8, 0xCE, 0x40, 0x36, 0xD9, 0xA9, 0x48, 0xB8, 0xD6, 0xD7, 0x32, 0x24,
    0x1E, 0x6A, 0xA1, 0xDE, 0x5F, 0x6F, 0xA0, 0x76, 0x54, 0x50, 0xB6, 0x26, 0x57, 0xF2, 0x90, 0x9B,
    0x44, 0x21, 0x46, 0xE3, 0xE0, 0xE4, 0xE9, 0x91, 0xCB, 0x08, 0x84, 0xCE, 0xE0, 0x00, 0x89, 0x20,
    0xFE, 0xAD, 0x3E, 0x9C, 0x84, 0xE6, 0x03, 0xEE, 0xF1, 0xAE, 0x29, 0x8A, 0x73, 0xD1, 0xE2, 0x41,
    0xDC, 0xD5, 0x3B, 0x13, 0x98, 0x66, 0xA6, 0x43, 0xB2, 0x08, 0x49, 0x11, 0xC2, 0xDE, 0x1A, 0xE1,
    0x0F, 0xB6, 0xBE, 0x67, 0x72, 0xB8, 0x1C, 0x6D, 0x09, 0xF3, 0xD1, 0x0F, 0xE0, 0x27, 0x6A, 0x9B,
    0x75, 0x36, 0xB8, 0xC2, 0xCB, 0x44, 0x87, 0x33, 0x33, 0xD8, 0x0A, 0x48, 0x00, 0x46, 0x9A, 0x90,
    0x08, 0xEC, 0xF2, 0x19, 0xB2, 0xB7, 0x1D, 0xCE, 0x30, 0xF7, 0xBE, 0xA3, 0xE1, 0x06, 0x0C, 0x3E,
    0x39, 0x45, 0x95, 0xA8, 0x30, 0x32, 0x19, 0xCD, 0xBB, 0x45, 0x5D, 0xCA, 0xEA, 0x8F, 0xBE, 0xA3,
    0x10, 0x92, 0x47, 0x7D, 0xA6, 0x18, 0xA2, 0xCE, 0x94, 0x87, 0x0E, 0xFD, 0x45, 0xF6, 0x88, 0xD3,
    0x4B, 0xFD, 0xFC, 0xC9, 0x00, 0xC3, 0xF8, 0x3A, 0x20, 0x86, 0xBD, 0x00, 0x1C, 0x4D, 0x6C, 0xB9,
    0x40, 0xC9, 0xE9, 0xC4, 0x6C, 0x10, 0xEF, 0x88, 0x1F, 0x9F, 0x70, 0xEB, 0x26, 0xF9, 0x81, 0x88,
    0x61, 0x11, 0x28, 0xF1, 0xD6, 0xF0, 0x86, 0x3D, 0x02, 0x25, 0x9D, 0x6A, 0x4A, 0xE5, 0xCB, 0x9C,
    0x9C, 0x32, 0xF4, 0x47, 0x87, 0xD8, 0x36, 0x1A, 0x70, 0xE7, 0x21, 0x1E, 0xDE, 0x52, 0x7A, 0x59,
    0xAE, 0xDA, 0x82, 0x9A, 0x83, 0xF0, 0x8D, 0xFF, 0x00, 0x73, 0x42, 0xDC, 0xA5, 0xE8, 0xAA, 0xAC,
    0x5C, 0x0B, 0xAD, 0xBA, 0xEA, 0xA1, 0xCD, 0x3B, 0xBB, 0xAF, 0xD2, 0xC5, 0xC7, 0x9F, 0xE2, 0x2B,
    0x0E, 0x3C, 0x1A, 0xBA, 0xF1, 0x87, 0x32, 0x00, 0x4A, 0xF8, 0xEF, 0xA6, 0xF0, 0x71, 0x11, 0x3E,
    0x68, 0x6D, 0xA2, 0xEB, 0x4E, 0x22, 0xF4, 0x69, 0x9A, 0xE0, 0x87, 0x52, 0x00, 0x7C, 0xAA, 0x30,
    0xAE, 0x79, 0xE2, 0xC9, 0x63, 0xB8, 0x74, 0xF5, 0x11, 0xCF, 0x1F, 0x8D, 0x9A, 0xC3, 0xBD, 0xBE,
    0x8A, 0xDB, 0x00, 0xF9, 0x64, 0x0C, 0x58, 0x99, 0x1A, 0x1C, 0xC3, 0xF4, 0xA3, 0xEA, 0xC9, 0x05,
    0xB9, 0x2F, 0xB1, 0x99, 0x60, 0x00, 0x66, 0xEC, 0x6C, 0x4F, 0x4F, 0xFA, 0x85, 0x44, 0x92, 0x6B,
    0xD9, 0xEB, 0x90, 0x1F, 0x91, 0xF2, 0x32, 0x8F, 0x14, 0x02, 0x23, 0xA9, 0xED, 0x52, 0x65, 0xAE,
    0x94, 0xCD, 0x0C, 0x48, 0xE0, 0xB3, 0xEC, 0x36, 0x72, 0xC2, 0x5D, 0x40, 0x00, 0x7C, 0x3E, 0xBA,
    0x99, 0x12, 0x80, 0xDF, 0xC3, 0x6F, 0x0C, 0xFE, 0xF9, 0xEF, 0x2B, 0x6B, 0x75, 0x93, 0x6D, 0xDD,
    0x87, 0x28, 0x00, 0x49, 0x33, 0x9A, 0xA7, 0x9B, 0xD5, 0x1A, 0xDA, 0xE8, 0x75, 0x0C, 0x5A, 0xA4,
    0x00, 0x1B, 0x62, 0x7A, 0x03, 0x52, 0xC0, 0xF2, 0x7B, 0x3E, 0x3A, 0xE6, 0x88, 0x62, 0x6B, 0xE8,
    0x9F, 0x44, 0x86, 0x93, 0xF0, 0x8F, 0xFF, 0x00, 0xEE, 0x79, 0xDD, 0x3A, 0xCC, 0xB9, 0x11, 0xAD,
    0x5D, 0x3B, 0x40, 0xBB, 0x33, 0xBA, 0x4B, 0x32, 0xB1, 0x5A, 0xCE, 0x21, 0xA1, 0x11, 0xEA, 0x1A,
    0xAA, 0x7B, 0x00, 0x1E, 0xFB, 0xD7, 0x22, 0x8B, 0xCC, 0x60, 0x60, 0x7D, 0x7F, 0xE3, 0x8D, 0xC4,
    0x79, 0x8A, 0xFA, 0x68, 0x59, 0x52, 0x34, 0x15, 0x5F, 0xDC, 0xE3, 0x9A, 0x23, 0x3D, 0x0C, 0x78,
    0x44, 0xBE, 0x4B, 0x0F, 0x38, 0x29, 0x74, 0xA9, 0xAC, 0x25, 0xD3, 0x79, 0xFA, 0x97, 0xD7, 0xB7,
    0xF7, 0x1B, 0xE5, 0x5F, 0x11, 0xC8, 0xCD, 0xF8, 0xEC, 0xDB, 0xAA, 0xDC, 0xBD, 0xAF, 0x72, 0x79,
    0x16, 0x94, 0x4E, 0xFE, 0xF4, 0x00, 0x16, 0x86, 0x61, 0xE4, 0x97, 0x3F, 0x2B, 0x70, 0x2F, 0x74,
    0x26, 0xF1, 0x8C, 0xE0, 0xBB, 0x20, 0xF4, 0xC1, 0x4E, 0x73, 0xAE, 0x37, 0x93, 0x88, 0x88, 0xD8,
    0xAB, 0xCC, 0x51, 0x5D, 0xB7, 0xE9, 0x42, 0xCE, 0xEB, 0x28, 0x78, 0xD2, 0xC3, 0x89, 0x7C, 0x46,
    0x78, 0xB6, 0xBF, 0x18, 0xEB, 0x90, 0xA9, 0xFB, 0xF2, 0x4B, 0x31, 0xE0, 0x87, 0x28, 0x02, 0x90,
    0x1B, 0x2E, 0x32, 0x9E, 0x34, 0x23, 0x37, 0x40, 0xDD, 0xD9, 0x30, 0xFA, 0xF7, 0xC9, 0xAB, 0x87,
    0x48, 0x02, 0x52, 0x2F, 0xDD, 0x14, 0xD9, 0x94, 0x9C, 0xD8, 0x9B, 0x54, 0x5E, 0x54, 0x4F, 0xE1,
    0x2C, 0x87, 0x2D, 0x00, 0x69, 0x3B, 0x94, 0x09, 0x5F, 0x05, 0xB7, 0x8C, 0x01, 0xE8, 0xEF, 0x67,
    0xF9, 0x39, 0x80, 0xF9, 0xA5, 0x75, 0x30, 0x74, 0x8E, 0x18, 0x44, 0xC2, 0x3F, 0x8B, 0x1A, 0x14,
    0xF8, 0xA9, 0x8F, 0xA3, 0x2B, 0x0B, 0x18, 0x87, 0xF9, 0x00, 0xB9, 0x18, 0x3E, 0x47, 0x4C, 0xD1,
    0x76, 0x67, 0xA4, 0x06, 0xBA, 0x46, 0xFC, 0x24, 0x1A, 0xD4, 0x16, 0xDA, 0xB2, 0x57, 0xF5, 0x8B,
    0x89, 0x47, 0x87, 0xAB, 0x02, 0x69, 0x8B, 0xF0, 0xF4, 0xC2, 0x87, 0x6D, 0x86, 0xDC, 0x07, 0x91,
    0xA6, 0x90, 0x99, 0xB7, 0x65, 0x6E, 0xCE, 0x36, 0x4E, 0x00, 0x89, 0x4E, 0x0B, 0x14, 0x71, 0x8F,
    0xA3, 0x05, 0x44, 0xED, 0x6D, 0xAD, 0x84, 0x3F, 0x88, 0xB2, 0xC8, 0x50, 0x49, 0xA1, 0x84, 0xB7,
    0xC4, 0x53, 0xA9, 0x39, 0x83, 0x30, 0x3E, 0x4E, 0x3A, 0xAA, 0xC7, 0xA4, 0xBE, 0x80, 0x87, 0xAB,
    0x02, 0x69, 0xA2, 0xB1, 0xB3, 0xA4, 0xC7, 0x52, 0xBB, 0x63, 0x3B, 0x71, 0x01, 0xD1, 0x54, 0x8C,
    0x42, 0x41, 0x10, 0xEB, 0xC5, 0x73, 0x2A, 0xB4, 0x90, 0x8D, 0xFD, 0x3C, 0x80, 0x87, 0x4D, 0x00,
    0x7A, 0xAA, 0x67, 0x1C, 0x7D, 0x26, 0xC6, 0x64, 0xE5, 0x07, 0x87, 0xE3, 0x75, 0xEC, 0xA4, 0x54,
    0x51, 0x3F, 0x9E, 0xEB, 0x70, 0x72, 0x9C, 0x42, 0x4F, 0x5C, 0x2B, 0xF3, 0x80, 0x00, 0x05, 0xDA,
    0x14, 0xB3, 0xB1, 0x68, 0x8D, 0xBF, 0xA3, 0x2E, 0x41, 0xBD, 0xCC, 0x9B, 0xCC, 0x4E, 0x0D, 0xFF,
    0x13, 0x8A, 0x2A, 0xE7, 0xCC, 0x2B, 0x1C, 0xB7, 0xEC, 0x14, 0x30, 0x13, 0xBF, 0xA2, 0x22, 0x67,
    0x60, 0x52, 0xBE, 0x00, 0x89, 0xE1, 0xF3, 0x88, 0x13, 0x82, 0xF2, 0x6A, 0xDB, 0xBB, 0x45, 0x12,
    0xC5, 0xCE, 0xB7, 0xAB, 0xF0, 0xEC, 0xA9, 0x5C, 0xE5, 0xF6, 0x72, 0x79, 0x30, 0x69, 0x67, 0xEF,
    0x05, 0x95, 0xEB, 0x28, 0x87, 0x2A, 0x00, 0x8C, 0x2D, 0x5F, 0xC9, 0x81, 0x49, 0x8C, 0x7D, 0x9B,
    0x3D, 0x7C, 0xB6, 0xF8, 0x08, 0xAC, 0x15, 0x00, 0x8B, 0xA4, 0xA2, 0x5D, 0xD0, 0x52, 0x2F, 0x94,
    0xF2, 0x4A, 0xC1, 0x17, 0x7E, 0xBA, 0xB9, 0xF4, 0x79, 0x99, 0x6F, 0x5E, 0x3B, 0xA9, 0x08, 0x64,
    0xD2, 0xBE, 0x1C, 0x15, 0xDD, 0xB3, 0xF3, 0xC0, 0x00, 0x1E, 0xBF, 0xF2, 0x34, 0x4F, 0xB7, 0x60,
    0x9C, 0x0D, 0xA2, 0x49, 0x38, 0xEC, 0x0C, 0x57, 0x24, 0x40, 0x8F, 0x65, 0x09, 0x5F, 0xB0, 0x5F,
    0x96, 0x52, 0xBD, 0x53, 0x56, 0xB9, 0xEF, 0x63, 0x34, 0xA2, 0xD8, 0x7E, 0x12, 0x00, 0xA4, 0x73,
    0x70, 0x0B, 0x44, 0x6E, 0x8E, 0x0F, 0xAC, 0xBF, 0x11, 0x10, 0x38, 0xBE, 0xAC, 0x07, 0x3F, 0xA8,
    0x5B, 0x8D, 0x23, 0xA5, 0x2E, 0x37, 0x69, 0x16, 0x3F, 0xB0, 0x00, 0x1C, 0xAE, 0xCE, 0x43, 0x5A,
    0x03, 0x7C, 0xA0, 0x26, 0x78, 0xF3, 0xAF, 0xBF, 0x74, 0xFA, 0x60, 0x6B, 0x4C, 0x84, 0xAE, 0x5A,
    0x5A, 0x5A, 0x45, 0x0A, 0x4D, 0x1B, 0x79, 0x7F, 0xBC, 0xAD, 0x03, 0x60, 0x32, 0x65, 0xE0, 0xDA,
    0xF7, 0x64, 0x37, 0x2B, 0xE3, 0xBC, 0xD0, 0xB5, 0x03, 0xAD, 0x05, 0xAB, 0xEE, 0x73, 0x59, 0xE2,
    0x00, 0xA4, 0xD0, 0x8C, 0xFC, 0xFB, 0x86, 0xA6, 0xB8, 0x1A, 0x62, 0x25, 0x19, 0xD8, 0x48, 0xA4,
    0xDF, 0x8F, 0x65, 0xA7, 0xBE, 0x6D, 0xF6, 0xC6, 0xF7, 0xE5, 0xC5, 0x43, 0x40, 0xDC, 0x07, 0x38,
    0xD6, 0x03, 0xB0, 0xB4, 0xA2, 0xB0, 0x55, 0x5B, 0x86, 0xF2, 0xF8, 0xA7, 0xD6, 0xC0, 0x87, 0x31,
    0x00, 0xB0, 0x7F, 0x0B, 0xDE, 0x98, 0xE6, 0x04, 0x20, 0xAE, 0x5A, 0x53, 0x68, 0x72, 0x57, 0x59,
    0xEE, 0x6C, 0xE2, 0x3D, 0x20, 0x67, 0x7E, 0xB0, 0xC2, 0xE9, 0xBF, 0x5D, 0xF0, 0x55, 0xCD, 0x8E,
    0x88, 0xCE, 0xA7, 0x8C, 0xF0, 0xFC, 0x7F, 0xF8, 0x00, 0x47, 0x4B, 0xEC, 0x92, 0x37, 0x20, 0xC0,
    0x62, 0x77, 0x17, 0x49, 0xA9, 0x92, 0xDB, 0x5F, 0x2C, 0x14, 0xD8, 0x31, 0x33, 0x5B, 0x6F, 0x78,
    0x4D, 0xE2, 0xFF, 0x80, 0xBE, 0x9B, 0x22, 0x63, 0x46, 0x43, 0x1D, 0xB5, 0x48, 0xC9, 0x00, 0x58,
    0x87, 0x25, 0x00, 0xA5, 0x63, 0x7C, 0x59, 0x7D, 0xAB, 0xFD, 0x2A, 0xD3, 0x52, 0x81, 0x53, 0x97,
    0x53, 0x20, 0x87, 0x45, 0x00, 0x59, 0x53, 0x49, 0x76, 0xD0, 0x07, 0x16, 0x16, 0x69, 0x0B, 0x36,
    0x44, 0xE9, 0x87, 0x36, 0x00, 0x49, 0xA2, 0x00, 0x83, 0x8F, 0x95, 0xA2, 0xDF, 0xA5, 0x84, 0x6B,
    0xE2, 0x00, 0x53, 0x5E, 0xFE, 0x22, 0xB4, 0xAA, 0x48, 0xC4, 0x3C, 0x65, 0x82, 0x60, 0x93, 0x28,
    0x4E, 0xBE, 0x98, 0xDC, 0xDE, 0x57, 0x0D, 0x8F, 0x2C, 0xE5, 0xBD, 0x2E, 0xE3, 0x99, 0x79, 0x43,
    0xCD, 0x56, 0x5D, 0xDD, 0x66, 0x3D, 0x5E, 0xA0, 0x99, 0xE7, 0xF2, 0x12, 0x9F, 0xBB, 0x47, 0x19,
    0x22, 0x4C, 0x80, 0x87, 0x3B, 0x00, 0x60, 0xFB, 0xE3, 0xA2, 0x03, 0xAD, 0xB1, 0x6C, 0x87, 0x11,
    0x00, 0xD6, 0x44, 0xE9, 0xF5, 0x67, 0xA9, 0x68, 0x77, 0xF1, 0xBE, 0x7A, 0x32, 0x54, 0x02, 0xB0,
    0x6C, 0x04, 0x52, 0xE9, 0x8C, 0x1D, 0x36, 0x97, 0x3C, 0x00, 0x0C, 0xD1, 0x67, 0x6C, 0x9C, 0xF0,
    0xAA, 0x73, 0x04, 0xCB, 0xF7, 0x04, 0xB3, 0xE2, 0x8D, 0xC8, 0x01, 0xD7, 0xBB, 0x04, 0x75, 0x9F,
    0x50, 0xB6, 0x59, 0x04, 0x54, 0x66, 0x41, 0x7C, 0x0D, 0x28, 0x73, 0xC2, 0x7F, 0x00, 0x89, 0xEA,
    0x65, 0x9A, 0x3A, 0xA8, 0x35, 0xBA, 0x5A, 0x85, 0x4B, 0xCE, 0xA7, 0x76, 0x41, 0x19, 0x05, 0x5C,
    0x81, 0xBF, 0x26, 0xE9, 0x51, 0xA1, 0xD2, 0x39, 0x24, 0xDD, 0xDB, 0x46, 0x92, 0x67, 0x31, 0x9C,
    0xD8, 0x87, 0x3A, 0x00, 0x8B, 0xE1, 0x47, 0xF4, 0xF9, 0xA1, 0x89, 0x31, 0xA2, 0xE8, 0x43, 0x72,
    0x34, 0x27, 0xB5, 0x93, 0xEB, 0x0C, 0x20, 0x87, 0x5A, 0x00, 0xC1, 0x32, 0xB4, 0xB1, 0x29, 0x1A,
    0x9E, 0x8A, 0xC8, 0xF5, 0x8F, 0x38, 0x94, 0x91, 0x90, 0x99, 0x8C, 0xD0, 0x56, 0x00, 0x05, 0x11,
    0xE0, 0xF3, 0x9C, 0x7E, 0x03, 0x8D, 0x88, 0x4B, 0x68, 0x97, 0x68, 0xF3, 0x4E, 0x52, 0xA4, 0x7D,
    0xF0, 0x5E, 0xA6, 0xCC, 0x5B, 0xF8, 0x6D, 0xB5, 0x35, 0xF0, 0xD6, 0xB6, 0x26, 0x35, 0xC9, 0xF9,
    0x0B, 0x65, 0x6B, 0xBB, 0x4E, 0x55, 0x30, 0x00, 0x8F, 0x95, 0x69, 0xEE, 0xBF, 0xC6, 0x85, 0x83,
    0xA9, 0x74, 0xA4, 0x2E, 0x05, 0x54, 0xBE, 0xAB, 0xB3, 0x1D, 0x8B, 0x29, 0x06, 0x77, 0x0D, 0x50,
    0xF4, 0x54, 0x60, 0x98, 0x0E, 0x96, 0x1F, 0x20, 0x80, 0x9A, 0x4C, 0xDA, 0x40, 0x60, 0x88, 0x38,
    0x02, 0x90, 0x90, 0xE1, 0x99, 0x1F, 0x55, 0x9A, 0xCF, 0x96, 0x42, 0xE6, 0xEB, 0xFC, 0x32, 0xC1,
    0xE5, 0x5E, 0x27, 0xF7, 0xAE, 0xE1, 0x37, 0x8A, 0xA4, 0xD7, 0xBC, 0xA1, 0x21, 0x42, 0x96, 0xEE,
    0xA0, 0x87, 0x58, 0x02, 0xBD, 0x32, 0xBC, 0xE8, 0xC8, 0x69, 0x24, 0x39, 0x1E, 0x06, 0xB3, 0xCA,
    0x5E, 0x5C, 0xB6, 0x04, 0xC6, 0xD0, 0x1C, 0xBC, 0x0C, 0xC0, 0x87, 0xC7, 0x02, 0x90, 0x92, 0x1B,
    0x53, 0x64, 0xDF, 0xBD, 0x80, 0xAD, 0x7E, 0x95, 0x9F, 0x4F, 0xD4, 0xC0, 0x18, 0xBC, 0x2F, 0xC0,
    0x87, 0xC8, 0x02, 0xBD, 0x37, 0x24, 0x22, 0x34, 0x67, 0x88, 0xEB, 0x07, 0x33, 0xA8, 0x1B, 0xA2,
    0x23, 0xCC, 0xD6, 0xB9, 0x80, 0x8D, 0xA1, 0x02, 0x75, 0x18, 0xD5, 0xA7, 0x6D, 0x46, 0xB2, 0xD3,
    0x26, 0xF2, 0x0A, 0xA5, 0x53, 0x20, 0x76, 0x4D, 0xF9, 0xDB, 0xA3, 0xB3, 0xA3, 0xF7, 0x77, 0x80,
    0x87, 0x4A, 0x00, 0x7B, 0x29, 0x99, 0xFE, 0x4D, 0x7C, 0x60, 0x40, 0x00, 0xC3, 0x36, 0x77, 0xDC,
    0xB7, 0x2E, 0x91, 0xA4, 0xC5, 0x1C, 0x0A, 0xDD, 0xBC, 0xFB, 0x07, 0xB5, 0xF3, 0xF4, 0x23, 0xF7,
    0x99, 0x40, 0xEA, 0x02, 0x0D, 0xA9, 0x6E, 0xBF, 0x33, 0x17, 0x7B, 0xF9, 0x89, 0xD1, 0x7A, 0xC6,
    0x76, 0xA5, 0xA6, 0x81, 0x84, 0xA3, 0x49, 0x5E, 0xD6, 0x39, 0xEB, 0xC0, 0x00, 0x63, 0x41, 0xAF,
    0x5A, 0x78, 0x67, 0x59, 0x51, 0x2D, 0x72, 0xC3, 0x60, 0xB1, 0x36, 0x9E, 0xA4, 0x3A, 0xFA, 0x4C,
    0xF4, 0x83, 0x30, 0xBB, 0x25, 0xF3, 0xF1, 0x95, 0x43, 0x47, 0xF4, 0x67, 0x56, 0x88, 0x13, 0x2E,
    0xAB, 0xF1, 0x60, 0x87, 0xCD, 0x02, 0xC4, 0x4B, 0x6D, 0x31, 0x14, 0xEC, 0x31, 0x49, 0xB1, 0xA4,
    0xB0, 0x22, 0xCC, 0xAA, 0x87, 0x62, 0xD5, 0x28, 0x87, 0xCE, 0x02, 0x77, 0x7D, 0x4B, 0xC2, 0x5A,
    0x32, 0x79, 0x42, 0x52, 0xE0, 0xA9, 0x27, 0x05, 0x65, 0xB0, 0x87, 0xEF, 0x00, 0x60, 0x76, 0xD7,
    0x7D, 0x61, 0x50, 0x00, 0x77, 0x51, 0xAF, 0x74, 0x5A, 0x36, 0xA9, 0xEB, 0x7E, 0x0F, 0xBC, 0xED,
    0xAA, 0x71, 0xBD, 0x98, 0x1A, 0xB0, 0x6B, 0x31, 0x97, 0xD5, 0x0C, 0x3B, 0x7E, 0xF9, 0xC9, 0x77,
    0x3F, 0x98, 0xF9, 0x3D, 0x89, 0x2E, 0xEB, 0x20, 0xC6, 0xC8, 0x24, 0x5A, 0x24, 0x61, 0x55, 0xC7,
    0x15, 0x95, 0x71, 0x87, 0xF1, 0x0E, 0xC3, 0xC2, 0xC5, 0xD8, 0x79, 0x42, 0xC2, 0x9A, 0xB0, 0xBC,
    0xE4, 0xD0, 0xB1, 0x40, 0xA2, 0x34, 0xDA, 0x16, 0x80, 0x47, 0x02, 0x67, 0x0F, 0x05, 0xD6, 0xDD,
    0xB2, 0x20, 0x99, 0x98, 0x26, 0xB3, 0x3E, 0x7E, 0x57, 0x5F, 0xA4, 0xE1, 0xF2, 0xC0, 0x67, 0x2B,
    0x7A, 0x28, 0x87, 0x2D, 0x00, 0x69, 0x3B, 0x95, 0xAF, 0x8C, 0xEC, 0xF6, 0x85, 0x3C, 0x8F, 0xB8,
    0xBF, 0x1A, 0xDE, 0x1B, 0xD5, 0x92, 0xD0, 0x7F, 0x14, 0x19, 0x4A, 0x3D, 0xA4, 0x49, 0x85, 0x87,
    0x1A, 0x89, 0x67, 0x64, 0xF8, 0x11, 0x8E, 0x9F, 0x9F, 0x03, 0x55, 0x16, 0x20, 0x87, 0xF9, 0x00,
    0xB9, 0x18, 0x3D, 0xFC, 0xE1, 0x32, 0xFB, 0xF1, 0xDD, 0xB8, 0x64, 0x22, 0x9D, 0x0C, 0x7C, 0x3B,
    0xCA, 0x1B, 0x82, 0x3D, 0x7F, 0x05, 0x5F, 0x47, 0x30, 0xD4, 0x1F, 0xCB, 0x12, 0xA2, 0x6D, 0x00,
    0x5C, 0x0A, 0xAB, 0x74, 0x89, 0xE1, 0x11, 0x6F, 0xAF, 0xFA, 0x21, 0x90, 0x25, 0x1C, 0xE0, 0x0B,
    0xEC, 0xCC, 0x53, 0x78, 0x58, 0xA7, 0x80, 0xE8, 0xF8, 0x0B, 0xB6, 0x22, 0x13, 0x92, 0x87, 0x1E,
    0xF8, 0xBE, 0xC8, 0x85, 0x5C, 0x96, 0x25, 0xE8, 0xF7, 0xAC, 0xE0, 0x00, 0x7C, 0x1C, 0x13, 0xA5,
    0x8D, 0x4F, 0x04, 0x5C, 0x0B, 0x47, 0x89, 0x00, 0x34, 0x7E, 0x69, 0x87, 0x3A, 0x69, 0x46, 0x15,
    0xBD, 0x55, 0x4C, 0x5D, 0x19, 0x8A, 0xA9, 0x87, 0xE9, 0xD9, 0x8B, 0x5C, 0xD0, 0x87, 0x2A, 0x00,
    0x8C, 0x2D, 0x5F, 0xCA, 0x27, 0x2A, 0xBF, 0x33, 0xC3, 0x49, 0x04, 0x69, 0x78, 0x5E, 0xE7, 0x32,
    0x47, 0x66, 0x6E, 0xAD, 0x7A, 0xE0, 0x87, 0xB4, 0x02, 0xC1, 0xE4, 0x7A, 0xC7, 0x96, 0xA3, 0x52,
    0x10, 0xC1, 0x12, 0x77, 0xAB, 0x0D, 0x8E, 0x31, 0x11, 0x3A, 0x45, 0x5D, 0xD5, 0x90, 0x87, 0x2A,
    0x00, 0x8C, 0x2D, 0x5F, 0xC9, 0x81, 0x49, 0x8C, 0x7E, 0x6E, 0x83, 0x84, 0x6E, 0x08, 0xC1, 0xA2,
    0x82, 0x08, 0x87, 0xB4, 0x02, 0xC1, 0xE4, 0x7A, 0xC3, 0x2F, 0xC6, 0x20, 0x39, 0xB5, 0x0F, 0x18,
    0x3A, 0xEF, 0x0E, 0x87, 0xC7, 0x02, 0x90, 0x92, 0x1C, 0x84, 0xAD, 0x61, 0x96, 0xA4, 0x02, 0x54,
    0xC6, 0x21, 0x50, 0xC7, 0xE6, 0x92, 0xBA, 0x89, 0x00, 0xE0, 0x00, 0x7C, 0x62, 0x25, 0x9A, 0x77,
    0x02, 0xBC, 0x1D, 0x4C, 0xAA, 0x69, 0xC2, 0xF3, 0x46, 0x71, 0x33, 0x35, 0x24, 0xBC, 0xD2, 0x7F,
    0x60, 0x65, 0xF0, 0x74, 0xA4, 0x86, 0x7B, 0x74, 0xEA, 0x3C, 0x87, 0x2F, 0x00, 0x8A, 0xEE, 0xC4,
    0x05, 0x1D, 0xFC, 0xDE, 0xE4, 0xD7, 0xA8, 0x74, 0x78, 0x33, 0xB5, 0x64, 0x19, 0x64, 0x2A, 0x8F,
    0x4D, 0x3F, 0xEC, 0x69, 0x00, 0x9A, 0x54, 0x7D, 0x2A, 0x26, 0x57, 0x0E, 0x9B, 0x8B, 0xFD, 0x9D,
    0x25, 0x5D, 0x25, 0xA6, 0x58, 0xDD, 0x3F, 0x1F, 0xEF, 0x23, 0xFA, 0xC6, 0x78, 0x63, 0x1F, 0x37,
    0xD9, 0xD0, 0xAE, 0xCD, 0xED, 0x48, 0xEE, 0x26, 0x1A, 0xE5, 0x4D, 0x51, 0x5A, 0xF9, 0xB3, 0x06,
    0x63, 0xE6, 0xBB, 0xE3, 0x77, 0xF8, 0x87, 0xEF, 0x00, 0x60, 0x76, 0xD7, 0x7D, 0x61, 0x50, 0x88,
    0x4E, 0x01, 0x5A, 0xB3, 0x32, 0x68, 0xD0, 0x34, 0x21, 0x27, 0x1D, 0x78, 0xAF, 0xF6, 0x79, 0x96,
    0x5F, 0x1D, 0x51, 0xC0, 0x80, 0x43, 0x00, 0x33, 0x40, 0x82, 0x65, 0x36, 0x39, 0x1C, 0xB0, 0x1E,
    0x31, 0xCB, 0xA0, 0x6A, 0xFC, 0x26, 0xFE, 0xC0, 0x87, 0x85, 0x00, 0x91, 0x09, 0xD9, 0x72, 0xA7,
    0xA2, 0xFD, 0x25, 0xC5, 0x6A, 0x37, 0x80, 0x87, 0xA5, 0x00, 0x87, 0x9F, 0xD1, 0x4F, 0x23, 0x18,
    0x86, 0x17, 0xCC, 0xE1, 0xD8, 0x87, 0x87, 0x00, 0x8E, 0x38, 0x33, 0x5A, 0x21, 0x82, 0x94, 0x4C,
    0xB6, 0x94, 0x55, 0xD8, 0x80, 0x87, 0xA7, 0x00, 0x5C, 0xCB, 0x63, 0xC0, 0xBC, 0xBD, 0xC6, 0x5D,
    0xC9, 0x9C, 0x45, 0x36, 0x70, 0x0D, 0xE0, 0x88, 0xDB, 0x00, 0x8D, 0xE2, 0x4C, 0x6D, 0xB0, 0xD3,
    0xBF, 0x72, 0x02, 0x07, 0xD6, 0xC6, 0x46, 0x96, 0x5D, 0x40, 0x87, 0xB7, 0x00, 0x31, 0xA6, 0x2C,
    0xEB, 0x7B, 0x0C, 0xA2, 0x23, 0xBC, 0x62, 0x0E, 0x61, 0x03, 0xA4, 0x7D, 0x93, 0xE7, 0xEB, 0xAD,
    0x92, 0xE4, 0x5E, 0x4D, 0x81, 0xDF, 0x3A, 0xB7, 0x04, 0x74, 0xC6, 0xB1, 0x71, 0x9A, 0x17, 0xD0,
    0x8F, 0x40, 0x00, 0x9F, 0x6A, 0x44, 0x3C, 0x9E, 0x12, 0xAA, 0xBF, 0xCF, 0x89, 0x99, 0x66, 0x73,
    0x69, 0x03, 0x21, 0x36, 0xEC, 0x50, 0xDB, 0xD9, 0xF2, 0x3A, 0xE0, 0x5E, 0xE0, 0x6C, 0x82, 0x40,
    0xC8, 0x45, 0x23, 0x6D, 0xE3, 0x34, 0xA1, 0xC2, 0xFE, 0xBF, 0x7B, 0x80, 0x87, 0x5E, 0x01, 0x52,
    0xB3, 0x51, 0x86, 0x46, 0x69, 0xF4, 0x80, 0xE9, 0x02, 0x56, 0xD1, 0xAB, 0x2F, 0x3D, 0x00, 0x2F,
    0x39, 0x06, 0x63, 0xC6, 0x10, 0x57, 0xA2, 0x52, 0xB1, 0xD8, 0x00, 0x40, 0xC9, 0xB3, 0x21, 0x0C,
    0x9B, 0x79, 0xF7, 0x24, 0x5B, 0x22, 0xEB, 0xEC, 0xDC, 0x45, 0x0A, 0x58, 0xA8, 0x89, 0xC8, 0x10,
    0xBB, 0xD4, 0x1C, 0x50, 0xEB, 0x44, 0x37, 0x0C, 0xB9, 0x11, 0xE6, 0x74, 0x0F, 0xB1, 0x09, 0x0B,
    0xE0, 0xFA, 0xDE, 0x87, 0xD2, 0x02, 0xCD, 0x48, 0x48, 0x53, 0xA4, 0x1D, 0x1D, 0x02, 0xD3, 0xA4,
    0xAA, 0x20, 0xA8, 0xD8, 0x65, 0xEB, 0x53, 0x8D, 0x09, 0xE6, 0xA3, 0x59, 0x61, 0x90, 0xAA, 0x80,
    0x80, 0x47, 0x02, 0x78, 0x75, 0x10, 0xF3, 0xBA, 0x93, 0xF1, 0x99, 0x7F, 0x1B, 0x08, 0x4A, 0xD8,
    0xA0, 0xBE, 0xB4, 0xEA, 0x4D, 0x4F, 0xCE, 0x73, 0x6E, 0x81, 0x28, 0x02, 0x58, 0x47, 0x42, 0xF5,
    0x4A, 0xD8, 0x50, 0x1D, 0x03, 0xBF, 0xA4, 0x37, 0x76, 0xEE, 0x0A, 0xD6, 0x00, 0x38, 0x94, 0x17,
    0x0C, 0xA3, 0x2B, 0x22, 0x66, 0xAA, 0xFB, 0x8F, 0x31, 0x12, 0xC3, 0x03, 0xD7, 0xDD, 0xCD, 0x62,
    0x63, 0x3E, 0x2A, 0x06, 0x48, 0x7B, 0x34, 0xB9, 0x6A, 0x04, 0xBC, 0xF3, 0x85, 0xFF, 0xA0, 0x63,
    0x3E, 0x2D, 0x8F, 0x6F, 0x01, 0x49, 0xC7, 0xA5, 0x71, 0xFA, 0xD0, 0x98, 0x49, 0x8F, 0x70, 0x01,
    0x98, 0xB0, 0xD8, 0x45, 0x65, 0x66, 0x12, 0x52, 0x80, 0x81, 0x29, 0x02, 0x53, 0xA7, 0x74, 0xCA,
    0xCC, 0xAA, 0x1E, 0x3C, 0xA3, 0x62, 0xD1, 0x5E, 0x91, 0x52, 0x03, 0x80, 0x89, 0xBD, 0x00, 0x47,
    0xD1, 0xCD, 0xFB, 0x3C, 0x91, 0xC4, 0xAE, 0x8E, 0xEC, 0xDA, 0x88, 0x1E, 0x02, 0xA2, 0x06, 0x28,
    0x85, 0xCF, 0x59, 0xD1, 0xE3, 0x92, 0x43, 0x8B, 0xB2, 0x11, 0xA4, 0x9F, 0x62, 0x66, 0x7F, 0xDD,
    0x48, 0x87, 0xBD, 0x00, 0x81, 0x7C, 0xB5, 0x33, 0x2F, 0x1B, 0x1E, 0xE5, 0x51, 0x7D, 0x09, 0x80,
    0x87, 0x97, 0x00, 0x86, 0x70, 0xDB, 0x76, 0xDA, 0xF7, 0x6D, 0xD7, 0x0A, 0x57, 0x15, 0x5B, 0xE1,
    0x87, 0xB7, 0x00, 0x6F, 0xCF, 0x33, 0x1D, 0x93, 0xE2, 0xA6, 0x7E, 0x91, 0xC0, 0x87, 0x83, 0x02,
    0xAB, 0x31, 0xF0, 0x83, 0x1D, 0x78, 0x3B, 0x81, 0x84, 0xC5, 0x87, 0x84, 0x02, 0x65, 0xA9, 0x93,
    0x36, 0xC5, 0xC9, 0xD3, 0x20, 0x81, 0x83, 0x02, 0x56, 0xD1, 0xAD, 0xAC, 0xD4, 0x1E, 0x6E, 0xF3,
    0xD5, 0xCF, 0xB7, 0x09, 0xFB, 0xDD, 0x22, 0x4A, 0x31, 0xC0, 0x80, 0x84, 0x02, 0x42, 0x8A, 0xC2,
    0x50, 0xDC, 0x19, 0x06, 0x1C, 0x4D, 0x00, 0x2E, 0xD7, 0xBA, 0xA8, 0x60, 0x81, 0x3E, 0x02, 0x44,
    0xA4, 0x24, 0xA0, 0xE7, 0xF8, 0x11, 0x5C, 0x40, 0xE4, 0xA8, 0xF9, 0x42, 0x9D, 0x9B, 0x0A, 0x80,
    0x5E, 0x02, 0x28, 0x05, 0xB3, 0x9B, 0x86, 0xCA, 0xD9, 0xA1, 0x23, 0x5B, 0x1D, 0xEA, 0xEF, 0xA0,
    0x81, 0x34, 0x02, 0x41, 0x6A, 0xE0, 0x58, 0x38, 0xBE, 0xDD, 0x97, 0xA8, 0x03, 0x1D, 0xB8, 0xC7,
    0x84, 0x8A, 0xBE, 0x00, 0x47, 0xCA, 0x66, 0x20, 0xCA, 0xBA, 0x75, 0x41, 0xE1, 0x94, 0x75, 0xAB,
    0x68, 0xC0, 0x87, 0x1F, 0x02, 0xD6, 0x4F, 0xEA, 0xEA, 0x15, 0xA0, 0x4D, 0x3F, 0x7A, 0x23, 0x25,
    0xB4, 0x13, 0xB0, 0x4B, 0x91, 0xC3, 0x88, 0x87, 0xC0, 0x00, 0x80, 0x91, 0xEC, 0xD4, 0x68, 0x03,
    0x19, 0x49, 0x8B, 0xC3, 0x9A, 0x75, 0x86, 0x01, 0x03, 0x60, 0x1B, 0x89, 0xD2, 0x90, 0xFB, 0xD1,
    0x0A, 0x53, 0x9E, 0x37, 0x22, 0x95, 0xBF, 0xF5, 0xFB, 0xF8, 0xC7, 0x07, 0xFD, 0x50, 0x00, 0x67,
    0x7C, 0x2A, 0xBF, 0xE1, 0x27, 0x98, 0x06, 0xBE, 0x3A, 0x9C, 0x24, 0x62, 0x33, 0xF9, 0x31, 0x3B,
    0x01, 0x93, 0x9E, 0x03, 0xF9, 0x6A, 0x22, 0x8B, 0x23, 0x22, 0x07, 0x47, 0xB9, 0x20, 0xA5, 0x63,
    0x52, 0xBB, 0xFF, 0x22, 0x1D, 0xE9, 0xBB, 0x01, 0x19, 0x93, 0x80, 0x38, 0x02, 0x4F, 0x7F, 0xBA,
    0xCF, 0xE5, 0x90, 0xF6, 0x64, 0x7C, 0x42, 0xF3, 0x5B, 0xED, 0xF6, 0x1D, 0xB9, 0x72, 0x0B, 0x08,
    0x4E, 0x56, 0x75, 0x2A, 0xAC, 0x70, 0x8B, 0xDD, 0xD9, 0x53, 0x83, 0x2B, 0x5A, 0x12, 0xFF, 0xBA,
    0x58, 0x80, 0x58, 0x02, 0x38, 0x98, 0xFC, 0xF7, 0x7B, 0xB0, 0xEE, 0xC7, 0x87, 0xDA, 0x1A, 0x2D,
    0xA0, 0x87, 0x28, 0x00, 0x49, 0x33, 0xA2, 0x35, 0xDE, 0xA8, 0xF5, 0xCE, 0xB5, 0xBB, 0xAC, 0x6C,
    0x4B, 0x78, 0x0A, 0x13, 0x10, 0x8F, 0xFF, 0x00, 0xEE, 0x79, 0xDD, 0x5D, 0x4A, 0x46, 0x7D, 0x68,
    0xD1, 0xF1, 0x71, 0x00, 0x7D, 0x40, 0x00, 0x6E, 0x7D, 0x12, 0x26, 0x50, 0x4B, 0xF9, 0xE1, 0xED,
    0x39, 0xEF, 0x08, 0x8F, 0x71, 0x48, 0xC3, 0x9A, 0x8B, 0x98, 0x55, 0x74, 0x94, 0xBD, 0xA9, 0xAF,
    0xCC, 0xE6, 0x6C, 0xF6, 0x9B, 0x0E, 0x22, 0xB7, 0x11, 0x41, 0xC1, 0x22, 0x91, 0xDF, 0x6E, 0x17,
    0xC2, 0xDE, 0x10, 0xE3, 0xF2, 0x2C, 0xFB, 0xC7, 0x03, 0x70, 0x80, 0x5C, 0x02, 0x5B, 0x9D, 0x82,
    0x42, 0xA7, 0x1D, 0x51, 0xAD, 0x9D, 0xC2, 0x7E, 0xDF, 0x8B, 0xE2, 0x58, 0xE4, 0xE0, 0x00, 0x28,
    0x04, 0x5D, 0x10, 0x93, 0x86, 0xC3, 0x2B, 0x15, 0xD6, 0x15, 0x51, 0x8D, 0x04, 0x6B, 0x08, 0xA1,
    0xA2, 0xE4, 0x6A, 0xE5, 0x73, 0xFC, 0x6B, 0x92, 0x8B, 0x4D, 0xD0, 0x8F, 0xE2, 0x18, 0x00, 0x89,
    0x12, 0x3A, 0x69, 0x91, 0xCD, 0x27, 0xC2, 0x63, 0x3B, 0x2C, 0xB5, 0x24, 0xAD, 0xAE, 0x48, 0x35,
    0xF3, 0x15, 0x42, 0xB9, 0xA0, 0x08, 0x0F, 0xD4, 0xD2, 0x59, 0x30, 0x87, 0xC3, 0x02, 0x8B, 0xE1,
    0x47, 0xF4, 0xF9, 0xA1, 0x89, 0x32, 0x19, 0x10, 0x34, 0xE3, 0x00, 0x5B, 0x13, 0x1B, 0x7A, 0x16,
    0x6E, 0x06, 0x87, 0x5A, 0x00, 0xC4, 0x6D, 0x08, 0x85, 0x8B, 0xC3, 0xA2, 0x41, 0x21, 0xA5, 0xDE,
    0x91, 0x74, 0x40, 0x79, 0xBE, 0xBE, 0xC4, 0x80, 0x87, 0x3A, 0x00, 0x8B, 0xE1, 0x47, 0xF9, 0x5E,
    0xAC, 0xE5, 0xED, 0xFA, 0xD5, 0x76, 0x13, 0xBD, 0x6B, 0x8D, 0x10, 0xF0, 0xE3, 0x28, 0x87, 0x5A,
    0x00, 0xC4, 0x6D, 0x0A, 0xA3, 0x43, 0xB9, 0x28, 0x28, 0xF1, 0xEE, 0xCD, 0x10, 0x30, 0x09, 0x1F,
    0x15, 0xD0, 0x87, 0x23, 0x00, 0xA2, 0x67, 0xBD, 0x7E, 0x3A, 0x75, 0x03, 0x5C, 0x32, 0x0A, 0xB6,
    0xBD, 0xDE, 0x34, 0x87, 0x43, 0x00, 0x66, 0x3B, 0x11, 0xC0, 0xEE, 0xC1, 0xA6, 0x52, 0x84, 0xAD,
    0x49, 0x40, 0x94, 0x40, 0x88, 0x86, 0x00, 0xCB, 0x85, 0xBE, 0x09, 0x0B, 0x56, 0x9B, 0x9A, 0xC0,
    0x4D, 0x27, 0xEB, 0xDA, 0x04, 0xC9, 0x9F, 0x63, 0x20, 0x84, 0x84, 0x01, 0x58, 0xC4, 0xB7, 0xAF,
    0x95, 0x32, 0xB3, 0x2F, 0xCF, 0xB9, 0x0D, 0xE7, 0xE3, 0x57, 0xDF, 0x1D, 0xB4, 0x80, 0x00, 0xD9,
    0x6B, 0x94, 0xA6, 0xEC, 0xE1, 0x83, 0xAC, 0x89, 0x82, 0x10, 0xBB, 0xC9, 0x01, 0xB7, 0x89, 0x30,
    0x65, 0x21, 0xA5, 0xE5, 0xD2, 0x25, 0x73, 0xC0, 0xC3, 0x84, 0x06, 0xD1, 0x08, 0xAB, 0x51, 0xDC,
    0x63, 0x38, 0x98, 0x5A, 0xC0, 0xFC, 0xEF, 0x24, 0x03, 0x9B, 0x59, 0x76, 0xD2, 0xCA, 0x21, 0xB6,
    0xD7, 0xF8, 0x85, 0xD2, 0x00, 0x89, 0x1E, 0x80, 0xC2, 0x55, 0xCF, 0xC8, 0x31, 0x50, 0xEF, 0xA8,
    0xB5, 0x2D, 0xEA, 0xDB, 0xD3, 0xAF, 0x3B, 0x13, 0x93, 0x50, 0xA5, 0x80, 0x1D, 0x91, 0xB9, 0x55,
    0x7D, 0x0D, 0xF2, 0x10, 0x85, 0x81, 0x00, 0xAB, 0xDE, 0x4C, 0xB4, 0x3A, 0x76, 0x0D, 0x88, 0xD2,
    0x11, 0x6B, 0x7D, 0x2C, 0xEB, 0xE1, 0xC7, 0xB3, 0xBC, 0xB2, 0xCF, 0x48, 0x84, 0x84, 0x01, 0x17,
    0x99, 0xC2, 0x8B, 0x4B, 0x3E, 0x25, 0xDB, 0x40, 0x96, 0x94, 0x75, 0x76, 0x08, 0x80, 0x88, 0x11,
    0x8E, 0x3B, 0xD2, 0x00, 0x95, 0x04, 0x93, 0x41, 0x82, 0x0E, 0x8C, 0x7F, 0x56, 0x01, 0x77, 0x8C,
    0x34, 0xA0, 0x84, 0xF8, 0xF5, 0x20, 0xED, 0x8A, 0x9E, 0x91, 0x12, 0x99, 0x50, 0x47, 0x38, 0x72,
    0xAE, 0x98, 0x82, 0xE2, 0x3D, 0xC3, 0xC4, 0xB6, 0xA4, 0x1C, 0x9C, 0x7F, 0x4B, 0x9C, 0xF1, 0x43,
    0x6D, 0xDB, 0x1B, 0x43, 0xAB, 0x23, 0x53, 0xB0, 0x6A, 0x83, 0x46, 0x00, 0xC3, 0x25, 0x1B, 0xDF,
    0x20, 0xFF, 0x8E, 0x17, 0x9D, 0xD7, 0x28, 0xBE, 0x9E, 0xA3, 0x40, 0x33, 0x00, 0x21, 0x8D, 0x3E,
    0x29, 0x39, 0x46, 0xEA, 0xDB, 0x03, 0x05, 0x9C, 0x27, 0x37, 0xF8, 0x00, 0x6F, 0x1D, 0xD3, 0x33,
    0x9E, 0x63, 0xE1, 0x03, 0x37, 0xA4, 0x67, 0x46, 0xFB, 0xDF, 0xF5, 0x5B, 0x52, 0x2E, 0x96, 0x33,
    0xFE, 0xF5, 0xEA, 0x66, 0xB7, 0xD1, 0x80, 0x58, 0x68, 0x86, 0xC6, 0x34, 0xCE, 0x47, 0x56, 0x6D,
    0x2D, 0xCD, 0x98, 0xB5, 0x91, 0x88, 0x66, 0xA1, 0x05, 0xEF, 0x30, 0x2C, 0x28, 0x2D, 0x09, 0x99,
    0xA2, 0xB2, 0x3C, 0x5B, 0x40, 0x00, 0xA0, 0xC1, 0x54, 0x6C, 0x41, 0x28, 0xFD, 0xBE, 0x1E, 0x45,
    0x64, 0x54, 0x6B, 0x90, 0x0A, 0x25, 0x65, 0x11, 0xF0, 0x80, 0x6F, 0x9B, 0xFE, 0x8C, 0x61, 0xD4,
    0x1C, 0x5D, 0x58, 0x45, 0x59, 0x63, 0x4A, 0x12, 0x33, 0x92, 0xD9, 0xE0, 0x10, 0xF9, 0x7F, 0x13,
    0x52, 0xA9, 0x25, 0x32, 0x07, 0xDB, 0xAD, 0xF6, 0x22, 0x68, 0x87, 0x83, 0x00, 0xA7, 0x05, 0x6D,
    0xBA, 0x84, 0xC6, 0x39, 0x77, 0xF0, 0x38, 0x73, 0x82, 0x1E, 0x99, 0x92, 0x38, 0x02, 0x86, 0x84,
    0x01, 0x52, 0xFA, 0x74, 0x1B, 0xB9, 0x70, 0xCC, 0xE7, 0xCD, 0xCE, 0x48, 0xF3, 0x35, 0x4A, 0x54,
    0xEB, 0x01, 0x74, 0xC7, 0x37, 0x30, 0x83, 0xC3, 0x00, 0x89, 0x24, 0x8E, 0x47, 0xDE, 0x37, 0x39,
    0x9D, 0x96, 0x30, 0x14, 0x70, 0xDB, 0xFD, 0xC9, 0x61, 0x0E, 0x34, 0xDE, 0x83, 0xE2, 0x02, 0x75,
    0xD3, 0x65, 0x2F, 0x90, 0x38, 0x6C, 0x7C, 0x9B, 0x94, 0xD5, 0xB4, 0x9E, 0xF4, 0x3A, 0xB2, 0x7E,
    0x8E, 0x9A, 0xB4, 0x99, 0x31, 0x83, 0xC3, 0x00, 0x76, 0xAD, 0x86, 0x5A, 0x97, 0x2C, 0x26, 0xCB,
    0xA5, 0xCD, 0x1E, 0x22, 0x86, 0x85, 0x97, 0xA9, 0xEE, 0xE2, 0x58, 0x80, 0x83, 0xE2, 0x02, 0x49,
    0xB0, 0x4D, 0x0F, 0x04, 0xDE, 0xF7, 0x5F, 0xC1, 0x4D, 0xF3, 0x28, 0x09, 0xDA, 0x18, 0x5A, 0xD4,
    0xE9, 0x55, 0xE4, 0x2C, 0x82, 0xC3, 0x00, 0x81, 0x44, 0xF8, 0xB8, 0xDE, 0x37, 0xC1, 0xF7, 0x7E,
    0x10, 0xF6, 0xB8, 0x77, 0x3E, 0x75, 0x60, 0x7C, 0xBE, 0x69, 0x6B, 0x7A, 0xC0, 0x82, 0xA5, 0x00,
    0x59, 0xA9, 0x10, 0xE3, 0xC3, 0xF8, 0x3A, 0x82, 0xAA, 0x69, 0xB6, 0x97, 0xD2, 0x1B, 0xF3, 0xDE,
    0x6B, 0xBC, 0xBE, 0x4F, 0xE0, 0x31, 0x00, 0x9C, 0xFC, 0x87, 0x1B, 0x03, 0xA2, 0xCE, 0xBB, 0x20,
    0x52, 0xC8, 0xF1, 0x78, 0x7A, 0x03, 0x76, 0x12, 0x73, 0xD0, 0x15, 0xA3, 0x4C, 0x2F, 0xC6, 0x33,
    0x30, 0xF9, 0xDC, 0xBD, 0x46, 0xB6, 0x80, 0x87, 0x1C, 0x03, 0xA8, 0xFE, 0xC2, 0x9A, 0xB9, 0xF1,
    0x6D, 0x74, 0x78, 0xB4, 0x39, 0x10, 0xE8, 0x5C, 0x39, 0xD9, 0x97, 0x7B, 0xA1, 0x63, 0x08, 0xFA,
    0x38, 0xD8, 0x80, 0x87, 0xC3, 0x00, 0x9B, 0x9D, 0x80, 0xAB, 0xBF, 0x49, 0x3A, 0x57, 0x8A, 0x7E,
    0x4D, 0x3C, 0x88, 0x9B, 0xDF, 0x5E, 0x20, 0x80, 0x80, 0x12, 0x03, 0x34, 0xE0, 0x39, 0xA1, 0x90,
    0xD9, 0x26, 0x60, 0xE1, 0x87, 0xED, 0x9A, 0x3F, 0x7F, 0x98, 0x63, 0x54, 0xED, 0xB5, 0x87, 0x27,
    0x00, 0x49, 0x33, 0x94, 0xE3, 0x6E, 0x4B, 0x72, 0x8A, 0x69, 0xD6, 0x33, 0x02, 0xC0, 0x87, 0x47,
    0x00, 0x57, 0x7B, 0x27, 0x1C, 0x46, 0x70, 0xBC, 0x5E, 0x29, 0x3D, 0x8C, 0x30, 0x40, 0x85, 0xD7,
    0x00, 0x56, 0xA1, 0x23, 0xF9, 0x26, 0x53, 0xA5, 0x2B, 0xDA, 0xCC, 0x09, 0x6A, 0x8E, 0x2F, 0xAC,
    0x70, 0x85, 0xA9, 0x00, 0x4E, 0xE0, 0xC8, 0x35, 0x1D, 0x7F, 0x16, 0x50, 0xB3, 0xAD, 0x5A, 0xA6,
    0x4B, 0x97, 0x0E, 0x58, 0x14, 0x1F, 0x80, 0x87, 0xE7, 0x02, 0xAA, 0x4A, 0x31, 0x0F, 0xA2, 0x6B,
    0x6B, 0x27, 0x90, 0x34, 0x5D, 0x68, 0x73, 0x15, 0x85, 0xD6, 0xA0, 0x53, 0x40, 0x87, 0xB6, 0x00,
    0x56, 0x24, 0x7B, 0x28, 0xD3, 0xD7, 0xA2, 0x47, 0x46, 0x70, 0xDE, 0xCD, 0x7B, 0xB7, 0xF2, 0xDA,
    0xBA, 0xCF, 0xDF, 0x77, 0x9F, 0xC2, 0xAD, 0xA8, 0xBE, 0xEB, 0x69, 0xB8, 0x04, 0x83, 0x77, 0xF1,
    0x4D, 0xBE, 0x38, 0x3C, 0x6B, 0x00, 0xCC, 0xA5, 0xA5, 0x36, 0x87, 0x5F, 0x99, 0x69, 0x08, 0x06,
    0x4B, 0xB8, 0x3F, 0x8A, 0x33, 0xDE, 0xE6, 0xF2, 0xDC, 0xB5, 0x3F, 0x18, 0xD1, 0x42, 0x9C, 0xFC,
    0xC3, 0x5B, 0xB7, 0x34, 0xDB, 0xC2, 0xB8, 0xDC, 0xBA, 0xBE, 0x57, 0xEE, 0xEC, 0x80, 0x00, 0x87,
    0x70, 0x09, 0x51, 0xEF, 0x44, 0x4A, 0xF0, 0x89, 0x15, 0xFD, 0x24, 0x97, 0x8A, 0x99, 0xED, 0xF1,
    0x29, 0x8F, 0xF4, 0x62, 0x07, 0x46, 0x9F, 0x13, 0xFD, 0xBC, 0xF2, 0x8B, 0x5F, 0x81, 0x0F, 0x8C,
    0x0B, 0xB6, 0xDA, 0x5F, 0x2E, 0x81, 0x26, 0xF1, 0x70, 0x24, 0x6C, 0x85, 0x89, 0x00, 0x8E, 0xE0,
    0x27, 0x7A, 0xFE, 0x6E, 0x4C, 0x55, 0x88, 0xCE, 0x92, 0x36, 0x63, 0x4B, 0x71, 0x62, 0x45, 0xA9,
    0x6F, 0x40, 0x85, 0xAB, 0x00, 0x12, 0xF3, 0x52, 0x2A, 0xAD, 0xEB, 0x40, 0x37, 0x80, 0xBF, 0x4E,
    0x06, 0x98, 0x3B, 0x85, 0xB7, 0x0A, 0x80, 0x84, 0xCF, 0x00, 0x85, 0x69, 0x37, 0x96, 0x82, 0xF0,
    0x33, 0x96, 0x02, 0x72, 0xDA, 0x5F, 0xFA, 0x3F, 0x98, 0xEF, 0xF1, 0xFF, 0x96, 0x2C, 0x67, 0x3B,
    0xE1, 0x54, 0x95, 0xBE, 0x30, 0x9E, 0x55, 0xAA, 0x7B, 0x89, 0xE0, 0x9F, 0xE2, 0x5E, 0xB0, 0x0B,
    0xEB, 0x40, 0x00, 0xBC, 0x96, 0x3A, 0x64, 0x1E, 0xD8, 0xD6, 0xCF, 0x3E, 0x07, 0x37, 0x11, 0x60,
    0x84, 0xC2, 0x35, 0xDA, 0x55, 0xA1, 0xD6, 0x73, 0xFE, 0x51, 0xD5, 0x8F, 0xB9, 0xF0, 0x0C, 0xE3,
    0x88, 0x46, 0xE9, 0x72, 0x0E, 0x39, 0x1D, 0x38, 0xB5, 0x3A, 0x9B, 0x29, 0x39, 0xFE, 0xE6, 0x14,
    0xC4, 0xE1, 0x00, 0x4A, 0xBE, 0x5F, 0xE6, 0xB7, 0x26, 0x85, 0xCE, 0x25, 0x8D, 0x08, 0xD0, 0x5F,
    0xD8, 0x75, 0xA7, 0xBB, 0x2B, 0x78, 0x89, 0x9A, 0x75, 0x52, 0x06, 0x18, 0xCF, 0xB7, 0xA4, 0xF4,
    0x9F, 0x71, 0x63, 0x4D, 0x65, 0xD0, 0xB9, 0xDA, 0x4F, 0x10, 0xD1, 0x2E, 0xD4, 0x48, 0x70, 0x2D,
    0x00, 0x9C, 0xE9, 0xD7, 0x27, 0x82, 0xEC, 0x43, 0xAC, 0x6B, 0x21, 0xDE, 0x6E, 0x10, 0xA1, 0x04,
    0xAB, 0x63, 0x75, 0xA5, 0xD1, 0x21, 0x0B, 0xC0, 0x96, 0x7E, 0x11, 0xB7, 0x42, 0xB0, 0x32, 0x4B,
    0x52, 0xAA, 0x96, 0x45, 0x04, 0x4F, 0x22, 0xBE, 0x10, 0x48, 0x23, 0xCC, 0xC7, 0x28, 0xB1, 0x76,
    0xEC, 0xD9, 0x80, 0x87, 0x8B, 0x00, 0x8B, 0x8E, 0x37, 0xC8, 0x40, 0x94, 0xEC, 0x42, 0xBE, 0xDE,
    0x76, 0x74, 0x15, 0x36, 0xDB, 0xB0, 0x87, 0xAB, 0x00, 0x85, 0x33, 0x46, 0x21, 0xDE, 0xFA, 0x82,
    0x74, 0xA8, 0xF6, 0xA7, 0x69, 0x33, 0xC7, 0x31, 0x80, 0x85, 0xF1, 0x00, 0x49, 0xCC, 0x40, 0x11,
    0x07, 0xF3, 0x35, 0x06, 0x65, 0x7D, 0xB6, 0x7A, 0x50, 0xF8, 0x3A, 0x80, 0x85, 0xAF, 0x00, 0x28,
    0xEC, 0x82, 0x08, 0x07, 0xF6, 0xD8, 0x38, 0x78, 0x7E, 0xAA, 0x73, 0x05, 0xF3, 0xFB, 0x20, 0x87,
    0x2B, 0x00, 0x60, 0x76, 0xD7, 0x30, 0x49, 0x3B, 0x66, 0xC8, 0x3C, 0xBD, 0xDD, 0x08, 0x00, 0x49,
    0x02, 0xC9, 0x76, 0x0F, 0x11, 0x9F, 0xB1, 0x72, 0xE0, 0xA4, 0xF7, 0x55, 0xFC, 0x34, 0x1E, 0xCB,
    0x38, 0x69, 0x28, 0x87, 0x31, 0x00, 0xAB, 0x31, 0xEF, 0xD0, 0x92, 0xD4, 0x46, 0xDC, 0xF2, 0x69,
    0x34, 0x2A, 0xB6, 0x2F, 0x10, 0x87, 0x51, 0x00, 0x65, 0xE2, 0x1C, 0x35, 0x1C, 0x18, 0x35, 0x0E,
    0x2A, 0x55, 0x88, 0xC1, 0x86, 0x94, 0x00, 0x69, 0x40, 0xB8, 0xB4, 0xE7, 0x58, 0xF0, 0xE8, 0x67,
    0xF4, 0x23, 0xF8, 0xD5, 0x86, 0x3F, 0xBA, 0x90, 0xDB, 0x2E, 0x85, 0xB4, 0x00, 0x4F, 0xAE, 0x64,
    0x69, 0x7D, 0x49, 0xE0, 0xB2, 0xD7, 0x3B, 0x5B, 0xFC, 0xB7, 0xDB, 0xD3, 0x15, 0x40, 0x00, 0xD6,
    0xB8, 0xFD, 0x3F, 0xC6, 0x02, 0x6A, 0xEE, 0x73, 0xE2, 0xB3, 0x67, 0x30, 0x34, 0xC5, 0x8A, 0xCB,
    0x4F, 0xD2, 0x92, 0x09, 0x06, 0xFD, 0xDD, 0x70, 0xB8, 0x70, 0xDE, 0x33, 0xB0, 0x8F, 0xBF, 0x3B,
    0xC5, 0x36, 0x81, 0xDF, 0x5E, 0x5B, 0x76, 0xC8, 0xA7, 0x23, 0xB2, 0xF2, 0x66, 0xA8, 0xA3, 0x01,
    0xBC, 0x58, 0x8C, 0x1A, 0x88, 0x87, 0x30, 0x03, 0xA8, 0xF1, 0xF0, 0x81, 0x2A, 0x51, 0x75, 0x20,
    0x86, 0x21, 0x97, 0x24, 0x2B, 0x98, 0xBC, 0xD9, 0x62, 0x89, 0x0F, 0x92, 0xF6, 0x2F, 0xA9, 0xFD,
    0xF0, 0x3E, 0x81, 0xA5, 0x31, 0x8F, 0x96, 0x64, 0x23, 0x1E, 0x24, 0xC6, 0x53, 0xD2, 0x91, 0xE5,
    0xC0, 0x84, 0x8F, 0x01, 0xA4, 0x19, 0x4E, 0xA7, 0x7C, 0x72, 0x20, 0xF4, 0xC8, 0xC8, 0xBC, 0x3F,
    0x0F, 0xC8, 0x82, 0xA8, 0xB8, 0x82, 0x35, 0x08, 0x84, 0xB7, 0x00, 0x12, 0x29, 0xA6, 0x7F, 0x8C,
    0xF8, 0xE3, 0x36, 0x44, 0xDA, 0x07, 0x8B, 0x94, 0x7D, 0x91, 0x38, 0x63, 0x2D, 0x60, 0x84, 0x11,
    0x01, 0x8D, 0xCF, 0x22, 0x52, 0x13, 0xD7, 0xEB, 0x53, 0xDA, 0xD8, 0x5E, 0x44, 0x5C, 0x24, 0x8E,
    0x2D, 0x7D, 0xA0, 0xA4, 0x13, 0xBD, 0x26, 0xC2, 0xE3, 0x6A, 0x20, 0x83, 0x12, 0x01, 0xC0, 0x30,
    0xDC, 0x93, 0x6F, 0xD7, 0x6C, 0xEA, 0x10, 0x23, 0xC3, 0x2F, 0x75, 0xC9, 0x41, 0xBD, 0x03, 0xA6,
    0xC2, 0x2B, 0x80, 0x70, 0xD3, 0x9C, 0x29, 0xC5, 0xE0, 0x82, 0x8F, 0x01, 0x64, 0x77, 0x88, 0xC0,
    0xE1, 0x9F, 0x41, 0x31, 0x90, 0x1A, 0xE0, 0xA6, 0x30, 0x18, 0x57, 0x10, 0xE7, 0x51, 0x98, 0x53,
    0x6D, 0xD4, 0x4F, 0x32, 0x6C, 0x22, 0xE0, 0x82, 0x80, 0x01, 0x9C, 0xE8, 0xF7, 0xB1, 0xD1, 0x0C,
    0x12, 0xD4, 0xDE, 0xA6, 0x7C, 0x95, 0xC3, 0x98, 0xAD, 0x5D, 0x6A, 0x21, 0x46, 0x47, 0x3A, 0x1A,
    0x7E, 0x1E, 0x0E, 0x26, 0x01, 0xE9, 0x46, 0x4D, 0x7C, 0xB9, 0x90, 0x56, 0xFC, 0xC1, 0xB5, 0x8C,
    0x57, 0x4D, 0x0F, 0xC8, 0x86, 0x8F, 0x01, 0x69, 0x8A, 0x26, 0x1A, 0xE4, 0xC5, 0x6E, 0x48, 0xBB,
    0xEF, 0x93, 0xC4, 0x41, 0x35, 0xFD, 0x10, 0x6B, 0x38, 0xB1, 0x52, 0xFD, 0xB3, 0x78, 0x86, 0x90,
    0x01, 0x4D, 0x0D, 0x3D, 0x78, 0xA0, 0x1A, 0xEF, 0x89, 0x89, 0x4E, 0x7D, 0x7C, 0xC5, 0x52, 0xAD,
    0x75, 0x59, 0xE0, 0x20, 0x36, 0x80, 0x41, 0x01, 0x79, 0xB9, 0xA3, 0x37, 0xD6, 0x4F, 0x71, 0xC3,
    0xA1, 0x9A, 0x3C, 0xC0, 0xE2, 0x57, 0x2E, 0xF0, 0x82, 0x42, 0x01, 0x64, 0x5B, 0x3C, 0x6D, 0x44,
    0x6F, 0xC7, 0x50, 0x6E, 0xE6, 0x81, 0x5E, 0x8D, 0x80, 0x41, 0x01, 0x49, 0xBB, 0x66, 0xF0, 0x70,
    0x79, 0x1A, 0xC3, 0xEF, 0x55, 0x9B, 0xB6, 0x89, 0x1C, 0x3B, 0x30, 0x82, 0x42, 0x01, 0x3A, 0x0D,
    0x92, 0xC2, 0x28, 0x4A, 0xDD, 0x07, 0x67, 0xEB, 0x02, 0xF7, 0x67, 0x80, 0x86, 0x4B, 0x03, 0x5F,
    0xC9, 0x77, 0xA3, 0x3F, 0x24, 0x18, 0x9F, 0x36, 0xA1, 0x25, 0x14, 0x00, 0x71, 0x23, 0x1B, 0x0F,
    0x0A, 0x7F, 0x42, 0x16, 0x80, 0x42, 0x01, 0x4A, 0x5F, 0x76, 0x58, 0xC5, 0x77, 0xD1, 0xE7, 0x61,
    0x53, 0x1E, 0x88, 0xA4, 0xE2, 0xBF, 0x6D, 0x60, 0x81, 0x41, 0x01, 0x4A, 0x36, 0xF2, 0x52, 0x0F,
    0x1F, 0xD0, 0xE1, 0xBD, 0x84, 0xA1, 0x41, 0x29, 0x10, 0xF3, 0x4A, 0x6F, 0x9B, 0xAE, 0x05, 0x0B,
    0x50, 0x83, 0x42, 0x01, 0x38, 0xEF, 0xA9, 0x25, 0xD3, 0x99, 0x24, 0x21, 0x16, 0x22, 0x0F, 0x28,
    0x7D, 0xCB, 0xA8, 0xF7, 0x59, 0x66, 0xD6, 0x3C, 0x87, 0x41, 0x01, 0xB9, 0x98, 0x2E, 0x6F, 0xD4,
    0xEA, 0x44, 0xA5, 0x9D, 0x18, 0x9B, 0x15, 0x31, 0x01, 0xD2, 0xDD, 0x70, 0x87, 0x42, 0x01, 0xD7,
    0xE8, 0x94, 0x69, 0x03, 0x24, 0xF8, 0xAE, 0x48, 0x69, 0x9E, 0x3D, 0x54, 0x7C, 0x40, 0x87, 0x37,
    0x00, 0x8F, 0x53, 0xA5, 0x14, 0x7E, 0xB7, 0xC9, 0xDA, 0xD5, 0xC5, 0xF2, 0x9B, 0xC0, 0xD4, 0x87,
    0x57, 0x00, 0xBA, 0x8E, 0x9A, 0xC9, 0x9E, 0x00, 0xC1, 0xE4, 0x6E, 0x20, 0x06, 0x50, 0x20, 0x86,
    0x9B, 0x00, 0x62, 0x67, 0x02, 0xE7, 0x4E, 0x37, 0xDC, 0x9F, 0x26, 0xBF, 0x75, 0xCE, 0xF3, 0x96,
    0x9B, 0xC0, 0xBD, 0x85, 0xBB, 0x00, 0x50, 0x9F, 0x99, 0xD7, 0x77, 0xB7, 0x22, 0x30, 0x8A, 0xBA,
    0xD5, 0x6F, 0x1D, 0x29, 0x0A, 0xA0, 0x0C, 0xC0, 0x80, 0x43, 0x01, 0x79, 0xBC, 0x2B, 0x58, 0x31,
    0x88, 0x78, 0x0B, 0x7E, 0x8D, 0x35, 0xF6, 0x6D, 0x19, 0x2E, 0x7D, 0x82, 0x44, 0x01, 0x60, 0x7A,
    0xB0, 0x98, 0xAC, 0xFC, 0xE7, 0x84, 0x2D, 0xE0, 0x01, 0x0C, 0xBB, 0x85, 0x75, 0x80, 0x43, 0x01,
    0x49, 0xBC, 0xE3, 0x24, 0x59, 0xF5, 0x36, 0xBC, 0x21, 0x97, 0x95, 0xEA, 0x0D, 0xEC, 0xD7, 0x87,
    0x46, 0x82, 0x44, 0x01, 0x27, 0x4E, 0xE2, 0x76, 0x77, 0x0B, 0x02, 0x94, 0xB7, 0x2D, 0xD3, 0x44,
    0xFC, 0xCA, 0xF4, 0x86, 0x59, 0x03, 0x58, 0x32, 0x11, 0x96, 0x78, 0xA1, 0x7C, 0x3F, 0x52, 0x14,
    0xFB, 0xBD, 0x45, 0x62, 0xDE, 0x43, 0xC3, 0x7D, 0x9C, 0x5B, 0x70, 0x80, 0x44, 0x01, 0x44, 0x9C,
    0xDB, 0xA2, 0x87, 0x13, 0xCA, 0x24, 0xB0, 0x84, 0xC1, 0x3D, 0x48, 0xC6, 0x32, 0x39, 0x09, 0xA1,
    0x59, 0x40, 0x81, 0x43, 0x01, 0x4A, 0x37, 0x08, 0x09, 0x27, 0xE2, 0x04, 0xF7, 0x29, 0x99, 0x7A,
    0x4D, 0x8D, 0x8D, 0x45, 0x11, 0x90, 0x9C, 0x69, 0xE1, 0x5F, 0x15, 0x20, 0x83, 0x44, 0x01, 0x32,
    0x81, 0xFA, 0x64, 0x77, 0x28, 0xAB, 0xCF, 0xE2, 0xE8, 0x9F, 0x96, 0x20, 0x4C, 0x0F, 0x30, 0xE1,
    0x00, 0xE2, 0x0F, 0xED, 0x29, 0x87, 0x43, 0x01, 0xB9, 0x17, 0xCA, 0xD6, 0x63, 0x35, 0x27, 0x69,
    0xEE, 0x9D, 0x56, 0x65, 0x88, 0xE9, 0x26, 0x5E, 0x41, 0x20, 0x87, 0x44, 0x01, 0xDD, 0xE9, 0xBC,
    0x49, 0x31, 0xDC, 0x87, 0x38, 0x38, 0x24, 0x7C, 0xD4, 0xA4, 0x98, 0xE3, 0x2C, 0x87, 0x9E, 0x00,
    0x36, 0x64, 0xC3, 0x0E, 0x9C, 0x81, 0xB2, 0x6A, 0xB8, 0x1A, 0x4B, 0x27, 0x8C, 0xD6, 0x87, 0xBE,
    0x00, 0x54, 0xDF, 0xD1, 0x9F, 0x56, 0xFA, 0xC2, 0x72, 0x15, 0x23, 0x2A, 0x32, 0x0F, 0xCB, 0x70,
    0x87, 0x3B, 0x00, 0x60, 0xFB, 0xE3, 0x9F, 0x25, 0xAB, 0xD2, 0x71, 0x54, 0xCB, 0xFD, 0x3C, 0x90,
    0x40, 0x87, 0x5B, 0x00, 0xB2, 0x58, 0x46, 0xF8, 0x40, 0x0E, 0x27, 0x2F, 0xBC, 0x42, 0x29, 0xA9,
    0x3E, 0x69, 0x86, 0x9E, 0x00, 0x3C, 0xA0, 0xE0, 0x87, 0x9A, 0x30, 0xC9, 0x80, 0x7E, 0xA8, 0x8B,
    0x42, 0x80, 0x16, 0xD9, 0xAA, 0x4B, 0x85, 0xBE, 0x00, 0x64, 0x05, 0x5F, 0x84, 0x72, 0xF5, 0x9C,
    0xAA, 0x8B, 0x99, 0xD2, 0x83, 0xD3, 0xDC, 0x60, 0xEF, 0x72, 0x13, 0x80, 0x88, 0x9E, 0x00, 0x36,
    0x0B, 0xF0, 0x64, 0xBA, 0x3E, 0xA5, 0x1B, 0xBC, 0x19, 0xB7, 0xBC, 0x54, 0x09, 0x9F, 0xD1, 0x90,
    0x38, 0xF0, 0x6C, 0x80, 0x5B, 0x00, 0x55, 0x21, 0xFE, 0x22, 0x61, 0xEC, 0x4F, 0x7C, 0x25, 0x91,
    0xDB, 0x20, 0xAB, 0x0B, 0xAC, 0xB2, 0x87, 0xBD, 0x7C, 0x6E, 0x30, 0x00, 0x24, 0xE3, 0xE5, 0x3B,
    0x28, 0x06, 0xCB, 0x3B, 0xD6, 0xC7, 0xDE, 0x59, 0xDE, 0x8B, 0xF7, 0x00, 0x18, 0x65, 0x68, 0xFE,
    0x8E, 0xA4, 0x61, 0x82, 0x73, 0x24, 0x59, 0x94, 0xA5, 0xC0, 0x9F, 0x47, 0x30, 0x87, 0x0F, 0x00,
    0x5E, 0x87, 0x0F, 0x00, 0x5E, 0x8B, 0x73, 0x02, 0x08, 0x5C, 0xC0, 0x87, 0xD3, 0x01, 0xAA, 0x34,
    0xA8, 0x00, 0x09, 0xEC, 0xDD, 0x48, 0x37, 0xB0, 0x43, 0xFD, 0x5E, 0x26, 0x80, 0x87, 0x7F, 0x03,
    0x24, 0x80, 0x00, 0x08, 0xE1, 0x17, 0xE6, 0x50, 0xA1, 0xA6, 0x0D, 0xF5, 0x80, 0xE9, 0xEB, 0x07,
    0xF3, 0x8A, 0x36, 0xF6, 0x25, 0x1E, 0x47, 0x66, 0x78, 0x08, 0x9D, 0x5F, 0xFD, 0x96, 0x80, 0x87,
    0xE8, 0x01, 0x8E, 0x26, 0xF0, 0x00, 0x2F, 0xBC, 0x0C, 0x74, 0x80, 0x4F, 0xF0, 0x00, 0x23, 0x1D,
    0x39, 0xF9, 0xD2, 0xA5, 0x60, 0x00, 0x26, 0x16, 0xEF, 0xED, 0x75, 0x93, 0x80, 0x00, 0x00, 0x0C,
    0xAC, 0x7F, 0xF8, 0x00, 0x25, 0xCF, 0x75, 0xDF, 0xDC, 0xBC, 0x57, 0x7F, 0x5D, 0x12, 0xCC, 0x4A,
    0x51, 0xAB, 0xB0, 0x00, 0x18, 0x8F, 0x0C, 0xC9, 0x85, 0x7A, 0x0C, 0x58, 0xB6, 0x28, 0x2D, 0xF9,
    0x78, 0xB5, 0x00, 0x1A, 0x61, 0xD9, 0x70, 0x66, 0x6E, 0x5B, 0xF1, 0x21, 0x8D, 0xEE, 0xBF, 0x3C,
    0xC0, 0x00, 0x02, 0x71, 0x61, 0x51, 0xCE, 0x17, 0x99, 0x14, 0x4A, 0xB1, 0x60, 0x1C, 0x00, 0x45,
    0x99, 0x82, 0x94, 0x57, 0x6A, 0x3A, 0xB0, 0x85, 0x3F, 0x76, 0x6E, 0xEF, 0x23, 0x1C, 0xF4, 0xCB,
    0xB6, 0x66, 0x41, 0x24, 0xDC, 0x8F, 0x42, 0x20, 0x00, 0x50, 0x7E, 0xE3, 0xB1, 0x2B, 0x3C, 0xAB,
    0x2C, 0x99, 0x04, 0x94, 0xDF, 0x9E, 0x11, 0x04, 0x49, 0x15, 0x07, 0xE7, 0xF9, 0x3C, 0xBE, 0xE9,
    0x00, 0x38, 0x95, 0xD2, 0xA6, 0xF2, 0x15, 0xCD, 0xE9, 0x7B, 0x2C, 0xF5, 0x00, 0x23, 0x7B, 0x18,
    0x1D, 0x09, 0x97, 0xFB, 0x13, 0x17, 0x40, 0x00, 0x5F, 0x22, 0x91, 0xAC, 0xBD, 0xD1, 0xA6, 0xF6,
    0x15, 0x49, 0xBA, 0x50, 0x3C, 0x00, 0x11, 0x7D, 0x56, 0x73, 0x58, 0xC0, 0x00, 0x0C, 0xDA, 0xCF,
    0x85, 0x25, 0xB5, 0x78, 0x3C, 0x2F, 0x36, 0x00, 0x0D, 0x87, 0x6E, 0x6E, 0xAB, 0x47, 0xB9, 0x12,
    0xA1, 0x0E, 0x19, 0x13, 0x9B, 0xD0, 0x1C, 0x40, 0x00, 0x13, 0x52, 0x46, 0x1C, 0xA8, 0x8A, 0x79,
    0x03, 0x6A, 0x55, 0xA4, 0x0D, 0x25, 0x38, 0x8A, 0x7A, 0x03, 0x73, 0x63, 0x14, 0x12, 0xBC, 0x00,
    0x00, 0x00, 0x00, 0x06, 0x7E, 0x13, 0xBA, 0xD8, 0x84, 0x97, 0x99, 0xE5, 0x80, 0x00, 0x00, 0x35,
    0x05, 0x3F, 0x7D, 0x2C, 0x61, 0x3C, 0x02, 0xDB, 0xB3, 0x70, 0x8F, 0xF1, 0x40, 0x87, 0x98, 0x03,
    0x6C, 0xB1, 0x87, 0xBF, 0x5B, 0x38, 0x9A, 0x7C, 0xAB, 0x80, 0x00, 0xBF, 0xCE, 0x89, 0xA1, 0xBD,
    0xD0, 0x31, 0x79, 0xD5, 0x90, 0x2C, 0x60, 0x2D, 0xE9, 0xC3, 0xAF, 0x94, 0xEB, 0x20, 0xBD, 0x8B,
    0xA3, 0xD2, 0xEC, 0xD4, 0xF2, 0xAB, 0xA7, 0x5A, 0x5E, 0xE8, 0x0A, 0xFA, 0x9E, 0x59, 0xCF, 0x1D,
    0x5C, 0xA9, 0x9B, 0xAB, 0xFA, 0xC9, 0x17, 0xFF, 0x3A, 0xEA, 0xF1, 0x00, 0xBA, 0xDF, 0x94, 0x3D,
    0x24, 0x8E, 0x19, 0x89, 0x3B, 0xE5, 0x8C, 0x39, 0x78, 0x4B, 0x18, 0x5C, 0x5D, 0x90, 0x7E, 0x8A,
    0x4A, 0x7E, 0x03, 0xA4, 0x6D, 0x26, 0x64, 0xE8, 0x7F, 0x62, 0xFD, 0x80, 0x00, 0xD5, 0x59, 0x22,
    0x0B, 0xD0, 0x28, 0x2A, 0x20, 0xD8, 0xEC, 0xE3, 0x9B, 0x1C, 0xC2, 0x85, 0xAA, 0x18, 0x84, 0xC4,
    0x64, 0xCA, 0x4A, 0xEC, 0x4E, 0xD3, 0x15, 0x4A, 0xCE, 0x92, 0x81, 0x2E, 0x51, 0xA5, 0x4C, 0x5D,
    0x0D, 0x26, 0x88, 0xF6, 0x92, 0x46, 0xB5, 0x2C, 0x80, 0x6C, 0x27, 0x64, 0x23, 0x7E, 0x63, 0x1F,
    0x3D, 0x8D, 0x83, 0xA5, 0x59, 0x25, 0xC4, 0x31, 0x86, 0x2C, 0xCD, 0x9D, 0x8B, 0xB5, 0xCD, 0x60,
    0x51, 0x69, 0x56, 0x33, 0x47, 0xD8, 0xEB, 0xBB, 0xF1, 0x62, 0xAD, 0xC7, 0x61, 0x06, 0xDB, 0xCA,
    0xD2, 0x69, 0x65, 0x86, 0x37, 0x3B, 0x8B, 0x04, 0xD7, 0xE5, 0xB7, 0xAC, 0x26, 0x1E, 0xA8, 0xB8,
    0x3F, 0x61, 0xC1, 0x00, 0x27, 0xFA, 0xAC, 0x62, 0x7E, 0xF6, 0x84, 0xC0, 0x00, 0x24, 0x0F, 0x4A,
    0x0D, 0x5E, 0x64, 0xE9, 0xA4, 0xFF, 0xC3, 0xAC, 0x75, 0xD8, 0x95, 0x00, 0x1A, 0x0A, 0x1E, 0x61,
    0x74, 0xEC, 0x6A, 0x36, 0x80, 0x88, 0xF4, 0x28, 0xAE, 0x38, 0x7B, 0x47, 0xC9, 0x0C, 0x44, 0xAD,
    0x3E, 0xA2, 0x00, 0x08, 0x35, 0xF7, 0xF8, 0xAB, 0x8D, 0x81, 0x00, 0x07, 0xDA, 0x09, 0x68, 0x0B,
    0x8A, 0xE9, 0xDA, 0x11, 0xDE, 0x9E, 0xDB, 0xD4, 0x00, 0x08, 0x90, 0xE4, 0x7F, 0x75, 0xE6, 0x90,
    0xF8, 0x04, 0xA5, 0x58, 0x7D, 0x13, 0x91, 0xAE, 0xB6, 0x97, 0x90, 0x8C, 0xE8, 0x8F, 0x00, 0x98,
    0xC4, 0xD2, 0x1F, 0xB1, 0x5B, 0x2F, 0xF4, 0x09, 0x9A, 0x0B, 0xE6, 0xDC, 0xB2, 0x00, 0x44, 0x43,
    0x54, 0xE8, 0x8C, 0x92, 0xAC, 0x28, 0xC7, 0x95, 0xAD, 0x1A, 0x8B, 0xFC, 0x00, 0x25, 0xE7, 0x3F,
    0xDD, 0xC5, 0xDD, 0xD2, 0x89, 0xCE, 0x6D, 0xED, 0xC1, 0x42, 0x40, 0x00, 0xA6, 0x7D, 0x4C, 0xDD,
    0x6A, 0xA7, 0x77, 0xCC, 0x3A, 0x45, 0xB5, 0x3B, 0x3A, 0x7A, 0xB4, 0xDB, 0x7E, 0x69, 0x76, 0x4A,
    0xC7, 0x47, 0x8C, 0x06, 0x3F, 0xFC, 0x5B, 0x3F, 0xA8, 0xFF, 0x53, 0x41, 0x97, 0x48, 0xED, 0xF7,
    0x20, 0x93, 0x70, 0x2F, 0xDF, 0xE4, 0xD5, 0xF3, 0x0F, 0xAC, 0x05, 0x12, 0xAB, 0x99, 0xC4, 0x61,
    0xA3, 0xD9, 0x05, 0x49, 0x13, 0x49, 0x72, 0x70, 0x3F, 0x6E, 0x2F, 0xE4, 0xC1, 0x00, 0x28, 0x8C,
    0x46, 0x73, 0x92, 0x65, 0x77, 0x34, 0x6B, 0x71, 0xD1, 0x07, 0x54, 0xC5, 0x77, 0x76, 0x3E, 0x86,
    0x7D, 0xFE, 0x19, 0x55, 0xCD, 0x81, 0x5E, 0x9A, 0xAA, 0x3F, 0xD6, 0x1D, 0x70, 0x44, 0x40, 0x87,
    0x21, 0x00, 0x77, 0xF2, 0xF4, 0x30, 0x35, 0x93, 0xCE, 0xC3, 0xBA, 0x05, 0x53, 0x61, 0x9A, 0x76,
    0xE6, 0x87, 0x70, 0x00, 0x98, 0x00, 0x09, 0xC1, 0xC1, 0xC3, 0x61, 0x60, 0x4E, 0x8B, 0x6D, 0x81,
    0x66, 0xE3, 0xB2, 0x5D, 0x20, 0x00, 0x30, 0x98, 0xCD, 0xE8, 0x25, 0x0F, 0xEF, 0xC0, 0xEC, 0xFE,
    0x83, 0x92, 0x91, 0xE2, 0xB8, 0x00, 0xB2, 0xD0, 0xC7, 0xEA, 0xF1, 0x65, 0xF7, 0x40, 0x9E, 0x94,
    0x90, 0x1C, 0x63, 0x3D, 0xA2, 0x07, 0xB0, 0x3A, 0x83, 0x5E, 0x80, 0x00, 0x8D, 0xC7, 0xD9, 0x7F,
    0xC4, 0xE9, 0xAE, 0x1F, 0x82, 0x55, 0xC8, 0x61, 0x8B, 0x90, 0xDB, 0x57, 0x29, 0xBA, 0xCC, 0xDA,
    0x18, 0x12, 0x56, 0xA6, 0x17, 0xFB, 0xC6, 0x62, 0x6C, 0x68, 0x17, 0xE5, 0xBC, 0xD3, 0xCA, 0xAB,
    0x75, 0x79, 0xA9, 0x87, 0x2F, 0xD4, 0xFC, 0x81, 0x8B, 0x51, 0x1C, 0x14, 0x96, 0xB6, 0x14, 0x3C,
    0x76, 0x23, 0x4E, 0x9F, 0x36, 0x2C, 0x1B, 0x9A, 0xA1, 0x7E, 0xF3, 0x0C, 0x8A, 0x53, 0x82, 0x27,
    0xC8, 0xCE, 0x44, 0xEE, 0x0D, 0xFD, 0xF2, 0xD5, 0x0B, 0xC4, 0x47, 0xCC, 0x9F, 0xAA, 0xA6, 0xF9,
    0xC1, 0x94, 0xEA, 0xA6, 0xAA, 0xED, 0x52, 0x44, 0x89, 0x00, 0x09, 0xF5, 0xDF, 0xC7, 0x40, 0x00,
    0x87, 0x25, 0x06, 0xA9, 0x36, 0xD4, 0x1C, 0x09, 0x63, 0x14, 0x1E, 0x51, 0x8C, 0x6D, 0x3A, 0x8B,
    0x71, 0x8C, 0xA0, 0x87, 0x3D, 0x00, 0x6E, 0xF5, 0xBB, 0x13, 0x66, 0x85, 0xD2, 0xA8, 0x87, 0x3F,
    0x00, 0x71, 0x12, 0x2E, 0x41, 0x8D, 0x6F, 0x75, 0x5B, 0x00, 0xB0, 0xAC, 0xEF, 0x55, 0xE8, 0x13,
    0x19, 0x4A, 0x26, 0x52, 0x2E, 0xB2, 0xE9, 0x3E, 0x42, 0xC3, 0x5E, 0x4C, 0x2D, 0xC5, 0xAD, 0x34,
    0x57, 0xAE, 0xDF, 0x6C, 0xD0, 0x80, 0xD9, 0x05, 0x28, 0x4F, 0xBC, 0x4C, 0xF5, 0xA2, 0x17, 0xCD,
    0xE0, 0xE2, 0x55, 0x28, 0xD0, 0xDD, 0x20, 0x72, 0xCB, 0x53, 0xCC, 0x89, 0x6F, 0xE0, 0x00, 0x99,
    0xDB, 0x15, 0x90, 0x09, 0x9D, 0xB3, 0xFB, 0x6E, 0x87, 0x50, 0x7A, 0xC5, 0xB7, 0x68, 0x8A, 0x2C,
    0x1F, 0xF6, 0x6A, 0xBD, 0xD7, 0x83, 0x55, 0xED, 0xF3, 0x95, 0x45, 0x7D, 0xD5, 0x0C, 0x30, 0x25,
    0x80, 0x2F, 0x60, 0xE8, 0xE0, 0xAC, 0xDD, 0x99, 0x17, 0x80, 0x00, 0xA7, 0xDC, 0x38, 0xAD, 0xA0,
    0x72, 0x0A, 0x0A, 0x65, 0x19, 0x4F, 0xB2, 0xE0, 0xBA, 0xBC, 0x0D, 0x3F, 0xBA, 0x84, 0xE8, 0x4F,
    0x90, 0xA2, 0x51, 0xFB, 0xA1, 0x21, 0xB1, 0xD4, 0x76, 0x2C, 0xE4, 0x72, 0x33, 0xCE, 0xB6, 0xF2,
    0x4F, 0x36, 0x1B, 0xEF, 0xB1, 0xA0, 0x00, 0x7C, 0x8E, 0x8E, 0x8F, 0x6B, 0x80, 0x8F, 0x50, 0x1A,
    0x0A, 0x57, 0xBB, 0xC2, 0x83, 0x1D, 0xA6, 0x7E, 0xF8, 0x00, 0x05, 0x3B, 0x70, 0x43, 0x56, 0x25,
    0x4C, 0x15, 0xA9, 0x3C, 0xE9, 0xDD, 0x56, 0x91, 0x61, 0xC9, 0xD7, 0x71, 0xD2, 0x78, 0x45, 0x13,
    0x00, 0x36, 0x84, 0x9A, 0x00, 0x86, 0x8C, 0xD2, 0xA2, 0xBE, 0x0D, 0x62, 0xA2, 0xD7, 0x77, 0x2E,
    0xF0, 0x68, 0x9D, 0xA0, 0x67, 0x12, 0xF4, 0x95, 0x58, 0x50, 0x78, 0xF9, 0x90, 0x00, 0x7C, 0x9A,
    0x38, 0xE4, 0x9E, 0xC6, 0xB5, 0xC2, 0x50, 0x90, 0x8F, 0x01, 0xFD, 0x61, 0xAB, 0xCC, 0x44, 0x42,
    0x7D, 0xCB, 0x6A, 0xFE, 0xAE, 0xED, 0x88, 0x87, 0x0C, 0x00, 0x89, 0x7B, 0x9C, 0xF8, 0xC6, 0x5B,
    0x1C, 0x0C, 0xBD, 0xC5, 0x24, 0x1C, 0x00, 0x25, 0xF6, 0x61, 0xD9, 0x9F, 0xA4, 0x0A, 0x42, 0x3C,
    0xA2, 0xC4, 0x00, 0x59, 0xB6, 0x11, 0x16, 0x1E, 0x7B, 0x78, 0x73, 0xFF, 0x12, 0x8D, 0x4C, 0x3F,
    0x81, 0x56, 0xE5, 0x4E, 0xD8, 0x4F, 0xDE, 0x71, 0xC0, 0xDF, 0x03, 0x1C, 0xB2, 0x37, 0x04, 0xD4,
    0x00, 0x60, 0x26, 0x69, 0xAD, 0x75, 0x57, 0x01, 0xD5, 0x0F, 0xEE, 0x41, 0xBA, 0x8B, 0x9C, 0x21,
    0x67, 0xF5, 0x8D, 0xDE, 0xF9, 0x6A, 0xBB, 0x69, 0xD6, 0x85, 0x1E, 0x70, 0xA8, 0x12, 0x53, 0x30,
    0x86, 0xF1, 0x99, 0xDA, 0x85, 0xF0, 0xDA, 0x74, 0x70, 0xA2, 0xE8, 0xC4, 0xE8, 0x15, 0xCF, 0xB1,
    0x50, 0x13, 0xFA, 0xD8, 0xBF, 0x80, 0xFA, 0x33, 0x3D, 0x2A, 0xEB, 0xD7, 0x91, 0xCB, 0x7D, 0x32,
    0x80, 0x00, 0x66, 0xA8, 0x9E, 0xCD, 0x1C, 0xA5, 0x9B, 0xAA, 0xFE, 0xE0, 0x36, 0x78, 0xF6, 0x84,
    0x3C, 0x51, 0x8E, 0x86, 0x43, 0x53, 0x51, 0xCD, 0x53, 0xAF, 0x9B, 0xD8, 0x07, 0x98, 0x00, 0x14,
    0x35, 0x4C, 0x04, 0x17, 0xA3, 0xED, 0xFC, 0x85, 0x48, 0xB2, 0x1A, 0xFD, 0xE2, 0x5A, 0x76, 0x24,
    0x44, 0xD3, 0x77, 0x94, 0x4C, 0x40, 0x00, 0x96, 0x4E, 0xF1, 0xD3, 0x3E, 0x0E, 0xEB, 0xF7, 0xA0,
    0x83, 0x29, 0x91, 0xCD, 0x60, 0x36, 0x00, 0x40, 0x32, 0xF5, 0xD6, 0x81, 0x10, 0x66, 0xFD, 0x55,
    0x8A, 0xCC, 0x94, 0x06, 0x41, 0xD3, 0xD3, 0x4F, 0xE2, 0x1E, 0x12, 0xB8, 0x6C, 0x7C, 0x64, 0x8D,
    0xD0, 0x37, 0x8A, 0x9F, 0xAB, 0xAE, 0x05, 0xC7, 0x16, 0x31, 0xEA, 0xE5, 0x80, 0x00, 0x6A, 0x0C,
    0xC2, 0x1F, 0xDA, 0xA5, 0xA9, 0xE6, 0x26, 0x4E, 0xDB, 0xFA, 0xF0, 0x1F, 0x97, 0x28, 0x00, 0x1A,
    0x0A, 0x1E, 0xAF, 0xD6, 0x1C, 0xF0, 0xCB, 0x89, 0x0D, 0x1C, 0xFF, 0x62, 0xA9, 0xB8, 0xC3, 0xC8,
    0xBB, 0x2C, 0xC6, 0x1B, 0x25, 0x17, 0x30, 0x39, 0x8B, 0x85, 0x30, 0x00, 0x6B, 0xBE, 0xEB, 0x11,
    0x38, 0x87, 0x87, 0xDE, 0xAE, 0x0C, 0x5C, 0x0F, 0x13, 0xBF, 0x6E, 0x8A, 0x3B, 0xE5, 0x45, 0xA4,
    0xBE, 0xC0, 0x00, 0x13, 0x56, 0xF1, 0x98, 0xD9, 0x05, 0xF0, 0xFC, 0xF9, 0x32, 0x39, 0x88, 0x05,
    0x48, 0x0B, 0x12, 0xE2, 0x6B, 0x69, 0x01, 0x2A, 0x94, 0x8E, 0x6D, 0x0F, 0xB1, 0x10, 0xD7, 0x00,
    0x35, 0xB7, 0x9F, 0xC0, 0xE1, 0x09, 0x74, 0x4C, 0xE5, 0x00, 0xA6, 0x86, 0x12, 0x30, 0xAF, 0xDA,
    0xCD, 0x3F, 0x41, 0xE0, 0xE1, 0x6E, 0x13, 0xCB, 0xFC, 0xD7, 0x14, 0x60, 0x38, 0x09, 0x35, 0xBC,
    0x00, 0x59, 0x90, 0x83, 0xB6, 0xE8, 0x38, 0x34, 0x35, 0xAE, 0x37, 0x19, 0x4B, 0xC8, 0x99, 0x7D,
    0xE2, 0x03, 0x4F, 0x7E, 0x23, 0x96, 0x37, 0x92, 0x1A, 0x54, 0x01, 0xBE, 0xE3, 0x84, 0xEE, 0xF3,
    0xB1, 0x8E, 0xF7, 0xB9, 0x09, 0x14, 0xBA, 0x49, 0xC3, 0x4D, 0xB2, 0x89, 0x41, 0xCD, 0xA0, 0x00,
    0x35, 0xAE, 0x40, 0x37, 0x99, 0x76, 0xB0, 0x89, 0x18, 0xD6, 0xB6, 0x2E, 0xE8, 0x85, 0xDB, 0x60,
    0x00, 0x35, 0x4C, 0x4E, 0xC5, 0x64, 0x1F, 0xCE, 0xDF, 0x30, 0xEE, 0xCE, 0x65, 0xFF, 0x80, 0xA7,
    0xD3, 0x61, 0xB7, 0x6E, 0xC0, 0x87, 0x99, 0x03, 0x4E, 0x69, 0x21, 0x56, 0x07, 0x8C, 0x69, 0x26,
    0x44, 0x18, 0x87, 0x99, 0x03, 0x22, 0x99, 0x6A, 0xF7, 0x56, 0xA9, 0xCF, 0x8E, 0x98, 0x03, 0x8F,
    0x12, 0xAF, 0x82, 0x01, 0x54, 0x79, 0x3C, 0x84, 0xD6, 0x03, 0x63, 0xD4, 0xE5, 0xF2, 0x74, 0x29,
    0xE4, 0x8A, 0x14, 0x00, 0x23, 0xC5, 0x36, 0xA4, 0xA3, 0x3C, 0x01, 0x21, 0x90, 0xF4, 0xFD, 0x12,
    0xA6, 0x47, 0x50, 0x87, 0x99, 0x03, 0x5D, 0x38, 0xAD, 0xA8, 0xFA, 0x19, 0x7F, 0x98, 0xB4, 0xC4,
    0x00, 0x6E, 0x8D, 0x5D, 0xB9, 0x30, 0xE5, 0x61, 0xFD, 0xB7, 0x13, 0x14, 0x62, 0x2C, 0xAE, 0x6A,
    0x54, 0x77, 0x38, 0x00, 0x2C, 0x08, 0x44, 0x82, 0xDC, 0xF1, 0x56, 0x60, 0x9C, 0x08, 0x00, 0x52,
    0x8B, 0x42, 0x20, 0x86, 0xB1, 0x5C, 0x9A, 0xB9, 0x43, 0x1E, 0x8C, 0x70, 0x22, 0x33, 0xA2, 0x05,
    0x45, 0x5F, 0x88, 0x00, 0x14, 0x53, 0xDA, 0x25, 0x87, 0xA8, 0x0D, 0x54, 0x62, 0x54, 0x43, 0xC2,
    0x3C, 0x34, 0xD3, 0x3B, 0x21, 0x6A, 0xDC, 0x90, 0x00, 0x35, 0x54, 0x39, 0xE5, 0x0D, 0x2A, 0x32,
    0xCA, 0x1A, 0xDF, 0x7D, 0x62, 0x9D, 0xC5, 0xD8, 0x85, 0xE8, 0xA3, 0xB9, 0xB3, 0xCF, 0x00, 0x0A,
    0x1F, 0x4D, 0xFE, 0x92, 0x62, 0xDF, 0x96, 0xBC, 0x40, 0xC8, 0xA7, 0xA3, 0xD7, 0xC0, 0x00, 0x20,
    0xBB, 0x6F, 0xBD, 0x9A, 0x87, 0x71, 0xAB, 0xEB, 0x4D, 0xC2, 0x59, 0xBD, 0xD9, 0xB7, 0x03, 0x56,
    0x8D, 0xE1, 0xE1, 0x43, 0x24, 0x56, 0x00, 0x21, 0xFC, 0xA8, 0xA0, 0x0B, 0x87, 0x39, 0xA3, 0x8E,
    0x9E, 0x83, 0x39, 0x13, 0x9E, 0x54, 0xCB, 0xFA, 0x0D, 0xD5, 0xEA, 0xA1, 0x00, 0x05, 0x42, 0x00,
    0x25, 0x3A, 0x6B, 0xE4, 0xC5, 0x75, 0x4B, 0x56, 0x8A, 0x10, 0x00, 0x00, 0x42, 0x79, 0xA4, 0x83,
    0xE3, 0x03, 0x00, 0x55, 0xCB, 0x3E, 0x40, 0x00, 0x37, 0xD8, 0x6E, 0x9C, 0x48, 0xF5, 0x2D, 0x6D,
    0x6A, 0xAD, 0x90, 0x9F, 0x60, 0x00, 0x23, 0x3F, 0x79, 0x5B, 0x84, 0x6C, 0x32, 0x2C, 0xB7, 0x77,
    0x47, 0x80, 0x00, 0x65, 0x18, 0x12, 0xED, 0x08, 0xAA, 0xDD, 0x2F, 0x2A, 0x73, 0x92, 0x9D, 0xAB,
    0xFD, 0x20, 0x3B, 0x00, 0x68, 0xAB, 0x14, 0xE0, 0x2B, 0x80, 0xEA, 0x77, 0xE8, 0x3A, 0x24, 0x4C,
    0x48, 0xF7, 0xA7, 0x7A, 0xD0, 0xA0, 0x00, 0x2D, 0x74, 0x21, 0x0A, 0x7F, 0x46, 0xFA, 0x5E, 0x16,
    0xF7, 0x6F, 0xFC, 0x00, 0x20, 0xBB, 0x32, 0xEC, 0x6F, 0x0D, 0xEA, 0x78, 0x0A, 0x4F, 0x0A, 0xD0,
    0x49, 0x69, 0x19, 0xDE, 0x15, 0x63, 0xE9, 0x40, 0x00, 0x66, 0xA4, 0xA9, 0xFA, 0x88, 0x4D, 0x83,
    0x3F, 0x12, 0x88, 0xDE, 0x1D, 0xC4, 0xB9, 0xD9, 0xEA, 0x0E, 0x48, 0x31, 0xD3, 0xE1, 0x3B, 0xD4,
    0x40, 0x87, 0xDC, 0x03, 0x4D, 0x49, 0xE4, 0xE1, 0x86, 0x39, 0xFF, 0x89, 0x0F, 0xF9, 0x12, 0x87,
    0xDD, 0x03, 0x89, 0xAE, 0xCB, 0x50, 0x52, 0x1A, 0x50, 0x08, 0xC4, 0xFB, 0xEC, 0xEC, 0x55, 0x69,
    0xC0, 0x00, 0x2B, 0xA3, 0x82, 0x40, 0xC2, 0xA0, 0xB9, 0x66, 0x64, 0xF8, 0x95, 0x0D, 0x53, 0x2C,
    0x65, 0x35, 0x08, 0x00, 0xC5, 0x4F, 0xBD, 0x65, 0xA0, 0x87, 0xDF, 0x03, 0xB0, 0x48, 0x72, 0x4E,
    0xAB, 0x7F, 0xA7, 0x17, 0x3A, 0x47, 0x49, 0x38, 0x88, 0x74, 0x00, 0x56, 0xBA, 0x51, 0xC3, 0xD4,
    0x81, 0x11, 0x6C, 0x32, 0x6A, 0xEB, 0x81, 0x09, 0x2E, 0x0C, 0x51, 0x7D, 0xB6, 0x6C, 0x2E, 0x2C,
    0x78, 0x00, 0x1C, 0x57, 0x22, 0xBB, 0xF7, 0xCC, 0x63, 0xE5, 0x2C, 0x06, 0x2F, 0xC3, 0xA5, 0x7A,
    0x82, 0x55, 0xAD, 0x4F, 0x20, 0x89, 0xFD, 0xD0, 0x83, 0xE3, 0x03, 0x30, 0x24, 0x8B, 0x05, 0xBD,
    0x93, 0xA9, 0xC0, 0x00, 0x05, 0x1B, 0x54, 0xD0, 0x87, 0xE4, 0x03, 0xB4, 0x4D, 0x24, 0x80, 0x80,
    0x00, 0x2B, 0xE0, 0xE6, 0x8B, 0xA2, 0xCA, 0x89, 0x79, 0xB3, 0x2F, 0x24, 0x80, 0x00, 0x2F, 0x2E,
    0x63, 0x2D, 0x82, 0x48, 0x3B, 0x40, 0x61, 0x20, 0x9E, 0xF4, 0x00, 0x25, 0xAE, 0x1E, 0x25, 0x24,
    0x40, 0x83, 0xAE, 0x54, 0xF2, 0x88, 0x2A, 0x99, 0x41, 0x82, 0x6C, 0xA8, 0xB7, 0xAB, 0x60, 0x00,
    0x29, 0xB8, 0xC6, 0x12, 0x14, 0xD6, 0x82, 0x2C, 0xF5, 0xF0, 0x31, 0x1B, 0xF2, 0xDA, 0x3C, 0xB7,
    0x52, 0x0C, 0xA0, 0x00, 0x29, 0xBC, 0x27, 0x74, 0x03, 0x76, 0x2D, 0xE2, 0xA8, 0x45, 0xA6, 0xAA,
    0xF4, 0x1A, 0x66, 0x65, 0xC0, 0x00, 0x12, 0x78, 0x1B, 0x54, 0xB1, 0xB5, 0x70, 0x59, 0x29, 0x7F,
    0xF5, 0x85, 0x75, 0xA9, 0xAC, 0x9A, 0x0E, 0x4E, 0x00, 0x12, 0xAD, 0x35, 0x05, 0xD3, 0x17, 0x73,
    0x97, 0x41, 0x2F, 0x4F, 0x98, 0x4F, 0xE1, 0x89, 0xF6, 0x23, 0x66, 0x00, 0x1E, 0x0A, 0xC4, 0xEE,
    0x13, 0xC3, 0x95, 0xEA, 0xE9, 0xE5, 0x0B, 0x68, 0x3B, 0x95, 0x90, 0x59, 0x5A, 0xEB, 0xBE, 0x58,
    0x80, 0x00, 0x1E, 0x0A, 0xC5, 0x0D, 0xDB, 0xF0, 0x8E, 0x17, 0xE5, 0x03, 0x21, 0xEA, 0x5B, 0x51,
    0xDD, 0x8B, 0x2C, 0xA9, 0xF1, 0x1F, 0xEC, 0x00, 0x2B, 0x32, 0x0B, 0x16, 0x81, 0x7C, 0xFE, 0xF6,
    0x20, 0xF0, 0x00, 0x12, 0x54, 0x53, 0xFB, 0x00, 0x9B, 0x8B, 0x87, 0x98, 0x95, 0xB9, 0x4E, 0xDB,
    0x6F, 0xBC, 0xE5, 0xF2, 0x70, 0xB7, 0x6F, 0x97, 0x88, 0xA4, 0x26, 0x82, 0xA1, 0x82, 0x57, 0xDC,
    0x70, 0x00, 0x12, 0x52, 0x8F, 0xD7, 0xF4, 0x79, 0x9D, 0x97, 0xB6, 0x04, 0xED, 0x2B, 0x54, 0x18,
    0xCF, 0x45, 0xCE, 0x00, 0x1C, 0x83, 0x79, 0x74, 0x8F, 0xC9, 0x22, 0xA9, 0xB2, 0x53, 0x33, 0xB8,
    0x71, 0xF7, 0xFF, 0x42, 0xE6, 0x7D, 0x10, 0xED, 0xDA, 0xC9, 0xF0, 0x00, 0x1C, 0xBC, 0x59, 0x67,
    0x47, 0x9B, 0xA6, 0xD7, 0x7B, 0x91, 0xC0, 0x1E, 0x4F, 0x75, 0x51, 0x0E, 0x00, 0x55, 0xE2, 0xC6,
    0x3E, 0x75, 0x0D, 0xED, 0xDC, 0x52, 0x71, 0x10, 0xDA, 0x19, 0xA0, 0x00, 0x91, 0x3C, 0x68, 0x43,
    0x62, 0x6F, 0xD1, 0x49, 0x18, 0xE8, 0x60, 0xAC, 0xBB, 0x29, 0x95, 0xE6, 0x89, 0xB5, 0x9D, 0x79,
    0xB2, 0x1E, 0x3C, 0xFB, 0xCF, 0x07, 0xAC, 0xAD, 0xB3, 0x8F, 0x1C, 0x1C, 0xCD, 0x44, 0x00, 0x5D,
    0x79, 0xED, 0xE7, 0xD3, 0x97, 0x0A, 0x8F, 0x02, 0x7E, 0xDA, 0x13, 0xC6, 0x5C, 0x15, 0xA8, 0xBF,
    0x51, 0x65, 0x21, 0xF7, 0xD3, 0x2A, 0x88, 0x01, 0x3B, 0x1E, 0x55, 0x9C, 0x4B, 0x3E, 0xB2, 0x46,
    0x52, 0x42, 0xF6, 0x3F, 0xEC, 0x17, 0x88, 0x31, 0x07, 0x8F, 0x2F, 0xDF, 0x79, 0xAE, 0x69, 0x07,
    0x18, 0x0A, 0x32, 0x13, 0x28, 0x0A, 0x54, 0xC5, 0x10, 0x80, 0x00, 0xA0, 0x65, 0x62, 0x20, 0x33,
    0xCD, 0x0C, 0x79, 0xF1, 0xA2, 0xAB, 0x7A, 0x54, 0x2C, 0x5E, 0xB9, 0x74, 0x65, 0x91, 0x58, 0xC4,
    0xD9, 0x20, 0xEB, 0x66, 0x66, 0x27, 0x1F, 0x95, 0x85, 0x3F, 0x0A, 0xD2, 0x51, 0x2D, 0xEE, 0x5E,
    0xC6, 0xB4, 0x00, 0x32, 0xCB, 0x5A, 0x9C, 0x91, 0x67, 0x04, 0xC6, 0x2E, 0x7D, 0x1F, 0x15, 0xD0,
    0xD1, 0x56, 0x4C, 0xD8, 0x60, 0xC6, 0xFF, 0x20, 0x55, 0x14, 0x71, 0x81, 0xFC, 0xFD, 0xA0, 0x87,
    0x64, 0x00, 0xB9, 0xF3, 0xFD, 0x55, 0xD2, 0xCA, 0x9B, 0xDB, 0x71, 0xD5, 0x3C, 0x49, 0xF0, 0xEE,
    0x2A, 0x86, 0x0E, 0x0A, 0x38, 0xA4, 0x79, 0x9E, 0xD1, 0x67, 0x2F, 0x03, 0x7E, 0x13, 0xBB, 0xEA,
    0x23, 0x5D, 0x83, 0x4F, 0x00, 0x97, 0xCE, 0xDD, 0xD3, 0x68, 0xEF, 0x2B, 0x66, 0x59, 0xDC, 0xA7,
    0xD8, 0xD4, 0xB4, 0x45, 0x8D, 0xA1, 0x8E, 0x3F, 0xE5, 0x3D, 0x19, 0xB2, 0xCB, 0xBE, 0x70, 0xB8,
    0x00, 0x2C, 0xD9, 0x84, 0xB5, 0x09, 0x2D, 0xB3, 0x90, 0xEC, 0xA2, 0x3B, 0x06, 0x83, 0x8D, 0x47,
    0xD6, 0x5E, 0x26, 0xCC, 0x05, 0xA1, 0xE0, 0x17, 0x38, 0x3F, 0xC3, 0x41, 0xEE, 0x31, 0x67, 0xF0,
    0x02, 0x10, 0x68, 0xF5, 0x48, 0x3C, 0xFE, 0x82, 0x15, 0x10, 0x5A, 0xC8, 0x61, 0x3F, 0x8D, 0x33,
    0x1B, 0xB6, 0xEE, 0x77, 0xE2, 0x54, 0x00, 0x18, 0xD1, 0xF0, 0xFA, 0x08, 0xA0, 0x10, 0xD3, 0xF8,
    0xD1, 0x9D, 0xAF, 0x45, 0x00, 0x8D, 0xC8, 0x40, 0x1C, 0xD6, 0x23, 0xF9, 0x0B, 0x37, 0xB1, 0x86,
    0x5F, 0xD5, 0xB3, 0x87, 0xA8, 0x7D, 0x93, 0x07, 0xA0, 0x95, 0x5E, 0xE6, 0x86, 0xF6, 0x7A, 0x0B,
    0x34, 0xD3, 0xAB, 0x30, 0xE5, 0x02, 0x8B, 0x00, 0x1D, 0x2F, 0x23, 0xAD, 0xA3, 0x1C, 0x69, 0x0C,
    0x82, 0x8F, 0xDB, 0x86, 0x86, 0x74, 0xD8, 0xE8, 0x15, 0xA1, 0xF3, 0xA3, 0x0D, 0x37, 0xD8, 0xCE,
    0xBD, 0x98, 0xE8, 0x75, 0xDA, 0x0E, 0x55, 0x95, 0xFB, 0xB2, 0x3E, 0xA2, 0x36, 0x83, 0xE1, 0x93,
    0x3E, 0x5A, 0xD3, 0x8F, 0x4B, 0x92, 0x4A, 0xC0, 0x3A, 0x49, 0xDE, 0xD7, 0x77, 0x1B, 0xE5, 0x34,
    0x45, 0xD7, 0x6F, 0xEE, 0x00, 0x16, 0xA5, 0x32, 0x0C, 0x09, 0x5B, 0x58, 0x04, 0x99, 0x42, 0xCC,
    0x28, 0x2D, 0xBB, 0x45, 0x25, 0xA2, 0xBE, 0x1C, 0x7C, 0xC5, 0xDB, 0x5B, 0xDB, 0x5E, 0xC6, 0x06,
    0x3B, 0xAA, 0xCD, 0xF2, 0x44, 0xDB, 0xA9, 0xD5, 0x5E, 0x20, 0x7C, 0x91, 0x22, 0x36, 0xCE, 0xA9,
    0xD7, 0x7E, 0x55, 0xDB, 0x10, 0x92, 0xB8, 0xF8, 0x5D, 0x59, 0x6A, 0x37, 0xED, 0x5F, 0xB7, 0x28,
    0x00, 0x18, 0x54, 0xB1, 0xDC, 0x8D, 0x2B, 0x20, 0x7B, 0x2F, 0x55, 0x76, 0xF8, 0xE1, 0xB8, 0x70,
    0x77, 0x75, 0x33, 0x58, 0x94, 0x0E, 0x2B, 0xBA, 0xAD, 0x0C, 0x63, 0x6B, 0xEB, 0x55, 0x62, 0xD0,
    0x83, 0x31, 0xE2, 0x15, 0xB9, 0xC1, 0x8A, 0x0B, 0x9C, 0xAF, 0x31, 0x5A, 0x82, 0xC9, 0x24, 0x7C,
    0xF3, 0xB3, 0x6A, 0x71, 0xC3, 0x76, 0x88, 0xC0, 0x00, 0x88, 0x3A, 0x5C, 0x03, 0x50, 0x64, 0x39,
    0x07, 0x77, 0x84, 0x5D, 0x58, 0x82, 0x41, 0x67, 0x4E, 0xEB, 0x1C, 0xE3, 0x5E, 0xA2, 0x33, 0xA5,
    0x6A, 0xA0, 0x8D, 0x52, 0x2B, 0x85, 0xD3, 0x6F, 0xE6, 0x4F, 0x7A, 0xFF, 0xC5, 0x2D, 0x7A, 0xE2,
    0x0D, 0xB4, 0x9F, 0x41, 0x66, 0xA4, 0xB0, 0x46, 0xC9, 0xA7, 0x50, 0x00, 0xB1, 0x49, 0xD3, 0x5C,
    0xCE, 0x2A, 0x94, 0x4B, 0x48, 0x27, 0xB6, 0x5D, 0x98, 0x73, 0xD5, 0x4A, 0xF1, 0x9D, 0x6D, 0x26,
    0x57, 0x61, 0x19, 0x52, 0x2C, 0x25, 0x32, 0x7B, 0x17, 0xD3, 0x62, 0x74, 0x74, 0xFD, 0xBB, 0x83,
    0xBA, 0x4C, 0x22, 0x66, 0xE0, 0x87, 0x2D, 0x00, 0x69, 0x57, 0xBF, 0x0A, 0x39, 0x82, 0xE3, 0x41,
    0x06, 0xD4, 0xD9, 0xCB, 0x77, 0xF8, 0x30, 0xA5, 0x27, 0x8F, 0x40, 0x01, 0x0E, 0xC4, 0x59, 0x04,
    0x1A, 0x91, 0x43, 0xD6, 0xD2, 0x3E, 0xC6, 0xC8, 0xEE, 0x70, 0xF2, 0x8A, 0x50, 0xA5, 0xAF, 0x0A,
    0x8E, 0x02, 0x2E, 0x73, 0xFE, 0x85, 0xA9, 0x6E, 0x65, 0x5A, 0x78, 0xE4, 0x19, 0x90, 0x00, 0xB7,
    0xD6, 0xF4, 0x8B, 0xA4, 0xE8, 0xDB, 0xF0, 0x34, 0xB9, 0x38, 0x5A, 0x9F, 0x9B, 0x01, 0x0F, 0x0C,
    0x20, 0x95, 0x47, 0xD6, 0xEA, 0x60, 0xA3, 0xE0, 0xB9, 0xE2, 0xA6, 0xDE, 0xBB, 0x94, 0x81, 0x8B,
    0x95, 0xF0, 0x7C, 0xFE, 0x23, 0xA1, 0x58, 0xE2, 0xC1, 0x40, 0x4B, 0x3F, 0xF7, 0x2F, 0x04, 0x1F,
    0x94, 0x18, 0xF9, 0xF5, 0x63, 0xA0, 0x85, 0x2C, 0xA7, 0x97, 0xD4, 0xD5, 0x35, 0x98, 0x8C, 0x00,
    0xBF, 0xFF, 0xC5, 0x1B, 0x06, 0x58, 0xFC, 0x54, 0xD4, 0xA4, 0xE4, 0x1E, 0x02, 0x65, 0x89, 0x2D,
    0x34, 0x61, 0x0E, 0xEE, 0xDC, 0x70, 0x8D, 0x65, 0x15, 0x3B, 0xC1, 0xA5, 0x35, 0xC9, 0xD4, 0x3D,
    0x7C, 0x7A, 0x5A, 0x45, 0x72, 0xE8, 0x1D, 0x0B, 0xFC, 0x06, 0xE5, 0x1F, 0x99, 0xE0, 0x00, 0x1D,
    0xDA, 0x1C, 0x4B, 0x8C, 0xF1, 0x3D, 0xC9, 0xB3, 0x1E, 0x8D, 0x2F, 0xD4, 0x4A, 0x28, 0xC9, 0xBD,
    0xBE, 0xE6, 0x00, 0x0F, 0xDC, 0x0E, 0xCC, 0x88, 0xAE, 0xCC, 0x92, 0x26, 0x31, 0x76, 0x5A, 0x52,
    0x8D, 0x0A, 0x14, 0x65, 0x6A, 0xCB, 0x65, 0x8B, 0xD1, 0x83, 0x5B, 0xF4, 0xA0, 0x86, 0x29, 0x00,
    0x6E, 0x62, 0x3E, 0xA4, 0x17, 0xCA, 0x26, 0x05, 0xF8, 0xB7, 0x43, 0x49, 0xFA, 0x55, 0x76, 0x71,
    0x45, 0xCC, 0xAD, 0x6A, 0x8D, 0xFF, 0xDC, 0x56, 0x00, 0x6F, 0xC1, 0xF4, 0xDB, 0x92, 0x6B, 0xA9,
    0x7B, 0x64, 0x67, 0xF3, 0x6C, 0xD4, 0xE7, 0x0C, 0xEE, 0x21, 0xA2, 0x29, 0xDE, 0x6B, 0xB2, 0x73,
    0x97, 0x00, 0xA7, 0x3B, 0xB1, 0xD1, 0xA8, 0x48, 0x5D, 0xD5, 0xA5, 0xFC, 0x66, 0x58, 0xC2, 0x47,
    0x6F, 0xD8, 0xD0, 0x16, 0x61, 0xFA, 0x66, 0x7E, 0x0A, 0x00, 0x9F, 0x9C, 0x07, 0xF0, 0x19, 0x9D,
    0x88, 0x97, 0xC1, 0x62, 0xE1, 0x7C, 0x2B, 0x65, 0x35, 0x9E, 0xBE, 0x70, 0xD4, 0x02, 0x7B, 0x86,
    0x8F, 0x8F, 0x14, 0x94, 0x7A, 0x31, 0xDB, 0x8E, 0xD7, 0x84, 0x29, 0x3B, 0x6F, 0xA5, 0x12, 0x48,
    0xC1, 0x38, 0x37, 0x9F, 0x08, 0x20, 0x5E, 0xF0, 0x80, 0x86, 0x88, 0x00, 0x6E, 0x05, 0x93, 0xE7,
    0x8E, 0x16, 0xB9, 0x7D, 0x3F, 0xEC, 0xDC, 0x4A, 0xA5, 0xAD, 0xD8, 0xE5, 0x39, 0x66, 0x62, 0x88,
    0xA9, 0x0E, 0x0D, 0x54, 0x00, 0x23, 0x7C, 0x32, 0x2D, 0x65, 0x35, 0x3A, 0xC8, 0xE8, 0x16, 0x9C,
    0xDE, 0x9F, 0x30, 0x72, 0x8C, 0x21, 0x5F, 0x5B, 0x9B, 0xF6, 0x42, 0x1E, 0xB7, 0x69, 0x85, 0x4E,
    0x96, 0x51, 0x56, 0x25, 0x1D, 0x30, 0xA9, 0x9C, 0x8F, 0x2F, 0x0C, 0xA1, 0x80, 0x00, 0xC6, 0x29,
    0x0B, 0x5B, 0x56, 0x60, 0x9D, 0x4D, 0x19, 0x26, 0x44, 0x52, 0xF3, 0x60, 0x26, 0xC9, 0x74, 0x45,
    0x92, 0x35, 0x04, 0x96, 0xB1, 0xC9, 0xAF, 0x28, 0xDA, 0x9B, 0x8E, 0x95, 0x47, 0x3F, 0x75, 0x8E,
    0xEF, 0x53, 0x5C, 0x93, 0x9F, 0x31, 0xA3, 0x37, 0x68, 0x7E, 0xA6, 0x9C, 0x66, 0x6A, 0x71, 0xC1,
    0xAE, 0x61, 0x0B, 0xA8, 0x01, 0x4F, 0x78, 0x37, 0x12, 0x9F, 0x4F, 0xC7, 0xF8, 0x84, 0x70, 0x00,
    0x09, 0xF0, 0xB8, 0xA1, 0xCD, 0x06, 0x05, 0xEF, 0xED, 0x71, 0x67, 0x76, 0xA1, 0xAC, 0x77, 0x9D,
    0x30, 0x72, 0xA4, 0xCA, 0xD8, 0x40, 0x00, 0x0E, 0xC0, 0x9F, 0x98, 0x4F, 0xF1, 0x9F, 0xA2, 0x55,
    0x31, 0x61, 0x23, 0x82, 0xA2, 0xB8, 0x01, 0x86, 0xB1, 0x30, 0x4B, 0x3E, 0xC0, 0x6B, 0x93, 0x09,
    0x71, 0xC7, 0x45, 0xF7, 0xBE, 0x75, 0xCB, 0xB9, 0x35, 0xF0, 0x00, 0x2D, 0xD3, 0xDF, 0xDC, 0x8D,
    0xD3, 0xB3, 0x66, 0x12, 0xF2, 0x64, 0xAA, 0x83, 0xC8, 0x1E, 0x3B, 0x93, 0x41, 0xCC, 0x3F, 0x7C,
    0xED, 0x87, 0x6E, 0xCD, 0x26, 0xAC, 0x84, 0xD6, 0x46, 0x50, 0xF7, 0xEE, 0x21, 0xF3, 0xCD, 0x1D,
    0xCB, 0x7D, 0xBB, 0x34, 0x4C, 0xC8, 0x25, 0xD6, 0xE6, 0x00, 0x94, 0x00, 0xB3, 0xA4, 0x56, 0x72,
    0x65, 0x59, 0xAF, 0xAF, 0x3F, 0x63, 0x33, 0x6F, 0xC8, 0xE9, 0xFD, 0x55, 0xDB, 0xFF, 0xE7, 0xD7,
    0x72, 0x34, 0x52, 0x66, 0xD6, 0xDC, 0x4A, 0xA2, 0x2A, 0x97, 0xF0, 0x2C, 0x1B, 0x48, 0x10, 0x5E,
    0x63, 0x11, 0x57, 0xAC, 0xE8, 0x34, 0xD2, 0xE9, 0xA8, 0x4E, 0xB6, 0x17, 0xDC, 0xFD, 0x40, 0x00,
    0x77, 0x36, 0x86, 0xE1, 0xD3, 0x47, 0x0D, 0xE2, 0xFE, 0xA6, 0xE1, 0x94, 0x84, 0xBD, 0x5E, 0x80,
    0x1D, 0xC2, 0xD4, 0xCB, 0x50, 0xC8, 0x7A, 0x24, 0xDA, 0xEC, 0x3F, 0x8D, 0x5D, 0x84, 0x8C, 0x13,
    0x5D, 0x23, 0x93, 0x49, 0xF6, 0x4F, 0xA8, 0x4A, 0xA0, 0x00, 0x33, 0x34, 0x0A, 0x52, 0xB4, 0x60,
    0x5D, 0x28, 0xB4, 0x01, 0xAA, 0xFB, 0x6E, 0x6E, 0xD3, 0xBC, 0x01, 0xC1, 0x39, 0xAE, 0x9D, 0x25,
    0x7C, 0xCA, 0x6E, 0x4F, 0xBD, 0xC7, 0xBC, 0xA9, 0xB8, 0xD7, 0xAA, 0x0A, 0xEE, 0xF3, 0x06, 0xB0,
    0x00, 0x71, 0x92, 0xA2, 0x8E, 0x2C, 0x20, 0xF0, 0x2A, 0x6F, 0x20, 0x88, 0x43, 0xEC, 0x71, 0x4C,
    0xB5, 0xA7, 0x6A, 0x0E, 0x47, 0x9C, 0x51, 0xA6, 0x3E, 0x08, 0xC6, 0x27, 0x30, 0xBC, 0xBD, 0x6B,
    0x0A, 0x0A, 0xCB, 0x35, 0xE7, 0x49, 0x11, 0x27, 0xC1, 0x5D, 0x29, 0xD7, 0x1D, 0x8C, 0x85, 0x01,
    0xA2, 0x60, 0x40, 0x68, 0xBA, 0x18, 0x75, 0xC2, 0x40, 0x60, 0x7C, 0x93, 0xAF, 0x75, 0x24, 0x07,
    0x37, 0xB3, 0xA2, 0xC4, 0x15, 0xB1, 0xBA, 0xAD, 0xF5, 0x0B, 0xCE, 0xE3, 0x95, 0x9F, 0xAE, 0xFA,
    0xBD, 0x47, 0x9E, 0x31, 0x32, 0x5E, 0xA1, 0xB8, 0xB9, 0x20, 0x11, 0x50, 0x4A, 0x87, 0x0F, 0x00,
    0x5E, 0x00, 0x64, 0x57, 0x47, 0xF8, 0xBE, 0xBC, 0xBC, 0x61, 0xB7, 0x1F, 0xE8, 0x2C, 0xC9, 0x59,
    0x72, 0x0E, 0x16, 0x66, 0xEF, 0x6C, 0x71, 0x0E, 0x7C, 0xCD, 0xB3, 0xD2, 0x83, 0x92, 0x01, 0x56,
    0x57, 0xD5, 0x3D, 0x68, 0xBF, 0x38, 0xC4, 0x65, 0x9B, 0xDA, 0x92, 0x72, 0x55, 0x98, 0x4D, 0x50,
    0x35, 0x2D, 0xC7, 0xC1, 0x32, 0xC5, 0x69, 0xDF, 0x68, 0x41, 0x47, 0x22, 0xF8, 0x10, 0x00, 0x6D,
    0xB8, 0xA2, 0xC9, 0x9D, 0x2C, 0x8E, 0x0B, 0x29, 0xCB, 0xF3, 0x45, 0x56, 0x5A, 0x0C, 0xFD, 0x43,
    0xCF, 0x94, 0xE6, 0xB5, 0xEC, 0x82, 0x5C, 0x81, 0xFA, 0xDC, 0xB9, 0x0E, 0x38, 0x10, 0x6E, 0xA0,
    0xE3, 0x57, 0x2F, 0x6D, 0x1D, 0xFD, 0x71, 0x04, 0x8B, 0x43, 0x76, 0x01, 0xF2, 0xAC, 0x87, 0x26,
    0x04, 0x71, 0xF1, 0x60, 0x67, 0x5C, 0xC9, 0x66, 0xE1, 0x09, 0x3A, 0xFE, 0xBF, 0xDB, 0x14, 0xA8,
    0x48, 0x34, 0xE6, 0x38, 0x75, 0xE0, 0x00, 0x5F, 0x66, 0x31, 0x9D, 0xB3, 0x69, 0x32, 0xC3, 0xD8,
    0xC8, 0x0E, 0xEE, 0xCF, 0x40, 0x2C, 0xA3, 0x16, 0xA0, 0xA7, 0x98, 0xED, 0x33, 0xFE, 0x43, 0x85,
    0xBF, 0x28, 0x82, 0xE7, 0x73, 0xB1, 0x39, 0x8F, 0x9D, 0x91, 0xE7, 0xB2, 0xD3, 0xD2, 0x60, 0xCD,
    0x90, 0x9D, 0xB9, 0xBE, 0x8D, 0xCE, 0xAD, 0xB7, 0xD8, 0xAC, 0xB8, 0x8D, 0x38, 0xD5, 0x8F, 0xA2,
    0x4B, 0xAE, 0x97, 0xC9, 0xF5, 0xC6, 0xD2, 0x17, 0xF7, 0xF5, 0x9A, 0x6E, 0xB3, 0xBC, 0xD8, 0xDB,
    0xC8, 0x70, 0x87, 0x28, 0x04, 0x76, 0x43, 0xD6, 0x7A, 0x5E, 0x3D, 0x02, 0x38, 0xD1, 0xC7, 0xC9,
    0xF7, 0x1D, 0x99, 0x40, 0x4B, 0x45, 0xD2, 0xE0, 0x4D, 0x99, 0xDD, 0x5B, 0xF0, 0xFA, 0xF4, 0x88,
    0xDB, 0xF7, 0x40, 0x00, 0x69, 0x4E, 0xA3, 0x04, 0x9B, 0x96, 0xF7, 0xE2, 0xD4, 0x58, 0xE8, 0xDF,
    0x6C, 0xAB, 0x75, 0x7E, 0xA6, 0x9A, 0x34, 0x7E, 0xBC, 0xB0, 0x40, 0x5D, 0x28, 0x18, 0xD2, 0xBA,
    0x89, 0x90, 0x79, 0x5F, 0xEC, 0x37, 0x90, 0x6D, 0x8F, 0xBA, 0xFE, 0x83, 0xFE, 0xC6, 0x88, 0x3C,
    0x2E, 0x4F, 0x05, 0x38, 0xC2, 0x8E, 0x00, 0x70, 0xD3, 0xD7, 0x7F, 0x74, 0xE1, 0xF1, 0x5B, 0x80,
    0x5E, 0xF7, 0x8F, 0x9F, 0x51, 0x00, 0x15, 0x33, 0x2B, 0x0D, 0x6B, 0x00, 0x90, 0x06, 0xA7, 0xE8,
    0x73, 0xF7, 0xFF, 0x74, 0x91, 0xB2, 0x25, 0xF9, 0xE2, 0x33, 0x35, 0x31, 0x8B, 0xCC, 0x46, 0x5D,
    0xA6, 0x19, 0x5E, 0x57, 0xA2, 0x0C, 0x69, 0x8F, 0x64, 0x50, 0x35, 0xF6, 0xFA, 0x7A, 0xBA, 0xE1,
    0xF5, 0x2B, 0x58, 0x00, 0xD4, 0xEA, 0x16, 0xB0, 0xDF, 0x8A, 0xF1, 0x6F, 0xFA, 0xE0, 0xD1, 0xB6,
    0x2C, 0x08, 0xB4, 0x64, 0x56, 0x13, 0x75, 0x33, 0x5A, 0x2C, 0x11, 0x3E, 0x43, 0x40, 0x16, 0x6A,
    0x29, 0x68, 0x34, 0x14, 0xC6, 0x2F, 0x35, 0x81, 0xC2, 0x87, 0x86, 0x9C, 0x07, 0xD1, 0x1C, 0x46,
    0x35, 0x11, 0x5A, 0xB4, 0x1A, 0x48, 0xB8, 0x6E, 0xFB, 0xB4, 0x7C, 0x0E, 0xBA, 0x06, 0xFA, 0x01,
};

static const EpdGlyph notosans_18_italicGlyphs[] = {
    { 0, 0, 0, 0, 0, 0, 0 }, // U+0000
    { 0, 0, 156, 0, 0, 0, 0 }, // U+000D
    { 0, 0, 156, 0, 0, 0, 0 }, // U+0020
    { 11, 28, 157, 0, 27, 17, 0 }, // !
    { 12, 10, 235, 4, 27, 12, 17 }, // "
    { 24, 27, 388, 1, 27, 48, 29 }, // #
    { 19, 32, 331, 1, 29, 45, 77 }, // $
    { 26, 29, 479, 3, 28, 60, 122 }, // %
    { 24, 29, 404, 1, 28, 57, 182 }, // &
    { 5, 10, 132, 4, 27, 7, 239 }, // '
    { 13, 33, 174, 1, 27, 21, 246 }, // (
    { 13, 33, 174, -3, 27, 21, 267 }, // )
    { 19, 18, 331, 3, 29, 33, 288 }, // *
    { 19, 19, 343, 2, 23, 15, 321 }, // +
    { 8, 10, 154, -2, 5, 8, 336 }, // ,
    { 11, 4, 188, 0, 12, 6, 344 }, // -
    { 6, 6, 154, 0, 5, 6, 350 }, // .
    { 19, 27, 214, -2, 27, 19, 356 }, // /
    { 19, 29, 335, 2, 28, 34, 375 }, // 0
    { 13, 27, 274, 3, 27, 23, 409 }, // 1
    { 21, 28, 331, -1, 28, 29, 432 }, // 2
    { 20, 29, 331, -1, 28, 37, 461 }, // 3
    { 21, 27, 331, 0, 27, 34, 498 }, // 4
    { 20, 28, 331, 0, 27, 33, 532 }, // 5
    { 19, 29, 331, 1, 28, 38, 565 }, // 6
    { 19, 27, 286, 2, 27, 22, 603 }, // 7
    { 19, 29, 331, 1, 28, 44, 625 }, // 8
    { 19, 29, 331, 1, 28, 39, 669 }, // 9
    { 9, 22, 154, 0, 21, 12, 708 }, // :
    { 11, 26, 154, -2, 21, 14, 720 }, // ;
    { 19, 19, 343, 2, 23, 31, 734 }, // <
    { 19, 11, 343, 2, 19, 13, 765 }, // =
    { 19, 19, 343, 2, 23, 34, 778 }, // >
    { 16, 29, 258, 2, 28, 27, 812 }, // ?
    { 30, 31, 509, 1, 27, 69, 839 }, // @
    { 23, 27, 337, -3, 27, 36, 908 }, // A
    { 22, 27, 360, 1, 27, 42, 944 }, // B
    { 22, 29, 352, 2, 28, 30, 986 }, // C
    { 23, 27, 400, 1, 27, 37, 1016 }, // D
    { 20, 27, 308, 1, 27, 26, 1053 }, // E
    { 20, 27, 286, 1, 27, 18, 1079 }, // F
    { 23, 29, 407, 2, 28, 38, 1097 }, // G
    { 25, 27, 408, 1, 27, 35, 1135 }, // H
    { 16, 27, 194, -1, 27, 22, 1170 }, // I
    { 17, 35, 164, -6, 27, 22, 1192 }, // J
    { 24, 27, 337, 1, 27, 39, 1214 }, // K
    { 15, 27, 287, 1, 27, 19, 1253 }, // L
    { 31, 27, 505, 1, 27, 56, 1272 }, // M
    { 26, 27, 424, 1, 27, 46, 1328 }, // N
    { 24, 29, 433, 2, 28, 39, 1374 }, // O
    { 21, 27, 340, 1, 27, 31, 1413 }, // P
    { 24, 35, 433, 2, 28, 22, 1444 }, // Q
    { 21, 27, 344, 1, 27, 30, 1466 }, // R
    { 20, 29, 303, 0, 28, 33, 1496 }, // S
    { 20, 27, 301, 3, 27, 20, 1529 }, // T
    { 24, 28, 406, 2, 27, 34, 1549 }, // U
    { 22, 27, 331, 3, 27, 31, 1583 }, // V
    { 32, 27, 514, 4, 27, 51, 1614 }, // W
    { 25, 27, 316, -2, 27, 39, 1665 }, // X
    { 20, 27, 305, 3, 27, 29, 1704 }, // Y
    { 23, 27, 319, -1, 27, 27, 1733 }, // Z
    { 15, 33, 174, -1, 27, 20, 1760 }, // [
    { 8, 27, 214, 4, 27, 18, 1780 }, // <backslash>
    { 15, 33, 174, -3, 27, 21, 1798 }, // ]
    { 20, 17, 343, 1, 27, 22, 1819 }, // ^
    { 16, 3, 237, -4, -3, 6, 1841 }, // _
    { 7, 7, 167, 5, 29, 7, 1847 }, // `
    { 20, 22, 341, 1, 21, 32, 1854 }, // a
    { 19, 30, 347, 1, 29, 39, 1886 }, // b
    { 17, 22, 272, 1, 21, 21, 1925 }, // c
    { 22, 30, 347, 1, 29, 39, 1946 }, // d
    { 17, 22, 299, 1, 21, 25, 1985 }, // e
    { 22, 38, 191, -5, 29, 32, 2010 }, // f
    { 21, 30, 347, 0, 21, 44, 2042 }, // g
    { 19, 29, 347, 1, 29, 27, 2086 }, // h
    { 10, 28, 155, 1, 28, 16, 2113 }, // i
    { 16, 37, 155, -5, 28, 22, 2129 }, // j
    { 19, 29, 297, 1, 29, 35, 2151 }, // k
    { 10, 29, 155, 1, 29, 13, 2186 }, // l
    { 30, 21, 525, 1, 21, 43, 2199 }, // m
    { 20, 21, 347, 0, 21, 26, 2242 }, // n
    { 19, 22, 338, 1, 21, 29, 2268 }, // o
    { 21, 30, 347, -1, 21, 40, 2297 }, // p
    { 20, 30, 347, 1, 21, 21, 2337 }, // q
    { 16, 21, 239, 1, 21, 18, 2358 }, // r
    { 16, 22, 259, 0, 21, 28, 2376 }, // s
    { 13, 26, 199, 1, 25, 25, 2404 }, // t
    { 19, 22, 347, 2, 21, 29, 2429 }, // u
    { 19, 21, 280, 1, 21, 25, 2458 }, // v
    { 27, 21, 434, 2, 21, 46, 2483 }, // w
    { 22, 21, 290, -2, 21, 30, 2529 }, // x
    { 24, 30, 280, -4, 21, 33, 2559 }, // y
    { 18, 21, 267, -1, 21, 22, 2592 }, // z
    { 15, 33, 210, 0, 27, 27, 2614 }, // {
    { 4, 39, 331, 9, 29, 18, 2641 }, // |
    { 15, 33, 210, -2, 27, 28, 2659 }, // }
    { 19, 6, 343, 2, 16, 16, 2687 }, // ~
    { 0, 0, 156, 0, 0, 0, 2703 }, // U+00A0
    { 11, 28, 157, -1, 21, 17, 2703 }, // U+00A1
    { 16, 29, 331, 4, 28, 30, 2720 }, // U+00A2
    { 23, 28, 331, -1, 28, 32, 2750 }, // U+00A3
    { 17, 17, 331, 3, 22, 33, 2782 }, // U+00A4
    { 22, 27, 331, 2, 27, 41, 2815 }, // U+00A5
    { 4, 39, 331, 9, 29, 12, 2856 }, // U+00A6
    { 18, 30, 292, 1, 29, 44, 2868 }, // U+00A7
    { 11, 5, 332, 8, 28, 10, 2912 }, // U+00A8
    { 29, 29, 499, 1, 28, 60, 2922 }, // U+00A9
    { 12, 14, 203, 3, 28, 18, 2982 }, // U+00AA
    { 17, 16, 286, 1, 18, 26, 3000 }, // U+00AB
    { 19, 11, 343, 2, 15, 11, 3026 }, // U+00AC
    { 11, 4, 188, 0, 12, 4, 3037 }, // U+00AD
    { 29, 29, 499, 1, 28, 52, 3041 }, // U+00AE
    { 17, 4, 236, 3, 32, 8, 3093 }, // U+00AF
    { 12, 13, 257, 2, 28, 18, 3101 }, // U+00B0
    { 19, 23, 343, 2, 23, 14, 3119 }, // U+00B1
    { 13, 17, 212, 2, 32, 19, 3133 }, // U+00B2
    { 12, 18, 212, 3, 33, 23, 3152 }, // U+00B3
    { 9, 7, 158, 4, 29, 7, 3175 }, // U+00B4
    { 22, 30, 351, -1, 21, 34, 3182 }, // U+00B5
    { 20, 34, 393, 3, 29, 29, 3216 }, // U+00B6
    { 5, 6, 154, 3, 16, 6, 3245 }, // U+00B7
    { 8, 9, 123, -4, 0, 10, 3251 }, // U+00B8
    { 9, 17, 212, 5, 32, 15, 3261 }, // U+00B9
    { 11, 14, 203, 3, 28, 18, 3276 }, // U+00BA
    { 17, 16, 286, 0, 18, 26, 3294 }, // U+00BB
    { 24, 28, 439, 3, 27, 54, 3320 }, // U+00BC
    { 26, 28, 483, 3, 27, 53, 3374 }, // U+00BD
    { 27, 29, 476, 2, 28, 64, 3427 }, // U+00BE
    { 15, 29, 258, -1, 21, 27, 3491 }, // U+00BF
    { 23, 36, 337, -3, 36, 43, 3518 }, // U+00C0
    { 24, 36, 337, -3, 36, 44, 3561 }, // U+00C1
    { 24, 36, 337, -3, 36, 20, 3605 }, // U+00C2
    { 25, 35, 337, -3, 35, 49, 3625 }, // U+00C3
    { 24, 35, 337, -3, 35, 19, 3674 }, // U+00C4
    { 23, 38, 337, -3, 38, 23, 3693 }, // U+00C5
    { 36, 27, 494, -3, 27, 48, 3716 }, // U+00C6
    { 22, 37, 352, 2, 28, 22, 3764 }, // U+00C7
    { 20, 36, 308, 1, 36, 32, 3786 }, // U+00C8
    { 20, 36, 308, 1, 36, 16, 3818 }, // U+00C9
    { 20, 36, 308, 1, 36, 18, 3834 }, // U+00CA
    { 20, 35, 308, 1, 35, 17, 3852 }, // U+00CB
    { 16, 36, 194, -1, 36, 29, 3869 }, // U+00CC
    { 18, 36, 194, -1, 36, 29, 3898 }, // U+00CD
    { 17, 36, 194, -1, 36, 31, 3927 }, // U+00CE
    { 17, 35, 194, -1, 35, 19, 3958 }, // U+00CF
    { 23, 27, 400, 1, 27, 17, 3977 }, // U+00D0
    { 26, 35, 424, 1, 35, 56, 3994 }, // U+00D1
    { 24, 37, 433, 2, 36, 46, 4050 }, // U+00D2
    { 24, 37, 433, 2, 36, 19, 4096 }, // U+00D3
    { 24, 37, 433, 2, 36, 21, 4115 }, // U+00D4
    { 24, 36, 433, 2, 35, 24, 4136 }, // U+00D5
    { 24, 36, 433, 2, 35, 20, 4160 }, // U+00D6
    { 17, 18, 343, 3, 22, 26, 4180 }, // U+00D7
    { 25, 31, 433, 2, 29, 56, 4206 }, // U+00D8
    { 24, 37, 406, 2, 36, 40, 4262 }, // U+00D9
    { 24, 37, 406, 2, 36, 18, 4302 }, // U+00DA
    { 24, 37, 406, 2, 36, 20, 4320 }, // U+00DB
    { 24, 36, 406, 2, 35, 20, 4340 }, // U+00DC
    { 20, 36, 305, 3, 36, 36, 4360 }, // U+00DD
    { 20, 27, 340, 1, 27, 30, 4396 }, // U+00DE
    { 26, 38, 350, -5, 29, 52, 4426 }, // U+00DF
    { 20, 30, 341, 1, 29, 40, 4478 }, // U+00E0
    { 20, 30, 341, 1, 29, 17, 4518 }, // U+00E1
    { 20, 30, 341, 1, 29, 20, 4535 }, // U+00E2
    { 20, 29, 341, 1, 28, 22, 4555 }, // U+00E3
    { 20, 29, 341, 1, 28, 18, 4577 }, // U+00E4
    { 20, 32, 341, 1, 31, 25, 4595 }, // U+00E5
    { 29, 22, 492, 1, 21, 59, 4620 }, // U+00E6
    { 17, 30, 272, 1, 21, 18, 4679 }, // U+00E7
    { 17, 30, 299, 1, 29, 38, 4697 }, // U+00E8
    { 18, 30, 299, 1, 29, 37, 4735 }, // U+00E9
    { 17, 30, 299, 1, 29, 20, 4772 }, // U+00EA
    { 17, 29, 299, 1, 28, 18, 4792 }, // U+00EB
    { 9, 29, 155, 1, 29, 18, 4810 }, // U+00EC
    { 13, 29, 155, 1, 29, 18, 4828 }, // U+00ED
    { 12, 29, 155, 1, 29, 22, 4846 }, // U+00EE
    { 13, 28, 155, 1, 28, 15, 4868 }, // U+00EF
    { 20, 30, 342, 1, 29, 47, 4883 }, // U+00F0
    { 21, 28, 347, 0, 28, 40, 4930 }, // U+00F1
    { 19, 30, 338, 1, 29, 36, 4970 }, // U+00F2
    { 19, 30, 338, 1, 29, 16, 5006 }, // U+00F3
    { 19, 30, 338, 1, 29, 18, 5022 }, // U+00F4
    { 19, 29, 338, 1, 28, 21, 5040 }, // U+00F5
    { 19, 29, 338, 1, 28, 17, 5061 }, // U+00F6
    { 19, 18, 343, 2, 22, 17, 5078 }, // U+00F7
    { 20, 24, 338, 1, 22, 41, 5095 }, // U+00F8
    { 19, 30, 347, 2, 29, 35, 5136 }, // U+00F9
    { 19, 30, 347, 2, 29, 18, 5171 }, // U+00FA
    { 19, 30, 347, 2, 29, 20, 5189 }, // U+00FB
    { 19, 29, 347, 2, 28, 18, 5209 }, // U+00FC
    { 24, 38, 280, -4, 29, 37, 5227 }, // U+00FD
    { 21, 38, 347, -1, 29, 44, 5264 }, // U+00FE
    { 24, 37, 280, -4, 28, 20, 5308 }, // U+00FF
    { 24, 33, 337, -3, 33, 15, 5328 }, // U+0100
    { 20, 27, 341, 1, 26, 16, 5343 }, // U+0101
    { 24, 35, 337, -3, 35, 20, 5359 }, // U+0102
    { 20, 29, 341, 1, 28, 20, 5379 }, // U+0103
    { 23, 36, 337, -3, 27, 20, 5399 }, // U+0104
    { 20, 30, 341, 1, 21, 19, 5419 }, // U+0105
    { 22, 37, 352, 2, 36, 37, 5438 }, // U+0106
    { 17, 30, 272, 1, 29, 27, 5475 }, // U+0107
    { 22, 37, 352, 2, 36, 20, 5502 }, // U+0108
    { 17, 30, 272, 1, 29, 19, 5522 }, // U+0109
    { 22, 36, 352, 2, 35, 15, 5541 }, // U+010A
    { 17, 29, 272, 1, 28, 11, 5556 }, // U+010B
    { 22, 37, 352, 2, 36, 20, 5567 }, // U+010C
    { 18, 30, 272, 1, 29, 30, 5587 }, // U+010D
    { 23, 36, 400, 1, 36, 46, 5617 }, // U+010E
    { 28, 30, 368, 1, 29, 45, 5663 }, // U+010F
    { 23, 27, 400, 1, 27, 13, 5708 }, // U+0110
    { 24, 30, 347, 1, 29, 45, 5721 }, // U+0111
    { 20, 33, 308, 1, 33, 15, 5766 }, // U+0112
    { 17, 27, 299, 1, 26, 15, 5781 }, // U+0113
    { 20, 35, 308, 1, 35, 20, 5796 }, // U+0114
    { 18, 29, 299, 1, 28, 21, 5816 }, // U+0115
    { 20, 35, 308, 1, 35, 13, 5837 }, // U+0116
    { 17, 29, 299, 1, 28, 14, 5850 }, // U+0117
    { 20, 36, 308, 1, 27, 19, 5864 }, // U+0118
    { 17, 30, 299, 1, 21, 18, 5883 }, // U+0119
    { 21, 36, 308, 1, 36, 36, 5901 }, // U+011A
    { 19, 30, 299, 1, 29, 39, 5937 }, // U+011B
    { 23, 37, 407, 2, 36, 50, 5976 }, // U+011C
    { 21, 38, 347, 0, 29, 52, 6026 }, // U+011D
    { 23, 36, 407, 2, 35, 22, 6078 }, // U+011E
    { 21, 37, 347, 0, 28, 22, 6100 }, // U+011F
    { 23, 36, 407, 2, 35, 17, 6122 }, // U+0120
    { 21, 37, 347, 0, 28, 18, 6139 }, // U+0121
    { 23, 37, 407, 2, 28, 19, 6157 }, // U+0122
    { 21, 38, 347, 0, 29, 18, 6176 }, // U+0123
    { 25, 36, 408, 1, 36, 44, 6194 }, // U+0124
    { 19, 37, 347, 1, 37, 41, 6238 }, // U+0125
    { 28, 27, 408, 1, 27, 47, 6279 }, // U+0126
    { 19, 29, 347, 1, 29, 25, 6326 }, // U+0127
    { 19, 35, 194, -1, 35, 33, 6351 }, // U+0128
    { 14, 28, 155, 1, 28, 25, 6384 }, // U+0129
    { 17, 33, 194, -1, 33, 14, 6409 }, // U+012A
    { 12, 26, 155, 1, 26, 12, 6423 }, // U+012B
    { 18, 35, 194, -1, 35, 20, 6435 }, // U+012C
    { 13, 28, 155, 1, 28, 15, 6455 }, // U+012D
    { 16, 36, 194, -1, 27, 17, 6470 }, // U+012E
    { 13, 37, 155, -2, 28, 25, 6487 }, // U+012F
    { 16, 35, 194, -1, 35, 14, 6512 }, // U+0130
    { 8, 21, 155, 1, 21, 12, 6526 }, // U+0131
    { 24, 35, 358, -1, 27, 44, 6538 }, // U+0132
    { 19, 37, 310, 1, 28, 37, 6582 }, // U+0133
    { 21, 44, 164, -6, 36, 31, 6619 }, // U+0134
    { 19, 38, 155, -5, 29, 27, 6650 }, // U+0135
    { 24, 36, 337, 1, 27, 20, 6677 }, // U+0136
    { 19, 38, 297, 1, 29, 18, 6697 }, // U+0137
    { 19, 21, 297, 1, 21, 11, 6715 }, // U+0138
    { 15, 36, 287, 1, 36, 23, 6726 }, // U+0139
    { 15, 37, 155, 1, 37, 23, 6749 }, // U+013A
    { 15, 36, 287, 1, 27, 14, 6772 }, // U+013B
    { 13, 38, 155, -2, 29, 19, 6786 }, // U+013C
    { 19, 27, 287, 1, 27, 24, 6805 }, // U+013D
    { 16, 29, 173, 1, 29, 23, 6829 }, // U+013E
    { 16, 27, 287, 1, 27, 21, 6852 }, // U+013F
    { 13, 29, 178, 1, 29, 19, 6873 }, // U+0140
    { 16, 27, 287, 0, 27, 24, 6892 }, // U+0141
    { 11, 29, 155, 0, 29, 23, 6916 }, // U+0142
    { 26, 36, 424, 1, 36, 23, 6939 }, // U+0143
    { 20, 29, 347, 0, 29, 34, 6962 }, // U+0144
    { 26, 36, 424, 1, 27, 22, 6996 }, // U+0145
    { 20, 30, 347, 0, 21, 17, 7018 }, // U+0146
    { 26, 36, 424, 1, 36, 26, 7035 }, // U+0147
    { 21, 29, 347, 0, 29, 20, 7061 }, // U+0148
    { 22, 27, 394, 1, 27, 36, 7081 }, // U+0149
    { 26, 35, 424, 1, 27, 28, 7117 }, // U+014A
    { 19, 30, 347, 1, 21, 20, 7145 }, // U+014B
    { 24, 34, 433, 2, 33, 17, 7165 }, // U+014C
    { 19, 27, 338, 1, 26, 14, 7182 }, // U+014D
    { 24, 36, 433, 2, 35, 21, 7196 }, // U+014E
    { 19, 29, 338, 1, 28, 18, 7217 }, // U+014F
    { 26, 37, 433, 2, 36, 51, 7235 }, // U+0150
    { 22, 30, 338, 1, 29, 41, 7286 }, // U+0151
    { 32, 29, 515, 2, 28, 46, 7327 }, // U+0152
    { 31, 22, 520, 1, 21, 53, 7373 }, // U+0153
    { 21, 36, 344, 1, 36, 43, 7426 }, // U+0154
    { 17, 29, 239, 1, 29, 24, 7469 }, // U+0155
    { 21, 36, 344, 1, 27, 18, 7493 }, // U+0156
    { 19, 30, 239, -2, 21, 26, 7511 }, // U+0157
    { 21, 36, 344, 1, 36, 20, 7537 }, // U+0158
    { 18, 29, 239, 1, 29, 28, 7557 }, // U+0159
    { 20, 37, 303, 0, 36, 41, 7585 }, // U+015A
    { 17, 30, 259, 0, 29, 35, 7626 }, // U+015B
    { 20, 37, 303, 0, 36, 21, 7661 }, // U+015C
    { 16, 30, 259, 0, 29, 38, 7682 }, // U+015D
    { 20, 37, 303, 0, 28, 22, 7720 }, // U+015E
    { 16, 30, 259, 0, 21, 19, 7742 }, // U+015F
    { 20, 37, 303, 0, 36, 20, 7761 }, // U+0160
    { 18, 30, 259, 0, 29, 38, 7781 }, // U+0161
    { 21, 36, 301, 2, 27, 29, 7819 }, // U+0162
    { 13, 34, 199, 1, 25, 20, 7848 }, // U+0163
    { 20, 36, 301, 3, 36, 29, 7868 }, // U+0164
    { 16, 30, 199, 1, 29, 29, 7897 }, // U+0165
    { 20, 27, 301, 3, 27, 16, 7926 }, // U+0166
    { 14, 26, 199, 0, 25, 30, 7942 }, // U+0167
    { 24, 36, 406, 2, 35, 23, 7972 }, // U+0168
    { 19, 29, 347, 2, 28, 23, 7995 }, // U+0169
    { 24, 34, 406, 2, 33, 16, 8018 }, // U+016A
    { 19, 27, 347, 2, 26, 14, 8034 }, // U+016B
    { 24, 36, 406, 2, 35, 20, 8048 }, // U+016C
    { 19, 29, 347, 2, 28, 19, 8068 }, // U+016D
    { 24, 39, 406, 2, 38, 22, 8087 }, // U+016E
    { 19, 32, 347, 2, 31, 25, 8109 }, // U+016F
    { 25, 37, 406, 2, 36, 46, 8134 }, // U+0170
    { 21, 30, 347, 2, 29, 40, 8180 }, // U+0171
    { 24, 36, 406, 2, 27, 21, 8220 }, // U+0172
    { 19, 30, 347, 2, 21, 18, 8241 }, // U+0173
    { 32, 36, 514, 4, 36, 60, 8259 }, // U+0174
    { 27, 29, 434, 2, 29, 43, 8319 }, // U+0175
    { 20, 36, 305, 3, 36, 19, 8362 }, // U+0176
    { 24, 38, 280, -4, 29, 21, 8381 }, // U+0177
    { 20, 35, 305, 3, 35, 18, 8402 }, // U+0178
    { 23, 36, 319, -1, 36, 34, 8420 }, // U+0179
    { 19, 29, 267, -1, 29, 29, 8454 }, // U+017A
    { 23, 35, 319, -1, 35, 16, 8483 }, // U+017B
    { 18, 28, 267, -1, 28, 13, 8499 }, // U+017C
    { 23, 36, 319, -1, 36, 19, 8512 }, // U+017D
    { 19, 29, 267, -1, 29, 18, 8531 }, // U+017E
    { 22, 38, 170, -5, 29, 25, 8549 }, // U+017F
    { 30, 30, 431, 2, 29, 45, 8574 }, // U+01A0
    { 24, 25, 341, 1, 24, 34, 8619 }, // U+01A1
    { 31, 30, 436, 2, 29, 41, 8653 }, // U+01AF
    { 26, 25, 376, 2, 24, 36, 8694 }, // U+01B0
    { 46, 36, 719, 1, 36, 76, 8730 }, // U+01C4
    { 42, 29, 667, 1, 29, 69, 8806 }, // U+01C5
    { 39, 30, 614, 1, 29, 70, 8875 }, // U+01C6
    { 28, 35, 451, 1, 27, 41, 8945 }, // U+01C7
    { 28, 37, 442, 1, 28, 40, 8986 }, // U+01C8
    { 19, 38, 310, 1, 29, 19, 9026 }, // U+01C9
    { 37, 35, 588, 1, 27, 68, 9045 }, // U+01CA
    { 36, 37, 579, 1, 28, 68, 9113 }, // U+01CB
    { 32, 37, 502, 0, 28, 49, 9181 }, // U+01CC
    { 25, 36, 337, -3, 36, 22, 9230 }, // U+01CD
    { 20, 30, 341, 1, 29, 20, 9252 }, // U+01CE
    { 18, 36, 194, -1, 36, 18, 9272 }, // U+01CF
    { 14, 29, 155, 1, 29, 19, 9290 }, // U+01D0
    { 24, 37, 433, 2, 36, 20, 9309 }, // U+01D1
    { 19, 30, 338, 1, 29, 17, 9329 }, // U+01D2
    { 24, 37, 406, 2, 36, 19, 9346 }, // U+01D3
    { 19, 30, 347, 2, 29, 18, 9365 }, // U+01D4
    { 24, 40, 406, 2, 39, 25, 9383 }, // U+01D5
    { 19, 33, 347, 2, 32, 21, 9408 }, // U+01D6
    { 24, 41, 406, 2, 40, 24, 9429 }, // U+01D7
    { 19, 34, 347, 2, 33, 22, 9453 }, // U+01D8
    { 24, 42, 406, 2, 41, 30, 9475 }, // U+01D9
    { 20, 35, 347, 2, 34, 45, 9505 }, // U+01DA
    { 24, 41, 406, 2, 40, 23, 9550 }, // U+01DB
    { 19, 34, 347, 2, 33, 22, 9573 }, // U+01DC
    { 17, 22, 296, 0, 21, 33, 9595 }, // U+01DD
    { 25, 39, 337, -3, 39, 26, 9628 }, // U+01DE
    { 20, 33, 341, 1, 32, 22, 9654 }, // U+01DF
    { 25, 39, 337, -3, 39, 20, 9676 }, // U+01E0
    { 20, 33, 341, 1, 32, 21, 9696 }, // U+01E1
    { 36, 33, 494, -3, 33, 20, 9717 }, // U+01E2
    { 29, 27, 492, 1, 26, 22, 9737 }, // U+01E3
    { 23, 29, 407, 2, 28, 19, 9759 }, // U+01E4
    { 21, 30, 303, 0, 21, 31, 9778 }, // U+01E5
    { 23, 37, 407, 2, 36, 22, 9809 }, // U+01E6
    { 21, 38, 347, 0, 29, 23, 9831 }, // U+01E7
    { 24, 36, 337, 1, 36, 49, 9854 }, // U+01E8
    { 19, 37, 297, 1, 37, 45, 9903 }, // U+01E9
    { 24, 37, 433, 2, 28, 20, 9948 }, // U+01EA
    { 19, 30, 338, 1, 21, 19, 9968 }, // U+01EB
    { 24, 42, 433, 2, 33, 19, 9987 }, // U+01EC
    { 19, 35, 338, 1, 26, 17, 10006 }, // U+01ED
    { 21, 36, 317, 0, 35, 44, 10023 }, // U+01EE
    { 20, 38, 278, -3, 29, 46, 10067 }, // U+01EF
    { 20, 38, 155, -5, 29, 27, 10113 }, // U+01F0
    { 46, 27, 719, 1, 27, 64, 10140 }, // U+01F1
    { 41, 27, 667, 1, 27, 60, 10204 }, // U+01F2
    { 38, 30, 614, 1, 29, 62, 10264 }, // U+01F3
    { 23, 37, 407, 2, 36, 19, 10326 }, // U+01F4
    { 21, 38, 347, 0, 29, 19, 10345 }, // U+01F5
    { 32, 28, 539, 1, 27, 49, 10364 }, // U+01F6
    { 25, 37, 379, -1, 28, 47, 10413 }, // U+01F7
    { 26, 36, 424, 1, 36, 22, 10460 }, // U+01F8
    { 20, 29, 347, 0, 29, 16, 10482 }, // U+01F9
    { 24, 36, 337, -3, 36, 33, 10498 }, // U+01FA
    { 20, 37, 341, 1, 36, 31, 10531 }, // U+01FB
    { 36, 36, 494, -3, 36, 23, 10562 }, // U+01FC
    { 29, 30, 492, 1, 29, 24, 10585 }, // U+01FD
    { 25, 37, 433, 2, 35, 22, 10609 }, // U+01FE
    { 20, 31, 338, 1, 29, 19, 10631 }, // U+01FF
    { 23, 36, 337, -3, 36, 23, 10650 }, // U+0200
    { 20, 30, 341, 1, 29, 22, 10673 }, // U+0201
    { 24, 35, 337, -3, 35, 20, 10695 }, // U+0202
    { 20, 29, 341, 1, 28, 19, 10715 }, // U+0203
    { 20, 36, 308, 1, 36, 20, 10734 }, // U+0204
    { 17, 30, 299, 1, 29, 22, 10754 }, // U+0205
    { 20, 35, 308, 1, 35, 18, 10776 }, // U+0206
    { 17, 29, 299, 1, 28, 18, 10794 }, // U+0207
    { 16, 36, 194, -1, 36, 21, 10812 }, // U+0208
    { 14, 29, 155, -2, 29, 24, 10833 }, // U+0209
    { 17, 35, 194, -1, 35, 17, 10857 }, // U+020A
    { 13, 28, 155, 1, 28, 15, 10874 }, // U+020B
    { 24, 37, 433, 2, 36, 24, 10889 }, // U+020C
    { 19, 30, 338, 1, 29, 21, 10913 }, // U+020D
    { 24, 36, 433, 2, 35, 19, 10934 }, // U+020E
    { 19, 29, 338, 1, 28, 17, 10953 }, // U+020F
    { 21, 36, 344, 1, 36, 23, 10970 }, // U+0210
    { 16, 29, 239, 1, 29, 29, 10993 }, // U+0211
    { 21, 35, 344, 1, 35, 21, 11022 }, // U+0212
    { 16, 28, 239, 1, 28, 16, 11043 }, // U+0213
    { 24, 37, 406, 2, 36, 22, 11059 }, // U+0214
    { 19, 30, 347, 2, 29, 22, 11081 }, // U+0215
    { 24, 36, 406, 2, 35, 20, 11103 }, // U+0216
    { 19, 29, 347, 2, 28, 18, 11123 }, // U+0217
    { 20, 37, 303, 0, 28, 17, 11141 }, // U+0218
    { 16, 30, 259, 0, 21, 17, 11158 }, // U+0219
    { 20, 36, 301, 3, 27, 14, 11175 }, // U+021A
    { 13, 34, 199, 1, 25, 15, 11189 }, // U+021B
    { 24, 35, 345, -2, 28, 46, 11204 }, // U+021C
    { 21, 30, 298, -3, 21, 39, 11250 }, // U+021D
    { 25, 36, 408, 1, 36, 22, 11289 }, // U+021E
    { 19, 37, 347, 1, 37, 22, 11311 }, // U+021F
    { 7, 7, 0, -15, 29, 6, 11333 }, // U+0300
    { 9, 7, 0, -9, 29, 8, 11339 }, // U+0301
    { 13, 7, 0, -4, 29, 12, 11347 }, // U+0302
    { 15, 6, 0, -16, 28, 13, 11359 }, // U+0303
    { 12, 4, 0, -3, 26, 6, 11372 }, // U+0304
    { 16, 4, 0, -4, 32, 6, 11378 }, // U+0305
    { 11, 6, 0, -2, 28, 10, 11384 }, // U+0306
    { 5, 5, 0, 1, 28, 6, 11394 }, // U+0307
    { 11, 5, 0, -2, 28, 7, 11400 }, // U+0308
    { 7, 9, 0, -11, 31, 11, 11407 }, // U+0309
    { 9, 9, 0, -1, 31, 15, 11418 }, // U+030A
    { 15, 7, 0, -3, 29, 13, 11433 }, // U+030B
    { 12, 7, 0, -2, 29, 11, 11446 }, // U+030C
    { 6, 11, 0, 0, 29, 7, 11457 }, // U+030D
    { 11, 7, 0, -2, 29, 11, 11464 }, // U+030E
    { 14, 7, 0, -19, 29, 9, 11475 }, // U+030F
    { 12, 10, 0, -2, 32, 15, 11484 }, // U+0310
    { 12, 6, 0, -3, 28, 10, 11499 }, // U+0311
    { 9, 10, 0, -2, 27, 8, 11509 }, // U+0312
    { 9, 10, 0, -2, 27, 8, 11517 }, // U+0313
    { 5, 10, 0, 0, 27, 7, 11525 }, // U+0314
    { 9, 10, 0, -2, 27, 6, 11532 }, // U+0315
    { 7, 7, 0, -7, -1, 8, 11538 }, // U+0316
    { 9, 7, 0, -6, -1, 7, 11546 }, // U+0317
    { 9, 8, 0, -7, -1, 9, 11553 }, // U+0318
    { 8, 8, 0, -7, -1, 9, 11562 }, // U+0319
    { 12, 11, 196, 3, 29, 10, 11571 }, // U+031A
    { 9, 9, 0, -2, 29, 9, 11581 }, // U+031B
    { 6, 9, 0, -2, 0, 10, 11590 }, // U+031C
    { 9, 7, 0, -8, -1, 9, 11600 }, // U+031D
    { 9, 7, 0, -7, -1, 7, 11609 }, // U+031E
    { 10, 8, 0, -8, -1, 11, 11616 }, // U+031F
    { 10, 3, 0, -8, -3, 5, 11627 }, // U+0320
    { 9, 11, 0, -8, 2, 10, 11632 }, // U+0321
    { 7, 11, 0, -4, 2, 9, 11642 }, // U+0322
    { 5, 5, 0, -16, -2, 6, 11651 }, // U+0323
    { 12, 5, 0, -9, -2, 9, 11657 }, // U+0324
    { 10, 9, 0, -8, 0, 12, 11666 }, // U+0325
    { 7, 7, 0, 2, -2, 7, 11678 }, // U+0326
    { 8, 9, 0, -7, 0, 7, 11685 }, // U+0327
    { 7, 9, 0, -6, 0, 10, 11692 }, // U+0328
    { 6, 11, 0, -6, -1, 7, 11702 }, // U+0329
    { 16, 8, 0, -11, -1, 10, 11709 }, // U+032A
    { 15, 5, 0, -10, -2, 16, 11719 }, // U+032B
    { 12, 7, 0, -8, -1, 8, 11735 }, // U+032C
    { 12, 7, 0, -9, -1, 11, 11743 }, // U+032D
    { 12, 6, 0, -8, -2, 11, 11754 }, // U+032E
    { 12, 6, 0, -9, -2, 10, 11765 }, // U+032F
    { 14, 6, 0, -10, -2, 6, 11775 }, // U+0330
    { 12, 4, 0, -9, -3, 5, 11781 }, // U+0331
    { 17, 3, 0, -12, -3, 7, 11786 }, // U+0332
    { 18, 9, 0, -12, 0, 11, 11793 }, // U+0333
    { 14, 6, 0, -7, 13, 6, 11804 }, // U+0334
    { 16, 4, 0, -8, 13, 6, 11810 }, // U+0335
    { 26, 3, 0, -13, 12, 8, 11816 }, // U+0336
    { 12, 9, 0, -6, 15, 10, 11824 }, // U+0337
    { 22, 32, 0, -11, 29, 22, 11834 }, // U+0338
    { 6, 9, 0, -3, 0, 8, 11856 }, // U+0339
    { 16, 8, 0, -11, -1, 10, 11864 }, // U+033A
    { 16, 8, 0, -11, -1, 14, 11874 }, // U+033B
    { 15, 5, 0, -10, -2, 15, 11888 }, // U+033C
    { 9, 9, 0, -1, 30, 16, 11903 }, // U+033D
    { 9, 12, 0, -1, 33, 12, 11919 }, // U+033E
    { 18, 9, 0, -4, 37, 7, 11931 }, // U+033F
    { 7, 7, 0, -2, 29, 6, 11938 }, // U+0340
    { 9, 7, 0, 1, 29, 5, 11944 }, // U+0341
    { 14, 6, 0, 6, 28, 10, 11949 }, // U+0342
    { 6, 8, 0, 1, 30, 8, 11959 }, // U+0343
    { 15, 8, 0, -4, 30, 15, 11967 }, // U+0344
    { 7, 6, 0, -5, -3, 7, 11982 }, // U+0345
    { 17, 7, 0, -5, 29, 11, 11989 }, // U+0346
    { 17, 9, 0, -11, 0, 12, 12000 }, // U+0347
    { 11, 7, 0, -8, -1, 11, 12012 }, // U+0348
    { 8, 7, 0, -6, -2, 7, 12023 }, // U+0349
    { 15, 8, 0, -4, 29, 12, 12030 }, // U+034A
    { 15, 14, 0, -4, 35, 24, 12042 }, // U+034B
    { 16, 11, 0, -4, 33, 23, 12066 }, // U+034C
    { 14, 8, 0, -10, -1, 16, 12089 }, // U+034D
    { 7, 9, 0, -6, 0, 10, 12105 }, // U+034E
    { 28, 27, 0, -14, 27, 89, 12115 }, // U+034F
    { 7, 8, 0, 0, 30, 12, 12204 }, // U+0350
    { 6, 9, 0, 4, 31, 7, 12216 }, // U+0351
    { 11, 10, 0, -2, 32, 15, 12223 }, // U+0352
    { 8, 8, 0, -6, -1, 13, 12238 }, // U+0353
    { 7, 8, 0, -6, -1, 11, 12251 }, // U+0354
    { 7, 8, 0, -5, -1, 13, 12262 }, // U+0355
    { 15, 8, 0, -9, -1, 21, 12275 }, // U+0356
    { 5, 9, 0, 4, 31, 8, 12296 }, // U+0357
    { 5, 5, 0, 1, 28, 5, 12304 }, // U+0358
    { 9, 8, 0, -7, -1, 17, 12309 }, // U+0359
    { 15, 8, 0, -10, -1, 20, 12326 }, // U+035A
    { 8, 8, 0, 0, 30, 9, 12346 }, // U+035B
    { 28, 8, 0, -16, -1, 20, 12355 }, // U+035C
    { 28, 8, 0, -11, 30, 19, 12375 }, // U+035D
    { 20, 4, 0, -7, 26, 8, 12394 }, // U+035E
    { 20, 4, 0, -13, -2, 4, 12402 }, // U+035F
    { 29, 6, 0, -11, 28, 18, 12406 }, // U+0360
    { 27, 8, 0, -10, 33, 19, 12424 }, // U+0361
    { 28, 8, 0, -18, -1, 15, 12443 }, // U+0362
    { 10, 9, 0, -1, 32, 20, 12458 }, // U+0363
    { 8, 9, 0, 0, 32, 17, 12478 }, // U+0364
    { 6, 12, 0, 1, 35, 9, 12495 }, // U+0365
    { 9, 9, 0, -1, 32, 16, 12504 }, // U+0366
    { 10, 9, 0, -1, 32, 14, 12520 }, // U+0367
    { 8, 9, 0, 0, 32, 13, 12534 }, // U+0368
    { 10, 12, 0, -1, 35, 16, 12547 }, // U+0369
    { 9, 12, 0, -1, 35, 16, 12563 }, // U+036A
    { 15, 9, 0, -4, 32, 20, 12579 }, // U+036B
    { 8, 9, 0, 0, 32, 9, 12599 }, // U+036C
    { 7, 11, 0, 1, 34, 12, 12608 }, // U+036D
    { 9, 9, 0, 0, 32, 13, 12620 }, // U+036E
    { 11, 9, 0, -2, 32, 15, 12633 }, // U+036F
    { 20, 36, 304, 1, 36, 32, 12648 }, // U+0400
    { 20, 34, 304, 1, 34, 19, 12680 }, // U+0401
    { 20, 28, 399, 3, 27, 38, 12699 }, // U+0402
    { 20, 36, 283, 1, 36, 23, 12737 }, // U+0403
    { 22, 29, 349, 2, 28, 33, 12760 }, // U+0404
    { 20, 29, 303, 0, 28, 15, 12793 }, // U+0405
    { 10, 27, 162, 1, 27, 8, 12808 }, // U+0406
    { 13, 34, 163, 1, 34, 17, 12816 }, // U+0407
    { 17, 35, 164, -6, 27, 9, 12833 }, // U+0408
    { 36, 28, 556, -2, 27, 51, 12842 }, // U+0409
    { 32, 27, 552, 1, 27, 45, 12893 }, // U+040A
    { 21, 27, 408, 3, 27, 34, 12938 }, // U+040B
    { 24, 36, 338, 1, 36, 46, 12972 }, // U+040C
    { 25, 36, 412, 1, 36, 45, 13018 }, // U+040D
    { 25, 36, 337, 0, 35, 46, 13063 }, // U+040E
    { 24, 33, 397, 1, 27, 37, 13109 }, // U+040F
    { 23, 27, 342, -3, 27, 11, 13146 }, // U+0410
    { 21, 27, 331, 1, 27, 33, 13157 }, // U+0411
    { 21, 27, 352, 1, 27, 38, 13190 }, // U+0412
    { 20, 27, 283, 1, 27, 16, 13228 }, // U+0413
    { 30, 33, 413, -4, 27, 45, 13244 }, // U+0414
    { 20, 27, 304, 1, 27, 9, 13289 }, // U+0415
    { 36, 27, 481, -2, 27, 60, 13298 }, // U+0416
    { 21, 29, 313, -1, 28, 36, 13358 }, // U+0417
    { 25, 27, 412, 1, 27, 36, 13394 }, // U+0418
    { 25, 35, 412, 1, 35, 23, 13430 }, // U+0419
    { 24, 27, 338, 1, 27, 38, 13453 }, // U+041A
    { 28, 28, 403, -2, 27, 34, 13491 }, // U+041B
    { 31, 27, 503, 1, 27, 47, 13525 }, // U+041C
    { 25, 27, 405, 1, 27, 26, 13572 }, // U+041D
    { 24, 29, 418, 2, 28, 40, 13598 }, // U+041E
    { 25, 27, 400, 1, 27, 31, 13638 }, // U+041F
    { 21, 27, 328, 1, 27, 31, 13669 }, // U+0420
    { 22, 29, 349, 2, 28, 17, 13700 }, // U+0421
    { 20, 27, 314, 3, 27, 20, 13717 }, // U+0422
    { 25, 28, 337, 0, 27, 13, 13737 }, // U+0423
    { 27, 29, 473, 2, 28, 52, 13750 }, // U+0424
    { 25, 27, 322, -2, 27, 14, 13802 }, // U+0425
    { 25, 33, 406, 1, 27, 32, 13816 }, // U+0426
    { 21, 27, 374, 3, 27, 32, 13848 }, // U+0427
    { 35, 27, 571, 1, 27, 46, 13880 }, // U+0428
    { 35, 33, 581, 1, 27, 26, 13926 }, // U+0429
    { 20, 27, 381, 3, 27, 30, 13952 }, // U+042A
    { 29, 27, 476, 1, 27, 45, 13982 }, // U+042B
    { 18, 27, 328, 1, 27, 30, 14027 }, // U+042C
    { 22, 29, 352, 0, 28, 36, 14057 }, // U+042D
    { 34, 29, 564, 1, 28, 55, 14093 }, // U+042E
    { 24, 27, 346, -2, 27, 37, 14148 }, // U+042F
    { 20, 22, 340, 1, 21, 34, 14185 }, // U+0430
    { 21, 30, 332, 1, 29, 41, 14219 }, // U+0431
    { 18, 22, 311, 1, 21, 33, 14260 }, // U+0432
    { 17, 22, 275, 0, 21, 30, 14293 }, // U+0433
    { 20, 30, 334, 1, 29, 41, 14323 }, // U+0434
    { 17, 22, 295, 1, 21, 21, 14364 }, // U+0435
    { 35, 22, 527, -1, 21, 54, 14385 }, // U+0436
    { 16, 22, 268, 0, 21, 29, 14439 }, // U+0437
    { 20, 22, 341, 1, 21, 30, 14468 }, // U+0438
    { 20, 29, 341, 1, 28, 19, 14498 }, // U+0439
    { 21, 21, 302, 0, 21, 29, 14517 }, // U+043A
    { 23, 22, 340, -2, 21, 26, 14546 }, // U+043B
    { 28, 21, 448, 0, 21, 42, 14572 }, // U+043C
    { 21, 21, 343, 0, 21, 28, 14614 }, // U+043D
    { 19, 22, 335, 1, 21, 25, 14642 }, // U+043E
    { 20, 21, 339, 0, 21, 29, 14667 }, // U+043F
    { 22, 30, 343, -2, 21, 40, 14696 }, // U+0440
    { 17, 22, 277, 1, 21, 21, 14736 }, // U+0441
    { 31, 21, 520, 0, 21, 43, 14757 }, // U+0442
    { 24, 30, 292, -4, 21, 31, 14800 }, // U+0443
    { 23, 38, 402, 1, 29, 55, 14831 }, // U+0444
    { 21, 21, 274, -2, 21, 31, 14886 }, // U+0445
    { 20, 27, 356, 1, 21, 18, 14917 }, // U+0446
    { 18, 21, 333, 2, 21, 25, 14935 }, // U+0447
    { 31, 22, 520, 1, 21, 45, 14960 }, // U+0448
    { 31, 27, 534, 1, 21, 22, 15005 }, // U+0449
    { 20, 22, 358, 1, 21, 28, 15027 }, // U+044A
    { 26, 22, 439, 1, 21, 37, 15055 }, // U+044B
    { 17, 22, 308, 1, 21, 26, 15092 }, // U+044C
    { 16, 22, 285, 1, 21, 28, 15118 }, // U+044D
    { 27, 22, 466, 1, 21, 41, 15146 }, // U+044E
    { 21, 21, 306, -2, 21, 28, 15187 }, // U+044F
    { 17, 30, 295, 1, 29, 27, 15215 }, // U+0450
    { 18, 29, 295, 1, 28, 31, 15242 }, // U+0451
    { 19, 38, 345, 1, 29, 37, 15273 }, // U+0452
    { 17, 30, 275, 0, 29, 36, 15310 }, // U+0453
    { 17, 22, 278, 1, 21, 15, 15346 }, // U+0454
    { 16, 22, 259, 0, 21, 13, 15361 }, // U+0455
    { 10, 28, 155, 1, 28, 8, 15374 }, // U+0456
    { 13, 28, 149, 0, 28, 20, 15382 }, // U+0457
    { 16, 37, 149, -5, 28, 18, 15402 }, // U+0458
    { 31, 22, 490, -2, 21, 42, 15420 }, // U+0459
    { 29, 22, 484, 0, 21, 39, 15462 }, // U+045A
    { 19, 29, 346, 1, 29, 24, 15501 }, // U+045B
    { 21, 29, 302, 0, 29, 36, 15525 }, // U+045C
    { 20, 30, 341, 1, 29, 18, 15561 }, // U+045D
    { 24, 37, 292, -4, 28, 21, 15579 }, // U+045E
    { 20, 29, 341, 1, 21, 17, 15600 }, // U+045F
    { 35, 28, 551, 3, 27, 54, 15617 }, // U+0460
    { 29, 21, 473, 2, 21, 41, 15671 }, // U+0461
    { 18, 27, 353, 2, 27, 35, 15712 }, // U+0462
    { 29, 22, 501, 0, 21, 40, 15747 }, // U+0463
    { 34, 29, 518, 1, 28, 53, 15787 }, // U+0464
    { 26, 22, 416, 1, 21, 38, 15840 }, // U+0465
    { 24, 27, 364, -3, 27, 42, 15878 }, // U+0466
    { 20, 21, 320, -2, 21, 31, 15920 }, // U+0467
    { 29, 27, 509, 1, 27, 62, 15951 }, // U+0468
    { 25, 21, 439, 1, 21, 46, 16013 }, // U+0469
    { 28, 27, 400, -2, 27, 49, 16059 }, // U+046A
    { 25, 21, 361, -3, 21, 41, 16108 }, // U+046B
    { 35, 27, 553, 1, 27, 70, 16149 }, // U+046C
    { 29, 21, 482, 1, 21, 52, 16219 }, // U+046D
    { 22, 40, 323, -2, 32, 58, 16271 }, // U+046E
    { 19, 33, 272, -2, 25, 49, 16329 }, // U+046F
    { 27, 27, 445, 4, 27, 45, 16378 }, // U+0470
    { 23, 38, 434, 2, 29, 47, 16423 }, // U+0471
    { 24, 29, 433, 2, 28, 18, 16470 }, // U+0472
    { 19, 22, 338, 1, 21, 18, 16488 }, // U+0473
    { 23, 27, 340, 3, 27, 32, 16506 }, // U+0474
    { 19, 21, 270, 1, 21, 19, 16538 }, // U+0475
    { 23, 36, 340, 3, 36, 44, 16557 }, // U+0476
    { 19, 29, 270, 1, 29, 35, 16601 }, // U+0477
    { 45, 37, 713, 2, 28, 74, 16636 }, // U+0478
    { 40, 30, 618, 1, 21, 62, 16710 }, // U+0479
    { 25, 33, 445, 2, 30, 45, 16772 }, // U+047A
    { 20, 26, 350, 1, 23, 34, 16817 }, // U+047B
    { 33, 40, 575, 2, 39, 79, 16851 }, // U+047C
    { 28, 34, 479, 1, 33, 67, 16930 }, // U+047D
    { 35, 35, 551, 3, 34, 26, 16997 }, // U+047E
    { 29, 27, 473, 2, 27, 22, 17023 }, // U+047F
    { 22, 37, 352, 2, 28, 19, 17045 }, // U+0480
    { 17, 30, 272, 1, 21, 18, 17064 }, // U+0481
    { 20, 25, 365, 2, 24, 42, 17082 }, // U+0482
    { 15, 6, 0, -15, 27, 9, 17124 }, // U+0483
    { 14, 6, 0, -15, 28, 12, 17133 }, // U+0484
    { 6, 8, 0, -11, 30, 9, 17145 }, // U+0485
    { 5, 8, 0, -10, 30, 7, 17154 }, // U+0486
    { 15, 6, 0, -3, 34, 13, 17161 }, // U+0487
    { 44, 40, 0, -22, 30, 71, 17174 }, // U+0488
    { 42, 42, 0, -21, 31, 63, 17245 }, // U+0489
    { 26, 43, 427, 1, 35, 61, 17308 }, // U+048A
    { 19, 36, 350, 2, 29, 29, 17369 }, // U+048B
    { 18, 27, 332, 1, 27, 32, 17398 }, // U+048C
    { 16, 30, 314, 2, 29, 31, 17430 }, // U+048D
    { 21, 27, 341, 1, 27, 21, 17461 }, // U+048E
    { 21, 30, 347, -1, 21, 22, 17482 }, // U+048F
    { 21, 33, 287, 1, 33, 21, 17504 }, // U+0490
    { 17, 26, 234, 1, 26, 18, 17525 }, // U+0491
    { 20, 27, 284, 1, 27, 21, 17543 }, // U+0492
    { 17, 21, 234, 0, 21, 20, 17564 }, // U+0493
    { 20, 37, 366, 1, 27, 37, 17584 }, // U+0494
    { 16, 31, 299, 1, 21, 29, 17621 }, // U+0495
    { 35, 35, 499, -2, 27, 67, 17650 }, // U+0496
    { 34, 28, 509, -1, 21, 55, 17717 }, // U+0497
    { 21, 37, 313, -1, 28, 19, 17772 }, // U+0498
    { 16, 30, 268, 0, 21, 18, 17791 }, // U+0499
    { 24, 35, 366, 1, 27, 38, 17809 }, // U+049A
    { 19, 28, 317, 1, 21, 27, 17847 }, // U+049B
    { 24, 27, 345, 1, 27, 23, 17874 }, // U+049C
    { 20, 21, 291, 1, 21, 37, 17897 }, // U+049D
    { 24, 27, 337, 1, 27, 31, 17934 }, // U+049E
    { 19, 29, 292, 1, 29, 32, 17965 }, // U+049F
    { 25, 27, 382, 3, 27, 38, 17997 }, // U+04A0
    { 22, 21, 341, 1, 21, 33, 18035 }, // U+04A1
    { 25, 35, 412, 1, 27, 19, 18068 }, // U+04A2
    { 21, 28, 363, 1, 21, 33, 18087 }, // U+04A3
    { 31, 27, 454, 1, 27, 37, 18120 }, // U+04A4
    { 27, 21, 414, 1, 21, 29, 18157 }, // U+04A5
    { 34, 37, 600, 1, 27, 54, 18186 }, // U+04A6
    { 28, 31, 493, 1, 21, 46, 18240 }, // U+04A7
    { 24, 30, 433, 2, 28, 42, 18286 }, // U+04A8
    { 20, 23, 360, 1, 21, 40, 18328 }, // U+04A9
    { 22, 37, 352, 2, 28, 18, 18368 }, // U+04AA
    { 17, 30, 272, 1, 21, 16, 18386 }, // U+04AB
    { 20, 35, 301, 3, 27, 15, 18402 }, // U+04AC
    { 31, 28, 533, 1, 21, 50, 18417 }, // U+04AD
    { 20, 27, 305, 3, 27, 11, 18467 }, // U+04AE
    { 19, 30, 280, 1, 21, 27, 18478 }, // U+04AF
    { 22, 27, 305, 1, 27, 36, 18505 }, // U+04B0
    { 21, 30, 280, -1, 21, 36, 18541 }, // U+04B1
    { 25, 35, 348, -2, 27, 22, 18577 }, // U+04B2
    { 22, 28, 316, -1, 21, 22, 18599 }, // U+04B3
    { 27, 35, 469, 3, 27, 42, 18621 }, // U+04B4
    { 23, 28, 395, 1, 21, 39, 18663 }, // U+04B5
    { 21, 35, 388, 4, 27, 35, 18702 }, // U+04B6
    { 18, 28, 332, 2, 21, 25, 18737 }, // U+04B7
    { 21, 27, 386, 4, 27, 22, 18762 }, // U+04B8
    { 18, 21, 335, 2, 21, 21, 18784 }, // U+04B9
    { 21, 27, 386, 1, 27, 27, 18805 }, // U+04BA
    { 19, 29, 347, 1, 29, 11, 18832 }, // U+04BB
    { 27, 29, 460, 2, 28, 49, 18843 }, // U+04BC
    { 21, 22, 359, 1, 21, 39, 18892 }, // U+04BD
    { 27, 36, 460, 2, 28, 21, 18931 }, // U+04BE
    { 21, 28, 359, 1, 21, 18, 18952 }, // U+04BF
    { 16, 27, 194, -1, 27, 9, 18970 }, // U+04C0
    { 36, 35, 481, -2, 35, 69, 18979 }, // U+04C1
    { 35, 29, 527, -1, 28, 26, 19048 }, // U+04C2
    { 24, 37, 382, 1, 27, 43, 19074 }, // U+04C3
    { 19, 31, 314, 1, 21, 34, 19117 }, // U+04C4
    { 27, 35, 396, -2, 27, 44, 19151 }, // U+04C5
    { 22, 28, 328, -2, 21, 34, 19195 }, // U+04C6
    { 25, 37, 409, 1, 27, 25, 19229 }, // U+04C7
    { 21, 31, 361, 1, 21, 24, 19254 }, // U+04C8
    { 25, 35, 415, 1, 27, 20, 19278 }, // U+04C9
    { 21, 28, 363, 1, 21, 17, 19298 }, // U+04CA
    { 21, 35, 386, 4, 27, 23, 19315 }, // U+04CB
    { 18, 28, 348, 3, 21, 32, 19338 }, // U+04CC
    { 31, 35, 511, 1, 27, 26, 19370 }, // U+04CD
    { 25, 28, 421, 1, 21, 50, 19396 }, // U+04CE
    { 16, 27, 194, -1, 27, 9, 19446 }, // U+04CF
    { 25, 35, 337, -3, 35, 21, 19455 }, // U+04D0
    { 20, 29, 341, 1, 28, 20, 19476 }, // U+04D1
    { 24, 35, 337, -3, 35, 15, 19496 }, // U+04D2
    { 20, 29, 341, 1, 28, 14, 19511 }, // U+04D3
    { 36, 27, 494, -3, 27, 16, 19525 }, // U+04D4
    { 29, 22, 492, 1, 21, 18, 19541 }, // U+04D5
    { 21, 35, 308, 1, 35, 19, 19559 }, // U+04D6
    { 19, 29, 299, 1, 28, 40, 19578 }, // U+04D7
    { 23, 29, 397, 1, 28, 42, 19618 }, // U+04D8
    { 17, 22, 296, 0, 21, 10, 19660 }, // U+04D9
    { 23, 36, 397, 1, 35, 20, 19670 }, // U+04DA
    { 18, 29, 296, 0, 28, 41, 19690 }, // U+04DB
    { 36, 35, 481, -2, 35, 29, 19731 }, // U+04DC
    { 35, 29, 527, -1, 28, 25, 19760 }, // U+04DD
    { 21, 35, 313, -1, 34, 19, 19785 }, // U+04DE
    { 17, 29, 268, 0, 28, 38, 19804 }, // U+04DF
    { 21, 28, 317, 0, 27, 11, 19842 }, // U+04E0
    { 20, 30, 278, -3, 21, 12, 19853 }, // U+04E1
    { 25, 33, 412, 1, 33, 19, 19865 }, // U+04E2
    { 19, 27, 347, 2, 26, 14, 19884 }, // U+04E3
    { 25, 35, 412, 1, 35, 23, 19898 }, // U+04E4
    { 19, 29, 347, 2, 28, 15, 19921 }, // U+04E5
    { 24, 36, 433, 2, 35, 16, 19936 }, // U+04E6
    { 19, 29, 338, 1, 28, 13, 19952 }, // U+04E7
    { 24, 29, 433, 2, 28, 13, 19965 }, // U+04E8
    { 19, 22, 338, 1, 21, 11, 19978 }, // U+04E9
    { 24, 35, 433, 2, 34, 21, 19989 }, // U+04EA
    { 19, 29, 338, 1, 28, 18, 20010 }, // U+04EB
    { 22, 35, 352, 0, 34, 19, 20028 }, // U+04EC
    { 16, 29, 285, 1, 28, 17, 20047 }, // U+04ED
    { 25, 34, 337, 0, 33, 17, 20064 }, // U+04EE
    { 24, 35, 280, -4, 26, 17, 20081 }, // U+04EF
    { 25, 36, 337, 0, 35, 21, 20098 }, // U+04F0
    { 24, 37, 280, -4, 28, 15, 20119 }, // U+04F1
    { 25, 37, 337, 0, 36, 24, 20134 }, // U+04F2
    { 25, 38, 280, -4, 29, 44, 20158 }, // U+04F3
    { 21, 35, 374, 3, 35, 39, 20202 }, // U+04F4
    { 18, 28, 333, 2, 28, 16, 20241 }, // U+04F5
    { 20, 35, 287, 1, 27, 20, 20257 }, // U+04F6
    { 16, 28, 234, 1, 21, 17, 20277 }, // U+04F7
    { 29, 35, 476, 1, 35, 52, 20294 }, // U+04F8
    { 26, 29, 439, 1, 28, 20, 20346 }, // U+04F9
    { 21, 35, 284, 0, 27, 32, 20366 }, // U+04FA
    { 18, 29, 234, -1, 21, 29, 20398 }, // U+04FB
    { 25, 35, 316, -2, 27, 23, 20427 }, // U+04FC
    { 22, 29, 289, -2, 21, 22, 20450 }, // U+04FD
    { 25, 27, 316, -2, 27, 22, 20472 }, // U+04FE
    { 22, 21, 290, -2, 21, 20, 20494 }, // U+04FF
    { 23, 34, 337, -3, 27, 17, 20514 }, // U+1EA0
    { 20, 28, 341, 1, 21, 17, 20531 }, // U+1EA1
    { 23, 37, 337, -3, 37, 21, 20548 }, // U+1EA2
    { 20, 32, 341, 1, 31, 21, 20569 }, // U+1EA3
    { 29, 38, 337, -3, 38, 52, 20590 }, // U+1EA4
    { 24, 32, 341, 1, 31, 34, 20642 }, // U+1EA5
    { 23, 38, 337, -3, 38, 24, 20676 }, // U+1EA6
    { 20, 32, 341, 1, 31, 23, 20700 }, // U+1EA7
    { 28, 39, 337, -3, 39, 54, 20723 }, // U+1EA8
    { 22, 34, 341, 1, 33, 34, 20777 }, // U+1EA9
    { 26, 40, 337, -3, 40, 58, 20811 }, // U+1EAA
    { 21, 35, 341, 1, 34, 53, 20869 }, // U+1EAB
    { 24, 43, 337, -3, 36, 20, 20922 }, // U+1EAC
    { 20, 36, 341, 1, 29, 24, 20942 }, // U+1EAD
    { 24, 39, 337, -3, 39, 22, 20966 }, // U+1EAE
    { 20, 33, 341, 1, 32, 25, 20988 }, // U+1EAF
    { 24, 39, 337, -3, 39, 23, 21013 }, // U+1EB0
    { 20, 33, 341, 1, 32, 24, 21036 }, // U+1EB1
    { 24, 40, 337, -3, 40, 25, 21060 }, // U+1EB2
    { 20, 34, 341, 1, 33, 28, 21085 }, // U+1EB3
    { 26, 40, 337, -3, 40, 30, 21113 }, // U+1EB4
    { 21, 35, 341, 1, 34, 28, 21143 }, // U+1EB5
    { 24, 42, 337, -3, 35, 21, 21171 }, // U+1EB6
    { 20, 35, 341, 1, 28, 22, 21192 }, // U+1EB7
    { 20, 34, 308, 1, 27, 16, 21214 }, // U+1EB8
    { 17, 28, 299, 1, 21, 16, 21230 }, // U+1EB9
    { 20, 37, 308, 1, 37, 19, 21246 }, // U+1EBA
    { 17, 32, 299, 1, 31, 22, 21265 }, // U+1EBB
    { 21, 35, 308, 1, 35, 22, 21287 }, // U+1EBC
    { 19, 29, 299, 1, 28, 40, 21309 }, // U+1EBD
    { 25, 38, 308, 1, 38, 41, 21349 }, // U+1EBE
    { 23, 32, 299, 1, 31, 45, 21390 }, // U+1EBF
    { 20, 38, 308, 1, 38, 23, 21435 }, // U+1EC0
    { 17, 32, 299, 1, 31, 21, 21458 }, // U+1EC1
    { 23, 39, 308, 1, 39, 43, 21479 }, // U+1EC2
    { 21, 34, 299, 1, 33, 48, 21522 }, // U+1EC3
    { 22, 40, 308, 1, 40, 46, 21570 }, // U+1EC4
    { 20, 35, 299, 1, 34, 51, 21616 }, // U+1EC5
    { 20, 43, 308, 1, 36, 19, 21667 }, // U+1EC6
    { 17, 36, 299, 1, 29, 19, 21686 }, // U+1EC7
    { 16, 37, 194, -1, 37, 19, 21705 }, // U+1EC8
    { 12, 31, 155, 1, 31, 19, 21724 }, // U+1EC9
    { 16, 34, 194, -1, 27, 15, 21743 }, // U+1ECA
    { 12, 35, 155, -1, 28, 21, 21758 }, // U+1ECB
    { 24, 35, 433, 2, 28, 18, 21779 }, // U+1ECC
    { 19, 28, 338, 1, 21, 15, 21797 }, // U+1ECD
    { 24, 38, 433, 2, 37, 22, 21812 }, // U+1ECE
    { 19, 32, 338, 1, 31, 20, 21834 }, // U+1ECF
    { 27, 39, 433, 2, 38, 55, 21854 }, // U+1ED0
    { 23, 32, 338, 1, 31, 44, 21909 }, // U+1ED1
    { 24, 39, 433, 2, 38, 23, 21953 }, // U+1ED2
    { 19, 32, 338, 1, 31, 22, 21976 }, // U+1ED3
    { 26, 40, 433, 2, 39, 29, 21998 }, // U+1ED4
    { 22, 34, 338, 1, 33, 30, 22027 }, // U+1ED5
    { 24, 41, 433, 2, 40, 30, 22057 }, // U+1ED6
    { 20, 35, 338, 1, 34, 45, 22087 }, // U+1ED7
    { 24, 43, 433, 2, 36, 26, 22132 }, // U+1ED8
    { 19, 36, 338, 1, 29, 23, 22158 }, // U+1ED9
    { 30, 37, 431, 2, 36, 19, 22181 }, // U+1EDA
    { 24, 30, 341, 1, 29, 16, 22200 }, // U+1EDB
    { 30, 37, 431, 2, 36, 19, 22216 }, // U+1EDC
    { 24, 30, 341, 1, 29, 17, 22235 }, // U+1EDD
    { 30, 38, 431, 2, 37, 24, 22252 }, // U+1EDE
    { 24, 32, 341, 1, 31, 20, 22276 }, // U+1EDF
    { 30, 36, 431, 2, 35, 25, 22296 }, // U+1EE0
    { 24, 29, 341, 1, 28, 23, 22321 }, // U+1EE1
    { 30, 36, 431, 2, 29, 20, 22344 }, // U+1EE2
    { 24, 31, 341, 1, 24, 18, 22364 }, // U+1EE3
    { 24, 34, 406, 2, 27, 17, 22382 }, // U+1EE4
    { 19, 28, 347, 2, 21, 16, 22399 }, // U+1EE5
    { 24, 38, 406, 2, 37, 20, 22415 }, // U+1EE6
    { 19, 32, 347, 2, 31, 21, 22435 }, // U+1EE7
    { 31, 37, 436, 2, 36, 19, 22456 }, // U+1EE8
    { 26, 30, 376, 2, 29, 18, 22475 }, // U+1EE9
    { 31, 37, 436, 2, 36, 20, 22493 }, // U+1EEA
    { 26, 30, 376, 2, 29, 18, 22513 }, // U+1EEB
    { 31, 38, 436, 2, 37, 24, 22531 }, // U+1EEC
    { 26, 32, 376, 2, 31, 23, 22555 }, // U+1EED
    { 31, 36, 436, 2, 35, 26, 22578 }, // U+1EEE
    { 26, 29, 376, 2, 28, 25, 22604 }, // U+1EEF
    { 31, 36, 436, 2, 29, 21, 22629 }, // U+1EF0
    { 26, 31, 376, 2, 24, 19, 22650 }, // U+1EF1
    { 20, 36, 305, 3, 36, 17, 22669 }, // U+1EF2
    { 24, 38, 280, -4, 29, 18, 22686 }, // U+1EF3
    { 20, 34, 305, 3, 27, 17, 22704 }, // U+1EF4
    { 24, 30, 280, -4, 21, 17, 22721 }, // U+1EF5
    { 20, 37, 305, 3, 37, 20, 22738 }, // U+1EF6
    { 24, 40, 280, -4, 31, 22, 22758 }, // U+1EF7
    { 20, 35, 305, 3, 35, 23, 22780 }, // U+1EF8
    { 24, 37, 280, -4, 28, 24, 22803 }, // U+1EF9
    { 0, 0, 300, 0, 0, 0, 22827 }, // U+2000
    { 0, 0, 600, 0, 0, 0, 22827 }, // U+2001
    { 0, 0, 300, 0, 0, 0, 22827 }, // U+2002
    { 0, 0, 600, 0, 0, 0, 22827 }, // U+2003
    { 0, 0, 200, 0, 0, 0, 22827 }, // U+2004
    { 0, 0, 150, 0, 0, 0, 22827 }, // U+2005
    { 0, 0, 100, 0, 0, 0, 22827 }, // U+2006
    { 0, 0, 331, 0, 0, 0, 22827 }, // U+2007
    { 0, 0, 154, 0, 0, 0, 22827 }, // U+2008
    { 0, 0, 100, 0, 0, 0, 22827 }, // U+2009
    { 0, 0, 60, 0, 0, 0, 22827 }, // U+200A
    { 0, 0, 0, 0, 0, 0, 22827 }, // U+200B
    { 0, 0, 0, 0, 0, 0, 22827 }, // U+200C
    { 0, 0, 0, 0, 0, 0, 22827 }, // U+200D
    { 9, 31, 0, -1, 26, 16, 22827 }, // U+200E
    { 9, 31, 0, -8, 26, 18, 22843 }, // U+200F
    { 11, 4, 188, 0, 12, 4, 22861 }, // U+2010
    { 11, 4, 188, 0, 12, 4, 22865 }, // U+2011
    { 18, 3, 331, 2, 15, 6, 22869 }, // U+2012
    { 17, 4, 288, 0, 12, 6, 22875 }, // U+2013
    { 35, 4, 576, 0, 12, 12, 22881 }, // U+2014
    { 35, 4, 576, 0, 12, 5, 22893 }, // U+2015
    { 12, 39, 331, 5, 29, 29, 22898 }, // U+2016
    { 17, 9, 237, -4, 0, 6, 22927 }, // U+2017
    { 8, 10, 104, 2, 27, 8, 22933 }, // U+2018
    { 8, 10, 104, 2, 27, 8, 22941 }, // U+2019
    { 8, 10, 146, -2, 5, 8, 22949 }, // U+201A
    { 4, 10, 104, 4, 27, 6, 22957 }, // U+201B
    { 15, 10, 215, 2, 27, 16, 22963 }, // U+201C
    { 15, 10, 215, 2, 27, 15, 22979 }, // U+201D
    { 15, 10, 256, -2, 5, 15, 22994 }, // U+201E
    { 11, 10, 215, 4, 27, 13, 23009 }, // U+201F
    { 15, 29, 282, 3, 29, 26, 23022 }, // U+2020
    { 18, 29, 282, 1, 29, 36, 23048 }, // U+2021
    { 9, 10, 226, 3, 19, 11, 23084 }, // U+2022
    { 12, 12, 221, 2, 20, 14, 23095 }, // U+2023
    { 5, 6, 300, 5, 5, 7, 23109 }, // U+2024
    { 15, 6, 304, 0, 5, 11, 23116 }, // U+2025
    { 25, 6, 461, 0, 5, 17, 23127 }, // U+2026
    { 6, 6, 154, 2, 13, 6, 23144 }, // U+2027
    { 0, 0, 360, 0, 0, 0, 23150 }, // U+2028
    { 0, 0, 360, 0, 0, 0, 23150 }, // U+2029
    { 9, 28, 0, -1, 23, 9, 23150 }, // U+202A
    { 9, 28, 0, -8, 23, 8, 23159 }, // U+202B
    { 10, 31, 0, -5, 26, 14, 23167 }, // U+202C
    { 10, 31, 0, -5, 26, 16, 23181 }, // U+202D
    { 10, 31, 0, -5, 26, 13, 23197 }, // U+202E
    { 0, 0, 100, 0, 0, 0, 23210 }, // U+202F
    { 38, 29, 676, 3, 28, 82, 23210 }, // U+2030
    { 50, 29, 872, 3, 28, 103, 23292 }, // U+2031
    { 9, 10, 132, 2, 27, 9, 23395 }, // U+2032
    { 16, 10, 233, 2, 27, 15, 23404 }, // U+2033
    { 22, 10, 335, 2, 27, 23, 23419 }, // U+2034
    { 7, 10, 162, 4, 27, 8, 23442 }, // U+2035
    { 12, 10, 254, 4, 27, 14, 23450 }, // U+2036
    { 18, 10, 347, 4, 27, 22, 23464 }, // U+2037
    { 15, 13, 239, -4, 4, 15, 23486 }, // U+2038
    { 10, 16, 172, 1, 18, 15, 23501 }, // U+2039
    { 10, 16, 172, 0, 18, 15, 23516 }, // U+203A
    { 29, 29, 502, 1, 28, 66, 23531 }, // U+203B
    { 20, 28, 296, 0, 27, 34, 23597 }, // U+203C
    { 16, 29, 259, 2, 28, 18, 23631 }, // U+203D
    { 17, 4, 236, 3, 32, 4, 23649 }, // U+203E
    { 20, 8, 325, -2, -1, 16, 23653 }, // U+203F
    { 19, 9, 325, 3, 30, 16, 23669 }, // U+2040
    { 18, 25, 205, -4, 16, 22, 23685 }, // U+2041
    { 40, 34, 671, 0, 29, 94, 23707 }, // U+2042
    { 10, 4, 172, 0, 12, 6, 23801 }, // U+2043
    { 23, 27, 78, -9, 27, 20, 23807 }, // U+2044
    { 15, 33, 174, -1, 27, 11, 23827 }, // U+2045
    { 15, 33, 174, -3, 27, 11, 23838 }, // U+2046
    { 32, 29, 516, 2, 28, 53, 23849 }, // U+2047
    { 25, 29, 415, 2, 28, 44, 23902 }, // U+2048
    { 27, 29, 415, 0, 28, 44, 23946 }, // U+2049
    { 19, 21, 312, 2, 21, 19, 23990 }, // U+204A
    { 20, 34, 359, 3, 29, 27, 24009 }, // U+204B
    { 19, 20, 383, 2, 21, 25, 24036 }, // U+204C
    { 19, 20, 383, 3, 21, 26, 24061 }, // U+204D
    { 19, 18, 331, -1, 10, 15, 24087 }, // U+204E
    { 8, 26, 154, 1, 21, 12, 24102 }, // U+204F
    { 24, 39, 325, -2, 30, 30, 24114 }, // U+2050
    { 22, 37, 331, 0, 29, 65, 24144 }, // U+2051
    { 14, 29, 223, 0, 28, 29, 24209 }, // U+2052
    { 33, 6, 600, 3, 14, 24, 24238 }, // U+2053
    { 20, 9, 325, -4, 0, 16, 24262 }, // U+2054
    { 20, 20, 343, 1, 19, 39, 24278 }, // U+2055
    { 17, 29, 310, 1, 28, 17, 24317 }, // U+2056
    { 28, 10, 435, 2, 27, 29, 24334 }, // U+2057
    { 28, 29, 493, 1, 28, 23, 24363 }, // U+2058
    { 29, 29, 497, 1, 28, 29, 24386 }, // U+2059
    { 6, 29, 133, 1, 28, 10, 24415 }, // U+205A
    { 22, 30, 392, 1, 29, 23, 24425 }, // U+205B
    { 28, 29, 478, 1, 28, 47, 24448 }, // U+205C
    { 6, 28, 161, 2, 27, 17, 24495 }, // U+205D
    { 6, 29, 161, 3, 28, 21, 24512 }, // U+205E
    { 0, 0, 133, 0, 0, 0, 24533 }, // U+205F
    { 0, 0, 360, 0, 0, 0, 24533 }, // U+2060
    { 0, 0, 360, 0, 0, 0, 24533 }, // U+2061
    { 0, 0, 360, 0, 0, 0, 24533 }, // U+2062
    { 0, 0, 360, 0, 0, 0, 24533 }, // U+2063
    { 0, 0, 360, 0, 0, 0, 24533 }, // U+2064
    { 0, 0, 360, 0, 0, 0, 24533 }, // U+2066
    { 0, 0, 360, 0, 0, 0, 24533 }, // U+2067
    { 0, 0, 360, 0, 0, 0, 24533 }, // U+2068
    { 0, 0, 360, 0, 0, 0, 24533 }, // U+2069
    { 10, 31, 0, -5, 26, 13, 24533 }, // U+206A
    { 10, 31, 0, -5, 26, 10, 24546 }, // U+206B
    { 10, 31, 0, -5, 26, 11, 24556 }, // U+206C
    { 10, 31, 0, -5, 26, 12, 24567 }, // U+206D
    { 10, 31, 0, -5, 26, 16, 24579 }, // U+206E
    { 10, 31, 0, -5, 26, 13, 24595 }, // U+206F
    { 13, 18, 212, 3, 33, 19, 24608 }, // U+2070
    { 6, 18, 134, 3, 28, 11, 24627 }, // U+2071
    { 13, 17, 212, 2, 32, 21, 24638 }, // U+2074
    { 13, 17, 212, 3, 32, 21, 24659 }, // U+2075
    { 13, 17, 212, 3, 32, 22, 24680 }, // U+2076
    { 13, 17, 212, 4, 32, 16, 24702 }, // U+2077
    { 13, 17, 212, 3, 32, 24, 24718 }, // U+2078
    { 13, 17, 212, 3, 32, 25, 24742 }, // U+2079
    { 11, 11, 203, 4, 28, 11, 24767 }, // U+207A
    { 11, 3, 203, 4, 24, 5, 24778 }, // U+207B
    { 11, 7, 203, 4, 26, 8, 24783 }, // U+207C
    { 9, 21, 112, 4, 34, 14, 24791 }, // U+207D
    { 9, 21, 112, 0, 34, 13, 24805 }, // U+207E
    { 13, 14, 226, 2, 24, 17, 24818 }, // U+207F
    { 12, 18, 212, -1, 13, 19, 24835 }, // U+2080
    { 8, 17, 212, 1, 12, 13, 24854 }, // U+2081
    { 13, 17, 212, -2, 12, 21, 24867 }, // U+2082
    { 13, 18, 212, -2, 13, 25, 24888 }, // U+2083
    { 13, 17, 212, -2, 12, 14, 24913 }, // U+2084
    { 13, 17, 212, -2, 12, 18, 24927 }, // U+2085
    { 13, 17, 212, -1, 12, 24, 24945 }, // U+2086
    { 13, 17, 212, -1, 12, 15, 24969 }, // U+2087
    { 12, 17, 212, -1, 12, 25, 24984 }, // U+2088
    { 12, 17, 212, -1, 12, 23, 25009 }, // U+2089
    { 11, 11, 203, -1, 8, 11, 25032 }, // U+208A
    { 11, 3, 203, -1, 4, 5, 25043 }, // U+208B
    { 11, 7, 203, -1, 6, 8, 25048 }, // U+208C
    { 9, 21, 112, 0, 14, 13, 25056 }, // U+208D
    { 9, 21, 112, -5, 14, 13, 25069 }, // U+208E
    { 13, 13, 221, -1, 9, 21, 25082 }, // U+2090
    { 11, 13, 194, -1, 9, 20, 25103 }, // U+2091
    { 12, 13, 220, -1, 9, 18, 25123 }, // U+2092
    { 14, 13, 188, -3, 9, 19, 25141 }, // U+2093
    { 11, 13, 194, -2, 9, 19, 25160 }, // U+2094
    { 13, 18, 262, 0, 14, 22, 25179 }, // U+2095
    { 13, 18, 210, 0, 14, 22, 25201 }, // U+2096
    { 7, 18, 141, 0, 14, 11, 25223 }, // U+2097
    { 20, 13, 377, 0, 9, 31, 25234 }, // U+2098
    { 13, 13, 226, -2, 9, 18, 25265 }, // U+2099
    { 14, 18, 226, -3, 9, 24, 25283 }, // U+209A
    { 10, 13, 185, -1, 9, 17, 25307 }, // U+209B
    { 8, 16, 130, -1, 12, 15, 25324 }, // U+209C
    { 20, 28, 331, 2, 28, 35, 25339 }, // U+20A0
    { 21, 32, 331, 2, 29, 60, 25374 }, // U+20A1
    { 20, 29, 331, 2, 28, 40, 25434 }, // U+20A2
    { 22, 27, 331, 0, 27, 29, 25474 }, // U+20A3
    { 23, 28, 331, -1, 28, 35, 25503 }, // U+20A4
    { 30, 30, 525, 1, 25, 30, 25538 }, // U+20A5
    { 22, 27, 331, 0, 27, 54, 25568 }, // U+20A6
    { 26, 28, 442, 1, 27, 49, 25622 }, // U+20A7
    { 31, 28, 482, 0, 27, 61, 25671 }, // U+20A8
    { 27, 27, 372, 0, 27, 60, 25732 }, // U+20A9
    { 30, 27, 479, 1, 27, 56, 25792 }, // U+20AA
    { 25, 35, 347, 0, 29, 51, 25848 }, // U+20AB
    { 22, 29, 331, 1, 28, 42, 25899 }, // U+20AC
    { 24, 27, 337, 1, 27, 20, 25941 }, // U+20AD
    { 22, 27, 301, 1, 27, 37, 25961 }, // U+20AE
    { 36, 37, 582, 0, 28, 65, 25998 }, // U+20AF
    { 23, 37, 331, -2, 28, 47, 26063 }, // U+20B0
    { 22, 27, 331, 1, 27, 47, 26110 }, // U+20B1
    { 23, 32, 407, 2, 29, 27, 26157 }, // U+20B2
    { 26, 27, 337, -3, 27, 49, 26184 }, // U+20B3
    { 22, 29, 303, -1, 28, 48, 26233 }, // U+20B4
    { 22, 32, 352, 2, 29, 27, 26281 }, // U+20B5
    { 22, 26, 341, 1, 25, 41, 26308 }, // U+20B6
    { 27, 31, 394, -1, 28, 66, 26349 }, // U+20B7
    { 20, 27, 295, 2, 27, 23, 26415 }, // U+20B8
    { 19, 27, 331, 3, 27, 36, 26438 }, // U+20B9
    { 21, 28, 331, 0, 27, 47, 26474 }, // U+20BA
    { 24, 29, 402, 2, 28, 54, 26521 }, // U+20BB
    { 27, 27, 445, -1, 27, 42, 26575 }, // U+20BC
    { 24, 27, 349, -1, 27, 39, 26617 }, // U+20BD
    { 25, 31, 352, -1, 31, 45, 26656 }, // U+20BE
    { 20, 35, 331, 1, 31, 48, 26701 }, // U+20BF
    { 11, 4, 188, 0, 12, 4, 26749 }, // U+2212
    { 34, 38, 383, -5, 29, 61, 26753 }, // U+FB00
    { 28, 38, 346, -5, 29, 48, 26814 }, // U+FB01
    { 28, 38, 346, -5, 29, 24, 26862 }, // U+FB02
    { 40, 38, 538, -5, 29, 76, 26886 }, // U+FB03
    { 40, 38, 538, -5, 29, 33, 26962 }, // U+FB04
    { 30, 38, 369, -5, 29, 51, 26995 }, // U+FB05
    { 30, 30, 458, 0, 29, 61, 27046 }, // U+FB06
    { 35, 35, 600, 1, 29, 61, 27107 }, // U+FFFD
};

static const EpdUnicodeInterval notosans_18_italicIntervals[] = {
    { 0x0, 0x0, 0x0 },
    { 0xD, 0xD, 0x1 },
    { 0x20, 0x7E, 0x2 },
    { 0xA0, 0x17F, 0x61 },
    { 0x1A0, 0x1A1, 0x141 },
    { 0x1AF, 0x1B0, 0x143 },
    { 0x1C4, 0x21F, 0x145 },
    { 0x300, 0x36F, 0x1A1 },
    { 0x400, 0x4FF, 0x211 },
    { 0x1EA0, 0x1EF9, 0x311 },
    { 0x2000, 0x2064, 0x36B },
    { 0x2066, 0x2071, 0x3D0 },
    { 0x2074, 0x208E, 0x3DC },
    { 0x2090, 0x209C, 0x3F7 },
    { 0x20A0, 0x20BF, 0x404 },
    { 0x2212, 0x2212, 0x424 },
    { 0xFB00, 0xFB06, 0x425 },
    { 0xFFFD, 0xFFFD, 0x42C },
};

static const EpdKernClassEntry notosans_18_italicKernLeftClasses[] = {
    { 0x0020, 1 }, // U+0020
    { 0x0022, 2 }, // "
    { 0x0026, 3 }, // &
    { 0x0027, 2 }, // '
    { 0x0028, 4 }, // (
    { 0x002C, 5 }, // ,
    { 0x002D, 6 }, // -
    { 0x002E, 5 }, // .
    { 0x0041, 7 }, // A
    { 0x0042, 8 }, // B
    { 0x0043, 9 }, // C
    { 0x0044, 10 }, // D
    { 0x0045, 11 }, // E
    { 0x0046, 12 }, // F
    { 0x004B, 13 }, // K
    { 0x004C, 14 }, // L
    { 0x004F, 10 }, // O
    { 0x0050, 15 }, // P
    { 0x0051, 10 }, // Q
    { 0x0052, 16 }, // R
    { 0x0054, 17 }, // T
    { 0x0055, 18 }, // U
    { 0x0056, 19 }, // V
    { 0x0057, 19 }, // W
    { 0x0058, 13 }, // X
    { 0x0059, 20 }, // Y
    { 0x005A, 21 }, // Z
    { 0x005B, 4 }, // [
    { 0x005F, 22 }, // _
    { 0x0061, 23 }, // a
    { 0x0062, 24 }, // b
    { 0x0063, 25 }, // c
    { 0x0065, 24 }, // e
    { 0x0066, 26 }, // f
    { 0x006B, 27 }, // k
    { 0x006F, 24 }, // o
    { 0x0070, 24 }, // p
    { 0x0072, 28 }, // r
    { 0x0074, 29 }, // t
    { 0x0076, 30 }, // v
    { 0x0077, 30 }, // w
    { 0x0078, 27 }, // x
    { 0x0079, 30 }, // y
    { 0x007B, 4 }, // {
    { 0x00A1, 31 }, // U+00A1
    { 0x00AB, 32 }, // U+00AB
    { 0x00BB, 33 }, // U+00BB
    { 0x00BF, 34 }, // U+00BF
    { 0x00C0, 7 }, // U+00C0
    { 0x00C1, 7 }, // U+00C1
    { 0x00C2, 7 }, // U+00C2
    { 0x00C3, 7 }, // U+00C3
    { 0x00C4, 7 }, // U+00C4
    { 0x00C5, 7 }, // U+00C5
    { 0x00C6, 11 }, // U+00C6
    { 0x00C7, 9 }, // U+00C7
    { 0x00C8, 11 }, // U+00C8
    { 0x00C9, 11 }, // U+00C9
    { 0x00CA, 11 }, // U+00CA
    { 0x00CB, 11 }, // U+00CB
    { 0x00D0, 10 }, // U+00D0
    { 0x00D2, 10 }, // U+00D2
    { 0x00D3, 10 }, // U+00D3
    { 0x00D4, 10 }, // U+00D4
    { 0x00D5, 10 }, // U+00D5
    { 0x00D6, 10 }, // U+00D6
    { 0x00D8, 10 }, // U+00D8
    { 0x00D9, 18 }, // U+00D9
    { 0x00DA, 18 }, // U+00DA
    { 0x00DB, 18 }, // U+00DB
    { 0x00DC, 18 }, // U+00DC
    { 0x00DD, 20 }, // U+00DD
    { 0x00DE, 15 }, // U+00DE
    { 0x00E0, 23 }, // U+00E0
    { 0x00E1, 23 }, // U+00E1
    { 0x00E2, 23 }, // U+00E2
    { 0x00E3, 23 }, // U+00E3
    { 0x00E4, 23 }, // U+00E4
    { 0x00E5, 23 }, // U+00E5
    { 0x00E6, 24 }, // U+00E6
    { 0x00E8, 24 }, // U+00E8
    { 0x00E9, 24 }, // U+00E9
    { 0x00EA, 24 }, // U+00EA
    { 0x00EB, 24 }, // U+00EB
    { 0x00EF, 35 }, // U+00EF
    { 0x00F0, 24 }, // U+00F0
    { 0x00F2, 24 }, // U+00F2
    { 0x00F3, 24 }, // U+00F3
    { 0x00F4, 24 }, // U+00F4
    { 0x00F5, 24 }, // U+00F5
    { 0x00F6, 24 }, // U+00F6
    { 0x00F8, 24 }, // U+00F8
    { 0x00FD, 30 }, // U+00FD
    { 0x00FE, 24 }, // U+00FE
    { 0x00FF, 30 }, // U+00FF
    { 0x0100, 7 }, // U+0100
    { 0x0101, 23 }, // U+0101
    { 0x0102, 7 }, // U+0102
    { 0x0103, 23 }, // U+0103
    { 0x0104, 7 }, // U+0104
    { 0x0105, 23 }, // U+0105
    { 0x0106, 9 }, // U+0106
    { 0x0108, 9 }, // U+0108
    { 0x010A, 9 }, // U+010A
    { 0x010C, 9 }, // U+010C
    { 0x010E, 10 }, // U+010E
    { 0x010F, 36 }, // U+010F
    { 0x0110, 10 }, // U+0110
    { 0x0112, 11 }, // U+0112
    { 0x0113, 24 }, // U+0113
    { 0x0114, 11 }, // U+0114
    { 0x0115, 24 }, // U+0115
    { 0x0116, 11 }, // U+0116
    { 0x0117, 24 }, // U+0117
    { 0x0118, 11 }, // U+0118
    { 0x0119, 24 }, // U+0119
    { 0x011A, 11 }, // U+011A
    { 0x011B, 24 }, // U+011B
    { 0x0129, 37 }, // U+0129
    { 0x012B, 35 }, // U+012B
    { 0x012E, 38 }, // U+012E
    { 0x0136, 13 }, // U+0136
    { 0x0137, 27 }, // U+0137
    { 0x0138, 27 }, // U+0138
    { 0x0139, 14 }, // U+0139
    { 0x013B, 14 }, // U+013B
    { 0x013D, 14 }, // U+013D
    { 0x013E, 36 }, // U+013E
    { 0x013F, 14 }, // U+013F
    { 0x0141, 14 }, // U+0141
    { 0x014C, 10 }, // U+014C
    { 0x014D, 24 }, // U+014D
    { 0x014E, 10 }, // U+014E
    { 0x014F, 24 }, // U+014F
    { 0x0150, 10 }, // U+0150
    { 0x0151, 24 }, // U+0151
    { 0x0152, 11 }, // U+0152
    { 0x0153, 24 }, // U+0153
    { 0x0155, 28 }, // U+0155
    { 0x0157, 28 }, // U+0157
    { 0x0159, 28 }, // U+0159
    { 0x0162, 17 }, // U+0162
    { 0x0163, 29 }, // U+0163
    { 0x0164, 17 }, // U+0164
    { 0x0165, 39 }, // U+0165
    { 0x0166, 17 }, // U+0166
    { 0x0167, 29 }, // U+0167
    { 0x0168, 18 }, // U+0168
    { 0x016A, 18 }, // U+016A
    { 0x016C, 18 }, // U+016C
    { 0x016E, 18 }, // U+016E
    { 0x0170, 18 }, // U+0170
    { 0x0172, 18 }, // U+0172
    { 0x0174, 19 }, // U+0174
    { 0x0175, 30 }, // U+0175
    { 0x0176, 20 }, // U+0176
    { 0x0177, 30 }, // U+0177
    { 0x0178, 20 }, // U+0178
    { 0x0179, 21 }, // U+0179
    { 0x017B, 21 }, // U+017B
    { 0x017D, 21 }, // U+017D
    { 0x01A0, 40 }, // U+01A0
    { 0x01A1, 41 }, // U+01A1
    { 0x01AF, 42 }, // U+01AF
    { 0x01B0, 43 }, // U+01B0
    { 0x01D0, 35 }, // U+01D0
    { 0x01FA, 7 }, // U+01FA
    { 0x01FB, 23 }, // U+01FB
    { 0x01FC, 11 }, // U+01FC
    { 0x01FD, 24 }, // U+01FD
    { 0x01FE, 10 }, // U+01FE
    { 0x01FF, 24 }, // U+01FF
    { 0x020B, 35 }, // U+020B
    { 0x021A, 17 }, // U+021A
    { 0x021B, 29 }, // U+021B
    { 0x0402, 44 }, // U+0402
    { 0x0403, 45 }, // U+0403
    { 0x0404, 46 }, // U+0404
    { 0x0405, 47 }, // U+0405
    { 0x0408, 48 }, // U+0408
    { 0x0409, 44 }, // U+0409
    { 0x040A, 44 }, // U+040A
    { 0x040B, 49 }, // U+040B
    { 0x040C, 50 }, // U+040C
    { 0x040E, 51 }, // U+040E
    { 0x0410, 52 }, // U+0410
    { 0x0411, 53 }, // U+0411
    { 0x0412, 54 }, // U+0412
    { 0x0413, 45 }, // U+0413
    { 0x0414, 55 }, // U+0414
    { 0x0416, 50 }, // U+0416
    { 0x0417, 54 }, // U+0417
    { 0x041A, 50 }, // U+041A
    { 0x041E, 56 }, // U+041E
    { 0x0420, 57 }, // U+0420
    { 0x0421, 46 }, // U+0421
    { 0x0422, 45 }, // U+0422
    { 0x0423, 51 }, // U+0423
    { 0x0424, 58 }, // U+0424
    { 0x0425, 50 }, // U+0425
    { 0x0426, 55 }, // U+0426
    { 0x0429, 55 }, // U+0429
    { 0x042A, 44 }, // U+042A
    { 0x042C, 44 }, // U+042C
    { 0x042D, 56 }, // U+042D
    { 0x042E, 56 }, // U+042E
    { 0x0430, 59 }, // U+0430
    { 0x0431, 60 }, // U+0431
    { 0x0432, 61 }, // U+0432
    { 0x0433, 62 }, // U+0433
    { 0x0434, 63 }, // U+0434
    { 0x0435, 62 }, // U+0435
    { 0x0436, 64 }, // U+0436
    { 0x0437, 61 }, // U+0437
    { 0x0438, 59 }, // U+0438
    { 0x0439, 59 }, // U+0439
    { 0x043A, 65 }, // U+043A
    { 0x043B, 59 }, // U+043B
    { 0x043C, 59 }, // U+043C
    { 0x043D, 59 }, // U+043D
    { 0x043E, 66 }, // U+043E
    { 0x043F, 67 }, // U+043F
    { 0x0440, 66 }, // U+0440
    { 0x0441, 64 }, // U+0441
    { 0x0442, 67 }, // U+0442
    { 0x0443, 68 }, // U+0443
    { 0x0444, 66 }, // U+0444
    { 0x0445, 65 }, // U+0445
    { 0x0446, 69 }, // U+0446
    { 0x0447, 59 }, // U+0447
    { 0x0448, 59 }, // U+0448
    { 0x0449, 69 }, // U+0449
    { 0x044A, 70 }, // U+044A
    { 0x044B, 59 }, // U+044B
    { 0x044C, 70 }, // U+044C
    { 0x044D, 66 }, // U+044D
    { 0x044E, 66 }, // U+044E
    { 0x044F, 59 }, // U+044F
    { 0x0450, 62 }, // U+0450
    { 0x0451, 62 }, // U+0451
    { 0x0452, 71 }, // U+0452
    { 0x0453, 62 }, // U+0453
    { 0x0454, 64 }, // U+0454
    { 0x0455, 72 }, // U+0455
    { 0x0457, 73 }, // U+0457
    { 0x0458, 74 }, // U+0458
    { 0x0459, 70 }, // U+0459
    { 0x045A, 70 }, // U+045A
    { 0x045B, 67 }, // U+045B
    { 0x045C, 65 }, // U+045C
    { 0x045D, 59 }, // U+045D
    { 0x045E, 75 }, // U+045E
    { 0x045F, 59 }, // U+045F
    { 0x0460, 51 }, // U+0460
    { 0x0461, 76 }, // U+0461
    { 0x0462, 77 }, // U+0462
    { 0x0463, 70 }, // U+0463
    { 0x0464, 46 }, // U+0464
    { 0x0466, 52 }, // U+0466
    { 0x0467, 78 }, // U+0467
    { 0x0468, 52 }, // U+0468
    { 0x0469, 78 }, // U+0469
    { 0x046E, 54 }, // U+046E
    { 0x046F, 61 }, // U+046F
    { 0x0472, 56 }, // U+0472
    { 0x0473, 66 }, // U+0473
    { 0x0474, 51 }, // U+0474
    { 0x0475, 76 }, // U+0475
    { 0x0476, 51 }, // U+0476
    { 0x0477, 76 }, // U+0477
    { 0x0478, 68 }, // U+0478
    { 0x0479, 68 }, // U+0479
    { 0x047A, 56 }, // U+047A
    { 0x047B, 66 }, // U+047B
    { 0x047C, 56 }, // U+047C
    { 0x047D, 66 }, // U+047D
    { 0x047E, 51 }, // U+047E
    { 0x047F, 76 }, // U+047F
    { 0x0480, 46 }, // U+0480
    { 0x048A, 55 }, // U+048A
    { 0x048B, 63 }, // U+048B
    { 0x048C, 77 }, // U+048C
    { 0x048D, 70 }, // U+048D
    { 0x048E, 57 }, // U+048E
    { 0x048F, 66 }, // U+048F
    { 0x0490, 79 }, // U+0490
    { 0x0491, 80 }, // U+0491
    { 0x0492, 81 }, // U+0492
    { 0x0493, 82 }, // U+0493
    { 0x0495, 83 }, // U+0495
    { 0x0496, 84 }, // U+0496
    { 0x0497, 85 }, // U+0497
    { 0x0498, 54 }, // U+0498
    { 0x0499, 61 }, // U+0499
    { 0x049A, 84 }, // U+049A
    { 0x049B, 85 }, // U+049B
    { 0x049C, 50 }, // U+049C
    { 0x049D, 64 }, // U+049D
    { 0x049E, 50 }, // U+049E
    { 0x049F, 64 }, // U+049F
    { 0x04A0, 50 }, // U+04A0
    { 0x04A1, 64 }, // U+04A1
    { 0x04A2, 55 }, // U+04A2
    { 0x04A3, 63 }, // U+04A3
    { 0x04A4, 81 }, // U+04A4
    { 0x04A5, 80 }, // U+04A5
    { 0x04A7, 83 }, // U+04A7
    { 0x04A9, 66 }, // U+04A9
    { 0x04AA, 46 }, // U+04AA
    { 0x04AC, 79 }, // U+04AC
    { 0x04AD, 63 }, // U+04AD
    { 0x04AE, 86 }, // U+04AE
    { 0x04AF, 87 }, // U+04AF
    { 0x04B0, 86 }, // U+04B0
    { 0x04B1, 87 }, // U+04B1
    { 0x04B2, 84 }, // U+04B2
    { 0x04B3, 85 }, // U+04B3
    { 0x04B4, 55 }, // U+04B4
    { 0x04B5, 63 }, // U+04B5
    { 0x04B6, 55 }, // U+04B6
    { 0x04B7, 63 }, // U+04B7
    { 0x04BB, 83 }, // U+04BB
    { 0x04BC, 88 }, // U+04BC
    { 0x04BD, 62 }, // U+04BD
    { 0x04BE, 88 }, // U+04BE
    { 0x04BF, 62 }, // U+04BF
    { 0x04C1, 50 }, // U+04C1
    { 0x04C2, 64 }, // U+04C2
    { 0x04C4, 64 }, // U+04C4
    { 0x04C5, 55 }, // U+04C5
    { 0x04C6, 63 }, // U+04C6
    { 0x04C9, 55 }, // U+04C9
    { 0x04CA, 63 }, // U+04CA
    { 0x04CD, 55 }, // U+04CD
    { 0x04CE, 63 }, // U+04CE
    { 0x04D0, 52 }, // U+04D0
    { 0x04D1, 23 }, // U+04D1
    { 0x04D2, 52 }, // U+04D2
    { 0x04D3, 23 }, // U+04D3
    { 0x04D5, 62 }, // U+04D5
    { 0x04D7, 62 }, // U+04D7
    { 0x04D8, 56 }, // U+04D8
    { 0x04D9, 66 }, // U+04D9
    { 0x04DA, 56 }, // U+04DA
    { 0x04DB, 66 }, // U+04DB
    { 0x04DC, 50 }, // U+04DC
    { 0x04DD, 64 }, // U+04DD
    { 0x04DE, 54 }, // U+04DE
    { 0x04DF, 61 }, // U+04DF
    { 0x04E6, 56 }, // U+04E6
    { 0x04E7, 66 }, // U+04E7
    { 0x04E8, 56 }, // U+04E8
    { 0x04E9, 66 }, // U+04E9
    { 0x04EA, 56 }, // U+04EA
    { 0x04EB, 66 }, // U+04EB
    { 0x04EC, 56 }, // U+04EC
    { 0x04ED, 66 }, // U+04ED
    { 0x04EE, 51 }, // U+04EE
    { 0x04EF, 68 }, // U+04EF
    { 0x04F0, 51 }, // U+04F0
    { 0x04F1, 68 }, // U+04F1
    { 0x04F2, 51 }, // U+04F2
    { 0x04F3, 68 }, // U+04F3
    { 0x04F5, 59 }, // U+04F5
    { 0x04F6, 79 }, // U+04F6
    { 0x04F7, 80 }, // U+04F7
    { 0x04F9, 59 }, // U+04F9
    { 0x04FA, 81 }, // U+04FA
    { 0x04FB, 82 }, // U+04FB
    { 0x04FC, 84 }, // U+04FC
    { 0x04FD, 85 }, // U+04FD
    { 0x04FE, 50 }, // U+04FE
    { 0x04FF, 85 }, // U+04FF
    { 0x1EA0, 7 }, // U+1EA0
    { 0x1EA1, 23 }, // U+1EA1
    { 0x1EA2, 7 }, // U+1EA2
    { 0x1EA3, 23 }, // U+1EA3
    { 0x1EA4, 7 }, // U+1EA4
    { 0x1EA5, 23 }, // U+1EA5
    { 0x1EA6, 7 }, // U+1EA6
    { 0x1EA7, 23 }, // U+1EA7
    { 0x1EA8, 7 }, // U+1EA8
    { 0x1EA9, 23 }, // U+1EA9
    { 0x1EAA, 7 }, // U+1EAA
    { 0x1EAB, 23 }, // U+1EAB
    { 0x1EAC, 7 }, // U+1EAC
    { 0x1EAD, 23 }, // U+1EAD
    { 0x1EAE, 7 }, // U+1EAE
    { 0x1EAF, 23 }, // U+1EAF
    { 0x1EB0, 7 }, // U+1EB0
    { 0x1EB1, 23 }, // U+1EB1
    { 0x1EB2, 7 }, // U+1EB2
    { 0x1EB3, 23 }, // U+1EB3
    { 0x1EB4, 7 }, // U+1EB4
    { 0x1EB5, 23 }, // U+1EB5
    { 0x1EB6, 7 }, // U+1EB6
    { 0x1EB7, 23 }, // U+1EB7
    { 0x1EB8, 11 }, // U+1EB8
    { 0x1EB9, 24 }, // U+1EB9
    { 0x1EBA, 11 }, // U+1EBA
    { 0x1EBB, 24 }, // U+1EBB
    { 0x1EBC, 11 }, // U+1EBC
    { 0x1EBD, 24 }, // U+1EBD
    { 0x1EBE, 11 }, // U+1EBE
    { 0x1EBF, 24 }, // U+1EBF
    { 0x1EC0, 11 }, // U+1EC0
    { 0x1EC1, 24 }, // U+1EC1
    { 0x1EC2, 11 }, // U+1EC2
    { 0x1EC3, 24 }, // U+1EC3
    { 0x1EC4, 11 }, // U+1EC4
    { 0x1EC5, 24 }, // U+1EC5
    { 0x1EC6, 11 }, // U+1EC6
    { 0x1EC7, 24 }, // U+1EC7
    { 0x1ECC, 10 }, // U+1ECC
    { 0x1ECD, 24 }, // U+1ECD
    { 0x1ECE, 10 }, // U+1ECE
    { 0x1ECF, 24 }, // U+1ECF
    { 0x1ED0, 10 }, // U+1ED0
    { 0x1ED1, 24 }, // U+1ED1
    { 0x1ED2, 10 }, // U+1ED2
    { 0x1ED3, 24 }, // U+1ED3
    { 0x1ED4, 10 }, // U+1ED4
    { 0x1ED5, 24 }, // U+1ED5
    { 0x1ED6, 10 }, // U+1ED6
    { 0x1ED7, 24 }, // U+1ED7
    { 0x1ED8, 10 }, // U+1ED8
    { 0x1ED9, 24 }, // U+1ED9
    { 0x1EDA, 40 }, // U+1EDA
    { 0x1EDB, 41 }, // U+1EDB
    { 0x1EDC, 40 }, // U+1EDC
    { 0x1EDD, 41 }, // U+1EDD
    { 0x1EDE, 40 }, // U+1EDE
    { 0x1EDF, 41 }, // U+1EDF
    { 0x1EE0, 40 }, // U+1EE0
    { 0x1EE1, 41 }, // U+1EE1
    { 0x1EE2, 40 }, // U+1EE2
    { 0x1EE3, 41 }, // U+1EE3
    { 0x1EE4, 18 }, // U+1EE4
    { 0x1EE6, 18 }, // U+1EE6
    { 0x1EE8, 42 }, // U+1EE8
    { 0x1EE9, 43 }, // U+1EE9
    { 0x1EEA, 42 }, // U+1EEA
    { 0x1EEB, 43 }, // U+1EEB
    { 0x1EEC, 42 }, // U+1EEC
    { 0x1EED, 43 }, // U+1EED
    { 0x1EEE, 42 }, // U+1EEE
    { 0x1EEF, 43 }, // U+1EEF
    { 0x1EF0, 42 }, // U+1EF0
    { 0x1EF1, 43 }, // U+1EF1
    { 0x1EF2, 20 }, // U+1EF2
    { 0x1EF3, 30 }, // U+1EF3
    { 0x1EF4, 20 }, // U+1EF4
    { 0x1EF5, 30 }, // U+1EF5
    { 0x1EF6, 20 }, // U+1EF6
    { 0x1EF7, 30 }, // U+1EF7
    { 0x1EF8, 20 }, // U+1EF8
    { 0x1EF9, 30 }, // U+1EF9
    { 0x2013, 6 }, // U+2013
    { 0x2014, 6 }, // U+2014
    { 0x2015, 6 }, // U+2015
    { 0x2018, 2 }, // U+2018
    { 0x2019, 2 }, // U+2019
    { 0x201A, 5 }, // U+201A
    { 0x201C, 2 }, // U+201C
    { 0x201D, 2 }, // U+201D
    { 0x201E, 5 }, // U+201E
    { 0x2039, 32 }, // U+2039
    { 0x203A, 33 }, // U+203A
    { 0x207D, 89 }, // U+207D
    { 0x208D, 90 }, // U+208D
    { 0xFB00, 26 }, // U+FB00
};

static const EpdKernClassEntry notosans_18_italicKernRightClasses[] = {
    { 0x0021, 1 }, // !
    { 0x0022, 2 }, // "
    { 0x0026, 3 }, // &
    { 0x0027, 2 }, // '
    { 0x0029, 4 }, // )
    { 0x002C, 5 }, // ,
    { 0x002D, 6 }, // -
    { 0x002E, 5 }, // .
    { 0x003A, 7 }, // :
    { 0x003B, 7 }, // ;
    { 0x003F, 8 }, // ?
    { 0x0041, 9 }, // A
    { 0x0043, 10 }, // C
    { 0x0047, 10 }, // G
    { 0x0049, 11 }, // I
    { 0x004A, 12 }, // J
    { 0x004F, 10 }, // O
    { 0x0051, 10 }, // Q
    { 0x0053, 13 }, // S
    { 0x0054, 14 }, // T
    { 0x0055, 15 }, // U
    { 0x0056, 16 }, // V
    { 0x0057, 16 }, // W
    { 0x0058, 17 }, // X
    { 0x0059, 18 }, // Y
    { 0x005A, 19 }, // Z
    { 0x005D, 4 }, // ]
    { 0x0061, 20 }, // a
    { 0x0063, 21 }, // c
    { 0x0064, 21 }, // d
    { 0x0065, 21 }, // e
    { 0x0066, 22 }, // f
    { 0x0067, 23 }, // g
    { 0x006A, 24 }, // j
    { 0x006D, 25 }, // m
    { 0x006E, 25 }, // n
    { 0x006F, 21 }, // o
    { 0x0070, 25 }, // p
    { 0x0071, 21 }, // q
    { 0x0072, 25 }, // r
    { 0x0073, 26 }, // s
    { 0x0074, 27 }, // t
    { 0x0075, 25 }, // u
    { 0x0076, 28 }, // v
    { 0x0077, 28 }, // w
    { 0x0079, 28 }, // y
    { 0x007A, 29 }, // z
    { 0x007D, 4 }, // }
    { 0x00AB, 30 }, // U+00AB
    { 0x00BB, 31 }, // U+00BB
    { 0x00C0, 9 }, // U+00C0
    { 0x00C1, 9 }, // U+00C1
    { 0x00C2, 9 }, // U+00C2
    { 0x00C3, 9 }, // U+00C3
    { 0x00C4, 9 }, // U+00C4
    { 0x00C5, 9 }, // U+00C5
    { 0x00C6, 32 }, // U+00C6
    { 0x00C7, 10 }, // U+00C7
    { 0x00D2, 10 }, // U+00D2
    { 0x00D3, 10 }, // U+00D3
    { 0x00D4, 10 }, // U+00D4
    { 0x00D5, 10 }, // U+00D5
    { 0x00D6, 10 }, // U+00D6
    { 0x00D8, 10 }, // U+00D8
    { 0x00D9, 15 }, // U+00D9
    { 0x00DA, 15 }, // U+00DA
    { 0x00DB, 15 }, // U+00DB
    { 0x00DC, 15 }, // U+00DC
    { 0x00DD, 18 }, // U+00DD
    { 0x00DF, 24 }, // U+00DF
    { 0x00E0, 21 }, // U+00E0
    { 0x00E1, 20 }, // U+00E1
    { 0x00E2, 20 }, // U+00E2
    { 0x00E3, 20 }, // U+00E3
    { 0x00E4, 20 }, // U+00E4
    { 0x00E5, 20 }, // U+00E5
    { 0x00E6, 20 }, // U+00E6
    { 0x00E7, 21 }, // U+00E7
    { 0x00E8, 21 }, // U+00E8
    { 0x00E9, 21 }, // U+00E9
    { 0x00EA, 21 }, // U+00EA
    { 0x00EB, 21 }, // U+00EB
    { 0x00F1, 25 }, // U+00F1
    { 0x00F2, 21 }, // U+00F2
    { 0x00F3, 21 }, // U+00F3
    { 0x00F4, 21 }, // U+00F4
    { 0x00F5, 21 }, // U+00F5
    { 0x00F6, 21 }, // U+00F6
    { 0x00F8, 21 }, // U+00F8
    { 0x00F9, 25 }, // U+00F9
    { 0x00FA, 25 }, // U+00FA
    { 0x00FB, 25 }, // U+00FB
    { 0x00FC, 25 }, // U+00FC
    { 0x00FD, 28 }, // U+00FD
    { 0x00FF, 28 }, // U+00FF
    { 0x0100, 9 }, // U+0100
    { 0x0101, 20 }, // U+0101
    { 0x0102, 9 }, // U+0102
    { 0x0103, 20 }, // U+0103
    { 0x0104, 9 }, // U+0104
    { 0x0105, 20 }, // U+0105
    { 0x0106, 10 }, // U+0106
    { 0x0107, 21 }, // U+0107
    { 0x0108, 10 }, // U+0108
    { 0x0109, 21 }, // U+0109
    { 0x010A, 10 }, // U+010A
    { 0x010B, 21 }, // U+010B
    { 0x010C, 10 }, // U+010C
    { 0x010D, 21 }, // U+010D
    { 0x010F, 21 }, // U+010F
    { 0x0111, 21 }, // U+0111
    { 0x0113, 21 }, // U+0113
    { 0x0115, 21 }, // U+0115
    { 0x0117, 21 }, // U+0117
    { 0x0119, 21 }, // U+0119
    { 0x011B, 21 }, // U+011B
    { 0x011C, 10 }, // U+011C
    { 0x011D, 23 }, // U+011D
    { 0x011E, 10 }, // U+011E
    { 0x011F, 23 }, // U+011F
    { 0x0120, 10 }, // U+0120
    { 0x0121, 23 }, // U+0121
    { 0x0122, 10 }, // U+0122
    { 0x0123, 23 }, // U+0123
    { 0x0127, 33 }, // U+0127
    { 0x0129, 34 }, // U+0129
    { 0x0135, 24 }, // U+0135
    { 0x0138, 25 }, // U+0138
    { 0x0144, 25 }, // U+0144
    { 0x0146, 25 }, // U+0146
    { 0x0148, 25 }, // U+0148
    { 0x014B, 25 }, // U+014B
    { 0x014C, 10 }, // U+014C
    { 0x014D, 21 }, // U+014D
    { 0x014E, 10 }, // U+014E
    { 0x014F, 21 }, // U+014F
    { 0x0150, 10 }, // U+0150
    { 0x0151, 21 }, // U+0151
    { 0x0152, 10 }, // U+0152
    { 0x0153, 21 }, // U+0153
    { 0x0155, 25 }, // U+0155
    { 0x0157, 25 }, // U+0157
    { 0x015B, 26 }, // U+015B
    { 0x015D, 26 }, // U+015D
    { 0x015F, 26 }, // U+015F
    { 0x0161, 26 }, // U+0161
    { 0x0162, 14 }, // U+0162
    { 0x0163, 27 }, // U+0163
    { 0x0164, 14 }, // U+0164
    { 0x0165, 27 }, // U+0165
    { 0x0166, 14 }, // U+0166
    { 0x0167, 27 }, // U+0167
    { 0x0168, 15 }, // U+0168
    { 0x0169, 25 }, // U+0169
    { 0x016A, 15 }, // U+016A
    { 0x016B, 25 }, // U+016B
    { 0x016C, 15 }, // U+016C
    { 0x016D, 25 }, // U+016D
    { 0x016E, 15 }, // U+016E
    { 0x016F, 25 }, // U+016F
    { 0x0170, 15 }, // U+0170
    { 0x0171, 25 }, // U+0171
    { 0x0172, 15 }, // U+0172
    { 0x0173, 25 }, // U+0173
    { 0x0174, 16 }, // U+0174
    { 0x0175, 28 }, // U+0175
    { 0x0176, 18 }, // U+0176
    { 0x0177, 28 }, // U+0177
    { 0x0178, 18 }, // U+0178
    { 0x0179, 19 }, // U+0179
    { 0x017A, 29 }, // U+017A
    { 0x017B, 19 }, // U+017B
    { 0x017C, 29 }, // U+017C
    { 0x017D, 19 }, // U+017D
    { 0x017E, 29 }, // U+017E
    { 0x01A0, 10 }, // U+01A0
    { 0x01A1, 21 }, // U+01A1
    { 0x01AF, 15 }, // U+01AF
    { 0x01B0, 25 }, // U+01B0
    { 0x01FA, 9 }, // U+01FA
    { 0x01FB, 20 }, // U+01FB
    { 0x01FC, 32 }, // U+01FC
    { 0x01FD, 20 }, // U+01FD
    { 0x01FE, 10 }, // U+01FE
    { 0x01FF, 21 }, // U+01FF
    { 0x0219, 26 }, // U+0219
    { 0x021A, 14 }, // U+021A
    { 0x021B, 27 }, // U+021B
    { 0x0402, 35 }, // U+0402
    { 0x0404, 36 }, // U+0404
    { 0x0405, 37 }, // U+0405
    { 0x0408, 38 }, // U+0408
    { 0x0409, 39 }, // U+0409
    { 0x040B, 35 }, // U+040B
    { 0x040E, 40 }, // U+040E
    { 0x0410, 41 }, // U+0410
    { 0x0414, 42 }, // U+0414
    { 0x0416, 43 }, // U+0416
    { 0x0417, 44 }, // U+0417
    { 0x041B, 39 }, // U+041B
    { 0x041E, 36 }, // U+041E
    { 0x0421, 36 }, // U+0421
    { 0x0422, 35 }, // U+0422
    { 0x0423, 40 }, // U+0423
    { 0x0424, 45 }, // U+0424
    { 0x0425, 43 }, // U+0425
    { 0x0427, 46 }, // U+0427
    { 0x042A, 35 }, // U+042A
    { 0x042D, 44 }, // U+042D
    { 0x042F, 47 }, // U+042F
    { 0x0430, 48 }, // U+0430
    { 0x0431, 49 }, // U+0431
    { 0x0432, 48 }, // U+0432
    { 0x0433, 50 }, // U+0433
    { 0x0434, 51 }, // U+0434
    { 0x0435, 48 }, // U+0435
    { 0x0436, 52 }, // U+0436
    { 0x0437, 50 }, // U+0437
    { 0x0438, 53 }, // U+0438
    { 0x0439, 53 }, // U+0439
    { 0x043A, 54 }, // U+043A
    { 0x043B, 55 }, // U+043B
    { 0x043C, 54 }, // U+043C
    { 0x043D, 54 }, // U+043D
    { 0x043E, 48 }, // U+043E
    { 0x043F, 54 }, // U+043F
    { 0x0440, 54 }, // U+0440
    { 0x0441, 48 }, // U+0441
    { 0x0442, 54 }, // U+0442
    { 0x0443, 56 }, // U+0443
    { 0x0444, 48 }, // U+0444
    { 0x0445, 57 }, // U+0445
    { 0x0446, 53 }, // U+0446
    { 0x0447, 58 }, // U+0447
    { 0x0448, 53 }, // U+0448
    { 0x0449, 53 }, // U+0449
    { 0x044A, 59 }, // U+044A
    { 0x044B, 53 }, // U+044B
    { 0x044C, 53 }, // U+044C
    { 0x044D, 52 }, // U+044D
    { 0x044E, 54 }, // U+044E
    { 0x044F, 60 }, // U+044F
    { 0x0450, 48 }, // U+0450
    { 0x0451, 48 }, // U+0451
    { 0x0452, 61 }, // U+0452
    { 0x0453, 50 }, // U+0453
    { 0x0454, 48 }, // U+0454
    { 0x0455, 62 }, // U+0455
    { 0x0457, 63 }, // U+0457
    { 0x0458, 64 }, // U+0458
    { 0x0459, 55 }, // U+0459
    { 0x045A, 54 }, // U+045A
    { 0x045B, 61 }, // U+045B
    { 0x045C, 54 }, // U+045C
    { 0x045D, 53 }, // U+045D
    { 0x045E, 65 }, // U+045E
    { 0x045F, 53 }, // U+045F
    { 0x0460, 66 }, // U+0460
    { 0x0461, 67 }, // U+0461
    { 0x0462, 68 }, // U+0462
    { 0x0465, 69 }, // U+0465
    { 0x0466, 41 }, // U+0466
    { 0x0467, 70 }, // U+0467
    { 0x0469, 69 }, // U+0469
    { 0x046D, 69 }, // U+046D
    { 0x046E, 44 }, // U+046E
    { 0x046F, 50 }, // U+046F
    { 0x0470, 46 }, // U+0470
    { 0x0471, 69 }, // U+0471
    { 0x0472, 71 }, // U+0472
    { 0x0473, 72 }, // U+0473
    { 0x0474, 66 }, // U+0474
    { 0x0475, 67 }, // U+0475
    { 0x0476, 66 }, // U+0476
    { 0x0477, 67 }, // U+0477
    { 0x0478, 71 }, // U+0478
    { 0x0479, 72 }, // U+0479
    { 0x047A, 71 }, // U+047A
    { 0x047B, 72 }, // U+047B
    { 0x047C, 71 }, // U+047C
    { 0x047D, 72 }, // U+047D
    { 0x047E, 66 }, // U+047E
    { 0x047F, 67 }, // U+047F
    { 0x0480, 71 }, // U+0480
    { 0x0481, 72 }, // U+0481
    { 0x048B, 69 }, // U+048B
    { 0x048C, 68 }, // U+048C
    { 0x048D, 61 }, // U+048D
    { 0x048F, 69 }, // U+048F
    { 0x0491, 69 }, // U+0491
    { 0x0492, 68 }, // U+0492
    { 0x0495, 69 }, // U+0495
    { 0x0496, 43 }, // U+0496
    { 0x0497, 50 }, // U+0497
    { 0x0498, 44 }, // U+0498
    { 0x0499, 50 }, // U+0499
    { 0x049B, 69 }, // U+049B
    { 0x049D, 69 }, // U+049D
    { 0x049E, 68 }, // U+049E
    { 0x049F, 61 }, // U+049F
    { 0x04A0, 73 }, // U+04A0
    { 0x04A1, 59 }, // U+04A1
    { 0x04A3, 69 }, // U+04A3
    { 0x04A5, 69 }, // U+04A5
    { 0x04A7, 69 }, // U+04A7
    { 0x04A8, 71 }, // U+04A8
    { 0x04A9, 72 }, // U+04A9
    { 0x04AA, 71 }, // U+04AA
    { 0x04AB, 72 }, // U+04AB
    { 0x04AC, 35 }, // U+04AC
    { 0x04AD, 69 }, // U+04AD
    { 0x04AE, 74 }, // U+04AE
    { 0x04AF, 75 }, // U+04AF
    { 0x04B0, 74 }, // U+04B0
    { 0x04B1, 75 }, // U+04B1
    { 0x04B2, 43 }, // U+04B2
    { 0x04B3, 52 }, // U+04B3
    { 0x04B4, 73 }, // U+04B4
    { 0x04B5, 59 }, // U+04B5
    { 0x04B6, 46 }, // U+04B6
    { 0x04B7, 58 }, // U+04B7
    { 0x04B8, 46 }, // U+04B8
    { 0x04B9, 58 }, // U+04B9
    { 0x04BB, 69 }, // U+04BB
    { 0x04BC, 76 }, // U+04BC
    { 0x04BD, 77 }, // U+04BD
    { 0x04BE, 76 }, // U+04BE
    { 0x04BF, 77 }, // U+04BF
    { 0x04C1, 43 }, // U+04C1
    { 0x04C2, 52 }, // U+04C2
    { 0x04C4, 69 }, // U+04C4
    { 0x04C5, 78 }, // U+04C5
    { 0x04C6, 70 }, // U+04C6
    { 0x04C8, 69 }, // U+04C8
    { 0x04CA, 69 }, // U+04CA
    { 0x04CB, 46 }, // U+04CB
    { 0x04CC, 58 }, // U+04CC
    { 0x04CE, 69 }, // U+04CE
    { 0x04D0, 41 }, // U+04D0
    { 0x04D1, 79 }, // U+04D1
    { 0x04D2, 41 }, // U+04D2
    { 0x04D3, 79 }, // U+04D3
    { 0x04D4, 41 }, // U+04D4
    { 0x04D5, 79 }, // U+04D5
    { 0x04D7, 72 }, // U+04D7
    { 0x04D8, 80 }, // U+04D8
    { 0x04D9, 50 }, // U+04D9
    { 0x04DA, 80 }, // U+04DA
    { 0x04DB, 50 }, // U+04DB
    { 0x04DC, 43 }, // U+04DC
    { 0x04DD, 52 }, // U+04DD
    { 0x04DE, 44 }, // U+04DE
    { 0x04DF, 50 }, // U+04DF
    { 0x04E3, 69 }, // U+04E3
    { 0x04E5, 69 }, // U+04E5
    { 0x04E6, 71 }, // U+04E6
    { 0x04E7, 72 }, // U+04E7
    { 0x04E8, 71 }, // U+04E8
    { 0x04E9, 72 }, // U+04E9
    { 0x04EA, 71 }, // U+04EA
    { 0x04EB, 72 }, // U+04EB
    { 0x04EC, 44 }, // U+04EC
    { 0x04ED, 52 }, // U+04ED
    { 0x04EE, 40 }, // U+04EE
    { 0x04EF, 56 }, // U+04EF
    { 0x04F0, 40 }, // U+04F0
    { 0x04F1, 56 }, // U+04F1
    { 0x04F2, 40 }, // U+04F2
    { 0x04F3, 56 }, // U+04F3
    { 0x04F4, 46 }, // U+04F4
    { 0x04F5, 58 }, // U+04F5
    { 0x04F7, 69 }, // U+04F7
    { 0x04F9, 53 }, // U+04F9
    { 0x04FA, 68 }, // U+04FA
    { 0x04FC, 43 }, // U+04FC
    { 0x04FD, 52 }, // U+04FD
    { 0x04FE, 43 }, // U+04FE
    { 0x04FF, 52 }, // U+04FF
    { 0x1EA0, 9 }, // U+1EA0
    { 0x1EA1, 20 }, // U+1EA1
    { 0x1EA2, 9 }, // U+1EA2
    { 0x1EA3, 20 }, // U+1EA3
    { 0x1EA4, 9 }, // U+1EA4
    { 0x1EA5, 20 }, // U+1EA5
    { 0x1EA6, 9 }, // U+1EA6
    { 0x1EA7, 20 }, // U+1EA7
    { 0x1EA8, 9 }, // U+1EA8
    { 0x1EA9, 20 }, // U+1EA9
    { 0x1EAA, 9 }, // U+1EAA
    { 0x1EAB, 20 }, // U+1EAB
    { 0x1EAC, 9 }, // U+1EAC
    { 0x1EAD, 20 }, // U+1EAD
    { 0x1EAE, 9 }, // U+1EAE
    { 0x1EAF, 20 }, // U+1EAF
    { 0x1EB0, 9 }, // U+1EB0
    { 0x1EB1, 20 }, // U+1EB1
    { 0x1EB2, 9 }, // U+1EB2
    { 0x1EB3, 20 }, // U+1EB3
    { 0x1EB4, 9 }, // U+1EB4
    { 0x1EB5, 20 }, // U+1EB5
    { 0x1EB6, 9 }, // U+1EB6
    { 0x1EB7, 20 }, // U+1EB7
    { 0x1EB9, 21 }, // U+1EB9
    { 0x1EBB, 21 }, // U+1EBB
    { 0x1EBD, 21 }, // U+1EBD
    { 0x1EBF, 21 }, // U+1EBF
    { 0x1EC1, 21 }, // U+1EC1
    { 0x1EC3, 21 }, // U+1EC3
    { 0x1EC5, 21 }, // U+1EC5
    { 0x1EC7, 21 }, // U+1EC7
    { 0x1ECC, 10 }, // U+1ECC
    { 0x1ECD, 21 }, // U+1ECD
    { 0x1ECE, 10 }, // U+1ECE
    { 0x1ECF, 21 }, // U+1ECF
    { 0x1ED0, 10 }, // U+1ED0
    { 0x1ED1, 21 }, // U+1ED1
    { 0x1ED2, 10 }, // U+1ED2
    { 0x1ED3, 21 }, // U+1ED3
    { 0x1ED4, 10 }, // U+1ED4
    { 0x1ED5, 21 }, // U+1ED5
    { 0x1ED6, 10 }, // U+1ED6
    { 0x1ED7, 21 }, // U+1ED7
    { 0x1ED8, 10 }, // U+1ED8
    { 0x1ED9, 21 }, // U+1ED9
    { 0x1EDA, 10 }, // U+1EDA
    { 0x1EDB, 21 }, // U+1EDB
    { 0x1EDC, 10 }, // U+1EDC
    { 0x1EDD, 21 }, // U+1EDD
    { 0x1EDE, 10 }, // U+1EDE
    { 0x1EDF, 21 }, // U+1EDF
    { 0x1EE0, 10 }, // U+1EE0
    { 0x1EE1, 21 }, // U+1EE1
    { 0x1EE2, 10 }, // U+1EE2
    { 0x1EE3, 21 }, // U+1EE3
    { 0x1EE4, 15 }, // U+1EE4
    { 0x1EE5, 25 }, // U+1EE5
    { 0x1EE6, 15 }, // U+1EE6
    { 0x1EE7, 25 }, // U+1EE7
    { 0x1EE8, 15 }, // U+1EE8
    { 0x1EE9, 25 }, // U+1EE9
    { 0x1EEA, 15 }, // U+1EEA
    { 0x1EEB, 25 }, // U+1EEB
    { 0x1EEC, 15 }, // U+1EEC
    { 0x1EED, 25 }, // U+1EED
    { 0x1EEE, 15 }, // U+1EEE
    { 0x1EEF, 25 }, // U+1EEF
    { 0x1EF0, 15 }, // U+1EF0
    { 0x1EF1, 25 }, // U+1EF1
    { 0x1EF2, 18 }, // U+1EF2
    { 0x1EF3, 28 }, // U+1EF3
    { 0x1EF4, 18 }, // U+1EF4
    { 0x1EF5, 28 }, // U+1EF5
    { 0x1EF6, 18 }, // U+1EF6
    { 0x1EF7, 28 }, // U+1EF7
    { 0x1EF8, 18 }, // U+1EF8
    { 0x1EF9, 28 }, // U+1EF9
    { 0x2013, 6 }, // U+2013
    { 0x2014, 6 }, // U+2014
    { 0x2015, 6 }, // U+2015
    { 0x2018, 81 }, // U+2018
    { 0x2019, 2 }, // U+2019
    { 0x201A, 5 }, // U+201A
    { 0x201C, 81 }, // U+201C
    { 0x201D, 2 }, // U+201D
    { 0x201E, 5 }, // U+201E
    { 0x2026, 5 }, // U+2026
    { 0x2039, 30 }, // U+2039
    { 0x203A, 31 }, // U+203A
    { 0x207E, 82 }, // U+207E
    { 0x208E, 83 }, // U+208E
    { 0xFB00, 22 }, // U+FB00
};

static const int8_t notosans_18_italicKernMatrix[] = {
       0,    0,    0,    0,    0,    0,    0,    0,    0,    0,    0,    0,    0,    0,    0,    0,    0,    0,    0,    0,    0,    0,    0,    0,    0,    0,    0,    0,    0,    0,    0,    0,    0,    0,    0,    0,    0,    0,    0,    0,    0,    0,    0,    0,    0,    0,    0,    0,    0,    0,    0,    0,    0,    0,    0,    0,    0,    0,    0,    0,    0,    0,    0,    0,    0,    0,    0,    0,    0,    0,  -12,  -12,    0,    0,    0,    0,    0,    0,    0,    0,    0,    0,    0,
       0,    0,    0,    0,    0,    0,    0,    0,  -42,    0,    0,    0,    0,   12,    0,   12,    0,    6,    0,  -24,  -36,    0,  -18,    0,  -18,  -18,    0,    0,    0,    0,    0,    0,    0,   42,   12,    0,   18,    0,  -30,   18,  -42,  -36,   18,   24,    0,   12,    0,    0,    0,    6,    0,    0,    0,    0,  -18,   12,    0,    0,    0,    0,   24,    0,   24,    0,   12,    0,    0,    0,   -6,  -42,    0,  -36,    0,    0,    0,    0,    0,  -36,  -12,    0,    0,    0,    0,
       0,    0,    0,    0,    0,    0,    0,    0,    0,    0,    0,    0,    0,  -36,    0,  -24,    0,  -36,    0,    0,    0,    0,    0,    0,    0,    0,    0,    0,    0,    0,    0,    0,    0,    0,    0,    0,    0,    0,    0,    0,    0,    0,    0,    0,    0,    0,    0,    0,    0,    0,    0,    0,    0,    0,    0,    0,    0,    0,    0,    0,    0,    0,    0,    0,    0,    0,    0,    0,    0,    0,    0,    0,    0,    0,    0,    0,    0,    0,    0,    0,    0,    0,    0,
       0,    0,    0,    0,    0,    0,    0,    0,    0,    0,    0,   54,    0,    0,    0,    0,    0,    0,    0,    0,    0,   24,    0,   24,    0,    0,    0,    0,    0,    0,    0,    0,    0,    0,   18,    0,    0,   66,   -6,    0,    0,   24,   12,   18,  -12,    0,    0,    0,    0,    0,    0,    0,    0,    0,    0,   18,    0,    0,    0,    0,   24,    0,   18,   54,   18,    0,    0,    0,    0,    0,    0,    0,    0,    0,    0,    0,    0,    0,    0,    0,    0,    0,    0,
       0,    0,    0,    0,    0,    0,    0,    0,    0,  -30,    0,    0,    0,  -42,  -12,  -36,    0,  -36,    0,    0,    0,    0,    0,    0,    0,    0,    0,    0,    0,    0,    0,    0,    0,    0,  -36,    0,    0,    0,    0,    0,    0,    0,    0,    0,  -24,  -48,    0,    0,    0,    0,    0,    0,    0,    0,    0,    0,    0,  -36,  -30,    0,    0,    0,    0,    0,    0,  -36,    0,    0,    0,    0,  -30,    0,  -42,  -36,    0,  -36,    0,    0,    0,    0,    0,    0,    0,
       0,    0,    0,    0,    0,    0,    0,    0,    0,    0,    0,    0,    0,  -24,    0,    0,    0,    0,    0,    0,    0,    0,    0,    0,    0,    0,    0,    0,    0,    0,    0,    0,    0,    0,  -24,    0,    0,    0,    0,  -12,    0,   -6,  -12,    0,    0,  -30,    0,    0,    0,    0,    0,    0,    0,    0,   -6,   -6,   -6,  -12,  -12,    0,    0,    0,    0,    0,   -6,    0,    0,    0,    0,    0,    0,    0,  -24,    0,    0,    0,    0,    0,    0,    0,    0,    0,    0,
       0,  -42,    0,    0,    0,    0,    0,    0,    0,  -12,    0,   45,    0,  -30,    0,   -6,    0,  -18,    0,    0,    0,    0,    0,    0,    0,    0,    0,    0,    0,    0,    0,    0,    0,    0,    0,    0,    0,    0,    0,    0,    0,    0,    0,    0,    0,    0,    0,    0,    0,    0,    0,    0,    0,    0,    0,    0,    0,    0,    0,    0,    0,    0,    0,    0,    0,    0,    0,    0,    0,    0,    0,    0,    0,    0,    0,    0,    0,    0,    0,    0,    0,    0,    0,
       0,    0,    0,    0,  -12,    0,    0,    0,    0,    0,    0,    0,    0,    0,    0,    0,    0,    0,    0,    0,    0,    0,    0,    0,    0,    0,    0,    0,    0,    0,    0,    0,    0,    0,    0,    0,    0,    0,    0,    0,    0,    0,    0,    0,    0,    0,    0,    0,    0,    0,    0,    0,    0,    0,    0,    0,    0,    0,    0,    0,    0,    0,    0,    0,    0,    0,    0,    0,    0,    0,    0,    0,    0,    0,    0,    0,    0,    0,    0,    0,    0,    0,    0,
       0,    0,   -6,    0,    0,    0,    0,    0,    0,  -12,    0,    0,    0,    0,    0,    0,    0,    0,    0,    0,    0,    0,    0,    0,    0,    0,    0,    0,    0,  -12,    0,    0,    0,    0,    0,    0,    0,    0,    0,    0,    0,    0,    0,    0,    0,    0,    0,    0,    0,    0,    0,    0,    0,    0,    0,    0,    0,    0,    0,    0,    0,    0,    0,    0,    0,    0,    0,    0,    0,    0,    0,    0,    0,    0,    0,    0,    0,    0,    0,    0,    0,    0,    0,
       0,    0,    0,    0,  -24,    0,    0,    0,  -12,    0,    0,    0,    0,  -18,    0,   -6,  -12,   -6,   -6,    0,    0,    0,    0,    0,    0,    0,    0,    0,    0,    0,    0,    0,    0,    0,    0,    0,   -6,    0,    0,    0,    0,    0,    0,    0,    0,    0,    0,    0,    0,    0,    0,    0,    0,    0,    0,    0,    0,    0,    0,    0,    0,    0,    0,    0,    0,    0,    0,    0,    0,    0,    0,    0,    0,    0,    0,    0,    0,    0,    0,    0,    0,    0,    0,
       0,    0,    0,    0,    0,    0,    0,    0,    0,    0,    0,   36,    0,    0,    0,    0,    0,    0,    0,    0,    0,    0,    0,    0,    0,    0,    0,    0,    0,    0,    0,    0,    0,    0,    0,    0,    0,    0,    0,    0,    0,    0,    0,    0,    0,    0,    0,    0,    0,    0,    0,    0,    0,    0,    0,    0,    0,    0,    0,    0,    0,    0,    0,    0,    0,    0,    0,    0,    0,    0,    0,    0,    0,    0,    0,    0,    0,    0,    0,    0,    0,    0,    0,
       0,    0,    0,    0,  -36,    0,    0,   12,  -12,    0,    0,    0,    0,    0,    0,    0,    0,    0,    0,    0,    0,    0,    0,    0,    0,    0,    0,    0,    0,    0,    0,    0,    0,    0,    0,    0,    0,    0,    0,    0,    0,    0,    0,    0,    0,    0,    0,    0,    0,    0,    0,    0,    0,    0,    0,    0,    0,    0,    0,    0,    0,    0,    0,    0,    0,    0,    0,    0,    0,    0,    0,    0,    0,    0,    0,    0,    0,    0,    0,    0,    0,    0,    0,
       0,    0,    0,    0,    0,    0,    0,    0,    0,  -12,    0,    0,    0,    0,    0,    0,    0,    0,    0,    0,    0,    0,    0,    0,    0,    0,    0,    0,    0,  -12,    0,    0,    0,    0,    0,    0,    0,    0,    0,    0,    0,    0,    0,    0,    0,    0,    0,    0,    0,    0,    0,    0,    0,    0,    0,    0,    0,    0,    0,    0,    0,    0,    0,    0,    0,    0,    0,    0,    0,    0,    0,    0,    0,    0,    0,    0,    0,    0,    0,    0,    0,    0,    0,
       0,  -48,    0,    0,    0,    0,    0,    0,    0,  -12,    0,    0,    0,  -24,   -6,  -12,    0,  -24,    0,    0,    0,    0,    0,    0,    0,    0,    0,    0,    0,  -24,    0,    0,    0,    0,    0,    0,    0,    0,    0,    0,    0,    0,    0,    0,    0,    0,    0,    0,    0,    0,    0,    0,    0,    0,    0,    0,    0,    0,    0,    0,    0,    0,    0,    0,    0,    0,    0,    0,    0,    0,    0,    0,    0,    0,    0,    0,    0,    0,    0,    0,    0,    0,    0,
       0,    0,  -12,    0,  -78,    0,    0,    0,  -30,    0,    0,    0,    0,    0,    0,    0,  -12,    0,   -6,    0,    0,    0,    0,    0,    0,    0,    0,    0,    0,   -6,    0,    0,    0,    0,    0,    0,    0,    0,    0,    0,    0,    0,    0,    0,    0,    0,    0,    0,    0,    0,    0,    0,    0,    0,    0,    0,    0,    0,    0,    0,    0,    0,    0,    0,    0,    0,    0,    0,    0,    0,    0,    0,    0,    0,    0,    0,    0,    0,    0,    0,    0,    0,    0,
       0,    0,    0,    0,    0,    0,    0,    0,    0,    0,    0,    0,    0,    0,    0,    0,    0,    0,    0,    0,    0,    0,    0,    0,    0,    0,    0,    0,    0,   -6,    0,    0,    0,    0,    0,    0,    0,    0,    0,    0,    0,    0,    0,    0,    0,    0,    0,    0,    0,    0,    0,    0,    0,    0,    0,    0,    0,    0,    0,    0,    0,    0,    0,    0,    0,    0,    0,    0,    0,    0,    0,    0,    0,    0,    0,    0,    0,    0,    0,    0,    0,    0,    0,
       0,    0,  -12,    0,  -36,  -24,    0,   12,  -30,  -12,    0,    0,    0,    6,    0,    0,    0,    0,    0,  -48,  -42,    0,  -42,    0,  -30,  -36,    0,  -12,  -24,  -36,  -24,    0,    0,    0,    0,    0,    0,    0,    0,    0,    0,    0,    0,    0,    0,    0,    0,    0,    0,    0,    0,    0,    0,    0,    0,    0,    0,    0,    0,    0,    0,    0,    0,    0,    0,    0,    0,    0,    0,    0,    0,    0,    0,    0,    0,    0,    0,    0,    0,    0,    0,    0,    0,
       0,    0,    0,    0,  -12,    0,    0,    0,   -6,    0,    0,    0,    0,    0,    0,    0,    0,    0,    0,    0,    0,    0,    0,    0,    0,    0,    0,    0,    0,    0,    0,    0,    0,    0,    0,    0,    0,    0,    0,    0,    0,    0,    0,    0,    0,    0,    0,    0,    0,    0,    0,    0,    0,    0,    0,    0,    0,    0,    0,    0,    0,    0,    0,    0,    0,    0,    0,    0,    0,    0,    0,    0,    0,    0,    0,    0,    0,    0,    0,    0,    0,    0,    0,
       0,    0,   -6,    0,  -30,    0,    0,   12,   -6,   -6,    0,    0,    0,    0,    0,    0,    0,    0,    0,  -12,  -12,    0,   -6,    0,   -6,   -6,    0,    0,    0,  -24,  -12,    0,    0,    0,    0,    0,    0,    0,    0,    0,    0,    0,    0,    0,    0,    0,    0,    0,    0,    0,    0,    0,    0,    0,    0,    0,    0,    0,    0,    0,    0,    0,    0,    0,    0,    0,    0,    0,    0,    0,    0,    0,    0,    0,    0,    0,    0,    0,    0,    0,    0,    0,    0,
       0,    0,  -18,    0,  -36,    0,    0,   12,  -18,  -12,    0,    0,    0,    0,    0,    0,    0,    0,    0,  -30,  -30,    0,  -12,    0,  -18,  -24,    0,    0,  -12,  -24,  -24,  -12,    0,    0,    0,    0,    0,    0,    0,    0,    0,    0,    0,    0,    0,    0,    0,    0,    0,    0,    0,    0,    0,    0,    0,    0,    0,    0,    0,    0,    0,    0,    0,    0,    0,    0,    0,    0,    0,    0,    0,    0,    0,    0,    0,    0,    0,    0,    0,    0,    0,    0,    0,
       0,    0,  -12,    0,    0,    0,    0,    0,    0,   -6,    0,    0,    0,    0,    0,    0,    0,    0,    0,    0,    0,    0,    0,    0,    0,    0,    0,    0,    0,   -6,    0,    0,    0,    0,    0,    0,    0,    0,    0,    0,    0,    0,    0,    0,    0,    0,    0,    0,    0,    0,    0,    0,    0,    0,    0,    0,    0,    0,    0,    0,    0,    0,    0,    0,    0,    0,    0,    0,    0,    0,    0,    0,    0,    0,    0,    0,    0,    0,    0,    0,    0,    0,    0,
       0,    0,    0,    0,    0,    0,    0,    0,    0,    0,    0,   54,    0,    0,    0,    0,    0,    0,    0,    0,    0,    0,    0,    0,    0,    0,    0,    0,    0,    0,    0,    0,    0,    0,    0,    0,    0,    0,    0,    0,    0,    0,    0,    0,    0,    0,    0,    0,    0,    0,    0,    0,    0,    0,    0,    0,    0,    0,    0,    0,    0,    0,    0,    0,    0,    0,    0,    0,    0,    0,    0,    0,    0,    0,    0,    0,    0,    0,    0,    0,    0,    0,    0,
       0,   -6,    0,    0,    0,    0,    0,    0,    0,    0,    0,    0,    0,    0,    0,    0,    0,    0,    0,    0,    0,    0,    0,    0,    0,    0,    0,    0,    0,    0,    0,    0,    0,    0,    0,    0,    0,    0,    0,    0,    0,    0,    0,    0,    0,    0,    0,    0,    0,    0,    0,    0,    0,    0,    0,    0,    0,    0,    0,    0,    0,    0,    0,    0,    0,    0,    0,    0,    0,    0,    0,    0,    0,    0,    0,    0,    0,    0,    0,    0,    0,    0,    0,
       0,   -6,    0,    0,    0,    0,    0,    0,    0,    0,    0,    0,    0,    0,    0,    0,    0,    0,    0,    0,    0,    0,    0,    0,    0,    0,    0,  -12,   -6,    0,    0,    0,    0,    0,    0,    0,    0,    0,    0,    0,    0,    0,    0,    0,    0,    0,    0,    0,    0,    0,    0,    0,    0,    0,    0,    0,    0,    0,    0,    0,    0,    0,    0,    0,    0,    0,    0,    0,    0,    0,    0,    0,    0,    0,    0,    0,    0,    0,    0,    0,    0,    0,    0,
       0,   12,    0,    0,    0,    0,    0,    0,    0,    0,    0,    0,    0,    0,    0,    0,    0,    0,    0,    0,    0,    0,    0,    0,    0,    0,    0,    0,    0,    0,    0,    0,    0,    0,    0,    0,    0,    0,    0,    0,    0,    0,    0,    0,    0,    0,    0,    0,    0,    0,    0,    0,    0,    0,    0,    0,    0,    0,    0,    0,    0,    0,    0,    0,    0,    0,    0,    0,    0,    0,    0,    0,    0,    0,    0,    0,    0,    0,    0,    0,    0,    0,    0,
       0,   36,    0,   24,    0,    0,    0,    0,    0,    0,    0,    0,    0,    0,    0,    0,    0,    0,    0,    0,    0,    0,    0,    0,    0,    0,    0,    0,    0,    0,    0,    0,    0,    0,    0,    0,    0,    0,    0,    0,    0,    0,    0,    0,    0,    0,    0,    0,    0,    0,    0,    0,    0,    0,    0,    0,    0,    0,    0,    0,    0,    0,    0,    0,    0,    0,    0,    0,    0,    0,    0,    0,    0,    0,    0,    0,    0,    0,    0,    0,    0,    0,    0,
       0,    0,    0,    0,    0,    0,    0,    0,    0,    0,    0,    0,    0,    0,    0,    0,    0,    0,    0,    0,  -12,    0,    0,    0,    0,    0,    0,    0,    0,    0,    0,    0,    0,    0,    0,    0,    0,    0,    0,    0,    0,    0,    0,    0,    0,    0,    0,    0,    0,    0,    0,    0,    0,    0,    0,    0,    0,    0,    0,    0,    0,    0,    0,    0,    0,    0,    0,    0,    0,    0,    0,    0,    0,    0,    0,    0,    0,    0,    0,    0,    0,    0,    0,
       0,   24,    0,    0,  -72,    0,    0,    0,    0,    0,    0,    0,    0,    0,    0,    0,    0,    0,    0,  -12,  -12,    0,   -6,    0,    0,    0,    0,    0,    0,    0,    0,    0,    0,    0,    0,    0,    0,    0,    0,    0,    0,    0,    0,    0,    0,    0,    0,    0,    0,    0,    0,    0,    0,    0,    0,    0,    0,    0,    0,    0,    0,    0,    0,    0,    0,    0,    0,    0,    0,    0,    0,    0,    0,    0,    0,    0,    0,    0,    0,    0,    0,    0,    0,
       0,   12,    0,   12,    0,    0,    0,    0,    0,    0,    0,    0,    0,    0,    0,    0,    0,    0,    0,    0,    0,    0,    0,    0,    0,    0,    0,    0,    0,    0,    0,    0,    0,    0,    0,    0,    0,    0,    0,    0,    0,    0,    0,    0,    0,    0,    0,    0,    0,    0,    0,    0,    0,    0,    0,    0,    0,    0,    0,    0,    0,    0,    0,    0,    0,    0,    0,    0,    0,    0,    0,    0,    0,    0,    0,    0,    0,    0,    0,    0,    0,    0,    0,
       0,   24,    0,    0,  -24,    0,    0,   12,    0,    0,    0,    0,    0,    0,    0,    0,    0,    0,    0,    0,    0,    0,    0,    0,    0,    0,    0,    0,    0,    0,    0,    0,    0,    0,    0,    0,    0,    0,    0,    0,    0,    0,    0,    0,    0,    0,    0,    0,    0,    0,    0,    0,    0,    0,    0,    0,    0,    0,    0,    0,    0,    0,    0,    0,    0,    0,    0,    0,    0,    0,    0,    0,    0,    0,    0,    0,    0,    0,    0,    0,    0,    0,    0,
       0,    0,    0,    0,    0,    0,    0,    0,    0,    0,    0,   36,    0,  -12,    0,    0,    0,   -6,    0,    0,    0,    0,    0,    0,    0,    0,    0,    0,    0,    0,    0,    0,    0,    0,    0,    0,    0,    0,    0,    0,    0,    0,    0,    0,    0,    0,    0,    0,    0,    0,    0,    0,    0,    0,    0,    0,    0,    0,    0,    0,    0,    0,    0,    0,    0,    0,    0,    0,    0,    0,    0,    0,    0,    0,    0,    0,    0,    0,    0,    0,    0,    0,    0,
       0,    0,    0,    0,    0,    0,    0,    0,    0,    0,    0,    0,    0,  -24,    0,  -12,    0,  -24,    0,    0,    0,    0,    0,    0,    0,    0,    0,    0,    0,    0,    0,    0,    0,    0,  -24,    0,    0,    0,    0,   -6,    0,    0,    0,    0,    0,  -12,    0,    0,    0,    0,    0,    0,    0,    0,    0,    0,    0,    0,    0,    0,    0,    0,    0,    0,    0,    0,    0,    0,    0,    0,    0,    0,  -18,    0,    0,    0,    0,    0,    0,    0,    0,    0,    0,
       0,    0,    0,    0,    0,    0,    0,    0,    0,    0,    0,    0,    0,  -36,    0,  -24,    0,  -24,    0,    0,    0,    0,    0,    0,    0,    0,    0,    0,    0,    0,    0,    0,    0,    0,  -36,    0,    0,    0,    0,  -12,    0,    0,  -12,    0,    0,  -36,    0,    0,    0,    0,    0,    0,    0,    0,    0,    0,    0,    0,    0,    0,    0,    0,    0,    0,    0,    0,    0,    0,    0,    0,    0,    0,  -24,    0,    0,    0,    0,    0,    0,    0,    0,    0,    0,
       0,    0,    0,    0,    0,    0,    0,    0,    0,    0,    0,   60,    0,  -30,    0,   -6,    0,  -18,    0,    0,    0,    0,    0,    0,    0,    0,    0,    0,    0,    0,    0,    0,    0,    0,    0,    0,    0,    0,    0,    0,    0,    0,    0,    0,    0,    0,    0,    0,    0,    0,    0,    0,    0,    0,    0,    0,    0,    0,    0,    0,    0,    0,    0,    0,    0,    0,    0,    0,    0,    0,    0,    0,    0,    0,    0,    0,    0,    0,    0,    0,    0,    0,    0,
       0,    0,    0,   24,    0,    0,    0,    0,    0,    0,    0,    0,    0,    0,    0,    0,    0,    0,    0,    0,    0,    0,    0,    0,    0,    0,    0,    0,    0,    0,    0,    0,    0,    0,    0,    0,    0,    0,    0,    0,    0,    0,    0,    0,    0,    0,    0,    0,    0,    0,    0,    0,    0,    0,    0,    0,    0,    0,    0,    0,    0,    0,    0,    0,    0,    0,    0,    0,    0,    0,    0,    0,    0,    0,    0,    0,    0,    0,    0,    0,    0,    0,    0,
      36,   42,    0,   50,    0,    0,    0,   48,    0,    0,    0,    0,    0,    0,    0,    0,    0,    0,    0,    0,    0,    0,    0,    0,    0,    0,    0,    0,    0,    0,    0,    0,   42,    0,    0,    0,    0,    0,    0,    0,    0,    0,    0,    0,    0,    0,    0,    0,    0,    0,    0,    0,    0,    0,    0,    0,    0,    0,    0,    0,    0,    0,    0,    0,    0,    0,    0,    0,    0,    0,    0,    0,    0,    0,    0,    0,    0,    0,    0,    0,   24,    0,    0,
       0,    0,    0,   24,    0,    0,    0,    0,    0,    0,    0,    0,    0,    0,    0,    0,    0,    0,    0,    0,    0,    0,    0,    0,    0,    0,    0,    0,    0,    0,    0,    0,    0,   66,    0,    0,    0,    0,    0,    0,    0,    0,    0,    0,    0,    0,    0,    0,    0,    0,    0,    0,    0,    0,    0,    0,    0,    0,    0,    0,    0,    0,    0,    0,    0,    0,    0,    0,    0,    0,    0,    0,    0,    0,    0,    0,    0,    0,    0,    0,    0,    0,    0,
       0,    0,    0,    0,    0,    0,    0,    0,    0,    0,    0,   30,    0,    0,    0,    0,    0,    0,    0,    0,    0,    0,    0,    0,    0,    0,    0,    0,    0,    0,    0,    0,    0,    0,    0,    0,    0,    0,    0,    0,    0,    0,    0,    0,    0,    0,    0,    0,    0,    0,    0,    0,    0,    0,    0,    0,    0,    0,    0,    0,    0,    0,    0,    0,    0,    0,    0,    0,    0,    0,    0,    0,    0,    0,    0,    0,    0,    0,    0,    0,    0,    0,    0,
       0,   24,    0,   36,    0,    0,    0,   12,    0,    0,    0,    0,    0,    0,    0,    0,    0,    0,    0,    0,    0,    0,    0,    0,    0,    0,    0,    0,    0,    0,    0,    0,    0,    0,    0,    0,    0,    0,    0,    0,    0,    0,    0,    0,    0,    0,    0,    0,    0,    0,    0,    0,    0,    0,    0,    0,    0,    0,    0,    0,    0,    0,    0,    0,    0,    0,    0,    0,    0,    0,    0,    0,    0,    0,    0,    0,    0,    0,    0,    0,    0,    0,    0,
       0,    0,    0,    0,    0,    0,    0,   18,    0,    0,    0,    0,   12,   18,    0,   24,   18,   36,    0,    0,   12,    0,    0,    0,    0,    0,    0,    0,    0,    0,    0,    0,    0,    0,    0,    0,    0,    0,    0,    0,    0,    0,    0,    0,    0,    0,    0,    0,    0,    0,    0,    0,    0,    0,    0,    0,    0,    0,    0,    0,    0,    0,    0,    0,    0,    0,    0,    0,    0,    0,    0,    0,    0,    0,    0,    0,    0,    0,    0,    0,    0,    0,    0,
       0,   12,    0,    0,    0,    0,    0,    0,    0,    0,    0,    0,    0,    0,    0,    0,    0,    0,    0,    0,    0,   24,    0,    0,    0,   12,   24,   30,    0,    0,    0,    0,    0,    0,    0,    0,    0,    0,    0,    0,    0,    0,    0,    0,    0,    0,    0,    0,    0,    0,    0,    0,    0,    0,    0,    0,    0,    0,    0,    0,    0,    0,    0,    0,    0,    0,    0,    0,    0,    0,    0,    0,    0,    0,    0,    0,    0,    0,    0,    0,   36,    0,    0,
       0,   12,    0,    0,  -24,    0,    0,   30,  -12,    0,   18,    0,   12,   42,    0,   48,   36,   48,    0,  -12,    6,    0,    0,    0,   -6,    0,    0,    0,    0,    0,    0,    0,    0,    0,    0,    0,    0,    0,    0,    0,    0,    0,    0,    0,    0,    0,    0,    0,    0,    0,    0,    0,    0,    0,    0,    0,    0,    0,    0,    0,    0,    0,    0,    0,    0,    0,    0,    0,    0,    0,    0,    0,    0,    0,    0,    0,    0,    0,    0,    0,   12,    0,    0,
       0,   12,    0,    0,   -6,    0,    0,   12,    0,    0,    0,    0,    0,    0,    0,    0,    0,    0,    0,    0,    0,   30,    0,    0,    0,   12,   30,   30,    0,    0,    0,    0,    0,    0,    0,    0,    0,    0,    0,    0,    0,    0,    0,    0,    0,    0,    0,    0,    0,    0,    0,    0,    0,    0,    0,    0,    0,    0,    0,    0,    0,    0,    0,    0,    0,    0,    0,    0,    0,    0,    0,    0,    0,    0,    0,    0,    0,    0,    0,    0,   30,    0,    0,
       0,  -48,    0,   -6,  -12,    0,    0,    0,    0,    0,    0,    0,    0,    0,    0,    0,    0,    0,    0,    0,    0,    0,    0,    0,    0,    0,    0,    0,    0,    0,    0,    0,    0,    0,  -42,   -6,    0,    0,    0,  -12,    0,    0,   -6,    0,   -6,  -48,   -6,    0,    0,    0,    0,   -6,    0,    0,    0,  -18,    0,  -18,  -36,    0,    0,    0,    0,    0,  -18,    0,    0,    0,    0,    0,    0,    0,    0,    0,    0,    0,    0,    0,    0,    0,  -42,    0,    0,
       0,    0,    0,   18,  -36,  -24,  -12,    0,    0,    0,    0,    0,    0,    0,    0,    0,    0,    0,    0,    0,    0,    0,    0,    0,    0,    0,    0,    0,    0,    0,  -24,    0,    0,    0,    6,  -12,    0,    0,  -36,    0,  -30,  -36,    0,    6,  -21,    0,   -6,  -42,    0,  -18,  -60,  -18,  -18,  -18,  -42,  -12,  -18,  -30,  -12,  -18,   30,  -18,   12,    0,  -24,    0,    0,    0,    0,    0,    0,    0,    0,    0,    0,    0,    0,    0,    0,    0,    0,    0,    0,
       0,    0,    0,    0,    0,    0,    0,    0,    0,    0,    0,    0,    0,    0,    0,    0,    0,    0,    0,    0,    0,    0,    0,    0,    0,    0,    0,    0,    0,  -12,    0,    0,    0,    0,    0,   -6,    0,   12,    0,    0,    0,    0,    0,    0,  -12,   -6,    0,   -6,    0,    0,   -6,    0,    0,    0,    0,    0,    0,  -12,    0,    0,    0,    0,    0,    0,    0,    0,    0,    0,    0,    0,  -12,    0,    0,    0,    0,  -12,    0,    0,    0,    0,    0,    0,    0,
       0,    0,    0,    0,   -6,    0,    0,    0,    0,    0,    0,    0,    0,    0,    0,    0,    0,    0,    0,    0,    0,    0,    0,    0,    0,    0,    0,    0,    0,    0,    0,    0,    0,    0,    0,    0,    0,    0,    0,    0,    0,    0,    0,    0,   -6,  -12,    0,    0,    0,    0,    0,    0,    0,    0,    0,    0,    0,   -9,    0,    0,    0,    0,    0,    0,    0,    0,    0,    0,    0,    0,    0,    0,    0,    0,    0,    0,    0,    0,    0,    0,   -6,    0,    0,
       0,    0,    0,    0,    0,    0,    0,    0,    0,    0,    0,    0,    0,    0,    0,    0,    0,    0,    0,    0,    0,    0,    0,    0,    0,    0,    0,    0,    0,    0,    0,    0,    0,    0,    0,    0,    0,   30,    0,    0,    0,    0,    0,    0,    0,    0,    0,    0,    0,    0,    0,    0,    0,    0,    0,    0,    0,    0,    0,    0,    0,    0,    0,   18,    0,    0,    0,    0,    0,    0,    0,    0,    0,    0,    0,    0,    0,    0,    0,    0,    0,    0,    0,
       0,  -48,    0,    0,    0,    0,    0,    0,    0,    0,    0,    0,    0,    0,    0,    0,    0,    0,    0,    0,    0,    0,    0,    0,    0,    0,    0,    0,    0,    0,    0,    0,    0,    0,  -42,    0,    0,    0,    0,  -12,    0,    0,    0,    0,    0,  -48,    0,    0,    0,    0,    0,    0,    0,    0,    0,    0,    0,  -18,  -30,    0,    0,    0,    0,    0,    0,    0,    0,    0,    0,    0,    0,    0,    0,    0,    0,    0,    0,    0,    0,    0,  -30,    0,    0,
       0,    0,    0,   12,   -6,  -18,    0,    0,    0,    0,    0,    0,    0,    0,    0,    0,    0,    0,    0,    0,    0,    0,    0,    0,    0,    0,    0,    0,    0,  -12,    0,    0,    0,    0,    0,  -15,    0,   12,    0,    0,    0,    6,    0,    0,  -24,  -12,    0,   -6,    0,    0,  -12,    0,   -6,    0,    0,   -6,    0,  -18,   -6,    0,    0,    0,    6,    0,   -6,    0,    0,    0,    0,    0,  -12,    0,    0,    0,    0,  -30,    0,    0,    0,    0,    0,    0,    0,
       0,    0,    0,    0,  -48,  -12,  -12,    0,    0,    0,    0,    0,    0,    0,    0,    0,    0,    0,    0,    0,    0,    0,    0,    0,    0,    0,    0,    0,    0,  -24,  -12,    0,    0,    0,    0,  -12,    0,    0,  -48,    0,  -48,  -42,    0,    0,  -18,    0,  -18,  -18,  -12,   -6,  -36,    0,   -6,  -12,  -30,    0,    0,  -12,    0,   -6,   30,  -12,   12,    0,    0,    0,    0,    0,    0,  -24,   -6,  -12,    0,    0,    0,  -12,  -18,  -30,    0,    0,    0,    0,    0,
       0,  -42,    0,    0,    0,    0,    0,    0,    0,    0,    0,    0,    0,    0,    0,    0,    0,    0,    0,    0,    0,    0,    0,    0,    0,    0,    0,    0,    0,    0,    0,    0,    0,    0,  -36,  -24,    0,   18,   12,  -12,    0,    0,    0,    0,  -24,  -54,    0,   -6,   -6,    0,   -6,    0,   -6,    0,   12,  -18,    0,  -36,  -36,    0,    0,    0,    0,    0,  -18,  -24,    0,  -12,    0,    0,    0,    0,  -30,  -36,    0,  -30,    0,    0,    0,  -12,  -42,    0,    0,
       0,  -12,    0,    0,    0,    0,    0,    0,    0,    0,    0,    0,    0,    0,    0,    0,    0,    0,    0,    0,    0,    0,    0,    0,    0,    0,    0,    0,    0,    0,    0,    0,    0,    0,    0,   -6,    0,    0,    0,    0,   -6,    0,   -6,    0,   -6,  -12,    0,    0,    0,    0,    0,   -6,    0,    0,    0,  -18,   -6,  -18,  -24,    0,    0,    0,    0,    0,  -18,    0,    0,    0,    0,    0,    0,    0,    0,    0,    0,  -12,    0,    0,    0,    0,  -12,    0,    0,
       0,    0,    0,    0,  -12,    0,    0,    0,    0,    0,    0,    0,    0,    0,    0,    0,    0,    0,    0,    0,    0,    0,    0,    0,    0,    0,    0,    0,    0,    0,    0,    0,    0,    0,  -12,    0,   -6,    0,    0,   -6,   -6,    0,   -6,   -6,   -6,  -12,   -6,    0,    0,    0,    0,   -6,    0,    0,    0,    0,    0,   -6,    0,    0,    0,    0,    0,    0,    0,   -6,    0,    0,    0,    0,    0,    0,    0,   -6,    0,    0,    0,    0,    0,    0,    0,    0,    0,
       0,    0,    0,   24,    0,    0,    0,    0,    0,    0,    0,    0,    0,    0,    0,    0,    0,    0,    0,    0,    0,    0,    0,    0,    0,    0,    0,    0,    0,    0,    0,    0,    0,    0,   -6,   -6,    0,   72,   18,    0,    9,   18,    6,    0,   -6,  -18,    0,    0,    0,    0,    0,    0,    0,    0,   24,   18,    0,  -24,  -12,    0,    0,    0,    0,   60,   18,    0,    0,    0,    0,    0,    0,    0,    0,    0,    0,    0,    0,    0,    0,    0,    0,    0,    0,
       0,    0,    0,    0,  -24,    0,    0,    0,    0,    0,    0,    0,    0,    0,    0,    0,    0,    0,    0,    0,    0,    0,    0,    0,    0,    0,    0,    0,    0,    0,    0,    0,    0,    0,  -24,    0,    0,    0,    0,  -24,  -12,    0,  -15,   -6,    0,  -12,   -6,    0,    0,    0,    0,    0,    0,    0,    0,    0,    0,   -6,    0,    0,    0,    0,    0,    0,    0,   -6,    0,    0,    0,   -6,    0,    0,   -6,   -6,    0,    0,    0,    0,    0,    0,    0,    0,    0,
       0,    0,    0,    0,  -78,   -6,    0,    0,    0,    0,    0,    0,    0,    0,    0,    0,    0,    0,    0,    0,    0,    0,    0,    0,    0,    0,    0,    0,    0,   -6,    0,    0,    0,    0,  -12,    0,    0,    0,  -30,  -18,  -30,  -30,  -18,   -6,    0,    0,   -6,   -6,    0,    0,   -6,    0,    0,    0,  -24,    0,    0,    0,    0,    0,    0,    0,    0,    0,    0,    0,    0,    0,    0,  -30,    0,    0,    0,    0,    0,    0,    0,  -36,    0,    0,    0,    0,    0,
       0,    0,    0,  -12,  -24,    0,   -6,    0,    0,    0,    0,    0,    0,    0,    0,    0,    0,    0,    0,    0,    0,    0,    0,    0,    0,    0,    0,    0,    0,    0,    0,    0,    0,    0,  -30,    0,   -6,    0,  -12,  -36,  -12,   -9,  -24,  -12,    0,  -12,  -18,    0,    0,    0,    0,    0,    0,    0,  -12,    0,    0,    0,    0,    0,    0,    0,    0,    0,    0,   -6,    0,    0,    0,   -6,    0,    0,  -12,  -18,    0,    0,    0,  -12,    0,    0,    0,    0,    0,
       0,    0,    0,    0,    0,    0,    0,    0,    0,    0,    0,    0,    0,    0,    0,    0,    0,    0,    0,    0,    0,    0,    0,    0,    0,    0,    0,    0,    0,    0,    0,    0,    0,    0,  -18,    0,    0,    0,    0,    0,    0,    0,    0,    0,    0,    0,    0,    0,    0,    0,    0,    0,    0,    0,    0,    0,    0,    0,    0,    0,    0,    0,    0,    0,    0,    0,    0,    0,    0,    0,    0,    0,    0,    0,    0,    0,    0,    0,    0,    0,    0,    0,    0,
       0,   -6,    0,    0,  -12,    0,    0,    0,    0,    0,    0,    0,    0,    0,    0,    0,    0,    0,    0,    0,    0,    0,    0,    0,    0,    0,    0,    0,    0,    0,    0,    0,    0,    0,  -66,    0,    0,    0,    0,  -18,    0,    0,   -6,    0,    0,  -18,    0,    0,    0,   -6,    0,  -12,    0,    0,    0,  -24,  -12,  -12,  -12,   -6,    0,   -6,    0,    0,  -24,    0,    0,    0,    0,    0,    0,    0,    0,    0,    0,    0,    0,    0,    0,    0,  -12,    0,    0,
       0,    0,    0,    0,  -12,    0,    0,    0,    0,    0,    0,    0,    0,    0,    0,    0,    0,    0,    0,    0,    0,    0,    0,    0,    0,    0,    0,    0,    0,    0,    0,    0,    0,    0,  -36,    0,    0,    0,    0,    0,    0,    0,    0,    0,    0,   -6,    0,    0,    0,   -6,    0,   -6,    0,    0,    0,  -18,    0,  -12,   -6,    0,    0,    0,    0,    0,  -18,    0,    0,    0,    0,    0,    0,    0,    0,    0,    0,    0,    0,    0,    0,    0,    0,    0,    0,
       0,   -6,    0,    0,    0,    0,    0,    0,    0,    0,    0,    0,    0,    0,    0,    0,    0,    0,    0,    0,    0,    0,    0,    0,    0,    0,    0,    0,    0,    0,    0,    0,    0,    0,  -30,    0,    0,    0,    0,    0,    0,    0,    0,    0,    0,   -6,    0,   -6,    0,    0,   -6,    0,    0,    0,    0,  -12,    0,   -6,    0,    0,    0,    0,    0,    0,  -12,    0,    0,    0,    0,    0,    0,    0,    0,    0,    0,    0,    0,    0,    0,    0,    0,    0,    0,
       0,   -6,    0,    0,  -12,    0,    0,    0,    0,    0,    0,    0,    0,    0,    0,    0,    0,    0,    0,    0,    0,    0,    0,    0,    0,    0,    0,    0,    0,    0,    0,    0,    0,    0,  -12,    0,    0,    0,    0,    0,    0,    0,   -6,    0,    0,    0,    0,    0,    0,    0,    0,    0,    0,    0,    0,    0,   -6,    0,    0,    0,    0,    0,    0,    0,    0,    0,    0,    0,    0,    0,    0,    0,    0,    0,    0,    0,    0,    0,    0,    0,    0,    0,    0,
       0,    0,    0,    0,    0,    0,    0,    0,    0,    0,    0,    0,    0,    0,    0,    0,    0,    0,    0,    0,    0,    0,    0,    0,    0,    0,    0,    0,    0,    0,    0,    0,    0,    0,  -24,    0,    0,    0,    0,    0,    0,    0,    0,    0,    0,   -6,    0,  -12,    0,    0,  -12,    0,    0,    0,    6,    0,    0,  -12,    0,    0,    0,    0,    0,    0,    0,    0,    0,    0,    0,    0,    0,  -12,    0,    0,    0,    0,  -12,    0,    0,    0,    0,    0,    0,
       0,    0,    0,    0,   -6,  -12,    0,    0,    0,    0,    0,    0,    0,    0,    0,    0,    0,    0,    0,    0,    0,    0,    0,    0,    0,    0,    0,    0,    0,    0,    0,    0,    0,    0,  -18,    0,    0,    0,    0,    0,    0,    0,    0,    0,    0,   -6,    0,  -12,   -6,    0,  -12,    0,   -9,    0,    0,    0,    0,   -6,    0,    0,    0,    0,    0,    0,    0,    0,    0,    0,    0,    0,    0,    0,    0,    0,    0,    0,    0,    0,    0,    0,    6,    0,    0,
       0,   -6,    0,    0,  -12,    0,    0,    0,    0,    0,    0,    0,    0,    0,    0,    0,    0,    0,    0,    0,    0,    0,    0,    0,    0,    0,    0,    0,    0,    0,    0,    0,    0,    0,  -42,    0,    0,    0,    0,  -18,    0,    0,   -6,    0,    0,  -18,    0,    0,    0,   -6,    0,  -12,    0,    0,    0,  -24,  -12,  -12,  -12,   -6,    0,   -6,    0,    0,  -24,    0,    0,    0,    0,    0,    0,    0,    0,    0,    0,    0,    0,    0,    0,    0,  -12,    0,    0,
       0,  -18,    0,    0,    0,    0,    0,    0,    0,    0,    0,    0,    0,    0,    0,    0,    0,    0,    0,    0,    0,    0,    0,    0,    0,    0,    0,    0,    0,    0,    0,    0,    0,    0,  -24,    0,    0,    0,    0,    0,    0,    0,   -6,    0,    0,  -12,    0,    0,    0,    0,    0,    0,    0,    0,    0,  -30,    0,  -12,  -12,    0,    0,    0,    0,    0,  -30,    0,    0,    0,    0,    0,    0,    0,    0,    0,    0,    0,    0,    0,    0,    0,  -24,    0,    0,
       0,    0,    0,    0,  -24,   -6,    0,    0,    0,    0,    0,    0,    0,    0,    0,    0,    0,    0,    0,    0,    0,    0,    0,    0,    0,    0,    0,    0,    0,    0,    0,    0,    0,    0,  -12,    0,    0,    0,  -18,    0,   -6,    0,   -6,    0,    0,    0,    0,  -18,    0,    0,  -18,    0,    0,    0,  -30,    0,    0,    0,    0,   -6,    0,    0,    0,    0,    0,    0,    0,    0,    0,  -12,    0,    0,    0,    0,    0,    0,    0,    0,    0,    0,   12,    0,    0,
       0,  -12,    0,   24,    0,    0,    0,    0,    0,    0,    0,    0,    0,    0,    0,    0,    0,    0,    0,    0,    0,    0,    0,    0,    0,    0,    0,    0,    0,    0,    0,    0,    0,    0,  -30,    0,    0,   78,   24,    0,   12,   24,   12,    0,  -12,  -24,    0,    0,    0,    0,    0,    0,   -6,    0,   12,    6,    0,  -12,  -12,    0,    0,    0,    0,   30,    6,    0,    0,    0,    0,    0,    0,    0,    0,    0,    0,    0,    0,    0,    0,    0,  -18,    0,    0,
       0,  -36,    0,    0,    0,    0,    0,    0,    0,    0,    0,    0,    0,    0,    0,    0,    0,    0,    0,    0,    0,    0,    0,    0,    0,    0,    0,    0,    0,    0,    0,    0,    0,    0,  -54,  -18,    0,    0,    6,    0,    0,    0,    0,    0,    0,  -72,    0,    0,   -6,    0,    0,   -9,   -6,    0,    0,  -36,   -3,  -42,  -42,    0,    0,    0,    0,    0,  -36,    0,  -12,    0,    0,    0,    0,    0,    0,    0,  -18,    0,  -12,    0,    0,    0,  -54,    0,    0,
       0,  -18,    0,    0,    0,    0,    0,    0,    0,    0,    0,    0,    0,    0,    0,    0,    0,    0,    0,    0,    0,    0,    0,    0,    0,    0,    0,    0,    0,    0,    0,    0,    0,    0,  -54,    0,    0,   48,    0,    0,    0,    0,    0,    0,    0,    0,    0,    0,    0,    0,    0,    0,    0,    0,    0,  -24,    0,  -12,  -12,    0,    0,    0,    0,   12,  -24,    0,    0,    0,    0,    0,    0,    0,    0,    0,    0,    0,    0,    0,    0,    0,  -24,    0,    0,
       0,    0,    0,    0,    0,    0,    0,    0,    0,    0,    0,    0,    0,    0,    0,    0,    0,    0,    0,    0,    0,    0,    0,    0,    0,    0,    0,    0,    0,    0,    0,    0,    0,    0,  -18,    0,    0,    0,    0,  -12,    0,    0,    0,    0,    0,    0,    0,   -6,    0,    0,   -6,    0,    0,    0,    0,    0,    0,  -12,    0,    0,    0,    0,    0,    0,    0,    0,    0,    0,    0,    0,    0,    0,    0,    0,    0,    0,    0,    0,    0,    0,    0,    0,    0,
       0,   24,    0,   18,    0,    0,    0,    0,    0,    0,    0,    0,    0,    0,    0,    0,    0,    0,    0,    0,    0,    0,    0,    0,    0,    0,    0,    0,    0,    0,    0,    0,    0,    0,   12,    0,    0,    0,    0,   12,    0,    0,    6,    0,    0,    0,    0,    0,    0,    0,    0,    0,    0,    0,    0,    0,    0,    0,    0,    0,   12,    0,    6,    0,    0,    0,    0,    0,    0,    0,    0,    0,    0,    0,    0,    0,    0,    0,    0,    0,   24,    0,    0,
       0,    0,    0,    0,    0,    0,    0,    0,    0,    0,    0,    0,    0,    0,    0,    0,    0,    0,    0,    0,    0,    0,    0,    0,    0,    0,    0,    0,    0,    0,    0,    0,    0,    0,    0,    0,    0,   48,    0,    0,    0,    0,    0,    0,    0,    0,    0,    0,    0,    0,    0,    0,    0,    0,    0,    0,    0,    0,    0,    0,    0,    0,    0,   18,    0,    0,    0,    0,    0,    0,    0,    0,    0,    0,    0,    0,    0,    0,    0,    0,    0,    0,    0,
       0,    0,    0,    0,  -24,   -6,    0,    0,    0,    0,    0,    0,    0,    0,    0,    0,    0,    0,    0,    0,    0,    0,    0,    0,    0,    0,    0,    0,    0,    0,    0,    0,    0,    0,  -24,    0,    0,    0,  -18,    0,   -6,    0,   -6,    0,    0,    0,    0,  -18,    0,    0,  -18,    0,    0,    0,  -30,    0,    0,    0,    0,   -6,    0,    0,    0,    0,    0,    0,    0,    0,    0,  -12,    0,    0,    0,    0,    0,    0,    0,    0,    0,    0,   12,    0,    0,
       0,    0,    0,    0,  -24,    0,    0,    0,    0,    0,    0,    0,    0,    0,    0,    0,    0,    0,    0,    0,    0,    0,    0,    0,    0,    0,    0,    0,    0,    0,    0,    0,    0,    0,    0,    0,    0,    0,    0,    0,    0,    0,    0,    0,    0,    0,    0,    0,    0,    0,    0,    0,    0,    0,    0,    0,    0,    0,    0,    0,    0,    0,    0,    0,    0,    0,    0,    0,    0,  -12,    0,    0,    0,    0,    0,    0,    0,    0,    0,    0,    0,    0,    0,
       0,  -24,    0,    0,    0,    0,    0,    0,    0,    0,    0,    0,    0,    0,    0,    0,    0,    0,    0,    0,    0,    0,    0,    0,    0,    0,    0,    0,    0,    0,    0,    0,    0,    0,  -24,    0,    0,    0,    0,    0,    0,    0,    0,    0,    0,  -36,    0,    0,    0,    0,    0,    0,    0,    0,    0,    0,    0,    0,  -12,    0,    0,    0,    0,    0,    0,  -18,    0,    0,    0,    0,    0,    0,  -30,  -18,    0,    0,    0,    0,    0,    0,    0,    0,    0,
       0,  -42,    0,    0,    0,    0,    0,    0,    0,    0,    0,    0,    0,    0,    0,    0,    0,    0,    0,    0,    0,    0,    0,    0,    0,    0,    0,    0,    0,    0,    0,    0,    0,    0,    0,    0,    0,    0,    0,    0,    0,    0,    0,    0,    0,    0,    0,    0,    0,    0,    0,    0,    0,    0,    0,  -18,    0,  -18,  -30,   18,    0,    0,    0,    0,  -18,    0,  -12,    0,   -6,    0,    0,  -12,    0,    0,  -12,    0,  -12,    0,  -12,    0,    0,    0,    0,
       0,    0,    0,    0,  -36,  -24,    0,    0,    0,    0,    0,    0,    0,    0,    0,    0,    0,    0,    0,    0,    0,    0,    0,    0,    0,    0,    0,    0,    0,  -36,  -24,    0,    0,    0,    6,    0,    0,    0,    0,    0,  -30,    0,    0,    0,  -24,    0,    0,    0,    0,  -12,    0,  -12,    0,    0,    0,  -24,    0,  -30,  -24,  -18,    0,  -36,    0,    0,  -24,    0,  -12,    0,  -30,  -36,  -12,  -42,    0,    0,  -24,  -30,  -42,  -30,    0,    0,    0,    0,    0,
       0,    0,    0,    0,  -30,  -12,    0,    0,    0,    0,    0,    0,    0,    0,    0,    0,    0,    0,    0,    0,    0,    0,    0,    0,    0,    0,    0,    0,    0,    0,    0,    0,    0,    0,    0,    0,    0,    0,    0,    0,    0,    0,    0,    0,    0,    0,    0,    0,    0,    0,    0,    0,    0,    0,    0,    0,    0,    0,    0,    0,    0,    0,    0,    0,    0,    0,    0,    0,    0,  -18,    0,   -6,    0,    0,    0,    0,    0,    0,    0,    0,    0,    0,    0,
       0,    0,    0,    0,  -30,  -12,    0,    0,    0,    0,    0,    0,    0,    0,    0,    0,    0,    0,    0,    0,    0,    0,    0,    0,    0,    0,    0,    0,    0,    0,    0,    0,    0,    0,   12,    0,    0,    0,    0,    0,  -36,    0,    0,    0,  -18,    0,    0,    0,    0,  -12,    0,  -12,    0,    0,    0,    0,    0,  -30,    0,    0,   12,  -18,    0,    0,    0,    0,    0,    0,  -18,  -30,  -12,  -24,   12,    0,    0,  -12,  -18,  -24,    0,    0,    0,    0,    0,
       0,    0,    0,    0,  -18,    0,    0,    0,    0,    0,    0,    0,    0,    0,    0,    0,    0,    0,    0,    0,    0,    0,    0,    0,    0,    0,    0,    0,    0,    0,    0,    0,    0,    0,    0,    0,    0,    0,    0,    0,    0,    0,    0,    0,    0,    0,    0,    0,    0,    0,    0,    0,    0,    0,    0,    0,    0,    0,    0,    0,    0,    0,    0,    0,    0,    0,   30,    0,    0,  -18,    0,  -12,    0,    0,    0,    0,    0,    0,    0,    0,    0,    0,    0,
       0,  -42,    0,    0,    0,    0,    0,    0,    0,    0,    0,    0,    0,    0,    0,    0,    0,    0,    0,    0,    0,    0,    0,    0,    0,    0,    0,    0,    0,    0,    0,    0,    0,    0,    0,    0,    0,    0,    0,    0,    0,    0,    0,    0,    0,    0,    0,    0,    0,    0,    0,    0,    0,    0,    0,  -12,    0,  -48,  -30,    0,    0,    0,    0,    0,  -12,    0,  -12,    0,    0,    0,    0,    0,    0,    0,  -12,    0,  -12,    0,    0,    0,    0,    0,    0,
       0,    0,    0,    0,    0,    0,    0,    0,    0,    0,    0,    0,    0,    0,    0,    0,    0,    0,    0,    0,    0,    0,    0,    0,    0,    0,    0,    0,    0,    0,    0,    0,    0,    0,    0,    0,    0,  127,    0,    0,    0,    0,    0,    0,  -18,    0,    0,    0,    0,    0,    0,    0,    0,    0,    0,    0,    0,  -24,  -12,    0,    0,    0,    0,    0,    0,    0,    0,    0,    0,    0,  -12,    0,    0,    0,    0,  -18,  -12,    0,    0,    0,    0,    0,    0,
       0,    0,    0,    0,    0,    0,    0,    0,    0,    0,    0,    0,    0,    0,    0,    0,    0,    0,    0,    0,    0,    0,    0,    0,    0,    0,    0,    0,    0,    0,    0,    0,    0,    0,    0,    0,    0,    0,    0,    0,    0,    0,    0,    0,    0,    0,    0,    0,    0,    0,    0,    0,    0,    0,    0,    0,    0,   -6,    0,    0,    0,    0,    0,    0,    0,    0,    0,    0,    0,    0,    0,   -6,    0,    0,    0,    0,    0,    0,    0,    0,    0,    0,    0,
       0,    0,    0,    0,  -36,    0,    0,    0,    0,    0,    0,    0,    0,    0,    0,    0,    0,    0,    0,    0,    0,    0,    0,    0,    0,    0,    0,    0,    0,    0,    0,    0,    0,    0,    0,    0,    0,    0,    0,    0,  -36,    0,    0,    0,  -18,    0,    0,    0,    0,  -24,    0,    0,    0,    0,    0,    0,    0,  -24,    0,  -12,   12,    0,    0,    0,    0,    0,    0,    0,  -18,  -30,  -12,  -30,    0,    0,    0,    0,  -24,  -24,  -24,   -6,    0,    0,    0,
       0,    0,    0,    0,  -24,    0,    0,    0,    0,    0,    0,    0,    0,    0,    0,    0,    0,    0,    0,    0,    0,    0,    0,    0,    0,    0,    0,    0,    0,    0,    0,    0,    0,    0,    0,    0,    0,    0,    0,    0,    0,    0,    0,    0,    0,    0,    0,    0,    0,    0,    0,    0,    0,    0,    0,    0,    0,    0,    0,    0,    0,    0,    0,    0,    0,    0,    0,    0,    0,   -6,    0,    0,    0,    0,    0,    0,    0,    0,    0,    0,    0,    0,    0,
       0,    0,    0,    0,    0,    0,    0,    0,    0,    0,    0,    0,    0,    0,    0,    0,    0,    0,    0,    0,    0,    0,    0,    0,    0,    0,    0,    0,    0,    0,    0,    0,    0,    0,  -12,    0,    0,    0,    0,    0,    0,    0,    0,    0,    0,    0,    0,    0,    0,    0,    0,    0,    0,    0,    0,    0,    0,    0,    0,    0,    0,    0,    0,    0,    0,   -6,    0,    0,    0,    0,    0,    0,    0,   -6,    0,    0,    0,    0,    0,    0,    0,    0,    0,
       0,    0,    0,    0,    0,    0,    0,    0,    0,    0,    0,    0,    0,    0,    0,    0,    0,    0,    0,    0,    0,    0,    0,    0,    0,    0,    0,    0,    0,    0,    0,    0,    0,    0,    0,    0,    0,    0,    0,    0,    0,    0,    0,    0,    0,    0,    0,    0,    0,    0,    0,    0,    0,    0,    0,    0,    0,    0,    0,    0,    0,    0,    0,    0,    0,    0,    0,    0,    0,    0,    0,    0,    0,    0,    0,    0,    0,    0,    0,    0,    0,   31,    0,
       0,    0,    0,    0,    0,    0,    0,    0,    0,    0,    0,    0,    0,    0,    0,    0,    0,    0,    0,    0,    0,    0,    0,    0,    0,    0,    0,    0,    0,    0,    0,    0,    0,    0,    0,    0,    0,    0,    0,    0,    0,    0,    0,    0,    0,    0,    0,    0,    0,    0,    0,    0,    0,    0,    0,    0,    0,    0,    0,    0,    0,    0,    0,    0,    0,    0,    0,    0,    0,    0,    0,    0,    0,    0,    0,    0,    0,    0,    0,    0,    0,    0,   30,
};

static const EpdLigaturePair notosans_18_italicLigaturePairs[] = {
    { 0x00660066, 0xFB00 }, // f f -> U+FB00
    { 0x00660069, 0xFB01 }, // f i -> U+FB01
    { 0x0066006C, 0xFB02 }, // f l -> U+FB02
    { 0xFB000069, 0xFB03 }, // U+FB00 i -> U+FB03
    { 0xFB00006C, 0xFB04 }, // U+FB00 l -> U+FB04
};

static const EpdFontData notosans_18_italic = {
    notosans_18_italicBitmaps,
    notosans_18_italicGlyphs,
    notosans_18_italicIntervals,
    18,
    51,
    41,
    -11,
    true,
    nullptr,
    0,
    nullptr,
    notosans_18_italicKernLeftClasses,
    notosans_18_italicKernRightClasses,
    notosans_18_italicKernMatrix,
    471,
    471,
    90,
    83,
    notosans_18_italicLigaturePairs,
    5,
    nullptr,
    nullptr,
    nullptr,
    1,
};
