/**
 * generated by fontconvert.py
 * name: notoserif_9_bolditalic
 * size: 9
 * mode: 2-bit  compressed: true
 * Command used: fontconvert.py notoserif_9_bolditalic 9 ../builtinFonts/source/NotoSerif/NotoSerif-BoldItalic.ttf --2bit --compress --pnum
 */
#pragma once
#include "EpdFontData.h"

static const uint8_t notoserif_9_bolditalicBitmaps[23076] = {
    0x8D, 0x57, 0x3D, 0x6C, 0xDD, 0xD6, 0x15, 0xFE, 0x48, 0xDA, 0x61, 0x10, 0x46, 0xBE, 0x1A, 0xA2,
    0x0E, 0xAE, 0x62, 0x66, 0xC8, 0x60, 0xA0, 0xB2, 0xA9, 0x41, 0x83, 0xD0, 0x48, 0x8F, 0xD7, 0xF1,
    0xD0, 0x21, 0x68, 0xA2, 0x02, 0x56, 0xBA, 0x06, 0xE8, 0x50, 0xC0, 0x40, 0x60, 0x0D, 0x2E, 0xEA,
    0x22, 0x7A, 0xEF, 0xD1, 0xF1, 0xD0, 0xA1, 0x45, 0xA1, 0xA2, 0x43, 0x87, 0x2E, 0x2A, 0x90, 0xA2,
    0x41, 0x34, 0x58, 0x83, 0x07, 0xB7, 0x78, 0xD2, 0xBB, 0x8E, 0x86, 0x0E, 0x46, 0xD1, 0x1B, 0x1B,
    0x85, 0x87, 0x04, 0x29, 0xD3, 0x38, 0x70, 0xE2, 0x36, 0xCD, 0x2D, 0xCA, 0x24, 0x4C, 0x4A, 0x3D,
    0xF6, 0x3B, 0xE4, 0xD3, 0x8F, 0xE3, 0x0E, 0xA1, 0x78, 0xE9, 0xE7, 0xF7, 0xEE, 0xB9, 0xE7, 0xEF,
    0x3B, 0xDF, 0x39, 0xF4, 0x96, 0x02, 0x17, 0xE6, 0xA1, 0x89, 0x4C, 0x94, 0x29, 0x28, 0x4C, 0xE0,
    0x51, 0x00, 0x0B, 0xD8, 0x46, 0x97, 0xFF, 0x4E, 0x1D, 0x45, 0x9A, 0x60, 0xB1, 0x83, 0x85, 0x05,
    0xCC, 0xCF, 0x63, 0x76, 0x0E, 0x98, 0x9C, 0xC4, 0xDC, 0x3A, 0x56, 0x2C, 0x7E, 0x6B, 0x54, 0x5D,
    0x3C, 0xF6, 0x8F, 0xD7, 0xBC, 0x1D, 0x04, 0x3F, 0x45, 0xF0, 0x3C, 0xFA, 0xB5, 0x3D, 0xF1, 0xB2,
    0x9E, 0x38, 0x89, 0xE9, 0x39, 0xCC, 0xAC, 0x40, 0xAE, 0x47, 0x80, 0xE1, 0x5A, 0xF0, 0x6E, 0x11,
    0xFD, 0xBC, 0x50, 0xEF, 0x2C, 0x45, 0x25, 0x82, 0x5D, 0xA0, 0xCE, 0x90, 0x9A, 0x93, 0x3F, 0xB0,
    0x97, 0x7E, 0x65, 0xBB, 0x77, 0x4C, 0x32, 0x82, 0x67, 0xE1, 0x65, 0xF0, 0x00, 0x6F, 0x0D, 0x5A,
    0xAD, 0x06, 0xFA, 0xD4, 0xA9, 0x08, 0x0B, 0xA7, 0xA6, 0x71, 0x69, 0x66, 0x0E, 0xD7, 0x16, 0xD6,
    0x71, 0xED, 0x47, 0x37, 0x8B, 0x9F, 0xBC, 0xFF, 0xF2, 0xC2, 0xF1, 0xE7, 0x69, 0xC7, 0xCC, 0xB5,
    0x05, 0xCC, 0x16, 0x0B, 0xC8, 0xDD, 0x25, 0xDF, 0x5C, 0x73, 0x21, 0xD2, 0xAC, 0xD5, 0xB5, 0x06,
    0xF4, 0x06, 0x40, 0xB9, 0x08, 0x14, 0x5C, 0xE5, 0x2A, 0xB0, 0x9D, 0xD3, 0x80, 0xA0, 0x8C, 0x3E,
    0xB9, 0x62, 0x12, 0xF5, 0x36, 0x3A, 0xC1, 0x08, 0x5D, 0xAF, 0x42, 0x8F, 0xEE, 0xA5, 0xCF, 0xD6,
    0x3A, 0x1A, 0x29, 0x27, 0xA2, 0x53, 0xE8, 0x60, 0x91, 0x4E, 0xD3, 0xC3, 0xE6, 0xA8, 0x48, 0xD3,
    0x7B, 0xAF, 0x40, 0x90, 0x23, 0x32, 0x50, 0x06, 0x89, 0x46, 0x8A, 0xF1, 0xDD, 0x69, 0x6E, 0x7E,
    0x48, 0x00, 0xA5, 0x11, 0x18, 0x40, 0x8B, 0x90, 0x47, 0x5D, 0xD7, 0xC1, 0x73, 0xC6, 0x3F, 0xEF,
    0xDF, 0x3D, 0x60, 0x0B, 0xA8, 0xE0, 0xD1, 0x7D, 0x87, 0xD0, 0x22, 0xD6, 0xB2, 0xB1, 0x11, 0xC2,
    0x91, 0x8B, 0x38, 0xB5, 0x82, 0x68, 0xC3, 0x7C, 0x6B, 0x94, 0x2D, 0xFE, 0x0B, 0xDE, 0x4D, 0xED,
    0xDF, 0x68, 0x4E, 0x63, 0x40, 0x8C, 0xDC, 0x2F, 0xFE, 0x15, 0x75, 0xAD, 0xDB, 0xCF, 0x5E, 0xA3,
    0x2B, 0xD2, 0x8A, 0xE9, 0x0A, 0xF4, 0x09, 0x3C, 0xC5, 0x8D, 0x43, 0x3B, 0x34, 0xA7, 0xFA, 0x8B,
    0xCD, 0x61, 0xFC, 0x3D, 0xC8, 0x10, 0x02, 0xC7, 0x80, 0xC7, 0x81, 0x93, 0x00, 0x13, 0xB6, 0x09,
    0x58, 0xF8, 0xFC, 0x85, 0x92, 0x60, 0x7E, 0x31, 0xB3, 0xF7, 0xB5, 0x5C, 0xC7, 0xE1, 0xFD, 0xD7,
    0x06, 0xD6, 0xA9, 0xAC, 0x88, 0x75, 0x99, 0xA0, 0xEC, 0xA0, 0xE8, 0x78, 0xC5, 0xA2, 0xE7, 0xBA,
    0x7E, 0xDE, 0x0D, 0xEC, 0x62, 0x64, 0x92, 0x18, 0xCC, 0x9C, 0x5C, 0x47, 0xE9, 0x8F, 0x7E, 0xA4,
    0x86, 0xEA, 0xE3, 0x08, 0x9D, 0xEC, 0x36, 0x8E, 0x0D, 0xC4, 0x37, 0x94, 0x12, 0x2F, 0xDF, 0x89,
    0x87, 0xFD, 0x5A, 0xE3, 0xF8, 0x1A, 0x46, 0x95, 0xEF, 0xBA, 0x41, 0xDE, 0xC5, 0x1A, 0x13, 0xC1,
    0xDF, 0x72, 0x09, 0xEB, 0x29, 0x80, 0x7B, 0xB2, 0xA7, 0x4F, 0x60, 0x25, 0xAD, 0x5D, 0x5A, 0xE7,
    0xF8, 0x86, 0xEC, 0x0C, 0xDC, 0x56, 0x60, 0xBB, 0xD0, 0x03, 0x09, 0xD2, 0x05, 0x8B, 0xAB, 0x56,
    0x0E, 0xF2, 0xCA, 0x47, 0x69, 0x89, 0xEF, 0xD2, 0xE7, 0x72, 0x55, 0xB7, 0x31, 0x5E, 0x42, 0xE8,
    0xA0, 0x72, 0x3C, 0x63, 0xB1, 0x61, 0xFC, 0x9B, 0x26, 0x54, 0xE6, 0x71, 0x95, 0xCD, 0xC5, 0xFA,
    0x8F, 0xC3, 0xFC, 0xFC, 0x70, 0x4D, 0x42, 0xDF, 0x43, 0x58, 0x1B, 0x2C, 0x9F, 0xF3, 0xEB, 0x32,
    0xB8, 0x7F, 0x2D, 0xC4, 0x6C, 0xEB, 0xB5, 0x1A, 0xE1, 0x48, 0x6C, 0x10, 0x59, 0x66, 0x60, 0x32,
    0xB4, 0x9B, 0xCA, 0x5C, 0x4F, 0x74, 0x5A, 0xEE, 0x41, 0xA7, 0x57, 0xFA, 0xF9, 0x6A, 0x68, 0x2E,
    0xAA, 0x4C, 0xD2, 0x93, 0x0C, 0xB3, 0xF4, 0x6C, 0xDE, 0x09, 0x5C, 0x73, 0xF3, 0x83, 0x8D, 0x55,
    0x16, 0x8E, 0x9A, 0x18, 0x2C, 0x2F, 0x25, 0x75, 0xD1, 0xD9, 0x70, 0x73, 0x81, 0x79, 0x2A, 0xE2,
    0xEE, 0x26, 0xE5, 0xD7, 0xE1, 0xD1, 0x2F, 0x2B, 0x70, 0x89, 0x1B, 0x00, 0x0C, 0x24, 0xB6, 0xDA,
    0xFF, 0xD2, 0x45, 0xA6, 0x54, 0x72, 0x17, 0xE1, 0xAD, 0x3C, 0xA8, 0xB5, 0x5F, 0xEB, 0x44, 0xD9,
    0xD5, 0x20, 0x1F, 0x34, 0x77, 0x37, 0x32, 0xF1, 0x68, 0x3F, 0x11, 0x79, 0x78, 0xA3, 0x4D, 0x44,
    0x91, 0xA0, 0x88, 0x9F, 0x75, 0xEA, 0x13, 0xE7, 0xDF, 0xCB, 0xDB, 0x73, 0x67, 0x15, 0x2E, 0x2D,
    0x22, 0x75, 0x6D, 0xDA, 0x02, 0x1B, 0xE5, 0x82, 0xBC, 0xF6, 0x3A, 0x4D, 0x98, 0x75, 0xDA, 0x8F,
    0x85, 0x5F, 0xC2, 0xED, 0x7D, 0x7F, 0x80, 0x94, 0xA7, 0x0F, 0x70, 0x1D, 0xE6, 0xB2, 0x97, 0x00,
    0xA4, 0x9F, 0xCC, 0x99, 0xC0, 0xD8, 0x6F, 0xB1, 0x28, 0x40, 0x6B, 0x3F, 0x9C, 0x7F, 0x03, 0xC3,
    0x5A, 0x3E, 0x38, 0x39, 0x5C, 0x44, 0x04, 0xC5, 0xB1, 0x88, 0xD1, 0x65, 0x26, 0x7D, 0xAD, 0xC5,
    0xDB, 0x6B, 0x88, 0xAF, 0x66, 0x1D, 0x65, 0x16, 0x23, 0x7B, 0x84, 0x65, 0x12, 0x67, 0xDC, 0xC6,
    0xA2, 0x09, 0x35, 0xFC, 0x66, 0x83, 0x82, 0x94, 0x4E, 0x3C, 0x36, 0xE7, 0x1C, 0x57, 0xBC, 0x91,
    0x0B, 0x1A, 0x16, 0xA4, 0x6E, 0x8E, 0x21, 0xF2, 0x76, 0x9F, 0xC3, 0x09, 0xF5, 0xDC, 0x15, 0x3D,
    0x73, 0x3A, 0x3A, 0xAB, 0x17, 0x16, 0x54, 0xA0, 0xE7, 0x57, 0x55, 0x88, 0xF9, 0xD5, 0x38, 0xE2,
    0x23, 0x99, 0xC0, 0x42, 0xF2, 0xFB, 0xEB, 0x98, 0x79, 0xE4, 0xCC, 0x9A, 0x1C, 0x46, 0x53, 0x32,
    0x41, 0xFD, 0x17, 0x2F, 0x5A, 0x66, 0xED, 0x35, 0xF9, 0xE2, 0x09, 0x2E, 0x92, 0x8A, 0xC7, 0x28,
    0x06, 0xB4, 0x31, 0x62, 0xC1, 0x4D, 0x70, 0x9D, 0xE4, 0x5A, 0xA1, 0xEE, 0x2F, 0x87, 0xDA, 0xBB,
    0x3F, 0xCC, 0x82, 0x2C, 0xCE, 0x22, 0x56, 0x72, 0x8C, 0xD8, 0xD4, 0xA6, 0x76, 0xDE, 0xF2, 0x39,
    0x78, 0x35, 0x99, 0xA8, 0xA7, 0x2C, 0xBA, 0x51, 0x8E, 0x01, 0x81, 0x51, 0xD1, 0x85, 0xD1, 0x36,
    0x8F, 0xDA, 0x86, 0x5F, 0x24, 0x99, 0xEF, 0x62, 0x13, 0xB8, 0x38, 0x0B, 0x5C, 0xA2, 0xA3, 0x7C,
    0x48, 0x5C, 0x17, 0xAD, 0xD2, 0xED, 0x21, 0x9D, 0x4C, 0x79, 0xDA, 0x69, 0xF1, 0x4E, 0x4A, 0x5C,
    0xA2, 0x23, 0x61, 0x11, 0x4B, 0x9A, 0x25, 0x9F, 0xFB, 0xB4, 0x34, 0xF9, 0x80, 0x15, 0x5F, 0xB7,
    0x04, 0x35, 0xD6, 0x69, 0xD0, 0x23, 0x86, 0xBB, 0x04, 0xFA, 0x16, 0x0B, 0x67, 0xFC, 0xE7, 0x95,
    0x5E, 0xE5, 0x17, 0x5E, 0x19, 0xB8, 0xA0, 0x20, 0x21, 0x3B, 0xEA, 0x35, 0xD1, 0x7B, 0xA2, 0xF3,
    0x2E, 0xE5, 0x96, 0x35, 0xE5, 0x2C, 0x7A, 0xAC, 0xEF, 0x2E, 0x97, 0x1C, 0xCE, 0x92, 0xC3, 0xE8,
    0x75, 0xDA, 0xFA, 0x3A, 0x6D, 0x85, 0x54, 0x0B, 0x97, 0xC7, 0x15, 0x21, 0xCA, 0x4F, 0x50, 0x6E,
    0x57, 0xE4, 0x96, 0x28, 0x97, 0x53, 0x8E, 0x3E, 0xE2, 0x40, 0x8E, 0xCB, 0xAB, 0xAB, 0x43, 0x72,
    0xED, 0x62, 0x14, 0xD0, 0x97, 0xDF, 0x8F, 0xD2, 0xC7, 0x1E, 0x63, 0xE6, 0x94, 0x21, 0x7E, 0xB2,
    0x07, 0x7C, 0xF4, 0x96, 0xF5, 0xAE, 0x5F, 0x67, 0xBB, 0x3C, 0x4C, 0xCC, 0xEF, 0x71, 0x25, 0x97,
    0x2B, 0xFA, 0x78, 0x77, 0xEC, 0xE3, 0xF7, 0x44, 0xE9, 0xAD, 0x9A, 0x15, 0x25, 0x02, 0x5D, 0x51,
    0x2A, 0x1B, 0x1B, 0x37, 0x31, 0x7A, 0x83, 0x3C, 0x31, 0xDA, 0x20, 0x1B, 0x14, 0xD4, 0x4E, 0x67,
    0xDD, 0xDE, 0x83, 0x10, 0x8B, 0x72, 0x5A, 0xD0, 0xAF, 0x86, 0x64, 0x4A, 0x39, 0xC3, 0xB6, 0xF2,
    0x2D, 0x77, 0xB6, 0xF4, 0xE9, 0xEF, 0x51, 0x0C, 0xEF, 0x66, 0x2F, 0xA9, 0x7B, 0x19, 0xF1, 0xAE,
    0x00, 0x94, 0xBC, 0xCA, 0x14, 0xAA, 0x86, 0xAE, 0x89, 0xC3, 0xC3, 0x8C, 0xBD, 0x47, 0xC0, 0x24,
    0x29, 0x8A, 0x5F, 0x35, 0x02, 0x44, 0x31, 0x94, 0x51, 0xB8, 0x4D, 0xD8, 0xF4, 0x84, 0xB9, 0xBB,
    0x24, 0x4E, 0x6C, 0x3D, 0x29, 0xD1, 0xB9, 0x28, 0xA1, 0x75, 0x12, 0x23, 0xB2, 0x83, 0xFF, 0x45,
    0x25, 0xD1, 0xD9, 0x95, 0x47, 0x5F, 0x1E, 0x29, 0x69, 0x34, 0x4F, 0x0C, 0x95, 0x47, 0x4E, 0x0C,
    0x85, 0x58, 0xDA, 0xC4, 0xA6, 0x3B, 0xCE, 0xFB, 0x5E, 0x88, 0x45, 0x7A, 0x3F, 0xC4, 0x81, 0xA6,
    0x8F, 0x94, 0x8C, 0x99, 0x1A, 0x76, 0xBC, 0xE5, 0xE6, 0xAE, 0xB3, 0x88, 0xFA, 0xFB, 0x46, 0xBA,
    0xD0, 0x2B, 0xE6, 0x19, 0x3E, 0x37, 0xCC, 0x8F, 0x69, 0xCC, 0x3D, 0x7B, 0x8F, 0x67, 0xDE, 0x79,
    0xEB, 0x26, 0x29, 0x7F, 0xE7, 0xFD, 0x17, 0x0C, 0xFC, 0x9D, 0x7B, 0x74, 0x2B, 0xB8, 0xB2, 0x4B,
    0xCF, 0x82, 0xB3, 0x15, 0x9D, 0x0B, 0x88, 0x50, 0xA6, 0x8C, 0xE4, 0xC8, 0x03, 0xDE, 0xDA, 0xA1,
    0x0D, 0x3C, 0x70, 0x8A, 0x38, 0x41, 0x3F, 0x43, 0x5F, 0x4F, 0xCB, 0xB1, 0x7C, 0x6C, 0x58, 0xB2,
    0xFD, 0x6D, 0x37, 0x0F, 0xDC, 0x2A, 0xE6, 0xD8, 0x1F, 0xAA, 0x15, 0xB6, 0x82, 0xAD, 0x4D, 0x52,
    0x70, 0xBA, 0xCE, 0x8E, 0x90, 0x90, 0x67, 0xC1, 0x0A, 0x88, 0x84, 0xB8, 0xFA, 0x56, 0x18, 0x45,
    0xDA, 0xE8, 0xF6, 0x88, 0x00, 0x8F, 0x33, 0x49, 0x3F, 0xA1, 0x6F, 0x53, 0x46, 0xB6, 0xC7, 0x6D,
    0x5B, 0x8C, 0xED, 0x2E, 0x17, 0x53, 0xAE, 0xB7, 0x18, 0xD8, 0x1E, 0x59, 0x2E, 0x79, 0xF6, 0x30,
    0xC0, 0x25, 0x1A, 0x43, 0xCD, 0xA2, 0x22, 0xC8, 0x99, 0x8D, 0x2D, 0x26, 0xA9, 0x6A, 0x0B, 0xCB,
    0x2B, 0xFB, 0xE4, 0xBE, 0x0F, 0x1F, 0x06, 0xDC, 0x2E, 0x0E, 0xEB, 0xD4, 0xAD, 0x4E, 0x65, 0xBE,
    0x96, 0xCE, 0x6A, 0x5C, 0x6D, 0x12, 0xFD, 0x84, 0x67, 0x78, 0x7A, 0x5C, 0x64, 0x43, 0x16, 0x36,
    0x4F, 0xEF, 0xB2, 0xD0, 0xB6, 0xB8, 0x1A, 0x1B, 0xE2, 0xCC, 0x63, 0x51, 0xF8, 0x9F, 0x56, 0xD4,
    0x2D, 0xAB, 0x27, 0xC9, 0xA4, 0x0D, 0x69, 0xD6, 0xDF, 0xE5, 0xDE, 0xE3, 0xDA, 0xFB, 0xB2, 0x0C,
    0xCD, 0x40, 0x99, 0x4B, 0xB4, 0x3E, 0x22, 0x3A, 0x99, 0x26, 0x16, 0x6B, 0x42, 0x68, 0xB9, 0x55,
    0xDF, 0x0D, 0x7C, 0xD7, 0x0B, 0x6D, 0x4B, 0xD6, 0x53, 0xAC, 0xC8, 0x94, 0xEC, 0x71, 0x31, 0x0D,
    0xF4, 0x26, 0x17, 0x21, 0xD4, 0xA6, 0x7E, 0xF0, 0xFF, 0xD3, 0x4F, 0x13, 0x90, 0x52, 0x72, 0xEA,
    0xDC, 0xD1, 0xA5, 0xE4, 0x8B, 0x6F, 0xDE, 0x25, 0x77, 0x6B, 0xF2, 0x32, 0xDD, 0x0A, 0xB9, 0x22,
    0xE2, 0xF5, 0x18, 0xDD, 0x9B, 0xA0, 0x7B, 0xD3, 0xE3, 0x35, 0xCF, 0x35, 0xC7, 0xCA, 0x62, 0x55,
    0x8C, 0x39, 0x79, 0xEA, 0xDC, 0xD4, 0x52, 0x5A, 0x26, 0xB9, 0xEC, 0x57, 0x66, 0x82, 0xE1, 0x99,
    0xE1, 0x5A, 0x21, 0xF4, 0x69, 0xE0, 0x7B, 0x04, 0xC7, 0xFB, 0x84, 0xC6, 0xE7, 0x68, 0x26, 0xAC,
    0xA0, 0x6A, 0x75, 0x0B, 0xB0, 0xA7, 0xCE, 0x79, 0xA0, 0xB5, 0x45, 0x84, 0xA1, 0x04, 0x57, 0x2F,
    0x50, 0x3A, 0xC9, 0xE6, 0xF8, 0x4C, 0xB3, 0x4D, 0xA6, 0xFD, 0x13, 0xC3, 0xF4, 0xBF, 0xF5, 0x97,
    0x37, 0xE9, 0xF3, 0xED, 0x9F, 0xED, 0x68, 0x84, 0x77, 0xA2, 0x9B, 0xB4, 0xF8, 0xDD, 0xF0, 0x5D,
    0x3E, 0xAB, 0x50, 0xD0, 0x5F, 0x06, 0x25, 0xDA, 0x3A, 0x65, 0x8A, 0x48, 0xEF, 0xE0, 0x81, 0xCB,
    0x5E, 0xFD, 0xCB, 0x11, 0x8D, 0x74, 0x48, 0x5E, 0x65, 0xC1, 0x51, 0x44, 0x55, 0xAD, 0xA3, 0x21,
    0x15, 0x2B, 0x0A, 0xCC, 0xF1, 0xFF, 0x76, 0x9B, 0x48, 0xEB, 0x93, 0xB9, 0xD3, 0x6C, 0xF8, 0x66,
    0x9D, 0x37, 0x3E, 0xDC, 0x4D, 0x2C, 0xED, 0xA0, 0xED, 0xD3, 0xB4, 0x7D, 0x8E, 0xE7, 0x12, 0x88,
    0xFF, 0x26, 0xD0, 0x3F, 0xA7, 0x9F, 0xA3, 0x07, 0xE3, 0x27, 0x7A, 0x53, 0xE9, 0x43, 0x64, 0x32,
    0x36, 0x27, 0x07, 0x1B, 0x5B, 0xCF, 0xA4, 0xDA, 0xD3, 0xDC, 0xE8, 0x73, 0x13, 0x4B, 0x90, 0x84,
    0x2E, 0x53, 0x49, 0x23, 0x1B, 0x94, 0xBE, 0x8E, 0x58, 0x6A, 0xB1, 0x8D, 0x29, 0x57, 0x8B, 0x9D,
    0x9C, 0x36, 0xBD, 0xF2, 0x80, 0x35, 0x84, 0x66, 0xEC, 0x78, 0xA8, 0x93, 0x56, 0x7F, 0x88, 0x28,
    0xD8, 0x14, 0xFB, 0x6B, 0x98, 0x5A, 0xA2, 0xD5, 0x36, 0x5F, 0x5F, 0x5F, 0xDF, 0xDC, 0x5C, 0xE1,
    0x35, 0x3B, 0x3B, 0x3B, 0x37, 0x89, 0xA6, 0x56, 0x65, 0x6B, 0xB2, 0xB7, 0xB5, 0x77, 0x40, 0x4C,
    0x87, 0x67, 0x9F, 0x56, 0x05, 0xC7, 0x17, 0x6A, 0xC6, 0x64, 0x33, 0x65, 0x51, 0xFB, 0x3B, 0x08,
    0xBE, 0x8B, 0x30, 0xC4, 0x44, 0xA0, 0xA7, 0x7D, 0x33, 0xCF, 0x79, 0x4C, 0x30, 0xA4, 0xCF, 0xBF,
    0x91, 0x3D, 0xC1, 0x13, 0x23, 0xED, 0x35, 0xF5, 0x33, 0xFC, 0x67, 0x90, 0xB3, 0x52, 0xCA, 0xF8,
    0x4C, 0x99, 0xFA, 0xC5, 0x78, 0xF8, 0x20, 0x3E, 0x7F, 0xF8, 0x69, 0xFC, 0x77, 0x41, 0xF9, 0xD1,
    0x25, 0xC4, 0xAD, 0x92, 0xBC, 0xF1, 0xE3, 0x6F, 0x4E, 0x7D, 0x56, 0x2A, 0x4B, 0x91, 0x2A, 0xD6,
    0x55, 0xE2, 0x51, 0xCA, 0xA5, 0x41, 0xDE, 0x57, 0xD9, 0x2B, 0xBB, 0x7B, 0x13, 0xC0, 0xD0, 0x86,
    0x3B, 0x4E, 0x5D, 0xCE, 0x93, 0x07, 0x46, 0x57, 0x9D, 0xFC, 0x5A, 0x47, 0xED, 0xD8, 0x41, 0xD7,
    0xE8, 0x1B, 0x0E, 0x18, 0x9E, 0x2C, 0xC6, 0xDE, 0x40, 0x4B, 0x18, 0xA2, 0x12, 0xC9, 0x99, 0x12,
    0x34, 0x86, 0x93, 0xB3, 0x6B, 0x17, 0x23, 0x4E, 0x83, 0xD0, 0x5A, 0xB4, 0xA7, 0x23, 0xA0, 0x8E,
    0x2B, 0x2E, 0x09, 0x6D, 0x7A, 0x21, 0x4B, 0xEF, 0xEE, 0xEB, 0xC8, 0xF6, 0x74, 0x4C, 0x41, 0xA6,
    0x4C, 0x04, 0xB7, 0x18, 0xFA, 0x1B, 0x5A, 0x62, 0x0F, 0xB2, 0xBC, 0x44, 0x7F, 0xBF, 0x81, 0xCA,
    0xEA, 0x3C, 0x4C, 0xA2, 0x90, 0x2A, 0x6A, 0x70, 0x07, 0x5C, 0xC8, 0xDA, 0x6E, 0xCF, 0x6F, 0x38,
    0x43, 0x8F, 0x72, 0xAC, 0xB6, 0x93, 0xBE, 0xE7, 0xF8, 0xAF, 0x63, 0xE9, 0x0D, 0xB9, 0xF1, 0x77,
    0x68, 0x26, 0xF2, 0x80, 0x6D, 0x8F, 0x03, 0x20, 0xD4, 0x8B, 0x15, 0xC7, 0xB3, 0x55, 0xAE, 0x82,
    0xA3, 0x47, 0x43, 0x92, 0x12, 0x47, 0x75, 0x38, 0x8E, 0x6F, 0x17, 0xEA, 0x7E, 0xA5, 0x18, 0xFA,
    0x1B, 0x65, 0x7C, 0xB9, 0x48, 0x24, 0x88, 0x72, 0xF7, 0x82, 0xCF, 0xB6, 0x7C, 0xF1, 0xD2, 0x83,
    0x90, 0x52, 0x33, 0x1F, 0xB1, 0x17, 0x26, 0xCD, 0xAC, 0xD5, 0xA3, 0x91, 0x03, 0x6C, 0x67, 0xFD,
    0xAC, 0xD9, 0x30, 0xEE, 0x3B, 0xE3, 0x29, 0xEA, 0x6B, 0x20, 0x25, 0xC7, 0x05, 0x23, 0x61, 0xF9,
    0xAA, 0x2D, 0xB7, 0x6B, 0xC5, 0x11, 0x70, 0x27, 0x53, 0xBF, 0x40, 0xBC, 0x8D, 0xA4, 0xE6, 0xEB,
    0x97, 0x4E, 0x95, 0x21, 0x99, 0x6D, 0xF9, 0xE5, 0xD1, 0x25, 0xC5, 0x22, 0x0C, 0xF2, 0x30, 0x8F,
    0xA4, 0x84, 0x8C, 0xCA, 0xE2, 0xC6, 0x1C, 0xFE, 0xBD, 0x94, 0xD8, 0xF6, 0x75, 0x02, 0xE9, 0x9D,
    0x72, 0xA8, 0xA3, 0x8F, 0x46, 0x57, 0xB3, 0xC8, 0x8D, 0x84, 0xC3, 0x09, 0x0E, 0x7A, 0x96, 0x20,
    0x7E, 0x95, 0x74, 0x97, 0x9C, 0xE5, 0x83, 0xCE, 0x75, 0xE4, 0x91, 0x2E, 0x75, 0x42, 0x69, 0x65,
    0x7B, 0x17, 0x45, 0x11, 0x7D, 0x5C, 0xB1, 0xAA, 0x98, 0x7C, 0xDB, 0x02, 0x80, 0x11, 0x21, 0xDF,
    0x16, 0x04, 0x01, 0x13, 0x1F, 0x7C, 0x86, 0x8E, 0x37, 0xDA, 0xDF, 0x5F, 0xDB, 0xF0, 0x56, 0xA1,
    0x32, 0x9E, 0x5D, 0xA5, 0x7C, 0x71, 0xF0, 0xCA, 0x8E, 0x2F, 0xD3, 0x72, 0xF2, 0x82, 0xD9, 0x4B,
    0x3C, 0xD4, 0x7F, 0xAA, 0xE0, 0xE3, 0x5E, 0x50, 0x88, 0x36, 0xC2, 0x23, 0x32, 0x1C, 0x16, 0x07,
    0x82, 0xF1, 0x1D, 0x97, 0x30, 0x9A, 0xFB, 0x85, 0x97, 0xE1, 0x7C, 0xDB, 0x43, 0xEA, 0x4A, 0x8A,
    0x20, 0x7B, 0xB8, 0x08, 0x6C, 0x7C, 0xCF, 0x20, 0x34, 0x4D, 0xED, 0x66, 0xF2, 0x0A, 0xF0, 0xD8,
    0xBA, 0x98, 0xFC, 0xB6, 0x8B, 0x3E, 0x2A, 0x22, 0xE7, 0x94, 0xFD, 0x6A, 0xE3, 0x6F, 0x07, 0x62,
    0xF6, 0x09, 0x15, 0x9A, 0x98, 0xF3, 0x9F, 0x15, 0x86, 0xF2, 0x6B, 0x4C, 0x26, 0xFA, 0x9A, 0xD2,
    0x83, 0x18, 0x49, 0x3B, 0xFC, 0x6B, 0x9F, 0x33, 0xF2, 0xB0, 0xFA, 0x4A, 0x66, 0x5F, 0x4A, 0xDB,
    0xB8, 0xD4, 0x97, 0x4B, 0xBA, 0xDF, 0x82, 0x82, 0xBE, 0xB1, 0xAB, 0x6D, 0x29, 0x3B, 0x48, 0xCC,
    0xF0, 0x37, 0x1F, 0xF6, 0xBF, 0x53, 0x8E, 0x0B, 0xE0, 0x8C, 0x8B, 0xCF, 0x30, 0x10, 0x17, 0x95,
    0x59, 0x51, 0x26, 0x8F, 0x6E, 0x98, 0x70, 0x47, 0x93, 0x3F, 0x83, 0xAA, 0x61, 0xFF, 0x71, 0x70,
    0xB3, 0x41, 0xA2, 0xB2, 0x4A, 0xA9, 0xCB, 0x5C, 0x3B, 0x83, 0x63, 0xEA, 0x4F, 0xAB, 0xD3, 0xEA,
    0xCF, 0xAB, 0xF3, 0xEA, 0x9D, 0xD5, 0x15, 0xE5, 0x7A, 0x46, 0xE5, 0x29, 0x7B, 0xC2, 0xE2, 0x7E,
    0x70, 0x43, 0xBE, 0x06, 0xA0, 0x64, 0xE3, 0x1E, 0x48, 0x97, 0x34, 0xE3, 0x2A, 0x61, 0xB5, 0x70,
    0x7E, 0xF1, 0x6F, 0xB2, 0x90, 0x64, 0x88, 0x14, 0xA2, 0x6F, 0xAC, 0xE4, 0xDB, 0x47, 0x72, 0x86,
    0x10, 0x27, 0xA5, 0x2B, 0x23, 0x4B, 0x48, 0x9D, 0xF1, 0xBA, 0xCD, 0x49, 0xE1, 0x7E, 0xCB, 0x95,
    0xDE, 0xB8, 0x21, 0x48, 0x79, 0x70, 0x22, 0xFF, 0x36, 0x8D, 0x9F, 0x6A, 0x5B, 0x8B, 0xAA, 0xDD,
    0x93, 0xCA, 0x9E, 0x4C, 0x64, 0x7A, 0x47, 0x63, 0x73, 0x64, 0x75, 0xA2, 0x4D, 0xFF, 0xFB, 0x46,
    0x46, 0x64, 0xBE, 0x72, 0x26, 0xB6, 0xFD, 0x69, 0x1F, 0xC3, 0xDC, 0xC3, 0xEF, 0x28, 0xD1, 0x8E,
    0x5D, 0x63, 0x42, 0x6D, 0x53, 0xC3, 0x49, 0x90, 0x24, 0xBA, 0xF2, 0xD0, 0x35, 0x29, 0xD5, 0xDB,
    0xD7, 0x07, 0x3B, 0xE5, 0x45, 0xAB, 0x29, 0x14, 0x66, 0x33, 0xCE, 0x45, 0xC3, 0xE0, 0x81, 0x59,
    0x8F, 0xAD, 0x57, 0x4A, 0x04, 0x4B, 0xB1, 0xCD, 0xE7, 0xFF, 0x60, 0xE7, 0x84, 0x2F, 0xF0, 0x3F,
    0xA5, 0x58, 0x4F, 0x6C, 0x1C, 0x57, 0x1D, 0xFE, 0x66, 0x9E, 0xED, 0x89, 0x33, 0xD8, 0xB3, 0x87,
    0x58, 0x54, 0x8D, 0xED, 0xF1, 0xA1, 0x07, 0xAB, 0xD8, 0x9E, 0x1E, 0x0C, 0xDA, 0x96, 0xF5, 0xCE,
    0x84, 0x1C, 0x72, 0x40, 0xA8, 0x7B, 0xB0, 0x39, 0x21, 0xC8, 0x01, 0x84, 0x40, 0x95, 0xBC, 0xA8,
    0x3D, 0xF8, 0x60, 0x7B, 0x9F, 0x93, 0x23, 0x17, 0x0B, 0x21, 0x71, 0xE0, 0x62, 0x21, 0x24, 0x2A,
    0x45, 0x42, 0x0B, 0xDA, 0x4A, 0x5B, 0xE1, 0xDD, 0x7D, 0xE0, 0x63, 0x2E, 0x43, 0x22, 0x94, 0x03,
    0x12, 0x1A, 0x17, 0x23, 0xA1, 0x14, 0xE8, 0x60, 0x26, 0xC9, 0xA4, 0x5D, 0x7B, 0xF8, 0xDE, 0xCC,
    0xBA, 0xA5, 0x15, 0x51, 0xB6, 0xF6, 0xEE, 0xFB, 0xAD, 0x9E, 0x67, 0xDE, 0xFB, 0xDE, 0x7B, 0xBF,
    0x3F, 0xDF, 0xEF, 0xF7, 0x0C, 0x88, 0x58, 0xC4, 0x66, 0x08, 0x98, 0x81, 0x08, 0xAC, 0xC0, 0x86,
    0x03, 0x17, 0x3E, 0xAA, 0xD8, 0xC6, 0x2A, 0x30, 0x02, 0x7C, 0x01, 0xE8, 0x49, 0xEB, 0x83, 0xC8,
    0x7D, 0x39, 0xF2, 0xBF, 0x1C, 0x6C, 0xBD, 0x82, 0x7D, 0xB6, 0x9B, 0xE8, 0xEC, 0xA1, 0x71, 0x3F,
    0x70, 0x33, 0x70, 0xAE, 0x21, 0x01, 0x63, 0x0F, 0xD5, 0x2E, 0xDA, 0x1E, 0x92, 0x19, 0x23, 0x06,
    0x12, 0x5C, 0x3E, 0xDD, 0x65, 0x43, 0xAA, 0xFB, 0x46, 0x04, 0xF1, 0xD3, 0x11, 0x37, 0xEB, 0xBF,
    0xBA, 0x1E, 0x01, 0x28, 0x19, 0xF0, 0x33, 0x2C, 0xCE, 0xA2, 0x6C, 0x63, 0xD9, 0xC2, 0xFC, 0x65,
    0x78, 0x5D, 0x7C, 0xE5, 0x57, 0x7C, 0x83, 0xD1, 0xD5, 0x35, 0x38, 0x49, 0x17, 0x22, 0x2C, 0x43,
    0x44, 0x4D, 0x98, 0xB1, 0x82, 0xF1, 0x1F, 0x09, 0xE3, 0x23, 0xBE, 0x3B, 0x0D, 0x70, 0x95, 0x90,
    0x06, 0x31, 0xFD, 0x4C, 0xF1, 0x1D, 0xB8, 0x7B, 0xF6, 0x4F, 0x39, 0xB1, 0x5E, 0x7C, 0xF0, 0x49,
    0xB7, 0xA4, 0xFB, 0xBD, 0xD0, 0x54, 0xB1, 0xD0, 0x4D, 0x0F, 0xB5, 0x4F, 0x31, 0xED, 0xA9, 0x19,
    0x11, 0xBA, 0x3B, 0xA1, 0xFD, 0x58, 0x19, 0x19, 0xE0, 0x61, 0xCE, 0x41, 0xCB, 0xC6, 0xE6, 0x0C,
    0xBC, 0x44, 0xCF, 0x28, 0x95, 0xDA, 0x9B, 0xED, 0x76, 0xA9, 0x84, 0x17, 0x03, 0x88, 0x87, 0x6D,
    0xCC, 0xC2, 0x46, 0xD9, 0xBB, 0xA7, 0xEA, 0x51, 0x33, 0x7C, 0x4F, 0x61, 0xEF, 0xBE, 0x42, 0x7D,
    0x20, 0x7B, 0xBF, 0x08, 0x11, 0xD5, 0x1F, 0xFD, 0x46, 0x2D, 0xBC, 0x78, 0x5D, 0xDA, 0xC1, 0x2C,
    0x8C, 0x2C, 0x87, 0x80, 0x51, 0x73, 0xB6, 0x2A, 0x95, 0xCD, 0x4A, 0xBB, 0xBD, 0xF5, 0xEE, 0xE2,
    0x8A, 0x71, 0x4B, 0xDA, 0xAF, 0x63, 0x69, 0x05, 0xFB, 0x29, 0xDA, 0x09, 0x2A, 0x1B, 0x98, 0x5E,
    0xC0, 0xF8, 0x25, 0xAC, 0xAD, 0x21, 0xCB, 0xB8, 0xC8, 0x59, 0x33, 0xF2, 0xFD, 0xF6, 0xD4, 0xFF,
    0xAE, 0xFC, 0x5A, 0x76, 0x4B, 0xD5, 0x9B, 0x71, 0x18, 0xD5, 0xEB, 0x7B, 0x61, 0xBD, 0x59, 0x0F,
    0x1B, 0xB2, 0x1E, 0xBE, 0xA9, 0xF6, 0xF6, 0xEA, 0x51, 0x54, 0x6F, 0xBD, 0xA3, 0x16, 0x57, 0xBF,
    0xF8, 0xA9, 0x95, 0xA7, 0xD6, 0x6A, 0x5E, 0x16, 0x5D, 0x0E, 0xAA, 0x51, 0x93, 0xA3, 0xDF, 0x8A,
    0x3D, 0x05, 0x6D, 0x1E, 0x43, 0xE9, 0xF6, 0xCD, 0x3F, 0xE9, 0x05, 0x8B, 0x3E, 0x1B, 0x82, 0xC1,
    0x16, 0xB8, 0xDD, 0xCD, 0x89, 0x0A, 0xCA, 0x88, 0x84, 0x9C, 0x1E, 0xE9, 0xB6, 0x7A, 0xF1, 0xE0,
    0xC9, 0xA6, 0x15, 0xA1, 0x5D, 0x2B, 0xB7, 0x5A, 0xDE, 0xEE, 0x68, 0xE0, 0xCA, 0x15, 0xDC, 0xCC,
    0x17, 0x41, 0xEA, 0x48, 0x23, 0x71, 0x03, 0x33, 0xF6, 0xA8, 0x55, 0x3F, 0x17, 0x2B, 0xDA, 0x86,
    0x15, 0x76, 0x60, 0x87, 0x7D, 0x38, 0x4F, 0xBA, 0x72, 0xE6, 0xC4, 0x97, 0x0B, 0x1C, 0x5A, 0xA1,
    0xAC, 0x50, 0x7C, 0xCA, 0x15, 0xAD, 0x9A, 0xB5, 0x9A, 0x9F, 0x25, 0xBD, 0x63, 0x95, 0x1D, 0x4B,
    0xB6, 0xDE, 0xB1, 0x6C, 0x1C, 0xCB, 0xAB, 0xC7, 0x12, 0xBF, 0xFD, 0x7F, 0xED, 0x58, 0x59, 0xC7,
    0xF9, 0xC1, 0xAA, 0xDB, 0x04, 0xB3, 0x60, 0x29, 0xA1, 0xD6, 0xE5, 0x14, 0x50, 0x33, 0xE3, 0xD9,
    0xC8, 0xA4, 0x71, 0x85, 0x12, 0xD2, 0x96, 0x8D, 0x88, 0x3B, 0xDE, 0xAF, 0x2C, 0x6E, 0x2C, 0xB6,
    0x2A, 0x1B, 0x2D, 0x57, 0x8E, 0x4F, 0xC0, 0x76, 0x60, 0xDD, 0x95, 0xE2, 0x81, 0xB2, 0xEE, 0x2A,
    0xC7, 0xC5, 0x42, 0x05, 0x73, 0xDC, 0x7D, 0x0D, 0x81, 0x15, 0x99, 0x6A, 0x29, 0xB4, 0x60, 0xAA,
    0x49, 0x08, 0x55, 0x81, 0x90, 0xCD, 0x92, 0x25, 0xC3, 0xC4, 0xBE, 0x7E, 0x3B, 0x6E, 0xBC, 0x3F,
    0x11, 0x63, 0x66, 0x39, 0x42, 0xF9, 0xF1, 0x11, 0x9A, 0x77, 0x8E, 0x0C, 0x8D, 0x1F, 0xB8, 0x51,
    0x31, 0x4F, 0xC8, 0xA5, 0xD0, 0xE6, 0xBC, 0x69, 0xCE, 0x5B, 0xE6, 0xBC, 0xC3, 0xC0, 0xBA, 0xF5,
    0x97, 0xB6, 0x7D, 0xE3, 0x8D, 0x8D, 0xC6, 0xBF, 0xD0, 0xC2, 0x82, 0x11, 0xA2, 0x6E, 0x01, 0xE1,
    0xFC, 0x9C, 0x90, 0x1F, 0x36, 0x6D, 0x64, 0x11, 0x63, 0xA8, 0x64, 0xFD, 0x9A, 0x4F, 0x1D, 0x84,
    0x58, 0x12, 0xD2, 0x4C, 0x6C, 0xAA, 0x63, 0x66, 0xE4, 0xCA, 0x4C, 0x79, 0xA5, 0x52, 0x69, 0xF6,
    0xAF, 0x1E, 0x1E, 0x6C, 0x42, 0x7C, 0xA3, 0x8C, 0xC9, 0x95, 0x77, 0xB1, 0xF0, 0xF2, 0x53, 0xBC,
    0x85, 0x18, 0x91, 0x95, 0xE6, 0x47, 0xCE, 0x95, 0xB6, 0x98, 0x2B, 0xFC, 0x25, 0xD0, 0x3A, 0x66,
    0x02, 0x57, 0x32, 0x2E, 0xD1, 0x1F, 0x41, 0xDF, 0x41, 0xDF, 0x0D, 0x1A, 0x5D, 0x8C, 0xED, 0x6A,
    0x77, 0xA3, 0x30, 0x10, 0xB0, 0x41, 0x79, 0x61, 0xA0, 0xE8, 0x13, 0x3E, 0x63, 0x60, 0x08, 0x8E,
    0xB7, 0x89, 0x33, 0x41, 0x99, 0xA7, 0xD4, 0xBD, 0x00, 0x1F, 0xF6, 0x02, 0xE3, 0x61, 0x4F, 0x0A,
    0xE9, 0x4A, 0xC6, 0xBB, 0x72, 0xE1, 0xAA, 0x4C, 0x65, 0x71, 0x01, 0x64, 0x93, 0x0B, 0xDC, 0x62,
    0xC9, 0x73, 0xE3, 0xD0, 0x40, 0x68, 0xD0, 0xA1, 0xFF, 0xCA, 0x20, 0x0D, 0xE4, 0xF9, 0x71, 0x18,
    0xC2, 0xC6, 0x49, 0x1D, 0xA2, 0x47, 0x8E, 0x19, 0x0B, 0xCE, 0x8F, 0x43, 0x4F, 0x17, 0xF7, 0x42,
    0x88, 0x83, 0x30, 0xEF, 0x9F, 0x1F, 0x87, 0x9F, 0x2E, 0xE7, 0x1D, 0x50, 0x1E, 0xB0, 0x7F, 0x7A,
    0x1E, 0xDD, 0x30, 0xE6, 0x48, 0x3B, 0x19, 0xB9, 0x07, 0x5F, 0x8A, 0x27, 0xF9, 0xFB, 0x66, 0xFE,
    0x7B, 0xA0, 0xF1, 0xC5, 0x0D, 0xCD, 0x8F, 0xB6, 0xFD, 0x90, 0x56, 0x9D, 0x76, 0x1E, 0x52, 0x75,
    0xAF, 0x7E, 0x87, 0x81, 0x4A, 0x34, 0x76, 0x4D, 0xE5, 0x06, 0x57, 0x18, 0x04, 0x5E, 0xB0, 0x9C,
    0x73, 0x74, 0x8C, 0xDE, 0x41, 0xA6, 0x21, 0xC7, 0x7E, 0xC9, 0x6D, 0xF5, 0xC8, 0x97, 0x3E, 0x57,
    0x5A, 0xE2, 0xFB, 0x22, 0xDC, 0xB8, 0x2B, 0x74, 0x8A, 0x93, 0xE6, 0xA2, 0xFB, 0x0D, 0xCC, 0xC1,
    0xFB, 0x5B, 0x0C, 0x2B, 0x23, 0xA0, 0x5E, 0xAB, 0x5D, 0xC4, 0xE8, 0x65, 0x46, 0xD9, 0x68, 0x80,
    0xE2, 0xC7, 0xE6, 0x92, 0xA6, 0x7E, 0x79, 0x93, 0xE1, 0xBA, 0x16, 0x18, 0x59, 0x16, 0x62, 0x9B,
    0x84, 0xB1, 0x45, 0xD1, 0x20, 0x7D, 0x7D, 0xF4, 0xB7, 0x79, 0xF4, 0xB7, 0xB5, 0x4F, 0xE6, 0x1C,
    0x2C, 0x62, 0x83, 0x62, 0xC3, 0x8E, 0x66, 0xD1, 0xC8, 0x4E, 0x06, 0x40, 0x7A, 0x27, 0x9B, 0xEC,
    0xEF, 0x5E, 0x00, 0xE7, 0x4A, 0xA1, 0x67, 0x71, 0x97, 0x9B, 0x34, 0x83, 0x73, 0xE3, 0x18, 0x64,
    0x57, 0xE7, 0xEB, 0x92, 0x12, 0xE8, 0xFE, 0xB9, 0x71, 0x18, 0x21, 0xFB, 0x79, 0x54, 0x8E, 0x69,
    0x2A, 0x33, 0x34, 0x02, 0xB0, 0x95, 0x2B, 0xB7, 0xAF, 0x1B, 0x93, 0x13, 0xE7, 0x32, 0x35, 0x89,
    0xBC, 0xD9, 0x11, 0x1A, 0x1A, 0xB6, 0x96, 0xFF, 0x21, 0x71, 0xE9, 0xF3, 0xCC, 0xA2, 0x0A, 0xC9,
    0xDF, 0xEF, 0x44, 0x86, 0xBC, 0xF9, 0x79, 0xD6, 0x02, 0xE2, 0xD8, 0x88, 0x63, 0x3A, 0xFA, 0xF0,
    0xB3, 0x8C, 0xB5, 0x55, 0xE6, 0x10, 0x26, 0xD5, 0x6D, 0x2B, 0xA6, 0x3E, 0x52, 0x8E, 0xEE, 0xEB,
    0xEF, 0xD8, 0xA9, 0xA4, 0xEC, 0xF4, 0xCD, 0xC4, 0x48, 0x59, 0x29, 0x24, 0x22, 0xB6, 0x58, 0x2F,
    0xB8, 0xCA, 0x3E, 0xEC, 0x51, 0x1F, 0x47, 0xC8, 0x63, 0x94, 0x5A, 0x5B, 0xA6, 0xC7, 0x7C, 0xA0,
    0x19, 0xC4, 0x64, 0xB2, 0x59, 0xC3, 0x14, 0x95, 0x8B, 0x86, 0x24, 0x09, 0x4C, 0xD3, 0xE7, 0x48,
    0x98, 0xB8, 0x13, 0x92, 0xC0, 0xEF, 0xC7, 0x65, 0xE0, 0x5E, 0xB2, 0xCC, 0xEC, 0xD3, 0xAF, 0xD3,
    0x9F, 0x3B, 0x4D, 0xB2, 0xA8, 0xBF, 0xC7, 0xE4, 0xE7, 0x31, 0x3A, 0xE1, 0x84, 0xCC, 0x78, 0x74,
    0xBE, 0x46, 0xC8, 0x74, 0x9D, 0x93, 0x88, 0x26, 0x22, 0x4B, 0xE6, 0x29, 0x2C, 0x67, 0xBA, 0xEE,
    0x29, 0xBD, 0xDC, 0x95, 0x8E, 0x72, 0x94, 0x17, 0xD8, 0xA1, 0x4F, 0xB6, 0xDA, 0xE6, 0xB4, 0x0E,
    0xFD, 0xFE, 0x84, 0xD2, 0xA7, 0xC7, 0x75, 0xE8, 0xFB, 0xDB, 0xB4, 0x91, 0xF7, 0xB5, 0x81, 0x97,
    0x17, 0x79, 0x11, 0xB9, 0x0E, 0x18, 0x33, 0x30, 0x2F, 0x8A, 0x45, 0x17, 0x10, 0x64, 0x68, 0x87,
    0x07, 0x9A, 0x1F, 0xBF, 0x18, 0x96, 0x4E, 0xF9, 0x2E, 0x3D, 0xFB, 0xAB, 0xF4, 0xAC, 0xD2, 0x77,
    0x2F, 0x86, 0x35, 0xC2, 0x62, 0x6D, 0x69, 0x96, 0xB2, 0x54, 0xF4, 0x2F, 0x74, 0xC6, 0xE5, 0xC9,
    0xC5, 0x0A, 0x2D, 0x1D, 0x3A, 0xAD, 0xCA, 0xCC, 0x2B, 0xE3, 0xF9, 0xA3, 0xB1, 0x9F, 0x48, 0x74,
    0x33, 0xE2, 0x79, 0xC4, 0xF3, 0x89, 0x77, 0x27, 0xF4, 0x8D, 0xBB, 0xE1, 0xB6, 0x45, 0xBC, 0x09,
    0xE2, 0xCD, 0x13, 0xAF, 0xE9, 0x05, 0x5D, 0xE5, 0xD3, 0xEC, 0x05, 0x9E, 0x47, 0xBC, 0xB9, 0x33,
    0xF5, 0x3B, 0x24, 0x03, 0x6D, 0x57, 0x48, 0x4C, 0xAD, 0x8E, 0xD6, 0xBC, 0xA7, 0x57, 0x8F, 0xEC,
    0x48, 0x04, 0xB6, 0xA2, 0xE1, 0x95, 0x45, 0xB1, 0x99, 0xDE, 0x26, 0xB9, 0xA3, 0x09, 0xEE, 0x68,
    0x7A, 0x20, 0x65, 0xCA, 0x32, 0xBC, 0x9D, 0x08, 0x76, 0x16, 0x0C, 0xF6, 0x36, 0x5A, 0x24, 0x47,
    0xD6, 0x95, 0xDA, 0x2F, 0x2E, 0x86, 0x45, 0x5B, 0x9A, 0x8C, 0x0A, 0xFB, 0xDB, 0x4C, 0x9C, 0x63,
    0x17, 0xC3, 0xA2, 0xCA, 0xB1, 0xE4, 0x16, 0x42, 0xFD, 0x5F, 0x6C, 0x5F, 0x53, 0x05, 0x1D, 0x69,
    0x16, 0x36, 0x03, 0x62, 0x4D, 0xD5, 0xFC, 0x23, 0x2F, 0xA4, 0x1D, 0x69, 0xC1, 0x69, 0x16, 0x5B,
    0x2C, 0x3F, 0x62, 0xC6, 0xCD, 0xBF, 0x59, 0xC8, 0x3D, 0x09, 0x72, 0x82, 0xCC, 0xD9, 0x8B, 0xA2,
    0xAB, 0x63, 0x91, 0x57, 0xC8, 0x79, 0xB1, 0x05, 0x4D, 0x00, 0x79, 0x2A, 0x68, 0xF0, 0x61, 0x87,
    0x59, 0xB9, 0xEF, 0x2A, 0x96, 0x0F, 0xCA, 0x48, 0x1D, 0x65, 0x26, 0xAE, 0xCC, 0x0B, 0xB8, 0x2C,
    0x85, 0x78, 0x04, 0xCD, 0x05, 0x03, 0x0A, 0x21, 0xF5, 0x18, 0xA7, 0x09, 0x8D, 0xBD, 0xC9, 0x80,
    0xDC, 0xE2, 0xC6, 0x3B, 0xC8, 0x7E, 0x4C, 0x77, 0x59, 0x27, 0xA9, 0x33, 0xB7, 0xF8, 0x9E, 0x44,
    0xD5, 0x21, 0x53, 0x88, 0x3E, 0x3A, 0x25, 0xF2, 0x44, 0xBC, 0x8F, 0x7E, 0x92, 0x22, 0x65, 0x21,
    0x46, 0xB3, 0xE4, 0x95, 0x39, 0x97, 0x5D, 0xA7, 0x3B, 0xAD, 0x6A, 0xB8, 0xD5, 0x9C, 0x35, 0x97,
    0x34, 0x6B, 0xE6, 0x55, 0xF9, 0x3F, 0x44, 0xC4, 0x2D, 0xA4, 0xEE, 0xB5, 0xD4, 0x37, 0x93, 0xAA,
    0x88, 0x75, 0xB3, 0x23, 0xFF, 0xFB, 0x8F, 0xDC, 0xF7, 0x4E, 0x50, 0x4C, 0x20, 0x47, 0x59, 0x0A,
    0xE3, 0xC3, 0x8D, 0x2F, 0x98, 0xB2, 0x1D, 0x61, 0x77, 0x6E, 0xA8, 0xF1, 0xB4, 0x55, 0xE3, 0x5B,
    0x78, 0x3F, 0xC1, 0xB5, 0xDD, 0xE1, 0xF6, 0xF3, 0x09, 0xA7, 0x0E, 0x3B, 0x9E, 0x5A, 0x5E, 0xDE,
    0x43, 0x39, 0x84, 0x23, 0x87, 0x9C, 0x42, 0x26, 0xED, 0xFD, 0x59, 0x07, 0x58, 0xD7, 0x0D, 0x18,
    0x4B, 0x6E, 0xE0, 0x06, 0xA9, 0x0F, 0xDF, 0x7C, 0xDA, 0x47, 0x55, 0xF0, 0xDE, 0x53, 0xD5, 0x09,
    0xA9, 0x6A, 0x27, 0x23, 0xF0, 0xBF, 0x77, 0xF2, 0x06, 0xDC, 0xA8, 0x31, 0x28, 0x49, 0x8A, 0x8B,
    0x8E, 0x75, 0x10, 0x3B, 0x3B, 0x91, 0x97, 0xE7, 0xFE, 0xEA, 0xA0, 0x7C, 0x0C, 0xBC, 0x9F, 0x05,
    0xBC, 0xF4, 0xB0, 0x30, 0xD5, 0xF5, 0x61, 0x0B, 0x34, 0x99, 0xCE, 0xCB, 0x9F, 0x35, 0x47, 0x28,
    0x38, 0xF7, 0x76, 0xEC, 0x59, 0xA1, 0xBF, 0x2E, 0xFD, 0xA3, 0x8F, 0xE7, 0x4A, 0xFB, 0x14, 0x67,
    0xE6, 0x88, 0x35, 0x11, 0x8F, 0x0F, 0x37, 0x9E, 0x11, 0x7A, 0x96, 0xB8, 0x86, 0x1A, 0x4F, 0x67,
    0x3B, 0x8C, 0xCD, 0x43, 0xAA, 0x37, 0x18, 0x66, 0xFC, 0x2A, 0xA9, 0xDC, 0x85, 0xC9, 0x5E, 0x26,
    0xBD, 0xC0, 0x1B, 0x5C, 0x57, 0x3B, 0x3C, 0x53, 0x57, 0x36, 0xB4, 0xB6, 0x57, 0x99, 0xAC, 0xC2,
    0xB1, 0x67, 0xBE, 0x37, 0x6A, 0x56, 0x3C, 0x5B, 0x79, 0xE9, 0x12, 0x51, 0x23, 0x3B, 0xB4, 0x49,
    0x8E, 0x0E, 0xCB, 0x34, 0x3D, 0xD2, 0xDB, 0x73, 0x75, 0xDD, 0x33, 0x52, 0x59, 0xA9, 0xAC, 0x68,
    0x27, 0x79, 0xC6, 0x7B, 0x7D, 0x05, 0xAA, 0xEB, 0x23, 0xFE, 0x4E, 0xE1, 0x56, 0x84, 0x1F, 0xC4,
    0xE2, 0xA3, 0xD4, 0xF9, 0x7D, 0xEA, 0xA1, 0xEF, 0x23, 0xAD, 0x1A, 0x69, 0xD5, 0xA4, 0x79, 0x23,
    0xEF, 0x75, 0x35, 0x38, 0x9F, 0xA6, 0x06, 0xFA, 0x9B, 0x76, 0xB8, 0x81, 0xC7, 0xC1, 0x7F, 0x90,
    0xC2, 0xFE, 0x67, 0x1F, 0x76, 0xCC, 0xFB, 0x92, 0xBE, 0x33, 0xA9, 0x14, 0xEE, 0x4E, 0x42, 0xDA,
    0x4C, 0x68, 0xF2, 0x18, 0xBE, 0x78, 0x8C, 0xAA, 0xF1, 0xB1, 0xFA, 0x3F, 0x65, 0xAF, 0x2C, 0xB4,
    0xEE, 0x25, 0x8E, 0x7C, 0xF6, 0x7A, 0x9C, 0x40, 0x1A, 0x60, 0x04, 0x0E, 0x39, 0x9E, 0x3E, 0xE1,
    0x86, 0xD8, 0x88, 0x07, 0xE1, 0xF3, 0xDC, 0xF1, 0x9F, 0x09, 0x9F, 0xE7, 0xEF, 0xA7, 0x84, 0x38,
    0xD1, 0xAD, 0xA8, 0x16, 0x9E, 0x3B, 0x3E, 0xD0, 0x7B, 0x37, 0x75, 0xAE, 0x38, 0xBB, 0x24, 0xE7,
    0x1F, 0x3E, 0xC9, 0x1F, 0xCE, 0x23, 0x8B, 0x35, 0xC2, 0xED, 0xD4, 0x9B, 0xEC, 0xFB, 0x0B, 0x69,
    0xF5, 0x47, 0xA9, 0xFF, 0x87, 0xD8, 0xBF, 0xAE, 0x11, 0xBC, 0x53, 0xD4, 0xF3, 0x8B, 0x8C, 0xE6,
    0x21, 0xD6, 0x9E, 0x97, 0xF2, 0x05, 0x77, 0x52, 0xEA, 0xD5, 0x33, 0x63, 0x5F, 0xC7, 0x5D, 0xB4,
    0x6D, 0x87, 0x1D, 0x27, 0xDC, 0xF7, 0x54, 0xEF, 0xE7, 0x7F, 0x6F, 0xDC, 0x48, 0x07, 0x89, 0x40,
    0x44, 0x3A, 0x45, 0xBD, 0x30, 0xDC, 0x78, 0x7A, 0xB8, 0xCF, 0xEB, 0x69, 0x68, 0xC8, 0xDA, 0x70,
    0xF8, 0x0C, 0xC0, 0x82, 0x40, 0x82, 0xE1, 0xC6, 0xE7, 0x57, 0x31, 0x95, 0x1B, 0x3D, 0xBF, 0x8A,
    0xE9, 0x59, 0x8C, 0x61, 0xEF, 0x9A, 0xBE, 0x04, 0x36, 0xE9, 0x2E, 0x5A, 0x58, 0x2F, 0xFD, 0x51,
    0xC1, 0xBA, 0xAF, 0xFF, 0x5F, 0x50, 0x24, 0x32, 0x7D, 0x6A, 0x23, 0x2A, 0x12, 0x2D, 0xF3, 0xD0,
    0x6B, 0x04, 0x9B, 0xE2, 0x8A, 0xC6, 0x2A, 0xAC, 0xBC, 0xF8, 0x43, 0x9A, 0xD7, 0x7F, 0x4F, 0xFA,
    0xE2, 0x64, 0x5B, 0x24, 0x5C, 0xDE, 0x67, 0x8C, 0xD9, 0xAA, 0xEA, 0xA8, 0x7D, 0x4D, 0x4E, 0x07,
    0xB1, 0xCB, 0x90, 0x39, 0xA3, 0x10, 0xC6, 0xCA, 0x0F, 0x07, 0x05, 0x81, 0x38, 0xE0, 0x3A, 0x14,
    0x03, 0x17, 0xDE, 0xCB, 0x7F, 0x01, 0xAD, 0x59, 0x41, 0x6C, 0x1C, 0x57, 0x19, 0xFE, 0xDE, 0x4C,
    0xEC, 0xA1, 0x19, 0x92, 0xE7, 0x83, 0x2D, 0x85, 0x36, 0xCD, 0xF4, 0x90, 0x43, 0x2A, 0x48, 0xE6,
    0xE2, 0x43, 0x04, 0xB6, 0xE7, 0xA5, 0x1C, 0x38, 0x20, 0x51, 0x57, 0xAA, 0xE1, 0x04, 0xCA, 0x01,
    0x09, 0xD1, 0x4B, 0x72, 0xF0, 0x21, 0x07, 0x7B, 0x77, 0xAC, 0x1E, 0x7A, 0xA8, 0x04, 0xBE, 0x20,
    0x90, 0xB8, 0xF8, 0x50, 0xA4, 0x36, 0x3D, 0xE0, 0x43, 0x0E, 0x45, 0xF2, 0xDA, 0x13, 0x72, 0x00,
    0x51, 0x21, 0xA6, 0x09, 0x22, 0x48, 0x45, 0x65, 0xDA, 0x06, 0xA9, 0x54, 0xA0, 0x4E, 0xD5, 0x6D,
    0x98, 0x86, 0xD9, 0x1D, 0xBE, 0xFF, 0xCD, 0x8E, 0xED, 0xA4, 0x31, 0xDE, 0xEC, 0x76, 0xBD, 0x6F,
    0xBC, 0xB6, 0x67, 0xDE, 0xF7, 0xBF, 0xFF, 0xFD, 0xFF, 0xF7, 0x7F, 0xFF, 0x33, 0x54, 0x95, 0x40,
    0x5D, 0x8D, 0x81, 0x69, 0x00, 0x3D, 0x40, 0xF5, 0x01, 0xB7, 0x05, 0xF8, 0x11, 0x70, 0x8C, 0xE3,
    0x0C, 0xC7, 0xE5, 0xD0, 0xE0, 0xDE, 0x8E, 0x51, 0x1F, 0xEE, 0xC4, 0x6E, 0x1C, 0xC4, 0x3E, 0x74,
    0x12, 0x20, 0x48, 0xAA, 0xA4, 0xCA, 0xD1, 0xCE, 0xF1, 0xC2, 0x3A, 0x1F, 0xC5, 0xCE, 0xBF, 0xDC,
    0xAC, 0xD4, 0x49, 0x11, 0x5C, 0x28, 0x22, 0xA7, 0xBB, 0xE0, 0xE6, 0xF2, 0xF6, 0xB3, 0xE8, 0x47,
    0x9F, 0x06, 0xEF, 0xF5, 0x60, 0x5F, 0x06, 0xEA, 0x7A, 0x02, 0x54, 0x06, 0x78, 0x1A, 0x23, 0x23,
    0x62, 0x0A, 0x9B, 0x97, 0x11, 0xA5, 0x38, 0x8A, 0xE1, 0x70, 0x47, 0xC5, 0x79, 0x92, 0xCF, 0x2D,
    0x73, 0x5C, 0xE3, 0x68, 0xD3, 0xE6, 0x99, 0x21, 0xF0, 0x9C, 0x14, 0x1A, 0xF6, 0x9D, 0x43, 0x2D,
    0x02, 0x13, 0x7C, 0x82, 0x38, 0x78, 0x83, 0xF8, 0x74, 0xF2, 0xE4, 0x2B, 0xC0, 0xF6, 0x0E, 0xDC,
    0x2C, 0x22, 0xD2, 0x39, 0x10, 0xDD, 0xFE, 0x95, 0x56, 0xA1, 0x53, 0x5B, 0x69, 0x87, 0x7C, 0x6E,
    0xE3, 0x29, 0x84, 0xFF, 0xC8, 0xE1, 0x55, 0x71, 0xED, 0x3D, 0x3C, 0x0F, 0xD5, 0x85, 0xBB, 0xBB,
    0xEE, 0xD4, 0xBB, 0x91, 0xEB, 0xB5, 0x2C, 0xB4, 0x53, 0x2C, 0xD8, 0x77, 0x04, 0x13, 0xFE, 0xDC,
    0xF8, 0xFD, 0xFA, 0x7E, 0xC2, 0xBB, 0x05, 0x2D, 0xF9, 0x1A, 0x70, 0xFA, 0xB1, 0xF1, 0xB0, 0x27,
    0x0C, 0x82, 0x14, 0x57, 0x72, 0xAC, 0x3F, 0x35, 0x34, 0xB6, 0xD3, 0xE5, 0xC8, 0xEB, 0x1F, 0xC7,
    0xC1, 0x56, 0x5C, 0x42, 0x02, 0xDD, 0x78, 0xE1, 0x50, 0xEC, 0x23, 0xF2, 0xC0, 0x29, 0xC0, 0xE3,
    0xDA, 0x9D, 0x8D, 0xF1, 0xB0, 0x0D, 0x63, 0x2D, 0x47, 0x94, 0xE0, 0xF1, 0xE1, 0xB0, 0x15, 0x63,
    0xDC, 0x7D, 0x29, 0x86, 0x23, 0x3F, 0xBE, 0x0A, 0xB5, 0xC4, 0x3D, 0xAB, 0x98, 0x61, 0x2D, 0x2F,
    0xC7, 0xAA, 0x2A, 0x08, 0x52, 0x36, 0x5F, 0xAA, 0x50, 0xA5, 0xD3, 0x55, 0x85, 0x9B, 0xBB, 0x5D,
    0x37, 0xF7, 0x72, 0x37, 0x0F, 0x12, 0xFF, 0xDD, 0x1D, 0xB4, 0xAB, 0x3B, 0x7C, 0x76, 0x89, 0x81,
    0xA3, 0xAA, 0x73, 0x12, 0x3D, 0x73, 0x62, 0xAC, 0xB8, 0x7D, 0x95, 0xA3, 0x2A, 0xB9, 0xA9, 0x59,
    0x29, 0x2E, 0xE1, 0xF2, 0xC2, 0x0B, 0xBC, 0x44, 0xE2, 0x68, 0x06, 0x61, 0x73, 0xF1, 0x79, 0x61,
    0x34, 0x02, 0xBB, 0x79, 0x77, 0xA0, 0x1D, 0x93, 0xFD, 0x98, 0x63, 0xED, 0xFF, 0xD9, 0x21, 0x66,
    0xD4, 0x31, 0xAC, 0xF9, 0xBC, 0x78, 0xE9, 0x85, 0x12, 0xCE, 0xBD, 0x12, 0x3E, 0x0D, 0x08, 0x2E,
    0x74, 0x2D, 0xBC, 0x00, 0xDB, 0xE1, 0x67, 0x16, 0x7A, 0x17, 0xD9, 0xE3, 0xB3, 0x93, 0x57, 0x89,
    0xBF, 0x64, 0x88, 0x9F, 0xA2, 0xA5, 0x12, 0xE2, 0x27, 0xD6, 0xD9, 0x5C, 0x04, 0xFA, 0xF4, 0x11,
    0x87, 0xAC, 0x40, 0x6C, 0x77, 0x73, 0xC5, 0xE1, 0xC3, 0xCF, 0x4E, 0x11, 0x9F, 0x73, 0xEC, 0xB1,
    0x4B, 0xEA, 0xD2, 0xF3, 0x2F, 0xE6, 0xA1, 0x97, 0x46, 0x97, 0xE2, 0xE8, 0xCE, 0xAE, 0xE7, 0xE3,
    0x26, 0xE2, 0xB8, 0xEB, 0xBE, 0xCF, 0x29, 0x04, 0x79, 0x63, 0x74, 0x44, 0x61, 0x97, 0x4D, 0xB4,
    0xF7, 0x76, 0xFC, 0x30, 0x5C, 0x46, 0x3A, 0x1D, 0x2A, 0xA9, 0x59, 0x7B, 0x7A, 0x44, 0x5C, 0xEE,
    0x77, 0x18, 0xDB, 0xE0, 0x1C, 0x0A, 0x77, 0xF4, 0xF5, 0x31, 0x23, 0x5C, 0x46, 0xB7, 0x17, 0xD7,
    0xEC, 0x20, 0xF6, 0x1F, 0x8A, 0x77, 0x0D, 0x4E, 0x02, 0x37, 0x81, 0x53, 0x0A, 0x0B, 0x31, 0xC3,
    0x0C, 0xBC, 0x6F, 0xF3, 0x79, 0xFE, 0xA8, 0x5E, 0x19, 0xDD, 0x16, 0x33, 0x8D, 0xE5, 0x4D, 0x9B,
    0x5D, 0x66, 0x68, 0x5F, 0x37, 0x8C, 0x76, 0x86, 0x8C, 0x36, 0xC1, 0xCC, 0x6E, 0x91, 0xB9, 0x73,
    0x9D, 0xE8, 0xC4, 0x8F, 0xEF, 0xCB, 0x6C, 0xB5, 0x64, 0x7A, 0x4E, 0x15, 0xF7, 0x68, 0x8C, 0x04,
    0x7B, 0x8B, 0x23, 0x5C, 0x2B, 0x19, 0x90, 0x77, 0xF0, 0xD0, 0xB9, 0x84, 0xB9, 0x83, 0x7E, 0x86,
    0x95, 0x79, 0xA0, 0x3B, 0x0F, 0x95, 0xF3, 0x7B, 0xBE, 0x45, 0xA3, 0x68, 0xF8, 0xAF, 0x20, 0x8B,
    0x87, 0x5B, 0x65, 0x70, 0xAA, 0x02, 0xFA, 0xBB, 0x25, 0xE6, 0xB1, 0xC2, 0xD1, 0x45, 0xF0, 0x7A,
    0xCA, 0xF5, 0x0F, 0x58, 0xE7, 0x38, 0x99, 0xD9, 0x13, 0x9F, 0x6C, 0x8C, 0x67, 0xDB, 0x11, 0x8E,
    0xE3, 0xC7, 0x18, 0xCF, 0x32, 0xD7, 0xFA, 0xF8, 0xB6, 0x35, 0x6C, 0xEC, 0x0E, 0xD8, 0x78, 0x5C,
    0xBF, 0x39, 0x45, 0x3D, 0x9F, 0x7D, 0x8D, 0x69, 0xDB, 0x38, 0xB6, 0xD0, 0x04, 0x95, 0x41, 0x62,
    0x13, 0x7B, 0x8E, 0x3B, 0xCF, 0x91, 0xD7, 0x7B, 0x30, 0xB6, 0xDF, 0xA4, 0x7A, 0x4B, 0x7C, 0x02,
    0x77, 0x53, 0x29, 0xE0, 0x17, 0xF9, 0xFB, 0xE7, 0x96, 0x16, 0x55, 0x75, 0xB3, 0x5A, 0xA7, 0x39,
    0x2D, 0xE1, 0xE4, 0x0E, 0xAC, 0x71, 0x96, 0x50, 0xD1, 0xBF, 0x5A, 0x30, 0xE4, 0x5F, 0xEF, 0xD2,
    0x3D, 0x74, 0x10, 0x29, 0x35, 0x6F, 0x2E, 0x5E, 0xC6, 0xB8, 0x27, 0x3D, 0xB6, 0xCB, 0x1D, 0xD9,
    0x55, 0x23, 0x02, 0x61, 0x7E, 0x19, 0x17, 0x4F, 0x4C, 0x2C, 0xCA, 0x47, 0xB9, 0x27, 0x83, 0xDC,
    0xF4, 0x76, 0x57, 0x7F, 0x58, 0x6A, 0x4A, 0x8C, 0xEB, 0x45, 0xB0, 0xD6, 0x0D, 0x9D, 0x3C, 0x72,
    0xE5, 0xDD, 0x72, 0xEF, 0x76, 0x9C, 0x9E, 0xCD, 0xFC, 0xFB, 0x2C, 0x50, 0xDB, 0x4B, 0xDB, 0x66,
    0xB2, 0x7F, 0xB5, 0x1F, 0x3F, 0x92, 0x05, 0xBB, 0xA8, 0x61, 0x15, 0xCB, 0x1F, 0xFE, 0x92, 0xE9,
    0xBF, 0x17, 0xFA, 0xDD, 0xE2, 0x20, 0x54, 0xD2, 0x22, 0xB6, 0xCF, 0xA8, 0x8F, 0x72, 0xA5, 0x62,
    0x25, 0xF8, 0x69, 0xBD, 0x7A, 0x59, 0xBE, 0x5D, 0x3C, 0x39, 0x90, 0x78, 0x4E, 0xBD, 0x92, 0x1C,
    0x16, 0x87, 0x8F, 0x85, 0x7F, 0xF8, 0x46, 0x39, 0xF5, 0x43, 0x3A, 0x31, 0xF3, 0x53, 0x9F, 0x3B,
    0xAC, 0xA9, 0xB2, 0x42, 0x13, 0x22, 0xDC, 0x08, 0x32, 0x49, 0xF9, 0x0C, 0x57, 0xD7, 0x87, 0x9F,
    0xAF, 0x9D, 0x4B, 0x35, 0xA8, 0xEC, 0x0C, 0x11, 0xE9, 0xA1, 0xC5, 0xDB, 0xB7, 0xB0, 0x1D, 0xB7,
    0xE3, 0x41, 0xAD, 0x1E, 0x30, 0xF7, 0xF0, 0x33, 0x4E, 0x61, 0xF9, 0x72, 0x94, 0x1D, 0x35, 0x07,
    0xCD, 0x3A, 0xFC, 0x4C, 0x9E, 0x11, 0xC1, 0x78, 0x16, 0x22, 0x94, 0x28, 0x97, 0x60, 0xAC, 0xDB,
    0xF1, 0xF0, 0xA5, 0x9F, 0x62, 0x98, 0xBE, 0x81, 0x76, 0x3C, 0x61, 0x63, 0x2C, 0x18, 0x10, 0xFF,
    0xA3, 0x38, 0xF6, 0x20, 0x73, 0x9F, 0x13, 0x2E, 0xBE, 0x49, 0xFD, 0x22, 0xD9, 0xC2, 0x79, 0xCA,
    0x26, 0x3C, 0xA5, 0x48, 0xB1, 0xD0, 0x43, 0x2A, 0x3D, 0x67, 0x94, 0x4B, 0xCE, 0x90, 0xB3, 0x71,
    0x41, 0x56, 0x4E, 0x39, 0x33, 0x65, 0x56, 0x9B, 0xD2, 0x16, 0xD6, 0x22, 0xD4, 0x36, 0x91, 0x83,
    0x71, 0xB4, 0xA8, 0x25, 0x20, 0x6B, 0xEC, 0xB4, 0x4E, 0xDA, 0x3A, 0x69, 0xD5, 0xE9, 0x56, 0xBD,
    0x58, 0x86, 0xA6, 0x0C, 0x51, 0x46, 0xAA, 0x58, 0x70, 0xBA, 0x2D, 0x27, 0xEF, 0xB8, 0xF9, 0x96,
    0x9B, 0x6D, 0xBF, 0x94, 0xB6, 0x5F, 0x4E, 0xAD, 0x6A, 0x4B, 0x10, 0x18, 0x67, 0xDB, 0x4A, 0x61,
    0xCB, 0x1C, 0xB4, 0xC4, 0xFF, 0x01, 0x70, 0x62, 0x92, 0x72, 0x9A, 0x29, 0x16, 0x30, 0xB6, 0x88,
    0x0F, 0x8F, 0xE9, 0x45, 0x13, 0xE4, 0x7E, 0x3B, 0x04, 0xBF, 0xA1, 0x82, 0x66, 0x34, 0x82, 0x4D,
    0x56, 0x5F, 0xD4, 0xD2, 0xF2, 0xD7, 0x89, 0xAD, 0x47, 0xD6, 0xB8, 0x30, 0xC1, 0x6F, 0xB2, 0x81,
    0x3E, 0xAD, 0xAC, 0x43, 0x77, 0x55, 0x5A, 0x6B, 0xCF, 0x9B, 0x7C, 0x52, 0xD5, 0xDE, 0xCC, 0x70,
    0x29, 0x11, 0x49, 0x2F, 0x2E, 0xA3, 0xC6, 0xB9, 0xC5, 0x12, 0xD3, 0x12, 0x36, 0x59, 0x95, 0xEA,
    0xD8, 0x11, 0xED, 0x5F, 0x8A, 0xF8, 0xEF, 0x0B, 0x97, 0x54, 0x82, 0xF7, 0x99, 0x48, 0xAF, 0xBC,
    0x27, 0x97, 0xB6, 0x5C, 0x22, 0x43, 0x97, 0x85, 0xE2, 0x32, 0x7F, 0xC0, 0xAB, 0x38, 0x25, 0x17,
    0xD1, 0x6B, 0x98, 0x6D, 0x28, 0xE9, 0xC1, 0xF4, 0xBE, 0x55, 0xE9, 0xEB, 0xB9, 0xBE, 0x11, 0xEB,
    0x9F, 0x20, 0xD8, 0x66, 0xF6, 0x21, 0x0A, 0x4D, 0x44, 0x8F, 0xFA, 0x59, 0x47, 0x68, 0x55, 0x28,
    0x8B, 0xBC, 0xE4, 0x37, 0x8F, 0x47, 0x87, 0xDC, 0x3F, 0x5D, 0x3B, 0x83, 0x5D, 0x01, 0x26, 0x6D,
    0x00, 0x41, 0x22, 0xC8, 0xFA, 0x6A, 0x75, 0x9F, 0xBF, 0xCA, 0x5A, 0xA4, 0xEC, 0x55, 0x62, 0x97,
    0xE1, 0xE9, 0xD1, 0xFE, 0x80, 0x95, 0xB8, 0x5F, 0xEB, 0x7B, 0x23, 0x96, 0xAF, 0x7F, 0xCE, 0xE0,
    0x66, 0x1F, 0x29, 0xC0, 0x83, 0xC6, 0xA7, 0xF2, 0xBE, 0x88, 0x30, 0xAD, 0x95, 0xC8, 0x88, 0x98,
    0x8D, 0xAF, 0xA4, 0xBD, 0x4A, 0x07, 0x1A, 0xEE, 0x79, 0x57, 0x48, 0xAC, 0x50, 0x85, 0x04, 0x28,
    0xBF, 0x32, 0xAF, 0x4E, 0x9D, 0x44, 0xFF, 0xD5, 0xEF, 0x4A, 0x5F, 0x75, 0xCA, 0xF2, 0x3B, 0xF7,
    0x8C, 0x51, 0x7E, 0x8B, 0x7A, 0x96, 0x8E, 0x5A, 0x7D, 0x6C, 0x68, 0xCC, 0x89, 0xC5, 0x45, 0xFD,
    0x71, 0xEE, 0x7E, 0x92, 0xB8, 0xEF, 0x8D, 0xB1, 0x36, 0x56, 0x7A, 0x66, 0x89, 0x2A, 0x74, 0x7C,
    0x30, 0xCE, 0xC3, 0x7C, 0x78, 0xDD, 0xE8, 0x9F, 0x26, 0xC1, 0xB3, 0xC9, 0x30, 0x38, 0x0C, 0x63,
    0x16, 0x2E, 0xF4, 0xEB, 0x62, 0xAB, 0x89, 0xE3, 0x3D, 0x04, 0xE7, 0x3E, 0x7F, 0x7D, 0xEA, 0xF6,
    0xBC, 0x3C, 0x4C, 0x9F, 0xD8, 0xE7, 0xAF, 0x81, 0xBC, 0x73, 0x85, 0x6A, 0xB5, 0x64, 0xF3, 0x09,
    0xC1, 0xC2, 0x0C, 0x9D, 0x47, 0xF2, 0x61, 0x53, 0x7B, 0x92, 0x12, 0x3B, 0xE1, 0xE5, 0xF5, 0x94,
    0x32, 0xE8, 0x56, 0x4E, 0xDF, 0xDE, 0xEC, 0xCE, 0x42, 0x25, 0xE5, 0x65, 0x56, 0xD5, 0xCE, 0x26,
    0x95, 0x62, 0xB4, 0x01, 0xD7, 0xD0, 0x4A, 0x17, 0x9A, 0x14, 0x41, 0xD5, 0x8F, 0x76, 0x2A, 0x85,
    0xF3, 0x81, 0xC8, 0xB3, 0xB1, 0x7A, 0xBB, 0x80, 0xFF, 0x6F, 0x76, 0x06, 0x79, 0xC9, 0x9B, 0x4B,
    0xDB, 0xA2, 0xB0, 0x98, 0x20, 0x7C, 0x46, 0xBA, 0x04, 0xB6, 0x51, 0xEE, 0x5D, 0x2C, 0xA8, 0x41,
    0xA3, 0xF4, 0x05, 0x59, 0x81, 0x66, 0x65, 0x36, 0xF5, 0xCE, 0x63, 0xDF, 0xEB, 0x51, 0xCC, 0x11,
    0x29, 0x81, 0xFB, 0xA4, 0x04, 0xAB, 0x09, 0xF0, 0x9E, 0xEC, 0xCE, 0x8E, 0x4C, 0xFF, 0xF4, 0x17,
    0x66, 0xF2, 0x14, 0x45, 0xCA, 0xDC, 0x15, 0x52, 0x1C, 0xE1, 0x8E, 0xC6, 0x8F, 0x6C, 0xA9, 0x95,
    0x24, 0x81, 0x98, 0x64, 0x3B, 0x62, 0x4F, 0x3E, 0xF9, 0xD1, 0x9B, 0x05, 0xAE, 0x50, 0x36, 0xF0,
    0x97, 0xBB, 0xBD, 0x61, 0xB0, 0x26, 0x17, 0xCE, 0x80, 0x50, 0xA8, 0x32, 0xAA, 0x1B, 0xC4, 0xBB,
    0x8C, 0x2F, 0xD5, 0xC3, 0x17, 0xBA, 0x07, 0xEE, 0xAE, 0x21, 0x5A, 0x08, 0x6C, 0x4B, 0xA6, 0x5E,
    0x6C, 0x16, 0xC6, 0x75, 0x71, 0x59, 0x5C, 0x95, 0x1C, 0x99, 0x50, 0x59, 0x3C, 0x33, 0x50, 0x16,
    0x0B, 0x92, 0x1A, 0xA9, 0xCC, 0xA2, 0x63, 0xB5, 0x63, 0x69, 0x3C, 0xA0, 0xE9, 0x8F, 0xBF, 0xCA,
    0x70, 0x62, 0x8D, 0xDF, 0xEE, 0x33, 0x6A, 0x83, 0x58, 0x42, 0x39, 0x34, 0x7E, 0x1A, 0x31, 0x87,
    0x5A, 0xC4, 0xED, 0x70, 0x6D, 0x3D, 0x0E, 0x0A, 0x41, 0xD3, 0x61, 0x0A, 0xB5, 0x58, 0xF9, 0x38,
    0xE5, 0x5E, 0xC3, 0x4E, 0x41, 0x51, 0x37, 0x8C, 0x55, 0xEA, 0xDD, 0xEC, 0xEA, 0xB8, 0x90, 0xEA,
    0x84, 0x62, 0x41, 0x0A, 0x94, 0x60, 0x86, 0xCF, 0x26, 0xCD, 0x31, 0x01, 0xC7, 0x31, 0xD2, 0xBC,
    0x16, 0xBE, 0x58, 0x1F, 0x0F, 0x95, 0x32, 0xE2, 0xF2, 0xBE, 0x23, 0xA9, 0x43, 0xB1, 0xF1, 0x9C,
    0x81, 0x7B, 0x9B, 0x34, 0xFF, 0x1D, 0xE0, 0x4B, 0xD3, 0xE3, 0x61, 0x4F, 0x88, 0x80, 0xA0, 0xB0,
    0x3D, 0x4F, 0x1E, 0x5D, 0x1F, 0xFC, 0x8E, 0x54, 0x42, 0x0B, 0xE8, 0xD9, 0x82, 0xA4, 0x56, 0xF2,
    0xA9, 0x82, 0xF1, 0xC3, 0xE1, 0x48, 0x9B, 0x9E, 0x81, 0x86, 0xA0, 0xB1, 0x04, 0x93, 0x3F, 0x23,
    0xF9, 0x6C, 0xEF, 0x54, 0x24, 0xDB, 0xD0, 0x50, 0x85, 0x47, 0xD8, 0x60, 0x85, 0x11, 0x7E, 0x8A,
    0x84, 0x8F, 0xDA, 0xAF, 0x91, 0xF4, 0xB6, 0x5F, 0x43, 0x6F, 0x57, 0xE3, 0x76, 0x54, 0xA1, 0x4C,
    0x4B, 0x75, 0xDD, 0x38, 0xFC, 0x66, 0xD7, 0x37, 0x5E, 0x55, 0x55, 0xFB, 0xD3, 0x8E, 0xE2, 0x03,
    0xDE, 0x5B, 0x95, 0x8E, 0x75, 0xDC, 0xD3, 0x31, 0xE1, 0x03, 0xCE, 0xD6, 0xEB, 0xD0, 0x00, 0x2A,
    0xD6, 0x85, 0xFA, 0xAC, 0xA2, 0x50, 0xB4, 0xA1, 0xF7, 0x7D, 0xF8, 0xBD, 0xB0, 0xD8, 0x2D, 0x94,
    0xA6, 0x8E, 0xEB, 0x15, 0x48, 0x15, 0xAA, 0x4F, 0x2C, 0x76, 0x28, 0x63, 0x28, 0x78, 0x56, 0xC9,
    0x7D, 0x1D, 0x8E, 0x92, 0x44, 0x5A, 0x06, 0xB1, 0x62, 0xEF, 0xE8, 0x7C, 0x5A, 0x92, 0x0D, 0x65,
    0xB4, 0xA4, 0x14, 0x93, 0x11, 0xA3, 0xB8, 0xDD, 0xE3, 0xBD, 0x8C, 0x3C, 0xDE, 0x15, 0x00, 0xA7,
    0x6D, 0x00, 0xBE, 0x9D, 0xFB, 0xFF, 0xEC, 0xFA, 0x79, 0xAE, 0x2D, 0x05, 0xD7, 0x42, 0x2B, 0x6A,
    0x74, 0xC1, 0xC8, 0x20, 0x18, 0xC4, 0xFA, 0xD9, 0xFD, 0x95, 0x1E, 0xFA, 0x6E, 0xE9, 0xDC, 0x5B,
    0x75, 0xCA, 0x39, 0x57, 0x84, 0xF7, 0x83, 0x05, 0xA6, 0x7E, 0xE4, 0xEC, 0xEE, 0x03, 0xD2, 0x44,
    0xFB, 0x7A, 0xD0, 0x44, 0x6F, 0x8C, 0x6C, 0x8B, 0xC2, 0xA2, 0xBA, 0x99, 0x82, 0x5B, 0xF0, 0xE3,
    0xC3, 0x17, 0x6C, 0x59, 0xBB, 0x84, 0x93, 0x09, 0x65, 0x3F, 0x6E, 0xD4, 0xBD, 0xC2, 0x4B, 0xB6,
    0x74, 0x72, 0x85, 0x77, 0xB2, 0x5C, 0xB8, 0x2C, 0x28, 0x55, 0x82, 0x90, 0x89, 0x99, 0xAF, 0x38,
    0xF9, 0x96, 0x93, 0xB7, 0xBC, 0x34, 0x18, 0xF0, 0xF5, 0xA2, 0x64, 0x2B, 0x99, 0xF6, 0x44, 0x7D,
    0xAC, 0x13, 0x6B, 0x2F, 0x09, 0xDC, 0x98, 0x5A, 0x57, 0x73, 0xBE, 0x0A, 0x53, 0xA1, 0xB9, 0xA6,
    0xCD, 0x56, 0x80, 0xC1, 0x86, 0x4A, 0x83, 0x93, 0x61, 0x6E, 0x13, 0xEB, 0xA7, 0x1F, 0x0D, 0x68,
    0x46, 0xCE, 0x5A, 0xD5, 0xFB, 0x89, 0x63, 0xE2, 0xA1, 0x80, 0x86, 0x9F, 0x3C, 0xB3, 0xA7, 0xB0,
    0x73, 0x38, 0xDA, 0xB5, 0xB1, 0x76, 0xD8, 0xE4, 0x64, 0x35, 0xFA, 0x89, 0xAD, 0xE4, 0x57, 0x53,
    0x7B, 0xF2, 0x4B, 0xDE, 0x66, 0x8A, 0x91, 0xFF, 0xD8, 0x2C, 0x3C, 0xD2, 0x8A, 0x58, 0x49, 0x58,
    0x47, 0x58, 0x45, 0x9E, 0x1E, 0xCA, 0x75, 0x33, 0x4B, 0x4B, 0x26, 0xAA, 0xAA, 0x78, 0x39, 0x72,
    0xCD, 0x26, 0x07, 0x55, 0x69, 0xAD, 0x3B, 0xB6, 0x1E, 0xAE, 0x71, 0x44, 0x17, 0x44, 0xFD, 0x9A,
    0x85, 0xC5, 0x60, 0x69, 0x7E, 0x69, 0x72, 0x7D, 0x5A, 0xCD, 0x96, 0xC8, 0xC9, 0xC3, 0xEA, 0x81,
    0x06, 0xE4, 0x17, 0x5A, 0x4E, 0x61, 0x12, 0x37, 0xB9, 0x14, 0x4F, 0xDB, 0x53, 0x18, 0x2C, 0x93,
    0x3C, 0x48, 0x5F, 0x72, 0x10, 0x33, 0x2A, 0xBE, 0x6C, 0xB9, 0x97, 0xE0, 0x59, 0x38, 0xBF, 0x17,
    0x56, 0xDF, 0x29, 0x1F, 0x22, 0xC1, 0x39, 0xC5, 0xF6, 0xC5, 0xBA, 0xA1, 0x3E, 0x18, 0x87, 0xD5,
    0x29, 0x64, 0x57, 0x7E, 0x20, 0xCE, 0xBE, 0x35, 0x05, 0x7F, 0x6E, 0x7F, 0xB0, 0xB7, 0xA6, 0xFA,
    0x10, 0x10, 0xFA, 0x7D, 0x83, 0x73, 0xCC, 0x87, 0xA9, 0x33, 0x98, 0x79, 0x7E, 0x62, 0x31, 0xFC,
    0xEC, 0x89, 0x3B, 0x7E, 0xE6, 0x1A, 0xAE, 0x97, 0x19, 0xE1, 0x71, 0xF8, 0x4C, 0x8B, 0xE3, 0xB4,
    0xEE, 0x18, 0x6D, 0x3B, 0x39, 0x18, 0xE7, 0x39, 0x66, 0x11, 0xAE, 0x31, 0x67, 0x2B, 0xD3, 0x70,
    0x3A, 0xFA, 0xB3, 0x0E, 0x3B, 0x5E, 0x47, 0x22, 0xB1, 0x5A, 0x2B, 0x58, 0x8E, 0xEB, 0xC6, 0x98,
    0x1C, 0xDA, 0xF2, 0xD3, 0x8E, 0x4E, 0xB7, 0xC2, 0x64, 0xE7, 0x97, 0x1F, 0xB4, 0xBF, 0x65, 0x37,
    0x6E, 0x50, 0xBE, 0xC6, 0xC2, 0x24, 0x71, 0x5F, 0x1D, 0x0E, 0xED, 0x81, 0xF2, 0x35, 0x16, 0x2A,
    0xBF, 0xA5, 0x8C, 0xD0, 0x18, 0x5F, 0xC1, 0x50, 0xD8, 0x36, 0x8E, 0xE9, 0xEE, 0x2F, 0x93, 0xCA,
    0x8E, 0xCD, 0xDA, 0x0E, 0x6E, 0x2C, 0x7C, 0x7B, 0xF2, 0x8E, 0x9B, 0x31, 0x6E, 0x99, 0x9A, 0xA5,
    0x86, 0x30, 0x41, 0x2A, 0xE8, 0x9B, 0xB1, 0x3D, 0xE8, 0x3F, 0x71, 0x7A, 0x3C, 0xF8, 0x89, 0x69,
    0xCC, 0xCF, 0x61, 0x39, 0xC7, 0xDA, 0x50, 0xAE, 0x1F, 0x19, 0xEB, 0xDA, 0xE0, 0xC8, 0x29, 0xA9,
    0x49, 0xBF, 0xEE, 0x5C, 0x0F, 0xC3, 0xF3, 0x62, 0x91, 0xB6, 0x67, 0xAD, 0x5E, 0x54, 0xC6, 0x66,
    0x99, 0xC4, 0xB8, 0xAD, 0x41, 0xA4, 0x57, 0x29, 0x96, 0xA7, 0xC5, 0x26, 0x05, 0xA6, 0x53, 0xD7,
    0x27, 0xCF, 0x30, 0xD1, 0xCD, 0x1C, 0x2D, 0x0A, 0xE3, 0x59, 0x5E, 0xA3, 0x78, 0x93, 0xE9, 0xF8,
    0x51, 0x42, 0xA9, 0xF5, 0xD6, 0x9F, 0x7E, 0x4B, 0xB2, 0xBA, 0xF5, 0xF2, 0x0D, 0x26, 0xEA, 0x6D,
    0xFF, 0x4D, 0xEE, 0xDB, 0x3B, 0xDE, 0x3B, 0x72, 0x62, 0x29, 0x67, 0x96, 0x6E, 0x21, 0xA7, 0xA1,
    0xF5, 0x99, 0x85, 0x9B, 0xD9, 0x8E, 0xC1, 0x4A, 0x7C, 0x26, 0x92, 0x7B, 0xDB, 0x60, 0x52, 0xD9,
    0x0A, 0x16, 0xC5, 0x5B, 0xA1, 0x8E, 0x4B, 0xAD, 0xD7, 0x38, 0x6E, 0x6C, 0x1D, 0xD7, 0xBF, 0x5B,
    0x39, 0xA9, 0xFF, 0xB8, 0x72, 0x5E, 0xFF, 0x6D, 0xE5, 0xB2, 0xCE, 0x5B, 0x89, 0xCE, 0x22, 0xFA,
    0x64, 0x1E, 0x4D, 0x0D, 0x90, 0x36, 0x08, 0xF3, 0x5C, 0xF8, 0xC5, 0x69, 0xDA, 0x38, 0xB3, 0x18,
    0xDD, 0x09, 0x53, 0xDA, 0xC7, 0xC2, 0x78, 0x92, 0x51, 0x33, 0x4B, 0x3C, 0x8A, 0xCA, 0x8F, 0x13,
    0xA8, 0xFF, 0x18, 0xDB, 0xEC, 0xEC, 0x27, 0x18, 0xB1, 0x27, 0xAA, 0x1A, 0xCD, 0xDB, 0x36, 0x50,
    0x9F, 0x24, 0x70, 0xCC, 0x7A, 0xED, 0x35, 0x95, 0x23, 0xBC, 0xD0, 0xA5, 0xD3, 0x37, 0xB9, 0x48,
    0x19, 0xB2, 0xC0, 0x04, 0x1E, 0x43, 0xC8, 0xFD, 0xB0, 0x3E, 0x68, 0x50, 0x83, 0xF3, 0x41, 0x71,
    0x38, 0x05, 0xC1, 0xD7, 0x39, 0xDF, 0x8C, 0x78, 0xEF, 0x08, 0x73, 0x67, 0xFE, 0x1C, 0xC7, 0x59,
    0xFB, 0x79, 0x0C, 0xBB, 0x06, 0x92, 0x65, 0xCE, 0x4A, 0x16, 0x2C, 0x51, 0x48, 0x55, 0x55, 0x8E,
    0x34, 0x48, 0x55, 0x12, 0x19, 0x65, 0xFA, 0x83, 0x03, 0x0F, 0xFA, 0x20, 0xA0, 0x0D, 0x51, 0x3D,
    0x97, 0x5B, 0x38, 0xC6, 0x67, 0x23, 0x17, 0xA4, 0x01, 0xE7, 0xA9, 0x76, 0x6B, 0xEB, 0x40, 0xB2,
    0xE8, 0x2A, 0x7F, 0x52, 0xA7, 0x67, 0x42, 0x39, 0xC1, 0x41, 0x69, 0x8F, 0x7C, 0x52, 0x13, 0x9A,
    0xA4, 0xFD, 0xBD, 0xA4, 0x12, 0xCD, 0x37, 0xB5, 0x67, 0x8D, 0xBC, 0x46, 0x05, 0x3D, 0xD2, 0x34,
    0xA1, 0x18, 0x02, 0xF4, 0x81, 0x7F, 0x6B, 0x8D, 0x0C, 0x6A, 0xA6, 0x44, 0xAB, 0x34, 0xA5, 0xF0,
    0xB0, 0x95, 0xCA, 0xE1, 0xCC, 0x7F, 0xD9, 0x6F, 0xB0, 0x7A, 0xFA, 0xD7, 0x4D, 0x7D, 0x36, 0x14,
    0xEF, 0x9D, 0x0D, 0x85, 0x83, 0x73, 0xA1, 0x85, 0xCF, 0x9F, 0x3B, 0x34, 0xE7, 0x43, 0x12, 0xC6,
    0x97, 0x06, 0xFF, 0xDB, 0xFE, 0x1F, 0xBD, 0x59, 0x4F, 0x6C, 0x15, 0xC7, 0x19, 0xFF, 0x76, 0xD7,
    0xCF, 0x0B, 0xAC, 0xF0, 0xFA, 0x80, 0xA5, 0x08, 0x5C, 0xD6, 0x07, 0x0E, 0x84, 0x98, 0xEC, 0x85,
    0x4A, 0xAE, 0x84, 0xDF, 0x0C, 0x44, 0x34, 0xAA, 0x7A, 0xC0, 0x91, 0x70, 0x7B, 0xE8, 0x21, 0xF4,
    0x50, 0x55, 0x8A, 0x12, 0x41, 0x55, 0x2A, 0x39, 0xAA, 0xFD, 0xDE, 0xB8, 0x1C, 0x72, 0x88, 0x54,
    0xAC, 0x2A, 0x52, 0x2B, 0x55, 0x95, 0x38, 0xA4, 0x12, 0x0A, 0x87, 0xFA, 0xE0, 0x03, 0x07, 0x3F,
    0xBF, 0x4D, 0x39, 0xF4, 0xC0, 0xA1, 0x2B, 0x73, 0xC8, 0x81, 0xCB, 0x26, 0x45, 0x69, 0x8B, 0x52,
    0x65, 0x12, 0x6D, 0xD0, 0x42, 0xF7, 0xBD, 0xED, 0xEF, 0x9B, 0xD9, 0x67, 0x2C, 0x50, 0xC5, 0xC3,
    0x76, 0x0B, 0x9E, 0x99, 0x67, 0x7B, 0x77, 0xBE, 0x6F, 0xBE, 0x3F, 0xBF, 0xEF, 0xF7, 0x8D, 0x89,
    0xC8, 0x21, 0x1A, 0x5D, 0x09, 0x25, 0x6D, 0xF4, 0x43, 0xE9, 0x65, 0xD1, 0xFB, 0x14, 0x26, 0xE1,
    0x17, 0x14, 0xCB, 0x20, 0x25, 0x41, 0x98, 0x5A, 0x14, 0xA6, 0xD4, 0xC1, 0x4F, 0xA9, 0xC7, 0x53,
    0x89, 0x5F, 0xE1, 0x5B, 0x41, 0xF8, 0xC5, 0x3A, 0x51, 0x7C, 0x56, 0x13, 0xF9, 0x95, 0xA2, 0xC1,
    0x3F, 0x17, 0x1F, 0xBD, 0x94, 0xAA, 0xCD, 0xD4, 0xDF, 0x7C, 0x98, 0x84, 0xAA, 0x4F, 0x31, 0xDE,
    0x11, 0x54, 0x50, 0xD3, 0xC1, 0x70, 0x35, 0x35, 0xBD, 0x8C, 0xE2, 0xF3, 0x09, 0x05, 0xFD, 0xAD,
    0x97, 0x1C, 0x9A, 0xB8, 0xD0, 0x38, 0x2F, 0xE3, 0x47, 0x47, 0xAE, 0xC9, 0x20, 0xF3, 0xBE, 0x4F,
    0x41, 0xE2, 0xBD, 0x03, 0x69, 0xFE, 0x0A, 0xA6, 0x80, 0x28, 0x52, 0x63, 0x10, 0x25, 0x0F, 0x12,
    0x36, 0x9A, 0xDC, 0x9A, 0x66, 0x78, 0x3A, 0x85, 0x5F, 0x2C, 0x67, 0x44, 0x41, 0x25, 0xB7, 0xB6,
    0xA3, 0xEB, 0x18, 0x79, 0xB5, 0x5C, 0xAC, 0xC5, 0x67, 0xF3, 0xD5, 0xD8, 0xFD, 0xB7, 0x12, 0x9E,
    0x95, 0xDB, 0xC2, 0x81, 0x3A, 0x38, 0xCF, 0x7A, 0x9C, 0x50, 0xF7, 0xF7, 0xFF, 0xA0, 0xF6, 0xEB,
    0xC5, 0x93, 0xB7, 0xC6, 0x47, 0xEC, 0x3A, 0x7D, 0xDA, 0xAE, 0xA1, 0xB6, 0xEB, 0xA8, 0x22, 0x67,
    0xFE, 0x02, 0xC6, 0x3C, 0x39, 0x55, 0x95, 0x04, 0x15, 0x44, 0xB5, 0x7C, 0x1D, 0x12, 0x0E, 0xB0,
    0xE4, 0x14, 0x07, 0xDD, 0x92, 0x60, 0x91, 0x72, 0xC4, 0xC7, 0xF3, 0x25, 0xFE, 0x47, 0x89, 0x5D,
    0x85, 0x24, 0xA7, 0x70, 0x4A, 0x7E, 0xCC, 0xCD, 0x9D, 0xC2, 0x85, 0x28, 0x4F, 0x7B, 0x79, 0xA0,
    0x79, 0xF5, 0x75, 0x94, 0x4C, 0x62, 0x8D, 0x12, 0x21, 0x67, 0x28, 0xF8, 0xB4, 0x8B, 0xC7, 0x6E,
    0x51, 0xBB, 0xBA, 0xEF, 0x56, 0x55, 0x5E, 0x1B, 0x45, 0xB2, 0x58, 0xEF, 0x3D, 0xC5, 0x52, 0x1D,
    0xEC, 0x02, 0xA1, 0x74, 0xC3, 0xC8, 0xE4, 0xDF, 0x43, 0xA4, 0xA8, 0x52, 0x96, 0x34, 0x13, 0x2B,
    0x5E, 0x2E, 0x0B, 0x2B, 0xAF, 0xB4, 0xE2, 0x72, 0x2B, 0x2D, 0xB3, 0xC2, 0x94, 0x34, 0xB2, 0x5C,
    0xC5, 0xA2, 0x7A, 0x3F, 0x94, 0x90, 0x84, 0x6D, 0xB1, 0xCD, 0x3C, 0xC9, 0x71, 0x9C, 0x8B, 0xBE,
    0xCA, 0xD8, 0x9C, 0x6D, 0xC5, 0x8E, 0x3D, 0x81, 0x9F, 0x2F, 0xB1, 0x8C, 0xAA, 0x0C, 0xAA, 0xDC,
    0xCB, 0xCA, 0xB1, 0x40, 0x87, 0x49, 0x31, 0x19, 0x26, 0xF1, 0x99, 0x02, 0x4F, 0x09, 0x6C, 0xDE,
    0x81, 0x41, 0x35, 0xBB, 0x14, 0xDB, 0x67, 0xE3, 0x4D, 0x7E, 0xE0, 0xBA, 0xF8, 0xE9, 0x37, 0x62,
    0x3E, 0x8D, 0x3E, 0xEB, 0xB5, 0xAB, 0xA4, 0xF6, 0xEC, 0xFC, 0x1C, 0xCD, 0xCF, 0x39, 0x55, 0xEA,
    0x74, 0x61, 0x7D, 0x96, 0xC0, 0x1B, 0x37, 0x59, 0x7B, 0xFE, 0xD6, 0x58, 0x8E, 0xE7, 0x92, 0xF8,
    0x50, 0xAC, 0x39, 0x7F, 0x80, 0xB7, 0x1C, 0xA3, 0xFE, 0x59, 0x9E, 0x7D, 0x7C, 0x1B, 0x64, 0x11,
    0xE6, 0x76, 0xD5, 0xF7, 0x33, 0xDE, 0x16, 0x6E, 0x64, 0x07, 0x19, 0x21, 0x11, 0x3B, 0x7E, 0xB4,
    0xC3, 0x1F, 0x1B, 0x73, 0x56, 0xEA, 0x21, 0x16, 0xDB, 0x81, 0x54, 0x84, 0x68, 0x8B, 0x06, 0x87,
    0xE9, 0x50, 0x50, 0x5A, 0x41, 0x98, 0x60, 0x21, 0x72, 0xB5, 0x35, 0x92, 0x36, 0x93, 0xF7, 0x7A,
    0x06, 0x59, 0x41, 0x0A, 0x51, 0x41, 0x02, 0x49, 0x66, 0xF7, 0x50, 0x0D, 0x24, 0x08, 0x0E, 0xEE,
    0x92, 0x8F, 0x34, 0x07, 0x39, 0x0D, 0x44, 0x47, 0x94, 0xC0, 0xA4, 0x0A, 0x51, 0x45, 0xAC, 0x54,
    0x90, 0x56, 0x50, 0x48, 0xD8, 0xA1, 0x5A, 0x78, 0xA9, 0x83, 0xD0, 0x5F, 0xC7, 0x7B, 0x36, 0xFC,
    0xC5, 0x8F, 0x73, 0x8A, 0x37, 0x73, 0xF6, 0xBD, 0x1D, 0x3E, 0xCE, 0xF0, 0x27, 0x6C, 0x7F, 0x81,
    0xAD, 0x44, 0x13, 0xE7, 0x38, 0xBA, 0xA8, 0xFD, 0x7E, 0x5F, 0x52, 0x5B, 0x4E, 0x72, 0xB0, 0xB4,
    0x93, 0x49, 0xE8, 0x47, 0x37, 0xD3, 0x69, 0x7E, 0xFC, 0xAE, 0x9E, 0xE1, 0x65, 0x33, 0x3F, 0x05,
    0x69, 0x4E, 0x52, 0x5E, 0x86, 0x0D, 0xDC, 0xA4, 0xB3, 0x0A, 0x35, 0x3D, 0x25, 0xAE, 0xF3, 0x22,
    0xE3, 0x94, 0x17, 0x24, 0x6C, 0xA4, 0x28, 0x40, 0x12, 0x21, 0x55, 0xDB, 0xA9, 0x97, 0x08, 0x6B,
    0x95, 0x7A, 0x69, 0xD9, 0xA5, 0x34, 0xF3, 0x2B, 0xC6, 0x9C, 0x34, 0x31, 0xC8, 0x01, 0xC9, 0xAA,
    0xBC, 0xA6, 0x59, 0x93, 0xAB, 0x19, 0x2B, 0x42, 0x46, 0x0F, 0x32, 0x6A, 0x88, 0x94, 0xB5, 0x80,
    0x08, 0x28, 0x11, 0x26, 0xAC, 0x43, 0xA8, 0x58, 0x85, 0x48, 0xB2, 0x06, 0xB1, 0x64, 0x05, 0x84,
    0x91, 0x2F, 0x8C, 0xF8, 0xA6, 0x91, 0x6E, 0x6C, 0xCF, 0x58, 0x31, 0x10, 0xEA, 0x98, 0xF8, 0x3E,
    0x92, 0x6D, 0x13, 0xCC, 0x7E, 0x33, 0x51, 0xED, 0x6C, 0xCB, 0x47, 0xF1, 0x49, 0x11, 0xEA, 0xE0,
    0x5F, 0xA5, 0xA7, 0x03, 0x5D, 0x7A, 0x59, 0x98, 0x96, 0x7E, 0x86, 0x28, 0x0C, 0xD2, 0x68, 0x39,
    0x47, 0x24, 0x9E, 0xC5, 0x24, 0x5C, 0x1D, 0x22, 0xB9, 0x1F, 0x46, 0xB2, 0xE9, 0xF4, 0xE3, 0xAD,
    0x43, 0x36, 0xAD, 0xBB, 0x89, 0x0E, 0xB0, 0xA8, 0x06, 0xBB, 0x4F, 0xCE, 0x91, 0xB3, 0x09, 0x8B,
    0x33, 0x4C, 0xBC, 0xCC, 0x21, 0x82, 0xD1, 0x83, 0x3C, 0xA4, 0x95, 0x07, 0x8B, 0x04, 0x78, 0xEF,
    0x20, 0xC6, 0x71, 0x8C, 0xCB, 0x30, 0xDB, 0xE3, 0xAE, 0x74, 0x1E, 0x74, 0x95, 0xA7, 0x22, 0x15,
    0xC0, 0xA5, 0x11, 0x92, 0xBA, 0x4A, 0x2A, 0xCD, 0x18, 0x31, 0xB3, 0x46, 0x71, 0x4A, 0x07, 0x0C,
    0xDC, 0x74, 0xBF, 0x40, 0x72, 0x40, 0xA7, 0xE8, 0x4C, 0x81, 0x9C, 0x40, 0x2A, 0xF0, 0x57, 0x90,
    0x21, 0x0F, 0x90, 0x04, 0xC6, 0x9E, 0xE3, 0xB4, 0xAA, 0x49, 0x24, 0x74, 0x98, 0x53, 0x81, 0x23,
    0xB2, 0x65, 0xA2, 0x71, 0x5B, 0xD4, 0xC3, 0xC7, 0x2E, 0x47, 0x20, 0x99, 0x30, 0xA7, 0x76, 0x49,
    0xF2, 0xD0, 0x95, 0x35, 0x91, 0x1E, 0x86, 0x84, 0x4A, 0xC5, 0x32, 0xC6, 0x99, 0x9A, 0x78, 0xAD,
    0x03, 0x1B, 0x6E, 0x28, 0x4E, 0x50, 0x1A, 0x01, 0x68, 0x8F, 0x1D, 0x45, 0x08, 0xC1, 0x5A, 0xEE,
    0x75, 0x06, 0x70, 0x02, 0x7E, 0x13, 0xE0, 0x5B, 0x01, 0xBD, 0x13, 0x06, 0x6F, 0xC6, 0x6E, 0x86,
    0x6E, 0x46, 0x6E, 0x06, 0x6E, 0xC6, 0x6D, 0x86, 0x6D, 0x46, 0x6D, 0x06, 0xED, 0x2D, 0xCC, 0xC6,
    0x89, 0xAE, 0x6C, 0x3B, 0x51, 0x05, 0xDC, 0xCE, 0x43, 0x55, 0x00, 0xB5, 0x11, 0xB5, 0xC0, 0x6C,
    0x40, 0x36, 0x90, 0x13, 0x80, 0x5D, 0xE3, 0x35, 0xCB, 0x0E, 0x9F, 0xC8, 0x06, 0x70, 0xCF, 0x01,
    0xB7, 0xEF, 0x03, 0xB6, 0x25, 0x50, 0x9B, 0x41, 0xDB, 0x60, 0x36, 0x43, 0x36, 0x23, 0x36, 0x63,
    0xB5, 0x1D, 0x33, 0x06, 0xAD, 0x19, 0xAC, 0xB7, 0xB0, 0x1A, 0xD6, 0x01, 0xEC, 0xE0, 0x48, 0x27,
    0x8C, 0xE8, 0xE5, 0x02, 0x4E, 0x8D, 0x5D, 0x2D, 0xD8, 0x8E, 0x19, 0xB0, 0x1A, 0x50, 0x0D, 0xA4,
    0x06, 0x50, 0xD7, 0x38, 0xED, 0x57, 0x26, 0x57, 0x68, 0xFF, 0x7E, 0xE8, 0x10, 0x99, 0x75, 0x57,
    0xF2, 0xBB, 0x1A, 0xE0, 0x44, 0x2B, 0xCA, 0xF9, 0x34, 0xA3, 0x95, 0x95, 0xA1, 0x54, 0xA0, 0x06,
    0xC6, 0x49, 0x8C, 0x2B, 0x10, 0xFF, 0xBD, 0xBD, 0x51, 0x03, 0xE1, 0x8F, 0x92, 0xE9, 0x4B, 0xFA,
    0xE0, 0x45, 0x34, 0x71, 0x5D, 0x84, 0xEE, 0x1F, 0x6C, 0x3A, 0xED, 0x95, 0x41, 0xE6, 0xA6, 0xE8,
    0xDB, 0x29, 0x57, 0xF8, 0xDA, 0x26, 0x6A, 0x28, 0x4D, 0xD8, 0x24, 0x3E, 0xD0, 0xD2, 0x49, 0xF7,
    0x50, 0x13, 0x42, 0x39, 0xA4, 0x69, 0x7A, 0x31, 0x9B, 0x70, 0x88, 0xC8, 0xB1, 0x28, 0x19, 0x01,
    0x46, 0x7A, 0x19, 0x6A, 0x4E, 0x78, 0x2F, 0x6D, 0x06, 0xC9, 0x52, 0x28, 0x97, 0x5E, 0xA5, 0xD8,
    0xD6, 0x55, 0x84, 0x38, 0xAA, 0x1E, 0x6A, 0xF3, 0xB2, 0x22, 0xEF, 0x6E, 0x62, 0xD6, 0x9D, 0xC2,
    0x81, 0x28, 0x68, 0x62, 0x8E, 0xA6, 0xA6, 0x68, 0x6D, 0x8D, 0x2E, 0x5E, 0x1C, 0x0A, 0x11, 0x06,
    0xE2, 0x4D, 0x10, 0x31, 0x50, 0xBD, 0xB4, 0x73, 0x34, 0x12, 0x39, 0x9D, 0xB8, 0x4E, 0x07, 0x60,
    0x71, 0xC9, 0xF3, 0x50, 0xE2, 0xA9, 0x6D, 0x68, 0xCD, 0x5B, 0xCC, 0x91, 0x26, 0x40, 0x69, 0xC0,
    0x9F, 0x0C, 0x0F, 0x78, 0x45, 0x83, 0x63, 0xD1, 0xCF, 0xCD, 0x7C, 0x9B, 0x1F, 0x41, 0x3D, 0xE4,
    0x4A, 0x1B, 0x3C, 0x80, 0xE9, 0x27, 0xC3, 0x07, 0x30, 0xD2, 0x77, 0xDE, 0xE4, 0x92, 0xF8, 0xB8,
    0x8B, 0x8F, 0x6E, 0x12, 0xC9, 0x43, 0xE4, 0xC3, 0x8F, 0xA7, 0x28, 0x82, 0xF7, 0x34, 0x75, 0x6F,
    0x57, 0xD0, 0x88, 0x5C, 0xC6, 0x15, 0xF7, 0x23, 0xE3, 0xC5, 0x71, 0xE8, 0x73, 0xAF, 0x82, 0x23,
    0x36, 0x22, 0x09, 0x04, 0x8A, 0x64, 0x24, 0x0B, 0x26, 0x0F, 0x8F, 0x4A, 0xB0, 0x86, 0xFE, 0x0A,
    0x53, 0x07, 0x98, 0x20, 0xC8, 0x47, 0x48, 0xFC, 0xA4, 0xF7, 0x36, 0x45, 0x59, 0xBB, 0x66, 0x5C,
    0xD4, 0xF8, 0x10, 0x75, 0x0A, 0x07, 0xD6, 0x0C, 0x67, 0x01, 0x40, 0xD0, 0x02, 0x3B, 0x97, 0xAE,
    0x8E, 0x33, 0x2F, 0x7B, 0x90, 0xD2, 0x03, 0x20, 0x76, 0xC2, 0x2A, 0x69, 0x31, 0x25, 0x5D, 0x2E,
    0xE1, 0xF8, 0xFB, 0x03, 0x0A, 0x9A, 0x52, 0xD4, 0xCF, 0x68, 0x71, 0x16, 0x24, 0x70, 0x96, 0x1C,
    0x8D, 0x55, 0xAF, 0x9B, 0x64, 0xA7, 0x3F, 0xE2, 0x58, 0x38, 0x83, 0x57, 0x65, 0x50, 0xB4, 0xA0,
    0xF0, 0x07, 0x25, 0xCD, 0x1E, 0xEE, 0xCB, 0xD9, 0xC6, 0x23, 0x8A, 0x6E, 0xA6, 0x06, 0x5B, 0x2C,
    0xC0, 0x85, 0x78, 0xA8, 0xB4, 0xE0, 0x3A, 0xAC, 0x2E, 0xD0, 0xE3, 0x19, 0x5D, 0x9E, 0xDE, 0xEB,
    0x45, 0x75, 0xA3, 0x45, 0x8C, 0xFC, 0x89, 0x6E, 0x8C, 0x98, 0xB6, 0x8E, 0x51, 0x97, 0x4D, 0xFC,
    0x32, 0xE3, 0xE1, 0x1B, 0xCC, 0x1C, 0xEE, 0x32, 0x3F, 0x74, 0xE0, 0xB1, 0x25, 0x0F, 0x0E, 0xE8,
    0x7C, 0x8B, 0x8B, 0x2D, 0x20, 0x8A, 0xFA, 0xD8, 0xD9, 0xA9, 0x18, 0xAB, 0x61, 0x75, 0x94, 0x98,
    0x1E, 0x4F, 0x6D, 0x9E, 0x40, 0x4F, 0x83, 0x0C, 0x3C, 0xB8, 0x5D, 0x32, 0x23, 0x45, 0x19, 0x38,
    0xBD, 0x00, 0x17, 0xD0, 0x01, 0x05, 0x16, 0x15, 0xDA, 0x82, 0x94, 0x31, 0xB3, 0x09, 0xEE, 0x56,
    0xE1, 0xC7, 0x3A, 0xBC, 0xAD, 0xC2, 0x5F, 0x53, 0xB4, 0x81, 0x68, 0x21, 0x11, 0x4B, 0x11, 0x26,
    0xAD, 0x20, 0xEB, 0x80, 0xA6, 0xEC, 0xB4, 0xF6, 0xAC, 0xD5, 0xC7, 0x4D, 0xAC, 0x75, 0x98, 0x06,
    0x3D, 0xB7, 0xFE, 0xC0, 0x7A, 0xE8, 0x06, 0x60, 0x4F, 0x68, 0x0C, 0x1A, 0x46, 0x21, 0x5E, 0x3C,
    0x70, 0x83, 0xF6, 0x54, 0x07, 0xC4, 0xA0, 0xC9, 0x8D, 0x17, 0xD3, 0x84, 0xCD, 0xB7, 0x48, 0x91,
    0x86, 0xF9, 0xD0, 0x27, 0x78, 0x55, 0xDF, 0x7B, 0x70, 0xCB, 0xA7, 0xAC, 0x01, 0x50, 0x07, 0x79,
    0xDA, 0x90, 0xF4, 0xA3, 0xCC, 0x72, 0xDB, 0xCB, 0x4E, 0x91, 0xBB, 0xBA, 0xE3, 0x67, 0xB1, 0x45,
    0x3A, 0x26, 0x14, 0xB5, 0xDD, 0x39, 0xE7, 0xAA, 0x9E, 0x57, 0x95, 0xFC, 0x22, 0xBC, 0x08, 0x1F,
    0x2E, 0x30, 0x05, 0x60, 0x27, 0xC0, 0x1B, 0x86, 0x24, 0x5C, 0xF1, 0xB2, 0x5B, 0x20, 0x56, 0x5D,
    0x43, 0x75, 0x9F, 0x22, 0x23, 0x78, 0x12, 0xC1, 0x19, 0x9B, 0xF0, 0x6C, 0x9A, 0x00, 0x1D, 0xB0,
    0x0C, 0xD0, 0x4F, 0xC7, 0xB2, 0x8C, 0x8C, 0x2E, 0x25, 0x4C, 0xBA, 0xFE, 0xDF, 0x0D, 0x0D, 0xCB,
    0x63, 0x7A, 0x57, 0xD9, 0xC6, 0x80, 0x3B, 0x19, 0xDA, 0xFB, 0x4E, 0xC6, 0x48, 0xD8, 0xC6, 0x75,
    0x2D, 0xD5, 0xDD, 0x9B, 0x4E, 0xC6, 0x72, 0x55, 0xE4, 0x2A, 0x27, 0x99, 0x2B, 0x77, 0x87, 0x0B,
    0xA6, 0x64, 0xF2, 0xD3, 0xA8, 0x71, 0xA4, 0x76, 0x8D, 0x0B, 0x8C, 0x01, 0xE0, 0xB7, 0xD5, 0x66,
    0xB5, 0xC2, 0x0A, 0xB4, 0xCC, 0xA1, 0x3B, 0xD6, 0xB2, 0x64, 0x7D, 0x07, 0x24, 0xF8, 0xA8, 0x78,
    0xEB, 0x43, 0xA7, 0x7F, 0x33, 0xBF, 0x94, 0xBA, 0xB9, 0x9B, 0xA3, 0x73, 0x41, 0xD3, 0x03, 0xD2,
    0x8E, 0x59, 0xB0, 0x81, 0x33, 0xA4, 0x0C, 0x3A, 0xA0, 0x0E, 0x33, 0xD0, 0x6E, 0x3E, 0x38, 0xF4,
    0xBC, 0x83, 0x2D, 0xDB, 0x97, 0x00, 0x1B, 0x11, 0x1E, 0x43, 0x28, 0x08, 0xEE, 0xC4, 0x4D, 0x90,
    0x89, 0x7A, 0x6A, 0x59, 0x42, 0xCB, 0x91, 0xE6, 0x72, 0xC4, 0x70, 0x63, 0x53, 0xC0, 0x1C, 0xCE,
    0xA3, 0xA2, 0xAE, 0x07, 0x9E, 0xA9, 0x27, 0x3C, 0x99, 0xF6, 0x2D, 0x66, 0xAF, 0x9F, 0xB8, 0x41,
    0xB6, 0x99, 0x1A, 0x34, 0x04, 0x8B, 0x3C, 0xED, 0xB3, 0xCD, 0x90, 0xE4, 0x06, 0x44, 0xD9, 0xFE,
    0xC3, 0xB4, 0x1F, 0xE8, 0x3E, 0x4C, 0x0B, 0x64, 0x1A, 0x20, 0xD3, 0xFE, 0x98, 0xE6, 0xC7, 0xB4,
    0x3E, 0xA6, 0xF1, 0x31, 0x6D, 0x87, 0xE9, 0x3A, 0x4C, 0xD3, 0x61, 0x4B, 0x2A, 0x97, 0xD7, 0x90,
    0xAC, 0xBB, 0x6C, 0x43, 0x41, 0xE8, 0x27, 0x90, 0xB3, 0x25, 0x1E, 0xC6, 0x48, 0x0A, 0x42, 0x2F,
    0x01, 0x3C, 0xC8, 0x11, 0x08, 0x28, 0xA7, 0xDE, 0x43, 0x6A, 0x3A, 0x83, 0x6B, 0x09, 0x17, 0x07,
    0xC7, 0x6E, 0xF4, 0x2A, 0x3E, 0x4F, 0xD9, 0xFA, 0xEC, 0xBE, 0x67, 0x87, 0xF9, 0xCC, 0x48, 0x8A,
    0x83, 0x8F, 0x41, 0xC8, 0x24, 0xAC, 0x70, 0x0A, 0x63, 0x35, 0xE6, 0x08, 0x97, 0xCF, 0xD4, 0x69,
    0x13, 0x3A, 0xF0, 0x87, 0xC3, 0x99, 0x22, 0xC9, 0x24, 0xD4, 0x29, 0x80, 0xCC, 0x4C, 0x5A, 0x77,
    0x98, 0xA6, 0x72, 0x23, 0x3B, 0x6B, 0x9D, 0x38, 0x34, 0x11, 0x98, 0x4D, 0x73, 0x6B, 0x81, 0x81,
    0xD0, 0x47, 0x40, 0xD2, 0x56, 0x09, 0xAF, 0x3B, 0x26, 0x4E, 0x67, 0x32, 0xC5, 0xBF, 0xA6, 0x11,
    0xFF, 0x8B, 0x82, 0x6E, 0x5D, 0x64, 0x9A, 0x61, 0xB6, 0x04, 0x1D, 0xA3, 0xDD, 0x95, 0x76, 0x63,
    0x0B, 0x4E, 0x49, 0x6D, 0x2F, 0x8B, 0x46, 0x7F, 0xA3, 0x68, 0x83, 0x77, 0x8A, 0x81, 0xDD, 0x02,
    0xD8, 0x7D, 0x33, 0x15, 0xCE, 0x9D, 0xB4, 0xE5, 0x03, 0xBB, 0x0F, 0x02, 0xBB, 0x8F, 0x63, 0xFB,
    0xD5, 0x58, 0x6E, 0x20, 0xF0, 0xDA, 0xD2, 0x62, 0x77, 0x8C, 0x98, 0x9A, 0x32, 0x7B, 0x5D, 0x30,
    0xB7, 0x05, 0x29, 0x8D, 0xE2, 0xF3, 0x71, 0xAA, 0x34, 0x23, 0xF6, 0xD5, 0x22, 0x1E, 0x2B, 0xC5,
    0x74, 0xD1, 0xFC, 0x59, 0x21, 0xFE, 0xAC, 0xC5, 0x6B, 0x8C, 0xD8, 0x71, 0x9F, 0x2E, 0x33, 0xCD,
    0x42, 0x50, 0x44, 0x38, 0x85, 0x7F, 0x0D, 0xC7, 0xFA, 0x95, 0xDC, 0x29, 0xEF, 0x72, 0xCE, 0x48,
    0xF7, 0x6F, 0x09, 0xAD, 0x69, 0x3A, 0x36, 0x35, 0x1C, 0xE9, 0x1A, 0xB1, 0x05, 0xDB, 0xF9, 0x3B,
    0xE8, 0xA6, 0xDC, 0x39, 0xDD, 0x04, 0x9B, 0x40, 0xA4, 0xBF, 0xAB, 0x99, 0xA7, 0x0F, 0x23, 0x77,
    0x0E, 0xAE, 0x5B, 0x44, 0x72, 0x9D, 0x3C, 0x0D, 0x3B, 0xEF, 0x67, 0xC0, 0x47, 0x62, 0x71, 0x0F,
    0xEA, 0x24, 0xC0, 0xDE, 0xC4, 0x40, 0x84, 0x81, 0x86, 0x1B, 0x50, 0xE5, 0x06, 0x17, 0xA8, 0xFA,
    0x76, 0xC2, 0xC1, 0x40, 0x2E, 0x65, 0x47, 0x01, 0xE0, 0x3D, 0x6A, 0x34, 0xC8, 0xFF, 0xAB, 0x74,
    0xC1, 0x95, 0x2F, 0xAE, 0x18, 0xB9, 0xA9, 0x77, 0x5B, 0x87, 0x57, 0x75, 0xEC, 0xA7, 0xE2, 0x92,
    0x12, 0xF7, 0x39, 0xCF, 0x04, 0xC9, 0xF8, 0xB7, 0x6A, 0x70, 0xA7, 0x27, 0x6D, 0x41, 0x0D, 0xDF,
    0x41, 0x46, 0x37, 0x76, 0x2C, 0xB7, 0x3E, 0xEF, 0x2F, 0x34, 0xAD, 0x4C, 0x0D, 0x23, 0xB7, 0x71,
    0x8E, 0xFC, 0x3B, 0xCA, 0xF9, 0x8C, 0xF5, 0x1C, 0xBE, 0xDB, 0x46, 0x50, 0xC4, 0xB3, 0x14, 0x9C,
    0xB7, 0x11, 0x41, 0x5E, 0xDF, 0x3C, 0xBF, 0x3E, 0xA8, 0x9B, 0x83, 0x57, 0xDC, 0xC7, 0x54, 0x43,
    0xC3, 0x36, 0x2F, 0x0C, 0x2F, 0x85, 0x64, 0xA0, 0x4F, 0x2E, 0x4C, 0xED, 0xFB, 0xAF, 0x3D, 0x3D,
    0xFB, 0xEA, 0x16, 0x8C, 0x00, 0x16, 0x46, 0xFB, 0x5F, 0xDA, 0x55, 0x4F, 0xEF, 0x9C, 0x23, 0xEF,
    0x93, 0x84, 0x5B, 0xEB, 0x63, 0x17, 0x87, 0xEA, 0xE9, 0xD9, 0x5F, 0xDC, 0xCF, 0x8F, 0xBD, 0x8D,
    0xD0, 0xDC, 0xB7, 0xBB, 0xFB, 0x84, 0xA7, 0x7C, 0xF6, 0x5C, 0xD9, 0x87, 0x70, 0xEE, 0xD9, 0x45,
    0x7B, 0xA7, 0xE0, 0x7E, 0xD7, 0x12, 0x93, 0x0A, 0x88, 0x04, 0x7A, 0x49, 0x4B, 0xA0, 0x09, 0x1D,
    0x8C, 0x32, 0x00, 0x3B, 0x88, 0x94, 0x83, 0x98, 0x70, 0xBF, 0x29, 0x61, 0x54, 0x1E, 0x2D, 0xE6,
    0xB0, 0xB0, 0xAE, 0x50, 0xED, 0x5E, 0x90, 0x21, 0x46, 0x83, 0x6B, 0xE4, 0xFE, 0x45, 0xD9, 0xA6,
    0x55, 0xDC, 0xD3, 0xC1, 0x3F, 0xC1, 0x4C, 0x34, 0x8A, 0x02, 0xB0, 0x2B, 0x32, 0xD4, 0x48, 0x0C,
    0xA8, 0x91, 0xC1, 0x2F, 0x06, 0x70, 0xFF, 0x4D, 0x18, 0xDB, 0xDD, 0xB1, 0x50, 0xCE, 0xEB, 0xB6,
    0x44, 0x56, 0x9B, 0xA4, 0x7E, 0x9E, 0xD0, 0x37, 0x60, 0xE5, 0xAF, 0x01, 0xC1, 0x0B, 0xA0, 0x9D,
    0xFB, 0x8E, 0xEF, 0xAA, 0x3D, 0x6E, 0x1C, 0xA2, 0x30, 0x26, 0xEF, 0x8E, 0xA4, 0xE5, 0xE1, 0x5A,
    0xF4, 0x41, 0x46, 0x8E, 0xD9, 0x8C, 0xDC, 0x55, 0x6B, 0x8E, 0x43, 0x0B, 0x45, 0x9F, 0xA7, 0xA4,
    0x86, 0x6B, 0xCA, 0x0F, 0x4B, 0xE7, 0x71, 0xE1, 0x27, 0xEB, 0x61, 0xB2, 0x00, 0xAB, 0x04, 0x39,
    0xA7, 0x98, 0x03, 0x5A, 0x15, 0xA3, 0xBD, 0xD0, 0x8B, 0xAE, 0x5E, 0x77, 0x75, 0xCB, 0x4F, 0x23,
    0x13, 0x0E, 0xC0, 0x72, 0x8F, 0xEF, 0x2E, 0x69, 0xD0, 0xCD, 0xAB, 0xD0, 0x4F, 0x22, 0x00, 0x61,
    0xCA, 0x64, 0xDF, 0xAD, 0x68, 0x3C, 0x96, 0x6B, 0xA1, 0x5C, 0x8F, 0x2C, 0x89, 0x20, 0x5F, 0x71,
    0x81, 0x9F, 0xA4, 0xBA, 0xF8, 0x49, 0x51, 0x55, 0xEA, 0x8A, 0xF0, 0xE4, 0x2A, 0x06, 0xE0, 0xC6,
    0xDE, 0x02, 0xAE, 0xD7, 0x70, 0x53, 0xDA, 0xFB, 0xC5, 0x01, 0xDC, 0x30, 0x07, 0x15, 0x75, 0x02,
    0x30, 0x63, 0x08, 0x70, 0xBE, 0x83, 0x5B, 0x7F, 0x0C, 0xA0, 0x55, 0x57, 0xC7, 0x55, 0x90, 0x06,
    0x48, 0x80, 0x10, 0x40, 0xCC, 0x49, 0x1B, 0xFF, 0x8E, 0xFF, 0x26, 0x70, 0x94, 0x4E, 0xF3, 0xED,
    0x0F, 0xD2, 0xE4, 0x03, 0xA4, 0x49, 0x17, 0x99, 0x1E, 0x4B, 0x17, 0xA9, 0x02, 0x24, 0x92, 0x06,
    0x08, 0x98, 0xE4, 0xFC, 0x52, 0xD7, 0x42, 0x37, 0xEA, 0xC1, 0x70, 0x56, 0x5A, 0xA1, 0xC8, 0xF7,
    0x23, 0xD0, 0xE1, 0xDD, 0x9A, 0x08, 0x76, 0xB5, 0x9B, 0x16, 0x1E, 0x32, 0x4A, 0xF2, 0x95, 0x34,
    0xDF, 0x36, 0x7F, 0x99, 0x70, 0x69, 0xDF, 0x82, 0x8F, 0x88, 0x6F, 0xFF, 0xDB, 0x29, 0x07, 0xAD,
    0xED, 0x00, 0xE9, 0x2B, 0x6D, 0xEE, 0x65, 0x99, 0x46, 0xD5, 0xEC, 0xCF, 0x92, 0xBF, 0x96, 0x85,
    0xA2, 0xCE, 0x80, 0x8F, 0xF1, 0x04, 0xDE, 0x47, 0x4C, 0xFB, 0x88, 0x59, 0xDF, 0x93, 0xEB, 0x6E,
    0x26, 0xD3, 0x70, 0x6A, 0x66, 0xE0, 0xA9, 0x5B, 0x9A, 0x6E, 0x62, 0xFA, 0x34, 0x77, 0x7E, 0xA3,
    0xCF, 0x74, 0x80, 0xF7, 0xF2, 0xF0, 0x41, 0x19, 0xA2, 0xD6, 0x7C, 0x5C, 0x80, 0x2F, 0x59, 0x5F,
    0xE3, 0xAB, 0xE5, 0x3D, 0xEC, 0x70, 0x16, 0xD1, 0x7F, 0x00, 0x5D, 0x54, 0x4D, 0x6C, 0x1B, 0x45,
    0x14, 0xFE, 0xD6, 0x5E, 0xC7, 0x8E, 0x37, 0xEE, 0x4E, 0xCB, 0xFA, 0x40, 0x9A, 0xD8, 0xAE, 0x64,
    0xC1, 0x92, 0xB6, 0xB1, 0x5B, 0x6D, 0xAA, 0xC5, 0xD8, 0xDD, 0x97, 0x82, 0x38, 0xFB, 0xE0, 0x48,
    0xA0, 0x72, 0xD8, 0x03, 0xE2, 0x80, 0xA8, 0x9A, 0xB6, 0x16, 0x18, 0xD5, 0x26, 0x83, 0xC4, 0x09,
    0x81, 0xB0, 0x54, 0xF5, 0xBE, 0x50, 0x0E, 0x21, 0x39, 0x10, 0x89, 0x48, 0x14, 0x91, 0xD6, 0x73,
    0x87, 0x43, 0x6E, 0x5C, 0x38, 0xAC, 0x44, 0x11, 0x1C, 0x23, 0x14, 0xA4, 0x4A, 0x04, 0x2F, 0x6F,
    0xB6, 0x45, 0xAD, 0x3A, 0xBB, 0x96, 0x66, 0x66, 0xBF, 0xF7, 0xF3, 0x7D, 0xEF, 0x3D, 0xF7, 0xD0,
    0x41, 0x15, 0x19, 0x18, 0x64, 0xCB, 0x0E, 0x42, 0xA0, 0x9B, 0x7D, 0x68, 0x9F, 0x71, 0x67, 0x4D,
    0x04, 0x9F, 0xFF, 0x78, 0x44, 0x51, 0x70, 0xB8, 0x14, 0x4D, 0xE2, 0xAD, 0xB1, 0x80, 0xD7, 0x0F,
    0xE2, 0x22, 0x39, 0xF7, 0xF6, 0x20, 0x30, 0x18, 0xDE, 0x1D, 0x0A, 0x51, 0xC6, 0x4D, 0xCA, 0x53,
    0x05, 0x75, 0x00, 0x01, 0x7D, 0xA9, 0xAE, 0xA9, 0x06, 0x8C, 0x55, 0xB2, 0xBE, 0x40, 0xA5, 0x8D,
    0x7A, 0x08, 0x61, 0xB6, 0x87, 0xD5, 0x83, 0xA2, 0x84, 0xD7, 0x5C, 0x17, 0x74, 0x4E, 0x5D, 0x57,
    0xDF, 0x49, 0xA7, 0x8B, 0xCE, 0x10, 0x76, 0x05, 0x99, 0xD7, 0x39, 0x66, 0x56, 0x9D, 0xF8, 0xC4,
    0xF7, 0xAB, 0x07, 0x33, 0x64, 0xC0, 0x8E, 0x5F, 0xDE, 0xA9, 0xB1, 0x2B, 0x8B, 0x7C, 0x0C, 0x70,
    0x0F, 0x23, 0xF6, 0xCA, 0xB7, 0xCA, 0x52, 0x59, 0x95, 0xA7, 0xB3, 0x7C, 0x32, 0x83, 0x8F, 0x06,
    0xDE, 0xE2, 0x33, 0x97, 0x0E, 0x13, 0xB0, 0x91, 0x21, 0xA3, 0x6B, 0xA9, 0x34, 0x95, 0x99, 0x51,
    0x41, 0x34, 0x47, 0xE3, 0x5C, 0x37, 0x38, 0xC0, 0x0E, 0x22, 0xC4, 0x90, 0x6C, 0x21, 0x2D, 0x69,
    0xC1, 0x47, 0x61, 0x10, 0xF5, 0x05, 0x30, 0x8B, 0x12, 0x36, 0x80, 0x69, 0xAD, 0xA9, 0xF7, 0x01,
    0xCD, 0xC1, 0x64, 0x57, 0x1B, 0x64, 0xA8, 0x8C, 0xCC, 0xD2, 0x04, 0x2E, 0xC2, 0x28, 0x9E, 0xBA,
    0x9D, 0xFB, 0xAE, 0xC0, 0xB0, 0x3D, 0x64, 0xAE, 0x4F, 0x18, 0x56, 0xD0, 0x86, 0x07, 0xBD, 0xF2,
    0xC8, 0xAB, 0x8C, 0xBA, 0x2A, 0xCB, 0x7C, 0x37, 0xC0, 0x2E, 0x36, 0x64, 0x0E, 0xF0, 0xBC, 0xF5,
    0xA5, 0x6F, 0x3E, 0xBC, 0x32, 0x9E, 0x03, 0x4E, 0x15, 0x5E, 0xD9, 0x34, 0xBB, 0xAC, 0xC2, 0xA0,
    0x1A, 0x17, 0x25, 0x2B, 0x1C, 0xB7, 0x77, 0xA2, 0xBA, 0x30, 0x7D, 0xBF, 0x91, 0x32, 0xAE, 0x32,
    0xE3, 0xB0, 0x6E, 0x00, 0xD5, 0x5F, 0xD0, 0xFA, 0x17, 0xE2, 0x6D, 0x68, 0xB5, 0xB5, 0x98, 0x89,
    0x2C, 0xAF, 0x21, 0xDD, 0x28, 0x9D, 0x57, 0x42, 0x69, 0xBC, 0xC6, 0xA7, 0x37, 0x8F, 0x18, 0x84,
    0xC9, 0xB4, 0xDC, 0x7B, 0xF4, 0x35, 0x51, 0xE5, 0xB5, 0x35, 0x42, 0x0E, 0xA3, 0x7C, 0x7C, 0x11,
    0x11, 0x1E, 0xAF, 0x12, 0x98, 0x01, 0xD6, 0x81, 0x7D, 0x64, 0x14, 0xB2, 0xC0, 0x31, 0x60, 0x01,
    0x3A, 0xEB, 0x1D, 0x80, 0x2F, 0x24, 0xA7, 0xFE, 0x18, 0xC4, 0xC4, 0x9C, 0xC5, 0xD2, 0x19, 0x21,
    0x72, 0x61, 0x69, 0x72, 0x94, 0x5A, 0x2F, 0x6F, 0xA3, 0x99, 0x45, 0x6B, 0x1B, 0x1C, 0x65, 0xBE,
    0x7F, 0xFE, 0x33, 0xC1, 0xDA, 0x9C, 0x66, 0x8A, 0x17, 0xF4, 0x47, 0xBF, 0xE9, 0xB9, 0x7D, 0x2C,
    0x6D, 0x11, 0xBF, 0x9C, 0xE3, 0x24, 0xE1, 0x02, 0x5C, 0x84, 0x4D, 0x4F, 0x0A, 0xF0, 0x34, 0x1F,
    0x9C, 0xAD, 0x94, 0x6A, 0xDA, 0xEC, 0x6F, 0xB4, 0xFF, 0x91, 0xA3, 0x9F, 0xE4, 0xF1, 0x55, 0x60,
    0xB4, 0x77, 0xDF, 0x79, 0x77, 0xF3, 0x87, 0xF7, 0xD4, 0x1C, 0x9E, 0xE5, 0x28, 0xA0, 0x7B, 0xE4,
    0x37, 0x5A, 0x42, 0x03, 0x16, 0xD3, 0x62, 0x77, 0xF6, 0x5F, 0xD4, 0x4A, 0xF0, 0xDC, 0xD7, 0x29,
    0x96, 0x7D, 0x1D, 0x82, 0xBB, 0xD4, 0xBA, 0x45, 0x8D, 0x04, 0xCD, 0x1E, 0x0C, 0x66, 0xB8, 0x0F,
    0x90, 0x8E, 0x6A, 0xFF, 0x81, 0xD6, 0x14, 0x82, 0x4D, 0x2E, 0x21, 0x98, 0x22, 0xBC, 0xFB, 0x48,
    0x8C, 0xD9, 0x30, 0x38, 0x70, 0x52, 0x01, 0xAB, 0xCC, 0x79, 0x81, 0x2B, 0xDD, 0xCB, 0x19, 0xDD,
    0xCD, 0xF9, 0x4B, 0xD1, 0x98, 0x5D, 0xD1, 0x8A, 0x12, 0x06, 0x39, 0x3C, 0x01, 0x05, 0xE8, 0xF3,
    0x6D, 0x64, 0xC2, 0x8F, 0x61, 0xD6, 0x0C, 0xC6, 0x19, 0xDD, 0x1E, 0xC6, 0x65, 0x0A, 0xF5, 0xFD,
    0x5E, 0xF5, 0xD5, 0x18, 0xBE, 0xDD, 0x67, 0x05, 0xA2, 0x88, 0xD3, 0xE0, 0x6E, 0xDD, 0x3D, 0xE5,
    0xE4, 0x65, 0x9E, 0x3D, 0xBF, 0x40, 0x36, 0x4E, 0xA7, 0x11, 0xF2, 0x3C, 0x43, 0x27, 0x89, 0xD3,
    0xE1, 0x56, 0xD3, 0xF3, 0xC4, 0xEA, 0x22, 0xF6, 0x96, 0x07, 0xBB, 0xBF, 0xD2, 0x6B, 0x58, 0x2C,
    0x2E, 0x7A, 0x3C, 0x56, 0xFC, 0xE8, 0xC6, 0xBE, 0x40, 0x0D, 0x39, 0xAF, 0xD2, 0xB6, 0x3B, 0xBC,
    0x35, 0xB7, 0xBD, 0xE9, 0x74, 0x6B, 0x58, 0x61, 0x9D, 0x33, 0xDA, 0xC8, 0xF4, 0xB9, 0x54, 0xF6,
    0xED, 0xCB, 0xD2, 0x98, 0xFC, 0x99, 0x9E, 0xB9, 0x7A, 0xEB, 0xD6, 0xEF, 0x57, 0x25, 0xBE, 0x7D,
    0xA0, 0xCB, 0xCE, 0x05, 0xD8, 0x4A, 0x7F, 0x7A, 0x9F, 0x2E, 0x2B, 0x19, 0x67, 0xB1, 0x7C, 0x39,
    0x99, 0xB2, 0x46, 0xF3, 0x0F, 0x80, 0x93, 0x89, 0x44, 0x66, 0xBA, 0xFD, 0x50, 0x97, 0xBE, 0xA2,
    0x5D, 0x18, 0x1A, 0x55, 0x5E, 0x7B, 0x33, 0x60, 0x08, 0x73, 0x05, 0x8A, 0xF2, 0x9C, 0xFA, 0x4A,
    0x7E, 0x2F, 0x8F, 0xD3, 0x8C, 0x7C, 0x49, 0xB5, 0xB8, 0x3B, 0x72, 0x30, 0x0B, 0xAE, 0xEB, 0x79,
    0x4E, 0x91, 0x3C, 0x6E, 0xF5, 0x1B, 0x2C, 0x4B, 0x5D, 0xAE, 0xA8, 0xF3, 0xF2, 0x03, 0x29, 0x18,
    0xE4, 0x4A, 0x2F, 0x05, 0x31, 0xBD, 0xFD, 0xA2, 0xFA, 0xDF, 0xD8, 0xE1, 0x2E, 0x6A, 0x31, 0xEA,
    0xBA, 0xBC, 0x23, 0x89, 0xDE, 0x79, 0xE3, 0xFD, 0x9F, 0x6F, 0xBC, 0x75, 0x67, 0x61, 0xD5, 0x7C,
    0x5E, 0x2E, 0x90, 0xCB, 0x78, 0x01, 0xB3, 0xC3, 0xF3, 0xEF, 0xD4, 0xA4, 0x27, 0x5D, 0xFE, 0xB3,
    0x30, 0x51, 0xA7, 0x63, 0x9C, 0xD5, 0x8B, 0x58, 0xA5, 0xFF, 0x00, 0xB5, 0x5B, 0x5F, 0x8C, 0x15,
    0xD7, 0x79, 0xFF, 0x66, 0x86, 0x65, 0x6C, 0xC6, 0xEC, 0x90, 0x8A, 0x8D, 0x6C, 0x58, 0x3C, 0x7E,
    0xB0, 0x2A, 0xEA, 0x00, 0xC3, 0xC3, 0x3E, 0xE0, 0x64, 0xF7, 0xCE, 0x61, 0x51, 0xCA, 0x83, 0x1F,
    0xD8, 0xAA, 0x6C, 0x52, 0x29, 0x4D, 0xB1, 0xD4, 0x46, 0x51, 0x93, 0x4A, 0xBB, 0x52, 0xA8, 0x42,
    0x1B, 0xEE, 0xBD, 0x03, 0x3C, 0xA0, 0x8A, 0x4A, 0xD9, 0xA6, 0x89, 0xFD, 0xE0, 0x4A, 0xDE, 0x4A,
    0x96, 0xDA, 0x82, 0xDA, 0x5D, 0xB5, 0x96, 0x4C, 0xD2, 0x7B, 0xF7, 0x0E, 0xEC, 0x03, 0x52, 0x48,
    0xE5, 0x31, 0xD4, 0xE5, 0x81, 0xB6, 0x19, 0x08, 0xB6, 0x13, 0x48, 0xCA, 0xE0, 0xCC, 0x9A, 0x61,
    0x99, 0x7B, 0xA7, 0xBF, 0xEF, 0x9C, 0x99, 0x7B, 0x77, 0x81, 0x35, 0x7F, 0xB3, 0xBE, 0xE7, 0x78,
    0xE1, 0xCE, 0x9C, 0xF3, 0xFD, 0xFD, 0x7D, 0x7F, 0xCE, 0x81, 0xFA, 0x04, 0x91, 0x19, 0x12, 0x69,
    0x31, 0x11, 0xBD, 0x40, 0xDA, 0xF8, 0xB8, 0xD0, 0xF3, 0x3C, 0xA4, 0x9A, 0x16, 0x50, 0x13, 0x23,
    0xC3, 0x5F, 0x63, 0x68, 0x9D, 0x7F, 0x94, 0x43, 0x4F, 0x88, 0x8C, 0x98, 0x87, 0x46, 0x66, 0x64,
    0x92, 0xF5, 0xC1, 0x1F, 0x51, 0x3D, 0x6F, 0x93, 0xFC, 0xB1, 0x6D, 0x35, 0xF0, 0xF3, 0xA8, 0xEB,
    0x0C, 0xE0, 0x3D, 0x2F, 0xCF, 0xFD, 0x49, 0xCF, 0x10, 0xD3, 0x35, 0x83, 0xF0, 0xAE, 0x7C, 0x8F,
    0xF2, 0x0E, 0x51, 0x67, 0x22, 0xD0, 0x52, 0x2B, 0xD4, 0x13, 0x33, 0x32, 0x62, 0x2B, 0x34, 0x62,
    0x3B, 0xB0, 0x62, 0x57, 0x78, 0xED, 0x5B, 0x78, 0xA0, 0x0F, 0xC3, 0xC3, 0x38, 0x89, 0xE1, 0x2F,
    0xD9, 0x5F, 0x5F, 0xBE, 0x7F, 0xAA, 0x46, 0x6F, 0x7F, 0xB0, 0x1F, 0x11, 0x59, 0x18, 0x75, 0x66,
    0x43, 0x7B, 0x0B, 0xCB, 0xB4, 0x84, 0x96, 0xDA, 0x81, 0x11, 0x59, 0xC2, 0x0E, 0x88, 0x1C, 0x0C,
    0xF7, 0x07, 0x82, 0xBC, 0xDC, 0x97, 0x3B, 0xC8, 0x01, 0xB1, 0xB9, 0xFE, 0x53, 0x64, 0x2F, 0x9C,
    0x24, 0x3D, 0x8F, 0x14, 0xFF, 0xAB, 0xA7, 0x68, 0xAE, 0xAD, 0xC7, 0x15, 0x23, 0xDA, 0x8A, 0x75,
    0x8D, 0x94, 0xB4, 0x5C, 0x50, 0x2B, 0x22, 0x3B, 0x21, 0x3D, 0xDD, 0x4A, 0x69, 0x85, 0x12, 0x6F,
    0x34, 0xB6, 0xB0, 0x0C, 0x0B, 0x68, 0x4C, 0xCF, 0xA7, 0xA8, 0x06, 0x0E, 0x25, 0x61, 0x19, 0x93,
    0xA5, 0x25, 0x4C, 0x18, 0xBF, 0x1B, 0x33, 0x55, 0x20, 0xAA, 0x9E, 0xC9, 0x95, 0x93, 0x98, 0x6E,
    0xC4, 0x0F, 0xF7, 0xD6, 0xC0, 0x38, 0xB9, 0xB7, 0xE4, 0x9F, 0x43, 0x02, 0x17, 0xF8, 0x38, 0x3E,
    0x7F, 0x5C, 0xC1, 0x0C, 0xE0, 0xA3, 0x16, 0x69, 0x16, 0x8B, 0xE0, 0x5D, 0x2F, 0xA4, 0x01, 0xE2,
    0x17, 0xC7, 0xC1, 0x1B, 0xCB, 0xBB, 0x9F, 0xA5, 0xB3, 0x96, 0xC5, 0x33, 0x88, 0x45, 0x68, 0x8B,
    0xFD, 0x9F, 0x44, 0x3B, 0xEC, 0x3C, 0xA0, 0xED, 0xF6, 0x99, 0x98, 0x66, 0x9D, 0xC3, 0x09, 0x45,
    0xEE, 0x68, 0xA2, 0x87, 0x9E, 0x91, 0x6C, 0x0C, 0x3C, 0x23, 0xCE, 0x45, 0x7D, 0x22, 0x68, 0x1A,
    0xA5, 0x3D, 0x68, 0xE3, 0x3B, 0x59, 0x0B, 0xAF, 0x81, 0xE1, 0x1A, 0x53, 0xDB, 0x94, 0x24, 0xB3,
    0xF8, 0x33, 0x10, 0xAC, 0xE5, 0xD0, 0x8F, 0x76, 0xEB, 0xCB, 0x9F, 0x64, 0xAC, 0xD0, 0xA6, 0x11,
    0x9B, 0xE1, 0x1C, 0xAB, 0xB5, 0x69, 0x46, 0x76, 0x90, 0x59, 0x91, 0x73, 0x21, 0xA9, 0x67, 0x30,
    0x85, 0x15, 0x4D, 0xA2, 0x93, 0x2F, 0x31, 0x09, 0x65, 0x0E, 0xCA, 0x24, 0xEC, 0xC0, 0xCB, 0x1C,
    0x28, 0x58, 0x83, 0x92, 0x58, 0x81, 0xDB, 0xF0, 0xF0, 0xAB, 0x4C, 0xCD, 0x5E, 0x3D, 0xFF, 0xDB,
    0x36, 0x4C, 0x22, 0xA4, 0xA6, 0x29, 0x28, 0xDB, 0x84, 0x75, 0xF6, 0xC3, 0x1C, 0x63, 0xD0, 0x02,
    0x19, 0x2E, 0x64, 0x90, 0x42, 0x1B, 0xA3, 0x0E, 0xB1, 0x79, 0x90, 0xA3, 0x1B, 0xD4, 0x33, 0x0B,
    0x22, 0x18, 0x63, 0x66, 0x52, 0x9E, 0x86, 0x79, 0x7A, 0xBA, 0xCB, 0xD9, 0xF7, 0xA4, 0x2E, 0xA4,
    0x20, 0xDB, 0xCC, 0x14, 0xB3, 0x67, 0xB3, 0x38, 0x47, 0x58, 0x2B, 0x97, 0xB1, 0xE6, 0x6D, 0xC8,
    0xC8, 0x68, 0xB3, 0x6E, 0x12, 0xA9, 0x1D, 0xA9, 0x1F, 0x9B, 0x35, 0xC4, 0x3A, 0x5A, 0x05, 0x4E,
    0x86, 0xB1, 0x9C, 0x07, 0x62, 0xE1, 0x88, 0x03, 0x63, 0x03, 0x63, 0xF5, 0xC4, 0x0D, 0xED, 0xC0,
    0x26, 0x3B, 0x1C, 0xC4, 0xE3, 0x3B, 0x40, 0xCD, 0x2C, 0x19, 0x37, 0x42, 0xD2, 0x6E, 0xC3, 0x6A,
    0xC0, 0x30, 0x6F, 0x44, 0x07, 0x30, 0x66, 0x89, 0x15, 0x26, 0x0D, 0x71, 0x89, 0xAC, 0xBF, 0xB7,
    0x5C, 0xD6, 0x4C, 0x35, 0x0B, 0x5C, 0x4B, 0x59, 0xE0, 0x4C, 0x82, 0x9E, 0x48, 0x43, 0x01, 0x1D,
    0x2C, 0x6B, 0x6C, 0x61, 0x05, 0x70, 0xBE, 0x7D, 0x21, 0xBC, 0x2F, 0xC7, 0xC3, 0x36, 0xDB, 0xA6,
    0xC5, 0x0B, 0xAE, 0xE1, 0x69, 0x95, 0x5C, 0xBB, 0x74, 0xAD, 0x16, 0xF6, 0xFA, 0xA9, 0x4F, 0xC6,
    0x77, 0x7D, 0x32, 0x21, 0xD7, 0x7E, 0x8C, 0x41, 0x8C, 0xCA, 0x4C, 0x40, 0x3F, 0x9A, 0x09, 0x29,
    0x84, 0x0E, 0x02, 0x2C, 0xE8, 0x9B, 0xB1, 0x17, 0x7B, 0x99, 0xF6, 0x25, 0xE9, 0x82, 0x81, 0x72,
    0x41, 0xDD, 0xEF, 0xBA, 0x60, 0x7E, 0x85, 0xB4, 0x5B, 0x6D, 0x50, 0xE2, 0x81, 0x06, 0x35, 0xCC,
    0xA8, 0x46, 0xD6, 0xE5, 0x0C, 0x44, 0x4C, 0x81, 0x93, 0xBD, 0x70, 0x29, 0x78, 0x4E, 0x0D, 0x8E,
    0xD7, 0xC4, 0xFA, 0x19, 0x0F, 0x57, 0x68, 0x9D, 0x5B, 0xD0, 0x55, 0xF9, 0x9E, 0xEB, 0x63, 0x08,
    0xA9, 0xA7, 0x0F, 0x3A, 0x78, 0xEF, 0xCA, 0xA3, 0xBB, 0x7C, 0x1F, 0x5E, 0x24, 0x0B, 0x16, 0x46,
    0x86, 0x0F, 0x77, 0x30, 0x04, 0x5E, 0x32, 0xF9, 0x4D, 0x8B, 0xA7, 0xB5, 0xFC, 0xEE, 0x20, 0xBF,
    0xBC, 0x85, 0xDF, 0x1C, 0xE2, 0x69, 0x96, 0xDF, 0x0F, 0x01, 0x9B, 0xE6, 0xFB, 0xFB, 0xAE, 0x00,
    0x17, 0xF2, 0x8C, 0x46, 0x58, 0x2B, 0x43, 0xF8, 0x9E, 0x26, 0x89, 0xB6, 0xB3, 0xC9, 0x3C, 0x06,
    0x98, 0x8E, 0x7F, 0x71, 0xBC, 0x6F, 0x8C, 0xF2, 0x63, 0x9D, 0x3D, 0x09, 0x3D, 0xAF, 0xA7, 0x96,
    0x4F, 0x96, 0x9E, 0xC0, 0x5A, 0x8D, 0x5D, 0xF1, 0x7E, 0x30, 0x32, 0x0F, 0x7B, 0x20, 0xE3, 0xF6,
    0x6D, 0x98, 0xB6, 0x7D, 0x9D, 0xC1, 0xC7, 0xFD, 0xEE, 0x3C, 0x96, 0xA9, 0xDB, 0x3C, 0x67, 0xF6,
    0x69, 0x78, 0x73, 0xE2, 0xF8, 0x19, 0xD9, 0x91, 0xE7, 0x77, 0xC8, 0x1B, 0xCD, 0x21, 0x29, 0xDA,
    0x30, 0x25, 0xA5, 0x67, 0x40, 0x62, 0x46, 0x50, 0xC2, 0x18, 0xD8, 0xDD, 0x88, 0xF7, 0x3F, 0x17,
    0x29, 0xC2, 0xF0, 0xE7, 0xA7, 0x30, 0x46, 0xF0, 0xBB, 0x37, 0x9A, 0x92, 0x0D, 0xD2, 0x97, 0xD9,
    0xD6, 0xE3, 0x59, 0x3B, 0x8D, 0xC1, 0x9C, 0xB4, 0x68, 0x88, 0x4D, 0x80, 0x17, 0x1E, 0x78, 0x52,
    0x2B, 0x3F, 0xB2, 0x67, 0xDF, 0x09, 0x75, 0x3C, 0x0D, 0xB2, 0x6E, 0xB7, 0x30, 0xDE, 0xED, 0x80,
    0x6B, 0x00, 0xEA, 0x30, 0xCD, 0xF2, 0x14, 0x01, 0x3C, 0xF5, 0x10, 0x92, 0xDC, 0xC8, 0xE2, 0xCB,
    0x05, 0x26, 0x40, 0x5D, 0x58, 0xBA, 0x9F, 0xD0, 0xC6, 0x61, 0xB6, 0x81, 0x85, 0xC5, 0xEA, 0x01,
    0x10, 0x9F, 0x5A, 0xC1, 0xE7, 0xB0, 0xDC, 0xB5, 0xF0, 0xDB, 0x98, 0x2F, 0x86, 0x1F, 0x45, 0xA4,
    0x9D, 0xB9, 0x74, 0x16, 0x8E, 0x7C, 0xE6, 0x67, 0x7B, 0x02, 0xD2, 0x8F, 0xDC, 0xC4, 0x9A, 0xC6,
    0x91, 0x36, 0x1C, 0xCE, 0xD8, 0x95, 0x61, 0x69, 0x93, 0xED, 0x19, 0x7A, 0x8E, 0xE0, 0xD1, 0xF5,
    0xD3, 0xA7, 0xA1, 0xD6, 0x65, 0x2E, 0xDD, 0xEC, 0xBA, 0x74, 0x81, 0xA1, 0x5A, 0xE7, 0x44, 0xA2,
    0xA6, 0xC2, 0xA5, 0x4B, 0xBF, 0x86, 0x07, 0x86, 0x2C, 0x1C, 0xB8, 0x74, 0xD6, 0x4A, 0xEF, 0x88,
    0x68, 0x8C, 0xAD, 0x46, 0xEC, 0x04, 0xCA, 0x81, 0x3C, 0x01, 0x57, 0xC5, 0xB3, 0x1E, 0x60, 0xD2,
    0x43, 0x70, 0x40, 0x2C, 0x05, 0xF0, 0x64, 0xE0, 0xA3, 0x54, 0xBC, 0xB2, 0xE0, 0x7B, 0x00, 0x78,
    0x17, 0x54, 0xD2, 0x95, 0x40, 0x05, 0x3B, 0x81, 0x02, 0x80, 0x0A, 0x82, 0x16, 0x3B, 0x34, 0x2D,
    0x77, 0x68, 0x1B, 0xC0, 0xED, 0xFA, 0xDA, 0xAD, 0x39, 0x7C, 0x77, 0xE5, 0xE1, 0x62, 0xB1, 0x50,
    0xB0, 0xF7, 0x69, 0xB1, 0x78, 0x59, 0xD0, 0xF0, 0x10, 0x34, 0x6A, 0x9A, 0xB4, 0xF6, 0xD2, 0x05,
    0xE9, 0x0E, 0x50, 0x30, 0x31, 0x3C, 0xEC, 0xF9, 0x38, 0x10, 0x4C, 0xAB, 0x8F, 0xE3, 0x37, 0x9D,
    0xBF, 0xFD, 0x66, 0x67, 0x8A, 0xAC, 0xDB, 0x8B, 0x70, 0xA3, 0xC3, 0x71, 0x8D, 0xEA, 0x0C, 0x71,
    0x6D, 0xF6, 0xBC, 0x8C, 0xCD, 0x2F, 0xB3, 0x42, 0x8F, 0x9A, 0x56, 0xD0, 0x26, 0x6F, 0xCF, 0x7C,
    0xCA, 0xC8, 0x33, 0xC5, 0x0C, 0x30, 0xC0, 0x32, 0xF1, 0x00, 0x23, 0x36, 0xA7, 0x71, 0x3D, 0x3F,
    0xD4, 0xA6, 0x3A, 0x21, 0x2E, 0x8F, 0x22, 0x76, 0x9F, 0x85, 0xAF, 0x33, 0x24, 0x15, 0xB4, 0x3A,
    0xA0, 0x7D, 0x3F, 0x2C, 0x3F, 0x6C, 0x93, 0x29, 0xEA, 0xE4, 0x50, 0x5D, 0xE4, 0xB0, 0x99, 0x27,
    0x14, 0x05, 0x88, 0xDE, 0xE6, 0x69, 0xB2, 0x3B, 0xAD, 0xA3, 0x81, 0xBD, 0x03, 0x7B, 0xDD, 0xB4,
    0x9E, 0xD8, 0x2C, 0x9A, 0xC0, 0xF1, 0xED, 0xC0, 0x15, 0x8E, 0xCF, 0x46, 0x03, 0x93, 0x79, 0x7F,
    0x8E, 0x4C, 0x19, 0xF4, 0x97, 0x48, 0x98, 0x9D, 0xD8, 0xC9, 0xC1, 0xC9, 0x17, 0xC7, 0x07, 0xE0,
    0x9D, 0x6F, 0x74, 0x26, 0x6E, 0xC1, 0x3F, 0x11, 0xAB, 0x11, 0x0B, 0x12, 0x36, 0x00, 0x8E, 0xD5,
    0x6A, 0xD6, 0x52, 0x13, 0xCE, 0xA5, 0x21, 0x86, 0xBB, 0x82, 0xBF, 0x63, 0x7C, 0x2F, 0xE7, 0x0A,
    0xF1, 0x77, 0x88, 0x0E, 0x1F, 0x4C, 0xFC, 0xA0, 0xC9, 0xE4, 0x21, 0xA2, 0x3C, 0xC9, 0x35, 0xE7,
    0x84, 0x5A, 0x93, 0xB9, 0x34, 0x59, 0x07, 0xC0, 0xFF, 0xDE, 0xAC, 0xD3, 0xC0, 0xD7, 0x38, 0xF1,
    0x9B, 0xA2, 0xC9, 0x39, 0xA2, 0xE9, 0x46, 0xC1, 0x5E, 0x5B, 0x00, 0x57, 0x52, 0x48, 0x71, 0xAE,
    0x1B, 0xC1, 0x54, 0x14, 0x6B, 0x92, 0xFD, 0x61, 0x4A, 0x2D, 0x19, 0xC5, 0x44, 0x1F, 0x03, 0xC2,
    0x14, 0x03, 0x42, 0x4D, 0xDA, 0x59, 0x53, 0x5A, 0x5A, 0x26, 0xE7, 0xB6, 0x30, 0x22, 0x5E, 0x03,
    0x1A, 0xD0, 0x92, 0x1A, 0x18, 0x40, 0x54, 0x63, 0x40, 0x88, 0x8B, 0x99, 0x01, 0x21, 0x9A, 0x63,
    0x40, 0xF8, 0x30, 0x63, 0x40, 0x80, 0x4A, 0x63, 0x5E, 0x93, 0x57, 0x94, 0xA9, 0x5B, 0x57, 0xD4,
    0x05, 0x2D, 0x58, 0xE5, 0x8E, 0x88, 0x3A, 0xC7, 0xEF, 0xCA, 0x88, 0xAA, 0xB0, 0x3F, 0x2B, 0xB0,
    0x1F, 0x4B, 0xCB, 0xAC, 0x08, 0x63, 0x03, 0x22, 0xF7, 0x4B, 0x2D, 0x5F, 0x59, 0x9F, 0x07, 0xEC,
    0xAF, 0x29, 0xEC, 0x07, 0x85, 0x76, 0x2E, 0x4A, 0x60, 0x43, 0x5A, 0x8B, 0x5D, 0xF1, 0x3E, 0xD5,
    0xD8, 0x7C, 0xD9, 0x85, 0xF1, 0x3C, 0x22, 0x32, 0x9C, 0x31, 0x83, 0x05, 0x04, 0x5A, 0xA7, 0x23,
    0xE7, 0x36, 0xD6, 0xD1, 0x13, 0x98, 0xB5, 0x60, 0xB4, 0x65, 0x3A, 0x9A, 0x54, 0x95, 0xB1, 0x3D,
    0x63, 0xCC, 0xDD, 0xCD, 0x70, 0x6D, 0xE5, 0xA5, 0xB7, 0xC0, 0xD2, 0x81, 0xBE, 0x16, 0xA3, 0xAF,
    0x37, 0x0A, 0xF1, 0xD4, 0x58, 0x2E, 0x4D, 0x39, 0x31, 0x0A, 0xB0, 0x50, 0x60, 0x40, 0xEC, 0xEF,
    0x6F, 0x06, 0x1C, 0xDC, 0x30, 0xB5, 0x41, 0xBB, 0x91, 0xB2, 0x54, 0x00, 0x5D, 0xF0, 0x2D, 0xE5,
    0xEC, 0x5A, 0x9E, 0x59, 0xEF, 0xA5, 0xCE, 0xCE, 0xC4, 0xE3, 0xDC, 0x3B, 0xAE, 0x62, 0x5B, 0x68,
    0xC2, 0x0E, 0xEB, 0xDF, 0xBE, 0xE2, 0x9E, 0x4F, 0x15, 0x17, 0xB4, 0x7A, 0x8E, 0x5A, 0x99, 0x91,
    0x4F, 0x23, 0x96, 0xAE, 0x7D, 0x49, 0x6C, 0xBA, 0x1D, 0x7B, 0xA7, 0x20, 0xAD, 0xD4, 0xD3, 0xD2,
    0x0A, 0x3E, 0x7A, 0x82, 0xA4, 0xDD, 0xB1, 0x02, 0xB3, 0x53, 0x90, 0x86, 0x08, 0x65, 0xCD, 0xC7,
    0x0E, 0x24, 0x69, 0x86, 0xF5, 0x0E, 0xD5, 0x26, 0xFC, 0xA6, 0x15, 0x56, 0xC1, 0xBE, 0x2D, 0x11,
    0x5E, 0xFE, 0x58, 0x39, 0x6D, 0x02, 0x41, 0x40, 0x70, 0x97, 0xF5, 0x0B, 0xB2, 0x1A, 0xEC, 0x67,
    0xD4, 0x79, 0x9E, 0x3C, 0xB5, 0xED, 0x5E, 0x32, 0x72, 0x56, 0x24, 0xE9, 0x31, 0x67, 0xE9, 0x5F,
    0x4B, 0xCD, 0x6B, 0xA9, 0x33, 0xCA, 0x9B, 0xD6, 0xB4, 0xA4, 0xAA, 0xC7, 0xE0, 0xB6, 0x66, 0x86,
    0x9E, 0x2D, 0xEC, 0xF6, 0xBD, 0xF6, 0x9D, 0xF0, 0xEB, 0x29, 0xEB, 0xB9, 0x46, 0xC2, 0xDB, 0x2D,
    0xBA, 0xFB, 0xB2, 0xA5, 0x66, 0xF6, 0xA9, 0x9C, 0xD6, 0xD6, 0xEC, 0xA3, 0x67, 0x21, 0x07, 0x67,
    0xCF, 0xEF, 0x42, 0x4A, 0x8E, 0x83, 0x2F, 0xDC, 0x16, 0x03, 0x94, 0x57, 0xAF, 0x63, 0x1E, 0xA9,
    0x40, 0x59, 0x2F, 0x1E, 0xAC, 0x62, 0x3E, 0x90, 0x34, 0xDC, 0x3F, 0x04, 0x58, 0x65, 0x56, 0xD2,
    0x5B, 0x04, 0xF4, 0x6F, 0xB3, 0x03, 0xCE, 0xE0, 0x1C, 0xA1, 0x37, 0x49, 0x83, 0x85, 0x3B, 0x62,
    0xD6, 0x11, 0x90, 0x4B, 0x3D, 0x2D, 0x9E, 0xF1, 0x42, 0x68, 0xBB, 0x81, 0x7C, 0xDC, 0xF6, 0x59,
    0xC2, 0xAE, 0x1E, 0xC3, 0x38, 0x3C, 0x88, 0xFF, 0x9D, 0x05, 0xF7, 0x5C, 0x5B, 0x41, 0x03, 0xBD,
    0xFD, 0x22, 0xCD, 0x45, 0xB4, 0x41, 0x3C, 0xD0, 0xF3, 0x78, 0xE6, 0x5C, 0xC7, 0x0E, 0x62, 0xFB,
    0x74, 0x60, 0x1F, 0x63, 0x84, 0x70, 0x5A, 0xC2, 0x05, 0x8A, 0xC0, 0x2D, 0xCD, 0xA8, 0xAA, 0xA7,
    0x4A, 0x0A, 0xE0, 0x75, 0xA8, 0x8A, 0xE8, 0x0B, 0xEE, 0xA7, 0x61, 0x78, 0x88, 0x49, 0x14, 0xC0,
    0xE1, 0x4E, 0x25, 0x64, 0x1E, 0x8E, 0xA9, 0xA5, 0x2F, 0xC2, 0xB0, 0x96, 0xC8, 0x03, 0x85, 0x16,
    0x1B, 0x84, 0x0F, 0xE6, 0xBD, 0x43, 0x98, 0x66, 0xE6, 0xE1, 0x22, 0x17, 0x7F, 0x8C, 0xE9, 0xCC,
    0x2F, 0x9B, 0xA4, 0x9F, 0x49, 0x1A, 0x64, 0x1E, 0x89, 0x32, 0x6A, 0x19, 0x41, 0xDB, 0xAF, 0xEA,
    0x7E, 0xBD, 0x6B, 0x84, 0x3D, 0x82, 0x83, 0xD4, 0xB9, 0x96, 0x38, 0xAF, 0xC7, 0xAE, 0xC1, 0x34,
    0x57, 0x8C, 0x85, 0xAA, 0xDE, 0xEE, 0x29, 0xE5, 0x74, 0xEC, 0xEC, 0x54, 0x8A, 0x4B, 0x6B, 0x7A,
    0xC2, 0x8A, 0x33, 0xA0, 0x38, 0xBF, 0xAB, 0x38, 0xF2, 0xCE, 0x20, 0x61, 0xFA, 0x05, 0x27, 0x5D,
    0x18, 0x41, 0x06, 0x60, 0x4C, 0x09, 0x12, 0x20, 0x88, 0x40, 0x3A, 0x54, 0xC5, 0xF8, 0x84, 0xAA,
    0x5A, 0xF7, 0x71, 0xB2, 0x3F, 0x46, 0x42, 0xB2, 0x58, 0x87, 0x3D, 0x97, 0x0E, 0x8B, 0x81, 0xC0,
    0x60, 0x05, 0x55, 0xF9, 0xBE, 0x7D, 0x3A, 0x86, 0x74, 0x7C, 0x15, 0xED, 0xCA, 0x48, 0x07, 0x5F,
    0x7E, 0xC9, 0x5F, 0x6A, 0x28, 0x3B, 0x23, 0x55, 0xC9, 0x55, 0x69, 0x89, 0xA1, 0xF4, 0x36, 0xF1,
    0xCE, 0x24, 0x2D, 0xB2, 0xAF, 0x76, 0x66, 0x7C, 0x3B, 0x6A, 0x33, 0x68, 0x67, 0x8E, 0x70, 0x0E,
    0x25, 0x2E, 0x39, 0xA3, 0xD8, 0x12, 0x9C, 0x56, 0x40, 0x5B, 0x54, 0x01, 0x71, 0x91, 0x37, 0x56,
    0xC5, 0xF6, 0x41, 0xF9, 0xA6, 0x13, 0x8D, 0x98, 0xF1, 0x36, 0x23, 0xDE, 0xA4, 0x27, 0x83, 0x5A,
    0xBA, 0x85, 0xB2, 0x21, 0x6A, 0xCC, 0x52, 0x2D, 0x80, 0x90, 0x99, 0x94, 0xAD, 0x48, 0x8F, 0xE8,
    0xB7, 0xC1, 0x59, 0x40, 0xCF, 0x49, 0x72, 0x98, 0x4A, 0xE8, 0xAE, 0x31, 0xA4, 0x42, 0x6B, 0xC2,
    0x11, 0x3F, 0xB6, 0xE7, 0x17, 0x52, 0xC7, 0x88, 0x32, 0x18, 0x73, 0x06, 0x7F, 0xCE, 0xAA, 0x10,
    0x72, 0xD3, 0x3E, 0x95, 0x54, 0xED, 0x23, 0xB1, 0x57, 0x7F, 0x25, 0x70, 0x39, 0x2B, 0x60, 0xC6,
    0x2A, 0x58, 0xEE, 0x20, 0xFE, 0xA7, 0xEA, 0x20, 0x65, 0x9D, 0xA0, 0x52, 0x4B, 0x91, 0xEE, 0x66,
    0x70, 0xF2, 0x96, 0xDF, 0x0B, 0xF5, 0x80, 0x04, 0xFD, 0x5D, 0x84, 0x2B, 0xB8, 0x55, 0xD5, 0xC8,
    0x3E, 0xDD, 0x48, 0x6F, 0xBA, 0xE7, 0x6E, 0x73, 0x29, 0x03, 0xB9, 0x9B, 0x88, 0xB4, 0xBE, 0x2A,
    0x68, 0xEA, 0x50, 0xF5, 0xA1, 0xC4, 0x39, 0x1C, 0xBB, 0xBB, 0xF8, 0xE3, 0xE4, 0xD1, 0xEA, 0xD7,
    0x91, 0x32, 0x61, 0xCD, 0x9F, 0x73, 0xD5, 0xDE, 0xB5, 0x8C, 0x06, 0x87, 0xBA, 0x8C, 0xA7, 0x14,
    0x9A, 0x3E, 0x94, 0x42, 0x76, 0xA3, 0xA0, 0x8A, 0x0D, 0x84, 0x3C, 0x13, 0x81, 0xDD, 0xB3, 0x63,
    0xE4, 0xD7, 0xEF, 0xDC, 0xAE, 0x8F, 0xB9, 0xE7, 0xB2, 0x9E, 0xEC, 0x1E, 0xEE, 0xDD, 0x69, 0x7E,
    0x57, 0x02, 0x19, 0x27, 0x5D, 0x9C, 0xE0, 0xC8, 0x42, 0x8B, 0xA4, 0xA7, 0x4A, 0x61, 0x78, 0x79,
    0xF0, 0xF2, 0x3E, 0x31, 0xD9, 0xE0, 0xC8, 0x61, 0xE5, 0xA1, 0x73, 0x24, 0x76, 0xF5, 0x04, 0x2B,
    0x39, 0xBB, 0x22, 0x33, 0xF7, 0xCB, 0x2D, 0x03, 0xA3, 0x5D, 0xE6, 0x56, 0x40, 0xA5, 0xD4, 0xC9,
    0x4F, 0x25, 0xAE, 0x79, 0x19, 0xA2, 0xF8, 0xB5, 0x1C, 0xEE, 0x2B, 0xE7, 0x17, 0xAC, 0x7C, 0xB4,
    0xDD, 0xA5, 0xB0, 0xE8, 0x0A, 0x00, 0xBE, 0x80, 0xB2, 0xAE, 0x59, 0xD8, 0xBD, 0xBB, 0x3B, 0xEC,
    0x42, 0x34, 0x10, 0x67, 0x9B, 0xED, 0x33, 0x40, 0x58, 0x81, 0x3E, 0xC3, 0x1F, 0x3C, 0x3D, 0xEB,
    0x52, 0x52, 0xA5, 0x7A, 0xD2, 0x63, 0x15, 0x49, 0xC1, 0xA9, 0xB8, 0x61, 0xCF, 0x87, 0x55, 0xFB,
    0xDD, 0xA0, 0xE6, 0x5C, 0xC7, 0x98, 0xF1, 0x9B, 0xF0, 0xE9, 0x0C, 0x0E, 0x92, 0x54, 0xEC, 0x79,
    0xB8, 0x75, 0x0F, 0xF5, 0xD9, 0xB7, 0xD9, 0xEE, 0x00, 0xA7, 0xB0, 0x79, 0xF0, 0x84, 0xE4, 0x9C,
    0x50, 0x40, 0xE9, 0x0B, 0x28, 0x5B, 0x6E, 0x24, 0x64, 0xBF, 0x77, 0x8B, 0xB8, 0x6C, 0x91, 0x3F,
    0x28, 0xA3, 0x1A, 0xD2, 0xD8, 0x56, 0x3F, 0x18, 0x38, 0x22, 0x16, 0x5E, 0x8A, 0xF5, 0x4B, 0x31,
    0x09, 0xF1, 0x20, 0xCF, 0x6B, 0x63, 0x64, 0xCB, 0xB6, 0x09, 0x1C, 0x8D, 0x33, 0xE7, 0x73, 0xD3,
    0xD6, 0x4F, 0x53, 0x3B, 0xCE, 0xEC, 0x30, 0x75, 0x4E, 0xF5, 0x4C, 0x09, 0xDE, 0x01, 0xDF, 0x28,
    0x1B, 0x29, 0x3E, 0x4D, 0x10, 0xBD, 0xA5, 0x5E, 0x0E, 0xB8, 0xB7, 0xF0, 0xE2, 0x83, 0x05, 0x83,
    0x2E, 0x3D, 0xA3, 0xEC, 0xB3, 0xF5, 0xB7, 0xF8, 0x73, 0xB7, 0xCF, 0x72, 0x09, 0x71, 0x3A, 0xB4,
    0x0F, 0xC1, 0x61, 0x89, 0xA3, 0x11, 0x04, 0xE7, 0x04, 0xA8, 0x44, 0x46, 0x6C, 0xE1, 0xA8, 0x67,
    0x84, 0x4C, 0xF5, 0xA5, 0xE4, 0xD9, 0xBC, 0x6C, 0xDF, 0x11, 0x2E, 0x9C, 0x03, 0xFF, 0x8D, 0xB9,
    0xB0, 0xA0, 0xBE, 0xF5, 0x4E, 0xD5, 0x19, 0x5E, 0xF9, 0x7B, 0xC4, 0xC2, 0x42, 0xF3, 0xEA, 0x27,
    0x2F, 0xFB, 0x41, 0x5D, 0x20, 0x69, 0xC8, 0xC4, 0x62, 0x69, 0x5F, 0x29, 0x62, 0xB3, 0xFC, 0x9D,
    0x2E, 0x17, 0x4C, 0xC7, 0x10, 0xE7, 0x1F, 0xDB, 0xD9, 0xFD, 0x18, 0x9F, 0x29, 0xE4, 0xBF, 0xE4,
    0x88, 0xAA, 0x9F, 0x66, 0x2C, 0x3B, 0x8C, 0xA9, 0x05, 0xA4, 0xC4, 0x72, 0xDD, 0x50, 0xA2, 0xDC,
    0x42, 0x61, 0x1B, 0xB0, 0x1C, 0x30, 0x00, 0xB1, 0xE7, 0xA9, 0xB3, 0x2B, 0x9E, 0x63, 0xD3, 0x63,
    0x97, 0xAD, 0x20, 0x24, 0x56, 0xA9, 0x95, 0x14, 0xBA, 0x61, 0xE5, 0xC8, 0x6C, 0xC9, 0x51, 0x51,
    0x94, 0x15, 0x44, 0xD0, 0x10, 0xFE, 0x3E, 0x93, 0x75, 0x0A, 0x94, 0xF4, 0x29, 0x18, 0x3B, 0xC6,
    0x84, 0xDB, 0x82, 0x9E, 0x7D, 0x80, 0xA0, 0xB3, 0x57, 0xB2, 0xBD, 0xAD, 0x30, 0xB4, 0x07, 0x88,
    0x62, 0xAB, 0xE8, 0xC0, 0x20, 0xD5, 0x66, 0x55, 0xD4, 0x7B, 0x48, 0xB0, 0xBC, 0xDF, 0xFA, 0x83,
    0x4C, 0x0C, 0x4B, 0x3F, 0x64, 0x65, 0xAD, 0xA6, 0xF5, 0x9A, 0xEF, 0x05, 0x35, 0x33, 0xDE, 0x17,
    0xD4, 0x74, 0xA4, 0xEB, 0x15, 0x8A, 0x39, 0x58, 0xA0, 0x96, 0xF3, 0xB4, 0x10, 0xC0, 0x6D, 0xA0,
    0x9A, 0x6B, 0x99, 0x30, 0x8B, 0xBC, 0x9F, 0x8C, 0x5F, 0xCF, 0x0C, 0x92, 0x71, 0xDB, 0xDD, 0x4F,
    0x46, 0xE6, 0x46, 0x9C, 0x2C, 0x71, 0x3A, 0xE9, 0x2A, 0x81, 0xB4, 0x8C, 0x70, 0xD8, 0x35, 0xA2,
    0x61, 0x7B, 0x57, 0xB4, 0xC5, 0x3E, 0x1C, 0xEF, 0xB0, 0x0E, 0xC7, 0x93, 0xD6, 0x91, 0x38, 0xB2,
    0xDE, 0xBD, 0x11, 0x58, 0xBF, 0xB8, 0x09, 0x11, 0x03, 0x26, 0xFD, 0xA4, 0x28, 0xD8, 0x54, 0x9E,
    0xE9, 0x22, 0xB7, 0x7C, 0xB9, 0x7D, 0x80, 0x5E, 0xC8, 0x5E, 0x20, 0xEA, 0x4C, 0x2D, 0xE9, 0xC0,
    0xF4, 0xC2, 0x96, 0x75, 0x09, 0x85, 0x4A, 0xD9, 0x04, 0xF5, 0x2E, 0x40, 0xE1, 0xD6, 0xAF, 0x64,
    0xAD, 0x82, 0x89, 0xD5, 0x04, 0x7D, 0x63, 0x15, 0xE7, 0x10, 0x6A, 0x3D, 0x77, 0x14, 0xEF, 0x22,
    0x4F, 0xC3, 0xC4, 0xE6, 0x51, 0xE9, 0x02, 0x09, 0xF6, 0xD4, 0xFE, 0x89, 0x3D, 0xC4, 0x9D, 0xE1,
    0xDA, 0x25, 0x05, 0x1A, 0x23, 0x91, 0x43, 0x46, 0xDE, 0xE4, 0x3C, 0x50, 0xC2, 0x1A, 0xF6, 0x9F,
    0xB9, 0xEA, 0x83, 0x82, 0x16, 0x66, 0xD0, 0x20, 0xD8, 0x38, 0xD4, 0xEC, 0xCA, 0xD9, 0x09, 0x9E,
    0x42, 0x9E, 0x69, 0xDD, 0x3A, 0x89, 0x3C, 0x53, 0x2B, 0xE9, 0x51, 0x44, 0x45, 0x0E, 0xAA, 0xAE,
    0x83, 0x15, 0x2B, 0x48, 0xB6, 0x72, 0x97, 0xC4, 0xBE, 0xB6, 0xE8, 0x3B, 0x6F, 0x7C, 0x20, 0x80,
    0x76, 0x40, 0xE3, 0x08, 0xC6, 0xB3, 0xB0, 0xBF, 0x42, 0xAD, 0xA2, 0x98, 0x5F, 0xCF, 0x31, 0x82,
    0x64, 0xAD, 0xA7, 0x5F, 0xC7, 0xC2, 0x8E, 0xA0, 0x7E, 0x8C, 0xE7, 0x41, 0xD9, 0x17, 0xAE, 0x07,
    0xF4, 0x6F, 0xEF, 0x06, 0xDA, 0x99, 0xB3, 0x81, 0x71, 0xEC, 0x58, 0x68, 0xDA, 0xBB, 0x23, 0xC7,
    0x36, 0xE3, 0x7C, 0x9F, 0xAB, 0x1A, 0xB5, 0x9C, 0xE7, 0x23, 0xD2, 0xD0, 0x5A, 0xFC, 0x71, 0x0B,
    0x2C, 0xAA, 0x02, 0x6B, 0xB9, 0x3E, 0x47, 0xDA, 0xBB, 0x90, 0xD6, 0x3E, 0x97, 0xEC, 0x6D, 0xAE,
    0xEF, 0x55, 0x5B, 0x21, 0x4B, 0x78, 0x2F, 0xB8, 0x9D, 0xD2, 0x38, 0xAB, 0x26, 0x0E, 0x63, 0x55,
    0xB2, 0x0E, 0xB2, 0xDE, 0xD7, 0x56, 0xD9, 0xFD, 0x76, 0x40, 0xF4, 0x9D, 0xE3, 0x3F, 0xC2, 0x9B,
    0x9D, 0xE3, 0xD7, 0x5B, 0x58, 0x56, 0xE7, 0x15, 0x62, 0xAC, 0x01, 0x3D, 0xF7, 0x6F, 0x73, 0x50,
    0x3E, 0x0C, 0x8E, 0x38, 0xBE, 0x15, 0x1D, 0x1C, 0x71, 0x82, 0x7A, 0xA7, 0x3D, 0xDC, 0x8A, 0x0B,
    0x46, 0x39, 0x46, 0x84, 0x66, 0x02, 0xC8, 0x7E, 0x06, 0x8E, 0x12, 0xEC, 0x80, 0xA7, 0x5C, 0x45,
    0x21, 0xEA, 0xBC, 0x76, 0xBD, 0x09, 0xE9, 0xBF, 0x89, 0x80, 0x6F, 0x6E, 0x83, 0xF4, 0xFB, 0x47,
    0x3C, 0x51, 0xA9, 0x0F, 0x23, 0x98, 0xCA, 0xF6, 0x97, 0xCB, 0x25, 0x90, 0x2D, 0x2C, 0x50, 0x1F,
    0x6C, 0x01, 0xCB, 0x11, 0x6A, 0x5B, 0xED, 0x63, 0xC8, 0xBC, 0x8F, 0x03, 0x8C, 0xD7, 0x01, 0x5B,
    0x69, 0xA3, 0x81, 0x3C, 0x36, 0x3B, 0x88, 0x2F, 0xD3, 0x61, 0xB2, 0x4E, 0x25, 0x23, 0xC8, 0x22,
    0xA0, 0xCD, 0x8E, 0xDD, 0x76, 0x14, 0x98, 0xB8, 0x00, 0x01, 0xC7, 0x3F, 0x80, 0xEF, 0x42, 0x32,
    0x3E, 0x12, 0xB4, 0x11, 0xEF, 0xB6, 0x17, 0x63, 0xED, 0xC6, 0x42, 0x6C, 0x5C, 0x8E, 0x13, 0x60,
    0x5F, 0xEA, 0xD9, 0x59, 0x0D, 0xCC, 0x73, 0xE3, 0x05, 0xDC, 0xD7, 0x65, 0x57, 0x00, 0x56, 0xB0,
    0x85, 0xF9, 0x77, 0xC4, 0x24, 0x0B, 0x80, 0xDF, 0xE6, 0x2A, 0xE9, 0x82, 0x60, 0x11, 0x9C, 0x00,
    0x3E, 0x41, 0x06, 0x9D, 0xDB, 0x11, 0x0B, 0xE1, 0xC6, 0x0D, 0x59, 0xB6, 0x9E, 0x8B, 0x19, 0x97,
    0xA0, 0x48, 0xFC, 0x2F, 0x42, 0x14, 0x44, 0x68, 0x8F, 0x90, 0x48, 0x37, 0xA8, 0xDE, 0x49, 0xBD,
    0xD4, 0x2B, 0x75, 0xEE, 0xA1, 0x30, 0x40, 0xF9, 0xF7, 0xB6, 0x15, 0xD8, 0x87, 0x81, 0x84, 0xE6,
    0x45, 0x88, 0xE2, 0x44, 0x47, 0x38, 0xAF, 0x2D, 0xDE, 0x0C, 0xDD, 0x5D, 0x1F, 0x7F, 0x8C, 0xB8,
    0x70, 0x1E, 0x01, 0xD2, 0x3E, 0x7A, 0x29, 0xA9, 0xD4, 0x9C, 0xB4, 0x49, 0x9B, 0x9F, 0x27, 0xEA,
    0xFF, 0xA1, 0xEA, 0x40, 0x74, 0x9A, 0xCA, 0xC6, 0x43, 0x38, 0x8F, 0x60, 0x07, 0x82, 0x5E, 0xBE,
    0x09, 0x31, 0xCC, 0x94, 0xBD, 0xB2, 0x46, 0x31, 0xB8, 0x5B, 0x08, 0x71, 0x83, 0xD7, 0x11, 0xEE,
    0x10, 0xA3, 0x5A, 0xAA, 0x40, 0x19, 0x6B, 0xA6, 0x0A, 0xFB, 0x13, 0xEB, 0xE8, 0x72, 0x82, 0xF2,
    0xDC, 0x00, 0xB0, 0x1F, 0x89, 0xAD, 0xD1, 0x18, 0x59, 0x9E, 0x8E, 0xBA, 0x78, 0x9F, 0xCF, 0x19,
    0x87, 0xC9, 0x6D, 0xF9, 0x8D, 0x6D, 0xFA, 0x0B, 0xA2, 0xD9, 0xD5, 0xF4, 0xC3, 0x96, 0xBF, 0xE1,
    0xCB, 0x0C, 0x28, 0xE3, 0x7D, 0xE3, 0x7D, 0x63, 0xAD, 0x57, 0x3A, 0x6E, 0xE8, 0x2E, 0x4D, 0xD4,
    0xAA, 0x54, 0x61, 0x2E, 0x61, 0xC6, 0x19, 0x26, 0x00, 0xA8, 0xBB, 0xE7, 0x4C, 0x48, 0xAB, 0xF3,
    0x45, 0xC6, 0x20, 0x7E, 0x4F, 0x3A, 0x3A, 0xF3, 0x6F, 0xF4, 0xCC, 0x1F, 0xBF, 0x68, 0x90, 0xA8,
    0x0E, 0x1D, 0x19, 0x01, 0xD5, 0x77, 0xFD, 0x94, 0x26, 0x8E, 0xBE, 0xE9, 0x3B, 0xC7, 0x76, 0x05,
    0xEE, 0x9E, 0xD1, 0xC0, 0xB5, 0x01, 0x2E, 0x8E, 0x2E, 0x3C, 0xD7, 0x20, 0x6F, 0x5B, 0x3F, 0xB9,
    0x9D, 0x93, 0x9C, 0x63, 0xF4, 0xD8, 0x4B, 0x8B, 0x31, 0xAD, 0x0E, 0x38, 0x68, 0xAE, 0xC3, 0x32,
    0xF7, 0x39, 0xB4, 0xB8, 0x82, 0x3B, 0x19, 0x56, 0x58, 0x6F, 0xDB, 0xE1, 0xDC, 0xBE, 0x3C, 0x68,
    0x6B, 0x6F, 0x82, 0x30, 0x57, 0x34, 0x41, 0x42, 0x0D, 0x2F, 0xBB, 0xCC, 0x6C, 0x37, 0x41, 0x81,
    0x3F, 0x85, 0xE6, 0xB9, 0x04, 0x90, 0xE7, 0x8A, 0xCC, 0x5B, 0x4C, 0x3D, 0x07, 0x75, 0x17, 0xC7,
    0x56, 0x77, 0x5F, 0x51, 0x53, 0x0D, 0xEC, 0xA5, 0x31, 0x2F, 0x35, 0x52, 0xAC, 0xFD, 0x27, 0x28,
    0x4C, 0xB0, 0xF2, 0x10, 0xC6, 0x24, 0x30, 0x26, 0x24, 0xF3, 0x32, 0x80, 0xEC, 0x67, 0x82, 0x8C,
    0x9B, 0x60, 0x03, 0x4E, 0xC5, 0x2E, 0xC3, 0xCE, 0xA6, 0xC5, 0x05, 0xB6, 0x09, 0x64, 0x58, 0xE2,
    0x2F, 0x85, 0xED, 0x03, 0xF3, 0x4F, 0xC1, 0x96, 0xE7, 0x51, 0x25, 0x9E, 0x81, 0x6A, 0xFE, 0x03,
    0xE3, 0x97, 0x78, 0xBE, 0x68, 0xF4, 0xC8, 0x9F, 0xDF, 0x83, 0xAC, 0x16, 0xF0, 0x87, 0xE1, 0x03,
    0x44, 0x4F, 0x3F, 0xFB, 0xC8, 0xFB, 0x6A, 0x5F, 0xC4, 0x9F, 0x2F, 0x40, 0xAE, 0x1F, 0x43, 0x5E,
    0x2F, 0xBE, 0xFA, 0xF0, 0x74, 0x7C, 0x76, 0x8A, 0x67, 0xAE, 0xAC, 0x25, 0x8E, 0x32, 0x50, 0x32,
    0x92, 0xA1, 0xB2, 0xDE, 0x17, 0x34, 0x50, 0x59, 0x1F, 0x0B, 0x0F, 0xD6, 0xC8, 0x3D, 0x12, 0x6D,
    0x81, 0xEB, 0xEE, 0x8A, 0x76, 0xB4, 0x39, 0xC8, 0x0D, 0x65, 0x8C, 0x9F, 0xD3, 0x4D, 0x6A, 0x6A,
    0x0B, 0x01, 0x80, 0x92, 0x6E, 0x0A, 0xAE, 0xAC, 0x73, 0xE2, 0xB4, 0x4D, 0x81, 0x90, 0x6C, 0xDE,
    0x68, 0xD2, 0x00, 0x2C, 0x96, 0xFE, 0x9A, 0xA6, 0xEC, 0xE2, 0x8F, 0xF5, 0x52, 0xB0, 0xF9, 0x14,
    0xBE, 0x7E, 0x3E, 0xCE, 0x2C, 0xA4, 0xA6, 0x49, 0xC3, 0xF0, 0x5D, 0x2D, 0x69, 0x98, 0x58, 0x37,
    0xA9, 0x5A, 0xC4, 0x4A, 0x59, 0x8B, 0x50, 0x1A, 0x7B, 0x9B, 0xD9, 0xDC, 0xDC, 0x49, 0x72, 0xF7,
    0xF9, 0x0E, 0xD2, 0x1F, 0x76, 0x6E, 0x59, 0xB9, 0x50, 0xF7, 0x28, 0x84, 0x98, 0x13, 0x7D, 0xC6,
    0x57, 0xC5, 0x2E, 0xC9, 0xA3, 0x37, 0xF6, 0x06, 0x6A, 0xE5, 0xC2, 0xB8, 0x74, 0x2C, 0xE4, 0x66,
    0x23, 0x23, 0x16, 0x63, 0x57, 0x4D, 0xF6, 0x03, 0xB8, 0x33, 0x60, 0xCA, 0x12, 0xA9, 0x89, 0x64,
    0x09, 0x69, 0x30, 0xB9, 0xCD, 0x0C, 0x56, 0x02, 0x09, 0x1E, 0xEC, 0xE1, 0x35, 0xB6, 0xC8, 0x63,
    0xF3, 0x7D, 0xC4, 0xC7, 0x86, 0x4B, 0x28, 0x60, 0x9B, 0x15, 0xCA, 0xF8, 0xA3, 0xC7, 0xEE, 0xD7,
    0x65, 0x7E, 0x5A, 0x48, 0x50, 0xB2, 0xE7, 0xB1, 0xF1, 0xFC, 0xFD, 0x3F, 0x97, 0x0D, 0x1C, 0xD9,
    0xB9, 0x79, 0x8A, 0xA5, 0x2B, 0x36, 0x08, 0xED, 0x76, 0x3C, 0x97, 0x98, 0xE1, 0x8D, 0xF8, 0x20,
    0x14, 0x12, 0x55, 0xD8, 0x3F, 0x3C, 0x59, 0x48, 0x70, 0x0B, 0xC5, 0x63, 0xB9, 0xD4, 0x64, 0xDF,
    0x4A, 0x36, 0xAD, 0x9A, 0xF4, 0x82, 0x8E, 0xA0, 0x14, 0x9B, 0xB1, 0xF7, 0x7A, 0x7B, 0x02, 0x46,
    0x69, 0x2F, 0x29, 0x31, 0xF1, 0x33, 0xC7, 0xED, 0xBD, 0xEB, 0xE0, 0x4E, 0x7F, 0x9A, 0xBD, 0x61,
    0x2B, 0xFF, 0xDD, 0x33, 0x45, 0x0D, 0x8C, 0x84, 0x60, 0x1D, 0x04, 0x7B, 0x04, 0x7A, 0x98, 0x3F,
    0x7B, 0x34, 0x70, 0x76, 0xED, 0x36, 0xB9, 0x4D, 0x6C, 0x22, 0x5A, 0xC3, 0xCF, 0xE5, 0x34, 0xC2,
    0xFA, 0xAD, 0x10, 0x54, 0xEC, 0xEE, 0x5E, 0x98, 0x83, 0x3C, 0xBD, 0x32, 0x89, 0xD6, 0x8F, 0x63,
    0x3D, 0xE3, 0xAB, 0xD3, 0x45, 0x1B, 0xF1, 0x89, 0x05, 0x7C, 0xFA, 0xFC, 0x35, 0x10, 0xB7, 0xF3,
    0xA1, 0x82, 0x3F, 0xAD, 0x46, 0x6E, 0x3B, 0xD7, 0x92, 0xCD, 0x22, 0x3B, 0xD8, 0xD6, 0xAD, 0x3F,
    0xCB, 0x9E, 0x53, 0xBB, 0x18, 0xCD, 0x22, 0x48, 0xBA, 0x1F, 0x82, 0xCB, 0x9C, 0x96, 0x35, 0xA5,
    0x56, 0x77, 0x84, 0x6A, 0x86, 0xF2, 0xBE, 0xA1, 0x39, 0x1F, 0xDB, 0x87, 0x22, 0x57, 0x2E, 0x53,
    0x91, 0x1F, 0xFC, 0xE2, 0x7E, 0x9F, 0xAC, 0x6C, 0x49, 0xA2, 0x19, 0x93, 0x36, 0xA5, 0x4E, 0x6E,
    0x03, 0xED, 0x67, 0x3E, 0xAF, 0x6C, 0x87, 0xB4, 0xE5, 0xED, 0xCD, 0xFB, 0x91, 0x5C, 0xC9, 0x34,
    0xF4, 0x5F, 0xC8, 0xD2, 0xF8, 0xE8, 0x4D, 0x9E, 0xC0, 0xBD, 0x34, 0xF7, 0xC3, 0xBD, 0x2C, 0xF4,
    0xD5, 0x6D, 0xEF, 0xFA, 0x8B, 0xDA, 0xFA, 0x1D, 0xDB, 0x57, 0xAD, 0xDB, 0x31, 0x04, 0x75, 0xD3,
    0x77, 0x3A, 0x34, 0xBD, 0xA1, 0xA8, 0x47, 0x55, 0xFE, 0x88, 0x70, 0xFE, 0x62, 0xA9, 0x40, 0xEE,
    0x2E, 0x78, 0xC2, 0xFC, 0x2A, 0xCC, 0x25, 0xA0, 0x15, 0x7E, 0xB8, 0x8C, 0x33, 0xB2, 0x57, 0x41,
    0xCC, 0xEA, 0xA7, 0xEF, 0xF1, 0xF5, 0x18, 0x6B, 0x9A, 0x41, 0xC0, 0xF3, 0xF9, 0xFB, 0xA9, 0xEE,
    0x3A, 0x32, 0x4D, 0xA1, 0xE7, 0x26, 0xEF, 0x7A, 0x43, 0x3E, 0xA1, 0xCB, 0xD9, 0x60, 0xFB, 0x9C,
    0x36, 0x7C, 0x64, 0x75, 0xFB, 0x65, 0x1F, 0x7B, 0x58, 0x9E, 0x57, 0x3F, 0xAB, 0x2C, 0xE8, 0x2E,
    0x4A, 0x7C, 0x0E, 0xC4, 0x88, 0x10, 0xA4, 0x37, 0xEE, 0x4D, 0x2B, 0xDE, 0xDA, 0xC4, 0xB9, 0x25,
    0xCB, 0x7D, 0x0B, 0x50, 0x5E, 0x0F, 0xFA, 0xE5, 0x5E, 0x7D, 0xE5, 0x5E, 0x64, 0x2C, 0x25, 0x1D,
    0xC5, 0xAF, 0x1E, 0x6D, 0x86, 0x70, 0x16, 0x19, 0x1B, 0x9E, 0xE3, 0xA4, 0xEB, 0xF7, 0x90, 0x76,
    0xE5, 0xE7, 0xCA, 0xE3, 0x97, 0x2A, 0x6B, 0xB6, 0xC9, 0xDC, 0x65, 0xFD, 0x3C, 0xBD, 0xCC, 0x3D,
    0xE3, 0x4B, 0xD0, 0xCE, 0x4D, 0x3E, 0x7E, 0xE9, 0xC8, 0x43, 0xED, 0xB2, 0x71, 0x8C, 0x44, 0x8B,
    0xFB, 0x79, 0xB2, 0xDF, 0x44, 0x6B, 0x79, 0xDA, 0xC2, 0xD3, 0xFE, 0x02, 0x15, 0xC4, 0x2A, 0x23,
    0xDC, 0xAC, 0x63, 0xA3, 0x3F, 0x95, 0xC8, 0x7F, 0x28, 0x45, 0xE6, 0xD7, 0xAD, 0xA6, 0x6A, 0x16,
    0x12, 0xE0, 0xB0, 0xE1, 0x06, 0xAD, 0x37, 0x7E, 0x5E, 0xDF, 0x9D, 0x49, 0x16, 0x26, 0x39, 0x52,
    0x41, 0x4C, 0xE5, 0x61, 0xA3, 0xC7, 0x41, 0x0C, 0xE6, 0x38, 0xB7, 0xA4, 0xD7, 0xB9, 0x3C, 0xFF,
    0x14, 0xC5, 0x58, 0x9A, 0x7F, 0xAA, 0x6A, 0xC5, 0x5D, 0x24, 0xE7, 0xFD, 0xB2, 0xBE, 0xCD, 0x7D,
    0x6E, 0xEA, 0xE8, 0xBC, 0xBB, 0x73, 0xB4, 0x77, 0xFA, 0x0E, 0x67, 0x45, 0x99, 0x5D, 0xC3, 0x13,
    0xDC, 0x69, 0x6C, 0x82, 0x19, 0x24, 0x0B, 0xD4, 0x46, 0x6E, 0x97, 0xE6, 0x42, 0xCF, 0xF9, 0x44,
    0x7C, 0x3B, 0xC6, 0x3A, 0x89, 0xD6, 0xDD, 0x23, 0x09, 0xD8, 0xD4, 0xAF, 0x33, 0xE3, 0x57, 0x35,
    0x23, 0xF1, 0x64, 0x59, 0xE9, 0xC1, 0xB7, 0x39, 0x95, 0xFF, 0x49, 0xEA, 0x9C, 0x8D, 0xDD, 0xDC,
    0x77, 0x29, 0x50, 0x56, 0x5E, 0xF7, 0xE9, 0x1B, 0x7E, 0xA1, 0x7E, 0x98, 0xF4, 0xF8, 0x57, 0x7C,
    0x4D, 0x9E, 0x69, 0xAA, 0x44, 0x62, 0x69, 0xA3, 0xFC, 0xCE, 0xB3, 0xC9, 0xEE, 0x7E, 0x59, 0x61,
    0x6F, 0x11, 0x34, 0xEB, 0x21, 0x7B, 0x90, 0x2D, 0x8A, 0xA2, 0x62, 0x17, 0xBD, 0x73, 0xFC, 0x8A,
    0xBA, 0x6D, 0xA1, 0xA9, 0xA3, 0xCF, 0x10, 0x05, 0x50, 0x80, 0xD8, 0x2B, 0x63, 0x41, 0x5F, 0x5B,
    0xD0, 0x9A, 0x8E, 0x7F, 0xEF, 0xE5, 0x15, 0x3B, 0x5E, 0x0E, 0x80, 0x89, 0xAC, 0x00, 0x50, 0x4D,
    0x13, 0x57, 0x68, 0xE2, 0xFB, 0x0F, 0xB4, 0xB0, 0xEA, 0x3A, 0xB3, 0x26, 0x18, 0xDD, 0xD5, 0xB9,
    0x3B, 0x46, 0xC8, 0x87, 0x3E, 0x75, 0x6E, 0x43, 0x90, 0xEB, 0x1B, 0x02, 0x9A, 0xF1, 0x9B, 0x64,
    0x5E, 0x43, 0x45, 0x71, 0x5C, 0x2C, 0xDD, 0x6C, 0x8A, 0xB9, 0xB8, 0x4A, 0xCE, 0x0C, 0xD2, 0x30,
    0x59, 0xFA, 0xB0, 0x55, 0xB0, 0xE6, 0x9E, 0xB5, 0x82, 0x61, 0xDB, 0xF7, 0xE6, 0x64, 0xB0, 0x5A,
    0xAF, 0x8D, 0x83, 0xFD, 0x8E, 0xD9, 0xD9, 0x95, 0xD2, 0x19, 0x4A, 0xFA, 0x87, 0xC8, 0xD8, 0x19,
    0xC3, 0x7C, 0x75, 0x20, 0x17, 0x16, 0x9B, 0x8F, 0xD9, 0xE3, 0xDE, 0xF9, 0x88, 0x2F, 0xB0, 0xC8,
    0x06, 0xBE, 0x73, 0x94, 0xCF, 0x3F, 0x3D, 0x8B, 0xE7, 0xB6, 0x7D, 0x28, 0x85, 0xBB, 0xDB, 0x22,
    0x23, 0xBE, 0x22, 0x32, 0xC7, 0xBD, 0xC1, 0x58, 0x75, 0x68, 0x2C, 0x9F, 0x7A, 0xEE, 0x21, 0x96,
    0x3A, 0x89, 0xD5, 0x36, 0x83, 0x7A, 0xB8, 0xA9, 0x6E, 0x9E, 0xBE, 0x14, 0x23, 0xF8, 0x1E, 0x0D,
    0x50, 0x28, 0x7C, 0x77, 0x8F, 0x2F, 0xC8, 0xBE, 0x3E, 0x83, 0x07, 0x9D, 0x19, 0x14, 0xFE, 0xEB,
    0x5C, 0x17, 0x48, 0x16, 0x8F, 0x20, 0x05, 0xA7, 0xE4, 0xED, 0x11, 0xFB, 0x82, 0xA8, 0x87, 0xC3,
    0x12, 0xFF, 0xF8, 0xD0, 0xB8, 0x1B, 0x1E, 0xB5, 0xAD, 0xAA, 0x4D, 0x5B, 0xBA, 0xE9, 0x06, 0x61,
    0x2C, 0xA2, 0xA6, 0x69, 0x58, 0x7E, 0x55, 0xE3, 0xE2, 0x2E, 0xD5, 0x4E, 0x84, 0x1A, 0xE2, 0xA6,
    0xC1, 0x8D, 0xE1, 0x49, 0x2D, 0x49, 0x50, 0xF9, 0x5A, 0x91, 0xAB, 0x22, 0xDB, 0x7E, 0x0E, 0xE1,
    0x66, 0x54, 0xBC, 0x8B, 0x0C, 0xCA, 0x31, 0xC3, 0x7E, 0x6E, 0x40, 0x04, 0x66, 0x9B, 0xB4, 0x3A,
    0xAD, 0xB3, 0xFD, 0x98, 0xD3, 0x28, 0x3E, 0xB1, 0x62, 0x60, 0x89, 0xD8, 0xE3, 0x54, 0x41, 0xCF,
    0xB9, 0x35, 0x8A, 0xA8, 0x1C, 0x0A, 0xFB, 0x31, 0x55, 0x41, 0x50, 0x13, 0x01, 0x2A, 0x83, 0x7B,
    0xB5, 0xA7, 0xD5, 0x51, 0x68, 0x92, 0x15, 0x61, 0x58, 0x95, 0x6F, 0xBD, 0x4B, 0x0E, 0x32, 0x91,
    0x8A, 0x55, 0xBE, 0x28, 0x3B, 0x51, 0x5C, 0xA4, 0x9E, 0xFE, 0x1F, 0xFB, 0xEC, 0x2A, 0xFB, 0xEF,
    0xF8, 0xB8, 0xC9, 0x6D, 0x91, 0xE7, 0x08, 0x18, 0x3B, 0x3B, 0x2F, 0x03, 0xE9, 0x10, 0xFB, 0xEC,
    0x67, 0x62, 0x72, 0x65, 0x95, 0x3A, 0x3E, 0xD6, 0xC7, 0xD5, 0x1B, 0xCC, 0xBE, 0x42, 0x48, 0x97,
    0xAA, 0x2C, 0xDF, 0xE6, 0x19, 0xB6, 0xF4, 0x9F, 0xB0, 0xE3, 0x72, 0xA4, 0xCB, 0xD9, 0xD8, 0x6F,
    0xC2, 0x03, 0xF4, 0x9B, 0xEC, 0xDC, 0x9F, 0xC0, 0xD0, 0xB8, 0x66, 0x03, 0xA7, 0x80, 0x7A, 0x2F,
    0x33, 0x92, 0xA2, 0x36, 0x76, 0x85, 0x1D, 0xBC, 0x23, 0xEC, 0x0F, 0x4F, 0x91, 0xFD, 0xEF, 0x90,
    0x7A, 0x9B, 0xBB, 0xDA, 0xA8, 0xA3, 0x27, 0x02, 0xE4, 0xBC, 0xA1, 0x3C, 0x26, 0x68, 0x6A, 0x59,
    0x79, 0x38, 0x01, 0x6E, 0xA7, 0x24, 0xB7, 0x46, 0x8E, 0xDD, 0x1A, 0x77, 0x70, 0x1B, 0x2F, 0xE1,
    0x76, 0xC9, 0xC1, 0x6F, 0x5F, 0xD9, 0xF7, 0x71, 0x3B, 0xF2, 0x86, 0x4C, 0xF0, 0xE9, 0x9C, 0xD2,
    0x00, 0xA4, 0x0A, 0xE3, 0x0D, 0x5B, 0x34, 0xE4, 0x41, 0xAE, 0x93, 0x35, 0xD6, 0x74, 0x93, 0x41,
    0x2F, 0xDB, 0xCC, 0xCE, 0xC0, 0xC5, 0x12, 0x63, 0x95, 0x96, 0xC8, 0xEC, 0x70, 0x4E, 0x16, 0xA6,
    0x45, 0x75, 0x6A, 0x31, 0x8B, 0xF5, 0xB2, 0xF1, 0xEE, 0x75, 0xCC, 0x78, 0xA8, 0xD6, 0x3F, 0x3B,
    0xD9, 0x84, 0xF8, 0x1A, 0xA1, 0xEC, 0x66, 0x52, 0x9E, 0xC8, 0x37, 0xF5, 0xAE, 0x5E, 0x9C, 0x42,
    0x97, 0x77, 0xA2, 0xF3, 0xB2, 0x43, 0xE0, 0xCE, 0xF1, 0xB4, 0x3C, 0xFF, 0x95, 0x6D, 0x9A, 0x65,
    0x87, 0xC0, 0x25, 0x3A, 0x4B, 0x39, 0xC9, 0xE8, 0xB1, 0x83, 0xA7, 0x21, 0x9E, 0xB6, 0x17, 0xE5,
    0x11, 0xF7, 0xE0, 0x6A, 0xCC, 0xBC, 0xEA, 0xC9, 0x5C, 0xE5, 0x22, 0x11, 0xDC, 0xEF, 0x4C, 0x38,
    0x11, 0xC4, 0xB8, 0x05, 0x55, 0x72, 0xDF, 0xCE, 0x54, 0x57, 0x42, 0xB4, 0x6D, 0x2A, 0xFB, 0xE5,
    0x3C, 0x07, 0x94, 0x71, 0x01, 0x77, 0x4E, 0xD5, 0x6F, 0xB5, 0x7E, 0x49, 0x5C, 0x7F, 0x41, 0x9D,
    0x22, 0x4F, 0xD2, 0xA7, 0x08, 0x54, 0x14, 0x2A, 0xEA, 0xBA, 0xB3, 0x3A, 0xE9, 0x55, 0x40, 0xA7,
    0xC8, 0x94, 0x25, 0x5B, 0x07, 0x34, 0xAD, 0x05, 0x4D, 0xCF, 0xAC, 0x4C, 0x53, 0xA7, 0x77, 0x36,
    0x2D, 0x2F, 0x11, 0xF9, 0xA4, 0xCE, 0xC7, 0x41, 0x83, 0xBA, 0xC3, 0xA0, 0x68, 0x60, 0xC5, 0x65,
    0xDA, 0x2D, 0xC1, 0xC7, 0x9E, 0xF2, 0xB0, 0x4E, 0xC9, 0x16, 0xD2, 0xF5, 0x79, 0x77, 0x06, 0x2C,
    0x0B, 0xA8, 0xC7, 0x27, 0xE5, 0x28, 0xA1, 0x41, 0x83, 0x3C, 0x82, 0x95, 0x2D, 0x66, 0x53, 0x66,
    0x36, 0xB6, 0x5C, 0xC8, 0xBE, 0xC6, 0x0E, 0xA1, 0x1D, 0x2F, 0x28, 0xCC, 0x19, 0x88, 0x9B, 0x64,
    0x05, 0xAA, 0xCB, 0x6F, 0xFB, 0x9D, 0x69, 0x67, 0xE7, 0x62, 0x9B, 0xCB, 0x34, 0xAF, 0xEC, 0x62,
    0x19, 0x91, 0x4A, 0x98, 0x34, 0xBF, 0x41, 0xC6, 0x29, 0x44, 0x92, 0xDB, 0x50, 0xF4, 0x78, 0x51,
    0x3E, 0xC9, 0x2E, 0x2E, 0xDE, 0xAD, 0xFB, 0xEE, 0xE8, 0xCD, 0xC8, 0x43, 0x2D, 0x5B, 0x43, 0x21,
    0xDB, 0x74, 0x8E, 0xC4, 0x6D, 0x8C, 0xCC, 0x79, 0x25, 0x6C, 0x3A, 0x7B, 0x82, 0x9A, 0x3D, 0x43,
    0xEE, 0x2B, 0x9C, 0x18, 0xDF, 0x02, 0x55, 0xDF, 0x28, 0x52, 0xA9, 0x40, 0x5E, 0xD5, 0xB3, 0x47,
    0x21, 0x11, 0x7B, 0x82, 0x2A, 0xAE, 0x43, 0x23, 0x48, 0x69, 0x47, 0x2A, 0x15, 0xAA, 0x54, 0x0E,
    0x22, 0x4D, 0x4F, 0xF0, 0x3C, 0xD7, 0x82, 0x7F, 0xF0, 0x90, 0x59, 0xDC, 0x0B, 0xE4, 0x7E, 0x50,
    0x94, 0x6A, 0x6F, 0x17, 0xA6, 0x72, 0x60, 0x49, 0x99, 0xB2, 0x62, 0x16, 0x27, 0xDC, 0xD7, 0x65,
    0x27, 0x55, 0x02, 0x10, 0xC5, 0x45, 0x0E, 0x54, 0x9E, 0xBD, 0xEF, 0xF7, 0x0C, 0x31, 0x8B, 0xD1,
    0x3D, 0x7B, 0x6F, 0xDC, 0x3B, 0xE8, 0xC9, 0xB3, 0x77, 0x56, 0xEA, 0x48, 0x91, 0x44, 0x0C, 0x62,
    0x6C, 0x2E, 0xBA, 0x6C, 0xDE, 0x85, 0xB4, 0x25, 0xAC, 0x5F, 0x74, 0x66, 0x7C, 0x2B, 0xEE, 0x14,
    0x27, 0x18, 0xF6, 0x29, 0x60, 0x9F, 0xC3, 0x3D, 0x46, 0x0E, 0x1F, 0x5C, 0x14, 0x71, 0x75, 0x1C,
    0x7B, 0xAF, 0x56, 0xCC, 0xC8, 0x8D, 0x8A, 0x9A, 0x57, 0x16, 0xBD, 0xF4, 0xE5, 0x6E, 0x3B, 0x9D,
    0xCB, 0xCB, 0x81, 0x31, 0xEF, 0x8A, 0x3A, 0xDB, 0xB7, 0xE4, 0xD9, 0x3E, 0x22, 0x4A, 0x3C, 0x4D,
    0xC6, 0x8D, 0x00, 0xB8, 0xC4, 0xDD, 0x86, 0xE5, 0xF4, 0xF1, 0x51, 0x80, 0xA7, 0x90, 0xBD, 0xB5,
    0x33, 0x76, 0x76, 0xA2, 0x74, 0xDD, 0x6F, 0x07, 0x93, 0x76, 0x10, 0x59, 0xA7, 0x02, 0x73, 0x5E,
    0x98, 0xFF, 0xCB, 0xFE, 0xA0, 0x32, 0x8E, 0xA2, 0x3D, 0x7C, 0x85, 0xE5, 0xFE, 0x20, 0xFB, 0x6C,
    0x40, 0x2A, 0xF3, 0x59, 0x0E, 0xA2, 0x0F, 0xB3, 0x4F, 0x3D, 0x5F, 0xB6, 0x0F, 0x8D, 0x8B, 0x71,
    0x2D, 0xFF, 0x9B, 0x0E, 0x14, 0x01, 0x24, 0x3B, 0xDC, 0xBB, 0x24, 0xC0, 0x02, 0xE5, 0x22, 0xCC,
    0x66, 0x94, 0xE6, 0xD3, 0xB3, 0x39, 0x84, 0xBB, 0x3A, 0xEC, 0xD9, 0xF3, 0x5B, 0x7C, 0xB1, 0x84,
    0x0C, 0xBE, 0xF0, 0x19, 0xF4, 0x06, 0x3F, 0x8E, 0x78, 0x96, 0x42, 0xF1, 0x0D, 0x76, 0xC8, 0xA0,
    0x77, 0xDA, 0x32, 0x13, 0x90, 0x7E, 0x16, 0x9B, 0x62, 0x4D, 0x75, 0xDA, 0xB2, 0x45, 0x19, 0x48,
    0x1F, 0xB7, 0x65, 0x23, 0xD9, 0x4D, 0x1E, 0x18, 0xDF, 0x3B, 0xBE, 0xD7, 0xCB, 0xDB, 0xAD, 0x2B,
    0xFB, 0x9B, 0x83, 0x8E, 0x3F, 0x9B, 0x0D, 0xBA, 0x9C, 0x24, 0x78, 0x24, 0x27, 0x70, 0xE8, 0xB1,
    0xAA, 0xB9, 0xFC, 0x53, 0x47, 0xE0, 0x19, 0x63, 0x6E, 0xC6, 0xAC, 0xA4, 0x48, 0xF2, 0x75, 0x3E,
    0x2F, 0xCF, 0x25, 0xFB, 0xB2, 0x6A, 0xE9, 0xEF, 0xE6, 0x93, 0xCF, 0x14, 0x1E, 0x77, 0x3E, 0xFE,
    0xF3, 0x85, 0xF3, 0xD1, 0xBF, 0xC6, 0x67, 0x42, 0x78, 0xAC, 0x4C, 0x35, 0xD8, 0x7B, 0x91, 0x7B,
    0xF9, 0x56, 0x38, 0x23, 0xAC, 0xDB, 0xFB, 0xBE, 0x6F, 0xB4, 0x99, 0x55, 0x89, 0x6E, 0x80, 0xE2,
    0xCF, 0xC4, 0x2A, 0x8B, 0xD7, 0xA0, 0x89, 0xF1, 0x31, 0x2F, 0x69, 0x45, 0xE5, 0x65, 0x05, 0xBE,
    0xDF, 0xE2, 0x0A, 0x14, 0x9D, 0xA2, 0x4A, 0xEE, 0x7F, 0xB5, 0xC9, 0xEE, 0xDC, 0x69, 0x8E, 0x09,
    0x77, 0xB1, 0xD4, 0x81, 0x14, 0xA7, 0xD6, 0x92, 0x86, 0x41, 0x75, 0x66, 0xC4, 0xFD, 0x5A, 0x87,
    0xFB, 0xB5, 0x9C, 0xCA, 0x3A, 0x79, 0xBC, 0xFA, 0xF7, 0x65, 0x08, 0x31, 0x16, 0x48, 0xCF, 0xE5,
    0x75, 0xB9, 0xB5, 0x5C, 0xC2, 0x5A, 0x58, 0x49, 0xDC, 0xF3, 0xB2, 0xC4, 0x5F, 0xA1, 0xA0, 0xFF,
    0x6B, 0x78, 0xE3, 0xAF, 0x8A, 0xCB, 0x12, 0x9B, 0x9B, 0x4A, 0x3B, 0xDB, 0x7B, 0x97, 0x25, 0x96,
    0x9D, 0x4D, 0xFD, 0x71, 0xEC, 0x7E, 0x4B, 0x9E, 0x4D, 0xFD, 0x43, 0x48, 0x6F, 0xF4, 0xCE, 0xA6,
    0x54, 0xEA, 0x1A, 0xAA, 0xE2, 0xAB, 0x9B, 0x4A, 0x7E, 0x03, 0x51, 0x24, 0x0F, 0xB5, 0xCC, 0x8C,
    0x19, 0xE7, 0xF4, 0xB8, 0xBC, 0x21, 0x6B, 0x71, 0x4A, 0x16, 0x02, 0xDD, 0x92, 0x6E, 0xCC, 0x63,
    0x6B, 0x45, 0x80, 0xB8, 0x98, 0x00, 0x5D, 0xED, 0x28, 0x83, 0x33, 0xF1, 0x89, 0xA0, 0x5E, 0xE4,
    0x61, 0x35, 0xE3, 0x93, 0x66, 0x71, 0xEE, 0x89, 0x72, 0x4A, 0x5B, 0x4C, 0x01, 0x75, 0x0D, 0x68,
    0xA6, 0xBA, 0xB9, 0x46, 0x8D, 0x1D, 0x99, 0x96, 0x56, 0xDA, 0x13, 0xE1, 0xC6, 0xFC, 0x2D, 0x25,
    0x32, 0x46, 0x78, 0x99, 0x0E, 0xD2, 0xAB, 0x54, 0x7F, 0x2D, 0xA4, 0xA5, 0xA7, 0xFB, 0x7C, 0x7A,
    0x81, 0x2C, 0x69, 0x47, 0xC3, 0x11, 0xFB, 0x53, 0x78, 0xE9, 0x2D, 0xA8, 0x1C, 0x56, 0xCF, 0x1E,
    0xAF, 0x27, 0x28, 0x45, 0xDA, 0x7F, 0x06, 0x1E, 0x4A, 0x88, 0x79, 0x84, 0xBD, 0xF8, 0x86, 0x02,
    0xEB, 0x4B, 0x2B, 0x8C, 0x59, 0xF7, 0x1F, 0x6E, 0x5F, 0xBE, 0xEA, 0x68, 0x15, 0x17, 0x1D, 0xD7,
    0xAA, 0x06, 0x34, 0x27, 0xBA, 0xE5, 0x59, 0x6A, 0x79, 0xBB, 0x56, 0x97, 0xC5, 0xA9, 0xBA, 0x5D,
    0xDB, 0xBB, 0x90, 0x2B, 0xD3, 0xC6, 0x80, 0x5D, 0xC7, 0xB8, 0x26, 0x59, 0x7E, 0x8B, 0x7E, 0x33,
    0xD7, 0xF6, 0x8A, 0x9F, 0x61, 0xE9, 0x0C, 0x15, 0xD9, 0xD9, 0x59, 0xE3, 0x3F, 0xB9, 0x6B, 0x00,
    0x2B, 0xE7, 0x8B, 0xB3, 0x77, 0x24, 0xF8, 0xF2, 0x82, 0x6D, 0x61, 0x4D, 0xF2, 0x26, 0xD6, 0xB2,
    0x04, 0x9F, 0x8A, 0x04, 0x7F, 0x69, 0xCE, 0xD8, 0x21, 0xF7, 0x2B, 0x81, 0x4A, 0xED, 0x91, 0xB4,
    0x35, 0x8B, 0x04, 0x3F, 0x1C, 0x76, 0xCA, 0x04, 0xBF, 0x0F, 0x49, 0xC4, 0xC6, 0x6B, 0x6D, 0x32,
    0xF8, 0xEC, 0x0D, 0x70, 0xB0, 0x06, 0xD0, 0xB6, 0xB6, 0xB8, 0x54, 0xBA, 0xD9, 0xF1, 0x69, 0x3B,
    0xF8, 0x9F, 0x04, 0x28, 0x84, 0x00, 0x10, 0x94, 0x55, 0x39, 0xD2, 0xF8, 0xA6, 0x99, 0x17, 0x39,
    0xAA, 0xEC, 0x67, 0x16, 0x2A, 0x54, 0x67, 0x95, 0x34, 0x58, 0x53, 0xB7, 0x06, 0x26, 0x1B, 0xBD,
    0x1B, 0x03, 0x87, 0x90, 0x1A, 0x8D, 0x26, 0x94, 0x23, 0x73, 0xC8, 0x64, 0x36, 0x63, 0x15, 0x9E,
    0x3D, 0x2C, 0x8B, 0xD5, 0xC7, 0xCC, 0xB1, 0xF8, 0x8E, 0x9D, 0x4C, 0xBC, 0x31, 0xE9, 0x01, 0x20,
    0x54, 0x5E, 0xAD, 0xD4, 0x17, 0xD9, 0x51, 0x55, 0xF9, 0xC7, 0x79, 0x16, 0x52, 0x1A, 0x4E, 0x31,
    0x81, 0x20, 0x57, 0x33, 0xA4, 0x33, 0x2E, 0xDF, 0x54, 0x49, 0x8A, 0x9A, 0xC7, 0x8C, 0x56, 0x59,
    0xC1, 0x56, 0xDB, 0x77, 0xE6, 0xF8, 0xC4, 0xEB, 0x49, 0xA4, 0x7C, 0x2B, 0x14, 0xE4, 0x0F, 0x9E,
    0xF2, 0xD1, 0x9D, 0x42, 0x7A, 0x64, 0x18, 0x1D, 0x29, 0x40, 0x79, 0xB2, 0xE8, 0x1F, 0xAF, 0x08,
    0xA3, 0xE5, 0xAD, 0xF5, 0x93, 0x12, 0xC0, 0x43, 0xAE, 0x9A, 0x51, 0xFC, 0xF1, 0x27, 0xF7, 0x8B,
    0x1B, 0x95, 0x60, 0xE1, 0x3B, 0xC1, 0x17, 0x30, 0x9F, 0x08, 0xBE, 0x0D, 0xF5, 0x7F, 0x14, 0x7E,
    0x84, 0xC7, 0x2E, 0xBC, 0x77, 0x16, 0x4F, 0xCE, 0xCB, 0x1B, 0x95, 0xF3, 0x1F, 0xA9, 0x1B, 0x95,
    0x8E, 0xBC, 0x51, 0xC9, 0xC5, 0x05, 0x8C, 0x17, 0xAC, 0xF0, 0x61, 0x13, 0xD5, 0xDF, 0x9B, 0xCF,
    0x95, 0xCD, 0xCF, 0x52, 0x79, 0xD4, 0xCE, 0xED, 0xF0, 0xEE, 0xAD, 0x2F, 0x79, 0x12, 0xCA, 0xC7,
    0x75, 0x7C, 0x37, 0x04, 0xC5, 0xA2, 0xA0, 0x89, 0xF9, 0x16, 0xD1, 0xC5, 0xB3, 0x78, 0xF9, 0xCC,
    0x7F, 0x57, 0x48, 0x3F, 0x9A, 0x54, 0x69, 0x17, 0x17, 0x13, 0x1D, 0x23, 0x98, 0x13, 0x19, 0x8C,
    0x3F, 0x28, 0xCB, 0x48, 0x53, 0x94, 0x65, 0xDF, 0xD6, 0x87, 0x81, 0x11, 0xBE, 0x8B, 0xB0, 0x05,
    0x8A, 0x72, 0x4F, 0x16, 0x3E, 0xBD, 0x5E, 0x25, 0x65, 0x1A, 0x18, 0x36, 0xB0, 0x80, 0x85, 0xAD,
    0xD7, 0x62, 0x6C, 0xC6, 0x98, 0x04, 0x3F, 0x8B, 0x2D, 0xA1, 0x5D, 0x6D, 0xF9, 0x86, 0xEF, 0xF8,
    0x16, 0xF4, 0xE7, 0x90, 0x13, 0xE4, 0x41, 0x1E, 0x6B, 0xCC, 0xA3, 0xB0, 0xFE, 0x4F, 0x5E, 0x97,
    0xE4, 0x1C, 0xE2, 0x97, 0x46, 0x24, 0x6F, 0xB3, 0xEC, 0x4C, 0x3D, 0xBE, 0xD7, 0xC4, 0x66, 0x56,
    0xB1, 0x22, 0xEF, 0xEB, 0x0B, 0xCE, 0xE5, 0xE2, 0x68, 0x14, 0xB2, 0x39, 0x17, 0x92, 0x31, 0x1F,
    0xAA, 0x1B, 0x06, 0x8F, 0xB6, 0xAF, 0xB4, 0xAB, 0x58, 0x8B, 0x63, 0x12, 0x0F, 0xB8, 0xAF, 0xBC,
    0x6E, 0x4B, 0xF2, 0xD2, 0x07, 0x7D, 0x2E, 0xE6, 0x40, 0xFF, 0x2D, 0x39, 0x33, 0xFE, 0x91, 0xB1,
    0x9B, 0x93, 0x36, 0xCB, 0xBA, 0x8A, 0x24, 0x79, 0xD0, 0xBE, 0x0A, 0x79, 0xBC, 0xBC, 0x8F, 0x25,
    0xBC, 0xC8, 0x77, 0x3F, 0xD8, 0xB7, 0xD6, 0x23, 0x2D, 0x77, 0xC5, 0x10, 0x39, 0x32, 0xDF, 0x69,
    0xCD, 0xE7, 0x8A, 0x04, 0x14, 0xD7, 0xAD, 0x8B, 0x39, 0x4C, 0x68, 0x0E, 0x89, 0xA1, 0xBC, 0xDF,
    0x22, 0x18, 0xF5, 0x75, 0xC0, 0x7E, 0xC5, 0x00, 0xEE, 0xB3, 0x93, 0xA1, 0x70, 0x04, 0xF2, 0x7B,
    0x5F, 0x03, 0xF4, 0x3B, 0x51, 0x37, 0xE6, 0x70, 0xCF, 0x2D, 0x46, 0x31, 0xD4, 0x81, 0x18, 0x5E,
    0x5A, 0xDA, 0xEB, 0x40, 0x34, 0xE1, 0x5E, 0x47, 0xB7, 0xEB, 0x74, 0xF7, 0x6D, 0x6D, 0xC0, 0x21,
    0xB4, 0xF8, 0x7C, 0xF9, 0x4F, 0x5F, 0x6C, 0x03, 0x61, 0x9D, 0xF4, 0xE9, 0x22, 0x55, 0x36, 0x90,
    0x2A, 0x1F, 0x89, 0x5D, 0x64, 0x28, 0x13, 0xBE, 0x77, 0xA5, 0x9B, 0x2A, 0xFB, 0xC5, 0x25, 0x85,
    0x0D, 0x7C, 0x8B, 0x2F, 0x85, 0xD5, 0xB4, 0x38, 0xBF, 0xE5, 0xC6, 0x82, 0xAF, 0x06, 0x0A, 0x90,
    0x56, 0x2E, 0xF8, 0x3A, 0x2E, 0x7B, 0x58, 0x05, 0x04, 0x54, 0x38, 0x7B, 0x82, 0x6F, 0x2F, 0x69,
    0x44, 0x9B, 0xB9, 0xE8, 0x77, 0x82, 0x55, 0x7C, 0x75, 0x33, 0xD2, 0xE0, 0x93, 0x17, 0xC3, 0x8A,
    0x15, 0x54, 0x6D, 0x51, 0x45, 0x92, 0x5F, 0xA0, 0x3A, 0x0C, 0x6B, 0x04, 0xAE, 0x37, 0x3C, 0xA2,
    0x7E, 0x7F, 0xAC, 0xFD, 0x04, 0xAC, 0x44, 0x1A, 0x8A, 0x78, 0xB0, 0xBD, 0x0B, 0x22, 0xE7, 0x83,
    0xEE, 0xAC, 0x69, 0xBF, 0xB1, 0xD0, 0x28, 0x6F, 0xF3, 0x30, 0xAB, 0x05, 0xB3, 0xE5, 0x3F, 0x58,
    0x78, 0x42, 0x37, 0xE4, 0x56, 0xA9, 0x65, 0xBB, 0x72, 0x7C, 0xF4, 0x1B, 0xF4, 0x4A, 0x18, 0xF8,
    0x48, 0x61, 0xDC, 0xFF, 0xE6, 0x1D, 0x6C, 0xD1, 0xC8, 0x3B, 0xC6, 0xD5, 0x93, 0x26, 0x45, 0x7D,
    0x80, 0x97, 0x41, 0x79, 0xF8, 0xF0, 0x15, 0xD9, 0x09, 0xD7, 0xD2, 0x49, 0x2D, 0xE5, 0x7E, 0x91,
    0x29, 0xFB, 0x45, 0x2A, 0x15, 0xC9, 0xDB, 0x46, 0x9E, 0xF1, 0xC3, 0x00, 0xA4, 0x4D, 0xB2, 0x7A,
    0x53, 0x57, 0x26, 0xF8, 0xAE, 0x2F, 0x63, 0xCE, 0x7E, 0x23, 0x3A, 0x69, 0x05, 0x95, 0x96, 0x3A,
    0x05, 0x92, 0xF7, 0x8C, 0x8F, 0x4F, 0x3D, 0xA9, 0x8B, 0xFD, 0x60, 0xF2, 0xB8, 0x7F, 0xBF, 0x2E,
    0x6F, 0xEF, 0x1A, 0x08, 0x43, 0x86, 0x9A, 0xF8, 0x9A, 0xCE, 0x93, 0xFA, 0xC7, 0x05, 0xBC, 0xA2,
    0x04, 0x23, 0xF1, 0x40, 0x94, 0xAC, 0x82, 0x42, 0xB7, 0x3D, 0x8F, 0xB1, 0x4D, 0xFD, 0xBE, 0xC2,
    0xD1, 0x66, 0x0D, 0x15, 0x0A, 0x07, 0xCB, 0xB6, 0x0C, 0x98, 0x2B, 0x1D, 0x6D, 0xAE, 0xA3, 0x38,
    0xE1, 0x8F, 0x6A, 0xE3, 0x77, 0x8F, 0x39, 0xF9, 0x76, 0xAC, 0xBA, 0x5E, 0x2A, 0x8F, 0x39, 0xF7,
    0x94, 0x57, 0x47, 0x57, 0x3A, 0x46, 0x3D, 0x3E, 0x13, 0xB6, 0x8E, 0xCF, 0xDC, 0x67, 0xAF, 0xE5,
    0xEB, 0x9F, 0x48, 0xBD, 0x2F, 0xDD, 0xB5, 0xFE, 0x03, 0xF2, 0xF6, 0x60, 0xFB, 0xAD, 0xCC, 0xDB,
    0x3D, 0xF7, 0x5E, 0xE6, 0x34, 0xF4, 0x78, 0x57, 0x8F, 0xE1, 0x34, 0x47, 0x03, 0xEB, 0x68, 0xE9,
    0x34, 0xF7, 0xBD, 0x8D, 0xC6, 0x97, 0xE2, 0x37, 0xBC, 0xF5, 0x78, 0x77, 0xF8, 0xD9, 0x98, 0x95,
    0x35, 0xE3, 0x57, 0x2D, 0x96, 0xB9, 0x11, 0x6A, 0x5A, 0x90, 0xCC, 0x03, 0x15, 0xCE, 0x7B, 0x01,
    0x99, 0xE7, 0x11, 0x40, 0xAF, 0xAA, 0xAA, 0x4D, 0x4B, 0xD4, 0x51, 0x2B, 0xE7, 0x12, 0x80, 0x97,
    0xCF, 0x83, 0x84, 0x01, 0x71, 0x37, 0x78, 0x3C, 0x1E, 0x4D, 0xEC, 0xE1, 0xC0, 0x52, 0xC6, 0x53,
    0xAD, 0x24, 0xF3, 0x31, 0x68, 0xD3, 0x76, 0x0A, 0x32, 0xDF, 0x15, 0xD4, 0xBF, 0x15, 0xB1, 0xFF,
    0x85, 0xC7, 0xA4, 0x6D, 0x00, 0xD9, 0xC3, 0x30, 0x32, 0x98, 0x1B, 0x11, 0x69, 0x87, 0xC5, 0x13,
    0x97, 0xDB, 0x23, 0xFE, 0xB3, 0x03, 0x95, 0x9C, 0x50, 0x99, 0x9C, 0xDC, 0xF7, 0xC6, 0xE7, 0x5D,
    0x07, 0x1D, 0xCD, 0xE2, 0xA0, 0xE3, 0xD3, 0x0E, 0x68, 0xDA, 0xF7, 0xEC, 0x59, 0xD9, 0x79, 0xA6,
    0x27, 0x3B, 0xF4, 0x78, 0x68, 0x59, 0x67, 0x48, 0x9D, 0xDC, 0x24, 0xB2, 0xFB, 0x3A, 0x4B, 0xBF,
    0x15, 0x71, 0x87, 0x42, 0x2B, 0x9D, 0x15, 0xCB, 0x6C, 0x93, 0xF3, 0xD6, 0xF2, 0x6F, 0x7E, 0x13,
    0xFF, 0x7C, 0x40, 0x46, 0x62, 0xB8, 0x13, 0x86, 0xAF, 0xA2, 0xF2, 0xC3, 0xDD, 0x1A, 0x7D, 0xA4,
    0x53, 0xA6, 0x4E, 0x51, 0x8C, 0x0C, 0xAA, 0x3E, 0x97, 0x36, 0x7D, 0xBF, 0x53, 0x27, 0x4F, 0x65,
    0xFF, 0xF2, 0xEE, 0xDC, 0x73, 0xF4, 0xA8, 0x4D, 0xAE, 0xB8, 0xA8, 0x38, 0x42, 0x75, 0xA3, 0x76,
    0x0D, 0x3D, 0x5C, 0x93, 0x6B, 0x50, 0x69, 0x95, 0xEB, 0x18, 0x7D, 0x6A, 0x65, 0x1A, 0x66, 0x16,
    0x7D, 0x3A, 0x81, 0xB1, 0x62, 0xA3, 0xED, 0xEE, 0x3D, 0x4D, 0x3E, 0x05, 0xB9, 0xC7, 0x9E, 0xFF,
    0x0F, 0xB5, 0x98, 0x31, 0x6C, 0x1C, 0x45, 0x14, 0x86, 0xFF, 0xD9, 0x8D, 0xB3, 0x71, 0x96, 0x78,
    0x2D, 0x11, 0x0B, 0x12, 0xAC, 0x5C, 0x0A, 0x0A, 0x47, 0x90, 0x2C, 0x45, 0x0A, 0x13, 0x83, 0x77,
    0x92, 0x86, 0x82, 0x22, 0x57, 0x24, 0xBD, 0x91, 0x22, 0x81, 0x84, 0x10, 0x29, 0x28, 0x82, 0x42,
    0x7C, 0x1B, 0xA8, 0x10, 0x12, 0x58, 0x34, 0x20, 0x51, 0xE0, 0x82, 0x22, 0x45, 0xA4, 0xB8, 0x08,
    0x28, 0x52, 0xE2, 0x78, 0x11, 0xA2, 0x82, 0x62, 0x09, 0x0D, 0x5D, 0x56, 0x24, 0x12, 0x28, 0x8A,
    0xE4, 0x05, 0x1D, 0x61, 0x81, 0xB3, 0x8F, 0xFF, 0xCD, 0xEC, 0xD9, 0x0A, 0x14, 0xEC, 0xDE, 0x2D,
    0x2B, 0x3F, 0xCB, 0x3E, 0xCF, 0xCE, 0x7C, 0xF3, 0xE6, 0xBD, 0xFF, 0xBD, 0x31, 0xB0, 0x17, 0xC0,
    0x06, 0xA0, 0x36, 0x01, 0x77, 0x11, 0xF0, 0x23, 0x60, 0x0F, 0x6D, 0x86, 0x76, 0x36, 0xD4, 0xF8,
    0x73, 0x4D, 0xAB, 0x7B, 0x6B, 0xB1, 0x1B, 0xB7, 0x62, 0x1F, 0x41, 0xD2, 0x42, 0x2B, 0xE9, 0x27,
    0xFD, 0x1C, 0xF2, 0xC8, 0xAB, 0x7C, 0x05, 0x17, 0xB0, 0xF5, 0xAC, 0xDD, 0x77, 0xB3, 0x5E, 0x90,
    0x14, 0xAD, 0xE3, 0x45, 0xE4, 0x74, 0xE7, 0xDD, 0x5C, 0xBE, 0xFC, 0x2C, 0x7A, 0xF9, 0xB7, 0xD6,
    0x8F, 0x1B, 0x32, 0xA0, 0x0D, 0x55, 0x40, 0x75, 0xED, 0xE8, 0x7D, 0xB4, 0x57, 0x35, 0xE0, 0xD1,
    0x0E, 0xF3, 0xE7, 0x27, 0xCB, 0x49, 0x87, 0xE0, 0x19, 0xD3, 0x38, 0x90, 0x02, 0x19, 0xBC, 0x18,
    0xBB, 0xAB, 0xA1, 0x00, 0x3B, 0x68, 0x4F, 0x03, 0x9D, 0x05, 0xA8, 0x9F, 0x62, 0x38, 0x88, 0x31,
    0x8A, 0x3B, 0xE0, 0x03, 0xAD, 0x1F, 0x80, 0x37, 0xC9, 0x11, 0x2F, 0x0C, 0xFC, 0x01, 0x52, 0x70,
    0x64, 0x01, 0x72, 0x80, 0x20, 0x20, 0x86, 0x35, 0x3F, 0x03, 0x61, 0xF0, 0x10, 0xCD, 0x04, 0xCD,
    0xE9, 0xA0, 0x01, 0x1E, 0x97, 0x2F, 0xDF, 0x4E, 0x04, 0xC6, 0xB2, 0x54, 0x70, 0x87, 0x3C, 0x97,
    0x69, 0xD3, 0x74, 0xC9, 0xC1, 0x46, 0x5C, 0x72, 0x84, 0x67, 0x2B, 0x3E, 0xA9, 0x41, 0x71, 0x8D,
    0x2B, 0xAF, 0xD3, 0x83, 0x8A, 0x31, 0xD1, 0x80, 0x23, 0x0E, 0xED, 0xC0, 0xF5, 0x2E, 0x74, 0x9B,
    0xBF, 0xD7, 0xA1, 0x98, 0xA2, 0x75, 0x34, 0xD4, 0x9D, 0x04, 0x8E, 0x1E, 0x7E, 0x75, 0x39, 0xD2,
    0xA8, 0x34, 0x79, 0x18, 0xA5, 0x61, 0x82, 0x6B, 0x19, 0x96, 0x0E, 0xD6, 0xCF, 0x16, 0x39, 0x51,
    0x09, 0xED, 0x2F, 0x13, 0xA0, 0x4F, 0xEF, 0x3C, 0x3E, 0x7C, 0xB6, 0x30, 0x4F, 0x9C, 0x18, 0x0B,
    0x0B, 0x88, 0xD2, 0xCA, 0xD9, 0xF2, 0x86, 0x4D, 0x96, 0x26, 0x96, 0x9F, 0x36, 0x1B, 0xA9, 0xB7,
    0xFC, 0x38, 0xED, 0x51, 0x58, 0x0F, 0x7C, 0x3D, 0x3A, 0x02, 0xC3, 0x6B, 0x2C, 0x11, 0x27, 0xBC,
    0x54, 0x8B, 0xE2, 0x1C, 0xCF, 0x6D, 0x3D, 0xB3, 0xD1, 0xD9, 0x80, 0x23, 0xF6, 0xEF, 0xC2, 0x5C,
    0x17, 0x93, 0xED, 0x9A, 0xBE, 0x00, 0x23, 0x73, 0xB0, 0xFA, 0x21, 0x8C, 0x94, 0xA1, 0x87, 0x4B,
    0x0D, 0x9F, 0x91, 0x5F, 0x26, 0xB1, 0x72, 0xB6, 0x3A, 0x87, 0xCA, 0x40, 0x19, 0x53, 0x4B, 0x50,
    0xA7, 0x4F, 0x6B, 0xD5, 0xEF, 0xA7, 0x58, 0x54, 0x09, 0x2E, 0xD0, 0x56, 0xF9, 0xD7, 0x1E, 0x6D,
    0xF3, 0x12, 0x99, 0x2E, 0x81, 0xA2, 0x27, 0x23, 0x69, 0x8A, 0xE6, 0xC3, 0xCF, 0x0E, 0xA0, 0xD3,
    0x2F, 0xB7, 0x72, 0xAD, 0x1C, 0xFB, 0x59, 0x29, 0x98, 0xA9, 0xFB, 0x55, 0x1E, 0xBC, 0x93, 0x87,
    0x5E, 0x1A, 0xBD, 0x1E, 0x47, 0x77, 0x31, 0x2F, 0xD9, 0xA3, 0xC3, 0x8F, 0x62, 0x7F, 0xD3, 0x68,
    0x6C, 0xCC, 0x1D, 0x60, 0x37, 0x37, 0x8E, 0x33, 0x94, 0xCA, 0xCB, 0x65, 0x50, 0x5E, 0xA5, 0x25,
    0xC3, 0x83, 0x8C, 0x01, 0x73, 0x09, 0xDC, 0x04, 0x01, 0xF0, 0x48, 0x25, 0x0E, 0x39, 0x03, 0xF8,
    0xBF, 0x26, 0x98, 0xE0, 0x21, 0xEC, 0xD8, 0x37, 0xFC, 0xD2, 0x93, 0x1C, 0x72, 0xD4, 0x59, 0xCF,
    0x15, 0x63, 0xB1, 0xD2, 0xBA, 0xF2, 0x06, 0x56, 0xA0, 0x36, 0x62, 0x78, 0xEF, 0x03, 0xBB, 0x9C,
    0xD1, 0xFC, 0x2F, 0x5B, 0x0E, 0xE9, 0xFC, 0x2F, 0x52, 0xA8, 0xAD, 0xAA, 0x95, 0x82, 0x14, 0x20,
    0x06, 0xC8, 0x01, 0x82, 0x80, 0x24, 0x82, 0x22, 0x2C, 0x20, 0x0C, 0x1E, 0xA2, 0x79, 0x4E, 0xF2,
    0x93, 0x0B, 0x8E, 0xCE, 0xE3, 0x32, 0xB2, 0xAF, 0xC4, 0x84, 0x29, 0x59, 0x2A, 0xB8, 0x43, 0x2A,
    0xE6, 0x0A, 0xBF, 0x9D, 0x85, 0xEA, 0x35, 0xE3, 0x92, 0x79, 0x51, 0x99, 0xF0, 0xE3, 0x1A, 0x14,
    0x4E, 0xC6, 0x95, 0xD7, 0xB4, 0x09, 0x24, 0xD5, 0x80, 0x23, 0x0E, 0xED, 0xC5, 0xF5, 0x1C, 0x9A,
    0xAE, 0xAE, 0xE5, 0x0B, 0xD1, 0x01, 0xD1, 0x80, 0x6F, 0xB8, 0x01, 0x47, 0x37, 0x96, 0x96, 0xDC,
    0x14, 0xAB, 0xD6, 0xE7, 0x59, 0x45, 0x8E, 0xED, 0x14, 0xDD, 0x09, 0x3C, 0x45, 0x91, 0x4D, 0xE0,
    0x6B, 0xA6, 0x95, 0x3A, 0xDD, 0x56, 0x42, 0x63, 0x1A, 0xC6, 0x55, 0x33, 0x7D, 0x4F, 0xEA, 0x1B,
    0x39, 0x9C, 0x5C, 0x48, 0xF8, 0xC5, 0x9E, 0xA8, 0xC3, 0x0F, 0xF5, 0x44, 0x86, 0xDC, 0x4D, 0x3C,
    0xCE, 0xD6, 0x8F, 0x43, 0x1D, 0x72, 0xFE, 0x79, 0xBE, 0xB8, 0x8A, 0x1B, 0xB8, 0x19, 0x77, 0x98,
    0x28, 0xD5, 0xE7, 0x12, 0x20, 0x8D, 0x96, 0xED, 0x0A, 0xB5, 0x9B, 0xBB, 0x46, 0xF7, 0xA2, 0xCC,
    0x4F, 0xFD, 0x24, 0x48, 0x02, 0x6A, 0xA2, 0xCC, 0x1F, 0x2E, 0xB7, 0xA8, 0xEA, 0x6F, 0x51, 0x45,
    0x5F, 0x21, 0xF6, 0x12, 0x70, 0x73, 0x93, 0x8D, 0x5B, 0x2B, 0xE6, 0x88, 0x24, 0xD4, 0x7E, 0x1A,
    0xC1, 0x4F, 0x17, 0x11, 0xA4, 0xAB, 0xDC, 0xDA, 0x06, 0xAD, 0x87, 0x50, 0xAF, 0x92, 0x6A, 0x91,
    0x44, 0xE1, 0x89, 0x1C, 0x5E, 0xDF, 0x64, 0x2F, 0x14, 0x67, 0x17, 0xBF, 0xAA, 0x65, 0xEB, 0xC6,
    0x7E, 0xEA, 0xDD, 0xEA, 0x06, 0x71, 0x11, 0xA2, 0x17, 0xA1, 0x98, 0x57, 0xC5, 0xBC, 0x43, 0x19,
    0xCD, 0xC2, 0x93, 0x89, 0xF5, 0x95, 0x93, 0xC2, 0xCB, 0xA5, 0x0C, 0x89, 0x8E, 0xC2, 0x15, 0xAF,
    0xCF, 0x42, 0xCA, 0x33, 0x93, 0x71, 0x24, 0x90, 0xB2, 0x21, 0x56, 0xA9, 0x34, 0xC4, 0xE3, 0x95,
    0x58, 0x6C, 0x32, 0xF3, 0x0D, 0xF7, 0x01, 0x55, 0x81, 0xAA, 0xBA, 0x77, 0x6C, 0x34, 0x04, 0xF3,
    0xB0, 0xB7, 0x0F, 0xD8, 0x14, 0x3F, 0xCB, 0x2D, 0xD9, 0xA6, 0x47, 0x40, 0x40, 0x12, 0x10, 0x05,
    0x64, 0xE1, 0x9B, 0x05, 0x48, 0x03, 0xE2, 0xB0, 0x31, 0xCE, 0x40, 0xA0, 0x6D, 0x79, 0xD1, 0x26,
    0xB3, 0x81, 0xC7, 0xBA, 0x4D, 0x31, 0x51, 0xE5, 0xF1, 0x69, 0x22, 0x40, 0x96, 0xA7, 0x82, 0x5B,
    0xF8, 0xEC, 0x64, 0x4B, 0x8A, 0x86, 0x5D, 0xD3, 0x12, 0x1A, 0xCE, 0xF7, 0xED, 0xF0, 0xEE, 0xF1,
    0xDE, 0xE6, 0x9D, 0xA1, 0x6F, 0x53, 0xDF, 0x6D, 0xC8, 0x45, 0x6C, 0x4A, 0xCE, 0x17, 0xD2, 0x7B,
    0x06, 0xB5, 0xBC, 0xD4, 0x26, 0x41, 0x61, 0x09, 0x66, 0xC6, 0x9B, 0x4B, 0x22, 0xC6, 0x71, 0x2B,
    0xC5, 0xB9, 0xBC, 0x22, 0xC7, 0x76, 0x42, 0x99, 0x1E, 0xDE, 0xDE, 0x4D, 0x25, 0xE5, 0x9D, 0x58,
    0x09, 0x54, 0xA0, 0x49, 0x15, 0x68, 0x62, 0xBD, 0x47, 0x82, 0xE0, 0x3E, 0x04, 0x0C, 0x42, 0x06,
    0x41, 0x83, 0xB0, 0x41, 0xE0, 0x20, 0x74, 0x10, 0x3C, 0xC3, 0x67, 0x00, 0x1F, 0x3A, 0xBF, 0x53,
    0x10, 0xC1, 0x81, 0xCB, 0xC0, 0xD8, 0x29, 0xEB, 0xF1, 0x87, 0xFE, 0x2D, 0xD2, 0x3D, 0xA0, 0xA8,
    0x6C, 0xFE, 0xF7, 0xC9, 0x4D, 0x0D, 0x22, 0x40, 0x12, 0x54, 0xD2, 0xBD, 0x59, 0x3C, 0xD2, 0xC9,
    0xC7, 0x72, 0x03, 0x1B, 0x0A, 0x4F, 0xE4, 0xC8, 0xEA, 0x91, 0x11, 0x24, 0x51, 0xA4, 0xC6, 0x19,
    0x79, 0xB4, 0xE6, 0xD2, 0x4E, 0xC9, 0x31, 0x4E, 0x18, 0x1F, 0x86, 0xD3, 0xB8, 0x91, 0x05, 0x0F,
    0x73, 0x52, 0xB9, 0x26, 0xCF, 0x34, 0x7C, 0xCA, 0x52, 0xEF, 0xD8, 0x1B, 0xAF, 0xF3, 0xE3, 0xE3,
    0x1F, 0xD6, 0xC7, 0x33, 0x80, 0x0D, 0xF2, 0x98, 0x03, 0x31, 0x45, 0xCD, 0xF6, 0xCB, 0xF5, 0x3D,
    0xA6, 0x72, 0x5B, 0xF5, 0x25, 0xB9, 0xA6, 0x4E, 0x8D, 0xB5, 0xC3, 0x3F, 0x9E, 0xB8, 0xEB, 0x67,
    0xAE, 0xF6, 0x13, 0x97, 0xEB, 0x7B, 0x34, 0x9F, 0xD5, 0x72, 0x82, 0x18, 0x7B, 0x38, 0xCF, 0x74,
    0x69, 0xB3, 0xB4, 0xA3, 0x08, 0x2F, 0x66, 0xF0, 0xE5, 0xD2, 0x61, 0x5A, 0x1E, 0x3B, 0x8F, 0xB3,
    0x64, 0x45, 0xEB, 0x62, 0x11, 0x9E, 0xE8, 0x86, 0x4E, 0x1E, 0xC9, 0x3D, 0x21, 0x5B, 0xF4, 0xD3,
    0xD5, 0x20, 0xBD, 0x11, 0x26, 0x6B, 0x9F, 0xFC, 0xDC, 0x79, 0xA1, 0xB0, 0xE3, 0x39, 0x5C, 0x46,
    0x4B, 0x68, 0x79, 0x65, 0xA5, 0x53, 0xB6, 0xD2, 0x8D, 0x02, 0x62, 0x9A, 0xF7, 0xB8, 0x6C, 0xDE,
    0xA7, 0x2B, 0xB1, 0x98, 0x77, 0x6C, 0x3F, 0x8B, 0x6E, 0x19, 0xD8, 0x44, 0x38, 0xA9, 0xC9, 0xF0,
    0x81, 0x26, 0xC4, 0x8B, 0x20, 0xC5, 0x6B, 0x82, 0xB1, 0x64, 0x38, 0x0C, 0x88, 0x21, 0x31, 0x18,
    0x83, 0x6F, 0xB3, 0x30, 0x34, 0x06, 0x67, 0x9B, 0xA7, 0xD4, 0x42, 0x7E, 0x14, 0x98, 0xDB, 0xA1,
    0xA8, 0x58, 0x97, 0x4C, 0x57, 0x09, 0xB5, 0x12, 0x3A, 0x7F, 0xC5, 0x91, 0x6B, 0x8F, 0x85, 0x60,
    0x20, 0x19, 0x88, 0x06, 0xB2, 0x61, 0x00, 0x67, 0xB5, 0x41, 0x5E, 0x36, 0xC5, 0x0A, 0x68, 0x16,
    0x4F, 0x91, 0xCE, 0xC9, 0xCB, 0x60, 0x1A, 0x06, 0xCF, 0x68, 0x83, 0xB7, 0xA5, 0x0D, 0x2A, 0xFB,
    0x1F, 0x5C, 0x28, 0x07, 0x34, 0x17, 0x5B, 0x07, 0x04, 0xE6, 0x7F, 0x52, 0x43, 0x70, 0x1A, 0x37,
    0xDE, 0xE1, 0x9C, 0x47, 0xA4, 0x44, 0x4E, 0xCE, 0x34, 0x8B, 0x28, 0x37, 0x9F, 0x8D, 0x67, 0xE0,
    0x5E, 0xC9, 0xC0, 0xCB, 0x5B, 0x7D, 0x3C, 0x01, 0x6C, 0x92, 0xE7, 0x9F, 0xDA, 0x50, 0xDF, 0x63,
    0x46, 0x1B, 0x06, 0x85, 0x57, 0x2E, 0x13, 0xCF, 0xDB, 0xFB, 0x21, 0x1C, 0x4D, 0xD2, 0xA9, 0x76,
    0x74, 0x37, 0x4C, 0x29, 0x5F, 0x94, 0xAD, 0x69, 0x78, 0xD9, 0x51, 0x26, 0xF4, 0x32, 0xDC, 0x5F,
    0x78, 0xEF, 0xFE, 0x5D, 0x9B, 0x8B, 0x87, 0x59, 0xBD, 0x57, 0xD6, 0x45, 0x5A, 0xD4, 0xFF, 0x77,
    0xB8, 0x59, 0xB5, 0xE0, 0x4A, 0xE1, 0xF1, 0x2E, 0x37, 0xB8, 0xC2, 0x9D, 0x8A, 0xA5, 0xF0, 0xBF,
    0x4B, 0xE0, 0x7D, 0xAF, 0xE1, 0xDE, 0xE3, 0x78, 0x99, 0xA4, 0x6B, 0x43, 0x4B, 0x22, 0x80, 0x75,
    0xF2, 0x18, 0xE7, 0x9B, 0xD2, 0x18, 0x9E, 0xA3, 0xCC, 0x26, 0x5F, 0xEA, 0xF5, 0x40, 0x4F, 0x6B,
    0x71, 0xDC, 0x26, 0x47, 0xA8, 0x8F, 0x15, 0xFB, 0x0D, 0x87, 0x69, 0xD0, 0x77, 0xE7, 0xE6, 0x2E,
    0x2E, 0x5D, 0x87, 0x74, 0x72, 0xC3, 0xB3, 0x6D, 0x85, 0x7B, 0x6C, 0xFF, 0x07, 0x3C, 0x3D, 0xB2,
    0x9F, 0xEC, 0xFF, 0x1E, 0xDF, 0x05, 0xCE, 0x73, 0x8C, 0x5E, 0x18, 0x81, 0xAD, 0x8C, 0x73, 0xC7,
    0xC6, 0xF9, 0xA8, 0x5C, 0x7F, 0x03, 0x8D, 0x56, 0x4F, 0x88, 0x5B, 0x45, 0x18, 0xFF, 0xBD, 0xF7,
    0x92, 0xBE, 0xB5, 0xAF, 0xDB, 0x89, 0x90, 0xD5, 0x5A, 0xD2, 0xBC, 0x3D, 0xEC, 0xC2, 0xB2, 0x26,
    0x9B, 0x1C, 0x72, 0x08, 0xF5, 0x65, 0xDF, 0xA8, 0xF4, 0x54, 0xB0, 0x39, 0x34, 0x3D, 0xF7, 0xA0,
    0x28, 0x05, 0x69, 0x90, 0x54, 0x52, 0xC8, 0x26, 0x23, 0x3D, 0xF4, 0xD8, 0x9E, 0x45, 0xFC, 0x03,
    0xEB, 0xC1, 0x0A, 0x6E, 0xD0, 0xA0, 0xD5, 0xEE, 0x9F, 0x27, 0x8B, 0x5E, 0x7A, 0xF0, 0xA9, 0x88,
    0x07, 0x2F, 0xAF, 0xB6, 0xA0, 0x78, 0x68, 0xA7, 0x6B, 0xC0, 0xD8, 0xA6, 0x1B, 0xBF, 0x99, 0x24,
    0x6D, 0xA5, 0x8D, 0x38, 0xF3, 0x65, 0xC8, 0x7C, 0x33, 0xF3, 0xFD, 0xBE, 0xF9, 0xFE, 0xCD, 0x2B,
    0x97, 0x1F, 0x6E, 0x98, 0x15, 0x7B, 0xC1, 0xB0, 0x28, 0xE2, 0x78, 0x5C, 0x07, 0xFD, 0x9E, 0xE6,
    0xAF, 0x8A, 0x13, 0x28, 0x3F, 0xB6, 0x03, 0x49, 0x9C, 0xC1, 0xE7, 0x7C, 0x9E, 0x1B, 0x8F, 0xED,
    0xB4, 0x01, 0x5B, 0xE1, 0x56, 0x30, 0x1C, 0x67, 0x2A, 0xE5, 0xD6, 0x40, 0x2E, 0x5E, 0x5A, 0xD5,
    0x44, 0x0D, 0x8F, 0x8E, 0x89, 0x44, 0xE1, 0x7F, 0xB4, 0xD9, 0xD9, 0xC5, 0x4B, 0x17, 0x17, 0x2F,
    0x89, 0x4A, 0x85, 0x6F, 0x0D, 0x04, 0xE8, 0x06, 0x05, 0x74, 0xD0, 0xC7, 0x3A, 0x12, 0x30, 0xC0,
    0x04, 0x13, 0xB6, 0x70, 0x50, 0x24, 0x74, 0x87, 0x66, 0x8E, 0xB0, 0x79, 0x1A, 0xB3, 0x88, 0x2D,
    0x6F, 0x74, 0xAA, 0x19, 0xA5, 0x13, 0x4B, 0xA3, 0x50, 0x43, 0x47, 0xA2, 0x4F, 0x67, 0xE8, 0x10,
    0x9D, 0x8A, 0x83, 0xBD, 0xC7, 0xD9, 0x05, 0x61, 0x9F, 0xE7, 0x0E, 0x1D, 0x55, 0x67, 0xE1, 0x1C,
    0xE5, 0xEC, 0xBB, 0xC0, 0xB9, 0x2A, 0xAC, 0x17, 0x79, 0x3A, 0x8D, 0x39, 0x12, 0x11, 0x6B, 0xFA,
    0x1B, 0x4D, 0x59, 0x6B, 0xE7, 0x33, 0x29, 0xDA, 0x90, 0x00, 0xC1, 0xA2, 0x0D, 0x44, 0x98, 0xFF,
    0x89, 0xB7, 0x06, 0xFC, 0xC9, 0x6F, 0x60, 0x05, 0xB0, 0x87, 0xC4, 0x09, 0x5D, 0xD1, 0x34, 0xB0,
    0x4F, 0xD3, 0x01, 0xE8, 0x66, 0x10, 0x57, 0xAD, 0x99, 0x6F, 0xBF, 0x66, 0x0D, 0x7A, 0x46, 0x2A,
    0x81, 0x12, 0xE0, 0x01, 0x73, 0x40, 0x5E, 0x0B, 0xEC, 0x22, 0xF9, 0x01, 0xF7, 0x07, 0x82, 0x64,
    0x1A, 0x81, 0x12, 0x48, 0x6D, 0x2F, 0xF7, 0xA3, 0x96, 0xDC, 0x92, 0xAD, 0xC8, 0xD7, 0xF3, 0x3A,
    0x5A, 0xA2, 0x25, 0x5B, 0xBC, 0xA6, 0x26, 0xCB, 0x4D, 0x75, 0xAD, 0x65, 0x27, 0x68, 0xB2, 0x20,
    0xE3, 0xF0, 0x43, 0xA6, 0x28, 0xFA, 0x76, 0xB8, 0x5E, 0xB2, 0x82, 0x86, 0x5A, 0xF6, 0x36, 0x1B,
    0x98, 0xE1, 0xAF, 0xF0, 0xF2, 0x44, 0x37, 0x56, 0x70, 0x62, 0x82, 0x0B, 0x95, 0x13, 0xFD, 0x60,
    0xD8, 0x27, 0x05, 0xC9, 0x61, 0x31, 0x4B, 0xE6, 0x3D, 0x3C, 0x31, 0x88, 0x16, 0x03, 0x08, 0x88,
    0xC5, 0x89, 0xE7, 0x8D, 0x8B, 0x20, 0x14, 0xD6, 0xB0, 0x68, 0xCC, 0x66, 0x1D, 0xA5, 0x71, 0x56,
    0x99, 0xB7, 0x9E, 0x29, 0xD0, 0xD8, 0xF1, 0xDE, 0x57, 0xE3, 0x99, 0xAB, 0x5D, 0x26, 0xCF, 0x5E,
    0x7F, 0xDD, 0xF3, 0xEA, 0x07, 0x5F, 0xF2, 0xBC, 0x8E, 0x87, 0x4C, 0xC7, 0x93, 0x75, 0xE4, 0xBB,
    0x9E, 0xAC, 0x21, 0x92, 0x75, 0x29, 0xCD, 0xA0, 0x23, 0x6F, 0x47, 0x36, 0x7C, 0xD1, 0x12, 0x23,
    0x53, 0x6B, 0xC9, 0x63, 0xD9, 0x63, 0xE9, 0x63, 0xF9, 0x63, 0x84, 0x31, 0xC6, 0x18, 0xC5, 0x8D,
    0x86, 0x38, 0xF5, 0xF6, 0x10, 0x49, 0x76, 0x34, 0xD6, 0xD9, 0xA8, 0xA3, 0xD1, 0xDE, 0x0C, 0xA5,
    0xC6, 0xDB, 0x09, 0x23, 0x8D, 0x78, 0xED, 0x87, 0x60, 0x88, 0x39, 0xC0, 0xB8, 0xC5, 0x91, 0x23,
    0xA7, 0x7A, 0xA8, 0xE1, 0x24, 0xE2, 0x71, 0x9E, 0x73, 0x79, 0x69, 0x09, 0x1E, 0xCD, 0x8B, 0x38,
    0x99, 0x27, 0xCE, 0x11, 0x62, 0x1D, 0x13, 0xA5, 0x25, 0x97, 0x98, 0x59, 0xE2, 0x7A, 0xC4, 0x9E,
    0xC3, 0x0C, 0x7C, 0xB8, 0x14, 0xCC, 0x0E, 0x6C, 0xCC, 0xD0, 0x24, 0x07, 0x97, 0x81, 0xD1, 0xDC,
    0x86, 0x6D, 0x11, 0x27, 0x4E, 0x2C, 0x97, 0xBB, 0x8C, 0x71, 0xC6, 0x1C, 0xEE, 0xD8, 0x96, 0xB0,
    0x2D, 0x93, 0x9B, 0xA1, 0x25, 0x9D, 0xDA, 0x7E, 0x2F, 0x73, 0x28, 0x19, 0x37, 0x84, 0xC3, 0x97,
    0x28, 0x0D, 0x2E, 0x13, 0x76, 0x0A, 0x4F, 0x50, 0x27, 0x59, 0x81, 0x15, 0xDA, 0x01, 0xE3, 0x19,
    0xF2, 0x11, 0x62, 0x40, 0x35, 0x67, 0x0A, 0x2F, 0xE7, 0x70, 0x16, 0xCF, 0x52, 0x6C, 0x51, 0xB8,
    0xED, 0x84, 0x58, 0xF7, 0x8F, 0x06, 0xFD, 0x9C, 0x13, 0xBC, 0x7C, 0xE5, 0x5B, 0x61, 0xD2, 0xF5,
    0x1C, 0xEE, 0x21, 0x9B, 0x66, 0xA8, 0xF9, 0x56, 0x90, 0x70, 0xC9, 0x8E, 0xE5, 0xE3, 0xD6, 0x4E,
    0xCF, 0xFE, 0x55, 0xDA, 0xDB, 0xD2, 0xD9, 0x0E, 0x9D, 0x73, 0x01, 0xB3, 0x02, 0x66, 0xF3, 0x69,
    0x1B, 0x53, 0x7B, 0xB4, 0x41, 0xD3, 0xD8, 0xF4, 0xB1, 0x92, 0xD3, 0x46, 0xFF, 0x08, 0xB9, 0xB5,
    0xB0, 0x64, 0xC9, 0xEC, 0x5F, 0xD2, 0xF8, 0x53, 0x1A, 0xD7, 0x43, 0xE3, 0x16, 0x37, 0x7A, 0xA0,
    0x58, 0x36, 0xB4, 0x5F, 0x6C, 0x01, 0x16, 0xC2, 0xD1, 0x71, 0x4C, 0x45, 0x21, 0x37, 0x88, 0xC8,
    0x39, 0x89, 0x36, 0x8C, 0x70, 0xA9, 0x72, 0x1A, 0x7B, 0x06, 0x37, 0x80, 0xD3, 0xBB, 0xDC, 0xBE,
    0xB3, 0x26, 0x29, 0x31, 0x1A, 0x65, 0xA5, 0x35, 0xE5, 0x8C, 0xAD, 0x33, 0x89, 0xFC, 0x46, 0x2E,
    0xAB, 0x02, 0x21, 0x6D, 0x87, 0xD5, 0x86, 0x5D, 0xC0, 0x74, 0x0A, 0xA9, 0x69, 0x14, 0x6C, 0x54,
    0x87, 0x5E, 0xA6, 0x03, 0x2A, 0x2D, 0xB2, 0x55, 0x95, 0xC3, 0x1F, 0x13, 0xCC, 0xB3, 0xBB, 0x84,
    0x5B, 0xBA, 0xA9, 0x74, 0xBB, 0x4A, 0x3B, 0x5E, 0xF8, 0x3A, 0x86, 0xA4, 0x34, 0x0F, 0xC1, 0xBB,
    0xE6, 0xBC, 0x93, 0x70, 0x6E, 0x3D, 0x7F, 0x27, 0x6A, 0xFD, 0xCD, 0x76, 0xCB, 0x67, 0x76, 0xF7,
    0x3F, 0x27, 0xAC, 0x0B, 0x78, 0x23, 0xB0, 0x84, 0xCA, 0xEA, 0x61, 0xF3, 0x25, 0xF5, 0x48, 0x9B,
    0x8E, 0x90, 0x25, 0x4C, 0x4A, 0x49, 0x8E, 0xFD, 0x40, 0x46, 0xEB, 0x11, 0xE9, 0x8C, 0xD7, 0xBA,
    0x15, 0x75, 0x2D, 0x40, 0x85, 0x63, 0x20, 0xE8, 0xBE, 0xA6, 0x84, 0xA5, 0xC9, 0x8E, 0x60, 0xD3,
    0x7D, 0x6F, 0x80, 0xFD, 0x4E, 0xE5, 0x08, 0xAE, 0x40, 0x8E, 0x93, 0xAB, 0x15, 0x2D, 0x03, 0xAD,
    0x8B, 0x98, 0x29, 0xAB, 0x14, 0x34, 0x06, 0x7A, 0x21, 0x37, 0x5E, 0x58, 0x01, 0x36, 0x10, 0xEF,
    0x63, 0x6F, 0x1F, 0x20, 0xEB, 0x75, 0xFF, 0x25, 0x70, 0x2D, 0x54, 0x38, 0xC6, 0x2A, 0x0E, 0x72,
    0x77, 0xED, 0xAD, 0xBB, 0xDD, 0x65, 0xB6, 0x1D, 0xF5, 0x4B, 0xCE, 0x8F, 0xE1, 0x7A, 0x8C, 0x05,
    0xBC, 0x4F, 0x20, 0xA4, 0x41, 0x13, 0x4E, 0x64, 0x45, 0x24, 0x8B, 0x6A, 0x51, 0x0D, 0x26, 0x54,
    0x04, 0xE8, 0x74, 0x50, 0xF7, 0xC8, 0x71, 0xB3, 0x4B, 0xE1, 0x66, 0xC8, 0x51, 0xAA, 0xAC, 0x1A,
    0x65, 0x77, 0xED, 0x9C, 0x12, 0x24, 0x49, 0x4E, 0x14, 0x63, 0xDB, 0x21, 0xDC, 0xF3, 0x01, 0x9A,
    0xB6, 0xB0, 0x22, 0x0A, 0x23, 0x4E, 0x15, 0x8B, 0x02, 0x6A, 0x78, 0x7E, 0x89, 0x8E, 0xAB, 0x60,
    0x5D, 0x1E, 0x9E, 0x2D, 0x1F, 0xE4, 0xD6, 0xCE, 0xDD, 0xAE, 0xFD, 0x5B, 0xD8, 0xB7, 0xB7, 0x83,
    0xBE, 0x43, 0x1A, 0x38, 0xC2, 0xEC, 0x52, 0xE8, 0x86, 0x8C, 0xB4, 0x98, 0x26, 0xBB, 0x4C, 0x51,
    0x2A, 0xE8, 0x48, 0x31, 0x22, 0x6C, 0xD2, 0x1D, 0x56, 0xCC, 0x21, 0x70, 0x02, 0x65, 0x7F, 0x20,
    0x89, 0xDC, 0x41, 0xA4, 0xBD, 0x1A, 0x68, 0x0B, 0x0B, 0x65, 0x64, 0x7B, 0x5C, 0x3F, 0x53, 0xDA,
    0xDA, 0x31, 0xCC, 0x1C, 0xC7, 0xD6, 0x20, 0x4C, 0xF9, 0x72, 0x9F, 0xDF, 0xD5, 0x24, 0x35, 0x89,
    0x7D, 0x79, 0x3C, 0x4A, 0xA9, 0x02, 0xFA, 0xFE, 0xC8, 0x89, 0xEE, 0xA0, 0xE7, 0xDF, 0x0E, 0xEE,
    0x93, 0x7B, 0xE7, 0x86, 0x51, 0x39, 0x4E, 0x7C, 0x8A, 0x3D, 0xC7, 0xED, 0xDA, 0x6E, 0x5F, 0x53,
    0xCF, 0x5D, 0x93, 0x33, 0x15, 0x15, 0x43, 0xB1, 0x22, 0xD2, 0x05, 0xD8, 0x5F, 0x04, 0x14, 0x3A,
    0xA5, 0x4F, 0x80, 0x9F, 0x85, 0xF1, 0xFD, 0xC8, 0x76, 0x3C, 0x27, 0xD8, 0xFD, 0x44, 0x5F, 0x20,
    0x17, 0xF5, 0x29, 0x06, 0xAA, 0xD0, 0x05, 0xE5, 0x14, 0xD5, 0xF5, 0x3F, 0x7A, 0x94, 0xFA, 0x69,
    0xBA, 0xB1, 0x2D, 0x30, 0xA1, 0x95, 0x61, 0x50, 0xE1, 0xA6, 0x54, 0xE5, 0x2B, 0x30, 0xD5, 0xB5,
    0x47, 0xED, 0x28, 0x37, 0x7F, 0x01, 0x36, 0x2F, 0x9B, 0x5B, 0xAB, 0xD6, 0xBB, 0x11, 0x52, 0x6D,
    0x78, 0x89, 0x91, 0x32, 0x79, 0x38, 0x43, 0x65, 0x6E, 0x2A, 0x65, 0x4C, 0xAD, 0x4C, 0x22, 0xD1,
    0xAF, 0xF6, 0xDB, 0xC9, 0xD0, 0x08, 0xCC, 0xC0, 0xE2, 0x36, 0xD9, 0x6A, 0x9A, 0xD4, 0xC8, 0x74,
    0x8A, 0xFD, 0x6A, 0x4F, 0xD5, 0xA0, 0xB2, 0x1B, 0x46, 0xC5, 0x2F, 0xC3, 0x82, 0xAB, 0x15, 0xD9,
    0xF3, 0x21, 0x8C, 0xDD, 0xB5, 0x90, 0x9E, 0x9E, 0xDA, 0x9C, 0x7A, 0x8B, 0xDA, 0x98, 0xFE, 0x8C,
    0x3B, 0x5B, 0x78, 0xEA, 0x1E, 0xBD, 0x35, 0xA1, 0x75, 0x0F, 0xEC, 0x0A, 0x9F, 0xFA, 0x14, 0x23,
    0x37, 0x0D, 0x03, 0xCD, 0x88, 0x62, 0x18, 0x45, 0xEA, 0x94, 0xF2, 0x73, 0xA4, 0x98, 0xDA, 0x71,
    0x54, 0xC3, 0x8E, 0x70, 0xD7, 0x3D, 0x76, 0x21, 0x58, 0x5A, 0xA2, 0x12, 0xE5, 0x79, 0xF4, 0x40,
    0xD6, 0x8A, 0x99, 0x8C, 0x2A, 0x64, 0x0B, 0xC3, 0xDB, 0x50, 0xF2, 0x92, 0xEF, 0x29, 0x0F, 0xD5,
    0x67, 0xC2, 0x14, 0x19, 0xCA, 0xD7, 0xBF, 0xA4, 0xCA, 0xA4, 0xEC, 0x68, 0xAD, 0xF4, 0xC0, 0x28,
    0x8D, 0xD1, 0x7A, 0x9D, 0x82, 0x8B, 0x36, 0x0D, 0xD7, 0x9B, 0xFA, 0x1B, 0x83, 0x78, 0x59, 0xBD,
    0xA6, 0xF6, 0xA8, 0x36, 0xB7, 0xB1, 0x91, 0x1C, 0x1D, 0xAB, 0x6F, 0x34, 0x86, 0x2F, 0xEB, 0x43,
    0xDB, 0xC7, 0x6D, 0x7D, 0x24, 0x72, 0x01, 0xCF, 0x3C, 0x60, 0x3E, 0x0A, 0x5D, 0xCF, 0x77, 0x1A,
    0xF9, 0xDE, 0x5C, 0xFE, 0x24, 0xBD, 0xBF, 0xA7, 0x36, 0x57, 0x4F, 0x7D, 0xB5, 0x4A, 0x7F, 0x68,
    0x4A, 0x4C, 0x5A, 0x3A, 0xD0, 0x5C, 0x21, 0x91, 0x2B, 0x4D, 0xBA, 0x55, 0xA6, 0xB9, 0x42, 0xD0,
    0x0D, 0x34, 0x36, 0x8A, 0x68, 0xAC, 0x27, 0x17, 0xE8, 0x6F, 0x4E, 0xBF, 0x7A, 0xB9, 0x89, 0x6F,
    0xDF, 0xE1, 0x60, 0x56, 0xCC, 0x8A, 0xC3, 0x13, 0xDF, 0x3E, 0x3F, 0x70, 0x39, 0x43, 0x1C, 0x93,
    0x3F, 0xC0, 0x18, 0x5C, 0x3E, 0xF9, 0xED, 0x8D, 0x63, 0x5E, 0xCC, 0xD3, 0x47, 0xDC, 0xA4, 0xF5,
    0x2C, 0xFE, 0x5B, 0xBF, 0x7F, 0x00, 0x2D, 0x52, 0x3D, 0x6F, 0xDB, 0x30, 0x10, 0x7D, 0x94, 0x9A,
    0xB8, 0x89, 0x62, 0xC9, 0x83, 0x0D, 0x74, 0xB0, 0x6C, 0x0F, 0x19, 0x12, 0x47, 0x1F, 0x1D, 0x3C,
    0x30, 0x00, 0x6D, 0x6B, 0xEF, 0xE2, 0xC1, 0xDD, 0x33, 0x16, 0xAE, 0x8B, 0x66, 0x60, 0x00, 0x36,
    0x50, 0x53, 0xCD, 0x9D, 0x82, 0xFE, 0x82, 0x0C, 0x1E, 0x82, 0x2E, 0x55, 0x01, 0x0D, 0x1E, 0x1C,
    0xC0, 0x3F, 0x41, 0x3F, 0x41, 0xA3, 0x47, 0x0E, 0x1A, 0x8C, 0xC2, 0x45, 0x7A, 0x72, 0xCA, 0x27,
    0xE0, 0xA8, 0x3B, 0xF2, 0xEE, 0xDE, 0xE3, 0x61, 0x52, 0x9B, 0xDB, 0xAE, 0xE7, 0x0B, 0x4F, 0x08,
    0xCE, 0x85, 0x76, 0x12, 0xC0, 0xC1, 0x01, 0x5A, 0xF0, 0xE1, 0x41, 0x10, 0x86, 0x38, 0x07, 0x9A,
    0x58, 0x1A, 0xE5, 0x71, 0x7A, 0xA6, 0x6F, 0xCA, 0xD9, 0xC6, 0xC8, 0x2D, 0xCD, 0xA6, 0xD6, 0xEE,
    0xA4, 0xFD, 0x06, 0xA1, 0x86, 0xEA, 0x71, 0x99, 0x85, 0xF7, 0x6C, 0x62, 0x2B, 0xD1, 0xBB, 0xC1,
    0x9F, 0x42, 0xD3, 0xFA, 0x9D, 0x87, 0x51, 0x6B, 0x3A, 0xDE, 0x5D, 0x49, 0x3C, 0xB0, 0xB5, 0x19,
    0xD9, 0x94, 0x6D, 0x00, 0x36, 0x71, 0x62, 0xB7, 0xDD, 0xE5, 0x8E, 0xE6, 0xDB, 0x54, 0x48, 0x59,
    0xDD, 0xB2, 0xE6, 0xAE, 0xEB, 0xB9, 0x9D, 0xAF, 0x87, 0x31, 0xF8, 0x5B, 0x1D, 0x52, 0x7D, 0x23,
    0x31, 0x92, 0x8B, 0xCD, 0xC5, 0xA6, 0xB2, 0x40, 0xFF, 0xB1, 0xFF, 0x38, 0xDE, 0xB5, 0xA6, 0xC0,
    0x78, 0x07, 0x60, 0x52, 0x4B, 0x3A, 0xD4, 0x95, 0x44, 0x0A, 0x4D, 0x48, 0xA1, 0xD0, 0x26, 0x37,
    0x83, 0xB9, 0x66, 0xC5, 0xDE, 0x45, 0x60, 0x85, 0xB9, 0xB6, 0x22, 0x8F, 0xFC, 0xCD, 0xD3, 0x60,
    0x15, 0x08, 0x5A, 0x5C, 0x7D, 0xB9, 0x3A, 0x67, 0x91, 0x9D, 0xD1, 0x8E, 0x67, 0x4A, 0x67, 0x55,
    0x8F, 0x41, 0x84, 0x86, 0xA1, 0xEB, 0x1A, 0x05, 0xCB, 0x8D, 0xB5, 0x49, 0x08, 0x35, 0x75, 0x14,
    0xDB, 0x3E, 0x95, 0x48, 0x8D, 0xA4, 0xFE, 0xFA, 0x6E, 0xF9, 0xAD, 0x24, 0xCF, 0x93, 0x4D, 0x45,
    0x4D, 0x8D, 0xB8, 0x27, 0x94, 0x0A, 0x73, 0xD2, 0x23, 0x66, 0xDB, 0x9A, 0x6C, 0x67, 0x97, 0xE5,
    0x6C, 0xCB, 0x0A, 0xAB, 0x64, 0xD3, 0xDA, 0xDF, 0xA3, 0xFA, 0x09, 0xBA, 0x25, 0x44, 0x8F, 0x4A,
    0x74, 0x73, 0x50, 0x1E, 0xAF, 0xC9, 0xA3, 0x3B, 0x9D, 0x66, 0x69, 0x26, 0x89, 0xD9, 0x01, 0xE9,
    0x31, 0xE0, 0xB8, 0x46, 0x6E, 0x26, 0x16, 0x5C, 0x9C, 0x11, 0x1B, 0xEB, 0x93, 0x63, 0x3B, 0xF3,
    0x9A, 0xF6, 0x56, 0x03, 0xC1, 0x45, 0xB7, 0x60, 0x51, 0x27, 0xE5, 0xD4, 0xA1, 0x58, 0x1E, 0x67,
    0xD0, 0x3F, 0xD6, 0x77, 0xC4, 0xC1, 0x24, 0x7C, 0x5C, 0xFC, 0x5A, 0x54, 0x96, 0x61, 0xB6, 0xF8,
    0xB9, 0x78, 0xDE, 0xBE, 0x9F, 0x00, 0xCF, 0x5B, 0x0A, 0x36, 0xA8, 0x7A, 0xD4, 0xD9, 0xBF, 0x94,
    0x22, 0x54, 0xD6, 0xA6, 0x53, 0xAF, 0x60, 0x91, 0x22, 0x46, 0xFE, 0x82, 0x4A, 0x0D, 0x9B, 0xA2,
    0x11, 0x10, 0x39, 0x71, 0xF5, 0xD2, 0x52, 0xA9, 0x32, 0x18, 0xA2, 0xD2, 0x43, 0xDE, 0x16, 0x74,
    0xB3, 0xD1, 0x4D, 0x28, 0xB6, 0x14, 0x42, 0x09, 0xC9, 0x55, 0x4A, 0x7F, 0x40, 0xED, 0x3B, 0xCC,
    0x0D, 0x48, 0x56, 0x43, 0xE3, 0x48, 0xE1, 0x74, 0x48, 0x89, 0xFB, 0x1A, 0xD9, 0x61, 0xC9, 0x49,
    0xBC, 0x51, 0x14, 0xD0, 0xA8, 0x74, 0x1A, 0x2F, 0x02, 0x73, 0x25, 0x65, 0x3A, 0xDC, 0x7B, 0xE0,
    0x5F, 0x7A, 0xF7, 0xE3, 0xF5, 0x28, 0x97, 0x3A, 0xFD, 0xF0, 0xDF, 0xB3, 0x1F, 0x26, 0x4E, 0x2D,
    0x0C, 0xA9, 0xE5, 0x46, 0xF0, 0xB4, 0x0A, 0x86, 0xA2, 0xAA, 0xC5, 0x33, 0x1A, 0x1E, 0x79, 0x1D,
    0xA3, 0x81, 0x60, 0x85, 0x80, 0x4E, 0x11, 0x03, 0x0E, 0xAE, 0x20, 0x47, 0x20, 0x16, 0xCE, 0x67,
    0x58, 0xEF, 0xE0, 0x38, 0xB0, 0x6D, 0xB8, 0x1E, 0xC2, 0x82, 0xD2, 0x54, 0x1F, 0xCD, 0x24, 0x8B,
    0x7C, 0x2D, 0x26, 0x61, 0x62, 0xE4, 0x0F, 0xF9, 0x6D, 0x62, 0x10, 0xE1, 0x30, 0xF1, 0xF7, 0x02,
    0x08, 0x04, 0xF8, 0x07, 0x4D, 0x55, 0x4B, 0x88, 0x1C, 0x55, 0x14, 0x3D, 0x55, 0x2F, 0xD3, 0x65,
    0xA6, 0x26, 0xBC, 0x80, 0x13, 0x08, 0xF9, 0x58, 0x51, 0x44, 0x41, 0x26, 0x56, 0xC0, 0x2C, 0x22,
    0xE9, 0xE9, 0x2A, 0x99, 0x45, 0x16, 0x0A, 0x19, 0x21, 0xBD, 0xCA, 0xC2, 0xA5, 0x22, 0x88, 0x11,
    0xB2, 0x50, 0xE8, 0xE9, 0x2E, 0xCD, 0xC2, 0x45, 0x16, 0x99, 0x85, 0xB8, 0x51, 0x48, 0x2F, 0x82,
    0xA0, 0x22, 0xC9, 0x22, 0x42, 0x02, 0xD3, 0xD3, 0xCF, 0xC4, 0x5D, 0x12, 0x52, 0x51, 0xA2, 0xE0,
    0x07, 0x4B, 0x13, 0x82, 0x46, 0xC1, 0x17, 0xAD, 0x49, 0x6A, 0x66, 0xAA, 0xFA, 0x79, 0x5E, 0xCD,
    0x24, 0xB1, 0xBA, 0xEF, 0xA5, 0x7E, 0xEF, 0xBE, 0x7B, 0xCF, 0x3D, 0xF7, 0x14, 0xB6, 0xC5, 0x70,
    0x57, 0x35, 0x7C, 0xA5, 0x11, 0x00, 0x88, 0xC6, 0xDA, 0x71, 0xCB, 0x5F, 0xCD, 0x5A, 0x22, 0x4D,
    0x23, 0x4F, 0xC5, 0xF2, 0xE4, 0x75, 0x38, 0xA7, 0x6F, 0x03, 0x32, 0x06, 0x82, 0x17, 0x62, 0x84,
    0x22, 0x81, 0x31, 0xBC, 0xB0, 0xC7, 0x65, 0xA0, 0xF1, 0x17, 0x30, 0x1C, 0xC2, 0xBB, 0x1B, 0x25,
    0xF2, 0xCA, 0x49, 0x84, 0x2F, 0x7D, 0x8D, 0xE8, 0xA9, 0x04, 0xD1, 0x73, 0x8C, 0xF5, 0x09, 0xED,
    0x0A, 0x10, 0x5E, 0x7E, 0x04, 0x72, 0xF9, 0x1C, 0x3C, 0x93, 0x62, 0x63, 0x1F, 0x98, 0x50, 0x6B,
    0xAB, 0xD1, 0x38, 0x05, 0x2C, 0x0E, 0x21, 0xB2, 0x08, 0x52, 0x3D, 0x8B, 0x90, 0x51, 0x23, 0xDE,
    0xEE, 0x46, 0x03, 0x0C, 0x82, 0x37, 0x50, 0x85, 0x40, 0xB5, 0x1B, 0x18, 0x34, 0x81, 0x5E, 0x73,
    0x17, 0xC2, 0x91, 0x66, 0x8C, 0x64, 0x6D, 0x6D, 0xBB, 0x1D, 0x3B, 0x86, 0x17, 0x2D, 0x11, 0x63,
    0x8E, 0xB6, 0xC0, 0x7B, 0xE5, 0xBA, 0x19, 0x0D, 0x27, 0x67, 0xF8, 0x25, 0xA6, 0xCC, 0x54, 0x45,
    0x06, 0xF8, 0xB4, 0xA8, 0xE2, 0x33, 0xA7, 0x8F, 0xD6, 0x00, 0xE7, 0x42, 0xE4, 0x3B, 0x1D, 0x0D,
    0xE4, 0x18, 0x1F, 0xCD, 0xF3, 0x3F, 0xB6, 0x1C, 0x07, 0x46, 0x39, 0x19, 0xC4, 0xA9, 0x0D, 0x81,
    0x29, 0x9F, 0x7F, 0x33, 0x5B, 0xDB, 0x66, 0xB3, 0x75, 0x7D, 0xBB, 0x8E, 0x75, 0x7D, 0xBF, 0x6A,
    0x62, 0xFF, 0x0F, 0x73, 0x3A, 0xF1, 0xF5, 0x28, 0x48, 0xA4, 0x2A, 0x83, 0x58, 0x7E, 0x55, 0x84,
    0x08, 0xDE, 0xD3, 0x11, 0xC2, 0x19, 0xBA, 0xC8, 0xD7, 0x2D, 0x44, 0x81, 0x8E, 0x66, 0x5B, 0xFB,
    0xB3, 0x50, 0xAD, 0xAD, 0xBC, 0x5F, 0x2E, 0x9C, 0x36, 0xB6, 0x30, 0x6B, 0xF4, 0x12, 0xF4, 0xE2,
    0x1D, 0x2C, 0x4A, 0xD1, 0x7D, 0x9E, 0x4E, 0xA1, 0xB1, 0xBA, 0xB2, 0x18, 0x37, 0x6E, 0x2D, 0x9F,
    0x47, 0xE3, 0x56, 0x75, 0x1E, 0xFE, 0x6D, 0xB3, 0x02, 0x91, 0x44, 0x7D, 0x88, 0x38, 0x4C, 0x21,
    0x20, 0x53, 0xF8, 0x6C, 0x11, 0x7A, 0xA9, 0x50, 0x8C, 0x32, 0x0B, 0xB8, 0x66, 0xC4, 0x80, 0x83,
    0x90, 0x68, 0x94, 0x52, 0x3D, 0x70, 0x17, 0xE1, 0x14, 0xE1, 0x09, 0xB8, 0x4B, 0x8B, 0xC3, 0x4C,
    0x98, 0x9B, 0xAD, 0x58, 0x68, 0x4C, 0xC3, 0xCB, 0xD0, 0x84, 0x97, 0xA2, 0x63, 0x03, 0x75, 0x30,
    0x2C, 0x11, 0xA9, 0xF5, 0x84, 0x0E, 0x59, 0x6F, 0x86, 0xB6, 0x9F, 0x5D, 0x1B, 0x02, 0x73, 0x7C,
    0x85, 0x81, 0x65, 0x6A, 0x32, 0x1B, 0xEF, 0x9A, 0x46, 0x19, 0x1E, 0x50, 0x99, 0x63, 0x72, 0x2F,
    0x87, 0x7B, 0x37, 0x77, 0x4D, 0x2C, 0xEE, 0x14, 0x4C, 0x5D, 0xE8, 0x72, 0x83, 0x9F, 0x09, 0x3D,
    0x78, 0x4C, 0xA4, 0x7E, 0xD6, 0x0B, 0x3C, 0xD5, 0xAB, 0x82, 0x4B, 0x66, 0xBD, 0xD4, 0xB1, 0x36,
    0xE2, 0x2D, 0xB3, 0xB2, 0x72, 0x55, 0x98, 0x0A, 0x2D, 0x52, 0x09, 0xA1, 0xFD, 0x6C, 0x13, 0xBD,
    0xCC, 0xA6, 0xE0, 0xEA, 0xFD, 0x7A, 0x2F, 0x22, 0xC3, 0x03, 0x6E, 0x7E, 0x43, 0x67, 0x70, 0x96,
    0x2E, 0xFC, 0xC3, 0xD2, 0xEE, 0xBD, 0x7B, 0x2F, 0x61, 0x3E, 0x8E, 0x0D, 0x33, 0xC2, 0xA8, 0xEE,
    0xA7, 0xED, 0x68, 0xC1, 0x5F, 0x7D, 0xF4, 0x4C, 0x56, 0xCC, 0xB5, 0xF3, 0xA2, 0x83, 0xA2, 0xE8,
    0x4C, 0x2E, 0x14, 0x9D, 0xCE, 0xFF, 0x0D, 0xD6, 0xF2, 0x4E, 0xF7, 0xB0, 0xEE, 0xF4, 0x2C, 0x51,
    0xDA, 0xB6, 0x38, 0xD4, 0xAC, 0x92, 0x86, 0xD5, 0x0D, 0x80, 0xD7, 0x4B, 0xB8, 0x2B, 0x25, 0xC1,
    0x2C, 0x48, 0xE7, 0x1C, 0x91, 0x9B, 0x93, 0x42, 0x7A, 0xCD, 0x48, 0x92, 0xE8, 0xD5, 0x25, 0x04,
    0xBF, 0x55, 0xF5, 0x5E, 0x5B, 0x08, 0xF4, 0x33, 0x9F, 0xB1, 0x85, 0x63, 0xF3, 0x68, 0x95, 0xC8,
    0xE7, 0x44, 0xD6, 0xF4, 0x14, 0x82, 0xEB, 0x88, 0x6E, 0x23, 0x60, 0x0F, 0x4B, 0x4B, 0xD9, 0x20,
    0xB6, 0xE7, 0xF2, 0x9A, 0x72, 0xEB, 0xA9, 0x70, 0xDA, 0x2F, 0xB7, 0xB9, 0xE9, 0xB7, 0xCC, 0xBD,
    0x4B, 0x3A, 0x91, 0x9B, 0xCC, 0x63, 0xB0, 0xD3, 0x56, 0x72, 0x16, 0x24, 0xDB, 0x4A, 0x1F, 0xE3,
    0x66, 0xD4, 0x67, 0x8B, 0x58, 0x97, 0xD0, 0x95, 0x75, 0x3D, 0xEB, 0xA2, 0x98, 0x24, 0x25, 0x65,
    0x7A, 0xA5, 0xAF, 0xB9, 0x75, 0x3B, 0x26, 0x3C, 0xC9, 0xD1, 0x48, 0xC4, 0x67, 0x68, 0xE8, 0x3E,
    0xCE, 0x31, 0x63, 0x67, 0xF8, 0x7E, 0x50, 0xCD, 0x63, 0x92, 0xD5, 0xB9, 0x84, 0x24, 0x22, 0xCD,
    0x1F, 0x25, 0x8D, 0x3D, 0x5A, 0x34, 0xC2, 0x83, 0x63, 0x5F, 0xED, 0xB5, 0xCD, 0x67, 0x68, 0x8B,
    0x71, 0x0F, 0x5E, 0xB2, 0x73, 0x23, 0x67, 0x6C, 0x73, 0x43, 0xD7, 0x3E, 0x88, 0x6A, 0xDF, 0xAA,
    0xFD, 0x5C, 0xED, 0x17, 0x5C, 0x4D, 0x3A, 0x94, 0xE2, 0xDF, 0xBF, 0x09, 0xB8, 0xF7, 0xE3, 0xF1,
    0x24, 0xCA, 0xFD, 0xAB, 0xC7, 0xD5, 0x5B, 0x45, 0x28, 0xAF, 0xC6, 0xD1, 0x47, 0x45, 0x50, 0xC3,
    0x12, 0xD6, 0xA1, 0x5B, 0xB5, 0x9F, 0xAE, 0xFD, 0x6B, 0x76, 0x83, 0x79, 0x04, 0xE7, 0x30, 0xDD,
    0x44, 0xB3, 0x69, 0x7D, 0x6B, 0x1F, 0xA2, 0x33, 0x08, 0x33, 0xCE, 0xB5, 0x38, 0x98, 0xFA, 0xBF,
    0x64, 0xD2, 0xE8, 0xE9, 0xA5, 0xE2, 0x68, 0x9F, 0x45, 0x2F, 0xE0, 0x8C, 0x6D, 0x12, 0x16, 0x73,
    0x8C, 0xC5, 0x96, 0xCC, 0x35, 0xFF, 0xC8, 0x3E, 0xCF, 0x98, 0x12, 0x95, 0x9F, 0xF9, 0xC6, 0xE4,
    0x63, 0xD5, 0x2B, 0xA9, 0x53, 0xF4, 0x62, 0xD7, 0xFC, 0x4E, 0x6C, 0xF0, 0xC0, 0xEC, 0x1C, 0xF7,
    0xAA, 0xFB, 0x24, 0xBB, 0x69, 0x09, 0x91, 0x88, 0x3B, 0x27, 0x94, 0xBC, 0xF0, 0x62, 0x12, 0xCE,
    0xC4, 0x88, 0x04, 0x71, 0xA7, 0x0D, 0xBC, 0x76, 0x5C, 0x8D, 0x9B, 0xA4, 0x9A, 0xA0, 0x96, 0x4C,
    0x94, 0xE8, 0xEE, 0x60, 0xB3, 0x3E, 0x2D, 0xA9, 0x1F, 0x5C, 0xB3, 0xF7, 0x3E, 0x4C, 0x93, 0xA8,
    0x11, 0x75, 0x88, 0x9C, 0xE8, 0x32, 0x38, 0x79, 0xB2, 0x29, 0x02, 0xF7, 0x2F, 0xC7, 0xBE, 0xEC,
    0x7D, 0x30, 0xBE, 0x32, 0x3C, 0xB5, 0xFD, 0xF6, 0xE9, 0x9B, 0x22, 0x09, 0x12, 0x9F, 0x95, 0x04,
    0x08, 0x94, 0x51, 0x14, 0x97, 0xC6, 0x3C, 0x75, 0x8B, 0x5C, 0x2A, 0x24, 0x31, 0xAE, 0x55, 0x93,
    0x3A, 0x43, 0x71, 0x0B, 0x4B, 0xCB, 0x69, 0xE5, 0x33, 0xA4, 0x9D, 0x22, 0xFB, 0x24, 0xC0, 0x56,
    0x4A, 0xE7, 0x59, 0xCE, 0x6B, 0xFA, 0xB0, 0x3B, 0x0D, 0xE6, 0x30, 0x34, 0x10, 0x37, 0x7A, 0x90,
    0x17, 0xA9, 0x7B, 0x33, 0x8C, 0xD0, 0x60, 0xDE, 0x1B, 0x99, 0xF7, 0x04, 0x33, 0xB2, 0x46, 0x65,
    0x18, 0x6C, 0x65, 0x79, 0x4F, 0x52, 0xF7, 0x96, 0xD7, 0x75, 0xEF, 0xC8, 0xBA, 0x8C, 0xCC, 0x1E,
    0xA2, 0xA6, 0xE5, 0x10, 0xBF, 0xE6, 0xF0, 0xBE, 0xD1, 0x76, 0x4F, 0xC6, 0x21, 0xD6, 0xC7, 0x52,
    0xC8, 0x03, 0x24, 0x28, 0x95, 0x22, 0xE4, 0x30, 0x47, 0x92, 0xF2, 0x48, 0x7A, 0xCE, 0x05, 0xF3,
    0x58, 0x90, 0x7A, 0x6D, 0xF1, 0xB6, 0xD8, 0x59, 0x29, 0x3C, 0xB5, 0x20, 0xD5, 0xDB, 0x7C, 0xC5,
    0x67, 0x94, 0x11, 0x1B, 0xA0, 0x6C, 0xAF, 0x48, 0xC4, 0x65, 0xFD, 0xD3, 0xCF, 0xD9, 0x17, 0x27,
    0x15, 0xB9, 0xF4, 0xF4, 0x11, 0x3C, 0xB1, 0x8B, 0x73, 0xDC, 0x96, 0xB5, 0xD4, 0x50, 0x14, 0x77,
    0x77, 0x9B, 0x7B, 0xE7, 0xA6, 0x76, 0x2D, 0x4C, 0xDA, 0x91, 0x2C, 0xAC, 0xC4, 0x72, 0x78, 0xC8,
    0x1C, 0xF6, 0x85, 0x95, 0x8F, 0xB5, 0x67, 0xB7, 0x93, 0xD7, 0x03, 0x6C, 0x19, 0xCE, 0x46, 0x14,
    0x8F, 0x0A, 0xA2, 0xC0, 0x70, 0x1E, 0x8B, 0x2C, 0x82, 0xF5, 0x25, 0x20, 0xB7, 0x65, 0x06, 0x8F,
    0xAC, 0xB5, 0xD2, 0x9D, 0x58, 0xF2, 0x74, 0xCE, 0x62, 0x98, 0xB8, 0xC5, 0xAE, 0xF1, 0xD5, 0xD4,
    0xA9, 0x36, 0x4B, 0x5D, 0x34, 0x74, 0x87, 0x43, 0x26, 0xD2, 0x7D, 0x7E, 0xAA, 0xD9, 0xD9, 0x46,
    0x6C, 0x95, 0x6A, 0x4F, 0x8A, 0x77, 0x4C, 0x1E, 0x8D, 0x4A, 0x47, 0x6D, 0x82, 0x9A, 0x70, 0x56,
    0xA7, 0x5C, 0xA3, 0xA5, 0x93, 0xEC, 0x67, 0xD7, 0xE2, 0xBE, 0xF8, 0x33, 0xC5, 0xFA, 0xF7, 0x88,
    0xBA, 0x08, 0xF2, 0xC3, 0xA9, 0xE1, 0x8D, 0xC5, 0xAF, 0x97, 0x94, 0x7F, 0xE1, 0x58, 0x2A, 0x8F,
    0xCD, 0xA4, 0xC1, 0xCC, 0x4C, 0x1A, 0x7A, 0x9E, 0x0A, 0x7D, 0x5F, 0xB5, 0xC6, 0xA5, 0x9A, 0xDE,
    0x24, 0x93, 0xCE, 0x04, 0xBF, 0x69, 0x35, 0xFD, 0x28, 0x11, 0x5D, 0xCE, 0xF0, 0x80, 0x80, 0x10,
    0x17, 0x94, 0x3C, 0x2F, 0x7A, 0xA4, 0x41, 0x61, 0x0B, 0x84, 0xC7, 0xCF, 0xC8, 0xF6, 0x15, 0x3C,
    0xFC, 0x8C, 0x58, 0x38, 0xDC, 0x04, 0xE3, 0x29, 0x95, 0xD4, 0xAD, 0x06, 0xDE, 0x0F, 0x4D, 0xF9,
    0x1D, 0x82, 0x0F, 0xAD, 0x12, 0x70, 0x38, 0xE8, 0x89, 0x3B, 0xD5, 0x16, 0xE7, 0x49, 0x4E, 0x35,
    0x24, 0xB6, 0xDE, 0x1E, 0xE7, 0xF0, 0x19, 0x97, 0xE1, 0x8A, 0x39, 0x14, 0xD3, 0x4E, 0x3E, 0xED,
    0xE8, 0x05, 0x77, 0x35, 0x13, 0xFC, 0xA7, 0x85, 0x97, 0x16, 0x14, 0x23, 0x5F, 0xE5, 0xF2, 0x7D,
    0x3D, 0x34, 0x89, 0xF3, 0x31, 0x9C, 0x43, 0xF8, 0x0F, 0x63, 0x60, 0xD8, 0x7F, 0x61, 0xFF, 0x01,
    0x00, 0x85, 0x91, 0x3F, 0x4E, 0x84, 0x40, 0x18, 0xC5, 0x1F, 0x10, 0xA5, 0xA0, 0xC0, 0x62, 0xAD,
    0xB9, 0x81, 0xDC, 0x00, 0x50, 0x2F, 0xB0, 0x85, 0xDE, 0xC0, 0x7E, 0x4F, 0x80, 0x61, 0x4D, 0xD4,
    0x0B, 0x59, 0x2E, 0xD9, 0x49, 0x3C, 0x80, 0xDC, 0x40, 0x62, 0xEC, 0xA5, 0xC0, 0xCD, 0x14, 0xB3,
    0x8C, 0xEF, 0xFB, 0x70, 0x13, 0x4D, 0x4C, 0xA4, 0xF8, 0x08, 0x7F, 0xE6, 0xF7, 0xDE, 0xFC, 0x06,
    0x40, 0xB0, 0x04, 0xFC, 0x6B, 0x8B, 0xE8, 0x6D, 0x3A, 0x43, 0x62, 0xDA, 0x05, 0x52, 0xE3, 0x80,
    0xAD, 0xF7, 0x06, 0xD9, 0xBD, 0x05, 0xF2, 0xF3, 0x11, 0x28, 0xC3, 0x81, 0x23, 0xE2, 0x28, 0x64,
    0xD4, 0x71, 0x0F, 0xB4, 0x49, 0x07, 0xB8, 0xC4, 0x70, 0xA4, 0x1C, 0x36, 0x6D, 0x10, 0x0E, 0x59,
    0x85, 0xA8, 0x2F, 0x80, 0xD5, 0x03, 0x97, 0x2E, 0x82, 0x0A, 0xBC, 0x8E, 0x24, 0xC2, 0xF1, 0xFD,
    0x9E, 0x01, 0x37, 0x90, 0x9F, 0xB7, 0x7C, 0xCE, 0xD6, 0x16, 0xF9, 0xC5, 0xA8, 0x6C, 0x41, 0x17,
    0x51, 0x4F, 0x70, 0xA7, 0x5C, 0x97, 0xBC, 0xC3, 0x45, 0x16, 0x84, 0x48, 0x32, 0xBF, 0x60, 0xD5,
    0x10, 0x08, 0xE5, 0x91, 0xEA, 0x3D, 0x5F, 0x4E, 0x52, 0x98, 0xBC, 0x0D, 0xB6, 0x8E, 0xBC, 0xC6,
    0xB1, 0xAC, 0x25, 0x6F, 0xFC, 0xE6, 0x0D, 0xA8, 0xB9, 0xB2, 0x65, 0x59, 0x17, 0x7F, 0x92, 0xE7,
    0xFE, 0xE6, 0x01, 0xD7, 0x10, 0x09, 0x1F, 0x86, 0x16, 0x3C, 0xD3, 0x49, 0x3D, 0xAE, 0x66, 0x0F,
    0x22, 0x42, 0x4C, 0xAC, 0x6D, 0xD6, 0x88, 0x0A, 0xEE, 0x8F, 0x7D, 0x73, 0x95, 0x51, 0xAA, 0x8D,
    0x52, 0x75, 0x70, 0xCB, 0x6D, 0xDC, 0xD5, 0x2A, 0xE4, 0x76, 0x29, 0x46, 0xCA, 0x46, 0x95, 0xCC,
    0x4E, 0x66, 0x29, 0x58, 0xDD, 0xB1, 0xC0, 0x41, 0x0B, 0xAF, 0xAB, 0x39, 0x77, 0xD0, 0xDC, 0x5E,
    0x72, 0xD9, 0x95, 0xB9, 0xEC, 0xC0, 0xDC, 0x17, 0xCD, 0xA5, 0x2E, 0xE6, 0x92, 0x54, 0x2A, 0x89,
    0xB9, 0xF9, 0x8F, 0xDC, 0x52, 0x73, 0x0B, 0xCD, 0x2D, 0xE7, 0x5C, 0xF3, 0x5F, 0xEE, 0x29, 0x6F,
    0xC1, 0x64, 0xE5, 0x23, 0x0B, 0x27, 0x86, 0x43, 0x1C, 0x22, 0x7D, 0xD4, 0x9D, 0x3A, 0xA8, 0x46,
    0xE4, 0xE1, 0xF8, 0xEB, 0xCC, 0x45, 0x9A, 0xF4, 0xA3, 0xCC, 0x1D, 0x47, 0xB8, 0x87, 0xE8, 0x54,
    0x9F, 0x2A, 0x54, 0x8D, 0x1E, 0x94, 0xCA, 0x19, 0x61, 0x22, 0x2A, 0x92, 0x72, 0xB1, 0xE1, 0x48,
    0x9A, 0x1A, 0xB1, 0x7F, 0xF6, 0x7D, 0x1A, 0xD3, 0x6C, 0x16, 0xF1, 0xB8, 0xB2, 0x2E, 0xB0, 0x48,
    0x1D, 0x83, 0x42, 0x4F, 0xCE, 0x49, 0x7E, 0x39, 0xE0, 0x29, 0xE5, 0xD8, 0x64, 0xD1, 0xAE, 0xCA,
    0x6D, 0x30, 0xCD, 0xB4, 0x2F, 0x63, 0x60, 0x00, 0x83, 0x02, 0x20, 0x66, 0xFC, 0x03, 0x24, 0xD8,
    0xFF, 0x03, 0x09, 0xB9, 0xE8, 0x03, 0x0C, 0x0C, 0x25, 0x09, 0x1B, 0x18, 0x18, 0xBF, 0xEC, 0xB0,
    0x01, 0x0A, 0xFD, 0xB0, 0x67, 0x90, 0xFF, 0xFF, 0xA1, 0xFE, 0x80, 0xFD, 0xFF, 0x8B, 0xFF, 0x1F,
    0xF0, 0xFF, 0xEF, 0xFF, 0x7F, 0x80, 0xF9, 0xFF, 0x7C, 0xA0, 0xC2, 0xFF, 0xFF, 0x81, 0x5A, 0xEC,
    0xF9, 0x3F, 0x30, 0x30, 0xF0, 0x73, 0x03, 0x75, 0x30, 0xBF, 0x03, 0x19, 0xF5, 0x03, 0x44, 0x28,
    0x30, 0x30, 0x00, 0x00,
};

static const EpdGlyph notoserif_9_bolditalicGlyphs[] = {
    { 0, 0, 0, 0, 0, 0, 0 }, // U+0000
    { 0, 0, 78, 0, 0, 0, 0 }, // U+000D
    { 0, 0, 78, 0, 0, 0, 0 }, // U+0020
    { 7, 15, 118, 1, 14, 27, 0 }, // !
    { 9, 6, 152, 2, 14, 14, 27 }, // "
    { 11, 14, 168, 0, 14, 39, 41 }, // #
    { 11, 17, 168, 0, 15, 47, 80 }, // $
    { 16, 15, 269, 1, 14, 60, 127 }, // %
    { 15, 15, 240, 0, 14, 57, 187 }, // &
    { 5, 6, 87, 2, 14, 8, 244 }, // '
    { 9, 18, 120, 0, 15, 41, 252 }, // (
    { 9, 18, 120, -1, 15, 41, 293 }, // )
    { 9, 9, 185, 2, 15, 21, 334 }, // *
    { 9, 9, 168, 1, 11, 21, 355 }, // +
    { 5, 6, 91, -1, 3, 8, 376 }, // ,
    { 6, 3, 93, 0, 7, 5, 384 }, // -
    { 4, 4, 91, 0, 3, 4, 389 }, // .
    { 10, 18, 86, -2, 15, 45, 393 }, // /
    { 11, 15, 168, 0, 14, 42, 438 }, // 0
    { 9, 14, 155, 0, 14, 32, 480 }, // 1
    { 12, 14, 168, -1, 14, 42, 512 }, // 2
    { 12, 15, 168, -1, 14, 45, 554 }, // 3
    { 11, 14, 168, 0, 14, 39, 599 }, // 4
    { 11, 15, 168, 0, 14, 42, 638 }, // 5
    { 12, 15, 168, 0, 14, 45, 680 }, // 6
    { 11, 14, 168, 1, 14, 39, 725 }, // 7
    { 11, 15, 168, 0, 14, 42, 764 }, // 8
    { 11, 15, 168, 0, 14, 42, 806 }, // 9
    { 6, 12, 107, 0, 11, 18, 848 }, // :
    { 7, 14, 107, -1, 11, 25, 866 }, // ;
    { 9, 11, 168, 1, 12, 25, 891 }, // <
    { 9, 6, 168, 1, 10, 14, 916 }, // =
    { 9, 11, 168, 1, 12, 25, 930 }, // >
    { 10, 15, 160, 1, 14, 38, 955 }, // ?
    { 17, 17, 276, 0, 14, 73, 993 }, // @
    { 15, 14, 226, -1, 14, 53, 1066 }, // A
    { 14, 14, 202, -1, 14, 49, 1119 }, // B
    { 13, 15, 200, 1, 14, 49, 1168 }, // C
    { 16, 14, 230, -1, 14, 56, 1217 }, // D
    { 14, 14, 190, -1, 14, 49, 1273 }, // E
    { 14, 14, 186, -1, 14, 49, 1322 }, // F
    { 14, 15, 239, 1, 14, 53, 1371 }, // G
    { 18, 14, 246, -1, 14, 63, 1424 }, // H
    { 10, 14, 120, -1, 14, 35, 1487 }, // I
    { 12, 19, 120, -3, 14, 57, 1522 }, // J
    { 17, 14, 222, -1, 14, 60, 1579 }, // K
    { 13, 14, 196, -1, 14, 46, 1639 }, // L
    { 21, 14, 286, -1, 14, 74, 1685 }, // M
    { 18, 14, 236, -1, 14, 63, 1759 }, // N
    { 14, 15, 238, 1, 14, 53, 1822 }, // O
    { 14, 14, 199, -1, 14, 49, 1875 }, // P
    { 14, 19, 236, 1, 14, 67, 1924 }, // Q
    { 14, 14, 212, -1, 14, 49, 1991 }, // R
    { 12, 15, 176, 0, 14, 45, 2040 }, // S
    { 13, 14, 196, 1, 14, 46, 2085 }, // T
    { 15, 15, 224, 1, 14, 57, 2131 }, // U
    { 14, 14, 209, 1, 14, 49, 2188 }, // V
    { 21, 14, 320, 1, 14, 74, 2237 }, // W
    { 16, 14, 220, -1, 14, 56, 2311 }, // X
    { 14, 14, 208, 1, 14, 49, 2367 }, // Y
    { 15, 14, 200, -1, 14, 53, 2416 }, // Z
    { 10, 18, 124, 0, 15, 45, 2469 }, // [
    { 3, 18, 86, 2, 15, 14, 2514 }, // <backslash>
    { 9, 18, 124, -1, 15, 41, 2528 }, // ]
    { 10, 10, 168, 0, 14, 25, 2569 }, // ^
    { 10, 2, 138, -2, -1, 5, 2594 }, // _
    { 5, 4, 100, 2, 15, 5, 2599 }, // `
    { 12, 12, 199, 0, 11, 36, 2604 }, // a
    { 11, 16, 187, 0, 15, 44, 2640 }, // b
    { 10, 12, 158, 0, 11, 30, 2684 }, // c
    { 13, 16, 199, 0, 15, 52, 2714 }, // d
    { 10, 12, 160, 0, 11, 30, 2766 }, // e
    { 14, 20, 121, -3, 15, 70, 2796 }, // f
    { 14, 16, 174, -2, 11, 56, 2866 }, // g
    { 12, 16, 197, 0, 15, 48, 2922 }, // h
    { 6, 16, 106, 1, 15, 24, 2970 }, // i
    { 10, 20, 101, -3, 15, 50, 2994 }, // j
    { 12, 15, 179, 0, 15, 45, 3044 }, // k
    { 7, 16, 106, 0, 15, 28, 3089 }, // l
    { 18, 12, 291, 0, 11, 54, 3117 }, // m
    { 13, 12, 202, 0, 11, 39, 3171 }, // n
    { 11, 12, 185, 0, 11, 33, 3210 }, // o
    { 12, 16, 187, -1, 11, 48, 3243 }, // p
    { 12, 16, 189, 0, 11, 48, 3291 }, // q
    { 11, 11, 165, 0, 11, 31, 3339 }, // r
    { 10, 12, 154, 0, 11, 30, 3370 }, // s
    { 7, 14, 125, 1, 13, 25, 3400 }, // t
    { 12, 12, 202, 1, 11, 36, 3425 }, // u
    { 11, 12, 176, 0, 11, 33, 3461 }, // v
    { 16, 12, 262, 0, 11, 48, 3494 }, // w
    { 13, 11, 181, -1, 11, 36, 3542 }, // x
    { 15, 16, 176, -4, 11, 60, 3578 }, // y
    { 10, 11, 167, 0, 11, 28, 3638 }, // z
    { 10, 18, 133, 0, 15, 45, 3666 }, // {
    { 2, 20, 168, 4, 15, 10, 3711 }, // |
    { 11, 18, 133, -2, 15, 50, 3721 }, // }
    { 10, 5, 168, 0, 9, 13, 3771 }, // ~
    { 0, 0, 78, 0, 0, 0, 0 }, // U+00A0
    { 6, 15, 118, 0, 11, 23, 0 }, // U+00A1
    { 10, 14, 168, 1, 14, 35, 23 }, // U+00A2
    { 12, 15, 168, -1, 14, 45, 58 }, // U+00A3
    { 9, 9, 168, 1, 11, 21, 103 }, // U+00A4
    { 13, 14, 168, 0, 14, 46, 124 }, // U+00A5
    { 2, 20, 168, 4, 15, 10, 170 }, // U+00A6
    { 11, 18, 163, 0, 15, 50, 180 }, // U+00A7
    { 7, 4, 173, 3, 15, 7, 230 }, // U+00A8
    { 14, 15, 253, 1, 14, 53, 237 }, // U+00A9
    { 8, 7, 129, 1, 14, 14, 290 }, // U+00AA
    { 9, 8, 166, 1, 9, 18, 304 }, // U+00AB
    { 9, 6, 168, 1, 8, 14, 322 }, // U+00AC
    { 6, 3, 93, 0, 7, 5, 336 }, // U+00AD
    { 14, 15, 253, 1, 14, 53, 341 }, // U+00AE
    { 10, 2, 138, 1, 16, 5, 394 }, // U+00AF
    { 7, 7, 120, 2, 14, 13, 399 }, // U+00B0
    { 9, 11, 168, 1, 11, 25, 412 }, // U+00B1
    { 8, 9, 120, 1, 16, 18, 437 }, // U+00B2
    { 8, 9, 120, 1, 16, 18, 455 }, // U+00B3
    { 6, 4, 97, 2, 15, 6, 473 }, // U+00B4
    { 14, 16, 203, -1, 11, 56, 479 }, // U+00B5
    { 11, 18, 188, 1, 15, 50, 535 }, // U+00B6
    { 4, 4, 91, 1, 9, 4, 585 }, // U+00B7
    { 6, 6, 100, 0, 1, 9, 589 }, // U+00B8
    { 7, 9, 120, 1, 16, 16, 598 }, // U+00B9
    { 8, 7, 122, 1, 14, 14, 614 }, // U+00BA
    { 10, 8, 166, 0, 9, 20, 628 }, // U+00BB
    { 15, 14, 265, 1, 14, 53, 648 }, // U+00BC
    { 15, 14, 265, 1, 14, 53, 701 }, // U+00BD
    { 16, 14, 265, 0, 14, 56, 754 }, // U+00BE
    { 9, 15, 160, 0, 11, 34, 810 }, // U+00BF
    { 15, 18, 226, -1, 18, 68, 844 }, // U+00C0
    { 15, 18, 226, -1, 18, 68, 912 }, // U+00C1
    { 15, 18, 226, -1, 18, 68, 980 }, // U+00C2
    { 15, 18, 226, -1, 18, 68, 1048 }, // U+00C3
    { 15, 18, 226, -1, 18, 68, 1116 }, // U+00C4
    { 15, 17, 226, -1, 17, 64, 1184 }, // U+00C5
    { 21, 14, 298, -1, 14, 74, 1248 }, // U+00C6
    { 13, 19, 200, 1, 14, 62, 1322 }, // U+00C7
    { 14, 18, 190, -1, 18, 63, 1384 }, // U+00C8
    { 14, 18, 190, -1, 18, 63, 1447 }, // U+00C9
    { 14, 18, 190, -1, 18, 63, 1510 }, // U+00CA
    { 14, 18, 190, -1, 18, 63, 1573 }, // U+00CB
    { 10, 18, 120, -1, 18, 45, 1636 }, // U+00CC
    { 11, 18, 120, -1, 18, 50, 1681 }, // U+00CD
    { 11, 18, 120, -1, 18, 50, 1731 }, // U+00CE
    { 11, 18, 120, -1, 18, 50, 1781 }, // U+00CF
    { 16, 14, 230, -1, 14, 56, 1831 }, // U+00D0
    { 18, 18, 236, -1, 18, 81, 1887 }, // U+00D1
    { 14, 19, 238, 1, 18, 67, 1968 }, // U+00D2
    { 14, 19, 238, 1, 18, 67, 2035 }, // U+00D3
    { 14, 19, 238, 1, 18, 67, 2102 }, // U+00D4
    { 14, 19, 238, 1, 18, 67, 2169 }, // U+00D5
    { 14, 19, 238, 1, 18, 67, 2236 }, // U+00D6
    { 8, 8, 168, 1, 11, 16, 2303 }, // U+00D7
    { 14, 16, 238, 1, 15, 56, 2319 }, // U+00D8
    { 15, 19, 224, 1, 18, 72, 2375 }, // U+00D9
    { 15, 19, 224, 1, 18, 72, 2447 }, // U+00DA
    { 15, 19, 224, 1, 18, 72, 2519 }, // U+00DB
    { 15, 19, 224, 1, 18, 72, 2591 }, // U+00DC
    { 14, 18, 208, 1, 18, 63, 2663 }, // U+00DD
    { 13, 14, 191, -1, 14, 46, 2726 }, // U+00DE
    { 16, 20, 208, -3, 15, 80, 2772 }, // U+00DF
    { 12, 16, 199, 0, 15, 48, 2852 }, // U+00E0
    { 12, 16, 199, 0, 15, 48, 2900 }, // U+00E1
    { 12, 16, 199, 0, 15, 48, 2948 }, // U+00E2
    { 12, 16, 199, 0, 15, 48, 2996 }, // U+00E3
    { 12, 16, 199, 0, 15, 48, 3044 }, // U+00E4
    { 12, 17, 199, 0, 16, 51, 3092 }, // U+00E5
    { 17, 12, 264, 0, 11, 51, 3143 }, // U+00E6
    { 10, 16, 158, 0, 11, 40, 3194 }, // U+00E7
    { 10, 16, 160, 0, 15, 40, 3234 }, // U+00E8
    { 11, 16, 160, 0, 15, 44, 3274 }, // U+00E9
    { 11, 16, 160, 0, 15, 44, 3318 }, // U+00EA
    { 10, 16, 160, 0, 15, 40, 3362 }, // U+00EB
    { 6, 16, 106, 1, 15, 24, 3402 }, // U+00EC
    { 8, 16, 106, 1, 15, 32, 3426 }, // U+00ED
    { 8, 16, 106, 0, 15, 32, 3458 }, // U+00EE
    { 8, 16, 106, 0, 15, 32, 3490 }, // U+00EF
    { 11, 16, 184, 0, 15, 44, 3522 }, // U+00F0
    { 13, 16, 202, 0, 15, 52, 3566 }, // U+00F1
    { 11, 16, 185, 0, 15, 44, 3618 }, // U+00F2
    { 12, 16, 185, 0, 15, 48, 3662 }, // U+00F3
    { 11, 16, 185, 0, 15, 44, 3710 }, // U+00F4
    { 12, 16, 185, 0, 15, 48, 3754 }, // U+00F5
    { 11, 16, 185, 0, 15, 44, 3802 }, // U+00F6
    { 9, 10, 168, 1, 12, 23, 3846 }, // U+00F7
    { 12, 12, 185, 0, 11, 36, 3869 }, // U+00F8
    { 12, 16, 202, 1, 15, 48, 3905 }, // U+00F9
    { 12, 16, 202, 1, 15, 48, 3953 }, // U+00FA
    { 12, 16, 202, 1, 15, 48, 4001 }, // U+00FB
    { 12, 16, 202, 1, 15, 48, 4049 }, // U+00FC
    { 15, 20, 176, -4, 15, 75, 4097 }, // U+00FD
    { 12, 20, 187, -1, 15, 60, 4172 }, // U+00FE
    { 15, 20, 176, -4, 15, 75, 4232 }, // U+00FF
    { 15, 16, 226, -1, 16, 60, 0 }, // U+0100
    { 12, 14, 199, 0, 13, 42, 60 }, // U+0101
    { 15, 18, 226, -1, 18, 68, 102 }, // U+0102
    { 12, 16, 199, 0, 15, 48, 170 }, // U+0103
    { 15, 19, 226, -1, 14, 72, 218 }, // U+0104
    { 12, 16, 199, 0, 11, 48, 290 }, // U+0105
    { 13, 19, 200, 1, 18, 62, 338 }, // U+0106
    { 12, 16, 158, 0, 15, 48, 400 }, // U+0107
    { 13, 19, 200, 1, 18, 62, 448 }, // U+0108
    { 11, 16, 158, 0, 15, 44, 510 }, // U+0109
    { 13, 19, 200, 1, 18, 62, 554 }, // U+010A
    { 10, 16, 158, 0, 15, 40, 616 }, // U+010B
    { 13, 19, 200, 1, 18, 62, 656 }, // U+010C
    { 11, 16, 158, 0, 15, 44, 718 }, // U+010D
    { 16, 18, 230, -1, 18, 72, 762 }, // U+010E
    { 17, 16, 199, 0, 15, 68, 834 }, // U+010F
    { 16, 14, 230, -1, 14, 56, 902 }, // U+0110
    { 14, 16, 199, 0, 15, 56, 958 }, // U+0111
    { 14, 16, 190, -1, 16, 56, 1014 }, // U+0112
    { 10, 14, 160, 0, 13, 35, 1070 }, // U+0113
    { 14, 18, 190, -1, 18, 63, 1105 }, // U+0114
    { 11, 16, 160, 0, 15, 44, 1168 }, // U+0115
    { 14, 18, 190, -1, 18, 63, 1212 }, // U+0116
    { 10, 16, 160, 0, 15, 40, 1275 }, // U+0117
    { 14, 19, 190, -1, 14, 67, 1315 }, // U+0118
    { 10, 16, 160, 0, 11, 40, 1382 }, // U+0119
    { 14, 18, 190, -1, 18, 63, 1422 }, // U+011A
    { 11, 16, 160, 0, 15, 44, 1485 }, // U+011B
    { 14, 19, 239, 1, 18, 67, 1529 }, // U+011C
    { 14, 20, 174, -2, 15, 70, 1596 }, // U+011D
    { 14, 19, 239, 1, 18, 67, 1666 }, // U+011E
    { 14, 20, 174, -2, 15, 70, 1733 }, // U+011F
    { 14, 19, 239, 1, 18, 67, 1803 }, // U+0120
    { 14, 20, 174, -2, 15, 70, 1870 }, // U+0121
    { 14, 19, 239, 1, 14, 67, 1940 }, // U+0122
    { 14, 20, 174, -2, 15, 70, 2007 }, // U+0123
    { 18, 18, 246, -1, 18, 81, 2077 }, // U+0124
    { 12, 20, 197, 0, 19, 60, 2158 }, // U+0125
    { 18, 14, 246, -1, 14, 63, 2218 }, // U+0126
    { 12, 16, 197, 0, 15, 48, 2281 }, // U+0127
    { 11, 18, 120, -1, 18, 50, 2329 }, // U+0128
    { 8, 16, 106, 0, 15, 32, 2379 }, // U+0129
    { 10, 16, 120, -1, 16, 40, 2411 }, // U+012A
    { 6, 14, 106, 1, 13, 21, 2451 }, // U+012B
    { 11, 18, 120, -1, 18, 50, 2472 }, // U+012C
    { 7, 16, 106, 1, 15, 28, 2522 }, // U+012D
    { 10, 19, 120, -1, 14, 48, 2550 }, // U+012E
    { 7, 20, 106, 0, 15, 35, 2598 }, // U+012F
    { 10, 18, 120, -1, 18, 45, 2633 }, // U+0130
    { 6, 12, 106, 1, 11, 18, 2678 }, // U+0131
    { 18, 19, 241, -1, 14, 86, 2696 }, // U+0132
    { 12, 20, 208, 1, 15, 60, 2782 }, // U+0133
    { 13, 23, 120, -3, 18, 75, 2842 }, // U+0134
    { 11, 20, 101, -3, 15, 55, 2917 }, // U+0135
    { 17, 19, 222, -1, 14, 81, 2972 }, // U+0136
    { 12, 20, 179, 0, 15, 60, 3053 }, // U+0137
    { 12, 11, 179, 0, 11, 33, 3113 }, // U+0138
    { 13, 18, 196, -1, 18, 59, 3146 }, // U+0139
    { 10, 20, 106, 0, 19, 50, 3205 }, // U+013A
    { 13, 19, 196, -1, 14, 62, 3255 }, // U+013B
    { 8, 20, 106, -1, 15, 40, 3317 }, // U+013C
    { 14, 14, 196, -1, 14, 49, 3357 }, // U+013D
    { 11, 16, 106, 0, 15, 44, 3406 }, // U+013E
    { 13, 14, 196, -1, 14, 46, 3450 }, // U+013F
    { 10, 16, 139, 0, 15, 40, 3496 }, // U+0140
    { 13, 14, 196, -1, 14, 46, 3536 }, // U+0141
    { 8, 16, 106, -1, 15, 32, 3582 }, // U+0142
    { 18, 18, 236, -1, 18, 81, 3614 }, // U+0143
    { 13, 16, 202, 0, 15, 52, 3695 }, // U+0144
    { 18, 19, 236, -1, 14, 86, 3747 }, // U+0145
    { 13, 16, 202, 0, 11, 52, 3833 }, // U+0146
    { 18, 18, 236, -1, 18, 81, 3885 }, // U+0147
    { 13, 16, 202, 0, 15, 52, 3966 }, // U+0148
    { 17, 15, 264, 0, 14, 64, 4018 }, // U+0149
    { 18, 19, 229, -1, 14, 86, 4082 }, // U+014A
    { 12, 16, 196, 0, 11, 48, 4168 }, // U+014B
    { 14, 17, 238, 1, 16, 60, 4216 }, // U+014C
    { 11, 14, 185, 0, 13, 39, 4276 }, // U+014D
    { 14, 19, 238, 1, 18, 67, 4315 }, // U+014E
    { 11, 16, 185, 0, 15, 44, 4382 }, // U+014F
    { 14, 19, 238, 1, 18, 67, 4426 }, // U+0150
    { 13, 16, 185, 0, 15, 52, 4493 }, // U+0151
    { 19, 15, 297, 1, 14, 72, 4545 }, // U+0152
    { 17, 12, 270, 0, 11, 51, 4617 }, // U+0153
    { 14, 18, 212, -1, 18, 63, 4668 }, // U+0154
    { 11, 15, 165, 0, 15, 42, 4731 }, // U+0155
    { 14, 19, 212, -1, 14, 67, 4773 }, // U+0156
    { 12, 16, 165, -1, 11, 48, 4840 }, // U+0157
    { 14, 18, 212, -1, 18, 63, 4888 }, // U+0158
    { 11, 15, 165, 0, 15, 42, 4951 }, // U+0159
    { 12, 19, 176, 0, 18, 57, 4993 }, // U+015A
    { 11, 16, 154, 0, 15, 44, 5050 }, // U+015B
    { 12, 19, 176, 0, 18, 57, 5094 }, // U+015C
    { 10, 16, 154, 0, 15, 40, 5151 }, // U+015D
    { 12, 19, 176, 0, 14, 57, 5191 }, // U+015E
    { 10, 16, 154, 0, 11, 40, 5248 }, // U+015F
    { 12, 19, 176, 0, 18, 57, 5288 }, // U+0160
    { 11, 16, 154, 0, 15, 44, 5345 }, // U+0161
    { 13, 19, 196, 1, 14, 62, 5389 }, // U+0162
    { 8, 18, 125, 0, 13, 36, 5451 }, // U+0163
    { 13, 18, 196, 1, 18, 59, 5487 }, // U+0164
    { 10, 16, 125, 1, 15, 40, 5546 }, // U+0165
    { 13, 14, 196, 1, 14, 46, 5586 }, // U+0166
    { 8, 14, 125, 0, 13, 28, 5632 }, // U+0167
    { 15, 19, 224, 1, 18, 72, 5660 }, // U+0168
    { 12, 16, 202, 1, 15, 48, 5732 }, // U+0169
    { 15, 17, 224, 1, 16, 64, 5780 }, // U+016A
    { 12, 14, 202, 1, 13, 42, 5844 }, // U+016B
    { 15, 19, 224, 1, 18, 72, 5886 }, // U+016C
    { 12, 16, 202, 1, 15, 48, 5958 }, // U+016D
    { 15, 20, 224, 1, 19, 75, 6006 }, // U+016E
    { 12, 17, 202, 1, 16, 51, 6081 }, // U+016F
    { 15, 19, 224, 1, 18, 72, 6132 }, // U+0170
    { 12, 16, 202, 1, 15, 48, 6204 }, // U+0171
    { 15, 19, 224, 1, 14, 72, 6252 }, // U+0172
    { 12, 16, 202, 1, 11, 48, 6324 }, // U+0173
    { 21, 18, 320, 1, 18, 95, 6372 }, // U+0174
    { 16, 16, 262, 0, 15, 64, 6467 }, // U+0175
    { 14, 18, 208, 1, 18, 63, 6531 }, // U+0176
    { 15, 20, 176, -4, 15, 75, 6594 }, // U+0177
    { 14, 18, 208, 1, 18, 63, 6669 }, // U+0178
    { 15, 18, 200, -1, 18, 68, 6732 }, // U+0179
    { 11, 15, 167, 0, 15, 42, 6800 }, // U+017A
    { 15, 18, 200, -1, 18, 68, 6842 }, // U+017B
    { 10, 15, 167, 0, 15, 38, 6910 }, // U+017C
    { 15, 18, 200, -1, 18, 68, 6948 }, // U+017D
    { 11, 15, 167, 0, 15, 42, 7016 }, // U+017E
    { 14, 20, 121, -3, 15, 70, 7058 }, // U+017F
    { 17, 16, 253, 1, 15, 68, 0 }, // U+01A0
    { 14, 13, 201, 0, 12, 46, 68 }, // U+01A1
    { 17, 16, 256, 1, 15, 68, 114 }, // U+01AF
    { 15, 13, 233, 1, 12, 49, 182 }, // U+01B0
    { 29, 18, 430, -1, 18, 131, 231 }, // U+01C4
    { 26, 15, 398, -1, 15, 98, 362 }, // U+01C5
    { 23, 16, 367, 0, 15, 92, 460 }, // U+01C6
    { 23, 19, 316, -1, 14, 110, 552 }, // U+01C7
    { 20, 20, 298, -1, 15, 100, 662 }, // U+01C8
    { 13, 20, 208, 0, 15, 65, 762 }, // U+01C9
    { 25, 19, 357, -1, 14, 119, 827 }, // U+01CA
    { 22, 20, 338, -1, 15, 110, 946 }, // U+01CB
    { 19, 20, 303, 0, 15, 95, 1056 }, // U+01CC
    { 15, 18, 226, -1, 18, 68, 1151 }, // U+01CD
    { 12, 16, 199, 0, 15, 48, 1219 }, // U+01CE
    { 11, 18, 120, -1, 18, 50, 1267 }, // U+01CF
    { 7, 16, 106, 1, 15, 28, 1317 }, // U+01D0
    { 14, 19, 238, 1, 18, 67, 1345 }, // U+01D1
    { 12, 16, 185, 0, 15, 48, 1412 }, // U+01D2
    { 15, 19, 224, 1, 18, 72, 1460 }, // U+01D3
    { 12, 16, 202, 1, 15, 48, 1532 }, // U+01D4
    { 15, 20, 224, 1, 19, 75, 1580 }, // U+01D5
    { 12, 17, 202, 1, 16, 51, 1655 }, // U+01D6
    { 15, 21, 224, 1, 20, 79, 1706 }, // U+01D7
    { 12, 18, 202, 1, 17, 54, 1785 }, // U+01D8
    { 15, 21, 224, 1, 20, 79, 1839 }, // U+01D9
    { 12, 18, 202, 1, 17, 54, 1918 }, // U+01DA
    { 15, 21, 224, 1, 20, 79, 1972 }, // U+01DB
    { 12, 18, 202, 1, 17, 54, 2051 }, // U+01DC
    { 10, 12, 168, 0, 11, 30, 2105 }, // U+01DD
    { 15, 19, 226, -1, 19, 72, 2135 }, // U+01DE
    { 12, 17, 199, 0, 16, 51, 2207 }, // U+01DF
    { 15, 19, 226, -1, 19, 72, 2258 }, // U+01E0
    { 12, 17, 199, 0, 16, 51, 2330 }, // U+01E1
    { 21, 16, 298, -1, 16, 84, 2381 }, // U+01E2
    { 17, 14, 264, 0, 13, 60, 2465 }, // U+01E3
    { 14, 15, 239, 1, 14, 53, 2525 }, // U+01E4
    { 14, 16, 174, -2, 11, 56, 2578 }, // U+01E5
    { 14, 19, 239, 1, 18, 67, 2634 }, // U+01E6
    { 14, 20, 174, -2, 15, 70, 2701 }, // U+01E7
    { 17, 18, 222, -1, 18, 77, 2771 }, // U+01E8
    { 12, 19, 179, 0, 19, 57, 2848 }, // U+01E9
    { 14, 19, 238, 1, 14, 67, 2905 }, // U+01EA
    { 11, 16, 185, 0, 11, 44, 2972 }, // U+01EB
    { 14, 21, 238, 1, 16, 74, 3016 }, // U+01EC
    { 11, 18, 185, 0, 13, 50, 3090 }, // U+01ED
    { 12, 19, 182, 0, 18, 57, 3140 }, // U+01EE
    { 12, 20, 168, -1, 15, 60, 3197 }, // U+01EF
    { 12, 20, 101, -3, 15, 60, 3257 }, // U+01F0
    { 29, 14, 430, -1, 14, 102, 3317 }, // U+01F1
    { 26, 14, 398, -1, 14, 91, 3419 }, // U+01F2
    { 23, 16, 367, 0, 15, 92, 3510 }, // U+01F3
    { 14, 19, 239, 1, 18, 67, 3602 }, // U+01F4
    { 14, 20, 174, -2, 15, 70, 3669 }, // U+01F5
    { 23, 15, 342, -1, 14, 87, 3739 }, // U+01F6
    { 17, 19, 225, -2, 14, 81, 3826 }, // U+01F7
    { 18, 18, 236, -1, 18, 81, 3907 }, // U+01F8
    { 13, 16, 202, 0, 15, 52, 3988 }, // U+01F9
    { 15, 19, 226, -1, 19, 72, 4040 }, // U+01FA
    { 13, 20, 199, 0, 19, 65, 4112 }, // U+01FB
    { 21, 18, 298, -1, 18, 95, 4177 }, // U+01FC
    { 17, 16, 264, 0, 15, 68, 4272 }, // U+01FD
    { 14, 19, 238, 1, 18, 67, 4340 }, // U+01FE
    { 12, 16, 185, 0, 15, 48, 4407 }, // U+01FF
    { 15, 18, 226, -1, 18, 68, 4455 }, // U+0200
    { 12, 16, 199, 0, 15, 48, 4523 }, // U+0201
    { 15, 18, 226, -1, 18, 68, 4571 }, // U+0202
    { 12, 16, 199, 0, 15, 48, 4639 }, // U+0203
    { 14, 18, 190, -1, 18, 63, 4687 }, // U+0204
    { 10, 16, 160, 0, 15, 40, 4750 }, // U+0205
    { 14, 18, 190, -1, 18, 63, 4790 }, // U+0206
    { 11, 16, 160, 0, 15, 44, 4853 }, // U+0207
    { 10, 18, 120, -1, 18, 45, 4897 }, // U+0208
    { 9, 16, 106, -2, 15, 36, 4942 }, // U+0209
    { 11, 18, 120, -1, 18, 50, 4978 }, // U+020A
    { 7, 16, 106, 1, 15, 28, 5028 }, // U+020B
    { 14, 19, 238, 1, 18, 67, 5056 }, // U+020C
    { 11, 16, 185, 0, 15, 44, 5123 }, // U+020D
    { 14, 19, 238, 1, 18, 67, 5167 }, // U+020E
    { 11, 16, 185, 0, 15, 44, 5234 }, // U+020F
    { 14, 18, 212, -1, 18, 63, 5278 }, // U+0210
    { 11, 15, 165, 0, 15, 42, 5341 }, // U+0211
    { 14, 18, 212, -1, 18, 63, 5383 }, // U+0212
    { 11, 15, 165, 0, 15, 42, 5446 }, // U+0213
    { 15, 19, 224, 1, 18, 72, 5488 }, // U+0214
    { 12, 16, 202, 1, 15, 48, 5560 }, // U+0215
    { 15, 19, 224, 1, 18, 72, 5608 }, // U+0216
    { 12, 16, 202, 1, 15, 48, 5680 }, // U+0217
    { 12, 19, 176, 0, 14, 57, 5728 }, // U+0218
    { 10, 16, 154, 0, 11, 40, 5785 }, // U+0219
    { 13, 19, 196, 1, 14, 62, 5825 }, // U+021A
    { 8, 18, 125, 0, 13, 36, 5887 }, // U+021B
    { 13, 17, 184, -1, 14, 56, 5923 }, // U+021C
    { 11, 16, 153, -2, 11, 44, 5979 }, // U+021D
    { 18, 18, 246, -1, 18, 81, 6023 }, // U+021E
    { 12, 20, 197, 0, 19, 60, 6104 }, // U+021F
    { 5, 4, 0, -9, 15, 5, 0 }, // U+0300
    { 6, 4, 0, -6, 15, 6, 5 }, // U+0301
    { 8, 4, 0, -3, 15, 8, 11 }, // U+0302
    { 8, 4, 0, -9, 15, 8, 19 }, // U+0303
    { 7, 2, 0, -2, 13, 4, 27 }, // U+0304
    { 6, 2, 0, -1, 16, 3, 31 }, // U+0305
    { 7, 4, 0, -2, 15, 7, 34 }, // U+0306
    { 4, 4, 0, 0, 15, 4, 41 }, // U+0307
    { 7, 4, 0, -2, 15, 7, 45 }, // U+0308
    { 5, 5, 0, -7, 16, 7, 52 }, // U+0309
    { 5, 5, 0, -1, 16, 7, 59 }, // U+030A
    { 9, 4, 0, -3, 15, 9, 66 }, // U+030B
    { 8, 4, 0, -2, 15, 8, 75 }, // U+030C
    { 3, 4, 0, 0, 15, 3, 83 }, // U+030D
    { 6, 4, 0, -1, 15, 6, 86 }, // U+030E
    { 9, 4, 0, -9, 15, 9, 92 }, // U+030F
    { 7, 6, 0, -2, 17, 11, 101 }, // U+0310
    { 7, 4, 0, -2, 15, 7, 112 }, // U+0311
    { 5, 7, 0, -1, 14, 9, 119 }, // U+0312
    { 6, 7, 0, -2, 14, 11, 128 }, // U+0313
    { 4, 7, 0, -1, 14, 7, 139 }, // U+0314
    { 6, 7, 0, -2, 14, 11, 146 }, // U+0315
    { 5, 4, 0, -4, -1, 5, 157 }, // U+0316
    { 6, 4, 0, -5, -1, 6, 162 }, // U+0317
    { 4, 4, 0, -3, 0, 4, 168 }, // U+0318
    { 4, 4, 0, -3, 0, 4, 172 }, // U+0319
    { 7, 6, 112, 1, 15, 11, 176 }, // U+031A
    { 5, 5, 0, -2, 15, 7, 187 }, // U+031B
    { 4, 5, 0, -3, 0, 5, 194 }, // U+031C
    { 5, 4, 0, -4, 0, 5, 199 }, // U+031D
    { 4, 4, 0, -3, 0, 4, 204 }, // U+031E
    { 5, 5, 0, -4, 0, 7, 208 }, // U+031F
    { 5, 2, 0, -4, -1, 3, 215 }, // U+0320
    { 5, 5, 0, -5, 1, 7, 218 }, // U+0321
    { 4, 5, 0, -2, 1, 5, 225 }, // U+0322
    { 4, 3, 0, -9, -1, 3, 230 }, // U+0323
    { 8, 4, 0, -5, 0, 8, 233 }, // U+0324
    { 5, 5, 0, -4, 0, 7, 241 }, // U+0325
    { 5, 4, 0, -4, -1, 5, 248 }, // U+0326
    { 6, 6, 0, -4, 1, 9, 253 }, // U+0327
    { 5, 5, 0, -4, 0, 7, 262 }, // U+0328
    { 3, 4, 0, -3, 0, 3, 269 }, // U+0329
    { 8, 4, 0, -5, -1, 8, 272 }, // U+032A
    { 8, 3, 0, -5, -1, 6, 280 }, // U+032B
    { 8, 4, 0, -5, 0, 8, 286 }, // U+032C
    { 7, 4, 0, -5, 0, 7, 294 }, // U+032D
    { 7, 4, 0, -5, 0, 7, 301 }, // U+032E
    { 7, 4, 0, -5, 0, 7, 308 }, // U+032F
    { 9, 4, 0, -6, 0, 9, 315 }, // U+0330
    { 7, 2, 0, -5, -1, 4, 324 }, // U+0331
    { 9, 3, 0, -10, -1, 7, 328 }, // U+0332
    { 10, 5, 0, -10, 0, 13, 335 }, // U+0333
    { 8, 4, 0, -4, 8, 8, 348 }, // U+0334
    { 8, 3, 0, -4, 7, 6, 356 }, // U+0335
    { 14, 3, 0, -7, 7, 11, 362 }, // U+0336
    { 8, 6, 0, -4, 8, 12, 373 }, // U+0337
    { 12, 17, 0, -6, 15, 51, 385 }, // U+0338
    { 4, 5, 0, -3, 0, 5, 436 }, // U+0339
    { 8, 4, 0, -5, -1, 8, 441 }, // U+033A
    { 9, 5, 0, -6, 0, 12, 449 }, // U+033B
    { 7, 3, 0, -5, -1, 6, 461 }, // U+033C
    { 5, 5, 0, -1, 15, 7, 467 }, // U+033D
    { 4, 7, 0, 0, 17, 7, 474 }, // U+033E
    { 9, 4, 0, -2, 18, 9, 481 }, // U+033F
    { 5, 4, 0, -2, 15, 5, 490 }, // U+0340
    { 6, 4, 0, -1, 15, 6, 495 }, // U+0341
    { 9, 4, 0, -3, 15, 9, 501 }, // U+0342
    { 4, 5, 0, 0, 16, 5, 510 }, // U+0343
    { 9, 5, 0, -3, 15, 12, 515 }, // U+0344
    { 4, 5, 0, -1, 0, 5, 527 }, // U+0345
    { 8, 4, 0, -2, 15, 8, 532 }, // U+0346
    { 10, 5, 0, -6, 0, 13, 540 }, // U+0347
    { 6, 4, 0, -4, 0, 6, 553 }, // U+0348
    { 5, 4, 0, -3, -1, 5, 559 }, // U+0349
    { 9, 5, 0, -3, 15, 12, 564 }, // U+034A
    { 9, 9, 0, -3, 19, 21, 576 }, // U+034B
    { 9, 8, 0, -3, 18, 18, 597 }, // U+034C
    { 7, 5, 0, -5, 0, 9, 615 }, // U+034D
    { 5, 5, 0, -4, 0, 7, 624 }, // U+034E
    { 14, 14, 0, -7, 14, 49, 631 }, // U+034F
    { 4, 5, 0, -1, 15, 5, 680 }, // U+0350
    { 3, 5, 0, 0, 16, 4, 685 }, // U+0351
    { 7, 6, 0, -2, 17, 11, 689 }, // U+0352
    { 5, 5, 0, -4, 0, 7, 700 }, // U+0353
    { 5, 5, 0, -4, 0, 7, 707 }, // U+0354
    { 5, 5, 0, -4, 0, 7, 714 }, // U+0355
    { 8, 5, 0, -5, 0, 10, 721 }, // U+0356
    { 4, 5, 0, -1, 16, 5, 731 }, // U+0357
    { 5, 4, 0, 2, 15, 5, 736 }, // U+0358
    { 6, 5, 0, -3, 0, 8, 741 }, // U+0359
    { 7, 5, 0, -5, 0, 9, 749 }, // U+035A
    { 5, 4, 0, -1, 15, 5, 758 }, // U+035B
    { 15, 4, 0, -9, 0, 15, 763 }, // U+035C
    { 16, 4, 0, -6, 15, 16, 778 }, // U+035D
    { 13, 2, 0, -5, 13, 7, 794 }, // U+035E
    { 13, 2, 0, -8, -1, 7, 801 }, // U+035F
    { 17, 4, 0, -7, 15, 17, 808 }, // U+0360
    { 17, 4, 0, -7, 16, 17, 825 }, // U+0361
    { 12, 5, 0, -8, 0, 15, 842 }, // U+0362
    { 6, 5, 0, -1, 16, 8, 857 }, // U+0363
    { 6, 5, 0, -1, 16, 8, 865 }, // U+0364
    { 4, 7, 0, 0, 18, 7, 873 }, // U+0365
    { 6, 5, 0, -1, 16, 8, 880 }, // U+0366
    { 6, 5, 0, -1, 16, 8, 888 }, // U+0367
    { 6, 5, 0, -1, 16, 8, 896 }, // U+0368
    { 6, 7, 0, -1, 18, 11, 904 }, // U+0369
    { 6, 7, 0, -1, 18, 11, 915 }, // U+036A
    { 8, 5, 0, -2, 16, 10, 926 }, // U+036B
    { 6, 5, 0, -1, 16, 8, 936 }, // U+036C
    { 4, 6, 0, 0, 17, 6, 944 }, // U+036D
    { 6, 5, 0, -1, 16, 8, 950 }, // U+036E
    { 6, 5, 0, -1, 16, 8, 958 }, // U+036F
    { 14, 18, 196, -1, 18, 63, 0 }, // U+0400
    { 14, 18, 196, -1, 18, 63, 63 }, // U+0401
    { 14, 14, 247, 1, 14, 49, 126 }, // U+0402
    { 14, 18, 178, -1, 18, 63, 175 }, // U+0403
    { 13, 15, 197, 0, 14, 49, 238 }, // U+0404
    { 12, 15, 176, -1, 14, 45, 287 }, // U+0405
    { 10, 14, 120, -1, 14, 35, 332 }, // U+0406
    { 11, 18, 120, -1, 18, 50, 367 }, // U+0407
    { 12, 19, 118, -3, 14, 57, 417 }, // U+0408
    { 19, 15, 292, -1, 14, 72, 474 }, // U+0409
    { 20, 14, 310, -1, 14, 70, 546 }, // U+040A
    { 15, 14, 266, 1, 14, 53, 616 }, // U+040B
    { 16, 18, 219, -1, 18, 72, 669 }, // U+040C
    { 18, 18, 246, -1, 18, 81, 741 }, // U+040D
    { 14, 19, 210, 1, 18, 67, 822 }, // U+040E
    { 18, 18, 241, -1, 14, 81, 889 }, // U+040F
    { 16, 14, 225, -2, 14, 56, 970 }, // U+0410
    { 14, 14, 191, -1, 14, 49, 1026 }, // U+0411
    { 14, 14, 202, -1, 14, 49, 1075 }, // U+0412
    { 14, 14, 178, -1, 14, 49, 1124 }, // U+0413
    { 18, 18, 231, -2, 14, 81, 1173 }, // U+0414
    { 14, 14, 196, -1, 14, 49, 1254 }, // U+0415
    { 23, 14, 310, -2, 14, 81, 1303 }, // U+0416
    { 13, 15, 186, -1, 14, 49, 1384 }, // U+0417
    { 18, 14, 247, -1, 14, 63, 1433 }, // U+0418
    { 18, 18, 247, -1, 18, 81, 1496 }, // U+0419
    { 16, 14, 219, -1, 14, 56, 1577 }, // U+041A
    { 17, 15, 225, -1, 14, 64, 1633 }, // U+041B
    { 21, 14, 291, -1, 14, 74, 1697 }, // U+041C
    { 18, 14, 244, -1, 14, 63, 1771 }, // U+041D
    { 14, 15, 230, 0, 14, 53, 1834 }, // U+041E
    { 18, 14, 241, -1, 14, 63, 1887 }, // U+041F
    { 14, 14, 191, -1, 14, 49, 1950 }, // U+0420
    { 13, 15, 197, 0, 14, 49, 1999 }, // U+0421
    { 13, 14, 199, 1, 14, 46, 2048 }, // U+0422
    { 14, 15, 210, 1, 14, 53, 2094 }, // U+0423
    { 17, 15, 283, 1, 14, 64, 2147 }, // U+0424
    { 16, 14, 220, -1, 14, 56, 2211 }, // U+0425
    { 18, 18, 243, -1, 14, 81, 2267 }, // U+0426
    { 15, 14, 235, 1, 14, 53, 2348 }, // U+0427
    { 24, 14, 342, -1, 14, 84, 2401 }, // U+0428
    { 24, 18, 343, -1, 14, 108, 2485 }, // U+0429
    { 13, 14, 222, 1, 14, 46, 2593 }, // U+042A
    { 21, 14, 293, -1, 14, 74, 2639 }, // U+042B
    { 13, 14, 191, -1, 14, 46, 2713 }, // U+042C
    { 13, 15, 197, -1, 14, 49, 2759 }, // U+042D
    { 21, 15, 324, -1, 14, 79, 2808 }, // U+042E
    { 17, 14, 212, -2, 14, 60, 2887 }, // U+042F
    { 12, 12, 187, 0, 11, 36, 2947 }, // U+0430
    { 12, 16, 183, 0, 15, 48, 2983 }, // U+0431
    { 11, 12, 171, 0, 11, 33, 3031 }, // U+0432
    { 9, 12, 144, 0, 11, 27, 3064 }, // U+0433
    { 11, 16, 180, 0, 15, 44, 3091 }, // U+0434
    { 10, 12, 160, 0, 11, 30, 3135 }, // U+0435
    { 21, 12, 307, -1, 11, 63, 3165 }, // U+0436
    { 9, 12, 154, 0, 11, 27, 3228 }, // U+0437
    { 12, 12, 194, 0, 11, 36, 3255 }, // U+0438
    { 12, 16, 194, 0, 15, 48, 3291 }, // U+0439
    { 12, 11, 184, 0, 11, 33, 3339 }, // U+043A
    { 13, 12, 184, -1, 11, 39, 3372 }, // U+043B
    { 17, 12, 259, -1, 11, 51, 3411 }, // U+043C
    { 12, 12, 194, 0, 11, 36, 3462 }, // U+043D
    { 11, 12, 180, 0, 11, 33, 3498 }, // U+043E
    { 13, 12, 195, 0, 11, 39, 3531 }, // U+043F
    { 13, 16, 187, -1, 11, 52, 3570 }, // U+0440
    { 10, 12, 156, 0, 11, 30, 3622 }, // U+0441
    { 18, 12, 284, 0, 11, 54, 3652 }, // U+0442
    { 12, 16, 174, -1, 11, 48, 3706 }, // U+0443
    { 16, 20, 249, 0, 15, 80, 3754 }, // U+0444
    { 13, 11, 178, -1, 11, 36, 3834 }, // U+0445
    { 12, 16, 195, 0, 11, 48, 3870 }, // U+0446
    { 12, 12, 184, 0, 11, 36, 3918 }, // U+0447
    { 18, 12, 285, 0, 11, 54, 3954 }, // U+0448
    { 18, 16, 286, 0, 11, 72, 4008 }, // U+0449
    { 11, 12, 177, 0, 11, 33, 4080 }, // U+044A
    { 16, 12, 258, 0, 11, 48, 4113 }, // U+044B
    { 11, 12, 173, 0, 11, 33, 4161 }, // U+044C
    { 10, 12, 157, 0, 11, 30, 4194 }, // U+044D
    { 16, 12, 259, 0, 11, 48, 4224 }, // U+044E
    { 13, 12, 188, -1, 11, 39, 4272 }, // U+044F
    { 10, 16, 160, 0, 15, 40, 4311 }, // U+0450
    { 10, 16, 160, 0, 15, 40, 4351 }, // U+0451
    { 11, 20, 186, 0, 15, 55, 4391 }, // U+0452
    { 10, 16, 144, 0, 15, 40, 4446 }, // U+0453
    { 10, 12, 156, 0, 11, 30, 4486 }, // U+0454
    { 10, 12, 144, -1, 11, 30, 4516 }, // U+0455
    { 7, 16, 98, 0, 15, 28, 4546 }, // U+0456
    { 8, 16, 98, 0, 15, 32, 4574 }, // U+0457
    { 10, 20, 94, -3, 15, 50, 4606 }, // U+0458
    { 17, 12, 256, -1, 11, 51, 4656 }, // U+0459
    { 16, 12, 266, 0, 11, 48, 4707 }, // U+045A
    { 13, 16, 195, 0, 15, 52, 4755 }, // U+045B
    { 12, 15, 184, 0, 15, 45, 4807 }, // U+045C
    { 12, 16, 194, 0, 15, 48, 4852 }, // U+045D
    { 12, 20, 174, -1, 15, 60, 4900 }, // U+045E
    { 12, 16, 194, 0, 11, 48, 4960 }, // U+045F
    { 19, 14, 307, 1, 14, 67, 5008 }, // U+0460
    { 16, 11, 246, 0, 11, 44, 5075 }, // U+0461
    { 13, 14, 214, 0, 14, 46, 5119 }, // U+0462
    { 17, 12, 268, 0, 11, 51, 5165 }, // U+0463
    { 21, 15, 310, -1, 14, 79, 5216 }, // U+0464
    { 16, 12, 251, 0, 11, 48, 5295 }, // U+0465
    { 16, 14, 238, -1, 14, 56, 5343 }, // U+0466
    { 14, 11, 194, -2, 11, 39, 5399 }, // U+0467
    { 23, 14, 349, -1, 14, 81, 5438 }, // U+0468
    { 18, 11, 286, 0, 11, 50, 5519 }, // U+0469
    { 18, 14, 270, -1, 14, 63, 5569 }, // U+046A
    { 16, 11, 235, -2, 11, 44, 5632 }, // U+046B
    { 25, 14, 385, -1, 14, 88, 5676 }, // U+046C
    { 20, 11, 325, 0, 11, 55, 5764 }, // U+046D
    { 13, 21, 182, -1, 16, 69, 5819 }, // U+046E
    { 11, 18, 154, -1, 13, 50, 5888 }, // U+046F
    { 18, 14, 293, 2, 14, 63, 5938 }, // U+0470
    { 13, 20, 216, 1, 15, 65, 6001 }, // U+0471
    { 14, 15, 238, 1, 14, 53, 6066 }, // U+0472
    { 11, 12, 185, 0, 11, 33, 6119 }, // U+0473
    { 15, 14, 223, 1, 14, 53, 6152 }, // U+0474
    { 13, 12, 189, 0, 11, 39, 6205 }, // U+0475
    { 15, 18, 223, 1, 18, 68, 6244 }, // U+0476
    { 13, 16, 189, 0, 15, 52, 6312 }, // U+0477
    { 24, 19, 391, 1, 14, 114, 6364 }, // U+0478
    { 21, 16, 335, 0, 11, 84, 6478 }, // U+0479
    { 15, 17, 250, 1, 15, 64, 6562 }, // U+047A
    { 12, 14, 194, 0, 12, 42, 6626 }, // U+047B
    { 20, 21, 343, 1, 20, 105, 6668 }, // U+047C
    { 18, 19, 289, 0, 18, 86, 6773 }, // U+047D
    { 19, 17, 307, 1, 17, 81, 6859 }, // U+047E
    { 16, 14, 246, 0, 14, 56, 6940 }, // U+047F
    { 13, 19, 200, 1, 14, 62, 6996 }, // U+0480
    { 10, 16, 158, 0, 11, 40, 7058 }, // U+0481
    { 11, 13, 183, 0, 12, 36, 7098 }, // U+0482
    { 8, 4, 0, -3, 14, 8, 7134 }, // U+0483
    { 8, 4, 0, -3, 15, 8, 7142 }, // U+0484
    { 3, 4, 0, 0, 15, 3, 7150 }, // U+0485
    { 3, 4, 0, 0, 15, 3, 7153 }, // U+0486
    { 9, 3, 0, -2, 17, 7, 7156 }, // U+0487
    { 24, 22, 0, -12, 16, 132, 7163 }, // U+0488
    { 24, 24, 0, -12, 17, 144, 7295 }, // U+0489
    { 18, 22, 251, -1, 18, 99, 7439 }, // U+048A
    { 12, 19, 202, 1, 15, 57, 7538 }, // U+048B
    { 13, 15, 199, -1, 15, 49, 7595 }, // U+048C
    { 11, 14, 178, 0, 13, 39, 7644 }, // U+048D
    { 14, 14, 199, -1, 14, 49, 7683 }, // U+048E
    { 12, 16, 187, -1, 11, 48, 7732 }, // U+048F
    { 14, 16, 163, -1, 16, 56, 7780 }, // U+0490
    { 10, 13, 145, 0, 13, 33, 7836 }, // U+0491
    { 14, 14, 177, -1, 14, 49, 7869 }, // U+0492
    { 10, 11, 152, 0, 11, 28, 7918 }, // U+0493
    { 14, 19, 216, -1, 14, 67, 7946 }, // U+0494
    { 11, 16, 180, 0, 11, 44, 8013 }, // U+0495
    { 23, 18, 318, -2, 14, 104, 8057 }, // U+0496
    { 23, 16, 353, 0, 11, 92, 8161 }, // U+0497
    { 12, 19, 184, 0, 14, 57, 8253 }, // U+0498
    { 10, 16, 156, 0, 11, 40, 8310 }, // U+0499
    { 16, 18, 227, -1, 14, 72, 8350 }, // U+049A
    { 12, 16, 181, 0, 11, 48, 8422 }, // U+049B
    { 17, 14, 233, -1, 14, 60, 8470 }, // U+049C
    { 13, 12, 197, 0, 11, 39, 8530 }, // U+049D
    { 16, 14, 223, -1, 14, 56, 8569 }, // U+049E
    { 12, 16, 181, 0, 15, 48, 8625 }, // U+049F
    { 17, 14, 256, 1, 14, 60, 8673 }, // U+04A0
    { 15, 12, 221, 0, 11, 45, 8733 }, // U+04A1
    { 18, 18, 246, -1, 14, 81, 8778 }, // U+04A2
    { 13, 16, 205, 0, 11, 52, 8859 }, // U+04A3
    { 21, 14, 280, -1, 14, 74, 8911 }, // U+04A4
    { 16, 12, 245, 0, 11, 48, 8985 }, // U+04A5
    { 21, 19, 338, -1, 14, 100, 9033 }, // U+04A6
    { 16, 16, 274, 0, 11, 64, 9133 }, // U+04A7
    { 15, 15, 253, 1, 14, 57, 9197 }, // U+04A8
    { 13, 12, 205, 0, 11, 39, 9254 }, // U+04A9
    { 13, 19, 200, 1, 14, 62, 9293 }, // U+04AA
    { 10, 16, 158, 0, 11, 40, 9355 }, // U+04AB
    { 13, 18, 196, 1, 14, 59, 9395 }, // U+04AC
    { 18, 16, 291, 0, 11, 72, 9454 }, // U+04AD
    { 14, 14, 208, 1, 14, 49, 9526 }, // U+04AE
    { 11, 16, 176, 0, 11, 44, 9575 }, // U+04AF
    { 14, 14, 208, 1, 14, 49, 9619 }, // U+04B0
    { 11, 16, 176, 0, 11, 44, 9668 }, // U+04B1
    { 16, 18, 226, -1, 14, 72, 9712 }, // U+04B2
    { 13, 16, 181, -1, 11, 52, 9784 }, // U+04B3
    { 19, 18, 295, 1, 14, 86, 9836 }, // U+04B4
    { 15, 16, 239, 0, 11, 60, 9922 }, // U+04B5
    { 15, 18, 226, 1, 14, 68, 9982 }, // U+04B6
    { 12, 16, 196, 0, 11, 48, 10050 }, // U+04B7
    { 15, 14, 235, 1, 14, 53, 10098 }, // U+04B8
    { 12, 12, 184, 0, 11, 36, 10151 }, // U+04B9
    { 15, 14, 234, -1, 14, 53, 10187 }, // U+04BA
    { 12, 16, 197, 0, 15, 48, 10240 }, // U+04BB
    { 16, 15, 246, 0, 14, 60, 10288 }, // U+04BC
    { 13, 12, 200, 0, 11, 39, 10348 }, // U+04BD
    { 16, 18, 246, 0, 14, 72, 10387 }, // U+04BE
    { 13, 15, 200, 0, 11, 49, 10459 }, // U+04BF
    { 10, 14, 120, -1, 14, 35, 10508 }, // U+04C0
    { 23, 18, 310, -2, 18, 104, 10543 }, // U+04C1
    { 21, 16, 307, -1, 15, 84, 10647 }, // U+04C2
    { 16, 19, 218, -1, 14, 76, 10731 }, // U+04C3
    { 12, 16, 185, 0, 11, 48, 10807 }, // U+04C4
    { 16, 18, 222, -1, 14, 72, 10855 }, // U+04C5
    { 13, 15, 205, 0, 11, 49, 10927 }, // U+04C6
    { 18, 19, 246, -1, 14, 86, 10976 }, // U+04C7
    { 12, 16, 200, 0, 11, 48, 11062 }, // U+04C8
    { 18, 18, 251, -1, 14, 81, 11110 }, // U+04C9
    { 13, 15, 205, 0, 11, 49, 11191 }, // U+04CA
    { 15, 18, 226, 1, 14, 68, 11240 }, // U+04CB
    { 12, 15, 196, 0, 11, 45, 11308 }, // U+04CC
    { 21, 18, 292, -1, 14, 95, 11353 }, // U+04CD
    { 18, 15, 284, 0, 11, 68, 11448 }, // U+04CE
    { 10, 14, 120, -1, 14, 35, 11516 }, // U+04CF
    { 15, 18, 226, -1, 18, 68, 11551 }, // U+04D0
    { 12, 16, 199, 0, 15, 48, 11619 }, // U+04D1
    { 15, 18, 226, -1, 18, 68, 11667 }, // U+04D2
    { 12, 16, 199, 0, 15, 48, 11735 }, // U+04D3
    { 21, 14, 298, -1, 14, 74, 11783 }, // U+04D4
    { 17, 12, 264, 0, 11, 51, 11857 }, // U+04D5
    { 14, 18, 190, -1, 18, 63, 11908 }, // U+04D6
    { 10, 16, 160, 0, 15, 40, 11971 }, // U+04D7
    { 13, 15, 211, 0, 14, 49, 12011 }, // U+04D8
    { 10, 12, 168, 0, 11, 30, 12060 }, // U+04D9
    { 13, 19, 211, 0, 18, 62, 12090 }, // U+04DA
    { 10, 16, 168, 0, 15, 40, 12152 }, // U+04DB
    { 23, 18, 310, -2, 18, 104, 12192 }, // U+04DC
    { 21, 16, 307, -1, 15, 84, 12296 }, // U+04DD
    { 13, 19, 186, -1, 18, 62, 12380 }, // U+04DE
    { 10, 16, 154, 0, 15, 40, 12442 }, // U+04DF
    { 12, 15, 182, 0, 14, 45, 12482 }, // U+04E0
    { 12, 16, 168, -1, 11, 48, 12527 }, // U+04E1
    { 18, 16, 247, -1, 16, 72, 12575 }, // U+04E2
    { 12, 14, 202, 1, 13, 42, 12647 }, // U+04E3
    { 18, 18, 247, -1, 18, 81, 12689 }, // U+04E4
    { 12, 16, 202, 1, 15, 48, 12770 }, // U+04E5
    { 14, 19, 238, 1, 18, 67, 12818 }, // U+04E6
    { 11, 16, 185, 0, 15, 44, 12885 }, // U+04E7
    { 14, 15, 238, 1, 14, 53, 12929 }, // U+04E8
    { 11, 12, 185, 0, 11, 33, 12982 }, // U+04E9
    { 14, 19, 238, 1, 18, 67, 13015 }, // U+04EA
    { 11, 16, 185, 0, 15, 44, 13082 }, // U+04EB
    { 13, 19, 197, -1, 18, 62, 13126 }, // U+04EC
    { 10, 16, 157, 0, 15, 40, 13188 }, // U+04ED
    { 14, 17, 210, 1, 16, 60, 13228 }, // U+04EE
    { 15, 18, 176, -4, 13, 68, 13288 }, // U+04EF
    { 14, 19, 210, 1, 18, 67, 13356 }, // U+04F0
    { 15, 20, 176, -4, 15, 75, 13423 }, // U+04F1
    { 14, 19, 210, 1, 18, 67, 13498 }, // U+04F2
    { 16, 20, 176, -4, 15, 80, 13565 }, // U+04F3
    { 15, 18, 235, 1, 18, 68, 13645 }, // U+04F4
    { 12, 16, 184, 0, 15, 48, 13713 }, // U+04F5
    { 14, 18, 177, -1, 14, 63, 13761 }, // U+04F6
    { 11, 16, 152, -1, 11, 44, 13824 }, // U+04F7
    { 21, 18, 293, -1, 18, 95, 13868 }, // U+04F8
    { 16, 16, 258, 0, 15, 64, 13963 }, // U+04F9
    { 14, 18, 177, -1, 14, 63, 14027 }, // U+04FA
    { 10, 15, 152, 0, 11, 38, 14090 }, // U+04FB
    { 16, 18, 223, -1, 14, 72, 14128 }, // U+04FC
    { 13, 15, 181, -1, 11, 49, 14200 }, // U+04FD
    { 16, 14, 220, -1, 14, 56, 14249 }, // U+04FE
    { 13, 11, 181, -1, 11, 36, 14305 }, // U+04FF
    { 15, 19, 226, -1, 14, 72, 0 }, // U+1EA0
    { 12, 16, 199, 0, 11, 48, 72 }, // U+1EA1
    { 15, 19, 226, -1, 19, 72, 120 }, // U+1EA2
    { 12, 17, 199, 0, 16, 51, 192 }, // U+1EA3
    { 16, 19, 226, -1, 19, 76, 243 }, // U+1EA4
    { 13, 17, 199, 0, 16, 56, 319 }, // U+1EA5
    { 15, 19, 226, -1, 19, 72, 375 }, // U+1EA6
    { 12, 17, 199, 0, 16, 51, 447 }, // U+1EA7
    { 16, 20, 226, -1, 20, 80, 498 }, // U+1EA8
    { 12, 18, 199, 0, 17, 54, 578 }, // U+1EA9
    { 15, 20, 226, -1, 20, 75, 632 }, // U+1EAA
    { 12, 18, 199, 0, 17, 54, 707 }, // U+1EAB
    { 15, 22, 226, -1, 18, 83, 761 }, // U+1EAC
    { 12, 20, 199, 0, 15, 60, 844 }, // U+1EAD
    { 15, 19, 226, -1, 19, 72, 904 }, // U+1EAE
    { 12, 17, 199, 0, 16, 51, 976 }, // U+1EAF
    { 15, 19, 226, -1, 19, 72, 1027 }, // U+1EB0
    { 12, 17, 199, 0, 16, 51, 1099 }, // U+1EB1
    { 15, 20, 226, -1, 20, 75, 1150 }, // U+1EB2
    { 12, 18, 199, 0, 17, 54, 1225 }, // U+1EB3
    { 15, 20, 226, -1, 20, 75, 1279 }, // U+1EB4
    { 12, 18, 199, 0, 17, 54, 1354 }, // U+1EB5
    { 15, 22, 226, -1, 18, 83, 1408 }, // U+1EB6
    { 12, 19, 199, 0, 15, 57, 1491 }, // U+1EB7
    { 14, 18, 190, -1, 14, 63, 1548 }, // U+1EB8
    { 10, 15, 160, 0, 11, 38, 1611 }, // U+1EB9
    { 14, 19, 190, -1, 19, 67, 1649 }, // U+1EBA
    { 10, 17, 160, 0, 16, 43, 1716 }, // U+1EBB
    { 14, 18, 190, -1, 18, 63, 1759 }, // U+1EBC
    { 11, 16, 160, 0, 15, 44, 1822 }, // U+1EBD
    { 15, 19, 190, -1, 19, 72, 1866 }, // U+1EBE
    { 13, 17, 160, 0, 16, 56, 1938 }, // U+1EBF
    { 14, 19, 190, -1, 19, 67, 1994 }, // U+1EC0
    { 11, 17, 160, 0, 16, 47, 2061 }, // U+1EC1
    { 15, 20, 190, -1, 20, 75, 2108 }, // U+1EC2
    { 12, 18, 160, 0, 17, 54, 2183 }, // U+1EC3
    { 14, 20, 190, -1, 20, 70, 2237 }, // U+1EC4
    { 11, 18, 160, 0, 17, 50, 2307 }, // U+1EC5
    { 14, 22, 190, -1, 18, 77, 2357 }, // U+1EC6
    { 11, 19, 160, 0, 15, 53, 2434 }, // U+1EC7
    { 10, 19, 120, -1, 19, 48, 2487 }, // U+1EC8
    { 6, 17, 106, 1, 16, 26, 2535 }, // U+1EC9
    { 10, 18, 120, -1, 14, 45, 2561 }, // U+1ECA
    { 7, 19, 106, 0, 15, 34, 2606 }, // U+1ECB
    { 14, 18, 238, 1, 14, 63, 2640 }, // U+1ECC
    { 11, 15, 185, 0, 11, 42, 2703 }, // U+1ECD
    { 14, 20, 238, 1, 19, 70, 2745 }, // U+1ECE
    { 11, 17, 185, 0, 16, 47, 2815 }, // U+1ECF
    { 15, 20, 238, 1, 19, 75, 2862 }, // U+1ED0
    { 13, 17, 185, 0, 16, 56, 2937 }, // U+1ED1
    { 14, 20, 238, 1, 19, 70, 2993 }, // U+1ED2
    { 11, 17, 185, 0, 16, 47, 3063 }, // U+1ED3
    { 14, 21, 238, 1, 20, 74, 3110 }, // U+1ED4
    { 13, 18, 185, 0, 17, 59, 3184 }, // U+1ED5
    { 14, 21, 238, 1, 20, 74, 3243 }, // U+1ED6
    { 12, 18, 185, 0, 17, 54, 3317 }, // U+1ED7
    { 14, 22, 238, 1, 18, 77, 3371 }, // U+1ED8
    { 11, 19, 185, 0, 15, 53, 3448 }, // U+1ED9
    { 17, 19, 253, 1, 18, 81, 3501 }, // U+1EDA
    { 14, 16, 201, 0, 15, 56, 3582 }, // U+1EDB
    { 17, 19, 253, 1, 18, 81, 3638 }, // U+1EDC
    { 14, 16, 201, 0, 15, 56, 3719 }, // U+1EDD
    { 17, 20, 253, 1, 19, 85, 3775 }, // U+1EDE
    { 14, 17, 201, 0, 16, 60, 3860 }, // U+1EDF
    { 17, 19, 253, 1, 18, 81, 3920 }, // U+1EE0
    { 14, 16, 201, 0, 15, 56, 4001 }, // U+1EE1
    { 17, 19, 253, 1, 15, 81, 4057 }, // U+1EE2
    { 14, 16, 201, 0, 12, 56, 4138 }, // U+1EE3
    { 15, 18, 224, 1, 14, 68, 4194 }, // U+1EE4
    { 12, 15, 202, 1, 11, 45, 4262 }, // U+1EE5
    { 15, 20, 224, 1, 19, 75, 4307 }, // U+1EE6
    { 12, 17, 202, 1, 16, 51, 4382 }, // U+1EE7
    { 17, 19, 256, 1, 18, 81, 4433 }, // U+1EE8
    { 15, 16, 233, 1, 15, 60, 4514 }, // U+1EE9
    { 17, 19, 256, 1, 18, 81, 4574 }, // U+1EEA
    { 15, 16, 233, 1, 15, 60, 4655 }, // U+1EEB
    { 17, 20, 256, 1, 19, 85, 4715 }, // U+1EEC
    { 15, 17, 233, 1, 16, 64, 4800 }, // U+1EED
    { 17, 19, 256, 1, 18, 81, 4864 }, // U+1EEE
    { 15, 16, 233, 1, 15, 60, 4945 }, // U+1EEF
    { 17, 19, 256, 1, 15, 81, 5005 }, // U+1EF0
    { 15, 16, 233, 1, 12, 60, 5086 }, // U+1EF1
    { 14, 18, 208, 1, 18, 63, 5146 }, // U+1EF2
    { 15, 20, 176, -4, 15, 75, 5209 }, // U+1EF3
    { 14, 18, 208, 1, 14, 63, 5284 }, // U+1EF4
    { 15, 16, 176, -4, 11, 60, 5347 }, // U+1EF5
    { 14, 19, 208, 1, 19, 67, 5407 }, // U+1EF6
    { 15, 21, 176, -4, 16, 79, 5474 }, // U+1EF7
    { 14, 18, 208, 1, 18, 63, 5553 }, // U+1EF8
    { 15, 20, 176, -4, 15, 75, 5616 }, // U+1EF9
    { 0, 0, 150, 0, 0, 0, 0 }, // U+2000
    { 0, 0, 300, 0, 0, 0, 0 }, // U+2001
    { 0, 0, 150, 0, 0, 0, 0 }, // U+2002
    { 0, 0, 300, 0, 0, 0, 0 }, // U+2003
    { 0, 0, 100, 0, 0, 0, 0 }, // U+2004
    { 0, 0, 75, 0, 0, 0, 0 }, // U+2005
    { 0, 0, 50, 0, 0, 0, 0 }, // U+2006
    { 0, 0, 168, 0, 0, 0, 0 }, // U+2007
    { 0, 0, 91, 0, 0, 0, 0 }, // U+2008
    { 0, 0, 50, 0, 0, 0, 0 }, // U+2009
    { 0, 0, 30, 0, 0, 0, 0 }, // U+200A
    { 0, 0, 0, 0, 0, 0, 0 }, // U+200B
    { 2, 15, 0, -1, 12, 8, 0 }, // U+200C
    { 6, 16, 0, -3, 13, 24, 8 }, // U+200D
    { 5, 16, 0, -1, 13, 20, 32 }, // U+200E
    { 5, 16, 0, -4, 13, 20, 52 }, // U+200F
    { 6, 3, 93, 0, 7, 5, 72 }, // U+2010
    { 6, 3, 93, 0, 7, 5, 77 }, // U+2011
    { 11, 2, 168, 0, 8, 6, 82 }, // U+2012
    { 11, 2, 150, -1, 6, 6, 88 }, // U+2013
    { 21, 2, 300, -1, 6, 11, 94 }, // U+2014
    { 21, 2, 300, -1, 6, 11, 105 }, // U+2015
    { 7, 20, 168, 2, 15, 35, 116 }, // U+2016
    { 10, 4, 123, -2, 0, 10, 151 }, // U+2017
    { 5, 7, 84, 2, 14, 9, 161 }, // U+2018
    { 5, 7, 84, 1, 14, 9, 170 }, // U+2019
    { 5, 6, 84, -1, 3, 8, 179 }, // U+201A
    { 4, 7, 84, 2, 14, 7, 187 }, // U+201B
    { 9, 7, 147, 2, 14, 16, 194 }, // U+201C
    { 9, 7, 147, 1, 14, 16, 210 }, // U+201D
    { 9, 6, 147, -1, 3, 14, 226 }, // U+201E
    { 8, 7, 147, 2, 14, 14, 240 }, // U+201F
    { 9, 18, 143, 1, 15, 41, 254 }, // U+2020
    { 11, 18, 143, -1, 15, 50, 295 }, // U+2021
    { 6, 7, 120, 1, 10, 11, 345 }, // U+2022
    { 7, 7, 150, 2, 10, 13, 356 }, // U+2023
    { 4, 4, 91, 1, 9, 4, 369 }, // U+2024
    { 10, 4, 177, 1, 9, 10, 373 }, // U+2025
    { 16, 4, 274, 0, 3, 16, 383 }, // U+2026
    { 4, 4, 91, 1, 7, 4, 399 }, // U+2027
    { 0, 0, 180, 0, 0, 0, 403 }, // U+2028
    { 0, 0, 180, 0, 0, 0, 403 }, // U+2029
    { 5, 15, 0, -1, 12, 19, 403 }, // U+202A
    { 5, 15, 0, -4, 12, 19, 422 }, // U+202B
    { 6, 16, 0, -3, 13, 24, 441 }, // U+202C
    { 6, 16, 0, -3, 13, 24, 465 }, // U+202D
    { 6, 16, 0, -3, 13, 24, 489 }, // U+202E
    { 0, 0, 50, 0, 0, 0, 513 }, // U+202F
    { 23, 15, 391, 1, 14, 87, 513 }, // U+2030
    { 31, 15, 511, 1, 14, 117, 600 }, // U+2031
    { 5, 6, 87, 2, 14, 8, 717 }, // U+2032
    { 9, 6, 155, 2, 14, 14, 725 }, // U+2033
    { 14, 6, 224, 2, 14, 21, 739 }, // U+2034
    { 5, 6, 87, 2, 14, 8, 760 }, // U+2035
    { 9, 6, 155, 2, 14, 14, 768 }, // U+2036
    { 13, 6, 224, 2, 14, 20, 782 }, // U+2037
    { 8, 6, 132, -1, 1, 12, 802 }, // U+2038
    { 6, 8, 106, 1, 9, 12, 814 }, // U+2039
    { 6, 8, 106, 0, 9, 12, 826 }, // U+203A
    { 14, 14, 246, 1, 14, 49, 838 }, // U+203B
    { 11, 15, 189, 1, 14, 42, 887 }, // U+203C
    { 11, 15, 174, 1, 14, 42, 929 }, // U+203D
    { 10, 2, 138, 1, 16, 5, 971 }, // U+203E
    { 15, 4, 0, -13, 0, 15, 976 }, // U+203F
    { 16, 4, 0, -12, 16, 16, 991 }, // U+2040
    { 9, 14, 135, -1, 14, 32, 1007 }, // U+2041
    { 18, 16, 300, 0, 15, 72, 1039 }, // U+2042
    { 7, 4, 109, 0, 9, 7, 1111 }, // U+2043
    { 12, 14, 19, -5, 14, 42, 1118 }, // U+2044
    { 10, 18, 124, 0, 15, 45, 1160 }, // U+2045
    { 9, 18, 124, -1, 15, 41, 1205 }, // U+2046
    { 20, 15, 319, 1, 14, 75, 1246 }, // U+2047
    { 15, 15, 253, 1, 14, 57, 1321 }, // U+2048
    { 16, 15, 252, 1, 14, 60, 1378 }, // U+2049
    { 10, 15, 183, 0, 11, 38, 1438 }, // U+204A
    { 11, 18, 188, 2, 15, 50, 1476 }, // U+204B
    { 11, 8, 185, 0, 11, 22, 1526 }, // U+204C
    { 11, 8, 185, 0, 11, 22, 1548 }, // U+204D
    { 10, 9, 151, 0, 11, 23, 1570 }, // U+204E
    { 5, 15, 107, 1, 11, 19, 1593 }, // U+204F
    { 13, 15, 231, 1, 14, 49, 1612 }, // U+2050
    { 11, 17, 151, -1, 15, 47, 1661 }, // U+2051
    { 7, 15, 132, 1, 14, 27, 1708 }, // U+2052
    { 10, 5, 168, 0, 9, 13, 1735 }, // U+2053
    { 16, 4, 0, -6, 0, 16, 1748 }, // U+2054
    { 10, 9, 162, 0, 11, 23, 1764 }, // U+2055
    { 11, 12, 189, 0, 11, 33, 1787 }, // U+2056
    { 18, 6, 292, 2, 14, 27, 1820 }, // U+2057
    { 13, 12, 229, 1, 11, 39, 1847 }, // U+2058
    { 13, 12, 229, 1, 11, 39, 1886 }, // U+2059
    { 4, 15, 91, 1, 14, 15, 1925 }, // U+205A
    { 13, 15, 229, 1, 14, 49, 1940 }, // U+205B
    { 11, 11, 209, 1, 11, 31, 1989 }, // U+205C
    { 4, 15, 91, 1, 14, 15, 2020 }, // U+205D
    { 4, 15, 91, 1, 14, 15, 2035 }, // U+205E
    { 0, 0, 67, 0, 0, 0, 2050 }, // U+205F
    { 0, 0, 180, 0, 0, 0, 2050 }, // U+2060
    { 0, 0, 180, 0, 0, 0, 2050 }, // U+2061
    { 0, 0, 180, 0, 0, 0, 2050 }, // U+2062
    { 0, 0, 180, 0, 0, 0, 2050 }, // U+2063
    { 0, 0, 180, 0, 0, 0, 2050 }, // U+2064
    { 0, 0, 180, 0, 0, 0, 2050 }, // U+2066
    { 0, 0, 180, 0, 0, 0, 2050 }, // U+2067
    { 0, 0, 180, 0, 0, 0, 2050 }, // U+2068
    { 0, 0, 180, 0, 0, 0, 2050 }, // U+2069
    { 6, 16, 0, -3, 13, 24, 2050 }, // U+206A
    { 6, 16, 0, -3, 13, 24, 2074 }, // U+206B
    { 6, 16, 0, -3, 13, 24, 2098 }, // U+206C
    { 6, 16, 0, -3, 13, 24, 2122 }, // U+206D
    { 6, 16, 0, -3, 13, 24, 2146 }, // U+206E
    { 6, 16, 0, -3, 13, 24, 2170 }, // U+206F
    { 8, 9, 120, 1, 16, 18, 0 }, // U+2070
    { 5, 10, 69, 1, 15, 13, 18 }, // U+2071
    { 8, 9, 120, 1, 16, 18, 31 }, // U+2074
    { 8, 9, 120, 1, 16, 18, 49 }, // U+2075
    { 7, 9, 120, 2, 16, 16, 67 }, // U+2076
    { 7, 9, 120, 2, 16, 16, 83 }, // U+2077
    { 8, 9, 120, 1, 16, 18, 99 }, // U+2078
    { 8, 9, 120, 1, 16, 18, 117 }, // U+2079
    { 8, 8, 120, 1, 15, 16, 135 }, // U+207A
    { 8, 2, 120, 1, 12, 4, 151 }, // U+207B
    { 8, 5, 120, 1, 13, 10, 155 }, // U+207C
    { 6, 12, 75, 2, 17, 18, 165 }, // U+207D
    { 7, 12, 75, -1, 17, 21, 183 }, // U+207E
    { 8, 7, 131, 1, 12, 14, 204 }, // U+207F
    { 7, 9, 120, 0, 7, 16, 218 }, // U+2080
    { 7, 9, 120, -1, 7, 16, 234 }, // U+2081
    { 8, 9, 120, -1, 7, 18, 250 }, // U+2082
    { 8, 9, 120, -1, 7, 18, 268 }, // U+2083
    { 8, 9, 120, -1, 7, 18, 286 }, // U+2084
    { 8, 9, 120, -1, 7, 18, 304 }, // U+2085
    { 7, 9, 120, 0, 7, 16, 322 }, // U+2086
    { 8, 9, 120, 0, 7, 18, 338 }, // U+2087
    { 8, 9, 120, -1, 7, 18, 356 }, // U+2088
    { 7, 9, 120, 0, 7, 16, 374 }, // U+2089
    { 7, 8, 120, 0, 6, 14, 390 }, // U+208A
    { 7, 2, 120, 0, 3, 4, 404 }, // U+208B
    { 7, 5, 120, 0, 4, 9, 408 }, // U+208C
    { 7, 12, 75, 0, 8, 21, 417 }, // U+208D
    { 6, 12, 75, -2, 8, 18, 438 }, // U+208E
    { 8, 7, 130, -1, 5, 14, 456 }, // U+2090
    { 7, 7, 104, -1, 5, 13, 470 }, // U+2091
    { 8, 7, 121, -1, 5, 14, 483 }, // U+2092
    { 9, 7, 118, -2, 5, 16, 497 }, // U+2093
    { 7, 7, 109, -1, 5, 13, 513 }, // U+2094
    { 8, 9, 128, -1, 7, 18, 526 }, // U+2095
    { 8, 9, 116, -1, 7, 18, 544 }, // U+2096
    { 5, 9, 69, -1, 7, 12, 562 }, // U+2097
    { 12, 7, 189, -1, 5, 21, 574 }, // U+2098
    { 9, 7, 131, -1, 5, 16, 595 }, // U+2099
    { 9, 10, 121, -2, 5, 23, 611 }, // U+209A
    { 6, 7, 100, -1, 5, 11, 634 }, // U+209B
    { 6, 8, 81, -1, 6, 12, 645 }, // U+209C
    { 14, 14, 231, 0, 14, 49, 0 }, // U+20A0
    { 13, 17, 200, 0, 15, 56, 49 }, // U+20A1
    { 13, 15, 200, 1, 14, 49, 105 }, // U+20A2
    { 13, 14, 168, -1, 14, 46, 154 }, // U+20A3
    { 12, 15, 168, -1, 14, 45, 200 }, // U+20A4
    { 18, 16, 291, 0, 13, 72, 245 }, // U+20A5
    { 18, 14, 236, -1, 14, 63, 317 }, // U+20A6
    { 18, 15, 276, -1, 14, 68, 380 }, // U+20A7
    { 23, 15, 348, -1, 14, 87, 448 }, // U+20A8
    { 22, 14, 320, 0, 14, 77, 535 }, // U+20A9
    { 15, 12, 268, 1, 12, 45, 612 }, // U+20AA
    { 14, 18, 199, 0, 15, 63, 657 }, // U+20AB
    { 12, 15, 168, 0, 14, 45, 720 }, // U+20AC
    { 17, 14, 222, -1, 14, 60, 765 }, // U+20AD
    { 13, 14, 196, 1, 14, 46, 825 }, // U+20AE
    { 21, 20, 332, -1, 16, 105, 871 }, // U+20AF
    { 12, 19, 191, -1, 14, 57, 976 }, // U+20B0
    { 15, 14, 203, -1, 14, 53, 1033 }, // U+20B1
    { 14, 17, 239, 1, 15, 60, 1086 }, // U+20B2
    { 16, 14, 226, -1, 14, 56, 1146 }, // U+20B3
    { 14, 15, 184, -1, 14, 53, 1202 }, // U+20B4
    { 13, 17, 200, 1, 15, 56, 1255 }, // U+20B5
    { 13, 15, 179, 0, 14, 49, 1311 }, // U+20B6
    { 12, 16, 168, 0, 14, 48, 1360 }, // U+20B7
    { 12, 14, 168, 0, 14, 42, 1408 }, // U+20B8
    { 11, 14, 168, 1, 14, 39, 1450 }, // U+20B9
    { 11, 14, 168, -1, 14, 39, 1489 }, // U+20BA
    { 12, 15, 196, 1, 14, 45, 1528 }, // U+20BB
    { 14, 13, 236, 0, 13, 46, 1573 }, // U+20BC
    { 14, 14, 177, -1, 14, 49, 1619 }, // U+20BD
    { 12, 15, 168, 0, 15, 45, 1668 }, // U+20BE
    { 12, 17, 168, -1, 15, 51, 1713 }, // U+20BF
    { 6, 3, 93, 0, 7, 5, 0 }, // U+2212
    { 20, 20, 219, -3, 15, 100, 0 }, // U+FB00
    { 16, 20, 206, -3, 15, 80, 100 }, // U+FB01
    { 16, 20, 213, -3, 15, 80, 180 }, // U+FB02
    { 22, 20, 304, -3, 15, 110, 260 }, // U+FB03
    { 23, 20, 311, -3, 15, 115, 370 }, // U+FB04
    { 18, 20, 227, -3, 15, 90, 485 }, // U+FB05
    { 18, 16, 279, 0, 15, 72, 575 }, // U+FB06
    { 18, 18, 300, 0, 15, 81, 0 }, // U+FFFD
};

static const EpdUnicodeInterval notoserif_9_bolditalicIntervals[] = {
    { 0x0, 0x0, 0x0 },
    { 0xD, 0xD, 0x1 },
    { 0x20, 0x7E, 0x2 },
    { 0xA0, 0x17F, 0x61 },
    { 0x1A0, 0x1A1, 0x141 },
    { 0x1AF, 0x1B0, 0x143 },
    { 0x1C4, 0x21F, 0x145 },
    { 0x300, 0x36F, 0x1A1 },
    { 0x400, 0x4FF, 0x211 },
    { 0x1EA0, 0x1EF9, 0x311 },
    { 0x2000, 0x2064, 0x36B },
    { 0x2066, 0x2071, 0x3D0 },
    { 0x2074, 0x208E, 0x3DC },
    { 0x2090, 0x209C, 0x3F7 },
    { 0x20A0, 0x20BF, 0x404 },
    { 0x2212, 0x2212, 0x424 },
    { 0xFB00, 0xFB06, 0x425 },
    { 0xFFFD, 0xFFFD, 0x42C },
};

static const EpdFontGroup notoserif_9_bolditalicGroups[] = {
    { 0, 2512, 4273, 97, 0 },
    { 2512, 2070, 4723, 96, 97 },
    { 4582, 2704, 7914, 128, 193 },
    { 7286, 2708, 6727, 96, 321 },
    { 9994, 849, 1149, 112, 417 },
    { 10843, 6918, 15753, 256, 529 },
    { 17761, 1493, 6258, 90, 785 },
    { 19254, 1456, 2576, 111, 875 },
    { 20710, 558, 729, 42, 986 },
    { 21268, 1349, 1943, 32, 1028 },
    { 22617, 8, 6, 1, 1060 },
    { 22625, 372, 680, 7, 1061 },
    { 22997, 79, 90, 1, 1068 },
};

static const EpdKernClassEntry notoserif_9_bolditalicKernLeftClasses[] = {
    { 0x0022, 1 }, // "
    { 0x0026, 2 }, // &
    { 0x0027, 1 }, // '
    { 0x0028, 3 }, // (
    { 0x002A, 4 }, // *
    { 0x002C, 5 }, // ,
    { 0x002D, 6 }, // -
    { 0x002E, 5 }, // .
    { 0x0041, 7 }, // A
    { 0x0042, 8 }, // B
    { 0x0043, 9 }, // C
    { 0x0044, 10 }, // D
    { 0x0045, 11 }, // E
    { 0x0046, 12 }, // F
    { 0x0047, 13 }, // G
    { 0x004A, 14 }, // J
    { 0x004B, 15 }, // K
    { 0x004C, 16 }, // L
    { 0x004E, 17 }, // N
    { 0x004F, 10 }, // O
    { 0x0050, 18 }, // P
    { 0x0051, 10 }, // Q
    { 0x0052, 19 }, // R
    { 0x0053, 20 }, // S
    { 0x0054, 21 }, // T
    { 0x0055, 22 }, // U
    { 0x0056, 23 }, // V
    { 0x0057, 24 }, // W
    { 0x0058, 25 }, // X
    { 0x0059, 26 }, // Y
    { 0x005B, 3 }, // [
    { 0x005F, 27 }, // _
    { 0x0061, 28 }, // a
    { 0x0062, 29 }, // b
    { 0x0063, 30 }, // c
    { 0x0065, 30 }, // e
    { 0x0066, 31 }, // f
    { 0x0068, 28 }, // h
    { 0x006B, 32 }, // k
    { 0x006D, 28 }, // m
    { 0x006E, 28 }, // n
    { 0x006F, 29 }, // o
    { 0x0070, 29 }, // p
    { 0x0071, 33 }, // q
    { 0x0072, 34 }, // r
    { 0x0073, 35 }, // s
    { 0x0076, 36 }, // v
    { 0x0077, 37 }, // w
    { 0x0079, 38 }, // y
    { 0x007A, 39 }, // z
    { 0x007B, 3 }, // {
    { 0x00A1, 40 }, // U+00A1
    { 0x00AB, 41 }, // U+00AB
    { 0x00BF, 42 }, // U+00BF
    { 0x00C0, 43 }, // U+00C0
    { 0x00C1, 43 }, // U+00C1
    { 0x00C2, 43 }, // U+00C2
    { 0x00C3, 43 }, // U+00C3
    { 0x00C4, 43 }, // U+00C4
    { 0x00C5, 43 }, // U+00C5
    { 0x00C6, 11 }, // U+00C6
    { 0x00C7, 9 }, // U+00C7
    { 0x00C8, 11 }, // U+00C8
    { 0x00C9, 11 }, // U+00C9
    { 0x00CA, 11 }, // U+00CA
    { 0x00CB, 11 }, // U+00CB
    { 0x00D0, 10 }, // U+00D0
    { 0x00D1, 17 }, // U+00D1
    { 0x00D2, 10 }, // U+00D2
    { 0x00D3, 10 }, // U+00D3
    { 0x00D4, 10 }, // U+00D4
    { 0x00D5, 10 }, // U+00D5
    { 0x00D6, 10 }, // U+00D6
    { 0x00D8, 10 }, // U+00D8
    { 0x00D9, 22 }, // U+00D9
    { 0x00DA, 22 }, // U+00DA
    { 0x00DB, 22 }, // U+00DB
    { 0x00DC, 22 }, // U+00DC
    { 0x00DD, 26 }, // U+00DD
    { 0x00DE, 10 }, // U+00DE
    { 0x00DF, 35 }, // U+00DF
    { 0x00E0, 28 }, // U+00E0
    { 0x00E1, 28 }, // U+00E1
    { 0x00E2, 28 }, // U+00E2
    { 0x00E3, 28 }, // U+00E3
    { 0x00E4, 28 }, // U+00E4
    { 0x00E5, 28 }, // U+00E5
    { 0x00E6, 30 }, // U+00E6
    { 0x00E7, 30 }, // U+00E7
    { 0x00E8, 30 }, // U+00E8
    { 0x00E9, 30 }, // U+00E9
    { 0x00EA, 30 }, // U+00EA
    { 0x00EB, 30 }, // U+00EB
    { 0x00F0, 29 }, // U+00F0
    { 0x00F1, 28 }, // U+00F1
    { 0x00F2, 29 }, // U+00F2
    { 0x00F3, 29 }, // U+00F3
    { 0x00F4, 29 }, // U+00F4
    { 0x00F5, 29 }, // U+00F5
    { 0x00F6, 29 }, // U+00F6
    { 0x00F8, 29 }, // U+00F8
    { 0x00F9, 28 }, // U+00F9
    { 0x00FA, 28 }, // U+00FA
    { 0x00FB, 28 }, // U+00FB
    { 0x00FC, 28 }, // U+00FC
    { 0x00FD, 38 }, // U+00FD
    { 0x00FE, 29 }, // U+00FE
    { 0x00FF, 38 }, // U+00FF
    { 0x0100, 7 }, // U+0100
    { 0x0101, 28 }, // U+0101
    { 0x0102, 43 }, // U+0102
    { 0x0103, 28 }, // U+0103
    { 0x0104, 43 }, // U+0104
    { 0x0105, 28 }, // U+0105
    { 0x0106, 9 }, // U+0106
    { 0x0107, 30 }, // U+0107
    { 0x0108, 9 }, // U+0108
    { 0x0109, 30 }, // U+0109
    { 0x010A, 9 }, // U+010A
    { 0x010B, 30 }, // U+010B
    { 0x010C, 9 }, // U+010C
    { 0x010D, 30 }, // U+010D
    { 0x010E, 10 }, // U+010E
    { 0x010F, 44 }, // U+010F
    { 0x0110, 10 }, // U+0110
    { 0x0112, 11 }, // U+0112
    { 0x0113, 30 }, // U+0113
    { 0x0114, 11 }, // U+0114
    { 0x0115, 30 }, // U+0115
    { 0x0116, 11 }, // U+0116
    { 0x0117, 30 }, // U+0117
    { 0x0118, 11 }, // U+0118
    { 0x0119, 30 }, // U+0119
    { 0x011A, 11 }, // U+011A
    { 0x011B, 30 }, // U+011B
    { 0x011C, 13 }, // U+011C
    { 0x011E, 13 }, // U+011E
    { 0x0120, 13 }, // U+0120
    { 0x0122, 13 }, // U+0122
    { 0x0125, 28 }, // U+0125
    { 0x0127, 28 }, // U+0127
    { 0x0132, 14 }, // U+0132
    { 0x0134, 14 }, // U+0134
    { 0x0136, 15 }, // U+0136
    { 0x0137, 32 }, // U+0137
    { 0x0138, 32 }, // U+0138
    { 0x0139, 16 }, // U+0139
    { 0x013B, 16 }, // U+013B
    { 0x013D, 45 }, // U+013D
    { 0x013E, 44 }, // U+013E
    { 0x0141, 16 }, // U+0141
    { 0x0143, 17 }, // U+0143
    { 0x0144, 28 }, // U+0144
    { 0x0145, 17 }, // U+0145
    { 0x0146, 28 }, // U+0146
    { 0x0147, 17 }, // U+0147
    { 0x0148, 28 }, // U+0148
    { 0x0149, 28 }, // U+0149
    { 0x014A, 14 }, // U+014A
    { 0x014B, 28 }, // U+014B
    { 0x014C, 10 }, // U+014C
    { 0x014D, 29 }, // U+014D
    { 0x014E, 10 }, // U+014E
    { 0x014F, 29 }, // U+014F
    { 0x0150, 10 }, // U+0150
    { 0x0151, 29 }, // U+0151
    { 0x0152, 11 }, // U+0152
    { 0x0153, 30 }, // U+0153
    { 0x0154, 19 }, // U+0154
    { 0x0155, 34 }, // U+0155
    { 0x0156, 19 }, // U+0156
    { 0x0157, 34 }, // U+0157
    { 0x0158, 19 }, // U+0158
    { 0x0159, 34 }, // U+0159
    { 0x015A, 20 }, // U+015A
    { 0x015B, 35 }, // U+015B
    { 0x015C, 20 }, // U+015C
    { 0x015D, 35 }, // U+015D
    { 0x015E, 20 }, // U+015E
    { 0x015F, 35 }, // U+015F
    { 0x0160, 20 }, // U+0160
    { 0x0161, 35 }, // U+0161
    { 0x0162, 21 }, // U+0162
    { 0x0164, 21 }, // U+0164
    { 0x0166, 21 }, // U+0166
    { 0x0168, 22 }, // U+0168
    { 0x0169, 28 }, // U+0169
    { 0x016A, 22 }, // U+016A
    { 0x016B, 28 }, // U+016B
    { 0x016C, 22 }, // U+016C
    { 0x016D, 28 }, // U+016D
    { 0x016E, 22 }, // U+016E
    { 0x016F, 28 }, // U+016F
    { 0x0170, 22 }, // U+0170
    { 0x0171, 28 }, // U+0171
    { 0x0172, 22 }, // U+0172
    { 0x0173, 28 }, // U+0173
    { 0x0174, 24 }, // U+0174
    { 0x0175, 37 }, // U+0175
    { 0x0176, 26 }, // U+0176
    { 0x0177, 38 }, // U+0177
    { 0x0178, 26 }, // U+0178
    { 0x017A, 39 }, // U+017A
    { 0x017C, 39 }, // U+017C
    { 0x017E, 39 }, // U+017E
    { 0x01A0, 46 }, // U+01A0
    { 0x01A1, 47 }, // U+01A1
    { 0x01AF, 48 }, // U+01AF
    { 0x01B0, 49 }, // U+01B0
    { 0x01FA, 7 }, // U+01FA
    { 0x01FB, 28 }, // U+01FB
    { 0x01FC, 11 }, // U+01FC
    { 0x01FD, 30 }, // U+01FD
    { 0x01FE, 10 }, // U+01FE
    { 0x01FF, 29 }, // U+01FF
    { 0x0218, 20 }, // U+0218
    { 0x0219, 35 }, // U+0219
    { 0x021A, 21 }, // U+021A
    { 0x0400, 50 }, // U+0400
    { 0x0401, 50 }, // U+0401
    { 0x0402, 51 }, // U+0402
    { 0x0403, 52 }, // U+0403
    { 0x0404, 53 }, // U+0404
    { 0x0405, 54 }, // U+0405
    { 0x0406, 55 }, // U+0406
    { 0x0407, 55 }, // U+0407
    { 0x0408, 56 }, // U+0408
    { 0x0409, 57 }, // U+0409
    { 0x040A, 57 }, // U+040A
    { 0x040B, 58 }, // U+040B
    { 0x040C, 59 }, // U+040C
    { 0x040D, 55 }, // U+040D
    { 0x040E, 60 }, // U+040E
    { 0x040F, 55 }, // U+040F
    { 0x0410, 61 }, // U+0410
    { 0x0411, 62 }, // U+0411
    { 0x0412, 63 }, // U+0412
    { 0x0413, 52 }, // U+0413
    { 0x0414, 64 }, // U+0414
    { 0x0415, 50 }, // U+0415
    { 0x0416, 59 }, // U+0416
    { 0x0417, 63 }, // U+0417
    { 0x0418, 55 }, // U+0418
    { 0x0419, 55 }, // U+0419
    { 0x041A, 59 }, // U+041A
    { 0x041B, 55 }, // U+041B
    { 0x041C, 55 }, // U+041C
    { 0x041D, 55 }, // U+041D
    { 0x041E, 65 }, // U+041E
    { 0x041F, 55 }, // U+041F
    { 0x0420, 66 }, // U+0420
    { 0x0421, 53 }, // U+0421
    { 0x0422, 52 }, // U+0422
    { 0x0423, 60 }, // U+0423
    { 0x0424, 67 }, // U+0424
    { 0x0425, 68 }, // U+0425
    { 0x0426, 64 }, // U+0426
    { 0x0427, 55 }, // U+0427
    { 0x0428, 55 }, // U+0428
    { 0x0429, 64 }, // U+0429
    { 0x042A, 57 }, // U+042A
    { 0x042B, 55 }, // U+042B
    { 0x042C, 57 }, // U+042C
    { 0x042D, 65 }, // U+042D
    { 0x042E, 65 }, // U+042E
    { 0x042F, 55 }, // U+042F
    { 0x0430, 69 }, // U+0430
    { 0x0431, 70 }, // U+0431
    { 0x0432, 71 }, // U+0432
    { 0x0433, 72 }, // U+0433
    { 0x0434, 73 }, // U+0434
    { 0x0435, 74 }, // U+0435
    { 0x0436, 75 }, // U+0436
    { 0x0437, 71 }, // U+0437
    { 0x0438, 69 }, // U+0438
    { 0x0439, 69 }, // U+0439
    { 0x043A, 76 }, // U+043A
    { 0x043B, 69 }, // U+043B
    { 0x043C, 69 }, // U+043C
    { 0x043D, 69 }, // U+043D
    { 0x043E, 77 }, // U+043E
    { 0x043F, 78 }, // U+043F
    { 0x0440, 77 }, // U+0440
    { 0x0441, 79 }, // U+0441
    { 0x0442, 78 }, // U+0442
    { 0x0443, 80 }, // U+0443
    { 0x0444, 77 }, // U+0444
    { 0x0445, 76 }, // U+0445
    { 0x0446, 81 }, // U+0446
    { 0x0447, 69 }, // U+0447
    { 0x0448, 69 }, // U+0448
    { 0x0449, 81 }, // U+0449
    { 0x044A, 82 }, // U+044A
    { 0x044B, 69 }, // U+044B
    { 0x044C, 82 }, // U+044C
    { 0x044D, 77 }, // U+044D
    { 0x044E, 77 }, // U+044E
    { 0x044F, 69 }, // U+044F
    { 0x0450, 74 }, // U+0450
    { 0x0451, 74 }, // U+0451
    { 0x0452, 83 }, // U+0452
    { 0x0453, 72 }, // U+0453
    { 0x0454, 79 }, // U+0454
    { 0x0455, 84 }, // U+0455
    { 0x0456, 69 }, // U+0456
    { 0x0457, 85 }, // U+0457
    { 0x0458, 86 }, // U+0458
    { 0x0459, 82 }, // U+0459
    { 0x045A, 82 }, // U+045A
    { 0x045B, 78 }, // U+045B
    { 0x045C, 76 }, // U+045C
    { 0x045D, 69 }, // U+045D
    { 0x045E, 80 }, // U+045E
    { 0x045F, 69 }, // U+045F
    { 0x0460, 65 }, // U+0460
    { 0x0461, 87 }, // U+0461
    { 0x0462, 57 }, // U+0462
    { 0x0464, 53 }, // U+0464
    { 0x0465, 72 }, // U+0465
    { 0x0466, 61 }, // U+0466
    { 0x0468, 61 }, // U+0468
    { 0x046A, 88 }, // U+046A
    { 0x046C, 88 }, // U+046C
    { 0x046E, 63 }, // U+046E
    { 0x046F, 72 }, // U+046F
    { 0x0470, 89 }, // U+0470
    { 0x0471, 90 }, // U+0471
    { 0x0472, 65 }, // U+0472
    { 0x0473, 71 }, // U+0473
    { 0x0474, 60 }, // U+0474
    { 0x0475, 90 }, // U+0475
    { 0x0476, 60 }, // U+0476
    { 0x0477, 90 }, // U+0477
    { 0x0478, 91 }, // U+0478
    { 0x0479, 80 }, // U+0479
    { 0x047A, 65 }, // U+047A
    { 0x047B, 71 }, // U+047B
    { 0x047C, 65 }, // U+047C
    { 0x047D, 71 }, // U+047D
    { 0x047E, 65 }, // U+047E
    { 0x047F, 87 }, // U+047F
    { 0x0480, 53 }, // U+0480
    { 0x0481, 72 }, // U+0481
    { 0x048A, 64 }, // U+048A
    { 0x048B, 81 }, // U+048B
    { 0x048C, 57 }, // U+048C
    { 0x048E, 66 }, // U+048E
    { 0x048F, 71 }, // U+048F
    { 0x0490, 92 }, // U+0490
    { 0x0491, 93 }, // U+0491
    { 0x0492, 92 }, // U+0492
    { 0x0493, 93 }, // U+0493
    { 0x0494, 58 }, // U+0494
    { 0x0496, 59 }, // U+0496
    { 0x0497, 79 }, // U+0497
    { 0x0498, 63 }, // U+0498
    { 0x0499, 72 }, // U+0499
    { 0x049A, 59 }, // U+049A
    { 0x049B, 79 }, // U+049B
    { 0x049C, 59 }, // U+049C
    { 0x049D, 79 }, // U+049D
    { 0x049E, 59 }, // U+049E
    { 0x049F, 79 }, // U+049F
    { 0x04A0, 59 }, // U+04A0
    { 0x04A1, 79 }, // U+04A1
    { 0x04A2, 64 }, // U+04A2
    { 0x04A3, 81 }, // U+04A3
    { 0x04A4, 92 }, // U+04A4
    { 0x04A6, 58 }, // U+04A6
    { 0x04AA, 53 }, // U+04AA
    { 0x04AB, 72 }, // U+04AB
    { 0x04AC, 92 }, // U+04AC
    { 0x04AD, 81 }, // U+04AD
    { 0x04AE, 89 }, // U+04AE
    { 0x04AF, 90 }, // U+04AF
    { 0x04B0, 89 }, // U+04B0
    { 0x04B1, 90 }, // U+04B1
    { 0x04B2, 68 }, // U+04B2
    { 0x04B3, 76 }, // U+04B3
    { 0x04B4, 64 }, // U+04B4
    { 0x04B5, 81 }, // U+04B5
    { 0x04B6, 64 }, // U+04B6
    { 0x04B7, 81 }, // U+04B7
    { 0x04B8, 55 }, // U+04B8
    { 0x04B9, 69 }, // U+04B9
    { 0x04BA, 58 }, // U+04BA
    { 0x04BB, 82 }, // U+04BB
    { 0x04BC, 94 }, // U+04BC
    { 0x04BD, 74 }, // U+04BD
    { 0x04BE, 94 }, // U+04BE
    { 0x04BF, 74 }, // U+04BF
    { 0x04C1, 59 }, // U+04C1
    { 0x04C2, 79 }, // U+04C2
    { 0x04C3, 58 }, // U+04C3
    { 0x04C5, 64 }, // U+04C5
    { 0x04C6, 81 }, // U+04C6
    { 0x04C7, 56 }, // U+04C7
    { 0x04C9, 64 }, // U+04C9
    { 0x04CA, 81 }, // U+04CA
    { 0x04CC, 81 }, // U+04CC
    { 0x04CD, 64 }, // U+04CD
    { 0x04CE, 81 }, // U+04CE
    { 0x04D0, 61 }, // U+04D0
    { 0x04D1, 81 }, // U+04D1
    { 0x04D2, 61 }, // U+04D2
    { 0x04D3, 81 }, // U+04D3
    { 0x04D4, 50 }, // U+04D4
    { 0x04D5, 74 }, // U+04D5
    { 0x04D6, 50 }, // U+04D6
    { 0x04D7, 74 }, // U+04D7
    { 0x04D8, 65 }, // U+04D8
    { 0x04D9, 71 }, // U+04D9
    { 0x04DA, 65 }, // U+04DA
    { 0x04DB, 71 }, // U+04DB
    { 0x04DC, 59 }, // U+04DC
    { 0x04DD, 79 }, // U+04DD
    { 0x04DE, 63 }, // U+04DE
    { 0x04DF, 71 }, // U+04DF
    { 0x04E0, 63 }, // U+04E0
    { 0x04E1, 95 }, // U+04E1
    { 0x04E2, 55 }, // U+04E2
    { 0x04E3, 81 }, // U+04E3
    { 0x04E4, 55 }, // U+04E4
    { 0x04E5, 81 }, // U+04E5
    { 0x04E6, 65 }, // U+04E6
    { 0x04E7, 71 }, // U+04E7
    { 0x04E8, 65 }, // U+04E8
    { 0x04E9, 71 }, // U+04E9
    { 0x04EA, 65 }, // U+04EA
    { 0x04EB, 71 }, // U+04EB
    { 0x04EC, 65 }, // U+04EC
    { 0x04ED, 77 }, // U+04ED
    { 0x04EE, 60 }, // U+04EE
    { 0x04EF, 80 }, // U+04EF
    { 0x04F0, 60 }, // U+04F0
    { 0x04F1, 80 }, // U+04F1
    { 0x04F2, 60 }, // U+04F2
    { 0x04F3, 80 }, // U+04F3
    { 0x04F4, 55 }, // U+04F4
    { 0x04F5, 69 }, // U+04F5
    { 0x04F6, 92 }, // U+04F6
    { 0x04F7, 93 }, // U+04F7
    { 0x04F8, 55 }, // U+04F8
    { 0x04F9, 69 }, // U+04F9
    { 0x04FA, 92 }, // U+04FA
    { 0x04FB, 93 }, // U+04FB
    { 0x04FC, 68 }, // U+04FC
    { 0x04FD, 76 }, // U+04FD
    { 0x04FE, 68 }, // U+04FE
    { 0x04FF, 96 }, // U+04FF
    { 0x1EA0, 43 }, // U+1EA0
    { 0x1EA1, 28 }, // U+1EA1
    { 0x1EA2, 43 }, // U+1EA2
    { 0x1EA3, 28 }, // U+1EA3
    { 0x1EA4, 43 }, // U+1EA4
    { 0x1EA5, 28 }, // U+1EA5
    { 0x1EA6, 43 }, // U+1EA6
    { 0x1EA7, 28 }, // U+1EA7
    { 0x1EA8, 43 }, // U+1EA8
    { 0x1EA9, 28 }, // U+1EA9
    { 0x1EAA, 43 }, // U+1EAA
    { 0x1EAB, 28 }, // U+1EAB
    { 0x1EAC, 43 }, // U+1EAC
    { 0x1EAD, 28 }, // U+1EAD
    { 0x1EAE, 43 }, // U+1EAE
    { 0x1EAF, 28 }, // U+1EAF
    { 0x1EB0, 43 }, // U+1EB0
    { 0x1EB1, 28 }, // U+1EB1
    { 0x1EB2, 43 }, // U+1EB2
    { 0x1EB3, 28 }, // U+1EB3
    { 0x1EB4, 43 }, // U+1EB4
    { 0x1EB5, 28 }, // U+1EB5
    { 0x1EB6, 43 }, // U+1EB6
    { 0x1EB7, 28 }, // U+1EB7
    { 0x1EB8, 11 }, // U+1EB8
    { 0x1EB9, 30 }, // U+1EB9
    { 0x1EBA, 11 }, // U+1EBA
    { 0x1EBB, 30 }, // U+1EBB
    { 0x1EBC, 11 }, // U+1EBC
    { 0x1EBD, 30 }, // U+1EBD
    { 0x1EBE, 11 }, // U+1EBE
    { 0x1EBF, 30 }, // U+1EBF
    { 0x1EC0, 11 }, // U+1EC0
    { 0x1EC1, 30 }, // U+1EC1
    { 0x1EC2, 11 }, // U+1EC2
    { 0x1EC3, 30 }, // U+1EC3
    { 0x1EC4, 11 }, // U+1EC4
    { 0x1EC5, 30 }, // U+1EC5
    { 0x1EC6, 11 }, // U+1EC6
    { 0x1EC7, 30 }, // U+1EC7
    { 0x1ECC, 10 }, // U+1ECC
    { 0x1ECD, 29 }, // U+1ECD
    { 0x1ECE, 10 }, // U+1ECE
    { 0x1ECF, 29 }, // U+1ECF
    { 0x1ED0, 10 }, // U+1ED0
    { 0x1ED1, 29 }, // U+1ED1
    { 0x1ED2, 10 }, // U+1ED2
    { 0x1ED3, 29 }, // U+1ED3
    { 0x1ED4, 10 }, // U+1ED4
    { 0x1ED5, 29 }, // U+1ED5
    { 0x1ED6, 10 }, // U+1ED6
    { 0x1ED7, 29 }, // U+1ED7
    { 0x1ED8, 10 }, // U+1ED8
    { 0x1ED9, 97 }, // U+1ED9
    { 0x1EDA, 46 }, // U+1EDA
    { 0x1EDB, 47 }, // U+1EDB
    { 0x1EDC, 46 }, // U+1EDC
    { 0x1EDD, 47 }, // U+1EDD
    { 0x1EDE, 46 }, // U+1EDE
    { 0x1EDF, 47 }, // U+1EDF
    { 0x1EE0, 46 }, // U+1EE0
    { 0x1EE1, 47 }, // U+1EE1
    { 0x1EE2, 46 }, // U+1EE2
    { 0x1EE3, 47 }, // U+1EE3
    { 0x1EE4, 22 }, // U+1EE4
    { 0x1EE5, 28 }, // U+1EE5
    { 0x1EE6, 22 }, // U+1EE6
    { 0x1EE7, 28 }, // U+1EE7
    { 0x1EE8, 48 }, // U+1EE8
    { 0x1EE9, 49 }, // U+1EE9
    { 0x1EEA, 48 }, // U+1EEA
    { 0x1EEB, 49 }, // U+1EEB
    { 0x1EEC, 48 }, // U+1EEC
    { 0x1EED, 49 }, // U+1EED
    { 0x1EEE, 48 }, // U+1EEE
    { 0x1EEF, 49 }, // U+1EEF
    { 0x1EF0, 48 }, // U+1EF0
    { 0x1EF1, 49 }, // U+1EF1
    { 0x1EF2, 26 }, // U+1EF2
    { 0x1EF3, 38 }, // U+1EF3
    { 0x1EF4, 26 }, // U+1EF4
    { 0x1EF5, 38 }, // U+1EF5
    { 0x1EF6, 26 }, // U+1EF6
    { 0x1EF7, 38 }, // U+1EF7
    { 0x1EF8, 26 }, // U+1EF8
    { 0x1EF9, 38 }, // U+1EF9
    { 0x2013, 6 }, // U+2013
    { 0x2014, 6 }, // U+2014
    { 0x2015, 6 }, // U+2015
    { 0x2018, 98 }, // U+2018
    { 0x2019, 99 }, // U+2019
    { 0x201A, 5 }, // U+201A
    { 0x201C, 98 }, // U+201C
    { 0x201D, 99 }, // U+201D
    { 0x201E, 5 }, // U+201E
    { 0x2039, 41 }, // U+2039
    { 0x207D, 100 }, // U+207D
    { 0x208D, 101 }, // U+208D
    { 0x2090, 102 }, // U+2090
    { 0x2092, 103 }, // U+2092
    { 0xFB00, 31 }, // U+FB00
};

static const EpdKernClassEntry notoserif_9_bolditalicKernRightClasses[] = {
    { 0x0022, 1 }, // "
    { 0x0026, 2 }, // &
    { 0x0027, 1 }, // '
    { 0x0029, 3 }, // )
    { 0x002A, 4 }, // *
    { 0x002C, 5 }, // ,
    { 0x002D, 6 }, // -
    { 0x002E, 7 }, // .
    { 0x003A, 8 }, // :
    { 0x003B, 8 }, // ;
    { 0x003F, 9 }, // ?
    { 0x0041, 10 }, // A
    { 0x0042, 11 }, // B
    { 0x0043, 12 }, // C
    { 0x0044, 11 }, // D
    { 0x0045, 11 }, // E
    { 0x0046, 11 }, // F
    { 0x0047, 12 }, // G
    { 0x0048, 11 }, // H
    { 0x0049, 11 }, // I
    { 0x004A, 11 }, // J
    { 0x004B, 11 }, // K
    { 0x004C, 11 }, // L
    { 0x004D, 11 }, // M
    { 0x004E, 11 }, // N
    { 0x004F, 12 }, // O
    { 0x0050, 11 }, // P
    { 0x0051, 12 }, // Q
    { 0x0052, 11 }, // R
    { 0x0053, 13 }, // S
    { 0x0054, 14 }, // T
    { 0x0055, 15 }, // U
    { 0x0056, 16 }, // V
    { 0x0057, 17 }, // W
    { 0x0058, 18 }, // X
    { 0x0059, 19 }, // Y
    { 0x005A, 20 }, // Z
    { 0x005C, 21 }, // <backslash>
    { 0x005D, 3 }, // ]
    { 0x005F, 22 }, // _
    { 0x0061, 23 }, // a
    { 0x0062, 24 }, // b
    { 0x0063, 25 }, // c
    { 0x0064, 25 }, // d
    { 0x0065, 25 }, // e
    { 0x0067, 26 }, // g
    { 0x0068, 24 }, // h
    { 0x0069, 27 }, // i
    { 0x006B, 24 }, // k
    { 0x006C, 28 }, // l
    { 0x006D, 29 }, // m
    { 0x006E, 29 }, // n
    { 0x006F, 25 }, // o
    { 0x0070, 29 }, // p
    { 0x0071, 25 }, // q
    { 0x0072, 29 }, // r
    { 0x0073, 30 }, // s
    { 0x0074, 31 }, // t
    { 0x0075, 32 }, // u
    { 0x0076, 33 }, // v
    { 0x0077, 34 }, // w
    { 0x0078, 35 }, // x
    { 0x0079, 36 }, // y
    { 0x007A, 37 }, // z
    { 0x007D, 3 }, // }
    { 0x00A9, 38 }, // U+00A9
    { 0x00AE, 38 }, // U+00AE
    { 0x00BB, 39 }, // U+00BB
    { 0x00C0, 10 }, // U+00C0
    { 0x00C1, 10 }, // U+00C1
    { 0x00C2, 10 }, // U+00C2
    { 0x00C3, 10 }, // U+00C3
    { 0x00C4, 10 }, // U+00C4
    { 0x00C5, 10 }, // U+00C5
    { 0x00C6, 40 }, // U+00C6
    { 0x00C7, 12 }, // U+00C7
    { 0x00C8, 11 }, // U+00C8
    { 0x00C9, 11 }, // U+00C9
    { 0x00CA, 11 }, // U+00CA
    { 0x00CB, 11 }, // U+00CB
    { 0x00CC, 11 }, // U+00CC
    { 0x00CD, 11 }, // U+00CD
    { 0x00CE, 11 }, // U+00CE
    { 0x00CF, 11 }, // U+00CF
    { 0x00D0, 11 }, // U+00D0
    { 0x00D1, 11 }, // U+00D1
    { 0x00D2, 12 }, // U+00D2
    { 0x00D3, 12 }, // U+00D3
    { 0x00D4, 12 }, // U+00D4
    { 0x00D5, 12 }, // U+00D5
    { 0x00D6, 12 }, // U+00D6
    { 0x00D8, 12 }, // U+00D8
    { 0x00D9, 15 }, // U+00D9
    { 0x00DA, 15 }, // U+00DA
    { 0x00DB, 15 }, // U+00DB
    { 0x00DC, 15 }, // U+00DC
    { 0x00DD, 19 }, // U+00DD
    { 0x00DE, 11 }, // U+00DE
    { 0x00E0, 23 }, // U+00E0
    { 0x00E1, 23 }, // U+00E1
    { 0x00E2, 23 }, // U+00E2
    { 0x00E3, 23 }, // U+00E3
    { 0x00E4, 23 }, // U+00E4
    { 0x00E5, 23 }, // U+00E5
    { 0x00E6, 23 }, // U+00E6
    { 0x00E7, 25 }, // U+00E7
    { 0x00E8, 25 }, // U+00E8
    { 0x00E9, 25 }, // U+00E9
    { 0x00EA, 25 }, // U+00EA
    { 0x00EB, 25 }, // U+00EB
    { 0x00EC, 27 }, // U+00EC
    { 0x00ED, 27 }, // U+00ED
    { 0x00EE, 27 }, // U+00EE
    { 0x00EF, 27 }, // U+00EF
    { 0x00F0, 25 }, // U+00F0
    { 0x00F1, 29 }, // U+00F1
    { 0x00F2, 25 }, // U+00F2
    { 0x00F3, 25 }, // U+00F3
    { 0x00F4, 25 }, // U+00F4
    { 0x00F5, 25 }, // U+00F5
    { 0x00F6, 25 }, // U+00F6
    { 0x00F8, 25 }, // U+00F8
    { 0x00F9, 32 }, // U+00F9
    { 0x00FA, 32 }, // U+00FA
    { 0x00FB, 32 }, // U+00FB
    { 0x00FC, 32 }, // U+00FC
    { 0x00FD, 36 }, // U+00FD
    { 0x00FE, 24 }, // U+00FE
    { 0x00FF, 36 }, // U+00FF
    { 0x0100, 10 }, // U+0100
    { 0x0101, 23 }, // U+0101
    { 0x0102, 10 }, // U+0102
    { 0x0103, 23 }, // U+0103
    { 0x0104, 10 }, // U+0104
    { 0x0105, 23 }, // U+0105
    { 0x0106, 12 }, // U+0106
    { 0x0107, 25 }, // U+0107
    { 0x0108, 12 }, // U+0108
    { 0x0109, 25 }, // U+0109
    { 0x010A, 12 }, // U+010A
    { 0x010B, 25 }, // U+010B
    { 0x010C, 12 }, // U+010C
    { 0x010D, 25 }, // U+010D
    { 0x010E, 11 }, // U+010E
    { 0x010F, 25 }, // U+010F
    { 0x0110, 11 }, // U+0110
    { 0x0111, 25 }, // U+0111
    { 0x0112, 11 }, // U+0112
    { 0x0113, 25 }, // U+0113
    { 0x0114, 11 }, // U+0114
    { 0x0115, 25 }, // U+0115
    { 0x0116, 11 }, // U+0116
    { 0x0117, 25 }, // U+0117
    { 0x0118, 11 }, // U+0118
    { 0x0119, 25 }, // U+0119
    { 0x011A, 11 }, // U+011A
    { 0x011B, 25 }, // U+011B
    { 0x011C, 12 }, // U+011C
    { 0x011D, 25 }, // U+011D
    { 0x011E, 12 }, // U+011E
    { 0x011F, 25 }, // U+011F
    { 0x0120, 12 }, // U+0120
    { 0x0121, 25 }, // U+0121
    { 0x0122, 12 }, // U+0122
    { 0x0123, 25 }, // U+0123
    { 0x0124, 11 }, // U+0124
    { 0x0125, 24 }, // U+0125
    { 0x0126, 11 }, // U+0126
    { 0x0127, 24 }, // U+0127
    { 0x0128, 11 }, // U+0128
    { 0x0129, 27 }, // U+0129
    { 0x012A, 11 }, // U+012A
    { 0x012B, 27 }, // U+012B
    { 0x012C, 11 }, // U+012C
    { 0x012D, 27 }, // U+012D
    { 0x012E, 11 }, // U+012E
    { 0x012F, 27 }, // U+012F
    { 0x0130, 11 }, // U+0130
    { 0x0132, 11 }, // U+0132
    { 0x0133, 27 }, // U+0133
    { 0x0134, 11 }, // U+0134
    { 0x0136, 11 }, // U+0136
    { 0x0137, 24 }, // U+0137
    { 0x0138, 29 }, // U+0138
    { 0x0139, 11 }, // U+0139
    { 0x013A, 28 }, // U+013A
    { 0x013B, 11 }, // U+013B
    { 0x013C, 28 }, // U+013C
    { 0x013D, 11 }, // U+013D
    { 0x013E, 28 }, // U+013E
    { 0x013F, 11 }, // U+013F
    { 0x0140, 28 }, // U+0140
    { 0x0141, 11 }, // U+0141
    { 0x0142, 28 }, // U+0142
    { 0x0143, 11 }, // U+0143
    { 0x0144, 29 }, // U+0144
    { 0x0145, 11 }, // U+0145
    { 0x0146, 29 }, // U+0146
    { 0x0147, 11 }, // U+0147
    { 0x0148, 29 }, // U+0148
    { 0x0149, 41 }, // U+0149
    { 0x014A, 11 }, // U+014A
    { 0x014B, 29 }, // U+014B
    { 0x014C, 12 }, // U+014C
    { 0x014D, 25 }, // U+014D
    { 0x014E, 12 }, // U+014E
    { 0x014F, 25 }, // U+014F
    { 0x0150, 12 }, // U+0150
    { 0x0151, 25 }, // U+0151
    { 0x0152, 12 }, // U+0152
    { 0x0153, 25 }, // U+0153
    { 0x0154, 11 }, // U+0154
    { 0x0155, 29 }, // U+0155
    { 0x0156, 11 }, // U+0156
    { 0x0157, 29 }, // U+0157
    { 0x0158, 11 }, // U+0158
    { 0x0159, 29 }, // U+0159
    { 0x015A, 13 }, // U+015A
    { 0x015B, 30 }, // U+015B
    { 0x015C, 13 }, // U+015C
    { 0x015D, 30 }, // U+015D
    { 0x015E, 13 }, // U+015E
    { 0x015F, 30 }, // U+015F
    { 0x0160, 13 }, // U+0160
    { 0x0161, 30 }, // U+0161
    { 0x0163, 31 }, // U+0163
    { 0x0165, 31 }, // U+0165
    { 0x0167, 31 }, // U+0167
    { 0x0168, 15 }, // U+0168
    { 0x0169, 32 }, // U+0169
    { 0x016A, 15 }, // U+016A
    { 0x016B, 32 }, // U+016B
    { 0x016C, 15 }, // U+016C
    { 0x016D, 32 }, // U+016D
    { 0x016E, 15 }, // U+016E
    { 0x016F, 32 }, // U+016F
    { 0x0170, 15 }, // U+0170
    { 0x0171, 32 }, // U+0171
    { 0x0172, 15 }, // U+0172
    { 0x0173, 32 }, // U+0173
    { 0x0174, 17 }, // U+0174
    { 0x0175, 34 }, // U+0175
    { 0x0176, 19 }, // U+0176
    { 0x0177, 36 }, // U+0177
    { 0x0178, 19 }, // U+0178
    { 0x0179, 20 }, // U+0179
    { 0x017A, 37 }, // U+017A
    { 0x017B, 20 }, // U+017B
    { 0x017C, 37 }, // U+017C
    { 0x017D, 20 }, // U+017D
    { 0x017E, 37 }, // U+017E
    { 0x01A0, 12 }, // U+01A0
    { 0x01A1, 25 }, // U+01A1
    { 0x01AF, 15 }, // U+01AF
    { 0x01B0, 32 }, // U+01B0
    { 0x01FA, 10 }, // U+01FA
    { 0x01FB, 23 }, // U+01FB
    { 0x01FC, 40 }, // U+01FC
    { 0x01FD, 23 }, // U+01FD
    { 0x01FE, 12 }, // U+01FE
    { 0x01FF, 25 }, // U+01FF
    { 0x0218, 13 }, // U+0218
    { 0x0219, 30 }, // U+0219
    { 0x021B, 31 }, // U+021B
    { 0x021E, 11 }, // U+021E
    { 0x0400, 42 }, // U+0400
    { 0x0401, 42 }, // U+0401
    { 0x0402, 43 }, // U+0402
    { 0x0403, 42 }, // U+0403
    { 0x0404, 44 }, // U+0404
    { 0x0405, 45 }, // U+0405
    { 0x0406, 42 }, // U+0406
    { 0x0407, 42 }, // U+0407
    { 0x0408, 46 }, // U+0408
    { 0x0409, 47 }, // U+0409
    { 0x040A, 42 }, // U+040A
    { 0x040B, 43 }, // U+040B
    { 0x040C, 42 }, // U+040C
    { 0x040D, 42 }, // U+040D
    { 0x040E, 48 }, // U+040E
    { 0x040F, 42 }, // U+040F
    { 0x0410, 49 }, // U+0410
    { 0x0411, 42 }, // U+0411
    { 0x0412, 42 }, // U+0412
    { 0x0413, 42 }, // U+0413
    { 0x0414, 50 }, // U+0414
    { 0x0415, 42 }, // U+0415
    { 0x0416, 51 }, // U+0416
    { 0x0417, 52 }, // U+0417
    { 0x0418, 42 }, // U+0418
    { 0x0419, 42 }, // U+0419
    { 0x041A, 42 }, // U+041A
    { 0x041B, 47 }, // U+041B
    { 0x041C, 42 }, // U+041C
    { 0x041D, 42 }, // U+041D
    { 0x041E, 44 }, // U+041E
    { 0x041F, 42 }, // U+041F
    { 0x0420, 42 }, // U+0420
    { 0x0421, 44 }, // U+0421
    { 0x0422, 43 }, // U+0422
    { 0x0423, 48 }, // U+0423
    { 0x0424, 53 }, // U+0424
    { 0x0425, 54 }, // U+0425
    { 0x0426, 42 }, // U+0426
    { 0x0427, 55 }, // U+0427
    { 0x0428, 42 }, // U+0428
    { 0x0429, 42 }, // U+0429
    { 0x042A, 43 }, // U+042A
    { 0x042B, 42 }, // U+042B
    { 0x042C, 42 }, // U+042C
    { 0x042D, 52 }, // U+042D
    { 0x042E, 42 }, // U+042E
    { 0x042F, 56 }, // U+042F
    { 0x0430, 57 }, // U+0430
    { 0x0431, 58 }, // U+0431
    { 0x0432, 57 }, // U+0432
    { 0x0433, 59 }, // U+0433
    { 0x0434, 60 }, // U+0434
    { 0x0435, 57 }, // U+0435
    { 0x0436, 61 }, // U+0436
    { 0x0437, 62 }, // U+0437
    { 0x0438, 63 }, // U+0438
    { 0x0439, 63 }, // U+0439
    { 0x043A, 64 }, // U+043A
    { 0x043B, 65 }, // U+043B
    { 0x043C, 65 }, // U+043C
    { 0x043D, 64 }, // U+043D
    { 0x043E, 57 }, // U+043E
    { 0x043F, 64 }, // U+043F
    { 0x0440, 66 }, // U+0440
    { 0x0441, 57 }, // U+0441
    { 0x0442, 64 }, // U+0442
    { 0x0443, 67 }, // U+0443
    { 0x0444, 57 }, // U+0444
    { 0x0445, 68 }, // U+0445
    { 0x0446, 63 }, // U+0446
    { 0x0447, 69 }, // U+0447
    { 0x0448, 63 }, // U+0448
    { 0x0449, 63 }, // U+0449
    { 0x044A, 70 }, // U+044A
    { 0x044B, 63 }, // U+044B
    { 0x044C, 63 }, // U+044C
    { 0x044D, 61 }, // U+044D
    { 0x044E, 64 }, // U+044E
    { 0x044F, 71 }, // U+044F
    { 0x0450, 57 }, // U+0450
    { 0x0451, 57 }, // U+0451
    { 0x0452, 72 }, // U+0452
    { 0x0453, 59 }, // U+0453
    { 0x0454, 57 }, // U+0454
    { 0x0455, 73 }, // U+0455
    { 0x0456, 74 }, // U+0456
    { 0x0457, 75 }, // U+0457
    { 0x0458, 76 }, // U+0458
    { 0x0459, 65 }, // U+0459
    { 0x045A, 64 }, // U+045A
    { 0x045B, 72 }, // U+045B
    { 0x045C, 64 }, // U+045C
    { 0x045D, 63 }, // U+045D
    { 0x045E, 67 }, // U+045E
    { 0x045F, 63 }, // U+045F
    { 0x0460, 77 }, // U+0460
    { 0x0461, 78 }, // U+0461
    { 0x0466, 49 }, // U+0466
    { 0x046A, 79 }, // U+046A
    { 0x046E, 52 }, // U+046E
    { 0x0470, 80 }, // U+0470
    { 0x0471, 63 }, // U+0471
    { 0x0472, 77 }, // U+0472
    { 0x0473, 81 }, // U+0473
    { 0x0474, 80 }, // U+0474
    { 0x0475, 82 }, // U+0475
    { 0x0476, 80 }, // U+0476
    { 0x0477, 82 }, // U+0477
    { 0x0478, 77 }, // U+0478
    { 0x0479, 81 }, // U+0479
    { 0x047A, 77 }, // U+047A
    { 0x047B, 81 }, // U+047B
    { 0x047C, 77 }, // U+047C
    { 0x047D, 81 }, // U+047D
    { 0x047E, 77 }, // U+047E
    { 0x047F, 78 }, // U+047F
    { 0x0480, 77 }, // U+0480
    { 0x0481, 81 }, // U+0481
    { 0x048B, 63 }, // U+048B
    { 0x048F, 66 }, // U+048F
    { 0x0496, 51 }, // U+0496
    { 0x0497, 61 }, // U+0497
    { 0x0498, 52 }, // U+0498
    { 0x0499, 61 }, // U+0499
    { 0x049F, 72 }, // U+049F
    { 0x04A0, 83 }, // U+04A0
    { 0x04A1, 70 }, // U+04A1
    { 0x04A8, 77 }, // U+04A8
    { 0x04A9, 81 }, // U+04A9
    { 0x04AA, 77 }, // U+04AA
    { 0x04AB, 81 }, // U+04AB
    { 0x04AC, 83 }, // U+04AC
    { 0x04AE, 80 }, // U+04AE
    { 0x04AF, 82 }, // U+04AF
    { 0x04B0, 80 }, // U+04B0
    { 0x04B1, 82 }, // U+04B1
    { 0x04B2, 54 }, // U+04B2
    { 0x04B3, 68 }, // U+04B3
    { 0x04B4, 83 }, // U+04B4
    { 0x04B5, 70 }, // U+04B5
    { 0x04B6, 55 }, // U+04B6
    { 0x04B7, 69 }, // U+04B7
    { 0x04B8, 55 }, // U+04B8
    { 0x04B9, 69 }, // U+04B9
    { 0x04C1, 51 }, // U+04C1
    { 0x04C2, 61 }, // U+04C2
    { 0x04C5, 50 }, // U+04C5
    { 0x04C6, 65 }, // U+04C6
    { 0x04CB, 55 }, // U+04CB
    { 0x04CC, 69 }, // U+04CC
    { 0x04CE, 84 }, // U+04CE
    { 0x04D0, 49 }, // U+04D0
    { 0x04D1, 81 }, // U+04D1
    { 0x04D2, 49 }, // U+04D2
    { 0x04D3, 81 }, // U+04D3
    { 0x04D4, 85 }, // U+04D4
    { 0x04D5, 81 }, // U+04D5
    { 0x04D7, 81 }, // U+04D7
    { 0x04D9, 81 }, // U+04D9
    { 0x04DB, 81 }, // U+04DB
    { 0x04DC, 51 }, // U+04DC
    { 0x04DD, 61 }, // U+04DD
    { 0x04DE, 52 }, // U+04DE
    { 0x04DF, 61 }, // U+04DF
    { 0x04E0, 52 }, // U+04E0
    { 0x04E2, 42 }, // U+04E2
    { 0x04E3, 63 }, // U+04E3
    { 0x04E4, 42 }, // U+04E4
    { 0x04E5, 63 }, // U+04E5
    { 0x04E6, 77 }, // U+04E6
    { 0x04E7, 81 }, // U+04E7
    { 0x04E8, 77 }, // U+04E8
    { 0x04E9, 81 }, // U+04E9
    { 0x04EA, 77 }, // U+04EA
    { 0x04EB, 81 }, // U+04EB
    { 0x04EC, 52 }, // U+04EC
    { 0x04ED, 61 }, // U+04ED
    { 0x04EE, 48 }, // U+04EE
    { 0x04EF, 67 }, // U+04EF
    { 0x04F0, 48 }, // U+04F0
    { 0x04F1, 67 }, // U+04F1
    { 0x04F2, 48 }, // U+04F2
    { 0x04F3, 67 }, // U+04F3
    { 0x04F4, 55 }, // U+04F4
    { 0x04F5, 69 }, // U+04F5
    { 0x04F8, 42 }, // U+04F8
    { 0x04F9, 63 }, // U+04F9
    { 0x04FC, 54 }, // U+04FC
    { 0x04FD, 68 }, // U+04FD
    { 0x04FE, 54 }, // U+04FE
    { 0x1EA0, 10 }, // U+1EA0
    { 0x1EA1, 23 }, // U+1EA1
    { 0x1EA2, 10 }, // U+1EA2
    { 0x1EA3, 23 }, // U+1EA3
    { 0x1EA4, 10 }, // U+1EA4
    { 0x1EA5, 23 }, // U+1EA5
    { 0x1EA6, 10 }, // U+1EA6
    { 0x1EA7, 23 }, // U+1EA7
    { 0x1EA8, 10 }, // U+1EA8
    { 0x1EA9, 23 }, // U+1EA9
    { 0x1EAA, 10 }, // U+1EAA
    { 0x1EAB, 23 }, // U+1EAB
    { 0x1EAC, 10 }, // U+1EAC
    { 0x1EAD, 23 }, // U+1EAD
    { 0x1EAE, 10 }, // U+1EAE
    { 0x1EAF, 23 }, // U+1EAF
    { 0x1EB0, 10 }, // U+1EB0
    { 0x1EB1, 23 }, // U+1EB1
    { 0x1EB2, 10 }, // U+1EB2
    { 0x1EB3, 23 }, // U+1EB3
    { 0x1EB4, 10 }, // U+1EB4
    { 0x1EB5, 23 }, // U+1EB5
    { 0x1EB6, 10 }, // U+1EB6
    { 0x1EB7, 23 }, // U+1EB7
    { 0x1EB8, 11 }, // U+1EB8
    { 0x1EB9, 25 }, // U+1EB9
    { 0x1EBA, 11 }, // U+1EBA
    { 0x1EBB, 25 }, // U+1EBB
    { 0x1EBC, 11 }, // U+1EBC
    { 0x1EBD, 25 }, // U+1EBD
    { 0x1EBE, 11 }, // U+1EBE
    { 0x1EBF, 25 }, // U+1EBF
    { 0x1EC0, 11 }, // U+1EC0
    { 0x1EC1, 25 }, // U+1EC1
    { 0x1EC2, 11 }, // U+1EC2
    { 0x1EC3, 25 }, // U+1EC3
    { 0x1EC4, 11 }, // U+1EC4
    { 0x1EC5, 25 }, // U+1EC5
    { 0x1EC6, 11 }, // U+1EC6
    { 0x1EC7, 25 }, // U+1EC7
    { 0x1EC9, 86 }, // U+1EC9
    { 0x1ECB, 86 }, // U+1ECB
    { 0x1ECC, 12 }, // U+1ECC
    { 0x1ECD, 25 }, // U+1ECD
    { 0x1ECE, 12 }, // U+1ECE
    { 0x1ECF, 25 }, // U+1ECF
    { 0x1ED0, 12 }, // U+1ED0
    { 0x1ED1, 25 }, // U+1ED1
    { 0x1ED2, 12 }, // U+1ED2
    { 0x1ED3, 25 }, // U+1ED3
    { 0x1ED4, 12 }, // U+1ED4
    { 0x1ED5, 25 }, // U+1ED5
    { 0x1ED6, 12 }, // U+1ED6
    { 0x1ED7, 25 }, // U+1ED7
    { 0x1ED8, 12 }, // U+1ED8
    { 0x1ED9, 25 }, // U+1ED9
    { 0x1EDA, 12 }, // U+1EDA
    { 0x1EDB, 25 }, // U+1EDB
    { 0x1EDC, 12 }, // U+1EDC
    { 0x1EDD, 25 }, // U+1EDD
    { 0x1EDE, 12 }, // U+1EDE
    { 0x1EDF, 25 }, // U+1EDF
    { 0x1EE0, 12 }, // U+1EE0
    { 0x1EE1, 25 }, // U+1EE1
    { 0x1EE2, 12 }, // U+1EE2
    { 0x1EE3, 25 }, // U+1EE3
    { 0x1EE4, 15 }, // U+1EE4
    { 0x1EE5, 32 }, // U+1EE5
    { 0x1EE6, 15 }, // U+1EE6
    { 0x1EE7, 32 }, // U+1EE7
    { 0x1EE8, 15 }, // U+1EE8
    { 0x1EE9, 32 }, // U+1EE9
    { 0x1EEA, 15 }, // U+1EEA
    { 0x1EEB, 32 }, // U+1EEB
    { 0x1EEC, 15 }, // U+1EEC
    { 0x1EED, 32 }, // U+1EED
    { 0x1EEE, 15 }, // U+1EEE
    { 0x1EEF, 32 }, // U+1EEF
    { 0x1EF0, 15 }, // U+1EF0
    { 0x1EF1, 32 }, // U+1EF1
    { 0x1EF2, 19 }, // U+1EF2
    { 0x1EF3, 36 }, // U+1EF3
    { 0x1EF4, 19 }, // U+1EF4
    { 0x1EF5, 36 }, // U+1EF5
    { 0x1EF6, 19 }, // U+1EF6
    { 0x1EF7, 36 }, // U+1EF7
    { 0x1EF8, 19 }, // U+1EF8
    { 0x1EF9, 36 }, // U+1EF9
    { 0x2013, 6 }, // U+2013
    { 0x2014, 6 }, // U+2014
    { 0x2015, 6 }, // U+2015
    { 0x2018, 87 }, // U+2018
    { 0x2019, 4 }, // U+2019
    { 0x201A, 88 }, // U+201A
    { 0x201C, 87 }, // U+201C
    { 0x201D, 4 }, // U+201D
    { 0x201E, 88 }, // U+201E
    { 0x2026, 88 }, // U+2026
    { 0x203A, 39 }, // U+203A
    { 0x207E, 89 }, // U+207E
    { 0x208E, 90 }, // U+208E
};

static const int8_t notoserif_9_bolditalicKernMatrix[] = {
       0,    0,    0,    0,    0,    0,    0,    0,    0,  -24,    0,    0,    0,    0,    0,    0,    0,    0,    0,    0,    0,    0,    0,    0,    0,  -12,    6,    0,    0,    0,    0,    0,    0,    0,    0,    0,    0,    0,    0,  -36,    0,    0,    0,    0,    0,    0,    0,    0,  -24,  -24,    0,    0,    0,    0,    0,    0,    0,    0,    0,    0,    0,    0,    0,    0,  -18,    0,    0,    0,    0,    0,    0,    0,    0,    0,    0,    0,    0,    0,    0,    0,    0,    0,    0,    0,  -36,    0,    0,    0,    0,    0,
       0,    0,    0,    0,    0,    0,    0,    0,    0,    0,    0,    0,    0,  -12,   -3,  -15,  -12,    0,  -14,    0,    0,    0,    0,    0,    0,    0,    0,    0,    0,    0,    0,    0,    0,    0,    0,    0,    0,    0,    0,    0,    0,    0,    0,    0,    0,    0,    0,    0,    0,    0,    0,    0,    0,    0,    0,    0,    0,    0,    0,    0,    0,    0,    0,    0,    0,    0,    0,    0,    0,    0,    0,    0,    0,    0,    0,    0,    0,    0,    0,    0,    0,    0,    0,    0,    0,    0,    0,    0,    0,    0,
       0,    0,    0,    0,    0,    0,    0,    0,    0,    0,    0,    0,    0,    0,    0,    0,    0,    0,    0,    0,    0,    0,    0,    0,    0,    0,    0,    0,    0,    0,    0,    0,    0,    0,    0,    0,    0,    0,    0,    0,    0,    0,    0,   -6,    0,    9,   -6,    6,    0,    3,    0,    0,   -6,    0,    0,    0,    0,    0,    0,    0,    0,    0,    0,    0,   -6,    0,    0,    0,   -3,    0,    0,    0,    0,    0,    9,   12,    0,    0,    0,    0,    0,    0,    0,    0,    0,    0,    0,    0,    0,    0,
       0,   -6,    0,    0,  -36,    0,  -36,    0,    0,  -15,    0,    0,    0,    0,    0,    0,    0,    0,    0,    0,    0,    0,    0,    0,    0,    0,    0,    0,    0,    0,    0,    0,    0,    0,    0,    0,    0,    0,    0,  -24,    0,    0,    0,    0,    0,    0,    0,   -6,  -15,  -21,    0,    0,    0,    0,    0,    0,    0,    0,    0,    0,    0,    0,    0,    0,  -15,    0,    0,    0,    0,    0,    0,    0,    0,    0,    0,    0,    0,    0,    0,    0,  -15,    0,    0,    0,  -24,    0,    0,  -36,    0,    0,
       0,    0,    0,    0,    0,    0,    0,    0,    0,    0,    0,   -6,    0,  -21,   -3,  -27,  -24,    0,  -21,    0,    0,    0,    0,    0,    0,    0,    0,    0,    0,    0,    0,    0,  -15,   -6,    0,   -6,    0,    0,    0,    0,    0,    0,  -18,   -6,    0,    0,    3,   -6,    0,    6,    0,    0,   -9,    0,  -39,    0,    0,    0,    0,    0,    0,    0,    0,    0,    0,    0,   -6,    0,  -21,  -21,    0,    0,    0,    0,    0,    0,   -6,    0,    0,    0,    0,    0,  -21,    0,    0,    0,    0,    0,    0,    0,
       0,    0,    0,    0,    0,    0,    0,    0,    0,    0,    0,    0,    0,    0,    0,    0,    0,    0,    0,    0,    0,    0,    0,    0,    0,    0,    0,    0,    0,    0,    0,    0,    0,    0,    0,    0,    0,    0,    0,    0,    0,    0,  -12,    0,    0,    0,    0,   -6,   -3,   -3,    0,    0,    0,   -3,  -12,    0,    0,    0,    0,    0,    0,    0,    0,    0,    0,    0,    0,   -6,    0,    0,    0,    0,    0,    0,    0,    0,    0,    0,    0,    0,    0,    0,    0,    0,    0,    0,    0,    0,    0,    0,
     -24,   -6,    0,  -21,    0,    0,    0,    0,    0,    0,    0,   -6,    0,  -18,   -6,  -24,  -21,    0,  -21,    0,    0,    0,    0,    0,   -6,   -6,    0,    0,    0,    0,    0,   -6,  -18,   -9,    0,  -15,    0,  -15,    0,    0,  -15,    0,    0,    0,    0,    0,    0,    0,    0,    0,    0,    0,    0,    0,    0,    0,    0,    0,    0,    0,    0,    0,    0,    0,    0,    0,    0,    0,    0,    0,    0,    0,    0,    0,    0,    0,    0,    0,    0,    0,    0,    0,    0,    0,    0,    0,  -27,    0,    0,    0,
       0,    0,    0,   -6,    0,    0,    0,    0,    0,   -6,    0,    0,    0,   -6,    0,  -12,   -9,   -6,  -12,   -6,    0,    0,    0,    0,    0,    0,    0,    0,    0,    0,    0,    0,    0,   -3,    0,   -6,    0,    0,    0,   -9,    0,    0,    0,    0,    0,    0,    0,    0,    0,    0,    0,    0,    0,    0,    0,    0,    0,    0,    0,    0,    0,    0,    0,    0,    0,    0,    0,    0,    0,    0,    0,    0,    0,    0,    0,    0,    0,    0,    0,    0,    0,    0,    0,    0,    0,    0,    0,    0,    0,    0,
       0,   -6,    0,    0,    0,    0,    0,    0,    0,    0,    0,    0,    0,    0,    0,    0,    0,    0,    0,    0,    0,    0,    0,    0,    0,    0,    0,    0,    0,    0,    0,    0,    0,    0,    0,    0,    0,    0,    0,    0,    0,    0,    0,    0,    0,    0,    0,    0,    0,    0,    0,    0,    0,    0,    0,    0,    0,    0,    0,    0,    0,    0,    0,    0,    0,    0,    0,    0,    0,    0,    0,    0,    0,    0,    0,    0,    0,    0,    0,    0,    0,    0,    0,    0,    0,    0,    0,    0,    0,    0,
      -9,    0,    0,    0,   -6,    0,  -12,    0,    0,   -6,    0,    0,    0,   -6,    0,   -6,   -6,   -6,   -9,    0,    0,    0,    0,    0,    0,    0,    0,    0,    0,    0,    0,    0,    0,    0,    0,    0,    0,    0,    0,  -15,    0,    0,    0,    0,    0,    0,    0,    0,    0,    0,    0,    0,    0,    0,    0,    0,    0,    0,    0,    0,    0,    0,    0,    0,    0,    0,    0,    0,    0,    0,    0,    0,    0,    0,    0,    0,    0,    0,    0,    0,    0,    0,    0,    0,    0,    0,    0,   -6,    0,    0,
       0,    0,    0,    0,    0,    0,    0,    0,    0,    0,    0,    0,    0,    0,    0,   -6,   -6,    0,   -6,    0,    0,    0,    0,    0,    0,    0,    0,    0,    0,    0,    0,    0,    0,    0,    0,    0,    0,    0,    0,    0,    0,    0,    0,    0,    0,    0,    0,    0,    0,    0,    0,    0,    0,    0,    0,    0,    0,    0,    0,    0,    0,    0,    0,    0,    0,    0,    0,    0,    0,    0,    0,    0,    0,    0,    0,    0,    0,    0,    0,    0,    0,    0,    0,    0,    0,    0,    0,    0,    0,    0,
       0,  -12,    0,    0,  -24,    0,  -24,    0,    0,  -21,    0,    0,    0,    0,    0,    0,    0,    0,    0,    0,    0,    0,  -12,    0,  -12,  -12,    0,    0,    0,    0,    0,    0,    0,    0,    0,    0,    0,    0,    0,  -33,    0,    0,    0,    0,    0,    0,    0,    0,    0,    0,    0,    0,    0,    0,    0,    0,    0,    0,    0,    0,    0,    0,    0,    0,    0,    0,    0,    0,    0,    0,    0,    0,    0,    0,    0,    0,    0,    0,    0,    0,    0,    0,    0,    0,    0,    0,    0,  -24,    0,    0,
       0,    0,    0,    0,    0,    0,    0,    0,    0,    0,    0,    0,    0,   -6,    0,   -6,   -6,    0,   -6,    0,    0,    0,    0,    0,    0,    0,    0,    0,    0,    0,    0,    0,    0,    0,    0,    0,    0,    0,    0,   -6,    0,    0,    0,    0,    0,    0,    0,    0,    0,    0,    0,    0,    0,    0,    0,    0,    0,    0,    0,    0,    0,    0,    0,    0,    0,    0,    0,    0,    0,    0,    0,    0,    0,    0,    0,    0,    0,    0,    0,    0,    0,    0,    0,    0,    0,    0,    0,    0,    0,    0,
       0,    0,    0,    0,   -6,    0,   -6,    0,    0,   -6,    0,    0,    0,    0,    0,    0,    0,    0,    0,    0,    0,    0,    0,    0,    0,    0,    0,    0,    0,    0,    0,    0,    0,    0,    0,    0,    0,    0,    0,    0,    0,    0,    0,    0,    0,    0,    0,    0,    0,    0,    0,    0,    0,    0,    0,    0,    0,    0,    0,    0,    0,    0,    0,    0,    0,    0,    0,    0,    0,    0,    0,    0,    0,    0,    0,    0,    0,    0,    0,    0,    0,    0,    0,    0,    0,    0,    0,   -6,    0,    0,
       0,   -6,    0,    0,    0,    0,    0,    0,    0,    0,    0,   -6,    0,    0,    0,    0,    0,    0,    0,    0,    0,    0,    0,    0,   -6,   -6,    0,    0,    0,    0,    0,   -6,    0,   -9,    0,   -9,    0,    0,    0,    0,    0,    0,    0,    0,    0,    0,    0,    0,    0,    0,    0,    0,    0,    0,    0,    0,    0,    0,    0,    0,    0,    0,    0,    0,    0,    0,    0,    0,    0,    0,    0,    0,    0,    0,    0,    0,    0,    0,    0,    0,    0,    0,    0,    0,    0,    0,    0,    0,    0,    0,
     -18,    0,    0,  -24,    0,    0,    0,    0,    0,    0,    0,    0,    0,  -21,   -6,  -24,  -15,    0,  -18,    0,    0,    0,    0,    0,    0,    0,    0,    0,    0,    0,    0,    0,   -9,    0,    0,    0,    0,    0,    0,    0,    0,    0,    0,    0,    0,    0,    0,    0,    0,    0,    0,    0,    0,    0,    0,    0,    0,    0,    0,    0,    0,    0,    0,    0,    0,    0,    0,    0,    0,    0,    0,    0,    0,    0,    0,    0,    0,    0,    0,    0,    0,    0,    0,    0,    0,    0,  -27,    0,    0,    0,
       0,   -6,    0,    0,   -6,    0,   -6,    0,    0,    0,    0,    0,    0,    0,    0,    0,    0,    0,    0,    0,    0,    0,    0,    0,    0,    0,    0,    0,    0,    0,    0,    0,    0,    0,    0,    0,    0,    0,    0,    0,    0,    0,    0,    0,    0,    0,    0,    0,    0,    0,    0,    0,    0,    0,    0,    0,    0,    0,    0,    0,    0,    0,    0,    0,    0,    0,    0,    0,    0,    0,    0,    0,    0,    0,    0,    0,    0,    0,    0,    0,    0,    0,    0,    0,    0,    0,    0,   -6,    0,    0,
       0,   -6,    0,    0,  -36,    0,  -36,    0,    0,  -15,    0,    0,    0,    0,    0,    0,    0,    0,    0,    0,    0,    0,    0,    0,    0,    0,    0,    0,    0,    0,    0,    0,    0,    0,    0,    0,    0,    0,    0,  -24,    0,    0,    0,    0,    0,    0,    0,    0,    0,    0,    0,    0,    0,    0,    0,    0,    0,    0,    0,    0,    0,    0,    0,    0,    0,    0,    0,    0,    0,    0,    0,    0,    0,    0,    0,    0,    0,    0,    0,    0,    0,    0,    0,    0,    0,    0,    0,  -36,    0,    0,
       0,   -6,    0,   -6,    0,    0,    0,    0,    0,    0,    0,   -6,    0,   -6,   -3,   -9,   -9,    0,   -9,    0,    0,    0,    0,    0,    0,    0,    0,    0,    0,    0,    0,    0,    0,   -6,    0,   -6,    0,    0,    0,    0,    0,    0,    0,    0,    0,    0,    0,    0,    0,    0,    0,    0,    0,    0,    0,    0,    0,    0,    0,    0,    0,    0,    0,    0,    0,    0,    0,    0,    0,    0,    0,    0,    0,    0,    0,    0,    0,    0,    0,    0,    0,    0,    0,    0,    0,    0,    0,    0,    0,    0,
       0,    0,    0,    0,    0,    0,    0,    0,    0,   -6,    0,    0,    0,   -6,    0,   -6,   -6,   -6,   -6,    0,    0,    0,    0,    0,    0,    0,    0,    0,    0,    0,    0,    0,    0,   -3,    0,   -6,    0,    0,    0,   -6,    0,    0,    0,    0,    0,    0,    0,    0,    0,    0,    0,    0,    0,    0,    0,    0,    0,    0,    0,    0,    0,    0,    0,    0,    0,    0,    0,    0,    0,    0,    0,    0,    0,    0,    0,    0,    0,    0,    0,    0,    0,    0,    0,    0,    0,    0,    0,    0,    0,    0,
       0,   -6,    0,    0,  -27,    0,  -27,    0,    0,  -18,    0,   -6,    0,    0,    0,    0,    0,    0,    0,    0,    0,    0,   -9,    0,   -9,   -9,    0,    0,    0,    0,    0,    0,    0,    0,    0,    0,    0,    0,    0,  -24,   15,    0,    0,    0,    0,    0,    0,    0,    0,    0,    0,    0,    0,    0,    0,    0,    0,    0,    0,    0,    0,    0,    0,    0,    0,    0,    0,    0,    0,    0,    0,    0,    0,    0,    0,    0,    0,    0,    0,    0,    0,    0,    0,    0,    0,    0,    0,  -27,    0,    0,
       0,   -6,    0,    0,   -6,    0,   -6,    0,    0,   -6,    0,    0,    0,    0,    0,    0,    0,    0,    0,    0,    0,    0,    0,    0,    0,    0,    0,    0,    0,    0,    0,    0,    0,    0,    0,    0,    0,    0,    0,   -6,    0,    0,    0,    0,    0,    0,    0,    0,    0,    0,    0,    0,    0,    0,    0,    0,    0,    0,    0,    0,    0,    0,    0,    0,    0,    0,    0,    0,    0,    0,    0,    0,    0,    0,    0,    0,    0,    0,    0,    0,    0,    0,    0,    0,    0,    0,    0,   -6,    0,    0,
       0,   -9,    0,    0,  -33,    0,  -33,    0,    0,  -24,    0,   -6,    0,    0,    0,    0,    0,    0,    0,    0,    0,    0,  -18,    0,  -18,  -18,    0,    0,    0,  -12,    0,    0,    0,    0,    0,    0,    0,    0,    0,  -39,    0,    0,    0,    0,    0,    0,    0,    0,    0,    0,    0,    0,    0,    0,    0,    0,    0,    0,    0,    0,    0,    0,    0,    0,    0,    0,    0,    0,    0,    0,    0,    0,    0,    0,    0,    0,    0,    0,    0,    0,    0,    0,    0,    0,    0,    0,    0,  -33,    0,    0,
       0,   -9,    0,    0,  -27,    0,  -27,    0,    0,  -18,    0,   -6,    0,    0,    0,    0,    0,    0,    0,    0,    0,    0,  -15,    0,  -18,  -18,    0,    0,    0,   -9,    0,    0,    0,    0,   -6,    0,    0,    0,    0,  -39,    0,    0,    0,    0,    0,    0,    0,    0,    0,    0,    0,    0,    0,    0,    0,    0,    0,    0,    0,    0,    0,    0,    0,    0,    0,    0,    0,    0,    0,    0,    0,    0,    0,    0,    0,    0,    0,    0,    0,    0,    0,    0,    0,    0,    0,    0,    0,  -27,    0,    0,
       0,    0,    0,    0,    0,    0,    0,    0,    0,    0,    0,   -6,   -3,    0,    0,    0,    0,    0,    0,    0,    0,    0,    0,    0,   -3,   -3,    0,    0,    0,    0,    0,    0,    0,   -9,    0,  -15,    0,  -12,    0,    0,    0,    0,    0,    0,    0,    0,    0,    0,    0,    0,    0,    0,    0,    0,    0,    0,    0,    0,    0,    0,    0,    0,    0,    0,    0,    0,    0,    0,    0,    0,    0,    0,    0,    0,    0,    0,    0,    0,    0,    0,    0,    0,    0,    0,    0,    0,    0,    0,    0,    0,
       0,   -9,    0,    0,  -24,    0,  -24,    0,    0,  -21,    0,   -9,   -6,    0,    0,    0,    0,    0,    0,    0,    0,    0,  -18,    0,  -21,  -21,    0,    0,    0,  -18,    0,    0,    0,    0,   -3,    0,   -3,    0,    0,  -27,    0,    0,    0,    0,    0,    0,    0,    0,    0,    0,    0,    0,    0,    0,    0,    0,    0,    0,    0,    0,    0,    0,    0,    0,    0,    0,    0,    0,    0,    0,    0,    0,    0,    0,    0,    0,    0,    0,    0,    0,    0,    0,    0,    0,    0,    0,    0,  -24,    0,    0,
       0,    0,    0,    0,    0,    0,    0,    0,    0,    0,    0,    0,    0,    0,    0,    0,    0,    0,    0,    0,    0,    0,    0,    0,    0,    0,    0,    0,    0,    0,    0,    0,    0,    0,    0,    0,    0,    0,    0,    0,    0,    0,  -12,   -6,    0,   18,    0,   -9,    0,   15,    0,    0,  -12,    0,  -33,    0,   -6,   -6,    0,   -6,    0,    0,    0,    0,    0,    0,   12,    0,  -24,   -6,    0,    0,    0,    0,    0,   18,    0,    0,    0,    0,    0,    0,    0,    0,    0,    0,    0,    0,    0,    0,
     -12,    0,    0,    0,    0,    0,    0,    0,    0,    0,    0,    0,    0,   -6,    0,  -15,  -12,    0,  -15,    0,    0,    0,    0,    0,    0,    0,    0,    0,    0,    0,    0,    0,    0,    0,    0,   -6,    0,    0,    0,    0,    0,    0,    0,    0,    0,    0,    0,    0,    0,    0,    0,    0,    0,    0,    0,    0,    0,    0,    0,    0,    0,    0,    0,    0,    0,    0,    0,    0,    0,    0,    0,    0,    0,    0,    0,    0,    0,    0,    0,    0,    0,    0,    0,    0,    0,    0,  -12,    0,    0,    0,
       0,    0,    0,    0,    0,    0,    0,    0,    0,    0,    0,    0,    0,   -9,    0,  -18,  -18,    0,  -21,    0,    0,    0,    0,    0,    0,    0,    0,    0,    0,    0,    0,    0,    0,    0,    0,   -6,    0,    0,    0,    0,    0,    0,    0,    0,    0,    0,    0,    0,    0,    0,    0,    0,    0,    0,    0,    0,    0,    0,    0,    0,    0,    0,    0,    0,    0,    0,    0,    0,    0,    0,    0,    0,    0,    0,    0,    0,    0,    0,    0,    0,    0,    0,    0,    0,    0,    0,    0,    0,    0,    0,
       0,    0,    0,    0,    0,    0,    0,    0,    0,    0,    0,    0,    0,    0,    0,  -15,  -15,    0,  -21,    0,    0,    0,    0,    0,    0,    0,    0,    0,    0,    0,    0,    0,    0,    0,    0,    0,    0,    0,    0,    0,    0,    0,    0,    0,    0,    0,    0,    0,    0,    0,    0,    0,    0,    0,    0,    0,    0,    0,    0,    0,    0,    0,    0,    0,    0,    0,    0,    0,    0,    0,    0,    0,    0,    0,    0,    0,    0,    0,    0,    0,    0,    0,    0,    0,    0,    0,    0,    0,    0,    0,
      24,    0,   27,   24,    0,    0,    0,    0,    0,    0,    0,    0,    0,    0,    0,    0,    0,    0,    0,    0,   30,    0,    0,    0,    0,    0,    0,    0,    0,    0,    0,    0,    0,    0,    0,    0,    0,    0,    0,    0,    0,    0,    0,    0,    0,    0,    0,    0,    0,    0,    0,    0,    0,    0,    0,    0,    0,    0,    0,    0,    0,    0,    0,    0,    0,    0,    0,    0,    0,    0,    0,    0,    0,    0,    0,    0,    0,    0,    0,    0,    0,    0,    0,    0,    0,    0,   18,    0,    0,    0,
       0,    0,    0,    0,    0,    0,    0,    0,    0,    0,    0,    0,    0,    0,    0,    0,    0,    0,    0,    0,    0,    0,    0,    0,   -6,   -6,    0,    0,    0,    0,    0,    0,    0,    0,    0,    0,    0,    0,    0,    0,    0,    0,    0,    0,    0,    0,    0,    0,    0,    0,    0,    0,    0,    0,    0,    0,    0,    0,    0,    0,    0,    0,    0,    0,    0,    0,    0,    0,    0,    0,    0,    0,    0,    0,    0,    0,    0,    0,    0,    0,    0,    0,    0,    0,    0,    0,    0,    0,    0,    0,
       0,    0,    0,    0,    0,    0,    0,    0,    0,    0,    0,    0,    0,    0,    0,    0,  -12,    0,   -6,    0,    0,    0,    0,    0,    0,    0,    0,    0,    0,    0,    0,    0,    0,    0,    0,    0,    0,    0,    0,    0,    0,    0,    0,    0,    0,    0,    0,    0,    0,    0,    0,    0,    0,    0,    0,    0,    0,    0,    0,    0,    0,    0,    0,    0,    0,    0,    0,    0,    0,    0,    0,    0,    0,    0,    0,    0,    0,    0,    0,    0,    0,    0,    0,    0,    0,    0,    0,    0,    0,    0,
       0,    0,    0,    9,  -63,    0,  -63,    0,    0,    0,    0,    0,    0,    0,    0,   -9,  -12,  -15,   -9,    0,    0,    0,   -6,    0,   -6,   -6,    0,    0,    0,    0,    0,    0,    0,    0,    0,    0,    0,    0,    0,    0,    0,    0,    0,    0,    0,    0,    0,    0,    0,    0,    0,    0,    0,    0,    0,    0,    0,    0,    0,    0,    0,    0,    0,    0,    0,    0,    0,    0,    0,    0,    0,    0,    0,    0,    0,    0,    0,    0,    0,    0,    0,    0,    0,    0,    0,    0,    0,  -63,    0,    0,
      -6,    0,    0,    0,    0,    0,    0,    0,    0,    0,    0,    0,    0,    0,    0,   -9,   -9,    0,  -15,    0,    0,    0,    0,    0,    0,    0,    0,    0,    0,    0,    0,    0,    0,    0,    0,    0,    0,    0,    0,    0,    0,    0,    0,    0,    0,    0,    0,    0,    0,    0,    0,    0,    0,    0,    0,    0,    0,    0,    0,    0,    0,    0,    0,    0,    0,    0,    0,    0,    0,    0,    0,    0,    0,    0,    0,    0,    0,    0,    0,    0,    0,    0,    0,    0,    0,    0,    0,    0,    0,    0,
       0,    0,    0,    0,  -15,    0,  -21,    0,    0,    0,    0,    0,    0,    0,    0,   -9,   -6,    0,   -9,    0,    0,    0,    0,    0,    0,    0,    0,    0,    0,    0,    0,    0,    0,    0,    0,    0,    0,    0,    0,    0,    0,    0,    0,    0,    0,    0,    0,    0,    0,    0,    0,    0,    0,    0,    0,    0,    0,    0,    0,    0,    0,    0,    0,    0,    0,    0,    0,    0,    0,    0,    0,    0,    0,    0,    0,    0,    0,    0,    0,    0,    0,    0,    0,    0,    0,    0,    0,  -21,    0,    0,
       0,    0,    0,    0,  -21,    0,  -21,    0,    0,    0,    0,    0,    0,    0,    0,   -6,   -6,    0,   -9,    0,    0,    0,    0,    0,    0,    0,    0,    0,    0,    0,    0,    0,    0,    0,    0,    0,    0,    0,    0,    0,    0,    0,    0,    0,    0,    0,    0,    0,    0,    0,    0,    0,    0,    0,    0,    0,    0,    0,    0,    0,    0,    0,    0,    0,    0,    0,    0,    0,    0,    0,    0,    0,    0,    0,    0,    0,    0,    0,    0,    0,    0,    0,    0,    0,    0,    0,    0,  -21,    0,    0,
       0,    0,    0,    0,  -27,    0,  -27,    0,    0,    0,    0,    0,    0,    0,    0,    0,   -6,    0,    0,    0,    0,    0,    0,    0,    0,    0,    0,    0,    0,    0,    0,    0,    0,    0,    0,    0,    0,    0,    0,    0,    0,    0,    0,    0,    0,    0,    0,    0,    0,    0,    0,    0,    0,    0,    0,    0,    0,    0,    0,    0,    0,    0,    0,    0,    0,    0,    0,    0,    0,    0,    0,    0,    0,    0,    0,    0,    0,    0,    0,    0,    0,    0,    0,    0,    0,    0,    0,  -27,    0,    0,
       0,    0,    0,   -6,    0,    0,    0,    0,    0,    0,    0,    0,    0,    0,    0,  -12,   -9,    0,   -9,    0,    0,    0,    0,    0,    0,    0,    0,    0,    0,    0,    0,    0,    0,    0,    0,    0,    0,    0,    0,    0,    0,    0,    0,    0,    0,    0,    0,    0,    0,    0,    0,    0,    0,    0,    0,    0,    0,    0,    0,    0,    0,    0,    0,    0,    0,    0,    0,    0,    0,    0,    0,    0,    0,    0,    0,    0,    0,    0,    0,    0,    0,    0,    0,    0,    0,    0,   -6,    0,    0,    0,
       0,    0,    0,    0,    0,    0,    0,    0,    0,    0,    0,    0,    0,   -6,   -3,  -15,    0,    0,  -18,    0,    0,    0,    0,    0,    0,    0,    0,    0,    0,    0,    0,    0,    0,    0,    0,    0,    0,    0,    0,    0,    0,    0,    0,    0,    0,    0,    0,    0,    0,    0,    0,    0,    0,    0,    0,    0,    0,    0,    0,    0,    0,    0,    0,    0,    0,    0,    0,    0,    0,    0,    0,    0,    0,    0,    0,    0,    0,    0,    0,    0,    0,    0,    0,    0,    0,    0,    0,    0,    0,    0,
       0,    0,    0,    0,    0,    0,    0,    0,    0,    0,    0,    0,    0,    0,    0,    0,    0,    0,    0,    0,    0,    0,    0,    0,    0,    0,    0,    0,    0,    0,    0,    0,    0,    0,    0,    0,    0,    0,    0,    0,    0,    0,  -15,    0,    0,    0,    0,  -12,   -6,    0,    0,    0,   -3,    0,  -12,    0,    0,    0,    0,    0,    0,    0,    0,    0,    0,    0,    0,    0,    0,    0,    0,    0,    0,    0,    0,    0,    0,    0,    0,    0,    0,    0,    0,    0,    0,    0,    0,    0,    0,    0,
       0,    0,    0,    0,    0,    0,    0,    0,    0,    0,    0,    0,    0,   -9,   -3,  -15,  -15,    0,  -15,    0,    0,    0,    0,    0,    0,    0,    0,    0,    0,    0,    0,    0,    0,    0,    0,    0,    0,    0,    0,    0,    0,    0,    0,    0,    0,    0,    0,    0,    0,    0,    0,    0,    0,    0,    0,    0,    0,    0,    0,    0,    0,    0,    0,    0,    0,    0,    0,    0,    0,    0,    0,    0,    0,    0,    0,    0,    0,    0,    0,    0,    0,    0,    0,    0,    0,    0,    0,    0,    0,    0,
     -24,   -6,    0,  -21,    0,    0,    0,    0,    0,    0,    0,   -6,    0,  -18,   -6,  -24,  -21,    0,  -21,    0,    0,    0,    0,    0,   -6,   -6,    0,    0,    0,    0,    0,   -6,  -15,   -9,    0,  -15,    0,  -15,    0,    0,  -15,    0,    0,    0,    0,    0,    0,    0,    0,    0,    0,    0,    0,    0,    0,    0,    0,    0,    0,    0,    0,    0,    0,    0,    0,    0,    0,    0,    0,    0,    0,    0,    0,    0,    0,    0,    0,    0,    0,    0,    0,    0,    0,    0,    0,    0,  -27,    0,    0,    0,
       9,    0,   21,   12,    0,    0,    0,    0,    9,    0,   15,    0,    0,   21,   21,   27,   21,   21,   30,   24,    0,    0,    0,   27,    0,    0,    0,   27,    0,    0,    0,    0,    0,    0,    0,    0,    0,    0,    0,    0,    0,    0,    0,    0,    0,    0,    0,    0,    0,    0,    0,    0,    0,    0,    0,    0,    0,    0,    0,    0,    0,    0,    0,    0,    0,    0,    0,    0,    0,    0,    0,    0,    0,    0,    0,    0,    0,    0,    0,    0,    0,    0,    0,    0,    0,    0,    9,    0,    0,    0,
       0,    0,    0,   -9,    0,    0,    0,    0,    0,    0,    0,    0,    0,   -9,    0,  -15,    0,    0,    0,    0,    0,    0,    0,    0,    0,    0,    0,    0,    0,    0,    0,    0,    0,    0,    0,    0,    0,    0,    0,    0,    0,    0,    0,    0,    0,    0,    0,    0,    0,    0,    0,    0,    0,    0,    0,    0,    0,    0,    0,    0,    0,    0,    0,    0,    0,    0,    0,    0,    0,    0,    0,    0,    0,    0,    0,    0,    0,    0,    0,    0,    0,    0,    0,    0,    0,    0,    0,    0,    0,    0,
       0,    0,    0,    0,   -9,    0,   -9,    0,    0,  -12,    0,    0,    0,    6,    0,    6,    6,    0,    6,    0,    0,    0,   -6,    0,   -6,   -6,    0,    0,    0,   -6,   -6,    0,    0,   -6,   -6,   -6,    0,    0,    0,    0,    0,    0,    0,    0,    0,    0,    0,    0,    0,    0,    0,    0,    0,    0,    0,    0,    0,    0,    0,    0,    0,    0,    0,    0,    0,    0,    0,    0,    0,    0,    0,    0,    0,    0,    0,    0,    0,    0,    0,    0,    0,    0,    0,    0,    0,    0,    0,   -9,    0,    0,
       0,    0,    0,    6,   -3,    0,   -3,    0,    0,    0,    0,    0,    0,    0,    0,    0,    0,    0,    0,    0,    0,    0,    0,    0,    0,    0,    3,    0,    6,    0,    9,    6,    0,    9,    0,    9,    0,    0,    0,    0,    0,    0,    0,    0,    0,    0,    0,    0,    0,    0,    0,    0,    0,    0,    0,    0,    0,    0,    0,    0,    0,    0,    0,    0,    0,    0,    0,    0,    0,    0,    0,    0,    0,    0,    0,    0,    0,    0,    0,    0,    0,    0,    0,    0,    0,    3,    0,   -3,    0,    0,
       0,    0,    0,    0,   -9,    0,   -9,    0,    0,  -18,    0,   -6,    0,    0,    3,    9,    0,    0,    9,    0,    0,    0,  -15,    3,  -18,  -18,    0,    0,   -9,  -18,   -6,   -9,    0,   -6,    0,   -6,   -9,    0,    0,    0,    0,    0,    0,    0,    0,    0,    0,    0,    0,    0,    0,    0,    0,    0,    0,    0,    0,    0,    0,    0,    0,    0,    0,    0,    0,    0,    0,    0,    0,    0,    0,    0,    0,    0,    0,    0,    0,    0,    0,    0,    0,    0,    0,    0,    0,    0,    0,   -9,    0,    0,
       0,    0,    0,    6,    0,    0,    0,    0,    0,    0,    0,    0,    0,    0,    0,    0,    0,    0,    0,    0,    0,    0,    0,    0,    0,    0,    3,    0,    6,    0,    0,    0,    0,    0,    0,    0,    0,    0,    0,    0,    0,    0,    0,    0,    0,    0,    0,    0,    0,    0,    0,    0,    0,    0,    0,    0,    0,    0,    0,    0,    0,    0,    0,    0,    0,    0,    0,    0,    0,    0,    0,    0,    0,    0,    0,    0,    0,    0,    0,    0,    0,    0,    0,    0,    0,    3,    0,    0,    0,    0,
       0,    0,    0,    0,    0,    0,    0,    0,    0,    0,    0,    0,    0,    0,    0,    0,    0,    0,    0,    0,    0,    0,    0,    0,    0,    0,    0,    0,    0,    0,    0,    0,    0,    0,    0,    0,    0,    0,    0,    0,    0,    0,   -6,    0,    0,    0,    0,   -6,    0,    0,    0,    0,   -4,    0,    0,    0,    0,    0,    0,    0,    0,    0,    0,    0,   -6,    0,    0,    0,    0,   -6,   -6,    0,    0,    0,    0,    0,    0,    0,    0,    0,    0,    0,    0,   -6,    0,    0,    0,    0,    0,    0,
     -51,    0,   -6,  -24,    0,    0,    0,   -3,    0,    0,    0,    0,    0,    0,    0,    0,    0,    0,    0,    0,    0,   -3,    0,    0,    0,    0,    0,    0,    0,    0,    0,    0,    0,    0,    0,    0,    0,    0,    0,    0,    0,    0,  -24,    0,    0,   -4,    0,  -54,   -3,   -3,   -3,    0,   -6,   -6,  -18,   -3,    0,    0,    0,    0,    0,    0,    0,    0,   -4,    0,   -3,   -3,   -9,    0,    0,    0,    0,    0,    0,    0,    0,    0,    0,    0,    0,    0,  -21,    0,    0,    0,  -45,    0,    0,    0,
       0,    0,    0,    9,  -18,  -12,  -18,   -9,    0,    0,    0,    0,    0,    0,    0,    0,    0,    0,    0,    0,    0,  -12,    0,    0,    0,    0,    0,    0,    0,    0,    0,    0,    0,    0,    0,    0,    0,    0,  -15,    0,    0,    0,    0,   -6,   -3,    0,   -9,    0,  -18,  -12,    0,    0,   -8,    0,    0,   -4,   -9,    0,   -3,   -9,    0,    0,    6,    0,  -18,    0,   12,    0,    3,    0,   -9,    0,   -4,    6,    6,    0,    0,    0,    0,    0,    0,    0,    0,    0,    0,    0,    0,  -18,    0,    0,
       0,    0,    0,    0,    0,    0,    0,    0,    0,    0,    0,    0,    0,    0,    0,    0,    0,    0,    0,    0,    0,    0,    0,    0,    0,    0,    0,    0,    0,    0,    0,    0,    0,    0,    0,    0,    0,    0,    0,    0,    0,    0,    0,    0,    0,    0,    0,   -3,    0,    0,    0,    0,   -3,    0,    0,    0,    0,    0,    0,    0,    0,    0,    0,    0,   -3,    0,    0,   -3,    0,    0,    0,    0,    0,    0,    0,    0,    0,    0,    0,    0,    0,    0,    0,    0,    0,    0,    0,    0,    0,    0,
       0,    0,    0,    0,    0,    0,    0,    0,    0,    0,    0,    0,    0,    0,    0,    0,    0,    0,    0,    0,    0,    0,    0,    0,    0,    0,    0,    0,    0,    0,    0,    0,    0,    0,    0,    0,    0,    0,    0,    0,    0,    0,   -3,    0,    0,    0,    0,   -3,   -3,   -3,    0,    0,   -8,   -3,   -9,    0,    0,    0,    0,    0,    0,    0,    0,    0,    0,    0,    0,    0,    0,    0,    0,    0,    0,    0,    0,    0,    0,    0,   -6,    0,    0,    0,   -6,    0,    0,    0,    0,    0,    0,    0,
       0,    0,    0,    0,    0,    0,    0,    0,    0,    0,    0,    0,    0,    0,    0,    0,    0,    0,    0,    0,    0,    0,    0,    0,    0,    0,    0,    0,    0,    0,    0,    0,    0,    0,    0,    0,    0,    0,    0,    0,    0,    0,    0,    0,    0,    0,    0,    0,    0,    0,    0,    0,   -3,    0,    0,    0,    0,    0,    0,    0,    0,    0,    0,    0,   -6,    0,    0,    0,    0,    0,    0,    0,    0,    0,    0,    0,    0,    0,    0,    0,    0,    0,    0,    0,    0,    0,    0,    0,    0,    0,
       0,    0,    0,    0,    0,    0,    0,    0,    0,    0,    0,    0,    0,    0,    0,    0,    0,    0,    0,    0,    0,    0,    0,    0,    0,    0,    0,    0,    0,    0,    0,    0,    0,    0,    0,    0,    0,    0,    0,    0,    0,    0,    0,    0,    0,    0,   -6,    0,   -6,   -4,    0,    0,   -6,    0,    0,    0,    0,    0,    0,    0,    0,    0,    9,    0,   -6,    0,    0,    0,    0,    0,    0,    0,    0,    9,    9,    0,    0,    0,    0,    0,    0,    0,    0,    0,    0,    0,    0,    0,    0,    0,
     -30,    0,   -6,  -15,    0,    0,    0,   -3,    0,    0,    0,    0,    0,    0,    0,    0,    0,    0,    0,    0,    0,   -3,    0,    0,    0,    0,    0,    0,    0,    0,    0,    0,    0,    0,    0,    0,    0,    0,    0,    0,    0,    0,  -24,    0,    0,   -4,    0,  -27,   -3,   -3,   -3,    0,   -6,   -6,  -18,   -3,    0,    0,    0,    0,    0,    0,    0,    0,   -4,    0,   -3,   -3,   -9,    0,    0,    0,    0,    0,    0,    0,    0,    0,    0,    0,    0,    0,  -12,    0,    0,    0,  -27,    0,    0,    0,
     -36,    0,  -12,  -21,    0,   -6,    0,   -6,    0,    0,    0,    0,    0,    0,    0,    0,    0,    0,    0,    0,    0,    0,    0,    0,    0,    0,    0,    0,    0,    0,    0,    0,    0,    0,    0,    0,    0,    0,  -15,    0,    0,    0,  -27,  -18,  -12,   -9,    0,  -42,    0,    0,    0,  -12,  -24,    0,  -39,    0,   -6,    0,   -3,   -6,    0,   -3,   -6,    0,   -6,    0,  -12,    0,  -15,    0,    0,    0,    0,   -6,   -6,   -6,   -3,   -6,    0,  -15,    0,   -9,  -21,    0,    0,    0,  -30,    0,    0,    0,
       0,    0,    0,    0,    0,   -6,    0,    0,    0,    0,    0,    0,    0,    0,    0,    0,    0,    0,    0,    0,    0,    0,    0,    0,    0,    0,    0,    0,    0,    0,    0,    0,    0,    0,    0,    0,    0,    0,   -9,    0,    0,    0,    0,   -9,   -3,    0,    3,    0,    0,    6,    0,   -3,  -15,    0,   -6,    0,   -6,   -3,    0,   -6,    0,    0,   -3,    0,    0,    0,   -3,    0,   -9,   -9,    0,    0,    0,   -3,    2,    0,   -3,    0,    0,    0,   -6,    0,    0,   -9,    0,    0,   -6,    0,    0,    0,
       0,    0,    3,   12,  -33,   -6,  -33,   -6,    0,    0,    0,    0,    0,    0,    0,    0,    0,    0,    0,    0,    6,  -24,    0,    0,    0,    0,    0,    0,    0,    0,    0,    0,    0,    0,    0,    0,    0,    0,  -12,    0,    0,    0,    0,  -15,   -3,    0,  -18,    0,  -42,  -24,    0,    0,  -18,    0,    0,  -12,  -15,    0,   -9,  -24,  -12,   -3,   -3,   -6,  -36,    0,    0,   -3,    0,    0,   -6,    0,  -12,   -3,    9,    0,    0,    0,    0,    0,  -12,    0,    0,    0,    0,    0,    0,  -33,    0,    0,
     -24,    0,    0,  -21,    0,   -3,    0,    0,    0,    0,    0,    0,    0,    0,    0,    0,    0,    0,    0,    0,    0,    0,    0,    0,    0,    0,    0,    0,    0,    0,    0,    0,    0,    0,    0,    0,    0,    0,   -6,    0,    0,    0,  -18,   -9,   -3,    0,    0,  -24,    0,    4,    0,   -3,  -15,    0,  -36,    0,   -9,   -6,    0,   -9,    0,    0,   -6,    0,   -3,    0,  -18,    0,  -21,  -12,    0,    0,   -3,   -6,   -6,    0,   -6,    0,    0,    0,    0,    0,  -18,  -12,    0,    0,  -27,    0,    0,    0,
       0,    0,    0,   -3,    0,    0,    0,   -6,    0,    0,    0,    0,    0,    0,    0,    0,    0,    0,    0,    0,    0,   -3,    0,    0,    0,    0,    0,    0,    0,    0,    0,    0,    0,    0,    0,    0,    0,    0,    0,    0,    0,    0,   -8,    0,   -3,   -9,    0,   -9,   -3,   -6,   -3,    0,   -6,   -3,  -12,   -3,    0,    0,    0,    0,    0,    0,    0,    0,   -6,   -3,   -4,   -8,   -6,   -3,   -6,    0,    0,    0,    0,    0,    0,    0,    0,    0,    0,    0,    0,    0,    0,    0,   -6,    0,    0,    0,
       0,    0,    0,   -3,    0,    0,    0,   -6,    0,    0,    0,    0,    0,    0,    0,    0,    0,    0,    0,    0,    0,   -3,    0,    0,    0,    0,    0,    0,    0,    0,    0,    0,    0,    0,    0,    0,    0,    0,    0,    0,    0,    0,  -10,    0,   -3,    0,    0,  -15,   -3,   -4,   -4,    0,   -3,   -3,  -15,    0,    0,    0,    0,    0,    0,    0,    0,    0,   -6,    0,    0,   -3,    0,   -6,   -3,    0,    0,    0,    0,    0,    0,    0,   -6,    0,    0,    0,   -6,   -6,   -9,    0,   -6,    0,    0,    0,
       0,    0,    3,    0,    0,    0,    0,    0,    0,    0,    0,    0,    0,    0,    0,    0,    0,    0,    0,    0,    0,    9,    0,    0,    0,    0,    0,    0,    0,    0,    0,    0,    0,    0,    0,    0,    0,    0,    0,    0,    0,    0,    0,   -3,    0,    6,    0,    0,    0,    0,    0,    0,   -6,    0,    0,    0,   -4,    0,   -3,   -4,    0,   -3,   -3,    0,   -3,    0,    0,    0,    0,   -3,   -3,    0,    0,   -3,    3,    6,    0,    0,    0,    0,    0,    0,    0,    0,    0,    0,    0,    0,    0,    0,
       0,    0,   -6,    0,   -6,    0,   -6,   -6,    0,    0,    0,    0,    0,    0,    0,    0,    0,    0,    0,    0,    0,   -6,    0,    0,    0,    0,    0,    0,    0,    0,    0,    0,    0,    0,    0,    0,    0,    0,    0,    0,    0,    0,   -6,    0,    0,   -4,   -4,  -22,   -6,  -10,   -6,    0,    0,   -6,   -3,   -3,    0,    0,    0,    0,    0,    0,    0,    0,  -12,    0,    0,   -3,    0,    0,    0,    0,    0,    0,    0,    0,    0,    0,   -6,    0,    0,    0,   -6,    0,    0,    0,    0,   -6,    0,    0,
       0,    0,   -6,    0,  -36,    0,  -36,   -6,    0,    0,    0,    0,    0,    0,    0,    0,    0,    0,    0,    0,    0,  -12,    0,    0,    0,    0,    0,    0,    0,    0,    0,    0,    0,    0,    0,    0,    0,    0,   -3,    0,    0,    0,    0,    0,    0,    0,  -15,   -6,  -15,  -21,  -12,   -4,    0,  -12,   -8,   -3,    0,    0,    0,    0,    0,    0,    0,    0,  -15,    0,    9,   -3,    0,    0,   -3,    0,    0,    0,    0,    0,    0,    0,    0,    0,    0,    0,    0,    0,    0,    0,    0,  -36,    0,    0,
       0,    0,   -6,   -3,   -9,    0,   -9,   -9,    0,    0,    0,    0,    0,    0,    0,    0,    0,    0,    0,    0,    0,  -12,    0,    0,    0,    0,    0,    0,    0,    0,    0,    0,    0,    0,    0,    0,    0,    0,   -3,    0,    0,   -3,  -12,    0,   -6,   -6,   -9,  -27,   -9,  -15,  -12,   -6,    0,  -12,   -9,   -9,    0,    0,    0,    0,    0,    0,    0,    0,  -12,    0,    0,   -6,    0,    0,   -2,    0,    0,    0,    0,    0,    0,    0,   -6,    0,    0,    0,    0,    0,    0,    0,   -9,   -9,    0,    0,
       0,    0,    0,    0,    0,   -6,    0,    0,    0,    0,    0,    0,    0,    0,    0,    0,    0,    0,    0,    0,    0,    0,    0,    0,    0,    0,    0,    0,    0,    0,    0,    0,    0,    0,    0,    0,    0,    0,   -6,    0,    0,    0,    0,   -6,   -3,    0,    0,    0,    0,    0,    0,    0,  -12,    0,   -6,    0,   -4,    0,   -3,   -4,    0,    0,   -2,    0,   -3,    0,   -3,    0,   -4,  -12,    0,    0,    0,   -2,    6,    0,   -6,    0,    0,    0,    0,    0,    0,   -9,    0,    0,    0,    0,    0,    0,
       0,    0,    0,    0,    0,    0,    0,    0,    0,    0,    0,    0,    0,    0,    0,    0,    0,    0,    0,    0,    0,    0,    0,    0,    0,    0,    0,    0,    0,    0,    0,    0,    0,    0,    0,    0,    0,    0,    0,    0,    0,    8,   -6,    0,    0,    0,   15,  -12,   14,   15,   18,    0,    0,   12,  -15,   15,    0,    0,    0,    0,    3,    0,    0,    0,    9,    0,    0,    4,   -3,   -4,    2,    0,    0,    0,    0,    0,    0,    0,    0,    0,    0,    0,    0,    0,    0,    0,    0,    0,    0,    0,
       0,    0,    0,    0,   -6,    0,   -6,    0,    0,    0,    0,    0,    0,    0,    0,    0,    0,    0,    0,    0,    0,   -6,    0,    0,    0,    0,    0,    0,    0,    0,    0,    0,    0,    0,    0,    0,    0,    0,    0,    0,    0,    0,  -12,    0,    0,    0,    0,  -30,   -6,    0,   -3,    0,    0,   -4,  -10,    0,    0,    0,    0,    0,   -3,   -3,    0,    0,   -6,    0,   -4,  -10,   -4,   -2,   -3,    0,    0,    0,    0,   -3,    0,    0,    0,    0,    0,    0,    0,    0,    0,    0,    0,   -6,    0,    0,
       0,    0,    0,   -3,   -3,    0,   -3,    0,    0,    0,    0,    0,    0,    0,    0,    0,    0,    0,    0,    0,    0,    0,    0,    0,    0,    0,    0,    0,    0,    0,    0,    0,    0,    0,    0,    0,    0,    0,    0,    0,    0,    0,   -9,    0,    0,    0,    0,  -18,    0,    0,    0,    0,    0,    0,  -15,    0,    0,    0,    0,    0,    0,    0,   -4,    0,   -4,    0,   -3,   -4,   -4,    0,    0,    0,    0,   -4,   -4,    0,    0,    0,    0,    0,    0,    0,   -6,    0,    0,    0,    0,   -3,    0,    0,
       0,    0,    0,    6,   -6,    0,   -6,    0,    0,    0,    0,    0,    0,    0,    0,    0,    0,    0,    0,    0,    0,    0,    0,    0,    0,    0,    0,    0,    0,    0,    0,    0,    0,    0,    0,    0,    0,    0,    0,    0,    0,    0,   -3,    0,    0,    0,    0,  -12,    0,    0,    0,    0,    0,    0,   -6,    0,    0,    0,    0,    0,    0,    0,    0,    0,   -9,    0,    0,   -3,    0,    0,   -3,    0,    0,    0,    0,    0,    0,    0,    0,    0,    0,    0,   -6,    0,    0,    0,    0,   -6,    0,    0,
       0,    0,    0,    0,   -6,    0,   -6,    0,    0,    0,    0,    0,    0,    0,    0,    0,    0,    0,    0,    0,    0,   -6,    0,    0,    0,    0,    0,    0,    0,    0,    0,    0,    0,    0,    0,    0,    0,    0,    0,    0,    0,    0,    0,    0,    0,    0,    0,  -15,   -6,    0,   -3,    0,    0,   -3,   -4,    0,    0,    0,    0,    0,    0,    0,    0,    0,   -9,    0,    0,   -4,    0,    0,   -4,    0,    0,    0,    0,    0,    0,    0,    0,    0,    0,    0,    0,    0,    0,    0,    0,   -6,    0,    0,
       0,    0,    0,    0,    0,    0,    0,    0,    0,    0,    0,    0,    0,    0,    0,    0,    0,    0,    0,    0,    0,    0,    0,    0,    0,    0,    0,    0,    0,    0,    0,    0,    0,    0,    0,    0,    0,    0,    0,    0,    0,    0,   -3,    0,    0,    0,    0,  -12,    0,    0,    0,    0,    0,    0,   -6,    0,    0,    0,    0,    0,    0,    0,    0,    0,   -3,    0,    0,   -3,    0,    0,    0,    0,    0,    0,    0,    0,    0,    0,    0,    0,    0,    0,    0,    0,    0,    0,    0,    0,    0,    0,
       0,    0,    0,    0,    0,    0,    0,    0,    0,    0,    0,    0,    0,    0,    0,    0,    0,    0,    0,    0,    0,    0,    0,    0,    0,    0,    0,    0,    0,    0,    0,    0,    0,    0,    0,    0,    0,    0,    0,    0,    0,    0,   -3,    0,    0,    0,    0,  -12,    0,    0,    0,    0,    0,    0,   -4,    2,   -3,    0,    0,   -3,    0,    0,    0,    0,   -3,    0,    6,   -2,    0,    0,    0,    0,    0,    0,    0,    0,    0,    0,    0,    0,   -6,    0,    0,    0,    0,    0,    0,    0,    0,    0,
       0,    0,    0,    0,    0,   -9,    0,    0,    0,    0,    0,    0,    0,    0,    0,    0,    0,    0,    0,    0,    0,    0,    0,    0,    0,    0,    0,    0,    0,    0,    0,    0,    0,    0,    0,    0,    0,    0,    0,    0,    0,    0,   -4,   -3,    0,    0,    3,  -15,    0,    6,    0,   -3,   -3,    0,  -15,    0,   -6,   -2,   -3,   -6,    0,    0,    0,    0,    0,    0,    0,    0,    0,    0,    0,    0,    0,    0,    0,    0,    0,    0,    0,    0,    0,    0,    0,    0,    0,    0,    0,    0,    0,    0,
       0,    0,    0,    0,   -6,    0,   -6,    0,    0,    0,    0,    0,    0,    0,    0,    0,    0,    0,    0,    0,    0,   -6,    0,    0,    0,    0,    0,    0,    0,    0,    0,    0,    0,    0,    0,    0,    0,    0,    0,    0,    0,    0,  -12,    0,    0,    0,    0,  -21,   -6,    0,   -3,    0,    0,   -4,  -10,    0,    0,    0,    0,    0,   -3,   -3,    0,    0,   -6,    0,   -4,  -10,   -4,   -2,   -3,    0,    0,    0,    0,   -3,    0,    0,    0,    0,    0,    0,    0,    0,    0,    0,    0,   -6,    0,    0,
       0,    0,    0,    9,    0,    0,    0,    0,    0,    0,    0,    0,    0,    0,    0,    0,    0,    0,    0,    0,    0,    0,    0,    0,    0,    0,    0,    0,    0,    0,    0,    0,    0,    0,    0,    0,    0,    0,    0,    0,    0,   12,  -12,    0,    0,    0,   15,   -9,   15,   16,   18,    0,    0,   14,  -18,   15,    0,    0,    0,    0,    8,    2,    0,    0,   10,    0,   -3,    4,   -6,    0,    4,    0,    0,    0,    0,    0,    0,    0,    0,    0,    0,    0,    0,    0,    0,    0,   -9,    0,    0,    0,
       0,    0,    0,    0,    0,    0,    0,    0,    0,    0,    0,    0,    0,    0,    0,    0,    0,    0,    0,    0,    0,    0,    0,    0,    0,    0,    0,    0,    0,    0,    0,    0,    0,    0,    0,    0,    0,    0,    0,    0,    0,    0,   -3,    0,    0,    0,    0,  -12,    0,    0,    0,    0,    0,    0,   -4,    2,   -3,    0,    0,   -3,    0,    0,    0,    0,   -3,    0,    0,   -2,    0,    0,    0,    0,    0,    0,    0,    0,    0,    0,    0,    0,   -6,    0,    0,    0,    0,    0,    0,    0,    0,    0,
       0,    0,   -3,    0,   -6,    0,   -6,    0,    0,    0,    0,    0,    0,    0,    0,    0,    0,    0,    0,    0,    0,   -6,    0,    0,    0,    0,    0,    0,    0,    0,    0,    0,    0,    0,    0,    0,    0,    0,    0,    0,    0,    0,   -3,    0,    0,    0,   -4,   -9,   -6,   -6,   -3,   -6,    0,   -3,   -9,    0,    0,    0,   -3,    0,   -6,   -3,    0,    0,  -21,    0,    0,  -10,    0,    0,   -3,    0,    0,    0,    0,    0,    0,    0,    0,    0,    0,    0,    0,    0,    0,    0,    0,   -6,    0,    0,
       0,    0,   12,   -6,    0,    0,    0,    0,    0,    0,    0,    0,    0,    0,    0,    0,    0,    0,    0,    0,    0,   24,    0,    0,    0,    0,    0,    0,    0,    0,    0,    0,    0,    0,    0,    0,    0,    0,    4,    0,    0,   12,   -6,    0,    0,   18,   16,   -4,   18,   18,   21,    0,   -3,   18,  -15,   20,    0,    0,    0,    0,    8,    3,    0,    0,   12,    0,    0,    8,   -3,   -4,    6,    0,    6,    0,    0,    9,    0,    0,    0,    0,    0,    0,    0,    0,    0,    0,   -6,    0,    0,    0,
     -21,    0,    0,  -18,    0,    0,    0,    0,    0,    0,    0,    0,    0,    0,    0,    0,    0,    0,    0,    0,    0,    0,    0,    0,    0,    0,    0,    0,    0,    0,    0,    0,    0,    0,    0,    0,    0,    0,    0,    0,    0,    0,  -21,    0,    0,    0,    3,  -21,    0,    0,    0,    0,   -3,    0,  -33,    0,    0,    0,    0,    0,    0,    0,   -3,    0,    0,    0,  -10,    0,  -14,  -15,   -3,    0,    0,   -3,   -3,    0,    0,    0,    0,    0,    0,    0,    0,    0,    0,    0,  -18,    0,    0,    0,
       0,    0,    0,    0,    0,    0,    0,    0,    0,    0,    0,    0,    0,    0,    0,    0,    0,    0,    0,    0,    0,    0,    0,    0,    0,    0,    0,    0,    0,    0,    0,    0,    0,    0,    0,    0,    0,    0,    0,    0,    0,    0,   -6,    0,    0,    0,    0,  -30,    0,    0,    0,    0,    0,    0,  -16,    0,    0,    0,    0,    0,    0,    0,    0,    0,   -9,    0,    0,    0,   -3,    0,    0,    0,    0,    0,    0,    0,    0,    0,    0,    0,    0,    0,    0,    0,    0,    0,   -6,    0,    0,    0,
       0,    0,    0,    0,   -6,    0,   -6,    0,    0,    0,    0,    0,    0,    0,    0,    0,    0,    0,    0,    0,    0,    0,    0,    0,    0,    0,    0,    0,    0,    0,    0,    0,    0,    0,    0,    0,    0,    0,    0,    0,    0,    0,   -6,    0,    0,    0,    0,  -18,    0,    0,    0,    0,    0,    0,  -15,    0,    0,    0,    0,    0,    0,    0,    0,    0,    0,    0,    0,   -4,    0,    0,    0,    0,    0,    0,    0,    0,    0,    0,    0,    0,    0,    0,    0,    0,    0,    0,    0,   -6,    0,    0,
       0,    0,    0,    0,    0,    0,    0,    0,    0,    0,    0,    0,    0,    0,    0,    0,    0,    0,    0,    0,    0,    0,    0,    0,    0,    0,    0,    0,    0,    0,    0,    0,    0,    0,    0,    0,    0,    0,    0,    0,    0,    8,   -8,    0,    0,    0,   15,   -9,   14,   15,   18,    0,    0,   12,  -15,   15,    0,    0,    0,    0,    3,    0,    0,    0,    9,    0,    0,    4,   -3,   -4,    2,    3,    0,    0,    0,    0,    0,    0,    0,    0,    0,    0,    0,    0,    0,    0,    0,    0,    0,    0,
       0,    0,    0,    0,    0,    0,    0,    0,    0,    0,    0,    0,    0,    0,    0,    0,    0,    0,    0,    0,    0,    0,    0,    0,    0,    0,    0,    0,    0,    0,    0,    0,    0,    0,    0,    0,    0,    0,    0,    0,    0,    0,    0,    0,    0,    0,    0,    0,    0,    0,    0,    0,    0,    0,   -6,    0,    0,    0,    0,    0,    0,    0,    0,    0,  -15,    0,    0,    0,    0,    0,   -6,    0,    0,    0,    0,    0,    0,    0,    0,    0,    0,    0,    0,    0,    0,    0,    0,    0,    0,    0,
       0,    0,    0,    0,    0,    0,    0,    0,    0,    0,    0,    0,    0,    0,    0,    0,    0,    0,    0,    0,    0,    0,    0,    0,    0,    0,    0,    0,    0,    0,    0,    0,    0,    0,    0,    0,    0,    0,    0,    0,    0,    0,    0,    0,    0,    0,    0,    0,    0,    0,    0,    0,    0,    0,    0,    0,    0,    0,    0,    0,    0,    0,    0,    0,  -12,    0,    0,    0,    0,    0,    0,    0,    0,    0,    0,    0,    0,    0,    0,    0,    0,    0,    0,    0,    0,    0,    0,    0,    0,    0,
       0,    0,    0,    0,    0,    0,    0,    0,    0,    0,    0,    0,    0,    0,    0,    0,    0,    0,    0,    0,    0,    0,    0,    0,    0,    0,    0,    0,    0,    0,    0,    0,    0,    0,    0,    0,    0,    0,    0,    0,    0,    0,    0,    0,    0,    0,    0,    0,    0,    0,    0,    0,    0,    0,   -6,    0,    0,    0,    0,    0,    0,    0,    0,    0,    0,    0,    0,    0,    0,   -9,    0,    0,    0,    0,    0,    0,    0,    0,    0,    0,    0,    0,    0,   -9,    0,    0,    0,    0,    0,    0,
       0,    0,    0,    0,    0,    0,    0,    0,    0,    0,    0,    0,    0,    0,    0,    0,    0,    0,    0,    0,    0,    0,    0,    0,    0,    0,    0,    0,    0,    0,    0,    0,    0,    0,    0,    0,    0,    0,    0,    0,    0,    0,    0,    0,    0,    0,    0,    0,    0,  -18,    0,    0,    0,    0,    0,    0,    0,    0,    0,    0,    0,    0,    0,    0,  -21,    0,    0,    0,    0,    0,    0,    0,    0,    0,    0,    0,    0,    0,    0,    0,    0,    0,    0,    0,    0,    0,    0,    0,    0,    0,
       0,    0,    0,    0,    0,    0,    0,    0,    0,    0,    0,    0,    0,    0,    0,    0,    0,    0,    0,    0,    0,    0,    0,    0,    0,    0,    0,    0,    0,    0,    0,    0,    0,    0,    0,    0,    0,    0,    0,    0,    0,    0,    0,    0,    0,    0,    0,    0,    0,    0,    0,    0,    0,    0,    0,    0,    0,    0,    0,    0,    0,    0,    0,    0,  -21,    0,    0,    0,    0,    0,    0,    0,    0,    0,    0,    0,    0,    0,    0,    0,    0,    0,    0,    0,    0,    0,    0,    0,    0,    0,
       0,    0,    0,    0,  -27,    0,  -27,    0,    0,    0,    0,    0,    0,    0,    0,    0,    0,    0,    0,    0,    0,    0,    0,    0,    0,    0,    0,    0,    0,    0,    0,    0,    0,    0,    0,    0,    0,    0,    0,    0,    0,    0,    0,    0,    0,    0,    0,    0,    0,    0,    0,    0,    0,    0,    0,    0,    0,    0,    0,    0,    0,    0,    0,    0,    0,    0,    0,    0,    0,    0,    0,    0,    0,    0,    0,    0,    0,    0,    0,    0,    0,    0,    0,    0,    0,    0,    0,  -27,    0,    0,
       0,    0,    0,    0,  -21,    0,  -21,    0,    0,    0,    0,    0,    0,    0,    0,    0,    0,    0,    0,    0,    0,    0,    0,    0,    0,    0,    0,    0,    0,    0,    0,    0,    0,    0,    0,    0,    0,    0,    0,    0,    0,    0,    0,   -6,    0,    0,    0,    0,  -18,  -18,    0,    0,    0,    0,    0,    0,    0,    0,    0,    0,    0,    0,    0,    0,  -18,    0,    0,    0,    0,    0,    0,    0,    0,    0,    0,    0,   -6,    0,    0,    0,   -6,    0,    0,    0,    0,    0,    0,  -21,    0,    0,
       0,    0,    0,    9,  -21,    0,  -21,    0,    0,    0,    0,    0,    0,    0,    0,    0,    0,    0,    0,    0,    0,    0,    0,    0,    0,    0,    0,    0,    0,    0,    0,    0,    0,    0,    0,    0,    0,    0,    0,    0,    0,    0,    0,    0,    0,    0,    0,    0,  -18,  -12,    0,    0,    0,    0,    0,    0,    0,    0,    0,    0,    0,    0,    0,    0,  -18,    0,    0,    0,    0,    0,    0,    0,    0,    0,    0,    0,    0,    0,    0,    0,  -12,    0,    0,    0,    0,    0,    0,  -21,    0,    0,
       0,    0,    0,    0,    0,    0,    0,    0,    0,    0,    0,    0,    0,    0,    0,    0,    0,    0,    0,    0,    0,    0,    0,    0,    0,    0,    0,    0,    0,    0,    0,    0,    0,    0,    0,    0,    0,    0,    0,    0,    0,    0,    0,    0,    0,    0,    0,   -6,    0,  -15,    0,    0,    0,    0,    0,    0,    0,    0,    0,    0,    0,    0,    0,    0,  -12,    0,    0,    0,    0,    0,    0,    0,    0,    0,    0,    0,    0,    0,   -6,    0,    0,    0,    0,    0,    0,    0,    0,    0,    0,    0,
       0,    0,    0,   -6,    0,    0,    0,    0,    0,    0,    0,    0,    0,    0,    0,    0,    0,    0,    0,    0,    0,    0,    0,    0,    0,    0,    0,    0,    0,    0,    0,    0,    0,    0,    0,    0,    0,    0,    0,    0,    0,    0,    0,    0,    0,    0,    0,    0,    0,    0,    0,    0,    0,    0,    0,    0,    0,    0,    0,    0,    0,    0,    0,    0,    0,    0,    0,    0,    0,    0,    0,    0,    0,    0,    0,    0,    0,    0,    0,    0,    0,    0,    0,    0,    0,    0,   -6,    0,    0,    0,
       0,    0,    0,    0,    0,    0,    0,    0,    0,    0,    0,    0,    0,    0,    0,    0,    0,    0,    0,    0,    0,    0,    0,    0,    0,    0,    0,    0,    0,    0,    0,    0,    0,    0,    0,    0,    0,    0,    0,    0,    0,    0,    0,    0,    0,    0,    0,    0,    0,    0,    0,    0,    0,    0,    0,    0,    0,    0,    0,    0,    0,    0,    0,    0,    0,    0,    0,    0,    0,    0,    0,    0,    0,    0,    0,    0,    0,    0,    0,    0,   -6,    0,    0,    0,    0,    0,    0,    0,    0,    0,
       0,    0,    0,    0,    0,    0,    0,    0,    0,    0,    0,    0,    0,    0,    0,    0,    0,    0,    0,    0,    0,    0,    0,    0,    0,    0,    0,    0,    0,    0,    0,    0,    0,    0,    0,   -6,    0,    0,    0,    0,    0,    0,    0,    0,    0,    0,    0,    0,    0,    0,    0,    0,    0,    0,    0,    0,    0,    0,    0,    0,    0,    0,    0,    0,    0,    0,    0,    0,    0,    0,    0,    0,    0,    0,    0,    0,    0,    0,    0,    0,    0,    0,    0,    0,    0,    0,    0,    0,    0,    0,
       0,    0,    0,    0,    0,    0,    0,    0,    0,  -21,    0,    0,    0,    0,    0,    0,    0,    0,    0,    0,    0,    0,    0,    0,    0,    0,    3,    0,    0,    0,    0,    0,    0,    0,    0,    6,    0,    0,    0,  -42,    0,    0,    0,    0,    0,    0,   -9,    0,  -21,  -18,    0,    0,    0,    0,    0,    0,    0,    0,    0,    0,    0,    0,    6,    0,   -9,    0,   21,    0,   12,    0,    0,    9,    0,   12,   12,    9,    0,    0,    0,    0,  -12,    0,    0,    0,  -42,    0,    0,    0,    0,    0,
       0,    0,    0,    0,    0,    0,    0,    0,    0,  -27,    0,    0,    0,    0,    0,    0,    0,    0,    0,    0,    0,    0,   -3,    0,   -3,   -3,    0,    0,    0,  -15,    0,    0,    0,    0,    0,    0,    0,    0,    0,  -42,    0,    0,    0,    0,    0,    0,  -12,    6,  -21,  -18,    0,    0,    0,    0,    0,    0,   -3,    0,    0,   -3,    0,    0,   12,   12,   -6,   12,   15,    0,   18,   15,    0,   15,    0,   12,   12,    6,    0,    0,    0,    0,    0,    0,    0,    0,  -42,    0,    0,    0,    0,    0,
       0,    0,    0,    0,    0,    0,    0,    0,    0,    0,    0,    0,    0,    0,    0,    0,    0,    0,    0,    0,    0,    0,    0,    0,    0,    0,    0,    0,    0,    0,    0,    0,    0,    0,    0,    0,    0,    0,    0,    0,    0,    0,    0,    0,    0,    0,    0,    0,    0,    0,    0,    0,    0,    0,    0,    0,    0,    0,    0,    0,    0,    0,    0,    0,    0,    0,    0,    0,    0,    0,    0,    0,    0,    0,    0,    0,    0,    0,    0,    0,    0,    0,    0,    0,    0,    0,    0,    0,   21,    0,
       0,    0,    0,    0,    0,    0,    0,    0,    0,    0,    0,    0,    0,    0,    0,    0,    0,    0,    0,    0,    0,    0,    0,    0,    0,    0,    0,    0,    0,    0,    0,    0,    0,    0,    0,    0,    0,    0,    0,    0,    0,    0,    0,    0,    0,    0,    0,    0,    0,    0,    0,    0,    0,    0,    0,    0,    0,    0,    0,    0,    0,    0,    0,    0,    0,    0,    0,    0,    0,    0,    0,    0,    0,    0,    0,    0,    0,    0,    0,    0,    0,    0,    0,    0,    0,    0,    0,    0,    0,   24,
      -9,    0,    0,    0,    0,    0,    0,    0,    0,    0,    0,    0,    0,    0,    0,    0,    0,    0,    0,    0,    0,    0,    0,    0,    0,    0,    0,    0,    0,    0,    0,    0,    0,    0,    0,   -4,    0,    0,    0,    0,    0,    0,    0,    0,    0,    0,    0,    0,    0,    0,    0,    0,    0,    0,    0,    0,    0,    0,    0,    0,    0,    0,    0,    0,    0,    0,    0,    0,    0,    0,    0,    0,    0,    0,    0,    0,    0,    0,    0,    0,    0,    0,    0,    0,    0,    0,    0,    0,    0,    0,
       0,    0,    0,    0,    0,    0,    0,    0,    0,    0,    0,    0,    0,    0,    0,    0,    0,    0,    0,    0,    0,    0,    0,    0,    0,    0,    0,    0,    0,    0,    0,    0,    0,    0,    0,   -4,    0,    0,    0,    0,    0,    0,    0,    0,    0,    0,    0,    0,    0,    0,    0,    0,    0,    0,    0,    0,    0,    0,    0,    0,    0,    0,    0,    0,    0,    0,    0,    0,    0,    0,    0,    0,    0,    0,    0,    0,    0,    0,    0,    0,    0,    0,    0,    0,    0,    0,    0,    0,    0,    0,
};

static const EpdLigaturePair notoserif_9_bolditalicLigaturePairs[] = {
    { 0x00660066, 0xFB00 }, // f f -> U+FB00
    { 0x00660069, 0xFB01 }, // f i -> U+FB01
    { 0x0066006C, 0xFB02 }, // f l -> U+FB02
    { 0xFB000069, 0xFB03 }, // U+FB00 i -> U+FB03
    { 0xFB00006C, 0xFB04 }, // U+FB00 l -> U+FB04
};

static const EpdFontData notoserif_9_bolditalic = {
    notoserif_9_bolditalicBitmaps,
    notoserif_9_bolditalicGlyphs,
    notoserif_9_bolditalicIntervals,
    18,
    26,
    21,
    -6,
    true,
    notoserif_9_bolditalicGroups,
    13,
    nullptr,
    notoserif_9_bolditalicKernLeftClasses,
    notoserif_9_bolditalicKernRightClasses,
    notoserif_9_bolditalicKernMatrix,
    551,
    557,
    103,
    90,
    notoserif_9_bolditalicLigaturePairs,
    5,
};
