/**
 * generated by fontconvert.py
 * name: notoserif_14_bolditalic
 * size: 14
 * mode: 2-bit  compressed: true
 * Command used: fontconvert.py notoserif_14_bolditalic 14 ../builtinFonts/source/NotoSerif/NotoSerif-BoldItalic.ttf --2bit --compress --pnum
 */
#pragma once
#include "EpdFontData.h"

static const uint8_t notoserif_14_bolditalicBitmaps[24285] = {
    0x00, 0x1D, 0xCA, 0x03, 0x14, 0x70, 0x6F, 0x7E, 0xDE, 0xB7, 0x38, 0x23, 0xD7, 0x2F, 0xC0, 0x00,
    0x06, 0xC9, 0xD2, 0x59, 0xA6, 0x2E, 0xA0, 0xA8, 0x3F, 0x49, 0x08, 0x00, 0x40, 0xAC, 0x9C, 0x74,
    0x20, 0x4E, 0x36, 0x3F, 0x61, 0x43, 0xB2, 0xDF, 0xB3, 0xAA, 0xD8, 0xFF, 0x87, 0xB4, 0xD8, 0xCF,
    0xF5, 0x96, 0x0F, 0x4A, 0xB4, 0x4E, 0x90, 0xDA, 0xB9, 0xD3, 0x86, 0x17, 0x0A, 0x7E, 0x18, 0x30,
    0x00, 0x9E, 0x82, 0xA0, 0x04, 0x43, 0x81, 0x25, 0x07, 0xD7, 0xCD, 0x22, 0x34, 0x74, 0xAE, 0xAC,
    0xFA, 0xBE, 0xC7, 0x82, 0x20, 0x66, 0x56, 0xB3, 0x58, 0xB7, 0xBC, 0x19, 0x25, 0x57, 0x61, 0xD8,
    0xEF, 0x2D, 0xB2, 0xE9, 0x48, 0xF8, 0x04, 0x99, 0x48, 0xA0, 0x00, 0x98, 0x01, 0x41, 0xB3, 0xC8,
    0xFE, 0xFB, 0x56, 0xE3, 0x51, 0x56, 0x21, 0xF6, 0xF1, 0x14, 0x90, 0xA6, 0xFD, 0xB0, 0x84, 0xD9,
    0x53, 0xC9, 0xDE, 0xEB, 0xE9, 0x6E, 0x2B, 0x04, 0xFE, 0x3E, 0x33, 0x3F, 0x79, 0x7A, 0xBB, 0xA4,
    0x5E, 0x42, 0x5D, 0xDB, 0x7B, 0x6F, 0x91, 0xDF, 0xA0, 0x9C, 0x80, 0x00, 0xA5, 0xF9, 0x3B, 0x05,
    0xBD, 0x0B, 0x77, 0xD3, 0x4C, 0xA4, 0x95, 0x6B, 0xC8, 0xC2, 0x28, 0x4E, 0x46, 0xD9, 0x48, 0x71,
    0xD5, 0x48, 0xB4, 0xA0, 0xFD, 0x41, 0x60, 0x8B, 0x1B, 0x0E, 0x66, 0xEC, 0x97, 0x59, 0xB3, 0xA8,
    0x12, 0xF6, 0x48, 0x52, 0xD2, 0x65, 0x1E, 0xDD, 0x00, 0x07, 0x25, 0xC5, 0xAE, 0x7C, 0x00, 0x56,
    0x89, 0xF1, 0x9B, 0xEA, 0x22, 0x1C, 0xFB, 0x21, 0x00, 0x20, 0x76, 0x36, 0xBA, 0x48, 0xFE, 0x69,
    0x29, 0x67, 0x00, 0x35, 0x0C, 0x6E, 0x57, 0xF7, 0x42, 0x94, 0x49, 0x0E, 0x8D, 0x53, 0x9C, 0xA3,
    0x14, 0x1E, 0xED, 0x83, 0x79, 0xE3, 0x1E, 0x00, 0x7E, 0xA4, 0x6B, 0xFA, 0x8C, 0x76, 0xCE, 0xA4,
    0xA3, 0x1E, 0x45, 0xF0, 0xF6, 0x39, 0x0B, 0x4B, 0xD8, 0xDE, 0x80, 0x89, 0xB4, 0xA7, 0xDA, 0x56,
    0xE1, 0x4D, 0x0F, 0x66, 0xAC, 0xC0, 0x00, 0x34, 0x3F, 0xCE, 0xFA, 0xBB, 0x2E, 0xA9, 0xC1, 0x9C,
    0x6D, 0xD7, 0x58, 0x00, 0x1F, 0x27, 0x52, 0xB2, 0x4C, 0xBB, 0x2C, 0x13, 0x90, 0x00, 0x05, 0x79,
    0xB8, 0x15, 0x62, 0x00, 0x0F, 0x43, 0x6D, 0x27, 0xC0, 0x00, 0xA4, 0x09, 0xCA, 0xE8, 0x1F, 0xB0,
    0x06, 0x87, 0xA8, 0x7E, 0x02, 0xF0, 0x76, 0x59, 0x63, 0x25, 0x68, 0x00, 0x84, 0xCA, 0xF0, 0x5E,
    0x01, 0xF2, 0x95, 0x6B, 0x25, 0xF3, 0x62, 0x49, 0x19, 0x60, 0x2E, 0x12, 0xC8, 0xDB, 0x8C, 0x01,
    0xE5, 0x10, 0x15, 0x29, 0x17, 0xA0, 0x00, 0x4A, 0xC3, 0xD0, 0x01, 0xDE, 0xEF, 0x00, 0xD7, 0x99,
    0x21, 0x66, 0x31, 0x77, 0x06, 0x80, 0x35, 0x1E, 0x19, 0xB4, 0xF8, 0xA0, 0x00, 0x8F, 0x4A, 0x97,
    0x83, 0xAE, 0x0C, 0xEC, 0x7A, 0xF5, 0xAE, 0xA9, 0x4C, 0x1B, 0x5A, 0x2C, 0x8B, 0xB1, 0x13, 0x1F,
    0xA7, 0x86, 0x7C, 0x63, 0x49, 0x41, 0xCD, 0xF4, 0x58, 0x00, 0x8F, 0x4A, 0x8D, 0x0D, 0xCC, 0x5F,
    0x54, 0xD1, 0xB2, 0xD0, 0x37, 0xF6, 0x9F, 0x71, 0x77, 0x2A, 0x66, 0x91, 0xE4, 0x09, 0x16, 0x24,
    0xBA, 0xC3, 0xF7, 0x9E, 0xF0, 0xBB, 0xDE, 0x21, 0x8B, 0x3D, 0x5F, 0xD0, 0x00, 0x5B, 0x44, 0xDF,
    0x77, 0x6F, 0x6B, 0xE2, 0xDB, 0xCD, 0x81, 0xED, 0x64, 0x88, 0x68, 0xCD, 0x47, 0x14, 0xE8, 0x28,
    0x26, 0x4F, 0xA7, 0x38, 0x63, 0xEF, 0x4B, 0x5C, 0x3B, 0x08, 0x00, 0x18, 0x2C, 0xE1, 0xEA, 0xEB,
    0x6C, 0x2B, 0x36, 0x57, 0x22, 0xAB, 0xED, 0xC0, 0xD0, 0x3E, 0x5A, 0xA7, 0xE7, 0x86, 0x04, 0x64,
    0x2D, 0x24, 0xA7, 0xB2, 0x97, 0x08, 0x81, 0xD1, 0x00, 0x89, 0x46, 0xAB, 0xBC, 0xBE, 0x27, 0x71,
    0x6A, 0x8A, 0xD4, 0x82, 0x91, 0x89, 0x9E, 0xF3, 0x68, 0x00, 0x27, 0xF4, 0xB3, 0x55, 0x0F, 0x70,
    0xE2, 0x4B, 0x83, 0xCB, 0x23, 0x09, 0x8E, 0xB0, 0xB7, 0x20, 0x00, 0x0E, 0xC1, 0xF7, 0xD4, 0x44,
    0x03, 0x73, 0xF0, 0x47, 0xB1, 0x50, 0x5E, 0xD2, 0xEF, 0x3F, 0x75, 0x40, 0xCD, 0xC4, 0x90, 0x00,
    0x82, 0xF1, 0x89, 0x99, 0xD3, 0xDD, 0x1F, 0x02, 0x94, 0x2C, 0x5B, 0xAB, 0x9E, 0x76, 0x32, 0xDE,
    0x33, 0xB6, 0x84, 0xAF, 0xC8, 0xC4, 0xF6, 0x28, 0xB2, 0x6F, 0x88, 0xF5, 0x5E, 0xED, 0xC6, 0x58,
    0x5B, 0xFC, 0xE3, 0x14, 0x00, 0x89, 0x86, 0x7D, 0x64, 0x96, 0x1E, 0xFC, 0x2F, 0x7A, 0x2F, 0x46,
    0x50, 0x1B, 0x77, 0xE0, 0x67, 0x73, 0x5B, 0x41, 0xB7, 0x23, 0xBE, 0x8A, 0x84, 0xC7, 0xBB, 0xFA,
    0xE9, 0x0B, 0x66, 0x23, 0x14, 0x00, 0x25, 0xFC, 0xDC, 0x96, 0xFA, 0xA7, 0x70, 0xC5, 0x43, 0x53,
    0x80, 0x00, 0x35, 0x16, 0xBB, 0x74, 0xFD, 0x52, 0xC2, 0xA5, 0x0E, 0xD1, 0x36, 0xCF, 0x74, 0x4C,
    0x00, 0x5D, 0x9F, 0x6C, 0x49, 0x1E, 0x2D, 0x7A, 0x98, 0x1C, 0xDA, 0x1E, 0x8C, 0x92, 0xF7, 0x75,
    0x22, 0xB1, 0x45, 0x34, 0x74, 0xE0, 0x00, 0x05, 0x20, 0x31, 0xF1, 0x21, 0x2A, 0x78, 0xA4, 0x41,
    0x0C, 0x00, 0x09, 0xDA, 0x3A, 0xDA, 0x7F, 0x55, 0xA5, 0xA1, 0x14, 0x12, 0xB7, 0x2B, 0x2F, 0x23,
    0x18, 0xE8, 0x6F, 0x25, 0x46, 0x09, 0xA5, 0x5B, 0xE0, 0x00, 0x6A, 0xC6, 0x12, 0x0C, 0xA8, 0x6D,
    0x06, 0x9B, 0xBE, 0x3D, 0xBA, 0xDB, 0xBA, 0xB6, 0x27, 0x19, 0x5F, 0x5B, 0x9A, 0x0D, 0xA3, 0x26,
    0x00, 0x42, 0x29, 0xA1, 0x14, 0x9E, 0xB1, 0xAC, 0xBB, 0x20, 0x9C, 0xAF, 0xF1, 0xA4, 0xD6, 0x8F,
    0xFB, 0x4A, 0x29, 0xDB, 0xCA, 0x61, 0xA1, 0x3F, 0xF7, 0x08, 0x21, 0xE1, 0x36, 0x73, 0xF1, 0x88,
    0x62, 0x15, 0x1B, 0x8B, 0x99, 0xD1, 0xAE, 0xC2, 0x68, 0x8D, 0x18, 0x98, 0x84, 0x5B, 0x49, 0xD5,
    0x6E, 0x55, 0xD9, 0x81, 0x91, 0x2B, 0x4A, 0x0A, 0xB3, 0x65, 0x00, 0x6C, 0x6C, 0xEF, 0x3B, 0x8C,
    0x13, 0x24, 0x98, 0xAA, 0xF0, 0x40, 0xB6, 0xE2, 0xB6, 0x20, 0xE3, 0xEC, 0xE1, 0x83, 0x6F, 0x7A,
    0x51, 0x25, 0x96, 0x77, 0xC9, 0x00, 0x63, 0x06, 0x0C, 0x4A, 0x51, 0xC2, 0x00, 0x13, 0x86, 0x24,
    0x44, 0xF1, 0xB2, 0x64, 0xE7, 0x81, 0xD3, 0x39, 0xF8, 0x26, 0x26, 0x98, 0x8B, 0x68, 0xBD, 0x03,
    0xD7, 0x4C, 0x6F, 0xC0, 0x34, 0xEC, 0x53, 0x12, 0xAE, 0xB0, 0x88, 0xD8, 0x87, 0x87, 0xB4, 0x40,
    0x00, 0xA0, 0x77, 0x2F, 0x02, 0xA0, 0x74, 0x99, 0x78, 0x06, 0x73, 0x74, 0x0E, 0xC8, 0x4F, 0xF9,
    0xC6, 0x46, 0xD7, 0xDA, 0xE7, 0x0C, 0xAF, 0x65, 0xDB, 0x6F, 0xAB, 0x40, 0x00, 0x13, 0x92, 0xC3,
    0x30, 0x5E, 0xFA, 0xFF, 0x70, 0xDF, 0x2F, 0x1B, 0x09, 0xB1, 0x89, 0x61, 0x8C, 0x54, 0xC7, 0x2C,
    0xDC, 0x2D, 0xD1, 0x58, 0xD9, 0x89, 0xB0, 0x5C, 0x1A, 0x17, 0x06, 0xBA, 0x87, 0x24, 0x00, 0x16,
    0x88, 0xCA, 0xC0, 0xC0, 0xE8, 0x22, 0x99, 0xE9, 0x8D, 0x0D, 0x9D, 0x36, 0xD7, 0x3E, 0xE3, 0x0D,
    0xAD, 0xAE, 0xD6, 0x4E, 0x08, 0xD1, 0x20, 0x87, 0x27, 0x00, 0x58, 0xB4, 0x1E, 0xBC, 0xD8, 0xAD,
    0xDE, 0x4D, 0xA7, 0xF4, 0x31, 0x0F, 0x2E, 0x1B, 0xA4, 0x00, 0xA4, 0x2C, 0x2A, 0x59, 0xA6, 0x99,
    0x03, 0x51, 0x14, 0xED, 0x95, 0x96, 0x45, 0xEA, 0x7E, 0x94, 0x69, 0xA2, 0x72, 0x9B, 0x13, 0x95,
    0x3F, 0xE3, 0x17, 0xB1, 0xF6, 0x67, 0xFE, 0xCA, 0xF5, 0xB6, 0x00, 0x13, 0xC4, 0x0F, 0xA6, 0x6A,
    0x92, 0x72, 0x2D, 0xB6, 0xA8, 0xAC, 0xE4, 0xBE, 0xCC, 0xAF, 0x98, 0x0B, 0xB5, 0x53, 0x32, 0x63,
    0x18, 0x6F, 0x3B, 0x23, 0xF2, 0x8E, 0x59, 0x24, 0x98, 0x55, 0x6E, 0xEA, 0x1A, 0x38, 0x51, 0x6C,
    0x74, 0x00, 0x13, 0xB5, 0xBB, 0x23, 0x10, 0x16, 0xBB, 0xCB, 0x41, 0x7C, 0x05, 0x0B, 0x01, 0xCD,
    0x6C, 0xC1, 0xE1, 0x60, 0x00, 0x39, 0x43, 0xC0, 0x4D, 0xA7, 0x9A, 0xC7, 0x0B, 0xF9, 0x8D, 0x96,
    0xCF, 0x55, 0x99, 0xB7, 0xD0, 0x6F, 0x98, 0xC9, 0x44, 0xE3, 0xD0, 0x00, 0x13, 0xC3, 0x52, 0xE0,
    0x8F, 0xDF, 0xC7, 0xCE, 0xFF, 0x95, 0xDA, 0x3F, 0x5D, 0x37, 0xDB, 0xAE, 0x0A, 0x41, 0x2A, 0xA8,
    0x0A, 0xD5, 0x6F, 0xDD, 0xFF, 0x66, 0x2E, 0x1D, 0xDD, 0xAC, 0x74, 0x6F, 0xC7, 0x0D, 0x3D, 0x1D,
    0x3C, 0x9B, 0x00, 0x13, 0xC7, 0x8B, 0x4B, 0xAE, 0x19, 0xC0, 0x36, 0x62, 0xF4, 0xBB, 0xFA, 0xD3,
    0xB9, 0x8F, 0x6A, 0xD7, 0x17, 0xA1, 0x0B, 0xFC, 0xA0, 0x00, 0x14, 0x1B, 0xA5, 0xEC, 0xD7, 0x62,
    0x72, 0x5B, 0x9C, 0x5A, 0x6E, 0xA2, 0x2C, 0x8A, 0xB3, 0x52, 0xCF, 0x80, 0x2F, 0xAC, 0x19, 0x90,
    0xE3, 0xFA, 0xAA, 0x2B, 0x7A, 0x62, 0x9C, 0x00, 0xCB, 0x42, 0x20, 0xDF, 0x95, 0x09, 0xFF, 0x86,
    0x23, 0x05, 0x8F, 0x9E, 0xB0, 0x22, 0x59, 0x18, 0xFA, 0x96, 0xEF, 0x11, 0x8B, 0x2D, 0x84, 0x80,
    0x00, 0x14, 0x39, 0x62, 0x03, 0x47, 0xB7, 0xA9, 0xF2, 0xA8, 0x25, 0x35, 0x56, 0xA1, 0xCA, 0x8F,
    0x90, 0x74, 0x7A, 0xCE, 0x60, 0x73, 0x1D, 0x79, 0x5E, 0x6F, 0x6C, 0xF4, 0x6B, 0xFD, 0xCF, 0xA9,
    0x34, 0xA1, 0xB8, 0x98, 0xB5, 0x1A, 0x87, 0xDC, 0xC9, 0x00, 0xA4, 0x89, 0x5E, 0x9D, 0xD7, 0x7C,
    0xDF, 0xD2, 0x98, 0x7B, 0xD9, 0x94, 0x02, 0xEC, 0x03, 0xD5, 0x56, 0x06, 0x1F, 0xA4, 0x6D, 0x86,
    0xBD, 0xE4, 0x22, 0x59, 0xC0, 0xD3, 0x66, 0x87, 0x27, 0x00, 0x6F, 0x07, 0xB1, 0x22, 0x37, 0x8A,
    0x9D, 0x48, 0x7D, 0x73, 0xBA, 0xBD, 0x89, 0xF3, 0x3C, 0x79, 0xA6, 0xF1, 0xB8, 0xC4, 0xEE, 0x78,
    0x80, 0x87, 0x31, 0x00, 0xA1, 0x5B, 0x1E, 0xE0, 0x1C, 0x37, 0xB6, 0xD3, 0xF5, 0x14, 0xF7, 0x57,
    0x85, 0x1D, 0xF5, 0xD3, 0xB6, 0xBE, 0x4B, 0x60, 0x00, 0x13, 0x8A, 0xE9, 0x98, 0x52, 0x9A, 0x99,
    0x83, 0x43, 0xAE, 0xEB, 0xC7, 0xE2, 0xCD, 0x8A, 0xE3, 0xE5, 0xD2, 0xCD, 0x14, 0x59, 0x63, 0x19,
    0x58, 0x82, 0xF8, 0xA6, 0x71, 0xDA, 0x75, 0x93, 0xB5, 0x45, 0xDB, 0x93, 0xFE, 0x80, 0x00, 0x8F,
    0x18, 0x89, 0xC5, 0x27, 0xD9, 0x9C, 0x92, 0x32, 0x0A, 0x7C, 0x60, 0x55, 0x48, 0xC7, 0x76, 0xDE,
    0xE9, 0x6C, 0xFF, 0xCD, 0x27, 0x7C, 0x62, 0x9A, 0x67, 0x63, 0xA5, 0xEB, 0x3D, 0x73, 0xD3, 0xD0,
    0x6B, 0x63, 0x60, 0x00, 0x09, 0xEE, 0x9A, 0x58, 0xC7, 0x30, 0xC1, 0xD9, 0x8D, 0x73, 0xF9, 0x32,
    0x3F, 0x8F, 0xA5, 0xA9, 0x65, 0x92, 0x33, 0x79, 0x12, 0x12, 0xE8, 0x60, 0x00, 0x05, 0x66, 0xDE,
    0x1A, 0xDA, 0xD0, 0xB8, 0xE0, 0x51, 0x7C, 0xFD, 0xB3, 0x03, 0xA4, 0x09, 0x96, 0x9B, 0x89, 0x61,
    0xDC, 0x0A, 0x6F, 0x2A, 0x6B, 0xB4, 0x08, 0xD9, 0xF6, 0x94, 0x30, 0x00, 0x05, 0x88, 0x17, 0xA5,
    0xB0, 0xC9, 0x41, 0x75, 0x4A, 0xB2, 0xB7, 0x76, 0x32, 0xA0, 0x3D, 0x10, 0x76, 0x51, 0xF5, 0xE1,
    0xD3, 0x2C, 0xB2, 0xAC, 0x9C, 0x09, 0xC9, 0x89, 0xA9, 0x60, 0x00, 0x06, 0x02, 0xE3, 0x58, 0xB9,
    0xE4, 0x27, 0xD3, 0xEC, 0xC3, 0xBE, 0x74, 0x24, 0x52, 0x7F, 0x0F, 0x16, 0xCC, 0x28, 0x5F, 0x30,
    0x38, 0xB4, 0xFA, 0xD4, 0xD0, 0x9E, 0x49, 0x39, 0x0B, 0x63, 0x86, 0x83, 0xA6, 0x4C, 0x30, 0x66,
    0xEB, 0x10, 0x40, 0x6A, 0x71, 0x0D, 0x2D, 0x13, 0x90, 0x00, 0x1C, 0xF9, 0x4E, 0xFC, 0xE1, 0x28,
    0xB2, 0xAC, 0x80, 0xE4, 0xCE, 0x0B, 0x3D, 0xCF, 0x38, 0x25, 0x33, 0x49, 0xC5, 0xF6, 0x48, 0xB2,
    0x24, 0x2E, 0xDD, 0xAB, 0xA5, 0x48, 0x16, 0xBB, 0xDC, 0x11, 0xBD, 0x44, 0xD7, 0xEE, 0xC0, 0x00,
    0x05, 0xB6, 0x15, 0x17, 0x95, 0x45, 0x11, 0x02, 0x8D, 0x39, 0x54, 0x7E, 0xC6, 0xC4, 0x0A, 0x77,
    0x98, 0x03, 0x67, 0xE9, 0x14, 0x68, 0xFD, 0x31, 0x6E, 0xB2, 0x4F, 0x23, 0xD5, 0x19, 0xE0, 0x00,
    0x1C, 0xA5, 0x88, 0x11, 0x28, 0x74, 0xE0, 0x8E, 0x90, 0x82, 0x7D, 0xA7, 0xE3, 0x59, 0xAF, 0x1A,
    0x53, 0xF9, 0x43, 0xC0, 0x88, 0x4B, 0x50, 0xD8, 0x6E, 0x3E, 0xF0, 0x00, 0x82, 0xE0, 0x3F, 0x39,
    0xF0, 0x1C, 0x5B, 0xBD, 0xF8, 0x2C, 0x98, 0x29, 0x16, 0x3D, 0xD4, 0x85, 0x3B, 0x16, 0x00, 0x23,
    0xFE, 0x3B, 0x32, 0xAF, 0x68, 0x57, 0x4C, 0xAC, 0x1D, 0x44, 0x80, 0x00, 0x82, 0xE9, 0x3B, 0xDF,
    0x49, 0xFE, 0x48, 0x5E, 0x13, 0xF2, 0xBA, 0xA0, 0x22, 0x44, 0xB8, 0xA5, 0xFD, 0xF6, 0x00, 0x33,
    0xD9, 0x16, 0x53, 0xF1, 0x5D, 0x3C, 0xB3, 0x0C, 0x15, 0xE6, 0x7F, 0xAC, 0x3A, 0x00, 0xE3, 0x00,
    0x05, 0x17, 0x2E, 0xFE, 0x70, 0x00, 0x02, 0x4F, 0x80, 0x1A, 0x76, 0x60, 0x00, 0x25, 0xA0, 0x2E,
    0xDB, 0xA6, 0x8C, 0x83, 0xAC, 0x9C, 0x1A, 0x47, 0x5F, 0xFF, 0x77, 0x0F, 0xBF, 0xF9, 0x73, 0x8B,
    0x82, 0x90, 0x48, 0xF0, 0x7B, 0xF3, 0xC6, 0x42, 0x16, 0xDF, 0x80, 0x00, 0x74, 0x95, 0xCA, 0xB6,
    0x46, 0x05, 0xD2, 0xA4, 0xFC, 0xC2, 0x98, 0xA1, 0xE8, 0xD7, 0xFD, 0x51, 0x8C, 0xE8, 0xE6, 0x80,
    0x7D, 0x5D, 0x99, 0x5F, 0xAE, 0x8D, 0xEC, 0x07, 0xCB, 0xAA, 0xAD, 0x4E, 0x8D, 0x65, 0x00, 0x2B,
    0x88, 0x79, 0x84, 0xE4, 0x7D, 0x56, 0x6D, 0xDE, 0x15, 0xCA, 0x1F, 0x42, 0x20, 0xCC, 0x19, 0x24,
    0xCD, 0x5C, 0xC6, 0x80, 0x80, 0x43, 0x00, 0xA4, 0x0E, 0xA8, 0x8B, 0x48, 0xA7, 0x23, 0xEE, 0x90,
    0x70, 0x77, 0x0D, 0xCF, 0x4B, 0xD8, 0x87, 0x45, 0x00, 0x5A, 0x68, 0x07, 0xAC, 0x2F, 0x25, 0xF3,
    0x60, 0xEF, 0x7F, 0xC0, 0x00, 0x72, 0x33, 0x8D, 0xC9, 0x54, 0x62, 0x33, 0x34, 0x50, 0x62, 0x1A,
    0xC0, 0xD1, 0xC1, 0x0B, 0x6B, 0xA8, 0xD1, 0xD3, 0x22, 0x2D, 0xDD, 0xF5, 0xB1, 0x97, 0x2A, 0x85,
    0x66, 0x58, 0xF7, 0xA0, 0x00, 0x78, 0x0D, 0xE0, 0xBB, 0xEB, 0x6F, 0x00, 0x87, 0x9D, 0x2C, 0xC3,
    0x2E, 0xAA, 0x39, 0xFF, 0xA9, 0x46, 0x1C, 0x02, 0xF8, 0x79, 0x25, 0x61, 0xAB, 0x61, 0x3F, 0x5C,
    0x97, 0xE6, 0x53, 0x9F, 0x8D, 0xB8, 0x1C, 0x48, 0x70, 0x42, 0x63, 0x63, 0xF8, 0x98, 0xB5, 0x0D,
    0x00, 0x82, 0x25, 0x37, 0x83, 0x82, 0x65, 0xFF, 0x37, 0x79, 0x21, 0xA7, 0x12, 0xA7, 0x36, 0xF2,
    0x89, 0xE4, 0x3B, 0xC7, 0x4A, 0xA1, 0xCB, 0x8A, 0x52, 0xA2, 0x2F, 0x2C, 0x16, 0x29, 0x57, 0x56,
    0xCE, 0x80, 0x00, 0x2D, 0x35, 0x8D, 0xE1, 0xE7, 0x82, 0x85, 0xEF, 0xA1, 0x7F, 0x51, 0x13, 0xBF,
    0x40, 0xBB, 0xBC, 0xDF, 0x52, 0xDB, 0x60, 0x00, 0x5F, 0xFB, 0x17, 0xD6, 0x59, 0x94, 0xA4, 0xF0,
    0x99, 0x07, 0x88, 0xDA, 0xF2, 0x1C, 0xA5, 0x1E, 0xB1, 0x50, 0x75, 0x6F, 0x16, 0x00, 0x82, 0x25,
    0x37, 0x83, 0x82, 0x1B, 0x02, 0x29, 0x16, 0x1B, 0x0E, 0x45, 0x8D, 0xE3, 0x22, 0x7E, 0x41, 0xA6,
    0x8B, 0xFE, 0xD3, 0xD8, 0x29, 0x1B, 0x27, 0x9B, 0xD5, 0x70, 0xE8, 0x6B, 0xF7, 0x16, 0x04, 0x00,
    0x44, 0xE0, 0x9E, 0x68, 0x0C, 0x77, 0xFF, 0x69, 0xC2, 0x8A, 0xD4, 0xAC, 0xF2, 0x5F, 0x61, 0xC4,
    0xB8, 0x00, 0x9E, 0x60, 0x6E, 0xAE, 0x87, 0xA5, 0x84, 0x6A, 0x26, 0x26, 0x2F, 0xA5, 0xBB, 0xA0,
    0x0D, 0xB4, 0xAA, 0x5A, 0x2C, 0x2F, 0x7F, 0x5D, 0xB7, 0xCA, 0x88, 0x33, 0xEE, 0x80, 0xF3, 0x58,
    0xA9, 0x8B, 0xC4, 0x8E, 0x75, 0xBD, 0x08, 0xA6, 0xD7, 0x10, 0x00, 0x06, 0x84, 0xBF, 0x7F, 0xBA,
    0x18, 0xFE, 0xD6, 0x3E, 0x23, 0xD5, 0x09, 0xF0, 0x02, 0xFF, 0xF9, 0x87, 0x17, 0xA0, 0x95, 0xFA,
    0xF7, 0xF8, 0x0A, 0xBD, 0x07, 0x2B, 0x00, 0x2B, 0x89, 0x95, 0x56, 0xEE, 0x0A, 0xEA, 0xF7, 0xCB,
    0x0B, 0xD5, 0xC4, 0x8B, 0x70, 0x47, 0x38, 0x42, 0xFE, 0x54, 0x32, 0x35, 0xF4, 0xA6, 0x00, 0x0A,
    0xE9, 0x91, 0xD0, 0x11, 0x13, 0xCB, 0xD7, 0x25, 0x93, 0x28, 0xCB, 0xC7, 0xAF, 0x73, 0x80, 0xF2,
    0xD1, 0xC0, 0xDA, 0x5A, 0x5E, 0x22, 0x0E, 0xB8, 0xA9, 0xBC, 0xFC, 0x73, 0xF8, 0x72, 0xE9, 0xBB,
    0x00, 0x25, 0x13, 0x5B, 0x83, 0x6B, 0x49, 0xB6, 0x85, 0x43, 0x76, 0xEB, 0x57, 0xC4, 0xC2, 0x2A,
    0xAB, 0x74, 0xAB, 0xBE, 0x2A, 0x5F, 0x69, 0x70, 0x27, 0xEA, 0x28, 0x95, 0xA9, 0xEF, 0x13, 0x9B,
    0xBF, 0x00, 0x06, 0x5E, 0x2D, 0xB5, 0x26, 0xC3, 0xA0, 0x9E, 0xBD, 0x00, 0xF0, 0x4D, 0x37, 0x65,
    0x57, 0x46, 0xB1, 0x7B, 0xFF, 0x00, 0x20, 0x24, 0xDC, 0x81, 0x55, 0x05, 0xBA, 0x56, 0xFC, 0x62,
    0xBD, 0x91, 0x21, 0x8F, 0x60, 0xA3, 0x3D, 0x10, 0x6B, 0xE3, 0x63, 0x11, 0xE4, 0xE1, 0x8D, 0xC0,
    0x00, 0x7A, 0x28, 0x41, 0xB5, 0xCA, 0x62, 0x59, 0x33, 0x71, 0x5B, 0xB6, 0xC4, 0xC4, 0x17, 0xD4,
    0xFC, 0x9B, 0x1E, 0x07, 0x10, 0x87, 0x50, 0x00, 0x2E, 0xB5, 0x92, 0xC9, 0x38, 0x2E, 0x98, 0x7F,
    0xEF, 0x97, 0x86, 0xD9, 0x69, 0x3D, 0xD5, 0x48, 0xAA, 0x88, 0xB8, 0x0F, 0x3D, 0x40, 0x00, 0x06,
    0x8F, 0x7A, 0xC8, 0xBC, 0xBC, 0xC5, 0x20, 0x19, 0x2A, 0xDA, 0xB1, 0xA0, 0x7F, 0xFD, 0x87, 0x5A,
    0xF7, 0x13, 0x7E, 0xE8, 0x00, 0x01, 0xF9, 0x9F, 0xFC, 0x55, 0xC9, 0xEE, 0xD7, 0x70, 0x3C, 0xD9,
    0x59, 0xBF, 0xD6, 0x50, 0xB1, 0xC6, 0x94, 0x71, 0x1F, 0xD8, 0x25, 0x40, 0x3D, 0xA8, 0x15, 0x5F,
    0xBD, 0xB7, 0x2A, 0xE9, 0xC4, 0x37, 0x55, 0xC8, 0x00, 0x0F, 0xEF, 0x4C, 0x96, 0xA9, 0x84, 0x46,
    0x5E, 0xEF, 0xD5, 0x7D, 0xA3, 0xF4, 0x22, 0x22, 0x2D, 0x1A, 0xE9, 0xDC, 0xCC, 0x3F, 0xFA, 0xAA,
    0x8D, 0xC0, 0x00, 0x19, 0x3D, 0xEF, 0x1D, 0x18, 0x59, 0x7C, 0x7E, 0xB3, 0xAB, 0x31, 0x05, 0x3D,
    0x21, 0x0E, 0x90, 0x6A, 0xB8, 0xF7, 0xF6, 0x84, 0x74, 0x6E, 0x87, 0x7D, 0xFC, 0x39, 0x30, 0xFA,
    0x00, 0x0E, 0xC0, 0x5A, 0x14, 0x39, 0x47, 0x26, 0x7A, 0x5D, 0x33, 0xF5, 0x61, 0x76, 0x7A, 0x39,
    0x51, 0x8A, 0xCC, 0x95, 0x57, 0xEA, 0x8C, 0x00, 0x89, 0x2F, 0xB7, 0x59, 0x40, 0x60, 0x89, 0x68,
    0xAC, 0x12, 0xE0, 0x02, 0xA7, 0xC2, 0x03, 0x49, 0x4F, 0x91, 0xFA, 0xCA, 0xF3, 0x1D, 0x09, 0xA0,
    0x00, 0x21, 0x3B, 0xAF, 0xA2, 0xDC, 0xD6, 0x00, 0x7D, 0x51, 0xA9, 0xC6, 0x7B, 0x29, 0x0D, 0x79,
    0xC4, 0xF5, 0x09, 0x4B, 0xBB, 0x63, 0xDA, 0xA2, 0x46, 0xB4, 0xC3, 0x5B, 0x8E, 0x7F, 0x5A, 0xCC,
    0x00, 0x68, 0x99, 0xAD, 0xC8, 0x78, 0xC8, 0x31, 0xF4, 0xC9, 0x47, 0x2C, 0x8E, 0x6D, 0x20, 0x00,
    0x29, 0x4D, 0x2A, 0xE6, 0x52, 0x9F, 0xD2, 0x4D, 0x9B, 0xD4, 0x66, 0x78, 0x9D, 0xC0, 0x51, 0x00,
    0x59, 0x95, 0x93, 0x3D, 0x84, 0x97, 0x78, 0x8E, 0xB2, 0xF7, 0x03, 0x30, 0x97, 0xDC, 0xBE, 0x7D,
    0xA9, 0xED, 0x03, 0x1F, 0xD6, 0xB4, 0x2A, 0x8E, 0x12, 0x1C, 0xF9, 0xD0, 0x04, 0x4A, 0x00, 0x9A,
    0x15, 0x59, 0x3C, 0x71, 0xCB, 0x52, 0x84, 0xBF, 0xF7, 0x24, 0x3B, 0x96, 0x43, 0x70, 0xAB, 0xE6,
    0xC7, 0xEB, 0xAE, 0x16, 0xE9, 0xE4, 0x60, 0x44, 0x0D, 0x61, 0x80, 0xA5, 0xC1, 0xCD, 0x4D, 0x03,
    0x6C, 0x20, 0x00, 0x09, 0xB5, 0x14, 0x1C, 0xFE, 0x2A, 0x0F, 0x67, 0x24, 0x2C, 0x70, 0xAC, 0x75,
    0xCF, 0x96, 0x8A, 0xE9, 0xCA, 0x4C, 0x8A, 0xD7, 0xFF, 0x6F, 0x77, 0x63, 0x83, 0x0C, 0x00, 0x0A,
    0xA8, 0x5D, 0xEF, 0x4C, 0x30, 0xFA, 0x75, 0x4A, 0xC4, 0xF6, 0x2F, 0x47, 0x3A, 0x68, 0x45, 0x65,
    0xC3, 0x78, 0x78, 0xF7, 0x43, 0x66, 0xBD, 0xA5, 0x17, 0xCC, 0x10, 0xF4, 0x7D, 0x42, 0xBF, 0x04,
    0xF9, 0xDF, 0x7E, 0xDC, 0x05, 0x8A, 0x80, 0x00, 0x21, 0x3B, 0xB7, 0x34, 0x25, 0x67, 0x6E, 0x42,
    0xF0, 0x00, 0x8A, 0x8E, 0x35, 0x07, 0x3C, 0x53, 0x4A, 0x81, 0xBB, 0xBF, 0xC7, 0x50, 0x7D, 0x5B,
    0x77, 0x5C, 0x1A, 0x40, 0x6E, 0x90, 0x2C, 0xBE, 0x60, 0xFB, 0x69, 0x87, 0xCD, 0x7F, 0x3A, 0x01,
    0x9E, 0xBA, 0x5E, 0x23, 0x83, 0x43, 0xEE, 0x1C, 0x45, 0x10, 0xC0, 0x00, 0x55, 0x17, 0x1B, 0xBB,
    0x00, 0xFA, 0x3E, 0xB0, 0x00, 0x9F, 0xB5, 0x51, 0x19, 0x5C, 0xD1, 0xE0, 0xDD, 0xAD, 0x5D, 0x5E,
    0xF6, 0x14, 0xD8, 0x78, 0xA3, 0x25, 0x30, 0xA7, 0x5E, 0x28, 0x5E, 0xF6, 0x03, 0xCA, 0x12, 0x0D,
    0x9E, 0x5A, 0xBB, 0xE7, 0x4A, 0xF2, 0x34, 0x84, 0xCB, 0xF6, 0xE7, 0x99, 0xC4, 0x6C, 0x3F, 0x41,
    0xFD, 0xC4, 0xB0, 0x85, 0xD7, 0x9D, 0xBF, 0xA0, 0x00, 0x1B, 0x93, 0x06, 0xFF, 0x6A, 0x60, 0x51,
    0x8F, 0xD4, 0x61, 0x4E, 0x2E, 0x20, 0x8C, 0x29, 0xED, 0x97, 0x22, 0xEB, 0x80, 0x00, 0x30, 0x9C,
    0xE9, 0x67, 0x88, 0x67, 0xE3, 0xA7, 0xA1, 0x61, 0x99, 0xA2, 0x4F, 0x61, 0xCA, 0xB8, 0xCA, 0xE3,
    0x78, 0x46, 0x80, 0x00, 0x05, 0x20, 0x4B, 0x69, 0x96, 0x0C, 0xFE, 0x40, 0x87, 0x0F, 0x00, 0x5E,
    0x87, 0x6A, 0x00, 0xA1, 0xDB, 0xD4, 0xEF, 0x69, 0x51, 0xEC, 0x6C, 0x28, 0xE5, 0x74, 0xF2, 0x8A,
    0x3E, 0x36, 0x68, 0xB6, 0x43, 0x76, 0x69, 0x15, 0x17, 0x5E, 0xF4, 0xED, 0x30, 0x10, 0xBB, 0x26,
    0x89, 0xBB, 0x83, 0x89, 0x86, 0xBF, 0x66, 0x32, 0xBD, 0x21, 0x3D, 0x69, 0xC0, 0x00, 0x05, 0x09,
    0x76, 0xE8, 0x00, 0x52, 0x0E, 0x0D, 0x8E, 0x65, 0xEF, 0xD8, 0xC9, 0xE3, 0x5D, 0x3A, 0x2E, 0x87,
    0x0D, 0x00, 0x84, 0x1A, 0x04, 0x31, 0x48, 0xC9, 0xFD, 0x88, 0x00, 0x68, 0x35, 0xDA, 0x66, 0x78,
    0x9F, 0x06, 0x05, 0x46, 0x72, 0x73, 0xD6, 0xF0, 0x4F, 0x8E, 0xBC, 0x4C, 0xE7, 0xFB, 0xB7, 0x6D,
    0xC0, 0x00, 0x68, 0x35, 0xE6, 0x4B, 0x16, 0xD7, 0x1C, 0x4D, 0xFE, 0xFB, 0x7F, 0xBB, 0x49, 0x34,
    0xE6, 0x82, 0xFF, 0xCA, 0x8D, 0xBE, 0xF6, 0x00, 0x1D, 0xCA, 0xEC, 0xB8, 0x4F, 0x10, 0x00, 0x19,
    0x9B, 0xF1, 0xC0, 0x13, 0x97, 0x92, 0x83, 0xC4, 0xB7, 0xF8, 0xDF, 0xCD, 0x47, 0x23, 0x69, 0x03,
    0x92, 0x0F, 0xA2, 0x8D, 0x10, 0x63, 0xDF, 0x6F, 0x1D, 0x9E, 0xE3, 0x7F, 0x16, 0xD1, 0x81, 0x10,
    0xAC, 0x00, 0x74, 0x09, 0xFF, 0xB9, 0x4C, 0x0C, 0x4B, 0xEF, 0xBE, 0xD7, 0x6D, 0x9B, 0x93, 0x50,
    0xDE, 0x40, 0x6C, 0x31, 0x56, 0x46, 0xCC, 0x02, 0x51, 0xEB, 0x9C, 0x5A, 0x00, 0x07, 0x22, 0xE6,
    0x4D, 0x4C, 0x00, 0x30, 0xDF, 0xBA, 0x05, 0xB5, 0x59, 0xF8, 0x60, 0xEA, 0x00, 0x31, 0xAB, 0xBD,
    0x31, 0xC7, 0xEB, 0xC0, 0x83, 0x26, 0xB5, 0xE2, 0x14, 0x48, 0x1F, 0x40, 0x00, 0x1C, 0x3E, 0xC2,
    0xA3, 0x55, 0xE2, 0x79, 0x75, 0x40, 0x37, 0xA4, 0x6A, 0x04, 0x36, 0x00, 0x11, 0x7E, 0x0F, 0xD0,
    0xED, 0x98, 0xE8, 0x58, 0xE3, 0x29, 0x78, 0xE0, 0x6B, 0xE4, 0x2E, 0x13, 0xF0, 0x1E, 0x27, 0x54,
    0x00, 0x1A, 0x36, 0x21, 0x32, 0x5F, 0x6E, 0x8A, 0x2C, 0x2C, 0x17, 0x1A, 0xEA, 0xFE, 0x43, 0x01,
    0x39, 0xE7, 0xD9, 0xC3, 0xD2, 0xAF, 0x65, 0x0E, 0x37, 0xC3, 0x70, 0xF2, 0xF9, 0x06, 0x1C, 0xD3,
    0xD2, 0x53, 0x9D, 0x25, 0xDA, 0xB4, 0xED, 0xB0, 0xAB, 0x6E, 0xCD, 0xD6, 0x59, 0xAD, 0xD2, 0xA1,
    0xF6, 0xA6, 0x1E, 0x88, 0x40, 0x00, 0x1A, 0x31, 0xDC, 0xCC, 0x04, 0x87, 0xC4, 0xAA, 0x57, 0x48,
    0x57, 0x8B, 0x48, 0x53, 0xBB, 0x35, 0xD7, 0x23, 0x85, 0x4A, 0xBF, 0x06, 0x65, 0xF5, 0xD2, 0x13,
    0x54, 0xC7, 0xA0, 0x89, 0x27, 0xFF, 0x8E, 0xDE, 0x32, 0x1F, 0xCE, 0xB3, 0xA7, 0xC6, 0x1A, 0x53,
    0x4E, 0x8B, 0xA3, 0x21, 0x06, 0x3E, 0x65, 0x90, 0x28, 0x6B, 0x48, 0x00, 0x98, 0x02, 0xDA, 0xF6,
    0xA0, 0xB9, 0x03, 0xAF, 0x27, 0x9E, 0xAB, 0x3D, 0x4C, 0x44, 0xF9, 0xAB, 0xC6, 0x57, 0x87, 0x4E,
    0x55, 0xA7, 0xE8, 0x0F, 0xE3, 0x12, 0x3E, 0x88, 0x43, 0x89, 0x11, 0x9A, 0x13, 0xCE, 0x17, 0x97,
    0xBF, 0xD0, 0x63, 0x25, 0x8B, 0x68, 0x23, 0x2C, 0xC2, 0x29, 0xAB, 0xDA, 0x45, 0x85, 0x95, 0xD0,
    0x43, 0xDF, 0xF6, 0x10, 0x40, 0x00, 0x42, 0x23, 0x72, 0x4A, 0xC5, 0xC4, 0xF7, 0x39, 0xDD, 0xAC,
    0xAF, 0x37, 0x97, 0x28, 0xB3, 0x0E, 0x16, 0xB4, 0xAE, 0xAB, 0xDE, 0x6B, 0x4B, 0xB7, 0xC0, 0x80,
    0x23, 0x00, 0x5D, 0x07, 0xC6, 0x03, 0xB8, 0x3E, 0x9C, 0xF2, 0x42, 0xFE, 0x76, 0xFC, 0x80, 0x23,
    0x00, 0x85, 0x5F, 0x7B, 0xAB, 0xDB, 0x8A, 0x8B, 0x2B, 0x2D, 0x0B, 0xF8, 0x55, 0xEA, 0x80, 0x23,
    0x00, 0x72, 0xC0, 0xE7, 0xAB, 0x3A, 0xC4, 0xB4, 0x35, 0xE8, 0x59, 0x61, 0xCD, 0x15, 0x9D, 0xA0,
    0x80, 0x23, 0x00, 0x70, 0x49, 0x09, 0xBA, 0x38, 0x5E, 0x55, 0xC5, 0xF3, 0x00, 0x30, 0xD5, 0x46,
    0x4E, 0xF6, 0x5F, 0x4F, 0x08, 0x80, 0x23, 0x00, 0xB2, 0xCF, 0x83, 0xE9, 0xCE, 0x73, 0x33, 0xFE,
    0x5B, 0x72, 0x04, 0xE9, 0x52, 0xE9, 0x10, 0x82, 0x23, 0x00, 0x6D, 0xDF, 0xB0, 0x09, 0xA4, 0xF2,
    0xC4, 0x19, 0x7E, 0xC3, 0x2B, 0xAE, 0xD6, 0xED, 0x9A, 0x04, 0x00, 0x5F, 0x3A, 0xEA, 0xB1, 0xBC,
    0x6F, 0xA4, 0x95, 0x0E, 0xEC, 0x13, 0x28, 0x93, 0xA6, 0x27, 0xDB, 0xF5, 0x7C, 0x05, 0x3D, 0x34,
    0xB7, 0xF1, 0x63, 0x3E, 0xB3, 0x31, 0x8F, 0x6C, 0x75, 0x5E, 0x6C, 0x81, 0xDA, 0x9E, 0xEE, 0xEF,
    0x4D, 0xE2, 0x00, 0xBC, 0xCE, 0x90, 0xD6, 0x41, 0x59, 0x9D, 0x87, 0x25, 0x00, 0xA3, 0x0A, 0xD6,
    0x99, 0x8C, 0x31, 0x2E, 0xF4, 0xBD, 0x7B, 0x5B, 0x48, 0xF8, 0x27, 0xAC, 0x7E, 0x80, 0x27, 0x00,
    0x42, 0x22, 0x85, 0xF5, 0x63, 0xCF, 0x10, 0x41, 0x79, 0x61, 0xE2, 0x80, 0x27, 0x00, 0x72, 0x3A,
    0x1B, 0x6D, 0x52, 0x72, 0xCE, 0xA0, 0x7F, 0xEB, 0xC1, 0x60, 0x80, 0x27, 0x00, 0x63, 0x71, 0xE9,
    0xBE, 0x3C, 0x75, 0x88, 0x9C, 0xC6, 0x5A, 0xFD, 0x04, 0x7B, 0x54, 0x80, 0x27, 0x00, 0xA1, 0x47,
    0xB2, 0x84, 0x70, 0x14, 0x4B, 0x66, 0x14, 0x93, 0xB5, 0x83, 0xC3, 0x04, 0x80, 0x2B, 0x00, 0x25,
    0x1B, 0xDA, 0xA3, 0x2F, 0x20, 0xDE, 0x57, 0x24, 0x30, 0x00, 0x5F, 0xBD, 0x47, 0xEC, 0xD8, 0x25,
    0x33, 0xC6, 0xEF, 0x31, 0x61, 0x72, 0xF0, 0x9B, 0x24, 0x6B, 0x7E, 0x60, 0x00, 0x6E, 0xB6, 0x48,
    0xE8, 0x6C, 0x00, 0x4B, 0x66, 0x7D, 0x88, 0x77, 0xFD, 0x5A, 0xEB, 0x62, 0xDB, 0x4F, 0xED, 0xC5,
    0xEF, 0x6E, 0xC2, 0x09, 0x76, 0x79, 0xDC, 0x26, 0x23, 0xBC, 0x28, 0xE4, 0x82, 0x80, 0x87, 0x8F,
    0x00, 0xEC, 0xB4, 0xCA, 0x41, 0xDF, 0x1E, 0x2D, 0x42, 0xBF, 0xC0, 0xE4, 0xEC, 0x22, 0x87, 0x26,
    0x00, 0x53, 0xB9, 0xD8, 0xA6, 0xED, 0xB8, 0x8F, 0xD2, 0x30, 0x56, 0xFE, 0x20, 0x80, 0x30, 0x00,
    0x6B, 0xBC, 0x0B, 0x65, 0x67, 0xC4, 0xA2, 0xF3, 0xCD, 0xD8, 0xFF, 0x35, 0x58, 0x4F, 0xEF, 0xE6,
    0x28, 0xF8, 0x76, 0xD9, 0x27, 0x7C, 0x81, 0x31, 0x00, 0x43, 0x5E, 0xF3, 0xD9, 0x7C, 0xFB, 0x8D,
    0xB3, 0xF1, 0x17, 0x0A, 0x60, 0x81, 0x31, 0x00, 0x72, 0x6A, 0x5E, 0xFB, 0xDF, 0x90, 0x61, 0x5E,
    0x43, 0xB7, 0xBF, 0xF8, 0x81, 0x31, 0x00, 0x5C, 0xC1, 0x49, 0xEC, 0xA1, 0xD0, 0xB9, 0xEE, 0xD7,
    0xB0, 0xEB, 0x85, 0x9A, 0x60, 0x87, 0x93, 0x00, 0xD7, 0xDD, 0xA1, 0xE2, 0x80, 0x2B, 0xA4, 0xB8,
    0x24, 0xAE, 0x5E, 0x1E, 0x25, 0xFF, 0xEB, 0x8F, 0xC0, 0x87, 0x95, 0x00, 0xF4, 0x11, 0xEC, 0x44,
    0x6E, 0x3F, 0xFB, 0x27, 0x9D, 0xCF, 0xFE, 0x59, 0xC2, 0xF4, 0x40, 0x00, 0x5B, 0xBB, 0x5B, 0x08,
    0xE8, 0x33, 0x99, 0xE2, 0x6B, 0x36, 0x58, 0x3B, 0x9E, 0x7E, 0x12, 0xD0, 0xDD, 0xCD, 0x8A, 0x8D,
    0xCC, 0x86, 0x31, 0x00, 0xBB, 0x1A, 0x5B, 0xBC, 0x80, 0xF7, 0xCD, 0x76, 0xD1, 0xA7, 0xF2, 0x09,
    0x7E, 0xE8, 0x20, 0x63, 0x3D, 0xE7, 0xC8, 0x9A, 0x8B, 0x20, 0x80, 0x37, 0x00, 0x38, 0x33, 0x71,
    0x4E, 0x85, 0x4C, 0x47, 0xFC, 0xF8, 0x3E, 0x15, 0xB2, 0x80, 0x80, 0x80, 0x37, 0x00, 0x72, 0xE6,
    0x9C, 0x00, 0xF8, 0x6B, 0xA0, 0x4F, 0x35, 0x37, 0x85, 0x0C, 0x84, 0x90, 0x80, 0x37, 0x00, 0x5C,
    0xCC, 0xC0, 0xEC, 0xD0, 0x2E, 0xFF, 0x92, 0x5B, 0xED, 0xC7, 0x40, 0xFB, 0x56, 0xC8, 0xBA, 0x80,
    0x80, 0x37, 0x00, 0xA6, 0x05, 0x3A, 0x88, 0x9B, 0x1A, 0x28, 0x91, 0xDF, 0xA7, 0xAE, 0x7E, 0x8B,
    0xA3, 0xF7, 0xA5, 0x80, 0x3B, 0x00, 0x63, 0x0B, 0xAD, 0xAC, 0xB7, 0xC0, 0x97, 0x8D, 0x54, 0x88,
    0x5C, 0xE3, 0x45, 0x0C, 0x87, 0x2E, 0x00, 0x72, 0xB8, 0x02, 0xB4, 0xD4, 0xE2, 0xEF, 0xCF, 0x2D,
    0xE4, 0xC1, 0xD1, 0x64, 0x05, 0xE4, 0x73, 0x44, 0x1C, 0x3A, 0x18, 0x8A, 0xF0, 0x60, 0x00, 0x75,
    0x64, 0x4F, 0x3F, 0x0A, 0xB2, 0x10, 0xD5, 0xD5, 0x94, 0xFC, 0x6C, 0xD6, 0xBA, 0x80, 0xF0, 0x23,
    0x3C, 0x43, 0xC3, 0xCE, 0xAD, 0xF9, 0xC6, 0xBD, 0x61, 0x9D, 0xD2, 0x60, 0x29, 0xCD, 0x84, 0xED,
    0x91, 0xC9, 0x0F, 0x0E, 0xC0, 0xF8, 0xFE, 0xE7, 0x70, 0x51, 0x0D, 0x09, 0xAF, 0xDF, 0x6D, 0x7D,
    0xC0, 0x70, 0x80, 0x43, 0x00, 0x1E, 0x0B, 0xCB, 0x0D, 0xCE, 0x00, 0xA5, 0x27, 0x02, 0xE7, 0x43,
    0x5C, 0x80, 0x80, 0x43, 0x00, 0x5F, 0xF1, 0x81, 0x02, 0xC0, 0xFE, 0xB8, 0x82, 0x2B, 0xFD, 0x6F,
    0x95, 0x80, 0x80, 0x43, 0x00, 0x48, 0xF5, 0xFA, 0x9F, 0x0C, 0x8B, 0xF9, 0xF4, 0x4F, 0x4E, 0x54,
    0x8D, 0xD1, 0xD0, 0x87, 0xA1, 0x00, 0xE4, 0xF5, 0x5D, 0x00, 0x6D, 0xC9, 0x48, 0x10, 0x0B, 0x36,
    0x4E, 0xB2, 0xF3, 0x1B, 0xEF, 0xDA, 0x76, 0x80, 0x43, 0x00, 0x86, 0x47, 0xD2, 0x42, 0x0D, 0x8B,
    0xCD, 0xFA, 0x71, 0xE4, 0xAF, 0xEA, 0x43, 0x56, 0x60, 0x86, 0xA2, 0x00, 0x46, 0x9B, 0x97, 0x72,
    0x98, 0xFA, 0x44, 0x0E, 0x02, 0x0C, 0x19, 0x0B, 0x58, 0x2A, 0xF4, 0xA4, 0x30, 0x00, 0x1D, 0xBA,
    0x8E, 0x32, 0xA6, 0x4C, 0x8A, 0x1B, 0xB0, 0x9B, 0x8A, 0xF1, 0x68, 0x89, 0x78, 0x62, 0xB0, 0x9F,
    0x77, 0xB0, 0xC7, 0x16, 0x24, 0x2E, 0x12, 0x2F, 0x68, 0xA8, 0x87, 0x83, 0xEE, 0x96, 0xDE, 0x72,
    0xAD, 0x31, 0x91, 0xD6, 0x66, 0x65, 0x19, 0xEB, 0x87, 0x45, 0x00, 0x44, 0xE3, 0x22, 0x86, 0x01,
    0xD5, 0xAD, 0x01, 0xA6, 0xE9, 0xD9, 0x69, 0x43, 0x17, 0x80, 0x47, 0x00, 0x25, 0x1B, 0xDA, 0xA2,
    0xDC, 0x9E, 0xC2, 0x23, 0xFC, 0x0D, 0xE8, 0x60, 0x00, 0x5F, 0xBD, 0x47, 0xE6, 0xDD, 0xA7, 0x42,
    0x1D, 0x20, 0x55, 0x94, 0xCA, 0x2C, 0x21, 0x68, 0x40, 0x59, 0xDC, 0x24, 0xE2, 0xAF, 0x07, 0x43,
    0xB6, 0xBF, 0x25, 0x14, 0x13, 0xCF, 0x3F, 0x80, 0x80, 0x47, 0x00, 0x42, 0xDA, 0x06, 0xCF, 0x6E,
    0xA2, 0xFC, 0x5D, 0xF1, 0x8B, 0xF5, 0x08, 0x17, 0x80, 0x47, 0x00, 0x77, 0xD7, 0x05, 0x19, 0xD8,
    0xDF, 0x07, 0x9F, 0xBF, 0x65, 0x5B, 0x65, 0x35, 0xC0, 0x87, 0x4B, 0x00, 0x06, 0x29, 0x82, 0xA1,
    0x02, 0x98, 0x82, 0x74, 0x43, 0x7E, 0xEA, 0x40, 0x00, 0x3C, 0x8E, 0x16, 0x36, 0x60, 0x22, 0x38,
    0xF6, 0x16, 0xCA, 0x8D, 0x1F, 0x96, 0xE0, 0xF0, 0x33, 0xA8, 0x47, 0x02, 0x14, 0xD0, 0x00, 0x2A,
    0x05, 0x66, 0x73, 0xDA, 0xEA, 0x18, 0x35, 0xBF, 0x9D, 0x36, 0x67, 0x1D, 0xF1, 0x09, 0x8A, 0x53,
    0x5E, 0x75, 0x04, 0x2C, 0x19, 0xF0, 0x00, 0x55, 0x15, 0xA8, 0xDE, 0xDC, 0x6A, 0xD0, 0xC1, 0x21,
    0xA8, 0x1D, 0x37, 0xE2, 0xAC, 0x73, 0x30, 0xFA, 0x41, 0x4A, 0x61, 0x57, 0x1F, 0x80, 0x80, 0x51,
    0x00, 0x80, 0x70, 0xB9, 0x91, 0x63, 0x11, 0x02, 0x42, 0xF7, 0x2C, 0x95, 0xCA, 0x74, 0x5A, 0x02,
    0xD0, 0x48, 0xF9, 0xF0, 0x0D, 0xF4, 0xFC, 0xFE, 0x42, 0x46, 0x02, 0xED, 0x4A, 0x1E, 0x1D, 0x16,
    0x80, 0x50, 0x00, 0x42, 0xA1, 0x01, 0x9D, 0x8D, 0xAF, 0x58, 0xDA, 0xDA, 0x5E, 0xEC, 0xDE, 0x16,
    0x4C, 0x1E, 0xCB, 0x18, 0xB0, 0x80, 0x51, 0x00, 0x25, 0x1F, 0xFD, 0x54, 0xEB, 0x4F, 0xD5, 0x3E,
    0x48, 0x61, 0x90, 0x87, 0xAA, 0x00, 0x94, 0xDB, 0x41, 0xBC, 0xAA, 0xE3, 0xB1, 0x77, 0x23, 0xF3,
    0x98, 0x0B, 0x35, 0xE2, 0x76, 0x87, 0x46, 0xFB, 0x5C, 0x29, 0x06, 0x01, 0x80, 0x9D, 0xA7, 0x2C,
    0x3A, 0x80, 0x51, 0x00, 0x4B, 0x66, 0x7D, 0x88, 0x7A, 0xC5, 0x6C, 0xEB, 0x70, 0x11, 0x16, 0x3C,
    0xCC, 0x87, 0xB4, 0x00, 0x42, 0xEF, 0x36, 0x91, 0x8E, 0x54, 0x02, 0xF8, 0xDD, 0xB1, 0xD6, 0x07,
    0x84, 0x44, 0x7E, 0xD0, 0x50, 0x80, 0x51, 0x00, 0x80, 0x6C, 0xEE, 0x19, 0xBA, 0x1E, 0xD9, 0x1A,
    0xFB, 0x15, 0xCB, 0xBB, 0x6F, 0x00, 0x33, 0x34, 0x23, 0xF9, 0xF8, 0xD1, 0x32, 0x8C, 0x6F, 0x6F,
    0x20, 0x34, 0x6B, 0x50, 0x00, 0xB1, 0x4B, 0xAE, 0x17, 0x91, 0x10, 0x3E, 0x68, 0x8F, 0x39, 0x38,
    0x3B, 0x8E, 0xF8, 0x30, 0x2C, 0xB9, 0xB9, 0x2E, 0x24, 0xC6, 0x06, 0xE3, 0x0A, 0xBD, 0x9A, 0xA1,
    0xA1, 0x71, 0xD9, 0xD6, 0x3B, 0x0E, 0xD5, 0x0B, 0xFA, 0x80, 0x57, 0x00, 0x29, 0x99, 0x28, 0x49,
    0x6F, 0x59, 0xB3, 0xB4, 0xEE, 0xA9, 0x1B, 0x14, 0x40, 0x80, 0x57, 0x00, 0x5F, 0x55, 0xF5, 0x41,
    0x4E, 0x49, 0x60, 0xED, 0xCF, 0x34, 0xFE, 0xDA, 0x44, 0x80, 0x57, 0x00, 0x52, 0x26, 0x00, 0x8C,
    0xD0, 0x85, 0x25, 0x8F, 0x62, 0x2A, 0x2A, 0x8A, 0xF8, 0x4F, 0xB4, 0x80, 0x57, 0x00, 0x91, 0x50,
    0x7E, 0x5D, 0x45, 0x00, 0xDC, 0x3E, 0xFC, 0xBA, 0xC0, 0x9E, 0x30, 0x40, 0x15, 0x80, 0x80, 0x5B,
    0x00, 0x79, 0x51, 0x55, 0xA2, 0x56, 0x2C, 0x2F, 0xF8, 0x65, 0x5E, 0x62, 0x08, 0xF1, 0x84, 0x40,
    0x80, 0x52, 0x00, 0x7E, 0x11, 0xB7, 0x5F, 0x9C, 0xEF, 0x77, 0x8F, 0x87, 0xFB, 0xE5, 0x4D, 0x6C,
    0x40, 0x9A, 0x28, 0x80, 0x5B, 0x00, 0xA6, 0x03, 0xAE, 0x4A, 0x76, 0x9A, 0x1E, 0xF5, 0x93, 0x0D,
    0x56, 0x37, 0xC1, 0x7A, 0xDF, 0xAA, 0xC0, 0x8A, 0x85, 0x00, 0x77, 0xCE, 0xF1, 0x15, 0xC8, 0x2C,
    0xBB, 0x37, 0x0F, 0x51, 0xC0, 0x8A, 0xA3, 0x00, 0x26, 0x12, 0xF7, 0xF6, 0x9F, 0xAB, 0x2C, 0x0D,
    0x29, 0x98, 0x60, 0x80, 0x23, 0x00, 0x68, 0x9A, 0x3B, 0x18, 0x39, 0x8E, 0xCB, 0x6B, 0x2D, 0xD4,
    0xF4, 0x60, 0x88, 0x0F, 0x03, 0xC0, 0x80, 0x43, 0x00, 0x2E, 0x27, 0xA2, 0x6A, 0x64, 0x3D, 0x04,
    0x5E, 0x06, 0x6C, 0xF0, 0x72, 0x70, 0xBA, 0xF7, 0x87, 0x23, 0x00, 0x9B, 0xAA, 0x16, 0x7A, 0x46,
    0xFD, 0xCD, 0xF3, 0xBA, 0xC1, 0x2A, 0x0F, 0xFB, 0x0C, 0x7E, 0x45, 0xCA, 0x60, 0x87, 0x43, 0x00,
    0x3D, 0xA9, 0x6E, 0x09, 0x04, 0x9D, 0x39, 0xA2, 0x3C, 0xC6, 0xC1, 0xCF, 0xF6, 0x68, 0x20, 0x62,
    0x00, 0x78, 0x25, 0xBA, 0x3A, 0xAB, 0xCF, 0xFE, 0x86, 0x94, 0x8C, 0x23, 0x57, 0x3F, 0xEF, 0xE1,
    0x8B, 0x78, 0x93, 0x79, 0x47, 0x9B, 0x75, 0x7C, 0xD7, 0x91, 0x16, 0xD9, 0xAD, 0x16, 0x8B, 0x4F,
    0x97, 0xFB, 0x87, 0xAA, 0x00, 0x94, 0x5C, 0xF2, 0xFD, 0x22, 0x83, 0x17, 0xA7, 0x0C, 0x47, 0x91,
    0x89, 0x68, 0xC8, 0xB2, 0x6C, 0x3A, 0x81, 0x25, 0x00, 0x60, 0x4C, 0x77, 0x96, 0x59, 0xFC, 0xDB,
    0x4B, 0x37, 0xCB, 0x78, 0xFB, 0x5B, 0xBB, 0x40, 0x87, 0xB5, 0x00, 0x78, 0x83, 0xED, 0x98, 0x8B,
    0x8B, 0x6A, 0x4A, 0xAF, 0xA4, 0x78, 0x5B, 0xE7, 0x5C, 0x66, 0xCA, 0x1A, 0xEF, 0xDD, 0x2F, 0x04,
    0x81, 0x25, 0x00, 0x69, 0x6C, 0xCF, 0x9A, 0xF4, 0x5B, 0x85, 0x00, 0xE7, 0x4A, 0x6E, 0x90, 0x80,
    0x45, 0x00, 0x4D, 0xB6, 0x50, 0xBC, 0x10, 0x10, 0xEB, 0xA3, 0xC7, 0x81, 0x25, 0x00, 0x54, 0xF0,
    0xBF, 0x77, 0xC4, 0x67, 0x23, 0x8D, 0x72, 0xF1, 0xB9, 0x1B, 0x30, 0xA6, 0x57, 0xA0, 0x80, 0x51,
    0x00, 0x28, 0x0B, 0x21, 0xF5, 0xE3, 0x35, 0x0D, 0xB6, 0x6F, 0x6F, 0x26, 0xD7, 0xF9, 0x16, 0x57,
    0x3D, 0x7C, 0xF6, 0x98, 0x4E, 0xB2, 0xEC, 0x03, 0xD0, 0x40, 0x80, 0x26, 0x00, 0x4E, 0x01, 0xCD,
    0xE1, 0xDC, 0xA1, 0x34, 0x39, 0xD9, 0x64, 0x11, 0x9B, 0x0C, 0xBF, 0x80, 0xA7, 0x00, 0xB2, 0x00,
    0x13, 0x49, 0x8A, 0x0E, 0x15, 0x01, 0x6A, 0x76, 0x36, 0x0F, 0xD5, 0x62, 0x72, 0x73, 0x4F, 0x20,
    0xDF, 0x4A, 0xE1, 0xC5, 0xBA, 0x26, 0xE6, 0xB7, 0xB6, 0xD9, 0xFC, 0xBD, 0x15, 0xE9, 0xE8, 0x06,
    0x87, 0x91, 0x00, 0x53, 0xB9, 0xD9, 0x3A, 0x18, 0xE8, 0x92, 0x2C, 0x00, 0xA9, 0xFB, 0x34, 0x6D,
    0xEE, 0x2C, 0x78, 0xCB, 0x43, 0x5E, 0x85, 0xC3, 0x6D, 0x81, 0xBC, 0xA9, 0x1C, 0x34, 0x45, 0x60,
    0xE3, 0xAB, 0x58, 0x16, 0xD4, 0x20, 0x3B, 0x9C, 0x0A, 0xE0, 0xE3, 0x16, 0x67, 0x7C, 0xA4, 0xC7,
    0x7D, 0xC4, 0xC0, 0x83, 0x27, 0x00, 0x47, 0x63, 0x1C, 0x99, 0xA0, 0x3E, 0xF3, 0xA5, 0x54, 0xB0,
    0x83, 0x47, 0x00, 0x2A, 0xF1, 0x5D, 0x0C, 0x09, 0x95, 0x06, 0x31, 0xCA, 0x40, 0x80, 0x27, 0x00,
    0x4F, 0x7F, 0xCA, 0xBF, 0x20, 0x9F, 0xB4, 0x88, 0x5B, 0xD4, 0xEB, 0xCA, 0x2D, 0xB3, 0x80, 0x47,
    0x00, 0x34, 0x98, 0x72, 0xAC, 0x58, 0x4B, 0x43, 0x6F, 0xBF, 0x16, 0x51, 0x92, 0x9A, 0xE9, 0x88,
    0x80, 0x81, 0x27, 0x00, 0x67, 0x94, 0x9D, 0xE6, 0x61, 0x72, 0x43, 0x4D, 0x33, 0xF7, 0x42, 0x80,
    0x80, 0x47, 0x00, 0x50, 0x4F, 0x31, 0x74, 0x38, 0xDB, 0x68, 0xCD, 0x69, 0x4C, 0x87, 0x27, 0x00,
    0x58, 0xE4, 0xC9, 0x6E, 0x57, 0x9D, 0x19, 0xDF, 0x8F, 0x3F, 0x90, 0xB0, 0x76, 0x7D, 0x56, 0x87,
    0x47, 0x00, 0x50, 0xC7, 0x0D, 0x68, 0x05, 0x66, 0x72, 0x00, 0x73, 0xA1, 0x3D, 0x18, 0x07, 0x55,
    0x80, 0x27, 0x00, 0x44, 0x9C, 0x06, 0x04, 0xD4, 0x7C, 0xAC, 0x91, 0x90, 0x88, 0xF9, 0x9D, 0x94,
    0x87, 0xCE, 0x00, 0xB0, 0x69, 0xE5, 0x06, 0xCE, 0xDD, 0xFF, 0x78, 0x20, 0xEC, 0x67, 0x85, 0xEF,
    0xCC, 0x81, 0x0C, 0x78, 0x81, 0x29, 0x00, 0x66, 0x38, 0xCE, 0xED, 0x4D, 0x35, 0x39, 0xED, 0xA9,
    0xAD, 0xE1, 0x82, 0x4A, 0x5C, 0xBA, 0x81, 0x49, 0x00, 0x54, 0x4C, 0x17, 0x30, 0xA7, 0x4E, 0x9F,
    0xFD, 0x7A, 0x81, 0x40, 0x1F, 0x66, 0x93, 0xA9, 0xB9, 0x77, 0x81, 0x29, 0x00, 0x4F, 0x85, 0xC0,
    0x15, 0x17, 0x5D, 0x79, 0x05, 0xBB, 0x44, 0x4F, 0x6A, 0x76, 0x45, 0x0E, 0x2B, 0x40, 0x81, 0x49,
    0x00, 0x3A, 0xD5, 0x0A, 0xF0, 0x3E, 0xC0, 0x8A, 0xB2, 0x79, 0x7F, 0xA3, 0xD4, 0x42, 0xEB, 0xFB,
    0xD7, 0x50, 0x81, 0x29, 0x00, 0x66, 0x3E, 0x70, 0x3F, 0x87, 0x85, 0xED, 0x72, 0xD7, 0xF5, 0x95,
    0xCB, 0x50, 0x81, 0x49, 0x00, 0x5F, 0x8F, 0xB3, 0x4D, 0x24, 0xD3, 0x27, 0xA2, 0x12, 0xD8, 0xB9,
    0x3C, 0x39, 0x50, 0x87, 0x29, 0x00, 0xA2, 0x7F, 0x5D, 0x8F, 0xC4, 0x54, 0x42, 0xC3, 0xDD, 0xC2,
    0x19, 0x69, 0x5F, 0x3A, 0x81, 0x49, 0x00, 0x6F, 0x10, 0xA8, 0x18, 0xC0, 0x8A, 0x40, 0x0A, 0x80,
    0x50, 0xD6, 0xD6, 0x93, 0x80, 0x2A, 0x00, 0x6F, 0xBC, 0xDB, 0x62, 0x66, 0x45, 0xD1, 0x6A, 0xB8,
    0x83, 0x13, 0x40, 0x69, 0x04, 0x7D, 0x16, 0x81, 0x4A, 0x00, 0x59, 0x14, 0xB7, 0x40, 0xA4, 0xEB,
    0x15, 0x3D, 0xCA, 0x98, 0xA1, 0x03, 0xE0, 0x78, 0xBD, 0x87, 0x2A, 0x00, 0x65, 0xC8, 0xA3, 0x01,
    0x50, 0x34, 0xE3, 0x88, 0xB9, 0xA7, 0x04, 0x21, 0x23, 0x31, 0x3A, 0xF4, 0xEF, 0xC0, 0x87, 0x4A,
    0x00, 0xA4, 0x05, 0xBB, 0x1F, 0x55, 0xCE, 0x28, 0x40, 0x61, 0xCE, 0x60, 0xB7, 0x55, 0xA9, 0xA7,
    0x48, 0x26, 0x21, 0x21, 0x8F, 0x76, 0x66, 0x5B, 0x87, 0x8E, 0x00, 0x42, 0xEF, 0x36, 0x84, 0xCB,
    0x1E, 0xE8, 0x7A, 0x79, 0x26, 0x2E, 0x10, 0x3F, 0x6D, 0x52, 0x16, 0x00, 0x1E, 0xB6, 0x86, 0x0C,
    0x5B, 0x89, 0xD2, 0xE9, 0x17, 0x6D, 0x0D, 0x0B, 0x67, 0x51, 0xCF, 0x95, 0x6A, 0x9C, 0x63, 0xBD,
    0xCD, 0x3E, 0xD9, 0xCB, 0x2E, 0xF0, 0x83, 0x2B, 0x00, 0x2A, 0xD7, 0x38, 0x8A, 0x7E, 0x2A, 0x63,
    0xC0, 0x00, 0x05, 0x29, 0x5E, 0xB5, 0xD9, 0x4E, 0x4A, 0xC1, 0x2A, 0x52, 0x57, 0xBA, 0xC8, 0x82,
    0x32, 0xD2, 0xE6, 0xD0, 0xBC, 0x87, 0x90, 0x00, 0x2C, 0x99, 0xC3, 0x92, 0xE1, 0xF5, 0xE6, 0x96,
    0x93, 0x4F, 0x91, 0x72, 0xAD, 0x87, 0xB0, 0x00, 0x0D, 0xDE, 0x98, 0x2F, 0x63, 0x00, 0xAA, 0x58,
    0x88, 0xD1, 0xE8, 0x84, 0xD4, 0x37, 0xD8, 0x40, 0x87, 0x2B, 0x00, 0x52, 0x1D, 0x45, 0xDB, 0x66,
    0x3F, 0x18, 0x79, 0x65, 0x81, 0xE3, 0xD7, 0xF7, 0x34, 0x00, 0x37, 0xE0, 0x8D, 0x8E, 0x0F, 0x15,
    0x2C, 0xB5, 0x5D, 0xC8, 0xDE, 0x45, 0x99, 0x4E, 0xFF, 0x6E, 0x71, 0x93, 0x69, 0x21, 0xD2, 0x25,
    0x52, 0xC6, 0xEA, 0xC0, 0x80, 0xEF, 0x00, 0x4D, 0xB5, 0xCB, 0xFA, 0x5D, 0x91, 0x68, 0xD6, 0xE0,
    0x8E, 0x4B, 0x00, 0x7B, 0x8E, 0x38, 0x18, 0x87, 0x2A, 0x00, 0x61, 0x9A, 0xD5, 0x25, 0x12, 0x1E,
    0x1D, 0xB7, 0x76, 0x51, 0x01, 0xE7, 0x31, 0xBB, 0x3F, 0xA5, 0xD7, 0xB0, 0xEB, 0xA1, 0x66, 0x4A,
    0xD4, 0xA7, 0x29, 0x53, 0x51, 0x7D, 0xD0, 0x67, 0x4C, 0xBC, 0x80, 0x57, 0x00, 0x21, 0x62, 0x1D,
    0xEF, 0xE0, 0x34, 0x5C, 0x64, 0x5B, 0x87, 0x2C, 0x5F, 0xE5, 0xDF, 0xC2, 0xF8, 0x21, 0x91, 0xD0,
    0xE9, 0xE6, 0x68, 0xB8, 0x4A, 0xA6, 0xC4, 0xC3, 0xAD, 0x71, 0x1D, 0x86, 0x9B, 0x62, 0x37, 0xDF,
    0x1B, 0x82, 0x00, 0x67, 0xF0, 0x0D, 0xB4, 0x22, 0x13, 0x65, 0x0B, 0xCF, 0x2D, 0x0C, 0x28, 0x2F,
    0xA2, 0x56, 0x7A, 0xC3, 0xF0, 0xA6, 0xDC, 0x1B, 0xEE, 0xF4, 0x1A, 0x18, 0xB1, 0x16, 0x67, 0x8A,
    0x6B, 0x00, 0x4E, 0xF5, 0x8F, 0xB2, 0x08, 0x7A, 0x39, 0x39, 0xCC, 0x6C, 0xC4, 0xB8, 0x17, 0x49,
    0xAD, 0x6D, 0x9E, 0xB1, 0x97, 0x71, 0x15, 0x2E, 0xFE, 0x1D, 0xC0, 0x87, 0x2D, 0x00, 0x63, 0xA3,
    0x4C, 0xB1, 0xA4, 0x2F, 0xF1, 0x93, 0xDC, 0xA3, 0x57, 0x6E, 0xF3, 0x9C, 0x24, 0xA0, 0x87, 0x4D,
    0x00, 0xA4, 0x24, 0xC7, 0xE1, 0xB4, 0xCD, 0x4D, 0xE5, 0xA0, 0x6F, 0xA3, 0x90, 0x77, 0xC0, 0x8E,
    0x4D, 0x00, 0x06, 0xCE, 0x49, 0x6E, 0x73, 0x20, 0x3B, 0xC8, 0x46, 0x30, 0x80, 0x80, 0x2E, 0x00,
    0x67, 0xF6, 0xCB, 0x2F, 0x20, 0xEE, 0xF5, 0x70, 0x1A, 0xE2, 0x60, 0x00, 0x4B, 0x0C, 0x14, 0x7A,
    0x8A, 0xF2, 0x8C, 0x6B, 0x5F, 0x24, 0xE4, 0xD4, 0x1A, 0xD2, 0x97, 0xEF, 0x93, 0x34, 0xE9, 0x33,
    0x0D, 0xB8, 0x57, 0xC0, 0x87, 0x2E, 0x00, 0x72, 0xBB, 0x58, 0xE4, 0xF1, 0xF3, 0xB6, 0x10, 0xDB,
    0x57, 0x1E, 0x00, 0x5E, 0x12, 0xE7, 0x3B, 0xC9, 0x96, 0xF5, 0xAF, 0xB7, 0x86, 0x8F, 0x53, 0xB9,
    0xB4, 0xC2, 0x50, 0x26, 0xD3, 0xD6, 0x66, 0xB8, 0x18, 0x87, 0x27, 0x00, 0x74, 0xAE, 0x7E, 0xFE,
    0x36, 0xFE, 0xAB, 0xF0, 0x25, 0x8E, 0xFF, 0x74, 0x20, 0xAC, 0x00, 0x6C, 0xC7, 0xB0, 0x3C, 0x03,
    0xAE, 0xE9, 0x2E, 0x23, 0x87, 0x92, 0xC0, 0xD0, 0x8F, 0xD5, 0x3E, 0x1A, 0xE4, 0x86, 0xFB, 0x8A,
    0x2E, 0x64, 0x87, 0x2E, 0x00, 0x72, 0xBB, 0x21, 0x10, 0x6F, 0x23, 0x73, 0xF0, 0x20, 0x6F, 0x28,
    0x8D, 0xFB, 0x00, 0x8E, 0xE8, 0x70, 0x0A, 0x05, 0x91, 0xC1, 0x38, 0x59, 0x27, 0x30, 0x87, 0x2E,
    0x00, 0x72, 0xBB, 0x11, 0x2F, 0x3B, 0x74, 0xB4, 0x7D, 0x5E, 0xDF, 0xBE, 0x31, 0x60, 0x00, 0x60,
    0x59, 0xFE, 0x93, 0xA9, 0x2D, 0x44, 0x83, 0xA6, 0xA6, 0x65, 0x97, 0x98, 0x16, 0x11, 0xD6, 0xFB,
    0x49, 0x71, 0xEC, 0x35, 0x56, 0x80, 0x80, 0x30, 0x00, 0x7C, 0x15, 0x31, 0x68, 0x09, 0x12, 0xCF,
    0x89, 0x1F, 0xAB, 0xB7, 0x1D, 0x29, 0xAD, 0x23, 0xDA, 0x40, 0x80, 0x50, 0x00, 0x60, 0x8B, 0xCF,
    0xB8, 0xA1, 0xA4, 0x60, 0x18, 0xC9, 0xEA, 0xB4, 0xEC, 0x87, 0x30, 0x00, 0x79, 0xB1, 0x9E, 0x16,
    0xA2, 0xAF, 0x5F, 0x3B, 0x91, 0x26, 0x77, 0xCE, 0x30, 0x1B, 0x69, 0xB3, 0xA8, 0x8E, 0x87, 0x50,
    0x00, 0x4E, 0x73, 0x09, 0xD4, 0x0C, 0xD9, 0xE9, 0x15, 0x5A, 0x9F, 0x42, 0xAA, 0xBC, 0x5C, 0x87,
    0x04, 0x01, 0x52, 0x8E, 0xC2, 0x9C, 0x73, 0x09, 0xDD, 0xA3, 0xF7, 0xDB, 0xB3, 0x6C, 0x72, 0xAD,
    0x8D, 0x74, 0x38, 0xE0, 0x87, 0x05, 0x01, 0x38, 0xFA, 0xCB, 0x8C, 0x04, 0xCA, 0x66, 0xFA, 0x65,
    0xB0, 0x3E, 0xB6, 0x5D, 0x80, 0x00, 0x12, 0x82, 0xBF, 0xFF, 0xCD, 0x48, 0x9B, 0xD5, 0x85, 0x1E,
    0x73, 0x76, 0x58, 0xD5, 0xF2, 0xD4, 0xE9, 0x24, 0x78, 0x33, 0xAD, 0x03, 0x58, 0x6B, 0x6E, 0xA2,
    0x63, 0x51, 0x1C, 0x0F, 0x98, 0x7E, 0x57, 0x7E, 0x45, 0xD2, 0x24, 0xFF, 0x80, 0x87, 0x30, 0x00,
    0x79, 0xB1, 0x9E, 0x16, 0xA2, 0xAF, 0x5F, 0x3B, 0x91, 0x26, 0x2F, 0xC5, 0x9A, 0x08, 0x55, 0xD2,
    0x52, 0xB2, 0xB0, 0x00, 0x06, 0x83, 0xDA, 0x52, 0x84, 0xB0, 0x88, 0x4A, 0xFE, 0x10, 0xAD, 0x40,
    0xCA, 0x8D, 0xB4, 0x5F, 0x2F, 0x23, 0x14, 0x42, 0x68, 0x5A, 0xF6, 0x72, 0x89, 0x78, 0x5D, 0x48,
    0xA7, 0x48, 0x8A, 0x95, 0x00, 0x59, 0xFB, 0x14, 0x00, 0xA7, 0x14, 0x46, 0x0E, 0xA2, 0x60, 0x8A,
    0xB7, 0x00, 0x92, 0x66, 0xEE, 0xE7, 0xFC, 0x3F, 0x16, 0xFF, 0x5A, 0x81, 0x31, 0x00, 0x4F, 0x84,
    0x10, 0x83, 0x9E, 0x4B, 0xE3, 0x10, 0x74, 0x24, 0xB3, 0x53, 0x6F, 0x4F, 0x58, 0x80, 0x51, 0x00,
    0x34, 0x9A, 0x77, 0x9E, 0x7E, 0xE0, 0x94, 0x67, 0x07, 0x59, 0x3D, 0x01, 0x7A, 0xC0, 0x81, 0x31,
    0x00, 0x65, 0x90, 0xA8, 0x22, 0xC6, 0xE9, 0xD4, 0x81, 0xE4, 0x0E, 0x0C, 0x32, 0xC3, 0x02, 0xAD,
    0xDD, 0x20, 0x00, 0x48, 0x63, 0x29, 0xE4, 0x5E, 0xE2, 0xB4, 0x5E, 0x9F, 0x42, 0x3B, 0x67, 0xD8,
    0x4A, 0xD4, 0xEF, 0x46, 0x77, 0xD1, 0x63, 0x4F, 0x0C, 0xD8, 0xF8, 0x89, 0x51, 0x1F, 0xD1, 0x00,
    0x9A, 0x66, 0x57, 0x4C, 0xB8, 0x00, 0xB1, 0x7D, 0x38, 0x8C, 0x49, 0x34, 0xED, 0x79, 0xAB, 0xDF,
    0xEA, 0x50, 0x73, 0xF2, 0x82, 0x51, 0x69, 0xCC, 0x0A, 0xE1, 0x08, 0xA0, 0x37, 0xF7, 0xB6, 0xF1,
    0x76, 0x40, 0x64, 0x12, 0xAC, 0x91, 0x80, 0xB8, 0x5C, 0x5C, 0xE9, 0x53, 0x70, 0x00, 0x1D, 0x74,
    0xA2, 0x7A, 0xF1, 0x4E, 0xC9, 0x39, 0x05, 0x15, 0xFA, 0x92, 0xC0, 0xAF, 0xA4, 0xED, 0x4B, 0x85,
    0x3D, 0x2E, 0x96, 0x98, 0x68, 0x81, 0x78, 0x99, 0xFC, 0xE1, 0x22, 0xF5, 0x78, 0x84, 0x42, 0x4D,
    0x3D, 0x4C, 0x32, 0xD2, 0x5D, 0xA6, 0xF6, 0x80, 0x34, 0x00, 0x71, 0x93, 0xDD, 0x46, 0x4F, 0xB5,
    0xA6, 0x9B, 0x1A, 0x3B, 0xD7, 0x57, 0x1E, 0x80, 0x54, 0x00, 0x54, 0x20, 0xE7, 0xCD, 0xC5, 0x84,
    0x9F, 0xAA, 0x33, 0xBE, 0xB0, 0x87, 0x34, 0x00, 0x53, 0x63, 0xF9, 0x0D, 0x34, 0x4B, 0x24, 0xF6,
    0x36, 0xFF, 0xC5, 0xD4, 0x09, 0x2F, 0x00, 0x0F, 0xE2, 0xE6, 0xDC, 0x30, 0x6E, 0x21, 0x55, 0xFE,
    0x1A, 0x5C, 0x6D, 0x8E, 0xC0, 0x08, 0x93, 0xD7, 0x53, 0x7A, 0xC8, 0x61, 0x0E, 0xE5, 0x2B, 0xEE,
    0x80, 0x87, 0x15, 0x01, 0x45, 0xC0, 0x85, 0x97, 0xF3, 0xE6, 0xAE, 0x63, 0xD3, 0xBA, 0x6B, 0x8D,
    0x6D, 0xE4, 0x80, 0x87, 0x16, 0x01, 0x1E, 0x11, 0xB2, 0x28, 0x63, 0x3E, 0x81, 0x73, 0x9C, 0x8D,
    0x65, 0xF6, 0x00, 0x6F, 0x61, 0xAA, 0xCC, 0xB0, 0x64, 0x3C, 0xAB, 0xC5, 0x54, 0xF8, 0x9C, 0x34,
    0x32, 0x28, 0xF6, 0x64, 0x0A, 0x1A, 0xC8, 0x0F, 0xCF, 0xFD, 0x20, 0x3A, 0x4D, 0xF6, 0xB7, 0x60,
    0x33, 0x8E, 0xCF, 0xFD, 0x19, 0xBA, 0x4D, 0x89, 0x70, 0x9E, 0x26, 0xA6, 0xC4, 0x00, 0x5F, 0xC0,
    0x10, 0x6F, 0x32, 0xB3, 0xE7, 0x36, 0x86, 0x4F, 0x61, 0xF6, 0xCD, 0xFD, 0xF1, 0x29, 0x40, 0x13,
    0x60, 0xE3, 0x26, 0x35, 0xF0, 0xA1, 0x66, 0xBB, 0xB9, 0xD1, 0xEC, 0xF6, 0x01, 0x05, 0x80, 0x81,
    0x35, 0x00, 0x4F, 0xF9, 0xD7, 0x9C, 0x49, 0x1F, 0x87, 0x6F, 0x57, 0x4B, 0x01, 0xCB, 0x7B, 0x8C,
    0xC7, 0x43, 0x80, 0x55, 0x00, 0x42, 0xE0, 0xA1, 0xB4, 0xD9, 0xC9, 0x18, 0x64, 0x21, 0x11, 0x17,
    0xFB, 0x92, 0xB7, 0x87, 0x35, 0x00, 0x8F, 0x68, 0x88, 0x14, 0x59, 0x76, 0x36, 0xA3, 0x0D, 0xBF,
    0x96, 0x30, 0x45, 0x70, 0x38, 0x88, 0x87, 0x55, 0x00, 0x4F, 0xBF, 0x7C, 0xCF, 0xCD, 0x47, 0x3D,
    0xEE, 0x50, 0x74, 0xA6, 0x08, 0xF3, 0x98, 0x81, 0x35, 0x00, 0x36, 0xD5, 0x61, 0x6D, 0xAD, 0x69,
    0x7D, 0xCC, 0xC6, 0x0D, 0x10, 0x46, 0xD2, 0x07, 0x9E, 0x00, 0x34, 0x97, 0x26, 0x76, 0xC0, 0x8C,
    0x95, 0x17, 0x9F, 0x53, 0x2E, 0x1C, 0xE2, 0x09, 0x64, 0x39, 0x52, 0x15, 0xBA, 0x67, 0x5A, 0x3E,
    0x22, 0x92, 0x3A, 0xC5, 0xC3, 0x6C, 0xC7, 0x49, 0xFE, 0xFD, 0x28, 0x94, 0x87, 0x36, 0x00, 0x51,
    0x42, 0xC4, 0xFB, 0xFA, 0xDD, 0xFF, 0x88, 0x35, 0xA6, 0x91, 0x36, 0xCB, 0xB8, 0x14, 0x7E, 0x45,
    0x80, 0x8A, 0xEA, 0x00, 0xFF, 0xB5, 0x86, 0xB4, 0xB1, 0xD2, 0x62, 0x1D, 0x2C, 0x0C, 0xC8, 0x9A,
    0xBC, 0x13, 0xF8, 0xCA, 0xCF, 0x0D, 0xF1, 0x74, 0x4D, 0xB4, 0x7A, 0xD9, 0x68, 0x23, 0x4F, 0x80,
    0x23, 0x01, 0x30, 0x85, 0xCC, 0x19, 0x9D, 0x78, 0x70, 0x37, 0x4B, 0x86, 0x22, 0xE3, 0xA0, 0x00,
    0xA1, 0x3E, 0x9D, 0x37, 0x46, 0x9B, 0xE5, 0x7A, 0xE1, 0xE2, 0xC1, 0xC1, 0x68, 0x9A, 0x9C, 0x90,
    0x9A, 0x30, 0x8C, 0x50, 0x39, 0x04, 0x4B, 0x45, 0x40, 0x87, 0x23, 0x01, 0x51, 0x42, 0xC5, 0x04,
    0x58, 0xFF, 0xA2, 0xA5, 0x30, 0xC0, 0x27, 0xF9, 0xDC, 0x87, 0x24, 0x01, 0xA0, 0xDF, 0xB1, 0xCD,
    0x82, 0xC9, 0x60, 0x51, 0xDC, 0xCD, 0xC3, 0x80, 0x87, 0x9A, 0x00, 0xE8, 0x71, 0x51, 0x87, 0x85,
    0x23, 0xB7, 0x44, 0xC3, 0xB7, 0x37, 0x93, 0xCA, 0x4A, 0x22, 0xC6, 0x93, 0xD1, 0xAC, 0x80, 0x57,
    0x00, 0x4C, 0x13, 0x8D, 0x7A, 0x7F, 0xFC, 0x2B, 0x7C, 0x12, 0x93, 0xAA, 0xDB, 0xE7, 0x6D, 0x4F,
    0x20, 0x84, 0x53, 0x80, 0x8A, 0x9A, 0x00, 0x35, 0xD5, 0xE4, 0x4B, 0xF7, 0x47, 0xC1, 0x26, 0xA5,
    0x62, 0xAF, 0x22, 0x80, 0x83, 0x57, 0x00, 0x25, 0x06, 0xCE, 0xE6, 0xA4, 0x4F, 0x85, 0xBA, 0x27,
    0xA8, 0xE0, 0x80, 0x37, 0x00, 0x46, 0x45, 0x0D, 0xA3, 0x1D, 0x7D, 0x6B, 0xE7, 0x8C, 0x2E, 0x2A,
    0x31, 0xED, 0x22, 0x95, 0xA8, 0x64, 0x80, 0x80, 0x57, 0x00, 0x38, 0x9D, 0x3C, 0xCD, 0xF0, 0x34,
    0x06, 0xBE, 0x99, 0x72, 0x28, 0xA3, 0xD9, 0x6B, 0xA3, 0xD4, 0x80, 0x86, 0x2D, 0x01, 0x52, 0xA0,
    0x33, 0x80, 0xCA, 0xE0, 0x98, 0xCD, 0x29, 0x00, 0x92, 0xC8, 0x41, 0x48, 0xC3, 0x84, 0x36, 0x88,
    0x86, 0x05, 0x01, 0x46, 0xBD, 0x08, 0x62, 0x45, 0x87, 0xEE, 0x19, 0xD3, 0xBE, 0xAD, 0x3F, 0x69,
    0xBF, 0x24, 0xB4, 0x3E, 0x00, 0xB9, 0x6D, 0xB2, 0x68, 0x1C, 0x1C, 0x3E, 0xED, 0x2B, 0xB0, 0x9C,
    0x74, 0xC9, 0x1C, 0x30, 0x80, 0x37, 0x00, 0x53, 0xB8, 0x75, 0xC7, 0x59, 0x2C, 0x08, 0x44, 0xCE,
    0x65, 0xBB, 0x7E, 0xD1, 0xC9, 0x0E, 0x7E, 0x9E, 0x97, 0xE1, 0x80, 0x57, 0x00, 0x51, 0x8A, 0xBB,
    0xDC, 0xC8, 0x10, 0x6C, 0xBE, 0x4B, 0xED, 0xD0, 0x29, 0x28, 0x15, 0x00, 0x09, 0x78, 0x87, 0x37,
    0x00, 0x5D, 0x84, 0x85, 0x47, 0x71, 0x04, 0xB0, 0xDC, 0x22, 0x42, 0xAF, 0xE1, 0xF8, 0x96, 0xB1,
    0xC4, 0x5E, 0x40, 0x87, 0x57, 0x00, 0x78, 0xC1, 0x8F, 0x70, 0xA7, 0xB2, 0x13, 0x7E, 0x9A, 0xC3,
    0xC0, 0xA1, 0xEE, 0x59, 0x09, 0x13, 0xD8, 0x80, 0x39, 0x00, 0x6E, 0x07, 0x41, 0x16, 0xE8, 0xCB,
    0xF9, 0xE3, 0x50, 0x58, 0x36, 0x49, 0xA9, 0x22, 0x45, 0x01, 0x74, 0xF6, 0xB1, 0x57, 0x80, 0x59,
    0x00, 0x65, 0x13, 0x97, 0xAA, 0x90, 0x06, 0x98, 0xE3, 0x0C, 0x78, 0x72, 0xDE, 0x8F, 0xAE, 0x3A,
    0x6B, 0xE0, 0x80, 0x3B, 0x00, 0x4B, 0x29, 0xA0, 0xEA, 0x9F, 0xCD, 0x6C, 0x45, 0xAB, 0x71, 0xF0,
    0x1F, 0xBD, 0x50, 0xF7, 0x0F, 0x18, 0x80, 0x5B, 0x00, 0x6D, 0x45, 0x41, 0xA5, 0x75, 0x0A, 0xBC,
    0xE6, 0x7F, 0xC1, 0x16, 0x9D, 0x48, 0xD0, 0x13, 0x40, 0x80, 0x3B, 0x00, 0xA1, 0xFB, 0x77, 0x62,
    0x27, 0x83, 0x1F, 0x07, 0x52, 0x04, 0xA3, 0x28, 0x53, 0xA7, 0x02, 0xF4, 0x80, 0x3C, 0x00, 0x79,
    0x52, 0xCF, 0xE1, 0x14, 0xEA, 0x3B, 0x35, 0x96, 0xC6, 0x35, 0x71, 0x80, 0x5C, 0x00, 0x5B, 0x7F,
    0xE1, 0x10, 0xC7, 0xE4, 0x34, 0x6D, 0x93, 0xC0, 0x80, 0x3C, 0x00, 0x66, 0x49, 0x4B, 0xB6, 0x64,
    0x63, 0xA9, 0x88, 0x07, 0xB7, 0xA7, 0x80, 0x80, 0x5C, 0x00, 0x50, 0x3F, 0x37, 0xB4, 0x4E, 0x27,
    0x08, 0xB1, 0x3A, 0x87, 0x3A, 0x01, 0x4E, 0xF5, 0x11, 0x60, 0xE1, 0xDC, 0x2A, 0x03, 0x16, 0x14,
    0x8E, 0x40, 0xC5, 0xB8, 0x87, 0x3B, 0x01, 0x34, 0xF8, 0x0A, 0x96, 0xB6, 0x98, 0x4B, 0xD6, 0x96,
    0x14, 0x50, 0x87, 0x48, 0x00, 0x85, 0x29, 0x97, 0x3C, 0x79, 0xDE, 0x25, 0x0D, 0xFA, 0x73, 0xC0,
    0x00, 0x97, 0x31, 0xF4, 0x55, 0xFF, 0x12, 0x22, 0x48, 0x32, 0xC4, 0xC3, 0xCB, 0x4E, 0x23, 0x82,
    0xEE, 0xD0, 0x90, 0x32, 0x44, 0xDF, 0x20, 0x35, 0xB3, 0x91, 0x77, 0xBB, 0x8E, 0x35, 0xB4, 0xFE,
    0xC2, 0x09, 0x26, 0xB6, 0x20, 0x00, 0x7D, 0x2A, 0xB1, 0xD3, 0x61, 0xD1, 0xBE, 0x3D, 0x2D, 0x09,
    0x0E, 0x8B, 0x21, 0x8D, 0xE5, 0xCF, 0x97, 0x33, 0xD5, 0x9F, 0xEB, 0x1F, 0x3E, 0x76, 0x1D, 0xA7,
    0x1B, 0x16, 0x44, 0x00, 0x91, 0xAE, 0x17, 0x86, 0xD5, 0xA6, 0xED, 0x7F, 0xA4, 0x20, 0x30, 0x39,
    0xFA, 0xF1, 0xB1, 0x30, 0x0F, 0xAE, 0x07, 0xEA, 0x7B, 0xD0, 0xCD, 0x3C, 0xBF, 0xB5, 0xCA, 0x5D,
    0x2F, 0x48, 0x74, 0x12, 0x1C, 0x2E, 0xD0, 0x28, 0xA0, 0x00, 0x8B, 0x8C, 0xED, 0x02, 0x8B, 0x96,
    0x3A, 0x38, 0x20, 0xD1, 0x02, 0xEB, 0x3D, 0xC3, 0x27, 0x6C, 0x69, 0x2E, 0x0A, 0xE2, 0xE6, 0x1D,
    0xBA, 0xC2, 0xA4, 0x7F, 0xE1, 0xD5, 0xDA, 0x7C, 0x2C, 0x10, 0xAA, 0x17, 0x62, 0x81, 0x6B, 0x40,
    0x00, 0xBB, 0x9F, 0xEF, 0x40, 0xFD, 0x13, 0x48, 0x07, 0xE8, 0xDE, 0x16, 0x03, 0xCC, 0xAA, 0xE8,
    0x53, 0x71, 0x06, 0x5C, 0x15, 0x75, 0xFE, 0xFB, 0xBA, 0x1E, 0xB2, 0xDB, 0xC5, 0x49, 0xA2, 0x69,
    0xB7, 0xFF, 0xE9, 0xEF, 0x12, 0x89, 0x88, 0xC7, 0x08, 0x41, 0x69, 0xCE, 0xCB, 0x33, 0x6A, 0xF3,
    0x79, 0xB1, 0x4A, 0x9A, 0x27, 0x12, 0xC2, 0x2E, 0x23, 0x24, 0xD1, 0x0A, 0x22, 0xAF, 0x3D, 0xF2,
    0xC5, 0xA7, 0x4C, 0x78, 0x54, 0x00, 0xB3, 0xEE, 0x7B, 0x79, 0xB4, 0xFB, 0xB3, 0x30, 0xF7, 0x70,
    0xD0, 0x95, 0xC6, 0x22, 0x00, 0xED, 0x8B, 0x76, 0x23, 0x91, 0xAC, 0xB5, 0xBF, 0xCB, 0xA7, 0x62,
    0xC2, 0x1D, 0x58, 0x2F, 0x5B, 0x81, 0x49, 0x9C, 0xA7, 0x4A, 0xF7, 0x26, 0x51, 0x0C, 0x55, 0xA9,
    0xA5, 0xB2, 0x8D, 0x3F, 0x08, 0xC8, 0x15, 0xB8, 0xD9, 0x00, 0x2F, 0x3B, 0x7C, 0xD9, 0x7E, 0x60,
    0xA7, 0x71, 0xC3, 0xDF, 0x30, 0x00, 0xA1, 0x39, 0x30, 0x8F, 0x7B, 0x18, 0xF6, 0x14, 0xCD, 0x0B,
    0x95, 0xB1, 0x96, 0x31, 0x94, 0x93, 0x52, 0xD7, 0x3C, 0x15, 0xF5, 0x4C, 0xB6, 0xEB, 0xAB, 0x04,
    0x57, 0x93, 0xAC, 0xCC, 0xCD, 0x80, 0x38, 0xAA, 0xE5, 0x59, 0x4A, 0x6C, 0xBE, 0x2A, 0xCC, 0x6B,
    0x83, 0xF7, 0x23, 0x5C, 0xC7, 0x7C, 0xE8, 0x71, 0x38, 0x83, 0xDE, 0x68, 0x44, 0x50, 0xD5, 0x11,
    0xFE, 0x9A, 0x21, 0x98, 0xDF, 0x7C, 0x33, 0x68, 0x23, 0x00, 0x13, 0xDC, 0xC8, 0x52, 0xD6, 0x3A,
    0xBF, 0x23, 0xDB, 0x04, 0x25, 0xDE, 0x41, 0xB0, 0xF7, 0x1B, 0xE4, 0xD8, 0x61, 0x48, 0x68, 0xAC,
    0xB8, 0xC1, 0xE2, 0x8B, 0xA2, 0x8F, 0x96, 0x97, 0xFD, 0xF6, 0xE9, 0xA0, 0x20, 0xAD, 0x70, 0xB9,
    0xC7, 0xB9, 0xB7, 0x0E, 0x47, 0xA0, 0x00, 0x9F, 0x58, 0xB0, 0xA1, 0x5B, 0x47, 0x63, 0x34, 0x89,
    0x39, 0x96, 0x19, 0x20, 0x4D, 0x77, 0xDD, 0xC2, 0x57, 0x48, 0xF6, 0x89, 0xC5, 0x06, 0x63, 0x19,
    0x8B, 0x8C, 0x08, 0x8E, 0x0E, 0xB2, 0xB8, 0x09, 0x33, 0x37, 0x3C, 0x13, 0xB6, 0x61, 0xF6, 0x47,
    0xF7, 0x75, 0xA0, 0x00, 0x75, 0x8C, 0x5D, 0xA6, 0x39, 0x96, 0x8B, 0xA9, 0x4A, 0x8C, 0xF6, 0xF0,
    0x95, 0x2B, 0xB1, 0x38, 0x6F, 0xEC, 0x0B, 0xD4, 0xD2, 0x42, 0x07, 0x4A, 0x35, 0xF3, 0x6D, 0x61,
    0x26, 0x23, 0xFC, 0x23, 0xC6, 0x91, 0x89, 0x3D, 0x3A, 0xD9, 0x90, 0x00, 0x14, 0x7F, 0x5A, 0x84,
    0x43, 0x8F, 0x2C, 0x8F, 0xEB, 0xDC, 0xEC, 0xCB, 0x01, 0x79, 0xE7, 0x92, 0x70, 0x9D, 0x9B, 0x9C,
    0x18, 0xEA, 0x60, 0xD4, 0x34, 0x20, 0x21, 0x19, 0x1B, 0xB1, 0xD8, 0x3A, 0xC1, 0x30, 0xB2, 0x83,
    0xD2, 0x11, 0x7B, 0xB9, 0x09, 0x62, 0xF7, 0x3A, 0x4D, 0x86, 0x5C, 0x75, 0x1A, 0x5C, 0x9C, 0x26,
    0x5A, 0xFD, 0x5C, 0xE5, 0x37, 0xE9, 0xBA, 0x5D, 0xCB, 0xD4, 0xE8, 0x40, 0x00, 0xAC, 0x00, 0x4B,
    0x6E, 0x3E, 0xFF, 0xFB, 0xF6, 0xB0, 0x2B, 0x51, 0x89, 0xD9, 0xD3, 0xD5, 0x40, 0x45, 0x14, 0x86,
    0xB5, 0xA3, 0x80, 0x0D, 0xA5, 0x5C, 0x65, 0x02, 0xAB, 0x24, 0xD3, 0x03, 0xCD, 0xC9, 0xCC, 0x1D,
    0xD9, 0xE6, 0xF7, 0xBD, 0x5B, 0xE1, 0xBB, 0xB0, 0xB1, 0x7E, 0x56, 0x40, 0x79, 0x9B, 0x9E, 0xFF,
    0x07, 0x2C, 0x9E, 0x20, 0xA3, 0x7E, 0x8E, 0x48, 0xA7, 0x36, 0x1B, 0x60, 0x00, 0x9A, 0xA7, 0xA3,
    0x4A, 0xBC, 0x69, 0x80, 0x4A, 0x05, 0xE6, 0xB5, 0xF9, 0xB1, 0x3B, 0xFA, 0x90, 0x27, 0x51, 0xC3,
    0xF2, 0xE4, 0xA7, 0xF2, 0x0C, 0xB5, 0x67, 0x3C, 0x43, 0x87, 0x78, 0xD8, 0x92, 0xD9, 0x9E, 0x7D,
    0xE4, 0x40, 0x40, 0x18, 0x5E, 0x50, 0xCE, 0x41, 0xA0, 0xBB, 0x05, 0xE9, 0x75, 0xC4, 0x87, 0xC3,
    0x00, 0x5D, 0x7A, 0x3F, 0x64, 0x33, 0xCD, 0x4E, 0x81, 0x3D, 0xC1, 0x48, 0x19, 0xF3, 0x40, 0x87,
    0xC4, 0x00, 0x63, 0xBD, 0xFA, 0x2C, 0xDA, 0x94, 0xFD, 0xDD, 0x6E, 0xAF, 0x38, 0xA7, 0xC0, 0x87,
    0x8E, 0x00, 0x2D, 0x75, 0xAA, 0xFD, 0x35, 0x39, 0xF7, 0x97, 0x59, 0xAE, 0x89, 0x87, 0xAE, 0x00,
    0x09, 0x6F, 0xEA, 0xDB, 0x6F, 0xC8, 0xF8, 0xC8, 0x76, 0x85, 0xC5, 0x87, 0x0F, 0x01, 0x87, 0xD3,
    0xEA, 0x72, 0x0B, 0x85, 0x76, 0xFC, 0x72, 0x41, 0x61, 0x4E, 0x34, 0x87, 0xB4, 0x00, 0x2D, 0x75,
    0xAC, 0x96, 0x8C, 0x10, 0xEE, 0x50, 0xBF, 0x79, 0xED, 0x48, 0x87, 0x9B, 0x00, 0x46, 0x9C, 0xE0,
    0x6B, 0xC5, 0x67, 0x8B, 0x61, 0xC8, 0x46, 0x6B, 0x7E, 0xA3, 0xF9, 0xFF, 0xC0, 0x80, 0x57, 0x00,
    0x38, 0x9E, 0xE2, 0x50, 0xCB, 0x59, 0xA6, 0x46, 0x3E, 0x9E, 0x7F, 0x8A, 0x2B, 0xBD, 0xEE, 0xA0,
    0x85, 0x2D, 0x01, 0x47, 0xDC, 0x49, 0xD5, 0x73, 0x71, 0x54, 0xCF, 0x70, 0x90, 0x7C, 0x4F, 0xEC,
    0x62, 0x28, 0xF6, 0x5F, 0xD0, 0x8A, 0x72, 0xD2, 0x40, 0x85, 0x05, 0x01, 0x2F, 0x8E, 0x01, 0xE1,
    0x6B, 0x2F, 0xE8, 0x09, 0x10, 0x59, 0xC0, 0x9B, 0x9E, 0x20, 0xFE, 0x0F, 0x66, 0xBA, 0x16, 0x66,
    0x69, 0x1A, 0x4C, 0x53, 0x78, 0xA2, 0x89, 0x8E, 0x4D, 0x8C, 0x9C, 0xEA, 0x55, 0xF5, 0xB7, 0x84,
    0x2D, 0x01, 0xBE, 0x33, 0x42, 0xEA, 0x94, 0x04, 0x6D, 0x94, 0x8C, 0x12, 0xD2, 0xAA, 0xD7, 0xBB,
    0x78, 0x5E, 0xE8, 0xFE, 0x91, 0xEC, 0x8F, 0x80, 0x84, 0xB2, 0x00, 0x60, 0xE7, 0xC9, 0x18, 0x18,
    0x13, 0x1D, 0x44, 0xA5, 0xCD, 0x04, 0xC3, 0x06, 0x8F, 0xF7, 0x62, 0x89, 0x49, 0x0E, 0x30, 0x7E,
    0xEE, 0xE7, 0x84, 0xA2, 0x8E, 0x91, 0x7A, 0xB5, 0x69, 0x79, 0x33, 0x9D, 0x7E, 0x32, 0x68, 0x60,
    0x84, 0x2D, 0x01, 0x4D, 0xF9, 0x57, 0x9B, 0x14, 0xA3, 0xB3, 0x81, 0xA4, 0x8A, 0x5E, 0xBF, 0xDD,
    0xF4, 0x45, 0xDE, 0xE8, 0x14, 0x58, 0xF3, 0xD5, 0x98, 0xCE, 0xD9, 0x80, 0x84, 0x05, 0x01, 0x34,
    0xCB, 0x2D, 0x6B, 0x3A, 0x3E, 0xF2, 0xC6, 0xF5, 0x53, 0xBC, 0x71, 0x19, 0xEF, 0x35, 0xBC, 0x94,
    0x8E, 0x61, 0x4A, 0xF0, 0x74, 0x64, 0xB5, 0xBF, 0x42, 0x57, 0x98, 0xAB, 0xD5, 0xF6, 0x42, 0x10,
    0x42, 0xB3, 0x3E, 0xC1, 0x5D, 0xCB, 0xEE, 0x18, 0x84, 0x2D, 0x01, 0xAB, 0x0D, 0x41, 0x96, 0x3C,
    0x36, 0x29, 0x11, 0x48, 0xBB, 0xFD, 0xC5, 0x4D, 0x7B, 0xF7, 0x44, 0x5A, 0x86, 0x28, 0x00, 0xE6,
    0x84, 0x05, 0x01, 0x36, 0x0A, 0x50, 0x99, 0x22, 0xEB, 0x38, 0x8A, 0xAE, 0x52, 0x70, 0x3A, 0xDD,
    0xF3, 0xCE, 0x15, 0x55, 0x22, 0x33, 0xB8, 0x2F, 0xB2, 0x98, 0xC9, 0x46, 0x6D, 0x69, 0x7C, 0x8D,
    0xC3, 0x6F, 0x01, 0xB8, 0x51, 0x5D, 0xF7, 0xA8, 0x00, 0x20, 0xE6, 0x67, 0x7D, 0xA8, 0x11, 0x27,
    0xED, 0xE2, 0xF5, 0x40, 0x53, 0xC8, 0x37, 0x21, 0xB7, 0x85, 0xC1, 0x79, 0x02, 0x4B, 0xF7, 0xAB,
    0x7A, 0x85, 0x85, 0x00, 0x61, 0x78, 0x42, 0xA0, 0x93, 0x43, 0xCB, 0x61, 0xD5, 0xD3, 0xCE, 0x1B,
    0xF7, 0x65, 0x30, 0x30, 0x3D, 0x7D, 0xCB, 0x5D, 0x85, 0xA5, 0x00, 0x2F, 0x2F, 0x2F, 0xDF, 0x51,
    0x62, 0xF9, 0xA6, 0x7F, 0x32, 0xD5, 0x85, 0xFC, 0xB1, 0xB8, 0xFF, 0x95, 0x60, 0x85, 0x81, 0x00,
    0x61, 0x77, 0xE9, 0xC0, 0xC8, 0x0F, 0x2B, 0xFA, 0x0C, 0xC4, 0xEE, 0xA1, 0xDC, 0x39, 0x03, 0xE3,
    0x20, 0x85, 0xA1, 0x00, 0x24, 0x9B, 0x64, 0x46, 0xDC, 0xEB, 0x3B, 0xA9, 0xDD, 0xA6, 0x4E, 0x99,
    0xDC, 0xB8, 0x0C, 0x9A, 0xFE, 0x22, 0x83, 0x87, 0x00, 0x89, 0xE0, 0x1A, 0x13, 0xE6, 0xCE, 0x31,
    0x8E, 0xBE, 0xE8, 0xC8, 0xB7, 0xEC, 0x55, 0x04, 0x83, 0xA7, 0x00, 0x41, 0xFB, 0x11, 0xD6, 0xE8,
    0x8E, 0xFE, 0x78, 0x54, 0x01, 0xD6, 0x50, 0x40, 0x83, 0x87, 0x29, 0x00, 0xA2, 0x80, 0x28, 0x86,
    0x8B, 0x9C, 0x47, 0x85, 0xD9, 0x4B, 0xAB, 0x76, 0xF7, 0xC8, 0x87, 0x49, 0x00, 0x76, 0x78, 0x23,
    0x42, 0xF3, 0xCD, 0xE8, 0x04, 0x14, 0xEB, 0xBA, 0xA0, 0x02, 0x89, 0xC0, 0x92, 0x80, 0x87, 0xDF,
    0x00, 0x7C, 0x9D, 0x36, 0x73, 0x8A, 0xE3, 0x86, 0xFC, 0x1A, 0x39, 0x3D, 0x4A, 0x5E, 0x74, 0xD0,
    0x87, 0xE0, 0x00, 0x7E, 0xBD, 0xB6, 0x21, 0x68, 0xC7, 0x0A, 0xD2, 0xB5, 0x25, 0xC0, 0x4B, 0x41,
    0x2E, 0x80, 0x80, 0x2D, 0x00, 0x51, 0x7E, 0x5A, 0x24, 0x12, 0xAE, 0x29, 0x24, 0xB8, 0xF3, 0xA5,
    0x4D, 0xC2, 0x44, 0xE5, 0x3D, 0x80, 0x81, 0x4D, 0x00, 0x42, 0x8A, 0x5D, 0x10, 0x4B, 0x9A, 0x49,
    0xB7, 0xA2, 0x6E, 0xD7, 0x74, 0x34, 0x7C, 0x5C, 0x87, 0x31, 0x00, 0xA1, 0x9F, 0xF1, 0xA1, 0xF0,
    0x39, 0xE9, 0x1D, 0x24, 0x84, 0x6D, 0x62, 0xC3, 0xFD, 0x37, 0x2D, 0x87, 0x51, 0x00, 0x45, 0x45,
    0xD7, 0x11, 0xDE, 0x8E, 0x4C, 0xD6, 0xD9, 0xBC, 0xC1, 0xC0, 0x3D, 0xC0, 0x84, 0x6B, 0x01, 0x3D,
    0xDA, 0x9C, 0x2B, 0x47, 0x34, 0xC9, 0xF1, 0xD4, 0xB7, 0xAD, 0xE6, 0x48, 0x83, 0x6C, 0x01, 0x2A,
    0xF1, 0xE5, 0x07, 0x16, 0x4E, 0xD8, 0xE9, 0xE9, 0x16, 0x90, 0x00, 0x42, 0x8C, 0x41, 0x02, 0x24,
    0x72, 0xE6, 0xD0, 0x79, 0xA8, 0x29, 0x94, 0x13, 0x36, 0x7F, 0x21, 0x35, 0xB5, 0xEA, 0xD5, 0x19,
    0xF2, 0xB5, 0x6D, 0xDE, 0x61, 0x0F, 0x2B, 0x32, 0x38, 0xC8, 0x4E, 0xB0, 0x0E, 0xAF, 0xC8, 0xFB,
    0xED, 0xCB, 0xEC, 0xF0, 0x66, 0x00, 0x36, 0xD5, 0x61, 0x6D, 0x60, 0xC8, 0xE8, 0xD3, 0x0B, 0xEE,
    0x5B, 0xCB, 0xDA, 0x09, 0x1F, 0xF5, 0x5C, 0x79, 0x46, 0x50, 0x7E, 0xCA, 0x61, 0x4E, 0x4E, 0xBE,
    0x90, 0x7F, 0x97, 0x64, 0xFB, 0x38, 0xD3, 0x8E, 0x92, 0xF1, 0x68, 0x6D, 0x55, 0xA8, 0x00, 0x36,
    0xD5, 0x7D, 0x0A, 0xB6, 0x8D, 0x37, 0x98, 0x46, 0xBB, 0x9D, 0x99, 0x8E, 0xD0, 0xB6, 0x60, 0x0F,
    0xFC, 0x3E, 0x02, 0xDD, 0x2D, 0x9F, 0x8E, 0x45, 0x01, 0x54, 0x43, 0x24, 0x45, 0x00, 0xBE, 0x5D,
    0xB4, 0xB7, 0x25, 0xF5, 0x7C, 0xE4, 0x08, 0x4A, 0x89, 0x46, 0x01, 0x77, 0x94, 0x2D, 0x59, 0x24,
    0xE2, 0x70, 0x3F, 0x74, 0xEE, 0x6A, 0xF2, 0x60, 0x93, 0x60, 0x87, 0x47, 0x01, 0xF3, 0x0C, 0x24,
    0x66, 0xD7, 0xE1, 0x3A, 0xFE, 0x2F, 0x9A, 0x0D, 0x78, 0x56, 0x8C, 0x02, 0x05, 0x7B, 0x07, 0x40,
    0x81, 0x29, 0x00, 0x72, 0x69, 0xBC, 0x6B, 0xAC, 0x87, 0x31, 0x10, 0x78, 0x21, 0x2B, 0x21, 0x36,
    0xE8, 0x87, 0xE4, 0x00, 0x79, 0xF9, 0x6F, 0xCF, 0x00, 0x20, 0x37, 0x89, 0x54, 0x88, 0x6E, 0x3C,
    0x54, 0x70, 0x00, 0x13, 0xD5, 0x61, 0x91, 0x9D, 0x06, 0x8F, 0xC6, 0x32, 0xDB, 0x62, 0x61, 0xB4,
    0xAA, 0x7E, 0x84, 0xC3, 0x11, 0x1E, 0xF4, 0x10, 0x40, 0x14, 0x05, 0xD4, 0xFF, 0xC3, 0x3F, 0x9A,
    0x64, 0x1E, 0x46, 0xFB, 0x74, 0x1B, 0xA0, 0x4D, 0xF2, 0x0D, 0x2C, 0xF0, 0xBE, 0x88, 0xE6, 0xD9,
    0x42, 0x40, 0x00, 0x9D, 0xD9, 0x12, 0x64, 0xD5, 0x98, 0xEF, 0xF4, 0x1A, 0x3D, 0x58, 0x81, 0x03,
    0xBF, 0xBB, 0xAE, 0x60, 0x26, 0x43, 0x2C, 0xD7, 0xEF, 0xBD, 0x3F, 0xEF, 0x00, 0x89, 0x52, 0xCB,
    0x74, 0xB2, 0x04, 0x9E, 0x96, 0xAF, 0x21, 0xA4, 0xF8, 0xB2, 0x80, 0x80, 0x0B, 0x01, 0x4F, 0x35,
    0x69, 0x06, 0xA4, 0xC9, 0x01, 0x8C, 0xB4, 0xAF, 0x30, 0x43, 0x46, 0x84, 0xE5, 0xA0, 0x80, 0x50,
    0x00, 0x29, 0x77, 0x56, 0xD0, 0x4A, 0xD7, 0xA3, 0xB2, 0xDA, 0xB0, 0x76, 0xEA, 0xA0, 0x86, 0x83,
    0x00, 0x7A, 0x83, 0x58, 0x8E, 0xCF, 0x03, 0x33, 0x32, 0xC2, 0x3E, 0xE1, 0x50, 0x20, 0xB5, 0x66,
    0x87, 0x9E, 0x08, 0x46, 0x2D, 0x77, 0xA3, 0xDA, 0xF5, 0x15, 0x65, 0x9B, 0x3B, 0x87, 0x44, 0x93,
    0x54, 0x3B, 0x83, 0x80, 0xA2, 0x00, 0x67, 0xCF, 0x7E, 0xB4, 0xA7, 0xD3, 0xA0, 0x22, 0x77, 0x3A,
    0x30, 0x1B, 0xDE, 0x70, 0x39, 0x7C, 0x47, 0x4C, 0x1E, 0x66, 0x90, 0x62, 0x2A, 0xDD, 0x24, 0x80,
    0x87, 0x00, 0xA1, 0x4C, 0x4A, 0xCD, 0x06, 0x00, 0x56, 0x33, 0xD6, 0x98, 0x34, 0x3C, 0x11, 0x8D,
    0x66, 0x55, 0xD0, 0x80, 0xA7, 0x00, 0x75, 0xAF, 0x4C, 0x97, 0x70, 0x15, 0x5D, 0x13, 0xF9, 0x7B,
    0x87, 0x2D, 0x01, 0xDC, 0x9C, 0x82, 0x99, 0x00, 0x72, 0x6A, 0x5E, 0xF9, 0x5C, 0xFB, 0xF4, 0xE4,
    0x1A, 0x2F, 0xB9, 0x2B, 0x2F, 0x9E, 0x54, 0x62, 0x20, 0x82, 0xB9, 0x00, 0x67, 0xC4, 0x1F, 0xB3,
    0x26, 0xFB, 0x18, 0x52, 0x4C, 0xDD, 0xFC, 0x8F, 0xD5, 0x3C, 0xB8, 0x87, 0x84, 0x00, 0x3F, 0xBE,
    0xDA, 0xC8, 0x2A, 0x3B, 0x74, 0x97, 0xA6, 0x93, 0x64, 0x25, 0x1E, 0x4D, 0x61, 0x04, 0x87, 0xA3,
    0x00, 0x16, 0x27, 0x7D, 0x19, 0xD7, 0xEC, 0xF6, 0x39, 0x95, 0x43, 0xC3, 0xD6, 0xE1, 0x26, 0x2B,
    0xDC, 0x87, 0x83, 0x00, 0xF8, 0xDE, 0x14, 0x72, 0x6E, 0x90, 0x78, 0xFF, 0xA6, 0x8A, 0x67, 0x80,
    0x87, 0xA3, 0x00, 0xC0, 0xF6, 0x32, 0x75, 0x81, 0x1B, 0x53, 0x4F, 0x13, 0x63, 0x57, 0xAC, 0xE0,
    0x80, 0x27, 0x00, 0x23, 0x37, 0xB8, 0xE3, 0x9C, 0x97, 0x15, 0x82, 0xBC, 0xF7, 0x4F, 0xA4, 0xC8,
    0x9E, 0x0C, 0x7C, 0x80, 0x47, 0x00, 0x0B, 0xFE, 0x17, 0xE0, 0x46, 0x53, 0x82, 0xBE, 0xC9, 0xB7,
    0x25, 0x7A, 0xDD, 0x41, 0x40, 0x80, 0x27, 0x00, 0x68, 0xB2, 0xB8, 0x8F, 0xCF, 0xA6, 0x3E, 0x4F,
    0x42, 0x7C, 0x6E, 0x03, 0x9B, 0xE3, 0x40, 0x80, 0x47, 0x00, 0x5A, 0x49, 0x75, 0xB6, 0x90, 0xDE,
    0xF2, 0x92, 0xBD, 0x36, 0xE6, 0x98, 0x61, 0xC4, 0x84, 0xEB, 0x00, 0x10, 0xC5, 0x29, 0x71, 0xFD,
    0xF3, 0x8F, 0x0F, 0x78, 0xCF, 0x73, 0x7B, 0x97, 0x00, 0x08, 0x35, 0x86, 0x22, 0xED, 0xBC, 0x8C,
    0xFF, 0x99, 0x09, 0xDF, 0xD4, 0x47, 0x6E, 0x45, 0xDA, 0x53, 0x95, 0x11, 0x97, 0x2A, 0x8E, 0xCA,
    0x03, 0x7C, 0x87, 0x8F, 0x00, 0xF3, 0x09, 0xFF, 0x8A, 0xD0, 0xAA, 0x14, 0x4E, 0xFA, 0x00, 0x77,
    0x87, 0xAE, 0x00, 0x8F, 0x6D, 0xBA, 0xF1, 0x72, 0x1D, 0x44, 0x27, 0x7D, 0xEA, 0x33, 0xF9, 0x80,
    0x46, 0x81, 0x31, 0x00, 0x2E, 0x25, 0xE5, 0x3E, 0xCE, 0x92, 0x94, 0x30, 0xFE, 0x45, 0x07, 0xE2,
    0x8A, 0xF2, 0xAF, 0xBC, 0x80, 0x51, 0x00, 0x10, 0xC5, 0x2B, 0x7D, 0x54, 0xD2, 0x04, 0xD3, 0x38,
    0x99, 0x5C, 0x27, 0x30, 0x08, 0x20, 0x87, 0x95, 0x00, 0xF7, 0x7A, 0xA8, 0x4E, 0x22, 0x3F, 0xD7,
    0x13, 0x8C, 0x9B, 0x08, 0xB8, 0x80, 0x87, 0xB5, 0x00, 0xC3, 0x12, 0xB9, 0x49, 0xE7, 0x40, 0xD9,
    0xC8, 0x13, 0x0D, 0xFB, 0xDB, 0x80, 0x34, 0x00, 0x2E, 0x24, 0x65, 0xE2, 0xC4, 0x54, 0x86, 0xB2,
    0x0F, 0xFF, 0x6E, 0x5B, 0x4B, 0x59, 0xAC, 0x9C, 0xEC, 0x80, 0x54, 0x00, 0x0C, 0xB8, 0x1C, 0x31,
    0x8F, 0xB3, 0xD1, 0xC6, 0x23, 0x75, 0x5E, 0xFE, 0x42, 0x7A, 0x32, 0x80, 0x80, 0x34, 0x00, 0xAD,
    0xE6, 0xFC, 0x7A, 0xF2, 0xD1, 0xC0, 0xEF, 0x45, 0x1D, 0x33, 0x4B, 0x51, 0x45, 0x20, 0x80, 0x54,
    0x00, 0x85, 0x67, 0x94, 0x3F, 0x40, 0xA0, 0x46, 0x38, 0x0B, 0xBA, 0x0E, 0x43, 0xB0, 0x80, 0x37,
    0x00, 0x1A, 0xB0, 0x76, 0xB3, 0x65, 0x07, 0x5D, 0xB0, 0x85, 0xF3, 0x9D, 0xEA, 0x39, 0xD1, 0xEC,
    0xCA, 0x9E, 0x0A, 0x80, 0x57, 0x00, 0x11, 0x71, 0x4D, 0x1D, 0x18, 0x34, 0x5D, 0x82, 0x68, 0x9A,
    0x56, 0xB8, 0xF0, 0x37, 0x06, 0x08, 0x58, 0xD0, 0x87, 0x9D, 0x00, 0x5E, 0x06, 0x7C, 0x75, 0x0B,
    0xCF, 0x06, 0x4A, 0x6B, 0x84, 0x6C, 0x70, 0x93, 0xB9, 0xA5, 0x9B, 0x42, 0x80, 0x80, 0x57, 0x00,
    0x5D, 0x8F, 0x1E, 0xC9, 0x59, 0xEC, 0xE9, 0xB1, 0x7D, 0xA2, 0xE5, 0x66, 0x21, 0x87, 0x93, 0x4C,
    0x87, 0x35, 0x00, 0x8F, 0x68, 0x88, 0x14, 0x59, 0x76, 0x3A, 0x99, 0x93, 0xBF, 0x09, 0x38, 0x39,
    0xC0, 0x87, 0x55, 0x00, 0x4F, 0xBF, 0x7C, 0xCF, 0xCD, 0xD5, 0x6A, 0x3B, 0xB0, 0x18, 0x86, 0x76,
    0x87, 0x36, 0x00, 0x51, 0x42, 0xC4, 0xFB, 0xFA, 0xE1, 0x87, 0x11, 0x71, 0x8A, 0xE6, 0x6C, 0x87,
    0x24, 0x01, 0xA0, 0xDD, 0x57, 0x98, 0xBA, 0xD4, 0x67, 0x15, 0x02, 0xF0, 0x8D, 0x88, 0xBE, 0x05,
    0x14, 0x5D, 0x50, 0x00, 0x9A, 0x15, 0xFE, 0x15, 0xE0, 0x67, 0xD4, 0x67, 0xFF, 0xB9, 0xEF, 0xA6,
    0xA6, 0x19, 0x42, 0x97, 0xAE, 0x37, 0x1F, 0xE5, 0x6B, 0x98, 0xF4, 0x63, 0x03, 0xE0, 0xAA, 0xBB,
    0x7F, 0x4E, 0x96, 0xFA, 0xFE, 0xF4, 0x7A, 0x00, 0x2F, 0x45, 0x2F, 0xF9, 0xAC, 0xC5, 0x8F, 0x1E,
    0xC7, 0xE7, 0x90, 0x4F, 0x59, 0xB2, 0xC9, 0x6B, 0xB3, 0x7C, 0xCC, 0x64, 0x9C, 0xD6, 0xBE, 0xEF,
    0x9D, 0xD9, 0x73, 0x66, 0xF7, 0x48, 0xF5, 0x06, 0x80, 0x2A, 0x00, 0x5A, 0x3B, 0x50, 0x06, 0x98,
    0xA9, 0x8E, 0xAA, 0x63, 0x41, 0xFB, 0x7B, 0x60, 0x57, 0x18, 0x4B, 0x81, 0x4A, 0x00, 0x40, 0xDD,
    0x87, 0x6E, 0x13, 0x6C, 0x69, 0x9E, 0x77, 0x83, 0x23, 0x17, 0xA7, 0xD5, 0xE4, 0x00, 0x07, 0x7A,
    0x85, 0x58, 0x6B, 0x80, 0x00, 0x29, 0x29, 0x0B, 0xE6, 0x03, 0xD8, 0x87, 0xAF, 0x00, 0x5D, 0x2B,
    0x7A, 0x00, 0x5D, 0x72, 0x8A, 0x5B, 0x74, 0x4C, 0xD6, 0x65, 0xDF, 0x2A, 0x87, 0xEC, 0x00, 0x65,
    0x00, 0x05, 0x28, 0x32, 0x00, 0x09, 0xB3, 0x3F, 0xF0, 0xDC, 0x28, 0x6F, 0x6C, 0x80, 0x00, 0x13,
    0x52, 0x61, 0x2F, 0xC8, 0x87, 0xB0, 0x00, 0xDC, 0xEC, 0xCE, 0x82, 0x90, 0x00, 0x41, 0xFD, 0xA1,
    0x38, 0xC1, 0x0F, 0x0D, 0xF6, 0x2D, 0xC0, 0x00, 0x11, 0x01, 0xC4, 0x63, 0x2E, 0x5B, 0x77, 0x71,
    0x0B, 0x55, 0x00, 0x1A, 0x48, 0x4C, 0x33, 0x89, 0x2A, 0x89, 0x05, 0x85, 0x28, 0x00, 0x04, 0x60,
    0x7E, 0x51, 0x8C, 0xD6, 0x97, 0x00, 0x2B, 0xC4, 0xFB, 0x50, 0x00, 0x46, 0xAA, 0xB1, 0xFB, 0x7C,
    0x3E, 0x30, 0x80, 0x00, 0x08, 0x41, 0x25, 0x12, 0xBD, 0x71, 0xEB, 0x62, 0x14, 0x4E, 0xD0, 0x00,
    0x23, 0xE8, 0x6F, 0xE8, 0x25, 0xAD, 0x9F, 0xF0, 0xF8, 0x04, 0xE7, 0xAF, 0x2C, 0x00, 0x55, 0xF9,
    0x7D, 0x8C, 0x91, 0x3D, 0x3E, 0x80, 0x00, 0x22, 0xB6, 0xE0, 0x3A, 0xD6, 0x0B, 0x6F, 0x56, 0xE6,
    0x60, 0x00, 0x1B, 0x86, 0x23, 0x90, 0xBE, 0x9B, 0xCD, 0xCD, 0x58, 0x00, 0x0F, 0x2B, 0x14, 0x63,
    0x08, 0x53, 0xA4, 0x1C, 0x87, 0xB4, 0x01, 0x56, 0x19, 0x98, 0x87, 0x42, 0x00, 0xC3, 0xBF, 0x30,
    0x87, 0x75, 0x00, 0x66, 0x9D, 0x95, 0x70, 0x00, 0x1F, 0xDB, 0x42, 0x48, 0x6E, 0xF0, 0x00, 0x13,
    0xF2, 0x65, 0x76, 0x2B, 0x30, 0x00, 0x4E, 0x4F, 0x28, 0x77, 0xC0, 0x23, 0xBF, 0x00, 0x1F, 0x34,
    0x5D, 0xF6, 0x36, 0x17, 0x74, 0xD8, 0x00, 0x2B, 0x59, 0x1B, 0xB1, 0x96, 0x34, 0x80, 0x00, 0x2C,
    0xC3, 0x2B, 0x65, 0xFB, 0x16, 0x00, 0x06, 0x62, 0xB6, 0x86, 0x35, 0x40, 0x07, 0x00, 0x70, 0xBF,
    0xEA, 0xF9, 0x0D, 0x00, 0x80, 0x00, 0x3A, 0x6A, 0xE8, 0x80, 0x00, 0x38, 0x7A, 0x4D, 0x66, 0xCF,
    0x27, 0xC0, 0x00, 0x32, 0x9A, 0xC8, 0xBF, 0xD9, 0x3D, 0x30, 0x00, 0x21, 0x2B, 0xD1, 0x1A, 0x30,
    0x00, 0x5A, 0x92, 0x43, 0x05, 0xBC, 0xB9, 0x75, 0x60, 0x00, 0x0D, 0xEB, 0x02, 0x49, 0x71, 0x72,
    0x1C, 0x58, 0xD7, 0x8A, 0x00, 0x47, 0x03, 0xB9, 0x68, 0xC0, 0x00, 0x5C, 0x1C, 0x77, 0x54, 0xFC,
    0xB7, 0xC5, 0xAD, 0x40, 0x00, 0x1B, 0x38, 0x66, 0xC7, 0x09, 0xCD, 0xDC, 0xBB, 0x9A, 0x00, 0x2A,
    0xBB, 0x47, 0xB0, 0x00, 0x05, 0x18, 0xB7, 0xA7, 0xA6, 0x11, 0xCB, 0xE0, 0x00, 0x59, 0xEC, 0xB7,
    0x13, 0x5C, 0xD7, 0x5E, 0xFF, 0x75, 0x20, 0x87, 0xAD, 0x01, 0xD3, 0x82, 0x35, 0x50, 0x00, 0x2C,
    0x7C, 0x07, 0xCA, 0x81, 0x16, 0xEE, 0xEC, 0x00, 0x09, 0xB0, 0xD3, 0x7D, 0xD6, 0xA8, 0xD3, 0xC4,
    0x00, 0x52, 0x05, 0xB6, 0xE9, 0x9C, 0x29, 0xC6, 0x40, 0x87, 0xEA, 0x00, 0x6A, 0x3A, 0x95, 0xF0,
    0x87, 0xA6, 0x01, 0x28, 0x68, 0x00, 0x62, 0x7B, 0x90, 0xFC, 0x98, 0x00, 0x05, 0x15, 0xAE, 0xDF,
    0xBA, 0x6E, 0x48, 0xBD, 0x8E, 0x80, 0x00, 0x1E, 0xB6, 0x85, 0xF4, 0x40, 0x2B, 0x68, 0x39, 0x55,
    0xBC, 0xBD, 0xF8, 0x00, 0x05, 0x04, 0x34, 0x3D, 0xC0, 0x00, 0x05, 0x03, 0x08, 0x29, 0x43, 0xBD,
    0x60, 0x00, 0x8C, 0x08, 0xE4, 0x98, 0x59, 0xD7, 0x2C, 0x91, 0x39, 0xD8, 0x80, 0x00, 0x6C, 0x3F,
    0x70, 0x8D, 0xB4, 0x1E, 0xF4, 0xC3, 0xA0, 0x01, 0xEC, 0xB2, 0x90, 0x5F, 0x82, 0xAE, 0xF8, 0x00,
    0x15, 0xC7, 0xDB, 0x15, 0x45, 0x6F, 0x40, 0x00, 0x08, 0xE5, 0x50, 0x27, 0x9C, 0xBB, 0xBD, 0x4B,
    0xEE, 0x00, 0x09, 0xFA, 0x3D, 0xBE, 0x91, 0x0E, 0xE2, 0xCA, 0xCF, 0xFE, 0x0F, 0x4C, 0x59, 0xAC,
    0x60, 0x40, 0x00, 0x00, 0x01, 0xFD, 0xBD, 0x39, 0xB9, 0xB7, 0x07, 0x07, 0x00, 0x10, 0x00, 0x00,
    0x15, 0x81, 0x31, 0xCD, 0x45, 0xF4, 0x7A, 0x6B, 0xE0, 0x00, 0x2B, 0x5A, 0x81, 0xCE, 0xA2, 0x3B,
    0x51, 0x14, 0x8A, 0xD4, 0x01, 0x14, 0xC8, 0xED, 0x00, 0xE4, 0x58, 0xE0, 0x00, 0x07, 0x6F, 0x04,
    0x30, 0xBE, 0x60, 0x00, 0x1D, 0xCD, 0x34, 0x06, 0x08, 0x87, 0xD5, 0x01, 0x6A, 0xB0, 0xBE, 0xC0,
    0x00, 0x13, 0x71, 0xC6, 0x06, 0x36, 0x28, 0x18, 0x00, 0x32, 0xF1, 0x48, 0x5D, 0xF4, 0xD9, 0xF0,
    0x68, 0x23, 0x9B, 0xD7, 0xD2, 0x5E, 0x90, 0x00, 0x0E, 0x53, 0xB3, 0x99, 0x40, 0x40, 0x00, 0x09,
    0xF7, 0xE9, 0xFC, 0x84, 0x04, 0xA1, 0xB0, 0x87, 0xD4, 0x01, 0x4F, 0x3B, 0x52, 0x40, 0x08, 0x87,
    0xAF, 0x01, 0xDB, 0xF2, 0xB3, 0x62, 0x40, 0x00, 0x00, 0x9E, 0xF6, 0x14, 0xE0, 0x86, 0xE3, 0x01,
    0xAE, 0x49, 0x29, 0x61, 0x1C, 0x34, 0xA2, 0x79, 0xA8, 0x80, 0x00, 0x32, 0x14, 0xBC, 0x56, 0xE6,
    0x5C, 0xC2, 0x3C, 0x9E, 0xA5, 0x4F, 0x2D, 0xF4, 0x8A, 0x56, 0xEB, 0xD1, 0x42, 0x59, 0xC7, 0x7F,
    0x22, 0x80, 0x00, 0x64, 0x16, 0x46, 0x8C, 0xCE, 0x5C, 0xFC, 0x2E, 0xBF, 0x34, 0x61, 0x67, 0x34,
    0x21, 0x11, 0x8E, 0xC0, 0xFA, 0x4A, 0x7C, 0x74, 0x8B, 0x80, 0x00, 0x1A, 0x20, 0x20, 0x87, 0x04,
    0x6E, 0xCB, 0x90, 0xE6, 0x1F, 0x60, 0x00, 0x3C, 0xCD, 0xBF, 0x8E, 0x95, 0x8E, 0x00, 0x02, 0x86,
    0x10, 0xEF, 0x93, 0xCC, 0xCB, 0xF6, 0x6C, 0x35, 0x0C, 0xBB, 0x09, 0xEF, 0xA9, 0x20, 0xF9, 0x54,
    0xC0, 0x76, 0x5C, 0x43, 0x77, 0x3E, 0xFC, 0x35, 0x58, 0xDC, 0x02, 0x3C, 0xDB, 0x76, 0xBA, 0xBB,
    0x3C, 0xF6, 0xE5, 0x7D, 0x31, 0x09, 0xF0, 0xF3, 0xD6, 0x4C, 0x22, 0x63, 0x9C, 0x83, 0xA4, 0x4C,
    0x13, 0x82, 0x58, 0x06, 0xE1, 0xF7, 0xFB, 0xB0, 0x16, 0x15, 0x4E, 0x48, 0x71, 0x80, 0x1A, 0x14,
    0x4E, 0x30, 0x51, 0x38, 0xD5, 0xB8, 0x00, 0x04, 0xC8, 0x30, 0x51, 0xA2, 0x31, 0xF8, 0xE8, 0x36,
    0x40, 0x00, 0x0A, 0x90, 0x62, 0x2F, 0xAF, 0xA0, 0x88, 0x00, 0x5E, 0xDE, 0x08, 0x72, 0xF1, 0x35,
    0x61, 0x41, 0xDA, 0x3B, 0x6A, 0x9A, 0x4C, 0x40, 0x10, 0x47, 0x9E, 0x2F, 0xC1, 0xF8, 0x7E, 0xE2,
    0x09, 0x00, 0x2D, 0x0E, 0xEF, 0x8C, 0x98, 0xCA, 0xCD, 0xF8, 0x40, 0x90, 0x0B, 0xE0, 0x1F, 0xF0,
    0xBF, 0x7E, 0x4A, 0x00, 0x00, 0x04, 0x60, 0x4E, 0x04, 0xCA, 0x1E, 0xDF, 0x2D, 0x21, 0xAD, 0x2C,
    0xFB, 0x9A, 0xFB, 0x2A, 0x94, 0x00, 0x14, 0x87, 0xBA, 0x43, 0x77, 0x90, 0x60, 0x00, 0x13, 0x47,
    0x1B, 0x18, 0xD0, 0x40, 0x00, 0x00, 0x15, 0xD0, 0x3D, 0xC8, 0x0B, 0xFD, 0x7F, 0xE0, 0x13, 0x7C,
    0x07, 0x44, 0x00, 0x00, 0x40, 0x0B, 0x87, 0xD0, 0xFB, 0xFA, 0xD7, 0x43, 0x83, 0x9D, 0x0D, 0x0E,
    0x3D, 0xBD, 0xB4, 0x3F, 0x6F, 0x80, 0x00, 0x09, 0x57, 0x04, 0x4D, 0xDD, 0x11, 0xCC, 0x00, 0x8F,
    0x08, 0x98, 0xA5, 0x83, 0x18, 0x29, 0x9D, 0x98, 0x2E, 0xB9, 0xE6, 0xD8, 0xF4, 0x98, 0x00, 0x04,
    0x7F, 0x80, 0xAA, 0x6F, 0xBB, 0x36, 0xE1, 0x9D, 0xCD, 0xC3, 0xE4, 0xCE, 0x53, 0xC0, 0x00, 0x05,
    0x07, 0xF9, 0x0D, 0xE2, 0x40, 0x87, 0xFF, 0x01, 0x33, 0xC0, 0x00, 0x97, 0xC2, 0xE0, 0x16, 0xA2,
    0x52, 0x86, 0x9A, 0xA0, 0xB5, 0x08, 0x18, 0x85, 0xEE, 0x53, 0x6A, 0x80, 0x00, 0x2D, 0x09, 0xDC,
    0xC5, 0x83, 0x55, 0x63, 0x2E, 0x62, 0xE7, 0xED, 0xA5, 0x02, 0x60, 0x66, 0x80, 0x00, 0x78, 0x87,
    0x82, 0x09, 0xEA, 0xCA, 0x2C, 0x07, 0x0F, 0xC0, 0x00, 0x1F, 0x09, 0x25, 0xB8, 0xE5, 0x96, 0xD8,
    0x18, 0x29, 0xC1, 0xBF, 0x58, 0xF2, 0x08, 0x87, 0xC9, 0x01, 0xA6, 0xA3, 0x67, 0xA3, 0x7D, 0xA4,
    0x01, 0xC0, 0x2E, 0x3B, 0xE5, 0x29, 0x88, 0x00, 0x2B, 0x06, 0x80, 0xA4, 0x2F, 0xC0, 0x2C, 0x0B,
    0xB1, 0x00, 0x1B, 0x16, 0xD2, 0xF1, 0x40, 0xEC, 0xA5, 0x53, 0x67, 0x7B, 0xB0, 0x00, 0x08, 0xCB,
    0x97, 0xCE, 0x7E, 0xBC, 0xA1, 0xB5, 0x11, 0x4F, 0x83, 0xD3, 0x67, 0x80, 0x87, 0x05, 0x02, 0x5C,
    0x11, 0x53, 0xAD, 0x34, 0xFB, 0x67, 0x96, 0x10, 0x85, 0x04, 0x02, 0x2F, 0xCA, 0x45, 0x27, 0x0E,
    0x3C, 0x9C, 0x48, 0x00, 0x0D, 0x31, 0x1F, 0xA8, 0xDF, 0x07, 0x27, 0xF5, 0x46, 0xAE, 0x6F, 0x30,
    0x43, 0xF2, 0xC4, 0x90, 0x00, 0x09, 0x3C, 0xC9, 0x32, 0x6C, 0x9E, 0x4E, 0x99, 0x96, 0x26, 0x8F,
    0xC6, 0x20, 0xD7, 0x81, 0xB8, 0x00, 0x07, 0xCB, 0xD9, 0x05, 0xAE, 0x2E, 0xA7, 0x4E, 0x5F, 0x00,
    0x1E, 0x29, 0xF3, 0x25, 0x87, 0xF9, 0x2F, 0xF8, 0x2A, 0x00, 0x08, 0xC4, 0x5C, 0xFE, 0x78, 0x1C,
    0x53, 0xD3, 0x3A, 0x40, 0x2E, 0x80, 0x00, 0x0D, 0x9A, 0x0B, 0x99, 0x63, 0xCF, 0x5D, 0x1D, 0x9B,
    0xC7, 0xBC, 0x76, 0xE2, 0x80, 0x27, 0x00, 0x42, 0x22, 0x86, 0x4F, 0x78, 0xCD, 0x4B, 0x18, 0x6F,
    0x54, 0x87, 0xE5, 0x54, 0x71, 0x05, 0x1D, 0x61, 0x34, 0xAA, 0xA3, 0xCB, 0xD4, 0x0E, 0x16, 0x3D,
    0xB9, 0x28, 0x81, 0x27, 0x00, 0x42, 0x9C, 0x46, 0xF0, 0xC7, 0x15, 0x49, 0xFA, 0x90, 0x94, 0x5C,
    0xB7, 0xE0, 0x27, 0x26, 0x50, 0x49, 0x91, 0x83, 0x87, 0x09, 0x0C, 0x03, 0xB5, 0xE0, 0xB4, 0x23,
    0x99, 0x49, 0x00, 0x09, 0xEF, 0x9F, 0x25, 0x10, 0xC0, 0x1E, 0xDE, 0x23, 0x4E, 0x89, 0x01, 0xBF,
    0x30, 0xB6, 0x60, 0x40, 0x3A, 0x06, 0x7F, 0x95, 0xB3, 0x46, 0x18, 0x71, 0xAC, 0x70, 0x6D, 0x60,
    0xCF, 0xDC, 0xC3, 0xCA, 0x11, 0x46, 0xF4, 0x08, 0x00, 0x72, 0x39, 0x73, 0x1D, 0x4D, 0xAC, 0xD7,
    0x3D, 0x39, 0x75, 0x6F, 0x43, 0x16, 0x07, 0xD4, 0xB7, 0x73, 0xEF, 0x4A, 0x08, 0x19, 0x12, 0xD3,
    0xF5, 0xB5, 0xBB, 0x6A, 0xA0, 0x00, 0x9B, 0x81, 0x06, 0xA4, 0x16, 0x73, 0x70, 0xCE, 0xB2, 0x62,
    0x79, 0xEC, 0x0B, 0x77, 0xC1, 0x80, 0xA5, 0xD5, 0x7B, 0x52, 0x5B, 0x47, 0x5D, 0xC1, 0x73, 0xAA,
    0x7F, 0xF5, 0xC0, 0x00, 0x8F, 0x1D, 0x8A, 0x0C, 0x56, 0x90, 0x20, 0x13, 0x70, 0x3C, 0x21, 0xA3,
    0xEB, 0x14, 0x28, 0xD4, 0x9D, 0x8F, 0x1C, 0x4E, 0x05, 0x39, 0x88, 0x18, 0x96, 0x12, 0xED, 0x51,
    0x88, 0x88, 0x2B, 0x00, 0x1D, 0x97, 0x09, 0x38, 0x86, 0x80, 0x02, 0x76, 0xF4, 0x0F, 0x16, 0x40,
    0x00, 0x30, 0x9A, 0x8E, 0x78, 0xEE, 0xF1, 0x97, 0xF2, 0x72, 0x36, 0xBF, 0xCC, 0xA6, 0x8A, 0xBA,
    0x58, 0xCC, 0x97, 0xD9, 0x86, 0xF1, 0x7B, 0x73, 0x5A, 0xDC, 0xE0, 0x8A, 0x71, 0x01, 0x2F, 0xA8,
    0xA7, 0x43, 0x4D, 0xD2, 0x55, 0xE8, 0xF4, 0x6F, 0x97, 0xD5, 0xE7, 0xE0, 0x4F, 0x9A, 0x06, 0x92,
    0x60, 0x00, 0x25, 0x81, 0x3B, 0x30, 0xDF, 0xA4, 0x2F, 0x50, 0x19, 0x09, 0x22, 0x38, 0xDD, 0x5F,
    0xD4, 0x89, 0xB7, 0xB5, 0x64, 0xC2, 0x64, 0x46, 0x21, 0x61, 0x0E, 0x5A, 0xF7, 0x82, 0x06, 0xED,
    0xC0, 0xC1, 0x13, 0xFA, 0xAD, 0x15, 0xED, 0x6E, 0xDC, 0x3E, 0xE5, 0x81, 0xC0, 0x00, 0x13, 0xCB,
    0x3B, 0x66, 0x7B, 0x96, 0xED, 0x20, 0x29, 0xC7, 0x5E, 0xE8, 0x39, 0x13, 0x33, 0x76, 0xE3, 0xAC,
    0x56, 0xD6, 0x7C, 0xF1, 0xAC, 0x19, 0xD4, 0x3C, 0xE4, 0x4D, 0x90, 0xC1, 0x3A, 0x54, 0x7F, 0xCF,
    0xDA, 0x01, 0x3F, 0x9A, 0x3D, 0x88, 0xA8, 0x09, 0x75, 0xC0, 0x1F, 0xBE, 0xE8, 0x00, 0x09, 0xF0,
    0xB1, 0x3B, 0xE3, 0x00, 0x7A, 0xFF, 0x93, 0x65, 0xBB, 0xC5, 0x07, 0x7F, 0xFD, 0x5D, 0xC7, 0x7B,
    0x92, 0x0C, 0x27, 0x27, 0xA1, 0xD7, 0x53, 0x40, 0xA8, 0x6C, 0x6D, 0xDA, 0x36, 0xCC, 0xB0, 0x1A,
    0x70, 0x6C, 0x32, 0x70, 0x00, 0x79, 0x82, 0x0D, 0x74, 0x26, 0x39, 0x6D, 0xA4, 0x0F, 0xF3, 0x07,
    0x65, 0xB9, 0xAB, 0x4B, 0xCC, 0x9C, 0xDB, 0xF4, 0x18, 0x84, 0x03, 0x18, 0xFA, 0xAD, 0x05, 0x02,
    0xCF, 0xCD, 0x94, 0x6B, 0x4D, 0x7F, 0x53, 0xE2, 0x96, 0xD1, 0xA3, 0x63, 0x37, 0xDB, 0x61, 0x0B,
    0x3B, 0x80, 0x2A, 0x00, 0x4F, 0x35, 0x68, 0x0F, 0x17, 0x8C, 0x65, 0xA8, 0x76, 0xD4, 0xB6, 0x66,
    0x72, 0x0A, 0xA9, 0xBA, 0x4E, 0x7E, 0x00, 0x4C, 0xFD, 0xE0, 0xBA, 0x83, 0x11, 0x56, 0xFD, 0x94,
    0x96, 0x99, 0xED, 0x8F, 0x08, 0x18, 0xAB, 0xB0, 0x5D, 0x5A, 0xD4, 0x9C, 0x80, 0x3B, 0x00, 0x9D,
    0x2F, 0xCB, 0x1D, 0x72, 0x37, 0x6D, 0xBB, 0x15, 0x95, 0x40, 0x2B, 0x55, 0x5D, 0x54, 0x3D, 0xAC,
    0x60, 0x69, 0x54, 0x4F, 0x69, 0x41, 0x91, 0x2F, 0x95, 0xCA, 0x93, 0x87, 0x64, 0x9A, 0x56, 0x8E,
    0xB0, 0x8C, 0xA1, 0x46, 0xA0, 0x8E, 0x1E, 0x02, 0x5C, 0xCB, 0x34, 0xD2, 0x56, 0xCF, 0x4C, 0xCA,
    0x4F, 0x85, 0xDE, 0x00, 0xBA, 0x63, 0x2C, 0xB4, 0xBD, 0xF8, 0xA7, 0xFF, 0x0C, 0xFB, 0x7F, 0x77,
    0x56, 0x45, 0x64, 0x01, 0x2D, 0x78, 0xC4, 0x80, 0x00, 0x64, 0x2F, 0x13, 0x08, 0xB4, 0x34, 0xC6,
    0xC5, 0x0F, 0xF8, 0x8F, 0x26, 0x76, 0x5D, 0xE0, 0x3D, 0xFE, 0xEE, 0x4C, 0x46, 0x4A, 0x1F, 0xF4,
    0xD7, 0x89, 0xB6, 0x93, 0x12, 0xEC, 0x96, 0x98, 0x80, 0x88, 0x2E, 0x00, 0x15, 0x07, 0x51, 0x7D,
    0x56, 0x5C, 0xC6, 0x2C, 0x1F, 0x9B, 0xC8, 0x79, 0x76, 0x8D, 0x26, 0x0F, 0xE9, 0x56, 0x70, 0xFC,
    0x71, 0xB3, 0x94, 0xF6, 0xC0, 0x87, 0x22, 0x02, 0x6D, 0xF5, 0x48, 0x17, 0xB9, 0x76, 0xF9, 0xA0,
    0xB4, 0x50, 0x22, 0x44, 0x2C, 0xFC, 0x57, 0xE2, 0x10, 0xFA, 0x9D, 0x2C, 0x82, 0x2A, 0x55, 0xFC,
    0x70, 0x79, 0x80, 0x8E, 0x14, 0x02, 0x62, 0x13, 0xC5, 0x8A, 0x55, 0xE0, 0x00, 0x36, 0xC8, 0x9A,
    0xFC, 0xF2, 0xA5, 0xFE, 0xF3, 0xE8, 0x47, 0x73, 0xDD, 0xDF, 0xF3, 0x0C, 0x95, 0xC3, 0x70, 0x92,
    0x13, 0xF2, 0x66, 0x45, 0xEE, 0x13, 0x5B, 0x06, 0x14, 0xD7, 0xD8, 0xF0, 0xD3, 0x55, 0xD9, 0x68,
    0xFB, 0x27, 0x83, 0x80, 0x8E, 0x14, 0x02, 0x36, 0xE7, 0xA7, 0x22, 0x54, 0xA5, 0x6E, 0x9E, 0x6B,
    0xCB, 0x58, 0x23, 0x57, 0x40, 0x2A, 0x2B, 0xDE, 0x58, 0x00, 0x18, 0xDC, 0x95, 0x78, 0x05, 0x9E,
    0x41, 0xAA, 0x1A, 0x71, 0xF3, 0x12, 0xE8, 0xAF, 0xE2, 0x7F, 0xE6, 0x4A, 0x4C, 0x6B, 0xB1, 0x69,
    0xCD, 0x6C, 0x78, 0x71, 0x9F, 0xC2, 0xBD, 0x3C, 0x98, 0x41, 0x0B, 0x50, 0xD6, 0x79, 0xC6, 0xCD,
    0x23, 0x8C, 0x78, 0x2D, 0x6D, 0xD9, 0x21, 0x5E, 0x79, 0x4A, 0x87, 0x44, 0x19, 0x42, 0xDA, 0x2A,
    0x6C, 0x0F, 0x22, 0xD4, 0x28, 0x00, 0x94, 0xD0, 0x48, 0x1A, 0x62, 0x63, 0x57, 0x58, 0x06, 0xD0,
    0xE0, 0xC1, 0x36, 0xEC, 0x50, 0xA6, 0xF0, 0x80, 0x2F, 0x3A, 0xAD, 0x57, 0xDC, 0x9F, 0x2C, 0xBF,
    0x6E, 0xA5, 0x60, 0x6E, 0x42, 0x72, 0x60, 0x8E, 0x1E, 0x02, 0x60, 0xE5, 0x51, 0x99, 0x92, 0x7C,
    0xA7, 0xBD, 0xC9, 0x2B, 0x87, 0x1E, 0x02, 0xF7, 0x6D, 0xE3, 0xE1, 0x52, 0x03, 0x27, 0x48, 0x84,
    0x6B, 0x76, 0x01, 0xE2, 0x1D, 0x16, 0x34, 0x58, 0xB8, 0xEF, 0xDE, 0x80, 0x8E, 0x1D, 0x02, 0x5C,
    0x6C, 0xC2, 0x17, 0x5B, 0x2C, 0xAD, 0x79, 0xFD, 0x80, 0x00, 0x2C, 0x36, 0x78, 0x20, 0xAB, 0xF7,
    0x1E, 0xDA, 0xBA, 0x9D, 0x86, 0xAA, 0x6D, 0x05, 0x1A, 0x34, 0x2C, 0x3D, 0xF3, 0x99, 0x2B, 0xC2,
    0x54, 0x53, 0x93, 0x83, 0xDA, 0x6E, 0x13, 0x3E, 0x3D, 0xAD, 0xAC, 0xE0, 0x00, 0x14, 0x1B, 0xA6,
    0x8A, 0xAF, 0x1E, 0x4D, 0x4D, 0xF8, 0xAB, 0xBB, 0x92, 0x76, 0xEE, 0x73, 0x50, 0x82, 0x73, 0xD1,
    0x88, 0x42, 0xAF, 0x9F, 0xCE, 0xD2, 0x2D, 0xBD, 0x9B, 0x26, 0xB8, 0xAB, 0x1A, 0x6A, 0xFA, 0xA5,
    0xA9, 0x3D, 0x0F, 0xF6, 0x42, 0x87, 0x99, 0x20, 0x81, 0x34, 0x2A, 0xF5, 0x35, 0x88, 0x29, 0xA0,
    0x8E, 0x1E, 0x02, 0x5C, 0xC1, 0xC8, 0x41, 0xB8, 0xA9, 0xC7, 0x9C, 0xBA, 0x61, 0x49, 0xD2, 0x5C,
    0xAD, 0xD8, 0x13, 0x1B, 0xC5, 0x52, 0x06, 0xDA, 0x29, 0xDB, 0xAB, 0x6D, 0x7F, 0x31, 0x2B, 0xCC,
    0x00, 0x9A, 0x68, 0xD7, 0x8E, 0x89, 0x4F, 0x4D, 0x5E, 0xAD, 0x52, 0x69, 0x15, 0x0C, 0xF8, 0xD1,
    0xB4, 0x3B, 0x24, 0x90, 0xE7, 0xA8, 0xD6, 0x3F, 0x05, 0xDE, 0xE5, 0x40, 0x06, 0xFA, 0xC0, 0x8E,
    0x1E, 0x02, 0x38, 0xFA, 0x51, 0x7A, 0x10, 0x59, 0x2D, 0x81, 0xA8, 0x95, 0x5B, 0x3A, 0x67, 0x44,
    0xAC, 0xE5, 0xE5, 0xAB, 0xB9, 0x04, 0xEB, 0xFB, 0x0A, 0x78, 0xA0, 0xF9, 0x8E, 0x14, 0x02, 0x6F,
    0x42, 0xFE, 0x47, 0x72, 0x49, 0xC4, 0x21, 0xC2, 0x46, 0x0B, 0x67, 0x58, 0xE0, 0x43, 0x46, 0xE0,
    0x87, 0x15, 0x02, 0x99, 0x56, 0xAA, 0x37, 0xFB, 0xD9, 0xE9, 0xF3, 0x22, 0x87, 0x23, 0x01, 0x49,
    0x2E, 0xDC, 0xE3, 0x4B, 0x0B, 0xD4, 0xB2, 0x96, 0xE3, 0xEB, 0x32, 0xDE, 0x12, 0xC1, 0x04, 0xA6,
    0x8E, 0x1F, 0x02, 0x6C, 0x67, 0x7E, 0x67, 0xC4, 0x3B, 0x6C, 0x12, 0x7D, 0x00, 0x4B, 0x54, 0x0B,
    0x4A, 0x64, 0x75, 0xAF, 0xCA, 0xEF, 0xF7, 0x96, 0x41, 0xAA, 0x7C, 0x2F, 0x0C, 0x59, 0x10, 0x31,
    0xCC, 0xD7, 0xDD, 0xDE, 0x66, 0xD9, 0x49, 0x61, 0xA0, 0xAC, 0xF1, 0x5C, 0x72, 0x73, 0x06, 0x32,
    0x84, 0x6F, 0x91, 0xC5, 0x17, 0x03, 0x83, 0xDD, 0x7B, 0xE0, 0x29, 0x40, 0x87, 0x3A, 0x00, 0x1B,
    0x1E, 0x66, 0x19, 0xDB, 0xC8, 0x17, 0x57, 0x73, 0x85, 0x6B, 0x4F, 0xFB, 0x27, 0x2C, 0xCA, 0x5A,
    0xDD, 0x36, 0x7C, 0x13, 0x7C, 0xB6, 0xFB, 0xF1, 0xC1, 0x24, 0x8E, 0x1E, 0x02, 0x5C, 0xCB, 0x34,
    0xD2, 0x56, 0xCF, 0x4C, 0xCA, 0x4F, 0x85, 0xDE, 0x00, 0xBA, 0x63, 0x2C, 0x37, 0xFB, 0xFB, 0x71,
    0x3F, 0xDD, 0x2D, 0x01, 0xDE, 0xFC, 0x26, 0xB6, 0xC5, 0xBF, 0x67, 0xE2, 0x9A, 0x00, 0x05, 0x86,
    0xC8, 0x8C, 0xD0, 0x34, 0x4B, 0x68, 0x51, 0x74, 0x58, 0x55, 0x39, 0x20, 0x38, 0x67, 0xB0, 0x48,
    0x47, 0xEB, 0x5E, 0x86, 0x33, 0xA9, 0xE2, 0xC6, 0x85, 0x72, 0x0E, 0x83, 0x69, 0x24, 0x00, 0x13,
    0x7D, 0x0D, 0xAF, 0x3E, 0x89, 0x6F, 0xFC, 0x56, 0x13, 0xF9, 0x11, 0xF8, 0x3C, 0xA4, 0x6D, 0xDB,
    0xA1, 0x11, 0xEC, 0x51, 0x17, 0x7F, 0x3F, 0x6F, 0x08, 0x46, 0x5E, 0x1C, 0x01, 0xD9, 0x54, 0x59,
    0x5E, 0x6E, 0x75, 0x26, 0x4D, 0xF5, 0x0F, 0xAA, 0x20, 0x79, 0xBF, 0xFB, 0xCC, 0x87, 0x39, 0x02,
    0x4A, 0xB5, 0xBB, 0x22, 0xFE, 0xB2, 0x6D, 0x78, 0x7A, 0xEB, 0x0A, 0x28, 0x8E, 0x66, 0x36, 0xE3,
    0x29, 0x00, 0x0A, 0x09, 0x54, 0x35, 0x85, 0x35, 0xBE, 0x8E, 0x8F, 0xA0, 0xD0, 0xCC, 0xDC, 0x28,
    0x71, 0x24, 0x7B, 0x01, 0xA3, 0x02, 0x77, 0xFF, 0xFD, 0xA8, 0x8E, 0x32, 0x18, 0x3E, 0x97, 0x36,
    0xDD, 0x50, 0x80, 0x00, 0x13, 0xEF, 0xCF, 0x09, 0x21, 0xBA, 0xE0, 0xCF, 0x46, 0x5E, 0x8C, 0xA9,
    0x7A, 0xB7, 0x46, 0xB2, 0x49, 0x1E, 0x10, 0xE7, 0xF7, 0xFB, 0x17, 0x18, 0x4F, 0xA6, 0x3E, 0x1C,
    0xBF, 0x15, 0x25, 0xF2, 0xF2, 0x47, 0x34, 0xF1, 0xAA, 0x75, 0x4D, 0xCD, 0xE7, 0x61, 0xF2, 0x81,
    0xF6, 0x00, 0x13, 0xE7, 0x82, 0x55, 0x6F, 0x29, 0x24, 0xED, 0x06, 0x0C, 0xCE, 0x54, 0x06, 0x3C,
    0x52, 0xFA, 0x1E, 0x2C, 0x6A, 0x10, 0xFB, 0xC0, 0xDA, 0xB5, 0x6C, 0x82, 0x8C, 0x71, 0x00, 0x96,
    0x91, 0xE7, 0xDC, 0x63, 0x9D, 0x33, 0xCA, 0xA1, 0x28, 0xB7, 0x0B, 0x18, 0x50, 0x41, 0xE3, 0x6E,
    0x90, 0xE7, 0xE5, 0xA4, 0x24, 0x08, 0xF8, 0x04, 0x62, 0xD1, 0x62, 0x8E, 0xC7, 0x1D, 0xF9, 0x20,
    0x00, 0xB0, 0x81, 0x94, 0x71, 0x06, 0x0A, 0xE3, 0x21, 0x36, 0x1B, 0x75, 0x98, 0x82, 0x36, 0x29,
    0xE2, 0xB4, 0xE4, 0x24, 0xB3, 0xB7, 0xE8, 0x71, 0xE9, 0xD4, 0x33, 0xF6, 0xFC, 0x44, 0x08, 0x21,
    0xE7, 0xE4, 0x4F, 0x24, 0x2B, 0xFA, 0xF8, 0x22, 0xB4, 0xB4, 0x82, 0x09, 0x85, 0x5D, 0x6F, 0xB4,
    0x00, 0x40, 0xD0, 0xA4, 0xDA, 0x2D, 0xC7, 0x9B, 0x38, 0x43, 0xC3, 0x92, 0xFF, 0x9D, 0x38, 0xBC,
    0x7B, 0x09, 0x52, 0x55, 0x26, 0xBF, 0xFF, 0xB7, 0xBC, 0x3C, 0x69, 0x81, 0x9C, 0xEB, 0xF3, 0x00,
    0x5C, 0x51, 0x90, 0x5E, 0x40, 0x00, 0x31, 0x24, 0xE3, 0xFC, 0xDA, 0x7C, 0x7C, 0xBF, 0x39, 0xE2,
    0x07, 0xD3, 0x0B, 0xB1, 0xF1, 0xF5, 0x2A, 0xEE, 0x24, 0x96, 0xAF, 0xE9, 0x73, 0x25, 0x00, 0xAD,
    0xB7, 0x83, 0x1A, 0x44, 0x00, 0x73, 0x81, 0xD6, 0x57, 0x1F, 0xEC, 0xCE, 0xA2, 0xDB, 0xD3, 0x16,
    0x2B, 0x70, 0x9D, 0xF5, 0x3B, 0xD1, 0xB2, 0xA6, 0xEF, 0xB3, 0xA2, 0x57, 0x1F, 0xBE, 0x24, 0xF9,
    0xE2, 0x82, 0xD8, 0xA3, 0xDE, 0x00, 0x35, 0xE0, 0x38, 0x95, 0x06, 0x12, 0x39, 0xEC, 0x8D, 0x1E,
    0x3F, 0xC2, 0xCA, 0x80, 0xA2, 0x00, 0x62, 0x3F, 0xAD, 0x4A, 0xB8, 0xE7, 0xB0, 0x44, 0x8C, 0xDF,
    0xF5, 0xB0, 0x00, 0x14, 0x5D, 0xE5, 0xEF, 0xD6, 0xAE, 0x22, 0x23, 0xA6, 0x4C, 0x53, 0x38, 0xEF,
    0x88, 0xE7, 0xC0, 0x3F, 0x4F, 0x45, 0xD9, 0x62, 0xC8, 0x93, 0x97, 0x70, 0x00, 0x27, 0x52, 0xBF,
    0x42, 0x46, 0x29, 0x04, 0xB7, 0x00, 0x9A, 0x0A, 0x92, 0x79, 0x9E, 0x2F, 0x58, 0x2B, 0x2E, 0x1B,
    0xE0, 0x73, 0xCD, 0xD1, 0x77, 0x00, 0xD8, 0x6C, 0x68, 0x1D, 0x89, 0x5C, 0xB7, 0x87, 0x43, 0x02,
    0x4D, 0xF3, 0x2D, 0xB3, 0xFC, 0x4D, 0x0F, 0x82, 0xB2, 0x0E, 0xA3, 0xE7, 0xF6, 0x69, 0x00, 0x99,
    0x18, 0xAD, 0xA4, 0xB3, 0xAC, 0xAC, 0x54, 0x00, 0x14, 0xED, 0x77, 0xE4, 0x77, 0x05, 0x60, 0x3C,
    0xB3, 0x5B, 0x62, 0x38, 0x02, 0x5F, 0xA4, 0xD3, 0x99, 0x5D, 0xC9, 0xB1, 0x57, 0xDB, 0x59, 0x20,
    0x87, 0x35, 0x9D, 0x93, 0xAB, 0xCB, 0x6B, 0x43, 0x33, 0xEB, 0x8D, 0xE9, 0xE7, 0xD8, 0x91, 0xC5,
    0xD4, 0x78, 0x6E, 0x6B, 0x74, 0x3D, 0x73, 0x79, 0x44, 0xF0, 0x00, 0x14, 0x5D, 0xF0, 0xFE, 0x2A,
    0x66, 0xC1, 0x08, 0x44, 0xC7, 0x87, 0x92, 0x49, 0xD9, 0x04, 0x67, 0x55, 0xDA, 0xC2, 0xFD, 0x8C,
    0x91, 0xDD, 0xE1, 0x56, 0x2C, 0x00, 0x06, 0x8F, 0x12, 0x84, 0x00, 0xA1, 0x1B, 0x29, 0x8B, 0x53,
    0xC9, 0xC1, 0xDA, 0x72, 0xA8, 0x93, 0x02, 0xB4, 0xB8, 0xC7, 0x9E, 0x0A, 0x5D, 0xD5, 0xC0, 0x1C,
    0x80, 0x5E, 0x80, 0x49, 0x02, 0x8C, 0x73, 0x0B, 0x70, 0xF6, 0x57, 0xA1, 0x1D, 0xF6, 0x86, 0x63,
    0xA7, 0x25, 0x09, 0x8B, 0xC2, 0x80, 0x87, 0xF9, 0x00, 0xBF, 0x33, 0xD0, 0x57, 0x5F, 0x19, 0x32,
    0x18, 0x32, 0x55, 0xFA, 0xF3, 0xC1, 0xFA, 0xD5, 0x9E, 0xAA, 0x4A, 0xE0, 0xD0, 0xAF, 0x22, 0xBA,
    0x4A, 0xAA, 0x20, 0x00, 0x23, 0xC7, 0x38, 0x92, 0x16, 0x9F, 0xFB, 0x77, 0xE3, 0x87, 0xB7, 0x60,
    0x4A, 0xE1, 0x42, 0xAA, 0x23, 0x2A, 0x91, 0xBF, 0x2A, 0x66, 0xF5, 0x58, 0xC1, 0x5E, 0x40, 0x00,
    0x1D, 0x7F, 0xCC, 0x27, 0xC1, 0xAA, 0x08, 0x04, 0x43, 0x85, 0x7D, 0xDC, 0xE0, 0xA7, 0x53, 0x20,
    0x8D, 0x32, 0xA0, 0xCA, 0xAB, 0xD3, 0x5C, 0xFA, 0xB3, 0x61, 0xCA, 0x29, 0x2C, 0x8F, 0x0E, 0xF7,
    0x47, 0xE0, 0x97, 0x4A, 0x68, 0xC8, 0x40, 0x8E, 0x4A, 0x00, 0x0C, 0x0A, 0x82, 0x20, 0xE2, 0x83,
    0xB4, 0xF1, 0x68, 0x68, 0x9A, 0x50, 0x14, 0x04, 0x89, 0xFE, 0xE5, 0xB0, 0x21, 0x62, 0x13, 0x96,
    0xE0, 0x8E, 0x45, 0x02, 0x2B, 0x33, 0x23, 0x7F, 0x2D, 0x70, 0xCF, 0xA9, 0x16, 0x15, 0xAE, 0xCF,
    0xD4, 0x88, 0xB8, 0x3B, 0x7A, 0xC4, 0xAC, 0x87, 0x4E, 0x02, 0x89, 0x82, 0xB5, 0x6E, 0x82, 0x64,
    0xCA, 0x3C, 0xA4, 0x7C, 0x38, 0xF5, 0x5E, 0x77, 0x51, 0xB2, 0xB4, 0xF9, 0xA0, 0x00, 0x0F, 0xE0,
    0x11, 0x41, 0xF9, 0xE2, 0x8A, 0xEC, 0x51, 0x10, 0x8B, 0xE8, 0x19, 0xCC, 0xD7, 0xF4, 0xDE, 0x01,
    0xEB, 0x41, 0x4F, 0x68, 0xCE, 0x4C, 0xF2, 0x30, 0xF1, 0xC5, 0xE3, 0x8C, 0x3F, 0xD5, 0x47, 0xDA,
    0x66, 0x87, 0x46, 0x02, 0x4F, 0x26, 0x1D, 0xFB, 0x42, 0x0A, 0x96, 0x94, 0xCF, 0xE9, 0x90, 0xDF,
    0x80, 0x0C, 0xEE, 0x34, 0xF0, 0x00, 0x0B, 0x90, 0x91, 0xCC, 0x52, 0x14, 0x93, 0x82, 0xAB, 0x9E,
    0xD3, 0xDC, 0x80, 0xD5, 0xC8, 0x95, 0xAE, 0xDB, 0xFE, 0x2B, 0xC2, 0xF6, 0x98, 0x51, 0x93, 0x4E,
    0x8A, 0x5B, 0x9B, 0x85, 0x68, 0x86, 0x4E, 0xB3, 0x9E, 0x0D, 0x06, 0xF4, 0x8C, 0x40, 0x00, 0x0B,
    0x4F, 0xFD, 0xC1, 0xA5, 0x56, 0x32, 0x76, 0xC9, 0x17, 0xCB, 0x20, 0xF1, 0xC8, 0x38, 0x4C, 0xD2,
    0xBE, 0x5F, 0xAD, 0xD5, 0x90, 0x69, 0x43, 0x81, 0x1B, 0x2D, 0x55, 0xCF, 0x00, 0x7F, 0xDE, 0x9D,
    0x57, 0x25, 0xC2, 0x18, 0x0D, 0xFB, 0x05, 0x50, 0x1D, 0x24, 0x62, 0xA7, 0x12, 0x28, 0xCA, 0xA2,
    0xDA, 0x56, 0xF8, 0x40, 0x5D, 0x23, 0x90, 0xAE, 0x02, 0x80, 0x7E, 0x82, 0xFA, 0xF4, 0x16, 0xBC,
    0x29, 0x58, 0x78, 0xA5, 0xA1, 0x6A, 0x2F, 0xDB, 0x2D, 0xCF, 0xE2, 0x32, 0x0D, 0x1D, 0x21, 0xB5,
    0x59, 0xB7, 0x87, 0x5A, 0x00, 0x44, 0xD5, 0xE0, 0x67, 0x20, 0xE1, 0xE1, 0x05, 0xF4, 0xFE, 0x40,
    0x45, 0x49, 0x32, 0xDB, 0xCA, 0x2A, 0x71, 0x50, 0x87, 0x49, 0x02, 0x7C, 0x4C, 0x85, 0x9B, 0xEE,
    0xCD, 0xC9, 0xB0, 0x59, 0xCC, 0x2E, 0x69, 0xC3, 0x3D, 0x9B, 0x60, 0xC5, 0xE4, 0x19, 0xDB, 0x19,
    0x00, 0x06, 0x27, 0xA4, 0x00, 0x02, 0x4C, 0xD2, 0xB1, 0x36, 0x0E, 0x6C, 0xFC, 0xEF, 0x52, 0x23,
    0x40, 0x69, 0x69, 0xDF, 0x49, 0x9F, 0xA7, 0x0A, 0x37, 0x27, 0x00, 0x06, 0xEB, 0x2F, 0x4F, 0x3A,
    0x98, 0xEA, 0x9D, 0x7A, 0xD5, 0xA2, 0x5A, 0x52, 0x06, 0x85, 0x60, 0xBB, 0x5B, 0xFE, 0x6A, 0xFE,
    0xE0, 0x01, 0xAD, 0x8E, 0x08, 0xFA, 0x35, 0x70, 0x79, 0x14, 0x25, 0xB1, 0xFD, 0xAF, 0x37, 0x15,
    0x43, 0x73, 0x70, 0x87, 0x59, 0x02, 0x84, 0xC6, 0xA0, 0x87, 0xBA, 0xA1, 0x29, 0x55, 0x77, 0x6B,
    0xD3, 0x9F, 0x45, 0x81, 0x9C, 0x44, 0xC5, 0xA9, 0x96, 0xF8, 0x5F, 0xFC, 0xBA, 0x80, 0x00, 0x0A,
    0x10, 0xA6, 0xCB, 0xE5, 0x11, 0x20, 0xAA, 0xB7, 0x9C, 0x60, 0x62, 0xB9, 0x94, 0xFB, 0x0A, 0xAA,
    0x04, 0xCB, 0xAE, 0x70, 0xD9, 0x2D, 0x56, 0xF4, 0x7B, 0x07, 0x43, 0x9B, 0xA8, 0xAA, 0xA8, 0x00,
    0x01, 0x86, 0xB0, 0xB2, 0x22, 0x23, 0x17, 0x18, 0x58, 0xC6, 0x4F, 0x37, 0x39, 0x6D, 0x30, 0x4E,
    0xF6, 0x63, 0x02, 0x4C, 0x01, 0x4E, 0x6A, 0x89, 0x66, 0x9D, 0xE4, 0x09, 0xCC, 0x30, 0xB4, 0x52,
    0x28, 0x52, 0x6D, 0x84, 0x00, 0x06, 0x84, 0xC2, 0x4A, 0x8A, 0x0D, 0x7B, 0xD1, 0x6F, 0x2A, 0xB9,
    0x2D, 0xD6, 0x0B, 0xF9, 0x89, 0x8B, 0xB8, 0xD2, 0x67, 0xEC, 0xB4, 0x7A, 0x80, 0x00, 0x15, 0xA7,
    0x6D, 0x0E, 0x42, 0xAD, 0x46, 0x4F, 0xD7, 0x71, 0x7E, 0xD1, 0x73, 0x5C, 0x25, 0x90, 0x9C, 0xEF,
    0xA1, 0x27, 0x2C, 0x85, 0xE1, 0xFB, 0xFA, 0xE8, 0x00, 0x0B, 0x33, 0xE1, 0x44, 0x58, 0xBC, 0x68,
    0x53, 0xC1, 0xD2, 0xEB, 0x64, 0xA1, 0xB7, 0xA9, 0xE9, 0x9D, 0x4E, 0x49, 0x50, 0x29, 0x41, 0xA6,
    0x9C, 0x2A, 0xD2, 0x7C, 0xF8, 0x45, 0x5B, 0x38, 0xC5, 0x73, 0xDA, 0xA4, 0x80, 0x00, 0x23, 0xED,
    0x96, 0xA7, 0x02, 0x6E, 0x5D, 0x15, 0x28, 0x08, 0x46, 0xC7, 0x2A, 0xB2, 0x33, 0x98, 0xC3, 0xD5,
    0x53, 0xB9, 0x76, 0x05, 0x29, 0xD5, 0x47, 0x95, 0x6D, 0x74, 0x80, 0x46, 0x02, 0x30, 0x0B, 0x7F,
    0xCC, 0xA1, 0xD8, 0xD9, 0xEC, 0x6D, 0x36, 0xEA, 0x80, 0x46, 0x02, 0x80, 0x6D, 0x02, 0x2C, 0x82,
    0x0E, 0x9C, 0x39, 0x8A, 0xC7, 0x2D, 0x8F, 0x80, 0x80, 0x86, 0x44, 0x00, 0x76, 0xC9, 0x28, 0x60,
    0x8C, 0x5E, 0x5A, 0x63, 0x56, 0x99, 0xDB, 0x67, 0x98, 0xE8, 0x9B, 0xFE, 0x02, 0x07, 0x3C, 0x3C,
    0x8F, 0x4D, 0x00, 0x5C, 0x18, 0x32, 0x40, 0x7F, 0x3C, 0xD3, 0xF8, 0xE1, 0x73, 0x41, 0x2A, 0x00,
    0x5C, 0x87, 0x0A, 0x7A, 0x8F, 0x10, 0xE5, 0x27, 0x64, 0x2F, 0x76, 0xE5, 0x40, 0x86, 0x9E, 0xCF,
    0xF6, 0xD5, 0x7C, 0x49, 0x13, 0x8F, 0x8B, 0x89, 0x65, 0x23, 0x97, 0x37, 0xAF, 0xD0, 0x82, 0x87,
    0x46, 0x02, 0x4F, 0x26, 0x1D, 0xFB, 0x41, 0xBF, 0x32, 0x38, 0x61, 0x26, 0x1D, 0x73, 0x38, 0x7D,
    0xA4, 0x0A, 0xA0, 0xDE, 0xCC, 0x87, 0x55, 0x00, 0x50, 0x7D, 0x1B, 0xBE, 0xD1, 0x50, 0xFC, 0xCA,
    0xAD, 0x03, 0x55, 0x18, 0xE3, 0xCF, 0x13, 0xA1, 0xEF, 0x38, 0x60, 0x00, 0x2D, 0x59, 0xAE, 0xE2,
    0xEA, 0x50, 0x87, 0x30, 0xF4, 0xB7, 0x8D, 0xE6, 0x12, 0xDE, 0x01, 0x2B, 0xEF, 0xD8, 0xE0, 0x00,
    0x1A, 0x28, 0x73, 0x51, 0x11, 0x7D, 0x2D, 0xF7, 0xF7, 0x24, 0x2A, 0x77, 0x45, 0xFC, 0xA8, 0x57,
    0x0A, 0xD7, 0x44, 0x25, 0xBF, 0x82, 0x04, 0x9D, 0x80, 0x00, 0x57, 0x7C, 0xA5, 0xE7, 0xFD, 0x23,
    0x2D, 0x94, 0x65, 0xC2, 0x30, 0x44, 0x11, 0xE0, 0x5C, 0x11, 0x80, 0x90, 0x74, 0xA9, 0x5F, 0x16,
    0x00, 0x1C, 0xD1, 0x51, 0xE4, 0x5F, 0xFB, 0xC7, 0x98, 0xE3, 0xE8, 0x33, 0xFD, 0xB8, 0x9D, 0xE8,
    0xD8, 0x23, 0xBE, 0x7A, 0x4A, 0xE3, 0x75, 0x20, 0xBD, 0x1C, 0x9C, 0xB0, 0x54, 0x56, 0xA9, 0x4B,
    0xA8, 0x37, 0xE8, 0x00, 0x0B, 0x2C, 0x1F, 0x9B, 0xF9, 0x17, 0x89, 0xB1, 0x66, 0xCD, 0x4E, 0xAB,
    0xFD, 0x90, 0x55, 0x37, 0x7A, 0x19, 0xF1, 0xF7, 0xEE, 0x4B, 0x58, 0x76, 0xD8, 0xB1, 0xAB, 0xB0,
    0xB9, 0x2A, 0xB0, 0xC0, 0x10, 0xD4, 0x76, 0x87, 0xE8, 0x00, 0xD7, 0x5A, 0x19, 0x6D, 0x71, 0xFC,
    0x32, 0xA1, 0x79, 0x48, 0xFD, 0x56, 0x6F, 0xE2, 0xA7, 0xA5, 0xB9, 0xCF, 0x78, 0x51, 0x46, 0x8B,
    0x54, 0x81, 0x3E, 0x91, 0x8B, 0xF0, 0xBD, 0x80, 0x4E, 0x02, 0x60, 0x77, 0xB1, 0x14, 0x83, 0x9E,
    0x07, 0x90, 0x58, 0x1E, 0xB0, 0x83, 0xC3, 0x2F, 0xF9, 0xC3, 0xE6, 0x89, 0xC7, 0x4A, 0x0C, 0x9E,
    0xF0, 0xB4, 0x16, 0xAC, 0x80, 0xBC, 0xF7, 0x04, 0x40, 0x80, 0x49, 0x02, 0x1E, 0x08, 0x8D, 0x89,
    0xD9, 0xE4, 0x14, 0x34, 0xED, 0x4E, 0x4A, 0xE4, 0x31, 0x80, 0x54, 0x02, 0x71, 0x7A, 0x55, 0x00,
    0x0E, 0xA0, 0x1D, 0xE2, 0x8C, 0x88, 0xC3, 0x16, 0xA5, 0xCD, 0x7B, 0x2E, 0x2B, 0x87, 0x49, 0x02,
    0x7C, 0x4C, 0x85, 0x9B, 0xF9, 0x88, 0x29, 0xBD, 0xCE, 0xFE, 0x72, 0x8B, 0x2D, 0x7F, 0xEF, 0xAC,
    0xE0, 0x00, 0xA1, 0xF9, 0xDD, 0x8F, 0x73, 0xD9, 0xD6, 0x01, 0x39, 0x79, 0x3A, 0x70, 0xF4, 0xB1,
    0xFF, 0xE4, 0xF8, 0x80, 0x25, 0xC2, 0x11, 0xFE, 0x51, 0xD3, 0x4D, 0x1E, 0x33, 0x45, 0x42, 0x81,
    0x9E, 0xC6, 0xBB, 0x21, 0xFA, 0xB5, 0xD7, 0x5F, 0xF7, 0x64, 0x80, 0x00, 0x07, 0x46, 0x9B, 0xC0,
    0x56, 0x17, 0xE6, 0x0B, 0x90, 0x14, 0x46, 0x29, 0xC8, 0x4D, 0x48, 0x3A, 0xB9, 0x53, 0x47, 0x08,
    0x9B, 0xF6, 0x18, 0x11, 0x2D, 0x31, 0xFA, 0x2A, 0x02, 0xCB, 0xC4, 0x92, 0xA7, 0x3E, 0x80, 0x00,
    0x18, 0xB0, 0xC9, 0xA7, 0x42, 0x1B, 0xF0, 0xB9, 0x43, 0x93, 0xC9, 0x81, 0x5E, 0x32, 0x3B, 0xED,
    0x72, 0x5C, 0x56, 0x69, 0x4E, 0x1C, 0x49, 0x06, 0x7B, 0xB2, 0x43, 0x96, 0x75, 0xED, 0xCA, 0x59,
    0xD2, 0x56, 0x00, 0x06, 0xAF, 0x5F, 0x5C, 0xB5, 0x19, 0xCB, 0xF8, 0x6C, 0xF7, 0x85, 0x1C, 0x49,
    0x89, 0x26, 0x3C, 0xE5, 0x20, 0xC6, 0x71, 0x23, 0x6D, 0xF9, 0xB5, 0x52, 0x66, 0xCB, 0x16, 0x9A,
    0x30, 0x30, 0x36, 0xBF, 0x54, 0x00, 0xB2, 0x14, 0x0A, 0xF0, 0x1E, 0xDC, 0xF5, 0x45, 0x52, 0x89,
    0x4D, 0x65, 0x54, 0x8B, 0x33, 0x40, 0xF8, 0xF4, 0xAE, 0x26, 0xB6, 0x1D, 0xB6, 0x5E, 0xBC, 0x76,
    0x01, 0x79, 0x6F, 0x72, 0xEA, 0x2D, 0x1C, 0x82, 0x57, 0xE3, 0x40, 0x65, 0xE2, 0x8F, 0xD5, 0xB5,
    0xB8, 0x6C, 0x10, 0x91, 0x7F, 0x3F, 0xC8, 0x00, 0x06, 0x54, 0x72, 0xC4, 0x38, 0xDE, 0xCB, 0xBF,
    0xD3, 0xB9, 0xC9, 0x45, 0xF8, 0x22, 0x84, 0xB2, 0xCA, 0x67, 0xB4, 0x59, 0x9B, 0xE4, 0x97, 0x43,
    0xAD, 0x2A, 0x33, 0x35, 0xD9, 0x89, 0x36, 0x8A, 0x47, 0x2F, 0x64, 0x00, 0x6B, 0x1F, 0xE7, 0x66,
    0x2B, 0x55, 0x62, 0xEF, 0x84, 0x83, 0xAB, 0x22, 0x5E, 0x2A, 0x7B, 0x11, 0x27, 0xDB, 0x1F, 0x38,
    0xD2, 0x4F, 0xA8, 0x11, 0xEF, 0x2D, 0xF4, 0x8E, 0xAB, 0xCA, 0x14, 0x3E, 0xAE, 0xBE, 0x44, 0x7A,
    0x20, 0x00, 0x59, 0x19, 0xE8, 0x88, 0x2F, 0x06, 0xC6, 0x7F, 0xA6, 0x64, 0xC3, 0x2D, 0x02, 0x3B,
    0xB0, 0x48, 0x98, 0x9D, 0x2E, 0xB6, 0xE9, 0xEF, 0x3C, 0xED, 0x30, 0x72, 0xFC, 0x4E, 0x0A, 0x00,
    0x13, 0xDE, 0x14, 0xAA, 0xB9, 0xA9, 0x56, 0x3B, 0x87, 0xC0, 0xC2, 0xD7, 0xDC, 0x9D, 0xAB, 0x68,
    0x68, 0x87, 0xE4, 0xD5, 0x7F, 0xCB, 0xB3, 0xA5, 0x0E, 0x50, 0x92, 0x36, 0x10, 0x00, 0x3B, 0x89,
    0x09, 0xE4, 0x98, 0xA2, 0x4F, 0x47, 0x88, 0x25, 0xB9, 0x27, 0x28, 0xE8, 0x1C, 0xEA, 0x33, 0x7E,
    0x0E, 0x55, 0xD6, 0xA9, 0x13, 0x70, 0x00, 0x06, 0x82, 0xB0, 0xA2, 0xA6, 0xF6, 0x5E, 0x35, 0xDB,
    0xA1, 0x4B, 0x77, 0xE6, 0xED, 0x4B, 0xA9, 0xD6, 0x0C, 0xDB, 0xCC, 0xBB, 0xE1, 0x2B, 0x3D, 0xCD,
    0x5B, 0x2E, 0xA5, 0x7D, 0xC2, 0x89, 0x96, 0xA4, 0x25, 0xA5, 0xC4, 0x2F, 0xA9, 0x8B, 0x19, 0x50,
    0x40, 0x00, 0x36, 0xC7, 0xE6, 0xF2, 0xF3, 0x3D, 0x2A, 0xF5, 0x7E, 0x6C, 0xE5, 0x6E, 0xBA, 0xE1,
    0x5A, 0xE5, 0xD4, 0xC4, 0xE9, 0x4D, 0x40, 0x09, 0xA5, 0xD0, 0x03, 0x59, 0x27, 0x51, 0x77, 0x1E,
    0x9E, 0x05, 0x6D, 0x1F, 0x33, 0x73, 0x4A, 0x33, 0x97, 0x47, 0x85, 0xD5, 0x06, 0xFA, 0xE0, 0x00,
    0x28, 0x02, 0x7E, 0xB7, 0xD2, 0x4A, 0x65, 0x7B, 0x22, 0x02, 0xE6, 0x1C, 0x32, 0xCE, 0xC3, 0x18,
    0xDC, 0x1E, 0x25, 0x74, 0xD0, 0x30, 0x8C, 0x4D, 0xAE, 0x01, 0xD4, 0x5C, 0x07, 0x42, 0xDD, 0xE2,
    0x54, 0x56, 0xB7, 0xE7, 0x09, 0x62, 0xC0, 0x00, 0x13, 0xE2, 0x22, 0x55, 0xE8, 0x3A, 0x23, 0x69,
    0x79, 0x95, 0x02, 0x5F, 0x62, 0x47, 0xF8, 0x44, 0xFF, 0x53, 0x9E, 0xEB, 0xCA, 0x35, 0x7D, 0xF1,
    0x31, 0x5D, 0x27, 0x7D, 0xEC, 0xD7, 0x18, 0x49, 0xF8, 0xD9, 0xF5, 0xF5, 0x6C, 0x82, 0xE8, 0x54,
    0x01, 0x7B, 0x40, 0x6B, 0x92, 0x85, 0x80, 0x81, 0x50, 0x29, 0x41, 0xA2, 0x57, 0xAE, 0x7F, 0x6F,
    0xF2, 0xBC, 0x29, 0x64, 0xCB, 0xFD, 0x04, 0xAC, 0x00, 0x06, 0x96, 0x61, 0xD6, 0xE6, 0x61, 0x38,
    0x0A, 0x82, 0x7F, 0x7A, 0x40, 0x6A, 0x8E, 0x75, 0x2F, 0x26, 0x0B, 0x47, 0xC3, 0xF6, 0x14, 0x44,
    0x8A, 0x51, 0xBE, 0x11, 0x9D, 0x20, 0x7A, 0x85, 0x6F, 0xB4, 0xFC, 0xC7, 0xDD, 0x2E, 0xF2, 0xFC,
    0x2F, 0x56, 0x9A, 0x39, 0xEF, 0xA2, 0x81, 0xEA, 0xD1, 0x8F, 0x90, 0x20, 0x00, 0x34, 0xC5, 0xB5,
    0x2F, 0x00, 0x03, 0xFC, 0x93, 0x67, 0x56, 0x67, 0x36, 0xEB, 0x35, 0xC5, 0x91, 0x0C, 0x6B, 0x79,
    0x5A, 0x61, 0x9D, 0x0B, 0x7C, 0x36, 0xE7, 0x6D, 0xE8, 0x61, 0x46, 0x55, 0x9E, 0xF5, 0x92, 0x93,
    0xE2, 0x90, 0x2B, 0x83, 0xB3, 0xE2, 0x75, 0x0D, 0x68, 0x08, 0xC6, 0x16, 0xA8, 0xC6, 0x64, 0x4D,
    0xC0, 0x00, 0x38, 0xBE, 0x96, 0x90, 0x53, 0xA1, 0xCE, 0x11, 0xC0, 0xDE, 0xF2, 0x62, 0xBB, 0x1A,
    0x6A, 0x3F, 0xA2, 0xE5, 0x48, 0xC7, 0xF6, 0x05, 0x48, 0x76, 0x0A, 0xCF, 0xAD, 0xE4, 0x99, 0xDB,
    0x29, 0x91, 0xAF, 0x1C, 0x96, 0xAB, 0x1C, 0xBC, 0xA3, 0xBB, 0x34, 0x2E, 0x5B, 0x60, 0xB8, 0xC0,
    0x00, 0x01, 0x8C, 0x8A, 0x25, 0x78, 0x7D, 0x2D, 0x33, 0xE9, 0xB9, 0x85, 0xFB, 0xB8, 0xB0, 0xAA,
    0xD4, 0xE8, 0x0A, 0xB1, 0x50, 0x4D, 0x46, 0x9B, 0x7C, 0xA5, 0x2E, 0x8B, 0x52, 0xF4, 0xDF, 0xDD,
    0x4F, 0x3C, 0xC7, 0x70, 0x7C, 0x52, 0xC2, 0xD2, 0x94, 0xCC, 0x6D, 0xC0, 0x00, 0xB0, 0xC9, 0xE1,
    0x95, 0x6E, 0x12, 0x31, 0x2D, 0x32, 0x90, 0xC0, 0x23, 0xC3, 0x14, 0x48, 0x77, 0x99, 0x6A, 0x61,
    0x5E, 0xB5, 0x78, 0xC7, 0x60, 0x4B, 0x66, 0x77, 0x21, 0xC5, 0xA1, 0x0D, 0xF5, 0x31, 0x24, 0xEC,
    0x03, 0xB3, 0x91, 0x27, 0x4B, 0xC0, 0xB5, 0xF4, 0x60, 0x87, 0x31, 0x00, 0xA1, 0xA0, 0x20, 0xB7,
    0x4C, 0x9B, 0x04, 0xD9, 0xD3, 0x9B, 0x0E, 0x1E, 0x3A, 0x58, 0x0B, 0x35, 0x80, 0x87, 0x51, 0x00,
    0x45, 0x3E, 0x3C, 0x98, 0x82, 0xFC, 0x64, 0xE8, 0x89, 0xAC, 0x80, 0x00, 0x05, 0x91, 0x09, 0x96,
    0xDC, 0xEF, 0x0F, 0x0A, 0x5D, 0xD0, 0xF4, 0x59, 0x24, 0xAC, 0x16, 0x83, 0xB1, 0x3C, 0x2C, 0x58,
    0x4A, 0xCB, 0xB0, 0x46, 0xD5, 0x28, 0x0B, 0x99, 0x00, 0x98, 0xF0, 0xE0, 0x00, 0x06, 0x9F, 0x69,
    0xE5, 0x9C, 0xF1, 0xCB, 0x84, 0x71, 0xD1, 0xF5, 0x94, 0xCC, 0x81, 0x1D, 0x7B, 0xDD, 0x1A, 0x54,
    0x58, 0x45, 0x18, 0xF0, 0x80, 0x85, 0x02, 0x1A, 0x0B, 0x47, 0x06, 0x33, 0xF5, 0x64, 0xA7, 0xF0,
    0x3F, 0x98, 0xB1, 0xC4, 0xEF, 0x24, 0x67, 0x17, 0x80, 0x86, 0x02, 0x16, 0x26, 0xD8, 0x78, 0x10,
    0xB5, 0xF4, 0x46, 0x40, 0xC9, 0x96, 0x22, 0x41, 0x8E, 0x5B, 0xF8, 0x00, 0xC1, 0x41, 0x3C, 0x85,
    0xAE, 0xD5, 0xFC, 0xFD, 0xF7, 0x7D, 0x50, 0xD3, 0x68, 0xDA, 0x07, 0x54, 0xB3, 0x99, 0xA1, 0x91,
    0x72, 0x2E, 0x81, 0x1F, 0x9C, 0xCA, 0x72, 0x26, 0xC1, 0x62, 0x4E, 0x1F, 0x58, 0x33, 0x90, 0x1A,
    0x2E, 0xCE, 0x21, 0xD0, 0x19, 0xFF, 0xFF, 0x9C, 0x19, 0x4B, 0x9F, 0x5C, 0xCB, 0x31, 0x47, 0x19,
    0x15, 0xB5, 0x54, 0x42, 0x0E, 0x78, 0x50, 0x00, 0x1D, 0xBB, 0x61, 0x4A, 0xDC, 0xB2, 0x18, 0x4E,
    0x5F, 0xBC, 0x12, 0x6B, 0x0C, 0x1E, 0x5E, 0x31, 0x23, 0xEA, 0xF9, 0x74, 0x58, 0xF6, 0xF0, 0xD0,
    0xE2, 0x4D, 0xBC, 0x04, 0x96, 0x3D, 0xB2, 0x4B, 0x31, 0x4F, 0xF2, 0x29, 0xC1, 0x1D, 0x9D, 0x35,
    0x45, 0xA5, 0xA5, 0x07, 0x1C, 0x8F, 0x2E, 0x13, 0x24, 0x86, 0x84, 0x00, 0x5E, 0x29, 0x7A, 0xBE,
    0x0B, 0x8F, 0x70, 0xB6, 0x6B, 0xC0, 0x97, 0xC9, 0x1B, 0x5D, 0x27, 0xB5, 0xC6, 0x24, 0x68, 0x0E,
    0xDE, 0x25, 0x9C, 0x54, 0x88, 0x95, 0xF0, 0x61, 0xBD, 0xD9, 0x34, 0x31, 0xBB, 0xA8, 0x43, 0x56,
    0x55, 0x8C, 0xB4, 0x00, 0x97, 0x20, 0xD1, 0xA5, 0x3C, 0x7A, 0xC3, 0x17, 0xA3, 0xCE, 0x40, 0xE7,
    0xC9, 0xF5, 0xEF, 0xFD, 0x15, 0x8A, 0x14, 0x24, 0x93, 0xB2, 0xBD, 0x00, 0x71, 0x8D, 0x7A, 0xC4,
    0xCC, 0x04, 0xE4, 0x7C, 0xE8, 0xAC, 0xA8, 0xB9, 0x58, 0xBB, 0xB2, 0x9F, 0x53, 0x4C, 0x1A, 0xF0,
    0x35, 0x05, 0xE7, 0xF4, 0xF0, 0xEA, 0x7C, 0x95, 0x81, 0xBB, 0x55, 0xB3, 0x5A, 0xEC, 0x13, 0xEC,
    0xE5, 0xD5, 0x93, 0xD2, 0xF4, 0xD3, 0x04, 0xD1, 0x8D, 0xB9, 0xE7, 0x6F, 0x84, 0x9A, 0xF4, 0x37,
    0x9C, 0x9F, 0xC3, 0xF5, 0x6C, 0x81, 0xAE, 0x4D, 0xB2, 0xC6, 0x7B, 0x40, 0x00, 0x61, 0x45, 0x1C,
    0xB3, 0xE7, 0xC9, 0xC6, 0x67, 0xB4, 0x1B, 0x2C, 0x11, 0x16, 0x9A, 0xDE, 0x79, 0x42, 0x1A, 0x3F,
    0x70, 0x1F, 0xE1, 0x7F, 0x82, 0x8F, 0xA3, 0x1F, 0xE4, 0x3E, 0x54, 0x8F, 0xF3, 0xC2, 0x04, 0xC2,
    0xCA, 0xF3, 0x94, 0xED, 0x62, 0x05, 0x3A, 0x7C, 0x65, 0xFC, 0xEC, 0x14, 0x8E, 0xBE, 0x76, 0x7E,
    0xE2, 0x81, 0x8B, 0x1A, 0x54, 0x6F, 0xBC, 0x14, 0x7F, 0x83, 0x71, 0x02, 0x41, 0x2E, 0x54, 0x06,
    0x70, 0x14, 0x8A, 0x2B, 0x26, 0x5F, 0x59, 0x84, 0xE9, 0xD9, 0xB9, 0x8A, 0x45, 0x5A, 0x98, 0x82,
    0x72, 0x02, 0x28, 0x61, 0x4F, 0xCC, 0x32, 0x43, 0x50, 0x67, 0x75, 0x28, 0xF1, 0x1F, 0x61, 0x49,
    0x5F, 0x40, 0x87, 0x25, 0x00, 0xA3, 0x0A, 0xD6, 0xAB, 0x65, 0x96, 0x5E, 0x8F, 0x4F, 0x6A, 0x91,
    0x6E, 0xAC, 0x2E, 0x60, 0x4E, 0xD8, 0x87, 0x45, 0x00, 0x44, 0xE3, 0x25, 0x4B, 0x4C, 0x9B, 0xE3,
    0x81, 0x58, 0xD2, 0x19, 0x84, 0x00, 0xA2, 0x68, 0x24, 0x18, 0x16, 0x31, 0x52, 0x3F, 0xBB, 0xF8,
    0xA0, 0xAE, 0xE2, 0x4E, 0x65, 0x18, 0x95, 0xC2, 0xF5, 0x44, 0x58, 0x6E, 0x0B, 0x06, 0x99, 0x24,
    0xF4, 0xA1, 0xA0, 0x28, 0x80, 0x00, 0x85, 0xA2, 0xE2, 0xDF, 0x85, 0xE1, 0x8D, 0x00, 0x6F, 0xDE,
    0x8C, 0x33, 0x9C, 0x56, 0x20, 0x76, 0x40, 0x18, 0xBD, 0xF4, 0xB0, 0x3C, 0x00, 0x00, 0x12, 0x98,
    0x5F, 0x7F, 0xBB, 0x80, 0x00, 0x60, 0x64, 0xA8, 0x35, 0x49, 0x87, 0x5C, 0xB1, 0x72, 0x68, 0x00,
    0xD2, 0x96, 0x13, 0xE4, 0x91, 0x3F, 0x7F, 0xB8, 0x33, 0xF2, 0x11, 0xD1, 0x0A, 0x99, 0xA3, 0x5C,
    0x7D, 0xD2, 0xE2, 0x46, 0x40, 0x80, 0x39, 0x4C, 0x92, 0x5E, 0x32, 0x1F, 0x53, 0x57, 0xEC, 0x85,
    0xE7, 0x1E, 0x8D, 0xF0, 0xFF, 0x02, 0x5E, 0x1D, 0xB2, 0x4D, 0xF6, 0xA0, 0x0C, 0x4F, 0x25, 0x40,
    0x42, 0x27, 0x80, 0xBB, 0x07, 0x2A, 0x7C, 0x93, 0xA9, 0x3B, 0x1D, 0x98, 0x00, 0xDA, 0x12, 0x6C,
    0x6E, 0x12, 0xF4, 0x31, 0xEF, 0x6E, 0xA0, 0x18, 0x66, 0x13, 0x67, 0x7F, 0xDC, 0x62, 0xCC, 0xD1,
    0x0A, 0x06, 0x2D, 0x10, 0x9A, 0xC0, 0xDC, 0x47, 0xE1, 0xBB, 0x26, 0x24, 0x11, 0x0E, 0x45, 0xBC,
    0xEA, 0xDD, 0xDE, 0x53, 0x6F, 0x88, 0xDA, 0xE0, 0x4E, 0xB7, 0x39, 0xCE, 0x10, 0x9E, 0x0B, 0xBF,
    0xA0, 0x80, 0x2A, 0x00, 0x95, 0xF3, 0xC2, 0xEC, 0x8C, 0x5A, 0x0C, 0x74, 0xCD, 0x9A, 0xAA, 0x0E,
    0xA6, 0xAA, 0x7D, 0xFF, 0x9C, 0x8A, 0xD3, 0x30, 0xEB, 0x5A, 0xD4, 0x72, 0x21, 0xE2, 0x36, 0xF7,
    0x9F, 0xCB, 0xC4, 0x86, 0x07, 0x87, 0x97, 0x80, 0x80, 0x57, 0x00, 0x36, 0xE9, 0x3A, 0x1C, 0x7A,
    0x5B, 0xF8, 0xD2, 0x98, 0xC2, 0x65, 0x80, 0x31, 0xEF, 0xC4, 0x22, 0xED, 0x3B, 0xB2, 0x8B, 0x5A,
    0x00, 0x54, 0x00, 0x96, 0xAB, 0x91, 0x9F, 0x7D, 0x82, 0x8E, 0x87, 0x0D, 0x09, 0x87, 0x50, 0xD7,
    0x86, 0x98, 0x09, 0xE3, 0x3C, 0x81, 0x3F, 0x01, 0xFC, 0x1F, 0x8A, 0x34, 0x0B, 0x68, 0x00, 0xA5,
    0x64, 0x00, 0x19, 0x1A, 0x2F, 0xE8, 0x1D, 0x6D, 0xF2, 0x5A, 0x83, 0xE4, 0x56, 0x83, 0xD0, 0x70,
    0x33, 0x0C, 0x3C, 0x48, 0xCC, 0xEC, 0x88, 0x9B, 0x76, 0xDF, 0x05, 0x62, 0xDE, 0x50, 0x87, 0x27,
    0x00, 0x6F, 0x07, 0xB1, 0x22, 0x37, 0x67, 0x92, 0x3A, 0x66, 0xA0, 0x4D, 0x9D, 0x02, 0x9B, 0x24,
    0x70, 0xAC, 0x88, 0x3F, 0xD9, 0x6D, 0xB0, 0xD3, 0x42, 0x74, 0x37, 0x48, 0x10, 0xD8, 0x87, 0x52,
    0x00, 0x6F, 0xC0, 0x4B, 0xC2, 0x2C, 0x1A, 0x62, 0xBC, 0xC9, 0xDB, 0x89, 0x23, 0x43, 0xF1, 0xE8,
    0x83, 0x27, 0x00, 0x7C, 0xF7, 0xC4, 0xA4, 0xAA, 0x6B, 0x60, 0xA1, 0xB1, 0xEA, 0x61, 0xBF, 0x7A,
    0x2E, 0xA0, 0x00, 0x64, 0xA9, 0x75, 0xC6, 0xF5, 0x36, 0xFF, 0x29, 0xEC, 0x5E, 0x84, 0xEA, 0xA8,
    0xB4, 0x3C, 0x30, 0x87, 0x27, 0x00, 0x58, 0xE4, 0xCC, 0x57, 0x23, 0x97, 0x1E, 0x57, 0xC3, 0x7E,
    0x37, 0x15, 0x70, 0x2A, 0x97, 0x61, 0xD8, 0x85, 0x9E, 0x02, 0x09, 0xFD, 0x29, 0x3F, 0xDF, 0x6F,
    0x21, 0x46, 0xB3, 0x56, 0x31, 0x77, 0xF9, 0xE7, 0x4C, 0x20, 0xDE, 0x94, 0x87, 0x27, 0x00, 0x58,
    0xE4, 0xC9, 0x95, 0x69, 0x7B, 0x3B, 0xB6, 0x80, 0x9A, 0x9C, 0xD2, 0xF1, 0x1B, 0x92, 0x05, 0x41,
    0xDA, 0x1A, 0xBB, 0x43, 0x96, 0x15, 0xA6, 0x77, 0xF0, 0x08, 0x31, 0x59, 0x57, 0x5E, 0x96, 0xCC,
    0x8B, 0xA2, 0x02, 0x5B, 0x41, 0x0D, 0xA5, 0xA6, 0xF1, 0x8F, 0x67, 0x8C, 0xC4, 0x6C, 0x0F, 0x13,
    0x58, 0xEB, 0xB0, 0x44, 0x3E, 0x7C, 0x09, 0xA4, 0x3A, 0x10, 0x80, 0x87, 0x27, 0x02, 0xDA, 0xA4,
    0xE9, 0xD6, 0xBD, 0xA7, 0xE5, 0xB7, 0xA9, 0x51, 0xDE, 0xC5, 0xC1, 0x4A, 0xC9, 0xC1, 0xE5, 0xF6,
    0x8E, 0x89, 0x3C, 0x51, 0xDA, 0xAC, 0xF8, 0xE3, 0xBE, 0x1A, 0x51, 0x67, 0xCF, 0x8E, 0x84, 0xEE,
    0xAE, 0x02, 0x12, 0x5C, 0xC6, 0xBC, 0x38, 0x0E, 0x0B, 0xC8, 0x68, 0x17, 0x17, 0x28, 0xBD, 0x4B,
    0xF7, 0xBC, 0xFD, 0xC8, 0x79, 0x33, 0x25, 0xFC, 0xA2, 0x88, 0x00, 0x14, 0xB2, 0xDF, 0x46, 0xC4,
    0xE8, 0x21, 0x28, 0xC4, 0x56, 0x0E, 0x57, 0x2E, 0xF0, 0x38, 0xCC, 0x7B, 0x4E, 0xF9, 0xB2, 0xDD,
    0xE5, 0x8D, 0x80, 0x30, 0xE5, 0xA3, 0xE2, 0xC2, 0x5E, 0xA3, 0xBF, 0xCD, 0x96, 0x4F, 0xC5, 0x95,
    0x46, 0x8A, 0xB3, 0x43, 0x8E, 0xB8, 0x41, 0xAE, 0x9E, 0xD2, 0x83, 0xC7, 0xED, 0x24, 0xF7, 0xEC,
    0x49, 0x84, 0x70, 0x3D, 0x00, 0xBD, 0x40, 0x17, 0x59, 0xB0, 0x00, 0x89, 0x45, 0xA5, 0xB9, 0xDB,
    0x28, 0x9E, 0xD3, 0x07, 0x7A, 0x96, 0xD5, 0xCA, 0x7A, 0x35, 0x77, 0x4A, 0xBE, 0xF6, 0xDC, 0xAB,
    0xFC, 0x4F, 0x27, 0x28, 0x9A, 0xAE, 0xBE, 0x91, 0xB1, 0xAA, 0xD1, 0xEC, 0xB5, 0x25, 0xA6, 0x16,
    0x03, 0x3D, 0x54, 0x40, 0x00, 0x20, 0x15, 0xD4, 0x05, 0xB6, 0x9D, 0x13, 0x09, 0xA6, 0x2D, 0x5D,
    0x6D, 0x99, 0x05, 0x86, 0xCC, 0x9B, 0xF0, 0x10, 0xFE, 0x74, 0x19, 0x73, 0xCA, 0x84, 0x09, 0xB8,
    0x6F, 0x1E, 0xF3, 0xB8, 0x00, 0x09, 0x79, 0x01, 0x60, 0x87, 0x2D, 0x00, 0x74, 0x28, 0x49, 0x52,
    0x85, 0xE9, 0x81, 0x2B, 0xB9, 0xEA, 0x46, 0x5B, 0x6D, 0xCF, 0x2B, 0xEB, 0x1B, 0xA1, 0x23, 0xB5,
    0xF7, 0x33, 0x56, 0xC0, 0xF8, 0x65, 0xDD, 0x89, 0x4C, 0x35, 0xD1, 0xBB, 0x00, 0x06, 0x2B, 0x9C,
    0x07, 0x4E, 0xAB, 0x3E, 0xDD, 0x87, 0x40, 0x48, 0x0E, 0x79, 0x57, 0x60, 0xDB, 0x5B, 0x0A, 0x79,
    0xC4, 0x63, 0x84, 0x5D, 0x86, 0x09, 0x6C, 0xD0, 0x73, 0xE7, 0x5E, 0x43, 0x95, 0xCE, 0x0C, 0x52,
    0x1E, 0x80, 0x00, 0x18, 0x74, 0x2C, 0xA3, 0x2C, 0x6E, 0x52, 0x82, 0x12, 0xAF, 0x8D, 0x01, 0x90,
    0x33, 0xC4, 0x7F, 0x64, 0xC8, 0xF5, 0x8C, 0x8A, 0x2F, 0x9F, 0x17, 0x10, 0x92, 0xBA, 0x6F, 0xB9,
    0xF5, 0x58, 0xBA, 0x54, 0x83, 0x42, 0x7E, 0xDB, 0xFE, 0xBC, 0x9F, 0x7E, 0x0D, 0x9F, 0x4E, 0x70,
    0x6D, 0x98, 0xB5, 0x0D, 0x80, 0x00, 0x06, 0x33, 0x46, 0xF5, 0x17, 0xAD, 0x0B, 0x03, 0x87, 0x13,
    0x2B, 0xA2, 0x2F, 0x02, 0x26, 0x06, 0x2A, 0xDD, 0xF8, 0xBF, 0x42, 0x2E, 0x42, 0x59, 0xB4, 0x13,
    0x82, 0x0D, 0xA1, 0xA3, 0xD1, 0x9C, 0x3C, 0x58, 0x87, 0xAB, 0x02, 0x69, 0xBF, 0xCC, 0x7A, 0xDA,
    0x95, 0x72, 0x74, 0xF8, 0xE9, 0xAF, 0xEF, 0xA8, 0x76, 0xC2, 0x9C, 0x30, 0x51, 0xDD, 0x32, 0x40,
    0x11, 0x80, 0xAC, 0x02, 0x7E, 0x31, 0xA2, 0xC6, 0x4C, 0x58, 0xCC, 0x64, 0x64, 0x63, 0x61, 0x5A,
    0xAB, 0xC8, 0x41, 0xC6, 0xC8, 0x14, 0xFC, 0x87, 0xAB, 0x02, 0x07, 0x94, 0xC8, 0x60, 0x7E, 0xBE,
    0x46, 0xCE, 0xB6, 0x66, 0x25, 0xE7, 0x03, 0x69, 0x01, 0x7E, 0xD9, 0x27, 0x5B, 0xD2, 0x61, 0x05,
    0x1A, 0x9E, 0xE8, 0xBE, 0x2B, 0x41, 0x53, 0x9A, 0xFE, 0x1D, 0xD5, 0x0E, 0xF6, 0x4F, 0xC0, 0x00,
    0x0A, 0x67, 0x52, 0x79, 0x54, 0xE5, 0x0D, 0x56, 0xF7, 0x4B, 0x25, 0x43, 0x4E, 0x40, 0xAB, 0x78,
    0xCC, 0xA9, 0x0D, 0x88, 0x2F, 0x1B, 0x51, 0x67, 0xB5, 0x8F, 0xE1, 0x57, 0x09, 0xE6, 0x56, 0x50,
    0x87, 0x2A, 0x00, 0x65, 0xC8, 0xA3, 0x05, 0xD3, 0x9C, 0x79, 0x9F, 0xDA, 0xAD, 0x38, 0x2A, 0x6A,
    0x0A, 0x8F, 0x80, 0x87, 0x50, 0x00, 0x2E, 0xB7, 0x63, 0x4B, 0x84, 0x66, 0xD2, 0x0A, 0x40, 0x60,
    0x73, 0xB9, 0x29, 0xD6, 0xD4, 0x19, 0xB4, 0x0D, 0x0A, 0x02, 0x80, 0x47, 0x67, 0xE5, 0xE2, 0x8F,
    0xC6, 0x90, 0xE1, 0x96, 0x00, 0x13, 0xCC, 0x05, 0xC7, 0x9F, 0xC4, 0x96, 0xE5, 0x6A, 0x7F, 0x1F,
    0xD0, 0xB2, 0x03, 0xBE, 0x6F, 0xDC, 0x04, 0xFA, 0xAF, 0x7E, 0x2D, 0x32, 0x5A, 0x0D, 0xC1, 0xAA,
    0x9D, 0x71, 0x34, 0x2F, 0x2D, 0x2F, 0xC3, 0xB0, 0x40, 0x75, 0x72, 0x99, 0xB7, 0xB8, 0x87, 0x76,
    0x02, 0x72, 0x78, 0x25, 0x70, 0x2E, 0xF1, 0x40, 0xC1, 0x45, 0x5B, 0x22, 0x0F, 0x4C, 0x50, 0x24,
    0x53, 0x57, 0xEF, 0x3E, 0xB0, 0xA1, 0x8D, 0x68, 0x22, 0xBC, 0x88, 0x88, 0x75, 0x02, 0x15, 0x95,
    0x70, 0xAB, 0x27, 0x8C, 0x3E, 0x8C, 0x9A, 0xBC, 0xC7, 0xE4, 0xF1, 0xF4, 0xD2, 0x14, 0xCE, 0xC9,
    0xA3, 0x96, 0x9F, 0x80, 0x13, 0x9C, 0x86, 0x1A, 0x51, 0xED, 0x9F, 0x47, 0x71, 0x8C, 0x60, 0x7B,
    0xC8, 0x01, 0xAB, 0x8F, 0xF2, 0x46, 0xF0, 0x93, 0x41, 0xE6, 0x9A, 0xD7, 0x9C, 0x23, 0x6E, 0xA3,
    0x36, 0x98, 0xDA, 0x87, 0x74, 0x02, 0x05, 0xC5, 0x92, 0x8E, 0x34, 0xBE, 0x9F, 0x58, 0xE9, 0x73,
    0x9C, 0xFD, 0xDA, 0x1B, 0x0E, 0xF8, 0x37, 0x28, 0x19, 0x59, 0xE4, 0x79, 0xBB, 0x64, 0x01, 0xB3,
    0x43, 0x5A, 0x80, 0xC1, 0xD5, 0xC4, 0xB7, 0xA8, 0xBA, 0x00, 0xA9, 0x3B, 0xF1, 0x55, 0xFF, 0xCD,
    0x89, 0xC8, 0xE5, 0x8E, 0xA4, 0xFD, 0x1D, 0x15, 0x23, 0xB1, 0x70, 0xB4, 0x7F, 0xC8, 0xA6, 0x91,
    0xCF, 0x45, 0x27, 0xC7, 0x8D, 0x37, 0xA2, 0xE1, 0xF7, 0x08, 0xCA, 0xCA, 0xB9, 0xEA, 0xF7, 0x3B,
    0xA8, 0xB0, 0x8D, 0x17, 0x00, 0x25, 0xB6, 0x85, 0xDE, 0x66, 0xE9, 0xB2, 0xCE, 0xF4, 0x3A, 0x66,
    0x35, 0x48, 0xB3, 0x17, 0xD0, 0x4B, 0x8C, 0x66, 0xA3, 0x07, 0x66, 0x2A, 0x3F, 0x5D, 0x55, 0x9D,
    0x91, 0x82, 0x46, 0x61, 0x15, 0x1C, 0x32, 0x87, 0x25, 0x00, 0xA3, 0x0A, 0xD6, 0x99, 0x8C, 0x31,
    0x30, 0x5D, 0x3D, 0x7C, 0x70, 0x29, 0xD8, 0x8A, 0x87, 0x45, 0x00, 0x44, 0xE3, 0x22, 0x8D, 0xF7,
    0xC8, 0xEF, 0x7D, 0x53, 0x95, 0xD3, 0xE8, 0x40, 0x87, 0x36, 0x00, 0x51, 0x42, 0xC4, 0xFB, 0xFA,
    0xDF, 0x2B, 0xD5, 0xCC, 0xB5, 0x52, 0x87, 0x4F, 0x00, 0xC1, 0xED, 0xCC, 0x66, 0x27, 0xC9, 0xE7,
    0xE6, 0x3C, 0xBD, 0x67, 0xA6, 0x54, 0x58, 0x78, 0x91, 0xF0, 0x2F, 0x2E, 0x20, 0x87, 0x3B, 0x00,
    0x6E, 0xC5, 0x6A, 0x83, 0xC0, 0x9A, 0x13, 0xF2, 0x40, 0x87, 0x58, 0x00, 0x7C, 0xA4, 0x6B, 0x51,
    0x9C, 0xF6, 0x9A, 0x84, 0xC4, 0xBB, 0x49, 0x59, 0x90, 0x87, 0x3B, 0x00, 0x6E, 0xC5, 0x6A, 0x83,
    0xC0, 0x86, 0x35, 0x57, 0x23, 0xE7, 0x67, 0x2C, 0x9A, 0xC9, 0x80, 0x87, 0xC0, 0x02, 0x7C, 0xA4,
    0x6B, 0x4F, 0x4C, 0x44, 0x9A, 0x9B, 0x58, 0x4E, 0xC2, 0x6C, 0x87, 0x3A, 0x00, 0x66, 0xE9, 0x3C,
    0x66, 0x95, 0x9A, 0x9B, 0x03, 0x66, 0x42, 0xDB, 0x43, 0x29, 0xA4, 0xC7, 0xD5, 0xF8, 0x87, 0x5A,
    0x00, 0x54, 0xCE, 0x17, 0x50, 0x7B, 0x3F, 0x22, 0xCF, 0x6B, 0x03, 0x57, 0xC8, 0xDC, 0xA4, 0x00,
    0x09, 0xEC, 0xF3, 0xEE, 0x03, 0x66, 0x6F, 0x8E, 0xB9, 0x78, 0xCD, 0x60, 0x3B, 0xA4, 0x93, 0x38,
    0xAA, 0x9C, 0x23, 0xE2, 0x2E, 0xB4, 0x2F, 0xBD, 0xF9, 0xCC, 0xB6, 0xD6, 0x3C, 0x43, 0x16, 0xA4,
    0xE3, 0x2F, 0x46, 0xFC, 0x90, 0xC0, 0x2F, 0xFF, 0xB6, 0xD9, 0x1D, 0xC5, 0xA4, 0x50, 0x00, 0x05,
    0x2D, 0x34, 0xA2, 0x96, 0xA7, 0xC1, 0x98, 0xB9, 0xA5, 0x9C, 0x91, 0x07, 0x15, 0x4F, 0xA2, 0xC3,
    0x5F, 0xA2, 0xAF, 0x54, 0x0A, 0x39, 0x03, 0xF8, 0x02, 0x03, 0xF5, 0x7E, 0xC2, 0x89, 0x4A, 0xBA,
    0xE8, 0x18, 0x6D, 0x6C, 0x7C, 0x60, 0x4A, 0x0D, 0x0D, 0x1F, 0x81, 0x44, 0x00, 0x00, 0x96, 0xAB,
    0x6C, 0x5E, 0xE1, 0xCE, 0x02, 0x64, 0xF1, 0x88, 0x95, 0x01, 0x22, 0x7D, 0x73, 0xCF, 0xBC, 0xB8,
    0x4F, 0xB0, 0xA7, 0xA3, 0xA2, 0x39, 0xA5, 0xB3, 0xED, 0x4E, 0x08, 0x4D, 0xAB, 0xE5, 0x30, 0x2E,
    0x2D, 0xB5, 0xD0, 0x87, 0xB4, 0x02, 0x74, 0x66, 0x98, 0x87, 0xD6, 0x3E, 0x8F, 0x2B, 0x2C, 0x2A,
    0xF8, 0x3E, 0x26, 0x8A, 0xC1, 0x57, 0x97, 0x60, 0xA4, 0xE0, 0x6D, 0x26, 0x4C, 0x65, 0x69, 0xE1,
    0x70, 0x50, 0x87, 0x38, 0x02, 0x63, 0xB5, 0x06, 0x68, 0xE1, 0x14, 0x8F, 0x15, 0xA3, 0x03, 0xF1,
    0x4E, 0x93, 0xE2, 0x88, 0x87, 0x58, 0x02, 0x78, 0x03, 0xBC, 0x9B, 0xB5, 0x37, 0x4D, 0x58, 0xC5,
    0xA3, 0x11, 0xE5, 0xA4, 0xE0, 0x00, 0x13, 0xCB, 0xBE, 0xB1, 0x4E, 0x24, 0xC1, 0x20, 0x0C, 0xF8,
    0x72, 0xE0, 0xA1, 0xDA, 0xB7, 0xDF, 0x83, 0x02, 0x23, 0xFF, 0xE5, 0x3A, 0xDC, 0x39, 0xAD, 0x16,
    0x28, 0xBC, 0x19, 0x32, 0xC8, 0xE8, 0x40, 0x87, 0x4A, 0x00, 0xA4, 0x24, 0x02, 0x9B, 0x81, 0x4E,
    0x39, 0x97, 0x00, 0xB5, 0x2C, 0x70, 0x2D, 0xBC, 0xE3, 0x4A, 0x81, 0x4E, 0x94, 0x7F, 0x18, 0xF8,
    0xC1, 0x2F, 0xA5, 0xF1, 0xC7, 0x5A, 0x23, 0x4A, 0xCC, 0x5D, 0x0F, 0xF9, 0x7D, 0x5F, 0xD9, 0x17,
    0x9E, 0x92, 0x33, 0x75, 0x01, 0xA0, 0xFA, 0x45, 0x16, 0x1C, 0xC0, 0x00, 0x55, 0xE7, 0x13, 0x0A,
    0xC3, 0xEB, 0x37, 0xF7, 0x94, 0xB5, 0xC6, 0x60, 0x06, 0x49, 0xCB, 0xEB, 0x1F, 0xD1, 0xDC, 0xD2,
    0xAE, 0xDC, 0xCF, 0xBC, 0x66, 0xA9, 0xB6, 0x96, 0xB6, 0x87, 0xCD, 0x02, 0xB9, 0x10, 0xA0, 0xCC,
    0x2D, 0x77, 0xCA, 0xBB, 0x70, 0xD5, 0xF1, 0x6E, 0x06, 0x13, 0xBF, 0x96, 0x87, 0xCE, 0x02, 0x70,
    0xB2, 0x9C, 0x9E, 0x56, 0x3F, 0x8C, 0xB3, 0x87, 0x98, 0x2F, 0xB9, 0x85, 0x27, 0x87, 0xEF, 0x00,
    0x52, 0x1D, 0x52, 0x70, 0xB0, 0x80, 0x27, 0x02, 0xD4, 0xB7, 0x6F, 0xD1, 0xF2, 0xE4, 0x7F, 0x19,
    0xBB, 0xBB, 0xD8, 0x37, 0xD3, 0xC2, 0x6A, 0x1D, 0x01, 0xA1, 0x45, 0x3B, 0x5B, 0x61, 0xE4, 0xAC,
    0x80, 0x47, 0x02, 0x6E, 0x83, 0x17, 0xA2, 0x12, 0x99, 0x0D, 0xA5, 0x51, 0x86, 0xA8, 0xE8, 0x87,
    0x09, 0xC8, 0xAF, 0xE7, 0xE0, 0xB1, 0x64, 0xC3, 0x0A, 0x80, 0x87, 0xAB, 0x02, 0x68, 0x86, 0x0A,
    0xDE, 0x8C, 0x3E, 0x3F, 0x99, 0x5E, 0xF7, 0x5F, 0xEB, 0xD9, 0xD3, 0xCA, 0x83, 0x45, 0x73, 0x31,
    0x2F, 0xAE, 0xFF, 0x2D, 0x88, 0x27, 0x41, 0x35, 0xE0, 0x2E, 0x6C, 0x99, 0xC7, 0x15, 0x03, 0x17,
    0xA0, 0x8E, 0xB0, 0x02, 0x06, 0xD1, 0x9F, 0x97, 0x33, 0xB8, 0x6C, 0xEC, 0x74, 0x67, 0x69, 0xFE,
    0x46, 0x20, 0x11, 0x93, 0x40, 0x58, 0xF3, 0x5F, 0x44, 0x85, 0x3E, 0x8D, 0x65, 0x1D, 0x86, 0x91,
    0xCE, 0x00, 0x36, 0xCD, 0x6F, 0x22, 0x67, 0xEA, 0x73, 0xBD, 0x13, 0xA6, 0xBA, 0x12, 0xB4, 0xFB,
    0xA2, 0x42, 0x94, 0xF1, 0xDC, 0x0C, 0x79, 0xF8, 0xAF, 0xC6, 0xDD, 0x1E, 0xC1, 0xC5, 0xCA, 0x4B,
    0x34, 0xA2, 0x53, 0xDA, 0x92, 0x89, 0xE9, 0xC1, 0x00, 0x4C, 0xE4, 0x24, 0xA7, 0xBB, 0xA7, 0x79,
    0xD9, 0xF0, 0xB9, 0x01, 0xD0, 0xFD, 0x8F, 0xAA, 0xE0, 0x12, 0x43, 0xFF, 0x45, 0xB1, 0xAF, 0xBB,
    0x20, 0x07, 0x51, 0x48, 0x5C, 0x3F, 0x41, 0xA1, 0x60, 0x87, 0x2A, 0x00, 0x65, 0xC8, 0xA3, 0x05,
    0xD3, 0x78, 0x31, 0x41, 0xAC, 0x4B, 0x7D, 0x61, 0x49, 0x40, 0x72, 0x07, 0x43, 0xBC, 0x2A, 0x97,
    0x94, 0x07, 0xFE, 0xF1, 0x00, 0x06, 0x2C, 0x3D, 0xF0, 0x75, 0x5D, 0xB3, 0x87, 0xAB, 0x12, 0xA8,
    0xAF, 0x36, 0x2C, 0x08, 0xF5, 0x6B, 0xBB, 0x4C, 0x13, 0x69, 0x1B, 0x01, 0x52, 0x93, 0x2C, 0xF4,
    0x8C, 0x62, 0x6B, 0x2D, 0xB0, 0x87, 0x2A, 0x00, 0x65, 0xC8, 0xA3, 0x05, 0xD3, 0x9C, 0x78, 0x90,
    0xCA, 0x76, 0xF0, 0xBB, 0xFB, 0x0B, 0x57, 0xD2, 0x00, 0x70, 0x87, 0xB4, 0x02, 0x79, 0x5A, 0x25,
    0x71, 0xF3, 0x93, 0x36, 0xE9, 0xFC, 0x80, 0xEC, 0xC5, 0x33, 0x87, 0xC7, 0x02, 0x67, 0x1B, 0xBE,
    0xFE, 0x8D, 0x31, 0x79, 0x55, 0xB4, 0x13, 0x6E, 0x75, 0xE1, 0x03, 0x64, 0x00, 0x06, 0x2B, 0xAF,
    0x31, 0x15, 0xB7, 0x4E, 0x78, 0x55, 0x97, 0xA9, 0x11, 0x9D, 0xB0, 0x01, 0x56, 0x72, 0x65, 0xD1,
    0x0D, 0xB3, 0xFA, 0x88, 0x22, 0x74, 0xC0, 0x51, 0xCE, 0x87, 0x2F, 0x00, 0x79, 0x29, 0x4A, 0x3C,
    0x1D, 0x54, 0xC6, 0xFC, 0xB7, 0x3C, 0x42, 0x94, 0x81, 0xA0, 0xC4, 0xE7, 0x49, 0xED, 0x92, 0xCD,
    0x26, 0xE0, 0x00, 0x1D, 0x7F, 0xCE, 0xAA, 0x01, 0x26, 0xDD, 0xA4, 0x2F, 0x1A, 0xB5, 0xF4, 0x2F,
    0xE5, 0xEB, 0xF3, 0x1F, 0xD6, 0x70, 0xB2, 0x8E, 0x10, 0x1C, 0x20, 0x65, 0xA6, 0xC4, 0x4A, 0x30,
    0xD3, 0x8D, 0x26, 0x8E, 0x2F, 0xDC, 0x63, 0xC5, 0x17, 0xD1, 0x35, 0xBF, 0xAD, 0xEE, 0xE2, 0x17,
    0x50, 0x87, 0xEF, 0x00, 0x52, 0x1D, 0x52, 0x70, 0xB0, 0x80, 0xC5, 0x00, 0x84, 0x3E, 0xB9, 0x42,
    0xC2, 0x9A, 0x9B, 0xCE, 0xC3, 0xE2, 0x8D, 0xCC, 0x88, 0xCF, 0x06, 0x80, 0x80, 0x43, 0x00, 0x5D,
    0x78, 0x7D, 0x17, 0x8A, 0xD4, 0xB6, 0x81, 0x77, 0xC1, 0x80, 0xE2, 0xE0, 0xC4, 0x04, 0x08, 0x87,
    0x85, 0x00, 0xC6, 0xD4, 0x1F, 0xE9, 0x4B, 0x5D, 0x4A, 0xA6, 0x42, 0xCE, 0x40, 0x87, 0xA5, 0x00,
    0x95, 0x27, 0xCF, 0x39, 0x13, 0x1C, 0x44, 0xE9, 0xE7, 0xF5, 0x87, 0x87, 0x00, 0x7F, 0xD5, 0xC0,
    0x95, 0xD7, 0xFC, 0x07, 0x9C, 0x70, 0xF1, 0x5A, 0x98, 0x87, 0xA7, 0x00, 0x51, 0xA7, 0xCF, 0x82,
    0x9F, 0x47, 0xCC, 0x7A, 0xA0, 0xE3, 0x7A, 0x80, 0x27, 0x00, 0x92, 0x7F, 0x40, 0xCF, 0xD9, 0xE0,
    0xDE, 0x06, 0x17, 0x5A, 0xEF, 0x3C, 0x48, 0x5A, 0xC8, 0x80, 0x47, 0x00, 0x1E, 0xC8, 0x68, 0x69,
    0x43, 0x36, 0xA1, 0x3A, 0xB4, 0xDD, 0x67, 0xF1, 0xFA, 0xAD, 0x50, 0x00, 0x8F, 0xA5, 0x21, 0xFF,
    0x72, 0x1B, 0x47, 0x56, 0x37, 0xB5, 0xB6, 0x79, 0x49, 0x93, 0xE0, 0xF2, 0x4A, 0x8D, 0x9B, 0x69,
    0x81, 0x28, 0x60, 0x18, 0x61, 0xD2, 0x7D, 0xBE, 0x36, 0x51, 0x84, 0x98, 0x87, 0x5E, 0x01, 0x4B,
    0x36, 0x85, 0x44, 0xD6, 0x0A, 0x81, 0xE9, 0x02, 0x97, 0x99, 0x7D, 0x07, 0xF6, 0x7F, 0x50, 0xCC,
    0x04, 0xC4, 0xA3, 0x35, 0x7C, 0x7F, 0x10, 0x80, 0x5E, 0x01, 0x81, 0x5D, 0xF7, 0xB8, 0x58, 0x93,
    0x07, 0xDC, 0xCB, 0x75, 0x72, 0xED, 0xAF, 0x9C, 0x80, 0x27, 0x02, 0xD2, 0x10, 0x2E, 0x05, 0xAA,
    0x0A, 0x5E, 0x95, 0x62, 0x90, 0x71, 0xC8, 0x76, 0x01, 0xE7, 0x28, 0x34, 0xAF, 0xF9, 0xF1, 0x96,
    0x77, 0xAC, 0x80, 0x47, 0x02, 0xCB, 0x72, 0x3F, 0xFB, 0x13, 0xAA, 0x63, 0xEC, 0xA5, 0x5C, 0xD4,
    0x5F, 0x34, 0xEB, 0x02, 0x22, 0x1F, 0xB0, 0x07, 0xD6, 0xC0, 0x81, 0x28, 0x02, 0x96, 0xD5, 0xDF,
    0xC6, 0x54, 0x2D, 0xAF, 0x67, 0x72, 0x36, 0x94, 0xD7, 0x54, 0xFA, 0xE6, 0x80, 0x80, 0x5E, 0x02,
    0x77, 0xD9, 0x9C, 0xF0, 0xB4, 0xFC, 0x7D, 0xE6, 0x61, 0x06, 0x45, 0x30, 0xB2, 0xB6, 0x1B, 0xAE,
    0x68, 0x28, 0xD4, 0xC1, 0x4B, 0xC5, 0x1E, 0x22, 0x14, 0x48, 0xA8, 0x8E, 0x6F, 0x01, 0x4F, 0xD9,
    0xE9, 0x47, 0x50, 0x54, 0xEF, 0x9A, 0x0D, 0x8E, 0x70, 0x01, 0x66, 0x56, 0x28, 0x17, 0x8C, 0x0D,
    0x21, 0xDE, 0x8A, 0x1E, 0x02, 0x54, 0x40, 0x90, 0x25, 0xE5, 0x73, 0x62, 0xAE, 0x1E, 0x1D, 0x24,
    0x11, 0xBF, 0x40, 0x83, 0x57, 0x00, 0x25, 0x06, 0xCE, 0xE6, 0xA4, 0x4F, 0x85, 0xBA, 0x27, 0xA8,
    0xE0, 0x87, 0x1E, 0x02, 0xF7, 0x6D, 0x12, 0x09, 0x97, 0x99, 0xF7, 0xCD, 0xD8, 0xC4, 0x9A, 0x05,
    0x84, 0x36, 0x6F, 0xCC, 0x23, 0x88, 0x6E, 0x80, 0x57, 0x00, 0x91, 0x50, 0x7E, 0x5D, 0x45, 0x00,
    0xDC, 0x3E, 0xFC, 0xBA, 0xC0, 0x9E, 0x30, 0x40, 0x15, 0x80, 0x87, 0x8D, 0x01, 0xFE, 0xF1, 0x46,
    0x8E, 0x5D, 0x66, 0x8B, 0x14, 0xB1, 0x0A, 0xD4, 0x66, 0xAF, 0xCE, 0x60, 0x87, 0xB7, 0x00, 0xA1,
    0x01, 0x83, 0xB3, 0x2C, 0x36, 0xDE, 0x72, 0xE4, 0x87, 0x31, 0x00, 0xA1, 0xA0, 0x27, 0xE5, 0xE9,
    0x5F, 0xFD, 0x1A, 0x66, 0xC0, 0x87, 0x51, 0x00, 0x45, 0x41, 0x8D, 0xA7, 0xE9, 0x69, 0x2A, 0x52,
    0x9C, 0x81, 0xF9, 0x02, 0xA6, 0xAB, 0x4A, 0x59, 0x34, 0x6A, 0x76, 0x50, 0x09, 0x8F, 0xA3, 0x59,
    0x47, 0xE3, 0x7D, 0x87, 0xB7, 0x00, 0xA1, 0x01, 0x83, 0xB2, 0xC4, 0xF8, 0x03, 0xA0, 0xAE, 0x3A,
    0x1E, 0x40, 0x81, 0x3E, 0x02, 0x98, 0x4C, 0x5E, 0xC6, 0x54, 0xB3, 0x7A, 0x6A, 0xED, 0x2E, 0xC1,
    0xEE, 0x52, 0x9B, 0x5E, 0x80, 0x5E, 0x02, 0x78, 0xD7, 0xD2, 0xFC, 0x91, 0x54, 0x9D, 0xDD, 0xD7,
    0xD5, 0x68, 0xCE, 0xDF, 0x58, 0x8A, 0x1F, 0x02, 0xA5, 0x4B, 0xC6, 0x39, 0xAE, 0x8C, 0xF6, 0x30,
    0x1F, 0x7A, 0x64, 0x80, 0x8A, 0xC0, 0x00, 0xCA, 0x84, 0x8F, 0x12, 0x11, 0xE6, 0x76, 0xD1, 0xE9,
    0x90, 0x4B, 0xA0, 0x87, 0x1F, 0x02, 0x9D, 0x89, 0x5C, 0x9A, 0x8E, 0x1D, 0xBB, 0x0C, 0x02, 0xF3,
    0xFD, 0x9F, 0xB3, 0x19, 0x12, 0xEA, 0xAE, 0x87, 0xC0, 0x00, 0xBC, 0xDB, 0x43, 0x40, 0x69, 0x01,
    0x9F, 0x6B, 0x57, 0xA0, 0x4F, 0xD4, 0x87, 0x1F, 0x02, 0x4B, 0xC5, 0x4B, 0x1C, 0x84, 0xC2, 0x33,
    0x1E, 0x23, 0x7C, 0xF0, 0x11, 0x21, 0x65, 0x7D, 0xEE, 0x77, 0x82, 0xCF, 0xCF, 0x00, 0x6D, 0x44,
    0xC0, 0xD4, 0xD1, 0x40, 0xE3, 0xE9, 0xB5, 0x63, 0xAF, 0x82, 0xED, 0x95, 0x11, 0x34, 0x54, 0x6D,
    0x36, 0x8D, 0xE0, 0xC6, 0x1B, 0xA8, 0x88, 0x1C, 0x49, 0xA3, 0x19, 0x84, 0xE0, 0x4C, 0x24, 0x12,
    0xE7, 0x67, 0xB7, 0x6E, 0x7B, 0x99, 0x80, 0x38, 0x02, 0xA1, 0x4C, 0x56, 0x78, 0x6A, 0x98, 0x25,
    0xA2, 0x9B, 0x88, 0x38, 0x0F, 0x7B, 0x81, 0x9F, 0xF8, 0x80, 0x58, 0x02, 0x8B, 0x80, 0xC7, 0xA2,
    0x9A, 0x90, 0x63, 0x71, 0xE6, 0x49, 0xCD, 0x88, 0xF5, 0x76, 0x80, 0x87, 0x27, 0x00, 0x58, 0xE4,
    0xC9, 0xB0, 0x7D, 0x4C, 0xF9, 0x17, 0x05, 0xFE, 0xAB, 0xFC, 0xFF, 0xB3, 0xF4, 0x35, 0x00, 0x0E,
    0xCE, 0x3F, 0x5B, 0xAF, 0xC0, 0x0D, 0xDC, 0xA1, 0x7C, 0x13, 0xAB, 0x36, 0xAC, 0xA5, 0xC0, 0xD8,
    0xEC, 0x0A, 0x27, 0x46, 0xE2, 0x44, 0xAE, 0xD8, 0x80, 0x3C, 0x02, 0xCB, 0x72, 0x3F, 0xFB, 0x1D,
    0xE3, 0x44, 0xBB, 0xE0, 0x93, 0xAC, 0xA4, 0x16, 0xD5, 0x1A, 0x0A, 0xD3, 0x9E, 0x80, 0x80, 0x5C,
    0x02, 0xAC, 0x4F, 0x4E, 0xE9, 0x05, 0x75, 0x9D, 0x63, 0x62, 0xF4, 0x5A, 0xF6, 0x72, 0xED, 0xC1,
    0x51, 0x63, 0x87, 0x27, 0x00, 0x58, 0xE4, 0xC9, 0xAD, 0x6E, 0x81, 0x8C, 0xF6, 0x3C, 0xA0, 0x25,
    0x8C, 0xD5, 0xF5, 0xF3, 0xCB, 0xED, 0x8F, 0x65, 0x6E, 0x95, 0x00, 0xE6, 0xF8, 0x87, 0xA4, 0x02,
    0x66, 0x28, 0x12, 0xFE, 0x0E, 0x0E, 0x31, 0x42, 0xB0, 0xB4, 0x48, 0x8A, 0x9F, 0x88, 0x87, 0x3A,
    0x00, 0x66, 0xE9, 0x3C, 0x66, 0x95, 0x9A, 0x9B, 0x03, 0x66, 0x48, 0x4A, 0x5F, 0xE0, 0x7B, 0xE7,
    0x90, 0x66, 0xA8, 0xB2, 0x3E, 0x87, 0x5A, 0x00, 0x54, 0xCE, 0x17, 0x50, 0x7B, 0x3F, 0x0F, 0x1F,
    0xBB, 0x59, 0x68, 0x80, 0x8D, 0x85, 0x38, 0x87, 0x3A, 0x00, 0x66, 0xE9, 0x3C, 0x66, 0xA1, 0xF2,
    0x22, 0x96, 0x19, 0x7D, 0xB8, 0xF3, 0x4B, 0x0B, 0xC9, 0x80, 0x87, 0xC4, 0x02, 0x54, 0xCE, 0x5E,
    0x5F, 0xC8, 0xB7, 0x78, 0xA4, 0xDD, 0x75, 0xDD, 0x87, 0x23, 0x00, 0x9B, 0xAA, 0x16, 0x7A, 0x46,
    0xFD, 0xDA, 0x1C, 0x2F, 0xEF, 0xDA, 0x1F, 0x1D, 0x3F, 0x87, 0x43, 0x00, 0x3D, 0xA9, 0x6E, 0x09,
    0x04, 0x9D, 0x63, 0xDE, 0xFF, 0xB6, 0xF9, 0xFA, 0x39, 0xE0, 0x86, 0x82, 0x00, 0x69, 0x72, 0x02,
    0x15, 0xC5, 0x93, 0x27, 0xF6, 0xBE, 0x53, 0x20, 0xAA, 0xC3, 0x7F, 0x6E, 0xC0, 0x85, 0xA2, 0x00,
    0x95, 0x25, 0x6C, 0x3A, 0x38, 0x68, 0x17, 0xEA, 0xA7, 0x91, 0x70, 0x21, 0x76, 0xCB, 0xBA, 0xD0,
    0x00, 0x8C, 0xFF, 0x54, 0x6B, 0x72, 0xB5, 0x5D, 0xE0, 0xD1, 0xCE, 0xB0, 0x85, 0x60, 0x9D, 0x62,
    0xD2, 0xCA, 0x04, 0x6D, 0x1B, 0x0D, 0x6C, 0x92, 0xE3, 0x2D, 0xB3, 0xCB, 0xA0, 0x80, 0x0B, 0x31,
    0x2B, 0xEA, 0xDC, 0x76, 0xF1, 0x6E, 0xD9, 0x98, 0xFA, 0x15, 0xB3, 0x40, 0x1E, 0x0D, 0xBD, 0x96,
    0xD7, 0x20, 0x00, 0x77, 0x9D, 0x92, 0x0C, 0x11, 0xB3, 0x20, 0x55, 0xC7, 0x2C, 0x0E, 0x48, 0x37,
    0x6F, 0x5E, 0x6F, 0x14, 0x93, 0xEC, 0x41, 0xC6, 0xE6, 0x5F, 0xF3, 0x41, 0x31, 0xEA, 0xE9, 0x98,
    0x90, 0xC9, 0x6A, 0x4F, 0x33, 0x34, 0x05, 0x1E, 0xE5, 0xAB, 0x7B, 0xF3, 0x7C, 0x60, 0x86, 0x81,
    0x00, 0x44, 0x3A, 0xAB, 0xB4, 0x16, 0x76, 0xBC, 0x90, 0xF0, 0xA6, 0x05, 0x20, 0x90, 0x08, 0xCA,
    0x89, 0x56, 0xF0, 0x60, 0xA6, 0x42, 0x14, 0x86, 0xA3, 0x00, 0x12, 0x2D, 0x82, 0xD2, 0x49, 0x96,
    0xB9, 0x68, 0x7B, 0x99, 0x6E, 0xE8, 0x5F, 0xBD, 0xFE, 0xE0, 0x9C, 0x80, 0x00, 0x89, 0x1A, 0x7E,
    0x5A, 0x3D, 0x8A, 0xFA, 0xA8, 0x87, 0xE7, 0xA4, 0xE1, 0x72, 0x06, 0xB8, 0xA3, 0x90, 0x8A, 0x28,
    0xDE, 0xB4, 0x4A, 0x61, 0x6F, 0x90, 0x8F, 0x47, 0x48, 0x55, 0x02, 0x75, 0x71, 0x7C, 0xD3, 0x55,
    0x70, 0x60, 0xCF, 0x37, 0xA2, 0x2D, 0x20, 0xD3, 0x87, 0xF3, 0xBC, 0x6B, 0x5D, 0x28, 0xA0, 0x85,
    0xA3, 0x00, 0x67, 0xF9, 0x9D, 0x71, 0x2A, 0x33, 0x91, 0xB0, 0xF8, 0xE6, 0x95, 0xED, 0xAE, 0xF1,
    0xA7, 0xF8, 0x32, 0x4E, 0xC7, 0x84, 0x85, 0x00, 0x64, 0x75, 0x82, 0xFE, 0xF7, 0x27, 0xF9, 0x88,
    0x65, 0xE5, 0x75, 0x49, 0x4D, 0xD0, 0xA0, 0x3F, 0xAB, 0x35, 0x27, 0x9A, 0x0F, 0x5D, 0x72, 0x9D,
    0xDD, 0x1F, 0xAF, 0xB9, 0x83, 0xA3, 0x00, 0x91, 0x4D, 0x1A, 0xED, 0x95, 0x55, 0x23, 0xA6, 0xBA,
    0x62, 0xC8, 0x1C, 0xF7, 0x4B, 0xC5, 0x71, 0x59, 0x26, 0xBE, 0x21, 0x74, 0xFE, 0x87, 0x83, 0x00,
    0x9B, 0x33, 0x45, 0x54, 0xAD, 0xBB, 0x9D, 0xA3, 0x11, 0xF8, 0xAC, 0xC0, 0xAA, 0xFE, 0xC1, 0x3D,
    0x80, 0x40, 0x87, 0xA3, 0x00, 0x77, 0xD9, 0xC8, 0x7A, 0xC4, 0x7E, 0x5B, 0xB3, 0x99, 0xBD, 0xBB,
    0xD4, 0xC5, 0x10, 0x1E, 0x86, 0x85, 0xC3, 0x00, 0x85, 0xC3, 0x5E, 0xF9, 0xFA, 0x8E, 0x83, 0x66,
    0x27, 0xB3, 0x7B, 0xBC, 0x63, 0xE7, 0xF6, 0x62, 0xCC, 0x50, 0x85, 0xC4, 0x00, 0x5B, 0x59, 0xD5,
    0x9D, 0xD9, 0x43, 0xF0, 0x9F, 0xFA, 0xC3, 0xEE, 0x99, 0x1C, 0xE1, 0xF6, 0x40, 0x30, 0x85, 0xC3,
    0x00, 0x6F, 0xD3, 0x32, 0x48, 0x05, 0x08, 0x70, 0x79, 0xEB, 0x74, 0x2F, 0x45, 0xB9, 0x85, 0xAB,
    0x75, 0xE9, 0xD8, 0x48, 0x85, 0xC4, 0x00, 0x36, 0x6E, 0x9D, 0x28, 0x3F, 0x8D, 0xE6, 0x67, 0xA3,
    0xFC, 0x66, 0xC7, 0xD0, 0x04, 0x4B, 0xF1, 0x1B, 0xA0, 0x84, 0xC3, 0x00, 0x7A, 0xE5, 0x91, 0xC7,
    0xC3, 0x8E, 0x6E, 0x88, 0x90, 0xC5, 0x8F, 0xB3, 0x67, 0x94, 0x02, 0x67, 0x8D, 0xD4, 0x3C, 0x69,
    0x20, 0x84, 0xC4, 0x00, 0x48, 0x35, 0x00, 0x9E, 0xB7, 0x93, 0x8A, 0x27, 0xFE, 0xB1, 0x69, 0xA3,
    0x5C, 0x6B, 0x63, 0xDF, 0x20, 0x90, 0x48, 0x84, 0xC3, 0x00, 0x6B, 0x52, 0x76, 0xDA, 0xB1, 0x2E,
    0xFF, 0x5D, 0x27, 0x90, 0x35, 0x20, 0xB6, 0xEB, 0x05, 0xBA, 0xF3, 0xE9, 0x66, 0x8A, 0xBE, 0x8A,
    0x11, 0x42, 0xE2, 0x55, 0x83, 0xC4, 0x00, 0x90, 0xAC, 0x89, 0x11, 0x48, 0x7C, 0xD5, 0x5C, 0x16,
    0x34, 0x3C, 0x4E, 0xDE, 0x20, 0xE9, 0x65, 0xB4, 0xEC, 0x15, 0x36, 0xA6, 0xE6, 0x87, 0xC3, 0x00,
    0xA1, 0x43, 0xAA, 0x47, 0x2E, 0x4E, 0x16, 0x66, 0x94, 0x51, 0xD9, 0xFC, 0x05, 0x16, 0x70, 0x46,
    0x6E, 0x34, 0x87, 0xC4, 0x00, 0x77, 0x10, 0xE4, 0xC8, 0xDD, 0x68, 0x19, 0xFD, 0x4C, 0xFF, 0xAC,
    0x07, 0x17, 0x45, 0x8A, 0xF0, 0x5A, 0x87, 0x27, 0x00, 0x58, 0xE4, 0xC9, 0x6E, 0x57, 0x9E, 0x23,
    0x63, 0x19, 0x7E, 0x53, 0xDF, 0xCC, 0x87, 0x47, 0x00, 0x50, 0xC7, 0x0D, 0x68, 0x05, 0xC8, 0x4A,
    0x13, 0xEE, 0x97, 0xC1, 0x5E, 0xA3, 0x40, 0x86, 0x14, 0x02, 0x51, 0x61, 0x3C, 0xCE, 0x01, 0x9B,
    0x2E, 0xD2, 0x53, 0x9E, 0x4C, 0x52, 0xC7, 0x18, 0xAE, 0x89, 0x77, 0x0B, 0xFA, 0x71, 0x7A, 0x3C,
    0xBE, 0xB3, 0x02, 0x27, 0x36, 0xFC, 0xD6, 0x11, 0xC7, 0x80, 0x85, 0xCC, 0x00, 0x88, 0xDD, 0x29,
    0x4A, 0xE8, 0x34, 0x33, 0x91, 0x85, 0x06, 0x09, 0x17, 0x79, 0x27, 0x21, 0xB5, 0x07, 0x1C, 0x2D,
    0xDE, 0x80, 0x27, 0x00, 0xA5, 0x7A, 0xCD, 0xF7, 0x28, 0xEC, 0xEB, 0xBF, 0xD2, 0x25, 0x85, 0x8B,
    0x5D, 0x4A, 0x00, 0x64, 0x80, 0x87, 0xCE, 0x00, 0xB9, 0x3F, 0x0F, 0xC2, 0x80, 0x83, 0x9A, 0x10,
    0x4D, 0x28, 0xA9, 0x38, 0x96, 0xC0, 0x56, 0xD2, 0x73, 0x7C, 0xF8, 0x01, 0xC0, 0x86, 0xCF, 0x00,
    0x85, 0x88, 0x7E, 0x92, 0xD5, 0x04, 0x93, 0x54, 0xB5, 0x3D, 0xF7, 0x33, 0x8A, 0x29, 0x90, 0x2F,
    0x2B, 0xF3, 0xE9, 0x9D, 0x94, 0x2F, 0xA3, 0xB3, 0x73, 0x59, 0xBF, 0xAF, 0x63, 0xB6, 0xA6, 0x8C,
    0x25, 0x63, 0x12, 0x53, 0xB1, 0x88, 0xD8, 0x00, 0x75, 0xF0, 0xD2, 0x47, 0xB5, 0xA7, 0x99, 0x2D,
    0xC5, 0x91, 0x66, 0x90, 0x0D, 0x8E, 0x84, 0x8C, 0xD7, 0x46, 0xF4, 0x4A, 0x47, 0xF5, 0x08, 0x44,
    0xB4, 0x3C, 0x0E, 0x0F, 0x49, 0x8E, 0x97, 0xED, 0xC3, 0x58, 0x56, 0xFD, 0x5E, 0xC4, 0x40, 0x87,
    0x2B, 0x03, 0x32, 0x0F, 0x6F, 0xE1, 0x74, 0xB8, 0x04, 0x02, 0xA3, 0x5E, 0x2C, 0x7F, 0xFA, 0xE5,
    0x6B, 0x58, 0xC0, 0x89, 0x88, 0x4B, 0x60, 0x86, 0xCC, 0x00, 0x12, 0x29, 0x9D, 0xED, 0x40, 0x0B,
    0xE4, 0x04, 0xC5, 0x9C, 0xFE, 0xEF, 0x1E, 0x04, 0xBF, 0xC6, 0x60, 0x85, 0xCE, 0xEA, 0x04, 0x16,
    0x00, 0x7E, 0xF9, 0x28, 0x8F, 0xA8, 0xFF, 0xB6, 0x5C, 0xC8, 0x2D, 0x48, 0x14, 0xB1, 0x4A, 0x21,
    0x39, 0x77, 0x86, 0xE6, 0xFE, 0x13, 0x78, 0x6C, 0x79, 0x4B, 0x28, 0xAC, 0x6D, 0xAA, 0x78, 0x6E,
    0x78, 0x6E, 0xC8, 0xC2, 0xC2, 0x5A, 0x02, 0x5C, 0xB5, 0x80, 0x79, 0x74, 0x31, 0xF0, 0x00, 0x67,
    0xFB, 0x6B, 0x64, 0xC1, 0xB3, 0x91, 0x13, 0xF1, 0x3F, 0xC1, 0xF8, 0x39, 0xBA, 0x3B, 0xD2, 0x41,
    0xC5, 0x44, 0xB4, 0xDC, 0x79, 0x1F, 0xAE, 0x61, 0xB8, 0x95, 0x6F, 0xB2, 0x25, 0x28, 0xEE, 0x09,
    0x55, 0xA6, 0x71, 0xE8, 0x65, 0xDB, 0x1B, 0x34, 0x85, 0x2B, 0x03, 0x53, 0xB1, 0xD6, 0xB9, 0xA6,
    0xB2, 0xEA, 0xED, 0x8E, 0x25, 0xD5, 0x8C, 0xCF, 0x90, 0x66, 0x77, 0xF8, 0x36, 0x69, 0x34, 0x58,
    0x70, 0x6C, 0x5D, 0x6F, 0x24, 0xDB, 0x20, 0x83, 0xCE, 0x00, 0x86, 0x17, 0xFD, 0x70, 0xF5, 0x85,
    0x17, 0x40, 0x1E, 0x79, 0x7C, 0x5A, 0x2F, 0xCB, 0x6F, 0xAF, 0x4B, 0x3F, 0x81, 0xA4, 0xD9, 0x90,
    0x36, 0xFF, 0xE4, 0x7F, 0x0C, 0xA3, 0xF2, 0x40, 0xD0, 0xEE, 0x88, 0x80, 0x27, 0x00, 0x63, 0x71,
    0xE9, 0xBE, 0x3C, 0x25, 0xDB, 0xFE, 0x51, 0x89, 0xF7, 0xFD, 0x68, 0xAA, 0xA6, 0xBC, 0x99, 0x34,
    0x58, 0xCA, 0x80, 0x47, 0x00, 0x42, 0xDA, 0x06, 0xCF, 0x6E, 0x92, 0x29, 0xB1, 0x03, 0x21, 0x45,
    0xA8, 0xC0, 0x30, 0x58, 0x11, 0x2D, 0x6A, 0x71, 0x70, 0x86, 0x8D, 0x00, 0x36, 0xB7, 0x1D, 0x46,
    0x85, 0xC0, 0xE5, 0x4F, 0x32, 0x4E, 0xED, 0xFA, 0xB9, 0xA0, 0x82, 0xEC, 0x00, 0x5E, 0xED, 0xC9,
    0x91, 0x5A, 0x93, 0x69, 0x6D, 0xD8, 0x7D, 0x90, 0xB7, 0xCE, 0x7B, 0x40, 0x87, 0x2B, 0x00, 0x52,
    0x1D, 0x45, 0xDB, 0xF7, 0x80, 0x36, 0x40, 0xF1, 0xE4, 0x4C, 0x87, 0xF0, 0x00, 0x6B, 0xB5, 0x22,
    0x17, 0x20, 0x02, 0x49, 0x01, 0x3A, 0xC9, 0x55, 0x8B, 0xC0, 0x87, 0x31, 0x00, 0xA1, 0x9F, 0xF3,
    0x3D, 0xC5, 0x9C, 0x63, 0x15, 0x93, 0x9C, 0x6E, 0x93, 0xF0, 0x87, 0x51, 0x00, 0x45, 0x45, 0xD7,
    0x18, 0x9D, 0x55, 0x24, 0xBF, 0x11, 0x05, 0x60, 0x4E, 0x44, 0x86, 0x94, 0x00, 0x5A, 0x2B, 0x17,
    0xA3, 0x82, 0x1B, 0x4B, 0x84, 0x9F, 0xFD, 0x4A, 0x99, 0x16, 0xA4, 0xED, 0x40, 0x85, 0xB3, 0x00,
    0x8B, 0x39, 0x98, 0x8A, 0xC8, 0x8E, 0xB5, 0x18, 0xB6, 0x9A, 0x8A, 0xFC, 0x41, 0x6A, 0x40, 0x00,
    0x89, 0x9A, 0x8C, 0x2F, 0x80, 0x24, 0x09, 0xD1, 0xD6, 0x07, 0xCF, 0x8A, 0x7D, 0x2C, 0x54, 0x84,
    0x4F, 0x62, 0x04, 0x87, 0x7D, 0x51, 0x83, 0xCF, 0xDD, 0x18, 0x82, 0x3C, 0x14, 0x22, 0x6B, 0xD6,
    0x70, 0xCF, 0xC5, 0x07, 0xB5, 0x47, 0x7C, 0xB5, 0x4D, 0xDD, 0x6C, 0xC0, 0x87, 0x30, 0x03, 0xB1,
    0x9E, 0x00, 0xDD, 0x4A, 0x66, 0xC8, 0x44, 0x14, 0xFE, 0x18, 0x42, 0x2A, 0x46, 0x53, 0x4C, 0x7E,
    0x8F, 0x11, 0x99, 0x38, 0x14, 0x5B, 0xF8, 0xD3, 0x35, 0x46, 0x0C, 0x1C, 0x2E, 0xCD, 0xBD, 0x52,
    0x60, 0x20, 0x80, 0x31, 0x00, 0x2F, 0xE3, 0xF2, 0x55, 0x6D, 0xB9, 0xDA, 0xDC, 0x1C, 0xAA, 0x4E,
    0x0F, 0x45, 0xE5, 0x20, 0x02, 0x4D, 0x8C, 0xE0, 0x86, 0xB5, 0x00, 0x12, 0x3F, 0x86, 0x4E, 0x65,
    0x7B, 0xA1, 0x6A, 0xF6, 0xE4, 0xED, 0x7A, 0x86, 0xA5, 0x67, 0xAC, 0x86, 0x43, 0x03, 0x78, 0x12,
    0x0B, 0xE2, 0x8B, 0xC9, 0xB4, 0x93, 0x32, 0x57, 0x35, 0x1A, 0x49, 0xB5, 0x03, 0x16, 0xC9, 0x58,
    0x85, 0x12, 0x01, 0x6E, 0x0B, 0x1C, 0x78, 0x09, 0x52, 0x13, 0x8D, 0x0A, 0x17, 0x3F, 0xE6, 0xCC,
    0x6C, 0x75, 0x97, 0x9B, 0x60, 0x04, 0xE9, 0xC8, 0x85, 0x43, 0x03, 0x53, 0xB9, 0x36, 0x93, 0x88,
    0xBF, 0x34, 0xE7, 0x0C, 0xA2, 0x54, 0xC6, 0xC2, 0xFC, 0x48, 0xDC, 0x71, 0x87, 0x9C, 0xDA, 0xA0,
    0x83, 0xB4, 0x00, 0x8A, 0xD0, 0x72, 0xE0, 0xB8, 0x21, 0xEE, 0xA4, 0x1B, 0x49, 0xB2, 0x53, 0xFD,
    0x95, 0xE8, 0xBA, 0xA1, 0xC4, 0x80, 0x51, 0x04, 0x32, 0x53, 0x50, 0x56, 0x87, 0x95, 0x00, 0x87,
    0xE1, 0xCB, 0x3E, 0x34, 0x3D, 0x0E, 0x7C, 0xFB, 0x83, 0x1D, 0x2D, 0x9B, 0x51, 0x0C, 0x40, 0x87,
    0xB5, 0x00, 0x78, 0x83, 0xE8, 0xE1, 0xF4, 0xA7, 0x11, 0x76, 0x11, 0x9E, 0xA3, 0x71, 0xE3, 0x77,
    0x4A, 0x40, 0x82, 0x41, 0x01, 0x6F, 0xC2, 0x87, 0x5E, 0x1F, 0x19, 0x2E, 0x2E, 0x68, 0xE2, 0xC6,
    0xFA, 0x65, 0xA6, 0x83, 0x42, 0x01, 0x5C, 0x77, 0x6A, 0x5E, 0xE8, 0x4F, 0x02, 0x32, 0x47, 0xCD,
    0xCE, 0x0D, 0x80, 0x82, 0x41, 0x01, 0x3D, 0x85, 0x52, 0x20, 0xCE, 0xA5, 0xBD, 0xDA, 0x1F, 0xCA,
    0x49, 0xF4, 0xDD, 0x7E, 0x83, 0x42, 0x01, 0x1A, 0x72, 0x66, 0xA9, 0xC1, 0x04, 0x40, 0x1C, 0x88,
    0x2E, 0x03, 0x8A, 0x72, 0x80, 0x86, 0x4B, 0x03, 0x54, 0xF6, 0x8F, 0x6E, 0xEB, 0x82, 0x0E, 0x3D,
    0x5C, 0xD4, 0xC0, 0x7F, 0xD5, 0xAB, 0x45, 0x8A, 0xA4, 0x94, 0x81, 0x42, 0x01, 0x9B, 0xF1, 0x33,
    0x5D, 0xBF, 0x9F, 0x37, 0xC2, 0x29, 0xD3, 0x61, 0x48, 0xE0, 0x09, 0x72, 0x30, 0x87, 0x4D, 0x03,
    0xD7, 0x2A, 0xE5, 0x2D, 0x6A, 0x7A, 0xA9, 0x47, 0x8D, 0x7E, 0x67, 0xD0, 0xC6, 0x5D, 0xB0, 0x61,
    0x5E, 0x26, 0x51, 0xC0, 0x87, 0x4E, 0x03, 0xEE, 0x95, 0xEB, 0xC4, 0xBD, 0xAC, 0x10, 0xD2, 0x5A,
    0x23, 0xCB, 0x8C, 0xF9, 0x85, 0x52, 0xE0, 0x4D, 0x78, 0x87, 0x41, 0x01, 0xB2, 0xF1, 0x32, 0x88,
    0x35, 0xF0, 0xC0, 0x2F, 0x4B, 0x2E, 0x31, 0x98, 0x41, 0xA9, 0x0B, 0x78, 0x87, 0x42, 0x01, 0xA2,
    0x9F, 0x72, 0x4A, 0xF1, 0x21, 0x93, 0x79, 0x19, 0xB4, 0xCF, 0x3A, 0xC1, 0x2F, 0x43, 0x80, 0x87,
    0x37, 0x00, 0x5D, 0x84, 0x85, 0x47, 0x71, 0x04, 0xB1, 0x39, 0x5B, 0x40, 0xE3, 0xB1, 0x07, 0x29,
    0x2B, 0x60, 0x87, 0x57, 0x00, 0x78, 0xC1, 0x8F, 0x70, 0xA7, 0xB2, 0x3D, 0x82, 0x68, 0xDE, 0xC8,
    0xC5, 0x2C, 0xBC, 0x4E, 0x86, 0x2D, 0x01, 0x51, 0x77, 0x78, 0x7D, 0xC1, 0x69, 0x6A, 0x5F, 0xD2,
    0xF3, 0x4E, 0xDD, 0xF8, 0x2F, 0xB5, 0x68, 0x9E, 0xEB, 0xA6, 0x12, 0x78, 0x85, 0x05, 0x01, 0x9F,
    0x3B, 0x1F, 0x46, 0xAE, 0x3B, 0x01, 0x94, 0xE0, 0x2F, 0x1A, 0x26, 0x5B, 0xA3, 0xA4, 0x2D, 0x46,
    0x6A, 0xFC, 0x9C, 0x92, 0xEB, 0x94, 0x02, 0xC9, 0x0B, 0xA4, 0x1B, 0x23, 0xE9, 0xB6, 0x12, 0x26,
    0x40, 0x82, 0x43, 0x01, 0x6F, 0xBE, 0x1D, 0x0A, 0xAD, 0xD8, 0xD8, 0xDF, 0xFF, 0xE4, 0xF9, 0xC9,
    0x7C, 0xB1, 0xB5, 0x8B, 0x77, 0xE0, 0x83, 0x44, 0x01, 0x5B, 0xEF, 0xA2, 0x26, 0x85, 0x20, 0xCD,
    0xAB, 0xC1, 0x38, 0x83, 0xCC, 0x78, 0x0C, 0xDC, 0x8A, 0x82, 0x43, 0x01, 0x31, 0xDD, 0x43, 0xB0,
    0x86, 0x8F, 0xBA, 0xDC, 0x82, 0x87, 0x36, 0x0A, 0xCF, 0x66, 0xCB, 0xA0, 0xA6, 0x83, 0x44, 0x01,
    0x1A, 0x78, 0x8D, 0xA7, 0xAE, 0xC2, 0x2A, 0x49, 0x6D, 0x9D, 0x8A, 0xA4, 0xFA, 0xAD, 0xF5, 0x3D,
    0x50, 0x81, 0x43, 0x01, 0x4E, 0xDA, 0xCB, 0x30, 0xDE, 0x36, 0x92, 0x62, 0xE0, 0x0E, 0xA7, 0x19,
    0xEC, 0x23, 0x3C, 0x0F, 0x90, 0x6E, 0xE2, 0x37, 0x4B, 0x8A, 0x81, 0x44, 0x01, 0xAB, 0x79, 0x76,
    0x66, 0x57, 0xE0, 0x70, 0xBA, 0x37, 0xAC, 0x77, 0xBE, 0x49, 0x46, 0x63, 0x23, 0xA2, 0x7F, 0x2F,
    0x3F, 0xBF, 0x87, 0x5B, 0x03, 0xE7, 0xD8, 0x45, 0xFC, 0x9E, 0x52, 0xBC, 0x19, 0x2C, 0x5B, 0x51,
    0x5A, 0xA9, 0xE8, 0x85, 0x73, 0xB3, 0x3C, 0xD2, 0xA0, 0x6A, 0xAF, 0x80, 0x83, 0x44, 0x01, 0xA2,
    0x12, 0xE7, 0x94, 0xA7, 0xFF, 0x1E, 0xAA, 0x22, 0xA6, 0x00, 0xAD, 0xA1, 0x23, 0x7C, 0x15, 0xD4,
    0x46, 0x58, 0x62, 0xF0, 0x87, 0x43, 0x01, 0xAD, 0xD7, 0x83, 0x74, 0xFD, 0x38, 0xBA, 0x03, 0x31,
    0xE2, 0x7C, 0xA0, 0x95, 0xF1, 0xD8, 0xC7, 0x4B, 0x2E, 0xF0, 0x87, 0x44, 0x01, 0xAD, 0x4A, 0x24,
    0x51, 0x57, 0xC7, 0xB8, 0x68, 0xCD, 0x99, 0x77, 0xAB, 0xF5, 0x9B, 0x13, 0x2A, 0x43, 0x80, 0x3B,
    0x00, 0x2F, 0x0E, 0x21, 0x8D, 0xA2, 0xBC, 0x73, 0xD0, 0xAD, 0x2C, 0x67, 0xCA, 0xDB, 0xCC, 0x80,
    0x5B, 0x00, 0x4B, 0xCA, 0xC7, 0x4A, 0x9B, 0x99, 0xEE, 0x74, 0x6A, 0xF1, 0xC5, 0xA8, 0x0C, 0x80,
    0x87, 0x3B, 0x00, 0x6E, 0xC5, 0x6A, 0x7F, 0x09, 0xF4, 0xF0, 0x58, 0x25, 0xED, 0x01, 0xFC, 0xAE,
    0xC8, 0x78, 0x87, 0x5B, 0x00, 0x5D, 0xD1, 0xEF, 0x3C, 0x83, 0x02, 0x1F, 0x27, 0x31, 0xAE, 0xAF,
    0x85, 0x97, 0xB2, 0x20, 0x86, 0x9E, 0x00, 0x47, 0x3C, 0xC7, 0xAB, 0xC8, 0x7D, 0xBA, 0x8D, 0xE9,
    0x59, 0xAB, 0x67, 0xA9, 0x18, 0x29, 0xCF, 0x19, 0xFF, 0xC0, 0x85, 0x64, 0x03, 0xB1, 0xBF, 0x2D,
    0x49, 0x2F, 0xCC, 0x79, 0x3A, 0x88, 0x72, 0x5F, 0x02, 0x63, 0x81, 0x6A, 0x43, 0x5F, 0x5A, 0x80,
    0x87, 0x39, 0x01, 0xA8, 0xDC, 0xD5, 0xAB, 0xA5, 0x8A, 0x04, 0x30, 0x8D, 0x57, 0x4B, 0x15, 0x0E,
    0xB7, 0xA3, 0xD7, 0x0B, 0x60, 0x87, 0x64, 0x03, 0xEB, 0xE2, 0x10, 0x3F, 0xB3, 0x0F, 0x8F, 0x09,
    0x09, 0x2F, 0xB7, 0x11, 0x72, 0x57, 0x20, 0x38, 0x55, 0x83, 0x3E, 0x88, 0x00, 0x11, 0x89, 0x6D,
    0x68, 0x0F, 0x09, 0x80, 0x00, 0x44, 0x5F, 0xAC, 0x3D, 0x61, 0xB8, 0x85, 0xE9, 0xE1, 0x5F, 0x2E,
    0x8B, 0x76, 0xFF, 0xF0, 0x27, 0xAB, 0x53, 0x23, 0x80, 0x00, 0x56, 0x2E, 0x34, 0xBA, 0x7F, 0x70,
    0x06, 0x5A, 0x5E, 0xA9, 0xC7, 0x41, 0xE8, 0xBD, 0x4A, 0x8E, 0x00, 0x55, 0x76, 0x00, 0x1C, 0x2F,
    0x67, 0x44, 0x07, 0x1E, 0x39, 0xA3, 0xE7, 0x13, 0x13, 0x66, 0x87, 0x0F, 0x00, 0x5E, 0x87, 0x0F,
    0x00, 0x5E, 0x00, 0x05, 0x0D, 0x9D, 0x72, 0xD5, 0x00, 0x05, 0x09, 0x8D, 0xDF, 0x40, 0x00, 0x05,
    0x03, 0x07, 0x1A, 0x13, 0xC3, 0x7A, 0x87, 0x7F, 0x03, 0x3A, 0x54, 0x00, 0x43, 0x52, 0x60, 0x33,
    0x25, 0xB6, 0x9F, 0xA8, 0x60, 0x98, 0x21, 0x77, 0x7A, 0xA8, 0x3B, 0x5F, 0x32, 0x80, 0x00, 0x05,
    0x18, 0xF9, 0x47, 0x64, 0x5C, 0xF1, 0x4C, 0x7F, 0x40, 0x87, 0xB3, 0x01, 0x95, 0xAB, 0x2E, 0x64,
    0x80, 0x87, 0xB6, 0x01, 0x57, 0xAA, 0x68, 0x54, 0x40, 0x87, 0x0E, 0x00, 0x56, 0x25, 0x93, 0x7C,
    0x00, 0x0A, 0x93, 0x98, 0xE2, 0x89, 0x3E, 0x19, 0xCC, 0xC0, 0x00, 0x27, 0xD6, 0x60, 0x0C, 0x36,
    0x06, 0x3A, 0xE5, 0xE1, 0x4F, 0x46, 0x49, 0xB3, 0x06, 0x3A, 0xBF, 0x77, 0x90, 0x00, 0x11, 0x78,
    0x58, 0x8F, 0x50, 0xC2, 0x06, 0xE3, 0x62, 0x9C, 0xCB, 0x6D, 0xA2, 0x71, 0xA8, 0x02, 0x3A, 0x08,
    0x00, 0x1C, 0x9E, 0x4B, 0x19, 0x87, 0x44, 0x20, 0xF9, 0x81, 0x51, 0x92, 0x74, 0x2A, 0x68, 0xD5,
    0xC6, 0x00, 0x0C, 0xBF, 0x1D, 0x3D, 0x27, 0x41, 0x18, 0xA8, 0xFC, 0x68, 0xA9, 0x7A, 0xBB, 0x49,
    0x4F, 0x26, 0x58, 0xC0, 0x00, 0x78, 0x6E, 0x18, 0x72, 0xA3, 0x55, 0x97, 0xBB, 0x67, 0x2A, 0x4D,
    0xFA, 0x8C, 0xE0, 0xE7, 0x0E, 0x67, 0x65, 0x25, 0x86, 0x80, 0x5E, 0xE4, 0x00, 0x97, 0x72, 0x2C,
    0xA1, 0xA4, 0xFA, 0xF1, 0xF9, 0x4D, 0x3E, 0x1F, 0x00, 0x8F, 0x7F, 0xDC, 0x56, 0xF2, 0x9E, 0xEC,
    0x3B, 0x6F, 0x39, 0xE8, 0x8F, 0xE9, 0xB5, 0x1A, 0x79, 0x59, 0x73, 0x64, 0x41, 0x66, 0xE8, 0x47,
    0x5B, 0x08, 0x00, 0x0B, 0x1C, 0x61, 0xF0, 0xC2, 0xDF, 0x07, 0xD2, 0xE5, 0x00, 0x04, 0x66, 0xE2,
    0xB8, 0xF1, 0xE5, 0x1B, 0x0A, 0x8C, 0x5A, 0xC0, 0x87, 0x78, 0x00, 0x78, 0x00, 0x07, 0x82, 0x4A,
    0x3C, 0xBB, 0x36, 0x1C, 0xFB, 0x7C, 0x80, 0x00, 0x0E, 0x88, 0x85, 0xFC, 0x29, 0xA7, 0x46, 0x54,
    0xB1, 0x3D, 0xBD, 0x88, 0xB4, 0xD0, 0x76, 0x2C, 0x00, 0x13, 0x2D, 0x66, 0x3A, 0x8A, 0x79, 0x03,
    0x79, 0x16, 0x5D, 0x28, 0x8A, 0x7A, 0x03, 0x7C, 0x81, 0x9E, 0x87, 0x78, 0x03, 0x3D, 0x03, 0x3B,
    0x50, 0xD6, 0xD5, 0xB0, 0xD0, 0x87, 0x97, 0x03, 0x8F, 0xF5, 0xC9, 0x53, 0xB7, 0xCD, 0xC9, 0xD9,
    0x87, 0x97, 0x03, 0x93, 0x00, 0x4D, 0x9C, 0x2F, 0xAE, 0xAF, 0xE8, 0x00, 0xBA, 0x09, 0x86, 0x0A,
    0x40, 0xEE, 0x22, 0x03, 0x0D, 0x57, 0xC0, 0xD8, 0xE7, 0x4E, 0x78, 0x3E, 0xEC, 0x1D, 0x64, 0xFA,
    0x21, 0x75, 0x3A, 0x71, 0x34, 0xAC, 0x6E, 0xAD, 0x48, 0x05, 0x38, 0xF2, 0x16, 0x36, 0x6C, 0x7E,
    0xB3, 0x65, 0xF0, 0xE5, 0x56, 0xBE, 0x66, 0x90, 0xB2, 0x9F, 0xB4, 0xF0, 0x3C, 0x88, 0xD3, 0x8B,
    0x40, 0xA0, 0x04, 0xB2, 0x7A, 0x40, 0xCA, 0xB2, 0xB2, 0x4A, 0x30, 0xB9, 0x67, 0x70, 0x00, 0xD1,
    0x8E, 0x6F, 0x4C, 0x12, 0x5F, 0xC7, 0xAA, 0x0A, 0xC4, 0x43, 0x2E, 0x5B, 0xEC, 0x63, 0x8B, 0x52,
    0xDA, 0x6F, 0x6F, 0x61, 0x4B, 0x04, 0x73, 0x75, 0x8A, 0xFB, 0xE3, 0xA9, 0x7A, 0x3A, 0x50, 0x66,
    0xB5, 0x86, 0x7E, 0x2A, 0x00, 0x84, 0x58, 0xDD, 0x4A, 0xF0, 0x90, 0x46, 0x08, 0xA1, 0x58, 0xF5,
    0x70, 0x75, 0xBD, 0xAF, 0x37, 0xB2, 0xC4, 0xE4, 0xA2, 0x23, 0x4B, 0x0D, 0x72, 0xF8, 0x8F, 0x6F,
    0x71, 0xE2, 0xAB, 0xFF, 0x96, 0x42, 0x88, 0x94, 0x0B, 0x4D, 0x56, 0xFB, 0x15, 0x5C, 0x00, 0xCE,
    0xB4, 0x2E, 0x31, 0xA1, 0x00, 0x0D, 0x00, 0x97, 0x82, 0xCE, 0x10, 0x00, 0x0B, 0x77, 0x59, 0x90,
    0xA9, 0xEF, 0x98, 0xA5, 0xF6, 0x9B, 0xA0, 0x78, 0x00, 0x0B, 0xE0, 0xDE, 0xC2, 0xE5, 0x83, 0x2B,
    0x38, 0xCA, 0xBF, 0xF5, 0x51, 0x6A, 0x1F, 0x33, 0x7E, 0x5C, 0x84, 0x00, 0x01, 0xFF, 0xE5, 0x8D,
    0x43, 0xA0, 0x00, 0x02, 0x07, 0x3E, 0xCA, 0x9F, 0x3E, 0x70, 0x85, 0xBB, 0xEB, 0x9F, 0x41, 0x80,
    0x00, 0x02, 0x40, 0x00, 0xF3, 0x34, 0xC3, 0x91, 0xE2, 0x89, 0xE3, 0xCB, 0xF2, 0x2D, 0x4E, 0x01,
    0x14, 0x5A, 0x19, 0x80, 0x00, 0x6B, 0x77, 0x49, 0xF4, 0x1B, 0x58, 0x20, 0xD2, 0x0A, 0x4E, 0x30,
    0x00, 0x33, 0xE8, 0xC7, 0x59, 0x1E, 0x08, 0xF0, 0xB7, 0x0F, 0x90, 0x00, 0x17, 0x46, 0xB4, 0x5D,
    0x3A, 0x53, 0x9E, 0x5A, 0x60, 0x00, 0x41, 0x5E, 0x7E, 0xE6, 0xF6, 0x86, 0x2E, 0x07, 0x8D, 0x1C,
    0x55, 0xF7, 0x3A, 0xCB, 0x1A, 0x36, 0xF2, 0x73, 0x3C, 0x36, 0x40, 0xA0, 0xAA, 0x44, 0x0E, 0xF7,
    0x0A, 0x6A, 0x2C, 0x4A, 0xC1, 0x3E, 0x50, 0xF4, 0x7A, 0x5D, 0x40, 0xE3, 0x57, 0x2C, 0x07, 0x11,
    0xD4, 0xFC, 0xD6, 0xF2, 0x98, 0x86, 0xE6, 0xCF, 0xA3, 0xE8, 0xD9, 0xBE, 0x4C, 0x28, 0x7A, 0x00,
    0x14, 0xF2, 0x93, 0x0C, 0xC9, 0x3E, 0x76, 0x37, 0xC6, 0x0D, 0x3B, 0x8D, 0xED, 0xA0, 0x75, 0x08,
    0x17, 0x7D, 0x5E, 0xA9, 0x1E, 0xA0, 0x7F, 0xBA, 0x10, 0xF2, 0x06, 0x66, 0x00, 0x6F, 0x61, 0xFB,
    0x60, 0xC4, 0x5C, 0x26, 0x31, 0x04, 0x73, 0x66, 0x99, 0xEE, 0xC2, 0xD9, 0xEA, 0xEF, 0xE0, 0xCF,
    0x77, 0x8B, 0xFD, 0x96, 0xFE, 0xAD, 0x24, 0x0A, 0xE0, 0x87, 0x70, 0x00, 0x40, 0x00, 0x91, 0x80,
    0x27, 0x24, 0xE0, 0xE5, 0x52, 0xEB, 0x91, 0x7C, 0x26, 0xB5, 0xEB, 0xE0, 0x87, 0x02, 0x02, 0x4B,
    0x76, 0x24, 0x4C, 0x83, 0x15, 0x29, 0x24, 0x00, 0x5C, 0x56, 0x3A, 0x6E, 0xD7, 0x46, 0xAD, 0x56,
    0x6D, 0x81, 0x50, 0xC3, 0x78, 0x46, 0x18, 0x99, 0xF3, 0x1E, 0xF5, 0x5F, 0x00, 0xC2, 0x43, 0xB9,
    0x96, 0xD9, 0x04, 0x54, 0x73, 0x3D, 0x28, 0x10, 0x6A, 0xF1, 0x77, 0xBF, 0xDB, 0x4E, 0x74, 0xF0,
    0x21, 0x37, 0x4E, 0x69, 0x47, 0xFB, 0x51, 0xFF, 0x69, 0x2F, 0x35, 0xCE, 0x27, 0xB3, 0x81, 0xCD,
    0x1C, 0x43, 0xB1, 0x13, 0x1C, 0x8D, 0x98, 0x2C, 0x15, 0xCF, 0x0F, 0x95, 0x9C, 0x34, 0x22, 0x2F,
    0x68, 0x70, 0x68, 0x61, 0xA3, 0x8B, 0xD6, 0xE3, 0xD3, 0x49, 0x11, 0x61, 0xDA, 0x9A, 0x2B, 0xAC,
    0xBC, 0x57, 0x53, 0xB4, 0x5B, 0x05, 0xF1, 0x3E, 0x99, 0xCC, 0x34, 0x9A, 0x28, 0x24, 0x8F, 0x00,
    0xDF, 0x55, 0x32, 0xA2, 0x83, 0x50, 0x00, 0x05, 0x27, 0xF9, 0x8F, 0x80, 0x00, 0x71, 0x2D, 0x71,
    0x12, 0x67, 0x6A, 0xC2, 0x40, 0x71, 0x10, 0x8E, 0xE0, 0xE7, 0x80, 0x87, 0x3D, 0x00, 0x9F, 0x46,
    0xD0, 0xEA, 0xA1, 0x62, 0x38, 0xC0, 0x00, 0x7C, 0x24, 0x82, 0x05, 0x79, 0x24, 0x0F, 0xB5, 0x56,
    0xB9, 0x43, 0x54, 0xED, 0x01, 0x84, 0x44, 0x45, 0xD8, 0x76, 0x2C, 0x00, 0xA9, 0x96, 0x6E, 0x32,
    0x09, 0x71, 0xF3, 0x11, 0x14, 0x34, 0x03, 0x2C, 0x51, 0x54, 0x0B, 0x3B, 0x57, 0xA9, 0x9F, 0xD7,
    0xDB, 0x08, 0xCE, 0xD0, 0xF6, 0xBF, 0x9B, 0x89, 0xBE, 0xBF, 0x32, 0x47, 0xE3, 0x38, 0x0D, 0xA6,
    0x07, 0x32, 0x26, 0x6B, 0xB1, 0xD6, 0x24, 0x5C, 0x60, 0xC0, 0x00, 0x94, 0x24, 0x3B, 0xF4, 0xD1,
    0x10, 0x97, 0x4E, 0x9D, 0xE5, 0x39, 0x2A, 0x5E, 0x52, 0xAA, 0x2B, 0xF5, 0x91, 0xBB, 0x6E, 0xFE,
    0x2F, 0x9F, 0x4B, 0xF0, 0x29, 0x7C, 0x9A, 0x31, 0x7A, 0x55, 0x05, 0xAD, 0xE6, 0xEB, 0x00, 0x96,
    0xAC, 0x67, 0x40, 0x42, 0x2D, 0x44, 0xDF, 0x19, 0x48, 0x22, 0x2C, 0x65, 0xB1, 0xEA, 0x70, 0x90,
    0x9B, 0x61, 0xCE, 0x26, 0xAA, 0xBB, 0xDC, 0x6D, 0x07, 0xF8, 0x51, 0xEB, 0x5A, 0x7C, 0x84, 0x01,
    0x8A, 0x32, 0xBE, 0x80, 0x00, 0x69, 0x63, 0x4F, 0x53, 0xAF, 0xF1, 0xB6, 0x8D, 0x6D, 0xE7, 0x90,
    0x99, 0xA5, 0xB1, 0xC6, 0x0F, 0x40, 0x00, 0x6E, 0x6B, 0xF3, 0xAA, 0x75, 0x0F, 0xD6, 0xED, 0x07,
    0x22, 0x0E, 0x58, 0xB6, 0x6F, 0x33, 0x11, 0x1F, 0x37, 0xAD, 0x85, 0x1A, 0x65, 0x4A, 0x99, 0xA0,
    0x00, 0x09, 0xEE, 0x99, 0x69, 0x2A, 0x68, 0xAA, 0xB0, 0x3A, 0x7C, 0x99, 0xBC, 0x63, 0x78, 0xC5,
    0x2A, 0x00, 0x00, 0x10, 0xD2, 0xE9, 0x2B, 0x2D, 0xE4, 0x83, 0xB5, 0xB1, 0xE2, 0xD8, 0x26, 0x1F,
    0x44, 0x87, 0x0C, 0x00, 0xA0, 0x5F, 0xDC, 0x42, 0xDA, 0x1A, 0x6E, 0xC7, 0xDC, 0xC9, 0xAA, 0x91,
    0x16, 0x58, 0x97, 0x24, 0x74, 0x1F, 0xD6, 0x40, 0xA6, 0xAE, 0x87, 0x1C, 0x00, 0x5A, 0xEE, 0x1E,
    0x55, 0x8C, 0x87, 0x85, 0xEF, 0x8D, 0xEC, 0xD8, 0x00, 0x8F, 0xB8, 0xFA, 0x1A, 0x1C, 0x01, 0x9D,
    0xE3, 0x8C, 0xEA, 0x52, 0xEA, 0x43, 0xA1, 0xE2, 0xD6, 0x93, 0x04, 0x6B, 0xFA, 0xBE, 0xDD, 0x59,
    0x41, 0xCD, 0xB5, 0x3F, 0x00, 0x96, 0x5B, 0x42, 0x2D, 0xF8, 0xE4, 0x39, 0x71, 0x9D, 0xBC, 0x61,
    0xA9, 0x97, 0x9D, 0xF7, 0x20, 0x5C, 0x94, 0x8D, 0x8C, 0x93, 0x5C, 0x10, 0xB1, 0xEF, 0x33, 0x0D,
    0x0B, 0xD2, 0x57, 0x79, 0x86, 0xE0, 0x6B, 0xDD, 0x2C, 0xA7, 0xFD, 0xE3, 0xE8, 0x00, 0x11, 0xD2,
    0x37, 0xD6, 0x39, 0x23, 0x42, 0x83, 0xAB, 0x22, 0xD9, 0xB3, 0x23, 0x19, 0x42, 0xBC, 0x00, 0x07,
    0x23, 0xE4, 0x29, 0xEE, 0xCB, 0xCF, 0x5A, 0x4B, 0x28, 0x8B, 0xC5, 0xC4, 0x48, 0x1E, 0x0B, 0x04,
    0xFE, 0x12, 0x7D, 0xBD, 0x5D, 0xD8, 0x87, 0x60, 0x00, 0x8F, 0x4E, 0xC9, 0x02, 0xC0, 0x00, 0x4A,
    0xF6, 0x2D, 0xD5, 0x6B, 0xC9, 0xA4, 0x26, 0xEC, 0x32, 0x76, 0x7E, 0xA9, 0xF4, 0xC0, 0x87, 0x0D,
    0x00, 0x63, 0x14, 0xA0, 0xCF, 0x16, 0xAA, 0xAF, 0x82, 0x61, 0x0B, 0xC3, 0xC7, 0x28, 0x45, 0xAE,
    0xE9, 0x5B, 0x44, 0xAE, 0xB0, 0x93, 0x20, 0x1B, 0x51, 0x63, 0x4B, 0xAF, 0x6D, 0x33, 0x5B, 0xEF,
    0x37, 0xF0, 0x00, 0x54, 0x67, 0x5D, 0x96, 0x45, 0x67, 0xBB, 0x0C, 0x2B, 0x02, 0x1A, 0x2A, 0xFE,
    0x7E, 0x59, 0x10, 0x00, 0x11, 0x4B, 0xA4, 0x50, 0x53, 0x6F, 0x1E, 0x1B, 0xBF, 0x1D, 0x71, 0xCF,
    0x12, 0x5A, 0xF3, 0xCB, 0x21, 0x40, 0x7E, 0x05, 0xFA, 0xF4, 0x0E, 0x17, 0x00, 0x34, 0x21, 0x89,
    0x96, 0x17, 0x0C, 0x9F, 0x36, 0x4E, 0x4C, 0xFC, 0x31, 0xDB, 0x8C, 0x48, 0xA7, 0xB3, 0x89, 0x41,
    0x50, 0x00, 0x08, 0xC0, 0xA4, 0x54, 0x1F, 0xB6, 0xC4, 0xA2, 0xA3, 0x9A, 0xB0, 0x5A, 0xC8, 0xF1,
    0x57, 0x36, 0x73, 0x73, 0x25, 0x76, 0x8F, 0x45, 0x77, 0x76, 0xE3, 0xEC, 0x10, 0x00, 0x26, 0x47,
    0xF2, 0x6C, 0x69, 0x0F, 0xCC, 0xDF, 0x5C, 0x20, 0x00, 0x97, 0x52, 0x94, 0x64, 0x6C, 0x33, 0xDA,
    0x60, 0xE5, 0x7D, 0xCE, 0x22, 0xB9, 0x5F, 0xCC, 0xBF, 0xD2, 0x74, 0x8D, 0xA3, 0xF3, 0xC8, 0x80,
    0x7E, 0x03, 0x08, 0x43, 0x84, 0xAC, 0xEB, 0x6D, 0x54, 0x2E, 0xE7, 0x5B, 0x9E, 0xD7, 0x0E, 0x6D,
    0x99, 0xA0, 0xD0, 0xA3, 0xE1, 0xB1, 0x84, 0x8E, 0x8E, 0xE0, 0xB9, 0xBA, 0x00, 0x35, 0x4C, 0x51,
    0x75, 0x6E, 0x18, 0x6C, 0x3A, 0x36, 0xCF, 0x4D, 0x04, 0x68, 0x87, 0x9C, 0x80, 0x00, 0x26, 0x49,
    0x49, 0x53, 0xDB, 0x4B, 0x19, 0x1E, 0x26, 0x7D, 0x93, 0x2E, 0x50, 0x15, 0x1E, 0xE3, 0x4F, 0xF0,
    0x87, 0x97, 0x03, 0x92, 0xFF, 0x77, 0x29, 0xB0, 0x4B, 0xA7, 0x0E, 0x7A, 0x9E, 0x58, 0x88, 0xF5,
    0x33, 0x40, 0x87, 0x97, 0x03, 0x8F, 0xF5, 0xB1, 0xB6, 0x4C, 0x19, 0xB1, 0x80, 0x87, 0x78, 0x03,
    0x50, 0x97, 0xC6, 0x6C, 0x95, 0x4E, 0x87, 0x78, 0x03, 0xBC, 0xA2, 0x4B, 0x02, 0xC2, 0x44, 0xCD,
    0x86, 0xD6, 0x03, 0x4F, 0x09, 0xF1, 0x21, 0xCD, 0xCE, 0xBF, 0x60, 0x20, 0xEE, 0x99, 0xEC, 0xBC,
    0x8B, 0xD6, 0x03, 0xC1, 0xD3, 0x2D, 0xCE, 0xA0, 0x58, 0x3F, 0x0E, 0x03, 0xF3, 0x41, 0xF0, 0x00,
    0x68, 0xAB, 0xFD, 0x93, 0xC1, 0x14, 0xDE, 0xFF, 0x9D, 0xBC, 0x02, 0x1C, 0x83, 0x2F, 0xD1, 0x80,
    0x00, 0x19, 0x12, 0x16, 0x39, 0x09, 0x19, 0xCA, 0xEE, 0xB3, 0x8F, 0x48, 0x5E, 0x60, 0x00, 0x48,
    0xD6, 0x4C, 0x59, 0x89, 0x67, 0xA0, 0x2D, 0x6C, 0xDC, 0xC1, 0xB2, 0xF6, 0xA1, 0xEB, 0x74, 0x28,
    0x8E, 0xED, 0x8B, 0xFA, 0x00, 0x0F, 0x35, 0x69, 0x91, 0xB6, 0x8E, 0x89, 0xC7, 0x1B, 0xB6, 0x94,
    0x69, 0x1C, 0x8C, 0xCF, 0xB8, 0x45, 0x94, 0x20, 0x00, 0x66, 0xDA, 0x94, 0x06, 0x82, 0x61, 0xBF,
    0xA7, 0xEC, 0x58, 0xD0, 0x5A, 0x4E, 0x61, 0x28, 0xB3, 0x92, 0x54, 0x00, 0x05, 0x1E, 0x1A, 0xA6,
    0x9A, 0x2D, 0x44, 0x5A, 0x00, 0x9D, 0x5E, 0x59, 0xAA, 0x40, 0x00, 0x5E, 0x31, 0xDD, 0x80, 0xD8,
    0x92, 0x1E, 0x12, 0x71, 0x63, 0x71, 0x8C, 0xDF, 0xE0, 0x91, 0x1A, 0xE3, 0xF0, 0xB8, 0xFB, 0x08,
    0x00, 0x68, 0xAC, 0xEA, 0x37, 0x12, 0x38, 0x12, 0x25, 0xCC, 0x08, 0x4D, 0xA2, 0xC5, 0xD9, 0x73,
    0x10, 0x53, 0xF2, 0x8E, 0x18, 0x80, 0x00, 0x22, 0xE7, 0x63, 0xAA, 0x2F, 0xDC, 0x30, 0x26, 0xC0,
    0xB6, 0x93, 0x20, 0x8B, 0xE2, 0x03, 0x0E, 0x00, 0x53, 0x8E, 0xF5, 0xC7, 0x61, 0xA2, 0xE1, 0xE0,
    0x00, 0x3B, 0xD9, 0xAC, 0x4D, 0x54, 0x8A, 0xBD, 0xD6, 0x1F, 0x88, 0x59, 0xE0, 0x00, 0x26, 0x1E,
    0x89, 0x02, 0xD2, 0xC6, 0x89, 0x3A, 0x9E, 0x4A, 0x28, 0x38, 0x20, 0x00, 0x07, 0x17, 0xB6, 0xF3,
    0x87, 0xF9, 0x76, 0x5F, 0xC9, 0xA4, 0x2F, 0xC4, 0x52, 0x7B, 0x34, 0xE2, 0x60, 0x00, 0x68, 0x08,
    0x7C, 0x00, 0x08, 0x32, 0x87, 0xED, 0x3E, 0x8E, 0xD6, 0x1D, 0xDC, 0xAC, 0xF9, 0xB2, 0xC0, 0x00,
    0x34, 0xC3, 0x98, 0x33, 0x16, 0xDF, 0x4F, 0x27, 0xA9, 0x29, 0x8F, 0x2A, 0xA3, 0xE0, 0x00, 0x68,
    0xAD, 0x10, 0x27, 0xDF, 0xC8, 0x28, 0x87, 0xBE, 0x20, 0xDA, 0x0D, 0x49, 0x87, 0x62, 0x2A, 0x9C,
    0x2D, 0xD3, 0xCA, 0x60, 0x00, 0x68, 0xAC, 0x19, 0x92, 0x45, 0x9B, 0x72, 0x1C, 0xE9, 0x75, 0x0A,
    0x21, 0x05, 0x93, 0x8D, 0xA8, 0xA8, 0x5C, 0x62, 0x62, 0x28, 0x00, 0x3D, 0xE0, 0xE3, 0xCF, 0xCE,
    0xBB, 0xFD, 0xB8, 0xFF, 0xD0, 0x08, 0xC0, 0x9F, 0x5D, 0xAD, 0xDB, 0x1E, 0xA3, 0xD0, 0x3E, 0x47,
    0x4D, 0x55, 0x8D, 0xA8, 0x00, 0x1B, 0xBD, 0x63, 0x40, 0xCA, 0xBD, 0x21, 0xB7, 0xFB, 0x5D, 0xE0,
    0x99, 0xC8, 0x4C, 0xEC, 0x35, 0xF9, 0x08, 0x00, 0x65, 0xFA, 0x08, 0xB7, 0x7D, 0xB4, 0x58, 0xE8,
    0xDC, 0xE7, 0x83, 0x97, 0xD4, 0xA3, 0xED, 0x3A, 0xC3, 0x32, 0x64, 0xAB, 0x63, 0x00, 0x05, 0x49,
    0xBF, 0x14, 0x97, 0xA1, 0xA0, 0x85, 0x53, 0xCA, 0xDE, 0xAD, 0x40, 0x00, 0x68, 0xAB, 0xF4, 0x57,
    0x18, 0x1C, 0x3A, 0xD1, 0x24, 0x71, 0x44, 0xF1, 0x29, 0x88, 0x50, 0x70, 0x14, 0xF0, 0x63, 0xB0,
    0x0A, 0x54, 0x00, 0x5F, 0x2D, 0xAF, 0x0B, 0x12, 0x49, 0x02, 0xF7, 0x8E, 0x7D, 0x20, 0xD0, 0x59,
    0xEC, 0x49, 0xC5, 0xB2, 0x88, 0xF3, 0xA3, 0xC2, 0x00, 0x22, 0xE7, 0x49, 0x5C, 0x9E, 0x3F, 0xF3,
    0x8B, 0x2C, 0xDE, 0x6A, 0x20, 0x8B, 0xF2, 0x03, 0x20, 0x00, 0x53, 0xA6, 0xED, 0x90, 0xD9, 0xE1,
    0x03, 0x20, 0x00, 0x3B, 0xD9, 0xAC, 0x4D, 0x64, 0xA8, 0xCE, 0x82, 0xC3, 0xD6, 0x52, 0xB5, 0x70,
    0x00, 0x24, 0xF3, 0x6A, 0x14, 0x59, 0x83, 0xC5, 0xAA, 0x8B, 0xDB, 0x06, 0x64, 0x00, 0x1B, 0x94,
    0xF1, 0x1E, 0x47, 0x63, 0x1B, 0x3D, 0xA6, 0xDD, 0x36, 0x8A, 0xBD, 0xF2, 0x35, 0x87, 0x60, 0xC8,
    0x00, 0x1C, 0xB9, 0xC1, 0x7E, 0xBF, 0x7E, 0x97, 0x19, 0xD8, 0x38, 0x30, 0x92, 0xB8, 0x81, 0xDA,
    0xEC, 0xF3, 0x70, 0x00, 0x1D, 0x80, 0x06, 0x58, 0x8C, 0x94, 0x0E, 0xA0, 0x22, 0xE3, 0x84, 0xAF,
    0xC0, 0x82, 0xE0, 0x00, 0x0C, 0x00, 0x8D, 0xA5, 0xEC, 0x2C, 0x5E, 0xB2, 0x24, 0x1C, 0xE4, 0x78,
    0x61, 0xF5, 0xD3, 0xEA, 0x4C, 0x00, 0x13, 0xE2, 0xE4, 0x8D, 0x21, 0xEA, 0x2C, 0x4E, 0x20, 0x3C,
    0xCC, 0x60, 0xCC, 0x25, 0x71, 0xEF, 0x58, 0x00, 0x0B, 0xD6, 0x57, 0xF3, 0x2D, 0xCF, 0x10, 0x3E,
    0x3C, 0x5B, 0x95, 0xE7, 0x31, 0x7F, 0x2B, 0x42, 0x02, 0x50, 0x1A, 0x5E, 0x60, 0x00, 0x0B, 0xD6,
    0x57, 0xFE, 0x49, 0xBA, 0xD4, 0x2D, 0xE3, 0x57, 0x01, 0xF0, 0x6E, 0xD3, 0xB0, 0x64, 0x8E, 0xA5,
    0xD5, 0x20, 0x00, 0x05, 0xE3, 0x22, 0x54, 0x4B, 0x0A, 0x87, 0xC0, 0xE3, 0x1E, 0xC0, 0x00, 0x07,
    0xA4, 0x90, 0x4C, 0xB9, 0xF4, 0x9A, 0xAF, 0x9C, 0xE1, 0x12, 0x8B, 0xEE, 0xDE, 0xF6, 0x3B, 0xCA,
    0xCA, 0xE5, 0x7E, 0x78, 0x50, 0x4F, 0x99, 0x12, 0x5C, 0x5E, 0x87, 0xE7, 0x03, 0x3B, 0xB9, 0xAB,
    0xB3, 0xD7, 0x29, 0x09, 0x61, 0xA4, 0xF9, 0x41, 0xC4, 0x58, 0x00, 0x0B, 0x75, 0x32, 0x91, 0x78,
    0x15, 0x94, 0xB5, 0xC8, 0xE2, 0xCA, 0x0B, 0x6B, 0xFD, 0x63, 0xAC, 0xC1, 0x8D, 0x45, 0xD3, 0x79,
    0xF0, 0x00, 0x1C, 0xBC, 0x2A, 0x0A, 0x11, 0x5F, 0xB8, 0xB5, 0x47, 0xAC, 0x35, 0xAB, 0xF6, 0xF5,
    0x84, 0x7A, 0x83, 0x46, 0x10, 0x00, 0x29, 0x81, 0xC4, 0x33, 0x52, 0x29, 0x01, 0x17, 0x6D, 0x25,
    0x1C, 0xA6, 0x7A, 0xFC, 0x80, 0x00, 0x8F, 0xED, 0x8B, 0x4D, 0xB1, 0xFF, 0x28, 0x11, 0x48, 0xC1,
    0x7E, 0x9C, 0x54, 0x28, 0xA9, 0x5E, 0x11, 0x40, 0xA9, 0xF7, 0x59, 0xF5, 0xDF, 0xA0, 0xB5, 0xA0,
    0x44, 0x42, 0x94, 0xEC, 0xF3, 0x36, 0x8D, 0x77, 0x89, 0x15, 0xAB, 0x1D, 0x98, 0x00, 0xAB, 0xB6,
    0x6A, 0x60, 0xA1, 0x69, 0x40, 0xF4, 0x84, 0x80, 0x3B, 0x30, 0xFE, 0xD8, 0xD4, 0x54, 0x31, 0x4B,
    0x9F, 0xF5, 0xC8, 0xB3, 0x51, 0x7A, 0xCA, 0xCD, 0xFE, 0x28, 0x08, 0x78, 0x37, 0x52, 0x82, 0xFF,
    0x73, 0x46, 0x23, 0x39, 0xB1, 0xD8, 0x1E, 0x81, 0x77, 0xFB, 0x4C, 0xCB, 0x88, 0x3F, 0x29, 0x93,
    0x6A, 0x95, 0x3E, 0x87, 0x25, 0x00, 0xA3, 0x0B, 0x03, 0x41, 0x16, 0x61, 0xF0, 0xD7, 0x54, 0x28,
    0x5C, 0x62, 0xE2, 0x2D, 0xB2, 0xD4, 0x90, 0xEA, 0x96, 0x51, 0xCF, 0x40, 0x87, 0x2E, 0x00, 0xA7,
    0x6F, 0xAA, 0x51, 0xAA, 0xEC, 0x37, 0x32, 0x53, 0xAC, 0xFE, 0x72, 0x7B, 0x7A, 0x85, 0xDD, 0x29,
    0xB6, 0xAA, 0xD2, 0x51, 0xF0, 0xD3, 0x18, 0xA0, 0x87, 0x64, 0x00, 0x9F, 0x03, 0xAC, 0xD8, 0x07,
    0x8B, 0x56, 0x15, 0xEF, 0xA8, 0x67, 0xCB, 0x4D, 0x75, 0xD8, 0x16, 0x90, 0x84, 0x4F, 0x00, 0x8C,
    0x80, 0x98, 0x49, 0x78, 0xBC, 0x3A, 0x77, 0x51, 0x97, 0x4D, 0xDC, 0x5D, 0x05, 0x30, 0x36, 0x30,
    0xAA, 0x57, 0x30, 0x87, 0x0B, 0x01, 0x79, 0xB1, 0x9E, 0x14, 0x20, 0x49, 0x66, 0x80, 0x9D, 0xA7,
    0x7D, 0xA1, 0xD7, 0x66, 0x8B, 0xB8, 0x26, 0xC5, 0x20, 0xAC, 0x11, 0xA0, 0xB8, 0x60, 0xFF, 0xF8,
    0x3F, 0x95, 0x27, 0x18, 0x80, 0x00, 0x18, 0x5A, 0xD5, 0x4E, 0x33, 0x57, 0x25, 0xAE, 0x4C, 0xC6,
    0xE9, 0xDF, 0xFE, 0xBD, 0x60, 0xE6, 0x23, 0xCB, 0xF8, 0xE3, 0x20, 0xD2, 0x9B, 0x7D, 0x53, 0xB2,
    0xAB, 0xA7, 0x58, 0x47, 0x43, 0xDD, 0x2C, 0xEA, 0x98, 0x75, 0xFF, 0xE2, 0xDF, 0x6A, 0x95, 0xE6,
    0x3B, 0x32, 0x54, 0xAC, 0x00, 0x13, 0xB7, 0x1B, 0x0A, 0xA3, 0x12, 0xEA, 0xF2, 0x54, 0xC2, 0x83,
    0xE3, 0x7A, 0x0F, 0x66, 0x94, 0x8B, 0xFE, 0x57, 0x0B, 0xE3, 0xE9, 0x6E, 0x42, 0x56, 0x46, 0xE1,
    0x5B, 0xB5, 0x4E, 0x5A, 0xCD, 0x7D, 0x0C, 0x34, 0xBE, 0x75, 0x27, 0x37, 0x74, 0x60, 0xB1, 0xCA,
    0x61, 0xAE, 0x9A, 0x60, 0xEF, 0xFD, 0x2E, 0x32, 0x06, 0x5D, 0x06, 0xAE, 0xEB, 0x10, 0x1C, 0x2A,
    0x69, 0x49, 0xBC, 0x6C, 0x34, 0x59, 0x00, 0x0A, 0xCF, 0xD1, 0x5D, 0xF6, 0xFC, 0x26, 0x7D, 0x6A,
    0xBB, 0xE9, 0x58, 0x78, 0xC0, 0x66, 0x0B, 0x45, 0xE6, 0xCC, 0x56, 0xFC, 0x1D, 0x24, 0xF7, 0x8A,
    0x35, 0x6B, 0xF7, 0x7E, 0x9E, 0x2E, 0x99, 0xD9, 0x41, 0x76, 0xAC, 0x96, 0x64, 0x01, 0xD4, 0x06,
    0xBA, 0x1F, 0xA7, 0xC1, 0x80, 0x62, 0x25, 0xD5, 0x6A, 0x38, 0xA8, 0x30, 0x2C, 0xAC, 0xF3, 0xBA,
    0xC0, 0x00, 0x05, 0x6C, 0x3B, 0x4D, 0xEF, 0x4A, 0xB1, 0xE2, 0x28, 0x25, 0x2D, 0xF0, 0xD6, 0x76,
    0x0E, 0x79, 0x4E, 0x30, 0xAB, 0xD5, 0x91, 0x64, 0xE3, 0x35, 0xC2, 0x65, 0xCF, 0xF1, 0x43, 0x8A,
    0xB2, 0x74, 0xF3, 0x8F, 0x2E, 0x72, 0x9D, 0x87, 0xD2, 0x00, 0xC2, 0x00, 0x57, 0xEC, 0x73, 0x4E,
    0x0E, 0x87, 0x16, 0xC9, 0x0D, 0x97, 0x83, 0xDB, 0x70, 0x00, 0x9A, 0x43, 0x83, 0xCC, 0xB7, 0x09,
    0xAE, 0xC3, 0x9D, 0x29, 0x9F, 0x77, 0x94, 0x8C, 0x86, 0xBE, 0x57, 0xF4, 0x30, 0x5B, 0x4F, 0xC5,
    0xB6, 0xE2, 0xD8, 0xC5, 0x69, 0x86, 0x41, 0x61, 0xB6, 0xA2, 0xD0, 0x87, 0x2D, 0x00, 0x63, 0xA3,
    0x4C, 0xB1, 0xA7, 0x21, 0x54, 0xE6, 0x0F, 0xE0, 0x6E, 0xF9, 0xB3, 0xA2, 0xDB, 0x1E, 0xF3, 0xD4,
    0x4F, 0x80, 0x87, 0xBD, 0x02, 0x51, 0x42, 0xC4, 0xD4, 0xEC, 0xAD, 0x03, 0x30, 0x16, 0x17, 0xEB,
    0xCB, 0xAE, 0xD6, 0xA4, 0xD2, 0xD6, 0xD3, 0xDC, 0xF2, 0xC7, 0x48, 0x99, 0x58, 0x35, 0x48, 0x00,
    0x66, 0x5B, 0x5A, 0xDB, 0x4E, 0x52, 0x46, 0x24, 0x77, 0x9F, 0xAC, 0x23, 0x55, 0x99, 0xFB, 0xC5,
    0xB2, 0x63, 0xEE, 0x8B, 0xCF, 0xE9, 0x7B, 0xF3, 0x18, 0x90, 0xD9, 0x89, 0xC7, 0x83, 0x06, 0x49,
    0x4D, 0xC9, 0x13, 0xAD, 0x7D, 0x13, 0x85, 0x87, 0xD0, 0x96, 0xF3, 0xDD, 0x55, 0x36, 0x40, 0xD0,
    0xAF, 0xE3, 0xA1, 0xA5, 0xDC, 0x48, 0x55, 0x69, 0xC5, 0xDF, 0x68, 0xC7, 0x6F, 0x1E, 0x13, 0xF0,
    0x00, 0x9F, 0x84, 0x59, 0x6C, 0x94, 0x05, 0xDD, 0x05, 0x6B, 0x05, 0xBF, 0x6D, 0xBD, 0xD2, 0x2B,
    0x2F, 0xC9, 0xDF, 0x41, 0x4C, 0xB5, 0xC7, 0x6C, 0x1C, 0x38, 0x96, 0xDD, 0xBA, 0x88, 0x2B, 0x81,
    0xC5, 0x39, 0xED, 0xDC, 0x62, 0x1C, 0x33, 0x14, 0x61, 0x17, 0x18, 0x87, 0x26, 0x00, 0x6E, 0x4F,
    0xB4, 0x03, 0x21, 0xBA, 0x18, 0x75, 0xF5, 0xFA, 0x91, 0x68, 0x72, 0xFB, 0x9D, 0x34, 0x4F, 0x7C,
    0x71, 0x9C, 0x50, 0xA0, 0x47, 0xB1, 0x0D, 0x97, 0x7C, 0x86, 0xFF, 0xDF, 0x9A, 0x8E, 0x30, 0x76,
    0x82, 0x3D, 0x41, 0xFA, 0x2D, 0x55, 0xAA, 0x86, 0x29, 0x00, 0xB0, 0xF7, 0x71, 0xD8, 0xBC, 0x66,
    0xEA, 0x45, 0x0B, 0xA8, 0x53, 0x89, 0x25, 0xF7, 0x02, 0x98, 0xFA, 0x9E, 0x36, 0x64, 0x80, 0x8F,
    0x15, 0x03, 0x9B, 0xEA, 0x8B, 0x12, 0xF8, 0x63, 0x1C, 0xB5, 0x25, 0x9E, 0xAC, 0x8C, 0x45, 0x7B,
    0x52, 0xCF, 0x9D, 0x07, 0xD2, 0x3F, 0xE0, 0x00, 0x9A, 0xAA, 0x85, 0x6E, 0x64, 0x3A, 0x49, 0x30,
    0x01, 0xC9, 0x78, 0xD8, 0x7C, 0x0F, 0xE7, 0x2C, 0xB2, 0xC4, 0xC4, 0x3F, 0x21, 0xD0, 0xAC, 0xBC,
    0x54, 0xB7, 0x0C, 0xE6, 0x4E, 0xC7, 0xAA, 0x31, 0xD5, 0x58, 0x75, 0xFF, 0x8B, 0xBE, 0xDD, 0x54,
    0x80, 0x86, 0x88, 0x00, 0xA9, 0xFA, 0x12, 0x27, 0x81, 0xE6, 0xE1, 0x3E, 0xEC, 0x98, 0xD0, 0x43,
    0xC7, 0xA5, 0x0A, 0x01, 0xB0, 0xBE, 0xD1, 0x96, 0x00, 0x1D, 0x19, 0x8A, 0xDB, 0xC0, 0x6A, 0xCC,
    0xD3, 0xE8, 0x44, 0x2D, 0x04, 0x9C, 0xA7, 0x9A, 0xBB, 0x95, 0x95, 0xE5, 0xFC, 0x73, 0x6B, 0x8E,
    0x4E, 0x52, 0xCC, 0x99, 0xA5, 0x3B, 0xC2, 0x47, 0x6F, 0x5A, 0x64, 0x80, 0x87, 0x35, 0x00, 0x8F,
    0x68, 0x8B, 0x15, 0x3D, 0x74, 0x71, 0x8E, 0xEE, 0x28, 0xA1, 0xB0, 0x65, 0x48, 0x0B, 0x09, 0xE6,
    0xBE, 0x61, 0x3D, 0x0F, 0x9D, 0x6A, 0xAF, 0x13, 0xB1, 0xBB, 0x0F, 0x6E, 0xE5, 0x73, 0x78, 0x43,
    0x8D, 0x39, 0x56, 0x00, 0x09, 0xF7, 0xCA, 0x47, 0x42, 0x65, 0x7C, 0x19, 0xCC, 0xA3, 0xE1, 0xC3,
    0x33, 0xA7, 0xAA, 0x9D, 0x4E, 0x96, 0x43, 0x78, 0xB6, 0xDA, 0xF7, 0xC8, 0xC5, 0x5C, 0x74, 0x00,
    0x0E, 0xC5, 0x46, 0x73, 0x2C, 0xE4, 0x55, 0x36, 0x30, 0xC1, 0x69, 0xAE, 0xF9, 0xE8, 0x34, 0xF4,
    0xC4, 0x1B, 0xB6, 0x64, 0xD9, 0x6E, 0x68, 0x2F, 0xE1, 0xC2, 0xA4, 0x00, 0x18, 0xDC, 0xAD, 0x4F,
    0xAE, 0x43, 0x0A, 0xE4, 0x5E, 0xF2, 0x8A, 0x14, 0x1C, 0x3A, 0xFA, 0xDC, 0x14, 0xBB, 0x32, 0xD7,
    0x75, 0xE2, 0x56, 0x78, 0xBB, 0x0F, 0x42, 0x38, 0x1B, 0xFA, 0x05, 0xAB, 0xCF, 0x90, 0x25, 0x6C,
    0xFC, 0x52, 0xB6, 0x8C, 0x81, 0x8E, 0x0F, 0x83, 0xCE, 0x00, 0x7C, 0x13, 0x64, 0x54, 0x2A, 0x70,
    0x67, 0xC9, 0xDC, 0xB8, 0x1E, 0xBB, 0xC7, 0x5E, 0xB2, 0x7D, 0xA9, 0x2B, 0xB1, 0xAB, 0xFA, 0x0D,
    0x62, 0xBC, 0x87, 0xC2, 0xD5, 0x63, 0x2C, 0xE7, 0x94, 0xC8, 0x44, 0x84, 0x83, 0x07, 0xBC, 0xBD,
    0x24, 0xE0, 0x64, 0xE4, 0x84, 0x00, 0x68, 0x5E, 0x5A, 0xB6, 0x75, 0x1D, 0x0C, 0x27, 0xC0, 0x34,
    0xAF, 0x9E, 0xF9, 0x87, 0xC5, 0x0D, 0xBB, 0x3C, 0x7D, 0xB1, 0xFB, 0xB9, 0x08, 0x57, 0x9C, 0xB0,
    0x18, 0xEE, 0x86, 0x3A, 0x1E, 0x58, 0xFB, 0x80, 0x87, 0x07, 0x04, 0x58, 0xC1, 0x32, 0x19, 0xB7,
    0x8D, 0x33, 0xBA, 0x61, 0x1E, 0xC9, 0xDC, 0x50, 0xD9, 0x90, 0x4A, 0xC4, 0x1A, 0xB7, 0x9D, 0x45,
    0xDD, 0x52, 0x18, 0xAE, 0xA0, 0xA2, 0xE0, 0x00, 0x5D, 0x6A, 0x0F, 0xDD, 0x49, 0xBB, 0xB6, 0xD8,
    0x62, 0xDC, 0x9A, 0xB8, 0x94, 0x4E, 0xB9, 0xD7, 0x70, 0x50, 0x0F, 0x15, 0x94, 0x28, 0x87, 0x88,
    0xA6, 0x74, 0xBB, 0x1E, 0xF1, 0xBE, 0xEF, 0x44, 0x18, 0x42, 0x50, 0xFE, 0xC4, 0xCB, 0x6E, 0xA5,
    0x49, 0x00, 0x5D, 0x6F, 0x9E, 0x88, 0xC2, 0x7E, 0xDE, 0x37, 0x42, 0xD5, 0x46, 0xC5, 0x11, 0xD1,
    0xCF, 0x16, 0x9C, 0x71, 0x72, 0x44, 0x6C, 0x4B, 0x71, 0xA6, 0x5B, 0x07, 0x5F, 0x1A, 0xBA, 0xCD,
    0xBB, 0x50, 0x97, 0x35, 0x5B, 0x4B, 0xAE, 0x15, 0xC0, 0x6E, 0xC0, 0x87, 0x0F, 0x00, 0x5E, 0x00,
    0x9F, 0xE3, 0xCF, 0xF7, 0x32, 0x0F, 0x01, 0x3C, 0xAE, 0x75, 0x5C, 0x9C, 0xA5, 0x79, 0x47, 0xAA,
    0xB5, 0x60, 0xEB, 0x5B, 0x7F, 0x62, 0x69, 0x77, 0xC4, 0xF1, 0xDC, 0x56, 0x36, 0x74, 0x3C, 0xD5,
    0x3A, 0x45, 0x44, 0x3B, 0x22, 0x32, 0xD2, 0x69, 0x5F, 0xDA, 0x72, 0xF0, 0x22, 0x91, 0x9C, 0xD7,
    0x3D, 0x64, 0x68, 0x54, 0x12, 0x40, 0x00, 0x74, 0x72, 0x2E, 0xD1, 0x44, 0xBE, 0x5D, 0x8F, 0xD1,
    0x11, 0x2F, 0x74, 0xA8, 0xB4, 0x76, 0x33, 0xA0, 0x51, 0xAC, 0xBD, 0x22, 0xD8, 0x10, 0xF6, 0xAF,
    0xC8, 0x5A, 0x87, 0x5F, 0x6B, 0x02, 0x6F, 0x09, 0x74, 0xA1, 0xE2, 0xD8, 0xCE, 0xE6, 0xA6, 0x3C,
    0x82, 0x8D, 0x8E, 0x70, 0x00, 0x76, 0x33, 0x4B, 0x68, 0x86, 0x37, 0xC8, 0x9F, 0xCD, 0x45, 0x59,
    0x41, 0xEE, 0xF1, 0x5C, 0xC4, 0x84, 0xE2, 0x45, 0x22, 0xDA, 0xD6, 0x9D, 0x3B, 0x97, 0x54, 0xE8,
    0xDC, 0x16, 0x5C, 0xC9, 0x60, 0x37, 0x00, 0x6B, 0x1C, 0x90, 0x3D, 0x9A, 0x5C, 0xBC, 0xD2, 0x05,
    0xCD, 0x80, 0x00, 0xA1, 0xC7, 0xAD, 0xAD, 0x06, 0x48, 0x1E, 0x34, 0x90, 0x88, 0x3A, 0x0F, 0x61,
    0x1E, 0x5F, 0xF6, 0x8A, 0x52, 0x96, 0x2A, 0x8D, 0x4C, 0x78, 0x3E, 0xAA, 0xEE, 0x46, 0x90, 0x82,
    0x4F, 0x9A, 0x00, 0x96, 0x57, 0x8C, 0xA5, 0xFA, 0xFF, 0x4A, 0x37, 0xC8, 0x22, 0x68, 0x31, 0x76,
    0xF1, 0x6B, 0xAB, 0xFF, 0xDF, 0xEF, 0x1F, 0x96, 0x92, 0x9A, 0x28, 0xFE, 0x4E, 0x46, 0x44, 0x8C,
    0xE1, 0x37, 0xFA, 0x28, 0x12, 0x40, 0x00, 0xA2, 0x14, 0x44, 0xE1, 0x7C, 0x23, 0x51, 0x88, 0x1E,
    0x68, 0xEE, 0x68, 0x6F, 0x6C, 0xFB, 0x23, 0x9E, 0x3F, 0xE8, 0x90, 0xA5, 0x9B, 0x19, 0x60, 0x55,
    0x3C, 0x70, 0xCE, 0x1A, 0x0B, 0x23, 0x3F, 0x18, 0xBA, 0xAD, 0xF6, 0x53, 0xE3, 0x29, 0x3F, 0xE1,
    0xA9, 0x67, 0x8F, 0xA7, 0x34, 0x25, 0x5E, 0x48, 0x5F, 0x3F, 0x02, 0x19, 0x4F, 0x39, 0xE5, 0xF8,
    0x65, 0xDB, 0xF4, 0x0B, 0x8F, 0x17, 0xFD, 0x59, 0x50, 0x00, 0x6E, 0xA0, 0xCA, 0xDE, 0x49, 0x8F,
    0x9A, 0x19, 0xF2, 0xA9, 0xBC, 0x05, 0x41, 0xDD, 0xA2, 0x12, 0xF6, 0x32, 0x95, 0x77, 0xAF, 0xD3,
    0x0D, 0xFD, 0x23, 0xB1, 0xA5, 0x70, 0xDF, 0x5D, 0x8B, 0x07, 0xA3, 0xB3, 0xEE, 0x55, 0x9F, 0x7C,
    0xAE, 0x82, 0x3F, 0xE6, 0x86, 0x90, 0x87, 0x2A, 0x04, 0x8A, 0xAD, 0xFC, 0x89, 0x9B, 0xBE, 0x6D,
    0x22, 0xCC, 0xA7, 0xEC, 0xF5, 0xDA, 0x86, 0xF4, 0x3A, 0x89, 0xEB, 0x1C, 0x9A, 0xE5, 0x61, 0x30,
    0xE0, 0xE5, 0x1B, 0xD3, 0xD2, 0x69, 0xC7, 0xE9, 0x0B, 0x59, 0x0E, 0x97, 0x8B, 0x2F, 0x0A, 0x3A,
    0x1F, 0x14, 0x5B, 0x22, 0x5B, 0x67, 0x4C, 0x0E, 0x4B, 0x00, 0x40, 0x00, 0xC2, 0x9C, 0x3B, 0x57,
    0xC7, 0x11, 0x6E, 0x41, 0xB9, 0x73, 0x42, 0x62, 0xE4, 0x6E, 0x12, 0xC7, 0x3D, 0x76, 0xFA, 0x69,
    0xA4, 0x5D, 0x08, 0x67, 0x5C, 0x1D, 0x5D, 0x12, 0x0B, 0xD9, 0x42, 0x0D, 0xCE, 0xDF, 0xC3, 0x2A,
    0x6B, 0xD9, 0xED, 0x73, 0x93, 0xF5, 0xAD, 0x5D, 0x7A, 0x27, 0x1C, 0xBC, 0xC0,
};

static const EpdGlyph notoserif_14_bolditalicGlyphs[] = {
    { 0, 0, 0, 0, 0, 0, 0 }, // U+0000
    { 0, 0, 121, 0, 0, 0, 0 }, // U+000D
    { 0, 0, 121, 0, 0, 0, 0 }, // U+0020
    { 10, 22, 184, 2, 21, 15, 0 }, // !
    { 13, 9, 237, 4, 21, 12, 15 }, // "
    { 17, 21, 261, 0, 21, 37, 27 }, // #
    { 17, 26, 261, 0, 23, 42, 64 }, // $
    { 24, 23, 418, 2, 22, 49, 106 }, // %
    { 24, 23, 374, 0, 22, 45, 155 }, // &
    { 6, 9, 135, 4, 21, 6, 200 }, // '
    { 13, 28, 187, 1, 23, 20, 206 }, // (
    { 13, 28, 187, -2, 23, 21, 226 }, // )
    { 14, 13, 288, 4, 23, 31, 247 }, // *
    { 14, 13, 261, 1, 17, 13, 278 }, // +
    { 7, 10, 142, -1, 5, 10, 291 }, // ,
    { 9, 4, 145, 0, 10, 6, 301 }, // -
    { 6, 6, 142, 0, 5, 6, 307 }, // .
    { 15, 27, 134, -3, 23, 18, 313 }, // /
    { 16, 23, 261, 1, 22, 27, 331 }, // 0
    { 14, 21, 241, 0, 21, 22, 358 }, // 1
    { 18, 22, 261, -1, 22, 29, 380 }, // 2
    { 18, 23, 261, -1, 22, 35, 409 }, // 3
    { 16, 21, 261, 0, 21, 30, 444 }, // 4
    { 17, 22, 261, 0, 21, 30, 474 }, // 5
    { 17, 23, 261, 1, 22, 34, 504 }, // 6
    { 17, 21, 261, 1, 21, 21, 538 }, // 7
    { 17, 23, 261, 0, 22, 37, 559 }, // 8
    { 17, 23, 261, 0, 22, 33, 596 }, // 9
    { 8, 17, 167, 1, 16, 12, 629 }, // :
    { 10, 21, 167, -1, 16, 15, 641 }, // ;
    { 14, 15, 261, 1, 18, 22, 656 }, // <
    { 14, 9, 261, 1, 15, 11, 678 }, // =
    { 14, 15, 261, 1, 18, 24, 689 }, // >
    { 14, 23, 250, 2, 22, 23, 713 }, // ?
    { 25, 26, 430, 1, 21, 58, 736 }, // @
    { 23, 21, 351, -2, 21, 34, 794 }, // A
    { 21, 21, 314, -1, 21, 36, 828 }, // B
    { 20, 23, 312, 1, 22, 28, 864 }, // C
    { 23, 21, 358, -1, 21, 32, 892 }, // D
    { 21, 21, 295, -1, 21, 27, 924 }, // E
    { 21, 21, 290, -1, 21, 18, 951 }, // F
    { 22, 23, 372, 1, 22, 33, 969 }, // G
    { 27, 21, 382, -1, 21, 39, 1002 }, // H
    { 15, 21, 187, -1, 21, 19, 1041 }, // I
    { 19, 28, 187, -5, 21, 23, 1060 }, // J
    { 25, 21, 346, -1, 21, 39, 1083 }, // K
    { 20, 21, 305, -1, 21, 23, 1122 }, // L
    { 31, 21, 444, -1, 21, 55, 1145 }, // M
    { 27, 21, 368, -1, 21, 41, 1200 }, // N
    { 22, 23, 370, 1, 22, 30, 1241 }, // O
    { 21, 21, 309, -1, 21, 26, 1271 }, // P
    { 22, 29, 367, 1, 22, 23, 1297 }, // Q
    { 22, 21, 330, -1, 21, 38, 1320 }, // R
    { 18, 23, 274, 0, 22, 37, 1358 }, // S
    { 21, 21, 305, 1, 21, 25, 1395 }, // T
    { 23, 22, 349, 2, 21, 31, 1420 }, // U
    { 22, 21, 326, 2, 21, 31, 1451 }, // V
    { 33, 21, 498, 2, 21, 47, 1482 }, // W
    { 26, 21, 342, -2, 21, 38, 1529 }, // X
    { 22, 21, 323, 2, 21, 32, 1567 }, // Y
    { 22, 21, 311, -1, 21, 28, 1599 }, // Z
    { 15, 27, 193, 0, 23, 19, 1627 }, // [
    { 4, 27, 134, 3, 23, 13, 1646 }, // <backslash>
    { 15, 27, 193, -2, 23, 19, 1659 }, // ]
    { 14, 14, 261, 1, 21, 17, 1678 }, // ^
    { 15, 3, 214, -3, -2, 6, 1695 }, // _
    { 7, 6, 156, 4, 23, 7, 1701 }, // `
    { 18, 17, 310, 1, 16, 31, 1708 }, // a
    { 17, 24, 291, 0, 23, 35, 1739 }, // b
    { 15, 17, 246, 1, 16, 22, 1774 }, // c
    { 18, 24, 310, 1, 23, 18, 1796 }, // d
    { 15, 17, 250, 1, 16, 14, 1814 }, // e
    { 22, 30, 189, -5, 23, 32, 1828 }, // f
    { 21, 24, 271, -2, 17, 44, 1860 }, // g
    { 19, 24, 306, 0, 23, 34, 1904 }, // h
    { 9, 24, 165, 1, 23, 21, 1938 }, // i
    { 15, 30, 158, -5, 23, 22, 1959 }, // j
    { 19, 23, 279, 0, 23, 34, 1981 }, // k
    { 9, 24, 165, 1, 23, 18, 2015 }, // l
    { 27, 18, 452, 1, 17, 41, 2033 }, // m
    { 19, 17, 314, 1, 16, 28, 2074 }, // n
    { 16, 17, 288, 1, 16, 24, 2102 }, // o
    { 18, 23, 291, -1, 16, 34, 2126 }, // p
    { 17, 23, 295, 1, 16, 33, 2160 }, // q
    { 16, 16, 257, 1, 16, 20, 2193 }, // r
    { 15, 17, 240, 0, 16, 27, 2213 }, // s
    { 12, 21, 195, 1, 20, 21, 2240 }, // t
    { 19, 17, 314, 1, 16, 25, 2261 }, // u
    { 17, 17, 274, 0, 16, 22, 2286 }, // v
    { 24, 17, 408, 1, 16, 36, 2308 }, // w
    { 19, 16, 282, -1, 16, 26, 2344 }, // x
    { 22, 23, 274, -5, 16, 30, 2370 }, // y
    { 16, 16, 260, 0, 16, 23, 2400 }, // z
    { 15, 27, 206, 1, 23, 25, 2423 }, // {
    { 3, 30, 261, 7, 23, 7, 2448 }, // |
    { 15, 27, 206, -2, 23, 25, 2455 }, // }
    { 14, 7, 261, 1, 14, 15, 2480 }, // ~
    { 0, 0, 121, 0, 0, 0, 2495 }, // U+00A0
    { 10, 22, 184, 0, 16, 16, 2495 }, // U+00A1
    { 16, 21, 261, 1, 21, 31, 2511 }, // U+00A2
    { 18, 23, 261, -1, 22, 36, 2542 }, // U+00A3
    { 13, 13, 261, 2, 17, 28, 2578 }, // U+00A4
    { 18, 21, 261, 1, 21, 41, 2606 }, // U+00A5
    { 3, 30, 261, 7, 23, 10, 2647 }, // U+00A6
    { 16, 27, 254, 0, 23, 42, 2657 }, // U+00A7
    { 11, 5, 269, 5, 23, 9, 2699 }, // U+00A8
    { 23, 23, 394, 1, 22, 52, 2708 }, // U+00A9
    { 12, 10, 201, 2, 21, 21, 2760 }, // U+00AA
    { 15, 12, 259, 1, 14, 22, 2781 }, // U+00AB
    { 14, 8, 261, 1, 12, 9, 2803 }, // U+00AC
    { 9, 4, 145, 0, 10, 4, 2812 }, // U+00AD
    { 23, 23, 394, 1, 22, 45, 2816 }, // U+00AE
    { 15, 2, 214, 2, 24, 5, 2861 }, // U+00AF
    { 10, 10, 187, 3, 22, 13, 2866 }, // U+00B0
    { 14, 17, 261, 1, 17, 11, 2879 }, // U+00B1
    { 12, 14, 187, 1, 25, 23, 2890 }, // U+00B2
    { 12, 14, 187, 1, 25, 22, 2913 }, // U+00B3
    { 9, 6, 152, 3, 23, 7, 2935 }, // U+00B4
    { 21, 23, 316, -1, 16, 35, 2942 }, // U+00B5
    { 17, 27, 293, 1, 23, 27, 2977 }, // U+00B6
    { 6, 5, 142, 2, 13, 6, 3004 }, // U+00B7
    { 9, 8, 155, 0, 1, 10, 3010 }, // U+00B8
    { 9, 13, 187, 2, 24, 16, 3020 }, // U+00B9
    { 12, 10, 190, 2, 21, 15, 3036 }, // U+00BA
    { 15, 12, 259, 0, 14, 21, 3051 }, // U+00BB
    { 23, 21, 412, 2, 21, 53, 3072 }, // U+00BC
    { 23, 21, 412, 2, 21, 54, 3125 }, // U+00BD
    { 24, 22, 412, 1, 22, 58, 3179 }, // U+00BE
    { 14, 22, 250, 0, 16, 26, 3237 }, // U+00BF
    { 23, 28, 351, -2, 28, 15, 3263 }, // U+00C0
    { 23, 28, 351, -2, 28, 16, 3278 }, // U+00C1
    { 23, 28, 351, -2, 28, 18, 3294 }, // U+00C2
    { 23, 28, 351, -2, 28, 21, 3312 }, // U+00C3
    { 23, 28, 351, -2, 28, 18, 3333 }, // U+00C4
    { 23, 26, 351, -2, 26, 19, 3351 }, // U+00C5
    { 32, 21, 463, -2, 21, 48, 3370 }, // U+00C6
    { 20, 29, 312, 1, 22, 19, 3418 }, // U+00C7
    { 21, 28, 295, -1, 28, 14, 3437 }, // U+00C8
    { 21, 28, 295, -1, 28, 15, 3451 }, // U+00C9
    { 21, 28, 295, -1, 28, 17, 3466 }, // U+00CA
    { 21, 28, 295, -1, 28, 17, 3483 }, // U+00CB
    { 15, 28, 187, -1, 28, 13, 3500 }, // U+00CC
    { 17, 28, 187, -1, 28, 25, 3513 }, // U+00CD
    { 16, 28, 187, -1, 28, 28, 3538 }, // U+00CE
    { 16, 28, 187, -1, 28, 16, 3566 }, // U+00CF
    { 23, 21, 358, -1, 21, 15, 3582 }, // U+00D0
    { 27, 28, 368, -1, 28, 25, 3597 }, // U+00D1
    { 22, 29, 370, 1, 28, 15, 3622 }, // U+00D2
    { 22, 29, 370, 1, 28, 15, 3637 }, // U+00D3
    { 22, 29, 370, 1, 28, 17, 3652 }, // U+00D4
    { 22, 29, 370, 1, 28, 20, 3669 }, // U+00D5
    { 22, 29, 370, 1, 28, 18, 3689 }, // U+00D6
    { 12, 13, 261, 2, 17, 22, 3707 }, // U+00D7
    { 22, 25, 370, 1, 23, 25, 3729 }, // U+00D8
    { 23, 29, 349, 2, 28, 17, 3754 }, // U+00D9
    { 23, 29, 349, 2, 28, 17, 3771 }, // U+00DA
    { 23, 29, 349, 2, 28, 20, 3788 }, // U+00DB
    { 23, 29, 349, 2, 28, 19, 3808 }, // U+00DC
    { 22, 28, 323, 2, 28, 17, 3827 }, // U+00DD
    { 20, 21, 298, -1, 21, 26, 3844 }, // U+00DE
    { 25, 30, 324, -5, 23, 52, 3870 }, // U+00DF
    { 18, 24, 310, 1, 23, 16, 3922 }, // U+00E0
    { 18, 24, 310, 1, 23, 16, 3938 }, // U+00E1
    { 18, 24, 310, 1, 23, 17, 3954 }, // U+00E2
    { 18, 24, 310, 1, 23, 20, 3971 }, // U+00E3
    { 18, 24, 310, 1, 23, 18, 3991 }, // U+00E4
    { 18, 25, 310, 1, 24, 20, 4009 }, // U+00E5
    { 25, 17, 411, 1, 16, 43, 4029 }, // U+00E6
    { 15, 23, 246, 1, 16, 17, 4072 }, // U+00E7
    { 15, 24, 250, 1, 23, 15, 4089 }, // U+00E8
    { 17, 24, 250, 1, 23, 32, 4104 }, // U+00E9
    { 15, 24, 250, 1, 23, 16, 4136 }, // U+00EA
    { 15, 24, 250, 1, 23, 17, 4152 }, // U+00EB
    { 9, 24, 165, 1, 23, 15, 4169 }, // U+00EC
    { 12, 24, 165, 1, 23, 22, 4184 }, // U+00ED
    { 12, 24, 165, 0, 23, 24, 4206 }, // U+00EE
    { 11, 24, 165, 1, 23, 24, 4230 }, // U+00EF
    { 16, 24, 287, 1, 23, 34, 4254 }, // U+00F0
    { 19, 24, 314, 1, 23, 21, 4288 }, // U+00F1
    { 16, 24, 288, 1, 23, 14, 4309 }, // U+00F2
    { 17, 24, 288, 1, 23, 30, 4323 }, // U+00F3
    { 16, 24, 288, 1, 23, 16, 4353 }, // U+00F4
    { 17, 24, 288, 1, 23, 20, 4369 }, // U+00F5
    { 16, 24, 288, 1, 23, 16, 4389 }, // U+00F6
    { 14, 15, 261, 1, 18, 15, 4405 }, // U+00F7
    { 18, 20, 288, 0, 18, 37, 4420 }, // U+00F8
    { 19, 24, 314, 1, 23, 16, 4457 }, // U+00F9
    { 19, 24, 314, 1, 23, 16, 4473 }, // U+00FA
    { 19, 24, 314, 1, 23, 18, 4489 }, // U+00FB
    { 19, 24, 314, 1, 23, 19, 4507 }, // U+00FC
    { 22, 30, 274, -5, 23, 18, 4526 }, // U+00FD
    { 18, 30, 291, -1, 23, 19, 4544 }, // U+00FE
    { 22, 30, 274, -5, 23, 20, 4563 }, // U+00FF
    { 23, 25, 351, -2, 25, 14, 4583 }, // U+0100
    { 18, 21, 310, 1, 20, 14, 4597 }, // U+0101
    { 23, 28, 351, -2, 28, 19, 4611 }, // U+0102
    { 18, 24, 310, 1, 23, 18, 4630 }, // U+0103
    { 23, 28, 351, -2, 21, 21, 4648 }, // U+0104
    { 18, 23, 310, 1, 16, 19, 4669 }, // U+0105
    { 21, 29, 312, 1, 28, 34, 4688 }, // U+0106
    { 17, 24, 246, 1, 23, 20, 4722 }, // U+0107
    { 20, 29, 312, 1, 28, 18, 4742 }, // U+0108
    { 16, 24, 246, 1, 23, 24, 4760 }, // U+0109
    { 20, 29, 312, 1, 28, 15, 4784 }, // U+010A
    { 15, 24, 246, 1, 23, 12, 4799 }, // U+010B
    { 20, 29, 312, 1, 28, 19, 4811 }, // U+010C
    { 16, 24, 246, 1, 23, 28, 4830 }, // U+010D
    { 23, 28, 358, -1, 28, 17, 4858 }, // U+010E
    { 25, 24, 310, 1, 23, 37, 4875 }, // U+010F
    { 23, 21, 358, -1, 21, 11, 4912 }, // U+0110
    { 20, 24, 310, 1, 23, 40, 4923 }, // U+0111
    { 21, 25, 295, -1, 25, 13, 4963 }, // U+0112
    { 15, 21, 250, 1, 20, 13, 4976 }, // U+0113
    { 21, 28, 295, -1, 28, 17, 4989 }, // U+0114
    { 15, 24, 250, 1, 23, 19, 5006 }, // U+0115
    { 21, 27, 295, -1, 27, 15, 5025 }, // U+0116
    { 15, 24, 250, 1, 23, 13, 5040 }, // U+0117
    { 21, 28, 295, -1, 21, 18, 5053 }, // U+0118
    { 15, 23, 250, 1, 16, 17, 5071 }, // U+0119
    { 21, 28, 295, -1, 28, 16, 5088 }, // U+011A
    { 16, 24, 250, 1, 23, 20, 5104 }, // U+011B
    { 22, 29, 372, 1, 28, 18, 5124 }, // U+011C
    { 21, 30, 271, -2, 23, 20, 5142 }, // U+011D
    { 22, 29, 372, 1, 28, 20, 5162 }, // U+011E
    { 21, 30, 271, -2, 23, 20, 5182 }, // U+011F
    { 22, 29, 372, 1, 28, 16, 5202 }, // U+0120
    { 21, 30, 271, -2, 23, 17, 5218 }, // U+0121
    { 22, 29, 372, 1, 22, 17, 5235 }, // U+0122
    { 21, 30, 271, -2, 23, 16, 5252 }, // U+0123
    { 27, 28, 382, -1, 28, 19, 5268 }, // U+0124
    { 19, 30, 306, 0, 29, 18, 5287 }, // U+0125
    { 27, 21, 382, -1, 21, 21, 5305 }, // U+0126
    { 19, 24, 306, 0, 23, 26, 5326 }, // U+0127
    { 17, 28, 187, -1, 28, 19, 5352 }, // U+0128
    { 13, 24, 165, 0, 23, 27, 5371 }, // U+0129
    { 15, 25, 187, -1, 25, 11, 5398 }, // U+012A
    { 10, 21, 165, 1, 20, 20, 5409 }, // U+012B
    { 16, 28, 187, -1, 28, 16, 5429 }, // U+012C
    { 11, 24, 165, 1, 23, 19, 5445 }, // U+012D
    { 15, 28, 187, -1, 21, 17, 5464 }, // U+012E
    { 10, 30, 165, 0, 23, 27, 5481 }, // U+012F
    { 15, 28, 187, -1, 28, 12, 5508 }, // U+0130
    { 9, 17, 165, 1, 16, 7, 5520 }, // U+0131
    { 27, 28, 374, -1, 21, 35, 5527 }, // U+0132
    { 19, 30, 323, 1, 23, 40, 5562 }, // U+0133
    { 20, 35, 187, -5, 28, 31, 5602 }, // U+0134
    { 17, 30, 158, -5, 23, 26, 5633 }, // U+0135
    { 25, 28, 346, -1, 21, 19, 5659 }, // U+0136
    { 19, 30, 279, 0, 23, 17, 5678 }, // U+0137
    { 19, 16, 279, 0, 16, 14, 5695 }, // U+0138
    { 20, 28, 305, -1, 28, 14, 5709 }, // U+0139
    { 14, 30, 165, 1, 29, 25, 5723 }, // U+013A
    { 20, 28, 305, -1, 21, 14, 5748 }, // U+013B
    { 11, 30, 165, -1, 23, 23, 5762 }, // U+013C
    { 21, 21, 305, -1, 21, 17, 5785 }, // U+013D
    { 15, 24, 165, 1, 23, 24, 5802 }, // U+013E
    { 20, 21, 305, -1, 21, 14, 5826 }, // U+013F
    { 14, 24, 216, 1, 23, 14, 5840 }, // U+0140
    { 20, 21, 305, -1, 21, 16, 5854 }, // U+0141
    { 12, 24, 165, -1, 23, 24, 5870 }, // U+0142
    { 27, 28, 368, -1, 28, 20, 5894 }, // U+0143
    { 19, 24, 314, 1, 23, 15, 5914 }, // U+0144
    { 27, 28, 368, -1, 21, 21, 5929 }, // U+0145
    { 19, 23, 314, 1, 16, 17, 5950 }, // U+0146
    { 27, 28, 368, -1, 28, 21, 5967 }, // U+0147
    { 19, 24, 314, 1, 23, 17, 5988 }, // U+0148
    { 26, 22, 410, 0, 21, 40, 6005 }, // U+0149
    { 27, 28, 356, -1, 21, 22, 6045 }, // U+014A
    { 17, 23, 304, 1, 16, 31, 6067 }, // U+014B
    { 22, 26, 370, 1, 25, 13, 6098 }, // U+014C
    { 16, 21, 288, 1, 20, 12, 6111 }, // U+014D
    { 22, 29, 370, 1, 28, 18, 6123 }, // U+014E
    { 16, 24, 288, 1, 23, 17, 6141 }, // U+014F
    { 22, 29, 370, 1, 28, 20, 6158 }, // U+0150
    { 18, 24, 288, 1, 23, 35, 6178 }, // U+0151
    { 29, 23, 463, 1, 22, 40, 6213 }, // U+0152
    { 26, 17, 421, 1, 16, 42, 6253 }, // U+0153
    { 22, 28, 330, -1, 28, 16, 6295 }, // U+0154
    { 16, 23, 257, 1, 23, 14, 6311 }, // U+0155
    { 22, 28, 330, -1, 21, 17, 6325 }, // U+0156
    { 18, 23, 257, -1, 16, 27, 6342 }, // U+0157
    { 22, 28, 330, -1, 28, 18, 6369 }, // U+0158
    { 16, 23, 257, 1, 23, 15, 6387 }, // U+0159
    { 19, 29, 274, 0, 28, 43, 6402 }, // U+015A
    { 17, 24, 240, 0, 23, 34, 6445 }, // U+015B
    { 18, 29, 274, 0, 28, 19, 6479 }, // U+015C
    { 15, 24, 240, 0, 23, 17, 6498 }, // U+015D
    { 18, 29, 274, 0, 22, 19, 6515 }, // U+015E
    { 15, 23, 240, 0, 16, 17, 6534 }, // U+015F
    { 18, 29, 274, 0, 28, 18, 6551 }, // U+0160
    { 16, 24, 240, 0, 23, 35, 6569 }, // U+0161
    { 21, 28, 305, 1, 21, 21, 6604 }, // U+0162
    { 13, 27, 195, 0, 20, 30, 6625 }, // U+0163
    { 21, 28, 305, 1, 28, 16, 6655 }, // U+0164
    { 16, 24, 195, 1, 23, 26, 6671 }, // U+0165
    { 21, 21, 305, 1, 21, 16, 6697 }, // U+0166
    { 13, 21, 195, 0, 20, 15, 6713 }, // U+0167
    { 23, 29, 349, 2, 28, 22, 6728 }, // U+0168
    { 19, 24, 314, 1, 23, 22, 6750 }, // U+0169
    { 23, 26, 349, 2, 25, 16, 6772 }, // U+016A
    { 19, 21, 314, 1, 20, 14, 6788 }, // U+016B
    { 23, 29, 349, 2, 28, 21, 6802 }, // U+016C
    { 19, 24, 314, 1, 23, 20, 6823 }, // U+016D
    { 23, 30, 349, 2, 29, 21, 6843 }, // U+016E
    { 19, 25, 314, 1, 24, 36, 6864 }, // U+016F
    { 23, 29, 349, 2, 28, 22, 6900 }, // U+0170
    { 19, 24, 314, 1, 23, 20, 6922 }, // U+0171
    { 23, 28, 349, 2, 21, 21, 6942 }, // U+0172
    { 19, 23, 314, 1, 16, 20, 6963 }, // U+0173
    { 33, 28, 498, 2, 28, 23, 6983 }, // U+0174
    { 24, 24, 408, 1, 23, 20, 7006 }, // U+0175
    { 22, 28, 323, 2, 28, 20, 7026 }, // U+0176
    { 22, 30, 274, -5, 23, 19, 7046 }, // U+0177
    { 22, 28, 323, 2, 28, 19, 7065 }, // U+0178
    { 22, 28, 311, -1, 28, 15, 7084 }, // U+0179
    { 16, 23, 260, 0, 23, 13, 7099 }, // U+017A
    { 22, 28, 311, -1, 28, 15, 7112 }, // U+017B
    { 16, 23, 260, 0, 23, 12, 7127 }, // U+017C
    { 22, 28, 311, -1, 28, 17, 7139 }, // U+017D
    { 16, 23, 260, 0, 23, 14, 7156 }, // U+017E
    { 22, 30, 189, -5, 23, 14, 7170 }, // U+017F
    { 27, 24, 393, 1, 23, 37, 7184 }, // U+01A0
    { 21, 20, 313, 1, 19, 30, 7221 }, // U+01A1
    { 26, 24, 398, 2, 23, 38, 7251 }, // U+01AF
    { 24, 20, 363, 1, 19, 39, 7289 }, // U+01B0
    { 44, 28, 669, -1, 28, 69, 7328 }, // U+01C4
    { 39, 23, 619, -1, 23, 64, 7397 }, // U+01C5
    { 34, 24, 571, 1, 23, 68, 7461 }, // U+01C6
    { 34, 28, 492, -1, 21, 45, 7529 }, // U+01C7
    { 30, 30, 463, -1, 23, 45, 7574 }, // U+01C8
    { 19, 30, 323, 1, 23, 40, 7619 }, // U+01C9
    { 38, 28, 555, -1, 21, 65, 7659 }, // U+01CA
    { 34, 30, 526, -1, 23, 64, 7724 }, // U+01CB
    { 29, 30, 471, 1, 23, 50, 7788 }, // U+01CC
    { 23, 28, 351, -2, 28, 17, 7838 }, // U+01CD
    { 18, 24, 310, 1, 23, 16, 7855 }, // U+01CE
    { 17, 28, 187, -1, 28, 14, 7871 }, // U+01CF
    { 12, 24, 165, 1, 23, 14, 7885 }, // U+01D0
    { 22, 29, 370, 1, 28, 16, 7899 }, // U+01D1
    { 17, 24, 288, 1, 23, 15, 7915 }, // U+01D2
    { 23, 29, 349, 2, 28, 19, 7930 }, // U+01D3
    { 19, 24, 314, 1, 23, 19, 7949 }, // U+01D4
    { 23, 31, 349, 2, 30, 25, 7968 }, // U+01D5
    { 19, 26, 314, 1, 25, 38, 7993 }, // U+01D6
    { 23, 32, 349, 2, 31, 25, 8031 }, // U+01D7
    { 19, 27, 314, 1, 26, 40, 8056 }, // U+01D8
    { 23, 32, 349, 2, 31, 28, 8096 }, // U+01D9
    { 19, 27, 314, 1, 26, 44, 8124 }, // U+01DA
    { 23, 32, 349, 2, 31, 24, 8168 }, // U+01DB
    { 19, 27, 314, 1, 26, 40, 8192 }, // U+01DC
    { 16, 17, 262, 0, 16, 25, 8232 }, // U+01DD
    { 23, 30, 351, -2, 30, 23, 8257 }, // U+01DE
    { 18, 26, 310, 1, 25, 21, 8280 }, // U+01DF
    { 23, 30, 351, -2, 30, 20, 8301 }, // U+01E0
    { 18, 26, 310, 1, 25, 21, 8321 }, // U+01E1
    { 32, 25, 463, -2, 25, 18, 8342 }, // U+01E2
    { 25, 21, 411, 1, 20, 17, 8360 }, // U+01E3
    { 22, 23, 372, 1, 22, 17, 8377 }, // U+01E4
    { 21, 24, 271, -2, 17, 20, 8394 }, // U+01E5
    { 22, 29, 372, 1, 28, 18, 8414 }, // U+01E6
    { 21, 30, 271, -2, 23, 18, 8432 }, // U+01E7
    { 25, 28, 346, -1, 28, 20, 8450 }, // U+01E8
    { 19, 29, 279, 0, 29, 18, 8470 }, // U+01E9
    { 22, 29, 370, 1, 22, 19, 8488 }, // U+01EA
    { 16, 23, 288, 1, 16, 17, 8507 }, // U+01EB
    { 22, 32, 370, 1, 25, 16, 8524 }, // U+01EC
    { 16, 27, 288, 1, 20, 14, 8540 }, // U+01ED
    { 19, 29, 283, 0, 28, 43, 8554 }, // U+01EE
    { 18, 30, 261, -1, 23, 41, 8597 }, // U+01EF
    { 18, 30, 158, -5, 23, 24, 8638 }, // U+01F0
    { 44, 21, 669, -1, 21, 18, 8662 }, // U+01F1
    { 39, 21, 619, -1, 21, 18, 8680 }, // U+01F2
    { 34, 24, 571, 1, 23, 22, 8698 }, // U+01F3
    { 22, 29, 372, 1, 28, 17, 8720 }, // U+01F4
    { 21, 30, 271, -2, 23, 17, 8737 }, // U+01F5
    { 35, 22, 532, -1, 21, 48, 8754 }, // U+01F6
    { 25, 29, 350, -3, 22, 41, 8802 }, // U+01F7
    { 27, 28, 368, -1, 28, 19, 8843 }, // U+01F8
    { 19, 24, 314, 1, 23, 16, 8862 }, // U+01F9
    { 23, 29, 351, -2, 29, 37, 8878 }, // U+01FA
    { 18, 31, 310, 1, 30, 28, 8915 }, // U+01FB
    { 32, 28, 463, -2, 28, 20, 8943 }, // U+01FC
    { 25, 24, 411, 1, 23, 18, 8963 }, // U+01FD
    { 22, 30, 370, 1, 28, 20, 8981 }, // U+01FE
    { 18, 25, 288, 0, 23, 18, 9001 }, // U+01FF
    { 23, 28, 351, -2, 28, 19, 9019 }, // U+0200
    { 18, 24, 310, 1, 23, 19, 9038 }, // U+0201
    { 23, 28, 351, -2, 28, 15, 9057 }, // U+0202
    { 18, 24, 310, 1, 23, 16, 9072 }, // U+0203
    { 21, 28, 295, -1, 28, 19, 9088 }, // U+0204
    { 15, 24, 250, 1, 23, 18, 9107 }, // U+0205
    { 21, 28, 295, -1, 28, 18, 9125 }, // U+0206
    { 15, 24, 250, 1, 23, 17, 9143 }, // U+0207
    { 15, 28, 187, -1, 28, 16, 9160 }, // U+0208
    { 13, 24, 165, -2, 23, 26, 9176 }, // U+0209
    { 16, 28, 187, -1, 28, 14, 9202 }, // U+020A
    { 12, 24, 165, 1, 23, 17, 9216 }, // U+020B
    { 22, 29, 370, 1, 28, 19, 9233 }, // U+020C
    { 16, 24, 288, 1, 23, 18, 9252 }, // U+020D
    { 22, 29, 370, 1, 28, 16, 9270 }, // U+020E
    { 16, 24, 288, 1, 23, 15, 9286 }, // U+020F
    { 22, 28, 330, -1, 28, 20, 9301 }, // U+0210
    { 16, 23, 257, 1, 23, 19, 9321 }, // U+0211
    { 22, 28, 330, -1, 28, 18, 9340 }, // U+0212
    { 16, 23, 257, 1, 23, 16, 9358 }, // U+0213
    { 23, 29, 349, 2, 28, 21, 9374 }, // U+0214
    { 19, 24, 314, 1, 23, 21, 9395 }, // U+0215
    { 23, 29, 349, 2, 28, 21, 9416 }, // U+0216
    { 19, 24, 314, 1, 23, 19, 9437 }, // U+0217
    { 18, 29, 274, 0, 22, 17, 9456 }, // U+0218
    { 15, 23, 240, 0, 16, 15, 9473 }, // U+0219
    { 21, 28, 305, 1, 21, 15, 9488 }, // U+021A
    { 13, 27, 195, 0, 20, 20, 9503 }, // U+021B
    { 19, 27, 286, -1, 22, 36, 9523 }, // U+021C
    { 17, 23, 238, -3, 16, 33, 9559 }, // U+021D
    { 27, 28, 382, -1, 28, 19, 9592 }, // U+021E
    { 19, 30, 306, 0, 29, 18, 9611 }, // U+021F
    { 7, 6, 0, -14, 23, 7, 9629 }, // U+0300
    { 10, 6, 0, -10, 23, 7, 9636 }, // U+0301
    { 12, 6, 0, -4, 23, 6, 9643 }, // U+0302
    { 12, 6, 0, -14, 23, 11, 9649 }, // U+0303
    { 10, 3, 0, -3, 20, 4, 9660 }, // U+0304
    { 10, 3, 0, -2, 25, 4, 9664 }, // U+0305
    { 11, 6, 0, -3, 23, 10, 9668 }, // U+0306
    { 6, 5, 0, 0, 23, 6, 9678 }, // U+0307
    { 11, 5, 0, -3, 23, 8, 9684 }, // U+0308
    { 8, 8, 0, -11, 25, 11, 9692 }, // U+0309
    { 8, 7, 0, -1, 24, 11, 9703 }, // U+030A
    { 14, 6, 0, -4, 23, 11, 9714 }, // U+030B
    { 11, 6, 0, -2, 23, 8, 9725 }, // U+030C
    { 5, 6, 0, 0, 23, 5, 9733 }, // U+030D
    { 9, 6, 0, -2, 23, 9, 9738 }, // U+030E
    { 13, 6, 0, -14, 23, 12, 9747 }, // U+030F
    { 10, 9, 0, -2, 26, 14, 9759 }, // U+0310
    { 10, 6, 0, -3, 23, 9, 9773 }, // U+0311
    { 7, 10, 0, -1, 21, 11, 9782 }, // U+0312
    { 7, 10, 0, -2, 21, 10, 9793 }, // U+0313
    { 6, 10, 0, -1, 21, 9, 9803 }, // U+0314
    { 7, 10, 0, -2, 21, 6, 9812 }, // U+0315
    { 7, 6, 0, -6, -1, 6, 9818 }, // U+0316
    { 9, 6, 0, -7, -1, 7, 9824 }, // U+0317
    { 6, 6, 0, -4, -1, 7, 9831 }, // U+0318
    { 6, 6, 0, -5, -1, 7, 9838 }, // U+0319
    { 10, 9, 175, 2, 23, 8, 9845 }, // U+031A
    { 7, 8, 0, -2, 23, 9, 9853 }, // U+031B
    { 6, 7, 0, -5, 0, 8, 9862 }, // U+031C
    { 7, 5, 0, -6, -1, 7, 9870 }, // U+031D
    { 7, 5, 0, -5, -1, 6, 9877 }, // U+031E
    { 6, 6, 0, -5, -1, 10, 9883 }, // U+031F
    { 7, 3, 0, -6, -2, 5, 9893 }, // U+0320
    { 8, 8, 0, -8, 2, 8, 9898 }, // U+0321
    { 6, 8, 0, -3, 2, 8, 9906 }, // U+0322
    { 6, 5, 0, -14, -1, 6, 9914 }, // U+0323
    { 12, 5, 0, -8, -1, 9, 9920 }, // U+0324
    { 8, 7, 0, -6, -1, 11, 9929 }, // U+0325
    { 7, 6, 0, -6, -1, 6, 9940 }, // U+0326
    { 8, 8, 0, -6, 1, 10, 9946 }, // U+0327
    { 8, 7, 0, -6, 0, 10, 9956 }, // U+0328
    { 4, 6, 0, -4, 0, 5, 9966 }, // U+0329
    { 12, 5, 0, -8, -2, 9, 9971 }, // U+032A
    { 11, 5, 0, -7, -1, 11, 9980 }, // U+032B
    { 11, 6, 0, -7, -1, 7, 9991 }, // U+032C
    { 11, 6, 0, -8, -1, 9, 9998 }, // U+032D
    { 10, 6, 0, -7, -1, 9, 10007 }, // U+032E
    { 10, 6, 0, -7, -1, 9, 10016 }, // U+032F
    { 13, 6, 0, -9, -1, 7, 10025 }, // U+0330
    { 10, 3, 0, -7, -2, 5, 10032 }, // U+0331
    { 14, 4, 0, -15, -2, 6, 10037 }, // U+0332
    { 14, 6, 0, -15, -1, 11, 10043 }, // U+0333
    { 13, 6, 0, -6, 11, 13, 10054 }, // U+0334
    { 12, 3, 0, -6, 10, 6, 10067 }, // U+0335
    { 20, 3, 0, -10, 10, 8, 10073 }, // U+0336
    { 12, 9, 0, -6, 13, 12, 10081 }, // U+0337
    { 17, 26, 0, -8, 23, 18, 10093 }, // U+0338
    { 5, 7, 0, -4, 0, 8, 10111 }, // U+0339
    { 12, 5, 0, -8, -2, 10, 10119 }, // U+033A
    { 13, 6, 0, -9, -1, 16, 10129 }, // U+033B
    { 10, 5, 0, -7, -1, 14, 10145 }, // U+033C
    { 7, 6, 0, -1, 22, 10, 10159 }, // U+033D
    { 6, 10, 0, 0, 26, 9, 10169 }, // U+033E
    { 14, 6, 0, -3, 28, 10, 10178 }, // U+033F
    { 8, 6, 0, -3, 23, 7, 10188 }, // U+0340
    { 9, 6, 0, -1, 23, 6, 10195 }, // U+0341
    { 13, 6, 0, -4, 23, 7, 10201 }, // U+0342
    { 6, 7, 0, 1, 24, 8, 10208 }, // U+0343
    { 13, 7, 0, -4, 23, 15, 10216 }, // U+0344
    { 7, 6, 0, -2, -1, 7, 10231 }, // U+0345
    { 13, 5, 0, -4, 22, 9, 10238 }, // U+0346
    { 14, 6, 0, -9, -1, 8, 10247 }, // U+0347
    { 9, 6, 0, -7, 0, 8, 10255 }, // U+0348
    { 6, 5, 0, -4, -2, 6, 10263 }, // U+0349
    { 13, 8, 0, -4, 24, 13, 10269 }, // U+034A
    { 13, 13, 0, -4, 29, 24, 10282 }, // U+034B
    { 13, 11, 0, -4, 28, 24, 10306 }, // U+034C
    { 10, 6, 0, -7, -1, 12, 10330 }, // U+034D
    { 6, 7, 0, -5, 0, 7, 10342 }, // U+034E
    { 22, 21, 0, -11, 21, 73, 10349 }, // U+034F
    { 6, 7, 0, -1, 23, 11, 10422 }, // U+0350
    { 5, 7, 0, 0, 24, 8, 10433 }, // U+0351
    { 11, 9, 0, -3, 26, 14, 10441 }, // U+0352
    { 6, 6, 0, -5, -1, 10, 10455 }, // U+0353
    { 6, 6, 0, -5, -1, 9, 10465 }, // U+0354
    { 6, 6, 0, -5, -1, 10, 10474 }, // U+0355
    { 12, 6, 0, -8, -1, 17, 10484 }, // U+0356
    { 6, 7, 0, -1, 24, 8, 10501 }, // U+0357
    { 6, 5, 0, 4, 23, 6, 10509 }, // U+0358
    { 8, 8, 0, -4, 0, 17, 10515 }, // U+0359
    { 11, 6, 0, -8, -1, 18, 10532 }, // U+035A
    { 7, 6, 0, -1, 23, 8, 10550 }, // U+035B
    { 23, 7, 0, -13, 0, 16, 10558 }, // U+035C
    { 23, 6, 0, -8, 23, 16, 10574 }, // U+035D
    { 19, 3, 0, -7, 20, 7, 10590 }, // U+035E
    { 19, 3, 0, -12, -2, 5, 10597 }, // U+035F
    { 25, 6, 0, -10, 23, 18, 10602 }, // U+0360
    { 25, 6, 0, -10, 25, 17, 10620 }, // U+0361
    { 19, 6, 0, -12, -1, 11, 10637 }, // U+0362
    { 8, 8, 0, -1, 25, 15, 10648 }, // U+0363
    { 8, 8, 0, -1, 25, 16, 10663 }, // U+0364
    { 4, 11, 0, 1, 28, 10, 10679 }, // U+0365
    { 8, 8, 0, -1, 25, 12, 10689 }, // U+0366
    { 9, 8, 0, -1, 25, 15, 10701 }, // U+0367
    { 8, 8, 0, -1, 25, 12, 10716 }, // U+0368
    { 8, 10, 0, -1, 27, 11, 10728 }, // U+0369
    { 9, 10, 0, -2, 27, 17, 10739 }, // U+036A
    { 13, 7, 0, -3, 25, 17, 10756 }, // U+036B
    { 8, 7, 0, -1, 25, 10, 10773 }, // U+036C
    { 6, 9, 0, 0, 26, 10, 10783 }, // U+036D
    { 8, 8, 0, -1, 25, 13, 10793 }, // U+036E
    { 9, 7, 0, -2, 25, 14, 10806 }, // U+036F
    { 21, 28, 305, -1, 28, 30, 10820 }, // U+0400
    { 21, 27, 305, -1, 27, 32, 10850 }, // U+0401
    { 22, 21, 384, 1, 21, 38, 10882 }, // U+0402
    { 21, 28, 276, -1, 28, 29, 10920 }, // U+0403
    { 20, 23, 307, 1, 22, 30, 10949 }, // U+0404
    { 18, 23, 274, -1, 22, 30, 10979 }, // U+0405
    { 15, 21, 187, -1, 21, 15, 11009 }, // U+0406
    { 16, 27, 187, -1, 27, 27, 11024 }, // U+0407
    { 18, 28, 184, -4, 21, 22, 11051 }, // U+0408
    { 30, 22, 454, -2, 21, 44, 11073 }, // U+0409
    { 30, 21, 482, -1, 21, 48, 11117 }, // U+040A
    { 23, 21, 414, 1, 21, 39, 11165 }, // U+040B
    { 24, 28, 341, -1, 28, 45, 11204 }, // U+040C
    { 27, 28, 382, -1, 28, 43, 11249 }, // U+040D
    { 22, 29, 327, 2, 28, 41, 11292 }, // U+040E
    { 27, 27, 376, -1, 21, 35, 11333 }, // U+040F
    { 23, 21, 350, -2, 21, 33, 11368 }, // U+0410
    { 20, 21, 298, -1, 21, 28, 11401 }, // U+0411
    { 20, 21, 315, -1, 21, 30, 11429 }, // U+0412
    { 21, 21, 276, -1, 21, 9, 11459 }, // U+0413
    { 28, 27, 359, -3, 21, 40, 11468 }, // U+0414
    { 21, 21, 305, -1, 21, 21, 11508 }, // U+0415
    { 35, 21, 483, -2, 21, 60, 11529 }, // U+0416
    { 19, 23, 290, -1, 22, 34, 11589 }, // U+0417
    { 27, 21, 385, -1, 21, 13, 11623 }, // U+0418
    { 27, 28, 385, -1, 28, 24, 11636 }, // U+0419
    { 24, 21, 341, -1, 21, 13, 11660 }, // U+041A
    { 26, 22, 350, -2, 21, 35, 11673 }, // U+041B
    { 32, 21, 452, -1, 21, 52, 11708 }, // U+041C
    { 27, 21, 380, -1, 21, 32, 11760 }, // U+041D
    { 21, 23, 358, 1, 22, 31, 11792 }, // U+041E
    { 27, 21, 376, -1, 21, 29, 11823 }, // U+041F
    { 21, 21, 298, -1, 21, 20, 11852 }, // U+0420
    { 20, 23, 307, 1, 22, 12, 11872 }, // U+0421
    { 21, 21, 309, 1, 21, 20, 11884 }, // U+0422
    { 22, 22, 327, 2, 21, 12, 11904 }, // U+0423
    { 26, 23, 441, 1, 22, 48, 11916 }, // U+0424
    { 26, 21, 342, -2, 21, 30, 11964 }, // U+0425
    { 27, 27, 378, -1, 21, 35, 11994 }, // U+0426
    { 23, 21, 366, 2, 21, 33, 12029 }, // U+0427
    { 37, 21, 532, -1, 21, 47, 12062 }, // U+0428
    { 37, 27, 534, -1, 21, 20, 12109 }, // U+0429
    { 20, 21, 345, 1, 21, 34, 12129 }, // U+042A
    { 32, 21, 456, -1, 21, 46, 12163 }, // U+042B
    { 19, 21, 298, -1, 21, 29, 12209 }, // U+042C
    { 20, 23, 307, -1, 22, 34, 12238 }, // U+042D
    { 32, 23, 504, -1, 22, 48, 12272 }, // U+042E
    { 25, 21, 330, -2, 21, 37, 12320 }, // U+042F
    { 18, 17, 292, 0, 16, 31, 12357 }, // U+0430
    { 18, 24, 284, 1, 23, 33, 12388 }, // U+0431
    { 16, 17, 266, 0, 16, 29, 12421 }, // U+0432
    { 14, 17, 224, 0, 16, 26, 12450 }, // U+0433
    { 17, 24, 280, 0, 23, 33, 12476 }, // U+0434
    { 16, 17, 248, 0, 16, 26, 12509 }, // U+0435
    { 32, 17, 478, -1, 16, 51, 12535 }, // U+0436
    { 14, 17, 239, 0, 16, 27, 12586 }, // U+0437
    { 18, 17, 302, 1, 16, 29, 12613 }, // U+0438
    { 18, 24, 302, 1, 23, 20, 12642 }, // U+0439
    { 19, 16, 286, 0, 16, 29, 12662 }, // U+043A
    { 20, 17, 287, -2, 16, 28, 12691 }, // U+043B
    { 27, 17, 404, -2, 16, 40, 12719 }, // U+043C
    { 19, 17, 302, 0, 16, 26, 12759 }, // U+043D
    { 17, 17, 280, 0, 16, 22, 12785 }, // U+043E
    { 19, 17, 303, 0, 16, 22, 12807 }, // U+043F
    { 19, 23, 290, -1, 16, 36, 12829 }, // U+0440
    { 16, 17, 243, 0, 16, 20, 12865 }, // U+0441
    { 28, 17, 442, 0, 16, 41, 12885 }, // U+0442
    { 18, 24, 271, -1, 16, 30, 12926 }, // U+0443
    { 24, 30, 388, 0, 23, 54, 12956 }, // U+0444
    { 19, 16, 278, -1, 16, 22, 13010 }, // U+0445
    { 18, 23, 303, 1, 16, 24, 13032 }, // U+0446
    { 18, 17, 287, 0, 16, 26, 13056 }, // U+0447
    { 27, 17, 444, 1, 16, 41, 13082 }, // U+0448
    { 27, 23, 446, 1, 16, 27, 13123 }, // U+0449
    { 17, 17, 275, 0, 16, 33, 13150 }, // U+044A
    { 24, 17, 401, 1, 16, 37, 13183 }, // U+044B
    { 15, 17, 270, 1, 16, 25, 13220 }, // U+044C
    { 15, 17, 245, 0, 16, 27, 13245 }, // U+044D
    { 25, 17, 403, 0, 16, 37, 13272 }, // U+044E
    { 19, 17, 293, -1, 16, 29, 13309 }, // U+044F
    { 16, 24, 248, 0, 23, 14, 13338 }, // U+0450
    { 16, 24, 248, 0, 23, 17, 13352 }, // U+0451
    { 17, 31, 289, 0, 23, 38, 13369 }, // U+0452
    { 16, 24, 224, 0, 23, 32, 13407 }, // U+0453
    { 16, 17, 243, 0, 16, 22, 13439 }, // U+0454
    { 15, 17, 224, -1, 16, 22, 13461 }, // U+0455
    { 9, 24, 153, 1, 23, 20, 13483 }, // U+0456
    { 11, 24, 153, 1, 23, 26, 13503 }, // U+0457
    { 14, 31, 147, -4, 23, 23, 13529 }, // U+0458
    { 26, 17, 399, -2, 16, 35, 13552 }, // U+0459
    { 25, 17, 414, 0, 16, 36, 13587 }, // U+045A
    { 19, 24, 303, 0, 23, 32, 13623 }, // U+045B
    { 19, 23, 286, 0, 23, 34, 13655 }, // U+045C
    { 18, 24, 302, 1, 23, 16, 13689 }, // U+045D
    { 18, 31, 271, -1, 23, 20, 13705 }, // U+045E
    { 18, 23, 302, 1, 16, 20, 13725 }, // U+045F
    { 28, 22, 478, 2, 22, 42, 13745 }, // U+0460
    { 24, 16, 383, 0, 16, 36, 13787 }, // U+0461
    { 20, 21, 332, 0, 21, 35, 13823 }, // U+0462
    { 24, 17, 417, 1, 16, 35, 13858 }, // U+0463
    { 33, 23, 482, -1, 22, 50, 13893 }, // U+0464
    { 24, 17, 391, 1, 16, 36, 13943 }, // U+0465
    { 24, 21, 370, -2, 21, 38, 13979 }, // U+0466
    { 20, 16, 302, -2, 16, 30, 14017 }, // U+0467
    { 34, 21, 543, -1, 21, 55, 14047 }, // U+0468
    { 26, 16, 445, 1, 16, 43, 14102 }, // U+0469
    { 27, 21, 420, -2, 21, 46, 14145 }, // U+046A
    { 24, 16, 365, -2, 16, 40, 14191 }, // U+046B
    { 38, 21, 599, -1, 21, 65, 14231 }, // U+046C
    { 30, 16, 506, 1, 16, 52, 14296 }, // U+046D
    { 19, 32, 283, -1, 25, 53, 14348 }, // U+046E
    { 17, 27, 240, -2, 20, 47, 14401 }, // U+046F
    { 28, 21, 456, 3, 21, 44, 14448 }, // U+0470
    { 20, 30, 337, 2, 23, 45, 14492 }, // U+0471
    { 22, 23, 370, 1, 22, 20, 14537 }, // U+0472
    { 16, 17, 288, 1, 16, 14, 14557 }, // U+0473
    { 23, 21, 347, 2, 21, 33, 14571 }, // U+0474
    { 20, 17, 294, 0, 16, 24, 14604 }, // U+0475
    { 23, 28, 347, 2, 28, 20, 14628 }, // U+0476
    { 20, 24, 294, 0, 23, 19, 14648 }, // U+0477
    { 37, 29, 609, 1, 22, 60, 14667 }, // U+0478
    { 32, 23, 522, 1, 16, 52, 14727 }, // U+0479
    { 23, 25, 388, 1, 23, 38, 14779 }, // U+047A
    { 17, 20, 302, 1, 18, 26, 14817 }, // U+047B
    { 32, 32, 534, 1, 31, 65, 14843 }, // U+047C
    { 26, 28, 450, 1, 27, 61, 14908 }, // U+047D
    { 28, 26, 478, 2, 26, 22, 14969 }, // U+047E
    { 24, 21, 383, 0, 21, 19, 14991 }, // U+047F
    { 20, 29, 312, 1, 22, 20, 15010 }, // U+0480
    { 15, 23, 246, 1, 16, 15, 15030 }, // U+0481
    { 16, 20, 284, 1, 19, 32, 15045 }, // U+0482
    { 12, 6, 0, -4, 22, 8, 15077 }, // U+0483
    { 12, 6, 0, -4, 23, 9, 15085 }, // U+0484
    { 4, 6, 0, 1, 23, 7, 15094 }, // U+0485
    { 5, 6, 0, 0, 23, 7, 15101 }, // U+0486
    { 13, 5, 0, -3, 27, 11, 15108 }, // U+0487
    { 36, 34, 0, -18, 25, 61, 15119 }, // U+0488
    { 36, 36, 0, -18, 26, 53, 15180 }, // U+0489
    { 27, 35, 391, -1, 28, 39, 15233 }, // U+048A
    { 19, 30, 314, 1, 23, 26, 15272 }, // U+048B
    { 19, 23, 310, -1, 23, 31, 15298 }, // U+048C
    { 16, 20, 278, 1, 19, 29, 15329 }, // U+048D
    { 21, 21, 309, -1, 21, 32, 15358 }, // U+048E
    { 18, 23, 291, -1, 16, 18, 15390 }, // U+048F
    { 21, 25, 253, -1, 25, 18, 15408 }, // U+0490
    { 15, 20, 225, 1, 20, 17, 15426 }, // U+0491
    { 21, 21, 276, -1, 21, 20, 15443 }, // U+0492
    { 16, 16, 237, 0, 16, 21, 15463 }, // U+0493
    { 21, 29, 336, -1, 21, 36, 15484 }, // U+0494
    { 15, 23, 280, 1, 16, 27, 15520 }, // U+0495
    { 35, 28, 495, -2, 21, 63, 15547 }, // U+0496
    { 35, 23, 549, 0, 16, 64, 15610 }, // U+0497
    { 18, 29, 286, 0, 22, 42, 15674 }, // U+0498
    { 15, 23, 243, 0, 16, 37, 15716 }, // U+0499
    { 25, 28, 353, -1, 21, 35, 15753 }, // U+049A
    { 18, 23, 282, 0, 16, 38, 15788 }, // U+049B
    { 26, 21, 363, -1, 21, 51, 15826 }, // U+049C
    { 20, 17, 307, 0, 16, 35, 15877 }, // U+049D
    { 25, 21, 347, -1, 21, 25, 15912 }, // U+049E
    { 18, 24, 282, 0, 23, 22, 15937 }, // U+049F
    { 25, 21, 398, 2, 21, 40, 15959 }, // U+04A0
    { 22, 17, 344, 0, 16, 33, 15999 }, // U+04A1
    { 27, 28, 382, -1, 21, 19, 16032 }, // U+04A2
    { 19, 23, 319, 1, 16, 33, 16051 }, // U+04A3
    { 31, 21, 436, -1, 21, 42, 16084 }, // U+04A4
    { 24, 17, 382, 1, 16, 29, 16126 }, // U+04A5
    { 33, 29, 526, -1, 21, 56, 16155 }, // U+04A6
    { 24, 23, 427, 1, 16, 38, 16211 }, // U+04A7
    { 23, 24, 393, 1, 22, 43, 16249 }, // U+04A8
    { 18, 17, 319, 1, 16, 35, 16292 }, // U+04A9
    { 20, 29, 312, 1, 22, 17, 16327 }, // U+04AA
    { 15, 23, 246, 1, 16, 16, 16344 }, // U+04AB
    { 21, 28, 305, 1, 21, 14, 16360 }, // U+04AC
    { 27, 24, 452, 1, 17, 23, 16374 }, // U+04AD
    { 22, 21, 323, 2, 21, 12, 16397 }, // U+04AE
    { 17, 23, 274, 0, 16, 16, 16409 }, // U+04AF
    { 22, 21, 323, 2, 21, 18, 16425 }, // U+04B0
    { 17, 23, 274, 0, 16, 15, 16443 }, // U+04B1
    { 26, 28, 351, -2, 21, 20, 16458 }, // U+04B2
    { 19, 23, 282, -1, 16, 17, 16478 }, // U+04B3
    { 30, 28, 459, 1, 21, 47, 16495 }, // U+04B4
    { 23, 23, 372, 0, 16, 46, 16542 }, // U+04B5
    { 23, 28, 352, 2, 21, 39, 16588 }, // U+04B6
    { 19, 23, 305, 0, 16, 31, 16627 }, // U+04B7
    { 23, 21, 366, 2, 21, 18, 16658 }, // U+04B8
    { 18, 17, 287, 0, 16, 17, 16676 }, // U+04B9
    { 22, 21, 364, -1, 21, 34, 16693 }, // U+04BA
    { 19, 24, 306, 0, 23, 11, 16727 }, // U+04BB
    { 23, 23, 383, 1, 22, 41, 16738 }, // U+04BC
    { 20, 17, 311, 0, 16, 30, 16779 }, // U+04BD
    { 23, 29, 383, 1, 22, 19, 16809 }, // U+04BE
    { 20, 23, 311, 0, 16, 17, 16828 }, // U+04BF
    { 15, 21, 187, -1, 21, 8, 16845 }, // U+04C0
    { 35, 28, 483, -2, 28, 27, 16853 }, // U+04C1
    { 32, 24, 478, -1, 23, 26, 16880 }, // U+04C2
    { 25, 29, 340, -1, 21, 39, 16906 }, // U+04C3
    { 18, 23, 288, 0, 16, 32, 16945 }, // U+04C4
    { 26, 28, 345, -2, 21, 39, 16977 }, // U+04C5
    { 20, 23, 319, 0, 16, 33, 17016 }, // U+04C6
    { 27, 29, 382, -1, 21, 27, 17049 }, // U+04C7
    { 18, 23, 311, 1, 16, 33, 17076 }, // U+04C8
    { 27, 28, 391, -1, 21, 21, 17109 }, // U+04C9
    { 19, 23, 319, 1, 16, 16, 17130 }, // U+04CA
    { 23, 28, 352, 2, 21, 18, 17146 }, // U+04CB
    { 18, 23, 305, 0, 16, 29, 17164 }, // U+04CC
    { 31, 28, 454, -1, 21, 25, 17193 }, // U+04CD
    { 28, 23, 442, 0, 16, 47, 17218 }, // U+04CE
    { 15, 21, 187, -1, 21, 8, 17265 }, // U+04CF
    { 23, 28, 351, -2, 28, 19, 17273 }, // U+04D0
    { 18, 24, 310, 1, 23, 19, 17292 }, // U+04D1
    { 23, 28, 351, -2, 28, 14, 17311 }, // U+04D2
    { 18, 24, 310, 1, 23, 13, 17325 }, // U+04D3
    { 32, 21, 463, -2, 21, 15, 17338 }, // U+04D4
    { 25, 17, 411, 1, 16, 14, 17353 }, // U+04D5
    { 21, 28, 295, -1, 28, 18, 17367 }, // U+04D6
    { 15, 24, 250, 1, 23, 18, 17385 }, // U+04D7
    { 19, 23, 328, 1, 22, 33, 17403 }, // U+04D8
    { 16, 17, 262, 0, 16, 9, 17436 }, // U+04D9
    { 19, 29, 328, 1, 28, 18, 17445 }, // U+04DA
    { 16, 24, 262, 0, 23, 17, 17463 }, // U+04DB
    { 35, 28, 483, -2, 28, 26, 17480 }, // U+04DC
    { 32, 24, 478, -1, 23, 24, 17506 }, // U+04DD
    { 19, 29, 290, -1, 28, 19, 17530 }, // U+04DE
    { 15, 24, 239, 0, 23, 30, 17549 }, // U+04DF
    { 19, 22, 283, 0, 21, 12, 17579 }, // U+04E0
    { 18, 23, 261, -1, 16, 11, 17591 }, // U+04E1
    { 27, 25, 385, -1, 25, 17, 17602 }, // U+04E2
    { 19, 21, 314, 1, 20, 14, 17619 }, // U+04E3
    { 27, 28, 385, -1, 28, 22, 17633 }, // U+04E4
    { 19, 24, 314, 1, 23, 19, 17655 }, // U+04E5
    { 22, 29, 370, 1, 28, 18, 17674 }, // U+04E6
    { 16, 24, 288, 1, 23, 12, 17692 }, // U+04E7
    { 22, 23, 370, 1, 22, 13, 17704 }, // U+04E8
    { 16, 17, 288, 1, 16, 12, 17717 }, // U+04E9
    { 22, 29, 370, 1, 28, 18, 17729 }, // U+04EA
    { 16, 24, 288, 1, 23, 15, 17747 }, // U+04EB
    { 20, 29, 307, -1, 28, 18, 17762 }, // U+04EC
    { 15, 24, 245, 0, 23, 17, 17780 }, // U+04ED
    { 22, 26, 327, 2, 25, 15, 17797 }, // U+04EE
    { 22, 27, 274, -5, 20, 15, 17812 }, // U+04EF
    { 22, 29, 327, 2, 28, 20, 17827 }, // U+04F0
    { 22, 30, 274, -5, 23, 15, 17847 }, // U+04F1
    { 22, 29, 327, 2, 28, 23, 17862 }, // U+04F2
    { 23, 30, 274, -5, 23, 41, 17885 }, // U+04F3
    { 23, 28, 366, 2, 28, 19, 17926 }, // U+04F4
    { 18, 24, 287, 0, 23, 18, 17945 }, // U+04F5
    { 21, 28, 276, -1, 21, 19, 17963 }, // U+04F6
    { 17, 23, 237, -1, 16, 26, 17982 }, // U+04F7
    { 32, 28, 456, -1, 28, 22, 18008 }, // U+04F8
    { 24, 24, 401, 1, 23, 20, 18030 }, // U+04F9
    { 21, 27, 276, -1, 21, 27, 18050 }, // U+04FA
    { 16, 22, 237, 0, 16, 17, 18077 }, // U+04FB
    { 26, 27, 346, -2, 21, 23, 18094 }, // U+04FC
    { 19, 22, 282, -1, 16, 18, 18117 }, // U+04FD
    { 26, 21, 342, -2, 21, 19, 18135 }, // U+04FE
    { 19, 16, 282, -1, 16, 14, 18154 }, // U+04FF
    { 23, 27, 351, -2, 21, 17, 18168 }, // U+1EA0
    { 18, 22, 310, 1, 16, 17, 18185 }, // U+1EA1
    { 23, 29, 351, -2, 29, 19, 18202 }, // U+1EA2
    { 18, 26, 310, 1, 25, 19, 18221 }, // U+1EA3
    { 25, 29, 351, -2, 29, 50, 18240 }, // U+1EA4
    { 19, 25, 310, 1, 24, 44, 18290 }, // U+1EA5
    { 23, 29, 351, -2, 29, 25, 18334 }, // U+1EA6
    { 18, 25, 310, 1, 24, 21, 18359 }, // U+1EA7
    { 24, 30, 351, -2, 30, 51, 18380 }, // U+1EA8
    { 18, 26, 310, 1, 25, 22, 18431 }, // U+1EA9
    { 23, 31, 351, -2, 31, 31, 18453 }, // U+1EAA
    { 18, 28, 310, 1, 27, 25, 18484 }, // U+1EAB
    { 23, 34, 351, -2, 28, 21, 18509 }, // U+1EAC
    { 18, 29, 310, 1, 23, 19, 18530 }, // U+1EAD
    { 23, 30, 351, -2, 30, 21, 18549 }, // U+1EAE
    { 18, 26, 310, 1, 25, 20, 18570 }, // U+1EAF
    { 23, 30, 351, -2, 30, 22, 18590 }, // U+1EB0
    { 18, 26, 310, 1, 25, 21, 18612 }, // U+1EB1
    { 23, 31, 351, -2, 31, 24, 18633 }, // U+1EB2
    { 18, 27, 310, 1, 26, 22, 18657 }, // U+1EB3
    { 23, 31, 351, -2, 31, 29, 18679 }, // U+1EB4
    { 18, 28, 310, 1, 27, 25, 18708 }, // U+1EB5
    { 23, 34, 351, -2, 28, 21, 18733 }, // U+1EB6
    { 18, 29, 310, 1, 23, 20, 18754 }, // U+1EB7
    { 21, 27, 295, -1, 21, 16, 18774 }, // U+1EB8
    { 15, 22, 250, 1, 16, 17, 18790 }, // U+1EB9
    { 21, 29, 295, -1, 29, 35, 18807 }, // U+1EBA
    { 15, 26, 250, 1, 25, 23, 18842 }, // U+1EBB
    { 21, 28, 295, -1, 28, 20, 18865 }, // U+1EBC
    { 16, 24, 250, 1, 23, 24, 18885 }, // U+1EBD
    { 23, 29, 295, -1, 29, 42, 18909 }, // U+1EBE
    { 19, 25, 250, 1, 24, 40, 18951 }, // U+1EBF
    { 21, 29, 295, -1, 29, 24, 18991 }, // U+1EC0
    { 15, 25, 250, 1, 24, 25, 19015 }, // U+1EC1
    { 22, 30, 295, -1, 30, 46, 19040 }, // U+1EC2
    { 18, 26, 250, 1, 25, 42, 19086 }, // U+1EC3
    { 21, 31, 295, -1, 31, 31, 19128 }, // U+1EC4
    { 16, 28, 250, 1, 27, 36, 19159 }, // U+1EC5
    { 21, 34, 295, -1, 28, 23, 19195 }, // U+1EC6
    { 15, 29, 250, 1, 23, 23, 19218 }, // U+1EC7
    { 15, 29, 187, -1, 29, 17, 19241 }, // U+1EC8
    { 10, 26, 165, 1, 25, 18, 19258 }, // U+1EC9
    { 15, 27, 187, -1, 21, 14, 19276 }, // U+1ECA
    { 10, 29, 165, 0, 23, 16, 19290 }, // U+1ECB
    { 22, 28, 370, 1, 22, 16, 19306 }, // U+1ECC
    { 16, 22, 288, 1, 16, 16, 19322 }, // U+1ECD
    { 22, 30, 370, 1, 29, 19, 19338 }, // U+1ECE
    { 16, 26, 288, 1, 25, 18, 19357 }, // U+1ECF
    { 23, 30, 370, 1, 29, 45, 19375 }, // U+1ED0
    { 19, 25, 288, 1, 24, 38, 19420 }, // U+1ED1
    { 22, 30, 370, 1, 29, 22, 19458 }, // U+1ED2
    { 16, 25, 288, 1, 24, 19, 19480 }, // U+1ED3
    { 22, 31, 370, 1, 30, 21, 19499 }, // U+1ED4
    { 18, 26, 288, 1, 25, 24, 19520 }, // U+1ED5
    { 22, 32, 370, 1, 31, 24, 19544 }, // U+1ED6
    { 17, 28, 288, 1, 27, 28, 19568 }, // U+1ED7
    { 22, 34, 370, 1, 28, 19, 19596 }, // U+1ED8
    { 16, 29, 288, 1, 23, 19, 19615 }, // U+1ED9
    { 27, 29, 393, 1, 28, 17, 19634 }, // U+1EDA
    { 21, 24, 313, 1, 23, 16, 19651 }, // U+1EDB
    { 27, 29, 393, 1, 28, 17, 19667 }, // U+1EDC
    { 21, 24, 313, 1, 23, 17, 19684 }, // U+1EDD
    { 27, 30, 393, 1, 29, 21, 19701 }, // U+1EDE
    { 21, 26, 313, 1, 25, 19, 19722 }, // U+1EDF
    { 27, 29, 393, 1, 28, 23, 19741 }, // U+1EE0
    { 21, 24, 313, 1, 23, 21, 19764 }, // U+1EE1
    { 27, 29, 393, 1, 23, 19, 19785 }, // U+1EE2
    { 21, 25, 313, 1, 19, 19, 19804 }, // U+1EE3
    { 23, 27, 349, 2, 21, 19, 19823 }, // U+1EE4
    { 19, 22, 314, 1, 16, 18, 19842 }, // U+1EE5
    { 23, 30, 349, 2, 29, 24, 19860 }, // U+1EE6
    { 19, 26, 314, 1, 25, 37, 19884 }, // U+1EE7
    { 26, 29, 398, 2, 28, 21, 19921 }, // U+1EE8
    { 24, 24, 363, 1, 23, 19, 19942 }, // U+1EE9
    { 26, 29, 398, 2, 28, 20, 19961 }, // U+1EEA
    { 24, 24, 363, 1, 23, 20, 19981 }, // U+1EEB
    { 26, 30, 398, 2, 29, 25, 20001 }, // U+1EEC
    { 24, 26, 363, 1, 25, 24, 20026 }, // U+1EED
    { 26, 29, 398, 2, 28, 26, 20050 }, // U+1EEE
    { 24, 24, 363, 1, 23, 24, 20076 }, // U+1EEF
    { 26, 29, 398, 2, 23, 22, 20100 }, // U+1EF0
    { 24, 25, 363, 1, 19, 20, 20122 }, // U+1EF1
    { 22, 28, 323, 2, 28, 17, 20142 }, // U+1EF2
    { 22, 30, 274, -5, 23, 17, 20159 }, // U+1EF3
    { 22, 27, 323, 2, 21, 18, 20176 }, // U+1EF4
    { 22, 23, 274, -5, 16, 18, 20194 }, // U+1EF5
    { 22, 29, 323, 2, 29, 22, 20212 }, // U+1EF6
    { 22, 32, 274, -5, 25, 22, 20234 }, // U+1EF7
    { 22, 28, 323, 2, 28, 21, 20256 }, // U+1EF8
    { 22, 30, 274, -5, 23, 23, 20277 }, // U+1EF9
    { 0, 0, 233, 0, 0, 0, 20300 }, // U+2000
    { 0, 0, 467, 0, 0, 0, 20300 }, // U+2001
    { 0, 0, 233, 0, 0, 0, 20300 }, // U+2002
    { 0, 0, 467, 0, 0, 0, 20300 }, // U+2003
    { 0, 0, 155, 0, 0, 0, 20300 }, // U+2004
    { 0, 0, 117, 0, 0, 0, 20300 }, // U+2005
    { 0, 0, 78, 0, 0, 0, 20300 }, // U+2006
    { 0, 0, 261, 0, 0, 0, 20300 }, // U+2007
    { 0, 0, 142, 0, 0, 0, 20300 }, // U+2008
    { 0, 0, 77, 0, 0, 0, 20300 }, // U+2009
    { 0, 0, 47, 0, 0, 0, 20300 }, // U+200A
    { 0, 0, 0, 0, 0, 0, 20300 }, // U+200B
    { 2, 23, 0, -1, 19, 8, 20300 }, // U+200C
    { 8, 25, 0, -4, 21, 21, 20308 }, // U+200D
    { 8, 25, 0, -1, 21, 17, 20329 }, // U+200E
    { 8, 25, 0, -7, 21, 16, 20346 }, // U+200F
    { 9, 4, 145, 0, 10, 4, 20362 }, // U+2010
    { 9, 4, 145, 0, 10, 4, 20366 }, // U+2011
    { 17, 3, 261, 0, 12, 6, 20370 }, // U+2012
    { 16, 3, 233, -1, 9, 6, 20376 }, // U+2013
    { 31, 3, 467, -1, 9, 8, 20382 }, // U+2014
    { 31, 3, 467, -1, 9, 5, 20390 }, // U+2015
    { 9, 30, 261, 4, 23, 19, 20395 }, // U+2016
    { 15, 6, 192, -3, 0, 11, 20414 }, // U+2017
    { 7, 10, 131, 3, 21, 8, 20425 }, // U+2018
    { 7, 10, 131, 2, 21, 8, 20433 }, // U+2019
    { 7, 10, 131, -1, 5, 7, 20441 }, // U+201A
    { 6, 10, 131, 3, 21, 10, 20448 }, // U+201B
    { 13, 10, 228, 3, 21, 19, 20458 }, // U+201C
    { 14, 10, 228, 2, 21, 19, 20477 }, // U+201D
    { 14, 10, 228, -1, 5, 17, 20496 }, // U+201E
    { 13, 10, 228, 3, 21, 19, 20513 }, // U+201F
    { 13, 27, 223, 2, 23, 24, 20532 }, // U+2020
    { 17, 27, 223, -1, 23, 38, 20556 }, // U+2021
    { 9, 10, 187, 2, 15, 10, 20594 }, // U+2022
    { 10, 10, 233, 4, 15, 12, 20604 }, // U+2023
    { 6, 5, 142, 2, 13, 4, 20616 }, // U+2024
    { 14, 5, 275, 2, 13, 11, 20620 }, // U+2025
    { 23, 6, 427, 1, 5, 17, 20631 }, // U+2026
    { 6, 6, 142, 2, 11, 5, 20648 }, // U+2027
    { 0, 0, 280, 0, 0, 0, 20653 }, // U+2028
    { 0, 0, 280, 0, 0, 0, 20653 }, // U+2029
    { 8, 22, 0, -1, 18, 7, 20653 }, // U+202A
    { 8, 22, 0, -7, 18, 6, 20660 }, // U+202B
    { 8, 25, 0, -4, 21, 11, 20666 }, // U+202C
    { 8, 25, 0, -4, 21, 11, 20677 }, // U+202D
    { 8, 25, 0, -4, 21, 11, 20688 }, // U+202E
    { 0, 0, 77, 0, 0, 0, 20699 }, // U+202F
    { 35, 23, 608, 2, 22, 67, 20699 }, // U+2030
    { 47, 23, 796, 2, 22, 86, 20766 }, // U+2031
    { 8, 9, 135, 3, 21, 7, 20852 }, // U+2032
    { 14, 9, 242, 3, 21, 13, 20859 }, // U+2033
    { 21, 9, 348, 3, 21, 19, 20872 }, // U+2034
    { 6, 9, 135, 4, 21, 7, 20891 }, // U+2035
    { 13, 9, 242, 4, 21, 14, 20898 }, // U+2036
    { 19, 9, 348, 4, 21, 20, 20912 }, // U+2037
    { 12, 9, 205, -1, 2, 12, 20932 }, // U+2038
    { 9, 12, 165, 1, 14, 11, 20944 }, // U+2039
    { 9, 12, 165, 0, 14, 10, 20955 }, // U+203A
    { 22, 21, 382, 1, 21, 58, 20965 }, // U+203B
    { 17, 22, 294, 2, 21, 29, 21023 }, // U+203C
    { 15, 23, 270, 3, 22, 29, 21052 }, // U+203D
    { 15, 2, 214, 2, 24, 4, 21081 }, // U+203E
    { 23, 7, 0, -21, 0, 15, 21085 }, // U+203F
    { 25, 6, 0, -19, 25, 11, 21100 }, // U+2040
    { 14, 21, 210, -2, 21, 21, 21111 }, // U+2041
    { 28, 24, 467, 0, 23, 90, 21132 }, // U+2042
    { 9, 5, 169, 1, 13, 6, 21222 }, // U+2043
    { 18, 21, 29, -8, 21, 15, 21228 }, // U+2044
    { 15, 27, 193, 0, 23, 11, 21243 }, // U+2045
    { 14, 27, 193, -2, 23, 21, 21254 }, // U+2046
    { 30, 23, 497, 2, 22, 47, 21275 }, // U+2047
    { 23, 23, 394, 2, 22, 36, 21322 }, // U+2048
    { 23, 23, 393, 2, 22, 38, 21358 }, // U+2049
    { 15, 23, 285, 1, 17, 18, 21396 }, // U+204A
    { 17, 27, 293, 3, 23, 26, 21414 }, // U+204B
    { 16, 11, 288, 1, 16, 17, 21440 }, // U+204C
    { 16, 11, 288, 1, 16, 16, 21457 }, // U+204D
    { 14, 13, 234, 1, 17, 25, 21473 }, // U+204E
    { 8, 21, 167, 1, 16, 14, 21498 }, // U+204F
    { 21, 23, 359, 1, 22, 28, 21512 }, // U+2050
    { 17, 25, 234, -1, 23, 58, 21540 }, // U+2051
    { 12, 22, 205, 1, 21, 24, 21598 }, // U+2052
    { 14, 7, 261, 1, 14, 8, 21622 }, // U+2053
    { 23, 6, 0, -8, 0, 16, 21630 }, // U+2054
    { 14, 14, 252, 1, 17, 36, 21646 }, // U+2055
    { 15, 17, 294, 1, 16, 17, 21682 }, // U+2056
    { 28, 9, 454, 3, 21, 25, 21699 }, // U+2057
    { 19, 17, 357, 2, 16, 21, 21724 }, // U+2058
    { 19, 17, 357, 2, 16, 28, 21745 }, // U+2059
    { 5, 23, 142, 2, 22, 11, 21773 }, // U+205A
    { 19, 23, 357, 2, 22, 23, 21784 }, // U+205B
    { 16, 16, 325, 2, 16, 29, 21807 }, // U+205C
    { 6, 23, 142, 2, 22, 17, 21836 }, // U+205D
    { 5, 23, 142, 2, 22, 19, 21853 }, // U+205E
    { 0, 0, 104, 0, 0, 0, 21872 }, // U+205F
    { 0, 0, 280, 0, 0, 0, 21872 }, // U+2060
    { 0, 0, 280, 0, 0, 0, 21872 }, // U+2061
    { 0, 0, 280, 0, 0, 0, 21872 }, // U+2062
    { 0, 0, 280, 0, 0, 0, 21872 }, // U+2063
    { 0, 0, 280, 0, 0, 0, 21872 }, // U+2064
    { 0, 0, 280, 0, 0, 0, 21872 }, // U+2066
    { 0, 0, 280, 0, 0, 0, 21872 }, // U+2067
    { 0, 0, 280, 0, 0, 0, 21872 }, // U+2068
    { 0, 0, 280, 0, 0, 0, 21872 }, // U+2069
    { 8, 25, 0, -4, 21, 18, 21872 }, // U+206A
    { 8, 25, 0, -4, 21, 11, 21890 }, // U+206B
    { 8, 25, 0, -4, 21, 9, 21901 }, // U+206C
    { 8, 25, 0, -4, 21, 10, 21910 }, // U+206D
    { 8, 25, 0, -4, 21, 16, 21920 }, // U+206E
    { 8, 25, 0, -4, 21, 15, 21936 }, // U+206F
    { 12, 14, 187, 2, 25, 17, 21951 }, // U+2070
    { 6, 14, 107, 2, 22, 14, 21968 }, // U+2071
    { 12, 13, 187, 1, 24, 22, 21982 }, // U+2074
    { 11, 13, 187, 2, 24, 20, 22004 }, // U+2075
    { 11, 14, 187, 3, 25, 19, 22024 }, // U+2076
    { 11, 13, 187, 3, 24, 15, 22043 }, // U+2077
    { 11, 14, 187, 2, 25, 22, 22058 }, // U+2078
    { 12, 14, 187, 2, 25, 22, 22080 }, // U+2079
    { 11, 11, 187, 2, 22, 13, 22102 }, // U+207A
    { 11, 2, 187, 2, 18, 4, 22115 }, // U+207B
    { 11, 8, 187, 2, 21, 9, 22119 }, // U+207C
    { 9, 18, 117, 3, 26, 13, 22128 }, // U+207D
    { 9, 18, 117, -1, 26, 14, 22141 }, // U+207E
    { 12, 10, 204, 2, 18, 18, 22155 }, // U+207F
    { 11, 14, 187, 0, 11, 18, 22173 }, // U+2080
    { 10, 13, 187, -1, 10, 15, 22191 }, // U+2081
    { 12, 14, 187, -1, 11, 22, 22206 }, // U+2082
    { 12, 14, 187, -1, 11, 22, 22228 }, // U+2083
    { 12, 13, 187, -1, 10, 26, 22250 }, // U+2084
    { 12, 13, 187, -1, 10, 19, 22276 }, // U+2085
    { 11, 14, 187, 0, 11, 22, 22295 }, // U+2086
    { 11, 13, 187, 1, 10, 14, 22317 }, // U+2087
    { 12, 14, 187, -1, 11, 23, 22331 }, // U+2088
    { 11, 14, 187, 0, 11, 22, 22354 }, // U+2089
    { 11, 11, 187, 0, 8, 13, 22376 }, // U+208A
    { 11, 2, 187, 0, 4, 4, 22389 }, // U+208B
    { 11, 8, 187, 0, 7, 9, 22393 }, // U+208C
    { 9, 18, 117, 1, 12, 14, 22402 }, // U+208D
    { 10, 18, 117, -4, 12, 13, 22416 }, // U+208E
    { 12, 10, 202, -1, 7, 19, 22429 }, // U+2090
    { 10, 10, 162, -1, 7, 19, 22448 }, // U+2091
    { 11, 10, 188, -1, 7, 16, 22467 }, // U+2092
    { 12, 10, 183, -2, 7, 18, 22483 }, // U+2093
    { 10, 10, 170, -1, 7, 18, 22501 }, // U+2094
    { 13, 14, 199, -2, 11, 22, 22519 }, // U+2095
    { 13, 14, 181, -2, 11, 21, 22541 }, // U+2096
    { 6, 14, 107, -1, 11, 12, 22562 }, // U+2097
    { 18, 10, 294, -1, 7, 28, 22574 }, // U+2098
    { 12, 10, 204, -1, 7, 16, 22602 }, // U+2099
    { 13, 14, 189, -3, 7, 23, 22618 }, // U+209A
    { 10, 10, 156, -2, 7, 20, 22641 }, // U+209B
    { 8, 12, 126, -1, 9, 16, 22661 }, // U+209C
    { 21, 22, 359, 1, 22, 40, 22677 }, // U+20A0
    { 19, 25, 312, 1, 23, 54, 22717 }, // U+20A1
    { 20, 23, 312, 1, 22, 25, 22771 }, // U+20A2
    { 20, 21, 261, -1, 21, 28, 22796 }, // U+20A3
    { 18, 23, 261, -1, 22, 20, 22824 }, // U+20A4
    { 27, 24, 452, 1, 20, 23, 22844 }, // U+20A5
    { 27, 21, 368, -1, 21, 34, 22867 }, // U+20A6
    { 29, 22, 429, -2, 21, 47, 22901 }, // U+20A7
    { 35, 22, 542, -1, 21, 66, 22948 }, // U+20A8
    { 34, 21, 498, 1, 21, 59, 23014 }, // U+20A9
    { 23, 18, 416, 2, 18, 38, 23073 }, // U+20AA
    { 20, 28, 310, 1, 23, 18, 23111 }, // U+20AB
    { 18, 23, 261, 0, 22, 34, 23129 }, // U+20AC
    { 25, 21, 346, -1, 21, 23, 23163 }, // U+20AD
    { 21, 21, 305, 1, 21, 29, 23186 }, // U+20AE
    { 32, 30, 517, -1, 24, 65, 23215 }, // U+20AF
    { 18, 29, 297, -2, 22, 43, 23280 }, // U+20B0
    { 23, 21, 316, -1, 21, 44, 23323 }, // U+20B1
    { 22, 25, 372, 1, 23, 24, 23367 }, // U+20B2
    { 25, 21, 351, -2, 21, 24, 23391 }, // U+20B3
    { 21, 23, 287, -1, 22, 42, 23415 }, // U+20B4
    { 20, 25, 312, 1, 23, 23, 23457 }, // U+20B5
    { 19, 22, 279, 0, 21, 36, 23480 }, // U+20B6
    { 18, 25, 261, 0, 22, 39, 23516 }, // U+20B7
    { 18, 21, 261, 1, 21, 28, 23555 }, // U+20B8
    { 17, 21, 261, 1, 21, 28, 23583 }, // U+20B9
    { 17, 21, 261, -1, 21, 46, 23611 }, // U+20BA
    { 18, 23, 305, 2, 22, 44, 23657 }, // U+20BB
    { 21, 20, 367, 0, 20, 35, 23701 }, // U+20BC
    { 20, 21, 275, -1, 21, 31, 23736 }, // U+20BD
    { 18, 24, 261, 0, 24, 42, 23767 }, // U+20BE
    { 19, 27, 261, -2, 24, 42, 23809 }, // U+20BF
    { 9, 4, 145, 0, 10, 4, 23851 }, // U+2212
    { 31, 30, 340, -5, 23, 55, 23855 }, // U+FB00
    { 25, 30, 320, -5, 23, 46, 23910 }, // U+FB01
    { 26, 30, 331, -5, 23, 46, 23956 }, // U+FB02
    { 34, 30, 472, -5, 23, 68, 24002 }, // U+FB03
    { 35, 30, 484, -5, 23, 67, 24070 }, // U+FB04
    { 28, 30, 353, -5, 23, 45, 24137 }, // U+FB05
    { 28, 24, 435, 0, 23, 53, 24182 }, // U+FB06
    { 27, 28, 467, 1, 23, 50, 24235 }, // U+FFFD
};

static const EpdUnicodeInterval notoserif_14_bolditalicIntervals[] = {
    { 0x0, 0x0, 0x0 },
    { 0xD, 0xD, 0x1 },
    { 0x20, 0x7E, 0x2 },
    { 0xA0, 0x17F, 0x61 },
    { 0x1A0, 0x1A1, 0x141 },
    { 0x1AF, 0x1B0, 0x143 },
    { 0x1C4, 0x21F, 0x145 },
    { 0x300, 0x36F, 0x1A1 },
    { 0x400, 0x4FF, 0x211 },
    { 0x1EA0, 0x1EF9, 0x311 },
    { 0x2000, 0x2064, 0x36B },
    { 0x2066, 0x2071, 0x3D0 },
    { 0x2074, 0x208E, 0x3DC },
    { 0x2090, 0x209C, 0x3F7 },
    { 0x20A0, 0x20BF, 0x404 },
    { 0x2212, 0x2212, 0x424 },
    { 0xFB00, 0xFB06, 0x425 },
    { 0xFFFD, 0xFFFD, 0x42C },
};

static const EpdKernClassEntry notoserif_14_bolditalicKernLeftClasses[] = {
    { 0x0022, 1 }, // "
    { 0x0026, 2 }, // &
    { 0x0027, 1 }, // '
    { 0x0028, 3 }, // (
    { 0x002A, 4 }, // *
    { 0x002C, 5 }, // ,
    { 0x002D, 6 }, // -
    { 0x002E, 5 }, // .
    { 0x0041, 7 }, // A
    { 0x0042, 8 }, // B
    { 0x0043, 9 }, // C
    { 0x0044, 10 }, // D
    { 0x0045, 11 }, // E
    { 0x0046, 12 }, // F
    { 0x0047, 13 }, // G
    { 0x004A, 14 }, // J
    { 0x004B, 15 }, // K
    { 0x004C, 16 }, // L
    { 0x004E, 17 }, // N
    { 0x004F, 10 }, // O
    { 0x0050, 18 }, // P
    { 0x0051, 10 }, // Q
    { 0x0052, 19 }, // R
    { 0x0053, 20 }, // S
    { 0x0054, 21 }, // T
    { 0x0055, 22 }, // U
    { 0x0056, 23 }, // V
    { 0x0057, 24 }, // W
    { 0x0058, 25 }, // X
    { 0x0059, 26 }, // Y
    { 0x005B, 3 }, // [
    { 0x005F, 27 }, // _
    { 0x0061, 28 }, // a
    { 0x0062, 29 }, // b
    { 0x0063, 30 }, // c
    { 0x0065, 30 }, // e
    { 0x0066, 31 }, // f
    { 0x0068, 28 }, // h
    { 0x006B, 32 }, // k
    { 0x006D, 28 }, // m
    { 0x006E, 28 }, // n
    { 0x006F, 29 }, // o
    { 0x0070, 29 }, // p
    { 0x0071, 33 }, // q
    { 0x0072, 34 }, // r
    { 0x0073, 35 }, // s
    { 0x0076, 36 }, // v
    { 0x0077, 37 }, // w
    { 0x0079, 38 }, // y
    { 0x007A, 39 }, // z
    { 0x007B, 3 }, // {
    { 0x00A1, 40 }, // U+00A1
    { 0x00AB, 41 }, // U+00AB
    { 0x00BF, 42 }, // U+00BF
    { 0x00C0, 43 }, // U+00C0
    { 0x00C1, 43 }, // U+00C1
    { 0x00C2, 43 }, // U+00C2
    { 0x00C3, 43 }, // U+00C3
    { 0x00C4, 43 }, // U+00C4
    { 0x00C5, 43 }, // U+00C5
    { 0x00C6, 11 }, // U+00C6
    { 0x00C7, 9 }, // U+00C7
    { 0x00C8, 11 }, // U+00C8
    { 0x00C9, 11 }, // U+00C9
    { 0x00CA, 11 }, // U+00CA
    { 0x00CB, 11 }, // U+00CB
    { 0x00D0, 10 }, // U+00D0
    { 0x00D1, 17 }, // U+00D1
    { 0x00D2, 10 }, // U+00D2
    { 0x00D3, 10 }, // U+00D3
    { 0x00D4, 10 }, // U+00D4
    { 0x00D5, 10 }, // U+00D5
    { 0x00D6, 10 }, // U+00D6
    { 0x00D8, 10 }, // U+00D8
    { 0x00D9, 22 }, // U+00D9
    { 0x00DA, 22 }, // U+00DA
    { 0x00DB, 22 }, // U+00DB
    { 0x00DC, 22 }, // U+00DC
    { 0x00DD, 26 }, // U+00DD
    { 0x00DE, 10 }, // U+00DE
    { 0x00DF, 35 }, // U+00DF
    { 0x00E0, 28 }, // U+00E0
    { 0x00E1, 28 }, // U+00E1
    { 0x00E2, 28 }, // U+00E2
    { 0x00E3, 28 }, // U+00E3
    { 0x00E4, 28 }, // U+00E4
    { 0x00E5, 28 }, // U+00E5
    { 0x00E6, 30 }, // U+00E6
    { 0x00E7, 30 }, // U+00E7
    { 0x00E8, 30 }, // U+00E8
    { 0x00E9, 30 }, // U+00E9
    { 0x00EA, 30 }, // U+00EA
    { 0x00EB, 30 }, // U+00EB
    { 0x00F0, 29 }, // U+00F0
    { 0x00F1, 28 }, // U+00F1
    { 0x00F2, 29 }, // U+00F2
    { 0x00F3, 29 }, // U+00F3
    { 0x00F4, 29 }, // U+00F4
    { 0x00F5, 29 }, // U+00F5
    { 0x00F6, 29 }, // U+00F6
    { 0x00F8, 29 }, // U+00F8
    { 0x00F9, 28 }, // U+00F9
    { 0x00FA, 28 }, // U+00FA
    { 0x00FB, 28 }, // U+00FB
    { 0x00FC, 28 }, // U+00FC
    { 0x00FD, 38 }, // U+00FD
    { 0x00FE, 29 }, // U+00FE
    { 0x00FF, 38 }, // U+00FF
    { 0x0100, 7 }, // U+0100
    { 0x0101, 28 }, // U+0101
    { 0x0102, 43 }, // U+0102
    { 0x0103, 28 }, // U+0103
    { 0x0104, 43 }, // U+0104
    { 0x0105, 28 }, // U+0105
    { 0x0106, 9 }, // U+0106
    { 0x0107, 30 }, // U+0107
    { 0x0108, 9 }, // U+0108
    { 0x0109, 30 }, // U+0109
    { 0x010A, 9 }, // U+010A
    { 0x010B, 30 }, // U+010B
    { 0x010C, 9 }, // U+010C
    { 0x010D, 30 }, // U+010D
    { 0x010E, 10 }, // U+010E
    { 0x010F, 44 }, // U+010F
    { 0x0110, 10 }, // U+0110
    { 0x0112, 11 }, // U+0112
    { 0x0113, 30 }, // U+0113
    { 0x0114, 11 }, // U+0114
    { 0x0115, 30 }, // U+0115
    { 0x0116, 11 }, // U+0116
    { 0x0117, 30 }, // U+0117
    { 0x0118, 11 }, // U+0118
    { 0x0119, 30 }, // U+0119
    { 0x011A, 11 }, // U+011A
    { 0x011B, 30 }, // U+011B
    { 0x011C, 13 }, // U+011C
    { 0x011E, 13 }, // U+011E
    { 0x0120, 13 }, // U+0120
    { 0x0122, 13 }, // U+0122
    { 0x0125, 28 }, // U+0125
    { 0x0127, 28 }, // U+0127
    { 0x0132, 14 }, // U+0132
    { 0x0134, 14 }, // U+0134
    { 0x0136, 15 }, // U+0136
    { 0x0137, 32 }, // U+0137
    { 0x0138, 32 }, // U+0138
    { 0x0139, 16 }, // U+0139
    { 0x013B, 16 }, // U+013B
    { 0x013D, 45 }, // U+013D
    { 0x013E, 44 }, // U+013E
    { 0x0141, 16 }, // U+0141
    { 0x0143, 17 }, // U+0143
    { 0x0144, 28 }, // U+0144
    { 0x0145, 17 }, // U+0145
    { 0x0146, 28 }, // U+0146
    { 0x0147, 17 }, // U+0147
    { 0x0148, 28 }, // U+0148
    { 0x0149, 28 }, // U+0149
    { 0x014A, 14 }, // U+014A
    { 0x014B, 28 }, // U+014B
    { 0x014C, 10 }, // U+014C
    { 0x014D, 29 }, // U+014D
    { 0x014E, 10 }, // U+014E
    { 0x014F, 29 }, // U+014F
    { 0x0150, 10 }, // U+0150
    { 0x0151, 29 }, // U+0151
    { 0x0152, 11 }, // U+0152
    { 0x0153, 30 }, // U+0153
    { 0x0154, 19 }, // U+0154
    { 0x0155, 34 }, // U+0155
    { 0x0156, 19 }, // U+0156
    { 0x0157, 34 }, // U+0157
    { 0x0158, 19 }, // U+0158
    { 0x0159, 34 }, // U+0159
    { 0x015A, 20 }, // U+015A
    { 0x015B, 35 }, // U+015B
    { 0x015C, 20 }, // U+015C
    { 0x015D, 35 }, // U+015D
    { 0x015E, 20 }, // U+015E
    { 0x015F, 35 }, // U+015F
    { 0x0160, 20 }, // U+0160
    { 0x0161, 35 }, // U+0161
    { 0x0162, 21 }, // U+0162
    { 0x0164, 21 }, // U+0164
    { 0x0166, 21 }, // U+0166
    { 0x0168, 22 }, // U+0168
    { 0x0169, 28 }, // U+0169
    { 0x016A, 22 }, // U+016A
    { 0x016B, 28 }, // U+016B
    { 0x016C, 22 }, // U+016C
    { 0x016D, 28 }, // U+016D
    { 0x016E, 22 }, // U+016E
    { 0x016F, 28 }, // U+016F
    { 0x0170, 22 }, // U+0170
    { 0x0171, 28 }, // U+0171
    { 0x0172, 22 }, // U+0172
    { 0x0173, 28 }, // U+0173
    { 0x0174, 24 }, // U+0174
    { 0x0175, 37 }, // U+0175
    { 0x0176, 26 }, // U+0176
    { 0x0177, 38 }, // U+0177
    { 0x0178, 26 }, // U+0178
    { 0x017A, 39 }, // U+017A
    { 0x017C, 39 }, // U+017C
    { 0x017E, 39 }, // U+017E
    { 0x01A0, 46 }, // U+01A0
    { 0x01A1, 47 }, // U+01A1
    { 0x01AF, 48 }, // U+01AF
    { 0x01B0, 49 }, // U+01B0
    { 0x01FA, 7 }, // U+01FA
    { 0x01FB, 28 }, // U+01FB
    { 0x01FC, 11 }, // U+01FC
    { 0x01FD, 30 }, // U+01FD
    { 0x01FE, 10 }, // U+01FE
    { 0x01FF, 29 }, // U+01FF
    { 0x0218, 20 }, // U+0218
    { 0x0219, 35 }, // U+0219
    { 0x021A, 21 }, // U+021A
    { 0x0400, 50 }, // U+0400
    { 0x0401, 50 }, // U+0401
    { 0x0402, 51 }, // U+0402
    { 0x0403, 52 }, // U+0403
    { 0x0404, 53 }, // U+0404
    { 0x0405, 54 }, // U+0405
    { 0x0406, 55 }, // U+0406
    { 0x0407, 55 }, // U+0407
    { 0x0408, 56 }, // U+0408
    { 0x0409, 57 }, // U+0409
    { 0x040A, 57 }, // U+040A
    { 0x040B, 58 }, // U+040B
    { 0x040C, 59 }, // U+040C
    { 0x040D, 55 }, // U+040D
    { 0x040E, 60 }, // U+040E
    { 0x040F, 55 }, // U+040F
    { 0x0410, 61 }, // U+0410
    { 0x0411, 62 }, // U+0411
    { 0x0412, 63 }, // U+0412
    { 0x0413, 52 }, // U+0413
    { 0x0414, 64 }, // U+0414
    { 0x0415, 50 }, // U+0415
    { 0x0416, 59 }, // U+0416
    { 0x0417, 63 }, // U+0417
    { 0x0418, 55 }, // U+0418
    { 0x0419, 55 }, // U+0419
    { 0x041A, 59 }, // U+041A
    { 0x041B, 55 }, // U+041B
    { 0x041C, 55 }, // U+041C
    { 0x041D, 55 }, // U+041D
    { 0x041E, 65 }, // U+041E
    { 0x041F, 55 }, // U+041F
    { 0x0420, 66 }, // U+0420
    { 0x0421, 53 }, // U+0421
    { 0x0422, 52 }, // U+0422
    { 0x0423, 60 }, // U+0423
    { 0x0424, 67 }, // U+0424
    { 0x0425, 68 }, // U+0425
    { 0x0426, 64 }, // U+0426
    { 0x0427, 55 }, // U+0427
    { 0x0428, 55 }, // U+0428
    { 0x0429, 64 }, // U+0429
    { 0x042A, 57 }, // U+042A
    { 0x042B, 55 }, // U+042B
    { 0x042C, 57 }, // U+042C
    { 0x042D, 65 }, // U+042D
    { 0x042E, 65 }, // U+042E
    { 0x042F, 55 }, // U+042F
    { 0x0430, 69 }, // U+0430
    { 0x0431, 70 }, // U+0431
    { 0x0432, 71 }, // U+0432
    { 0x0433, 72 }, // U+0433
    { 0x0434, 73 }, // U+0434
    { 0x0435, 74 }, // U+0435
    { 0x0436, 75 }, // U+0436
    { 0x0437, 71 }, // U+0437
    { 0x0438, 69 }, // U+0438
    { 0x0439, 69 }, // U+0439
    { 0x043A, 76 }, // U+043A
    { 0x043B, 69 }, // U+043B
    { 0x043C, 69 }, // U+043C
    { 0x043D, 69 }, // U+043D
    { 0x043E, 77 }, // U+043E
    { 0x043F, 78 }, // U+043F
    { 0x0440, 77 }, // U+0440
    { 0x0441, 79 }, // U+0441
    { 0x0442, 78 }, // U+0442
    { 0x0443, 80 }, // U+0443
    { 0x0444, 77 }, // U+0444
    { 0x0445, 76 }, // U+0445
    { 0x0446, 81 }, // U+0446
    { 0x0447, 69 }, // U+0447
    { 0x0448, 69 }, // U+0448
    { 0x0449, 81 }, // U+0449
    { 0x044A, 82 }, // U+044A
    { 0x044B, 69 }, // U+044B
    { 0x044C, 82 }, // U+044C
    { 0x044D, 77 }, // U+044D
    { 0x044E, 77 }, // U+044E
    { 0x044F, 69 }, // U+044F
    { 0x0450, 74 }, // U+0450
    { 0x0451, 74 }, // U+0451
    { 0x0452, 83 }, // U+0452
    { 0x0453, 72 }, // U+0453
    { 0x0454, 79 }, // U+0454
    { 0x0455, 84 }, // U+0455
    { 0x0456, 69 }, // U+0456
    { 0x0457, 85 }, // U+0457
    { 0x0458, 86 }, // U+0458
    { 0x0459, 82 }, // U+0459
    { 0x045A, 82 }, // U+045A
    { 0x045B, 78 }, // U+045B
    { 0x045C, 76 }, // U+045C
    { 0x045D, 69 }, // U+045D
    { 0x045E, 80 }, // U+045E
    { 0x045F, 69 }, // U+045F
    { 0x0460, 65 }, // U+0460
    { 0x0461, 87 }, // U+0461
    { 0x0462, 57 }, // U+0462
    { 0x0464, 53 }, // U+0464
    { 0x0465, 72 }, // U+0465
    { 0x0466, 61 }, // U+0466
    { 0x0468, 61 }, // U+0468
    { 0x046A, 88 }, // U+046A
    { 0x046C, 88 }, // U+046C
    { 0x046E, 63 }, // U+046E
    { 0x046F, 72 }, // U+046F
    { 0x0470, 89 }, // U+0470
    { 0x0471, 90 }, // U+0471
    { 0x0472, 65 }, // U+0472
    { 0x0473, 71 }, // U+0473
    { 0x0474, 60 }, // U+0474
    { 0x0475, 90 }, // U+0475
    { 0x0476, 60 }, // U+0476
    { 0x0477, 90 }, // U+0477
    { 0x0478, 91 }, // U+0478
    { 0x0479, 80 }, // U+0479
    { 0x047A, 65 }, // U+047A
    { 0x047B, 71 }, // U+047B
    { 0x047C, 65 }, // U+047C
    { 0x047D, 71 }, // U+047D
    { 0x047E, 65 }, // U+047E
    { 0x047F, 87 }, // U+047F
    { 0x0480, 53 }, // U+0480
    { 0x0481, 72 }, // U+0481
    { 0x048A, 64 }, // U+048A
    { 0x048B, 81 }, // U+048B
    { 0x048C, 57 }, // U+048C
    { 0x048E, 66 }, // U+048E
    { 0x048F, 71 }, // U+048F
    { 0x0490, 92 }, // U+0490
    { 0x0491, 93 }, // U+0491
    { 0x0492, 92 }, // U+0492
    { 0x0493, 93 }, // U+0493
    { 0x0494, 58 }, // U+0494
    { 0x0496, 59 }, // U+0496
    { 0x0497, 79 }, // U+0497
    { 0x0498, 63 }, // U+0498
    { 0x0499, 72 }, // U+0499
    { 0x049A, 59 }, // U+049A
    { 0x049B, 79 }, // U+049B
    { 0x049C, 59 }, // U+049C
    { 0x049D, 79 }, // U+049D
    { 0x049E, 59 }, // U+049E
    { 0x049F, 79 }, // U+049F
    { 0x04A0, 59 }, // U+04A0
    { 0x04A1, 79 }, // U+04A1
    { 0x04A2, 64 }, // U+04A2
    { 0x04A3, 81 }, // U+04A3
    { 0x04A4, 92 }, // U+04A4
    { 0x04A6, 58 }, // U+04A6
    { 0x04AA, 53 }, // U+04AA
    { 0x04AB, 72 }, // U+04AB
    { 0x04AC, 92 }, // U+04AC
    { 0x04AD, 81 }, // U+04AD
    { 0x04AE, 89 }, // U+04AE
    { 0x04AF, 90 }, // U+04AF
    { 0x04B0, 89 }, // U+04B0
    { 0x04B1, 90 }, // U+04B1
    { 0x04B2, 68 }, // U+04B2
    { 0x04B3, 76 }, // U+04B3
    { 0x04B4, 64 }, // U+04B4
    { 0x04B5, 81 }, // U+04B5
    { 0x04B6, 64 }, // U+04B6
    { 0x04B7, 81 }, // U+04B7
    { 0x04B8, 55 }, // U+04B8
    { 0x04B9, 69 }, // U+04B9
    { 0x04BA, 58 }, // U+04BA
    { 0x04BB, 82 }, // U+04BB
    { 0x04BC, 94 }, // U+04BC
    { 0x04BD, 74 }, // U+04BD
    { 0x04BE, 94 }, // U+04BE
    { 0x04BF, 74 }, // U+04BF
    { 0x04C1, 59 }, // U+04C1
    { 0x04C2, 79 }, // U+04C2
    { 0x04C3, 58 }, // U+04C3
    { 0x04C5, 64 }, // U+04C5
    { 0x04C6, 81 }, // U+04C6
    { 0x04C7, 56 }, // U+04C7
    { 0x04C9, 64 }, // U+04C9
    { 0x04CA, 81 }, // U+04CA
    { 0x04CC, 81 }, // U+04CC
    { 0x04CD, 64 }, // U+04CD
    { 0x04CE, 81 }, // U+04CE
    { 0x04D0, 61 }, // U+04D0
    { 0x04D1, 81 }, // U+04D1
    { 0x04D2, 61 }, // U+04D2
    { 0x04D3, 81 }, // U+04D3
    { 0x04D4, 50 }, // U+04D4
    { 0x04D5, 74 }, // U+04D5
    { 0x04D6, 50 }, // U+04D6
    { 0x04D7, 74 }, // U+04D7
    { 0x04D8, 65 }, // U+04D8
    { 0x04D9, 71 }, // U+04D9
    { 0x04DA, 65 }, // U+04DA
    { 0x04DB, 71 }, // U+04DB
    { 0x04DC, 59 }, // U+04DC
    { 0x04DD, 79 }, // U+04DD
    { 0x04DE, 63 }, // U+04DE
    { 0x04DF, 71 }, // U+04DF
    { 0x04E0, 63 }, // U+04E0
    { 0x04E1, 95 }, // U+04E1
    { 0x04E2, 55 }, // U+04E2
    { 0x04E3, 81 }, // U+04E3
    { 0x04E4, 55 }, // U+04E4
    { 0x04E5, 81 }, // U+04E5
    { 0x04E6, 65 }, // U+04E6
    { 0x04E7, 71 }, // U+04E7
    { 0x04E8, 65 }, // U+04E8
    { 0x04E9, 71 }, // U+04E9
    { 0x04EA, 65 }, // U+04EA
    { 0x04EB, 71 }, // U+04EB
    { 0x04EC, 65 }, // U+04EC
    { 0x04ED, 77 }, // U+04ED
    { 0x04EE, 60 }, // U+04EE
    { 0x04EF, 80 }, // U+04EF
    { 0x04F0, 60 }, // U+04F0
    { 0x04F1, 80 }, // U+04F1
    { 0x04F2, 60 }, // U+04F2
    { 0x04F3, 80 }, // U+04F3
    { 0x04F4, 55 }, // U+04F4
    { 0x04F5, 69 }, // U+04F5
    { 0x04F6, 92 }, // U+04F6
    { 0x04F7, 93 }, // U+04F7
    { 0x04F8, 55 }, // U+04F8
    { 0x04F9, 69 }, // U+04F9
    { 0x04FA, 92 }, // U+04FA
    { 0x04FB, 93 }, // U+04FB
    { 0x04FC, 68 }, // U+04FC
    { 0x04FD, 76 }, // U+04FD
    { 0x04FE, 68 }, // U+04FE
    { 0x04FF, 96 }, // U+04FF
    { 0x1EA0, 43 }, // U+1EA0
    { 0x1EA1, 28 }, // U+1EA1
    { 0x1EA2, 43 }, // U+1EA2
    { 0x1EA3, 28 }, // U+1EA3
    { 0x1EA4, 43 }, // U+1EA4
    { 0x1EA5, 28 }, // U+1EA5
    { 0x1EA6, 43 }, // U+1EA6
    { 0x1EA7, 28 }, // U+1EA7
    { 0x1EA8, 43 }, // U+1EA8
    { 0x1EA9, 28 }, // U+1EA9
    { 0x1EAA, 43 }, // U+1EAA
    { 0x1EAB, 28 }, // U+1EAB
    { 0x1EAC, 43 }, // U+1EAC
    { 0x1EAD, 28 }, // U+1EAD
    { 0x1EAE, 43 }, // U+1EAE
    { 0x1EAF, 28 }, // U+1EAF
    { 0x1EB0, 43 }, // U+1EB0
    { 0x1EB1, 28 }, // U+1EB1
    { 0x1EB2, 43 }, // U+1EB2
    { 0x1EB3, 28 }, // U+1EB3
    { 0x1EB4, 43 }, // U+1EB4
    { 0x1EB5, 28 }, // U+1EB5
    { 0x1EB6, 43 }, // U+1EB6
    { 0x1EB7, 28 }, // U+1EB7
    { 0x1EB8, 11 }, // U+1EB8
    { 0x1EB9, 30 }, // U+1EB9
    { 0x1EBA, 11 }, // U+1EBA
    { 0x1EBB, 30 }, // U+1EBB
    { 0x1EBC, 11 }, // U+1EBC
    { 0x1EBD, 30 }, // U+1EBD
    { 0x1EBE, 11 }, // U+1EBE
    { 0x1EBF, 30 }, // U+1EBF
    { 0x1EC0, 11 }, // U+1EC0
    { 0x1EC1, 30 }, // U+1EC1
    { 0x1EC2, 11 }, // U+1EC2
    { 0x1EC3, 30 }, // U+1EC3
    { 0x1EC4, 11 }, // U+1EC4
    { 0x1EC5, 30 }, // U+1EC5
    { 0x1EC6, 11 }, // U+1EC6
    { 0x1EC7, 30 }, // U+1EC7
    { 0x1ECC, 10 }, // U+1ECC
    { 0x1ECD, 29 }, // U+1ECD
    { 0x1ECE, 10 }, // U+1ECE
    { 0x1ECF, 29 }, // U+1ECF
    { 0x1ED0, 10 }, // U+1ED0
    { 0x1ED1, 29 }, // U+1ED1
    { 0x1ED2, 10 }, // U+1ED2
    { 0x1ED3, 29 }, // U+1ED3
    { 0x1ED4, 10 }, // U+1ED4
    { 0x1ED5, 29 }, // U+1ED5
    { 0x1ED6, 10 }, // U+1ED6
    { 0x1ED7, 29 }, // U+1ED7
    { 0x1ED8, 10 }, // U+1ED8
    { 0x1ED9, 97 }, // U+1ED9
    { 0x1EDA, 46 }, // U+1EDA
    { 0x1EDB, 47 }, // U+1EDB
    { 0x1EDC, 46 }, // U+1EDC
    { 0x1EDD, 47 }, // U+1EDD
    { 0x1EDE, 46 }, // U+1EDE
    { 0x1EDF, 47 }, // U+1EDF
    { 0x1EE0, 46 }, // U+1EE0
    { 0x1EE1, 47 }, // U+1EE1
    { 0x1EE2, 46 }, // U+1EE2
    { 0x1EE3, 47 }, // U+1EE3
    { 0x1EE4, 22 }, // U+1EE4
    { 0x1EE5, 28 }, // U+1EE5
    { 0x1EE6, 22 }, // U+1EE6
    { 0x1EE7, 28 }, // U+1EE7
    { 0x1EE8, 48 }, // U+1EE8
    { 0x1EE9, 49 }, // U+1EE9
    { 0x1EEA, 48 }, // U+1EEA
    { 0x1EEB, 49 }, // U+1EEB
    { 0x1EEC, 48 }, // U+1EEC
    { 0x1EED, 49 }, // U+1EED
    { 0x1EEE, 48 }, // U+1EEE
    { 0x1EEF, 49 }, // U+1EEF
    { 0x1EF0, 48 }, // U+1EF0
    { 0x1EF1, 49 }, // U+1EF1
    { 0x1EF2, 26 }, // U+1EF2
    { 0x1EF3, 38 }, // U+1EF3
    { 0x1EF4, 26 }, // U+1EF4
    { 0x1EF5, 38 }, // U+1EF5
    { 0x1EF6, 26 }, // U+1EF6
    { 0x1EF7, 38 }, // U+1EF7
    { 0x1EF8, 26 }, // U+1EF8
    { 0x1EF9, 38 }, // U+1EF9
    { 0x2013, 6 }, // U+2013
    { 0x2014, 6 }, // U+2014
    { 0x2015, 6 }, // U+2015
    { 0x2018, 98 }, // U+2018
    { 0x2019, 99 }, // U+2019
    { 0x201A, 5 }, // U+201A
    { 0x201C, 98 }, // U+201C
    { 0x201D, 99 }, // U+201D
    { 0x201E, 5 }, // U+201E
    { 0x2039, 41 }, // U+2039
    { 0x207D, 100 }, // U+207D
    { 0x208D, 101 }, // U+208D
    { 0x2090, 102 }, // U+2090
    { 0x2092, 103 }, // U+2092
    { 0xFB00, 31 }, // U+FB00
};

static const EpdKernClassEntry notoserif_14_bolditalicKernRightClasses[] = {
    { 0x0022, 1 }, // "
    { 0x0026, 2 }, // &
    { 0x0027, 1 }, // '
    { 0x0029, 3 }, // )
    { 0x002A, 4 }, // *
    { 0x002C, 5 }, // ,
    { 0x002D, 6 }, // -
    { 0x002E, 7 }, // .
    { 0x003A, 8 }, // :
    { 0x003B, 8 }, // ;
    { 0x003F, 9 }, // ?
    { 0x0041, 10 }, // A
    { 0x0042, 11 }, // B
    { 0x0043, 12 }, // C
    { 0x0044, 11 }, // D
    { 0x0045, 11 }, // E
    { 0x0046, 11 }, // F
    { 0x0047, 12 }, // G
    { 0x0048, 11 }, // H
    { 0x0049, 11 }, // I
    { 0x004A, 11 }, // J
    { 0x004B, 11 }, // K
    { 0x004C, 11 }, // L
    { 0x004D, 11 }, // M
    { 0x004E, 11 }, // N
    { 0x004F, 12 }, // O
    { 0x0050, 11 }, // P
    { 0x0051, 12 }, // Q
    { 0x0052, 11 }, // R
    { 0x0053, 13 }, // S
    { 0x0054, 14 }, // T
    { 0x0055, 15 }, // U
    { 0x0056, 16 }, // V
    { 0x0057, 17 }, // W
    { 0x0058, 18 }, // X
    { 0x0059, 19 }, // Y
    { 0x005A, 20 }, // Z
    { 0x005C, 21 }, // <backslash>
    { 0x005D, 3 }, // ]
    { 0x005F, 22 }, // _
    { 0x0061, 23 }, // a
    { 0x0062, 24 }, // b
    { 0x0063, 25 }, // c
    { 0x0064, 25 }, // d
    { 0x0065, 25 }, // e
    { 0x0067, 26 }, // g
    { 0x0068, 24 }, // h
    { 0x0069, 27 }, // i
    { 0x006B, 24 }, // k
    { 0x006C, 28 }, // l
    { 0x006D, 29 }, // m
    { 0x006E, 29 }, // n
    { 0x006F, 25 }, // o
    { 0x0070, 29 }, // p
    { 0x0071, 25 }, // q
    { 0x0072, 29 }, // r
    { 0x0073, 30 }, // s
    { 0x0074, 31 }, // t
    { 0x0075, 32 }, // u
    { 0x0076, 33 }, // v
    { 0x0077, 34 }, // w
    { 0x0078, 35 }, // x
    { 0x0079, 36 }, // y
    { 0x007A, 37 }, // z
    { 0x007D, 3 }, // }
    { 0x00A9, 38 }, // U+00A9
    { 0x00AE, 38 }, // U+00AE
    { 0x00BB, 39 }, // U+00BB
    { 0x00C0, 10 }, // U+00C0
    { 0x00C1, 10 }, // U+00C1
    { 0x00C2, 10 }, // U+00C2
    { 0x00C3, 10 }, // U+00C3
    { 0x00C4, 10 }, // U+00C4
    { 0x00C5, 10 }, // U+00C5
    { 0x00C6, 40 }, // U+00C6
    { 0x00C7, 12 }, // U+00C7
    { 0x00C8, 11 }, // U+00C8
    { 0x00C9, 11 }, // U+00C9
    { 0x00CA, 11 }, // U+00CA
    { 0x00CB, 11 }, // U+00CB
    { 0x00CC, 11 }, // U+00CC
    { 0x00CD, 11 }, // U+00CD
    { 0x00CE, 11 }, // U+00CE
    { 0x00CF, 11 }, // U+00CF
    { 0x00D0, 11 }, // U+00D0
    { 0x00D1, 11 }, // U+00D1
    { 0x00D2, 12 }, // U+00D2
    { 0x00D3, 12 }, // U+00D3
    { 0x00D4, 12 }, // U+00D4
    { 0x00D5, 12 }, // U+00D5
    { 0x00D6, 12 }, // U+00D6
    { 0x00D8, 12 }, // U+00D8
    { 0x00D9, 15 }, // U+00D9
    { 0x00DA, 15 }, // U+00DA
    { 0x00DB, 15 }, // U+00DB
    { 0x00DC, 15 }, // U+00DC
    { 0x00DD, 19 }, // U+00DD
    { 0x00DE, 11 }, // U+00DE
    { 0x00E0, 23 }, // U+00E0
    { 0x00E1, 23 }, // U+00E1
    { 0x00E2, 23 }, // U+00E2
    { 0x00E3, 23 }, // U+00E3
    { 0x00E4, 23 }, // U+00E4
    { 0x00E5, 23 }, // U+00E5
    { 0x00E6, 23 }, // U+00E6
    { 0x00E7, 25 }, // U+00E7
    { 0x00E8, 25 }, // U+00E8
    { 0x00E9, 25 }, // U+00E9
    { 0x00EA, 25 }, // U+00EA
    { 0x00EB, 25 }, // U+00EB
    { 0x00EC, 27 }, // U+00EC
    { 0x00ED, 27 }, // U+00ED
    { 0x00EE, 27 }, // U+00EE
    { 0x00EF, 27 }, // U+00EF
    { 0x00F0, 25 }, // U+00F0
    { 0x00F1, 29 }, // U+00F1
    { 0x00F2, 25 }, // U+00F2
    { 0x00F3, 25 }, // U+00F3
    { 0x00F4, 25 }, // U+00F4
    { 0x00F5, 25 }, // U+00F5
    { 0x00F6, 25 }, // U+00F6
    { 0x00F8, 25 }, // U+00F8
    { 0x00F9, 32 }, // U+00F9
    { 0x00FA, 32 }, // U+00FA
    { 0x00FB, 32 }, // U+00FB
    { 0x00FC, 32 }, // U+00FC
    { 0x00FD, 36 }, // U+00FD
    { 0x00FE, 24 }, // U+00FE
    { 0x00FF, 36 }, // U+00FF
    { 0x0100, 10 }, // U+0100
    { 0x0101, 23 }, // U+0101
    { 0x0102, 10 }, // U+0102
    { 0x0103, 23 }, // U+0103
    { 0x0104, 10 }, // U+0104
    { 0x0105, 23 }, // U+0105
    { 0x0106, 12 }, // U+0106
    { 0x0107, 25 }, // U+0107
    { 0x0108, 12 }, // U+0108
    { 0x0109, 25 }, // U+0109
    { 0x010A, 12 }, // U+010A
    { 0x010B, 25 }, // U+010B
    { 0x010C, 12 }, // U+010C
    { 0x010D, 25 }, // U+010D
    { 0x010E, 11 }, // U+010E
    { 0x010F, 25 }, // U+010F
    { 0x0110, 11 }, // U+0110
    { 0x0111, 25 }, // U+0111
    { 0x0112, 11 }, // U+0112
    { 0x0113, 25 }, // U+0113
    { 0x0114, 11 }, // U+0114
    { 0x0115, 25 }, // U+0115
    { 0x0116, 11 }, // U+0116
    { 0x0117, 25 }, // U+0117
    { 0x0118, 11 }, // U+0118
    { 0x0119, 25 }, // U+0119
    { 0x011A, 11 }, // U+011A
    { 0x011B, 25 }, // U+011B
    { 0x011C, 12 }, // U+011C
    { 0x011D, 25 }, // U+011D
    { 0x011E, 12 }, // U+011E
    { 0x011F, 25 }, // U+011F
    { 0x0120, 12 }, // U+0120
    { 0x0121, 25 }, // U+0121
    { 0x0122, 12 }, // U+0122
    { 0x0123, 25 }, // U+0123
    { 0x0124, 11 }, // U+0124
    { 0x0125, 24 }, // U+0125
    { 0x0126, 11 }, // U+0126
    { 0x0127, 24 }, // U+0127
    { 0x0128, 11 }, // U+0128
    { 0x0129, 27 }, // U+0129
    { 0x012A, 11 }, // U+012A
    { 0x012B, 27 }, // U+012B
    { 0x012C, 11 }, // U+012C
    { 0x012D, 27 }, // U+012D
    { 0x012E, 11 }, // U+012E
    { 0x012F, 27 }, // U+012F
    { 0x0130, 11 }, // U+0130
    { 0x0132, 11 }, // U+0132
    { 0x0133, 27 }, // U+0133
    { 0x0134, 11 }, // U+0134
    { 0x0136, 11 }, // U+0136
    { 0x0137, 24 }, // U+0137
    { 0x0138, 29 }, // U+0138
    { 0x0139, 11 }, // U+0139
    { 0x013A, 28 }, // U+013A
    { 0x013B, 11 }, // U+013B
    { 0x013C, 28 }, // U+013C
    { 0x013D, 11 }, // U+013D
    { 0x013E, 28 }, // U+013E
    { 0x013F, 11 }, // U+013F
    { 0x0140, 28 }, // U+0140
    { 0x0141, 11 }, // U+0141
    { 0x0142, 28 }, // U+0142
    { 0x0143, 11 }, // U+0143
    { 0x0144, 29 }, // U+0144
    { 0x0145, 11 }, // U+0145
    { 0x0146, 29 }, // U+0146
    { 0x0147, 11 }, // U+0147
    { 0x0148, 29 }, // U+0148
    { 0x0149, 41 }, // U+0149
    { 0x014A, 11 }, // U+014A
    { 0x014B, 29 }, // U+014B
    { 0x014C, 12 }, // U+014C
    { 0x014D, 25 }, // U+014D
    { 0x014E, 12 }, // U+014E
    { 0x014F, 25 }, // U+014F
    { 0x0150, 12 }, // U+0150
    { 0x0151, 25 }, // U+0151
    { 0x0152, 12 }, // U+0152
    { 0x0153, 25 }, // U+0153
    { 0x0154, 11 }, // U+0154
    { 0x0155, 29 }, // U+0155
    { 0x0156, 11 }, // U+0156
    { 0x0157, 29 }, // U+0157
    { 0x0158, 11 }, // U+0158
    { 0x0159, 29 }, // U+0159
    { 0x015A, 13 }, // U+015A
    { 0x015B, 30 }, // U+015B
    { 0x015C, 13 }, // U+015C
    { 0x015D, 30 }, // U+015D
    { 0x015E, 13 }, // U+015E
    { 0x015F, 30 }, // U+015F
    { 0x0160, 13 }, // U+0160
    { 0x0161, 30 }, // U+0161
    { 0x0163, 31 }, // U+0163
    { 0x0165, 31 }, // U+0165
    { 0x0167, 31 }, // U+0167
    { 0x0168, 15 }, // U+0168
    { 0x0169, 32 }, // U+0169
    { 0x016A, 15 }, // U+016A
    { 0x016B, 32 }, // U+016B
    { 0x016C, 15 }, // U+016C
    { 0x016D, 32 }, // U+016D
    { 0x016E, 15 }, // U+016E
    { 0x016F, 32 }, // U+016F
    { 0x0170, 15 }, // U+0170
    { 0x0171, 32 }, // U+0171
    { 0x0172, 15 }, // U+0172
    { 0x0173, 32 }, // U+0173
    { 0x0174, 17 }, // U+0174
    { 0x0175, 34 }, // U+0175
    { 0x0176, 19 }, // U+0176
    { 0x0177, 36 }, // U+0177
    { 0x0178, 19 }, // U+0178
    { 0x0179, 20 }, // U+0179
    { 0x017A, 37 }, // U+017A
    { 0x017B, 20 }, // U+017B
    { 0x017C, 37 }, // U+017C
    { 0x017D, 20 }, // U+017D
    { 0x017E, 37 }, // U+017E
    { 0x01A0, 12 }, // U+01A0
    { 0x01A1, 25 }, // U+01A1
    { 0x01AF, 15 }, // U+01AF
    { 0x01B0, 32 }, // U+01B0
    { 0x01FA, 10 }, // U+01FA
    { 0x01FB, 23 }, // U+01FB
    { 0x01FC, 40 }, // U+01FC
    { 0x01FD, 23 }, // U+01FD
    { 0x01FE, 12 }, // U+01FE
    { 0x01FF, 25 }, // U+01FF
    { 0x0218, 13 }, // U+0218
    { 0x0219, 30 }, // U+0219
    { 0x021B, 31 }, // U+021B
    { 0x021E, 11 }, // U+021E
    { 0x0400, 42 }, // U+0400
    { 0x0401, 42 }, // U+0401
    { 0x0402, 43 }, // U+0402
    { 0x0403, 42 }, // U+0403
    { 0x0404, 44 }, // U+0404
    { 0x0405, 45 }, // U+0405
    { 0x0406, 42 }, // U+0406
    { 0x0407, 42 }, // U+0407
    { 0x0408, 46 }, // U+0408
    { 0x0409, 47 }, // U+0409
    { 0x040A, 42 }, // U+040A
    { 0x040B, 43 }, // U+040B
    { 0x040C, 42 }, // U+040C
    { 0x040D, 42 }, // U+040D
    { 0x040E, 48 }, // U+040E
    { 0x040F, 42 }, // U+040F
    { 0x0410, 49 }, // U+0410
    { 0x0411, 42 }, // U+0411
    { 0x0412, 42 }, // U+0412
    { 0x0413, 42 }, // U+0413
    { 0x0414, 50 }, // U+0414
    { 0x0415, 42 }, // U+0415
    { 0x0416, 51 }, // U+0416
    { 0x0417, 52 }, // U+0417
    { 0x0418, 42 }, // U+0418
    { 0x0419, 42 }, // U+0419
    { 0x041A, 42 }, // U+041A
    { 0x041B, 47 }, // U+041B
    { 0x041C, 42 }, // U+041C
    { 0x041D, 42 }, // U+041D
    { 0x041E, 44 }, // U+041E
    { 0x041F, 42 }, // U+041F
    { 0x0420, 42 }, // U+0420
    { 0x0421, 44 }, // U+0421
    { 0x0422, 43 }, // U+0422
    { 0x0423, 48 }, // U+0423
    { 0x0424, 53 }, // U+0424
    { 0x0425, 54 }, // U+0425
    { 0x0426, 42 }, // U+0426
    { 0x0427, 55 }, // U+0427
    { 0x0428, 42 }, // U+0428
    { 0x0429, 42 }, // U+0429
    { 0x042A, 43 }, // U+042A
    { 0x042B, 42 }, // U+042B
    { 0x042C, 42 }, // U+042C
    { 0x042D, 52 }, // U+042D
    { 0x042E, 42 }, // U+042E
    { 0x042F, 56 }, // U+042F
    { 0x0430, 57 }, // U+0430
    { 0x0431, 58 }, // U+0431
    { 0x0432, 57 }, // U+0432
    { 0x0433, 59 }, // U+0433
    { 0x0434, 60 }, // U+0434
    { 0x0435, 57 }, // U+0435
    { 0x0436, 61 }, // U+0436
    { 0x0437, 62 }, // U+0437
    { 0x0438, 63 }, // U+0438
    { 0x0439, 63 }, // U+0439
    { 0x043A, 64 }, // U+043A
    { 0x043B, 65 }, // U+043B
    { 0x043C, 65 }, // U+043C
    { 0x043D, 64 }, // U+043D
    { 0x043E, 57 }, // U+043E
    { 0x043F, 64 }, // U+043F
    { 0x0440, 66 }, // U+0440
    { 0x0441, 57 }, // U+0441
    { 0x0442, 64 }, // U+0442
    { 0x0443, 67 }, // U+0443
    { 0x0444, 57 }, // U+0444
    { 0x0445, 68 }, // U+0445
    { 0x0446, 63 }, // U+0446
    { 0x0447, 69 }, // U+0447
    { 0x0448, 63 }, // U+0448
    { 0x0449, 63 }, // U+0449
    { 0x044A, 70 }, // U+044A
    { 0x044B, 63 }, // U+044B
    { 0x044C, 63 }, // U+044C
    { 0x044D, 61 }, // U+044D
    { 0x044E, 64 }, // U+044E
    { 0x044F, 71 }, // U+044F
    { 0x0450, 57 }, // U+0450
    { 0x0451, 57 }, // U+0451
    { 0x0452, 72 }, // U+0452
    { 0x0453, 59 }, // U+0453
    { 0x0454, 57 }, // U+0454
    { 0x0455, 73 }, // U+0455
    { 0x0456, 74 }, // U+0456
    { 0x0457, 75 }, // U+0457
    { 0x0458, 76 }, // U+0458
    { 0x0459, 65 }, // U+0459
    { 0x045A, 64 }, // U+045A
    { 0x045B, 72 }, // U+045B
    { 0x045C, 64 }, // U+045C
    { 0x045D, 63 }, // U+045D
    { 0x045E, 67 }, // U+045E
    { 0x045F, 63 }, // U+045F
    { 0x0460, 77 }, // U+0460
    { 0x0461, 78 }, // U+0461
    { 0x0466, 49 }, // U+0466
    { 0x046A, 79 }, // U+046A
    { 0x046E, 52 }, // U+046E
    { 0x0470, 80 }, // U+0470
    { 0x0471, 63 }, // U+0471
    { 0x0472, 77 }, // U+0472
    { 0x0473, 81 }, // U+0473
    { 0x0474, 80 }, // U+0474
    { 0x0475, 82 }, // U+0475
    { 0x0476, 80 }, // U+0476
    { 0x0477, 82 }, // U+0477
    { 0x0478, 77 }, // U+0478
    { 0x0479, 81 }, // U+0479
    { 0x047A, 77 }, // U+047A
    { 0x047B, 81 }, // U+047B
    { 0x047C, 77 }, // U+047C
    { 0x047D, 81 }, // U+047D
    { 0x047E, 77 }, // U+047E
    { 0x047F, 78 }, // U+047F
    { 0x0480, 77 }, // U+0480
    { 0x0481, 81 }, // U+0481
    { 0x048B, 63 }, // U+048B
    { 0x048F, 66 }, // U+048F
    { 0x0496, 51 }, // U+0496
    { 0x0497, 61 }, // U+0497
    { 0x0498, 52 }, // U+0498
    { 0x0499, 61 }, // U+0499
    { 0x049F, 72 }, // U+049F
    { 0x04A0, 83 }, // U+04A0
    { 0x04A1, 70 }, // U+04A1
    { 0x04A8, 77 }, // U+04A8
    { 0x04A9, 81 }, // U+04A9
    { 0x04AA, 77 }, // U+04AA
    { 0x04AB, 81 }, // U+04AB
    { 0x04AC, 83 }, // U+04AC
    { 0x04AE, 80 }, // U+04AE
    { 0x04AF, 82 }, // U+04AF
    { 0x04B0, 80 }, // U+04B0
    { 0x04B1, 82 }, // U+04B1
    { 0x04B2, 54 }, // U+04B2
    { 0x04B3, 68 }, // U+04B3
    { 0x04B4, 83 }, // U+04B4
    { 0x04B5, 70 }, // U+04B5
    { 0x04B6, 55 }, // U+04B6
    { 0x04B7, 69 }, // U+04B7
    { 0x04B8, 55 }, // U+04B8
    { 0x04B9, 69 }, // U+04B9
    { 0x04C1, 51 }, // U+04C1
    { 0x04C2, 61 }, // U+04C2
    { 0x04C5, 50 }, // U+04C5
    { 0x04C6, 65 }, // U+04C6
    { 0x04CB, 55 }, // U+04CB
    { 0x04CC, 69 }, // U+04CC
    { 0x04CE, 84 }, // U+04CE
    { 0x04D0, 49 }, // U+04D0
    { 0x04D1, 81 }, // U+04D1
    { 0x04D2, 49 }, // U+04D2
    { 0x04D3, 81 }, // U+04D3
    { 0x04D4, 85 }, // U+04D4
    { 0x04D5, 81 }, // U+04D5
    { 0x04D7, 81 }, // U+04D7
    { 0x04D9, 81 }, // U+04D9
    { 0x04DB, 81 }, // U+04DB
    { 0x04DC, 51 }, // U+04DC
    { 0x04DD, 61 }, // U+04DD
    { 0x04DE, 52 }, // U+04DE
    { 0x04DF, 61 }, // U+04DF
    { 0x04E0, 52 }, // U+04E0
    { 0x04E2, 42 }, // U+04E2
    { 0x04E3, 63 }, // U+04E3
    { 0x04E4, 42 }, // U+04E4
    { 0x04E5, 63 }, // U+04E5
    { 0x04E6, 77 }, // U+04E6
    { 0x04E7, 81 }, // U+04E7
    { 0x04E8, 77 }, // U+04E8
    { 0x04E9, 81 }, // U+04E9
    { 0x04EA, 77 }, // U+04EA
    { 0x04EB, 81 }, // U+04EB
    { 0x04EC, 52 }, // U+04EC
    { 0x04ED, 61 }, // U+04ED
    { 0x04EE, 48 }, // U+04EE
    { 0x04EF, 67 }, // U+04EF
    { 0x04F0, 48 }, // U+04F0
    { 0x04F1, 67 }, // U+04F1
    { 0x04F2, 48 }, // U+04F2
    { 0x04F3, 67 }, // U+04F3
    { 0x04F4, 55 }, // U+04F4
    { 0x04F5, 69 }, // U+04F5
    { 0x04F8, 42 }, // U+04F8
    { 0x04F9, 63 }, // U+04F9
    { 0x04FC, 54 }, // U+04FC
    { 0x04FD, 68 }, // U+04FD
    { 0x04FE, 54 }, // U+04FE
    { 0x1EA0, 10 }, // U+1EA0
    { 0x1EA1, 23 }, // U+1EA1
    { 0x1EA2, 10 }, // U+1EA2
    { 0x1EA3, 23 }, // U+1EA3
    { 0x1EA4, 10 }, // U+1EA4
    { 0x1EA5, 23 }, // U+1EA5
    { 0x1EA6, 10 }, // U+1EA6
    { 0x1EA7, 23 }, // U+1EA7
    { 0x1EA8, 10 }, // U+1EA8
    { 0x1EA9, 23 }, // U+1EA9
    { 0x1EAA, 10 }, // U+1EAA
    { 0x1EAB, 23 }, // U+1EAB
    { 0x1EAC, 10 }, // U+1EAC
    { 0x1EAD, 23 }, // U+1EAD
    { 0x1EAE, 10 }, // U+1EAE
    { 0x1EAF, 23 }, // U+1EAF
    { 0x1EB0, 10 }, // U+1EB0
    { 0x1EB1, 23 }, // U+1EB1
    { 0x1EB2, 10 }, // U+1EB2
    { 0x1EB3, 23 }, // U+1EB3
    { 0x1EB4, 10 }, // U+1EB4
    { 0x1EB5, 23 }, // U+1EB5
    { 0x1EB6, 10 }, // U+1EB6
    { 0x1EB7, 23 }, // U+1EB7
    { 0x1EB8, 11 }, // U+1EB8
    { 0x1EB9, 25 }, // U+1EB9
    { 0x1EBA, 11 }, // U+1EBA
    { 0x1EBB, 25 }, // U+1EBB
    { 0x1EBC, 11 }, // U+1EBC
    { 0x1EBD, 25 }, // U+1EBD
    { 0x1EBE, 11 }, // U+1EBE
    { 0x1EBF, 25 }, // U+1EBF
    { 0x1EC0, 11 }, // U+1EC0
    { 0x1EC1, 25 }, // U+1EC1
    { 0x1EC2, 11 }, // U+1EC2
    { 0x1EC3, 25 }, // U+1EC3
    { 0x1EC4, 11 }, // U+1EC4
    { 0x1EC5, 25 }, // U+1EC5
    { 0x1EC6, 11 }, // U+1EC6
    { 0x1EC7, 25 }, // U+1EC7
    { 0x1EC9, 86 }, // U+1EC9
    { 0x1ECB, 86 }, // U+1ECB
    { 0x1ECC, 12 }, // U+1ECC
    { 0x1ECD, 25 }, // U+1ECD
    { 0x1ECE, 12 }, // U+1ECE
    { 0x1ECF, 25 }, // U+1ECF
    { 0x1ED0, 12 }, // U+1ED0
    { 0x1ED1, 25 }, // U+1ED1
    { 0x1ED2, 12 }, // U+1ED2
    { 0x1ED3, 25 }, // U+1ED3
    { 0x1ED4, 12 }, // U+1ED4
    { 0x1ED5, 25 }, // U+1ED5
    { 0x1ED6, 12 }, // U+1ED6
    { 0x1ED7, 25 }, // U+1ED7
    { 0x1ED8, 12 }, // U+1ED8
    { 0x1ED9, 25 }, // U+1ED9
    { 0x1EDA, 12 }, // U+1EDA
    { 0x1EDB, 25 }, // U+1EDB
    { 0x1EDC, 12 }, // U+1EDC
    { 0x1EDD, 25 }, // U+1EDD
    { 0x1EDE, 12 }, // U+1EDE
    { 0x1EDF, 25 }, // U+1EDF
    { 0x1EE0, 12 }, // U+1EE0
    { 0x1EE1, 25 }, // U+1EE1
    { 0x1EE2, 12 }, // U+1EE2
    { 0x1EE3, 25 }, // U+1EE3
    { 0x1EE4, 15 }, // U+1EE4
    { 0x1EE5, 32 }, // U+1EE5
    { 0x1EE6, 15 }, // U+1EE6
    { 0x1EE7, 32 }, // U+1EE7
    { 0x1EE8, 15 }, // U+1EE8
    { 0x1EE9, 32 }, // U+1EE9
    { 0x1EEA, 15 }, // U+1EEA
    { 0x1EEB, 32 }, // U+1EEB
    { 0x1EEC, 15 }, // U+1EEC
    { 0x1EED, 32 }, // U+1EED
    { 0x1EEE, 15 }, // U+1EEE
    { 0x1EEF, 32 }, // U+1EEF
    { 0x1EF0, 15 }, // U+1EF0
    { 0x1EF1, 32 }, // U+1EF1
    { 0x1EF2, 19 }, // U+1EF2
    { 0x1EF3, 36 }, // U+1EF3
    { 0x1EF4, 19 }, // U+1EF4
    { 0x1EF5, 36 }, // U+1EF5
    { 0x1EF6, 19 }, // U+1EF6
    { 0x1EF7, 36 }, // U+1EF7
    { 0x1EF8, 19 }, // U+1EF8
    { 0x1EF9, 36 }, // U+1EF9
    { 0x2013, 6 }, // U+2013
    { 0x2014, 6 }, // U+2014
    { 0x2015, 6 }, // U+2015
    { 0x2018, 87 }, // U+2018
    { 0x2019, 4 }, // U+2019
    { 0x201A, 88 }, // U+201A
    { 0x201C, 87 }, // U+201C
    { 0x201D, 4 }, // U+201D
    { 0x201E, 88 }, // U+201E
    { 0x2026, 88 }, // U+2026
    { 0x203A, 39 }, // U+203A
    { 0x207E, 89 }, // U+207E
    { 0x208E, 90 }, // U+208E
};

static const int8_t notoserif_14_bolditalicKernMatrix[] = {
       0,    0,    0,    0,    0,    0,    0,    0,    0,  -37,    0,    0,    0,    0,    0,    0,    0,    0,    0,    0,    0,    0,    0,    0,    0,  -19,    9,    0,    0,    0,    0,    0,    0,    0,    0,    0,    0,    0,    0,  -56,    0,    0,    0,    0,    0,    0,    0,    0,  -37,  -37,    0,    0,    0,    0,    0,    0,    0,    0,    0,    0,    0,    0,    0,    0,  -28,    0,    0,    0,    0,    0,    0,    0,    0,    0,    0,    0,    0,    0,    0,    0,    0,    0,    0,    0,  -56,    0,    0,    0,    0,    0,
       0,    0,    0,    0,    0,    0,    0,    0,    0,    0,    0,    0,    0,  -19,   -5,  -23,  -19,    0,  -21,    0,    0,    0,    0,    0,    0,    0,    0,    0,    0,    0,    0,    0,    0,    0,    0,    0,    0,    0,    0,    0,    0,    0,    0,    0,    0,    0,    0,    0,    0,    0,    0,    0,    0,    0,    0,    0,    0,    0,    0,    0,    0,    0,    0,    0,    0,    0,    0,    0,    0,    0,    0,    0,    0,    0,    0,    0,    0,    0,    0,    0,    0,    0,    0,    0,    0,    0,    0,    0,    0,    0,
       0,    0,    0,    0,    0,    0,    0,    0,    0,    0,    0,    0,    0,    0,    0,    0,    0,    0,    0,    0,    0,    0,    0,    0,    0,    0,    0,    0,    0,    0,    0,    0,    0,    0,    0,    0,    0,    0,    0,    0,    0,    0,    0,   -9,    0,   14,   -9,    9,    0,    5,    0,    0,   -9,    0,    0,    0,    0,    0,    0,    0,    0,    0,    0,    0,   -9,    0,    0,    0,   -5,    0,    0,    0,    0,    0,   14,   19,    0,    0,    0,    0,    0,    0,    0,    0,    0,    0,    0,    0,    0,    0,
       0,   -9,    0,    0,  -56,    0,  -56,    0,    0,  -23,    0,    0,    0,    0,    0,    0,    0,    0,    0,    0,    0,    0,    0,    0,    0,    0,    0,    0,    0,    0,    0,    0,    0,    0,    0,    0,    0,    0,    0,  -37,    0,    0,    0,    0,    0,    0,    0,   -9,  -23,  -33,    0,    0,    0,    0,    0,    0,    0,    0,    0,    0,    0,    0,    0,    0,  -23,    0,    0,    0,    0,    0,    0,    0,    0,    0,    0,    0,    0,    0,    0,    0,  -23,    0,    0,    0,  -37,    0,    0,  -56,    0,    0,
       0,    0,    0,    0,    0,    0,    0,    0,    0,    0,    0,   -9,    0,  -33,   -5,  -42,  -37,    0,  -33,    0,    0,    0,    0,    0,    0,    0,    0,    0,    0,    0,    0,    0,  -23,   -9,    0,   -9,    0,    0,    0,    0,    0,    0,  -28,   -9,    0,    0,    5,   -9,    0,    9,    0,    0,  -14,    0,  -61,    0,    0,    0,    0,    0,    0,    0,    0,    0,    0,    0,   -9,    0,  -33,  -33,    0,    0,    0,    0,    0,    0,   -9,    0,    0,    0,    0,    0,  -33,    0,    0,    0,    0,    0,    0,    0,
       0,    0,    0,    0,    0,    0,    0,    0,    0,    0,    0,    0,    0,    0,    0,    0,    0,    0,    0,    0,    0,    0,    0,    0,    0,    0,    0,    0,    0,    0,    0,    0,    0,    0,    0,    0,    0,    0,    0,    0,    0,    0,  -19,    0,    0,    0,    0,   -9,   -5,   -5,    0,    0,    0,   -5,  -19,    0,    0,    0,    0,    0,    0,    0,    0,    0,    0,    0,    0,   -9,    0,    0,    0,    0,    0,    0,    0,    0,    0,    0,    0,    0,    0,    0,    0,    0,    0,    0,    0,    0,    0,    0,
     -37,   -9,    0,  -33,    0,    0,    0,    0,    0,    0,    0,   -9,    0,  -28,   -9,  -37,  -33,    0,  -33,    0,    0,    0,    0,    0,   -9,   -9,    0,    0,    0,    0,    0,   -9,  -28,  -14,    0,  -23,    0,  -23,    0,    0,  -23,    0,    0,    0,    0,    0,    0,    0,    0,    0,    0,    0,    0,    0,    0,    0,    0,    0,    0,    0,    0,    0,    0,    0,    0,    0,    0,    0,    0,    0,    0,    0,    0,    0,    0,    0,    0,    0,    0,    0,    0,    0,    0,    0,    0,    0,  -42,    0,    0,    0,
       0,    0,    0,   -9,    0,    0,    0,    0,    0,   -9,    0,    0,    0,   -9,    0,  -19,  -14,   -9,  -19,   -9,    0,    0,    0,    0,    0,    0,    0,    0,    0,    0,    0,    0,    0,   -5,    0,   -9,    0,    0,    0,  -14,    0,    0,    0,    0,    0,    0,    0,    0,    0,    0,    0,    0,    0,    0,    0,    0,    0,    0,    0,    0,    0,    0,    0,    0,    0,    0,    0,    0,    0,    0,    0,    0,    0,    0,    0,    0,    0,    0,    0,    0,    0,    0,    0,    0,    0,    0,    0,    0,    0,    0,
       0,   -9,    0,    0,    0,    0,    0,    0,    0,    0,    0,    0,    0,    0,    0,    0,    0,    0,    0,    0,    0,    0,    0,    0,    0,    0,    0,    0,    0,    0,    0,    0,    0,    0,    0,    0,    0,    0,    0,    0,    0,    0,    0,    0,    0,    0,    0,    0,    0,    0,    0,    0,    0,    0,    0,    0,    0,    0,    0,    0,    0,    0,    0,    0,    0,    0,    0,    0,    0,    0,    0,    0,    0,    0,    0,    0,    0,    0,    0,    0,    0,    0,    0,    0,    0,    0,    0,    0,    0,    0,
     -14,    0,    0,    0,   -9,    0,  -19,    0,    0,   -9,    0,    0,    0,   -9,    0,   -9,   -9,   -9,  -14,    0,    0,    0,    0,    0,    0,    0,    0,    0,    0,    0,    0,    0,    0,    0,    0,    0,    0,    0,    0,  -23,    0,    0,    0,    0,    0,    0,    0,    0,    0,    0,    0,    0,    0,    0,    0,    0,    0,    0,    0,    0,    0,    0,    0,    0,    0,    0,    0,    0,    0,    0,    0,    0,    0,    0,    0,    0,    0,    0,    0,    0,    0,    0,    0,    0,    0,    0,    0,   -9,    0,    0,
       0,    0,    0,    0,    0,    0,    0,    0,    0,    0,    0,    0,    0,    0,    0,   -9,   -9,    0,   -9,    0,    0,    0,    0,    0,    0,    0,    0,    0,    0,    0,    0,    0,    0,    0,    0,    0,    0,    0,    0,    0,    0,    0,    0,    0,    0,    0,    0,    0,    0,    0,    0,    0,    0,    0,    0,    0,    0,    0,    0,    0,    0,    0,    0,    0,    0,    0,    0,    0,    0,    0,    0,    0,    0,    0,    0,    0,    0,    0,    0,    0,    0,    0,    0,    0,    0,    0,    0,    0,    0,    0,
       0,  -19,    0,    0,  -37,    0,  -37,    0,    0,  -33,    0,    0,    0,    0,    0,    0,    0,    0,    0,    0,    0,    0,  -19,    0,  -19,  -19,    0,    0,    0,    0,    0,    0,    0,    0,    0,    0,    0,    0,    0,  -51,    0,    0,    0,    0,    0,    0,    0,    0,    0,    0,    0,    0,    0,    0,    0,    0,    0,    0,    0,    0,    0,    0,    0,    0,    0,    0,    0,    0,    0,    0,    0,    0,    0,    0,    0,    0,    0,    0,    0,    0,    0,    0,    0,    0,    0,    0,    0,  -37,    0,    0,
       0,    0,    0,    0,    0,    0,    0,    0,    0,    0,    0,    0,    0,   -9,    0,   -9,   -9,    0,   -9,    0,    0,    0,    0,    0,    0,    0,    0,    0,    0,    0,    0,    0,    0,    0,    0,    0,    0,    0,    0,   -9,    0,    0,    0,    0,    0,    0,    0,    0,    0,    0,    0,    0,    0,    0,    0,    0,    0,    0,    0,    0,    0,    0,    0,    0,    0,    0,    0,    0,    0,    0,    0,    0,    0,    0,    0,    0,    0,    0,    0,    0,    0,    0,    0,    0,    0,    0,    0,    0,    0,    0,
       0,    0,    0,    0,   -9,    0,   -9,    0,    0,   -9,    0,    0,    0,    0,    0,    0,    0,    0,    0,    0,    0,    0,    0,    0,    0,    0,    0,    0,    0,    0,    0,    0,    0,    0,    0,    0,    0,    0,    0,    0,    0,    0,    0,    0,    0,    0,    0,    0,    0,    0,    0,    0,    0,    0,    0,    0,    0,    0,    0,    0,    0,    0,    0,    0,    0,    0,    0,    0,    0,    0,    0,    0,    0,    0,    0,    0,    0,    0,    0,    0,    0,    0,    0,    0,    0,    0,    0,   -9,    0,    0,
       0,   -9,    0,    0,    0,    0,    0,    0,    0,    0,    0,   -9,    0,    0,    0,    0,    0,    0,    0,    0,    0,    0,    0,    0,   -9,   -9,    0,    0,    0,    0,    0,   -9,    0,  -14,    0,  -14,    0,    0,    0,    0,    0,    0,    0,    0,    0,    0,    0,    0,    0,    0,    0,    0,    0,    0,    0,    0,    0,    0,    0,    0,    0,    0,    0,    0,    0,    0,    0,    0,    0,    0,    0,    0,    0,    0,    0,    0,    0,    0,    0,    0,    0,    0,    0,    0,    0,    0,    0,    0,    0,    0,
     -28,    0,    0,  -37,    0,    0,    0,    0,    0,    0,    0,    0,    0,  -33,   -9,  -37,  -23,    0,  -28,    0,    0,    0,    0,    0,    0,    0,    0,    0,    0,    0,    0,    0,  -14,    0,    0,    0,    0,    0,    0,    0,    0,    0,    0,    0,    0,    0,    0,    0,    0,    0,    0,    0,    0,    0,    0,    0,    0,    0,    0,    0,    0,    0,    0,    0,    0,    0,    0,    0,    0,    0,    0,    0,    0,    0,    0,    0,    0,    0,    0,    0,    0,    0,    0,    0,    0,    0,  -42,    0,    0,    0,
       0,   -9,    0,    0,   -9,    0,   -9,    0,    0,    0,    0,    0,    0,    0,    0,    0,    0,    0,    0,    0,    0,    0,    0,    0,    0,    0,    0,    0,    0,    0,    0,    0,    0,    0,    0,    0,    0,    0,    0,    0,    0,    0,    0,    0,    0,    0,    0,    0,    0,    0,    0,    0,    0,    0,    0,    0,    0,    0,    0,    0,    0,    0,    0,    0,    0,    0,    0,    0,    0,    0,    0,    0,    0,    0,    0,    0,    0,    0,    0,    0,    0,    0,    0,    0,    0,    0,    0,   -9,    0,    0,
       0,   -9,    0,    0,  -56,    0,  -56,    0,    0,  -23,    0,    0,    0,    0,    0,    0,    0,    0,    0,    0,    0,    0,    0,    0,    0,    0,    0,    0,    0,    0,    0,    0,    0,    0,    0,    0,    0,    0,    0,  -37,    0,    0,    0,    0,    0,    0,    0,    0,    0,    0,    0,    0,    0,    0,    0,    0,    0,    0,    0,    0,    0,    0,    0,    0,    0,    0,    0,    0,    0,    0,    0,    0,    0,    0,    0,    0,    0,    0,    0,    0,    0,    0,    0,    0,    0,    0,    0,  -56,    0,    0,
       0,   -9,    0,   -9,    0,    0,    0,    0,    0,    0,    0,   -9,    0,   -9,   -5,  -14,  -14,    0,  -14,    0,    0,    0,    0,    0,    0,    0,    0,    0,    0,    0,    0,    0,    0,   -9,    0,   -9,    0,    0,    0,    0,    0,    0,    0,    0,    0,    0,    0,    0,    0,    0,    0,    0,    0,    0,    0,    0,    0,    0,    0,    0,    0,    0,    0,    0,    0,    0,    0,    0,    0,    0,    0,    0,    0,    0,    0,    0,    0,    0,    0,    0,    0,    0,    0,    0,    0,    0,    0,    0,    0,    0,
       0,    0,    0,    0,    0,    0,    0,    0,    0,   -9,    0,    0,    0,   -9,    0,   -9,   -9,   -9,   -9,    0,    0,    0,    0,    0,    0,    0,    0,    0,    0,    0,    0,    0,    0,   -5,    0,   -9,    0,    0,    0,   -9,    0,    0,    0,    0,    0,    0,    0,    0,    0,    0,    0,    0,    0,    0,    0,    0,    0,    0,    0,    0,    0,    0,    0,    0,    0,    0,    0,    0,    0,    0,    0,    0,    0,    0,    0,    0,    0,    0,    0,    0,    0,    0,    0,    0,    0,    0,    0,    0,    0,    0,
       0,   -9,    0,    0,  -42,    0,  -42,    0,    0,  -28,    0,   -9,    0,    0,    0,    0,    0,    0,    0,    0,    0,    0,  -14,    0,  -14,  -14,    0,    0,    0,    0,    0,    0,    0,    0,    0,    0,    0,    0,    0,  -37,   23,    0,    0,    0,    0,    0,    0,    0,    0,    0,    0,    0,    0,    0,    0,    0,    0,    0,    0,    0,    0,    0,    0,    0,    0,    0,    0,    0,    0,    0,    0,    0,    0,    0,    0,    0,    0,    0,    0,    0,    0,    0,    0,    0,    0,    0,    0,  -42,    0,    0,
       0,   -9,    0,    0,   -9,    0,   -9,    0,    0,   -9,    0,    0,    0,    0,    0,    0,    0,    0,    0,    0,    0,    0,    0,    0,    0,    0,    0,    0,    0,    0,    0,    0,    0,    0,    0,    0,    0,    0,    0,   -9,    0,    0,    0,    0,    0,    0,    0,    0,    0,    0,    0,    0,    0,    0,    0,    0,    0,    0,    0,    0,    0,    0,    0,    0,    0,    0,    0,    0,    0,    0,    0,    0,    0,    0,    0,    0,    0,    0,    0,    0,    0,    0,    0,    0,    0,    0,    0,   -9,    0,    0,
       0,  -14,    0,    0,  -51,    0,  -51,    0,    0,  -37,    0,   -9,    0,    0,    0,    0,    0,    0,    0,    0,    0,    0,  -28,    0,  -28,  -28,    0,    0,    0,  -19,    0,    0,    0,    0,    0,    0,    0,    0,    0,  -61,    0,    0,    0,    0,    0,    0,    0,    0,    0,    0,    0,    0,    0,    0,    0,    0,    0,    0,    0,    0,    0,    0,    0,    0,    0,    0,    0,    0,    0,    0,    0,    0,    0,    0,    0,    0,    0,    0,    0,    0,    0,    0,    0,    0,    0,    0,    0,  -51,    0,    0,
       0,  -14,    0,    0,  -42,    0,  -42,    0,    0,  -28,    0,   -9,    0,    0,    0,    0,    0,    0,    0,    0,    0,    0,  -23,    0,  -28,  -28,    0,    0,    0,  -14,    0,    0,    0,    0,   -9,    0,    0,    0,    0,  -61,    0,    0,    0,    0,    0,    0,    0,    0,    0,    0,    0,    0,    0,    0,    0,    0,    0,    0,    0,    0,    0,    0,    0,    0,    0,    0,    0,    0,    0,    0,    0,    0,    0,    0,    0,    0,    0,    0,    0,    0,    0,    0,    0,    0,    0,    0,    0,  -42,    0,    0,
       0,    0,    0,    0,    0,    0,    0,    0,    0,    0,    0,   -9,   -5,    0,    0,    0,    0,    0,    0,    0,    0,    0,    0,    0,   -5,   -5,    0,    0,    0,    0,    0,    0,    0,  -14,    0,  -23,    0,  -19,    0,    0,    0,    0,    0,    0,    0,    0,    0,    0,    0,    0,    0,    0,    0,    0,    0,    0,    0,    0,    0,    0,    0,    0,    0,    0,    0,    0,    0,    0,    0,    0,    0,    0,    0,    0,    0,    0,    0,    0,    0,    0,    0,    0,    0,    0,    0,    0,    0,    0,    0,    0,
       0,  -14,    0,    0,  -37,    0,  -37,    0,    0,  -33,    0,  -14,   -9,    0,    0,    0,    0,    0,    0,    0,    0,    0,  -28,    0,  -33,  -33,    0,    0,    0,  -28,    0,    0,    0,    0,   -5,    0,   -5,    0,    0,  -42,    0,    0,    0,    0,    0,    0,    0,    0,    0,    0,    0,    0,    0,    0,    0,    0,    0,    0,    0,    0,    0,    0,    0,    0,    0,    0,    0,    0,    0,    0,    0,    0,    0,    0,    0,    0,    0,    0,    0,    0,    0,    0,    0,    0,    0,    0,    0,  -37,    0,    0,
       0,    0,    0,    0,    0,    0,    0,    0,    0,    0,    0,    0,    0,    0,    0,    0,    0,    0,    0,    0,    0,    0,    0,    0,    0,    0,    0,    0,    0,    0,    0,    0,    0,    0,    0,    0,    0,    0,    0,    0,    0,    0,  -19,   -9,    0,   28,    0,  -14,    0,   23,    0,    0,  -19,    0,  -51,    0,   -9,   -9,    0,   -9,    0,    0,    0,    0,    0,    0,   19,    0,  -37,   -9,    0,    0,    0,    0,    0,   28,    0,    0,    0,    0,    0,    0,    0,    0,    0,    0,    0,    0,    0,    0,
     -19,    0,    0,    0,    0,    0,    0,    0,    0,    0,    0,    0,    0,   -9,    0,  -23,  -19,    0,  -23,    0,    0,    0,    0,    0,    0,    0,    0,    0,    0,    0,    0,    0,    0,    0,    0,   -9,    0,    0,    0,    0,    0,    0,    0,    0,    0,    0,    0,    0,    0,    0,    0,    0,    0,    0,    0,    0,    0,    0,    0,    0,    0,    0,    0,    0,    0,    0,    0,    0,    0,    0,    0,    0,    0,    0,    0,    0,    0,    0,    0,    0,    0,    0,    0,    0,    0,    0,  -19,    0,    0,    0,
       0,    0,    0,    0,    0,    0,    0,    0,    0,    0,    0,    0,    0,  -14,    0,  -28,  -28,    0,  -33,    0,    0,    0,    0,    0,    0,    0,    0,    0,    0,    0,    0,    0,    0,    0,    0,   -9,    0,    0,    0,    0,    0,    0,    0,    0,    0,    0,    0,    0,    0,    0,    0,    0,    0,    0,    0,    0,    0,    0,    0,    0,    0,    0,    0,    0,    0,    0,    0,    0,    0,    0,    0,    0,    0,    0,    0,    0,    0,    0,    0,    0,    0,    0,    0,    0,    0,    0,    0,    0,    0,    0,
       0,    0,    0,    0,    0,    0,    0,    0,    0,    0,    0,    0,    0,    0,    0,  -23,  -23,    0,  -33,    0,    0,    0,    0,    0,    0,    0,    0,    0,    0,    0,    0,    0,    0,    0,    0,    0,    0,    0,    0,    0,    0,    0,    0,    0,    0,    0,    0,    0,    0,    0,    0,    0,    0,    0,    0,    0,    0,    0,    0,    0,    0,    0,    0,    0,    0,    0,    0,    0,    0,    0,    0,    0,    0,    0,    0,    0,    0,    0,    0,    0,    0,    0,    0,    0,    0,    0,    0,    0,    0,    0,
      37,    0,   42,   37,    0,    0,    0,    0,    0,    0,    0,    0,    0,    0,    0,    0,    0,    0,    0,    0,   47,    0,    0,    0,    0,    0,    0,    0,    0,    0,    0,    0,    0,    0,    0,    0,    0,    0,    0,    0,    0,    0,    0,    0,    0,    0,    0,    0,    0,    0,    0,    0,    0,    0,    0,    0,    0,    0,    0,    0,    0,    0,    0,    0,    0,    0,    0,    0,    0,    0,    0,    0,    0,    0,    0,    0,    0,    0,    0,    0,    0,    0,    0,    0,    0,    0,   28,    0,    0,    0,
       0,    0,    0,    0,    0,    0,    0,    0,    0,    0,    0,    0,    0,    0,    0,    0,    0,    0,    0,    0,    0,    0,    0,    0,   -9,   -9,    0,    0,    0,    0,    0,    0,    0,    0,    0,    0,    0,    0,    0,    0,    0,    0,    0,    0,    0,    0,    0,    0,    0,    0,    0,    0,    0,    0,    0,    0,    0,    0,    0,    0,    0,    0,    0,    0,    0,    0,    0,    0,    0,    0,    0,    0,    0,    0,    0,    0,    0,    0,    0,    0,    0,    0,    0,    0,    0,    0,    0,    0,    0,    0,
       0,    0,    0,    0,    0,    0,    0,    0,    0,    0,    0,    0,    0,    0,    0,    0,  -19,    0,   -9,    0,    0,    0,    0,    0,    0,    0,    0,    0,    0,    0,    0,    0,    0,    0,    0,    0,    0,    0,    0,    0,    0,    0,    0,    0,    0,    0,    0,    0,    0,    0,    0,    0,    0,    0,    0,    0,    0,    0,    0,    0,    0,    0,    0,    0,    0,    0,    0,    0,    0,    0,    0,    0,    0,    0,    0,    0,    0,    0,    0,    0,    0,    0,    0,    0,    0,    0,    0,    0,    0,    0,
       0,    0,    0,   14,  -98,    0,  -98,    0,    0,    0,    0,    0,    0,    0,    0,  -14,  -19,  -23,  -14,    0,    0,    0,   -9,    0,   -9,   -9,    0,    0,    0,    0,    0,    0,    0,    0,    0,    0,    0,    0,    0,    0,    0,    0,    0,    0,    0,    0,    0,    0,    0,    0,    0,    0,    0,    0,    0,    0,    0,    0,    0,    0,    0,    0,    0,    0,    0,    0,    0,    0,    0,    0,    0,    0,    0,    0,    0,    0,    0,    0,    0,    0,    0,    0,    0,    0,    0,    0,    0,  -98,    0,    0,
      -9,    0,    0,    0,    0,    0,    0,    0,    0,    0,    0,    0,    0,    0,    0,  -14,  -14,    0,  -23,    0,    0,    0,    0,    0,    0,    0,    0,    0,    0,    0,    0,    0,    0,    0,    0,    0,    0,    0,    0,    0,    0,    0,    0,    0,    0,    0,    0,    0,    0,    0,    0,    0,    0,    0,    0,    0,    0,    0,    0,    0,    0,    0,    0,    0,    0,    0,    0,    0,    0,    0,    0,    0,    0,    0,    0,    0,    0,    0,    0,    0,    0,    0,    0,    0,    0,    0,    0,    0,    0,    0,
       0,    0,    0,    0,  -23,    0,  -33,    0,    0,    0,    0,    0,    0,    0,    0,  -14,   -9,    0,  -14,    0,    0,    0,    0,    0,    0,    0,    0,    0,    0,    0,    0,    0,    0,    0,    0,    0,    0,    0,    0,    0,    0,    0,    0,    0,    0,    0,    0,    0,    0,    0,    0,    0,    0,    0,    0,    0,    0,    0,    0,    0,    0,    0,    0,    0,    0,    0,    0,    0,    0,    0,    0,    0,    0,    0,    0,    0,    0,    0,    0,    0,    0,    0,    0,    0,    0,    0,    0,  -33,    0,    0,
       0,    0,    0,    0,  -33,    0,  -33,    0,    0,    0,    0,    0,    0,    0,    0,   -9,   -9,    0,  -14,    0,    0,    0,    0,    0,    0,    0,    0,    0,    0,    0,    0,    0,    0,    0,    0,    0,    0,    0,    0,    0,    0,    0,    0,    0,    0,    0,    0,    0,    0,    0,    0,    0,    0,    0,    0,    0,    0,    0,    0,    0,    0,    0,    0,    0,    0,    0,    0,    0,    0,    0,    0,    0,    0,    0,    0,    0,    0,    0,    0,    0,    0,    0,    0,    0,    0,    0,    0,  -33,    0,    0,
       0,    0,    0,    0,  -42,    0,  -42,    0,    0,    0,    0,    0,    0,    0,    0,    0,   -9,    0,    0,    0,    0,    0,    0,    0,    0,    0,    0,    0,    0,    0,    0,    0,    0,    0,    0,    0,    0,    0,    0,    0,    0,    0,    0,    0,    0,    0,    0,    0,    0,    0,    0,    0,    0,    0,    0,    0,    0,    0,    0,    0,    0,    0,    0,    0,    0,    0,    0,    0,    0,    0,    0,    0,    0,    0,    0,    0,    0,    0,    0,    0,    0,    0,    0,    0,    0,    0,    0,  -42,    0,    0,
       0,    0,    0,   -9,    0,    0,    0,    0,    0,    0,    0,    0,    0,    0,    0,  -19,  -14,    0,  -14,    0,    0,    0,    0,    0,    0,    0,    0,    0,    0,    0,    0,    0,    0,    0,    0,    0,    0,    0,    0,    0,    0,    0,    0,    0,    0,    0,    0,    0,    0,    0,    0,    0,    0,    0,    0,    0,    0,    0,    0,    0,    0,    0,    0,    0,    0,    0,    0,    0,    0,    0,    0,    0,    0,    0,    0,    0,    0,    0,    0,    0,    0,    0,    0,    0,    0,    0,   -9,    0,    0,    0,
       0,    0,    0,    0,    0,    0,    0,    0,    0,    0,    0,    0,    0,   -9,   -5,  -23,    0,    0,  -28,    0,    0,    0,    0,    0,    0,    0,    0,    0,    0,    0,    0,    0,    0,    0,    0,    0,    0,    0,    0,    0,    0,    0,    0,    0,    0,    0,    0,    0,    0,    0,    0,    0,    0,    0,    0,    0,    0,    0,    0,    0,    0,    0,    0,    0,    0,    0,    0,    0,    0,    0,    0,    0,    0,    0,    0,    0,    0,    0,    0,    0,    0,    0,    0,    0,    0,    0,    0,    0,    0,    0,
       0,    0,    0,    0,    0,    0,    0,    0,    0,    0,    0,    0,    0,    0,    0,    0,    0,    0,    0,    0,    0,    0,    0,    0,    0,    0,    0,    0,    0,    0,    0,    0,    0,    0,    0,    0,    0,    0,    0,    0,    0,    0,  -23,    0,    0,    0,    0,  -19,   -9,    0,    0,    0,   -5,    0,  -19,    0,    0,    0,    0,    0,    0,    0,    0,    0,    0,    0,    0,    0,    0,    0,    0,    0,    0,    0,    0,    0,    0,    0,    0,    0,    0,    0,    0,    0,    0,    0,    0,    0,    0,    0,
       0,    0,    0,    0,    0,    0,    0,    0,    0,    0,    0,    0,    0,  -14,   -5,  -23,  -23,    0,  -23,    0,    0,    0,    0,    0,    0,    0,    0,    0,    0,    0,    0,    0,    0,    0,    0,    0,    0,    0,    0,    0,    0,    0,    0,    0,    0,    0,    0,    0,    0,    0,    0,    0,    0,    0,    0,    0,    0,    0,    0,    0,    0,    0,    0,    0,    0,    0,    0,    0,    0,    0,    0,    0,    0,    0,    0,    0,    0,    0,    0,    0,    0,    0,    0,    0,    0,    0,    0,    0,    0,    0,
     -37,   -9,    0,  -33,    0,    0,    0,    0,    0,    0,    0,   -9,    0,  -28,   -9,  -37,  -33,    0,  -33,    0,    0,    0,    0,    0,   -9,   -9,    0,    0,    0,    0,    0,   -9,  -23,  -14,    0,  -23,    0,  -23,    0,    0,  -23,    0,    0,    0,    0,    0,    0,    0,    0,    0,    0,    0,    0,    0,    0,    0,    0,    0,    0,    0,    0,    0,    0,    0,    0,    0,    0,    0,    0,    0,    0,    0,    0,    0,    0,    0,    0,    0,    0,    0,    0,    0,    0,    0,    0,    0,  -42,    0,    0,    0,
      14,    0,   33,   19,    0,    0,    0,    0,   14,    0,   23,    0,    0,   33,   33,   42,   33,   33,   47,   37,    0,    0,    0,   42,    0,    0,    0,   42,    0,    0,    0,    0,    0,    0,    0,    0,    0,    0,    0,    0,    0,    0,    0,    0,    0,    0,    0,    0,    0,    0,    0,    0,    0,    0,    0,    0,    0,    0,    0,    0,    0,    0,    0,    0,    0,    0,    0,    0,    0,    0,    0,    0,    0,    0,    0,    0,    0,    0,    0,    0,    0,    0,    0,    0,    0,    0,   14,    0,    0,    0,
       0,    0,    0,  -14,    0,    0,    0,    0,    0,    0,    0,    0,    0,  -14,    0,  -23,    0,    0,    0,    0,    0,    0,    0,    0,    0,    0,    0,    0,    0,    0,    0,    0,    0,    0,    0,    0,    0,    0,    0,    0,    0,    0,    0,    0,    0,    0,    0,    0,    0,    0,    0,    0,    0,    0,    0,    0,    0,    0,    0,    0,    0,    0,    0,    0,    0,    0,    0,    0,    0,    0,    0,    0,    0,    0,    0,    0,    0,    0,    0,    0,    0,    0,    0,    0,    0,    0,    0,    0,    0,    0,
       0,    0,    0,    0,  -14,    0,  -14,    0,    0,  -19,    0,    0,    0,    9,    0,    9,    9,    0,    9,    0,    0,    0,   -9,    0,   -9,   -9,    0,    0,    0,   -9,   -9,    0,    0,   -9,   -9,   -9,    0,    0,    0,    0,    0,    0,    0,    0,    0,    0,    0,    0,    0,    0,    0,    0,    0,    0,    0,    0,    0,    0,    0,    0,    0,    0,    0,    0,    0,    0,    0,    0,    0,    0,    0,    0,    0,    0,    0,    0,    0,    0,    0,    0,    0,    0,    0,    0,    0,    0,    0,  -14,    0,    0,
       0,    0,    0,    9,   -5,    0,   -5,    0,    0,    0,    0,    0,    0,    0,    0,    0,    0,    0,    0,    0,    0,    0,    0,    0,    0,    0,    5,    0,    9,    0,   14,    9,    0,   14,    0,   14,    0,    0,    0,    0,    0,    0,    0,    0,    0,    0,    0,    0,    0,    0,    0,    0,    0,    0,    0,    0,    0,    0,    0,    0,    0,    0,    0,    0,    0,    0,    0,    0,    0,    0,    0,    0,    0,    0,    0,    0,    0,    0,    0,    0,    0,    0,    0,    0,    0,    5,    0,   -5,    0,    0,
       0,    0,    0,    0,  -14,    0,  -14,    0,    0,  -28,    0,   -9,    0,    0,    5,   14,    0,    0,   14,    0,    0,    0,  -23,    5,  -28,  -28,    0,    0,  -14,  -28,   -9,  -14,    0,   -9,    0,   -9,  -14,    0,    0,    0,    0,    0,    0,    0,    0,    0,    0,    0,    0,    0,    0,    0,    0,    0,    0,    0,    0,    0,    0,    0,    0,    0,    0,    0,    0,    0,    0,    0,    0,    0,    0,    0,    0,    0,    0,    0,    0,    0,    0,    0,    0,    0,    0,    0,    0,    0,    0,  -14,    0,    0,
       0,    0,    0,    9,    0,    0,    0,    0,    0,    0,    0,    0,    0,    0,    0,    0,    0,    0,    0,    0,    0,    0,    0,    0,    0,    0,    5,    0,    9,    0,    0,    0,    0,    0,    0,    0,    0,    0,    0,    0,    0,    0,    0,    0,    0,    0,    0,    0,    0,    0,    0,    0,    0,    0,    0,    0,    0,    0,    0,    0,    0,    0,    0,    0,    0,    0,    0,    0,    0,    0,    0,    0,    0,    0,    0,    0,    0,    0,    0,    0,    0,    0,    0,    0,    0,    5,    0,    0,    0,    0,
       0,    0,    0,    0,    0,    0,    0,    0,    0,    0,    0,    0,    0,    0,    0,    0,    0,    0,    0,    0,    0,    0,    0,    0,    0,    0,    0,    0,    0,    0,    0,    0,    0,    0,    0,    0,    0,    0,    0,    0,    0,    0,   -9,    0,    0,    0,    0,   -9,    0,    0,    0,    0,   -7,    0,    0,    0,    0,    0,    0,    0,    0,    0,    0,    0,   -9,    0,    0,    0,    0,   -9,   -9,    0,    0,    0,    0,    0,    0,    0,    0,    0,    0,    0,    0,   -9,    0,    0,    0,    0,    0,    0,
     -79,    0,   -9,  -37,    0,    0,    0,   -5,    0,    0,    0,    0,    0,    0,    0,    0,    0,    0,    0,    0,    0,   -5,    0,    0,    0,    0,    0,    0,    0,    0,    0,    0,    0,    0,    0,    0,    0,    0,    0,    0,    0,    0,  -37,    0,    0,   -7,    0,  -84,   -5,   -5,   -5,    0,   -9,   -9,  -28,   -5,    0,    0,    0,    0,    0,    0,    0,    0,   -7,    0,   -5,   -5,  -14,    0,    0,    0,    0,    0,    0,    0,    0,    0,    0,    0,    0,    0,  -33,    0,    0,    0,  -70,    0,    0,    0,
       0,    0,    0,   14,  -28,  -19,  -28,  -14,    0,    0,    0,    0,    0,    0,    0,    0,    0,    0,    0,    0,    0,  -19,    0,    0,    0,    0,    0,    0,    0,    0,    0,    0,    0,    0,    0,    0,    0,    0,  -23,    0,    0,    0,    0,   -9,   -5,    0,  -14,    0,  -28,  -19,    0,    0,  -12,    0,    0,   -7,  -14,    0,   -5,  -14,    0,    0,    9,    0,  -28,    0,   19,    0,    5,    0,  -14,    0,   -7,    9,    9,    0,    0,    0,    0,    0,    0,    0,    0,    0,    0,    0,    0,  -28,    0,    0,
       0,    0,    0,    0,    0,    0,    0,    0,    0,    0,    0,    0,    0,    0,    0,    0,    0,    0,    0,    0,    0,    0,    0,    0,    0,    0,    0,    0,    0,    0,    0,    0,    0,    0,    0,    0,    0,    0,    0,    0,    0,    0,    0,    0,    0,    0,    0,   -5,    0,    0,    0,    0,   -5,    0,    0,    0,    0,    0,    0,    0,    0,    0,    0,    0,   -5,    0,    0,   -5,    0,    0,    0,    0,    0,    0,    0,    0,    0,    0,    0,    0,    0,    0,    0,    0,    0,    0,    0,    0,    0,    0,
       0,    0,    0,    0,    0,    0,    0,    0,    0,    0,    0,    0,    0,    0,    0,    0,    0,    0,    0,    0,    0,    0,    0,    0,    0,    0,    0,    0,    0,    0,    0,    0,    0,    0,    0,    0,    0,    0,    0,    0,    0,    0,   -5,    0,    0,    0,    0,   -5,   -5,   -5,    0,    0,  -12,   -5,  -14,    0,    0,    0,    0,    0,    0,    0,    0,    0,    0,    0,    0,    0,    0,    0,    0,    0,    0,    0,    0,    0,    0,    0,   -9,    0,    0,    0,   -9,    0,    0,    0,    0,    0,    0,    0,
       0,    0,    0,    0,    0,    0,    0,    0,    0,    0,    0,    0,    0,    0,    0,    0,    0,    0,    0,    0,    0,    0,    0,    0,    0,    0,    0,    0,    0,    0,    0,    0,    0,    0,    0,    0,    0,    0,    0,    0,    0,    0,    0,    0,    0,    0,    0,    0,    0,    0,    0,    0,   -5,    0,    0,    0,    0,    0,    0,    0,    0,    0,    0,    0,   -9,    0,    0,    0,    0,    0,    0,    0,    0,    0,    0,    0,    0,    0,    0,    0,    0,    0,    0,    0,    0,    0,    0,    0,    0,    0,
       0,    0,    0,    0,    0,    0,    0,    0,    0,    0,    0,    0,    0,    0,    0,    0,    0,    0,    0,    0,    0,    0,    0,    0,    0,    0,    0,    0,    0,    0,    0,    0,    0,    0,    0,    0,    0,    0,    0,    0,    0,    0,    0,    0,    0,    0,   -9,    0,   -9,   -7,    0,    0,   -9,    0,    0,    0,    0,    0,    0,    0,    0,    0,   14,    0,   -9,    0,    0,    0,    0,    0,    0,    0,    0,   14,   14,    0,    0,    0,    0,    0,    0,    0,    0,    0,    0,    0,    0,    0,    0,    0,
     -47,    0,   -9,  -23,    0,    0,    0,   -5,    0,    0,    0,    0,    0,    0,    0,    0,    0,    0,    0,    0,    0,   -5,    0,    0,    0,    0,    0,    0,    0,    0,    0,    0,    0,    0,    0,    0,    0,    0,    0,    0,    0,    0,  -37,    0,    0,   -7,    0,  -42,   -5,   -5,   -5,    0,   -9,   -9,  -28,   -5,    0,    0,    0,    0,    0,    0,    0,    0,   -7,    0,   -5,   -5,  -14,    0,    0,    0,    0,    0,    0,    0,    0,    0,    0,    0,    0,    0,  -19,    0,    0,    0,  -42,    0,    0,    0,
     -56,    0,  -19,  -33,    0,   -9,    0,   -9,    0,    0,    0,    0,    0,    0,    0,    0,    0,    0,    0,    0,    0,    0,    0,    0,    0,    0,    0,    0,    0,    0,    0,    0,    0,    0,    0,    0,    0,    0,  -23,    0,    0,    0,  -42,  -28,  -19,  -14,    0,  -65,    0,    0,    0,  -19,  -37,    0,  -61,    0,   -9,    0,   -5,   -9,    0,   -5,   -9,    0,   -9,    0,  -19,    0,  -23,    0,    0,    0,    0,   -9,   -9,   -9,   -5,   -9,    0,  -23,    0,  -14,  -33,    0,    0,    0,  -47,    0,    0,    0,
       0,    0,    0,    0,    0,   -9,    0,    0,    0,    0,    0,    0,    0,    0,    0,    0,    0,    0,    0,    0,    0,    0,    0,    0,    0,    0,    0,    0,    0,    0,    0,    0,    0,    0,    0,    0,    0,    0,  -14,    0,    0,    0,    0,  -14,   -5,    0,    5,    0,    0,    9,    0,   -5,  -23,    0,   -9,    0,   -9,   -5,    0,   -9,    0,    0,   -5,    0,    0,    0,   -5,    0,  -14,  -14,    0,    0,    0,   -5,    2,    0,   -5,    0,    0,    0,   -9,    0,    0,  -14,    0,    0,   -9,    0,    0,    0,
       0,    0,    5,   19,  -51,   -9,  -51,   -9,    0,    0,    0,    0,    0,    0,    0,    0,    0,    0,    0,    0,    9,  -37,    0,    0,    0,    0,    0,    0,    0,    0,    0,    0,    0,    0,    0,    0,    0,    0,  -19,    0,    0,    0,    0,  -23,   -5,    0,  -28,    0,  -65,  -37,    0,    0,  -28,    0,    0,  -19,  -23,    0,  -14,  -37,  -19,   -5,   -5,   -9,  -56,    0,    0,   -5,    0,    0,   -9,    0,  -19,   -5,   14,    0,    0,    0,    0,    0,  -19,    0,    0,    0,    0,    0,    0,  -51,    0,    0,
     -37,    0,    0,  -33,    0,   -5,    0,    0,    0,    0,    0,    0,    0,    0,    0,    0,    0,    0,    0,    0,    0,    0,    0,    0,    0,    0,    0,    0,    0,    0,    0,    0,    0,    0,    0,    0,    0,    0,   -9,    0,    0,    0,  -28,  -14,   -5,    0,    0,  -37,    0,    7,    0,   -5,  -23,    0,  -56,    0,  -14,   -9,    0,  -14,    0,    0,   -9,    0,   -5,    0,  -28,    0,  -33,  -19,    0,    0,   -5,   -9,   -9,    0,   -9,    0,    0,    0,    0,    0,  -28,  -19,    0,    0,  -42,    0,    0,    0,
       0,    0,    0,   -5,    0,    0,    0,   -9,    0,    0,    0,    0,    0,    0,    0,    0,    0,    0,    0,    0,    0,   -5,    0,    0,    0,    0,    0,    0,    0,    0,    0,    0,    0,    0,    0,    0,    0,    0,    0,    0,    0,    0,  -12,    0,   -5,  -14,    0,  -14,   -5,   -9,   -5,    0,   -9,   -5,  -19,   -5,    0,    0,    0,    0,    0,    0,    0,    0,   -9,   -5,   -7,  -12,   -9,   -5,   -9,    0,    0,    0,    0,    0,    0,    0,    0,    0,    0,    0,    0,    0,    0,    0,   -9,    0,    0,    0,
       0,    0,    0,   -5,    0,    0,    0,   -9,    0,    0,    0,    0,    0,    0,    0,    0,    0,    0,    0,    0,    0,   -5,    0,    0,    0,    0,    0,    0,    0,    0,    0,    0,    0,    0,    0,    0,    0,    0,    0,    0,    0,    0,  -16,    0,   -5,    0,    0,  -23,   -5,   -7,   -7,    0,   -5,   -5,  -23,    0,    0,    0,    0,    0,    0,    0,    0,    0,   -9,    0,    0,   -5,    0,   -9,   -5,    0,    0,    0,    0,    0,    0,    0,   -9,    0,    0,    0,   -9,   -9,  -14,    0,   -9,    0,    0,    0,
       0,    0,    5,    0,    0,    0,    0,    0,    0,    0,    0,    0,    0,    0,    0,    0,    0,    0,    0,    0,    0,   14,    0,    0,    0,    0,    0,    0,    0,    0,    0,    0,    0,    0,    0,    0,    0,    0,    0,    0,    0,    0,    0,   -5,    0,    9,    0,    0,    0,    0,    0,    0,   -9,    0,    0,    0,   -7,    0,   -5,   -7,    0,   -5,   -5,    0,   -5,    0,    0,    0,    0,   -5,   -5,    0,    0,   -5,    5,    9,    0,    0,    0,    0,    0,    0,    0,    0,    0,    0,    0,    0,    0,    0,
       0,    0,   -9,    0,   -9,    0,   -9,   -9,    0,    0,    0,    0,    0,    0,    0,    0,    0,    0,    0,    0,    0,   -9,    0,    0,    0,    0,    0,    0,    0,    0,    0,    0,    0,    0,    0,    0,    0,    0,    0,    0,    0,    0,   -9,    0,    0,   -7,   -7,  -35,   -9,  -16,   -9,    0,    0,   -9,   -5,   -5,    0,    0,    0,    0,    0,    0,    0,    0,  -19,    0,    0,   -5,    0,    0,    0,    0,    0,    0,    0,    0,    0,    0,   -9,    0,    0,    0,   -9,    0,    0,    0,    0,   -9,    0,    0,
       0,    0,   -9,    0,  -56,    0,  -56,   -9,    0,    0,    0,    0,    0,    0,    0,    0,    0,    0,    0,    0,    0,  -19,    0,    0,    0,    0,    0,    0,    0,    0,    0,    0,    0,    0,    0,    0,    0,    0,   -5,    0,    0,    0,    0,    0,    0,    0,  -23,   -9,  -23,  -33,  -19,   -7,    0,  -19,  -12,   -5,    0,    0,    0,    0,    0,    0,    0,    0,  -23,    0,   14,   -5,    0,    0,   -5,    0,    0,    0,    0,    0,    0,    0,    0,    0,    0,    0,    0,    0,    0,    0,    0,  -56,    0,    0,
       0,    0,   -9,   -5,  -14,    0,  -14,  -14,    0,    0,    0,    0,    0,    0,    0,    0,    0,    0,    0,    0,    0,  -19,    0,    0,    0,    0,    0,    0,    0,    0,    0,    0,    0,    0,    0,    0,    0,    0,   -5,    0,    0,   -5,  -19,    0,   -9,   -9,  -14,  -42,  -14,  -23,  -19,   -9,    0,  -19,  -14,  -14,    0,    0,    0,    0,    0,    0,    0,    0,  -19,    0,    0,   -9,    0,    0,   -2,    0,    0,    0,    0,    0,    0,    0,   -9,    0,    0,    0,    0,    0,    0,    0,  -14,  -14,    0,    0,
       0,    0,    0,    0,    0,   -9,    0,    0,    0,    0,    0,    0,    0,    0,    0,    0,    0,    0,    0,    0,    0,    0,    0,    0,    0,    0,    0,    0,    0,    0,    0,    0,    0,    0,    0,    0,    0,    0,   -9,    0,    0,    0,    0,   -9,   -5,    0,    0,    0,    0,    0,    0,    0,  -19,    0,   -9,    0,   -7,    0,   -5,   -7,    0,    0,   -2,    0,   -5,    0,   -5,    0,   -7,  -19,    0,    0,    0,   -2,    9,    0,   -9,    0,    0,    0,    0,    0,    0,  -14,    0,    0,    0,    0,    0,    0,
       0,    0,    0,    0,    0,    0,    0,    0,    0,    0,    0,    0,    0,    0,    0,    0,    0,    0,    0,    0,    0,    0,    0,    0,    0,    0,    0,    0,    0,    0,    0,    0,    0,    0,    0,    0,    0,    0,    0,    0,    0,   12,   -9,    0,    0,    0,   23,  -19,   21,   23,   28,    0,    0,   19,  -23,   23,    0,    0,    0,    0,    5,    0,    0,    0,   14,    0,    0,    7,   -5,   -7,    2,    0,    0,    0,    0,    0,    0,    0,    0,    0,    0,    0,    0,    0,    0,    0,    0,    0,    0,    0,
       0,    0,    0,    0,   -9,    0,   -9,    0,    0,    0,    0,    0,    0,    0,    0,    0,    0,    0,    0,    0,    0,   -9,    0,    0,    0,    0,    0,    0,    0,    0,    0,    0,    0,    0,    0,    0,    0,    0,    0,    0,    0,    0,  -19,    0,    0,    0,    0,  -47,   -9,    0,   -5,    0,    0,   -7,  -16,    0,    0,    0,    0,    0,   -5,   -5,    0,    0,   -9,    0,   -7,  -16,   -7,   -2,   -5,    0,    0,    0,    0,   -5,    0,    0,    0,    0,    0,    0,    0,    0,    0,    0,    0,   -9,    0,    0,
       0,    0,    0,   -5,   -5,    0,   -5,    0,    0,    0,    0,    0,    0,    0,    0,    0,    0,    0,    0,    0,    0,    0,    0,    0,    0,    0,    0,    0,    0,    0,    0,    0,    0,    0,    0,    0,    0,    0,    0,    0,    0,    0,  -14,    0,    0,    0,    0,  -28,    0,    0,    0,    0,    0,    0,  -23,    0,    0,    0,    0,    0,    0,    0,   -7,    0,   -7,    0,   -5,   -7,   -7,    0,    0,    0,    0,   -7,   -7,    0,    0,    0,    0,    0,    0,    0,   -9,    0,    0,    0,    0,   -5,    0,    0,
       0,    0,    0,    9,   -9,    0,   -9,    0,    0,    0,    0,    0,    0,    0,    0,    0,    0,    0,    0,    0,    0,    0,    0,    0,    0,    0,    0,    0,    0,    0,    0,    0,    0,    0,    0,    0,    0,    0,    0,    0,    0,    0,   -5,    0,    0,    0,    0,  -19,    0,    0,    0,    0,    0,    0,   -9,    0,    0,    0,    0,    0,    0,    0,    0,    0,  -14,    0,    0,   -5,    0,    0,   -5,    0,    0,    0,    0,    0,    0,    0,    0,    0,    0,    0,   -9,    0,    0,    0,    0,   -9,    0,    0,
       0,    0,    0,    0,   -9,    0,   -9,    0,    0,    0,    0,    0,    0,    0,    0,    0,    0,    0,    0,    0,    0,   -9,    0,    0,    0,    0,    0,    0,    0,    0,    0,    0,    0,    0,    0,    0,    0,    0,    0,    0,    0,    0,    0,    0,    0,    0,    0,  -23,   -9,    0,   -5,    0,    0,   -5,   -7,    0,    0,    0,    0,    0,    0,    0,    0,    0,  -14,    0,    0,   -7,    0,    0,   -7,    0,    0,    0,    0,    0,    0,    0,    0,    0,    0,    0,    0,    0,    0,    0,    0,   -9,    0,    0,
       0,    0,    0,    0,    0,    0,    0,    0,    0,    0,    0,    0,    0,    0,    0,    0,    0,    0,    0,    0,    0,    0,    0,    0,    0,    0,    0,    0,    0,    0,    0,    0,    0,    0,    0,    0,    0,    0,    0,    0,    0,    0,   -5,    0,    0,    0,    0,  -19,    0,    0,    0,    0,    0,    0,   -9,    0,    0,    0,    0,    0,    0,    0,    0,    0,   -5,    0,    0,   -5,    0,    0,    0,    0,    0,    0,    0,    0,    0,    0,    0,    0,    0,    0,    0,    0,    0,    0,    0,    0,    0,    0,
       0,    0,    0,    0,    0,    0,    0,    0,    0,    0,    0,    0,    0,    0,    0,    0,    0,    0,    0,    0,    0,    0,    0,    0,    0,    0,    0,    0,    0,    0,    0,    0,    0,    0,    0,    0,    0,    0,    0,    0,    0,    0,   -5,    0,    0,    0,    0,  -19,    0,    0,    0,    0,    0,    0,   -7,    2,   -5,    0,    0,   -5,    0,    0,    0,    0,   -5,    0,    9,   -2,    0,    0,    0,    0,    0,    0,    0,    0,    0,    0,    0,    0,   -9,    0,    0,    0,    0,    0,    0,    0,    0,    0,
       0,    0,    0,    0,    0,  -14,    0,    0,    0,    0,    0,    0,    0,    0,    0,    0,    0,    0,    0,    0,    0,    0,    0,    0,    0,    0,    0,    0,    0,    0,    0,    0,    0,    0,    0,    0,    0,    0,    0,    0,    0,    0,   -7,   -5,    0,    0,    5,  -23,    0,    9,    0,   -5,   -5,    0,  -23,    0,   -9,   -2,   -5,   -9,    0,    0,    0,    0,    0,    0,    0,    0,    0,    0,    0,    0,    0,    0,    0,    0,    0,    0,    0,    0,    0,    0,    0,    0,    0,    0,    0,    0,    0,    0,
       0,    0,    0,    0,   -9,    0,   -9,    0,    0,    0,    0,    0,    0,    0,    0,    0,    0,    0,    0,    0,    0,   -9,    0,    0,    0,    0,    0,    0,    0,    0,    0,    0,    0,    0,    0,    0,    0,    0,    0,    0,    0,    0,  -19,    0,    0,    0,    0,  -33,   -9,    0,   -5,    0,    0,   -7,  -16,    0,    0,    0,    0,    0,   -5,   -5,    0,    0,   -9,    0,   -7,  -16,   -7,   -2,   -5,    0,    0,    0,    0,   -5,    0,    0,    0,    0,    0,    0,    0,    0,    0,    0,    0,   -9,    0,    0,
       0,    0,    0,   14,    0,    0,    0,    0,    0,    0,    0,    0,    0,    0,    0,    0,    0,    0,    0,    0,    0,    0,    0,    0,    0,    0,    0,    0,    0,    0,    0,    0,    0,    0,    0,    0,    0,    0,    0,    0,    0,   19,  -19,    0,    0,    0,   23,  -14,   23,   26,   28,    0,    0,   21,  -28,   23,    0,    0,    0,    0,   12,    2,    0,    0,   16,    0,   -5,    7,   -9,    0,    7,    0,    0,    0,    0,    0,    0,    0,    0,    0,    0,    0,    0,    0,    0,    0,  -14,    0,    0,    0,
       0,    0,    0,    0,    0,    0,    0,    0,    0,    0,    0,    0,    0,    0,    0,    0,    0,    0,    0,    0,    0,    0,    0,    0,    0,    0,    0,    0,    0,    0,    0,    0,    0,    0,    0,    0,    0,    0,    0,    0,    0,    0,   -5,    0,    0,    0,    0,  -19,    0,    0,    0,    0,    0,    0,   -7,    2,   -5,    0,    0,   -5,    0,    0,    0,    0,   -5,    0,    0,   -2,    0,    0,    0,    0,    0,    0,    0,    0,    0,    0,    0,    0,   -9,    0,    0,    0,    0,    0,    0,    0,    0,    0,
       0,    0,   -5,    0,   -9,    0,   -9,    0,    0,    0,    0,    0,    0,    0,    0,    0,    0,    0,    0,    0,    0,   -9,    0,    0,    0,    0,    0,    0,    0,    0,    0,    0,    0,    0,    0,    0,    0,    0,    0,    0,    0,    0,   -5,    0,    0,    0,   -7,  -14,   -9,   -9,   -5,   -9,    0,   -5,  -14,    0,    0,    0,   -5,    0,   -9,   -5,    0,    0,  -33,    0,    0,  -16,    0,    0,   -5,    0,    0,    0,    0,    0,    0,    0,    0,    0,    0,    0,    0,    0,    0,    0,    0,   -9,    0,    0,
       0,    0,   19,   -9,    0,    0,    0,    0,    0,    0,    0,    0,    0,    0,    0,    0,    0,    0,    0,    0,    0,   37,    0,    0,    0,    0,    0,    0,    0,    0,    0,    0,    0,    0,    0,    0,    0,    0,    7,    0,    0,   19,   -9,    0,    0,   28,   26,   -7,   28,   28,   33,    0,   -5,   28,  -23,   30,    0,    0,    0,    0,   12,    5,    0,    0,   19,    0,    0,   12,   -5,   -7,    9,    0,    9,    0,    0,   14,    0,    0,    0,    0,    0,    0,    0,    0,    0,    0,   -9,    0,    0,    0,
     -33,    0,    0,  -28,    0,    0,    0,    0,    0,    0,    0,    0,    0,    0,    0,    0,    0,    0,    0,    0,    0,    0,    0,    0,    0,    0,    0,    0,    0,    0,    0,    0,    0,    0,    0,    0,    0,    0,    0,    0,    0,    0,  -33,    0,    0,    0,    5,  -33,    0,    0,    0,    0,   -5,    0,  -51,    0,    0,    0,    0,    0,    0,    0,   -5,    0,    0,    0,  -16,    0,  -21,  -23,   -5,    0,    0,   -5,   -5,    0,    0,    0,    0,    0,    0,    0,    0,    0,    0,    0,  -28,    0,    0,    0,
       0,    0,    0,    0,    0,    0,    0,    0,    0,    0,    0,    0,    0,    0,    0,    0,    0,    0,    0,    0,    0,    0,    0,    0,    0,    0,    0,    0,    0,    0,    0,    0,    0,    0,    0,    0,    0,    0,    0,    0,    0,    0,   -9,    0,    0,    0,    0,  -47,    0,    0,    0,    0,    0,    0,  -26,    0,    0,    0,    0,    0,    0,    0,    0,    0,  -14,    0,    0,    0,   -5,    0,    0,    0,    0,    0,    0,    0,    0,    0,    0,    0,    0,    0,    0,    0,    0,    0,   -9,    0,    0,    0,
       0,    0,    0,    0,   -9,    0,   -9,    0,    0,    0,    0,    0,    0,    0,    0,    0,    0,    0,    0,    0,    0,    0,    0,    0,    0,    0,    0,    0,    0,    0,    0,    0,    0,    0,    0,    0,    0,    0,    0,    0,    0,    0,   -9,    0,    0,    0,    0,  -28,    0,    0,    0,    0,    0,    0,  -23,    0,    0,    0,    0,    0,    0,    0,    0,    0,    0,    0,    0,   -7,    0,    0,    0,    0,    0,    0,    0,    0,    0,    0,    0,    0,    0,    0,    0,    0,    0,    0,    0,   -9,    0,    0,
       0,    0,    0,    0,    0,    0,    0,    0,    0,    0,    0,    0,    0,    0,    0,    0,    0,    0,    0,    0,    0,    0,    0,    0,    0,    0,    0,    0,    0,    0,    0,    0,    0,    0,    0,    0,    0,    0,    0,    0,    0,   12,  -12,    0,    0,    0,   23,  -14,   21,   23,   28,    0,    0,   19,  -24,   23,    0,    0,    0,    0,    5,    0,    0,    0,   14,    0,    0,    7,   -5,   -7,    2,    5,    0,    0,    0,    0,    0,    0,    0,    0,    0,    0,    0,    0,    0,    0,    0,    0,    0,    0,
       0,    0,    0,    0,    0,    0,    0,    0,    0,    0,    0,    0,    0,    0,    0,    0,    0,    0,    0,    0,    0,    0,    0,    0,    0,    0,    0,    0,    0,    0,    0,    0,    0,    0,    0,    0,    0,    0,    0,    0,    0,    0,    0,    0,    0,    0,    0,    0,    0,    0,    0,    0,    0,    0,   -9,    0,    0,    0,    0,    0,    0,    0,    0,    0,  -23,    0,    0,    0,    0,    0,   -9,    0,    0,    0,    0,    0,    0,    0,    0,    0,    0,    0,    0,    0,    0,    0,    0,    0,    0,    0,
       0,    0,    0,    0,    0,    0,    0,    0,    0,    0,    0,    0,    0,    0,    0,    0,    0,    0,    0,    0,    0,    0,    0,    0,    0,    0,    0,    0,    0,    0,    0,    0,    0,    0,    0,    0,    0,    0,    0,    0,    0,    0,    0,    0,    0,    0,    0,    0,    0,    0,    0,    0,    0,    0,    0,    0,    0,    0,    0,    0,    0,    0,    0,    0,  -19,    0,    0,    0,    0,    0,    0,    0,    0,    0,    0,    0,    0,    0,    0,    0,    0,    0,    0,    0,    0,    0,    0,    0,    0,    0,
       0,    0,    0,    0,    0,    0,    0,    0,    0,    0,    0,    0,    0,    0,    0,    0,    0,    0,    0,    0,    0,    0,    0,    0,    0,    0,    0,    0,    0,    0,    0,    0,    0,    0,    0,    0,    0,    0,    0,    0,    0,    0,    0,    0,    0,    0,    0,    0,    0,    0,    0,    0,    0,    0,   -9,    0,    0,    0,    0,    0,    0,    0,    0,    0,    0,    0,    0,    0,    0,  -14,    0,    0,    0,    0,    0,    0,    0,    0,    0,    0,    0,    0,    0,  -14,    0,    0,    0,    0,    0,    0,
       0,    0,    0,    0,    0,    0,    0,    0,    0,    0,    0,    0,    0,    0,    0,    0,    0,    0,    0,    0,    0,    0,    0,    0,    0,    0,    0,    0,    0,    0,    0,    0,    0,    0,    0,    0,    0,    0,    0,    0,    0,    0,    0,    0,    0,    0,    0,    0,    0,  -28,    0,    0,    0,    0,    0,    0,    0,    0,    0,    0,    0,    0,    0,    0,  -33,    0,    0,    0,    0,    0,    0,    0,    0,    0,    0,    0,    0,    0,    0,    0,    0,    0,    0,    0,    0,    0,    0,    0,    0,    0,
       0,    0,    0,    0,    0,    0,    0,    0,    0,    0,    0,    0,    0,    0,    0,    0,    0,    0,    0,    0,    0,    0,    0,    0,    0,    0,    0,    0,    0,    0,    0,    0,    0,    0,    0,    0,    0,    0,    0,    0,    0,    0,    0,    0,    0,    0,    0,    0,    0,    0,    0,    0,    0,    0,    0,    0,    0,    0,    0,    0,    0,    0,    0,    0,  -33,    0,    0,    0,    0,    0,    0,    0,    0,    0,    0,    0,    0,    0,    0,    0,    0,    0,    0,    0,    0,    0,    0,    0,    0,    0,
       0,    0,    0,    0,  -42,    0,  -42,    0,    0,    0,    0,    0,    0,    0,    0,    0,    0,    0,    0,    0,    0,    0,    0,    0,    0,    0,    0,    0,    0,    0,    0,    0,    0,    0,    0,    0,    0,    0,    0,    0,    0,    0,    0,    0,    0,    0,    0,    0,    0,    0,    0,    0,    0,    0,    0,    0,    0,    0,    0,    0,    0,    0,    0,    0,    0,    0,    0,    0,    0,    0,    0,    0,    0,    0,    0,    0,    0,    0,    0,    0,    0,    0,    0,    0,    0,    0,    0,  -42,    0,    0,
       0,    0,    0,    0,  -33,    0,  -33,    0,    0,    0,    0,    0,    0,    0,    0,    0,    0,    0,    0,    0,    0,    0,    0,    0,    0,    0,    0,    0,    0,    0,    0,    0,    0,    0,    0,    0,    0,    0,    0,    0,    0,    0,    0,   -9,    0,    0,    0,    0,  -28,  -28,    0,    0,    0,    0,    0,    0,    0,    0,    0,    0,    0,    0,    0,    0,  -28,    0,    0,    0,    0,    0,    0,    0,    0,    0,    0,    0,   -9,    0,    0,    0,   -9,    0,    0,    0,    0,    0,    0,  -33,    0,    0,
       0,    0,    0,   14,  -33,    0,  -33,    0,    0,    0,    0,    0,    0,    0,    0,    0,    0,    0,    0,    0,    0,    0,    0,    0,    0,    0,    0,    0,    0,    0,    0,    0,    0,    0,    0,    0,    0,    0,    0,    0,    0,    0,    0,    0,    0,    0,    0,    0,  -28,  -19,    0,    0,    0,    0,    0,    0,    0,    0,    0,    0,    0,    0,    0,    0,  -28,    0,    0,    0,    0,    0,    0,    0,    0,    0,    0,    0,    0,    0,    0,    0,  -19,    0,    0,    0,    0,    0,    0,  -33,    0,    0,
       0,    0,    0,    0,    0,    0,    0,    0,    0,    0,    0,    0,    0,    0,    0,    0,    0,    0,    0,    0,    0,    0,    0,    0,    0,    0,    0,    0,    0,    0,    0,    0,    0,    0,    0,    0,    0,    0,    0,    0,    0,    0,    0,    0,    0,    0,    0,   -9,    0,  -23,    0,    0,    0,    0,    0,    0,    0,    0,    0,    0,    0,    0,    0,    0,  -19,    0,    0,    0,    0,    0,    0,    0,    0,    0,    0,    0,    0,    0,   -9,    0,    0,    0,    0,    0,    0,    0,    0,    0,    0,    0,
       0,    0,    0,   -9,    0,    0,    0,    0,    0,    0,    0,    0,    0,    0,    0,    0,    0,    0,    0,    0,    0,    0,    0,    0,    0,    0,    0,    0,    0,    0,    0,    0,    0,    0,    0,    0,    0,    0,    0,    0,    0,    0,    0,    0,    0,    0,    0,    0,    0,    0,    0,    0,    0,    0,    0,    0,    0,    0,    0,    0,    0,    0,    0,    0,    0,    0,    0,    0,    0,    0,    0,    0,    0,    0,    0,    0,    0,    0,    0,    0,    0,    0,    0,    0,    0,    0,   -9,    0,    0,    0,
       0,    0,    0,    0,    0,    0,    0,    0,    0,    0,    0,    0,    0,    0,    0,    0,    0,    0,    0,    0,    0,    0,    0,    0,    0,    0,    0,    0,    0,    0,    0,    0,    0,    0,    0,    0,    0,    0,    0,    0,    0,    0,    0,    0,    0,    0,    0,    0,    0,    0,    0,    0,    0,    0,    0,    0,    0,    0,    0,    0,    0,    0,    0,    0,    0,    0,    0,    0,    0,    0,    0,    0,    0,    0,    0,    0,    0,    0,    0,    0,   -9,    0,    0,    0,    0,    0,    0,    0,    0,    0,
       0,    0,    0,    0,    0,    0,    0,    0,    0,    0,    0,    0,    0,    0,    0,    0,    0,    0,    0,    0,    0,    0,    0,    0,    0,    0,    0,    0,    0,    0,    0,    0,    0,    0,    0,   -9,    0,    0,    0,    0,    0,    0,    0,    0,    0,    0,    0,    0,    0,    0,    0,    0,    0,    0,    0,    0,    0,    0,    0,    0,    0,    0,    0,    0,    0,    0,    0,    0,    0,    0,    0,    0,    0,    0,    0,    0,    0,    0,    0,    0,    0,    0,    0,    0,    0,    0,    0,    0,    0,    0,
       0,    0,    0,    0,    0,    0,    0,    0,    0,  -33,    0,    0,    0,    0,    0,    0,    0,    0,    0,    0,    0,    0,    0,    0,    0,    0,    5,    0,    0,    0,    0,    0,    0,    0,    0,    9,    0,    0,    0,  -65,    0,    0,    0,    0,    0,    0,  -14,    0,  -33,  -28,    0,    0,    0,    0,    0,    0,    0,    0,    0,    0,    0,    0,    9,    0,  -14,    0,   33,    0,   19,    0,    0,   14,    0,   19,   19,   14,    0,    0,    0,    0,  -19,    0,    0,    0,  -65,    0,    0,    0,    0,    0,
       0,    0,    0,    0,    0,    0,    0,    0,    0,  -42,    0,    0,    0,    0,    0,    0,    0,    0,    0,    0,    0,    0,   -5,    0,   -5,   -5,    0,    0,    0,  -23,    0,    0,    0,    0,    0,    0,    0,    0,    0,  -65,    0,    0,    0,    0,    0,    0,  -19,    9,  -33,  -28,    0,    0,    0,    0,    0,    0,   -5,    0,    0,   -5,    0,    0,   19,   19,   -9,   19,   23,    0,   28,   23,    0,   23,    0,   19,   19,    9,    0,    0,    0,    0,    0,    0,    0,    0,  -65,    0,    0,    0,    0,    0,
       0,    0,    0,    0,    0,    0,    0,    0,    0,    0,    0,    0,    0,    0,    0,    0,    0,    0,    0,    0,    0,    0,    0,    0,    0,    0,    0,    0,    0,    0,    0,    0,    0,    0,    0,    0,    0,    0,    0,    0,    0,    0,    0,    0,    0,    0,    0,    0,    0,    0,    0,    0,    0,    0,    0,    0,    0,    0,    0,    0,    0,    0,    0,    0,    0,    0,    0,    0,    0,    0,    0,    0,    0,    0,    0,    0,    0,    0,    0,    0,    0,    0,    0,    0,    0,    0,    0,    0,   33,    0,
       0,    0,    0,    0,    0,    0,    0,    0,    0,    0,    0,    0,    0,    0,    0,    0,    0,    0,    0,    0,    0,    0,    0,    0,    0,    0,    0,    0,    0,    0,    0,    0,    0,    0,    0,    0,    0,    0,    0,    0,    0,    0,    0,    0,    0,    0,    0,    0,    0,    0,    0,    0,    0,    0,    0,    0,    0,    0,    0,    0,    0,    0,    0,    0,    0,    0,    0,    0,    0,    0,    0,    0,    0,    0,    0,    0,    0,    0,    0,    0,    0,    0,    0,    0,    0,    0,    0,    0,    0,   37,
     -14,    0,    0,    0,    0,    0,    0,    0,    0,    0,    0,    0,    0,    0,    0,    0,    0,    0,    0,    0,    0,    0,    0,    0,    0,    0,    0,    0,    0,    0,    0,    0,    0,    0,    0,   -7,    0,    0,    0,    0,    0,    0,    0,    0,    0,    0,    0,    0,    0,    0,    0,    0,    0,    0,    0,    0,    0,    0,    0,    0,    0,    0,    0,    0,    0,    0,    0,    0,    0,    0,    0,    0,    0,    0,    0,    0,    0,    0,    0,    0,    0,    0,    0,    0,    0,    0,    0,    0,    0,    0,
       0,    0,    0,    0,    0,    0,    0,    0,    0,    0,    0,    0,    0,    0,    0,    0,    0,    0,    0,    0,    0,    0,    0,    0,    0,    0,    0,    0,    0,    0,    0,    0,    0,    0,    0,   -7,    0,    0,    0,    0,    0,    0,    0,    0,    0,    0,    0,    0,    0,    0,    0,    0,    0,    0,    0,    0,    0,    0,    0,    0,    0,    0,    0,    0,    0,    0,    0,    0,    0,    0,    0,    0,    0,    0,    0,    0,    0,    0,    0,    0,    0,    0,    0,    0,    0,    0,    0,    0,    0,    0,
};

static const EpdLigaturePair notoserif_14_bolditalicLigaturePairs[] = {
    { 0x00660066, 0xFB00 }, // f f -> U+FB00
    { 0x00660069, 0xFB01 }, // f i -> U+FB01
    { 0x0066006C, 0xFB02 }, // f l -> U+FB02
    { 0xFB000069, 0xFB03 }, // U+FB00 i -> U+FB03
    { 0xFB00006C, 0xFB04 }, // U+FB00 l -> U+FB04
};

static const EpdFontData notoserif_14_bolditalic = {
    notoserif_14_bolditalicBitmaps,
    notoserif_14_bolditalicGlyphs,
    notoserif_14_bolditalicIntervals,
    18,
    40,
    32,
    -9,
    true,
    nullptr,
    0,
    nullptr,
    notoserif_14_bolditalicKernLeftClasses,
    notoserif_14_bolditalicKernRightClasses,
    notoserif_14_bolditalicKernMatrix,
    551,
    557,
    103,
    90,
    notoserif_14_bolditalicLigaturePairs,
    5,
    nullptr,
    nullptr,
    nullptr,
    1,
};
