/**
 * generated by fontconvert.py
 * name: notoserif_8_italic
 * size: 8
 * mode: 2-bit  compressed: true
 * Command used: fontconvert.py notoserif_8_italic 8 ../builtinFonts/source/NotoSerif/NotoSerif-Italic.ttf --2bit --compress --pnum --ink-floor 2
 */
#pragma once
#include "EpdFontData.h"

static const uint8_t notoserif_8_italicBitmaps[18675] = {
    0x8D, 0x56, 0x5D, 0x6C, 0x1C, 0x57, 0x19, 0x3D, 0x77, 0x6E, 0xE2, 0x8B, 0x33, 0xD9, 0x9D, 0x3C,
    0x38, 0xC2, 0x24, 0x3B, 0xBB, 0x79, 0xF0, 0x83, 0x8B, 0x76, 0x63, 0x53, 0x6D, 0xA5, 0x29, 0x4C,
    0x9B, 0xEB, 0x1A, 0x94, 0x87, 0x08, 0xE1, 0x87, 0xA6, 0x95, 0x28, 0x34, 0x11, 0x4F, 0x6D, 0x69,
    0xC8, 0x22, 0x46, 0xEA, 0x22, 0xC5, 0xDE, 0x5B, 0x22, 0x91, 0x07, 0x04, 0xDD, 0x52, 0x9E, 0x40,
    0x48, 0x8E, 0x14, 0x89, 0x16, 0xA8, 0x18, 0xA4, 0x45, 0x8A, 0x9A, 0x44, 0x9E, 0x38, 0x12, 0x48,
    0x14, 0xC1, 0x4D, 0xAA, 0x84, 0x07, 0x54, 0x18, 0x24, 0x4B, 0x48, 0xAD, 0x28, 0x8B, 0xB4, 0x0F,
    0x4E, 0x88, 0xB3, 0x9C, 0x3B, 0x1E, 0x87, 0x16, 0x28, 0xE2, 0xCE, 0xAC, 0xBD, 0x33, 0x3B, 0xF3,
    0xDD, 0xEF, 0x3B, 0xE7, 0x7C, 0x3F, 0xBE, 0x0E, 0x50, 0x45, 0x88, 0x1A, 0x8F, 0x59, 0xB4, 0x71,
    0x08, 0xC0, 0x90, 0x07, 0xF0, 0x55, 0xFB, 0xF3, 0xEC, 0xBB, 0xE6, 0x86, 0xE6, 0xD7, 0x97, 0x0D,
    0xD6, 0xB5, 0x38, 0x8B, 0x83, 0xEF, 0xF6, 0x3F, 0xFA, 0x79, 0xAD, 0x2A, 0x98, 0xA8, 0xE1, 0xE9,
    0x53, 0xFA, 0x2B, 0x6F, 0xE8, 0xE9, 0x79, 0xCC, 0x9C, 0xC4, 0x7C, 0x1F, 0xD8, 0x05, 0x3C, 0x0B,
    0x79, 0xC9, 0xF8, 0x0F, 0x66, 0xC1, 0x27, 0xB4, 0x7F, 0x12, 0x32, 0x07, 0xB6, 0x80, 0x3F, 0xA1,
    0xF3, 0x26, 0x7E, 0xF1, 0x1D, 0x3C, 0x7A, 0x11, 0x6A, 0x09, 0x12, 0x10, 0x28, 0x56, 0xDD, 0xD6,
    0xD0, 0x5E, 0x6D, 0xA3, 0x93, 0xAE, 0x22, 0x3F, 0x9F, 0xC1, 0xBE, 0xF5, 0x19, 0x5C, 0xFF, 0xF5,
    0x27, 0xCD, 0x0B, 0x5F, 0x38, 0x9F, 0x4D, 0x3D, 0x74, 0xDD, 0xE2, 0xE5, 0xAB, 0x99, 0x58, 0x5F,
    0xCF, 0xD4, 0xC2, 0x35, 0x5D, 0xC1, 0x5F, 0x71, 0x7F, 0xAD, 0x19, 0x08, 0x9B, 0xC3, 0xCB, 0xF8,
    0xB9, 0x6A, 0x21, 0xDE, 0xD5, 0xF0, 0x46, 0x73, 0xBA, 0x7E, 0xA6, 0x8D, 0xA8, 0xDE, 0x41, 0xE2,
    0x5B, 0x24, 0xD2, 0x22, 0x52, 0x43, 0x34, 0x36, 0x97, 0x01, 0x06, 0x90, 0xAE, 0xDA, 0x0C, 0x98,
    0xC2, 0xC0, 0xCB, 0x94, 0x76, 0xD1, 0xC6, 0x88, 0x90, 0x94, 0x47, 0xC4, 0xC8, 0x27, 0xE0, 0xFC,
    0xF2, 0x32, 0xE4, 0xE8, 0x94, 0xB7, 0x07, 0x04, 0x21, 0x17, 0x56, 0xF2, 0x8D, 0x90, 0x97, 0x5C,
    0x4B, 0xB5, 0xFE, 0xC1, 0xEF, 0x1F, 0xBC, 0xFD, 0xF0, 0x45, 0xEF, 0xDB, 0x42, 0x0B, 0x48, 0x2D,
    0xF5, 0x93, 0xDF, 0xFB, 0xF2, 0x6B, 0xEE, 0xBF, 0x07, 0xB4, 0xEA, 0x95, 0x67, 0x96, 0xF6, 0x6B,
    0x7A, 0x07, 0x24, 0x7C, 0xDE, 0xD3, 0x50, 0xC0, 0x24, 0x68, 0x1D, 0x33, 0xA0, 0x59, 0x10, 0xA4,
    0x0C, 0x9E, 0x71, 0x18, 0x70, 0xBF, 0x0A, 0x30, 0x0D, 0x02, 0x8E, 0x93, 0x3B, 0x81, 0x89, 0x7B,
    0x50, 0x47, 0x75, 0x45, 0x9A, 0x9A, 0xCC, 0x62, 0x99, 0x45, 0xD2, 0x24, 0x3C, 0x95, 0x4E, 0x7C,
    0x24, 0x15, 0x44, 0x4D, 0x34, 0x86, 0x05, 0x78, 0x2D, 0x71, 0xD7, 0x3F, 0x53, 0x04, 0xB0, 0xED,
    0x23, 0xBD, 0xF4, 0xB2, 0xB9, 0x4D, 0x67, 0x61, 0x6C, 0xD4, 0x8B, 0x56, 0x09, 0x2B, 0x84, 0x85,
    0x34, 0xCE, 0x81, 0x9A, 0xDB, 0x80, 0x9B, 0xEE, 0x11, 0xBA, 0xF5, 0xA4, 0xEE, 0x8D, 0x8B, 0x8D,
    0xD6, 0x8C, 0xBC, 0x6A, 0xA5, 0xCE, 0x09, 0x24, 0x94, 0xC1, 0xEB, 0xC0, 0x09, 0xED, 0xBE, 0xC8,
    0x6C, 0x46, 0x99, 0xC8, 0xD7, 0x8D, 0xDB, 0x10, 0x84, 0xCD, 0xE3, 0xAF, 0x19, 0x1A, 0x19, 0xBE,
    0x66, 0xC4, 0xEF, 0xB5, 0x3C, 0xAA, 0x27, 0x7D, 0x3C, 0x70, 0x62, 0xE9, 0xE3, 0x6B, 0x7D, 0x42,
    0x88, 0x16, 0xBC, 0xB1, 0xF6, 0xC6, 0x46, 0x3E, 0x61, 0x76, 0x0B, 0xCD, 0x40, 0xF7, 0x82, 0x80,
    0xBB, 0xFB, 0x14, 0x14, 0xCF, 0xA5, 0x10, 0x79, 0x8C, 0x5E, 0x8E, 0xDD, 0x3B, 0xD1, 0xF9, 0x84,
    0x72, 0x82, 0x8E, 0x23, 0xD1, 0x78, 0x63, 0x80, 0x51, 0x13, 0x39, 0x9F, 0x69, 0x21, 0x6F, 0xA2,
    0x93, 0x60, 0xCE, 0xBA, 0xE8, 0x8E, 0x8C, 0xF5, 0x43, 0x4F, 0x61, 0x89, 0xE8, 0x34, 0xE1, 0x60,
    0x4F, 0x71, 0x3F, 0x94, 0xFB, 0xF7, 0xB8, 0x3C, 0x5A, 0x93, 0xA6, 0xE2, 0x65, 0x75, 0x69, 0x82,
    0x63, 0x50, 0x23, 0x1C, 0xB8, 0x82, 0xA4, 0x81, 0xD4, 0xC7, 0xD0, 0xC7, 0xA0, 0x8E, 0xC3, 0x17,
    0x8B, 0x10, 0xB8, 0xEF, 0x16, 0xFC, 0xA3, 0x3A, 0x94, 0xA6, 0x29, 0x4D, 0xCC, 0xBF, 0x8C, 0xEE,
    0x67, 0x5A, 0x7C, 0x8E, 0x02, 0xC4, 0xBE, 0x62, 0xDF, 0x15, 0xEB, 0xB4, 0xEB, 0x23, 0x28, 0x1D,
    0x75, 0xAB, 0x5B, 0x6C, 0xE3, 0x65, 0x32, 0xDB, 0x36, 0x52, 0x08, 0x16, 0x0D, 0xF2, 0x36, 0x8D,
    0x7D, 0xEE, 0xE2, 0x63, 0x18, 0xF8, 0xA6, 0x4B, 0x02, 0x7C, 0x2D, 0x06, 0x0E, 0x0D, 0x60, 0xBC,
    0x55, 0xA8, 0x73, 0xEB, 0xF8, 0xE3, 0x80, 0xC5, 0x32, 0x54, 0x9F, 0x66, 0xBA, 0xCA, 0x9E, 0xE2,
    0x95, 0x5B, 0x73, 0x79, 0x9A, 0xAC, 0x46, 0x0C, 0x7F, 0x30, 0x61, 0x43, 0x4A, 0x62, 0x8A, 0xF7,
    0x06, 0x3C, 0xB8, 0x4E, 0x6F, 0x10, 0xEB, 0x83, 0xD8, 0x43, 0xA2, 0x9A, 0x07, 0xFA, 0xB6, 0x9D,
    0x74, 0xFA, 0x9D, 0x3C, 0xED, 0x9F, 0xB7, 0x79, 0xFF, 0x46, 0x66, 0xED, 0x8D, 0xAB, 0xD7, 0xB3,
    0x3F, 0xDF, 0xFA, 0x91, 0x5E, 0x7D, 0xF6, 0x81, 0xC2, 0xAF, 0x16, 0xBD, 0x50, 0xEF, 0x30, 0xBD,
    0x8E, 0xBB, 0xF8, 0x08, 0x8F, 0xC5, 0x9E, 0x1C, 0xB5, 0x1C, 0x33, 0x43, 0xA6, 0x13, 0xEC, 0x40,
    0x8C, 0x47, 0x12, 0xC9, 0x24, 0xA2, 0x1A, 0xE2, 0xB5, 0x85, 0x7B, 0xDE, 0x78, 0x03, 0x83, 0x65,
    0xA4, 0x0E, 0x6C, 0x61, 0x23, 0x71, 0xC7, 0x7A, 0x37, 0x47, 0x32, 0xEB, 0x4A, 0xD3, 0x75, 0xEA,
    0x5A, 0x18, 0xF6, 0xC6, 0xA6, 0x70, 0x63, 0x24, 0xF2, 0x33, 0x4A, 0x47, 0x41, 0x41, 0x62, 0x5C,
    0x9C, 0x5D, 0x38, 0xC2, 0x62, 0xE8, 0xBA, 0xC8, 0xD4, 0x58, 0x33, 0x7A, 0x67, 0xCD, 0x21, 0x4C,
    0xAC, 0x35, 0x72, 0xA5, 0x45, 0xAE, 0x8C, 0xB0, 0xCA, 0xB8, 0xDC, 0x92, 0x99, 0x4F, 0xB2, 0xEA,
    0x50, 0xFA, 0x11, 0xF8, 0x0B, 0x23, 0x38, 0xC3, 0x1E, 0x81, 0x19, 0x54, 0x30, 0xAC, 0x30, 0xB9,
    0x04, 0xCF, 0x3B, 0x7D, 0xEF, 0x26, 0x1F, 0x2C, 0x48, 0xD5, 0x33, 0xBE, 0xEE, 0xF4, 0xC6, 0x79,
    0xF9, 0x4C, 0xBA, 0xF3, 0xCC, 0x4D, 0xED, 0xBD, 0x63, 0x76, 0x9E, 0x21, 0xC6, 0x4E, 0x46, 0x85,
    0x87, 0x9B, 0x22, 0x6F, 0x29, 0x13, 0xFE, 0xCB, 0x43, 0xF1, 0x5A, 0x57, 0x6C, 0x46, 0x48, 0x63,
    0x0C, 0xEB, 0xF4, 0x66, 0xDC, 0x27, 0xAE, 0xDE, 0x3D, 0x7F, 0x93, 0xB9, 0x6E, 0x91, 0xBA, 0x8C,
    0x26, 0x87, 0x56, 0x1A, 0x71, 0xE7, 0x27, 0xDA, 0xBB, 0xF9, 0x54, 0xE9, 0x61, 0x40, 0xB3, 0x75,
    0xDA, 0x0D, 0xD1, 0xBB, 0xBE, 0xA6, 0x29, 0x26, 0xC7, 0x43, 0x8A, 0x72, 0x77, 0xEB, 0x2A, 0xC1,
    0x07, 0x76, 0xB7, 0x8E, 0x3E, 0xF7, 0x2D, 0x28, 0xC4, 0x1D, 0x16, 0x67, 0xB3, 0xF0, 0x20, 0x2A,
    0x24, 0x39, 0x70, 0x55, 0x13, 0xC5, 0xBB, 0x7C, 0x71, 0xC5, 0x09, 0x34, 0xB0, 0xD4, 0x88, 0x46,
    0x3A, 0xCB, 0xFB, 0xAB, 0x10, 0x37, 0x58, 0xB6, 0xFE, 0xC0, 0xFB, 0xFF, 0x60, 0x9A, 0xBD, 0x45,
    0xDB, 0xDF, 0x60, 0x72, 0x2D, 0x38, 0x9B, 0x44, 0xC9, 0x2E, 0xE3, 0xC3, 0x7D, 0x98, 0x52, 0xBA,
    0x5D, 0xA2, 0x74, 0x17, 0x0D, 0x8B, 0x2B, 0x38, 0x02, 0xA6, 0x2C, 0x93, 0xF6, 0x6D, 0xF1, 0x36,
    0xC4, 0x6F, 0xBD, 0xE7, 0x21, 0x5E, 0x9A, 0x88, 0xE1, 0x1D, 0xAB, 0x44, 0x90, 0xC7, 0xA6, 0x13,
    0x48, 0x45, 0x59, 0x2B, 0x65, 0x53, 0xEC, 0x91, 0xD9, 0x10, 0xBD, 0xB3, 0x47, 0xEF, 0xB2, 0x44,
    0xAA, 0x4D, 0x5C, 0x16, 0x19, 0xAE, 0x08, 0x83, 0x3F, 0x7A, 0x5A, 0xBC, 0xB9, 0xA8, 0xC5, 0xB9,
    0xB3, 0xF0, 0x16, 0x7F, 0x05, 0xB9, 0x70, 0x8B, 0x45, 0xE9, 0x36, 0x73, 0x6C, 0x99, 0x1A, 0x64,
    0xCE, 0x9A, 0xE6, 0x36, 0xDA, 0xB9, 0x67, 0x63, 0x02, 0x15, 0x20, 0x68, 0x21, 0x88, 0xDD, 0x59,
    0xEF, 0xA2, 0x15, 0x21, 0x8E, 0x29, 0x00, 0xCF, 0xAA, 0x7B, 0x1A, 0x4B, 0xE4, 0x97, 0x81, 0x76,
    0x91, 0xB6, 0x9C, 0xBA, 0xF2, 0xA6, 0xB0, 0x5D, 0xEF, 0x56, 0x2E, 0x6F, 0xFE, 0x27, 0x77, 0xFF,
    0x87, 0xB5, 0x41, 0x01, 0xE6, 0x23, 0xC0, 0x41, 0x53, 0x88, 0x36, 0x2E, 0x44, 0x1B, 0x3A, 0xB3,
    0xD7, 0x07, 0xAE, 0xD6, 0x5C, 0x33, 0xF2, 0x6C, 0xA6, 0x1E, 0xB3, 0xFE, 0x42, 0xDE, 0xCB, 0xBB,
    0x45, 0xC9, 0xD3, 0xBC, 0xAC, 0x0A, 0x52, 0xEA, 0xF6, 0x52, 0xD4, 0xE6, 0x15, 0xD6, 0x21, 0x2C,
    0xF9, 0x3A, 0x67, 0x21, 0xA8, 0x96, 0x85, 0xA0, 0x37, 0x1E, 0x75, 0x98, 0x55, 0xE9, 0xFC, 0x7D,
    0x9A, 0x3C, 0xBB, 0x43, 0x71, 0xE1, 0xE7, 0xE9, 0x9C, 0x34, 0xAC, 0xB1, 0x19, 0xCE, 0x92, 0xE0,
    0x36, 0xE9, 0x9D, 0xA7, 0xC2, 0x3A, 0xE4, 0xF8, 0x24, 0x19, 0x76, 0x99, 0x9C, 0xD1, 0x33, 0x7E,
    0x88, 0x1E, 0x93, 0x06, 0x0D, 0x97, 0xEC, 0x2C, 0x0D, 0xBD, 0x17, 0xB7, 0xD8, 0x1D, 0x42, 0xAC,
    0x32, 0x3D, 0xAA, 0x9E, 0x0E, 0x14, 0x82, 0x0A, 0x7C, 0xA6, 0x27, 0x09, 0x58, 0x75, 0xD5, 0x53,
    0x72, 0x6F, 0xD3, 0x69, 0xD8, 0x3A, 0x46, 0xAC, 0x7E, 0x62, 0xB4, 0x07, 0x75, 0x39, 0xD8, 0x8B,
    0xEA, 0x44, 0xC2, 0x8D, 0x26, 0x93, 0x79, 0x04, 0xB5, 0xEE, 0x2A, 0x82, 0x99, 0x28, 0x83, 0xDF,
    0x79, 0xD8, 0xC0, 0xEF, 0x7F, 0x8A, 0x81, 0x64, 0x8F, 0x82, 0x4E, 0x51, 0xE2, 0x72, 0x6B, 0xCE,
    0x60, 0xC4, 0xCA, 0xD7, 0x65, 0x0F, 0x89, 0x57, 0x81, 0xC3, 0xC6, 0x45, 0xB7, 0xFD, 0x79, 0x41,
    0x43, 0x5C, 0xCB, 0xC0, 0xF8, 0x41, 0x88, 0xB0, 0x46, 0x9A, 0x7B, 0xDF, 0xDC, 0x6C, 0xC1, 0xD6,
    0x09, 0x87, 0x82, 0xFA, 0x2C, 0xD4, 0x05, 0xD7, 0x86, 0xDF, 0xAF, 0x66, 0xC6, 0xC9, 0x64, 0x93,
    0xFA, 0xCC, 0x04, 0x91, 0x60, 0xE1, 0x20, 0x66, 0x75, 0x97, 0xE5, 0xA2, 0xBC, 0x3A, 0x54, 0x47,
    0x21, 0xB5, 0x57, 0x5D, 0xE3, 0x53, 0xDA, 0x95, 0x45, 0xD7, 0x30, 0x5B, 0x44, 0x62, 0xBB, 0x65,
    0xA6, 0xB8, 0x83, 0xC7, 0x71, 0x68, 0xDE, 0xAD, 0x76, 0x7B, 0xC6, 0xAD, 0xA9, 0x69, 0x88, 0x57,
    0xEF, 0xF7, 0xD4, 0x74, 0xBB, 0x71, 0x7A, 0x19, 0xCB, 0xA7, 0x71, 0x36, 0x4E, 0x63, 0xBF, 0xAB,
    0x88, 0xF4, 0x50, 0x76, 0xA0, 0x66, 0x31, 0xB9, 0x17, 0xB5, 0x49, 0xCC, 0x28, 0x1C, 0x12, 0xFA,
    0xB9, 0x1F, 0xEB, 0xE3, 0xC7, 0x91, 0xCC, 0x7E, 0xC4, 0x51, 0xF9, 0x9E, 0xF1, 0x17, 0x4D, 0xA8,
    0x34, 0x55, 0x12, 0xB1, 0xE7, 0x05, 0x48, 0xEA, 0x88, 0x9E, 0xC6, 0xDC, 0x4B, 0xAE, 0x33, 0x1C,
    0xD0, 0x25, 0x53, 0xF4, 0xD8, 0xEF, 0xA1, 0x7A, 0x4E, 0x37, 0xA4, 0x71, 0x65, 0x9D, 0xCF, 0xFB,
    0x3A, 0xAA, 0x22, 0x69, 0x62, 0x25, 0x2F, 0xA7, 0x0B, 0xEF, 0x3D, 0xF8, 0x3E, 0xC2, 0xDD, 0x65,
    0x05, 0x4B, 0x8A, 0xBF, 0xF1, 0x34, 0x1A, 0xA3, 0xA2, 0x2B, 0x4C, 0xF4, 0x9D, 0x02, 0x8A, 0x1C,
    0x13, 0x7F, 0xCB, 0xFE, 0xC7, 0xA6, 0xB4, 0xB4, 0xE5, 0x07, 0x61, 0x10, 0xB7, 0x56, 0x36, 0xBE,
    0x4E, 0x1B, 0xF1, 0x74, 0x63, 0x24, 0xDC, 0xBC, 0x01, 0xBF, 0x86, 0xEA, 0x94, 0xAB, 0x02, 0x6B,
    0x99, 0x2B, 0x04, 0x51, 0xD1, 0xCA, 0x8B, 0x7E, 0x55, 0xE6, 0x70, 0x69, 0xDF, 0x79, 0xBC, 0xEC,
    0x5C, 0x9A, 0xC5, 0xA5, 0x9F, 0x7A, 0xEB, 0x99, 0x5C, 0xC8, 0xD4, 0x62, 0x26, 0xCF, 0x69, 0x71,
    0xDB, 0x4D, 0x01, 0xFE, 0x05, 0xB0, 0xAA, 0xB6, 0x95, 0x49, 0xA5, 0xEB, 0xF3, 0xEC, 0xE2, 0x7B,
    0x0A, 0x45, 0x6E, 0x93, 0xA5, 0xE6, 0xB4, 0xFF, 0x8A, 0x09, 0x16, 0x4D, 0x95, 0xDA, 0x51, 0xBA,
    0xE9, 0xA3, 0x19, 0x80, 0xE5, 0xD9, 0xCD, 0x38, 0x02, 0x93, 0xF5, 0x5D, 0xB8, 0x1C, 0x47, 0x49,
    0x92, 0xA6, 0x7F, 0xBF, 0xB2, 0x8F, 0xA3, 0x46, 0xDD, 0x35, 0x32, 0x5C, 0x2E, 0x98, 0x68, 0x17,
    0x4C, 0xA4, 0x8E, 0x09, 0xC7, 0x85, 0xD2, 0xCB, 0x1F, 0xB4, 0xEC, 0xE7, 0xEC, 0xC6, 0xD5, 0x1A,
    0x2A, 0x1D, 0xD4, 0x87, 0x68, 0x25, 0x68, 0xF2, 0x2D, 0x4A, 0xD9, 0x77, 0x9D, 0xE0, 0xB9, 0x7A,
    0x35, 0xAC, 0x35, 0xA3, 0x76, 0x69, 0xD9, 0x35, 0xAF, 0xB9, 0x63, 0x36, 0x78, 0xE5, 0x42, 0x1E,
    0x2C, 0xDA, 0xBC, 0xCA, 0x19, 0x23, 0x54, 0x0B, 0xB6, 0xE9, 0x7B, 0x59, 0x33, 0xE0, 0xA0, 0x52,
    0x95, 0x59, 0x52, 0x25, 0x26, 0x45, 0x46, 0xF0, 0x51, 0x1D, 0x7C, 0xB8, 0xD3, 0x65, 0xEF, 0xE6,
    0x4F, 0xC5, 0x90, 0xD3, 0xDD, 0x99, 0x70, 0xE2, 0x70, 0x87, 0x1C, 0x82, 0xF2, 0x3B, 0x2B, 0x37,
    0x72, 0x69, 0x87, 0xCA, 0x0C, 0x15, 0xD3, 0x58, 0xD8, 0xC0, 0xCB, 0x68, 0xAD, 0xF1, 0x3A, 0x42,
    0x5D, 0x96, 0xDD, 0x23, 0xDB, 0x43, 0xC5, 0x7F, 0x65, 0xEF, 0x14, 0xE6, 0x7E, 0x88, 0x92, 0x15,
    0x9E, 0xAC, 0xC6, 0x38, 0xB2, 0x52, 0xFD, 0x41, 0xF0, 0x69, 0xA7, 0xE4, 0x66, 0xA9, 0x64, 0x26,
    0xD8, 0xC5, 0x5A, 0xD8, 0xDC, 0xD5, 0xD0, 0x2A, 0xC7, 0x60, 0x29, 0x4A, 0xDB, 0x2B, 0xB9, 0x20,
    0x25, 0x21, 0x19, 0x6D, 0xBE, 0x0F, 0xC0, 0x14, 0x3D, 0x17, 0x94, 0xC8, 0x9C, 0x0F, 0x1C, 0x39,
    0x76, 0x82, 0x8A, 0x1B, 0x88, 0x4F, 0xA0, 0xF1, 0xAD, 0x32, 0xA8, 0x33, 0xBE, 0xBB, 0x1F, 0x4A,
    0xCE, 0x6F, 0x4C, 0x6E, 0x04, 0x7B, 0xE1, 0xCF, 0x40, 0x9D, 0x74, 0x88, 0x97, 0x6B, 0x59, 0x3A,
    0xD8, 0x8C, 0xAD, 0x04, 0x26, 0xAB, 0x1C, 0xB8, 0x6A, 0x2A, 0x0F, 0xAE, 0xEB, 0xCA, 0x97, 0x7E,
    0x89, 0xCA, 0xFA, 0x6F, 0x10, 0x3C, 0xB6, 0x81, 0xC0, 0xDB, 0x9E, 0x13, 0x54, 0x36, 0x72, 0xCD,
    0xE2, 0x2F, 0x8E, 0x49, 0x27, 0x5B, 0xD6, 0xEE, 0x2F, 0xC2, 0x0F, 0xB0, 0x5C, 0x50, 0xE3, 0x71,
    0x58, 0x62, 0x4D, 0x4C, 0x6A, 0x45, 0x73, 0x9F, 0x41, 0xAB, 0x83, 0xB0, 0x8F, 0x80, 0x85, 0xA3,
    0x18, 0x90, 0x66, 0x5D, 0x9A, 0xAD, 0x69, 0xC8, 0xB1, 0x99, 0xF0, 0xF5, 0xAE, 0xB0, 0xB0, 0x30,
    0x2C, 0x74, 0xB8, 0x40, 0xEF, 0x38, 0x5E, 0x01, 0xCF, 0xB8, 0xA9, 0x76, 0x3B, 0x35, 0x03, 0x5C,
    0xC4, 0xF3, 0x05, 0x28, 0x4E, 0x33, 0x11, 0x0E, 0x33, 0x18, 0x63, 0xFF, 0x6D, 0x79, 0xFD, 0x72,
    0x24, 0xA6, 0x9A, 0x78, 0x2C, 0x8B, 0x8D, 0x9D, 0xCC, 0xF6, 0x29, 0xED, 0x7D, 0xE0, 0xF4, 0x37,
    0x77, 0x56, 0xCF, 0x5F, 0xC2, 0xBE, 0xFD, 0xF8, 0x27, 0x9D, 0x57, 0x5D, 0x68, 0x1C, 0xD7, 0x15,
    0xFE, 0xEE, 0x8C, 0xB4, 0xD7, 0xD2, 0x64, 0x77, 0x16, 0xA2, 0x80, 0xE2, 0xEC, 0xEC, 0xA6, 0xB0,
    0x0F, 0xAA, 0x3B, 0x9B, 0x55, 0x41, 0xD0, 0x79, 0x98, 0xD8, 0x47, 0x55, 0x5A, 0x3F, 0x84, 0xC2,
    0x06, 0x12, 0xF2, 0x54, 0xD7, 0x21, 0x29, 0x6D, 0x15, 0x12, 0x6F, 0xE9, 0xA8, 0xC8, 0x75, 0xAD,
    0xBD, 0xA4, 0x90, 0x3C, 0x14, 0x9A, 0xA1, 0x6E, 0xE9, 0x4B, 0x7F, 0x24, 0xE2, 0x17, 0x0B, 0xDA,
    0x6E, 0xC3, 0x06, 0x02, 0xB5, 0xAA, 0x5B, 0xFA, 0x90, 0x87, 0xBC, 0x5C, 0x3B, 0xA4, 0x7E, 0x6A,
    0x3B, 0x41, 0x76, 0xDC, 0x07, 0x27, 0x28, 0x64, 0x5B, 0xEC, 0x80, 0xBC, 0x3D, 0x77, 0x56, 0xA2,
    0x12, 0x2D, 0xD1, 0xC6, 0x33, 0x77, 0xAF, 0x46, 0xBB, 0xDF, 0x39, 0xF7, 0xDC, 0x73, 0xCE, 0x77,
    0xCE, 0x1D, 0x40, 0x92, 0x47, 0x02, 0xE3, 0x98, 0xC0, 0x7D, 0xA8, 0x20, 0x44, 0x84, 0x39, 0x24,
    0xE8, 0x01, 0x0F, 0x8B, 0x37, 0xBD, 0xDF, 0x05, 0xA7, 0xA2, 0x34, 0xD1, 0x6F, 0xA8, 0x37, 0xE8,
    0xFB, 0x8F, 0x9D, 0xE8, 0xC9, 0x56, 0x01, 0xF6, 0x6A, 0x66, 0xC8, 0x12, 0x61, 0x66, 0x85, 0x06,
    0x8F, 0xC2, 0x0D, 0x8C, 0xDF, 0x00, 0x0C, 0x84, 0x81, 0x43, 0xF0, 0x6E, 0xA4, 0x9F, 0xDF, 0x24,
    0x8C, 0x81, 0xC6, 0xCE, 0xDD, 0x9A, 0xAB, 0xB7, 0x2B, 0xA7, 0x2B, 0x73, 0xF5, 0xCE, 0xAD, 0xD6,
    0x58, 0xE7, 0x71, 0xD3, 0x70, 0x29, 0x28, 0xA0, 0x74, 0x1F, 0xBC, 0x3A, 0xE4, 0x69, 0x9C, 0xF9,
    0x27, 0xA4, 0xC2, 0xEF, 0xAF, 0xC3, 0x03, 0x7C, 0x60, 0xD3, 0x40, 0x99, 0xFC, 0xE2, 0x35, 0xF6,
    0x9E, 0xBE, 0x03, 0xF7, 0x17, 0x4A, 0x3A, 0x4A, 0x02, 0xD2, 0x60, 0xF2, 0x36, 0xA6, 0x57, 0x10,
    0x78, 0xA8, 0x9D, 0x84, 0xBC, 0x03, 0x5C, 0x06, 0x1B, 0xDD, 0xAA, 0xA0, 0x97, 0xA0, 0x99, 0xA2,
    0x45, 0x7F, 0x30, 0x2D, 0xB2, 0x16, 0x8A, 0xCD, 0xEB, 0xBC, 0xB3, 0x00, 0xC1, 0xD1, 0x0B, 0x54,
    0x6F, 0xAF, 0xA9, 0x59, 0x03, 0xFD, 0x45, 0x03, 0x63, 0x3F, 0xF6, 0xB9, 0xDE, 0x7D, 0x46, 0x55,
    0xAA, 0x17, 0xC8, 0x62, 0x2C, 0x96, 0x1D, 0x80, 0xA3, 0x69, 0x62, 0xD6, 0xF4, 0x55, 0xFD, 0xBE,
    0xF9, 0x66, 0xEA, 0x1C, 0x29, 0xCE, 0x9D, 0xCD, 0x3E, 0xD6, 0xDF, 0xD5, 0x73, 0x66, 0xAA, 0xF5,
    0xD4, 0x93, 0x8B, 0xBF, 0x45, 0x91, 0xEF, 0x89, 0x07, 0x68, 0x53, 0xE5, 0x2E, 0xF8, 0xEF, 0x0A,
    0xEB, 0x0B, 0x54, 0x5F, 0xBA, 0xA2, 0x66, 0x93, 0x55, 0x3D, 0xBB, 0x64, 0xCC, 0xEC, 0x39, 0x32,
    0xB3, 0x4B, 0x5A, 0xD7, 0x93, 0xF7, 0x54, 0x70, 0xE9, 0x5B, 0x07, 0x56, 0x38, 0xB6, 0x4E, 0x0F,
    0x3C, 0xC5, 0xF6, 0x75, 0xE8, 0x8A, 0x36, 0x7A, 0x4D, 0x37, 0xD9, 0xF3, 0x2E, 0xB9, 0xF4, 0xF4,
    0xCF, 0x9E, 0xBF, 0x64, 0xFF, 0x3A, 0xAC, 0x77, 0xB0, 0x53, 0xB8, 0x58, 0x0A, 0xC7, 0x43, 0x0E,
    0x83, 0x29, 0x3C, 0x16, 0x3C, 0x77, 0x6C, 0xB5, 0x90, 0x86, 0xC9, 0x58, 0xB7, 0x90, 0x8E, 0x9B,
    0x56, 0xB6, 0x66, 0x8E, 0xE5, 0x1A, 0xEB, 0xEC, 0xF8, 0xC4, 0xD1, 0x5D, 0x57, 0x65, 0x92, 0x32,
    0x39, 0x6F, 0x3C, 0xA1, 0x7D, 0x57, 0xFB, 0x9E, 0xAA, 0xFD, 0xBB, 0x3F, 0x43, 0x14, 0x01, 0x8F,
    0xE6, 0x63, 0x72, 0x3D, 0x3D, 0x71, 0x93, 0x3A, 0x5B, 0x76, 0x9C, 0xD8, 0xA2, 0xE6, 0x16, 0x15,
    0xB6, 0x08, 0xCF, 0xFE, 0xCF, 0x78, 0x8D, 0x9C, 0xAB, 0x19, 0x92, 0x5E, 0x19, 0x9C, 0x09, 0x92,
    0x6D, 0x59, 0x81, 0x50, 0x0F, 0xA9, 0xFB, 0x79, 0x35, 0xC9, 0xE1, 0x29, 0x61, 0x91, 0x8E, 0x9A,
    0x24, 0xEB, 0x6E, 0x67, 0xE6, 0x75, 0xFD, 0x20, 0x8E, 0x3C, 0x5C, 0x9C, 0x93, 0x15, 0xF9, 0xF5,
    0x52, 0x34, 0xB3, 0xFA, 0x04, 0x09, 0x55, 0xC4, 0x43, 0x6A, 0x06, 0xF7, 0x53, 0x9B, 0x65, 0x0D,
    0xA4, 0xF3, 0x55, 0x78, 0x85, 0x1A, 0x4A, 0x95, 0xE7, 0xB1, 0xD8, 0xFB, 0x09, 0xF0, 0xDA, 0x29,
    0x12, 0x7F, 0x7E, 0x81, 0xB5, 0x86, 0x98, 0xE4, 0x88, 0x0A, 0x55, 0x61, 0xFC, 0x1C, 0xE3, 0x57,
    0x21, 0xE7, 0x35, 0xA4, 0xBB, 0x08, 0x6F, 0x62, 0x4B, 0x95, 0x2A, 0x0B, 0x6A, 0xB1, 0x27, 0x09,
    0x86, 0x7D, 0xA6, 0x9E, 0x81, 0x14, 0xD7, 0x50, 0x74, 0xD6, 0x31, 0x99, 0x4E, 0x60, 0xA6, 0x5B,
    0xC1, 0x54, 0x77, 0x0E, 0x05, 0x65, 0x50, 0xB8, 0xF2, 0x32, 0xE8, 0x66, 0x0D, 0xEF, 0xFD, 0x8D,
    0xF5, 0x7F, 0x9B, 0xF5, 0x7F, 0xEF, 0x14, 0xE1, 0xCA, 0x0B, 0xE4, 0xB0, 0xFE, 0x02, 0xEB, 0xE7,
    0xCB, 0xA6, 0x70, 0x19, 0x2D, 0xA4, 0x42, 0x57, 0x29, 0xC1, 0x36, 0xB2, 0xB9, 0xED, 0x64, 0x25,
    0x13, 0x9C, 0x45, 0x04, 0x97, 0x63, 0x98, 0x87, 0x91, 0x33, 0xD6, 0xE5, 0xA4, 0xCA, 0x50, 0xC9,
    0x50, 0xDF, 0x46, 0xBB, 0x0B, 0xD3, 0x13, 0x83, 0xBE, 0x8B, 0x64, 0x02, 0x51, 0x05, 0xF1, 0xE6,
    0xFC, 0x5D, 0xE0, 0x41, 0xAB, 0x0D, 0xE9, 0xC8, 0xF8, 0x55, 0xB8, 0x3D, 0x4C, 0x4C, 0x8F, 0x8A,
    0x67, 0x93, 0xE0, 0xBD, 0x0F, 0x8C, 0x9D, 0xDF, 0x4D, 0x2C, 0xCE, 0x7E, 0x16, 0xB2, 0x52, 0x56,
    0xCC, 0xCA, 0x59, 0x41, 0x96, 0x04, 0x8B, 0x82, 0x65, 0x39, 0x42, 0x11, 0xA7, 0x7D, 0x8C, 0x7C,
    0xB9, 0xF1, 0x31, 0x78, 0x81, 0x9D, 0x47, 0x5D, 0x2F, 0x45, 0x81, 0x55, 0x30, 0x01, 0xB7, 0x47,
    0x00, 0x0F, 0x06, 0x1A, 0xF8, 0xB5, 0x25, 0xFA, 0xAF, 0x84, 0x82, 0xDB, 0xE0, 0x45, 0x26, 0x42,
    0x9E, 0xA6, 0x8F, 0x5F, 0x64, 0xB3, 0xCE, 0x3E, 0xC9, 0x09, 0xDB, 0x07, 0xD3, 0x9E, 0x0B, 0x46,
    0x01, 0xDB, 0x05, 0x04, 0xC8, 0x8A, 0xD8, 0x7C, 0x7C, 0xB0, 0x93, 0xEF, 0xE5, 0x4C, 0x5F, 0x64,
    0x3F, 0x94, 0x14, 0x31, 0xB9, 0x59, 0x32, 0xCE, 0xC7, 0x32, 0xD8, 0x7A, 0x7E, 0xA0, 0xAA, 0xD0,
    0x72, 0x40, 0xEC, 0xAE, 0xE1, 0x57, 0x92, 0xF7, 0x3A, 0xC9, 0xE1, 0xE1, 0x5D, 0x58, 0x0A, 0x3B,
    0xAC, 0xA2, 0x57, 0xC4, 0x76, 0x11, 0x19, 0x04, 0x8F, 0x4F, 0x52, 0xE7, 0x5D, 0x72, 0xB5, 0x8D,
    0x9D, 0xA4, 0xBA, 0x47, 0xED, 0xCE, 0x20, 0xB3, 0x81, 0x19, 0x16, 0x9D, 0x11, 0xF1, 0x0C, 0x96,
    0x5D, 0x4C, 0xD7, 0x47, 0xC5, 0x8F, 0x95, 0x11, 0x26, 0x98, 0x2A, 0x8F, 0x8A, 0xE7, 0xBD, 0xB4,
    0x81, 0x29, 0xBB, 0x75, 0x87, 0x43, 0xC3, 0x4E, 0xE1, 0xC0, 0x0D, 0xF1, 0x6C, 0x26, 0x83, 0x77,
    0xF1, 0xF0, 0x08, 0x1D, 0x93, 0xE7, 0x62, 0xC0, 0x11, 0x1E, 0x19, 0xCF, 0x4E, 0xFC, 0x13, 0xC4,
    0x4B, 0x23, 0xE3, 0xE7, 0xE1, 0x5C, 0x23, 0x31, 0x3F, 0x2A, 0xDE, 0x19, 0x70, 0x9D, 0xEA, 0x55,
    0x19, 0xC5, 0xFF, 0x73, 0x61, 0x11, 0x99, 0x54, 0xDE, 0x27, 0x52, 0x15, 0xDE, 0xE5, 0x8A, 0xA0,
    0x3D, 0xC6, 0x56, 0x19, 0xFC, 0x28, 0xBC, 0xF9, 0x3E, 0x3A, 0x03, 0xCB, 0x20, 0xF6, 0xBC, 0xFB,
    0x2F, 0xC2, 0xF8, 0x23, 0x79, 0xB8, 0x9D, 0xBE, 0xBC, 0x8D, 0xCB, 0x9C, 0x2C, 0x1B, 0x9C, 0x2B,
    0x7F, 0x77, 0x48, 0xBC, 0xBD, 0x40, 0xE2, 0x95, 0x1F, 0xC1, 0x59, 0x78, 0x0B, 0xEE, 0xFC, 0x5F,
    0x39, 0x77, 0xEF, 0x70, 0x7C, 0xCF, 0x73, 0x98, 0x63, 0x74, 0x54, 0x98, 0x07, 0xDB, 0x25, 0xA6,
    0x7A, 0x9E, 0x2B, 0x99, 0x63, 0x62, 0x49, 0x55, 0x1F, 0x7E, 0x03, 0x7E, 0x6C, 0x47, 0x75, 0x19,
    0x8D, 0x08, 0x71, 0xCC, 0x36, 0x39, 0x46, 0xDE, 0x25, 0xE6, 0xB3, 0xA5, 0xD7, 0x5E, 0xC8, 0x47,
    0x15, 0xE1, 0x8D, 0x7A, 0x06, 0xD3, 0xA7, 0x3F, 0x83, 0x08, 0x17, 0xEB, 0xE6, 0x2F, 0xF1, 0xB9,
    0xFE, 0x67, 0x10, 0xE1, 0x5C, 0x09, 0x12, 0x3B, 0x8F, 0x2C, 0x42, 0x63, 0xDD, 0x30, 0xEC, 0x7A,
    0xDA, 0xD3, 0x61, 0xB7, 0x1D, 0xD2, 0x98, 0x5D, 0xF6, 0xCC, 0xAD, 0x5C, 0xF2, 0x45, 0x5F, 0xBC,
    0xDA, 0x70, 0xFD, 0x78, 0xC2, 0x8F, 0xA7, 0xAB, 0xCB, 0xED, 0x46, 0x64, 0xE2, 0xE3, 0xD4, 0xAB,
    0x39, 0xC6, 0xBF, 0x4B, 0x53, 0xBC, 0xD8, 0x0C, 0x6C, 0xE3, 0xCB, 0xED, 0xB4, 0x57, 0xC7, 0x6C,
    0x92, 0xCF, 0x5F, 0x96, 0xB8, 0x6B, 0x04, 0x98, 0xE5, 0x3C, 0x69, 0x73, 0x2B, 0x3F, 0xCD, 0xAC,
    0x4A, 0x99, 0x5C, 0x9A, 0x69, 0xC2, 0x1F, 0x76, 0xF3, 0x32, 0x87, 0xBA, 0xB6, 0x33, 0x8C, 0xDB,
    0xB0, 0xD0, 0x90, 0xAD, 0xF7, 0xF7, 0xAE, 0x83, 0x9F, 0x51, 0xE5, 0x0A, 0xF1, 0x5C, 0x7A, 0xEF,
    0x3A, 0xCA, 0x3C, 0x2D, 0xB1, 0x2D, 0xC3, 0xCE, 0x7D, 0xCF, 0x76, 0x94, 0x76, 0x89, 0xD7, 0x79,
    0xF9, 0x76, 0x03, 0xA6, 0x2A, 0x94, 0x2F, 0x21, 0xBF, 0x06, 0x79, 0x11, 0x6E, 0x76, 0x20, 0xD7,
    0xCF, 0x64, 0x7B, 0x64, 0xD8, 0x4C, 0x91, 0xF5, 0x84, 0x89, 0x84, 0x89, 0x1D, 0xBD, 0xEC, 0xEA,
    0x9E, 0x7B, 0xCD, 0xC8, 0x9F, 0xE7, 0x64, 0xE0, 0xDA, 0x22, 0xD6, 0x59, 0xEF, 0x82, 0x42, 0x89,
    0x13, 0x3A, 0x60, 0x05, 0x1B, 0x4D, 0x85, 0x90, 0x19, 0x1E, 0xF1, 0x6F, 0x11, 0x4B, 0x27, 0xC7,
    0x99, 0xED, 0x8C, 0x7D, 0x9D, 0x9D, 0x78, 0xF3, 0x24, 0xE1, 0x9D, 0x0F, 0xD8, 0xA5, 0x65, 0xBB,
    0x54, 0xEE, 0x96, 0x95, 0x5D, 0x17, 0x77, 0x77, 0x09, 0x2E, 0x3E, 0x54, 0xDE, 0x82, 0x0A, 0x24,
    0x71, 0x78, 0x23, 0x0F, 0x89, 0x8F, 0xA4, 0x8A, 0xE8, 0x14, 0x9A, 0xAF, 0x1A, 0x88, 0xBD, 0x1D,
    0x8C, 0x82, 0xDC, 0x57, 0x04, 0x0E, 0x41, 0xB6, 0xE0, 0xDC, 0xD1, 0x4E, 0x8D, 0x0E, 0x45, 0x72,
    0x89, 0x70, 0xDE, 0x26, 0xF1, 0x95, 0x11, 0x74, 0x72, 0xE6, 0x5D, 0x03, 0xFE, 0x02, 0x9C, 0x1F,
    0x01, 0x6C, 0x6B, 0xC2, 0x87, 0xE7, 0x94, 0xE7, 0x5E, 0x35, 0x81, 0xFB, 0x92, 0x8E, 0xE5, 0x49,
    0xB5, 0xEC, 0x6F, 0x30, 0x8C, 0x90, 0xD4, 0xB8, 0x09, 0x7C, 0xE1, 0xCB, 0x54, 0xBB, 0xBA, 0xC3,
    0xC8, 0xF2, 0x10, 0x0A, 0xCF, 0x43, 0x30, 0xBE, 0xDB, 0x25, 0x92, 0x7C, 0x8E, 0xA7, 0x51, 0xEB,
    0xE7, 0x55, 0x22, 0x3F, 0x60, 0xDA, 0xCD, 0xA4, 0x9C, 0x11, 0xEC, 0x28, 0x67, 0xC7, 0xF3, 0x03,
    0x3F, 0x6E, 0xAC, 0x5C, 0x3F, 0xCB, 0xC0, 0x78, 0xBA, 0xD6, 0xE7, 0xC6, 0xB1, 0xBF, 0xA2, 0xEE,
    0xC0, 0xF3, 0x11, 0xF8, 0x88, 0x1B, 0x58, 0xB9, 0x8E, 0xB3, 0xFB, 0xD4, 0xD9, 0x0E, 0xC3, 0xE5,
    0x67, 0x03, 0x7C, 0x50, 0x39, 0x14, 0x69, 0x9D, 0xF3, 0xD6, 0xAE, 0x73, 0x3E, 0x1D, 0x99, 0x84,
    0x13, 0xB8, 0x1C, 0x47, 0x49, 0xD2, 0xED, 0x7E, 0xB4, 0x51, 0xE6, 0x33, 0x2B, 0x1D, 0x81, 0x3D,
    0xA3, 0xC6, 0x9C, 0xBC, 0x09, 0xDF, 0x5D, 0xBE, 0x3F, 0xE2, 0x55, 0xCB, 0x6C, 0x66, 0x55, 0x5B,
    0xCE, 0x34, 0xF9, 0xDC, 0x5B, 0x62, 0x8B, 0x03, 0x36, 0x27, 0x44, 0x4C, 0x4D, 0xAE, 0x02, 0x53,
    0xAD, 0x28, 0x2B, 0xB7, 0xFE, 0xFF, 0x6F, 0x82, 0x08, 0x7F, 0x24, 0xF6, 0xBD, 0x38, 0x09, 0x3C,
    0x4D, 0xF2, 0x37, 0xAA, 0xEA, 0xEA, 0xD0, 0xD5, 0x91, 0xAB, 0x98, 0x0F, 0x89, 0x87, 0x28, 0x40,
    0xAD, 0x97, 0xEF, 0xAF, 0x0C, 0x71, 0x47, 0x0D, 0x83, 0xDF, 0x6C, 0x92, 0x7F, 0x41, 0xF9, 0x0B,
    0xAA, 0xC4, 0x67, 0x47, 0x49, 0xA1, 0x87, 0xD0, 0x07, 0x37, 0xE5, 0xC4, 0xCB, 0xA3, 0x74, 0xB0,
    0x6B, 0x79, 0x8C, 0x71, 0x75, 0xEC, 0x32, 0x21, 0x54, 0x92, 0xEB, 0x8C, 0x83, 0x3D, 0x9F, 0xED,
    0x4B, 0xD2, 0x43, 0x90, 0xE1, 0x81, 0x4E, 0xF5, 0x69, 0xC8, 0x16, 0xDB, 0xB9, 0x9B, 0xA4, 0x87,
    0x20, 0x87, 0x71, 0x98, 0x1F, 0x41, 0x27, 0xE7, 0x8B, 0xED, 0x10, 0x7C, 0x6E, 0xBF, 0x64, 0x0F,
    0x27, 0x32, 0xAF, 0x2C, 0xA9, 0x33, 0x50, 0x56, 0xC8, 0xD7, 0xF1, 0x97, 0xF4, 0xF2, 0x05, 0xB5,
    0xF4, 0x0A, 0xFD, 0x20, 0x17, 0x3A, 0xD1, 0xC7, 0x13, 0x74, 0x80, 0xAB, 0x4D, 0x3E, 0x4D, 0x3B,
    0xBA, 0xE4, 0xAA, 0xE2, 0x9E, 0xC3, 0xE2, 0x1A, 0xE2, 0x6F, 0xA0, 0xF6, 0xE3, 0x7D, 0x5C, 0x9D,
    0x1A, 0x01, 0xC9, 0xB9, 0x78, 0x0E, 0xE2, 0xA7, 0x74, 0x38, 0x72, 0x9E, 0xC4, 0x96, 0xE2, 0xF9,
    0x70, 0xA4, 0x3D, 0x3E, 0xAD, 0x0E, 0x9B, 0xA6, 0x93, 0x85, 0xE8, 0x06, 0x48, 0x2A, 0xF9, 0x81,
    0xAD, 0x8E, 0x46, 0x1B, 0x41, 0x0A, 0x5F, 0xD9, 0x17, 0xAA, 0xA2, 0xE5, 0x2A, 0x77, 0x7A, 0x7E,
    0x17, 0x2B, 0xA4, 0xBB, 0xEC, 0xE1, 0xDA, 0xE4, 0xFC, 0x43, 0xBB, 0x6B, 0x46, 0x6A, 0xFB, 0xDE,
    0xE0, 0x09, 0xE3, 0x3B, 0x86, 0x17, 0xB2, 0x2F, 0x54, 0x6F, 0x22, 0x24, 0xAB, 0x3A, 0x1A, 0x96,
    0xAE, 0x7D, 0xED, 0x6C, 0xC4, 0x55, 0xFE, 0x03, 0xA5, 0x58, 0x4D, 0x6C, 0x1B, 0xC7, 0x15, 0xFE,
    0x66, 0x57, 0xE6, 0x40, 0xDA, 0x90, 0xAB, 0x03, 0x51, 0xC8, 0x0E, 0x97, 0xF4, 0x81, 0x07, 0xB5,
    0x21, 0x4D, 0xA3, 0x60, 0x01, 0xB6, 0xD9, 0xD4, 0x23, 0x2B, 0x48, 0x4F, 0x05, 0x88, 0x1E, 0x7A,
    0xE9, 0x9F, 0x12, 0x18, 0x28, 0x90, 0x1C, 0xAC, 0xC3, 0x06, 0x50, 0x50, 0x5B, 0xDC, 0x24, 0x80,
    0x73, 0xE8, 0xA1, 0x6C, 0x0A, 0xB4, 0x87, 0x5C, 0x74, 0x08, 0x82, 0xB6, 0xEE, 0x81, 0x28, 0x78,
    0x70, 0x5B, 0x09, 0xDE, 0x38, 0x40, 0x7B, 0x68, 0x0F, 0xEB, 0x06, 0x4E, 0x8A, 0x16, 0x6D, 0xF6,
    0xA0, 0x16, 0x68, 0x91, 0x26, 0x34, 0xC0, 0x00, 0xB2, 0x1B, 0x89, 0xFD, 0x66, 0x96, 0xB4, 0x25,
    0x57, 0x16, 0x57, 0xAE, 0x44, 0xD2, 0x96, 0x34, 0xEF, 0x7B, 0xEF, 0xCD, 0xBC, 0xF7, 0xBD, 0x6F,
    0x16, 0x00, 0x9C, 0x4F, 0xF9, 0x01, 0x11, 0xC3, 0x8E, 0x31, 0x97, 0xA0, 0x94, 0xA0, 0x3A, 0xC0,
    0x6A, 0x0F, 0x71, 0x5F, 0x8C, 0x86, 0x36, 0x82, 0x59, 0xB4, 0x4A, 0xF0, 0xAF, 0x2F, 0xED, 0xE9,
    0x55, 0x23, 0xA5, 0x3F, 0x3F, 0x0A, 0x9D, 0xE5, 0xD0, 0x93, 0xCA, 0x97, 0xAA, 0xE5, 0x20, 0x70,
    0x11, 0x94, 0xD1, 0xFA, 0x36, 0x1A, 0x3F, 0x88, 0x21, 0x80, 0x13, 0x33, 0x90, 0xDF, 0x84, 0xB5,
    0x9D, 0x15, 0x76, 0x49, 0x89, 0xF7, 0x15, 0x2E, 0x63, 0x3A, 0x72, 0xA6, 0x20, 0x2F, 0x00, 0xB1,
    0x5E, 0x89, 0xCD, 0x29, 0x80, 0x27, 0x81, 0xC0, 0xBC, 0xCE, 0x71, 0x61, 0x13, 0xD8, 0x80, 0x08,
    0x75, 0x10, 0x17, 0x87, 0x22, 0xB9, 0xC4, 0xE5, 0x2E, 0x50, 0x07, 0x7C, 0xF3, 0x5A, 0x03, 0x5A,
    0xFA, 0x3F, 0xAA, 0x2C, 0x22, 0xC9, 0x4D, 0x98, 0x07, 0xA4, 0x42, 0x01, 0xA8, 0x6A, 0x0B, 0xEB,
    0x23, 0x38, 0x0E, 0xBC, 0x13, 0xE3, 0x95, 0x81, 0xF9, 0xF4, 0x17, 0x50, 0x19, 0x42, 0x28, 0x13,
    0xB6, 0xDC, 0xC0, 0x42, 0xF5, 0x18, 0xE0, 0x1E, 0xF0, 0x3D, 0x88, 0x57, 0x54, 0x06, 0xF0, 0x2E,
    0x2C, 0x26, 0xAB, 0x8E, 0x01, 0xBE, 0x60, 0xFE, 0x5C, 0xCC, 0x10, 0xB9, 0xF5, 0x0C, 0x1D, 0x7C,
    0xC8, 0x75, 0x43, 0x20, 0x75, 0x00, 0x7A, 0x60, 0xEA, 0x2D, 0xD0, 0x87, 0x46, 0xD1, 0x86, 0xE6,
    0x4D, 0x3B, 0xED, 0x48, 0x7B, 0x02, 0x5D, 0x41, 0xFB, 0xD2, 0xCE, 0x70, 0xBA, 0x8D, 0xCF, 0x85,
    0xA8, 0x1C, 0xDF, 0x9B, 0x35, 0x62, 0x09, 0xF5, 0xCB, 0x40, 0xCF, 0x51, 0x48, 0xA4, 0x12, 0x89,
    0x0C, 0x45, 0x2C, 0x43, 0x2B, 0x92, 0xCA, 0x8E, 0x1C, 0xD8, 0x61, 0x99, 0x91, 0x3C, 0x05, 0x67,
    0x69, 0x88, 0xCE, 0x88, 0x47, 0x97, 0xFB, 0xB1, 0x82, 0xF8, 0x33, 0x31, 0xFE, 0x44, 0xE3, 0x08,
    0xE2, 0xE3, 0x08, 0x3C, 0x7C, 0xF0, 0xF4, 0xC1, 0xE3, 0x07, 0xCF, 0x5F, 0x17, 0x80, 0xAE, 0x00,
    0x5D, 0x02, 0xA6, 0x06, 0x74, 0x55, 0x1D, 0xE6, 0xC7, 0xB9, 0x2B, 0xC3, 0xDC, 0xAD, 0x87, 0xF9,
    0xE9, 0xEA, 0x23, 0x7D, 0x61, 0xC8, 0x8D, 0x17, 0x57, 0x23, 0xF9, 0x15, 0x5D, 0x5F, 0xB5, 0xB4,
    0xBE, 0x0A, 0x07, 0x0B, 0x96, 0x5F, 0x95, 0xA1, 0x49, 0x65, 0x17, 0xFD, 0x3C, 0x06, 0x79, 0x24,
    0xDC, 0x40, 0x88, 0xBB, 0x5D, 0xEB, 0x16, 0xB1, 0x09, 0x4D, 0xE4, 0xAA, 0xA3, 0x56, 0x3B, 0xA3,
    0xE4, 0x5E, 0x7B, 0x59, 0xBB, 0x70, 0x5C, 0x78, 0x2E, 0xFC, 0x3A, 0xD6, 0xB7, 0xF1, 0xD2, 0x03,
    0xBB, 0x54, 0x2C, 0xC2, 0x5B, 0x85, 0x13, 0x67, 0x84, 0x15, 0x4B, 0x10, 0xEF, 0x03, 0xBF, 0xC2,
    0x74, 0x64, 0x4B, 0x81, 0xC6, 0x42, 0x65, 0x0D, 0xB8, 0xC8, 0x73, 0x2C, 0x6A, 0x54, 0xC7, 0xF5,
    0x5C, 0xBF, 0xBE, 0xBE, 0xFD, 0x12, 0xF1, 0xFC, 0x85, 0xCA, 0x50, 0xA8, 0x4C, 0xF6, 0x39, 0xA0,
    0x04, 0xD4, 0xB8, 0x47, 0xE1, 0x61, 0x28, 0x56, 0x57, 0xC2, 0x81, 0xE4, 0xBA, 0x59, 0x58, 0xD7,
    0x34, 0x4C, 0xC6, 0xB8, 0x58, 0x71, 0x67, 0x22, 0x53, 0xA0, 0xD3, 0x32, 0x3E, 0xD0, 0x99, 0x3B,
    0x22, 0xA9, 0xCB, 0xD0, 0xBB, 0xDF, 0x3C, 0xE2, 0x67, 0x6B, 0x62, 0xA7, 0x85, 0x9E, 0x8F, 0x41,
    0x99, 0x85, 0x31, 0xEA, 0xEA, 0x6C, 0x59, 0x44, 0x4F, 0x28, 0xFC, 0x90, 0x11, 0x2F, 0xE2, 0x37,
    0xBF, 0xB0, 0x6E, 0x44, 0xF6, 0x52, 0x24, 0x97, 0x23, 0xFB, 0x35, 0x25, 0xEE, 0xE8, 0x8C, 0x9C,
    0x37, 0x75, 0xE9, 0x37, 0x65, 0xD8, 0xB3, 0x55, 0xE0, 0xA0, 0xB1, 0x03, 0xCC, 0x14, 0x91, 0x0F,
    0x20, 0xE3, 0x63, 0x78, 0x99, 0x6F, 0xE3, 0xC5, 0x08, 0x15, 0x75, 0x0C, 0x2F, 0x24, 0xAF, 0xFB,
    0x44, 0x90, 0xCD, 0x0B, 0x81, 0xB8, 0xE2, 0x04, 0x8E, 0xE1, 0x25, 0x3B, 0x38, 0x1B, 0x20, 0x32,
    0x3D, 0xC0, 0x8D, 0xB6, 0x81, 0xB9, 0x63, 0x79, 0x59, 0xE4, 0xFB, 0xDF, 0x29, 0x23, 0xE8, 0x53,
    0xDC, 0x73, 0x76, 0xD0, 0x67, 0x76, 0x3D, 0xB6, 0x75, 0x62, 0x47, 0x22, 0xB6, 0x43, 0x71, 0xF7,
    0xAA, 0xB2, 0x6E, 0x7D, 0x63, 0xDC, 0xA1, 0x2E, 0x8F, 0xBF, 0x0C, 0x47, 0x79, 0xE8, 0xDC, 0xBC,
    0xAE, 0xF4, 0x21, 0x35, 0x14, 0x9E, 0x0D, 0xE7, 0x58, 0x16, 0x61, 0x5A, 0x1C, 0x90, 0x0D, 0xE5,
    0xFC, 0x28, 0x74, 0x97, 0xC3, 0x82, 0x54, 0xBA, 0x61, 0x1D, 0xD4, 0x5C, 0x90, 0x2A, 0x03, 0x47,
    0xB7, 0xEA, 0xC4, 0x85, 0xF8, 0xE4, 0xEB, 0x71, 0xEE, 0xEE, 0xD5, 0xED, 0x69, 0x2E, 0x52, 0xE4,
    0xC7, 0xFF, 0x69, 0x90, 0x4F, 0xC1, 0xF9, 0xAE, 0x46, 0x76, 0x0F, 0x43, 0x46, 0x1B, 0xD6, 0x9D,
    0xC8, 0xAA, 0x98, 0xB6, 0xE2, 0x7C, 0xEA, 0x93, 0x68, 0x30, 0x2E, 0xDF, 0x58, 0xF3, 0xD4, 0xA4,
    0x7C, 0x89, 0x8D, 0x4E, 0x8C, 0x19, 0x74, 0x2E, 0x7C, 0x8D, 0xB5, 0xDE, 0xE0, 0xD9, 0x14, 0x38,
    0x08, 0x3C, 0x76, 0x48, 0x0D, 0xBE, 0x6A, 0xA8, 0x99, 0x94, 0x15, 0xB3, 0x02, 0x71, 0xB0, 0x0D,
    0x0E, 0x87, 0x11, 0x7A, 0xE4, 0x02, 0x5B, 0xC8, 0x88, 0xA4, 0xD4, 0x5B, 0xE1, 0x19, 0xE8, 0x89,
    0xEA, 0x93, 0xE3, 0x03, 0x7E, 0xF7, 0xF8, 0x7D, 0x9B, 0x00, 0xF3, 0x99, 0xEC, 0x73, 0xEA, 0x7E,
    0xA3, 0x5B, 0x8A, 0x2C, 0x8E, 0xC3, 0xE2, 0xAA, 0x12, 0x21, 0xD1, 0x3A, 0x60, 0xC1, 0x54, 0x55,
    0x31, 0x6B, 0x74, 0x9B, 0x7E, 0x2B, 0x08, 0x7A, 0xBD, 0xDB, 0x5B, 0xF3, 0xD6, 0x5E, 0x23, 0x41,
    0x9F, 0xBF, 0xED, 0xB1, 0x00, 0x12, 0x97, 0x16, 0x65, 0x9A, 0x78, 0xB4, 0xA9, 0xD1, 0xC8, 0xA7,
    0x55, 0x8B, 0x66, 0x01, 0xED, 0x02, 0x1A, 0x12, 0x14, 0x03, 0xC3, 0x01, 0x1A, 0x14, 0xEB, 0x0A,
    0xB3, 0x96, 0x2A, 0xDB, 0xD1, 0x8C, 0x61, 0xC0, 0xCD, 0x86, 0xF2, 0x1D, 0xB4, 0x0A, 0x86, 0xD3,
    0x3D, 0xF4, 0x4A, 0xE8, 0xD5, 0x70, 0xBB, 0x85, 0xAD, 0x26, 0xE6, 0x03, 0x1D, 0x11, 0xED, 0x0C,
    0x6F, 0x71, 0xC8, 0x24, 0x58, 0x58, 0xD1, 0xD1, 0xD2, 0x3B, 0x9D, 0xB3, 0x2F, 0x0A, 0x66, 0x82,
    0x7B, 0x26, 0x67, 0xDF, 0xCC, 0xC5, 0xC0, 0xE4, 0x31, 0x30, 0x79, 0xC4, 0x3A, 0x83, 0x75, 0x4C,
    0xA6, 0xFC, 0xEB, 0xA6, 0x65, 0x37, 0x27, 0x2B, 0x9B, 0x66, 0x71, 0x6F, 0x92, 0x74, 0x3C, 0x4E,
    0x5A, 0x1A, 0x89, 0x64, 0xED, 0xB9, 0x71, 0x9A, 0x21, 0x3B, 0x24, 0xA1, 0x62, 0xF9, 0x63, 0x08,
    0xF1, 0x17, 0xFE, 0xFE, 0x3F, 0x2C, 0xF3, 0x77, 0xB9, 0x2F, 0xAF, 0x90, 0xD1, 0x96, 0x74, 0x18,
    0x9C, 0x55, 0xF1, 0xE5, 0x74, 0x6A, 0x13, 0x11, 0x3A, 0x3E, 0xFA, 0x39, 0xD0, 0x10, 0x4E, 0xE2,
    0x48, 0x55, 0x28, 0x21, 0xBF, 0x8A, 0xF2, 0x00, 0xF5, 0x00, 0x35, 0x1E, 0xAF, 0xC7, 0xB2, 0xD5,
    0x32, 0xC8, 0x56, 0xBA, 0x37, 0x59, 0x72, 0x0D, 0x27, 0x71, 0x1F, 0xBE, 0x0C, 0x96, 0xC1, 0x9A,
    0x3D, 0xFA, 0xB0, 0x8A, 0x52, 0x35, 0xC7, 0xE4, 0x1C, 0x88, 0xD8, 0x52, 0xCF, 0xA3, 0x6C, 0x0E,
    0xBF, 0xC4, 0x0D, 0x6A, 0x31, 0xBE, 0x6C, 0x05, 0xB5, 0x0F, 0x05, 0x5A, 0xAE, 0xC1, 0x0C, 0xAB,
    0xDC, 0x06, 0x57, 0x25, 0x22, 0x16, 0x91, 0x15, 0xD9, 0xA1, 0xAD, 0xA4, 0x72, 0xD8, 0xFF, 0xEE,
    0xBC, 0x13, 0x0B, 0xE2, 0x57, 0x0D, 0xE2, 0x22, 0xFA, 0x67, 0xD1, 0x6B, 0x1F, 0x81, 0xF8, 0x7C,
    0xB5, 0xDC, 0x2C, 0xB4, 0xB3, 0x44, 0xB4, 0x22, 0xE2, 0xBE, 0x15, 0xCD, 0x3F, 0x68, 0xBF, 0x3F,
    0xA3, 0x76, 0x73, 0x10, 0xB4, 0x1F, 0x62, 0xFF, 0x0F, 0x88, 0x1D, 0x3D, 0x0B, 0x1E, 0x3F, 0x68,
    0x7F, 0x2A, 0x94, 0xA1, 0x1D, 0x4A, 0xA5, 0x47, 0x9E, 0x1B, 0x97, 0x69, 0xB7, 0xBF, 0xEB, 0xBD,
    0xB1, 0xB8, 0x6A, 0xA7, 0x74, 0x38, 0x94, 0x3B, 0xD8, 0x24, 0xBB, 0x6E, 0x91, 0xF3, 0xFF, 0x66,
    0x29, 0xF1, 0xFB, 0x65, 0x25, 0x5E, 0x7B, 0x15, 0xD6, 0xF2, 0xEF, 0x60, 0x2F, 0xBD, 0x47, 0xB6,
    0xBD, 0x03, 0xC9, 0x6A, 0x99, 0x63, 0x45, 0x75, 0xC2, 0xDA, 0xE4, 0x8C, 0x16, 0x4C, 0x89, 0x36,
    0x94, 0x7B, 0x04, 0x0B, 0x1E, 0x17, 0x59, 0x7F, 0x95, 0xC6, 0x25, 0x96, 0x06, 0x77, 0xB4, 0x03,
    0x5D, 0x79, 0xA6, 0xAA, 0x80, 0x97, 0x59, 0x8E, 0x57, 0xF9, 0xEF, 0xA5, 0x47, 0xCB, 0x69, 0xDF,
    0x90, 0x3F, 0xDA, 0xA5, 0xDE, 0x3B, 0x8A, 0x3B, 0x53, 0xA2, 0x27, 0x3F, 0xDD, 0x42, 0xFB, 0x4B,
    0xD4, 0x7E, 0x4F, 0xE5, 0xA9, 0x04, 0xF8, 0x97, 0x80, 0xC1, 0xB3, 0xAF, 0x91, 0x70, 0x77, 0xE3,
    0x16, 0x4B, 0x83, 0x63, 0x83, 0xE1, 0xDD, 0x8B, 0x66, 0x77, 0x12, 0xCD, 0xF9, 0x29, 0xFB, 0xB0,
    0x30, 0xDE, 0x84, 0x5E, 0xAA, 0x66, 0x1E, 0x16, 0x94, 0xE1, 0x92, 0x31, 0x31, 0x4C, 0x24, 0x01,
    0x1A, 0x46, 0xEF, 0x5E, 0x4C, 0xAC, 0x98, 0x32, 0xB5, 0xEC, 0xC2, 0xAD, 0xC3, 0xF5, 0xF5, 0xAB,
    0xBC, 0x86, 0x7A, 0x0B, 0xBE, 0x4F, 0x75, 0x6A, 0xC5, 0x72, 0x4F, 0xA5, 0x5B, 0x2C, 0x26, 0x13,
    0x80, 0xDD, 0xEB, 0x91, 0xD6, 0xEC, 0x68, 0xCD, 0x0E, 0x03, 0xA9, 0x67, 0xA7, 0xEF, 0x4D, 0x94,
    0xCD, 0xCC, 0xCC, 0x3E, 0xCD, 0x91, 0x0D, 0x59, 0x29, 0x4C, 0xEE, 0x61, 0x53, 0xC0, 0x05, 0x85,
    0xB6, 0xFC, 0x16, 0xB7, 0xB4, 0x3A, 0xBE, 0x16, 0x24, 0x94, 0x1E, 0xBE, 0x99, 0x8F, 0xF4, 0x41,
    0x55, 0x40, 0xBD, 0x65, 0xDE, 0x65, 0xCA, 0xAD, 0x3A, 0x2B, 0xD7, 0xE7, 0x77, 0x1F, 0x74, 0x05,
    0xED, 0xCB, 0xA4, 0xB1, 0xB8, 0x81, 0x5F, 0x46, 0xE2, 0x4A, 0x06, 0x6F, 0xA9, 0x8B, 0xD1, 0x48,
    0xE9, 0x2C, 0xF4, 0xDD, 0x43, 0x12, 0x3B, 0xD0, 0xE2, 0xA3, 0xAF, 0x39, 0xF3, 0xD7, 0x1B, 0xFC,
    0xF8, 0xA4, 0x8D, 0x35, 0x2D, 0x10, 0x5B, 0x9A, 0xCD, 0x7D, 0x2B, 0x7A, 0x0C, 0x24, 0xF2, 0x45,
    0xEA, 0x8A, 0xD1, 0x70, 0x52, 0x98, 0xDA, 0x4F, 0x99, 0x8C, 0x37, 0xEC, 0x79, 0x76, 0x3C, 0xF0,
    0xED, 0xB7, 0xE3, 0x35, 0xFB, 0x63, 0x15, 0xC8, 0xAE, 0x61, 0x32, 0xBF, 0x12, 0x87, 0x95, 0xFE,
    0x48, 0x09, 0xD3, 0x6F, 0x81, 0x6E, 0x55, 0x4B, 0x8D, 0x2F, 0x21, 0x7D, 0x1F, 0x3D, 0x0F, 0x89,
    0x27, 0x92, 0x9A, 0xB8, 0xD9, 0xB7, 0x46, 0xA1, 0xFD, 0x4E, 0x68, 0xBF, 0x1A, 0xC9, 0xF3, 0xB1,
    0xB3, 0x94, 0x74, 0x92, 0x35, 0x9E, 0x67, 0x0B, 0x5D, 0x8E, 0xDB, 0xF5, 0xC2, 0x1B, 0xEE, 0xD3,
    0x85, 0xF1, 0x48, 0xD3, 0x83, 0x32, 0x93, 0x75, 0x5A, 0x39, 0x2B, 0x63, 0xE9, 0xE6, 0x7E, 0x10,
    0xDA, 0x6F, 0x45, 0xF6, 0xCD, 0xC9, 0x88, 0x33, 0x8A, 0x33, 0x9D, 0x27, 0xA9, 0x2E, 0x3A, 0x9B,
    0x26, 0x64, 0x9D, 0x80, 0xF5, 0xD3, 0x89, 0x28, 0xCE, 0xE0, 0x85, 0xED, 0xF6, 0xF3, 0x71, 0xB3,
    0x9D, 0x5B, 0x47, 0xE1, 0x0D, 0xB8, 0x4F, 0x8F, 0x61, 0x6B, 0xE6, 0x95, 0xCE, 0xA8, 0xFD, 0x74,
    0xCE, 0x3A, 0xA3, 0x79, 0x41, 0x50, 0xF9, 0xE8, 0xB1, 0x26, 0xB7, 0x8D, 0x62, 0xA8, 0xA0, 0xED,
    0xA8, 0xC4, 0x41, 0xBF, 0x80, 0x33, 0xD7, 0xCC, 0xF9, 0xCC, 0x19, 0x14, 0x33, 0x00, 0xE5, 0x35,
    0x94, 0x98, 0xFD, 0x8C, 0x56, 0xAE, 0x14, 0xEE, 0x3C, 0xA0, 0x36, 0x65, 0x61, 0x13, 0xEB, 0x89,
    0x51, 0x82, 0x6C, 0xC3, 0x27, 0x53, 0xED, 0x9C, 0x19, 0x3C, 0x10, 0x1F, 0x52, 0xFE, 0x13, 0xB8,
    0xE4, 0xD5, 0x66, 0x2A, 0x8A, 0xA0, 0xFD, 0x76, 0xAB, 0xD7, 0x5C, 0x4F, 0x44, 0xD6, 0x10, 0x39,
    0xC8, 0xD2, 0x21, 0xAA, 0x5B, 0xFB, 0x10, 0xA0, 0x39, 0x68, 0xE6, 0xE5, 0x38, 0x2E, 0x56, 0x51,
    0x88, 0xF5, 0x78, 0xCC, 0x1C, 0x9D, 0x78, 0x06, 0xE2, 0xAF, 0x86, 0xDB, 0xA7, 0xA5, 0xDE, 0x19,
    0x0D, 0x57, 0x83, 0xD5, 0x6E, 0xEF, 0xEC, 0x3D, 0x09, 0x60, 0xC5, 0x13, 0x1D, 0x63, 0x76, 0x9C,
    0x2D, 0x34, 0x6B, 0x9E, 0x29, 0x30, 0xDC, 0x75, 0x2D, 0xE6, 0xA5, 0x6A, 0x0C, 0x1C, 0x9E, 0x50,
    0x7E, 0x5C, 0x4E, 0x35, 0x54, 0x22, 0x0F, 0x7A, 0xB4, 0x6D, 0x19, 0xF2, 0x7B, 0x22, 0x34, 0xAC,
    0x96, 0x09, 0x99, 0xEC, 0xD4, 0xCC, 0x71, 0xB8, 0x5D, 0x8F, 0xF6, 0x0F, 0xB7, 0x1E, 0x3A, 0xFF,
    0x6B, 0xFF, 0x99, 0xBF, 0xE3, 0x85, 0x7F, 0x3D, 0x68, 0x7F, 0x3F, 0x9A, 0x8B, 0x5D, 0x4F, 0x4D,
    0xA2, 0x41, 0x4A, 0xE4, 0x9D, 0x0B, 0xC0, 0x95, 0x94, 0xC8, 0x3A, 0xF1, 0x75, 0xE5, 0xB2, 0x46,
    0x0B, 0xF4, 0xE1, 0xB1, 0x50, 0xEB, 0x58, 0xE5, 0xCA, 0x15, 0xD3, 0x1D, 0x6B, 0x9C, 0xD6, 0x81,
    0x7E, 0x93, 0x51, 0xD7, 0x08, 0x5B, 0xD9, 0x4D, 0x15, 0x09, 0xE7, 0xA3, 0xB8, 0x13, 0xA6, 0xF2,
    0xB8, 0x21, 0x22, 0xD7, 0x8A, 0x0A, 0x76, 0x98, 0x9F, 0x70, 0xA6, 0x5F, 0x81, 0xFF, 0x1D, 0x54,
    0xBE, 0x3F, 0xB9, 0x4D, 0xA7, 0xBA, 0xF6, 0x11, 0x3D, 0xE9, 0x73, 0x0D, 0xA7, 0xBB, 0x99, 0x9F,
    0x07, 0xBE, 0x40, 0x37, 0x15, 0xF5, 0xE8, 0xAE, 0xC8, 0xA5, 0xEF, 0x8D, 0xB9, 0x74, 0x8A, 0x37,
    0x6A, 0x63, 0x7C, 0x96, 0x7B, 0xD9, 0x8C, 0x27, 0x93, 0xE3, 0xD1, 0x3C, 0x9E, 0x04, 0x7E, 0x02,
    0xBC, 0x03, 0x23, 0x2C, 0xA7, 0x39, 0x9D, 0x23, 0x8F, 0xD4, 0x38, 0xAA, 0x9E, 0xFD, 0x3F, 0x1C,
    0x92, 0xC0, 0x5F, 0x8C, 0xF1, 0xFA, 0xF4, 0x73, 0x3B, 0x2E, 0xBA, 0x45, 0x2A, 0x95, 0x30, 0x8D,
    0x67, 0x3A, 0xE9, 0x28, 0xF4, 0x59, 0x43, 0x5C, 0x2D, 0x8C, 0xAF, 0xCA, 0xE9, 0xAD, 0x71, 0x72,
    0x6D, 0x64, 0x62, 0xE1, 0x6A, 0x85, 0x62, 0x6A, 0x48, 0x43, 0x31, 0x9C, 0xE3, 0x4C, 0xE8, 0x3F,
    0x86, 0x42, 0x2E, 0x60, 0x2C, 0xB3, 0xC1, 0x59, 0xB8, 0xA5, 0xB5, 0x0D, 0xB8, 0xD5, 0x16, 0x15,
    0xFC, 0xEA, 0x17, 0x43, 0x38, 0xDD, 0x27, 0xE9, 0x34, 0xFA, 0xB2, 0x6E, 0xC3, 0x7A, 0xFA, 0xEC,
    0x12, 0x92, 0x9B, 0x74, 0x32, 0x9D, 0x72, 0x97, 0xED, 0x97, 0x63, 0x4F, 0x86, 0x71, 0xDE, 0x0D,
    0xA3, 0xFC, 0xA9, 0xB7, 0xC3, 0xFC, 0xE7, 0x6F, 0xA8, 0xFC, 0x73, 0xBF, 0x45, 0xFE, 0xC6, 0x1F,
    0xE0, 0x9E, 0xDF, 0x86, 0x6B, 0xA5, 0xA5, 0xB9, 0xFF, 0xD9, 0x5D, 0xE7, 0xCA, 0x4E, 0x1D, 0x71,
    0x99, 0x3C, 0xC2, 0xC1, 0xF5, 0x55, 0xC8, 0x37, 0x61, 0x27, 0x07, 0x6E, 0x30, 0xBA, 0x39, 0x69,
    0xA7, 0x6F, 0x10, 0xA7, 0x75, 0xE0, 0x49, 0x4D, 0xD3, 0x38, 0x55, 0x89, 0x7E, 0x9C, 0x59, 0x45,
    0x7D, 0x15, 0x5E, 0x17, 0x6E, 0xA8, 0x67, 0x40, 0x5E, 0x27, 0x48, 0xBE, 0xE7, 0xF5, 0x56, 0x3F,
    0x32, 0x7D, 0x37, 0xE4, 0x67, 0x56, 0x17, 0x14, 0xCB, 0xF4, 0x92, 0x4B, 0xEF, 0x8F, 0xBB, 0xB6,
    0xBA, 0x94, 0x63, 0xB7, 0xDB, 0xB1, 0xDE, 0xE2, 0xB2, 0x7E, 0x24, 0x22, 0xC6, 0x3F, 0x9D, 0x2E,
    0xC3, 0xC8, 0xEB, 0x7D, 0xCF, 0x36, 0xED, 0x51, 0x98, 0x73, 0xD4, 0x8C, 0x67, 0x9E, 0x9C, 0x0C,
    0xCC, 0x4D, 0x64, 0x89, 0xB3, 0x1A, 0xE7, 0x46, 0xE6, 0xF9, 0x01, 0x11, 0x44, 0x66, 0xD8, 0x05,
    0x33, 0x69, 0x8A, 0xD3, 0x60, 0x67, 0x17, 0x20, 0xFB, 0xE6, 0x61, 0x46, 0x36, 0xD8, 0xE2, 0x0A,
    0xF2, 0xE6, 0xAF, 0x47, 0xC3, 0x5A, 0x43, 0x38, 0x25, 0x14, 0x8A, 0xFA, 0x80, 0x4A, 0xFB, 0x66,
    0x5E, 0x7A, 0xDB, 0x1A, 0x1C, 0x72, 0xDB, 0xFA, 0x2F, 0xAD, 0x58, 0x4F, 0x6C, 0x1C, 0x57, 0x1D,
    0xFE, 0x66, 0x26, 0xEB, 0x17, 0x7B, 0xE4, 0x1D, 0x1F, 0x5C, 0x69, 0x51, 0x3D, 0xBB, 0x39, 0xB8,
    0x92, 0x55, 0x76, 0xB3, 0x3D, 0x18, 0xB1, 0x42, 0xD3, 0xE6, 0x6D, 0x8C, 0x5A, 0x09, 0x54, 0xC9,
    0x95, 0x68, 0x2F, 0x28, 0xA9, 0x41, 0x9C, 0x38, 0xE0, 0x3D, 0x6C, 0xC4, 0x06, 0xB0, 0xF7, 0x35,
    0x45, 0x8D, 0x04, 0x87, 0xAC, 0xA8, 0xC4, 0x05, 0x81, 0x2C, 0x14, 0x09, 0x05, 0x10, 0x9A, 0xC3,
    0x1E, 0x82, 0x88, 0xE5, 0x01, 0x24, 0x2A, 0xC1, 0x65, 0x9A, 0x28, 0xED, 0x01, 0x09, 0xE6, 0x60,
    0x09, 0x0E, 0x10, 0xB6, 0xD2, 0x1E, 0xEC, 0x82, 0xBD, 0x7C, 0xBF, 0xB7, 0xE3, 0xB4, 0x88, 0x24,
    0xDE, 0x38, 0xDD, 0xEC, 0x8C, 0xBC, 0xBB, 0xF3, 0xBE, 0xDF, 0xFB, 0xFD, 0xFB, 0x7E, 0xDF, 0x0B,
    0x80, 0x2D, 0xAC, 0xEF, 0xC6, 0x6E, 0x1A, 0xF5, 0x94, 0xAE, 0xE8, 0x00, 0x01, 0x6A, 0xBC, 0x22,
    0x7B, 0x95, 0xD1, 0xE1, 0xA7, 0x06, 0xFF, 0x8A, 0xD0, 0x47, 0xD9, 0x4D, 0xA1, 0x0E, 0x35, 0xB0,
    0x0A, 0xBE, 0xE6, 0x81, 0xAA, 0x7B, 0xB8, 0xE0, 0xAB, 0xAD, 0xD0, 0x4B, 0x22, 0x2F, 0xE9, 0x78,
    0xA6, 0xAD, 0x74, 0xDB, 0x47, 0x14, 0xA2, 0xD2, 0x87, 0xC3, 0xE7, 0xE0, 0xA4, 0xDD, 0xF4, 0xD7,
    0x69, 0x80, 0x67, 0x92, 0x22, 0x3E, 0x87, 0x10, 0xCF, 0x11, 0xAD, 0x85, 0x2A, 0xD6, 0x88, 0xD9,
    0x23, 0x76, 0x8A, 0x36, 0x12, 0xB4, 0x1D, 0x83, 0x8E, 0xD2, 0xA8, 0x1C, 0x70, 0x89, 0x2C, 0x43,
    0x01, 0x08, 0xEA, 0xCE, 0x1F, 0x03, 0xF7, 0xEF, 0x45, 0xCF, 0xCC, 0x2A, 0x1D, 0x2A, 0x5D, 0x25,
    0x70, 0x05, 0xD1, 0xEB, 0xA8, 0x7C, 0x3F, 0x85, 0x03, 0xFB, 0xD4, 0xB4, 0xDC, 0xBD, 0xBE, 0xDC,
    0x9D, 0xCC, 0x7E, 0x05, 0x77, 0xB4, 0xEB, 0x8E, 0x0E, 0xD0, 0x2F, 0x7B, 0xFA, 0x3B, 0x88, 0xFD,
    0x17, 0x31, 0x44, 0xA6, 0xB4, 0x9B, 0x3A, 0x99, 0x32, 0xBE, 0x76, 0x52, 0x65, 0xCA, 0x70, 0x13,
    0xC5, 0x1F, 0xBD, 0xC4, 0xE7, 0x8F, 0x9E, 0x29, 0x7B, 0xF4, 0x4A, 0x3F, 0xEF, 0xEB, 0x45, 0xBF,
    0x39, 0x2C, 0xA3, 0xD5, 0x1D, 0x99, 0x73, 0x23, 0x8B, 0xB6, 0xB8, 0x46, 0x34, 0x94, 0x53, 0xA2,
    0x21, 0xD0, 0x44, 0x93, 0xBD, 0x65, 0x6A, 0x65, 0x94, 0x10, 0xED, 0x2D, 0x8B, 0xF6, 0xDD, 0xD0,
    0xA2, 0x75, 0x2C, 0xDA, 0x40, 0xD0, 0x5C, 0x8B, 0xA6, 0x9A, 0x5A, 0xD0, 0x3C, 0x58, 0x34, 0x60,
    0xAA, 0x77, 0x7A, 0x9E, 0xD1, 0x98, 0xD9, 0xE2, 0x4D, 0x25, 0x5C, 0xC3, 0x1D, 0xFF, 0xEB, 0xB7,
    0xA3, 0xD4, 0x5F, 0xB9, 0xB2, 0x92, 0x84, 0xAA, 0x49, 0xE7, 0xE8, 0x25, 0x1A, 0x3E, 0x03, 0xD2,
    0x0E, 0x90, 0xA1, 0x5D, 0xF6, 0x12, 0xD3, 0xB8, 0xE8, 0x37, 0x4D, 0xFD, 0xDA, 0x5F, 0x47, 0xDA,
    0x7A, 0xEC, 0x1E, 0xA2, 0x32, 0x64, 0x1E, 0x94, 0x41, 0x4C, 0x23, 0x7C, 0xCA, 0x17, 0xBF, 0x03,
    0x62, 0xA2, 0x28, 0x98, 0x21, 0xB7, 0xC1, 0x08, 0x7B, 0x66, 0xBE, 0xCA, 0xDF, 0x97, 0x1B, 0xF0,
    0x75, 0xAB, 0xC3, 0x2D, 0x64, 0x6D, 0x71, 0x27, 0x96, 0xDB, 0xC0, 0x66, 0x85, 0xB7, 0x73, 0x36,
    0xD0, 0x53, 0x02, 0x1A, 0x80, 0xA0, 0x85, 0xFC, 0x81, 0x0C, 0x1B, 0x02, 0x1A, 0xCA, 0x53, 0x55,
    0x01, 0xAD, 0x0A, 0x68, 0x43, 0x40, 0xDB, 0x02, 0xDA, 0x16, 0xD0, 0x58, 0x40, 0x07, 0xE3, 0xC7,
    0x73, 0x3C, 0x3E, 0x04, 0x9C, 0x05, 0xBE, 0xEE, 0x6A, 0x6E, 0xBD, 0xE8, 0xD0, 0x1B, 0x2C, 0xD4,
    0x25, 0x6D, 0x8D, 0x22, 0x96, 0x8B, 0x68, 0x87, 0x88, 0x17, 0x10, 0x57, 0xF1, 0x41, 0x03, 0xDB,
    0xCB, 0x98, 0x6B, 0x8B, 0x3D, 0xAE, 0xAC, 0x18, 0xB8, 0x43, 0xB5, 0x4F, 0x17, 0x6F, 0x39, 0x49,
    0x04, 0x6C, 0x3B, 0xA6, 0x01, 0xFC, 0xC5, 0xD5, 0x6D, 0x38, 0x7F, 0x5A, 0xD1, 0x2C, 0xA4, 0xAB,
    0x6F, 0x72, 0xD7, 0xEE, 0xCA, 0x3B, 0xB4, 0xE5, 0x35, 0xDF, 0xE3, 0x12, 0x0F, 0xFB, 0xBC, 0x2B,
    0x6C, 0x70, 0x77, 0x33, 0x60, 0xE9, 0xA1, 0x6B, 0xAA, 0x9E, 0x91, 0xED, 0x28, 0xEB, 0x95, 0x6F,
    0x4B, 0xA1, 0x6C, 0xEB, 0x61, 0x6F, 0x5C, 0x17, 0x5F, 0xA3, 0x91, 0xBD, 0xB6, 0xD8, 0x98, 0x13,
    0x13, 0x62, 0x61, 0x65, 0x20, 0x06, 0x32, 0xE2, 0x3B, 0x29, 0xE1, 0x9D, 0x94, 0xE8, 0x6E, 0x42,
    0x70, 0x2F, 0x21, 0xB6, 0x67, 0x66, 0x24, 0x27, 0x44, 0x56, 0xF7, 0x21, 0x8B, 0x72, 0x0B, 0xC5,
    0xE3, 0xA1, 0xAD, 0x0F, 0x5E, 0x1D, 0x5E, 0x73, 0xF2, 0xA1, 0x5E, 0x3F, 0x3F, 0x08, 0xDE, 0x36,
    0x83, 0x60, 0xC5, 0x64, 0x45, 0xD5, 0x4C, 0x99, 0xD4, 0xB4, 0xEA, 0xBB, 0x49, 0x35, 0xF0, 0x92,
    0x46, 0xC0, 0xDE, 0xF0, 0xDF, 0x67, 0x16, 0x65, 0x7F, 0xFE, 0x18, 0x44, 0x30, 0x9C, 0x2B, 0xFC,
    0x7C, 0x2F, 0x87, 0xC9, 0x23, 0xC9, 0x72, 0xC4, 0x0C, 0xC3, 0xBA, 0xC0, 0x6B, 0x91, 0x31, 0x66,
    0xB0, 0x91, 0x32, 0x0C, 0x23, 0x16, 0x2B, 0xAB, 0x63, 0x9A, 0xB9, 0x58, 0x60, 0x3B, 0xEE, 0x34,
    0x0F, 0x81, 0x33, 0x6B, 0x28, 0x27, 0x92, 0x3F, 0x2E, 0xBD, 0x67, 0xFC, 0x15, 0xC3, 0x46, 0xE1,
    0xA6, 0xA5, 0x8C, 0x02, 0x96, 0x10, 0x1A, 0x17, 0x51, 0xBF, 0x66, 0xDB, 0xE5, 0xCC, 0x2A, 0x9E,
    0x35, 0xA8, 0x60, 0x5C, 0x46, 0xCC, 0xB7, 0x64, 0x3B, 0x93, 0x4C, 0xD3, 0x26, 0xE3, 0xC8, 0x20,
    0x32, 0x82, 0xDC, 0x1E, 0x8B, 0xBC, 0x9B, 0xA2, 0xB4, 0x58, 0x64, 0xC3, 0x00, 0xB7, 0x68, 0xA9,
    0x21, 0x35, 0xC9, 0xC7, 0x63, 0x7C, 0x80, 0x6D, 0x71, 0xD6, 0x2D, 0xC0, 0xBD, 0x99, 0x77, 0xDC,
    0x7A, 0x46, 0xE6, 0x50, 0xBA, 0x4C, 0xDE, 0x20, 0x6D, 0x44, 0xF2, 0x2E, 0x93, 0x33, 0x48, 0x19,
    0x64, 0x0C, 0x36, 0x83, 0xF0, 0xC5, 0xAA, 0x35, 0x7F, 0x36, 0xDF, 0x28, 0xCD, 0xFB, 0xAC, 0xF5,
    0xFF, 0xE7, 0x8C, 0xA1, 0xE5, 0x8C, 0xD3, 0x25, 0x66, 0x31, 0x1E, 0x87, 0x81, 0xAF, 0x6E, 0xBA,
    0x43, 0x4E, 0x5A, 0x62, 0xE8, 0x97, 0x1F, 0xC0, 0x1F, 0xC9, 0x83, 0xF9, 0x63, 0x71, 0x4D, 0xBA,
    0x36, 0x90, 0x3F, 0xEB, 0x4E, 0x12, 0xB8, 0xC9, 0x43, 0x59, 0xE4, 0xD9, 0x2D, 0xE0, 0x29, 0xEE,
    0xAF, 0x4D, 0x6B, 0x97, 0x9E, 0xC0, 0xE2, 0x48, 0xAA, 0x1F, 0x77, 0x0C, 0x7E, 0x30, 0x81, 0x51,
    0x09, 0x88, 0xCD, 0x34, 0x9F, 0x5D, 0xEC, 0xD1, 0x38, 0x23, 0x39, 0xA7, 0x4F, 0x66, 0x98, 0x21,
    0xE3, 0x47, 0x76, 0xEB, 0x1D, 0xCD, 0xF7, 0xF1, 0xB6, 0xE7, 0x98, 0xBF, 0x90, 0x4E, 0x07, 0xE6,
    0xC9, 0x6D, 0xAF, 0x6A, 0x7C, 0x53, 0x6C, 0x83, 0x86, 0xEF, 0x98, 0xE3, 0x6D, 0x73, 0x62, 0x10,
    0x94, 0xD5, 0xCD, 0xEB, 0x99, 0x27, 0xB4, 0xBD, 0xC6, 0xE5, 0xEC, 0x11, 0xE0, 0xB6, 0x99, 0xC8,
    0x36, 0xFC, 0xE1, 0x62, 0x44, 0xF8, 0xD0, 0x3F, 0x78, 0xBE, 0xDA, 0x6F, 0xC4, 0x71, 0xD7, 0x9C,
    0x22, 0xFD, 0xDD, 0x40, 0xE1, 0x55, 0x4C, 0x2D, 0xC0, 0x5F, 0xC8, 0xDB, 0x8F, 0x65, 0xC7, 0xE6,
    0x63, 0xEF, 0xB1, 0xF5, 0xD8, 0x79, 0x69, 0x9F, 0x7D, 0xC7, 0xB6, 0x63, 0xD7, 0xB1, 0xE9, 0xA4,
    0xE7, 0x6C, 0xA6, 0x25, 0xDA, 0x36, 0xD3, 0xC7, 0x74, 0x9D, 0x7B, 0x03, 0xCE, 0xAB, 0xA0, 0x1F,
    0xC2, 0x93, 0x7A, 0x72, 0x7C, 0x46, 0x83, 0xEE, 0x1F, 0x8F, 0x3F, 0x7E, 0xF9, 0x07, 0xF9, 0x1F,
    0xCE, 0x48, 0x56, 0xFF, 0xC4, 0x49, 0xE0, 0xFC, 0x98, 0x01, 0xF3, 0x6A, 0xFC, 0x6E, 0x5A, 0x22,
    0x5E, 0x7A, 0xE1, 0x3A, 0x89, 0xE4, 0xF2, 0x97, 0x58, 0xA8, 0x64, 0x1D, 0x97, 0xAC, 0x4A, 0xE6,
    0x1F, 0x4C, 0x31, 0x1E, 0xD9, 0x2C, 0x76, 0xBE, 0x38, 0xCA, 0x01, 0x2A, 0x63, 0xB2, 0x74, 0xEF,
    0x7D, 0xDB, 0xF8, 0xDE, 0xED, 0x34, 0xF4, 0xAE, 0x24, 0x91, 0x7A, 0xC9, 0x74, 0x82, 0x6D, 0x5A,
    0xD6, 0x68, 0x93, 0x3E, 0xA2, 0x4F, 0x9F, 0xD7, 0x95, 0xDB, 0x07, 0x34, 0x6E, 0x59, 0x0F, 0xEB,
    0x7B, 0x4E, 0x56, 0x53, 0x26, 0x64, 0x6B, 0xD3, 0x1A, 0xF9, 0x3B, 0x72, 0x6E, 0x74, 0x9C, 0xBD,
    0x46, 0x61, 0x18, 0x15, 0x38, 0x4D, 0x33, 0x35, 0xEA, 0xD9, 0xBC, 0x2F, 0xE1, 0x37, 0xBF, 0x74,
    0x7F, 0x97, 0x78, 0xCD, 0x44, 0xAD, 0x24, 0xDE, 0x55, 0xED, 0xEC, 0x73, 0x07, 0xF0, 0xAF, 0x43,
    0x8D, 0xF4, 0xB2, 0x32, 0x71, 0x37, 0x23, 0x0B, 0xD4, 0x69, 0xDF, 0x7D, 0x91, 0x7E, 0xFC, 0x93,
    0x2B, 0x86, 0xC8, 0x0D, 0x90, 0x69, 0x6A, 0x9C, 0x79, 0xA1, 0xA5, 0x0F, 0x71, 0x29, 0x82, 0x35,
    0x03, 0xDA, 0x61, 0x94, 0x62, 0x7E, 0x1E, 0x90, 0xEC, 0x33, 0x88, 0x2D, 0x6B, 0x8C, 0xB3, 0x96,
    0x93, 0x96, 0x73, 0xF6, 0x58, 0xB3, 0x9E, 0xCE, 0xCD, 0xE2, 0x0D, 0xA6, 0xF3, 0x57, 0xF7, 0x99,
    0xD8, 0x3D, 0x0C, 0x38, 0xF6, 0xC9, 0x85, 0x31, 0x33, 0x91, 0x71, 0x6A, 0xB3, 0xCC, 0x9C, 0x3F,
    0xF3, 0xFB, 0x7F, 0x33, 0xAC, 0x77, 0xC8, 0x95, 0x57, 0x38, 0x80, 0x9A, 0x1C, 0xC0, 0x7A, 0xC8,
    0xFA, 0xDD, 0x60, 0x84, 0x17, 0x51, 0xE4, 0x0E, 0xCC, 0x8C, 0x91, 0xF1, 0x3C, 0xA6, 0x52, 0xE5,
    0x67, 0x64, 0xBA, 0xE2, 0x02, 0x66, 0x5B, 0x28, 0x0F, 0x50, 0x6B, 0xA3, 0x4A, 0x36, 0x0D, 0xD1,
    0xF6, 0x4D, 0x9E, 0xB0, 0x49, 0xD8, 0xF3, 0xBA, 0xD0, 0x33, 0xDF, 0xCE, 0xDE, 0x31, 0xEC, 0x49,
    0x8B, 0xB3, 0x76, 0xB2, 0xF8, 0xB6, 0x84, 0x50, 0x1F, 0x9C, 0xCC, 0x84, 0x33, 0xD2, 0x8F, 0x61,
    0xE8, 0xC8, 0x71, 0x91, 0x00, 0xA3, 0x81, 0x7A, 0x2D, 0x2D, 0x70, 0x5E, 0x96, 0x44, 0x55, 0xBA,
    0xFB, 0xC0, 0xEB, 0x8C, 0x82, 0x99, 0xF3, 0x4C, 0xAC, 0x4C, 0x3F, 0x40, 0x7D, 0xDF, 0x52, 0xFC,
    0x3C, 0x97, 0xA4, 0xE3, 0x51, 0xED, 0x8D, 0x52, 0xF5, 0x9A, 0x29, 0x4C, 0xD9, 0x25, 0x6B, 0x70,
    0x76, 0x81, 0x8B, 0x90, 0x19, 0x24, 0xE1, 0xD3, 0x6B, 0x01, 0xFA, 0x35, 0xAA, 0xD3, 0xFB, 0x4B,
    0x6C, 0xDC, 0x6E, 0xD9, 0x0A, 0x60, 0x7B, 0x2C, 0x5B, 0x0E, 0x88, 0x8F, 0x46, 0x59, 0x9A, 0x8F,
    0x32, 0x2E, 0xDD, 0xF8, 0xE4, 0x84, 0xA0, 0x48, 0x40, 0xBE, 0xFA, 0x56, 0x4D, 0x3C, 0x99, 0x04,
    0x3C, 0x92, 0x4A, 0xF6, 0x76, 0x32, 0x09, 0x48, 0x21, 0x63, 0xBD, 0xD4, 0x8F, 0xEA, 0x3D, 0xC4,
    0xEC, 0x88, 0x8F, 0x7A, 0xCF, 0xB5, 0xC5, 0x78, 0x1A, 0x93, 0x77, 0x83, 0x7B, 0xE8, 0xB3, 0x12,
    0xFA, 0xF4, 0x03, 0xB1, 0xEC, 0x33, 0xA3, 0x3A, 0xA0, 0x3C, 0x62, 0x0B, 0x7C, 0xF8, 0x8B, 0x2F,
    0x5C, 0x77, 0xEF, 0x7E, 0xF9, 0xA5, 0x94, 0xCE, 0x7A, 0x89, 0x67, 0x28, 0x6C, 0x58, 0xE1, 0x4A,
    0xFB, 0xBA, 0xE8, 0xB3, 0x11, 0xFC, 0x6D, 0x1C, 0x49, 0x78, 0x2A, 0xB9, 0xAE, 0x41, 0xED, 0x87,
    0x19, 0x45, 0xE1, 0xC0, 0xB6, 0x68, 0x87, 0x57, 0x9B, 0xAA, 0x81, 0x67, 0x0D, 0x0C, 0x98, 0xCA,
    0xAC, 0x4C, 0xD0, 0x0E, 0x9C, 0xF7, 0xE8, 0xCF, 0xC1, 0x58, 0x40, 0x8A, 0x88, 0x93, 0xBA, 0xA8,
    0x67, 0xB9, 0x96, 0x73, 0x25, 0xE3, 0xE3, 0x6E, 0x11, 0x01, 0x27, 0xFA, 0xCD, 0xCA, 0x37, 0xEA,
    0x43, 0x11, 0x6F, 0xA2, 0x0D, 0x45, 0x19, 0x52, 0xB9, 0x89, 0x2A, 0x14, 0x4D, 0x28, 0x8A, 0x50,
    0xF4, 0xA0, 0x54, 0xA0, 0x94, 0x47, 0x69, 0x2C, 0xCE, 0x34, 0xB5, 0x19, 0xA5, 0x59, 0xF1, 0x68,
    0x38, 0x54, 0x03, 0x34, 0x48, 0xA6, 0xFE, 0x98, 0x46, 0x43, 0x79, 0xD4, 0xE9, 0x41, 0x51, 0x5F,
    0xCD, 0x8B, 0xFC, 0x60, 0x29, 0x4C, 0x5B, 0x9A, 0x5E, 0x8E, 0xB1, 0x15, 0x3B, 0x77, 0xFB, 0xDE,
    0xCF, 0xFB, 0x33, 0xF7, 0x39, 0xDA, 0xB1, 0xD5, 0xCB, 0xD3, 0xC7, 0xA7, 0x80, 0x9F, 0x41, 0x66,
    0xFE, 0xE6, 0x44, 0x64, 0xBD, 0x24, 0x37, 0xAB, 0xC5, 0x7B, 0x9F, 0x04, 0x63, 0x2F, 0x8D, 0x45,
    0xBD, 0x63, 0x1E, 0x93, 0xB5, 0xB7, 0x8E, 0x4A, 0xA8, 0x80, 0xF5, 0x7F, 0x58, 0x76, 0xF8, 0x46,
    0xE0, 0x5C, 0xAB, 0x79, 0x41, 0x34, 0x1D, 0x44, 0xA5, 0x72, 0xA7, 0x55, 0x6B, 0xA4, 0xD1, 0x0B,
    0xBA, 0x5F, 0x71, 0xD3, 0xE0, 0x50, 0xCF, 0xAF, 0xDA, 0x54, 0x14, 0xC7, 0x7A, 0xB7, 0xE7, 0x8E,
    0x8C, 0xF0, 0x42, 0x90, 0x44, 0x9F, 0x4D, 0x3A, 0x6F, 0x9B, 0x4B, 0x57, 0xF5, 0xB7, 0x2C, 0x2F,
    0x9C, 0x1B, 0xE2, 0x15, 0x42, 0x2E, 0xF5, 0x10, 0xB6, 0x30, 0x55, 0x9A, 0x70, 0x9C, 0xCE, 0x2C,
    0xC1, 0xBB, 0x00, 0xE7, 0x9D, 0x49, 0xC2, 0xB7, 0x0A, 0x6F, 0x0F, 0xD3, 0xA7, 0x27, 0x1D, 0xD4,
    0xAC, 0xFC, 0x1D, 0x38, 0x6F, 0x4C, 0x30, 0xA5, 0x99, 0xBF, 0x4B, 0x09, 0x4A, 0x6B, 0xF6, 0xF8,
    0x48, 0xCA, 0x98, 0xC5, 0x60, 0x36, 0xD7, 0xC6, 0x1F, 0xF6, 0xDC, 0xBB, 0xFA, 0x48, 0x1B, 0x2F,
    0xF2, 0xE4, 0xC3, 0x73, 0xCF, 0xCC, 0x92, 0xBA, 0xE0, 0xBC, 0xC5, 0x67, 0x0F, 0xFC, 0x20, 0x0C,
    0xA2, 0xDA, 0xE6, 0xEE, 0x65, 0xD6, 0x76, 0x54, 0xAA, 0x0C, 0x49, 0x6E, 0x7C, 0xFB, 0x03, 0xA1,
    0xAB, 0xC9, 0xB0, 0x64, 0x97, 0xAC, 0xA7, 0xF3, 0x36, 0x81, 0x07, 0xF0, 0x03, 0xB0, 0x9B, 0xA3,
    0x1A, 0x36, 0x77, 0x71, 0xD9, 0xCE, 0xA2, 0xA8, 0x94, 0x0B, 0xE3, 0x29, 0x46, 0xEA, 0xE5, 0x3C,
    0x52, 0x93, 0x28, 0xF8, 0xAF, 0x9A, 0xE5, 0x74, 0xA1, 0x25, 0x1C, 0x2D, 0x7D, 0xAA, 0x34, 0x7B,
    0x94, 0x27, 0x8F, 0x60, 0xCE, 0x4F, 0xE9, 0xF1, 0x53, 0x94, 0xB9, 0xDA, 0x8E, 0xBC, 0x89, 0xB0,
    0x0A, 0xA8, 0x27, 0x6B, 0xBD, 0x87, 0x9C, 0x06, 0x7E, 0x6A, 0xF0, 0x99, 0x14, 0x62, 0x6A, 0xD2,
    0xD3, 0x00, 0x93, 0xAE, 0x2E, 0x7C, 0xE4, 0xCA, 0xA3, 0x4E, 0x03, 0xBC, 0x02, 0xA6, 0xF8, 0xCC,
    0x63, 0x1C, 0x35, 0x3E, 0x1E, 0xD1, 0x47, 0x83, 0x73, 0xE7, 0xD4, 0xFC, 0x79, 0xDE, 0x77, 0xD1,
    0x8F, 0x10, 0xB3, 0xBD, 0x42, 0x27, 0xAB, 0x3A, 0xEF, 0xF6, 0x59, 0xE7, 0xDE, 0xEF, 0x8D, 0xF7,
    0x66, 0xA2, 0xCE, 0xA7, 0x7E, 0x33, 0xEB, 0x66, 0x9D, 0xB0, 0x55, 0x6C, 0xB8, 0x2F, 0xF3, 0xE4,
    0xBC, 0x59, 0xFC, 0x51, 0xF0, 0xF9, 0x22, 0x5B, 0xB1, 0xCA, 0x7F, 0x12, 0x0F, 0x41, 0xAB, 0xA4,
    0xE3, 0x6D, 0x4E, 0x82, 0x84, 0x55, 0xF7, 0x3F, 0x53, 0xD3, 0x0F, 0x42, 0x72, 0xBF, 0x47, 0x30,
    0x1E, 0x14, 0xF1, 0x15, 0x73, 0xE2, 0xC3, 0x48, 0x1E, 0xDE, 0x3F, 0xE0, 0x78, 0x55, 0x5C, 0x90,
    0x47, 0x48, 0x40, 0x6B, 0xAB, 0x27, 0x3F, 0xFA, 0x7C, 0xAC, 0xCF, 0x8E, 0xD3, 0xE0, 0x22, 0x2D,
    0x18, 0x84, 0xA2, 0x63, 0x82, 0xF1, 0x90, 0xE7, 0x68, 0xE5, 0xC4, 0xA8, 0x60, 0xD5, 0xD7, 0x99,
    0x8F, 0x7E, 0x11, 0x67, 0x6F, 0xDA, 0x13, 0x0D, 0x84, 0x5C, 0x4F, 0xD9, 0x03, 0xFD, 0xCD, 0x85,
    0xB0, 0x7A, 0xAA, 0xA2, 0x55, 0x86, 0xFE, 0x6A, 0x23, 0x5E, 0xDE, 0xCC, 0x1C, 0x8A, 0x8F, 0x12,
    0x0B, 0xAF, 0x3B, 0x1A, 0xB6, 0xDA, 0xAD, 0x5E, 0xFC, 0x9C, 0xFC, 0x9F, 0xC6, 0xB8, 0x70, 0xD3,
    0xA3, 0xC2, 0xB5, 0xB5, 0xBB, 0x6E, 0x0F, 0xA8, 0x33, 0xF6, 0x94, 0x30, 0x2F, 0x34, 0xA9, 0x74,
    0x7D, 0xE0, 0xD3, 0xB9, 0xD9, 0x3C, 0xE0, 0x55, 0x54, 0x12, 0x11, 0x12, 0x2D, 0xE4, 0xEE, 0xB3,
    0xC0, 0x58, 0x26, 0x0D, 0xCB, 0xD1, 0x03, 0x3C, 0x6D, 0xF0, 0x37, 0x63, 0x8F, 0xB9, 0x03, 0xB9,
    0xBB, 0x56, 0x7F, 0x6C, 0xE0, 0xE9, 0x94, 0x33, 0x38, 0x77, 0x86, 0x54, 0xEB, 0x36, 0xAD, 0xD5,
    0xB2, 0x15, 0xAD, 0x2A, 0x17, 0x2E, 0x22, 0x55, 0x37, 0x30, 0x95, 0x49, 0x13, 0x03, 0xAF, 0x30,
    0x97, 0x3C, 0x28, 0x59, 0xED, 0x8A, 0xF1, 0x70, 0x95, 0xD9, 0x2A, 0xA3, 0x95, 0x93, 0x55, 0x06,
    0x2B, 0xE7, 0xAA, 0xE6, 0x58, 0xD5, 0x22, 0x21, 0x38, 0x54, 0x89, 0x50, 0x66, 0x7C, 0x42, 0x74,
    0xDF, 0xDD, 0xD1, 0x56, 0xCD, 0xC6, 0x54, 0xB3, 0xFF, 0x23, 0x2D, 0xEB, 0xDA, 0x7F, 0xF8, 0x40,
    0xFB, 0x2F, 0x35, 0x92, 0xBF, 0x4B, 0x1B, 0x61, 0x18, 0xC7, 0xBF, 0x17, 0x2F, 0xD1, 0x54, 0x85,
    0x93, 0xDE, 0x49, 0x22, 0x26, 0xB9, 0xD8, 0x53, 0x62, 0xEA, 0x8F, 0x20, 0xA1, 0x1C, 0x58, 0xCD,
    0x33, 0x74, 0x28, 0x9D, 0xDE, 0xD8, 0x1C, 0xD5, 0xC1, 0x12, 0xF5, 0x4A, 0x6B, 0x40, 0xC8, 0x90,
    0x8A, 0x42, 0x43, 0xDE, 0xB1, 0xE3, 0xD1, 0x96, 0xE2, 0xD0, 0xC1, 0x42, 0x5A, 0x6C, 0xBA, 0xB4,
    0xD0, 0x41, 0x91, 0x92, 0x1B, 0x3A, 0x76, 0xC8, 0x9F, 0x90, 0xC1, 0xA9, 0x93, 0x43, 0xA0, 0x2E,
    0x6D, 0xFA, 0x44, 0xED, 0xCB, 0xDD, 0xF1, 0xDC, 0xFB, 0x7D, 0x1E, 0x9E, 0xEF, 0xE7, 0xE1, 0x49,
    0xC5, 0x42, 0x31, 0xDB, 0xEB, 0x97, 0x71, 0xDF, 0x12, 0x0A, 0x12, 0x07, 0xC9, 0x0E, 0x90, 0x6B,
    0x03, 0xB5, 0x16, 0xD1, 0x47, 0x39, 0x07, 0x6B, 0x4F, 0xD3, 0x85, 0x7D, 0xAE, 0x8B, 0xED, 0x47,
    0xF1, 0x8C, 0x16, 0xC5, 0x53, 0xCA, 0x53, 0x0E, 0x40, 0xAC, 0x62, 0xB7, 0x5F, 0x91, 0xF0, 0x16,
    0x29, 0x0E, 0x33, 0x53, 0x46, 0x92, 0xB6, 0xF0, 0x9A, 0xEF, 0x37, 0xA4, 0xDD, 0x1A, 0x2A, 0xB3,
    0x8E, 0xF5, 0xCB, 0xFA, 0x20, 0x25, 0x5A, 0xA6, 0x08, 0x5B, 0x95, 0x17, 0xD6, 0xCC, 0xD2, 0x50,
    0x4A, 0x54, 0x3A, 0x2D, 0xEF, 0x3A, 0x4A, 0x0D, 0xDC, 0xE0, 0x34, 0x0B, 0x4A, 0x74, 0x47, 0x15,
    0xF5, 0x23, 0x4A, 0x93, 0x21, 0x03, 0xD4, 0x07, 0x05, 0xA9, 0x99, 0x48, 0x31, 0x92, 0x2D, 0x5B,
    0x40, 0x18, 0x71, 0x18, 0xD0, 0xAB, 0x96, 0xA6, 0xBB, 0x27, 0xA6, 0x41, 0x06, 0x05, 0xD0, 0x87,
    0x10, 0xAA, 0xD0, 0xB9, 0x6D, 0x66, 0x59, 0x85, 0x6D, 0x43, 0xD0, 0xD7, 0x56, 0x9E, 0xA2, 0xD8,
    0xA5, 0x0D, 0x99, 0x23, 0x20, 0x5B, 0xE4, 0xCF, 0x30, 0x06, 0xD1, 0x8F, 0xEF, 0xB0, 0x0E, 0xDB,
    0x55, 0xDD, 0xCA, 0xA0, 0x76, 0xF1, 0xC4, 0x95, 0xFA, 0x4B, 0x71, 0xEA, 0x03, 0x3D, 0xDB, 0x31,
    0x5C, 0x41, 0x5F, 0x61, 0x06, 0x51, 0x93, 0x9E, 0x54, 0x91, 0x5B, 0x5D, 0x61, 0xF8, 0xAE, 0x9F,
    0x6E, 0x18, 0x4E, 0xAD, 0x0B, 0x34, 0xFF, 0x04, 0x91, 0x78, 0x97, 0xEC, 0x18, 0xA2, 0x79, 0x6E,
    0x38, 0x85, 0x5C, 0xF7, 0x0F, 0x34, 0xA5, 0x1D, 0x47, 0x1D, 0xBD, 0x63, 0x02, 0x1E, 0x14, 0x1F,
    0x7D, 0xC4, 0x96, 0x30, 0x04, 0x86, 0x01, 0xB3, 0xB7, 0x10, 0x90, 0xDC, 0x9B, 0x2D, 0x20, 0xC2,
    0x6E, 0x2E, 0x53, 0x35, 0x2B, 0x72, 0x28, 0x06, 0x9E, 0xBB, 0xCD, 0x8E, 0x51, 0x28, 0x1D, 0x79,
    0x91, 0x66, 0x67, 0xF6, 0xCB, 0x16, 0xD7, 0x8F, 0xCC, 0x2D, 0x41, 0xAF, 0x94, 0xB3, 0x15, 0x51,
    0xFA, 0xE4, 0x38, 0xFC, 0x16, 0xB2, 0xE3, 0xE1, 0x7E, 0xEA, 0xCD, 0x45, 0x45, 0xCD, 0x5D, 0x69,
    0x6B, 0x76, 0xA4, 0xA8, 0xD0, 0xC3, 0x37, 0xBF, 0x6D, 0x47, 0xCF, 0x56, 0xF6, 0x6A, 0x17, 0x1F,
    0x18, 0xC3, 0x70, 0x68, 0xAC, 0x41, 0x86, 0x83, 0x74, 0x83, 0x27, 0xBF, 0xC0, 0xB3, 0x07, 0x9E,
    0x8D, 0x47, 0x82, 0x54, 0x73, 0x1F, 0xB4, 0x55, 0x80, 0x02, 0x7E, 0xF0, 0x5E, 0xEE, 0x2C, 0x2F,
    0x06, 0x99, 0x0C, 0x98, 0x3F, 0x18, 0xA9, 0x47, 0xF5, 0xCF, 0xE7, 0xE0, 0xB9, 0xEC, 0xCA, 0x53,
    0x39, 0x02, 0x7D, 0xAF, 0x5C, 0xBE, 0xA8, 0xCE, 0xB3, 0x75, 0xF9, 0x36, 0x10, 0x80, 0xBC, 0x8F,
    0xE4, 0x0F, 0xDC, 0xE4, 0x87, 0x03, 0xFE, 0xE5, 0x4B, 0x96, 0x38, 0x41, 0xC4, 0xF6, 0x49, 0x77,
    0x3D, 0x86, 0x9A, 0xA7, 0xF7, 0xFE, 0x3A, 0xFB, 0xC2, 0xCE, 0xDD, 0x35, 0x65, 0xFD, 0x38, 0x4A,
    0xDF, 0x66, 0x3D, 0x68, 0xFB, 0x95, 0xF8, 0xB1, 0xFB, 0xB3, 0x07, 0xC7, 0x8B, 0xA2, 0x20, 0x2D,
    0x6F, 0x53, 0x98, 0x9B, 0xA8, 0x62, 0xB1, 0xBE, 0xB5, 0x3A, 0xD7, 0x41, 0x66, 0x39, 0x04, 0x8D,
    0xFD, 0x58, 0x08, 0xD1, 0xE0, 0xAF, 0x13, 0xC0, 0x21, 0x14, 0xA1, 0xC8, 0x69, 0x8C, 0x21, 0xD4,
    0x3D, 0xC3, 0xF5, 0x69, 0x76, 0x3B, 0xA5, 0x46, 0xDD, 0x71, 0x0A, 0x8A, 0x80, 0x96, 0xF8, 0xEB,
    0x14, 0xCD, 0x60, 0x93, 0x7A, 0x7A, 0x8C, 0x1E, 0x43, 0x20, 0x40, 0xD7, 0x79, 0x86, 0x53, 0x2E,
    0x35, 0x78, 0x43, 0x31, 0x4A, 0x13, 0x0C, 0x3D, 0x45, 0x6B, 0x07, 0x7E, 0x41, 0x55, 0x2D, 0xD3,
    0xB4, 0x46, 0x29, 0x49, 0x9B, 0x64, 0x60, 0x92, 0x95, 0x5B, 0xAC, 0x4C, 0x4B, 0xBF, 0xA0, 0x10,
    0xE4, 0xFF, 0x4C, 0x9D, 0x37, 0x66, 0x8A, 0xE3, 0x09, 0xE4, 0xE9, 0x8E, 0xBB, 0x50, 0xD8, 0x34,
    0xF3, 0xFA, 0x76, 0xD1, 0x23, 0x3D, 0x6B, 0x16, 0xAD, 0x24, 0x4D, 0x72, 0x69, 0x04, 0x06, 0x0D,
    0x23, 0x8A, 0x15, 0xFC, 0x03, 0xAD, 0x5A, 0x7D, 0x6C, 0x1C, 0xC7, 0x75, 0x7F, 0xB3, 0x4B, 0xDE,
    0x5A, 0x1C, 0xDD, 0x2D, 0x83, 0x2A, 0x89, 0x2C, 0x73, 0xEF, 0xDC, 0x82, 0x08, 0x94, 0x7A, 0x4F,
    0xA7, 0x02, 0x42, 0x7A, 0x09, 0x56, 0xE6, 0x50, 0x84, 0xCB, 0x16, 0x6A, 0x62, 0xC6, 0xF0, 0x47,
    0x01, 0x45, 0x12, 0x9B, 0x38, 0x68, 0x8B, 0xDA, 0x11, 0x83, 0xAE, 0xE2, 0x73, 0x2C, 0xE9, 0x56,
    0x72, 0x1A, 0x03, 0x35, 0x92, 0x30, 0x1F, 0x68, 0x83, 0x16, 0x4E, 0x14, 0x54, 0x68, 0x1B, 0xA7,
    0xB1, 0x2F, 0xCE, 0x05, 0x60, 0x5C, 0xCB, 0x5C, 0x59, 0x40, 0xF5, 0x87, 0xD1, 0x66, 0x24, 0x55,
    0x16, 0x92, 0x56, 0xF1, 0x3A, 0x91, 0x1D, 0xB8, 0x4E, 0xED, 0x4D, 0x70, 0x4E, 0xE9, 0x8F, 0xE3,
    0xF5, 0xF7, 0x66, 0xF7, 0x24, 0xCA, 0xA6, 0x24, 0x4A, 0x29, 0x7D, 0xBB, 0xA2, 0x79, 0x3B, 0xF3,
    0x66, 0xDE, 0xC7, 0xEF, 0xFD, 0xDE, 0x9B, 0xA5, 0x21, 0x22, 0x47, 0x91, 0x88, 0x88, 0xC8, 0xEA,
    0x75, 0xA9, 0x5D, 0xA4, 0x56, 0x91, 0x12, 0x12, 0xF8, 0xBC, 0x3E, 0x6B, 0x9D, 0x52, 0x76, 0x4C,
    0x76, 0x84, 0x47, 0x46, 0xA5, 0x9A, 0x69, 0xF6, 0x12, 0x3C, 0x46, 0x5E, 0x9D, 0xD6, 0x8E, 0xAE,
    0xF0, 0xF9, 0xB1, 0x5E, 0x67, 0xA6, 0x15, 0xCE, 0xA6, 0x1B, 0x55, 0x32, 0x2C, 0x34, 0x89, 0x5E,
    0xC7, 0xD2, 0x7B, 0xEC, 0xD8, 0xB3, 0x23, 0xCF, 0x51, 0x55, 0xA9, 0x1A, 0xCD, 0x93, 0x9A, 0x28,
    0x24, 0x7C, 0x67, 0xA9, 0xFE, 0x9C, 0x1E, 0xB5, 0x56, 0x53, 0x3A, 0xC0, 0x73, 0xE2, 0xCF, 0x98,
    0x30, 0x9F, 0x93, 0x3F, 0x4D, 0xB3, 0x04, 0x31, 0xAF, 0x9D, 0xFD, 0x49, 0x99, 0x74, 0x40, 0xD4,
    0x20, 0x7A, 0xFC, 0x10, 0xBD, 0x7A, 0x2B, 0xA5, 0xC4, 0x9F, 0x36, 0xD1, 0xDE, 0x02, 0x55, 0x5E,
    0x23, 0x52, 0xE6, 0xC9, 0x9E, 0x72, 0x26, 0x62, 0x29, 0x22, 0x97, 0x48, 0x46, 0x64, 0x63, 0xF8,
    0x61, 0xA2, 0x0D, 0x34, 0xEC, 0xD2, 0x41, 0x97, 0x45, 0xD5, 0x3A, 0x24, 0x14, 0x59, 0x8B, 0x66,
    0x64, 0x8B, 0xF2, 0xBD, 0xBC, 0x5D, 0xAE, 0x36, 0xB3, 0x9D, 0x54, 0xF4, 0x25, 0xB3, 0xCE, 0x95,
    0x3C, 0x3F, 0x1F, 0x51, 0x95, 0xC8, 0x27, 0xAA, 0x9B, 0x55, 0x86, 0xE6, 0xF9, 0xD4, 0x0C, 0xD1,
    0xE7, 0x87, 0x38, 0x11, 0x49, 0xB3, 0x28, 0x9A, 0xEF, 0x61, 0xD0, 0x08, 0x16, 0x4A, 0xEB, 0x4B,
    0xB8, 0x6D, 0xF2, 0x70, 0xDB, 0xE8, 0x4D, 0x11, 0x4D, 0x6F, 0xC0, 0xD7, 0xB3, 0x01, 0xBE, 0x89,
    0xEB, 0x52, 0x89, 0x38, 0x94, 0x64, 0xAB, 0xD0, 0xA5, 0x5D, 0x94, 0xEE, 0xA5, 0xC3, 0x4E, 0xEF,
    0x2C, 0x0D, 0x93, 0x59, 0x94, 0xDB, 0xC1, 0xB2, 0x30, 0x27, 0xB5, 0xB0, 0x10, 0x4A, 0xD8, 0xB2,
    0xE6, 0xD6, 0xEB, 0xBD, 0x46, 0x96, 0x76, 0x9D, 0xC8, 0x8E, 0x4B, 0x76, 0x0C, 0xE5, 0xDB, 0x31,
    0xD4, 0xCF, 0xB7, 0xA0, 0xA2, 0x9A, 0xC7, 0xF1, 0xED, 0x45, 0x0C, 0x15, 0xD8, 0x51, 0xE0, 0x28,
    0x08, 0x0D, 0x9B, 0x7A, 0x1F, 0xD6, 0x45, 0x66, 0x1B, 0xC4, 0xEE, 0xC2, 0xF2, 0x2A, 0x9A, 0xDA,
    0x58, 0x6A, 0x0B, 0x7F, 0x4F, 0x0F, 0x92, 0xF8, 0x49, 0x84, 0x81, 0xF8, 0xFB, 0x7F, 0x2A, 0xB2,
    0x8F, 0x62, 0x73, 0xFB, 0x13, 0xA8, 0x22, 0xC5, 0xD5, 0x80, 0x3E, 0x6A, 0xC4, 0x1B, 0x26, 0x62,
    0x45, 0x4E, 0xE7, 0xE3, 0x1D, 0x58, 0x1B, 0xEA, 0x6B, 0x59, 0x9A, 0x12, 0x19, 0x8B, 0xE4, 0x77,
    0x63, 0x71, 0xFC, 0x64, 0x64, 0x1D, 0x9B, 0x54, 0xF6, 0x19, 0xA9, 0xEC, 0x54, 0x42, 0x3B, 0x2E,
    0xC6, 0x97, 0x31, 0x1E, 0xDA, 0xC4, 0x36, 0x93, 0x59, 0x9A, 0x67, 0x03, 0x34, 0xF7, 0x77, 0xCB,
    0xD4, 0x82, 0x07, 0xB8, 0x56, 0x24, 0x27, 0xC8, 0xF9, 0x03, 0xB2, 0xBF, 0x4A, 0x56, 0xC7, 0x18,
    0x23, 0xA6, 0x3B, 0x14, 0xED, 0xE5, 0xA7, 0x21, 0x42, 0x2E, 0x50, 0x1B, 0xD3, 0xB7, 0xA0, 0x95,
    0xC4, 0x8E, 0x58, 0x1D, 0x42, 0x3B, 0xCA, 0x8A, 0xA1, 0xC2, 0xD8, 0x85, 0xBD, 0x4A, 0x98, 0xDE,
    0x23, 0xA9, 0xAA, 0xD4, 0xEC, 0xF5, 0x14, 0x3C, 0x03, 0x26, 0xC0, 0xB5, 0x96, 0xB2, 0x1F, 0xE8,
    0xC2, 0xD6, 0x34, 0xA4, 0x69, 0x24, 0xA1, 0x4D, 0x29, 0x4D, 0xB7, 0x48, 0xB7, 0xAC, 0x5E, 0xC7,
    0x51, 0xE1, 0x2A, 0x6A, 0x8C, 0x50, 0x7D, 0x7E, 0x7C, 0xD1, 0xF8, 0xEC, 0x08, 0xB5, 0x46, 0x60,
    0x5B, 0x16, 0xDF, 0x9B, 0xB5, 0x8E, 0xA4, 0x76, 0x1C, 0xDA, 0x51, 0xE8, 0xA8, 0xB6, 0xDC, 0x92,
    0x34, 0x17, 0x95, 0x85, 0xD0, 0x69, 0xEF, 0xA1, 0x56, 0x95, 0x52, 0x5F, 0x24, 0x0D, 0xF1, 0x86,
    0xB6, 0x4E, 0xE1, 0x99, 0x86, 0x1D, 0x35, 0x30, 0x95, 0x33, 0x9E, 0x36, 0x7B, 0xD1, 0x8A, 0x7C,
    0xBF, 0xD2, 0x5B, 0x20, 0x07, 0x5F, 0x15, 0xB0, 0xA7, 0x55, 0xF8, 0x72, 0x35, 0xBE, 0x5D, 0x0B,
    0x17, 0x1A, 0xC5, 0xF7, 0x33, 0xF0, 0x23, 0x38, 0xB5, 0x88, 0x4B, 0x70, 0x0F, 0x78, 0x76, 0xAF,
    0x17, 0x6F, 0x86, 0x02, 0x37, 0x21, 0xB4, 0xA6, 0xB3, 0xF0, 0x5A, 0x51, 0xCC, 0x8A, 0x6E, 0xED,
    0xB9, 0x2E, 0xC1, 0xE6, 0x09, 0x8D, 0x48, 0x2B, 0xA2, 0x21, 0x17, 0x20, 0x61, 0x97, 0x60, 0x63,
    0xE7, 0x15, 0x38, 0xB0, 0x7B, 0x37, 0x1C, 0x7F, 0xB3, 0x8F, 0xC8, 0x6B, 0xD7, 0xAB, 0x64, 0x25,
    0x8D, 0x32, 0x64, 0x84, 0x52, 0xDD, 0x58, 0xE8, 0x3A, 0x6C, 0xDB, 0xC2, 0xA2, 0x72, 0xED, 0xB8,
    0x88, 0xF5, 0xB1, 0x73, 0x2B, 0x01, 0xD7, 0xDD, 0x61, 0x40, 0xC6, 0x89, 0xA6, 0xA1, 0x0F, 0x97,
    0x6A, 0x73, 0x59, 0xC4, 0x5D, 0xA9, 0xF1, 0x11, 0xD0, 0xF6, 0x01, 0x0C, 0xEC, 0x5E, 0x95, 0xF3,
    0x5C, 0xB1, 0xB3, 0xCE, 0xC3, 0x64, 0x23, 0x58, 0xF6, 0x7A, 0x68, 0x75, 0x13, 0x42, 0x6F, 0x23,
    0xC6, 0x4E, 0x23, 0x24, 0x67, 0x11, 0xD3, 0x71, 0x00, 0x2D, 0xD7, 0xA1, 0xE5, 0x06, 0x62, 0x30,
    0x44, 0x08, 0x76, 0x4D, 0x04, 0x5A, 0x6F, 0x52, 0x25, 0x41, 0x28, 0x8F, 0x11, 0x7D, 0x9B, 0x3E,
    0x41, 0xF4, 0x63, 0x3A, 0x43, 0xE2, 0xDF, 0xAD, 0xED, 0x24, 0xBE, 0xE0, 0xF8, 0x64, 0x6D, 0x5D,
    0x15, 0x90, 0xBD, 0xF5, 0x8F, 0x30, 0xCE, 0x09, 0x43, 0x72, 0x9C, 0x24, 0xA4, 0x21, 0x3B, 0x6E,
    0x51, 0x73, 0x62, 0xB2, 0x9B, 0x7B, 0x2A, 0x2C, 0xDB, 0xB2, 0xD8, 0x53, 0xB1, 0x1F, 0x78, 0xEB,
    0xEB, 0xDF, 0x52, 0xD6, 0xA9, 0x6D, 0x30, 0x10, 0xBC, 0xD5, 0xEC, 0x25, 0xF3, 0xD6, 0x5C, 0x1F,
    0x62, 0x3E, 0x72, 0xA2, 0xB4, 0x4C, 0x61, 0x40, 0x41, 0x83, 0x82, 0x36, 0xED, 0x49, 0xA9, 0x91,
    0x52, 0x3B, 0xA5, 0x14, 0x4A, 0x69, 0x48, 0x55, 0xF9, 0x3E, 0x2B, 0xCD, 0xEA, 0xF5, 0xCE, 0xC7,
    0x40, 0x7A, 0xF1, 0x18, 0x70, 0x38, 0x06, 0x8E, 0xF7, 0x96, 0xFA, 0x6A, 0x55, 0x24, 0x81, 0xD0,
    0x0D, 0xEB, 0xA5, 0xC4, 0x3E, 0x75, 0x19, 0x0C, 0x6E, 0x53, 0x0E, 0xC0, 0x6F, 0xC1, 0x60, 0x06,
    0x96, 0x30, 0x9C, 0x6D, 0x6D, 0x54, 0xE9, 0x70, 0x86, 0x7C, 0xD6, 0x12, 0xE4, 0xC3, 0x6C, 0xBB,
    0x92, 0x95, 0x06, 0x33, 0x0D, 0x02, 0x0B, 0xAF, 0x83, 0x8F, 0x6D, 0x9B, 0x25, 0xF9, 0xF5, 0xBB,
    0x69, 0xB3, 0x0B, 0x5C, 0x2A, 0x41, 0x05, 0x80, 0xB3, 0xD4, 0xC3, 0xBF, 0x3E, 0xFE, 0xBF, 0x5E,
    0xA6, 0x0D, 0xF7, 0xC2, 0xC3, 0xBE, 0x0F, 0xD8, 0xC3, 0x02, 0xC4, 0xAD, 0xF0, 0xDD, 0x6E, 0x2D,
    0xA2, 0x4E, 0x11, 0xCB, 0x44, 0xDA, 0x0A, 0x0E, 0x02, 0xFE, 0xA1, 0xBD, 0x0A, 0x65, 0xD7, 0x3D,
    0x78, 0x0E, 0xE6, 0x77, 0xB6, 0x68, 0xF2, 0x20, 0x6F, 0x7E, 0xF2, 0xCD, 0x2B, 0x05, 0x8D, 0xC8,
    0x78, 0x37, 0x9C, 0x01, 0x17, 0xEB, 0xC5, 0x28, 0xD1, 0x85, 0x4E, 0x4A, 0x70, 0x0D, 0xCF, 0x5C,
    0x2D, 0x5C, 0x29, 0x55, 0xFE, 0x36, 0xA1, 0xC2, 0x3F, 0xE8, 0x0C, 0x07, 0x19, 0xA5, 0x19, 0xA4,
    0x6B, 0x09, 0xE4, 0xD5, 0x4E, 0xC3, 0x97, 0x5D, 0x78, 0x5F, 0xCB, 0x85, 0x8E, 0x92, 0x92, 0xD0,
    0x22, 0xF1, 0x70, 0xD3, 0x55, 0x2B, 0xB6, 0x62, 0x1F, 0x90, 0x1D, 0xD7, 0xED, 0xC8, 0x80, 0x05,
    0xE0, 0x42, 0x2A, 0xA9, 0x5A, 0x92, 0x45, 0xF7, 0xF4, 0xAF, 0x33, 0x96, 0x3D, 0x96, 0x6F, 0x22,
    0xEE, 0xDF, 0x88, 0xC6, 0xBA, 0x34, 0x93, 0xD2, 0x6C, 0x42, 0xE3, 0xB0, 0xD2, 0x29, 0xB2, 0x5E,
    0xD2, 0xF6, 0xFE, 0x14, 0xAA, 0x45, 0x68, 0x48, 0x4A, 0x5C, 0x47, 0x33, 0x98, 0x2D, 0x72, 0x6A,
    0x6B, 0x73, 0x72, 0x6B, 0x71, 0x7A, 0x4B, 0x08, 0xE1, 0xF0, 0x3C, 0xB2, 0x9C, 0x78, 0x49, 0x87,
    0xD8, 0x5C, 0xBB, 0x8D, 0xDD, 0x85, 0x2D, 0x6C, 0x2F, 0xE4, 0x98, 0xFA, 0x5E, 0x42, 0x72, 0xCB,
    0x71, 0x4D, 0xCD, 0xC5, 0x6D, 0x9D, 0x0B, 0x13, 0xE7, 0xF3, 0x3C, 0x02, 0xCF, 0x2F, 0x01, 0x4B,
    0x9E, 0x9F, 0x41, 0x04, 0x1A, 0xB4, 0x74, 0x11, 0x06, 0x31, 0x2E, 0x25, 0x1E, 0x4E, 0xC5, 0x6D,
    0xC6, 0x79, 0xEC, 0x98, 0x41, 0xA4, 0x4C, 0x37, 0xC2, 0x3B, 0x72, 0x88, 0xB6, 0x16, 0x0B, 0x3C,
    0x29, 0x1C, 0x80, 0x5A, 0x21, 0x83, 0x41, 0x8A, 0xDD, 0x3F, 0x97, 0xE0, 0xF6, 0x06, 0xB4, 0x60,
    0x9D, 0x8E, 0x2D, 0x8D, 0x00, 0x87, 0x1E, 0xEE, 0x8F, 0x9D, 0xC8, 0xD9, 0x02, 0x03, 0x3A, 0xE3,
    0x09, 0x2C, 0xA7, 0xF7, 0x25, 0xC6, 0x5C, 0xB0, 0x01, 0x80, 0xBF, 0x13, 0x40, 0x19, 0x75, 0x5E,
    0x38, 0xAE, 0x36, 0x5C, 0x0F, 0x4B, 0x9C, 0x87, 0xC8, 0x5F, 0x24, 0x64, 0x63, 0xF1, 0x72, 0x4B,
    0x4C, 0x65, 0xD8, 0x6C, 0xAE, 0xD2, 0x31, 0x32, 0x5F, 0x8E, 0x24, 0x5C, 0x80, 0x53, 0x23, 0x85,
    0xB0, 0x33, 0x82, 0xB0, 0x4A, 0xE1, 0x43, 0x34, 0x76, 0x73, 0x34, 0x20, 0x4C, 0x82, 0x6B, 0x6A,
    0xFB, 0x35, 0x35, 0xA4, 0xC8, 0xFB, 0x26, 0xDD, 0x70, 0x87, 0xDA, 0xCC, 0xA9, 0x14, 0x70, 0xCF,
    0x88, 0x8F, 0x8D, 0x06, 0x65, 0xAA, 0xB4, 0x73, 0x86, 0x62, 0xBD, 0x4C, 0x25, 0xA9, 0x7C, 0x49,
    0xEF, 0xBF, 0x9B, 0xF6, 0xB5, 0x29, 0xF4, 0x78, 0xC2, 0xBA, 0xC7, 0x0F, 0x08, 0x7E, 0x40, 0x76,
    0xD6, 0x04, 0xD0, 0x72, 0xFB, 0x3A, 0x15, 0x42, 0x17, 0xED, 0xEB, 0x9B, 0x89, 0x20, 0x6B, 0x81,
    0x04, 0x9C, 0x17, 0x3B, 0x06, 0x50, 0xFC, 0x63, 0x2C, 0xB7, 0x81, 0x51, 0xC1, 0xCA, 0xB9, 0x1A,
    0x41, 0x0F, 0x30, 0xBE, 0xDC, 0xCE, 0x34, 0x64, 0x75, 0x4B, 0xAE, 0xEF, 0xD6, 0xAB, 0xFB, 0x3A,
    0xBB, 0xE1, 0x8B, 0xC1, 0xDA, 0x4A, 0xC7, 0x4C, 0x8B, 0xD1, 0x49, 0xD8, 0x54, 0xD7, 0x84, 0x2D,
    0x70, 0x9A, 0xFA, 0x63, 0x47, 0xC0, 0x52, 0x7E, 0x8A, 0xBF, 0x8F, 0x41, 0x15, 0xB4, 0xFB, 0xB4,
    0xA2, 0xE1, 0xC7, 0x8E, 0x21, 0xA3, 0x9C, 0x7C, 0xE0, 0x2F, 0x69, 0x6C, 0xE2, 0xC0, 0x02, 0x0D,
    0x64, 0xBA, 0x96, 0x73, 0xEB, 0xBD, 0x35, 0x1E, 0x35, 0x9C, 0x84, 0xEA, 0x53, 0x41, 0xD2, 0xF8,
    0x74, 0x32, 0x48, 0x63, 0x56, 0xEC, 0x32, 0xAF, 0x60, 0x4A, 0xE7, 0x39, 0xE4, 0xBB, 0x84, 0xED,
    0x05, 0x3B, 0xA8, 0xF6, 0xA0, 0xE6, 0x15, 0x28, 0x25, 0x4E, 0x28, 0x32, 0xA0, 0x7D, 0xE9, 0x27,
    0xC7, 0x24, 0x18, 0x8A, 0x2A, 0x8D, 0x50, 0x71, 0x86, 0x2A, 0x29, 0xF9, 0x58, 0x6C, 0xC0, 0x1B,
    0x09, 0x65, 0x24, 0x7A, 0x29, 0xCD, 0x24, 0x34, 0xA5, 0xE9, 0x8B, 0x9A, 0x9E, 0x8A, 0xC5, 0x81,
    0xD8, 0x9E, 0x88, 0x76, 0xD8, 0xD1, 0x13, 0x56, 0x67, 0x98, 0x94, 0x58, 0x80, 0x9F, 0xEC, 0x01,
    0xB5, 0xDB, 0x53, 0xD0, 0xF4, 0xCF, 0x5E, 0x4C, 0x67, 0xDE, 0x17, 0x8B, 0xCF, 0x7D, 0x2C, 0xB2,
    0x3F, 0x74, 0x54, 0xED, 0x90, 0x93, 0xEA, 0x89, 0x21, 0x1B, 0xD8, 0x43, 0xEA, 0x9C, 0xF8, 0xA2,
    0xA3, 0x2A, 0x3D, 0x56, 0x39, 0x28, 0x55, 0x1D, 0xD6, 0x93, 0x3A, 0x57, 0x15, 0x4C, 0xE1, 0x44,
    0x7E, 0xAE, 0xCA, 0x38, 0xE4, 0xBC, 0xD6, 0x37, 0x45, 0x16, 0x1D, 0x35, 0xE5, 0x7E, 0x39, 0x72,
    0x27, 0xA2, 0x92, 0x31, 0x7E, 0x3E, 0x83, 0x7B, 0x7E, 0x06, 0xF7, 0x07, 0xDA, 0x3E, 0x9B, 0xD8,
    0x3A, 0x0B, 0x99, 0x44, 0x0A, 0x40, 0x5A, 0x8C, 0x87, 0x2B, 0x87, 0x09, 0x44, 0x0E, 0xB1, 0x02,
    0xB0, 0x1C, 0xCB, 0xBD, 0x16, 0x66, 0x27, 0x7F, 0x90, 0xC9, 0x61, 0xD8, 0xFF, 0x04, 0x6B, 0xA9,
    0xD2, 0xA1, 0xDC, 0x3E, 0x63, 0xB5, 0xAD, 0xDA, 0xFD, 0xF2, 0xA1, 0xC4, 0x9D, 0xD0, 0x49, 0xC9,
    0xD9, 0xAF, 0x3D, 0x67, 0x5C, 0xFB, 0xD2, 0x8A, 0x03, 0xD7, 0x8E, 0xEA, 0xD8, 0x45, 0x58, 0xB2,
    0x3A, 0x94, 0x39, 0x51, 0x85, 0xE1, 0x09, 0x48, 0x85, 0x60, 0xD2, 0xE2, 0x78, 0xC4, 0x34, 0xF5,
    0x05, 0xA2, 0x27, 0xCC, 0x9C, 0x33, 0x1C, 0x36, 0xDB, 0x14, 0x33, 0x4C, 0xC3, 0x12, 0xF1, 0xAF,
    0x75, 0x2C, 0x83, 0x2B, 0xC0, 0x56, 0xE1, 0x95, 0x2E, 0x95, 0x5C, 0x97, 0xFC, 0x12, 0xEF, 0x14,
    0xCE, 0x0C, 0xFE, 0x19, 0xFA, 0xD0, 0x09, 0xB6, 0xDD, 0x08, 0xEB, 0x54, 0x5B, 0x44, 0x90, 0x7C,
    0x87, 0x4C, 0x18, 0xCE, 0x00, 0x2C, 0xC6, 0x00, 0x59, 0xEC, 0x0B, 0x72, 0x7F, 0x62, 0x1D, 0x55,
    0xE2, 0x47, 0x44, 0x0B, 0x86, 0xBF, 0x2F, 0x90, 0x7D, 0x17, 0x0D, 0x95, 0x69, 0x8F, 0x1B, 0x5D,
    0xC4, 0xCA, 0xC3, 0xC6, 0xCA, 0xB3, 0xE4, 0xC4, 0x4C, 0xB2, 0xAE, 0xA7, 0x7D, 0x36, 0xAB, 0x10,
    0x22, 0xF1, 0x40, 0xB5, 0x4C, 0xF2, 0x21, 0x54, 0x16, 0xE6, 0x53, 0x89, 0x32, 0x57, 0x69, 0x61,
    0x9F, 0x09, 0xA6, 0x31, 0x1B, 0xF7, 0x1C, 0x60, 0x19, 0xA6, 0x0D, 0xCA, 0x4E, 0x14, 0xEC, 0x7C,
    0x77, 0x54, 0x7B, 0xF0, 0x27, 0x66, 0xF3, 0x97, 0x79, 0xEE, 0x33, 0xF9, 0x73, 0x77, 0x62, 0xD3,
    0xA9, 0xA9, 0x00, 0xE8, 0x1A, 0x60, 0xDC, 0x4C, 0x78, 0x4B, 0x2C, 0xA7, 0xCA, 0x77, 0xFB, 0x6E,
    0xE0, 0xFA, 0xE5, 0xCA, 0x1C, 0xE6, 0xA1, 0x26, 0xF0, 0xBA, 0x44, 0x45, 0xAC, 0xA0, 0x3C, 0xE5,
    0x51, 0xF5, 0x6E, 0x1F, 0x0B, 0x43, 0x62, 0x75, 0xEB, 0xE4, 0x97, 0xEB, 0xE4, 0xCE, 0x8D, 0x29,
    0x52, 0x03, 0x30, 0x9E, 0x8B, 0xA7, 0xCA, 0xB7, 0xF2, 0x58, 0xFC, 0x57, 0x96, 0x73, 0x6C, 0x00,
    0xD9, 0x41, 0x58, 0x60, 0xB8, 0xB3, 0x08, 0x33, 0xFB, 0x49, 0x78, 0x9F, 0xCE, 0xE2, 0x65, 0xCC,
    0xFA, 0x1F, 0x72, 0x61, 0xFE, 0x92, 0x0F, 0xA7, 0x03, 0x0A, 0x57, 0x3A, 0x70, 0x2F, 0x8E, 0x7F,
    0x90, 0xF7, 0x3A, 0xBB, 0x36, 0x82, 0x34, 0x77, 0x2D, 0x80, 0x15, 0x6C, 0x8C, 0x1D, 0x00, 0xA1,
    0xC4, 0x1B, 0x91, 0xF8, 0x59, 0x64, 0x1F, 0x53, 0x70, 0xDE, 0xCD, 0xB6, 0xC9, 0xB6, 0x1A, 0x76,
    0x1C, 0x5D, 0x3E, 0x98, 0xC5, 0x38, 0x59, 0x4F, 0x2B, 0x71, 0x53, 0x16, 0xEC, 0xB0, 0x26, 0x6B,
    0x14, 0xD4, 0x6C, 0x5F, 0x87, 0x76, 0x5F, 0xE8, 0x55, 0xEB, 0x22, 0x86, 0x8C, 0xEB, 0x5E, 0x34,
    0x79, 0x7C, 0x1D, 0xC9, 0x3F, 0x61, 0x57, 0x76, 0x97, 0xBA, 0x72, 0x89, 0xF1, 0x87, 0x8D, 0xE0,
    0xF3, 0x48, 0x2B, 0xE1, 0xDF, 0xEB, 0x34, 0xBB, 0x3C, 0x0A, 0xBD, 0xC5, 0x8B, 0x41, 0x0B, 0xDE,
    0xE6, 0xC5, 0xB2, 0xE3, 0xFB, 0xF5, 0x35, 0x1B, 0x48, 0x6A, 0xD1, 0x89, 0x42, 0x1D, 0x7E, 0x5A,
    0x0F, 0x82, 0x89, 0x3A, 0x11, 0x0F, 0xCE, 0x54, 0xE9, 0xE1, 0x3F, 0x1F, 0xC3, 0xE1, 0x6A, 0x50,
    0xEF, 0xB5, 0x53, 0xD5, 0x74, 0x60, 0x6A, 0xF9, 0xEF, 0xB0, 0xFF, 0x06, 0xBB, 0xB0, 0x0D, 0x7E,
    0x43, 0x0C, 0xEF, 0xF0, 0x76, 0x2E, 0x66, 0x38, 0xAF, 0x49, 0x18, 0x0E, 0x49, 0x9F, 0x0B, 0x54,
    0xE0, 0x04, 0x7D, 0x18, 0x9E, 0xFA, 0xC5, 0x53, 0x44, 0x4F, 0x9D, 0xD6, 0xE2, 0xFE, 0x28, 0x01,
    0x58, 0x24, 0x3B, 0xEC, 0x23, 0xFA, 0x09, 0xF1, 0x86, 0x1A, 0x86, 0xFB, 0xC2, 0x69, 0x08, 0x4E,
    0x03, 0x7B, 0x29, 0x2A, 0xDD, 0x31, 0x45, 0xE5, 0x47, 0x1F, 0x55, 0x70, 0x9A, 0x28, 0x80, 0x17,
    0xD5, 0x25, 0x13, 0xF2, 0x97, 0x89, 0xA3, 0xE5, 0xF2, 0xFA, 0x3A, 0x17, 0xFA, 0x43, 0x46, 0x6B,
    0xA6, 0xAE, 0xB9, 0x14, 0x8E, 0x69, 0x93, 0xFA, 0x46, 0x2F, 0x0F, 0x86, 0x34, 0xA5, 0xE8, 0xB9,
    0x88, 0x9E, 0xA4, 0x2B, 0x8A, 0xEE, 0x8B, 0xCE, 0xF9, 0x77, 0x9A, 0xFE, 0x98, 0xE9, 0x14, 0x36,
    0x6D, 0x65, 0x48, 0xBE, 0xD7, 0x8E, 0xDA, 0x3B, 0x90, 0x8F, 0x80, 0x4F, 0x75, 0x80, 0xCA, 0x26,
    0x78, 0xDE, 0x0C, 0x48, 0xD0, 0xAC, 0x33, 0x79, 0x3C, 0x76, 0x3E, 0x78, 0x52, 0x39, 0x1F, 0x7F,
    0x86, 0x9C, 0x6F, 0xFC, 0x9C, 0x9C, 0x23, 0x1D, 0xE4, 0x4B, 0x9D, 0x8D, 0xC1, 0xCC, 0x65, 0xC9,
    0x80, 0x06, 0x9E, 0xE6, 0xD8, 0xCA, 0x91, 0x93, 0xE4, 0x54, 0x3E, 0x48, 0xCE, 0x3D, 0x77, 0x92,
    0x73, 0x12, 0xB9, 0x7E, 0x22, 0xCA, 0x13, 0xFC, 0x3B, 0x5F, 0x55, 0xEF, 0xFF, 0x55, 0xFC, 0x0E,
    0xAD, 0xC4, 0x7F, 0x2B, 0x53, 0xE9, 0xF4, 0x33, 0xD3, 0x78, 0xD2, 0xEC, 0x19, 0x78, 0xAB, 0xD5,
    0x14, 0x01, 0x4B, 0x09, 0x1A, 0x85, 0x1D, 0xA6, 0xC8, 0x73, 0x5E, 0x21, 0x5F, 0x22, 0x3C, 0x64,
    0x6E, 0x03, 0x3B, 0xB3, 0x41, 0x0E, 0x96, 0x16, 0x46, 0xB5, 0x39, 0x01, 0xB7, 0x02, 0x20, 0x17,
    0x98, 0x33, 0xF6, 0x8D, 0x80, 0x16, 0xAF, 0xBF, 0x3E, 0x4B, 0xD6, 0x33, 0xCF, 0x4F, 0x11, 0xCC,
    0x0B, 0xD7, 0xD8, 0x8F, 0x1B, 0xB2, 0x3B, 0x1C, 0x4F, 0x75, 0x46, 0x98, 0xC7, 0x77, 0xA8, 0x1F,
    0x60, 0x54, 0x13, 0xF3, 0xCA, 0x75, 0xEE, 0x8F, 0x4A, 0xAE, 0xA5, 0x8A, 0x8C, 0x33, 0xBD, 0x37,
    0xC9, 0x87, 0x9F, 0xFB, 0xA8, 0xF7, 0xEA, 0xE5, 0x41, 0x0A, 0x9D, 0x85, 0x1C, 0x4E, 0x61, 0x22,
    0x81, 0xC9, 0x6D, 0x48, 0x29, 0x6C, 0x22, 0x5A, 0x0D, 0xE7, 0xDE, 0x00, 0x75, 0xDF, 0x73, 0x17,
    0xD1, 0xDF, 0x80, 0xCC, 0x3F, 0xE8, 0x91, 0xFD, 0xA1, 0x32, 0x0D, 0x95, 0xCA, 0x34, 0xB6, 0xBD,
    0xA9, 0xA8, 0x4C, 0x74, 0x03, 0xD1, 0x1D, 0x44, 0xC7, 0xC0, 0x9D, 0x55, 0xE1, 0x2F, 0xA2, 0xD5,
    0x8F, 0xC5, 0xA3, 0x3F, 0x89, 0xE7, 0x4E, 0x27, 0x50, 0xC6, 0x7A, 0x56, 0xC7, 0x1E, 0x9E, 0xF3,
    0xE7, 0xE0, 0x3C, 0x5C, 0x0B, 0x68, 0xC7, 0xC3, 0xBA, 0x1F, 0x7D, 0x04, 0xFC, 0xEA, 0xCF, 0x9E,
    0x45, 0x02, 0x7F, 0xDF, 0xD3, 0x30, 0xCB, 0xDF, 0x3F, 0xAD, 0x9C, 0xF1, 0xA3, 0x0F, 0x28, 0xB9,
    0xE5, 0x81, 0xC9, 0xA8, 0xF9, 0xEC, 0xE9, 0x9D, 0x28, 0x41, 0x42, 0x04, 0xC1, 0x1C, 0x95, 0xAC,
    0xBB, 0xA8, 0x58, 0x18, 0xC1, 0x72, 0xBB, 0xE4, 0xBF, 0xE7, 0xDF, 0xC8, 0xFF, 0xD8, 0xE7, 0xA9,
    0x7E, 0xF2, 0x66, 0xBA, 0xE7, 0xF4, 0x4E, 0x65, 0x8A, 0x94, 0xDD, 0xB7, 0x69, 0x42, 0x91, 0x4E,
    0x1E, 0xF6, 0xE4, 0x62, 0xC9, 0x1C, 0x7B, 0xFF, 0xFB, 0x35, 0x80, 0xFC, 0xCD, 0xE4, 0x3C, 0x70,
    0x33, 0x49, 0x29, 0xC9, 0x03, 0x53, 0x9E, 0x6B, 0x3E, 0xA0, 0x45, 0x0F, 0xD6, 0x49, 0xB0, 0xDF,
    0x10, 0x9E, 0x5A, 0x45, 0x01, 0xF4, 0x0A, 0x0A, 0x9E, 0xCF, 0x01, 0xDD, 0xBC, 0x80, 0xBC, 0x11,
    0x9F, 0xE6, 0x9E, 0xAC, 0x70, 0x17, 0x81, 0x8B, 0x44, 0x79, 0xDB, 0x5D, 0xDC, 0x45, 0x98, 0xC1,
    0x9A, 0x8F, 0xC7, 0xF0, 0xB1, 0x9F, 0x61, 0xCD, 0x0F, 0x83, 0xFB, 0x9D, 0xDA, 0xB1, 0x5B, 0x03,
    0x5E, 0x43, 0xF8, 0x63, 0xD8, 0x02, 0x31, 0x4E, 0x93, 0x14, 0xAC, 0x2D, 0x49, 0x9B, 0xCF, 0x4E,
    0x2E, 0xEC, 0xA9, 0xC9, 0x5E, 0x07, 0xBE, 0x7F, 0xB0, 0x64, 0x1D, 0x88, 0x8A, 0xF4, 0x43, 0xAC,
    0xB9, 0x17, 0xF9, 0xD5, 0x4F, 0x6A, 0xBF, 0xF1, 0x1D, 0x5D, 0x4F, 0x93, 0xE4, 0x9E, 0x93, 0x9D,
    0x36, 0x9B, 0x62, 0x6D, 0x9B, 0xA1, 0x78, 0x5E, 0x5B, 0xBA, 0x6D, 0x45, 0x59, 0x6B, 0x24, 0xA5,
    0x3F, 0x8F, 0x68, 0x5B, 0x64, 0x38, 0xBF, 0xF9, 0x38, 0x71, 0xE1, 0x35, 0xDA, 0x0C, 0xD3, 0xAC,
    0x53, 0x35, 0xE0, 0x61, 0x96, 0x14, 0x8F, 0xC5, 0xA8, 0x05, 0x90, 0xA6, 0xE1, 0x20, 0x83, 0xD8,
    0xF2, 0x0E, 0x66, 0x42, 0x00, 0x0A, 0x28, 0x0A, 0x56, 0x58, 0x67, 0x00, 0xAF, 0xF5, 0xA7, 0xD4,
    0xFC, 0x36, 0x3F, 0xFB, 0xC4, 0xD8, 0x56, 0x1D, 0x78, 0x08, 0x52, 0x0F, 0xA8, 0xE6, 0x7B, 0x26,
    0xA5, 0x85, 0xF5, 0x80, 0x42, 0x14, 0x5F, 0x1B, 0x1E, 0xD7, 0x34, 0xF8, 0x2A, 0x31, 0x0B, 0x65,
    0x59, 0x24, 0xD9, 0xF4, 0x83, 0xE6, 0xB3, 0x0A, 0x06, 0xA7, 0x3D, 0x23, 0xA9, 0xBF, 0x36, 0x0C,
    0xD6, 0x8F, 0xD6, 0x37, 0x8D, 0x86, 0x9B, 0xAE, 0x0F, 0x67, 0x36, 0x86, 0xAD, 0xD9, 0xC6, 0x0B,
    0x51, 0xAD, 0x6B, 0x7A, 0x37, 0xB1, 0xA9, 0x60, 0xB2, 0x2E, 0xC8, 0xAE, 0xC4, 0xD2, 0x50, 0x7F,
    0xD9, 0x25, 0xB7, 0x3A, 0xE5, 0x8E, 0x75, 0x77, 0x06, 0xCE, 0x23, 0x0D, 0xAA, 0xD6, 0x39, 0xEA,
    0xDB, 0x65, 0x4B, 0x3B, 0x20, 0xB4, 0x53, 0x39, 0x56, 0x32, 0x67, 0xB4, 0xE3, 0xCD, 0x13, 0xF1,
    0xBE, 0xDE, 0x79, 0xA2, 0x96, 0x11, 0xBD, 0x66, 0x54, 0x03, 0x82, 0xEC, 0xC6, 0xA5, 0xA9, 0x8C,
    0xAA, 0xBB, 0x84, 0x5A, 0x82, 0x0B, 0x6F, 0x17, 0x75, 0x8B, 0xE4, 0xDA, 0x1B, 0x3A, 0x72, 0x50,
    0xBB, 0x70, 0x8D, 0x9D, 0x4B, 0xDE, 0x23, 0x3A, 0x9E, 0x3D, 0xE5, 0x15, 0xA8, 0x58, 0xA4, 0xD2,
    0x5A, 0x72, 0x37, 0x92, 0x9C, 0xE6, 0xF4, 0xEA, 0x98, 0xAF, 0xC5, 0x67, 0x71, 0x63, 0x4A, 0xF7,
    0x3B, 0x19, 0xB3, 0xBF, 0x52, 0x01, 0x85, 0xF5, 0x64, 0x7F, 0x90, 0xC4, 0xB1, 0xCB, 0x4B, 0xCA,
    0x7E, 0xB8, 0xE3, 0x65, 0x81, 0xFF, 0x23, 0xF4, 0x02, 0xB6, 0x46, 0xB5, 0x53, 0xAD, 0x52, 0xB5,
    0x01, 0xCF, 0x0A, 0xEA, 0x45, 0xDC, 0xFC, 0x91, 0x06, 0x35, 0xBC, 0xD1, 0x3A, 0x98, 0xFA, 0xC6,
    0x40, 0x24, 0xA5, 0x59, 0xCF, 0x89, 0x65, 0x8C, 0x8C, 0xE9, 0xB0, 0x7E, 0x56, 0xF1, 0x14, 0xDC,
    0x5E, 0x12, 0x2D, 0xB3, 0xD6, 0x3C, 0xEE, 0xBB, 0x7B, 0xA5, 0x72, 0xE5, 0x76, 0x94, 0xA6, 0xCE,
    0x87, 0x6C, 0x15, 0x38, 0x0F, 0x3A, 0xE0, 0x9E, 0x93, 0xAB, 0x80, 0xA5, 0x93, 0x1F, 0xA1, 0xD0,
    0xB5, 0xEF, 0x84, 0x02, 0x91, 0x20, 0x2B, 0x1D, 0x8B, 0x41, 0x93, 0x39, 0x0D, 0x23, 0x31, 0x71,
    0xC0, 0x51, 0xC5, 0x14, 0x38, 0xD8, 0xFC, 0x2E, 0x04, 0xC4, 0x0B, 0x3B, 0xB0, 0x58, 0xCC, 0x65,
    0xAA, 0x5C, 0x50, 0x03, 0xFC, 0x1B, 0x60, 0xA5, 0x0D, 0x78, 0x4E, 0x1D, 0x8B, 0xC5, 0xFA, 0xA8,
    0xFC, 0x71, 0x20, 0x1D, 0x57, 0x73, 0xED, 0x7C, 0x47, 0x23, 0xDC, 0x3D, 0x94, 0xB7, 0x69, 0xD4,
    0x6E, 0x01, 0xA5, 0x0D, 0x4A, 0x43, 0xAE, 0x85, 0xE3, 0x60, 0x52, 0x49, 0xE3, 0x06, 0xD9, 0xCF,
    0xE2, 0x14, 0x89, 0xDB, 0xB5, 0xC9, 0x98, 0xB4, 0x06, 0x17, 0x6C, 0x3D, 0x3F, 0xB9, 0x60, 0x1F,
    0xFD, 0xBC, 0x27, 0xC7, 0x07, 0x4A, 0xEC, 0x9B, 0x1C, 0x97, 0xF8, 0xB6, 0xC4, 0x6A, 0xC1, 0x05,
    0xD7, 0x80, 0x6F, 0x08, 0x54, 0x0C, 0x72, 0x7F, 0x2A, 0x5F, 0x83, 0x44, 0x4E, 0x6E, 0x05, 0xAC,
    0xFD, 0xBD, 0x40, 0xF1, 0xDF, 0xF8, 0x0C, 0x99, 0x76, 0xEC, 0x60, 0x36, 0xBB, 0xB3, 0xB0, 0x48,
    0xE5, 0x6B, 0x8F, 0x29, 0x1F, 0x0B, 0xAE, 0xE3, 0x0A, 0xCD, 0x25, 0x0D, 0x36, 0xD4, 0xD7, 0xC3,
    0x79, 0x5E, 0xE2, 0x42, 0x08, 0x63, 0x7F, 0xFB, 0x9B, 0x44, 0xBF, 0xF9, 0xFB, 0x57, 0x07, 0xED,
    0xF3, 0xF0, 0xFE, 0x5B, 0xD6, 0xAC, 0x18, 0xE2, 0x8D, 0xD7, 0x77, 0x44, 0xB2, 0x07, 0x4B, 0x42,
    0xE0, 0x55, 0x0D, 0xAB, 0xCD, 0xBA, 0x00, 0x75, 0xF3, 0x4B, 0x99, 0xD7, 0xDD, 0xEF, 0x79, 0xB6,
    0xC9, 0xE9, 0xE6, 0xE4, 0x9A, 0x91, 0x68, 0x30, 0x7F, 0x32, 0x34, 0x77, 0xFC, 0x5E, 0x59, 0xD2,
    0x0E, 0x65, 0x6B, 0x09, 0xE6, 0xA5, 0xD6, 0x8F, 0x0C, 0x51, 0x1D, 0x53, 0xC3, 0x9F, 0x8C, 0x37,
    0x6B, 0xF6, 0x49, 0x67, 0x8E, 0x3D, 0x6F, 0xB5, 0x11, 0xFE, 0xCE, 0xF0, 0xF5, 0x83, 0x50, 0xB3,
    0xDA, 0xD6, 0x39, 0x34, 0x1A, 0xCE, 0xAC, 0x09, 0x37, 0x4D, 0xAD, 0x53, 0xEF, 0x5B, 0x18, 0xC6,
    0x0E, 0xD6, 0x19, 0x94, 0xD8, 0x6D, 0x3C, 0x7E, 0x18, 0xBF, 0x8B, 0x43, 0xFC, 0x71, 0xEE, 0x22,
    0xFB, 0x23, 0x34, 0x38, 0x40, 0x62, 0x80, 0x96, 0xFE, 0x5C, 0x8B, 0xEB, 0x5D, 0xEA, 0x03, 0x78,
    0xFA, 0x03, 0x31, 0xF2, 0xAD, 0x19, 0xB1, 0xE4, 0x67, 0x8A, 0x3F, 0xF6, 0x02, 0xB7, 0x75, 0x06,
    0xAF, 0x21, 0x6B, 0x15, 0xF5, 0xAD, 0x32, 0x66, 0x74, 0x30, 0x65, 0xEE, 0x03, 0x94, 0x77, 0x0C,
    0xD9, 0x7B, 0x2D, 0xD8, 0x08, 0x9B, 0x58, 0x63, 0x25, 0x00, 0x95, 0x8A, 0x02, 0x71, 0x5A, 0x2A,
    0xF0, 0x2B, 0x3C, 0x68, 0x9E, 0x5D, 0x86, 0xA7, 0x79, 0xD7, 0x05, 0xB2, 0x04, 0x67, 0x08, 0x89,
    0x8D, 0xAE, 0x01, 0xB2, 0x91, 0xCF, 0xD5, 0xF8, 0x7A, 0x36, 0xEB, 0x26, 0xEA, 0x67, 0x41, 0xA5,
    0xC8, 0xDE, 0x12, 0x5D, 0xBA, 0xFD, 0x75, 0x3A, 0x6B, 0x7F, 0xFD, 0x97, 0x54, 0x76, 0x02, 0x57,
    0x8F, 0x4A, 0x70, 0x71, 0xD3, 0xFE, 0xD2, 0x59, 0x81, 0x6F, 0x48, 0x7F, 0x7F, 0x1B, 0x42, 0x4D,
    0x59, 0x47, 0x22, 0xD3, 0x79, 0x46, 0x6E, 0x8C, 0xB9, 0x50, 0x31, 0xA5, 0x51, 0xCE, 0x6E, 0x2A,
    0x14, 0xEC, 0xA4, 0xCA, 0x83, 0x99, 0x75, 0x4C, 0xA7, 0x66, 0xD0, 0x30, 0x17, 0x90, 0xFD, 0xEF,
    0xA9, 0xC2, 0xEB, 0x2A, 0x6F, 0x63, 0x2F, 0x97, 0xDF, 0xE1, 0xCB, 0x90, 0xB2, 0x73, 0x8A, 0x2A,
    0x53, 0xE0, 0x65, 0xE4, 0x29, 0x42, 0xFD, 0xC3, 0x64, 0xC4, 0x90, 0x7D, 0xD0, 0x6D, 0xD3, 0x95,
    0xD2, 0xD4, 0x6E, 0x70, 0x97, 0x29, 0xA9, 0x8A, 0xE7, 0x7C, 0x71, 0xA2, 0x61, 0x3D, 0x93, 0xD8,
    0xA7, 0xA6, 0xED, 0x68, 0x18, 0xA2, 0x64, 0xBF, 0xCB, 0x24, 0xDF, 0x5E, 0x50, 0xFD, 0x56, 0x5C,
    0xAA, 0xA8, 0xCA, 0x23, 0xE4, 0x4D, 0x2C, 0x2D, 0xA8, 0x0A, 0x44, 0x45, 0x0B, 0x19, 0xBD, 0xDD,
    0x6F, 0xB1, 0xBF, 0xAD, 0x83, 0x9A, 0xCF, 0x59, 0xA0, 0xA1, 0x5A, 0xD7, 0xCD, 0xA9, 0xBE, 0x6F,
    0xF8, 0x65, 0xD8, 0xEF, 0x8B, 0xA6, 0xAB, 0xB3, 0x91, 0xEB, 0x5E, 0xA4, 0xC2, 0xA9, 0xB7, 0x8E,
    0xAC, 0xF5, 0xDC, 0xA1, 0xD2, 0x60, 0x11, 0x69, 0xEB, 0x22, 0xA3, 0xC4, 0x8B, 0x8A, 0xF7, 0xC0,
    0xBA, 0x40, 0x42, 0x08, 0x80, 0x83, 0xCD, 0x84, 0x3D, 0x7D, 0x15, 0xA5, 0x65, 0x5B, 0xCB, 0x45,
    0x76, 0xA7, 0xFE, 0x24, 0x95, 0x8E, 0xEF, 0xF9, 0xA5, 0x7A, 0x09, 0xB5, 0x3E, 0x2A, 0x86, 0x56,
    0xD8, 0xD4, 0x8E, 0x9E, 0x3F, 0x90, 0x16, 0x66, 0xAA, 0x43, 0x20, 0xFA, 0xFE, 0x5A, 0xE4, 0xC8,
    0x3A, 0x53, 0x0F, 0x4E, 0xD4, 0xF2, 0x71, 0x98, 0xEE, 0xDE, 0x5F, 0x41, 0xD9, 0x49, 0x9A, 0x62,
    0x4B, 0x49, 0x8B, 0xC3, 0x16, 0x08, 0x80, 0xC4, 0x43, 0x87, 0x2B, 0x9D, 0x0A, 0xBB, 0x2D, 0xB7,
    0xA0, 0x32, 0x00, 0xB4, 0xE9, 0x3C, 0xE7, 0x91, 0xC9, 0x4C, 0x53, 0xAD, 0x09, 0xBF, 0x71, 0x22,
    0x46, 0x79, 0xBF, 0x1F, 0x85, 0xFE, 0x69, 0x53, 0xE3, 0xE3, 0x9B, 0x4F, 0x3D, 0x8D, 0xE5, 0x7C,
    0xF7, 0x41, 0xA2, 0xE3, 0x27, 0xB7, 0xDE, 0x44, 0xFF, 0x32, 0x39, 0xF1, 0x26, 0xA3, 0xD7, 0x1F,
    0x52, 0xBF, 0xF7, 0xCD, 0x6D, 0x7E, 0x2B, 0xC9, 0x7A, 0xC6, 0x60, 0x25, 0x7A, 0x48, 0xE4, 0xFD,
    0x17, 0xF1, 0x08, 0x89, 0x4F, 0x98, 0xDE, 0x83, 0x13, 0x1D, 0x74, 0xA2, 0xB6, 0xAB, 0x6A, 0xAF,
    0x19, 0xE7, 0x42, 0x46, 0xD5, 0x06, 0xC6, 0x48, 0xCE, 0xF9, 0xDE, 0x1A, 0x4F, 0x34, 0x64, 0xDE,
    0x25, 0xD8, 0x07, 0x9E, 0x60, 0x47, 0xEF, 0x56, 0xD7, 0x72, 0x6B, 0x0D, 0x66, 0x7F, 0xAF, 0xA6,
    0x16, 0xF6, 0x95, 0x60, 0x47, 0xE0, 0xB8, 0xE2, 0x25, 0xEE, 0xC2, 0x46, 0x64, 0x3F, 0x15, 0x1B,
    0x02, 0x07, 0x33, 0x33, 0x7D, 0x23, 0x73, 0xE2, 0xC0, 0x58, 0x62, 0x92, 0xC3, 0xAA, 0x7E, 0xAC,
    0xD5, 0xAC, 0xD4, 0x1D, 0x9A, 0x01, 0x16, 0x14, 0xA7, 0x19, 0x3B, 0xFC, 0x06, 0x52, 0x0B, 0xF8,
    0x1B, 0x52, 0x02, 0xD6, 0x10, 0xE7, 0xAE, 0xBA, 0x81, 0x03, 0x24, 0x41, 0xAA, 0x39, 0x48, 0x2D,
    0xA8, 0xF1, 0x85, 0x69, 0x38, 0x2A, 0xBE, 0x7B, 0x05, 0x7E, 0xF7, 0x2C, 0xA4, 0x9C, 0x01, 0x13,
    0xFE, 0x2A, 0xF7, 0x7A, 0xDB, 0x26, 0x07, 0x98, 0x7E, 0x2F, 0x07, 0x01, 0xC8, 0xCB, 0x9D, 0xA5,
    0xED, 0x54, 0x6C, 0x33, 0x89, 0xAA, 0xFE, 0x9C, 0x36, 0xEF, 0x30, 0x14, 0xDF, 0xD1, 0xFD, 0x75,
    0x3B, 0xDD, 0x95, 0xAC, 0x7B, 0x6F, 0xBF, 0x72, 0x38, 0x6B, 0x2A, 0x07, 0x2B, 0x95, 0x17, 0x2E,
    0xD8, 0xCF, 0x17, 0xCC, 0x00, 0xD2, 0xEC, 0x56, 0xA2, 0xE9, 0xE4, 0x53, 0x28, 0x0D, 0xE0, 0xAD,
    0xC7, 0x31, 0xDB, 0x51, 0x58, 0xF0, 0x0C, 0xF4, 0xFB, 0x75, 0x5C, 0x93, 0xF0, 0x3D, 0x78, 0x21,
    0x42, 0x93, 0xCA, 0xDC, 0x9C, 0x8C, 0xE6, 0x0C, 0xFC, 0xA4, 0x1B, 0x36, 0x26, 0xCF, 0x88, 0x13,
    0x4A, 0xFC, 0x90, 0xE1, 0x00, 0x75, 0x22, 0xB7, 0xB6, 0xB6, 0xA0, 0x48, 0xE8, 0x9C, 0x6F, 0x5D,
    0xE6, 0x5D, 0x64, 0xBD, 0x5C, 0x17, 0x19, 0xD5, 0x36, 0x77, 0x91, 0x8F, 0x73, 0x17, 0x99, 0x53,
    0x38, 0x9F, 0x0D, 0xF0, 0x25, 0xA8, 0x46, 0x89, 0x2B, 0x74, 0xC9, 0x8A, 0x8B, 0x56, 0x5C, 0x01,
    0x77, 0x03, 0x14, 0x00, 0xE4, 0xB9, 0x22, 0x42, 0x50, 0x6D, 0xE4, 0x02, 0x07, 0x3E, 0x20, 0x15,
    0xC4, 0x20, 0x6D, 0xB5, 0xAD, 0x13, 0x11, 0x04, 0x1D, 0x51, 0x2C, 0x89, 0x58, 0x14, 0xB1, 0x2C,
    0x62, 0x61, 0xC4, 0xD2, 0x8C, 0x38, 0x23, 0xCF, 0x08, 0x64, 0x89, 0x0A, 0x22, 0x7A, 0x91, 0x8B,
    0xC5, 0x97, 0x30, 0x10, 0x52, 0xC0, 0x11, 0x23, 0x82, 0x10, 0x73, 0x41, 0x12, 0xB4, 0x9D, 0x64,
    0x08, 0xD7, 0xEB, 0x9D, 0x3B, 0xCD, 0x72, 0xCE, 0x9D, 0x66, 0x49, 0x26, 0xFE, 0xEE, 0x9D, 0x88,
    0x02, 0x77, 0x97, 0xE2, 0x83, 0x44, 0x3E, 0xCD, 0xE2, 0xFA, 0xC8, 0x17, 0x1A, 0x01, 0x27, 0x74,
    0xF3, 0x78, 0x6F, 0x0B, 0xA7, 0x66, 0x1E, 0x37, 0xCD, 0x41, 0xD1, 0x66, 0x0F, 0x6A, 0xE6, 0x75,
    0x40, 0x0D, 0x11, 0xCB, 0x6D, 0xD2, 0x12, 0xB6, 0x51, 0x84, 0xD3, 0x7A, 0x70, 0x6E, 0xDF, 0x3E,
    0x10, 0xFB, 0x08, 0xA8, 0x3A, 0x07, 0x95, 0x14, 0x59, 0x7F, 0x76, 0x90, 0xCB, 0x43, 0x99, 0xE5,
    0x31, 0x4E, 0x77, 0xA0, 0xAA, 0x08, 0xBA, 0x43, 0xAE, 0xBC, 0xBB, 0x5A, 0xF6, 0x82, 0xAA, 0x17,
    0x04, 0x5E, 0x23, 0xF0, 0xEB, 0x41, 0x3D, 0x08, 0xDA, 0xE5, 0xB2, 0x76, 0x7A, 0xB7, 0xD2, 0x3B,
    0x0E, 0xB1, 0x8C, 0x2E, 0xA3, 0x85, 0x57, 0x01, 0x43, 0xD6, 0x8D, 0x96, 0x0E, 0x7F, 0xA1, 0x1B,
    0x8F, 0xC5, 0xC1, 0x7D, 0xAA, 0xF2, 0xA4, 0xA2, 0x9B, 0xD4, 0xE5, 0x32, 0xA7, 0x2A, 0x8B, 0xD8,
    0x41, 0xA5, 0x33, 0xC3, 0xC0, 0x2F, 0x42, 0x6E, 0x97, 0x5C, 0x34, 0x73, 0x9A, 0x22, 0x1B, 0x3C,
    0x0E, 0xBB, 0x28, 0xC4, 0x34, 0x04, 0x88, 0xE2, 0x4E, 0xFB, 0xCC, 0x6C, 0x6B, 0xE3, 0xB9, 0x33,
    0xC6, 0xEC, 0x0C, 0xC6, 0x8E, 0xCE, 0x77, 0xDA, 0x99, 0xEB, 0xCE, 0x9A, 0x4F, 0x96, 0xEA, 0x6A,
    0x17, 0xE9, 0x31, 0x71, 0x0B, 0xA5, 0x5E, 0x02, 0x94, 0x95, 0x98, 0x60, 0xD3, 0xAD, 0x94, 0x65,
    0x22, 0x70, 0x33, 0x67, 0xB6, 0xF9, 0xD9, 0x85, 0x2A, 0xE9, 0xB2, 0x40, 0x25, 0x4C, 0x0E, 0x98,
    0xC1, 0x21, 0x3E, 0x55, 0x5D, 0x0A, 0xB4, 0xBB, 0x8C, 0x01, 0xF7, 0x32, 0xD7, 0x8D, 0x4A, 0xFC,
    0x51, 0x6E, 0x81, 0x64, 0x91, 0x9C, 0x51, 0x26, 0x98, 0x4C, 0x1B, 0x4D, 0x7E, 0x80, 0x76, 0x5D,
    0x4D, 0xCB, 0xCE, 0xF6, 0xAE, 0xFF, 0xA0, 0x1B, 0x5E, 0x5C, 0xE9, 0x6C, 0xB0, 0xED, 0xB9, 0xD9,
    0x56, 0xDE, 0xEA, 0x4F, 0xC1, 0xD2, 0x38, 0x95, 0xC2, 0x06, 0x86, 0x55, 0xAC, 0x36, 0xF8, 0xE2,
    0xC4, 0x1D, 0x01, 0xA7, 0xFE, 0x99, 0x29, 0xAF, 0xA1, 0xE5, 0x37, 0x09, 0x15, 0x9B, 0x74, 0x69,
    0xEF, 0x85, 0xE0, 0xD2, 0xEC, 0x3D, 0xBD, 0x30, 0xF3, 0xDC, 0xD1, 0xF8, 0x8B, 0xC7, 0xEF, 0x47,
    0xE0, 0x3A, 0x91, 0x15, 0x3B, 0x17, 0x1C, 0xD2, 0xB0, 0xB7, 0xC3, 0x62, 0x48, 0x32, 0x3E, 0x4A,
    0x34, 0x2E, 0x78, 0x65, 0x7E, 0x3A, 0x90, 0x9D, 0x10, 0x8C, 0xF5, 0xBC, 0x4F, 0x9E, 0xF6, 0x6F,
    0x79, 0x2A, 0x40, 0xAD, 0x6B, 0x2B, 0xEE, 0x7C, 0x3B, 0x22, 0x95, 0xBF, 0xD7, 0x72, 0x3A, 0x4D,
    0x52, 0x05, 0x03, 0x76, 0x20, 0x9F, 0xED, 0xE6, 0x09, 0x90, 0x3F, 0x73, 0x80, 0xC0, 0xCD, 0xF6,
    0x14, 0x93, 0x25, 0x04, 0x17, 0xA7, 0xF2, 0x36, 0x00, 0xED, 0x5F, 0x2F, 0x39, 0x44, 0x60, 0x3F,
    0xAF, 0x25, 0x59, 0xD5, 0x4A, 0xD8, 0x35, 0x1B, 0x18, 0x16, 0xDE, 0x67, 0x42, 0xD9, 0xCB, 0xCE,
    0xDB, 0x77, 0x2A, 0x09, 0xF0, 0x97, 0x46, 0x53, 0x88, 0x66, 0x31, 0xCD, 0x4F, 0xC1, 0x79, 0xD6,
    0xA9, 0x0B, 0xCE, 0x2B, 0x86, 0x71, 0x6D, 0x6A, 0x91, 0xB7, 0x31, 0xA5, 0xCA, 0xE3, 0x09, 0x15,
    0x90, 0x76, 0xE8, 0x4B, 0x10, 0x03, 0xC5, 0xD1, 0x44, 0x76, 0x5E, 0x71, 0xBE, 0x73, 0xF7, 0x03,
    0xAA, 0xFE, 0x98, 0xE4, 0x19, 0x56, 0x92, 0xD8, 0x9E, 0x77, 0xEE, 0xB8, 0x01, 0x60, 0x28, 0x74,
    0x2B, 0x2F, 0xAF, 0x4E, 0x7D, 0x05, 0xB0, 0x70, 0x18, 0x1E, 0x52, 0xC6, 0x7A, 0x4B, 0x58, 0xAF,
    0x97, 0x9F, 0x9E, 0xF8, 0xE6, 0xA4, 0x64, 0xC8, 0xB8, 0x67, 0x7E, 0xB8, 0x54, 0x53, 0xF2, 0xC2,
    0xFE, 0xAA, 0x7F, 0x61, 0x7F, 0xD5, 0x1C, 0x2F, 0x9A, 0x46, 0x3C, 0x88, 0xF8, 0x28, 0x78, 0xC7,
    0x6E, 0x44, 0xFD, 0x7D, 0xA7, 0x0E, 0x93, 0x73, 0x4A, 0x65, 0xDA, 0x88, 0x33, 0xCE, 0x2F, 0xCE,
    0x8E, 0x64, 0x51, 0xDF, 0x2F, 0xFE, 0xC1, 0x92, 0x92, 0x8F, 0x1E, 0x49, 0xBE, 0x7B, 0x7F, 0xDC,
    0x7C, 0x39, 0x3F, 0xC7, 0x72, 0xF6, 0x2B, 0x3E, 0x01, 0x1C, 0xBE, 0xBA, 0x89, 0x39, 0xEB, 0x16,
    0xCF, 0x39, 0xCE, 0xE5, 0x84, 0xB4, 0x4D, 0x73, 0x68, 0xCA, 0x30, 0x9F, 0x4B, 0xBE, 0x3B, 0x20,
    0xF3, 0x77, 0x0D, 0x06, 0x79, 0xCE, 0x12, 0xA7, 0x62, 0x99, 0x57, 0x1A, 0xBF, 0xDE, 0xB9, 0xAC,
    0x62, 0x7C, 0x3F, 0xC1, 0x51, 0xDF, 0xCD, 0x29, 0xE7, 0x95, 0xF7, 0xFF, 0x97, 0xCF, 0xDE, 0xD8,
    0xD1, 0x0B, 0x1D, 0x6C, 0x20, 0x58, 0x62, 0x5A, 0x3E, 0xA3, 0xE4, 0xC8, 0x0A, 0x40, 0xB7, 0x50,
    0xAE, 0x8C, 0xA3, 0x70, 0xE0, 0x89, 0x33, 0x55, 0x5F, 0x90, 0xC1, 0x0F, 0x33, 0xF0, 0x9B, 0x38,
    0x60, 0xDE, 0x84, 0xE1, 0x03, 0x30, 0xBA, 0x47, 0xD7, 0x75, 0x18, 0xAC, 0x35, 0xAD, 0x02, 0x4C,
    0xAE, 0x06, 0x82, 0xAF, 0x45, 0xFA, 0x18, 0x05, 0xDD, 0xDB, 0x88, 0xFD, 0x4D, 0x03, 0x2B, 0x67,
    0x81, 0x82, 0x31, 0x18, 0x98, 0x6A, 0xD1, 0xB7, 0x10, 0x19, 0x87, 0x4D, 0x8D, 0x51, 0xA4, 0xF3,
    0xAF, 0x28, 0x98, 0x92, 0x9B, 0xF3, 0xED, 0x4C, 0xC2, 0x87, 0x06, 0x47, 0xB4, 0x38, 0x10, 0x5B,
    0x13, 0xB1, 0x63, 0x47, 0x67, 0x9C, 0x68, 0xC1, 0xEE, 0x70, 0xEB, 0x2C, 0x0B, 0x00, 0xA1, 0xAE,
    0x28, 0x6B, 0x6A, 0xDF, 0xEC, 0x6B, 0x30, 0xDF, 0x17, 0x37, 0xA6, 0x96, 0xCF, 0x9A, 0x28, 0xD2,
    0x5C, 0x6E, 0x4E, 0x5C, 0xEF, 0x51, 0xD8, 0xC8, 0xCE, 0xF9, 0xAE, 0x28, 0x39, 0xC7, 0x59, 0x21,
    0xC8, 0x9C, 0x6E, 0xC8, 0x10, 0xA0, 0x4B, 0x26, 0xE7, 0x69, 0xC6, 0x27, 0x78, 0x85, 0xA5, 0xAE,
    0x08, 0x35, 0x18, 0x5D, 0xC3, 0x1C, 0x30, 0xE2, 0xAC, 0xFD, 0xB5, 0x3C, 0x6A, 0x60, 0x2B, 0xCD,
    0x98, 0xE3, 0xD9, 0xA0, 0x20, 0x1F, 0xE0, 0xBF, 0xC9, 0x15, 0x76, 0x7E, 0xD8, 0xFD, 0x6D, 0xA2,
    0x33, 0xC2, 0x1C, 0x76, 0xDF, 0x45, 0xE2, 0x0B, 0x85, 0x80, 0xAC, 0xAD, 0xC5, 0x3A, 0xD9, 0x5B,
    0xD7, 0x86, 0x64, 0x3B, 0x33, 0x7C, 0xD8, 0xAD, 0x5B, 0x7C, 0xD8, 0x9D, 0x52, 0xF3, 0x7E, 0x03,
    0xBB, 0x59, 0x25, 0xB7, 0xBE, 0xCF, 0x34, 0x61, 0x2E, 0xB1, 0x80, 0xB5, 0xEE, 0x01, 0xE5, 0x7C,
    0xA2, 0x90, 0xD0, 0x99, 0xA2, 0x16, 0x0F, 0xBD, 0x27, 0xB6, 0xB6, 0x7F, 0x34, 0x76, 0xDC, 0xA3,
    0xD1, 0x19, 0x40, 0xC2, 0xC2, 0x90, 0x39, 0xEE, 0x98, 0xC9, 0x10, 0x8E, 0x09, 0x27, 0x1B, 0x6E,
    0x05, 0xA1, 0x94, 0x75, 0x52, 0x0F, 0x2F, 0x7D, 0x9D, 0x23, 0xE1, 0xD7, 0x39, 0x46, 0x53, 0x9A,
    0x69, 0x91, 0x6E, 0x8B, 0x5E, 0xC7, 0x66, 0x92, 0x5E, 0x1F, 0xA1, 0x60, 0x7E, 0x7C, 0x71, 0x60,
    0x80, 0xFC, 0xE9, 0x0C, 0xCA, 0x48, 0xBC, 0x1C, 0xC9, 0x09, 0x6E, 0xA6, 0x06, 0x7D, 0x7B, 0x86,
    0x65, 0xAA, 0xEF, 0xA0, 0xDA, 0x17, 0x0C, 0x1E, 0x21, 0x46, 0xA5, 0x97, 0x45, 0xEA, 0x4A, 0x66,
    0x5E, 0xDA, 0xA8, 0xBF, 0xCC, 0xCC, 0xA2, 0xD7, 0xC3, 0x06, 0xBF, 0xC6, 0xDE, 0xF9, 0x10, 0xD4,
    0x6D, 0x73, 0x2C, 0xAD, 0x62, 0xC7, 0x5B, 0x7B, 0x23, 0x58, 0xC6, 0xCC, 0xBD, 0x48, 0xC8, 0xCC,
    0x8E, 0x2C, 0x10, 0x58, 0x44, 0x58, 0x5A, 0x80, 0xB1, 0x13, 0x54, 0x26, 0x5B, 0x7B, 0x79, 0x75,
    0xF8, 0xF2, 0x7D, 0x91, 0xB4, 0x4F, 0x68, 0x0F, 0xD4, 0x26, 0x70, 0x26, 0xA3, 0x86, 0x7B, 0x18,
    0x22, 0xC0, 0xAD, 0x90, 0x06, 0x83, 0x1B, 0xB6, 0xA8, 0xCA, 0x89, 0x2E, 0xA4, 0xF0, 0x99, 0x98,
    0xB2, 0xFE, 0x55, 0xF1, 0x39, 0xF9, 0xB9, 0x57, 0x43, 0xD2, 0x4B, 0xBD, 0x1A, 0x32, 0x3C, 0x1C,
    0x4E, 0xD7, 0x98, 0x2C, 0x76, 0xA5, 0xEB, 0xB9, 0x41, 0x75, 0xDF, 0xD9, 0x7B, 0x91, 0x37, 0xCE,
    0x9D, 0x29, 0x8A, 0x5E, 0xE4, 0x8C, 0xA7, 0x03, 0x6C, 0x92, 0x06, 0x7F, 0x6E, 0x9F, 0x93, 0xCF,
    0xB7, 0x37, 0x73, 0xDF, 0x24, 0x09, 0xED, 0x98, 0x5F, 0x48, 0x58, 0xE8, 0x1F, 0x0B, 0x8C, 0x06,
    0xDC, 0xDD, 0x97, 0xDD, 0xCD, 0x7E, 0xBB, 0xDE, 0x6A, 0x35, 0xA3, 0x01, 0x53, 0x7D, 0xEF, 0xD6,
    0x59, 0x0D, 0xBE, 0xC2, 0x89, 0xC4, 0x80, 0xB3, 0x83, 0x4B, 0xFA, 0x65, 0xA7, 0xA3, 0x01, 0x46,
    0x1B, 0x9F, 0xBD, 0x6B, 0xCD, 0xF0, 0xFF, 0x07, 0x82, 0x8E, 0xF3, 0x0C, 0x5C, 0x3F, 0x99, 0xDF,
    0xAE, 0xF2, 0x04, 0x75, 0xDC, 0x4C, 0x31, 0x4E, 0x2B, 0x7F, 0x51, 0x46, 0x0C, 0xC8, 0xED, 0xEC,
    0x62, 0xCB, 0x1D, 0xBD, 0xDA, 0xBD, 0xD4, 0xB9, 0x5D, 0x0F, 0x3A, 0xA6, 0x66, 0x3B, 0x48, 0x16,
    0x0C, 0xB9, 0x93, 0xC7, 0x0F, 0xDB, 0x51, 0x8B, 0x4B, 0x33, 0xE2, 0xD2, 0x0C, 0xF9, 0xAB, 0xA7,
    0x9D, 0xDB, 0xA3, 0xC1, 0x82, 0x79, 0x0C, 0x14, 0xFE, 0xAC, 0x91, 0x24, 0xB3, 0xFC, 0xA4, 0xA6,
    0x5D, 0x6A, 0x57, 0x69, 0xD7, 0xD9, 0x6C, 0x4F, 0x76, 0xEF, 0x2A, 0xDF, 0xCD, 0x62, 0xA3, 0x5D,
    0xB2, 0x93, 0x90, 0x39, 0x36, 0xBC, 0xDF, 0x7E, 0x3A, 0xFB, 0xF7, 0x6A, 0xC4, 0x8C, 0x2B, 0xF1,
    0x53, 0xBE, 0x5F, 0x5E, 0x12, 0xCC, 0xEF, 0x85, 0x99, 0x13, 0x5C, 0xD0, 0xA3, 0x25, 0x37, 0xE0,
    0x4F, 0x79, 0x99, 0x1E, 0x2D, 0xE2, 0xF3, 0x18, 0x1F, 0xA7, 0x2D, 0x6D, 0xD6, 0x06, 0xFD, 0x33,
    0xFB, 0x10, 0xF3, 0x7B, 0x4B, 0x8E, 0x67, 0x2F, 0x9C, 0xF3, 0xC6, 0x87, 0x1F, 0xDD, 0x7C, 0xDB,
    0x27, 0x2E, 0xDD, 0xF7, 0xC5, 0x54, 0xCD, 0xDE, 0xDB, 0xA6, 0xBA, 0xF8, 0x3A, 0x2F, 0x3A, 0xE7,
    0x45, 0xD6, 0xB9, 0xCC, 0xE4, 0x4B, 0xDD, 0x6D, 0x65, 0xAF, 0x54, 0x9C, 0x73, 0xB7, 0x8B, 0x1C,
    0x69, 0x32, 0x2E, 0xAD, 0xF8, 0x85, 0x1D, 0x3E, 0x11, 0x5F, 0x30, 0x8D, 0x04, 0x9F, 0x5A, 0x48,
    0x83, 0x23, 0x06, 0x0A, 0x47, 0xA9, 0x3A, 0x43, 0xDE, 0x2C, 0xB9, 0xE6, 0xCD, 0xC7, 0x22, 0xA7,
    0x01, 0x2E, 0x6E, 0xB1, 0xDC, 0x0F, 0x2B, 0xFA, 0x65, 0xCC, 0xF7, 0x95, 0x8B, 0x58, 0xA2, 0xBE,
    0x95, 0x4A, 0xC1, 0xF3, 0xF5, 0x24, 0x7B, 0x8F, 0x73, 0xA5, 0x52, 0xAC, 0xBF, 0x42, 0x64, 0x82,
    0xE1, 0x5E, 0x73, 0x7D, 0xE6, 0xB6, 0x90, 0xC4, 0xA2, 0x58, 0x16, 0x0B, 0x63, 0x69, 0x2C, 0x8E,
    0xE5, 0xB1, 0x40, 0x96, 0xD8, 0x67, 0x23, 0xAC, 0x70, 0xF3, 0xCA, 0x22, 0x23, 0x1B, 0x00, 0xAE,
    0xDF, 0x65, 0xBC, 0xD2, 0xB7, 0x84, 0x44, 0x66, 0x75, 0x13, 0x37, 0x97, 0x3E, 0x3B, 0x7F, 0x6B,
    0x5B, 0x6A, 0xB9, 0x36, 0x18, 0xAF, 0xEA, 0x60, 0x5E, 0x08, 0xF6, 0x7B, 0x52, 0xFD, 0x76, 0x58,
    0x13, 0x55, 0x0A, 0x67, 0x14, 0x6E, 0x36, 0x18, 0x5B, 0xFC, 0x32, 0xEE, 0xFF, 0x96, 0x79, 0xDC,
    0x55, 0xBF, 0xFD, 0x63, 0x90, 0x98, 0x21, 0x39, 0x47, 0xE4, 0x95, 0x9E, 0xBA, 0xAF, 0xA4, 0x3D,
    0xC7, 0xCC, 0xE0, 0x20, 0x65, 0x85, 0xC2, 0x5B, 0x5B, 0x75, 0xBC, 0x23, 0x07, 0xB6, 0x5C, 0x73,
    0x85, 0xEF, 0x82, 0xF5, 0x49, 0x25, 0x2C, 0x2C, 0x3A, 0x86, 0xA5, 0x5C, 0xBC, 0x40, 0xD4, 0x86,
    0x1A, 0xC5, 0x5C, 0x17, 0x0C, 0x2E, 0x2B, 0xA6, 0x30, 0xFF, 0x4F, 0x24, 0x76, 0xDD, 0xBA, 0xEC,
    0x2B, 0x67, 0xE7, 0xA6, 0x1D, 0x3C, 0x3C, 0x55, 0x78, 0x72, 0x76, 0xC9, 0xB4, 0xD1, 0xFF, 0x01,
    0xA5, 0x97, 0x3D, 0x6C, 0x23, 0x45, 0x18, 0x86, 0xDF, 0xD9, 0xB5, 0x33, 0x24, 0x26, 0xDE, 0x14,
    0x3E, 0xE1, 0x5C, 0xFC, 0x23, 0x24, 0x23, 0x82, 0x64, 0x2B, 0x14, 0x29, 0x22, 0xB4, 0xC5, 0x44,
    0x70, 0x41, 0x14, 0x48, 0x16, 0x3A, 0x09, 0x8A, 0x13, 0xA4, 0x38, 0x09, 0x10, 0x48, 0xE7, 0x62,
    0x8B, 0x5C, 0x71, 0x97, 0x85, 0x22, 0x0D, 0x05, 0x2E, 0x11, 0x3A, 0xE9, 0x82, 0x44, 0x49, 0xE1,
    0xC2, 0x0D, 0x12, 0x21, 0xAE, 0xA9, 0xB6, 0xE0, 0xA7, 0xC4, 0x45, 0x90, 0xA8, 0x50, 0x90, 0x72,
    0xD2, 0xDD, 0x89, 0x24, 0xBC, 0xDF, 0x8C, 0x73, 0x51, 0x44, 0x38, 0x8F, 0x7D, 0xE3, 0xDD, 0xC8,
    0x8E, 0x76, 0xE7, 0x99, 0xF7, 0xFB, 0x9B, 0x6F, 0xA0, 0x32, 0x84, 0x19, 0xE6, 0x86, 0xA8, 0x0C,
    0xD1, 0x38, 0x44, 0xA7, 0x87, 0xAC, 0xAF, 0x4E, 0x8F, 0x42, 0x24, 0xB3, 0x58, 0xAB, 0x20, 0xDE,
    0x5F, 0x3F, 0x41, 0x03, 0xD8, 0x02, 0x16, 0xC0, 0xA1, 0xFE, 0x4A, 0x0B, 0xAF, 0xA7, 0x55, 0x6D,
    0x62, 0x6D, 0xD6, 0x0A, 0x48, 0x22, 0x24, 0x35, 0xAC, 0xBD, 0x8F, 0x95, 0x2F, 0xB3, 0x99, 0x75,
    0x84, 0x29, 0x94, 0xE1, 0x53, 0x6D, 0xA8, 0xEF, 0x80, 0x4F, 0x81, 0x0C, 0x30, 0xF0, 0x41, 0xBC,
    0x02, 0xBC, 0x6B, 0xB0, 0x04, 0x61, 0x2D, 0x3C, 0x8D, 0x02, 0x05, 0x0B, 0xC0, 0x3B, 0x64, 0x3D,
    0x00, 0xE6, 0x96, 0x61, 0x07, 0x21, 0x42, 0x11, 0x8C, 0x70, 0x04, 0x24, 0x24, 0xA2, 0x40, 0x16,
    0x08, 0x03, 0x69, 0x20, 0x0E, 0xC2, 0x03, 0x4A, 0x28, 0x6D, 0xE2, 0x8E, 0x51, 0x9F, 0x8F, 0x91,
    0x25, 0x40, 0x4A, 0x5F, 0x6D, 0x23, 0x7F, 0x38, 0xA2, 0x79, 0x08, 0xCA, 0x03, 0xBA, 0x04, 0x75,
    0x07, 0x5E, 0xF3, 0xDB, 0x31, 0x93, 0x3E, 0xBB, 0x28, 0x1A, 0xBE, 0x83, 0xD2, 0xAE, 0xAF, 0x2E,
    0xB5, 0x0E, 0x7D, 0x82, 0xDC, 0x75, 0xA8, 0x09, 0xA4, 0xE1, 0xA6, 0xC1, 0xFD, 0x94, 0xF6, 0x83,
    0xAF, 0xBA, 0x5D, 0x84, 0x7D, 0xCC, 0x96, 0x7D, 0xE7, 0x7F, 0x12, 0x6E, 0x2D, 0xE0, 0xC7, 0xF1,
    0x08, 0xF5, 0x19, 0xC2, 0x81, 0x8B, 0x3B, 0x22, 0x36, 0x31, 0x53, 0x41, 0x78, 0xE4, 0xCB, 0xE2,
    0xD0, 0x06, 0x6F, 0x19, 0xFC, 0x6A, 0x28, 0xC7, 0xC3, 0x62, 0x74, 0x52, 0x77, 0x62, 0xC4, 0x2A,
    0xF0, 0x9E, 0x37, 0x42, 0x82, 0xFB, 0xA6, 0x15, 0x72, 0x63, 0x02, 0xCA, 0x22, 0x85, 0x60, 0x12,
    0x21, 0xCE, 0xF5, 0xA5, 0xC9, 0xB4, 0x7C, 0xD4, 0xC6, 0xEF, 0x29, 0x8C, 0x37, 0x25, 0x9F, 0x83,
    0xBE, 0x81, 0xE0, 0x60, 0x02, 0x5B, 0x25, 0xF6, 0xE2, 0x58, 0x37, 0xEA, 0x37, 0x2F, 0x0A, 0x1D,
    0xA8, 0xC5, 0xFB, 0x08, 0x4E, 0x8F, 0xD1, 0x9F, 0xC7, 0xE1, 0x3C, 0x86, 0x50, 0xBC, 0x1E, 0x77,
    0x83, 0x5F, 0x0C, 0x63, 0x83, 0x65, 0x49, 0x9B, 0x46, 0xC1, 0x74, 0xB6, 0x4F, 0x87, 0xF2, 0xDC,
    0xD0, 0x5E, 0xF6, 0x8D, 0xE3, 0x42, 0x54, 0x8D, 0xE2, 0xD6, 0xDD, 0x83, 0xDB, 0x8C, 0xB9, 0xB8,
    0x5C, 0x3F, 0x52, 0xA6, 0x88, 0x9A, 0x65, 0x1A, 0xCC, 0xF4, 0xA0, 0x7A, 0x08, 0x59, 0xC1, 0xFC,
    0xA6, 0xFE, 0x18, 0x5F, 0xA3, 0x8A, 0x0E, 0x16, 0x2E, 0x9B, 0x16, 0x2C, 0x09, 0xF5, 0x7B, 0x78,
    0xF1, 0xC8, 0x77, 0xA1, 0x06, 0xC1, 0x83, 0x34, 0x5F, 0x73, 0xCB, 0x44, 0x21, 0x42, 0x35, 0x42,
    0xDC, 0xC2, 0xDD, 0x03, 0xDC, 0xB6, 0x09, 0x12, 0x97, 0x51, 0x3F, 0x72, 0x71, 0x2F, 0x7F, 0xDE,
    0xA4, 0x15, 0xFE, 0x00, 0xAA, 0xCE, 0x78, 0x42, 0x10, 0x84, 0x30, 0x44, 0xAC, 0x92, 0xFB, 0x71,
    0x17, 0xE4, 0x48, 0xB6, 0x08, 0x49, 0x50, 0x20, 0x0B, 0xCE, 0x2A, 0x25, 0xA9, 0x1B, 0x7B, 0x26,
    0xD8, 0xF1, 0x00, 0x32, 0x42, 0x3B, 0x06, 0x2F, 0x0C, 0x1D, 0xCD, 0x47, 0xCD, 0x73, 0xAC, 0x6F,
    0xAC, 0x87, 0x7B, 0xF0, 0x9A, 0xDF, 0x8E, 0x02, 0xBF, 0x6C, 0x70, 0x95, 0x07, 0xCF, 0x20, 0xCA,
    0xD5, 0xC3, 0xAE, 0xAF, 0x2E, 0x75, 0x0D, 0x73, 0xFF, 0x20, 0xD7, 0x86, 0x9E, 0x40, 0x1A, 0x6E,
    0xA6, 0xEA, 0xBE, 0x91, 0x7A, 0xE8, 0xA9, 0x8E, 0x89, 0xA0, 0x7B, 0x28, 0x37, 0xA6, 0x89, 0xD8,
    0xA6, 0xA5, 0x6C, 0x8C, 0xA7, 0x14, 0xE1, 0xC2, 0x18, 0xB8, 0x02, 0x7C, 0x62, 0x8B, 0xC3, 0xAA,
    0x14, 0xD5, 0x80, 0x49, 0xD6, 0x07, 0x7A, 0x18, 0x11, 0x33, 0x04, 0x03, 0x9C, 0x11, 0xC5, 0xE6,
    0xDB, 0x19, 0xAE, 0x9A, 0x2B, 0x03, 0x9D, 0x3E, 0x8F, 0x1C, 0x7E, 0xE0, 0xCE, 0xB2, 0xC6, 0x7C,
    0x4C, 0xF8, 0x42, 0x0F, 0x7F, 0x93, 0xED, 0x37, 0x03, 0x07, 0x17, 0x50, 0x75, 0x5E, 0x33, 0x3A,
    0x95, 0xB2, 0xB6, 0x82, 0x88, 0xFF, 0xAC, 0xF2, 0xD3, 0xE4, 0x27, 0x36, 0x2B, 0x26, 0x67, 0x67,
    0x75, 0xE3, 0xD6, 0x30, 0xC8, 0x98, 0xDD, 0xB5, 0x08, 0x51, 0x0B, 0x51, 0x2C, 0x57, 0x6D, 0x0B,
    0xAD, 0x35, 0xC4, 0x31, 0xFA, 0xB5, 0x20, 0xD3, 0x27, 0x46, 0xC2, 0xEE, 0x3C, 0x75, 0x65, 0x1D,
    0x05, 0x6D, 0xAA, 0xE1, 0x20, 0x0E, 0x07, 0x5B, 0x61, 0x9A, 0x68, 0x93, 0x14, 0x10, 0x57, 0x47,
    0xFA, 0x9F, 0x14, 0x05, 0xA8, 0xB6, 0x24, 0x32, 0xD3, 0x32, 0x90, 0x44, 0xF6, 0x05, 0x2D, 0x5E,
    0x68, 0x48, 0x9E, 0xCE, 0xB2, 0x09, 0xA8, 0x24, 0x01, 0x7F, 0xA6, 0xE8, 0xCE, 0x99, 0x20, 0x10,
    0xC4, 0x45, 0xD4, 0xA8, 0x3B, 0xE2, 0x5E, 0x46, 0x47, 0xD9, 0xBB, 0x46, 0x3F, 0xB5, 0x68, 0xD5,
    0x98, 0x9F, 0x3E, 0x48, 0x84, 0x20, 0x85, 0x39, 0x4A, 0x42, 0x6E, 0xDE, 0x3B, 0xE3, 0x05, 0xB2,
    0x3E, 0xE0, 0x1B, 0x26, 0x61, 0x36, 0x22, 0xFA, 0xE9, 0x1A, 0xF5, 0x25, 0x7B, 0xF0, 0x42, 0xC8,
    0x58, 0x82, 0xDA, 0x10, 0x61, 0x93, 0x50, 0x2E, 0x34, 0x22, 0x3E, 0xA0, 0xFC, 0x1B, 0x28, 0x3E,
    0x44, 0x9E, 0x89, 0x37, 0x99, 0x1C, 0x9B, 0x7B, 0x67, 0xBD, 0x88, 0x0F, 0x88, 0xA1, 0x5A, 0xC8,
    0x50, 0xDE, 0x9C, 0x26, 0xE4, 0x9A, 0xE7, 0xED, 0x88, 0x6F, 0xEC, 0xB1, 0xF5, 0xB1, 0x4D, 0x5C,
    0x60, 0xDC, 0x8F, 0x5B, 0x07, 0x3D, 0x32, 0xBB, 0xDA, 0xD4, 0x8D, 0x77, 0x50, 0x68, 0x9B, 0xCC,
    0x0D, 0x6A, 0x6C, 0x06, 0x27, 0x95, 0x82, 0xDE, 0xBD, 0x04, 0xDB, 0xB7, 0xE2, 0x98, 0xE3, 0xB2,
    0x5B, 0xD9, 0x26, 0x65, 0x5A, 0xDA, 0xAE, 0x64, 0x0A, 0x4A, 0x1E, 0x34, 0xE6, 0x95, 0x4D, 0x2C,
    0x79, 0x5E, 0xF4, 0xA9, 0x29, 0x89, 0xE7, 0x99, 0x56, 0xC2, 0xC2, 0x38, 0x68, 0x5E, 0x0A, 0xC9,
    0x3D, 0xB8, 0x6D, 0x74, 0x4A, 0x60, 0x1B, 0xC1, 0xA3, 0x81, 0xAA, 0x5F, 0x1F, 0x2F, 0x71, 0x5A,
    0x42, 0x6F, 0x74, 0xC3, 0xE5, 0xF4, 0x38, 0x8E, 0xAB, 0x9C, 0x1C, 0xDB, 0xD9, 0x3E, 0x21, 0xCB,
    0xF4, 0xF7, 0x2A, 0xCB, 0xE4, 0xAB, 0x9C, 0xBE, 0xC3, 0xA8, 0xDB, 0x24, 0xA4, 0x4B, 0xD8, 0x80,
    0x65, 0x98, 0x37, 0xBD, 0xBB, 0xC5, 0xC7, 0xEB, 0xDC, 0x0B, 0xA5, 0x06, 0xB8, 0x4D, 0xCF, 0xA1,
    0x56, 0xD4, 0x20, 0x0A, 0x06, 0xC5, 0x30, 0x9D, 0x67, 0x70, 0x6A, 0xD3, 0x24, 0xA3, 0x8E, 0xF8,
    0x03, 0xD4, 0xBF, 0x90, 0x3E, 0x89, 0xB1, 0xCF, 0x4B, 0x46, 0x9E, 0xCF, 0x2F, 0xF2, 0xAB, 0xE2,
    0x3D, 0xC7, 0xDF, 0xB9, 0xE9, 0xD0, 0xB8, 0x0A, 0xBC, 0x7C, 0x56, 0x24, 0xC7, 0xD1, 0xDD, 0x61,
    0x86, 0x6F, 0xCD, 0xBA, 0x66, 0x70, 0x3B, 0xFB, 0x3E, 0x8B, 0xF0, 0xD2, 0xA0, 0x88, 0xD7, 0x2E,
    0x01, 0x66, 0x97, 0x03, 0x5D, 0x2E, 0x94, 0x18, 0x05, 0xD1, 0x8A, 0xFA, 0x29, 0x0A, 0xFE, 0xFC,
    0x5F, 0x9A, 0x9C, 0x66, 0x2A, 0x70, 0x01, 0x33, 0x2D, 0x6D, 0xD7, 0xB6, 0xA2, 0x65, 0x0F, 0xDA,
    0x7F, 0x0C, 0x3A, 0x25, 0xF1, 0xDC, 0xA0, 0x1E, 0xD0, 0x9C, 0x44, 0x0C, 0x4F, 0x0A, 0x3B, 0xD9,
    0xF4, 0x12, 0x79, 0xD6, 0x7E, 0x94, 0x06, 0xF5, 0x6B, 0xE3, 0x69, 0x53, 0x12, 0x24, 0xE2, 0x46,
    0x51, 0xE7, 0xBC, 0x31, 0x86, 0xE3, 0x7A, 0x09, 0x9C, 0x57, 0x22, 0x9B, 0x17, 0x3B, 0x0F, 0x5B,
    0xC8, 0x6A, 0x2A, 0x8D, 0x34, 0xF4, 0xDB, 0xD0, 0xDF, 0x22, 0x1C, 0x5E, 0xE8, 0x3A, 0xB8, 0xD9,
    0x4A, 0x5C, 0x69, 0xD7, 0x0A, 0x23, 0x18, 0x36, 0xD1, 0xAB, 0x22, 0xA9, 0xD8, 0x83, 0x45, 0x03,
    0xAD, 0x0E, 0xAA, 0x5D, 0x44, 0x29, 0x0A, 0xC0, 0xBC, 0xC4, 0x06, 0xFB, 0x96, 0x7D, 0xE3, 0x37,
    0xAD, 0xED, 0x64, 0x8A, 0x67, 0x02, 0xC6, 0xCD, 0x9C, 0xA8, 0x61, 0xC2, 0x99, 0xA5, 0xE9, 0xFA,
    0xD0, 0xAE, 0x67, 0x59, 0x6C, 0xEC, 0x05, 0x52, 0x5D, 0xE4, 0x13, 0x39, 0x70, 0x04, 0x13, 0x48,
    0x10, 0x07, 0x1E, 0x77, 0x83, 0x25, 0xE3, 0x6B, 0x25, 0x7A, 0xB2, 0xFE, 0xD5, 0xE8, 0x14, 0xE2,
    0x87, 0xF8, 0x17, 0x7D, 0x55, 0x5D, 0x88, 0x1B, 0x55, 0x14, 0xFE, 0x66, 0x92, 0xCD, 0xB8, 0xCD,
    0xCF, 0x46, 0x48, 0x6C, 0xAC, 0x99, 0xEC, 0x3E, 0x04, 0x19, 0x4A, 0xE2, 0x06, 0x19, 0x65, 0xD4,
    0x2E, 0xB9, 0xFB, 0xA0, 0x45, 0xB0, 0x38, 0xC2, 0xC6, 0x07, 0xAB, 0x10, 0x50, 0x64, 0xBB, 0x16,
    0x3B, 0x0B, 0xA3, 0xA6, 0x6B, 0x96, 0x8C, 0x3E, 0xF8, 0x9C, 0x2D, 0x5A, 0x10, 0x5F, 0x52, 0x44,
    0xA8, 0xDB, 0x97, 0x14, 0xE6, 0x45, 0x11, 0x33, 0x76, 0x2D, 0x0B, 0x85, 0xC2, 0xDD, 0x16, 0x29,
    0xF4, 0x69, 0x40, 0x11, 0xB6, 0x5A, 0x8C, 0xB0, 0xBE, 0x08, 0xDB, 0xF1, 0xDC, 0xC9, 0xA4, 0xA4,
    0xDA, 0x7A, 0xEE, 0xCD, 0xE5, 0x9E, 0x73, 0xEF, 0xFD, 0x72, 0xCF, 0x39, 0xDF, 0x3D, 0x63, 0x9A,
    0x13, 0x82, 0xC5, 0x13, 0xDA, 0x66, 0xEE, 0xAE, 0x20, 0x8E, 0x04, 0xDE, 0x61, 0x0D, 0x98, 0xF7,
    0x69, 0xA0, 0xD5, 0x32, 0xD6, 0x58, 0x9E, 0x49, 0xF7, 0x69, 0x40, 0x9E, 0x0D, 0x9C, 0xF1, 0x78,
    0x78, 0x93, 0xE5, 0x1B, 0xAC, 0x1E, 0x70, 0x3A, 0x55, 0x0F, 0x82, 0xC0, 0x07, 0xEE, 0x99, 0xCD,
    0x39, 0x35, 0xEF, 0xFF, 0xDB, 0xE1, 0x4D, 0xE4, 0x1B, 0x58, 0xF9, 0x1A, 0x8D, 0x06, 0x12, 0x65,
    0xBB, 0xAD, 0x55, 0x16, 0xD2, 0x05, 0x13, 0xD5, 0x52, 0x7A, 0xD9, 0xB4, 0xF7, 0x78, 0x37, 0x97,
    0x28, 0x94, 0x9B, 0xB6, 0xDF, 0xDE, 0xD3, 0x9A, 0x15, 0x7B, 0xA1, 0x95, 0xD6, 0x0A, 0xCD, 0x57,
    0xE8, 0x12, 0xD5, 0x56, 0xA9, 0x9D, 0x2E, 0x2C, 0x37, 0x4D, 0x66, 0xF7, 0xFF, 0x1A, 0x5E, 0x73,
    0x36, 0x9C, 0x9C, 0x29, 0x75, 0x25, 0x4F, 0x76, 0x64, 0x36, 0xF8, 0xEE, 0x68, 0x3C, 0x89, 0x19,
    0x64, 0x90, 0x46, 0x11, 0x05, 0xE4, 0x30, 0x47, 0x8D, 0x26, 0xA4, 0xD1, 0xA8, 0x7C, 0xEB, 0x4D,
    0xBD, 0xC7, 0x60, 0x03, 0x4D, 0x08, 0x77, 0xBB, 0x90, 0x38, 0x1E, 0xFE, 0x11, 0xF5, 0x7D, 0xC8,
    0x0C, 0x31, 0x06, 0x85, 0x61, 0x0A, 0xF3, 0x5E, 0x9D, 0xD7, 0xF9, 0xBC, 0x37, 0xC5, 0x18, 0x5A,
    0xE8, 0x74, 0x3B, 0xDD, 0xD3, 0x62, 0xB3, 0xED, 0x66, 0x69, 0xA8, 0xBA, 0x0B, 0xD9, 0x38, 0xE2,
    0x12, 0xDA, 0xA5, 0x24, 0x6B, 0xA9, 0x49, 0x16, 0x3A, 0xEB, 0x0E, 0x69, 0x58, 0x61, 0xE6, 0x03,
    0xA2, 0x2A, 0xD6, 0xA4, 0x07, 0xC4, 0xB4, 0x41, 0x11, 0x9B, 0x48, 0x4F, 0xE3, 0x33, 0xE7, 0xD6,
    0xA4, 0xFA, 0xAA, 0x7C, 0x61, 0x42, 0x0D, 0xA5, 0xC4, 0xC9, 0x19, 0xBD, 0xA7, 0x03, 0x56, 0xBF,
    0x07, 0xF8, 0xE7, 0x3C, 0x80, 0x5F, 0x7F, 0x1E, 0xD9, 0x9D, 0x2B, 0xCF, 0x7E, 0x74, 0xFB, 0x83,
    0xD7, 0xCF, 0x6D, 0x67, 0x72, 0x4F, 0xED, 0xDC, 0xCC, 0x60, 0xE3, 0x87, 0xAB, 0x19, 0xE9, 0xD2,
    0xA5, 0xAB, 0xAA, 0xB2, 0xB8, 0x75, 0x4C, 0x4B, 0xE3, 0xB6, 0xD2, 0xC3, 0x84, 0x84, 0x38, 0x11,
    0x52, 0x84, 0x15, 0xA1, 0x45, 0x78, 0x12, 0x0B, 0x11, 0x33, 0x7E, 0x88, 0x69, 0x58, 0x21, 0xAA,
    0x65, 0x85, 0xB8, 0x96, 0x15, 0x22, 0xF7, 0x7A, 0x21, 0xF6, 0x2A, 0x0F, 0xD1, 0x9F, 0x63, 0x11,
    0xB4, 0x5A, 0xD1, 0x6B, 0x50, 0xED, 0x8A, 0xA5, 0x77, 0x6B, 0x84, 0xA7, 0xDA, 0x7E, 0x65, 0x95,
    0xEB, 0x67, 0x9C, 0xDA, 0x96, 0x58, 0xED, 0x5B, 0x7A, 0x19, 0x17, 0x3D, 0xB2, 0xF0, 0x72, 0x17,
    0xB8, 0xB8, 0xCD, 0x56, 0xAF, 0x33, 0xFD, 0x1A, 0x2B, 0x6F, 0x10, 0xAF, 0x20, 0x23, 0xC9, 0xD2,
    0x4E, 0x81, 0xEB, 0x4D, 0x99, 0xB2, 0xD8, 0xC2, 0x10, 0x16, 0x74, 0xCA, 0xE4, 0x43, 0xA4, 0x29,
    0x94, 0xA1, 0x0C, 0x34, 0x0A, 0x2A, 0x33, 0xE2, 0x96, 0xA1, 0x16, 0x61, 0x2B, 0x12, 0x97, 0xB6,
    0x99, 0xBF, 0xAE, 0x0E, 0xDB, 0x25, 0xE9, 0x06, 0x94, 0x45, 0x4F, 0x85, 0x65, 0x1B, 0x45, 0xD3,
    0x88, 0x27, 0x5F, 0xC6, 0x4C, 0x06, 0x19, 0x15, 0xB4, 0xAF, 0x58, 0x41, 0x51, 0x83, 0xA6, 0x83,
    0x2E, 0x36, 0x37, 0x27, 0x6E, 0x31, 0x1C, 0xE2, 0xCF, 0x11, 0x55, 0x31, 0xEF, 0xF7, 0xED, 0xAF,
    0x8C, 0x8C, 0x91, 0x76, 0x67, 0xB9, 0x4A, 0xF0, 0x22, 0xD0, 0x2E, 0xB5, 0x31, 0xCB, 0x29, 0xF1,
    0x4C, 0x43, 0x82, 0x29, 0xB7, 0xBE, 0xA1, 0x84, 0x31, 0x48, 0x83, 0x5F, 0x50, 0x62, 0xAF, 0x11,
    0x8B, 0x24, 0x27, 0x04, 0x48, 0xD1, 0xA1, 0x1A, 0x7A, 0x20, 0x12, 0xC6, 0xBC, 0x03, 0x3C, 0x65,
    0x69, 0x7A, 0xAD, 0xD8, 0x4B, 0x0B, 0x86, 0x41, 0xA7, 0x00, 0x94, 0x3E, 0x07, 0x8E, 0xEF, 0x02,
    0x6F, 0x13, 0x66, 0x8C, 0xA2, 0xFE, 0x02, 0x58, 0x99, 0x97, 0x79, 0xF5, 0x72, 0xF5, 0xF2, 0xC1,
    0xFD, 0x83, 0xFB, 0x6B, 0xFE, 0x9A, 0x1F, 0x3B, 0x19, 0x3B, 0xA9, 0xC4, 0x95, 0xB8, 0x80, 0xCB,
    0x9B, 0x75, 0xBF, 0xCE, 0xF3, 0x14, 0x4D, 0x8B, 0x52, 0x01, 0xD9, 0x21, 0xC7, 0xC9, 0x7B, 0x7A,
    0x9B, 0x64, 0x20, 0xCA, 0x12, 0x53, 0x13, 0x21, 0xA5, 0x29, 0x73, 0xF2, 0xF9, 0x98, 0xA7, 0x30,
    0x85, 0x8D, 0x68, 0x3F, 0xDB, 0xAD, 0xA2, 0x02, 0x83, 0x28, 0x6E, 0xA3, 0x8F, 0xBF, 0xB1, 0x04,
    0xE9, 0x3C, 0xDA, 0x77, 0x0D, 0xC3, 0x03, 0xBE, 0xC4, 0x65, 0x2E, 0x7B, 0x31, 0x47, 0x9C, 0x39,
    0x85, 0x7C, 0xE4, 0xBF, 0x88, 0x40, 0xDF, 0xEE, 0x19, 0x5D, 0x83, 0xF6, 0xB6, 0xC8, 0xF5, 0x7E,
    0x82, 0x2B, 0x14, 0x0B, 0x95, 0xFE, 0xB3, 0x1C, 0x3E, 0x23, 0x44, 0x31, 0x19, 0xC5, 0x25, 0x3A,
    0xD6, 0xEA, 0xDB, 0x74, 0xC8, 0x86, 0xD1, 0x87, 0xEB, 0x27, 0x38, 0x1D, 0xF0, 0xCA, 0x92, 0x97,
    0x13, 0xBC, 0x86, 0xAB, 0x38, 0xAE, 0x32, 0x26, 0x44, 0xF2, 0xE8, 0x3E, 0xE5, 0x22, 0xC9, 0x32,
    0x69, 0x85, 0xA9, 0x94, 0xC4, 0x22, 0xDD, 0xB5, 0x48, 0x7F, 0xA4, 0xC9, 0x5D, 0xE8, 0x31, 0xAA,
    0x16, 0xF2, 0x68, 0xDF, 0x70, 0x66, 0xF4, 0x13, 0x92, 0x95, 0xD0, 0x09, 0x70, 0xE8, 0x0B, 0x08,
    0x67, 0xA7, 0xC3, 0x00, 0xA4, 0x42, 0xAF, 0xB5, 0xD0, 0x71, 0x3D, 0x8C, 0x8E, 0x85, 0x95, 0x4D,
    0xA6, 0x76, 0xBC, 0x54, 0x87, 0x8F, 0xBB, 0x97, 0x3A, 0x8D, 0x54, 0xF3, 0x3F, 0xDD, 0x42, 0x7B,
    0x5D, 0xC0, 0x76, 0x02, 0x16, 0xBC, 0x84, 0x51, 0x1F, 0x1C, 0xC3, 0x7C, 0x20, 0xEE, 0x38, 0xB8,
    0x83, 0x42, 0xC0, 0x0A, 0x81, 0x43, 0x5D, 0x0B, 0xD8, 0x60, 0x9F, 0x52, 0xA7, 0xF1, 0x43, 0x37,
    0x1F, 0xDB, 0x7D, 0xC6, 0x95, 0xDF, 0xA0, 0xE2, 0x90, 0x99, 0x0D, 0x33, 0x53, 0x5D, 0xA8, 0x95,
    0xC5, 0x24, 0x11, 0x30, 0x55, 0xEA, 0x59, 0xE2, 0x2A, 0xFF, 0x16, 0x0B, 0x85, 0x2A, 0xFA, 0xCA,
    0x1F, 0x0E, 0x88, 0x36, 0x39, 0x28, 0x65, 0x24, 0x7E, 0x75, 0x12, 0x77, 0x58, 0xE6, 0x5D, 0xE0,
    0x4B, 0x36, 0x2A, 0x3B, 0xC4, 0x09, 0xA2, 0x04, 0x31, 0xE2, 0x7D, 0x57, 0xF0, 0x81, 0xFC, 0xAB,
    0x98, 0x47, 0x38, 0xD5, 0x30, 0x16, 0x23, 0x65, 0x9A, 0xFC, 0x2C, 0x50, 0xD8, 0x9F, 0xF4, 0xDE,
    0x24, 0xEE, 0xE4, 0xA6, 0x3E, 0x7C, 0x71, 0xE7, 0x77, 0xB6, 0x84, 0x47, 0x3E, 0x45, 0x62, 0xF7,
    0x14, 0x7B, 0x14, 0x92, 0x47, 0xC8, 0xA6, 0xC4, 0x1E, 0x5F, 0x7A, 0xC2, 0x3E, 0xFE, 0xD3, 0x85,
    0xDD, 0x92, 0xFB, 0xF4, 0xB2, 0x1C, 0x46, 0x3A, 0x09, 0xCC, 0x10, 0x3D, 0x05, 0x51, 0xDA, 0x21,
    0x5D, 0x84, 0x90, 0x25, 0x2C, 0x53, 0xAA, 0xFD, 0xB3, 0x53, 0x59, 0xBD, 0xC1, 0xF4, 0x33, 0x9F,
    0xA0, 0xB6, 0x35, 0x3D, 0xBE, 0x2F, 0xF1, 0x49, 0xA2, 0x77, 0xC0, 0x04, 0xE2, 0x30, 0xC6, 0x9B,
    0x21, 0xA5, 0xC9, 0x22, 0x45, 0x8F, 0x03, 0x2D, 0xC9, 0xA7, 0x9E, 0xA5, 0x1D, 0x54, 0x35, 0xF7,
    0xC2, 0xDA, 0x39, 0x36, 0x8A, 0x99, 0xDD, 0xCA, 0x46, 0x1B, 0xA3, 0xD9, 0x30, 0xEC, 0x63, 0x71,
    0x25, 0xEE, 0xCA, 0x5C, 0xE0, 0x47, 0x19, 0x8E, 0x56, 0x8D, 0xA6, 0x6F, 0x58, 0xFE, 0x28, 0x85,
    0x9D, 0x20, 0x9A, 0x90, 0x45, 0x18, 0x5B, 0x02, 0x28, 0x1A, 0x08, 0xC1, 0xCD, 0xBE, 0xE5, 0x9A,
    0x59, 0xD7, 0xA6, 0x19, 0x7D, 0x2B, 0x72, 0x93, 0x5F, 0xB3, 0xC6, 0xD9, 0x8F, 0x7F, 0x9B, 0x54,
    0xD7, 0x8F, 0xE4, 0x26, 0xCB, 0xA5, 0xB6, 0xFE, 0xFD, 0x84, 0x9A, 0x3B, 0x71, 0x56, 0x9B, 0x50,
    0x97, 0x96, 0xEE, 0x81, 0xFA, 0x07, 0x4D, 0x52, 0xB1, 0x8E, 0xD4, 0x30, 0x10, 0x1D, 0x27, 0x8B,
    0x97, 0xEC, 0xDE, 0x4A, 0x41, 0xE2, 0x50, 0x2E, 0x6C, 0x8E, 0x2B, 0x82, 0xB8, 0x2C, 0x01, 0xA5,
    0x88, 0x50, 0x44, 0x73, 0xE6, 0x0F, 0x52, 0xDC, 0x89, 0x36, 0x48, 0x77, 0x05, 0xDB, 0xE0, 0x45,
    0xDE, 0x95, 0xA0, 0x39, 0xF3, 0x07, 0x86, 0x82, 0xDA, 0x88, 0xA5, 0xF7, 0xD1, 0xD2, 0xF8, 0x13,
    0x46, 0xE8, 0x24, 0xDA, 0x20, 0xDD, 0x07, 0x2C, 0x12, 0x1F, 0xC0, 0xA4, 0x63, 0x9E, 0x64, 0x8F,
    0xFD, 0xC6, 0x33, 0x7E, 0xF6, 0x70, 0x53, 0x3A, 0xA5, 0x9C, 0x72, 0xCE, 0xF5, 0x6B, 0x9F, 0xC2,
    0x28, 0x89, 0x55, 0x5D, 0x49, 0x15, 0xC3, 0x39, 0xDB, 0x05, 0x2E, 0xEA, 0x1F, 0xDE, 0xDC, 0xBB,
    0x09, 0x90, 0xDB, 0x89, 0x3D, 0x90, 0x47, 0xF0, 0x5C, 0xC7, 0x7D, 0xDB, 0x7F, 0xC1, 0x85, 0xE0,
    0x26, 0x93, 0x0D, 0x5C, 0x6A, 0xD9, 0xCB, 0x7E, 0x8D, 0xA9, 0x58, 0x9A, 0x6F, 0xF8, 0x42, 0x87,
    0x10, 0x41, 0x02, 0x15, 0xB4, 0xC0, 0x4D, 0xA9, 0x4A, 0xF9, 0xC0, 0xBF, 0x47, 0xD7, 0x5F, 0x11,
    0xCF, 0x75, 0xE9, 0x1A, 0xD9, 0xB8, 0xC3, 0x1D, 0xE0, 0x5B, 0x5F, 0x00, 0x03, 0x4E, 0x78, 0x63,
    0x87, 0x71, 0xB0, 0xA5, 0x3D, 0x6B, 0xCF, 0x5A, 0x80, 0xCB, 0x9E, 0x99, 0xB1, 0xC8, 0xA0, 0x84,
    0x1A, 0x14, 0xA1, 0x26, 0x2F, 0x22, 0xFE, 0x16, 0x8C, 0x45, 0xE0, 0x19, 0x21, 0xF0, 0xA1, 0x1E,
    0x22, 0x14, 0xED, 0xC6, 0xE2, 0x1D, 0x36, 0xA6, 0x42, 0xE9, 0x3B, 0x14, 0x6D, 0x60, 0x66, 0xAA,
    0x6C, 0xEA, 0x46, 0x35, 0x4A, 0x35, 0x54, 0x13, 0xCC, 0x7D, 0xE4, 0x14, 0x3D, 0xC4, 0x8F, 0xC5,
    0xC2, 0xD0, 0x9D, 0xD5, 0x48, 0x81, 0x65, 0x3A, 0x8A, 0x8B, 0x6E, 0x69, 0xB8, 0x9D, 0x35, 0xA3,
    0x86, 0x23, 0x73, 0xB1, 0x5A, 0x3B, 0x8A, 0xB7, 0x41, 0xCF, 0xF1, 0x00, 0x37, 0xD7, 0x2F, 0xAF,
    0x43, 0x9D, 0x1A, 0xBE, 0x8D, 0xCE, 0x13, 0x38, 0x34, 0x40, 0xBC, 0xEA, 0x49, 0x83, 0x29, 0xAD,
    0x12, 0x3F, 0xF4, 0x1F, 0xFC, 0x8D, 0xDF, 0xFD, 0x02, 0x16, 0xF6, 0xC2, 0x0A, 0x1F, 0x08, 0x0E,
    0x33, 0xC8, 0xE1, 0x08, 0x86, 0x7C, 0x59, 0x3D, 0xC5, 0x6C, 0xA7, 0x54, 0x4D, 0xF9, 0x52, 0xB1,
    0x46, 0x87, 0x57, 0x78, 0x82, 0x81, 0xFF, 0x25, 0x5E, 0x93, 0xE6, 0x00, 0x42, 0x78, 0xBC, 0x0D,
    0x68, 0x1E, 0x6C, 0xB1, 0xDD, 0x3F, 0xDD, 0x3F, 0x05, 0x38, 0xF9, 0xCB, 0xF4, 0x54, 0x0C, 0x8A,
    0x25, 0x38, 0x82, 0x24, 0x6F, 0x4E, 0x3C, 0x83, 0x50, 0x33, 0x04, 0x02, 0x43, 0x46, 0x3A, 0xA6,
    0xD0, 0xD0, 0x2E, 0xB7, 0x79, 0x27, 0x4D, 0x87, 0x2B, 0x7F, 0x6C, 0x27, 0x3A, 0xC7, 0x8D, 0x56,
    0x20, 0x45, 0x0A, 0x13, 0x93, 0x4B, 0xB2, 0x4E, 0x92, 0xF2, 0x49, 0x12, 0x76, 0x01, 0xBD, 0x54,
    0x64, 0xEE, 0x76, 0xA9, 0xB8, 0xE3, 0xB9, 0x5F, 0xEB, 0xAF, 0xE2, 0x02, 0x32, 0xD8, 0x83, 0xCC,
    0x64, 0x5D, 0xDE, 0x55, 0x46, 0x62, 0xDB, 0x0D, 0xEB, 0xF9, 0x36, 0xD1, 0x8F, 0xE0, 0x99, 0x58,
    0xF9, 0xB6, 0xCD, 0xF6, 0xE6, 0x49, 0x5E, 0x55, 0xC7, 0xC5, 0x67, 0x9D, 0x29, 0x9F, 0xBF, 0xF2,
    0xD5, 0x47, 0x2D, 0x7F, 0x8A, 0xF6, 0x83, 0x29, 0xFE, 0x3B, 0x55, 0x98, 0xB9, 0xCC, 0x65, 0x6D,
    0x57, 0x7E, 0x03, 0x06, 0x7A, 0x48, 0x45, 0xA5, 0x9F, 0xD0, 0xFF, 0x7C, 0xA2, 0x0A, 0xB7, 0xE1,
    0x29, 0x75, 0x40, 0x4E, 0x3D, 0x50, 0x41, 0x01, 0xFF, 0x00, 0x2D, 0x54, 0x51, 0x68, 0x1C, 0x55,
    0x14, 0x3D, 0x33, 0xAF, 0xBB, 0xCF, 0xEC, 0x24, 0xB3, 0x11, 0x2D, 0x29, 0x4D, 0x66, 0xB7, 0x48,
    0xC4, 0x8A, 0x93, 0x6E, 0x85, 0x52, 0x46, 0xD8, 0xB4, 0x37, 0xAD, 0xD8, 0x8F, 0x22, 0x2C, 0xB4,
    0x81, 0x82, 0x50, 0x22, 0xD4, 0x8F, 0xB4, 0xD4, 0xF4, 0x63, 0xAA, 0xC1, 0x68, 0xF7, 0xD5, 0x82,
    0x29, 0xF8, 0xD1, 0x55, 0x4B, 0x7F, 0x44, 0x5D, 0x3F, 0x94, 0xDA, 0x42, 0xBB, 0x94, 0x14, 0xAB,
    0xD2, 0x66, 0x9A, 0x9F, 0x22, 0xFD, 0x79, 0x51, 0x62, 0x11, 0x05, 0x5F, 0xAC, 0x8A, 0x46, 0x5B,
    0x57, 0xD8, 0xD6, 0xA4, 0xD8, 0x8C, 0xF7, 0x6D, 0x3A, 0xBC, 0x7B, 0x61, 0xDE, 0xBC, 0x7B, 0xE7,
    0xDE, 0x73, 0xCE, 0x7D, 0x00, 0xDC, 0x5B, 0xF0, 0x73, 0x08, 0x81, 0x68, 0x75, 0x25, 0x3E, 0x32,
    0x15, 0x47, 0x9B, 0xA2, 0x4D, 0xDD, 0xC5, 0x2F, 0x15, 0x1A, 0x40, 0xBD, 0x1B, 0xA6, 0x22, 0xEF,
    0x69, 0x3C, 0x0C, 0x6C, 0x86, 0x33, 0xAD, 0xE5, 0x27, 0x3A, 0xD8, 0x43, 0xE1, 0x71, 0x44, 0xC7,
    0x11, 0x9F, 0xC4, 0xE1, 0x7D, 0x78, 0x65, 0x04, 0x5B, 0x1E, 0x43, 0xF1, 0x32, 0xB2, 0x75, 0x64,
    0x6A, 0x58, 0x45, 0xB0, 0x4F, 0xD5, 0xB8, 0x7A, 0xCA, 0xA3, 0x38, 0x00, 0xC2, 0xE1, 0x4A, 0xF4,
    0x9A, 0x89, 0xA3, 0x4A, 0x1C, 0x23, 0x6E, 0x20, 0x6A, 0xD0, 0xC0, 0x6F, 0xE4, 0x2D, 0x03, 0x15,
    0x88, 0x74, 0x11, 0xCD, 0xF5, 0x30, 0xFD, 0x8E, 0x86, 0x93, 0xC0, 0x9D, 0x23, 0xB1, 0x40, 0x82,
    0x50, 0x5A, 0x84, 0x04, 0x3C, 0x4E, 0xA3, 0xDB, 0xD9, 0x4A, 0x06, 0x26, 0x76, 0xF4, 0x46, 0x3E,
    0xC3, 0xCB, 0x5B, 0x40, 0x66, 0x0E, 0x6B, 0x97, 0xC0, 0x51, 0x2E, 0xC1, 0xFB, 0xB5, 0xF6, 0xE4,
    0x34, 0x61, 0x15, 0x56, 0x9E, 0x0E, 0xB6, 0x3E, 0x94, 0x4A, 0x63, 0x3A, 0xFF, 0x5E, 0xCB, 0xE4,
    0xB7, 0x6B, 0xE3, 0xCB, 0xA3, 0x3A, 0x90, 0x43, 0x3A, 0xF4, 0xDC, 0x24, 0xCC, 0x8B, 0x24, 0xDA,
    0x20, 0x92, 0xF8, 0x88, 0xDB, 0x42, 0x0D, 0xE4, 0x28, 0x06, 0xA0, 0x59, 0x52, 0x68, 0x71, 0xDC,
    0x62, 0x27, 0x9C, 0xBF, 0x3A, 0x91, 0xBD, 0x7D, 0x90, 0xB2, 0x1F, 0x8E, 0xA2, 0xF7, 0xFC, 0x17,
    0xE8, 0x79, 0xE1, 0x30, 0xB2, 0xA2, 0xC1, 0x66, 0xD0, 0xC1, 0xFF, 0xAB, 0x0E, 0x69, 0xC8, 0x94,
    0x83, 0xFE, 0x69, 0x82, 0x6B, 0xE2, 0x12, 0x62, 0x72, 0xF5, 0x45, 0x25, 0xAE, 0xFE, 0x5B, 0x11,
    0x3F, 0x7C, 0x54, 0x97, 0x27, 0x25, 0x24, 0xE5, 0xB8, 0x76, 0x1F, 0x79, 0x74, 0x71, 0x03, 0x1E,
    0xB7, 0xE0, 0x70, 0x4C, 0x8D, 0xEB, 0x6A, 0x4E, 0xB1, 0x33, 0xE3, 0xBC, 0xA1, 0xC7, 0x27, 0x34,
    0xC7, 0x6A, 0xE3, 0x5E, 0x9D, 0xD5, 0x24, 0x52, 0xB4, 0x20, 0x4E, 0xA0, 0x4A, 0x72, 0x27, 0x49,
    0xE5, 0xED, 0x78, 0xD3, 0x4D, 0xF2, 0xE2, 0xDA, 0x36, 0x55, 0x9D, 0xBD, 0x7B, 0xDB, 0x36, 0xD5,
    0x8D, 0xA2, 0xE9, 0x93, 0x2D, 0xA9, 0x06, 0x1D, 0x2D, 0xE9, 0x0D, 0x57, 0x49, 0x75, 0x4B, 0x40,
    0x1C, 0xFD, 0x20, 0x87, 0xDE, 0x3F, 0xCF, 0x9D, 0x53, 0x3D, 0x37, 0xF6, 0x8E, 0x92, 0xF8, 0xDA,
    0xDF, 0x08, 0xF7, 0x47, 0x7F, 0x04, 0xEE, 0x2F, 0x3E, 0xA3, 0xD9, 0xCC, 0x2B, 0xFE, 0x91, 0x47,
    0xA8, 0xDE, 0x97, 0x88, 0xE5, 0x4E, 0xC4, 0xE2, 0x6D, 0xC4, 0xBB, 0xAE, 0x23, 0xFE, 0xF9, 0x81,
    0xCD, 0xF3, 0x9E, 0xF1, 0xD8, 0x0A, 0x88, 0x99, 0x0A, 0x64, 0x6B, 0x16, 0xD3, 0x03, 0x2D, 0xB8,
    0xDA, 0x39, 0x9B, 0xC8, 0x1D, 0x2A, 0x90, 0x14, 0x4A, 0x8A, 0xF8, 0x88, 0x8F, 0xB8, 0x80, 0x68,
    0x2F, 0x4A, 0x27, 0x98, 0x2A, 0xEC, 0x3F, 0x83, 0xE1, 0xE1, 0x15, 0x6A, 0xB8, 0x8D, 0xA6, 0x50,
    0x15, 0x49, 0x28, 0xEE, 0x46, 0xE9, 0x34, 0x0A, 0x15, 0xBC, 0x5C, 0x07, 0xF3, 0xCE, 0x2B, 0xCF,
    0x8D, 0xDF, 0xB7, 0x44, 0xBB, 0xCB, 0x0C, 0xF1, 0x14, 0xEF, 0x34, 0x63, 0x60, 0x9E, 0x33, 0xDC,
    0x00, 0x7A, 0xD3, 0xD3, 0xC8, 0xFE, 0xB4, 0x1B, 0xE2, 0x3A, 0x41, 0x4C, 0x2A, 0xC8, 0xED, 0x4C,
    0xED, 0x90, 0x61, 0xC8, 0x2E, 0xA1, 0x9A, 0xEA, 0x43, 0x4D, 0xFD, 0x8E, 0x49, 0x9C, 0x39, 0xB8,
    0x4B, 0xE8, 0x4D, 0xF0, 0xC8, 0xEF, 0x90, 0x0C, 0x3F, 0x59, 0x55, 0xE4, 0x81, 0x69, 0x2B, 0x0C,
    0x2B, 0x35, 0x16, 0x00, 0x9C, 0xF3, 0xEC, 0x32, 0x21, 0xA7, 0xC6, 0xA6, 0x3E, 0x76, 0x87, 0xBA,
    0xD8, 0x35, 0xAC, 0x33, 0xBE, 0xC5, 0xBA, 0xCB, 0xBA, 0x60, 0x14, 0x6E, 0xD2, 0xF7, 0x2D, 0x3D,
    0xA5, 0x9E, 0x99, 0x51, 0xBB, 0xD4, 0x85, 0x19, 0x1A, 0x3D, 0x70, 0x6C, 0x81, 0xCF, 0x08, 0x9B,
    0x46, 0xDA, 0x5E, 0x3C, 0xEB, 0x32, 0x2B, 0x32, 0xDA, 0x4A, 0xF8, 0x58, 0x61, 0x3E, 0xC1, 0xBC,
    0xC2, 0x05, 0xC2, 0xAB, 0xC0, 0x20, 0x30, 0x80, 0x8E, 0x0D, 0x28, 0x8E, 0xE1, 0x89, 0x6B, 0xF4,
    0xE2, 0x76, 0x05, 0x91, 0x38, 0xDB, 0x12, 0x67, 0x46, 0xE1, 0x0A, 0xDC, 0x94, 0x0B, 0x6A, 0x8E,
    0x23, 0x77, 0xEF, 0x0A, 0x1C, 0x33, 0x88, 0xDE, 0x7B, 0x97, 0x19, 0xC4, 0x18, 0xE2, 0x3B, 0x0D,
    0x31, 0xC7, 0xF9, 0x69, 0xC5, 0xBC, 0xF6, 0x6C, 0xB0, 0x73, 0x08, 0x63, 0x8B, 0xCE, 0xCD, 0x01,
    0x79, 0x2C, 0xC8, 0x67, 0x31, 0x90, 0x41, 0xB9, 0x03, 0x65, 0xFF, 0xB3, 0xF1, 0xAE, 0xC5, 0x68,
    0x4D, 0xA3, 0xDC, 0xDF, 0x2C, 0xAC, 0x33, 0x56, 0x33, 0xFB, 0x2C, 0xF7, 0x96, 0x14, 0x08, 0xB6,
    0x1C, 0x47, 0xF6, 0x19, 0x64, 0x46, 0xEF, 0x50, 0xE6, 0xE2, 0x1D, 0x82, 0x9E, 0x42, 0x29, 0x4D,
    0x49, 0x20, 0x66, 0xD9, 0x47, 0x2C, 0xFB, 0x32, 0xA6, 0x87, 0x96, 0x57, 0x06, 0xD0, 0xF2, 0xE2,
    0x24, 0x3C, 0xC3, 0xCD, 0x62, 0xDA, 0x62, 0xE0, 0x7A, 0x96, 0x2A, 0xA5, 0x33, 0xF5, 0xC0, 0x36,
    0x81, 0x42, 0x56, 0xC9, 0xF6, 0x00, 0xB6, 0xCB, 0x68, 0x39, 0x37, 0x5F, 0x97, 0xCF, 0x45, 0xF9,
    0x0C, 0x06, 0xB8, 0x86, 0x4E, 0x94, 0x1F, 0xC2, 0xF8, 0x1A, 0x44, 0xFD, 0x28, 0xAF, 0xA3, 0xC2,
    0xD3, 0x89, 0x4C, 0x09, 0x23, 0x16, 0x6C, 0x31, 0x49, 0x62, 0x12, 0xAC, 0xA3, 0xAD, 0xA9, 0xF1,
    0xBA, 0xE0, 0x07, 0xE8, 0x0A, 0x11, 0x84, 0x08, 0x23, 0x30, 0xF6, 0x11, 0x4F, 0xF7, 0x96, 0x07,
    0x63, 0xE8, 0xA4, 0x4A, 0x6E, 0xD3, 0x79, 0x27, 0x61, 0xA6, 0x3C, 0xC6, 0xA9, 0x05, 0x5C, 0x06,
    0x8A, 0xFC, 0x42, 0x67, 0x3F, 0xA7, 0x53, 0x13, 0x98, 0xB8, 0x84, 0xCD, 0x35, 0xAC, 0x26, 0xE4,
    0xB9, 0x36, 0xFE, 0x92, 0x9A, 0xFE, 0xB8, 0xBE, 0xB1, 0x51, 0xEB, 0x6E, 0x10, 0x8C, 0x6D, 0xD7,
    0x8E, 0x76, 0xC2, 0x00, 0xA3, 0xD8, 0xE2, 0x16, 0x09, 0x3C, 0x6D, 0x31, 0xF6, 0x73, 0xCD, 0x3C,
    0x8A, 0x1A, 0x4B, 0x00, 0x4F, 0xD2, 0x78, 0xBB, 0x17, 0xCE, 0xCA, 0xC2, 0x70, 0xEF, 0xDB, 0x4F,
    0x98, 0x07, 0x96, 0xED, 0x6B, 0xF6, 0x7B, 0xC8, 0x59, 0xD5, 0x7B, 0xD4, 0x48, 0xAA, 0x4B, 0xAA,
    0x79, 0x4E, 0x52, 0xFD, 0xA3, 0xCD, 0x2A, 0xF0, 0x2E, 0xE1, 0xD3, 0xF3, 0x34, 0x76, 0x4A, 0x0B,
    0xD4, 0xDC, 0x67, 0x6B, 0xF2, 0x56, 0xD2, 0xB1, 0x17, 0x07, 0x81, 0xE7, 0x1D, 0xE4, 0x24, 0x44,
    0x5B, 0xAE, 0x58, 0x11, 0x16, 0x13, 0xF6, 0xD5, 0x94, 0x78, 0x2B, 0xF0, 0x32, 0xBE, 0xDF, 0xE1,
    0x07, 0x9D, 0x7E, 0xD8, 0x19, 0x94, 0xD7, 0x04, 0xD1, 0xA3, 0x61, 0xDC, 0x1F, 0xB9, 0xA9, 0x41,
    0xA3, 0x8C, 0xC6, 0x00, 0x4C, 0x08, 0x1D, 0x65, 0xE6, 0x8C, 0xB7, 0x40, 0x5C, 0x73, 0xF1, 0x3F,
    0x1B, 0xC7, 0x8B, 0x2F, 0x2D, 0x2B, 0xA6, 0x5C, 0x9B, 0x8B, 0xBB, 0x4D, 0xF9, 0x52, 0xC5, 0x7B,
    0x1C, 0xFE, 0xFA, 0x07, 0xA3, 0x11, 0xB4, 0x65, 0x2C, 0x15, 0x86, 0xEF, 0x60, 0x9A, 0xFB, 0xCA,
    0x10, 0xD6, 0x12, 0xDF, 0x2C, 0xCE, 0x37, 0xDA, 0x99, 0xE5, 0x5B, 0xC1, 0x88, 0x19, 0x2D, 0xFE,
    0x26, 0xF9, 0x3E, 0xF1, 0x5C, 0x78, 0x82, 0xAF, 0x83, 0xA4, 0xE0, 0xD1, 0xF4, 0x12, 0xC4, 0x08,
    0x9C, 0x0A, 0xFE, 0x07, 0x13, 0x75, 0xD8, 0xDF, 0xC0, 0xC0, 0x00, 0x00, 0xA5, 0xD0, 0x31, 0x4E,
    0xC3, 0x30, 0x18, 0x05, 0xE0, 0x67, 0x1A, 0xF0, 0x10, 0xE1, 0x13, 0xC4, 0xEA, 0x05, 0x22, 0x65,
    0xC9, 0xE0, 0x21, 0x83, 0x33, 0x31, 0x30, 0xC0, 0x45, 0x4A, 0x3B, 0x78, 0x6D, 0x15, 0x86, 0xEE,
    0x3D, 0x44, 0x0E, 0x90, 0xA1, 0x0B, 0xA8, 0x55, 0xB3, 0x31, 0xB0, 0x58, 0x70, 0x81, 0x1C, 0x21,
    0x62, 0x62, 0x2B, 0xCF, 0x2D, 0x44, 0xA0, 0x6E, 0x65, 0x79, 0xD2, 0x6F, 0xE9, 0xFF, 0xEC, 0x67,
    0x88, 0x7A, 0x0E, 0xC8, 0xC9, 0x0B, 0xA0, 0xE4, 0x12, 0xD0, 0xD2, 0x02, 0xBB, 0x7D, 0x0F, 0xA4,
    0x31, 0x00, 0xA3, 0x18, 0xB9, 0x66, 0xB8, 0x10, 0x4D, 0x1A, 0xA2, 0x60, 0x74, 0x06, 0x10, 0xDE,
    0x7D, 0xC7, 0x45, 0xDB, 0x10, 0x29, 0x3D, 0x30, 0x1F, 0x73, 0x1F, 0x62, 0xCB, 0xF1, 0xCE, 0x42,
    0x5D, 0x52, 0x44, 0x00, 0xE9, 0x91, 0x32, 0xD7, 0x47, 0xCD, 0x25, 0x47, 0xAB, 0x31, 0x07, 0x49,
    0xF8, 0xCC, 0x0A, 0x1F, 0x91, 0xE1, 0x1A, 0xF7, 0xF9, 0x22, 0x1A, 0xCF, 0x16, 0xF2, 0xB6, 0xE2,
    0xB3, 0xEC, 0xE1, 0x55, 0xBB, 0xD7, 0x33, 0x8C, 0x7A, 0x4A, 0x64, 0xF2, 0xDE, 0x52, 0x29, 0xED,
    0x4F, 0xB9, 0x7D, 0xCB, 0x72, 0xA3, 0x8A, 0xE5, 0x38, 0xE7, 0xE1, 0xD0, 0xE9, 0x38, 0x60, 0x21,
    0x0A, 0x15, 0x38, 0x15, 0x7A, 0xC5, 0x5E, 0xF8, 0x99, 0x38, 0x2D, 0x57, 0x3F, 0xAC, 0x88, 0xBE,
    0x75, 0x44, 0x1F, 0x3D, 0xD1, 0xB2, 0x25, 0xFA, 0xF1, 0x4F, 0xF4, 0x89, 0xE3, 0x8D, 0x1D, 0xDA,
    0x26, 0x59, 0x3F, 0xB4, 0x75, 0xBF, 0xDA, 0xF6, 0x43, 0xDB, 0x4A, 0x78, 0xFC, 0x6D, 0x7B, 0xF5,
    0xC9, 0xDF, 0xE6, 0x75, 0x05, 0x4F, 0x78, 0xAD, 0xDC, 0x64, 0x7D, 0xA2, 0x15, 0xD2, 0x48, 0x63,
    0x6C, 0x35, 0x64, 0xC7, 0xFD, 0x75, 0x81, 0x7B, 0x63, 0xD0, 0xE4, 0x06, 0x8B, 0x8E, 0x06, 0x22,
    0x7C, 0x01, 0x63, 0x60, 0x70, 0x60, 0x60, 0x60, 0xBE, 0xC0, 0xC0, 0xC0, 0xFF, 0x85, 0x81, 0xC1,
    0x6E, 0x2D, 0x03, 0xC3, 0xC3, 0x76, 0x07, 0xE6, 0x47, 0x97, 0x1E, 0xF0, 0xFF, 0xBF, 0xF4, 0xC3,
    0xFE, 0xFF, 0xE1, 0x7F, 0xFA, 0xFF, 0xE4, 0xFF, 0x72, 0xFF, 0xAB, 0xFF, 0xC2, 0xF4, 0xFF, 0xFF,
    0x05, 0x86, 0xBD, 0xF5, 0x0E, 0x0C, 0x3A, 0xB6, 0x0C, 0x0C, 0xDC, 0x40, 0xB5, 0x4C, 0x40, 0x3D,
    0x40, 0xBD, 0x00,
};

static const EpdGlyph notoserif_8_italicGlyphs[] = {
    { 0, 0, 0, 0, 0, 0, 0 }, // U+0000
    { 0, 0, 69, 0, 0, 0, 0 }, // U+000D
    { 0, 0, 69, 0, 0, 0, 0 }, // U+0020
    { 5, 13, 89, 1, 12, 17, 0 }, // !
    { 6, 5, 109, 2, 12, 8, 17 }, // "
    { 10, 12, 149, 0, 12, 30, 25 }, // #
    { 9, 15, 149, 0, 13, 34, 55 }, // $
    { 14, 14, 239, 1, 13, 49, 89 }, // %
    { 13, 14, 198, 0, 13, 46, 138 }, // &
    { 3, 5, 59, 2, 12, 4, 184 }, // '
    { 7, 16, 92, 0, 13, 28, 188 }, // (
    { 7, 16, 92, -1, 13, 28, 216 }, // )
    { 8, 7, 133, 1, 13, 14, 244 }, // *
    { 8, 8, 149, 1, 10, 16, 258 }, // +
    { 4, 6, 67, -1, 3, 6, 274 }, // ,
    { 5, 3, 83, 0, 6, 4, 280 }, // -
    { 3, 4, 67, 0, 3, 3, 284 }, // .
    { 9, 16, 77, -2, 13, 36, 287 }, // /
    { 9, 14, 149, 0, 13, 32, 323 }, // 0
    { 8, 12, 122, -1, 12, 24, 355 }, // 1
    { 10, 13, 149, -1, 13, 33, 379 }, // 2
    { 10, 14, 149, -1, 13, 35, 412 }, // 3
    { 10, 12, 149, -1, 12, 30, 447 }, // 4
    { 9, 13, 149, 0, 12, 30, 477 }, // 5
    { 9, 14, 149, 1, 13, 32, 507 }, // 6
    { 9, 12, 149, 1, 12, 27, 539 }, // 7
    { 9, 14, 149, 0, 13, 32, 566 }, // 8
    { 9, 14, 149, 0, 13, 32, 598 }, // 9
    { 5, 10, 76, 0, 9, 13, 630 }, // :
    { 6, 12, 76, -1, 9, 18, 643 }, // ;
    { 8, 10, 149, 1, 11, 20, 661 }, // <
    { 8, 6, 149, 1, 9, 12, 681 }, // =
    { 8, 10, 149, 1, 11, 20, 693 }, // >
    { 7, 14, 133, 2, 13, 25, 713 }, // ?
    { 14, 15, 246, 1, 12, 53, 738 }, // @
    { 12, 12, 188, -1, 12, 36, 791 }, // A
    { 12, 12, 174, -1, 12, 36, 827 }, // B
    { 11, 14, 167, 0, 13, 39, 863 }, // C
    { 13, 12, 193, -1, 12, 39, 902 }, // D
    { 12, 12, 166, -1, 12, 36, 941 }, // E
    { 12, 12, 157, -1, 12, 36, 977 }, // F
    { 12, 14, 190, 0, 13, 42, 1013 }, // G
    { 16, 12, 212, -1, 12, 48, 1055 }, // H
    { 9, 12, 98, -1, 12, 27, 1103 }, // I
    { 10, 16, 95, -3, 12, 40, 1130 }, // J
    { 14, 12, 187, -1, 12, 42, 1170 }, // K
    { 11, 12, 166, -1, 12, 33, 1212 }, // L
    { 18, 12, 250, -1, 12, 54, 1245 }, // M
    { 15, 12, 204, -1, 12, 45, 1299 }, // N
    { 12, 14, 198, 0, 13, 42, 1344 }, // O
    { 12, 12, 165, -1, 12, 36, 1386 }, // P
    { 12, 17, 198, 0, 13, 51, 1422 }, // Q
    { 12, 12, 177, -1, 12, 36, 1473 }, // R
    { 10, 14, 145, 0, 13, 35, 1509 }, // S
    { 11, 12, 164, 1, 12, 33, 1544 }, // T
    { 13, 13, 195, 1, 12, 43, 1577 }, // U
    { 12, 12, 180, 1, 12, 36, 1620 }, // V
    { 18, 12, 279, 1, 12, 54, 1656 }, // W
    { 14, 12, 176, -1, 12, 42, 1710 }, // X
    { 11, 12, 167, 1, 12, 33, 1752 }, // Y
    { 12, 12, 161, -1, 12, 36, 1785 }, // Z
    { 7, 16, 96, 0, 13, 28, 1821 }, // [
    { 3, 16, 77, 1, 13, 12, 1849 }, // <backslash>
    { 8, 16, 96, -1, 13, 32, 1861 }, // ]
    { 9, 8, 149, 0, 12, 18, 1893 }, // ^
    { 9, 2, 122, -2, -1, 5, 1911 }, // _
    { 4, 3, 74, 2, 13, 3, 1916 }, // `
    { 10, 11, 154, 0, 10, 28, 1919 }, // a
    { 9, 14, 150, 0, 13, 32, 1947 }, // b
    { 9, 11, 130, 0, 10, 25, 1979 }, // c
    { 10, 14, 154, 0, 13, 35, 2004 }, // d
    { 8, 11, 132, 0, 10, 22, 2039 }, // e
    { 12, 17, 85, -3, 13, 51, 2061 }, // f
    { 11, 14, 148, -1, 10, 39, 2112 }, // g
    { 10, 14, 160, 0, 13, 35, 2151 }, // h
    { 4, 14, 81, 1, 13, 14, 2186 }, // i
    { 8, 17, 78, -3, 13, 34, 2200 }, // j
    { 10, 14, 152, 0, 13, 35, 2234 }, // k
    { 4, 14, 81, 1, 13, 14, 2269 }, // l
    { 15, 11, 239, 0, 10, 42, 2283 }, // m
    { 10, 11, 160, 0, 10, 28, 2325 }, // n
    { 9, 11, 153, 0, 10, 25, 2353 }, // o
    { 10, 14, 154, -1, 10, 35, 2378 }, // p
    { 9, 14, 149, 0, 10, 32, 2413 }, // q
    { 8, 10, 125, 0, 10, 20, 2445 }, // r
    { 8, 11, 124, 0, 10, 22, 2465 }, // s
    { 6, 12, 98, 1, 11, 18, 2487 }, // t
    { 10, 10, 160, 0, 9, 25, 2505 }, // u
    { 9, 11, 144, 0, 10, 25, 2530 }, // v
    { 14, 11, 218, 0, 10, 39, 2555 }, // w
    { 11, 9, 146, -1, 9, 25, 2594 }, // x
    { 12, 14, 141, -3, 10, 42, 2619 }, // y
    { 9, 9, 136, -1, 9, 21, 2661 }, // z
    { 8, 16, 114, 1, 13, 32, 2682 }, // {
    { 2, 17, 149, 4, 13, 9, 2714 }, // |
    { 8, 16, 114, -1, 13, 32, 2723 }, // }
    { 9, 4, 149, 0, 8, 9, 2755 }, // ~
    { 0, 0, 69, 0, 0, 0, 0 }, // U+00A0
    { 5, 13, 89, 0, 10, 17, 0 }, // U+00A1
    { 8, 12, 149, 1, 12, 24, 17 }, // U+00A2
    { 11, 14, 149, -1, 13, 39, 41 }, // U+00A3
    { 8, 8, 149, 1, 10, 16, 80 }, // U+00A4
    { 10, 12, 149, 1, 12, 30, 96 }, // U+00A5
    { 2, 17, 149, 4, 13, 9, 126 }, // U+00A6
    { 9, 15, 145, 0, 13, 34, 135 }, // U+00A7
    { 6, 3, 154, 3, 13, 5, 169 }, // U+00A8
    { 14, 14, 225, 0, 13, 49, 174 }, // U+00A9
    { 6, 6, 105, 1, 12, 9, 223 }, // U+00AA
    { 8, 7, 137, 1, 8, 14, 232 }, // U+00AB
    { 8, 5, 149, 1, 7, 10, 246 }, // U+00AC
    { 5, 3, 83, 0, 6, 4, 256 }, // U+00AD
    { 14, 14, 225, 0, 13, 49, 260 }, // U+00AE
    { 9, 2, 122, 1, 14, 5, 309 }, // U+00AF
    { 6, 6, 107, 2, 13, 9, 314 }, // U+00B0
    { 8, 10, 149, 1, 10, 20, 323 }, // U+00B1
    { 7, 8, 107, 0, 14, 14, 343 }, // U+00B2
    { 7, 8, 107, 1, 14, 14, 357 }, // U+00B3
    { 5, 3, 70, 1, 13, 4, 371 }, // U+00B4
    { 11, 13, 161, -1, 9, 36, 375 }, // U+00B5
    { 10, 15, 165, 0, 13, 38, 411 }, // U+00B6
    { 3, 4, 76, 1, 8, 3, 449 }, // U+00B7
    { 5, 5, 89, 0, 1, 7, 452 }, // U+00B8
    { 5, 8, 107, 1, 14, 10, 459 }, // U+00B9
    { 6, 6, 106, 1, 12, 9, 469 }, // U+00BA
    { 8, 7, 137, 0, 8, 14, 478 }, // U+00BB
    { 13, 12, 233, 1, 12, 39, 492 }, // U+00BC
    { 13, 12, 233, 1, 12, 39, 531 }, // U+00BD
    { 13, 12, 233, 1, 12, 39, 570 }, // U+00BE
    { 7, 14, 133, 0, 10, 25, 609 }, // U+00BF
    { 12, 16, 188, -1, 16, 48, 634 }, // U+00C0
    { 12, 16, 188, -1, 16, 48, 682 }, // U+00C1
    { 12, 16, 188, -1, 16, 48, 730 }, // U+00C2
    { 13, 16, 188, -1, 16, 52, 778 }, // U+00C3
    { 12, 16, 188, -1, 16, 48, 830 }, // U+00C4
    { 12, 15, 188, -1, 15, 45, 878 }, // U+00C5
    { 18, 12, 254, -1, 12, 54, 923 }, // U+00C6
    { 11, 17, 167, 0, 13, 47, 977 }, // U+00C7
    { 12, 16, 166, -1, 16, 48, 1024 }, // U+00C8
    { 12, 16, 166, -1, 16, 48, 1072 }, // U+00C9
    { 12, 16, 166, -1, 16, 48, 1120 }, // U+00CA
    { 12, 16, 166, -1, 16, 48, 1168 }, // U+00CB
    { 9, 16, 98, -1, 16, 36, 1216 }, // U+00CC
    { 9, 16, 98, -1, 16, 36, 1252 }, // U+00CD
    { 9, 16, 98, -1, 16, 36, 1288 }, // U+00CE
    { 9, 16, 98, -1, 16, 36, 1324 }, // U+00CF
    { 13, 12, 193, -1, 12, 39, 1360 }, // U+00D0
    { 15, 16, 204, -1, 16, 60, 1399 }, // U+00D1
    { 12, 17, 198, 0, 16, 51, 1459 }, // U+00D2
    { 12, 17, 198, 0, 16, 51, 1510 }, // U+00D3
    { 12, 17, 198, 0, 16, 51, 1561 }, // U+00D4
    { 12, 17, 198, 0, 16, 51, 1612 }, // U+00D5
    { 12, 17, 198, 0, 16, 51, 1663 }, // U+00D6
    { 8, 8, 149, 1, 10, 16, 1714 }, // U+00D7
    { 12, 14, 198, 0, 13, 42, 1730 }, // U+00D8
    { 13, 17, 195, 1, 16, 56, 1772 }, // U+00D9
    { 13, 17, 195, 1, 16, 56, 1828 }, // U+00DA
    { 13, 17, 195, 1, 16, 56, 1884 }, // U+00DB
    { 13, 17, 195, 1, 16, 56, 1940 }, // U+00DC
    { 11, 16, 167, 1, 16, 44, 1996 }, // U+00DD
    { 11, 12, 161, -1, 12, 33, 2040 }, // U+00DE
    { 13, 17, 167, -3, 13, 56, 2073 }, // U+00DF
    { 10, 14, 154, 0, 13, 35, 2129 }, // U+00E0
    { 10, 14, 154, 0, 13, 35, 2164 }, // U+00E1
    { 10, 14, 154, 0, 13, 35, 2199 }, // U+00E2
    { 10, 14, 154, 0, 13, 35, 2234 }, // U+00E3
    { 10, 14, 154, 0, 13, 35, 2269 }, // U+00E4
    { 10, 15, 154, 0, 14, 38, 2304 }, // U+00E5
    { 14, 11, 217, 0, 10, 39, 2342 }, // U+00E6
    { 9, 14, 130, 0, 10, 32, 2381 }, // U+00E7
    { 8, 14, 132, 0, 13, 28, 2413 }, // U+00E8
    { 9, 14, 132, 0, 13, 32, 2441 }, // U+00E9
    { 9, 14, 132, 0, 13, 32, 2473 }, // U+00EA
    { 9, 14, 132, 0, 13, 32, 2505 }, // U+00EB
    { 4, 14, 81, 1, 13, 14, 2537 }, // U+00EC
    { 6, 14, 81, 1, 13, 21, 2551 }, // U+00ED
    { 6, 14, 81, 0, 13, 21, 2572 }, // U+00EE
    { 6, 14, 81, 0, 13, 21, 2593 }, // U+00EF
    { 9, 14, 153, 0, 13, 32, 2614 }, // U+00F0
    { 10, 14, 160, 0, 13, 35, 2646 }, // U+00F1
    { 9, 14, 153, 0, 13, 32, 2681 }, // U+00F2
    { 9, 14, 153, 0, 13, 32, 2713 }, // U+00F3
    { 9, 14, 153, 0, 13, 32, 2745 }, // U+00F4
    { 10, 14, 153, 0, 13, 35, 2777 }, // U+00F5
    { 9, 14, 153, 0, 13, 32, 2812 }, // U+00F6
    { 8, 10, 149, 1, 11, 20, 2844 }, // U+00F7
    { 10, 11, 153, 0, 10, 28, 2864 }, // U+00F8
    { 10, 14, 160, 0, 13, 35, 2892 }, // U+00F9
    { 10, 14, 160, 0, 13, 35, 2927 }, // U+00FA
    { 10, 14, 160, 0, 13, 35, 2962 }, // U+00FB
    { 10, 14, 160, 0, 13, 35, 2997 }, // U+00FC
    { 12, 17, 141, -3, 13, 51, 3032 }, // U+00FD
    { 10, 17, 150, -1, 13, 43, 3083 }, // U+00FE
    { 12, 17, 141, -3, 13, 51, 3126 }, // U+00FF
    { 12, 15, 188, -1, 15, 45, 0 }, // U+0100
    { 10, 13, 154, 0, 12, 33, 45 }, // U+0101
    { 12, 16, 188, -1, 16, 48, 78 }, // U+0102
    { 10, 14, 154, 0, 13, 35, 126 }, // U+0103
    { 12, 16, 188, -1, 12, 48, 161 }, // U+0104
    { 10, 14, 154, 0, 10, 35, 209 }, // U+0105
    { 11, 17, 167, 0, 16, 47, 244 }, // U+0106
    { 9, 14, 130, 0, 13, 32, 291 }, // U+0107
    { 11, 17, 167, 0, 16, 47, 323 }, // U+0108
    { 9, 14, 130, 0, 13, 32, 370 }, // U+0109
    { 11, 17, 167, 0, 16, 47, 402 }, // U+010A
    { 9, 14, 130, 0, 13, 32, 449 }, // U+010B
    { 13, 17, 167, 0, 16, 56, 481 }, // U+010C
    { 10, 14, 130, 0, 13, 35, 537 }, // U+010D
    { 13, 16, 193, -1, 16, 52, 572 }, // U+010E
    { 13, 14, 154, 0, 13, 46, 624 }, // U+010F
    { 13, 12, 193, -1, 12, 39, 670 }, // U+0110
    { 11, 14, 154, 0, 13, 39, 709 }, // U+0111
    { 12, 15, 166, -1, 15, 45, 748 }, // U+0112
    { 9, 13, 132, 0, 12, 30, 793 }, // U+0113
    { 12, 16, 166, -1, 16, 48, 823 }, // U+0114
    { 9, 14, 132, 0, 13, 32, 871 }, // U+0115
    { 12, 16, 166, -1, 16, 48, 903 }, // U+0116
    { 8, 14, 132, 0, 13, 28, 951 }, // U+0117
    { 12, 16, 166, -1, 12, 48, 979 }, // U+0118
    { 8, 14, 132, 0, 10, 28, 1027 }, // U+0119
    { 12, 16, 166, -1, 16, 48, 1055 }, // U+011A
    { 10, 14, 132, 0, 13, 35, 1103 }, // U+011B
    { 12, 17, 190, 0, 16, 51, 1138 }, // U+011C
    { 11, 17, 148, -1, 13, 47, 1189 }, // U+011D
    { 12, 17, 190, 0, 16, 51, 1236 }, // U+011E
    { 11, 17, 148, -1, 13, 47, 1287 }, // U+011F
    { 12, 17, 190, 0, 16, 51, 1334 }, // U+0120
    { 11, 17, 148, -1, 13, 47, 1385 }, // U+0121
    { 12, 17, 190, 0, 13, 51, 1432 }, // U+0122
    { 11, 17, 148, -1, 13, 47, 1483 }, // U+0123
    { 16, 16, 212, -1, 16, 64, 1530 }, // U+0124
    { 10, 17, 160, 0, 16, 43, 1594 }, // U+0125
    { 16, 12, 212, -1, 12, 48, 1637 }, // U+0126
    { 10, 14, 160, 0, 13, 35, 1685 }, // U+0127
    { 10, 16, 98, -1, 16, 40, 1720 }, // U+0128
    { 7, 14, 81, 0, 13, 25, 1760 }, // U+0129
    { 9, 15, 98, -1, 15, 34, 1785 }, // U+012A
    { 6, 13, 81, 0, 12, 20, 1819 }, // U+012B
    { 9, 16, 98, -1, 16, 36, 1839 }, // U+012C
    { 5, 14, 81, 1, 13, 18, 1875 }, // U+012D
    { 9, 16, 98, -1, 12, 36, 1893 }, // U+012E
    { 5, 17, 81, 0, 13, 22, 1929 }, // U+012F
    { 9, 16, 98, -1, 16, 36, 1951 }, // U+0130
    { 4, 10, 81, 1, 9, 10, 1987 }, // U+0131
    { 15, 16, 193, -1, 12, 60, 1997 }, // U+0132
    { 9, 17, 159, 1, 13, 39, 2057 }, // U+0133
    { 11, 20, 95, -3, 16, 55, 2096 }, // U+0134
    { 9, 17, 78, -3, 13, 39, 2151 }, // U+0135
    { 14, 16, 187, -1, 12, 56, 2190 }, // U+0136
    { 10, 17, 152, 0, 13, 43, 2246 }, // U+0137
    { 10, 10, 152, 0, 9, 25, 2289 }, // U+0138
    { 11, 16, 166, -1, 16, 44, 2314 }, // U+0139
    { 7, 17, 81, 1, 16, 30, 2358 }, // U+013A
    { 11, 16, 166, -1, 12, 44, 2388 }, // U+013B
    { 6, 17, 81, -1, 13, 26, 2432 }, // U+013C
    { 11, 12, 166, -1, 12, 33, 2458 }, // U+013D
    { 7, 14, 81, 1, 13, 25, 2491 }, // U+013E
    { 11, 12, 166, -1, 12, 33, 2516 }, // U+013F
    { 6, 14, 105, 1, 13, 21, 2549 }, // U+0140
    { 11, 12, 166, -1, 12, 33, 2570 }, // U+0141
    { 6, 14, 86, 0, 13, 21, 2603 }, // U+0142
    { 15, 16, 204, -1, 16, 60, 2624 }, // U+0143
    { 10, 14, 160, 0, 13, 35, 2684 }, // U+0144
    { 15, 16, 204, -1, 12, 60, 2719 }, // U+0145
    { 10, 14, 160, 0, 10, 35, 2779 }, // U+0146
    { 15, 16, 204, -1, 16, 60, 2814 }, // U+0147
    { 10, 14, 160, 0, 13, 35, 2874 }, // U+0148
    { 13, 13, 206, 0, 12, 43, 2909 }, // U+0149
    { 15, 16, 204, -1, 12, 60, 2952 }, // U+014A
    { 9, 14, 150, 0, 10, 32, 3012 }, // U+014B
    { 12, 16, 198, 0, 15, 48, 3044 }, // U+014C
    { 9, 13, 153, 0, 12, 30, 3092 }, // U+014D
    { 12, 17, 198, 0, 16, 51, 3122 }, // U+014E
    { 9, 14, 153, 0, 13, 32, 3173 }, // U+014F
    { 13, 17, 198, 0, 16, 56, 3205 }, // U+0150
    { 11, 14, 153, 0, 13, 39, 3261 }, // U+0151
    { 17, 14, 257, 0, 13, 60, 3300 }, // U+0152
    { 15, 11, 230, 0, 10, 42, 3360 }, // U+0153
    { 12, 16, 177, -1, 16, 48, 3402 }, // U+0154
    { 8, 13, 125, 0, 13, 26, 3450 }, // U+0155
    { 12, 16, 177, -1, 12, 48, 3476 }, // U+0156
    { 9, 14, 125, -1, 10, 32, 3524 }, // U+0157
    { 12, 16, 177, -1, 16, 48, 3556 }, // U+0158
    { 9, 13, 125, 0, 13, 30, 3604 }, // U+0159
    { 10, 17, 145, 0, 16, 43, 3634 }, // U+015A
    { 9, 14, 124, 0, 13, 32, 3677 }, // U+015B
    { 10, 17, 145, 0, 16, 43, 3709 }, // U+015C
    { 8, 14, 124, 0, 13, 28, 3752 }, // U+015D
    { 10, 17, 145, 0, 13, 43, 3780 }, // U+015E
    { 8, 14, 124, 0, 10, 28, 3823 }, // U+015F
    { 11, 17, 145, 0, 16, 47, 3851 }, // U+0160
    { 9, 14, 124, 0, 13, 32, 3898 }, // U+0161
    { 11, 16, 164, 1, 12, 44, 3930 }, // U+0162
    { 7, 15, 98, 0, 11, 27, 3974 }, // U+0163
    { 11, 16, 164, 1, 16, 44, 4001 }, // U+0164
    { 7, 14, 98, 1, 13, 25, 4045 }, // U+0165
    { 11, 12, 164, 1, 12, 33, 4070 }, // U+0166
    { 7, 12, 98, 0, 11, 21, 4103 }, // U+0167
    { 13, 17, 195, 1, 16, 56, 4124 }, // U+0168
    { 10, 14, 160, 0, 13, 35, 4180 }, // U+0169
    { 13, 16, 195, 1, 15, 52, 4215 }, // U+016A
    { 10, 13, 160, 0, 12, 33, 4267 }, // U+016B
    { 13, 17, 195, 1, 16, 56, 4300 }, // U+016C
    { 10, 14, 160, 0, 13, 35, 4356 }, // U+016D
    { 13, 18, 195, 1, 17, 59, 4391 }, // U+016E
    { 10, 15, 160, 0, 14, 38, 4450 }, // U+016F
    { 13, 17, 195, 1, 16, 56, 4488 }, // U+0170
    { 11, 14, 160, 0, 13, 39, 4544 }, // U+0171
    { 13, 16, 195, 1, 12, 52, 4583 }, // U+0172
    { 10, 13, 160, 0, 9, 33, 4635 }, // U+0173
    { 18, 16, 279, 1, 16, 72, 4668 }, // U+0174
    { 14, 14, 218, 0, 13, 49, 4740 }, // U+0175
    { 11, 16, 167, 1, 16, 44, 4789 }, // U+0176
    { 12, 17, 141, -3, 13, 51, 4833 }, // U+0177
    { 11, 16, 167, 1, 16, 44, 4884 }, // U+0178
    { 12, 16, 161, -1, 16, 48, 4928 }, // U+0179
    { 9, 13, 136, -1, 13, 30, 4976 }, // U+017A
    { 12, 16, 161, -1, 16, 48, 5006 }, // U+017B
    { 9, 13, 136, -1, 13, 30, 5054 }, // U+017C
    { 12, 16, 161, -1, 16, 48, 5084 }, // U+017D
    { 11, 13, 136, -1, 13, 36, 5132 }, // U+017E
    { 12, 17, 80, -3, 13, 51, 5168 }, // U+017F
    { 15, 14, 208, 0, 13, 53, 0 }, // U+01A0
    { 12, 12, 162, 0, 11, 36, 53 }, // U+01A1
    { 14, 14, 208, 1, 13, 49, 89 }, // U+01AF
    { 12, 12, 174, 0, 11, 36, 138 }, // U+01B0
    { 24, 16, 355, -1, 16, 96, 174 }, // U+01C4
    { 23, 13, 330, -1, 13, 75, 270 }, // U+01C5
    { 19, 14, 291, 0, 13, 67, 345 }, // U+01C6
    { 19, 16, 261, -1, 12, 76, 412 }, // U+01C7
    { 17, 17, 244, -1, 13, 73, 488 }, // U+01C8
    { 9, 17, 159, 1, 13, 39, 561 }, // U+01C9
    { 21, 16, 299, -1, 12, 84, 600 }, // U+01CA
    { 19, 17, 281, -1, 13, 81, 684 }, // U+01CB
    { 15, 17, 237, 0, 13, 64, 765 }, // U+01CC
    { 13, 16, 188, -1, 16, 52, 829 }, // U+01CD
    { 10, 14, 154, 0, 13, 35, 881 }, // U+01CE
    { 10, 16, 98, -1, 16, 40, 916 }, // U+01CF
    { 7, 14, 81, 1, 13, 25, 956 }, // U+01D0
    { 12, 17, 198, 0, 16, 51, 981 }, // U+01D1
    { 10, 14, 153, 0, 13, 35, 1032 }, // U+01D2
    { 13, 17, 195, 1, 16, 56, 1067 }, // U+01D3
    { 11, 14, 160, 0, 13, 39, 1123 }, // U+01D4
    { 13, 18, 195, 1, 17, 59, 1162 }, // U+01D5
    { 10, 15, 160, 0, 14, 38, 1221 }, // U+01D6
    { 13, 19, 195, 1, 18, 62, 1259 }, // U+01D7
    { 10, 16, 160, 0, 15, 40, 1321 }, // U+01D8
    { 13, 19, 195, 1, 18, 62, 1361 }, // U+01D9
    { 10, 16, 160, 0, 15, 40, 1423 }, // U+01DA
    { 13, 19, 195, 1, 18, 62, 1463 }, // U+01DB
    { 10, 16, 160, 0, 15, 40, 1525 }, // U+01DC
    { 8, 11, 132, 0, 10, 22, 1565 }, // U+01DD
    { 12, 17, 188, -1, 17, 51, 1587 }, // U+01DE
    { 10, 15, 154, 0, 14, 38, 1638 }, // U+01DF
    { 12, 17, 188, -1, 17, 51, 1676 }, // U+01E0
    { 10, 15, 154, 0, 14, 38, 1727 }, // U+01E1
    { 18, 15, 254, -1, 15, 68, 1765 }, // U+01E2
    { 14, 13, 217, 0, 12, 46, 1833 }, // U+01E3
    { 12, 14, 190, 0, 13, 42, 1879 }, // U+01E4
    { 11, 14, 148, -1, 10, 39, 1921 }, // U+01E5
    { 13, 17, 190, 0, 16, 56, 1960 }, // U+01E6
    { 11, 17, 148, -1, 13, 47, 2016 }, // U+01E7
    { 14, 16, 187, -1, 16, 56, 2063 }, // U+01E8
    { 11, 17, 152, 0, 16, 47, 2119 }, // U+01E9
    { 12, 17, 198, 0, 13, 51, 2166 }, // U+01EA
    { 9, 14, 153, 0, 10, 32, 2217 }, // U+01EB
    { 12, 19, 198, 0, 15, 57, 2249 }, // U+01EC
    { 9, 16, 153, 0, 12, 36, 2306 }, // U+01ED
    { 11, 17, 161, 0, 16, 47, 2342 }, // U+01EE
    { 11, 17, 146, -1, 13, 47, 2389 }, // U+01EF
    { 11, 17, 78, -3, 13, 47, 2436 }, // U+01F0
    { 24, 12, 355, -1, 12, 72, 2483 }, // U+01F1
    { 21, 12, 330, -1, 12, 63, 2555 }, // U+01F2
    { 18, 14, 291, 0, 13, 63, 2618 }, // U+01F3
    { 12, 17, 190, 0, 16, 51, 2681 }, // U+01F4
    { 11, 17, 148, -1, 13, 47, 2732 }, // U+01F5
    { 19, 13, 277, -1, 12, 62, 2779 }, // U+01F6
    { 14, 17, 197, -2, 13, 60, 2841 }, // U+01F7
    { 15, 16, 204, -1, 16, 60, 2901 }, // U+01F8
    { 10, 14, 160, 0, 13, 35, 2961 }, // U+01F9
    { 12, 16, 188, -1, 16, 48, 2996 }, // U+01FA
    { 10, 18, 154, 0, 17, 45, 3044 }, // U+01FB
    { 18, 16, 254, -1, 16, 72, 3089 }, // U+01FC
    { 14, 14, 217, 0, 13, 49, 3161 }, // U+01FD
    { 12, 17, 198, 0, 16, 51, 3210 }, // U+01FE
    { 10, 14, 153, 0, 13, 35, 3261 }, // U+01FF
    { 12, 16, 188, -1, 16, 48, 3296 }, // U+0200
    { 10, 14, 154, 0, 13, 35, 3344 }, // U+0201
    { 12, 16, 188, -1, 16, 48, 3379 }, // U+0202
    { 10, 14, 154, 0, 13, 35, 3427 }, // U+0203
    { 12, 16, 166, -1, 16, 48, 3462 }, // U+0204
    { 8, 14, 132, 0, 13, 28, 3510 }, // U+0205
    { 12, 16, 166, -1, 16, 48, 3538 }, // U+0206
    { 9, 14, 132, 0, 13, 32, 3586 }, // U+0207
    { 9, 16, 98, -1, 16, 36, 3618 }, // U+0208
    { 7, 14, 81, -1, 13, 25, 3654 }, // U+0209
    { 9, 16, 98, -1, 16, 36, 3679 }, // U+020A
    { 6, 14, 81, 1, 13, 21, 3715 }, // U+020B
    { 12, 17, 198, 0, 16, 51, 3736 }, // U+020C
    { 9, 14, 153, 0, 13, 32, 3787 }, // U+020D
    { 12, 17, 198, 0, 16, 51, 3819 }, // U+020E
    { 9, 14, 153, 0, 13, 32, 3870 }, // U+020F
    { 12, 16, 177, -1, 16, 48, 3902 }, // U+0210
    { 8, 13, 125, 0, 13, 26, 3950 }, // U+0211
    { 12, 16, 177, -1, 16, 48, 3976 }, // U+0212
    { 8, 13, 125, 0, 13, 26, 4024 }, // U+0213
    { 13, 17, 195, 1, 16, 56, 4050 }, // U+0214
    { 10, 14, 160, 0, 13, 35, 4106 }, // U+0215
    { 13, 17, 195, 1, 16, 56, 4141 }, // U+0216
    { 10, 14, 160, 0, 13, 35, 4197 }, // U+0217
    { 10, 17, 145, 0, 13, 43, 4232 }, // U+0218
    { 8, 14, 124, 0, 10, 28, 4275 }, // U+0219
    { 11, 16, 164, 1, 12, 44, 4303 }, // U+021A
    { 7, 15, 98, 0, 11, 27, 4347 }, // U+021B
    { 11, 16, 161, -1, 13, 44, 4374 }, // U+021C
    { 10, 14, 125, -2, 10, 35, 4418 }, // U+021D
    { 16, 16, 212, -1, 16, 64, 4453 }, // U+021E
    { 11, 17, 160, 0, 16, 47, 4517 }, // U+021F
    { 4, 3, 0, -7, 13, 3, 0 }, // U+0300
    { 4, 3, 0, -4, 13, 3, 3 }, // U+0301
    { 6, 3, 0, -2, 13, 5, 6 }, // U+0302
    { 8, 3, 0, -8, 13, 6, 11 }, // U+0303
    { 6, 2, 0, -2, 12, 3, 17 }, // U+0304
    { 6, 2, 0, -1, 15, 3, 20 }, // U+0305
    { 6, 3, 0, -1, 13, 5, 23 }, // U+0306
    { 3, 3, 0, 0, 13, 3, 28 }, // U+0307
    { 6, 3, 0, -2, 13, 5, 31 }, // U+0308
    { 4, 5, 0, -6, 14, 5, 36 }, // U+0309
    { 5, 5, 0, -1, 14, 7, 41 }, // U+030A
    { 7, 3, 0, -1, 13, 6, 48 }, // U+030B
    { 6, 3, 0, 0, 13, 5, 54 }, // U+030C
    { 3, 4, 0, 0, 13, 3, 59 }, // U+030D
    { 5, 4, 0, -1, 13, 5, 62 }, // U+030E
    { 7, 3, 0, -7, 13, 6, 67 }, // U+030F
    { 5, 5, 0, -1, 15, 7, 73 }, // U+0310
    { 6, 3, 0, -2, 13, 5, 80 }, // U+0311
    { 4, 5, 0, -1, 12, 5, 85 }, // U+0312
    { 4, 5, 0, -1, 12, 5, 90 }, // U+0313
    { 3, 5, 0, 0, 12, 4, 95 }, // U+0314
    { 4, 5, 0, -1, 12, 5, 99 }, // U+0315
    { 4, 3, 0, -3, -1, 3, 104 }, // U+0316
    { 5, 3, 0, -4, -1, 4, 107 }, // U+0317
    { 4, 4, 0, -3, 0, 4, 111 }, // U+0318
    { 4, 4, 0, -3, 0, 4, 115 }, // U+0319
    { 5, 5, 83, 1, 13, 7, 119 }, // U+031A
    { 3, 4, 0, -1, 13, 3, 126 }, // U+031B
    { 4, 4, 0, -3, 0, 4, 129 }, // U+031C
    { 5, 4, 0, -4, 0, 5, 133 }, // U+031D
    { 4, 4, 0, -3, 0, 4, 138 }, // U+031E
    { 4, 4, 0, -3, 0, 4, 142 }, // U+031F
    { 5, 2, 0, -4, -1, 3, 146 }, // U+0320
    { 5, 5, 0, -4, 1, 7, 149 }, // U+0321
    { 4, 5, 0, -2, 1, 5, 156 }, // U+0322
    { 3, 4, 0, -8, 0, 3, 161 }, // U+0323
    { 6, 3, 0, -4, 0, 5, 164 }, // U+0324
    { 5, 5, 0, -4, 0, 7, 169 }, // U+0325
    { 3, 3, 0, -3, -1, 3, 176 }, // U+0326
    { 5, 5, 0, -3, 1, 7, 179 }, // U+0327
    { 4, 4, 0, -3, 0, 4, 186 }, // U+0328
    { 3, 4, 0, -3, 0, 3, 190 }, // U+0329
    { 7, 3, 0, -5, -1, 6, 193 }, // U+032A
    { 6, 3, 0, -4, -1, 5, 199 }, // U+032B
    { 6, 3, 0, -3, -1, 5, 204 }, // U+032C
    { 6, 3, 0, -5, -1, 5, 209 }, // U+032D
    { 6, 3, 0, -4, -1, 5, 214 }, // U+032E
    { 5, 3, 0, -4, 0, 4, 219 }, // U+032F
    { 7, 3, 0, -5, 0, 6, 223 }, // U+0330
    { 6, 2, 0, -4, 0, 3, 229 }, // U+0331
    { 8, 2, 0, -9, -1, 4, 232 }, // U+0332
    { 8, 3, 0, -9, -1, 6, 236 }, // U+0333
    { 8, 3, 0, -4, 7, 6, 242 }, // U+0334
    { 7, 2, 0, -3, 6, 4, 248 }, // U+0335
    { 12, 2, 0, -6, 6, 6, 252 }, // U+0336
    { 7, 5, 0, -3, 7, 9, 258 }, // U+0337
    { 11, 15, 0, -5, 13, 42, 267 }, // U+0338
    { 3, 4, 0, -3, 0, 3, 309 }, // U+0339
    { 7, 3, 0, -5, -1, 6, 312 }, // U+033A
    { 7, 4, 0, -5, 0, 7, 318 }, // U+033B
    { 7, 3, 0, -5, -1, 6, 325 }, // U+033C
    { 4, 4, 0, -1, 13, 4, 331 }, // U+033D
    { 3, 6, 0, 0, 15, 5, 335 }, // U+033E
    { 8, 4, 0, -2, 16, 8, 340 }, // U+033F
    { 4, 3, 0, -1, 13, 3, 348 }, // U+0340
    { 5, 3, 0, -1, 13, 4, 351 }, // U+0341
    { 7, 3, 0, -2, 13, 6, 355 }, // U+0342
    { 3, 4, 0, 0, 14, 3, 361 }, // U+0343
    { 7, 4, 0, -2, 14, 7, 364 }, // U+0344
    { 3, 3, 0, -1, -1, 3, 371 }, // U+0345
    { 7, 3, 0, -2, 13, 6, 374 }, // U+0346
    { 9, 4, 0, -6, 0, 9, 380 }, // U+0347
    { 5, 4, 0, -4, 0, 5, 389 }, // U+0348
    { 4, 3, 0, -3, -1, 3, 394 }, // U+0349
    { 7, 4, 0, -2, 13, 7, 397 }, // U+034A
    { 7, 7, 0, -2, 16, 13, 404 }, // U+034B
    { 7, 6, 0, -2, 15, 11, 417 }, // U+034C
    { 5, 4, 0, -4, 0, 5, 428 }, // U+034D
    { 4, 4, 0, -3, 0, 4, 433 }, // U+034E
    { 12, 12, 0, -6, 12, 36, 437 }, // U+034F
    { 4, 4, 0, -1, 13, 4, 473 }, // U+0350
    { 3, 4, 0, 0, 14, 3, 477 }, // U+0351
    { 5, 5, 0, -1, 15, 7, 480 }, // U+0352
    { 4, 4, 0, -3, 0, 4, 487 }, // U+0353
    { 4, 4, 0, -3, 0, 4, 491 }, // U+0354
    { 4, 4, 0, -3, 0, 4, 495 }, // U+0355
    { 8, 4, 0, -5, 0, 8, 499 }, // U+0356
    { 3, 4, 0, 0, 14, 3, 507 }, // U+0357
    { 3, 3, 0, 2, 13, 3, 510 }, // U+0358
    { 6, 5, 0, -3, 0, 8, 513 }, // U+0359
    { 7, 4, 0, -5, 0, 7, 521 }, // U+035A
    { 4, 5, 0, -1, 14, 5, 528 }, // U+035B
    { 14, 4, 0, -8, 0, 14, 533 }, // U+035C
    { 14, 4, 0, -5, 13, 14, 547 }, // U+035D
    { 11, 2, 0, -4, 12, 6, 561 }, // U+035E
    { 11, 2, 0, -7, -1, 6, 567 }, // U+035F
    { 15, 3, 0, -6, 13, 12, 573 }, // U+0360
    { 13, 4, 0, -5, 14, 13, 585 }, // U+0361
    { 11, 4, 0, -7, 0, 11, 598 }, // U+0362
    { 5, 4, 0, -1, 14, 5, 609 }, // U+0363
    { 4, 4, 0, 0, 14, 4, 614 }, // U+0364
    { 3, 6, 0, 0, 16, 5, 618 }, // U+0365
    { 5, 4, 0, -1, 14, 5, 623 }, // U+0366
    { 5, 4, 0, -1, 14, 5, 628 }, // U+0367
    { 4, 4, 0, 0, 14, 4, 633 }, // U+0368
    { 5, 6, 0, -1, 16, 8, 637 }, // U+0369
    { 5, 6, 0, -1, 16, 8, 645 }, // U+036A
    { 7, 4, 0, -2, 14, 7, 653 }, // U+036B
    { 4, 4, 0, 0, 14, 4, 660 }, // U+036C
    { 4, 5, 0, 0, 15, 5, 664 }, // U+036D
    { 5, 4, 0, -1, 14, 5, 669 }, // U+036E
    { 5, 4, 0, -1, 14, 5, 674 }, // U+036F
    { 12, 16, 168, -1, 16, 48, 0 }, // U+0400
    { 12, 16, 168, -1, 16, 48, 48 }, // U+0401
    { 12, 12, 214, 1, 12, 36, 96 }, // U+0402
    { 12, 16, 150, -1, 16, 48, 132 }, // U+0403
    { 10, 14, 164, 1, 13, 35, 180 }, // U+0404
    { 9, 14, 147, 0, 13, 32, 215 }, // U+0405
    { 9, 12, 99, -1, 12, 27, 247 }, // U+0406
    { 9, 16, 99, -1, 16, 36, 274 }, // U+0407
    { 10, 16, 96, -2, 12, 40, 310 }, // U+0408
    { 17, 13, 257, -1, 12, 56, 350 }, // U+0409
    { 18, 12, 272, -1, 12, 54, 406 }, // U+040A
    { 12, 12, 227, 1, 12, 36, 460 }, // U+040B
    { 14, 16, 188, -1, 16, 56, 496 }, // U+040C
    { 16, 16, 215, -1, 16, 64, 552 }, // U+040D
    { 12, 17, 173, 1, 16, 51, 616 }, // U+040E
    { 15, 16, 210, -1, 12, 60, 667 }, // U+040F
    { 12, 12, 188, -1, 12, 36, 727 }, // U+0410
    { 12, 12, 168, -1, 12, 36, 763 }, // U+0411
    { 12, 12, 175, -1, 12, 36, 799 }, // U+0412
    { 12, 12, 150, -1, 12, 36, 835 }, // U+0413
    { 16, 16, 198, -2, 12, 64, 871 }, // U+0414
    { 12, 12, 168, -1, 12, 36, 935 }, // U+0415
    { 20, 12, 261, -2, 12, 60, 971 }, // U+0416
    { 10, 14, 159, 0, 13, 35, 1031 }, // U+0417
    { 16, 12, 215, -1, 12, 48, 1066 }, // U+0418
    { 16, 16, 215, -1, 16, 64, 1114 }, // U+0419
    { 14, 12, 188, -1, 12, 42, 1178 }, // U+041A
    { 15, 13, 195, -1, 12, 49, 1220 }, // U+041B
    { 18, 12, 255, -1, 12, 54, 1269 }, // U+041C
    { 16, 12, 213, -1, 12, 48, 1323 }, // U+041D
    { 11, 14, 197, 1, 13, 39, 1371 }, // U+041E
    { 15, 12, 210, -1, 12, 45, 1410 }, // U+041F
    { 12, 12, 163, -1, 12, 36, 1455 }, // U+0420
    { 10, 14, 164, 1, 13, 35, 1491 }, // U+0421
    { 11, 12, 166, 1, 12, 33, 1526 }, // U+0422
    { 12, 13, 173, 1, 12, 39, 1559 }, // U+0423
    { 13, 14, 229, 1, 13, 46, 1598 }, // U+0424
    { 14, 12, 177, -1, 12, 42, 1644 }, // U+0425
    { 15, 16, 210, -1, 12, 60, 1686 }, // U+0426
    { 13, 12, 202, 1, 12, 39, 1746 }, // U+0427
    { 20, 12, 286, -1, 12, 60, 1785 }, // U+0428
    { 20, 16, 286, -1, 12, 80, 1845 }, // U+0429
    { 11, 12, 192, 1, 12, 33, 1925 }, // U+042A
    { 18, 12, 244, -1, 12, 54, 1958 }, // U+042B
    { 11, 12, 165, -1, 12, 33, 2012 }, // U+042C
    { 10, 14, 167, 0, 13, 35, 2045 }, // U+042D
    { 18, 14, 272, -1, 13, 63, 2080 }, // U+042E
    { 13, 12, 173, -1, 12, 39, 2143 }, // U+042F
    { 10, 11, 152, 0, 10, 28, 2182 }, // U+0430
    { 10, 14, 155, 0, 13, 35, 2210 }, // U+0431
    { 9, 11, 141, 0, 10, 25, 2245 }, // U+0432
    { 8, 11, 121, 0, 10, 22, 2270 }, // U+0433
    { 9, 14, 153, 0, 13, 32, 2292 }, // U+0434
    { 8, 11, 132, 0, 10, 22, 2324 }, // U+0435
    { 17, 11, 245, -1, 10, 47, 2346 }, // U+0436
    { 8, 11, 128, 0, 10, 22, 2393 }, // U+0437
    { 10, 10, 158, 0, 9, 25, 2415 }, // U+0438
    { 10, 14, 158, 0, 13, 35, 2440 }, // U+0439
    { 10, 9, 155, 0, 9, 23, 2475 }, // U+043A
    { 11, 10, 157, -1, 9, 28, 2498 }, // U+043B
    { 15, 10, 219, -1, 9, 38, 2526 }, // U+043C
    { 10, 10, 159, 0, 9, 25, 2564 }, // U+043D
    { 9, 11, 153, 0, 10, 25, 2589 }, // U+043E
    { 10, 11, 160, 0, 10, 28, 2614 }, // U+043F
    { 10, 14, 152, -1, 10, 35, 2642 }, // U+0440
    { 9, 11, 130, 0, 10, 25, 2677 }, // U+0441
    { 15, 11, 239, 0, 10, 42, 2702 }, // U+0442
    { 10, 15, 145, -1, 10, 38, 2744 }, // U+0443
    { 13, 18, 204, 0, 13, 59, 2782 }, // U+0444
    { 11, 9, 142, -1, 9, 25, 2841 }, // U+0445
    { 10, 13, 158, 0, 9, 33, 2866 }, // U+0446
    { 10, 10, 150, 0, 9, 25, 2899 }, // U+0447
    { 15, 10, 237, 0, 9, 38, 2924 }, // U+0448
    { 15, 13, 237, 0, 9, 49, 2962 }, // U+0449
    { 8, 10, 139, 0, 9, 20, 3011 }, // U+044A
    { 13, 10, 204, 0, 9, 33, 3031 }, // U+044B
    { 8, 10, 140, 0, 9, 20, 3064 }, // U+044C
    { 8, 11, 133, 0, 10, 22, 3084 }, // U+044D
    { 13, 11, 213, 0, 10, 36, 3106 }, // U+044E
    { 11, 11, 152, -1, 10, 31, 3142 }, // U+044F
    { 8, 14, 132, 0, 13, 28, 3173 }, // U+0450
    { 9, 14, 132, 0, 13, 32, 3201 }, // U+0451
    { 9, 17, 149, 0, 13, 39, 3233 }, // U+0452
    { 8, 14, 121, 0, 13, 28, 3272 }, // U+0453
    { 9, 11, 130, 0, 10, 25, 3300 }, // U+0454
    { 8, 11, 121, 0, 10, 22, 3325 }, // U+0455
    { 5, 14, 79, 0, 13, 18, 3347 }, // U+0456
    { 6, 14, 79, 0, 13, 21, 3365 }, // U+0457
    { 7, 17, 75, -2, 13, 30, 3386 }, // U+0458
    { 14, 10, 216, -1, 9, 35, 3416 }, // U+0459
    { 13, 10, 217, 0, 9, 33, 3451 }, // U+045A
    { 10, 14, 160, 0, 13, 35, 3484 }, // U+045B
    { 10, 13, 155, 0, 13, 33, 3519 }, // U+045C
    { 10, 14, 158, 0, 13, 35, 3552 }, // U+045D
    { 10, 18, 145, -1, 13, 45, 3587 }, // U+045E
    { 10, 13, 158, 0, 9, 33, 3632 }, // U+045F
    { 15, 13, 257, 1, 13, 49, 3665 }, // U+0460
    { 13, 10, 213, 0, 10, 33, 3714 }, // U+0461
    { 11, 12, 164, -1, 12, 33, 3747 }, // U+0462
    { 13, 11, 214, 0, 10, 36, 3780 }, // U+0463
    { 17, 14, 243, -1, 13, 60, 3816 }, // U+0464
    { 13, 11, 204, 0, 10, 36, 3876 }, // U+0465
    { 13, 12, 184, -2, 12, 39, 3912 }, // U+0466
    { 10, 9, 154, -1, 9, 23, 3951 }, // U+0467
    { 18, 12, 276, -1, 12, 54, 3974 }, // U+0468
    { 13, 9, 214, 0, 9, 30, 4028 }, // U+0469
    { 14, 12, 210, -1, 12, 42, 4058 }, // U+046A
    { 13, 9, 187, -1, 9, 30, 4100 }, // U+046B
    { 20, 12, 302, -1, 12, 60, 4130 }, // U+046C
    { 15, 9, 242, 0, 9, 34, 4190 }, // U+046D
    { 11, 19, 161, -1, 15, 53, 4224 }, // U+046E
    { 9, 16, 127, -1, 12, 36, 4277 }, // U+046F
    { 14, 12, 221, 2, 12, 42, 4313 }, // U+0470
    { 11, 17, 189, 1, 13, 47, 4355 }, // U+0471
    { 12, 14, 198, 0, 13, 42, 4402 }, // U+0472
    { 9, 11, 153, 0, 10, 25, 4444 }, // U+0473
    { 13, 12, 185, 1, 12, 39, 4469 }, // U+0474
    { 11, 11, 156, 0, 10, 31, 4508 }, // U+0475
    { 13, 16, 185, 1, 16, 52, 4539 }, // U+0476
    { 11, 14, 156, 0, 13, 39, 4591 }, // U+0477
    { 20, 17, 316, 0, 13, 85, 4630 }, // U+0478
    { 17, 14, 267, 0, 10, 60, 4715 }, // U+0479
    { 13, 15, 209, 0, 13, 49, 4775 }, // U+047A
    { 10, 11, 169, 0, 10, 28, 4824 }, // U+047B
    { 16, 19, 262, 0, 18, 76, 4852 }, // U+047C
    { 13, 16, 210, 0, 15, 52, 4928 }, // U+047D
    { 15, 15, 257, 1, 15, 57, 4980 }, // U+047E
    { 13, 12, 213, 0, 12, 39, 5037 }, // U+047F
    { 11, 17, 167, 0, 13, 47, 5076 }, // U+0480
    { 9, 14, 130, 0, 10, 32, 5123 }, // U+0481
    { 10, 12, 162, 0, 11, 30, 5155 }, // U+0482
    { 7, 3, 0, -2, 12, 6, 5185 }, // U+0483
    { 7, 3, 0, -2, 13, 6, 5191 }, // U+0484
    { 3, 3, 0, 0, 13, 3, 5197 }, // U+0485
    { 3, 3, 0, 0, 13, 3, 5200 }, // U+0486
    { 8, 3, 0, -2, 15, 6, 5203 }, // U+0487
    { 22, 19, 0, -11, 14, 105, 5209 }, // U+0488
    { 20, 21, 0, -10, 15, 105, 5314 }, // U+0489
    { 16, 20, 214, -1, 16, 80, 5419 }, // U+048A
    { 10, 18, 160, 0, 14, 45, 5499 }, // U+048B
    { 11, 13, 164, -1, 13, 36, 5544 }, // U+048C
    { 9, 12, 141, 0, 11, 27, 5580 }, // U+048D
    { 12, 12, 165, -1, 12, 36, 5607 }, // U+048E
    { 10, 14, 154, -1, 10, 35, 5643 }, // U+048F
    { 12, 14, 145, -1, 14, 42, 5678 }, // U+0490
    { 8, 11, 119, 0, 11, 22, 5720 }, // U+0491
    { 12, 12, 150, -1, 12, 36, 5742 }, // U+0492
    { 8, 9, 122, 0, 9, 18, 5778 }, // U+0493
    { 12, 17, 176, -1, 12, 51, 5796 }, // U+0494
    { 8, 13, 138, 0, 9, 26, 5847 }, // U+0495
    { 19, 16, 274, -1, 12, 76, 5873 }, // U+0496
    { 17, 14, 269, 0, 10, 60, 5949 }, // U+0497
    { 10, 17, 161, 0, 13, 43, 6009 }, // U+0498
    { 8, 14, 127, 0, 10, 28, 6052 }, // U+0499
    { 14, 16, 198, -1, 12, 56, 6080 }, // U+049A
    { 11, 14, 161, 0, 10, 39, 6136 }, // U+049B
    { 14, 12, 195, -1, 12, 42, 6175 }, // U+049C
    { 11, 10, 169, 0, 10, 28, 6217 }, // U+049D
    { 14, 12, 187, -1, 12, 42, 6245 }, // U+049E
    { 11, 14, 161, 0, 13, 39, 6287 }, // U+049F
    { 13, 12, 209, 1, 12, 39, 6326 }, // U+04A0
    { 12, 10, 189, 0, 10, 30, 6365 }, // U+04A1
    { 16, 16, 212, -1, 12, 64, 6395 }, // U+04A2
    { 11, 13, 168, 0, 9, 36, 6459 }, // U+04A3
    { 17, 12, 234, -1, 12, 51, 6495 }, // U+04A4
    { 13, 10, 201, 0, 9, 33, 6546 }, // U+04A5
    { 18, 17, 281, -1, 12, 77, 6579 }, // U+04A6
    { 14, 13, 229, 0, 9, 46, 6656 }, // U+04A7
    { 12, 14, 195, 0, 13, 42, 6702 }, // U+04A8
    { 10, 11, 163, 0, 10, 28, 6744 }, // U+04A9
    { 11, 17, 167, 0, 13, 47, 6772 }, // U+04AA
    { 9, 14, 130, 0, 10, 32, 6819 }, // U+04AB
    { 11, 16, 164, 1, 12, 44, 6851 }, // U+04AC
    { 15, 14, 239, 0, 10, 53, 6895 }, // U+04AD
    { 11, 12, 167, 1, 12, 33, 6948 }, // U+04AE
    { 9, 14, 147, 0, 10, 32, 6981 }, // U+04AF
    { 11, 12, 167, 1, 12, 33, 7013 }, // U+04B0
    { 9, 14, 147, 0, 10, 32, 7046 }, // U+04B1
    { 14, 16, 176, -1, 12, 56, 7078 }, // U+04B2
    { 11, 13, 146, -1, 9, 36, 7134 }, // U+04B3
    { 15, 16, 238, 1, 12, 60, 7170 }, // U+04B4
    { 12, 13, 196, 0, 9, 39, 7230 }, // U+04B5
    { 13, 16, 202, 1, 12, 52, 7269 }, // U+04B6
    { 10, 13, 162, 0, 9, 33, 7321 }, // U+04B7
    { 13, 12, 202, 1, 12, 39, 7354 }, // U+04B8
    { 10, 10, 150, 0, 9, 25, 7393 }, // U+04B9
    { 13, 12, 202, -1, 12, 39, 7418 }, // U+04BA
    { 10, 14, 160, 0, 13, 35, 7457 }, // U+04BB
    { 14, 14, 213, 0, 13, 49, 7492 }, // U+04BC
    { 10, 11, 160, 0, 10, 28, 7541 }, // U+04BD
    { 14, 17, 213, 0, 13, 60, 7569 }, // U+04BE
    { 10, 14, 160, 0, 10, 35, 7629 }, // U+04BF
    { 9, 12, 98, -1, 12, 27, 7664 }, // U+04C0
    { 20, 16, 261, -2, 16, 80, 7691 }, // U+04C1
    { 17, 14, 245, -1, 13, 60, 7771 }, // U+04C2
    { 14, 17, 185, -1, 12, 60, 7831 }, // U+04C3
    { 11, 14, 163, 0, 10, 39, 7891 }, // U+04C4
    { 14, 16, 187, -1, 12, 56, 7930 }, // U+04C5
    { 11, 14, 171, 0, 10, 39, 7986 }, // U+04C6
    { 16, 16, 210, -1, 12, 64, 8025 }, // U+04C7
    { 10, 13, 165, 0, 9, 33, 8089 }, // U+04C8
    { 16, 16, 212, -1, 12, 64, 8122 }, // U+04C9
    { 11, 13, 168, 0, 9, 36, 8186 }, // U+04CA
    { 13, 16, 202, 1, 12, 52, 8222 }, // U+04CB
    { 10, 13, 162, 0, 9, 33, 8274 }, // U+04CC
    { 18, 16, 250, -1, 12, 72, 8307 }, // U+04CD
    { 15, 13, 240, 0, 9, 49, 8379 }, // U+04CE
    { 9, 12, 98, -1, 12, 27, 8428 }, // U+04CF
    { 12, 16, 188, -1, 16, 48, 8455 }, // U+04D0
    { 10, 14, 154, 0, 13, 35, 8503 }, // U+04D1
    { 12, 16, 188, -1, 16, 48, 8538 }, // U+04D2
    { 10, 14, 154, 0, 13, 35, 8586 }, // U+04D3
    { 18, 12, 254, -1, 12, 54, 8621 }, // U+04D4
    { 14, 11, 217, 0, 10, 39, 8675 }, // U+04D5
    { 12, 16, 166, -1, 16, 48, 8714 }, // U+04D6
    { 8, 14, 132, 0, 13, 28, 8762 }, // U+04D7
    { 11, 14, 178, 0, 13, 39, 8790 }, // U+04D8
    { 8, 11, 132, 0, 10, 22, 8829 }, // U+04D9
    { 11, 17, 178, 0, 16, 47, 8851 }, // U+04DA
    { 8, 14, 132, 0, 13, 28, 8898 }, // U+04DB
    { 20, 16, 261, -2, 16, 80, 8926 }, // U+04DC
    { 17, 14, 245, -1, 13, 60, 9006 }, // U+04DD
    { 10, 17, 159, 0, 16, 43, 9066 }, // U+04DE
    { 8, 14, 128, 0, 13, 28, 9109 }, // U+04DF
    { 10, 13, 161, 0, 12, 33, 9137 }, // U+04E0
    { 10, 13, 146, -1, 9, 33, 9170 }, // U+04E1
    { 16, 15, 215, -1, 15, 60, 9203 }, // U+04E2
    { 10, 13, 160, 0, 12, 33, 9263 }, // U+04E3
    { 16, 16, 215, -1, 16, 64, 9296 }, // U+04E4
    { 10, 14, 160, 0, 13, 35, 9360 }, // U+04E5
    { 12, 17, 198, 0, 16, 51, 9395 }, // U+04E6
    { 9, 14, 153, 0, 13, 32, 9446 }, // U+04E7
    { 12, 14, 198, 0, 13, 42, 9478 }, // U+04E8
    { 9, 11, 153, 0, 10, 25, 9520 }, // U+04E9
    { 12, 17, 198, 0, 16, 51, 9545 }, // U+04EA
    { 9, 14, 153, 0, 13, 32, 9596 }, // U+04EB
    { 10, 17, 167, 0, 16, 43, 9628 }, // U+04EC
    { 8, 14, 133, 0, 13, 28, 9671 }, // U+04ED
    { 12, 16, 173, 1, 15, 48, 9699 }, // U+04EE
    { 12, 16, 141, -3, 12, 48, 9747 }, // U+04EF
    { 12, 17, 173, 1, 16, 51, 9795 }, // U+04F0
    { 12, 17, 141, -3, 13, 51, 9846 }, // U+04F1
    { 12, 17, 173, 1, 16, 51, 9897 }, // U+04F2
    { 13, 17, 141, -3, 13, 56, 9948 }, // U+04F3
    { 13, 16, 202, 1, 16, 52, 10004 }, // U+04F4
    { 10, 14, 150, 0, 13, 35, 10056 }, // U+04F5
    { 12, 16, 150, -1, 12, 48, 10091 }, // U+04F6
    { 8, 13, 122, 0, 9, 26, 10139 }, // U+04F7
    { 18, 16, 244, -1, 16, 72, 10165 }, // U+04F8
    { 13, 14, 204, 0, 13, 46, 10237 }, // U+04F9
    { 12, 16, 150, -1, 12, 48, 10283 }, // U+04FA
    { 8, 13, 122, 0, 9, 26, 10331 }, // U+04FB
    { 14, 16, 176, -1, 12, 56, 10357 }, // U+04FC
    { 11, 13, 146, -1, 9, 36, 10413 }, // U+04FD
    { 14, 12, 176, -1, 12, 42, 10449 }, // U+04FE
    { 11, 9, 146, -1, 9, 25, 10491 }, // U+04FF
    { 12, 15, 188, -1, 12, 45, 0 }, // U+1EA0
    { 10, 13, 154, 0, 10, 33, 45 }, // U+1EA1
    { 12, 17, 188, -1, 17, 51, 78 }, // U+1EA2
    { 10, 15, 154, 0, 14, 38, 129 }, // U+1EA3
    { 14, 17, 188, -1, 17, 60, 167 }, // U+1EA4
    { 11, 15, 154, 0, 14, 42, 227 }, // U+1EA5
    { 12, 17, 188, -1, 17, 51, 269 }, // U+1EA6
    { 10, 15, 154, 0, 14, 38, 320 }, // U+1EA7
    { 13, 18, 188, -1, 18, 59, 358 }, // U+1EA8
    { 11, 16, 154, 0, 15, 44, 417 }, // U+1EA9
    { 12, 18, 188, -1, 18, 54, 461 }, // U+1EAA
    { 10, 16, 154, 0, 15, 40, 515 }, // U+1EAB
    { 12, 19, 188, -1, 16, 57, 555 }, // U+1EAC
    { 10, 16, 154, 0, 13, 40, 612 }, // U+1EAD
    { 12, 17, 188, -1, 17, 51, 652 }, // U+1EAE
    { 10, 16, 154, 0, 15, 40, 703 }, // U+1EAF
    { 12, 17, 188, -1, 17, 51, 743 }, // U+1EB0
    { 10, 16, 154, 0, 15, 40, 794 }, // U+1EB1
    { 12, 18, 188, -1, 18, 54, 834 }, // U+1EB2
    { 10, 16, 154, 0, 15, 40, 888 }, // U+1EB3
    { 12, 18, 188, -1, 18, 54, 928 }, // U+1EB4
    { 10, 16, 154, 0, 15, 40, 982 }, // U+1EB5
    { 12, 20, 188, -1, 16, 60, 1022 }, // U+1EB6
    { 10, 17, 154, 0, 13, 43, 1082 }, // U+1EB7
    { 12, 16, 166, -1, 12, 48, 1125 }, // U+1EB8
    { 8, 14, 132, 0, 10, 28, 1173 }, // U+1EB9
    { 12, 17, 166, -1, 17, 51, 1201 }, // U+1EBA
    { 8, 15, 132, 0, 14, 30, 1252 }, // U+1EBB
    { 12, 16, 166, -1, 16, 48, 1282 }, // U+1EBC
    { 9, 14, 132, 0, 13, 32, 1330 }, // U+1EBD
    { 14, 17, 166, -1, 17, 60, 1362 }, // U+1EBE
    { 11, 15, 132, 0, 14, 42, 1422 }, // U+1EBF
    { 12, 17, 166, -1, 17, 51, 1464 }, // U+1EC0
    { 9, 15, 132, 0, 14, 34, 1515 }, // U+1EC1
    { 13, 18, 166, -1, 18, 59, 1549 }, // U+1EC2
    { 10, 16, 132, 0, 15, 40, 1608 }, // U+1EC3
    { 12, 18, 166, -1, 18, 54, 1648 }, // U+1EC4
    { 10, 16, 132, 0, 15, 40, 1702 }, // U+1EC5
    { 12, 20, 166, -1, 16, 60, 1742 }, // U+1EC6
    { 9, 17, 132, 0, 13, 39, 1802 }, // U+1EC7
    { 9, 17, 98, -1, 17, 39, 1841 }, // U+1EC8
    { 5, 15, 81, 1, 14, 19, 1880 }, // U+1EC9
    { 9, 16, 98, -1, 12, 36, 1899 }, // U+1ECA
    { 5, 17, 81, 0, 13, 22, 1935 }, // U+1ECB
    { 12, 17, 198, 0, 13, 51, 1957 }, // U+1ECC
    { 9, 14, 153, 0, 10, 32, 2008 }, // U+1ECD
    { 12, 18, 198, 0, 17, 54, 2040 }, // U+1ECE
    { 9, 15, 153, 0, 14, 34, 2094 }, // U+1ECF
    { 13, 18, 198, 0, 17, 59, 2128 }, // U+1ED0
    { 11, 15, 153, 0, 14, 42, 2187 }, // U+1ED1
    { 12, 18, 198, 0, 17, 54, 2229 }, // U+1ED2
    { 9, 15, 153, 0, 14, 34, 2283 }, // U+1ED3
    { 12, 19, 198, 0, 18, 57, 2317 }, // U+1ED4
    { 11, 16, 153, 0, 15, 44, 2374 }, // U+1ED5
    { 12, 19, 198, 0, 18, 57, 2418 }, // U+1ED6
    { 10, 16, 153, 0, 15, 40, 2475 }, // U+1ED7
    { 12, 20, 198, 0, 16, 60, 2515 }, // U+1ED8
    { 9, 17, 153, 0, 13, 39, 2575 }, // U+1ED9
    { 15, 17, 208, 0, 16, 64, 2614 }, // U+1EDA
    { 12, 14, 162, 0, 13, 42, 2678 }, // U+1EDB
    { 15, 17, 208, 0, 16, 64, 2720 }, // U+1EDC
    { 12, 14, 162, 0, 13, 42, 2784 }, // U+1EDD
    { 15, 18, 208, 0, 17, 68, 2826 }, // U+1EDE
    { 12, 15, 162, 0, 14, 45, 2894 }, // U+1EDF
    { 15, 17, 208, 0, 16, 64, 2939 }, // U+1EE0
    { 12, 14, 162, 0, 13, 42, 3003 }, // U+1EE1
    { 15, 17, 208, 0, 13, 64, 3045 }, // U+1EE2
    { 12, 15, 162, 0, 11, 45, 3109 }, // U+1EE3
    { 13, 16, 195, 1, 12, 52, 3154 }, // U+1EE4
    { 10, 13, 160, 0, 9, 33, 3206 }, // U+1EE5
    { 13, 18, 195, 1, 17, 59, 3239 }, // U+1EE6
    { 10, 15, 160, 0, 14, 38, 3298 }, // U+1EE7
    { 14, 17, 208, 1, 16, 60, 3336 }, // U+1EE8
    { 12, 14, 174, 0, 13, 42, 3396 }, // U+1EE9
    { 14, 17, 208, 1, 16, 60, 3438 }, // U+1EEA
    { 12, 14, 174, 0, 13, 42, 3498 }, // U+1EEB
    { 14, 18, 208, 1, 17, 63, 3540 }, // U+1EEC
    { 12, 15, 174, 0, 14, 45, 3603 }, // U+1EED
    { 14, 17, 208, 1, 16, 60, 3648 }, // U+1EEE
    { 12, 14, 174, 0, 13, 42, 3708 }, // U+1EEF
    { 14, 17, 208, 1, 13, 60, 3750 }, // U+1EF0
    { 12, 15, 174, 0, 11, 45, 3810 }, // U+1EF1
    { 11, 16, 167, 1, 16, 44, 3855 }, // U+1EF2
    { 12, 17, 141, -3, 13, 51, 3899 }, // U+1EF3
    { 11, 16, 167, 1, 12, 44, 3950 }, // U+1EF4
    { 12, 14, 141, -3, 10, 42, 3994 }, // U+1EF5
    { 11, 17, 167, 1, 17, 47, 4036 }, // U+1EF6
    { 12, 18, 141, -3, 14, 54, 4083 }, // U+1EF7
    { 11, 16, 167, 1, 16, 44, 4137 }, // U+1EF8
    { 12, 17, 141, -3, 13, 51, 4181 }, // U+1EF9
    { 0, 0, 133, 0, 0, 0, 0 }, // U+2000
    { 0, 0, 267, 0, 0, 0, 0 }, // U+2001
    { 0, 0, 133, 0, 0, 0, 0 }, // U+2002
    { 0, 0, 267, 0, 0, 0, 0 }, // U+2003
    { 0, 0, 89, 0, 0, 0, 0 }, // U+2004
    { 0, 0, 67, 0, 0, 0, 0 }, // U+2005
    { 0, 0, 45, 0, 0, 0, 0 }, // U+2006
    { 0, 0, 149, 0, 0, 0, 0 }, // U+2007
    { 0, 0, 67, 0, 0, 0, 0 }, // U+2008
    { 0, 0, 44, 0, 0, 0, 0 }, // U+2009
    { 0, 0, 27, 0, 0, 0, 0 }, // U+200A
    { 0, 0, 0, 0, 0, 0, 0 }, // U+200B
    { 2, 14, 0, -1, 11, 7, 0 }, // U+200C
    { 4, 15, 0, -2, 12, 15, 7 }, // U+200D
    { 5, 15, 0, -1, 12, 19, 22 }, // U+200E
    { 5, 15, 0, -4, 12, 19, 41 }, // U+200F
    { 5, 3, 83, 0, 6, 4, 60 }, // U+2010
    { 5, 3, 83, 0, 6, 4, 64 }, // U+2011
    { 9, 2, 149, 0, 7, 5, 68 }, // U+2012
    { 10, 2, 133, -1, 5, 5, 73 }, // U+2013
    { 18, 2, 267, -1, 5, 9, 78 }, // U+2014
    { 18, 2, 267, -1, 5, 9, 87 }, // U+2015
    { 5, 17, 149, 2, 13, 22, 96 }, // U+2016
    { 9, 4, 110, -2, 0, 9, 118 }, // U+2017
    { 4, 5, 67, 1, 12, 5, 127 }, // U+2018
    { 4, 5, 67, 1, 12, 5, 132 }, // U+2019
    { 4, 6, 67, -1, 3, 6, 137 }, // U+201A
    { 3, 5, 67, 2, 12, 4, 143 }, // U+201B
    { 8, 5, 120, 1, 12, 10, 147 }, // U+201C
    { 7, 5, 120, 1, 12, 9, 157 }, // U+201D
    { 7, 6, 120, -1, 3, 11, 166 }, // U+201E
    { 6, 5, 120, 2, 12, 8, 177 }, // U+201F
    { 7, 15, 120, 1, 13, 27, 185 }, // U+2020
    { 10, 15, 120, -1, 13, 38, 212 }, // U+2021
    { 6, 6, 97, 0, 9, 9, 250 }, // U+2022
    { 6, 6, 133, 2, 9, 9, 259 }, // U+2023
    { 3, 4, 76, 1, 8, 3, 268 }, // U+2024
    { 8, 4, 143, 1, 8, 8, 271 }, // U+2025
    { 13, 4, 229, 0, 3, 13, 279 }, // U+2026
    { 3, 4, 67, 1, 7, 3, 292 }, // U+2027
    { 0, 0, 160, 0, 0, 0, 295 }, // U+2028
    { 0, 0, 160, 0, 0, 0, 295 }, // U+2029
    { 5, 14, 0, -1, 11, 18, 295 }, // U+202A
    { 5, 14, 0, -4, 11, 18, 313 }, // U+202B
    { 4, 15, 0, -2, 12, 15, 331 }, // U+202C
    { 4, 15, 0, -2, 12, 15, 346 }, // U+202D
    { 4, 15, 0, -2, 12, 15, 361 }, // U+202E
    { 0, 0, 44, 0, 0, 0, 376 }, // U+202F
    { 20, 14, 343, 1, 13, 70, 376 }, // U+2030
    { 27, 14, 446, 1, 13, 95, 446 }, // U+2031
    { 4, 5, 59, 1, 12, 5, 541 }, // U+2032
    { 7, 5, 109, 1, 12, 9, 546 }, // U+2033
    { 10, 5, 159, 1, 12, 13, 555 }, // U+2034
    { 3, 5, 59, 2, 12, 4, 568 }, // U+2035
    { 6, 5, 109, 2, 12, 8, 572 }, // U+2036
    { 9, 5, 159, 2, 12, 12, 580 }, // U+2037
    { 6, 5, 107, -1, 1, 8, 592 }, // U+2038
    { 5, 7, 89, 1, 8, 9, 600 }, // U+2039
    { 5, 7, 89, 0, 8, 9, 609 }, // U+203A
    { 12, 12, 218, 1, 12, 36, 618 }, // U+203B
    { 9, 13, 149, 1, 12, 30, 654 }, // U+203C
    { 7, 14, 133, 2, 13, 25, 684 }, // U+203D
    { 9, 2, 122, 1, 14, 5, 709 }, // U+203E
    { 14, 4, 0, -13, 0, 14, 714 }, // U+203F
    { 13, 4, 0, -10, 14, 13, 728 }, // U+2040
    { 8, 12, 120, -1, 12, 24, 741 }, // U+2041
    { 16, 14, 267, 0, 13, 56, 765 }, // U+2042
    { 6, 4, 97, 0, 8, 6, 821 }, // U+2043
    { 11, 12, 17, -5, 12, 33, 827 }, // U+2044
    { 7, 16, 96, 0, 13, 28, 860 }, // U+2045
    { 8, 16, 96, -1, 13, 32, 888 }, // U+2046
    { 15, 14, 261, 2, 13, 53, 920 }, // U+2047
    { 11, 14, 210, 2, 13, 39, 973 }, // U+2048
    { 13, 14, 208, 1, 13, 46, 1012 }, // U+2049
    { 9, 13, 149, 0, 10, 30, 1058 }, // U+204A
    { 10, 15, 165, 1, 13, 38, 1088 }, // U+204B
    { 9, 7, 159, 1, 10, 16, 1126 }, // U+204C
    { 9, 7, 159, 1, 10, 16, 1142 }, // U+204D
    { 8, 7, 133, 0, 10, 14, 1158 }, // U+204E
    { 4, 13, 76, 0, 10, 13, 1172 }, // U+204F
    { 11, 14, 195, 1, 13, 39, 1185 }, // U+2050
    { 9, 14, 133, 0, 13, 32, 1224 }, // U+2051
    { 6, 13, 88, 0, 12, 20, 1256 }, // U+2052
    { 8, 4, 149, 1, 8, 8, 1276 }, // U+2053
    { 14, 4, 0, -4, 0, 14, 1284 }, // U+2054
    { 8, 8, 144, 1, 10, 16, 1298 }, // U+2055
    { 9, 11, 164, 0, 10, 25, 1314 }, // U+2056
    { 13, 5, 209, 1, 12, 17, 1339 }, // U+2057
    { 10, 11, 189, 1, 10, 28, 1356 }, // U+2058
    { 10, 11, 189, 0, 10, 28, 1384 }, // U+2059
    { 3, 14, 77, 1, 13, 11, 1412 }, // U+205A
    { 10, 14, 189, 1, 13, 35, 1423 }, // U+205B
    { 10, 9, 186, 0, 9, 23, 1458 }, // U+205C
    { 3, 14, 77, 1, 13, 11, 1481 }, // U+205D
    { 3, 14, 77, 1, 13, 11, 1492 }, // U+205E
    { 0, 0, 59, 0, 0, 0, 1503 }, // U+205F
    { 0, 0, 160, 0, 0, 0, 1503 }, // U+2060
    { 0, 0, 160, 0, 0, 0, 1503 }, // U+2061
    { 0, 0, 160, 0, 0, 0, 1503 }, // U+2062
    { 0, 0, 160, 0, 0, 0, 1503 }, // U+2063
    { 0, 0, 160, 0, 0, 0, 1503 }, // U+2064
    { 0, 0, 160, 0, 0, 0, 1503 }, // U+2066
    { 0, 0, 160, 0, 0, 0, 1503 }, // U+2067
    { 0, 0, 160, 0, 0, 0, 1503 }, // U+2068
    { 0, 0, 160, 0, 0, 0, 1503 }, // U+2069
    { 4, 15, 0, -2, 12, 15, 1503 }, // U+206A
    { 4, 15, 0, -2, 12, 15, 1518 }, // U+206B
    { 4, 15, 0, -2, 12, 15, 1533 }, // U+206C
    { 4, 15, 0, -2, 12, 15, 1548 }, // U+206D
    { 4, 15, 0, -2, 12, 15, 1563 }, // U+206E
    { 4, 15, 0, -2, 12, 15, 1578 }, // U+206F
    { 7, 8, 107, 1, 14, 14, 0 }, // U+2070
    { 4, 9, 53, 1, 13, 9, 14 }, // U+2071
    { 8, 8, 107, 0, 14, 16, 23 }, // U+2074
    { 7, 8, 107, 1, 14, 14, 39 }, // U+2075
    { 6, 8, 107, 1, 14, 12, 53 }, // U+2076
    { 6, 8, 107, 2, 14, 12, 65 }, // U+2077
    { 7, 8, 107, 1, 14, 14, 77 }, // U+2078
    { 7, 8, 107, 1, 14, 14, 91 }, // U+2079
    { 6, 7, 105, 1, 13, 11, 105 }, // U+207A
    { 6, 2, 105, 1, 11, 3, 116 }, // U+207B
    { 6, 4, 105, 1, 12, 6, 119 }, // U+207C
    { 6, 11, 66, 1, 15, 17, 125 }, // U+207D
    { 6, 11, 67, -1, 15, 17, 142 }, // U+207E
    { 7, 7, 104, 1, 11, 13, 159 }, // U+207F
    { 7, 8, 107, -1, 6, 14, 172 }, // U+2080
    { 6, 8, 107, -1, 6, 12, 186 }, // U+2081
    { 7, 8, 107, -1, 6, 14, 198 }, // U+2082
    { 7, 8, 107, -1, 6, 14, 212 }, // U+2083
    { 7, 8, 107, -1, 6, 14, 226 }, // U+2084
    { 7, 8, 107, -1, 6, 14, 240 }, // U+2085
    { 6, 8, 107, 0, 6, 12, 254 }, // U+2086
    { 6, 8, 107, 0, 6, 12, 266 }, // U+2087
    { 7, 8, 107, -1, 6, 14, 278 }, // U+2088
    { 6, 8, 107, 0, 6, 12, 292 }, // U+2089
    { 7, 7, 105, -1, 5, 13, 304 }, // U+208A
    { 7, 2, 105, -1, 3, 4, 317 }, // U+208B
    { 7, 4, 105, -1, 4, 7, 321 }, // U+208C
    { 5, 11, 67, 0, 7, 14, 328 }, // U+208D
    { 6, 11, 67, -3, 7, 17, 342 }, // U+208E
    { 7, 6, 100, -1, 4, 11, 359 }, // U+2090
    { 6, 6, 85, -1, 4, 9, 370 }, // U+2091
    { 6, 6, 99, -1, 4, 9, 379 }, // U+2092
    { 8, 6, 95, -2, 4, 12, 388 }, // U+2093
    { 6, 6, 85, -1, 4, 9, 400 }, // U+2094
    { 7, 8, 104, -1, 6, 14, 409 }, // U+2095
    { 7, 8, 99, -1, 6, 14, 423 }, // U+2096
    { 4, 8, 53, -1, 6, 8, 437 }, // U+2097
    { 10, 6, 155, -1, 4, 15, 445 }, // U+2098
    { 7, 6, 104, -1, 4, 11, 460 }, // U+2099
    { 6, 8, 100, -1, 4, 12, 471 }, // U+209A
    { 5, 6, 81, -1, 4, 8, 483 }, // U+209B
    { 5, 7, 64, -1, 5, 9, 491 }, // U+209C
    { 11, 13, 170, 0, 13, 36, 0 }, // U+20A0
    { 10, 15, 149, 0, 13, 38, 36 }, // U+20A1
    { 11, 14, 161, 0, 13, 39, 74 }, // U+20A2
    { 11, 12, 149, -1, 12, 33, 113 }, // U+20A3
    { 11, 14, 149, -1, 13, 39, 146 }, // U+20A4
    { 15, 14, 239, 0, 12, 53, 185 }, // U+20A5
    { 14, 12, 184, -1, 12, 42, 238 }, // U+20A6
    { 15, 13, 218, -1, 12, 49, 280 }, // U+20A7
    { 18, 13, 272, -1, 12, 59, 329 }, // U+20A8
    { 19, 12, 279, 0, 12, 57, 388 }, // U+20A9
    { 13, 10, 238, 1, 10, 33, 445 }, // U+20AA
    { 11, 16, 154, 0, 13, 44, 478 }, // U+20AB
    { 10, 14, 149, 0, 13, 35, 522 }, // U+20AC
    { 13, 12, 173, -1, 12, 39, 557 }, // U+20AD
    { 10, 12, 149, 1, 12, 30, 596 }, // U+20AE
    { 17, 18, 267, -1, 14, 77, 626 }, // U+20AF
    { 9, 17, 149, -1, 13, 39, 703 }, // U+20B0
    { 13, 12, 165, -1, 12, 39, 742 }, // U+20B1
    { 12, 15, 190, 0, 13, 45, 781 }, // U+20B2
    { 14, 12, 188, -1, 12, 42, 826 }, // U+20B3
    { 11, 14, 147, -1, 13, 39, 868 }, // U+20B4
    { 11, 15, 167, 0, 13, 42, 907 }, // U+20B5
    { 10, 13, 147, 0, 12, 33, 949 }, // U+20B6
    { 10, 15, 149, 0, 13, 38, 982 }, // U+20B7
    { 11, 12, 149, 0, 12, 33, 1020 }, // U+20B8
    { 9, 12, 149, 1, 12, 27, 1053 }, // U+20B9
    { 10, 12, 149, -1, 12, 30, 1080 }, // U+20BA
    { 10, 14, 174, 1, 13, 35, 1110 }, // U+20BB
    { 12, 12, 210, 0, 12, 36, 1145 }, // U+20BC
    { 12, 12, 157, -1, 12, 36, 1181 }, // U+20BD
    { 10, 14, 149, 0, 14, 35, 1217 }, // U+20BE
    { 10, 16, 149, -1, 14, 40, 1252 }, // U+20BF
    { 5, 3, 83, 0, 6, 4, 0 }, // U+2212
    { 17, 17, 164, -3, 13, 73, 0 }, // U+FB00
    { 13, 17, 158, -3, 13, 56, 73 }, // U+FB01
    { 13, 17, 158, -3, 13, 56, 129 }, // U+FB02
    { 18, 17, 238, -3, 13, 77, 185 }, // U+FB03
    { 18, 17, 237, -3, 13, 77, 262 }, // U+FB04
    { 15, 17, 176, -3, 13, 64, 339 }, // U+FB05
    { 14, 14, 222, 0, 13, 49, 403 }, // U+FB06
    { 16, 16, 267, 0, 13, 64, 0 }, // U+FFFD
};

static const EpdUnicodeInterval notoserif_8_italicIntervals[] = {
    { 0x0, 0x0, 0x0 },
    { 0xD, 0xD, 0x1 },
    { 0x20, 0x7E, 0x2 },
    { 0xA0, 0x17F, 0x61 },
    { 0x1A0, 0x1A1, 0x141 },
    { 0x1AF, 0x1B0, 0x143 },
    { 0x1C4, 0x21F, 0x145 },
    { 0x300, 0x36F, 0x1A1 },
    { 0x400, 0x4FF, 0x211 },
    { 0x1EA0, 0x1EF9, 0x311 },
    { 0x2000, 0x2064, 0x36B },
    { 0x2066, 0x2071, 0x3D0 },
    { 0x2074, 0x208E, 0x3DC },
    { 0x2090, 0x209C, 0x3F7 },
    { 0x20A0, 0x20BF, 0x404 },
    { 0x2212, 0x2212, 0x424 },
    { 0xFB00, 0xFB06, 0x425 },
    { 0xFFFD, 0xFFFD, 0x42C },
};

static const EpdFontGroup notoserif_8_italicGroups[] = {
    { 0, 1993, 3151, 97, 0 },
    { 1993, 1727, 3660, 96, 97 },
    { 3720, 2209, 5919, 128, 193 },
    { 5929, 2185, 5077, 96, 321 },
    { 8114, 643, 790, 112, 417 },
    { 8757, 5643, 11683, 256, 529 },
    { 14400, 1203, 4643, 90, 785 },
    { 15603, 1139, 1846, 111, 875 },
    { 16742, 484, 607, 42, 986 },
    { 17226, 1114, 1464, 32, 1028 },
    { 18340, 8, 6, 1, 1060 },
    { 18348, 262, 515, 7, 1061 },
    { 18610, 65, 64, 1, 1068 },
};

static const EpdKernClassEntry notoserif_8_italicKernLeftClasses[] = {
    { 0x0022, 1 }, // "
    { 0x0026, 2 }, // &
    { 0x0027, 1 }, // '
    { 0x0028, 3 }, // (
    { 0x002A, 4 }, // *
    { 0x002C, 5 }, // ,
    { 0x002D, 6 }, // -
    { 0x002E, 5 }, // .
    { 0x0041, 7 }, // A
    { 0x0042, 8 }, // B
    { 0x0043, 9 }, // C
    { 0x0044, 10 }, // D
    { 0x0045, 11 }, // E
    { 0x0046, 12 }, // F
    { 0x0047, 13 }, // G
    { 0x004A, 14 }, // J
    { 0x004B, 15 }, // K
    { 0x004C, 16 }, // L
    { 0x004E, 17 }, // N
    { 0x004F, 10 }, // O
    { 0x0050, 18 }, // P
    { 0x0051, 10 }, // Q
    { 0x0052, 19 }, // R
    { 0x0053, 20 }, // S
    { 0x0054, 21 }, // T
    { 0x0055, 22 }, // U
    { 0x0056, 23 }, // V
    { 0x0057, 24 }, // W
    { 0x0058, 25 }, // X
    { 0x0059, 26 }, // Y
    { 0x005B, 3 }, // [
    { 0x005F, 27 }, // _
    { 0x0061, 28 }, // a
    { 0x0062, 29 }, // b
    { 0x0063, 30 }, // c
    { 0x0065, 30 }, // e
    { 0x0066, 31 }, // f
    { 0x0068, 28 }, // h
    { 0x006B, 32 }, // k
    { 0x006D, 28 }, // m
    { 0x006E, 28 }, // n
    { 0x006F, 29 }, // o
    { 0x0070, 29 }, // p
    { 0x0071, 33 }, // q
    { 0x0072, 34 }, // r
    { 0x0073, 35 }, // s
    { 0x0076, 36 }, // v
    { 0x0077, 37 }, // w
    { 0x0079, 38 }, // y
    { 0x007A, 39 }, // z
    { 0x007B, 3 }, // {
    { 0x00A1, 40 }, // U+00A1
    { 0x00AB, 41 }, // U+00AB
    { 0x00BF, 42 }, // U+00BF
    { 0x00C0, 43 }, // U+00C0
    { 0x00C1, 43 }, // U+00C1
    { 0x00C2, 43 }, // U+00C2
    { 0x00C3, 43 }, // U+00C3
    { 0x00C4, 43 }, // U+00C4
    { 0x00C5, 43 }, // U+00C5
    { 0x00C6, 11 }, // U+00C6
    { 0x00C7, 9 }, // U+00C7
    { 0x00C8, 11 }, // U+00C8
    { 0x00C9, 11 }, // U+00C9
    { 0x00CA, 11 }, // U+00CA
    { 0x00CB, 11 }, // U+00CB
    { 0x00D0, 10 }, // U+00D0
    { 0x00D1, 17 }, // U+00D1
    { 0x00D2, 10 }, // U+00D2
    { 0x00D3, 10 }, // U+00D3
    { 0x00D4, 10 }, // U+00D4
    { 0x00D5, 10 }, // U+00D5
    { 0x00D6, 10 }, // U+00D6
    { 0x00D8, 10 }, // U+00D8
    { 0x00D9, 22 }, // U+00D9
    { 0x00DA, 22 }, // U+00DA
    { 0x00DB, 22 }, // U+00DB
    { 0x00DC, 22 }, // U+00DC
    { 0x00DD, 26 }, // U+00DD
    { 0x00DE, 10 }, // U+00DE
    { 0x00DF, 35 }, // U+00DF
    { 0x00E0, 28 }, // U+00E0
    { 0x00E1, 28 }, // U+00E1
    { 0x00E2, 28 }, // U+00E2
    { 0x00E3, 28 }, // U+00E3
    { 0x00E4, 28 }, // U+00E4
    { 0x00E5, 28 }, // U+00E5
    { 0x00E6, 30 }, // U+00E6
    { 0x00E7, 30 }, // U+00E7
    { 0x00E8, 30 }, // U+00E8
    { 0x00E9, 30 }, // U+00E9
    { 0x00EA, 30 }, // U+00EA
    { 0x00EB, 30 }, // U+00EB
    { 0x00F0, 29 }, // U+00F0
    { 0x00F1, 28 }, // U+00F1
    { 0x00F2, 29 }, // U+00F2
    { 0x00F3, 29 }, // U+00F3
    { 0x00F4, 29 }, // U+00F4
    { 0x00F5, 29 }, // U+00F5
    { 0x00F6, 29 }, // U+00F6
    { 0x00F8, 29 }, // U+00F8
    { 0x00F9, 28 }, // U+00F9
    { 0x00FA, 28 }, // U+00FA
    { 0x00FB, 28 }, // U+00FB
    { 0x00FC, 28 }, // U+00FC
    { 0x00FD, 38 }, // U+00FD
    { 0x00FE, 29 }, // U+00FE
    { 0x00FF, 38 }, // U+00FF
    { 0x0100, 7 }, // U+0100
    { 0x0101, 28 }, // U+0101
    { 0x0102, 43 }, // U+0102
    { 0x0103, 28 }, // U+0103
    { 0x0104, 43 }, // U+0104
    { 0x0105, 28 }, // U+0105
    { 0x0106, 9 }, // U+0106
    { 0x0107, 30 }, // U+0107
    { 0x0108, 9 }, // U+0108
    { 0x0109, 30 }, // U+0109
    { 0x010A, 9 }, // U+010A
    { 0x010B, 30 }, // U+010B
    { 0x010C, 9 }, // U+010C
    { 0x010D, 30 }, // U+010D
    { 0x010E, 10 }, // U+010E
    { 0x010F, 44 }, // U+010F
    { 0x0110, 10 }, // U+0110
    { 0x0112, 11 }, // U+0112
    { 0x0113, 30 }, // U+0113
    { 0x0114, 11 }, // U+0114
    { 0x0115, 30 }, // U+0115
    { 0x0116, 11 }, // U+0116
    { 0x0117, 30 }, // U+0117
    { 0x0118, 11 }, // U+0118
    { 0x0119, 30 }, // U+0119
    { 0x011A, 11 }, // U+011A
    { 0x011B, 30 }, // U+011B
    { 0x011C, 13 }, // U+011C
    { 0x011E, 13 }, // U+011E
    { 0x0120, 13 }, // U+0120
    { 0x0122, 13 }, // U+0122
    { 0x0125, 28 }, // U+0125
    { 0x0127, 28 }, // U+0127
    { 0x0132, 14 }, // U+0132
    { 0x0134, 14 }, // U+0134
    { 0x0136, 15 }, // U+0136
    { 0x0137, 32 }, // U+0137
    { 0x0138, 32 }, // U+0138
    { 0x0139, 16 }, // U+0139
    { 0x013B, 16 }, // U+013B
    { 0x013D, 45 }, // U+013D
    { 0x013E, 44 }, // U+013E
    { 0x0141, 16 }, // U+0141
    { 0x0143, 17 }, // U+0143
    { 0x0144, 28 }, // U+0144
    { 0x0145, 17 }, // U+0145
    { 0x0146, 28 }, // U+0146
    { 0x0147, 17 }, // U+0147
    { 0x0148, 28 }, // U+0148
    { 0x0149, 28 }, // U+0149
    { 0x014A, 14 }, // U+014A
    { 0x014B, 28 }, // U+014B
    { 0x014C, 10 }, // U+014C
    { 0x014D, 29 }, // U+014D
    { 0x014E, 10 }, // U+014E
    { 0x014F, 29 }, // U+014F
    { 0x0150, 10 }, // U+0150
    { 0x0151, 29 }, // U+0151
    { 0x0152, 11 }, // U+0152
    { 0x0153, 30 }, // U+0153
    { 0x0154, 19 }, // U+0154
    { 0x0155, 34 }, // U+0155
    { 0x0156, 19 }, // U+0156
    { 0x0157, 34 }, // U+0157
    { 0x0158, 19 }, // U+0158
    { 0x0159, 34 }, // U+0159
    { 0x015A, 20 }, // U+015A
    { 0x015B, 35 }, // U+015B
    { 0x015C, 20 }, // U+015C
    { 0x015D, 35 }, // U+015D
    { 0x015E, 20 }, // U+015E
    { 0x015F, 35 }, // U+015F
    { 0x0160, 20 }, // U+0160
    { 0x0161, 35 }, // U+0161
    { 0x0162, 21 }, // U+0162
    { 0x0164, 21 }, // U+0164
    { 0x0166, 21 }, // U+0166
    { 0x0168, 22 }, // U+0168
    { 0x0169, 28 }, // U+0169
    { 0x016A, 22 }, // U+016A
    { 0x016B, 28 }, // U+016B
    { 0x016C, 22 }, // U+016C
    { 0x016D, 28 }, // U+016D
    { 0x016E, 22 }, // U+016E
    { 0x016F, 28 }, // U+016F
    { 0x0170, 22 }, // U+0170
    { 0x0171, 28 }, // U+0171
    { 0x0172, 22 }, // U+0172
    { 0x0173, 28 }, // U+0173
    { 0x0174, 24 }, // U+0174
    { 0x0175, 37 }, // U+0175
    { 0x0176, 26 }, // U+0176
    { 0x0177, 38 }, // U+0177
    { 0x0178, 26 }, // U+0178
    { 0x017A, 39 }, // U+017A
    { 0x017C, 39 }, // U+017C
    { 0x017E, 39 }, // U+017E
    { 0x01A0, 46 }, // U+01A0
    { 0x01A1, 47 }, // U+01A1
    { 0x01AF, 48 }, // U+01AF
    { 0x01B0, 49 }, // U+01B0
    { 0x01FA, 7 }, // U+01FA
    { 0x01FB, 28 }, // U+01FB
    { 0x01FC, 11 }, // U+01FC
    { 0x01FD, 30 }, // U+01FD
    { 0x01FE, 10 }, // U+01FE
    { 0x01FF, 29 }, // U+01FF
    { 0x0218, 20 }, // U+0218
    { 0x0219, 35 }, // U+0219
    { 0x021A, 21 }, // U+021A
    { 0x0400, 50 }, // U+0400
    { 0x0401, 50 }, // U+0401
    { 0x0402, 51 }, // U+0402
    { 0x0403, 52 }, // U+0403
    { 0x0404, 53 }, // U+0404
    { 0x0405, 54 }, // U+0405
    { 0x0406, 55 }, // U+0406
    { 0x0407, 55 }, // U+0407
    { 0x0408, 56 }, // U+0408
    { 0x0409, 57 }, // U+0409
    { 0x040A, 57 }, // U+040A
    { 0x040B, 58 }, // U+040B
    { 0x040C, 59 }, // U+040C
    { 0x040D, 55 }, // U+040D
    { 0x040E, 60 }, // U+040E
    { 0x040F, 55 }, // U+040F
    { 0x0410, 61 }, // U+0410
    { 0x0411, 62 }, // U+0411
    { 0x0412, 63 }, // U+0412
    { 0x0413, 52 }, // U+0413
    { 0x0414, 64 }, // U+0414
    { 0x0415, 50 }, // U+0415
    { 0x0416, 59 }, // U+0416
    { 0x0417, 63 }, // U+0417
    { 0x0418, 55 }, // U+0418
    { 0x0419, 55 }, // U+0419
    { 0x041A, 59 }, // U+041A
    { 0x041B, 55 }, // U+041B
    { 0x041C, 55 }, // U+041C
    { 0x041D, 55 }, // U+041D
    { 0x041E, 65 }, // U+041E
    { 0x041F, 55 }, // U+041F
    { 0x0420, 66 }, // U+0420
    { 0x0421, 53 }, // U+0421
    { 0x0422, 52 }, // U+0422
    { 0x0423, 60 }, // U+0423
    { 0x0424, 67 }, // U+0424
    { 0x0425, 68 }, // U+0425
    { 0x0426, 64 }, // U+0426
    { 0x0427, 55 }, // U+0427
    { 0x0428, 55 }, // U+0428
    { 0x0429, 64 }, // U+0429
    { 0x042A, 57 }, // U+042A
    { 0x042B, 55 }, // U+042B
    { 0x042C, 57 }, // U+042C
    { 0x042D, 65 }, // U+042D
    { 0x042E, 65 }, // U+042E
    { 0x042F, 55 }, // U+042F
    { 0x0430, 69 }, // U+0430
    { 0x0431, 70 }, // U+0431
    { 0x0432, 71 }, // U+0432
    { 0x0433, 72 }, // U+0433
    { 0x0434, 73 }, // U+0434
    { 0x0435, 74 }, // U+0435
    { 0x0436, 75 }, // U+0436
    { 0x0437, 71 }, // U+0437
    { 0x0438, 69 }, // U+0438
    { 0x0439, 69 }, // U+0439
    { 0x043A, 76 }, // U+043A
    { 0x043B, 69 }, // U+043B
    { 0x043C, 69 }, // U+043C
    { 0x043D, 69 }, // U+043D
    { 0x043E, 77 }, // U+043E
    { 0x043F, 78 }, // U+043F
    { 0x0440, 77 }, // U+0440
    { 0x0441, 79 }, // U+0441
    { 0x0442, 78 }, // U+0442
    { 0x0443, 80 }, // U+0443
    { 0x0444, 77 }, // U+0444
    { 0x0445, 76 }, // U+0445
    { 0x0446, 81 }, // U+0446
    { 0x0447, 69 }, // U+0447
    { 0x0448, 69 }, // U+0448
    { 0x0449, 81 }, // U+0449
    { 0x044A, 82 }, // U+044A
    { 0x044B, 69 }, // U+044B
    { 0x044C, 82 }, // U+044C
    { 0x044D, 77 }, // U+044D
    { 0x044E, 77 }, // U+044E
    { 0x044F, 69 }, // U+044F
    { 0x0450, 74 }, // U+0450
    { 0x0451, 74 }, // U+0451
    { 0x0452, 83 }, // U+0452
    { 0x0453, 72 }, // U+0453
    { 0x0454, 79 }, // U+0454
    { 0x0455, 84 }, // U+0455
    { 0x0456, 69 }, // U+0456
    { 0x0457, 85 }, // U+0457
    { 0x0458, 86 }, // U+0458
    { 0x0459, 82 }, // U+0459
    { 0x045A, 82 }, // U+045A
    { 0x045B, 78 }, // U+045B
    { 0x045C, 76 }, // U+045C
    { 0x045D, 69 }, // U+045D
    { 0x045E, 80 }, // U+045E
    { 0x045F, 69 }, // U+045F
    { 0x0460, 65 }, // U+0460
    { 0x0461, 87 }, // U+0461
    { 0x0462, 57 }, // U+0462
    { 0x0464, 53 }, // U+0464
    { 0x0465, 72 }, // U+0465
    { 0x0466, 61 }, // U+0466
    { 0x0468, 61 }, // U+0468
    { 0x046A, 88 }, // U+046A
    { 0x046C, 88 }, // U+046C
    { 0x046E, 63 }, // U+046E
    { 0x046F, 72 }, // U+046F
    { 0x0470, 89 }, // U+0470
    { 0x0471, 90 }, // U+0471
    { 0x0472, 65 }, // U+0472
    { 0x0473, 71 }, // U+0473
    { 0x0474, 60 }, // U+0474
    { 0x0475, 90 }, // U+0475
    { 0x0476, 60 }, // U+0476
    { 0x0477, 90 }, // U+0477
    { 0x0478, 91 }, // U+0478
    { 0x0479, 80 }, // U+0479
    { 0x047A, 65 }, // U+047A
    { 0x047B, 71 }, // U+047B
    { 0x047C, 65 }, // U+047C
    { 0x047D, 71 }, // U+047D
    { 0x047E, 65 }, // U+047E
    { 0x047F, 87 }, // U+047F
    { 0x0480, 53 }, // U+0480
    { 0x0481, 72 }, // U+0481
    { 0x048A, 64 }, // U+048A
    { 0x048B, 81 }, // U+048B
    { 0x048C, 57 }, // U+048C
    { 0x048E, 66 }, // U+048E
    { 0x048F, 71 }, // U+048F
    { 0x0490, 92 }, // U+0490
    { 0x0491, 93 }, // U+0491
    { 0x0492, 92 }, // U+0492
    { 0x0493, 93 }, // U+0493
    { 0x0494, 58 }, // U+0494
    { 0x0496, 59 }, // U+0496
    { 0x0497, 79 }, // U+0497
    { 0x0498, 63 }, // U+0498
    { 0x0499, 72 }, // U+0499
    { 0x049A, 59 }, // U+049A
    { 0x049B, 79 }, // U+049B
    { 0x049C, 59 }, // U+049C
    { 0x049D, 79 }, // U+049D
    { 0x049E, 59 }, // U+049E
    { 0x049F, 79 }, // U+049F
    { 0x04A0, 59 }, // U+04A0
    { 0x04A1, 79 }, // U+04A1
    { 0x04A2, 64 }, // U+04A2
    { 0x04A3, 81 }, // U+04A3
    { 0x04A4, 92 }, // U+04A4
    { 0x04A6, 58 }, // U+04A6
    { 0x04AA, 53 }, // U+04AA
    { 0x04AB, 72 }, // U+04AB
    { 0x04AC, 92 }, // U+04AC
    { 0x04AD, 81 }, // U+04AD
    { 0x04AE, 89 }, // U+04AE
    { 0x04AF, 90 }, // U+04AF
    { 0x04B0, 89 }, // U+04B0
    { 0x04B1, 90 }, // U+04B1
    { 0x04B2, 68 }, // U+04B2
    { 0x04B3, 76 }, // U+04B3
    { 0x04B4, 64 }, // U+04B4
    { 0x04B5, 81 }, // U+04B5
    { 0x04B6, 64 }, // U+04B6
    { 0x04B7, 81 }, // U+04B7
    { 0x04B8, 55 }, // U+04B8
    { 0x04B9, 69 }, // U+04B9
    { 0x04BA, 58 }, // U+04BA
    { 0x04BB, 82 }, // U+04BB
    { 0x04BC, 94 }, // U+04BC
    { 0x04BD, 74 }, // U+04BD
    { 0x04BE, 94 }, // U+04BE
    { 0x04BF, 74 }, // U+04BF
    { 0x04C1, 59 }, // U+04C1
    { 0x04C2, 79 }, // U+04C2
    { 0x04C3, 58 }, // U+04C3
    { 0x04C5, 64 }, // U+04C5
    { 0x04C6, 81 }, // U+04C6
    { 0x04C7, 56 }, // U+04C7
    { 0x04C9, 64 }, // U+04C9
    { 0x04CA, 81 }, // U+04CA
    { 0x04CC, 81 }, // U+04CC
    { 0x04CD, 64 }, // U+04CD
    { 0x04CE, 81 }, // U+04CE
    { 0x04D0, 61 }, // U+04D0
    { 0x04D1, 81 }, // U+04D1
    { 0x04D2, 61 }, // U+04D2
    { 0x04D3, 81 }, // U+04D3
    { 0x04D4, 50 }, // U+04D4
    { 0x04D5, 74 }, // U+04D5
    { 0x04D6, 50 }, // U+04D6
    { 0x04D7, 74 }, // U+04D7
    { 0x04D8, 65 }, // U+04D8
    { 0x04D9, 71 }, // U+04D9
    { 0x04DA, 65 }, // U+04DA
    { 0x04DB, 71 }, // U+04DB
    { 0x04DC, 59 }, // U+04DC
    { 0x04DD, 79 }, // U+04DD
    { 0x04DE, 63 }, // U+04DE
    { 0x04DF, 71 }, // U+04DF
    { 0x04E0, 63 }, // U+04E0
    { 0x04E1, 95 }, // U+04E1
    { 0x04E2, 55 }, // U+04E2
    { 0x04E3, 81 }, // U+04E3
    { 0x04E4, 55 }, // U+04E4
    { 0x04E5, 81 }, // U+04E5
    { 0x04E6, 65 }, // U+04E6
    { 0x04E7, 71 }, // U+04E7
    { 0x04E8, 65 }, // U+04E8
    { 0x04E9, 71 }, // U+04E9
    { 0x04EA, 65 }, // U+04EA
    { 0x04EB, 71 }, // U+04EB
    { 0x04EC, 65 }, // U+04EC
    { 0x04ED, 77 }, // U+04ED
    { 0x04EE, 60 }, // U+04EE
    { 0x04EF, 80 }, // U+04EF
    { 0x04F0, 60 }, // U+04F0
    { 0x04F1, 80 }, // U+04F1
    { 0x04F2, 60 }, // U+04F2
    { 0x04F3, 80 }, // U+04F3
    { 0x04F4, 55 }, // U+04F4
    { 0x04F5, 69 }, // U+04F5
    { 0x04F6, 92 }, // U+04F6
    { 0x04F7, 93 }, // U+04F7
    { 0x04F8, 55 }, // U+04F8
    { 0x04F9, 69 }, // U+04F9
    { 0x04FA, 92 }, // U+04FA
    { 0x04FB, 93 }, // U+04FB
    { 0x04FC, 68 }, // U+04FC
    { 0x04FD, 76 }, // U+04FD
    { 0x04FE, 68 }, // U+04FE
    { 0x04FF, 96 }, // U+04FF
    { 0x1EA0, 43 }, // U+1EA0
    { 0x1EA1, 28 }, // U+1EA1
    { 0x1EA2, 43 }, // U+1EA2
    { 0x1EA3, 28 }, // U+1EA3
    { 0x1EA4, 43 }, // U+1EA4
    { 0x1EA5, 28 }, // U+1EA5
    { 0x1EA6, 43 }, // U+1EA6
    { 0x1EA7, 28 }, // U+1EA7
    { 0x1EA8, 43 }, // U+1EA8
    { 0x1EA9, 28 }, // U+1EA9
    { 0x1EAA, 43 }, // U+1EAA
    { 0x1EAB, 28 }, // U+1EAB
    { 0x1EAC, 43 }, // U+1EAC
    { 0x1EAD, 28 }, // U+1EAD
    { 0x1EAE, 43 }, // U+1EAE
    { 0x1EAF, 28 }, // U+1EAF
    { 0x1EB0, 43 }, // U+1EB0
    { 0x1EB1, 28 }, // U+1EB1
    { 0x1EB2, 43 }, // U+1EB2
    { 0x1EB3, 28 }, // U+1EB3
    { 0x1EB4, 43 }, // U+1EB4
    { 0x1EB5, 28 }, // U+1EB5
    { 0x1EB6, 43 }, // U+1EB6
    { 0x1EB7, 28 }, // U+1EB7
    { 0x1EB8, 11 }, // U+1EB8
    { 0x1EB9, 30 }, // U+1EB9
    { 0x1EBA, 11 }, // U+1EBA
    { 0x1EBB, 30 }, // U+1EBB
    { 0x1EBC, 11 }, // U+1EBC
    { 0x1EBD, 30 }, // U+1EBD
    { 0x1EBE, 11 }, // U+1EBE
    { 0x1EBF, 30 }, // U+1EBF
    { 0x1EC0, 11 }, // U+1EC0
    { 0x1EC1, 30 }, // U+1EC1
    { 0x1EC2, 11 }, // U+1EC2
    { 0x1EC3, 30 }, // U+1EC3
    { 0x1EC4, 11 }, // U+1EC4
    { 0x1EC5, 30 }, // U+1EC5
    { 0x1EC6, 11 }, // U+1EC6
    { 0x1EC7, 30 }, // U+1EC7
    { 0x1ECC, 10 }, // U+1ECC
    { 0x1ECD, 29 }, // U+1ECD
    { 0x1ECE, 10 }, // U+1ECE
    { 0x1ECF, 29 }, // U+1ECF
    { 0x1ED0, 10 }, // U+1ED0
    { 0x1ED1, 29 }, // U+1ED1
    { 0x1ED2, 10 }, // U+1ED2
    { 0x1ED3, 29 }, // U+1ED3
    { 0x1ED4, 10 }, // U+1ED4
    { 0x1ED5, 29 }, // U+1ED5
    { 0x1ED6, 10 }, // U+1ED6
    { 0x1ED7, 29 }, // U+1ED7
    { 0x1ED8, 10 }, // U+1ED8
    { 0x1ED9, 97 }, // U+1ED9
    { 0x1EDA, 46 }, // U+1EDA
    { 0x1EDB, 47 }, // U+1EDB
    { 0x1EDC, 46 }, // U+1EDC
    { 0x1EDD, 47 }, // U+1EDD
    { 0x1EDE, 46 }, // U+1EDE
    { 0x1EDF, 47 }, // U+1EDF
    { 0x1EE0, 46 }, // U+1EE0
    { 0x1EE1, 47 }, // U+1EE1
    { 0x1EE2, 46 }, // U+1EE2
    { 0x1EE3, 47 }, // U+1EE3
    { 0x1EE4, 22 }, // U+1EE4
    { 0x1EE5, 28 }, // U+1EE5
    { 0x1EE6, 22 }, // U+1EE6
    { 0x1EE7, 28 }, // U+1EE7
    { 0x1EE8, 48 }, // U+1EE8
    { 0x1EE9, 49 }, // U+1EE9
    { 0x1EEA, 48 }, // U+1EEA
    { 0x1EEB, 49 }, // U+1EEB
    { 0x1EEC, 48 }, // U+1EEC
    { 0x1EED, 49 }, // U+1EED
    { 0x1EEE, 48 }, // U+1EEE
    { 0x1EEF, 49 }, // U+1EEF
    { 0x1EF0, 48 }, // U+1EF0
    { 0x1EF1, 49 }, // U+1EF1
    { 0x1EF2, 26 }, // U+1EF2
    { 0x1EF3, 38 }, // U+1EF3
    { 0x1EF4, 26 }, // U+1EF4
    { 0x1EF5, 38 }, // U+1EF5
    { 0x1EF6, 26 }, // U+1EF6
    { 0x1EF7, 38 }, // U+1EF7
    { 0x1EF8, 26 }, // U+1EF8
    { 0x1EF9, 38 }, // U+1EF9
    { 0x2013, 6 }, // U+2013
    { 0x2014, 6 }, // U+2014
    { 0x2015, 6 }, // U+2015
    { 0x2018, 98 }, // U+2018
    { 0x2019, 99 }, // U+2019
    { 0x201A, 5 }, // U+201A
    { 0x201C, 98 }, // U+201C
    { 0x201D, 99 }, // U+201D
    { 0x201E, 5 }, // U+201E
    { 0x2039, 41 }, // U+2039
    { 0x207D, 100 }, // U+207D
    { 0x208D, 101 }, // U+208D
    { 0x2090, 102 }, // U+2090
    { 0x2092, 103 }, // U+2092
    { 0xFB00, 31 }, // U+FB00
};

static const EpdKernClassEntry notoserif_8_italicKernRightClasses[] = {
    { 0x0022, 1 }, // "
    { 0x0026, 2 }, // &
    { 0x0027, 1 }, // '
    { 0x0029, 3 }, // )
    { 0x002A, 4 }, // *
    { 0x002C, 5 }, // ,
    { 0x002D, 6 }, // -
    { 0x002E, 7 }, // .
    { 0x003A, 8 }, // :
    { 0x003B, 8 }, // ;
    { 0x003F, 9 }, // ?
    { 0x0041, 10 }, // A
    { 0x0042, 11 }, // B
    { 0x0043, 12 }, // C
    { 0x0044, 11 }, // D
    { 0x0045, 11 }, // E
    { 0x0046, 11 }, // F
    { 0x0047, 12 }, // G
    { 0x0048, 11 }, // H
    { 0x0049, 11 }, // I
    { 0x004A, 11 }, // J
    { 0x004B, 11 }, // K
    { 0x004C, 11 }, // L
    { 0x004D, 11 }, // M
    { 0x004E, 11 }, // N
    { 0x004F, 12 }, // O
    { 0x0050, 11 }, // P
    { 0x0051, 12 }, // Q
    { 0x0052, 11 }, // R
    { 0x0053, 13 }, // S
    { 0x0054, 14 }, // T
    { 0x0055, 15 }, // U
    { 0x0056, 16 }, // V
    { 0x0057, 17 }, // W
    { 0x0058, 18 }, // X
    { 0x0059, 19 }, // Y
    { 0x005A, 20 }, // Z
    { 0x005C, 21 }, // <backslash>
    { 0x005D, 3 }, // ]
    { 0x005F, 22 }, // _
    { 0x0061, 23 }, // a
    { 0x0062, 24 }, // b
    { 0x0063, 25 }, // c
    { 0x0064, 25 }, // d
    { 0x0065, 25 }, // e
    { 0x0067, 26 }, // g
    { 0x0068, 24 }, // h
    { 0x0069, 27 }, // i
    { 0x006B, 24 }, // k
    { 0x006C, 28 }, // l
    { 0x006D, 29 }, // m
    { 0x006E, 29 }, // n
    { 0x006F, 25 }, // o
    { 0x0070, 29 }, // p
    { 0x0071, 25 }, // q
    { 0x0072, 29 }, // r
    { 0x0073, 30 }, // s
    { 0x0074, 31 }, // t
    { 0x0075, 32 }, // u
    { 0x0076, 33 }, // v
    { 0x0077, 34 }, // w
    { 0x0078, 35 }, // x
    { 0x0079, 36 }, // y
    { 0x007A, 37 }, // z
    { 0x007D, 3 }, // }
    { 0x00A9, 38 }, // U+00A9
    { 0x00AE, 38 }, // U+00AE
    { 0x00BB, 39 }, // U+00BB
    { 0x00C0, 10 }, // U+00C0
    { 0x00C1, 10 }, // U+00C1
    { 0x00C2, 10 }, // U+00C2
    { 0x00C3, 10 }, // U+00C3
    { 0x00C4, 10 }, // U+00C4
    { 0x00C5, 10 }, // U+00C5
    { 0x00C6, 40 }, // U+00C6
    { 0x00C7, 12 }, // U+00C7
    { 0x00C8, 11 }, // U+00C8
    { 0x00C9, 11 }, // U+00C9
    { 0x00CA, 11 }, // U+00CA
    { 0x00CB, 11 }, // U+00CB
    { 0x00CC, 11 }, // U+00CC
    { 0x00CD, 11 }, // U+00CD
    { 0x00CE, 11 }, // U+00CE
    { 0x00CF, 11 }, // U+00CF
    { 0x00D0, 11 }, // U+00D0
    { 0x00D1, 11 }, // U+00D1
    { 0x00D2, 12 }, // U+00D2
    { 0x00D3, 12 }, // U+00D3
    { 0x00D4, 12 }, // U+00D4
    { 0x00D5, 12 }, // U+00D5
    { 0x00D6, 12 }, // U+00D6
    { 0x00D8, 12 }, // U+00D8
    { 0x00D9, 15 }, // U+00D9
    { 0x00DA, 15 }, // U+00DA
    { 0x00DB, 15 }, // U+00DB
    { 0x00DC, 15 }, // U+00DC
    { 0x00DD, 19 }, // U+00DD
    { 0x00DE, 11 }, // U+00DE
    { 0x00E0, 23 }, // U+00E0
    { 0x00E1, 23 }, // U+00E1
    { 0x00E2, 23 }, // U+00E2
    { 0x00E3, 23 }, // U+00E3
    { 0x00E4, 23 }, // U+00E4
    { 0x00E5, 23 }, // U+00E5
    { 0x00E6, 23 }, // U+00E6
    { 0x00E7, 25 }, // U+00E7
    { 0x00E8, 25 }, // U+00E8
    { 0x00E9, 25 }, // U+00E9
    { 0x00EA, 25 }, // U+00EA
    { 0x00EB, 25 }, // U+00EB
    { 0x00EC, 27 }, // U+00EC
    { 0x00ED, 27 }, // U+00ED
    { 0x00EE, 27 }, // U+00EE
    { 0x00EF, 27 }, // U+00EF
    { 0x00F0, 25 }, // U+00F0
    { 0x00F1, 29 }, // U+00F1
    { 0x00F2, 25 }, // U+00F2
    { 0x00F3, 25 }, // U+00F3
    { 0x00F4, 25 }, // U+00F4
    { 0x00F5, 25 }, // U+00F5
    { 0x00F6, 25 }, // U+00F6
    { 0x00F8, 25 }, // U+00F8
    { 0x00F9, 32 }, // U+00F9
    { 0x00FA, 32 }, // U+00FA
    { 0x00FB, 32 }, // U+00FB
    { 0x00FC, 32 }, // U+00FC
    { 0x00FD, 36 }, // U+00FD
    { 0x00FE, 24 }, // U+00FE
    { 0x00FF, 36 }, // U+00FF
    { 0x0100, 10 }, // U+0100
    { 0x0101, 23 }, // U+0101
    { 0x0102, 10 }, // U+0102
    { 0x0103, 23 }, // U+0103
    { 0x0104, 10 }, // U+0104
    { 0x0105, 23 }, // U+0105
    { 0x0106, 12 }, // U+0106
    { 0x0107, 25 }, // U+0107
    { 0x0108, 12 }, // U+0108
    { 0x0109, 25 }, // U+0109
    { 0x010A, 12 }, // U+010A
    { 0x010B, 25 }, // U+010B
    { 0x010C, 12 }, // U+010C
    { 0x010D, 25 }, // U+010D
    { 0x010E, 11 }, // U+010E
    { 0x010F, 25 }, // U+010F
    { 0x0110, 11 }, // U+0110
    { 0x0111, 25 }, // U+0111
    { 0x0112, 11 }, // U+0112
    { 0x0113, 25 }, // U+0113
    { 0x0114, 11 }, // U+0114
    { 0x0115, 25 }, // U+0115
    { 0x0116, 11 }, // U+0116
    { 0x0117, 25 }, // U+0117
    { 0x0118, 11 }, // U+0118
    { 0x0119, 25 }, // U+0119
    { 0x011A, 11 }, // U+011A
    { 0x011B, 25 }, // U+011B
    { 0x011C, 12 }, // U+011C
    { 0x011D, 25 }, // U+011D
    { 0x011E, 12 }, // U+011E
    { 0x011F, 25 }, // U+011F
    { 0x0120, 12 }, // U+0120
    { 0x0121, 25 }, // U+0121
    { 0x0122, 12 }, // U+0122
    { 0x0123, 25 }, // U+0123
    { 0x0124, 11 }, // U+0124
    { 0x0125, 24 }, // U+0125
    { 0x0126, 11 }, // U+0126
    { 0x0127, 24 }, // U+0127
    { 0x0128, 11 }, // U+0128
    { 0x0129, 27 }, // U+0129
    { 0x012A, 11 }, // U+012A
    { 0x012B, 27 }, // U+012B
    { 0x012C, 11 }, // U+012C
    { 0x012D, 27 }, // U+012D
    { 0x012E, 11 }, // U+012E
    { 0x012F, 27 }, // U+012F
    { 0x0130, 11 }, // U+0130
    { 0x0132, 11 }, // U+0132
    { 0x0133, 27 }, // U+0133
    { 0x0134, 11 }, // U+0134
    { 0x0136, 11 }, // U+0136
    { 0x0137, 24 }, // U+0137
    { 0x0138, 29 }, // U+0138
    { 0x0139, 11 }, // U+0139
    { 0x013A, 28 }, // U+013A
    { 0x013B, 11 }, // U+013B
    { 0x013C, 28 }, // U+013C
    { 0x013D, 11 }, // U+013D
    { 0x013E, 28 }, // U+013E
    { 0x013F, 11 }, // U+013F
    { 0x0140, 28 }, // U+0140
    { 0x0141, 11 }, // U+0141
    { 0x0142, 28 }, // U+0142
    { 0x0143, 11 }, // U+0143
    { 0x0144, 29 }, // U+0144
    { 0x0145, 11 }, // U+0145
    { 0x0146, 29 }, // U+0146
    { 0x0147, 11 }, // U+0147
    { 0x0148, 29 }, // U+0148
    { 0x0149, 41 }, // U+0149
    { 0x014A, 11 }, // U+014A
    { 0x014B, 29 }, // U+014B
    { 0x014C, 12 }, // U+014C
    { 0x014D, 25 }, // U+014D
    { 0x014E, 12 }, // U+014E
    { 0x014F, 25 }, // U+014F
    { 0x0150, 12 }, // U+0150
    { 0x0151, 25 }, // U+0151
    { 0x0152, 12 }, // U+0152
    { 0x0153, 25 }, // U+0153
    { 0x0154, 11 }, // U+0154
    { 0x0155, 29 }, // U+0155
    { 0x0156, 11 }, // U+0156
    { 0x0157, 29 }, // U+0157
    { 0x0158, 11 }, // U+0158
    { 0x0159, 29 }, // U+0159
    { 0x015A, 13 }, // U+015A
    { 0x015B, 30 }, // U+015B
    { 0x015C, 13 }, // U+015C
    { 0x015D, 30 }, // U+015D
    { 0x015E, 13 }, // U+015E
    { 0x015F, 30 }, // U+015F
    { 0x0160, 13 }, // U+0160
    { 0x0161, 30 }, // U+0161
    { 0x0163, 31 }, // U+0163
    { 0x0165, 31 }, // U+0165
    { 0x0167, 31 }, // U+0167
    { 0x0168, 15 }, // U+0168
    { 0x0169, 32 }, // U+0169
    { 0x016A, 15 }, // U+016A
    { 0x016B, 32 }, // U+016B
    { 0x016C, 15 }, // U+016C
    { 0x016D, 32 }, // U+016D
    { 0x016E, 15 }, // U+016E
    { 0x016F, 32 }, // U+016F
    { 0x0170, 15 }, // U+0170
    { 0x0171, 32 }, // U+0171
    { 0x0172, 15 }, // U+0172
    { 0x0173, 32 }, // U+0173
    { 0x0174, 17 }, // U+0174
    { 0x0175, 34 }, // U+0175
    { 0x0176, 19 }, // U+0176
    { 0x0177, 36 }, // U+0177
    { 0x0178, 19 }, // U+0178
    { 0x0179, 20 }, // U+0179
    { 0x017A, 37 }, // U+017A
    { 0x017B, 20 }, // U+017B
    { 0x017C, 37 }, // U+017C
    { 0x017D, 20 }, // U+017D
    { 0x017E, 37 }, // U+017E
    { 0x01A0, 12 }, // U+01A0
    { 0x01A1, 25 }, // U+01A1
    { 0x01AF, 15 }, // U+01AF
    { 0x01B0, 32 }, // U+01B0
    { 0x01FA, 10 }, // U+01FA
    { 0x01FB, 23 }, // U+01FB
    { 0x01FC, 40 }, // U+01FC
    { 0x01FD, 23 }, // U+01FD
    { 0x01FE, 12 }, // U+01FE
    { 0x01FF, 25 }, // U+01FF
    { 0x0218, 13 }, // U+0218
    { 0x0219, 30 }, // U+0219
    { 0x021B, 31 }, // U+021B
    { 0x021E, 11 }, // U+021E
    { 0x0400, 42 }, // U+0400
    { 0x0401, 42 }, // U+0401
    { 0x0402, 43 }, // U+0402
    { 0x0403, 42 }, // U+0403
    { 0x0404, 44 }, // U+0404
    { 0x0405, 45 }, // U+0405
    { 0x0406, 42 }, // U+0406
    { 0x0407, 42 }, // U+0407
    { 0x0408, 46 }, // U+0408
    { 0x0409, 47 }, // U+0409
    { 0x040A, 42 }, // U+040A
    { 0x040B, 43 }, // U+040B
    { 0x040C, 42 }, // U+040C
    { 0x040D, 42 }, // U+040D
    { 0x040E, 48 }, // U+040E
    { 0x040F, 42 }, // U+040F
    { 0x0410, 49 }, // U+0410
    { 0x0411, 42 }, // U+0411
    { 0x0412, 42 }, // U+0412
    { 0x0413, 42 }, // U+0413
    { 0x0414, 50 }, // U+0414
    { 0x0415, 42 }, // U+0415
    { 0x0416, 51 }, // U+0416
    { 0x0417, 52 }, // U+0417
    { 0x0418, 42 }, // U+0418
    { 0x0419, 42 }, // U+0419
    { 0x041A, 42 }, // U+041A
    { 0x041B, 47 }, // U+041B
    { 0x041C, 42 }, // U+041C
    { 0x041D, 42 }, // U+041D
    { 0x041E, 44 }, // U+041E
    { 0x041F, 42 }, // U+041F
    { 0x0420, 42 }, // U+0420
    { 0x0421, 44 }, // U+0421
    { 0x0422, 43 }, // U+0422
    { 0x0423, 48 }, // U+0423
    { 0x0424, 53 }, // U+0424
    { 0x0425, 54 }, // U+0425
    { 0x0426, 42 }, // U+0426
    { 0x0427, 55 }, // U+0427
    { 0x0428, 42 }, // U+0428
    { 0x0429, 42 }, // U+0429
    { 0x042A, 43 }, // U+042A
    { 0x042B, 42 }, // U+042B
    { 0x042C, 42 }, // U+042C
    { 0x042D, 52 }, // U+042D
    { 0x042E, 42 }, // U+042E
    { 0x042F, 56 }, // U+042F
    { 0x0430, 57 }, // U+0430
    { 0x0431, 58 }, // U+0431
    { 0x0432, 57 }, // U+0432
    { 0x0433, 59 }, // U+0433
    { 0x0434, 60 }, // U+0434
    { 0x0435, 57 }, // U+0435
    { 0x0436, 61 }, // U+0436
    { 0x0437, 62 }, // U+0437
    { 0x0438, 63 }, // U+0438
    { 0x0439, 63 }, // U+0439
    { 0x043A, 64 }, // U+043A
    { 0x043B, 65 }, // U+043B
    { 0x043C, 65 }, // U+043C
    { 0x043D, 64 }, // U+043D
    { 0x043E, 57 }, // U+043E
    { 0x043F, 64 }, // U+043F
    { 0x0440, 66 }, // U+0440
    { 0x0441, 57 }, // U+0441
    { 0x0442, 64 }, // U+0442
    { 0x0443, 67 }, // U+0443
    { 0x0444, 57 }, // U+0444
    { 0x0445, 68 }, // U+0445
    { 0x0446, 63 }, // U+0446
    { 0x0447, 69 }, // U+0447
    { 0x0448, 63 }, // U+0448
    { 0x0449, 63 }, // U+0449
    { 0x044A, 70 }, // U+044A
    { 0x044B, 63 }, // U+044B
    { 0x044C, 63 }, // U+044C
    { 0x044D, 61 }, // U+044D
    { 0x044E, 64 }, // U+044E
    { 0x044F, 71 }, // U+044F
    { 0x0450, 57 }, // U+0450
    { 0x0451, 57 }, // U+0451
    { 0x0452, 72 }, // U+0452
    { 0x0453, 59 }, // U+0453
    { 0x0454, 57 }, // U+0454
    { 0x0455, 73 }, // U+0455
    { 0x0456, 74 }, // U+0456
    { 0x0457, 75 }, // U+0457
    { 0x0458, 76 }, // U+0458
    { 0x0459, 65 }, // U+0459
    { 0x045A, 64 }, // U+045A
    { 0x045B, 72 }, // U+045B
    { 0x045C, 64 }, // U+045C
    { 0x045D, 63 }, // U+045D
    { 0x045E, 67 }, // U+045E
    { 0x045F, 63 }, // U+045F
    { 0x0460, 77 }, // U+0460
    { 0x0461, 78 }, // U+0461
    { 0x0466, 49 }, // U+0466
    { 0x046A, 79 }, // U+046A
    { 0x046E, 52 }, // U+046E
    { 0x0470, 80 }, // U+0470
    { 0x0471, 63 }, // U+0471
    { 0x0472, 77 }, // U+0472
    { 0x0473, 81 }, // U+0473
    { 0x0474, 80 }, // U+0474
    { 0x0475, 82 }, // U+0475
    { 0x0476, 80 }, // U+0476
    { 0x0477, 82 }, // U+0477
    { 0x0478, 77 }, // U+0478
    { 0x0479, 81 }, // U+0479
    { 0x047A, 77 }, // U+047A
    { 0x047B, 81 }, // U+047B
    { 0x047C, 77 }, // U+047C
    { 0x047D, 81 }, // U+047D
    { 0x047E, 77 }, // U+047E
    { 0x047F, 78 }, // U+047F
    { 0x0480, 77 }, // U+0480
    { 0x0481, 81 }, // U+0481
    { 0x048B, 63 }, // U+048B
    { 0x048F, 66 }, // U+048F
    { 0x0496, 51 }, // U+0496
    { 0x0497, 61 }, // U+0497
    { 0x0498, 52 }, // U+0498
    { 0x0499, 61 }, // U+0499
    { 0x049F, 72 }, // U+049F
    { 0x04A0, 83 }, // U+04A0
    { 0x04A1, 70 }, // U+04A1
    { 0x04A8, 77 }, // U+04A8
    { 0x04A9, 81 }, // U+04A9
    { 0x04AA, 77 }, // U+04AA
    { 0x04AB, 81 }, // U+04AB
    { 0x04AC, 83 }, // U+04AC
    { 0x04AE, 80 }, // U+04AE
    { 0x04AF, 82 }, // U+04AF
    { 0x04B0, 80 }, // U+04B0
    { 0x04B1, 82 }, // U+04B1
    { 0x04B2, 54 }, // U+04B2
    { 0x04B3, 68 }, // U+04B3
    { 0x04B4, 83 }, // U+04B4
    { 0x04B5, 70 }, // U+04B5
    { 0x04B6, 55 }, // U+04B6
    { 0x04B7, 69 }, // U+04B7
    { 0x04B8, 55 }, // U+04B8
    { 0x04B9, 69 }, // U+04B9
    { 0x04C1, 51 }, // U+04C1
    { 0x04C2, 61 }, // U+04C2
    { 0x04C5, 50 }, // U+04C5
    { 0x04C6, 65 }, // U+04C6
    { 0x04CB, 55 }, // U+04CB
    { 0x04CC, 69 }, // U+04CC
    { 0x04CE, 84 }, // U+04CE
    { 0x04D0, 49 }, // U+04D0
    { 0x04D1, 81 }, // U+04D1
    { 0x04D2, 49 }, // U+04D2
    { 0x04D3, 81 }, // U+04D3
    { 0x04D4, 85 }, // U+04D4
    { 0x04D5, 81 }, // U+04D5
    { 0x04D7, 81 }, // U+04D7
    { 0x04D9, 81 }, // U+04D9
    { 0x04DB, 81 }, // U+04DB
    { 0x04DC, 51 }, // U+04DC
    { 0x04DD, 61 }, // U+04DD
    { 0x04DE, 52 }, // U+04DE
    { 0x04DF, 61 }, // U+04DF
    { 0x04E0, 52 }, // U+04E0
    { 0x04E2, 42 }, // U+04E2
    { 0x04E3, 63 }, // U+04E3
    { 0x04E4, 42 }, // U+04E4
    { 0x04E5, 63 }, // U+04E5
    { 0x04E6, 77 }, // U+04E6
    { 0x04E7, 81 }, // U+04E7
    { 0x04E8, 77 }, // U+04E8
    { 0x04E9, 81 }, // U+04E9
    { 0x04EA, 77 }, // U+04EA
    { 0x04EB, 81 }, // U+04EB
    { 0x04EC, 52 }, // U+04EC
    { 0x04ED, 61 }, // U+04ED
    { 0x04EE, 48 }, // U+04EE
    { 0x04EF, 67 }, // U+04EF
    { 0x04F0, 48 }, // U+04F0
    { 0x04F1, 67 }, // U+04F1
    { 0x04F2, 48 }, // U+04F2
    { 0x04F3, 67 }, // U+04F3
    { 0x04F4, 55 }, // U+04F4
    { 0x04F5, 69 }, // U+04F5
    { 0x04F8, 42 }, // U+04F8
    { 0x04F9, 63 }, // U+04F9
    { 0x04FC, 54 }, // U+04FC
    { 0x04FD, 68 }, // U+04FD
    { 0x04FE, 54 }, // U+04FE
    { 0x1EA0, 10 }, // U+1EA0
    { 0x1EA1, 23 }, // U+1EA1
    { 0x1EA2, 10 }, // U+1EA2
    { 0x1EA3, 23 }, // U+1EA3
    { 0x1EA4, 10 }, // U+1EA4
    { 0x1EA5, 23 }, // U+1EA5
    { 0x1EA6, 10 }, // U+1EA6
    { 0x1EA7, 23 }, // U+1EA7
    { 0x1EA8, 10 }, // U+1EA8
    { 0x1EA9, 23 }, // U+1EA9
    { 0x1EAA, 10 }, // U+1EAA
    { 0x1EAB, 23 }, // U+1EAB
    { 0x1EAC, 10 }, // U+1EAC
    { 0x1EAD, 23 }, // U+1EAD
    { 0x1EAE, 10 }, // U+1EAE
    { 0x1EAF, 23 }, // U+1EAF
    { 0x1EB0, 10 }, // U+1EB0
    { 0x1EB1, 23 }, // U+1EB1
    { 0x1EB2, 10 }, // U+1EB2
    { 0x1EB3, 23 }, // U+1EB3
    { 0x1EB4, 10 }, // U+1EB4
    { 0x1EB5, 23 }, // U+1EB5
    { 0x1EB6, 10 }, // U+1EB6
    { 0x1EB7, 23 }, // U+1EB7
    { 0x1EB8, 11 }, // U+1EB8
    { 0x1EB9, 25 }, // U+1EB9
    { 0x1EBA, 11 }, // U+1EBA
    { 0x1EBB, 25 }, // U+1EBB
    { 0x1EBC, 11 }, // U+1EBC
    { 0x1EBD, 25 }, // U+1EBD
    { 0x1EBE, 11 }, // U+1EBE
    { 0x1EBF, 25 }, // U+1EBF
    { 0x1EC0, 11 }, // U+1EC0
    { 0x1EC1, 25 }, // U+1EC1
    { 0x1EC2, 11 }, // U+1EC2
    { 0x1EC3, 25 }, // U+1EC3
    { 0x1EC4, 11 }, // U+1EC4
    { 0x1EC5, 25 }, // U+1EC5
    { 0x1EC6, 11 }, // U+1EC6
    { 0x1EC7, 25 }, // U+1EC7
    { 0x1EC9, 86 }, // U+1EC9
    { 0x1ECB, 86 }, // U+1ECB
    { 0x1ECC, 12 }, // U+1ECC
    { 0x1ECD, 25 }, // U+1ECD
    { 0x1ECE, 12 }, // U+1ECE
    { 0x1ECF, 25 }, // U+1ECF
    { 0x1ED0, 12 }, // U+1ED0
    { 0x1ED1, 25 }, // U+1ED1
    { 0x1ED2, 12 }, // U+1ED2
    { 0x1ED3, 25 }, // U+1ED3
    { 0x1ED4, 12 }, // U+1ED4
    { 0x1ED5, 25 }, // U+1ED5
    { 0x1ED6, 12 }, // U+1ED6
    { 0x1ED7, 25 }, // U+1ED7
    { 0x1ED8, 12 }, // U+1ED8
    { 0x1ED9, 25 }, // U+1ED9
    { 0x1EDA, 12 }, // U+1EDA
    { 0x1EDB, 25 }, // U+1EDB
    { 0x1EDC, 12 }, // U+1EDC
    { 0x1EDD, 25 }, // U+1EDD
    { 0x1EDE, 12 }, // U+1EDE
    { 0x1EDF, 25 }, // U+1EDF
    { 0x1EE0, 12 }, // U+1EE0
    { 0x1EE1, 25 }, // U+1EE1
    { 0x1EE2, 12 }, // U+1EE2
    { 0x1EE3, 25 }, // U+1EE3
    { 0x1EE4, 15 }, // U+1EE4
    { 0x1EE5, 32 }, // U+1EE5
    { 0x1EE6, 15 }, // U+1EE6
    { 0x1EE7, 32 }, // U+1EE7
    { 0x1EE8, 15 }, // U+1EE8
    { 0x1EE9, 32 }, // U+1EE9
    { 0x1EEA, 15 }, // U+1EEA
    { 0x1EEB, 32 }, // U+1EEB
    { 0x1EEC, 15 }, // U+1EEC
    { 0x1EED, 32 }, // U+1EED
    { 0x1EEE, 15 }, // U+1EEE
    { 0x1EEF, 32 }, // U+1EEF
    { 0x1EF0, 15 }, // U+1EF0
    { 0x1EF1, 32 }, // U+1EF1
    { 0x1EF2, 19 }, // U+1EF2
    { 0x1EF3, 36 }, // U+1EF3
    { 0x1EF4, 19 }, // U+1EF4
    { 0x1EF5, 36 }, // U+1EF5
    { 0x1EF6, 19 }, // U+1EF6
    { 0x1EF7, 36 }, // U+1EF7
    { 0x1EF8, 19 }, // U+1EF8
    { 0x1EF9, 36 }, // U+1EF9
    { 0x2013, 6 }, // U+2013
    { 0x2014, 6 }, // U+2014
    { 0x2015, 6 }, // U+2015
    { 0x2018, 87 }, // U+2018
    { 0x2019, 4 }, // U+2019
    { 0x201A, 88 }, // U+201A
    { 0x201C, 87 }, // U+201C
    { 0x201D, 4 }, // U+201D
    { 0x201E, 88 }, // U+201E
    { 0x2026, 88 }, // U+2026
    { 0x203A, 39 }, // U+203A
    { 0x207E, 89 }, // U+207E
    { 0x208E, 90 }, // U+208E
};

static const int8_t notoserif_8_italicKernMatrix[] = {
       0,    0,    0,    0,    0,    0,    0,    0,    0,  -21,    0,    0,    0,    0,    0,    0,    0,    0,    0,    0,    0,    0,    0,    0,    0,  -11,    5,    0,    0,    0,    0,    0,    0,    0,    0,    0,    0,    0,    0,  -32,    0,    0,    0,    0,    0,    0,    0,    0,  -21,  -21,    0,    0,    0,    0,    0,    0,    0,    0,    0,    0,    0,    0,    0,    0,  -16,    0,    0,    0,    0,    0,    0,    0,    0,    0,    0,    0,    0,    0,    0,    0,    0,    0,    0,    0,  -32,    0,    0,    0,    0,    0,
       0,    0,    0,    0,    0,    0,    0,    0,    0,    0,    0,    0,    0,  -11,   -3,  -13,  -11,    0,  -12,    0,    0,    0,    0,    0,    0,    0,    0,    0,    0,    0,    0,    0,    0,    0,    0,    0,    0,    0,    0,    0,    0,    0,    0,    0,    0,    0,    0,    0,    0,    0,    0,    0,    0,    0,    0,    0,    0,    0,    0,    0,    0,    0,    0,    0,    0,    0,    0,    0,    0,    0,    0,    0,    0,    0,    0,    0,    0,    0,    0,    0,    0,    0,    0,    0,    0,    0,    0,    0,    0,    0,
       0,    0,    0,    0,    0,    0,    0,    0,    0,    0,    0,    0,    0,    0,    0,    0,    0,    0,    0,    0,    0,    0,    0,    0,    0,    0,    0,    0,    0,    0,    0,    0,    0,    0,    0,    0,    0,    0,    0,    0,    0,    0,    0,   -5,    0,    8,   -5,    5,    0,    3,    0,    0,   -5,    0,    0,    0,    0,    0,    0,    0,    0,    0,    0,    0,   -5,    0,    0,    0,   -3,    0,    0,    0,    0,    0,    8,   11,    0,    0,    0,    0,    0,    0,    0,    0,    0,    0,    0,    0,    0,    0,
       0,   -5,    0,    0,  -32,    0,  -32,    0,    0,  -13,    0,    0,    0,    0,    0,    0,    0,    0,    0,    0,    0,    0,    0,    0,    0,    0,    0,    0,    0,    0,    0,    0,    0,    0,    0,    0,    0,    0,    0,  -21,    0,    0,    0,    0,    0,    0,    0,   -5,  -13,  -19,    0,    0,    0,    0,    0,    0,    0,    0,    0,    0,    0,    0,    0,    0,  -13,    0,    0,    0,    0,    0,    0,    0,    0,    0,    0,    0,    0,    0,    0,    0,  -13,    0,    0,    0,  -21,    0,    0,  -32,    0,    0,
       0,    0,    0,    0,    0,    0,    0,    0,    0,    0,    0,   -5,    0,  -19,   -3,  -24,  -21,    0,  -19,    0,    0,    0,    0,    0,    0,    0,    0,    0,    0,    0,    0,    0,  -13,   -5,    0,   -5,    0,    0,    0,    0,    0,    0,  -16,   -5,    0,    0,    3,   -5,    0,    5,    0,    0,   -8,    0,  -35,    0,    0,    0,    0,    0,    0,    0,    0,    0,    0,    0,   -5,    0,  -19,  -19,    0,    0,    0,    0,    0,    0,   -5,    0,    0,    0,    0,    0,  -19,    0,    0,    0,    0,    0,    0,    0,
       0,    0,    0,    0,    0,    0,    0,    0,    0,    0,    0,    0,    0,    0,    0,    0,    0,    0,    0,    0,    0,    0,    0,    0,    0,    0,    0,    0,    0,    0,    0,    0,    0,    0,    0,    0,    0,    0,    0,    0,    0,    0,  -11,    0,    0,    0,    0,   -5,   -3,   -3,    0,    0,    0,   -3,  -11,    0,    0,    0,    0,    0,    0,    0,    0,    0,    0,    0,    0,   -5,    0,    0,    0,    0,    0,    0,    0,    0,    0,    0,    0,    0,    0,    0,    0,    0,    0,    0,    0,    0,    0,    0,
     -21,   -5,    0,  -19,    0,    0,    0,    0,    0,    0,    0,   -5,    0,  -16,   -5,  -21,  -19,    0,  -19,    0,    0,    0,    0,    0,   -5,   -5,    0,    0,    0,    0,    0,   -5,  -16,   -8,    0,  -13,    0,  -13,    0,    0,  -13,    0,    0,    0,    0,    0,    0,    0,    0,    0,    0,    0,    0,    0,    0,    0,    0,    0,    0,    0,    0,    0,    0,    0,    0,    0,    0,    0,    0,    0,    0,    0,    0,    0,    0,    0,    0,    0,    0,    0,    0,    0,    0,    0,    0,    0,  -24,    0,    0,    0,
       0,    0,    0,   -5,    0,    0,    0,    0,    0,   -5,    0,    0,    0,   -5,    0,  -11,   -8,   -5,  -11,   -5,    0,    0,    0,    0,    0,    0,    0,    0,    0,    0,    0,    0,    0,   -3,    0,   -5,    0,    0,    0,   -8,    0,    0,    0,    0,    0,    0,    0,    0,    0,    0,    0,    0,    0,    0,    0,    0,    0,    0,    0,    0,    0,    0,    0,    0,    0,    0,    0,    0,    0,    0,    0,    0,    0,    0,    0,    0,    0,    0,    0,    0,    0,    0,    0,    0,    0,    0,    0,    0,    0,    0,
       0,   -5,    0,    0,    0,    0,    0,    0,    0,    0,    0,    0,    0,    0,    0,    0,    0,    0,    0,    0,    0,    0,    0,    0,    0,    0,    0,    0,    0,    0,    0,    0,    0,    0,    0,    0,    0,    0,    0,    0,    0,    0,    0,    0,    0,    0,    0,    0,    0,    0,    0,    0,    0,    0,    0,    0,    0,    0,    0,    0,    0,    0,    0,    0,    0,    0,    0,    0,    0,    0,    0,    0,    0,    0,    0,    0,    0,    0,    0,    0,    0,    0,    0,    0,    0,    0,    0,    0,    0,    0,
      -8,    0,    0,    0,   -5,    0,  -11,    0,    0,   -5,    0,    0,    0,   -5,    0,   -5,   -5,   -5,   -8,    0,    0,    0,    0,    0,    0,    0,    0,    0,    0,    0,    0,    0,    0,    0,    0,    0,    0,    0,    0,  -13,    0,    0,    0,    0,    0,    0,    0,    0,    0,    0,    0,    0,    0,    0,    0,    0,    0,    0,    0,    0,    0,    0,    0,    0,    0,    0,    0,    0,    0,    0,    0,    0,    0,    0,    0,    0,    0,    0,    0,    0,    0,    0,    0,    0,    0,    0,    0,   -5,    0,    0,
       0,    0,    0,    0,    0,    0,    0,    0,    0,    0,    0,    0,    0,    0,    0,   -5,   -5,    0,   -5,    0,    0,    0,    0,    0,    0,    0,    0,    0,    0,    0,    0,    0,    0,    0,    0,    0,    0,    0,    0,    0,    0,    0,    0,    0,    0,    0,    0,    0,    0,    0,    0,    0,    0,    0,    0,    0,    0,    0,    0,    0,    0,    0,    0,    0,    0,    0,    0,    0,    0,    0,    0,    0,    0,    0,    0,    0,    0,    0,    0,    0,    0,    0,    0,    0,    0,    0,    0,    0,    0,    0,
       0,  -11,    0,    0,  -21,    0,  -21,    0,    0,  -19,    0,    0,    0,    0,    0,    0,    0,    0,    0,    0,    0,    0,  -11,    0,  -11,  -11,    0,    0,    0,    0,    0,    0,    0,    0,    0,    0,    0,    0,    0,  -29,    0,    0,    0,    0,    0,    0,    0,    0,    0,    0,    0,    0,    0,    0,    0,    0,    0,    0,    0,    0,    0,    0,    0,    0,    0,    0,    0,    0,    0,    0,    0,    0,    0,    0,    0,    0,    0,    0,    0,    0,    0,    0,    0,    0,    0,    0,    0,  -21,    0,    0,
       0,    0,    0,    0,    0,    0,    0,    0,    0,    0,    0,    0,    0,   -5,    0,   -5,   -5,    0,   -5,    0,    0,    0,    0,    0,    0,    0,    0,    0,    0,    0,    0,    0,    0,    0,    0,    0,    0,    0,    0,   -5,    0,    0,    0,    0,    0,    0,    0,    0,    0,    0,    0,    0,    0,    0,    0,    0,    0,    0,    0,    0,    0,    0,    0,    0,    0,    0,    0,    0,    0,    0,    0,    0,    0,    0,    0,    0,    0,    0,    0,    0,    0,    0,    0,    0,    0,    0,    0,    0,    0,    0,
       0,    0,    0,    0,   -5,    0,   -5,    0,    0,   -5,    0,    0,    0,    0,    0,    0,    0,    0,    0,    0,    0,    0,    0,    0,    0,    0,    0,    0,    0,    0,    0,    0,    0,    0,    0,    0,    0,    0,    0,    0,    0,    0,    0,    0,    0,    0,    0,    0,    0,    0,    0,    0,    0,    0,    0,    0,    0,    0,    0,    0,    0,    0,    0,    0,    0,    0,    0,    0,    0,    0,    0,    0,    0,    0,    0,    0,    0,    0,    0,    0,    0,    0,    0,    0,    0,    0,    0,   -5,    0,    0,
       0,   -5,    0,    0,    0,    0,    0,    0,    0,    0,    0,   -5,    0,    0,    0,    0,    0,    0,    0,    0,    0,    0,    0,    0,   -5,   -5,    0,    0,    0,    0,    0,   -5,    0,   -8,    0,   -8,    0,    0,    0,    0,    0,    0,    0,    0,    0,    0,    0,    0,    0,    0,    0,    0,    0,    0,    0,    0,    0,    0,    0,    0,    0,    0,    0,    0,    0,    0,    0,    0,    0,    0,    0,    0,    0,    0,    0,    0,    0,    0,    0,    0,    0,    0,    0,    0,    0,    0,    0,    0,    0,    0,
     -16,    0,    0,  -21,    0,    0,    0,    0,    0,    0,    0,    0,    0,  -19,   -5,  -21,  -13,    0,  -16,    0,    0,    0,    0,    0,    0,    0,    0,    0,    0,    0,    0,    0,   -8,    0,    0,    0,    0,    0,    0,    0,    0,    0,    0,    0,    0,    0,    0,    0,    0,    0,    0,    0,    0,    0,    0,    0,    0,    0,    0,    0,    0,    0,    0,    0,    0,    0,    0,    0,    0,    0,    0,    0,    0,    0,    0,    0,    0,    0,    0,    0,    0,    0,    0,    0,    0,    0,  -24,    0,    0,    0,
       0,   -5,    0,    0,   -5,    0,   -5,    0,    0,    0,    0,    0,    0,    0,    0,    0,    0,    0,    0,    0,    0,    0,    0,    0,    0,    0,    0,    0,    0,    0,    0,    0,    0,    0,    0,    0,    0,    0,    0,    0,    0,    0,    0,    0,    0,    0,    0,    0,    0,    0,    0,    0,    0,    0,    0,    0,    0,    0,    0,    0,    0,    0,    0,    0,    0,    0,    0,    0,    0,    0,    0,    0,    0,    0,    0,    0,    0,    0,    0,    0,    0,    0,    0,    0,    0,    0,    0,   -5,    0,    0,
       0,   -5,    0,    0,  -32,    0,  -32,    0,    0,  -13,    0,    0,    0,    0,    0,    0,    0,    0,    0,    0,    0,    0,    0,    0,    0,    0,    0,    0,    0,    0,    0,    0,    0,    0,    0,    0,    0,    0,    0,  -21,    0,    0,    0,    0,    0,    0,    0,    0,    0,    0,    0,    0,    0,    0,    0,    0,    0,    0,    0,    0,    0,    0,    0,    0,    0,    0,    0,    0,    0,    0,    0,    0,    0,    0,    0,    0,    0,    0,    0,    0,    0,    0,    0,    0,    0,    0,    0,  -32,    0,    0,
       0,   -5,    0,   -5,    0,    0,    0,    0,    0,    0,    0,   -5,    0,   -5,   -3,   -8,   -8,    0,   -8,    0,    0,    0,    0,    0,    0,    0,    0,    0,    0,    0,    0,    0,    0,   -5,    0,   -5,    0,    0,    0,    0,    0,    0,    0,    0,    0,    0,    0,    0,    0,    0,    0,    0,    0,    0,    0,    0,    0,    0,    0,    0,    0,    0,    0,    0,    0,    0,    0,    0,    0,    0,    0,    0,    0,    0,    0,    0,    0,    0,    0,    0,    0,    0,    0,    0,    0,    0,    0,    0,    0,    0,
       0,    0,    0,    0,    0,    0,    0,    0,    0,   -5,    0,    0,    0,   -5,    0,   -5,   -5,   -5,   -5,    0,    0,    0,    0,    0,    0,    0,    0,    0,    0,    0,    0,    0,    0,   -3,    0,   -5,    0,    0,    0,   -5,    0,    0,    0,    0,    0,    0,    0,    0,    0,    0,    0,    0,    0,    0,    0,    0,    0,    0,    0,    0,    0,    0,    0,    0,    0,    0,    0,    0,    0,    0,    0,    0,    0,    0,    0,    0,    0,    0,    0,    0,    0,    0,    0,    0,    0,    0,    0,    0,    0,    0,
       0,   -5,    0,    0,  -24,    0,  -24,    0,    0,  -16,    0,   -5,    0,    0,    0,    0,    0,    0,    0,    0,    0,    0,   -8,    0,   -8,   -8,    0,    0,    0,    0,    0,    0,    0,    0,    0,    0,    0,    0,    0,  -21,   13,    0,    0,    0,    0,    0,    0,    0,    0,    0,    0,    0,    0,    0,    0,    0,    0,    0,    0,    0,    0,    0,    0,    0,    0,    0,    0,    0,    0,    0,    0,    0,    0,    0,    0,    0,    0,    0,    0,    0,    0,    0,    0,    0,    0,    0,    0,  -24,    0,    0,
       0,   -5,    0,    0,   -5,    0,   -5,    0,    0,   -5,    0,    0,    0,    0,    0,    0,    0,    0,    0,    0,    0,    0,    0,    0,    0,    0,    0,    0,    0,    0,    0,    0,    0,    0,    0,    0,    0,    0,    0,   -5,    0,    0,    0,    0,    0,    0,    0,    0,    0,    0,    0,    0,    0,    0,    0,    0,    0,    0,    0,    0,    0,    0,    0,    0,    0,    0,    0,    0,    0,    0,    0,    0,    0,    0,    0,    0,    0,    0,    0,    0,    0,    0,    0,    0,    0,    0,    0,   -5,    0,    0,
       0,   -8,    0,    0,  -29,    0,  -29,    0,    0,  -21,    0,   -5,    0,    0,    0,    0,    0,    0,    0,    0,    0,    0,  -16,    0,  -16,  -16,    0,    0,    0,  -11,    0,    0,    0,    0,    0,    0,    0,    0,    0,  -35,    0,    0,    0,    0,    0,    0,    0,    0,    0,    0,    0,    0,    0,    0,    0,    0,    0,    0,    0,    0,    0,    0,    0,    0,    0,    0,    0,    0,    0,    0,    0,    0,    0,    0,    0,    0,    0,    0,    0,    0,    0,    0,    0,    0,    0,    0,    0,  -29,    0,    0,
       0,   -8,    0,    0,  -24,    0,  -24,    0,    0,  -16,    0,   -5,    0,    0,    0,    0,    0,    0,    0,    0,    0,    0,  -13,    0,  -16,  -16,    0,    0,    0,   -8,    0,    0,    0,    0,   -5,    0,    0,    0,    0,  -35,    0,    0,    0,    0,    0,    0,    0,    0,    0,    0,    0,    0,    0,    0,    0,    0,    0,    0,    0,    0,    0,    0,    0,    0,    0,    0,    0,    0,    0,    0,    0,    0,    0,    0,    0,    0,    0,    0,    0,    0,    0,    0,    0,    0,    0,    0,    0,  -24,    0,    0,
       0,    0,    0,    0,    0,    0,    0,    0,    0,    0,    0,   -5,   -3,    0,    0,    0,    0,    0,    0,    0,    0,    0,    0,    0,   -3,   -3,    0,    0,    0,    0,    0,    0,    0,   -8,    0,  -13,    0,  -11,    0,    0,    0,    0,    0,    0,    0,    0,    0,    0,    0,    0,    0,    0,    0,    0,    0,    0,    0,    0,    0,    0,    0,    0,    0,    0,    0,    0,    0,    0,    0,    0,    0,    0,    0,    0,    0,    0,    0,    0,    0,    0,    0,    0,    0,    0,    0,    0,    0,    0,    0,    0,
       0,   -8,    0,    0,  -21,    0,  -21,    0,    0,  -19,    0,   -8,   -5,    0,    0,    0,    0,    0,    0,    0,    0,    0,  -16,    0,  -19,  -19,    0,    0,    0,  -16,    0,    0,    0,    0,   -3,    0,   -3,    0,    0,  -24,    0,    0,    0,    0,    0,    0,    0,    0,    0,    0,    0,    0,    0,    0,    0,    0,    0,    0,    0,    0,    0,    0,    0,    0,    0,    0,    0,    0,    0,    0,    0,    0,    0,    0,    0,    0,    0,    0,    0,    0,    0,    0,    0,    0,    0,    0,    0,  -21,    0,    0,
       0,    0,    0,    0,    0,    0,    0,    0,    0,    0,    0,    0,    0,    0,    0,    0,    0,    0,    0,    0,    0,    0,    0,    0,    0,    0,    0,    0,    0,    0,    0,    0,    0,    0,    0,    0,    0,    0,    0,    0,    0,    0,  -11,   -5,    0,   16,    0,   -8,    0,   13,    0,    0,  -11,    0,  -29,    0,   -5,   -5,    0,   -5,    0,    0,    0,    0,    0,    0,   11,    0,  -21,   -5,    0,    0,    0,    0,    0,   16,    0,    0,    0,    0,    0,    0,    0,    0,    0,    0,    0,    0,    0,    0,
     -11,    0,    0,    0,    0,    0,    0,    0,    0,    0,    0,    0,    0,   -5,    0,  -13,  -11,    0,  -13,    0,    0,    0,    0,    0,    0,    0,    0,    0,    0,    0,    0,    0,    0,    0,    0,   -5,    0,    0,    0,    0,    0,    0,    0,    0,    0,    0,    0,    0,    0,    0,    0,    0,    0,    0,    0,    0,    0,    0,    0,    0,    0,    0,    0,    0,    0,    0,    0,    0,    0,    0,    0,    0,    0,    0,    0,    0,    0,    0,    0,    0,    0,    0,    0,    0,    0,    0,  -11,    0,    0,    0,
       0,    0,    0,    0,    0,    0,    0,    0,    0,    0,    0,    0,    0,   -8,    0,  -16,  -16,    0,  -19,    0,    0,    0,    0,    0,    0,    0,    0,    0,    0,    0,    0,    0,    0,    0,    0,   -5,    0,    0,    0,    0,    0,    0,    0,    0,    0,    0,    0,    0,    0,    0,    0,    0,    0,    0,    0,    0,    0,    0,    0,    0,    0,    0,    0,    0,    0,    0,    0,    0,    0,    0,    0,    0,    0,    0,    0,    0,    0,    0,    0,    0,    0,    0,    0,    0,    0,    0,    0,    0,    0,    0,
       0,    0,    0,    0,    0,    0,    0,    0,    0,    0,    0,    0,    0,    0,    0,  -13,  -13,    0,  -19,    0,    0,    0,    0,    0,    0,    0,    0,    0,    0,    0,    0,    0,    0,    0,    0,    0,    0,    0,    0,    0,    0,    0,    0,    0,    0,    0,    0,    0,    0,    0,    0,    0,    0,    0,    0,    0,    0,    0,    0,    0,    0,    0,    0,    0,    0,    0,    0,    0,    0,    0,    0,    0,    0,    0,    0,    0,    0,    0,    0,    0,    0,    0,    0,    0,    0,    0,    0,    0,    0,    0,
      21,    0,   24,   21,    0,    0,    0,    0,    0,    0,    0,    0,    0,    0,    0,    0,    0,    0,    0,    0,   27,    0,    0,    0,    0,    0,    0,    0,    0,    0,    0,    0,    0,    0,    0,    0,    0,    0,    0,    0,    0,    0,    0,    0,    0,    0,    0,    0,    0,    0,    0,    0,    0,    0,    0,    0,    0,    0,    0,    0,    0,    0,    0,    0,    0,    0,    0,    0,    0,    0,    0,    0,    0,    0,    0,    0,    0,    0,    0,    0,    0,    0,    0,    0,    0,    0,   16,    0,    0,    0,
       0,    0,    0,    0,    0,    0,    0,    0,    0,    0,    0,    0,    0,    0,    0,    0,    0,    0,    0,    0,    0,    0,    0,    0,   -5,   -5,    0,    0,    0,    0,    0,    0,    0,    0,    0,    0,    0,    0,    0,    0,    0,    0,    0,    0,    0,    0,    0,    0,    0,    0,    0,    0,    0,    0,    0,    0,    0,    0,    0,    0,    0,    0,    0,    0,    0,    0,    0,    0,    0,    0,    0,    0,    0,    0,    0,    0,    0,    0,    0,    0,    0,    0,    0,    0,    0,    0,    0,    0,    0,    0,
       0,    0,    0,    0,    0,    0,    0,    0,    0,    0,    0,    0,    0,    0,    0,    0,  -11,    0,   -5,    0,    0,    0,    0,    0,    0,    0,    0,    0,    0,    0,    0,    0,    0,    0,    0,    0,    0,    0,    0,    0,    0,    0,    0,    0,    0,    0,    0,    0,    0,    0,    0,    0,    0,    0,    0,    0,    0,    0,    0,    0,    0,    0,    0,    0,    0,    0,    0,    0,    0,    0,    0,    0,    0,    0,    0,    0,    0,    0,    0,    0,    0,    0,    0,    0,    0,    0,    0,    0,    0,    0,
       0,    0,    0,    8,  -45,    0,  -45,    0,    0,    0,    0,    0,    0,    0,    0,   -8,  -11,  -13,   -8,    0,    0,    0,   -5,    0,   -5,   -5,    0,    0,    0,    0,    0,    0,    0,    0,    0,    0,    0,    0,    0,    0,    0,    0,    0,    0,    0,    0,    0,    0,    0,    0,    0,    0,    0,    0,    0,    0,    0,    0,    0,    0,    0,    0,    0,    0,    0,    0,    0,    0,    0,    0,    0,    0,    0,    0,    0,    0,    0,    0,    0,    0,    0,    0,    0,    0,    0,    0,    0,  -45,    0,    0,
      -5,    0,    0,    0,    0,    0,    0,    0,    0,    0,    0,    0,    0,    0,    0,   -8,   -8,    0,  -13,    0,    0,    0,    0,    0,    0,    0,    0,    0,    0,    0,    0,    0,    0,    0,    0,    0,    0,    0,    0,    0,    0,    0,    0,    0,    0,    0,    0,    0,    0,    0,    0,    0,    0,    0,    0,    0,    0,    0,    0,    0,    0,    0,    0,    0,    0,    0,    0,    0,    0,    0,    0,    0,    0,    0,    0,    0,    0,    0,    0,    0,    0,    0,    0,    0,    0,    0,    0,    0,    0,    0,
       0,    0,    0,    0,  -13,    0,  -19,    0,    0,    0,    0,    0,    0,    0,    0,   -8,   -5,    0,   -8,    0,    0,    0,    0,    0,    0,    0,    0,    0,    0,    0,    0,    0,    0,    0,    0,    0,    0,    0,    0,    0,    0,    0,    0,    0,    0,    0,    0,    0,    0,    0,    0,    0,    0,    0,    0,    0,    0,    0,    0,    0,    0,    0,    0,    0,    0,    0,    0,    0,    0,    0,    0,    0,    0,    0,    0,    0,    0,    0,    0,    0,    0,    0,    0,    0,    0,    0,    0,  -19,    0,    0,
       0,    0,    0,    0,  -19,    0,  -19,    0,    0,    0,    0,    0,    0,    0,    0,   -5,   -5,    0,   -8,    0,    0,    0,    0,    0,    0,    0,    0,    0,    0,    0,    0,    0,    0,    0,    0,    0,    0,    0,    0,    0,    0,    0,    0,    0,    0,    0,    0,    0,    0,    0,    0,    0,    0,    0,    0,    0,    0,    0,    0,    0,    0,    0,    0,    0,    0,    0,    0,    0,    0,    0,    0,    0,    0,    0,    0,    0,    0,    0,    0,    0,    0,    0,    0,    0,    0,    0,    0,  -19,    0,    0,
       0,    0,    0,    0,  -24,    0,  -24,    0,    0,    0,    0,    0,    0,    0,    0,    0,   -5,    0,    0,    0,    0,    0,    0,    0,    0,    0,    0,    0,    0,    0,    0,    0,    0,    0,    0,    0,    0,    0,    0,    0,    0,    0,    0,    0,    0,    0,    0,    0,    0,    0,    0,    0,    0,    0,    0,    0,    0,    0,    0,    0,    0,    0,    0,    0,    0,    0,    0,    0,    0,    0,    0,    0,    0,    0,    0,    0,    0,    0,    0,    0,    0,    0,    0,    0,    0,    0,    0,  -24,    0,    0,
       0,    0,    0,   -5,    0,    0,    0,    0,    0,    0,    0,    0,    0,    0,    0,  -11,   -8,    0,   -8,    0,    0,    0,    0,    0,    0,    0,    0,    0,    0,    0,    0,    0,    0,    0,    0,    0,    0,    0,    0,    0,    0,    0,    0,    0,    0,    0,    0,    0,    0,    0,    0,    0,    0,    0,    0,    0,    0,    0,    0,    0,    0,    0,    0,    0,    0,    0,    0,    0,    0,    0,    0,    0,    0,    0,    0,    0,    0,    0,    0,    0,    0,    0,    0,    0,    0,    0,   -5,    0,    0,    0,
       0,    0,    0,    0,    0,    0,    0,    0,    0,    0,    0,    0,    0,   -5,   -3,  -13,    0,    0,  -16,    0,    0,    0,    0,    0,    0,    0,    0,    0,    0,    0,    0,    0,    0,    0,    0,    0,    0,    0,    0,    0,    0,    0,    0,    0,    0,    0,    0,    0,    0,    0,    0,    0,    0,    0,    0,    0,    0,    0,    0,    0,    0,    0,    0,    0,    0,    0,    0,    0,    0,    0,    0,    0,    0,    0,    0,    0,    0,    0,    0,    0,    0,    0,    0,    0,    0,    0,    0,    0,    0,    0,
       0,    0,    0,    0,    0,    0,    0,    0,    0,    0,    0,    0,    0,    0,    0,    0,    0,    0,    0,    0,    0,    0,    0,    0,    0,    0,    0,    0,    0,    0,    0,    0,    0,    0,    0,    0,    0,    0,    0,    0,    0,    0,  -13,    0,    0,    0,    0,  -11,   -5,    0,    0,    0,   -3,    0,  -11,    0,    0,    0,    0,    0,    0,    0,    0,    0,    0,    0,    0,    0,    0,    0,    0,    0,    0,    0,    0,    0,    0,    0,    0,    0,    0,    0,    0,    0,    0,    0,    0,    0,    0,    0,
       0,    0,    0,    0,    0,    0,    0,    0,    0,    0,    0,    0,    0,   -8,   -3,  -13,  -13,    0,  -13,    0,    0,    0,    0,    0,    0,    0,    0,    0,    0,    0,    0,    0,    0,    0,    0,    0,    0,    0,    0,    0,    0,    0,    0,    0,    0,    0,    0,    0,    0,    0,    0,    0,    0,    0,    0,    0,    0,    0,    0,    0,    0,    0,    0,    0,    0,    0,    0,    0,    0,    0,    0,    0,    0,    0,    0,    0,    0,    0,    0,    0,    0,    0,    0,    0,    0,    0,    0,    0,    0,    0,
     -21,   -5,    0,  -19,    0,    0,    0,    0,    0,    0,    0,   -5,    0,  -16,   -5,  -21,  -19,    0,  -19,    0,    0,    0,    0,    0,   -5,   -5,    0,    0,    0,    0,    0,   -5,  -13,   -8,    0,  -13,    0,  -13,    0,    0,  -13,    0,    0,    0,    0,    0,    0,    0,    0,    0,    0,    0,    0,    0,    0,    0,    0,    0,    0,    0,    0,    0,    0,    0,    0,    0,    0,    0,    0,    0,    0,    0,    0,    0,    0,    0,    0,    0,    0,    0,    0,    0,    0,    0,    0,    0,  -24,    0,    0,    0,
       8,    0,   19,   11,    0,    0,    0,    0,    8,    0,   13,    0,    0,   19,   19,   24,   19,   19,   27,   21,    0,    0,    0,   24,    0,    0,    0,   24,    0,    0,    0,    0,    0,    0,    0,    0,    0,    0,    0,    0,    0,    0,    0,    0,    0,    0,    0,    0,    0,    0,    0,    0,    0,    0,    0,    0,    0,    0,    0,    0,    0,    0,    0,    0,    0,    0,    0,    0,    0,    0,    0,    0,    0,    0,    0,    0,    0,    0,    0,    0,    0,    0,    0,    0,    0,    0,    8,    0,    0,    0,
       0,    0,    0,   -8,    0,    0,    0,    0,    0,    0,    0,    0,    0,   -8,    0,  -13,    0,    0,    0,    0,    0,    0,    0,    0,    0,    0,    0,    0,    0,    0,    0,    0,    0,    0,    0,    0,    0,    0,    0,    0,    0,    0,    0,    0,    0,    0,    0,    0,    0,    0,    0,    0,    0,    0,    0,    0,    0,    0,    0,    0,    0,    0,    0,    0,    0,    0,    0,    0,    0,    0,    0,    0,    0,    0,    0,    0,    0,    0,    0,    0,    0,    0,    0,    0,    0,    0,    0,    0,    0,    0,
       0,    0,    0,    0,   -8,    0,   -8,    0,    0,  -11,    0,    0,    0,    5,    0,    5,    5,    0,    5,    0,    0,    0,   -5,    0,   -5,   -5,    0,    0,    0,   -5,   -5,    0,    0,   -5,   -5,   -5,    0,    0,    0,    0,    0,    0,    0,    0,    0,    0,    0,    0,    0,    0,    0,    0,    0,    0,    0,    0,    0,    0,    0,    0,    0,    0,    0,    0,    0,    0,    0,    0,    0,    0,    0,    0,    0,    0,    0,    0,    0,    0,    0,    0,    0,    0,    0,    0,    0,    0,    0,   -8,    0,    0,
       0,    0,    0,    5,   -3,    0,   -3,    0,    0,    0,    0,    0,    0,    0,    0,    0,    0,    0,    0,    0,    0,    0,    0,    0,    0,    0,    3,    0,    5,    0,    8,    5,    0,    8,    0,    8,    0,    0,    0,    0,    0,    0,    0,    0,    0,    0,    0,    0,    0,    0,    0,    0,    0,    0,    0,    0,    0,    0,    0,    0,    0,    0,    0,    0,    0,    0,    0,    0,    0,    0,    0,    0,    0,    0,    0,    0,    0,    0,    0,    0,    0,    0,    0,    0,    0,    3,    0,   -3,    0,    0,
       0,    0,    0,    0,   -8,    0,   -8,    0,    0,  -16,    0,   -5,    0,    0,    3,    8,    0,    0,    8,    0,    0,    0,  -13,    3,  -16,  -16,    0,    0,   -8,  -16,   -5,   -8,    0,   -5,    0,   -5,   -8,    0,    0,    0,    0,    0,    0,    0,    0,    0,    0,    0,    0,    0,    0,    0,    0,    0,    0,    0,    0,    0,    0,    0,    0,    0,    0,    0,    0,    0,    0,    0,    0,    0,    0,    0,    0,    0,    0,    0,    0,    0,    0,    0,    0,    0,    0,    0,    0,    0,    0,   -8,    0,    0,
       0,    0,    0,    5,    0,    0,    0,    0,    0,    0,    0,    0,    0,    0,    0,    0,    0,    0,    0,    0,    0,    0,    0,    0,    0,    0,    3,    0,    5,    0,    0,    0,    0,    0,    0,    0,    0,    0,    0,    0,    0,    0,    0,    0,    0,    0,    0,    0,    0,    0,    0,    0,    0,    0,    0,    0,    0,    0,    0,    0,    0,    0,    0,    0,    0,    0,    0,    0,    0,    0,    0,    0,    0,    0,    0,    0,    0,    0,    0,    0,    0,    0,    0,    0,    0,    3,    0,    0,    0,    0,
       0,    0,    0,    0,    0,    0,    0,    0,    0,    0,    0,    0,    0,    0,    0,    0,    0,    0,    0,    0,    0,    0,    0,    0,    0,    0,    0,    0,    0,    0,    0,    0,    0,    0,    0,    0,    0,    0,    0,    0,    0,    0,   -5,    0,    0,    0,    0,   -5,    0,    0,    0,    0,   -4,    0,    0,    0,    0,    0,    0,    0,    0,    0,    0,    0,   -5,    0,    0,    0,    0,   -5,   -5,    0,    0,    0,    0,    0,    0,    0,    0,    0,    0,    0,    0,   -5,    0,    0,    0,    0,    0,    0,
     -45,    0,   -5,  -21,    0,    0,    0,   -3,    0,    0,    0,    0,    0,    0,    0,    0,    0,    0,    0,    0,    0,   -3,    0,    0,    0,    0,    0,    0,    0,    0,    0,    0,    0,    0,    0,    0,    0,    0,    0,    0,    0,    0,  -21,    0,    0,   -4,    0,  -64,   -3,   -3,   -3,    0,   -5,   -5,  -16,   -3,    0,    0,    0,    0,    0,    0,    0,    0,   -4,    0,   -3,   -3,   -8,    0,    0,    0,    0,    0,    0,    0,    0,    0,    0,    0,    0,    0,  -19,    0,    0,    0,  -40,    0,    0,    0,
       0,    0,    0,    8,  -16,  -11,  -16,   -8,    0,    0,    0,    0,    0,    0,    0,    0,    0,    0,    0,    0,    0,  -11,    0,    0,    0,    0,    0,    0,    0,    0,    0,    0,    0,    0,    0,    0,    0,    0,  -13,    0,    0,    0,    0,   -5,   -3,    0,   -8,    0,  -16,  -11,    0,    0,   -7,    0,    0,   -4,   -8,    0,   -3,   -8,    0,    0,    5,    0,  -16,    0,   11,    0,    3,    0,   -8,    0,   -4,    5,    5,    0,    0,    0,    0,    0,    0,    0,    0,    0,    0,    0,    0,  -16,    0,    0,
       0,    0,    0,    0,    0,    0,    0,    0,    0,    0,    0,    0,    0,    0,    0,    0,    0,    0,    0,    0,    0,    0,    0,    0,    0,    0,    0,    0,    0,    0,    0,    0,    0,    0,    0,    0,    0,    0,    0,    0,    0,    0,    0,    0,    0,    0,    0,   -3,    0,    0,    0,    0,   -3,    0,    0,    0,    0,    0,    0,    0,    0,    0,    0,    0,   -3,    0,    0,   -3,    0,    0,    0,    0,    0,    0,    0,    0,    0,    0,    0,    0,    0,    0,    0,    0,    0,    0,    0,    0,    0,    0,
       0,    0,    0,    0,    0,    0,    0,    0,    0,    0,    0,    0,    0,    0,    0,    0,    0,    0,    0,    0,    0,    0,    0,    0,    0,    0,    0,    0,    0,    0,    0,    0,    0,    0,    0,    0,    0,    0,    0,    0,    0,    0,   -3,    0,    0,    0,    0,   -3,   -3,   -3,    0,    0,   -7,   -3,   -8,    0,    0,    0,    0,    0,    0,    0,    0,    0,    0,    0,    0,    0,    0,    0,    0,    0,    0,    0,    0,    0,    0,    0,   -5,    0,    0,    0,   -5,    0,    0,    0,    0,    0,    0,    0,
       0,    0,    0,    0,    0,    0,    0,    0,    0,    0,    0,    0,    0,    0,    0,    0,    0,    0,    0,    0,    0,    0,    0,    0,    0,    0,    0,    0,    0,    0,    0,    0,    0,    0,    0,    0,    0,    0,    0,    0,    0,    0,    0,    0,    0,    0,    0,    0,    0,    0,    0,    0,   -3,    0,    0,    0,    0,    0,    0,    0,    0,    0,    0,    0,   -5,    0,    0,    0,    0,    0,    0,    0,    0,    0,    0,    0,    0,    0,    0,    0,    0,    0,    0,    0,    0,    0,    0,    0,    0,    0,
       0,    0,    0,    0,    0,    0,    0,    0,    0,    0,    0,    0,    0,    0,    0,    0,    0,    0,    0,    0,    0,    0,    0,    0,    0,    0,    0,    0,    0,    0,    0,    0,    0,    0,    0,    0,    0,    0,    0,    0,    0,    0,    0,    0,    0,    0,   -5,    0,   -5,   -4,    0,    0,   -5,    0,    0,    0,    0,    0,    0,    0,    0,    0,    8,    0,   -5,    0,    0,    0,    0,    0,    0,    0,    0,    8,    8,    0,    0,    0,    0,    0,    0,    0,    0,    0,    0,    0,    0,    0,    0,    0,
     -27,    0,   -5,  -13,    0,    0,    0,   -3,    0,    0,    0,    0,    0,    0,    0,    0,    0,    0,    0,    0,    0,   -3,    0,    0,    0,    0,    0,    0,    0,    0,    0,    0,    0,    0,    0,    0,    0,    0,    0,    0,    0,    0,  -21,    0,    0,   -4,    0,  -32,   -3,   -3,   -3,    0,   -5,   -5,  -16,   -3,    0,    0,    0,    0,    0,    0,    0,    0,   -4,    0,   -3,   -3,   -8,    0,    0,    0,    0,    0,    0,    0,    0,    0,    0,    0,    0,    0,  -11,    0,    0,    0,  -24,    0,    0,    0,
     -32,    0,  -11,  -19,    0,   -5,    0,   -5,    0,    0,    0,    0,    0,    0,    0,    0,    0,    0,    0,    0,    0,    0,    0,    0,    0,    0,    0,    0,    0,    0,    0,    0,    0,    0,    0,    0,    0,    0,  -13,    0,    0,    0,  -24,  -16,  -11,   -8,    0,  -37,    0,    0,    0,  -11,  -21,    0,  -35,    0,   -5,    0,   -3,   -5,    0,   -3,   -5,    0,   -5,    0,  -11,    0,  -13,    0,    0,    0,    0,   -5,   -5,   -5,   -3,   -5,    0,  -13,    0,   -8,  -19,    0,    0,    0,  -27,    0,    0,    0,
       0,    0,    0,    0,    0,   -5,    0,    0,    0,    0,    0,    0,    0,    0,    0,    0,    0,    0,    0,    0,    0,    0,    0,    0,    0,    0,    0,    0,    0,    0,    0,    0,    0,    0,    0,    0,    0,    0,   -8,    0,    0,    0,    0,   -8,   -3,    0,    3,    0,    0,    5,    0,   -3,  -13,    0,   -5,    0,   -5,   -3,    0,   -5,    0,    0,   -3,    0,    0,    0,   -3,    0,   -8,   -8,    0,    0,    0,   -3,   -1,    0,   -3,    0,    0,    0,   -5,    0,    0,   -8,    0,    0,   -5,    0,    0,    0,
       0,    0,    3,   11,  -29,   -5,  -29,   -5,    0,    0,    0,    0,    0,    0,    0,    0,    0,    0,    0,    0,    5,  -21,    0,    0,    0,    0,    0,    0,    0,    0,    0,    0,    0,    0,    0,    0,    0,    0,  -11,    0,    0,    0,    0,  -13,   -3,    0,  -16,    0,  -35,  -21,    0,    0,  -16,    0,    0,  -11,  -13,    0,   -8,  -21,  -11,   -3,   -3,   -5,  -32,    0,    0,   -3,    0,    0,   -5,    0,   -8,   -3,    8,    0,    0,    0,    0,    0,  -11,    0,    0,    0,    0,    0,    0,  -29,    0,    0,
     -21,    0,    0,  -19,    0,   -3,    0,    0,    0,    0,    0,    0,    0,    0,    0,    0,    0,    0,    0,    0,    0,    0,    0,    0,    0,    0,    0,    0,    0,    0,    0,    0,    0,    0,    0,    0,    0,    0,   -5,    0,    0,    0,  -16,   -8,   -3,    0,    0,  -21,    0,    0,    0,   -3,  -13,    0,  -32,    0,   -8,   -5,    0,   -8,    0,    0,   -5,    0,   -3,    0,  -16,    0,  -19,  -11,    0,    0,   -3,   -5,   -5,    0,   -5,    0,    0,    0,    0,    0,  -16,  -11,    0,    0,  -24,    0,    0,    0,
       0,    0,    0,   -3,    0,    0,    0,   -5,    0,    0,    0,    0,    0,    0,    0,    0,    0,    0,    0,    0,    0,   -3,    0,    0,    0,    0,    0,    0,    0,    0,    0,    0,    0,    0,    0,    0,    0,    0,    0,    0,    0,    0,   -7,    0,   -3,   -8,    0,   -8,   -3,   -5,   -3,    0,   -5,   -3,  -11,   -3,    0,    0,    0,    0,    0,    0,    0,    0,   -5,   -3,   -4,   -7,   -5,   -3,   -5,    0,    0,    0,    0,    0,    0,    0,    0,    0,    0,    0,    0,    0,    0,    0,   -5,    0,    0,    0,
       0,    0,    0,   -3,    0,    0,    0,   -5,    0,    0,    0,    0,    0,    0,    0,    0,    0,    0,    0,    0,    0,   -3,    0,    0,    0,    0,    0,    0,    0,    0,    0,    0,    0,    0,    0,    0,    0,    0,    0,    0,    0,    0,   -9,    0,   -3,    0,    0,  -13,   -3,   -4,   -4,    0,   -3,   -3,  -13,    0,    0,    0,    0,    0,    0,    0,    0,    0,   -5,    0,    0,   -3,    0,   -5,   -3,    0,    0,    0,    0,    0,    0,    0,   -5,    0,    0,    0,   -5,   -5,   -8,    0,   -5,    0,    0,    0,
       0,    0,    3,    0,    0,    0,    0,    0,    0,    0,    0,    0,    0,    0,    0,    0,    0,    0,    0,    0,    0,    8,    0,    0,    0,    0,    0,    0,    0,    0,    0,    0,    0,    0,    0,    0,    0,    0,    0,    0,    0,    0,    0,   -3,    0,    5,    0,    0,    0,    0,    0,    0,   -5,    0,    0,    0,   -4,    0,   -3,   -4,    0,   -3,   -3,    0,   -5,    0,    0,    0,    0,   -3,   -3,    0,    0,   -3,    0,    3,    0,    0,    0,    0,    0,    0,    0,    0,    0,    0,    0,    0,    0,    0,
       0,    0,   -5,    0,   -5,    0,   -5,   -5,    0,    0,    0,    0,    0,    0,    0,    0,    0,    0,    0,    0,    0,   -5,    0,    0,    0,    0,    0,    0,    0,    0,    0,    0,    0,    0,    0,    0,    0,    0,    0,    0,    0,    0,   -5,    0,    0,   -4,   -4,  -20,   -5,   -9,   -5,    0,    0,   -5,   -3,   -3,    0,    0,    0,    0,    0,    0,    0,    0,  -11,    0,    0,   -3,    0,    0,    0,    0,    0,    0,    0,    0,    0,    0,   -5,    0,    0,    0,   -5,    0,    0,    0,    0,   -5,    0,    0,
       0,    0,   -5,    0,  -32,    0,  -32,   -5,    0,    0,    0,    0,    0,    0,    0,    0,    0,    0,    0,    0,    0,  -11,    0,    0,    0,    0,    0,    0,    0,    0,    0,    0,    0,    0,    0,    0,    0,    0,   -3,    0,    0,    0,    0,    0,    0,    0,  -13,   -5,  -13,  -19,  -11,   -4,    0,  -11,   -7,   -3,    0,    0,    0,    0,    0,    0,    0,    0,  -13,    0,    8,   -3,    0,    0,   -3,    0,    0,    0,    0,    0,    0,    0,    0,    0,    0,    0,    0,    0,    0,    0,    0,  -32,    0,    0,
       0,    0,   -5,   -3,   -8,    0,   -8,   -8,    0,    0,    0,    0,    0,    0,    0,    0,    0,    0,    0,    0,    0,  -11,    0,    0,    0,    0,    0,    0,    0,    0,    0,    0,    0,    0,    0,    0,    0,    0,   -3,    0,    0,   -3,  -11,    0,   -5,   -5,   -8,  -24,   -8,  -13,  -11,   -5,    0,  -11,   -8,   -8,    0,    0,    0,    0,    0,    0,    0,    0,  -11,    0,    0,   -5,    0,    0,   -1,    0,    0,    0,    0,    0,    0,    0,   -5,    0,    0,    0,    0,    0,    0,    0,   -8,   -8,    0,    0,
       0,    0,    0,    0,    0,   -5,    0,    0,    0,    0,    0,    0,    0,    0,    0,    0,    0,    0,    0,    0,    0,    0,    0,    0,    0,    0,    0,    0,    0,    0,    0,    0,    0,    0,    0,    0,    0,    0,   -5,    0,    0,    0,    0,   -5,   -3,    0,    0,    0,    0,    0,    0,    0,  -11,    0,   -5,    0,   -4,    0,   -3,   -4,    0,    0,   -1,    0,   -3,    0,   -3,    0,   -4,  -11,    0,    0,    0,   -1,    5,    0,   -5,    0,    0,    0,    0,    0,    0,   -8,    0,    0,    0,    0,    0,    0,
       0,    0,    0,    0,    8,    0,    8,    0,    0,    0,    0,    0,    0,    0,    0,    0,    0,    0,    0,    0,    0,    0,    0,    0,    0,    0,    0,    0,    0,    0,    0,    0,    0,    0,    0,    0,    0,    0,    0,    0,    0,    5,   -5,    0,    0,    0,   13,  -11,   12,   11,   16,    0,    0,   11,  -13,   13,    0,    0,    0,    0,    3,    0,    0,    0,    8,    0,    0,    4,   -3,   -4,    0,    0,    0,    0,    0,    0,    0,    0,    0,    0,    0,    0,    0,    0,    0,    0,    0,    8,    0,    0,
       0,    0,    0,    0,   -5,    0,   -5,    0,    0,    0,    0,    0,    0,    0,    0,    0,    0,    0,    0,    0,    0,   -5,    0,    0,    0,    0,    0,    0,    0,    0,    0,    0,    0,    0,    0,    0,    0,    0,    0,    0,    0,    0,  -11,    0,    0,    0,    0,  -27,   -5,    0,   -3,    0,    0,   -4,   -9,    0,    0,    0,    0,    0,   -3,   -3,    0,    0,   -5,    0,   -4,   -9,   -4,   -1,   -3,    0,    0,    0,    0,   -3,    0,    0,    0,    0,    0,    0,    0,    0,    0,    0,    0,   -5,    0,    0,
       0,    0,    0,   -3,   -3,    0,   -3,    0,    0,    0,    0,    0,    0,    0,    0,    0,    0,    0,    0,    0,    0,    0,    0,    0,    0,    0,    0,    0,    0,    0,    0,    0,    0,    0,    0,    0,    0,    0,    0,    0,    0,    0,   -8,    0,    0,    0,    0,  -19,    0,    0,    0,    0,    0,    0,  -13,    0,    0,    0,    0,    0,    0,    0,   -4,    0,   -4,    0,   -3,   -4,   -4,    0,    0,    0,    0,   -4,   -4,    0,    0,    0,    0,    0,    0,    0,   -5,    0,    0,    0,    0,   -3,    0,    0,
       0,    0,    0,    5,   -5,    0,   -5,    0,    0,    0,    0,    0,    0,    0,    0,    0,    0,    0,    0,    0,    0,    0,    0,    0,    0,    0,    0,    0,    0,    0,    0,    0,    0,    0,    0,    0,    0,    0,    0,    0,    0,    0,   -3,    0,    0,    0,    0,  -13,    0,    0,    0,    0,    0,    0,   -5,    0,    0,    0,    0,    0,    0,    0,    0,    0,   -8,    0,    0,   -3,    0,    0,   -3,    0,    0,    0,    0,    0,    0,    0,    0,    0,    0,    0,   -5,    0,    0,    0,    0,   -5,    0,    0,
       0,    0,    0,    0,   -5,    0,   -5,    0,    0,    0,    0,    0,    0,    0,    0,    0,    0,    0,    0,    0,    0,   -5,    0,    0,    0,    0,    0,    0,    0,    0,    0,    0,    0,    0,    0,    0,    0,    0,    0,    0,    0,    0,    0,    0,    0,    0,    0,  -13,   -5,    0,   -3,    0,    0,   -3,   -4,    0,    0,    0,    0,    0,    0,    0,    0,    0,   -8,    0,    0,   -4,    0,    0,   -4,    0,    0,    0,    0,    0,    0,    0,    0,    0,    0,    0,    0,    0,    0,    0,    0,   -5,    0,    0,
       0,    0,    0,    0,    0,    0,    0,    0,    0,    0,    0,    0,    0,    0,    0,    0,    0,    0,    0,    0,    0,    0,    0,    0,    0,    0,    0,    0,    0,    0,    0,    0,    0,    0,    0,    0,    0,    0,    0,    0,    0,    0,   -3,    0,    0,    0,    0,  -11,    0,    0,    0,    0,    0,    0,   -5,    0,    0,    0,    0,    0,    0,    0,    0,    0,   -3,    0,    0,   -3,    0,    0,    0,    0,    0,    0,    0,    0,    0,    0,    0,    0,    0,    0,    0,    0,    0,    0,    0,    0,    0,    0,
       0,    0,    0,    0,    0,    0,    0,    0,    0,    0,    0,    0,    0,    0,    0,    0,    0,    0,    0,    0,    0,    0,    0,    0,    0,    0,    0,    0,    0,    0,    0,    0,    0,    0,    0,    0,    0,    0,    0,    0,    0,    0,   -3,    0,    0,    0,    0,  -11,    0,    0,    0,    0,    0,    0,   -4,    1,   -3,    0,    0,   -3,    0,    0,    0,    0,   -3,    0,    3,   -1,    0,    0,    0,    0,    0,    0,    0,    0,    0,    0,    0,    0,   -5,    0,    0,    0,    0,    0,    0,    0,    0,    0,
       0,    0,    0,    0,    0,   -8,    0,    0,    0,    0,    0,    0,    0,    0,    0,    0,    0,    0,    0,    0,    0,    0,    0,    0,    0,    0,    0,    0,    0,    0,    0,    0,    0,    0,    0,    0,    0,    0,    0,    0,    0,    0,   -4,   -3,    0,    0,    3,  -13,    0,    3,    0,   -3,   -3,    0,  -13,    0,   -5,   -1,   -3,   -5,    0,    0,    0,    0,    0,    0,    0,    0,    0,    0,    0,    0,    0,    0,    0,    0,    0,    0,    0,    0,    0,    0,    0,    0,    0,    0,    0,    0,    0,    0,
       0,    0,    0,    0,   -5,    0,   -5,    0,    0,    0,    0,    0,    0,    0,    0,    0,    0,    0,    0,    0,    0,   -5,    0,    0,    0,    0,    0,    0,    0,    0,    0,    0,    0,    0,    0,    0,    0,    0,    0,    0,    0,    0,  -11,    0,    0,    0,    0,  -19,   -5,    0,   -3,    0,    0,   -4,   -9,    0,    0,    0,    0,    0,   -3,   -3,    0,    0,   -5,    0,   -4,   -9,   -4,   -1,   -3,    0,    0,    0,    0,   -3,    0,    0,    0,    0,    0,    0,    0,    0,    0,    0,    0,   -5,    0,    0,
       0,    0,    0,    8,    5,    0,    5,    0,    0,    0,    0,    0,    0,    0,    0,    0,    0,    0,    0,    0,    0,    0,    0,    0,    0,    0,    0,    0,    0,    0,    0,    0,    0,    0,    0,    0,    0,    0,    0,    0,    0,    7,  -11,    0,    0,    0,   13,   -8,   12,   12,   16,    0,    0,   12,  -16,   13,    0,    0,    0,    0,    3,    0,    0,    0,    8,    0,   -3,    4,   -5,    0,    0,    0,    0,    0,    0,    0,    0,    0,    0,    0,    0,    0,    0,    0,    0,    0,   -8,    5,    0,    0,
       0,    0,    0,    0,    0,    0,    0,    0,    0,    0,    0,    0,    0,    0,    0,    0,    0,    0,    0,    0,    0,    0,    0,    0,    0,    0,    0,    0,    0,    0,    0,    0,    0,    0,    0,    0,    0,    0,    0,    0,    0,    0,   -3,    0,    0,    0,    0,  -11,    0,    0,    0,    0,    0,    0,   -4,    1,   -3,    0,    0,   -3,    0,    0,    0,    0,   -3,    0,    0,   -1,    0,    0,    0,    0,    0,    0,    0,    0,    0,    0,    0,    0,   -5,    0,    0,    0,    0,    0,    0,    0,    0,    0,
       0,    0,   -3,    0,   -5,    0,   -5,    0,    0,    0,    0,    0,    0,    0,    0,    0,    0,    0,    0,    0,    0,   -5,    0,    0,    0,    0,    0,    0,    0,    0,    0,    0,    0,    0,    0,    0,    0,    0,    0,    0,    0,    0,   -3,    0,    0,    0,   -4,   -8,   -5,   -5,   -3,   -5,    0,   -3,   -8,    0,    0,    0,   -3,    0,   -5,   -3,    0,    0,  -19,    0,    0,   -9,    0,    0,   -3,    0,    0,    0,    0,    0,    0,    0,    0,    0,    0,    0,    0,    0,    0,    0,    0,   -5,    0,    0,
       0,    0,   11,   -5,    5,    0,    5,    0,    0,    0,    0,    0,    0,    0,    0,    0,    0,    0,    0,    0,    0,   21,    0,    0,    0,    0,    0,    0,    0,    0,    0,    0,    0,    0,    0,    0,    0,    0,    4,    0,    0,    8,   -5,    0,    0,    8,   15,   -4,   15,   15,   19,    0,   -3,   16,  -13,   17,    0,    0,    0,    0,    5,    0,    0,    0,   11,    0,    0,    7,   -3,   -4,    4,    0,    3,    0,    0,    8,    0,    0,    0,    0,    0,    0,    0,    0,    0,    0,   -5,    5,    0,    0,
     -19,    0,    0,  -16,    0,    0,    0,    0,    0,    0,    0,    0,    0,    0,    0,    0,    0,    0,    0,    0,    0,    0,    0,    0,    0,    0,    0,    0,    0,    0,    0,    0,    0,    0,    0,    0,    0,    0,    0,    0,    0,    0,  -19,    0,    0,    0,    3,  -19,    0,    0,    0,    0,   -3,    0,  -29,    0,    0,    0,    0,    0,    0,    0,   -3,    0,    0,    0,   -9,    0,  -12,  -13,   -3,    0,    0,   -3,   -3,    0,    0,    0,    0,    0,    0,    0,    0,    0,    0,    0,  -16,    0,    0,    0,
       0,    0,    0,    0,    0,    0,    0,    0,    0,    0,    0,    0,    0,    0,    0,    0,    0,    0,    0,    0,    0,    0,    0,    0,    0,    0,    0,    0,    0,    0,    0,    0,    0,    0,    0,    0,    0,    0,    0,    0,    0,    0,   -5,    0,    0,    0,    0,  -27,    0,    0,    0,    0,    0,    0,  -15,    0,    0,    0,    0,    0,    0,    0,    0,    0,   -8,    0,    0,    0,   -3,    0,    0,    0,    0,    0,    0,    0,    0,    0,    0,    0,    0,    0,    0,    0,    0,    0,   -5,    0,    0,    0,
       0,    0,    0,    0,   -5,    0,   -5,    0,    0,    0,    0,    0,    0,    0,    0,    0,    0,    0,    0,    0,    0,    0,    0,    0,    0,    0,    0,    0,    0,    0,    0,    0,    0,    0,    0,    0,    0,    0,    0,    0,    0,    0,   -5,    0,    0,    0,    0,  -13,    0,    0,    0,    0,    0,    0,  -13,    0,    0,    0,    0,    0,    0,    0,    0,    0,    0,    0,    0,   -4,    0,    0,    0,    0,    0,    0,    0,    0,    0,    0,    0,    0,    0,    0,    0,    0,    0,    0,    0,   -5,    0,    0,
       0,    0,    0,    0,    8,    0,    8,    0,    0,    0,    0,    0,    0,    0,    0,    0,    0,    0,    0,    0,    0,    0,    0,    0,    0,    0,    0,    0,    0,    0,    0,    0,    0,    0,    0,    0,    0,    0,    0,    0,    0,    5,   -7,    0,    0,    0,   13,   -7,   12,   11,   16,    0,    0,   11,  -14,   13,    0,    0,    0,    0,    3,    0,    0,    0,    8,    0,    0,    4,   -3,   -4,    0,    3,    0,    0,    0,    0,    0,    0,    0,    0,    0,    0,    0,    0,    0,    0,    0,    8,    0,    0,
       0,    0,    0,    0,    0,    0,    0,    0,    0,    0,    0,    0,    0,    0,    0,    0,    0,    0,    0,    0,    0,    0,    0,    0,    0,    0,    0,    0,    0,    0,    0,    0,    0,    0,    0,    0,    0,    0,    0,    0,    0,    0,    0,    0,    0,    0,    0,    0,    0,    0,    0,    0,    0,    0,   -5,    0,    0,    0,    0,    0,    0,    0,    0,    0,  -13,    0,    0,    0,    0,    0,   -5,    0,    0,    0,    0,    0,    0,    0,    0,    0,    0,    0,    0,    0,    0,    0,    0,    0,    0,    0,
       0,    0,    0,    0,    0,    0,    0,    0,    0,    0,    0,    0,    0,    0,    0,    0,    0,    0,    0,    0,    0,    0,    0,    0,    0,    0,    0,    0,    0,    0,    0,    0,    0,    0,    0,    0,    0,    0,    0,    0,    0,    0,    0,    0,    0,    0,    0,    0,    0,    0,    0,    0,    0,    0,    0,    0,    0,    0,    0,    0,    0,    0,    0,    0,  -11,    0,    0,    0,    0,    0,    0,    0,    0,    0,    0,    0,    0,    0,    0,    0,    0,    0,    0,    0,    0,    0,    0,    0,    0,    0,
       0,    0,    0,    0,    0,    0,    0,    0,    0,    0,    0,    0,    0,    0,    0,    0,    0,    0,    0,    0,    0,    0,    0,    0,    0,    0,    0,    0,    0,    0,    0,    0,    0,    0,    0,    0,    0,    0,    0,    0,    0,    0,    0,    0,    0,    0,    0,    0,    0,    0,    0,    0,    0,    0,   -5,    0,    0,    0,    0,    0,    0,    0,    0,    0,    0,    0,    0,    0,    0,   -8,    0,    0,    0,    0,    0,    0,    0,    0,    0,    0,    0,    0,    0,   -8,    0,    0,    0,    0,    0,    0,
       0,    0,    0,    0,    0,    0,    0,    0,    0,    0,    0,    0,    0,    0,    0,    0,    0,    0,    0,    0,    0,    0,    0,    0,    0,    0,    0,    0,    0,    0,    0,    0,    0,    0,    0,    0,    0,    0,    0,    0,    0,    0,    0,    0,    0,    0,    0,    0,    0,  -16,    0,    0,    0,    0,    0,    0,    0,    0,    0,    0,    0,    0,    0,    0,  -19,    0,    0,    0,    0,    0,    0,    0,    0,    0,    0,    0,    0,    0,    0,    0,    0,    0,    0,    0,    0,    0,    0,    0,    0,    0,
       0,    0,    0,    0,    0,    0,    0,    0,    0,    0,    0,    0,    0,    0,    0,    0,    0,    0,    0,    0,    0,    0,    0,    0,    0,    0,    0,    0,    0,    0,    0,    0,    0,    0,    0,    0,    0,    0,    0,    0,    0,    0,    0,    0,    0,    0,    0,    0,    0,    0,    0,    0,    0,    0,    0,    0,    0,    0,    0,    0,    0,    0,    0,    0,  -19,    0,    0,    0,    0,    0,    0,    0,    0,    0,    0,    0,    0,    0,    0,    0,    0,    0,    0,    0,    0,    0,    0,    0,    0,    0,
       0,    0,    0,    0,  -24,    0,  -24,    0,    0,    0,    0,    0,    0,    0,    0,    0,    0,    0,    0,    0,    0,    0,    0,    0,    0,    0,    0,    0,    0,    0,    0,    0,    0,    0,    0,    0,    0,    0,    0,    0,    0,    0,    0,    0,    0,    0,    0,    0,    0,    0,    0,    0,    0,    0,    0,    0,    0,    0,    0,    0,    0,    0,    0,    0,    0,    0,    0,    0,    0,    0,    0,    0,    0,    0,    0,    0,    0,    0,    0,    0,    0,    0,    0,    0,    0,    0,    0,  -24,    0,    0,
       0,    0,    0,    0,  -19,    0,  -19,    0,    0,    0,    0,    0,    0,    0,    0,    0,    0,    0,    0,    0,    0,    0,    0,    0,    0,    0,    0,    0,    0,    0,    0,    0,    0,    0,    0,    0,    0,    0,    0,    0,    0,    0,    0,   -5,    0,    0,    0,    0,  -16,  -16,    0,    0,    0,    0,    0,    0,    0,    0,    0,    0,    0,    0,    0,    0,  -16,    0,    0,    0,    0,    0,    0,    0,    0,    0,    0,    0,   -5,    0,    0,    0,   -5,    0,    0,    0,    0,    0,    0,  -19,    0,    0,
       0,    0,    0,    8,  -19,    0,  -19,    0,    0,    0,    0,    0,    0,    0,    0,    0,    0,    0,    0,    0,    0,    0,    0,    0,    0,    0,    0,    0,    0,    0,    0,    0,    0,    0,    0,    0,    0,    0,    0,    0,    0,    0,    0,    0,    0,    0,    0,    0,  -16,  -11,    0,    0,    0,    0,    0,    0,    0,    0,    0,    0,    0,    0,    0,    0,  -16,    0,    0,    0,    0,    0,    0,    0,    0,    0,    0,    0,    0,    0,    0,    0,  -11,    0,    0,    0,    0,    0,    0,  -19,    0,    0,
       0,    0,    0,    0,    0,    0,    0,    0,    0,    0,    0,    0,    0,    0,    0,    0,    0,    0,    0,    0,    0,    0,    0,    0,    0,    0,    0,    0,    0,    0,    0,    0,    0,    0,    0,    0,    0,    0,    0,    0,    0,    0,    0,    0,    0,    0,    0,   -5,    0,  -13,    0,    0,    0,    0,    0,    0,    0,    0,    0,    0,    0,    0,    0,    0,  -11,    0,    0,    0,    0,    0,    0,    0,    0,    0,    0,    0,    0,    0,   -5,    0,    0,    0,    0,    0,    0,    0,    0,    0,    0,    0,
       0,    0,    0,   -5,    0,    0,    0,    0,    0,    0,    0,    0,    0,    0,    0,    0,    0,    0,    0,    0,    0,    0,    0,    0,    0,    0,    0,    0,    0,    0,    0,    0,    0,    0,    0,    0,    0,    0,    0,    0,    0,    0,    0,    0,    0,    0,    0,    0,    0,    0,    0,    0,    0,    0,    0,    0,    0,    0,    0,    0,    0,    0,    0,    0,    0,    0,    0,    0,    0,    0,    0,    0,    0,    0,    0,    0,    0,    0,    0,    0,    0,    0,    0,    0,    0,    0,   -5,    0,    0,    0,
       0,    0,    0,    0,    0,    0,    0,    0,    0,    0,    0,    0,    0,    0,    0,    0,    0,    0,    0,    0,    0,    0,    0,    0,    0,    0,    0,    0,    0,    0,    0,    0,    0,    0,    0,    0,    0,    0,    0,    0,    0,    0,    0,    0,    0,    0,    0,    0,    0,    0,    0,    0,    0,    0,    0,    0,    0,    0,    0,    0,    0,    0,    0,    0,    0,    0,    0,    0,    0,    0,    0,    0,    0,    0,    0,    0,    0,    0,    0,    0,   -5,    0,    0,    0,    0,    0,    0,    0,    0,    0,
       0,    0,    0,    0,    0,    0,    0,    0,    0,    0,    0,    0,    0,    0,    0,    0,    0,    0,    0,    0,    0,    0,    0,    0,    0,    0,    0,    0,    0,    0,    0,    0,    0,    0,    0,   -5,    0,    0,    0,    0,    0,    0,    0,    0,    0,    0,    0,    0,    0,    0,    0,    0,    0,    0,    0,    0,    0,    0,    0,    0,    0,    0,    0,    0,    0,    0,    0,    0,    0,    0,    0,    0,    0,    0,    0,    0,    0,    0,    0,    0,    0,    0,    0,    0,    0,    0,    0,    0,    0,    0,
       0,    0,    0,    0,    0,    0,    0,    0,    0,  -19,    0,    0,    0,    0,    0,    0,    0,    0,    0,    0,    0,    0,    0,    0,    0,    0,    3,    0,    0,    0,    0,    0,    0,    0,    0,    5,    0,    0,    0,  -37,    0,    0,    0,    0,    0,    0,   -8,    0,  -19,  -16,    0,    0,    0,    0,    0,    0,    0,    0,    0,    0,    0,    0,    5,    0,   -8,    0,   19,    0,   11,    0,    0,    8,    0,   13,   13,    8,    0,    0,    0,    0,  -11,    0,    0,    0,  -37,    0,    0,    0,    0,    0,
       0,    0,    0,    0,    0,    0,    0,    0,    0,  -24,    0,    0,    0,    0,    0,    0,    0,    0,    0,    0,    0,    0,   -3,    0,   -3,   -3,    0,    0,    0,  -13,    0,    0,    0,    0,    0,    0,    0,    0,    0,  -37,    0,    0,    0,    0,    0,    0,  -11,    5,  -19,  -16,    0,    0,    0,    0,    0,    0,   -3,    0,    0,   -3,    0,    0,   11,   11,   -5,   11,   13,    0,   16,   13,    0,   13,    0,   11,   11,    5,    0,    0,    0,    0,    0,    0,    0,    0,  -37,    0,    0,    0,    0,    0,
       0,    0,    0,    0,    0,    0,    0,    0,    0,    0,    0,    0,    0,    0,    0,    0,    0,    0,    0,    0,    0,    0,    0,    0,    0,    0,    0,    0,    0,    0,    0,    0,    0,    0,    0,    0,    0,    0,    0,    0,    0,    0,    0,    0,    0,    0,    0,    0,    0,    0,    0,    0,    0,    0,    0,    0,    0,    0,    0,    0,    0,    0,    0,    0,    0,    0,    0,    0,    0,    0,    0,    0,    0,    0,    0,    0,    0,    0,    0,    0,    0,    0,    0,    0,    0,    0,    0,    0,   17,    0,
       0,    0,    0,    0,    0,    0,    0,    0,    0,    0,    0,    0,    0,    0,    0,    0,    0,    0,    0,    0,    0,    0,    0,    0,    0,    0,    0,    0,    0,    0,    0,    0,    0,    0,    0,    0,    0,    0,    0,    0,    0,    0,    0,    0,    0,    0,    0,    0,    0,    0,    0,    0,    0,    0,    0,    0,    0,    0,    0,    0,    0,    0,    0,    0,    0,    0,    0,    0,    0,    0,    0,    0,    0,    0,    0,    0,    0,    0,    0,    0,    0,    0,    0,    0,    0,    0,    0,    0,    0,   19,
      -8,    0,    0,    0,    0,    0,    0,    0,    0,    0,    0,    0,    0,    0,    0,    0,    0,    0,    0,    0,    0,    0,    0,    0,    0,    0,    0,    0,    0,    0,    0,    0,    0,    0,    0,   -4,    0,    0,    0,    0,    0,    0,    0,    0,    0,    0,    0,    0,    0,    0,    0,    0,    0,    0,    0,    0,    0,    0,    0,    0,    0,    0,    0,    0,    0,    0,    0,    0,    0,    0,    0,    0,    0,    0,    0,    0,    0,    0,    0,    0,    0,    0,    0,    0,    0,    0,    0,    0,    0,    0,
       0,    0,    0,    0,    0,    0,    0,    0,    0,    0,    0,    0,    0,    0,    0,    0,    0,    0,    0,    0,    0,    0,    0,    0,    0,    0,    0,    0,    0,    0,    0,    0,    0,    0,    0,   -4,    0,    0,    0,    0,    0,    0,    0,    0,    0,    0,    0,    0,    0,    0,    0,    0,    0,    0,    0,    0,    0,    0,    0,    0,    0,    0,    0,    0,    0,    0,    0,    0,    0,    0,    0,    0,    0,    0,    0,    0,    0,    0,    0,    0,    0,    0,    0,    0,    0,    0,    0,    0,    0,    0,
};

static const EpdLigaturePair notoserif_8_italicLigaturePairs[] = {
    { 0x00660066, 0xFB00 }, // f f -> U+FB00
    { 0x00660069, 0xFB01 }, // f i -> U+FB01
    { 0x0066006C, 0xFB02 }, // f l -> U+FB02
    { 0xFB000069, 0xFB03 }, // U+FB00 i -> U+FB03
    { 0xFB00006C, 0xFB04 }, // U+FB00 l -> U+FB04
};

static const EpdFontData notoserif_8_italic = {
    notoserif_8_italicBitmaps,
    notoserif_8_italicGlyphs,
    notoserif_8_italicIntervals,
    18,
    23,
    18,
    -5,
    true,
    notoserif_8_italicGroups,
    13,
    nullptr,
    notoserif_8_italicKernLeftClasses,
    notoserif_8_italicKernRightClasses,
    notoserif_8_italicKernMatrix,
    551,
    557,
    103,
    90,
    notoserif_8_italicLigaturePairs,
    5,
};
