/**
 * generated by fontconvert.py
 * name: notoserif_14_bold
 * size: 14
 * mode: 2-bit  compressed: true
 * Command used: fontconvert.py notoserif_14_bold 14 ../builtinFonts/source/NotoSerif/NotoSerif-Bold.ttf --2bit --compress --pnum
 */
#pragma once
#include "EpdFontData.h"

static const uint8_t notoserif_14_boldBitmaps[22508] = {
    0x00, 0x01, 0x6C, 0x1F, 0x97, 0x2D, 0xEB, 0xD2, 0x2E, 0xDA, 0xA3, 0xB8, 0x1D, 0xB7, 0x6E, 0x60,
    0x00, 0x06, 0x91, 0xDB, 0xF6, 0xD2, 0xE3, 0x56, 0x0B, 0x48, 0xC9, 0x28, 0x80, 0x00, 0x30, 0x91,
    0x03, 0x42, 0xCD, 0x5A, 0x53, 0xB3, 0x2A, 0xE1, 0x0F, 0xCF, 0x47, 0x63, 0xBE, 0x6B, 0x12, 0xDE,
    0xC8, 0x66, 0x81, 0xC2, 0x58, 0x62, 0xFA, 0x5D, 0xB0, 0x0C, 0x78, 0xBF, 0x96, 0x8D, 0x19, 0x80,
    0xDC, 0x00, 0x81, 0xC2, 0x80, 0x7C, 0xCA, 0x4E, 0xD9, 0x90, 0x99, 0xFB, 0x84, 0x71, 0xEF, 0x29,
    0xB8, 0xF4, 0x5C, 0x32, 0xB4, 0xEC, 0x49, 0xB0, 0x45, 0x87, 0x4B, 0xE1, 0x7D, 0x15, 0xB9, 0x9A,
    0x8F, 0x34, 0x4F, 0xF0, 0xC7, 0xC7, 0x8C, 0x37, 0x40, 0x00, 0x9D, 0x54, 0xFD, 0x00, 0x52, 0x74,
    0xFA, 0x27, 0x8B, 0x07, 0x9F, 0x94, 0xAC, 0xB2, 0x48, 0x8F, 0x10, 0xC3, 0x34, 0xB8, 0xC1, 0x37,
    0x61, 0x5D, 0xE1, 0x13, 0x7D, 0x2C, 0xC7, 0x23, 0x15, 0x53, 0xD6, 0xD2, 0x63, 0x03, 0xD1, 0x29,
    0x3E, 0x1A, 0x8C, 0xFF, 0x9C, 0xA5, 0xE2, 0x20, 0x00, 0x92, 0xF0, 0x5C, 0xED, 0xFE, 0xD3, 0xAD,
    0x1D, 0xD6, 0x17, 0x54, 0xE2, 0x71, 0x14, 0x57, 0xDA, 0xBC, 0x07, 0xAE, 0x58, 0x35, 0xBA, 0x56,
    0x21, 0x61, 0xDF, 0x6C, 0xDD, 0xAB, 0x7F, 0x5D, 0xC7, 0xFC, 0x77, 0x98, 0x7E, 0x97, 0x23, 0x76,
    0x47, 0xA7, 0x4C, 0x1E, 0x14, 0x00, 0x05, 0xB9, 0xF2, 0x39, 0xA4, 0xE0, 0x00, 0x48, 0x6D, 0xE2,
    0x50, 0x09, 0xA3, 0x1B, 0xEC, 0x1D, 0xF0, 0xEB, 0xD1, 0xFE, 0xF5, 0xE7, 0xFF, 0xBC, 0x2D, 0xE8,
    0x00, 0x09, 0xD8, 0x97, 0xC9, 0x72, 0x2A, 0x66, 0x2F, 0x42, 0x7A, 0xE4, 0x61, 0x4F, 0xBC, 0x7F,
    0xC3, 0xF8, 0x1F, 0x14, 0x00, 0x71, 0xC9, 0x06, 0x61, 0xE6, 0x0E, 0xD2, 0xD1, 0xAF, 0x15, 0xF5,
    0xB3, 0xF3, 0xF0, 0x10, 0x6D, 0xA7, 0xC0, 0x5C, 0xF9, 0xE0, 0x9D, 0x69, 0x7F, 0x45, 0x13, 0x61,
    0x25, 0x87, 0x00, 0x33, 0xF0, 0xFC, 0xAD, 0xFF, 0x5A, 0x43, 0xFF, 0xFC, 0x49, 0x4A, 0x93, 0x51,
    0x00, 0x13, 0x67, 0xBB, 0xE7, 0x39, 0x26, 0xC7, 0xB9, 0x60, 0x00, 0x05, 0x78, 0x8E, 0xC3, 0x88,
    0x00, 0x13, 0x4A, 0x1C, 0x8B, 0x8A, 0x00, 0x6B, 0x5B, 0xFD, 0x90, 0xFA, 0xE8, 0xBF, 0x5F, 0x0A,
    0xCD, 0xDB, 0x1D, 0x1E, 0x20, 0x00, 0x76, 0x23, 0x6C, 0x30, 0x3E, 0x42, 0x79, 0x03, 0xA5, 0xE6,
    0x34, 0xD5, 0xE9, 0x09, 0x0E, 0xCA, 0x73, 0x41, 0xAC, 0x81, 0x9A, 0x12, 0x1F, 0x00, 0x2E, 0x3B,
    0x77, 0x80, 0xD1, 0x68, 0xB8, 0x44, 0x85, 0x9D, 0x69, 0x36, 0x5E, 0x3E, 0xF0, 0x08, 0x40, 0x00,
    0x72, 0x47, 0xB7, 0x7B, 0x43, 0x63, 0xCC, 0xC4, 0xDC, 0x93, 0x4F, 0x30, 0xE3, 0xFE, 0xED, 0xCF,
    0x3E, 0xE8, 0xDC, 0xDD, 0x44, 0x1A, 0x22, 0x41, 0xE0, 0x71, 0xEC, 0x60, 0x00, 0x72, 0x47, 0xB7,
    0x7B, 0x6F, 0x9E, 0xAD, 0xC9, 0x0A, 0x86, 0x57, 0x2E, 0x2C, 0xB4, 0x5F, 0xCE, 0x8C, 0xCB, 0x1E,
    0x59, 0x39, 0x4D, 0x0F, 0xF7, 0xB6, 0x73, 0x23, 0xA6, 0x41, 0x7F, 0x8F, 0xE0, 0x00, 0x41, 0xD2,
    0xBC, 0xF9, 0xC9, 0xDD, 0x5E, 0x68, 0x7E, 0x3F, 0x2C, 0xEC, 0x6C, 0xE4, 0x2B, 0x50, 0x39, 0xEC,
    0xB9, 0x0C, 0x05, 0x43, 0xA1, 0x8C, 0x61, 0x71, 0x4E, 0x5A, 0xD8, 0x00, 0x0A, 0x08, 0xE3, 0xE0,
    0xA1, 0x9B, 0xA1, 0x70, 0x5E, 0xEA, 0x67, 0x89, 0x64, 0x81, 0xC3, 0xEA, 0xA3, 0xC3, 0xB5, 0x6A,
    0xA5, 0xF4, 0x0B, 0x93, 0x5E, 0xB9, 0x94, 0x00, 0x7C, 0xAD, 0x8D, 0x1D, 0x51, 0x83, 0x24, 0x6C,
    0xF9, 0x81, 0xA2, 0x49, 0x8C, 0x26, 0xE1, 0xBC, 0x50, 0xF4, 0x15, 0x10, 0x08, 0xB6, 0x8A, 0x38,
    0x3B, 0x5B, 0xAD, 0x7A, 0x0C, 0x24, 0x04, 0x7E, 0x00, 0x00, 0x11, 0x08, 0x60, 0x6D, 0x6D, 0xE2,
    0x49, 0x29, 0x76, 0x98, 0x9B, 0xEC, 0xCB, 0xA4, 0x2B, 0x79, 0x45, 0x30, 0x87, 0x15, 0x00, 0xCC,
    0xEC, 0x6D, 0xDA, 0xA0, 0x40, 0x65, 0x5A, 0xB4, 0x9A, 0xF7, 0xD7, 0xE9, 0x5F, 0x57, 0xB2, 0xD5,
    0x5A, 0xFA, 0xF4, 0x1C, 0x41, 0x5B, 0x65, 0xF9, 0x12, 0xC4, 0x82, 0xBE, 0x86, 0x12, 0xD8, 0x00,
    0x72, 0x94, 0x33, 0xEA, 0xEA, 0xF3, 0xE3, 0x08, 0x9E, 0x4E, 0x18, 0xE9, 0xF6, 0x4C, 0x99, 0x39,
    0xD3, 0x68, 0xC7, 0x22, 0x73, 0x7D, 0x73, 0x0F, 0xD5, 0x5E, 0x77, 0x73, 0x0F, 0xA1, 0xDC, 0x00,
    0x07, 0x06, 0x23, 0x94, 0xE8, 0xF2, 0xC7, 0xFC, 0x50, 0x7E, 0xE0, 0x00, 0x0F, 0x4C, 0x4C, 0x01,
    0x7B, 0xEF, 0x41, 0x19, 0x18, 0x8E, 0xB5, 0x7B, 0x32, 0x60, 0x00, 0x9B, 0x72, 0x1B, 0x88, 0x34,
    0xAC, 0x7E, 0x05, 0x11, 0x6B, 0x3F, 0xFE, 0x62, 0x92, 0xFB, 0xC4, 0xDA, 0x3E, 0x85, 0xBE, 0xAB,
    0xA8, 0x00, 0x05, 0x06, 0xF7, 0x90, 0xDF, 0x0A, 0x0F, 0x49, 0xFA, 0x13, 0xD3, 0xF4, 0x80, 0x8D,
    0x1E, 0x00, 0xF8, 0x82, 0x6D, 0x97, 0xA3, 0xB1, 0xB2, 0xDD, 0x8B, 0xD7, 0x84, 0xEC, 0x14, 0xBB,
    0x2C, 0x78, 0xD0, 0x81, 0xFD, 0xF8, 0x00, 0x68, 0x08, 0xD8, 0xC0, 0x8A, 0x6A, 0xCD, 0xB3, 0x64,
    0x6A, 0x8E, 0x0B, 0x99, 0x64, 0x27, 0x2E, 0xD3, 0x51, 0xF9, 0x35, 0x82, 0xD2, 0x00, 0x42, 0x2E,
    0x01, 0x5C, 0xBB, 0x4C, 0x85, 0x4B, 0xD2, 0x45, 0x26, 0xE7, 0xB1, 0x07, 0x23, 0xD5, 0x47, 0x19,
    0x57, 0x27, 0xAA, 0x8F, 0x46, 0xE0, 0xAE, 0xA4, 0x2D, 0xD3, 0x41, 0xDD, 0xF8, 0x4F, 0x46, 0x67,
    0xF9, 0x80, 0x72, 0xCC, 0xD5, 0x80, 0xB3, 0x34, 0x34, 0xA7, 0xBF, 0xDF, 0xA6, 0x5D, 0x66, 0x41,
    0xC3, 0x44, 0xA1, 0x9D, 0x85, 0xE3, 0xE0, 0x78, 0x14, 0x00, 0x41, 0xB6, 0xCD, 0x31, 0x1D, 0xB9,
    0x43, 0xE1, 0x4B, 0x91, 0x3A, 0x16, 0x53, 0xBD, 0xF2, 0xC1, 0x06, 0x4C, 0xE0, 0x12, 0x21, 0x14,
    0x6F, 0x05, 0x38, 0xA6, 0x74, 0x1E, 0x2A, 0xEF, 0xA9, 0x46, 0xCD, 0x6B, 0x00, 0x9B, 0x73, 0x00,
    0x05, 0x3B, 0x6D, 0x8C, 0xD7, 0x5F, 0xDD, 0x4F, 0xA4, 0x35, 0xFC, 0x9E, 0xBF, 0x59, 0x23, 0x7B,
    0xE7, 0xF1, 0x9A, 0x9D, 0x41, 0x65, 0x47, 0x7B, 0x9B, 0x6E, 0x67, 0x76, 0xD2, 0xB8, 0xF5, 0x92,
    0x7D, 0xBF, 0xCD, 0x00, 0x89, 0x41, 0xF3, 0xED, 0x0F, 0xCA, 0xBF, 0x16, 0xB8, 0x03, 0x2B, 0x7D,
    0xD0, 0xC1, 0x6E, 0xB4, 0xC5, 0x71, 0x93, 0xF5, 0xC4, 0x9F, 0x69, 0x9B, 0x39, 0x3C, 0x9A, 0x2A,
    0x00, 0x05, 0x31, 0xF5, 0x6C, 0x90, 0xDC, 0xC6, 0xDB, 0xA4, 0xFE, 0x42, 0x96, 0x6A, 0x1F, 0x5D,
    0x78, 0xB7, 0xCB, 0x1C, 0x20, 0x97, 0x66, 0x9C, 0xE3, 0x0B, 0x9E, 0x0E, 0xA1, 0x2F, 0x87, 0x24,
    0x00, 0x07, 0x61, 0xFD, 0xE5, 0xA1, 0xCE, 0x84, 0x27, 0x97, 0x17, 0x26, 0x5E, 0xD0, 0x8C, 0x16,
    0x43, 0x39, 0x6A, 0xE2, 0x89, 0x70, 0x00, 0x05, 0x0B, 0xF0, 0x33, 0x1E, 0x3B, 0xEE, 0x82, 0xB3,
    0x6A, 0x81, 0xDC, 0x86, 0x7C, 0xE3, 0x31, 0xB5, 0x90, 0x0C, 0x39, 0x62, 0x62, 0x80, 0x00, 0x94,
    0xFE, 0xAE, 0x40, 0x9E, 0x16, 0xC9, 0x9E, 0xD3, 0x15, 0xCF, 0x10, 0xAA, 0x17, 0x6A, 0xDC, 0x30,
    0xB4, 0x19, 0xD1, 0x75, 0x75, 0x06, 0xD0, 0x03, 0x6C, 0x35, 0x75, 0x24, 0xFC, 0x35, 0xC1, 0xC0,
    0x00, 0x05, 0x88, 0x12, 0xBE, 0xDF, 0xBC, 0x71, 0x91, 0x3C, 0xD9, 0xC9, 0x5E, 0x7C, 0xA1, 0x47,
    0xE3, 0xF5, 0x4C, 0x0B, 0x5F, 0x60, 0x87, 0xB5, 0xCB, 0x40, 0x04, 0xFB, 0x55, 0x0F, 0x0C, 0xD1,
    0xFB, 0x68, 0x43, 0x65, 0xC8, 0x18, 0x00, 0x05, 0x2D, 0x47, 0xC3, 0x4D, 0x49, 0xCC, 0xC4, 0x29,
    0x21, 0x27, 0x67, 0x6C, 0x63, 0x7D, 0xE0, 0x00, 0x0A, 0x0C, 0x2F, 0xDD, 0xB9, 0x6A, 0x1E, 0xE6,
    0x04, 0x7C, 0x83, 0x8F, 0xA7, 0x3F, 0x78, 0x8D, 0xA3, 0x48, 0x00, 0x05, 0x86, 0xCF, 0xC6, 0x3A,
    0x8A, 0x81, 0x8A, 0xFC, 0xAB, 0x95, 0x9D, 0xE3, 0xA7, 0x41, 0xD9, 0x36, 0x6B, 0x5B, 0xD6, 0xD1,
    0x02, 0xB1, 0x68, 0x4E, 0xD4, 0xFB, 0xF2, 0xAC, 0xED, 0x39, 0x08, 0x27, 0xEE, 0xAA, 0x44, 0x22,
    0xD2, 0x87, 0x27, 0x00, 0x7B, 0x73, 0x95, 0x19, 0xFB, 0x72, 0x76, 0x4B, 0xC2, 0x2C, 0x80, 0x00,
    0x05, 0xD6, 0xFE, 0x60, 0x12, 0x79, 0x74, 0x63, 0xEE, 0x92, 0x44, 0x31, 0x9B, 0x95, 0xEF, 0xF5,
    0x68, 0xFF, 0x57, 0x4D, 0x79, 0xCA, 0x71, 0x2C, 0x68, 0xF8, 0x4C, 0x86, 0x09, 0xFE, 0x87, 0x9A,
    0xCE, 0xA2, 0xA2, 0x85, 0x76, 0x7E, 0xE6, 0x00, 0x25, 0x0A, 0xCD, 0x81, 0x5B, 0x28, 0xFA, 0x01,
    0x1A, 0x6F, 0xA5, 0x55, 0xEF, 0x80, 0x00, 0x06, 0x54, 0x4E, 0x94, 0x35, 0x95, 0xF5, 0xA0, 0x8D,
    0xFB, 0xCA, 0x43, 0x3F, 0xF1, 0xAE, 0xFD, 0x02, 0x21, 0x24, 0xB9, 0x70, 0x99, 0x75, 0x17, 0x55,
    0xDD, 0x21, 0xB6, 0x5F, 0xF5, 0x3B, 0xA9, 0x35, 0xB7, 0x82, 0xBA, 0xA0, 0x08, 0x00, 0x8F, 0xB8,
    0xFC, 0x9B, 0x01, 0xAA, 0xAD, 0x6D, 0x5D, 0x4F, 0x46, 0x9C, 0x10, 0x03, 0x5D, 0xF7, 0x9B, 0x47,
    0x38, 0xDC, 0x9A, 0x7D, 0x32, 0x3B, 0x67, 0xC5, 0x89, 0x9E, 0xD0, 0x38, 0x87, 0x27, 0x00, 0x6C,
    0xA3, 0xE8, 0x95, 0x75, 0x13, 0x7F, 0x61, 0x1B, 0x30, 0xDC, 0xAE, 0xF2, 0x29, 0x56, 0xE6, 0xC0,
    0x66, 0x69, 0x87, 0x31, 0x00, 0x92, 0xDC, 0x00, 0x68, 0x19, 0xB6, 0x03, 0x88, 0x33, 0xA5, 0xE9,
    0x1C, 0xC3, 0xA7, 0x07, 0x38, 0x87, 0x26, 0x00, 0x52, 0xC1, 0xDC, 0x88, 0x98, 0x01, 0xD4, 0x70,
    0xC8, 0xB9, 0x48, 0x88, 0xDD, 0xF0, 0xD1, 0x42, 0x67, 0x94, 0x4D, 0x02, 0x06, 0x07, 0xDD, 0xA2,
    0x02, 0x92, 0x94, 0x4A, 0xC9, 0x00, 0x0A, 0x00, 0x7E, 0x19, 0x56, 0xBD, 0xA6, 0xB2, 0x6D, 0xAA,
    0x63, 0x34, 0xD8, 0x9F, 0x7C, 0xFC, 0x61, 0xBA, 0x15, 0xA0, 0x27, 0xDE, 0xFC, 0x81, 0x24, 0xC3,
    0x35, 0xCB, 0xDE, 0x81, 0xBD, 0xCE, 0x93, 0xE4, 0x3B, 0x5B, 0x53, 0x67, 0x00, 0x00, 0x00, 0xF8,
    0xBC, 0x36, 0x11, 0x0F, 0x17, 0xDB, 0x0F, 0x1F, 0xA5, 0x2F, 0xF9, 0xE5, 0x11, 0xE3, 0xCB, 0xC0,
    0xDA, 0x00, 0x00, 0x72, 0x1F, 0x37, 0x54, 0x5D, 0x16, 0x83, 0x3A, 0xAC, 0x28, 0x90, 0x9B, 0x6A,
    0xD7, 0x9E, 0x6D, 0x7A, 0xF2, 0x40, 0xCB, 0x8E, 0x29, 0x7F, 0x06, 0xC0, 0x00, 0x00, 0x98, 0x18,
    0xFE, 0x16, 0xB6, 0xCF, 0xE4, 0x3B, 0x02, 0x84, 0x3D, 0xD5, 0x41, 0x5D, 0x4E, 0x9D, 0x30, 0x83,
    0x74, 0x56, 0x6F, 0xA2, 0x2B, 0x41, 0xF4, 0xA8, 0xA1, 0xBE, 0x00, 0x00, 0xC1, 0x95, 0x3B, 0xBF,
    0xCA, 0x32, 0x11, 0x25, 0xDD, 0x04, 0xF6, 0x14, 0x65, 0xC8, 0x38, 0x15, 0xF6, 0x44, 0xB5, 0x30,
    0xDE, 0xFC, 0x84, 0xDD, 0xFA, 0xDA, 0x5D, 0x6C, 0xAC, 0x5E, 0xB2, 0xAB, 0x12, 0x2F, 0x06, 0x30,
    0x3D, 0x2E, 0xA2, 0x61, 0xF5, 0x8F, 0x90, 0x1E, 0x7C, 0xC4, 0xB5, 0x2D, 0x80, 0x00, 0x05, 0x88,
    0x1A, 0xA0, 0x40, 0x9A, 0x85, 0x6A, 0xAF, 0x0E, 0x1A, 0x37, 0xCB, 0xE8, 0x81, 0x91, 0x8B, 0x5E,
    0x07, 0x37, 0x1B, 0x91, 0x2D, 0xCB, 0x80, 0x72, 0xEA, 0xD2, 0xC7, 0x1F, 0xA3, 0x98, 0x42, 0x36,
    0x55, 0x60, 0x00, 0x00, 0x96, 0xB1, 0x87, 0xA5, 0x32, 0x38, 0x4F, 0x65, 0xF5, 0x65, 0xD3, 0xCD,
    0x1D, 0xA1, 0xAB, 0x35, 0xA9, 0x9E, 0x7A, 0x76, 0xA4, 0x26, 0xCC, 0xF0, 0x9F, 0xBE, 0x19, 0x64,
    0x00, 0x05, 0x0B, 0x9E, 0x8B, 0xD3, 0x16, 0x00, 0x95, 0x8C, 0x9D, 0xEC, 0x70, 0x6E, 0xD6, 0xC0,
    0x3A, 0x94, 0xA7, 0xCB, 0xD0, 0xA0, 0x58, 0xED, 0x29, 0x80, 0x00, 0x4E, 0x47, 0xA5, 0xD7, 0x2D,
    0x00, 0x1A, 0x80, 0x30, 0x85, 0x46, 0x24, 0x27, 0x9A, 0x00, 0x44, 0x29, 0xAF, 0x00, 0xB2, 0xE2,
    0x3C, 0x27, 0xB1, 0x1F, 0x5D, 0x77, 0xCA, 0x2D, 0xF3, 0x9A, 0x0A, 0x00, 0x41, 0x43, 0xB3, 0xC2,
    0xA8, 0x68, 0x8C, 0x51, 0x2F, 0x88, 0x20, 0x0D, 0x7A, 0x2D, 0x0F, 0x50, 0x00, 0x33, 0xD9, 0x16,
    0x53, 0xF1, 0x5D, 0x3C, 0xB3, 0x0C, 0x15, 0xE6, 0x7F, 0xAC, 0x3A, 0x00, 0xE3, 0x00, 0x05, 0x0F,
    0x40, 0x32, 0x38, 0x00, 0x01, 0xEA, 0x1B, 0x85, 0x08, 0x58, 0x40, 0x00, 0x74, 0x40, 0xF4, 0xF5,
    0xE0, 0x91, 0x53, 0xC9, 0x57, 0x7C, 0x5B, 0x35, 0xC2, 0x74, 0x35, 0x49, 0x8C, 0xD0, 0xDA, 0x71,
    0x65, 0xE0, 0x3C, 0x59, 0x9E, 0xA0, 0x00, 0x76, 0x51, 0xA3, 0x33, 0x6E, 0xBF, 0x54, 0x4F, 0xA2,
    0x02, 0xFC, 0x1C, 0x20, 0x65, 0x11, 0xD9, 0x92, 0xDB, 0x51, 0xCA, 0xFE, 0xFD, 0x85, 0x9C, 0x22,
    0x56, 0x01, 0xB9, 0x2F, 0xFC, 0x00, 0x6E, 0x10, 0x1C, 0x98, 0x65, 0x77, 0x63, 0x8E, 0xB1, 0x95,
    0x7B, 0x64, 0x35, 0xC1, 0x91, 0xB0, 0x46, 0x60, 0xFE, 0xC5, 0xC0, 0x00, 0x95, 0x5C, 0x7C, 0x7D,
    0x9F, 0x99, 0x61, 0x60, 0x03, 0x77, 0x6A, 0x57, 0xFA, 0xAC, 0xBC, 0x9B, 0x2C, 0x30, 0xEB, 0xCD,
    0xCF, 0xE5, 0x4B, 0x39, 0xF6, 0xB3, 0xED, 0xDC, 0xE2, 0xED, 0x68, 0x00, 0x76, 0x20, 0x25, 0x45,
    0x1A, 0x98, 0x9E, 0x0D, 0x8D, 0x4C, 0xA6, 0xC3, 0x85, 0xE3, 0x7B, 0xD3, 0xF6, 0x42, 0xBD, 0x33,
    0x6F, 0x88, 0x9A, 0x52, 0x00, 0x36, 0xF7, 0xD3, 0x15, 0xD0, 0xDE, 0xFF, 0x44, 0x6E, 0x48, 0x92,
    0x9D, 0x1B, 0xA6, 0x25, 0x63, 0x74, 0x7A, 0x1F, 0x57, 0x5B, 0xC7, 0xC6, 0xD5, 0x6C, 0x00, 0x5F,
    0x43, 0x04, 0x84, 0xA6, 0x64, 0x90, 0x04, 0x6A, 0xE0, 0xC6, 0x95, 0xF2, 0x2C, 0xAD, 0x43, 0x4B,
    0x0D, 0x59, 0xFA, 0x72, 0x7C, 0x31, 0xA4, 0x5C, 0xAE, 0x99, 0x6F, 0xF1, 0xA2, 0x77, 0x03, 0x87,
    0x78, 0xED, 0x89, 0x17, 0x16, 0x23, 0x62, 0x43, 0x6E, 0x4A, 0xF4, 0x00, 0x7D, 0x30, 0x01, 0x4F,
    0x39, 0x5E, 0xA5, 0x19, 0x56, 0xD4, 0xE2, 0x60, 0x7B, 0xA2, 0xCA, 0x4E, 0xB4, 0x1C, 0x21, 0x70,
    0xEA, 0xB3, 0xA0, 0xCB, 0xAB, 0x70, 0x00, 0x23, 0xC7, 0xF3, 0x19, 0x2D, 0x28, 0x8B, 0x47, 0xA2,
    0x01, 0x29, 0x1E, 0x78, 0x9B, 0x9D, 0x10, 0x00, 0x2D, 0x57, 0xA7, 0xDF, 0x78, 0xC1, 0x9B, 0xBF,
    0x49, 0xD9, 0x2E, 0xB4, 0x15, 0x63, 0x75, 0x18, 0x80, 0x40, 0x00, 0x7D, 0x30, 0x01, 0x4F, 0x3F,
    0x6B, 0x95, 0x5A, 0x18, 0x31, 0xCF, 0xB9, 0xB9, 0xC7, 0x5C, 0x3B, 0x16, 0x37, 0x13, 0x82, 0x02,
    0x6C, 0x63, 0xD7, 0x61, 0xA0, 0x2C, 0x1B, 0x37, 0x7E, 0xCA, 0x00, 0xBB, 0x70, 0x87, 0x4B, 0x00,
    0xBC, 0x59, 0xD2, 0xC8, 0x49, 0xDE, 0xB0, 0x15, 0x00, 0xA1, 0xDC, 0x64, 0xE6, 0x04, 0x7C, 0x89,
    0x6E, 0x7B, 0x8B, 0xDC, 0x8A, 0xDA, 0x57, 0x3C, 0xE2, 0xB7, 0x44, 0xA5, 0xA0, 0x99, 0x6F, 0xBA,
    0xF4, 0x9C, 0x61, 0x2F, 0x3F, 0xD3, 0x7D, 0x8A, 0x00, 0x9C, 0x1A, 0x8D, 0x4A, 0x00, 0xFB, 0x5E,
    0x08, 0xE5, 0xBD, 0x18, 0x3E, 0xCC, 0xA1, 0xEF, 0x00, 0x77, 0x83, 0x57, 0x48, 0x4E, 0x72, 0x89,
    0x52, 0xD1, 0x13, 0x53, 0x0A, 0xC1, 0x24, 0x8F, 0x05, 0x18, 0x1F, 0x10, 0xBB, 0x31, 0xF0, 0x8E,
    0x44, 0x00, 0x09, 0x0D, 0xDE, 0x67, 0x6F, 0x44, 0x78, 0x4D, 0xA8, 0x32, 0x61, 0x7C, 0xD1, 0x81,
    0x8C, 0xA9, 0x1C, 0x4B, 0x21, 0x40, 0xB9, 0xE3, 0x9C, 0x08, 0x61, 0xB2, 0x40, 0x8E, 0x46, 0x00,
    0x44, 0xB2, 0x83, 0xF9, 0x0B, 0xBA, 0x51, 0x4D, 0x87, 0xC5, 0xDA, 0xC7, 0x29, 0x5B, 0xD1, 0x21,
    0x04, 0x1B, 0x40, 0xCD, 0x00, 0x06, 0x5A, 0xC4, 0x7D, 0xC2, 0xBF, 0x2A, 0xB1, 0xFE, 0xEC, 0x07,
    0x2A, 0xB0, 0xA0, 0x2F, 0x26, 0x35, 0xB0, 0x00, 0x15, 0x0D, 0x56, 0xB7, 0x19, 0x85, 0xB8, 0x46,
    0xA5, 0x18, 0x39, 0x6D, 0x62, 0x66, 0x59, 0xAA, 0x07, 0x17, 0xDD, 0x85, 0x5B, 0x15, 0x8F, 0xA8,
    0xE2, 0xDC, 0x00, 0x2F, 0x56, 0xDA, 0xF9, 0xDD, 0x46, 0x92, 0x93, 0x26, 0x0D, 0x27, 0xFE, 0x6A,
    0x0E, 0xED, 0x44, 0x88, 0x50, 0x00, 0x77, 0xF0, 0xD6, 0x05, 0x48, 0x4D, 0x03, 0x69, 0x55, 0x8B,
    0x08, 0xE5, 0x5E, 0x90, 0x15, 0xD6, 0x7B, 0xD1, 0xE2, 0xA0, 0xF4, 0xB0, 0x00, 0x00, 0xB5, 0x66,
    0x76, 0x4E, 0xD5, 0x09, 0x50, 0x37, 0xF4, 0x2D, 0x37, 0x46, 0x24, 0xBC, 0x51, 0x2B, 0x40, 0xEF,
    0xC5, 0xD2, 0x1F, 0x8F, 0xD8, 0x00, 0x05, 0xCB, 0x70, 0xC6, 0x08, 0xCF, 0x92, 0x73, 0xD6, 0xED,
    0xD5, 0xAC, 0xFE, 0x54, 0x78, 0xE2, 0xEE, 0xD7, 0x65, 0x39, 0xED, 0x1B, 0xB7, 0x22, 0x3F, 0xAA,
    0x93, 0x04, 0xEE, 0xDE, 0x9F, 0x44, 0x1F, 0xEC, 0x4A, 0x89, 0xC0, 0x8B, 0xB0, 0x00, 0x05, 0xA1,
    0xDC, 0x05, 0xA8, 0x5E, 0x17, 0x49, 0x5C, 0x2F, 0x8E, 0xB0, 0xD0, 0xF4, 0xDD, 0x41, 0x5C, 0x51,
    0xCA, 0x19, 0xDE, 0xEE, 0x8A, 0xAF, 0x03, 0x04, 0x36, 0xB1, 0x55, 0x42, 0x98, 0x00, 0x00, 0xB3,
    0xA7, 0x2E, 0x3E, 0xDA, 0xDE, 0x42, 0x8F, 0xB0, 0xF6, 0x91, 0x27, 0xBE, 0xE3, 0x8B, 0x40, 0x0F,
    0x0B, 0x55, 0xF3, 0xD8, 0x42, 0x5C, 0x26, 0xD8, 0x65, 0x2B, 0x6F, 0xC8, 0x00, 0x0A, 0x03, 0x45,
    0xAF, 0xFD, 0x86, 0xB6, 0x6E, 0x89, 0x63, 0xB1, 0x34, 0xFA, 0xE3, 0x52, 0xDA, 0x5D, 0x7C, 0x6C,
    0x4C, 0x23, 0x60, 0x00, 0x75, 0xA0, 0x52, 0x66, 0x9D, 0xB9, 0xCD, 0x53, 0x7A, 0x53, 0xCA, 0xE4,
    0xC7, 0x1D, 0xB8, 0xC6, 0xDA, 0xBA, 0x27, 0xFA, 0x3B, 0x07, 0x80, 0x00, 0x1D, 0x6D, 0x1E, 0x06,
    0x08, 0x11, 0xC6, 0x88, 0x00, 0x5D, 0x72, 0x62, 0x81, 0x69, 0xE9, 0xBE, 0x90, 0xFA, 0x1D, 0x9D,
    0x21, 0x27, 0x77, 0xC4, 0xB7, 0x62, 0xA5, 0xBE, 0x7E, 0x9F, 0x00, 0x70, 0x2B, 0x88, 0xF0, 0x54,
    0x9F, 0x6F, 0x18, 0x42, 0xD6, 0x88, 0x46, 0x80, 0x00, 0x07, 0xD5, 0x16, 0x7A, 0x34, 0x8E, 0xE8,
    0xAB, 0x92, 0x6C, 0x09, 0xEA, 0x6E, 0x5C, 0xA0, 0x00, 0x3E, 0x53, 0x67, 0x25, 0x08, 0x0D, 0xB8,
    0x33, 0x7E, 0x87, 0x3E, 0x6A, 0xBE, 0x3A, 0xD2, 0xDB, 0x8B, 0x25, 0xE5, 0x77, 0x11, 0x28, 0x17,
    0x68, 0xF5, 0x55, 0xEF, 0x20, 0xEF, 0x98, 0x9A, 0xC0, 0x00, 0x7E, 0x21, 0xF3, 0x6D, 0x2F, 0x4F,
    0xD4, 0xB5, 0x89, 0xC6, 0xF8, 0x1D, 0x11, 0x88, 0x39, 0x7D, 0x8E, 0x16, 0x1E, 0x73, 0xB1, 0xA6,
    0x81, 0x8E, 0x77, 0x28, 0x03, 0x65, 0xD5, 0x80, 0x34, 0xA0, 0xAA, 0x00, 0x09, 0xBC, 0x65, 0x1D,
    0x0B, 0x48, 0x09, 0x63, 0xFE, 0x93, 0x56, 0xB8, 0x24, 0x9C, 0xAC, 0x9A, 0x2A, 0xBA, 0x68, 0x94,
    0x9B, 0x7A, 0xEE, 0xE1, 0xEC, 0x90, 0x88, 0x5B, 0x00, 0x3B, 0xA2, 0x79, 0x85, 0x5F, 0xAA, 0x24,
    0xB3, 0x67, 0x12, 0xB0, 0xF9, 0xFB, 0x0D, 0xA4, 0x26, 0x80, 0x08, 0x8A, 0x85, 0x1D, 0xEA, 0xF5,
    0x7D, 0x2B, 0xBE, 0x7B, 0xE9, 0xF9, 0xBD, 0xE1, 0xA1, 0x80, 0x87, 0x5E, 0x00, 0x7E, 0x84, 0xAB,
    0x5B, 0x83, 0xF9, 0x3C, 0x00, 0x6E, 0x85, 0x11, 0x38, 0xDF, 0x84, 0x89, 0xBA, 0x72, 0x94, 0x40,
    0x13, 0xA0, 0x8F, 0x17, 0xC6, 0xE3, 0x0E, 0xF9, 0x6C, 0x93, 0xC8, 0x14, 0x13, 0xD8, 0xF2, 0x9C,
    0xC8, 0x2B, 0x7E, 0x1F, 0x5B, 0xA6, 0xBE, 0xD9, 0xD6, 0xD8, 0xB4, 0x8B, 0x46, 0x53, 0xF2, 0x80,
    0x00, 0x07, 0xD8, 0xE0, 0xBD, 0xF9, 0x6C, 0x45, 0x00, 0x9F, 0xB5, 0x51, 0x19, 0x5C, 0xD1, 0xE0,
    0xDD, 0xAD, 0x5D, 0x5E, 0xED, 0x1F, 0x84, 0x0A, 0x7B, 0x13, 0xEB, 0x8F, 0xAA, 0x8A, 0xF2, 0x95,
    0x23, 0x5E, 0xE1, 0x3A, 0xF7, 0xF3, 0xFC, 0xB6, 0x1B, 0x10, 0xE1, 0x36, 0x48, 0xF3, 0x42, 0x9F,
    0xED, 0xF6, 0x63, 0xF3, 0x6C, 0x20, 0x49, 0x2F, 0x48, 0x91, 0x26, 0xAA, 0x00, 0x0A, 0xC7, 0xAD,
    0xE0, 0x64, 0x38, 0x95, 0x38, 0x76, 0x0A, 0x7C, 0x58, 0xA9, 0x5A, 0x50, 0x30, 0x3D, 0x3C, 0xA0,
    0x00, 0x27, 0xEC, 0x70, 0x71, 0x37, 0x87, 0xE8, 0x4B, 0xC8, 0xA0, 0xA6, 0x39, 0x7E, 0x8F, 0x46,
    0xFF, 0xAF, 0x2C, 0x00, 0x05, 0x0B, 0xD3, 0x00, 0xF7, 0x91, 0xC0, 0x20, 0x87, 0x0F, 0x00, 0x60,
    0x87, 0x6A, 0x00, 0xA1, 0xDB, 0xD4, 0xEF, 0x69, 0x53, 0x37, 0x7A, 0xBA, 0xD3, 0xCA, 0x9C, 0x20,
    0x4A, 0x0B, 0xB7, 0xD2, 0x27, 0x10, 0x2A, 0x61, 0xAC, 0x94, 0x68, 0x9D, 0x57, 0x30, 0x6D, 0xB2,
    0xCC, 0x4A, 0x06, 0x3A, 0x1F, 0x8C, 0x0E, 0x6F, 0xB8, 0x9D, 0xDE, 0xD2, 0xF4, 0x18, 0x75, 0x7A,
    0x80, 0x87, 0x19, 0x00, 0xB2, 0xE0, 0x00, 0x52, 0x07, 0x4B, 0x42, 0x18, 0x2A, 0xE5, 0xF4, 0xB9,
    0x24, 0x62, 0x86, 0x20, 0x87, 0x0D, 0x00, 0x7E, 0x3E, 0x2B, 0x4D, 0xC6, 0x8B, 0xBE, 0xC0, 0x00,
    0x4E, 0x64, 0xF7, 0x2A, 0x54, 0x95, 0x4C, 0x01, 0x23, 0x91, 0x74, 0x81, 0xEB, 0xA6, 0xB5, 0xC4,
    0x15, 0x67, 0x09, 0xA4, 0x03, 0x00, 0x5A, 0x93, 0xFC, 0x94, 0x78, 0x49, 0x19, 0x79, 0xEA, 0xAC,
    0xDE, 0x7D, 0x34, 0xE7, 0xEC, 0x0F, 0x94, 0xD7, 0xF9, 0xDE, 0x00, 0x19, 0x7B, 0xAC, 0xAA, 0xE8,
    0x00, 0x07, 0xC4, 0x8A, 0x64, 0xF3, 0xA2, 0x20, 0xBA, 0x9C, 0xAF, 0xA0, 0x03, 0x8B, 0xB9, 0x9F,
    0xBF, 0x2D, 0x7C, 0x76, 0x25, 0xB9, 0xC3, 0x12, 0xBC, 0x0B, 0xD1, 0x7C, 0x8E, 0x98, 0x00, 0x74,
    0x0E, 0xF3, 0x5B, 0x2B, 0x13, 0xF2, 0x58, 0x01, 0xA6, 0x7A, 0xA1, 0x31, 0x42, 0x5C, 0xCA, 0x59,
    0xDD, 0xC5, 0x2A, 0xAB, 0xEE, 0xE8, 0xAF, 0xA0, 0x21, 0x57, 0x4D, 0x00, 0x0F, 0x3C, 0x25, 0xCE,
    0x50, 0x00, 0x21, 0xA9, 0x1A, 0x80, 0x15, 0xFB, 0xA3, 0x76, 0x00, 0x14, 0x28, 0x83, 0xCA, 0x92,
    0xDC, 0x0F, 0x0C, 0x93, 0x1A, 0xF4, 0x28, 0xB9, 0x72, 0x20, 0x00, 0x0A, 0x96, 0x55, 0x34, 0xE1,
    0x8A, 0x5E, 0xF8, 0xFB, 0x80, 0x57, 0x49, 0x19, 0xCC, 0x00, 0x09, 0x46, 0x5B, 0x8A, 0x56, 0xED,
    0xFB, 0x4B, 0x0A, 0x4B, 0xBC, 0x3D, 0x87, 0xF5, 0x30, 0x1F, 0x55, 0xD2, 0x30, 0x00, 0x11, 0x42,
    0xB1, 0x60, 0x0A, 0x9F, 0xDB, 0x35, 0xC8, 0x8E, 0xF0, 0xCB, 0x64, 0x8B, 0x34, 0xA6, 0xD8, 0xB6,
    0x77, 0x1C, 0x91, 0x61, 0xB4, 0xD5, 0xFB, 0xCF, 0xE5, 0xC0, 0x35, 0x05, 0x99, 0xAA, 0xF5, 0x52,
    0x64, 0xDA, 0x22, 0x8D, 0xE2, 0x4D, 0x7A, 0x04, 0xF9, 0x4F, 0x6D, 0x2D, 0xAF, 0xF7, 0x00, 0x11,
    0x44, 0xA5, 0x3D, 0xDB, 0xD6, 0x94, 0x4D, 0xD9, 0x5C, 0xC6, 0xA8, 0x5C, 0x5B, 0x10, 0xC0, 0x24,
    0xA1, 0xAF, 0x47, 0xC9, 0x53, 0x43, 0xEB, 0x8D, 0x91, 0x5D, 0xA8, 0xF9, 0x7F, 0x30, 0x96, 0xBA,
    0xDE, 0x96, 0x5A, 0x76, 0xE9, 0xE3, 0x67, 0xDC, 0xA5, 0x96, 0xBC, 0xD8, 0x7C, 0x49, 0xB8, 0xBD,
    0x86, 0x7D, 0x00, 0x8E, 0x80, 0xFC, 0xD8, 0xC6, 0xB7, 0xC5, 0x3F, 0xF3, 0xBC, 0x8B, 0x05, 0x6F,
    0x11, 0x62, 0x82, 0xD8, 0x29, 0x13, 0x17, 0xF8, 0x93, 0x13, 0xEA, 0x80, 0x51, 0x32, 0x48, 0xDC,
    0x57, 0x90, 0x6B, 0x7C, 0xAF, 0x00, 0xF9, 0x06, 0x73, 0xC2, 0x5D, 0x29, 0x4B, 0x26, 0xF0, 0x7B,
    0x6D, 0xBB, 0x77, 0x02, 0x66, 0xBC, 0x80, 0x00, 0x2F, 0x9F, 0xA4, 0xF4, 0x66, 0x45, 0xE8, 0x30,
    0x15, 0x0C, 0xB4, 0x28, 0x0A, 0xFA, 0xF5, 0xDD, 0x07, 0x88, 0x5F, 0xA3, 0xA7, 0x3D, 0x3E, 0x5B,
    0x96, 0x7C, 0x8C, 0x80, 0x23, 0x00, 0x22, 0x8B, 0x0E, 0x97, 0x7C, 0x7F, 0x2A, 0x73, 0x7E, 0xF3,
    0x9F, 0x46, 0x80, 0x80, 0x23, 0x00, 0x5C, 0xFE, 0x0E, 0x99, 0xD5, 0x0B, 0x5F, 0xE9, 0x8D, 0xA8,
    0x21, 0x30, 0x80, 0x23, 0x00, 0x41, 0xB2, 0x5D, 0x39, 0x1F, 0x31, 0x54, 0xB2, 0xB3, 0xE3, 0x75,
    0xD7, 0x6C, 0x87, 0x81, 0x00, 0xF2, 0x85, 0x91, 0x0A, 0xD2, 0x81, 0xBE, 0x7C, 0x72, 0x1C, 0x8C,
    0x6B, 0xA7, 0x91, 0x22, 0x9B, 0xA0, 0x80, 0x81, 0x23, 0x00, 0x21, 0x80, 0x84, 0x7A, 0x88, 0x80,
    0x0B, 0xC0, 0xF6, 0x38, 0xB7, 0x9A, 0x68, 0x48, 0x89, 0xA0, 0x82, 0x23, 0x00, 0x41, 0xBC, 0x25,
    0xE2, 0x04, 0x44, 0x47, 0x9D, 0xE9, 0x13, 0x8F, 0xFE, 0x5D, 0xC6, 0xB7, 0x85, 0xC0, 0x00, 0x30,
    0x5E, 0xFC, 0x12, 0xC9, 0xB2, 0xD9, 0xA7, 0xE6, 0xD1, 0x1E, 0xAB, 0x0D, 0x7A, 0x02, 0x7C, 0x97,
    0x5F, 0x1D, 0x1F, 0x34, 0xCE, 0x04, 0xB5, 0x5D, 0x66, 0xF7, 0xC7, 0x34, 0xDF, 0x29, 0xE8, 0xC0,
    0xC1, 0x04, 0x79, 0x21, 0x08, 0xAE, 0xBF, 0x8C, 0xAC, 0xAB, 0xC0, 0x87, 0x25, 0x00, 0x88, 0x8E,
    0x59, 0x6E, 0x36, 0x78, 0xCC, 0x86, 0xB6, 0x4F, 0x1F, 0x37, 0x8B, 0x4E, 0x9C, 0xEF, 0x80, 0x27,
    0x00, 0x1E, 0x13, 0xBE, 0xE7, 0xC2, 0x43, 0xA8, 0x81, 0x3A, 0x59, 0x80, 0x80, 0x27, 0x00, 0x4F,
    0xE3, 0xFD, 0x66, 0x74, 0x9D, 0x00, 0x9B, 0xBB, 0xD0, 0x80, 0x27, 0x00, 0x34, 0x14, 0x9B, 0xD2,
    0xDD, 0xC7, 0x62, 0x8D, 0x40, 0x7B, 0xD2, 0xDA, 0x55, 0x81, 0x27, 0x00, 0x1E, 0xD0, 0x50, 0xD6,
    0x54, 0xC5, 0xBC, 0x83, 0x56, 0x0F, 0x6C, 0x09, 0x62, 0x80, 0x2B, 0x00, 0x07, 0x76, 0x5E, 0x63,
    0x59, 0x87, 0x9E, 0x41, 0x80, 0x2B, 0x00, 0x3C, 0x65, 0x4D, 0xA9, 0x19, 0x4E, 0x4A, 0xA0, 0x00,
    0x1F, 0xE2, 0xBB, 0x9D, 0x0D, 0x56, 0x17, 0xF0, 0xA2, 0x03, 0x19, 0x96, 0x67, 0x3C, 0xE2, 0x9F,
    0xF3, 0x3B, 0x9A, 0x01, 0xFD, 0xB1, 0xC2, 0xFF, 0x81, 0x2B, 0x00, 0x07, 0xD9, 0xF5, 0x7E, 0xB4,
    0x8D, 0x2C, 0xA0, 0x5D, 0xFB, 0x87, 0x26, 0x00, 0x52, 0xC6, 0xA1, 0x13, 0x2C, 0x06, 0x7D, 0x52,
    0x4D, 0xF4, 0xA8, 0x80, 0x30, 0x00, 0x46, 0x62, 0xD9, 0xDE, 0x52, 0xEA, 0x7E, 0x6E, 0xE1, 0xED,
    0x7C, 0xEC, 0x1D, 0x93, 0xAB, 0xB5, 0x06, 0xC4, 0x81, 0x31, 0x00, 0x19, 0xED, 0x75, 0xFE, 0x5D,
    0xAB, 0x78, 0x49, 0xA9, 0x75, 0xCF, 0x9A, 0x81, 0x31, 0x00, 0x53, 0x5A, 0x76, 0x8B, 0xA7, 0xD6,
    0xE5, 0x6B, 0x76, 0xC3, 0xF6, 0x40, 0x81, 0x31, 0x00, 0x43, 0x36, 0x66, 0x3C, 0x87, 0x72, 0xFB,
    0xCF, 0x2C, 0x60, 0x37, 0xA0, 0x6D, 0x31, 0x80, 0x81, 0x31, 0x00, 0x3C, 0x9A, 0x30, 0x87, 0x10,
    0xB0, 0x1D, 0x79, 0x7F, 0x40, 0xD6, 0x58, 0xE2, 0x8D, 0xA4, 0x84, 0x10, 0x82, 0x31, 0x00, 0x23,
    0x36, 0xB3, 0xF7, 0x0F, 0x3E, 0xD4, 0xF5, 0xC4, 0xEC, 0x18, 0xBD, 0x4B, 0xD8, 0x00, 0x5F, 0x37,
    0x3C, 0x03, 0x2A, 0x17, 0xE6, 0xFF, 0x80, 0xF3, 0x42, 0x28, 0x12, 0xEF, 0x87, 0x29, 0x8F, 0xB0,
    0x84, 0x9D, 0x86, 0x31, 0x00, 0xAE, 0x3B, 0x58, 0x63, 0x07, 0xFC, 0x48, 0x9F, 0x84, 0x80, 0x2A,
    0xED, 0xBD, 0x70, 0xD3, 0x41, 0xF4, 0xDE, 0xE9, 0x10, 0x80, 0x37, 0x00, 0x21, 0x41, 0x24, 0xB9,
    0x93, 0xF3, 0x8D, 0xEE, 0xC4, 0xAE, 0xB5, 0x05, 0x80, 0x37, 0x00, 0x5C, 0xFE, 0x0E, 0x91, 0x3B,
    0x64, 0x48, 0x30, 0xFB, 0xFF, 0x14, 0x80, 0x37, 0x00, 0x4B, 0x4D, 0x07, 0x5D, 0x80, 0x1D, 0xDF,
    0xE3, 0xAE, 0xF7, 0x2A, 0x40, 0xA0, 0x40, 0x88, 0x9C, 0x00, 0x2F, 0xD6, 0xD3, 0x00, 0x53, 0xFF,
    0xE6, 0xC0, 0xD7, 0x9B, 0xAD, 0xD9, 0xD6, 0xF0, 0x80, 0x3B, 0x00, 0x5C, 0x75, 0x87, 0x9C, 0xCB,
    0xE9, 0x91, 0x85, 0xB2, 0x7B, 0xCB, 0x30, 0x64, 0xB0, 0x87, 0x28, 0x00, 0x7B, 0x70, 0x66, 0xB4,
    0x6D, 0x84, 0x2F, 0xA3, 0xCA, 0x4E, 0x9A, 0x98, 0xC7, 0x05, 0xD3, 0xFD, 0x3A, 0x68, 0xE6, 0x00,
    0x3C, 0x6C, 0xDD, 0xED, 0x35, 0x76, 0x01, 0xE6, 0x51, 0x46, 0xB4, 0x70, 0x9F, 0xE2, 0x7E, 0x56,
    0xEE, 0xF2, 0x3C, 0x4F, 0x83, 0x06, 0x14, 0x5B, 0xD3, 0xA9, 0x92, 0x7B, 0xE1, 0x76, 0x1C, 0xEA,
    0x15, 0x5D, 0x4F, 0x74, 0x66, 0x8C, 0x4C, 0xAC, 0x54, 0x80, 0x7E, 0x0D, 0xBA, 0x68, 0x81, 0x43,
    0x00, 0x11, 0x26, 0xA8, 0x92, 0xB5, 0xFC, 0x30, 0x29, 0x5C, 0x98, 0x80, 0x81, 0x43, 0x00, 0x4B,
    0x9E, 0xD3, 0xB1, 0x3C, 0xE7, 0xE9, 0x23, 0x77, 0xC0, 0x81, 0x43, 0x00, 0x2F, 0x66, 0x57, 0x4B,
    0x47, 0xF2, 0x85, 0x94, 0xA3, 0x80, 0xC9, 0x7E, 0x87, 0xA1, 0x00, 0xE1, 0xCD, 0x0A, 0x6A, 0x2E,
    0xD8, 0x89, 0x04, 0x10, 0x52, 0xF9, 0x2D, 0x49, 0x76, 0x80, 0x82, 0x43, 0x00, 0x11, 0x7A, 0xCB,
    0x39, 0x70, 0x37, 0xC3, 0xC3, 0x7B, 0xD8, 0xFD, 0xAE, 0xA0, 0x80, 0x43, 0x00, 0x2F, 0x6B, 0x0D,
    0x20, 0xDE, 0x33, 0x93, 0x01, 0xC0, 0x75, 0x13, 0x64, 0xFF, 0x32, 0x90, 0x00, 0x95, 0xB6, 0xA4,
    0x50, 0xA4, 0xA8, 0x18, 0x74, 0xCD, 0xDA, 0x18, 0x9C, 0x77, 0xF5, 0xDE, 0x75, 0x32, 0x19, 0x62,
    0x38, 0x13, 0x4C, 0x37, 0x9B, 0x94, 0x4A, 0x41, 0x06, 0x67, 0xC4, 0xF3, 0x7D, 0x37, 0x57, 0xE9,
    0x55, 0xFF, 0x45, 0x9C, 0xE3, 0xEE, 0x87, 0x45, 0x00, 0x7A, 0xBD, 0x80, 0x02, 0x04, 0x7E, 0xEE,
    0x8A, 0xF2, 0x2E, 0xAD, 0x23, 0x49, 0x81, 0x47, 0x00, 0x11, 0x24, 0x5A, 0x3A, 0xD9, 0x0C, 0x4C,
    0x0A, 0x69, 0x19, 0xAC, 0x81, 0x47, 0x00, 0x4B, 0x9F, 0x4F, 0x93, 0xC4, 0x35, 0xD8, 0xFD, 0x69,
    0xBD, 0x81, 0x47, 0x00, 0x2F, 0x62, 0x03, 0x3B, 0xE3, 0x63, 0xA6, 0xCA, 0xC8, 0x86, 0x60, 0x43,
    0x68, 0x82, 0x47, 0x00, 0x11, 0x7A, 0xC5, 0x62, 0xF7, 0xE0, 0x21, 0x0C, 0x82, 0x9F, 0xEB, 0x67,
    0x88, 0xD0, 0x00, 0x07, 0x76, 0x71, 0x6E, 0xFC, 0xDD, 0xD1, 0x7D, 0x22, 0x67, 0xE4, 0x4E, 0x3E,
    0x2A, 0x97, 0x55, 0x68, 0x80, 0x00, 0x34, 0x04, 0x7F, 0xE0, 0x2B, 0xDD, 0x76, 0x6F, 0xE7, 0x78,
    0x9D, 0xF0, 0x8E, 0x5A, 0xEE, 0x1A, 0x70, 0x87, 0xAD, 0x00, 0xEF, 0x1E, 0x74, 0x83, 0x81, 0xC5,
    0xD5, 0xA4, 0xDC, 0x9B, 0xC0, 0x88, 0xAF, 0x00, 0x08, 0x96, 0x70, 0xC1, 0x9B, 0x45, 0x9D, 0x25,
    0xC4, 0xA8, 0x81, 0x51, 0x00, 0x75, 0x3E, 0x17, 0x34, 0x5A, 0xBD, 0xA4, 0x8B, 0x36, 0x59, 0x49,
    0xAB, 0xF2, 0x62, 0xEC, 0xE3, 0xC9, 0x3D, 0xEA, 0x1C, 0x76, 0xC9, 0xE3, 0x14, 0xD7, 0x49, 0xCE,
    0x84, 0xD8, 0x81, 0x50, 0x00, 0x38, 0xB0, 0x4F, 0x3F, 0x78, 0x89, 0x88, 0x07, 0x25, 0x1E, 0x11,
    0x95, 0xCE, 0xD2, 0x67, 0x20, 0x81, 0x51, 0x00, 0x11, 0x26, 0xA8, 0x91, 0x6A, 0x03, 0x70, 0xF6,
    0x7D, 0x80, 0x81, 0x51, 0x00, 0x4B, 0xBB, 0xB4, 0x13, 0x8D, 0x14, 0x34, 0x5B, 0x01, 0x20, 0x81,
    0x51, 0x00, 0x2F, 0x66, 0x65, 0x82, 0x8F, 0x81, 0xAB, 0x23, 0x58, 0x37, 0x56, 0xC0, 0x87, 0xB3,
    0x00, 0xE1, 0xC8, 0x47, 0xE2, 0xAC, 0xC8, 0x70, 0x9D, 0x3D, 0x0F, 0x66, 0x16, 0xCC, 0xFB, 0x34,
    0x82, 0x51, 0x00, 0x10, 0xC3, 0xC4, 0xCC, 0xCA, 0x19, 0x15, 0xFC, 0x91, 0x35, 0x79, 0x4F, 0x8A,
    0x20, 0x00, 0x31, 0x79, 0xCF, 0xF2, 0xFC, 0x05, 0xC2, 0x55, 0x0B, 0x1A, 0xB1, 0x78, 0xD1, 0x40,
    0x87, 0x51, 0x00, 0x4C, 0x4A, 0x57, 0x01, 0x73, 0x61, 0xE0, 0xB1, 0x42, 0x6A, 0x4F, 0x30, 0x70,
    0x5C, 0x12, 0x81, 0x50, 0x00, 0x15, 0xDA, 0x40, 0x74, 0x2F, 0x9E, 0x21, 0xB7, 0xA8, 0x2B, 0x9B,
    0x3F, 0x81, 0x81, 0x78, 0x8D, 0xB8, 0xB6, 0xD1, 0xA5, 0x31, 0xE4, 0xC3, 0x3B, 0x50, 0x4C, 0x4B,
    0xD4, 0x81, 0x50, 0x00, 0x4F, 0xE3, 0xFD, 0x65, 0x6E, 0xD7, 0x19, 0x1A, 0xDE, 0xA5, 0x42, 0x2B,
    0xE0, 0x94, 0xA4, 0x1F, 0xA6, 0x65, 0xB3, 0xD6, 0x1C, 0xF1, 0xA5, 0xDE, 0xB0, 0xDF, 0xBC, 0x30,
    0x81, 0x50, 0x00, 0x3F, 0x66, 0x0E, 0xA0, 0x87, 0x28, 0x5B, 0x90, 0xA1, 0x21, 0x15, 0x7A, 0xD1,
    0x24, 0x60, 0x33, 0x6E, 0x42, 0xE6, 0x9F, 0x58, 0x33, 0x40, 0x3C, 0xB1, 0xD3, 0x79, 0x73, 0xE5,
    0xE4, 0xC0, 0x82, 0x50, 0x00, 0x1E, 0xCE, 0x7C, 0x24, 0x58, 0x2E, 0xFB, 0x6E, 0x21, 0x39, 0x51,
    0x73, 0xDC, 0x6B, 0x4C, 0x27, 0x33, 0x35, 0xE9, 0x6F, 0x15, 0xB0, 0x60, 0xDB, 0x81, 0xA7, 0x6C,
    0x75, 0x76, 0x4B, 0x18, 0x80, 0x5B, 0x00, 0x4F, 0x2C, 0x0D, 0x1C, 0xC8, 0xFA, 0xD5, 0xF9, 0x52,
    0x12, 0x5B, 0x21, 0x3A, 0x10, 0x80, 0x52, 0x00, 0x76, 0x89, 0xE8, 0x8C, 0xCF, 0xDD, 0x17, 0x59,
    0x70, 0x3D, 0xA4, 0x7F, 0xD7, 0xEB, 0xB4, 0x5C, 0xB3, 0x39, 0xE0, 0x3D, 0x81, 0x5B, 0x00, 0x15,
    0x72, 0x3F, 0x8B, 0x7D, 0x87, 0x75, 0xA2, 0xBA, 0xFC, 0xBA, 0x3D, 0x9C, 0x09, 0x79, 0x99, 0x50,
    0x89, 0x85, 0x00, 0x45, 0x47, 0x33, 0xA1, 0xEF, 0x69, 0x36, 0xDD, 0xEE, 0xCE, 0x8A, 0xA3, 0x00,
    0x10, 0xDB, 0xA3, 0xAE, 0x9E, 0x02, 0x94, 0xCF, 0x80, 0x23, 0x00, 0x32, 0x41, 0x75, 0x1D, 0xD7,
    0x80, 0x7D, 0x35, 0x98, 0xDD, 0xC0, 0x0C, 0x41, 0x9D, 0xF8, 0x82, 0x81, 0x43, 0x00, 0x13, 0x3E,
    0xE9, 0x2F, 0x39, 0xEB, 0xE9, 0x21, 0x7F, 0x4C, 0x21, 0xCB, 0x20, 0x87, 0x23, 0x00, 0x77, 0xE9,
    0xFE, 0xE9, 0x4F, 0xD8, 0xE5, 0xC0, 0xE2, 0x68, 0x40, 0x30, 0xEC, 0x05, 0x7D, 0xA2, 0x70, 0x87,
    0x43, 0x00, 0x95, 0x04, 0x19, 0x39, 0x3F, 0x54, 0x40, 0xEA, 0xD6, 0xFD, 0x05, 0x89, 0xEE, 0x16,
    0xC0, 0x81, 0x25, 0x00, 0x57, 0x15, 0xFB, 0x7B, 0x0F, 0x7B, 0xE9, 0xE9, 0xC1, 0x3D, 0xAD, 0x82,
    0x81, 0x45, 0x00, 0x40, 0xD5, 0xD1, 0xD7, 0x7F, 0xB5, 0xFF, 0x3D, 0x49, 0x22, 0xE0, 0x81, 0x25,
    0x00, 0x3D, 0xC8, 0xB0, 0xDA, 0x2E, 0x06, 0x77, 0x4B, 0xAE, 0xDD, 0xD7, 0x11, 0xCD, 0x81, 0x45,
    0x00, 0x30, 0xF9, 0x81, 0xB5, 0x25, 0xA4, 0x2D, 0x37, 0x46, 0xF2, 0xF4, 0x3C, 0x41, 0x40, 0x87,
    0xC9, 0x00, 0xB6, 0x15, 0x08, 0xF5, 0x21, 0x23, 0x26, 0xBB, 0x74, 0x86, 0x9E, 0x87, 0xCA, 0x00,
    0x6C, 0x69, 0xFF, 0xBF, 0x5F, 0xFD, 0xED, 0xB2, 0xA9, 0x80, 0x87, 0xC7, 0x00, 0x22, 0x96, 0x84,
    0xF8, 0x7A, 0xA4, 0xCD, 0x35, 0xE7, 0x53, 0xB3, 0x34, 0xB9, 0x87, 0xC8, 0x00, 0x0E, 0x57, 0xED,
    0x0D, 0x92, 0xCD, 0x59, 0x47, 0x6E, 0xAA, 0xAE, 0xC9, 0x37, 0x3E, 0x80, 0x26, 0x00, 0x25, 0xA1,
    0xD5, 0x3A, 0x2E, 0x1A, 0x71, 0xC0, 0xA4, 0x02, 0x84, 0x22, 0xC0, 0x00, 0xA0, 0x10, 0x71, 0x9E,
    0x9D, 0x11, 0x6A, 0x49, 0xE2, 0xD5, 0xE7, 0x9E, 0xEE, 0xCD, 0xC6, 0x1D, 0x4B, 0x08, 0x6B, 0x1B,
    0x7F, 0xC0, 0x57, 0xEC, 0xE1, 0x5A, 0x40, 0x6A, 0x18, 0xE0, 0xA5, 0x3C, 0x55, 0x55, 0x60, 0x87,
    0x91, 0x00, 0x52, 0xC6, 0xA1, 0xD5, 0x8A, 0x47, 0x8F, 0xC0, 0x87, 0x46, 0x00, 0xB0, 0xB1, 0xD0,
    0x51, 0x8B, 0x07, 0xAB, 0xFE, 0x71, 0x74, 0xA1, 0xE4, 0x18, 0xA1, 0x8D, 0xF3, 0x74, 0x03, 0x8B,
    0x58, 0x83, 0x27, 0x00, 0x19, 0x8F, 0xA2, 0x78, 0x27, 0x65, 0x10, 0x8F, 0x10, 0x8A, 0xAB, 0x00,
    0x10, 0xDA, 0x1F, 0xD0, 0x2C, 0x89, 0x2A, 0x2E, 0xD0, 0x80, 0x27, 0x00, 0x2E, 0x25, 0xA1, 0xD3,
    0x24, 0xD3, 0x1E, 0x10, 0xFB, 0x79, 0x32, 0x73, 0x1E, 0xC0, 0x81, 0x47, 0x00, 0x13, 0x42, 0x4E,
    0x84, 0x2B, 0xCA, 0x1C, 0xB6, 0xA7, 0x8B, 0x36, 0xE5, 0x1C, 0x81, 0x27, 0x00, 0x3F, 0x7D, 0xE6,
    0xCC, 0x67, 0xAD, 0x6C, 0xE1, 0x64, 0xB0, 0x81, 0x47, 0x00, 0x31, 0x2B, 0x40, 0x25, 0xD8, 0xF0,
    0x85, 0x96, 0x73, 0xC8, 0x87, 0x27, 0x00, 0x5F, 0x17, 0x5B, 0x84, 0x74, 0x24, 0xD4, 0x16, 0xDF,
    0x50, 0x9E, 0x97, 0x3C, 0x2D, 0xC0, 0x87, 0x47, 0x00, 0x84, 0xA0, 0x62, 0x72, 0xF0, 0xD7, 0xE7,
    0x16, 0x41, 0xC0, 0x07, 0x32, 0x75, 0xC6, 0xC0, 0x80, 0x27, 0x00, 0x23, 0x27, 0x5C, 0xA8, 0x35,
    0x13, 0x5B, 0x2F, 0x25, 0xFD, 0xC7, 0x12, 0x87, 0xD6, 0x00, 0x93, 0xB3, 0x29, 0x74, 0x24, 0xDC,
    0x1F, 0xFF, 0xE1, 0x83, 0x90, 0xDE, 0xC0, 0x81, 0x29, 0x00, 0x41, 0xA1, 0x6A, 0xF4, 0x78, 0x31,
    0x2A, 0x49, 0xBB, 0xF2, 0x60, 0x4F, 0xC4, 0x05, 0xE0, 0x81, 0x49, 0x00, 0x2A, 0x82, 0x5A, 0x30,
    0xCC, 0x6A, 0x3D, 0x6C, 0xF6, 0xF8, 0xAD, 0x35, 0x22, 0x6A, 0x65, 0x82, 0x07, 0x37, 0x40, 0x81,
    0x29, 0x00, 0x32, 0x41, 0x69, 0x0C, 0x7B, 0x78, 0xCA, 0xBE, 0xC1, 0xDD, 0x07, 0x42, 0x75, 0xCF,
    0x63, 0xF5, 0x77, 0x81, 0x49, 0x00, 0x13, 0x42, 0x5B, 0x60, 0x0B, 0xB6, 0xC6, 0xA1, 0x36, 0x86,
    0xDB, 0xC7, 0x87, 0x56, 0xB2, 0xE4, 0xFD, 0x94, 0x8C, 0x81, 0x29, 0x00, 0x4E, 0x42, 0x25, 0xB4,
    0x8E, 0xDE, 0x52, 0x06, 0xCE, 0xB5, 0x10, 0x71, 0xDF, 0x81, 0x49, 0x00, 0x2A, 0x9F, 0x45, 0x91,
    0xD2, 0x8D, 0x8A, 0x88, 0x1D, 0xEA, 0x83, 0xB5, 0x06, 0xAA, 0xB0, 0x87, 0x29, 0x00, 0x93, 0x29,
    0xE9, 0xCF, 0x4A, 0x96, 0xE7, 0x08, 0xEB, 0xB9, 0x96, 0x2D, 0x44, 0xA0, 0x81, 0x49, 0x00, 0x4C,
    0x38, 0x78, 0x21, 0x07, 0xF0, 0x69, 0x96, 0xBD, 0x17, 0x27, 0x7D, 0x51, 0x2D, 0x4C, 0x80, 0x2A,
    0x00, 0x4B, 0x40, 0x99, 0xA4, 0xFE, 0xD3, 0x87, 0x94, 0x14, 0x51, 0x0E, 0x9E, 0xBE, 0xA1, 0x90,
    0x81, 0x4A, 0x00, 0x1D, 0xB1, 0x90, 0x70, 0x1A, 0x8F, 0x70, 0x64, 0x55, 0xA6, 0xA5, 0x54, 0x76,
    0x87, 0x2A, 0x00, 0x66, 0xCE, 0x14, 0x05, 0xF2, 0x11, 0x45, 0x8B, 0x6B, 0xB8, 0x80, 0xC4, 0xE3,
    0x65, 0xD3, 0x57, 0xF6, 0x87, 0x4A, 0x00, 0xA6, 0xF7, 0xA5, 0xF0, 0xAE, 0x86, 0x30, 0xE2, 0xDC,
    0x36, 0x9F, 0x65, 0x68, 0xD9, 0x78, 0xB2, 0x9A, 0x60, 0x87, 0x8F, 0x00, 0x16, 0xB5, 0x9A, 0xED,
    0x8A, 0xC5, 0x54, 0x63, 0x7E, 0x3D, 0xDF, 0x43, 0x10, 0xA3, 0xF0, 0x00, 0x5D, 0x72, 0x09, 0xB1,
    0xB7, 0x13, 0xE7, 0x60, 0xA4, 0x1C, 0x17, 0x38, 0xBD, 0x54, 0x7C, 0x0C, 0x28, 0xC9, 0x8E, 0xCC,
    0x6B, 0xAA, 0x89, 0x90, 0x00, 0x45, 0xA2, 0x9B, 0x69, 0x98, 0x2B, 0x8A, 0x4B, 0x00, 0x01, 0x72,
    0x10, 0x95, 0xC8, 0xB0, 0x80, 0x2B, 0x00, 0x0E, 0x83, 0x0A, 0x53, 0x4D, 0x74, 0xE5, 0xBD, 0xC6,
    0x49, 0x93, 0xF6, 0x84, 0xEC, 0x00, 0x09, 0xB0, 0x23, 0x95, 0x7D, 0x8D, 0x5E, 0x0D, 0x50, 0xC8,
    0x6F, 0x18, 0x87, 0x2B, 0x00, 0x66, 0x4B, 0x74, 0x14, 0xA5, 0xA4, 0x27, 0xFA, 0x26, 0xD6, 0x40,
    0x87, 0x4B, 0x00, 0x60, 0xFE, 0x03, 0x04, 0xE3, 0x99, 0xF1, 0x5D, 0xB5, 0x60, 0x87, 0x80, 0xEF,
    0x00, 0x2E, 0x9D, 0xE4, 0xE6, 0x5F, 0xCF, 0x57, 0x20, 0x8E, 0xF0, 0x00, 0x69, 0xFC, 0x87, 0x30,
    0x00, 0x17, 0x92, 0x6E, 0xD9, 0x5E, 0x25, 0x57, 0xCE, 0xE0, 0xC1, 0x61, 0x79, 0x93, 0xFB, 0xA3,
    0x62, 0x3E, 0xE8, 0x58, 0x47, 0x26, 0x73, 0x93, 0xED, 0x1D, 0x00, 0x9E, 0x61, 0x2A, 0x11, 0x8D,
    0x80, 0x40, 0x00, 0x17, 0x2E, 0xFC, 0x8D, 0x1D, 0x99, 0xF4, 0x4E, 0x4C, 0x2E, 0x2D, 0x2B, 0xF2,
    0x35, 0x44, 0x68, 0x6B, 0x08, 0xD8, 0xD3, 0x29, 0x1A, 0x35, 0xC8, 0x8B, 0xF5, 0x4E, 0xDD, 0x56,
    0xC5, 0xDA, 0x14, 0xC1, 0xF4, 0xA0, 0x00, 0x24, 0x4C, 0xE6, 0xB8, 0x55, 0x78, 0x6D, 0xE5, 0xFC,
    0x4E, 0x8E, 0xCA, 0x30, 0xC8, 0x1F, 0x3C, 0x66, 0xA1, 0x81, 0x7E, 0x92, 0xF6, 0x02, 0xD1, 0x6E,
    0x87, 0xAF, 0x00, 0x73, 0x55, 0x44, 0x2D, 0xC5, 0x6B, 0xE2, 0xC5, 0x80, 0x57, 0xAA, 0x93, 0x86,
    0xBC, 0x76, 0xF0, 0x87, 0x2D, 0x00, 0x63, 0x35, 0x20, 0x5A, 0xA9, 0xE3, 0xAF, 0xD3, 0x5C, 0x3B,
    0xF9, 0x9A, 0x52, 0xCF, 0xEB, 0x40, 0x87, 0x4D, 0x00, 0xA7, 0x12, 0x8D, 0x20, 0xC8, 0x19, 0x8F,
    0x89, 0x9C, 0x90, 0x70, 0xA7, 0xC3, 0x10, 0x8E, 0x4D, 0x00, 0x03, 0xC7, 0x28, 0xC3, 0x00, 0xEE,
    0x6F, 0x6C, 0x04, 0xA1, 0x77, 0x37, 0x85, 0x85, 0x43, 0xF6, 0x95, 0xA0, 0xD0, 0x80, 0x27, 0x00,
    0x3D, 0xFE, 0x35, 0x78, 0xF6, 0x82, 0xF1, 0x08, 0xEF, 0x7F, 0x84, 0xC3, 0x0F, 0xEB, 0x26, 0xC9,
    0x80, 0x81, 0xAE, 0x00, 0x34, 0x2A, 0x8A, 0x3A, 0x4D, 0xB1, 0xA8, 0xE1, 0x64, 0x8B, 0x3F, 0x8C,
    0xEB, 0x8A, 0xC0, 0x87, 0x27, 0x00, 0x7B, 0x73, 0x95, 0x12, 0xBC, 0x07, 0x5E, 0x7E, 0x3F, 0x7E,
    0xBC, 0x8C, 0x8E, 0x81, 0xB7, 0x8C, 0x87, 0x4E, 0x00, 0x7B, 0x32, 0x30, 0xD3, 0x2D, 0x29, 0xC3,
    0x1C, 0x87, 0x27, 0x00, 0x79, 0x14, 0x53, 0x14, 0x16, 0x1D, 0xF7, 0x00, 0x2A, 0x16, 0x7E, 0x77,
    0xE4, 0x80, 0x00, 0x62, 0x02, 0x7B, 0x47, 0x7C, 0xA8, 0x08, 0xE8, 0x8A, 0x92, 0x4F, 0x87, 0xBE,
    0xCA, 0xBA, 0x11, 0xE6, 0x60, 0x87, 0x27, 0x00, 0x7B, 0x73, 0x94, 0xC7, 0xC7, 0xF1, 0x17, 0x6E,
    0x79, 0x58, 0xC9, 0xEF, 0x8A, 0x2A, 0x84, 0x40, 0x00, 0x6A, 0x0A, 0x3F, 0x20, 0x05, 0xBA, 0xAF,
    0x14, 0x91, 0xDC, 0x27, 0xC8, 0x2D, 0x27, 0x1F, 0xB0, 0x4C, 0x50, 0xA0, 0x87, 0x27, 0x00, 0x7B,
    0x73, 0x94, 0x98, 0xB9, 0xA6, 0x1C, 0xD6, 0x54, 0x60, 0x8F, 0xE5, 0xC6, 0x30, 0x8D, 0xB5, 0x21,
    0x56, 0xD2, 0x80, 0x87, 0x4E, 0x00, 0x7B, 0x1A, 0x6F, 0xD3, 0x9E, 0x03, 0xC2, 0xA1, 0x7C, 0x80,
    0x30, 0x00, 0x65, 0x26, 0x4C, 0xA1, 0xCF, 0x99, 0xBA, 0x2F, 0x5B, 0x44, 0xEC, 0xD5, 0xA0, 0x81,
    0x50, 0x00, 0x59, 0x28, 0xE7, 0x89, 0xD4, 0x30, 0x0A, 0x30, 0x3A, 0x80, 0x87, 0x30, 0x00, 0x5A,
    0x43, 0x8A, 0xB4, 0xDD, 0x58, 0xA9, 0x0D, 0xC7, 0x3D, 0x52, 0xFB, 0xFF, 0xC2, 0x80, 0x87, 0x50,
    0x00, 0xAD, 0xB2, 0xBD, 0x4D, 0x80, 0xD5, 0xEE, 0x74, 0x5A, 0x1B, 0xC0, 0x87, 0x04, 0x01, 0x31,
    0xBC, 0x0E, 0x56, 0x7B, 0x4C, 0x6B, 0xD1, 0x7D, 0x86, 0xAC, 0xFB, 0x4C, 0x9F, 0x5C, 0x80, 0x81,
    0x50, 0x00, 0x21, 0x46, 0x8B, 0x88, 0x50, 0xD5, 0xB2, 0x60, 0x60, 0x9E, 0x2E, 0x40, 0x00, 0x08,
    0x6C, 0x5F, 0xD3, 0xF6, 0x3A, 0x81, 0xB2, 0x00, 0x42, 0x6E, 0x74, 0x31, 0x60, 0x3E, 0x14, 0xCD,
    0x3B, 0xF7, 0xEE, 0x5B, 0x4D, 0xCE, 0x28, 0xEC, 0xD3, 0x83, 0xB8, 0x56, 0x38, 0x90, 0x1F, 0xE1,
    0x67, 0x40, 0x87, 0x30, 0x00, 0x5A, 0x43, 0x8A, 0xB3, 0x7C, 0x73, 0x63, 0xBA, 0x7F, 0x8E, 0x4A,
    0x4C, 0x40, 0x8A, 0x77, 0x13, 0x4E, 0xFD, 0xEC, 0xB0, 0x00, 0x72, 0x15, 0xF7, 0x84, 0x06, 0xCF,
    0xDA, 0xED, 0x00, 0x46, 0x94, 0xBA, 0xFB, 0x4A, 0xDE, 0x22, 0x1C, 0xFB, 0x38, 0x0C, 0xC0, 0xFB,
    0x4C, 0x90, 0xC6, 0x47, 0x40, 0x8A, 0x94, 0x00, 0x20, 0x2D, 0xD0, 0xA6, 0x63, 0x6B, 0x24, 0x36,
    0xE8, 0xB5, 0x8A, 0xB5, 0x00, 0x10, 0x84, 0xF0, 0x1C, 0x94, 0xD3, 0xE3, 0xA4, 0x81, 0x31, 0x00,
    0x27, 0x7B, 0x39, 0x36, 0x84, 0x47, 0xA8, 0xDC, 0xE4, 0xFB, 0x95, 0x25, 0x1D, 0xC8, 0x81, 0x51,
    0x00, 0x1E, 0xB7, 0xCE, 0x4E, 0xA9, 0xBC, 0x57, 0xFC, 0x32, 0x6A, 0xF2, 0xD3, 0xCC, 0x87, 0x95,
    0x00, 0x34, 0xE1, 0xED, 0x30, 0x7B, 0x67, 0xDC, 0x8F, 0xEC, 0x47, 0x5A, 0xE8, 0x08, 0xB9, 0x4F,
    0x40, 0x87, 0xB5, 0x00, 0x7B, 0x62, 0xD0, 0xD1, 0x3F, 0xAC, 0x67, 0xEF, 0x43, 0x59, 0xD5, 0xFD,
    0x7C, 0x00, 0xA8, 0x51, 0x8E, 0x0E, 0x56, 0x22, 0x6F, 0xFE, 0xDB, 0xC1, 0x80, 0xFE, 0x30, 0x7F,
    0x2E, 0x63, 0xE4, 0x05, 0x5C, 0xF7, 0x21, 0x00, 0x9F, 0x02, 0xB3, 0xBB, 0x28, 0xF3, 0xCC, 0xB8,
    0x49, 0x25, 0x1A, 0xDE, 0xDD, 0x2D, 0x80, 0x00, 0x9F, 0x09, 0xB3, 0xDF, 0xBA, 0x42, 0x98, 0xA3,
    0x23, 0xB5, 0x55, 0xF4, 0xAB, 0x7A, 0x48, 0x51, 0x72, 0x0D, 0x08, 0xD2, 0x18, 0xFE, 0xFF, 0xF9,
    0xB3, 0xEB, 0xCA, 0xEE, 0x84, 0x71, 0x86, 0x5E, 0x27, 0x9A, 0x70, 0x4C, 0xD0, 0xD1, 0x6B, 0xFB,
    0x30, 0x80, 0x34, 0x00, 0x54, 0x56, 0x4A, 0x17, 0x35, 0xA1, 0xD5, 0x43, 0xED, 0xC2, 0x1C, 0xC4,
    0x80, 0x54, 0x00, 0x43, 0x7A, 0xCD, 0xAE, 0x47, 0xF3, 0xE7, 0xFD, 0x87, 0x34, 0x00, 0x52, 0xC7,
    0x55, 0x96, 0xA6, 0xBF, 0xEA, 0x76, 0x95, 0x24, 0x5A, 0x8C, 0x30, 0x87, 0x54, 0x00, 0x70, 0xFF,
    0x60, 0x84, 0x64, 0xF4, 0x9B, 0x4A, 0x5E, 0x80, 0x34, 0x00, 0x1C, 0x6F, 0xDF, 0x86, 0xC9, 0xBB,
    0x9F, 0xBA, 0x61, 0x49, 0x28, 0x1B, 0x18, 0xAB, 0xAC, 0x87, 0x16, 0x01, 0x13, 0x12, 0x0F, 0x5A,
    0x22, 0x6E, 0x2D, 0x5A, 0xF0, 0x95, 0x40, 0x81, 0x35, 0x00, 0x54, 0x33, 0x6C, 0x6B, 0x29, 0x69,
    0x85, 0x81, 0xDC, 0x3D, 0x27, 0x03, 0x50, 0x80, 0x55, 0x00, 0x41, 0x1B, 0x62, 0xE0, 0x26, 0x07,
    0xAC, 0x57, 0x1C, 0x7D, 0x60, 0x81, 0x35, 0x00, 0x39, 0xF9, 0x1F, 0x54, 0x7C, 0x3A, 0x7E, 0xD8,
    0xFF, 0x0A, 0xBF, 0x55, 0x5A, 0x2E, 0xB8, 0x80, 0x80, 0x55, 0x00, 0x24, 0x65, 0x1D, 0x86, 0x85,
    0x81, 0x27, 0x3A, 0x62, 0x58, 0xB9, 0xA6, 0x87, 0x35, 0x00, 0x86, 0x50, 0xAB, 0xE5, 0x0A, 0x39,
    0x6D, 0xF9, 0xE8, 0x03, 0x6F, 0x96, 0x13, 0x1B, 0x6E, 0x52, 0x32, 0x40, 0x87, 0x55, 0x00, 0x41,
    0x43, 0xC5, 0xCD, 0xCA, 0x5B, 0x3E, 0xE5, 0x37, 0x5B, 0x04, 0x7C, 0xC7, 0x45, 0x87, 0x1B, 0x01,
    0x1E, 0x0F, 0xA7, 0x89, 0x58, 0xDE, 0x3E, 0x59, 0x4E, 0xBA, 0x6E, 0xE9, 0x76, 0x70, 0xC0, 0x80,
    0x55, 0x00, 0x0D, 0xBE, 0x1F, 0x3D, 0x90, 0x2D, 0x2A, 0xD8, 0x12, 0xC7, 0xAA, 0xC6, 0xA3, 0x87,
    0x36, 0x00, 0x48, 0xEE, 0x99, 0xF2, 0xDD, 0x9A, 0xB0, 0x48, 0x35, 0xB8, 0x8A, 0x15, 0x5A, 0xCB,
    0x87, 0x56, 0x00, 0x79, 0xB5, 0xC7, 0x4A, 0x30, 0x90, 0x4B, 0x32, 0xF8, 0x30, 0xC2, 0xAF, 0xE0,
    0x80, 0x23, 0x01, 0x23, 0x28, 0x2B, 0xA9, 0x3A, 0x32, 0xAD, 0x6C, 0x95, 0xBF, 0x40, 0x73, 0xF3,
    0x00, 0x95, 0xA9, 0xCE, 0x7F, 0x87, 0xE7, 0x7A, 0x17, 0x32, 0x44, 0x6F, 0x73, 0xB6, 0xD9, 0xC1,
    0x8E, 0x36, 0x20, 0x10, 0x6A, 0x9D, 0x38, 0x87, 0x23, 0x01, 0x48, 0xEE, 0x9A, 0xB9, 0x36, 0xCE,
    0xE6, 0x40, 0x09, 0xE5, 0x70, 0x87, 0x56, 0x00, 0x79, 0xB8, 0x34, 0x71, 0xFF, 0x2C, 0xC3, 0xAA,
    0x88, 0x87, 0x9A, 0x00, 0xE7, 0xC4, 0x67, 0xD3, 0x3B, 0x9B, 0xAC, 0x80, 0x15, 0x61, 0xC7, 0x0A,
    0xDF, 0x22, 0x10, 0x7B, 0xD0, 0x81, 0x50, 0x00, 0x38, 0xB0, 0x4F, 0x3F, 0x78, 0x89, 0x88, 0x23,
    0xA8, 0xF9, 0xA3, 0x0F, 0xA6, 0xE9, 0x6C, 0x96, 0x8E, 0x2D, 0xF8, 0xD2, 0x1D, 0x01, 0x27, 0x29,
    0xAF, 0xC8, 0x33, 0xE6, 0xE4, 0x4C, 0x8C, 0x5A, 0xC1, 0xE0, 0x8A, 0x9C, 0x00, 0x55, 0xB2, 0x03,
    0xA9, 0x51, 0x7B, 0x80, 0x75, 0x91, 0x10, 0x84, 0x50, 0x00, 0x19, 0x87, 0x31, 0x3F, 0xE9, 0x66,
    0x36, 0x9D, 0x31, 0x37, 0x9D, 0x18, 0x95, 0x1D, 0x1C, 0x43, 0xC5, 0x7E, 0x62, 0x5A, 0x3B, 0x02,
    0xB2, 0x61, 0x6A, 0x30, 0x80, 0x37, 0x00, 0x32, 0x47, 0xF1, 0xC2, 0xA7, 0x06, 0x2B, 0x78, 0x15,
    0xDA, 0xE7, 0xA3, 0x52, 0x84, 0x4F, 0x80, 0x81, 0x50, 0x00, 0x23, 0x28, 0x72, 0xEC, 0xBA, 0x86,
    0xBA, 0xD4, 0x98, 0xDD, 0x79, 0xF4, 0x85, 0x95, 0x07, 0x70, 0x55, 0xF7, 0xDD, 0x23, 0xA2, 0x6D,
    0xBB, 0xDD, 0x53, 0xC9, 0xC6, 0x03, 0x14, 0xC7, 0x50, 0x86, 0x2D, 0x01, 0x3E, 0xA3, 0x60, 0x64,
    0xF4, 0xA6, 0x59, 0x34, 0x55, 0x35, 0xEE, 0xBA, 0xC1, 0x80, 0xC9, 0x9C, 0x80, 0x80, 0x50, 0x00,
    0x33, 0xAD, 0x96, 0xD1, 0x70, 0x24, 0xC8, 0x8D, 0xC4, 0x22, 0xD7, 0x23, 0xA9, 0x5F, 0x07, 0x3C,
    0x7A, 0xC8, 0xEB, 0x28, 0x39, 0x17, 0xDD, 0xA6, 0x71, 0xEC, 0x4D, 0x6E, 0xC6, 0x53, 0x89, 0x90,
    0x80, 0x37, 0x00, 0x4B, 0xFD, 0x06, 0x70, 0xE7, 0xF0, 0xE6, 0xA9, 0xFB, 0x60, 0xF4, 0x04, 0x5A,
    0x28, 0x70, 0x81, 0x50, 0x00, 0x33, 0x22, 0xDF, 0x66, 0x1F, 0x8B, 0x0D, 0xC3, 0xF9, 0xD5, 0x84,
    0xAE, 0x6A, 0x4C, 0x0E, 0x8E, 0x1E, 0xDA, 0x06, 0xAB, 0x45, 0x31, 0x33, 0xD8, 0x82, 0x95, 0x46,
    0x3F, 0x4D, 0x29, 0xFF, 0xA0, 0x00, 0x05, 0x89, 0x59, 0x63, 0x10, 0xB3, 0xDB, 0xF3, 0x52, 0x86,
    0xB3, 0xD6, 0x9E, 0x65, 0x9D, 0x4F, 0x1B, 0x7A, 0xAD, 0x53, 0xF1, 0x67, 0x14, 0x49, 0x27, 0x9C,
    0x2A, 0x2C, 0x60, 0xCC, 0x8E, 0x79, 0x7F, 0x94, 0x94, 0x88, 0x50, 0x00, 0x77, 0xF0, 0xD6, 0x05,
    0x27, 0x45, 0x6C, 0xBA, 0x26, 0x83, 0x11, 0x8C, 0x7C, 0xC1, 0xC2, 0xA2, 0x1A, 0x8E, 0x24, 0xFA,
    0xB0, 0xED, 0x9E, 0xC7, 0x5B, 0xB1, 0x21, 0xD2, 0x84, 0x6C, 0x80, 0x39, 0x00, 0x6C, 0x69, 0x9B,
    0x1E, 0x44, 0xD1, 0xBE, 0x8B, 0xDB, 0x85, 0x29, 0xF8, 0xFE, 0xBA, 0xD0, 0x5A, 0x91, 0xE9, 0x4E,
    0x6A, 0x96, 0x80, 0x59, 0x00, 0x61, 0x6B, 0xAC, 0x80, 0xD0, 0x5A, 0x32, 0x91, 0xA3, 0xC1, 0x12,
    0xDE, 0x91, 0xEE, 0xFF, 0xD9, 0x23, 0xBC, 0x80, 0x3B, 0x00, 0x38, 0x16, 0x69, 0x54, 0x1B, 0x39,
    0xAC, 0x6D, 0x62, 0x5F, 0x33, 0x92, 0xCB, 0xEE, 0x44, 0x4C, 0x80, 0x80, 0x5B, 0x00, 0x35, 0x25,
    0x1D, 0x5C, 0x4F, 0x07, 0x52, 0x08, 0xAA, 0x05, 0x42, 0x20, 0x1E, 0x5C, 0xD2, 0x14, 0x81, 0x3B,
    0x00, 0x23, 0x36, 0x3A, 0x0F, 0xF7, 0x55, 0x48, 0xC9, 0x26, 0x84, 0x2B, 0xE2, 0xFA, 0x4A, 0x38,
    0x81, 0x0E, 0x80, 0x3C, 0x00, 0x50, 0x52, 0x11, 0xF5, 0x02, 0x2E, 0xB4, 0xD6, 0x5E, 0x16, 0x60,
    0x80, 0x5C, 0x00, 0x4B, 0x9F, 0x40, 0xBE, 0x4D, 0xFD, 0xB0, 0xD2, 0x2C, 0x40, 0x80, 0x3C, 0x00,
    0x41, 0x33, 0x56, 0x9B, 0x0C, 0x05, 0x31, 0xCB, 0xD8, 0x83, 0xF9, 0x80, 0x80, 0x5C, 0x00, 0x3D,
    0x48, 0x56, 0xE1, 0x67, 0x64, 0xFA, 0xF2, 0xF5, 0xB0, 0x87, 0x3A, 0x01, 0x17, 0xA6, 0x25, 0x83,
    0x38, 0xF9, 0x45, 0xE3, 0x78, 0xC2, 0xEA, 0x4D, 0x87, 0x3B, 0x01, 0x13, 0x02, 0xA7, 0x9B, 0x54,
    0xE3, 0xBE, 0x7D, 0x1A, 0xAC, 0x34, 0x87, 0xFF, 0x00, 0x2B, 0xDE, 0x47, 0x3E, 0x7B, 0xEC, 0x20,
    0x05, 0x24, 0xE0, 0x6E, 0x80, 0x00, 0x89, 0x8E, 0xB6, 0x6D, 0x24, 0x87, 0xE3, 0x0A, 0x93, 0x59,
    0x18, 0x4B, 0xCC, 0xD0, 0x84, 0xFA, 0xDD, 0x5D, 0x17, 0xFC, 0x92, 0xCC, 0xC7, 0x2F, 0xB9, 0xC0,
    0xEE, 0x48, 0x62, 0xF5, 0x2B, 0xBA, 0x0A, 0xB8, 0x6E, 0x80, 0x00, 0x78, 0xA7, 0x8E, 0x9A, 0x63,
    0x6C, 0xC3, 0x09, 0xBB, 0x4C, 0xAC, 0x9D, 0x65, 0x6B, 0x47, 0x60, 0x23, 0x58, 0xEA, 0x97, 0xD4,
    0x58, 0xDF, 0x2C, 0x0D, 0x53, 0x54, 0x1D, 0x7F, 0xE0, 0x00, 0x8B, 0xDF, 0xEE, 0x02, 0x6C, 0xAC,
    0xDF, 0xD7, 0x63, 0xB4, 0x77, 0x68, 0xC0, 0x26, 0x47, 0xDE, 0xAF, 0x19, 0x2E, 0xBA, 0x1A, 0x0E,
    0xDA, 0xD5, 0xD6, 0x77, 0x98, 0x04, 0x69, 0xB2, 0xD8, 0x0B, 0x50, 0x00, 0x89, 0xE7, 0xAC, 0xC5,
    0x36, 0x59, 0xE2, 0xE8, 0x23, 0xD5, 0x80, 0x6A, 0xA7, 0xE3, 0xBE, 0x55, 0x39, 0x75, 0x90, 0x4F,
    0x0F, 0xE0, 0x6D, 0xBC, 0x49, 0xA4, 0xC3, 0xAF, 0xF3, 0x54, 0x6B, 0x4E, 0x40, 0x00, 0xAD, 0xC5,
    0x4B, 0x88, 0xB3, 0xA6, 0xAF, 0x27, 0x74, 0x65, 0xE8, 0xD5, 0x8B, 0x1A, 0x44, 0xBB, 0xC2, 0xEF,
    0x8F, 0x53, 0xF9, 0x2E, 0x6D, 0x6C, 0xAB, 0x0F, 0xCD, 0xDB, 0x21, 0x2E, 0x17, 0x96, 0x37, 0x42,
    0x03, 0xF6, 0xB8, 0x1D, 0x22, 0x80, 0x36, 0xA8, 0xF6, 0x99, 0xD1, 0xB4, 0xDB, 0xB5, 0xF0, 0x4F,
    0x16, 0x93, 0x41, 0xE7, 0xEF, 0x17, 0x27, 0xF6, 0xDD, 0x87, 0xB1, 0xCE, 0x84, 0x22, 0xEC, 0x1C,
    0xE3, 0x00, 0xA2, 0x36, 0xDA, 0x3E, 0xBD, 0x43, 0x81, 0x15, 0x35, 0x6F, 0x50, 0x97, 0x18, 0x10,
    0xDD, 0xB5, 0xFE, 0x46, 0x93, 0x73, 0xA8, 0xEF, 0x47, 0x4F, 0x51, 0x50, 0x8D, 0xBC, 0x7E, 0xDA,
    0xA3, 0xA1, 0x98, 0x55, 0x7E, 0x3E, 0xA6, 0x43, 0x28, 0xC8, 0xBB, 0x62, 0xB6, 0x12, 0x54, 0x84,
    0x72, 0x11, 0x58, 0x92, 0x9A, 0x21, 0xC4, 0xD3, 0x8F, 0x51, 0x57, 0x6C, 0x4E, 0x00, 0x90, 0x79,
    0x9A, 0x53, 0x2B, 0xD6, 0xEE, 0x4D, 0xE8, 0xFA, 0x0A, 0x36, 0x3A, 0x6B, 0xF4, 0xE4, 0x02, 0x91,
    0x8B, 0x45, 0xE1, 0x35, 0x4C, 0x79, 0x76, 0x12, 0x58, 0x65, 0x2D, 0x09, 0x3C, 0x1B, 0x50, 0x6F,
    0x0E, 0x75, 0x53, 0x04, 0x79, 0xC5, 0x65, 0x50, 0xE7, 0xB7, 0x80, 0xB5, 0x1B, 0x85, 0xDD, 0x20,
    0xC4, 0xFC, 0x69, 0xDC, 0x6E, 0x16, 0xBB, 0x29, 0x5E, 0x71, 0x06, 0xC0, 0x00, 0x05, 0xB5, 0xB0,
    0x89, 0x2D, 0xA4, 0x9D, 0xC8, 0x14, 0x5F, 0xC8, 0x47, 0x76, 0x8D, 0x54, 0xEC, 0xB4, 0xFB, 0x36,
    0xFF, 0x05, 0x1B, 0x96, 0x89, 0x0D, 0x2B, 0x72, 0xE1, 0x0D, 0x0A, 0x45, 0x9C, 0x64, 0x5E, 0x3C,
    0xC0, 0xC4, 0x1C, 0x35, 0x78, 0x00, 0x97, 0x2F, 0xD0, 0xFF, 0x72, 0x14, 0x92, 0x24, 0xAD, 0x69,
    0x90, 0x6D, 0x6B, 0xF9, 0xDD, 0x36, 0xEA, 0x4B, 0x82, 0xDE, 0x28, 0xA0, 0x58, 0x8B, 0xE9, 0x51,
    0x15, 0x3D, 0xC9, 0x39, 0x9A, 0xF0, 0xFC, 0x13, 0x86, 0xF1, 0xF2, 0x07, 0x80, 0x87, 0xF4, 0x00,
    0xE1, 0xF6, 0x0F, 0x13, 0x79, 0xB6, 0x81, 0x6B, 0x6C, 0x60, 0xFC, 0x68, 0x71, 0xE8, 0x00, 0x06,
    0xC1, 0x56, 0x36, 0x2D, 0x84, 0xE9, 0xA8, 0x93, 0x82, 0x27, 0x00, 0x75, 0x56, 0x82, 0x6B, 0xD3,
    0x3A, 0x53, 0xA8, 0x9A, 0x33, 0xD1, 0x5D, 0xFF, 0xBD, 0x2A, 0x43, 0xE2, 0x23, 0xD3, 0xD4, 0xFD,
    0x26, 0x3E, 0xD9, 0xB4, 0x33, 0x44, 0xC0, 0x77, 0xBB, 0x1E, 0xBF, 0x6F, 0xE0, 0x36, 0xE9, 0xEA,
    0xED, 0x02, 0x93, 0x96, 0x61, 0x7B, 0x81, 0x00, 0xA4, 0x8B, 0xCF, 0x11, 0x35, 0x76, 0xE1, 0xDF,
    0x38, 0x61, 0x02, 0xE3, 0x53, 0xC4, 0x5A, 0xF1, 0x7F, 0x69, 0x08, 0x3F, 0x31, 0xD0, 0x93, 0x75,
    0xBC, 0x6B, 0xE9, 0x6A, 0xCA, 0x9F, 0xB0, 0x44, 0xB1, 0x89, 0x6F, 0x17, 0xCA, 0x9C, 0x6C, 0x9C,
    0xA9, 0x72, 0xA2, 0x90, 0xC3, 0x8F, 0xDB, 0xCD, 0x26, 0x9B, 0x3E, 0x96, 0x3C, 0x8E, 0xCA, 0x2A,
    0x80, 0x00, 0x96, 0xC8, 0xA5, 0x29, 0xB7, 0x74, 0x0C, 0xBE, 0x55, 0x0E, 0xEF, 0xDF, 0x62, 0x20,
    0x15, 0xD3, 0x0B, 0xB2, 0x8D, 0x13, 0xF6, 0x41, 0x5D, 0x43, 0x84, 0x4A, 0xA6, 0x9E, 0xAB, 0x9E,
    0x43, 0xF8, 0x0A, 0x5D, 0xCC, 0xA6, 0xFC, 0xD1, 0x20, 0x8E, 0xB9, 0x63, 0xC2, 0x87, 0x82, 0x00,
    0x26, 0xE6, 0xEE, 0xBD, 0x68, 0x06, 0xDA, 0xD5, 0xC2, 0xED, 0x17, 0xFB, 0xBC, 0x87, 0xC4, 0x00,
    0x99, 0x95, 0x5F, 0xC0, 0xFB, 0xA5, 0x0E, 0x2A, 0x10, 0x2F, 0xC0, 0x87, 0x8F, 0x00, 0x09, 0x23,
    0xB9, 0x48, 0xA3, 0x84, 0x09, 0xF0, 0xD2, 0x3E, 0x2C, 0x50, 0x87, 0xAD, 0x00, 0x9F, 0xB0, 0x12,
    0x2F, 0x8B, 0x74, 0xEC, 0xEA, 0x37, 0x5B, 0x87, 0x0F, 0x01, 0x74, 0x66, 0x24, 0xB8, 0xDC, 0xD4,
    0x74, 0x25, 0xB6, 0x9B, 0x60, 0xBC, 0x87, 0x10, 0x87, 0xB4, 0x00, 0x13, 0x02, 0xA9, 0x30, 0xF5,
    0x0B, 0xD5, 0xD3, 0x70, 0xE4, 0xB4, 0x87, 0x2D, 0x01, 0x68, 0x6E, 0x5C, 0x96, 0x7D, 0x6B, 0xE5,
    0x3F, 0x36, 0x45, 0xDE, 0x28, 0x81, 0x50, 0x00, 0x17, 0x23, 0xE2, 0xE3, 0xEA, 0x81, 0x4B, 0xE7,
    0xD3, 0xA5, 0xB9, 0x8F, 0x36, 0x0B, 0xD3, 0x47, 0x1F, 0xDD, 0x2F, 0xAA, 0x52, 0xD7, 0x5B, 0xBB,
    0xA3, 0xF6, 0x76, 0x1B, 0x76, 0x2E, 0x60, 0x85, 0x2D, 0x01, 0x29, 0x5A, 0x7B, 0xB0, 0xCF, 0xB6,
    0x4E, 0x50, 0x6C, 0x63, 0x7F, 0x04, 0x20, 0x0C, 0xA7, 0xBB, 0x99, 0x23, 0x90, 0x2D, 0xD0, 0xA0,
    0x00, 0x19, 0x86, 0xD1, 0xC5, 0xB3, 0xDC, 0xCF, 0xBC, 0xFC, 0x9F, 0x4F, 0x53, 0x60, 0xC8, 0x03,
    0xA3, 0x65, 0x0D, 0xEA, 0xBE, 0x20, 0x14, 0x8A, 0xB8, 0xF6, 0xEF, 0x27, 0xFF, 0x89, 0xD9, 0xC5,
    0x03, 0xEA, 0x69, 0x51, 0x23, 0xF6, 0x55, 0xEF, 0xA5, 0x3D, 0x70, 0x84, 0x2D, 0x01, 0x5C, 0x2C,
    0xD3, 0x60, 0x63, 0xFC, 0x42, 0x58, 0xA5, 0xCD, 0xF0, 0x9A, 0xCB, 0xAB, 0x75, 0x86, 0xCA, 0xA7,
    0x85, 0x57, 0x01, 0x9B, 0xAE, 0x74, 0x4E, 0x99, 0x48, 0x58, 0x20, 0xCF, 0x76, 0x5F, 0xA0, 0xAA,
    0xE2, 0xD5, 0xA0, 0x84, 0x2D, 0x01, 0x2E, 0x3D, 0x83, 0x86, 0x9B, 0x30, 0x4A, 0x20, 0x01, 0xBC,
    0xD5, 0xAF, 0x81, 0x67, 0xA3, 0x75, 0xCB, 0xEC, 0x67, 0xF4, 0x20, 0x87, 0x59, 0x01, 0x82, 0x62,
    0x15, 0x4F, 0x4C, 0xDF, 0x85, 0x92, 0x87, 0x1D, 0xFB, 0x64, 0x16, 0xC0, 0x71, 0x4B, 0xDE, 0x84,
    0x2D, 0x01, 0x21, 0x67, 0x73, 0xBB, 0xBD, 0xFC, 0xE0, 0x95, 0x48, 0x85, 0x61, 0x6A, 0x2B, 0x56,
    0x83, 0x3A, 0x3C, 0x21, 0x87, 0x78, 0x87, 0x59, 0x01, 0x7C, 0x8E, 0xA7, 0x7E, 0x49, 0x72, 0xF5,
    0x87, 0x2F, 0x32, 0x2C, 0x15, 0x60, 0xE9, 0x00, 0x72, 0x70, 0x72, 0x36, 0x3E, 0xC1, 0x3B, 0xA7,
    0x69, 0x04, 0xD4, 0x5F, 0xF2, 0xE4, 0x88, 0x24, 0x1C, 0x1F, 0x10, 0x63, 0xDC, 0x32, 0xB4, 0xAC,
    0x92, 0x2B, 0x2C, 0xA8, 0x85, 0x83, 0x00, 0x29, 0x59, 0x4A, 0x43, 0x88, 0x26, 0xB0, 0xA6, 0xC2,
    0x21, 0xBF, 0xD9, 0x15, 0x2D, 0x07, 0xDC, 0xAA, 0x12, 0x0E, 0xF2, 0xF4, 0x9E, 0x85, 0xC4, 0x00,
    0x0F, 0x51, 0x5B, 0x93, 0xBF, 0x5D, 0x89, 0xDC, 0xE5, 0x73, 0x74, 0xC4, 0x56, 0x56, 0x19, 0x0A,
    0xA0, 0x54, 0xD9, 0xC9, 0x85, 0x81, 0x00, 0x29, 0xB9, 0x2D, 0x03, 0x5C, 0x7F, 0xCA, 0x22, 0xB0,
    0xD6, 0xC0, 0x87, 0xB7, 0x6F, 0x4A, 0x3C, 0x9B, 0x40, 0x85, 0xA1, 0x00, 0x0F, 0x51, 0x82, 0x26,
    0x32, 0xCB, 0x4C, 0xEF, 0x5F, 0x35, 0xB6, 0x72, 0x35, 0xC7, 0x35, 0xE0, 0x83, 0x87, 0x00, 0x5F,
    0xF3, 0x20, 0x05, 0x65, 0x2A, 0x6B, 0xC2, 0x98, 0xC3, 0xAA, 0x7A, 0x11, 0x40, 0x84, 0xA7, 0x00,
    0x34, 0x12, 0xB3, 0x11, 0x63, 0x12, 0xE9, 0x04, 0xA3, 0x43, 0x8F, 0xD3, 0x0B, 0x87, 0x29, 0x00,
    0x93, 0x2A, 0xB4, 0x85, 0x1F, 0x74, 0x75, 0xD3, 0x4A, 0x06, 0x5F, 0x4C, 0xF0, 0xF1, 0xFA, 0x30,
    0xB3, 0x80, 0x87, 0x49, 0x00, 0x7A, 0xEC, 0x8B, 0xBA, 0x77, 0x72, 0x55, 0xD1, 0x88, 0x09, 0xA4,
    0xBF, 0x46, 0x66, 0xD1, 0x13, 0x34, 0x60, 0x87, 0xDF, 0x00, 0x21, 0xD5, 0x15, 0x76, 0x24, 0x47,
    0x93, 0x9C, 0x81, 0x02, 0xBF, 0xA9, 0x84, 0xDE, 0x87, 0xE0, 0x00, 0x94, 0xA2, 0xA9, 0xA6, 0x93,
    0x52, 0x2A, 0xB0, 0x05, 0xBA, 0x5F, 0xEA, 0x29, 0x09, 0xA0, 0x64, 0x93, 0x76, 0x80, 0x2D, 0x00,
    0x25, 0xBA, 0xFB, 0xAC, 0xA0, 0xB6, 0xE3, 0xB5, 0xC9, 0x0D, 0xD9, 0x07, 0x63, 0x5E, 0xDD, 0x36,
    0x03, 0xA0, 0x81, 0x4D, 0x00, 0x21, 0x46, 0x8B, 0x88, 0xE8, 0x90, 0x56, 0x53, 0x36, 0x08, 0x99,
    0x66, 0xED, 0xB9, 0x98, 0x87, 0x31, 0x00, 0x92, 0xDC, 0x00, 0x68, 0x19, 0xB6, 0xFB, 0x16, 0x0B,
    0xFC, 0x9A, 0xC7, 0x98, 0x57, 0xA8, 0x87, 0x51, 0x00, 0x87, 0xC3, 0xAF, 0xA5, 0x28, 0x43, 0x60,
    0x7A, 0x2E, 0xBC, 0x94, 0x2C, 0x80, 0x84, 0x6B, 0x01, 0x1E, 0x0A, 0xF0, 0x70, 0xDF, 0x40, 0xDE,
    0x68, 0xC1, 0x11, 0x80, 0x5B, 0xD8, 0x84, 0x6C, 0x01, 0x0F, 0x4A, 0xC3, 0x04, 0xED, 0xBB, 0xCC,
    0x03, 0x48, 0x9B, 0x00, 0x12, 0x7C, 0xB7, 0xF2, 0x09, 0x45, 0x67, 0xAE, 0x7B, 0xAC, 0x29, 0x5A,
    0xBB, 0x6A, 0x8F, 0x3C, 0xE5, 0x8D, 0x21, 0xF9, 0x90, 0xEA, 0xDC, 0x86, 0x7B, 0x45, 0xD6, 0x8E,
    0x82, 0xC1, 0x1E, 0x72, 0x93, 0xA9, 0xDD, 0x91, 0x14, 0xD2, 0xB0, 0xE9, 0x00, 0x12, 0x7C, 0xB7,
    0xFE, 0xB6, 0x2F, 0x72, 0xFC, 0x33, 0x2A, 0x85, 0x9A, 0x42, 0xF0, 0xC6, 0x3C, 0xEF, 0x14, 0x47,
    0x74, 0xC9, 0x23, 0x37, 0xC6, 0x96, 0x8B, 0x4A, 0x6D, 0x13, 0xCD, 0x06, 0x90, 0xFB, 0x01, 0x80,
    0x53, 0xA9, 0x26, 0xEC, 0x87, 0x51, 0x01, 0x89, 0xBC, 0x17, 0xE3, 0xE2, 0x11, 0x21, 0xE8, 0xE1,
    0xCA, 0x60, 0x59, 0x25, 0x8E, 0x45, 0x01, 0x51, 0x39, 0x5E, 0xB0, 0x2F, 0x1A, 0x0D, 0xD8, 0x01,
    0x5B, 0xF2, 0xDA, 0x59, 0xA0, 0x89, 0x46, 0x01, 0x7A, 0xEE, 0x26, 0x1A, 0xA5, 0xF2, 0x6A, 0x9D,
    0xF3, 0xEA, 0xE2, 0xE7, 0xD4, 0x18, 0x87, 0x47, 0x01, 0xF8, 0xFC, 0xC1, 0x9B, 0x6A, 0x46, 0x18,
    0xBA, 0xC1, 0xE0, 0xCC, 0xDB, 0xF0, 0xAE, 0x64, 0xC0, 0x81, 0x29, 0x00, 0x54, 0x68, 0x14, 0x81,
    0xB9, 0xD1, 0xA7, 0x00, 0xDF, 0xDE, 0xE8, 0x59, 0x5C, 0x81, 0x49, 0x00, 0x3E, 0x07, 0x77, 0xD3,
    0xB2, 0xA3, 0xC2, 0xB5, 0xC8, 0x84, 0x66, 0xC2, 0x3A, 0xA5, 0xAE, 0x00, 0x05, 0xB7, 0xE8, 0xEE,
    0xE7, 0xDD, 0x9A, 0xEC, 0xF6, 0x84, 0xB2, 0x53, 0x4E, 0xA6, 0x36, 0x69, 0x63, 0x7F, 0xFE, 0x72,
    0xCA, 0xCD, 0xBD, 0xBD, 0x94, 0x94, 0xEB, 0x3D, 0xE2, 0xFC, 0x51, 0x3B, 0x49, 0x5B, 0x78, 0x9D,
    0x4D, 0x0A, 0xAD, 0xFF, 0x48, 0x4F, 0x9D, 0xBF, 0xD4, 0x16, 0xB6, 0x00, 0x81, 0xAC, 0xA4, 0x3E,
    0xC2, 0x01, 0xF7, 0x01, 0x17, 0x51, 0x12, 0x35, 0x5C, 0x45, 0x74, 0xDF, 0xD3, 0x58, 0x4F, 0x6D,
    0x5E, 0xCC, 0xE7, 0xFA, 0x77, 0x8E, 0xD4, 0x38, 0x1C, 0x58, 0x76, 0x0E, 0x71, 0x29, 0x80, 0x30,
    0x00, 0x2D, 0xB6, 0xEE, 0xC1, 0x41, 0xAD, 0x00, 0xF5, 0x25, 0xC2, 0xB2, 0x39, 0x96, 0x81, 0x50,
    0x00, 0x1E, 0x10, 0xDC, 0x5D, 0x9E, 0x60, 0xBF, 0xC7, 0x8C, 0x70, 0x80, 0x23, 0x00, 0x52, 0xAF,
    0x55, 0x8B, 0x48, 0x9B, 0xAE, 0x94, 0xB2, 0x33, 0x95, 0x46, 0x21, 0xCD, 0x1C, 0x09, 0xCF, 0xD8,
    0xEE, 0x13, 0x10, 0x4E, 0x7E, 0x9D, 0xFA, 0x70, 0x74, 0x86, 0xAD, 0x2D, 0x81, 0xDF, 0xEC, 0x85,
    0x80, 0xA4, 0x01, 0x20, 0x7E, 0x58, 0x83, 0xA6, 0x00, 0x41, 0x92, 0x79, 0xB4, 0x34, 0x15, 0x6E,
    0xD5, 0xC3, 0x92, 0x2F, 0x32, 0x52, 0x38, 0x70, 0xE6, 0x5A, 0xD1, 0x72, 0xD9, 0x8A, 0x06, 0xFD,
    0x90, 0x80, 0x87, 0x00, 0x85, 0xA5, 0xDA, 0x48, 0xE5, 0x00, 0xC3, 0x43, 0x5A, 0xE1, 0xF9, 0x6D,
    0xD0, 0x7E, 0x32, 0x81, 0xA7, 0x00, 0x6C, 0x7C, 0x95, 0x3D, 0x86, 0x66, 0x0C, 0x4B, 0x78, 0xBE,
    0x53, 0x1F, 0xD1, 0xD8, 0x82, 0x99, 0x00, 0x53, 0x5A, 0x76, 0x86, 0xC1, 0x2E, 0xC8, 0x90, 0x99,
    0x46, 0x3E, 0x8B, 0x56, 0x75, 0xC0, 0x81, 0xB9, 0x00, 0x4B, 0xBB, 0xB3, 0xB2, 0x2C, 0xF6, 0x58,
    0x64, 0x57, 0x7E, 0xDD, 0x8F, 0x40, 0x87, 0x83, 0x00, 0x16, 0x4A, 0x13, 0xD5, 0xF8, 0x13, 0x44,
    0x18, 0x99, 0xA1, 0x62, 0x46, 0x74, 0x3B, 0xE0, 0xCE, 0x36, 0xC0, 0x81, 0x43, 0x00, 0x08, 0x36,
    0x00, 0xCA, 0x45, 0xB1, 0xA5, 0xCD, 0x32, 0xA1, 0x15, 0x8E, 0x41, 0xE8, 0x10, 0x87, 0x83, 0x00,
    0xF5, 0xAA, 0x0E, 0x0F, 0xD0, 0xD4, 0xA7, 0x0F, 0x2B, 0x56, 0x27, 0xB5, 0x42, 0x60, 0x87, 0xA3,
    0x00, 0xB8, 0xFB, 0x2E, 0xE8, 0x68, 0x27, 0x92, 0xB9, 0xDC, 0xE1, 0x07, 0x10, 0x80, 0x27, 0x00,
    0x0C, 0x47, 0xEF, 0x0A, 0x11, 0xD0, 0xF8, 0x61, 0x1E, 0x2F, 0x3F, 0x5E, 0x5D, 0x97, 0x87, 0xD8,
    0x00, 0x08, 0x4D, 0x6B, 0xF8, 0x65, 0x8A, 0xC1, 0xF3, 0x0B, 0x8E, 0x57, 0x78, 0x9B, 0x19, 0x80,
    0x27, 0x00, 0x4C, 0x0E, 0x64, 0x56, 0x2B, 0xBF, 0xC1, 0x8F, 0x67, 0xC2, 0x09, 0x1B, 0xBE, 0x87,
    0xAB, 0x00, 0xB8, 0xF9, 0xFE, 0xD5, 0x1F, 0xB7, 0x20, 0x07, 0x21, 0x25, 0xE4, 0x3D, 0x20, 0x00,
    0x02, 0xB6, 0xE7, 0x9D, 0xF0, 0x10, 0x4F, 0x95, 0x92, 0x5F, 0x2A, 0x8E, 0x2D, 0x02, 0x9B, 0x89,
    0x9D, 0x2F, 0xEF, 0x4B, 0x42, 0xE0, 0xD6, 0xF0, 0x12, 0x20, 0x87, 0x89, 0x01, 0x46, 0x25, 0x6C,
    0xDA, 0x0F, 0x64, 0xE5, 0x01, 0x91, 0x95, 0xFD, 0xAC, 0x4F, 0x41, 0x5F, 0x0C, 0xFB, 0x73, 0x9C,
    0x80, 0xEF, 0x00, 0x5E, 0xDE, 0xAA, 0xA9, 0x3A, 0x51, 0x39, 0xF3, 0x1D, 0x85, 0x84, 0xEC, 0x00,
    0x52, 0x0B, 0x33, 0x97, 0x3C, 0x9D, 0x17, 0x24, 0xA7, 0xF8, 0x87, 0x0F, 0x01, 0x10, 0x18, 0x4C,
    0x70, 0xE5, 0x0D, 0xFE, 0x91, 0xA1, 0xF5, 0x6C, 0x52, 0x44, 0x96, 0xD1, 0x90, 0x87, 0xB5, 0x00,
    0x08, 0x59, 0xE8, 0x80, 0xE4, 0x28, 0xBC, 0x58, 0xA9, 0x85, 0x45, 0x9D, 0x03, 0x40, 0x87, 0x95,
    0x00, 0xBE, 0xE8, 0x0F, 0x6B, 0xB0, 0xF7, 0x1D, 0xA9, 0x16, 0x8B, 0x3A, 0xAB, 0x60, 0x87, 0xB5,
    0x00, 0xF3, 0x49, 0xD9, 0x37, 0x90, 0x47, 0x98, 0x5D, 0x23, 0x5D, 0x8A, 0x80, 0x80, 0x34, 0x00,
    0x11, 0xD1, 0xAD, 0x31, 0x02, 0x32, 0x27, 0xC0, 0xD4, 0x5A, 0x23, 0x24, 0x52, 0x26, 0xFD, 0xD7,
    0x2A, 0xC0, 0x80, 0x54, 0x00, 0x08, 0x42, 0x34, 0xFF, 0x3B, 0x1A, 0x6D, 0x69, 0x03, 0x1A, 0x40,
    0xDD, 0x4F, 0x80, 0x34, 0x00, 0x96, 0x2C, 0xC1, 0x79, 0x9E, 0x49, 0x0D, 0x61, 0x04, 0xC5, 0x67,
    0x06, 0x67, 0x55, 0x40, 0x80, 0x54, 0x00, 0x7D, 0x70, 0xCD, 0x36, 0xDF, 0x4B, 0x36, 0x36, 0x9D,
    0x6F, 0x2C, 0x87, 0x31, 0x01, 0x15, 0x95, 0x38, 0x04, 0x00, 0x80, 0xB1, 0x49, 0x20, 0x1A, 0xCE,
    0xB4, 0x26, 0xE0, 0x8B, 0x59, 0x01, 0x0B, 0x8E, 0x86, 0xE2, 0xDB, 0x09, 0x7C, 0xF7, 0xA9, 0x2A,
    0x11, 0x0C, 0x2A, 0x36, 0x72, 0x87, 0x9C, 0x00, 0xC2, 0x64, 0x1C, 0xA6, 0x06, 0xF7, 0x12, 0x85,
    0x93, 0xED, 0x8F, 0x81, 0xD7, 0xC0, 0x8B, 0x59, 0x01, 0x58, 0xD8, 0x79, 0x38, 0x6E, 0x70, 0x2B,
    0x97, 0x88, 0x9E, 0x0F, 0x58, 0x00, 0xD8, 0x87, 0x35, 0x00, 0x86, 0x50, 0xAB, 0xE5, 0x0A, 0x3A,
    0x95, 0xFB, 0x2B, 0xE1, 0xA7, 0xED, 0x23, 0x80, 0x87, 0x55, 0x00, 0x41, 0x43, 0xC5, 0xCD, 0xCA,
    0xC6, 0xE1, 0x6E, 0xAB, 0xBF, 0xDC, 0x87, 0x36, 0x00, 0x48, 0xEE, 0x99, 0xF3, 0xA9, 0x0C, 0xBB,
    0x9F, 0x02, 0xE0, 0x87, 0x56, 0x00, 0x79, 0xB5, 0xC7, 0x54, 0x24, 0xB2, 0x18, 0x4D, 0x9E, 0x00,
    0x74, 0x3F, 0xFC, 0x87, 0x0C, 0x55, 0xD0, 0x5A, 0x43, 0x57, 0x0B, 0x68, 0xF3, 0x5C, 0x5B, 0x40,
    0x57, 0x31, 0xD1, 0x25, 0xF8, 0x37, 0xFC, 0xD1, 0x21, 0x2B, 0x18, 0xB3, 0xFB, 0x77, 0xCC, 0x4E,
    0x3D, 0x48, 0x18, 0x00, 0x0A, 0x95, 0xCE, 0x2B, 0x72, 0xE1, 0x37, 0x95, 0xEE, 0x6E, 0x7A, 0x0A,
    0x22, 0x4F, 0xEE, 0x0F, 0x7B, 0x68, 0x83, 0xC6, 0x3F, 0xE0, 0x9F, 0xA1, 0x68, 0x3E, 0x70, 0xC1,
    0x35, 0xA2, 0x80, 0x2A, 0x00, 0x30, 0x88, 0x97, 0xA4, 0x8A, 0xC5, 0xE5, 0x79, 0x5C, 0x13, 0x72,
    0xB7, 0x2F, 0x38, 0xBE, 0x81, 0x4A, 0x00, 0x21, 0x46, 0x8B, 0x88, 0xE8, 0x90, 0x1E, 0x69, 0xA9,
    0xE4, 0xB9, 0x12, 0x00, 0x07, 0x6D, 0x70, 0x50, 0x45, 0x00, 0x17, 0x9B, 0xD7, 0xB4, 0xD0, 0x20,
    0x00, 0x21, 0x99, 0x20, 0xDB, 0x1E, 0x33, 0x00, 0xF8, 0xB8, 0x00, 0x1E, 0xB6, 0x85, 0x76, 0xD9,
    0x92, 0x16, 0xDA, 0xB0, 0xA6, 0xA8, 0x00, 0x05, 0x7C, 0x64, 0x00, 0x00, 0x00, 0x36, 0xAA, 0x00,
    0x09, 0xB0, 0x23, 0xD7, 0xFA, 0x67, 0xA9, 0xBB, 0x80, 0x00, 0x13, 0x51, 0x89, 0xD2, 0x00, 0x02,
    0x70, 0x59, 0x73, 0x7F, 0x98, 0x7A, 0xB3, 0x60, 0x00, 0x41, 0x72, 0x8C, 0x82, 0x8A, 0x5C, 0x82,
    0x1B, 0xBD, 0x80, 0x00, 0x0D, 0xEB, 0x02, 0x49, 0x70, 0xEC, 0x25, 0x33, 0x96, 0xC0, 0x00, 0x15,
    0x98, 0x27, 0x0B, 0x15, 0x1F, 0x7D, 0xBF, 0x20, 0x87, 0x50, 0x01, 0x6F, 0x65, 0xA0, 0x00, 0x2E,
    0x03, 0x00, 0x3F, 0x30, 0x6F, 0xE8, 0x21, 0xF0, 0x00, 0x08, 0x40, 0xDC, 0x01, 0xA1, 0x8B, 0x4B,
    0x3F, 0xE4, 0x09, 0xAD, 0x00, 0x14, 0xEC, 0x16, 0x3D, 0x26, 0x53, 0x11, 0x07, 0xED, 0xF4, 0xF8,
    0xCB, 0x20, 0x00, 0x52, 0x03, 0x80, 0xA7, 0x8B, 0xBA, 0x70, 0x1C, 0x00, 0x22, 0x64, 0x42, 0x97,
    0x29, 0x21, 0x7C, 0x80, 0x00, 0x07, 0x2E, 0xA8, 0x65, 0x13, 0x68, 0xF6, 0xF3, 0xA0, 0x00, 0x07,
    0x24, 0xCE, 0xCA, 0xB7, 0x14, 0xC2, 0x53, 0xE2, 0x87, 0xB4, 0x01, 0x83, 0xAC, 0x80, 0x87, 0x42,
    0x00, 0xCA, 0xDE, 0xD4, 0x00, 0x19, 0x25, 0x6F, 0x27, 0x72, 0xA0, 0x00, 0x1F, 0xDC, 0xF0, 0xE0,
    0x60, 0xBB, 0x80, 0x00, 0x09, 0x52, 0xBF, 0x06, 0x4A, 0x08, 0x00, 0x3D, 0x35, 0x72, 0xC4, 0x59,
    0x88, 0x00, 0x13, 0x61, 0x4F, 0xD0, 0xB9, 0x04, 0xE0, 0x00, 0x26, 0xD6, 0x30, 0xE6, 0x56, 0xC0,
    0x00, 0x14, 0xD4, 0x56, 0x87, 0xC4, 0x00, 0x00, 0x9E, 0x21, 0xAC, 0x00, 0x14, 0xB8, 0xC6, 0xD5,
    0x55, 0x12, 0x79, 0x60, 0x00, 0x3E, 0x63, 0xA0, 0x00, 0x4E, 0xA5, 0x61, 0xC8, 0x9D, 0xD0, 0x00,
    0x33, 0x5F, 0x25, 0xCC, 0xFF, 0x70, 0x87, 0x78, 0x00, 0xAF, 0x49, 0xCA, 0x87, 0xA9, 0x01, 0x78,
    0xCD, 0x66, 0xF8, 0x00, 0x1F, 0x08, 0xDA, 0x27, 0x85, 0xA1, 0x4D, 0xCF, 0x9A, 0xF3, 0xAD, 0x00,
    0x35, 0xE2, 0xF1, 0x10, 0x00, 0x21, 0x72, 0x9A, 0xCF, 0xC6, 0x09, 0x56, 0x30, 0x00, 0x0E, 0xC7,
    0xBE, 0x7B, 0x9E, 0xF9, 0x33, 0xDD, 0x00, 0x0F, 0x9D, 0xC0, 0x00, 0x05, 0x28, 0x27, 0xFD, 0x36,
    0x7F, 0xB2, 0x00, 0x4D, 0x6C, 0x66, 0x7E, 0x57, 0xD9, 0x88, 0x49, 0x3D, 0x70, 0x87, 0x50, 0x01,
    0x6F, 0xCA, 0x8F, 0xC5, 0xE6, 0x87, 0x8F, 0x00, 0x5C, 0xAB, 0x05, 0xF2, 0x8C, 0x87, 0xA7, 0x01,
    0x8C, 0x74, 0xFF, 0xA0, 0x87, 0xB2, 0x01, 0x1A, 0x7E, 0x00, 0x80, 0x87, 0xEA, 0x00, 0x12, 0x3E,
    0x48, 0x53, 0x81, 0x79, 0x9F, 0x00, 0x4B, 0x99, 0xD3, 0x68, 0x86, 0xA6, 0x01, 0xDD, 0x93, 0x88,
    0xD3, 0x01, 0x6A, 0x3F, 0xC1, 0x64, 0x72, 0x48, 0x87, 0xEA, 0x00, 0x7A, 0x74, 0x7C, 0x00, 0x00,
    0x02, 0x75, 0x97, 0x74, 0x00, 0x05, 0x05, 0x4D, 0x3C, 0x24, 0x6F, 0x80, 0x00, 0x8B, 0x07, 0x4E,
    0x76, 0x0D, 0x45, 0x06, 0x54, 0xC5, 0x00, 0x8F, 0x6A, 0xDB, 0xFB, 0xF4, 0x81, 0x7D, 0xD8, 0xAB,
    0x92, 0x9E, 0xD0, 0x6E, 0xC1, 0xB7, 0x73, 0xB5, 0x80, 0x00, 0x23, 0xA0, 0x9B, 0xF3, 0x2A, 0xC0,
    0x00, 0x09, 0xB3, 0xFA, 0x03, 0x67, 0xDE, 0xF8, 0x36, 0x2C, 0x00, 0x05, 0x28, 0x4E, 0xFB, 0x06,
    0xED, 0x0C, 0x99, 0x22, 0xBB, 0x45, 0x2D, 0x24, 0x00, 0x4E, 0x2C, 0x4B, 0x84, 0xFE, 0x33, 0xCC,
    0x42, 0xE5, 0x60, 0x40, 0x10, 0x4B, 0x5E, 0x2F, 0xC1, 0xF4, 0x7E, 0xD2, 0x09, 0x00, 0x1B, 0xEF,
    0xD9, 0xFF, 0xDE, 0x22, 0xE4, 0xA8, 0x84, 0xD3, 0x01, 0x05, 0x23, 0x65, 0x8E, 0x44, 0x87, 0xA1,
    0x01, 0x80, 0x6E, 0xC0, 0x87, 0x75, 0x00, 0x63, 0x87, 0xD5, 0x01, 0x7A, 0x74, 0x78, 0x00, 0x08,
    0xCA, 0x3C, 0x85, 0xAF, 0xE6, 0x80, 0x00, 0x26, 0xDD, 0x6A, 0xE6, 0xDC, 0x52, 0x04, 0xC8, 0xDC,
    0xDC, 0x91, 0xD3, 0xEB, 0xE3, 0xC4, 0xFD, 0x00, 0x08, 0x30, 0x37, 0xA4, 0x81, 0x80, 0x87, 0xCB,
    0x01, 0x5E, 0xCB, 0x80, 0x88, 0xD3, 0x01, 0x6A, 0x3F, 0xC1, 0x64, 0x72, 0x48, 0x87, 0xAF, 0x01,
    0x95, 0x80, 0x00, 0x00, 0x9E, 0xA2, 0x5D, 0x40, 0x86, 0xEA, 0x00, 0x72, 0xCD, 0x89, 0x35, 0x8A,
    0x4C, 0xAD, 0x9C, 0x1F, 0x00, 0x2F, 0x01, 0x7A, 0x7F, 0x81, 0x2F, 0x74, 0xCF, 0x4D, 0x8E, 0x5C,
    0x9E, 0x2C, 0x50, 0x26, 0x59, 0x18, 0xDA, 0x2C, 0x1B, 0x28, 0x87, 0xD5, 0x01, 0x75, 0xB8, 0x4E,
    0x81, 0x83, 0x92, 0xC4, 0xAA, 0xDF, 0x92, 0x4F, 0x96, 0xE1, 0xF0, 0x00, 0x1A, 0x18, 0x48, 0x6C,
    0x79, 0x9C, 0xA0, 0xFA, 0x68, 0xCB, 0x00, 0x3F, 0xA7, 0x1C, 0x31, 0xF4, 0x00, 0x02, 0x86, 0x10,
    0xEF, 0x93, 0xCC, 0xCB, 0xF6, 0x6C, 0x35, 0x0C, 0xBB, 0x09, 0xEF, 0xA9, 0x20, 0xF9, 0x54, 0xC0,
    0x76, 0x5C, 0x43, 0x77, 0x3E, 0xFC, 0x35, 0x58, 0xDC, 0x02, 0x3C, 0xDB, 0x76, 0xBA, 0xBB, 0x3C,
    0xF6, 0xE5, 0x7D, 0x31, 0x09, 0xF0, 0xF3, 0xD6, 0x4C, 0x22, 0x63, 0x9C, 0x83, 0xA4, 0x4C, 0x13,
    0x82, 0x58, 0x06, 0xE1, 0xF7, 0xFB, 0xB0, 0x16, 0x15, 0x4E, 0x48, 0x71, 0x80, 0x1A, 0x14, 0x4E,
    0x30, 0x51, 0x38, 0xD5, 0xB8, 0x00, 0x04, 0xC8, 0x12, 0xF6, 0x2D, 0x63, 0x8D, 0xB5, 0xD8, 0x00,
    0x12, 0x99, 0xBE, 0x68, 0x6C, 0x80, 0x00, 0x52, 0x07, 0x41, 0x26, 0x19, 0x55, 0x90, 0xFD, 0xED,
    0x70, 0x17, 0x18, 0xA0, 0x87, 0xDE, 0x01, 0x85, 0x60, 0xE4, 0xB5, 0xB8, 0x00, 0x2D, 0x32, 0x86,
    0x63, 0xF4, 0x04, 0x8A, 0xE6, 0xBE, 0x87, 0xF1, 0x01, 0x8D, 0x77, 0x80, 0x00, 0x04, 0x60, 0x4A,
    0x7E, 0x8A, 0x57, 0x0F, 0x34, 0x98, 0x7F, 0x5D, 0xF8, 0x00, 0x30, 0x70, 0xA8, 0x00, 0x04, 0x01,
    0x9E, 0x0F, 0x14, 0xA6, 0x00, 0x13, 0x2C, 0x0C, 0xAD, 0xC8, 0x40, 0x00, 0x00, 0x03, 0xC0, 0x3A,
    0xAC, 0x1B, 0xE4, 0x2F, 0xF8, 0x36, 0x9C, 0x03, 0xC0, 0x00, 0x0A, 0x4B, 0x0E, 0xB4, 0x56, 0x75,
    0xD4, 0xDA, 0x7E, 0x13, 0xA2, 0x10, 0x02, 0xA2, 0xD4, 0x18, 0x00, 0x09, 0x4D, 0x3D, 0xFE, 0x19,
    0xF5, 0xEB, 0xF5, 0x00, 0x89, 0x1A, 0x69, 0x82, 0x93, 0x30, 0x8F, 0x50, 0xBD, 0xE4, 0x46, 0x02,
    0x29, 0x56, 0x00, 0x04, 0x7D, 0x46, 0x16, 0xC4, 0x22, 0xEA, 0xDC, 0xB1, 0xF8, 0xED, 0xD1, 0x61,
    0x8D, 0xE0, 0x00, 0x00, 0x00, 0x82, 0x4C, 0xC0, 0x88, 0xFF, 0x01, 0x0F, 0x82, 0x68, 0x00, 0x10,
    0x2B, 0x10, 0x6B, 0x80, 0x63, 0x02, 0x92, 0x66, 0xC5, 0xE6, 0xC1, 0x02, 0x1B, 0x70, 0x00, 0x9B,
    0xB1, 0xC0, 0x81, 0x63, 0x1D, 0x4F, 0x03, 0x29, 0x37, 0x79, 0xD7, 0x18, 0x9D, 0xA8, 0x66, 0x00,
    0x71, 0x6B, 0x18, 0xF7, 0x9D, 0x97, 0xAD, 0xE5, 0xCC, 0x72, 0x00, 0x0E, 0x1E, 0x69, 0x53, 0xD7,
    0x25, 0x10, 0x96, 0xDD, 0xC5, 0x5A, 0x29, 0xB0, 0xFD, 0x90, 0x40, 0x05, 0x40, 0xF7, 0xCB, 0x4B,
    0x7F, 0xBD, 0xF4, 0x01, 0xE0, 0x42, 0xFE, 0x00, 0x00, 0x00, 0x2C, 0xE7, 0x9D, 0x80, 0xF2, 0x91,
    0xD8, 0x18, 0xFE, 0x40, 0x00, 0x1B, 0x16, 0xD5, 0x61, 0x7F, 0x2C, 0xB2, 0x16, 0x58, 0xF0, 0x00,
    0x08, 0xC0, 0x5C, 0xE0, 0xBF, 0xC7, 0xF7, 0xAB, 0xE0, 0x00, 0x11, 0x0B, 0x56, 0xB0, 0xDA, 0x2A,
    0x49, 0xBB, 0xE1, 0xC6, 0x48, 0x00, 0x23, 0x3D, 0x60, 0xC2, 0x34, 0xC9, 0x98, 0x4B, 0xBA, 0x6E,
    0x98, 0xC6, 0xB8, 0x00, 0x04, 0x37, 0x0C, 0x99, 0x32, 0x75, 0x48, 0x44, 0x39, 0xBF, 0x3D, 0x00,
    0x03, 0x94, 0x1F, 0xE8, 0x9D, 0x01, 0xC6, 0xF2, 0x40, 0x77, 0x37, 0xB4, 0xE4, 0xBD, 0xC4, 0x5E,
    0xC9, 0x17, 0x00, 0x02, 0xD7, 0x1E, 0x70, 0xC6, 0x67, 0x1A, 0x52, 0xC0, 0x00, 0x13, 0x6D, 0xBC,
    0x80, 0xE6, 0x9D, 0x96, 0x90, 0x00, 0x07, 0xD3, 0x52, 0x39, 0xD7, 0x3C, 0xAA, 0x5C, 0x84, 0x89,
    0x0F, 0x02, 0x50, 0x77, 0xC1, 0x13, 0xC1, 0x66, 0x5E, 0xC3, 0x0E, 0x45, 0x6D, 0x72, 0x80, 0x27,
    0x00, 0x87, 0x4B, 0x55, 0xBB, 0x3E, 0xE8, 0x0F, 0xFE, 0x1C, 0xE8, 0x53, 0x80, 0x13, 0x40, 0x81,
    0x27, 0x00, 0x0D, 0x1B, 0x32, 0x08, 0x8D, 0xD8, 0xE6, 0x1B, 0x11, 0xA9, 0x2E, 0x7C, 0xBF, 0x20,
    0xA7, 0x9E, 0x54, 0x00, 0x00, 0x07, 0xD7, 0xB7, 0x34, 0xB8, 0xEA, 0x3F, 0x70, 0x8F, 0xA1, 0xCD,
    0x03, 0x8B, 0x41, 0x26, 0xD0, 0x48, 0xCB, 0x14, 0x74, 0x01, 0x53, 0xA7, 0xF2, 0x85, 0x43, 0xB5,
    0xEB, 0x21, 0x9A, 0x9B, 0x80, 0x00, 0x4D, 0xF7, 0x5C, 0x7C, 0xE5, 0xD9, 0xB5, 0xA2, 0xB5, 0xDB,
    0x64, 0x0B, 0x45, 0x59, 0x19, 0x1B, 0x97, 0x11, 0x07, 0x5B, 0xF9, 0x44, 0xED, 0x3B, 0x75, 0xD0,
    0x00, 0x89, 0x41, 0xF3, 0xED, 0x1B, 0x30, 0xB3, 0x01, 0xD3, 0x2B, 0x5D, 0x7B, 0xB6, 0x35, 0x85,
    0xD4, 0xA7, 0x56, 0x66, 0xB1, 0x92, 0x06, 0x14, 0x51, 0x2F, 0x8E, 0x7F, 0xE5, 0x64, 0x00, 0x75,
    0x89, 0xAD, 0x4E, 0xA9, 0xF6, 0x25, 0xDC, 0x09, 0x81, 0x21, 0xB2, 0xDD, 0x6A, 0x91, 0x9A, 0x62,
    0x48, 0x6E, 0xCF, 0xEA, 0xDC, 0xCD, 0x45, 0xD6, 0x42, 0xC3, 0xBC, 0x3E, 0x2E, 0xAF, 0x7A, 0x0C,
    0x64, 0xA2, 0x80, 0x87, 0xEF, 0x00, 0x66, 0x52, 0xB6, 0xAA, 0x50, 0x01, 0x82, 0x96, 0xEB, 0xE2,
    0x87, 0x90, 0x00, 0x57, 0x90, 0xDF, 0x58, 0xFD, 0xFA, 0x5D, 0xB7, 0x9A, 0xA1, 0x9F, 0x2B, 0x59,
    0x5A, 0xE0, 0x30, 0x10, 0x87, 0x2C, 0x00, 0x69, 0xF9, 0x0E, 0xA7, 0x98, 0x7F, 0xA7, 0x60, 0x20,
    0x00, 0x0E, 0xCB, 0xC0, 0xE0, 0x22, 0x2D, 0x28, 0x1A, 0x98, 0x33, 0x72, 0xFB, 0xCD, 0xE6, 0x72,
    0xF9, 0x3A, 0x1E, 0x67, 0xEE, 0x45, 0xBA, 0x8A, 0x4E, 0x35, 0xE1, 0x83, 0xC7, 0x18, 0x33, 0x15,
    0x61, 0x36, 0xDF, 0x23, 0x97, 0x1C, 0x60, 0x00, 0x05, 0xA5, 0x38, 0xE5, 0xAC, 0x86, 0xBE, 0x0D,
    0xB8, 0xCE, 0xF7, 0x6B, 0x39, 0x47, 0xB4, 0xDF, 0xA6, 0xC6, 0xD7, 0x08, 0x89, 0x3A, 0x5D, 0x10,
    0x3C, 0xD6, 0x5A, 0x70, 0x87, 0xF0, 0xFC, 0x1E, 0x84, 0x9A, 0x02, 0x69, 0xAA, 0xC2, 0xC6, 0x49,
    0x62, 0xAD, 0x24, 0x8A, 0xD8, 0x00, 0x00, 0x0E, 0x8E, 0xF9, 0x86, 0x42, 0x94, 0x7F, 0xA9, 0x12,
    0x28, 0x5E, 0x37, 0xA7, 0xF4, 0x87, 0xB2, 0x3D, 0x58, 0x98, 0x02, 0x07, 0xD8, 0xF7, 0xBF, 0xB4,
    0xDA, 0x6C, 0x1B, 0xC6, 0x9A, 0x7F, 0xB5, 0x80, 0x2D, 0x00, 0x5B, 0xFD, 0x57, 0xD0, 0x4D, 0x6C,
    0x33, 0xA3, 0xDD, 0x7A, 0x9D, 0xD9, 0xA0, 0x40, 0x61, 0x7E, 0x38, 0x4A, 0x9A, 0x27, 0x6E, 0x46,
    0x8C, 0x80, 0x2A, 0x00, 0xA2, 0x8C, 0x28, 0x6D, 0x5E, 0x1C, 0xE1, 0x39, 0x96, 0xA8, 0xEF, 0x27,
    0x32, 0x53, 0x75, 0x77, 0xB6, 0xC2, 0x11, 0xBE, 0x7F, 0xBE, 0x19, 0x33, 0xB3, 0x9A, 0x2E, 0xD2,
    0x28, 0x7F, 0xB6, 0x0E, 0x12, 0x04, 0x05, 0x52, 0xA2, 0x80, 0x3B, 0x00, 0x92, 0x71, 0x4F, 0xC0,
    0x8C, 0x12, 0x21, 0x5C, 0x63, 0x01, 0x11, 0x0D, 0xE9, 0x03, 0x6E, 0xFC, 0xBE, 0x1E, 0x45, 0x2B,
    0xEC, 0xE7, 0xEB, 0x9E, 0xA6, 0x69, 0xE3, 0xAE, 0xFA, 0xE3, 0x9A, 0x5E, 0x75, 0x5C, 0xE6, 0x70,
    0x87, 0xF3, 0x00, 0x69, 0xBE, 0xD7, 0xB0, 0xDB, 0xF3, 0x17, 0xE5, 0xBF, 0x83, 0x5C, 0x00, 0xD8,
    0x1F, 0xC1, 0x92, 0xB4, 0x02, 0x7C, 0xF6, 0xA0, 0x4D, 0xD0, 0xB5, 0xBA, 0xD1, 0xC8, 0x73, 0xFA,
    0x8C, 0x86, 0x00, 0xB7, 0xE6, 0x74, 0x7E, 0xDD, 0x65, 0x75, 0x7C, 0xB2, 0x03, 0x7B, 0x9E, 0xD9,
    0x3C, 0x2A, 0xD9, 0x3B, 0xE7, 0xF2, 0x51, 0x8B, 0x58, 0x7B, 0x80, 0x87, 0x28, 0x00, 0x64, 0xC3,
    0xB2, 0x46, 0xB3, 0x1E, 0x5C, 0x7B, 0x21, 0x02, 0x8D, 0xA9, 0xEC, 0xFF, 0x05, 0x2C, 0xB3, 0x00,
    0xDA, 0xD2, 0x07, 0x31, 0x87, 0xA4, 0x87, 0x24, 0x00, 0x52, 0xEA, 0xD2, 0xFA, 0x14, 0xC5, 0x33,
    0x51, 0xE2, 0xE7, 0xE0, 0xCD, 0xD1, 0x0D, 0x07, 0xC1, 0x52, 0xCF, 0x98, 0xE0, 0x46, 0x4C, 0xE9,
    0xB0, 0x8E, 0x14, 0x02, 0x5B, 0x82, 0x9B, 0xBA, 0x80, 0x00, 0x0E, 0xC1, 0x56, 0xF5, 0x98, 0xD5,
    0x7F, 0x16, 0x8E, 0x4F, 0x30, 0x32, 0x22, 0xB4, 0x9B, 0xFD, 0x40, 0x57, 0xDA, 0x95, 0x5F, 0xCB,
    0xD0, 0x8A, 0xE0, 0xB9, 0x34, 0xEF, 0x74, 0x17, 0x9A, 0xF1, 0x3D, 0xC2, 0x87, 0x27, 0x00, 0x5E,
    0x73, 0x76, 0xDF, 0x53, 0x17, 0x84, 0xD8, 0x00, 0x06, 0x23, 0x50, 0x8E, 0xDF, 0x2D, 0x13, 0xB7,
    0xC9, 0xE0, 0x76, 0x48, 0xBE, 0x9B, 0xA3, 0xA9, 0x45, 0xDA, 0xE7, 0x5E, 0xAA, 0xF2, 0x3F, 0x15,
    0xB8, 0xF6, 0x93, 0x51, 0xD9, 0x93, 0x16, 0x93, 0xBF, 0xF9, 0x67, 0xE0, 0x28, 0x99, 0xC8, 0xD9,
    0x20, 0x94, 0x15, 0xB0, 0x5C, 0x22, 0x8C, 0xEF, 0x76, 0xCD, 0x53, 0x6A, 0xB8, 0x06, 0x1B, 0x1A,
    0x5E, 0x00, 0x76, 0xDC, 0x9D, 0x10, 0x13, 0xC2, 0x16, 0x6D, 0x4D, 0x25, 0xB1, 0xCD, 0xEB, 0xF7,
    0x54, 0xEF, 0xBA, 0x54, 0x2D, 0x47, 0x76, 0x40, 0xFA, 0x5B, 0x41, 0x34, 0x23, 0xD4, 0x97, 0x75,
    0x6B, 0x1F, 0xE0, 0x8E, 0x1E, 0x02, 0x66, 0xCE, 0x15, 0x0E, 0xC0, 0x80, 0x9A, 0xDE, 0x87, 0x1E,
    0x02, 0xA1, 0x64, 0x36, 0x23, 0x92, 0xA7, 0xF0, 0x94, 0x5F, 0x9E, 0xDB, 0xAC, 0x99, 0xEE, 0xBE,
    0x05, 0xF9, 0x3E, 0x8E, 0x1D, 0x02, 0x63, 0x35, 0x20, 0x5A, 0xD1, 0xD3, 0xE1, 0xD0, 0xEE, 0x80,
    0x87, 0x25, 0x02, 0x59, 0x31, 0x12, 0x2D, 0xDB, 0xFF, 0x11, 0x67, 0x8F, 0xE4, 0x04, 0x21, 0x4E,
    0x6E, 0xCF, 0xBA, 0xA6, 0xB2, 0xC3, 0x04, 0xE2, 0x76, 0x36, 0x5D, 0xDC, 0x91, 0x3F, 0x20, 0x00,
    0x05, 0xD9, 0x5B, 0xAF, 0xE9, 0x90, 0x40, 0x34, 0x78, 0xD0, 0xD6, 0x59, 0xDE, 0xB5, 0xF8, 0x6D,
    0x4E, 0x07, 0x9D, 0xC8, 0x7B, 0xCE, 0xC2, 0x0C, 0x7B, 0x0D, 0xC9, 0xC2, 0xF4, 0x5B, 0x18, 0x0E,
    0x0B, 0x9F, 0x53, 0x5A, 0xA9, 0xA9, 0xE7, 0x01, 0xFD, 0xBA, 0xFC, 0xB0, 0x5A, 0x2C, 0xA2, 0x38,
    0x00, 0x05, 0x88, 0x11, 0xBE, 0x05, 0x82, 0x4E, 0x66, 0x5B, 0x70, 0x9D, 0xA3, 0xE2, 0x8E, 0x8D,
    0xD4, 0x86, 0x67, 0x20, 0xC9, 0x97, 0x0E, 0xDA, 0x04, 0xF9, 0x0B, 0x00, 0xEB, 0x14, 0x94, 0x0B,
    0xFD, 0x82, 0x29, 0xED, 0xE0, 0x00, 0x8F, 0xB8, 0xFC, 0x9A, 0xFC, 0xDE, 0xE3, 0x92, 0x5A, 0xAE,
    0x41, 0x83, 0x4E, 0x66, 0xC4, 0x97, 0xAD, 0xB3, 0x4E, 0x9C, 0x88, 0x42, 0x76, 0x25, 0x7C, 0x2F,
    0x12, 0xE8, 0xEE, 0x7B, 0x20, 0x87, 0xF3, 0x00, 0x39, 0x9B, 0x2B, 0xCA, 0x63, 0xBA, 0x6A, 0x75,
    0xF2, 0xCB, 0x80, 0xA8, 0xBF, 0xBE, 0x7C, 0xB1, 0xE9, 0x75, 0x9A, 0x26, 0x80, 0x87, 0x28, 0x00,
    0x6C, 0xB9, 0x8E, 0x0B, 0x27, 0xE3, 0x73, 0xA2, 0xD8, 0xCE, 0x39, 0x6E, 0x45, 0xB9, 0xF7, 0x52,
    0x89, 0x91, 0x87, 0x15, 0x02, 0x88, 0x9A, 0x93, 0xD1, 0xE2, 0xC0, 0xB6, 0x1C, 0x90, 0x00, 0x05,
    0x03, 0x8E, 0x7D, 0x0C, 0x6B, 0xAC, 0x77, 0x17, 0xB6, 0xE2, 0xA0, 0xE6, 0x61, 0x75, 0x8A, 0x28,
    0xA6, 0x11, 0xFC, 0x40, 0x8E, 0x1F, 0x02, 0x6B, 0xB2, 0x27, 0x28, 0xB1, 0xAC, 0x78, 0x10, 0x5A,
    0x80, 0x00, 0x2D, 0x83, 0xA0, 0x64, 0x06, 0xBD, 0x45, 0x06, 0x43, 0x4A, 0x3B, 0x6A, 0xBC, 0x07,
    0xDE, 0x54, 0x53, 0xCC, 0x7E, 0xAA, 0x83, 0xE2, 0xAC, 0x1A, 0xBF, 0xC4, 0xFE, 0x39, 0xB4, 0x83,
    0xD5, 0x2A, 0xDF, 0x1F, 0x6E, 0xF3, 0xB9, 0x37, 0x3B, 0x26, 0x9A, 0x95, 0xB3, 0xDB, 0x79, 0x88,
    0x87, 0x3A, 0x00, 0x67, 0x3C, 0x8E, 0x1B, 0x6F, 0x0F, 0xD5, 0xE8, 0xCB, 0x2A, 0xFF, 0x80, 0x87,
    0xF3, 0x00, 0x69, 0xBE, 0xD7, 0xB0, 0xDB, 0xF3, 0x1A, 0xB9, 0xC1, 0x4A, 0x5F, 0x47, 0x91, 0xFA,
    0x2D, 0x4C, 0xD9, 0xB2, 0xCD, 0x90, 0x0D, 0x83, 0xB6, 0xDB, 0xD0, 0x00, 0x00, 0x96, 0xAB, 0x78,
    0x11, 0x7A, 0x9C, 0xD2, 0x2C, 0xEA, 0x98, 0xD4, 0x37, 0x81, 0x96, 0xD3, 0x07, 0xCC, 0x60, 0x7A,
    0x1D, 0x16, 0xF8, 0x88, 0x81, 0x34, 0xB1, 0x6A, 0x4C, 0xFE, 0x00, 0x05, 0x03, 0x01, 0x96, 0xF4,
    0x4A, 0x73, 0x55, 0x65, 0x1E, 0xFC, 0x69, 0xA5, 0xC2, 0x21, 0xA7, 0x33, 0x40, 0x5E, 0x91, 0x31,
    0xBF, 0x6D, 0x4A, 0x69, 0x98, 0x8F, 0x1F, 0x01, 0xC3, 0xEA, 0x72, 0x9F, 0x95, 0xC4, 0xD8, 0xFA,
    0xAE, 0xCD, 0x87, 0x39, 0x02, 0x36, 0xAB, 0x13, 0x02, 0x62, 0xA4, 0xF1, 0xB4, 0xE7, 0x65, 0x03,
    0x5C, 0x7A, 0xEE, 0xE6, 0x83, 0x96, 0x00, 0x00, 0x37, 0xAB, 0xB2, 0xCF, 0xEF, 0x46, 0x5E, 0xD0,
    0x4A, 0x98, 0xD7, 0xB1, 0x8F, 0x02, 0xA4, 0x13, 0x9D, 0x98, 0x30, 0x67, 0x7E, 0xE4, 0x2C, 0x19,
    0xCD, 0x38, 0x79, 0x88, 0x00, 0x05, 0xA0, 0x10, 0x6E, 0x64, 0x82, 0x00, 0x6D, 0xCC, 0xBA, 0xDE,
    0x30, 0x31, 0x9F, 0x3E, 0x29, 0x00, 0x77, 0xB5, 0xC9, 0x29, 0x9F, 0x7F, 0x19, 0xE5, 0x0E, 0xEC,
    0xBA, 0x7B, 0xD9, 0xDF, 0x29, 0xCB, 0x6D, 0x5B, 0xB5, 0x86, 0xC2, 0xF9, 0x01, 0x02, 0xE8, 0x6E,
    0xBA, 0x80, 0x87, 0x22, 0x02, 0x7B, 0x69, 0x6E, 0x6C, 0x05, 0x35, 0xFD, 0x04, 0x14, 0x76, 0xA8,
    0xC7, 0xAA, 0x37, 0x92, 0xC0, 0x00, 0x77, 0x0C, 0xF9, 0x25, 0xCC, 0xF7, 0xB8, 0x90, 0xBD, 0x62,
    0xC1, 0xD8, 0x33, 0x0B, 0xEF, 0x74, 0x92, 0x7A, 0x77, 0x4A, 0xA3, 0xE7, 0xE8, 0xA1, 0x17, 0xDA,
    0xF1, 0x79, 0xA2, 0xEE, 0x00, 0xAA, 0x8F, 0x71, 0x48, 0x68, 0xB6, 0x1A, 0x47, 0xA8, 0x4D, 0x1F,
    0xB9, 0x6D, 0xE7, 0x6A, 0xF1, 0xB4, 0xFD, 0xA0, 0xB4, 0x84, 0x94, 0x3F, 0xED, 0x2F, 0x2C, 0x49,
    0xA3, 0x6D, 0x8E, 0xD6, 0x16, 0x22, 0x72, 0x81, 0xF6, 0xF2, 0x38, 0x3C, 0x47, 0x9C, 0x55, 0x36,
    0x86, 0x17, 0x85, 0x80, 0x00, 0x27, 0xFB, 0xEF, 0xF7, 0x21, 0xFB, 0x05, 0x7A, 0xE5, 0x83, 0x60,
    0x98, 0xDB, 0x43, 0x05, 0xA2, 0x5F, 0xB8, 0x1C, 0xD4, 0xDA, 0xC2, 0xC6, 0xC1, 0x63, 0xA3, 0xFB,
    0x94, 0xC9, 0x4C, 0x7E, 0x8F, 0x4C, 0x20, 0x88, 0x43, 0x00, 0x7E, 0xA1, 0x0B, 0xC5, 0x1E, 0x51,
    0x39, 0xF2, 0xB3, 0x85, 0x69, 0x94, 0xF1, 0x47, 0x2C, 0xC6, 0x79, 0x53, 0xEE, 0x45, 0x80, 0x00,
    0x69, 0x2A, 0x3F, 0x5A, 0x21, 0x76, 0x30, 0xD2, 0x45, 0x6F, 0x45, 0x28, 0xB7, 0xD4, 0x2A, 0xA8,
    0x52, 0x91, 0xEA, 0x54, 0x43, 0xF5, 0xB5, 0xE7, 0xD3, 0xB7, 0x8A, 0xB4, 0xD7, 0xA2, 0xF9, 0xA4,
    0x29, 0xA2, 0xF0, 0x00, 0x00, 0x2A, 0xDB, 0x71, 0x02, 0xDC, 0x65, 0x80, 0xF3, 0xFF, 0xBD, 0x27,
    0x15, 0xC2, 0x8A, 0x7E, 0xBE, 0xAE, 0x2B, 0xE7, 0xC4, 0x2B, 0x92, 0x55, 0x4E, 0xF9, 0x46, 0xE0,
    0x87, 0x54, 0x00, 0x00, 0xAD, 0x0D, 0x62, 0xAA, 0xF7, 0xAF, 0xDC, 0xDF, 0xE3, 0x96, 0x87, 0x20,
    0x00, 0x09, 0xF1, 0x62, 0x96, 0x26, 0x8C, 0x07, 0x5C, 0x36, 0x35, 0xD7, 0x8A, 0x7F, 0xCA, 0x4C,
    0x99, 0xCD, 0x8C, 0x35, 0xC2, 0xE1, 0x30, 0xAB, 0x67, 0x70, 0x58, 0xF8, 0x70, 0x88, 0x47, 0x00,
    0x32, 0x11, 0x9F, 0xDB, 0x06, 0x7E, 0xB5, 0x8D, 0x03, 0x2A, 0x4B, 0x61, 0x47, 0xF7, 0x5C, 0x1B,
    0x5C, 0x20, 0x00, 0x01, 0x26, 0x82, 0x72, 0x88, 0x46, 0xD5, 0x1D, 0x50, 0xAA, 0x5A, 0xBC, 0xAD,
    0xC9, 0xFB, 0x43, 0xF1, 0x54, 0x72, 0x06, 0x92, 0xDB, 0x63, 0xDC, 0xED, 0x6F, 0xC8, 0x67, 0x8B,
    0xCF, 0x96, 0x9F, 0x40, 0x67, 0xE6, 0xF2, 0x26, 0xC9, 0xB3, 0x79, 0x7B, 0x67, 0x84, 0x21, 0xE8,
    0x00, 0x0F, 0x3A, 0xA4, 0x62, 0x37, 0x3D, 0xC8, 0x74, 0xA8, 0x79, 0x8F, 0x7D, 0xA9, 0xAD, 0x64,
    0x89, 0x5F, 0x05, 0x8E, 0xD8, 0x85, 0xA9, 0x6B, 0xD3, 0x7D, 0x6C, 0x89, 0xD7, 0x01, 0x3E, 0x54,
    0x33, 0x10, 0x4A, 0xFA, 0x7C, 0x9C, 0xCA, 0xE1, 0xE7, 0x59, 0xDA, 0x1A, 0xA4, 0xF0, 0x31, 0x4A,
    0xA6, 0x6A, 0xC9, 0x4F, 0xB3, 0xEA, 0x3A, 0xF5, 0xAC, 0xF0, 0x60, 0x80, 0x49, 0x02, 0x8E, 0x06,
    0x1C, 0x43, 0xEC, 0x6E, 0xAF, 0x48, 0xCF, 0x34, 0xA4, 0x51, 0x82, 0xCD, 0x72, 0x38, 0x87, 0xF9,
    0x00, 0x19, 0xFB, 0x9C, 0x1D, 0xA6, 0x6D, 0xCD, 0x0C, 0x45, 0x2A, 0x4F, 0x45, 0x2A, 0x66, 0xC1,
    0xFA, 0x76, 0x64, 0x00, 0x09, 0xF1, 0x59, 0x57, 0xAF, 0x75, 0x75, 0x8C, 0x17, 0x36, 0x94, 0x54,
    0xB2, 0xDF, 0x53, 0x99, 0xA4, 0x77, 0x15, 0x00, 0x77, 0xA9, 0xB1, 0x62, 0x00, 0x00, 0xF0, 0x92,
    0xAF, 0x63, 0xC6, 0x75, 0xE0, 0x2D, 0x8D, 0xC1, 0x5F, 0x67, 0xCE, 0x50, 0x35, 0x1B, 0x3E, 0x9A,
    0x47, 0x48, 0x58, 0x62, 0x36, 0xC1, 0x59, 0x25, 0x13, 0x3E, 0xDC, 0xB5, 0x6E, 0x33, 0xCE, 0x2A,
    0x10, 0x24, 0x87, 0x49, 0x02, 0x62, 0x66, 0xAE, 0x46, 0xFE, 0x56, 0xD0, 0x82, 0x06, 0x8F, 0xE9,
    0xD2, 0x1D, 0xC5, 0x9B, 0x66, 0x76, 0x7B, 0x4B, 0xC0, 0x88, 0x51, 0x00, 0x50, 0x14, 0x54, 0x14,
    0x04, 0x7A, 0x9A, 0x44, 0xA8, 0x30, 0x52, 0x12, 0x3A, 0x7E, 0x4C, 0x55, 0x98, 0x88, 0x50, 0x00,
    0x00, 0x02, 0xE3, 0xCD, 0xEA, 0xF6, 0x66, 0x0C, 0x07, 0x73, 0x68, 0x3F, 0xB4, 0x69, 0x4C, 0xBB,
    0xBF, 0xA1, 0x8A, 0xFB, 0x87, 0x52, 0x00, 0x03, 0x66, 0xB8, 0x47, 0x23, 0xA2, 0x94, 0x64, 0x57,
    0x0C, 0x96, 0xCF, 0xBA, 0xCE, 0x4A, 0x51, 0xD5, 0x0B, 0x15, 0xAE, 0x03, 0x45, 0x08, 0x72, 0x88,
    0x45, 0x00, 0x2F, 0xE7, 0x4A, 0xEA, 0xD8, 0x6C, 0x3C, 0x63, 0xDB, 0xC0, 0xC6, 0xA6, 0x4D, 0x50,
    0x00, 0x00, 0x01, 0xE8, 0x61, 0x22, 0x4E, 0x5F, 0xA7, 0xAD, 0x7E, 0x56, 0x36, 0xC4, 0x29, 0x15,
    0xA1, 0xF7, 0xD3, 0xBC, 0x00, 0x00, 0xB5, 0x65, 0xAD, 0xFB, 0x94, 0xF5, 0x6A, 0x0C, 0x8F, 0xC8,
    0x00, 0x81, 0xBA, 0x29, 0x63, 0xBC, 0xAA, 0x9A, 0x32, 0x91, 0x6B, 0xA7, 0xF5, 0x53, 0x3E, 0xF4,
    0xF2, 0xC0, 0x00, 0x95, 0xFD, 0x89, 0x7C, 0x75, 0x96, 0xA4, 0xB6, 0x32, 0xA7, 0x03, 0x8C, 0x39,
    0xA2, 0x27, 0x0B, 0x2B, 0xB2, 0x2E, 0x65, 0xA3, 0xB0, 0x10, 0x62, 0x34, 0x8F, 0xE0, 0xAA, 0xEE,
    0x18, 0xB0, 0xE0, 0x7B, 0x5A, 0x6D, 0xC0, 0x54, 0x5B, 0xF0, 0x41, 0x64, 0xA6, 0x3D, 0xFD, 0xA0,
    0x5D, 0xC0, 0x87, 0x5A, 0x00, 0x65, 0x24, 0x46, 0x54, 0x3E, 0x23, 0xC7, 0xAE, 0x36, 0x35, 0xDD,
    0xCB, 0x20, 0x00, 0x00, 0xB3, 0xA0, 0x83, 0xA7, 0x6D, 0xC1, 0xDA, 0x61, 0x89, 0x72, 0x4A, 0x3D,
    0x5C, 0x80, 0x00, 0x97, 0x0C, 0x7B, 0xC9, 0xED, 0x0C, 0x33, 0x04, 0x23, 0x46, 0x72, 0x80, 0x00,
    0x00, 0xB3, 0xA0, 0x8B, 0x07, 0xC1, 0x3E, 0x6D, 0x74, 0x3E, 0x39, 0xFC, 0x37, 0x90, 0x6B, 0x75,
    0xFA, 0x7D, 0xA5, 0x8D, 0x05, 0x19, 0x2C, 0xD5, 0x08, 0xA6, 0x00, 0x00, 0xDC, 0x98, 0xF3, 0x17,
    0x85, 0xAD, 0xFD, 0xBE, 0xA4, 0xD8, 0xC8, 0x1A, 0x97, 0x59, 0x25, 0x31, 0xE1, 0xBB, 0x85, 0x9D,
    0x25, 0x03, 0x4C, 0xCE, 0x5B, 0x97, 0x35, 0x57, 0xB2, 0xFB, 0xEF, 0x22, 0x87, 0x59, 0x02, 0x6B,
    0x49, 0xAB, 0x76, 0x59, 0x7C, 0x10, 0x75, 0x56, 0xF3, 0xC7, 0xC5, 0x69, 0x4F, 0x00, 0x00, 0x42,
    0xE4, 0x01, 0xCF, 0xBC, 0x1F, 0x67, 0x4B, 0x2F, 0x85, 0x39, 0x83, 0x4E, 0x25, 0xE2, 0xBA, 0x32,
    0x33, 0x4B, 0xF2, 0x46, 0x88, 0x4F, 0x03, 0x80, 0x00, 0x00, 0xB0, 0x1F, 0x71, 0x8D, 0xC9, 0xA0,
    0x35, 0x93, 0x62, 0xDD, 0x75, 0xDC, 0x2B, 0x98, 0x1A, 0x13, 0xC3, 0xAB, 0xE3, 0x4A, 0x33, 0x88,
    0x75, 0xE3, 0x65, 0xF8, 0x46, 0x3D, 0x79, 0xE0, 0x13, 0x36, 0xE9, 0x7C, 0xA8, 0x00, 0x00, 0xA4,
    0xD6, 0xD9, 0xC9, 0x44, 0xC7, 0x72, 0x7B, 0x0F, 0x86, 0x79, 0x24, 0x85, 0x7E, 0x08, 0xCE, 0x39,
    0xE5, 0x33, 0xB0, 0x60, 0xAC, 0x18, 0x00, 0x0F, 0x9E, 0xD8, 0x72, 0x0F, 0xF2, 0xE0, 0xDB, 0x5A,
    0x43, 0x30, 0xB9, 0xC3, 0x08, 0xE1, 0x9A, 0xFE, 0x79, 0x7C, 0xBB, 0xCC, 0x28, 0xFA, 0xEC, 0x24,
    0xA0, 0x00, 0x00, 0xE4, 0xAE, 0xE5, 0xFF, 0x8B, 0x9A, 0xB2, 0x43, 0x08, 0xDF, 0xE1, 0xB9, 0xAF,
    0x06, 0xE2, 0xF2, 0xFE, 0x79, 0xF2, 0xBE, 0x76, 0x96, 0x85, 0xA1, 0x72, 0x21, 0x02, 0x20, 0xBE,
    0x9E, 0x37, 0xF4, 0x93, 0x7E, 0x97, 0x08, 0x87, 0x45, 0x02, 0xF6, 0x06, 0x7C, 0x14, 0x51, 0xB3,
    0x60, 0xCB, 0xC4, 0x20, 0xF9, 0x05, 0x27, 0x4C, 0x77, 0xCA, 0xDF, 0xED, 0x2C, 0xFE, 0x01, 0xF1,
    0x87, 0xF8, 0x80, 0x46, 0x02, 0x11, 0x25, 0xA9, 0x8A, 0x5F, 0x5E, 0x8B, 0x7D, 0xE0, 0xE4, 0x81,
    0x46, 0x02, 0x11, 0x79, 0xBE, 0x69, 0x64, 0xD8, 0x6F, 0x58, 0x65, 0xD6, 0x52, 0x05, 0xC0, 0x00,
    0x6F, 0x17, 0x02, 0x42, 0x14, 0x1C, 0x12, 0x1B, 0x33, 0xB4, 0x09, 0xBE, 0x08, 0x62, 0xDC, 0x53,
    0x56, 0x3A, 0xB6, 0xDE, 0x6A, 0x0B, 0x6C, 0xED, 0x4D, 0xCE, 0xC2, 0xB9, 0x8F, 0x0E, 0xB2, 0xEA,
    0x43, 0x70, 0x81, 0xF8, 0x80, 0x44, 0x02, 0x41, 0xD5, 0x6F, 0xCA, 0xB6, 0x2A, 0x7B, 0x83, 0xB8,
    0x87, 0x52, 0x02, 0x3D, 0xC7, 0xE4, 0xF9, 0x01, 0x00, 0x2A, 0x8D, 0xAE, 0x40, 0x87, 0x55, 0x00,
    0x41, 0x44, 0x7C, 0x58, 0x98, 0xB6, 0x7B, 0x5A, 0xB0, 0x21, 0xAF, 0x87, 0xF0, 0x00, 0x60, 0xFE,
    0x7D, 0x3E, 0x01, 0x30, 0x87, 0xF0, 0x00, 0x0E, 0x4E, 0x58, 0xF4, 0xF5, 0x4D, 0x90, 0xED, 0x26,
    0x25, 0x20, 0x45, 0x26, 0x77, 0xB0, 0x87, 0x4C, 0x00, 0x69, 0x6B, 0x03, 0xEF, 0x86, 0x00, 0x0A,
    0x05, 0x79, 0x64, 0x6B, 0x66, 0x67, 0x4C, 0xE4, 0xA7, 0x01, 0x64, 0x92, 0x19, 0x70, 0xBB, 0x2A,
    0x00, 0x02, 0xB3, 0x05, 0xD4, 0xF6, 0x06, 0x18, 0x13, 0x83, 0xD1, 0x8F, 0x5D, 0xC5, 0xA5, 0xF0,
    0x00, 0x00, 0xDC, 0xDB, 0x34, 0xC4, 0xC9, 0x33, 0x4A, 0xAC, 0x04, 0x68, 0xB6, 0x57, 0x29, 0x0E,
    0x84, 0x30, 0x65, 0x02, 0x47, 0x13, 0x35, 0x82, 0xB4, 0x69, 0x4D, 0xFF, 0x42, 0x68, 0xDA, 0xD1,
    0x13, 0xFA, 0x8B, 0xD6, 0x3B, 0x1F, 0xC0, 0x87, 0xE8, 0x00, 0xA6, 0xD1, 0xE6, 0xDE, 0x61, 0x84,
    0x83, 0x1F, 0xC5, 0xA2, 0x53, 0x13, 0x81, 0x20, 0x45, 0x80, 0xF9, 0x00, 0x59, 0x26, 0xD3, 0x9F,
    0x2E, 0x38, 0xBE, 0xEB, 0x28, 0x7F, 0xC8, 0x8B, 0xC1, 0xA3, 0xFB, 0x36, 0xCF, 0xE7, 0x15, 0x55,
    0x29, 0xFC, 0x8A, 0x50, 0x80, 0x49, 0x02, 0x1E, 0x15, 0xDC, 0x62, 0x45, 0xB8, 0xD8, 0x0C, 0xD8,
    0x7A, 0xE4, 0xC3, 0x80, 0x54, 0x02, 0x81, 0x41, 0x2F, 0x6C, 0x41, 0xCC, 0x0D, 0xBA, 0x73, 0xC3,
    0xFE, 0x03, 0x71, 0x36, 0x03, 0x10, 0x62, 0xE9, 0xAE, 0x80, 0x87, 0x57, 0x02, 0x64, 0xB5, 0x75,
    0x56, 0x01, 0x1D, 0xE1, 0x83, 0x29, 0x5C, 0x80, 0x15, 0xDF, 0x4C, 0x60, 0x00, 0xA3, 0xE3, 0x11,
    0x5F, 0xF2, 0x2B, 0x4A, 0xAC, 0x67, 0x49, 0xB2, 0x9A, 0x16, 0x37, 0x25, 0x5D, 0xF5, 0x7E, 0x8F,
    0x77, 0xB2, 0x94, 0xEB, 0xAE, 0x22, 0xCB, 0x89, 0x65, 0x55, 0x26, 0xDF, 0x01, 0xE6, 0x0B, 0x86,
    0x68, 0x3F, 0x8D, 0xD4, 0x37, 0xBA, 0xD0, 0xDB, 0x08, 0x98, 0x4E, 0xE0, 0x00, 0x0C, 0xDE, 0xD3,
    0xBB, 0xF6, 0xEB, 0xF3, 0x07, 0x22, 0xD5, 0x16, 0x9B, 0x6D, 0x07, 0xA0, 0x9C, 0xDD, 0x8F, 0x71,
    0x8A, 0x0C, 0xAB, 0xB4, 0x6E, 0x60, 0xC3, 0x1E, 0x63, 0xF2, 0x01, 0x3C, 0x1E, 0xFC, 0x8E, 0xAD,
    0x3E, 0x63, 0x00, 0x0F, 0x41, 0x4B, 0x04, 0xBE, 0x7D, 0x20, 0x1F, 0x3B, 0x95, 0x7F, 0x34, 0x9E,
    0x5D, 0xFC, 0xF7, 0xB9, 0xC8, 0x61, 0x87, 0x9D, 0x12, 0x1B, 0x98, 0x03, 0x2E, 0xB0, 0xCC, 0x11,
    0xAF, 0x9E, 0x1F, 0x8C, 0x41, 0x71, 0x0A, 0xC0, 0x80, 0x43, 0x02, 0x6F, 0x17, 0x07, 0x06, 0xFB,
    0x58, 0x82, 0x71, 0x5F, 0x59, 0xAD, 0x24, 0xB5, 0x74, 0x13, 0x86, 0x5A, 0x56, 0x50, 0x26, 0xFD,
    0xED, 0x0D, 0xBC, 0xD5, 0x40, 0x00, 0xA1, 0x5B, 0xFF, 0xB3, 0x32, 0x78, 0x1C, 0x5C, 0x6C, 0x2D,
    0x65, 0xF2, 0xB4, 0x67, 0x4E, 0x39, 0x32, 0x1B, 0x30, 0xEC, 0x86, 0xAD, 0x33, 0x25, 0x5F, 0x1E,
    0xB3, 0xFA, 0xC9, 0xE1, 0x8D, 0xA2, 0x0C, 0xA9, 0xD2, 0xA3, 0xDB, 0x65, 0x33, 0xC9, 0xA7, 0x72,
    0xFB, 0xBD, 0xEA, 0xC0, 0x00, 0x8F, 0x3E, 0x63, 0x05, 0x1A, 0x39, 0xF3, 0xB7, 0x27, 0x01, 0xB3,
    0x6A, 0x19, 0xFA, 0x73, 0x1D, 0x01, 0xDF, 0xE5, 0x7D, 0xFD, 0x49, 0xDC, 0xF7, 0x8E, 0x1E, 0x94,
    0x6F, 0x24, 0x34, 0x18, 0x67, 0x12, 0x62, 0xCA, 0x29, 0x5F, 0x40, 0x00, 0x40, 0xD2, 0x59, 0xE8,
    0x31, 0x09, 0xEF, 0x72, 0xA6, 0xF6, 0x18, 0xED, 0x0C, 0x3E, 0x15, 0xC5, 0x17, 0x77, 0x33, 0x40,
    0xE5, 0x7F, 0xE2, 0x8E, 0x9E, 0xBE, 0x85, 0x78, 0x88, 0x31, 0xFB, 0x05, 0x6D, 0x54, 0xAD, 0xD4,
    0x79, 0xCD, 0xA0, 0x40, 0x00, 0x32, 0xD5, 0xBC, 0xDA, 0x4F, 0x3D, 0xFD, 0x59, 0xF5, 0xE7, 0x21,
    0xE1, 0x03, 0x86, 0x68, 0x83, 0x46, 0xFD, 0x51, 0x2A, 0x9C, 0x9B, 0x18, 0xB3, 0x62, 0x63, 0x4C,
    0x23, 0x23, 0xA4, 0x00, 0x05, 0xC9, 0x1B, 0x1E, 0x9F, 0x08, 0xE2, 0xE2, 0x05, 0x4B, 0x08, 0x00,
    0x03, 0x54, 0x1B, 0xE8, 0x80, 0x09, 0x98, 0x4B, 0x38, 0x5F, 0x49, 0x06, 0xD5, 0x93, 0x38, 0x36,
    0x9B, 0xEF, 0xAB, 0x98, 0xB6, 0xB0, 0x1A, 0x6B, 0x3A, 0x51, 0xD4, 0xA0, 0x55, 0x0F, 0x6D, 0x8E,
    0xDB, 0xDB, 0x04, 0x52, 0xC5, 0xC9, 0x00, 0x94, 0x8F, 0x94, 0x73, 0x00, 0x00, 0xEE, 0xEC, 0x95,
    0x3F, 0x93, 0x15, 0xC9, 0xB6, 0x2F, 0xBB, 0xA9, 0xD7, 0xFA, 0x69, 0x09, 0x09, 0xA7, 0x37, 0x1B,
    0xE1, 0x41, 0x6A, 0x85, 0x46, 0x28, 0x93, 0x90, 0xC8, 0xF2, 0x8F, 0x3E, 0x80, 0x06, 0x0A, 0xE5,
    0x12, 0x4A, 0xA1, 0xFB, 0x2E, 0xA4, 0x00, 0x13, 0x7B, 0xB2, 0xB6, 0x7A, 0x66, 0xB5, 0x4C, 0xE4,
    0xF5, 0x35, 0xD7, 0xAD, 0x52, 0x0A, 0x14, 0x94, 0x2A, 0x27, 0xFA, 0xDA, 0x25, 0xAB, 0xB6, 0xE7,
    0x1A, 0x1F, 0x4D, 0x6A, 0x57, 0xBE, 0x70, 0x65, 0x0C, 0xFF, 0x3E, 0xEE, 0x6E, 0x07, 0xA4, 0x8A,
    0xBA, 0xFA, 0x8E, 0x8F, 0xF0, 0xBE, 0x00, 0x13, 0x7F, 0xFA, 0xF2, 0xA9, 0xBC, 0x01, 0xEE, 0x31,
    0x53, 0xE8, 0xF8, 0x30, 0x8E, 0xDF, 0x24, 0x05, 0xD3, 0xB0, 0xF0, 0x50, 0x64, 0xB7, 0xF9, 0xF0,
    0x3D, 0x02, 0x08, 0xE4, 0xE2, 0x49, 0xC1, 0xD4, 0xFC, 0x36, 0x0F, 0x99, 0x00, 0x05, 0xD3, 0x09,
    0xD6, 0x55, 0x1C, 0x2E, 0x81, 0xA8, 0x36, 0xB5, 0x8E, 0xFB, 0xFD, 0xA6, 0x72, 0xC1, 0x23, 0x17,
    0x15, 0xD8, 0x1B, 0x62, 0xD8, 0x3F, 0xC0, 0x19, 0x14, 0x29, 0xCC, 0xBA, 0x24, 0xA4, 0xEE, 0xDA,
    0x9E, 0xC2, 0x05, 0x93, 0x12, 0x42, 0x50, 0xA8, 0x1B, 0x92, 0x8D, 0x78, 0xF7, 0xE1, 0x09, 0x03,
    0x46, 0x9A, 0x76, 0x51, 0xCA, 0x0B, 0x76, 0xF7, 0xDF, 0x68, 0x1A, 0xC0, 0x00, 0x00, 0xFC, 0x6C,
    0xF0, 0xEF, 0x33, 0x30, 0xFC, 0x05, 0x80, 0xE3, 0x99, 0x37, 0xE9, 0xCB, 0xBF, 0x20, 0x48, 0x1B,
    0xA3, 0xD4, 0x00, 0x35, 0x78, 0x2B, 0xB9, 0x38, 0x9B, 0xAF, 0xDD, 0x67, 0x2A, 0xE0, 0xD7, 0xB0,
    0x00, 0x31, 0xA1, 0x2C, 0xF4, 0x6F, 0x60, 0xAB, 0x02, 0x93, 0xD8, 0xFD, 0x06, 0x0F, 0x80, 0x00,
    0x12, 0x70, 0xEE, 0xB7, 0xC2, 0xD2, 0xEB, 0x51, 0x4F, 0x7E, 0x5F, 0x36, 0x21, 0xC2, 0x5D, 0x54,
    0xA8, 0x0E, 0x92, 0x8A, 0x53, 0x24, 0xC4, 0x6B, 0x92, 0x08, 0xCB, 0x9C, 0x64, 0x86, 0xF6, 0x80,
    0x32, 0x63, 0xC8, 0xA9, 0x80, 0xB3, 0x95, 0x4F, 0xDF, 0x87, 0xB1, 0x48, 0xFC, 0x1D, 0xB3, 0x22,
    0x4F, 0x5E, 0xD5, 0xC6, 0xC9, 0x40, 0x00, 0x0E, 0x87, 0xF9, 0x88, 0xD4, 0x11, 0x47, 0xED, 0xF9,
    0x3B, 0xED, 0x87, 0xA3, 0xAE, 0x81, 0x68, 0xBF, 0x1C, 0xB4, 0x1B, 0xF1, 0xE8, 0x1A, 0xC8, 0xDA,
    0x04, 0x6C, 0x86, 0x61, 0x05, 0x21, 0x99, 0xD0, 0xC2, 0x0F, 0x74, 0xF6, 0x21, 0xD2, 0x67, 0x54,
    0x6A, 0x2D, 0xE9, 0x53, 0xF0, 0x00, 0x01, 0x8C, 0x8A, 0x25, 0x78, 0x7C, 0x4D, 0xF3, 0xB1, 0xAB,
    0x24, 0x48, 0x58, 0x48, 0xB8, 0xF3, 0xA9, 0x22, 0x35, 0x28, 0x7A, 0x27, 0xAC, 0xE7, 0x31, 0xC9,
    0x1A, 0xC6, 0x54, 0x9D, 0x02, 0xCE, 0x42, 0x70, 0xDA, 0xEC, 0x00, 0xA8, 0x62, 0x8A, 0x37, 0x09,
    0x99, 0x77, 0x4A, 0x59, 0x22, 0xE5, 0xE4, 0x83, 0x10, 0x48, 0xDF, 0x2F, 0xE0, 0x9B, 0x41, 0xA5,
    0xA3, 0xD4, 0x93, 0xAC, 0x68, 0x92, 0x0E, 0x16, 0xAB, 0x1A, 0x99, 0xE0, 0x6F, 0xC0, 0x87, 0x31,
    0x00, 0x92, 0xDC, 0x63, 0xFB, 0xB5, 0x2A, 0xC9, 0x53, 0x11, 0x61, 0x67, 0x6A, 0xEA, 0x10, 0xF0,
    0x87, 0x51, 0x00, 0x87, 0xB5, 0x37, 0xA2, 0x8F, 0x33, 0xC2, 0xEC, 0x11, 0x45, 0xEF, 0xED, 0x02,
    0xE5, 0xE7, 0xA8, 0x00, 0x00, 0xA0, 0xD1, 0xEE, 0x50, 0x62, 0x70, 0x98, 0x7C, 0xC6, 0x88, 0x3A,
    0xBF, 0x10, 0x54, 0xA1, 0xDD, 0xB4, 0x2B, 0x4D, 0xE7, 0x34, 0x8A, 0xD2, 0xCA, 0xE0, 0xBB, 0xBC,
    0x7D, 0xA7, 0x00, 0x00, 0xBF, 0x4F, 0x55, 0x5D, 0x8B, 0xAC, 0x88, 0x77, 0x8D, 0xF4, 0x87, 0x9C,
    0x3E, 0x79, 0xD1, 0x42, 0xA1, 0xAE, 0x79, 0x0C, 0xF9, 0x7C, 0x19, 0xA0, 0x80, 0x85, 0x02, 0x16,
    0x1C, 0xB6, 0x45, 0xBF, 0xF3, 0x83, 0xA8, 0x20, 0x57, 0xDB, 0xD5, 0x94, 0x42, 0xFF, 0x1F, 0xCE,
    0xC0, 0x80, 0x86, 0x02, 0x0D, 0x1C, 0x01, 0x64, 0x4F, 0x27, 0x91, 0x83, 0x11, 0x3B, 0x9A, 0xE2,
    0x9C, 0x5C, 0xEB, 0xD0, 0x40, 0x00, 0xC2, 0x08, 0x6E, 0x03, 0x04, 0x30, 0x03, 0x25, 0xBD, 0xF4,
    0xF7, 0xB5, 0x78, 0x62, 0x05, 0x55, 0x4B, 0x59, 0x6F, 0xA3, 0xE6, 0xA1, 0x5B, 0x51, 0xB0, 0xC5,
    0xB2, 0xF3, 0xBC, 0x72, 0x24, 0xAB, 0x69, 0xD6, 0xA9, 0x2F, 0x0F, 0xF2, 0xBB, 0xE6, 0x3E, 0x42,
    0x9B, 0xAD, 0x28, 0x23, 0x29, 0x26, 0xCF, 0x66, 0xA8, 0x58, 0xA2, 0x3A, 0xBC, 0x3F, 0x21, 0x72,
    0x75, 0x3E, 0xC0, 0x00, 0xB0, 0xA8, 0x51, 0x1C, 0x65, 0xD9, 0x4A, 0x7F, 0xF9, 0x19, 0x2B, 0x0B,
    0x2E, 0xEF, 0x52, 0x3F, 0x6D, 0x97, 0x1A, 0x36, 0xBE, 0x8F, 0xEC, 0x76, 0x2D, 0xDC, 0xCC, 0xCD,
    0xF9, 0xD4, 0x11, 0x95, 0x5F, 0xB7, 0x1C, 0x4F, 0xCA, 0x3A, 0x27, 0x6E, 0xF5, 0x9B, 0x27, 0x13,
    0xCA, 0xDF, 0x6B, 0x2D, 0x55, 0x04, 0xD0, 0xBC, 0xC6, 0x9D, 0x38, 0x00, 0x4E, 0x74, 0x70, 0xA1,
    0xFA, 0xA9, 0x70, 0x25, 0x86, 0xAF, 0x58, 0x64, 0x12, 0x6B, 0x20, 0x81, 0x15, 0x24, 0xB6, 0xA6,
    0xF2, 0x5C, 0x84, 0x3A, 0x07, 0xEC, 0xAC, 0x83, 0x71, 0x8E, 0x2C, 0x5D, 0x83, 0xB3, 0x37, 0x29,
    0x69, 0xD0, 0x00, 0x42, 0xB4, 0x83, 0xAC, 0x62, 0x3E, 0xAD, 0x4C, 0xA3, 0xA5, 0xC4, 0x64, 0xA5,
    0x49, 0xE7, 0x77, 0x6C, 0x6D, 0x48, 0x35, 0x09, 0x80, 0xD5, 0xE2, 0x4A, 0xB3, 0x93, 0x18, 0x00,
    0x52, 0x53, 0x4A, 0xE8, 0x7D, 0x91, 0x57, 0x8B, 0xC8, 0x70, 0x4E, 0x91, 0x5C, 0x90, 0x7A, 0x7B,
    0xA2, 0xA7, 0x81, 0xAF, 0x9A, 0xB0, 0x46, 0x42, 0x78, 0xCA, 0xF7, 0x54, 0x7C, 0xEF, 0x03, 0x41,
    0x82, 0xBD, 0xB8, 0x2C, 0xF0, 0x16, 0xDF, 0xD1, 0x97, 0x87, 0x19, 0x47, 0xEE, 0xC7, 0xAC, 0x58,
    0xD9, 0xF3, 0x4C, 0xE0, 0xBA, 0x40, 0x67, 0xA7, 0x78, 0x3B, 0x0A, 0xBA, 0xF7, 0x8B, 0xA2, 0x9F,
    0xFA, 0x00, 0x46, 0xEE, 0x6A, 0xFB, 0x42, 0xE9, 0xBA, 0x4A, 0xFA, 0x81, 0x0F, 0x09, 0x19, 0x8F,
    0xB2, 0x76, 0x93, 0x97, 0x39, 0x8C, 0x8E, 0x41, 0xF2, 0x59, 0xDB, 0xF1, 0x91, 0xD3, 0x3B, 0xA3,
    0x03, 0xD0, 0x70, 0xBF, 0xB4, 0xC7, 0x8D, 0xEB, 0x7F, 0x95, 0x18, 0x85, 0x3C, 0xA6, 0xC1, 0xCC,
    0x77, 0xDC, 0x4F, 0xA0, 0x52, 0x96, 0xB5, 0x4F, 0xAA, 0x4B, 0x53, 0xDD, 0xEE, 0x83, 0x71, 0x02,
    0x3B, 0x3A, 0x2B, 0xAD, 0x89, 0xAC, 0x0C, 0x8D, 0x39, 0x9C, 0x37, 0x88, 0x9F, 0x6A, 0x7E, 0x2F,
    0x70, 0x16, 0xD8, 0x82, 0x72, 0x02, 0x21, 0xA5, 0xA7, 0xC6, 0x73, 0xDE, 0xD7, 0x82, 0xA4, 0xE1,
    0x03, 0xF9, 0xFB, 0x98, 0x1C, 0xAC, 0xE0, 0x87, 0x25, 0x00, 0x88, 0x8E, 0x59, 0x6F, 0xC5, 0x91,
    0x44, 0x16, 0x0B, 0xC9, 0x3A, 0x49, 0x1C, 0xA5, 0xEC, 0x87, 0x45, 0x00, 0x7A, 0xBD, 0x8B, 0x34,
    0x52, 0xB6, 0x2F, 0x79, 0xD5, 0xA6, 0xF2, 0x00, 0xA2, 0x68, 0x24, 0x18, 0x16, 0x31, 0x52, 0x3F,
    0xBB, 0xF8, 0xA0, 0xAE, 0xE2, 0x4E, 0x65, 0x18, 0x95, 0xC2, 0xF5, 0x44, 0x58, 0x6E, 0x0B, 0x06,
    0x99, 0x24, 0xF4, 0xA1, 0xA0, 0x28, 0x80, 0x00, 0x85, 0xA2, 0xAB, 0xF9, 0x0A, 0x71, 0x00, 0x68,
    0x90, 0xC0, 0x49, 0x7F, 0x91, 0x1A, 0x48, 0x40, 0x28, 0xBD, 0xB8, 0x74, 0x1E, 0x00, 0x40, 0x28,
    0x7E, 0x1E, 0x1D, 0xB4, 0x00, 0x00, 0x68, 0x5C, 0xBA, 0xD9, 0x6D, 0xE8, 0x8C, 0xFE, 0x47, 0x00,
    0xD2, 0x96, 0x13, 0xE4, 0x91, 0x3F, 0x7F, 0xB8, 0x33, 0xF2, 0x11, 0xD1, 0x0A, 0x99, 0xA3, 0x5C,
    0x7D, 0xD2, 0xE2, 0x46, 0x40, 0x80, 0x39, 0x4C, 0x92, 0x5E, 0x32, 0x1F, 0x53, 0x57, 0xEC, 0x85,
    0xE7, 0x1E, 0x8D, 0xF0, 0xFF, 0x02, 0x5E, 0x1D, 0xB2, 0x4D, 0xF6, 0xA0, 0x0C, 0x4F, 0x25, 0x40,
    0x42, 0x27, 0x80, 0xBB, 0x07, 0x2A, 0x7C, 0x93, 0xA9, 0x3B, 0x1D, 0x98, 0x00, 0xDA, 0x12, 0x6C,
    0x6E, 0x12, 0xF4, 0x31, 0xEF, 0x6E, 0xA0, 0x18, 0x66, 0x13, 0x67, 0x7F, 0xDC, 0x62, 0xCC, 0xD1,
    0x0A, 0x06, 0x2D, 0x10, 0x9A, 0xC0, 0xDC, 0x47, 0xE1, 0xBB, 0x26, 0x24, 0x11, 0x0E, 0x45, 0xBC,
    0xEA, 0xDD, 0xDE, 0x53, 0x6F, 0x88, 0xDA, 0xE0, 0x4E, 0xB7, 0x39, 0xCE, 0x10, 0x9E, 0x0B, 0xBF,
    0xA0, 0x87, 0x1E, 0x02, 0xA1, 0x64, 0x7F, 0xE8, 0xFC, 0x00, 0x1D, 0x0D, 0x22, 0x57, 0x1A, 0xD8,
    0x51, 0x66, 0x77, 0xF4, 0x40, 0x46, 0xFA, 0x1E, 0x7B, 0xDB, 0x08, 0xE0, 0x80, 0x49, 0x02, 0x8E,
    0x06, 0x71, 0xAD, 0xFD, 0xCD, 0x07, 0x06, 0x9D, 0x24, 0xD5, 0xA1, 0x60, 0x09, 0x94, 0x66, 0xD7,
    0xF2, 0x67, 0x1D, 0x84, 0xB6, 0x85, 0x22, 0x02, 0x7D, 0xB6, 0xE8, 0xAA, 0xCB, 0x68, 0x00, 0xD7,
    0xEC, 0x99, 0x91, 0x49, 0x95, 0x7A, 0x92, 0x58, 0x14, 0xC6, 0x38, 0x08, 0x2E, 0x93, 0xDA, 0x38,
    0xCD, 0xC7, 0x67, 0x8B, 0x74, 0x02, 0x8D, 0xAA, 0xAF, 0x12, 0x0D, 0x50, 0x87, 0x31, 0x02, 0x4F,
    0x88, 0x6A, 0xC2, 0x70, 0x5B, 0xA4, 0xE8, 0xC4, 0x94, 0x0A, 0x8E, 0x1B, 0x4B, 0x28, 0x87, 0x52,
    0x00, 0x72, 0x9F, 0x5F, 0x04, 0x25, 0xB2, 0x10, 0x8F, 0xC6, 0xE8, 0x72, 0xB8, 0xEF, 0x46, 0x50,
    0xA0, 0x00, 0xA6, 0xB7, 0xCC, 0x9D, 0x07, 0x10, 0xE7, 0x89, 0x89, 0x36, 0x26, 0x5C, 0xFC, 0xFF,
    0xBE, 0x6C, 0x96, 0x80, 0xB5, 0x24, 0x00, 0x5C, 0x89, 0x35, 0x65, 0xB9, 0x12, 0x14, 0xC4, 0x22,
    0xDF, 0x64, 0xF9, 0x05, 0x8E, 0x90, 0x1F, 0x96, 0x8E, 0x14, 0x02, 0x5B, 0x8B, 0x7D, 0x39, 0x87,
    0x79, 0xA1, 0x51, 0xB9, 0xB9, 0x40, 0xB4, 0x52, 0xC3, 0xD8, 0x01, 0x3E, 0x8B, 0x96, 0xAB, 0x29,
    0x29, 0x08, 0xA0, 0x87, 0x44, 0x02, 0x62, 0x3F, 0xA3, 0xD2, 0x36, 0x2E, 0xBA, 0x99, 0xE3, 0xA3,
    0x73, 0x98, 0x42, 0x00, 0xE0, 0x87, 0x26, 0x00, 0x09, 0x9E, 0x20, 0x3E, 0x7A, 0xB1, 0x8A, 0x55,
    0x96, 0xB7, 0xDD, 0x5E, 0x92, 0xBA, 0xFB, 0x49, 0x8D, 0xAB, 0xA3, 0x3B, 0x56, 0x1E, 0xF1, 0x52,
    0x21, 0x21, 0x97, 0x1C, 0x61, 0xE1, 0x5B, 0x7B, 0xB8, 0xF6, 0x96, 0xB8, 0x62, 0x00, 0x00, 0x2E,
    0x9F, 0x58, 0xC1, 0xD7, 0xA6, 0x14, 0xE3, 0xF7, 0x13, 0xFB, 0xF2, 0xF8, 0x39, 0x14, 0xAD, 0x49,
    0x9D, 0xEE, 0xC6, 0x81, 0x83, 0x8A, 0xBE, 0x44, 0x72, 0x28, 0xDF, 0x19, 0x13, 0xF2, 0x9C, 0x48,
    0xC0, 0x00, 0x07, 0xFE, 0xBD, 0xAE, 0xB5, 0x69, 0x35, 0x3F, 0xB4, 0xD6, 0x16, 0xFF, 0x3F, 0xEA,
    0xBB, 0x0B, 0x0B, 0x61, 0x61, 0x72, 0xE2, 0xF6, 0xF1, 0xBA, 0xD0, 0x75, 0xEF, 0x80, 0x44, 0xA5,
    0x20, 0x0A, 0xC3, 0x41, 0x96, 0x1B, 0xC8, 0x1B, 0xE5, 0x1D, 0x5E, 0xBC, 0xA9, 0x7D, 0x6E, 0x1A,
    0xCE, 0x22, 0x1C, 0xC8, 0x0E, 0xAF, 0x15, 0xDB, 0x73, 0x1F, 0xA1, 0x0D, 0x3C, 0x94, 0xC0, 0x00,
    0x07, 0xF9, 0x66, 0x22, 0xF1, 0xE8, 0x50, 0xC9, 0x5E, 0x28, 0xD5, 0xC3, 0xAF, 0xBF, 0x54, 0x14,
    0x40, 0xE8, 0xB8, 0xBA, 0x8A, 0x71, 0xE6, 0x88, 0xB0, 0x0A, 0x68, 0xA7, 0x1B, 0x97, 0x26, 0xC5,
    0x5C, 0xBF, 0xDF, 0x53, 0x98, 0x48, 0x9D, 0x7F, 0x01, 0xB6, 0x48, 0xC5, 0x0F, 0xB1, 0x44, 0x10,
    0xE0, 0x58, 0x42, 0xAE, 0x5F, 0x4A, 0x22, 0x0C, 0x87, 0x28, 0x02, 0xDB, 0xA5, 0xD8, 0x82, 0xC0,
    0xF8, 0xFB, 0x02, 0x16, 0x43, 0xE4, 0x0B, 0x8D, 0x16, 0x57, 0x4A, 0x0C, 0x89, 0x32, 0xD6, 0x60,
    0x9E, 0xE8, 0xD2, 0xEF, 0x86, 0xF5, 0x9F, 0xB3, 0x39, 0xDA, 0x7F, 0x95, 0x28, 0x00, 0x14, 0xA8,
    0xD6, 0x9B, 0xA1, 0x29, 0x14, 0xBF, 0xE1, 0x62, 0xD2, 0x4A, 0x85, 0x01, 0x6F, 0xA5, 0x48, 0x9C,
    0x2D, 0x28, 0x9E, 0x1D, 0xEF, 0x3A, 0x54, 0x5D, 0x7E, 0x07, 0x58, 0xEC, 0x10, 0xC1, 0xC1, 0xA2,
    0xBB, 0x5E, 0x8E, 0x1D, 0x02, 0x7B, 0x7A, 0x8B, 0xCA, 0x7D, 0x59, 0x2A, 0x2D, 0x0C, 0x35, 0x57,
    0x87, 0xDC, 0x0D, 0x87, 0xFA, 0xF2, 0x47, 0xD3, 0x52, 0x84, 0xBA, 0xE6, 0x39, 0xBF, 0x0C, 0xBE,
    0x7A, 0x10, 0x28, 0x87, 0xF9, 0x00, 0x20, 0x2C, 0xB8, 0xE5, 0x61, 0x2E, 0x3B, 0x5A, 0xAB, 0x44,
    0x6B, 0xC8, 0xFB, 0x0E, 0xDB, 0xD8, 0xB0, 0x0A, 0xA5, 0x71, 0x36, 0x44, 0x1D, 0x16, 0xA7, 0xBF,
    0xF4, 0xD7, 0xA0, 0x87, 0xF3, 0x00, 0x7D, 0x66, 0xD5, 0x01, 0xDE, 0xA8, 0xB6, 0x85, 0x72, 0x02,
    0x1A, 0xA7, 0xD6, 0x54, 0xAE, 0x20, 0xBF, 0x4D, 0x6E, 0x33, 0x9D, 0xA6, 0xCE, 0x5F, 0xB9, 0x36,
    0x24, 0xD7, 0x4A, 0xDA, 0x6D, 0x6C, 0xE2, 0x53, 0x1B, 0xCB, 0xED, 0x05, 0x1A, 0xE6, 0x30, 0x87,
    0x49, 0x02, 0x7B, 0xDF, 0x69, 0x33, 0xA7, 0xBC, 0x48, 0x9D, 0x78, 0x79, 0x0F, 0xA0, 0x67, 0xD3,
    0xF5, 0x17, 0x51, 0x78, 0x86, 0x9C, 0xB8, 0x82, 0xDE, 0x71, 0x63, 0xB0, 0xA9, 0x90, 0x8C, 0x79,
    0x6F, 0x7C, 0xBF, 0x87, 0x3F, 0xDF, 0x1D, 0x70, 0x87, 0x34, 0x00, 0x7D, 0xE6, 0x23, 0x3E, 0x8A,
    0xAC, 0xB2, 0x07, 0x15, 0x12, 0x9A, 0xE8, 0xDE, 0x51, 0x0D, 0xCC, 0x30, 0x5B, 0x0E, 0x8A, 0xD6,
    0xFF, 0x41, 0x6C, 0x5D, 0x04, 0x28, 0xA7, 0xDE, 0x2D, 0x72, 0xF0, 0x51, 0xFE, 0x20, 0x87, 0x4D,
    0x00, 0xA6, 0xF7, 0xA6, 0x17, 0x10, 0x72, 0x52, 0x66, 0x50, 0xA2, 0x61, 0x25, 0x7E, 0xF2, 0x72,
    0x14, 0x4E, 0xFC, 0xAE, 0xDB, 0xFA, 0x0F, 0x09, 0x3B, 0x53, 0x17, 0xBB, 0xF8, 0x00, 0x00, 0x37,
    0x1B, 0x2A, 0x66, 0x13, 0xCD, 0x71, 0x8D, 0xA9, 0xCB, 0xAA, 0x7D, 0x46, 0xE3, 0x2C, 0x68, 0xE5,
    0x25, 0x19, 0x38, 0x76, 0x8E, 0xC9, 0xBD, 0x26, 0x31, 0xD7, 0xBC, 0x33, 0x6C, 0x01, 0x3E, 0x1F,
    0xCC, 0x27, 0x8B, 0x63, 0x8F, 0x5B, 0xE2, 0x80, 0x00, 0x00, 0x41, 0x67, 0x60, 0x0C, 0x0A, 0x1C,
    0x97, 0x17, 0x6C, 0x01, 0x37, 0x3B, 0xC7, 0xF2, 0xAF, 0x16, 0x90, 0x14, 0xCD, 0xB6, 0xD7, 0x46,
    0xB0, 0x6C, 0xA1, 0x28, 0xF8, 0x9B, 0xE1, 0xF9, 0x49, 0x67, 0x2B, 0x40, 0x87, 0x2A, 0x00, 0x66,
    0xCE, 0x14, 0xCD, 0xBB, 0xB9, 0x91, 0xC4, 0xE8, 0x31, 0x4B, 0x05, 0x18, 0x87, 0x49, 0x02, 0x63,
    0x12, 0x61, 0xEA, 0x5C, 0xC5, 0xA7, 0x60, 0x43, 0xA0, 0x9E, 0x2D, 0x95, 0xC5, 0x02, 0x4C, 0x10,
    0x33, 0x20, 0x4D, 0xC9, 0x78, 0x62, 0x43, 0xCC, 0xFC, 0x36, 0x39, 0x00, 0x05, 0x96, 0x36, 0xEA,
    0xCC, 0x7C, 0x83, 0x74, 0x24, 0xD0, 0xB2, 0xBF, 0x2B, 0xB6, 0x58, 0x69, 0x7D, 0x7A, 0xFB, 0xC4,
    0x6B, 0x8C, 0x60, 0x1B, 0xFE, 0x42, 0x82, 0xCF, 0xAA, 0x0B, 0x30, 0xCC, 0x8C, 0x69, 0x9F, 0x7A,
    0x33, 0xDE, 0x83, 0xC0, 0x88, 0x76, 0x02, 0x2D, 0x38, 0x55, 0xF7, 0xB3, 0x3F, 0xE2, 0x5B, 0xE5,
    0xDC, 0x37, 0x5E, 0x3B, 0x43, 0x83, 0x28, 0xDE, 0x5F, 0x39, 0x13, 0xFB, 0x81, 0xDA, 0x83, 0xFE,
    0x78, 0xEE, 0xF9, 0x10, 0x00, 0x05, 0x09, 0x6C, 0x32, 0xF0, 0xEA, 0x68, 0xE4, 0x4F, 0xBE, 0xD2,
    0x96, 0x90, 0x1F, 0x2B, 0xDF, 0x77, 0x55, 0x81, 0x2E, 0x6C, 0x4F, 0xE2, 0x6E, 0xD0, 0x7E, 0x59,
    0x22, 0x3D, 0xCA, 0x15, 0xA3, 0xDE, 0x23, 0xB7, 0x90, 0x11, 0x34, 0x84, 0x30, 0xE1, 0x6A, 0x02,
    0x99, 0x6B, 0x08, 0xC4, 0x2F, 0x2D, 0x63, 0xE1, 0xB6, 0x9A, 0xE4, 0x10, 0x00, 0x00, 0x0F, 0x15,
    0xEC, 0x40, 0x44, 0xC0, 0x6B, 0xA9, 0x7D, 0x32, 0x1D, 0x55, 0x44, 0x53, 0xD0, 0x1C, 0x40, 0xE0,
    0x84, 0x53, 0xFD, 0x79, 0xD9, 0x47, 0x79, 0x6F, 0x02, 0x06, 0x83, 0xB6, 0xF2, 0x8F, 0xBB, 0xA1,
    0x27, 0xA9, 0x73, 0x80, 0xDE, 0xF2, 0x68, 0x00, 0x9A, 0x84, 0xBA, 0xDA, 0xB3, 0xD7, 0x4D, 0x70,
    0xC0, 0xAD, 0xEB, 0x4A, 0x55, 0xCD, 0xA8, 0xFC, 0x9A, 0x81, 0xF2, 0x0D, 0xC6, 0x32, 0xD6, 0x4C,
    0xCD, 0xAF, 0xBB, 0x72, 0x94, 0xB6, 0x70, 0x1B, 0x4C, 0xFB, 0x5E, 0xFC, 0xE9, 0xC9, 0xFB, 0x5B,
    0x43, 0x9D, 0x6C, 0xC0, 0x00, 0x1A, 0x4B, 0xF6, 0x9E, 0xEB, 0xEA, 0xFE, 0x35, 0x94, 0x9A, 0xA2,
    0x22, 0x9A, 0x7D, 0x27, 0x07, 0xE8, 0x54, 0x5A, 0x75, 0x21, 0x4D, 0xEC, 0x20, 0x0D, 0xBF, 0xD2,
    0x3C, 0xAF, 0xC4, 0x0F, 0x2D, 0x5B, 0xBF, 0x80, 0x87, 0x25, 0x00, 0x88, 0x8E, 0x59, 0x6E, 0x36,
    0x78, 0x40, 0xDC, 0x8A, 0x88, 0xE0, 0x0D, 0x67, 0x1B, 0x80, 0x87, 0x45, 0x00, 0x7A, 0xBD, 0x80,
    0x02, 0x08, 0x02, 0x96, 0x64, 0x91, 0xD8, 0x78, 0x94, 0x13, 0x34, 0x87, 0x36, 0x00, 0x48, 0xEE,
    0x99, 0xF3, 0x41, 0x1E, 0x55, 0xC3, 0x43, 0x80, 0x87, 0x53, 0x02, 0xBA, 0x42, 0x64, 0x62, 0x4E,
    0x17, 0xFA, 0x2A, 0x8D, 0xFF, 0xA7, 0x7C, 0xBC, 0xCB, 0xC1, 0x61, 0xE5, 0x05, 0x9B, 0x87, 0x3B,
    0x00, 0x67, 0x8E, 0xA0, 0xD3, 0x5D, 0xD9, 0xC5, 0xEA, 0x70, 0x87, 0x58, 0x00, 0x68, 0x0C, 0xEA,
    0xEA, 0x58, 0x9E, 0xCC, 0x7D, 0xE3, 0x02, 0x20, 0x37, 0xF8, 0xD8, 0x7B, 0x7E, 0xE7, 0x87, 0x3B,
    0x00, 0x67, 0x8E, 0xA0, 0xD3, 0x5D, 0xD6, 0x02, 0xFE, 0x71, 0xD1, 0xCB, 0x8A, 0x00, 0xE0, 0x87,
    0xC0, 0x02, 0x68, 0x0C, 0xEC, 0xC8, 0xB2, 0xF6, 0x46, 0x5C, 0xDF, 0xD9, 0x58, 0x54, 0x4B, 0xE0,
    0x87, 0x3A, 0x00, 0x67, 0x3C, 0x8E, 0x1B, 0x0B, 0xB8, 0xB4, 0xEA, 0x49, 0xF0, 0x36, 0xEA, 0xC6,
    0x9B, 0x80, 0x87, 0x5A, 0x00, 0x65, 0x24, 0x50, 0x00, 0xA8, 0xF8, 0xE2, 0x37, 0x37, 0xC5, 0x21,
    0x8A, 0xF3, 0xAA, 0x80, 0x00, 0x00, 0x18, 0x7F, 0x18, 0xED, 0xAB, 0x8B, 0x56, 0x93, 0xDE, 0x26,
    0xE3, 0x1C, 0xAD, 0xEB, 0x51, 0xAC, 0x9D, 0x42, 0x99, 0xBC, 0x90, 0x65, 0x63, 0xDF, 0x26, 0x8B,
    0x32, 0x87, 0x59, 0x88, 0x5C, 0x9A, 0x57, 0x22, 0x4D, 0x09, 0x8E, 0x00, 0x05, 0x41, 0x2C, 0x28,
    0x2D, 0xED, 0x9F, 0x68, 0xC2, 0xC2, 0xF5, 0xF4, 0x5D, 0x1E, 0xAA, 0x04, 0x1C, 0x3F, 0xF3, 0x02,
    0x82, 0xE4, 0xB4, 0x01, 0xE5, 0x12, 0xAE, 0xED, 0xCB, 0x8E, 0x68, 0x39, 0x6A, 0xA5, 0x46, 0x80,
    0x87, 0x38, 0x02, 0x67, 0x0A, 0xBE, 0xF8, 0xAE, 0xC3, 0x36, 0x44, 0x68, 0x22, 0xC9, 0xCD, 0x04,
    0x10, 0x4A, 0x69, 0x36, 0x83, 0xE1, 0x98, 0xEE, 0x6D, 0xA0, 0x00, 0x00, 0xB3, 0xA3, 0x67, 0x01,
    0xCC, 0xBD, 0x40, 0x5F, 0x7C, 0x12, 0xC8, 0xF4, 0x16, 0xCC, 0x12, 0x46, 0xBF, 0xA2, 0x28, 0xB1,
    0x0A, 0xEC, 0xF4, 0x76, 0xC0, 0x40, 0x08, 0x7A, 0x57, 0x26, 0x48, 0x39, 0xF6, 0x87, 0x38, 0x02,
    0x67, 0x1E, 0x45, 0x97, 0x9A, 0xF8, 0x76, 0x27, 0x9C, 0xE5, 0x3A, 0x9E, 0x10, 0x87, 0x58, 0x02,
    0x64, 0xB7, 0x9F, 0xF9, 0x3C, 0xB5, 0x22, 0x9C, 0x1E, 0xBD, 0xBD, 0x7A, 0xE8, 0xD0, 0x87, 0xF3,
    0x00, 0x7F, 0xA1, 0x38, 0xEF, 0x78, 0x30, 0x23, 0xBC, 0xBC, 0xC0, 0x75, 0x68, 0x87, 0x32, 0xDF,
    0xFE, 0x0F, 0x29, 0xBE, 0x67, 0xA6, 0x8E, 0xAA, 0xAA, 0x87, 0x4A, 0x00, 0xA7, 0x10, 0x51, 0xAA,
    0x33, 0x40, 0x00, 0xB2, 0x8A, 0x72, 0x0C, 0xBC, 0xF7, 0xFB, 0x55, 0x0F, 0xD6, 0xE7, 0xB2, 0x3F,
    0x51, 0xE2, 0xA8, 0x55, 0x93, 0x7C, 0xEB, 0x44, 0xA4, 0xDF, 0xE2, 0xA2, 0xE7, 0x39, 0x9A, 0xE4,
    0x7B, 0x57, 0x99, 0x50, 0x13, 0x10, 0x0A, 0x4A, 0x98, 0xEC, 0xEB, 0x73, 0xA0, 0x00, 0xA0, 0xD5,
    0x5A, 0x13, 0x78, 0x99, 0xA6, 0x39, 0x04, 0x5A, 0xD1, 0x41, 0x5C, 0xF9, 0xEC, 0x33, 0xCF, 0xC8,
    0x04, 0x96, 0x79, 0x17, 0x6E, 0xAE, 0x67, 0xA9, 0x28, 0xC2, 0x1D, 0x7D, 0x26, 0xE0, 0x80, 0x87,
    0xCD, 0x02, 0xB3, 0x5E, 0x53, 0x31, 0x68, 0x45, 0x5A, 0x91, 0x0C, 0x95, 0xB8, 0x02, 0x65, 0x2F,
    0x78, 0x84, 0xC6, 0x46, 0x87, 0xCE, 0x02, 0xA3, 0x9F, 0xBA, 0xD1, 0x7C, 0x7E, 0x4F, 0x73, 0x1F,
    0x5E, 0x19, 0x66, 0xC8, 0xE6, 0x67, 0x87, 0xEF, 0x00, 0x66, 0x50, 0x28, 0x80, 0x27, 0x02, 0xBE,
    0xA2, 0xFD, 0x0F, 0x3C, 0xDB, 0x3D, 0xD2, 0xF8, 0x64, 0xDA, 0x05, 0xDD, 0x39, 0x57, 0x6E, 0x42,
    0x01, 0x43, 0xE9, 0xF5, 0xD4, 0xD2, 0x05, 0xC0, 0x80, 0x47, 0x02, 0xAB, 0x60, 0xC5, 0xF9, 0x92,
    0x95, 0xAD, 0x02, 0xCA, 0x07, 0x17, 0xF9, 0x6F, 0x49, 0x88, 0xBB, 0x9D, 0x07, 0xDA, 0x9B, 0x15,
    0xC0, 0x87, 0xA5, 0x02, 0x7E, 0xB2, 0xE2, 0xCD, 0x48, 0x52, 0xD3, 0xA3, 0x4E, 0xCA, 0x9C, 0x52,
    0x57, 0xE5, 0xD3, 0xEA, 0xA1, 0x3C, 0x1A, 0xF2, 0x18, 0x03, 0xB4, 0xA5, 0x17, 0xD2, 0x4B, 0x98,
    0xB2, 0x80, 0x8E, 0xB0, 0x02, 0x02, 0x53, 0x24, 0x5E, 0xA5, 0x14, 0xD1, 0x33, 0xAA, 0x07, 0x6A,
    0x2D, 0x9A, 0x81, 0xA6, 0x57, 0x31, 0xA2, 0x9C, 0xFA, 0xBB, 0x3A, 0x33, 0x35, 0xAE, 0x31, 0xBB,
    0x7A, 0x50, 0xF2, 0x50, 0xEB, 0xEE, 0x5B, 0xB5, 0x70, 0x87, 0x2C, 0x02, 0x5A, 0xBC, 0x6B, 0xB1,
    0x33, 0x84, 0xB4, 0xF6, 0xE2, 0x24, 0x43, 0x2D, 0xC0, 0x87, 0x4C, 0x02, 0x59, 0x26, 0x83, 0x44,
    0x4C, 0x5F, 0x58, 0x15, 0x9D, 0x7F, 0x74, 0xA5, 0xB8, 0x87, 0x2A, 0x00, 0x66, 0xCE, 0x14, 0xCC,
    0xED, 0x07, 0xEF, 0x96, 0x08, 0x27, 0x1F, 0x4E, 0x94, 0x20, 0xE2, 0xD9, 0x18, 0x85, 0xB7, 0x7C,
    0x23, 0xF0, 0x87, 0x49, 0x02, 0x63, 0x12, 0x61, 0xEA, 0x15, 0xCA, 0xCF, 0x6F, 0xF8, 0x7F, 0x84,
    0x71, 0x35, 0xA7, 0xE7, 0x9C, 0xE4, 0xD0, 0xA4, 0x8A, 0xA2, 0x4F, 0x75, 0xD7, 0xB2, 0xA6, 0x0B,
    0xD0, 0x4C, 0xD7, 0xA7, 0x60, 0xC4, 0x87, 0x2A, 0x00, 0x66, 0xCE, 0x14, 0xCD, 0xBB, 0xB8, 0x82,
    0x16, 0xD8, 0x6F, 0xCF, 0x74, 0xA4, 0xC0, 0x87, 0x49, 0x02, 0x62, 0x66, 0xAD, 0xF0, 0xF5, 0xD6,
    0x32, 0x1A, 0xA1, 0x70, 0x33, 0xFA, 0x57, 0x58, 0x35, 0xB4, 0xB9, 0x79, 0xD7, 0x64, 0x73, 0x45,
    0xD1, 0x80, 0xA0, 0x00, 0x00, 0x96, 0xA7, 0x94, 0x06, 0x68, 0xB4, 0xD7, 0xD3, 0xBF, 0xC0, 0xE8,
    0x62, 0xE3, 0x15, 0x4F, 0xCA, 0xD4, 0x6E, 0x37, 0x7A, 0xBA, 0x7C, 0x63, 0x10, 0x3D, 0xA8, 0x12,
    0x81, 0x81, 0x6B, 0xAF, 0x27, 0x90, 0x08, 0x40, 0x87, 0xC8, 0x02, 0x64, 0x5B, 0xA3, 0x7F, 0x58,
    0x6A, 0x07, 0x19, 0xDE, 0x9A, 0xF0, 0xDD, 0x28, 0x19, 0x60, 0x74, 0x87, 0x2D, 0x02, 0x71, 0xC7,
    0xDF, 0x12, 0x92, 0xA6, 0xC3, 0x53, 0xF3, 0x88, 0x58, 0xD8, 0x1A, 0x55, 0x14, 0x2B, 0x2B, 0xE8,
    0xEB, 0xB0, 0xD7, 0xCD, 0xD8, 0x3A, 0xDC, 0x7B, 0xAF, 0x29, 0x6C, 0xC1, 0xE8, 0xC3, 0xAD, 0x95,
    0xEE, 0x5D, 0x53, 0xA6, 0x48, 0xAD, 0xD7, 0x9D, 0xDD, 0x38, 0x03, 0x55, 0x74, 0x44, 0xA7, 0xC0,
    0x87, 0x4D, 0x02, 0x77, 0xD7, 0xA7, 0xDF, 0x60, 0x84, 0x2A, 0xD6, 0x99, 0x52, 0xD3, 0xEE, 0x47,
    0x84, 0xFD, 0xDB, 0x80, 0x87, 0xEF, 0x00, 0x66, 0x50, 0x28, 0x86, 0x85, 0x00, 0xB6, 0x09, 0xAB,
    0xF3, 0x35, 0xEC, 0x1E, 0xFB, 0x37, 0xE7, 0x8F, 0x00, 0x05, 0x97, 0x24, 0x60, 0x87, 0xC4, 0x00,
    0xF5, 0xD1, 0xE5, 0x07, 0xEC, 0x28, 0x8E, 0x15, 0x9F, 0xFD, 0xD5, 0x16, 0x00, 0x20, 0x87, 0x85,
    0x00, 0x64, 0x4E, 0xD7, 0x9B, 0xF4, 0xE7, 0x3A, 0xCD, 0x11, 0xD5, 0x2E, 0x87, 0xA5, 0x00, 0x5F,
    0x6F, 0x00, 0xD9, 0x2F, 0x74, 0xAD, 0x40, 0x87, 0x87, 0x00, 0x5C, 0x78, 0x93, 0xEA, 0xEC, 0x59,
    0x34, 0xA8, 0x0B, 0xFB, 0xF8, 0x87, 0xA7, 0x00, 0x99, 0x3D, 0xCF, 0x5D, 0x24, 0x73, 0xC9, 0x91,
    0x19, 0x0C, 0x80, 0x27, 0x00, 0x87, 0x94, 0x2C, 0xFD, 0x30, 0x14, 0xBC, 0x65, 0x80, 0xDC, 0xFD,
    0x34, 0x26, 0x6C, 0xDA, 0x87, 0xD6, 0x00, 0xE2, 0x83, 0x2F, 0x47, 0x1C, 0x21, 0x60, 0x28, 0x5A,
    0xB2, 0x3C, 0x54, 0x2E, 0x80, 0x00, 0x86, 0xCB, 0xC8, 0x8B, 0x56, 0x2A, 0x4D, 0xE7, 0x3C, 0xAC,
    0x8B, 0x06, 0xFF, 0x1B, 0xDB, 0xF9, 0x42, 0x07, 0xF3, 0x3D, 0xC0, 0x1E, 0x47, 0xFB, 0x80, 0x79,
    0x1F, 0x8E, 0x8B, 0xE1, 0x55, 0xF6, 0xBA, 0x38, 0x87, 0x5E, 0x01, 0x8E, 0xAB, 0xBF, 0x19, 0x63,
    0x95, 0x8A, 0x82, 0xE9, 0x02, 0x16, 0x26, 0xD3, 0x80, 0xF0, 0xBB, 0x0A, 0x95, 0xC3, 0xD3, 0xA2,
    0xBC, 0x39, 0x31, 0xD2, 0x82, 0xEA, 0x02, 0x0B, 0xFD, 0x18, 0xFE, 0xD8, 0x28, 0x1B, 0xFB, 0xC6,
    0x52, 0x71, 0x49, 0x47, 0x7A, 0x88, 0xD2, 0x02, 0x65, 0xE6, 0x2E, 0x94, 0xED, 0xCB, 0x82, 0x87,
    0x5A, 0x9C, 0xED, 0x4A, 0x3D, 0x6D, 0xB2, 0xCF, 0x1C, 0xD5, 0x6E, 0x7E, 0x19, 0xBF, 0x80, 0x88,
    0xD3, 0x02, 0x5A, 0x92, 0xF3, 0x90, 0xBD, 0xDB, 0x5F, 0xFB, 0x6F, 0xD5, 0xE8, 0xA7, 0x21, 0x17,
    0x1E, 0x33, 0x5B, 0xEF, 0x62, 0xC0, 0x82, 0x28, 0x02, 0x15, 0x72, 0x3F, 0x8B, 0x7C, 0x92, 0x32,
    0x95, 0x88, 0xAD, 0x82, 0x11, 0x82, 0xAC, 0x9A, 0xB4, 0x81, 0x48, 0x02, 0x11, 0x78, 0xA6, 0x7D,
    0x50, 0xB2, 0x1E, 0x26, 0xC2, 0xD2, 0x39, 0x22, 0xC8, 0x72, 0x8E, 0x6F, 0x01, 0x5C, 0x72, 0x76,
    0xC0, 0x8F, 0x27, 0x6E, 0x87, 0x28, 0x8E, 0x70, 0x01, 0x61, 0x07, 0x6D, 0x1C, 0xEA, 0xFD, 0xEE,
    0x1E, 0x8A, 0x1E, 0x02, 0x34, 0x21, 0xBC, 0x8B, 0xA0, 0x04, 0xB9, 0xBA, 0x32, 0xF4, 0xDA, 0x83,
    0x49, 0x02, 0x19, 0x90, 0x25, 0x98, 0x4E, 0xE4, 0xEC, 0x9B, 0x63, 0xFF, 0x60, 0x88, 0x1E, 0x02,
    0x3A, 0xD8, 0x00, 0xBB, 0x41, 0x11, 0x69, 0xB6, 0x84, 0x7D, 0xA5, 0xE0, 0xAC, 0xE3, 0x61, 0xA8,
    0xF8, 0x04, 0x80, 0x81, 0x49, 0x02, 0x1D, 0x0F, 0xD9, 0xE9, 0x28, 0x78, 0xAF, 0xF7, 0xE0, 0x14,
    0xE6, 0x6E, 0xE6, 0x9D, 0x68, 0x87, 0x97, 0x00, 0x6B, 0x83, 0x07, 0x7C, 0x40, 0xBD, 0x04, 0xB5,
    0x0F, 0x87, 0xB7, 0x00, 0x7B, 0xF3, 0x0B, 0xBB, 0x6D, 0x37, 0x4D, 0xF2, 0x87, 0x31, 0x00, 0x92,
    0xDC, 0x65, 0x7F, 0x12, 0xB3, 0x2A, 0x26, 0xBA, 0xB5, 0xC0, 0x87, 0x51, 0x00, 0x87, 0xD4, 0xB5,
    0xB0, 0x79, 0x30, 0xCA, 0x87, 0x97, 0x00, 0x6B, 0x83, 0x07, 0x7C, 0x36, 0xB3, 0x71, 0x5F, 0xA8,
    0xC6, 0x01, 0xA0, 0x80, 0x87, 0xB7, 0x00, 0x7B, 0xF3, 0x0B, 0xB8, 0x64, 0xBA, 0x9F, 0x9F, 0x7A,
    0xC4, 0x82, 0x3E, 0x02, 0x10, 0xC5, 0x67, 0xFB, 0xC8, 0x09, 0x04, 0x4F, 0x74, 0xA5, 0xEF, 0x1D,
    0x7E, 0xA8, 0xA0, 0x81, 0x5E, 0x02, 0x0B, 0xFD, 0x19, 0x5B, 0xA6, 0xD0, 0x6D, 0x24, 0x03, 0x2A,
    0x37, 0x5C, 0xB7, 0xF5, 0x32, 0x40, 0x8A, 0x1F, 0x02, 0xA3, 0x6E, 0x00, 0x04, 0xDC, 0x2B, 0xC5,
    0x02, 0x01, 0x7B, 0x37, 0xE0, 0xD8, 0x89, 0xC0, 0x00, 0x50, 0x0C, 0xE0, 0xB8, 0xF7, 0xF1, 0xE3,
    0x35, 0xDA, 0x3A, 0x64, 0xC0, 0x88, 0x1F, 0x02, 0x64, 0x1F, 0xEB, 0x94, 0xAD, 0x30, 0xB6, 0x15,
    0x00, 0x45, 0x57, 0xDE, 0x01, 0xBE, 0xD2, 0xF4, 0xAF, 0x0E, 0x81, 0x5B, 0x00, 0x16, 0x24, 0xA7,
    0xEF, 0xF1, 0x4D, 0x6F, 0x9C, 0x0A, 0xA2, 0xDF, 0x06, 0x44, 0xF8, 0xB6, 0xB4, 0x3F, 0x80, 0x87,
    0x1F, 0x02, 0x2F, 0x84, 0xC7, 0x93, 0x06, 0x0C, 0x66, 0xD1, 0xEE, 0xCD, 0x85, 0x54, 0xDB, 0x72,
    0x9A, 0x5A, 0x53, 0x3B, 0x0F, 0x04, 0x80, 0x5B, 0x00, 0x28, 0x60, 0xCD, 0xFC, 0x16, 0xA6, 0x74,
    0xDE, 0x91, 0x3C, 0x99, 0x01, 0x43, 0x49, 0x7A, 0xA1, 0xA1, 0x84, 0x81, 0x38, 0x02, 0x21, 0x80,
    0x88, 0x58, 0xD0, 0x63, 0x9D, 0x8B, 0xE7, 0xD1, 0xC5, 0xE5, 0x38, 0xD3, 0x39, 0x81, 0x58, 0x02,
    0x1E, 0xCE, 0xFB, 0xE9, 0x39, 0xA8, 0x2E, 0x77, 0x4C, 0x68, 0xF8, 0x30, 0x16, 0x80, 0x87, 0xA3,
    0x02, 0x5B, 0x7F, 0x79, 0x9C, 0x32, 0x1B, 0xB6, 0xB5, 0x59, 0xC3, 0xD0, 0x0E, 0x87, 0x44, 0x02,
    0x62, 0x5F, 0xF9, 0x12, 0x9C, 0x23, 0x82, 0x62, 0xB8, 0x8B, 0x6A, 0x80, 0x81, 0x3C, 0x02, 0x46,
    0x58, 0x76, 0xF9, 0x95, 0x55, 0x08, 0xC5, 0xE5, 0x1F, 0xCE, 0xF9, 0xD9, 0x07, 0x5A, 0x35, 0xBA,
    0xA0, 0x81, 0x5C, 0x02, 0x3C, 0x98, 0x42, 0x27, 0x46, 0x71, 0x35, 0xB6, 0x21, 0x96, 0x67, 0x8A,
    0x5D, 0x1A, 0x02, 0x27, 0x20, 0x87, 0xA3, 0x02, 0x5B, 0x7F, 0x4F, 0x1E, 0x44, 0x2D, 0x9F, 0x5F,
    0xA2, 0x4F, 0xFF, 0x1A, 0xF0, 0x87, 0x44, 0x02, 0x62, 0x3C, 0xA3, 0x89, 0xED, 0x43, 0xAE, 0x08,
    0xEB, 0xD6, 0x88, 0xD7, 0xE2, 0x69, 0xE5, 0x46, 0xD1, 0xA3, 0xB3, 0x95, 0x27, 0x87, 0xE0, 0x87,
    0x3A, 0x00, 0x67, 0x3C, 0x8E, 0x1B, 0x0B, 0xB8, 0xB4, 0xEA, 0x4A, 0xFE, 0xEF, 0xF4, 0xCF, 0x12,
    0x60, 0xE5, 0x68, 0x87, 0x5A, 0x00, 0x65, 0x24, 0x50, 0x00, 0xA8, 0xF8, 0xE2, 0x4D, 0x3C, 0x2C,
    0xB1, 0xA9, 0xFD, 0x3E, 0x43, 0xDA, 0x2E, 0x87, 0x3A, 0x00, 0x67, 0x3C, 0x8E, 0x1B, 0x60, 0x81,
    0x48, 0x07, 0x3E, 0x44, 0x56, 0x0F, 0xFA, 0x9E, 0x87, 0xC4, 0x02, 0x65, 0x24, 0x51, 0x95, 0x48,
    0x27, 0xEA, 0xD3, 0x00, 0xB4, 0xF9, 0x6F, 0x4B, 0xA8, 0x32, 0x80, 0x87, 0x23, 0x00, 0x77, 0xE9,
    0xFE, 0xE9, 0x4F, 0xD9, 0x0A, 0x2F, 0xAC, 0x25, 0x84, 0xF7, 0xA4, 0x29, 0xD0, 0x87, 0x43, 0x00,
    0x95, 0x04, 0x19, 0x39, 0x5A, 0x4C, 0x60, 0x4C, 0x07, 0x53, 0x23, 0x46, 0x86, 0x82, 0x00, 0x33,
    0x44, 0x69, 0x5D, 0xD1, 0xDB, 0x03, 0x46, 0x24, 0x9A, 0xF6, 0x4F, 0x02, 0x1C, 0x01, 0x8E, 0x85,
    0xA2, 0x00, 0x7E, 0x5B, 0x71, 0x1F, 0xFD, 0xFB, 0xAD, 0xD3, 0x82, 0xFD, 0x89, 0x8F, 0xD0, 0xA2,
    0xD0, 0x85, 0x85, 0x00, 0x7B, 0x2E, 0xAC, 0x7B, 0x07, 0x28, 0xCC, 0xBB, 0x28, 0x2D, 0xAB, 0xE7,
    0x10, 0x5E, 0x75, 0x5F, 0x18, 0x8F, 0x1E, 0x86, 0xA3, 0x00, 0x5B, 0x15, 0x37, 0x3F, 0x16, 0x9D,
    0x95, 0x35, 0xF8, 0x59, 0xD5, 0x65, 0x35, 0xF0, 0xBE, 0x85, 0x85, 0x00, 0x12, 0x86, 0x40, 0xD2,
    0xB6, 0x9C, 0x53, 0xAA, 0xB7, 0xBC, 0x5B, 0xCB, 0xD3, 0x9C, 0xAD, 0x74, 0x48, 0xB5, 0x0E, 0x66,
    0x18, 0x00, 0x09, 0x1D, 0xA3, 0x0A, 0x6D, 0xB9, 0x3E, 0x60, 0x05, 0xCF, 0x0D, 0xF3, 0x68, 0x6C,
    0x6A, 0x03, 0x7E, 0x9C, 0xAB, 0x4B, 0x10, 0xB6, 0x21, 0xA3, 0x61, 0x56, 0x90, 0x18, 0x82, 0xBB,
    0x64, 0xD6, 0xBE, 0x6B, 0xDF, 0x25, 0x4B, 0xEA, 0x90, 0x84, 0x85, 0x00, 0x6B, 0x87, 0x5D, 0xFD,
    0x6D, 0x64, 0x3E, 0xE3, 0xD2, 0xBE, 0x7F, 0xFC, 0xEE, 0xC7, 0x03, 0x2C, 0x5B, 0x7D, 0xD5, 0x3A,
    0xA6, 0x85, 0xA3, 0x00, 0x53, 0x67, 0xAE, 0xAD, 0x72, 0xC2, 0x92, 0x2D, 0x15, 0x1E, 0x39, 0x7A,
    0xAE, 0x53, 0x30, 0x08, 0xE3, 0x58, 0x83, 0x85, 0x00, 0x2B, 0x71, 0xAE, 0x96, 0x15, 0x66, 0x9D,
    0x6E, 0x38, 0x26, 0xCC, 0xD1, 0xAA, 0x6F, 0xF7, 0x5C, 0xCF, 0x79, 0x56, 0xE5, 0xED, 0x23, 0x3A,
    0x1B, 0xC7, 0x5F, 0x1C, 0x83, 0xA3, 0x00, 0x78, 0xFA, 0x54, 0x2B, 0x0B, 0xF5, 0x30, 0x26, 0xC7,
    0xD1, 0x51, 0x20, 0x0D, 0xCD, 0x5F, 0x48, 0xE1, 0x13, 0x5A, 0x14, 0x87, 0x83, 0x00, 0x74, 0xD3,
    0x48, 0xEC, 0x01, 0xAA, 0x6E, 0x0B, 0xEB, 0x11, 0x1B, 0x8F, 0xE8, 0x2C, 0xA5, 0xB2, 0x81, 0x12,
    0x03, 0x2F, 0x66, 0x57, 0x4B, 0x47, 0x2C, 0xE2, 0x74, 0x36, 0x79, 0xCF, 0x3E, 0x90, 0x9C, 0x84,
    0x85, 0x00, 0x60, 0x11, 0xFB, 0xBA, 0xC7, 0x79, 0xF7, 0x91, 0x23, 0x8E, 0x9C, 0xA6, 0xB4, 0xFF,
    0xB2, 0x84, 0x17, 0x85, 0xC4, 0x00, 0x45, 0xC6, 0xEE, 0x42, 0x59, 0x96, 0xE5, 0xFA, 0x47, 0x69,
    0xE7, 0x66, 0xC1, 0x67, 0x3F, 0xC0, 0x85, 0xC3, 0x00, 0x3B, 0xF7, 0xA0, 0x8B, 0xA9, 0xF3, 0xED,
    0x44, 0xA2, 0xCF, 0xEF, 0xF2, 0xEB, 0x7F, 0x01, 0x07, 0xD8, 0x85, 0xC4, 0x00, 0x1C, 0x10, 0x33,
    0x27, 0x8E, 0xD6, 0x11, 0x2D, 0xE5, 0xAD, 0x14, 0x58, 0x06, 0xF7, 0x39, 0x96, 0x84, 0xC3, 0x00,
    0x43, 0xE2, 0x2A, 0x0D, 0xD9, 0x04, 0xC6, 0x36, 0xE0, 0x8A, 0x67, 0xEC, 0xE9, 0x20, 0xD9, 0x92,
    0xB7, 0xDF, 0xD0, 0x62, 0xB8, 0x84, 0xC4, 0x00, 0x25, 0x24, 0xCD, 0x24, 0x52, 0xAE, 0xE8, 0xD8,
    0x87, 0x6E, 0x6E, 0x63, 0xD7, 0x47, 0x76, 0x69, 0x0C, 0xA0, 0x84, 0xC3, 0x00, 0x38, 0xB4, 0x20,
    0x97, 0x40, 0x58, 0x09, 0x53, 0x43, 0x07, 0x22, 0x3E, 0xCA, 0xE5, 0x48, 0xDA, 0xA3, 0x33, 0x8F,
    0x55, 0x81, 0xF8, 0x83, 0xC4, 0x00, 0x79, 0xB7, 0x03, 0xE6, 0x30, 0x49, 0xB1, 0x42, 0x18, 0x41,
    0xC4, 0x24, 0x92, 0xD5, 0x3D, 0x38, 0x9A, 0x2F, 0x9C, 0xC0, 0x87, 0xC3, 0x00, 0x78, 0x41, 0x1B,
    0x10, 0xD8, 0xB8, 0x5B, 0x6E, 0xD2, 0x9D, 0xC4, 0x2D, 0x04, 0x86, 0x90, 0xC5, 0xE8, 0x60, 0x87,
    0xC4, 0x00, 0x93, 0x05, 0xC3, 0xF4, 0xD7, 0x79, 0x2D, 0x57, 0xF1, 0x00, 0x86, 0x8B, 0x1B, 0x8A,
    0x87, 0x27, 0x00, 0x5F, 0x17, 0x5B, 0x84, 0x74, 0xE4, 0x3D, 0xA2, 0x4D, 0x94, 0x6F, 0x8F, 0x87,
    0x47, 0x00, 0x84, 0xA0, 0x62, 0x72, 0xF4, 0x12, 0x8D, 0xE0, 0x26, 0xE4, 0xC5, 0x38, 0x80, 0x27,
    0x00, 0x32, 0x64, 0xC3, 0xA4, 0x53, 0x3B, 0x2B, 0x42, 0x77, 0x6E, 0x9F, 0xE3, 0x74, 0x6E, 0x1C,
    0xDD, 0x43, 0x4E, 0x36, 0x78, 0xD6, 0x22, 0xDC, 0x85, 0x14, 0x11, 0x2B, 0x40, 0x85, 0xD8, 0x00,
    0x7C, 0x41, 0xEF, 0x59, 0xC2, 0x0D, 0xE4, 0x77, 0x34, 0x20, 0x5C, 0x84, 0xB7, 0xF9, 0x1C, 0x80,
    0x27, 0x00, 0x38, 0xB0, 0x4F, 0x3F, 0x78, 0x89, 0x88, 0x61, 0x4C, 0xF6, 0x4E, 0xFB, 0x1E, 0xC7,
    0xE1, 0x54, 0x87, 0xA9, 0x00, 0xE1, 0xC2, 0x96, 0xBC, 0x2D, 0x9B, 0x56, 0xA2, 0x66, 0x17, 0xB1,
    0x3E, 0xF5, 0x54, 0x80, 0x27, 0x00, 0x71, 0x46, 0x66, 0xF8, 0x14, 0xCE, 0xB3, 0xE2, 0xE2, 0x0D,
    0x9C, 0xF7, 0xFB, 0x77, 0x8F, 0xF7, 0x1B, 0x16, 0x98, 0x45, 0x57, 0x20, 0x1F, 0x2F, 0x72, 0x3E,
    0x26, 0xDD, 0x05, 0x86, 0xB5, 0x00, 0x5B, 0x15, 0x37, 0x3E, 0x2A, 0x89, 0xB0, 0x25, 0x84, 0x9F,
    0xD5, 0x87, 0xC8, 0x8F, 0x53, 0xBD, 0x6B, 0xE8, 0xF3, 0xC7, 0x24, 0x9F, 0x0D, 0x37, 0xAD, 0x8C,
    0x40, 0x08, 0x8A, 0x19, 0x06, 0xEA, 0x80, 0x27, 0x00, 0x09, 0x06, 0x7E, 0x46, 0x57, 0xE3, 0x17,
    0x4B, 0x0C, 0xA9, 0x64, 0x82, 0x16, 0x74, 0x02, 0xA6, 0x7A, 0x23, 0x96, 0xDF, 0xFB, 0x96, 0x1F,
    0x90, 0xDE, 0x54, 0x82, 0xCB, 0xD9, 0xAF, 0x9F, 0x00, 0x09, 0x0E, 0x6E, 0xF2, 0x3F, 0x4D, 0x5D,
    0x06, 0x44, 0x03, 0x78, 0xD0, 0x51, 0xC2, 0xC9, 0x96, 0xC0, 0x5A, 0xEC, 0x22, 0x9F, 0x69, 0xDE,
    0xA0, 0xD8, 0xD2, 0xCE, 0x0E, 0xF9, 0x5C, 0xBC, 0x20, 0x53, 0x9C, 0xB6, 0xBA, 0x0E, 0x80, 0x00,
    0x60, 0xCE, 0xF9, 0xF8, 0xBF, 0xB2, 0xB8, 0x71, 0x42, 0x44, 0xF0, 0xDB, 0xC5, 0xF6, 0x92, 0x6F,
    0x64, 0xF2, 0xF6, 0xFE, 0x10, 0x31, 0xE1, 0x12, 0xD2, 0xA9, 0x47, 0x98, 0x39, 0xAA, 0xFD, 0x88,
    0xB9, 0x87, 0xE5, 0x20, 0x67, 0x81, 0x88, 0x85, 0xAB, 0x00, 0x53, 0x47, 0x91, 0x47, 0xDD, 0xB6,
    0xDE, 0xD6, 0x37, 0x2F, 0x39, 0x31, 0x70, 0xFA, 0xC9, 0x98, 0x1E, 0xD4, 0x86, 0x33, 0x03, 0x1B,
    0xDB, 0x0A, 0xC5, 0x07, 0x55, 0x00, 0x30, 0x6C, 0x47, 0x7C, 0x74, 0x17, 0x3C, 0xF4, 0x1A, 0x83,
    0x97, 0xE7, 0x9E, 0x84, 0xF0, 0x83, 0xAB, 0x00, 0x77, 0x12, 0xF2, 0xFA, 0x22, 0xC8, 0xB6, 0x44,
    0x15, 0xCD, 0x07, 0xAC, 0xA7, 0x55, 0x0C, 0xA6, 0x03, 0xDE, 0x90, 0x36, 0x80, 0x27, 0x00, 0x34,
    0x14, 0x9B, 0xD2, 0xDD, 0xAC, 0x27, 0x58, 0x29, 0xE8, 0xE9, 0xE6, 0x77, 0x96, 0x11, 0xAA, 0x73,
    0xB4, 0x8C, 0x84, 0x87, 0xAB, 0x00, 0x63, 0xB0, 0xFA, 0x6F, 0x15, 0xD6, 0x6B, 0x6B, 0x66, 0x9E,
    0xC0, 0x6F, 0xA0, 0x18, 0xEC, 0x86, 0x8E, 0x00, 0x0F, 0xD9, 0x59, 0x0B, 0x8C, 0xFA, 0x7E, 0xB2,
    0x72, 0x48, 0x1F, 0x92, 0x85, 0xF0, 0x00, 0x51, 0x97, 0x51, 0xC0, 0xA8, 0xEC, 0x37, 0xAE, 0x45,
    0xD8, 0xB5, 0xCE, 0xA0, 0x87, 0x2B, 0x00, 0x66, 0x4B, 0x7F, 0xBC, 0x2D, 0x9E, 0xD8, 0x49, 0x40,
    0x87, 0x4B, 0x00, 0x60, 0xFE, 0x04, 0xB1, 0xF5, 0xD4, 0xAF, 0x81, 0x87, 0x31, 0x00, 0x92, 0xDC,
    0x00, 0xDD, 0xC4, 0x97, 0x93, 0x35, 0x9C, 0x80, 0x78, 0xD8, 0x29, 0x06, 0x87, 0x51, 0x00, 0x87,
    0xC3, 0xAF, 0xA5, 0x3C, 0x3C, 0xE1, 0xD5, 0x17, 0x8E, 0xB0, 0x80, 0x3D, 0x03, 0x36, 0x6E, 0x60,
    0x70, 0x5E, 0xED, 0xB2, 0x40, 0x99, 0xE4, 0x66, 0x47, 0x2A, 0xF3, 0x10, 0xB0, 0x85, 0xB4, 0x00,
    0x7D, 0xF0, 0x7E, 0xB2, 0x62, 0x0C, 0x63, 0xA8, 0xC0, 0x21, 0xCB, 0x0A, 0x76, 0x08, 0x80, 0x3D,
    0x03, 0x79, 0x0D, 0x06, 0x4D, 0x33, 0xC3, 0x03, 0xBA, 0x5B, 0xA8, 0x9D, 0xBD, 0x29, 0x7F, 0xA5,
    0xFB, 0x88, 0x86, 0xB5, 0x00, 0x5B, 0x0E, 0x6F, 0xB8, 0xCC, 0x48, 0xC3, 0x01, 0x21, 0xD1, 0x78,
    0x9C, 0xE7, 0xF9, 0x20, 0x80, 0x3D, 0x03, 0x0E, 0x05, 0xA5, 0x1E, 0x9D, 0xE3, 0xE0, 0xC6, 0xE4,
    0xC3, 0x14, 0x62, 0xA4, 0x9C, 0xEA, 0x1B, 0x26, 0xF1, 0x80, 0x00, 0x09, 0x1D, 0xAF, 0x0F, 0x4A,
    0x6E, 0x08, 0x22, 0xAB, 0xF3, 0xA1, 0x7D, 0xFD, 0x86, 0xDC, 0xAB, 0x5C, 0xCE, 0xEF, 0x4A, 0xAA,
    0x0D, 0x72, 0x95, 0x81, 0x53, 0x3D, 0xAD, 0x59, 0x24, 0x09, 0x3B, 0xFE, 0xC2, 0x84, 0x85, 0x94,
    0x00, 0x63, 0xD7, 0xC6, 0xDB, 0x1E, 0x94, 0xEC, 0x7E, 0x67, 0xEB, 0x19, 0x56, 0x22, 0x32, 0x5A,
    0xDF, 0x87, 0xCA, 0x23, 0xC8, 0x07, 0x76, 0x85, 0xB5, 0x00, 0x53, 0x67, 0xAE, 0xAD, 0x72, 0xAC,
    0x90, 0x7F, 0x82, 0x2F, 0xF6, 0x5D, 0x47, 0x12, 0x94, 0xD6, 0x88, 0x84, 0x94, 0x00, 0x20, 0x58,
    0x02, 0x4C, 0x6B, 0x64, 0xFB, 0x93, 0x6B, 0x4C, 0xA4, 0x6A, 0x47, 0xAC, 0xD7, 0xA0, 0x11, 0x62,
    0xDB, 0x7F, 0xCE, 0x1A, 0x1D, 0x55, 0xD0, 0x83, 0xB5, 0x00, 0x78, 0xFA, 0x54, 0x25, 0x6F, 0x9B,
    0x20, 0x4F, 0xC4, 0xB3, 0x0A, 0xA7, 0x4C, 0xB2, 0xA0, 0x89, 0xAA, 0xB4, 0x81, 0x3D, 0x03, 0x43,
    0x36, 0x66, 0x3C, 0x87, 0x65, 0x3B, 0xF1, 0x76, 0x39, 0xA3, 0x88, 0x2C, 0x05, 0x4B, 0x12, 0x06,
    0x87, 0xB5, 0x00, 0x64, 0x00, 0x28, 0x11, 0xFC, 0xC4, 0x50, 0xD0, 0xFD, 0xD3, 0x02, 0xEF, 0x80,
    0x82, 0x41, 0x01, 0x53, 0x86, 0x3B, 0x9B, 0xA4, 0x45, 0x9A, 0x0A, 0xB4, 0x67, 0xA5, 0x5D, 0xCD,
    0xDB, 0x83, 0x42, 0x01, 0x47, 0xC3, 0x9E, 0x22, 0xF1, 0x9F, 0xDD, 0x26, 0x16, 0xC0, 0x9E, 0xD1,
    0x82, 0x41, 0x01, 0x19, 0xF0, 0x85, 0xFD, 0x1B, 0x5A, 0x71, 0x5B, 0x00, 0x2B, 0x41, 0x71, 0x4A,
    0xD4, 0xDC, 0x83, 0x42, 0x01, 0x11, 0x30, 0x42, 0x08, 0x73, 0xC2, 0x02, 0x7E, 0x61, 0x6C, 0xBC,
    0x6C, 0x81, 0x41, 0x01, 0x36, 0x80, 0xCA, 0xFA, 0x8E, 0x56, 0x58, 0xC9, 0x8A, 0x54, 0x61, 0x20,
    0x45, 0x91, 0xD1, 0xC2, 0x2E, 0xE6, 0xC0, 0x81, 0x42, 0x01, 0x8A, 0x9F, 0xFA, 0xA9, 0xDC, 0x24,
    0xA3, 0xB0, 0xC7, 0x51, 0x70, 0x3A, 0xFA, 0x34, 0x8A, 0x20, 0x82, 0x41, 0x01, 0x3C, 0xA5, 0x1B,
    0x36, 0xE1, 0x09, 0x67, 0x04, 0xAD, 0x97, 0xA1, 0xF8, 0xE0, 0x48, 0x38, 0x54, 0xC8, 0xB4, 0x3F,
    0xA0, 0x87, 0x4E, 0x03, 0xEB, 0xC5, 0xD4, 0x97, 0xB0, 0x56, 0x06, 0x68, 0x4D, 0x57, 0x10, 0x09,
    0xD0, 0x06, 0x5B, 0x11, 0x22, 0x40, 0x87, 0x41, 0x01, 0xA7, 0x31, 0x32, 0x03, 0xE4, 0x29, 0xCF,
    0x40, 0xEF, 0x36, 0xE7, 0xC3, 0x31, 0x70, 0x41, 0x7A, 0x9C, 0x87, 0x42, 0x01, 0x9D, 0xB8, 0x62,
    0x32, 0xFD, 0x24, 0x7C, 0x86, 0x0C, 0x96, 0x75, 0x5A, 0x3E, 0x87, 0x37, 0x00, 0x67, 0x56, 0x42,
    0x27, 0x9B, 0x39, 0xAF, 0xEB, 0x17, 0x8C, 0xD5, 0x31, 0x16, 0xEC, 0x88, 0x50, 0x00, 0x77, 0xF0,
    0xD6, 0x05, 0x27, 0x45, 0x6C, 0xBA, 0x26, 0x83, 0x12, 0x0F, 0x2E, 0x49, 0x70, 0xE4, 0x51, 0x9C,
    0x0A, 0xBC, 0xF0, 0x6E, 0xDA, 0xED, 0x27, 0x3C, 0x86, 0x9B, 0x00, 0x3D, 0x7F, 0xAF, 0xEE, 0x7A,
    0x58, 0xDE, 0xC5, 0xA9, 0xF5, 0xAD, 0x16, 0xD4, 0x8B, 0xC8, 0x89, 0x59, 0x01, 0xF2, 0x53, 0xBC,
    0x92, 0xD4, 0xD7, 0x4D, 0x34, 0xF4, 0xF0, 0x6C, 0x68, 0xB0, 0xA8, 0x51, 0x95, 0x77, 0x82, 0x43,
    0x01, 0x57, 0xD2, 0x1E, 0x62, 0xD5, 0x7E, 0xAC, 0xC3, 0x38, 0xD7, 0x49, 0x5E, 0x50, 0xE8, 0x7A,
    0x83, 0x44, 0x01, 0x4A, 0x76, 0xEC, 0xAD, 0xD8, 0xCF, 0xF2, 0x95, 0x7B, 0x8D, 0xBB, 0x41, 0xE3,
    0x80, 0x82, 0x43, 0x01, 0x1E, 0x71, 0xCD, 0x3C, 0xC4, 0xFA, 0x79, 0xD4, 0xE0, 0x27, 0xAA, 0xA7,
    0xD1, 0xC5, 0xC1, 0x2E, 0x50, 0x83, 0x44, 0x01, 0x15, 0xE3, 0x8B, 0x3B, 0x66, 0x9C, 0x87, 0x72,
    0xC1, 0x33, 0x22, 0x6C, 0xA2, 0x47, 0x40, 0x86, 0x59, 0x03, 0x37, 0x50, 0x5E, 0xAC, 0xA1, 0x80,
    0x47, 0x77, 0xA6, 0xB6, 0x72, 0x07, 0xC5, 0xC7, 0xB0, 0x47, 0x11, 0xCC, 0x54, 0x81, 0x44, 0x01,
    0x9B, 0x96, 0x9B, 0x0F, 0x5E, 0x28, 0x5E, 0xB1, 0xB4, 0xD7, 0x3A, 0xFE, 0xBB, 0xB1, 0xAD, 0xEE,
    0x5C, 0x9F, 0x82, 0x43, 0x01, 0x40, 0x7A, 0x02, 0x72, 0x39, 0xAD, 0xC1, 0xC2, 0xB6, 0x6C, 0x32,
    0xE8, 0x4D, 0xA0, 0x53, 0x7D, 0xC3, 0xD4, 0xF0, 0x37, 0x09, 0x80, 0x83, 0x44, 0x01, 0x32, 0x65,
    0x31, 0x02, 0x65, 0xBC, 0xB2, 0x76, 0xF7, 0xB9, 0x6B, 0x9E, 0x58, 0x6E, 0xAC, 0xAD, 0x33, 0xAE,
    0x7B, 0xDC, 0x87, 0x43, 0x01, 0xA9, 0x65, 0x33, 0x74, 0xDA, 0x2C, 0xEB, 0x04, 0xFF, 0x93, 0xED,
    0x76, 0x05, 0xBD, 0xC2, 0x69, 0x35, 0x35, 0x1C, 0x87, 0x44, 0x01, 0xAB, 0xFD, 0x45, 0x45, 0xFD,
    0x15, 0x34, 0x78, 0x5C, 0x62, 0x2D, 0x7F, 0x05, 0xE1, 0x38, 0x80, 0x3B, 0x00, 0x22, 0x83, 0xDF,
    0x13, 0x71, 0xE5, 0x18, 0x9E, 0x75, 0xF7, 0x0B, 0xF5, 0xAB, 0x58, 0x80, 0x5B, 0x00, 0x15, 0xD4,
    0xC0, 0x2A, 0x4B, 0x9F, 0x32, 0x80, 0x82, 0x25, 0xEE, 0xD0, 0x07, 0x0C, 0x87, 0x3B, 0x00, 0x67,
    0x8E, 0xA0, 0xD0, 0xFC, 0x0B, 0x44, 0x51, 0x9B, 0x82, 0x69, 0xA7, 0xEA, 0x3C, 0x2D, 0x87, 0x5B,
    0x00, 0x64, 0xE0, 0x1C, 0x0D, 0xE2, 0xCE, 0x6C, 0xA6, 0x75, 0x06, 0x80, 0x32, 0x4A, 0x8C, 0xF1,
    0xD0, 0x86, 0x9E, 0x00, 0x33, 0xFF, 0x2B, 0x7F, 0x15, 0x5A, 0x73, 0x1B, 0xC7, 0x61, 0x31, 0x23,
    0x9B, 0x79, 0x70, 0xB2, 0x2E, 0xC6, 0x50, 0x85, 0xBE, 0x00, 0x82, 0xEB, 0x01, 0x6C, 0xE7, 0xF6,
    0x82, 0x85, 0xC1, 0x3C, 0x6B, 0xB1, 0x26, 0x34, 0x6A, 0x60, 0x6D, 0x0E, 0xF8, 0x87, 0x63, 0x03,
    0xD5, 0x7B, 0x25, 0x99, 0x5E, 0x82, 0xB9, 0xBC, 0x0B, 0x62, 0x5A, 0x68, 0x0B, 0x58, 0x2D, 0x94,
    0x64, 0xCF, 0x87, 0x64, 0x03, 0xE2, 0x65, 0x4C, 0xC7, 0x8C, 0x49, 0xC4, 0x44, 0x9B, 0x6E, 0x94,
    0x4D, 0xF9, 0xAC, 0x27, 0x2F, 0x96, 0x0E, 0xE0, 0x00, 0x11, 0x89, 0x6D, 0x68, 0x0F, 0x09, 0x80,
    0x00, 0x44, 0x5F, 0xAC, 0x3D, 0x61, 0xB8, 0x85, 0xE9, 0xE1, 0x5F, 0x2E, 0x8B, 0x76, 0xFF, 0xF0,
    0x27, 0xAB, 0x53, 0x23, 0x80, 0x00, 0x56, 0x2E, 0x34, 0xBA, 0x7F, 0x70, 0x06, 0x5A, 0x5E, 0xA9,
    0xC7, 0x41, 0xE8, 0xBD, 0x4A, 0x8E, 0x00, 0x55, 0x76, 0x00, 0x1C, 0x2F, 0x67, 0x44, 0x07, 0x1E,
    0x39, 0xA3, 0xE7, 0x13, 0x13, 0x66, 0x87, 0x0F, 0x00, 0x60, 0x87, 0x0F, 0x00, 0x60, 0x00, 0x00,
    0x10, 0xBD, 0x1B, 0xEC, 0x00, 0x05, 0x09, 0x8E, 0x22, 0x60, 0x00, 0x05, 0x03, 0x07, 0x1A, 0x13,
    0xC3, 0x7A, 0x00, 0x05, 0x03, 0x12, 0xE2, 0xD6, 0xEE, 0x51, 0xE4, 0x80, 0x00, 0x3F, 0x35, 0x82,
    0xB9, 0xB6, 0xF7, 0x00, 0xA1, 0xAE, 0x1C, 0x71, 0xB3, 0x9C, 0xDC, 0x2A, 0x13, 0xCC, 0x48, 0x84,
    0xD3, 0x01, 0x05, 0x23, 0x65, 0x8E, 0x44, 0x00, 0x23, 0xF8, 0x94, 0xFB, 0x3A, 0x6C, 0x08, 0x6A,
    0x80, 0x87, 0xB4, 0x01, 0x83, 0xAF, 0x54, 0xFC, 0x87, 0x0E, 0x00, 0x5C, 0xE7, 0x66, 0x00, 0x0F,
    0x2D, 0xBE, 0x9A, 0xB0, 0x55, 0x41, 0x0C, 0x00, 0x23, 0x87, 0xD0, 0x4B, 0x4A, 0xB1, 0x4D, 0x24,
    0x83, 0x87, 0xD1, 0xD9, 0x2A, 0xC0, 0x57, 0x15, 0xBD, 0xA0, 0x00, 0x07, 0x1C, 0xC4, 0x80, 0x2E,
    0xE9, 0x7A, 0x3D, 0xA4, 0x8D, 0x4A, 0xA0, 0xE8, 0x3E, 0x98, 0x6F, 0xE4, 0xC0, 0x00, 0x0D, 0xA9,
    0x59, 0x0B, 0x34, 0xF4, 0xEC, 0xD4, 0xEA, 0xD1, 0x3F, 0xAD, 0xF6, 0x0A, 0xCD, 0xC0, 0x60, 0x00,
    0x0C, 0xB4, 0x6F, 0x43, 0x8A, 0x3E, 0xD1, 0xDE, 0x10, 0xA5, 0xE9, 0x61, 0x34, 0x02, 0x1D, 0x0C,
    0x91, 0x73, 0x70, 0x00, 0x6B, 0xB2, 0x60, 0x2A, 0xC5, 0xED, 0xDE, 0x69, 0x8E, 0x8F, 0xA1, 0x6C,
    0xD5, 0x5E, 0xE7, 0xA7, 0x2C, 0x6F, 0xDF, 0xD7, 0x97, 0x90, 0x00, 0x6B, 0xC5, 0x6F, 0x90, 0x2B,
    0xCA, 0xED, 0xC2, 0x73, 0x6D, 0x40, 0x4A, 0x83, 0xEF, 0xE4, 0x53, 0xD0, 0x3C, 0x1B, 0x85, 0x3D,
    0x07, 0x16, 0x25, 0xC5, 0xE8, 0x95, 0xD8, 0xD7, 0xC1, 0xDF, 0x50, 0x6F, 0x40, 0x00, 0x0B, 0x81,
    0x47, 0xFA, 0x09, 0x46, 0x56, 0x93, 0x00, 0x04, 0x66, 0xE2, 0xB8, 0xF1, 0xE5, 0x1B, 0x0A, 0x8D,
    0x2C, 0xAB, 0x87, 0x78, 0x00, 0x46, 0x80, 0x00, 0x0C, 0xC9, 0x50, 0xF1, 0x73, 0xE6, 0x74, 0x76,
    0xD5, 0x18, 0x00, 0x09, 0x51, 0x2D, 0x57, 0xA7, 0x60, 0x32, 0x85, 0xBF, 0x45, 0x73, 0x0A, 0xC9,
    0xC2, 0x20, 0x87, 0x10, 0x00, 0x51, 0x80, 0x8A, 0x79, 0x03, 0x79, 0x16, 0x5D, 0x28, 0x8A, 0x7A,
    0x03, 0x7C, 0x81, 0x9E, 0x87, 0x78, 0x03, 0x3D, 0x03, 0x3B, 0x50, 0xD6, 0xD5, 0xB0, 0xD0, 0x87,
    0x97, 0x03, 0x8F, 0xF5, 0xC9, 0x53, 0xB7, 0xCD, 0xC9, 0xD9, 0x87, 0x97, 0x03, 0x93, 0x00, 0x4D,
    0x9C, 0x2F, 0xAE, 0xAF, 0xE8, 0x00, 0xBE, 0x8B, 0x0E, 0xC5, 0xD4, 0x97, 0xDB, 0xD7, 0x9E, 0xB2,
    0x4E, 0x7B, 0x27, 0xAB, 0xB4, 0x5A, 0xFD, 0x79, 0x17, 0x12, 0x25, 0x86, 0x17, 0x9C, 0x37, 0x9D,
    0xAA, 0xA8, 0x79, 0x78, 0xB5, 0x9A, 0xDE, 0x1B, 0x03, 0x17, 0x6F, 0xD6, 0x8E, 0xEC, 0x5B, 0x8B,
    0xA0, 0xAD, 0x8F, 0x80, 0x53, 0xF5, 0xAA, 0x40, 0xDE, 0x27, 0x7F, 0x34, 0xF1, 0x9E, 0x2B, 0xD4,
    0x26, 0x3C, 0xDF, 0x1E, 0x17, 0xCA, 0xF0, 0x00, 0xD4, 0x7C, 0xF9, 0xEF, 0x46, 0xFB, 0xC4, 0x76,
    0x22, 0x6C, 0x7C, 0xA4, 0x87, 0xE3, 0xD4, 0x46, 0x55, 0x53, 0xF5, 0x7B, 0xFA, 0x68, 0x78, 0xBA,
    0x8A, 0xAB, 0x7E, 0x48, 0x82, 0x4A, 0xB6, 0xBE, 0x53, 0x38, 0x04, 0xBC, 0x3A, 0x20, 0x4D, 0x07,
    0x0B, 0x3E, 0xE3, 0x66, 0x47, 0x80, 0xA8, 0x84, 0xA5, 0x7F, 0x41, 0x85, 0xD2, 0x56, 0x9F, 0x94,
    0xBB, 0xA5, 0x52, 0x94, 0xEE, 0x93, 0xF2, 0xC3, 0xC1, 0x88, 0x79, 0x61, 0x34, 0xD0, 0x2F, 0x32,
    0x29, 0x80, 0x4F, 0x77, 0x61, 0x14, 0x31, 0x62, 0x2A, 0x8A, 0x80, 0x00, 0x0B, 0x0B, 0x92, 0x74,
    0x0C, 0x00, 0x0B, 0x77, 0x0E, 0x81, 0x60, 0xEA, 0xCD, 0x3D, 0x0C, 0x56, 0x6C, 0x00, 0x0B, 0xE0,
    0xDE, 0x9D, 0xEF, 0x54, 0x3C, 0x22, 0x51, 0xF1, 0x39, 0x72, 0x6A, 0xD6, 0x6E, 0x51, 0x80, 0x00,
    0x06, 0xD6, 0x9F, 0xE5, 0xE0, 0x59, 0x00, 0x06, 0xCE, 0x2E, 0x78, 0x08, 0x1E, 0x03, 0xF0, 0x62,
    0xB6, 0xEE, 0x48, 0xE0, 0x00, 0x07, 0x37, 0x96, 0x8C, 0xEE, 0x5E, 0xFD, 0x57, 0xCE, 0xF6, 0xD4,
    0x32, 0x53, 0x38, 0x5C, 0x75, 0x9B, 0xAF, 0x80, 0x00, 0x6B, 0x77, 0x49, 0xE5, 0x10, 0xFB, 0x61,
    0xA7, 0xAD, 0xEE, 0x00, 0x33, 0xA6, 0x29, 0x21, 0xD8, 0x5C, 0x2F, 0x54, 0x88, 0x00, 0x09, 0x3F,
    0x64, 0xE9, 0xCD, 0x96, 0x0B, 0xB2, 0xA0, 0x00, 0x41, 0x5E, 0x7E, 0xE6, 0xC1, 0xB3, 0xD6, 0x14,
    0x98, 0xCD, 0xA5, 0xBA, 0xE0, 0x4A, 0x67, 0xDF, 0xE2, 0x73, 0x43, 0xFE, 0x5B, 0x69, 0xB3, 0x47,
    0x05, 0x2C, 0x91, 0x90, 0xC8, 0x8A, 0x14, 0x6E, 0x54, 0x98, 0x37, 0x5C, 0x31, 0xFF, 0xB6, 0x8A,
    0x40, 0x2F, 0x29, 0xB7, 0xD3, 0x0D, 0x9F, 0x44, 0xAB, 0x43, 0x14, 0xFE, 0x69, 0x8E, 0xD8, 0xEC,
    0x92, 0x00, 0x02, 0x07, 0x0C, 0xCC, 0x07, 0x5C, 0x5C, 0x0E, 0x22, 0xE3, 0x42, 0x2D, 0x08, 0x6C,
    0x36, 0x08, 0xF9, 0xEF, 0xC7, 0xD9, 0x07, 0x64, 0x38, 0x42, 0x5E, 0x9F, 0xDA, 0xB6, 0x00, 0x71,
    0x67, 0x15, 0x42, 0x4F, 0xEC, 0x21, 0x72, 0x60, 0x2F, 0xD6, 0x55, 0x85, 0x95, 0x62, 0x94, 0x45,
    0xAE, 0xB0, 0x85, 0x2D, 0xFD, 0x88, 0x07, 0x13, 0x76, 0x51, 0xAA, 0x9D, 0x87, 0x87, 0x70, 0x00,
    0x40, 0x87, 0xFD, 0x01, 0xAB, 0xE1, 0x66, 0xB0, 0x87, 0x02, 0x02, 0x95, 0xA5, 0xB3, 0xCB, 0x80,
    0x00, 0x58, 0xCD, 0x95, 0x7F, 0x5E, 0x2C, 0x9A, 0x59, 0xF0, 0xED, 0x82, 0x04, 0x33, 0x47, 0xB6,
    0x18, 0xE3, 0x64, 0xDE, 0xFD, 0x80, 0x00, 0xBF, 0x92, 0xD1, 0x70, 0x04, 0x04, 0x53, 0xD1, 0xCF,
    0xAF, 0x0C, 0x4C, 0xA0, 0x84, 0x37, 0x90, 0xC9, 0x24, 0x7C, 0x4D, 0xC5, 0xC4, 0xA6, 0x93, 0xD4,
    0xA1, 0xE1, 0x24, 0x07, 0xF1, 0xC8, 0x09, 0xF2, 0x65, 0xC9, 0xB0, 0x93, 0xFB, 0xCD, 0xD5, 0x56,
    0x88, 0x68, 0xFD, 0x4C, 0x2F, 0x52, 0x12, 0xA8, 0x9F, 0xF3, 0x53, 0x82, 0xEC, 0xEA, 0xF7, 0x62,
    0x21, 0x4D, 0xFE, 0x55, 0x78, 0x87, 0xA4, 0x4C, 0x03, 0xBD, 0x21, 0x8D, 0x01, 0xC8, 0xD9, 0x49,
    0xF6, 0x11, 0xF8, 0x65, 0x26, 0xE2, 0x82, 0x34, 0x1C, 0xDA, 0x48, 0xD1, 0xD5, 0x12, 0x2F, 0xFD,
    0xB0, 0x00, 0x00, 0x78, 0xA4, 0x93, 0x86, 0xAC, 0x03, 0x59, 0x97, 0x4E, 0xC4, 0xBB, 0xA7, 0x52,
    0xCC, 0x2B, 0x80, 0x4E, 0xD9, 0x28, 0x87, 0x3D, 0x00, 0x96, 0x31, 0xEE, 0xAC, 0x3A, 0xB0, 0x87,
    0x3F, 0x00, 0x93, 0xA0, 0xA4, 0x7F, 0xD0, 0xB0, 0x00, 0xA3, 0x5D, 0x68, 0x46, 0xEB, 0x23, 0xFF,
    0xF0, 0x59, 0xAD, 0xB3, 0xCB, 0xC3, 0x80, 0xC9, 0xFD, 0xC4, 0xE9, 0x9E, 0x7A, 0x82, 0x84, 0xE9,
    0xFD, 0xE4, 0xFB, 0x6C, 0x58, 0x01, 0x76, 0x06, 0xA0, 0xF7, 0x21, 0x6E, 0x0C, 0x3D, 0xFD, 0xF3,
    0x1D, 0x54, 0xD3, 0x77, 0xF5, 0x00, 0x86, 0x45, 0x3B, 0x82, 0xAE, 0x7E, 0xB5, 0x43, 0xDF, 0x21,
    0x12, 0x69, 0xCC, 0xB6, 0x78, 0xAB, 0x98, 0x2A, 0x2E, 0x91, 0xDF, 0x58, 0x3D, 0xE4, 0x96, 0xA4,
    0x86, 0xF6, 0x85, 0xE1, 0xA3, 0x1A, 0x50, 0x6D, 0x05, 0xB0, 0x00, 0x82, 0x2A, 0x86, 0xF8, 0x46,
    0xF1, 0x66, 0x9A, 0x48, 0xF9, 0x7D, 0x31, 0xB6, 0xEE, 0x18, 0xA8, 0x35, 0x74, 0xBD, 0x71, 0xE4,
    0xED, 0x58, 0x85, 0x58, 0xD8, 0xEF, 0x1C, 0x62, 0xAB, 0x13, 0x18, 0xEC, 0x9A, 0xE2, 0x20, 0xE0,
    0x00, 0x69, 0x63, 0x4F, 0x53, 0xAF, 0xF1, 0xB6, 0x8D, 0x6D, 0xE7, 0x90, 0x99, 0xA5, 0xB1, 0xC6,
    0x0F, 0x40, 0x00, 0x6E, 0x6B, 0xF3, 0xAA, 0x75, 0x0F, 0xD6, 0xED, 0x07, 0x22, 0x0E, 0x58, 0xB6,
    0x6F, 0x33, 0x10, 0xDC, 0xD6, 0xDB, 0x26, 0xD4, 0xAB, 0xB8, 0x67, 0xB8, 0x8C, 0xA1, 0x02, 0xB1,
    0x10, 0x33, 0x39, 0x62, 0x62, 0x5B, 0xFE, 0x38, 0x6A, 0xFC, 0xB9, 0xB2, 0xE0, 0x00, 0x00, 0x10,
    0xD2, 0xE9, 0x2B, 0x2D, 0xE4, 0x83, 0xB5, 0xB1, 0xE2, 0xD8, 0x26, 0x1F, 0x44, 0x87, 0x0C, 0x00,
    0x9E, 0x7D, 0x64, 0xA7, 0xC3, 0x12, 0x98, 0xD4, 0x80, 0x00, 0x07, 0xD5, 0x19, 0x57, 0xD2, 0x74,
    0xDC, 0x1C, 0xCE, 0x77, 0x95, 0x7B, 0xD7, 0x73, 0x40, 0x00, 0x8D, 0x0E, 0xD8, 0xE6, 0xC2, 0x29,
    0x55, 0x89, 0x0E, 0xD4, 0x39, 0xC9, 0x53, 0x9D, 0x6D, 0x5A, 0xC5, 0x54, 0xFA, 0x6D, 0x52, 0x9E,
    0x5F, 0xD6, 0x0C, 0x32, 0x87, 0x0C, 0x00, 0x9E, 0x7D, 0x2E, 0xB8, 0xC6, 0xBC, 0x67, 0x7E, 0xD8,
    0x59, 0xF5, 0x7A, 0x14, 0x0B, 0x3E, 0xCB, 0x8B, 0xF0, 0x71, 0x1F, 0xFC, 0xA2, 0x58, 0xBC, 0x8B,
    0x95, 0x38, 0xCF, 0xCE, 0x1A, 0x2F, 0xC6, 0x81, 0x84, 0x1C, 0xAA, 0x34, 0x54, 0xC6, 0x1C, 0x00,
    0x07, 0x25, 0x14, 0xAF, 0x79, 0x62, 0xA3, 0x3F, 0xB8, 0x54, 0x56, 0x99, 0xA5, 0x7B, 0x71, 0x56,
    0x97, 0x41, 0x2E, 0x9D, 0xC2, 0xAC, 0x4C, 0x87, 0x60, 0x00, 0x98, 0x59, 0x96, 0xC0, 0x00, 0x41,
    0x6F, 0xCF, 0x83, 0x1B, 0x47, 0x81, 0x0A, 0xA4, 0x4B, 0x7A, 0xBB, 0xC1, 0x37, 0x13, 0xB0, 0x88,
    0xB8, 0x00, 0x77, 0x3D, 0xF1, 0x2D, 0xA2, 0xA4, 0xE5, 0x20, 0x81, 0xF3, 0x17, 0x3F, 0x53, 0x0A,
    0x51, 0xF4, 0x70, 0x05, 0x5A, 0xB0, 0xC3, 0x96, 0xE0, 0xAF, 0x76, 0x71, 0x84, 0x83, 0x3C, 0xBB,
    0x00, 0x54, 0x27, 0x31, 0x09, 0x5D, 0x8A, 0xFF, 0x15, 0x23, 0x74, 0x64, 0x4C, 0xFE, 0xC2, 0x80,
    0x00, 0x0C, 0x16, 0xD3, 0x7A, 0x50, 0xAA, 0x8B, 0xCF, 0x6B, 0x57, 0x7F, 0x40, 0x5F, 0x3B, 0x1F,
    0x73, 0xFC, 0xC1, 0x5E, 0x44, 0xB9, 0x7E, 0x80, 0x00, 0x34, 0x21, 0x89, 0x96, 0x17, 0x0C, 0x89,
    0x9C, 0x01, 0x5C, 0xFE, 0xA5, 0xF6, 0x70, 0x7B, 0x56, 0xDD, 0x3E, 0xD6, 0x03, 0x8D, 0xC3, 0x03,
    0xD9, 0x90, 0xDA, 0xFF, 0x69, 0x53, 0x5C, 0x80, 0x1B, 0x78, 0x1A, 0x88, 0x24, 0xEF, 0x19, 0x21,
    0xE0, 0x4A, 0xE6, 0xB5, 0x0A, 0x02, 0xBE, 0xFA, 0x80, 0x00, 0x26, 0x47, 0xF2, 0x6C, 0x69, 0x0F,
    0xCC, 0xDF, 0x5C, 0x20, 0x00, 0x97, 0x52, 0x94, 0x64, 0x6C, 0x33, 0xD7, 0xAA, 0x7B, 0xDE, 0x73,
    0x2C, 0x8E, 0x2E, 0x07, 0x67, 0xCE, 0xB5, 0xFD, 0x5D, 0xD9, 0xAF, 0x00, 0x08, 0x43, 0x84, 0xAC,
    0xEB, 0x6D, 0x54, 0xC0, 0xE3, 0x0E, 0xD4, 0xE5, 0x2D, 0xD5, 0xBE, 0x33, 0xAC, 0xB3, 0xCB, 0xEF,
    0x8E, 0x1C, 0x11, 0x78, 0x76, 0x27, 0x7F, 0xE4, 0xC0, 0x87, 0xC5, 0x03, 0x5B, 0xFC, 0xC6, 0xE4,
    0x20, 0x8F, 0xB0, 0x13, 0x40, 0x00, 0x26, 0x49, 0x49, 0x53, 0xDB, 0x4B, 0x19, 0x1E, 0x26, 0x7D,
    0x93, 0x2E, 0x50, 0x15, 0x1E, 0xE3, 0x4F, 0xF0, 0x87, 0x97, 0x03, 0x92, 0xFF, 0x77, 0x29, 0xB0,
    0x4B, 0xA7, 0x0E, 0x7A, 0x9E, 0x58, 0x88, 0xF5, 0x33, 0x40, 0x87, 0x97, 0x03, 0x8F, 0xF5, 0xB1,
    0xB6, 0x4C, 0x19, 0xB1, 0x80, 0x87, 0x78, 0x03, 0x50, 0x97, 0xC6, 0x6C, 0x95, 0x4E, 0x87, 0x78,
    0x03, 0xBC, 0xA2, 0x4B, 0x02, 0xC2, 0x44, 0xCD, 0x86, 0xD6, 0x03, 0x4F, 0x09, 0xF1, 0x21, 0xCD,
    0xCE, 0xBF, 0x60, 0x20, 0xEE, 0x99, 0xEC, 0xBC, 0x8B, 0xD6, 0x03, 0xC1, 0xD3, 0x2D, 0xCE, 0xA0,
    0x58, 0x3F, 0x0E, 0x03, 0xF3, 0x41, 0xF0, 0x00, 0x5E, 0xE1, 0x0D, 0x04, 0x18, 0x30, 0x28, 0x34,
    0x94, 0x0A, 0x49, 0xA9, 0x35, 0xA5, 0x1D, 0x37, 0x00, 0x11, 0x8E, 0x19, 0xF3, 0xB1, 0xC7, 0x76,
    0x7C, 0x67, 0xEC, 0x6E, 0x00, 0x36, 0x93, 0x79, 0xCF, 0xA7, 0xA0, 0xE0, 0x64, 0xB9, 0x20, 0x15,
    0x05, 0x38, 0xF5, 0x0C, 0xB9, 0x25, 0x1D, 0x33, 0x73, 0xA0, 0x00, 0x0A, 0x69, 0x7A, 0x4B, 0xF1,
    0x98, 0x51, 0x15, 0x22, 0xA8, 0xFA, 0xC5, 0x85, 0x91, 0x7B, 0x42, 0xBF, 0xAC, 0xC4, 0x00, 0x56,
    0x33, 0x61, 0xF1, 0xA0, 0x64, 0xE3, 0x93, 0xA3, 0x14, 0x94, 0x04, 0xA1, 0xC9, 0xFB, 0x46, 0x07,
    0x6B, 0xBE, 0xD1, 0x00, 0x00, 0x07, 0x8E, 0xE3, 0x97, 0x94, 0x80, 0x5A, 0xAB, 0x7C, 0xDF, 0xB3,
    0x80, 0x00, 0x61, 0x20, 0x8C, 0x2A, 0xB0, 0x0B, 0xE0, 0xF7, 0x1E, 0x1D, 0x17, 0x3D, 0x42, 0xAA,
    0x24, 0xE4, 0x3E, 0xE0, 0x7B, 0x98, 0x57, 0xE6, 0x23, 0x00, 0x52, 0x83, 0xA0, 0xBA, 0xE6, 0x41,
    0x72, 0xA6, 0xDB, 0xD0, 0x54, 0xCE, 0xF5, 0xDB, 0x3A, 0xBA, 0x15, 0xF8, 0xF2, 0x2C, 0x00, 0x30,
    0x23, 0x16, 0x66, 0x2A, 0xF1, 0xCD, 0xCE, 0x10, 0x8B, 0xE2, 0x03, 0x40, 0x86, 0xE3, 0x03, 0x90,
    0x7E, 0x46, 0x71, 0x16, 0x00, 0x39, 0xE6, 0x6D, 0x84, 0x50, 0xF0, 0x86, 0x33, 0xD3, 0x2F, 0x23,
    0x40, 0x00, 0x03, 0xF2, 0xF0, 0xF9, 0x3A, 0x34, 0x5B, 0x79, 0xC1, 0x01, 0xF9, 0x03, 0x00, 0x00,
    0x96, 0xE5, 0x71, 0x14, 0x69, 0xAB, 0xA3, 0xD7, 0xF9, 0x64, 0x0E, 0x47, 0x20, 0x87, 0xDA, 0x03,
    0x7C, 0x7B, 0xC4, 0x50, 0x87, 0x7A, 0x00, 0x64, 0xB6, 0x9C, 0x87, 0x73, 0x00, 0x87, 0x36, 0x6B,
    0x6E, 0x80, 0x87, 0x74, 0x00, 0x91, 0x8D, 0xE7, 0x74, 0x25, 0x87, 0xDC, 0x03, 0x77, 0x2C, 0xA1,
    0xEB, 0x72, 0x87, 0xDD, 0x03, 0x77, 0xD8, 0x23, 0x05, 0xB0, 0x87, 0xDE, 0x03, 0x81, 0x7A, 0x94,
    0xC1, 0x10, 0xD5, 0xE0, 0x87, 0xDF, 0x03, 0x4F, 0x67, 0xA0, 0x74, 0x87, 0xE0, 0x03, 0x7D, 0xE1,
    0xE3, 0x6B, 0x00, 0xC0, 0x87, 0xE1, 0x03, 0x82, 0x5F, 0x09, 0x4F, 0x50, 0x87, 0xE2, 0x03, 0x81,
    0x31, 0xB3, 0x8B, 0xE2, 0x03, 0x40, 0x86, 0xE3, 0x03, 0x90, 0x7E, 0x46, 0x71, 0x16, 0x87, 0xE5,
    0x03, 0x6D, 0x70, 0x84, 0x10, 0x87, 0xE6, 0x03, 0x71, 0x6B, 0x68, 0x00, 0x12, 0xC6, 0xC5, 0x3A,
    0xC4, 0x29, 0x01, 0x3F, 0x0E, 0x9E, 0x92, 0x93, 0xB1, 0x5C, 0xCB, 0x06, 0xFC, 0x9F, 0x60, 0x00,
    0x12, 0xB7, 0xC0, 0x02, 0xF2, 0xE0, 0x6D, 0x7E, 0x20, 0x7D, 0x81, 0x38, 0xAC, 0x28, 0x00, 0x10,
    0xFF, 0x5A, 0x59, 0x47, 0xEA, 0xFB, 0x65, 0xAC, 0x1C, 0x53, 0xB3, 0x70, 0x00, 0x00, 0x2E, 0xD5,
    0x3A, 0x7B, 0x2E, 0x6D, 0x16, 0x15, 0x8C, 0x2B, 0xAC, 0x0A, 0x32, 0x59, 0x37, 0x56, 0x25, 0x07,
    0xC2, 0x00, 0x0A, 0xD7, 0xD9, 0x80, 0x25, 0x7C, 0x5F, 0x4C, 0x6B, 0xB2, 0x3D, 0xCC, 0x81, 0x00,
    0x5C, 0x00, 0x02, 0x7B, 0xB0, 0xCE, 0xAB, 0x8A, 0x97, 0xB0, 0x0E, 0x92, 0xB9, 0xB8, 0xCD, 0x8E,
    0x43, 0x0F, 0x80, 0x87, 0xFC, 0x03, 0x91, 0x80, 0xC8, 0x0B, 0xEA, 0xDC, 0xF0, 0xDC, 0xA0, 0xFC,
    0x22, 0x4D, 0x2F, 0xA8, 0xF8, 0x54, 0x00, 0x01, 0xEB, 0x74, 0xD1, 0x12, 0x28, 0xEA, 0xF4, 0x00,
    0x02, 0x3B, 0x1C, 0xE1, 0x34, 0x60, 0x2D, 0xB4, 0x77, 0x59, 0x19, 0x31, 0x58, 0x1B, 0xC9, 0x47,
    0x05, 0x77, 0x0A, 0xDD, 0x76, 0x42, 0x8B, 0xFC, 0x03, 0x01, 0xC5, 0x31, 0xEB, 0x78, 0x12, 0xF0,
    0x00, 0x02, 0x71, 0xB3, 0x9C, 0xDF, 0xED, 0x30, 0x60, 0x6F, 0x70, 0x71, 0xE6, 0x8F, 0x8D, 0x18,
    0x86, 0x1F, 0x23, 0x5A, 0x40, 0x00, 0x0B, 0x26, 0x24, 0x42, 0x69, 0x1A, 0xF3, 0xE7, 0x61, 0x32,
    0x26, 0xC0, 0xE1, 0x45, 0xD2, 0xCB, 0xA6, 0x54, 0x00, 0x1F, 0x94, 0x3E, 0x84, 0x8F, 0x98, 0x77,
    0xA2, 0x5B, 0xC6, 0xF4, 0xB0, 0x00, 0x8A, 0xE9, 0x4B, 0xDB, 0x56, 0x1E, 0xE9, 0xDA, 0xE9, 0x19,
    0x65, 0x4F, 0x5E, 0x93, 0x47, 0xDB, 0x45, 0xB4, 0xF9, 0x0F, 0x3E, 0x7B, 0x5C, 0x3A, 0x34, 0xDA,
    0x1D, 0xCB, 0x64, 0x2A, 0x8F, 0x51, 0xC4, 0xD2, 0xC8, 0x37, 0x19, 0xB9, 0x58, 0x98, 0xE0, 0x00,
    0x9D, 0xBF, 0xBA, 0x1A, 0x2A, 0x9E, 0xFA, 0x0B, 0x3A, 0x2F, 0x20, 0xB4, 0x97, 0x66, 0x84, 0xEC,
    0xE8, 0x15, 0x02, 0xD1, 0xDF, 0x6B, 0x6C, 0x31, 0xC9, 0x52, 0xA4, 0x07, 0x1E, 0x5A, 0x2B, 0xD8,
    0xE5, 0xD2, 0xCE, 0x19, 0x56, 0x22, 0x82, 0xA6, 0xA8, 0x7F, 0x3E, 0xBD, 0x2F, 0x87, 0x80, 0x87,
    0x25, 0x00, 0x88, 0x8E, 0x67, 0x2D, 0x82, 0x80, 0xA2, 0xAC, 0xB2, 0x68, 0x2E, 0x03, 0x73, 0xFC,
    0x78, 0x72, 0xC8, 0x79, 0x53, 0x11, 0x83, 0xF6, 0x80, 0xA9, 0xD2, 0xED, 0x9B, 0x5B, 0x8C, 0xA1,
    0x02, 0x58, 0xD5, 0x03, 0x99, 0xE6, 0xC7, 0x3B, 0x23, 0x5C, 0x8E, 0x9B, 0x3C, 0x36, 0xF6, 0x89,
    0x40, 0x87, 0x64, 0x00, 0x8C, 0xFC, 0x68, 0x6B, 0x72, 0x84, 0xE4, 0xE9, 0x7F, 0xB4, 0x9B, 0x7F,
    0xAD, 0xF8, 0x07, 0xFC, 0xBE, 0x1F, 0x87, 0xBD, 0xDE, 0x5E, 0x81, 0xB9, 0xC0, 0x84, 0x4F, 0x00,
    0x82, 0xCE, 0xE0, 0x3C, 0xD2, 0x3E, 0xE9, 0x87, 0x70, 0x4C, 0x02, 0xBF, 0x72, 0x00, 0x8D, 0xA3,
    0x39, 0x14, 0x87, 0x30, 0x00, 0x5D, 0xD9, 0x0B, 0x23, 0x9C, 0x5B, 0x31, 0xD8, 0xC5, 0x73, 0x5F,
    0xE4, 0x87, 0xEC, 0x25, 0x9D, 0xE3, 0xAA, 0x7C, 0x45, 0xEA, 0xB5, 0xBE, 0xDC, 0xED, 0x15, 0xFF,
    0x34, 0xFE, 0xF0, 0x33, 0x40, 0x00, 0x05, 0x63, 0xFF, 0xFF, 0xD6, 0x2F, 0x46, 0xE7, 0x93, 0x32,
    0xC4, 0xA2, 0x35, 0x4E, 0x04, 0x27, 0x98, 0x2A, 0xDD, 0x25, 0xA9, 0xE4, 0x74, 0x78, 0x11, 0xD7,
    0x3A, 0x3F, 0x8E, 0x85, 0xD4, 0x1C, 0xDB, 0x60, 0x95, 0x51, 0x92, 0x43, 0xDB, 0xA6, 0x82, 0xAA,
    0xC3, 0x40, 0x00, 0x05, 0x5E, 0xBA, 0x04, 0xF7, 0xA4, 0x05, 0x77, 0xD1, 0x18, 0xB6, 0x23, 0x92,
    0x39, 0x5A, 0x98, 0x1F, 0x12, 0x8A, 0x29, 0xD7, 0x18, 0x96, 0xAC, 0xA6, 0xB9, 0x7C, 0x2F, 0xB6,
    0xE3, 0xCF, 0xA2, 0x39, 0x54, 0xED, 0x16, 0x63, 0xD8, 0xAE, 0xA5, 0x1D, 0x2E, 0x5D, 0x79, 0xAE,
    0x45, 0xE2, 0x40, 0x28, 0x1E, 0xC2, 0xD4, 0x60, 0x1A, 0x83, 0xEF, 0x6A, 0xB7, 0xAD, 0x55, 0x95,
    0x65, 0x39, 0x9C, 0xE5, 0x80, 0x00, 0x05, 0xC0, 0x65, 0xAC, 0x7E, 0x8C, 0x06, 0xCA, 0x77, 0x2A,
    0xB3, 0x90, 0xB8, 0x30, 0x8E, 0xA7, 0x27, 0x99, 0x00, 0x02, 0x33, 0xF5, 0x87, 0x48, 0xA6, 0xFA,
    0x76, 0x63, 0x05, 0x96, 0x23, 0xD8, 0xC4, 0x5F, 0x27, 0xF8, 0x29, 0xF0, 0xF3, 0x4B, 0xC1, 0x8D,
    0x7B, 0xF6, 0x57, 0xF0, 0x24, 0x66, 0x73, 0x26, 0x06, 0xDC, 0x44, 0x37, 0x28, 0xE9, 0x97, 0xC3,
    0x80, 0x00, 0x00, 0x58, 0x7F, 0x4C, 0x9A, 0x90, 0xA7, 0x3D, 0x01, 0xD8, 0xA2, 0x0F, 0xCC, 0x08,
    0xB8, 0x05, 0xBD, 0x6B, 0x5A, 0xA9, 0xEC, 0xDA, 0x6D, 0x2D, 0x2D, 0xE2, 0x8B, 0x68, 0x87, 0xD2,
    0x00, 0xAF, 0x8C, 0x4C, 0xDD, 0x1C, 0x62, 0xEF, 0x3E, 0x2C, 0x36, 0xCE, 0x08, 0xD4, 0xDA, 0x00,
    0x84, 0x7B, 0x7F, 0x8A, 0x56, 0x67, 0x40, 0xC3, 0xF4, 0x36, 0x9C, 0xCE, 0x1F, 0x65, 0x6E, 0x21,
    0xB7, 0x6D, 0x1D, 0x34, 0x14, 0x02, 0x67, 0x89, 0xE1, 0x38, 0x74, 0xEF, 0xDD, 0xD6, 0x8C, 0xEA,
    0xE0, 0x87, 0x2D, 0x00, 0x63, 0x35, 0x20, 0x5A, 0xCA, 0x9E, 0x08, 0x52, 0x27, 0x61, 0x74, 0x67,
    0x17, 0x9A, 0xD9, 0x8C, 0x87, 0xBD, 0x02, 0x4C, 0xA7, 0xEF, 0x82, 0x78, 0xC6, 0x4F, 0xC6, 0x87,
    0xAD, 0x21, 0xC2, 0x6C, 0x88, 0x64, 0x4A, 0xC7, 0xDD, 0x3B, 0xE0, 0x00, 0x66, 0x38, 0x8A, 0x82,
    0xF8, 0xBA, 0x3E, 0xC3, 0xB3, 0x95, 0x0C, 0x29, 0xE5, 0x7B, 0x39, 0x7A, 0xD7, 0x88, 0x6F, 0x2D,
    0x11, 0xF8, 0x3A, 0x5D, 0x29, 0xF6, 0x38, 0x9A, 0x11, 0x54, 0x46, 0x49, 0x48, 0x74, 0xF2, 0x70,
    0x9A, 0x2C, 0xAA, 0xB2, 0x2D, 0xEE, 0x8D, 0x47, 0xBC, 0x53, 0xE1, 0xFB, 0x3F, 0xEE, 0x2E, 0x02,
    0x3C, 0xA4, 0x3B, 0xC6, 0x8D, 0xB3, 0x74, 0x58, 0xB3, 0x9D, 0xBF, 0x84, 0x00, 0x95, 0x1A, 0xC6,
    0x44, 0x53, 0xBE, 0x3A, 0x87, 0x21, 0xCA, 0x71, 0x44, 0x41, 0xF1, 0xE5, 0x04, 0xC2, 0x93, 0xDD,
    0xA1, 0x5F, 0xC2, 0x9C, 0x81, 0x7C, 0x33, 0x11, 0xCF, 0x9C, 0x62, 0x13, 0x86, 0xEA, 0xF8, 0x11,
    0x08, 0x1E, 0xCB, 0xE4, 0x47, 0xB0, 0x87, 0x27, 0x00, 0x71, 0x1B, 0xFC, 0x46, 0x2B, 0x98, 0x3F,
    0x72, 0x85, 0xD6, 0xD4, 0xE3, 0x5A, 0xD5, 0x00, 0x75, 0xE9, 0x01, 0x83, 0xF7, 0x3C, 0xD7, 0x00,
    0x78, 0xB0, 0x99, 0xBC, 0x08, 0x95, 0xB9, 0x11, 0xE3, 0x31, 0xE6, 0x83, 0xC8, 0x86, 0x29, 0x00,
    0x4F, 0x08, 0xA3, 0x90, 0x2F, 0x78, 0xA5, 0x8F, 0x30, 0x3B, 0x6F, 0x1A, 0xDC, 0xCD, 0x66, 0x00,
    0x36, 0xE5, 0xA4, 0xD9, 0x95, 0x05, 0x33, 0x95, 0xAC, 0xD3, 0x88, 0xB0, 0xBD, 0x91, 0xEF, 0xD8,
    0xEC, 0x1F, 0xC3, 0x84, 0x46, 0x1C, 0x30, 0xAD, 0xA6, 0x13, 0xF2, 0x32, 0x54, 0x61, 0xF3, 0x6C,
    0x80, 0x89, 0x72, 0x2A, 0x7F, 0x39, 0x0D, 0x50, 0xDB, 0xC1, 0xC3, 0x30, 0x00, 0x83, 0x89, 0xA6,
    0x87, 0x6C, 0x21, 0xC3, 0xC7, 0x64, 0xBB, 0x5A, 0x4F, 0x5C, 0xFC, 0x9A, 0xAE, 0xA0, 0x56, 0xFD,
    0xD7, 0xDB, 0x6B, 0xCE, 0x89, 0xC9, 0xD2, 0xD0, 0x35, 0xEE, 0x67, 0xAB, 0x57, 0x36, 0x74, 0x04,
    0x19, 0x81, 0xD2, 0xC8, 0x68, 0x9B, 0xEA, 0x86, 0x25, 0x00, 0x4B, 0x2B, 0x49, 0xCC, 0x25, 0xDF,
    0x76, 0xBB, 0x9A, 0x9E, 0x31, 0x4E, 0x54, 0x4B, 0x19, 0xA2, 0xDD, 0xBD, 0x54, 0x00, 0x0C, 0x4C,
    0x46, 0x7F, 0x66, 0x52, 0x68, 0xA4, 0x87, 0xA1, 0xE4, 0xA6, 0x3F, 0x36, 0xED, 0x03, 0x65, 0xF2,
    0xF0, 0x7F, 0x56, 0x9F, 0xEF, 0x8B, 0x11, 0xA5, 0x4C, 0xDC, 0x40, 0x87, 0x35, 0x00, 0x86, 0x51,
    0x3F, 0x61, 0xF0, 0xB1, 0xB6, 0xD3, 0xF6, 0x0C, 0xD7, 0xD4, 0x47, 0xB6, 0x66, 0xE0, 0x53, 0xDE,
    0x77, 0xDF, 0x13, 0x5A, 0xD3, 0xE1, 0xEA, 0xBE, 0x4F, 0xFC, 0xEC, 0x64, 0x20, 0xCF, 0x45, 0xCB,
    0xBC, 0x78, 0x88, 0xB0, 0xCB, 0xF2, 0x1E, 0xAD, 0x52, 0x44, 0x80, 0x00, 0x05, 0x09, 0x88, 0x24,
    0x00, 0x51, 0x35, 0x9E, 0x3B, 0xCF, 0x35, 0x2A, 0xF1, 0x4C, 0x94, 0x4D, 0x6E, 0x85, 0xE2, 0x32,
    0xB9, 0x7E, 0xEC, 0x00, 0x00, 0x15, 0x4F, 0x20, 0x5D, 0x3D, 0x3B, 0x48, 0x7F, 0x6C, 0xD5, 0x27,
    0x43, 0xA3, 0x2F, 0x5E, 0x27, 0x51, 0xF9, 0x67, 0x52, 0x5D, 0x77, 0xB1, 0x62, 0x17, 0xD0, 0x7A,
    0x40, 0x8C, 0xA1, 0x02, 0x77, 0x64, 0xD8, 0xB5, 0x68, 0xAC, 0xF9, 0xA8, 0xD5, 0xB1, 0x3C, 0x84,
    0x1E, 0xC3, 0xDB, 0x98, 0x9B, 0xC2, 0x71, 0xA1, 0x28, 0x89, 0xF2, 0x22, 0xA0, 0xF0, 0x98, 0x75,
    0x86, 0x80, 0x00, 0x7C, 0x6E, 0xFF, 0x60, 0x27, 0x29, 0xF9, 0x60, 0x98, 0x79, 0x4B, 0x14, 0x5B,
    0x0D, 0xB9, 0xBF, 0xC1, 0x33, 0xBB, 0x84, 0x13, 0xC3, 0x21, 0x79, 0x3B, 0x7F, 0x52, 0x95, 0x47,
    0x03, 0x83, 0x27, 0xFC, 0x4E, 0x83, 0x98, 0xDA, 0x5D, 0xE7, 0xA7, 0x13, 0xB0, 0x00, 0x40, 0x4B,
    0x0F, 0xE2, 0x9F, 0xCA, 0xF9, 0x52, 0x91, 0xA8, 0xBA, 0x95, 0xFC, 0x9C, 0x26, 0xC3, 0xD2, 0x32,
    0xCA, 0x3B, 0xCA, 0xDF, 0x04, 0xE6, 0x60, 0x95, 0x7F, 0xAD, 0x52, 0x2C, 0x36, 0x00, 0x05, 0x41,
    0xC9, 0x7E, 0xC8, 0xCA, 0x26, 0x82, 0x0E, 0x54, 0xC9, 0xB3, 0xA9, 0x9C, 0xF6, 0x35, 0xA0, 0xC8,
    0x12, 0x0D, 0xFA, 0x8A, 0x99, 0xBC, 0x5A, 0xBF, 0x4B, 0x1E, 0xB9, 0xB0, 0x9E, 0x7C, 0x40, 0x00,
    0x98, 0x90, 0xA3, 0xAA, 0x2B, 0x58, 0xD8, 0x1E, 0x8E, 0x98, 0xC8, 0x1B, 0x52, 0xC7, 0x56, 0x77,
    0xF7, 0xBA, 0x5E, 0x01, 0xBD, 0x3B, 0x81, 0x01, 0xA9, 0x84, 0xB5, 0x81, 0x97, 0x60, 0x2E, 0xC7,
    0x56, 0xD1, 0x20, 0x00, 0x1C, 0x74, 0x08, 0xFA, 0xE7, 0x6B, 0xA8, 0x13, 0x86, 0xCB, 0x19, 0xEF,
    0xB6, 0xA1, 0xF2, 0xA6, 0x9F, 0xCE, 0x1C, 0x1E, 0x2F, 0x63, 0x00, 0x3F, 0xC5, 0xE9, 0x0A, 0x0A,
    0x93, 0x16, 0xFB, 0x07, 0xDE, 0xE3, 0xF0, 0x87, 0x52, 0x02, 0x3D, 0xBB, 0x1D, 0xAD, 0x98, 0x3A,
    0xC7, 0x72, 0x50, 0xB6, 0x00, 0x05, 0x0B, 0x3E, 0x5D, 0x7A, 0x00, 0x82, 0x21, 0x9A, 0x26, 0x73,
    0xDD, 0xEB, 0x81, 0xAC, 0xEE, 0x92, 0xEE, 0x94, 0x9F, 0x0B, 0xD2, 0x38, 0x78, 0xAB, 0x81, 0xCF,
    0x17, 0x59, 0xE4, 0x7F, 0xA8, 0xFA, 0x88, 0x1F, 0x76, 0xF9, 0xB7, 0xA5, 0x43, 0x32, 0xAB, 0x0C,
    0x17, 0xFF, 0x4E, 0x29, 0x44, 0xE6, 0x90, 0x06, 0x87, 0x55, 0x80, 0x00, 0x40, 0x45, 0x03, 0x6E,
    0xB1, 0xA0, 0x85, 0x12, 0x81, 0xE0, 0xCD, 0x4A, 0x4D, 0x71, 0x62, 0x89, 0xDD, 0x1B, 0x62, 0x81,
    0x36, 0x1D, 0x6D, 0x0B, 0x8C, 0x81, 0x7D, 0x8E, 0xE9, 0x95, 0x36, 0x3B, 0xCA, 0x8A, 0xC1, 0xAD,
    0x6A, 0xE0, 0x87, 0x27, 0x04, 0x55, 0xA7, 0xE4, 0xDA, 0xDB, 0x53, 0x5B, 0x34, 0x31, 0xED, 0xDB,
    0xDA, 0x48, 0xE9, 0xAD, 0x6C, 0x00, 0x84, 0x62, 0xCB, 0xBD, 0x4F, 0x36, 0x7C, 0x11, 0x1E, 0xAB,
    0x7D, 0x6C, 0x6E, 0x3F, 0x1B, 0x23, 0x68, 0xB2, 0x0C, 0x51, 0xAD, 0x5A, 0x35, 0x3C, 0x57, 0x39,
    0xF4, 0xD8, 0x31, 0x87, 0xBC, 0xA0, 0x29, 0x13, 0xE3, 0x4E, 0x25, 0x5F, 0x7F, 0x6A, 0x0D, 0x48,
    0x97, 0x63, 0x7A, 0xDD, 0x3E, 0xF9, 0xCE, 0xD5, 0x96, 0x11, 0xF8, 0xCB, 0x1B, 0x87, 0xA6, 0x87,
    0x29, 0x04, 0x29, 0xB2, 0x6F, 0xD9, 0x91, 0xCB, 0x76, 0x11, 0x07, 0x68, 0xA4, 0x67, 0x58, 0xE2,
    0x2B, 0x97, 0xB0, 0xE4, 0x67, 0x17, 0x48, 0x58, 0x84, 0xFA, 0xFE, 0xA0, 0x00, 0x36, 0x42, 0xDE,
    0x57, 0x77, 0x41, 0x2C, 0x3E, 0xD5, 0xD1, 0xBB, 0x6D, 0x7C, 0xCB, 0x52, 0xD6, 0xFE, 0x77, 0x50,
    0x01, 0x13, 0x29, 0xB0, 0x3D, 0xE2, 0x98, 0xB1, 0xE0, 0x6E, 0x1F, 0x7F, 0x4E, 0x60, 0xB9, 0x32,
    0xB8, 0x00, 0x4D, 0x86, 0x6A, 0xA6, 0x4C, 0xA4, 0xEC, 0x3C, 0x81, 0x13, 0x98, 0x1B, 0xD4, 0x83,
    0xED, 0x98, 0x48, 0x73, 0xC7, 0x85, 0x6B, 0xA2, 0x5C, 0x4E, 0x29, 0xA1, 0x82, 0xD7, 0x6E, 0xD9,
    0x7A, 0x4E, 0x53, 0x08, 0x6E, 0x32, 0x92, 0xFC, 0x11, 0x4D, 0x96, 0x24, 0x51, 0x60, 0x87, 0xF7,
    0x22, 0xEA, 0x2C, 0xB6, 0xA2, 0x4B, 0xF7, 0xF6, 0x6F, 0x44, 0x00, 0xC2, 0x9C, 0x3B, 0x57, 0xC7,
    0x11, 0x6E, 0x41, 0xB9, 0x73, 0x42, 0x62, 0xE4, 0x6E, 0x12, 0xC7, 0x3D, 0x76, 0xFA, 0x69, 0xA4,
    0x5D, 0x08, 0x67, 0x5C, 0x1D, 0x5D, 0x12, 0x0B, 0xD9, 0x42, 0x0D, 0xCE, 0xDF, 0xC3, 0x2A, 0x6B,
    0xD9, 0xED, 0x73, 0x93, 0xF5, 0xAD, 0x5D, 0x7A, 0x27, 0x1C, 0xBC, 0xC0,
};

static const EpdGlyph notoserif_14_boldGlyphs[] = {
    { 0, 0, 0, 0, 0, 0, 0 }, // U+0000
    { 0, 0, 121, 0, 0, 0, 0 }, // U+000D
    { 0, 0, 121, 0, 0, 0, 0 }, // U+0020
    { 6, 22, 178, 3, 21, 16, 0 }, // !
    { 12, 9, 238, 1, 21, 13, 16 }, // "
    { 16, 21, 264, 0, 21, 36, 29 }, // #
    { 14, 26, 264, 1, 23, 40, 65 }, // $
    { 26, 23, 423, 0, 22, 47, 105 }, // %
    { 22, 23, 374, 1, 22, 45, 152 }, // &
    { 6, 9, 135, 1, 21, 7, 197 }, // '
    { 10, 28, 187, 1, 23, 20, 204 }, // (
    { 11, 28, 187, 0, 23, 20, 224 }, // )
    { 13, 13, 234, 1, 23, 30, 244 }, // *
    { 14, 13, 264, 1, 17, 14, 274 }, // +
    { 6, 10, 137, 1, 5, 10, 288 }, // ,
    { 9, 4, 145, 0, 10, 6, 298 }, // -
    { 6, 6, 137, 1, 5, 6, 304 }, // .
    { 9, 27, 134, 0, 23, 15, 310 }, // /
    { 15, 23, 272, 1, 22, 24, 325 }, // 0
    { 15, 21, 236, 0, 21, 18, 349 }, // 1
    { 15, 22, 248, 0, 22, 29, 367 }, // 2
    { 15, 23, 252, 0, 22, 33, 396 }, // 3
    { 16, 21, 260, 0, 21, 30, 429 }, // 4
    { 15, 22, 247, 0, 21, 28, 459 }, // 5
    { 15, 23, 261, 1, 22, 33, 487 }, // 6
    { 15, 21, 253, 1, 21, 20, 520 }, // 7
    { 15, 23, 270, 1, 22, 35, 540 }, // 8
    { 15, 23, 261, 1, 22, 32, 575 }, // 9
    { 5, 17, 142, 2, 16, 12, 607 }, // :
    { 6, 21, 142, 1, 16, 15, 619 }, // ;
    { 14, 17, 264, 1, 19, 23, 634 }, // <
    { 14, 9, 264, 1, 15, 14, 657 }, // =
    { 14, 17, 264, 1, 19, 23, 671 }, // >
    { 14, 23, 257, 1, 22, 23, 694 }, // ?
    { 25, 26, 430, 1, 21, 60, 717 }, // @
    { 22, 21, 351, 0, 21, 38, 777 }, // A
    { 19, 21, 314, 0, 21, 36, 815 }, // B
    { 18, 23, 312, 1, 22, 29, 851 }, // C
    { 21, 21, 358, 0, 21, 30, 880 }, // D
    { 19, 21, 305, 0, 21, 24, 910 }, // E
    { 18, 21, 290, 0, 21, 24, 934 }, // F
    { 21, 23, 359, 1, 22, 34, 958 }, // G
    { 24, 21, 382, 0, 21, 38, 992 }, // H
    { 11, 21, 187, 0, 21, 17, 1030 }, // I
    { 12, 28, 185, -1, 21, 19, 1047 }, // J
    { 22, 21, 343, 0, 21, 39, 1066 }, // K
    { 19, 21, 305, 0, 21, 14, 1105 }, // L
    { 27, 21, 444, 0, 21, 55, 1119 }, // M
    { 23, 21, 368, 0, 21, 39, 1174 }, // N
    { 21, 23, 367, 1, 22, 31, 1213 }, // O
    { 19, 21, 298, 0, 21, 22, 1244 }, // P
    { 21, 29, 367, 1, 22, 19, 1266 }, // Q
    { 21, 21, 332, 0, 21, 34, 1285 }, // R
    { 16, 23, 270, 0, 22, 37, 1319 }, // S
    { 19, 21, 305, 0, 21, 21, 1356 }, // T
    { 22, 22, 349, 0, 21, 27, 1377 }, // U
    { 21, 21, 326, 0, 21, 30, 1404 }, // V
    { 32, 21, 498, 0, 21, 51, 1434 }, // W
    { 22, 21, 342, 0, 21, 37, 1485 }, // X
    { 21, 21, 323, 0, 21, 30, 1522 }, // Y
    { 18, 21, 311, 1, 21, 26, 1552 }, // Z
    { 10, 27, 194, 2, 23, 15, 1578 }, // [
    { 9, 27, 134, 0, 23, 18, 1593 }, // <backslash>
    { 9, 27, 194, 1, 23, 17, 1611 }, // ]
    { 14, 14, 261, 1, 21, 17, 1628 }, // ^
    { 15, 3, 214, -1, -2, 6, 1645 }, // _
    { 8, 6, 156, 1, 23, 8, 1651 }, // `
    { 16, 18, 280, 1, 17, 27, 1659 }, // a
    { 18, 24, 303, 0, 23, 31, 1686 }, // b
    { 14, 18, 246, 1, 17, 22, 1717 }, // c
    { 18, 24, 303, 1, 23, 32, 1739 }, // d
    { 15, 18, 267, 1, 17, 25, 1771 }, // e
    { 14, 23, 190, 0, 23, 26, 1796 }, // f
    { 17, 24, 261, 0, 17, 45, 1822 }, // g
    { 19, 23, 311, 0, 23, 27, 1867 }, // h
    { 10, 23, 164, 0, 23, 17, 1894 }, // i
    { 9, 30, 161, -1, 23, 19, 1911 }, // j
    { 19, 23, 297, 0, 23, 35, 1930 }, // k
    { 10, 23, 164, 0, 23, 11, 1965 }, // l
    { 29, 17, 460, 0, 17, 35, 1976 }, // m
    { 19, 17, 311, 0, 17, 13, 2011 }, // n
    { 16, 18, 287, 1, 17, 23, 2024 }, // o
    { 18, 23, 301, 0, 16, 30, 2047 }, // p
    { 18, 23, 302, 1, 16, 23, 2077 }, // q
    { 15, 16, 244, 0, 16, 19, 2100 }, // r
    { 14, 17, 225, 0, 16, 27, 2119 }, // s
    { 12, 21, 189, 0, 20, 17, 2146 }, // t
    { 19, 17, 311, 0, 16, 25, 2163 }, // u
    { 18, 16, 283, 0, 16, 25, 2188 }, // v
    { 26, 16, 400, -1, 16, 40, 2213 }, // w
    { 19, 16, 302, 0, 16, 32, 2253 }, // x
    { 17, 23, 270, 0, 16, 31, 2285 }, // y
    { 15, 16, 247, 0, 16, 23, 2316 }, // z
    { 13, 27, 206, 0, 23, 24, 2339 }, // {
    { 3, 30, 264, 7, 23, 9, 2363 }, // |
    { 13, 27, 206, 0, 23, 22, 2372 }, // }
    { 15, 7, 264, 1, 14, 14, 2394 }, // ~
    { 0, 0, 121, 0, 0, 0, 2408 }, // U+00A0
    { 6, 22, 178, 3, 16, 16, 2408 }, // U+00A1
    { 15, 21, 264, 1, 21, 33, 2424 }, // U+00A2
    { 16, 23, 261, 0, 22, 34, 2457 }, // U+00A3
    { 13, 13, 264, 2, 17, 27, 2491 }, // U+00A4
    { 17, 21, 264, 0, 21, 36, 2518 }, // U+00A5
    { 3, 30, 264, 7, 23, 10, 2554 }, // U+00A6
    { 14, 27, 254, 1, 23, 44, 2564 }, // U+00A7
    { 11, 4, 269, 3, 22, 8, 2608 }, // U+00A8
    { 23, 23, 394, 1, 22, 52, 2616 }, // U+00A9
    { 12, 10, 196, 0, 21, 20, 2668 }, // U+00AA
    { 14, 12, 259, 1, 14, 19, 2688 }, // U+00AB
    { 14, 8, 264, 1, 12, 9, 2707 }, // U+00AC
    { 9, 4, 145, 0, 10, 4, 2716 }, // U+00AD
    { 23, 23, 394, 1, 22, 49, 2720 }, // U+00AE
    { 15, 2, 214, -1, 24, 5, 2769 }, // U+00AF
    { 10, 11, 187, 1, 22, 14, 2774 }, // U+00B0
    { 14, 17, 264, 1, 17, 11, 2788 }, // U+00B1
    { 10, 14, 187, 1, 25, 22, 2799 }, // U+00B2
    { 11, 14, 187, 0, 25, 21, 2821 }, // U+00B3
    { 8, 6, 156, 1, 23, 6, 2842 }, // U+00B4
    { 17, 23, 310, 2, 16, 30, 2848 }, // U+00B5
    { 17, 27, 293, 1, 23, 29, 2878 }, // U+00B6
    { 6, 5, 137, 1, 13, 6, 2907 }, // U+00B7
    { 8, 8, 155, 1, 1, 9, 2913 }, // U+00B8
    { 10, 13, 187, 1, 24, 16, 2922 }, // U+00B9
    { 11, 10, 204, 1, 21, 15, 2938 }, // U+00BA
    { 14, 12, 259, 1, 14, 20, 2953 }, // U+00BB
    { 24, 21, 392, 0, 21, 49, 2973 }, // U+00BC
    { 24, 21, 392, 0, 21, 50, 3022 }, // U+00BD
    { 24, 22, 392, 0, 22, 55, 3072 }, // U+00BE
    { 14, 22, 257, 1, 16, 28, 3127 }, // U+00BF
    { 22, 28, 351, 0, 28, 16, 3155 }, // U+00C0
    { 22, 28, 351, 0, 28, 15, 3171 }, // U+00C1
    { 22, 28, 351, 0, 28, 16, 3186 }, // U+00C2
    { 22, 28, 351, 0, 28, 21, 3202 }, // U+00C3
    { 22, 27, 351, 0, 27, 19, 3223 }, // U+00C4
    { 22, 26, 351, 0, 26, 20, 3242 }, // U+00C5
    { 29, 21, 463, 0, 21, 45, 3262 }, // U+00C6
    { 18, 29, 312, 1, 22, 19, 3307 }, // U+00C7
    { 19, 28, 305, 0, 28, 14, 3326 }, // U+00C8
    { 19, 28, 305, 0, 28, 13, 3340 }, // U+00C9
    { 19, 28, 305, 0, 28, 16, 3353 }, // U+00CA
    { 19, 27, 305, 0, 27, 16, 3369 }, // U+00CB
    { 11, 28, 187, 0, 28, 11, 3385 }, // U+00CC
    { 11, 28, 187, 0, 28, 11, 3396 }, // U+00CD
    { 12, 28, 187, 0, 28, 25, 3407 }, // U+00CE
    { 11, 27, 187, 0, 27, 13, 3432 }, // U+00CF
    { 21, 21, 358, 0, 21, 14, 3445 }, // U+00D0
    { 23, 28, 368, 0, 28, 21, 3459 }, // U+00D1
    { 21, 29, 367, 1, 28, 15, 3480 }, // U+00D2
    { 21, 29, 367, 1, 28, 15, 3495 }, // U+00D3
    { 21, 29, 367, 1, 28, 18, 3510 }, // U+00D4
    { 21, 29, 367, 1, 28, 20, 3528 }, // U+00D5
    { 21, 28, 367, 1, 27, 17, 3548 }, // U+00D6
    { 13, 13, 264, 2, 17, 21, 3565 }, // U+00D7
    { 21, 25, 367, 1, 23, 23, 3586 }, // U+00D8
    { 22, 29, 349, 0, 28, 15, 3609 }, // U+00D9
    { 22, 29, 349, 0, 28, 14, 3624 }, // U+00DA
    { 22, 29, 349, 0, 28, 17, 3638 }, // U+00DB
    { 22, 28, 349, 0, 27, 17, 3655 }, // U+00DC
    { 21, 28, 323, 0, 28, 17, 3672 }, // U+00DD
    { 18, 21, 298, 0, 21, 22, 3689 }, // U+00DE
    { 20, 24, 330, 0, 23, 47, 3711 }, // U+00DF
    { 16, 24, 280, 1, 23, 14, 3758 }, // U+00E0
    { 16, 24, 280, 1, 23, 13, 3772 }, // U+00E1
    { 16, 24, 280, 1, 23, 15, 3785 }, // U+00E2
    { 16, 24, 280, 1, 23, 18, 3800 }, // U+00E3
    { 16, 23, 280, 1, 22, 16, 3818 }, // U+00E4
    { 16, 25, 280, 1, 24, 18, 3834 }, // U+00E5
    { 24, 18, 408, 1, 17, 42, 3852 }, // U+00E6
    { 14, 24, 246, 1, 17, 16, 3894 }, // U+00E7
    { 15, 24, 267, 1, 23, 14, 3910 }, // U+00E8
    { 15, 24, 267, 1, 23, 13, 3924 }, // U+00E9
    { 15, 24, 267, 1, 23, 16, 3937 }, // U+00EA
    { 15, 23, 267, 1, 22, 17, 3953 }, // U+00EB
    { 11, 23, 164, -1, 23, 19, 3970 }, // U+00EC
    { 11, 23, 164, 0, 23, 18, 3989 }, // U+00ED
    { 11, 23, 164, -1, 23, 14, 4007 }, // U+00EE
    { 11, 22, 164, -1, 22, 13, 4021 }, // U+00EF
    { 16, 24, 287, 1, 23, 32, 4034 }, // U+00F0
    { 19, 23, 311, 0, 23, 19, 4066 }, // U+00F1
    { 16, 24, 287, 1, 23, 13, 4085 }, // U+00F2
    { 16, 24, 287, 1, 23, 13, 4098 }, // U+00F3
    { 16, 24, 287, 1, 23, 15, 4111 }, // U+00F4
    { 16, 24, 287, 1, 23, 18, 4126 }, // U+00F5
    { 16, 23, 287, 1, 22, 17, 4144 }, // U+00F6
    { 14, 16, 264, 1, 18, 15, 4161 }, // U+00F7
    { 16, 19, 287, 1, 17, 18, 4176 }, // U+00F8
    { 19, 24, 311, 0, 23, 31, 4194 }, // U+00F9
    { 19, 24, 311, 0, 23, 31, 4225 }, // U+00FA
    { 19, 24, 311, 0, 23, 34, 4256 }, // U+00FB
    { 19, 23, 311, 0, 22, 34, 4290 }, // U+00FC
    { 17, 30, 270, 0, 23, 17, 4324 }, // U+00FD
    { 18, 30, 301, 0, 23, 23, 4341 }, // U+00FE
    { 17, 29, 270, 0, 22, 20, 4364 }, // U+00FF
    { 22, 25, 351, 0, 25, 13, 4384 }, // U+0100
    { 16, 21, 280, 1, 20, 11, 4397 }, // U+0101
    { 22, 28, 351, 0, 28, 19, 4408 }, // U+0102
    { 16, 24, 280, 1, 23, 16, 4427 }, // U+0103
    { 22, 28, 351, 0, 21, 20, 4443 }, // U+0104
    { 16, 24, 280, 1, 17, 18, 4463 }, // U+0105
    { 18, 29, 312, 1, 28, 15, 4481 }, // U+0106
    { 14, 24, 246, 1, 23, 14, 4496 }, // U+0107
    { 18, 29, 312, 1, 28, 16, 4510 }, // U+0108
    { 14, 24, 246, 1, 23, 17, 4526 }, // U+0109
    { 18, 29, 312, 1, 28, 14, 4543 }, // U+010A
    { 14, 24, 246, 1, 23, 13, 4557 }, // U+010B
    { 18, 29, 312, 1, 28, 16, 4570 }, // U+010C
    { 14, 24, 246, 1, 23, 17, 4586 }, // U+010D
    { 21, 28, 358, 0, 28, 16, 4603 }, // U+010E
    { 22, 24, 303, 1, 23, 36, 4619 }, // U+010F
    { 21, 21, 358, 0, 21, 11, 4655 }, // U+0110
    { 18, 24, 303, 1, 23, 23, 4666 }, // U+0111
    { 19, 25, 305, 0, 25, 12, 4689 }, // U+0112
    { 15, 21, 267, 1, 20, 12, 4701 }, // U+0113
    { 19, 28, 305, 0, 28, 17, 4713 }, // U+0114
    { 15, 24, 267, 1, 23, 16, 4730 }, // U+0115
    { 19, 27, 305, 0, 27, 13, 4746 }, // U+0116
    { 15, 24, 267, 1, 23, 13, 4759 }, // U+0117
    { 19, 28, 305, 0, 21, 18, 4772 }, // U+0118
    { 15, 24, 267, 1, 17, 18, 4790 }, // U+0119
    { 19, 28, 305, 0, 28, 15, 4808 }, // U+011A
    { 15, 24, 267, 1, 23, 16, 4823 }, // U+011B
    { 21, 29, 359, 1, 28, 18, 4839 }, // U+011C
    { 17, 30, 261, 0, 23, 22, 4857 }, // U+011D
    { 21, 29, 359, 1, 28, 20, 4879 }, // U+011E
    { 17, 30, 261, 0, 23, 22, 4899 }, // U+011F
    { 21, 29, 359, 1, 28, 16, 4921 }, // U+0120
    { 17, 30, 261, 0, 23, 18, 4937 }, // U+0121
    { 21, 29, 359, 1, 22, 17, 4955 }, // U+0122
    { 17, 30, 261, 0, 23, 18, 4972 }, // U+0123
    { 24, 28, 382, 0, 28, 18, 4990 }, // U+0124
    { 19, 29, 311, 0, 29, 16, 5008 }, // U+0125
    { 24, 21, 382, 0, 21, 20, 5024 }, // U+0126
    { 19, 23, 311, 0, 23, 21, 5044 }, // U+0127
    { 12, 28, 187, 0, 28, 18, 5065 }, // U+0128
    { 12, 23, 164, -1, 23, 23, 5083 }, // U+0129
    { 11, 25, 187, 0, 25, 9, 5106 }, // U+012A
    { 10, 20, 164, 0, 20, 9, 5115 }, // U+012B
    { 11, 28, 187, 0, 28, 15, 5124 }, // U+012C
    { 10, 23, 164, 0, 23, 15, 5139 }, // U+012D
    { 11, 28, 187, 0, 21, 14, 5154 }, // U+012E
    { 10, 30, 164, 0, 23, 14, 5168 }, // U+012F
    { 11, 28, 187, 0, 28, 11, 5182 }, // U+0130
    { 10, 16, 164, 0, 16, 5, 5193 }, // U+0131
    { 23, 28, 372, 0, 21, 36, 5198 }, // U+0132
    { 18, 30, 326, 0, 23, 36, 5234 }, // U+0133
    { 13, 35, 185, -1, 28, 26, 5270 }, // U+0134
    { 11, 30, 161, -1, 23, 19, 5296 }, // U+0135
    { 22, 28, 343, 0, 21, 19, 5315 }, // U+0136
    { 19, 30, 297, 0, 23, 17, 5334 }, // U+0137
    { 19, 16, 297, 0, 16, 22, 5351 }, // U+0138
    { 19, 28, 305, 0, 28, 20, 5373 }, // U+0139
    { 11, 29, 164, 0, 29, 18, 5393 }, // U+013A
    { 19, 28, 305, 0, 21, 19, 5411 }, // U+013B
    { 10, 30, 164, 0, 23, 11, 5430 }, // U+013C
    { 19, 21, 305, 0, 21, 17, 5441 }, // U+013D
    { 14, 23, 164, 0, 23, 19, 5458 }, // U+013E
    { 19, 21, 305, 0, 21, 19, 5477 }, // U+013F
    { 15, 23, 219, 0, 23, 20, 5496 }, // U+0140
    { 19, 21, 305, 0, 21, 23, 5516 }, // U+0141
    { 10, 23, 164, 0, 23, 12, 5539 }, // U+0142
    { 23, 28, 368, 0, 28, 16, 5551 }, // U+0143
    { 19, 23, 311, 0, 23, 13, 5567 }, // U+0144
    { 23, 28, 368, 0, 21, 18, 5580 }, // U+0145
    { 19, 24, 311, 0, 17, 14, 5598 }, // U+0146
    { 23, 28, 368, 0, 28, 19, 5612 }, // U+0147
    { 19, 23, 311, 0, 23, 15, 5631 }, // U+0148
    { 25, 21, 399, 0, 21, 36, 5646 }, // U+0149
    { 23, 28, 368, 0, 21, 23, 5682 }, // U+014A
    { 17, 24, 311, 0, 17, 28, 5705 }, // U+014B
    { 21, 26, 367, 1, 25, 13, 5733 }, // U+014C
    { 16, 21, 287, 1, 20, 11, 5746 }, // U+014D
    { 21, 29, 367, 1, 28, 17, 5757 }, // U+014E
    { 16, 24, 287, 1, 23, 16, 5774 }, // U+014F
    { 21, 29, 367, 1, 28, 19, 5790 }, // U+0150
    { 16, 24, 287, 1, 23, 16, 5809 }, // U+0151
    { 28, 23, 476, 1, 22, 38, 5825 }, // U+0152
    { 26, 18, 437, 1, 17, 42, 5863 }, // U+0153
    { 21, 28, 332, 0, 28, 15, 5905 }, // U+0154
    { 15, 23, 244, 0, 23, 11, 5920 }, // U+0155
    { 21, 28, 332, 0, 21, 16, 5931 }, // U+0156
    { 15, 23, 244, 0, 16, 12, 5947 }, // U+0157
    { 21, 28, 332, 0, 28, 18, 5959 }, // U+0158
    { 15, 23, 244, 0, 23, 14, 5977 }, // U+0159
    { 16, 29, 270, 0, 28, 16, 5991 }, // U+015A
    { 14, 24, 225, 0, 23, 14, 6007 }, // U+015B
    { 16, 29, 270, 0, 28, 19, 6021 }, // U+015C
    { 14, 24, 225, 0, 23, 15, 6040 }, // U+015D
    { 16, 29, 270, 0, 22, 21, 6055 }, // U+015E
    { 14, 23, 225, 0, 16, 17, 6076 }, // U+015F
    { 16, 29, 270, 0, 28, 18, 6093 }, // U+0160
    { 14, 24, 225, 0, 23, 16, 6111 }, // U+0161
    { 19, 28, 305, 0, 21, 17, 6127 }, // U+0162
    { 12, 27, 189, 0, 20, 16, 6144 }, // U+0163
    { 19, 28, 305, 0, 28, 16, 6160 }, // U+0164
    { 14, 24, 189, 0, 23, 23, 6176 }, // U+0165
    { 19, 21, 305, 0, 21, 14, 6199 }, // U+0166
    { 12, 21, 189, 0, 20, 12, 6213 }, // U+0167
    { 22, 29, 349, 0, 28, 20, 6225 }, // U+0168
    { 19, 24, 311, 0, 23, 37, 6245 }, // U+0169
    { 22, 26, 349, 0, 25, 13, 6282 }, // U+016A
    { 19, 21, 311, 0, 20, 29, 6295 }, // U+016B
    { 22, 29, 349, 0, 28, 19, 6324 }, // U+016C
    { 19, 24, 311, 0, 23, 34, 6343 }, // U+016D
    { 22, 30, 349, 0, 29, 20, 6377 }, // U+016E
    { 19, 25, 311, 0, 24, 35, 6397 }, // U+016F
    { 22, 29, 349, 0, 28, 18, 6432 }, // U+0170
    { 19, 24, 311, 0, 23, 35, 6450 }, // U+0171
    { 22, 28, 353, 0, 21, 36, 6485 }, // U+0172
    { 19, 23, 311, 0, 16, 33, 6521 }, // U+0173
    { 32, 28, 498, 0, 28, 24, 6554 }, // U+0174
    { 26, 23, 400, -1, 23, 21, 6578 }, // U+0175
    { 21, 28, 323, 0, 28, 20, 6599 }, // U+0176
    { 17, 30, 270, 0, 23, 19, 6619 }, // U+0177
    { 21, 27, 323, 0, 27, 20, 6638 }, // U+0178
    { 18, 28, 311, 1, 28, 14, 6658 }, // U+0179
    { 15, 23, 247, 0, 23, 13, 6672 }, // U+017A
    { 18, 28, 311, 1, 28, 15, 6685 }, // U+017B
    { 15, 23, 247, 0, 23, 13, 6700 }, // U+017C
    { 18, 28, 311, 1, 28, 15, 6713 }, // U+017D
    { 15, 23, 247, 0, 23, 14, 6728 }, // U+017E
    { 14, 23, 183, 0, 23, 15, 6742 }, // U+017F
    { 24, 24, 393, 1, 23, 37, 6757 }, // U+01A0
    { 19, 20, 313, 1, 19, 31, 6794 }, // U+01A1
    { 25, 24, 398, 0, 23, 34, 6825 }, // U+01AF
    { 23, 20, 363, 0, 19, 34, 6859 }, // U+01B0
    { 41, 28, 669, 0, 28, 68, 6893 }, // U+01C4
    { 37, 23, 605, 0, 23, 60, 6961 }, // U+01C5
    { 33, 24, 550, 1, 23, 63, 7021 }, // U+01C6
    { 31, 28, 477, 0, 21, 41, 7084 }, // U+01C7
    { 27, 30, 467, 0, 23, 40, 7125 }, // U+01C8
    { 18, 30, 326, 0, 23, 17, 7165 }, // U+01C9
    { 34, 28, 540, 0, 21, 57, 7182 }, // U+01CA
    { 31, 30, 529, 0, 23, 58, 7239 }, // U+01CB
    { 27, 30, 472, 0, 23, 44, 7297 }, // U+01CC
    { 22, 28, 351, 0, 28, 16, 7341 }, // U+01CD
    { 16, 24, 280, 1, 23, 14, 7357 }, // U+01CE
    { 12, 28, 187, 0, 28, 15, 7371 }, // U+01CF
    { 11, 23, 164, -1, 23, 13, 7386 }, // U+01D0
    { 21, 29, 367, 1, 28, 17, 7399 }, // U+01D1
    { 16, 24, 287, 1, 23, 14, 7416 }, // U+01D2
    { 22, 29, 349, 0, 28, 15, 7430 }, // U+01D3
    { 19, 24, 311, 0, 23, 34, 7445 }, // U+01D4
    { 22, 31, 349, 0, 30, 25, 7479 }, // U+01D5
    { 19, 26, 311, 0, 25, 43, 7504 }, // U+01D6
    { 22, 32, 349, 0, 31, 21, 7547 }, // U+01D7
    { 19, 28, 311, 0, 27, 19, 7568 }, // U+01D8
    { 22, 32, 349, 0, 31, 24, 7587 }, // U+01D9
    { 19, 28, 311, 0, 27, 20, 7611 }, // U+01DA
    { 22, 32, 349, 0, 31, 23, 7631 }, // U+01DB
    { 19, 28, 311, 0, 27, 17, 7654 }, // U+01DC
    { 15, 18, 267, 1, 17, 29, 7671 }, // U+01DD
    { 22, 30, 351, 0, 30, 25, 7700 }, // U+01DE
    { 16, 26, 280, 1, 25, 23, 7725 }, // U+01DF
    { 22, 30, 351, 0, 30, 21, 7748 }, // U+01E0
    { 16, 26, 280, 1, 25, 19, 7769 }, // U+01E1
    { 29, 25, 463, 0, 25, 17, 7788 }, // U+01E2
    { 24, 21, 408, 1, 20, 16, 7805 }, // U+01E3
    { 21, 23, 359, 1, 22, 21, 7821 }, // U+01E4
    { 17, 24, 261, 0, 17, 21, 7842 }, // U+01E5
    { 21, 29, 359, 1, 28, 17, 7863 }, // U+01E6
    { 17, 30, 261, 0, 23, 21, 7880 }, // U+01E7
    { 22, 28, 343, 0, 28, 21, 7901 }, // U+01E8
    { 19, 29, 297, 0, 29, 18, 7922 }, // U+01E9
    { 21, 29, 367, 1, 22, 18, 7940 }, // U+01EA
    { 16, 24, 287, 1, 17, 16, 7958 }, // U+01EB
    { 21, 32, 367, 1, 25, 16, 7974 }, // U+01EC
    { 16, 27, 287, 1, 20, 13, 7990 }, // U+01ED
    { 16, 29, 288, 1, 28, 41, 8003 }, // U+01EE
    { 16, 30, 261, 0, 23, 40, 8044 }, // U+01EF
    { 11, 30, 161, -1, 23, 16, 8084 }, // U+01F0
    { 41, 21, 669, 0, 21, 17, 8100 }, // U+01F1
    { 37, 21, 605, 0, 21, 17, 8117 }, // U+01F2
    { 33, 24, 550, 1, 23, 19, 8134 }, // U+01F3
    { 21, 29, 359, 1, 28, 16, 8153 }, // U+01F4
    { 17, 30, 261, 0, 23, 18, 8169 }, // U+01F5
    { 34, 22, 533, 0, 21, 48, 8187 }, // U+01F6
    { 20, 29, 341, 0, 22, 35, 8235 }, // U+01F7
    { 23, 28, 368, 0, 28, 16, 8270 }, // U+01F8
    { 19, 23, 311, 0, 23, 13, 8286 }, // U+01F9
    { 22, 28, 351, 0, 28, 43, 8299 }, // U+01FA
    { 16, 29, 280, 1, 28, 27, 8342 }, // U+01FB
    { 29, 28, 463, 0, 28, 18, 8369 }, // U+01FC
    { 24, 24, 408, 1, 23, 17, 8387 }, // U+01FD
    { 21, 30, 367, 1, 28, 18, 8404 }, // U+01FE
    { 16, 25, 287, 1, 23, 16, 8422 }, // U+01FF
    { 22, 28, 351, 0, 28, 21, 8438 }, // U+0200
    { 16, 24, 280, 1, 23, 18, 8459 }, // U+0201
    { 22, 28, 351, 0, 28, 17, 8477 }, // U+0202
    { 16, 24, 280, 1, 23, 15, 8494 }, // U+0203
    { 19, 28, 305, 0, 28, 17, 8509 }, // U+0204
    { 15, 24, 267, 1, 23, 17, 8526 }, // U+0205
    { 19, 28, 305, 0, 28, 16, 8543 }, // U+0206
    { 15, 24, 267, 1, 23, 16, 8559 }, // U+0207
    { 13, 28, 187, -2, 28, 27, 8575 }, // U+0208
    { 13, 23, 164, -3, 23, 22, 8602 }, // U+0209
    { 11, 28, 187, 0, 28, 13, 8624 }, // U+020A
    { 10, 23, 164, 0, 23, 13, 8637 }, // U+020B
    { 21, 29, 367, 1, 28, 19, 8650 }, // U+020C
    { 16, 24, 287, 1, 23, 17, 8669 }, // U+020D
    { 21, 29, 367, 1, 28, 16, 8686 }, // U+020E
    { 16, 24, 287, 1, 23, 15, 8702 }, // U+020F
    { 21, 28, 330, 0, 28, 21, 8717 }, // U+0210
    { 15, 23, 244, 0, 23, 16, 8738 }, // U+0211
    { 21, 28, 330, 0, 28, 18, 8754 }, // U+0212
    { 15, 23, 244, 0, 23, 14, 8772 }, // U+0213
    { 22, 29, 349, 0, 28, 17, 8786 }, // U+0214
    { 19, 24, 311, 0, 23, 18, 8803 }, // U+0215
    { 22, 29, 349, 0, 28, 17, 8821 }, // U+0216
    { 19, 24, 311, 0, 23, 17, 8838 }, // U+0217
    { 16, 29, 270, 0, 22, 17, 8855 }, // U+0218
    { 14, 23, 225, 0, 16, 14, 8872 }, // U+0219
    { 19, 28, 305, 0, 21, 13, 8886 }, // U+021A
    { 12, 27, 189, 0, 20, 12, 8899 }, // U+021B
    { 16, 27, 288, 1, 22, 36, 8911 }, // U+021C
    { 14, 23, 252, 1, 16, 31, 8947 }, // U+021D
    { 24, 28, 382, 0, 28, 18, 8978 }, // U+021E
    { 19, 29, 311, 0, 29, 15, 8996 }, // U+021F
    { 8, 6, 0, -14, 23, 6, 9011 }, // U+0300
    { 8, 6, 0, -10, 23, 7, 9017 }, // U+0301
    { 11, 6, 0, -14, 23, 10, 9024 }, // U+0302
    { 13, 6, 0, -16, 23, 12, 9034 }, // U+0303
    { 10, 3, 0, -5, 20, 4, 9046 }, // U+0304
    { 14, 2, 0, -7, 24, 5, 9050 }, // U+0305
    { 10, 6, 0, -5, 23, 10, 9055 }, // U+0306
    { 6, 5, 0, -3, 23, 5, 9065 }, // U+0307
    { 10, 4, 0, -5, 22, 10, 9070 }, // U+0308
    { 8, 8, 0, -13, 25, 11, 9080 }, // U+0309
    { 8, 7, 0, -4, 24, 11, 9091 }, // U+030A
    { 12, 6, 0, -6, 23, 10, 9102 }, // U+030B
    { 12, 6, 0, -15, 23, 6, 9112 }, // U+030C
    { 4, 6, 0, -2, 23, 3, 9118 }, // U+030D
    { 8, 6, 0, -4, 23, 7, 9121 }, // U+030E
    { 13, 6, 0, -17, 23, 12, 9128 }, // U+030F
    { 10, 9, 0, -5, 26, 14, 9140 }, // U+0310
    { 10, 6, 0, -5, 23, 9, 9154 }, // U+0311
    { 6, 10, 0, -3, 21, 9, 9163 }, // U+0312
    { 6, 10, 0, -3, 21, 10, 9172 }, // U+0313
    { 6, 10, 0, -3, 21, 10, 9182 }, // U+0314
    { 6, 10, 0, -3, 21, 6, 9192 }, // U+0315
    { 8, 6, 0, -4, -1, 6, 9198 }, // U+0316
    { 8, 6, 0, -4, -1, 7, 9204 }, // U+0317
    { 6, 6, 0, -3, -1, 8, 9211 }, // U+0318
    { 6, 6, 0, -3, -1, 7, 9219 }, // U+0319
    { 8, 9, 173, 0, 23, 7, 9226 }, // U+031A
    { 6, 8, 0, -3, 23, 8, 9233 }, // U+031B
    { 4, 7, 0, -2, 0, 7, 9241 }, // U+031C
    { 6, 5, 0, -3, -1, 6, 9248 }, // U+031D
    { 6, 5, 0, -3, -1, 5, 9254 }, // U+031E
    { 6, 6, 0, -3, -1, 9, 9259 }, // U+031F
    { 8, 3, 0, -4, -2, 4, 9268 }, // U+0320
    { 6, 8, 0, -3, 2, 7, 9272 }, // U+0321
    { 6, 8, 0, -3, 2, 7, 9279 }, // U+0322
    { 6, 5, 0, -12, -1, 6, 9286 }, // U+0323
    { 10, 4, 0, -5, -2, 7, 9292 }, // U+0324
    { 8, 7, 0, -4, 0, 12, 9299 }, // U+0325
    { 6, 6, 0, -3, -1, 5, 9311 }, // U+0326
    { 8, 8, 0, -4, 1, 9, 9316 }, // U+0327
    { 8, 7, 0, -4, 0, 9, 9325 }, // U+0328
    { 4, 6, 0, -2, -1, 4, 9334 }, // U+0329
    { 12, 5, 0, -6, -2, 8, 9338 }, // U+032A
    { 10, 5, 0, -5, -1, 11, 9346 }, // U+032B
    { 12, 6, 0, -6, -1, 8, 9357 }, // U+032C
    { 12, 6, 0, -6, -1, 8, 9365 }, // U+032D
    { 10, 6, 0, -5, -1, 7, 9373 }, // U+032E
    { 10, 6, 0, -5, -1, 7, 9380 }, // U+032F
    { 12, 6, 0, -6, -1, 10, 9387 }, // U+0330
    { 10, 4, 0, -5, -2, 5, 9397 }, // U+0331
    { 14, 4, 0, -7, -2, 5, 9402 }, // U+0332
    { 14, 6, 0, -7, -1, 9, 9407 }, // U+0333
    { 12, 6, 0, -6, 11, 6, 9416 }, // U+0334
    { 12, 3, 0, -6, 10, 6, 9422 }, // U+0335
    { 20, 3, 0, -10, 10, 8, 9428 }, // U+0336
    { 12, 9, 0, -6, 13, 10, 9436 }, // U+0337
    { 13, 26, 0, -7, 23, 19, 9446 }, // U+0338
    { 4, 7, 0, -2, 0, 7, 9465 }, // U+0339
    { 12, 5, 0, -6, -2, 10, 9472 }, // U+033A
    { 12, 6, 0, -6, -1, 14, 9482 }, // U+033B
    { 10, 5, 0, -5, -1, 11, 9496 }, // U+033C
    { 6, 6, 0, -3, 23, 10, 9507 }, // U+033D
    { 4, 10, 0, -2, 26, 9, 9517 }, // U+033E
    { 14, 6, 0, -7, 28, 8, 9526 }, // U+033F
    { 8, 6, 0, -5, 23, 6, 9534 }, // U+0340
    { 8, 6, 0, -3, 23, 4, 9540 }, // U+0341
    { 12, 6, 0, -6, 23, 6, 9544 }, // U+0342
    { 5, 7, 0, -2, 24, 8, 9550 }, // U+0343
    { 13, 7, 0, -6, 23, 17, 9558 }, // U+0344
    { 7, 6, 0, 1, -1, 7, 9575 }, // U+0345
    { 12, 5, 0, -6, 22, 6, 9582 }, // U+0346
    { 14, 6, 0, -7, -1, 9, 9588 }, // U+0347
    { 8, 6, 0, -4, -1, 5, 9597 }, // U+0348
    { 6, 5, 0, -3, -2, 6, 9602 }, // U+0349
    { 12, 8, 0, -6, 24, 12, 9608 }, // U+034A
    { 12, 13, 0, -6, 29, 22, 9620 }, // U+034B
    { 12, 12, 0, -6, 28, 17, 9642 }, // U+034C
    { 10, 6, 0, -5, -1, 11, 9659 }, // U+034D
    { 6, 7, 0, -3, 0, 6, 9670 }, // U+034E
    { 22, 21, 0, -11, 21, 73, 9676 }, // U+034F
    { 6, 7, 0, -3, 23, 10, 9749 }, // U+0350
    { 4, 7, 0, -2, 24, 7, 9759 }, // U+0351
    { 10, 9, 0, -5, 26, 14, 9766 }, // U+0352
    { 6, 6, 0, -3, -1, 8, 9780 }, // U+0353
    { 6, 7, 0, -3, -1, 10, 9788 }, // U+0354
    { 6, 7, 0, -3, -1, 6, 9798 }, // U+0355
    { 12, 6, 0, -6, -1, 17, 9804 }, // U+0356
    { 4, 7, 0, -2, 24, 7, 9821 }, // U+0357
    { 6, 5, 0, 2, 23, 6, 9828 }, // U+0358
    { 8, 7, 0, -4, 0, 15, 9834 }, // U+0359
    { 12, 6, 0, -6, -1, 17, 9849 }, // U+035A
    { 6, 6, 0, -3, 23, 9, 9866 }, // U+035B
    { 22, 7, 0, -11, 0, 15, 9875 }, // U+035C
    { 22, 6, 0, -11, 23, 16, 9890 }, // U+035D
    { 18, 2, 0, -9, 20, 6, 9906 }, // U+035E
    { 18, 3, 0, -9, -2, 6, 9912 }, // U+035F
    { 24, 5, 0, -12, 23, 16, 9918 }, // U+0360
    { 24, 7, 0, -12, 25, 17, 9934 }, // U+0361
    { 18, 6, 0, -9, -1, 11, 9951 }, // U+0362
    { 8, 8, 0, -4, 25, 16, 9962 }, // U+0363
    { 7, 8, 0, -3, 25, 15, 9978 }, // U+0364
    { 5, 10, 0, -2, 28, 11, 9993 }, // U+0365
    { 8, 8, 0, -4, 25, 11, 10004 }, // U+0366
    { 9, 8, 0, -4, 25, 10, 10015 }, // U+0367
    { 7, 8, 0, -3, 25, 12, 10025 }, // U+0368
    { 9, 10, 0, -4, 27, 14, 10037 }, // U+0369
    { 9, 9, 0, -4, 27, 12, 10051 }, // U+036A
    { 13, 7, 0, -6, 25, 19, 10063 }, // U+036B
    { 7, 7, 0, -3, 25, 10, 10082 }, // U+036C
    { 6, 9, 0, -3, 26, 9, 10092 }, // U+036D
    { 9, 7, 0, -4, 25, 10, 10101 }, // U+036E
    { 9, 7, 0, -4, 25, 15, 10111 }, // U+036F
    { 19, 28, 305, 0, 28, 17, 10126 }, // U+0400
    { 19, 27, 305, 0, 27, 20, 10143 }, // U+0401
    { 24, 21, 384, 0, 21, 34, 10163 }, // U+0402
    { 17, 28, 278, 0, 28, 27, 10197 }, // U+0403
    { 18, 23, 307, 1, 22, 30, 10224 }, // U+0404
    { 15, 23, 272, 1, 22, 37, 10254 }, // U+0405
    { 11, 21, 184, 0, 21, 13, 10291 }, // U+0406
    { 11, 27, 184, 0, 27, 20, 10304 }, // U+0407
    { 12, 28, 184, -1, 21, 12, 10324 }, // U+0408
    { 28, 22, 454, 0, 21, 39, 10336 }, // U+0409
    { 30, 21, 482, 0, 21, 46, 10375 }, // U+040A
    { 26, 21, 414, 0, 21, 34, 10421 }, // U+040B
    { 22, 28, 341, 0, 28, 26, 10455 }, // U+040C
    { 24, 28, 384, 0, 28, 40, 10481 }, // U+040D
    { 21, 29, 327, 0, 28, 39, 10521 }, // U+040E
    { 23, 27, 375, 0, 21, 32, 10560 }, // U+040F
    { 22, 21, 350, 0, 21, 27, 10592 }, // U+0410
    { 18, 21, 298, 0, 21, 27, 10619 }, // U+0411
    { 19, 21, 323, 0, 21, 27, 10646 }, // U+0412
    { 17, 21, 278, 0, 21, 8, 10673 }, // U+0413
    { 22, 27, 351, 0, 21, 35, 10681 }, // U+0414
    { 19, 21, 305, 0, 21, 11, 10716 }, // U+0415
    { 31, 21, 483, 0, 21, 58, 10727 }, // U+0416
    { 17, 23, 290, 0, 22, 34, 10785 }, // U+0417
    { 24, 21, 384, 0, 21, 11, 10819 }, // U+0418
    { 24, 28, 384, 0, 28, 21, 10830 }, // U+0419
    { 22, 21, 341, 0, 21, 13, 10851 }, // U+041A
    { 22, 22, 350, 0, 21, 31, 10864 }, // U+041B
    { 28, 21, 452, 0, 21, 49, 10895 }, // U+041C
    { 23, 21, 379, 0, 21, 37, 10944 }, // U+041D
    { 21, 23, 360, 1, 22, 32, 10981 }, // U+041E
    { 23, 21, 375, 0, 21, 24, 11013 }, // U+041F
    { 18, 21, 298, 0, 21, 21, 11037 }, // U+0420
    { 18, 23, 307, 1, 22, 12, 11058 }, // U+0421
    { 19, 21, 314, 0, 21, 22, 11070 }, // U+0422
    { 21, 22, 327, 0, 21, 13, 11092 }, // U+0423
    { 26, 23, 441, 1, 22, 47, 11105 }, // U+0424
    { 22, 21, 342, 0, 21, 15, 11152 }, // U+0425
    { 23, 27, 377, 0, 21, 28, 11167 }, // U+0426
    { 23, 21, 366, 0, 21, 31, 11195 }, // U+0427
    { 33, 21, 532, 0, 21, 40, 11226 }, // U+0428
    { 33, 27, 534, 0, 21, 20, 11266 }, // U+0429
    { 21, 21, 345, 0, 21, 30, 11286 }, // U+042A
    { 28, 21, 460, 0, 21, 46, 11316 }, // U+042B
    { 18, 21, 298, 0, 21, 19, 11362 }, // U+042C
    { 17, 23, 307, 1, 22, 31, 11381 }, // U+042D
    { 31, 23, 504, 0, 22, 48, 11412 }, // U+042E
    { 21, 21, 327, -1, 21, 35, 11460 }, // U+042F
    { 16, 17, 277, 1, 16, 24, 11495 }, // U+0430
    { 16, 24, 282, 1, 23, 36, 11519 }, // U+0431
    { 17, 16, 282, 0, 16, 29, 11555 }, // U+0432
    { 15, 16, 235, 0, 16, 16, 11584 }, // U+0433
    { 18, 22, 292, 0, 16, 29, 11600 }, // U+0434
    { 15, 17, 263, 1, 16, 21, 11629 }, // U+0435
    { 26, 16, 412, 0, 16, 46, 11650 }, // U+0436
    { 14, 17, 237, 0, 16, 27, 11696 }, // U+0437
    { 20, 16, 317, 0, 16, 32, 11723 }, // U+0438
    { 20, 23, 317, 0, 23, 19, 11755 }, // U+0439
    { 19, 16, 289, 0, 16, 21, 11774 }, // U+043A
    { 18, 17, 292, 0, 16, 25, 11795 }, // U+043B
    { 25, 16, 398, 0, 16, 38, 11820 }, // U+043C
    { 20, 16, 315, 0, 16, 23, 11858 }, // U+043D
    { 16, 17, 283, 1, 16, 20, 11881 }, // U+043E
    { 19, 16, 310, 0, 16, 23, 11901 }, // U+043F
    { 18, 23, 302, 0, 16, 27, 11924 }, // U+0440
    { 14, 17, 244, 1, 16, 17, 11951 }, // U+0441
    { 16, 16, 260, 0, 16, 20, 11968 }, // U+0442
    { 18, 24, 282, 0, 16, 30, 11988 }, // U+0443
    { 22, 30, 378, 1, 23, 48, 12018 }, // U+0444
    { 19, 16, 302, 0, 16, 16, 12066 }, // U+0445
    { 19, 22, 312, 0, 16, 29, 12082 }, // U+0446
    { 19, 16, 308, 0, 16, 27, 12111 }, // U+0447
    { 28, 16, 442, 0, 16, 34, 12138 }, // U+0448
    { 28, 22, 445, 0, 16, 17, 12172 }, // U+0449
    { 19, 16, 309, 0, 16, 27, 12189 }, // U+044A
    { 26, 16, 409, 0, 16, 37, 12216 }, // U+044B
    { 17, 16, 267, 0, 16, 25, 12253 }, // U+044C
    { 15, 17, 245, 0, 16, 27, 12278 }, // U+044D
    { 25, 17, 402, 0, 16, 38, 12305 }, // U+044E
    { 18, 16, 285, 0, 16, 27, 12343 }, // U+044F
    { 15, 24, 263, 1, 23, 13, 12370 }, // U+0450
    { 15, 23, 263, 1, 22, 16, 12383 }, // U+0451
    { 17, 30, 295, 0, 23, 37, 12399 }, // U+0452
    { 15, 23, 235, 0, 23, 12, 12436 }, // U+0453
    { 14, 17, 244, 1, 16, 13, 12448 }, // U+0454
    { 14, 17, 224, 0, 16, 14, 12461 }, // U+0455
    { 10, 23, 164, 0, 23, 9, 12475 }, // U+0456
    { 10, 23, 164, 0, 23, 18, 12484 }, // U+0457
    { 9, 30, 155, -1, 23, 8, 12502 }, // U+0458
    { 24, 17, 390, 0, 16, 34, 12510 }, // U+0459
    { 26, 16, 412, 0, 16, 39, 12544 }, // U+045A
    { 19, 23, 308, 0, 23, 18, 12583 }, // U+045B
    { 19, 23, 292, 0, 23, 27, 12601 }, // U+045C
    { 20, 23, 317, 0, 23, 15, 12628 }, // U+045D
    { 18, 31, 282, 0, 23, 23, 12643 }, // U+045E
    { 19, 22, 310, 0, 16, 18, 12666 }, // U+045F
    { 29, 22, 480, 0, 22, 48, 12684 }, // U+0460
    { 25, 16, 419, 0, 16, 38, 12732 }, // U+0461
    { 21, 21, 334, 0, 21, 38, 12770 }, // U+0462
    { 17, 23, 281, 0, 23, 29, 12808 }, // U+0463
    { 29, 23, 482, 0, 22, 47, 12837 }, // U+0464
    { 24, 18, 400, 0, 17, 39, 12884 }, // U+0465
    { 24, 21, 370, 0, 21, 41, 12923 }, // U+0466
    { 20, 16, 311, 0, 16, 31, 12964 }, // U+0467
    { 35, 21, 546, 0, 21, 56, 12995 }, // U+0468
    { 28, 16, 448, 0, 16, 43, 13051 }, // U+0469
    { 27, 21, 429, 0, 21, 48, 13094 }, // U+046A
    { 24, 16, 372, 0, 16, 38, 13142 }, // U+046B
    { 38, 21, 607, 0, 21, 64, 13180 }, // U+046C
    { 32, 16, 511, 0, 16, 51, 13244 }, // U+046D
    { 16, 32, 288, 1, 25, 55, 13295 }, // U+046E
    { 14, 27, 247, 1, 20, 47, 13350 }, // U+046F
    { 28, 21, 456, 0, 21, 37, 13397 }, // U+0470
    { 20, 30, 330, 0, 23, 36, 13434 }, // U+0471
    { 21, 23, 367, 1, 22, 18, 13470 }, // U+0472
    { 16, 18, 290, 1, 17, 19, 13488 }, // U+0473
    { 22, 21, 347, 0, 21, 31, 13507 }, // U+0474
    { 19, 16, 299, 0, 16, 26, 13538 }, // U+0475
    { 22, 28, 347, 0, 28, 21, 13564 }, // U+0476
    { 19, 23, 299, 0, 23, 20, 13585 }, // U+0477
    { 38, 29, 608, 1, 22, 62, 13605 }, // U+0478
    { 32, 24, 525, 1, 17, 56, 13667 }, // U+0479
    { 22, 25, 386, 1, 23, 39, 13723 }, // U+047A
    { 17, 20, 300, 1, 18, 29, 13762 }, // U+047B
    { 31, 32, 525, 1, 31, 66, 13791 }, // U+047C
    { 26, 28, 450, 1, 27, 60, 13857 }, // U+047D
    { 29, 26, 480, 0, 26, 22, 13917 }, // U+047E
    { 25, 21, 419, 0, 21, 20, 13939 }, // U+047F
    { 18, 29, 312, 1, 22, 18, 13959 }, // U+0480
    { 14, 24, 246, 1, 17, 14, 13977 }, // U+0481
    { 16, 20, 284, 1, 19, 32, 13991 }, // U+0482
    { 12, 6, 0, -6, 22, 7, 14023 }, // U+0483
    { 12, 6, 0, -6, 23, 9, 14030 }, // U+0484
    { 4, 6, 0, -2, 23, 7, 14039 }, // U+0485
    { 4, 6, 0, -2, 23, 7, 14046 }, // U+0486
    { 14, 5, 0, -7, 27, 10, 14053 }, // U+0487
    { 36, 34, 0, -18, 25, 61, 14063 }, // U+0488
    { 36, 36, 0, -18, 26, 53, 14124 }, // U+0489
    { 24, 35, 385, 0, 28, 27, 14177 }, // U+048A
    { 20, 30, 317, 0, 23, 25, 14204 }, // U+048B
    { 18, 23, 298, 0, 23, 30, 14229 }, // U+048C
    { 17, 19, 281, 0, 19, 9, 14259 }, // U+048D
    { 18, 21, 298, 0, 21, 18, 14268 }, // U+048E
    { 18, 23, 301, 0, 16, 19, 14286 }, // U+048F
    { 16, 26, 256, 0, 26, 21, 14305 }, // U+0490
    { 14, 20, 214, 0, 20, 18, 14326 }, // U+0491
    { 17, 21, 276, 0, 21, 27, 14344 }, // U+0492
    { 15, 16, 237, 0, 16, 18, 14371 }, // U+0493
    { 21, 29, 336, 0, 21, 40, 14389 }, // U+0494
    { 18, 23, 287, 0, 16, 36, 14429 }, // U+0495
    { 31, 28, 505, 0, 21, 62, 14465 }, // U+0496
    { 28, 22, 447, 0, 16, 57, 14527 }, // U+0497
    { 17, 29, 288, 0, 22, 37, 14584 }, // U+0498
    { 15, 23, 247, 0, 16, 37, 14621 }, // U+0499
    { 22, 28, 353, 0, 21, 33, 14658 }, // U+049A
    { 19, 23, 309, 0, 16, 32, 14691 }, // U+049B
    { 23, 21, 352, 0, 21, 44, 14723 }, // U+049C
    { 20, 16, 314, 0, 16, 41, 14767 }, // U+049D
    { 21, 21, 336, 0, 21, 38, 14808 }, // U+049E
    { 19, 23, 300, 0, 23, 31, 14846 }, // U+049F
    { 25, 21, 387, 0, 21, 43, 14877 }, // U+04A0
    { 23, 16, 359, 0, 16, 36, 14920 }, // U+04A1
    { 24, 28, 382, 0, 21, 16, 14956 }, // U+04A2
    { 20, 23, 323, 0, 16, 31, 14972 }, // U+04A3
    { 27, 21, 433, 0, 21, 41, 15003 }, // U+04A4
    { 24, 16, 382, 0, 16, 32, 15044 }, // U+04A5
    { 32, 29, 526, 0, 21, 56, 15076 }, // U+04A6
    { 27, 23, 436, 0, 16, 43, 15132 }, // U+04A7
    { 23, 24, 396, 1, 22, 45, 15175 }, // U+04A8
    { 20, 17, 334, 1, 16, 36, 15220 }, // U+04A9
    { 18, 29, 312, 1, 22, 18, 15256 }, // U+04AA
    { 14, 24, 246, 1, 17, 17, 15274 }, // U+04AB
    { 19, 28, 305, 0, 21, 13, 15291 }, // U+04AC
    { 16, 23, 265, 0, 16, 22, 15304 }, // U+04AD
    { 21, 21, 323, 0, 21, 12, 15326 }, // U+04AE
    { 18, 23, 283, 0, 16, 20, 15338 }, // U+04AF
    { 21, 21, 323, 0, 21, 17, 15358 }, // U+04B0
    { 18, 23, 283, 0, 16, 17, 15375 }, // U+04B1
    { 22, 28, 351, 0, 21, 18, 15392 }, // U+04B2
    { 19, 23, 302, 0, 16, 18, 15410 }, // U+04B3
    { 29, 28, 463, 0, 21, 39, 15428 }, // U+04B4
    { 25, 23, 406, 0, 16, 37, 15467 }, // U+04B5
    { 23, 28, 364, 0, 21, 26, 15504 }, // U+04B6
    { 20, 23, 318, 0, 16, 35, 15530 }, // U+04B7
    { 23, 21, 365, 0, 21, 16, 15565 }, // U+04B8
    { 19, 16, 308, 0, 16, 17, 15581 }, // U+04B9
    { 23, 21, 364, 0, 21, 27, 15598 }, // U+04BA
    { 19, 23, 311, 0, 23, 9, 15625 }, // U+04BB
    { 24, 23, 400, 0, 22, 43, 15634 }, // U+04BC
    { 20, 18, 329, 0, 17, 34, 15677 }, // U+04BD
    { 24, 29, 400, 0, 22, 21, 15711 }, // U+04BE
    { 20, 24, 329, 0, 17, 18, 15732 }, // U+04BF
    { 11, 21, 187, 0, 21, 6, 15750 }, // U+04C0
    { 31, 28, 483, 0, 28, 28, 15756 }, // U+04C1
    { 26, 23, 412, 0, 23, 25, 15784 }, // U+04C2
    { 21, 29, 340, 0, 21, 33, 15809 }, // U+04C3
    { 19, 23, 308, 0, 16, 39, 15842 }, // U+04C4
    { 22, 28, 351, 0, 21, 16, 15881 }, // U+04C5
    { 18, 23, 292, 0, 16, 16, 15897 }, // U+04C6
    { 24, 29, 383, 0, 21, 25, 15913 }, // U+04C7
    { 20, 24, 323, 0, 16, 36, 15938 }, // U+04C8
    { 24, 28, 382, 0, 21, 17, 15974 }, // U+04C9
    { 20, 23, 315, 0, 16, 28, 15991 }, // U+04CA
    { 22, 28, 364, 0, 21, 37, 16019 }, // U+04CB
    { 20, 23, 318, 0, 16, 19, 16056 }, // U+04CC
    { 28, 28, 452, 0, 21, 53, 16075 }, // U+04CD
    { 25, 23, 398, 0, 16, 20, 16128 }, // U+04CE
    { 11, 21, 187, 0, 21, 6, 16148 }, // U+04CF
    { 22, 28, 351, 0, 28, 19, 16154 }, // U+04D0
    { 16, 24, 280, 1, 23, 17, 16173 }, // U+04D1
    { 22, 27, 351, 0, 27, 14, 16190 }, // U+04D2
    { 16, 23, 280, 1, 22, 11, 16204 }, // U+04D3
    { 29, 21, 463, 0, 21, 14, 16215 }, // U+04D4
    { 24, 18, 408, 1, 17, 13, 16229 }, // U+04D5
    { 19, 28, 305, 0, 28, 18, 16242 }, // U+04D6
    { 15, 24, 267, 1, 23, 17, 16260 }, // U+04D7
    { 19, 23, 339, 1, 22, 35, 16277 }, // U+04D8
    { 15, 18, 267, 1, 17, 10, 16312 }, // U+04D9
    { 19, 28, 339, 1, 27, 18, 16322 }, // U+04DA
    { 15, 23, 267, 1, 22, 17, 16340 }, // U+04DB
    { 31, 27, 483, 0, 27, 26, 16357 }, // U+04DC
    { 26, 22, 412, 0, 22, 23, 16383 }, // U+04DD
    { 17, 28, 293, 0, 27, 19, 16406 }, // U+04DE
    { 14, 23, 237, 0, 22, 17, 16425 }, // U+04DF
    { 16, 22, 288, 1, 21, 12, 16442 }, // U+04E0
    { 16, 23, 261, 0, 16, 11, 16454 }, // U+04E1
    { 24, 25, 384, 0, 25, 14, 16465 }, // U+04E2
    { 20, 20, 317, 0, 20, 14, 16479 }, // U+04E3
    { 24, 27, 384, 0, 27, 22, 16493 }, // U+04E4
    { 20, 22, 317, 0, 22, 18, 16515 }, // U+04E5
    { 21, 28, 367, 1, 27, 12, 16533 }, // U+04E6
    { 16, 23, 287, 1, 22, 11, 16545 }, // U+04E7
    { 21, 23, 367, 1, 22, 14, 16556 }, // U+04E8
    { 16, 18, 287, 1, 17, 10, 16570 }, // U+04E9
    { 21, 28, 367, 1, 27, 16, 16580 }, // U+04EA
    { 16, 23, 287, 1, 22, 13, 16596 }, // U+04EB
    { 17, 28, 307, 1, 27, 18, 16609 }, // U+04EC
    { 15, 23, 245, 0, 22, 19, 16627 }, // U+04ED
    { 21, 26, 327, 0, 25, 16, 16646 }, // U+04EE
    { 17, 27, 270, 0, 20, 15, 16662 }, // U+04EF
    { 21, 28, 327, 0, 27, 21, 16677 }, // U+04F0
    { 17, 29, 270, 0, 22, 21, 16698 }, // U+04F1
    { 21, 29, 327, 0, 28, 23, 16719 }, // U+04F2
    { 17, 30, 270, 0, 23, 21, 16742 }, // U+04F3
    { 23, 27, 365, 0, 27, 18, 16763 }, // U+04F4
    { 19, 22, 308, 0, 22, 17, 16781 }, // U+04F5
    { 17, 28, 276, 0, 21, 15, 16798 }, // U+04F6
    { 15, 23, 237, 0, 16, 15, 16813 }, // U+04F7
    { 28, 27, 460, 0, 27, 21, 16828 }, // U+04F8
    { 26, 22, 409, 0, 22, 20, 16849 }, // U+04F9
    { 17, 27, 276, 0, 21, 16, 16869 }, // U+04FA
    { 15, 22, 237, 0, 16, 26, 16885 }, // U+04FB
    { 22, 27, 342, 0, 21, 20, 16911 }, // U+04FC
    { 19, 22, 302, 0, 16, 20, 16931 }, // U+04FD
    { 22, 21, 342, 0, 21, 17, 16951 }, // U+04FE
    { 19, 16, 302, 0, 16, 19, 16968 }, // U+04FF
    { 22, 27, 351, 0, 21, 18, 16987 }, // U+1EA0
    { 16, 23, 280, 1, 17, 15, 17005 }, // U+1EA1
    { 22, 29, 351, 0, 29, 19, 17020 }, // U+1EA2
    { 16, 26, 280, 1, 25, 18, 17039 }, // U+1EA3
    { 22, 29, 351, 0, 29, 22, 17057 }, // U+1EA4
    { 16, 25, 280, 1, 24, 18, 17079 }, // U+1EA5
    { 22, 29, 351, 0, 29, 24, 17097 }, // U+1EA6
    { 17, 25, 280, 0, 24, 40, 17121 }, // U+1EA7
    { 22, 30, 351, 0, 30, 24, 17161 }, // U+1EA8
    { 16, 26, 280, 1, 25, 21, 17185 }, // U+1EA9
    { 22, 31, 351, 0, 31, 30, 17206 }, // U+1EAA
    { 16, 28, 280, 1, 27, 23, 17236 }, // U+1EAB
    { 22, 34, 351, 0, 28, 19, 17259 }, // U+1EAC
    { 16, 29, 280, 1, 23, 17, 17278 }, // U+1EAD
    { 22, 30, 351, 0, 30, 20, 17295 }, // U+1EAE
    { 16, 26, 280, 1, 25, 19, 17315 }, // U+1EAF
    { 22, 30, 351, 0, 30, 20, 17334 }, // U+1EB0
    { 16, 26, 280, 1, 25, 19, 17354 }, // U+1EB1
    { 22, 31, 351, 0, 31, 24, 17373 }, // U+1EB2
    { 16, 27, 280, 1, 26, 21, 17397 }, // U+1EB3
    { 22, 31, 351, 0, 31, 25, 17418 }, // U+1EB4
    { 16, 28, 280, 1, 27, 23, 17443 }, // U+1EB5
    { 22, 34, 351, 0, 28, 21, 17466 }, // U+1EB6
    { 16, 29, 280, 1, 23, 17, 17487 }, // U+1EB7
    { 19, 27, 305, 0, 21, 15, 17504 }, // U+1EB8
    { 15, 23, 267, 1, 17, 15, 17519 }, // U+1EB9
    { 19, 29, 305, 0, 29, 31, 17534 }, // U+1EBA
    { 15, 26, 267, 1, 25, 18, 17565 }, // U+1EBB
    { 19, 28, 305, 0, 28, 19, 17583 }, // U+1EBC
    { 15, 24, 267, 1, 23, 17, 17602 }, // U+1EBD
    { 19, 29, 305, 0, 29, 32, 17619 }, // U+1EBE
    { 16, 25, 267, 1, 24, 35, 17651 }, // U+1EBF
    { 19, 29, 305, 0, 29, 34, 17686 }, // U+1EC0
    { 16, 25, 267, 0, 24, 39, 17720 }, // U+1EC1
    { 19, 30, 305, 0, 30, 40, 17759 }, // U+1EC2
    { 15, 26, 267, 1, 25, 21, 17799 }, // U+1EC3
    { 19, 31, 305, 0, 31, 25, 17820 }, // U+1EC4
    { 15, 28, 267, 1, 27, 23, 17845 }, // U+1EC5
    { 19, 34, 305, 0, 28, 23, 17868 }, // U+1EC6
    { 15, 29, 267, 1, 23, 18, 17891 }, // U+1EC7
    { 11, 29, 187, 0, 29, 15, 17909 }, // U+1EC8
    { 10, 25, 164, 0, 25, 16, 17924 }, // U+1EC9
    { 11, 27, 187, 0, 21, 12, 17940 }, // U+1ECA
    { 10, 29, 164, 0, 23, 11, 17952 }, // U+1ECB
    { 21, 28, 367, 1, 22, 17, 17963 }, // U+1ECC
    { 16, 23, 287, 1, 17, 14, 17980 }, // U+1ECD
    { 21, 30, 367, 1, 29, 19, 17994 }, // U+1ECE
    { 16, 26, 287, 1, 25, 17, 18013 }, // U+1ECF
    { 21, 30, 367, 1, 29, 20, 18030 }, // U+1ED0
    { 16, 25, 287, 1, 24, 18, 18050 }, // U+1ED1
    { 21, 30, 367, 1, 29, 22, 18068 }, // U+1ED2
    { 17, 25, 287, 0, 24, 36, 18090 }, // U+1ED3
    { 21, 31, 367, 1, 30, 25, 18126 }, // U+1ED4
    { 16, 26, 287, 1, 25, 20, 18151 }, // U+1ED5
    { 21, 32, 367, 1, 31, 28, 18171 }, // U+1ED6
    { 16, 28, 287, 1, 27, 21, 18199 }, // U+1ED7
    { 21, 34, 367, 1, 28, 20, 18220 }, // U+1ED8
    { 16, 29, 287, 1, 23, 16, 18240 }, // U+1ED9
    { 24, 29, 393, 1, 28, 17, 18256 }, // U+1EDA
    { 19, 24, 313, 1, 23, 15, 18273 }, // U+1EDB
    { 24, 29, 393, 1, 28, 18, 18288 }, // U+1EDC
    { 19, 24, 313, 1, 23, 15, 18306 }, // U+1EDD
    { 24, 30, 393, 1, 29, 22, 18321 }, // U+1EDE
    { 19, 26, 313, 1, 25, 19, 18343 }, // U+1EDF
    { 24, 29, 393, 1, 28, 23, 18362 }, // U+1EE0
    { 19, 24, 313, 1, 23, 21, 18385 }, // U+1EE1
    { 24, 29, 393, 1, 23, 20, 18406 }, // U+1EE2
    { 19, 25, 313, 1, 19, 16, 18426 }, // U+1EE3
    { 22, 27, 349, 0, 21, 17, 18442 }, // U+1EE4
    { 19, 22, 311, 0, 16, 29, 18459 }, // U+1EE5
    { 22, 30, 349, 0, 29, 18, 18488 }, // U+1EE6
    { 19, 26, 311, 0, 25, 20, 18506 }, // U+1EE7
    { 25, 29, 398, 0, 28, 18, 18526 }, // U+1EE8
    { 23, 24, 363, 0, 23, 17, 18544 }, // U+1EE9
    { 25, 29, 398, 0, 28, 20, 18561 }, // U+1EEA
    { 23, 24, 363, 0, 23, 18, 18581 }, // U+1EEB
    { 25, 30, 398, 0, 29, 22, 18599 }, // U+1EEC
    { 23, 26, 363, 0, 25, 21, 18621 }, // U+1EED
    { 25, 29, 398, 0, 28, 25, 18642 }, // U+1EEE
    { 23, 24, 363, 0, 23, 23, 18667 }, // U+1EEF
    { 25, 29, 398, 0, 23, 22, 18690 }, // U+1EF0
    { 23, 25, 363, 0, 19, 18, 18712 }, // U+1EF1
    { 21, 28, 323, 0, 28, 17, 18730 }, // U+1EF2
    { 17, 30, 270, 0, 23, 17, 18747 }, // U+1EF3
    { 21, 27, 323, 0, 21, 18, 18764 }, // U+1EF4
    { 17, 23, 270, 0, 16, 19, 18782 }, // U+1EF5
    { 21, 29, 323, 0, 29, 22, 18801 }, // U+1EF6
    { 17, 32, 270, 0, 25, 22, 18823 }, // U+1EF7
    { 21, 28, 323, 0, 28, 21, 18845 }, // U+1EF8
    { 17, 30, 270, 0, 23, 22, 18866 }, // U+1EF9
    { 0, 0, 233, 0, 0, 0, 18888 }, // U+2000
    { 0, 0, 467, 0, 0, 0, 18888 }, // U+2001
    { 0, 0, 233, 0, 0, 0, 18888 }, // U+2002
    { 0, 0, 467, 0, 0, 0, 18888 }, // U+2003
    { 0, 0, 155, 0, 0, 0, 18888 }, // U+2004
    { 0, 0, 117, 0, 0, 0, 18888 }, // U+2005
    { 0, 0, 78, 0, 0, 0, 18888 }, // U+2006
    { 0, 0, 264, 0, 0, 0, 18888 }, // U+2007
    { 0, 0, 137, 0, 0, 0, 18888 }, // U+2008
    { 0, 0, 77, 0, 0, 0, 18888 }, // U+2009
    { 0, 0, 47, 0, 0, 0, 18888 }, // U+200A
    { 0, 0, 0, 0, 0, 0, 18888 }, // U+200B
    { 2, 23, 0, -1, 19, 8, 18888 }, // U+200C
    { 8, 25, 0, -4, 21, 21, 18896 }, // U+200D
    { 8, 25, 0, -1, 21, 17, 18917 }, // U+200E
    { 8, 25, 0, -7, 21, 16, 18934 }, // U+200F
    { 9, 4, 145, 0, 10, 4, 18950 }, // U+2010
    { 9, 4, 145, 0, 10, 4, 18954 }, // U+2011
    { 15, 3, 264, 1, 12, 6, 18958 }, // U+2012
    { 16, 3, 233, -1, 9, 6, 18964 }, // U+2013
    { 31, 3, 467, -1, 9, 8, 18970 }, // U+2014
    { 31, 3, 467, -1, 9, 10, 18978 }, // U+2015
    { 8, 30, 261, 4, 23, 19, 18988 }, // U+2016
    { 14, 6, 192, -1, 0, 8, 19007 }, // U+2017
    { 6, 10, 131, 1, 21, 10, 19015 }, // U+2018
    { 6, 10, 131, 1, 21, 7, 19025 }, // U+2019
    { 6, 10, 137, 1, 5, 6, 19032 }, // U+201A
    { 6, 10, 131, 1, 21, 9, 19038 }, // U+201B
    { 12, 10, 228, 1, 21, 19, 19047 }, // U+201C
    { 12, 10, 228, 1, 21, 19, 19066 }, // U+201D
    { 12, 10, 228, 1, 5, 18, 19085 }, // U+201E
    { 12, 10, 228, 1, 21, 20, 19103 }, // U+201F
    { 12, 27, 223, 1, 23, 23, 19123 }, // U+2020
    { 12, 27, 223, 1, 23, 35, 19146 }, // U+2021
    { 10, 10, 187, 1, 15, 9, 19181 }, // U+2022
    { 10, 10, 233, 3, 15, 12, 19190 }, // U+2023
    { 6, 5, 137, 1, 13, 5, 19202 }, // U+2024
    { 14, 5, 269, 1, 13, 11, 19207 }, // U+2025
    { 23, 6, 426, 2, 5, 16, 19218 }, // U+2026
    { 6, 6, 137, 1, 12, 5, 19234 }, // U+2027
    { 0, 0, 280, 0, 0, 0, 19239 }, // U+2028
    { 0, 0, 280, 0, 0, 0, 19239 }, // U+2029
    { 8, 22, 0, -1, 18, 7, 19239 }, // U+202A
    { 8, 22, 0, -7, 18, 6, 19246 }, // U+202B
    { 8, 25, 0, -4, 21, 11, 19252 }, // U+202C
    { 8, 25, 0, -4, 21, 11, 19263 }, // U+202D
    { 8, 25, 0, -4, 21, 11, 19274 }, // U+202E
    { 0, 0, 77, 0, 0, 0, 19285 }, // U+202F
    { 38, 23, 611, 0, 22, 66, 19285 }, // U+2030
    { 50, 23, 807, 0, 22, 84, 19351 }, // U+2031
    { 7, 8, 117, 0, 21, 6, 19435 }, // U+2032
    { 14, 8, 229, 0, 21, 12, 19441 }, // U+2033
    { 21, 8, 341, 0, 21, 18, 19453 }, // U+2034
    { 7, 8, 117, 0, 21, 7, 19471 }, // U+2035
    { 14, 8, 229, 0, 21, 14, 19478 }, // U+2036
    { 21, 8, 341, 0, 21, 20, 19492 }, // U+2037
    { 12, 9, 205, 0, 2, 11, 19512 }, // U+2038
    { 8, 12, 165, 1, 14, 10, 19523 }, // U+2039
    { 8, 12, 165, 1, 14, 10, 19533 }, // U+203A
    { 22, 21, 382, 1, 21, 58, 19543 }, // U+203B
    { 13, 22, 294, 3, 21, 29, 19601 }, // U+203C
    { 16, 23, 288, 1, 22, 31, 19630 }, // U+203D
    { 15, 2, 214, -1, 24, 4, 19661 }, // U+203E
    { 22, 7, 0, -11, 0, 7, 19665 }, // U+203F
    { 24, 7, 0, -12, 25, 8, 19672 }, // U+2040
    { 14, 21, 210, 0, 21, 22, 19680 }, // U+2041
    { 28, 23, 467, 1, 23, 91, 19702 }, // U+2042
    { 9, 5, 169, 1, 13, 5, 19793 }, // U+2043
    { 14, 21, 29, -6, 21, 16, 19798 }, // U+2044
    { 10, 27, 194, 2, 23, 9, 19814 }, // U+2045
    { 9, 27, 194, 1, 23, 9, 19823 }, // U+2046
    { 29, 23, 498, 1, 22, 45, 19832 }, // U+2047
    { 21, 23, 394, 1, 22, 37, 19877 }, // U+2048
    { 21, 23, 396, 3, 22, 38, 19914 }, // U+2049
    { 15, 23, 285, 1, 17, 18, 19952 }, // U+204A
    { 17, 27, 293, 1, 23, 26, 19970 }, // U+204B
    { 16, 11, 288, 1, 16, 17, 19996 }, // U+204C
    { 16, 11, 288, 1, 16, 16, 20013 }, // U+204D
    { 13, 13, 234, 1, 17, 12, 20029 }, // U+204E
    { 6, 21, 142, 2, 16, 16, 20041 }, // U+204F
    { 21, 23, 359, 1, 22, 27, 20057 }, // U+2050
    { 13, 25, 234, 1, 23, 43, 20084 }, // U+2051
    { 12, 22, 188, 0, 21, 24, 20127 }, // U+2052
    { 15, 7, 261, 1, 14, 7, 20151 }, // U+2053
    { 22, 6, 0, -11, 0, 17, 20158 }, // U+2054
    { 14, 14, 252, 1, 17, 33, 20175 }, // U+2055
    { 15, 17, 294, 2, 16, 16, 20208 }, // U+2056
    { 28, 8, 453, 0, 21, 24, 20224 }, // U+2057
    { 19, 17, 357, 2, 16, 21, 20248 }, // U+2058
    { 19, 17, 357, 2, 16, 28, 20269 }, // U+2059
    { 5, 23, 142, 2, 22, 11, 20297 }, // U+205A
    { 19, 23, 357, 2, 22, 23, 20308 }, // U+205B
    { 16, 16, 325, 2, 16, 30, 20331 }, // U+205C
    { 5, 23, 142, 2, 22, 12, 20361 }, // U+205D
    { 5, 23, 142, 2, 22, 19, 20373 }, // U+205E
    { 0, 0, 104, 0, 0, 0, 20392 }, // U+205F
    { 0, 0, 280, 0, 0, 0, 20392 }, // U+2060
    { 0, 0, 280, 0, 0, 0, 20392 }, // U+2061
    { 0, 0, 280, 0, 0, 0, 20392 }, // U+2062
    { 0, 0, 280, 0, 0, 0, 20392 }, // U+2063
    { 0, 0, 280, 0, 0, 0, 20392 }, // U+2064
    { 0, 0, 0, 0, 0, 0, 20392 }, // U+2066
    { 0, 0, 0, 0, 0, 0, 20392 }, // U+2067
    { 0, 0, 0, 0, 0, 0, 20392 }, // U+2068
    { 0, 0, 0, 0, 0, 0, 20392 }, // U+2069
    { 8, 25, 0, -4, 21, 18, 20392 }, // U+206A
    { 8, 25, 0, -4, 21, 11, 20410 }, // U+206B
    { 8, 25, 0, -4, 21, 9, 20421 }, // U+206C
    { 8, 25, 0, -4, 21, 10, 20430 }, // U+206D
    { 8, 25, 0, -4, 21, 16, 20440 }, // U+206E
    { 8, 25, 0, -4, 21, 15, 20456 }, // U+206F
    { 11, 14, 187, 0, 25, 17, 20471 }, // U+2070
    { 7, 14, 107, 0, 22, 12, 20488 }, // U+2071
    { 12, 13, 187, 0, 24, 22, 20500 }, // U+2074
    { 11, 13, 187, 0, 24, 20, 20522 }, // U+2075
    { 10, 14, 187, 1, 25, 21, 20542 }, // U+2076
    { 10, 13, 187, 1, 24, 14, 20563 }, // U+2077
    { 12, 14, 187, 0, 25, 24, 20577 }, // U+2078
    { 10, 14, 187, 1, 25, 21, 20601 }, // U+2079
    { 11, 11, 187, 0, 22, 10, 20622 }, // U+207A
    { 11, 2, 187, 0, 18, 4, 20632 }, // U+207B
    { 11, 8, 187, 0, 21, 8, 20636 }, // U+207C
    { 8, 18, 117, 1, 26, 13, 20644 }, // U+207D
    { 7, 18, 117, -1, 26, 13, 20657 }, // U+207E
    { 13, 10, 203, 0, 18, 15, 20670 }, // U+207F
    { 11, 14, 187, 0, 11, 7, 20685 }, // U+2080
    { 10, 13, 187, 1, 10, 6, 20692 }, // U+2081
    { 10, 14, 187, 1, 11, 8, 20698 }, // U+2082
    { 11, 14, 187, 0, 11, 8, 20706 }, // U+2083
    { 12, 13, 187, 0, 10, 8, 20714 }, // U+2084
    { 11, 13, 187, 0, 10, 8, 20722 }, // U+2085
    { 10, 14, 187, 1, 11, 10, 20730 }, // U+2086
    { 10, 13, 187, 1, 10, 7, 20740 }, // U+2087
    { 12, 14, 187, 0, 11, 9, 20747 }, // U+2088
    { 10, 14, 187, 1, 11, 8, 20756 }, // U+2089
    { 11, 11, 187, 0, 8, 6, 20764 }, // U+208A
    { 11, 2, 187, 0, 4, 4, 20770 }, // U+208B
    { 11, 8, 187, 0, 7, 8, 20774 }, // U+208C
    { 8, 18, 117, 1, 12, 7, 20782 }, // U+208D
    { 7, 18, 117, -1, 12, 6, 20789 }, // U+208E
    { 11, 10, 182, 0, 7, 20, 20795 }, // U+2090
    { 11, 10, 174, 0, 7, 15, 20815 }, // U+2091
    { 11, 10, 186, 0, 7, 14, 20830 }, // U+2092
    { 13, 10, 196, 0, 7, 21, 20844 }, // U+2093
    { 10, 10, 174, 0, 7, 16, 20865 }, // U+2094
    { 13, 14, 203, 0, 11, 18, 20881 }, // U+2095
    { 13, 14, 193, 0, 11, 19, 20899 }, // U+2096
    { 7, 14, 107, 0, 11, 9, 20918 }, // U+2097
    { 19, 10, 299, 0, 7, 23, 20927 }, // U+2098
    { 13, 10, 203, 0, 7, 10, 20950 }, // U+2099
    { 12, 14, 196, 0, 7, 21, 20960 }, // U+209A
    { 9, 10, 146, 0, 7, 19, 20981 }, // U+209B
    { 8, 12, 123, 0, 9, 13, 21000 }, // U+209C
    { 21, 22, 359, 1, 22, 42, 21013 }, // U+20A0
    { 18, 25, 312, 1, 23, 48, 21055 }, // U+20A1
    { 18, 23, 312, 1, 22, 31, 21103 }, // U+20A2
    { 16, 21, 264, 0, 21, 19, 21134 }, // U+20A3
    { 16, 23, 264, 0, 22, 28, 21153 }, // U+20A4
    { 29, 24, 460, 0, 20, 21, 21181 }, // U+20A5
    { 23, 21, 368, 0, 21, 35, 21202 }, // U+20A6
    { 26, 22, 420, 0, 21, 45, 21237 }, // U+20A7
    { 33, 22, 538, 0, 21, 67, 21282 }, // U+20A8
    { 33, 21, 498, -1, 21, 60, 21349 }, // U+20A9
    { 22, 18, 416, 2, 18, 29, 21409 }, // U+20AA
    { 18, 28, 303, 1, 23, 17, 21438 }, // U+20AB
    { 16, 23, 261, 0, 22, 34, 21455 }, // U+20AC
    { 22, 21, 343, 0, 21, 19, 21489 }, // U+20AD
    { 19, 21, 305, 0, 21, 23, 21508 }, // U+20AE
    { 32, 30, 517, 0, 24, 65, 21531 }, // U+20AF
    { 17, 29, 297, 0, 22, 42, 21596 }, // U+20B0
    { 19, 21, 298, 0, 21, 39, 21638 }, // U+20B1
    { 21, 26, 359, 1, 23, 18, 21677 }, // U+20B2
    { 22, 21, 351, 0, 21, 45, 21695 }, // U+20B3
    { 18, 23, 270, -1, 22, 43, 21740 }, // U+20B4
    { 18, 26, 312, 1, 23, 22, 21783 }, // U+20B5
    { 17, 22, 277, 0, 21, 30, 21805 }, // U+20B6
    { 16, 25, 264, 0, 22, 48, 21835 }, // U+20B7
    { 16, 21, 264, 0, 21, 24, 21883 }, // U+20B8
    { 15, 21, 261, 1, 21, 30, 21907 }, // U+20B9
    { 16, 21, 264, 0, 21, 33, 21937 }, // U+20BA
    { 18, 23, 305, 0, 22, 43, 21970 }, // U+20BB
    { 19, 20, 367, 2, 20, 32, 22013 }, // U+20BC
    { 17, 21, 275, 0, 21, 34, 22045 }, // U+20BD
    { 19, 23, 327, 1, 23, 36, 22079 }, // U+20BE
    { 15, 26, 264, 1, 23, 36, 22115 }, // U+20BF
    { 14, 22, 246, 1, 16, 13, 22151 }, // U+20C0
    { 14, 3, 267, 1, 12, 6, 22164 }, // U+2212
    { 25, 23, 356, 0, 23, 49, 22170 }, // U+FB00
    { 21, 23, 336, 0, 23, 39, 22219 }, // U+FB01
    { 21, 23, 336, 0, 23, 19, 22258 }, // U+FB02
    { 31, 23, 501, 0, 23, 58, 22277 }, // U+FB03
    { 31, 23, 501, 0, 23, 29, 22335 }, // U+FB04
    { 22, 24, 351, 0, 23, 37, 22364 }, // U+FB05
    { 25, 24, 406, 0, 23, 57, 22401 }, // U+FB06
    { 27, 28, 467, 1, 23, 50, 22458 }, // U+FFFD
};

static const EpdUnicodeInterval notoserif_14_boldIntervals[] = {
    { 0x0, 0x0, 0x0 },
    { 0xD, 0xD, 0x1 },
    { 0x20, 0x7E, 0x2 },
    { 0xA0, 0x17F, 0x61 },
    { 0x1A0, 0x1A1, 0x141 },
    { 0x1AF, 0x1B0, 0x143 },
    { 0x1C4, 0x21F, 0x145 },
    { 0x300, 0x36F, 0x1A1 },
    { 0x400, 0x4FF, 0x211 },
    { 0x1EA0, 0x1EF9, 0x311 },
    { 0x2000, 0x2064, 0x36B },
    { 0x2066, 0x2071, 0x3D0 },
    { 0x2074, 0x208E, 0x3DC },
    { 0x2090, 0x209C, 0x3F7 },
    { 0x20A0, 0x20C0, 0x404 },
    { 0x2212, 0x2212, 0x425 },
    { 0xFB00, 0xFB06, 0x426 },
    { 0xFFFD, 0xFFFD, 0x42D },
};

static const EpdKernClassEntry notoserif_14_boldKernLeftClasses[] = {
    { 0x0022, 1 }, // "
    { 0x0026, 2 }, // &
    { 0x0027, 1 }, // '
    { 0x002A, 3 }, // *
    { 0x002C, 4 }, // ,
    { 0x002E, 4 }, // .
    { 0x0040, 5 }, // @
    { 0x0041, 6 }, // A
    { 0x0042, 7 }, // B
    { 0x0044, 8 }, // D
    { 0x0045, 9 }, // E
    { 0x0046, 10 }, // F
    { 0x0047, 11 }, // G
    { 0x004B, 12 }, // K
    { 0x004C, 13 }, // L
    { 0x004E, 14 }, // N
    { 0x004F, 8 }, // O
    { 0x0050, 3 }, // P
    { 0x0051, 8 }, // Q
    { 0x0052, 15 }, // R
    { 0x0053, 16 }, // S
    { 0x0054, 17 }, // T
    { 0x0055, 18 }, // U
    { 0x0056, 19 }, // V
    { 0x0057, 20 }, // W
    { 0x0058, 21 }, // X
    { 0x0059, 22 }, // Y
    { 0x0061, 23 }, // a
    { 0x0062, 24 }, // b
    { 0x0065, 25 }, // e
    { 0x0066, 26 }, // f
    { 0x0067, 27 }, // g
    { 0x0068, 23 }, // h
    { 0x006B, 28 }, // k
    { 0x006D, 23 }, // m
    { 0x006E, 23 }, // n
    { 0x006F, 24 }, // o
    { 0x0070, 24 }, // p
    { 0x0072, 29 }, // r
    { 0x0073, 30 }, // s
    { 0x0076, 31 }, // v
    { 0x0077, 32 }, // w
    { 0x0079, 33 }, // y
    { 0x00A1, 34 }, // U+00A1
    { 0x00BF, 35 }, // U+00BF
    { 0x00C0, 36 }, // U+00C0
    { 0x00C1, 36 }, // U+00C1
    { 0x00C2, 36 }, // U+00C2
    { 0x00C3, 36 }, // U+00C3
    { 0x00C4, 36 }, // U+00C4
    { 0x00C5, 36 }, // U+00C5
    { 0x00C6, 9 }, // U+00C6
    { 0x00C8, 9 }, // U+00C8
    { 0x00C9, 9 }, // U+00C9
    { 0x00CA, 9 }, // U+00CA
    { 0x00CB, 9 }, // U+00CB
    { 0x00D0, 8 }, // U+00D0
    { 0x00D1, 14 }, // U+00D1
    { 0x00D2, 8 }, // U+00D2
    { 0x00D3, 8 }, // U+00D3
    { 0x00D4, 8 }, // U+00D4
    { 0x00D5, 8 }, // U+00D5
    { 0x00D6, 8 }, // U+00D6
    { 0x00D8, 8 }, // U+00D8
    { 0x00D9, 18 }, // U+00D9
    { 0x00DA, 18 }, // U+00DA
    { 0x00DB, 18 }, // U+00DB
    { 0x00DC, 18 }, // U+00DC
    { 0x00DD, 22 }, // U+00DD
    { 0x00DE, 8 }, // U+00DE
    { 0x00DF, 24 }, // U+00DF
    { 0x00E0, 23 }, // U+00E0
    { 0x00E1, 23 }, // U+00E1
    { 0x00E2, 23 }, // U+00E2
    { 0x00E3, 23 }, // U+00E3
    { 0x00E4, 23 }, // U+00E4
    { 0x00E5, 23 }, // U+00E5
    { 0x00E6, 25 }, // U+00E6
    { 0x00E8, 25 }, // U+00E8
    { 0x00E9, 25 }, // U+00E9
    { 0x00EA, 25 }, // U+00EA
    { 0x00EB, 25 }, // U+00EB
    { 0x00F0, 24 }, // U+00F0
    { 0x00F1, 23 }, // U+00F1
    { 0x00F2, 24 }, // U+00F2
    { 0x00F3, 24 }, // U+00F3
    { 0x00F4, 24 }, // U+00F4
    { 0x00F5, 24 }, // U+00F5
    { 0x00F6, 24 }, // U+00F6
    { 0x00F8, 24 }, // U+00F8
    { 0x00FD, 33 }, // U+00FD
    { 0x00FE, 24 }, // U+00FE
    { 0x00FF, 33 }, // U+00FF
    { 0x0100, 6 }, // U+0100
    { 0x0102, 36 }, // U+0102
    { 0x0104, 36 }, // U+0104
    { 0x010E, 8 }, // U+010E
    { 0x010F, 37 }, // U+010F
    { 0x0110, 8 }, // U+0110
    { 0x0112, 9 }, // U+0112
    { 0x0113, 25 }, // U+0113
    { 0x0114, 9 }, // U+0114
    { 0x0115, 25 }, // U+0115
    { 0x0116, 9 }, // U+0116
    { 0x0117, 25 }, // U+0117
    { 0x0118, 9 }, // U+0118
    { 0x0119, 25 }, // U+0119
    { 0x011A, 9 }, // U+011A
    { 0x011B, 25 }, // U+011B
    { 0x011C, 11 }, // U+011C
    { 0x011E, 11 }, // U+011E
    { 0x0120, 11 }, // U+0120
    { 0x0122, 11 }, // U+0122
    { 0x0125, 23 }, // U+0125
    { 0x0127, 23 }, // U+0127
    { 0x0129, 38 }, // U+0129
    { 0x0136, 12 }, // U+0136
    { 0x0137, 28 }, // U+0137
    { 0x0138, 28 }, // U+0138
    { 0x0139, 13 }, // U+0139
    { 0x013B, 13 }, // U+013B
    { 0x013E, 37 }, // U+013E
    { 0x0141, 13 }, // U+0141
    { 0x0143, 14 }, // U+0143
    { 0x0144, 23 }, // U+0144
    { 0x0145, 14 }, // U+0145
    { 0x0146, 23 }, // U+0146
    { 0x0147, 14 }, // U+0147
    { 0x0148, 23 }, // U+0148
    { 0x0149, 23 }, // U+0149
    { 0x014B, 23 }, // U+014B
    { 0x014C, 8 }, // U+014C
    { 0x014D, 24 }, // U+014D
    { 0x014E, 8 }, // U+014E
    { 0x014F, 24 }, // U+014F
    { 0x0150, 8 }, // U+0150
    { 0x0151, 24 }, // U+0151
    { 0x0152, 9 }, // U+0152
    { 0x0153, 25 }, // U+0153
    { 0x0154, 15 }, // U+0154
    { 0x0155, 29 }, // U+0155
    { 0x0156, 15 }, // U+0156
    { 0x0157, 29 }, // U+0157
    { 0x0158, 15 }, // U+0158
    { 0x0159, 29 }, // U+0159
    { 0x015A, 16 }, // U+015A
    { 0x015B, 30 }, // U+015B
    { 0x015C, 16 }, // U+015C
    { 0x015D, 30 }, // U+015D
    { 0x015E, 16 }, // U+015E
    { 0x015F, 30 }, // U+015F
    { 0x0160, 16 }, // U+0160
    { 0x0161, 30 }, // U+0161
    { 0x0162, 17 }, // U+0162
    { 0x0164, 17 }, // U+0164
    { 0x0165, 39 }, // U+0165
    { 0x0166, 17 }, // U+0166
    { 0x0168, 18 }, // U+0168
    { 0x016A, 18 }, // U+016A
    { 0x016C, 18 }, // U+016C
    { 0x016E, 18 }, // U+016E
    { 0x0170, 18 }, // U+0170
    { 0x0172, 18 }, // U+0172
    { 0x0174, 20 }, // U+0174
    { 0x0175, 32 }, // U+0175
    { 0x0176, 22 }, // U+0176
    { 0x0177, 33 }, // U+0177
    { 0x0178, 22 }, // U+0178
    { 0x01A0, 40 }, // U+01A0
    { 0x01A1, 41 }, // U+01A1
    { 0x01AF, 42 }, // U+01AF
    { 0x01B0, 43 }, // U+01B0
    { 0x01FA, 6 }, // U+01FA
    { 0x01FC, 9 }, // U+01FC
    { 0x01FD, 25 }, // U+01FD
    { 0x01FE, 8 }, // U+01FE
    { 0x01FF, 24 }, // U+01FF
    { 0x0218, 16 }, // U+0218
    { 0x0219, 30 }, // U+0219
    { 0x021A, 17 }, // U+021A
    { 0x0402, 44 }, // U+0402
    { 0x0409, 45 }, // U+0409
    { 0x040A, 45 }, // U+040A
    { 0x040E, 46 }, // U+040E
    { 0x0423, 46 }, // U+0423
    { 0x042A, 45 }, // U+042A
    { 0x042C, 45 }, // U+042C
    { 0x0431, 47 }, // U+0431
    { 0x043E, 48 }, // U+043E
    { 0x0440, 48 }, // U+0440
    { 0x0444, 49 }, // U+0444
    { 0x044D, 49 }, // U+044D
    { 0x044E, 49 }, // U+044E
    { 0x0457, 50 }, // U+0457
    { 0x0460, 51 }, // U+0460
    { 0x0462, 52 }, // U+0462
    { 0x0465, 53 }, // U+0465
    { 0x0466, 54 }, // U+0466
    { 0x0468, 54 }, // U+0468
    { 0x046A, 55 }, // U+046A
    { 0x046C, 55 }, // U+046C
    { 0x046E, 56 }, // U+046E
    { 0x046F, 24 }, // U+046F
    { 0x0472, 51 }, // U+0472
    { 0x0473, 48 }, // U+0473
    { 0x0474, 57 }, // U+0474
    { 0x0476, 57 }, // U+0476
    { 0x0478, 33 }, // U+0478
    { 0x0479, 58 }, // U+0479
    { 0x047A, 51 }, // U+047A
    { 0x047B, 48 }, // U+047B
    { 0x047C, 51 }, // U+047C
    { 0x047D, 24 }, // U+047D
    { 0x047E, 51 }, // U+047E
    { 0x0481, 53 }, // U+0481
    { 0x048C, 52 }, // U+048C
    { 0x048D, 24 }, // U+048D
    { 0x048E, 59 }, // U+048E
    { 0x048F, 48 }, // U+048F
    { 0x0490, 60 }, // U+0490
    { 0x0491, 61 }, // U+0491
    { 0x0493, 61 }, // U+0493
    { 0x0494, 62 }, // U+0494
    { 0x0496, 55 }, // U+0496
    { 0x0497, 63 }, // U+0497
    { 0x0498, 56 }, // U+0498
    { 0x0499, 48 }, // U+0499
    { 0x049A, 55 }, // U+049A
    { 0x049B, 63 }, // U+049B
    { 0x049C, 55 }, // U+049C
    { 0x049D, 63 }, // U+049D
    { 0x049E, 55 }, // U+049E
    { 0x049F, 63 }, // U+049F
    { 0x04A0, 55 }, // U+04A0
    { 0x04A1, 63 }, // U+04A1
    { 0x04A3, 64 }, // U+04A3
    { 0x04A4, 60 }, // U+04A4
    { 0x04A5, 61 }, // U+04A5
    { 0x04A6, 62 }, // U+04A6
    { 0x04A8, 51 }, // U+04A8
    { 0x04AB, 53 }, // U+04AB
    { 0x04AC, 60 }, // U+04AC
    { 0x04AD, 61 }, // U+04AD
    { 0x04B2, 65 }, // U+04B2
    { 0x04B3, 63 }, // U+04B3
    { 0x04B5, 64 }, // U+04B5
    { 0x04B7, 64 }, // U+04B7
    { 0x04BA, 62 }, // U+04BA
    { 0x04BC, 51 }, // U+04BC
    { 0x04BD, 48 }, // U+04BD
    { 0x04BE, 51 }, // U+04BE
    { 0x04BF, 48 }, // U+04BF
    { 0x04C3, 62 }, // U+04C3
    { 0x04C6, 64 }, // U+04C6
    { 0x04D0, 54 }, // U+04D0
    { 0x04D1, 23 }, // U+04D1
    { 0x04D2, 54 }, // U+04D2
    { 0x04D3, 23 }, // U+04D3
    { 0x04D4, 66 }, // U+04D4
    { 0x04D5, 48 }, // U+04D5
    { 0x04D6, 66 }, // U+04D6
    { 0x04D7, 48 }, // U+04D7
    { 0x04D8, 51 }, // U+04D8
    { 0x04D9, 48 }, // U+04D9
    { 0x04DA, 51 }, // U+04DA
    { 0x04DB, 48 }, // U+04DB
    { 0x04E0, 56 }, // U+04E0
    { 0x04E6, 51 }, // U+04E6
    { 0x04E7, 48 }, // U+04E7
    { 0x04E8, 51 }, // U+04E8
    { 0x04E9, 48 }, // U+04E9
    { 0x04EA, 51 }, // U+04EA
    { 0x04EB, 48 }, // U+04EB
    { 0x04ED, 48 }, // U+04ED
    { 0x04EE, 46 }, // U+04EE
    { 0x04EF, 58 }, // U+04EF
    { 0x04F0, 46 }, // U+04F0
    { 0x04F1, 58 }, // U+04F1
    { 0x04F2, 46 }, // U+04F2
    { 0x04F3, 58 }, // U+04F3
    { 0x04F6, 60 }, // U+04F6
    { 0x04F7, 61 }, // U+04F7
    { 0x04FB, 61 }, // U+04FB
    { 0x04FC, 65 }, // U+04FC
    { 0x04FD, 63 }, // U+04FD
    { 0x04FE, 65 }, // U+04FE
    { 0x04FF, 63 }, // U+04FF
    { 0x1EA0, 36 }, // U+1EA0
    { 0x1EA1, 23 }, // U+1EA1
    { 0x1EA2, 36 }, // U+1EA2
    { 0x1EA3, 23 }, // U+1EA3
    { 0x1EA4, 36 }, // U+1EA4
    { 0x1EA5, 23 }, // U+1EA5
    { 0x1EA6, 36 }, // U+1EA6
    { 0x1EA7, 23 }, // U+1EA7
    { 0x1EA8, 36 }, // U+1EA8
    { 0x1EA9, 23 }, // U+1EA9
    { 0x1EAA, 36 }, // U+1EAA
    { 0x1EAB, 23 }, // U+1EAB
    { 0x1EAC, 36 }, // U+1EAC
    { 0x1EAD, 23 }, // U+1EAD
    { 0x1EAE, 36 }, // U+1EAE
    { 0x1EAF, 23 }, // U+1EAF
    { 0x1EB0, 36 }, // U+1EB0
    { 0x1EB1, 23 }, // U+1EB1
    { 0x1EB2, 36 }, // U+1EB2
    { 0x1EB3, 23 }, // U+1EB3
    { 0x1EB4, 36 }, // U+1EB4
    { 0x1EB5, 23 }, // U+1EB5
    { 0x1EB6, 36 }, // U+1EB6
    { 0x1EB7, 23 }, // U+1EB7
    { 0x1EB8, 9 }, // U+1EB8
    { 0x1EB9, 25 }, // U+1EB9
    { 0x1EBA, 9 }, // U+1EBA
    { 0x1EBB, 25 }, // U+1EBB
    { 0x1EBC, 9 }, // U+1EBC
    { 0x1EBD, 25 }, // U+1EBD
    { 0x1EBE, 9 }, // U+1EBE
    { 0x1EBF, 25 }, // U+1EBF
    { 0x1EC0, 9 }, // U+1EC0
    { 0x1EC1, 25 }, // U+1EC1
    { 0x1EC2, 9 }, // U+1EC2
    { 0x1EC3, 25 }, // U+1EC3
    { 0x1EC4, 9 }, // U+1EC4
    { 0x1EC5, 25 }, // U+1EC5
    { 0x1EC6, 9 }, // U+1EC6
    { 0x1EC7, 25 }, // U+1EC7
    { 0x1ECC, 8 }, // U+1ECC
    { 0x1ECD, 24 }, // U+1ECD
    { 0x1ECE, 8 }, // U+1ECE
    { 0x1ECF, 24 }, // U+1ECF
    { 0x1ED0, 8 }, // U+1ED0
    { 0x1ED1, 24 }, // U+1ED1
    { 0x1ED2, 8 }, // U+1ED2
    { 0x1ED3, 24 }, // U+1ED3
    { 0x1ED4, 8 }, // U+1ED4
    { 0x1ED5, 24 }, // U+1ED5
    { 0x1ED6, 8 }, // U+1ED6
    { 0x1ED7, 24 }, // U+1ED7
    { 0x1ED8, 8 }, // U+1ED8
    { 0x1ED9, 24 }, // U+1ED9
    { 0x1EDA, 40 }, // U+1EDA
    { 0x1EDB, 41 }, // U+1EDB
    { 0x1EDC, 40 }, // U+1EDC
    { 0x1EDD, 41 }, // U+1EDD
    { 0x1EDE, 40 }, // U+1EDE
    { 0x1EDF, 41 }, // U+1EDF
    { 0x1EE0, 40 }, // U+1EE0
    { 0x1EE1, 41 }, // U+1EE1
    { 0x1EE2, 40 }, // U+1EE2
    { 0x1EE3, 41 }, // U+1EE3
    { 0x1EE4, 18 }, // U+1EE4
    { 0x1EE6, 18 }, // U+1EE6
    { 0x1EE8, 42 }, // U+1EE8
    { 0x1EE9, 43 }, // U+1EE9
    { 0x1EEA, 42 }, // U+1EEA
    { 0x1EEB, 43 }, // U+1EEB
    { 0x1EEC, 42 }, // U+1EEC
    { 0x1EED, 43 }, // U+1EED
    { 0x1EEE, 42 }, // U+1EEE
    { 0x1EEF, 43 }, // U+1EEF
    { 0x1EF0, 42 }, // U+1EF0
    { 0x1EF1, 43 }, // U+1EF1
    { 0x1EF2, 22 }, // U+1EF2
    { 0x1EF3, 33 }, // U+1EF3
    { 0x1EF4, 22 }, // U+1EF4
    { 0x1EF5, 33 }, // U+1EF5
    { 0x1EF6, 22 }, // U+1EF6
    { 0x1EF7, 33 }, // U+1EF7
    { 0x1EF8, 22 }, // U+1EF8
    { 0x1EF9, 33 }, // U+1EF9
    { 0x2018, 67 }, // U+2018
    { 0x2019, 68 }, // U+2019
    { 0x201A, 4 }, // U+201A
    { 0x201C, 67 }, // U+201C
    { 0x201D, 68 }, // U+201D
    { 0x201E, 4 }, // U+201E
    { 0x2026, 4 }, // U+2026
    { 0x207D, 69 }, // U+207D
    { 0x208D, 70 }, // U+208D
    { 0xFB00, 26 }, // U+FB00
};

static const EpdKernClassEntry notoserif_14_boldKernRightClasses[] = {
    { 0x0021, 1 }, // !
    { 0x0022, 2 }, // "
    { 0x0026, 3 }, // &
    { 0x0027, 2 }, // '
    { 0x0029, 4 }, // )
    { 0x002A, 5 }, // *
    { 0x002C, 6 }, // ,
    { 0x002E, 7 }, // .
    { 0x003A, 8 }, // :
    { 0x003B, 8 }, // ;
    { 0x003F, 9 }, // ?
    { 0x0040, 10 }, // @
    { 0x0041, 11 }, // A
    { 0x0042, 12 }, // B
    { 0x0043, 13 }, // C
    { 0x0044, 12 }, // D
    { 0x0045, 12 }, // E
    { 0x0046, 12 }, // F
    { 0x0047, 13 }, // G
    { 0x0048, 12 }, // H
    { 0x0049, 12 }, // I
    { 0x004A, 14 }, // J
    { 0x004B, 12 }, // K
    { 0x004C, 12 }, // L
    { 0x004D, 12 }, // M
    { 0x004E, 12 }, // N
    { 0x004F, 13 }, // O
    { 0x0050, 12 }, // P
    { 0x0051, 13 }, // Q
    { 0x0052, 12 }, // R
    { 0x0053, 15 }, // S
    { 0x0054, 16 }, // T
    { 0x0055, 17 }, // U
    { 0x0056, 18 }, // V
    { 0x0057, 19 }, // W
    { 0x0058, 20 }, // X
    { 0x0059, 21 }, // Y
    { 0x005A, 22 }, // Z
    { 0x005D, 4 }, // ]
    { 0x0061, 23 }, // a
    { 0x0062, 24 }, // b
    { 0x0063, 25 }, // c
    { 0x0064, 25 }, // d
    { 0x0065, 25 }, // e
    { 0x0067, 26 }, // g
    { 0x0068, 24 }, // h
    { 0x0069, 27 }, // i
    { 0x006B, 24 }, // k
    { 0x006C, 24 }, // l
    { 0x006D, 27 }, // m
    { 0x006E, 27 }, // n
    { 0x006F, 25 }, // o
    { 0x0070, 27 }, // p
    { 0x0071, 25 }, // q
    { 0x0072, 27 }, // r
    { 0x0073, 28 }, // s
    { 0x0074, 29 }, // t
    { 0x0075, 30 }, // u
    { 0x0076, 31 }, // v
    { 0x0077, 32 }, // w
    { 0x0078, 33 }, // x
    { 0x0079, 34 }, // y
    { 0x007A, 35 }, // z
    { 0x007D, 4 }, // }
    { 0x00AB, 36 }, // U+00AB
    { 0x00B7, 37 }, // U+00B7
    { 0x00BB, 36 }, // U+00BB
    { 0x00C0, 11 }, // U+00C0
    { 0x00C1, 11 }, // U+00C1
    { 0x00C2, 11 }, // U+00C2
    { 0x00C3, 11 }, // U+00C3
    { 0x00C4, 11 }, // U+00C4
    { 0x00C5, 11 }, // U+00C5
    { 0x00C6, 38 }, // U+00C6
    { 0x00C7, 13 }, // U+00C7
    { 0x00C8, 12 }, // U+00C8
    { 0x00C9, 12 }, // U+00C9
    { 0x00CA, 12 }, // U+00CA
    { 0x00CB, 12 }, // U+00CB
    { 0x00CC, 12 }, // U+00CC
    { 0x00CD, 12 }, // U+00CD
    { 0x00CE, 12 }, // U+00CE
    { 0x00CF, 12 }, // U+00CF
    { 0x00D0, 12 }, // U+00D0
    { 0x00D1, 12 }, // U+00D1
    { 0x00D2, 13 }, // U+00D2
    { 0x00D3, 13 }, // U+00D3
    { 0x00D4, 13 }, // U+00D4
    { 0x00D5, 13 }, // U+00D5
    { 0x00D6, 13 }, // U+00D6
    { 0x00D8, 13 }, // U+00D8
    { 0x00D9, 17 }, // U+00D9
    { 0x00DA, 17 }, // U+00DA
    { 0x00DB, 17 }, // U+00DB
    { 0x00DC, 17 }, // U+00DC
    { 0x00DD, 21 }, // U+00DD
    { 0x00DE, 12 }, // U+00DE
    { 0x00E0, 23 }, // U+00E0
    { 0x00E1, 23 }, // U+00E1
    { 0x00E2, 23 }, // U+00E2
    { 0x00E3, 23 }, // U+00E3
    { 0x00E4, 23 }, // U+00E4
    { 0x00E5, 23 }, // U+00E5
    { 0x00E6, 23 }, // U+00E6
    { 0x00E7, 25 }, // U+00E7
    { 0x00E8, 25 }, // U+00E8
    { 0x00E9, 25 }, // U+00E9
    { 0x00EA, 25 }, // U+00EA
    { 0x00EB, 25 }, // U+00EB
    { 0x00EC, 39 }, // U+00EC
    { 0x00ED, 27 }, // U+00ED
    { 0x00EE, 39 }, // U+00EE
    { 0x00EF, 39 }, // U+00EF
    { 0x00F0, 25 }, // U+00F0
    { 0x00F1, 27 }, // U+00F1
    { 0x00F2, 25 }, // U+00F2
    { 0x00F3, 25 }, // U+00F3
    { 0x00F4, 25 }, // U+00F4
    { 0x00F5, 25 }, // U+00F5
    { 0x00F6, 25 }, // U+00F6
    { 0x00F8, 25 }, // U+00F8
    { 0x00F9, 30 }, // U+00F9
    { 0x00FA, 30 }, // U+00FA
    { 0x00FB, 30 }, // U+00FB
    { 0x00FC, 30 }, // U+00FC
    { 0x00FD, 34 }, // U+00FD
    { 0x00FE, 24 }, // U+00FE
    { 0x00FF, 34 }, // U+00FF
    { 0x0100, 11 }, // U+0100
    { 0x0101, 23 }, // U+0101
    { 0x0102, 11 }, // U+0102
    { 0x0103, 23 }, // U+0103
    { 0x0104, 11 }, // U+0104
    { 0x0105, 23 }, // U+0105
    { 0x0106, 13 }, // U+0106
    { 0x0107, 25 }, // U+0107
    { 0x0108, 13 }, // U+0108
    { 0x0109, 25 }, // U+0109
    { 0x010A, 13 }, // U+010A
    { 0x010B, 25 }, // U+010B
    { 0x010C, 13 }, // U+010C
    { 0x010D, 25 }, // U+010D
    { 0x010E, 12 }, // U+010E
    { 0x010F, 25 }, // U+010F
    { 0x0110, 12 }, // U+0110
    { 0x0111, 25 }, // U+0111
    { 0x0112, 12 }, // U+0112
    { 0x0113, 25 }, // U+0113
    { 0x0114, 12 }, // U+0114
    { 0x0115, 25 }, // U+0115
    { 0x0116, 12 }, // U+0116
    { 0x0117, 25 }, // U+0117
    { 0x0118, 12 }, // U+0118
    { 0x0119, 25 }, // U+0119
    { 0x011A, 12 }, // U+011A
    { 0x011B, 25 }, // U+011B
    { 0x011C, 13 }, // U+011C
    { 0x011D, 25 }, // U+011D
    { 0x011E, 13 }, // U+011E
    { 0x011F, 25 }, // U+011F
    { 0x0120, 13 }, // U+0120
    { 0x0121, 25 }, // U+0121
    { 0x0122, 13 }, // U+0122
    { 0x0123, 25 }, // U+0123
    { 0x0124, 12 }, // U+0124
    { 0x0125, 24 }, // U+0125
    { 0x0126, 12 }, // U+0126
    { 0x0127, 24 }, // U+0127
    { 0x0128, 12 }, // U+0128
    { 0x0129, 40 }, // U+0129
    { 0x012A, 12 }, // U+012A
    { 0x012B, 39 }, // U+012B
    { 0x012C, 12 }, // U+012C
    { 0x012D, 39 }, // U+012D
    { 0x012E, 12 }, // U+012E
    { 0x012F, 27 }, // U+012F
    { 0x0130, 12 }, // U+0130
    { 0x0132, 12 }, // U+0132
    { 0x0133, 27 }, // U+0133
    { 0x0134, 14 }, // U+0134
    { 0x0136, 12 }, // U+0136
    { 0x0137, 24 }, // U+0137
    { 0x0138, 27 }, // U+0138
    { 0x0139, 12 }, // U+0139
    { 0x013A, 24 }, // U+013A
    { 0x013B, 12 }, // U+013B
    { 0x013C, 24 }, // U+013C
    { 0x013D, 12 }, // U+013D
    { 0x013E, 24 }, // U+013E
    { 0x013F, 12 }, // U+013F
    { 0x0140, 24 }, // U+0140
    { 0x0141, 12 }, // U+0141
    { 0x0142, 24 }, // U+0142
    { 0x0143, 12 }, // U+0143
    { 0x0144, 27 }, // U+0144
    { 0x0145, 12 }, // U+0145
    { 0x0146, 27 }, // U+0146
    { 0x0147, 12 }, // U+0147
    { 0x0148, 27 }, // U+0148
    { 0x014A, 12 }, // U+014A
    { 0x014B, 27 }, // U+014B
    { 0x014C, 13 }, // U+014C
    { 0x014D, 25 }, // U+014D
    { 0x014E, 13 }, // U+014E
    { 0x014F, 25 }, // U+014F
    { 0x0150, 13 }, // U+0150
    { 0x0151, 25 }, // U+0151
    { 0x0152, 13 }, // U+0152
    { 0x0153, 25 }, // U+0153
    { 0x0154, 12 }, // U+0154
    { 0x0155, 27 }, // U+0155
    { 0x0156, 12 }, // U+0156
    { 0x0157, 27 }, // U+0157
    { 0x0158, 12 }, // U+0158
    { 0x015A, 15 }, // U+015A
    { 0x015B, 28 }, // U+015B
    { 0x015C, 15 }, // U+015C
    { 0x015D, 28 }, // U+015D
    { 0x015E, 15 }, // U+015E
    { 0x015F, 28 }, // U+015F
    { 0x0160, 15 }, // U+0160
    { 0x0161, 28 }, // U+0161
    { 0x0162, 16 }, // U+0162
    { 0x0163, 29 }, // U+0163
    { 0x0164, 16 }, // U+0164
    { 0x0165, 29 }, // U+0165
    { 0x0166, 16 }, // U+0166
    { 0x0167, 29 }, // U+0167
    { 0x0168, 17 }, // U+0168
    { 0x0169, 30 }, // U+0169
    { 0x016A, 17 }, // U+016A
    { 0x016B, 30 }, // U+016B
    { 0x016C, 17 }, // U+016C
    { 0x016D, 30 }, // U+016D
    { 0x016E, 17 }, // U+016E
    { 0x016F, 30 }, // U+016F
    { 0x0170, 17 }, // U+0170
    { 0x0171, 30 }, // U+0171
    { 0x0172, 17 }, // U+0172
    { 0x0173, 30 }, // U+0173
    { 0x0174, 19 }, // U+0174
    { 0x0175, 32 }, // U+0175
    { 0x0176, 21 }, // U+0176
    { 0x0177, 34 }, // U+0177
    { 0x0178, 21 }, // U+0178
    { 0x0179, 22 }, // U+0179
    { 0x017A, 35 }, // U+017A
    { 0x017B, 22 }, // U+017B
    { 0x017C, 35 }, // U+017C
    { 0x017D, 22 }, // U+017D
    { 0x017E, 35 }, // U+017E
    { 0x01A0, 13 }, // U+01A0
    { 0x01A1, 25 }, // U+01A1
    { 0x01AF, 17 }, // U+01AF
    { 0x01B0, 30 }, // U+01B0
    { 0x01FA, 11 }, // U+01FA
    { 0x01FB, 23 }, // U+01FB
    { 0x01FC, 38 }, // U+01FC
    { 0x01FD, 23 }, // U+01FD
    { 0x01FE, 13 }, // U+01FE
    { 0x01FF, 25 }, // U+01FF
    { 0x0218, 15 }, // U+0218
    { 0x0219, 28 }, // U+0219
    { 0x021A, 16 }, // U+021A
    { 0x021B, 29 }, // U+021B
    { 0x0402, 41 }, // U+0402
    { 0x040B, 41 }, // U+040B
    { 0x040E, 42 }, // U+040E
    { 0x0416, 41 }, // U+0416
    { 0x0422, 41 }, // U+0422
    { 0x0423, 42 }, // U+0423
    { 0x0425, 41 }, // U+0425
    { 0x0427, 43 }, // U+0427
    { 0x042A, 41 }, // U+042A
    { 0x042F, 44 }, // U+042F
    { 0x0431, 45 }, // U+0431
    { 0x0436, 46 }, // U+0436
    { 0x0443, 47 }, // U+0443
    { 0x0445, 46 }, // U+0445
    { 0x0447, 48 }, // U+0447
    { 0x0451, 49 }, // U+0451
    { 0x0456, 50 }, // U+0456
    { 0x045E, 47 }, // U+045E
    { 0x0460, 51 }, // U+0460
    { 0x0462, 16 }, // U+0462
    { 0x0466, 52 }, // U+0466
    { 0x046A, 53 }, // U+046A
    { 0x046E, 54 }, // U+046E
    { 0x0472, 51 }, // U+0472
    { 0x0473, 55 }, // U+0473
    { 0x0478, 51 }, // U+0478
    { 0x0479, 55 }, // U+0479
    { 0x047A, 51 }, // U+047A
    { 0x047B, 55 }, // U+047B
    { 0x047C, 51 }, // U+047C
    { 0x047D, 25 }, // U+047D
    { 0x047E, 51 }, // U+047E
    { 0x0480, 51 }, // U+0480
    { 0x0481, 55 }, // U+0481
    { 0x0496, 53 }, // U+0496
    { 0x0498, 54 }, // U+0498
    { 0x0499, 56 }, // U+0499
    { 0x04A0, 57 }, // U+04A0
    { 0x04A1, 58 }, // U+04A1
    { 0x04A8, 51 }, // U+04A8
    { 0x04A9, 55 }, // U+04A9
    { 0x04AA, 51 }, // U+04AA
    { 0x04AB, 55 }, // U+04AB
    { 0x04AC, 57 }, // U+04AC
    { 0x04AD, 58 }, // U+04AD
    { 0x04B2, 53 }, // U+04B2
    { 0x04B4, 57 }, // U+04B4
    { 0x04B5, 58 }, // U+04B5
    { 0x04B6, 59 }, // U+04B6
    { 0x04B7, 60 }, // U+04B7
    { 0x04B8, 43 }, // U+04B8
    { 0x04B9, 48 }, // U+04B9
    { 0x04C1, 41 }, // U+04C1
    { 0x04C2, 46 }, // U+04C2
    { 0x04CB, 59 }, // U+04CB
    { 0x04CC, 60 }, // U+04CC
    { 0x04D0, 52 }, // U+04D0
    { 0x04D2, 52 }, // U+04D2
    { 0x04D4, 38 }, // U+04D4
    { 0x04D5, 61 }, // U+04D5
    { 0x04D7, 55 }, // U+04D7
    { 0x04D8, 51 }, // U+04D8
    { 0x04D9, 61 }, // U+04D9
    { 0x04DA, 51 }, // U+04DA
    { 0x04DC, 41 }, // U+04DC
    { 0x04DD, 46 }, // U+04DD
    { 0x04E0, 54 }, // U+04E0
    { 0x04E1, 35 }, // U+04E1
    { 0x04E6, 51 }, // U+04E6
    { 0x04E7, 55 }, // U+04E7
    { 0x04E8, 51 }, // U+04E8
    { 0x04E9, 55 }, // U+04E9
    { 0x04EA, 51 }, // U+04EA
    { 0x04EB, 55 }, // U+04EB
    { 0x04EE, 42 }, // U+04EE
    { 0x04EF, 62 }, // U+04EF
    { 0x04F0, 42 }, // U+04F0
    { 0x04F1, 62 }, // U+04F1
    { 0x04F2, 42 }, // U+04F2
    { 0x04F3, 62 }, // U+04F3
    { 0x04F4, 43 }, // U+04F4
    { 0x04F5, 48 }, // U+04F5
    { 0x04FC, 53 }, // U+04FC
    { 0x04FE, 53 }, // U+04FE
    { 0x1EA0, 11 }, // U+1EA0
    { 0x1EA1, 23 }, // U+1EA1
    { 0x1EA2, 11 }, // U+1EA2
    { 0x1EA3, 23 }, // U+1EA3
    { 0x1EA4, 11 }, // U+1EA4
    { 0x1EA5, 23 }, // U+1EA5
    { 0x1EA6, 11 }, // U+1EA6
    { 0x1EA7, 23 }, // U+1EA7
    { 0x1EA8, 11 }, // U+1EA8
    { 0x1EA9, 23 }, // U+1EA9
    { 0x1EAA, 11 }, // U+1EAA
    { 0x1EAB, 23 }, // U+1EAB
    { 0x1EAC, 11 }, // U+1EAC
    { 0x1EAD, 23 }, // U+1EAD
    { 0x1EAE, 11 }, // U+1EAE
    { 0x1EAF, 23 }, // U+1EAF
    { 0x1EB0, 11 }, // U+1EB0
    { 0x1EB1, 23 }, // U+1EB1
    { 0x1EB2, 11 }, // U+1EB2
    { 0x1EB3, 23 }, // U+1EB3
    { 0x1EB4, 11 }, // U+1EB4
    { 0x1EB5, 23 }, // U+1EB5
    { 0x1EB6, 11 }, // U+1EB6
    { 0x1EB7, 23 }, // U+1EB7
    { 0x1EB8, 12 }, // U+1EB8
    { 0x1EB9, 25 }, // U+1EB9
    { 0x1EBA, 12 }, // U+1EBA
    { 0x1EBB, 25 }, // U+1EBB
    { 0x1EBC, 12 }, // U+1EBC
    { 0x1EBD, 25 }, // U+1EBD
    { 0x1EBE, 12 }, // U+1EBE
    { 0x1EBF, 25 }, // U+1EBF
    { 0x1EC0, 12 }, // U+1EC0
    { 0x1EC1, 25 }, // U+1EC1
    { 0x1EC2, 12 }, // U+1EC2
    { 0x1EC3, 25 }, // U+1EC3
    { 0x1EC4, 12 }, // U+1EC4
    { 0x1EC5, 25 }, // U+1EC5
    { 0x1EC6, 12 }, // U+1EC6
    { 0x1EC7, 25 }, // U+1EC7
    { 0x1EC9, 27 }, // U+1EC9
    { 0x1ECB, 27 }, // U+1ECB
    { 0x1ECC, 13 }, // U+1ECC
    { 0x1ECD, 25 }, // U+1ECD
    { 0x1ECE, 13 }, // U+1ECE
    { 0x1ECF, 25 }, // U+1ECF
    { 0x1ED0, 13 }, // U+1ED0
    { 0x1ED1, 25 }, // U+1ED1
    { 0x1ED2, 13 }, // U+1ED2
    { 0x1ED3, 25 }, // U+1ED3
    { 0x1ED4, 13 }, // U+1ED4
    { 0x1ED5, 25 }, // U+1ED5
    { 0x1ED6, 13 }, // U+1ED6
    { 0x1ED7, 25 }, // U+1ED7
    { 0x1ED8, 13 }, // U+1ED8
    { 0x1ED9, 25 }, // U+1ED9
    { 0x1EDA, 13 }, // U+1EDA
    { 0x1EDB, 25 }, // U+1EDB
    { 0x1EDC, 13 }, // U+1EDC
    { 0x1EDD, 25 }, // U+1EDD
    { 0x1EDE, 13 }, // U+1EDE
    { 0x1EDF, 25 }, // U+1EDF
    { 0x1EE0, 13 }, // U+1EE0
    { 0x1EE1, 25 }, // U+1EE1
    { 0x1EE2, 13 }, // U+1EE2
    { 0x1EE3, 25 }, // U+1EE3
    { 0x1EE4, 17 }, // U+1EE4
    { 0x1EE5, 30 }, // U+1EE5
    { 0x1EE6, 17 }, // U+1EE6
    { 0x1EE7, 30 }, // U+1EE7
    { 0x1EE8, 17 }, // U+1EE8
    { 0x1EE9, 30 }, // U+1EE9
    { 0x1EEA, 17 }, // U+1EEA
    { 0x1EEB, 30 }, // U+1EEB
    { 0x1EEC, 17 }, // U+1EEC
    { 0x1EED, 30 }, // U+1EED
    { 0x1EEE, 17 }, // U+1EEE
    { 0x1EEF, 30 }, // U+1EEF
    { 0x1EF0, 17 }, // U+1EF0
    { 0x1EF1, 30 }, // U+1EF1
    { 0x1EF2, 21 }, // U+1EF2
    { 0x1EF3, 34 }, // U+1EF3
    { 0x1EF4, 21 }, // U+1EF4
    { 0x1EF5, 34 }, // U+1EF5
    { 0x1EF6, 21 }, // U+1EF6
    { 0x1EF7, 34 }, // U+1EF7
    { 0x1EF8, 21 }, // U+1EF8
    { 0x1EF9, 34 }, // U+1EF9
    { 0x2018, 63 }, // U+2018
    { 0x2019, 5 }, // U+2019
    { 0x201A, 7 }, // U+201A
    { 0x201C, 63 }, // U+201C
    { 0x201D, 5 }, // U+201D
    { 0x201E, 7 }, // U+201E
    { 0x2026, 7 }, // U+2026
    { 0x2039, 36 }, // U+2039
    { 0x203A, 36 }, // U+203A
    { 0x207E, 64 }, // U+207E
    { 0x208E, 65 }, // U+208E
};

static const int8_t notoserif_14_boldKernMatrix[] = {
       0,    0,    0,    0,    0,    0,    0,    0,    0,    0,  -37,    0,    0,    0,    0,    0,    0,    0,    0,    0,    0,    0,    0,    0,   -9,  -28,    0,    0,    0,    0,    0,    0,    0,    0,    0,    0,    0,  -56,    0,    0,    0,    0,    0,    0,    0,    0,    0,    0,    0,    0,    0,  -37,    0,    0,    0,    0,    0,    0,    0,    0,    0,    0,    0,    0,    0,
       0,    0,    0,    0,    0,    0,    0,    0,  -14,    0,    0,    0,    0,    0,    0,  -14,    0,  -19,  -19,    0,  -14,    0,    0,    0,    0,    0,    0,    0,    0,    0,    0,    0,    0,    0,    0,    0,    0,    0,    0,    0,    0,    0,    0,    0,    0,    0,    0,    0,    0,    0,    0,    0,    0,    0,    0,    0,    0,    0,    0,    0,    0,    0,    0,    0,    0,
       0,    0,   -5,    0,    0,  -56,  -56,    0,    0,    0,  -23,    0,    0,    0,    0,    0,    0,    0,    0,    0,    0,    0,    0,    0,    0,    0,    0,    0,    0,    0,    0,    0,    0,    0,    0,    0,    0,  -37,    0,    0,    0,    0,    0,    0,    0,    0,    0,    0,    0,    0,    0,  -23,    0,    0,    0,    0,    0,    0,    0,    0,    0,    0,    0,    0,    0,
       0,    0,    0,    0,    0,    0,    0,    0,  -42,    0,    0,    0,   -9,    0,    0,  -42,   -9,  -51,  -42,    0,  -37,    0,    0,    0,    0,    0,    0,    0,    0,    0,  -33,  -28,    0,  -23,    0,    0,    0,    0,    0,    0,    0,    0,    0,    0,    0,    0,    0,    0,    0,    0,   -9,    0,    0,    0,    0,    0,  -42,  -33,  -37,  -23,    0,  -23,    0,    0,    0,
       0,    0,    0,    0,    0,    0,    0,    0,    0,    0,  -14,    0,    0,    0,    0,    0,    0,    0,    0,    0,   -5,    0,    0,    0,    0,    0,    0,    0,    0,    0,    0,    0,    0,    0,    0,    0,    0,    0,    0,    0,    0,    0,    0,    0,    0,    0,    0,    0,    0,    0,    0,    0,    0,    0,    0,    0,    0,    0,    0,    0,    0,    0,    0,    0,    0,
       0,  -37,    0,    0,  -33,    0,    0,    0,  -28,    0,    0,    0,   -9,    0,    0,  -28,   -9,  -37,  -33,    0,  -33,    0,    0,    0,   -9,   -9,    0,    0,    0,   -9,  -28,  -14,    0,  -23,    0,    0,    0,    0,    0,    0,    0,    0,    0,    0,    0,    0,    0,    0,    0,    0,    0,    0,    0,    0,    0,    0,    0,    0,    0,    0,    0,    0,  -33,    0,    0,
       0,    0,    0,    0,   -9,    0,    0,    0,   -9,    0,   -9,    0,    0,    0,    0,   -9,    0,  -19,  -14,   -9,  -19,   -9,    0,    0,    0,    0,    0,    0,    0,    0,    0,   -5,    0,   -9,    0,    0,    0,  -14,    0,    0,    0,    0,    0,    0,    0,    0,    0,    0,    0,    0,    0,   -9,    0,    0,    0,    0,   -9,    0,    0,    0,    0,    0,    0,    0,    0,
       0,    0,    0,    0,    0,   -9,   -9,    0,   -9,    0,   -9,    0,    0,    0,    0,   -9,    0,   -9,   -9,   -9,  -14,    0,    0,    0,    0,    0,    0,    0,    0,    0,    0,    0,    0,    0,    0,    0,    0,  -23,    0,    0,    0,    0,    0,    0,    0,    0,    0,    0,    0,    0,    0,   -9,   -9,    0,    0,    0,   -9,    0,    0,    0,    0,    0,    0,    0,    0,
       0,    0,    0,    0,    0,    0,    0,    0,    0,    0,    0,    0,    0,    0,    0,    0,    0,   -9,   -9,    0,   -9,    0,    0,    0,    0,    0,    0,    0,    0,    0,    0,    0,    0,    0,    0,    0,    0,    0,    0,    0,    0,    0,    0,    0,    0,    0,    0,    0,    0,    0,    0,    0,    0,    0,    0,    0,    0,    0,    0,    0,    0,    0,    0,    0,    0,
       0,    0,   -9,    0,    0,  -56,  -56,    0,    0,  -19,  -33,    0,    0,    0,    0,    0,    0,    0,    0,    0,    0,    0,  -19,    0,  -19,  -19,    0,    0,    0,    0,    0,    0,    0,    0,    0,    0,    0,  -51,    0,    0,    0,    0,    0,    0,    0,    0,    0,    0,    0,    0,    0,    0,    0,    0,    0,    0,    0,    0,    0,    0,    0,    0,    0,    0,    0,
       0,    0,    0,    0,    0,    0,    0,    0,   -9,    0,    0,    0,    0,    0,    0,   -9,    0,   -9,   -9,    0,   -9,    0,    0,    0,    0,    0,    0,    0,    0,    0,    0,    0,    0,    0,    0,    0,    0,   -9,    0,    0,    0,    0,    0,    0,    0,    0,    0,    0,    0,    0,    0,    0,    0,    0,    0,    0,    0,    0,    0,    0,    0,    0,    0,    0,    0,
       0,    0,    0,    0,    0,    0,    0,    0,    0,    0,    0,    0,   -9,    0,    0,    0,    0,    0,    0,    0,    0,    0,    0,    0,   -9,   -9,    0,    0,    0,   -9,    0,  -14,    0,  -14,    0,    0,    0,    0,    0,    0,    0,    0,    0,    0,    0,    0,    0,    0,    0,    0,    0,    0,    0,    0,    0,    0,    0,    0,    0,    0,    0,    0,    0,    0,    0,
       0,  -28,    0,    0,  -37,    0,    0,    0,  -33,    0,    0,    0,    0,    0,    0,  -33,    0,  -23,  -23,    0,  -28,    0,    0,    0,    0,    0,    0,    0,    0,    0,   -9,   -5,    0,  -14,    0,    0,   -9,    0,    0,    0,    0,    0,    0,    0,    0,    0,    0,    0,    0,    0,    0,    0,    0,    0,    0,    0,    0,    0,    0,    0,    0,    0,  -37,    0,    0,
       0,    0,    0,    0,    0,    0,    0,    0,    0,    0,    0,    0,    0,    0,    0,    0,    0,    0,    0,    0,    0,    0,    0,    0,    0,    0,    0,    0,    0,    0,    0,    0,    0,    0,    0,   -5,    0,    0,    0,    0,    0,    0,    0,    0,    0,    0,    0,    0,    0,    0,    0,    0,    0,    0,    0,    0,    0,    0,    0,    0,    0,    0,    0,    0,    0,
       0,    0,    0,    0,   -9,    0,    0,    0,   -9,    0,    0,    0,   -9,    0,    0,   -9,   -5,  -14,  -14,    0,  -14,    0,    0,    0,    0,    0,    0,    0,    0,    0,   -5,   -5,    0,   -9,    0,    0,    0,    0,    0,    0,    0,    0,    0,    0,    0,    0,    0,    0,    0,    0,    0,    0,    0,    0,    0,    0,    0,    0,    0,    0,    0,    0,    0,    0,    0,
       0,    0,    0,    0,    0,    0,    0,    0,   -9,    0,   -9,    0,    0,    0,    0,   -9,    0,   -9,   -9,   -9,   -9,    0,    0,    0,    0,    0,    0,    0,    0,    0,    0,   -5,    0,   -9,    0,    0,    0,   -9,    0,    0,    0,    0,    0,    0,    0,    0,    0,    0,    0,    0,    0,   -9,    0,    0,    0,    0,   -9,    0,    0,    0,    0,    0,    0,    0,    0,
       0,    0,   -5,    0,    0,  -42,  -42,    0,    0,  -14,  -28,    0,   -9,    0,    0,    0,    0,    0,    0,    0,    0,    0,  -14,    0,  -18,  -18,    0,   -2,    0,    0,    0,    0,    0,    0,    0,    0,    0,  -37,    0,    0,    0,    0,    0,    0,    0,    0,    0,    0,    0,    0,    0,    0,    0,    0,    0,    0,    0,    0,    0,    0,    0,    0,    0,    0,    0,
       0,    0,    0,    0,    0,   -9,   -9,    0,    0,   -5,   -9,    0,    0,    0,    0,    0,    0,    0,    0,    0,    0,    0,    0,    0,    0,    0,    0,    0,    0,    0,    0,    0,    0,    0,    0,    0,    0,  -19,    0,    0,    0,    0,    0,    0,    0,    0,    0,    0,    0,    0,    0,    0,    0,    0,    0,    0,    0,    0,    0,    0,    0,    0,    0,    0,    0,
       0,    0,  -14,    0,    0,  -51,  -51,    0,    0,  -23,  -37,    0,   -9,    0,    0,    0,    0,    0,    0,    0,    0,    0,  -28,    0,  -28,  -28,    0,  -19,    0,    0,    0,    0,    0,    0,    0,    0,    0,  -61,    0,    0,    0,    0,    0,    0,    0,    0,    0,    0,    0,    0,    0,  -37,    0,    0,    0,    0,    0,    0,    0,    0,    0,    0,    0,    0,    0,
       0,    0,    0,    0,    0,  -42,  -42,    0,    0,  -23,  -33,    0,   -9,    0,    0,    0,    0,    0,    0,    0,    0,    0,  -30,    0,  -28,  -28,    0,  -23,    0,    0,    0,    0,    0,    0,  -14,    0,    0,  -61,    0,    0,    0,    0,    0,    0,    0,    0,    0,    0,    0,    0,    0,    0,    0,    0,    0,    0,    0,    0,    0,    0,    0,    0,    0,    0,    0,
       0,    0,    0,    0,    0,    0,    0,    0,    0,    0,    0,    0,   -9,    0,   -5,    0,    0,    0,    0,    0,    0,    0,    0,    0,    0,    0,    0,    0,    0,    0,    0,  -14,    0,  -23,    0,    0,    0,    0,    0,    0,    0,    0,    0,    0,    0,    0,    0,    0,    0,    0,    0,    0,    0,    0,    0,    0,    0,    0,    0,    0,    0,    0,    0,    0,    0,
       0,    0,   -5,    0,    0,  -37,  -37,    0,    0,  -19,  -33,    0,  -14,    0,   -9,    0,    0,    0,    0,    0,    0,    0,  -28,    0,  -33,  -33,    0,  -28,    0,    0,    0,    0,    0,    0,   -9,    0,    0,  -42,    0,    0,    0,    0,    0,    0,    0,    0,    0,    0,    0,    0,    0,  -33,    0,    0,    0,    0,    0,    0,    0,    0,    0,    0,    0,    0,    0,
       0,  -19,    0,    0,    0,    0,    0,    0,    0,    0,    0,    0,    0,    0,    0,    0,    0,    0,    0,    0,    0,    0,    0,    0,    0,    0,    0,    0,    0,    0,    0,    0,    0,   -9,    0,    0,    0,    0,    0,    0,    0,    0,    0,    0,    0,    0,    0,    0,    0,    0,    0,    0,    0,    0,    0,    0,    0,    0,  -14,   -9,    0,   -9,    0,    0,    0,
       0,    0,    0,    0,    0,    0,    0,    0,    0,    0,    0,    0,    0,    0,    0,    0,    0,  -28,  -28,    0,  -33,    0,    0,    0,    0,    0,    0,    0,    0,    0,    0,    0,    0,   -9,    0,    0,    0,    0,    0,    0,    0,    0,    0,    0,    0,    0,    0,    0,    0,    0,    0,    0,    0,    0,    0,    0,    0,    0,  -14,    0,    0,   -9,    0,    0,    0,
       0,    0,    0,    0,    0,    0,    0,    0,    0,    0,    0,    0,    0,    0,    0,    0,    0,  -28,  -28,    0,  -28,    0,    0,    0,    0,    0,    0,    0,    0,    0,    0,    0,    0,    0,    0,    0,    0,    0,    0,    0,    0,    0,    0,    0,    0,    0,    0,    0,    0,    0,    0,    0,    0,    0,    0,    0,    0,    0,    0,    0,    0,    0,    0,    0,    0,
       0,   37,    0,   42,   37,    0,    0,    0,    0,    0,    0,    0,    0,    0,    0,    0,    0,    0,    0,    0,    0,    0,    0,    0,    0,    0,    0,    0,    0,    0,    0,    0,    0,    0,    0,    0,    0,    0,   19,   19,    0,    0,    0,    0,    0,    0,    0,    0,    0,    0,    0,    0,    0,    0,    0,    0,    0,    0,    0,    0,    0,    0,    0,    0,    0,
       0,    0,    0,    0,    0,    0,    0,    0,    0,    0,    0,    0,    0,    0,    0,    0,    0,    0,   -9,    0,    0,    0,    0,    0,    0,    0,    0,    0,    0,    0,    0,    0,    0,    0,    0,    0,    0,    0,    0,    0,    0,    0,    0,    0,    0,    0,    0,    0,    0,    0,    0,    0,    0,    0,    0,    0,    0,    0,    0,    0,    0,    0,    0,    0,    0,
       0,    0,    0,    0,    0,    0,    0,    0,    0,    0,    0,    0,    0,    0,    0,    0,    0,    0,    0,    0,    0,    0,    0,    0,   -9,   -9,    0,    0,    0,    0,    0,    0,    0,    0,    0,    0,    0,    0,    0,    0,    0,    0,    0,    0,    0,    0,    0,    0,    0,    0,    0,    0,    0,    0,    0,    0,    0,    0,    0,    0,    0,    0,    0,    0,    0,
       0,    0,    0,    0,   14,  -66,  -66,    0,    0,    0,    0,    0,    0,    0,    0,    0,    0,    0,    0,    0,    0,    0,   -9,    0,    0,    0,    0,    0,    0,    0,    0,    0,    0,    0,    0,    0,    0,    0,    0,    0,    0,    0,    0,    0,    0,    0,    0,    0,    0,    0,    0,    0,    0,    0,    0,    0,    0,    0,    0,    0,    0,    0,    0,    0,    0,
       0,    0,    0,    0,    0,    0,    0,    0,    0,    0,    0,    0,    0,    0,    0,    0,    0,    0,    0,    0,  -28,    0,    0,    0,    0,    0,    0,    0,    0,    0,    0,    0,    0,    0,    0,    0,    0,    0,    0,    0,    0,    0,    0,    0,    0,    0,    0,    0,    0,    0,    0,    0,    0,    0,    0,    0,    0,    0,   -9,    0,    0,    0,    0,    0,    0,
       0,    0,    0,    0,    0,  -23,  -33,    0,    0,    0,  -28,    0,    0,    0,    0,    0,    0,    0,    0,    0,    0,    0,    0,    0,    0,    0,    0,    0,    0,    0,    0,    0,    0,    0,    0,    0,    0,    0,    0,    0,    0,    0,    0,    0,    0,    0,    0,    0,    0,    0,    0,    0,    0,    0,    0,    0,    0,    0,    0,    0,    0,    0,    0,    0,    0,
       0,    0,    0,    0,    0,  -33,  -33,    0,    0,    0,  -14,    0,    0,    0,    0,    0,    0,    0,    0,    0,    0,    0,    0,    0,    0,    0,    0,    0,    0,    0,    0,    0,    0,    0,    0,    0,    0,    0,    0,    0,    0,    0,    0,    0,    0,    0,    0,    0,    0,    0,    0,    0,    0,    0,    0,    0,    0,    0,    0,    0,    0,    0,    0,    0,    0,
       0,    0,    0,    0,    0,  -42,  -42,    0,    0,    0,  -23,    0,    0,    0,    0,    0,    0,    0,    0,    0,    0,    0,    0,    0,    0,    0,    0,    0,    0,    0,    0,    0,    0,    0,    0,    0,    0,    0,    0,    0,    0,    0,    0,    0,    0,    0,    0,    0,    0,    0,    0,    0,    0,    0,    0,    0,    0,    0,    0,    0,    0,    0,    0,    0,    0,
       0,    0,    0,    0,    0,    0,    0,    0,    0,    0,    0,    0,    0,    0,    0,    0,    0,  -14,   -9,    0,  -14,    0,    0,    0,    0,    0,    0,    0,    0,    0,    0,    0,    0,    0,    0,    0,    0,    0,    0,    0,    0,    0,    0,    0,    0,    0,    0,    0,    0,    0,    0,    0,    0,    0,    0,    0,    0,    0,    0,    0,    0,    0,    0,    0,    0,
       0,    0,    0,    0,    0,    0,    0,    0,   -9,    0,    0,    0,    0,    0,    0,   -9,    0,  -23,  -23,    0,  -23,    0,    0,    0,    0,    0,    0,    0,    0,    0,    0,    0,    0,    0,    0,    0,    0,    0,    0,    0,    0,    0,    0,    0,    0,    0,    0,    0,    0,    0,    0,    0,    0,    0,    0,    0,    0,    0,    0,    0,    0,    0,    0,    0,    0,
       0,  -37,    0,    0,  -33,    0,    0,    0,  -28,    0,    0,    0,   -9,    0,    0,  -28,   -9,  -37,  -33,    0,  -33,    0,    0,    0,   -9,   -9,    0,    0,    0,   -9,  -23,  -14,    0,  -23,    0,    0,    0,    0,    0,    0,    0,    0,    0,    0,    0,    0,    0,    0,    0,    0,    0,    0,    0,    0,    0,    0,    0,    0,    0,    0,    0,    0,  -33,    0,    0,
      28,   37,    0,   59,   19,    0,    0,    0,   60,    0,    0,   23,    0,   28,    0,   23,   33,   37,   33,   33,   47,   19,    0,   42,    0,    0,    0,    0,    0,    0,    0,    0,    0,    0,    0,    0,    0,    0,    0,    0,    0,    0,    0,    0,    0,    0,    0,    0,    0,    0,    0,    0,    0,    0,    0,    0,    0,    0,    0,    0,    0,    0,   13,    0,    0,
       0,    0,    0,    0,    0,    0,    0,    0,    0,    0,    0,    0,    0,    0,    0,    0,    0,    0,    0,    0,    0,    0,    0,    0,    0,    0,    0,    0,    0,    0,    0,    0,    0,    0,    0,    0,    0,    0,    0,   28,    0,    0,    0,    0,    0,    0,    0,    0,    0,    0,    0,    0,    0,    0,    0,    0,    0,    0,    0,    0,    0,    0,    0,    0,    0,
      11,   20,    0,   40,    0,    0,    0,    0,   17,    0,    0,    0,    0,    0,    0,    0,    0,    0,    0,    0,    0,    0,    0,   19,    0,    0,    0,    0,    0,    0,    0,    0,    0,    0,    0,    0,    0,    0,    0,    0,    0,    0,    0,    0,    0,    0,    0,    0,    0,    0,    0,    0,    0,    0,    0,    0,    0,    0,    0,    0,    0,    0,    3,    0,    0,
       0,    0,    0,    0,    0,   -9,   -9,   -5,    9,    0,  -19,    0,    0,    0,    0,    9,    0,    9,    9,    0,    9,    0,   -9,    0,   -9,   -9,   -5,   -9,   -5,    0,   -9,   -9,   -9,   -9,    0,    0,    0,    0,    0,    0,    0,    0,    0,    0,    0,    0,    0,    0,    0,    0,    0,    0,    0,    0,    0,    0,    0,    0,    0,    0,    0,    0,    0,    0,    0,
       0,    0,    0,    0,    9,   -9,   -9,    0,    0,    0,    0,    0,    0,    0,    0,    0,    0,    0,    0,    0,    0,    0,    0,    0,    0,    0,    9,    0,   14,    9,   14,   14,    0,   14,    0,    0,    0,    0,    0,    0,    0,    0,    0,    0,    0,    0,    0,    0,    0,    0,    0,    0,    0,    0,    0,    0,    0,    0,    0,    0,    0,    0,    0,    0,    0,
       0,    0,    0,    0,    0,   -9,   -9,   -5,    0,    0,  -28,    0,   -9,    0,    0,    0,    0,    0,    0,    0,    0,    0,  -23,    0,  -23,  -23,  -14,  -28,   -5,  -14,   -9,   -9,    0,   -9,  -14,    0,    0,    0,    0,    0,    0,    0,    0,    0,    0,    0,    0,    0,    0,    0,    0,    0,    0,    0,    0,    0,    0,    0,    0,    0,    0,    0,    0,    0,    0,
       0,    0,    0,    0,    9,   -5,   -5,    0,    0,    0,    0,    0,    0,    0,    0,    0,    0,    0,    0,    0,    0,    0,    0,    0,    0,    0,    9,    0,   14,    0,   14,    0,    0,    0,    0,    0,    0,    0,    0,    0,    0,    0,    0,    0,    0,    0,    0,    0,    0,    0,    0,    0,    0,    0,    0,    0,    0,    0,    0,    0,    0,    0,    0,    0,    0,
       0,  -27,    0,    0,    0,    0,    0,    0,   -2,    0,    0,    0,    0,    0,    0,   -2,    0,    0,    0,    0,    0,    0,    0,    0,    0,    0,    0,    0,    0,    0,    0,    0,    0,    0,    0,    0,    0,    0,    0,    0,    0,  -24,  -19,    0,    0,   -5,  -19,  -14,    0,    0,    0,    0,    0,    0,    0,    0,  -14,    0,    0,    0,    0,    0,  -10,    0,    0,
       0,    0,    0,    0,    0,    0,    0,    0,    0,    0,    0,    0,    0,    0,    0,    0,    0,    0,    0,    0,    0,    0,    0,    0,    0,    0,    0,    0,    0,    0,    0,    0,    0,    0,    0,    0,    0,    0,    0,    0,    0,    0,    0,    0,    0,    0,    0,    0,    0,    0,    0,    0,    0,    0,    0,    0,  -14,    0,    0,    0,    0,    0,    0,    0,    0,
       0,    0,    0,    0,    0,    0,    0,    0,    0,    0,    0,    0,    0,    0,    0,    0,    0,    0,    0,    0,    0,    0,    0,    0,    0,    0,    0,    0,    0,    0,    0,    0,    0,    0,    0,    0,    0,    0,    0,    0,    0,    0,    0,    0,    0,    0,    0,    0,  -26,   -8,    0,    0,    0,    0,    0,    0,    0,    0,    0,    0,    0,    0,    0,    0,    0,
       0,    0,    0,    0,    0,    0,    0,    0,   -8,    0,    0,    0,    0,    0,    0,   -8,    0,    0,    0,    0,    0,    0,    0,    0,    0,    0,    0,    0,    0,    0,    0,    0,    0,    0,    0,    0,    0,    0,    0,    0,   -9,   -5,    0,    0,    0,    0,    0,    0,    0,    0,    0,    0,    0,    0,    0,    0,  -14,    0,  -14,   -5,    0,    0,    0,    0,    0,
       0,    0,    0,    0,    0,    0,    0,    0,    0,    0,    0,    0,    0,    0,    0,    0,    0,    0,    0,    0,    0,    0,    0,    0,    0,    0,    0,    0,    0,    0,    0,    0,    0,    0,    0,    0,    0,    0,    0,    0,    0,    0,    0,    0,    0,    0,    0,    0,    0,    0,    0,    0,    0,    0,    0,    0,  -14,    0,  -14,   -5,    0,    0,    0,    0,    0,
       0,    0,    0,    0,    0,    0,    0,    0,    0,    0,    0,    0,    0,    0,    0,    0,    0,    0,    0,    0,    0,    0,    0,    0,    0,    0,    0,    0,    0,    0,    0,    0,    0,    0,    0,    0,    0,    0,    0,    0,    0,    0,  -14,    0,    0,    0,    0,    0,    0,    0,    0,    0,    0,    0,    0,    0,  -14,    0,  -14,   -5,    0,    0,    0,    0,    0,
       0,    0,    0,    0,    0,    0,    0,    0,    0,    0,    0,    0,    0,    0,    0,    0,    0,    0,    0,    0,    0,    0,    0,    0,    0,    0,    0,    0,    0,    0,    0,    0,    0,    0,    0,    0,    0,    0,    0,    0,    0,    0,   -5,    0,    0,    0,    0,    0,    0,    0,    0,    0,    0,    0,    0,    0,    0,    0,    0,    0,    0,    0,   -2,    0,    0,
       0,    0,    0,    0,    0,   -9,   -9,    0,    0,    0,    0,    0,    0,    0,    0,    0,    0,    0,    0,    0,    0,    0,    0,    0,    0,    0,    0,    0,    0,    0,    0,    0,    0,    0,    0,    0,    0,  -23,    0,    0,    0,    0,    0,    0,    0,    0,    0,    0,    0,    0,    0,   -9,   -9,    0,    0,    0,   -9,    0,   -9,    0,    0,    0,    0,    0,    0,
       0,  -14,    0,    0,  -23,    0,    0,    0,    0,    0,    0,    0,    0,    0,    0,    0,    0,    0,    0,    0,    0,    0,    0,    0,    0,    0,    0,    0,    0,    0,    0,    0,    0,    0,    0,    0,    0,    0,    0,    0,    0,    0,    0,    0,    0,    0,    0,    0,    0,    0,    0,    0,    0,    0,    0,    0,  -14,    0,  -14,   -9,    0,    0,  -14,    0,    0,
       0,    0,    0,    0,    0,    0,    0,    0,    0,    0,    0,    0,    0,    0,    0,    0,    0,    0,    0,    0,    0,    0,    0,    0,    0,    0,    0,    0,    0,    0,    0,    0,    0,    0,    0,    0,    0,    0,    0,    0,    0,    0,    0,    0,    0,    0,    0,    0,    0,    0,    0,    0,    0,    0,    0,    0,    0,    0,  -14,    0,    0,    0,    0,    0,    0,
       0,  -37,    0,    0,  -33,    0,    0,    0,  -28,    0,    0,    0,   -9,    0,    0,  -28,    0,  -37,    0,    0,  -33,    0,    0,    0,   -9,   -9,    0,    0,    0,   -9,    0,  -14,    0,  -23,    0,    0,    0,    0,    0,    0,    0,    0,    0,    0,    0,    0,    0,    0,    0,    0,   -9,    0,    0,    0,    0,    0,  -28,  -19,  -42,  -19,    0,    0,  -33,    0,    0,
       0,    0,    0,    0,    0,    0,    0,    0,    0,    0,    0,    0,   -9,    0,    0,    0,    0,    0,    0,    0,    0,    0,    0,    0,   -9,   -9,    0,    0,    0,   -9,    0,  -14,    0,  -14,    0,    0,    0,    0,    0,    0,    0,    0,    0,    0,   -9,    0,    0,    0,    0,    0,   -9,    0,    0,   -9,   -9,    0,    0,  -14,   -9,   -9,    0,   -9,    0,    0,    0,
       0,    0,    0,    0,    0,   -9,   -9,    0,    0,    0,    0,    0,    0,    0,    0,    0,    0,    0,    0,    0,    0,    0,    0,    0,    0,    0,    0,    0,    0,    0,    0,   -5,    0,   -9,    0,    0,    0,  -14,    0,    0,    0,    0,    0,    0,    0,    0,    0,    0,    0,    0,    0,   -9,   -9,    0,    0,    0,    0,   -9,  -19,    0,    0,    0,    0,    0,    0,
       0,    0,    0,    0,    0,  -47,  -47,    0,    0,    0,    0,    0,   -9,    0,    0,    0,    0,    0,    0,    0,    0,    0,  -28,    0,  -28,  -28,    0,  -19,    0,    0,    0,    0,    0,    0,    0,    0,    0,  -61,    0,    0,    0,    0,    0,    0,    0,    0,    0,    0,    0,    0,   -9,  -47,    0,   -9,  -19,  -14,    0,    0,    0,    0,  -19,    0,    0,    0,    0,
       0,    0,    0,    0,    0,  -42,  -42,    0,    0,    0,    0,    0,    0,    0,    0,    0,    0,    0,    0,    0,    0,    0,    0,    0,    0,    0,    0,    0,    0,    0,    0,    0,    0,    0,    0,    0,    0,    0,    0,    0,    0,    0,    0,    0,    0,    0,    0,    0,    0,    0,    0,    0,    0,    0,    0,    0,    0,    0,    0,    0,    0,    0,    0,    0,    0,
       0,    0,    0,    0,    0,  -56,  -56,    0,    0,    0,    0,    0,    0,    0,    0,    0,    0,    0,    0,    0,    0,    0,    0,    0,    0,    0,    0,    0,    0,    0,    0,    0,    0,    0,    0,    0,    0,  -37,    0,    0,    0,    0,    0,    0,    0,    0,    0,    0,    0,    0,    0,  -23,    0,    0,    0,    0,    0,    0,    0,    0,    0,    0,    0,    0,    0,
       0,    0,    0,    0,    0,  -42,  -42,    0,    0,    0,    0,    0,   -9,    0,    0,    0,    0,    0,    0,    0,    0,    0,  -14,    0,  -14,  -14,    0,   -5,    0,    0,    0,    0,    0,    0,    0,    0,    0,  -37,    0,    0,    0,    0,    0,   -9,    0,    0,    0,    0,    0,    0,   -9,  -28,    0,    0,  -14,  -14,    0,    0,    0,    0,  -14,    0,    0,    0,    0,
       0,    0,    0,    0,   14,  -33,  -33,    0,    0,    0,    0,    0,    0,    0,    0,    0,    0,    0,    0,    0,    0,    0,    0,    0,    0,    0,    0,    0,    0,    0,    0,    0,    0,    0,    0,    0,    0,    0,    0,    0,    0,    0,    0,    0,    0,    0,    0,    0,    0,    0,    0,  -14,    0,    0,    0,    0,    0,    0,    0,    0,    0,    0,    0,    0,    0,
       0,  -28,    0,    0,  -33,    0,    0,    0,  -33,    0,    0,    0,    0,    0,    0,  -33,    0,    0,    0,    0,    0,    0,    0,    0,    0,    0,    0,    0,    0,    0,    0,    0,    0,    0,    0,    0,    0,    0,    0,    0,    0,    0,    0,    0,    0,    0,    0,    0,    0,    0,    0,    0,    0,    0,    0,    0,  -33,    0,  -33,    0,    0,  -14,    0,    0,    0,
       0,    0,    0,    0,    0,    0,    0,    0,    0,    0,    0,    0,    0,    0,    0,    0,    0,    0,    0,    0,    0,    0,    0,    0,   -9,   -9,    0,    0,    0,    0,    0,    0,    0,    0,    0,    0,    0,    0,    0,    0,    0,    0,    0,    0,    0,    0,    0,    0,    0,    0,    0,    0,    0,    0,   -9,    0,    0,    0,    0,    0,   -9,    0,    0,    0,    0,
       0,    0,    0,    9,    0,    0,    0,    0,    0,    0,    0,    0,    0,    0,    0,    0,    0,    0,    0,    0,    0,    0,    0,    0,    0,    0,    0,    0,    0,    0,    0,    0,    0,    0,    0,    0,    0,    0,    0,    0,    0,    0,    0,    0,    0,    0,    0,    0,    0,    0,    0,    0,    0,    0,    0,    0,    0,    0,    0,    0,    0,    0,    0,    0,    0,
       0,    0,    0,    0,    0,    0,    0,    0,    0,    0,    0,    0,   -9,    0,    0,    0,    0,    0,    0,    0,    0,    0,    0,    0,   -9,   -9,    0,    0,    0,   -9,    0,  -14,    0,  -23,    0,    0,    0,    0,    0,    0,    0,    0,    0,    0,    0,    0,    0,    0,    0,    0,   -9,    0,    0,   -9,    0,    0,    0,  -19,   -9,    0,    0,  -14,    0,    0,    0,
       0,    0,    0,    0,    0,    0,    0,    0,    0,    0,    0,    0,    0,    0,    0,    0,    0,    0,    0,    0,    0,    0,    0,    0,    0,    0,    0,    0,    0,    0,    0,    0,    0,    0,    0,    0,    0,    0,    0,    0,    0,    0,    0,    0,    0,    0,    0,    0,    0,    0,    0,    0,    0,    0,    0,    0,    0,   -9,    0,    0,    0,    0,    0,    0,    0,
       0,    0,    0,    0,    0,    0,    0,    0,    0,    0,  -33,    0,    0,    0,    0,    0,    0,    0,    0,    0,    0,    0,    0,    0,    0,    0,    0,    0,    0,    0,    0,    0,    0,    0,    0,    0,    0,  -65,    0,    0,    0,    0,    0,    0,    0,    0,    0,    0,    0,    0,    0,  -33,    0,    0,    0,    0,    0,    0,    0,    0,    0,    0,    0,    0,    0,
       0,    0,    0,    0,    0,    0,    0,    0,    0,    0,  -47,    0,   -9,    0,    0,    0,    0,    0,    0,    0,    0,    0,  -14,    0,  -19,  -19,    0,  -23,    0,    0,    0,    0,    0,    0,    0,    0,    0,    0,    0,    5,    0,    0,    0,    0,    0,    0,    0,    0,    0,    0,    0,    0,    0,    0,    0,    0,    0,    0,    0,    0,    0,    0,    0,    0,    0,
       0,    0,    0,    0,    0,    0,    0,    0,    0,    0,    0,    0,    0,    0,    0,    0,    0,    0,    0,    0,    0,    0,    0,    0,    0,    0,    0,    0,    0,    0,    0,    0,    0,    0,    0,    0,    0,    0,    0,    0,    0,    0,    0,    0,    0,    0,    0,    0,    0,    0,    0,    0,    0,    0,    0,    0,    0,    0,    0,    0,    0,    0,    0,   37,    0,
       0,    0,    0,    0,    0,    0,    0,    0,    0,    0,    0,    0,    0,    0,    0,    0,    0,    0,    0,    0,    0,    0,    0,    0,    0,    0,    0,    0,    0,    0,    0,    0,    0,    0,    0,    0,    0,    0,    0,    0,    0,    0,    0,    0,    0,    0,    0,    0,    0,    0,    0,    0,    0,    0,    0,    0,    0,    0,    0,    0,    0,    0,    0,    0,   37,
};

static const EpdLigaturePair notoserif_14_boldLigaturePairs[] = {
    { 0x00660066, 0xFB00 }, // f f -> U+FB00
    { 0x00660069, 0xFB01 }, // f i -> U+FB01
    { 0x0066006C, 0xFB02 }, // f l -> U+FB02
    { 0xFB000069, 0xFB03 }, // U+FB00 i -> U+FB03
    { 0xFB00006C, 0xFB04 }, // U+FB00 l -> U+FB04
};

static const EpdFontData notoserif_14_bold = {
    notoserif_14_boldBitmaps,
    notoserif_14_boldGlyphs,
    notoserif_14_boldIntervals,
    18,
    40,
    32,
    -9,
    true,
    nullptr,
    0,
    nullptr,
    notoserif_14_boldKernLeftClasses,
    notoserif_14_boldKernRightClasses,
    notoserif_14_boldKernMatrix,
    381,
    448,
    70,
    65,
    notoserif_14_boldLigaturePairs,
    5,
    nullptr,
    nullptr,
    nullptr,
    1,
};
