/**
 * generated by fontconvert.py
 * name: notoserif_7_italic
 * size: 7
 * mode: 2-bit  compressed: true
 * Command used: fontconvert.py notoserif_7_italic 7 ../builtinFonts/source/NotoSerif/NotoSerif-Italic.ttf --2bit --compress --pnum --ink-floor 3
 */
#pragma once
#include "EpdFontData.h"

static const uint8_t notoserif_7_italicBitmaps[15511] = {
    0x85, 0x56, 0x5F, 0x88, 0x5C, 0x57, 0x19, 0xFF, 0x9D, 0x73, 0x76, 0xF6, 0x64, 0xFE, 0xDC, 0xBB,
    0x11, 0x76, 0x9B, 0x4D, 0x7A, 0x66, 0x76, 0x85, 0x15, 0x27, 0xED, 0x9D, 0x9D, 0x09, 0x5C, 0xF4,
    0x3E, 0x34, 0xC9, 0xA9, 0x22, 0x2A, 0x55, 0x59, 0x65, 0x17, 0x44, 0x52, 0xBA, 0x96, 0x05, 0x6D,
    0x09, 0x7A, 0x85, 0x2B, 0xA4, 0x89, 0x1B, 0xCF, 0x26, 0xE8, 0x83, 0x45, 0x19, 0xF0, 0x1F, 0x58,
    0x90, 0x51, 0x8B, 0x94, 0xB4, 0x0D, 0x23, 0x6C, 0x61, 0x85, 0xDA, 0xDC, 0xB4, 0xA0, 0x28, 0x3E,
    0xDC, 0x14, 0x52, 0x7D, 0x92, 0x79, 0x30, 0x25, 0xFA, 0x50, 0xE7, 0x61, 0x1F, 0x82, 0x34, 0xC1,
    0xDF, 0xB9, 0xB3, 0xBB, 0xA9, 0x42, 0xF1, 0xDE, 0x33, 0xBB, 0x7B, 0xEF, 0x7E, 0xE7, 0x3B, 0xBF,
    0xEF, 0xF7, 0xFD, 0xBE, 0xEF, 0x1B, 0x61, 0xB5, 0xD5, 0xA8, 0xA3, 0x86, 0x00, 0x0D, 0x1C, 0x02,
    0xD0, 0x46, 0xC2, 0x9F, 0xB3, 0x36, 0xCE, 0x4F, 0xE4, 0x27, 0x1C, 0xFF, 0x7C, 0x14, 0xE2, 0x13,
    0x90, 0x9F, 0xC1, 0x83, 0x57, 0x71, 0xEC, 0x29, 0x54, 0x97, 0xD0, 0xE8, 0xE1, 0xDA, 0x5D, 0xCC,
    0xF6, 0xD1, 0xCB, 0xD1, 0xF3, 0x16, 0x58, 0x94, 0x77, 0xC3, 0x2F, 0x05, 0xDF, 0x09, 0x73, 0x5D,
    0x88, 0x3B, 0x9F, 0x3F, 0xFB, 0xCB, 0xE8, 0x42, 0xA6, 0x6D, 0x85, 0xFF, 0x10, 0x76, 0x0A, 0xC1,
    0x7A, 0x0F, 0xED, 0xB4, 0x8F, 0xF8, 0x1B, 0x0E, 0xBD, 0x5F, 0x4D, 0x21, 0xFE, 0xE3, 0x57, 0x70,
    0xEC, 0x8B, 0x6F, 0x58, 0x9C, 0xE0, 0xE7, 0xCD, 0xCB, 0x90, 0x97, 0xBE, 0x0B, 0x8D, 0xDB, 0x28,
    0xAF, 0xA7, 0x20, 0xFF, 0x62, 0xD5, 0xC7, 0xAD, 0xFA, 0x24, 0xE4, 0x3F, 0xA0, 0x47, 0xBB, 0xED,
    0x2C, 0x4F, 0x97, 0x6D, 0x3A, 0x83, 0x6C, 0xC6, 0xB6, 0x7E, 0x3D, 0xF2, 0xD0, 0xE2, 0xDE, 0xA2,
    0x37, 0x5D, 0x57, 0xAE, 0x8E, 0x26, 0x22, 0xC4, 0xC8, 0x90, 0x96, 0x77, 0x8C, 0x79, 0x54, 0x20,
    0x21, 0x72, 0x14, 0x18, 0x95, 0x77, 0x21, 0x0A, 0x99, 0x2B, 0x5B, 0x87, 0xC1, 0x3A, 0x37, 0x7D,
    0x20, 0xEF, 0xAC, 0x3E, 0x78, 0xFB, 0x23, 0x03, 0xB5, 0x24, 0x3C, 0x3C, 0x27, 0xDC, 0xC3, 0xB7,
    0x1F, 0xF8, 0x11, 0x7F, 0xDB, 0x76, 0xA7, 0xB1, 0x81, 0xA7, 0x79, 0xA7, 0x43, 0xEF, 0xBD, 0x4A,
    0x3A, 0x96, 0xD0, 0x43, 0x1F, 0xB9, 0xB0, 0x0A, 0xD3, 0x7C, 0x9C, 0xE7, 0xE3, 0x22, 0x44, 0x5F,
    0x9F, 0x69, 0x84, 0xED, 0x5A, 0x5C, 0xCB, 0xC2, 0x34, 0x48, 0x4D, 0xDA, 0x8E, 0x7B, 0xAD, 0xC2,
    0xE3, 0x12, 0xDB, 0xF5, 0x14, 0xC3, 0xC9, 0x99, 0x22, 0xE7, 0xA9, 0xAE, 0xFB, 0x77, 0x6C, 0x40,
    0x3D, 0x07, 0xAD, 0xAC, 0x50, 0x96, 0x24, 0x13, 0x05, 0x61, 0x08, 0x87, 0x69, 0x81, 0xF6, 0x51,
    0x9C, 0x7E, 0x17, 0xDE, 0xE0, 0xA7, 0x56, 0x2B, 0xE7, 0x0D, 0x42, 0x88, 0x5D, 0x30, 0x26, 0xCC,
    0xE0, 0x70, 0x88, 0xB8, 0x89, 0xE5, 0xED, 0x92, 0x15, 0xE1, 0xDF, 0xE0, 0x61, 0xE0, 0x67, 0x10,
    0xDF, 0xC7, 0x74, 0x00, 0x63, 0x70, 0xEA, 0x35, 0xEB, 0x33, 0x15, 0x43, 0xDE, 0x85, 0x58, 0xD3,
    0xF7, 0x0E, 0x89, 0x43, 0x38, 0x8A, 0x63, 0x63, 0xBE, 0x8C, 0x90, 0x14, 0xD9, 0x05, 0x8F, 0x69,
    0x03, 0xF2, 0x39, 0xD4, 0xA4, 0x77, 0x19, 0xAD, 0xE0, 0xD4, 0x39, 0xC4, 0x66, 0x7F, 0x25, 0x08,
    0x3D, 0x9B, 0x98, 0x5B, 0xFD, 0xF6, 0xBB, 0x2E, 0x21, 0x79, 0x25, 0x4F, 0x35, 0x22, 0xF4, 0x0F,
    0xE2, 0xF9, 0x99, 0xC7, 0x4D, 0xCD, 0xD4, 0x42, 0xA3, 0x47, 0xC7, 0xB7, 0x87, 0xD1, 0xC8, 0x0C,
    0xDB, 0xCB, 0xB4, 0x17, 0xFD, 0xFA, 0x19, 0x13, 0x24, 0x61, 0x12, 0x24, 0x9D, 0x99, 0x97, 0x3C,
    0xF9, 0x2B, 0x83, 0x0B, 0xD4, 0x40, 0x10, 0x78, 0x5F, 0x69, 0x0A, 0x65, 0x19, 0xC7, 0xDE, 0xD5,
    0xE4, 0x5D, 0x25, 0x8B, 0xBC, 0xA6, 0x70, 0x4E, 0xBB, 0x47, 0xD0, 0x82, 0x28, 0x3C, 0x07, 0x28,
    0x43, 0x9F, 0x5B, 0x7D, 0xE8, 0x85, 0x45, 0xDA, 0xC8, 0x82, 0x8E, 0xA8, 0x18, 0x2F, 0xBC, 0x69,
    0x7B, 0x3C, 0xEB, 0x25, 0xC4, 0x30, 0x9C, 0x76, 0x0D, 0x92, 0xBE, 0x2F, 0x48, 0x54, 0xE8, 0xF6,
    0x95, 0xAF, 0xD2, 0xBF, 0x46, 0x50, 0xFB, 0x82, 0x35, 0xF1, 0x2F, 0xDC, 0xD2, 0xE0, 0x86, 0x8B,
    0x8B, 0x1B, 0xAE, 0x77, 0xE3, 0x75, 0xDB, 0x7B, 0xF3, 0x0F, 0x88, 0x9F, 0x39, 0x57, 0x3A, 0x0F,
    0x79, 0xA6, 0xF8, 0x77, 0x1F, 0xFB, 0xDC, 0xD5, 0xAD, 0x5F, 0x1F, 0x76, 0x78, 0xD2, 0xE1, 0xF5,
    0x5C, 0xFC, 0x24, 0x57, 0x57, 0x8A, 0x2A, 0x0A, 0x83, 0xD1, 0x45, 0xBD, 0x2B, 0xD6, 0x20, 0xDE,
    0x66, 0xCE, 0x86, 0x22, 0x1F, 0xCA, 0xBC, 0x50, 0xFF, 0xB2, 0xEA, 0x52, 0xAE, 0x6D, 0xA1, 0x45,
    0x51, 0x97, 0x79, 0xF7, 0x35, 0xE0, 0xA8, 0x15, 0x6F, 0x15, 0x75, 0x14, 0x9E, 0x44, 0x78, 0x30,
    0x59, 0xB9, 0x62, 0x3E, 0x4A, 0xD4, 0xEF, 0x96, 0x87, 0xAC, 0x59, 0x71, 0x6B, 0x8C, 0x22, 0x11,
    0x79, 0x24, 0x73, 0xA3, 0x5C, 0xC4, 0xC5, 0x80, 0x34, 0x86, 0x75, 0x59, 0x74, 0xEF, 0xD1, 0x60,
    0x45, 0xDC, 0x22, 0xC7, 0x3D, 0x4A, 0x53, 0xE6, 0x50, 0xFF, 0x84, 0x72, 0x8C, 0x85, 0xC2, 0xA7,
    0x34, 0xF3, 0xEE, 0x8B, 0xEE, 0x7F, 0x0D, 0x6E, 0x42, 0xFD, 0x78, 0x62, 0xC0, 0xEA, 0x44, 0x97,
    0x14, 0x1F, 0xB3, 0xE2, 0xE6, 0xB8, 0x8E, 0xE1, 0x7D, 0x18, 0x7A, 0x94, 0xC9, 0x3C, 0xF6, 0x87,
    0xD9, 0xFA, 0x3B, 0x25, 0x8C, 0xD5, 0x39, 0x2B, 0x76, 0x17, 0x2C, 0x0A, 0x2A, 0x29, 0x0F, 0xE8,
    0xC8, 0xF0, 0xA8, 0x57, 0xE9, 0x27, 0x81, 0xB6, 0x31, 0x9D, 0xC5, 0xF4, 0x96, 0xA2, 0x7B, 0xE9,
    0x0E, 0x6D, 0xA9, 0xB5, 0x3D, 0x9D, 0x2A, 0x37, 0xE9, 0x02, 0x3C, 0x66, 0xCE, 0xA2, 0x65, 0xBD,
    0x5E, 0xCC, 0xFE, 0x31, 0x71, 0x19, 0x6D, 0x0A, 0x4A, 0x9B, 0xDA, 0x66, 0x61, 0x11, 0xE1, 0x11,
    0x8B, 0xD9, 0xF2, 0x38, 0x0A, 0xF6, 0x24, 0xDF, 0x51, 0xD3, 0xD7, 0x1D, 0xE4, 0x9F, 0x00, 0xF5,
    0x32, 0x3F, 0x7F, 0x03, 0xF4, 0x63, 0xFC, 0x30, 0xC6, 0xBA, 0xCA, 0xD1, 0xDD, 0x1A, 0xD3, 0xB6,
    0xD4, 0x76, 0xB9, 0xDB, 0xC7, 0xE7, 0xFC, 0xD2, 0x3E, 0x3E, 0xB7, 0x47, 0xC0, 0x0A, 0x88, 0x88,
    0x36, 0xBB, 0x6A, 0x24, 0x76, 0x2A, 0x85, 0x3C, 0xDB, 0x28, 0x94, 0xF9, 0x50, 0xAE, 0xCC, 0x93,
    0xB9, 0x0C, 0x2E, 0xBB, 0x4A, 0x78, 0xD9, 0x56, 0x67, 0xB4, 0xED, 0x7E, 0x7A, 0xA1, 0x10, 0x2B,
    0x8C, 0x73, 0x5C, 0xB3, 0xD8, 0xAD, 0x42, 0xBC, 0xDA, 0x80, 0x7C, 0xBC, 0x01, 0x15, 0xCE, 0x43,
    0xE9, 0x59, 0x4C, 0xAB, 0xE7, 0x51, 0x91, 0x63, 0x0A, 0x6F, 0x8C, 0xAE, 0x1D, 0x30, 0x7D, 0x90,
    0x37, 0x8B, 0x92, 0xB7, 0x8C, 0x2A, 0x4B, 0x90, 0x65, 0x18, 0x66, 0x18, 0xC5, 0x4C, 0x95, 0xB6,
    0xF5, 0xDF, 0x4D, 0xD2, 0x47, 0x0D, 0x14, 0xFB, 0x1A, 0x18, 0xAB, 0xAD, 0x42, 0xBD, 0x63, 0xF5,
    0x7B, 0xC9, 0xFF, 0x7F, 0x4E, 0x28, 0x6B, 0x4F, 0xCE, 0x33, 0xD4, 0x69, 0xE9, 0xED, 0xD6, 0x81,
    0xB7, 0x91, 0x7A, 0xCB, 0xA9, 0x9F, 0x43, 0x3D, 0x06, 0x4D, 0x8A, 0xD9, 0x13, 0xB6, 0x0A, 0xB1,
    0x81, 0xFA, 0x13, 0x08, 0xF4, 0xA4, 0xD2, 0xA1, 0xB9, 0x77, 0xC7, 0xB3, 0xDD, 0xA7, 0x22, 0x23,
    0x5C, 0x9C, 0x94, 0xE5, 0x9A, 0x7D, 0xE5, 0xED, 0x7C, 0xEB, 0xBA, 0x3B, 0x20, 0xEB, 0x40, 0x0C,
    0x21, 0xF0, 0x75, 0x26, 0xEA, 0xD1, 0xD5, 0x65, 0x41, 0x0D, 0xE7, 0x91, 0x70, 0x89, 0xB4, 0xB1,
    0x44, 0xA6, 0x90, 0x2A, 0xD6, 0x0D, 0xD2, 0x06, 0xBA, 0xBB, 0xDE, 0xC9, 0x5A, 0x65, 0xE5, 0xA4,
    0x2C, 0x22, 0x69, 0x23, 0x0D, 0x13, 0xA0, 0x39, 0x8F, 0xA0, 0xC7, 0x7E, 0x8C, 0x30, 0x2F, 0x6B,
    0x82, 0x06, 0xB0, 0xAB, 0x27, 0x95, 0xCB, 0x22, 0x9D, 0xAF, 0x47, 0xB5, 0x3C, 0x37, 0x47, 0xAF,
    0x3B, 0xF3, 0xC1, 0x37, 0xD0, 0xFC, 0xF2, 0xEF, 0x11, 0x6C, 0xFD, 0x19, 0xA1, 0xBB, 0x8D, 0x19,
    0x3B, 0xE6, 0x91, 0x23, 0x66, 0x70, 0x4D, 0x8E, 0x18, 0x73, 0x1F, 0xBF, 0x71, 0x38, 0x55, 0xAA,
    0x63, 0x13, 0xF8, 0x01, 0x49, 0x47, 0x43, 0xB9, 0x8B, 0xF5, 0x62, 0xAD, 0x62, 0x37, 0xB5, 0x8B,
    0xA6, 0xD1, 0x6C, 0x20, 0xEC, 0xA1, 0xDE, 0x87, 0x76, 0x1E, 0xF2, 0x04, 0x35, 0x21, 0x53, 0xE3,
    0x7A, 0x6D, 0x5C, 0x91, 0xE5, 0xE9, 0x8C, 0xFD, 0x1C, 0x98, 0x23, 0xE5, 0x9F, 0x6C, 0x13, 0xF9,
    0xA9, 0x17, 0xC9, 0xB3, 0x1E, 0xF8, 0x59, 0x14, 0x72, 0x1A, 0x19, 0xDF, 0xC6, 0xF6, 0x7A, 0xFB,
    0x10, 0xBF, 0x65, 0xDF, 0xE4, 0xB5, 0xD8, 0x9B, 0x5C, 0x1C, 0x00, 0x72, 0x17, 0xFB, 0xDD, 0x96,
    0x1A, 0x96, 0xCE, 0x37, 0x1E, 0xAF, 0xE1, 0xAF, 0x31, 0x6E, 0x3E, 0xF5, 0xAB, 0xEB, 0x8D, 0xDE,
    0xEC, 0x7C, 0x8F, 0x1D, 0xE4, 0xB4, 0x2F, 0xD1, 0xE1, 0x12, 0xE4, 0x15, 0x84, 0x21, 0xA2, 0xC0,
    0xB7, 0x3F, 0x66, 0x31, 0x65, 0x16, 0x77, 0x70, 0x7A, 0x79, 0xD2, 0x26, 0x16, 0xB8, 0x95, 0xC7,
    0xEE, 0xB4, 0x3E, 0xDB, 0x0C, 0xA3, 0x20, 0x69, 0xC6, 0x51, 0x9A, 0x9D, 0x67, 0x62, 0xE4, 0x4E,
    0x60, 0xA2, 0xA9, 0x09, 0x8C, 0xF8, 0xF0, 0x42, 0x31, 0xB1, 0xAE, 0xDB, 0x49, 0x60, 0xF2, 0xEA,
    0xFB, 0xBA, 0x94, 0xDB, 0x41, 0x14, 0x25, 0xF1, 0xF0, 0xBC, 0xBD, 0xBF, 0x91, 0x23, 0x60, 0x08,
    0xB3, 0xE8, 0xA9, 0xBB, 0x56, 0x16, 0x56, 0x5A, 0xAE, 0xC1, 0xFD, 0xC2, 0x12, 0x65, 0xB6, 0x8F,
    0xC0, 0x97, 0x17, 0xB0, 0x82, 0xAB, 0x03, 0x4E, 0x42, 0x0A, 0x47, 0xD7, 0xA0, 0x5E, 0x60, 0x73,
    0x44, 0xB8, 0xE2, 0x5B, 0x4E, 0x1C, 0x62, 0x3D, 0xC0, 0x37, 0xCF, 0xA2, 0xB2, 0x52, 0x82, 0x3F,
    0x90, 0xC6, 0x26, 0xC2, 0xCF, 0xA1, 0x15, 0xFA, 0x6C, 0xB7, 0xD9, 0xC9, 0xD9, 0xE7, 0x89, 0x6A,
    0x61, 0xD2, 0x91, 0x35, 0xA7, 0x18, 0xD0, 0x29, 0xB9, 0x35, 0x65, 0x5B, 0x8D, 0xB1, 0x17, 0xBD,
    0xE1, 0x70, 0x03, 0xB6, 0xF9, 0xC2, 0x8F, 0xD1, 0xC1, 0x84, 0x55, 0xC1, 0xCE, 0x70, 0x64, 0x02,
    0xE4, 0xFE, 0x01, 0x0B, 0x36, 0x68, 0xC2, 0xAC, 0xA3, 0x99, 0x63, 0xB9, 0x40, 0x32, 0x44, 0xCC,
    0x3D, 0x9D, 0xD2, 0xC9, 0xA6, 0x61, 0xBC, 0x69, 0x3A, 0x1C, 0x15, 0x3B, 0xE8, 0x6C, 0x76, 0x88,
    0xE4, 0x59, 0xB4, 0x66, 0x38, 0x79, 0x83, 0x1A, 0xC1, 0x04, 0x44, 0x43, 0x9E, 0x88, 0x2A, 0x4D,
    0x66, 0x4A, 0x40, 0x9D, 0xF7, 0x07, 0x2B, 0xEF, 0x04, 0x41, 0x3B, 0x8C, 0x43, 0x8E, 0x58, 0x13,
    0x27, 0x2D, 0xB2, 0xC3, 0x82, 0x51, 0x3F, 0x74, 0x9A, 0xAD, 0x99, 0x63, 0x5F, 0xD9, 0x50, 0xFB,
    0x91, 0xB3, 0xB0, 0xED, 0xDB, 0x54, 0xBB, 0x6C, 0x53, 0xC7, 0xB9, 0xEB, 0x4A, 0xC8, 0xDC, 0xC5,
    0x26, 0x8B, 0xD2, 0x24, 0xDB, 0x3E, 0x3D, 0x51, 0xCE, 0x10, 0x1B, 0x9D, 0x9D, 0xF0, 0x4C, 0xEB,
    0x40, 0x50, 0x29, 0x6A, 0xA3, 0x76, 0xDC, 0x3E, 0xBC, 0x60, 0xA7, 0x0B, 0x0C, 0xFA, 0x83, 0xF3,
    0xCE, 0x8F, 0x27, 0x83, 0x6B, 0xF6, 0x3D, 0xD1, 0xC3, 0xF7, 0x85, 0x0E, 0x0F, 0x21, 0xFC, 0x03,
    0x80, 0x8F, 0x20, 0x7E, 0x09, 0xDD, 0x27, 0x3C, 0xC0, 0xCC, 0x44, 0x4D, 0x13, 0x98, 0x46, 0x30,
    0x1B, 0x2C, 0x86, 0x8E, 0x72, 0xC0, 0xB7, 0xAA, 0x55, 0xD3, 0x9A, 0x36, 0x0F, 0x55, 0xCC, 0xD3,
    0x0D, 0xF3, 0xBD, 0xD9, 0xE6, 0xB3, 0x8B, 0x2D, 0xED, 0x9A, 0xDA, 0x1B, 0xEB, 0x8F, 0x39, 0xB6,
    0x46, 0xF1, 0x57, 0x2F, 0x77, 0x2E, 0x99, 0xA1, 0x16, 0x21, 0x6A, 0x71, 0xEE, 0xA5, 0x60, 0x45,
    0x0D, 0x7B, 0xC8, 0xD6, 0x91, 0xF4, 0xD1, 0x71, 0x1C, 0x90, 0x4C, 0x8F, 0x0F, 0x2A, 0xC5, 0x03,
    0x39, 0xE6, 0xB8, 0xF7, 0x5E, 0xB5, 0x49, 0xD0, 0x23, 0x99, 0xB3, 0x5D, 0x1C, 0xF2, 0x53, 0x13,
    0x3B, 0xFE, 0x2B, 0x8D, 0x17, 0xBC, 0xC6, 0x49, 0x6A, 0xD6, 0x17, 0x0B, 0x53, 0x02, 0xB6, 0xC3,
    0xF5, 0xFF, 0xBA, 0x28, 0x0D, 0x59, 0xEC, 0x7D, 0x09, 0xCA, 0xD9, 0xA0, 0xB6, 0x95, 0x9B, 0x94,
    0x48, 0xC8, 0xCA, 0xAB, 0x4C, 0x7D, 0xF4, 0x53, 0x8B, 0xEC, 0x3A, 0xFF, 0x01, 0x8D, 0x56, 0x5D,
    0x8C, 0x13, 0x55, 0x14, 0xFE, 0xEE, 0x9D, 0x6D, 0xA7, 0x9D, 0x76, 0x66, 0xF7, 0x61, 0x8B, 0x5D,
    0x9C, 0xEE, 0x56, 0x53, 0xB1, 0xC2, 0xEC, 0xB6, 0x98, 0x59, 0x53, 0x12, 0x74, 0xEF, 0xAA, 0x89,
    0x12, 0x57, 0xD2, 0x98, 0xAD, 0x09, 0x09, 0x48, 0x03, 0xF8, 0xA0, 0x21, 0x30, 0x0F, 0x23, 0x51,
    0xC2, 0xCF, 0x7D, 0x10, 0x12, 0x13, 0x62, 0x4A, 0x04, 0x25, 0xD1, 0x87, 0xC6, 0x60, 0xA2, 0xA8,
    0xB1, 0x21, 0xFB, 0xB0, 0x1A, 0xD0, 0x2B, 0x2F, 0xBC, 0x60, 0x32, 0x81, 0x00, 0x0F, 0xFA, 0x50,
    0x4D, 0x08, 0x04, 0x1E, 0xDC, 0x98, 0x7D, 0x58, 0x89, 0x18, 0xCF, 0x4C, 0x59, 0x08, 0x61, 0xD7,
    0x76, 0xEE, 0x4D, 0xFA, 0x73, 0xBE, 0x7B, 0xEE, 0xBD, 0xDF, 0xF9, 0xCE, 0x39, 0x63, 0x58, 0x48,
    0x24, 0xB2, 0x05, 0xD7, 0x6B, 0xD5, 0x21, 0x58, 0x60, 0xCC, 0x17, 0x4F, 0xBE, 0x23, 0x4E, 0xE3,
    0x2F, 0x9C, 0xC6, 0xDE, 0xEA, 0x88, 0x48, 0x00, 0x43, 0xC0, 0x15, 0xC5, 0xA5, 0xD2, 0x04, 0x34,
    0x89, 0xD4, 0x0D, 0x70, 0x05, 0x26, 0x41, 0x3F, 0x8D, 0xA3, 0x58, 0xFD, 0x2F, 0xA2, 0xE7, 0xBB,
    0x56, 0xB9, 0x59, 0x2D, 0xD7, 0xF3, 0xEF, 0xB5, 0x8F, 0xE7, 0x6B, 0x19, 0xEC, 0xB3, 0xE0, 0x64,
    0x61, 0x97, 0x61, 0x36, 0x60, 0x49, 0xEC, 0x6E, 0x62, 0xAB, 0xC0, 0x1B, 0x55, 0x98, 0xC0, 0x4F,
    0x02, 0xA8, 0x87, 0x4F, 0x15, 0xF7, 0xBF, 0xF0, 0x6F, 0x0D, 0xC3, 0xEC, 0x4B, 0x89, 0x47, 0xDB,
    0x85, 0x7D, 0x8E, 0xDD, 0x7F, 0x82, 0xCF, 0xC1, 0xAB, 0x96, 0x9B, 0x8D, 0x95, 0xA2, 0xA0, 0x0A,
    0x12, 0x6F, 0x41, 0x3F, 0xDE, 0xB6, 0x87, 0x8A, 0xF9, 0x4B, 0x53, 0x4F, 0xCB, 0xD8, 0x76, 0x11,
    0x7F, 0x5C, 0xC6, 0xD6, 0xAA, 0x64, 0xE1, 0x87, 0x29, 0x13, 0x3E, 0xBF, 0x25, 0xC9, 0x13, 0xAB,
    0xE6, 0x9A, 0x6E, 0x50, 0x56, 0xE3, 0xC1, 0x60, 0x95, 0x25, 0x0C, 0xD7, 0x69, 0xAF, 0x53, 0x76,
    0x33, 0x91, 0x5F, 0xFD, 0x65, 0x66, 0x13, 0x92, 0x34, 0xF0, 0x36, 0x8D, 0x8E, 0xA7, 0xDC, 0x74,
    0x31, 0x7F, 0x7D, 0xAA, 0x7C, 0xF1, 0x50, 0xFD, 0x7A, 0x3C, 0x7F, 0x33, 0x56, 0xBE, 0x94, 0x7C,
    0xE2, 0x8F, 0xDF, 0xEE, 0x79, 0x3A, 0x78, 0xC7, 0xC0, 0xB8, 0x2A, 0xD3, 0x18, 0xA1, 0xA3, 0x32,
    0xC9, 0xE4, 0x9A, 0x1B, 0x2B, 0x8E, 0xD1, 0x27, 0xFD, 0x9A, 0xF8, 0x07, 0x30, 0xDA, 0x69, 0x0F,
    0x4D, 0x26, 0xE3, 0x03, 0xA3, 0x8D, 0x0C, 0xFD, 0x37, 0xAC, 0xF2, 0x41, 0x5C, 0xEA, 0x62, 0x52,
    0x5D, 0x95, 0x19, 0x20, 0xE7, 0x82, 0x4F, 0x2A, 0xED, 0x79, 0xA5, 0x6B, 0x52, 0xD7, 0x84, 0xA1,
    0xC3, 0xA2, 0xD9, 0x8F, 0x91, 0xEB, 0xB2, 0x00, 0xB8, 0xC0, 0x7A, 0x60, 0x30, 0xE2, 0xAC, 0xF4,
    0xA7, 0x98, 0xB8, 0x80, 0x83, 0x17, 0x30, 0x11, 0xCD, 0xD8, 0x05, 0xE0, 0xC1, 0xC9, 0x7E, 0x41,
    0xFC, 0xB0, 0x00, 0x45, 0xC6, 0xD4, 0x57, 0x0E, 0xEA, 0x58, 0x03, 0x83, 0x18, 0x34, 0x91, 0x43,
    0x0D, 0x4C, 0xE4, 0x9A, 0x15, 0xCF, 0x6D, 0xAE, 0x53, 0x31, 0x0C, 0x8A, 0x74, 0xDD, 0x70, 0x2D,
    0xBF, 0x18, 0xBC, 0x06, 0x1D, 0x03, 0x6B, 0xD0, 0x30, 0x98, 0x34, 0x35, 0x98, 0x04, 0xCD, 0xBA,
    0x35, 0x6F, 0x06, 0xE7, 0x3C, 0xBE, 0xA1, 0x15, 0x37, 0x16, 0xD2, 0x68, 0x13, 0x53, 0x11, 0x46,
    0x19, 0x5C, 0x98, 0x71, 0x98, 0x69, 0xE4, 0x56, 0xCD, 0xD6, 0xB6, 0xDB, 0x50, 0x45, 0x4D, 0xD4,
    0x93, 0xEC, 0x7D, 0x3B, 0xB5, 0x03, 0xB1, 0x30, 0x38, 0x30, 0x9A, 0x7D, 0x48, 0x7B, 0x59, 0xB0,
    0x86, 0x07, 0x16, 0x28, 0x0C, 0x7C, 0x2E, 0x30, 0x7E, 0xC5, 0x44, 0x2C, 0x3D, 0x0A, 0x14, 0x3E,
    0x03, 0xB6, 0xED, 0x04, 0xCE, 0xFD, 0x48, 0x52, 0xA8, 0x10, 0x7A, 0x1A, 0x08, 0x68, 0x00, 0xC4,
    0x98, 0x01, 0x9F, 0x76, 0x0A, 0xEA, 0xAD, 0xF6, 0x6A, 0x11, 0x7A, 0xA2, 0xB8, 0x6B, 0xC4, 0x25,
    0x90, 0x12, 0xE1, 0x7C, 0x52, 0x62, 0x9B, 0xC4, 0x39, 0xC5, 0x3E, 0x56, 0xDA, 0xA9, 0x20, 0x89,
    0xC0, 0x46, 0xFB, 0x80, 0x3E, 0x1F, 0xB1, 0xD2, 0x06, 0x17, 0xE0, 0x3D, 0x20, 0x75, 0x05, 0xBB,
    0xD1, 0xDD, 0xA7, 0xD1, 0x87, 0x55, 0x73, 0x44, 0x57, 0x17, 0x58, 0xBA, 0x8E, 0x44, 0xBD, 0x07,
    0x6F, 0x12, 0x59, 0x92, 0xB4, 0xEA, 0x02, 0x63, 0xB5, 0x69, 0xF0, 0xEF, 0x77, 0x42, 0xF3, 0x12,
    0x48, 0xB6, 0x28, 0xE0, 0x6D, 0xD2, 0xFA, 0x6D, 0x89, 0xCB, 0x01, 0xF8, 0x29, 0x85, 0x38, 0x57,
    0x03, 0x69, 0x4D, 0xD6, 0x0F, 0x8C, 0xDC, 0x0A, 0x30, 0x24, 0xD8, 0x95, 0x20, 0x85, 0x20, 0x07,
    0x38, 0x00, 0x31, 0xE9, 0x47, 0x93, 0x94, 0xE2, 0x70, 0xA4, 0xEE, 0x84, 0xAC, 0xA2, 0x89, 0x58,
    0x1B, 0xB1, 0x88, 0x4A, 0xD8, 0x20, 0x35, 0xB3, 0xD7, 0xAB, 0xEC, 0x9A, 0x87, 0xA0, 0xCC, 0x54,
    0x98, 0x8F, 0xDA, 0xCD, 0x30, 0x37, 0x29, 0x25, 0x75, 0x88, 0x14, 0x54, 0xE9, 0xEB, 0x50, 0xC8,
    0xE0, 0x12, 0x71, 0xB0, 0x4D, 0x3D, 0x20, 0xE9, 0x2A, 0x45, 0xC5, 0xDE, 0xEC, 0x86, 0x1C, 0x57,
    0x78, 0x4C, 0xB2, 0x5A, 0x57, 0x87, 0x2C, 0x40, 0x9D, 0xED, 0x60, 0xF3, 0x08, 0x98, 0xE2, 0x4A,
    0x93, 0x94, 0x09, 0x42, 0x47, 0x0A, 0xA5, 0x70, 0x33, 0x87, 0x6C, 0xC7, 0x96, 0xB1, 0xCD, 0xF2,
    0x23, 0x7C, 0x7A, 0x29, 0x1B, 0x7F, 0x95, 0x6F, 0x60, 0x4B, 0x5A, 0x58, 0x4D, 0xB0, 0x6B, 0x73,
    0x08, 0x2A, 0x4C, 0x39, 0x5C, 0xD9, 0xA9, 0x1B, 0x8E, 0x26, 0x1D, 0x5D, 0x54, 0x74, 0xB4, 0x52,
    0x3C, 0x28, 0x51, 0x7D, 0x8A, 0xBF, 0x48, 0x8C, 0x2D, 0x90, 0xEE, 0x33, 0x82, 0xCD, 0x19, 0x02,
    0xF3, 0x44, 0xDF, 0x99, 0x34, 0xF8, 0x96, 0x34, 0x34, 0x2B, 0x0B, 0x4D, 0x1F, 0x44, 0x5C, 0x3B,
    0x89, 0x18, 0x15, 0x9D, 0x24, 0xE6, 0x50, 0x12, 0xCD, 0x45, 0x9E, 0xE3, 0xC0, 0x4A, 0xF0, 0xCB,
    0x14, 0x9D, 0x56, 0x0E, 0xBE, 0x03, 0xBF, 0x02, 0xDF, 0x47, 0x8B, 0xB4, 0xED, 0xD2, 0x6E, 0xBA,
    0x48, 0x9D, 0xC5, 0xDD, 0x87, 0xEE, 0x9F, 0x0C, 0x4B, 0x65, 0x4F, 0xE0, 0x7E, 0x60, 0x5C, 0x62,
    0x93, 0xE8, 0x0E, 0x2E, 0x0E, 0xE0, 0xD3, 0xA0, 0xA7, 0x33, 0x44, 0xA1, 0xE9, 0xED, 0x00, 0x0D,
    0x6F, 0x5C, 0x51, 0x3D, 0x12, 0x5E, 0x20, 0xF3, 0x18, 0xAA, 0x87, 0x2B, 0xD8, 0x5C, 0x8E, 0xFB,
    0x4E, 0xC2, 0xAF, 0x14, 0x7C, 0xBF, 0xDE, 0xF2, 0x65, 0xFB, 0x19, 0xA6, 0x46, 0x75, 0x31, 0x72,
    0x16, 0x03, 0x9D, 0x35, 0xA4, 0xE1, 0x02, 0x32, 0x93, 0xD3, 0x63, 0x8C, 0x24, 0xAE, 0x1C, 0x26,
    0x2B, 0x5C, 0xB8, 0x1C, 0xBE, 0x06, 0x4F, 0x43, 0x2B, 0x0E, 0x2F, 0x8D, 0xD2, 0xFC, 0xE2, 0xFD,
    0x0C, 0x20, 0xDB, 0x33, 0xF8, 0x59, 0xE0, 0x93, 0xDE, 0xC0, 0xE7, 0x81, 0xC3, 0x3D, 0xBB, 0xA5,
    0xE8, 0x95, 0x51, 0x8B, 0x89, 0xFD, 0xBA, 0x74, 0xE2, 0xC8, 0xA5, 0x61, 0x95, 0x91, 0x6A, 0x40,
    0x97, 0xA4, 0xD3, 0x70, 0xA6, 0x80, 0xDD, 0x12, 0x6C, 0x1A, 0xA4, 0x29, 0xFC, 0x0D, 0x76, 0x91,
    0x64, 0x15, 0x68, 0xB2, 0xAD, 0x4D, 0x06, 0xFA, 0x4B, 0x52, 0xFF, 0x2A, 0x04, 0x44, 0x92, 0xA4,
    0x02, 0x3F, 0x03, 0xB7, 0x08, 0xAF, 0xC8, 0x7F, 0x9F, 0xC5, 0x55, 0xE0, 0x57, 0xB0, 0xF3, 0x92,
    0xFF, 0x3C, 0xA7, 0x49, 0x57, 0xDB, 0x51, 0xD6, 0x87, 0x03, 0x3D, 0xBA, 0xF1, 0x66, 0x20, 0x2A,
    0x9A, 0xA0, 0xB4, 0x40, 0x23, 0x4A, 0xBF, 0x53, 0xB0, 0xA8, 0x0F, 0x9A, 0x70, 0xED, 0x30, 0x1C,
    0x1E, 0x85, 0x63, 0x16, 0x13, 0x63, 0x8B, 0x27, 0xCC, 0x85, 0x27, 0xEC, 0x0E, 0x9B, 0x01, 0x3F,
    0xD2, 0x05, 0xC6, 0x8E, 0x22, 0xB6, 0xBF, 0x0B, 0x46, 0xDB, 0x0C, 0x9E, 0xED, 0xB6, 0xDD, 0x49,
    0xB0, 0x29, 0xB0, 0x13, 0xA0, 0xA8, 0xFF, 0x0F, 0x8C, 0x7F, 0x71, 0xC6, 0xEC, 0xB7, 0x1C, 0xD3,
    0x74, 0xED, 0x77, 0xFD, 0xB1, 0x86, 0xB7, 0x1E, 0xEE, 0xCE, 0xBE, 0xD2, 0x2B, 0x21, 0xF5, 0x7C,
    0xD6, 0xB4, 0x9D, 0x3E, 0x97, 0xEA, 0x97, 0x07, 0x77, 0x60, 0x84, 0xA8, 0xE1, 0xF2, 0x11, 0x91,
    0xE9, 0xB0, 0x42, 0x69, 0xC5, 0x67, 0x4C, 0xC7, 0xA9, 0xB8, 0xAD, 0xBD, 0xA2, 0x63, 0x8F, 0x76,
    0xA5, 0x82, 0xB0, 0x8C, 0x65, 0x9E, 0x6F, 0x5E, 0xCA, 0xA2, 0x4D, 0xF1, 0x97, 0x97, 0x5E, 0x61,
    0x87, 0x29, 0x8B, 0x51, 0xEA, 0x37, 0x36, 0x8D, 0x22, 0x55, 0x53, 0x17, 0x9D, 0xAB, 0x71, 0xB5,
    0x9C, 0xA5, 0x3F, 0x4C, 0xC6, 0x25, 0x2C, 0x6B, 0xD5, 0x63, 0x72, 0x19, 0x5F, 0x87, 0x30, 0x43,
    0x27, 0xDB, 0x92, 0xDA, 0x65, 0x5B, 0x15, 0xCB, 0xB7, 0xBC, 0x9C, 0x5B, 0x19, 0x6E, 0x47, 0x71,
    0x88, 0x1F, 0x08, 0x01, 0xA3, 0xFB, 0x61, 0x6D, 0xC4, 0xB0, 0x05, 0xDB, 0x44, 0xD1, 0x46, 0xC5,
    0x86, 0x4B, 0x14, 0x8E, 0x88, 0x45, 0x7D, 0x84, 0xF7, 0x5D, 0x30, 0xCD, 0xA2, 0xE5, 0x86, 0xAB,
    0xED, 0xCE, 0xEA, 0xE8, 0xF8, 0xE5, 0x65, 0x2C, 0x33, 0x11, 0x13, 0x0F, 0x59, 0xC2, 0x1D, 0x3B,
    0x91, 0x5F, 0x08, 0xBB, 0x7D, 0xD1, 0x82, 0x6B, 0xC1, 0xB7, 0xE0, 0xD1, 0x8E, 0x15, 0x74, 0xD6,
    0xF2, 0x0E, 0x5B, 0x0F, 0xAF, 0xA5, 0x3E, 0x0D, 0xD0, 0xFB, 0xD1, 0x74, 0xC8, 0x0E, 0x04, 0x35,
    0x3F, 0x7E, 0x1B, 0x66, 0x0E, 0xC5, 0x31, 0xB8, 0x1F, 0x62, 0xCF, 0x46, 0xEC, 0xA1, 0xA3, 0x57,
    0xF0, 0x5C, 0x1B, 0xE2, 0x41, 0x61, 0x8F, 0xEA, 0x30, 0x53, 0xB0, 0xEF, 0x5D, 0x8F, 0x04, 0xF0,
    0x0D, 0x4A, 0x5B, 0xC5, 0x7D, 0x61, 0xBB, 0x3D, 0xC0, 0x66, 0xC1, 0x8E, 0x74, 0x81, 0xB1, 0x0F,
    0xC2, 0xD9, 0xDD, 0x15, 0xB5, 0x48, 0x1E, 0x7E, 0xE7, 0x81, 0x87, 0x36, 0x95, 0xBC, 0x32, 0xFC,
    0x3A, 0x2A, 0x0D, 0x8C, 0x4A, 0x0C, 0x47, 0x2F, 0x1F, 0x54, 0x0D, 0x3C, 0xAC, 0x50, 0xC8, 0xE0,
    0xEE, 0x9B, 0x43, 0xD8, 0xB8, 0xA8, 0x6B, 0xED, 0x82, 0xFE, 0x91, 0xD0, 0x5F, 0x90, 0x29, 0x4D,
    0x58, 0xBA, 0x08, 0xB7, 0xC8, 0x61, 0x6C, 0x86, 0x82, 0x1D, 0xDE, 0x80, 0x5A, 0xF1, 0x53, 0x61,
    0x0D, 0x6E, 0xA0, 0xD0, 0xE8, 0xD1, 0xF9, 0x7F, 0x95, 0x58, 0x4D, 0x68, 0x24, 0x69, 0x19, 0x7E,
    0xBE, 0xAA, 0xE9, 0xAE, 0x74, 0x2A, 0x55, 0xC9, 0x61, 0x62, 0xB2, 0xB3, 0xD5, 0xDD, 0x11, 0x66,
    0xB1, 0x1D, 0x2A, 0xD3, 0x41, 0x4A, 0x68, 0x61, 0xD7, 0xF9, 0x14, 0x54, 0x64, 0x75, 0xE9, 0x43,
    0x7A, 0x9C, 0x45, 0xD7, 0x8D, 0x1A, 0x51, 0xC6, 0x65, 0xED, 0x85, 0x12, 0x64, 0xD8, 0x84, 0x2F,
    0x73, 0x11, 0x75, 0x85, 0x16, 0x61, 0xF6, 0x20, 0x6A, 0x1F, 0xE6, 0xB0, 0x33, 0xEA, 0x6E, 0x83,
    0x11, 0x72, 0x58, 0xD9, 0x1A, 0x05, 0x0F, 0xCB, 0x1E, 0xCA, 0xC3, 0x0C, 0x0A, 0x22, 0x0D, 0xCE,
    0xE8, 0xB2, 0x07, 0x69, 0x24, 0x87, 0x1C, 0xD6, 0xC1, 0xE7, 0xFB, 0xFA, 0x27, 0xC9, 0xA6, 0x3B,
    0xD5, 0xF3, 0xA5, 0xF2, 0xD3, 0xD4, 0xFB, 0x3E, 0xF5, 0xFE, 0x3C, 0xEF, 0x4F, 0x05, 0xE7, 0xDA,
    0xC8, 0x4B, 0xB8, 0xE6, 0xFA, 0x88, 0xC2, 0xD7, 0x15, 0xFE, 0x98, 0x88, 0x1B, 0x89, 0x7D, 0x3B,
    0x2D, 0x20, 0x0D, 0xD0, 0xDD, 0x76, 0xF6, 0xAD, 0x5B, 0xE0, 0xB1, 0x6E, 0xC3, 0xF7, 0x11, 0x7A,
    0x88, 0x02, 0xC4, 0x21, 0x9A, 0x35, 0xC4, 0x7B, 0xB8, 0x74, 0x51, 0xDF, 0xC2, 0xCC, 0x0A, 0xDC,
    0x14, 0x16, 0x32, 0x70, 0x72, 0x10, 0x07, 0x59, 0x50, 0x22, 0x03, 0x04, 0xA2, 0x05, 0x5B, 0xC2,
    0x6E, 0x01, 0xF5, 0x89, 0x38, 0x9B, 0x40, 0x0A, 0xDC, 0x07, 0xCE, 0xF6, 0x31, 0x13, 0x38, 0xC0,
    0x39, 0x29, 0xEE, 0xA5, 0x2E, 0xD2, 0x22, 0x10, 0x02, 0x35, 0x20, 0x36, 0x57, 0xC4, 0x8F, 0x16,
    0xDC, 0xFF, 0xA1, 0x7F, 0x8A, 0x58, 0xA3, 0x81, 0x7B, 0x5E, 0x10, 0x9E, 0x89, 0x78, 0xBB, 0x89,
    0x68, 0xA1, 0x9C, 0xF6, 0x6F, 0xCD, 0x4B, 0x3C, 0x91, 0xE0, 0xB1, 0xA9, 0x60, 0xF6, 0xC4, 0x2B,
    0x93, 0x60, 0x68, 0x4A, 0x1E, 0x53, 0xC2, 0xC4, 0x58, 0x99, 0x04, 0x53, 0x68, 0xC2, 0x4E, 0xA6,
    0x74, 0x0A, 0xAF, 0x02, 0x4F, 0x99, 0xC8, 0xEF, 0xC1, 0x0B, 0x10, 0x9E, 0xD1, 0x02, 0x14, 0x6B,
    0x52, 0x72, 0x01, 0x43, 0x44, 0xDA, 0x45, 0xCC, 0x54, 0x5C, 0x96, 0xE2, 0x41, 0x0F, 0x69, 0x4D,
    0x24, 0xA1, 0x95, 0x04, 0xB6, 0x0A, 0x79, 0x39, 0xB2, 0xE6, 0xA0, 0xE3, 0x5A, 0x69, 0xF5, 0xA1,
    0x91, 0x74, 0x37, 0xE1, 0x6C, 0xD0, 0x15, 0xEB, 0xF5, 0x89, 0xA9, 0x14, 0x8D, 0x63, 0x38, 0xEE,
    0xBB, 0x63, 0x71, 0x24, 0xBE, 0x24, 0xF1, 0x65, 0x29, 0x6E, 0x63, 0xD6, 0x9B, 0x40, 0x89, 0x0B,
    0x4A, 0x5C, 0x6D, 0x89, 0x07, 0x4D, 0xA4, 0x6B, 0xCC, 0xA4, 0x95, 0xC0, 0x7E, 0x0F, 0xB6, 0xD2,
    0x2C, 0x70, 0x20, 0x5D, 0x24, 0xD5, 0x5F, 0x2B, 0x4D, 0x51, 0x6B, 0xD7, 0x0B, 0xC3, 0x5A, 0xD4,
    0xB9, 0x26, 0x47, 0x61, 0x5A, 0x51, 0xA8, 0x4A, 0xF1, 0x6C, 0x3D, 0x43, 0x79, 0x46, 0xEC, 0x8F,
    0x55, 0xD7, 0xF6, 0x01, 0x64, 0x6D, 0x23, 0x03, 0x81, 0x82, 0x1D, 0x6C, 0x8C, 0xC3, 0xC8, 0x56,
    0x5D, 0x86, 0x66, 0xDC, 0x27, 0x80, 0xC5, 0x13, 0xEA, 0x8E, 0xF4, 0xE0, 0x4B, 0x21, 0x4D, 0xBA,
    0x19, 0xED, 0x44, 0x5C, 0xCE, 0x36, 0x04, 0xDF, 0x92, 0x83, 0x5C, 0xEF, 0xC2, 0x0B, 0x11, 0xD6,
    0x10, 0x75, 0x70, 0x4D, 0x9E, 0xC8, 0x75, 0x9F, 0xCD, 0xE4, 0xCF, 0xDD, 0x9E, 0x8B, 0xCE, 0x21,
    0x7F, 0x9C, 0x6E, 0x6C, 0x25, 0x91, 0xCE, 0xBA, 0x74, 0xFF, 0x33, 0x14, 0x26, 0xE0, 0x0D, 0xFE,
    0xAA, 0xE3, 0xF5, 0xB6, 0xFD, 0x39, 0x38, 0x0E, 0x9C, 0x59, 0xD8, 0xAF, 0xE9, 0xCE, 0xE1, 0xD7,
    0x35, 0xCD, 0x22, 0x1F, 0x1B, 0x1E, 0xBE, 0xF7, 0x02, 0x72, 0xF5, 0x41, 0xD4, 0xA7, 0x42, 0xDE,
    0x91, 0xD8, 0x9E, 0x1A, 0x76, 0x54, 0x3A, 0x53, 0xDA, 0x1C, 0x40, 0xC7, 0x76, 0x4A, 0xF0, 0x4C,
    0x4C, 0x09, 0xA1, 0x74, 0x87, 0x1B, 0x9C, 0x9C, 0xC1, 0x9F, 0xDE, 0x72, 0x88, 0x1E, 0x6D, 0x3F,
    0x0F, 0x71, 0x85, 0x85, 0xBF, 0x5F, 0x96, 0x48, 0x7D, 0xB6, 0x25, 0x8F, 0x59, 0x0C, 0x98, 0xC6,
    0x37, 0x99, 0xC4, 0x1A, 0x1C, 0x19, 0xD1, 0xC3, 0x88, 0x9C, 0x6B, 0xA2, 0x7A, 0xFD, 0xE0, 0x68,
    0xE0, 0x51, 0xD6, 0x49, 0xD6, 0x6C, 0xF4, 0xB7, 0xE0, 0x3F, 0x83, 0x92, 0x8F, 0xC0, 0x43, 0x25,
    0x40, 0x2D, 0x40, 0xC4, 0x72, 0x29, 0x6B, 0x8E, 0x88, 0xF5, 0xC5, 0x11, 0xB6, 0xF3, 0xDE, 0x5B,
    0x2A, 0x03, 0x9B, 0x82, 0x8F, 0xD7, 0x51, 0xAE, 0xC3, 0xAF, 0xC0, 0xFF, 0x05, 0x4A, 0xDE, 0x38,
    0xC8, 0x9F, 0x22, 0xBF, 0x4D, 0xA3, 0xA1, 0x2B, 0x24, 0xC5, 0x80, 0x76, 0x4A, 0x5F, 0xCE, 0xD0,
    0xA2, 0xAA, 0x42, 0x65, 0xE1, 0xE7, 0xE4, 0xD5, 0x2A, 0x08, 0xC1, 0xAF, 0x0A, 0xE3, 0x17, 0x41,
    0xD7, 0xAE, 0x75, 0xCB, 0x7A, 0x8D, 0x9A, 0xA9, 0x48, 0xAC, 0xC4, 0x56, 0xB6, 0x72, 0xA4, 0x43,
    0x8D, 0xAA, 0xBA, 0xA0, 0xC6, 0x4A, 0xE7, 0xC4, 0x81, 0xD8, 0x1C, 0x27, 0xBF, 0xA2, 0x48, 0xA8,
    0x31, 0x1A, 0x62, 0x7D, 0x9C, 0x74, 0x81, 0x12, 0xAB, 0x3A, 0x43, 0x34, 0x90, 0x74, 0x39, 0xA1,
    0xB7, 0x49, 0x4F, 0xEE, 0xF7, 0x47, 0x43, 0x8C, 0x8D, 0xF1, 0x18, 0xE3, 0x9E, 0xD5, 0x60, 0x14,
    0xB6, 0x18, 0x86, 0x1A, 0xE3, 0x10, 0x31, 0x10, 0x31, 0xC3, 0xC0, 0x86, 0xA9, 0x3A, 0x8C, 0x45,
    0x97, 0xCF, 0x4A, 0xE1, 0x32, 0x40, 0xD5, 0xEB, 0x09, 0x74, 0x7C, 0x74, 0x5D, 0xE2, 0xAB, 0x54,
    0x5C, 0xEF, 0x53, 0xD7, 0x56, 0x79, 0x4B, 0x87, 0x74, 0xB5, 0x0C, 0xCF, 0x45, 0x70, 0x3C, 0x81,
    0x17, 0x6B, 0xA6, 0x67, 0x37, 0x21, 0x52, 0xE4, 0xE4, 0xB0, 0x33, 0x56, 0x12, 0x3C, 0x21, 0x51,
    0x92, 0x1C, 0x4A, 0x9A, 0x6D, 0x7D, 0x62, 0x8E, 0x3A, 0x77, 0x07, 0xE8, 0x0E, 0x92, 0xB2, 0x24,
    0x07, 0x93, 0xEE, 0x49, 0xDC, 0xE3, 0xCF, 0x5D, 0x0A, 0x35, 0xF9, 0xD5, 0xA6, 0x00, 0x3D, 0x13,
    0xF4, 0x6C, 0x89, 0x02, 0xE4, 0x07, 0x3D, 0x20, 0xA3, 0xD2, 0x0D, 0x88, 0x3B, 0x64, 0xF3, 0xDB,
    0x34, 0xF2, 0xB7, 0xFC, 0xFE, 0x07, 0xCD, 0x7B, 0xDA, 0x98, 0x08, 0x97, 0x33, 0xA5, 0xBA, 0xD3,
    0xEB, 0x73, 0xB6, 0xCD, 0x6F, 0x35, 0xA2, 0xFC, 0x21, 0x05, 0xCB, 0xD2, 0x2B, 0x22, 0xD8, 0x40,
    0x31, 0xC1, 0xC5, 0x14, 0xB5, 0x0E, 0x22, 0x3E, 0x6F, 0x55, 0xCB, 0xCC, 0x72, 0x17, 0x30, 0xC2,
    0xAB, 0x93, 0x65, 0x06, 0x72, 0xCB, 0x10, 0x9B, 0x93, 0x68, 0xA5, 0x86, 0xDD, 0xCC, 0x4A, 0xF2,
    0x38, 0x83, 0x2D, 0x7A, 0x1F, 0x9A, 0x44, 0x68, 0xAF, 0x3A, 0xDA, 0x2B, 0xEC, 0x99, 0x94, 0x64,
    0x02, 0x00, 0xBC, 0x25, 0x07, 0x83, 0x77, 0x98, 0x65, 0xE6, 0x58, 0x67, 0xD9, 0x67, 0x8E, 0x5D,
    0xA5, 0x2D, 0x59, 0x31, 0x60, 0x75, 0xB1, 0x9F, 0xE0, 0x2F, 0x72, 0x32, 0xD8, 0x56, 0x3B, 0x50,
    0xD3, 0xD8, 0xB1, 0x93, 0xD8, 0x3B, 0xEA, 0x03, 0xAA, 0x23, 0x17, 0x5E, 0x4A, 0x5E, 0x52, 0x13,
    0x54, 0xFF, 0x0A, 0xBB, 0xAB, 0x2D, 0x5A, 0x3A, 0xA6, 0x5A, 0x96, 0x43, 0x63, 0xCB, 0xF2, 0x65,
    0xBC, 0x30, 0x22, 0x64, 0xFF, 0x90, 0x05, 0x6C, 0x4C, 0xA2, 0xCE, 0xD2, 0xEF, 0xCD, 0x4A, 0xEC,
    0x17, 0x20, 0xDE, 0x9C, 0x83, 0xF5, 0xDC, 0x1C, 0x6C, 0x7F, 0x19, 0xB6, 0x73, 0x16, 0x79, 0xFB,
    0x26, 0x72, 0x56, 0x0F, 0x05, 0xF4, 0xD8, 0x97, 0xDB, 0x46, 0xCB, 0x03, 0xCE, 0x9B, 0x34, 0x9D,
    0xD2, 0x4D, 0x1E, 0x11, 0x52, 0x4F, 0x31, 0xB4, 0xFA, 0x7F, 0x9E, 0x02, 0xEB, 0x0C, 0x19, 0x62,
    0x8E, 0x75, 0xC5, 0x74, 0xC6, 0x47, 0x7D, 0xD6, 0x37, 0x06, 0x23, 0xEE, 0x94, 0xE7, 0x9C, 0xD5,
    0xC5, 0x80, 0x39, 0x2E, 0x5A, 0xFF, 0xED, 0xD6, 0xF7, 0x98, 0xAD, 0x26, 0xBA, 0x1D, 0xA4, 0x5D,
    0x91, 0xA4, 0x56, 0x92, 0xDA, 0xEA, 0xE0, 0x91, 0x5D, 0x6C, 0x19, 0x32, 0x69, 0x4A, 0x70, 0x54,
    0xF3, 0xD1, 0xFE, 0x33, 0x25, 0x3F, 0xF0, 0x2A, 0x41, 0x2D, 0x8C, 0x2A, 0xCD, 0x48, 0x93, 0x42,
    0xA4, 0x39, 0xBD, 0xAD, 0xE0, 0xAA, 0xB4, 0xEE, 0xA6, 0x66, 0x98, 0x70, 0x95, 0x89, 0xB9, 0xCA,
    0xC4, 0xE8, 0xC4, 0xE8, 0x46, 0x5C, 0x84, 0x1C, 0xE9, 0xFE, 0xC1, 0x38, 0xAE, 0x17, 0x96, 0x03,
    0xCF, 0xAB, 0xF8, 0x91, 0x1F, 0xFB, 0xCD, 0x20, 0xAA, 0x95, 0xBA, 0x18, 0x8D, 0x4E, 0x64, 0xEA,
    0x8B, 0x9C, 0x5E, 0xA5, 0xC7, 0x20, 0xF0, 0xF8, 0x31, 0x2A, 0x29, 0x2E, 0x64, 0x1B, 0xA1, 0xCF,
    0xBF, 0xA5, 0xF5, 0x13, 0x63, 0xD0, 0x01, 0x3C, 0x06, 0xD1, 0xD7, 0x93, 0x2B, 0xF6, 0xD1, 0x64,
    0x28, 0x6B, 0x18, 0x20, 0x9E, 0x6B, 0xD4, 0xAD, 0xBB, 0x0F, 0x9A, 0x5C, 0x33, 0xD7, 0x8A, 0xE4,
    0x29, 0xB7, 0x39, 0xD4, 0xB8, 0x7B, 0xC4, 0xEC, 0x70, 0x31, 0xC3, 0x11, 0x71, 0xFD, 0x08, 0xC9,
    0x56, 0xF7, 0x8D, 0x37, 0x54, 0x1F, 0xEA, 0x45, 0x78, 0xF3, 0x3F, 0x90, 0xE1, 0x3C, 0x27, 0xCE,
    0x3C, 0x9F, 0x3F, 0xDF, 0x42, 0xB3, 0xC4, 0xCE, 0x75, 0x29, 0x87, 0xD2, 0x3F, 0x0F, 0x46, 0xC9,
    0x37, 0x6B, 0xB9, 0x78, 0x16, 0xE2, 0x41, 0x8A, 0xB4, 0x23, 0x92, 0x8E, 0x95, 0x74, 0xED, 0x7B,
    0xCA, 0xFE, 0x25, 0xEC, 0xA7, 0xF5, 0x48, 0x75, 0x6D, 0x55, 0xDD, 0x49, 0x4D, 0x97, 0xD6, 0xD3,
    0x65, 0xCF, 0xFF, 0x4A, 0xE9, 0x48, 0x23, 0x10, 0x8D, 0x6C, 0x45, 0xDD, 0xC1, 0x8C, 0x49, 0xEE,
    0x8B, 0xF6, 0xAB, 0x8E, 0x1A, 0xD6, 0x91, 0x9E, 0xDC, 0xE7, 0x4D, 0xD1, 0x1F, 0xD9, 0xAC, 0x64,
    0x16, 0x9A, 0xF8, 0x21, 0xF6, 0x4F, 0x9A, 0x61, 0x02, 0x0E, 0xCE, 0x09, 0x76, 0x33, 0xF7, 0x79,
    0x78, 0x8E, 0x6E, 0xD6, 0xF3, 0xBA, 0xD9, 0x40, 0x17, 0x78, 0x88, 0x16, 0xDF, 0x5B, 0x42, 0x6C,
    0x0F, 0x72, 0x43, 0x2D, 0xF2, 0x68, 0xB6, 0x5B, 0x89, 0x2A, 0x0B, 0x65, 0x99, 0x4F, 0xD1, 0x6E,
    0xB5, 0xAF, 0x0D, 0x7A, 0xEC, 0xCB, 0xC0, 0xDF, 0x20, 0x6E, 0x4E, 0x03, 0x23, 0x7A, 0xF9, 0x68,
    0x1C, 0x4C, 0xA6, 0x11, 0x8E, 0x99, 0x4D, 0x6C, 0x30, 0x8B, 0x27, 0xD5, 0x3D, 0xDE, 0x7D, 0x7C,
    0x30, 0x48, 0x3E, 0xA6, 0x50, 0x82, 0xF8, 0xF6, 0x34, 0xB6, 0xD8, 0x57, 0xF4, 0x6E, 0x73, 0xD2,
    0x96, 0xC5, 0x86, 0xFC, 0xFD, 0xBF, 0x92, 0x9D, 0x3B, 0x6A, 0xD4, 0x4D, 0xED, 0xD1, 0x04, 0x01,
    0xBE, 0xAB, 0x74, 0x71, 0xF2, 0xEF, 0x73, 0x66, 0x42, 0x0A, 0xDE, 0xA9, 0xA6, 0x47, 0x67, 0x6E,
    0x55, 0x2E, 0x33, 0x55, 0xCF, 0x0D, 0xC6, 0xE7, 0x0D, 0x1D, 0x9E, 0xC5, 0x6F, 0x66, 0x20, 0xEA,
    0x8C, 0x9F, 0xE1, 0xD6, 0xF3, 0x96, 0x3C, 0x32, 0x00, 0xA1, 0xB9, 0xFE, 0x01, 0x63, 0xBE, 0x73,
    0x1F, 0x4B, 0xF5, 0x63, 0xAA, 0x87, 0x06, 0x6C, 0xCB, 0xA1, 0x01, 0xD4, 0xDB, 0x94, 0xE2, 0x57,
    0x72, 0xF1, 0xD3, 0xEB, 0x17, 0x05, 0xDF, 0x3F, 0x93, 0x50, 0xA8, 0x9A, 0x25, 0x23, 0x8B, 0xD4,
    0x47, 0xD3, 0x46, 0x27, 0x8F, 0xE6, 0x1C, 0xAA, 0xFB, 0xE8, 0x6F, 0x4A, 0xD6, 0xB6, 0xE9, 0x49,
    0xCE, 0xF1, 0xF9, 0xFE, 0x24, 0xA2, 0xDF, 0xA0, 0xFA, 0xBC, 0x99, 0x41, 0xB7, 0xB1, 0xF8, 0xD9,
    0x29, 0xA0, 0x6E, 0x65, 0xE1, 0x5C, 0x07, 0x9D, 0x5A, 0xFC, 0xD4, 0x14, 0x50, 0x9F, 0x01, 0xDE,
    0xCF, 0x42, 0xFB, 0x28, 0xF0, 0x33, 0xE0, 0x2A, 0x63, 0x94, 0x0D, 0x88, 0x9B, 0x10, 0x5F, 0x80,
    0xF8, 0x3B, 0xB0, 0x70, 0x2A, 0x26, 0xCF, 0xC7, 0x13, 0xBE, 0x76, 0x4E, 0x63, 0xA4, 0x3E, 0xBF,
    0x93, 0x2C, 0xAF, 0xD3, 0xED, 0xCC, 0x84, 0x62, 0x2B, 0xE2, 0x5C, 0xF3, 0xB9, 0xA9, 0xCB, 0xC9,
    0x38, 0xE7, 0x4D, 0x53, 0xD8, 0x1D, 0xFE, 0x6B, 0x00, 0x16, 0x59, 0x9C, 0x5F, 0x43, 0x03, 0x72,
    0xFD, 0x29, 0x5B, 0xC5, 0xA1, 0x93, 0x6C, 0x84, 0xB3, 0x49, 0x12, 0x3C, 0x76, 0x47, 0x05, 0x1F,
    0xFE, 0x13, 0x8A, 0x5F, 0xFB, 0x33, 0xBC, 0x9D, 0x77, 0xE0, 0xAB, 0x77, 0xF9, 0xC6, 0xD4, 0x23,
    0x59, 0xBA, 0x47, 0xB6, 0x33, 0x92, 0xB2, 0x50, 0x08, 0x4A, 0xF9, 0xE0, 0x42, 0x2E, 0xB8, 0x3A,
    0x17, 0xFC, 0xE8, 0x6C, 0xF1, 0xC7, 0x2B, 0x25, 0x47, 0x15, 0x9D, 0x61, 0x0C, 0x76, 0x61, 0xBD,
    0x82, 0xCB, 0x39, 0xB9, 0xE5, 0xA8, 0x30, 0x8F, 0xE2, 0x1C, 0xFC, 0x35, 0xB8, 0x2D, 0x38, 0x4A,
    0x73, 0xAF, 0x4F, 0xBF, 0x3E, 0x6D, 0xF5, 0xD8, 0x5F, 0xD6, 0x80, 0x56, 0xCA, 0x41, 0xC5, 0x56,
    0xBD, 0x86, 0x78, 0x03, 0xB5, 0x16, 0x56, 0x75, 0x21, 0x6A, 0xBF, 0x02, 0xBD, 0xF4, 0x7D, 0x28,
    0xD1, 0x85, 0x6B, 0x7D, 0x11, 0xD6, 0xE7, 0xD1, 0x98, 0x06, 0x96, 0x05, 0x52, 0xD0, 0x2F, 0xA1,
    0x4E, 0xA3, 0x97, 0x23, 0xF5, 0x5D, 0xB3, 0x4B, 0x7E, 0x1F, 0x1C, 0x6A, 0xB6, 0xFE, 0x24, 0x8B,
    0x48, 0x3E, 0x69, 0xF6, 0xA4, 0xA2, 0x5E, 0x2C, 0x9D, 0x87, 0x05, 0xFD, 0xBB, 0x6B, 0x25, 0xAC,
    0xF9, 0x99, 0x4B, 0xEF, 0x0F, 0x56, 0x85, 0x99, 0xA9, 0x10, 0xCC, 0xFF, 0x2A, 0xC6, 0x21, 0xCC,
    0xB5, 0x28, 0xC7, 0x57, 0xD7, 0x4C, 0x84, 0x7E, 0xD7, 0xD1, 0x4B, 0xC2, 0x43, 0x10, 0x46, 0x5B,
    0xD4, 0xD5, 0x0B, 0x15, 0x3D, 0x2A, 0xCE, 0xC0, 0x80, 0x49, 0xCC, 0x76, 0x10, 0xAC, 0x1C, 0xEE,
    0xC2, 0x4D, 0x73, 0xB5, 0x0F, 0x77, 0x61, 0x61, 0x0A, 0x7C, 0xC9, 0x24, 0xF8, 0xFF, 0xA5, 0x57,
    0x4F, 0x6C, 0x1C, 0x57, 0x1D, 0xFE, 0xDE, 0x4C, 0xB2, 0xE3, 0xDD, 0xF1, 0x4C, 0x7C, 0xA8, 0x85,
    0x93, 0x8C, 0xBD, 0x39, 0x34, 0x62, 0x41, 0xB3, 0xBB, 0x91, 0x98, 0xA2, 0x39, 0x04, 0x78, 0x54,
    0x94, 0x1C, 0x22, 0x45, 0x7B, 0x70, 0x24, 0x0C, 0x8E, 0xBA, 0x2A, 0x41, 0x40, 0x65, 0xC4, 0xA8,
    0x9A, 0x56, 0x51, 0x68, 0xA2, 0x49, 0x7A, 0x81, 0x43, 0xAB, 0x15, 0x88, 0x72, 0x43, 0x7B, 0x28,
    0x12, 0x4D, 0x69, 0xD8, 0x83, 0x91, 0x8C, 0xE4, 0x8A, 0x49, 0x39, 0x20, 0x90, 0x40, 0x23, 0xA1,
    0xB4, 0x07, 0x10, 0x9A, 0x03, 0xE1, 0xD0, 0x4A, 0x68, 0x0F, 0x3E, 0x44, 0x11, 0x34, 0x7C, 0xBF,
    0x37, 0x6B, 0x3B, 0x94, 0x38, 0xBB, 0x11, 0xE3, 0x79, 0x63, 0xD9, 0xB3, 0xBF, 0xEF, 0xBD, 0xDF,
    0xBF, 0xEF, 0xF7, 0x2D, 0xC0, 0xEB, 0xA8, 0xA3, 0xAD, 0xDB, 0x7F, 0x86, 0x8B, 0x2D, 0x2C, 0x23,
    0x45, 0xC8, 0x15, 0x73, 0xA5, 0x18, 0x71, 0x95, 0x88, 0x54, 0x8E, 0xD0, 0xD1, 0x70, 0xDF, 0xC1,
    0xFE, 0x55, 0x5A, 0x77, 0x87, 0x9E, 0xAF, 0x5B, 0x3E, 0x22, 0x1F, 0xA9, 0x8F, 0x24, 0x40, 0x14,
    0x63, 0xA5, 0x9C, 0xBC, 0x5E, 0xFC, 0xE2, 0xB9, 0x8E, 0xFA, 0x63, 0x80, 0xBF, 0x87, 0x2A, 0x8B,
    0x2D, 0x1D, 0x59, 0x48, 0x6D, 0x24, 0x36, 0x46, 0x35, 0x24, 0xF3, 0xE8, 0xEE, 0xEC, 0xE1, 0x44,
    0x6D, 0x27, 0xF2, 0xDC, 0x41, 0xE0, 0x23, 0xF0, 0xD0, 0x0A, 0x10, 0x9F, 0x46, 0xF4, 0x0B, 0x74,
    0x9F, 0xD5, 0x78, 0xF0, 0xFA, 0xA6, 0x79, 0x7E, 0x0E, 0xEA, 0xBC, 0x5E, 0xFC, 0xB6, 0x56, 0x77,
    0xC6, 0x9F, 0xFA, 0x9A, 0x46, 0x11, 0x9F, 0x5A, 0x81, 0xCA, 0x43, 0x9C, 0x86, 0x95, 0x07, 0x18,
    0xC3, 0xCE, 0x42, 0xAB, 0x90, 0x27, 0x0F, 0xEB, 0xE8, 0x78, 0x05, 0x70, 0x30, 0x8A, 0x15, 0x5C,
    0xAB, 0x18, 0xD7, 0xD1, 0xFD, 0xC8, 0xBA, 0xB7, 0x5D, 0xC1, 0x11, 0xC6, 0x5A, 0x27, 0x0A, 0x6D,
    0x8A, 0x18, 0x82, 0xD1, 0xDD, 0x21, 0xC4, 0xA9, 0x91, 0x20, 0xE4, 0x06, 0x80, 0xF6, 0x9E, 0x31,
    0x5F, 0xA0, 0xF5, 0xE8, 0x44, 0xF7, 0x23, 0x75, 0x7F, 0xE2, 0x9B, 0xAB, 0x5F, 0x17, 0xE0, 0x97,
    0xE5, 0x01, 0x58, 0x37, 0xDD, 0x7F, 0xC1, 0xF7, 0xE7, 0x62, 0x84, 0x1E, 0xE3, 0x15, 0x05, 0x0C,
    0x56, 0x2A, 0x07, 0x48, 0x62, 0xFF, 0x10, 0xD2, 0xAD, 0xD6, 0x12, 0xBE, 0xD0, 0xF9, 0xCD, 0xC4,
    0x5F, 0xB5, 0x8A, 0xF3, 0x50, 0x3B, 0xB8, 0x02, 0x14, 0x88, 0xB8, 0x2F, 0x12, 0x1E, 0x9D, 0x66,
    0x76, 0xC6, 0x38, 0x9B, 0x07, 0x2D, 0x0B, 0x02, 0x5F, 0xCB, 0x99, 0x8E, 0x77, 0x73, 0x74, 0xDF,
    0x7A, 0x25, 0xA3, 0xA1, 0x2D, 0xE1, 0x90, 0xED, 0x70, 0x41, 0x1E, 0xAB, 0x7B, 0x70, 0x09, 0xD1,
    0xFA, 0xB4, 0x20, 0x96, 0x55, 0x12, 0xAA, 0x20, 0x08, 0x97, 0xCA, 0x99, 0xD2, 0xDC, 0xC1, 0x2B,
    0x99, 0x8B, 0xDF, 0x6A, 0x82, 0xE8, 0xCA, 0xBC, 0xC1, 0xB5, 0xCE, 0xD5, 0xE3, 0xBA, 0xE2, 0x07,
    0xF5, 0x10, 0xF1, 0xCB, 0x51, 0x98, 0xC4, 0x49, 0x34, 0x4A, 0xCA, 0xA4, 0x18, 0x6D, 0x95, 0x28,
    0xC4, 0x76, 0x11, 0xAA, 0xB7, 0xF8, 0x4C, 0x4F, 0x8D, 0x1B, 0x67, 0x0A, 0xEC, 0xD4, 0x6D, 0xAD,
    0xB6, 0xE7, 0x89, 0x78, 0x61, 0xDE, 0x81, 0xED, 0x2F, 0xB9, 0xB0, 0x9D, 0x27, 0x7C, 0xD4, 0xEC,
    0x37, 0x3C, 0x1C, 0xB6, 0xC6, 0x01, 0xEA, 0x18, 0x87, 0xE8, 0xEA, 0x61, 0x6C, 0x32, 0x2A, 0x8F,
    0x84, 0xEB, 0x70, 0x21, 0x8F, 0x49, 0x22, 0x89, 0x77, 0x46, 0x13, 0xEF, 0x69, 0x10, 0x8F, 0x7F,
    0x6E, 0xCF, 0x77, 0x40, 0x3C, 0x5F, 0xF0, 0x3C, 0xC1, 0x0B, 0x04, 0x2F, 0x14, 0xBC, 0x96, 0xE0,
    0x45, 0x82, 0xB7, 0x07, 0x85, 0xA1, 0x40, 0xE4, 0x82, 0xB7, 0x5B, 0x12, 0x74, 0x16, 0xCA, 0x80,
    0xB7, 0xAF, 0xB8, 0xDA, 0x3F, 0xE7, 0x60, 0xC5, 0x77, 0x58, 0x44, 0x0D, 0x56, 0x91, 0x87, 0x98,
    0x2B, 0x0A, 0x03, 0x24, 0xCD, 0x0D, 0x7E, 0x22, 0xAE, 0x8E, 0xA5, 0x86, 0xBB, 0x26, 0xB0, 0x97,
    0xA0, 0xC6, 0xF2, 0x87, 0x6B, 0xEE, 0x4F, 0x66, 0x78, 0x2E, 0x63, 0xBC, 0xD5, 0xEB, 0xB9, 0x7D,
    0xA3, 0xA8, 0xA3, 0x08, 0x50, 0x5E, 0x75, 0x4C, 0xD6, 0xBE, 0xAE, 0x59, 0x77, 0xB2, 0xDF, 0x0D,
    0xA6, 0x59, 0x92, 0x1C, 0x05, 0x4C, 0x30, 0xD3, 0xCB, 0xE4, 0x32, 0xB5, 0xBB, 0xC7, 0x31, 0x1F,
    0x53, 0xDF, 0x92, 0xEC, 0x32, 0x1D, 0x3C, 0x2A, 0xCF, 0xC7, 0x5C, 0xF0, 0x96, 0x62, 0x64, 0xD5,
    0x00, 0x5D, 0xC9, 0x64, 0x2D, 0xB1, 0x19, 0x96, 0x36, 0x3C, 0x04, 0xFC, 0x69, 0xF1, 0x68, 0x11,
    0x76, 0x41, 0xBC, 0x3E, 0x9C, 0x1C, 0xC7, 0x60, 0xDD, 0x2E, 0x5C, 0x8C, 0x96, 0x65, 0x9B, 0x94,
    0xDB, 0xB0, 0x0F, 0xD9, 0x86, 0xEC, 0x42, 0x96, 0xD5, 0x7E, 0x0F, 0xEE, 0x9D, 0xEB, 0x2E, 0x3C,
    0x76, 0xCE, 0x01, 0x7D, 0x88, 0x93, 0x39, 0x8E, 0x60, 0xF1, 0xCB, 0xAB, 0x1D, 0x45, 0x9F, 0xF2,
    0x29, 0xDD, 0xF8, 0xDC, 0x04, 0xB3, 0xED, 0xC0, 0x73, 0xF1, 0xF0, 0x9E, 0x7C, 0x5E, 0xB3, 0x86,
    0xF1, 0x3E, 0x70, 0x9D, 0x4D, 0x3E, 0x13, 0xAC, 0xBA, 0x01, 0xF5, 0x0C, 0xAC, 0xD7, 0xA6, 0x21,
    0x4B, 0x89, 0x6B, 0x06, 0x06, 0x3F, 0x92, 0x7B, 0x26, 0x70, 0xD6, 0x73, 0x20, 0xED, 0x60, 0xBD,
    0x3A, 0x03, 0x38, 0xBD, 0x6B, 0x3F, 0x0E, 0xF8, 0x75, 0x60, 0xDB, 0x80, 0xFF, 0x69, 0x06, 0x70,
    0x56, 0xE9, 0xD2, 0xE3, 0x80, 0x0F, 0xC0, 0xBE, 0x9D, 0x05, 0xFC, 0x48, 0x71, 0x82, 0x74, 0xAC,
    0x2E, 0xB5, 0xD3, 0x64, 0x34, 0x2A, 0xBE, 0x27, 0xFF, 0x6A, 0x0C, 0x71, 0xB8, 0x87, 0x20, 0xC1,
    0x5C, 0x0F, 0x0A, 0x53, 0x4B, 0x58, 0xBD, 0x09, 0xF5, 0x25, 0xD8, 0xAF, 0x4E, 0xAB, 0xE2, 0xDA,
    0x1B, 0x02, 0x6B, 0x69, 0xB9, 0x67, 0x81, 0xBD, 0x01, 0x2C, 0x4C, 0xDA, 0xF3, 0x91, 0xCD, 0xF1,
    0xE9, 0xC1, 0x84, 0x74, 0xE9, 0xED, 0xAF, 0x37, 0x60, 0x27, 0x73, 0xA8, 0x8F, 0x80, 0x27, 0x58,
    0xA3, 0xFD, 0x7B, 0x19, 0x6E, 0x17, 0x34, 0xCF, 0x51, 0xB3, 0xF2, 0x85, 0x79, 0x3B, 0xEB, 0x5F,
    0x6D, 0x7E, 0x58, 0x54, 0x26, 0xD6, 0xCF, 0xB6, 0xBD, 0x23, 0x7E, 0xE8, 0x79, 0x51, 0x70, 0x29,
    0xED, 0x0C, 0x12, 0x06, 0x65, 0xE3, 0x50, 0xF7, 0xAC, 0x89, 0xDF, 0x31, 0xAD, 0x6E, 0x8F, 0x4D,
    0x93, 0x70, 0x5C, 0x49, 0x7F, 0xA7, 0x4E, 0x99, 0x5A, 0x79, 0x74, 0xBC, 0x0C, 0x6D, 0xED, 0xFE,
    0xB3, 0xDA, 0xB8, 0x87, 0x9B, 0x43, 0xFB, 0x0C, 0x1C, 0x07, 0x4E, 0x03, 0xF6, 0xCF, 0x51, 0xD3,
    0xF0, 0x7B, 0x70, 0xFF, 0x2D, 0xAD, 0xD2, 0xBF, 0xA9, 0x5F, 0xDC, 0x10, 0x7F, 0x8D, 0xE7, 0x29,
    0xD8, 0x95, 0xC7, 0xB2, 0x87, 0x63, 0x72, 0x1E, 0xEC, 0x63, 0x72, 0x5A, 0xB2, 0xA3, 0xF4, 0x14,
    0x70, 0x0F, 0xFB, 0xE0, 0xB0, 0xBF, 0x02, 0x43, 0x36, 0xAB, 0xC2, 0xFD, 0xEC, 0xAF, 0xA2, 0x0F,
    0x75, 0x2B, 0x83, 0xF5, 0x07, 0xBE, 0x7A, 0x9B, 0xEB, 0x6F, 0xAC, 0xFB, 0xB3, 0x5C, 0xE4, 0x0A,
    0xD7, 0x26, 0xE5, 0x5F, 0x1B, 0x57, 0x9D, 0x9B, 0xA1, 0x29, 0xBF, 0x9B, 0xBB, 0xFC, 0xE1, 0x37,
    0xB5, 0xB7, 0x8C, 0xA0, 0x8F, 0xE5, 0x1C, 0x9D, 0x02, 0x31, 0xA7, 0x4D, 0x84, 0xA4, 0x5D, 0x1D,
    0x6A, 0x0A, 0x69, 0xA8, 0x81, 0xCC, 0x10, 0x7B, 0x40, 0x1E, 0x26, 0x63, 0x78, 0x5E, 0xCB, 0x8F,
    0xFC, 0xD4, 0x4F, 0x82, 0x28, 0x5E, 0x29, 0x1B, 0xEC, 0xA1, 0x65, 0x4D, 0x62, 0x7D, 0x3E, 0x7B,
    0x6C, 0xA8, 0x37, 0x71, 0x30, 0x1C, 0xAF, 0xA7, 0xC4, 0x07, 0xB5, 0xA6, 0xDD, 0xFB, 0x7A, 0xAE,
    0x2E, 0x15, 0xAF, 0x48, 0x89, 0x4C, 0x20, 0x43, 0xEC, 0xA3, 0xE7, 0xCB, 0xD8, 0xB8, 0xBA, 0xC7,
    0x3E, 0x4F, 0x4D, 0x1C, 0xB6, 0xEF, 0xEB, 0xDA, 0x57, 0x71, 0x68, 0xC9, 0x7C, 0x3E, 0x87, 0xDA,
    0x34, 0x9F, 0xF7, 0xE4, 0x1E, 0x86, 0x78, 0x31, 0xC5, 0xA2, 0xDE, 0xA7, 0x36, 0xB9, 0x36, 0x0D,
    0xBB, 0x27, 0xE6, 0x26, 0xC5, 0x97, 0x13, 0x06, 0x56, 0x86, 0x81, 0x3F, 0xC1, 0x4A, 0x33, 0x13,
    0x7F, 0xF1, 0xFC, 0xFF, 0x25, 0x1C, 0x88, 0x40, 0x98, 0x3B, 0x92, 0x9B, 0xC7, 0xD6, 0x0C, 0xEE,
    0x64, 0xFC, 0x3A, 0x95, 0x5E, 0x10, 0xB9, 0x20, 0x6A, 0x41, 0xC4, 0x82, 0x68, 0x05, 0x91, 0x0A,
    0xA2, 0x14, 0xF6, 0x85, 0x02, 0xE4, 0xE4, 0xF5, 0x83, 0xCB, 0xFC, 0x63, 0x25, 0xD9, 0x30, 0xE4,
    0x33, 0x5B, 0x49, 0xAA, 0x55, 0x86, 0x4F, 0xED, 0xB0, 0xAA, 0x50, 0xF8, 0xE2, 0x87, 0x07, 0x13,
    0x05, 0xD8, 0x1F, 0x6C, 0x5F, 0xD5, 0xB6, 0x8E, 0x43, 0x86, 0x20, 0xE2, 0x43, 0xE6, 0x88, 0x2B,
    0xD9, 0xEF, 0x66, 0x9D, 0x62, 0xB2, 0xD1, 0xEA, 0x45, 0xE0, 0xF2, 0x2F, 0x81, 0xD3, 0x0C, 0x54,
    0xCA, 0x2A, 0x18, 0xF1, 0x77, 0xC9, 0xD2, 0x2C, 0x89, 0x54, 0x84, 0x04, 0x1B, 0xC1, 0xFA, 0x1D,
    0x53, 0x7C, 0xB7, 0x92, 0x2C, 0x7C, 0x6B, 0x7C, 0x3F, 0x96, 0x4D, 0xEC, 0x7D, 0xF1, 0x6C, 0x4F,
    0x10, 0x88, 0x1E, 0xD0, 0x22, 0x07, 0xA8, 0x06, 0x44, 0x0C, 0x88, 0x16, 0x10, 0x29, 0x20, 0x4A,
    0x40, 0x84, 0x80, 0xE8, 0x00, 0x91, 0x01, 0xE6, 0xF3, 0xC5, 0x84, 0x6A, 0xDA, 0x57, 0xE0, 0x9F,
    0xE3, 0xAC, 0xDF, 0xA5, 0x4A, 0xCE, 0x3B, 0x12, 0x4E, 0xB3, 0x2A, 0x89, 0x91, 0x14, 0x58, 0x23,
    0xC3, 0xDC, 0x00, 0x5E, 0x2E, 0x5B, 0x1F, 0xD7, 0xF8, 0x4C, 0x86, 0x1F, 0xE6, 0xEA, 0x56, 0x6E,
    0x7F, 0x98, 0x1F, 0xAE, 0xE8, 0xAB, 0x66, 0xA2, 0xEC, 0x9A, 0xA0, 0x6D, 0x41, 0x7D, 0x1F, 0xF8,
    0xAB, 0x50, 0xD9, 0x94, 0x09, 0x5F, 0x09, 0x10, 0xA6, 0x50, 0xAD, 0xCD, 0x4E, 0x64, 0x62, 0x55,
    0x54, 0x2E, 0x3F, 0x8A, 0xCE, 0x2A, 0x89, 0xC7, 0x84, 0x1F, 0xED, 0x4B, 0xF3, 0xA9, 0xF1, 0xB2,
    0x95, 0x86, 0x73, 0x69, 0xFC, 0x64, 0x9A, 0xF6, 0x47, 0x69, 0x56, 0x7E, 0x56, 0xE5, 0x6D, 0x47,
    0x37, 0xDF, 0x11, 0xC2, 0x95, 0x8B, 0xE9, 0x3A, 0x45, 0x64, 0x58, 0xF7, 0x40, 0x4A, 0x68, 0x75,
    0x10, 0xBD, 0x86, 0x97, 0xCE, 0xE1, 0x25, 0xC6, 0x23, 0xC6, 0xE7, 0x4B, 0x4C, 0xA6, 0xD2, 0x0B,
    0x19, 0x96, 0xAA, 0x33, 0x4C, 0xA7, 0xF3, 0x06, 0x39, 0x70, 0x7D, 0x1A, 0x97, 0x3B, 0xAC, 0xCA,
    0xFE, 0x74, 0xB4, 0x2D, 0x58, 0x6B, 0xD3, 0x35, 0x93, 0xFA, 0x0B, 0x4F, 0xA8, 0xCD, 0x64, 0xE8,
    0xA9, 0x3B, 0x09, 0x8A, 0x53, 0x13, 0xD9, 0xF4, 0x81, 0x51, 0x4E, 0x42, 0x7B, 0xDA, 0x45, 0xDE,
    0x7D, 0x8B, 0xD5, 0xE3, 0x25, 0x54, 0x6C, 0xB0, 0x36, 0xBD, 0x30, 0x8C, 0xA3, 0xD1, 0x65, 0x9D,
    0x20, 0x5A, 0x68, 0x16, 0x55, 0x6B, 0x9D, 0xCC, 0xD5, 0x37, 0x06, 0x53, 0x00, 0x36, 0xAD, 0xF5,
    0x87, 0x9A, 0xC3, 0x8D, 0xE4, 0x8D, 0x5A, 0xA5, 0x6E, 0xA3, 0xF2, 0x95, 0x46, 0xB6, 0x33, 0x76,
    0x32, 0xAB, 0x43, 0xE4, 0xDA, 0x0B, 0x99, 0xC4, 0xCF, 0x65, 0x5B, 0xB0, 0xA7, 0xD8, 0x66, 0x3E,
    0x39, 0xC8, 0x95, 0x62, 0xBE, 0xA4, 0x7E, 0x7C, 0x90, 0x95, 0x93, 0x1D, 0x1D, 0x1C, 0xA4, 0xF0,
    0xDE, 0x37, 0x39, 0x99, 0x81, 0x64, 0xAB, 0x6E, 0x49, 0x64, 0x74, 0x7C, 0x9C, 0x5F, 0xF9, 0x62,
    0xC5, 0x4C, 0x87, 0x35, 0x3D, 0x1D, 0xA3, 0xF2, 0xFB, 0x7F, 0x11, 0x1E, 0x38, 0x8B, 0xE2, 0x58,
    0xBA, 0x53, 0xA0, 0x18, 0xB1, 0x7B, 0xAD, 0xBC, 0xB4, 0xDF, 0xCB, 0xEC, 0x9F, 0xC2, 0x3E, 0x2B,
    0x34, 0xE2, 0xDA, 0x59, 0xF7, 0x1A, 0x03, 0x10, 0x94, 0x0D, 0x96, 0x5B, 0x7B, 0xCB, 0x5F, 0x5F,
    0xA1, 0x4B, 0xA1, 0x71, 0x29, 0x99, 0x1C, 0x43, 0x09, 0xAD, 0x3E, 0xCA, 0xDC, 0x2A, 0xEB, 0x17,
    0x1F, 0x62, 0xCC, 0x8A, 0xDF, 0x80, 0xFA, 0x7D, 0xF5, 0x65, 0x71, 0x26, 0x1D, 0xE9, 0x27, 0x22,
    0xDB, 0xA7, 0x48, 0x31, 0x8E, 0xC3, 0x9F, 0x60, 0xF1, 0xE9, 0x19, 0x00, 0x77, 0x8B, 0xF4, 0x11,
    0x68, 0xEA, 0x22, 0xDC, 0x67, 0xE1, 0x39, 0x32, 0x7F, 0x38, 0x6A, 0x9C, 0x42, 0xAC, 0xE8, 0xC2,
    0x80, 0x75, 0xCE, 0xC9, 0x55, 0x4A, 0x27, 0xB0, 0x69, 0xE7, 0x2A, 0x12, 0x2E, 0x5B, 0x51, 0x6B,
    0xA1, 0xA9, 0x6B, 0x05, 0x86, 0x83, 0xE1, 0xE5, 0xEC, 0x10, 0xBD, 0x3D, 0x21, 0xDE, 0x9D, 0xD7,
    0xBF, 0xFA, 0x47, 0x7E, 0xED, 0x56, 0xB6, 0xF7, 0x8D, 0xC0, 0xDE, 0x9B, 0xE8, 0xC0, 0x77, 0xB3,
    0x49, 0x3F, 0x3F, 0x59, 0xF5, 0x04, 0xDF, 0x74, 0x8B, 0x07, 0x4B, 0xA7, 0xAB, 0xA5, 0xD7, 0x8D,
    0x94, 0x58, 0x83, 0xF5, 0x5E, 0x61, 0xEB, 0x42, 0x09, 0xA5, 0x64, 0xF8, 0x0E, 0xD4, 0x59, 0xEC,
    0x7F, 0xC9, 0x58, 0x91, 0x41, 0xD8, 0x31, 0x41, 0x50, 0x6F, 0xC3, 0xE6, 0xB7, 0x2D, 0xEE, 0xE3,
    0x1A, 0x86, 0xBB, 0x60, 0xB6, 0xF2, 0xCD, 0x3E, 0x9B, 0x38, 0x9E, 0xED, 0xD2, 0x08, 0xD4, 0x0F,
    0xF8, 0xD8, 0x61, 0x21, 0x9F, 0xD4, 0x66, 0x24, 0x70, 0x22, 0xC8, 0x40, 0x90, 0x79, 0xC0, 0x71,
    0xC0, 0x83, 0xC6, 0x32, 0x0C, 0x64, 0x16, 0x10, 0x29, 0x41, 0xF7, 0xFA, 0xDD, 0xFF, 0x9A, 0xBC,
    0xFB, 0xD2, 0xE4, 0x60, 0x52, 0xFE, 0x0F, 0x55, 0x52, 0xCF, 0x6B, 0x13, 0x41, 0x14, 0xFE, 0x36,
    0xDD, 0xA6, 0x96, 0x46, 0x19, 0x65, 0x16, 0x92, 0x18, 0xE3, 0x34, 0x6C, 0x62, 0x92, 0x46, 0x58,
    0x25, 0x81, 0x68, 0x13, 0x76, 0x0A, 0xFD, 0x03, 0x06, 0xDC, 0x94, 0x7A, 0x5B, 0xCA, 0x4A, 0x6A,
    0x3C, 0x18, 0xA4, 0x95, 0x1E, 0xC4, 0xEE, 0xC5, 0xFB, 0xE0, 0x8F, 0x43, 0xF5, 0xE2, 0xC1, 0x83,
    0xD6, 0x8B, 0x60, 0x8F, 0x3D, 0xEC, 0x45, 0xF0, 0xB8, 0x7F, 0x42, 0xCF, 0x82, 0x90, 0x43, 0x0F,
    0x1E, 0x84, 0xFA, 0x66, 0x2D, 0x82, 0x0C, 0xCC, 0xBC, 0xF7, 0xE6, 0xBD, 0xEF, 0x7B, 0xBF, 0xD0,
    0x2F, 0x00, 0xD7, 0x3C, 0x00, 0x4B, 0x71, 0x33, 0x01, 0x4A, 0xEC, 0xC6, 0x09, 0xD0, 0xD6, 0xC0,
    0x24, 0x06, 0xD6, 0xE4, 0x73, 0xFA, 0xC1, 0x4E, 0xF8, 0x4A, 0xBE, 0x94, 0xC7, 0x85, 0x08, 0x2D,
    0xDC, 0xC3, 0x18, 0x36, 0xD9, 0x3A, 0xE9, 0x96, 0x34, 0x7F, 0x5B, 0x72, 0x68, 0x1E, 0x2F, 0x04,
    0x6A, 0x1B, 0x24, 0x7C, 0x95, 0x2E, 0xC1, 0xD8, 0xA8, 0xE0, 0x45, 0x16, 0xBC, 0x24, 0xEB, 0xA4,
    0x83, 0x7B, 0x7B, 0x9C, 0x0F, 0x2A, 0xAE, 0x62, 0xB3, 0x34, 0x16, 0x99, 0x04, 0x43, 0xDD, 0x09,
    0x61, 0xB5, 0x8A, 0x60, 0x7B, 0x01, 0x39, 0xAD, 0x20, 0x87, 0xBC, 0x41, 0xEB, 0x17, 0x43, 0x88,
    0x34, 0x65, 0xE0, 0xC7, 0xBC, 0x25, 0xEC, 0xED, 0x2E, 0x7B, 0x08, 0xBB, 0xB0, 0xF9, 0x45, 0x26,
    0xE9, 0x11, 0xBA, 0xE2, 0x56, 0xB2, 0x1C, 0x6F, 0x7F, 0x3B, 0x60, 0xE8, 0x12, 0xEB, 0xC5, 0x85,
    0xAB, 0xDC, 0x9D, 0xEE, 0x72, 0x28, 0x2D, 0xFD, 0x53, 0xCF, 0x35, 0xF1, 0xF7, 0x75, 0x83, 0x92,
    0xBB, 0x1D, 0x57, 0x8D, 0x82, 0xEB, 0x78, 0x42, 0x1A, 0x8B, 0x7D, 0xBA, 0xAB, 0xE8, 0x51, 0x5D,
    0x4D, 0xF6, 0x2E, 0xF9, 0x5B, 0xA1, 0xFF, 0xDB, 0x78, 0xF8, 0xBF, 0x9C, 0x60, 0xF2, 0x81, 0xAC,
    0x29, 0x59, 0xF5, 0x48, 0xB5, 0x0F, 0xB5, 0x33, 0x52, 0x50, 0x0B, 0x71, 0x13, 0x2A, 0xC3, 0xC8,
    0xC1, 0x64, 0x46, 0x09, 0x13, 0x3E, 0x91, 0x26, 0xB0, 0x62, 0xCC, 0x01, 0x8B, 0x40, 0x91, 0x8A,
    0xC7, 0xB9, 0x17, 0x2B, 0xBA, 0x4C, 0xF0, 0xBB, 0x47, 0x8E, 0x72, 0x82, 0x7A, 0xD0, 0x8B, 0x1C,
    0x65, 0x58, 0xD6, 0x65, 0xBD, 0xC3, 0x79, 0x38, 0xF5, 0x54, 0xFB, 0x23, 0xB0, 0x7F, 0x9A, 0x15,
    0x8E, 0x4B, 0x06, 0x8A, 0xFA, 0x3D, 0x26, 0x4E, 0xD1, 0x15, 0xC8, 0xC9, 0xF1, 0xF4, 0x01, 0x41,
    0x77, 0x77, 0x98, 0x3F, 0x53, 0x1E, 0x98, 0x13, 0x98, 0xA4, 0x08, 0xE2, 0xCD, 0xF7, 0xF5, 0x41,
    0x81, 0x7A, 0x5E, 0x66, 0x8F, 0x52, 0x1B, 0x16, 0xE6, 0x64, 0x99, 0xA6, 0x94, 0xC7, 0x3C, 0x9D,
    0x95, 0x99, 0x2D, 0xFD, 0xF7, 0x16, 0x55, 0xB6, 0x1A, 0x9B, 0x9A, 0x79, 0xDF, 0x63, 0x9C, 0xF3,
    0x88, 0x97, 0xD8, 0xC8, 0xB6, 0x20, 0x1D, 0x04, 0x11, 0x4A, 0x21, 0x4A, 0x24, 0x5B, 0x23, 0x19,
    0x62, 0xF1, 0xD9, 0x60, 0x88, 0xA8, 0xA3, 0x84, 0x0E, 0x69, 0x4A, 0xAB, 0x18, 0xC9, 0x8A, 0xC9,
    0x7C, 0x38, 0x60, 0xB8, 0xD9, 0xB1, 0x70, 0xA7, 0x05, 0x29, 0x77, 0x93, 0xA7, 0x7A, 0x8D, 0x09,
    0x77, 0x0A, 0x4C, 0x43, 0x7B, 0xF2, 0x89, 0x39, 0xF2, 0xAD, 0x3E, 0xD0, 0x8E, 0x64, 0xBD, 0x92,
    0xCD, 0x30, 0xEF, 0x22, 0xCA, 0x9F, 0x69, 0x09, 0x5B, 0xC1, 0xAD, 0x7E, 0xD6, 0x08, 0x40, 0x0D,
    0x23, 0x90, 0xFD, 0x33, 0x33, 0xEA, 0xF2, 0xEB, 0x1C, 0xDC, 0xC7, 0x3F, 0xB3, 0x86, 0x10, 0x45,
    0xFE, 0xC7, 0x49, 0x11, 0x17, 0x18, 0xE5, 0x4D, 0xBD, 0x38, 0x4C, 0x46, 0x1B, 0xD9, 0xDA, 0xA0,
    0x46, 0xA7, 0x61, 0x84, 0x4D, 0x4D, 0xA1, 0x4C, 0x08, 0x71, 0x6E, 0xAC, 0xFF, 0xFF, 0x1D, 0xC4,
    0x9A, 0x42, 0x73, 0xFF, 0x0C, 0xB4, 0x13, 0xF4, 0xD6, 0x70, 0x25, 0x73, 0x6B, 0x84, 0x35, 0x71,
    0xD9, 0x44, 0x46, 0x2A, 0x66, 0x82, 0x99, 0x25, 0x5C, 0xA6, 0x81, 0xC0, 0xA1, 0x51, 0x39, 0xF8,
    0x03, 0x9D, 0x59, 0x71, 0x70, 0x1C, 0xE5, 0x75, 0xFF, 0x7D, 0xFB, 0xE9, 0x6E, 0xAD, 0x5B, 0xED,
    0x4A, 0xC9, 0x58, 0x54, 0xB6, 0x77, 0x4F, 0x66, 0x46, 0x69, 0x8F, 0x74, 0x4F, 0x27, 0xA6, 0x4B,
    0x66, 0xC1, 0xAA, 0xF8, 0x6C, 0x87, 0x52, 0x6A, 0x60, 0x6E, 0xA6, 0x52, 0x52, 0xA0, 0x18, 0x25,
    0xE1, 0x8F, 0xB4, 0x35, 0x65, 0x29, 0x6B, 0x22, 0x6C, 0x6C, 0xAF, 0xED, 0x82, 0x4B, 0x1C, 0x27,
    0xD7, 0xD0, 0x76, 0x3A, 0x69, 0x4C, 0xAE, 0x8D, 0xD3, 0xA1, 0x31, 0x90, 0x0B, 0x15, 0x8D, 0x48,
    0x8D, 0xBD, 0xB6, 0x3A, 0xB8, 0x0D, 0xD3, 0x74, 0x1D, 0x02, 0x64, 0xCA, 0x30, 0xB3, 0xA4, 0x71,
    0x42, 0x70, 0x0A, 0x9A, 0xCE, 0x65, 0xC6, 0x01, 0x8C, 0xFA, 0xBE, 0x6F, 0x4F, 0xB2, 0x25, 0x64,
    0x49, 0x66, 0x7D, 0xEB, 0x91, 0x4E, 0xDF, 0xF7, 0xF6, 0x7D, 0xEF, 0xFD, 0xDE, 0x7B, 0xBF, 0xF7,
    0x16, 0x00, 0x6C, 0x20, 0x0F, 0xF6, 0x89, 0x2A, 0x3B, 0x1D, 0x20, 0x19, 0x60, 0x31, 0xB4, 0x18,
    0x7C, 0x1A, 0x3C, 0x02, 0x17, 0xD0, 0x21, 0x0C, 0xC4, 0x95, 0xE9, 0x88, 0x16, 0xC2, 0x4B, 0xD0,
    0x25, 0xD8, 0xC8, 0x12, 0x2B, 0xBB, 0x47, 0xC4, 0x7D, 0x3F, 0x8D, 0x77, 0x1F, 0x8F, 0x36, 0xD0,
    0x5F, 0xFF, 0x9C, 0x16, 0xC4, 0xBA, 0x48, 0x75, 0x4C, 0x19, 0x48, 0x2D, 0x96, 0xEC, 0xDA, 0x2F,
    0xA4, 0x28, 0x2D, 0x92, 0x0F, 0xBD, 0x85, 0x44, 0x35, 0x94, 0xA8, 0x2E, 0x2D, 0x93, 0xD6, 0x12,
    0x05, 0x03, 0xA8, 0xD4, 0x80, 0x55, 0x82, 0xBD, 0x94, 0xE8, 0x48, 0x4C, 0xC0, 0x05, 0x86, 0x1E,
    0x83, 0x8F, 0xD6, 0xA7, 0x9C, 0x87, 0xF1, 0xAE, 0x94, 0x84, 0x3B, 0xF5, 0xCD, 0x66, 0xC1, 0x44,
    0x27, 0xF4, 0x04, 0x4D, 0x0C, 0x56, 0xDD, 0x86, 0x3F, 0x94, 0x02, 0x6C, 0x98, 0x35, 0x91, 0xB0,
    0x58, 0xA3, 0x7F, 0x3C, 0xE2, 0x42, 0x27, 0x99, 0x15, 0x3A, 0x86, 0xF6, 0x7D, 0x7C, 0xFC, 0x22,
    0x7F, 0x1B, 0x01, 0x76, 0xD0, 0x29, 0x81, 0x00, 0x68, 0x00, 0x75, 0x80, 0xE4, 0x24, 0x60, 0x73,
    0x55, 0x73, 0x80, 0x61, 0x7A, 0xEC, 0x08, 0xAD, 0xDE, 0x4A, 0xCB, 0x07, 0x68, 0xFD, 0x28, 0x6D,
    0xA8, 0x3D, 0x0D, 0xC4, 0xFF, 0x92, 0x20, 0x4E, 0x03, 0x4D, 0x24, 0x21, 0x67, 0x71, 0x50, 0xD4,
    0x8E, 0xA7, 0x0F, 0x18, 0xD3, 0xEA, 0xC0, 0x6C, 0xB8, 0x5B, 0xB0, 0x66, 0x51, 0x20, 0x71, 0x48,
    0xA0, 0x4D, 0x12, 0x5D, 0x68, 0xD3, 0xD3, 0x29, 0x8F, 0xBC, 0x41, 0x2E, 0x02, 0x57, 0x47, 0xC3,
    0x25, 0x0B, 0x85, 0x95, 0x87, 0xA6, 0x93, 0x05, 0x2C, 0xB8, 0x5E, 0x5A, 0xC1, 0x60, 0x89, 0xC5,
    0xE2, 0x5D, 0x7B, 0x52, 0x75, 0xEE, 0x04, 0x9A, 0x20, 0xA9, 0xAC, 0xE9, 0x23, 0xA9, 0xB3, 0x13,
    0x91, 0xF6, 0x1C, 0xB4, 0x77, 0xC1, 0xBF, 0x08, 0xBE, 0x49, 0xE8, 0x3C, 0xA6, 0xC5, 0x95, 0x68,
    0x5C, 0xAD, 0xD4, 0xE5, 0xF3, 0x23, 0xA9, 0x42, 0x95, 0x35, 0x7B, 0x49, 0x05, 0x8B, 0x54, 0xE8,
    0x27, 0x15, 0x5E, 0x85, 0x76, 0xD2, 0x06, 0xFF, 0x5B, 0x17, 0xBC, 0xEE, 0x43, 0x8F, 0x3C, 0xB2,
    0x43, 0x88, 0xCA, 0x9E, 0x73, 0x80, 0x00, 0xC9, 0x63, 0x87, 0x30, 0x92, 0xAB, 0xEE, 0xE0, 0x91,
    0xCB, 0xE1, 0xB4, 0xC3, 0xEA, 0x80, 0xD1, 0x07, 0x7D, 0x14, 0x3C, 0x96, 0xB6, 0x58, 0x0D, 0x1C,
    0xC1, 0xF9, 0xB3, 0x49, 0xC1, 0x26, 0x09, 0x76, 0x48, 0x30, 0x09, 0x8D, 0x48, 0x68, 0xE4, 0xD3,
    0x3A, 0x8F, 0x9E, 0x1F, 0x90, 0xE0, 0x06, 0x2A, 0xD3, 0x67, 0x81, 0x31, 0xDA, 0x30, 0x40, 0xF7,
    0x5A, 0xB9, 0x91, 0x1C, 0x2D, 0xE4, 0xE7, 0x37, 0x22, 0x7C, 0x3A, 0xC2, 0x89, 0x98, 0xFD, 0x4D,
    0xCC, 0xBF, 0x19, 0xB7, 0x23, 0xB1, 0x91, 0x1C, 0xD5, 0x9B, 0x0A, 0x6B, 0x04, 0x90, 0xD1, 0xCC,
    0x05, 0xDA, 0x5B, 0x82, 0xEF, 0x89, 0x39, 0xD9, 0x42, 0x8B, 0x0D, 0x3D, 0xAA, 0x9C, 0x03, 0x1B,
    0x01, 0xFB, 0x69, 0x82, 0x64, 0x8A, 0xC5, 0x53, 0xDA, 0xF1, 0x44, 0x9B, 0x56, 0x0B, 0x44, 0xA2,
    0xB3, 0xC4, 0xE0, 0x71, 0xE5, 0x3D, 0xCC, 0x48, 0xB8, 0x38, 0xC4, 0xBA, 0x47, 0xAA, 0x28, 0xDE,
    0x26, 0xD0, 0x41, 0xBF, 0xF7, 0x58, 0x40, 0x1F, 0x61, 0x6D, 0x80, 0x62, 0x62, 0x94, 0x00, 0x57,
    0xF3, 0xE9, 0x3C, 0xD9, 0x19, 0x7A, 0xA7, 0xCF, 0x11, 0xEC, 0x4C, 0x52, 0xBD, 0x03, 0x5D, 0x58,
    0x81, 0x25, 0xC3, 0x00, 0xC3, 0x23, 0xD7, 0x09, 0x8C, 0x97, 0xE9, 0x74, 0x7D, 0x2E, 0xC9, 0xEB,
    0xF0, 0xE9, 0xD4, 0xED, 0x5E, 0x0C, 0x74, 0xCA, 0x68, 0x1A, 0x7C, 0x8A, 0x7E, 0x1A, 0xAF, 0x13,
    0xBA, 0x92, 0x74, 0x0A, 0xE4, 0xDF, 0x10, 0x65, 0xA3, 0x59, 0x26, 0x93, 0x5B, 0x9B, 0x6D, 0x83,
    0x94, 0x73, 0xB4, 0x26, 0x61, 0xDE, 0xAC, 0x9A, 0x0D, 0x77, 0x67, 0x13, 0x97, 0xE6, 0x3C, 0x79,
    0x75, 0xF6, 0x50, 0x5C, 0xD7, 0x2E, 0x69, 0xDF, 0xD2, 0x68, 0x9A, 0x05, 0x3D, 0x45, 0xE0, 0x28,
    0x01, 0xBF, 0x16, 0x12, 0xE8, 0x09, 0xFC, 0x71, 0x83, 0xC0, 0x98, 0x82, 0x13, 0x28, 0x8B, 0x64,
    0x90, 0x07, 0x8C, 0xA9, 0x0C, 0x18, 0x55, 0x8C, 0xB0, 0x26, 0xC5, 0xDA, 0x59, 0xDE, 0x60, 0x13,
    0xF9, 0x54, 0xDB, 0xD2, 0x91, 0x68, 0xF6, 0x47, 0x12, 0x6E, 0x5F, 0x19, 0x6B, 0xE6, 0x97, 0xE3,
    0xBC, 0xB5, 0x37, 0x6A, 0xEF, 0xE4, 0xA2, 0x52, 0xE8, 0x4D, 0xCE, 0x83, 0x48, 0x2A, 0x6A, 0x2A,
    0x10, 0x69, 0xD3, 0xA4, 0x42, 0x54, 0x22, 0xBB, 0x92, 0xA2, 0x90, 0x8A, 0x06, 0xA4, 0x28, 0x81,
    0x68, 0x15, 0xD8, 0x8B, 0x14, 0x11, 0x0D, 0x13, 0xA1, 0x8B, 0x70, 0x10, 0xA1, 0x8F, 0x86, 0x8F,
    0xD4, 0xA7, 0xC8, 0xD2, 0x85, 0xF1, 0x84, 0x7A, 0xF6, 0xC8, 0x88, 0x60, 0xA7, 0xEF, 0x98, 0x03,
    0x4A, 0x6D, 0x21, 0x50, 0x92, 0xBC, 0x19, 0x18, 0x35, 0x58, 0xDC, 0xD0, 0x08, 0x49, 0x7B, 0x12,
    0xFE, 0x9E, 0x58, 0x24, 0x11, 0x0D, 0x62, 0x81, 0x44, 0x44, 0x51, 0xBB, 0x75, 0x26, 0x6A, 0xE7,
    0xE1, 0x8C, 0x60, 0x75, 0x77, 0xB4, 0xAC, 0x50, 0x42, 0x81, 0x1E, 0xA6, 0x53, 0xF0, 0xBD, 0x35,
    0x01, 0xAB, 0x60, 0xC1, 0x35, 0x0D, 0xF8, 0xF2, 0xB6, 0x3B, 0x31, 0xE8, 0x3A, 0x28, 0xFA, 0x21,
    0xD8, 0x51, 0xCA, 0x28, 0x13, 0x50, 0x69, 0x88, 0x0D, 0x8F, 0x68, 0x69, 0x88, 0xB4, 0x86, 0x6F,
    0x47, 0xB8, 0x46, 0x69, 0xB6, 0x03, 0xEC, 0xFB, 0xE0, 0x3A, 0x3A, 0x78, 0xB4, 0xD3, 0x48, 0x96,
    0x1F, 0x9B, 0xEF, 0x66, 0xB5, 0x40, 0xDD, 0x6D, 0xE8, 0xBE, 0x6E, 0xB8, 0x5F, 0x4B, 0x6D, 0x16,
    0xBB, 0x5A, 0xEC, 0x4B, 0xAD, 0x45, 0xEF, 0x31, 0xB0, 0x4D, 0xA4, 0xA0, 0x3A, 0xCE, 0x2E, 0x4A,
    0x3D, 0x23, 0x52, 0xF2, 0x0E, 0x29, 0xDA, 0x93, 0x2E, 0x0B, 0xA5, 0xCF, 0x02, 0x29, 0xBD, 0x21,
    0xC5, 0xA7, 0xF4, 0x9F, 0x48, 0xC8, 0x6F, 0x2C, 0x21, 0xC7, 0x51, 0x36, 0xA4, 0x47, 0x50, 0xFC,
    0x7F, 0xA0, 0x6D, 0x0A, 0xD2, 0x52, 0x2F, 0x0A, 0x3E, 0xBA, 0x56, 0xA0, 0x7B, 0x18, 0xF7, 0x25,
    0xD8, 0x13, 0x63, 0x23, 0x59, 0xF9, 0xAF, 0xA0, 0x7F, 0x0D, 0x06, 0x8F, 0x0A, 0x3C, 0xB2, 0xB8,
    0x70, 0x0C, 0xEC, 0x92, 0x8F, 0x91, 0x39, 0x5E, 0x66, 0x79, 0x99, 0xE7, 0x29, 0xD3, 0xFF, 0x90,
    0x32, 0xFD, 0x2B, 0x1B, 0x23, 0xBE, 0x7B, 0x52, 0xF0, 0xF5, 0x2F, 0x0B, 0x5D, 0x3B, 0x09, 0x43,
    0xDF, 0x8F, 0xCA, 0xB9, 0x4A, 0xC4, 0x86, 0x41, 0x0B, 0x5B, 0x89, 0xFE, 0x87, 0xE0, 0xAF, 0x08,
    0xBE, 0x7B, 0x6E, 0x96, 0x39, 0x04, 0x6B, 0x33, 0x08, 0x59, 0xCA, 0xA9, 0x91, 0x36, 0xDD, 0x72,
    0x6D, 0xD5, 0xA2, 0xA4, 0x8D, 0x9D, 0x69, 0x96, 0x03, 0xF3, 0x74, 0xAC, 0xFB, 0x43, 0x24, 0x89,
    0xCD, 0x26, 0x63, 0x47, 0x3B, 0x29, 0x1C, 0x6D, 0x1A, 0x0E, 0xDF, 0x0F, 0x97, 0x6F, 0xC2, 0xA0,
    0x4E, 0x41, 0x66, 0xD0, 0xC9, 0x2A, 0xBB, 0xCF, 0xA8, 0x7A, 0x20, 0x8F, 0xF0, 0xCB, 0x26, 0x8F,
    0x13, 0x7A, 0x10, 0x3D, 0x4E, 0x7B, 0x29, 0xC6, 0x3B, 0x11, 0x9F, 0x14, 0xFA, 0xF5, 0x28, 0x1A,
    0x18, 0xAB, 0x44, 0xDA, 0x33, 0x30, 0x4D, 0xF2, 0xBB, 0x44, 0x78, 0x40, 0xF0, 0x0E, 0x11, 0x8C,
    0x63, 0x68, 0x08, 0xAD, 0xEB, 0x36, 0xA1, 0xBD, 0x27, 0x1D, 0xB1, 0xEA, 0x10, 0x3E, 0xEA, 0x60,
    0xB0, 0x40, 0xD2, 0x11, 0x5A, 0x08, 0x4C, 0x78, 0x2E, 0x8A, 0x75, 0x55, 0x63, 0x27, 0x4C, 0xDB,
    0x77, 0xB7, 0xA5, 0x5B, 0x1B, 0x81, 0x1F, 0xFA, 0x45, 0x52, 0xD3, 0x48, 0x57, 0x92, 0x18, 0xAD,
    0x56, 0xA2, 0xDA, 0x36, 0x55, 0xDD, 0x45, 0x19, 0x08, 0x42, 0x9B, 0xA0, 0x8A, 0x66, 0xB1, 0x3B,
    0xAC, 0x3B, 0xFC, 0xCE, 0xD0, 0x0A, 0xCC, 0xC0, 0x0E, 0xBC, 0xFE, 0x84, 0x76, 0x8F, 0x9B, 0xAE,
    0xEF, 0x86, 0xE3, 0xDB, 0x44, 0x80, 0xB0, 0xAB, 0x97, 0xBE, 0xD1, 0x8F, 0x9F, 0x18, 0x6F, 0x7B,
    0xED, 0xB9, 0x3E, 0x3C, 0x75, 0x00, 0xF8, 0xCE, 0xE3, 0x74, 0x6F, 0x01, 0x5E, 0x76, 0x71, 0xE5,
    0xF3, 0x76, 0xD7, 0x3A, 0xAB, 0x53, 0x4A, 0xC3, 0xEA, 0xD4, 0xF3, 0xBA, 0x82, 0x5C, 0x2D, 0x97,
    0x20, 0x48, 0x1A, 0xDF, 0x8D, 0x55, 0x7C, 0x98, 0x05, 0xD8, 0xA6, 0xFC, 0x94, 0x6C, 0x78, 0x83,
    0xF0, 0x1E, 0x43, 0xA5, 0xA8, 0x14, 0x5C, 0x0F, 0xED, 0x75, 0xF9, 0xC3, 0x22, 0x6B, 0xCA, 0xBD,
    0xC2, 0xB4, 0x61, 0xAF, 0x85, 0x13, 0xA3, 0x9C, 0xC0, 0x6F, 0xC0, 0xA3, 0x23, 0x50, 0x9E, 0x7C,
    0x27, 0xC2, 0xDE, 0x08, 0x93, 0x82, 0xED, 0x83, 0x76, 0x3D, 0xB8, 0x21, 0x25, 0x8C, 0x19, 0x92,
    0xA7, 0x30, 0x62, 0x1B, 0x68, 0x74, 0x02, 0xCD, 0x7E, 0xB0, 0xF1, 0xCD, 0xD0, 0xC6, 0x0E, 0x80,
    0x7F, 0xD4, 0x86, 0xE9, 0xD8, 0x18, 0xB3, 0x7B, 0xC5, 0x9C, 0x27, 0x3A, 0xB7, 0xA3, 0xBC, 0x05,
    0xBE, 0x2B, 0xCD, 0x16, 0x64, 0x5A, 0x4D, 0x38, 0xA6, 0x5F, 0x08, 0x3B, 0x03, 0x2B, 0x70, 0x02,
    0xBF, 0x9F, 0xCC, 0x56, 0xDE, 0x01, 0xEB, 0x66, 0x14, 0xAD, 0x96, 0x7A, 0x17, 0x2E, 0x36, 0xEE,
    0x00, 0x7F, 0x24, 0xD2, 0x37, 0xC4, 0xBA, 0xC4, 0x9F, 0xB0, 0x74, 0x98, 0x16, 0x7A, 0xC7, 0x25,
    0x58, 0x4B, 0x2A, 0x3D, 0x5C, 0xA1, 0x2C, 0x69, 0xFB, 0x6D, 0xA4, 0x35, 0x66, 0x2C, 0x59, 0xDE,
    0x51, 0x26, 0x89, 0xFB, 0x51, 0xEC, 0x34, 0x48, 0xA6, 0x45, 0x42, 0xA5, 0xA7, 0xC9, 0x75, 0x24,
    0x3D, 0xF0, 0x3B, 0x95, 0x86, 0x45, 0x2E, 0x08, 0xD3, 0xFA, 0x06, 0xC1, 0x37, 0x42, 0x7B, 0x10,
    0xEC, 0xDF, 0x81, 0x9F, 0x00, 0x94, 0x57, 0x23, 0x4A, 0xB5, 0xF8, 0x53, 0xE2, 0x3D, 0x72, 0x15,
    0xC1, 0x70, 0x1C, 0x66, 0x17, 0x15, 0x26, 0xFD, 0x68, 0xEA, 0xB8, 0xA1, 0xEF, 0xFB, 0xA1, 0xE7,
    0x05, 0x41, 0x18, 0x04, 0x8D, 0xA0, 0x9E, 0x0C, 0xBD, 0x23, 0x32, 0x5C, 0xDF, 0x2B, 0xA4, 0x26,
    0x06, 0x05, 0xC0, 0xC3, 0x60, 0x3F, 0x52, 0x72, 0xA6, 0xC0, 0x43, 0xB4, 0xFB, 0x18, 0x73, 0x2E,
    0x62, 0x7F, 0xB2, 0x94, 0x06, 0xF4, 0x83, 0xAA, 0x03, 0x5D, 0x0F, 0x98, 0xB6, 0xE9, 0x12, 0x9E,
    0xFA, 0x27, 0x72, 0x1E, 0xA5, 0xE2, 0x21, 0x69, 0x43, 0x4E, 0xDB, 0x74, 0xDA, 0x74, 0xFE, 0x14,
    0xDE, 0x20, 0x19, 0x67, 0x62, 0x0B, 0x6D, 0xBE, 0xA3, 0x65, 0xE7, 0x45, 0xD7, 0x90, 0xBB, 0x18,
    0xAD, 0xEB, 0x85, 0xA2, 0x5D, 0x74, 0x5D, 0xDB, 0x1C, 0xA5, 0x34, 0xDB, 0x59, 0x2F, 0xF9, 0x9E,
    0xEB, 0xFB, 0x12, 0xC7, 0x65, 0xD6, 0x74, 0x40, 0xF9, 0x21, 0xE8, 0xAF, 0xD7, 0x7D, 0x3F, 0xF5,
    0xDC, 0xC4, 0xF7, 0x93, 0x62, 0xE3, 0xAC, 0x14, 0x4E, 0xC7, 0xB6, 0xD1, 0x4F, 0x8B, 0x7D, 0xB9,
    0x98, 0x28, 0xDB, 0xEA, 0x84, 0xE0, 0xE7, 0xE7, 0xC6, 0xF2, 0xE3, 0x04, 0xBF, 0xF4, 0x5F, 0x49,
    0x74, 0xB9, 0x50, 0x37, 0x4B, 0x25, 0x3B, 0xB0, 0x9D, 0x29, 0xBB, 0x9C, 0xBA, 0x7E, 0xEA, 0x7B,
    0xF5, 0x20, 0xB8, 0x46, 0xE2, 0x44, 0x3B, 0x43, 0x95, 0x4D, 0x18, 0x3A, 0xF4, 0x4D, 0x60, 0x6F,
    0x82, 0x1F, 0x80, 0x61, 0xA2, 0xDC, 0x19, 0x65, 0xA5, 0x2B, 0x46, 0x6D, 0xA1, 0x20, 0xE0, 0x37,
    0x6A, 0x3D, 0x0B, 0x7D, 0x4F, 0x87, 0x10, 0x6B, 0xAA, 0x6B, 0xAA, 0x56, 0xC9, 0x3A, 0x58, 0x24,
    0x53, 0x95, 0x6C, 0xDF, 0xF6, 0x4A, 0x81, 0x34, 0x55, 0xC0, 0x12, 0x79, 0x48, 0x32, 0x63, 0xB2,
    0x50, 0x08, 0x66, 0xF0, 0xD8, 0x2A, 0xCE, 0xCB, 0x2A, 0xA4, 0xDE, 0x80, 0xD7, 0xD5, 0x0F, 0x3D,
    0x16, 0x69, 0x92, 0x6C, 0x53, 0x0A, 0x19, 0xC4, 0x97, 0x67, 0x4E, 0x6C, 0x13, 0xB6, 0x5A, 0x3E,
    0x90, 0xDF, 0xC5, 0xAB, 0xA2, 0x85, 0xFF, 0x42, 0x78, 0x1B, 0x25, 0xF9, 0x33, 0x29, 0x30, 0xCA,
    0xA8, 0xAE, 0x4E, 0x69, 0xC3, 0x46, 0x55, 0x45, 0x10, 0xF6, 0x92, 0x62, 0x93, 0x02, 0x6C, 0xDF,
    0x63, 0xD0, 0x36, 0x19, 0xE0, 0xE4, 0x2A, 0xD3, 0xA0, 0xFC, 0xC3, 0x9F, 0xC8, 0x64, 0x17, 0x24,
    0x9E, 0xC9, 0x67, 0xC5, 0x27, 0x6B, 0xE5, 0xBB, 0xB6, 0xF8, 0xAE, 0xED, 0xB9, 0x6E, 0x60, 0x65,
    0xB4, 0x92, 0x4E, 0x8C, 0x35, 0x55, 0xF9, 0xB1, 0x4A, 0xB0, 0x0E, 0xA2, 0x68, 0x2E, 0x10, 0x20,
    0xF2, 0xF2, 0x15, 0x97, 0xBE, 0x78, 0x2C, 0x67, 0xE6, 0x96, 0xF6, 0x5E, 0x34, 0x15, 0x60, 0x0F,
    0xD8, 0xCF, 0x97, 0x1B, 0x1A, 0x0B, 0xCB, 0xD9, 0x4C, 0x54, 0x45, 0x26, 0xF1, 0xBC, 0x92, 0xD7,
    0xCE, 0x84, 0xA8, 0xF0, 0xDD, 0xA9, 0xBE, 0x21, 0xAA, 0xF3, 0x0D, 0x94, 0x8A, 0x37, 0xC4, 0x31,
    0xDF, 0x7B, 0x3C, 0xE2, 0xFB, 0x26, 0xC1, 0x1F, 0xFE, 0x0F, 0x68, 0x7F, 0xFF, 0x23, 0x68, 0xA7,
    0xA6, 0xA0, 0x1D, 0x8F, 0x31, 0xD6, 0x63, 0xDB, 0xB6, 0x69, 0xDA, 0x1D, 0x66, 0x47, 0x8F, 0xE5,
    0x0E, 0x14, 0x6E, 0xAF, 0x19, 0x5F, 0x8A, 0x0C, 0x2A, 0x60, 0xAA, 0x78, 0xE4, 0x4E, 0xE3, 0x63,
    0x2F, 0xE3, 0xC3, 0xC7, 0xC1, 0xDF, 0x00, 0x49, 0x91, 0xC5, 0x23, 0x63, 0xA0, 0x47, 0x67, 0x92,
    0x07, 0x29, 0x62, 0x55, 0x4B, 0xCE, 0x03, 0xBE, 0x6D, 0x7B, 0xB6, 0x1B, 0x74, 0x8E, 0xAB, 0x9A,
    0x91, 0xAB, 0xB1, 0x66, 0x79, 0x8C, 0x88, 0x47, 0x89, 0xD1, 0x33, 0xB4, 0x49, 0x52, 0xEE, 0x0C,
    0x49, 0xB8, 0x9E, 0xC2, 0x5A, 0xDE, 0x54, 0x65, 0x48, 0x48, 0x54, 0x89, 0x8E, 0x29, 0x0C, 0x94,
    0x29, 0xA3, 0x9B, 0xB6, 0xED, 0xB6, 0x39, 0xF7, 0x57, 0xCB, 0xF7, 0x57, 0xFD, 0x00, 0x32, 0xD9,
    0x66, 0xE8, 0x63, 0x8A, 0x68, 0xAC, 0x11, 0xF8, 0x2D, 0x81, 0x47, 0x22, 0x4C, 0x47, 0xDA, 0xB6,
    0x38, 0x7F, 0x55, 0xDC, 0x71, 0x4F, 0x52, 0x6A, 0x24, 0x47, 0xBE, 0xDE, 0x94, 0xE9, 0x88, 0xD2,
    0xF5, 0x01, 0x68, 0x07, 0x91, 0x7F, 0x13, 0x2B, 0x5E, 0x41, 0xDF, 0x49, 0x6C, 0xFD, 0x2F, 0x59,
    0xFC, 0xA8, 0x6E, 0x11, 0x5F, 0x49, 0xF2, 0x84, 0x12, 0xA2, 0x67, 0xF1, 0xCA, 0x3A, 0x7F, 0xE3,
    0xD8, 0x14, 0x17, 0x8F, 0x06, 0xFA, 0xFA, 0x03, 0xA1, 0xCE, 0x4D, 0xCF, 0xC8, 0xDB, 0x7E, 0xE5,
    0x6B, 0xEE, 0xB3, 0x65, 0xE2, 0x65, 0x5A, 0x62, 0xAF, 0x48, 0x9C, 0x5B, 0xD2, 0xF2, 0xF6, 0x86,
    0xFF, 0x95, 0xE0, 0xAA, 0x03, 0xDE, 0xE7, 0xBE, 0x70, 0x44, 0xD1, 0xC2, 0xB7, 0xBF, 0x05, 0x19,
    0xA6, 0x20, 0xAD, 0xA4, 0x7F, 0xF1, 0xAD, 0x94, 0x5A, 0x2D, 0xE2, 0x17, 0x37, 0x51, 0x19, 0xB7,
    0x7D, 0x38, 0x74, 0x4F, 0x1C, 0xA5, 0xDE, 0x67, 0xBA, 0xC9, 0xE2, 0x3A, 0xFE, 0x21, 0xC2, 0x76,
    0xC1, 0x9F, 0x88, 0xAD, 0x52, 0x62, 0x7B, 0xF5, 0xF0, 0xDD, 0x90, 0x78, 0x0A, 0xF1, 0xB5, 0xE6,
    0xD0, 0x61, 0xD2, 0xC4, 0xD6, 0x09, 0x0F, 0xC4, 0x90, 0xB4, 0x58, 0x0F, 0xC8, 0xA2, 0xC7, 0xCE,
    0x52, 0xB9, 0xFD, 0xE7, 0x03, 0x44, 0x8B, 0x5E, 0xB8, 0x19, 0xBA, 0x36, 0x69, 0x51, 0xE5, 0xBE,
    0x9E, 0x1A, 0xB6, 0x47, 0x2B, 0xFB, 0x44, 0xB9, 0x77, 0x5A, 0x98, 0x66, 0x1E, 0x76, 0xBE, 0x07,
    0xCE, 0x27, 0xC7, 0x51, 0xDE, 0xF6, 0x2A, 0xFC, 0xA7, 0x3E, 0x8F, 0xAB, 0x5E, 0xD8, 0x8F, 0xCF,
    0xED, 0x3F, 0x19, 0x51, 0xC3, 0x8A, 0x5F, 0x97, 0x98, 0xA0, 0x02, 0x4B, 0x5E, 0x61, 0x2C, 0x21,
    0xF7, 0xB3, 0x67, 0x95, 0xB1, 0x54, 0x31, 0x97, 0x81, 0x75, 0x56, 0x11, 0xBA, 0xBB, 0xB0, 0xFA,
    0x2B, 0xCA, 0x92, 0xBF, 0x83, 0xD7, 0xF3, 0x13, 0x96, 0x05, 0x93, 0x1D, 0x62, 0x63, 0x14, 0x2A,
    0xEE, 0x6A, 0x62, 0x58, 0xDF, 0x1E, 0x5F, 0x75, 0x67, 0x77, 0x77, 0x4E, 0x38, 0xC5, 0x22, 0x08,
    0x09, 0x70, 0x5D, 0x17, 0x94, 0x77, 0xE0, 0x13, 0x84, 0xDD, 0x30, 0x45, 0xFE, 0x6D, 0xA1, 0x9A,
    0x46, 0xD9, 0x32, 0xEA, 0xCD, 0x0C, 0xF7, 0x39, 0x82, 0x98, 0xA4, 0x2C, 0xE5, 0x8E, 0xD4, 0xEC,
    0x09, 0xCC, 0x9E, 0x01, 0xBB, 0x6F, 0xC0, 0xF6, 0xD6, 0xBA, 0x03, 0x91, 0xFB, 0x67, 0xC2, 0x38,
    0x27, 0x29, 0x47, 0x96, 0x9D, 0x65, 0x7A, 0x58, 0x05, 0xED, 0xC5, 0x84, 0x98, 0x98, 0x83, 0xB0,
    0x2C, 0xC2, 0xA1, 0x67, 0xC6, 0xC3, 0x1C, 0xD5, 0xFC, 0xD4, 0x23, 0x06, 0x46, 0x94, 0xF6, 0x59,
    0x55, 0x99, 0xCE, 0x9A, 0xA6, 0x6B, 0x0D, 0xDD, 0x1C, 0x3E, 0x19, 0xD8, 0x9E, 0x2A, 0xE8, 0x23,
    0xA8, 0xFE, 0x36, 0xFB, 0x09, 0x51, 0x4A, 0xB7, 0x1D, 0x76, 0x07, 0x9C, 0x3E, 0x98, 0x03, 0x30,
    0x6B, 0xB0, 0x62, 0xD5, 0x58, 0x51, 0xCE, 0xE1, 0xB1, 0x6B, 0x0A, 0xBB, 0x07, 0x36, 0x7D, 0x3F,
    0x0A, 0x33, 0x86, 0x25, 0x8F, 0xDC, 0xBA, 0xF8, 0x1F, 0x02, 0xCF, 0xC9, 0x1F, 0x96, 0x94, 0x23,
    0x99, 0xA9, 0xA7, 0xD6, 0x2F, 0x2E, 0xF3, 0x8F, 0xA4, 0x9A, 0x2F, 0x47, 0xD2, 0xBE, 0x89, 0x6C,
    0x95, 0x7F, 0xB6, 0x21, 0x1A, 0xC4, 0xFF, 0xED, 0xA6, 0x26, 0xEA, 0xB5, 0xE3, 0x71, 0x88, 0x53,
    0x27, 0x44, 0xC8, 0xE2, 0x17, 0xE0, 0xF1, 0xE8, 0x34, 0xA8, 0xDF, 0x3D, 0x02, 0x63, 0x22, 0x2B,
    0x2F, 0xB5, 0x6C, 0x28, 0x00, 0x6C, 0x46, 0xC6, 0x6C, 0xF3, 0xBF, 0x4C, 0x03, 0x87, 0xB8, 0x88,
    0x6F, 0x52, 0x32, 0x34, 0xBD, 0xD1, 0xD0, 0x29, 0xD5, 0x02, 0xD7, 0x8E, 0x3C, 0xAF, 0x88, 0xA2,
    0xE4, 0xE1, 0x8A, 0x10, 0x12, 0xD8, 0x2E, 0xA3, 0x07, 0x75, 0xCF, 0x24, 0x24, 0xF6, 0xE6, 0x14,
    0x91, 0x65, 0x87, 0xDC, 0x03, 0xD7, 0xC7, 0x60, 0x08, 0xE2, 0xCB, 0xA1, 0x87, 0xD4, 0xFD, 0xFD,
    0xD8, 0x78, 0x4F, 0x19, 0x7C, 0x2D, 0xB4, 0x73, 0xB0, 0x3E, 0x29, 0x5C, 0xEA, 0xBC, 0x79, 0x14,
    0x52, 0xEF, 0x4D, 0x9D, 0x85, 0x89, 0xDE, 0xA6, 0xCC, 0x1D, 0xE0, 0x94, 0x48, 0xDA, 0x6E, 0x85,
    0x4A, 0x58, 0xD4, 0x32, 0xE3, 0xCE, 0xCB, 0xC0, 0x0F, 0x6E, 0x4D, 0xAC, 0xB6, 0xAE, 0x3A, 0xF5,
    0xFD, 0xC4, 0xF6, 0x64, 0x9F, 0x41, 0x5E, 0x51, 0xB7, 0xA4, 0xA8, 0x3C, 0x1E, 0x74, 0x0C, 0xD1,
    0xFB, 0xB3, 0x56, 0xD7, 0xD5, 0x2F, 0xF0, 0x89, 0x29, 0xC9, 0x91, 0x57, 0xA8, 0xC6, 0xFB, 0xC7,
    0x0D, 0xFB, 0x63, 0x25, 0x1F, 0xAE, 0x07, 0x37, 0x40, 0x89, 0xE2, 0x35, 0x58, 0x1B, 0xF4, 0x3F,
    0xA9, 0x02, 0xF6, 0x37, 0x1F, 0x03, 0x3E, 0xD4, 0x76, 0x49, 0x39, 0x08, 0x23, 0x02, 0x07, 0xA5,
    0xA1, 0x2E, 0x96, 0x8C, 0xB2, 0x36, 0xC5, 0x90, 0x33, 0x06, 0xD9, 0xA6, 0xF8, 0xAA, 0x74, 0x87,
    0xAA, 0xB6, 0xD2, 0xAF, 0xB2, 0x29, 0x4B, 0xE5, 0x87, 0x11, 0x5C, 0x0F, 0x29, 0x7A, 0xE8, 0xB6,
    0x79, 0x90, 0xC4, 0x84, 0xFA, 0xDB, 0xD6, 0x28, 0x44, 0x53, 0xC7, 0x30, 0xC1, 0xFF, 0x40, 0x91,
    0xE2, 0x27, 0x71, 0xF9, 0x71, 0x54, 0x84, 0x9C, 0xAD, 0x98, 0x01, 0x7A, 0xB2, 0x43, 0x76, 0xED,
    0x4A, 0xAB, 0xD4, 0x5B, 0xDE, 0x4F, 0xC6, 0xEF, 0x0A, 0xD6, 0xD2, 0x3D, 0x8A, 0xA2, 0xB8, 0xBC,
    0x55, 0x14, 0xE4, 0x2E, 0x68, 0x2B, 0x54, 0x46, 0x5A, 0x09, 0x2B, 0xC1, 0x76, 0x5A, 0x85, 0xF5,
    0x38, 0x7F, 0x51, 0xFF, 0xA8, 0x27, 0x0F, 0x91, 0x89, 0x46, 0xCF, 0x7F, 0xC7, 0x64, 0xCF, 0xD1,
    0x99, 0x60, 0x17, 0xDA, 0xD4, 0x62, 0x26, 0x0B, 0x06, 0xE9, 0x30, 0x73, 0xAD, 0xCD, 0xCA, 0x19,
    0xAD, 0xA3, 0x3F, 0x70, 0x51, 0x6B, 0x97, 0x61, 0x33, 0x26, 0xB3, 0x79, 0xD7, 0x05, 0x92, 0xBF,
    0x41, 0xB0, 0x11, 0x54, 0x2B, 0xF2, 0x29, 0x2E, 0xBC, 0xBA, 0xC8, 0x53, 0xB4, 0x59, 0x8F, 0xAA,
    0x94, 0x04, 0xD1, 0xE8, 0x68, 0xC1, 0x0D, 0x51, 0xEB, 0xC9, 0x05, 0xD9, 0x2A, 0xD7, 0x31, 0xB7,
    0x03, 0x95, 0xAD, 0xF2, 0x41, 0xF0, 0x87, 0xB2, 0x56, 0x59, 0x7F, 0x5F, 0x8B, 0xDD, 0xDE, 0x42,
    0xA0, 0x37, 0x1B, 0x4C, 0x1B, 0xA0, 0xA9, 0xF2, 0x54, 0x96, 0x35, 0x94, 0xD2, 0xFD, 0x4C, 0x35,
    0xA4, 0xD2, 0xF3, 0x38, 0x2A, 0xC4, 0x87, 0xB8, 0xDA, 0x65, 0xCF, 0x6C, 0x68, 0x48, 0x5F, 0xE8,
    0x6F, 0xCF, 0xCC, 0x97, 0x54, 0xE5, 0xD0, 0x2F, 0xA8, 0x1C, 0x39, 0xC2, 0x51, 0xB1, 0xEA, 0x08,
    0x1B, 0xE5, 0xEA, 0xD5, 0x63, 0x1E, 0x71, 0xAF, 0xE2, 0x38, 0xE6, 0xF6, 0xAA, 0xFF, 0x36, 0xC5,
    0x1F, 0x4A, 0xF8, 0x5B, 0x42, 0x17, 0x51, 0xAB, 0x57, 0x8D, 0x66, 0x28, 0xE9, 0x1E, 0x49, 0x49,
    0x8D, 0x8C, 0x92, 0x96, 0xD1, 0x7B, 0x04, 0xF6, 0x8A, 0xF3, 0x94, 0x34, 0xB3, 0x29, 0x1B, 0x69,
    0xB0, 0xD3, 0xD5, 0x39, 0x13, 0xAE, 0x48, 0x36, 0x9F, 0xB3, 0xA2, 0xC8, 0x27, 0x3D, 0xFD, 0xE3,
    0x33, 0xC4, 0xC2, 0x97, 0x5C, 0x66, 0xFE, 0xE0, 0x63, 0xCD, 0xEB, 0xF3, 0x37, 0xF5, 0x4F, 0x98,
    0x3D, 0x76, 0xDB, 0x5D, 0xD8, 0x21, 0x16, 0xDC, 0xC0, 0x7F, 0x0E, 0xBE, 0x2F, 0xD6, 0x05, 0xD1,
    0xBC, 0xD4, 0x40, 0x5A, 0x89, 0xE4, 0xE3, 0xA9, 0x57, 0xA5, 0xBC, 0x4A, 0xA0, 0xCC, 0x36, 0x3B,
    0xA2, 0xDC, 0xF0, 0x89, 0x01, 0x06, 0xC4, 0x66, 0xAA, 0xC1, 0xD3, 0x49, 0x37, 0xD8, 0xFA, 0xE1,
    0x5C, 0xE1, 0x54, 0x73, 0x1D, 0x46, 0xEB, 0xBB, 0x31, 0x70, 0x2A, 0x42, 0xDF, 0x0F, 0x88, 0x07,
    0xFC, 0x2F, 0xF0, 0xE3, 0xE7, 0xA9, 0x6C, 0xEE, 0x13, 0xFA, 0xC6, 0x8D, 0x91, 0x45, 0x0D, 0x1B,
    0x35, 0x4E, 0xCD, 0x96, 0x53, 0xFA, 0x66, 0x60, 0x63, 0xEC, 0xDE, 0x33, 0xDE, 0xF5, 0x3F, 0x0F,
    0x97, 0xF0, 0x75, 0x4A, 0x5F, 0xDF, 0x21, 0xD0, 0x9C, 0xA1, 0x90, 0xF8, 0x9E, 0x87, 0x1F, 0x1C,
    0xF0, 0xBB, 0xBE, 0x6B, 0xAA, 0xF2, 0x29, 0x91, 0x10, 0xAB, 0xC6, 0x9B, 0xAC, 0xCE, 0xEE, 0x84,
    0x71, 0x1B, 0x4C, 0x5D, 0xB4, 0xD1, 0xEF, 0x16, 0xF2, 0x4D, 0x15, 0x3D, 0x96, 0x6C, 0xF7, 0xA6,
    0xCA, 0xD8, 0xD9, 0x94, 0xCD, 0x1F, 0xA5, 0x2A, 0x43, 0x64, 0x0D, 0x0F, 0x15, 0x01, 0x2F, 0x5F,
    0xCB, 0xA5, 0xB2, 0xE1, 0xD9, 0x96, 0xE4, 0xC9, 0xCB, 0xC5, 0x6C, 0x26, 0xC6, 0x9A, 0xDB, 0x91,
    0x44, 0xEC, 0x84, 0x9C, 0xA4, 0xF1, 0x5F, 0x80, 0x7F, 0x89, 0x8A, 0xBA, 0xAC, 0xE9, 0x86, 0x16,
    0x57, 0x76, 0x37, 0x55, 0x60, 0x0E, 0x64, 0x2A, 0x96, 0xF5, 0xC8, 0x5C, 0x15, 0xD9, 0xA3, 0x70,
    0x22, 0x45, 0x8C, 0x64, 0x61, 0x57, 0xFC, 0x49, 0x93, 0xB3, 0x59, 0x59, 0xB7, 0xBB, 0x24, 0x59,
    0xA0, 0xD8, 0x5A, 0x47, 0xE8, 0xFC, 0x4B, 0xB0, 0xFF, 0x24, 0xA6, 0xF3, 0x0A, 0x41, 0xEE, 0x4D,
    0xBA, 0x0F, 0x93, 0xED, 0xEF, 0x25, 0x17, 0x7C, 0x98, 0x72, 0x35, 0xE1, 0x5C, 0x8E, 0x69, 0xCA,
    0x3C, 0x36, 0xDB, 0x23, 0xA7, 0x0E, 0x27, 0x41, 0xFF, 0x14, 0xAE, 0xF1, 0x14, 0x1F, 0xEB, 0x6C,
    0x29, 0x95, 0x6F, 0x5E, 0x4C, 0xA9, 0xA9, 0x39, 0xA4, 0x4E, 0x29, 0xD5, 0x31, 0x4F, 0x29, 0x47,
    0x15, 0x36, 0xD2, 0xE5, 0x0A, 0x3A, 0x5D, 0x57, 0x7A, 0x1C, 0x38, 0x45, 0xF4, 0xF1, 0x04, 0xA9,
    0x4A, 0xCE, 0xD0, 0x9E, 0x27, 0x7D, 0x88, 0x52, 0x72, 0x6A, 0xCB, 0xC9, 0x19, 0x90, 0xCE, 0xB8,
    0x26, 0x6E, 0x7C, 0xEA, 0xC4, 0xA8, 0xF6, 0x17, 0xE0, 0x87, 0xC0, 0x1F, 0x87, 0x4E, 0xD5, 0xDB,
    0x80, 0xC5, 0x17, 0x9C, 0xF7, 0xF0, 0x37, 0x8E, 0x64, 0xB3, 0x1E, 0x35, 0x98, 0x98, 0x99, 0xF7,
    0xFC, 0x0A, 0x6A, 0xE8, 0xAA, 0x7A, 0xFF, 0x15, 0x19, 0x2D, 0xE5, 0xC2, 0xA4, 0x9E, 0x42, 0x87,
    0xB3, 0x19, 0xE5, 0xDB, 0xE1, 0x53, 0x4F, 0x41, 0x3D, 0x02, 0x31, 0x77, 0xA6, 0x18, 0xE0, 0x1A,
    0x09, 0x5C, 0x92, 0x3F, 0x4C, 0xF2, 0x3F, 0x4B, 0xF2, 0x57, 0x2E, 0x2E, 0xFF, 0x2C, 0xC9, 0x7B,
    0xDC, 0xD4, 0x3B, 0x6C, 0xBD, 0x6D, 0xAE, 0x3C, 0x31, 0x3B, 0x46, 0xA2, 0xA2, 0x94, 0xD8, 0xA4,
    0xA6, 0x4B, 0x62, 0x7C, 0x02, 0xFC, 0x50, 0x8D, 0x4A, 0xC7, 0x98, 0x2E, 0x02, 0x5B, 0x0E, 0xA1,
    0x08, 0xC6, 0x66, 0x65, 0x5F, 0x53, 0x06, 0xB6, 0x4B, 0x2A, 0x84, 0x60, 0xA7, 0x08, 0x54, 0x7F,
    0x2C, 0xFA, 0x0F, 0xA7, 0x26, 0x17, 0xB6, 0xD4, 0xB4, 0x5A, 0x32, 0xB6, 0xF8, 0xA6, 0xE5, 0x99,
    0x85, 0x80, 0x12, 0x03, 0xE5, 0xD7, 0x95, 0x14, 0xD5, 0x21, 0x72, 0x42, 0xD5, 0x7D, 0x72, 0x9C,
    0x70, 0x1C, 0xEA, 0x4E, 0xA8, 0x51, 0x6F, 0x84, 0x0D, 0xFA, 0xA4, 0xDE, 0x53, 0xB1, 0xBB, 0x9D,
    0xEA, 0x3E, 0x25, 0x5A, 0xA1, 0x35, 0x65, 0xA7, 0xEF, 0x6E, 0x87, 0xF7, 0x82, 0xD8, 0x3A, 0x29,
    0xEE, 0x39, 0x09, 0xEF, 0x55, 0x14, 0x7F, 0xA5, 0x08, 0xC6, 0x22, 0x19, 0x5F, 0x43, 0x8B, 0x63,
    0xD4, 0x65, 0x0F, 0xD0, 0x1A, 0x08, 0xCC, 0x66, 0x7C, 0xEA, 0x34, 0x38, 0x19, 0xC3, 0xC8, 0x26,
    0x57, 0x4F, 0xAB, 0xC9, 0xD5, 0x6C, 0x12, 0x98, 0x37, 0xB9, 0xA2, 0xEF, 0xE5, 0xFC, 0x38, 0xEB,
    0xE8, 0xE6, 0xF4, 0xAE, 0x85, 0xF9, 0xBD, 0x6B, 0x94, 0xD5, 0x4D, 0x59, 0x4B, 0xD7, 0xA8, 0x41,
    0xD2, 0x48, 0x4E, 0xEC, 0xD0, 0x23, 0x37, 0x0F, 0xA7, 0x03, 0xD6, 0x00, 0x8C, 0x1A, 0xE5, 0x51,
    0x29, 0x3C, 0x93, 0x4F, 0xC2, 0xC7, 0x4C, 0xDB, 0xB2, 0xDB, 0xCD, 0x0E, 0xB3, 0xC7, 0x1C, 0x28,
    0xC4, 0x06, 0x69, 0x64, 0xD1, 0xBF, 0x82, 0x58, 0x70, 0xE3, 0x9F, 0xD4, 0xE5, 0xAE, 0x85, 0x37,
    0xDE, 0x5D, 0xCB, 0x36, 0xCE, 0x99, 0x89, 0x0D, 0x29, 0xBB, 0x50, 0xC9, 0xF9, 0xE2, 0xEC, 0x4C,
    0x2C, 0x55, 0xA9, 0x97, 0xE2, 0xAE, 0x2A, 0x4B, 0xF4, 0x86, 0x48, 0xFB, 0xDE, 0xF9, 0x96, 0x58,
    0x0B, 0x51, 0x20, 0xEA, 0x40, 0xA1, 0xC7, 0x55, 0xE8, 0x39, 0x32, 0xF4, 0xBA, 0x47, 0xBA, 0xC5,
    0x3F, 0xFE, 0x77, 0x3F, 0xF6, 0x3E, 0x48, 0x10, 0x12, 0x54, 0x0C, 0x2E, 0x18, 0x47, 0x5A, 0x24,
    0xCB, 0x24, 0x0B, 0x3B, 0x94, 0xCB, 0x8F, 0x1D, 0x3E, 0x9B, 0x75, 0x3B, 0x54, 0xF8, 0xB2, 0x1B,
    0x58, 0xF7, 0x8B, 0xD1, 0xCF, 0xDC, 0x58, 0xDF, 0xF8, 0xF1, 0x6C, 0x7E, 0x1F, 0x17, 0x78, 0x6C,
    0x91, 0xAE, 0xAF, 0x35, 0x95, 0x02, 0x03, 0xB2, 0x30, 0x31, 0x31, 0x72, 0xDD, 0x70, 0x59, 0x4B,
    0xB2, 0x41, 0x9B, 0x47, 0xF8, 0xD4, 0xD1, 0x7B, 0x4C, 0x99, 0xDE, 0x52, 0x0A, 0x1C, 0x13, 0x6A,
    0x22, 0xA8, 0xB2, 0x01, 0x1D, 0x85, 0xE0, 0xA4, 0xAA, 0x4B, 0x89, 0xBA, 0xB2, 0x27, 0x90, 0xB3,
    0xD5, 0x01, 0x7B, 0x95, 0x7B, 0x48, 0xE7, 0xD5, 0xF2, 0xC1, 0x73, 0x86, 0x77, 0x8F, 0x44, 0xEE,
    0xA4, 0xE8, 0x9D, 0x06, 0xDB, 0x0F, 0xF6, 0x7B, 0x60, 0x6A, 0x78, 0x97, 0x35, 0xF3, 0x57, 0x6F,
    0xA9, 0x4C, 0xE8, 0x9E, 0xA6, 0xDA, 0xC5, 0x39, 0x43, 0xB0, 0x97, 0x22, 0x7E, 0xBA, 0x41, 0x08,
    0xD7, 0x45, 0xA8, 0x23, 0x20, 0x52, 0x5A, 0x79, 0xE8, 0x6C, 0x96, 0x1A, 0x5A, 0xA8, 0x98, 0x37,
    0x10, 0xB1, 0x55, 0x7E, 0xC9, 0x26, 0x2B, 0xB9, 0x9A, 0x1C, 0xA8, 0x34, 0xCC, 0x0F, 0x25, 0xCE,
    0xBD, 0xF1, 0xE0, 0xB5, 0x67, 0x12, 0x5D, 0xA9, 0x2F, 0x87, 0x67, 0xF1, 0x28, 0xB2, 0x46, 0xE6,
    0x6E, 0xB0, 0x49, 0xF1, 0x99, 0xEB, 0xC5, 0xE1, 0x22, 0x7A, 0x6B, 0xF2, 0x94, 0x06, 0x93, 0xD3,
    0xE6, 0xA5, 0xB7, 0x4F, 0x47, 0x92, 0xAA, 0xF7, 0xB5, 0x12, 0xFB, 0x82, 0x72, 0xF8, 0xBB, 0x0A,
    0xF3, 0xF1, 0x4C, 0x79, 0x9F, 0x7D, 0xD5, 0x43, 0xEC, 0x26, 0xD2, 0x67, 0x5F, 0x03, 0xAD, 0x95,
    0xCE, 0x1F, 0x22, 0x8D, 0x87, 0x6F, 0xF9, 0x20, 0x63, 0x7A, 0xF0, 0xB6, 0x8C, 0x2C, 0x62, 0x79,
    0x73, 0xB1, 0xF9, 0xE5, 0xE0, 0x4D, 0x41, 0x85, 0x5B, 0x17, 0x0D, 0x65, 0xDE, 0xA0, 0x12, 0x49,
    0x2E, 0x50, 0x60, 0xB1, 0xB1, 0x49, 0xB0, 0x43, 0x17, 0x94, 0x83, 0x44, 0x0D, 0xA7, 0x2C, 0x78,
    0x05, 0x04, 0x73, 0xD3, 0x86, 0xEA, 0xB9, 0xAE, 0xB8, 0x9F, 0x8C, 0x21, 0xCB, 0x08, 0x31, 0xA3,
    0xB5, 0x24, 0xA2, 0x4A, 0xD0, 0x8E, 0x49, 0xD7, 0xDD, 0xE4, 0xC3, 0x0D, 0x31, 0x6E, 0xE5, 0x31,
    0x8E, 0xAC, 0x49, 0x5B, 0x2F, 0x5C, 0x6A, 0x59, 0x97, 0xAD, 0xB8, 0xA7, 0x90, 0x8D, 0xFF, 0xCC,
    0xE0, 0x2C, 0x67, 0xE1, 0xAB, 0x26, 0x9A, 0x9D, 0x2A, 0xC8, 0x33, 0xD8, 0x03, 0x8B, 0xA7, 0x67,
    0x89, 0xFF, 0x30, 0x4B, 0x9F, 0x51, 0xD6, 0xF4, 0xE4, 0x28, 0x47, 0x18, 0xB7, 0x09, 0x89, 0xA3,
    0xB9, 0xE9, 0x79, 0xB3, 0x4A, 0xA7, 0x94, 0x1B, 0x54, 0x7A, 0x1A, 0xF5, 0xB0, 0x35, 0x45, 0xB7,
    0xC0, 0xF2, 0xD3, 0xFF, 0xB9, 0x56, 0xDA, 0xEF, 0x99, 0x25, 0x5B, 0x17, 0x4D, 0xFF, 0x9A, 0x02,
    0xA8, 0xA9, 0x3A, 0x9A, 0x25, 0x63, 0x2A, 0x51, 0xD5, 0x02, 0x17, 0x8F, 0xA9, 0xA3, 0x2A, 0x16,
    0x44, 0x6B, 0x0D, 0xAB, 0x22, 0x9B, 0x28, 0x37, 0x79, 0xCA, 0x26, 0x72, 0x89, 0x7C, 0x97, 0xC1,
    0xED, 0x8F, 0xC4, 0xDC, 0xFE, 0x74, 0xAC, 0x99, 0x7B, 0xA3, 0x9C, 0xB5, 0x57, 0xB4, 0x77, 0xEA,
    0xA2, 0x72, 0x83, 0x62, 0x14, 0x2D, 0x6B, 0xF3, 0xEC, 0x6D, 0xA7, 0x9C, 0x48, 0x4E, 0x75, 0xD2,
    0xBD, 0x8E, 0x32, 0xCC, 0xA3, 0xE0, 0x57, 0x1D, 0x40, 0x6E, 0x9D, 0x8D, 0xAF, 0x96, 0x6D, 0x34,
    0x7B, 0x3A, 0x5B, 0xF9, 0x32, 0x8F, 0x96, 0xEE, 0x17, 0x01, 0x2D, 0xCB, 0xE6, 0x1F, 0x0B, 0xBF,
    0x34, 0x4B, 0xD4, 0x4B, 0xB3, 0x74, 0xA7, 0xDE, 0xEC, 0xAB, 0x62, 0x48, 0x41, 0x5F, 0xFB, 0x26,
    0x2C, 0xF9, 0x06, 0x41, 0x5A, 0x3F, 0x1B, 0x22, 0x87, 0x13, 0xB8, 0xB6, 0x5F, 0x3D, 0x81, 0xCA,
    0x3A, 0xD1, 0xEF, 0xA5, 0x44, 0x51, 0xBF, 0xA7, 0xF5, 0x2C, 0x25, 0x8A, 0x8D, 0x0C, 0x43, 0x7B,
    0x66, 0x0B, 0x78, 0xB0, 0x02, 0xED, 0x04, 0x86, 0x95, 0x04, 0xB8, 0xD1, 0xB7, 0x23, 0xBC, 0x98,
    0xD0, 0xB6, 0x18, 0x79, 0x2D, 0xEE, 0xA2, 0xB4, 0x3B, 0xBA, 0xB3, 0xF7, 0x4C, 0xA2, 0x7D, 0xE3,
    0x88, 0xD9, 0x69, 0xB9, 0xA6, 0xE9, 0xD9, 0x63, 0x61, 0x7F, 0x2D, 0x20, 0x66, 0xBC, 0xA5, 0xAD,
    0xB2, 0x49, 0x75, 0x0C, 0xD7, 0x81, 0xBF, 0x0E, 0xF6, 0xD7, 0x73, 0xB9, 0xE2, 0x1B, 0x73, 0xDF,
    0xAA, 0x1D, 0x8E, 0x06, 0xC4, 0x36, 0x91, 0x8D, 0xDF, 0x5C, 0xDF, 0x6B, 0xC8, 0x91, 0x99, 0xA7,
    0x46, 0x66, 0xC4, 0xD9, 0xF4, 0xBF, 0x13, 0x6D, 0xB2, 0x50, 0xC9, 0x58, 0x65, 0x87, 0xE3, 0xE2,
    0x86, 0x38, 0xE4, 0x51, 0xC3, 0x90, 0x94, 0xA5, 0x5F, 0x35, 0xE4, 0x9D, 0xC9, 0x5A, 0xEA, 0x07,
    0xD9, 0x58, 0x39, 0x0C, 0x1A, 0x8D, 0x64, 0xBB, 0xF4, 0xCC, 0x23, 0xC0, 0x97, 0x97, 0xB5, 0x37,
    0xDF, 0x97, 0xEF, 0x5B, 0x50, 0x02, 0xEE, 0x91, 0xB6, 0xFE, 0x94, 0x4C, 0x24, 0x23, 0x1F, 0x2C,
    0x91, 0xC8, 0x71, 0x62, 0xCF, 0xB2, 0x13, 0x89, 0x76, 0x93, 0x76, 0xC3, 0xC5, 0xDE, 0x11, 0xB6,
    0x7B, 0xED, 0x7D, 0x0B, 0x8D, 0xE0, 0xD9, 0x88, 0x30, 0xA6, 0xC5, 0x0A, 0xEA, 0x3D, 0x46, 0x55,
    0x88, 0x37, 0x55, 0x08, 0x64, 0x84, 0xD6, 0x95, 0x84, 0x56, 0x76, 0x2F, 0xD3, 0x22, 0x7F, 0x2B,
    0xDA, 0x7A, 0xD4, 0x1A, 0xB2, 0xC4, 0xB8, 0x5A, 0x63, 0xCA, 0x4F, 0xDD, 0xC5, 0xD6, 0x50, 0xC6,
    0xAC, 0x24, 0xE8, 0xEC, 0x96, 0x4B, 0x78, 0x9F, 0xF8, 0x4F, 0x8B, 0xB6, 0x43, 0xCA, 0xAC, 0xEA,
    0xBE, 0xA4, 0x97, 0x94, 0x0F, 0xCB, 0xCF, 0x12, 0x72, 0xAF, 0x8A, 0x71, 0x79, 0x74, 0xE1, 0x48,
    0xC5, 0x95, 0xAF, 0x08, 0xC3, 0x10, 0xEF, 0x1B, 0xA9, 0xDC, 0xA8, 0xFD, 0x6E, 0x36, 0x58, 0x29,
    0x59, 0x9E, 0x15, 0x5A, 0x33, 0x83, 0x95, 0x79, 0x7B, 0xAF, 0x9D, 0x6E, 0x2E, 0xB0, 0x57, 0xED,
    0xBA, 0x7A, 0xF3, 0xD6, 0xCD, 0xB3, 0xBB, 0x16, 0x7A, 0xEE, 0xC2, 0x7B, 0x2F, 0x78, 0xEE, 0x85,
    0x12, 0xB4, 0x9B, 0xA0, 0xDD, 0xB0, 0xAC, 0x17, 0x4E, 0x2D, 0x67, 0xBF, 0x6F, 0xE0, 0x9D, 0x19,
    0x7D, 0x59, 0xEF, 0x1A, 0x57, 0xCB, 0x26, 0x5B, 0x4B, 0x02, 0x10, 0x5B, 0x6A, 0x0C, 0x20, 0x1C,
    0x85, 0x4F, 0xD5, 0x37, 0x92, 0xFD, 0x8B, 0xA9, 0xFA, 0xD4, 0x00, 0x97, 0xC5, 0x72, 0xB6, 0xC2,
    0x3E, 0x0F, 0xF6, 0xE0, 0xF2, 0x64, 0x96, 0x6A, 0xE8, 0xAB, 0x2D, 0x53, 0xAC, 0xBC, 0xEE, 0x8B,
    0xF0, 0xDC, 0xF2, 0x24, 0xCB, 0x4E, 0xCE, 0x47, 0xCF, 0xB2, 0x85, 0xBF, 0x20, 0x63, 0x7B, 0xC9,
    0xD7, 0x98, 0x5C, 0x39, 0xE2, 0xFD, 0x2F, 0x37, 0xE6, 0x77, 0xAD, 0xEF, 0xEB, 0x8D, 0x65, 0x76,
    0x9F, 0x21, 0x19, 0x59, 0xD7, 0x3A, 0xD3, 0x23, 0xEF, 0x20, 0x5E, 0xDE, 0x81, 0xCF, 0x4A, 0x7A,
    0x29, 0x91, 0xCA, 0x6E, 0xB8, 0xA4, 0xB7, 0x91, 0xB8, 0x32, 0x92, 0x18, 0x5A, 0xF4, 0xC5, 0xC7,
    0x92, 0x3D, 0x38, 0xA9, 0x95, 0x53, 0xA3, 0xBB, 0xB9, 0xCD, 0xB8, 0xD4, 0xCC, 0xC1, 0x18, 0x96,
    0xC1, 0x90, 0x89, 0x9A, 0x4A, 0x17, 0x2C, 0x46, 0x8F, 0x7F, 0x4D, 0xBE, 0x75, 0x98, 0x27, 0x2A,
    0x7F, 0xB4, 0x3E, 0x57, 0x54, 0x32, 0x2B, 0xA1, 0xF0, 0xB6, 0xB8, 0x50, 0xC2, 0xFF, 0x03, 0x95,
    0x97, 0x3F, 0x68, 0x1B, 0x77, 0x14, 0xC7, 0x3F, 0xBF, 0x53, 0xA4, 0xB3, 0x23, 0xDF, 0xD9, 0x85,
    0x38, 0xC4, 0xCD, 0x39, 0xCE, 0x60, 0x88, 0x20, 0xF2, 0x9F, 0xE1, 0x0A, 0x1A, 0x0A, 0xFD, 0xA5,
    0xD0, 0xB1, 0x45, 0x43, 0x0C, 0x09, 0x2D, 0xD4, 0x2D, 0xEE, 0x1C, 0x15, 0x6E, 0x0A, 0xC4, 0x5C,
    0xF7, 0x0E, 0xCA, 0x52, 0x0A, 0x0D, 0xD4, 0x53, 0x87, 0xD4, 0x83, 0x06, 0x53, 0x32, 0x34, 0x70,
    0x14, 0x3A, 0x16, 0x0E, 0x4A, 0x77, 0x0D, 0x69, 0x86, 0xCE, 0x1A, 0x3C, 0x74, 0xE8, 0x7B, 0x27,
    0xB9, 0x69, 0xB1, 0xA4, 0xDF, 0x4F, 0x3F, 0xD9, 0x48, 0xD8, 0xBF, 0xFB, 0xDC, 0xF7, 0xBD, 0xF7,
    0xBD, 0xF7, 0x7E, 0xC2, 0x40, 0xD3, 0xEA, 0xCF, 0x9D, 0x9C, 0xCF, 0x73, 0x7E, 0x29, 0xCC, 0x37,
    0x45, 0xED, 0x79, 0xB9, 0x4C, 0x99, 0x30, 0x3C, 0x0E, 0x47, 0xC8, 0x1A, 0x40, 0x97, 0xE0, 0x39,
    0x71, 0x4C, 0x3B, 0x22, 0x4D, 0xC8, 0xDA, 0xF4, 0x3A, 0x64, 0x2F, 0x78, 0x6F, 0x57, 0xFF, 0x1F,
    0x42, 0x43, 0xDE, 0x8C, 0xA5, 0x71, 0x82, 0xE9, 0x53, 0x93, 0xCF, 0x2E, 0xEC, 0xCF, 0xB0, 0x02,
    0x47, 0x7A, 0xF9, 0x1C, 0xB2, 0x82, 0xCC, 0x87, 0x84, 0x25, 0xD7, 0xBA, 0x6E, 0x26, 0x05, 0x3F,
    0x11, 0x3C, 0x73, 0x32, 0xE1, 0x33, 0xCB, 0xCD, 0xC2, 0x87, 0x29, 0x1A, 0xEB, 0x67, 0x3E, 0xCC,
    0x1B, 0x98, 0x07, 0xBE, 0x3A, 0x25, 0x51, 0x26, 0xF7, 0x92, 0xAA, 0xA8, 0x57, 0xBA, 0x3F, 0xF4,
    0x52, 0xCB, 0x6B, 0xCC, 0x06, 0x9C, 0xF9, 0x25, 0x41, 0x98, 0x49, 0x1F, 0x6F, 0x03, 0xE8, 0x12,
    0xF2, 0xD7, 0x0E, 0x72, 0xCD, 0x12, 0x58, 0x79, 0x3F, 0xD4, 0x18, 0xA3, 0x43, 0x1A, 0xB9, 0xFB,
    0x16, 0x57, 0xAA, 0xFC, 0x1D, 0xC0, 0xDF, 0x2E, 0xD9, 0xE2, 0xB3, 0x00, 0x5F, 0xAC, 0xAD, 0x54,
    0xF8, 0x60, 0x35, 0xD5, 0xFD, 0x05, 0x04, 0xB7, 0xBC, 0x05, 0x8F, 0x2B, 0x78, 0xA5, 0xEB, 0x4B,
    0xFE, 0x01, 0xF3, 0x10, 0xF3, 0x81, 0x07, 0x79, 0xE9, 0x36, 0xCD, 0x52, 0xB3, 0xE1, 0x2C, 0xDF,
    0xB0, 0x7A, 0x7E, 0xEB, 0x98, 0x73, 0x07, 0xB3, 0x29, 0x6E, 0x17, 0xC9, 0x07, 0x5D, 0xF3, 0x67,
    0x8F, 0x72, 0xDF, 0x14, 0x04, 0x05, 0xB5, 0xBF, 0xA8, 0xE5, 0x5A, 0xD6, 0x10, 0xDB, 0xA4, 0xD8,
    0xFB, 0x31, 0xD7, 0xB0, 0x0A, 0xCD, 0x56, 0x70, 0x16, 0xB5, 0xDB, 0x9D, 0x74, 0xF0, 0xD8, 0xF6,
    0x48, 0xD7, 0xB6, 0x4A, 0xD8, 0x64, 0xA9, 0x62, 0x5C, 0x2D, 0x34, 0xDA, 0x25, 0x0F, 0xD6, 0x48,
    0x32, 0xD9, 0xC7, 0x5E, 0x46, 0xB1, 0xB1, 0xC6, 0xC7, 0xA5, 0x13, 0x10, 0x7C, 0xB5, 0xFC, 0x92,
    0x29, 0x4A, 0x10, 0x57, 0x99, 0x1B, 0xAC, 0xF6, 0xD9, 0xCE, 0xDD, 0x2A, 0xC6, 0xCF, 0xE3, 0x83,
    0x2A, 0x3F, 0x67, 0x44, 0x6D, 0xDA, 0x1D, 0xD2, 0x01, 0x8F, 0x2D, 0x3D, 0x04, 0xC8, 0x98, 0xA8,
    0x8E, 0x7A, 0x0A, 0x5B, 0xB9, 0x0F, 0x73, 0x89, 0xFA, 0x40, 0x89, 0xD3, 0xA4, 0xB5, 0x2A, 0x69,
    0x5E, 0x18, 0x7D, 0x9A, 0x3C, 0xD5, 0xC9, 0xBA, 0x79, 0xC2, 0x5B, 0xD6, 0x93, 0x6C, 0x5E, 0x8B,
    0x88, 0x99, 0x12, 0x2B, 0x5F, 0xB5, 0x0A, 0xF3, 0x85, 0xAF, 0x19, 0x64, 0x8D, 0x82, 0x4F, 0x98,
    0x65, 0x8A, 0x6B, 0x3C, 0x23, 0xA1, 0x6B, 0xEE, 0x9B, 0x11, 0xA5, 0x29, 0x82, 0xA2, 0x96, 0xD7,
    0xF2, 0xD0, 0x86, 0x62, 0xBA, 0xBD, 0xBC, 0x59, 0x50, 0x34, 0x24, 0xB9, 0x3B, 0x44, 0xB2, 0x29,
    0x91, 0xFC, 0x48, 0x80, 0xA8, 0x27, 0xA7, 0xEF, 0x9F, 0x30, 0x45, 0x85, 0x0E, 0x9E, 0xCB, 0x57,
    0x0D, 0xB4, 0x5F, 0x6D, 0x10, 0xFC, 0x51, 0x36, 0x19, 0x6C, 0xAA, 0xCD, 0x33, 0xB1, 0x79, 0xC6,
    0x20, 0x63, 0x98, 0x9A, 0xA2, 0x1D, 0xDA, 0xE6, 0x4B, 0xAD, 0x66, 0x30, 0xB6, 0xF1, 0x79, 0x14,
    0xB5, 0xE2, 0x34, 0xCE, 0xE2, 0x5E, 0x92, 0x76, 0x6E, 0x0D, 0x0D, 0xAB, 0xEA, 0xE1, 0xFF, 0xD8,
    0xD8, 0xCD, 0x92, 0x75, 0x2A, 0x13, 0x2D, 0xE3, 0x12, 0x6D, 0x6C, 0xC5, 0xFA, 0x36, 0x5B, 0x96,
    0xDB, 0xD6, 0x8B, 0x34, 0x1E, 0x64, 0xDF, 0x56, 0xF5, 0x3E, 0x27, 0x8A, 0x68, 0xC5, 0xA4, 0x31,
    0x59, 0x4C, 0x2F, 0x21, 0xED, 0x30, 0x86, 0xEA, 0xFA, 0x55, 0xDC, 0x88, 0x27, 0x76, 0x45, 0x46,
    0x99, 0x42, 0xA7, 0x09, 0x3C, 0x5A, 0x4C, 0xE0, 0xBF, 0x9E, 0x74, 0x6A, 0x94, 0xD6, 0x7E, 0xB7,
    0x4F, 0xDD, 0xFA, 0xCB, 0x7C, 0x33, 0xC4, 0x7C, 0x12, 0xB0, 0x0A, 0xEF, 0xE4, 0x3C, 0xB4, 0x9E,
    0xA5, 0xD6, 0x19, 0x56, 0x99, 0x74, 0x7A, 0xC9, 0x27, 0x03, 0x8C, 0x65, 0x6D, 0x3F, 0xA1, 0x40,
    0x7F, 0x17, 0xBB, 0xBD, 0x10, 0xB3, 0x65, 0x08, 0x57, 0xEC, 0x95, 0xC9, 0x6B, 0x20, 0xBF, 0x43,
    0x84, 0x8D, 0xC0, 0xB9, 0x28, 0x99, 0xAE, 0x04, 0xF6, 0xB5, 0xDF, 0x06, 0xE7, 0x27, 0x51, 0x6C,
    0x67, 0x6A, 0xD6, 0x7D, 0x95, 0x71, 0xDF, 0x5E, 0xF8, 0x16, 0xF2, 0x17, 0x99, 0x69, 0x8E, 0x5B,
    0x68, 0x20, 0xE2, 0x5C, 0xB5, 0x6E, 0xF5, 0x94, 0x2C, 0x1A, 0xC9, 0x69, 0x75, 0x36, 0xCB, 0x5C,
    0xB7, 0x69, 0xAD, 0xC1, 0x77, 0xE5, 0xC2, 0x51, 0x98, 0xA7, 0xD4, 0x9F, 0xF8, 0x64, 0x69, 0x11,
    0xD9, 0x52, 0x33, 0xA3, 0x6D, 0x2B, 0x9F, 0x5C, 0x3B, 0x13, 0x6E, 0xAA, 0x29, 0x27, 0xC9, 0x5F,
    0xBF, 0x77, 0x7F, 0xD7, 0xC8, 0x90, 0x2C, 0xDA, 0x26, 0xEF, 0x04, 0x36, 0x0D, 0xC8, 0x6A, 0xF4,
    0x6A, 0x0C, 0x1A, 0xF4, 0x56, 0xD8, 0x1B, 0x4D, 0x76, 0x4A, 0x2E, 0x77, 0x42, 0xA2, 0x26, 0x49,
    0x4C, 0x22, 0x3E, 0x4C, 0xE8, 0xBC, 0x4B, 0x7A, 0xCA, 0xDE, 0xA7, 0x76, 0x72, 0xD8, 0x41, 0x7B,
    0x1B, 0x77, 0x25, 0x0F, 0xB0, 0xED, 0xC6, 0x4E, 0x12, 0x1C, 0x49, 0xE3, 0x86, 0xB5, 0x79, 0x70,
    0x5D, 0x57, 0xF5, 0xA0, 0xB1, 0x7E, 0xEF, 0xA3, 0x5D, 0xF3, 0x5B, 0xC2, 0xAB, 0x79, 0x4C, 0xB4,
    0x27, 0x2A, 0x93, 0x74, 0x27, 0x4C, 0xA3, 0x66, 0x7F, 0x26, 0x73, 0x30, 0xD6, 0xE9, 0xC5, 0xD4,
    0xA4, 0x1E, 0xBA, 0x98, 0xFF, 0x0B, 0xDF, 0x03, 0xFB, 0x26, 0xFC, 0xB9, 0xD8, 0x23, 0x6B, 0xBE,
    0xB7, 0xEB, 0xEF, 0xBB, 0x81, 0xE2, 0xA8, 0xE0, 0xD8, 0x1D, 0xB8, 0x53, 0x9B, 0x54, 0x3C, 0x1C,
    0x17, 0x14, 0x07, 0xAD, 0x76, 0xB1, 0x4D, 0x9F, 0xC7, 0x3E, 0x07, 0x75, 0xFB, 0x24, 0xCC, 0xDB,
    0x0D, 0x36, 0x57, 0x88, 0xF7, 0x69, 0xF6, 0x09, 0x73, 0xFD, 0x56, 0x14, 0x56, 0x16, 0x7A, 0x94,
    0x5F, 0x54, 0xA7, 0x51, 0x35, 0xB4, 0xB2, 0xC7, 0x50, 0x4C, 0xBC, 0x4F, 0x76, 0x48, 0xA7, 0xCF,
    0x4E, 0xCE, 0xAD, 0x2A, 0x21, 0xD2, 0x15, 0x7A, 0x5C, 0x2F, 0x58, 0xC7, 0x0B, 0x98, 0xA8, 0x35,
    0xE6, 0xD2, 0xBE, 0x2C, 0xAF, 0x17, 0xB9, 0xD0, 0xC4, 0x66, 0x32, 0x7C, 0xF5, 0xD0, 0xEA, 0x23,
    0x55, 0xBE, 0xC4, 0x50, 0x6A, 0x84, 0xC6, 0x4B, 0xAA, 0x24, 0xBF, 0x71, 0xCC, 0xC1, 0xB2, 0x0B,
    0x2B, 0xA7, 0xB9, 0x3B, 0x43, 0xCF, 0xF0, 0xFF, 0x01, 0x7D, 0x54, 0x51, 0x6B, 0xE4, 0x54, 0x14,
    0xFE, 0x92, 0xC9, 0x24, 0xB3, 0x33, 0x49, 0x8D, 0x25, 0xC5, 0x38, 0x3B, 0xB5, 0xF3, 0x10, 0x96,
    0xEC, 0xB8, 0x75, 0xD3, 0x25, 0x5B, 0xE2, 0x3A, 0xD2, 0x5B, 0x74, 0x5F, 0xD6, 0x45, 0xD2, 0x6E,
    0x07, 0x05, 0x57, 0x36, 0x42, 0x55, 0xB6, 0x82, 0x8C, 0x38, 0x54, 0x5F, 0xEA, 0x5C, 0x2B, 0x08,
    0x05, 0x1F, 0x2A, 0xFA, 0x03, 0x02, 0xAE, 0xB0, 0x2D, 0x88, 0xF3, 0xD0, 0x17, 0x51, 0x6A, 0xB0,
    0x4F, 0xFB, 0x16, 0x44, 0x29, 0x3E, 0x28, 0xF3, 0xA0, 0xB0, 0xF4, 0x69, 0x1E, 0xF6, 0x41, 0xC4,
    0xB6, 0x9E, 0x9B, 0x6C, 0x77, 0x5A, 0x76, 0xF1, 0x9E, 0x9B, 0x99, 0x73, 0xEE, 0xBD, 0xE7, 0xCB,
    0xF9, 0xCE, 0x39, 0xB9, 0x08, 0x87, 0x03, 0x2D, 0xF7, 0xA6, 0x75, 0x34, 0x00, 0x05, 0xEF, 0x60,
    0x01, 0xE1, 0x43, 0x02, 0x94, 0x70, 0x89, 0x15, 0x99, 0xF4, 0x90, 0x2C, 0x21, 0x97, 0xEE, 0x01,
    0x30, 0xD6, 0x42, 0x63, 0x93, 0x7E, 0x5B, 0xAD, 0xC6, 0xE6, 0xE6, 0xC6, 0xD1, 0x3F, 0x70, 0xED,
    0x7F, 0x64, 0x0E, 0x8D, 0xDB, 0x63, 0x0B, 0xDD, 0xBF, 0x15, 0x27, 0xEA, 0x38, 0x66, 0xD3, 0x76,
    0x98, 0x3B, 0xA9, 0x2F, 0x42, 0x69, 0xFA, 0x75, 0x45, 0x31, 0x9D, 0xF5, 0x37, 0xF8, 0x72, 0xEA,
    0x70, 0x93, 0x3D, 0xDF, 0xB7, 0x63, 0x87, 0xCF, 0xC2, 0x8D, 0x27, 0x7B, 0xBA, 0xF7, 0x26, 0xA7,
    0x58, 0xCD, 0xE6, 0xE0, 0x62, 0x52, 0xE7, 0x8A, 0x09, 0x14, 0x58, 0x01, 0x32, 0xBE, 0xEF, 0x9F,
    0x82, 0x81, 0x1A, 0x89, 0x43, 0x52, 0x27, 0xA1, 0x2D, 0x1A, 0x3E, 0xE0, 0x41, 0x5D, 0x46, 0xF1,
    0x6B, 0xA0, 0x0F, 0x70, 0x31, 0xA5, 0x04, 0x32, 0xC7, 0x73, 0x5B, 0x28, 0x00, 0x1A, 0xA0, 0x0A,
    0xEE, 0x33, 0x6C, 0x86, 0xCF, 0xF0, 0x09, 0x30, 0xDC, 0xC3, 0x21, 0xDB, 0xC7, 0xBA, 0x70, 0xEE,
    0x45, 0xF4, 0x6C, 0x45, 0x91, 0xEF, 0xBB, 0x9D, 0x20, 0xA0, 0x05, 0x37, 0x20, 0xBA, 0xE1, 0x23,
    0xA4, 0xF1, 0x88, 0xF4, 0x48, 0x0C, 0xDB, 0xDB, 0xDB, 0xC3, 0x0C, 0x6F, 0xF0, 0x8D, 0xA1, 0xB1,
    0x24, 0x2F, 0x3D, 0x30, 0x24, 0xA6, 0x00, 0x46, 0xE4, 0x11, 0x7E, 0x9B, 0xDE, 0xEB, 0xBF, 0x47,
    0x51, 0x7A, 0x5F, 0x29, 0x12, 0xF3, 0xEF, 0xBC, 0x5D, 0x8E, 0xAB, 0xAF, 0xEE, 0x5C, 0xF7, 0x30,
    0xB5, 0xB3, 0xD8, 0xC6, 0xCF, 0x9F, 0xF8, 0x6D, 0x79, 0xF5, 0x53, 0x3F, 0xD5, 0x70, 0xB7, 0xCA,
    0x33, 0x7E, 0x99, 0x6F, 0xEE, 0x9C, 0x7B, 0xE7, 0xEE, 0xB9, 0xBF, 0x95, 0x01, 0xFC, 0x2E, 0x10,
    0x2E, 0x5C, 0x11, 0x10, 0xEF, 0x97, 0x05, 0xC6, 0x07, 0x86, 0x00, 0xD9, 0xD5, 0x05, 0xCA, 0xEA,
    0x56, 0x06, 0x03, 0x2B, 0xF0, 0x42, 0x58, 0x61, 0x90, 0x4E, 0xF1, 0x79, 0x46, 0xE6, 0x1C, 0x82,
    0x5D, 0x4C, 0xAD, 0x61, 0xFE, 0x6A, 0xBE, 0x6B, 0x97, 0x60, 0xB1, 0x20, 0xB5, 0xD7, 0x4B, 0xD4,
    0x11, 0xD6, 0x65, 0xB1, 0x6B, 0x7F, 0x81, 0x92, 0x38, 0x8B, 0x22, 0x2A, 0xA8, 0x32, 0x27, 0x31,
    0x99, 0x84, 0x32, 0xCE, 0x21, 0xA0, 0x2A, 0xD0, 0x71, 0xBD, 0x3C, 0xE2, 0x12, 0x26, 0x9C, 0xA6,
    0x6D, 0x98, 0xED, 0xC2, 0x6C, 0x82, 0x5D, 0xF8, 0xCD, 0x73, 0xCE, 0x8A, 0x2D, 0xED, 0x30, 0x0D,
    0x69, 0xCD, 0xF1, 0x4D, 0x57, 0x91, 0x2E, 0x6B, 0x2F, 0x6B, 0x46, 0xA5, 0x56, 0xAE, 0x19, 0xAE,
    0xEE, 0x94, 0xB2, 0x24, 0x04, 0x3D, 0xAA, 0x4A, 0x78, 0xB6, 0x73, 0x31, 0xD0, 0x82, 0x72, 0xAF,
    0xC2, 0x0D, 0xE8, 0x82, 0x1E, 0x44, 0x09, 0xBA, 0xFB, 0x0C, 0x8A, 0x83, 0x45, 0xED, 0x90, 0x53,
    0xD9, 0xB4, 0xBD, 0xBE, 0x03, 0x5B, 0x84, 0x68, 0x52, 0x9D, 0x23, 0x24, 0x12, 0x2F, 0x40, 0xE3,
    0x7A, 0x62, 0x47, 0x9E, 0x17, 0x65, 0x1B, 0x78, 0x81, 0x9E, 0x65, 0xEA, 0x86, 0x1B, 0x31, 0xB0,
    0x47, 0xB9, 0xD1, 0xD7, 0x21, 0xBD, 0x58, 0xC4, 0x34, 0xFB, 0x0D, 0x13, 0x9D, 0x95, 0xB4, 0xFB,
    0xF9, 0x01, 0x1B, 0xED, 0x5D, 0x49, 0x54, 0xD3, 0x16, 0x64, 0x30, 0xC6, 0x66, 0x92, 0x2E, 0x35,
    0x09, 0x13, 0xED, 0x71, 0x0A, 0x02, 0x9D, 0x82, 0x4A, 0x21, 0x33, 0xD1, 0x29, 0x14, 0x88, 0x03,
    0x7A, 0x11, 0x0D, 0x2D, 0xAE, 0x10, 0x5D, 0x23, 0x6B, 0xBB, 0x67, 0x58, 0x40, 0xAD, 0xD6, 0x41,
    0x1B, 0x3D, 0x7C, 0x47, 0x7B, 0xF2, 0xBD, 0x4C, 0xED, 0x23, 0x95, 0x92, 0x4A, 0x22, 0x73, 0x6A,
    0x52, 0xA2, 0x5C, 0xC1, 0xBB, 0x50, 0xD9, 0x93, 0x38, 0xDB, 0xF9, 0x2B, 0xF5, 0x82, 0xA4, 0x4F,
    0x84, 0x52, 0xF4, 0xE4, 0x44, 0xE5, 0x55, 0x02, 0xF6, 0xE8, 0xA9, 0x67, 0x11, 0xBB, 0x88, 0x69,
    0xAB, 0x9F, 0xE9, 0x2A, 0xA3, 0x44, 0xF4, 0xBC, 0x80, 0x56, 0xE8, 0x6C, 0xA2, 0x7E, 0x9C, 0xE8,
    0x12, 0xD7, 0x65, 0x11, 0xAA, 0xAB, 0xB1, 0x40, 0x13, 0x8A, 0x34, 0xFB, 0xA5, 0xF6, 0xD2, 0xEB,
    0x9A, 0x31, 0x52, 0xC1, 0x48, 0x19, 0x35, 0x03, 0xB1, 0x5E, 0x60, 0xA5, 0x42, 0x06, 0x55, 0x46,
    0xF0, 0x58, 0x5E, 0xE2, 0xEE, 0xBF, 0xD5, 0xEB, 0xC4, 0xC6, 0xA1, 0x40, 0x3D, 0x8A, 0x2E, 0xA2,
    0x1E, 0x4F, 0xC5, 0x07, 0x81, 0x8F, 0xF6, 0x61, 0x1F, 0x1E, 0xCD, 0x03, 0xD8, 0xBF, 0xC0, 0x4E,
    0x4E, 0x4C, 0x37, 0xC1, 0x62, 0x8C, 0x89, 0x43, 0x36, 0xF3, 0x19, 0xF2, 0x79, 0xFE, 0x0F, 0x48,
    0x2D, 0x9C, 0x3F, 0x80, 0xDE, 0x65, 0xA5, 0x6C, 0x3E, 0xF5, 0x23, 0xC6, 0x16, 0x08, 0xEC, 0xF1,
    0x64, 0x72, 0xE1, 0xF4, 0xDD, 0xE9, 0xB8, 0xE0, 0x48, 0x18, 0x1F, 0xCF, 0x42, 0xF8, 0xB0, 0xEE,
    0x40, 0xBA, 0x85, 0xF1, 0xD7, 0x44, 0x81, 0x70, 0x72, 0x84, 0x60, 0xBE, 0xCC, 0x2B, 0xDF, 0xE4,
    0x96, 0xD2, 0xAE, 0xB4, 0xD4, 0x7F, 0x8C, 0xDB, 0xB8, 0x03, 0x36, 0xCA, 0x2F, 0x59, 0xA7, 0xFF,
    0x7C, 0x2B, 0x55, 0xEB, 0x45, 0x98, 0xEC, 0x59, 0x3E, 0x4A, 0xDF, 0xB9, 0x4A, 0x05, 0xD1, 0x89,
    0x43, 0x1D, 0x17, 0xF0, 0x0A, 0x31, 0x2F, 0x16, 0x9F, 0x5E, 0xF3, 0x7E, 0xA0, 0x04, 0x2C, 0xB1,
    0x6A, 0x6B, 0x2B, 0xA2, 0xAE, 0x23, 0x1D, 0x67, 0xC2, 0x46, 0xFA, 0xED, 0xAD, 0x1B, 0xEB, 0xD3,
    0xF1, 0x13, 0x02, 0xB4, 0x46, 0x2D, 0x49, 0xA5, 0xE9, 0x3C, 0xD0, 0xAD, 0x39, 0x25, 0xD8, 0x75,
    0xA7, 0xD6, 0xFC, 0xF9, 0xAB, 0x59, 0xBE, 0x63, 0xE4, 0xB9, 0xA6, 0x40, 0x82, 0x42, 0x72, 0x7C,
    0xA5, 0x53, 0x60, 0x34, 0x85, 0x96, 0x42, 0x4A, 0x4F, 0xAC, 0x84, 0xBD, 0xFC, 0x82, 0x41, 0xBB,
    0x27, 0x7A, 0x45, 0x26, 0x3F, 0x76, 0x9F, 0xD3, 0xA0, 0x82, 0x48, 0xBD, 0xAF, 0x8B, 0xBB, 0x26,
    0x83, 0xF4, 0x57, 0x99, 0xBF, 0xC3, 0x88, 0xFF, 0xD8, 0xAF, 0x68, 0xEC, 0x09, 0xC5, 0xF9, 0x49,
    0xAC, 0x98, 0x5B, 0x84, 0x43, 0xA1, 0xA3, 0xDD, 0x46, 0x38, 0x08, 0xA3, 0x81, 0x19, 0x0D, 0x10,
    0xD3, 0x07, 0x70, 0xD3, 0x3A, 0x76, 0x3B, 0x6F, 0xAE, 0x6E, 0x0E, 0x8D, 0x95, 0xA6, 0x35, 0x34,
    0xAC, 0xE6, 0xCA, 0xD0, 0x70, 0x5B, 0xEE, 0xD0, 0x58, 0x3C, 0x06, 0xF0, 0x1F, 0x3D, 0x50, 0xB1,
    0x6A, 0x14, 0x51, 0x14, 0x3D, 0xF3, 0x66, 0x27, 0xB3, 0x3B, 0x1B, 0x97, 0x09, 0xCC, 0x90, 0xDD,
    0x75, 0x13, 0x83, 0xD9, 0xC4, 0x24, 0xDB, 0xBC, 0x59, 0x66, 0x89, 0x49, 0xA1, 0x77, 0x05, 0xFB,
    0x05, 0xFD, 0x80, 0x8D, 0x60, 0x65, 0x33, 0x04, 0x8D, 0x85, 0x85, 0x17, 0x0B, 0xEB, 0x21, 0x45,
    0xEA, 0x65, 0x9B, 0x40, 0x0A, 0x0B, 0xC1, 0xFE, 0x82, 0x60, 0xFD, 0xD4, 0x22, 0x60, 0x35, 0x60,
    0xE1, 0x6F, 0x78, 0x67, 0x11, 0x39, 0x70, 0x78, 0x87, 0xF7, 0xEE, 0xB9, 0xE7, 0xBC, 0x3E, 0x5B,
    0xB7, 0x70, 0x95, 0x7C, 0x97, 0x6B, 0x4A, 0x90, 0xA0, 0xB0, 0xF3, 0xD9, 0x1C, 0xCE, 0xB8, 0x96,
    0xEC, 0xCB, 0xA8, 0xF2, 0x39, 0xA0, 0x7B, 0xB2, 0x43, 0x7B, 0xD8, 0xE4, 0x27, 0xF2, 0x87, 0x52,
    0x44, 0x9C, 0xF3, 0x1B, 0x7C, 0xE6, 0x25, 0xBF, 0x55, 0xF5, 0xD8, 0xC5, 0xEC, 0x91, 0x41, 0x53,
    0x47, 0x63, 0x00, 0xDB, 0x92, 0xBB, 0x47, 0x34, 0xA2, 0x1F, 0xB2, 0xE4, 0x14, 0xDB, 0x94, 0x4B,
    0x21, 0xA7, 0x62, 0xF8, 0x5A, 0xEF, 0x9B, 0x8A, 0x4F, 0x5C, 0xF3, 0x0D, 0xDF, 0x30, 0x94, 0x0D,
    0xDD, 0xC1, 0x43, 0x58, 0x14, 0x2B, 0x0C, 0xD1, 0x40, 0x0B, 0x3E, 0x7C, 0x32, 0xEC, 0x93, 0x4F,
    0x6D, 0x0C, 0x30, 0xC3, 0x05, 0x67, 0x7C, 0x46, 0x97, 0xF4, 0x81, 0x23, 0x37, 0x28, 0x72, 0x45,
    0xB1, 0x98, 0x48, 0x00, 0xC3, 0x77, 0xF5, 0x55, 0x88, 0x10, 0x6D, 0xA4, 0x04, 0x74, 0x5C, 0x77,
    0xA1, 0xB9, 0xA9, 0x85, 0x13, 0xAE, 0x75, 0x54, 0x35, 0x0B, 0xCF, 0xAD, 0xB9, 0xB8, 0x9A, 0xB8,
    0x14, 0x9E, 0x84, 0xD2, 0xE7, 0x5D, 0x7E, 0x55, 0x86, 0x14, 0x50, 0xBB, 0x6A, 0xC6, 0x29, 0xA5,
    0x2E, 0x76, 0x13, 0x49, 0xD1, 0xD7, 0x46, 0x5F, 0xF0, 0x9B, 0x7E, 0xAE, 0x52, 0xBE, 0x97, 0x29,
    0x1B, 0x04, 0x9A, 0x72, 0x67, 0xD5, 0x28, 0xAA, 0x06, 0x45, 0xA7, 0xEC, 0x8B, 0x55, 0x9F, 0x00,
    0x23, 0x3A, 0xE7, 0xA5, 0xBC, 0xD3, 0xCD, 0xBF, 0xF0, 0x1C, 0x46, 0x31, 0x2A, 0x6B, 0x3E, 0x2A,
    0x8F, 0x4A, 0x28, 0x1B, 0x6C, 0x21, 0xD7, 0x2E, 0x0B, 0x45, 0xA1, 0xA7, 0x86, 0xFA, 0x44, 0x08,
    0xFF, 0xA1, 0x6E, 0x3B, 0x83, 0x87, 0xAE, 0x58, 0x39, 0xE3, 0x17, 0x9C, 0x90, 0x87, 0x94, 0xC7,
    0xF4, 0x1A, 0x19, 0x34, 0x23, 0x12, 0xB1, 0xE5, 0x5C, 0x32, 0xFD, 0xB9, 0x98, 0x7A, 0xDC, 0xD1,
    0xC9, 0x5D, 0x4C, 0xA9, 0x81, 0x4D, 0x5A, 0xA3, 0x07, 0x74, 0xA5, 0xE9, 0x1A, 0x58, 0x47, 0x8F,
    0x7A, 0x32, 0x54, 0x87, 0x8C, 0x63, 0xAA, 0x75, 0x77, 0x96, 0xF0, 0x3E, 0x8E, 0x31, 0x26, 0xD5,
    0xEB, 0xDD, 0x64, 0x68, 0x6D, 0xB2, 0xF1, 0x14, 0x87, 0xB7, 0x18, 0x7E, 0x85, 0xFD, 0x86, 0xEC,
    0x23, 0xE2, 0x29, 0x36, 0xE8, 0xF0, 0xFF, 0xD4, 0xEA, 0x5C, 0x5A, 0x19, 0xD3, 0x4B, 0x94, 0x9A,
    0x28, 0xC0, 0x7D, 0x3A, 0xD0, 0x7C, 0xCF, 0x74, 0x03, 0xB6, 0x0E, 0x6A, 0x83, 0xBF, 0x2D, 0x94,
    0x5F, 0x68, 0x1C, 0x45, 0x1C, 0xC7, 0x3F, 0xB3, 0x9B, 0xBB, 0x49, 0x32, 0xDD, 0x4D, 0x21, 0x89,
    0xC6, 0xDC, 0x5E, 0x3C, 0x34, 0xD0, 0xD4, 0x5E, 0x9B, 0x7B, 0x58, 0xE4, 0x22, 0xFE, 0x19, 0x7C,
    0x89, 0x20, 0xE8, 0xA1, 0x89, 0xAD, 0xE6, 0x25, 0x0F, 0x22, 0x2A, 0x4A, 0xB7, 0xE9, 0x29, 0x2A,
    0xD8, 0x6C, 0x5B, 0xDF, 0x04, 0x39, 0x4B, 0x2D, 0x88, 0x04, 0xEE, 0xA1, 0x48, 0x09, 0x05, 0xEF,
    0x21, 0x6A, 0x10, 0x49, 0xB7, 0x2D, 0xA2, 0x08, 0x96, 0xA5, 0x34, 0xED, 0x43, 0x55, 0x0E, 0x69,
    0x35, 0x35, 0xA8, 0x79, 0x88, 0x10, 0x4B, 0x13, 0x9C, 0xD9, 0x74, 0xF8, 0xCD, 0xC0, 0xC2, 0x97,
    0xF9, 0x7D, 0x7F, 0x9F, 0xDF, 0x6F, 0x56, 0x34, 0xE8, 0x2E, 0x33, 0x02, 0x21, 0x44, 0x5F, 0x25,
    0x51, 0x33, 0xAE, 0xB6, 0xC9, 0xDF, 0x82, 0x04, 0x71, 0x5E, 0xCB, 0x55, 0xEC, 0x3A, 0x00, 0x9B,
    0xC8, 0xEB, 0x3A, 0x38, 0xC1, 0xD8, 0x34, 0x6F, 0x4D, 0x33, 0x53, 0x62, 0xA6, 0xC6, 0xC3, 0x1F,
    0x30, 0xB4, 0x42, 0x57, 0x4A, 0xA7, 0xCE, 0x64, 0xF7, 0xE1, 0x5C, 0x4B, 0xBA, 0x45, 0x12, 0xC0,
    0xD8, 0x0B, 0xD4, 0x57, 0x75, 0xB4, 0x46, 0x94, 0x72, 0x28, 0x61, 0xEC, 0x3B, 0x7A, 0x36, 0xAC,
    0x44, 0x4C, 0xD6, 0xC4, 0x72, 0x2A, 0x92, 0x86, 0x93, 0xE0, 0xC6, 0xB8, 0x9F, 0xE0, 0x4E, 0x50,
    0xA8, 0x71, 0x7F, 0x0D, 0x1F, 0x66, 0x63, 0x7B, 0x09, 0x57, 0x13, 0x27, 0x4E, 0x5C, 0x6D, 0x05,
    0x6A, 0x05, 0xA3, 0x2C, 0xDC, 0xC0, 0x7C, 0xAA, 0x8F, 0x79, 0x68, 0x2B, 0x4B, 0xC4, 0x4E, 0xB3,
    0xA7, 0xD9, 0xFB, 0xFE, 0x26, 0xFE, 0xB3, 0x1F, 0x32, 0xD4, 0xA3, 0x08, 0xBC, 0x6E, 0x46, 0x02,
    0x8F, 0x6A, 0xD9, 0x23, 0x7C, 0x27, 0x20, 0x5A, 0xEC, 0xD1, 0xC2, 0xD8, 0x12, 0x36, 0xA9, 0x9E,
    0x14, 0xED, 0xBA, 0x58, 0xAB, 0x88, 0x56, 0x49, 0x7D, 0xB3, 0xE0, 0x96, 0x1B, 0x85, 0xA5, 0x1B,
    0x39, 0x2F, 0xE9, 0x52, 0xF1, 0x0E, 0xA9, 0xF7, 0xB9, 0xE4, 0x26, 0x30, 0xD6, 0x35, 0xE2, 0x42,
    0x82, 0x73, 0xDE, 0x38, 0x3B, 0xF6, 0x03, 0xEE, 0xF8, 0x1C, 0xF2, 0xAF, 0x37, 0x51, 0x86, 0x8C,
    0xDD, 0x3E, 0x15, 0xE3, 0xEF, 0x71, 0xB6, 0xAB, 0x30, 0xFB, 0x0F, 0x4B, 0x28, 0x35, 0xF6, 0x2E,
    0x9F, 0x71, 0x8F, 0x7E, 0xEF, 0xB9, 0x9F, 0x3D, 0xDD, 0x21, 0xCF, 0xCA, 0x54, 0x16, 0x59, 0x50,
    0x7E, 0x47, 0xD9, 0x57, 0x03, 0xC1, 0xEC, 0xF1, 0x4B, 0x2D, 0xAB, 0xEF, 0xD7, 0x3B, 0xFB, 0xE9,
    0xD1, 0xED, 0x22, 0x4A, 0xAC, 0x0D, 0xA0, 0x9C, 0x56, 0x05, 0x99, 0x8F, 0xA6, 0x19, 0xFD, 0xE2,
    0xF6, 0x06, 0xF2, 0xC0, 0x21, 0x43, 0x62, 0xFA, 0x30, 0xB8, 0xCD, 0x47, 0xCC, 0x91, 0x3E, 0x6A,
    0x8E, 0xB8, 0x0A, 0xAF, 0x9F, 0x1E, 0x8E, 0x82, 0x30, 0xF2, 0xC3, 0x43, 0x1F, 0x85, 0x33, 0x97,
    0xC2, 0x99, 0x1F, 0xC3, 0x99, 0xC4, 0x44, 0x34, 0xB3, 0x9A, 0xDA, 0x5B, 0x95, 0x66, 0xBF, 0x66,
    0x4A, 0x8B, 0x79, 0xBA, 0x3D, 0x6C, 0xDD, 0x01, 0xF5, 0x32, 0x51, 0x95, 0xFA, 0x22, 0x4F, 0xEC,
    0xB3, 0x92, 0x73, 0x77, 0xEE, 0x36, 0x46, 0x5C, 0x8B, 0xDD, 0x27, 0x75, 0x37, 0x0C, 0xD5, 0xD8,
    0x5B, 0xE3, 0x48, 0x83, 0x32, 0x36, 0x8A, 0x1D, 0xA8, 0x85, 0xAC, 0xA4, 0x89, 0x09, 0xB1, 0x5E,
    0x27, 0x4D, 0xC5, 0x45, 0xED, 0xFC, 0x4C, 0x61, 0xAB, 0xE9, 0xBE, 0x81, 0x7C, 0x06, 0xA9, 0x50,
    0x52, 0x8F, 0x1E, 0x4B, 0x73, 0x93, 0x7A, 0xF7, 0x97, 0x49, 0xA9, 0x99, 0xD0, 0x86, 0x0D, 0x94,
    0x21, 0xB5, 0x42, 0x21, 0xA6, 0x57, 0x23, 0x35, 0xA3, 0xE9, 0x36, 0x6A, 0xD3, 0xFA, 0xDC, 0xDB,
    0xA6, 0x8B, 0xAD, 0x06, 0xA4, 0x91, 0x99, 0xA2, 0x0A, 0x22, 0x09, 0x71, 0xE2, 0x8A, 0x29, 0xE9,
    0xF0, 0x42, 0xAF, 0xBE, 0x35, 0xB0, 0x5F, 0xFC, 0x34, 0xF0, 0xDA, 0xBC, 0xDF, 0xCC, 0xC4, 0x76,
    0xF2, 0xEC, 0xE8, 0x0D, 0x73, 0x95, 0x8B, 0x5C, 0x60, 0x99, 0x15, 0xEA, 0x1D, 0x55, 0xEF, 0xDB,
    0x5D, 0x73, 0xCF, 0xF9, 0x06, 0x94, 0x74, 0x3E, 0x65, 0xC2, 0xE0, 0x16, 0xBF, 0x27, 0xF9, 0x9B,
    0xEB, 0xF9, 0xE5, 0xB5, 0xC2, 0x9F, 0xEB, 0xEE, 0xB1, 0xC4, 0xFD, 0x1B, 0x69, 0x00, 0x60, 0x87,
    0xE6, 0x60, 0x9C, 0xD5, 0x38, 0xA8, 0xC5, 0x2F, 0x6B, 0xAA, 0xB3, 0x55, 0xEC, 0xA4, 0xDC, 0x47,
    0x75, 0x98, 0xFA, 0x9E, 0x76, 0xFD, 0x81, 0x24, 0x7C, 0x30, 0x2E, 0x3F, 0xAF, 0xD5, 0x96, 0x1D,
    0xE8, 0xAC, 0xCE, 0x8C, 0x9B, 0x89, 0x5D, 0x71, 0xEE, 0xEB, 0xE5, 0xDC, 0xD5, 0x2B, 0xF9, 0x53,
    0x57, 0x0A, 0xF3, 0x37, 0xBA, 0x48, 0x03, 0xDA, 0x47, 0xE4, 0x3A, 0x2F, 0x5A, 0x56, 0xCE, 0x51,
    0x53, 0x5E, 0x32, 0x78, 0x2E, 0x15, 0x9B, 0xEC, 0xB9, 0x1D, 0x17, 0x33, 0x56, 0x41, 0x1E, 0xB5,
    0xC1, 0xDD, 0x35, 0xA4, 0xC5, 0xAF, 0xA9, 0xEA, 0x4C, 0x8B, 0x7D, 0x59, 0xBA, 0x12, 0xF5, 0x2C,
    0xC2, 0x1A, 0xE5, 0x13, 0xA8, 0xCD, 0xBB, 0xE9, 0x44, 0x07, 0x32, 0x40, 0x05, 0x8C, 0x2E, 0x69,
    0xAF, 0x4A, 0x10, 0x12, 0x44, 0x8C, 0x44, 0x54, 0x9B, 0x84, 0x6D, 0x33, 0xA3, 0x99, 0xE6, 0x65,
    0xE4, 0x14, 0x9E, 0xC4, 0x83, 0x1E, 0x90, 0x86, 0xE4, 0xA2, 0xCD, 0xF7, 0xCA, 0x1C, 0x9F, 0x9F,
    0xE5, 0xBD, 0x36, 0xBB, 0x63, 0x3A, 0x0C, 0xD6, 0x49, 0x6D, 0x62, 0x70, 0x5E, 0x87, 0xBF, 0xE9,
    0xD2, 0x65, 0x2D, 0xAC, 0x41, 0xC3, 0xD5, 0x3E, 0x8C, 0x6D, 0xFE, 0xB9, 0x49, 0x72, 0xFF, 0x5A,
    0x98, 0x83, 0x4B, 0xE6, 0x29, 0x73, 0x4F, 0xCA, 0x58, 0x66, 0xDB, 0xCF, 0x40, 0x39, 0xA9, 0x69,
    0x31, 0xA2, 0x6D, 0xDA, 0x81, 0x58, 0x41, 0x26, 0xC8, 0xD3, 0xA8, 0x71, 0x7D, 0xAF, 0x13, 0x4B,
    0x47, 0x77, 0xBB, 0x1C, 0x3C, 0xC3, 0x00, 0x9C, 0x82, 0x6B, 0xAF, 0x32, 0x3B, 0x45, 0xCE, 0xA5,
    0xAB, 0x17, 0xFF, 0x3F, 0x46, 0x76, 0xDA, 0xE7, 0xBF, 0xC3, 0x4C, 0xED, 0x7A, 0x56, 0x78, 0x0E,
    0x3A, 0x11, 0xFF, 0xA4, 0xF2, 0xA9, 0x96, 0xD7, 0x17, 0x05, 0x7D, 0xD1, 0x48, 0x29, 0x0A, 0x2B,
    0xAD, 0xB0, 0xD4, 0x8C, 0x6A, 0xA9, 0xED, 0xD4, 0xCD, 0x94, 0xB4, 0x25, 0x12, 0x13, 0xA9, 0xF9,
    0x65, 0xC8, 0x93, 0xC8, 0x86, 0x7D, 0xE1, 0xC6, 0xC3, 0xA8, 0xE9, 0x54, 0x1F, 0x3C, 0x86, 0xB3,
    0x1A, 0xCB, 0x97, 0xB4, 0x77, 0x92, 0xA0, 0x61, 0x87, 0x60, 0x3B, 0x8C, 0x4F, 0xA3, 0x3C, 0x67,
    0x08, 0xF7, 0x93, 0x7B, 0x17, 0xE7, 0xBA, 0x76, 0x2E, 0xC6, 0xEE, 0xF1, 0xD8, 0x1D, 0x47, 0xDE,
    0x41, 0xF9, 0xF8, 0x0A, 0x4F, 0x51, 0xF4, 0x99, 0x5D, 0x27, 0x6F, 0xAE, 0xD2, 0xFC, 0x0F, 0xCB,
    0x62, 0xC8, 0x62, 0x00, 0x00, 0x95, 0xD0, 0x2D, 0x4E, 0x03, 0x41, 0x1C, 0x86, 0xF1, 0x67, 0xD3,
    0x84, 0x36, 0xA4, 0x90, 0x8A, 0x36, 0x45, 0x4C, 0x83, 0x41, 0xAC, 0xD8, 0xA0, 0x46, 0xAC, 0x9C,
    0x83, 0x70, 0x00, 0xE4, 0x5F, 0x93, 0x7E, 0x71, 0x03, 0x8E, 0xB0, 0x17, 0x20, 0x20, 0x10, 0xB8,
    0xDD, 0x23, 0xCC, 0x11, 0xEA, 0xB0, 0x48, 0x44, 0x13, 0x78, 0x67, 0xB6, 0xA6, 0xA9, 0xA1, 0xE2,
    0x55, 0x3B, 0xBF, 0x9D, 0x27, 0x03, 0x04, 0x86, 0x5F, 0x1F, 0x8C, 0x17, 0x77, 0x54, 0x0E, 0xDA,
    0xDF, 0x80, 0x2F, 0xC1, 0x6A, 0xCD, 0x43, 0x63, 0xB0, 0x7B, 0x87, 0xD8, 0x50, 0x74, 0x31, 0x6F,
    0xF0, 0xDC, 0x31, 0x1F, 0x06, 0xA6, 0x33, 0xC8, 0x7C, 0x89, 0xBB, 0xA1, 0x92, 0xFD, 0xC1, 0xD7,
    0x49, 0x99, 0x25, 0x27, 0x16, 0x9B, 0xA2, 0xFB, 0x2C, 0x3A, 0x06, 0x5B, 0xE6, 0x30, 0x3D, 0x9C,
    0x5F, 0xE1, 0x16, 0xE9, 0xB2, 0xB6, 0xFA, 0xC7, 0x79, 0x26, 0xEA, 0x7B, 0x55, 0xDF, 0xE8, 0xD0,
    0xB7, 0x57, 0x9F, 0x93, 0x2A, 0x35, 0x2F, 0xE7, 0x05, 0x4D, 0xD2, 0xD4, 0xB6, 0x3A, 0xEA, 0xEB,
    0x3D, 0xF2, 0x6F, 0xF2, 0xD7, 0xF2, 0x57, 0xF2, 0x0F, 0xE7, 0xF9, 0x20, 0xFF, 0x08, 0x6E, 0x4C,
    0xBE, 0xBF, 0xDE, 0x84, 0x14, 0x9D, 0xDF, 0xE6, 0xE4, 0x7D, 0xD6, 0x1A, 0x29, 0x3E, 0xD5, 0xF7,
    0xF9, 0x85, 0x76, 0xAF, 0xEF, 0xD6, 0xBF, 0xE9, 0xE5, 0x77, 0x4B, 0xE9, 0x8D, 0x72, 0x62, 0xDC,
    0x86, 0x86, 0x8B, 0xB8, 0xD3, 0x3F, 0x22, 0x2F, 0xDA, 0xD3, 0x76, 0x9F, 0x73, 0xFF, 0x00, 0x63,
    0x60, 0x00, 0x02, 0x76, 0x20, 0x96, 0x3F, 0xC0, 0xC0, 0x50, 0xFF, 0x81, 0x81, 0xF1, 0xA0, 0x0E,
    0x03, 0xFB, 0x6D, 0x7E, 0x06, 0xF9, 0xFF, 0xFC, 0x07, 0xEC, 0xFF, 0xEA, 0x3F, 0xD0, 0xFF, 0xF9,
    0xFF, 0x00, 0xF7, 0xBF, 0xFF, 0x0C, 0x4C, 0xBF, 0xFE, 0x30, 0x30, 0x6C, 0xF9, 0xC0, 0xC0, 0xA0,
    0x0F, 0x54, 0xC7, 0xCD, 0x00, 0x06, 0x00,
};

static const EpdGlyph notoserif_7_italicGlyphs[] = {
    { 0, 0, 0, 0, 0, 0, 0 }, // U+0000
    { 0, 0, 61, 0, 0, 0, 0 }, // U+000D
    { 0, 0, 61, 0, 0, 0, 0 }, // U+0020
    { 5, 12, 78, 0, 11, 15, 0 }, // !
    { 6, 5, 95, 1, 11, 8, 15 }, // "
    { 9, 11, 130, 0, 11, 25, 23 }, // #
    { 8, 14, 130, 0, 12, 28, 48 }, // $
    { 13, 12, 209, 0, 11, 39, 76 }, // %
    { 11, 12, 173, 0, 11, 33, 115 }, // &
    { 3, 5, 51, 1, 11, 4, 148 }, // '
    { 6, 14, 81, 0, 12, 21, 152 }, // (
    { 6, 13, 81, -1, 11, 20, 173 }, // )
    { 7, 7, 117, 1, 12, 13, 193 }, // *
    { 8, 7, 130, 0, 9, 14, 206 }, // +
    { 4, 5, 58, -1, 2, 5, 220 }, // ,
    { 5, 2, 72, 0, 5, 3, 225 }, // -
    { 3, 3, 58, 0, 2, 3, 228 }, // .
    { 8, 14, 67, -2, 12, 28, 231 }, // /
    { 8, 12, 130, 0, 11, 24, 259 }, // 0
    { 7, 11, 107, -1, 11, 20, 283 }, // 1
    { 9, 11, 130, -1, 11, 25, 303 }, // 2
    { 9, 12, 130, -1, 11, 27, 328 }, // 3
    { 9, 11, 130, -1, 11, 25, 355 }, // 4
    { 8, 12, 130, 0, 11, 24, 380 }, // 5
    { 9, 12, 130, 0, 11, 27, 404 }, // 6
    { 8, 11, 130, 1, 11, 22, 431 }, // 7
    { 8, 12, 130, 0, 11, 24, 453 }, // 8
    { 8, 12, 130, 0, 11, 24, 477 }, // 9
    { 4, 9, 67, 0, 8, 9, 501 }, // :
    { 5, 11, 67, -1, 8, 14, 510 }, // ;
    { 8, 8, 130, 0, 9, 16, 524 }, // <
    { 8, 5, 130, 0, 8, 10, 540 }, // =
    { 8, 8, 130, 0, 9, 16, 550 }, // >
    { 7, 12, 117, 1, 11, 21, 566 }, // ?
    { 13, 14, 215, 0, 11, 46, 587 }, // @
    { 11, 11, 164, -1, 11, 31, 633 }, // A
    { 11, 11, 153, -1, 11, 31, 664 }, // B
    { 10, 12, 146, 0, 11, 30, 695 }, // C
    { 12, 11, 169, -1, 11, 33, 725 }, // D
    { 11, 11, 145, -1, 11, 31, 758 }, // E
    { 11, 11, 138, -1, 11, 31, 789 }, // F
    { 11, 12, 167, 0, 11, 33, 820 }, // G
    { 14, 11, 185, -1, 11, 39, 853 }, // H
    { 8, 11, 86, -1, 11, 22, 892 }, // I
    { 10, 15, 83, -3, 11, 38, 914 }, // J
    { 13, 11, 163, -1, 11, 36, 952 }, // K
    { 10, 11, 145, -1, 11, 28, 988 }, // L
    { 16, 11, 219, -1, 11, 44, 1016 }, // M
    { 14, 11, 178, -1, 11, 39, 1060 }, // N
    { 11, 12, 173, 0, 11, 33, 1099 }, // O
    { 10, 11, 145, -1, 11, 28, 1132 }, // P
    { 11, 15, 173, 0, 11, 42, 1160 }, // Q
    { 11, 11, 155, -1, 11, 31, 1202 }, // R
    { 9, 12, 127, 0, 11, 27, 1233 }, // S
    { 9, 11, 143, 1, 11, 25, 1260 }, // T
    { 11, 12, 170, 1, 11, 33, 1285 }, // U
    { 11, 11, 157, 1, 11, 31, 1318 }, // V
    { 16, 11, 244, 1, 11, 44, 1349 }, // W
    { 12, 11, 154, -1, 11, 33, 1393 }, // X
    { 10, 11, 146, 1, 11, 28, 1426 }, // Y
    { 11, 11, 141, -1, 11, 31, 1454 }, // Z
    { 7, 14, 84, 0, 12, 25, 1485 }, // [
    { 3, 14, 67, 1, 12, 11, 1510 }, // <backslash>
    { 7, 14, 84, -1, 12, 25, 1521 }, // ]
    { 8, 8, 130, 0, 11, 16, 1546 }, // ^
    { 8, 2, 107, -2, -1, 4, 1562 }, // _
    { 3, 4, 65, 2, 12, 3, 1566 }, // `
    { 9, 9, 135, 0, 8, 21, 1569 }, // a
    { 8, 13, 131, 0, 12, 26, 1590 }, // b
    { 8, 9, 114, 0, 8, 18, 1616 }, // c
    { 9, 13, 135, 0, 12, 30, 1634 }, // d
    { 7, 9, 115, 0, 8, 16, 1664 }, // e
    { 11, 16, 74, -3, 12, 44, 1680 }, // f
    { 10, 13, 130, -1, 9, 33, 1724 }, // g
    { 9, 13, 140, 0, 12, 30, 1757 }, // h
    { 5, 13, 71, 0, 12, 17, 1787 }, // i
    { 8, 16, 68, -3, 12, 32, 1804 }, // j
    { 9, 13, 133, 0, 12, 30, 1836 }, // k
    { 4, 13, 71, 1, 12, 13, 1866 }, // l
    { 13, 9, 209, 0, 8, 30, 1879 }, // m
    { 9, 9, 140, 0, 8, 21, 1909 }, // n
    { 8, 9, 134, 0, 8, 18, 1930 }, // o
    { 9, 12, 135, -1, 8, 27, 1948 }, // p
    { 8, 12, 131, 0, 8, 24, 1975 }, // q
    { 7, 8, 109, 0, 8, 14, 1999 }, // r
    { 7, 9, 108, 0, 8, 16, 2013 }, // s
    { 5, 11, 86, 1, 10, 14, 2029 }, // t
    { 9, 9, 140, 0, 8, 21, 2043 }, // u
    { 8, 9, 125, 0, 8, 18, 2064 }, // v
    { 12, 9, 191, 0, 8, 27, 2082 }, // w
    { 10, 8, 127, -1, 8, 20, 2109 }, // x
    { 11, 12, 123, -3, 8, 33, 2129 }, // y
    { 8, 8, 119, -1, 8, 16, 2162 }, // z
    { 8, 14, 100, 0, 12, 28, 2178 }, // {
    { 2, 16, 130, 3, 12, 8, 2206 }, // |
    { 7, 14, 100, -1, 12, 25, 2214 }, // }
    { 8, 4, 130, 0, 7, 8, 2239 }, // ~
    { 0, 0, 61, 0, 0, 0, 0 }, // U+00A0
    { 4, 11, 78, 0, 8, 11, 0 }, // U+00A1
    { 7, 11, 130, 1, 11, 20, 11 }, // U+00A2
    { 10, 12, 130, -1, 11, 30, 31 }, // U+00A3
    { 7, 7, 130, 1, 9, 13, 61 }, // U+00A4
    { 9, 11, 130, 1, 11, 25, 74 }, // U+00A5
    { 2, 16, 130, 3, 12, 8, 99 }, // U+00A6
    { 8, 14, 127, 0, 12, 28, 107 }, // U+00A7
    { 6, 2, 135, 2, 11, 3, 135 }, // U+00A8
    { 12, 12, 197, 0, 11, 36, 138 }, // U+00A9
    { 7, 6, 92, 0, 11, 11, 174 }, // U+00AA
    { 8, 6, 120, 0, 7, 12, 185 }, // U+00AB
    { 8, 5, 130, 0, 6, 10, 197 }, // U+00AC
    { 5, 2, 72, 0, 5, 3, 207 }, // U+00AD
    { 12, 12, 197, 0, 11, 36, 210 }, // U+00AE
    { 8, 1, 107, 1, 12, 2, 246 }, // U+00AF
    { 6, 5, 93, 1, 11, 8, 248 }, // U+00B0
    { 8, 9, 130, 0, 9, 18, 256 }, // U+00B1
    { 7, 8, 93, 0, 13, 14, 274 }, // U+00B2
    { 6, 8, 93, 1, 13, 12, 288 }, // U+00B3
    { 4, 4, 61, 1, 12, 4, 300 }, // U+00B4
    { 10, 12, 141, -1, 8, 30, 304 }, // U+00B5
    { 9, 14, 144, 0, 12, 32, 334 }, // U+00B6
    { 3, 3, 67, 1, 7, 3, 366 }, // U+00B7
    { 4, 5, 78, 0, 1, 5, 369 }, // U+00B8
    { 5, 7, 93, 1, 12, 9, 374 }, // U+00B9
    { 6, 6, 93, 0, 11, 9, 383 }, // U+00BA
    { 7, 6, 120, 0, 7, 11, 392 }, // U+00BB
    { 12, 12, 203, 1, 11, 36, 403 }, // U+00BC
    { 11, 12, 203, 1, 11, 33, 439 }, // U+00BD
    { 13, 13, 203, 0, 12, 43, 472 }, // U+00BE
    { 6, 11, 117, 0, 8, 17, 515 }, // U+00BF
    { 11, 14, 164, -1, 14, 39, 532 }, // U+00C0
    { 11, 14, 164, -1, 14, 39, 571 }, // U+00C1
    { 11, 14, 164, -1, 14, 39, 610 }, // U+00C2
    { 11, 13, 164, -1, 13, 36, 649 }, // U+00C3
    { 11, 13, 164, -1, 13, 36, 685 }, // U+00C4
    { 11, 13, 164, -1, 13, 36, 721 }, // U+00C5
    { 16, 11, 222, -1, 11, 44, 757 }, // U+00C6
    { 10, 15, 146, 0, 11, 38, 801 }, // U+00C7
    { 11, 14, 145, -1, 14, 39, 839 }, // U+00C8
    { 11, 14, 145, -1, 14, 39, 878 }, // U+00C9
    { 11, 14, 145, -1, 14, 39, 917 }, // U+00CA
    { 11, 13, 145, -1, 13, 36, 956 }, // U+00CB
    { 8, 14, 86, -1, 14, 28, 992 }, // U+00CC
    { 8, 14, 86, -1, 14, 28, 1020 }, // U+00CD
    { 8, 14, 86, -1, 14, 28, 1048 }, // U+00CE
    { 8, 13, 86, -1, 13, 26, 1076 }, // U+00CF
    { 12, 11, 169, -1, 11, 33, 1102 }, // U+00D0
    { 14, 13, 178, -1, 13, 46, 1135 }, // U+00D1
    { 11, 15, 173, 0, 14, 42, 1181 }, // U+00D2
    { 11, 15, 173, 0, 14, 42, 1223 }, // U+00D3
    { 11, 15, 173, 0, 14, 42, 1265 }, // U+00D4
    { 11, 14, 173, 0, 13, 39, 1307 }, // U+00D5
    { 11, 14, 173, 0, 13, 39, 1346 }, // U+00D6
    { 7, 7, 130, 1, 9, 13, 1385 }, // U+00D7
    { 11, 12, 173, 0, 11, 33, 1398 }, // U+00D8
    { 11, 15, 170, 1, 14, 42, 1431 }, // U+00D9
    { 11, 15, 170, 1, 14, 42, 1473 }, // U+00DA
    { 11, 15, 170, 1, 14, 42, 1515 }, // U+00DB
    { 11, 14, 170, 1, 13, 39, 1557 }, // U+00DC
    { 10, 14, 146, 1, 14, 35, 1596 }, // U+00DD
    { 10, 11, 141, -1, 11, 28, 1631 }, // U+00DE
    { 11, 16, 146, -2, 12, 44, 1659 }, // U+00DF
    { 9, 13, 135, 0, 12, 30, 1703 }, // U+00E0
    { 9, 13, 135, 0, 12, 30, 1733 }, // U+00E1
    { 9, 13, 135, 0, 12, 30, 1763 }, // U+00E2
    { 9, 12, 135, 0, 11, 27, 1793 }, // U+00E3
    { 9, 12, 135, 0, 11, 27, 1820 }, // U+00E4
    { 9, 13, 135, 0, 12, 30, 1847 }, // U+00E5
    { 12, 9, 190, 0, 8, 27, 1877 }, // U+00E6
    { 8, 12, 114, 0, 8, 24, 1904 }, // U+00E7
    { 7, 13, 115, 0, 12, 23, 1928 }, // U+00E8
    { 8, 13, 115, 0, 12, 26, 1951 }, // U+00E9
    { 8, 13, 115, 0, 12, 26, 1977 }, // U+00EA
    { 8, 12, 115, 0, 11, 24, 2003 }, // U+00EB
    { 5, 13, 71, 0, 12, 17, 2027 }, // U+00EC
    { 6, 13, 71, 0, 12, 20, 2044 }, // U+00ED
    { 5, 13, 71, 0, 12, 17, 2064 }, // U+00EE
    { 6, 12, 71, 0, 11, 18, 2081 }, // U+00EF
    { 8, 13, 134, 0, 12, 26, 2099 }, // U+00F0
    { 9, 12, 140, 0, 11, 27, 2125 }, // U+00F1
    { 8, 13, 134, 0, 12, 26, 2152 }, // U+00F2
    { 8, 13, 134, 0, 12, 26, 2178 }, // U+00F3
    { 8, 13, 134, 0, 12, 26, 2204 }, // U+00F4
    { 9, 12, 134, 0, 11, 27, 2230 }, // U+00F5
    { 8, 12, 134, 0, 11, 24, 2257 }, // U+00F6
    { 8, 8, 130, 0, 9, 16, 2281 }, // U+00F7
    { 9, 10, 134, 0, 9, 23, 2297 }, // U+00F8
    { 9, 13, 140, 0, 12, 30, 2320 }, // U+00F9
    { 9, 13, 140, 0, 12, 30, 2350 }, // U+00FA
    { 9, 13, 140, 0, 12, 30, 2380 }, // U+00FB
    { 9, 12, 140, 0, 11, 27, 2410 }, // U+00FC
    { 11, 16, 123, -3, 12, 44, 2437 }, // U+00FD
    { 9, 16, 131, -1, 12, 36, 2481 }, // U+00FE
    { 11, 15, 123, -3, 11, 42, 2517 }, // U+00FF
    { 11, 12, 164, -1, 12, 33, 0 }, // U+0100
    { 9, 11, 135, 0, 10, 25, 33 }, // U+0101
    { 11, 13, 164, -1, 13, 36, 58 }, // U+0102
    { 9, 12, 135, 0, 11, 27, 94 }, // U+0103
    { 11, 15, 164, -1, 11, 42, 121 }, // U+0104
    { 9, 12, 135, 0, 8, 27, 163 }, // U+0105
    { 10, 15, 146, 0, 14, 38, 190 }, // U+0106
    { 8, 13, 114, 0, 12, 26, 228 }, // U+0107
    { 10, 15, 146, 0, 14, 38, 254 }, // U+0108
    { 8, 13, 114, 0, 12, 26, 292 }, // U+0109
    { 10, 15, 146, 0, 14, 38, 318 }, // U+010A
    { 8, 13, 114, 0, 12, 26, 356 }, // U+010B
    { 11, 15, 146, 0, 14, 42, 382 }, // U+010C
    { 9, 13, 114, 0, 12, 30, 424 }, // U+010D
    { 12, 14, 169, -1, 14, 42, 454 }, // U+010E
    { 11, 13, 135, 0, 12, 36, 496 }, // U+010F
    { 12, 11, 169, -1, 11, 33, 532 }, // U+0110
    { 10, 13, 135, 0, 12, 33, 565 }, // U+0111
    { 11, 12, 145, -1, 12, 33, 598 }, // U+0112
    { 8, 11, 115, 0, 10, 22, 631 }, // U+0113
    { 11, 13, 145, -1, 13, 36, 653 }, // U+0114
    { 8, 12, 115, 0, 11, 24, 689 }, // U+0115
    { 11, 14, 145, -1, 14, 39, 713 }, // U+0116
    { 7, 13, 115, 0, 12, 23, 752 }, // U+0117
    { 11, 15, 145, -1, 11, 42, 775 }, // U+0118
    { 7, 12, 115, 0, 8, 21, 817 }, // U+0119
    { 11, 14, 145, -1, 14, 39, 838 }, // U+011A
    { 9, 13, 115, 0, 12, 30, 877 }, // U+011B
    { 11, 15, 167, 0, 14, 42, 907 }, // U+011C
    { 10, 16, 130, -1, 12, 40, 949 }, // U+011D
    { 11, 14, 167, 0, 13, 39, 989 }, // U+011E
    { 10, 15, 130, -1, 11, 38, 1028 }, // U+011F
    { 11, 15, 167, 0, 14, 42, 1066 }, // U+0120
    { 10, 16, 130, -1, 12, 40, 1108 }, // U+0121
    { 11, 15, 167, 0, 11, 42, 1148 }, // U+0122
    { 10, 16, 130, -1, 12, 40, 1190 }, // U+0123
    { 14, 14, 185, -1, 14, 49, 1230 }, // U+0124
    { 9, 16, 140, 0, 15, 36, 1279 }, // U+0125
    { 14, 11, 185, -1, 11, 39, 1315 }, // U+0126
    { 9, 13, 140, 0, 12, 30, 1354 }, // U+0127
    { 9, 13, 86, -1, 13, 30, 1384 }, // U+0128
    { 6, 12, 71, 0, 11, 18, 1414 }, // U+0129
    { 8, 12, 86, -1, 12, 24, 1432 }, // U+012A
    { 6, 11, 71, 0, 10, 17, 1456 }, // U+012B
    { 8, 13, 86, -1, 13, 26, 1473 }, // U+012C
    { 6, 12, 71, 0, 11, 18, 1499 }, // U+012D
    { 8, 15, 86, -1, 11, 30, 1517 }, // U+012E
    { 5, 16, 71, 0, 12, 20, 1547 }, // U+012F
    { 8, 14, 86, -1, 14, 28, 1567 }, // U+0130
    { 5, 9, 71, 0, 8, 12, 1595 }, // U+0131
    { 13, 15, 169, -1, 11, 49, 1607 }, // U+0132
    { 9, 16, 139, 0, 12, 36, 1656 }, // U+0133
    { 10, 18, 83, -3, 14, 45, 1692 }, // U+0134
    { 8, 16, 68, -3, 12, 32, 1737 }, // U+0135
    { 13, 15, 163, -1, 11, 49, 1769 }, // U+0136
    { 9, 16, 133, 0, 12, 36, 1818 }, // U+0137
    { 9, 9, 133, 0, 8, 21, 1854 }, // U+0138
    { 10, 14, 145, -1, 14, 35, 1875 }, // U+0139
    { 6, 16, 71, 1, 15, 24, 1910 }, // U+013A
    { 10, 15, 145, -1, 11, 38, 1934 }, // U+013B
    { 6, 16, 71, -1, 12, 24, 1972 }, // U+013C
    { 10, 11, 145, -1, 11, 28, 1996 }, // U+013D
    { 6, 13, 71, 1, 12, 20, 2024 }, // U+013E
    { 10, 11, 145, -1, 11, 28, 2044 }, // U+013F
    { 6, 13, 92, 1, 12, 20, 2072 }, // U+0140
    { 10, 11, 145, -1, 11, 28, 2092 }, // U+0141
    { 5, 13, 76, 0, 12, 17, 2120 }, // U+0142
    { 14, 14, 178, -1, 14, 49, 2137 }, // U+0143
    { 9, 13, 140, 0, 12, 30, 2186 }, // U+0144
    { 14, 15, 178, -1, 11, 53, 2216 }, // U+0145
    { 9, 12, 140, 0, 8, 27, 2269 }, // U+0146
    { 14, 14, 178, -1, 14, 49, 2296 }, // U+0147
    { 9, 13, 140, 0, 12, 30, 2345 }, // U+0148
    { 11, 12, 180, 0, 11, 33, 2375 }, // U+0149
    { 14, 15, 178, -1, 11, 53, 2408 }, // U+014A
    { 8, 12, 131, 0, 8, 24, 2461 }, // U+014B
    { 11, 13, 173, 0, 12, 36, 2485 }, // U+014C
    { 8, 11, 134, 0, 10, 22, 2521 }, // U+014D
    { 11, 14, 173, 0, 13, 39, 2543 }, // U+014E
    { 8, 12, 134, 0, 11, 24, 2582 }, // U+014F
    { 11, 15, 173, 0, 14, 42, 2606 }, // U+0150
    { 9, 13, 134, 0, 12, 30, 2648 }, // U+0151
    { 15, 12, 224, 0, 11, 45, 2678 }, // U+0152
    { 13, 9, 201, 0, 8, 30, 2723 }, // U+0153
    { 11, 14, 155, -1, 14, 39, 2753 }, // U+0154
    { 7, 12, 109, 0, 12, 21, 2792 }, // U+0155
    { 11, 15, 155, -1, 11, 42, 2813 }, // U+0156
    { 8, 12, 109, -1, 8, 24, 2855 }, // U+0157
    { 11, 14, 155, -1, 14, 39, 2879 }, // U+0158
    { 8, 12, 109, 0, 12, 24, 2918 }, // U+0159
    { 9, 15, 127, 0, 14, 34, 2942 }, // U+015A
    { 8, 13, 108, 0, 12, 26, 2976 }, // U+015B
    { 9, 15, 127, 0, 14, 34, 3002 }, // U+015C
    { 7, 13, 108, 0, 12, 23, 3036 }, // U+015D
    { 9, 15, 127, 0, 11, 34, 3059 }, // U+015E
    { 7, 12, 108, 0, 8, 21, 3093 }, // U+015F
    { 10, 15, 127, 0, 14, 38, 3114 }, // U+0160
    { 8, 13, 108, 0, 12, 26, 3152 }, // U+0161
    { 9, 15, 143, 1, 11, 34, 3178 }, // U+0162
    { 6, 14, 86, 0, 10, 21, 3212 }, // U+0163
    { 9, 14, 143, 1, 14, 32, 3233 }, // U+0164
    { 6, 13, 86, 1, 12, 20, 3265 }, // U+0165
    { 9, 11, 143, 1, 11, 25, 3285 }, // U+0166
    { 6, 11, 86, 0, 10, 17, 3310 }, // U+0167
    { 11, 14, 170, 1, 13, 39, 3327 }, // U+0168
    { 9, 12, 140, 0, 11, 27, 3366 }, // U+0169
    { 11, 13, 170, 1, 12, 36, 3393 }, // U+016A
    { 9, 11, 140, 0, 10, 25, 3429 }, // U+016B
    { 11, 14, 170, 1, 13, 39, 3454 }, // U+016C
    { 9, 12, 140, 0, 11, 27, 3493 }, // U+016D
    { 11, 15, 170, 1, 14, 42, 3520 }, // U+016E
    { 9, 13, 140, 0, 12, 30, 3562 }, // U+016F
    { 11, 15, 170, 1, 14, 42, 3592 }, // U+0170
    { 10, 13, 140, 0, 12, 33, 3634 }, // U+0171
    { 11, 15, 170, 1, 11, 42, 3667 }, // U+0172
    { 9, 12, 140, 0, 8, 27, 3709 }, // U+0173
    { 16, 14, 244, 1, 14, 56, 3736 }, // U+0174
    { 12, 13, 191, 0, 12, 39, 3792 }, // U+0175
    { 10, 14, 146, 1, 14, 35, 3831 }, // U+0176
    { 11, 16, 123, -3, 12, 44, 3866 }, // U+0177
    { 10, 13, 146, 1, 13, 33, 3910 }, // U+0178
    { 11, 14, 141, -1, 14, 39, 3943 }, // U+0179
    { 8, 12, 119, -1, 12, 24, 3982 }, // U+017A
    { 11, 14, 141, -1, 14, 39, 4006 }, // U+017B
    { 8, 12, 119, -1, 12, 24, 4045 }, // U+017C
    { 11, 14, 141, -1, 14, 39, 4069 }, // U+017D
    { 10, 12, 119, -1, 12, 30, 4108 }, // U+017E
    { 11, 16, 70, -3, 12, 44, 4138 }, // U+017F
    { 13, 13, 181, 0, 12, 43, 0 }, // U+01A0
    { 10, 11, 142, 0, 10, 28, 43 }, // U+01A1
    { 12, 13, 181, 1, 12, 39, 71 }, // U+01AF
    { 11, 11, 152, 0, 10, 31, 110 }, // U+01B0
    { 21, 14, 310, -1, 14, 74, 141 }, // U+01C4
    { 20, 12, 288, -1, 12, 60, 215 }, // U+01C5
    { 17, 13, 254, 0, 12, 56, 275 }, // U+01C6
    { 17, 15, 229, -1, 11, 64, 331 }, // U+01C7
    { 15, 16, 213, -1, 12, 60, 395 }, // U+01C8
    { 8, 16, 139, 1, 12, 32, 455 }, // U+01C9
    { 19, 15, 261, -1, 11, 72, 487 }, // U+01CA
    { 17, 16, 246, -1, 12, 68, 559 }, // U+01CB
    { 13, 16, 208, 0, 12, 52, 627 }, // U+01CC
    { 12, 14, 164, -1, 14, 42, 679 }, // U+01CD
    { 9, 13, 135, 0, 12, 30, 721 }, // U+01CE
    { 9, 14, 86, -1, 14, 32, 751 }, // U+01CF
    { 7, 13, 71, 0, 12, 23, 783 }, // U+01D0
    { 11, 15, 173, 0, 14, 42, 806 }, // U+01D1
    { 9, 13, 134, 0, 12, 30, 848 }, // U+01D2
    { 11, 15, 170, 1, 14, 42, 878 }, // U+01D3
    { 9, 13, 140, 0, 12, 30, 920 }, // U+01D4
    { 11, 16, 170, 1, 15, 44, 950 }, // U+01D5
    { 9, 14, 140, 0, 13, 32, 994 }, // U+01D6
    { 11, 17, 170, 1, 16, 47, 1026 }, // U+01D7
    { 9, 14, 140, 0, 13, 32, 1073 }, // U+01D8
    { 11, 17, 170, 1, 16, 47, 1105 }, // U+01D9
    { 9, 14, 140, 0, 13, 32, 1152 }, // U+01DA
    { 11, 17, 170, 1, 16, 47, 1184 }, // U+01DB
    { 9, 14, 140, 0, 13, 32, 1231 }, // U+01DC
    { 7, 9, 115, 0, 8, 16, 1263 }, // U+01DD
    { 11, 15, 164, -1, 15, 42, 1279 }, // U+01DE
    { 9, 14, 135, 0, 13, 32, 1321 }, // U+01DF
    { 11, 15, 164, -1, 15, 42, 1353 }, // U+01E0
    { 9, 14, 135, 0, 13, 32, 1395 }, // U+01E1
    { 16, 13, 222, -1, 13, 52, 1427 }, // U+01E2
    { 12, 11, 190, 0, 10, 33, 1479 }, // U+01E3
    { 11, 12, 167, 0, 11, 33, 1512 }, // U+01E4
    { 10, 13, 130, -1, 9, 33, 1545 }, // U+01E5
    { 11, 15, 167, 0, 14, 42, 1578 }, // U+01E6
    { 10, 16, 130, -1, 12, 40, 1620 }, // U+01E7
    { 13, 14, 163, -1, 14, 46, 1660 }, // U+01E8
    { 10, 16, 133, 0, 15, 40, 1706 }, // U+01E9
    { 11, 15, 173, 0, 11, 42, 1746 }, // U+01EA
    { 8, 12, 134, 0, 8, 24, 1788 }, // U+01EB
    { 11, 17, 173, 0, 13, 47, 1812 }, // U+01EC
    { 8, 14, 134, 0, 10, 28, 1859 }, // U+01ED
    { 10, 15, 141, 0, 14, 38, 1887 }, // U+01EE
    { 10, 16, 128, -1, 12, 40, 1925 }, // U+01EF
    { 10, 16, 68, -3, 12, 40, 1965 }, // U+01F0
    { 21, 11, 310, -1, 11, 58, 2005 }, // U+01F1
    { 19, 11, 288, -1, 11, 53, 2063 }, // U+01F2
    { 16, 13, 254, 0, 12, 52, 2116 }, // U+01F3
    { 11, 15, 167, 0, 14, 42, 2168 }, // U+01F4
    { 10, 16, 130, -1, 12, 40, 2210 }, // U+01F5
    { 17, 12, 242, -1, 11, 51, 2250 }, // U+01F6
    { 13, 15, 172, -2, 11, 49, 2301 }, // U+01F7
    { 14, 15, 178, -1, 15, 53, 2350 }, // U+01F8
    { 9, 13, 140, 0, 12, 30, 2403 }, // U+01F9
    { 11, 14, 164, -1, 14, 39, 2433 }, // U+01FA
    { 9, 16, 135, 0, 15, 36, 2472 }, // U+01FB
    { 16, 14, 222, -1, 14, 56, 2508 }, // U+01FC
    { 12, 13, 190, 0, 12, 39, 2564 }, // U+01FD
    { 11, 15, 173, 0, 14, 42, 2603 }, // U+01FE
    { 9, 13, 134, 0, 12, 30, 2645 }, // U+01FF
    { 11, 15, 164, -1, 15, 42, 2675 }, // U+0200
    { 9, 13, 135, 0, 12, 30, 2717 }, // U+0201
    { 11, 13, 164, -1, 13, 36, 2747 }, // U+0202
    { 9, 12, 135, 0, 11, 27, 2783 }, // U+0203
    { 11, 15, 145, -1, 15, 42, 2810 }, // U+0204
    { 7, 13, 115, 0, 12, 23, 2852 }, // U+0205
    { 11, 13, 145, -1, 13, 36, 2875 }, // U+0206
    { 8, 12, 115, 0, 11, 24, 2911 }, // U+0207
    { 8, 15, 86, -1, 15, 30, 2935 }, // U+0208
    { 6, 13, 71, -1, 12, 20, 2965 }, // U+0209
    { 8, 14, 86, -1, 14, 28, 2985 }, // U+020A
    { 6, 12, 71, 0, 11, 18, 3013 }, // U+020B
    { 11, 16, 173, 0, 15, 44, 3031 }, // U+020C
    { 8, 13, 134, 0, 12, 26, 3075 }, // U+020D
    { 11, 14, 173, 0, 13, 39, 3101 }, // U+020E
    { 8, 12, 134, 0, 11, 24, 3140 }, // U+020F
    { 11, 15, 155, -1, 15, 42, 3164 }, // U+0210
    { 7, 12, 109, 0, 12, 21, 3206 }, // U+0211
    { 11, 13, 155, -1, 13, 36, 3227 }, // U+0212
    { 7, 11, 109, 0, 11, 20, 3263 }, // U+0213
    { 11, 16, 170, 1, 15, 44, 3283 }, // U+0214
    { 9, 13, 140, 0, 12, 30, 3327 }, // U+0215
    { 11, 14, 170, 1, 13, 39, 3357 }, // U+0216
    { 9, 12, 140, 0, 11, 27, 3396 }, // U+0217
    { 9, 15, 127, 0, 11, 34, 3423 }, // U+0218
    { 7, 12, 108, 0, 8, 21, 3457 }, // U+0219
    { 9, 15, 143, 1, 11, 34, 3478 }, // U+021A
    { 6, 14, 86, 0, 10, 21, 3512 }, // U+021B
    { 10, 14, 141, -1, 11, 35, 3533 }, // U+021C
    { 9, 12, 110, -2, 8, 27, 3568 }, // U+021D
    { 14, 14, 185, -1, 14, 49, 3595 }, // U+021E
    { 10, 16, 140, 0, 15, 40, 3644 }, // U+021F
    { 4, 4, 0, -6, 12, 4, 0 }, // U+0300
    { 4, 4, 0, -4, 12, 4, 4 }, // U+0301
    { 6, 4, 0, -2, 12, 6, 8 }, // U+0302
    { 7, 3, 0, -7, 11, 6, 14 }, // U+0303
    { 6, 2, 0, -2, 10, 3, 20 }, // U+0304
    { 5, 2, 0, -1, 12, 3, 23 }, // U+0305
    { 5, 3, 0, -1, 11, 4, 26 }, // U+0306
    { 3, 3, 0, 0, 12, 3, 30 }, // U+0307
    { 5, 2, 0, -1, 11, 3, 33 }, // U+0308
    { 4, 4, 0, -5, 12, 4, 36 }, // U+0309
    { 5, 4, 0, -1, 12, 5, 40 }, // U+030A
    { 6, 4, 0, -1, 12, 6, 45 }, // U+030B
    { 5, 4, 0, 0, 12, 5, 51 }, // U+030C
    { 2, 4, 0, 0, 12, 2, 56 }, // U+030D
    { 4, 4, 0, -1, 12, 4, 58 }, // U+030E
    { 6, 4, 0, -6, 12, 6, 62 }, // U+030F
    { 5, 5, 0, -1, 13, 7, 68 }, // U+0310
    { 6, 3, 0, -2, 11, 5, 75 }, // U+0311
    { 4, 5, 0, -1, 11, 5, 80 }, // U+0312
    { 3, 5, 0, -1, 11, 4, 85 }, // U+0313
    { 3, 5, 0, 0, 11, 4, 89 }, // U+0314
    { 3, 5, 0, -1, 11, 4, 93 }, // U+0315
    { 4, 4, 0, -3, 0, 4, 97 }, // U+0316
    { 4, 4, 0, -3, 0, 4, 101 }, // U+0317
    { 4, 4, 0, -3, 0, 4, 105 }, // U+0318
    { 4, 4, 0, -3, 0, 4, 109 }, // U+0319
    { 5, 5, 73, 1, 12, 7, 113 }, // U+031A
    { 3, 5, 0, -1, 12, 4, 120 }, // U+031B
    { 3, 4, 0, -2, 0, 3, 124 }, // U+031C
    { 4, 3, 0, -3, 0, 3, 127 }, // U+031D
    { 4, 3, 0, -3, 0, 3, 130 }, // U+031E
    { 4, 4, 0, -3, 0, 4, 133 }, // U+031F
    { 4, 2, 0, -3, -1, 2, 137 }, // U+0320
    { 4, 4, 0, -3, 1, 4, 139 }, // U+0321
    { 3, 4, 0, -1, 1, 3, 143 }, // U+0322
    { 3, 3, 0, -7, 0, 3, 146 }, // U+0323
    { 6, 2, 0, -4, -1, 3, 149 }, // U+0324
    { 4, 4, 0, -3, 0, 4, 152 }, // U+0325
    { 3, 4, 0, -3, 0, 3, 156 }, // U+0326
    { 4, 5, 0, -3, 1, 5, 159 }, // U+0327
    { 4, 4, 0, -3, 0, 4, 164 }, // U+0328
    { 2, 4, 0, -2, 0, 2, 168 }, // U+0329
    { 7, 3, 0, -5, -1, 6, 170 }, // U+032A
    { 6, 3, 0, -4, 0, 5, 176 }, // U+032B
    { 6, 4, 0, -3, 0, 6, 181 }, // U+032C
    { 5, 4, 0, -4, 0, 5, 187 }, // U+032D
    { 5, 3, 0, -4, -1, 4, 192 }, // U+032E
    { 5, 3, 0, -4, -1, 4, 196 }, // U+032F
    { 6, 3, 0, -4, -1, 5, 200 }, // U+0330
    { 5, 2, 0, -4, -1, 3, 205 }, // U+0331
    { 8, 2, 0, -8, -1, 4, 208 }, // U+0332
    { 8, 4, 0, -8, 0, 8, 212 }, // U+0333
    { 6, 3, 0, -3, 5, 5, 220 }, // U+0334
    { 6, 2, 0, -3, 5, 3, 225 }, // U+0335
    { 10, 2, 0, -5, 5, 5, 228 }, // U+0336
    { 6, 4, 0, -3, 6, 6, 233 }, // U+0337
    { 9, 14, 0, -4, 12, 32, 239 }, // U+0338
    { 3, 4, 0, -3, 0, 3, 271 }, // U+0339
    { 7, 3, 0, -5, -1, 6, 274 }, // U+033A
    { 7, 4, 0, -5, 0, 7, 280 }, // U+033B
    { 5, 3, 0, -4, 0, 4, 287 }, // U+033C
    { 4, 3, 0, -1, 11, 3, 291 }, // U+033D
    { 3, 5, 0, 0, 13, 4, 294 }, // U+033E
    { 8, 3, 0, -2, 14, 6, 298 }, // U+033F
    { 4, 4, 0, -1, 12, 4, 304 }, // U+0340
    { 5, 4, 0, -1, 12, 5, 308 }, // U+0341
    { 7, 3, 0, -2, 11, 6, 313 }, // U+0342
    { 3, 4, 0, 0, 12, 3, 319 }, // U+0343
    { 7, 4, 0, -2, 12, 7, 322 }, // U+0344
    { 3, 3, 0, -1, -1, 3, 329 }, // U+0345
    { 7, 3, 0, -2, 11, 6, 332 }, // U+0346
    { 8, 4, 0, -5, 0, 8, 338 }, // U+0347
    { 4, 4, 0, -3, 0, 4, 346 }, // U+0348
    { 4, 3, 0, -3, -1, 3, 350 }, // U+0349
    { 6, 4, 0, -2, 12, 6, 353 }, // U+034A
    { 7, 6, 0, -2, 14, 11, 359 }, // U+034B
    { 7, 5, 0, -2, 13, 9, 370 }, // U+034C
    { 5, 4, 0, -4, 0, 5, 379 }, // U+034D
    { 4, 4, 0, -3, 0, 4, 384 }, // U+034E
    { 12, 11, 0, -6, 11, 33, 388 }, // U+034F
    { 4, 4, 0, -1, 12, 4, 421 }, // U+0350
    { 3, 4, 0, 0, 12, 3, 425 }, // U+0351
    { 5, 5, 0, -1, 13, 7, 428 }, // U+0352
    { 4, 4, 0, -3, 0, 4, 435 }, // U+0353
    { 4, 4, 0, -3, 0, 4, 439 }, // U+0354
    { 4, 4, 0, -3, 0, 4, 443 }, // U+0355
    { 6, 4, 0, -4, 0, 6, 447 }, // U+0356
    { 3, 4, 0, 0, 12, 3, 453 }, // U+0357
    { 3, 3, 0, 2, 12, 3, 456 }, // U+0358
    { 4, 4, 0, -2, 0, 4, 459 }, // U+0359
    { 6, 4, 0, -4, 0, 6, 463 }, // U+035A
    { 4, 4, 0, -1, 12, 4, 469 }, // U+035B
    { 12, 3, 0, -7, 0, 9, 473 }, // U+035C
    { 12, 4, 0, -4, 12, 12, 482 }, // U+035D
    { 10, 2, 0, -4, 10, 5, 494 }, // U+035E
    { 10, 2, 0, -6, -1, 5, 499 }, // U+035F
    { 13, 3, 0, -5, 11, 10, 504 }, // U+0360
    { 12, 4, 0, -5, 13, 12, 514 }, // U+0361
    { 10, 4, 0, -6, 0, 10, 526 }, // U+0362
    { 5, 5, 0, -1, 13, 7, 536 }, // U+0363
    { 3, 5, 0, 0, 13, 4, 543 }, // U+0364
    { 3, 6, 0, 0, 14, 5, 547 }, // U+0365
    { 5, 5, 0, -1, 13, 7, 552 }, // U+0366
    { 5, 5, 0, -1, 13, 7, 559 }, // U+0367
    { 4, 5, 0, 0, 13, 5, 566 }, // U+0368
    { 5, 6, 0, -1, 14, 8, 571 }, // U+0369
    { 5, 6, 0, -1, 14, 8, 579 }, // U+036A
    { 7, 5, 0, -2, 13, 9, 587 }, // U+036B
    { 3, 4, 0, 0, 13, 3, 596 }, // U+036C
    { 3, 5, 0, 0, 13, 4, 599 }, // U+036D
    { 4, 5, 0, -1, 13, 5, 603 }, // U+036E
    { 5, 4, 0, -1, 13, 5, 608 }, // U+036F
    { 11, 14, 146, -1, 14, 39, 0 }, // U+0400
    { 11, 14, 146, -1, 14, 39, 39 }, // U+0401
    { 10, 11, 187, 1, 11, 28, 78 }, // U+0402
    { 11, 14, 132, -1, 14, 39, 106 }, // U+0403
    { 10, 12, 143, 0, 11, 30, 145 }, // U+0404
    { 8, 12, 128, 0, 11, 24, 175 }, // U+0405
    { 8, 11, 87, -1, 11, 22, 199 }, // U+0406
    { 8, 14, 87, -1, 14, 28, 221 }, // U+0407
    { 9, 15, 84, -2, 11, 34, 249 }, // U+0408
    { 15, 12, 225, -1, 11, 45, 283 }, // U+0409
    { 16, 11, 237, -1, 11, 44, 328 }, // U+040A
    { 11, 11, 199, 1, 11, 31, 372 }, // U+040B
    { 12, 14, 164, -1, 14, 42, 403 }, // U+040C
    { 14, 14, 188, -1, 14, 49, 445 }, // U+040D
    { 10, 15, 152, 1, 14, 38, 494 }, // U+040E
    { 14, 14, 184, -1, 11, 49, 532 }, // U+040F
    { 11, 11, 164, -1, 11, 31, 581 }, // U+0410
    { 10, 11, 147, -1, 11, 28, 612 }, // U+0411
    { 10, 11, 153, -1, 11, 28, 640 }, // U+0412
    { 11, 11, 132, -1, 11, 31, 668 }, // U+0413
    { 14, 14, 173, -2, 11, 49, 699 }, // U+0414
    { 11, 11, 146, -1, 11, 31, 748 }, // U+0415
    { 18, 11, 229, -2, 11, 50, 779 }, // U+0416
    { 8, 12, 139, 0, 11, 24, 829 }, // U+0417
    { 14, 11, 188, -1, 11, 39, 853 }, // U+0418
    { 14, 14, 188, -1, 14, 49, 892 }, // U+0419
    { 12, 11, 164, -1, 11, 33, 941 }, // U+041A
    { 13, 12, 171, -1, 11, 39, 974 }, // U+041B
    { 16, 11, 223, -1, 11, 44, 1013 }, // U+041C
    { 14, 11, 186, -1, 11, 39, 1057 }, // U+041D
    { 11, 12, 173, 0, 11, 33, 1096 }, // U+041E
    { 14, 11, 184, -1, 11, 39, 1129 }, // U+041F
    { 10, 11, 142, -1, 11, 28, 1168 }, // U+0420
    { 10, 12, 143, 0, 11, 30, 1196 }, // U+0421
    { 9, 11, 145, 1, 11, 25, 1226 }, // U+0422
    { 10, 12, 152, 1, 11, 30, 1251 }, // U+0423
    { 13, 12, 200, 0, 11, 39, 1281 }, // U+0424
    { 12, 11, 155, -1, 11, 33, 1320 }, // U+0425
    { 14, 14, 184, -1, 11, 49, 1353 }, // U+0426
    { 11, 11, 177, 1, 11, 31, 1402 }, // U+0427
    { 18, 11, 250, -1, 11, 50, 1433 }, // U+0428
    { 18, 14, 250, -1, 11, 63, 1483 }, // U+0429
    { 9, 11, 167, 1, 11, 25, 1546 }, // U+042A
    { 16, 11, 213, -1, 11, 44, 1571 }, // U+042B
    { 10, 11, 145, -1, 11, 28, 1615 }, // U+042C
    { 9, 12, 146, 0, 11, 27, 1643 }, // U+042D
    { 16, 12, 238, -1, 11, 48, 1670 }, // U+042E
    { 12, 11, 151, -1, 11, 33, 1718 }, // U+042F
    { 9, 9, 133, 0, 8, 21, 1751 }, // U+0430
    { 9, 13, 135, 0, 12, 30, 1772 }, // U+0431
    { 8, 9, 124, 0, 8, 18, 1802 }, // U+0432
    { 7, 9, 105, 0, 8, 16, 1820 }, // U+0433
    { 8, 13, 134, 0, 12, 26, 1836 }, // U+0434
    { 7, 9, 115, 0, 8, 16, 1862 }, // U+0435
    { 15, 9, 215, -1, 8, 34, 1878 }, // U+0436
    { 7, 9, 112, 0, 8, 16, 1912 }, // U+0437
    { 9, 9, 138, 0, 8, 21, 1928 }, // U+0438
    { 9, 12, 138, 0, 11, 27, 1949 }, // U+0439
    { 9, 8, 135, 0, 8, 18, 1976 }, // U+043A
    { 10, 9, 138, -1, 8, 23, 1994 }, // U+043B
    { 13, 9, 191, -1, 8, 30, 2017 }, // U+043C
    { 9, 9, 139, 0, 8, 21, 2047 }, // U+043D
    { 8, 9, 134, 0, 8, 18, 2068 }, // U+043E
    { 9, 9, 139, 0, 8, 21, 2086 }, // U+043F
    { 9, 12, 133, -1, 8, 27, 2107 }, // U+0440
    { 8, 9, 114, 0, 8, 18, 2134 }, // U+0441
    { 13, 9, 209, 0, 8, 30, 2152 }, // U+0442
    { 9, 12, 127, -1, 8, 27, 2182 }, // U+0443
    { 11, 16, 178, 0, 12, 44, 2209 }, // U+0444
    { 9, 8, 124, -1, 8, 18, 2253 }, // U+0445
    { 9, 12, 139, 0, 8, 27, 2271 }, // U+0446
    { 8, 9, 131, 0, 8, 18, 2298 }, // U+0447
    { 13, 9, 207, 0, 8, 30, 2316 }, // U+0448
    { 13, 12, 208, 0, 8, 39, 2346 }, // U+0449
    { 7, 9, 121, 0, 8, 16, 2385 }, // U+044A
    { 11, 9, 178, 0, 8, 25, 2401 }, // U+044B
    { 7, 9, 122, 0, 8, 16, 2426 }, // U+044C
    { 7, 9, 117, 0, 8, 16, 2442 }, // U+044D
    { 12, 9, 187, 0, 8, 27, 2458 }, // U+044E
    { 10, 9, 133, -1, 8, 23, 2485 }, // U+044F
    { 7, 13, 115, 0, 12, 23, 2508 }, // U+0450
    { 8, 12, 115, 0, 11, 24, 2531 }, // U+0451
    { 8, 16, 131, 0, 12, 32, 2555 }, // U+0452
    { 7, 13, 105, 0, 12, 23, 2587 }, // U+0453
    { 8, 9, 114, 0, 8, 18, 2610 }, // U+0454
    { 7, 9, 105, 0, 8, 16, 2628 }, // U+0455
    { 5, 13, 69, 0, 12, 17, 2644 }, // U+0456
    { 6, 13, 69, 0, 12, 20, 2661 }, // U+0457
    { 7, 16, 66, -2, 12, 28, 2681 }, // U+0458
    { 13, 9, 189, -1, 8, 30, 2709 }, // U+0459
    { 12, 9, 190, 0, 8, 27, 2739 }, // U+045A
    { 9, 13, 139, 0, 12, 30, 2766 }, // U+045B
    { 9, 12, 135, 0, 12, 27, 2796 }, // U+045C
    { 9, 13, 138, 0, 12, 30, 2823 }, // U+045D
    { 9, 15, 127, -1, 11, 34, 2853 }, // U+045E
    { 9, 12, 138, 0, 8, 27, 2887 }, // U+045F
    { 14, 11, 224, 0, 11, 39, 2914 }, // U+0460
    { 12, 8, 186, 0, 8, 24, 2953 }, // U+0461
    { 10, 11, 143, -1, 11, 28, 2977 }, // U+0462
    { 12, 9, 188, 0, 8, 27, 3005 }, // U+0463
    { 15, 12, 212, -1, 11, 45, 3032 }, // U+0464
    { 12, 9, 179, 0, 8, 27, 3077 }, // U+0465
    { 11, 11, 161, -1, 11, 31, 3104 }, // U+0466
    { 9, 8, 135, -1, 8, 18, 3135 }, // U+0467
    { 16, 11, 242, -1, 11, 44, 3153 }, // U+0468
    { 12, 8, 187, 0, 8, 24, 3197 }, // U+0469
    { 13, 11, 184, -1, 11, 36, 3221 }, // U+046A
    { 11, 8, 164, -1, 8, 22, 3257 }, // U+046B
    { 18, 11, 264, -1, 11, 50, 3279 }, // U+046C
    { 13, 8, 212, 0, 8, 26, 3329 }, // U+046D
    { 10, 17, 141, -1, 13, 43, 3355 }, // U+046E
    { 8, 13, 111, -1, 10, 26, 3398 }, // U+046F
    { 13, 11, 193, 1, 11, 36, 3424 }, // U+0470
    { 10, 16, 165, 0, 12, 40, 3460 }, // U+0471
    { 11, 12, 173, 0, 11, 33, 3500 }, // U+0472
    { 8, 9, 134, 0, 8, 18, 3533 }, // U+0473
    { 11, 11, 162, 1, 11, 31, 3551 }, // U+0474
    { 10, 9, 137, 0, 8, 23, 3582 }, // U+0475
    { 11, 15, 162, 1, 15, 42, 3605 }, // U+0476
    { 10, 13, 137, 0, 12, 33, 3647 }, // U+0477
    { 17, 15, 276, 0, 11, 64, 3680 }, // U+0478
    { 15, 12, 233, 0, 8, 45, 3744 }, // U+0479
    { 11, 13, 182, 0, 12, 36, 3789 }, // U+047A
    { 9, 10, 148, 0, 9, 23, 3825 }, // U+047B
    { 14, 16, 229, 0, 15, 56, 3848 }, // U+047C
    { 11, 14, 184, 0, 13, 39, 3904 }, // U+047D
    { 14, 13, 224, 0, 13, 46, 3943 }, // U+047E
    { 12, 11, 186, 0, 11, 33, 3989 }, // U+047F
    { 10, 15, 146, 0, 11, 38, 4022 }, // U+0480
    { 8, 12, 114, 0, 8, 24, 4060 }, // U+0481
    { 9, 11, 142, 0, 10, 25, 4084 }, // U+0482
    { 6, 3, 0, -2, 11, 5, 4109 }, // U+0483
    { 6, 3, 0, -2, 11, 5, 4114 }, // U+0484
    { 3, 4, 0, 0, 12, 3, 4119 }, // U+0485
    { 3, 4, 0, 0, 12, 3, 4122 }, // U+0486
    { 7, 2, 0, -2, 13, 4, 4125 }, // U+0487
    { 18, 18, 0, -9, 13, 81, 4129 }, // U+0488
    { 18, 18, 0, -9, 13, 81, 4210 }, // U+0489
    { 14, 18, 187, -1, 14, 63, 4291 }, // U+048A
    { 9, 16, 140, 0, 12, 36, 4354 }, // U+048B
    { 10, 12, 143, -1, 12, 30, 4390 }, // U+048C
    { 8, 11, 123, 0, 10, 22, 4420 }, // U+048D
    { 10, 11, 145, -1, 11, 28, 4442 }, // U+048E
    { 9, 12, 135, -1, 8, 27, 4470 }, // U+048F
    { 11, 13, 127, -1, 13, 36, 4497 }, // U+0490
    { 7, 10, 104, 0, 10, 18, 4533 }, // U+0491
    { 11, 11, 131, -1, 11, 31, 4551 }, // U+0492
    { 7, 8, 107, 0, 8, 14, 4582 }, // U+0493
    { 11, 15, 153, -1, 11, 42, 4596 }, // U+0494
    { 7, 12, 121, 0, 8, 21, 4638 }, // U+0495
    { 16, 15, 240, -1, 11, 60, 4659 }, // U+0496
    { 15, 12, 236, 0, 8, 45, 4719 }, // U+0497
    { 9, 15, 141, 0, 11, 34, 4764 }, // U+0498
    { 7, 12, 111, 0, 8, 21, 4798 }, // U+0499
    { 12, 15, 173, -1, 11, 45, 4819 }, // U+049A
    { 9, 12, 141, 0, 8, 27, 4864 }, // U+049B
    { 13, 11, 170, -1, 11, 36, 4891 }, // U+049C
    { 10, 8, 148, 0, 8, 20, 4927 }, // U+049D
    { 12, 11, 163, -1, 11, 33, 4947 }, // U+049E
    { 9, 13, 141, 0, 12, 30, 4980 }, // U+049F
    { 13, 11, 183, 0, 11, 36, 5010 }, // U+04A0
    { 11, 8, 165, 0, 8, 22, 5046 }, // U+04A1
    { 14, 15, 185, -1, 11, 53, 5068 }, // U+04A2
    { 9, 12, 147, 0, 8, 27, 5121 }, // U+04A3
    { 15, 11, 205, -1, 11, 42, 5148 }, // U+04A4
    { 12, 9, 176, 0, 8, 27, 5190 }, // U+04A5
    { 16, 15, 246, -1, 11, 60, 5217 }, // U+04A6
    { 12, 12, 200, 0, 8, 36, 5277 }, // U+04A7
    { 11, 12, 171, 0, 11, 33, 5313 }, // U+04A8
    { 9, 9, 143, 0, 8, 21, 5346 }, // U+04A9
    { 10, 15, 146, 0, 11, 38, 5367 }, // U+04AA
    { 8, 12, 114, 0, 8, 24, 5405 }, // U+04AB
    { 9, 15, 143, 1, 11, 34, 5429 }, // U+04AC
    { 13, 12, 209, 0, 8, 39, 5463 }, // U+04AD
    { 10, 11, 146, 1, 11, 28, 5502 }, // U+04AE
    { 8, 12, 128, 0, 8, 24, 5530 }, // U+04AF
    { 10, 11, 146, 1, 11, 28, 5554 }, // U+04B0
    { 8, 12, 128, 0, 8, 24, 5582 }, // U+04B1
    { 12, 15, 154, -1, 11, 45, 5606 }, // U+04B2
    { 10, 12, 127, -1, 8, 30, 5651 }, // U+04B3
    { 13, 15, 208, 1, 11, 49, 5681 }, // U+04B4
    { 11, 12, 172, 0, 8, 33, 5730 }, // U+04B5
    { 11, 15, 176, 1, 11, 42, 5763 }, // U+04B6
    { 9, 12, 142, 0, 8, 27, 5805 }, // U+04B7
    { 11, 11, 177, 1, 11, 31, 5832 }, // U+04B8
    { 8, 9, 131, 0, 8, 18, 5863 }, // U+04B9
    { 11, 11, 176, -1, 11, 31, 5881 }, // U+04BA
    { 9, 13, 140, 0, 12, 30, 5912 }, // U+04BB
    { 12, 12, 186, 0, 11, 36, 5942 }, // U+04BC
    { 9, 9, 140, 0, 8, 21, 5978 }, // U+04BD
    { 12, 15, 186, 0, 11, 45, 5999 }, // U+04BE
    { 9, 12, 140, 0, 8, 27, 6044 }, // U+04BF
    { 8, 11, 86, -1, 11, 22, 6071 }, // U+04C0
    { 18, 13, 229, -2, 13, 59, 6093 }, // U+04C1
    { 15, 12, 215, -1, 11, 45, 6152 }, // U+04C2
    { 12, 15, 162, -1, 11, 45, 6197 }, // U+04C3
    { 9, 12, 143, 0, 8, 27, 6242 }, // U+04C4
    { 13, 15, 164, -1, 11, 49, 6269 }, // U+04C5
    { 10, 12, 150, 0, 8, 30, 6318 }, // U+04C6
    { 14, 15, 184, -1, 11, 53, 6348 }, // U+04C7
    { 9, 12, 144, 0, 8, 27, 6401 }, // U+04C8
    { 14, 15, 185, -1, 11, 53, 6428 }, // U+04C9
    { 9, 12, 147, 0, 8, 27, 6481 }, // U+04CA
    { 11, 15, 176, 1, 11, 42, 6508 }, // U+04CB
    { 9, 12, 142, 0, 8, 27, 6550 }, // U+04CC
    { 16, 15, 219, -1, 11, 60, 6577 }, // U+04CD
    { 13, 12, 210, 0, 8, 39, 6637 }, // U+04CE
    { 8, 11, 86, -1, 11, 22, 6676 }, // U+04CF
    { 11, 13, 164, -1, 13, 36, 6698 }, // U+04D0
    { 9, 12, 135, 0, 11, 27, 6734 }, // U+04D1
    { 11, 13, 164, -1, 13, 36, 6761 }, // U+04D2
    { 9, 12, 135, 0, 11, 27, 6797 }, // U+04D3
    { 16, 11, 222, -1, 11, 44, 6824 }, // U+04D4
    { 12, 9, 190, 0, 8, 27, 6868 }, // U+04D5
    { 11, 13, 145, -1, 13, 36, 6895 }, // U+04D6
    { 7, 12, 115, 0, 11, 21, 6931 }, // U+04D7
    { 10, 12, 156, 0, 11, 30, 6952 }, // U+04D8
    { 7, 9, 115, 0, 8, 16, 6982 }, // U+04D9
    { 10, 14, 156, 0, 13, 35, 6998 }, // U+04DA
    { 7, 12, 115, 0, 11, 21, 7033 }, // U+04DB
    { 18, 13, 229, -2, 13, 59, 7054 }, // U+04DC
    { 15, 12, 215, -1, 11, 45, 7113 }, // U+04DD
    { 8, 14, 139, 0, 13, 28, 7158 }, // U+04DE
    { 7, 12, 112, 0, 11, 21, 7186 }, // U+04DF
    { 9, 12, 141, 0, 11, 27, 7207 }, // U+04E0
    { 9, 12, 128, -1, 8, 27, 7234 }, // U+04E1
    { 14, 12, 188, -1, 12, 42, 7261 }, // U+04E2
    { 9, 11, 140, 0, 10, 25, 7303 }, // U+04E3
    { 14, 13, 188, -1, 13, 46, 7328 }, // U+04E4
    { 9, 12, 140, 0, 11, 27, 7374 }, // U+04E5
    { 11, 14, 173, 0, 13, 39, 7401 }, // U+04E6
    { 8, 12, 134, 0, 11, 24, 7440 }, // U+04E7
    { 11, 12, 173, 0, 11, 33, 7464 }, // U+04E8
    { 8, 9, 134, 0, 8, 18, 7497 }, // U+04E9
    { 11, 14, 173, 0, 13, 39, 7515 }, // U+04EA
    { 8, 12, 134, 0, 11, 24, 7554 }, // U+04EB
    { 9, 14, 146, 0, 13, 32, 7578 }, // U+04EC
    { 7, 12, 117, 0, 11, 21, 7610 }, // U+04ED
    { 10, 14, 152, 1, 13, 35, 7631 }, // U+04EE
    { 11, 14, 123, -3, 10, 39, 7666 }, // U+04EF
    { 10, 14, 152, 1, 13, 35, 7705 }, // U+04F0
    { 11, 15, 123, -3, 11, 42, 7740 }, // U+04F1
    { 10, 15, 152, 1, 14, 38, 7782 }, // U+04F2
    { 12, 16, 123, -3, 12, 48, 7820 }, // U+04F3
    { 11, 13, 177, 1, 13, 36, 7868 }, // U+04F4
    { 8, 12, 131, 0, 11, 24, 7904 }, // U+04F5
    { 11, 15, 131, -1, 11, 42, 7928 }, // U+04F6
    { 7, 12, 107, 0, 8, 21, 7970 }, // U+04F7
    { 16, 13, 213, -1, 13, 52, 7991 }, // U+04F8
    { 11, 12, 178, 0, 11, 33, 8043 }, // U+04F9
    { 11, 14, 131, -1, 11, 39, 8076 }, // U+04FA
    { 7, 11, 107, 0, 8, 20, 8115 }, // U+04FB
    { 12, 14, 154, -1, 11, 42, 8135 }, // U+04FC
    { 10, 11, 127, -1, 8, 28, 8177 }, // U+04FD
    { 12, 11, 154, -1, 11, 33, 8205 }, // U+04FE
    { 10, 8, 127, -1, 8, 20, 8238 }, // U+04FF
    { 11, 14, 164, -1, 11, 39, 0 }, // U+1EA0
    { 9, 11, 135, 0, 8, 25, 39 }, // U+1EA1
    { 11, 15, 164, -1, 15, 42, 64 }, // U+1EA2
    { 9, 13, 135, 0, 12, 30, 106 }, // U+1EA3
    { 12, 15, 164, -1, 15, 45, 136 }, // U+1EA4
    { 10, 13, 135, 0, 12, 33, 181 }, // U+1EA5
    { 11, 15, 164, -1, 15, 42, 214 }, // U+1EA6
    { 9, 13, 135, 0, 12, 30, 256 }, // U+1EA7
    { 12, 15, 164, -1, 15, 45, 286 }, // U+1EA8
    { 9, 14, 135, 0, 13, 32, 331 }, // U+1EA9
    { 11, 16, 164, -1, 16, 44, 363 }, // U+1EAA
    { 9, 14, 135, 0, 13, 32, 407 }, // U+1EAB
    { 11, 17, 164, -1, 14, 47, 439 }, // U+1EAC
    { 9, 15, 135, 0, 12, 34, 486 }, // U+1EAD
    { 11, 15, 164, -1, 15, 42, 520 }, // U+1EAE
    { 9, 14, 135, 0, 13, 32, 562 }, // U+1EAF
    { 11, 15, 164, -1, 15, 42, 594 }, // U+1EB0
    { 9, 14, 135, 0, 13, 32, 636 }, // U+1EB1
    { 11, 16, 164, -1, 16, 44, 668 }, // U+1EB2
    { 9, 14, 135, 0, 13, 32, 712 }, // U+1EB3
    { 11, 16, 164, -1, 16, 44, 744 }, // U+1EB4
    { 9, 14, 135, 0, 13, 32, 788 }, // U+1EB5
    { 11, 16, 164, -1, 13, 44, 820 }, // U+1EB6
    { 9, 14, 135, 0, 11, 32, 864 }, // U+1EB7
    { 11, 14, 145, -1, 11, 39, 896 }, // U+1EB8
    { 7, 11, 115, 0, 8, 20, 935 }, // U+1EB9
    { 11, 15, 145, -1, 15, 42, 955 }, // U+1EBA
    { 7, 13, 115, 0, 12, 23, 997 }, // U+1EBB
    { 11, 13, 145, -1, 13, 36, 1020 }, // U+1EBC
    { 8, 12, 115, 0, 11, 24, 1056 }, // U+1EBD
    { 12, 15, 145, -1, 15, 45, 1080 }, // U+1EBE
    { 10, 13, 115, 0, 12, 33, 1125 }, // U+1EBF
    { 11, 15, 145, -1, 15, 42, 1158 }, // U+1EC0
    { 8, 13, 115, 0, 12, 26, 1200 }, // U+1EC1
    { 11, 15, 145, -1, 15, 42, 1226 }, // U+1EC2
    { 9, 14, 115, 0, 13, 32, 1268 }, // U+1EC3
    { 11, 16, 145, -1, 16, 44, 1300 }, // U+1EC4
    { 8, 14, 115, 0, 13, 28, 1344 }, // U+1EC5
    { 11, 17, 145, -1, 14, 47, 1372 }, // U+1EC6
    { 8, 15, 115, 0, 12, 30, 1419 }, // U+1EC7
    { 8, 15, 86, -1, 15, 30, 1449 }, // U+1EC8
    { 6, 13, 71, 0, 12, 20, 1479 }, // U+1EC9
    { 8, 14, 86, -1, 11, 28, 1499 }, // U+1ECA
    { 5, 15, 71, 0, 12, 19, 1527 }, // U+1ECB
    { 11, 14, 173, 0, 11, 39, 1546 }, // U+1ECC
    { 8, 11, 134, 0, 8, 22, 1585 }, // U+1ECD
    { 11, 16, 173, 0, 15, 44, 1607 }, // U+1ECE
    { 8, 13, 134, 0, 12, 26, 1651 }, // U+1ECF
    { 12, 16, 173, 0, 15, 48, 1677 }, // U+1ED0
    { 10, 13, 134, 0, 12, 33, 1725 }, // U+1ED1
    { 11, 16, 173, 0, 15, 44, 1758 }, // U+1ED2
    { 8, 13, 134, 0, 12, 26, 1802 }, // U+1ED3
    { 11, 16, 173, 0, 15, 44, 1828 }, // U+1ED4
    { 9, 14, 134, 0, 13, 32, 1872 }, // U+1ED5
    { 11, 17, 173, 0, 16, 47, 1904 }, // U+1ED6
    { 9, 14, 134, 0, 13, 32, 1951 }, // U+1ED7
    { 11, 17, 173, 0, 14, 47, 1983 }, // U+1ED8
    { 8, 15, 134, 0, 12, 30, 2030 }, // U+1ED9
    { 13, 15, 181, 0, 14, 49, 2060 }, // U+1EDA
    { 10, 13, 142, 0, 12, 33, 2109 }, // U+1EDB
    { 13, 15, 181, 0, 14, 49, 2142 }, // U+1EDC
    { 10, 13, 142, 0, 12, 33, 2191 }, // U+1EDD
    { 13, 16, 181, 0, 15, 52, 2224 }, // U+1EDE
    { 10, 13, 142, 0, 12, 33, 2276 }, // U+1EDF
    { 13, 14, 181, 0, 13, 46, 2309 }, // U+1EE0
    { 10, 12, 142, 0, 11, 30, 2355 }, // U+1EE1
    { 13, 15, 181, 0, 12, 49, 2385 }, // U+1EE2
    { 10, 13, 142, 0, 10, 33, 2434 }, // U+1EE3
    { 11, 14, 170, 1, 11, 39, 2467 }, // U+1EE4
    { 9, 11, 140, 0, 8, 25, 2506 }, // U+1EE5
    { 11, 16, 170, 1, 15, 44, 2531 }, // U+1EE6
    { 9, 13, 140, 0, 12, 30, 2575 }, // U+1EE7
    { 12, 15, 181, 1, 14, 45, 2605 }, // U+1EE8
    { 11, 13, 152, 0, 12, 36, 2650 }, // U+1EE9
    { 12, 15, 181, 1, 14, 45, 2686 }, // U+1EEA
    { 11, 13, 152, 0, 12, 36, 2731 }, // U+1EEB
    { 12, 16, 181, 1, 15, 48, 2767 }, // U+1EEC
    { 11, 13, 152, 0, 12, 36, 2815 }, // U+1EED
    { 12, 14, 181, 1, 13, 42, 2851 }, // U+1EEE
    { 11, 12, 152, 0, 11, 33, 2893 }, // U+1EEF
    { 12, 15, 181, 1, 12, 45, 2926 }, // U+1EF0
    { 11, 13, 152, 0, 10, 36, 2971 }, // U+1EF1
    { 10, 14, 146, 1, 14, 35, 3007 }, // U+1EF2
    { 11, 16, 123, -3, 12, 44, 3042 }, // U+1EF3
    { 10, 14, 146, 1, 11, 35, 3086 }, // U+1EF4
    { 11, 12, 123, -3, 8, 33, 3121 }, // U+1EF5
    { 10, 15, 146, 1, 15, 38, 3154 }, // U+1EF6
    { 11, 16, 123, -3, 12, 44, 3192 }, // U+1EF7
    { 10, 13, 146, 1, 13, 33, 3236 }, // U+1EF8
    { 11, 15, 123, -3, 11, 42, 3269 }, // U+1EF9
    { 0, 0, 117, 0, 0, 0, 0 }, // U+2000
    { 0, 0, 233, 0, 0, 0, 0 }, // U+2001
    { 0, 0, 117, 0, 0, 0, 0 }, // U+2002
    { 0, 0, 233, 0, 0, 0, 0 }, // U+2003
    { 0, 0, 78, 0, 0, 0, 0 }, // U+2004
    { 0, 0, 58, 0, 0, 0, 0 }, // U+2005
    { 0, 0, 39, 0, 0, 0, 0 }, // U+2006
    { 0, 0, 130, 0, 0, 0, 0 }, // U+2007
    { 0, 0, 58, 0, 0, 0, 0 }, // U+2008
    { 0, 0, 39, 0, 0, 0, 0 }, // U+2009
    { 0, 0, 23, 0, 0, 0, 0 }, // U+200A
    { 0, 0, 0, 0, 0, 0, 0 }, // U+200B
    { 2, 12, 0, -1, 10, 6, 0 }, // U+200C
    { 4, 13, 0, -2, 11, 13, 6 }, // U+200D
    { 5, 13, 0, -1, 11, 17, 19 }, // U+200E
    { 5, 13, 0, -4, 11, 17, 36 }, // U+200F
    { 5, 2, 72, 0, 5, 3, 53 }, // U+2010
    { 5, 2, 72, 0, 5, 3, 56 }, // U+2011
    { 8, 2, 130, 0, 6, 4, 59 }, // U+2012
    { 9, 2, 117, -1, 5, 5, 63 }, // U+2013
    { 16, 2, 233, -1, 5, 8, 68 }, // U+2014
    { 16, 2, 233, -1, 5, 8, 76 }, // U+2015
    { 5, 16, 130, 2, 12, 20, 84 }, // U+2016
    { 8, 3, 96, -2, 0, 6, 104 }, // U+2017
    { 4, 5, 58, 1, 11, 5, 110 }, // U+2018
    { 3, 5, 58, 1, 11, 4, 115 }, // U+2019
    { 4, 5, 58, -1, 2, 5, 119 }, // U+201A
    { 4, 5, 58, 1, 11, 5, 124 }, // U+201B
    { 7, 5, 105, 1, 11, 9, 129 }, // U+201C
    { 6, 5, 105, 1, 11, 8, 138 }, // U+201D
    { 7, 5, 105, -1, 2, 9, 146 }, // U+201E
    { 6, 5, 105, 1, 11, 8, 155 }, // U+201F
    { 6, 14, 104, 1, 12, 21, 163 }, // U+2020
    { 9, 14, 104, -1, 12, 32, 184 }, // U+2021
    { 5, 5, 84, 0, 8, 7, 216 }, // U+2022
    { 5, 6, 117, 2, 8, 8, 223 }, // U+2023
    { 3, 3, 67, 1, 7, 3, 231 }, // U+2024
    { 7, 3, 125, 1, 7, 6, 234 }, // U+2025
    { 11, 3, 200, 0, 2, 9, 240 }, // U+2026
    { 3, 3, 58, 0, 5, 3, 249 }, // U+2027
    { 0, 0, 140, 0, 0, 0, 252 }, // U+2028
    { 0, 0, 140, 0, 0, 0, 252 }, // U+2029
    { 5, 11, 0, -1, 9, 14, 252 }, // U+202A
    { 5, 11, 0, -4, 9, 14, 266 }, // U+202B
    { 4, 13, 0, -2, 11, 13, 280 }, // U+202C
    { 4, 13, 0, -2, 11, 13, 293 }, // U+202D
    { 4, 13, 0, -2, 11, 13, 306 }, // U+202E
    { 0, 0, 39, 0, 0, 0, 319 }, // U+202F
    { 19, 12, 299, 0, 11, 57, 319 }, // U+2030
    { 24, 12, 390, 0, 11, 72, 376 }, // U+2031
    { 3, 5, 51, 1, 11, 4, 448 }, // U+2032
    { 6, 5, 95, 1, 11, 8, 452 }, // U+2033
    { 9, 5, 139, 1, 11, 12, 460 }, // U+2034
    { 3, 5, 51, 1, 11, 4, 472 }, // U+2035
    { 6, 5, 95, 1, 11, 8, 476 }, // U+2036
    { 9, 5, 139, 1, 11, 12, 484 }, // U+2037
    { 6, 5, 93, -1, 1, 8, 496 }, // U+2038
    { 5, 6, 78, 0, 7, 8, 504 }, // U+2039
    { 4, 6, 78, 0, 7, 6, 512 }, // U+203A
    { 12, 11, 191, 0, 11, 33, 518 }, // U+203B
    { 8, 12, 131, 0, 11, 24, 551 }, // U+203C
    { 7, 12, 117, 1, 11, 21, 575 }, // U+203D
    { 8, 1, 107, 1, 12, 2, 596 }, // U+203E
    { 12, 3, 0, -11, 0, 9, 598 }, // U+203F
    { 12, 4, 0, -9, 13, 12, 607 }, // U+2040
    { 7, 11, 105, -1, 11, 20, 619 }, // U+2041
    { 14, 13, 233, 0, 12, 46, 639 }, // U+2042
    { 5, 3, 84, 0, 7, 4, 685 }, // U+2043
    { 9, 11, 14, -4, 11, 25, 689 }, // U+2044
    { 7, 14, 84, 0, 12, 25, 714 }, // U+2045
    { 7, 14, 84, -1, 12, 25, 739 }, // U+2046
    { 14, 12, 228, 1, 11, 42, 764 }, // U+2047
    { 11, 12, 184, 1, 11, 33, 806 }, // U+2048
    { 12, 12, 182, 0, 11, 36, 839 }, // U+2049
    { 8, 12, 130, 0, 9, 24, 875 }, // U+204A
    { 9, 14, 144, 1, 12, 32, 899 }, // U+204B
    { 9, 6, 139, 0, 8, 14, 931 }, // U+204C
    { 9, 6, 139, 0, 8, 14, 945 }, // U+204D
    { 7, 7, 117, 0, 9, 13, 959 }, // U+204E
    { 4, 11, 67, 0, 8, 11, 972 }, // U+204F
    { 10, 12, 170, 1, 11, 30, 983 }, // U+2050
    { 8, 13, 117, 0, 12, 26, 1013 }, // U+2051
    { 5, 12, 77, 0, 11, 15, 1039 }, // U+2052
    { 8, 4, 130, 0, 7, 8, 1054 }, // U+2053
    { 12, 4, 0, -3, 0, 12, 1062 }, // U+2054
    { 7, 8, 126, 1, 9, 14, 1074 }, // U+2055
    { 8, 9, 143, 0, 8, 18, 1088 }, // U+2056
    { 12, 5, 183, 1, 11, 15, 1106 }, // U+2057
    { 9, 9, 165, 0, 8, 21, 1121 }, // U+2058
    { 9, 9, 165, 0, 8, 21, 1142 }, // U+2059
    { 3, 12, 67, 1, 11, 9, 1163 }, // U+205A
    { 9, 12, 165, 1, 11, 27, 1172 }, // U+205B
    { 9, 8, 163, 0, 8, 18, 1199 }, // U+205C
    { 3, 12, 67, 1, 11, 9, 1217 }, // U+205D
    { 3, 12, 67, 1, 11, 9, 1226 }, // U+205E
    { 0, 0, 52, 0, 0, 0, 1235 }, // U+205F
    { 0, 0, 140, 0, 0, 0, 1235 }, // U+2060
    { 0, 0, 140, 0, 0, 0, 1235 }, // U+2061
    { 0, 0, 140, 0, 0, 0, 1235 }, // U+2062
    { 0, 0, 140, 0, 0, 0, 1235 }, // U+2063
    { 0, 0, 140, 0, 0, 0, 1235 }, // U+2064
    { 0, 0, 140, 0, 0, 0, 1235 }, // U+2066
    { 0, 0, 140, 0, 0, 0, 1235 }, // U+2067
    { 0, 0, 140, 0, 0, 0, 1235 }, // U+2068
    { 0, 0, 140, 0, 0, 0, 1235 }, // U+2069
    { 4, 13, 0, -2, 11, 13, 1235 }, // U+206A
    { 4, 13, 0, -2, 11, 13, 1248 }, // U+206B
    { 4, 13, 0, -2, 11, 13, 1261 }, // U+206C
    { 4, 13, 0, -2, 11, 13, 1274 }, // U+206D
    { 4, 13, 0, -2, 11, 13, 1287 }, // U+206E
    { 4, 13, 0, -2, 11, 13, 1300 }, // U+206F
    { 6, 7, 93, 1, 12, 11, 0 }, // U+2070
    { 3, 7, 46, 1, 11, 6, 11 }, // U+2071
    { 7, 7, 93, 0, 12, 13, 17 }, // U+2074
    { 6, 7, 93, 1, 12, 11, 30 }, // U+2075
    { 6, 7, 93, 1, 12, 11, 41 }, // U+2076
    { 6, 7, 93, 1, 12, 11, 52 }, // U+2077
    { 6, 8, 93, 1, 13, 12, 63 }, // U+2078
    { 6, 7, 93, 1, 12, 11, 75 }, // U+2079
    { 5, 5, 92, 1, 11, 7, 86 }, // U+207A
    { 5, 1, 92, 1, 9, 2, 93 }, // U+207B
    { 5, 3, 91, 1, 10, 4, 95 }, // U+207C
    { 5, 9, 58, 1, 13, 12, 99 }, // U+207D
    { 5, 9, 58, -1, 13, 12, 111 }, // U+207E
    { 6, 5, 91, 1, 9, 8, 123 }, // U+207F
    { 7, 7, 93, -1, 5, 13, 131 }, // U+2080
    { 5, 7, 93, -1, 5, 9, 144 }, // U+2081
    { 6, 8, 93, -1, 6, 12, 153 }, // U+2082
    { 6, 8, 93, -1, 6, 12, 165 }, // U+2083
    { 6, 7, 93, -1, 5, 11, 177 }, // U+2084
    { 6, 7, 93, -1, 5, 11, 188 }, // U+2085
    { 5, 7, 93, 0, 5, 9, 199 }, // U+2086
    { 6, 7, 93, 0, 5, 11, 208 }, // U+2087
    { 6, 8, 93, -1, 6, 12, 219 }, // U+2088
    { 5, 7, 93, 0, 5, 9, 231 }, // U+2089
    { 6, 5, 92, -1, 4, 8, 240 }, // U+208A
    { 6, 1, 92, -1, 2, 2, 248 }, // U+208B
    { 6, 3, 92, -1, 3, 5, 250 }, // U+208C
    { 5, 9, 58, 0, 6, 12, 255 }, // U+208D
    { 5, 9, 58, -2, 6, 12, 267 }, // U+208E
    { 6, 6, 88, -1, 4, 9, 279 }, // U+2090
    { 5, 6, 75, -1, 4, 8, 288 }, // U+2091
    { 6, 6, 87, -1, 4, 9, 296 }, // U+2092
    { 6, 6, 83, -1, 4, 9, 305 }, // U+2093
    { 5, 6, 75, -1, 4, 8, 314 }, // U+2094
    { 6, 8, 91, -1, 6, 12, 322 }, // U+2095
    { 6, 8, 86, -1, 6, 12, 334 }, // U+2096
    { 4, 8, 46, -1, 6, 8, 346 }, // U+2097
    { 9, 6, 136, -1, 4, 14, 354 }, // U+2098
    { 6, 6, 91, -1, 4, 9, 368 }, // U+2099
    { 6, 8, 87, -1, 4, 12, 377 }, // U+209A
    { 5, 6, 70, -1, 4, 8, 389 }, // U+209B
    { 4, 7, 56, -1, 5, 7, 397 }, // U+209C
    { 10, 11, 149, 0, 11, 28, 0 }, // U+20A0
    { 9, 14, 130, 0, 12, 32, 28 }, // U+20A1
    { 10, 12, 141, 0, 11, 30, 60 }, // U+20A2
    { 10, 11, 130, -1, 11, 28, 90 }, // U+20A3
    { 10, 12, 130, -1, 11, 30, 118 }, // U+20A4
    { 13, 12, 209, 0, 10, 39, 148 }, // U+20A5
    { 12, 11, 161, -1, 11, 33, 187 }, // U+20A6
    { 13, 12, 191, -1, 11, 39, 220 }, // U+20A7
    { 16, 12, 238, -1, 11, 48, 259 }, // U+20A8
    { 17, 11, 244, 0, 11, 47, 307 }, // U+20A9
    { 11, 9, 208, 1, 9, 25, 354 }, // U+20AA
    { 10, 15, 135, 0, 12, 38, 379 }, // U+20AB
    { 9, 12, 130, 0, 11, 27, 417 }, // U+20AC
    { 12, 11, 152, -1, 11, 33, 444 }, // U+20AD
    { 10, 11, 130, 0, 11, 28, 477 }, // U+20AE
    { 15, 15, 233, -1, 12, 57, 505 }, // U+20AF
    { 8, 15, 130, -1, 11, 30, 562 }, // U+20B0
    { 11, 11, 145, -1, 11, 31, 592 }, // U+20B1
    { 11, 14, 167, 0, 12, 39, 623 }, // U+20B2
    { 12, 11, 164, -1, 11, 33, 662 }, // U+20B3
    { 10, 12, 128, -1, 11, 30, 695 }, // U+20B4
    { 10, 14, 146, 0, 12, 35, 725 }, // U+20B5
    { 9, 12, 128, 0, 11, 27, 760 }, // U+20B6
    { 9, 13, 130, 0, 11, 30, 787 }, // U+20B7
    { 9, 11, 130, 0, 11, 25, 817 }, // U+20B8
    { 9, 11, 130, 0, 11, 25, 842 }, // U+20B9
    { 9, 11, 130, -1, 11, 25, 867 }, // U+20BA
    { 9, 12, 152, 1, 11, 27, 892 }, // U+20BB
    { 11, 10, 183, 0, 10, 28, 919 }, // U+20BC
    { 10, 11, 138, -1, 11, 28, 947 }, // U+20BD
    { 9, 12, 130, 0, 12, 27, 975 }, // U+20BE
    { 9, 14, 130, -1, 12, 32, 1002 }, // U+20BF
    { 5, 2, 72, 0, 5, 3, 0 }, // U+2212
    { 15, 16, 144, -3, 12, 60, 0 }, // U+FB00
    { 12, 16, 139, -3, 12, 48, 60 }, // U+FB01
    { 12, 16, 138, -3, 12, 48, 108 }, // U+FB02
    { 16, 16, 208, -3, 12, 64, 156 }, // U+FB03
    { 16, 16, 208, -3, 12, 64, 220 }, // U+FB04
    { 13, 16, 153, -3, 12, 52, 284 }, // U+FB05
    { 13, 13, 194, 0, 12, 43, 336 }, // U+FB06
    { 14, 15, 233, 0, 12, 53, 0 }, // U+FFFD
};

static const EpdUnicodeInterval notoserif_7_italicIntervals[] = {
    { 0x0, 0x0, 0x0 },
    { 0xD, 0xD, 0x1 },
    { 0x20, 0x7E, 0x2 },
    { 0xA0, 0x17F, 0x61 },
    { 0x1A0, 0x1A1, 0x141 },
    { 0x1AF, 0x1B0, 0x143 },
    { 0x1C4, 0x21F, 0x145 },
    { 0x300, 0x36F, 0x1A1 },
    { 0x400, 0x4FF, 0x211 },
    { 0x1EA0, 0x1EF9, 0x311 },
    { 0x2000, 0x2064, 0x36B },
    { 0x2066, 0x2071, 0x3D0 },
    { 0x2074, 0x208E, 0x3DC },
    { 0x2090, 0x209C, 0x3F7 },
    { 0x20A0, 0x20BF, 0x404 },
    { 0x2212, 0x2212, 0x424 },
    { 0xFB00, 0xFB06, 0x425 },
    { 0xFFFD, 0xFFFD, 0x42C },
};

static const EpdFontGroup notoserif_7_italicGroups[] = {
    { 0, 1677, 2561, 97, 0 },
    { 1677, 1403, 2894, 96, 97 },
    { 3080, 1830, 4830, 128, 193 },
    { 4910, 1817, 4194, 96, 321 },
    { 6727, 554, 733, 112, 417 },
    { 7281, 4654, 9339, 256, 529 },
    { 11935, 970, 3734, 90, 785 },
    { 12905, 980, 1528, 111, 875 },
    { 13885, 417, 536, 42, 986 },
    { 14302, 929, 1213, 32, 1028 },
    { 15231, 6, 4, 1, 1060 },
    { 15237, 218, 404, 7, 1061 },
    { 15455, 56, 60, 1, 1068 },
};

static const EpdKernClassEntry notoserif_7_italicKernLeftClasses[] = {
    { 0x0022, 1 }, // "
    { 0x0026, 2 }, // &
    { 0x0027, 1 }, // '
    { 0x0028, 3 }, // (
    { 0x002A, 4 }, // *
    { 0x002C, 5 }, // ,
    { 0x002D, 6 }, // -
    { 0x002E, 5 }, // .
    { 0x0041, 7 }, // A
    { 0x0042, 8 }, // B
    { 0x0043, 9 }, // C
    { 0x0044, 10 }, // D
    { 0x0045, 11 }, // E
    { 0x0046, 12 }, // F
    { 0x0047, 13 }, // G
    { 0x004A, 14 }, // J
    { 0x004B, 15 }, // K
    { 0x004C, 16 }, // L
    { 0x004E, 17 }, // N
    { 0x004F, 10 }, // O
    { 0x0050, 18 }, // P
    { 0x0051, 10 }, // Q
    { 0x0052, 19 }, // R
    { 0x0053, 20 }, // S
    { 0x0054, 21 }, // T
    { 0x0055, 22 }, // U
    { 0x0056, 23 }, // V
    { 0x0057, 24 }, // W
    { 0x0058, 25 }, // X
    { 0x0059, 26 }, // Y
    { 0x005B, 3 }, // [
    { 0x005F, 27 }, // _
    { 0x0061, 28 }, // a
    { 0x0062, 29 }, // b
    { 0x0063, 30 }, // c
    { 0x0065, 30 }, // e
    { 0x0066, 31 }, // f
    { 0x0068, 28 }, // h
    { 0x006B, 32 }, // k
    { 0x006D, 28 }, // m
    { 0x006E, 28 }, // n
    { 0x006F, 29 }, // o
    { 0x0070, 29 }, // p
    { 0x0071, 33 }, // q
    { 0x0072, 34 }, // r
    { 0x0073, 35 }, // s
    { 0x0076, 36 }, // v
    { 0x0077, 37 }, // w
    { 0x0079, 38 }, // y
    { 0x007A, 39 }, // z
    { 0x007B, 3 }, // {
    { 0x00A1, 40 }, // U+00A1
    { 0x00AB, 41 }, // U+00AB
    { 0x00BF, 42 }, // U+00BF
    { 0x00C0, 43 }, // U+00C0
    { 0x00C1, 43 }, // U+00C1
    { 0x00C2, 43 }, // U+00C2
    { 0x00C3, 43 }, // U+00C3
    { 0x00C4, 43 }, // U+00C4
    { 0x00C5, 43 }, // U+00C5
    { 0x00C6, 11 }, // U+00C6
    { 0x00C7, 9 }, // U+00C7
    { 0x00C8, 11 }, // U+00C8
    { 0x00C9, 11 }, // U+00C9
    { 0x00CA, 11 }, // U+00CA
    { 0x00CB, 11 }, // U+00CB
    { 0x00D0, 10 }, // U+00D0
    { 0x00D1, 17 }, // U+00D1
    { 0x00D2, 10 }, // U+00D2
    { 0x00D3, 10 }, // U+00D3
    { 0x00D4, 10 }, // U+00D4
    { 0x00D5, 10 }, // U+00D5
    { 0x00D6, 10 }, // U+00D6
    { 0x00D8, 10 }, // U+00D8
    { 0x00D9, 22 }, // U+00D9
    { 0x00DA, 22 }, // U+00DA
    { 0x00DB, 22 }, // U+00DB
    { 0x00DC, 22 }, // U+00DC
    { 0x00DD, 26 }, // U+00DD
    { 0x00DE, 10 }, // U+00DE
    { 0x00DF, 35 }, // U+00DF
    { 0x00E0, 28 }, // U+00E0
    { 0x00E1, 28 }, // U+00E1
    { 0x00E2, 28 }, // U+00E2
    { 0x00E3, 28 }, // U+00E3
    { 0x00E4, 28 }, // U+00E4
    { 0x00E5, 28 }, // U+00E5
    { 0x00E6, 30 }, // U+00E6
    { 0x00E7, 30 }, // U+00E7
    { 0x00E8, 30 }, // U+00E8
    { 0x00E9, 30 }, // U+00E9
    { 0x00EA, 30 }, // U+00EA
    { 0x00EB, 30 }, // U+00EB
    { 0x00F0, 29 }, // U+00F0
    { 0x00F1, 28 }, // U+00F1
    { 0x00F2, 29 }, // U+00F2
    { 0x00F3, 29 }, // U+00F3
    { 0x00F4, 29 }, // U+00F4
    { 0x00F5, 29 }, // U+00F5
    { 0x00F6, 29 }, // U+00F6
    { 0x00F8, 29 }, // U+00F8
    { 0x00F9, 28 }, // U+00F9
    { 0x00FA, 28 }, // U+00FA
    { 0x00FB, 28 }, // U+00FB
    { 0x00FC, 28 }, // U+00FC
    { 0x00FD, 38 }, // U+00FD
    { 0x00FE, 29 }, // U+00FE
    { 0x00FF, 38 }, // U+00FF
    { 0x0100, 7 }, // U+0100
    { 0x0101, 28 }, // U+0101
    { 0x0102, 43 }, // U+0102
    { 0x0103, 28 }, // U+0103
    { 0x0104, 43 }, // U+0104
    { 0x0105, 28 }, // U+0105
    { 0x0106, 9 }, // U+0106
    { 0x0107, 30 }, // U+0107
    { 0x0108, 9 }, // U+0108
    { 0x0109, 30 }, // U+0109
    { 0x010A, 9 }, // U+010A
    { 0x010B, 30 }, // U+010B
    { 0x010C, 9 }, // U+010C
    { 0x010D, 30 }, // U+010D
    { 0x010E, 10 }, // U+010E
    { 0x010F, 44 }, // U+010F
    { 0x0110, 10 }, // U+0110
    { 0x0112, 11 }, // U+0112
    { 0x0113, 30 }, // U+0113
    { 0x0114, 11 }, // U+0114
    { 0x0115, 30 }, // U+0115
    { 0x0116, 11 }, // U+0116
    { 0x0117, 30 }, // U+0117
    { 0x0118, 11 }, // U+0118
    { 0x0119, 30 }, // U+0119
    { 0x011A, 11 }, // U+011A
    { 0x011B, 30 }, // U+011B
    { 0x011C, 13 }, // U+011C
    { 0x011E, 13 }, // U+011E
    { 0x0120, 13 }, // U+0120
    { 0x0122, 13 }, // U+0122
    { 0x0125, 28 }, // U+0125
    { 0x0127, 28 }, // U+0127
    { 0x0132, 14 }, // U+0132
    { 0x0134, 14 }, // U+0134
    { 0x0136, 15 }, // U+0136
    { 0x0137, 32 }, // U+0137
    { 0x0138, 32 }, // U+0138
    { 0x0139, 16 }, // U+0139
    { 0x013B, 16 }, // U+013B
    { 0x013D, 45 }, // U+013D
    { 0x013E, 44 }, // U+013E
    { 0x0141, 16 }, // U+0141
    { 0x0143, 17 }, // U+0143
    { 0x0144, 28 }, // U+0144
    { 0x0145, 17 }, // U+0145
    { 0x0146, 28 }, // U+0146
    { 0x0147, 17 }, // U+0147
    { 0x0148, 28 }, // U+0148
    { 0x0149, 28 }, // U+0149
    { 0x014A, 14 }, // U+014A
    { 0x014B, 28 }, // U+014B
    { 0x014C, 10 }, // U+014C
    { 0x014D, 29 }, // U+014D
    { 0x014E, 10 }, // U+014E
    { 0x014F, 29 }, // U+014F
    { 0x0150, 10 }, // U+0150
    { 0x0151, 29 }, // U+0151
    { 0x0152, 11 }, // U+0152
    { 0x0153, 30 }, // U+0153
    { 0x0154, 19 }, // U+0154
    { 0x0155, 34 }, // U+0155
    { 0x0156, 19 }, // U+0156
    { 0x0157, 34 }, // U+0157
    { 0x0158, 19 }, // U+0158
    { 0x0159, 34 }, // U+0159
    { 0x015A, 20 }, // U+015A
    { 0x015B, 35 }, // U+015B
    { 0x015C, 20 }, // U+015C
    { 0x015D, 35 }, // U+015D
    { 0x015E, 20 }, // U+015E
    { 0x015F, 35 }, // U+015F
    { 0x0160, 20 }, // U+0160
    { 0x0161, 35 }, // U+0161
    { 0x0162, 21 }, // U+0162
    { 0x0164, 21 }, // U+0164
    { 0x0166, 21 }, // U+0166
    { 0x0168, 22 }, // U+0168
    { 0x0169, 28 }, // U+0169
    { 0x016A, 22 }, // U+016A
    { 0x016B, 28 }, // U+016B
    { 0x016C, 22 }, // U+016C
    { 0x016D, 28 }, // U+016D
    { 0x016E, 22 }, // U+016E
    { 0x016F, 28 }, // U+016F
    { 0x0170, 22 }, // U+0170
    { 0x0171, 28 }, // U+0171
    { 0x0172, 22 }, // U+0172
    { 0x0173, 28 }, // U+0173
    { 0x0174, 24 }, // U+0174
    { 0x0175, 37 }, // U+0175
    { 0x0176, 26 }, // U+0176
    { 0x0177, 38 }, // U+0177
    { 0x0178, 26 }, // U+0178
    { 0x017A, 39 }, // U+017A
    { 0x017C, 39 }, // U+017C
    { 0x017E, 39 }, // U+017E
    { 0x01A0, 46 }, // U+01A0
    { 0x01A1, 47 }, // U+01A1
    { 0x01AF, 48 }, // U+01AF
    { 0x01B0, 49 }, // U+01B0
    { 0x01FA, 7 }, // U+01FA
    { 0x01FB, 28 }, // U+01FB
    { 0x01FC, 11 }, // U+01FC
    { 0x01FD, 30 }, // U+01FD
    { 0x01FE, 10 }, // U+01FE
    { 0x01FF, 29 }, // U+01FF
    { 0x0218, 20 }, // U+0218
    { 0x0219, 35 }, // U+0219
    { 0x021A, 21 }, // U+021A
    { 0x0400, 50 }, // U+0400
    { 0x0401, 50 }, // U+0401
    { 0x0402, 51 }, // U+0402
    { 0x0403, 52 }, // U+0403
    { 0x0404, 53 }, // U+0404
    { 0x0405, 54 }, // U+0405
    { 0x0406, 55 }, // U+0406
    { 0x0407, 55 }, // U+0407
    { 0x0408, 56 }, // U+0408
    { 0x0409, 57 }, // U+0409
    { 0x040A, 57 }, // U+040A
    { 0x040B, 58 }, // U+040B
    { 0x040C, 59 }, // U+040C
    { 0x040D, 55 }, // U+040D
    { 0x040E, 60 }, // U+040E
    { 0x040F, 55 }, // U+040F
    { 0x0410, 61 }, // U+0410
    { 0x0411, 62 }, // U+0411
    { 0x0412, 63 }, // U+0412
    { 0x0413, 52 }, // U+0413
    { 0x0414, 64 }, // U+0414
    { 0x0415, 50 }, // U+0415
    { 0x0416, 59 }, // U+0416
    { 0x0417, 63 }, // U+0417
    { 0x0418, 55 }, // U+0418
    { 0x0419, 55 }, // U+0419
    { 0x041A, 59 }, // U+041A
    { 0x041B, 55 }, // U+041B
    { 0x041C, 55 }, // U+041C
    { 0x041D, 55 }, // U+041D
    { 0x041E, 65 }, // U+041E
    { 0x041F, 55 }, // U+041F
    { 0x0420, 66 }, // U+0420
    { 0x0421, 53 }, // U+0421
    { 0x0422, 52 }, // U+0422
    { 0x0423, 60 }, // U+0423
    { 0x0424, 67 }, // U+0424
    { 0x0425, 68 }, // U+0425
    { 0x0426, 64 }, // U+0426
    { 0x0427, 55 }, // U+0427
    { 0x0428, 55 }, // U+0428
    { 0x0429, 64 }, // U+0429
    { 0x042A, 57 }, // U+042A
    { 0x042B, 55 }, // U+042B
    { 0x042C, 57 }, // U+042C
    { 0x042D, 65 }, // U+042D
    { 0x042E, 65 }, // U+042E
    { 0x042F, 55 }, // U+042F
    { 0x0430, 69 }, // U+0430
    { 0x0431, 70 }, // U+0431
    { 0x0432, 71 }, // U+0432
    { 0x0433, 72 }, // U+0433
    { 0x0434, 73 }, // U+0434
    { 0x0435, 74 }, // U+0435
    { 0x0436, 75 }, // U+0436
    { 0x0437, 71 }, // U+0437
    { 0x0438, 69 }, // U+0438
    { 0x0439, 69 }, // U+0439
    { 0x043A, 76 }, // U+043A
    { 0x043B, 69 }, // U+043B
    { 0x043C, 69 }, // U+043C
    { 0x043D, 69 }, // U+043D
    { 0x043E, 77 }, // U+043E
    { 0x043F, 78 }, // U+043F
    { 0x0440, 77 }, // U+0440
    { 0x0441, 79 }, // U+0441
    { 0x0442, 78 }, // U+0442
    { 0x0443, 80 }, // U+0443
    { 0x0444, 77 }, // U+0444
    { 0x0445, 76 }, // U+0445
    { 0x0446, 81 }, // U+0446
    { 0x0447, 69 }, // U+0447
    { 0x0448, 69 }, // U+0448
    { 0x0449, 81 }, // U+0449
    { 0x044A, 82 }, // U+044A
    { 0x044B, 69 }, // U+044B
    { 0x044C, 82 }, // U+044C
    { 0x044D, 77 }, // U+044D
    { 0x044E, 77 }, // U+044E
    { 0x044F, 69 }, // U+044F
    { 0x0450, 74 }, // U+0450
    { 0x0451, 74 }, // U+0451
    { 0x0452, 83 }, // U+0452
    { 0x0453, 72 }, // U+0453
    { 0x0454, 79 }, // U+0454
    { 0x0455, 84 }, // U+0455
    { 0x0456, 69 }, // U+0456
    { 0x0457, 85 }, // U+0457
    { 0x0458, 86 }, // U+0458
    { 0x0459, 82 }, // U+0459
    { 0x045A, 82 }, // U+045A
    { 0x045B, 78 }, // U+045B
    { 0x045C, 76 }, // U+045C
    { 0x045D, 69 }, // U+045D
    { 0x045E, 80 }, // U+045E
    { 0x045F, 69 }, // U+045F
    { 0x0460, 65 }, // U+0460
    { 0x0461, 87 }, // U+0461
    { 0x0462, 57 }, // U+0462
    { 0x0464, 53 }, // U+0464
    { 0x0465, 72 }, // U+0465
    { 0x0466, 61 }, // U+0466
    { 0x0468, 61 }, // U+0468
    { 0x046A, 88 }, // U+046A
    { 0x046C, 88 }, // U+046C
    { 0x046E, 63 }, // U+046E
    { 0x046F, 72 }, // U+046F
    { 0x0470, 89 }, // U+0470
    { 0x0471, 90 }, // U+0471
    { 0x0472, 65 }, // U+0472
    { 0x0473, 71 }, // U+0473
    { 0x0474, 60 }, // U+0474
    { 0x0475, 90 }, // U+0475
    { 0x0476, 60 }, // U+0476
    { 0x0477, 90 }, // U+0477
    { 0x0478, 91 }, // U+0478
    { 0x0479, 80 }, // U+0479
    { 0x047A, 65 }, // U+047A
    { 0x047B, 71 }, // U+047B
    { 0x047C, 65 }, // U+047C
    { 0x047D, 71 }, // U+047D
    { 0x047E, 65 }, // U+047E
    { 0x047F, 87 }, // U+047F
    { 0x0480, 53 }, // U+0480
    { 0x0481, 72 }, // U+0481
    { 0x048A, 64 }, // U+048A
    { 0x048B, 81 }, // U+048B
    { 0x048C, 57 }, // U+048C
    { 0x048E, 66 }, // U+048E
    { 0x048F, 71 }, // U+048F
    { 0x0490, 92 }, // U+0490
    { 0x0491, 93 }, // U+0491
    { 0x0492, 92 }, // U+0492
    { 0x0493, 93 }, // U+0493
    { 0x0494, 58 }, // U+0494
    { 0x0496, 59 }, // U+0496
    { 0x0497, 79 }, // U+0497
    { 0x0498, 63 }, // U+0498
    { 0x0499, 72 }, // U+0499
    { 0x049A, 59 }, // U+049A
    { 0x049B, 79 }, // U+049B
    { 0x049C, 59 }, // U+049C
    { 0x049D, 79 }, // U+049D
    { 0x049E, 59 }, // U+049E
    { 0x049F, 79 }, // U+049F
    { 0x04A0, 59 }, // U+04A0
    { 0x04A1, 79 }, // U+04A1
    { 0x04A2, 64 }, // U+04A2
    { 0x04A3, 81 }, // U+04A3
    { 0x04A4, 92 }, // U+04A4
    { 0x04A6, 58 }, // U+04A6
    { 0x04AA, 53 }, // U+04AA
    { 0x04AB, 72 }, // U+04AB
    { 0x04AC, 92 }, // U+04AC
    { 0x04AD, 81 }, // U+04AD
    { 0x04AE, 89 }, // U+04AE
    { 0x04AF, 90 }, // U+04AF
    { 0x04B0, 89 }, // U+04B0
    { 0x04B1, 90 }, // U+04B1
    { 0x04B2, 68 }, // U+04B2
    { 0x04B3, 76 }, // U+04B3
    { 0x04B4, 64 }, // U+04B4
    { 0x04B5, 81 }, // U+04B5
    { 0x04B6, 64 }, // U+04B6
    { 0x04B7, 81 }, // U+04B7
    { 0x04B8, 55 }, // U+04B8
    { 0x04B9, 69 }, // U+04B9
    { 0x04BA, 58 }, // U+04BA
    { 0x04BB, 82 }, // U+04BB
    { 0x04BC, 94 }, // U+04BC
    { 0x04BD, 74 }, // U+04BD
    { 0x04BE, 94 }, // U+04BE
    { 0x04BF, 74 }, // U+04BF
    { 0x04C1, 59 }, // U+04C1
    { 0x04C2, 79 }, // U+04C2
    { 0x04C3, 58 }, // U+04C3
    { 0x04C5, 64 }, // U+04C5
    { 0x04C6, 81 }, // U+04C6
    { 0x04C7, 56 }, // U+04C7
    { 0x04C9, 64 }, // U+04C9
    { 0x04CA, 81 }, // U+04CA
    { 0x04CC, 81 }, // U+04CC
    { 0x04CD, 64 }, // U+04CD
    { 0x04CE, 81 }, // U+04CE
    { 0x04D0, 61 }, // U+04D0
    { 0x04D1, 81 }, // U+04D1
    { 0x04D2, 61 }, // U+04D2
    { 0x04D3, 81 }, // U+04D3
    { 0x04D4, 50 }, // U+04D4
    { 0x04D5, 74 }, // U+04D5
    { 0x04D6, 50 }, // U+04D6
    { 0x04D7, 74 }, // U+04D7
    { 0x04D8, 65 }, // U+04D8
    { 0x04D9, 71 }, // U+04D9
    { 0x04DA, 65 }, // U+04DA
    { 0x04DB, 71 }, // U+04DB
    { 0x04DC, 59 }, // U+04DC
    { 0x04DD, 79 }, // U+04DD
    { 0x04DE, 63 }, // U+04DE
    { 0x04DF, 71 }, // U+04DF
    { 0x04E0, 63 }, // U+04E0
    { 0x04E1, 95 }, // U+04E1
    { 0x04E2, 55 }, // U+04E2
    { 0x04E3, 81 }, // U+04E3
    { 0x04E4, 55 }, // U+04E4
    { 0x04E5, 81 }, // U+04E5
    { 0x04E6, 65 }, // U+04E6
    { 0x04E7, 71 }, // U+04E7
    { 0x04E8, 65 }, // U+04E8
    { 0x04E9, 71 }, // U+04E9
    { 0x04EA, 65 }, // U+04EA
    { 0x04EB, 71 }, // U+04EB
    { 0x04EC, 65 }, // U+04EC
    { 0x04ED, 77 }, // U+04ED
    { 0x04EE, 60 }, // U+04EE
    { 0x04EF, 80 }, // U+04EF
    { 0x04F0, 60 }, // U+04F0
    { 0x04F1, 80 }, // U+04F1
    { 0x04F2, 60 }, // U+04F2
    { 0x04F3, 80 }, // U+04F3
    { 0x04F4, 55 }, // U+04F4
    { 0x04F5, 69 }, // U+04F5
    { 0x04F6, 92 }, // U+04F6
    { 0x04F7, 93 }, // U+04F7
    { 0x04F8, 55 }, // U+04F8
    { 0x04F9, 69 }, // U+04F9
    { 0x04FA, 92 }, // U+04FA
    { 0x04FB, 93 }, // U+04FB
    { 0x04FC, 68 }, // U+04FC
    { 0x04FD, 76 }, // U+04FD
    { 0x04FE, 68 }, // U+04FE
    { 0x04FF, 96 }, // U+04FF
    { 0x1EA0, 43 }, // U+1EA0
    { 0x1EA1, 28 }, // U+1EA1
    { 0x1EA2, 43 }, // U+1EA2
    { 0x1EA3, 28 }, // U+1EA3
    { 0x1EA4, 43 }, // U+1EA4
    { 0x1EA5, 28 }, // U+1EA5
    { 0x1EA6, 43 }, // U+1EA6
    { 0x1EA7, 28 }, // U+1EA7
    { 0x1EA8, 43 }, // U+1EA8
    { 0x1EA9, 28 }, // U+1EA9
    { 0x1EAA, 43 }, // U+1EAA
    { 0x1EAB, 28 }, // U+1EAB
    { 0x1EAC, 43 }, // U+1EAC
    { 0x1EAD, 28 }, // U+1EAD
    { 0x1EAE, 43 }, // U+1EAE
    { 0x1EAF, 28 }, // U+1EAF
    { 0x1EB0, 43 }, // U+1EB0
    { 0x1EB1, 28 }, // U+1EB1
    { 0x1EB2, 43 }, // U+1EB2
    { 0x1EB3, 28 }, // U+1EB3
    { 0x1EB4, 43 }, // U+1EB4
    { 0x1EB5, 28 }, // U+1EB5
    { 0x1EB6, 43 }, // U+1EB6
    { 0x1EB7, 28 }, // U+1EB7
    { 0x1EB8, 11 }, // U+1EB8
    { 0x1EB9, 30 }, // U+1EB9
    { 0x1EBA, 11 }, // U+1EBA
    { 0x1EBB, 30 }, // U+1EBB
    { 0x1EBC, 11 }, // U+1EBC
    { 0x1EBD, 30 }, // U+1EBD
    { 0x1EBE, 11 }, // U+1EBE
    { 0x1EBF, 30 }, // U+1EBF
    { 0x1EC0, 11 }, // U+1EC0
    { 0x1EC1, 30 }, // U+1EC1
    { 0x1EC2, 11 }, // U+1EC2
    { 0x1EC3, 30 }, // U+1EC3
    { 0x1EC4, 11 }, // U+1EC4
    { 0x1EC5, 30 }, // U+1EC5
    { 0x1EC6, 11 }, // U+1EC6
    { 0x1EC7, 30 }, // U+1EC7
    { 0x1ECC, 10 }, // U+1ECC
    { 0x1ECD, 29 }, // U+1ECD
    { 0x1ECE, 10 }, // U+1ECE
    { 0x1ECF, 29 }, // U+1ECF
    { 0x1ED0, 10 }, // U+1ED0
    { 0x1ED1, 29 }, // U+1ED1
    { 0x1ED2, 10 }, // U+1ED2
    { 0x1ED3, 29 }, // U+1ED3
    { 0x1ED4, 10 }, // U+1ED4
    { 0x1ED5, 29 }, // U+1ED5
    { 0x1ED6, 10 }, // U+1ED6
    { 0x1ED7, 29 }, // U+1ED7
    { 0x1ED8, 10 }, // U+1ED8
    { 0x1ED9, 97 }, // U+1ED9
    { 0x1EDA, 46 }, // U+1EDA
    { 0x1EDB, 47 }, // U+1EDB
    { 0x1EDC, 46 }, // U+1EDC
    { 0x1EDD, 47 }, // U+1EDD
    { 0x1EDE, 46 }, // U+1EDE
    { 0x1EDF, 47 }, // U+1EDF
    { 0x1EE0, 46 }, // U+1EE0
    { 0x1EE1, 47 }, // U+1EE1
    { 0x1EE2, 46 }, // U+1EE2
    { 0x1EE3, 47 }, // U+1EE3
    { 0x1EE4, 22 }, // U+1EE4
    { 0x1EE5, 28 }, // U+1EE5
    { 0x1EE6, 22 }, // U+1EE6
    { 0x1EE7, 28 }, // U+1EE7
    { 0x1EE8, 48 }, // U+1EE8
    { 0x1EE9, 49 }, // U+1EE9
    { 0x1EEA, 48 }, // U+1EEA
    { 0x1EEB, 49 }, // U+1EEB
    { 0x1EEC, 48 }, // U+1EEC
    { 0x1EED, 49 }, // U+1EED
    { 0x1EEE, 48 }, // U+1EEE
    { 0x1EEF, 49 }, // U+1EEF
    { 0x1EF0, 48 }, // U+1EF0
    { 0x1EF1, 49 }, // U+1EF1
    { 0x1EF2, 26 }, // U+1EF2
    { 0x1EF3, 38 }, // U+1EF3
    { 0x1EF4, 26 }, // U+1EF4
    { 0x1EF5, 38 }, // U+1EF5
    { 0x1EF6, 26 }, // U+1EF6
    { 0x1EF7, 38 }, // U+1EF7
    { 0x1EF8, 26 }, // U+1EF8
    { 0x1EF9, 38 }, // U+1EF9
    { 0x2013, 6 }, // U+2013
    { 0x2014, 6 }, // U+2014
    { 0x2015, 6 }, // U+2015
    { 0x2018, 98 }, // U+2018
    { 0x2019, 99 }, // U+2019
    { 0x201A, 5 }, // U+201A
    { 0x201C, 98 }, // U+201C
    { 0x201D, 99 }, // U+201D
    { 0x201E, 5 }, // U+201E
    { 0x2039, 41 }, // U+2039
    { 0x207D, 100 }, // U+207D
    { 0x208D, 101 }, // U+208D
    { 0x2090, 102 }, // U+2090
    { 0x2092, 103 }, // U+2092
    { 0xFB00, 31 }, // U+FB00
};

static const EpdKernClassEntry notoserif_7_italicKernRightClasses[] = {
    { 0x0022, 1 }, // "
    { 0x0026, 2 }, // &
    { 0x0027, 1 }, // '
    { 0x0029, 3 }, // )
    { 0x002A, 4 }, // *
    { 0x002C, 5 }, // ,
    { 0x002D, 6 }, // -
    { 0x002E, 7 }, // .
    { 0x003A, 8 }, // :
    { 0x003B, 8 }, // ;
    { 0x003F, 9 }, // ?
    { 0x0041, 10 }, // A
    { 0x0042, 11 }, // B
    { 0x0043, 12 }, // C
    { 0x0044, 11 }, // D
    { 0x0045, 11 }, // E
    { 0x0046, 11 }, // F
    { 0x0047, 12 }, // G
    { 0x0048, 11 }, // H
    { 0x0049, 11 }, // I
    { 0x004A, 11 }, // J
    { 0x004B, 11 }, // K
    { 0x004C, 11 }, // L
    { 0x004D, 11 }, // M
    { 0x004E, 11 }, // N
    { 0x004F, 12 }, // O
    { 0x0050, 11 }, // P
    { 0x0051, 12 }, // Q
    { 0x0052, 11 }, // R
    { 0x0053, 13 }, // S
    { 0x0054, 14 }, // T
    { 0x0055, 15 }, // U
    { 0x0056, 16 }, // V
    { 0x0057, 17 }, // W
    { 0x0058, 18 }, // X
    { 0x0059, 19 }, // Y
    { 0x005A, 20 }, // Z
    { 0x005C, 21 }, // <backslash>
    { 0x005D, 3 }, // ]
    { 0x005F, 22 }, // _
    { 0x0061, 23 }, // a
    { 0x0062, 24 }, // b
    { 0x0063, 25 }, // c
    { 0x0064, 25 }, // d
    { 0x0065, 25 }, // e
    { 0x0067, 26 }, // g
    { 0x0068, 24 }, // h
    { 0x0069, 27 }, // i
    { 0x006B, 24 }, // k
    { 0x006C, 28 }, // l
    { 0x006D, 29 }, // m
    { 0x006E, 29 }, // n
    { 0x006F, 25 }, // o
    { 0x0070, 29 }, // p
    { 0x0071, 25 }, // q
    { 0x0072, 29 }, // r
    { 0x0073, 30 }, // s
    { 0x0074, 31 }, // t
    { 0x0075, 32 }, // u
    { 0x0076, 33 }, // v
    { 0x0077, 34 }, // w
    { 0x0078, 35 }, // x
    { 0x0079, 36 }, // y
    { 0x007A, 37 }, // z
    { 0x007D, 3 }, // }
    { 0x00A9, 38 }, // U+00A9
    { 0x00AE, 38 }, // U+00AE
    { 0x00BB, 39 }, // U+00BB
    { 0x00C0, 10 }, // U+00C0
    { 0x00C1, 10 }, // U+00C1
    { 0x00C2, 10 }, // U+00C2
    { 0x00C3, 10 }, // U+00C3
    { 0x00C4, 10 }, // U+00C4
    { 0x00C5, 10 }, // U+00C5
    { 0x00C6, 40 }, // U+00C6
    { 0x00C7, 12 }, // U+00C7
    { 0x00C8, 11 }, // U+00C8
    { 0x00C9, 11 }, // U+00C9
    { 0x00CA, 11 }, // U+00CA
    { 0x00CB, 11 }, // U+00CB
    { 0x00CC, 11 }, // U+00CC
    { 0x00CD, 11 }, // U+00CD
    { 0x00CE, 11 }, // U+00CE
    { 0x00CF, 11 }, // U+00CF
    { 0x00D0, 11 }, // U+00D0
    { 0x00D1, 11 }, // U+00D1
    { 0x00D2, 12 }, // U+00D2
    { 0x00D3, 12 }, // U+00D3
    { 0x00D4, 12 }, // U+00D4
    { 0x00D5, 12 }, // U+00D5
    { 0x00D6, 12 }, // U+00D6
    { 0x00D8, 12 }, // U+00D8
    { 0x00D9, 15 }, // U+00D9
    { 0x00DA, 15 }, // U+00DA
    { 0x00DB, 15 }, // U+00DB
    { 0x00DC, 15 }, // U+00DC
    { 0x00DD, 19 }, // U+00DD
    { 0x00DE, 11 }, // U+00DE
    { 0x00E0, 23 }, // U+00E0
    { 0x00E1, 23 }, // U+00E1
    { 0x00E2, 23 }, // U+00E2
    { 0x00E3, 23 }, // U+00E3
    { 0x00E4, 23 }, // U+00E4
    { 0x00E5, 23 }, // U+00E5
    { 0x00E6, 23 }, // U+00E6
    { 0x00E7, 25 }, // U+00E7
    { 0x00E8, 25 }, // U+00E8
    { 0x00E9, 25 }, // U+00E9
    { 0x00EA, 25 }, // U+00EA
    { 0x00EB, 25 }, // U+00EB
    { 0x00EC, 27 }, // U+00EC
    { 0x00ED, 27 }, // U+00ED
    { 0x00EE, 27 }, // U+00EE
    { 0x00EF, 27 }, // U+00EF
    { 0x00F0, 25 }, // U+00F0
    { 0x00F1, 29 }, // U+00F1
    { 0x00F2, 25 }, // U+00F2
    { 0x00F3, 25 }, // U+00F3
    { 0x00F4, 25 }, // U+00F4
    { 0x00F5, 25 }, // U+00F5
    { 0x00F6, 25 }, // U+00F6
    { 0x00F8, 25 }, // U+00F8
    { 0x00F9, 32 }, // U+00F9
    { 0x00FA, 32 }, // U+00FA
    { 0x00FB, 32 }, // U+00FB
    { 0x00FC, 32 }, // U+00FC
    { 0x00FD, 36 }, // U+00FD
    { 0x00FE, 24 }, // U+00FE
    { 0x00FF, 36 }, // U+00FF
    { 0x0100, 10 }, // U+0100
    { 0x0101, 23 }, // U+0101
    { 0x0102, 10 }, // U+0102
    { 0x0103, 23 }, // U+0103
    { 0x0104, 10 }, // U+0104
    { 0x0105, 23 }, // U+0105
    { 0x0106, 12 }, // U+0106
    { 0x0107, 25 }, // U+0107
    { 0x0108, 12 }, // U+0108
    { 0x0109, 25 }, // U+0109
    { 0x010A, 12 }, // U+010A
    { 0x010B, 25 }, // U+010B
    { 0x010C, 12 }, // U+010C
    { 0x010D, 25 }, // U+010D
    { 0x010E, 11 }, // U+010E
    { 0x010F, 25 }, // U+010F
    { 0x0110, 11 }, // U+0110
    { 0x0111, 25 }, // U+0111
    { 0x0112, 11 }, // U+0112
    { 0x0113, 25 }, // U+0113
    { 0x0114, 11 }, // U+0114
    { 0x0115, 25 }, // U+0115
    { 0x0116, 11 }, // U+0116
    { 0x0117, 25 }, // U+0117
    { 0x0118, 11 }, // U+0118
    { 0x0119, 25 }, // U+0119
    { 0x011A, 11 }, // U+011A
    { 0x011B, 25 }, // U+011B
    { 0x011C, 12 }, // U+011C
    { 0x011D, 25 }, // U+011D
    { 0x011E, 12 }, // U+011E
    { 0x011F, 25 }, // U+011F
    { 0x0120, 12 }, // U+0120
    { 0x0121, 25 }, // U+0121
    { 0x0122, 12 }, // U+0122
    { 0x0123, 25 }, // U+0123
    { 0x0124, 11 }, // U+0124
    { 0x0125, 24 }, // U+0125
    { 0x0126, 11 }, // U+0126
    { 0x0127, 24 }, // U+0127
    { 0x0128, 11 }, // U+0128
    { 0x0129, 27 }, // U+0129
    { 0x012A, 11 }, // U+012A
    { 0x012B, 27 }, // U+012B
    { 0x012C, 11 }, // U+012C
    { 0x012D, 27 }, // U+012D
    { 0x012E, 11 }, // U+012E
    { 0x012F, 27 }, // U+012F
    { 0x0130, 11 }, // U+0130
    { 0x0132, 11 }, // U+0132
    { 0x0133, 27 }, // U+0133
    { 0x0134, 11 }, // U+0134
    { 0x0136, 11 }, // U+0136
    { 0x0137, 24 }, // U+0137
    { 0x0138, 29 }, // U+0138
    { 0x0139, 11 }, // U+0139
    { 0x013A, 28 }, // U+013A
    { 0x013B, 11 }, // U+013B
    { 0x013C, 28 }, // U+013C
    { 0x013D, 11 }, // U+013D
    { 0x013E, 28 }, // U+013E
    { 0x013F, 11 }, // U+013F
    { 0x0140, 28 }, // U+0140
    { 0x0141, 11 }, // U+0141
    { 0x0142, 28 }, // U+0142
    { 0x0143, 11 }, // U+0143
    { 0x0144, 29 }, // U+0144
    { 0x0145, 11 }, // U+0145
    { 0x0146, 29 }, // U+0146
    { 0x0147, 11 }, // U+0147
    { 0x0148, 29 }, // U+0148
    { 0x0149, 41 }, // U+0149
    { 0x014A, 11 }, // U+014A
    { 0x014B, 29 }, // U+014B
    { 0x014C, 12 }, // U+014C
    { 0x014D, 25 }, // U+014D
    { 0x014E, 12 }, // U+014E
    { 0x014F, 25 }, // U+014F
    { 0x0150, 12 }, // U+0150
    { 0x0151, 25 }, // U+0151
    { 0x0152, 12 }, // U+0152
    { 0x0153, 25 }, // U+0153
    { 0x0154, 11 }, // U+0154
    { 0x0155, 29 }, // U+0155
    { 0x0156, 11 }, // U+0156
    { 0x0157, 29 }, // U+0157
    { 0x0158, 11 }, // U+0158
    { 0x0159, 29 }, // U+0159
    { 0x015A, 13 }, // U+015A
    { 0x015B, 30 }, // U+015B
    { 0x015C, 13 }, // U+015C
    { 0x015D, 30 }, // U+015D
    { 0x015E, 13 }, // U+015E
    { 0x015F, 30 }, // U+015F
    { 0x0160, 13 }, // U+0160
    { 0x0161, 30 }, // U+0161
    { 0x0163, 31 }, // U+0163
    { 0x0165, 31 }, // U+0165
    { 0x0167, 31 }, // U+0167
    { 0x0168, 15 }, // U+0168
    { 0x0169, 32 }, // U+0169
    { 0x016A, 15 }, // U+016A
    { 0x016B, 32 }, // U+016B
    { 0x016C, 15 }, // U+016C
    { 0x016D, 32 }, // U+016D
    { 0x016E, 15 }, // U+016E
    { 0x016F, 32 }, // U+016F
    { 0x0170, 15 }, // U+0170
    { 0x0171, 32 }, // U+0171
    { 0x0172, 15 }, // U+0172
    { 0x0173, 32 }, // U+0173
    { 0x0174, 17 }, // U+0174
    { 0x0175, 34 }, // U+0175
    { 0x0176, 19 }, // U+0176
    { 0x0177, 36 }, // U+0177
    { 0x0178, 19 }, // U+0178
    { 0x0179, 20 }, // U+0179
    { 0x017A, 37 }, // U+017A
    { 0x017B, 20 }, // U+017B
    { 0x017C, 37 }, // U+017C
    { 0x017D, 20 }, // U+017D
    { 0x017E, 37 }, // U+017E
    { 0x01A0, 12 }, // U+01A0
    { 0x01A1, 25 }, // U+01A1
    { 0x01AF, 15 }, // U+01AF
    { 0x01B0, 32 }, // U+01B0
    { 0x01FA, 10 }, // U+01FA
    { 0x01FB, 23 }, // U+01FB
    { 0x01FC, 40 }, // U+01FC
    { 0x01FD, 23 }, // U+01FD
    { 0x01FE, 12 }, // U+01FE
    { 0x01FF, 25 }, // U+01FF
    { 0x0218, 13 }, // U+0218
    { 0x0219, 30 }, // U+0219
    { 0x021B, 31 }, // U+021B
    { 0x021E, 11 }, // U+021E
    { 0x0400, 42 }, // U+0400
    { 0x0401, 42 }, // U+0401
    { 0x0402, 43 }, // U+0402
    { 0x0403, 42 }, // U+0403
    { 0x0404, 44 }, // U+0404
    { 0x0405, 45 }, // U+0405
    { 0x0406, 42 }, // U+0406
    { 0x0407, 42 }, // U+0407
    { 0x0408, 46 }, // U+0408
    { 0x0409, 47 }, // U+0409
    { 0x040A, 42 }, // U+040A
    { 0x040B, 43 }, // U+040B
    { 0x040C, 42 }, // U+040C
    { 0x040D, 42 }, // U+040D
    { 0x040E, 48 }, // U+040E
    { 0x040F, 42 }, // U+040F
    { 0x0410, 49 }, // U+0410
    { 0x0411, 42 }, // U+0411
    { 0x0412, 42 }, // U+0412
    { 0x0413, 42 }, // U+0413
    { 0x0414, 50 }, // U+0414
    { 0x0415, 42 }, // U+0415
    { 0x0416, 51 }, // U+0416
    { 0x0417, 52 }, // U+0417
    { 0x0418, 42 }, // U+0418
    { 0x0419, 42 }, // U+0419
    { 0x041A, 42 }, // U+041A
    { 0x041B, 47 }, // U+041B
    { 0x041C, 42 }, // U+041C
    { 0x041D, 42 }, // U+041D
    { 0x041E, 44 }, // U+041E
    { 0x041F, 42 }, // U+041F
    { 0x0420, 42 }, // U+0420
    { 0x0421, 44 }, // U+0421
    { 0x0422, 43 }, // U+0422
    { 0x0423, 48 }, // U+0423
    { 0x0424, 53 }, // U+0424
    { 0x0425, 54 }, // U+0425
    { 0x0426, 42 }, // U+0426
    { 0x0427, 55 }, // U+0427
    { 0x0428, 42 }, // U+0428
    { 0x0429, 42 }, // U+0429
    { 0x042A, 43 }, // U+042A
    { 0x042B, 42 }, // U+042B
    { 0x042C, 42 }, // U+042C
    { 0x042D, 52 }, // U+042D
    { 0x042E, 42 }, // U+042E
    { 0x042F, 56 }, // U+042F
    { 0x0430, 57 }, // U+0430
    { 0x0431, 58 }, // U+0431
    { 0x0432, 57 }, // U+0432
    { 0x0433, 59 }, // U+0433
    { 0x0434, 60 }, // U+0434
    { 0x0435, 57 }, // U+0435
    { 0x0436, 61 }, // U+0436
    { 0x0437, 62 }, // U+0437
    { 0x0438, 63 }, // U+0438
    { 0x0439, 63 }, // U+0439
    { 0x043A, 64 }, // U+043A
    { 0x043B, 65 }, // U+043B
    { 0x043C, 65 }, // U+043C
    { 0x043D, 64 }, // U+043D
    { 0x043E, 57 }, // U+043E
    { 0x043F, 64 }, // U+043F
    { 0x0440, 66 }, // U+0440
    { 0x0441, 57 }, // U+0441
    { 0x0442, 64 }, // U+0442
    { 0x0443, 67 }, // U+0443
    { 0x0444, 57 }, // U+0444
    { 0x0445, 68 }, // U+0445
    { 0x0446, 63 }, // U+0446
    { 0x0447, 69 }, // U+0447
    { 0x0448, 63 }, // U+0448
    { 0x0449, 63 }, // U+0449
    { 0x044A, 70 }, // U+044A
    { 0x044B, 63 }, // U+044B
    { 0x044C, 63 }, // U+044C
    { 0x044D, 61 }, // U+044D
    { 0x044E, 64 }, // U+044E
    { 0x044F, 71 }, // U+044F
    { 0x0450, 57 }, // U+0450
    { 0x0451, 57 }, // U+0451
    { 0x0452, 72 }, // U+0452
    { 0x0453, 59 }, // U+0453
    { 0x0454, 57 }, // U+0454
    { 0x0455, 73 }, // U+0455
    { 0x0456, 74 }, // U+0456
    { 0x0457, 75 }, // U+0457
    { 0x0458, 76 }, // U+0458
    { 0x0459, 65 }, // U+0459
    { 0x045A, 64 }, // U+045A
    { 0x045B, 72 }, // U+045B
    { 0x045C, 64 }, // U+045C
    { 0x045D, 63 }, // U+045D
    { 0x045E, 67 }, // U+045E
    { 0x045F, 63 }, // U+045F
    { 0x0460, 77 }, // U+0460
    { 0x0461, 78 }, // U+0461
    { 0x0466, 49 }, // U+0466
    { 0x046A, 79 }, // U+046A
    { 0x046E, 52 }, // U+046E
    { 0x0470, 80 }, // U+0470
    { 0x0471, 63 }, // U+0471
    { 0x0472, 77 }, // U+0472
    { 0x0473, 81 }, // U+0473
    { 0x0474, 80 }, // U+0474
    { 0x0475, 82 }, // U+0475
    { 0x0476, 80 }, // U+0476
    { 0x0477, 82 }, // U+0477
    { 0x0478, 77 }, // U+0478
    { 0x0479, 81 }, // U+0479
    { 0x047A, 77 }, // U+047A
    { 0x047B, 81 }, // U+047B
    { 0x047C, 77 }, // U+047C
    { 0x047D, 81 }, // U+047D
    { 0x047E, 77 }, // U+047E
    { 0x047F, 78 }, // U+047F
    { 0x0480, 77 }, // U+0480
    { 0x0481, 81 }, // U+0481
    { 0x048B, 63 }, // U+048B
    { 0x048F, 66 }, // U+048F
    { 0x0496, 51 }, // U+0496
    { 0x0497, 61 }, // U+0497
    { 0x0498, 52 }, // U+0498
    { 0x0499, 61 }, // U+0499
    { 0x049F, 72 }, // U+049F
    { 0x04A0, 83 }, // U+04A0
    { 0x04A1, 70 }, // U+04A1
    { 0x04A8, 77 }, // U+04A8
    { 0x04A9, 81 }, // U+04A9
    { 0x04AA, 77 }, // U+04AA
    { 0x04AB, 81 }, // U+04AB
    { 0x04AC, 83 }, // U+04AC
    { 0x04AE, 80 }, // U+04AE
    { 0x04AF, 82 }, // U+04AF
    { 0x04B0, 80 }, // U+04B0
    { 0x04B1, 82 }, // U+04B1
    { 0x04B2, 54 }, // U+04B2
    { 0x04B3, 68 }, // U+04B3
    { 0x04B4, 83 }, // U+04B4
    { 0x04B5, 70 }, // U+04B5
    { 0x04B6, 55 }, // U+04B6
    { 0x04B7, 69 }, // U+04B7
    { 0x04B8, 55 }, // U+04B8
    { 0x04B9, 69 }, // U+04B9
    { 0x04C1, 51 }, // U+04C1
    { 0x04C2, 61 }, // U+04C2
    { 0x04C5, 50 }, // U+04C5
    { 0x04C6, 65 }, // U+04C6
    { 0x04CB, 55 }, // U+04CB
    { 0x04CC, 69 }, // U+04CC
    { 0x04CE, 84 }, // U+04CE
    { 0x04D0, 49 }, // U+04D0
    { 0x04D1, 81 }, // U+04D1
    { 0x04D2, 49 }, // U+04D2
    { 0x04D3, 81 }, // U+04D3
    { 0x04D4, 85 }, // U+04D4
    { 0x04D5, 81 }, // U+04D5
    { 0x04D7, 81 }, // U+04D7
    { 0x04D9, 81 }, // U+04D9
    { 0x04DB, 81 }, // U+04DB
    { 0x04DC, 51 }, // U+04DC
    { 0x04DD, 61 }, // U+04DD
    { 0x04DE, 52 }, // U+04DE
    { 0x04DF, 61 }, // U+04DF
    { 0x04E0, 52 }, // U+04E0
    { 0x04E2, 42 }, // U+04E2
    { 0x04E3, 63 }, // U+04E3
    { 0x04E4, 42 }, // U+04E4
    { 0x04E5, 63 }, // U+04E5
    { 0x04E6, 77 }, // U+04E6
    { 0x04E7, 81 }, // U+04E7
    { 0x04E8, 77 }, // U+04E8
    { 0x04E9, 81 }, // U+04E9
    { 0x04EA, 77 }, // U+04EA
    { 0x04EB, 81 }, // U+04EB
    { 0x04EC, 52 }, // U+04EC
    { 0x04ED, 61 }, // U+04ED
    { 0x04EE, 48 }, // U+04EE
    { 0x04EF, 67 }, // U+04EF
    { 0x04F0, 48 }, // U+04F0
    { 0x04F1, 67 }, // U+04F1
    { 0x04F2, 48 }, // U+04F2
    { 0x04F3, 67 }, // U+04F3
    { 0x04F4, 55 }, // U+04F4
    { 0x04F5, 69 }, // U+04F5
    { 0x04F8, 42 }, // U+04F8
    { 0x04F9, 63 }, // U+04F9
    { 0x04FC, 54 }, // U+04FC
    { 0x04FD, 68 }, // U+04FD
    { 0x04FE, 54 }, // U+04FE
    { 0x1EA0, 10 }, // U+1EA0
    { 0x1EA1, 23 }, // U+1EA1
    { 0x1EA2, 10 }, // U+1EA2
    { 0x1EA3, 23 }, // U+1EA3
    { 0x1EA4, 10 }, // U+1EA4
    { 0x1EA5, 23 }, // U+1EA5
    { 0x1EA6, 10 }, // U+1EA6
    { 0x1EA7, 23 }, // U+1EA7
    { 0x1EA8, 10 }, // U+1EA8
    { 0x1EA9, 23 }, // U+1EA9
    { 0x1EAA, 10 }, // U+1EAA
    { 0x1EAB, 23 }, // U+1EAB
    { 0x1EAC, 10 }, // U+1EAC
    { 0x1EAD, 23 }, // U+1EAD
    { 0x1EAE, 10 }, // U+1EAE
    { 0x1EAF, 23 }, // U+1EAF
    { 0x1EB0, 10 }, // U+1EB0
    { 0x1EB1, 23 }, // U+1EB1
    { 0x1EB2, 10 }, // U+1EB2
    { 0x1EB3, 23 }, // U+1EB3
    { 0x1EB4, 10 }, // U+1EB4
    { 0x1EB5, 23 }, // U+1EB5
    { 0x1EB6, 10 }, // U+1EB6
    { 0x1EB7, 23 }, // U+1EB7
    { 0x1EB8, 11 }, // U+1EB8
    { 0x1EB9, 25 }, // U+1EB9
    { 0x1EBA, 11 }, // U+1EBA
    { 0x1EBB, 25 }, // U+1EBB
    { 0x1EBC, 11 }, // U+1EBC
    { 0x1EBD, 25 }, // U+1EBD
    { 0x1EBE, 11 }, // U+1EBE
    { 0x1EBF, 25 }, // U+1EBF
    { 0x1EC0, 11 }, // U+1EC0
    { 0x1EC1, 25 }, // U+1EC1
    { 0x1EC2, 11 }, // U+1EC2
    { 0x1EC3, 25 }, // U+1EC3
    { 0x1EC4, 11 }, // U+1EC4
    { 0x1EC5, 25 }, // U+1EC5
    { 0x1EC6, 11 }, // U+1EC6
    { 0x1EC7, 25 }, // U+1EC7
    { 0x1EC9, 86 }, // U+1EC9
    { 0x1ECB, 86 }, // U+1ECB
    { 0x1ECC, 12 }, // U+1ECC
    { 0x1ECD, 25 }, // U+1ECD
    { 0x1ECE, 12 }, // U+1ECE
    { 0x1ECF, 25 }, // U+1ECF
    { 0x1ED0, 12 }, // U+1ED0
    { 0x1ED1, 25 }, // U+1ED1
    { 0x1ED2, 12 }, // U+1ED2
    { 0x1ED3, 25 }, // U+1ED3
    { 0x1ED4, 12 }, // U+1ED4
    { 0x1ED5, 25 }, // U+1ED5
    { 0x1ED6, 12 }, // U+1ED6
    { 0x1ED7, 25 }, // U+1ED7
    { 0x1ED8, 12 }, // U+1ED8
    { 0x1ED9, 25 }, // U+1ED9
    { 0x1EDA, 12 }, // U+1EDA
    { 0x1EDB, 25 }, // U+1EDB
    { 0x1EDC, 12 }, // U+1EDC
    { 0x1EDD, 25 }, // U+1EDD
    { 0x1EDE, 12 }, // U+1EDE
    { 0x1EDF, 25 }, // U+1EDF
    { 0x1EE0, 12 }, // U+1EE0
    { 0x1EE1, 25 }, // U+1EE1
    { 0x1EE2, 12 }, // U+1EE2
    { 0x1EE3, 25 }, // U+1EE3
    { 0x1EE4, 15 }, // U+1EE4
    { 0x1EE5, 32 }, // U+1EE5
    { 0x1EE6, 15 }, // U+1EE6
    { 0x1EE7, 32 }, // U+1EE7
    { 0x1EE8, 15 }, // U+1EE8
    { 0x1EE9, 32 }, // U+1EE9
    { 0x1EEA, 15 }, // U+1EEA
    { 0x1EEB, 32 }, // U+1EEB
    { 0x1EEC, 15 }, // U+1EEC
    { 0x1EED, 32 }, // U+1EED
    { 0x1EEE, 15 }, // U+1EEE
    { 0x1EEF, 32 }, // U+1EEF
    { 0x1EF0, 15 }, // U+1EF0
    { 0x1EF1, 32 }, // U+1EF1
    { 0x1EF2, 19 }, // U+1EF2
    { 0x1EF3, 36 }, // U+1EF3
    { 0x1EF4, 19 }, // U+1EF4
    { 0x1EF5, 36 }, // U+1EF5
    { 0x1EF6, 19 }, // U+1EF6
    { 0x1EF7, 36 }, // U+1EF7
    { 0x1EF8, 19 }, // U+1EF8
    { 0x1EF9, 36 }, // U+1EF9
    { 0x2013, 6 }, // U+2013
    { 0x2014, 6 }, // U+2014
    { 0x2015, 6 }, // U+2015
    { 0x2018, 87 }, // U+2018
    { 0x2019, 4 }, // U+2019
    { 0x201A, 88 }, // U+201A
    { 0x201C, 87 }, // U+201C
    { 0x201D, 4 }, // U+201D
    { 0x201E, 88 }, // U+201E
    { 0x2026, 88 }, // U+2026
    { 0x203A, 39 }, // U+203A
    { 0x207E, 89 }, // U+207E
    { 0x208E, 90 }, // U+208E
};

static const int8_t notoserif_7_italicKernMatrix[] = {
       0,    0,    0,    0,    0,    0,    0,    0,    0,  -19,    0,    0,    0,    0,    0,    0,    0,    0,    0,    0,    0,    0,    0,    0,    0,   -9,    5,    0,    0,    0,    0,    0,    0,    0,    0,    0,    0,    0,    0,  -28,    0,    0,    0,    0,    0,    0,    0,    0,  -19,  -19,    0,    0,    0,    0,    0,    0,    0,    0,    0,    0,    0,    0,    0,    0,  -14,    0,    0,    0,    0,    0,    0,    0,    0,    0,    0,    0,    0,    0,    0,    0,    0,    0,    0,    0,  -28,    0,    0,    0,    0,    0,
       0,    0,    0,    0,    0,    0,    0,    0,    0,    0,    0,    0,    0,   -9,   -2,  -12,   -9,    0,  -10,    0,    0,    0,    0,    0,    0,    0,    0,    0,    0,    0,    0,    0,    0,    0,    0,    0,    0,    0,    0,    0,    0,    0,    0,    0,    0,    0,    0,    0,    0,    0,    0,    0,    0,    0,    0,    0,    0,    0,    0,    0,    0,    0,    0,    0,    0,    0,    0,    0,    0,    0,    0,    0,    0,    0,    0,    0,    0,    0,    0,    0,    0,    0,    0,    0,    0,    0,    0,    0,    0,    0,
       0,    0,    0,    0,    0,    0,    0,    0,    0,    0,    0,    0,    0,    0,    0,    0,    0,    0,    0,    0,    0,    0,    0,    0,    0,    0,    0,    0,    0,    0,    0,    0,    0,    0,    0,    0,    0,    0,    0,    0,    0,    0,    0,   -5,    0,    7,   -5,    5,    0,    2,    0,    0,   -5,    0,    0,    0,    0,    0,    0,    0,    0,    0,    0,    0,   -5,    0,    0,    0,   -2,    0,    0,    0,    0,    0,    7,    9,    0,    0,    0,    0,    0,    0,    0,    0,    0,    0,    0,    0,    0,    0,
       0,   -5,    0,    0,  -28,    0,  -28,    0,    0,  -12,    0,    0,    0,    0,    0,    0,    0,    0,    0,    0,    0,    0,    0,    0,    0,    0,    0,    0,    0,    0,    0,    0,    0,    0,    0,    0,    0,    0,    0,  -19,    0,    0,    0,    0,    0,    0,    0,   -5,  -12,  -16,    0,    0,    0,    0,    0,    0,    0,    0,    0,    0,    0,    0,    0,    0,  -12,    0,    0,    0,    0,    0,    0,    0,    0,    0,    0,    0,    0,    0,    0,    0,  -12,    0,    0,    0,  -19,    0,    0,  -28,    0,    0,
       0,    0,    0,    0,    0,    0,    0,    0,    0,    0,    0,   -5,    0,  -16,   -2,  -21,  -19,    0,  -16,    0,    0,    0,    0,    0,    0,    0,    0,    0,    0,    0,    0,    0,  -12,   -5,    0,   -5,    0,    0,    0,    0,    0,    0,  -14,   -5,    0,    0,    2,   -5,    0,    5,    0,    0,   -7,    0,  -30,    0,    0,    0,    0,    0,    0,    0,    0,    0,    0,    0,   -5,    0,  -16,  -16,    0,    0,    0,    0,    0,    0,   -5,    0,    0,    0,    0,    0,  -16,    0,    0,    0,    0,    0,    0,    0,
       0,    0,    0,    0,    0,    0,    0,    0,    0,    0,    0,    0,    0,    0,    0,    0,    0,    0,    0,    0,    0,    0,    0,    0,    0,    0,    0,    0,    0,    0,    0,    0,    0,    0,    0,    0,    0,    0,    0,    0,    0,    0,   -9,    0,    0,    0,    0,   -5,   -2,   -2,    0,    0,    0,   -2,   -9,    0,    0,    0,    0,    0,    0,    0,    0,    0,    0,    0,    0,   -5,    0,    0,    0,    0,    0,    0,    0,    0,    0,    0,    0,    0,    0,    0,    0,    0,    0,    0,    0,    0,    0,    0,
     -19,   -5,    0,  -16,    0,    0,    0,    0,    0,    0,    0,   -5,    0,  -14,   -5,  -19,  -16,    0,  -16,    0,    0,    0,    0,    0,   -5,   -5,    0,    0,    0,    0,    0,   -5,  -14,   -7,    0,  -12,    0,  -12,    0,    0,  -12,    0,    0,    0,    0,    0,    0,    0,    0,    0,    0,    0,    0,    0,    0,    0,    0,    0,    0,    0,    0,    0,    0,    0,    0,    0,    0,    0,    0,    0,    0,    0,    0,    0,    0,    0,    0,    0,    0,    0,    0,    0,    0,    0,    0,    0,  -21,    0,    0,    0,
       0,    0,    0,   -5,    0,    0,    0,    0,    0,   -5,    0,    0,    0,   -5,    0,   -9,   -7,   -5,   -9,   -5,    0,    0,    0,    0,    0,    0,    0,    0,    0,    0,    0,    0,    0,   -2,    0,   -5,    0,    0,    0,   -7,    0,    0,    0,    0,    0,    0,    0,    0,    0,    0,    0,    0,    0,    0,    0,    0,    0,    0,    0,    0,    0,    0,    0,    0,    0,    0,    0,    0,    0,    0,    0,    0,    0,    0,    0,    0,    0,    0,    0,    0,    0,    0,    0,    0,    0,    0,    0,    0,    0,    0,
       0,   -5,    0,    0,    0,    0,    0,    0,    0,    0,    0,    0,    0,    0,    0,    0,    0,    0,    0,    0,    0,    0,    0,    0,    0,    0,    0,    0,    0,    0,    0,    0,    0,    0,    0,    0,    0,    0,    0,    0,    0,    0,    0,    0,    0,    0,    0,    0,    0,    0,    0,    0,    0,    0,    0,    0,    0,    0,    0,    0,    0,    0,    0,    0,    0,    0,    0,    0,    0,    0,    0,    0,    0,    0,    0,    0,    0,    0,    0,    0,    0,    0,    0,    0,    0,    0,    0,    0,    0,    0,
      -7,    0,    0,    0,   -5,    0,   -9,    0,    0,   -5,    0,    0,    0,   -5,    0,   -5,   -5,   -5,   -7,    0,    0,    0,    0,    0,    0,    0,    0,    0,    0,    0,    0,    0,    0,    0,    0,    0,    0,    0,    0,  -12,    0,    0,    0,    0,    0,    0,    0,    0,    0,    0,    0,    0,    0,    0,    0,    0,    0,    0,    0,    0,    0,    0,    0,    0,    0,    0,    0,    0,    0,    0,    0,    0,    0,    0,    0,    0,    0,    0,    0,    0,    0,    0,    0,    0,    0,    0,    0,   -5,    0,    0,
       0,    0,    0,    0,    0,    0,    0,    0,    0,    0,    0,    0,    0,    0,    0,   -5,   -5,    0,   -5,    0,    0,    0,    0,    0,    0,    0,    0,    0,    0,    0,    0,    0,    0,    0,    0,    0,    0,    0,    0,    0,    0,    0,    0,    0,    0,    0,    0,    0,    0,    0,    0,    0,    0,    0,    0,    0,    0,    0,    0,    0,    0,    0,    0,    0,    0,    0,    0,    0,    0,    0,    0,    0,    0,    0,    0,    0,    0,    0,    0,    0,    0,    0,    0,    0,    0,    0,    0,    0,    0,    0,
       0,   -9,    0,    0,  -19,    0,  -19,    0,    0,  -16,    0,    0,    0,    0,    0,    0,    0,    0,    0,    0,    0,    0,   -9,    0,   -9,   -9,    0,    0,    0,    0,    0,    0,    0,    0,    0,    0,    0,    0,    0,  -26,    0,    0,    0,    0,    0,    0,    0,    0,    0,    0,    0,    0,    0,    0,    0,    0,    0,    0,    0,    0,    0,    0,    0,    0,    0,    0,    0,    0,    0,    0,    0,    0,    0,    0,    0,    0,    0,    0,    0,    0,    0,    0,    0,    0,    0,    0,    0,  -19,    0,    0,
       0,    0,    0,    0,    0,    0,    0,    0,    0,    0,    0,    0,    0,   -5,    0,   -5,   -5,    0,   -5,    0,    0,    0,    0,    0,    0,    0,    0,    0,    0,    0,    0,    0,    0,    0,    0,    0,    0,    0,    0,   -5,    0,    0,    0,    0,    0,    0,    0,    0,    0,    0,    0,    0,    0,    0,    0,    0,    0,    0,    0,    0,    0,    0,    0,    0,    0,    0,    0,    0,    0,    0,    0,    0,    0,    0,    0,    0,    0,    0,    0,    0,    0,    0,    0,    0,    0,    0,    0,    0,    0,    0,
       0,    0,    0,    0,   -5,    0,   -5,    0,    0,   -5,    0,    0,    0,    0,    0,    0,    0,    0,    0,    0,    0,    0,    0,    0,    0,    0,    0,    0,    0,    0,    0,    0,    0,    0,    0,    0,    0,    0,    0,    0,    0,    0,    0,    0,    0,    0,    0,    0,    0,    0,    0,    0,    0,    0,    0,    0,    0,    0,    0,    0,    0,    0,    0,    0,    0,    0,    0,    0,    0,    0,    0,    0,    0,    0,    0,    0,    0,    0,    0,    0,    0,    0,    0,    0,    0,    0,    0,   -5,    0,    0,
       0,   -5,    0,    0,    0,    0,    0,    0,    0,    0,    0,   -5,    0,    0,    0,    0,    0,    0,    0,    0,    0,    0,    0,    0,   -5,   -5,    0,    0,    0,    0,    0,   -5,    0,   -7,    0,   -7,    0,    0,    0,    0,    0,    0,    0,    0,    0,    0,    0,    0,    0,    0,    0,    0,    0,    0,    0,    0,    0,    0,    0,    0,    0,    0,    0,    0,    0,    0,    0,    0,    0,    0,    0,    0,    0,    0,    0,    0,    0,    0,    0,    0,    0,    0,    0,    0,    0,    0,    0,    0,    0,    0,
     -14,    0,    0,  -19,    0,    0,    0,    0,    0,    0,    0,    0,    0,  -16,   -5,  -19,  -12,    0,  -14,    0,    0,    0,    0,    0,    0,    0,    0,    0,    0,    0,    0,    0,   -7,    0,    0,    0,    0,    0,    0,    0,    0,    0,    0,    0,    0,    0,    0,    0,    0,    0,    0,    0,    0,    0,    0,    0,    0,    0,    0,    0,    0,    0,    0,    0,    0,    0,    0,    0,    0,    0,    0,    0,    0,    0,    0,    0,    0,    0,    0,    0,    0,    0,    0,    0,    0,    0,  -21,    0,    0,    0,
       0,   -5,    0,    0,   -5,    0,   -5,    0,    0,    0,    0,    0,    0,    0,    0,    0,    0,    0,    0,    0,    0,    0,    0,    0,    0,    0,    0,    0,    0,    0,    0,    0,    0,    0,    0,    0,    0,    0,    0,    0,    0,    0,    0,    0,    0,    0,    0,    0,    0,    0,    0,    0,    0,    0,    0,    0,    0,    0,    0,    0,    0,    0,    0,    0,    0,    0,    0,    0,    0,    0,    0,    0,    0,    0,    0,    0,    0,    0,    0,    0,    0,    0,    0,    0,    0,    0,    0,   -5,    0,    0,
       0,   -5,    0,    0,  -28,    0,  -28,    0,    0,  -12,    0,    0,    0,    0,    0,    0,    0,    0,    0,    0,    0,    0,    0,    0,    0,    0,    0,    0,    0,    0,    0,    0,    0,    0,    0,    0,    0,    0,    0,  -19,    0,    0,    0,    0,    0,    0,    0,    0,    0,    0,    0,    0,    0,    0,    0,    0,    0,    0,    0,    0,    0,    0,    0,    0,    0,    0,    0,    0,    0,    0,    0,    0,    0,    0,    0,    0,    0,    0,    0,    0,    0,    0,    0,    0,    0,    0,    0,  -28,    0,    0,
       0,   -5,    0,   -5,    0,    0,    0,    0,    0,    0,    0,   -5,    0,   -5,   -2,   -7,   -7,    0,   -7,    0,    0,    0,    0,    0,    0,    0,    0,    0,    0,    0,    0,    0,    0,   -5,    0,   -5,    0,    0,    0,    0,    0,    0,    0,    0,    0,    0,    0,    0,    0,    0,    0,    0,    0,    0,    0,    0,    0,    0,    0,    0,    0,    0,    0,    0,    0,    0,    0,    0,    0,    0,    0,    0,    0,    0,    0,    0,    0,    0,    0,    0,    0,    0,    0,    0,    0,    0,    0,    0,    0,    0,
       0,    0,    0,    0,    0,    0,    0,    0,    0,   -5,    0,    0,    0,   -5,    0,   -5,   -5,   -5,   -5,    0,    0,    0,    0,    0,    0,    0,    0,    0,    0,    0,    0,    0,    0,   -2,    0,   -5,    0,    0,    0,   -5,    0,    0,    0,    0,    0,    0,    0,    0,    0,    0,    0,    0,    0,    0,    0,    0,    0,    0,    0,    0,    0,    0,    0,    0,    0,    0,    0,    0,    0,    0,    0,    0,    0,    0,    0,    0,    0,    0,    0,    0,    0,    0,    0,    0,    0,    0,    0,    0,    0,    0,
       0,   -5,    0,    0,  -21,    0,  -21,    0,    0,  -14,    0,   -5,    0,    0,    0,    0,    0,    0,    0,    0,    0,    0,   -7,    0,   -7,   -7,    0,    0,    0,    0,    0,    0,    0,    0,    0,    0,    0,    0,    0,  -19,   12,    0,    0,    0,    0,    0,    0,    0,    0,    0,    0,    0,    0,    0,    0,    0,    0,    0,    0,    0,    0,    0,    0,    0,    0,    0,    0,    0,    0,    0,    0,    0,    0,    0,    0,    0,    0,    0,    0,    0,    0,    0,    0,    0,    0,    0,    0,  -21,    0,    0,
       0,   -5,    0,    0,   -5,    0,   -5,    0,    0,   -5,    0,    0,    0,    0,    0,    0,    0,    0,    0,    0,    0,    0,    0,    0,    0,    0,    0,    0,    0,    0,    0,    0,    0,    0,    0,    0,    0,    0,    0,   -5,    0,    0,    0,    0,    0,    0,    0,    0,    0,    0,    0,    0,    0,    0,    0,    0,    0,    0,    0,    0,    0,    0,    0,    0,    0,    0,    0,    0,    0,    0,    0,    0,    0,    0,    0,    0,    0,    0,    0,    0,    0,    0,    0,    0,    0,    0,    0,   -5,    0,    0,
       0,   -7,    0,    0,  -26,    0,  -26,    0,    0,  -19,    0,   -5,    0,    0,    0,    0,    0,    0,    0,    0,    0,    0,  -14,    0,  -14,  -14,    0,    0,    0,   -9,    0,    0,    0,    0,    0,    0,    0,    0,    0,  -30,    0,    0,    0,    0,    0,    0,    0,    0,    0,    0,    0,    0,    0,    0,    0,    0,    0,    0,    0,    0,    0,    0,    0,    0,    0,    0,    0,    0,    0,    0,    0,    0,    0,    0,    0,    0,    0,    0,    0,    0,    0,    0,    0,    0,    0,    0,    0,  -26,    0,    0,
       0,   -7,    0,    0,  -21,    0,  -21,    0,    0,  -14,    0,   -5,    0,    0,    0,    0,    0,    0,    0,    0,    0,    0,  -12,    0,  -14,  -14,    0,    0,    0,   -7,    0,    0,    0,    0,   -5,    0,    0,    0,    0,  -30,    0,    0,    0,    0,    0,    0,    0,    0,    0,    0,    0,    0,    0,    0,    0,    0,    0,    0,    0,    0,    0,    0,    0,    0,    0,    0,    0,    0,    0,    0,    0,    0,    0,    0,    0,    0,    0,    0,    0,    0,    0,    0,    0,    0,    0,    0,    0,  -21,    0,    0,
       0,    0,    0,    0,    0,    0,    0,    0,    0,    0,    0,   -5,   -2,    0,    0,    0,    0,    0,    0,    0,    0,    0,    0,    0,   -2,   -2,    0,    0,    0,    0,    0,    0,    0,   -7,    0,  -12,    0,   -9,    0,    0,    0,    0,    0,    0,    0,    0,    0,    0,    0,    0,    0,    0,    0,    0,    0,    0,    0,    0,    0,    0,    0,    0,    0,    0,    0,    0,    0,    0,    0,    0,    0,    0,    0,    0,    0,    0,    0,    0,    0,    0,    0,    0,    0,    0,    0,    0,    0,    0,    0,    0,
       0,   -7,    0,    0,  -19,    0,  -19,    0,    0,  -16,    0,   -7,   -5,    0,    0,    0,    0,    0,    0,    0,    0,    0,  -14,    0,  -16,  -16,    0,    0,    0,  -14,    0,    0,    0,    0,   -2,    0,   -2,    0,    0,  -21,    0,    0,    0,    0,    0,    0,    0,    0,    0,    0,    0,    0,    0,    0,    0,    0,    0,    0,    0,    0,    0,    0,    0,    0,    0,    0,    0,    0,    0,    0,    0,    0,    0,    0,    0,    0,    0,    0,    0,    0,    0,    0,    0,    0,    0,    0,    0,  -19,    0,    0,
       0,    0,    0,    0,    0,    0,    0,    0,    0,    0,    0,    0,    0,    0,    0,    0,    0,    0,    0,    0,    0,    0,    0,    0,    0,    0,    0,    0,    0,    0,    0,    0,    0,    0,    0,    0,    0,    0,    0,    0,    0,    0,   -9,   -5,    0,   14,    0,   -7,    0,   12,    0,    0,   -9,    0,  -26,    0,   -5,   -5,    0,   -5,    0,    0,    0,    0,    0,    0,    9,    0,  -19,   -5,    0,    0,    0,    0,    0,   14,    0,    0,    0,    0,    0,    0,    0,    0,    0,    0,    0,    0,    0,    0,
      -9,    0,    0,    0,    0,    0,    0,    0,    0,    0,    0,    0,    0,   -5,    0,  -12,   -9,    0,  -12,    0,    0,    0,    0,    0,    0,    0,    0,    0,    0,    0,    0,    0,    0,    0,    0,   -5,    0,    0,    0,    0,    0,    0,    0,    0,    0,    0,    0,    0,    0,    0,    0,    0,    0,    0,    0,    0,    0,    0,    0,    0,    0,    0,    0,    0,    0,    0,    0,    0,    0,    0,    0,    0,    0,    0,    0,    0,    0,    0,    0,    0,    0,    0,    0,    0,    0,    0,   -9,    0,    0,    0,
       0,    0,    0,    0,    0,    0,    0,    0,    0,    0,    0,    0,    0,   -7,    0,  -14,  -14,    0,  -16,    0,    0,    0,    0,    0,    0,    0,    0,    0,    0,    0,    0,    0,    0,    0,    0,   -5,    0,    0,    0,    0,    0,    0,    0,    0,    0,    0,    0,    0,    0,    0,    0,    0,    0,    0,    0,    0,    0,    0,    0,    0,    0,    0,    0,    0,    0,    0,    0,    0,    0,    0,    0,    0,    0,    0,    0,    0,    0,    0,    0,    0,    0,    0,    0,    0,    0,    0,    0,    0,    0,    0,
       0,    0,    0,    0,    0,    0,    0,    0,    0,    0,    0,    0,    0,    0,    0,  -12,  -12,    0,  -16,    0,    0,    0,    0,    0,    0,    0,    0,    0,    0,    0,    0,    0,    0,    0,    0,    0,    0,    0,    0,    0,    0,    0,    0,    0,    0,    0,    0,    0,    0,    0,    0,    0,    0,    0,    0,    0,    0,    0,    0,    0,    0,    0,    0,    0,    0,    0,    0,    0,    0,    0,    0,    0,    0,    0,    0,    0,    0,    0,    0,    0,    0,    0,    0,    0,    0,    0,    0,    0,    0,    0,
      19,    0,   21,   19,    0,    0,    0,    0,    0,    0,    0,    0,    0,    0,    0,    0,    0,    0,    0,    0,   23,    0,    0,    0,    0,    0,    0,    0,    0,    0,    0,    0,    0,    0,    0,    0,    0,    0,    0,    0,    0,    0,    0,    0,    0,    0,    0,    0,    0,    0,    0,    0,    0,    0,    0,    0,    0,    0,    0,    0,    0,    0,    0,    0,    0,    0,    0,    0,    0,    0,    0,    0,    0,    0,    0,    0,    0,    0,    0,    0,    0,    0,    0,    0,    0,    0,   14,    0,    0,    0,
       0,    0,    0,    0,    0,    0,    0,    0,    0,    0,    0,    0,    0,    0,    0,    0,    0,    0,    0,    0,    0,    0,    0,    0,   -5,   -5,    0,    0,    0,    0,    0,    0,    0,    0,    0,    0,    0,    0,    0,    0,    0,    0,    0,    0,    0,    0,    0,    0,    0,    0,    0,    0,    0,    0,    0,    0,    0,    0,    0,    0,    0,    0,    0,    0,    0,    0,    0,    0,    0,    0,    0,    0,    0,    0,    0,    0,    0,    0,    0,    0,    0,    0,    0,    0,    0,    0,    0,    0,    0,    0,
       0,    0,    0,    0,    0,    0,    0,    0,    0,    0,    0,    0,    0,    0,    0,    0,   -9,    0,   -5,    0,    0,    0,    0,    0,    0,    0,    0,    0,    0,    0,    0,    0,    0,    0,    0,    0,    0,    0,    0,    0,    0,    0,    0,    0,    0,    0,    0,    0,    0,    0,    0,    0,    0,    0,    0,    0,    0,    0,    0,    0,    0,    0,    0,    0,    0,    0,    0,    0,    0,    0,    0,    0,    0,    0,    0,    0,    0,    0,    0,    0,    0,    0,    0,    0,    0,    0,    0,    0,    0,    0,
       0,    0,    0,    7,  -40,    0,  -40,    0,    0,    0,    0,    0,    0,    0,    0,   -7,   -9,  -12,   -7,    0,    0,    0,   -5,    0,   -5,   -5,    0,    0,    0,    0,    0,    0,    0,    0,    0,    0,    0,    0,    0,    0,    0,    0,    0,    0,    0,    0,    0,    0,    0,    0,    0,    0,    0,    0,    0,    0,    0,    0,    0,    0,    0,    0,    0,    0,    0,    0,    0,    0,    0,    0,    0,    0,    0,    0,    0,    0,    0,    0,    0,    0,    0,    0,    0,    0,    0,    0,    0,  -40,    0,    0,
      -5,    0,    0,    0,    0,    0,    0,    0,    0,    0,    0,    0,    0,    0,    0,   -7,   -7,    0,  -12,    0,    0,    0,    0,    0,    0,    0,    0,    0,    0,    0,    0,    0,    0,    0,    0,    0,    0,    0,    0,    0,    0,    0,    0,    0,    0,    0,    0,    0,    0,    0,    0,    0,    0,    0,    0,    0,    0,    0,    0,    0,    0,    0,    0,    0,    0,    0,    0,    0,    0,    0,    0,    0,    0,    0,    0,    0,    0,    0,    0,    0,    0,    0,    0,    0,    0,    0,    0,    0,    0,    0,
       0,    0,    0,    0,  -12,    0,  -16,    0,    0,    0,    0,    0,    0,    0,    0,   -7,   -5,    0,   -7,    0,    0,    0,    0,    0,    0,    0,    0,    0,    0,    0,    0,    0,    0,    0,    0,    0,    0,    0,    0,    0,    0,    0,    0,    0,    0,    0,    0,    0,    0,    0,    0,    0,    0,    0,    0,    0,    0,    0,    0,    0,    0,    0,    0,    0,    0,    0,    0,    0,    0,    0,    0,    0,    0,    0,    0,    0,    0,    0,    0,    0,    0,    0,    0,    0,    0,    0,    0,  -16,    0,    0,
       0,    0,    0,    0,  -16,    0,  -16,    0,    0,    0,    0,    0,    0,    0,    0,   -5,   -5,    0,   -7,    0,    0,    0,    0,    0,    0,    0,    0,    0,    0,    0,    0,    0,    0,    0,    0,    0,    0,    0,    0,    0,    0,    0,    0,    0,    0,    0,    0,    0,    0,    0,    0,    0,    0,    0,    0,    0,    0,    0,    0,    0,    0,    0,    0,    0,    0,    0,    0,    0,    0,    0,    0,    0,    0,    0,    0,    0,    0,    0,    0,    0,    0,    0,    0,    0,    0,    0,    0,  -16,    0,    0,
       0,    0,    0,    0,  -21,    0,  -21,    0,    0,    0,    0,    0,    0,    0,    0,    0,   -5,    0,    0,    0,    0,    0,    0,    0,    0,    0,    0,    0,    0,    0,    0,    0,    0,    0,    0,    0,    0,    0,    0,    0,    0,    0,    0,    0,    0,    0,    0,    0,    0,    0,    0,    0,    0,    0,    0,    0,    0,    0,    0,    0,    0,    0,    0,    0,    0,    0,    0,    0,    0,    0,    0,    0,    0,    0,    0,    0,    0,    0,    0,    0,    0,    0,    0,    0,    0,    0,    0,  -21,    0,    0,
       0,    0,    0,   -5,    0,    0,    0,    0,    0,    0,    0,    0,    0,    0,    0,   -9,   -7,    0,   -7,    0,    0,    0,    0,    0,    0,    0,    0,    0,    0,    0,    0,    0,    0,    0,    0,    0,    0,    0,    0,    0,    0,    0,    0,    0,    0,    0,    0,    0,    0,    0,    0,    0,    0,    0,    0,    0,    0,    0,    0,    0,    0,    0,    0,    0,    0,    0,    0,    0,    0,    0,    0,    0,    0,    0,    0,    0,    0,    0,    0,    0,    0,    0,    0,    0,    0,    0,   -5,    0,    0,    0,
       0,    0,    0,    0,    0,    0,    0,    0,    0,    0,    0,    0,    0,   -5,   -2,  -12,    0,    0,  -14,    0,    0,    0,    0,    0,    0,    0,    0,    0,    0,    0,    0,    0,    0,    0,    0,    0,    0,    0,    0,    0,    0,    0,    0,    0,    0,    0,    0,    0,    0,    0,    0,    0,    0,    0,    0,    0,    0,    0,    0,    0,    0,    0,    0,    0,    0,    0,    0,    0,    0,    0,    0,    0,    0,    0,    0,    0,    0,    0,    0,    0,    0,    0,    0,    0,    0,    0,    0,    0,    0,    0,
       0,    0,    0,    0,    0,    0,    0,    0,    0,    0,    0,    0,    0,    0,    0,    0,    0,    0,    0,    0,    0,    0,    0,    0,    0,    0,    0,    0,    0,    0,    0,    0,    0,    0,    0,    0,    0,    0,    0,    0,    0,    0,  -12,    0,    0,    0,    0,   -9,   -5,    0,    0,    0,   -2,    0,   -9,    0,    0,    0,    0,    0,    0,    0,    0,    0,    0,    0,    0,    0,    0,    0,    0,    0,    0,    0,    0,    0,    0,    0,    0,    0,    0,    0,    0,    0,    0,    0,    0,    0,    0,    0,
       0,    0,    0,    0,    0,    0,    0,    0,    0,    0,    0,    0,    0,   -7,   -2,  -12,  -12,    0,  -12,    0,    0,    0,    0,    0,    0,    0,    0,    0,    0,    0,    0,    0,    0,    0,    0,    0,    0,    0,    0,    0,    0,    0,    0,    0,    0,    0,    0,    0,    0,    0,    0,    0,    0,    0,    0,    0,    0,    0,    0,    0,    0,    0,    0,    0,    0,    0,    0,    0,    0,    0,    0,    0,    0,    0,    0,    0,    0,    0,    0,    0,    0,    0,    0,    0,    0,    0,    0,    0,    0,    0,
     -19,   -5,    0,  -16,    0,    0,    0,    0,    0,    0,    0,   -5,    0,  -14,   -5,  -19,  -16,    0,  -16,    0,    0,    0,    0,    0,   -5,   -5,    0,    0,    0,    0,    0,   -5,  -12,   -7,    0,  -12,    0,  -12,    0,    0,  -12,    0,    0,    0,    0,    0,    0,    0,    0,    0,    0,    0,    0,    0,    0,    0,    0,    0,    0,    0,    0,    0,    0,    0,    0,    0,    0,    0,    0,    0,    0,    0,    0,    0,    0,    0,    0,    0,    0,    0,    0,    0,    0,    0,    0,    0,  -21,    0,    0,    0,
       7,    0,   16,    9,    0,    0,    0,    0,    7,    0,   12,    0,    0,   16,   16,   21,   16,   16,   23,   19,    0,    0,    0,   21,    0,    0,    0,   21,    0,    0,    0,    0,    0,    0,    0,    0,    0,    0,    0,    0,    0,    0,    0,    0,    0,    0,    0,    0,    0,    0,    0,    0,    0,    0,    0,    0,    0,    0,    0,    0,    0,    0,    0,    0,    0,    0,    0,    0,    0,    0,    0,    0,    0,    0,    0,    0,    0,    0,    0,    0,    0,    0,    0,    0,    0,    0,    7,    0,    0,    0,
       0,    0,    0,   -7,    0,    0,    0,    0,    0,    0,    0,    0,    0,   -7,    0,  -12,    0,    0,    0,    0,    0,    0,    0,    0,    0,    0,    0,    0,    0,    0,    0,    0,    0,    0,    0,    0,    0,    0,    0,    0,    0,    0,    0,    0,    0,    0,    0,    0,    0,    0,    0,    0,    0,    0,    0,    0,    0,    0,    0,    0,    0,    0,    0,    0,    0,    0,    0,    0,    0,    0,    0,    0,    0,    0,    0,    0,    0,    0,    0,    0,    0,    0,    0,    0,    0,    0,    0,    0,    0,    0,
       0,    0,    0,    0,   -7,    0,   -7,    0,    0,   -9,    0,    0,    0,    5,    0,    5,    5,    0,    5,    0,    0,    0,   -5,    0,   -5,   -5,    0,    0,    0,   -5,   -5,    0,    0,   -5,   -5,   -5,    0,    0,    0,    0,    0,    0,    0,    0,    0,    0,    0,    0,    0,    0,    0,    0,    0,    0,    0,    0,    0,    0,    0,    0,    0,    0,    0,    0,    0,    0,    0,    0,    0,    0,    0,    0,    0,    0,    0,    0,    0,    0,    0,    0,    0,    0,    0,    0,    0,    0,    0,   -7,    0,    0,
       0,    0,    0,    5,   -2,    0,   -2,    0,    0,    0,    0,    0,    0,    0,    0,    0,    0,    0,    0,    0,    0,    0,    0,    0,    0,    0,    2,    0,    5,    0,    7,    5,    0,    7,    0,    7,    0,    0,    0,    0,    0,    0,    0,    0,    0,    0,    0,    0,    0,    0,    0,    0,    0,    0,    0,    0,    0,    0,    0,    0,    0,    0,    0,    0,    0,    0,    0,    0,    0,    0,    0,    0,    0,    0,    0,    0,    0,    0,    0,    0,    0,    0,    0,    0,    0,    2,    0,   -2,    0,    0,
       0,    0,    0,    0,   -7,    0,   -7,    0,    0,  -14,    0,   -5,    0,    0,    2,    7,    0,    0,    7,    0,    0,    0,  -12,    2,  -14,  -14,    0,    0,   -7,  -14,   -5,   -7,    0,   -5,    0,   -5,   -7,    0,    0,    0,    0,    0,    0,    0,    0,    0,    0,    0,    0,    0,    0,    0,    0,    0,    0,    0,    0,    0,    0,    0,    0,    0,    0,    0,    0,    0,    0,    0,    0,    0,    0,    0,    0,    0,    0,    0,    0,    0,    0,    0,    0,    0,    0,    0,    0,    0,    0,   -7,    0,    0,
       0,    0,    0,    5,    0,    0,    0,    0,    0,    0,    0,    0,    0,    0,    0,    0,    0,    0,    0,    0,    0,    0,    0,    0,    0,    0,    2,    0,    5,    0,    0,    0,    0,    0,    0,    0,    0,    0,    0,    0,    0,    0,    0,    0,    0,    0,    0,    0,    0,    0,    0,    0,    0,    0,    0,    0,    0,    0,    0,    0,    0,    0,    0,    0,    0,    0,    0,    0,    0,    0,    0,    0,    0,    0,    0,    0,    0,    0,    0,    0,    0,    0,    0,    0,    0,    2,    0,    0,    0,    0,
       0,    0,    0,    0,    0,    0,    0,    0,    0,    0,    0,    0,    0,    0,    0,    0,    0,    0,    0,    0,    0,    0,    0,    0,    0,    0,    0,    0,    0,    0,    0,    0,    0,    0,    0,    0,    0,    0,    0,    0,    0,    0,   -5,    0,    0,    0,    0,   -5,    0,    0,    0,    0,   -4,    0,    0,    0,    0,    0,    0,    0,    0,    0,    0,    0,   -5,    0,    0,    0,    0,   -5,   -5,    0,    0,    0,    0,    0,    0,    0,    0,    0,    0,    0,    0,   -5,    0,    0,    0,    0,    0,    0,
     -40,    0,   -5,  -19,    0,    0,    0,   -2,    0,    0,    0,    0,    0,    0,    0,    0,    0,    0,    0,    0,    0,   -2,    0,    0,    0,    0,    0,    0,    0,    0,    0,    0,    0,    0,    0,    0,    0,    0,    0,    0,    0,    0,  -19,    0,    0,   -4,    0,  -56,   -2,   -2,   -2,    0,   -5,   -5,  -14,   -2,    0,    0,    0,    0,    0,    0,    0,    0,   -4,    0,   -2,   -2,   -7,    0,    0,    0,    0,    0,    0,    0,    0,    0,    0,    0,    0,    0,  -16,    0,    0,    0,  -35,    0,    0,    0,
       0,    0,    0,    7,  -14,   -9,  -14,   -7,    0,    0,    0,    0,    0,    0,    0,    0,    0,    0,    0,    0,    0,   -9,    0,    0,    0,    0,    0,    0,    0,    0,    0,    0,    0,    0,    0,    0,    0,    0,  -12,    0,    0,    0,    0,   -5,   -2,    0,   -7,    0,  -14,   -9,    0,    0,   -6,    0,    0,   -4,   -7,    0,   -2,   -7,    0,    0,    5,    0,  -14,    0,    9,    0,    2,    0,   -7,    0,   -4,    5,    5,    0,    0,    0,    0,    0,    0,    0,    0,    0,    0,    0,    0,  -14,    0,    0,
       0,    0,    0,    0,    0,    0,    0,    0,    0,    0,    0,    0,    0,    0,    0,    0,    0,    0,    0,    0,    0,    0,    0,    0,    0,    0,    0,    0,    0,    0,    0,    0,    0,    0,    0,    0,    0,    0,    0,    0,    0,    0,    0,    0,    0,    0,    0,   -2,    0,    0,    0,    0,   -2,    0,    0,    0,    0,    0,    0,    0,    0,    0,    0,    0,   -2,    0,    0,   -2,    0,    0,    0,    0,    0,    0,    0,    0,    0,    0,    0,    0,    0,    0,    0,    0,    0,    0,    0,    0,    0,    0,
       0,    0,    0,    0,    0,    0,    0,    0,    0,    0,    0,    0,    0,    0,    0,    0,    0,    0,    0,    0,    0,    0,    0,    0,    0,    0,    0,    0,    0,    0,    0,    0,    0,    0,    0,    0,    0,    0,    0,    0,    0,    0,   -2,    0,    0,    0,    0,   -2,   -2,   -2,    0,    0,   -6,   -2,   -7,    0,    0,    0,    0,    0,    0,    0,    0,    0,    0,    0,    0,    0,    0,    0,    0,    0,    0,    0,    0,    0,    0,    0,   -5,    0,    0,    0,   -5,    0,    0,    0,    0,    0,    0,    0,
       0,    0,    0,    0,    0,    0,    0,    0,    0,    0,    0,    0,    0,    0,    0,    0,    0,    0,    0,    0,    0,    0,    0,    0,    0,    0,    0,    0,    0,    0,    0,    0,    0,    0,    0,    0,    0,    0,    0,    0,    0,    0,    0,    0,    0,    0,    0,    0,    0,    0,    0,    0,   -2,    0,    0,    0,    0,    0,    0,    0,    0,    0,    0,    0,   -5,    0,    0,    0,    0,    0,    0,    0,    0,    0,    0,    0,    0,    0,    0,    0,    0,    0,    0,    0,    0,    0,    0,    0,    0,    0,
       0,    0,    0,    0,    0,    0,    0,    0,    0,    0,    0,    0,    0,    0,    0,    0,    0,    0,    0,    0,    0,    0,    0,    0,    0,    0,    0,    0,    0,    0,    0,    0,    0,    0,    0,    0,    0,    0,    0,    0,    0,    0,    0,    0,    0,    0,   -5,    0,   -5,   -4,    0,    0,   -5,    0,    0,    0,    0,    0,    0,    0,    0,    0,    7,    0,   -5,    0,    0,    0,    0,    0,    0,    0,    0,    7,    7,    0,    0,    0,    0,    0,    0,    0,    0,    0,    0,    0,    0,    0,    0,    0,
     -23,    0,   -5,  -12,    0,    0,    0,   -2,    0,    0,    0,    0,    0,    0,    0,    0,    0,    0,    0,    0,    0,   -2,    0,    0,    0,    0,    0,    0,    0,    0,    0,    0,    0,    0,    0,    0,    0,    0,    0,    0,    0,    0,  -19,    0,    0,   -4,    0,  -28,   -2,   -2,   -2,    0,   -5,   -5,  -14,   -2,    0,    0,    0,    0,    0,    0,    0,    0,   -4,    0,   -2,   -2,   -7,    0,    0,    0,    0,    0,    0,    0,    0,    0,    0,    0,    0,    0,   -9,    0,    0,    0,  -21,    0,    0,    0,
     -28,    0,   -9,  -16,    0,   -5,    0,   -5,    0,    0,    0,    0,    0,    0,    0,    0,    0,    0,    0,    0,    0,    0,    0,    0,    0,    0,    0,    0,    0,    0,    0,    0,    0,    0,    0,    0,    0,    0,  -12,    0,    0,    0,  -21,  -14,   -9,   -7,    0,  -33,    0,    0,    0,   -9,  -19,    0,  -30,    0,   -5,    0,   -2,   -5,    0,   -2,   -5,    0,   -5,    0,   -9,    0,  -12,    0,    0,    0,    0,   -5,   -5,   -5,   -2,   -5,    0,  -12,    0,   -7,  -16,    0,    0,    0,  -23,    0,    0,    0,
       0,    0,    0,    0,    0,   -5,    0,    0,    0,    0,    0,    0,    0,    0,    0,    0,    0,    0,    0,    0,    0,    0,    0,    0,    0,    0,    0,    0,    0,    0,    0,    0,    0,    0,    0,    0,    0,    0,   -7,    0,    0,    0,    0,   -7,   -2,    0,    2,    0,    0,    5,    0,   -2,  -12,    0,   -5,    0,   -5,   -2,    0,   -5,    0,    0,   -2,    0,    0,    0,   -2,    0,   -7,   -7,    0,    0,    0,   -2,   -1,    0,   -2,    0,    0,    0,   -5,    0,    0,   -7,    0,    0,   -5,    0,    0,    0,
       0,    0,    2,    9,  -26,   -5,  -26,   -5,    0,    0,    0,    0,    0,    0,    0,    0,    0,    0,    0,    0,    5,  -19,    0,    0,    0,    0,    0,    0,    0,    0,    0,    0,    0,    0,    0,    0,    0,    0,   -9,    0,    0,    0,    0,  -12,   -2,    0,  -14,    0,  -30,  -19,    0,    0,  -14,    0,    0,   -9,  -12,    0,   -7,  -19,   -9,   -2,   -2,   -5,  -28,    0,    0,   -2,    0,    0,   -5,    0,   -7,   -2,    7,    0,    0,    0,    0,    0,   -9,    0,    0,    0,    0,    0,    0,  -26,    0,    0,
     -19,    0,    0,  -16,    0,   -2,    0,    0,    0,    0,    0,    0,    0,    0,    0,    0,    0,    0,    0,    0,    0,    0,    0,    0,    0,    0,    0,    0,    0,    0,    0,    0,    0,    0,    0,    0,    0,    0,   -5,    0,    0,    0,  -14,   -7,   -2,    0,    0,  -19,    0,    0,    0,   -2,  -12,    0,  -28,    0,   -7,   -5,    0,   -7,    0,    0,   -5,    0,   -2,    0,  -14,    0,  -16,   -9,    0,    0,   -2,   -5,   -5,    0,   -5,    0,    0,    0,    0,    0,  -14,   -9,    0,    0,  -21,    0,    0,    0,
       0,    0,    0,   -2,    0,    0,    0,   -5,    0,    0,    0,    0,    0,    0,    0,    0,    0,    0,    0,    0,    0,   -2,    0,    0,    0,    0,    0,    0,    0,    0,    0,    0,    0,    0,    0,    0,    0,    0,    0,    0,    0,    0,   -6,    0,   -2,   -7,    0,   -7,   -2,   -5,   -2,    0,   -5,   -2,   -9,   -2,    0,    0,    0,    0,    0,    0,    0,    0,   -5,   -2,   -4,   -6,   -5,   -2,   -5,    0,    0,    0,    0,    0,    0,    0,    0,    0,    0,    0,    0,    0,    0,    0,   -5,    0,    0,    0,
       0,    0,    0,   -2,    0,    0,    0,   -5,    0,    0,    0,    0,    0,    0,    0,    0,    0,    0,    0,    0,    0,   -2,    0,    0,    0,    0,    0,    0,    0,    0,    0,    0,    0,    0,    0,    0,    0,    0,    0,    0,    0,    0,   -8,    0,   -2,    0,    0,  -12,   -2,   -4,   -4,    0,   -2,   -2,  -12,    0,    0,    0,    0,    0,    0,    0,    0,    0,   -5,    0,    0,   -2,    0,   -5,   -2,    0,    0,    0,    0,    0,    0,    0,   -5,    0,    0,    0,   -5,   -5,   -7,    0,   -5,    0,    0,    0,
       0,    0,    2,    0,    0,    0,    0,    0,    0,    0,    0,    0,    0,    0,    0,    0,    0,    0,    0,    0,    0,    7,    0,    0,    0,    0,    0,    0,    0,    0,    0,    0,    0,    0,    0,    0,    0,    0,    0,    0,    0,    0,    0,   -2,    0,    5,    0,    0,    0,    0,    0,    0,   -5,    0,    0,    0,   -4,    0,   -2,   -4,    0,   -2,   -2,    0,   -5,    0,    0,    0,    0,   -2,   -2,    0,    0,   -2,    0,    2,    0,    0,    0,    0,    0,    0,    0,    0,    0,    0,    0,    0,    0,    0,
       0,    0,   -5,    0,   -5,    0,   -5,   -5,    0,    0,    0,    0,    0,    0,    0,    0,    0,    0,    0,    0,    0,   -5,    0,    0,    0,    0,    0,    0,    0,    0,    0,    0,    0,    0,    0,    0,    0,    0,    0,    0,    0,    0,   -5,    0,    0,   -4,   -4,  -18,   -5,   -8,   -5,    0,    0,   -5,   -2,   -2,    0,    0,    0,    0,    0,    0,    0,    0,   -9,    0,    0,   -2,    0,    0,    0,    0,    0,    0,    0,    0,    0,    0,   -5,    0,    0,    0,   -5,    0,    0,    0,    0,   -5,    0,    0,
       0,    0,   -5,    0,  -28,    0,  -28,   -5,    0,    0,    0,    0,    0,    0,    0,    0,    0,    0,    0,    0,    0,   -9,    0,    0,    0,    0,    0,    0,    0,    0,    0,    0,    0,    0,    0,    0,    0,    0,   -2,    0,    0,    0,    0,    0,    0,    0,  -12,   -5,  -12,  -16,   -9,   -4,    0,   -9,   -6,   -2,    0,    0,    0,    0,    0,    0,    0,    0,  -12,    0,    7,   -2,    0,    0,   -2,    0,    0,    0,    0,    0,    0,    0,    0,    0,    0,    0,    0,    0,    0,    0,    0,  -28,    0,    0,
       0,    0,   -5,   -2,   -7,    0,   -7,   -7,    0,    0,    0,    0,    0,    0,    0,    0,    0,    0,    0,    0,    0,   -9,    0,    0,    0,    0,    0,    0,    0,    0,    0,    0,    0,    0,    0,    0,    0,    0,   -2,    0,    0,   -2,   -9,    0,   -5,   -5,   -7,  -21,   -7,  -12,   -9,   -5,    0,   -9,   -7,   -7,    0,    0,    0,    0,    0,    0,    0,    0,   -9,    0,    0,   -5,    0,    0,   -1,    0,    0,    0,    0,    0,    0,    0,   -5,    0,    0,    0,    0,    0,    0,    0,   -7,   -7,    0,    0,
       0,    0,    0,    0,    0,   -5,    0,    0,    0,    0,    0,    0,    0,    0,    0,    0,    0,    0,    0,    0,    0,    0,    0,    0,    0,    0,    0,    0,    0,    0,    0,    0,    0,    0,    0,    0,    0,    0,   -5,    0,    0,    0,    0,   -5,   -2,    0,    0,    0,    0,    0,    0,    0,   -9,    0,   -5,    0,   -4,    0,   -2,   -4,    0,    0,   -1,    0,   -2,    0,   -2,    0,   -4,   -9,    0,    0,    0,   -1,    5,    0,   -5,    0,    0,    0,    0,    0,    0,   -7,    0,    0,    0,    0,    0,    0,
       0,    0,    0,    0,    7,    0,    7,    0,    0,    0,    0,    0,    0,    0,    0,    0,    0,    0,    0,    0,    0,    0,    0,    0,    0,    0,    0,    0,    0,    0,    0,    0,    0,    0,    0,    0,    0,    0,    0,    0,    0,    5,   -5,    0,    0,    0,   12,   -9,   10,    9,   14,    0,    0,    9,  -12,   12,    0,    0,    0,    0,    2,    0,    0,    0,    7,    0,    0,    4,   -2,   -4,    0,    0,    0,    0,    0,    0,    0,    0,    0,    0,    0,    0,    0,    0,    0,    0,    0,    7,    0,    0,
       0,    0,    0,    0,   -5,    0,   -5,    0,    0,    0,    0,    0,    0,    0,    0,    0,    0,    0,    0,    0,    0,   -5,    0,    0,    0,    0,    0,    0,    0,    0,    0,    0,    0,    0,    0,    0,    0,    0,    0,    0,    0,    0,   -9,    0,    0,    0,    0,  -23,   -5,    0,   -2,    0,    0,   -4,   -8,    0,    0,    0,    0,    0,   -2,   -2,    0,    0,   -5,    0,   -4,   -8,   -4,   -1,   -2,    0,    0,    0,    0,   -2,    0,    0,    0,    0,    0,    0,    0,    0,    0,    0,    0,   -5,    0,    0,
       0,    0,    0,   -2,   -2,    0,   -2,    0,    0,    0,    0,    0,    0,    0,    0,    0,    0,    0,    0,    0,    0,    0,    0,    0,    0,    0,    0,    0,    0,    0,    0,    0,    0,    0,    0,    0,    0,    0,    0,    0,    0,    0,   -7,    0,    0,    0,    0,  -16,    0,    0,    0,    0,    0,    0,  -12,    0,    0,    0,    0,    0,    0,    0,   -4,    0,   -4,    0,   -2,   -4,   -4,    0,    0,    0,    0,   -4,   -4,    0,    0,    0,    0,    0,    0,    0,   -5,    0,    0,    0,    0,   -2,    0,    0,
       0,    0,    0,    5,   -5,    0,   -5,    0,    0,    0,    0,    0,    0,    0,    0,    0,    0,    0,    0,    0,    0,    0,    0,    0,    0,    0,    0,    0,    0,    0,    0,    0,    0,    0,    0,    0,    0,    0,    0,    0,    0,    0,   -2,    0,    0,    0,    0,  -12,    0,    0,    0,    0,    0,    0,   -5,    0,    0,    0,    0,    0,    0,    0,    0,    0,   -7,    0,    0,   -2,    0,    0,   -2,    0,    0,    0,    0,    0,    0,    0,    0,    0,    0,    0,   -5,    0,    0,    0,    0,   -5,    0,    0,
       0,    0,    0,    0,   -5,    0,   -5,    0,    0,    0,    0,    0,    0,    0,    0,    0,    0,    0,    0,    0,    0,   -5,    0,    0,    0,    0,    0,    0,    0,    0,    0,    0,    0,    0,    0,    0,    0,    0,    0,    0,    0,    0,    0,    0,    0,    0,    0,  -12,   -5,    0,   -2,    0,    0,   -2,   -4,    0,    0,    0,    0,    0,    0,    0,    0,    0,   -7,    0,    0,   -4,    0,    0,   -4,    0,    0,    0,    0,    0,    0,    0,    0,    0,    0,    0,    0,    0,    0,    0,    0,   -5,    0,    0,
       0,    0,    0,    0,    0,    0,    0,    0,    0,    0,    0,    0,    0,    0,    0,    0,    0,    0,    0,    0,    0,    0,    0,    0,    0,    0,    0,    0,    0,    0,    0,    0,    0,    0,    0,    0,    0,    0,    0,    0,    0,    0,   -2,    0,    0,    0,    0,   -9,    0,    0,    0,    0,    0,    0,   -5,    0,    0,    0,    0,    0,    0,    0,    0,    0,   -2,    0,    0,   -2,    0,    0,    0,    0,    0,    0,    0,    0,    0,    0,    0,    0,    0,    0,    0,    0,    0,    0,    0,    0,    0,    0,
       0,    0,    0,    0,    0,    0,    0,    0,    0,    0,    0,    0,    0,    0,    0,    0,    0,    0,    0,    0,    0,    0,    0,    0,    0,    0,    0,    0,    0,    0,    0,    0,    0,    0,    0,    0,    0,    0,    0,    0,    0,    0,   -2,    0,    0,    0,    0,   -9,    0,    0,    0,    0,    0,    0,   -4,    1,   -2,    0,    0,   -2,    0,    0,    0,    0,   -2,    0,    2,   -1,    0,    0,    0,    0,    0,    0,    0,    0,    0,    0,    0,    0,   -5,    0,    0,    0,    0,    0,    0,    0,    0,    0,
       0,    0,    0,    0,    0,   -7,    0,    0,    0,    0,    0,    0,    0,    0,    0,    0,    0,    0,    0,    0,    0,    0,    0,    0,    0,    0,    0,    0,    0,    0,    0,    0,    0,    0,    0,    0,    0,    0,    0,    0,    0,    0,   -4,   -2,    0,    0,    2,  -12,    0,    2,    0,   -2,   -2,    0,  -12,    0,   -5,   -1,   -2,   -5,    0,    0,    0,    0,    0,    0,    0,    0,    0,    0,    0,    0,    0,    0,    0,    0,    0,    0,    0,    0,    0,    0,    0,    0,    0,    0,    0,    0,    0,    0,
       0,    0,    0,    0,   -5,    0,   -5,    0,    0,    0,    0,    0,    0,    0,    0,    0,    0,    0,    0,    0,    0,   -5,    0,    0,    0,    0,    0,    0,    0,    0,    0,    0,    0,    0,    0,    0,    0,    0,    0,    0,    0,    0,   -9,    0,    0,    0,    0,  -16,   -5,    0,   -2,    0,    0,   -4,   -8,    0,    0,    0,    0,    0,   -2,   -2,    0,    0,   -5,    0,   -4,   -8,   -4,   -1,   -2,    0,    0,    0,    0,   -2,    0,    0,    0,    0,    0,    0,    0,    0,    0,    0,    0,   -5,    0,    0,
       0,    0,    0,    7,    5,    0,    5,    0,    0,    0,    0,    0,    0,    0,    0,    0,    0,    0,    0,    0,    0,    0,    0,    0,    0,    0,    0,    0,    0,    0,    0,    0,    0,    0,    0,    0,    0,    0,    0,    0,    0,    6,   -9,    0,    0,    0,   12,   -7,   10,   10,   14,    0,    0,   10,  -14,   12,    0,    0,    0,    0,    2,    0,    0,    0,    7,    0,   -2,    4,   -5,    0,    0,    0,    0,    0,    0,    0,    0,    0,    0,    0,    0,    0,    0,    0,    0,    0,   -7,    5,    0,    0,
       0,    0,    0,    0,    0,    0,    0,    0,    0,    0,    0,    0,    0,    0,    0,    0,    0,    0,    0,    0,    0,    0,    0,    0,    0,    0,    0,    0,    0,    0,    0,    0,    0,    0,    0,    0,    0,    0,    0,    0,    0,    0,   -2,    0,    0,    0,    0,   -9,    0,    0,    0,    0,    0,    0,   -4,    1,   -2,    0,    0,   -2,    0,    0,    0,    0,   -2,    0,    0,   -1,    0,    0,    0,    0,    0,    0,    0,    0,    0,    0,    0,    0,   -5,    0,    0,    0,    0,    0,    0,    0,    0,    0,
       0,    0,   -2,    0,   -5,    0,   -5,    0,    0,    0,    0,    0,    0,    0,    0,    0,    0,    0,    0,    0,    0,   -5,    0,    0,    0,    0,    0,    0,    0,    0,    0,    0,    0,    0,    0,    0,    0,    0,    0,    0,    0,    0,   -2,    0,    0,    0,   -4,   -7,   -5,   -5,   -2,   -5,    0,   -2,   -7,    0,    0,    0,   -2,    0,   -5,   -2,    0,    0,  -16,    0,    0,   -8,    0,    0,   -2,    0,    0,    0,    0,    0,    0,    0,    0,    0,    0,    0,    0,    0,    0,    0,    0,   -5,    0,    0,
       0,    0,    9,   -5,    5,    0,    5,    0,    0,    0,    0,    0,    0,    0,    0,    0,    0,    0,    0,    0,    0,   19,    0,    0,    0,    0,    0,    0,    0,    0,    0,    0,    0,    0,    0,    0,    0,    0,    4,    0,    0,    7,   -5,    0,    0,    7,   13,   -4,   13,   13,   16,    0,   -2,   14,  -12,   15,    0,    0,    0,    0,    5,    0,    0,    0,    9,    0,    0,    6,   -2,   -4,    4,    0,    2,    0,    0,    7,    0,    0,    0,    0,    0,    0,    0,    0,    0,    0,   -5,    5,    0,    0,
     -16,    0,    0,  -14,    0,    0,    0,    0,    0,    0,    0,    0,    0,    0,    0,    0,    0,    0,    0,    0,    0,    0,    0,    0,    0,    0,    0,    0,    0,    0,    0,    0,    0,    0,    0,    0,    0,    0,    0,    0,    0,    0,  -16,    0,    0,    0,    2,  -16,    0,    0,    0,    0,   -2,    0,  -26,    0,    0,    0,    0,    0,    0,    0,   -2,    0,    0,    0,   -8,    0,  -10,  -12,   -2,    0,    0,   -2,   -2,    0,    0,    0,    0,    0,    0,    0,    0,    0,    0,    0,  -14,    0,    0,    0,
       0,    0,    0,    0,    0,    0,    0,    0,    0,    0,    0,    0,    0,    0,    0,    0,    0,    0,    0,    0,    0,    0,    0,    0,    0,    0,    0,    0,    0,    0,    0,    0,    0,    0,    0,    0,    0,    0,    0,    0,    0,    0,   -5,    0,    0,    0,    0,  -23,    0,    0,    0,    0,    0,    0,  -13,    0,    0,    0,    0,    0,    0,    0,    0,    0,   -7,    0,    0,    0,   -2,    0,    0,    0,    0,    0,    0,    0,    0,    0,    0,    0,    0,    0,    0,    0,    0,    0,   -5,    0,    0,    0,
       0,    0,    0,    0,   -5,    0,   -5,    0,    0,    0,    0,    0,    0,    0,    0,    0,    0,    0,    0,    0,    0,    0,    0,    0,    0,    0,    0,    0,    0,    0,    0,    0,    0,    0,    0,    0,    0,    0,    0,    0,    0,    0,   -5,    0,    0,    0,    0,  -12,    0,    0,    0,    0,    0,    0,  -12,    0,    0,    0,    0,    0,    0,    0,    0,    0,    0,    0,    0,   -4,    0,    0,    0,    0,    0,    0,    0,    0,    0,    0,    0,    0,    0,    0,    0,    0,    0,    0,    0,   -5,    0,    0,
       0,    0,    0,    0,    7,    0,    7,    0,    0,    0,    0,    0,    0,    0,    0,    0,    0,    0,    0,    0,    0,    0,    0,    0,    0,    0,    0,    0,    0,    0,    0,    0,    0,    0,    0,    0,    0,    0,    0,    0,    0,    5,   -6,    0,    0,    0,   12,   -6,   10,    9,   14,    0,    0,    9,  -12,   12,    0,    0,    0,    0,    2,    0,    0,    0,    7,    0,    0,    4,   -2,   -4,    0,    2,    0,    0,    0,    0,    0,    0,    0,    0,    0,    0,    0,    0,    0,    0,    0,    7,    0,    0,
       0,    0,    0,    0,    0,    0,    0,    0,    0,    0,    0,    0,    0,    0,    0,    0,    0,    0,    0,    0,    0,    0,    0,    0,    0,    0,    0,    0,    0,    0,    0,    0,    0,    0,    0,    0,    0,    0,    0,    0,    0,    0,    0,    0,    0,    0,    0,    0,    0,    0,    0,    0,    0,    0,   -5,    0,    0,    0,    0,    0,    0,    0,    0,    0,  -12,    0,    0,    0,    0,    0,   -5,    0,    0,    0,    0,    0,    0,    0,    0,    0,    0,    0,    0,    0,    0,    0,    0,    0,    0,    0,
       0,    0,    0,    0,    0,    0,    0,    0,    0,    0,    0,    0,    0,    0,    0,    0,    0,    0,    0,    0,    0,    0,    0,    0,    0,    0,    0,    0,    0,    0,    0,    0,    0,    0,    0,    0,    0,    0,    0,    0,    0,    0,    0,    0,    0,    0,    0,    0,    0,    0,    0,    0,    0,    0,    0,    0,    0,    0,    0,    0,    0,    0,    0,    0,   -9,    0,    0,    0,    0,    0,    0,    0,    0,    0,    0,    0,    0,    0,    0,    0,    0,    0,    0,    0,    0,    0,    0,    0,    0,    0,
       0,    0,    0,    0,    0,    0,    0,    0,    0,    0,    0,    0,    0,    0,    0,    0,    0,    0,    0,    0,    0,    0,    0,    0,    0,    0,    0,    0,    0,    0,    0,    0,    0,    0,    0,    0,    0,    0,    0,    0,    0,    0,    0,    0,    0,    0,    0,    0,    0,    0,    0,    0,    0,    0,   -5,    0,    0,    0,    0,    0,    0,    0,    0,    0,    0,    0,    0,    0,    0,   -7,    0,    0,    0,    0,    0,    0,    0,    0,    0,    0,    0,    0,    0,   -7,    0,    0,    0,    0,    0,    0,
       0,    0,    0,    0,    0,    0,    0,    0,    0,    0,    0,    0,    0,    0,    0,    0,    0,    0,    0,    0,    0,    0,    0,    0,    0,    0,    0,    0,    0,    0,    0,    0,    0,    0,    0,    0,    0,    0,    0,    0,    0,    0,    0,    0,    0,    0,    0,    0,    0,  -14,    0,    0,    0,    0,    0,    0,    0,    0,    0,    0,    0,    0,    0,    0,  -16,    0,    0,    0,    0,    0,    0,    0,    0,    0,    0,    0,    0,    0,    0,    0,    0,    0,    0,    0,    0,    0,    0,    0,    0,    0,
       0,    0,    0,    0,    0,    0,    0,    0,    0,    0,    0,    0,    0,    0,    0,    0,    0,    0,    0,    0,    0,    0,    0,    0,    0,    0,    0,    0,    0,    0,    0,    0,    0,    0,    0,    0,    0,    0,    0,    0,    0,    0,    0,    0,    0,    0,    0,    0,    0,    0,    0,    0,    0,    0,    0,    0,    0,    0,    0,    0,    0,    0,    0,    0,  -16,    0,    0,    0,    0,    0,    0,    0,    0,    0,    0,    0,    0,    0,    0,    0,    0,    0,    0,    0,    0,    0,    0,    0,    0,    0,
       0,    0,    0,    0,  -21,    0,  -21,    0,    0,    0,    0,    0,    0,    0,    0,    0,    0,    0,    0,    0,    0,    0,    0,    0,    0,    0,    0,    0,    0,    0,    0,    0,    0,    0,    0,    0,    0,    0,    0,    0,    0,    0,    0,    0,    0,    0,    0,    0,    0,    0,    0,    0,    0,    0,    0,    0,    0,    0,    0,    0,    0,    0,    0,    0,    0,    0,    0,    0,    0,    0,    0,    0,    0,    0,    0,    0,    0,    0,    0,    0,    0,    0,    0,    0,    0,    0,    0,  -21,    0,    0,
       0,    0,    0,    0,  -16,    0,  -16,    0,    0,    0,    0,    0,    0,    0,    0,    0,    0,    0,    0,    0,    0,    0,    0,    0,    0,    0,    0,    0,    0,    0,    0,    0,    0,    0,    0,    0,    0,    0,    0,    0,    0,    0,    0,   -5,    0,    0,    0,    0,  -14,  -14,    0,    0,    0,    0,    0,    0,    0,    0,    0,    0,    0,    0,    0,    0,  -14,    0,    0,    0,    0,    0,    0,    0,    0,    0,    0,    0,   -5,    0,    0,    0,   -5,    0,    0,    0,    0,    0,    0,  -16,    0,    0,
       0,    0,    0,    7,  -16,    0,  -16,    0,    0,    0,    0,    0,    0,    0,    0,    0,    0,    0,    0,    0,    0,    0,    0,    0,    0,    0,    0,    0,    0,    0,    0,    0,    0,    0,    0,    0,    0,    0,    0,    0,    0,    0,    0,    0,    0,    0,    0,    0,  -14,   -9,    0,    0,    0,    0,    0,    0,    0,    0,    0,    0,    0,    0,    0,    0,  -14,    0,    0,    0,    0,    0,    0,    0,    0,    0,    0,    0,    0,    0,    0,    0,   -9,    0,    0,    0,    0,    0,    0,  -16,    0,    0,
       0,    0,    0,    0,    0,    0,    0,    0,    0,    0,    0,    0,    0,    0,    0,    0,    0,    0,    0,    0,    0,    0,    0,    0,    0,    0,    0,    0,    0,    0,    0,    0,    0,    0,    0,    0,    0,    0,    0,    0,    0,    0,    0,    0,    0,    0,    0,   -5,    0,  -12,    0,    0,    0,    0,    0,    0,    0,    0,    0,    0,    0,    0,    0,    0,   -9,    0,    0,    0,    0,    0,    0,    0,    0,    0,    0,    0,    0,    0,   -5,    0,    0,    0,    0,    0,    0,    0,    0,    0,    0,    0,
       0,    0,    0,   -5,    0,    0,    0,    0,    0,    0,    0,    0,    0,    0,    0,    0,    0,    0,    0,    0,    0,    0,    0,    0,    0,    0,    0,    0,    0,    0,    0,    0,    0,    0,    0,    0,    0,    0,    0,    0,    0,    0,    0,    0,    0,    0,    0,    0,    0,    0,    0,    0,    0,    0,    0,    0,    0,    0,    0,    0,    0,    0,    0,    0,    0,    0,    0,    0,    0,    0,    0,    0,    0,    0,    0,    0,    0,    0,    0,    0,    0,    0,    0,    0,    0,    0,   -5,    0,    0,    0,
       0,    0,    0,    0,    0,    0,    0,    0,    0,    0,    0,    0,    0,    0,    0,    0,    0,    0,    0,    0,    0,    0,    0,    0,    0,    0,    0,    0,    0,    0,    0,    0,    0,    0,    0,    0,    0,    0,    0,    0,    0,    0,    0,    0,    0,    0,    0,    0,    0,    0,    0,    0,    0,    0,    0,    0,    0,    0,    0,    0,    0,    0,    0,    0,    0,    0,    0,    0,    0,    0,    0,    0,    0,    0,    0,    0,    0,    0,    0,    0,   -5,    0,    0,    0,    0,    0,    0,    0,    0,    0,
       0,    0,    0,    0,    0,    0,    0,    0,    0,    0,    0,    0,    0,    0,    0,    0,    0,    0,    0,    0,    0,    0,    0,    0,    0,    0,    0,    0,    0,    0,    0,    0,    0,    0,    0,   -5,    0,    0,    0,    0,    0,    0,    0,    0,    0,    0,    0,    0,    0,    0,    0,    0,    0,    0,    0,    0,    0,    0,    0,    0,    0,    0,    0,    0,    0,    0,    0,    0,    0,    0,    0,    0,    0,    0,    0,    0,    0,    0,    0,    0,    0,    0,    0,    0,    0,    0,    0,    0,    0,    0,
       0,    0,    0,    0,    0,    0,    0,    0,    0,  -16,    0,    0,    0,    0,    0,    0,    0,    0,    0,    0,    0,    0,    0,    0,    0,    0,    2,    0,    0,    0,    0,    0,    0,    0,    0,    5,    0,    0,    0,  -33,    0,    0,    0,    0,    0,    0,   -7,    0,  -16,  -14,    0,    0,    0,    0,    0,    0,    0,    0,    0,    0,    0,    0,    5,    0,   -7,    0,   16,    0,    9,    0,    0,    7,    0,   12,   12,    7,    0,    0,    0,    0,   -9,    0,    0,    0,  -33,    0,    0,    0,    0,    0,
       0,    0,    0,    0,    0,    0,    0,    0,    0,  -21,    0,    0,    0,    0,    0,    0,    0,    0,    0,    0,    0,    0,   -2,    0,   -2,   -2,    0,    0,    0,  -12,    0,    0,    0,    0,    0,    0,    0,    0,    0,  -33,    0,    0,    0,    0,    0,    0,   -9,    5,  -16,  -14,    0,    0,    0,    0,    0,    0,   -2,    0,    0,   -2,    0,    0,    9,    9,   -5,    9,   12,    0,   14,   12,    0,   12,    0,    9,    9,    5,    0,    0,    0,    0,    0,    0,    0,    0,  -33,    0,    0,    0,    0,    0,
       0,    0,    0,    0,    0,    0,    0,    0,    0,    0,    0,    0,    0,    0,    0,    0,    0,    0,    0,    0,    0,    0,    0,    0,    0,    0,    0,    0,    0,    0,    0,    0,    0,    0,    0,    0,    0,    0,    0,    0,    0,    0,    0,    0,    0,    0,    0,    0,    0,    0,    0,    0,    0,    0,    0,    0,    0,    0,    0,    0,    0,    0,    0,    0,    0,    0,    0,    0,    0,    0,    0,    0,    0,    0,    0,    0,    0,    0,    0,    0,    0,    0,    0,    0,    0,    0,    0,    0,   15,    0,
       0,    0,    0,    0,    0,    0,    0,    0,    0,    0,    0,    0,    0,    0,    0,    0,    0,    0,    0,    0,    0,    0,    0,    0,    0,    0,    0,    0,    0,    0,    0,    0,    0,    0,    0,    0,    0,    0,    0,    0,    0,    0,    0,    0,    0,    0,    0,    0,    0,    0,    0,    0,    0,    0,    0,    0,    0,    0,    0,    0,    0,    0,    0,    0,    0,    0,    0,    0,    0,    0,    0,    0,    0,    0,    0,    0,    0,    0,    0,    0,    0,    0,    0,    0,    0,    0,    0,    0,    0,   16,
      -7,    0,    0,    0,    0,    0,    0,    0,    0,    0,    0,    0,    0,    0,    0,    0,    0,    0,    0,    0,    0,    0,    0,    0,    0,    0,    0,    0,    0,    0,    0,    0,    0,    0,    0,   -4,    0,    0,    0,    0,    0,    0,    0,    0,    0,    0,    0,    0,    0,    0,    0,    0,    0,    0,    0,    0,    0,    0,    0,    0,    0,    0,    0,    0,    0,    0,    0,    0,    0,    0,    0,    0,    0,    0,    0,    0,    0,    0,    0,    0,    0,    0,    0,    0,    0,    0,    0,    0,    0,    0,
       0,    0,    0,    0,    0,    0,    0,    0,    0,    0,    0,    0,    0,    0,    0,    0,    0,    0,    0,    0,    0,    0,    0,    0,    0,    0,    0,    0,    0,    0,    0,    0,    0,    0,    0,   -4,    0,    0,    0,    0,    0,    0,    0,    0,    0,    0,    0,    0,    0,    0,    0,    0,    0,    0,    0,    0,    0,    0,    0,    0,    0,    0,    0,    0,    0,    0,    0,    0,    0,    0,    0,    0,    0,    0,    0,    0,    0,    0,    0,    0,    0,    0,    0,    0,    0,    0,    0,    0,    0,    0,
};

static const EpdLigaturePair notoserif_7_italicLigaturePairs[] = {
    { 0x00660066, 0xFB00 }, // f f -> U+FB00
    { 0x00660069, 0xFB01 }, // f i -> U+FB01
    { 0x0066006C, 0xFB02 }, // f l -> U+FB02
    { 0xFB000069, 0xFB03 }, // U+FB00 i -> U+FB03
    { 0xFB00006C, 0xFB04 }, // U+FB00 l -> U+FB04
};

static const EpdFontData notoserif_7_italic = {
    notoserif_7_italicBitmaps,
    notoserif_7_italicGlyphs,
    notoserif_7_italicIntervals,
    18,
    20,
    16,
    -5,
    true,
    notoserif_7_italicGroups,
    13,
    nullptr,
    notoserif_7_italicKernLeftClasses,
    notoserif_7_italicKernRightClasses,
    notoserif_7_italicKernMatrix,
    551,
    557,
    103,
    90,
    notoserif_7_italicLigaturePairs,
    5,
};
