/**
 * generated by fontconvert.py
 * name: notosans_16_bold
 * size: 16
 * mode: 2-bit  compressed: true
 * Command used: fontconvert.py notosans_16_bold 16 ../builtinFonts/source/NotoSans/NotoSans-Bold.ttf --2bit --compress --pnum
 */
#pragma once
#include "EpdFontData.h"

static const uint8_t notosans_16_boldBitmaps[24020] = {
    0x00, 0x05, 0x6B, 0x93, 0xF8, 0x7A, 0x74, 0x9A, 0xC5, 0xD5, 0xEC, 0x1E, 0xA4, 0xBC, 0x83, 0x24,
    0x00, 0x01, 0xD3, 0xD1, 0x2A, 0x11, 0x32, 0x66, 0x8E, 0x53, 0xD5, 0x60, 0xFE, 0xB0, 0x00, 0x37,
    0x21, 0xA2, 0x82, 0x17, 0x02, 0x24, 0xCE, 0x17, 0x9A, 0x10, 0x09, 0x57, 0xBA, 0x1A, 0x92, 0xF7,
    0xA6, 0x92, 0x06, 0x3E, 0x52, 0xFB, 0x3F, 0xB6, 0x76, 0x52, 0xA1, 0x30, 0xDB, 0x58, 0xEA, 0x1C,
    0xA2, 0xD1, 0xCE, 0x0F, 0xE8, 0x68, 0x05, 0xFA, 0x87, 0xF0, 0x00, 0x42, 0xD2, 0x1E, 0x77, 0x1B,
    0x29, 0x7A, 0x53, 0xBA, 0x9A, 0xE9, 0xD2, 0xF7, 0x85, 0x4C, 0x4C, 0x24, 0xDE, 0x48, 0x3E, 0xE7,
    0xA6, 0x2F, 0x1B, 0x4D, 0xAD, 0x7A, 0xD0, 0x2D, 0xD5, 0x44, 0x1F, 0x8F, 0x6C, 0x54, 0x7D, 0x99,
    0x30, 0x24, 0x6E, 0x3C, 0xD3, 0x37, 0xE0, 0x72, 0x52, 0x7F, 0x88, 0x48, 0x00, 0xA5, 0x6F, 0xD8,
    0x66, 0xDB, 0x11, 0xE6, 0x18, 0x0F, 0x57, 0x50, 0x41, 0xD6, 0x44, 0x2E, 0x84, 0x98, 0x43, 0xBD,
    0x7F, 0x26, 0x97, 0xC1, 0x18, 0x60, 0x79, 0x83, 0x75, 0xA0, 0x5C, 0x40, 0x5D, 0x70, 0x24, 0x60,
    0x14, 0xF3, 0x40, 0xB0, 0x73, 0x7B, 0xBA, 0xB4, 0xF3, 0xC4, 0x07, 0x6A, 0x58, 0x81, 0x6C, 0x81,
    0xF0, 0x37, 0x1E, 0xCE, 0x18, 0x00, 0x99, 0xD2, 0x67, 0x10, 0x59, 0xAD, 0x5E, 0x3B, 0x1B, 0x3C,
    0x4E, 0x58, 0xA6, 0xB0, 0x74, 0xF9, 0x0C, 0xD0, 0x72, 0x2A, 0xE0, 0x9F, 0xBC, 0x99, 0x8A, 0x89,
    0x5D, 0x9B, 0x8E, 0x88, 0xB5, 0x7A, 0x3D, 0xF7, 0x5A, 0xB1, 0xF5, 0x8F, 0xF3, 0x90, 0xAF, 0x85,
    0xAF, 0x28, 0x8F, 0xA1, 0x05, 0x80, 0x00, 0x00, 0x00, 0x0A, 0x07, 0xAF, 0x06, 0x00, 0x29, 0x37,
    0x59, 0xB2, 0x5C, 0x85, 0xA0, 0xB5, 0xEC, 0x12, 0x36, 0x6A, 0xEE, 0x84, 0x84, 0x1A, 0x9F, 0x1C,
    0x99, 0xFC, 0x00, 0x02, 0x58, 0xBD, 0x25, 0xA3, 0xA8, 0xA7, 0xEE, 0xEA, 0xA6, 0x81, 0x30, 0x1E,
    0x1F, 0x18, 0xDC, 0xF6, 0x47, 0x60, 0x00, 0x34, 0x4A, 0x68, 0xFE, 0xAB, 0xEF, 0x6E, 0x68, 0x3D,
    0x75, 0x5D, 0x1D, 0x65, 0x03, 0x61, 0xCA, 0x9D, 0x53, 0x78, 0xF7, 0xF5, 0x8E, 0x67, 0xC3, 0x06,
    0x16, 0x07, 0x62, 0x40, 0x00, 0x33, 0xCB, 0x3A, 0x0A, 0x2B, 0x31, 0x55, 0x54, 0x24, 0x62, 0x7B,
    0x9E, 0x4C, 0x86, 0x50, 0xFE, 0x4C, 0x2D, 0x50, 0x00, 0x05, 0xDD, 0x5F, 0xF0, 0xA1, 0x39, 0x80,
    0x00, 0x05, 0x23, 0x3B, 0xCD, 0x80, 0x00, 0x3F, 0x3F, 0x1A, 0xFA, 0x41, 0x20, 0x00, 0x49, 0xCC,
    0x3D, 0x38, 0x50, 0x87, 0x30, 0xE9, 0x22, 0xBF, 0xBB, 0x27, 0xD8, 0x47, 0x32, 0x96, 0x26, 0x80,
    0x00, 0x83, 0x8E, 0x77, 0xB3, 0xB4, 0x2F, 0x95, 0xD7, 0x8B, 0x9A, 0x3D, 0x4B, 0x67, 0xC9, 0xF1,
    0x9A, 0x2D, 0xBB, 0x6B, 0xD4, 0x8C, 0x90, 0x7F, 0x28, 0x9B, 0xE4, 0x1E, 0x33, 0xF8, 0x00, 0x36,
    0xA8, 0x7A, 0xD4, 0x87, 0x9B, 0x60, 0x6A, 0x6B, 0xF1, 0xE1, 0xBE, 0xAE, 0x69, 0x3D, 0x4A, 0x00,
    0x79, 0xA9, 0xB5, 0x5B, 0x11, 0xA4, 0x3E, 0xDE, 0x0B, 0xF2, 0x94, 0x80, 0xFA, 0x10, 0x04, 0x05,
    0x83, 0x7B, 0xAD, 0x16, 0xBB, 0x6E, 0x6D, 0x08, 0x6F, 0x50, 0x40, 0x00, 0x76, 0xED, 0x61, 0x40,
    0x82, 0x58, 0x4E, 0x10, 0xCC, 0xF0, 0x52, 0x1C, 0xEF, 0x35, 0x17, 0x1B, 0xE2, 0x9F, 0xD7, 0x43,
    0x91, 0x7C, 0x5E, 0x9A, 0x63, 0xEF, 0x31, 0x44, 0xE2, 0x61, 0xDC, 0xE1, 0x18, 0x20, 0x00, 0x57,
    0x5C, 0x97, 0xFE, 0x8A, 0xE2, 0x4D, 0x25, 0xC1, 0x5F, 0xE2, 0x5A, 0x75, 0x3A, 0xBE, 0xA8, 0xBA,
    0xFA, 0xE9, 0x23, 0x73, 0xD5, 0xE4, 0x7E, 0x80, 0x97, 0xD1, 0x93, 0x23, 0x00, 0x0A, 0x04, 0xDA,
    0xCC, 0xD5, 0x90, 0x48, 0xC1, 0x28, 0x18, 0xF3, 0xA5, 0xF7, 0xB6, 0x30, 0x54, 0x92, 0xF8, 0x9E,
    0x8E, 0x34, 0x43, 0x38, 0x42, 0x02, 0x54, 0x17, 0xFE, 0x00, 0x94, 0xD0, 0x4D, 0x26, 0x6E, 0xF2,
    0x55, 0x85, 0x37, 0x39, 0xC0, 0x25, 0xDB, 0xD3, 0xE8, 0x57, 0xB3, 0x95, 0x9D, 0x2E, 0x5A, 0x4A,
    0x3A, 0xAF, 0x11, 0x62, 0x65, 0x3A, 0xCE, 0x65, 0x72, 0xA0, 0xB6, 0x40, 0x00, 0x00, 0x00, 0x00,
    0x1B, 0xD7, 0xEF, 0xA3, 0x4F, 0x39, 0x1A, 0x67, 0x0C, 0x1A, 0x80, 0xF0, 0x7D, 0x55, 0xC8, 0x5A,
    0x78, 0x0C, 0x00, 0x80, 0x6F, 0x5A, 0xC5, 0xA0, 0x95, 0x45, 0x60, 0xF5, 0xF5, 0x37, 0xE5, 0x20,
    0x93, 0x6B, 0xF7, 0x7D, 0x6E, 0x9D, 0xDF, 0x79, 0x99, 0x69, 0xE3, 0x41, 0xED, 0x78, 0x5C, 0x9C,
    0x37, 0x0B, 0x8C, 0xD4, 0x0B, 0x78, 0x20, 0x71, 0xF3, 0x01, 0x04, 0x53, 0xA9, 0x00, 0x83, 0xD6,
    0x78, 0x1B, 0xD4, 0x01, 0x9A, 0xB8, 0xB3, 0x8C, 0x60, 0x91, 0xBB, 0x67, 0xDA, 0x01, 0x20, 0xC8,
    0xB8, 0xD7, 0xC7, 0xAB, 0x98, 0x82, 0xDF, 0xA8, 0x23, 0x8B, 0x9D, 0xED, 0xBC, 0x89, 0x26, 0x4B,
    0x00, 0x11, 0x16, 0xC3, 0xC6, 0xA2, 0xCD, 0xAC, 0x4F, 0xFA, 0x27, 0xBF, 0x18, 0x87, 0x1C, 0x00,
    0x4B, 0xE6, 0x1D, 0xFD, 0x19, 0xB2, 0x04, 0x84, 0x79, 0x10, 0x00, 0x6A, 0xFD, 0x19, 0x2B, 0x79,
    0x89, 0x7E, 0x8D, 0x42, 0xAA, 0x24, 0xE1, 0x6A, 0x91, 0x54, 0x58, 0x43, 0x44, 0x33, 0xCE, 0x38,
    0x19, 0x18, 0x49, 0xF9, 0xDA, 0x27, 0x00, 0x00, 0x00, 0x03, 0xBA, 0x65, 0x87, 0x6E, 0x03, 0x8B,
    0x0C, 0xF4, 0x9F, 0x7F, 0xCC, 0x00, 0x04, 0x79, 0x5F, 0x54, 0xE8, 0x5F, 0x77, 0x6E, 0x97, 0xBD,
    0x65, 0xDE, 0x78, 0x05, 0x28, 0x61, 0xEA, 0xDB, 0x7E, 0x81, 0x0E, 0x5A, 0x37, 0xFC, 0xB3, 0x7B,
    0xDA, 0xDE, 0x8B, 0xF3, 0xB9, 0x31, 0xF0, 0x00, 0x74, 0x3C, 0xC9, 0x54, 0x0C, 0x4D, 0x1E, 0x1D,
    0x08, 0x53, 0x43, 0x98, 0x6A, 0x57, 0x15, 0xA9, 0x45, 0x10, 0xC5, 0xD8, 0x52, 0xB9, 0xD3, 0x10,
    0xF2, 0x63, 0x00, 0x41, 0x94, 0xFE, 0x4F, 0x09, 0x94, 0xCC, 0x65, 0x07, 0x93, 0x5E, 0xC7, 0xFC,
    0xDF, 0x4E, 0xC6, 0x78, 0x95, 0xF1, 0xE6, 0xBA, 0x5F, 0xB8, 0xFA, 0x5C, 0x2D, 0x8C, 0xBE, 0xF3,
    0x8F, 0xC2, 0xF9, 0xD1, 0x43, 0x8F, 0xA4, 0xB7, 0x56, 0x4D, 0x6D, 0x47, 0xD3, 0x55, 0x51, 0xA0,
    0x02, 0xCB, 0x51, 0x70, 0x46, 0x7D, 0x8A, 0x8D, 0x66, 0xA5, 0x6B, 0x4D, 0x37, 0x66, 0xF4, 0xFF,
    0x1F, 0xBB, 0xAC, 0xB0, 0x00, 0x35, 0x0F, 0x75, 0xA6, 0x13, 0x7D, 0x11, 0x09, 0xF8, 0x88, 0x0B,
    0x7F, 0x71, 0x36, 0x7D, 0xE7, 0xAF, 0xB1, 0xC1, 0xB4, 0x2D, 0x3D, 0x02, 0x23, 0x0E, 0x79, 0x6A,
    0xB1, 0x5C, 0xB8, 0x2E, 0x16, 0x14, 0x54, 0x91, 0x5C, 0x00, 0x05, 0x4E, 0x84, 0x15, 0xFB, 0xCA,
    0x4A, 0x75, 0xA3, 0x78, 0xCC, 0x71, 0x3D, 0xF8, 0xC0, 0x68, 0x88, 0x4E, 0x28, 0x88, 0x97, 0x35,
    0xF8, 0xD8, 0x64, 0x52, 0xDF, 0x8C, 0x88, 0x7F, 0xC8, 0x00, 0x96, 0x19, 0x0E, 0xBB, 0x92, 0xA6,
    0xF9, 0x5C, 0x4F, 0xF2, 0xBC, 0xE2, 0x3F, 0xAA, 0x5E, 0x37, 0x2D, 0x44, 0x87, 0xE5, 0xD6, 0x17,
    0x94, 0xFE, 0x74, 0xD1, 0x97, 0xF1, 0x80, 0x00, 0x05, 0x57, 0x74, 0x64, 0x09, 0xBF, 0x6D, 0xC4,
    0x1D, 0x62, 0xF6, 0x53, 0x2A, 0xFF, 0x5E, 0xBF, 0xFD, 0x73, 0x3F, 0x4A, 0x1E, 0x04, 0xBA, 0xD7,
    0x7D, 0x30, 0x00, 0x00, 0x00, 0x01, 0x64, 0x12, 0x91, 0xB8, 0x26, 0xB3, 0xE0, 0x0A, 0x9A, 0x5F,
    0x09, 0x9A, 0x24, 0xEC, 0xFC, 0x87, 0x27, 0x00, 0x26, 0x21, 0xE3, 0xD6, 0xEE, 0x07, 0x71, 0xB1,
    0xFA, 0x15, 0x84, 0x00, 0x9A, 0x33, 0x0A, 0x2E, 0x8C, 0x52, 0x58, 0xB4, 0xD0, 0xE8, 0xFB, 0x0D,
    0xAA, 0x91, 0x62, 0xBC, 0xC8, 0x69, 0xE0, 0x6E, 0x14, 0x92, 0x75, 0x0C, 0xF9, 0xBE, 0x01, 0xCB,
    0x56, 0x6B, 0x16, 0xCE, 0xDA, 0xE8, 0x00, 0x02, 0x73, 0x36, 0xD7, 0x36, 0xEC, 0x7D, 0xB4, 0xE4,
    0xE8, 0xD9, 0x76, 0x58, 0xDE, 0xCB, 0x66, 0xE1, 0x10, 0x45, 0xB1, 0xA9, 0x92, 0x76, 0x18, 0x00,
    0x00, 0x00, 0x88, 0x6F, 0x9E, 0x34, 0x4F, 0x4E, 0x3A, 0x22, 0x08, 0x62, 0x58, 0xD8, 0x42, 0x40,
    0x00, 0x33, 0x13, 0x5D, 0x8E, 0xC6, 0x31, 0x45, 0x59, 0x6D, 0x4B, 0x70, 0xD5, 0x7C, 0x7E, 0xD4,
    0x00, 0x02, 0x6C, 0x7B, 0x96, 0x00, 0x06, 0xE3, 0xC7, 0xAB, 0x4A, 0x51, 0x54, 0xB5, 0xC2, 0x08,
    0x88, 0xEB, 0xA5, 0x5E, 0x5D, 0x0B, 0xB4, 0x26, 0x64, 0xFE, 0x37, 0xB2, 0x81, 0x60, 0x00, 0x07,
    0x37, 0x29, 0x88, 0x85, 0xD5, 0x74, 0x64, 0x45, 0x5C, 0xFB, 0xC9, 0x00, 0x01, 0xB9, 0x97, 0x03,
    0xA2, 0x20, 0x79, 0x3D, 0xE1, 0x5D, 0x6E, 0x01, 0x15, 0x16, 0x67, 0x59, 0x17, 0xB4, 0xC0, 0xA3,
    0x4D, 0xDA, 0x85, 0xB1, 0xBB, 0x82, 0x4E, 0xFB, 0x22, 0xFE, 0xE5, 0x89, 0x4E, 0x25, 0x17, 0xFD,
    0x9B, 0x31, 0x13, 0x98, 0x42, 0x6E, 0x6A, 0xE6, 0x1B, 0xE8, 0x00, 0x01, 0x87, 0x0A, 0x54, 0xEB,
    0x75, 0xA5, 0xA9, 0x76, 0x56, 0x16, 0x9E, 0xB5, 0x83, 0xD5, 0x40, 0x4F, 0x53, 0x29, 0x71, 0x50,
    0x27, 0xEB, 0x25, 0xC1, 0xE6, 0xC5, 0x3E, 0xDF, 0x29, 0x5B, 0x86, 0x5E, 0x9F, 0x54, 0xA0, 0x00,
    0xA0, 0xEB, 0x2C, 0x7B, 0x74, 0x4A, 0xB4, 0x92, 0x49, 0xA9, 0xB6, 0xA9, 0x5A, 0x40, 0xF6, 0x21,
    0x2C, 0x0D, 0x22, 0xDC, 0xF8, 0xE6, 0xAA, 0xA9, 0x22, 0xC0, 0xAB, 0xF3, 0x39, 0x0E, 0xA1, 0x91,
    0xA4, 0x04, 0xFC, 0x00, 0x05, 0x67, 0xA7, 0xFF, 0xD3, 0x18, 0xB6, 0x9E, 0xCF, 0x77, 0x3B, 0xFC,
    0xF9, 0x30, 0x52, 0x3D, 0x67, 0x4E, 0x0E, 0xAF, 0x25, 0x94, 0x87, 0x31, 0x00, 0x9E, 0x4A, 0xD4,
    0xFC, 0xF4, 0xA1, 0xF6, 0x50, 0xFB, 0x44, 0xDE, 0x45, 0x71, 0x91, 0x88, 0x70, 0x00, 0x05, 0x4E,
    0xF5, 0x77, 0xC3, 0x14, 0x38, 0x57, 0x54, 0x3E, 0xB5, 0x5A, 0x02, 0x2B, 0x14, 0xD9, 0x1D, 0x38,
    0x44, 0x3D, 0xE8, 0xDA, 0x7C, 0x9E, 0xA4, 0x8E, 0x51, 0xB4, 0xC7, 0x1B, 0x50, 0x00, 0x79, 0x92,
    0xF3, 0x47, 0x21, 0x4E, 0x78, 0x90, 0x11, 0x9C, 0x79, 0x7E, 0xA3, 0x3C, 0x95, 0xCF, 0x7A, 0xDF,
    0x1D, 0x53, 0x9B, 0xB4, 0x4E, 0xF1, 0xEA, 0x00, 0x09, 0x24, 0x09, 0xC3, 0x40, 0x30, 0x00, 0x00,
    0x00, 0x00, 0x6B, 0x50, 0x99, 0x8A, 0x3B, 0xC5, 0x47, 0xD0, 0x66, 0xE6, 0x40, 0x50, 0x00, 0x07,
    0x69, 0xDB, 0x95, 0x0E, 0x7C, 0x22, 0xE5, 0x5B, 0x26, 0x8E, 0x1F, 0x2D, 0x1D, 0xD3, 0x03, 0x96,
    0x1A, 0x5B, 0xF0, 0xB3, 0x98, 0x72, 0xCA, 0x62, 0x00, 0x02, 0xA6, 0x2E, 0xD9, 0x20, 0xA2, 0x39,
    0x07, 0xD3, 0xE0, 0xAE, 0x76, 0xF0, 0xC5, 0x3E, 0xD1, 0x9F, 0x7A, 0x50, 0x6A, 0x03, 0x04, 0x1D,
    0x65, 0x9A, 0x2A, 0xA1, 0x1B, 0x41, 0x2B, 0x00, 0x02, 0x95, 0x1F, 0x64, 0xA4, 0x38, 0x25, 0x16,
    0x61, 0x4F, 0x84, 0x08, 0xDA, 0xC8, 0x9E, 0x34, 0x68, 0xF7, 0x8D, 0x6D, 0x2E, 0x6A, 0x97, 0xE9,
    0x40, 0x01, 0x68, 0x28, 0xA2, 0x38, 0x33, 0xD0, 0xE2, 0x7C, 0x00, 0x31, 0xC1, 0x5B, 0x19, 0xFF,
    0xE1, 0x71, 0xD7, 0x29, 0x14, 0xE3, 0x00, 0x4E, 0x93, 0x00, 0x44, 0x4B, 0xD1, 0x98, 0xD9, 0x00,
    0x06, 0xD0, 0x1B, 0xA5, 0xBB, 0xF7, 0xC4, 0x6C, 0x40, 0xE3, 0xB8, 0x46, 0x06, 0x98, 0x07, 0x8B,
    0x70, 0x60, 0x30, 0x8A, 0x7A, 0x0F, 0xC8, 0xD2, 0xAD, 0x4E, 0x89, 0x42, 0xF0, 0x4F, 0xD3, 0x58,
    0x19, 0xE1, 0xA5, 0xC0, 0x00, 0x02, 0x09, 0x47, 0x33, 0x92, 0xAB, 0x96, 0x6C, 0x86, 0x17, 0xBB,
    0x0E, 0xAF, 0x69, 0xB9, 0x9E, 0x70, 0xD0, 0x6D, 0xDA, 0x30, 0x25, 0xF8, 0x1D, 0x00, 0x05, 0x09,
    0x03, 0x8B, 0xA9, 0x24, 0xF6, 0xE5, 0x9C, 0x1D, 0x8D, 0x04, 0x0E, 0xB4, 0x50, 0xC3, 0x69, 0xF9,
    0x4C, 0xB2, 0x1A, 0x83, 0x42, 0xE3, 0x0A, 0x00, 0x00, 0x79, 0x19, 0xEC, 0x44, 0xDC, 0xE6, 0xD5,
    0xAE, 0xDC, 0x67, 0x44, 0x2C, 0xDB, 0x2E, 0xC6, 0x38, 0x00, 0x02, 0x47, 0xD6, 0xC9, 0xCB, 0xF5,
    0x71, 0xED, 0xF8, 0xAA, 0x8D, 0xE2, 0xB5, 0x96, 0xCB, 0x5E, 0xCD, 0x22, 0x24, 0x01, 0x7C, 0x00,
    0x05, 0x2D, 0xAB, 0xF5, 0xD2, 0xDC, 0xB2, 0x6E, 0x6F, 0xB8, 0x7C, 0x84, 0x5E, 0x78, 0x62, 0x41,
    0x63, 0xE0, 0x00, 0x34, 0x48, 0x8B, 0xA4, 0x1C, 0x4D, 0xC4, 0xCB, 0x20, 0x1A, 0xA7, 0xA4, 0x90,
    0x45, 0xDB, 0x1A, 0xBE, 0xF8, 0x8C, 0xD9, 0x58, 0xDE, 0x00, 0x05, 0x09, 0x7D, 0xC9, 0x00, 0x01,
    0xBE, 0x3B, 0xE3, 0x53, 0xF5, 0xFC, 0x00, 0x26, 0x5C, 0x4C, 0x8E, 0x20, 0x93, 0x7C, 0x34, 0xB1,
    0x32, 0xD5, 0xA8, 0x3A, 0x0F, 0x85, 0xBD, 0x59, 0xED, 0x55, 0xF2, 0xD2, 0x90, 0xB2, 0xBB, 0xCC,
    0x6B, 0xC0, 0x0F, 0xAA, 0x7D, 0x75, 0x13, 0x50, 0x00, 0x07, 0xFC, 0x1D, 0x9E, 0x5A, 0x7B, 0x44,
    0x43, 0x50, 0xFA, 0x30, 0xB2, 0x38, 0xB8, 0x52, 0x7B, 0xBE, 0xE8, 0xDD, 0x52, 0x88, 0x45, 0x8B,
    0xF7, 0x13, 0xB2, 0xDA, 0xAA, 0xD7, 0x74, 0xCF, 0x40, 0x00, 0x37, 0xA1, 0x91, 0x76, 0x25, 0x0F,
    0x6B, 0xCF, 0xBA, 0x23, 0xF3, 0x76, 0xA9, 0x4F, 0xA8, 0x13, 0x6A, 0xEF, 0xC3, 0xA1, 0xCE, 0x61,
    0x14, 0x16, 0xC0, 0x00, 0x67, 0xA8, 0x34, 0x1A, 0x55, 0xA2, 0xC9, 0x12, 0x81, 0xDF, 0xED, 0x4E,
    0xDF, 0x93, 0x7A, 0x5E, 0x0D, 0x29, 0x08, 0x40, 0x63, 0xC3, 0xC9, 0x8D, 0x74, 0xB3, 0x95, 0x49,
    0x78, 0x91, 0xF6, 0x58, 0x3A, 0x68, 0x00, 0x32, 0x20, 0x76, 0x3E, 0x52, 0x8B, 0x24, 0x24, 0x68,
    0x0B, 0xC3, 0xB0, 0xE7, 0x87, 0x65, 0x42, 0x77, 0xE5, 0xEB, 0x4D, 0x4D, 0x68, 0x35, 0xD0, 0x8B,
    0x6E, 0x72, 0xC5, 0x10, 0x00, 0x36, 0x83, 0x3C, 0x29, 0xF7, 0xEE, 0x75, 0xD6, 0x0C, 0x76, 0x13,
    0x60, 0x78, 0x9D, 0xE3, 0x11, 0x53, 0xF7, 0xDC, 0x58, 0x23, 0xAF, 0xE3, 0x92, 0xF4, 0x8E, 0x46,
    0x00, 0x72, 0x8D, 0xFD, 0x8F, 0x44, 0x2C, 0x05, 0x8A, 0x4F, 0xA9, 0x96, 0x0A, 0xFD, 0xB7, 0x3D,
    0xBC, 0xC9, 0xE7, 0x4A, 0x7F, 0xA8, 0x87, 0x44, 0x00, 0x84, 0x87, 0x42, 0xC7, 0x65, 0x5D, 0x8C,
    0xB0, 0xFB, 0x79, 0x0A, 0x7D, 0xCD, 0x93, 0x2D, 0x9F, 0x6E, 0x25, 0x06, 0x00, 0x4D, 0xA3, 0x35,
    0x08, 0x00, 0x13, 0x29, 0x80, 0x77, 0x9E, 0x90, 0x69, 0x00, 0x00, 0x14, 0x35, 0xD1, 0x86, 0x44,
    0x7F, 0x20, 0x00, 0x37, 0xA5, 0x01, 0xC8, 0x04, 0xC8, 0xDA, 0x67, 0x52, 0x02, 0x9A, 0x70, 0x46,
    0xF4, 0x4F, 0xEC, 0xA9, 0xC5, 0xEF, 0x15, 0x18, 0x00, 0x08, 0x03, 0x2D, 0x1F, 0x9D, 0xB5, 0xCE,
    0x5D, 0x3A, 0x77, 0xD0, 0xB5, 0xC8, 0x2C, 0xA8, 0xFD, 0x7C, 0x99, 0x40, 0x1B, 0xA6, 0xB9, 0xF8,
    0x34, 0x71, 0x00, 0x06, 0x82, 0xD5, 0xA7, 0xF1, 0x94, 0x20, 0x00, 0x06, 0x81, 0x67, 0x59, 0x00,
    0x00, 0x00, 0x25, 0x34, 0x73, 0x14, 0x25, 0x9E, 0x00, 0x35, 0x14, 0x6B, 0xA8, 0x28, 0x14, 0x06,
    0x57, 0xE8, 0xE9, 0x7B, 0x92, 0x4A, 0xBE, 0xA1, 0xB9, 0xBB, 0x46, 0x46, 0x00, 0x5D, 0xCD, 0xBC,
    0xA5, 0xD9, 0xBF, 0x4D, 0x6B, 0xA6, 0xC5, 0x18, 0xCE, 0xEF, 0xD8, 0x8E, 0x4A, 0x00, 0xFF, 0x3D,
    0x02, 0xC4, 0x58, 0x47, 0xD9, 0x00, 0x32, 0x29, 0x90, 0x1E, 0x31, 0xBB, 0xD8, 0xF4, 0xEF, 0x81,
    0x84, 0xE2, 0xC9, 0x88, 0x6F, 0x66, 0xD3, 0x05, 0xD2, 0x58, 0xF4, 0x95, 0x52, 0x08, 0xED, 0x92,
    0x64, 0x8E, 0x44, 0x00, 0xFF, 0x3C, 0xCE, 0x24, 0x4A, 0xE7, 0x68, 0x1E, 0xC8, 0x41, 0x03, 0x3D,
    0xB8, 0xE9, 0x8E, 0x46, 0x00, 0x72, 0xF4, 0xB0, 0xEA, 0x21, 0x69, 0x62, 0xF5, 0x5A, 0x3A, 0x78,
    0x53, 0x0F, 0xD4, 0x00, 0x4B, 0x88, 0x09, 0xDA, 0x3B, 0x5C, 0xE2, 0x9C, 0x30, 0x03, 0xE2, 0x80,
    0x74, 0xFF, 0x19, 0xA4, 0x00, 0x22, 0x00, 0xFC, 0x0C, 0x5F, 0xA5, 0xED, 0x0F, 0x33, 0x4B, 0x88,
    0x86, 0x26, 0x0F, 0xC4, 0x9F, 0xD1, 0xEE, 0xF1, 0x8C, 0xB3, 0xAE, 0xC6, 0x7F, 0x94, 0xD9, 0xF0,
    0x21, 0x99, 0x5B, 0x78, 0x00, 0x71, 0x57, 0x40, 0x9E, 0x0B, 0xC1, 0x2E, 0x0E, 0xA6, 0x1F, 0x18,
    0x6D, 0xA2, 0x69, 0x86, 0x42, 0x8C, 0x74, 0x4E, 0x4C, 0x00, 0x76, 0x9C, 0x3A, 0x1E, 0x62, 0xEE,
    0x51, 0x35, 0x07, 0x54, 0x44, 0xCE, 0x82, 0xF1, 0xC8, 0xB2, 0xC7, 0xAA, 0x3C, 0xF6, 0xCC, 0x00,
    0x7F, 0x4A, 0x7E, 0x35, 0x96, 0x4F, 0xD9, 0xCA, 0x77, 0x5C, 0xEE, 0xA1, 0x67, 0x70, 0xA3, 0x7A,
    0x45, 0x97, 0xD0, 0xB7, 0x99, 0xBB, 0xC6, 0x02, 0x00, 0xA0, 0x00, 0xD0, 0x3E, 0xB8, 0xA9, 0xB3,
    0x19, 0x99, 0xE9, 0x82, 0x10, 0xB5, 0x64, 0x4B, 0x5F, 0x4A, 0xAE, 0x6C, 0xE3, 0x29, 0xD2, 0x87,
    0xA6, 0xA8, 0x8C, 0x52, 0x12, 0x12, 0x9F, 0x70, 0x7A, 0x20, 0x7A, 0x7C, 0x43, 0xEB, 0xA7, 0x46,
    0x65, 0xF1, 0x3A, 0x00, 0x81, 0xB7, 0x08, 0xD0, 0x37, 0x60, 0xAD, 0xD8, 0xE9, 0x01, 0xE7, 0xCD,
    0x40, 0xBE, 0x76, 0x3D, 0x70, 0xBC, 0x4E, 0x0F, 0xE7, 0xB5, 0xA0, 0x83, 0x0B, 0x16, 0x60, 0x87,
    0x58, 0x00, 0xBC, 0x35, 0xD9, 0x62, 0x23, 0xB9, 0x0E, 0x31, 0x45, 0xE9, 0x92, 0x07, 0x21, 0x4E,
    0x69, 0x84, 0x47, 0xC3, 0x8B, 0x99, 0x01, 0xC8, 0x04, 0xD9, 0x4D, 0x30, 0x00, 0x69, 0x6D, 0x27,
    0xF2, 0x0D, 0xED, 0x84, 0xBD, 0x89, 0x89, 0x9B, 0x2D, 0x1D, 0x58, 0x78, 0x04, 0x2F, 0x35, 0xC0,
    0x00, 0x3B, 0xE0, 0x9E, 0xE7, 0x74, 0xE5, 0x6D, 0xA6, 0x61, 0xFA, 0x22, 0x5D, 0x4C, 0x3E, 0xBA,
    0x0C, 0x37, 0xCD, 0x45, 0xEE, 0x4C, 0x6A, 0xB2, 0xDC, 0x9B, 0x25, 0x00, 0x20, 0x94, 0x46, 0x26,
    0x00, 0x00, 0x00, 0x09, 0x55, 0xC9, 0xBD, 0x2E, 0xC3, 0x80, 0x00, 0x01, 0xEB, 0xFF, 0x33, 0xD6,
    0xBD, 0xBA, 0xF3, 0x57, 0x38, 0x51, 0xDA, 0xA5, 0xAD, 0x9F, 0xBA, 0x5D, 0x7F, 0x8D, 0x7D, 0x1C,
    0x80, 0xC8, 0x65, 0x80, 0x00, 0x10, 0xE8, 0x17, 0xE6, 0xC1, 0xA9, 0x7D, 0xF3, 0x0E, 0x25, 0x53,
    0x32, 0xFC, 0x0F, 0xB0, 0x87, 0x10, 0x00, 0x7F, 0x99, 0x50, 0x7B, 0xFF, 0x1D, 0x94, 0xA5, 0xB1,
    0x74, 0x71, 0xD0, 0x00, 0x8C, 0xDD, 0x43, 0xED, 0x64, 0xD2, 0xBC, 0xC5, 0x15, 0x17, 0x58, 0x9A,
    0x27, 0xD3, 0xEA, 0x29, 0xB1, 0x57, 0x9F, 0x30, 0x44, 0xBF, 0x0A, 0x3E, 0x6F, 0x50, 0x00, 0x89,
    0x1D, 0xAA, 0x9C, 0x2F, 0x95, 0x24, 0xD6, 0x77, 0x0A, 0xF0, 0xF6, 0x5C, 0x86, 0xBD, 0x86, 0x16,
    0xD4, 0x9D, 0x8A, 0xFB, 0x4B, 0xB0, 0x3B, 0x6C, 0x5E, 0xE6, 0x76, 0x00, 0x76, 0x71, 0xCD, 0xD5,
    0xD7, 0x3A, 0x3B, 0xF2, 0xE6, 0xD0, 0x0F, 0x4B, 0x61, 0x48, 0xE3, 0x63, 0x41, 0x28, 0xDF, 0x34,
    0x37, 0xB0, 0xC3, 0xA4, 0x43, 0x13, 0xCF, 0xE9, 0x40, 0x02, 0x1E, 0x00, 0x01, 0xCB, 0x9D, 0xE3,
    0xFA, 0xDB, 0x13, 0x44, 0xA4, 0x3F, 0x4E, 0x10, 0xA0, 0x79, 0x6D, 0x12, 0xCD, 0x2A, 0x67, 0xF5,
    0xA9, 0x40, 0x15, 0x34, 0x0B, 0xDF, 0xEB, 0x3F, 0x36, 0xE6, 0x78, 0x4B, 0x24, 0x20, 0x20, 0x87,
    0x5E, 0x00, 0x5F, 0xA7, 0x72, 0xAC, 0xBB, 0xA6, 0x80, 0x00, 0x22, 0xEA, 0x80, 0x8B, 0xFF, 0x9E,
    0xBE, 0x5F, 0x7C, 0xF1, 0xAA, 0x3B, 0xE9, 0xDE, 0x91, 0x2C, 0xC3, 0x08, 0xEC, 0x60, 0x1B, 0xDF,
    0x76, 0xEF, 0x27, 0x74, 0xB8, 0xDB, 0x04, 0xA7, 0x9D, 0xED, 0xFD, 0x04, 0xCC, 0x47, 0x81, 0x35,
    0xB4, 0x00, 0x5B, 0x0F, 0x77, 0xD6, 0xB2, 0xA7, 0xB1, 0x5A, 0x2C, 0xB0, 0x00, 0xA9, 0x2B, 0x3F,
    0xF5, 0x43, 0x1A, 0x67, 0x9E, 0xB2, 0xC2, 0xEB, 0x28, 0xD4, 0xD5, 0x72, 0x0F, 0x80, 0x6B, 0xD0,
    0x6F, 0xDF, 0x2C, 0x26, 0xAB, 0x3D, 0xB2, 0x9B, 0xCF, 0xFE, 0xE1, 0xC8, 0xF3, 0xF6, 0xDC, 0xDB,
    0x2F, 0x9F, 0x37, 0xB0, 0x40, 0x64, 0xC7, 0x61, 0xF4, 0xE2, 0xC9, 0x81, 0xAD, 0xA7, 0xA3, 0x31,
    0x6E, 0xEC, 0xDE, 0xD8, 0x00, 0x5C, 0xB8, 0xF1, 0xBB, 0xA7, 0x2C, 0x44, 0x20, 0xB2, 0xC1, 0xDF,
    0x87, 0x93, 0xB9, 0x68, 0xD1, 0x75, 0xF1, 0x66, 0x4C, 0xE6, 0x00, 0x2E, 0x29, 0xC9, 0x65, 0x30,
    0xBC, 0x34, 0x28, 0x42, 0x59, 0x78, 0x68, 0xFC, 0x2F, 0x4B, 0x9D, 0xA7, 0xBB, 0xC1, 0x9D, 0x0C,
    0x9B, 0x5F, 0x47, 0xEE, 0x24, 0x2A, 0x81, 0xDD, 0x35, 0xF8, 0x00, 0x00, 0x00, 0x03, 0xAB, 0x7F,
    0xA5, 0xEA, 0xEF, 0x20, 0x80, 0x87, 0x0F, 0x00, 0x64, 0x87, 0x6A, 0x00, 0xA9, 0x2E, 0x21, 0xF0,
    0x81, 0x34, 0x89, 0xF7, 0x53, 0xC8, 0x81, 0xB7, 0x62, 0x6A, 0xC8, 0xF0, 0x36, 0x2A, 0xE7, 0xA6,
    0x49, 0x8C, 0xF8, 0x9F, 0xC6, 0xAB, 0x08, 0xDF, 0xF0, 0xE4, 0xC9, 0xE4, 0xD4, 0x4B, 0x90, 0x00,
    0x05, 0x04, 0xFC, 0xBF, 0xB4, 0x0C, 0x31, 0xC0, 0x00, 0x61, 0x1B, 0xDA, 0x50, 0xA8, 0xC9, 0xC8,
    0xE9, 0x1B, 0x17, 0xCD, 0x57, 0xF6, 0x17, 0x38, 0x17, 0x87, 0x0D, 0x00, 0x79, 0x70, 0x65, 0x78,
    0x14, 0xF6, 0x04, 0x95, 0x30, 0xCA, 0x79, 0x23, 0x51, 0xF8, 0x00, 0x1F, 0xB7, 0x45, 0xDA, 0x23,
    0x66, 0xCB, 0xFE, 0x5A, 0x76, 0xB8, 0x64, 0x53, 0x13, 0x81, 0xF5, 0xE2, 0xE0, 0x00, 0x1F, 0xB7,
    0x45, 0xDB, 0x53, 0x41, 0x96, 0x6A, 0x2E, 0x59, 0x14, 0x71, 0x35, 0xA2, 0xAD, 0x77, 0x79, 0x80,
    0xD8, 0xEC, 0x6B, 0xBA, 0x20, 0x00, 0x1B, 0x9C, 0x46, 0x58, 0x34, 0x87, 0x57, 0x00, 0xB4, 0x01,
    0xCC, 0x2B, 0xB4, 0x54, 0x95, 0x81, 0x07, 0xAA, 0x0E, 0x82, 0x0F, 0xA2, 0x37, 0xFB, 0xD4, 0xD8,
    0x5B, 0xF3, 0x41, 0x40, 0x00, 0x2E, 0xAB, 0xA3, 0x45, 0xB0, 0x0E, 0xC4, 0x1D, 0x42, 0xA6, 0xE0,
    0x64, 0x6C, 0x4E, 0xC7, 0xB3, 0x58, 0x80, 0x48, 0x24, 0x06, 0x31, 0x30, 0xE2, 0x16, 0x81, 0x31,
    0x51, 0x31, 0x93, 0x4B, 0x9E, 0x87, 0x10, 0x00, 0x91, 0xC0, 0x00, 0x0C, 0x5B, 0xD5, 0x2D, 0x90,
    0x64, 0x03, 0xAA, 0x1E, 0x7A, 0x00, 0x57, 0x0A, 0xB2, 0xCC, 0x98, 0x0F, 0x39, 0xA5, 0xDD, 0x56,
    0x02, 0x00, 0x61, 0x18, 0xD5, 0x19, 0x61, 0x68, 0x28, 0xC6, 0x99, 0x36, 0x21, 0x6A, 0x84, 0xB1,
    0xF0, 0xAC, 0x8D, 0x6C, 0x00, 0xF1, 0xF8, 0x66, 0xE5, 0xA4, 0xE6, 0xDD, 0x46, 0x84, 0xEB, 0xBD,
    0xB5, 0xAE, 0xAF, 0x41, 0xC7, 0x87, 0x46, 0xEB, 0x8A, 0x32, 0xB5, 0xA5, 0x7B, 0xC6, 0x05, 0x00,
    0x1A, 0x37, 0x16, 0xB5, 0xC4, 0xB1, 0xD2, 0x2E, 0x7F, 0x36, 0x8A, 0xDE, 0x95, 0x75, 0xDA, 0xA4,
    0x44, 0xD1, 0xB6, 0x4B, 0x60, 0x28, 0x22, 0x0B, 0x72, 0x47, 0xE8, 0x7A, 0x8E, 0x50, 0x92, 0xFB,
    0x14, 0xC6, 0x19, 0xB0, 0x04, 0x13, 0xDE, 0xAD, 0xBA, 0x66, 0x20, 0x59, 0xEB, 0xA6, 0x57, 0x87,
    0x7D, 0x00, 0x8B, 0xFE, 0x5C, 0xE5, 0x0E, 0x2D, 0xF5, 0x0A, 0x1C, 0xB2, 0x46, 0x3E, 0xF8, 0x14,
    0x5F, 0x59, 0x90, 0x24, 0xC8, 0x01, 0x80, 0x44, 0xF1, 0xE5, 0x43, 0xCF, 0x6D, 0x80, 0x3D, 0xAA,
    0x29, 0xEF, 0xB7, 0xCF, 0x6B, 0x84, 0x80, 0x00, 0xA0, 0x47, 0xEC, 0x86, 0x26, 0x26, 0x43, 0x16,
    0x35, 0x17, 0x6E, 0x47, 0x80, 0xD8, 0x54, 0x30, 0x4A, 0xCC, 0xC1, 0xED, 0xEC, 0xEE, 0xBF, 0x5A,
    0x15, 0x4E, 0x10, 0x93, 0xD3, 0xA4, 0xE6, 0xC0, 0x1A, 0x4A, 0xA2, 0xBD, 0x4F, 0x61, 0xB2, 0x4E,
    0x79, 0x86, 0x4C, 0xFA, 0xD5, 0xE2, 0xE7, 0x0E, 0x55, 0x94, 0xF6, 0x74, 0xE5, 0x03, 0xC2, 0x50,
    0x97, 0x00, 0x46, 0xE3, 0x18, 0x89, 0x06, 0x95, 0xFC, 0xAA, 0xF5, 0xB6, 0x97, 0xD7, 0xC1, 0x66,
    0xDB, 0xDB, 0x5D, 0x82, 0x8B, 0x71, 0xB7, 0xEE, 0xD5, 0x64, 0x13, 0xA6, 0x59, 0xE0, 0x80, 0x23,
    0x00, 0x20, 0x33, 0x0E, 0x4C, 0x43, 0x23, 0x63, 0xB9, 0x95, 0x0C, 0xB8, 0x12, 0x2A, 0xEC, 0x9A,
    0xF2, 0x1F, 0x63, 0x30, 0xC9, 0xC4, 0xB6, 0x9A, 0x4C, 0x8A, 0xED, 0x7F, 0x51, 0xED, 0xDB, 0x49,
    0x39, 0x20, 0x67, 0x85, 0x87, 0x81, 0x00, 0xF3, 0xC5, 0x88, 0x8C, 0xE9, 0x73, 0xCC, 0x16, 0x0F,
    0x06, 0xAE, 0x56, 0xF3, 0x09, 0x80, 0x87, 0x81, 0x00, 0xC2, 0xF7, 0x8E, 0xD6, 0xD0, 0x75, 0xC0,
    0xF4, 0x1A, 0x22, 0x5F, 0x72, 0x01, 0x97, 0x58, 0xF1, 0x80, 0x87, 0x81, 0x00, 0xF9, 0x6C, 0x94,
    0x99, 0x9E, 0xC1, 0x89, 0x8C, 0xE8, 0x0D, 0xAE, 0x97, 0xA1, 0x50, 0x37, 0x8B, 0xF7, 0x40, 0x87,
    0x81, 0x00, 0xF8, 0xBF, 0xD4, 0xF9, 0xC5, 0x83, 0x09, 0xE5, 0xF8, 0xAA, 0x5B, 0x18, 0x83, 0x8A,
    0x84, 0x08, 0xED, 0x75, 0xA0, 0x82, 0x23, 0x00, 0x40, 0x7F, 0xE2, 0x57, 0x8F, 0x02, 0x61, 0x07,
    0xE9, 0x56, 0x82, 0x0C, 0x71, 0xC3, 0x80, 0x00, 0x3A, 0xB6, 0xAF, 0xCF, 0x47, 0xCF, 0xCF, 0x1C,
    0xA2, 0x07, 0x46, 0x39, 0x17, 0xE9, 0x72, 0x1F, 0x3F, 0x35, 0xD4, 0xD7, 0x5E, 0x43, 0xF3, 0xB9,
    0x81, 0xFE, 0x63, 0xA2, 0xFC, 0x67, 0x27, 0x35, 0xF3, 0x2B, 0x1A, 0xA6, 0xA8, 0x71, 0x3C, 0x4E,
    0xE5, 0x6F, 0x40, 0x87, 0x25, 0x00, 0x97, 0x69, 0x58, 0x83, 0x08, 0x1B, 0x6E, 0x51, 0x97, 0xAC,
    0xC9, 0x95, 0xCD, 0x73, 0xC6, 0x69, 0xEB, 0x18, 0x80, 0x27, 0x00, 0x06, 0x96, 0x52, 0x83, 0xBB,
    0x14, 0x44, 0x4A, 0xD6, 0xEF, 0x42, 0xDD, 0x15, 0x8B, 0x1E, 0xA5, 0x11, 0x28, 0x51, 0xEB, 0x87,
    0x89, 0x00, 0xFD, 0x68, 0xFA, 0x61, 0x69, 0x36, 0x4E, 0xD0, 0x77, 0x9C, 0x9B, 0x60, 0x87, 0x89,
    0x00, 0xF2, 0xF8, 0xEE, 0xC0, 0xCF, 0xC5, 0x51, 0x86, 0x29, 0xEB, 0xB1, 0xB5, 0x05, 0x15, 0x1C,
    0x87, 0x89, 0x00, 0xFE, 0xC0, 0x96, 0x1A, 0x80, 0x96, 0xCE, 0x10, 0xD8, 0x09, 0x09, 0x12, 0xF0,
    0x00, 0x01, 0xBF, 0x38, 0x00, 0x60, 0x6F, 0x4F, 0xC9, 0xF9, 0xAD, 0x6D, 0xCD, 0xC7, 0x4D, 0x60,
    0x91, 0xFE, 0x18, 0xE0, 0x66, 0x43, 0x89, 0x15, 0x79, 0xB8, 0x00, 0x32, 0xA5, 0x81, 0xDC, 0x9B,
    0x3E, 0x9E, 0x45, 0x6C, 0x81, 0x5E, 0xAB, 0x0D, 0xC6, 0x43, 0x04, 0xA3, 0x87, 0x0A, 0x0E, 0xF6,
    0x88, 0x34, 0x00, 0x23, 0x11, 0x12, 0xCE, 0xA3, 0xA4, 0xE8, 0x7B, 0x8D, 0x11, 0x00, 0x43, 0xDC,
    0x3C, 0x58, 0x7D, 0x17, 0x67, 0x1D, 0x38, 0xF2, 0x56, 0x62, 0x17, 0x2D, 0xFE, 0xC0, 0x00, 0x5D,
    0xFF, 0x62, 0x20, 0x83, 0xB2, 0xAE, 0x8B, 0xA2, 0xF4, 0xEE, 0xE8, 0xB4, 0xD6, 0xC6, 0x5F, 0x39,
    0x47, 0xD4, 0xB3, 0xD0, 0xD1, 0xD0, 0x3A, 0x4E, 0x24, 0x00, 0x0F, 0x01, 0x54, 0x6D, 0x2F, 0xA4,
    0x99, 0x51, 0x6D, 0xA3, 0x4D, 0xB9, 0x71, 0x9F, 0x6E, 0xC1, 0xDC, 0xB3, 0x63, 0xBB, 0x87, 0x80,
    0xC4, 0xB6, 0x2A, 0xE4, 0x20, 0xC4, 0x8C, 0xFA, 0x3F, 0x12, 0x0B, 0x80, 0x30, 0x00, 0x96, 0x7F,
    0xCE, 0x5E, 0x71, 0x6D, 0x94, 0xEA, 0x54, 0xFD, 0xDA, 0x52, 0x0C, 0x47, 0x7F, 0x5F, 0xE5, 0x1C,
    0x23, 0x50, 0xB9, 0xF0, 0x93, 0x2A, 0x34, 0xF8, 0xC5, 0xE5, 0x25, 0xFC, 0x18, 0xA1, 0x10, 0x80,
    0x31, 0x00, 0x2B, 0x31, 0x4D, 0xDF, 0x30, 0xA5, 0x2C, 0xDD, 0xFF, 0x49, 0x08, 0xFE, 0xD4, 0x46,
    0x0C, 0x80, 0x31, 0x00, 0x62, 0x8D, 0xEA, 0xDD, 0x5C, 0x92, 0x58, 0x6B, 0xE5, 0x0F, 0xAD, 0x54,
    0xD2, 0xC0, 0x80, 0x31, 0x00, 0x3F, 0xD8, 0x80, 0xE1, 0xDA, 0x3E, 0x77, 0xB4, 0x77, 0x7F, 0x26,
    0xC1, 0xFC, 0xEF, 0xEF, 0x99, 0x1D, 0xC8, 0x87, 0x93, 0x00, 0xFB, 0xC8, 0x70, 0x2E, 0xCC, 0x1D,
    0x73, 0x69, 0x3A, 0x75, 0xC3, 0x77, 0x1A, 0x40, 0x12, 0x5C, 0x83, 0xDE, 0x80, 0x80, 0x31, 0x00,
    0xA2, 0x9B, 0x23, 0xF6, 0x9A, 0x15, 0x92, 0xAA, 0x40, 0x60, 0xBE, 0x58, 0xCB, 0x78, 0x35, 0x54,
    0x80, 0x00, 0x71, 0x7D, 0x0F, 0x27, 0x5F, 0x8E, 0xCF, 0xC3, 0xC2, 0x4E, 0x62, 0xF3, 0xC5, 0xB6,
    0x79, 0x69, 0xB9, 0x75, 0xFC, 0x05, 0x43, 0x5E, 0x9E, 0x00, 0x1D, 0x70, 0xE6, 0xC0, 0x86, 0x31,
    0x00, 0xC0, 0xF0, 0x8D, 0xC7, 0xB8, 0xEE, 0xDF, 0x4F, 0x78, 0xAE, 0x97, 0x6D, 0x35, 0x9C, 0xA2,
    0xD0, 0xBF, 0xA9, 0x47, 0x63, 0xBD, 0x26, 0x8E, 0x80, 0x37, 0x00, 0x14, 0xE8, 0x15, 0x15, 0x9C,
    0xDD, 0xB9, 0x4C, 0xBA, 0xE6, 0xCE, 0x23, 0xCC, 0x45, 0xF6, 0x84, 0x97, 0xAA, 0xDD, 0x95, 0x4D,
    0x18, 0xCF, 0xB4, 0x80, 0x87, 0x9A, 0x00, 0xFA, 0xAC, 0x59, 0x47, 0x57, 0x35, 0x1F, 0x29, 0xFE,
    0x0D, 0xF9, 0xF6, 0xB8, 0x87, 0x9A, 0x00, 0xF0, 0xB6, 0x7B, 0x1D, 0x9A, 0x9C, 0xC9, 0x8B, 0xFB,
    0xB6, 0xA5, 0xB2, 0xF2, 0x44, 0x40, 0x87, 0x9A, 0x00, 0xFD, 0xC2, 0xF9, 0x15, 0x8B, 0x52, 0x23,
    0x67, 0xA4, 0xBB, 0xC0, 0x22, 0x3D, 0x25, 0x7B, 0x7E, 0x80, 0x3B, 0x00, 0x51, 0xC3, 0xC4, 0x3A,
    0x7E, 0x57, 0x36, 0xC5, 0x3B, 0x99, 0xBB, 0x8D, 0xDC, 0x7C, 0xEC, 0x2A, 0x56, 0x38, 0x92, 0x88,
    0x63, 0xFB, 0x4C, 0xCC, 0x34, 0xAC, 0xDB, 0x73, 0x40, 0x00, 0x02, 0xBA, 0x1C, 0xF0, 0x27, 0x8F,
    0x9D, 0x49, 0x86, 0xB1, 0x57, 0xFD, 0x6A, 0x0A, 0xB7, 0x20, 0x49, 0xBA, 0xFE, 0xF8, 0x53, 0x00,
    0x2B, 0xA7, 0xF3, 0x7E, 0xF6, 0x7B, 0x51, 0x41, 0xCC, 0x99, 0xC8, 0x64, 0x74, 0x6A, 0xBE, 0x67,
    0x1F, 0x8B, 0x18, 0x8E, 0x1C, 0x67, 0x2B, 0xAB, 0x1B, 0xF5, 0xE4, 0xD5, 0xC5, 0x58, 0xB4, 0x60,
    0x07, 0x0B, 0x64, 0xCE, 0xD8, 0xDB, 0xF0, 0xF8, 0xDC, 0x80, 0x43, 0x00, 0x14, 0xD8, 0xB9, 0xCB,
    0x66, 0xDB, 0x1A, 0x64, 0x6A, 0xE5, 0xBB, 0x08, 0x80, 0x43, 0x00, 0x4D, 0x4C, 0x7B, 0xFF, 0xAE,
    0xE8, 0xE6, 0x65, 0xFD, 0x28, 0x8D, 0xE0, 0x80, 0x43, 0x00, 0x26, 0x7E, 0xE2, 0x81, 0x66, 0x29,
    0x4A, 0x83, 0x74, 0x14, 0xCA, 0x36, 0x08, 0x69, 0x0D, 0x8C, 0x87, 0xA1, 0x00, 0xFC, 0x69, 0x81,
    0x7A, 0x1F, 0xD9, 0xA7, 0x6D, 0x2C, 0x39, 0x26, 0xE2, 0x24, 0x2C, 0x80, 0xA1, 0xC0, 0x80, 0x43,
    0x00, 0x77, 0xF4, 0x35, 0x54, 0x5B, 0xBB, 0x5B, 0x2B, 0x51, 0x99, 0xDC, 0xC4, 0x0D, 0x42, 0xFA,
    0x85, 0xA5, 0x00, 0x27, 0x66, 0x28, 0x7F, 0x70, 0x8B, 0x57, 0x59, 0x5B, 0x9D, 0x3D, 0xF7, 0xAE,
    0xB1, 0x8C, 0xFE, 0x57, 0x68, 0xBA, 0xCE, 0x00, 0x1E, 0x27, 0xE2, 0x92, 0x7B, 0x1B, 0x8A, 0xAD,
    0x22, 0x20, 0x8C, 0xBD, 0xC1, 0x43, 0x88, 0x42, 0x96, 0xFD, 0xD5, 0xA5, 0x35, 0x8D, 0x3B, 0x14,
    0x88, 0x8A, 0x0E, 0xE0, 0x16, 0x22, 0x30, 0xA5, 0x6C, 0x9E, 0x57, 0x3C, 0xA2, 0xA3, 0x65, 0x27,
    0xF3, 0x58, 0x62, 0xA0, 0x28, 0xEC, 0x43, 0x6A, 0xE5, 0x67, 0xC1, 0x51, 0x73, 0x10, 0x87, 0x45,
    0x00, 0x47, 0x5C, 0x26, 0x93, 0x95, 0xF9, 0xCE, 0x19, 0x52, 0xA7, 0x0E, 0x57, 0x90, 0xEA, 0x2E,
    0x72, 0x80, 0x80, 0x47, 0x00, 0x14, 0xDA, 0x28, 0xD9, 0xE7, 0x7B, 0x9B, 0x83, 0x9A, 0x80, 0xDF,
    0x10, 0x80, 0x47, 0x00, 0x4D, 0xA1, 0xCC, 0x30, 0x4A, 0x93, 0x09, 0xDD, 0x32, 0xB1, 0xE2, 0x80,
    0x47, 0x00, 0x26, 0x87, 0x2A, 0x06, 0x1F, 0x6F, 0xB2, 0x11, 0x18, 0xA3, 0x57, 0xC7, 0xC6, 0x51,
    0x45, 0xC0, 0x80, 0x47, 0x00, 0x7E, 0xBD, 0x38, 0x7E, 0xCD, 0xBA, 0x31, 0xEE, 0x5E, 0x7F, 0x44,
    0x04, 0x67, 0x7E, 0x96, 0x00, 0x06, 0x75, 0x4E, 0x46, 0xB0, 0x25, 0x15, 0xBA, 0x54, 0x3A, 0x41,
    0x0A, 0x0F, 0x49, 0xE3, 0x62, 0x20, 0x87, 0x75, 0x00, 0x53, 0x1C, 0x06, 0x3E, 0xCE, 0x34, 0xFB,
    0x25, 0x02, 0xCC, 0xC0, 0xA3, 0x00, 0x16, 0x6E, 0x33, 0xCF, 0x27, 0x34, 0x79, 0x62, 0x53, 0x70,
    0xD2, 0x5B, 0x42, 0xE3, 0x2D, 0x38, 0xB9, 0xEF, 0x66, 0x5A, 0x87, 0x69, 0x00, 0x51, 0x67, 0x9B,
    0x9F, 0x4D, 0x34, 0xEA, 0xB4, 0xB4, 0xB7, 0x2B, 0xFC, 0x6D, 0x1D, 0x90, 0x00, 0x2E, 0x97, 0x8D,
    0x40, 0xC7, 0x91, 0xCA, 0xC9, 0x0E, 0x7F, 0x66, 0x76, 0xD0, 0xBB, 0xA8, 0xC8, 0x89, 0xF3, 0x95,
    0x85, 0x9E, 0xAA, 0x8A, 0xC3, 0x6B, 0xAF, 0x01, 0x2B, 0xC8, 0x18, 0x03, 0x4A, 0xC8, 0xB3, 0x95,
    0xFC, 0x9D, 0x75, 0xD5, 0xEA, 0x40, 0x87, 0x4A, 0x00, 0xFF, 0xF1, 0xF4, 0x39, 0x82, 0x15, 0xC4,
    0xA7, 0xFE, 0x27, 0xF7, 0xE5, 0x17, 0xC9, 0x7B, 0x03, 0x6A, 0x8F, 0xB0, 0x4E, 0x8B, 0xE2, 0x80,
    0x80, 0x51, 0x00, 0x14, 0xE7, 0x93, 0x56, 0xD9, 0x94, 0x77, 0x63, 0xCC, 0x44, 0x75, 0x36, 0x20,
    0x80, 0x51, 0x00, 0x4E, 0x46, 0xF8, 0x4D, 0x01, 0xC0, 0x9F, 0x6F, 0x2F, 0xBF, 0xF8, 0x80, 0x51,
    0x00, 0x32, 0x4D, 0x3C, 0xC5, 0x6C, 0x43, 0x86, 0x9D, 0x8C, 0x33, 0x2E, 0xBB, 0xE2, 0xD7, 0xC0,
    0x80, 0x51, 0x00, 0x8A, 0xD9, 0xBA, 0x2A, 0xB4, 0x11, 0xF0, 0x36, 0xE2, 0xB9, 0x1B, 0xED, 0x16,
    0xB5, 0xF9, 0xA4, 0x80, 0x51, 0x00, 0x87, 0x93, 0xBA, 0x34, 0xB0, 0x75, 0xAA, 0x3E, 0x63, 0xDA,
    0xD2, 0xC1, 0x68, 0x08, 0x81, 0x6D, 0x00, 0x35, 0x43, 0x63, 0x88, 0x59, 0x61, 0x0D, 0x1B, 0xF5,
    0x11, 0xEE, 0xC3, 0x1F, 0x32, 0xE0, 0x86, 0x51, 0x00, 0x96, 0x7C, 0x4F, 0xF5, 0x11, 0x9D, 0x5C,
    0x08, 0x27, 0xEA, 0x96, 0x66, 0xF8, 0xB5, 0x5D, 0xA0, 0xAA, 0x49, 0x9C, 0x07, 0x29, 0xB6, 0xC4,
    0x80, 0x80, 0x57, 0x00, 0x14, 0xDA, 0x1D, 0x51, 0xD5, 0x9B, 0x9A, 0xC8, 0x99, 0x7C, 0x46, 0x80,
    0x57, 0x00, 0x4D, 0xA1, 0x58, 0x59, 0xD0, 0x59, 0xEF, 0x60, 0x5B, 0x97, 0xB0, 0x80, 0x57, 0x00,
    0x26, 0x9A, 0x4A, 0x61, 0x67, 0xDB, 0x22, 0x2B, 0xF0, 0xCC, 0x70, 0x0A, 0xC6, 0x7B, 0x60, 0x80,
    0x57, 0x00, 0x7E, 0xB9, 0x89, 0x15, 0xA4, 0xB2, 0xE7, 0x31, 0xBE, 0xC7, 0x36, 0x40, 0x4F, 0x20,
    0x80, 0x5B, 0x00, 0x4E, 0x47, 0xFE, 0xB0, 0xCB, 0xFE, 0xD2, 0xEF, 0x8F, 0x16, 0xAC, 0x41, 0xB3,
    0x3F, 0x10, 0x87, 0x44, 0x00, 0x84, 0xAC, 0xA1, 0xF7, 0x2E, 0xDC, 0x03, 0x7A, 0x36, 0xF9, 0xBA,
    0x37, 0x68, 0x80, 0x5B, 0x00, 0x89, 0x40, 0x8B, 0x99, 0xD2, 0x1D, 0x4C, 0x04, 0x22, 0xE3, 0x09,
    0x2B, 0xC0, 0x08, 0xD6, 0xD1, 0x2F, 0x4C, 0x81, 0x23, 0x00, 0x1D, 0x6B, 0x46, 0x27, 0x96, 0x2E,
    0xF9, 0x3D, 0xF6, 0x4B, 0xE6, 0xD9, 0x82, 0x43, 0x00, 0x0E, 0xD9, 0xD9, 0x44, 0xF0, 0x5B, 0x1C,
    0x5D, 0x1D, 0xA7, 0x4A, 0xAF, 0x60, 0x85, 0xC1, 0x00, 0x1A, 0xDE, 0x78, 0x71, 0x45, 0x33, 0x4D,
    0x7E, 0xAA, 0xC8, 0xDB, 0x46, 0x64, 0x2D, 0xAB, 0xD5, 0x21, 0x08, 0x87, 0xA2, 0x00, 0x12, 0x2E,
    0x74, 0xEA, 0x6A, 0x70, 0x4B, 0x0B, 0x62, 0xC9, 0x5A, 0xA1, 0x08, 0xBE, 0x77, 0x80, 0x87, 0x23,
    0x00, 0x76, 0xBB, 0xE4, 0x3B, 0xFC, 0x35, 0x92, 0xED, 0x35, 0x8C, 0xF7, 0x75, 0x94, 0x44, 0x3E,
    0xD4, 0x51, 0xD4, 0x87, 0x43, 0x00, 0x46, 0xAD, 0xAD, 0x93, 0x37, 0x59, 0xF7, 0x1F, 0x5E, 0x7C,
    0xED, 0x61, 0xE9, 0x87, 0x40, 0x80, 0x25, 0x00, 0x5E, 0xC7, 0xFE, 0x9C, 0x67, 0x5E, 0xCF, 0x50,
    0xEA, 0x9D, 0x0D, 0x8A, 0x80, 0x80, 0x45, 0x00, 0x53, 0x23, 0x42, 0x2B, 0xF4, 0x56, 0x18, 0xF0,
    0x72, 0x68, 0xAF, 0x80, 0x25, 0x00, 0x46, 0x55, 0x4F, 0xFD, 0x07, 0xB9, 0x69, 0x93, 0x65, 0x57,
    0xAB, 0x74, 0x05, 0x31, 0x46, 0xB4, 0x80, 0x45, 0x00, 0x2E, 0x18, 0x37, 0xB4, 0x39, 0x7F, 0x9E,
    0xB6, 0xBD, 0x1D, 0xBC, 0x6B, 0xFF, 0xF2, 0x18, 0x80, 0x25, 0x00, 0x53, 0xD3, 0x39, 0x0A, 0xAE,
    0xE5, 0x36, 0xD4, 0x75, 0x15, 0xAF, 0x20, 0x80, 0x45, 0x00, 0x46, 0xE8, 0x8B, 0xDD, 0x48, 0x5F,
    0x8A, 0x9C, 0x31, 0xC9, 0x87, 0xC7, 0x00, 0x20, 0x79, 0x5A, 0xA7, 0xC3, 0x00, 0x28, 0x0B, 0x8C,
    0xC1, 0x19, 0x37, 0x46, 0x24, 0xFC, 0x80, 0x00, 0x0C, 0x66, 0x14, 0x62, 0xEE, 0x21, 0x08, 0xE0,
    0xCF, 0x5C, 0xEE, 0x5A, 0x22, 0xC6, 0x5F, 0xEB, 0x1C, 0x00, 0x52, 0x88, 0x22, 0xEA, 0xF9, 0xEC,
    0x4E, 0xC9, 0xD4, 0x97, 0x45, 0x93, 0x1C, 0x0C, 0x70, 0xEF, 0x70, 0x80, 0x26, 0x00, 0x11, 0x33,
    0xBE, 0x86, 0xA4, 0x82, 0xE7, 0xDE, 0x3A, 0x99, 0x9F, 0xA7, 0x6E, 0xD5, 0xD1, 0x1B, 0xEC, 0xA8,
    0xAD, 0x81, 0x86, 0xCE, 0xBE, 0x77, 0xD2, 0x33, 0x56, 0x6C, 0x57, 0xF6, 0x1A, 0x0A, 0xE4, 0x00,
    0x5F, 0x84, 0x75, 0x28, 0xC2, 0x15, 0x4B, 0x5F, 0x33, 0x38, 0x0F, 0x27, 0x0D, 0x6E, 0x15, 0xD7,
    0x42, 0x6F, 0x66, 0x27, 0xA6, 0xF0, 0xA5, 0xA2, 0x67, 0x98, 0xEB, 0x4E, 0xE6, 0x2D, 0xDC, 0x5F,
    0x1A, 0x51, 0x65, 0x20, 0xD0, 0x63, 0x9F, 0x80, 0x87, 0x91, 0x00, 0x57, 0x03, 0xBE, 0xE4, 0x8A,
    0xA0, 0x60, 0x00, 0x63, 0x79, 0x7D, 0x2F, 0x66, 0x8B, 0x3C, 0xA2, 0xD7, 0xFC, 0xF0, 0xE8, 0x85,
    0x39, 0xAB, 0x52, 0x19, 0xB6, 0x54, 0xF5, 0x5E, 0x1C, 0x32, 0x83, 0xC2, 0x80, 0x04, 0x93, 0x7D,
    0x79, 0xE9, 0xC4, 0xD2, 0x4C, 0x6C, 0xB4, 0xA0, 0xFA, 0x84, 0x6A, 0xDD, 0x1C, 0x81, 0x27, 0x00,
    0x05, 0x23, 0x03, 0xCF, 0x55, 0x4C, 0xE9, 0xE6, 0xD9, 0x80, 0x82, 0x47, 0x00, 0x0E, 0xE4, 0xB9,
    0xFD, 0x74, 0x92, 0xBE, 0xFB, 0xBD, 0x2D, 0xD4, 0x26, 0x80, 0x87, 0x89, 0x00, 0x9A, 0xA7, 0x3C,
    0x2B, 0x02, 0xD1, 0x74, 0x7C, 0x02, 0x35, 0x33, 0x98, 0x40, 0x87, 0xAA, 0x00, 0x12, 0x31, 0xC0,
    0x54, 0x42, 0x4E, 0x72, 0x2D, 0xA0, 0x6C, 0x70, 0x5E, 0x44, 0x7C, 0x41, 0x87, 0x89, 0x00, 0xFC,
    0xF1, 0xB0, 0x2D, 0x94, 0x01, 0x16, 0x6D, 0xCF, 0x49, 0x80, 0x47, 0x00, 0x41, 0x0F, 0xC8, 0x5F,
    0xB1, 0x06, 0xF3, 0xEF, 0x37, 0xD2, 0x6B, 0x72, 0x87, 0x27, 0x00, 0x25, 0xCC, 0x99, 0xAA, 0xD2,
    0x36, 0xB1, 0x73, 0x3C, 0x52, 0x44, 0xBB, 0x80, 0x87, 0x47, 0x00, 0x50, 0xC0, 0x06, 0x64, 0xF0,
    0x18, 0x96, 0x77, 0xA4, 0x69, 0x9B, 0x94, 0xCE, 0x27, 0xF8, 0x00, 0x02, 0xE3, 0xE5, 0xC7, 0xBF,
    0x7C, 0x9D, 0x5B, 0x33, 0x14, 0xCD, 0x14, 0x2E, 0x73, 0x24, 0xEA, 0x8C, 0x2A, 0x29, 0x28, 0xA5,
    0x48, 0x28, 0x48, 0x91, 0x2B, 0xDB, 0x94, 0x58, 0xC0, 0x87, 0xAA, 0x00, 0x0C, 0xEF, 0x06, 0x7B,
    0xB1, 0xE4, 0x81, 0x4F, 0xE4, 0xFB, 0x13, 0x35, 0x45, 0x6B, 0x80, 0x29, 0x00, 0x3F, 0xD0, 0x4B,
    0xE1, 0xA3, 0x2E, 0xA2, 0x81, 0xA5, 0x91, 0x96, 0x4A, 0xB9, 0x3C, 0x49, 0x9F, 0xD8, 0x7C, 0x80,
    0x49, 0x00, 0x32, 0x44, 0x7A, 0xBA, 0x14, 0x9A, 0xE3, 0x34, 0x76, 0x51, 0x5F, 0xD7, 0xB9, 0x61,
    0xCC, 0xDB, 0x42, 0x54, 0x80, 0x29, 0x00, 0x23, 0x88, 0x35, 0x2A, 0xBA, 0x85, 0x0B, 0xE3, 0x16,
    0x6F, 0xCC, 0x1E, 0xEE, 0x32, 0x33, 0x27, 0x35, 0x40, 0x80, 0x49, 0x00, 0x11, 0x9F, 0xB9, 0x07,
    0xC9, 0xF8, 0xD8, 0xA4, 0x84, 0x29, 0x03, 0xEA, 0x8D, 0x94, 0x88, 0x6C, 0xED, 0x90, 0x80, 0x29,
    0x00, 0x57, 0x37, 0x1F, 0xA9, 0x0B, 0x67, 0x81, 0xFC, 0xD1, 0x61, 0xF5, 0x23, 0x90, 0x80, 0x49,
    0x00, 0x41, 0x32, 0x27, 0x47, 0x1E, 0xCF, 0xBA, 0x30, 0x7D, 0x31, 0x67, 0x11, 0x1C, 0x87, 0x29,
    0x00, 0x95, 0xCE, 0xC3, 0x55, 0x40, 0x98, 0x9B, 0x00, 0x64, 0x06, 0x5C, 0xA2, 0xD4, 0x80, 0x49,
    0x00, 0x49, 0xC6, 0x74, 0x1E, 0xF4, 0xCC, 0x24, 0xAA, 0xDE, 0xCD, 0x1C, 0xD7, 0x80, 0x80, 0x2A,
    0x00, 0x32, 0x50, 0x57, 0x60, 0xBB, 0xB6, 0xD2, 0xFA, 0x69, 0x5D, 0xDD, 0x39, 0xD7, 0x9D, 0xF1,
    0x86, 0x86, 0x03, 0x75, 0xB5, 0x4A, 0x59, 0xC0, 0x00, 0x14, 0xCA, 0x50, 0x2F, 0xFA, 0xA8, 0xD2,
    0x71, 0xAC, 0x50, 0x2B, 0xE4, 0x0A, 0x4C, 0x02, 0x14, 0xCB, 0x5E, 0x7F, 0xF4, 0x1A, 0xA1, 0x2F,
    0xC3, 0x74, 0xBA, 0x7C, 0xB1, 0x43, 0x39, 0x56, 0x62, 0x52, 0xE5, 0x66, 0xF0, 0x4A, 0x26, 0x5B,
    0x38, 0x00, 0x10, 0xD4, 0x25, 0x3A, 0xC3, 0xD7, 0x80, 0x02, 0x2F, 0x5A, 0xCF, 0x9F, 0x72, 0x59,
    0xE3, 0x19, 0x8A, 0xBB, 0x42, 0x7C, 0xC5, 0x69, 0x5C, 0x9C, 0x1E, 0x32, 0x75, 0xCF, 0x3B, 0xC6,
    0xF6, 0xD5, 0x9E, 0x35, 0x89, 0x60, 0x00, 0x11, 0x05, 0x94, 0x73, 0xAC, 0x73, 0xF5, 0xEA, 0x95,
    0xAF, 0xE1, 0x2E, 0xBE, 0x48, 0xF9, 0x9A, 0x4F, 0x43, 0x9F, 0x83, 0x48, 0x7D, 0xBC, 0xFD, 0xC0,
    0xBC, 0x10, 0xDF, 0xAB, 0xE4, 0xDC, 0xCF, 0x50, 0x8F, 0x7B, 0x59, 0x75, 0x00, 0x72, 0xF5, 0x16,
    0x15, 0xA3, 0x85, 0x89, 0xB8, 0xBB, 0x30, 0x9C, 0x8A, 0xB3, 0x48, 0xC7, 0xC4, 0xF2, 0xA4, 0x97,
    0x53, 0x31, 0x8C, 0x06, 0x38, 0x26, 0x24, 0xA5, 0x4E, 0x20, 0x87, 0xAF, 0x00, 0xF8, 0xD9, 0xE8,
    0x21, 0x43, 0x0E, 0x1E, 0x05, 0x0F, 0x3E, 0xBD, 0x4D, 0xE4, 0xE3, 0x3F, 0xC0, 0x89, 0x8D, 0x00,
    0x05, 0x15, 0xE3, 0x6D, 0xB2, 0x82, 0x35, 0x66, 0x7A, 0x86, 0x88, 0xB0, 0x00, 0x01, 0x5F, 0xC4,
    0x61, 0x2A, 0xC2, 0xD0, 0x03, 0x91, 0xAF, 0x73, 0x80, 0x00, 0x03, 0xBD, 0x6D, 0xAC, 0x67, 0x49,
    0xE5, 0x8D, 0x35, 0x1B, 0xA7, 0xDF, 0x41, 0x10, 0x4E, 0x8F, 0x53, 0xCB, 0x38, 0x85, 0xF7, 0xB7,
    0xE9, 0xCA, 0x3A, 0xAD, 0xF8, 0x87, 0xEA, 0x00, 0x05, 0xDC, 0x26, 0xBA, 0x43, 0x81, 0x7B, 0x93,
    0xB0, 0x6B, 0xF6, 0xE0, 0xCD, 0x60, 0x87, 0x2B, 0x00, 0x2E, 0x9C, 0x9D, 0x1A, 0x45, 0x97, 0x56,
    0x29, 0xFA, 0x25, 0xC9, 0x11, 0xC2, 0x94, 0x00, 0x1F, 0x05, 0x42, 0x74, 0x30, 0x0E, 0xB9, 0xC8,
    0x19, 0x37, 0xFF, 0xF2, 0xED, 0x44, 0x2A, 0xB5, 0x30, 0x7D, 0x11, 0xF6, 0xE5, 0x6A, 0x52, 0x80,
    0x2B, 0x00, 0x30, 0x84, 0xAD, 0x7F, 0xD3, 0x91, 0xC9, 0x98, 0x3E, 0x35, 0x5A, 0x7C, 0x27, 0x93,
    0xFF, 0x6B, 0x09, 0x80, 0x8E, 0x4B, 0x00, 0x3C, 0x00, 0x00, 0x73, 0xE8, 0x8F, 0x56, 0x0A, 0xF8,
    0xF5, 0x32, 0x73, 0x68, 0x20, 0xC0, 0x98, 0x5F, 0x99, 0x3C, 0xDD, 0xB2, 0x84, 0xB4, 0x15, 0x64,
    0x77, 0x7E, 0xC4, 0x18, 0xE6, 0x1D, 0x63, 0x86, 0xE2, 0x21, 0x80, 0x00, 0x0D, 0xCB, 0x12, 0xEE,
    0xAB, 0x81, 0xD7, 0x27, 0xF3, 0xE6, 0x94, 0x73, 0x87, 0xC9, 0xC6, 0x69, 0x14, 0x99, 0x92, 0xFB,
    0x3F, 0xC2, 0x9B, 0x64, 0xF3, 0xA5, 0x8B, 0x4E, 0x1F, 0x11, 0x54, 0x5B, 0xFB, 0xBF, 0x73, 0xC8,
    0x00, 0x2E, 0x18, 0x2D, 0x4C, 0x98, 0x8A, 0xCF, 0x50, 0x32, 0xFE, 0x94, 0x88, 0xC0, 0x0A, 0xFA,
    0x3B, 0x67, 0xA3, 0xF6, 0xC4, 0xE5, 0xCF, 0xA0, 0x52, 0x87, 0xAF, 0x00, 0x5D, 0x92, 0xA7, 0x01,
    0x1F, 0x2C, 0xA9, 0xFD, 0xB9, 0xAE, 0x83, 0x66, 0x90, 0x97, 0x0E, 0x65, 0xC7, 0x2A, 0x26, 0xE3,
    0x87, 0x2D, 0x00, 0x86, 0x22, 0x43, 0xD9, 0x02, 0xBE, 0x58, 0x9C, 0x98, 0x0D, 0x30, 0x52, 0xD0,
    0x87, 0x4D, 0x00, 0x86, 0x9D, 0xE3, 0x27, 0x7B, 0xDF, 0xAD, 0x2E, 0xCE, 0x3B, 0x58, 0x75, 0x20,
    0x8E, 0x4D, 0x00, 0xFF, 0x9E, 0xF1, 0x6E, 0xB0, 0x96, 0xAD, 0xA1, 0x65, 0xF4, 0xA7, 0xED, 0x5A,
    0x4A, 0xF0, 0x80, 0x2E, 0x00, 0x16, 0x99, 0x1A, 0xD8, 0xFE, 0xB7, 0xBA, 0x40, 0xC5, 0x56, 0x98,
    0x87, 0xAE, 0x00, 0x53, 0x1B, 0xB2, 0x86, 0xE1, 0x6E, 0x34, 0x0A, 0x17, 0x53, 0xDC, 0x8F, 0x67,
    0x17, 0xCF, 0xC0, 0x87, 0x2E, 0x00, 0x8F, 0x8A, 0x5D, 0x2B, 0x14, 0x07, 0xA9, 0x75, 0x87, 0x4E,
    0x00, 0x2F, 0xE9, 0xB0, 0xB4, 0xBF, 0xE0, 0x00, 0x07, 0x1A, 0xA1, 0x66, 0x9D, 0xE5, 0xE7, 0x14,
    0xB8, 0x42, 0x44, 0xB8, 0x30, 0x88, 0x1F, 0x30, 0xE8, 0x87, 0x54, 0x00, 0x05, 0x73, 0x7F, 0x10,
    0x93, 0xC1, 0x3B, 0xE2, 0x6C, 0x25, 0x3B, 0x35, 0x50, 0x59, 0x87, 0x2E, 0x00, 0x8F, 0x36, 0x01,
    0x56, 0x63, 0x19, 0x82, 0x98, 0x62, 0x00, 0x07, 0x38, 0xCF, 0x4D, 0x94, 0xC5, 0x62, 0x93, 0x17,
    0x28, 0xCD, 0x10, 0x37, 0x0A, 0x32, 0x9C, 0x53, 0xFF, 0xF2, 0x50, 0x57, 0x8A, 0x00, 0x10, 0x9C,
    0xEB, 0x02, 0x6D, 0xF3, 0xC3, 0xC4, 0x84, 0x38, 0xD4, 0x40, 0x33, 0x80, 0x34, 0xDC, 0x80, 0xE8,
    0xA4, 0xE6, 0x00, 0x1F, 0xF6, 0x83, 0x39, 0x56, 0x44, 0x81, 0xFF, 0x6F, 0x05, 0x13, 0x57, 0x22,
    0x13, 0x1F, 0xF8, 0x8D, 0x81, 0x36, 0x52, 0xD8, 0x87, 0x92, 0x00, 0x40, 0x1F, 0x17, 0x07, 0x5F,
    0x13, 0xF5, 0x29, 0x9D, 0xDA, 0x65, 0x85, 0x9E, 0x08, 0x34, 0xD7, 0x60, 0x87, 0x4A, 0x00, 0xFB,
    0xD0, 0x35, 0x1D, 0x7D, 0xEB, 0x3E, 0x29, 0x1D, 0xAB, 0xA9, 0xF5, 0x8F, 0x15, 0xA6, 0xFA, 0x70,
    0x53, 0xD6, 0xA3, 0x87, 0x30, 0x00, 0x82, 0x16, 0xD7, 0xE0, 0xEC, 0x2C, 0x68, 0x3B, 0xA7, 0x80,
    0xFC, 0x29, 0x7E, 0xD7, 0xA0, 0x8E, 0x4A, 0x00, 0xFF, 0x3D, 0x02, 0x9E, 0x56, 0xDF, 0xED, 0x5A,
    0x28, 0xA2, 0x15, 0xC8, 0x80, 0x88, 0x87, 0x92, 0x00, 0x14, 0x6E, 0x0B, 0x5B, 0xD3, 0x4A, 0xC8,
    0x54, 0xF3, 0xD1, 0x18, 0xAB, 0x9F, 0x90, 0x98, 0xCE, 0x86, 0xA3, 0xDB, 0x87, 0x4A, 0x00, 0xAF,
    0x0B, 0x58, 0x9E, 0x04, 0x6E, 0xF1, 0xA1, 0x2E, 0x37, 0x6E, 0x37, 0x9A, 0x54, 0xD7, 0x7F, 0x49,
    0x7B, 0x08, 0x62, 0x34, 0x8E, 0x00, 0x0C, 0xAD, 0xF3, 0xA5, 0x4E, 0x68, 0x76, 0xC4, 0xBD, 0x2F,
    0xBA, 0x7A, 0x8D, 0x33, 0x80, 0x2C, 0x12, 0x71, 0xE5, 0x93, 0x6E, 0xA0, 0xFF, 0x0E, 0xA1, 0x05,
    0xB9, 0xB5, 0xDD, 0x32, 0x05, 0xA0, 0x88, 0x30, 0x00, 0x63, 0x85, 0x9C, 0xD1, 0x0A, 0xAB, 0x84,
    0xDB, 0xEE, 0xBE, 0xAA, 0x89, 0x1B, 0xB2, 0xED, 0x4A, 0xEB, 0x70, 0x9B, 0x6E, 0x8D, 0x0D, 0x88,
    0x18, 0x9C, 0x01, 0x61, 0x3D, 0x8E, 0x4A, 0x00, 0xFF, 0x3C, 0xE0, 0x40, 0x73, 0xEB, 0xCB, 0x35,
    0xD8, 0x0B, 0xA1, 0xF6, 0x1D, 0x94, 0x82, 0x31, 0x00, 0x28, 0x91, 0x09, 0x7D, 0x3D, 0x54, 0xF2,
    0xA8, 0x63, 0x5D, 0xA0, 0x43, 0x25, 0x82, 0x51, 0x00, 0x13, 0xBF, 0x99, 0xF1, 0xAD, 0x10, 0xE1,
    0x2F, 0x3C, 0x7E, 0x80, 0x80, 0x31, 0x00, 0x23, 0x8F, 0x86, 0xA6, 0xAE, 0x15, 0x2D, 0x67, 0xF5,
    0x38, 0xBF, 0xE7, 0x07, 0xAB, 0x70, 0x38, 0x5A, 0x80, 0x87, 0xB4, 0x00, 0x12, 0x31, 0x44, 0x7A,
    0x7E, 0xB5, 0xB5, 0xC8, 0xB9, 0x0A, 0x7B, 0xCC, 0x36, 0x6E, 0x90, 0x87, 0x93, 0x00, 0x93, 0x82,
    0x56, 0xE2, 0xF8, 0x7D, 0xDD, 0x5F, 0x1A, 0x67, 0xBA, 0xA9, 0xD6, 0x4F, 0xE6, 0x13, 0x97, 0x61,
    0x60, 0x87, 0xB3, 0x00, 0x86, 0xCD, 0x24, 0x74, 0xFB, 0xCE, 0xC7, 0x79, 0x1B, 0xC1, 0x3A, 0x79,
    0x89, 0xD3, 0x71, 0xD7, 0x00, 0xAF, 0xEB, 0xDE, 0x9F, 0x0E, 0x20, 0x80, 0x28, 0x62, 0x5E, 0x9C,
    0xFA, 0x17, 0xA1, 0xED, 0xA0, 0xB6, 0x73, 0xD2, 0x9E, 0x55, 0x30, 0x09, 0x65, 0xD1, 0x24, 0x02,
    0x8D, 0xE8, 0x38, 0x07, 0x9E, 0xAA, 0x72, 0x1D, 0x5C, 0xDE, 0xE7, 0xE7, 0xB1, 0xB0, 0xEE, 0x60,
    0x00, 0x22, 0x94, 0x6A, 0x99, 0xBE, 0xF4, 0x9F, 0x08, 0xB1, 0x7F, 0x94, 0x0C, 0x2D, 0x98, 0x87,
    0x65, 0x2D, 0x47, 0xF3, 0xCB, 0x52, 0x9D, 0xB8, 0xC2, 0x62, 0x7B, 0xC1, 0x53, 0x38, 0x09, 0xD9,
    0x00, 0x84, 0x13, 0x8D, 0xDC, 0xA4, 0x6E, 0x6F, 0xA9, 0x7F, 0x09, 0x5F, 0xD2, 0xB5, 0x1F, 0xD8,
    0x74, 0xC9, 0x98, 0x80, 0x34, 0x00, 0x4E, 0x1A, 0xC6, 0x25, 0xA7, 0x8D, 0x6A, 0x46, 0x9C, 0x40,
    0x59, 0x1C, 0x94, 0xB5, 0x5A, 0x05, 0x86, 0x24, 0x8E, 0x48, 0x93, 0xBB, 0x0D, 0xD8, 0xF2, 0x80,
    0x33, 0x98, 0x82, 0xBF, 0x44, 0x85, 0x80, 0x00, 0x36, 0x5C, 0xFE, 0xB3, 0x6F, 0xAF, 0x1C, 0x1F,
    0x3A, 0xAB, 0xDD, 0x09, 0x3E, 0x46, 0xA7, 0xEA, 0x5A, 0xCC, 0x3D, 0x56, 0x7E, 0x0A, 0xC0, 0x87,
    0x34, 0x00, 0x50, 0xDC, 0x73, 0x81, 0xA9, 0x28, 0xC7, 0x40, 0x59, 0xE9, 0x4A, 0xDB, 0x50, 0x87,
    0x54, 0x00, 0x69, 0x69, 0x7B, 0x14, 0x2D, 0xF1, 0xBE, 0x85, 0xEF, 0x87, 0x15, 0x01, 0x0C, 0xEF,
    0x2C, 0xB0, 0xE1, 0x44, 0x92, 0xB6, 0xD2, 0x60, 0x2E, 0xC4, 0xA3, 0x5D, 0x1C, 0x00, 0x08, 0x69,
    0xD6, 0xE5, 0xDB, 0x91, 0xFC, 0x6F, 0xB9, 0x88, 0x90, 0xA1, 0xA7, 0x5F, 0x3C, 0xE1, 0xB8, 0x5E,
    0x08, 0x53, 0x50, 0x31, 0x88, 0xFE, 0x24, 0x63, 0x7A, 0x20, 0xC0, 0x80, 0x35, 0x00, 0x45, 0x1D,
    0x83, 0xBD, 0xF3, 0x68, 0xC6, 0x6B, 0x80, 0x23, 0xCC, 0xE7, 0x80, 0x55, 0x00, 0x40, 0x71, 0x8C,
    0x46, 0xC0, 0x3F, 0x2C, 0x4B, 0x64, 0x45, 0x58, 0x10, 0x80, 0x35, 0x00, 0x27, 0x6D, 0xCB, 0xE6,
    0x62, 0x9D, 0xC4, 0xA8, 0x8F, 0xA2, 0x84, 0x00, 0x93, 0x5F, 0x25, 0x29, 0xC0, 0x80, 0x55, 0x00,
    0x23, 0x11, 0x30, 0x98, 0xB2, 0xD3, 0x4E, 0xBF, 0x1D, 0x1B, 0xC8, 0xC4, 0x70, 0x65, 0xD0, 0xC2,
    0x87, 0x35, 0x00, 0x89, 0x86, 0x54, 0x5C, 0xAB, 0xAF, 0xDE, 0x14, 0x32, 0xE0, 0xB9, 0x1D, 0xF7,
    0x11, 0x2F, 0xB8, 0x87, 0x55, 0x00, 0x44, 0x3D, 0x79, 0xCE, 0x9A, 0xC9, 0x3A, 0xFE, 0x68, 0x3F,
    0x91, 0xA5, 0x6B, 0xCC, 0x04, 0xCE, 0x64, 0x87, 0x1B, 0x01, 0x0D, 0xE4, 0x6D, 0x47, 0x91, 0x70,
    0xD8, 0xA4, 0x17, 0x86, 0xFC, 0x71, 0x5C, 0xC1, 0x52, 0x2F, 0x50, 0x87, 0x1C, 0x01, 0x09, 0x0D,
    0x95, 0xC8, 0x52, 0x8F, 0x03, 0xD3, 0x80, 0xB4, 0x2B, 0x1B, 0x9F, 0xDD, 0x6E, 0xE6, 0x87, 0x36,
    0x00, 0x1A, 0x94, 0x56, 0x40, 0xC4, 0x6F, 0xF3, 0xA8, 0x14, 0x6C, 0x8D, 0xF0, 0x5E, 0xC1, 0x06,
    0x87, 0x56, 0x00, 0x9D, 0x2F, 0x13, 0xC1, 0xAC, 0x88, 0x62, 0x55, 0x0D, 0x0B, 0x45, 0x41, 0xB5,
    0x51, 0x9A, 0x7A, 0x80, 0x80, 0x36, 0x00, 0x10, 0xDF, 0x6A, 0x55, 0x84, 0x0B, 0x3E, 0x9A, 0xDC,
    0x56, 0xB3, 0x60, 0x85, 0xEC, 0x11, 0x85, 0x8B, 0x5C, 0x00, 0x75, 0x50, 0x91, 0xBE, 0x78, 0x0A,
    0x87, 0xE0, 0xF9, 0x72, 0x78, 0xFB, 0x5F, 0x68, 0xF0, 0x9F, 0x2B, 0xBD, 0xD0, 0x59, 0x31, 0xB3,
    0x3C, 0xF3, 0x7B, 0x87, 0x23, 0x01, 0x1A, 0x94, 0x07, 0xBA, 0xCD, 0x37, 0xEF, 0x76, 0x31, 0x87,
    0x56, 0x00, 0x9D, 0x32, 0x4F, 0x9D, 0x97, 0xA4, 0xCB, 0x20, 0x8A, 0x6C, 0xDC, 0x87, 0x9A, 0x00,
    0xFD, 0xB3, 0xB3, 0x5D, 0x59, 0x33, 0x13, 0xBB, 0xC1, 0x88, 0xAC, 0x0D, 0x31, 0x7B, 0x6F, 0x64,
    0x87, 0xBD, 0x00, 0xCF, 0xAE, 0xB9, 0x4F, 0x93, 0xA8, 0x8B, 0x55, 0x81, 0x66, 0xA5, 0x23, 0xD6,
    0x34, 0xE7, 0x81, 0x37, 0x00, 0x18, 0x60, 0x56, 0xE9, 0xE8, 0x10, 0xF1, 0xE9, 0x4E, 0x43, 0x82,
    0x57, 0x00, 0x0F, 0x00, 0xC8, 0x7B, 0x2E, 0xF6, 0x00, 0x41, 0xE9, 0x47, 0x80, 0x87, 0x9A, 0x00,
    0x6F, 0xBF, 0x93, 0x4F, 0xD2, 0xE6, 0x71, 0x8F, 0x63, 0x96, 0xB8, 0x06, 0xAF, 0x12, 0xB4, 0x80,
    0x87, 0xBB, 0x00, 0x12, 0x31, 0xC0, 0x49, 0xBD, 0x0E, 0x79, 0xEB, 0xBB, 0x7B, 0x30, 0x2A, 0x9B,
    0x83, 0x2B, 0x01, 0x36, 0x5E, 0x19, 0x5C, 0xD5, 0x72, 0x2B, 0x94, 0x05, 0x33, 0x17, 0x9B, 0x5C,
    0x8F, 0x5A, 0x1B, 0x5F, 0x80, 0xCE, 0xA0, 0x85, 0xBB, 0x00, 0x27, 0x85, 0xA8, 0xB5, 0xB0, 0x9B,
    0x11, 0x5F, 0xDC, 0x39, 0x6C, 0xC5, 0x94, 0x30, 0x2D, 0x0C, 0x87, 0x9A, 0x00, 0xD0, 0x3E, 0xFD,
    0xF4, 0x86, 0x62, 0x93, 0xC5, 0x39, 0x21, 0x23, 0xAE, 0xE9, 0xE5, 0xF2, 0x91, 0x24, 0x87, 0xBB,
    0x00, 0x14, 0x7C, 0x1F, 0x1E, 0x78, 0x47, 0x64, 0xBD, 0x0C, 0x33, 0x17, 0xA8, 0x6B, 0xB8, 0x55,
    0x87, 0x37, 0x00, 0x8A, 0x5F, 0x4E, 0xB0, 0x7A, 0xB6, 0x9D, 0xC1, 0x10, 0xB6, 0xF7, 0x2F, 0x42,
    0x80, 0x87, 0x57, 0x00, 0xB7, 0x4D, 0x28, 0x42, 0xF4, 0xF4, 0x6F, 0xF8, 0xEA, 0x4E, 0x17, 0xDF,
    0x20, 0x80, 0x39, 0x00, 0x53, 0xDA, 0x0A, 0x1E, 0x2E, 0xD8, 0x61, 0x24, 0xB8, 0x4F, 0x70, 0xB0,
    0x2B, 0x02, 0x89, 0xD3, 0xC4, 0x49, 0x03, 0x86, 0xCE, 0x63, 0x39, 0x62, 0x7C, 0x41, 0xFC, 0xA4,
    0x2C, 0x6D, 0xCC, 0x61, 0x5B, 0x93, 0x3B, 0x67, 0x0D, 0xC6, 0xB5, 0x79, 0xFC, 0x52, 0x15, 0xF2,
    0x2A, 0x24, 0x5F, 0x95, 0x9D, 0x52, 0x18, 0xEA, 0xD6, 0x93, 0x3B, 0x4B, 0x1E, 0x80, 0x59, 0x00,
    0x51, 0x31, 0x11, 0x23, 0x26, 0x91, 0x14, 0x23, 0x79, 0xAE, 0x80, 0x2D, 0xF6, 0xAD, 0x05, 0x54,
    0x81, 0x4F, 0x30, 0x87, 0x9E, 0x00, 0x39, 0xC2, 0x4D, 0x45, 0x6A, 0xC6, 0x82, 0xCB, 0xFE, 0xEA,
    0x73, 0x5E, 0xFA, 0x0E, 0x6A, 0x2A, 0xC1, 0x90, 0x80, 0x5B, 0x00, 0x32, 0x50, 0x57, 0x60, 0xB9,
    0x4A, 0x52, 0x19, 0x33, 0xA0, 0x5C, 0xFB, 0x90, 0xD0, 0xA8, 0xB5, 0xB5, 0xAC, 0x87, 0x9E, 0x00,
    0xF9, 0xE4, 0xD2, 0xBD, 0xE2, 0xC5, 0x13, 0x32, 0x40, 0xE4, 0x44, 0x70, 0x93, 0x4A, 0xE1, 0xE2,
    0xA0, 0x80, 0x3C, 0x00, 0x4E, 0x19, 0x38, 0x3E, 0xAF, 0x75, 0xDF, 0x91, 0x3C, 0x35, 0x1B, 0xB3,
    0xA7, 0x2E, 0x0B, 0xC3, 0xE2, 0xA1, 0xD7, 0xB5, 0xA2, 0x48, 0x57, 0xCD, 0x87, 0x33, 0x80, 0x80,
    0x5C, 0x00, 0x40, 0x71, 0x8C, 0x49, 0xDF, 0xAD, 0xC8, 0xEF, 0x08, 0x87, 0x3A, 0x01, 0x49, 0x1C,
    0x7D, 0xC7, 0x36, 0x84, 0x62, 0x63, 0xF8, 0x94, 0x69, 0x80, 0x80, 0x5C, 0x00, 0x33, 0x0E, 0x0B,
    0xB6, 0xA0, 0xDE, 0xF3, 0x92, 0x20, 0x87, 0x3A, 0x01, 0x11, 0x4E, 0x6B, 0x9B, 0x4C, 0x15, 0x25,
    0x99, 0xE0, 0x72, 0x4B, 0x02, 0x53, 0xE1, 0x87, 0x3B, 0x01, 0x09, 0x0D, 0x95, 0xC8, 0x52, 0xA4,
    0x69, 0xE3, 0x78, 0x48, 0xDF, 0x72, 0x1F, 0x50, 0x00, 0x28, 0x10, 0x15, 0x54, 0xB0, 0xFD, 0x7C,
    0x6B, 0x36, 0x1F, 0xDA, 0xC9, 0x71, 0x25, 0x92, 0x16, 0x82, 0x40, 0x00, 0x96, 0x77, 0x48, 0xDB,
    0x4F, 0x6D, 0xBB, 0x37, 0x82, 0x78, 0xA1, 0xA9, 0x76, 0x95, 0x1B, 0x47, 0x23, 0x22, 0xE9, 0x7C,
    0xB3, 0xD3, 0x1E, 0x07, 0x76, 0xB7, 0x67, 0x66, 0x13, 0x7D, 0xD1, 0x82, 0xD5, 0x28, 0x4A, 0x4C,
    0xC1, 0x1C, 0xA7, 0x23, 0xC0, 0x00, 0x7E, 0xEA, 0x63, 0x77, 0xCB, 0x55, 0x68, 0xCB, 0xB1, 0x68,
    0xC1, 0x2D, 0xA3, 0xD6, 0xE2, 0xC6, 0xE5, 0x63, 0xE0, 0x67, 0x1D, 0xAE, 0x2E, 0x91, 0x26, 0xD2,
    0xAB, 0x95, 0x14, 0x17, 0x84, 0x00, 0x96, 0x77, 0x04, 0xD1, 0x36, 0xFB, 0x30, 0x92, 0x49, 0x54,
    0x82, 0xC0, 0x03, 0xA1, 0x79, 0x71, 0xBC, 0xCB, 0xEA, 0x59, 0x58, 0xF6, 0x96, 0x62, 0x0E, 0x91,
    0x40, 0x7E, 0x12, 0xC6, 0x5E, 0x15, 0x00, 0x87, 0x80, 0xAF, 0xB5, 0x2F, 0x3B, 0x8E, 0xEC, 0xC7,
    0xDB, 0x0A, 0xD6, 0x5B, 0xF3, 0x00, 0x4D, 0x4B, 0x9D, 0x87, 0xCD, 0x6E, 0xF6, 0x43, 0x73, 0x9B,
    0xD3, 0x81, 0x00, 0x9D, 0x90, 0xB3, 0x36, 0xFA, 0xC0, 0x88, 0xBB, 0x3E, 0x64, 0x1E, 0x3A, 0xA4,
    0xDF, 0x88, 0x58, 0xF3, 0x99, 0x32, 0x37, 0x9E, 0x57, 0xD7, 0x8B, 0x72, 0x2E, 0x56, 0x53, 0x80,
    0x07, 0x1D, 0x31, 0x0F, 0x70, 0x27, 0x6A, 0x8A, 0x57, 0x41, 0xBD, 0xF6, 0xBA, 0x25, 0x24, 0x7C,
    0x1C, 0xDA, 0xBC, 0x8B, 0x2E, 0x93, 0x55, 0xEE, 0x99, 0x71, 0x24, 0x34, 0xEE, 0xD2, 0x06, 0x39,
    0x8B, 0x3F, 0x00, 0x9B, 0x97, 0x0A, 0x6D, 0x58, 0x35, 0xDE, 0xEC, 0xD5, 0x39, 0x9E, 0xBA, 0x6F,
    0x78, 0xD0, 0x1D, 0x9A, 0x44, 0x2B, 0x25, 0x99, 0x97, 0xDB, 0x81, 0x76, 0x48, 0x5D, 0x2C, 0xD2,
    0xA5, 0x07, 0xEA, 0x8B, 0x6C, 0x03, 0xF8, 0xE6, 0x56, 0xA1, 0x6D, 0x92, 0x4E, 0x25, 0xDC, 0x2D,
    0x46, 0xD7, 0xD7, 0x8B, 0x55, 0xD6, 0x04, 0x06, 0x24, 0x40, 0x00, 0x55, 0x48, 0x4C, 0x61, 0x4F,
    0xF2, 0x66, 0xF7, 0xFD, 0xCB, 0x5E, 0xD9, 0x4F, 0xA6, 0x48, 0x45, 0xE4, 0x89, 0xAA, 0xB9, 0xA6,
    0x03, 0x4F, 0xF6, 0x59, 0x8C, 0x5A, 0xA4, 0x2C, 0xE4, 0xA5, 0x87, 0x26, 0x26, 0xC6, 0xF5, 0x94,
    0xE0, 0x1E, 0xF8, 0x3A, 0x76, 0xAE, 0x98, 0x5F, 0x36, 0x00, 0x19, 0xF8, 0xC3, 0xBA, 0x98, 0x53,
    0x61, 0x16, 0x49, 0x98, 0x4D, 0xDB, 0xE2, 0x94, 0x6B, 0x72, 0xB9, 0x64, 0xC0, 0x00, 0x07, 0xA4,
    0x66, 0xF0, 0x05, 0x88, 0xF7, 0x4A, 0x8D, 0x3B, 0xF3, 0x12, 0xDE, 0x3B, 0x61, 0xA7, 0x66, 0xC5,
    0x4B, 0xE8, 0x28, 0x3C, 0x07, 0xCE, 0x70, 0xFE, 0x73, 0xF1, 0x85, 0x48, 0x01, 0x8B, 0xD7, 0x89,
    0xA8, 0xA7, 0xE8, 0x03, 0x7F, 0x91, 0xA1, 0x44, 0xEF, 0x7E, 0xA8, 0x95, 0xA3, 0x4B, 0xD9, 0xD8,
    0xAA, 0x35, 0xD6, 0x0F, 0x09, 0xD2, 0x4E, 0xFA, 0x87, 0xF4, 0x00, 0x05, 0xE5, 0x89, 0xA4, 0xA5,
    0x52, 0x25, 0x93, 0xDD, 0x3B, 0xCD, 0x27, 0xE4, 0xFF, 0x8B, 0xAA, 0xE9, 0xA0, 0x00, 0x01, 0xCE,
    0x7F, 0x7B, 0xDC, 0x17, 0x11, 0x7E, 0x32, 0xE5, 0x00, 0xC1, 0xEE, 0xA5, 0x19, 0xF7, 0x52, 0xBA,
    0xF9, 0xA4, 0xEA, 0xA2, 0xCE, 0xBE, 0x6B, 0x8F, 0x50, 0xA3, 0xF8, 0xD5, 0xB6, 0x80, 0x80, 0x48,
    0x1C, 0x3B, 0x21, 0xD9, 0xD9, 0x80, 0x12, 0x74, 0x6F, 0x00, 0xD0, 0x6C, 0x02, 0x9F, 0x79, 0x6A,
    0x30, 0x00, 0xA5, 0xD1, 0x00, 0x44, 0xFC, 0xA8, 0x1F, 0xD1, 0x58, 0x7D, 0xB4, 0x01, 0x03, 0x77,
    0x9D, 0x82, 0xED, 0x83, 0xAF, 0x7C, 0x8C, 0x6B, 0x6B, 0xAF, 0xF6, 0xAB, 0x6E, 0xBC, 0xDA, 0x7B,
    0xAD, 0x2D, 0x75, 0xE7, 0x0D, 0x73, 0xD5, 0x6B, 0x6D, 0xA9, 0xC8, 0x0E, 0x9A, 0xB5, 0xBD, 0xC4,
    0x55, 0xAE, 0x11, 0xC2, 0x2F, 0x5E, 0xB3, 0x7B, 0x23, 0x2F, 0x43, 0x00, 0x98, 0xA0, 0x76, 0x9F,
    0x2A, 0x4B, 0xE1, 0xF8, 0xA1, 0x0C, 0x7D, 0x70, 0xDE, 0x59, 0xED, 0xF4, 0x5D, 0xBB, 0xE6, 0x95,
    0x79, 0xFD, 0x28, 0xB1, 0x3A, 0x58, 0x58, 0xFD, 0x09, 0x88, 0x61, 0xC3, 0xFA, 0xB7, 0xE7, 0x24,
    0x61, 0xB2, 0x08, 0x65, 0x86, 0x73, 0xB6, 0x77, 0x40, 0x85, 0xC1, 0x00, 0x1A, 0x24, 0xC1, 0x89,
    0xE1, 0xCE, 0x34, 0x67, 0xC8, 0x90, 0x94, 0xD3, 0xE7, 0x76, 0xC8, 0x7D, 0x29, 0xC0, 0x87, 0xA2,
    0x00, 0x0C, 0xEC, 0x08, 0x90, 0xCD, 0xDC, 0xE8, 0x09, 0xBE, 0xAD, 0x04, 0x14, 0x12, 0xA8, 0xEA,
    0x87, 0x8F, 0x00, 0x03, 0x48, 0xEB, 0x1E, 0xBB, 0x11, 0x62, 0xBF, 0xF9, 0x53, 0xBA, 0x58, 0x2A,
    0x04, 0x1F, 0x99, 0x32, 0xC0, 0x00, 0x02, 0xE5, 0x74, 0x29, 0x94, 0x83, 0xDF, 0x12, 0x1D, 0x55,
    0xC5, 0xE0, 0xEE, 0x76, 0x14, 0x09, 0xF3, 0xF6, 0x11, 0x79, 0xFA, 0x87, 0x0F, 0x01, 0x4F, 0x88,
    0x68, 0xB4, 0xEB, 0x2E, 0x6C, 0x7A, 0x6C, 0x3B, 0x2E, 0xF6, 0xD3, 0x49, 0xDD, 0x7C, 0xBA, 0xE0,
    0x87, 0xB4, 0x00, 0x11, 0x4E, 0xBB, 0x17, 0xF2, 0xC5, 0x4C, 0x08, 0xB7, 0x35, 0xA2, 0x2A, 0xA0,
    0x4E, 0x85, 0x2B, 0x01, 0x16, 0x48, 0xA4, 0xAC, 0xEF, 0x16, 0x93, 0x12, 0xD9, 0x13, 0x19, 0x30,
    0xF8, 0xC7, 0x6A, 0x24, 0x60, 0x87, 0xBB, 0x00, 0x0C, 0xEC, 0xCA, 0xE9, 0x65, 0x9A, 0x58, 0x9D,
    0x9B, 0xD6, 0xE0, 0x0B, 0xF0, 0x40, 0x82, 0x2B, 0x01, 0x8D, 0x05, 0xD7, 0xF3, 0xA8, 0x11, 0x9E,
    0x40, 0x88, 0x0D, 0x42, 0x22, 0x8C, 0x7B, 0x0A, 0x87, 0xDF, 0x48, 0x82, 0x2C, 0x01, 0x0F, 0x00,
    0xCD, 0xDE, 0x94, 0x63, 0xAD, 0xC1, 0x6A, 0x27, 0x26, 0xB9, 0x9F, 0x75, 0x91, 0xFF, 0x45, 0xFF,
    0xC4, 0x80, 0x82, 0x2B, 0x01, 0x51, 0x9C, 0x77, 0x41, 0x91, 0x56, 0x60, 0xE1, 0x29, 0xDA, 0x5E,
    0x48, 0xD8, 0xEA, 0xA6, 0x83, 0xD9, 0xBF, 0x3D, 0x40, 0x83, 0xBD, 0x00, 0x4E, 0x7C, 0xCB, 0xBA,
    0xAD, 0x30, 0x51, 0x35, 0x27, 0x2F, 0xEA, 0x50, 0x3A, 0x1C, 0x28, 0x92, 0xCF, 0x89, 0x91, 0x04,
    0x82, 0x2B, 0x01, 0x15, 0x87, 0x65, 0xF0, 0xD4, 0x05, 0x31, 0x04, 0xD5, 0xB6, 0xDC, 0x1A, 0xA9,
    0xF6, 0xB8, 0xD4, 0x2D, 0x9C, 0xF7, 0xCE, 0x6B, 0x05, 0x62, 0x09, 0xC0, 0x83, 0xBD, 0x00, 0x12,
    0x83, 0x42, 0x59, 0x62, 0xE8, 0x97, 0x8A, 0x17, 0x1D, 0xA9, 0x00, 0xAD, 0xBF, 0x5A, 0xCA, 0x65,
    0x76, 0x71, 0x4F, 0xF7, 0x77, 0xA5, 0x80, 0x82, 0x2B, 0x01, 0x14, 0xE8, 0x19, 0x02, 0x44, 0x83,
    0x50, 0x24, 0xE6, 0x46, 0xEB, 0x60, 0x6E, 0xBC, 0x40, 0x05, 0xBE, 0x3E, 0x9F, 0xDF, 0x83, 0xBD,
    0x00, 0x10, 0x8E, 0x80, 0x93, 0x6B, 0xB8, 0x0E, 0x0C, 0x51, 0x37, 0xFC, 0xF7, 0x84, 0xD6, 0x61,
    0x23, 0xD7, 0x6C, 0x15, 0xB7, 0x80, 0x00, 0x1A, 0xFB, 0xDE, 0x05, 0xC1, 0xF0, 0x6A, 0x92, 0x9F,
    0xEC, 0xE9, 0x58, 0x7C, 0x9D, 0x42, 0xFD, 0x58, 0x9E, 0xEB, 0x95, 0xC1, 0x4B, 0xD2, 0x0E, 0x34,
    0xC5, 0x2D, 0xFC, 0x0A, 0x82, 0xC1, 0x00, 0x9B, 0xE1, 0x05, 0xE1, 0xC9, 0x75, 0x40, 0xDF, 0xF2,
    0xCD, 0xF7, 0xEB, 0xA4, 0x11, 0x5A, 0xAB, 0x96, 0x32, 0xD5, 0x38, 0x84, 0xA1, 0x00, 0x0E, 0xD9,
    0xD9, 0xBB, 0xFF, 0xA9, 0xEA, 0xD0, 0x34, 0xE9, 0x9E, 0x50, 0x0B, 0x39, 0x42, 0x01, 0x37, 0x39,
    0x8F, 0xD6, 0xCA, 0x60, 0xE0, 0x82, 0xC1, 0x00, 0x9B, 0xE1, 0x0D, 0x84, 0x31, 0x8E, 0x0E, 0x01,
    0xF5, 0xD7, 0x18, 0xF6, 0xFE, 0x06, 0xD8, 0xCD, 0x34, 0x82, 0xC2, 0x00, 0x0E, 0xD9, 0xD7, 0xD8,
    0x6D, 0x6C, 0xB0, 0x96, 0xA3, 0x83, 0xBB, 0x2D, 0x79, 0x71, 0x52, 0xE6, 0x66, 0x19, 0x54, 0xFC,
    0xE0, 0x81, 0x87, 0x00, 0x45, 0x33, 0x86, 0xCA, 0xA6, 0x70, 0x7B, 0x7C, 0x2A, 0x9A, 0x58, 0x81,
    0xF6, 0xF0, 0xC0, 0x82, 0xA7, 0x00, 0x31, 0x17, 0xCC, 0x20, 0xA1, 0x5B, 0x45, 0x9F, 0x6A, 0xD0,
    0xB6, 0x66, 0xAB, 0x5F, 0x4C, 0xA5, 0xB0, 0x00, 0xA4, 0x2C, 0xB6, 0x4A, 0x5D, 0x8B, 0xBF, 0x4F,
    0xFC, 0x32, 0xF1, 0x64, 0x8E, 0x20, 0x56, 0xEC, 0x0C, 0xFF, 0xCA, 0x99, 0x2C, 0x9A, 0xF7, 0x1B,
    0x5A, 0x4B, 0xC4, 0xAA, 0x44, 0x5C, 0xAD, 0x3C, 0x73, 0xC9, 0xFE, 0x39, 0x01, 0x05, 0x1C, 0xC0,
    0x10, 0x00, 0x28, 0xBA, 0x8D, 0x94, 0xC6, 0x2A, 0xA1, 0x9B, 0x4E, 0xC6, 0x2D, 0xF9, 0x8B, 0x02,
    0xB7, 0x3F, 0x78, 0xA8, 0x34, 0x0B, 0x21, 0x63, 0x39, 0xE2, 0xC6, 0x8A, 0x8D, 0xF3, 0x6C, 0x75,
    0xA0, 0x42, 0xFA, 0x27, 0xB2, 0xFC, 0x6F, 0xD9, 0x74, 0x08, 0xA7, 0x6C, 0x10, 0xB3, 0xA4, 0x87,
    0xDF, 0x00, 0x1A, 0xA4, 0x9D, 0xA3, 0xB2, 0x32, 0xFA, 0x8C, 0x7F, 0xB6, 0xC3, 0xEB, 0x2C, 0x08,
    0x31, 0x95, 0xDF, 0x54, 0x80, 0x49, 0x00, 0x11, 0x9E, 0x08, 0x1C, 0x7C, 0x0A, 0x81, 0x08, 0xA4,
    0xD5, 0xA2, 0x61, 0x06, 0x80, 0x2B, 0x16, 0x13, 0x06, 0x80, 0x80, 0x2D, 0x00, 0x0C, 0x6F, 0xAE,
    0x82, 0x6D, 0x1A, 0x94, 0x9F, 0xF3, 0x1F, 0x49, 0xB5, 0x2D, 0x05, 0xB3, 0x48, 0xF9, 0x0C, 0x9B,
    0xBD, 0x63, 0x57, 0xB8, 0x13, 0xF2, 0xA0, 0xFE, 0x4E, 0xFC, 0x1F, 0xEC, 0x85, 0x83, 0x40, 0x00,
    0x03, 0x1D, 0x05, 0xC6, 0xE3, 0x8B, 0xF9, 0x75, 0x82, 0x63, 0xAF, 0x1B, 0xF7, 0x66, 0x00, 0xBC,
    0x3F, 0x67, 0xF8, 0xF0, 0x6D, 0x10, 0x88, 0x0B, 0x9C, 0x84, 0x18, 0xA9, 0x8D, 0x82, 0xBA, 0xD0,
    0x78, 0xCF, 0xA4, 0x6A, 0xC8, 0x8C, 0x81, 0x45, 0x34, 0x48, 0xAB, 0x62, 0xD7, 0x87, 0x31, 0x00,
    0x9E, 0x4A, 0xD3, 0x74, 0x94, 0xBB, 0x45, 0xBE, 0x4B, 0x8C, 0x96, 0xA9, 0x65, 0xFC, 0x54, 0xE9,
    0xA9, 0xB8, 0x87, 0x51, 0x00, 0x51, 0x7B, 0x25, 0x50, 0x13, 0x57, 0xE5, 0x55, 0xCA, 0x30, 0x2D,
    0xEE, 0x30, 0xF8, 0x2D, 0xB8, 0x82, 0x6B, 0x01, 0x28, 0x91, 0xA1, 0xDD, 0x57, 0x9D, 0xAF, 0x92,
    0x4E, 0x6D, 0xCF, 0x8B, 0xE9, 0xEA, 0xCC, 0xDC, 0xD2, 0xA7, 0x40, 0x82, 0x6C, 0x01, 0x13, 0xBF,
    0x99, 0xF0, 0x16, 0xAA, 0x1F, 0x16, 0x86, 0x24, 0x35, 0x98, 0x4B, 0xC1, 0x00, 0x11, 0x9E, 0x3F,
    0x84, 0x02, 0x8F, 0x52, 0x65, 0x3B, 0xB4, 0xF1, 0xB0, 0xB1, 0xBF, 0x7D, 0x1D, 0x56, 0xF8, 0x09,
    0xCB, 0xB4, 0x5C, 0xCE, 0x21, 0x31, 0xE7, 0x0B, 0x6F, 0x56, 0xA1, 0x12, 0x05, 0x61, 0x10, 0x71,
    0x01, 0x73, 0x83, 0x48, 0x13, 0x9E, 0x82, 0x68, 0xA0, 0x00, 0x11, 0x9E, 0x3E, 0x19, 0x2D, 0x99,
    0x7A, 0x2B, 0x00, 0xEF, 0xDD, 0xE9, 0x26, 0x21, 0xE7, 0xEA, 0x7A, 0x0C, 0x11, 0x51, 0x72, 0x93,
    0x52, 0xB6, 0xCE, 0x9D, 0x58, 0xA3, 0x33, 0x6A, 0x8C, 0x83, 0x67, 0x2B, 0x09, 0x25, 0xBC, 0x1F,
    0x14, 0x3E, 0x2A, 0xD0, 0xB5, 0xD3, 0x87, 0x51, 0x01, 0x45, 0x70, 0x6E, 0x94, 0xD4, 0x18, 0xF3,
    0xC5, 0xDF, 0x85, 0x79, 0xDC, 0x38, 0x4F, 0x1B, 0xAE, 0x0D, 0xD3, 0x70, 0x8F, 0x45, 0x01, 0x55,
    0xFE, 0xA2, 0x93, 0xDE, 0x87, 0x07, 0xE3, 0x9F, 0x4B, 0x7D, 0xC0, 0x00, 0x05, 0x8D, 0x39, 0x5E,
    0xE8, 0x2D, 0x01, 0x05, 0xF0, 0xCA, 0x47, 0x44, 0xAB, 0x7D, 0x36, 0x29, 0xC1, 0xEE, 0x65, 0xCA,
    0x27, 0x9D, 0xC0, 0xE5, 0x0D, 0x68, 0x39, 0x80, 0xCC, 0xEC, 0x8C, 0x09, 0x56, 0x0F, 0x68, 0xF0,
    0x30, 0x10, 0xCD, 0xC7, 0x0B, 0x0F, 0x4A, 0x5E, 0x52, 0x87, 0x47, 0x01, 0x92, 0xEA, 0xDA, 0x0C,
    0x08, 0x56, 0xD6, 0xEB, 0x30, 0x03, 0xD3, 0x01, 0x57, 0xE0, 0xF7, 0x30, 0x87, 0xE1, 0x00, 0x9D,
    0x52, 0x7C, 0x42, 0x17, 0xB7, 0x8C, 0x75, 0x1E, 0xCB, 0xBC, 0x3C, 0x24, 0x80, 0x80, 0x49, 0x00,
    0x4D, 0x96, 0xB9, 0x9C, 0x22, 0xCD, 0x09, 0xD9, 0x9A, 0x99, 0x48, 0x8C, 0x12, 0x00, 0x02, 0x98,
    0xCE, 0x32, 0x49, 0xB7, 0x51, 0x8E, 0xD7, 0x88, 0xCE, 0xE5, 0xC9, 0x6D, 0x29, 0x14, 0xE4, 0x9F,
    0x3D, 0xD5, 0xEE, 0x48, 0x07, 0x3B, 0xE1, 0x70, 0x8C, 0x9C, 0x04, 0x50, 0xA0, 0x00, 0x77, 0x45,
    0xE5, 0x93, 0xB2, 0x11, 0x20, 0xCE, 0x65, 0x1E, 0x10, 0xC8, 0x72, 0x9C, 0xDE, 0x27, 0x73, 0x88,
    0xEA, 0x6B, 0x01, 0xCC, 0x2C, 0xE7, 0xBC, 0x15, 0x98, 0xB2, 0xA7, 0x03, 0x80, 0x87, 0x92, 0x00,
    0x18, 0x25, 0xE9, 0x48, 0xBD, 0xF9, 0xD2, 0x4E, 0x38, 0x72, 0x9D, 0x7A, 0x37, 0xC8, 0xFC, 0x07,
    0xAE, 0x60, 0x87, 0x4A, 0x00, 0xF4, 0x40, 0xAA, 0xA0, 0x2F, 0xA2, 0x95, 0xD7, 0x21, 0x28, 0xA4,
    0xD6, 0x32, 0xB5, 0x85, 0xF7, 0x1F, 0x2E, 0xE2, 0x40, 0x83, 0x86, 0x00, 0x51, 0xFC, 0x75, 0xE3,
    0x7F, 0x8B, 0x67, 0xC9, 0x83, 0xA4, 0xED, 0x0C, 0xDB, 0x34, 0x59, 0x76, 0xBF, 0xF4, 0x6C, 0xB9,
    0xBD, 0x27, 0xEF, 0x96, 0xE9, 0xFD, 0x34, 0x5F, 0x25, 0x69, 0xEA, 0x33, 0xBE, 0xCA, 0x6F, 0xA1,
    0x54, 0x8D, 0xCF, 0xF3, 0x82, 0x2F, 0x80, 0xA2, 0x00, 0x95, 0x36, 0x7A, 0x5D, 0x16, 0x38, 0x15,
    0x4C, 0xD1, 0x19, 0xD7, 0x75, 0xE2, 0x5C, 0x5A, 0x21, 0x95, 0x99, 0xFE, 0x7B, 0xB5, 0x49, 0x4C,
    0x41, 0x02, 0x52, 0xB9, 0xE0, 0x85, 0x63, 0x01, 0x77, 0xE8, 0x64, 0x03, 0xFE, 0xDF, 0x3F, 0x6D,
    0xA7, 0x0E, 0xF3, 0x02, 0x51, 0x79, 0x25, 0xD4, 0x50, 0x80, 0xA7, 0x00, 0x6A, 0x2B, 0x3A, 0x58,
    0x63, 0x96, 0xF6, 0xD4, 0xD3, 0xDF, 0x9B, 0xCD, 0xA2, 0x1B, 0xCE, 0x03, 0xE0, 0x81, 0x99, 0x00,
    0x62, 0x8D, 0xEA, 0xDD, 0x53, 0x0B, 0x59, 0x36, 0xB7, 0xD4, 0x27, 0xA4, 0xCA, 0x4C, 0x9A, 0xFB,
    0xC0, 0x81, 0xB9, 0x00, 0x45, 0xB5, 0x5B, 0x02, 0xF0, 0x54, 0x8A, 0x0F, 0x1C, 0x59, 0xAA, 0xB2,
    0xD0, 0x80, 0x85, 0xC1, 0x00, 0x10, 0x74, 0x75, 0xD4, 0x9B, 0x55, 0x0E, 0x03, 0x1F, 0xDB, 0xDD,
    0x64, 0x9C, 0x1E, 0xA3, 0xF7, 0xEF, 0x7C, 0xFC, 0xF8, 0x87, 0xA3, 0x00, 0x01, 0x81, 0xD1, 0xD3,
    0x54, 0x1D, 0xBF, 0xB5, 0xF6, 0xDA, 0xE8, 0x41, 0x4C, 0xF5, 0xC9, 0xF0, 0x87, 0x81, 0x00, 0xC2,
    0xB7, 0x00, 0x4A, 0xBB, 0x2B, 0x66, 0x39, 0xE2, 0x6E, 0x86, 0x92, 0x2E, 0xFD, 0x6E, 0xBE, 0xCD,
    0x87, 0xA3, 0x00, 0x44, 0x01, 0x7D, 0x58, 0x1D, 0x48, 0x99, 0x55, 0xE2, 0xCF, 0x45, 0x71, 0x60,
    0x4C, 0x65, 0xA0, 0x00, 0x02, 0x07, 0x99, 0x66, 0xEF, 0x3D, 0x26, 0xF8, 0xB9, 0x2E, 0xB6, 0x14,
    0x5E, 0x23, 0xDC, 0xD5, 0xAC, 0xB8, 0xDC, 0x22, 0xFC, 0x26, 0xC2, 0xC4, 0x36, 0x54, 0x4C, 0x7E,
    0x36, 0x9A, 0x66, 0x0A, 0x87, 0xAB, 0x00, 0x01, 0x9D, 0x23, 0xB5, 0xA7, 0x09, 0xF1, 0xDE, 0x3C,
    0xB9, 0xC6, 0xB6, 0x86, 0x5F, 0x4D, 0x57, 0x87, 0x89, 0x00, 0xF2, 0xF0, 0x10, 0x89, 0xAD, 0x50,
    0xA5, 0xF6, 0xD2, 0xAA, 0xEA, 0x66, 0xA5, 0xFE, 0xFC, 0x87, 0xAB, 0x00, 0x47, 0x04, 0x05, 0xC5,
    0x51, 0x7A, 0xDA, 0xC2, 0x46, 0x79, 0x0E, 0x26, 0xD8, 0xD3, 0xE8, 0x00, 0x07, 0x68, 0x38, 0x92,
    0x7B, 0x69, 0xFE, 0x57, 0x9F, 0x83, 0xDA, 0xE0, 0x69, 0x30, 0xFD, 0xEE, 0xB4, 0x43, 0x9E, 0x6F,
    0x50, 0xF1, 0x45, 0xF6, 0xE3, 0xCB, 0x32, 0x91, 0x73, 0xF8, 0x60, 0x00, 0x02, 0x08, 0x6F, 0xD8,
    0xBA, 0x6C, 0xB6, 0xBA, 0x4F, 0xEB, 0xB4, 0xFD, 0xF8, 0xDF, 0xEC, 0x56, 0x75, 0xC9, 0x85, 0xBF,
    0x39, 0xA5, 0x80, 0x87, 0x90, 0x00, 0x14, 0x9B, 0x5B, 0x4F, 0xE9, 0x04, 0x6D, 0x29, 0xFE, 0xFB,
    0x6A, 0x9E, 0xB4, 0x5B, 0x50, 0x80, 0x87, 0xAF, 0x00, 0x37, 0x5C, 0xC7, 0x9E, 0x4B, 0x46, 0x80,
    0x5E, 0x13, 0x43, 0x4F, 0x80, 0x87, 0x95, 0x00, 0x10, 0xA1, 0xCE, 0x9A, 0xC0, 0x71, 0x64, 0xF5,
    0x1E, 0xC3, 0x5F, 0x34, 0xA6, 0xB0, 0x4E, 0x19, 0x92, 0x86, 0x0E, 0xC0, 0x85, 0x0E, 0x01, 0x07,
    0xAA, 0xAD, 0xF6, 0x36, 0x48, 0x4E, 0x05, 0x85, 0xD2, 0xEC, 0x55, 0xD1, 0xD4, 0xD3, 0x91, 0x79,
    0x90, 0x87, 0x95, 0x00, 0xA6, 0xAC, 0x0C, 0x42, 0x62, 0x29, 0x7C, 0xBF, 0x4F, 0x00, 0xF4, 0xCC,
    0x46, 0x19, 0x84, 0xF1, 0x04, 0x87, 0xB3, 0x00, 0xD6, 0xA5, 0xBB, 0x4F, 0xB2, 0xEF, 0xE7, 0x35,
    0x93, 0x7B, 0x6E, 0x3B, 0xBE, 0x2F, 0x95, 0x87, 0x15, 0x01, 0x02, 0x40, 0x91, 0x66, 0x6F, 0x1B,
    0xAA, 0x0E, 0x06, 0x01, 0x35, 0x8D, 0x8D, 0xA1, 0x1E, 0x81, 0xA6, 0xA9, 0x5F, 0xEE, 0x00, 0x02,
    0x08, 0x26, 0x53, 0x61, 0xE6, 0xC2, 0x49, 0xD4, 0xF1, 0x9E, 0x00, 0xFD, 0xD5, 0x3A, 0x4B, 0x17,
    0x50, 0x6D, 0x3F, 0x81, 0x05, 0x75, 0xB6, 0x88, 0xAA, 0x41, 0xC1, 0xF4, 0x97, 0xC0, 0x87, 0x15,
    0x01, 0x26, 0x05, 0x84, 0xFC, 0x74, 0x71, 0x3D, 0x83, 0x51, 0xEE, 0x66, 0xB6, 0x56, 0xBC, 0x74,
    0xA8, 0x00, 0x22, 0xEA, 0xAE, 0xF5, 0xE2, 0xAD, 0x92, 0xDF, 0xD7, 0x87, 0x1D, 0xED, 0x92, 0xE4,
    0xD4, 0x7B, 0x7A, 0xFA, 0x38, 0xB6, 0x75, 0xFC, 0xDC, 0xED, 0x5F, 0x3A, 0x28, 0xE0, 0x85, 0x2B,
    0x01, 0x0B, 0xDC, 0x6D, 0xE9, 0x97, 0xEC, 0x63, 0xFA, 0x61, 0xDB, 0x12, 0x7F, 0x16, 0x17, 0xA0,
    0x8B, 0x76, 0x9C, 0x87, 0xBC, 0x00, 0x01, 0x32, 0x7D, 0xAC, 0x55, 0x92, 0x68, 0xC4, 0xF2, 0x07,
    0xF3, 0x34, 0x39, 0x6E, 0x09, 0xC6, 0x85, 0x2B, 0x01, 0x36, 0x3C, 0x7D, 0xF1, 0xE0, 0x69, 0x93,
    0xAA, 0x84, 0x32, 0x34, 0x6C, 0xD5, 0xF0, 0xF6, 0x80, 0x57, 0x00, 0x26, 0x68, 0xC6, 0xCE, 0xF1,
    0x8D, 0xB6, 0x30, 0x1C, 0x46, 0xC1, 0x23, 0x14, 0x87, 0x35, 0x00, 0x89, 0x86, 0x54, 0x5C, 0xAB,
    0xB7, 0x74, 0xA0, 0xF3, 0x24, 0xBD, 0x50, 0x87, 0x55, 0x00, 0x44, 0x3D, 0x79, 0xCE, 0x9B, 0x9C,
    0xB4, 0xB1, 0x53, 0x83, 0x0D, 0x8C, 0xE0, 0x87, 0x36, 0x00, 0x1A, 0x94, 0x56, 0xF0, 0x4E, 0x0F,
    0x88, 0xA4, 0xA4, 0x87, 0x56, 0x00, 0x9D, 0x2F, 0x13, 0xC8, 0x5F, 0x56, 0xE0, 0x74, 0x7D, 0x12,
    0xC0, 0x00, 0x86, 0xBB, 0x2D, 0x94, 0x89, 0x93, 0xFE, 0x9D, 0x2E, 0xBB, 0x7B, 0x63, 0xA8, 0xC5,
    0x9B, 0x11, 0x9A, 0xF4, 0xDD, 0x61, 0xF2, 0x27, 0x3D, 0x42, 0x04, 0x1E, 0x8F, 0xB9, 0x6A, 0x7F,
    0x1D, 0x9D, 0x4F, 0x61, 0x1D, 0x4F, 0x0A, 0x2C, 0xC7, 0x45, 0x8E, 0x90, 0x40, 0x00, 0x22, 0xF3,
    0x40, 0x8C, 0xA5, 0x95, 0x0E, 0xC9, 0xD5, 0x71, 0x08, 0x4F, 0x01, 0xD0, 0x6C, 0xAE, 0xAA, 0x58,
    0xC0, 0x49, 0xF7, 0xB5, 0x99, 0x85, 0xDE, 0x45, 0x7C, 0x3D, 0xD4, 0xEA, 0xE9, 0x67, 0xD6, 0x95,
    0x60, 0x87, 0xE5, 0x00, 0x0F, 0xD9, 0xE8, 0x8D, 0x6F, 0x15, 0xF6, 0xBE, 0x24, 0x83, 0x92, 0xC8,
    0x7C, 0xA3, 0x8A, 0x40, 0x87, 0xE6, 0x00, 0x03, 0x8F, 0x38, 0xD7, 0x2A, 0x4B, 0xB7, 0x47, 0xF9,
    0xE7, 0x3D, 0x65, 0xFE, 0x3C, 0xE5, 0x9F, 0x26, 0x7A, 0x5E, 0x87, 0x42, 0x00, 0x59, 0xD3, 0xFB,
    0xA0, 0x00, 0x28, 0x69, 0xC6, 0x57, 0x65, 0x42, 0x87, 0xF6, 0x00, 0x62, 0x52, 0x43, 0x87, 0xE9,
    0x00, 0x91, 0xAC, 0x46, 0xEC, 0x00, 0x00, 0x00, 0x35, 0xE1, 0x42, 0x00, 0x61, 0x7A, 0xF1, 0x7D,
    0x80, 0x00, 0x08, 0x69, 0xBB, 0x32, 0x7E, 0xB3, 0x88, 0x28, 0x7B, 0xC8, 0x87, 0x4B, 0x00, 0x48,
    0xBC, 0x87, 0xB0, 0x00, 0x8A, 0xFC, 0xB9, 0x40, 0x00, 0x01, 0x9B, 0x48, 0xA9, 0xA1, 0xC1, 0x54,
    0x83, 0xF5, 0x6B, 0x00, 0x0B, 0x19, 0x8C, 0xFA, 0x08, 0xF5, 0x62, 0x8C, 0xDC, 0x90, 0x90, 0x00,
    0x17, 0x36, 0x83, 0x19, 0x66, 0x8F, 0x60, 0xD0, 0xB6, 0xA1, 0xAA, 0x40, 0x87, 0xDB, 0x00, 0x68,
    0x73, 0x8F, 0x40, 0x00, 0x00, 0x07, 0xF3, 0x6D, 0x00, 0x02, 0x70, 0x61, 0x5F, 0xB5, 0x63, 0xC8,
    0xD6, 0x00, 0x02, 0x03, 0x0D, 0x2F, 0xF6, 0xE5, 0x3D, 0x92, 0x5B, 0xA2, 0x7C, 0x07, 0x24, 0x00,
    0x2E, 0xFC, 0xF2, 0x37, 0x6E, 0xCE, 0xB7, 0x7A, 0x91, 0x63, 0x38, 0x50, 0xA1, 0xE4, 0x80, 0x87,
    0x8C, 0x01, 0x45, 0xD2, 0x00, 0x1A, 0x2F, 0xB9, 0xCD, 0xA7, 0x32, 0x00, 0x0C, 0xE5, 0xFD, 0x39,
    0x26, 0x57, 0x80, 0x00, 0x06, 0xAC, 0x9F, 0x2B, 0x72, 0x73, 0x1A, 0x87, 0xB4, 0x01, 0x5F, 0xA5,
    0x00, 0x06, 0xD8, 0x42, 0xE0, 0xB2, 0xAD, 0x50, 0x87, 0x75, 0x00, 0x55, 0x00, 0x43, 0xD9, 0xF5,
    0x6D, 0x29, 0xD7, 0x80, 0x00, 0x32, 0x62, 0x65, 0x51, 0x77, 0xC7, 0x00, 0x05, 0x79, 0xC5, 0x17,
    0xCA, 0x27, 0x8C, 0xC0, 0x00, 0x1C, 0x2B, 0x4A, 0xB8, 0xCC, 0x53, 0x19, 0x80, 0x00, 0x17, 0x38,
    0x4D, 0xB4, 0x12, 0x1A, 0x10, 0x00, 0x20, 0xCB, 0xC2, 0x04, 0xFE, 0x60, 0x00, 0x05, 0xA2, 0x0A,
    0x11, 0x95, 0x2E, 0x00, 0x55, 0xBF, 0x46, 0xEC, 0x6B, 0x29, 0x9D, 0x1E, 0x81, 0x00, 0x3D, 0x05,
    0x75, 0x00, 0x24, 0x1D, 0xFF, 0xC2, 0xE4, 0x3D, 0xBC, 0xF0, 0x00, 0x02, 0x63, 0x2B, 0x22, 0xD6,
    0xE8, 0x1B, 0x00, 0x0E, 0x39, 0x4D, 0x0F, 0x99, 0x80, 0x87, 0xB0, 0x00, 0x8A, 0xFC, 0xB9, 0x40,
    0x87, 0xAB, 0x01, 0x64, 0xA4, 0x00, 0x05, 0xC3, 0xC6, 0xA7, 0x80, 0x00, 0x11, 0xC0, 0x0E, 0x2F,
    0x65, 0xA0, 0x83, 0xCB, 0x00, 0x28, 0xD9, 0x1C, 0x66, 0x40, 0x8C, 0x15, 0x79, 0x5D, 0xF0, 0x40,
    0x87, 0xAE, 0x01, 0x64, 0x00, 0x00, 0x01, 0x8E, 0x8B, 0x09, 0x54, 0xD8, 0xBD, 0xF2, 0x00, 0x03,
    0xA1, 0x59, 0x24, 0x35, 0x5D, 0x7A, 0x5E, 0x88, 0x2C, 0x0E, 0x87, 0x51, 0x01, 0x45, 0x79, 0x24,
    0x87, 0xF6, 0x00, 0x62, 0x4E, 0x87, 0xA7, 0x01, 0x7F, 0xF3, 0x22, 0xED, 0x16, 0x2F, 0x40, 0x87,
    0x8C, 0x01, 0x45, 0xD2, 0x00, 0x68, 0x99, 0xA4, 0x73, 0x65, 0xD1, 0x26, 0x62, 0xC3, 0x30, 0xC5,
    0x40, 0x87, 0xA5, 0x01, 0x56, 0x00, 0x00, 0x03, 0x6A, 0x42, 0x7F, 0x00, 0x05, 0x15, 0x51, 0x39,
    0x18, 0x4B, 0xB8, 0x6E, 0x38, 0x11, 0x5E, 0xF2, 0x00, 0x6F, 0xEA, 0x61, 0x78, 0x5E, 0xF6, 0x06,
    0xC1, 0xD0, 0x43, 0xA2, 0x87, 0xA6, 0x01, 0x60, 0x00, 0x05, 0x03, 0x7B, 0x05, 0xF4, 0x03, 0x26,
    0x20, 0x80, 0x00, 0x50, 0x2D, 0x9B, 0x34, 0x2F, 0xB4, 0x20, 0x65, 0x6C, 0x8D, 0x81, 0x00, 0x5B,
    0x4C, 0xA0, 0xEE, 0x49, 0x7B, 0xDC, 0x0B, 0x62, 0x0F, 0xFE, 0x0D, 0x16, 0x4E, 0x98, 0x43, 0x98,
    0x00, 0x03, 0xEC, 0x15, 0x4B, 0x4E, 0x7B, 0x39, 0xDC, 0x00, 0x04, 0x63, 0x7A, 0xFF, 0x4D, 0x74,
    0x14, 0x67, 0x80, 0x00, 0x61, 0x7F, 0xEA, 0xBC, 0xB5, 0x24, 0x88, 0xC6, 0x23, 0xE2, 0x91, 0xB8,
    0x00, 0x0A, 0x20, 0x8D, 0xF9, 0x42, 0xE3, 0xBC, 0x5A, 0xAC, 0x16, 0x80, 0x00, 0x08, 0xBF, 0x1C,
    0x77, 0x0A, 0x6E, 0x88, 0x02, 0xB9, 0x37, 0x87, 0x90, 0x00, 0x10, 0x0E, 0x48, 0x1D, 0xC4, 0x99,
    0x41, 0xB0, 0x8D, 0x57, 0x00, 0x05, 0x03, 0x93, 0x0F, 0x7B, 0x99, 0x9E, 0xEE, 0x8F, 0x2B, 0xDB,
    0x20, 0x87, 0xB7, 0x01, 0x2F, 0x3F, 0x54, 0x80, 0x00, 0x1B, 0x9B, 0xAE, 0x73, 0x5B, 0x57, 0x80,
    0x87, 0xEA, 0x00, 0x86, 0xD3, 0x00, 0x06, 0xA3, 0x0B, 0xD4, 0xDC, 0x5D, 0x98, 0x00, 0x31, 0x2D,
    0xCB, 0x6D, 0xC0, 0x0B, 0xB5, 0x44, 0x13, 0x7B, 0x8F, 0xC1, 0x65, 0x28, 0xCA, 0xA0, 0x00, 0x07,
    0xDB, 0x5A, 0xD0, 0xF8, 0xD6, 0x00, 0x05, 0x0C, 0x30, 0x6E, 0x34, 0x38, 0x7B, 0xC4, 0xF0, 0x87,
    0xE0, 0x01, 0x4B, 0x50, 0x87, 0xAF, 0x01, 0x78, 0x54, 0x00, 0x05, 0xFD, 0x41, 0x73, 0x40, 0x00,
    0x48, 0x5A, 0xCB, 0x18, 0x70, 0x15, 0xAD, 0x36, 0x82, 0x3D, 0x56, 0xF7, 0xB0, 0x29, 0xA9, 0xC0,
    0x00, 0x33, 0x2D, 0x68, 0x1B, 0x89, 0x3B, 0x1E, 0x97, 0x5E, 0x24, 0x9B, 0x5A, 0x5B, 0xF8, 0x10,
    0x70, 0x49, 0x10, 0xE9, 0xB5, 0xE7, 0xEB, 0x2B, 0xA9, 0x00, 0x0C, 0x01, 0xFF, 0x5B, 0xBC, 0x63,
    0x95, 0xFB, 0x57, 0xA2, 0xFD, 0xDA, 0xCD, 0x12, 0xB4, 0x6E, 0x70, 0x36, 0x80, 0x00, 0x5E, 0x3F,
    0x4E, 0xC0, 0x93, 0x0C, 0xAE, 0x1E, 0x85, 0x54, 0xF4, 0xFC, 0xBD, 0xE0, 0x00, 0x54, 0xB4, 0xF5,
    0xFA, 0x8A, 0xD2, 0x89, 0x00, 0x02, 0x84, 0xF4, 0x7B, 0x37, 0x38, 0xEC, 0x96, 0x48, 0x7E, 0xE3,
    0xE8, 0xCA, 0x67, 0x01, 0xDA, 0x60, 0xEF, 0x95, 0xB1, 0xBF, 0x68, 0xD6, 0x5D, 0x68, 0x37, 0x99,
    0x4B, 0xBE, 0xF8, 0x08, 0x1A, 0x25, 0x32, 0x3E, 0x3A, 0xCE, 0x19, 0x21, 0x9B, 0x3F, 0x21, 0x0F,
    0x0A, 0x9C, 0xBB, 0x74, 0x05, 0xEA, 0x38, 0xAD, 0xB6, 0xD0, 0xAC, 0x60, 0x67, 0x35, 0x70, 0x0C,
    0x79, 0x9C, 0x16, 0xD2, 0x7C, 0x1B, 0xE9, 0x81, 0x10, 0x5A, 0x0B, 0x4C, 0xA3, 0x38, 0x6C, 0x9F,
    0xD1, 0x40, 0x00, 0x32, 0x40, 0x8B, 0x20, 0xB1, 0x24, 0x8F, 0x03, 0x49, 0xC0, 0x00, 0x11, 0x8B,
    0xAC, 0x29, 0x6D, 0x44, 0x00, 0x2C, 0x77, 0x07, 0xA7, 0x3A, 0x77, 0x13, 0x7D, 0xA0, 0xAB, 0xCF,
    0x69, 0xA7, 0x95, 0x2A, 0x44, 0x00, 0x15, 0x81, 0x1A, 0x61, 0xD1, 0x4D, 0x88, 0xCE, 0xCD, 0x24,
    0x30, 0x00, 0x22, 0x3C, 0x9D, 0x42, 0xA9, 0x8C, 0x58, 0x38, 0x00, 0x04, 0xC5, 0x9F, 0x32, 0x09,
    0x9A, 0x03, 0x7E, 0x34, 0x00, 0x09, 0xDA, 0x0E, 0x5D, 0xB0, 0x2E, 0x21, 0x76, 0x56, 0xC5, 0x7C,
    0x79, 0x8A, 0x2C, 0x06, 0xAC, 0xEE, 0x5A, 0x9B, 0x80, 0x00, 0x03, 0x01, 0x52, 0x1F, 0xE5, 0xF2,
    0xF1, 0xC0, 0x87, 0x4B, 0x00, 0x50, 0xC9, 0x99, 0xC8, 0x40, 0x02, 0x80, 0x13, 0xC4, 0x3F, 0xFC,
    0x7F, 0xFD, 0x0B, 0xE0, 0x2E, 0xB8, 0x08, 0x20, 0x86, 0xDD, 0x01, 0x69, 0xFB, 0xCB, 0xEF, 0x8C,
    0x71, 0xAC, 0x18, 0xBF, 0x0C, 0xBF, 0x55, 0xB6, 0xE0, 0x00, 0x4C, 0x3A, 0x19, 0xCB, 0xAA, 0xCC,
    0x16, 0x20, 0x00, 0x08, 0x39, 0xBF, 0x01, 0x7E, 0xE9, 0xBD, 0xBD, 0x1A, 0x30, 0x0D, 0xB0, 0x7E,
    0xF3, 0xD8, 0x43, 0xB0, 0x40, 0x87, 0xFD, 0x01, 0x78, 0x58, 0x4A, 0xA0, 0x00, 0x00, 0x00, 0x05,
    0xAF, 0x71, 0x35, 0xD8, 0x87, 0xFF, 0x01, 0x12, 0x00, 0x1F, 0x83, 0x36, 0x7D, 0x31, 0x0D, 0xE2,
    0x65, 0xEF, 0x0F, 0x00, 0x3C, 0xEB, 0x07, 0x67, 0xDF, 0xC0, 0x00, 0xAE, 0x80, 0x4E, 0x1C, 0x96,
    0x29, 0x47, 0x57, 0x40, 0xF3, 0xCB, 0x05, 0x08, 0x35, 0x81, 0xCE, 0xD9, 0x80, 0x00, 0xD6, 0x64,
    0x9B, 0xCA, 0x7A, 0x0B, 0x36, 0xAE, 0x1D, 0x19, 0xFE, 0x05, 0xF1, 0xC0, 0x00, 0x41, 0x77, 0xDF,
    0x1B, 0xA8, 0xB3, 0xF7, 0xFD, 0xE0, 0xC4, 0xD4, 0x0B, 0x20, 0x00, 0x49, 0x1D, 0xCA, 0xBE, 0xBC,
    0xF4, 0x87, 0x75, 0xA8, 0xBF, 0x0C, 0x3D, 0x4C, 0x00, 0x02, 0x47, 0x38, 0xEF, 0x25, 0x58, 0x87,
    0x05, 0x02, 0x89, 0x2D, 0xD4, 0xD7, 0x09, 0x3C, 0xB9, 0x31, 0x00, 0x03, 0x50, 0x6F, 0x51, 0xA7,
    0xBB, 0x01, 0xE3, 0xB8, 0x00, 0x3E, 0x47, 0x0A, 0xD4, 0x7B, 0xBC, 0x06, 0x50, 0x15, 0x00, 0x38,
    0x59, 0x9A, 0xC7, 0x56, 0xCA, 0x9A, 0x20, 0xF1, 0xA4, 0x89, 0x30, 0x3C, 0xBA, 0xE0, 0x00, 0x03,
    0xC3, 0x16, 0xA3, 0x19, 0x6B, 0x9E, 0xFB, 0x69, 0x60, 0x00, 0x59, 0x3B, 0x20, 0xE0, 0x7C, 0x7C,
    0xF9, 0x06, 0x8B, 0x41, 0xB4, 0x42, 0x16, 0xCB, 0xC6, 0x14, 0xC0, 0x00, 0x32, 0xF1, 0x6F, 0x8A,
    0xEA, 0xDF, 0xA0, 0x00, 0x14, 0xC0, 0x0F, 0x80, 0x8E, 0x2A, 0x83, 0x03, 0xA8, 0x8B, 0x07, 0x02,
    0x7F, 0x61, 0x59, 0x36, 0x22, 0x4C, 0x58, 0x00, 0x07, 0xD2, 0x14, 0x29, 0xD3, 0xE1, 0xDE, 0x0A,
    0x79, 0xDC, 0xF2, 0x46, 0x00, 0x0B, 0x6B, 0x54, 0xFF, 0xB1, 0xB7, 0xFC, 0xE2, 0x00, 0xC6, 0xB0,
    0x9E, 0x5C, 0x6A, 0x8A, 0x2C, 0xD8, 0xDA, 0xAC, 0x49, 0x76, 0xE5, 0xD3, 0x6A, 0x01, 0x10, 0x87,
    0x11, 0x02, 0xFD, 0x53, 0x72, 0x4B, 0x25, 0xF4, 0xCF, 0xD1, 0xE9, 0x84, 0xB6, 0x4C, 0xBE, 0x00,
    0x00, 0x0B, 0x40, 0x2A, 0x07, 0x47, 0xB5, 0x68, 0x39, 0x02, 0xBF, 0xE1, 0x33, 0xE6, 0x33, 0x3C,
    0xD7, 0xD8, 0x5F, 0x54, 0xAB, 0x78, 0x4A, 0x75, 0xD9, 0x94, 0xF6, 0x08, 0xFF, 0x3A, 0x3A, 0x64,
    0x71, 0x44, 0x70, 0x00, 0x40, 0xA3, 0xA9, 0xFA, 0x70, 0xAE, 0xA3, 0x26, 0x4A, 0xD6, 0x6E, 0xA0,
    0xF5, 0xD2, 0xE5, 0xC3, 0x0E, 0x86, 0x87, 0x25, 0x00, 0x8C, 0x6D, 0x7F, 0xA6, 0xDE, 0x0C, 0x46,
    0xB1, 0x71, 0x8D, 0x80, 0x96, 0xF7, 0xFE, 0x3A, 0x3B, 0xA4, 0x82, 0x64, 0xC7, 0x21, 0x00, 0x76,
    0xFB, 0xB2, 0x6B, 0xD7, 0x97, 0xA5, 0xF8, 0x09, 0xE8, 0xA2, 0x0C, 0x59, 0x03, 0x98, 0xA3, 0xA9,
    0x2A, 0xA3, 0xDA, 0xED, 0x15, 0xEB, 0x15, 0x0A, 0x52, 0x59, 0x24, 0x0E, 0x71, 0x76, 0xA8, 0x5C,
    0x80, 0x00, 0x05, 0x8F, 0xAC, 0xA8, 0x5B, 0x1C, 0x0B, 0xBF, 0xFA, 0x00, 0x58, 0x34, 0x83, 0x39,
    0x7B, 0xB6, 0x8C, 0x1E, 0x44, 0x3B, 0xEC, 0x10, 0xF2, 0x30, 0x16, 0x7F, 0xA7, 0xE5, 0x40, 0x87,
    0x2C, 0x00, 0x7B, 0x9A, 0x51, 0x80, 0x00, 0x18, 0x30, 0xF3, 0x1F, 0x12, 0xE1, 0xB1, 0x8E, 0x40,
    0x25, 0x57, 0xD0, 0xB5, 0x23, 0x42, 0x64, 0xA4, 0xB5, 0x09, 0xE4, 0x2B, 0x58, 0xE3, 0x15, 0x3A,
    0xAF, 0x10, 0xEE, 0xA5, 0xF2, 0x13, 0xCB, 0x7A, 0xB3, 0xB1, 0x07, 0x6E, 0x66, 0x80, 0x00, 0x02,
    0x9D, 0x77, 0x78, 0x86, 0x26, 0x9C, 0xDE, 0x16, 0x15, 0x80, 0xCC, 0x52, 0x9B, 0xFC, 0x07, 0x5C,
    0xF7, 0x6C, 0x94, 0x18, 0xF1, 0xDA, 0xCB, 0x85, 0x74, 0x76, 0xE3, 0x22, 0x34, 0x86, 0xB7, 0xCB,
    0xF0, 0x00, 0x00, 0x07, 0x0E, 0x56, 0xD3, 0xA3, 0xA3, 0x2D, 0x24, 0x34, 0x8D, 0x37, 0xE6, 0xA2,
    0xF1, 0x2B, 0x5A, 0xF6, 0xDC, 0x23, 0x39, 0x8B, 0xF6, 0x8B, 0x40, 0xDB, 0x71, 0x3E, 0xE6, 0x1F,
    0x60, 0x80, 0x2D, 0x00, 0x45, 0x61, 0x4A, 0xEB, 0xF6, 0x69, 0x23, 0xAB, 0xD8, 0xA2, 0xD9, 0xC0,
    0xA5, 0xE4, 0x55, 0x6E, 0x51, 0x5F, 0x8A, 0x77, 0xF9, 0x56, 0xAA, 0x40, 0x1E, 0x93, 0xEC, 0x00,
    0x19, 0x76, 0x84, 0xFB, 0xC2, 0xC4, 0x8B, 0x80, 0xF3, 0x8E, 0xBF, 0xCD, 0x19, 0x60, 0x6A, 0xAA,
    0xCC, 0xFB, 0x3C, 0xC1, 0x37, 0xBE, 0x50, 0xB0, 0xDD, 0x1D, 0xF4, 0xF1, 0xA9, 0x42, 0xD8, 0x1E,
    0x8F, 0xCD, 0xE8, 0xC0, 0x00, 0x91, 0x28, 0x80, 0x52, 0xA0, 0xFC, 0xFA, 0xF8, 0xEE, 0xB1, 0xC2,
    0x5F, 0x66, 0x6A, 0x0B, 0x75, 0x7D, 0xF0, 0x68, 0x40, 0x43, 0xB7, 0xEA, 0xB2, 0xEC, 0x6A, 0x07,
    0xC2, 0x46, 0x8B, 0x8D, 0x35, 0x0E, 0x7A, 0x0E, 0xFE, 0x58, 0x94, 0xAB, 0x8C, 0x66, 0xE0, 0x87,
    0x2A, 0x00, 0x87, 0xA8, 0x8C, 0xCB, 0x75, 0x13, 0xE7, 0x82, 0x74, 0xAD, 0xAD, 0xE7, 0x80, 0x23,
    0xE7, 0xA1, 0x61, 0x87, 0xC5, 0x00, 0x76, 0xBC, 0x35, 0x53, 0xD2, 0x43, 0x44, 0xA0, 0x00, 0x00,
    0x0A, 0x9E, 0xEA, 0x41, 0xBD, 0x6A, 0x48, 0xF8, 0x7B, 0x13, 0x8E, 0x0A, 0x10, 0x6F, 0x2C, 0x0F,
    0x94, 0x94, 0x79, 0x5A, 0x09, 0xBD, 0x91, 0x96, 0x87, 0x24, 0x00, 0x1C, 0x1E, 0x3F, 0x37, 0xC9,
    0xEB, 0xD3, 0xF8, 0xCF, 0x8F, 0x14, 0x02, 0x1F, 0x95, 0x80, 0x00, 0x1C, 0xA7, 0x6C, 0xFB, 0xA5,
    0xEE, 0x7E, 0xC1, 0xAB, 0xCC, 0xA1, 0xE5, 0x72, 0xC8, 0x19, 0xC6, 0x9C, 0x00, 0xE5, 0x97, 0x85,
    0xF1, 0x73, 0x24, 0x0E, 0x20, 0xF2, 0x08, 0xF4, 0x08, 0xA2, 0x56, 0xAC, 0xF4, 0xBA, 0x1F, 0x40,
    0x8F, 0x11, 0x02, 0x41, 0xB8, 0x5A, 0x40, 0x00, 0x07, 0x1C, 0xCE, 0x50, 0x3D, 0xDD, 0xBD, 0x28,
    0x01, 0xE2, 0x21, 0x36, 0xA6, 0x35, 0x65, 0x59, 0x67, 0xAC, 0x8E, 0x3E, 0x2C, 0x14, 0x88, 0x7A,
    0x52, 0xF0, 0xA2, 0x39, 0x0B, 0xAE, 0xF8, 0x3C, 0x1B, 0xF2, 0xA3, 0x35, 0x68, 0x71, 0xD6, 0x20,
    0x3F, 0xD4, 0xAD, 0x16, 0x90, 0x34, 0xEC, 0x5A, 0xEF, 0x25, 0x87, 0x15, 0x00, 0x5F, 0x75, 0xA3,
    0xE0, 0x2A, 0x4E, 0x08, 0x4F, 0x0F, 0xB1, 0xF8, 0xA3, 0x1B, 0x35, 0xCC, 0xB5, 0x49, 0xC6, 0xA2,
    0x06, 0x0C, 0x51, 0xDC, 0x3F, 0xAD, 0x40, 0x78, 0xC6, 0x05, 0x2E, 0x50, 0x8F, 0x1E, 0x02, 0x8D,
    0x71, 0x26, 0x03, 0xA3, 0xF0, 0x87, 0x1E, 0x02, 0xFC, 0x6A, 0x49, 0x18, 0x86, 0xF1, 0x7D, 0x55,
    0xEF, 0xDF, 0xA0, 0x3D, 0x9B, 0x96, 0x07, 0xF2, 0x8F, 0x1D, 0x02, 0x86, 0xCE, 0xAC, 0xAD, 0xF3,
    0x63, 0xF0, 0x00, 0x18, 0x19, 0xF8, 0x28, 0xAD, 0xC6, 0x1C, 0xDE, 0x7E, 0xB2, 0xAA, 0x15, 0x21,
    0x32, 0x4F, 0xD2, 0x49, 0xBD, 0xA4, 0x86, 0x52, 0x02, 0x4D, 0x0F, 0xDF, 0xAD, 0x01, 0xD8, 0x87,
    0x2F, 0x00, 0x65, 0x57, 0x7F, 0x13, 0x54, 0x06, 0x70, 0xFC, 0xE2, 0x77, 0x80, 0x87, 0x2A, 0x00,
    0x87, 0xA7, 0x27, 0x6F, 0xD3, 0x69, 0x14, 0xB0, 0x74, 0x52, 0xA3, 0x52, 0xDA, 0x4E, 0x87, 0x31,
    0x00, 0x9E, 0x4B, 0xCB, 0x5E, 0x3D, 0xBE, 0xBD, 0x1B, 0x19, 0xE0, 0x3D, 0x44, 0x17, 0x00, 0x30,
    0x90, 0xF1, 0x67, 0xDA, 0x03, 0xD2, 0x89, 0x8A, 0xC0, 0x00, 0x00, 0x00, 0x00, 0x01, 0x6E, 0x57,
    0x66, 0x90, 0x6B, 0x75, 0x29, 0x09, 0xBC, 0x38, 0x67, 0x2A, 0x89, 0xEC, 0xDD, 0xFC, 0xC0, 0x87,
    0x32, 0x00, 0x52, 0x1F, 0xD2, 0x4A, 0xA2, 0x72, 0x57, 0x70, 0x87, 0x25, 0x00, 0x8D, 0x27, 0xB6,
    0x96, 0x16, 0x87, 0x9D, 0x44, 0x29, 0xFE, 0x80, 0xB1, 0xEC, 0x87, 0x23, 0x01, 0x1A, 0x96, 0x2F,
    0x70, 0x8F, 0x1F, 0x02, 0x47, 0x98, 0xDD, 0xC6, 0x1D, 0x05, 0x0D, 0x0A, 0x82, 0xA0, 0x00, 0xBB,
    0x02, 0x12, 0x68, 0x8E, 0x37, 0xE6, 0xE5, 0x6D, 0x8A, 0x4C, 0x02, 0x0A, 0x40, 0xF9, 0x9B, 0x55,
    0x13, 0xC0, 0xF0, 0xED, 0x28, 0x5D, 0xA7, 0xAA, 0x82, 0xF0, 0xD8, 0xE2, 0x8C, 0x20, 0x54, 0xB6,
    0x28, 0x2C, 0x03, 0x7E, 0xC7, 0x22, 0xCE, 0x43, 0x7A, 0x58, 0x78, 0x08, 0x4A, 0x36, 0x3E, 0x40,
    0x87, 0x3A, 0x00, 0x98, 0xEE, 0x46, 0xA3, 0xB9, 0x44, 0x4D, 0x13, 0x07, 0xB1, 0xE9, 0x4B, 0xB6,
    0xB2, 0xC8, 0x66, 0xB0, 0x29, 0x75, 0x4C, 0xEA, 0xA0, 0x00, 0x02, 0x9E, 0x0F, 0x84, 0x15, 0x67,
    0xE5, 0xCB, 0x47, 0xC7, 0x73, 0x26, 0xE5, 0xCD, 0x88, 0x9F, 0xDB, 0x65, 0x11, 0xB5, 0x40, 0x3D,
    0xDF, 0x24, 0x1B, 0x05, 0x70, 0x00, 0x01, 0xD1, 0x31, 0x6D, 0x9E, 0xC7, 0xDC, 0xC2, 0xB5, 0x3D,
    0xCF, 0xF9, 0xDA, 0xBA, 0x4A, 0x25, 0x05, 0x5C, 0x2C, 0xEB, 0x7B, 0xCC, 0xB4, 0x00, 0x07, 0x8A,
    0x7E, 0x51, 0xFE, 0x2B, 0xFD, 0xD0, 0x0D, 0x0B, 0xF1, 0x6B, 0x16, 0x55, 0x8C, 0x15, 0x93, 0xD4,
    0x6E, 0xD6, 0x95, 0xC1, 0x12, 0x8A, 0x53, 0xE6, 0x26, 0x72, 0x94, 0x5D, 0xC4, 0xDE, 0x45, 0x4F,
    0x00, 0x07, 0x89, 0x8E, 0x95, 0x4B, 0x49, 0xE8, 0x3A, 0x26, 0x2C, 0x8F, 0x83, 0x4D, 0x88, 0x11,
    0x44, 0xFC, 0x75, 0xAA, 0x3A, 0x78, 0xCB, 0x27, 0x34, 0x61, 0x7D, 0xE2, 0xBE, 0xE3, 0xC5, 0xAD,
    0x3A, 0xC9, 0x1F, 0x1C, 0xB9, 0x77, 0x00, 0x00, 0x63, 0x9F, 0x2B, 0xF1, 0x99, 0x63, 0x7C, 0xBB,
    0xD4, 0xD8, 0x2D, 0xB2, 0x6B, 0x71, 0xB3, 0xBE, 0x00, 0xA9, 0xD2, 0x3F, 0x53, 0xAF, 0x23, 0xE1,
    0xF3, 0x5B, 0x34, 0x62, 0x93, 0x18, 0x40, 0x00, 0x02, 0xB0, 0xD9, 0x73, 0xEF, 0x5F, 0x48, 0xD4,
    0x3D, 0x13, 0x3D, 0x93, 0xD0, 0x58, 0xFF, 0x6D, 0x7D, 0x9C, 0x84, 0xEC, 0xB2, 0x12, 0x3A, 0xB8,
    0xBD, 0x12, 0xC1, 0xA1, 0x30, 0x17, 0x26, 0xE4, 0xDC, 0xF8, 0x80, 0x00, 0x02, 0xBA, 0xE8, 0x37,
    0xB9, 0xD5, 0x97, 0x65, 0xB3, 0x0B, 0x47, 0x98, 0x35, 0x26, 0x4D, 0xCD, 0x02, 0x2C, 0xC9, 0x01,
    0x72, 0x40, 0x00, 0x84, 0x4F, 0x87, 0x5A, 0xD8, 0x78, 0x32, 0xC8, 0x1E, 0xDC, 0xBF, 0x97, 0x37,
    0xF3, 0x8C, 0xF5, 0xDD, 0xB6, 0x5A, 0x35, 0x2B, 0x1B, 0x94, 0x7E, 0x20, 0xAE, 0xC5, 0xBB, 0xE5,
    0x26, 0xF3, 0x36, 0x3D, 0x32, 0x60, 0x00, 0xA4, 0xF7, 0xE5, 0x08, 0xC5, 0x9B, 0x56, 0x0A, 0x6C,
    0xCB, 0x91, 0xDE, 0xD4, 0x7F, 0xF2, 0xF4, 0xDE, 0xAD, 0x42, 0x29, 0xB1, 0xFA, 0x04, 0x90, 0xF3,
    0xC9, 0xE8, 0xE1, 0xCA, 0xDD, 0x8E, 0x96, 0x90, 0xA8, 0x13, 0x49, 0x64, 0x4E, 0xF9, 0x53, 0xCB,
    0x00, 0x9F, 0x40, 0x00, 0x39, 0x1B, 0x6F, 0x1A, 0x7E, 0xD1, 0xCF, 0xE8, 0x5F, 0x9C, 0xE3, 0x30,
    0x18, 0xD8, 0x5B, 0x9B, 0xA1, 0x26, 0x68, 0x5A, 0x77, 0x2E, 0x3D, 0xB4, 0x87, 0x11, 0x86, 0x6F,
    0x54, 0x36, 0x53, 0x9D, 0x5C, 0x87, 0x43, 0x00, 0x3D, 0x6C, 0x84, 0xED, 0x25, 0x85, 0x20, 0x7A,
    0x24, 0x80, 0x1E, 0xD4, 0x22, 0xB5, 0x80, 0x87, 0xB4, 0x00, 0xCD, 0x88, 0x36, 0x40, 0x95, 0x0D,
    0x8E, 0x53, 0x3F, 0xDB, 0xF7, 0x01, 0xE9, 0x26, 0x6E, 0x43, 0x4E, 0x06, 0xEE, 0x91, 0xD8, 0x26,
    0x5E, 0x25, 0x16, 0x34, 0x3B, 0xC2, 0x52, 0x53, 0x58, 0xE0, 0x4E, 0xF3, 0x00, 0xC0, 0x00, 0x6E,
    0x71, 0x0A, 0x33, 0xA3, 0x16, 0xF3, 0x6A, 0x8C, 0xB7, 0xDA, 0xC2, 0x52, 0x8F, 0xD5, 0x60, 0x1C,
    0x5E, 0x6E, 0xD2, 0x08, 0x26, 0x9F, 0xF3, 0x4A, 0xD0, 0x00, 0x61, 0x89, 0x07, 0xCE, 0x81, 0x2F,
    0x20, 0x58, 0x70, 0xC5, 0xC0, 0xB8, 0xC0, 0x00, 0x8A, 0x99, 0x96, 0x2D, 0x17, 0x91, 0xBC, 0x0D,
    0x82, 0x5D, 0x6E, 0xB4, 0xE1, 0x31, 0x9E, 0x3E, 0xA8, 0x9E, 0x11, 0x1A, 0xBB, 0x49, 0xEC, 0x8A,
    0x76, 0xCC, 0x38, 0x89, 0x36, 0xC0, 0x87, 0x47, 0x00, 0x4D, 0xD1, 0x06, 0x5A, 0x36, 0x35, 0x15,
    0x98, 0xAD, 0x85, 0xB7, 0xA0, 0x13, 0x48, 0xA0, 0xA8, 0xE4, 0xBF, 0x4C, 0x67, 0x80, 0x00, 0xA1,
    0xE1, 0x5F, 0x16, 0xD2, 0x4B, 0x9A, 0x55, 0x52, 0x02, 0xC4, 0x89, 0x31, 0x9D, 0xAA, 0x61, 0xB4,
    0xC7, 0xCA, 0xE4, 0xFE, 0x7A, 0x1D, 0x6F, 0x38, 0x63, 0xB1, 0x3F, 0xD1, 0x22, 0xBA, 0xC0, 0x71,
    0x54, 0x47, 0xC6, 0x04, 0xBD, 0x30, 0xFF, 0x0C, 0x00, 0x16, 0x54, 0xDB, 0xB5, 0x0B, 0x78, 0x8D,
    0x79, 0xCC, 0x07, 0x2B, 0xC3, 0x74, 0xFE, 0x92, 0x06, 0x30, 0x10, 0x11, 0x90, 0x93, 0xB4, 0x57,
    0x7A, 0x09, 0x83, 0x56, 0xCD, 0x20, 0x6B, 0x80, 0x00, 0x76, 0x98, 0x9E, 0x69, 0x24, 0x87, 0x54,
    0xCF, 0x21, 0x68, 0xE3, 0xE2, 0x54, 0x92, 0xB6, 0x28, 0x65, 0xE9, 0x94, 0x46, 0x65, 0x1D, 0x61,
    0xB0, 0x80, 0x49, 0x02, 0x10, 0xD0, 0x33, 0x8F, 0x03, 0x3A, 0x54, 0xAE, 0x3E, 0x6D, 0x18, 0xFE,
    0xB7, 0x78, 0x87, 0xF9, 0x00, 0xB8, 0xCD, 0x53, 0x29, 0xF3, 0x02, 0xE0, 0xFA, 0x5B, 0xB0, 0xF6,
    0xA4, 0xE6, 0xF8, 0x99, 0xCC, 0x00, 0x86, 0x8E, 0x47, 0x9E, 0xEB, 0xE4, 0xED, 0x27, 0x0D, 0x1B,
    0x6F, 0xA3, 0x4E, 0xDF, 0x1E, 0x64, 0xED, 0xB7, 0x63, 0x8F, 0x74, 0x00, 0x8F, 0x60, 0x87, 0xF4,
    0x12, 0x2D, 0xAF, 0xAD, 0xA7, 0xB7, 0xD1, 0x3D, 0x9A, 0x0F, 0xE0, 0x38, 0xC8, 0x15, 0x74, 0x97,
    0x4C, 0xFB, 0xCD, 0x9D, 0x09, 0x7F, 0x9D, 0x50, 0x35, 0xAB, 0x43, 0x41, 0x44, 0xBF, 0x7F, 0x38,
    0x40, 0x00, 0x76, 0x9C, 0x3A, 0x1E, 0x62, 0xBD, 0x10, 0xC7, 0x59, 0xDC, 0x39, 0x77, 0x51, 0xC2,
    0x73, 0x9D, 0x42, 0xF2, 0x1C, 0x98, 0x87, 0x51, 0x00, 0x50, 0xC9, 0x2C, 0x61, 0x52, 0x22, 0xA5,
    0xF8, 0x58, 0x83, 0x9A, 0x76, 0xAF, 0x6C, 0x00, 0x6E, 0x64, 0x06, 0x20, 0xC9, 0x21, 0xE5, 0x5C,
    0xA8, 0x83, 0xD8, 0xC2, 0xE2, 0x5F, 0x23, 0xEC, 0x85, 0x00, 0x47, 0x10, 0xFC, 0x11, 0x32, 0x89,
    0xDA, 0xA1, 0x08, 0xB1, 0xB7, 0x5B, 0xAF, 0x5D, 0x2D, 0x93, 0x92, 0x8E, 0x20, 0x47, 0xFB, 0x07,
    0x84, 0xC3, 0x20, 0xA8, 0x10, 0x3D, 0x42, 0xF1, 0x35, 0x4B, 0xE4, 0x87, 0x45, 0x00, 0x2E, 0x41,
    0x9E, 0x79, 0xC4, 0x9A, 0xD4, 0x62, 0xDD, 0xE0, 0x98, 0x49, 0x01, 0xEE, 0x80, 0x00, 0x6E, 0x64,
    0x06, 0xD0, 0x10, 0x53, 0x96, 0x39, 0xF4, 0xF1, 0x96, 0xB9, 0x00, 0x84, 0x48, 0x04, 0xD4, 0x80,
    0x56, 0x05, 0xB6, 0x58, 0xDE, 0x62, 0x19, 0x18, 0x31, 0x26, 0x68, 0x2D, 0x4C, 0xFF, 0x9D, 0x3E,
    0x83, 0xA0, 0x93, 0x0F, 0x70, 0x39, 0xAD, 0x29, 0x1D, 0xCA, 0x40, 0x00, 0x44, 0xB5, 0x1D, 0x8F,
    0xCF, 0x25, 0xA1, 0x77, 0x80, 0x2F, 0x03, 0x99, 0xE9, 0xA9, 0xA3, 0xC6, 0x23, 0x14, 0xBF, 0x36,
    0x34, 0xB5, 0x1C, 0xF0, 0xC4, 0x09, 0x94, 0x06, 0x35, 0xA2, 0x9D, 0x68, 0x14, 0x0C, 0x8C, 0x8C,
    0x09, 0x7F, 0xC0, 0x07, 0xE2, 0x61, 0x9E, 0xCB, 0x69, 0x80, 0x87, 0x5A, 0x00, 0xB8, 0xFD, 0x5B,
    0xB9, 0x71, 0xF5, 0x05, 0x84, 0x45, 0x7D, 0x00, 0x7F, 0x44, 0xB9, 0x50, 0x66, 0x97, 0x6C, 0xC1,
    0xF0, 0x1D, 0x75, 0xF6, 0x4E, 0xA6, 0x87, 0x22, 0x6C, 0x65, 0x51, 0xCB, 0x46, 0x42, 0xAA, 0x22,
    0x40, 0x00, 0x6F, 0xBB, 0x9D, 0xF9, 0xB0, 0xB7, 0xBB, 0xC3, 0x0D, 0xCB, 0xF4, 0xCB, 0x1C, 0x12,
    0xEF, 0x1D, 0x82, 0xDD, 0xBC, 0x00, 0x9E, 0x15, 0x46, 0x76, 0xB3, 0x9D, 0x88, 0xB2, 0x6A, 0x6B,
    0x64, 0xA4, 0x69, 0xD5, 0x75, 0x63, 0x2F, 0x27, 0x59, 0x60, 0xF5, 0xDD, 0x8F, 0xA2, 0x4F, 0xB6,
    0x00, 0xA4, 0xCA, 0x19, 0xF3, 0xEB, 0x65, 0xF9, 0x6C, 0xD4, 0xAC, 0x52, 0x71, 0x64, 0x93, 0xB4,
    0x00, 0x1A, 0xC1, 0x86, 0x01, 0x93, 0x70, 0x90, 0x9B, 0xAE, 0xA0, 0xC6, 0xB4, 0x4E, 0x8C, 0xAB,
    0x1C, 0x00, 0x87, 0x81, 0x18, 0x4E, 0x37, 0xEF, 0x0D, 0x4A, 0x85, 0x1E, 0x52, 0x38, 0xE1, 0x87,
    0x3D, 0xFB, 0xE9, 0x3C, 0x26, 0xF2, 0x8A, 0x0F, 0x15, 0xD5, 0x6D, 0x80, 0x00, 0x8F, 0xCD, 0xBD,
    0x1B, 0x67, 0x7D, 0xB3, 0x6D, 0xE9, 0x98, 0x96, 0x3F, 0xF6, 0x50, 0x10, 0x7C, 0x65, 0x49, 0xEC,
    0xD7, 0x5B, 0x67, 0x9F, 0x82, 0xA2, 0xA8, 0x3B, 0x00, 0x6F, 0x86, 0xE4, 0x87, 0x35, 0x1C, 0x8A,
    0x3C, 0xF9, 0x0B, 0xFD, 0xF7, 0x5C, 0x82, 0x22, 0xDF, 0x20, 0xF3, 0xC9, 0x80, 0xF2, 0xCE, 0x58,
    0x00, 0x0F, 0xE7, 0x4B, 0xEB, 0x1F, 0x19, 0x62, 0x47, 0xAF, 0x16, 0xE1, 0x83, 0x7B, 0x66, 0xED,
    0x2A, 0x71, 0x97, 0x25, 0xB5, 0xF2, 0x9F, 0xCB, 0xE2, 0xD1, 0xF4, 0x17, 0x80, 0x00, 0x66, 0x0E,
    0xA6, 0x87, 0xB1, 0xA3, 0xC2, 0xAD, 0x55, 0x5B, 0x9E, 0xCC, 0x78, 0x51, 0xAD, 0xCE, 0x8C, 0x9A,
    0x8D, 0xEA, 0x66, 0xB8, 0xB8, 0x74, 0x44, 0xC7, 0x66, 0xDD, 0x0C, 0x01, 0x0F, 0x73, 0x12, 0x76,
    0xAF, 0xE2, 0x44, 0xC0, 0x00, 0x82, 0xAE, 0x15, 0x7C, 0x60, 0x6C, 0x27, 0x64, 0x21, 0x5B, 0xE8,
    0x9E, 0x5C, 0x76, 0xED, 0x69, 0xE6, 0x43, 0xB4, 0xAA, 0xFC, 0x2F, 0xE3, 0x89, 0x6B, 0xB8, 0x80,
    0x46, 0x02, 0x10, 0x35, 0xAC, 0x1E, 0x8B, 0x15, 0x4F, 0xDE, 0x6A, 0xC2, 0xFB, 0x9C, 0x81, 0x46,
    0x02, 0x16, 0x2E, 0xD5, 0xB4, 0xA1, 0xE2, 0x77, 0xF5, 0xD1, 0x00, 0x8A, 0x0F, 0x78, 0xA9, 0x50,
    0x87, 0xE8, 0x00, 0x7D, 0x17, 0x27, 0xA0, 0xDE, 0xDE, 0x76, 0xF8, 0xFD, 0x93, 0x35, 0x15, 0xBC,
    0x65, 0xD6, 0x15, 0x10, 0x77, 0x84, 0x46, 0xC3, 0x47, 0xDC, 0xCF, 0x7E, 0x80, 0x44, 0x02, 0x3F,
    0xE4, 0x03, 0xB3, 0xFE, 0xA7, 0x49, 0x30, 0x87, 0x52, 0x02, 0x45, 0xD9, 0xB2, 0x93, 0x53, 0xE2,
    0x3E, 0xC5, 0x0E, 0x1C, 0x5B, 0xB3, 0x8B, 0x38, 0x40, 0x87, 0x55, 0x00, 0x39, 0x00, 0x5E, 0x84,
    0xAF, 0xB6, 0x08, 0xFD, 0xC3, 0x72, 0xE9, 0x27, 0xAD, 0xF3, 0x90, 0x69, 0x10, 0x80, 0x00, 0x21,
    0x2B, 0xD0, 0x16, 0x80, 0x0C, 0x23, 0x00, 0x01, 0x3A, 0xD4, 0xD7, 0x46, 0x5C, 0xB8, 0x70, 0x00,
    0x0E, 0x7E, 0xB8, 0x08, 0xF0, 0x59, 0xE2, 0xB2, 0x50, 0x8E, 0x93, 0x08, 0xA3, 0x04, 0x12, 0xFE,
    0x35, 0x14, 0xDD, 0x54, 0xB6, 0x87, 0x4C, 0x00, 0x61, 0xF9, 0xB4, 0xB0, 0xA8, 0x00, 0xA6, 0xA1,
    0xC6, 0xD9, 0x3C, 0xF4, 0x82, 0x6E, 0x93, 0x40, 0xD8, 0xC7, 0x76, 0xCF, 0x25, 0x95, 0x8A, 0xEF,
    0x20, 0xE5, 0x15, 0xB4, 0x52, 0xAD, 0xB7, 0x5D, 0xF4, 0x08, 0xD1, 0x27, 0x80, 0x00, 0x9E, 0x17,
    0x38, 0x5A, 0x2A, 0x32, 0x2E, 0xB4, 0x33, 0x6B, 0x3B, 0xE8, 0xD6, 0x02, 0xDE, 0xEA, 0xF8, 0xB4,
    0xD4, 0x2E, 0xCD, 0x36, 0x55, 0xEA, 0x29, 0x03, 0xA1, 0x11, 0x94, 0xE4, 0x87, 0x63, 0x02, 0x7D,
    0x28, 0x65, 0xB7, 0xCF, 0x1B, 0xCE, 0xDC, 0x80, 0xF9, 0x00, 0x4E, 0x1E, 0x2F, 0x60, 0x04, 0xCA,
    0x59, 0x1A, 0xF6, 0x1D, 0x51, 0x16, 0xC2, 0xE6, 0x53, 0x16, 0x55, 0x7B, 0xD7, 0x5D, 0x7E, 0x80,
    0x80, 0x49, 0x02, 0x10, 0x35, 0xAC, 0x19, 0xAD, 0xB1, 0x27, 0xA7, 0xBC, 0xC2, 0x30, 0x80, 0x54,
    0x02, 0x14, 0xFC, 0xB0, 0x52, 0x5F, 0xDB, 0xEE, 0x69, 0xCF, 0x94, 0xB2, 0x30, 0x65, 0xE8, 0x8E,
    0x95, 0x9F, 0x50, 0x5A, 0x80, 0x87, 0x50, 0x02, 0xB8, 0xC8, 0x51, 0x13, 0x0A, 0xCD, 0x87, 0x08,
    0x48, 0x16, 0x07, 0xF3, 0xF8, 0x00, 0x07, 0x8A, 0x7F, 0xD5, 0x83, 0xE7, 0x29, 0xA5, 0x29, 0x37,
    0x80, 0xCB, 0x5E, 0x92, 0xCA, 0x37, 0x4A, 0x03, 0x2C, 0x38, 0x87, 0x29, 0xC4, 0x5A, 0x0F, 0x3D,
    0x60, 0x48, 0xAE, 0x8E, 0x98, 0x32, 0x57, 0x95, 0x1A, 0x2F, 0x53, 0x4D, 0x8A, 0x54, 0xF8, 0xC1,
    0xE2, 0x3F, 0x7D, 0x77, 0x71, 0xA2, 0x00, 0x0A, 0x8F, 0xC2, 0x00, 0xA0, 0x02, 0xA5, 0xA5, 0x2D,
    0x22, 0x76, 0x3C, 0x1B, 0x6D, 0xF9, 0x11, 0x6E, 0x9F, 0x41, 0x0A, 0x18, 0xB3, 0x09, 0xB8, 0xBC,
    0x0E, 0x44, 0x20, 0x6D, 0x77, 0xA7, 0xAE, 0xC1, 0xD0, 0xBC, 0xC8, 0x92, 0x76, 0xE6, 0x82, 0xA2,
    0x40, 0xC0, 0x00, 0x15, 0x4F, 0x56, 0xAA, 0xE5, 0x21, 0xC0, 0x59, 0xF4, 0x7F, 0xE2, 0x51, 0x1E,
    0x67, 0x2B, 0x69, 0x1C, 0x3A, 0x7B, 0x5F, 0x28, 0x58, 0xE0, 0x6D, 0xC1, 0x5B, 0xD2, 0xDF, 0xDA,
    0x51, 0x80, 0x87, 0x73, 0x02, 0x92, 0x87, 0x5D, 0x49, 0xFD, 0x7E, 0x2E, 0xD1, 0xA9, 0x54, 0x6D,
    0x48, 0xD4, 0xCC, 0x02, 0x88, 0x40, 0x43, 0x37, 0x5C, 0x1B, 0x00, 0x9E, 0x48, 0x2B, 0x8A, 0x3B,
    0x8C, 0xAD, 0xD9, 0x34, 0xF4, 0x13, 0x82, 0xC5, 0x51, 0x7E, 0xCB, 0x6D, 0x5A, 0x6C, 0x31, 0x49,
    0x58, 0x86, 0xC5, 0xFA, 0x18, 0x06, 0x25, 0xC4, 0x33, 0xA2, 0x14, 0xC8, 0xCE, 0x2C, 0x1C, 0xB0,
    0x89, 0x2B, 0x1B, 0xE6, 0x48, 0x4E, 0xFC, 0x40, 0x00, 0x71, 0x01, 0x95, 0xC4, 0x95, 0x2A, 0x81,
    0xA6, 0xAF, 0x8B, 0x71, 0xFD, 0xE9, 0x0A, 0xC4, 0x7A, 0x27, 0x2F, 0x0E, 0xC6, 0x4E, 0x31, 0x1A,
    0xAA, 0x76, 0x8B, 0xDB, 0x52, 0x29, 0xF1, 0x30, 0xF1, 0x9F, 0x8B, 0xAA, 0x39, 0x9F, 0xA2, 0x00,
    0x38, 0xE1, 0x3C, 0xA0, 0xE1, 0x98, 0x43, 0xDD, 0xFB, 0x09, 0x38, 0xE3, 0xAF, 0x9D, 0x94, 0x16,
    0xB3, 0xCF, 0x11, 0x3B, 0x1B, 0xDA, 0xE7, 0xAF, 0xDD, 0xC7, 0xF9, 0x1B, 0xA1, 0x70, 0x09, 0x16,
    0x16, 0xBC, 0x54, 0x68, 0xBC, 0xF0, 0x2B, 0x4A, 0x18, 0x00, 0x9B, 0x38, 0x06, 0x5C, 0x9C, 0x01,
    0x8B, 0x7A, 0x06, 0x65, 0x5F, 0x75, 0xDC, 0xC3, 0xF9, 0xA6, 0x45, 0x64, 0xA5, 0x93, 0xD4, 0xC5,
    0x92, 0xC3, 0xB9, 0xEE, 0xC3, 0xC5, 0x2B, 0xE5, 0x86, 0x00, 0x02, 0xA1, 0x19, 0x94, 0x7D, 0x8D,
    0xC1, 0xCA, 0xDB, 0x31, 0xDB, 0x8A, 0xF2, 0x8E, 0x59, 0x90, 0x32, 0xD2, 0xEF, 0xE8, 0x2D, 0x70,
    0x88, 0xAA, 0xE2, 0x49, 0xAD, 0xBD, 0x9A, 0x7B, 0x50, 0x3C, 0x45, 0xA8, 0x7F, 0xC6, 0x86, 0x87,
    0x2D, 0x33, 0x51, 0x75, 0xD5, 0xCD, 0x2F, 0x9B, 0x2B, 0x7D, 0xAB, 0x82, 0x00, 0xA0, 0x31, 0x91,
    0xBF, 0xD4, 0x6D, 0x87, 0x46, 0x6F, 0x4C, 0x83, 0x64, 0x86, 0xC8, 0x73, 0xDE, 0x45, 0x54, 0xC1,
    0x92, 0x33, 0x8F, 0xC5, 0xC1, 0x3F, 0xCA, 0x9B, 0x0C, 0x7E, 0xDD, 0x56, 0x00, 0xCB, 0xF4, 0x94,
    0xE2, 0x0D, 0x89, 0x94, 0x4D, 0x10, 0x00, 0x0E, 0xC0, 0x01, 0x5D, 0x35, 0x36, 0x9E, 0xD7, 0xB4,
    0xF6, 0xF7, 0x50, 0xD3, 0xC5, 0x42, 0x5A, 0x21, 0x0A, 0x43, 0x2A, 0x4C, 0xCC, 0x6E, 0x38, 0xBC,
    0x3E, 0x92, 0x16, 0xD2, 0xFE, 0x67, 0xB1, 0x29, 0x92, 0x76, 0x5D, 0x51, 0x73, 0x73, 0x08, 0x4F,
    0x39, 0x16, 0xBF, 0x88, 0x00, 0x83, 0x6B, 0xD3, 0x67, 0x8E, 0xA2, 0xF8, 0x38, 0x69, 0xE1, 0x94,
    0xD0, 0xAE, 0x76, 0x0D, 0x69, 0x2F, 0xBF, 0x01, 0x6A, 0xDE, 0xFA, 0x61, 0x64, 0xBE, 0x74, 0x4A,
    0x90, 0xE1, 0xD3, 0x45, 0x94, 0xE0, 0x00, 0x02, 0x7D, 0x8C, 0x32, 0x4C, 0xD5, 0x4E, 0xDD, 0x16,
    0x5A, 0xDD, 0x06, 0xAB, 0xBE, 0xFF, 0xAF, 0xAD, 0x08, 0xB3, 0xBA, 0xE4, 0xF6, 0x08, 0x6D, 0x36,
    0x2E, 0x01, 0x75, 0xA1, 0xC3, 0x95, 0x16, 0xE0, 0x97, 0xEC, 0x0D, 0x15, 0xB5, 0x88, 0x62, 0xBF,
    0x7F, 0x44, 0xF2, 0xC6, 0x74, 0xD4, 0x01, 0x69, 0x23, 0xE8, 0x8A, 0x4C, 0x30, 0x00, 0x9C, 0xD9,
    0x56, 0x82, 0x40, 0xF3, 0x93, 0xA3, 0x66, 0x68, 0xE1, 0x36, 0xE1, 0xCF, 0xF4, 0x14, 0x86, 0x7B,
    0x50, 0x06, 0x0B, 0xB4, 0x2D, 0x28, 0x6C, 0x6D, 0x71, 0x48, 0x51, 0x0E, 0xA1, 0x2C, 0xA3, 0x34,
    0x4B, 0x60, 0xE2, 0xB0, 0x3A, 0x47, 0x75, 0xA0, 0x00, 0x16, 0x3E, 0xDE, 0xE0, 0xA4, 0x2F, 0x4F,
    0x52, 0x0F, 0x62, 0x77, 0x35, 0xE1, 0x5E, 0x20, 0x9C, 0x9E, 0x1D, 0xC2, 0x12, 0x4E, 0x69, 0xCD,
    0x20, 0x2D, 0x27, 0xFA, 0xCF, 0x7A, 0xBF, 0x8E, 0x11, 0x0A, 0x79, 0x13, 0x9D, 0x1C, 0x4F, 0xD5,
    0xE1, 0x17, 0x45, 0x08, 0xDD, 0xA2, 0xC1, 0x32, 0x06, 0xF2, 0xBE, 0x54, 0x9F, 0x41, 0x7A, 0x34,
    0x40, 0x00, 0x68, 0x53, 0x39, 0x2E, 0xCA, 0x7C, 0x2B, 0x3D, 0xFA, 0x86, 0x59, 0x93, 0xF1, 0xE1,
    0xDC, 0x93, 0x93, 0xA0, 0x43, 0xD6, 0x89, 0x22, 0x8E, 0x20, 0x2C, 0xA2, 0x95, 0xA7, 0xA4, 0x25,
    0x09, 0x7C, 0x2C, 0xC5, 0x25, 0x76, 0x0E, 0xCE, 0x21, 0xCF, 0x69, 0x8C, 0x4B, 0x58, 0x6B, 0x2C,
    0xB4, 0x50, 0x00, 0x07, 0x7B, 0xA9, 0x39, 0xF6, 0xE5, 0xF6, 0xCF, 0x5D, 0xD9, 0xEE, 0x66, 0x23,
    0xC9, 0xFF, 0x40, 0x8E, 0x60, 0x68, 0x27, 0xEA, 0xDF, 0xE6, 0x7E, 0x63, 0x8C, 0x62, 0x78, 0x92,
    0x6B, 0xE6, 0x96, 0x91, 0x27, 0x00, 0x4B, 0x6D, 0x06, 0xC5, 0x77, 0xFC, 0xEB, 0xC6, 0xF7, 0x34,
    0x72, 0xFB, 0x43, 0xA5, 0xA7, 0x00, 0xB1, 0xEE, 0xF5, 0xAE, 0x97, 0x8B, 0x65, 0x25, 0x39, 0xF7,
    0xF5, 0x2C, 0xBB, 0xFB, 0xB6, 0xC7, 0xE6, 0x06, 0x46, 0xDA, 0x67, 0x89, 0xC6, 0x87, 0x31, 0x00,
    0x9E, 0x67, 0x3E, 0x7E, 0xBC, 0xA8, 0x6C, 0x4D, 0xE7, 0xC1, 0x60, 0xBE, 0x36, 0x88, 0x40, 0x4E,
    0xBE, 0x55, 0xC4, 0x5D, 0xA9, 0x72, 0x80, 0x87, 0x51, 0x00, 0x52, 0x15, 0x0D, 0xF7, 0x11, 0x0D,
    0x52, 0xBB, 0x86, 0xC0, 0x3F, 0xE3, 0x69, 0xAB, 0x70, 0x00, 0x02, 0xAD, 0xE3, 0x38, 0x15, 0x9C,
    0x3E, 0xCE, 0x7A, 0xFF, 0xE9, 0xA6, 0xFD, 0xE6, 0xA8, 0xCB, 0x00, 0x76, 0x32, 0x5A, 0x6A, 0x79,
    0x80, 0x59, 0x72, 0x40, 0xCC, 0xDA, 0x7C, 0x9A, 0x09, 0x37, 0xC0, 0x00, 0x7A, 0x9B, 0x39, 0x32,
    0x8E, 0x26, 0x8B, 0x0C, 0x3B, 0x05, 0x34, 0xEA, 0xA2, 0x27, 0x4F, 0x42, 0x88, 0xEA, 0xFA, 0x55,
    0x08, 0x6B, 0x1F, 0xEC, 0x27, 0x80, 0x80, 0x85, 0x02, 0x0B, 0xE1, 0x28, 0x0B, 0x6C, 0x03, 0xAA,
    0x52, 0x6E, 0x9A, 0xB7, 0x50, 0xA3, 0xDA, 0xA5, 0x30, 0x35, 0x5F, 0xC1, 0x21, 0xF6, 0x8C, 0xF2,
    0x8A, 0x94, 0xE0, 0x6E, 0x03, 0xBD, 0xBD, 0x71, 0x8B, 0x92, 0xC7, 0x1B, 0xA8, 0x0F, 0x79, 0xDC,
    0xB9, 0xE5, 0x80, 0x86, 0x02, 0x07, 0x32, 0xAF, 0x81, 0x84, 0x37, 0x7A, 0x8D, 0x6C, 0x37, 0x64,
    0x8A, 0xB7, 0xCD, 0x64, 0xF0, 0xB4, 0x40, 0x66, 0xE0, 0x00, 0xCD, 0x89, 0x9C, 0x3C, 0x6C, 0xC4,
    0xE3, 0xCF, 0x74, 0x72, 0xC6, 0x42, 0x6B, 0x33, 0xA0, 0xB9, 0xC0, 0x3E, 0x91, 0xBE, 0xC9, 0x53,
    0x2B, 0x93, 0xED, 0x1B, 0x9E, 0x33, 0x4C, 0xC7, 0x2A, 0x08, 0xE5, 0x77, 0x9E, 0x78, 0x48, 0x7B,
    0xBF, 0xAE, 0x22, 0xC3, 0x04, 0xDF, 0x8A, 0xB9, 0x57, 0x8A, 0xA6, 0x7E, 0xBC, 0xF8, 0x07, 0x3F,
    0x07, 0xDF, 0x95, 0xBB, 0xCC, 0x89, 0xBA, 0xE1, 0xDB, 0x2E, 0x80, 0x00, 0x23, 0x00, 0x44, 0x77,
    0xC0, 0xC8, 0x1E, 0x18, 0xC1, 0x0A, 0x55, 0x54, 0x36, 0x6D, 0xFE, 0xBC, 0xAF, 0xD4, 0xBC, 0xE6,
    0x38, 0xC0, 0x9F, 0xCC, 0x6F, 0x22, 0x3C, 0x93, 0x36, 0x2D, 0x5B, 0xD8, 0xF1, 0xDD, 0x94, 0x38,
    0xB4, 0x32, 0x21, 0x7C, 0x39, 0x8A, 0xB3, 0x13, 0xA5, 0xBA, 0x58, 0x21, 0x4F, 0xC2, 0x1B, 0x6B,
    0xA6, 0x60, 0xCB, 0x40, 0x48, 0x00, 0x4E, 0xE1, 0xD2, 0xE1, 0x08, 0x20, 0xF2, 0xE7, 0x06, 0x1E,
    0x1C, 0x6A, 0x06, 0x16, 0x37, 0x8A, 0x02, 0x1A, 0x55, 0xF5, 0xC9, 0x17, 0x03, 0x2E, 0x45, 0xCF,
    0x2C, 0xDA, 0x3B, 0x3D, 0xC7, 0xFA, 0xDF, 0xA7, 0xF9, 0xF3, 0x73, 0xF5, 0x4A, 0x97, 0xC4, 0x57,
    0xB9, 0x80, 0x00, 0xA2, 0x45, 0xB8, 0x64, 0x4D, 0xF5, 0x70, 0x72, 0x7B, 0x40, 0x6E, 0xBE, 0xFB,
    0x15, 0x71, 0xED, 0x74, 0x27, 0x41, 0x16, 0xB2, 0xBF, 0xB1, 0x1D, 0x8B, 0x33, 0xF9, 0x7E, 0x4E,
    0x0C, 0x77, 0xB0, 0x00, 0x54, 0xA9, 0x7A, 0x1D, 0xD4, 0xF0, 0x46, 0x08, 0xD9, 0x5A, 0x46, 0x6D,
    0x2C, 0x53, 0x9A, 0xBB, 0x9F, 0x78, 0x58, 0xB3, 0x76, 0xD5, 0x30, 0x8E, 0x1E, 0x04, 0xDC, 0x16,
    0xAA, 0xB9, 0xA0, 0xAC, 0xC8, 0x56, 0xB2, 0xE2, 0x1B, 0xBC, 0x3C, 0x88, 0x7A, 0x54, 0x0F, 0x1B,
    0x3E, 0x2D, 0x59, 0x4E, 0x0F, 0xF7, 0x3D, 0xCB, 0xB8, 0xEB, 0x83, 0x39, 0x60, 0xDD, 0xDD, 0xF5,
    0x84, 0x8E, 0x6F, 0x08, 0xE6, 0x71, 0x77, 0x6A, 0xFA, 0x4D, 0xE9, 0x99, 0x22, 0xC0, 0x80, 0x00,
    0x3F, 0x8C, 0x6A, 0x2F, 0xD3, 0xFE, 0x20, 0x49, 0x45, 0x57, 0x6B, 0xBB, 0xAA, 0xC6, 0xFD, 0x33,
    0x4F, 0x83, 0x94, 0x89, 0xD0, 0x30, 0x07, 0x23, 0x77, 0x7D, 0x08, 0x1C, 0x40, 0x87, 0xB4, 0xEC,
    0x25, 0xCE, 0xAE, 0x3B, 0xFA, 0xB6, 0x8E, 0xBC, 0x8F, 0x71, 0x88, 0x8E, 0x91, 0x32, 0xDC, 0x47,
    0x5D, 0xDA, 0x0D, 0x65, 0x42, 0x86, 0x24, 0x03, 0x40, 0x93, 0x62, 0xB3, 0xDB, 0x7D, 0xD3, 0xA4,
    0xF3, 0xA0, 0x80, 0x71, 0x02, 0xBA, 0x37, 0xB3, 0x52, 0xE0, 0x13, 0x20, 0xDE, 0xD2, 0x07, 0x8D,
    0x17, 0xA7, 0x65, 0x8E, 0x38, 0x93, 0xE3, 0xF1, 0xDB, 0x81, 0x72, 0x02, 0x21, 0x36, 0xD4, 0x13,
    0x35, 0xCB, 0x0F, 0x95, 0x32, 0x76, 0x05, 0x27, 0x1A, 0xAB, 0xA3, 0xFA, 0x1E, 0xE7, 0x40, 0x87,
    0x29, 0x00, 0xAA, 0x6E, 0x36, 0x25, 0x86, 0x91, 0x19, 0xF2, 0x2E, 0x41, 0x3A, 0xD9, 0x89, 0x0A,
    0x60, 0xBE, 0x9C, 0x7D, 0x0B, 0x1C, 0x67, 0x70, 0xBF, 0x98, 0xBB, 0xDD, 0x1E, 0x87, 0x45, 0x00,
    0x46, 0x69, 0xFF, 0x01, 0x7D, 0xC3, 0x98, 0x74, 0xF0, 0x53, 0xFA, 0x68, 0xAE, 0xCF, 0xF2, 0x3F,
    0x5F, 0x10, 0x00, 0x6B, 0xCE, 0xBF, 0x6D, 0x7A, 0x42, 0x20, 0x1D, 0x94, 0x86, 0x6A, 0xBE, 0x77,
    0xC6, 0x6A, 0x63, 0xD1, 0xB1, 0x3D, 0xCD, 0xE2, 0x2A, 0xD4, 0xFD, 0x3F, 0x79, 0x87, 0xCD, 0xA6,
    0xFE, 0x84, 0xF2, 0x95, 0xC2, 0x6F, 0x60, 0x00, 0x95, 0xD2, 0x91, 0x3F, 0x7E, 0xE5, 0x19, 0x24,
    0x00, 0x46, 0xBA, 0xD1, 0x9D, 0x1E, 0x6B, 0x33, 0x1E, 0x5C, 0x40, 0x33, 0x60, 0x00, 0x0F, 0x26,
    0x7E, 0x95, 0x96, 0xD5, 0x10, 0x00, 0x13, 0x52, 0xC3, 0x42, 0x35, 0xEA, 0x0D, 0x80, 0x00, 0x10,
    0xD8, 0x69, 0x43, 0x0D, 0x7E, 0x3E, 0xC8, 0xEB, 0xE3, 0x43, 0x00, 0xD6, 0x87, 0x78, 0x84, 0xDC,
    0x45, 0x54, 0xA7, 0xAF, 0x0A, 0xAC, 0x57, 0x12, 0x2A, 0x2C, 0x49, 0x85, 0x2D, 0xDA, 0x07, 0x16,
    0xF9, 0x63, 0x97, 0x1A, 0x57, 0x23, 0xCB, 0x59, 0x8D, 0x11, 0x1E, 0xC1, 0xBD, 0xBF, 0xA2, 0xC1,
    0xC8, 0x44, 0x5B, 0x0C, 0xB6, 0x87, 0x52, 0x5C, 0xE2, 0x49, 0x43, 0xC8, 0x7A, 0x23, 0xD5, 0xE1,
    0x73, 0xC1, 0xF0, 0x25, 0x47, 0xFE, 0x54, 0x00, 0x81, 0x9A, 0x00, 0x52, 0x8C, 0x04, 0x58, 0xF3,
    0xFF, 0xF9, 0xBA, 0x27, 0xE7, 0x8C, 0x2F, 0x63, 0x58, 0x0D, 0xB1, 0x23, 0xB1, 0xF1, 0xFC, 0x30,
    0xBB, 0x8C, 0x01, 0xAA, 0x5D, 0xE7, 0xA5, 0x5E, 0x55, 0x80, 0xBC, 0xA0, 0x42, 0xA7, 0x96, 0x58,
    0xDC, 0x91, 0x06, 0xB3, 0x0D, 0x5E, 0x3E, 0xE1, 0x8B, 0x24, 0xDF, 0x61, 0xD0, 0x00, 0x11, 0x78,
    0x73, 0xE8, 0xF8, 0x8F, 0x90, 0xF8, 0x1C, 0x06, 0x63, 0xDA, 0xCC, 0x35, 0x84, 0x7B, 0xD0, 0xD3,
    0x4F, 0xFE, 0x29, 0x0E, 0xD2, 0xE3, 0x93, 0xB1, 0x41, 0x09, 0xB0, 0xB2, 0x0A, 0x5E, 0x32, 0x9C,
    0x50, 0x97, 0x0E, 0xD7, 0x74, 0x07, 0xD1, 0x37, 0x49, 0x93, 0xD6, 0xCC, 0x30, 0xAE, 0x80, 0x00,
    0x96, 0x61, 0x67, 0x4E, 0xCA, 0x3A, 0xBB, 0x2D, 0xA8, 0x96, 0x11, 0x98, 0xC8, 0x74, 0x95, 0xE4,
    0xC6, 0x8C, 0x47, 0xC3, 0x9E, 0xED, 0x3C, 0x4F, 0x9A, 0xC4, 0x2F, 0x64, 0xA1, 0x8B, 0x0F, 0x6D,
    0xF7, 0xF8, 0x52, 0xE7, 0xB1, 0x06, 0xDA, 0x63, 0x7A, 0xE6, 0x22, 0xFD, 0xD6, 0x72, 0x56, 0x80,
    0x00, 0x10, 0x9B, 0xB0, 0x9D, 0xB2, 0xEA, 0x1F, 0xD9, 0x66, 0x9F, 0x14, 0x6E, 0x4E, 0xF0, 0xD9,
    0x31, 0xF6, 0xA4, 0x2B, 0xB3, 0x16, 0x0A, 0x4B, 0x04, 0x18, 0x80, 0x60, 0xB9, 0x96, 0xA2, 0xC0,
    0x86, 0xE8, 0x00, 0x0F, 0x37, 0x57, 0x6E, 0x0E, 0xE7, 0x45, 0x4C, 0xE8, 0x06, 0x89, 0xBA, 0xCF,
    0x17, 0x38, 0xBE, 0x3D, 0xAB, 0x9B, 0xE5, 0x2B, 0xEC, 0xE9, 0x2F, 0xF0, 0xE5, 0x67, 0x05, 0xF5,
    0x31, 0xF3, 0x8B, 0x9F, 0x00, 0x6F, 0x6B, 0x0A, 0x00, 0x65, 0xD8, 0x2B, 0x00, 0x50, 0xB3, 0x68,
    0xF3, 0xAE, 0xDD, 0xC6, 0x7B, 0x25, 0x50, 0x77, 0x85, 0x4C, 0xB4, 0x5A, 0x87, 0x51, 0x02, 0x6D,
    0xD7, 0xBD, 0x6E, 0x76, 0xED, 0xA6, 0x32, 0xBB, 0x0F, 0x6C, 0xAC, 0x24, 0x57, 0xEA, 0x98, 0xA7,
    0xDB, 0x30, 0x00, 0x5E, 0xE8, 0x60, 0x19, 0x72, 0x94, 0x64, 0x00, 0x99, 0x82, 0x40, 0xCA, 0xD2,
    0x0C, 0x08, 0x82, 0x44, 0x02, 0x8F, 0x52, 0x96, 0x82, 0x84, 0x66, 0x00, 0x0E, 0xC1, 0x43, 0xFB,
    0x76, 0x3D, 0xFB, 0x19, 0x45, 0x2F, 0x3B, 0x4E, 0x0D, 0x10, 0x2D, 0xF8, 0x4B, 0x3E, 0x9C, 0x00,
    0x71, 0x40, 0x1C, 0x8A, 0x76, 0xDD, 0xF2, 0x53, 0x34, 0x76, 0x64, 0x07, 0x4E, 0x46, 0x3C, 0xC1,
    0xBE, 0x25, 0x1C, 0x46, 0x80, 0x00, 0x00, 0x1C, 0xC9, 0xA8, 0x18, 0xDD, 0xEA, 0xEE, 0xA9, 0xC5,
    0x99, 0x7D, 0xA7, 0xF7, 0x1F, 0x2D, 0x79, 0x13, 0xBA, 0x63, 0xA3, 0x6A, 0xDE, 0x3A, 0x6D, 0xEF,
    0xDD, 0x14, 0xC5, 0xEE, 0xF5, 0xDF, 0x8C, 0xC0, 0x87, 0x50, 0x02, 0x9D, 0xBF, 0x31, 0xE5, 0xDE,
    0xC0, 0x6B, 0xFF, 0x9D, 0x86, 0xD2, 0x7A, 0xEA, 0x9A, 0xEB, 0x45, 0x2E, 0xC3, 0x4B, 0x2E, 0xE0,
    0x38, 0xEF, 0xA9, 0xAD, 0xFA, 0x18, 0x00, 0x07, 0x89, 0x8E, 0x86, 0xEC, 0xF3, 0x91, 0x76, 0x51,
    0xE2, 0xEA, 0x17, 0x43, 0xAA, 0x08, 0x8F, 0x00, 0xB7, 0x25, 0x94, 0xA0, 0xD2, 0xD4, 0x27, 0xF0,
    0x8E, 0x3E, 0x9D, 0x90, 0x6F, 0xE7, 0xAA, 0x92, 0xCB, 0xA7, 0x77, 0xFD, 0x29, 0xA7, 0x06, 0x4A,
    0xC5, 0x35, 0xEF, 0xBB, 0xA9, 0x67, 0x61, 0x9F, 0x96, 0x1A, 0xA7, 0x67, 0xA1, 0x48, 0xFB, 0x00,
    0xDE, 0x97, 0x00, 0xAD, 0xCE, 0x92, 0x82, 0x4B, 0xB7, 0x54, 0x62, 0xFC, 0xEF, 0x74, 0x8C, 0x84,
    0x79, 0x8A, 0x2E, 0xF0, 0x77, 0xA7, 0x10, 0x05, 0x86, 0x9A, 0xB6, 0x2E, 0x32, 0x99, 0x92, 0x2B,
    0xB9, 0x4D, 0xE8, 0x6F, 0x71, 0xD8, 0xD0, 0x75, 0x17, 0x69, 0xD7, 0xF9, 0x1D, 0x44, 0xC0, 0xD0,
    0x4C, 0xE7, 0x8F, 0x8A, 0x87, 0x28, 0x02, 0x7D, 0x77, 0x21, 0xC1, 0x5C, 0xD1, 0x2F, 0xDD, 0x4A,
    0x93, 0xD5, 0x1E, 0x9D, 0xD9, 0x45, 0xD4, 0xC0, 0x87, 0x48, 0x02, 0x39, 0xA8, 0xE2, 0xB3, 0xF3,
    0x71, 0x71, 0x27, 0x1D, 0xFE, 0xC3, 0xD2, 0x77, 0x26, 0xFA, 0x36, 0xFA, 0x00, 0x02, 0x99, 0x66,
    0x9C, 0x99, 0x82, 0x74, 0xD7, 0xD4, 0x75, 0xA0, 0x01, 0x90, 0x38, 0x53, 0xA6, 0x27, 0xB6, 0x85,
    0xB7, 0x01, 0x5B, 0xBB, 0x45, 0x18, 0xAD, 0x6F, 0xC9, 0xF8, 0x1C, 0x8E, 0x70, 0xB8, 0xEB, 0x80,
    0x00, 0x7F, 0x47, 0xA3, 0x45, 0x19, 0x21, 0xD0, 0xA6, 0xE0, 0xA9, 0xC3, 0xC2, 0x74, 0x7F, 0x64,
    0xBD, 0xAE, 0xDA, 0xAB, 0xE6, 0x3E, 0x74, 0x10, 0x98, 0xC2, 0x04, 0x8E, 0x56, 0xA2, 0x66, 0x86,
    0xC0, 0x00, 0x07, 0x63, 0x3B, 0xF8, 0xB4, 0x96, 0x0D, 0xDC, 0x8E, 0x09, 0x3B, 0x1D, 0x34, 0x28,
    0xAA, 0x8E, 0xD0, 0xA3, 0x73, 0x64, 0x9C, 0x6D, 0xA3, 0x7D, 0x0F, 0xB4, 0x4A, 0xC7, 0x56, 0xA7,
    0x8F, 0xC0, 0x00, 0x7D, 0x76, 0x7A, 0xBD, 0xC9, 0x5F, 0x11, 0xF5, 0xDE, 0x98, 0x3F, 0x6D, 0x2B,
    0x2F, 0x29, 0x38, 0x81, 0xA7, 0x24, 0xA2, 0xAF, 0x1B, 0x12, 0x25, 0x97, 0xE5, 0xA6, 0xBD, 0xA4,
    0x77, 0x14, 0x00, 0x0C, 0x07, 0x81, 0x21, 0xE4, 0xAE, 0x57, 0xC7, 0x2C, 0x2F, 0x42, 0xCF, 0xB9,
    0xA4, 0xFC, 0x27, 0x8B, 0xA0, 0xD4, 0x3C, 0xA5, 0x79, 0xEB, 0xFB, 0x0C, 0x08, 0x3E, 0x47, 0xCD,
    0xC2, 0xDE, 0xD7, 0x23, 0xE9, 0x80, 0x00, 0x11, 0x5C, 0xF1, 0x9F, 0xC9, 0xAB, 0x3C, 0x43, 0x74,
    0x4C, 0x58, 0x9C, 0x80, 0x8A, 0x03, 0xF0, 0xEC, 0x33, 0x7B, 0x76, 0xA5, 0x47, 0xB7, 0x98, 0x69,
    0x14, 0x61, 0x69, 0x02, 0x62, 0x9D, 0x72, 0x2C, 0xC2, 0x3C, 0x41, 0x23, 0x44, 0x16, 0x19, 0x00,
    0x00, 0x85, 0xE2, 0xF6, 0x74, 0xDB, 0x43, 0xDC, 0xFB, 0x12, 0x35, 0xB1, 0x5F, 0x3F, 0xA7, 0x25,
    0xBB, 0x72, 0x96, 0xFB, 0x7A, 0x68, 0x32, 0x7B, 0xD9, 0x30, 0xE2, 0x8E, 0xDB, 0x88, 0x43, 0xF0,
    0x1A, 0x0A, 0x97, 0xCE, 0x00, 0x8F, 0x15, 0x9B, 0x4C, 0x75, 0x00, 0xB9, 0x2F, 0x3B, 0x33, 0xE4,
    0xD0, 0x73, 0xCA, 0x7E, 0xEC, 0x5D, 0x0D, 0x4C, 0x0B, 0xA2, 0xC8, 0xCF, 0x5D, 0xC4, 0x49, 0x0B,
    0xC0, 0x00, 0x02, 0x9D, 0x6E, 0xC8, 0x9D, 0x98, 0x5E, 0x6E, 0x99, 0x5D, 0xAF, 0xDF, 0xE4, 0xEC,
    0x00, 0xE1, 0x09, 0xCB, 0x85, 0xE2, 0xE6, 0xB6, 0x01, 0x3D, 0x73, 0x5E, 0x37, 0x0D, 0x14, 0xB3,
    0xBA, 0x34, 0x00, 0x88, 0x2F, 0x84, 0x78, 0xFE, 0x7D, 0xC6, 0xDA, 0xAD, 0x40, 0xF5, 0x79, 0x16,
    0x7A, 0xB6, 0x03, 0x21, 0xC3, 0x9A, 0x57, 0x8A, 0x2C, 0x96, 0x84, 0xA2, 0xFE, 0x4E, 0xF9, 0xE5,
    0xB2, 0x87, 0xB3, 0x02, 0x87, 0xE3, 0xB7, 0xA4, 0xCE, 0x27, 0x3E, 0x08, 0xC9, 0xB2, 0x3D, 0x82,
    0x00, 0x8F, 0xBE, 0x31, 0x58, 0x21, 0x0F, 0xA9, 0x56, 0x89, 0x6F, 0x27, 0x57, 0x5E, 0x7F, 0x4D,
    0xFE, 0xFD, 0x2C, 0x03, 0x51, 0x26, 0x0A, 0x4F, 0xC4, 0x97, 0x00, 0x00, 0x18, 0x54, 0xC3, 0x17,
    0xF5, 0x60, 0x8B, 0xEE, 0x3E, 0x37, 0x21, 0xC2, 0xDA, 0xB2, 0x34, 0x7E, 0x3C, 0xBE, 0xB5, 0xCD,
    0x14, 0x8C, 0x05, 0x87, 0x1D, 0x75, 0xF3, 0x6E, 0xA2, 0x7D, 0xA0, 0x04, 0xC4, 0x30, 0x55, 0x87,
    0xAC, 0xAC, 0x97, 0x1C, 0x00, 0x9B, 0xEB, 0xA4, 0xC9, 0x8E, 0x14, 0x24, 0xF2, 0x17, 0xF3, 0x21,
    0xA1, 0x8F, 0x8C, 0xD7, 0xDC, 0xF3, 0x54, 0x05, 0x89, 0xC0, 0xE0, 0x5E, 0x51, 0x51, 0x2E, 0xED,
    0xF2, 0xC1, 0x9B, 0x9B, 0xBB, 0x79, 0x58, 0x24, 0xA5, 0x86, 0xF8, 0x0C, 0x6D, 0xC0, 0x87, 0x2F,
    0x02, 0xB2, 0x07, 0x9A, 0xD0, 0x1F, 0xAF, 0x7E, 0xCD, 0xA9, 0xF4, 0xC6, 0xFC, 0xE6, 0x63, 0xFB,
    0x21, 0x71, 0xD3, 0xBF, 0xE6, 0x6C, 0x27, 0x95, 0x25, 0x80, 0xFB, 0x6B, 0x70, 0x6C, 0x39, 0xEF,
    0x52, 0xE4, 0xCE, 0xFC, 0x5A, 0x67, 0x01, 0x7F, 0x41, 0x9B, 0xA8, 0xDB, 0x00, 0x33, 0x68, 0x95,
    0xF6, 0xBB, 0xCB, 0xBA, 0x0A, 0x2A, 0xAC, 0x6E, 0x2A, 0x9F, 0x7C, 0xBC, 0x06, 0x4D, 0x90, 0x69,
    0x55, 0x9E, 0x4A, 0x40, 0x87, 0x82, 0x70, 0x58, 0x61, 0xB9, 0xB3, 0x5F, 0xAF, 0x75, 0x12, 0xFD,
    0x53, 0xCB, 0xFC, 0xDB, 0xF5, 0xE0, 0x87, 0x25, 0x00, 0x97, 0x69, 0x58, 0x83, 0x08, 0x1B, 0x85,
    0x0A, 0x8A, 0x65, 0xA8, 0x4E, 0x21, 0xEC, 0xAF, 0xE0, 0x87, 0x45, 0x00, 0x47, 0x5C, 0x26, 0x93,
    0x96, 0x13, 0x8D, 0x9E, 0xDC, 0xFB, 0x73, 0x7A, 0xDD, 0xD2, 0x87, 0x36, 0x00, 0x1A, 0x94, 0x44,
    0x9E, 0xB3, 0x3C, 0x72, 0xC3, 0x5D, 0xE3, 0x40, 0x00, 0x78, 0x5D, 0xCD, 0x99, 0xA5, 0xF4, 0x8B,
    0x61, 0x6D, 0x49, 0x8B, 0x40, 0xE1, 0x53, 0xF6, 0x82, 0x1F, 0x70, 0x4B, 0xA2, 0x13, 0xCB, 0x88,
    0x87, 0x3B, 0x00, 0x85, 0x83, 0x8B, 0xE4, 0x6D, 0x4E, 0x40, 0x87, 0x58, 0x00, 0xBC, 0x21, 0x73,
    0xF2, 0x8B, 0xB9, 0xC2, 0x8D, 0x03, 0x1B, 0xBF, 0x40, 0xB5, 0xCA, 0xED, 0x93, 0x87, 0x51, 0xB4,
    0x1C, 0xB3, 0xA9, 0x87, 0x3B, 0x00, 0x85, 0x83, 0x8B, 0xE4, 0x6C, 0x72, 0x42, 0x85, 0xE5, 0xE4,
    0xE3, 0x10, 0xCD, 0x00, 0xE4, 0x60, 0x87, 0xC0, 0x02, 0xBC, 0x22, 0x76, 0x1C, 0x6B, 0x7A, 0x08,
    0x6B, 0xBD, 0xDA, 0x05, 0x43, 0xDA, 0x9E, 0x80, 0x00, 0x07, 0x97, 0xE5, 0xF4, 0x79, 0xC5, 0xFB,
    0x84, 0xD6, 0xA8, 0xD0, 0x86, 0xF6, 0x16, 0x23, 0x32, 0x10, 0x0D, 0xF6, 0xFB, 0xAC, 0x36, 0x23,
    0x7D, 0xE8, 0x0F, 0x2F, 0x91, 0x2F, 0x81, 0xC0, 0xF1, 0x22, 0x06, 0xFF, 0xA5, 0x64, 0xDF, 0x40,
    0x30, 0x00, 0x84, 0x45, 0x54, 0x10, 0xD4, 0xED, 0x54, 0xAB, 0x69, 0xDE, 0x57, 0xB0, 0xE4, 0x36,
    0x4F, 0xA8, 0xFA, 0x6D, 0x8A, 0xEB, 0x34, 0x75, 0x6F, 0xAE, 0xDD, 0xD2, 0xA0, 0x9C, 0x3B, 0xFC,
    0xF1, 0x9C, 0x10, 0x00, 0x00, 0x12, 0x92, 0xFE, 0xA5, 0xE9, 0xE6, 0xE5, 0x6E, 0x72, 0x10, 0x54,
    0x2A, 0x02, 0x91, 0xD3, 0xBE, 0x6B, 0xE2, 0x95, 0x1A, 0xB1, 0x86, 0xA7, 0xB0, 0xA3, 0xE6, 0xE4,
    0x2C, 0x10, 0x0B, 0xD6, 0x69, 0x5D, 0x13, 0xCA, 0xCA, 0x8A, 0xBC, 0x3A, 0x00, 0x98, 0xC3, 0x53,
    0xD9, 0xE4, 0x01, 0x82, 0xC5, 0x20, 0xA8, 0x9A, 0x43, 0x67, 0x0E, 0xA7, 0xF8, 0x9C, 0xB5, 0x52,
    0xF1, 0x5D, 0x13, 0xF2, 0xCF, 0x1E, 0x3F, 0xDD, 0xA9, 0x3A, 0xE0, 0x00, 0x07, 0x94, 0xD3, 0x00,
    0x1B, 0x15, 0x6C, 0xD0, 0x81, 0xD7, 0x04, 0xD7, 0x64, 0xC9, 0x85, 0x8D, 0x46, 0x59, 0x96, 0x7C,
    0x07, 0x3E, 0x63, 0x84, 0x48, 0x92, 0xA0, 0x3D, 0xBC, 0xFA, 0x4C, 0x00, 0x88, 0x79, 0xD9, 0xD2,
    0x7B, 0x3D, 0xD4, 0xE6, 0x05, 0xB8, 0xD3, 0xB6, 0x4B, 0x12, 0x36, 0xF2, 0x1B, 0xF9, 0x34, 0x18,
    0xC6, 0xF0, 0xFE, 0x64, 0xBA, 0x3B, 0xB9, 0x0B, 0x18, 0x00, 0x02, 0x73, 0x36, 0xD7, 0x34, 0xA9,
    0x48, 0xF7, 0xE3, 0x05, 0x2D, 0x14, 0x02, 0x77, 0x47, 0x21, 0xCB, 0x90, 0xE3, 0xDC, 0x11, 0xC2,
    0xCB, 0x79, 0x12, 0x0A, 0xC1, 0xF4, 0x07, 0x32, 0xB1, 0x80, 0x00, 0x80, 0x36, 0x51, 0x4B, 0x73,
    0x89, 0x60, 0x43, 0x67, 0xB5, 0x4A, 0xE2, 0xEE, 0x3A, 0xF4, 0xF7, 0xA7, 0x06, 0xCF, 0x28, 0xBC,
    0xA3, 0xA2, 0x8D, 0x18, 0xFB, 0xA0, 0x80, 0x2B, 0x01, 0x07, 0xCB, 0x76, 0x01, 0x94, 0xE0, 0xEB,
    0xB9, 0xD6, 0xAB, 0xBC, 0x25, 0x74, 0x36, 0x0B, 0x10, 0x87, 0x4A, 0x00, 0x84, 0x8F, 0xB3, 0x5B,
    0x60, 0x00, 0xC0, 0x2D, 0x1E, 0x05, 0xAE, 0x66, 0xD8, 0x55, 0x80, 0x52, 0xF0, 0xA7, 0xDA, 0x69,
    0x6C, 0xEA, 0x73, 0xE5, 0x3D, 0xD0, 0x45, 0xD9, 0xCB, 0x84, 0xD3, 0x41, 0x46, 0x86, 0xEB, 0x1E,
    0xC8, 0x8A, 0xD8, 0xC2, 0xBA, 0x2C, 0xEB, 0x2E, 0x22, 0xB0, 0x74, 0xE7, 0xB7, 0xCC, 0xFE, 0xED,
    0xC0, 0x72, 0xEC, 0x78, 0x00, 0x5B, 0xAB, 0x9D, 0x85, 0xCC, 0xE1, 0xED, 0x2A, 0x2C, 0xDC, 0xB1,
    0x5C, 0xD0, 0xE5, 0xF4, 0xAC, 0x78, 0xF0, 0x5A, 0x9F, 0x75, 0x6F, 0x7E, 0x8C, 0xCB, 0xB6, 0x54,
    0x02, 0xDF, 0x87, 0x72, 0xD1, 0x87, 0xE6, 0x50, 0x51, 0x85, 0x87, 0xCD, 0x02, 0xBD, 0xAA, 0x5E,
    0xF1, 0x4B, 0xC7, 0xE3, 0xD1, 0x81, 0x08, 0x4E, 0x4B, 0x0C, 0x41, 0x3A, 0xAF, 0x70, 0x87, 0xCE,
    0x02, 0x78, 0x99, 0xFA, 0xF9, 0x8E, 0x2B, 0xB7, 0x79, 0x0D, 0x07, 0x3F, 0x3C, 0xF2, 0x20, 0x87,
    0xEF, 0x00, 0x2E, 0xA5, 0xA6, 0x8E, 0x80, 0x27, 0x02, 0xBD, 0xEC, 0x58, 0xD9, 0x27, 0x2F, 0xC1,
    0xC3, 0x76, 0xF5, 0x56, 0xEB, 0xD1, 0x36, 0x07, 0x2D, 0xE0, 0x22, 0x69, 0xF2, 0xA4, 0xF3, 0xA7,
    0x4F, 0x1E, 0x72, 0xE5, 0xF4, 0x06, 0xEC, 0x68, 0xD5, 0xC3, 0x00, 0x56, 0xE3, 0xB0, 0xEA, 0x89,
    0xB2, 0x89, 0x92, 0xE2, 0xF3, 0xC0, 0xEE, 0x7A, 0xD3, 0x5D, 0x8C, 0x12, 0x92, 0x20, 0x1E, 0x80,
    0x47, 0x02, 0x28, 0xFF, 0x71, 0x5A, 0x8F, 0x98, 0x28, 0x73, 0xD2, 0x79, 0x47, 0x5E, 0x2E, 0xF2,
    0xCD, 0xEF, 0x6A, 0x30, 0x31, 0xCA, 0x70, 0x00, 0x02, 0x99, 0x3F, 0x1E, 0x9A, 0x77, 0x96, 0x23,
    0xFD, 0x71, 0x99, 0x46, 0x43, 0xBD, 0x29, 0x6D, 0x7A, 0x0F, 0x66, 0xD2, 0xC7, 0xEF, 0xD3, 0xB7,
    0x13, 0xBC, 0xA4, 0xEE, 0x6F, 0xC1, 0x42, 0xB9, 0x4F, 0x6A, 0x10, 0xC9, 0x4B, 0x7D, 0x8E, 0x4D,
    0x00, 0xFF, 0x9E, 0xED, 0x89, 0x3F, 0xD2, 0x65, 0x31, 0x1A, 0x0A, 0x5F, 0x4E, 0x33, 0x74, 0xB4,
    0x99, 0x66, 0xA4, 0xFC, 0x0B, 0x0C, 0xB6, 0xD2, 0x48, 0x75, 0x2E, 0x01, 0x1A, 0x0E, 0x66, 0x80,
    0x00, 0x21, 0x37, 0x83, 0x47, 0xAF, 0x35, 0x88, 0x5B, 0x51, 0x0F, 0x83, 0x7C, 0x2F, 0x31, 0x05,
    0x04, 0xA9, 0x0D, 0x0F, 0x00, 0x23, 0x22, 0x39, 0x87, 0xDD, 0x03, 0xCA, 0x61, 0x61, 0x9A, 0x21,
    0x8C, 0xD0, 0xA0, 0x00, 0x99, 0x90, 0x34, 0x09, 0xFE, 0xBE, 0x37, 0xFA, 0xE7, 0xA7, 0x76, 0x18,
    0x85, 0x07, 0xB4, 0x84, 0xB8, 0x7C, 0xED, 0x59, 0x05, 0x6F, 0x1F, 0xFF, 0xF2, 0xB4, 0x1F, 0x24,
    0x87, 0x2A, 0x00, 0x87, 0xA7, 0x51, 0xC3, 0x4B, 0x5F, 0x71, 0x9C, 0x1F, 0x7D, 0x4F, 0x8F, 0xEB,
    0xAC, 0x06, 0x87, 0x4E, 0x02, 0xB4, 0x01, 0x8D, 0xB7, 0x31, 0xC5, 0x67, 0xD5, 0xF0, 0xD5, 0x60,
    0x3A, 0x3F, 0x4B, 0x57, 0xB9, 0xAF, 0xDD, 0x66, 0xAB, 0x13, 0xB5, 0x87, 0xB3, 0x02, 0x8D, 0xE1,
    0x52, 0x73, 0x5D, 0xAA, 0xB2, 0x7C, 0x50, 0x6E, 0xAA, 0x8C, 0xFD, 0x07, 0x9B, 0x36, 0x00, 0x8E,
    0x28, 0xBB, 0x85, 0xB3, 0x92, 0xF2, 0x63, 0x5C, 0xFA, 0x39, 0x09, 0xA7, 0x2A, 0x80, 0xB2, 0xFE,
    0x69, 0xF0, 0xC4, 0xEF, 0xB5, 0xD4, 0x64, 0xFE, 0x9D, 0x45, 0xB1, 0x63, 0x44, 0xA8, 0x87, 0xC9,
    0x02, 0x87, 0xAA, 0x46, 0x33, 0x05, 0x93, 0x3E, 0x3A, 0x1D, 0x18, 0xFD, 0x4F, 0x2A, 0xCB, 0x1F,
    0x8B, 0xAC, 0x9B, 0x76, 0x3F, 0x7A, 0x07, 0x52, 0x20, 0x00, 0x76, 0xF2, 0x2E, 0xDC, 0x1F, 0x5D,
    0xB5, 0x77, 0xB0, 0xB5, 0x5F, 0xE7, 0xE6, 0x32, 0xC4, 0x8D, 0x6E, 0xBA, 0xDD, 0x0A, 0x06, 0xB0,
    0x91, 0x00, 0x60, 0x58, 0xF3, 0x80, 0x00, 0x01, 0xD4, 0x42, 0x5C, 0x60, 0x77, 0x5B, 0x40, 0x43,
    0xF5, 0x78, 0x79, 0x04, 0x0E, 0x7D, 0x9D, 0x94, 0x10, 0xBE, 0xFE, 0x15, 0xE9, 0x13, 0xB7, 0x06,
    0x5A, 0x3B, 0xBB, 0xF3, 0x7B, 0xF4, 0x1B, 0xA6, 0xAD, 0xB6, 0xE1, 0x0B, 0x08, 0x6E, 0xAB, 0xFD,
    0x66, 0x3D, 0xD3, 0x93, 0xE3, 0x1C, 0x4D, 0x04, 0x2D, 0xE4, 0x10, 0x24, 0x2F, 0x20, 0x00, 0x9F,
    0xBB, 0x8E, 0x17, 0xF5, 0x1A, 0x30, 0x80, 0xE6, 0x29, 0x6E, 0xEC, 0x7C, 0x86, 0x3C, 0x50, 0x24,
    0x56, 0xBB, 0xD0, 0xB5, 0xA9, 0x57, 0x1D, 0x5F, 0x9B, 0xB3, 0x17, 0x4C, 0x1C, 0x39, 0x4A, 0xF6,
    0xBD, 0x98, 0xCD, 0x55, 0x3C, 0xA1, 0x65, 0x14, 0x87, 0xEF, 0x00, 0x2E, 0xA5, 0xA6, 0x8E, 0x85,
    0xC1, 0x00, 0x99, 0x8D, 0xE8, 0x00, 0xCF, 0xB3, 0x52, 0x2E, 0x3D, 0x38, 0xC5, 0x76, 0xBD, 0x30,
    0x27, 0x9B, 0xF8, 0x80, 0x87, 0xA2, 0x00, 0x10, 0x98, 0xA8, 0x7A, 0xA3, 0x4F, 0xCB, 0xDC, 0xEE,
    0xAB, 0x66, 0x20, 0xB2, 0x8C, 0x16, 0x85, 0xC1, 0x00, 0x9B, 0xAB, 0xBA, 0xBD, 0x3D, 0x4B, 0x4B,
    0x4B, 0x18, 0x26, 0x86, 0xFC, 0xB2, 0x61, 0x8E, 0x18, 0x10, 0x50, 0x87, 0xA5, 0x00, 0x9D, 0xCC,
    0x37, 0x22, 0x8D, 0x88, 0x78, 0x9A, 0x28, 0x3C, 0x87, 0x87, 0x00, 0x55, 0x27, 0x93, 0x92, 0xE4,
    0xEA, 0x84, 0x2B, 0x60, 0x87, 0xA7, 0x00, 0x5C, 0xA7, 0xB5, 0x10, 0x75, 0x2B, 0x56, 0x4A, 0x27,
    0xF5, 0xA2, 0x05, 0x20, 0x85, 0xD3, 0x00, 0x61, 0x85, 0xEE, 0x61, 0x44, 0xEF, 0x03, 0x3D, 0x18,
    0x9D, 0x54, 0xEC, 0x58, 0x87, 0xAA, 0x00, 0x10, 0x7C, 0xF5, 0x5C, 0x8A, 0xF8, 0x38, 0x40, 0x92,
    0xFD, 0xCF, 0x3E, 0x91, 0x75, 0xF7, 0x96, 0x00, 0x99, 0x9D, 0x53, 0xD4, 0x05, 0xEC, 0x88, 0xBE,
    0x37, 0xD5, 0x8F, 0xE7, 0x25, 0xF4, 0x0B, 0x6C, 0x90, 0x1A, 0xF0, 0xD6, 0x42, 0xFA, 0xB5, 0xD8,
    0xF1, 0xA5, 0x7A, 0x33, 0xC4, 0x2F, 0xFD, 0x7D, 0x7B, 0x89, 0x2D, 0x30, 0x34, 0xDB, 0xDC, 0x24,
    0x87, 0x5E, 0x01, 0x42, 0x0C, 0xAB, 0xB7, 0xDE, 0x5B, 0x6C, 0x80, 0xE9, 0x02, 0x9D, 0xB4, 0xC4,
    0x41, 0xF2, 0x0B, 0x4B, 0x0B, 0xBA, 0xE3, 0xDE, 0x67, 0x6A, 0x08, 0xF1, 0x07, 0x2B, 0xDA, 0x90,
    0x80, 0x5E, 0x01, 0x7E, 0xB9, 0x89, 0x17, 0x4F, 0x30, 0x8C, 0xCC, 0x01, 0x01, 0xF1, 0x11, 0xB6,
    0x20, 0x1F, 0x87, 0xD2, 0x02, 0xD9, 0x2D, 0x7F, 0xBE, 0x5C, 0xF0, 0x06, 0x08, 0xE8, 0x5D, 0xD2,
    0xD3, 0xF3, 0x0F, 0x39, 0xD1, 0x32, 0x27, 0x13, 0xEA, 0x60, 0x80, 0x47, 0x02, 0xB3, 0x2F, 0xC4,
    0xC4, 0xAF, 0xE4, 0xF5, 0x25, 0x5B, 0x54, 0x39, 0x36, 0x9B, 0x40, 0xDB, 0x48, 0xBF, 0x17, 0x80,
    0x28, 0x02, 0x77, 0xF0, 0x35, 0x0A, 0x35, 0x95, 0x38, 0x83, 0x19, 0xB8, 0x74, 0x16, 0xA5, 0x9A,
    0x2E, 0xC3, 0xC0, 0x80, 0x48, 0x02, 0x70, 0x73, 0x3F, 0x82, 0x86, 0x65, 0xA0, 0xAA, 0x6A, 0x60,
    0xF7, 0x07, 0x2C, 0x5C, 0xF8, 0x8F, 0x6F, 0x01, 0x54, 0xB5, 0x54, 0x7A, 0xE7, 0xF4, 0xB2, 0x2C,
    0x8E, 0x70, 0x01, 0x96, 0x60, 0x1E, 0x58, 0x3E, 0x47, 0xC0, 0x68, 0x81, 0x29, 0x02, 0x18, 0x53,
    0x2E, 0xC0, 0x5B, 0x75, 0xAC, 0x5D, 0x80, 0x58, 0xA0, 0x82, 0x49, 0x02, 0x13, 0xA0, 0x9D, 0x3F,
    0x4D, 0xD9, 0x35, 0x69, 0xFD, 0x87, 0x2A, 0x02, 0xED, 0x1B, 0x3F, 0xFB, 0x3F, 0xED, 0xA3, 0x2D,
    0x53, 0xA6, 0xE5, 0x09, 0x36, 0xFE, 0xC8, 0x80, 0x49, 0x02, 0x81, 0x40, 0xCA, 0x12, 0x1C, 0xFC,
    0x45, 0x96, 0xC1, 0xAA, 0xB1, 0x76, 0xB8, 0x87, 0x97, 0x00, 0xB4, 0xFE, 0x62, 0x8F, 0x2F, 0x96,
    0x5C, 0x18, 0xE5, 0x3E, 0x23, 0x40, 0x87, 0xB7, 0x00, 0xB7, 0xF9, 0xFB, 0xFC, 0x29, 0x58, 0xDE,
    0xBD, 0x80, 0x87, 0x83, 0x02, 0x9E, 0x47, 0x72, 0xF5, 0x46, 0x63, 0x53, 0x1D, 0x80, 0x87, 0x84,
    0x02, 0x52, 0x13, 0x29, 0x02, 0x2B, 0xCC, 0x80, 0x83, 0x02, 0xA2, 0x9B, 0x23, 0xF6, 0x9A, 0x15,
    0x90, 0xD3, 0xCA, 0xAC, 0x3D, 0x22, 0x14, 0x0F, 0x93, 0xAB, 0xE0, 0x80, 0x84, 0x02, 0x87, 0x93,
    0xB9, 0xC0, 0xEF, 0x7B, 0x67, 0x83, 0xC7, 0xE4, 0xFA, 0xB3, 0xA7, 0xF8, 0x80, 0x3E, 0x02, 0x85,
    0x8B, 0xEF, 0xCE, 0xD2, 0xF0, 0x98, 0xA6, 0x0D, 0x24, 0x2A, 0x04, 0xEC, 0xA6, 0xCB, 0x4C, 0x40,
    0x80, 0x5E, 0x02, 0x6F, 0xCC, 0x43, 0x08, 0xD2, 0x68, 0xB0, 0xAA, 0x7C, 0xC8, 0xAD, 0x68, 0x96,
    0x2D, 0x60, 0x81, 0x34, 0x02, 0x18, 0x64, 0x7D, 0x58, 0x10, 0x61, 0x58, 0x46, 0xE6, 0x7D, 0x7E,
    0x7A, 0xFE, 0x09, 0xB4, 0x82, 0x54, 0x02, 0x18, 0x60, 0x56, 0xE7, 0x8E, 0x10, 0x5B, 0x28, 0x4E,
    0x16, 0x47, 0x5F, 0x36, 0x0E, 0x87, 0x1F, 0x02, 0xC6, 0x63, 0xF7, 0xF4, 0xA1, 0xB6, 0xCE, 0x9A,
    0x01, 0x4B, 0x9A, 0x87, 0x51, 0x2D, 0x2C, 0xBB, 0xF8, 0x93, 0x80, 0x54, 0x02, 0x8D, 0xDB, 0x2A,
    0xC2, 0xF8, 0x52, 0xF7, 0xD6, 0xDE, 0x80, 0x05, 0x29, 0x21, 0xE2, 0x9E, 0xF1, 0x6A, 0x6E, 0x87,
    0x01, 0x03, 0x32, 0x93, 0xE5, 0x43, 0xB6, 0xE3, 0x32, 0x39, 0x0C, 0xE0, 0x4B, 0x41, 0x68, 0xB3,
    0x17, 0x0F, 0xFE, 0xD5, 0x93, 0x78, 0xA1, 0xBF, 0x06, 0x80, 0x5B, 0x00, 0x31, 0xF8, 0x76, 0xAA,
    0x87, 0xFC, 0xDD, 0x6F, 0x01, 0x68, 0xDE, 0xE0, 0x0A, 0xDB, 0x01, 0x4C, 0xBD, 0xEF, 0xF3, 0x80,
    0x38, 0x02, 0x87, 0x93, 0xF0, 0xB1, 0x48, 0x3F, 0x83, 0x6D, 0x65, 0x6B, 0x19, 0x36, 0xD8, 0x1C,
    0x95, 0x02, 0x69, 0x23, 0x5B, 0xBF, 0xF3, 0xAF, 0xB5, 0x3D, 0xE0, 0x80, 0x58, 0x02, 0x77, 0xEF,
    0xCD, 0xFE, 0xA5, 0xF9, 0x44, 0x42, 0x85, 0xBB, 0xFD, 0x30, 0x00, 0x00, 0x09, 0x2E, 0x38, 0x7E,
    0x28, 0x60, 0xEB, 0x99, 0x1D, 0xF3, 0xF9, 0x5F, 0x20, 0x51, 0x92, 0x40, 0x87, 0x44, 0x02, 0x8B,
    0x64, 0xEA, 0x65, 0xF4, 0xD5, 0x79, 0x4E, 0x43, 0x91, 0x80, 0x3C, 0x02, 0xA1, 0x84, 0x1B, 0x74,
    0xDB, 0x7A, 0x49, 0x17, 0xC4, 0x1F, 0x14, 0xF0, 0xF5, 0xC6, 0xD1, 0xB3, 0xEC, 0x14, 0xF8, 0xF2,
    0xF9, 0x68, 0xE3, 0xC7, 0x1E, 0x6F, 0xF9, 0xEF, 0xD7, 0x3D, 0xC8, 0x80, 0x5C, 0x02, 0xA2, 0x9B,
    0x23, 0xF6, 0x9A, 0x14, 0xB2, 0xD3, 0xDE, 0xA1, 0x5E, 0xBA, 0x2A, 0x87, 0xA3, 0x02, 0x47, 0x79,
    0x54, 0x6A, 0x85, 0xA1, 0x6C, 0xF8, 0xE9, 0x8A, 0x5F, 0x0A, 0x52, 0x40, 0x87, 0xA4, 0x02, 0x85,
    0x1D, 0x55, 0x44, 0x12, 0x4F, 0x43, 0x1E, 0x49, 0x88, 0x27, 0xEF, 0x38, 0x28, 0x00, 0x06, 0xD0,
    0x1B, 0xBC, 0xBD, 0xAE, 0x61, 0x20, 0xEE, 0xF1, 0xA1, 0x08, 0xC5, 0x06, 0x0B, 0xA9, 0xA3, 0x80,
    0x65, 0x43, 0x25, 0x2D, 0xE1, 0xF0, 0xC9, 0xD1, 0x15, 0x1D, 0xA8, 0xE8, 0x8C, 0xAB, 0x99, 0xC4,
    0x50, 0x1B, 0xC3, 0x7F, 0x73, 0xA5, 0x6E, 0x5C, 0x00, 0x84, 0x45, 0x4B, 0x77, 0x31, 0x44, 0xB6,
    0xDD, 0x40, 0xC8, 0x44, 0x05, 0x82, 0x04, 0xB1, 0x74, 0x13, 0xD6, 0x8E, 0x58, 0x5C, 0x52, 0xC1,
    0x1E, 0x03, 0x5B, 0x62, 0x58, 0xF6, 0x30, 0xA6, 0x55, 0x3C, 0x80, 0x87, 0x3A, 0x00, 0x84, 0x5C,
    0x62, 0x93, 0x0F, 0x54, 0x55, 0xDB, 0x3F, 0x36, 0xBE, 0x8B, 0xD3, 0x0A, 0x87, 0x5A, 0x00, 0xB8,
    0xFD, 0x59, 0x96, 0x4F, 0x3A, 0xDB, 0x9C, 0xD1, 0x5D, 0x9A, 0x55, 0x9C, 0x50, 0x87, 0x23, 0x00,
    0x76, 0xBB, 0xE4, 0x3B, 0xFC, 0x35, 0x95, 0x59, 0x4D, 0x97, 0x87, 0x67, 0xEB, 0xB2, 0x37, 0x87,
    0x43, 0x00, 0x46, 0xAD, 0xAD, 0x93, 0x38, 0xC3, 0x00, 0x57, 0xD7, 0x4A, 0xD5, 0x1E, 0x3F, 0xE2,
    0x83, 0xC1, 0x00, 0x36, 0xBF, 0x51, 0x0F, 0xD4, 0xF8, 0x34, 0x63, 0x41, 0xE3, 0x8D, 0x51, 0xDB,
    0xC9, 0x0A, 0xF1, 0xF2, 0x95, 0xBC, 0x85, 0xA2, 0x00, 0x27, 0x7E, 0x44, 0x95, 0x68, 0x26, 0x46,
    0x6C, 0x56, 0x02, 0xAB, 0xEF, 0x49, 0x6F, 0x70, 0x86, 0x81, 0x00, 0x77, 0xE9, 0x72, 0x25, 0xB9,
    0xB8, 0x48, 0x94, 0x31, 0xC4, 0x19, 0x32, 0x12, 0x39, 0xCE, 0xEE, 0x9B, 0x30, 0x0A, 0x5D, 0x36,
    0xDE, 0x00, 0xB9, 0xC1, 0x2F, 0xF8, 0x09, 0x0C, 0x47, 0xDE, 0xB1, 0xBD, 0xA1, 0x2B, 0xB5, 0x06,
    0xE4, 0xA3, 0xDD, 0x85, 0xEA, 0x1F, 0x24, 0xC3, 0x6C, 0xE0, 0xEB, 0x61, 0xCB, 0xB0, 0xC6, 0x8A,
    0x62, 0x0E, 0x15, 0xBB, 0x08, 0xFA, 0x3B, 0x79, 0x02, 0x84, 0x07, 0x12, 0x17, 0x6E, 0x20, 0x85,
    0xE5, 0x28, 0xE3, 0x04, 0x86, 0x81, 0x00, 0x08, 0x74, 0xF4, 0x39, 0xAE, 0x3C, 0x5E, 0x19, 0x5A,
    0x56, 0xCE, 0x23, 0x66, 0x17, 0x2A, 0xA8, 0x4D, 0x6F, 0x51, 0x69, 0x2B, 0xC6, 0xA8, 0x00, 0x7E,
    0x0E, 0x64, 0xC9, 0xE1, 0x15, 0x4E, 0x1C, 0xB3, 0x3E, 0x70, 0x68, 0xFB, 0x6E, 0x4C, 0xDF, 0x5D,
    0x92, 0x72, 0x36, 0x17, 0xCA, 0xCB, 0xF3, 0xA0, 0x5A, 0x34, 0x3F, 0xAD, 0x0B, 0x3F, 0x91, 0x3F,
    0x37, 0xB7, 0x6F, 0xC3, 0x98, 0xD5, 0xE7, 0xB3, 0x1D, 0x38, 0x0A, 0x7E, 0xD0, 0x9C, 0xCB, 0x84,
    0x81, 0x00, 0x7B, 0x48, 0x54, 0x35, 0x55, 0xB9, 0x01, 0x26, 0x13, 0x3B, 0x5F, 0xCA, 0x03, 0xD1,
    0x46, 0xF8, 0x3F, 0x6B, 0x8B, 0xC6, 0x1F, 0xBB, 0x1A, 0x05, 0xDD, 0x08, 0x00, 0xB1, 0x94, 0x01,
    0x32, 0xD3, 0x0D, 0x95, 0x62, 0x3B, 0x8F, 0xAD, 0xE2, 0x60, 0xB0, 0x18, 0x3D, 0xAB, 0x91, 0x69,
    0xFE, 0x92, 0xB1, 0x64, 0x6D, 0xAF, 0xD3, 0x49, 0x10, 0xC9, 0x4B, 0x62, 0xAC, 0xB0, 0x0E, 0xE0,
    0x65, 0x9B, 0xC2, 0x59, 0xFB, 0xC4, 0x4A, 0x57, 0x1A, 0x68, 0x82, 0xA6, 0xD5, 0x5E, 0xCD, 0x83,
    0x81, 0x00, 0xA6, 0xC6, 0x51, 0x58, 0x00, 0xA9, 0xDB, 0x28, 0xDC, 0xE0, 0x80, 0x79, 0x82, 0x1E,
    0xEB, 0x7C, 0xE0, 0x09, 0xEB, 0x9F, 0x1A, 0xC1, 0xC8, 0x6E, 0x37, 0x00, 0x66, 0x07, 0xFC, 0xBC,
    0x86, 0x83, 0xA3, 0x00, 0x28, 0x6E, 0xEB, 0x17, 0xCC, 0x33, 0x1A, 0x64, 0x02, 0x45, 0xA6, 0x79,
    0xD5, 0x6C, 0xA7, 0x06, 0xFE, 0x16, 0x07, 0x9C, 0xC5, 0xED, 0xF4, 0xC3, 0xD8, 0xFC, 0x31, 0x62,
    0xE8, 0x87, 0x81, 0x00, 0xC2, 0xF7, 0x8E, 0xD6, 0xD0, 0xF2, 0x35, 0xD6, 0x26, 0x1A, 0xAD, 0xF1,
    0x77, 0x9E, 0xBC, 0x72, 0x86, 0x90, 0x13, 0x39, 0x1A, 0x1A, 0x60, 0x40, 0x87, 0xA3, 0x00, 0x6A,
    0xEC, 0x03, 0x7E, 0x99, 0x62, 0x0B, 0x9A, 0x68, 0xF5, 0xC2, 0x5A, 0x61, 0x47, 0x7C, 0x9D, 0xA6,
    0x60, 0x83, 0xC1, 0x00, 0x5D, 0x11, 0x92, 0xD3, 0x7F, 0xA9, 0x23, 0x3E, 0xB4, 0x52, 0x40, 0x1E,
    0x25, 0xC1, 0x28, 0x9A, 0xBD, 0x28, 0x97, 0x83, 0x4F, 0x0F, 0x40, 0x84, 0xA2, 0x00, 0x96, 0xF6,
    0xB4, 0x71, 0xE1, 0x1A, 0xDA, 0x99, 0x05, 0xFA, 0x78, 0x24, 0x44, 0xC3, 0xDD, 0x92, 0xE7, 0xE1,
    0xA2, 0xF2, 0xDC, 0x83, 0xC1, 0x00, 0x38, 0x62, 0x4E, 0xF0, 0xD6, 0x7F, 0xAF, 0xD7, 0xA9, 0xD5,
    0xB6, 0x58, 0x17, 0x34, 0x73, 0xCF, 0xE9, 0x5A, 0x2D, 0xC1, 0x3E, 0x6B, 0xFC, 0x82, 0x84, 0xA2,
    0x00, 0x7F, 0xC2, 0x26, 0xF1, 0xC5, 0x9C, 0x74, 0x24, 0x37, 0x74, 0x1D, 0x5D, 0x3E, 0xC3, 0xE2,
    0xF2, 0x48, 0x06, 0x00, 0xBD, 0x82, 0xC1, 0x00, 0x42, 0x2E, 0xF9, 0x05, 0x7A, 0xA6, 0x97, 0x29,
    0x71, 0xA7, 0xCD, 0x0E, 0xD6, 0x80, 0x40, 0x0A, 0xFE, 0x71, 0xC5, 0x06, 0xEE, 0x0D, 0xB4, 0xA7,
    0x82, 0x60, 0x83, 0xA2, 0x00, 0x42, 0xAA, 0x21, 0x64, 0x76, 0xA1, 0x70, 0x3A, 0x15, 0x75, 0x36,
    0x29, 0x11, 0xF9, 0x0D, 0xE5, 0x98, 0x9F, 0xF9, 0x5E, 0x56, 0x36, 0x80, 0x81, 0xC1, 0x00, 0xA6,
    0xC6, 0x4C, 0x9C, 0xE9, 0x54, 0x1B, 0x14, 0x8A, 0xCF, 0xE0, 0xF6, 0x9E, 0x30, 0xA9, 0x79, 0x6B,
    0xEA, 0x2C, 0x06, 0xB0, 0x72, 0x64, 0x92, 0xF0, 0x54, 0xEE, 0x5E, 0x5F, 0x04, 0x83, 0xA5, 0x00,
    0x28, 0x6E, 0xEB, 0x19, 0x70, 0x77, 0xBA, 0xBB, 0xF0, 0x75, 0x66, 0x8F, 0x4B, 0xDC, 0xFF, 0x8D,
    0x5B, 0x89, 0x06, 0x75, 0x40, 0xD2, 0x7A, 0x41, 0xC2, 0xD8, 0x80, 0x85, 0xC1, 0x00, 0x1A, 0x27,
    0x95, 0xAB, 0x87, 0x56, 0x86, 0xF6, 0x77, 0x07, 0xB6, 0x9B, 0x09, 0xC8, 0xEC, 0x1B, 0x6E, 0x36,
    0x51, 0x94, 0x33, 0xEA, 0x77, 0x96, 0xD6, 0xC0, 0x80, 0x12, 0x03, 0x11, 0x9D, 0x2E, 0x70, 0x35,
    0x7A, 0x1F, 0x4D, 0x6E, 0xED, 0xB6, 0xE8, 0xF1, 0x90, 0x90, 0x9D, 0x05, 0x24, 0x98, 0x82, 0x68,
    0x40, 0x87, 0x27, 0x00, 0x25, 0xCC, 0x9E, 0xC0, 0x1A, 0xD4, 0xEC, 0xDB, 0x9C, 0x20, 0x87, 0x47,
    0x00, 0x50, 0xC0, 0x06, 0x64, 0xF5, 0xC7, 0x13, 0x77, 0xEC, 0x95, 0xC9, 0x6F, 0x44, 0x85, 0x89,
    0x00, 0x10, 0x7A, 0x79, 0x35, 0x75, 0x38, 0x8E, 0x61, 0x17, 0x08, 0xC7, 0xE4, 0x04, 0x05, 0x8A,
    0xD0, 0x85, 0xAA, 0x00, 0x26, 0xDB, 0xB4, 0x0D, 0x12, 0x0D, 0xC8, 0x13, 0x96, 0x21, 0x6D, 0xBF,
    0xFD, 0x6A, 0xE7, 0xC0, 0x87, 0x89, 0x00, 0xFF, 0x6E, 0xFD, 0xC4, 0x1E, 0xCF, 0xFF, 0xD6, 0x26,
    0x04, 0x13, 0x6F, 0x97, 0x74, 0x90, 0x87, 0xA9, 0x00, 0xFC, 0x9A, 0x34, 0x1B, 0x3B, 0x94, 0x00,
    0x6B, 0x0D, 0x25, 0x8B, 0x0D, 0xCD, 0xA7, 0x80, 0xCB, 0x00, 0x6E, 0x0E, 0xCA, 0x91, 0xD5, 0x2D,
    0x97, 0x2F, 0x01, 0xFA, 0x07, 0xAB, 0xB4, 0x23, 0x68, 0xC7, 0xC9, 0x4C, 0xFF, 0xC2, 0xDD, 0xA0,
    0xE0, 0x55, 0xFA, 0x89, 0xC5, 0xBE, 0x6D, 0x97, 0x1A, 0x41, 0xEE, 0xC0, 0x00, 0xBC, 0x92, 0x31,
    0xEF, 0x22, 0x50, 0x5C, 0x89, 0xF1, 0xDE, 0x03, 0x26, 0x69, 0xBB, 0x1A, 0x42, 0x53, 0xB5, 0x9B,
    0x4F, 0x8D, 0x31, 0x70, 0x0D, 0x5F, 0xB5, 0xA1, 0xB1, 0x27, 0xC0, 0xCD, 0x29, 0xC7, 0xE5, 0x9F,
    0x68, 0xD5, 0x45, 0x28, 0xF2, 0x74, 0xAD, 0x00, 0x08, 0x3D, 0xE6, 0x16, 0xA5, 0x52, 0x90, 0x9F,
    0x0B, 0xDF, 0xFC, 0x7E, 0x55, 0x99, 0x05, 0x9E, 0x6C, 0xD8, 0x86, 0xC3, 0x3D, 0xC3, 0x3C, 0x76,
    0x40, 0xA9, 0xC4, 0x1A, 0x34, 0x32, 0x72, 0xB7, 0x72, 0x5A, 0x00, 0x7F, 0xDD, 0xCF, 0xEA, 0x46,
    0x72, 0x76, 0x46, 0x81, 0xCB, 0xD8, 0x31, 0xD7, 0x65, 0x20, 0xCC, 0x1E, 0xCC, 0xE9, 0x8C, 0xC7,
    0x3E, 0xE9, 0x23, 0xB0, 0x28, 0xAD, 0x11, 0x52, 0xC8, 0xCE, 0x09, 0xB7, 0xC0, 0xF4, 0xE9, 0xD7,
    0xA1, 0x30, 0x1E, 0xC4, 0xEC, 0x9F, 0x55, 0x81, 0xA1, 0x02, 0x57, 0xC9, 0xF0, 0x09, 0x95, 0x3D,
    0xC2, 0x92, 0xAC, 0xFB, 0x15, 0x14, 0x3F, 0x60, 0x93, 0x29, 0x5E, 0x3E, 0xFE, 0x3C, 0x8A, 0x25,
    0xDA, 0xB4, 0x98, 0x55, 0xEF, 0x78, 0xB2, 0xF4, 0x58, 0x83, 0xB5, 0x00, 0xB1, 0x89, 0x4A, 0xBE,
    0x46, 0x9E, 0xA5, 0xF9, 0x7F, 0x7B, 0x08, 0xB3, 0x32, 0xFE, 0x71, 0x1A, 0xF6, 0x4F, 0xBF, 0xAB,
    0x63, 0xFA, 0xE8, 0xE8, 0x4F, 0x87, 0x79, 0x6D, 0x31, 0xE5, 0xF7, 0x12, 0x2D, 0xE2, 0xE0, 0x83,
    0x89, 0x00, 0x68, 0x57, 0x4B, 0xBB, 0xB2, 0xE4, 0x24, 0xD6, 0x74, 0xBE, 0x56, 0x00, 0x3F, 0x2E,
    0x2E, 0xBD, 0x6A, 0x80, 0x33, 0xC9, 0x8B, 0x50, 0x6D, 0x0D, 0x4C, 0x95, 0x83, 0xD8, 0x00, 0x28,
    0x7C, 0x3A, 0x72, 0x8B, 0x09, 0x67, 0xE0, 0xC9, 0x3B, 0xAA, 0x03, 0xBE, 0x09, 0x8D, 0x9B, 0xDF,
    0x47, 0xE4, 0xAA, 0x41, 0x67, 0x74, 0x7B, 0xAF, 0x88, 0x80, 0x85, 0xD3, 0x00, 0x17, 0x80, 0x8B,
    0x00, 0x06, 0x5D, 0xBE, 0x66, 0xC2, 0xAC, 0x7E, 0xAA, 0x0A, 0xC5, 0x66, 0xA6, 0x5B, 0x0B, 0x5B,
    0xA0, 0x87, 0xAB, 0x00, 0x6B, 0xB3, 0xE1, 0x12, 0x61, 0x84, 0x14, 0x85, 0x57, 0xEC, 0x01, 0x59,
    0xF5, 0xE7, 0x93, 0x95, 0xDF, 0x85, 0xF1, 0x00, 0x57, 0x16, 0xB9, 0x2E, 0xBF, 0xF7, 0x01, 0x3C,
    0x60, 0xD5, 0xDE, 0x30, 0x00, 0x06, 0xBF, 0x22, 0x19, 0xB6, 0x37, 0x98, 0x2C, 0xBB, 0x3C, 0x13,
    0x2D, 0x0F, 0xC0, 0xC9, 0x2D, 0x2E, 0x2D, 0x57, 0x87, 0x2B, 0x00, 0x2E, 0x9C, 0xA5, 0xD6, 0x9E,
    0xED, 0x1C, 0x23, 0xF9, 0x25, 0xB7, 0x87, 0x4B, 0x00, 0x42, 0xFE, 0x3A, 0x0C, 0x42, 0x65, 0x30,
    0x85, 0x4C, 0x87, 0x31, 0x00, 0x9E, 0x4A, 0xD3, 0x74, 0x94, 0xBB, 0x4D, 0xC7, 0x6A, 0xCC, 0xDF,
    0xD8, 0x99, 0x74, 0x8C, 0x87, 0x51, 0x00, 0x51, 0x7B, 0x25, 0x50, 0x17, 0xC2, 0x9C, 0xB0, 0x98,
    0xF6, 0x3D, 0xC7, 0x85, 0x94, 0x00, 0xAA, 0x0C, 0x01, 0x56, 0xA2, 0x54, 0x8F, 0x07, 0x91, 0xF1,
    0x7A, 0x8B, 0x3F, 0xA1, 0x6A, 0xA4, 0xE8, 0x85, 0xB4, 0x00, 0x26, 0xDE, 0xF7, 0x0B, 0x1C, 0x76,
    0x42, 0xFE, 0xB3, 0x3B, 0xB3, 0x26, 0xF1, 0x93, 0x23, 0xB8, 0x86, 0x93, 0x00, 0x79, 0xCD, 0x82,
    0x1C, 0xF9, 0x05, 0x3C, 0xBB, 0x03, 0xCD, 0x32, 0xB0, 0x7A, 0x1A, 0x7E, 0x1D, 0x34, 0xEC, 0xFC,
    0x69, 0xF7, 0xB0, 0x87, 0x30, 0x03, 0xCC, 0x71, 0xEC, 0xE3, 0x29, 0xB9, 0x43, 0xEF, 0x10, 0xAC,
    0x2F, 0x86, 0xEA, 0x5D, 0x4D, 0x52, 0xC6, 0xD8, 0xD2, 0x5D, 0x0E, 0x18, 0x05, 0x80, 0x09, 0x11,
    0xC1, 0xE6, 0x86, 0x93, 0x00, 0x08, 0x7A, 0xC9, 0x81, 0x4A, 0xE3, 0x2B, 0x38, 0x98, 0xA9, 0xC7,
    0xFE, 0xAC, 0x82, 0xB2, 0x0B, 0x4B, 0xE9, 0xFE, 0x75, 0x22, 0x00, 0x82, 0x5E, 0x9A, 0xE2, 0xA2,
    0xCC, 0xB8, 0xF7, 0xE4, 0x5F, 0x2B, 0x2B, 0x4A, 0xB2, 0x54, 0x57, 0x40, 0x11, 0x84, 0xE7, 0x0C,
    0xA3, 0x04, 0x74, 0x3E, 0x6A, 0x5A, 0xC6, 0x25, 0x30, 0x6E, 0x3E, 0x1C, 0x3E, 0x70, 0x3F, 0xDA,
    0x8B, 0xF9, 0xE4, 0xC2, 0x08, 0xE2, 0x84, 0x97, 0x00, 0x81, 0x3F, 0x04, 0x4B, 0x16, 0xA6, 0x09,
    0x63, 0xAF, 0xEC, 0x68, 0xCD, 0x42, 0x7C, 0x5B, 0x40, 0x3F, 0x2A, 0xF6, 0xD1, 0x23, 0x31, 0x88,
    0x83, 0xB5, 0x00, 0xB5, 0xD7, 0xEA, 0x11, 0x5F, 0x6D, 0x13, 0xE4, 0xD7, 0x92, 0xBF, 0xAC, 0x38,
    0x29, 0xDB, 0x34, 0xB7, 0x19, 0xD8, 0x83, 0x94, 0x00, 0xA6, 0x69, 0x30, 0x6E, 0x24, 0x06, 0xF8,
    0xA2, 0xB7, 0xEC, 0x38, 0x26, 0xE6, 0x75, 0xB7, 0xF9, 0xE9, 0x58, 0x73, 0x38, 0x76, 0x46, 0xB4,
    0xBB, 0xFE, 0x2A, 0xF4, 0x3B, 0x83, 0xB5, 0x00, 0x28, 0x83, 0x9F, 0x6E, 0x9F, 0xE5, 0xE6, 0x32,
    0x81, 0x60, 0xBC, 0xE6, 0xAC, 0x8C, 0x6D, 0x49, 0x03, 0x2E, 0xD5, 0xF2, 0x55, 0xBA, 0x98, 0x5F,
    0xE8, 0x87, 0x95, 0x00, 0xAF, 0xBB, 0x2D, 0x0C, 0x9E, 0xDA, 0x7D, 0xF7, 0x2F, 0xE2, 0xCE, 0x40,
    0x0C, 0xE4, 0x18, 0x0A, 0x8D, 0xF7, 0x8E, 0x87, 0xB5, 0x00, 0x60, 0xC6, 0x95, 0x34, 0x6C, 0xE2,
    0x02, 0x30, 0x8A, 0xB9, 0x96, 0x92, 0x79, 0x09, 0x14, 0x81, 0x41, 0x01, 0x5E, 0x68, 0xE5, 0xB3,
    0x35, 0x04, 0x25, 0x80, 0x33, 0xBF, 0x5A, 0xE8, 0x2C, 0xA6, 0xB0, 0x80, 0x82, 0x42, 0x01, 0x49,
    0x84, 0xAD, 0x32, 0x48, 0x3C, 0x31, 0x66, 0x05, 0x77, 0x6A, 0x19, 0xC0, 0x81, 0x41, 0x01, 0x1E,
    0x06, 0x5C, 0x28, 0x72, 0xD3, 0x7E, 0x30, 0x45, 0x24, 0x13, 0x23, 0x69, 0x87, 0x2D, 0xD1, 0xC0,
    0x82, 0x42, 0x01, 0x10, 0x6C, 0x7D, 0x3F, 0x3C, 0x71, 0x7C, 0x44, 0xF7, 0xC6, 0x42, 0xB5, 0x63,
    0xD4, 0x85, 0x4B, 0x03, 0x3A, 0x6E, 0xD7, 0x94, 0x72, 0xDE, 0x5C, 0xAE, 0x5B, 0x6F, 0x9D, 0x16,
    0xE5, 0x40, 0x74, 0xEA, 0xD4, 0x6A, 0x80, 0x85, 0x4C, 0x03, 0x20, 0xF0, 0x04, 0x40, 0xFC, 0xB1,
    0xC5, 0x4B, 0x46, 0x0D, 0xC8, 0x0C, 0x32, 0x4C, 0x12, 0x47, 0x80, 0x87, 0x4D, 0x03, 0xFC, 0x13,
    0x4C, 0xBA, 0x99, 0xEF, 0x06, 0x49, 0xF1, 0x6C, 0x61, 0xCF, 0x17, 0x40, 0x71, 0xE1, 0x86, 0x9B,
    0x9C, 0x38, 0x87, 0x4E, 0x03, 0xFF, 0x04, 0x33, 0x03, 0xDF, 0xF7, 0xFF, 0x8E, 0x92, 0x05, 0x5E,
    0x8B, 0x92, 0x37, 0x01, 0xC0, 0x78, 0x40, 0x87, 0x41, 0x01, 0xAA, 0xE9, 0x6E, 0x82, 0x99, 0x6B,
    0x75, 0xF2, 0xB5, 0xAD, 0xB6, 0xAF, 0xE1, 0xB7, 0xEC, 0xE6, 0x55, 0xC0, 0x87, 0x42, 0x01, 0xA3,
    0xAC, 0xA2, 0x0A, 0xF2, 0x61, 0x8C, 0xC3, 0x08, 0x51, 0x5F, 0x99, 0xE9, 0x54, 0xB0, 0x87, 0x37,
    0x00, 0x8A, 0x5F, 0x4E, 0xB0, 0x82, 0x0C, 0x96, 0x6A, 0xD9, 0xD9, 0xBA, 0xCA, 0xCC, 0x87, 0x57,
    0x00, 0xB7, 0x4D, 0x28, 0x44, 0xA7, 0x60, 0x37, 0x29, 0x50, 0x78, 0x44, 0xC0, 0x85, 0x9A, 0x00,
    0x8F, 0x51, 0xC3, 0xD3, 0x9F, 0x59, 0x0A, 0xAC, 0xD6, 0x54, 0xCE, 0xC4, 0x89, 0x8E, 0x64, 0xB2,
    0x85, 0xBB, 0x00, 0x27, 0x86, 0x84, 0x75, 0x18, 0x95, 0x0C, 0x7E, 0x8E, 0x34, 0x2D, 0x82, 0x81,
    0x43, 0x01, 0x4C, 0xF4, 0x4A, 0xAC, 0x7D, 0x67, 0xD5, 0x75, 0xF7, 0xC6, 0x58, 0x85, 0xDD, 0xDC,
    0x82, 0x44, 0x01, 0x44, 0x65, 0x99, 0xE2, 0xCD, 0xA0, 0xF7, 0x5E, 0x56, 0xFB, 0xBE, 0x1F, 0xE0,
    0x81, 0x43, 0x01, 0x15, 0x1D, 0xB2, 0xF2, 0x4F, 0x45, 0x75, 0x55, 0x4B, 0x90, 0xA7, 0xDE, 0x11,
    0xCA, 0x76, 0xC0, 0x82, 0x44, 0x01, 0x10, 0x90, 0xA4, 0xAD, 0x51, 0xA0, 0x06, 0xF7, 0x1C, 0xE5,
    0x7C, 0xC2, 0xEB, 0x85, 0x59, 0x03, 0xA8, 0x61, 0x8B, 0xEB, 0x2F, 0xD9, 0x2C, 0xE0, 0xB2, 0x4D,
    0x28, 0x59, 0x94, 0x95, 0x13, 0xBF, 0xA0, 0x80, 0x44, 0x01, 0x1E, 0x42, 0xF5, 0x63, 0x6A, 0x9C,
    0xD4, 0x49, 0xC0, 0x1A, 0x5D, 0x27, 0x6E, 0x5B, 0xD4, 0x87, 0x5B, 0x03, 0xFF, 0x2C, 0x34, 0xC9,
    0x7D, 0x4F, 0x61, 0xB1, 0x7F, 0x8C, 0xDF, 0x86, 0x78, 0x96, 0xF0, 0xD0, 0x88, 0x82, 0x44, 0x01,
    0x9A, 0x47, 0x86, 0x5B, 0x41, 0xB9, 0x39, 0x56, 0xD8, 0x47, 0x39, 0x52, 0x18, 0xD8, 0x84, 0xC9,
    0x3F, 0x40, 0x87, 0x43, 0x01, 0xAE, 0x8E, 0x6D, 0x88, 0x36, 0xF3, 0xCB, 0xFF, 0x95, 0x49, 0x8B,
    0x2D, 0x67, 0x1A, 0xE8, 0x8D, 0xD0, 0x87, 0x44, 0x01, 0xA5, 0x21, 0xA2, 0xCA, 0x4B, 0x67, 0x6D,
    0x07, 0x33, 0x43, 0x30, 0x25, 0x81, 0x78, 0x87, 0x9E, 0x00, 0x19, 0x88, 0x35, 0x2F, 0x86, 0xBE,
    0x48, 0x92, 0x5B, 0xFE, 0xEE, 0xB1, 0x0D, 0x01, 0xFA, 0xAF, 0xE0, 0x80, 0x5B, 0x00, 0x14, 0xE7,
    0xB0, 0x78, 0xD4, 0xD4, 0x9C, 0x79, 0x27, 0x97, 0x5D, 0x9F, 0xAA, 0xF7, 0x40, 0xFF, 0x87, 0x3B,
    0x00, 0x85, 0x83, 0x8A, 0xFE, 0x38, 0x94, 0xAB, 0xD8, 0x1A, 0xA5, 0x92, 0xE7, 0xE5, 0x84, 0x87,
    0x5B, 0x00, 0xBC, 0x36, 0x2D, 0x7E, 0x68, 0x72, 0x62, 0xB0, 0xBC, 0x00, 0x99, 0x49, 0xC7, 0x54,
    0x4C, 0x85, 0x9E, 0x00, 0x95, 0x08, 0x8B, 0x18, 0x8D, 0xF6, 0xED, 0x9A, 0x34, 0x43, 0xD7, 0xD2,
    0x8B, 0x14, 0xEF, 0x4E, 0xFC, 0x00, 0x26, 0xDE, 0xF2, 0x73, 0x5A, 0x7B, 0x47, 0xBB, 0xD9, 0x9F,
    0x96, 0x6F, 0x81, 0xDF, 0x35, 0x3B, 0x0F, 0x25, 0x81, 0xC1, 0xEA, 0xC3, 0x2B, 0x4D, 0x76, 0xDC,
    0xB7, 0xAD, 0x5E, 0x74, 0x9B, 0x9E, 0x5F, 0x0C, 0x30, 0xAF, 0x9F, 0x38, 0xC8, 0xFD, 0xE2, 0xF4,
    0xA0, 0x87, 0x9E, 0x00, 0xFA, 0x01, 0xC5, 0x60, 0x6D, 0x95, 0xA8, 0x4A, 0xDE, 0xA9, 0xCA, 0xC4,
    0x26, 0xCC, 0x38, 0x5E, 0x7F, 0x6F, 0xC0, 0x80, 0x5B, 0x00, 0x8C, 0x7A, 0xFE, 0xF0, 0x90, 0xDB,
    0xCB, 0xBB, 0x32, 0xA8, 0x45, 0xA3, 0x3A, 0x9F, 0xDE, 0xE8, 0x38, 0x4D, 0xA5, 0xC8, 0x00, 0x26,
    0x2B, 0x77, 0x79, 0x12, 0xE7, 0x7D, 0x85, 0xC8, 0x1C, 0x0F, 0xBB, 0xD9, 0xA3, 0xF0, 0x00, 0x26,
    0x05, 0xAC, 0x0F, 0x5B, 0x70, 0x46, 0x6A, 0x23, 0x59, 0xDC, 0x69, 0x5C, 0x2E, 0x97, 0x50, 0x9C,
    0x87, 0x0F, 0x00, 0x64, 0x87, 0x0F, 0x00, 0x64, 0x8D, 0xB8, 0x00, 0x3F, 0x55, 0x8E, 0x00, 0x00,
    0x00, 0x02, 0x56, 0xF0, 0x00, 0x00, 0x00, 0x09, 0x15, 0x45, 0x10, 0xE8, 0x87, 0x7F, 0x03, 0x2A,
    0x00, 0x5A, 0xF6, 0x6D, 0x03, 0x71, 0xD6, 0x8A, 0x82, 0x7F, 0x31, 0xBA, 0x63, 0x33, 0x8D, 0xFF,
    0x80, 0x67, 0x10, 0x1B, 0x8E, 0x51, 0x16, 0x0C, 0x06, 0x29, 0x07, 0x24, 0x87, 0xD4, 0x01, 0x67,
    0x5F, 0x78, 0x61, 0x70, 0x00, 0x17, 0x53, 0xB7, 0xC0, 0x58, 0x1E, 0x80, 0x00, 0x0B, 0x46, 0xD2,
    0xE4, 0x9E, 0x50, 0x87, 0xB4, 0x01, 0x5F, 0xDE, 0x51, 0x80, 0x00, 0x01, 0xB3, 0x28, 0xBF, 0x42,
    0xE9, 0x26, 0x00, 0x10, 0xC7, 0x57, 0xA0, 0xF1, 0x31, 0xDA, 0x34, 0x1E, 0xF8, 0xEF, 0x7D, 0xB4,
    0x78, 0x00, 0x0B, 0x77, 0x2E, 0x89, 0x0C, 0x50, 0xF7, 0x9E, 0x65, 0x52, 0x4C, 0x88, 0x00, 0x06,
    0x5A, 0xDD, 0x0C, 0xFC, 0x7C, 0x26, 0xCE, 0x41, 0xCC, 0x31, 0xDE, 0x00, 0x02, 0x0C, 0xB3, 0xB2,
    0x24, 0xA4, 0x73, 0xC0, 0x32, 0x7E, 0xB5, 0x3C, 0x73, 0x3A, 0x30, 0x00, 0x25, 0x12, 0xCB, 0xDC,
    0x43, 0x55, 0x9D, 0x06, 0x5E, 0xF0, 0xF4, 0xFC, 0xE1, 0x68, 0x73, 0xFD, 0x24, 0x2D, 0xFF, 0x69,
    0x60, 0x00, 0x2F, 0xB4, 0xE3, 0x4B, 0x35, 0x84, 0x20, 0x43, 0x01, 0xA8, 0xA8, 0x1B, 0x56, 0x75,
    0xA7, 0xA9, 0x9C, 0xF1, 0x5E, 0x75, 0xA0, 0xF9, 0x8F, 0x78, 0x6F, 0xAA, 0x1E, 0xB1, 0x14, 0xC0,
    0x00, 0x23, 0x8E, 0xFA, 0x12, 0xF2, 0x08, 0xDC, 0x62, 0x37, 0x10, 0x00, 0x5B, 0xED, 0x03, 0x85,
    0x28, 0x5B, 0x44, 0x80, 0xDB, 0x00, 0x19, 0x48, 0x80, 0x00, 0x3F, 0x11, 0x54, 0x3A, 0xAF, 0x00,
    0x72, 0x6A, 0x5F, 0x19, 0xBD, 0x18, 0x83, 0xAE, 0x36, 0xD5, 0x48, 0x00, 0x99, 0xB6, 0x2B, 0x4C,
    0xE3, 0x2F, 0x5F, 0x05, 0x13, 0xBE, 0x39, 0x7C, 0xD6, 0x27, 0x19, 0x37, 0x7F, 0xC0, 0x87, 0x10,
    0x00, 0x91, 0xC0, 0x89, 0x79, 0x03, 0xD5, 0x5D, 0x9C, 0xBA, 0x89, 0x7A, 0x03, 0xDE, 0x1C, 0x3F,
    0x3F, 0x00, 0x00, 0x00, 0x01, 0xC5, 0x68, 0x61, 0xA5, 0x23, 0x53, 0xF8, 0xB8, 0x17, 0x87, 0x97,
    0x03, 0x70, 0xC0, 0x9B, 0x62, 0xEA, 0xB7, 0x4E, 0xAF, 0x88, 0x67, 0xA8, 0xC2, 0x70, 0x87, 0x98,
    0x03, 0x6E, 0xA4, 0x1D, 0x43, 0xF1, 0x77, 0x4A, 0xBE, 0xFF, 0x40, 0x00, 0xC3, 0xE0, 0x8D, 0x96,
    0xC6, 0xD1, 0x35, 0x45, 0xD1, 0x29, 0x5E, 0x7D, 0x78, 0xCE, 0x25, 0x8A, 0x14, 0x88, 0x36, 0x88,
    0xE1, 0x77, 0x95, 0xCE, 0x4E, 0xA8, 0xD7, 0x2D, 0x46, 0xE0, 0x06, 0x22, 0xC2, 0x3F, 0xDE, 0x3E,
    0x78, 0xB3, 0x0E, 0xE6, 0xDB, 0x8F, 0xCC, 0x5C, 0xBD, 0xF0, 0x3B, 0x75, 0x5A, 0x52, 0x6A, 0x0C,
    0x91, 0x97, 0x96, 0x2F, 0xC7, 0x1A, 0xA4, 0x79, 0xCD, 0xD5, 0x02, 0x16, 0xFE, 0x5D, 0x67, 0x6C,
    0x73, 0xD8, 0x65, 0xE1, 0xCD, 0x41, 0x57, 0xC4, 0xBC, 0x00, 0xDB, 0xDE, 0x6C, 0x2B, 0x95, 0x35,
    0x8A, 0x67, 0xB5, 0xF6, 0x14, 0xD6, 0xAB, 0x71, 0x22, 0xED, 0x6F, 0x10, 0x33, 0x8C, 0xA2, 0x09,
    0x2C, 0xDC, 0x1F, 0x30, 0xEC, 0x11, 0xB8, 0x56, 0xDF, 0xFF, 0x8F, 0x1F, 0x13, 0xB5, 0xF9, 0x59,
    0x12, 0x0F, 0xD5, 0x90, 0xD6, 0x7B, 0x58, 0x4B, 0xAD, 0x1F, 0xDC, 0x9D, 0x6B, 0x0A, 0x25, 0xBF,
    0x83, 0xED, 0xAE, 0x95, 0x3A, 0x15, 0x44, 0x1C, 0x97, 0x55, 0x03, 0x71, 0x7B, 0xB0, 0x2E, 0xA3,
    0xA2, 0x4F, 0x1B, 0x7D, 0x12, 0xA4, 0x57, 0xB4, 0x8B, 0x29, 0xE3, 0xAA, 0x55, 0x64, 0x57, 0x9F,
    0x12, 0xEB, 0x2E, 0xBF, 0xF8, 0x78, 0x37, 0x5B, 0x7F, 0xA9, 0x3B, 0xA0, 0x00, 0x1D, 0xBF, 0x1D,
    0x23, 0x43, 0xB7, 0xE4, 0x00, 0x14, 0xF6, 0x37, 0x44, 0x5C, 0x57, 0x57, 0x06, 0x40, 0x32, 0xF6,
    0x7A, 0xB2, 0x00, 0x15, 0x2D, 0x41, 0xD9, 0x2B, 0x09, 0xE0, 0xFA, 0x47, 0x25, 0x66, 0xE3, 0x42,
    0xCA, 0xB2, 0xBA, 0x4E, 0x12, 0x75, 0x5C, 0xDE, 0x00, 0x06, 0xF1, 0x1E, 0x68, 0xD9, 0x06, 0x9D,
    0x45, 0xA0, 0x00, 0x07, 0x00, 0x73, 0x9E, 0xB5, 0xA0, 0x9C, 0x6B, 0x00, 0x71, 0xBE, 0x26, 0xF7,
    0x7F, 0x3B, 0x64, 0x9D, 0x00, 0x07, 0x71, 0x81, 0x41, 0x3E, 0xCD, 0x50, 0xCF, 0xB0, 0xB5, 0xB3,
    0xC7, 0xEF, 0xD5, 0x15, 0x19, 0x57, 0xA6, 0x9D, 0x3E, 0x36, 0xA0, 0x0E, 0x9F, 0x33, 0x41, 0x00,
    0x27, 0x25, 0x32, 0x86, 0x80, 0x8B, 0x08, 0x54, 0x90, 0x8F, 0xB0, 0x55, 0x68, 0x00, 0x3A, 0xE8,
    0x24, 0x68, 0x9E, 0xE0, 0x16, 0x68, 0xD8, 0x80, 0xA1, 0xA9, 0x43, 0xF4, 0xE7, 0xD0, 0x8D, 0xA4,
    0x03, 0xEB, 0x0E, 0xD7, 0xFF, 0xD6, 0xF8, 0x8E, 0x54, 0x50, 0x1A, 0x06, 0x61, 0x48, 0x00, 0x9E,
    0x8B, 0x7B, 0x45, 0xAD, 0x1A, 0x84, 0x15, 0x04, 0x1F, 0x0A, 0x84, 0x16, 0x39, 0xD6, 0xD5, 0x3F,
    0xCE, 0x08, 0x9D, 0xDB, 0x72, 0x97, 0x59, 0x95, 0x5C, 0xC4, 0x24, 0xDB, 0xFC, 0x22, 0x84, 0xE1,
    0x7D, 0x39, 0x16, 0xF8, 0xB7, 0xA6, 0xC1, 0x57, 0xFD, 0x0B, 0x54, 0xBF, 0x34, 0x6E, 0xC4, 0x50,
    0xB9, 0x61, 0xB4, 0xF8, 0xC2, 0xA7, 0x12, 0x7E, 0x11, 0x33, 0x50, 0x00, 0x06, 0x83, 0x83, 0x56,
    0x5D, 0xEF, 0x7C, 0x72, 0xEB, 0xDB, 0xD9, 0xD8, 0xB6, 0xB1, 0x91, 0xEC, 0xCC, 0xBF, 0xED, 0x5C,
    0x7D, 0xE1, 0x9B, 0x33, 0xE6, 0x4F, 0xC5, 0xEC, 0x70, 0xDF, 0x08, 0xC0, 0x87, 0x21, 0x00, 0x85,
    0xBA, 0x8C, 0x92, 0x09, 0xE2, 0x60, 0xD5, 0x56, 0xB0, 0xC2, 0x75, 0xF5, 0x00, 0x31, 0xE3, 0x81,
    0xEA, 0x0C, 0x87, 0x70, 0x00, 0x36, 0x00, 0x83, 0x22, 0xFA, 0xDA, 0x0B, 0xFE, 0x68, 0xC6, 0xF3,
    0x77, 0x85, 0xD9, 0xAD, 0x62, 0x42, 0x00, 0x3D, 0x93, 0xD3, 0xA5, 0x60, 0xCF, 0x64, 0xFD, 0xC2,
    0x81, 0x9A, 0xBF, 0x8A, 0xEA, 0x00, 0x5C, 0x50, 0x43, 0xD5, 0xC2, 0xEE, 0x78, 0x85, 0x65, 0x51,
    0x9E, 0xA5, 0xA2, 0x25, 0x4C, 0x56, 0x19, 0x4A, 0x81, 0x00, 0x72, 0x3D, 0x3A, 0x41, 0x31, 0x90,
    0x3B, 0xD3, 0xBE, 0xE2, 0x16, 0x6D, 0x3E, 0x6E, 0x58, 0xEE, 0x7B, 0x42, 0xDF, 0xC1, 0x46, 0x16,
    0x6A, 0xFB, 0x20, 0x3B, 0x2D, 0xC3, 0x41, 0xB7, 0x65, 0xA3, 0x51, 0xD0, 0x83, 0x7E, 0xAC, 0x17,
    0xFC, 0x4B, 0xA2, 0xEE, 0x02, 0x87, 0xDB, 0xAE, 0x5D, 0x89, 0x33, 0xF6, 0x53, 0xD2, 0xC5, 0x2E,
    0xBF, 0x5F, 0xAB, 0x28, 0xD5, 0x2C, 0x6B, 0x57, 0x62, 0x87, 0xAD, 0x11, 0x7F, 0x1D, 0x52, 0x13,
    0x88, 0xF5, 0xED, 0x02, 0x7D, 0xAC, 0x22, 0xE3, 0x34, 0x2D, 0x9B, 0x85, 0xA2, 0x6E, 0x92, 0x00,
    0x00, 0x01, 0x24, 0x85, 0x20, 0x00, 0x67, 0x1C, 0x05, 0x04, 0xC1, 0xBA, 0x57, 0x41, 0x72, 0x58,
    0x4A, 0xBA, 0x4B, 0x31, 0x5C, 0x84, 0x40, 0x87, 0x3D, 0x00, 0x6E, 0x14, 0x6E, 0xC6, 0x7F, 0xC0,
    0x87, 0x3F, 0x00, 0x57, 0x68, 0x5A, 0xC7, 0xEC, 0xCE, 0x00, 0xAD, 0xE4, 0xF0, 0xFC, 0x0F, 0xD2,
    0xF5, 0x7B, 0x55, 0x13, 0x92, 0xB3, 0x83, 0x75, 0xD9, 0xAF, 0x2A, 0x3C, 0x4D, 0x93, 0x2C, 0xEF,
    0x68, 0x00, 0xCF, 0xC3, 0x5D, 0x76, 0xCD, 0x24, 0xDA, 0x02, 0x0B, 0xA9, 0x0B, 0xFE, 0xD7, 0xE3,
    0xB3, 0xA6, 0xDC, 0x05, 0xF7, 0x91, 0xA6, 0xE6, 0x7E, 0x6F, 0xFB, 0x00, 0x95, 0xA5, 0x6C, 0x2A,
    0x87, 0xED, 0x69, 0xF2, 0x9B, 0xD9, 0xCB, 0xAD, 0x68, 0x61, 0x4E, 0x13, 0x92, 0x30, 0x5A, 0xE8,
    0x23, 0x58, 0x7F, 0x38, 0x8D, 0x08, 0xAD, 0x6B, 0x01, 0x63, 0x57, 0x6B, 0xB8, 0x5F, 0xFA, 0x5B,
    0x25, 0xC6, 0x7C, 0xEC, 0xE8, 0x00, 0x91, 0xD6, 0x77, 0x16, 0x9E, 0x92, 0xAE, 0x8B, 0xED, 0x11,
    0xDB, 0xDB, 0xE0, 0xB9, 0x23, 0x60, 0x88, 0x61, 0xF5, 0x06, 0x48, 0xE6, 0xEE, 0x10, 0x78, 0x39,
    0x58, 0x28, 0xA4, 0xD9, 0x87, 0x33, 0xB2, 0xDB, 0xDC, 0x11, 0xE7, 0xE5, 0xB7, 0x80, 0x00, 0x6E,
    0x64, 0x16, 0x54, 0xBA, 0xCC, 0x25, 0x6C, 0x8F, 0xA0, 0x6C, 0xB2, 0xB6, 0xBF, 0xD2, 0x74, 0x00,
    0x05, 0x5E, 0xC5, 0x37, 0x14, 0xA0, 0x69, 0x30, 0xA3, 0x90, 0x63, 0xFB, 0x98, 0x1D, 0x6E, 0xD0,
    0x82, 0x50, 0x40, 0x59, 0x25, 0xB7, 0x64, 0x4E, 0x36, 0xEA, 0x50, 0x90, 0x87, 0x77, 0x00, 0xFF,
    0x6C, 0x50, 0x44, 0xF8, 0xF1, 0x44, 0x90, 0xDE, 0x71, 0x62, 0x85, 0x24, 0x76, 0xA5, 0x58, 0x00,
    0x7F, 0x33, 0x12, 0x05, 0x00, 0x56, 0x68, 0xFD, 0x95, 0x55, 0x85, 0xDB, 0x0D, 0xF5, 0xC4, 0x68,
    0xFC, 0x3D, 0x50, 0x87, 0x0C, 0x00, 0x7E, 0xB8, 0xA1, 0x0A, 0x7C, 0x4D, 0x54, 0x54, 0x00, 0x11,
    0x1B, 0xC3, 0xB4, 0x26, 0xE7, 0x93, 0x7D, 0x29, 0x96, 0x34, 0x32, 0x74, 0xE2, 0x87, 0xAB, 0x03,
    0x59, 0x42, 0x1B, 0x45, 0xE5, 0xEE, 0xCD, 0x64, 0x89, 0xE5, 0x8C, 0x6F, 0x3C, 0xBF, 0x59, 0x79,
    0xC9, 0xF9, 0xE4, 0x05, 0xC0, 0x87, 0x0C, 0x00, 0x7E, 0xC7, 0xD8, 0x0A, 0xE3, 0x29, 0xFC, 0xD6,
    0xA3, 0x51, 0xEA, 0x05, 0x26, 0xD3, 0x11, 0x10, 0x47, 0x18, 0x81, 0xBB, 0xCF, 0x84, 0xDB, 0x41,
    0x98, 0xC3, 0xC8, 0x88, 0x8A, 0x09, 0x21, 0x06, 0x68, 0xC1, 0xAC, 0xA6, 0x5E, 0x30, 0x80, 0x00,
    0x66, 0x1D, 0xD8, 0x7E, 0x76, 0xF9, 0xA0, 0xF0, 0xAE, 0x13, 0x01, 0x24, 0xA6, 0x30, 0x48, 0x06,
    0xD0, 0x79, 0xC5, 0xFC, 0x3E, 0x87, 0x91, 0xA9, 0xDA, 0x86, 0xE0, 0x00, 0x1E, 0x4A, 0x5A, 0x0E,
    0x90, 0xE0, 0x8B, 0x75, 0xE9, 0x8B, 0x60, 0xEF, 0xA1, 0x87, 0x5F, 0x8B, 0x93, 0x2C, 0x67, 0x13,
    0x87, 0xAB, 0x03, 0xB9, 0x97, 0xFC, 0xCC, 0x9E, 0xCE, 0x3A, 0xE0, 0x00, 0x36, 0x0F, 0xCF, 0xBB,
    0x35, 0x48, 0x71, 0xF1, 0xEF, 0xD5, 0x32, 0x2B, 0x9B, 0x3F, 0xDB, 0x8A, 0x26, 0x39, 0x89, 0xA3,
    0xD5, 0x66, 0x81, 0x11, 0xF8, 0x03, 0x7F, 0xEA, 0x2A, 0x30, 0x00, 0x61, 0x15, 0xB7, 0x71, 0x8E,
    0xAA, 0xB5, 0x67, 0x4D, 0xBE, 0x28, 0x68, 0x39, 0x64, 0x3C, 0xFD, 0x96, 0x00, 0x15, 0x56, 0xC0,
    0xEE, 0x68, 0xFE, 0xCE, 0x7B, 0xA7, 0x84, 0x2F, 0x5F, 0xA1, 0x07, 0x98, 0x41, 0xB1, 0xFF, 0x08,
    0x67, 0xDF, 0xE7, 0x89, 0x9F, 0xB4, 0x66, 0x00, 0x59, 0x2A, 0x07, 0xBB, 0xE4, 0xCD, 0xD9, 0x44,
    0xD8, 0x08, 0xB8, 0x70, 0xCB, 0xE1, 0x07, 0x8C, 0x15, 0x3A, 0xF9, 0x33, 0x6A, 0x2A, 0x06, 0x48,
    0xC0, 0x00, 0x0D, 0xB6, 0xAE, 0x96, 0x35, 0xBB, 0xA7, 0x74, 0xBD, 0x82, 0x51, 0xC2, 0x23, 0x65,
    0x7B, 0xE1, 0x9A, 0xFF, 0xC8, 0x21, 0x34, 0x5F, 0x02, 0x53, 0x0D, 0xF8, 0x13, 0x3B, 0x4D, 0x80,
    0x87, 0x10, 0x00, 0x7F, 0x58, 0x26, 0x6D, 0x64, 0x72, 0xED, 0x44, 0x00, 0x9C, 0x26, 0x32, 0x94,
    0x80, 0x8D, 0x64, 0x3C, 0x5A, 0x13, 0xF2, 0x79, 0xDF, 0x80, 0xD6, 0x6C, 0x6E, 0xC6, 0xEB, 0xB3,
    0x54, 0xA3, 0xF0, 0x56, 0xE4, 0x38, 0x00, 0x4F, 0x44, 0xF3, 0xE8, 0x60, 0x2F, 0x5A, 0x4F, 0xAB,
    0x1A, 0x02, 0xE0, 0xD9, 0xEC, 0x11, 0x95, 0xE4, 0xF9, 0x6B, 0xD4, 0x39, 0x1C, 0x46, 0x37, 0x01,
    0xA5, 0xF0, 0xFA, 0x58, 0xE5, 0x0F, 0xEA, 0xEF, 0xF7, 0x08, 0xCE, 0x94, 0x37, 0x46, 0x1B, 0x71,
    0x8A, 0x81, 0x12, 0x98, 0x00, 0x3F, 0x3F, 0xA0, 0x83, 0xBC, 0x4C, 0xFD, 0x58, 0x7B, 0xBE, 0x89,
    0xC0, 0xED, 0x0D, 0x46, 0x12, 0x72, 0xB0, 0x80, 0x87, 0x1C, 0x00, 0x4F, 0x0E, 0x08, 0xC7, 0xB6,
    0x53, 0xA9, 0x5E, 0x61, 0x7E, 0xB7, 0xD0, 0x9D, 0xC7, 0x13, 0xB9, 0xA8, 0xE0, 0x62, 0x87, 0x98,
    0x03, 0x6E, 0x82, 0x2A, 0xDE, 0x8D, 0x17, 0xEF, 0x8C, 0xA8, 0xC5, 0xC0, 0x87, 0x98, 0x03, 0x67,
    0x14, 0x7D, 0x2A, 0x16, 0x3B, 0x15, 0xA0, 0xC0, 0x88, 0x97, 0x03, 0x7A, 0x67, 0xBB, 0xF9, 0x76,
    0xB0, 0x1F, 0xF0, 0xF8, 0x85, 0xD6, 0x03, 0x4F, 0x6E, 0x94, 0x20, 0x08, 0x76, 0x81, 0x50, 0xD4,
    0xAD, 0x87, 0x97, 0x03, 0xF3, 0xAA, 0xAB, 0x30, 0x5F, 0x05, 0xB1, 0x40, 0x13, 0xE0, 0x26, 0x4F,
    0x18, 0x87, 0x98, 0x03, 0x8A, 0x65, 0xAD, 0x0F, 0x49, 0x0B, 0xEC, 0xF4, 0xD7, 0xC5, 0xEE, 0x00,
    0x2C, 0x81, 0x5C, 0xA9, 0xAE, 0xCF, 0x2F, 0xC1, 0x8B, 0x0F, 0x84, 0x14, 0xCF, 0x60, 0x0B, 0x9F,
    0x08, 0x40, 0x00, 0x07, 0x4D, 0x7B, 0xB0, 0x8F, 0x6C, 0x77, 0xE4, 0x23, 0x40, 0x00, 0x76, 0x43,
    0xD3, 0xB2, 0xF8, 0xE6, 0x05, 0x12, 0x98, 0xD6, 0xA9, 0xF6, 0x1A, 0xDB, 0x8D, 0x62, 0xD5, 0x08,
    0x10, 0xEF, 0x88, 0x00, 0x57, 0x0C, 0xCB, 0x7A, 0xD6, 0x5B, 0x29, 0x11, 0x7E, 0x35, 0xD8, 0x85,
    0xA4, 0xB9, 0x3F, 0xC2, 0xE0, 0xBC, 0x7F, 0x54, 0x00, 0x3D, 0x47, 0x63, 0xF3, 0x77, 0x11, 0x14,
    0x3D, 0xCD, 0x71, 0x3B, 0xDE, 0x9A, 0xBE, 0x30, 0xD3, 0xD4, 0x78, 0xFD, 0x7A, 0x00, 0x59, 0x31,
    0xA7, 0x1B, 0x4E, 0xAB, 0x11, 0x3E, 0xA5, 0x72, 0x97, 0xB0, 0x00, 0x1F, 0xB7, 0x46, 0x85, 0x50,
    0x04, 0x9E, 0x55, 0x56, 0x46, 0xD0, 0xEB, 0x11, 0x85, 0xB2, 0xA3, 0xC8, 0xCE, 0x10, 0xFD, 0x4C,
    0x64, 0x25, 0xAC, 0x80, 0x8C, 0xDE, 0x03, 0xEB, 0xED, 0x18, 0x9E, 0x05, 0x16, 0x2A, 0x54, 0x82,
    0x2B, 0x2A, 0x53, 0x51, 0x34, 0x12, 0x2E, 0x35, 0xEC, 0x90, 0x00, 0x16, 0xA5, 0xA4, 0x65, 0x18,
    0xD5, 0xDE, 0xB8, 0xCE, 0x9C, 0x25, 0x00, 0x4A, 0x62, 0xC7, 0xA8, 0x88, 0xE3, 0x03, 0x50, 0x74,
    0x58, 0x3E, 0xB9, 0xFA, 0x00, 0x3B, 0x36, 0x73, 0x60, 0x79, 0x72, 0x20, 0x9F, 0x5D, 0x17, 0xB1,
    0xA0, 0x00, 0x32, 0x1B, 0xBE, 0xA8, 0xE7, 0x47, 0xBB, 0x49, 0x88, 0x32, 0x48, 0x00, 0x08, 0xBB,
    0xD1, 0xE6, 0x6D, 0x5A, 0xE4, 0x3B, 0xDD, 0x45, 0x08, 0x66, 0xD5, 0x82, 0x98, 0x87, 0xDA, 0x03,
    0x48, 0x87, 0x7D, 0xD0, 0x87, 0x7A, 0x00, 0x82, 0x3C, 0x1F, 0x87, 0x73, 0x00, 0x43, 0xC9, 0x88,
    0x6B, 0x90, 0xF0, 0x87, 0x74, 0x00, 0x43, 0xA1, 0xE7, 0x9D, 0xFC, 0x4D, 0xE0, 0x87, 0xDC, 0x03,
    0x97, 0xEC, 0xAB, 0x5F, 0x87, 0xDD, 0x03, 0x93, 0xB0, 0x20, 0xAB, 0x40, 0x87, 0xDE, 0x03, 0x69,
    0x75, 0x93, 0x5D, 0x50, 0x87, 0xDF, 0x03, 0x7C, 0x7C, 0x81, 0x80, 0x87, 0xE0, 0x03, 0x43, 0x6D,
    0xEA, 0x12, 0x1A, 0xAF, 0xC0, 0x87, 0xE1, 0x03, 0x43, 0x75, 0x47, 0xE7, 0x74, 0x87, 0xE2, 0x03,
    0x5E, 0xA3, 0x48, 0x87, 0xE3, 0x03, 0x90, 0x87, 0xE4, 0x03, 0x62, 0xFC, 0x87, 0xE5, 0x03, 0x72,
    0xF1, 0xC3, 0x87, 0xE6, 0x03, 0x79, 0xA5, 0x98, 0x00, 0x0F, 0xFE, 0x13, 0x88, 0xF2, 0xF7, 0xFD,
    0x13, 0x75, 0x21, 0x1B, 0x35, 0x12, 0xFC, 0xB6, 0xBB, 0xD2, 0x97, 0x75, 0xB0, 0x00, 0x10, 0xDB,
    0x69, 0x4F, 0x85, 0x7C, 0xC7, 0xA2, 0x5E, 0x0B, 0x94, 0xD3, 0x48, 0x70, 0x84, 0xEE, 0xCF, 0x8B,
    0x44, 0xEC, 0xB4, 0x00, 0x10, 0xDD, 0xEC, 0xD3, 0xEC, 0x82, 0x96, 0x18, 0x9C, 0xCE, 0xB4, 0x6C,
    0xE7, 0xF0, 0xEE, 0xF4, 0xC0, 0x00, 0x02, 0xC7, 0x2C, 0x92, 0x55, 0x7D, 0xAE, 0x98, 0x58, 0xB3,
    0x4A, 0x16, 0x53, 0xB3, 0x28, 0x40, 0xBC, 0x00, 0x0A, 0x94, 0x1A, 0x56, 0xD8, 0x69, 0x47, 0x81,
    0xC5, 0xAC, 0x79, 0x91, 0xC3, 0x09, 0xD9, 0x97, 0xD0, 0x83, 0xE7, 0x03, 0x02, 0xD7, 0x19, 0xF1,
    0x18, 0xB9, 0x3A, 0x05, 0xAF, 0x2E, 0x27, 0x1A, 0x30, 0x80, 0x00, 0x03, 0x38, 0x81, 0x4C, 0xA8,
    0x10, 0xE5, 0x07, 0xC7, 0x48, 0xDC, 0xAB, 0xA3, 0x00, 0xE6, 0x36, 0x14, 0x00, 0x00, 0x00, 0x00,
    0x0B, 0x18, 0x5F, 0x1C, 0x00, 0x03, 0x95, 0x55, 0x9B, 0x5A, 0xE9, 0x98, 0xB8, 0xCF, 0xCD, 0x76,
    0x29, 0x8A, 0x3B, 0x14, 0x80, 0xD3, 0x38, 0x03, 0x7D, 0x69, 0x36, 0x8B, 0xFC, 0x03, 0x96, 0x56,
    0x39, 0xCF, 0x08, 0x1A, 0x8B, 0xFC, 0x03, 0x37, 0x52, 0x9C, 0x38, 0xED, 0xED, 0x9A, 0x57, 0x54,
    0x2F, 0x8C, 0x80, 0xD5, 0xB7, 0xFC, 0x00, 0x0A, 0x68, 0x01, 0x62, 0x3B, 0xE2, 0x03, 0x3B, 0xB7,
    0x28, 0x9B, 0x02, 0xC7, 0x51, 0x59, 0x49, 0x15, 0xB4, 0xCD, 0x00, 0x51, 0x3D, 0xBD, 0xB2, 0x27,
    0x2B, 0x4A, 0x71, 0xD8, 0x9A, 0x01, 0x78, 0x2D, 0xE2, 0x80, 0x00, 0x89, 0xC0, 0xE9, 0x95, 0x2E,
    0x2A, 0x32, 0x00, 0x3E, 0xA8, 0x14, 0xB0, 0x38, 0x19, 0xA0, 0x18, 0x82, 0xEA, 0xED, 0x97, 0x7B,
    0x2C, 0x53, 0x37, 0xF7, 0xF2, 0x7B, 0xFE, 0xC7, 0x31, 0xE6, 0x08, 0xCD, 0x00, 0x53, 0x49, 0x31,
    0xEF, 0x35, 0xBC, 0x61, 0x9A, 0x75, 0x39, 0x2B, 0x8A, 0xF6, 0x66, 0x50, 0xD6, 0x1E, 0xDC, 0xF8,
    0xDC, 0x29, 0x24, 0x46, 0x2F, 0x00, 0x25, 0xCC, 0x97, 0x01, 0x40, 0x31, 0x18, 0xBB, 0x42, 0x86,
    0xA6, 0xC3, 0x27, 0xDC, 0x51, 0x19, 0x97, 0x18, 0x80, 0x14, 0xD3, 0x11, 0x60, 0x00, 0x89, 0x1D,
    0x44, 0x92, 0xA8, 0x18, 0xF8, 0xDB, 0xC6, 0xD0, 0x01, 0x3F, 0x53, 0x68, 0x26, 0x9B, 0x19, 0xEE,
    0x4A, 0x38, 0x60, 0x3D, 0x9A, 0x59, 0x89, 0x99, 0x72, 0x11, 0x71, 0x43, 0x4D, 0xCF, 0x60, 0xF4,
    0xF0, 0x83, 0x80, 0x87, 0xA3, 0x02, 0x67, 0x98, 0x81, 0x1B, 0x9D, 0xAD, 0xB6, 0x0E, 0x76, 0x19,
    0xA2, 0xFD, 0xDB, 0xD0, 0xF6, 0x8C, 0xC4, 0x87, 0x64, 0x00, 0x87, 0xDC, 0x1F, 0xE1, 0xBE, 0x59,
    0xBD, 0xEF, 0x1A, 0xF7, 0x5F, 0xBA, 0x81, 0xA2, 0xD7, 0x7F, 0x09, 0x08, 0x27, 0x8C, 0xCF, 0x2D,
    0x48, 0x89, 0x18, 0xAF, 0x2C, 0x82, 0x80, 0x83, 0x4F, 0x00, 0xD0, 0x2E, 0x7A, 0xA4, 0x07, 0x23,
    0xC9, 0xAB, 0x28, 0x8A, 0x4E, 0x6E, 0x29, 0x02, 0xF5, 0x82, 0x0B, 0x95, 0x80, 0x00, 0x0B, 0x4C,
    0x0B, 0x6D, 0xC3, 0x39, 0x1D, 0xFC, 0xC8, 0xB8, 0x28, 0x69, 0x4B, 0x31, 0x5F, 0x9C, 0xF5, 0x7B,
    0x04, 0x05, 0xC5, 0x4B, 0xAE, 0xF5, 0x61, 0xAE, 0x73, 0x49, 0x7D, 0x76, 0xC1, 0x54, 0x0D, 0xB5,
    0x9C, 0xEB, 0xFE, 0x43, 0x92, 0xE6, 0x74, 0x1F, 0x91, 0x5D, 0x32, 0x9E, 0x53, 0xD4, 0x21, 0xE8,
    0x00, 0x00, 0x8D, 0xD3, 0xB5, 0xC7, 0xAE, 0xA3, 0x30, 0xB5, 0x9F, 0x39, 0xA5, 0x88, 0x87, 0xAD,
    0x84, 0x61, 0x31, 0xEF, 0x3C, 0x8E, 0x4B, 0xF6, 0x30, 0x3A, 0x8F, 0x67, 0x23, 0x26, 0x8E, 0x30,
    0x10, 0x57, 0x8D, 0xAD, 0xA7, 0x91, 0x10, 0x6E, 0x29, 0xA2, 0x05, 0xB8, 0x8D, 0x06, 0x5F, 0xB5,
    0x58, 0x00, 0x00, 0xBF, 0x0D, 0x3E, 0x74, 0x96, 0x5C, 0xE2, 0x62, 0xA1, 0xB7, 0x47, 0x48, 0x3E,
    0x78, 0xEB, 0xB5, 0xD1, 0xE0, 0x4A, 0x78, 0x62, 0xAB, 0xD9, 0xC1, 0x09, 0xFA, 0x0C, 0x07, 0x6D,
    0x55, 0x98, 0xB9, 0x91, 0xBD, 0xD1, 0xB9, 0x51, 0x69, 0xBE, 0xD7, 0x0F, 0x1B, 0x64, 0x57, 0x4D,
    0x62, 0x5E, 0xD0, 0x0B, 0x8F, 0x03, 0xFC, 0x59, 0xBB, 0xBD, 0x2B, 0x54, 0x00, 0x08, 0x01, 0xA9,
    0x15, 0x75, 0x24, 0xA7, 0x8F, 0x62, 0xCA, 0xB6, 0x8C, 0x0F, 0xF6, 0xEA, 0x1D, 0x8A, 0xA9, 0x07,
    0xF9, 0x66, 0x05, 0x8F, 0xD1, 0xC7, 0x30, 0xE4, 0xD8, 0x6D, 0xF1, 0xA9, 0xEB, 0x55, 0x27, 0xA0,
    0xA5, 0xD0, 0x86, 0x47, 0xDC, 0x1C, 0x55, 0x86, 0x63, 0xE1, 0x32, 0xA4, 0x23, 0x8E, 0x56, 0x84,
    0x70, 0x90, 0x8C, 0x28, 0x5D, 0x6C, 0xF8, 0x00, 0x05, 0x44, 0xBE, 0x52, 0x2D, 0xCE, 0xF7, 0x03,
    0xCC, 0x14, 0x92, 0x76, 0xF0, 0x34, 0x0D, 0xE7, 0x61, 0xDC, 0xED, 0xB1, 0x6B, 0x3D, 0x32, 0xA6,
    0x67, 0xB1, 0x75, 0xEE, 0x16, 0x8D, 0x48, 0xF3, 0x9E, 0x92, 0x6D, 0x15, 0x07, 0x23, 0x1E, 0xF5,
    0x45, 0x20, 0x87, 0xD2, 0x00, 0x8C, 0x0B, 0xB9, 0xF6, 0x46, 0x61, 0x88, 0xE8, 0x20, 0xEB, 0xEC,
    0xB4, 0xB1, 0xB0, 0xCC, 0x40, 0x00, 0x39, 0xA6, 0xED, 0x0A, 0x09, 0xB9, 0x0A, 0xA7, 0x76, 0x65,
    0x3B, 0xBC, 0xAC, 0xFE, 0x42, 0xD5, 0xE7, 0x5C, 0xDE, 0xC1, 0xE0, 0x8B, 0xFC, 0x81, 0x2D, 0x8D,
    0x81, 0xD6, 0x63, 0xE0, 0x2F, 0x2D, 0x1F, 0x23, 0xF1, 0x3F, 0x8E, 0x00, 0x0B, 0x4B, 0x19, 0x11,
    0xDD, 0x79, 0x2D, 0xCC, 0x48, 0xAD, 0x47, 0x1B, 0x5C, 0x61, 0x1F, 0x14, 0x7B, 0xCF, 0x31, 0xDC,
    0xC1, 0x81, 0x90, 0xFA, 0x41, 0x2D, 0x2F, 0xDC, 0x87, 0x39, 0x4E, 0x89, 0x17, 0xAC, 0x16, 0x86,
    0x88, 0x53, 0xC0, 0x87, 0x23, 0x01, 0x1B, 0xE9, 0x5F, 0xC3, 0x30, 0xA5, 0x53, 0x2C, 0x85, 0x59,
    0x01, 0x45, 0x2E, 0x2C, 0x7A, 0x01, 0x3E, 0xE9, 0x2D, 0x55, 0xC4, 0xD2, 0x80, 0x00, 0xAE, 0xEF,
    0x25, 0x17, 0x5B, 0x13, 0xE7, 0x5E, 0xCE, 0x4C, 0xBF, 0x7E, 0x05, 0x18, 0xB6, 0x3D, 0xC9, 0xFA,
    0x77, 0x23, 0x08, 0x4A, 0x12, 0xBF, 0x5A, 0xB9, 0x1D, 0x22, 0x17, 0xFB, 0x22, 0xF5, 0x0B, 0xF6,
    0x4B, 0x57, 0xA2, 0xF2, 0x07, 0x50, 0x46, 0x86, 0x89, 0x1E, 0x97, 0xD5, 0xEE, 0xAC, 0x03, 0xAC,
    0x3A, 0x95, 0x4C, 0x7F, 0xA9, 0xD6, 0x43, 0x00, 0x9F, 0x84, 0xDB, 0xD7, 0x52, 0x27, 0xDE, 0x7B,
    0xC5, 0x6A, 0x06, 0xF8, 0xD0, 0x90, 0xA3, 0xEA, 0x95, 0xBD, 0x21, 0x15, 0xD2, 0x44, 0xE6, 0x71,
    0xAC, 0x55, 0x1B, 0x4E, 0x92, 0x2C, 0x1D, 0x95, 0x7A, 0x2F, 0x84, 0xDA, 0x76, 0x47, 0x17, 0x34,
    0xDF, 0xAE, 0x30, 0x00, 0x0A, 0x47, 0x2A, 0x75, 0xDC, 0xEC, 0x36, 0x7A, 0xAB, 0xB0, 0x74, 0xF8,
    0xBF, 0x92, 0x49, 0x26, 0xCD, 0x0A, 0xE2, 0x4E, 0x74, 0xF2, 0xB8, 0x8A, 0xD9, 0xF9, 0x67, 0xF0,
    0x37, 0x15, 0xB5, 0x43, 0x0C, 0xAA, 0xC5, 0x15, 0xE0, 0x4F, 0x05, 0x80, 0x86, 0x29, 0x00, 0x57,
    0x37, 0x39, 0x91, 0x59, 0xAD, 0x55, 0x09, 0x61, 0x35, 0x02, 0x68, 0xB1, 0x76, 0x49, 0x10, 0x42,
    0xF8, 0xCD, 0xB0, 0x2A, 0x88, 0x00, 0x35, 0x99, 0xEC, 0x23, 0x9E, 0x8B, 0x87, 0x06, 0x08, 0x16,
    0x1C, 0x85, 0xB4, 0xDB, 0x9F, 0xB3, 0x5A, 0xCD, 0xF6, 0x0D, 0xD6, 0x3F, 0xF1, 0xED, 0xA8, 0xE3,
    0x8C, 0x1F, 0x5C, 0xD1, 0x91, 0xF5, 0x27, 0xCB, 0xED, 0x7C, 0xAC, 0xDF, 0xAF, 0x4B, 0x0A, 0x7F,
    0xA8, 0x70, 0x05, 0x80, 0x00, 0x86, 0xBB, 0x93, 0x3D, 0xE1, 0x89, 0x25, 0x90, 0x2A, 0x0B, 0x1D,
    0x46, 0x84, 0xF5, 0xFE, 0x93, 0xE4, 0x6C, 0x14, 0x0A, 0x7D, 0xDF, 0xA0, 0x3C, 0x78, 0x8D, 0x4E,
    0x48, 0x3C, 0x71, 0x37, 0x07, 0x31, 0x97, 0x39, 0xDB, 0x40, 0xBC, 0x80, 0xAA, 0xF8, 0x3F, 0x58,
    0x86, 0x25, 0x00, 0x5C, 0x6A, 0x91, 0xAA, 0x94, 0xB2, 0xB5, 0x16, 0xB8, 0xCF, 0x7B, 0xDA, 0xB7,
    0x43, 0x3F, 0xA6, 0xB9, 0x19, 0xC0, 0x5E, 0xB5, 0x0C, 0xC6, 0xEC, 0xF2, 0x8A, 0xC1, 0x14, 0x25,
    0x20, 0x00, 0x96, 0xED, 0xCE, 0x72, 0x41, 0xC2, 0x9F, 0xFB, 0x4F, 0x29, 0x57, 0x2E, 0x68, 0x87,
    0x61, 0x64, 0x68, 0xB2, 0x10, 0xF6, 0x90, 0xE3, 0xB0, 0xCE, 0x1B, 0xBC, 0x52, 0xA0, 0xBF, 0x7E,
    0x40, 0x00, 0xB2, 0x4F, 0x47, 0xD7, 0x95, 0x12, 0xE1, 0xFB, 0x77, 0x1F, 0x53, 0x8A, 0xF9, 0x8C,
    0xAF, 0x42, 0x74, 0x29, 0x8A, 0x16, 0x80, 0xC4, 0x34, 0x5C, 0x3E, 0xFA, 0x08, 0x95, 0x57, 0x7C,
    0x05, 0x18, 0x15, 0x48, 0x0B, 0x0F, 0x40, 0xE3, 0x9F, 0x2A, 0x67, 0x44, 0x89, 0x54, 0xB9, 0x3C,
    0xD1, 0x35, 0x33, 0x70, 0x13, 0x48, 0xF0, 0x04, 0x89, 0x5B, 0xB6, 0x20, 0xA3, 0xED, 0x29, 0x18,
    0x87, 0x23, 0x01, 0xA8, 0x3A, 0xFC, 0xF4, 0x1E, 0x6D, 0xF9, 0x7A, 0x7E, 0x7E, 0x83, 0x9D, 0x30,
    0x60, 0x00, 0x00, 0x09, 0x4D, 0x50, 0x71, 0x21, 0x05, 0x33, 0xAB, 0x7D, 0x75, 0x45, 0x6E, 0xAA,
    0x2E, 0x2D, 0xC6, 0xD2, 0x18, 0xFB, 0xC1, 0x3A, 0x1B, 0x32, 0xF1, 0x42, 0xE7, 0x2D, 0x4B, 0xF2,
    0x48, 0x00, 0x10, 0x8D, 0x3B, 0x2D, 0x3D, 0x14, 0xF9, 0x2F, 0x85, 0x74, 0xCB, 0x9A, 0x36, 0x29,
    0x2C, 0x2B, 0x9C, 0x7F, 0x8D, 0xB3, 0xCF, 0x25, 0xAF, 0x17, 0x3D, 0x25, 0xB3, 0x58, 0x67, 0xE4,
    0x3C, 0xCC, 0x94, 0x58, 0x38, 0x1E, 0x81, 0xDE, 0xD9, 0xFF, 0xF0, 0x00, 0xA0, 0x81, 0x15, 0x84,
    0x45, 0xB7, 0x9A, 0xF8, 0x91, 0xD0, 0xB0, 0x41, 0x93, 0xFD, 0x52, 0xBC, 0xC3, 0xCB, 0xC9, 0x63,
    0xC6, 0x51, 0xE4, 0xD3, 0xB1, 0xA0, 0x8E, 0x0F, 0x4A, 0x9C, 0x15, 0x05, 0x81, 0x93, 0x18, 0x52,
    0x4A, 0x95, 0x11, 0x60, 0xE5, 0xBC, 0x0A, 0xCE, 0x33, 0x93, 0x02, 0xC9, 0xCC, 0x45, 0x77, 0x42,
    0x00, 0x4E, 0x11, 0x53, 0x21, 0xE5, 0x81, 0xBA, 0x6B, 0x50, 0x08, 0xF1, 0xB6, 0xDB, 0xD9, 0x1D,
    0xF5, 0xA6, 0x45, 0xAE, 0x8F, 0x69, 0xBD, 0x8B, 0xBE, 0x18, 0xE1, 0xD9, 0x60, 0xA5, 0x1E, 0x76,
    0x09, 0xCD, 0x7E, 0x94, 0x00, 0x0E, 0xEF, 0x5C, 0x80, 0x90, 0x73, 0x78, 0x76, 0x65, 0xB9, 0x3B,
    0xD2, 0x03, 0x27, 0xD3, 0x84, 0x02, 0xE2, 0x6F, 0x8B, 0x26, 0x79, 0x3F, 0xFD, 0x60, 0x02, 0xF3,
    0x5A, 0x53, 0x86, 0x7D, 0x00, 0x44, 0x63, 0xDE, 0x53, 0x88, 0x76, 0x2D, 0x0F, 0x23, 0xE7, 0xAA,
    0x32, 0x3C, 0x09, 0xD0, 0xA4, 0x43, 0x59, 0x68, 0xCF, 0x60, 0x4F, 0x85, 0xA9, 0x95, 0x51, 0x0D,
    0x09, 0x7F, 0xB4, 0x17, 0xF6, 0x28, 0xAF, 0xB7, 0xC3, 0xF7, 0x43, 0x54, 0xC3, 0x3D, 0xBE, 0x7D,
    0x6C, 0x6C, 0x83, 0x24, 0x02, 0x73, 0xA7, 0x86, 0x84, 0xA2, 0x71, 0x2B, 0x39, 0xF8, 0x14, 0x24,
    0x8D, 0x41, 0xEB, 0xF0, 0xE0, 0x54, 0x95, 0x3C, 0x33, 0xB0, 0xB5, 0x0A, 0x3F, 0x46, 0xEA, 0x03,
    0x23, 0xD7, 0xE9, 0xFF, 0x6C, 0xF0, 0x87, 0x52, 0x02, 0x77, 0x9D, 0x24, 0xE3, 0xD0, 0xAB, 0x14,
    0x1E, 0xB5, 0x55, 0xB7, 0xA8, 0x9A, 0x0A, 0xA0, 0x90, 0xD2, 0x1E, 0x87, 0x1F, 0x00, 0xB5, 0x61,
    0x40, 0x00, 0x23, 0xF0, 0x58, 0xCA, 0x5C, 0x2B, 0xD4, 0x8F, 0xF3, 0xB3, 0xC4, 0xD8, 0x53, 0xF4,
    0x36, 0xC4, 0xA3, 0x78, 0x6F, 0x1C, 0xBF, 0xD2, 0xAD, 0x02, 0x11, 0xB9, 0xFA, 0xEE, 0x4C, 0xCB,
    0x97, 0xD9, 0x40, 0x7C, 0xE6, 0x86, 0xCC, 0x29, 0xEB, 0xE3, 0xC5, 0x27, 0xFA, 0x1C, 0x3C, 0x45,
    0xCE, 0xB8, 0x00, 0x2A, 0x9B, 0x15, 0x42, 0x62, 0x16, 0xFA, 0x16, 0x5F, 0xB3, 0x0F, 0x85, 0x4C,
    0xE7, 0xE1, 0x71, 0xB7, 0x6F, 0xCE, 0x6B, 0xFF, 0x22, 0x96, 0xE6, 0x23, 0xED, 0x9E, 0x36, 0x60,
    0x47, 0x6F, 0x5E, 0xB8, 0xD2, 0x28, 0x0E, 0x92, 0x34, 0x6A, 0x54, 0x87, 0x27, 0x04, 0x40, 0x28,
    0x16, 0x0D, 0x6C, 0xA5, 0x9C, 0xB9, 0x57, 0x10, 0xB5, 0xEC, 0x90, 0x00, 0x22, 0x34, 0xD9, 0x58,
    0x22, 0x51, 0xFA, 0x37, 0x87, 0x65, 0xB4, 0xF2, 0x62, 0xB7, 0x31, 0x17, 0x39, 0xA9, 0xA5, 0xEE,
    0x8B, 0x5F, 0xB1, 0xFD, 0x17, 0x94, 0x50, 0xA3, 0x07, 0x4B, 0x0B, 0x73, 0x52, 0xC2, 0x4A, 0x4D,
    0xB5, 0xAF, 0xF3, 0x48, 0x81, 0x26, 0x57, 0xF9, 0xE5, 0x5B, 0x5B, 0xF5, 0x3A, 0xF7, 0x7E, 0x78,
    0x9C, 0x73, 0x2A, 0x55, 0x98, 0x5A, 0x40, 0x87, 0x29, 0x04, 0x5D, 0x7C, 0x0D, 0x04, 0xF0, 0x69,
    0x8E, 0x72, 0x3D, 0xAE, 0x21, 0xE2, 0xF9, 0xB5, 0x79, 0x36, 0x9D, 0x69, 0xEB, 0x46, 0xEF, 0x20,
    0xD9, 0xB9, 0x78, 0x00, 0x2B, 0xBD, 0xD6, 0x55, 0x44, 0x39, 0xC7, 0xE9, 0x20, 0x64, 0x75, 0xCF,
    0x0C, 0xEF, 0xB2, 0x01, 0x07, 0x29, 0xF3, 0x66, 0x9C, 0xFA, 0xBD, 0x16, 0xD1, 0xE8, 0x2E, 0x70,
    0x67, 0x37, 0xA6, 0x4E, 0xE4, 0x36, 0x65, 0xB4, 0x0A, 0x55, 0x00, 0x44, 0x00, 0x59, 0xCB, 0x85,
    0xED, 0xD1, 0x86, 0x47, 0x71, 0x64, 0xF0, 0x5A, 0x8C, 0x9D, 0x5F, 0x9C, 0xE7, 0x64, 0x63, 0x7C,
    0xF3, 0xFE, 0xC9, 0x38, 0xFF, 0xAF, 0x09, 0x1A, 0xFD, 0x31, 0x78, 0x38, 0x31, 0xE7, 0xE7, 0x36,
    0x98, 0x87, 0x25, 0x16, 0xE3, 0x4E, 0x81, 0xCB, 0xC3, 0xA3, 0x47, 0xE8, 0x06, 0x3A, 0x7E, 0x3C,
    0xB8, 0x18, 0xE1, 0x7E, 0xA0, 0x32, 0x97, 0x1C, 0x41, 0xFF, 0xAF, 0x40, 0xE0, 0x00, 0xCE, 0x1E,
    0xAC, 0x0D, 0x8F, 0x3B, 0xA7, 0x70, 0xE8, 0x6D, 0xAF, 0x3B, 0x8A, 0xA6, 0xC2, 0x52, 0xCC, 0xA1,
    0xCD, 0x2B, 0xF8, 0x1D, 0xA0, 0xF2, 0x57, 0x9A, 0x29, 0x91, 0x96, 0xD6, 0x19, 0x7A, 0xE0, 0x36,
    0x1B, 0xF7, 0xC8, 0x81, 0x05, 0xF9, 0xE4, 0x99, 0x06, 0xCB, 0x96, 0xC4, 0x53, 0x91, 0x7A, 0x65,
    0x7B, 0xE9, 0xA4, 0x70,
};

static const EpdGlyph notosans_16_boldGlyphs[] = {
    { 0, 0, 0, 0, 0, 0, 0 }, // U+0000
    { 0, 0, 139, 0, 0, 0, 0 }, // U+000D
    { 0, 0, 139, 0, 0, 0, 0 }, // U+0020
    { 7, 25, 150, 1, 24, 16, 0 }, // !
    { 12, 9, 255, 2, 24, 14, 16 }, // "
    { 21, 24, 344, 0, 24, 44, 30 }, // #
    { 17, 28, 305, 1, 26, 50, 74 }, // $
    { 29, 26, 481, 1, 25, 57, 124 }, // %
    { 24, 26, 400, 1, 25, 49, 181 }, // &
    { 5, 9, 142, 2, 24, 7, 230 }, // '
    { 10, 30, 181, 1, 24, 21, 237 }, // (
    { 9, 30, 181, 1, 24, 20, 258 }, // )
    { 18, 17, 289, 0, 26, 30, 278 }, // *
    { 17, 17, 305, 1, 20, 20, 308 }, // +
    { 7, 9, 152, 1, 4, 8, 328 }, // ,
    { 10, 5, 171, 0, 11, 6, 336 }, // -
    { 7, 7, 150, 1, 6, 7, 342 }, // .
    { 14, 25, 221, 0, 24, 19, 349 }, // /
    { 18, 26, 322, 1, 25, 30, 368 }, // 0
    { 13, 24, 276, 0, 24, 17, 398 }, // 1
    { 17, 25, 298, 1, 25, 28, 415 }, // 2
    { 17, 26, 305, 1, 25, 35, 443 }, // 3
    { 19, 24, 310, 0, 24, 30, 478 }, // 4
    { 17, 25, 308, 1, 24, 29, 508 }, // 5
    { 18, 26, 321, 1, 25, 35, 537 }, // 6
    { 18, 24, 285, 0, 24, 22, 572 }, // 7
    { 18, 26, 317, 1, 25, 43, 594 }, // 8
    { 18, 26, 321, 1, 25, 35, 637 }, // 9
    { 7, 20, 150, 1, 19, 13, 672 }, // :
    { 7, 24, 152, 1, 19, 13, 685 }, // ;
    { 17, 18, 305, 1, 21, 28, 698 }, // <
    { 17, 11, 305, 1, 17, 15, 726 }, // =
    { 17, 18, 305, 1, 21, 34, 741 }, // >
    { 16, 26, 254, 0, 25, 27, 775 }, // ?
    { 28, 27, 479, 1, 24, 66, 802 }, // @
    { 24, 24, 369, 0, 24, 37, 868 }, // A
    { 19, 24, 355, 2, 24, 32, 905 }, // B
    { 20, 26, 342, 1, 25, 30, 937 }, // C
    { 21, 24, 390, 2, 24, 27, 967 }, // D
    { 14, 24, 299, 3, 24, 19, 994 }, // E
    { 14, 24, 293, 3, 24, 14, 1013 }, // F
    { 21, 26, 386, 1, 25, 35, 1027 }, // G
    { 20, 24, 408, 3, 24, 25, 1062 }, // H
    { 11, 24, 207, 1, 24, 17, 1087 }, // I
    { 12, 31, 177, -3, 24, 16, 1104 }, // J
    { 20, 24, 354, 3, 24, 30, 1120 }, // K
    { 16, 24, 298, 2, 24, 13, 1150 }, // L
    { 26, 24, 503, 3, 24, 47, 1163 }, // M
    { 22, 24, 434, 3, 24, 37, 1210 }, // N
    { 24, 26, 422, 1, 25, 36, 1247 }, // O
    { 18, 24, 331, 2, 24, 23, 1283 }, // P
    { 24, 31, 422, 1, 25, 19, 1306 }, // Q
    { 20, 24, 350, 2, 24, 32, 1325 }, // R
    { 17, 26, 294, 1, 25, 33, 1357 }, // S
    { 19, 24, 308, 0, 24, 16, 1390 }, // T
    { 21, 25, 403, 2, 24, 26, 1406 }, // U
    { 22, 24, 347, 0, 24, 31, 1432 }, // V
    { 33, 24, 516, 0, 24, 56, 1463 }, // W
    { 23, 24, 357, 0, 24, 37, 1519 }, // X
    { 21, 24, 334, 0, 24, 25, 1556 }, // Y
    { 19, 24, 309, 0, 24, 26, 1581 }, // Z
    { 9, 30, 177, 2, 24, 18, 1607 }, // [
    { 14, 25, 221, 0, 24, 22, 1625 }, // <backslash>
    { 9, 30, 177, 0, 24, 19, 1647 }, // ]
    { 19, 16, 305, 0, 24, 23, 1666 }, // ^
    { 15, 3, 219, -1, -3, 5, 1689 }, // _
    { 10, 6, 195, 1, 26, 8, 1694 }, // `
    { 17, 20, 319, 1, 19, 34, 1702 }, // a
    { 18, 27, 337, 2, 26, 33, 1736 }, // b
    { 16, 20, 275, 1, 19, 26, 1769 }, // c
    { 18, 27, 337, 1, 26, 35, 1795 }, // d
    { 18, 20, 318, 1, 19, 30, 1830 }, // e
    { 15, 26, 206, 0, 26, 26, 1860 }, // f
    { 18, 27, 337, 1, 19, 24, 1886 }, // g
    { 18, 26, 347, 2, 26, 27, 1910 }, // h
    { 6, 26, 159, 2, 26, 17, 1937 }, // i
    { 10, 34, 159, -2, 26, 22, 1954 }, // j
    { 19, 26, 331, 2, 26, 34, 1976 }, // k
    { 6, 26, 159, 2, 26, 14, 2010 }, // l
    { 29, 19, 520, 2, 19, 35, 2024 }, // m
    { 18, 19, 347, 2, 19, 10, 2059 }, // n
    { 19, 20, 333, 1, 19, 28, 2069 }, // o
    { 18, 27, 337, 2, 19, 17, 2097 }, // p
    { 18, 27, 337, 1, 19, 17, 2114 }, // q
    { 13, 19, 238, 2, 19, 17, 2131 }, // r
    { 15, 20, 268, 1, 19, 32, 2148 }, // s
    { 14, 24, 231, 0, 23, 21, 2180 }, // t
    { 18, 20, 347, 2, 19, 22, 2201 }, // u
    { 20, 19, 304, 0, 19, 25, 2223 }, // v
    { 29, 19, 456, 0, 19, 43, 2248 }, // w
    { 20, 19, 308, 0, 19, 28, 2291 }, // x
    { 20, 27, 304, 0, 19, 29, 2319 }, // y
    { 15, 19, 263, 1, 19, 20, 2348 }, // z
    { 12, 30, 210, 0, 24, 27, 2368 }, // {
    { 4, 34, 294, 7, 26, 15, 2395 }, // |
    { 12, 30, 210, 1, 24, 26, 2410 }, // }
    { 17, 7, 305, 1, 15, 16, 2436 }, // ~
    { 0, 0, 139, 0, 0, 0, 2452 }, // U+00A0
    { 7, 25, 153, 1, 19, 15, 2452 }, // U+00A1
    { 15, 26, 305, 2, 25, 27, 2467 }, // U+00A2
    { 18, 25, 305, 1, 25, 29, 2494 }, // U+00A3
    { 17, 16, 303, 1, 20, 32, 2523 }, // U+00A4
    { 19, 24, 305, 0, 24, 36, 2555 }, // U+00A5
    { 4, 34, 294, 7, 26, 10, 2591 }, // U+00A6
    { 14, 27, 259, 1, 26, 40, 2601 }, // U+00A7
    { 12, 6, 316, 4, 26, 11, 2641 }, // U+00A8
    { 26, 26, 444, 1, 25, 56, 2652 }, // U+00A9
    { 12, 13, 203, 0, 25, 22, 2708 }, // U+00AA
    { 19, 16, 327, 1, 17, 32, 2730 }, // U+00AB
    { 17, 10, 305, 1, 14, 11, 2762 }, // U+00AC
    { 10, 5, 171, 0, 11, 4, 2773 }, // U+00AD
    { 26, 26, 444, 1, 25, 38, 2777 }, // U+00AE
    { 18, 4, 267, -1, 29, 9, 2815 }, // U+00AF
    { 12, 13, 226, 1, 25, 17, 2824 }, // U+00B0
    { 17, 21, 305, 1, 21, 17, 2841 }, // U+00B1
    { 12, 16, 202, 0, 29, 19, 2858 }, // U+00B2
    { 12, 16, 203, 0, 29, 24, 2877 }, // U+00B3
    { 10, 6, 195, 1, 26, 6, 2901 }, // U+00B4
    { 18, 27, 348, 2, 19, 25, 2907 }, // U+00B5
    { 18, 31, 346, 1, 26, 33, 2932 }, // U+00B6
    { 7, 7, 150, 1, 15, 5, 2965 }, // U+00B7
    { 9, 8, 140, 0, 0, 11, 2970 }, // U+00B8
    { 9, 16, 203, 1, 29, 12, 2981 }, // U+00B9
    { 12, 13, 206, 0, 25, 17, 2993 }, // U+00BA
    { 19, 16, 327, 1, 17, 29, 3010 }, // U+00BB
    { 28, 24, 443, 0, 24, 48, 3039 }, // U+00BC
    { 28, 24, 466, 0, 24, 40, 3087 }, // U+00BD
    { 27, 25, 451, 1, 25, 58, 3127 }, // U+00BE
    { 16, 25, 254, 0, 19, 29, 3185 }, // U+00BF
    { 24, 32, 369, 0, 32, 38, 3214 }, // U+00C0
    { 24, 32, 369, 0, 32, 18, 3252 }, // U+00C1
    { 24, 32, 369, 0, 32, 20, 3270 }, // U+00C2
    { 24, 32, 369, 0, 32, 21, 3290 }, // U+00C3
    { 24, 32, 369, 0, 32, 22, 3311 }, // U+00C4
    { 24, 29, 369, 0, 29, 18, 3333 }, // U+00C5
    { 30, 24, 508, 0, 24, 44, 3351 }, // U+00C6
    { 20, 33, 342, 1, 25, 21, 3395 }, // U+00C7
    { 14, 32, 299, 3, 32, 23, 3416 }, // U+00C8
    { 14, 32, 299, 3, 32, 15, 3439 }, // U+00C9
    { 14, 32, 299, 3, 32, 18, 3454 }, // U+00CA
    { 14, 32, 299, 3, 32, 16, 3472 }, // U+00CB
    { 12, 32, 207, 0, 32, 26, 3488 }, // U+00CC
    { 12, 32, 207, 1, 32, 24, 3514 }, // U+00CD
    { 15, 32, 207, -1, 32, 28, 3538 }, // U+00CE
    { 13, 32, 207, 0, 32, 27, 3566 }, // U+00CF
    { 23, 24, 390, 0, 24, 34, 3593 }, // U+00D0
    { 22, 32, 429, 3, 32, 36, 3627 }, // U+00D1
    { 24, 33, 422, 1, 32, 18, 3663 }, // U+00D2
    { 24, 33, 422, 1, 32, 17, 3681 }, // U+00D3
    { 24, 33, 422, 1, 32, 21, 3698 }, // U+00D4
    { 24, 33, 422, 1, 32, 22, 3719 }, // U+00D5
    { 24, 33, 422, 1, 32, 20, 3741 }, // U+00D6
    { 15, 16, 305, 2, 20, 29, 3761 }, // U+00D7
    { 24, 28, 422, 1, 26, 26, 3790 }, // U+00D8
    { 21, 33, 403, 2, 32, 28, 3816 }, // U+00D9
    { 21, 33, 403, 2, 32, 16, 3844 }, // U+00DA
    { 21, 33, 403, 2, 32, 18, 3860 }, // U+00DB
    { 21, 33, 403, 2, 32, 19, 3878 }, // U+00DC
    { 21, 32, 334, 0, 32, 32, 3897 }, // U+00DD
    { 17, 24, 335, 3, 24, 22, 3929 }, // U+00DE
    { 21, 27, 375, 2, 26, 42, 3951 }, // U+00DF
    { 17, 27, 319, 1, 26, 15, 3993 }, // U+00E0
    { 17, 27, 319, 1, 26, 15, 4008 }, // U+00E1
    { 17, 27, 319, 1, 26, 19, 4023 }, // U+00E2
    { 17, 27, 319, 1, 26, 20, 4042 }, // U+00E3
    { 17, 27, 319, 1, 26, 18, 4062 }, // U+00E4
    { 17, 29, 319, 1, 28, 23, 4080 }, // U+00E5
    { 29, 20, 489, 1, 19, 55, 4103 }, // U+00E6
    { 16, 27, 275, 1, 19, 20, 4158 }, // U+00E7
    { 18, 27, 318, 1, 26, 15, 4178 }, // U+00E8
    { 18, 27, 318, 1, 26, 14, 4193 }, // U+00E9
    { 18, 27, 318, 1, 26, 19, 4207 }, // U+00EA
    { 18, 27, 318, 1, 26, 18, 4226 }, // U+00EB
    { 11, 26, 159, -1, 26, 18, 4244 }, // U+00EC
    { 10, 26, 159, 2, 26, 15, 4262 }, // U+00ED
    { 14, 26, 159, -2, 26, 21, 4277 }, // U+00EE
    { 12, 26, 159, -1, 26, 18, 4298 }, // U+00EF
    { 19, 27, 334, 1, 26, 42, 4316 }, // U+00F0
    { 18, 26, 347, 2, 26, 26, 4358 }, // U+00F1
    { 19, 27, 333, 1, 26, 16, 4384 }, // U+00F2
    { 19, 27, 333, 1, 26, 14, 4400 }, // U+00F3
    { 19, 27, 333, 1, 26, 18, 4414 }, // U+00F4
    { 19, 27, 333, 1, 26, 19, 4432 }, // U+00F5
    { 19, 27, 333, 1, 26, 17, 4451 }, // U+00F6
    { 17, 17, 305, 1, 20, 18, 4468 }, // U+00F7
    { 19, 22, 330, 1, 20, 27, 4486 }, // U+00F8
    { 18, 27, 347, 2, 26, 14, 4513 }, // U+00F9
    { 18, 27, 347, 2, 26, 14, 4527 }, // U+00FA
    { 18, 27, 347, 2, 26, 18, 4541 }, // U+00FB
    { 18, 27, 347, 2, 26, 17, 4559 }, // U+00FC
    { 20, 34, 304, 0, 26, 18, 4576 }, // U+00FD
    { 18, 34, 337, 2, 26, 16, 4594 }, // U+00FE
    { 20, 34, 304, 0, 26, 21, 4610 }, // U+00FF
    { 24, 30, 369, 0, 30, 15, 4631 }, // U+0100
    { 17, 25, 319, 1, 24, 16, 4646 }, // U+0101
    { 24, 32, 369, 0, 32, 21, 4662 }, // U+0102
    { 17, 27, 319, 1, 26, 19, 4683 }, // U+0103
    { 24, 32, 369, 0, 24, 21, 4702 }, // U+0104
    { 17, 27, 319, 1, 19, 18, 4723 }, // U+0105
    { 20, 33, 342, 1, 32, 16, 4741 }, // U+0106
    { 16, 27, 275, 1, 26, 14, 4757 }, // U+0107
    { 20, 33, 342, 1, 32, 19, 4771 }, // U+0108
    { 16, 27, 275, 1, 26, 18, 4790 }, // U+0109
    { 20, 33, 342, 1, 32, 15, 4808 }, // U+010A
    { 16, 27, 275, 1, 26, 13, 4823 }, // U+010B
    { 20, 33, 342, 1, 32, 19, 4836 }, // U+010C
    { 17, 27, 275, 1, 26, 36, 4855 }, // U+010D
    { 21, 32, 390, 2, 32, 36, 4891 }, // U+010E
    { 25, 27, 337, 1, 26, 41, 4927 }, // U+010F
    { 23, 24, 390, 0, 24, 10, 4968 }, // U+0110
    { 21, 27, 344, 1, 26, 43, 4978 }, // U+0111
    { 14, 30, 299, 3, 30, 13, 5021 }, // U+0112
    { 18, 25, 318, 1, 24, 16, 5034 }, // U+0113
    { 14, 32, 299, 3, 32, 16, 5050 }, // U+0114
    { 18, 27, 318, 1, 26, 18, 5066 }, // U+0115
    { 14, 32, 299, 3, 32, 13, 5084 }, // U+0116
    { 18, 27, 318, 1, 26, 15, 5097 }, // U+0117
    { 14, 32, 299, 3, 24, 16, 5112 }, // U+0118
    { 18, 27, 315, 1, 19, 18, 5128 }, // U+0119
    { 15, 32, 299, 3, 32, 31, 5146 }, // U+011A
    { 18, 27, 318, 1, 26, 17, 5177 }, // U+011B
    { 21, 33, 386, 1, 32, 21, 5194 }, // U+011C
    { 18, 34, 337, 1, 26, 21, 5215 }, // U+011D
    { 21, 33, 386, 1, 32, 21, 5236 }, // U+011E
    { 18, 34, 337, 1, 26, 21, 5257 }, // U+011F
    { 21, 33, 386, 1, 32, 16, 5278 }, // U+0120
    { 18, 34, 337, 1, 26, 16, 5294 }, // U+0121
    { 21, 33, 386, 1, 25, 16, 5310 }, // U+0122
    { 18, 34, 337, 1, 26, 16, 5326 }, // U+0123
    { 20, 32, 408, 3, 32, 26, 5342 }, // U+0124
    { 22, 33, 347, -2, 33, 41, 5368 }, // U+0125
    { 26, 24, 408, 0, 24, 37, 5409 }, // U+0126
    { 20, 26, 350, 0, 26, 38, 5446 }, // U+0127
    { 15, 32, 207, -2, 32, 30, 5484 }, // U+0128
    { 14, 26, 159, -2, 26, 19, 5514 }, // U+0129
    { 12, 30, 207, 0, 30, 13, 5533 }, // U+012A
    { 12, 24, 159, -1, 24, 15, 5546 }, // U+012B
    { 14, 32, 207, 0, 32, 28, 5561 }, // U+012C
    { 14, 26, 159, -2, 26, 17, 5589 }, // U+012D
    { 11, 32, 207, 1, 24, 17, 5606 }, // U+012E
    { 7, 34, 159, 1, 26, 24, 5623 }, // U+012F
    { 11, 32, 207, 1, 32, 21, 5647 }, // U+0130
    { 6, 19, 159, 2, 19, 4, 5668 }, // U+0131
    { 21, 31, 385, 1, 24, 35, 5672 }, // U+0132
    { 16, 34, 325, 2, 26, 37, 5707 }, // U+0133
    { 16, 39, 177, -3, 32, 25, 5744 }, // U+0134
    { 14, 34, 159, -2, 26, 23, 5769 }, // U+0135
    { 20, 32, 352, 3, 24, 16, 5792 }, // U+0136
    { 19, 34, 331, 2, 26, 16, 5808 }, // U+0137
    { 19, 19, 331, 2, 19, 18, 5824 }, // U+0138
    { 16, 32, 298, 2, 32, 14, 5842 }, // U+0139
    { 10, 33, 159, 2, 33, 19, 5856 }, // U+013A
    { 16, 32, 298, 2, 24, 11, 5875 }, // U+013B
    { 6, 34, 159, 2, 26, 9, 5886 }, // U+013C
    { 17, 24, 298, 2, 24, 18, 5895 }, // U+013D
    { 13, 26, 159, 2, 26, 17, 5913 }, // U+013E
    { 16, 24, 298, 2, 24, 12, 5930 }, // U+013F
    { 12, 26, 197, 2, 26, 23, 5942 }, // U+0140
    { 18, 24, 301, 0, 24, 21, 5965 }, // U+0141
    { 12, 26, 163, -1, 26, 22, 5986 }, // U+0142
    { 22, 32, 429, 3, 32, 20, 6008 }, // U+0143
    { 18, 26, 347, 2, 26, 23, 6028 }, // U+0144
    { 22, 32, 429, 3, 24, 18, 6051 }, // U+0145
    { 18, 27, 347, 2, 19, 17, 6069 }, // U+0146
    { 22, 32, 429, 3, 32, 22, 6086 }, // U+0147
    { 18, 26, 347, 2, 26, 25, 6108 }, // U+0148
    { 25, 24, 413, -1, 24, 33, 6133 }, // U+0149
    { 22, 31, 434, 3, 24, 31, 6166 }, // U+014A
    { 18, 27, 347, 2, 19, 17, 6197 }, // U+014B
    { 24, 31, 422, 1, 30, 16, 6214 }, // U+014C
    { 19, 25, 333, 1, 24, 14, 6230 }, // U+014D
    { 24, 33, 422, 1, 32, 21, 6244 }, // U+014E
    { 19, 27, 333, 1, 26, 18, 6265 }, // U+014F
    { 24, 33, 422, 1, 32, 22, 6283 }, // U+0150
    { 19, 27, 333, 1, 26, 19, 6305 }, // U+0151
    { 30, 26, 519, 1, 25, 44, 6324 }, // U+0152
    { 31, 20, 522, 1, 19, 51, 6368 }, // U+0153
    { 20, 32, 350, 2, 32, 36, 6419 }, // U+0154
    { 14, 26, 238, 2, 26, 24, 6455 }, // U+0155
    { 20, 32, 350, 2, 24, 16, 6479 }, // U+0156
    { 13, 27, 238, 2, 19, 12, 6495 }, // U+0157
    { 20, 32, 350, 2, 32, 18, 6507 }, // U+0158
    { 15, 26, 238, 1, 26, 30, 6525 }, // U+0159
    { 17, 33, 294, 1, 32, 15, 6555 }, // U+015A
    { 15, 27, 268, 1, 26, 15, 6570 }, // U+015B
    { 17, 33, 294, 1, 32, 20, 6585 }, // U+015C
    { 15, 27, 268, 1, 26, 19, 6605 }, // U+015D
    { 17, 33, 294, 1, 25, 19, 6624 }, // U+015E
    { 15, 27, 268, 1, 19, 20, 6643 }, // U+015F
    { 17, 33, 294, 1, 32, 20, 6663 }, // U+0160
    { 15, 27, 268, 1, 26, 19, 6683 }, // U+0161
    { 19, 32, 308, 0, 24, 18, 6702 }, // U+0162
    { 14, 31, 231, 0, 23, 20, 6720 }, // U+0163
    { 19, 32, 308, 0, 32, 21, 6740 }, // U+0164
    { 19, 27, 231, 0, 26, 26, 6761 }, // U+0165
    { 19, 24, 308, 0, 24, 12, 6787 }, // U+0166
    { 14, 24, 231, 0, 23, 14, 6799 }, // U+0167
    { 21, 33, 403, 2, 32, 19, 6813 }, // U+0168
    { 18, 27, 347, 2, 26, 18, 6832 }, // U+0169
    { 21, 31, 403, 2, 30, 13, 6850 }, // U+016A
    { 18, 25, 347, 2, 24, 14, 6863 }, // U+016B
    { 21, 33, 403, 2, 32, 19, 6877 }, // U+016C
    { 18, 27, 347, 2, 26, 16, 6896 }, // U+016D
    { 21, 35, 403, 2, 34, 23, 6912 }, // U+016E
    { 18, 29, 347, 2, 28, 19, 6935 }, // U+016F
    { 21, 33, 403, 2, 32, 20, 6954 }, // U+0170
    { 18, 27, 347, 2, 26, 18, 6974 }, // U+0171
    { 21, 32, 403, 2, 24, 17, 6992 }, // U+0172
    { 18, 27, 347, 2, 19, 16, 7009 }, // U+0173
    { 33, 32, 516, 0, 32, 60, 7025 }, // U+0174
    { 29, 26, 460, 0, 26, 22, 7085 }, // U+0175
    { 21, 32, 334, 0, 32, 21, 7107 }, // U+0176
    { 20, 34, 304, 0, 26, 21, 7128 }, // U+0177
    { 21, 32, 334, 0, 32, 20, 7149 }, // U+0178
    { 19, 32, 309, 0, 32, 30, 7169 }, // U+0179
    { 15, 26, 263, 1, 26, 12, 7199 }, // U+017A
    { 19, 32, 309, 0, 32, 15, 7211 }, // U+017B
    { 15, 26, 263, 1, 26, 12, 7226 }, // U+017C
    { 19, 32, 309, 0, 32, 17, 7238 }, // U+017D
    { 15, 26, 263, 1, 26, 17, 7255 }, // U+017E
    { 12, 26, 204, 2, 26, 19, 7272 }, // U+017F
    { 28, 27, 438, 1, 26, 42, 7291 }, // U+01A0
    { 23, 22, 363, 1, 21, 32, 7333 }, // U+01A1
    { 28, 27, 472, 2, 26, 33, 7365 }, // U+01AF
    { 25, 22, 404, 2, 21, 28, 7398 }, // U+01B0
    { 41, 32, 698, 2, 32, 64, 7426 }, // U+01C4
    { 39, 26, 653, 2, 26, 56, 7490 }, // U+01C5
    { 36, 27, 600, 1, 26, 67, 7546 }, // U+01C6
    { 25, 31, 478, 2, 24, 29, 7613 }, // U+01C7
    { 25, 34, 464, 2, 26, 30, 7642 }, // U+01C8
    { 16, 34, 325, 2, 26, 21, 7672 }, // U+01C9
    { 33, 31, 610, 3, 24, 52, 7693 }, // U+01CA
    { 32, 34, 596, 3, 26, 58, 7745 }, // U+01CB
    { 28, 34, 513, 2, 26, 46, 7803 }, // U+01CC
    { 24, 32, 369, 0, 32, 21, 7849 }, // U+01CD
    { 17, 27, 319, 1, 26, 18, 7870 }, // U+01CE
    { 15, 32, 207, -1, 32, 21, 7888 }, // U+01CF
    { 15, 26, 159, -2, 26, 22, 7909 }, // U+01D0
    { 24, 33, 422, 1, 32, 21, 7931 }, // U+01D1
    { 19, 27, 333, 1, 26, 17, 7952 }, // U+01D2
    { 21, 33, 403, 2, 32, 20, 7969 }, // U+01D3
    { 18, 27, 347, 2, 26, 17, 7989 }, // U+01D4
    { 21, 36, 403, 2, 35, 21, 8006 }, // U+01D5
    { 18, 30, 347, 2, 29, 23, 8027 }, // U+01D6
    { 21, 36, 403, 2, 35, 23, 8050 }, // U+01D7
    { 18, 31, 347, 2, 30, 23, 8073 }, // U+01D8
    { 21, 36, 403, 2, 35, 28, 8096 }, // U+01D9
    { 18, 31, 347, 2, 30, 27, 8124 }, // U+01DA
    { 21, 36, 403, 2, 35, 23, 8151 }, // U+01DB
    { 18, 31, 347, 2, 30, 24, 8174 }, // U+01DC
    { 18, 20, 318, 1, 19, 30, 8198 }, // U+01DD
    { 24, 35, 369, 0, 35, 23, 8228 }, // U+01DE
    { 17, 30, 319, 1, 29, 26, 8251 }, // U+01DF
    { 24, 35, 369, 0, 35, 20, 8277 }, // U+01E0
    { 17, 30, 319, 1, 29, 24, 8297 }, // U+01E1
    { 30, 30, 508, 0, 30, 18, 8321 }, // U+01E2
    { 29, 25, 489, 1, 24, 20, 8339 }, // U+01E3
    { 23, 26, 386, 1, 25, 42, 8359 }, // U+01E4
    { 20, 27, 339, 1, 19, 46, 8401 }, // U+01E5
    { 21, 33, 386, 1, 32, 21, 8447 }, // U+01E6
    { 18, 34, 337, 1, 26, 22, 8468 }, // U+01E7
    { 20, 32, 352, 3, 32, 37, 8490 }, // U+01E8
    { 23, 33, 331, -2, 33, 46, 8527 }, // U+01E9
    { 24, 33, 422, 1, 25, 21, 8573 }, // U+01EA
    { 19, 27, 333, 1, 19, 19, 8594 }, // U+01EB
    { 24, 38, 422, 1, 30, 22, 8613 }, // U+01EC
    { 19, 32, 333, 1, 24, 17, 8635 }, // U+01ED
    { 19, 33, 315, 0, 32, 45, 8652 }, // U+01EE
    { 19, 34, 310, 0, 26, 45, 8697 }, // U+01EF
    { 15, 34, 159, -2, 26, 22, 8742 }, // U+01F0
    { 41, 24, 698, 2, 24, 15, 8764 }, // U+01F1
    { 38, 24, 653, 2, 24, 46, 8779 }, // U+01F2
    { 36, 27, 600, 1, 26, 19, 8825 }, // U+01F3
    { 21, 33, 386, 1, 32, 17, 8844 }, // U+01F4
    { 18, 34, 337, 1, 26, 16, 8861 }, // U+01F5
    { 30, 25, 559, 3, 24, 32, 8877 }, // U+01F6
    { 18, 33, 360, 3, 25, 32, 8909 }, // U+01F7
    { 22, 32, 429, 3, 32, 21, 8941 }, // U+01F8
    { 18, 26, 347, 2, 26, 23, 8962 }, // U+01F9
    { 24, 32, 368, 0, 32, 45, 8985 }, // U+01FA
    { 17, 34, 319, 1, 33, 31, 9030 }, // U+01FB
    { 30, 32, 508, 0, 32, 20, 9061 }, // U+01FC
    { 29, 27, 489, 1, 26, 20, 9081 }, // U+01FD
    { 24, 34, 422, 1, 32, 20, 9101 }, // U+01FE
    { 19, 28, 330, 1, 26, 17, 9121 }, // U+01FF
    { 24, 32, 369, 0, 32, 23, 9138 }, // U+0200
    { 17, 27, 319, 1, 26, 19, 9161 }, // U+0201
    { 24, 32, 369, 0, 32, 20, 9180 }, // U+0202
    { 17, 27, 319, 1, 26, 19, 9200 }, // U+0203
    { 16, 32, 299, 1, 32, 33, 9219 }, // U+0204
    { 18, 27, 318, 1, 26, 19, 9252 }, // U+0205
    { 14, 32, 299, 3, 32, 18, 9271 }, // U+0206
    { 18, 27, 318, 1, 26, 18, 9289 }, // U+0207
    { 15, 32, 207, -3, 32, 32, 9307 }, // U+0208
    { 15, 26, 159, -4, 26, 24, 9339 }, // U+0209
    { 13, 32, 207, 0, 32, 19, 9363 }, // U+020A
    { 14, 26, 159, -2, 26, 15, 9382 }, // U+020B
    { 24, 33, 422, 1, 32, 23, 9397 }, // U+020C
    { 19, 27, 333, 1, 26, 21, 9420 }, // U+020D
    { 24, 33, 422, 1, 32, 20, 9441 }, // U+020E
    { 19, 27, 333, 1, 26, 18, 9461 }, // U+020F
    { 20, 32, 350, 2, 32, 23, 9479 }, // U+0210
    { 16, 26, 238, -1, 26, 32, 9502 }, // U+0211
    { 20, 32, 350, 2, 32, 19, 9534 }, // U+0212
    { 14, 26, 238, 1, 26, 29, 9553 }, // U+0213
    { 21, 33, 403, 2, 32, 21, 9582 }, // U+0214
    { 18, 27, 347, 2, 26, 19, 9603 }, // U+0215
    { 21, 33, 403, 2, 32, 18, 9622 }, // U+0216
    { 18, 27, 347, 2, 26, 16, 9640 }, // U+0217
    { 17, 33, 294, 1, 25, 15, 9656 }, // U+0218
    { 15, 27, 268, 1, 19, 16, 9671 }, // U+0219
    { 19, 32, 308, 0, 24, 12, 9687 }, // U+021A
    { 14, 31, 231, 0, 23, 14, 9699 }, // U+021B
    { 19, 31, 335, 1, 25, 44, 9713 }, // U+021C
    { 16, 27, 270, 0, 19, 36, 9757 }, // U+021D
    { 20, 32, 408, 3, 32, 19, 9793 }, // U+021E
    { 22, 33, 347, -2, 33, 22, 9812 }, // U+021F
    { 10, 6, 0, -18, 26, 7, 9834 }, // U+0300
    { 11, 6, 0, -13, 26, 7, 9841 }, // U+0301
    { 14, 6, 0, -7, 26, 6, 9848 }, // U+0302
    { 15, 6, 0, -19, 26, 7, 9854 }, // U+0303
    { 12, 4, 0, -6, 24, 6, 9861 }, // U+0304
    { 14, 5, 0, -7, 29, 6, 9867 }, // U+0305
    { 14, 6, 0, -7, 26, 11, 9873 }, // U+0306
    { 6, 6, 0, -3, 26, 5, 9884 }, // U+0307
    { 12, 6, 0, -6, 26, 7, 9889 }, // U+0308
    { 8, 9, 0, -14, 28, 11, 9896 }, // U+0309
    { 9, 8, 0, -5, 28, 12, 9907 }, // U+030A
    { 16, 6, 0, -6, 26, 13, 9919 }, // U+030B
    { 15, 6, 0, -7, 26, 7, 9932 }, // U+030C
    { 4, 7, 0, -2, 26, 5, 9939 }, // U+030D
    { 10, 7, 0, -5, 26, 9, 9944 }, // U+030E
    { 14, 6, 0, -19, 26, 14, 9953 }, // U+030F
    { 12, 9, 0, -6, 29, 16, 9967 }, // U+0310
    { 14, 6, 0, -7, 26, 5, 9983 }, // U+0311
    { 8, 9, 0, -4, 24, 7, 9988 }, // U+0312
    { 8, 9, 0, -4, 24, 8, 9995 }, // U+0313
    { 8, 9, 0, -4, 24, 8, 10003 }, // U+0314
    { 8, 9, 0, -4, 24, 5, 10011 }, // U+0315
    { 11, 6, 0, -6, -1, 8, 10016 }, // U+0316
    { 10, 6, 0, -5, -1, 4, 10024 }, // U+0317
    { 6, 8, 0, -3, 0, 8, 10028 }, // U+0318
    { 6, 8, 0, -3, 0, 7, 10036 }, // U+0319
    { 9, 9, 160, 0, 26, 9, 10043 }, // U+031A
    { 9, 9, 0, -4, 26, 9, 10052 }, // U+031B
    { 5, 8, 0, -3, 0, 8, 10061 }, // U+031C
    { 8, 6, 0, -4, -1, 7, 10069 }, // U+031D
    { 8, 6, 0, -4, -1, 7, 10076 }, // U+031E
    { 8, 8, 0, -4, 0, 10, 10083 }, // U+031F
    { 8, 3, 0, -4, -3, 4, 10093 }, // U+0320
    { 8, 10, 0, -8, 2, 9, 10097 }, // U+0321
    { 8, 10, 0, 0, 2, 8, 10106 }, // U+0322
    { 7, 6, 0, -15, -2, 7, 10114 }, // U+0323
    { 12, 6, 0, -6, -1, 7, 10121 }, // U+0324
    { 9, 8, 0, -5, 0, 5, 10128 }, // U+0325
    { 6, 6, 0, -3, -2, 6, 10133 }, // U+0326
    { 8, 8, 0, -4, 0, 9, 10139 }, // U+0327
    { 8, 9, 0, -4, 1, 12, 10148 }, // U+0328
    { 4, 7, 0, -2, -1, 4, 10160 }, // U+0329
    { 12, 7, 0, -6, -1, 10, 10164 }, // U+032A
    { 14, 4, 0, -7, -2, 12, 10174 }, // U+032B
    { 15, 6, 0, -7, -1, 6, 10186 }, // U+032C
    { 14, 6, 0, -7, -1, 5, 10192 }, // U+032D
    { 14, 6, 0, -7, -1, 10, 10197 }, // U+032E
    { 14, 6, 0, -7, -1, 5, 10207 }, // U+032F
    { 14, 6, 0, -7, -1, 13, 10212 }, // U+0330
    { 12, 4, 0, -6, -2, 4, 10225 }, // U+0331
    { 16, 3, 0, -8, -3, 6, 10229 }, // U+0332
    { 15, 8, 0, -8, 0, 13, 10235 }, // U+0333
    { 15, 6, 0, -7, 13, 12, 10248 }, // U+0334
    { 14, 5, 0, -7, 12, 4, 10260 }, // U+0335
    { 26, 4, 0, -13, 11, 10, 10264 }, // U+0336
    { 12, 10, 0, -6, 14, 12, 10274 }, // U+0337
    { 14, 28, 0, -7, 26, 18, 10286 }, // U+0338
    { 5, 8, 0, -2, 0, 9, 10304 }, // U+0339
    { 12, 7, 0, -6, -1, 10, 10313 }, // U+033A
    { 14, 8, 0, -7, 0, 13, 10323 }, // U+033B
    { 14, 4, 0, -7, -2, 12, 10336 }, // U+033C
    { 8, 7, 0, -4, 26, 13, 10348 }, // U+033D
    { 6, 10, 0, -3, 29, 11, 10361 }, // U+033E
    { 14, 8, 0, -8, 33, 13, 10372 }, // U+033F
    { 11, 6, 0, -8, 26, 7, 10385 }, // U+0340
    { 10, 6, 0, -2, 26, 8, 10392 }, // U+0341
    { 14, 6, 0, -7, 26, 5, 10400 }, // U+0342
    { 7, 7, 0, -4, 26, 8, 10405 }, // U+0343
    { 18, 6, 0, -7, 26, 17, 10413 }, // U+0344
    { 7, 7, 0, -2, -1, 7, 10430 }, // U+0345
    { 16, 7, 0, -8, 26, 10, 10437 }, // U+0346
    { 14, 8, 0, -8, 0, 5, 10447 }, // U+0347
    { 10, 7, 0, -5, -1, 5, 10452 }, // U+0348
    { 8, 6, 0, -4, -2, 6, 10457 }, // U+0349
    { 14, 8, 0, -7, 26, 17, 10463 }, // U+034A
    { 14, 14, 0, -7, 32, 25, 10480 }, // U+034B
    { 12, 9, 0, -6, 29, 20, 10505 }, // U+034C
    { 12, 7, 0, -6, -1, 15, 10525 }, // U+034D
    { 8, 8, 0, -4, 0, 8, 10540 }, // U+034E
    { 24, 24, 0, -12, 24, 78, 10548 }, // U+034F
    { 6, 8, 0, -3, 27, 11, 10626 }, // U+0350
    { 5, 8, 0, -2, 27, 7, 10637 }, // U+0351
    { 12, 9, 0, -6, 29, 17, 10644 }, // U+0352
    { 8, 7, 0, -4, -1, 12, 10661 }, // U+0353
    { 6, 7, 0, -3, -1, 9, 10673 }, // U+0354
    { 6, 7, 0, -3, -1, 10, 10682 }, // U+0355
    { 14, 7, 0, -7, -1, 21, 10692 }, // U+0356
    { 5, 8, 0, -2, 27, 9, 10713 }, // U+0357
    { 6, 6, 0, 3, 26, 7, 10722 }, // U+0358
    { 8, 7, 0, -4, -1, 15, 10729 }, // U+0359
    { 14, 8, 0, -7, 0, 17, 10744 }, // U+035A
    { 8, 8, 0, -4, 27, 9, 10761 }, // U+035B
    { 28, 7, 0, -14, -1, 19, 10770 }, // U+035C
    { 28, 7, 0, -14, 26, 7, 10789 }, // U+035D
    { 20, 3, 0, -10, 23, 8, 10796 }, // U+035E
    { 20, 3, 0, -10, -2, 4, 10804 }, // U+035F
    { 28, 6, 0, -14, 26, 18, 10808 }, // U+0360
    { 28, 8, 0, -14, 30, 19, 10826 }, // U+0361
    { 27, 8, 0, -13, 0, 15, 10845 }, // U+0362
    { 8, 9, 0, -4, 29, 14, 10860 }, // U+0363
    { 9, 9, 0, -4, 29, 14, 10874 }, // U+0364
    { 3, 11, 0, -1, 31, 7, 10888 }, // U+0365
    { 9, 9, 0, -4, 29, 11, 10895 }, // U+0366
    { 9, 8, 0, -4, 28, 10, 10906 }, // U+0367
    { 7, 9, 0, -3, 29, 10, 10916 }, // U+0368
    { 8, 11, 0, -4, 31, 16, 10926 }, // U+0369
    { 9, 11, 0, -4, 31, 11, 10942 }, // U+036A
    { 13, 9, 0, -6, 29, 18, 10953 }, // U+036B
    { 6, 9, 0, -2, 29, 8, 10971 }, // U+036C
    { 7, 10, 0, -3, 30, 10, 10979 }, // U+036D
    { 9, 8, 0, -4, 28, 10, 10989 }, // U+036E
    { 10, 8, 0, -5, 28, 13, 10999 }, // U+036F
    { 15, 32, 299, 2, 32, 27, 11012 }, // U+0400
    { 15, 32, 299, 2, 32, 16, 11039 }, // U+0401
    { 25, 25, 408, 0, 24, 36, 11055 }, // U+0402
    { 15, 32, 300, 3, 32, 19, 11091 }, // U+0403
    { 20, 26, 347, 1, 25, 24, 11110 }, // U+0404
    { 16, 26, 292, 1, 25, 35, 11134 }, // U+0405
    { 6, 24, 172, 2, 24, 10, 11169 }, // U+0406
    { 11, 32, 177, 0, 32, 20, 11179 }, // U+0407
    { 12, 31, 177, -3, 24, 7, 11199 }, // U+0408
    { 33, 25, 551, 0, 24, 40, 11206 }, // U+0409
    { 31, 24, 567, 3, 24, 35, 11246 }, // U+040A
    { 24, 24, 415, 0, 24, 32, 11281 }, // U+040B
    { 20, 32, 365, 3, 32, 30, 11313 }, // U+040C
    { 21, 32, 422, 3, 32, 37, 11343 }, // U+040D
    { 22, 33, 344, 0, 32, 43, 11380 }, // U+040E
    { 20, 29, 408, 3, 24, 20, 11423 }, // U+040F
    { 24, 24, 369, 0, 24, 11, 11443 }, // U+0410
    { 18, 24, 346, 3, 24, 26, 11454 }, // U+0411
    { 19, 24, 353, 2, 24, 12, 11480 }, // U+0412
    { 15, 24, 300, 3, 24, 6, 11492 }, // U+0413
    { 26, 29, 414, 0, 24, 38, 11498 }, // U+0414
    { 15, 24, 299, 2, 24, 7, 11536 }, // U+0415
    { 33, 24, 532, 0, 24, 51, 11543 }, // U+0416
    { 17, 26, 316, 1, 25, 34, 11594 }, // U+0417
    { 21, 24, 422, 3, 24, 9, 11628 }, // U+0418
    { 21, 32, 422, 3, 32, 19, 11637 }, // U+0419
    { 20, 24, 370, 3, 24, 10, 11656 }, // U+041A
    { 22, 25, 391, 0, 24, 29, 11666 }, // U+041B
    { 26, 24, 503, 3, 24, 14, 11695 }, // U+041C
    { 20, 24, 411, 3, 24, 17, 11709 }, // U+041D
    { 24, 26, 414, 1, 25, 27, 11726 }, // U+041E
    { 20, 24, 406, 3, 24, 22, 11753 }, // U+041F
    { 18, 24, 332, 2, 24, 11, 11775 }, // U+0420
    { 20, 26, 344, 1, 25, 16, 11786 }, // U+0421
    { 19, 24, 308, 0, 24, 7, 11802 }, // U+0422
    { 22, 25, 344, 0, 24, 13, 11809 }, // U+0423
    { 28, 26, 481, 1, 25, 50, 11822 }, // U+0424
    { 23, 24, 356, 0, 24, 25, 11872 }, // U+0425
    { 23, 29, 414, 3, 24, 28, 11897 }, // U+0426
    { 19, 24, 383, 2, 24, 24, 11925 }, // U+0427
    { 31, 24, 569, 2, 24, 35, 11949 }, // U+0428
    { 34, 30, 573, 2, 24, 38, 11984 }, // U+0429
    { 24, 24, 402, 0, 24, 33, 12022 }, // U+042A
    { 25, 24, 491, 3, 24, 36, 12055 }, // U+042B
    { 17, 24, 344, 3, 24, 23, 12091 }, // U+042C
    { 19, 26, 350, 1, 25, 36, 12114 }, // U+042D
    { 30, 26, 542, 3, 25, 45, 12150 }, // U+042E
    { 20, 24, 363, 0, 24, 34, 12195 }, // U+042F
    { 17, 20, 318, 1, 19, 18, 12229 }, // U+0430
    { 19, 27, 333, 1, 26, 39, 12247 }, // U+0431
    { 17, 19, 318, 2, 19, 27, 12286 }, // U+0432
    { 14, 19, 253, 2, 19, 14, 12313 }, // U+0433
    { 21, 24, 340, 0, 19, 31, 12327 }, // U+0434
    { 18, 20, 311, 1, 19, 24, 12358 }, // U+0435
    { 29, 19, 462, 0, 19, 42, 12382 }, // U+0436
    { 15, 20, 275, 1, 19, 32, 12424 }, // U+0437
    { 18, 19, 359, 2, 19, 25, 12456 }, // U+0438
    { 18, 26, 359, 2, 26, 17, 12481 }, // U+0439
    { 19, 19, 328, 2, 19, 19, 12498 }, // U+043A
    { 19, 20, 332, 0, 19, 22, 12517 }, // U+043B
    { 24, 19, 446, 2, 19, 38, 12539 }, // U+043C
    { 18, 19, 350, 2, 19, 21, 12577 }, // U+043D
    { 19, 20, 331, 1, 19, 17, 12598 }, // U+043E
    { 17, 19, 347, 2, 19, 18, 12615 }, // U+043F
    { 18, 27, 339, 2, 19, 34, 12633 }, // U+0440
    { 16, 20, 279, 1, 19, 18, 12667 }, // U+0441
    { 17, 19, 269, 0, 19, 13, 12685 }, // U+0442
    { 21, 27, 304, -1, 19, 33, 12698 }, // U+0443
    { 25, 34, 432, 1, 26, 47, 12731 }, // U+0444
    { 20, 19, 308, 0, 19, 13, 12778 }, // U+0445
    { 20, 24, 347, 2, 19, 26, 12791 }, // U+0446
    { 17, 19, 340, 2, 19, 20, 12817 }, // U+0447
    { 28, 19, 508, 2, 19, 27, 12837 }, // U+0448
    { 30, 24, 509, 2, 19, 33, 12864 }, // U+0449
    { 22, 19, 358, 0, 19, 27, 12897 }, // U+044A
    { 24, 19, 455, 2, 19, 28, 12924 }, // U+044B
    { 17, 19, 315, 2, 19, 24, 12952 }, // U+044C
    { 16, 20, 279, 1, 19, 29, 12976 }, // U+044D
    { 25, 20, 454, 2, 19, 39, 13005 }, // U+044E
    { 18, 19, 323, 0, 19, 27, 13044 }, // U+044F
    { 18, 27, 311, 1, 26, 15, 13071 }, // U+0450
    { 18, 26, 311, 1, 25, 18, 13086 }, // U+0451
    { 20, 34, 348, 0, 26, 28, 13104 }, // U+0452
    { 14, 26, 256, 2, 26, 11, 13132 }, // U+0453
    { 16, 20, 279, 1, 19, 18, 13143 }, // U+0454
    { 15, 20, 266, 1, 19, 21, 13161 }, // U+0455
    { 6, 26, 164, 2, 26, 17, 13182 }, // U+0456
    { 10, 26, 159, 0, 26, 22, 13199 }, // U+0457
    { 10, 34, 159, -2, 26, 8, 13221 }, // U+0458
    { 29, 20, 478, 0, 19, 32, 13229 }, // U+0459
    { 28, 19, 494, 2, 19, 31, 13261 }, // U+045A
    { 20, 26, 348, 0, 26, 11, 13292 }, // U+045B
    { 19, 26, 328, 2, 26, 25, 13303 }, // U+045C
    { 18, 26, 359, 2, 26, 14, 13328 }, // U+045D
    { 21, 34, 304, -1, 26, 23, 13342 }, // U+045E
    { 17, 24, 347, 2, 19, 16, 13365 }, // U+045F
    { 32, 24, 508, 0, 24, 53, 13381 }, // U+0460
    { 29, 19, 472, 0, 19, 40, 13434 }, // U+0461
    { 21, 24, 359, 0, 24, 32, 13474 }, // U+0462
    { 21, 22, 355, 0, 22, 24, 13506 }, // U+0463
    { 28, 26, 507, 3, 25, 46, 13530 }, // U+0464
    { 24, 20, 428, 2, 19, 39, 13576 }, // U+0465
    { 25, 24, 389, 0, 24, 42, 13615 }, // U+0466
    { 22, 19, 341, 0, 19, 32, 13657 }, // U+0467
    { 31, 24, 536, 3, 24, 51, 13689 }, // U+0468
    { 29, 19, 481, 2, 19, 42, 13740 }, // U+0469
    { 27, 24, 429, 0, 24, 46, 13782 }, // U+046A
    { 21, 19, 332, 0, 19, 34, 13828 }, // U+046B
    { 33, 24, 572, 3, 24, 55, 13862 }, // U+046C
    { 27, 19, 469, 2, 19, 43, 13917 }, // U+046D
    { 20, 37, 337, 0, 29, 57, 13960 }, // U+046E
    { 18, 31, 296, 0, 23, 49, 14017 }, // U+046F
    { 25, 24, 470, 2, 24, 35, 14066 }, // U+0470
    { 24, 34, 449, 2, 26, 40, 14101 }, // U+0471
    { 24, 26, 422, 1, 25, 26, 14141 }, // U+0472
    { 19, 20, 330, 1, 19, 18, 14167 }, // U+0473
    { 24, 24, 382, 0, 24, 34, 14185 }, // U+0474
    { 21, 19, 323, 0, 19, 27, 14219 }, // U+0475
    { 24, 32, 382, 0, 32, 44, 14246 }, // U+0476
    { 21, 26, 323, 0, 26, 23, 14290 }, // U+0477
    { 43, 33, 703, 1, 25, 66, 14313 }, // U+0478
    { 39, 27, 627, 1, 19, 58, 14379 }, // U+0479
    { 25, 29, 443, 1, 26, 45, 14437 }, // U+047A
    { 21, 23, 365, 1, 21, 33, 14482 }, // U+047B
    { 34, 37, 580, 1, 36, 76, 14515 }, // U+047C
    { 29, 32, 511, 1, 31, 67, 14591 }, // U+047D
    { 32, 31, 510, 0, 31, 23, 14658 }, // U+047E
    { 29, 25, 472, 0, 25, 22, 14681 }, // U+047F
    { 21, 33, 361, 1, 25, 30, 14703 }, // U+0480
    { 16, 27, 279, 1, 19, 21, 14733 }, // U+0481
    { 18, 22, 325, 1, 21, 37, 14754 }, // U+0482
    { 14, 7, 0, -16, 25, 9, 14791 }, // U+0483
    { 14, 6, 0, -16, 26, 13, 14800 }, // U+0484
    { 6, 8, 0, -12, 27, 8, 14813 }, // U+0485
    { 6, 8, 0, -12, 27, 9, 14821 }, // U+0486
    { 14, 6, 0, -7, 31, 12, 14830 }, // U+0487
    { 38, 36, 0, -19, 27, 61, 14842 }, // U+0488
    { 38, 38, 0, -19, 28, 54, 14903 }, // U+0489
    { 27, 39, 488, 3, 32, 50, 14957 }, // U+048A
    { 25, 34, 428, 2, 27, 49, 15007 }, // U+048B
    { 20, 24, 340, 0, 24, 32, 15056 }, // U+048C
    { 20, 26, 327, 0, 26, 34, 15088 }, // U+048D
    { 17, 24, 335, 3, 24, 26, 15122 }, // U+048E
    { 18, 27, 338, 2, 19, 22, 15148 }, // U+048F
    { 17, 29, 308, 2, 29, 16, 15170 }, // U+0490
    { 14, 24, 273, 2, 24, 9, 15186 }, // U+0491
    { 18, 24, 298, 0, 24, 20, 15195 }, // U+0492
    { 16, 19, 262, 0, 19, 22, 15215 }, // U+0493
    { 20, 33, 391, 3, 24, 35, 15237 }, // U+0494
    { 17, 28, 321, 2, 19, 30, 15272 }, // U+0495
    { 34, 31, 549, 0, 24, 60, 15302 }, // U+0496
    { 32, 26, 499, -1, 19, 50, 15362 }, // U+0497
    { 17, 33, 316, 1, 25, 20, 15412 }, // U+0498
    { 15, 27, 275, 1, 19, 20, 15432 }, // U+0499
    { 22, 31, 403, 3, 24, 36, 15452 }, // U+049A
    { 20, 26, 351, 2, 19, 33, 15488 }, // U+049B
    { 21, 24, 357, 2, 24, 33, 15521 }, // U+049C
    { 19, 19, 330, 2, 19, 32, 15554 }, // U+049D
    { 22, 24, 370, 1, 24, 36, 15586 }, // U+049E
    { 21, 26, 334, 0, 26, 41, 15622 }, // U+049F
    { 25, 24, 391, 0, 24, 37, 15663 }, // U+04A0
    { 24, 19, 371, 0, 19, 29, 15700 }, // U+04A1
    { 25, 31, 448, 3, 24, 33, 15729 }, // U+04A2
    { 22, 26, 396, 2, 19, 31, 15762 }, // U+04A3
    { 25, 24, 445, 3, 24, 15, 15793 }, // U+04A4
    { 24, 19, 404, 2, 19, 26, 15808 }, // U+04A5
    { 33, 33, 600, 3, 24, 42, 15834 }, // U+04A6
    { 27, 28, 474, 2, 19, 42, 15876 }, // U+04A7
    { 24, 27, 414, 1, 25, 46, 15918 }, // U+04A8
    { 20, 21, 350, 1, 19, 42, 15964 }, // U+04A9
    { 20, 33, 342, 1, 25, 19, 16006 }, // U+04AA
    { 16, 27, 275, 1, 19, 17, 16025 }, // U+04AB
    { 19, 31, 309, 0, 24, 14, 16042 }, // U+04AC
    { 18, 26, 293, 0, 19, 24, 16056 }, // U+04AD
    { 21, 24, 334, 0, 24, 10, 16080 }, // U+04AE
    { 20, 27, 306, 0, 19, 25, 16090 }, // U+04AF
    { 21, 24, 334, 0, 24, 19, 16115 }, // U+04B0
    { 20, 27, 306, 0, 19, 18, 16134 }, // U+04B1
    { 25, 31, 396, 0, 24, 41, 16152 }, // U+04B2
    { 21, 26, 338, 0, 19, 34, 16193 }, // U+04B3
    { 31, 31, 496, 0, 24, 41, 16227 }, // U+04B4
    { 26, 26, 422, 0, 19, 31, 16268 }, // U+04B5
    { 26, 31, 429, 1, 24, 32, 16299 }, // U+04B6
    { 22, 26, 387, 2, 19, 30, 16331 }, // U+04B7
    { 20, 24, 392, 2, 24, 33, 16361 }, // U+04B8
    { 19, 19, 351, 1, 19, 28, 16394 }, // U+04B9
    { 21, 24, 392, 2, 24, 19, 16422 }, // U+04BA
    { 18, 26, 347, 2, 26, 8, 16441 }, // U+04BB
    { 29, 26, 506, 0, 25, 51, 16449 }, // U+04BC
    { 24, 20, 378, -1, 19, 38, 16500 }, // U+04BD
    { 29, 32, 506, 0, 25, 20, 16538 }, // U+04BE
    { 24, 26, 378, -1, 19, 17, 16558 }, // U+04BF
    { 11, 24, 207, 1, 24, 7, 16575 }, // U+04C0
    { 33, 32, 533, 0, 32, 57, 16582 }, // U+04C1
    { 29, 26, 462, 0, 26, 24, 16639 }, // U+04C2
    { 21, 33, 405, 3, 24, 39, 16663 }, // U+04C3
    { 19, 28, 348, 2, 19, 34, 16702 }, // U+04C4
    { 28, 31, 447, 0, 24, 35, 16736 }, // U+04C5
    { 24, 26, 388, 0, 19, 29, 16771 }, // U+04C6
    { 20, 33, 408, 3, 24, 18, 16800 }, // U+04C7
    { 18, 28, 353, 2, 19, 25, 16818 }, // U+04C8
    { 25, 31, 458, 3, 24, 19, 16843 }, // U+04C9
    { 23, 26, 397, 2, 19, 32, 16862 }, // U+04CA
    { 20, 31, 392, 2, 24, 27, 16894 }, // U+04CB
    { 18, 26, 350, 2, 19, 29, 16921 }, // U+04CC
    { 31, 31, 552, 3, 24, 56, 16950 }, // U+04CD
    { 29, 26, 494, 2, 19, 42, 17006 }, // U+04CE
    { 11, 24, 207, 1, 24, 7, 17048 }, // U+04CF
    { 24, 32, 369, 0, 32, 21, 17055 }, // U+04D0
    { 17, 27, 319, 1, 26, 18, 17076 }, // U+04D1
    { 24, 32, 369, 0, 32, 21, 17094 }, // U+04D2
    { 17, 27, 319, 1, 26, 13, 17115 }, // U+04D3
    { 30, 24, 508, 0, 24, 12, 17128 }, // U+04D4
    { 29, 20, 489, 1, 19, 16, 17140 }, // U+04D5
    { 14, 32, 299, 3, 32, 16, 17156 }, // U+04D6
    { 18, 27, 318, 1, 26, 19, 17172 }, // U+04D7
    { 24, 26, 436, 2, 25, 41, 17191 }, // U+04D8
    { 18, 20, 318, 1, 19, 10, 17232 }, // U+04D9
    { 24, 33, 436, 2, 32, 22, 17242 }, // U+04DA
    { 18, 27, 318, 1, 26, 18, 17264 }, // U+04DB
    { 33, 32, 533, 0, 32, 24, 17282 }, // U+04DC
    { 29, 26, 462, 0, 26, 21, 17306 }, // U+04DD
    { 17, 33, 316, 1, 32, 20, 17327 }, // U+04DE
    { 15, 27, 275, 1, 26, 18, 17347 }, // U+04DF
    { 19, 25, 315, 0, 24, 11, 17365 }, // U+04E0
    { 19, 27, 310, 0, 19, 11, 17376 }, // U+04E1
    { 21, 30, 422, 3, 30, 14, 17387 }, // U+04E2
    { 18, 24, 359, 2, 24, 12, 17401 }, // U+04E3
    { 21, 32, 422, 3, 32, 18, 17413 }, // U+04E4
    { 18, 26, 359, 2, 26, 16, 17431 }, // U+04E5
    { 24, 33, 422, 1, 32, 15, 17447 }, // U+04E6
    { 19, 27, 333, 1, 26, 12, 17462 }, // U+04E7
    { 24, 26, 422, 1, 25, 12, 17474 }, // U+04E8
    { 19, 20, 333, 1, 19, 9, 17486 }, // U+04E9
    { 24, 33, 422, 1, 32, 20, 17495 }, // U+04EA
    { 19, 27, 333, 1, 26, 17, 17515 }, // U+04EB
    { 19, 33, 348, 1, 32, 20, 17532 }, // U+04EC
    { 16, 27, 279, 1, 26, 18, 17552 }, // U+04ED
    { 22, 31, 344, 0, 30, 18, 17570 }, // U+04EE
    { 21, 32, 304, -1, 24, 17, 17588 }, // U+04EF
    { 22, 33, 344, 0, 32, 21, 17605 }, // U+04F0
    { 21, 34, 304, -1, 26, 21, 17626 }, // U+04F1
    { 22, 33, 344, 0, 32, 26, 17647 }, // U+04F2
    { 20, 34, 304, 0, 26, 22, 17673 }, // U+04F3
    { 19, 32, 384, 2, 32, 28, 17695 }, // U+04F4
    { 17, 26, 340, 2, 26, 15, 17723 }, // U+04F5
    { 16, 31, 299, 3, 24, 18, 17738 }, // U+04F6
    { 14, 26, 255, 2, 19, 13, 17756 }, // U+04F7
    { 25, 32, 491, 3, 32, 34, 17769 }, // U+04F8
    { 24, 26, 455, 2, 26, 16, 17803 }, // U+04F9
    { 18, 33, 298, 0, 24, 17, 17819 }, // U+04FA
    { 16, 27, 262, 0, 19, 17, 17836 }, // U+04FB
    { 24, 33, 389, 0, 24, 43, 17853 }, // U+04FC
    { 21, 27, 344, 0, 19, 35, 17896 }, // U+04FD
    { 23, 24, 357, 0, 24, 17, 17931 }, // U+04FE
    { 20, 19, 308, 0, 19, 17, 17948 }, // U+04FF
    { 24, 32, 369, 0, 24, 18, 17965 }, // U+1EA0
    { 17, 27, 319, 1, 19, 17, 17983 }, // U+1EA1
    { 24, 34, 369, 0, 34, 22, 18000 }, // U+1EA2
    { 17, 29, 319, 1, 28, 18, 18022 }, // U+1EA3
    { 24, 33, 369, 0, 33, 25, 18040 }, // U+1EA4
    { 20, 29, 319, 1, 28, 51, 18065 }, // U+1EA5
    { 24, 33, 369, 0, 33, 26, 18116 }, // U+1EA6
    { 19, 29, 319, -1, 28, 49, 18142 }, // U+1EA7
    { 24, 35, 369, 0, 35, 29, 18191 }, // U+1EA8
    { 19, 31, 319, 1, 30, 51, 18220 }, // U+1EA9
    { 24, 36, 369, 0, 36, 34, 18271 }, // U+1EAA
    { 17, 31, 319, 1, 30, 32, 18305 }, // U+1EAB
    { 24, 40, 369, 0, 32, 27, 18337 }, // U+1EAC
    { 17, 34, 319, 1, 26, 21, 18364 }, // U+1EAD
    { 24, 34, 369, 0, 34, 26, 18385 }, // U+1EAE
    { 17, 30, 319, 1, 29, 24, 18411 }, // U+1EAF
    { 24, 34, 369, 0, 34, 27, 18435 }, // U+1EB0
    { 17, 30, 319, 1, 29, 23, 18462 }, // U+1EB1
    { 24, 35, 369, 0, 35, 29, 18485 }, // U+1EB2
    { 17, 31, 319, 1, 30, 26, 18514 }, // U+1EB3
    { 24, 36, 369, 0, 36, 33, 18540 }, // U+1EB4
    { 17, 31, 319, 1, 30, 30, 18573 }, // U+1EB5
    { 24, 40, 369, 0, 32, 29, 18603 }, // U+1EB6
    { 17, 34, 319, 1, 26, 25, 18632 }, // U+1EB7
    { 14, 32, 299, 3, 24, 13, 18657 }, // U+1EB8
    { 18, 27, 318, 1, 19, 16, 18670 }, // U+1EB9
    { 14, 34, 299, 3, 34, 19, 18686 }, // U+1EBA
    { 18, 29, 318, 1, 28, 19, 18705 }, // U+1EBB
    { 14, 32, 299, 3, 32, 18, 18724 }, // U+1EBC
    { 18, 27, 318, 1, 26, 19, 18742 }, // U+1EBD
    { 18, 33, 299, 2, 33, 35, 18761 }, // U+1EBE
    { 21, 29, 318, 1, 28, 43, 18796 }, // U+1EBF
    { 20, 33, 299, -3, 33, 35, 18839 }, // U+1EC0
    { 20, 29, 318, -1, 28, 45, 18874 }, // U+1EC1
    { 17, 35, 299, 2, 35, 34, 18919 }, // U+1EC2
    { 19, 31, 318, 1, 30, 38, 18953 }, // U+1EC3
    { 14, 36, 299, 3, 36, 29, 18991 }, // U+1EC4
    { 18, 31, 318, 1, 30, 30, 19020 }, // U+1EC5
    { 14, 40, 299, 3, 32, 23, 19050 }, // U+1EC6
    { 18, 34, 318, 1, 26, 20, 19073 }, // U+1EC7
    { 11, 34, 207, 1, 34, 15, 19093 }, // U+1EC8
    { 9, 28, 159, 1, 28, 20, 19108 }, // U+1EC9
    { 11, 32, 207, 1, 24, 14, 19128 }, // U+1ECA
    { 6, 34, 159, 2, 26, 12, 19142 }, // U+1ECB
    { 24, 33, 422, 1, 25, 18, 19154 }, // U+1ECC
    { 19, 27, 333, 1, 19, 15, 19172 }, // U+1ECD
    { 24, 35, 422, 1, 34, 20, 19187 }, // U+1ECE
    { 19, 29, 333, 1, 28, 19, 19207 }, // U+1ECF
    { 24, 34, 422, 1, 33, 25, 19226 }, // U+1ED0
    { 21, 29, 333, 1, 28, 31, 19251 }, // U+1ED1
    { 24, 34, 422, 1, 33, 24, 19282 }, // U+1ED2
    { 21, 29, 333, -1, 28, 44, 19306 }, // U+1ED3
    { 24, 36, 422, 1, 35, 26, 19350 }, // U+1ED4
    { 19, 31, 333, 1, 30, 22, 19376 }, // U+1ED5
    { 24, 37, 422, 1, 36, 31, 19398 }, // U+1ED6
    { 19, 31, 333, 1, 30, 28, 19429 }, // U+1ED7
    { 24, 40, 422, 1, 32, 22, 19457 }, // U+1ED8
    { 19, 34, 333, 1, 26, 18, 19479 }, // U+1ED9
    { 28, 33, 438, 1, 32, 19, 19497 }, // U+1EDA
    { 23, 27, 363, 1, 26, 16, 19516 }, // U+1EDB
    { 28, 33, 438, 1, 32, 20, 19532 }, // U+1EDC
    { 23, 27, 363, 1, 26, 17, 19552 }, // U+1EDD
    { 28, 35, 438, 1, 34, 22, 19569 }, // U+1EDE
    { 23, 29, 363, 1, 28, 20, 19591 }, // U+1EDF
    { 28, 33, 438, 1, 32, 23, 19611 }, // U+1EE0
    { 23, 27, 363, 1, 26, 21, 19634 }, // U+1EE1
    { 28, 34, 438, 1, 26, 21, 19655 }, // U+1EE2
    { 23, 29, 363, 1, 21, 18, 19676 }, // U+1EE3
    { 21, 32, 403, 2, 24, 16, 19694 }, // U+1EE4
    { 18, 27, 347, 2, 19, 15, 19710 }, // U+1EE5
    { 21, 35, 403, 2, 34, 19, 19725 }, // U+1EE6
    { 18, 29, 347, 2, 28, 15, 19744 }, // U+1EE7
    { 28, 33, 472, 2, 32, 17, 19759 }, // U+1EE8
    { 25, 27, 404, 2, 26, 16, 19776 }, // U+1EE9
    { 28, 33, 472, 2, 32, 19, 19792 }, // U+1EEA
    { 25, 27, 404, 2, 26, 16, 19811 }, // U+1EEB
    { 28, 35, 472, 2, 34, 20, 19827 }, // U+1EEC
    { 25, 29, 404, 2, 28, 18, 19847 }, // U+1EED
    { 28, 33, 472, 2, 32, 20, 19865 }, // U+1EEE
    { 25, 27, 404, 2, 26, 21, 19885 }, // U+1EEF
    { 28, 34, 472, 2, 26, 20, 19906 }, // U+1EF0
    { 25, 29, 404, 2, 21, 17, 19926 }, // U+1EF1
    { 21, 32, 334, 0, 32, 20, 19943 }, // U+1EF2
    { 20, 34, 304, 0, 26, 19, 19963 }, // U+1EF3
    { 21, 32, 334, 0, 24, 17, 19982 }, // U+1EF4
    { 20, 27, 304, 0, 19, 18, 19999 }, // U+1EF5
    { 21, 34, 334, 0, 34, 20, 20017 }, // U+1EF6
    { 20, 36, 304, 0, 28, 44, 20037 }, // U+1EF7
    { 21, 32, 334, 0, 32, 22, 20081 }, // U+1EF8
    { 20, 34, 304, 0, 26, 23, 20103 }, // U+1EF9
    { 0, 0, 267, 0, 0, 0, 20126 }, // U+2000
    { 0, 0, 533, 0, 0, 0, 20126 }, // U+2001
    { 0, 0, 267, 0, 0, 0, 20126 }, // U+2002
    { 0, 0, 533, 0, 0, 0, 20126 }, // U+2003
    { 0, 0, 178, 0, 0, 0, 20126 }, // U+2004
    { 0, 0, 133, 0, 0, 0, 20126 }, // U+2005
    { 0, 0, 89, 0, 0, 0, 20126 }, // U+2006
    { 0, 0, 305, 0, 0, 0, 20126 }, // U+2007
    { 0, 0, 150, 0, 0, 0, 20126 }, // U+2008
    { 0, 0, 89, 0, 0, 0, 20126 }, // U+2009
    { 0, 0, 53, 0, 0, 0, 20126 }, // U+200A
    { 0, 0, 0, 0, 0, 0, 20126 }, // U+200B
    { 0, 0, 0, 0, 0, 0, 20126 }, // U+200C
    { 0, 0, 0, 0, 0, 0, 20126 }, // U+200D
    { 9, 28, 0, -1, 23, 16, 20126 }, // U+200E
    { 9, 28, 0, -8, 23, 18, 20142 }, // U+200F
    { 10, 5, 171, 0, 11, 4, 20160 }, // U+2010
    { 10, 5, 171, 0, 11, 4, 20164 }, // U+2011
    { 17, 5, 308, 1, 14, 6, 20168 }, // U+2012
    { 15, 4, 267, 1, 11, 6, 20174 }, // U+2013
    { 32, 4, 533, 1, 11, 8, 20180 }, // U+2014
    { 32, 4, 533, 1, 11, 4, 20188 }, // U+2015
    { 13, 34, 294, 3, 26, 28, 20192 }, // U+2016
    { 15, 8, 219, -1, 0, 8, 20220 }, // U+2017
    { 7, 9, 116, 0, 24, 8, 20228 }, // U+2018
    { 7, 9, 116, 0, 24, 7, 20236 }, // U+2019
    { 8, 9, 153, 0, 5, 7, 20243 }, // U+201A
    { 7, 9, 116, 0, 24, 8, 20250 }, // U+201B
    { 15, 9, 237, 0, 24, 15, 20258 }, // U+201C
    { 15, 9, 237, 0, 24, 13, 20273 }, // U+201D
    { 15, 9, 274, 1, 4, 13, 20286 }, // U+201E
    { 15, 9, 237, 0, 24, 16, 20299 }, // U+201F
    { 15, 26, 274, 1, 26, 22, 20315 }, // U+2020
    { 15, 26, 277, 1, 26, 31, 20337 }, // U+2021
    { 10, 11, 201, 1, 18, 11, 20368 }, // U+2022
    { 12, 13, 201, 1, 19, 14, 20379 }, // U+2023
    { 7, 7, 267, 5, 6, 6, 20393 }, // U+2024
    { 17, 7, 307, 1, 6, 12, 20399 }, // U+2025
    { 26, 7, 456, 1, 6, 19, 20411 }, // U+2026
    { 7, 7, 150, 1, 12, 5, 20430 }, // U+2027
    { 0, 0, 320, 0, 0, 0, 20435 }, // U+2028
    { 0, 0, 320, 0, 0, 0, 20435 }, // U+2029
    { 9, 26, 0, -1, 21, 7, 20435 }, // U+202A
    { 9, 26, 0, -8, 21, 7, 20442 }, // U+202B
    { 8, 28, 0, -4, 23, 13, 20449 }, // U+202C
    { 8, 28, 0, -4, 23, 16, 20462 }, // U+202D
    { 8, 28, 0, -4, 23, 13, 20478 }, // U+202E
    { 0, 0, 89, 0, 0, 0, 20491 }, // U+202F
    { 41, 26, 683, 1, 25, 78, 20491 }, // U+2030
    { 55, 26, 889, 0, 25, 99, 20569 }, // U+2031
    { 10, 9, 162, 1, 24, 8, 20668 }, // U+2032
    { 17, 9, 279, 1, 24, 14, 20676 }, // U+2033
    { 25, 9, 397, 1, 24, 22, 20690 }, // U+2034
    { 10, 9, 225, 1, 24, 10, 20712 }, // U+2035
    { 17, 9, 343, 1, 24, 18, 20722 }, // U+2036
    { 25, 9, 461, 1, 24, 27, 20740 }, // U+2037
    { 13, 11, 218, 0, 3, 14, 20767 }, // U+2038
    { 10, 16, 195, 1, 17, 17, 20781 }, // U+2039
    { 10, 16, 195, 1, 17, 16, 20798 }, // U+203A
    { 26, 26, 453, 1, 25, 61, 20814 }, // U+203B
    { 17, 25, 304, 1, 24, 33, 20875 }, // U+203C
    { 16, 26, 254, 0, 25, 22, 20908 }, // U+203D
    { 18, 4, 267, -1, 29, 4, 20930 }, // U+203E
    { 20, 8, 325, 0, 0, 16, 20934 }, // U+203F
    { 20, 8, 325, 0, 27, 15, 20950 }, // U+2040
    { 14, 22, 226, 0, 14, 20, 20965 }, // U+2041
    { 37, 31, 597, 0, 26, 86, 20985 }, // U+2042
    { 10, 5, 171, 1, 11, 6, 21071 }, // U+2043
    { 18, 24, 69, -7, 24, 18, 21077 }, // U+2044
    { 9, 30, 177, 2, 24, 9, 21095 }, // U+2045
    { 9, 30, 177, 0, 24, 9, 21104 }, // U+2046
    { 31, 26, 506, 0, 25, 50, 21113 }, // U+2047
    { 24, 26, 407, 0, 25, 42, 21163 }, // U+2048
    { 24, 26, 407, 1, 25, 41, 21205 }, // U+2049
    { 17, 19, 314, 1, 19, 17, 21246 }, // U+204A
    { 18, 31, 346, 2, 26, 29, 21263 }, // U+204B
    { 18, 18, 349, 1, 19, 19, 21292 }, // U+204C
    { 19, 18, 349, 2, 19, 20, 21311 }, // U+204D
    { 18, 17, 289, 0, 9, 11, 21331 }, // U+204E
    { 8, 24, 152, 1, 19, 15, 21342 }, // U+204F
    { 20, 35, 320, 0, 27, 24, 21357 }, // U+2050
    { 18, 34, 289, 0, 26, 42, 21381 }, // U+2051
    { 14, 26, 225, 0, 25, 28, 21423 }, // U+2052
    { 32, 7, 533, 1, 13, 21, 21451 }, // U+2053
    { 20, 8, 320, 0, 0, 11, 21472 }, // U+2054
    { 17, 17, 299, 1, 17, 31, 21483 }, // U+2055
    { 17, 26, 309, 1, 25, 18, 21514 }, // U+2056
    { 31, 9, 499, 1, 24, 27, 21532 }, // U+2057
    { 27, 26, 466, 1, 25, 26, 21559 }, // U+2058
    { 27, 26, 466, 1, 25, 31, 21585 }, // U+2059
    { 7, 26, 152, 1, 25, 11, 21616 }, // U+205A
    { 21, 28, 370, 1, 27, 27, 21627 }, // U+205B
    { 27, 27, 455, 1, 25, 46, 21654 }, // U+205C
    { 7, 27, 150, 1, 26, 20, 21700 }, // U+205D
    { 7, 26, 152, 1, 25, 22, 21720 }, // U+205E
    { 0, 0, 118, 0, 0, 0, 21742 }, // U+205F
    { 0, 0, 320, 0, 0, 0, 21742 }, // U+2060
    { 0, 0, 320, 0, 0, 0, 21742 }, // U+2061
    { 0, 0, 320, 0, 0, 0, 21742 }, // U+2062
    { 0, 0, 320, 0, 0, 0, 21742 }, // U+2063
    { 0, 0, 320, 0, 0, 0, 21742 }, // U+2064
    { 0, 0, 0, 0, 0, 0, 21742 }, // U+2066
    { 0, 0, 0, 0, 0, 0, 21742 }, // U+2067
    { 0, 0, 0, 0, 0, 0, 21742 }, // U+2068
    { 0, 0, 0, 0, 0, 0, 21742 }, // U+2069
    { 8, 28, 0, -4, 23, 14, 21742 }, // U+206A
    { 8, 28, 0, -4, 23, 12, 21756 }, // U+206B
    { 8, 28, 0, -4, 23, 12, 21768 }, // U+206C
    { 8, 29, 0, -4, 24, 13, 21780 }, // U+206D
    { 8, 28, 0, -4, 23, 16, 21793 }, // U+206E
    { 8, 28, 0, -4, 23, 14, 21809 }, // U+206F
    { 12, 16, 202, 0, 29, 19, 21823 }, // U+2070
    { 5, 16, 103, 1, 25, 11, 21842 }, // U+2071
    { 13, 16, 203, 0, 29, 22, 21853 }, // U+2074
    { 11, 16, 203, 1, 29, 21, 21875 }, // U+2075
    { 12, 16, 203, 0, 29, 21, 21896 }, // U+2076
    { 12, 16, 203, 0, 29, 13, 21917 }, // U+2077
    { 12, 16, 203, 0, 29, 26, 21930 }, // U+2078
    { 12, 16, 203, 0, 29, 22, 21956 }, // U+2079
    { 10, 10, 191, 1, 25, 12, 21978 }, // U+207A
    { 10, 4, 191, 1, 22, 5, 21990 }, // U+207B
    { 10, 7, 191, 1, 23, 9, 21995 }, // U+207C
    { 6, 20, 129, 2, 31, 13, 22004 }, // U+207D
    { 6, 20, 129, 0, 31, 12, 22017 }, // U+207E
    { 12, 12, 226, 1, 21, 16, 22029 }, // U+207F
    { 12, 16, 203, 0, 11, 7, 22045 }, // U+2080
    { 9, 16, 203, 1, 11, 6, 22052 }, // U+2081
    { 12, 16, 203, 0, 11, 9, 22058 }, // U+2082
    { 12, 16, 203, 0, 11, 10, 22067 }, // U+2083
    { 13, 16, 203, 0, 11, 7, 22077 }, // U+2084
    { 11, 16, 203, 1, 11, 8, 22084 }, // U+2085
    { 12, 16, 203, 0, 11, 8, 22092 }, // U+2086
    { 12, 16, 203, 0, 11, 7, 22100 }, // U+2087
    { 12, 16, 203, 0, 11, 10, 22107 }, // U+2088
    { 12, 16, 203, 0, 11, 8, 22117 }, // U+2089
    { 10, 10, 191, 1, 8, 6, 22125 }, // U+208A
    { 10, 4, 191, 1, 5, 4, 22131 }, // U+208B
    { 10, 7, 191, 1, 6, 5, 22135 }, // U+208C
    { 6, 20, 129, 2, 13, 6, 22140 }, // U+208D
    { 6, 20, 129, 0, 13, 6, 22146 }, // U+208E
    { 12, 12, 207, 0, 8, 21, 22152 }, // U+2090
    { 11, 12, 207, 1, 8, 22, 22173 }, // U+2091
    { 12, 12, 216, 1, 8, 18, 22195 }, // U+2092
    { 13, 12, 201, 0, 8, 18, 22213 }, // U+2093
    { 12, 12, 207, 0, 8, 18, 22231 }, // U+2094
    { 12, 16, 226, 1, 12, 17, 22249 }, // U+2095
    { 13, 16, 211, 1, 12, 18, 22266 }, // U+2096
    { 4, 16, 103, 1, 12, 8, 22284 }, // U+2097
    { 19, 12, 338, 1, 8, 23, 22292 }, // U+2098
    { 12, 12, 226, 1, 8, 9, 22315 }, // U+2099
    { 12, 16, 219, 1, 8, 18, 22324 }, // U+209A
    { 10, 12, 174, 0, 8, 20, 22342 }, // U+209B
    { 9, 15, 146, 0, 11, 16, 22362 }, // U+209C
    { 19, 25, 305, 0, 25, 34, 22378 }, // U+20A0
    { 19, 28, 325, 1, 26, 49, 22412 }, // U+20A1
    { 18, 26, 305, 1, 25, 38, 22461 }, // U+20A2
    { 18, 24, 305, 0, 24, 20, 22499 }, // U+20A3
    { 18, 25, 305, 1, 25, 32, 22519 }, // U+20A4
    { 29, 27, 520, 2, 23, 22, 22551 }, // U+20A5
    { 19, 24, 305, 0, 24, 51, 22573 }, // U+20A6
    { 27, 25, 475, 2, 24, 49, 22624 }, // U+20A7
    { 28, 25, 489, 2, 24, 59, 22673 }, // U+20A8
    { 25, 24, 394, 0, 24, 59, 22732 }, // U+20A9
    { 26, 24, 490, 2, 24, 43, 22791 }, // U+20AA
    { 21, 32, 344, 1, 26, 19, 22834 }, // U+20AB
    { 18, 25, 305, 1, 24, 38, 22853 }, // U+20AC
    { 20, 24, 305, 0, 24, 40, 22891 }, // U+20AD
    { 19, 24, 305, 0, 24, 26, 22931 }, // U+20AE
    { 33, 33, 539, 0, 25, 58, 22957 }, // U+20AF
    { 19, 33, 325, 0, 25, 44, 23015 }, // U+20B0
    { 19, 24, 305, 0, 24, 41, 23059 }, // U+20B1
    { 21, 29, 391, 1, 26, 25, 23100 }, // U+20B2
    { 22, 24, 347, 0, 24, 47, 23125 }, // U+20B3
    { 19, 26, 305, 0, 25, 44, 23172 }, // U+20B4
    { 20, 29, 340, 1, 26, 33, 23216 }, // U+20B5
    { 23, 24, 371, 0, 23, 32, 23249 }, // U+20B6
    { 24, 28, 390, 0, 25, 63, 23281 }, // U+20B7
    { 19, 24, 306, 0, 24, 17, 23344 }, // U+20B8
    { 16, 24, 305, 2, 24, 32, 23361 }, // U+20B9
    { 19, 25, 305, 0, 24, 42, 23393 }, // U+20BA
    { 27, 26, 433, 0, 25, 53, 23435 }, // U+20BB
    { 27, 24, 466, 1, 24, 36, 23488 }, // U+20BC
    { 20, 24, 320, 0, 24, 32, 23524 }, // U+20BD
    { 24, 26, 421, 1, 26, 46, 23556 }, // U+20BE
    { 15, 32, 305, 3, 28, 36, 23602 }, // U+20BF
    { 16, 25, 279, 1, 19, 21, 23638 }, // U+20C0
    { 17, 5, 310, 1, 14, 6, 23659 }, // U+2212
    { 28, 26, 412, 0, 26, 49, 23665 }, // U+FB00
    { 21, 26, 365, 0, 26, 41, 23714 }, // U+FB01
    { 21, 26, 369, 0, 26, 16, 23755 }, // U+FB02
    { 34, 26, 571, 0, 26, 60, 23771 }, // U+FB03
    { 34, 26, 575, 0, 26, 28, 23831 }, // U+FB04
    { 23, 27, 417, 2, 26, 41, 23859 }, // U+FB05
    { 29, 27, 496, 1, 26, 65, 23900 }, // U+FB06
    { 31, 32, 533, 1, 26, 55, 23965 }, // U+FFFD
};

static const EpdUnicodeInterval notosans_16_boldIntervals[] = {
    { 0x0, 0x0, 0x0 },
    { 0xD, 0xD, 0x1 },
    { 0x20, 0x7E, 0x2 },
    { 0xA0, 0x17F, 0x61 },
    { 0x1A0, 0x1A1, 0x141 },
    { 0x1AF, 0x1B0, 0x143 },
    { 0x1C4, 0x21F, 0x145 },
    { 0x300, 0x36F, 0x1A1 },
    { 0x400, 0x4FF, 0x211 },
    { 0x1EA0, 0x1EF9, 0x311 },
    { 0x2000, 0x2064, 0x36B },
    { 0x2066, 0x2071, 0x3D0 },
    { 0x2074, 0x208E, 0x3DC },
    { 0x2090, 0x209C, 0x3F7 },
    { 0x20A0, 0x20C0, 0x404 },
    { 0x2212, 0x2212, 0x425 },
    { 0xFB00, 0xFB06, 0x426 },
    { 0xFFFD, 0xFFFD, 0x42D },
};

static const EpdKernClassEntry notosans_16_boldKernLeftClasses[] = {
    { 0x0022, 1 }, // "
    { 0x0026, 2 }, // &
    { 0x0027, 1 }, // '
    { 0x0028, 3 }, // (
    { 0x002C, 4 }, // ,
    { 0x002D, 5 }, // -
    { 0x002E, 4 }, // .
    { 0x003A, 6 }, // :
    { 0x0041, 7 }, // A
    { 0x0042, 8 }, // B
    { 0x0043, 9 }, // C
    { 0x0044, 10 }, // D
    { 0x0045, 11 }, // E
    { 0x0046, 12 }, // F
    { 0x004B, 9 }, // K
    { 0x004C, 13 }, // L
    { 0x004F, 10 }, // O
    { 0x0050, 14 }, // P
    { 0x0051, 10 }, // Q
    { 0x0052, 15 }, // R
    { 0x0054, 16 }, // T
    { 0x0055, 17 }, // U
    { 0x0056, 18 }, // V
    { 0x0057, 18 }, // W
    { 0x0058, 9 }, // X
    { 0x0059, 19 }, // Y
    { 0x005A, 20 }, // Z
    { 0x005B, 3 }, // [
    { 0x005F, 21 }, // _
    { 0x0061, 22 }, // a
    { 0x0062, 23 }, // b
    { 0x0063, 24 }, // c
    { 0x0065, 23 }, // e
    { 0x0066, 25 }, // f
    { 0x0068, 22 }, // h
    { 0x006D, 22 }, // m
    { 0x006E, 22 }, // n
    { 0x006F, 23 }, // o
    { 0x0070, 23 }, // p
    { 0x0072, 26 }, // r
    { 0x0074, 24 }, // t
    { 0x0076, 27 }, // v
    { 0x0077, 27 }, // w
    { 0x0078, 28 }, // x
    { 0x0079, 27 }, // y
    { 0x007B, 3 }, // {
    { 0x00A1, 29 }, // U+00A1
    { 0x00AB, 30 }, // U+00AB
    { 0x00BB, 31 }, // U+00BB
    { 0x00BF, 32 }, // U+00BF
    { 0x00C0, 7 }, // U+00C0
    { 0x00C1, 7 }, // U+00C1
    { 0x00C2, 7 }, // U+00C2
    { 0x00C3, 7 }, // U+00C3
    { 0x00C4, 7 }, // U+00C4
    { 0x00C5, 7 }, // U+00C5
    { 0x00C6, 11 }, // U+00C6
    { 0x00C7, 9 }, // U+00C7
    { 0x00C8, 11 }, // U+00C8
    { 0x00C9, 11 }, // U+00C9
    { 0x00CA, 11 }, // U+00CA
    { 0x00CB, 11 }, // U+00CB
    { 0x00D0, 10 }, // U+00D0
    { 0x00D2, 10 }, // U+00D2
    { 0x00D3, 10 }, // U+00D3
    { 0x00D4, 10 }, // U+00D4
    { 0x00D5, 10 }, // U+00D5
    { 0x00D6, 10 }, // U+00D6
    { 0x00D8, 10 }, // U+00D8
    { 0x00D9, 17 }, // U+00D9
    { 0x00DA, 17 }, // U+00DA
    { 0x00DB, 17 }, // U+00DB
    { 0x00DC, 17 }, // U+00DC
    { 0x00DD, 19 }, // U+00DD
    { 0x00DE, 14 }, // U+00DE
    { 0x00E0, 22 }, // U+00E0
    { 0x00E1, 22 }, // U+00E1
    { 0x00E2, 22 }, // U+00E2
    { 0x00E3, 22 }, // U+00E3
    { 0x00E4, 22 }, // U+00E4
    { 0x00E5, 22 }, // U+00E5
    { 0x00E6, 23 }, // U+00E6
    { 0x00E8, 23 }, // U+00E8
    { 0x00E9, 23 }, // U+00E9
    { 0x00EA, 23 }, // U+00EA
    { 0x00EB, 23 }, // U+00EB
    { 0x00EE, 33 }, // U+00EE
    { 0x00EF, 33 }, // U+00EF
    { 0x00F0, 23 }, // U+00F0
    { 0x00F2, 23 }, // U+00F2
    { 0x00F3, 23 }, // U+00F3
    { 0x00F4, 23 }, // U+00F4
    { 0x00F5, 23 }, // U+00F5
    { 0x00F6, 23 }, // U+00F6
    { 0x00F8, 23 }, // U+00F8
    { 0x00FD, 27 }, // U+00FD
    { 0x00FE, 23 }, // U+00FE
    { 0x00FF, 27 }, // U+00FF
    { 0x0100, 7 }, // U+0100
    { 0x0101, 22 }, // U+0101
    { 0x0102, 7 }, // U+0102
    { 0x0103, 22 }, // U+0103
    { 0x0104, 34 }, // U+0104
    { 0x0105, 22 }, // U+0105
    { 0x0106, 9 }, // U+0106
    { 0x0108, 9 }, // U+0108
    { 0x010A, 9 }, // U+010A
    { 0x010C, 9 }, // U+010C
    { 0x010E, 10 }, // U+010E
    { 0x010F, 35 }, // U+010F
    { 0x0110, 10 }, // U+0110
    { 0x0112, 11 }, // U+0112
    { 0x0113, 23 }, // U+0113
    { 0x0114, 11 }, // U+0114
    { 0x0115, 23 }, // U+0115
    { 0x0116, 11 }, // U+0116
    { 0x0117, 23 }, // U+0117
    { 0x0118, 11 }, // U+0118
    { 0x0119, 23 }, // U+0119
    { 0x011A, 11 }, // U+011A
    { 0x011B, 23 }, // U+011B
    { 0x0125, 22 }, // U+0125
    { 0x0129, 36 }, // U+0129
    { 0x012B, 33 }, // U+012B
    { 0x012E, 37 }, // U+012E
    { 0x0136, 9 }, // U+0136
    { 0x0138, 28 }, // U+0138
    { 0x0139, 13 }, // U+0139
    { 0x013B, 13 }, // U+013B
    { 0x013D, 13 }, // U+013D
    { 0x013E, 35 }, // U+013E
    { 0x013F, 13 }, // U+013F
    { 0x0141, 13 }, // U+0141
    { 0x0144, 22 }, // U+0144
    { 0x0146, 22 }, // U+0146
    { 0x0149, 22 }, // U+0149
    { 0x014B, 22 }, // U+014B
    { 0x014C, 10 }, // U+014C
    { 0x014D, 23 }, // U+014D
    { 0x014E, 10 }, // U+014E
    { 0x014F, 23 }, // U+014F
    { 0x0150, 10 }, // U+0150
    { 0x0151, 23 }, // U+0151
    { 0x0152, 11 }, // U+0152
    { 0x0153, 23 }, // U+0153
    { 0x0155, 26 }, // U+0155
    { 0x0157, 26 }, // U+0157
    { 0x0159, 26 }, // U+0159
    { 0x0162, 16 }, // U+0162
    { 0x0163, 24 }, // U+0163
    { 0x0164, 16 }, // U+0164
    { 0x0165, 38 }, // U+0165
    { 0x0166, 16 }, // U+0166
    { 0x0167, 24 }, // U+0167
    { 0x0168, 17 }, // U+0168
    { 0x016A, 17 }, // U+016A
    { 0x016C, 17 }, // U+016C
    { 0x016E, 17 }, // U+016E
    { 0x0170, 17 }, // U+0170
    { 0x0172, 17 }, // U+0172
    { 0x0174, 18 }, // U+0174
    { 0x0175, 27 }, // U+0175
    { 0x0176, 19 }, // U+0176
    { 0x0177, 27 }, // U+0177
    { 0x0178, 19 }, // U+0178
    { 0x0179, 20 }, // U+0179
    { 0x017B, 20 }, // U+017B
    { 0x017D, 20 }, // U+017D
    { 0x01A0, 39 }, // U+01A0
    { 0x01A1, 40 }, // U+01A1
    { 0x01AF, 41 }, // U+01AF
    { 0x01B0, 42 }, // U+01B0
    { 0x01FA, 7 }, // U+01FA
    { 0x01FB, 22 }, // U+01FB
    { 0x01FC, 11 }, // U+01FC
    { 0x01FD, 23 }, // U+01FD
    { 0x01FE, 10 }, // U+01FE
    { 0x020B, 33 }, // U+020B
    { 0x021A, 16 }, // U+021A
    { 0x021B, 24 }, // U+021B
    { 0x0400, 43 }, // U+0400
    { 0x0401, 43 }, // U+0401
    { 0x0402, 44 }, // U+0402
    { 0x0403, 45 }, // U+0403
    { 0x0404, 46 }, // U+0404
    { 0x0405, 47 }, // U+0405
    { 0x0409, 48 }, // U+0409
    { 0x040A, 48 }, // U+040A
    { 0x040B, 44 }, // U+040B
    { 0x040C, 49 }, // U+040C
    { 0x040E, 50 }, // U+040E
    { 0x0410, 51 }, // U+0410
    { 0x0411, 52 }, // U+0411
    { 0x0412, 53 }, // U+0412
    { 0x0413, 45 }, // U+0413
    { 0x0414, 54 }, // U+0414
    { 0x0415, 43 }, // U+0415
    { 0x0416, 49 }, // U+0416
    { 0x0417, 53 }, // U+0417
    { 0x041A, 49 }, // U+041A
    { 0x041E, 55 }, // U+041E
    { 0x0420, 56 }, // U+0420
    { 0x0421, 46 }, // U+0421
    { 0x0422, 45 }, // U+0422
    { 0x0423, 50 }, // U+0423
    { 0x0424, 57 }, // U+0424
    { 0x0425, 49 }, // U+0425
    { 0x0426, 54 }, // U+0426
    { 0x0429, 54 }, // U+0429
    { 0x042A, 48 }, // U+042A
    { 0x042C, 48 }, // U+042C
    { 0x042D, 55 }, // U+042D
    { 0x042E, 55 }, // U+042E
    { 0x0430, 58 }, // U+0430
    { 0x0431, 59 }, // U+0431
    { 0x0432, 60 }, // U+0432
    { 0x0433, 61 }, // U+0433
    { 0x0434, 62 }, // U+0434
    { 0x0435, 63 }, // U+0435
    { 0x0436, 64 }, // U+0436
    { 0x0437, 60 }, // U+0437
    { 0x0438, 65 }, // U+0438
    { 0x0439, 65 }, // U+0439
    { 0x043A, 64 }, // U+043A
    { 0x043B, 65 }, // U+043B
    { 0x043C, 65 }, // U+043C
    { 0x043D, 65 }, // U+043D
    { 0x043E, 63 }, // U+043E
    { 0x043F, 65 }, // U+043F
    { 0x0440, 63 }, // U+0440
    { 0x0441, 66 }, // U+0441
    { 0x0442, 61 }, // U+0442
    { 0x0443, 67 }, // U+0443
    { 0x0444, 63 }, // U+0444
    { 0x0445, 64 }, // U+0445
    { 0x0446, 62 }, // U+0446
    { 0x0447, 65 }, // U+0447
    { 0x0448, 65 }, // U+0448
    { 0x0449, 62 }, // U+0449
    { 0x044A, 68 }, // U+044A
    { 0x044B, 65 }, // U+044B
    { 0x044C, 68 }, // U+044C
    { 0x044D, 63 }, // U+044D
    { 0x044E, 63 }, // U+044E
    { 0x044F, 65 }, // U+044F
    { 0x0450, 63 }, // U+0450
    { 0x0451, 63 }, // U+0451
    { 0x0452, 69 }, // U+0452
    { 0x0453, 70 }, // U+0453
    { 0x0454, 66 }, // U+0454
    { 0x0455, 71 }, // U+0455
    { 0x0457, 72 }, // U+0457
    { 0x0458, 73 }, // U+0458
    { 0x0459, 68 }, // U+0459
    { 0x045A, 68 }, // U+045A
    { 0x045B, 74 }, // U+045B
    { 0x045C, 64 }, // U+045C
    { 0x045D, 65 }, // U+045D
    { 0x045E, 67 }, // U+045E
    { 0x045F, 65 }, // U+045F
    { 0x0460, 55 }, // U+0460
    { 0x0461, 75 }, // U+0461
    { 0x0462, 76 }, // U+0462
    { 0x0463, 68 }, // U+0463
    { 0x0464, 46 }, // U+0464
    { 0x0465, 66 }, // U+0465
    { 0x0466, 51 }, // U+0466
    { 0x0467, 77 }, // U+0467
    { 0x0468, 51 }, // U+0468
    { 0x0469, 77 }, // U+0469
    { 0x046E, 78 }, // U+046E
    { 0x0471, 63 }, // U+0471
    { 0x0472, 55 }, // U+0472
    { 0x0473, 63 }, // U+0473
    { 0x0474, 50 }, // U+0474
    { 0x0475, 75 }, // U+0475
    { 0x0476, 50 }, // U+0476
    { 0x0477, 75 }, // U+0477
    { 0x0478, 67 }, // U+0478
    { 0x0479, 67 }, // U+0479
    { 0x047A, 55 }, // U+047A
    { 0x047B, 63 }, // U+047B
    { 0x047C, 55 }, // U+047C
    { 0x047D, 63 }, // U+047D
    { 0x047E, 55 }, // U+047E
    { 0x047F, 75 }, // U+047F
    { 0x0480, 46 }, // U+0480
    { 0x048A, 54 }, // U+048A
    { 0x048B, 62 }, // U+048B
    { 0x048C, 76 }, // U+048C
    { 0x048D, 68 }, // U+048D
    { 0x048E, 56 }, // U+048E
    { 0x048F, 63 }, // U+048F
    { 0x0490, 79 }, // U+0490
    { 0x0491, 80 }, // U+0491
    { 0x0492, 81 }, // U+0492
    { 0x0493, 82 }, // U+0493
    { 0x0496, 83 }, // U+0496
    { 0x0497, 84 }, // U+0497
    { 0x0498, 78 }, // U+0498
    { 0x0499, 60 }, // U+0499
    { 0x049A, 83 }, // U+049A
    { 0x049B, 84 }, // U+049B
    { 0x049C, 49 }, // U+049C
    { 0x049D, 64 }, // U+049D
    { 0x049E, 49 }, // U+049E
    { 0x049F, 64 }, // U+049F
    { 0x04A0, 49 }, // U+04A0
    { 0x04A1, 64 }, // U+04A1
    { 0x04A2, 54 }, // U+04A2
    { 0x04A3, 62 }, // U+04A3
    { 0x04A4, 81 }, // U+04A4
    { 0x04A5, 80 }, // U+04A5
    { 0x04A9, 63 }, // U+04A9
    { 0x04AA, 46 }, // U+04AA
    { 0x04AB, 66 }, // U+04AB
    { 0x04AC, 79 }, // U+04AC
    { 0x04AD, 80 }, // U+04AD
    { 0x04AE, 85 }, // U+04AE
    { 0x04AF, 86 }, // U+04AF
    { 0x04B0, 85 }, // U+04B0
    { 0x04B1, 86 }, // U+04B1
    { 0x04B2, 83 }, // U+04B2
    { 0x04B3, 84 }, // U+04B3
    { 0x04B4, 54 }, // U+04B4
    { 0x04B5, 62 }, // U+04B5
    { 0x04B6, 54 }, // U+04B6
    { 0x04B7, 62 }, // U+04B7
    { 0x04BC, 87 }, // U+04BC
    { 0x04BD, 88 }, // U+04BD
    { 0x04BE, 87 }, // U+04BE
    { 0x04BF, 88 }, // U+04BF
    { 0x04C1, 49 }, // U+04C1
    { 0x04C2, 64 }, // U+04C2
    { 0x04C5, 54 }, // U+04C5
    { 0x04C6, 62 }, // U+04C6
    { 0x04C9, 54 }, // U+04C9
    { 0x04CA, 62 }, // U+04CA
    { 0x04CD, 54 }, // U+04CD
    { 0x04CE, 62 }, // U+04CE
    { 0x04D0, 51 }, // U+04D0
    { 0x04D1, 58 }, // U+04D1
    { 0x04D2, 51 }, // U+04D2
    { 0x04D3, 58 }, // U+04D3
    { 0x04D4, 43 }, // U+04D4
    { 0x04D5, 88 }, // U+04D5
    { 0x04D6, 43 }, // U+04D6
    { 0x04D7, 88 }, // U+04D7
    { 0x04D8, 55 }, // U+04D8
    { 0x04D9, 63 }, // U+04D9
    { 0x04DA, 55 }, // U+04DA
    { 0x04DB, 63 }, // U+04DB
    { 0x04DC, 49 }, // U+04DC
    { 0x04DD, 64 }, // U+04DD
    { 0x04DE, 78 }, // U+04DE
    { 0x04DF, 60 }, // U+04DF
    { 0x04E3, 65 }, // U+04E3
    { 0x04E5, 65 }, // U+04E5
    { 0x04E6, 55 }, // U+04E6
    { 0x04E7, 63 }, // U+04E7
    { 0x04E8, 55 }, // U+04E8
    { 0x04E9, 63 }, // U+04E9
    { 0x04EA, 55 }, // U+04EA
    { 0x04EB, 63 }, // U+04EB
    { 0x04EC, 55 }, // U+04EC
    { 0x04ED, 63 }, // U+04ED
    { 0x04EE, 50 }, // U+04EE
    { 0x04EF, 67 }, // U+04EF
    { 0x04F0, 50 }, // U+04F0
    { 0x04F1, 67 }, // U+04F1
    { 0x04F2, 50 }, // U+04F2
    { 0x04F3, 67 }, // U+04F3
    { 0x04F5, 65 }, // U+04F5
    { 0x04F6, 79 }, // U+04F6
    { 0x04F7, 80 }, // U+04F7
    { 0x04F9, 65 }, // U+04F9
    { 0x04FA, 81 }, // U+04FA
    { 0x04FB, 82 }, // U+04FB
    { 0x04FC, 83 }, // U+04FC
    { 0x04FD, 84 }, // U+04FD
    { 0x04FE, 49 }, // U+04FE
    { 0x04FF, 84 }, // U+04FF
    { 0x1EA0, 7 }, // U+1EA0
    { 0x1EA1, 22 }, // U+1EA1
    { 0x1EA2, 7 }, // U+1EA2
    { 0x1EA3, 22 }, // U+1EA3
    { 0x1EA4, 7 }, // U+1EA4
    { 0x1EA5, 22 }, // U+1EA5
    { 0x1EA6, 7 }, // U+1EA6
    { 0x1EA7, 22 }, // U+1EA7
    { 0x1EA8, 7 }, // U+1EA8
    { 0x1EA9, 22 }, // U+1EA9
    { 0x1EAA, 7 }, // U+1EAA
    { 0x1EAB, 22 }, // U+1EAB
    { 0x1EAC, 7 }, // U+1EAC
    { 0x1EAD, 22 }, // U+1EAD
    { 0x1EAE, 7 }, // U+1EAE
    { 0x1EAF, 22 }, // U+1EAF
    { 0x1EB0, 7 }, // U+1EB0
    { 0x1EB1, 22 }, // U+1EB1
    { 0x1EB2, 7 }, // U+1EB2
    { 0x1EB3, 22 }, // U+1EB3
    { 0x1EB4, 7 }, // U+1EB4
    { 0x1EB5, 22 }, // U+1EB5
    { 0x1EB6, 7 }, // U+1EB6
    { 0x1EB7, 22 }, // U+1EB7
    { 0x1EB8, 11 }, // U+1EB8
    { 0x1EB9, 23 }, // U+1EB9
    { 0x1EBA, 11 }, // U+1EBA
    { 0x1EBB, 23 }, // U+1EBB
    { 0x1EBC, 11 }, // U+1EBC
    { 0x1EBD, 23 }, // U+1EBD
    { 0x1EBE, 11 }, // U+1EBE
    { 0x1EBF, 23 }, // U+1EBF
    { 0x1EC0, 11 }, // U+1EC0
    { 0x1EC1, 23 }, // U+1EC1
    { 0x1EC2, 11 }, // U+1EC2
    { 0x1EC3, 23 }, // U+1EC3
    { 0x1EC4, 11 }, // U+1EC4
    { 0x1EC5, 23 }, // U+1EC5
    { 0x1EC6, 11 }, // U+1EC6
    { 0x1EC7, 23 }, // U+1EC7
    { 0x1ECC, 10 }, // U+1ECC
    { 0x1ECD, 23 }, // U+1ECD
    { 0x1ECE, 10 }, // U+1ECE
    { 0x1ECF, 23 }, // U+1ECF
    { 0x1ED0, 10 }, // U+1ED0
    { 0x1ED1, 23 }, // U+1ED1
    { 0x1ED2, 10 }, // U+1ED2
    { 0x1ED3, 23 }, // U+1ED3
    { 0x1ED4, 10 }, // U+1ED4
    { 0x1ED5, 23 }, // U+1ED5
    { 0x1ED6, 10 }, // U+1ED6
    { 0x1ED7, 23 }, // U+1ED7
    { 0x1ED8, 10 }, // U+1ED8
    { 0x1ED9, 23 }, // U+1ED9
    { 0x1EDA, 39 }, // U+1EDA
    { 0x1EDB, 40 }, // U+1EDB
    { 0x1EDC, 39 }, // U+1EDC
    { 0x1EDD, 40 }, // U+1EDD
    { 0x1EDE, 39 }, // U+1EDE
    { 0x1EDF, 40 }, // U+1EDF
    { 0x1EE0, 39 }, // U+1EE0
    { 0x1EE1, 40 }, // U+1EE1
    { 0x1EE2, 39 }, // U+1EE2
    { 0x1EE3, 40 }, // U+1EE3
    { 0x1EE4, 17 }, // U+1EE4
    { 0x1EE6, 17 }, // U+1EE6
    { 0x1EE8, 41 }, // U+1EE8
    { 0x1EE9, 42 }, // U+1EE9
    { 0x1EEA, 41 }, // U+1EEA
    { 0x1EEB, 42 }, // U+1EEB
    { 0x1EEC, 41 }, // U+1EEC
    { 0x1EED, 42 }, // U+1EED
    { 0x1EEE, 41 }, // U+1EEE
    { 0x1EEF, 42 }, // U+1EEF
    { 0x1EF0, 41 }, // U+1EF0
    { 0x1EF1, 42 }, // U+1EF1
    { 0x1EF2, 19 }, // U+1EF2
    { 0x1EF3, 27 }, // U+1EF3
    { 0x1EF4, 19 }, // U+1EF4
    { 0x1EF5, 27 }, // U+1EF5
    { 0x1EF6, 19 }, // U+1EF6
    { 0x1EF7, 27 }, // U+1EF7
    { 0x1EF8, 19 }, // U+1EF8
    { 0x1EF9, 27 }, // U+1EF9
    { 0x2013, 5 }, // U+2013
    { 0x2014, 5 }, // U+2014
    { 0x2015, 5 }, // U+2015
    { 0x2018, 1 }, // U+2018
    { 0x2019, 1 }, // U+2019
    { 0x201A, 4 }, // U+201A
    { 0x201C, 1 }, // U+201C
    { 0x201D, 1 }, // U+201D
    { 0x201E, 4 }, // U+201E
    { 0x2039, 30 }, // U+2039
    { 0x203A, 31 }, // U+203A
    { 0xFB00, 25 }, // U+FB00
};

static const EpdKernClassEntry notosans_16_boldKernRightClasses[] = {
    { 0x0021, 1 }, // !
    { 0x0022, 2 }, // "
    { 0x0026, 3 }, // &
    { 0x0027, 2 }, // '
    { 0x0029, 4 }, // )
    { 0x002C, 5 }, // ,
    { 0x002D, 6 }, // -
    { 0x002E, 5 }, // .
    { 0x003A, 7 }, // :
    { 0x003B, 7 }, // ;
    { 0x003F, 8 }, // ?
    { 0x0041, 9 }, // A
    { 0x0043, 10 }, // C
    { 0x0047, 10 }, // G
    { 0x0049, 11 }, // I
    { 0x004A, 12 }, // J
    { 0x004F, 10 }, // O
    { 0x0051, 10 }, // Q
    { 0x0054, 13 }, // T
    { 0x0055, 14 }, // U
    { 0x0056, 15 }, // V
    { 0x0057, 15 }, // W
    { 0x0058, 16 }, // X
    { 0x0059, 17 }, // Y
    { 0x005A, 18 }, // Z
    { 0x005D, 4 }, // ]
    { 0x0061, 19 }, // a
    { 0x0062, 20 }, // b
    { 0x0063, 21 }, // c
    { 0x0064, 21 }, // d
    { 0x0065, 21 }, // e
    { 0x0066, 22 }, // f
    { 0x0067, 23 }, // g
    { 0x0068, 20 }, // h
    { 0x006A, 24 }, // j
    { 0x006B, 20 }, // k
    { 0x006C, 20 }, // l
    { 0x006D, 25 }, // m
    { 0x006E, 25 }, // n
    { 0x006F, 21 }, // o
    { 0x0070, 25 }, // p
    { 0x0071, 21 }, // q
    { 0x0072, 25 }, // r
    { 0x0073, 26 }, // s
    { 0x0074, 22 }, // t
    { 0x0075, 25 }, // u
    { 0x0076, 27 }, // v
    { 0x0077, 27 }, // w
    { 0x0078, 27 }, // x
    { 0x0079, 27 }, // y
    { 0x007A, 28 }, // z
    { 0x007D, 4 }, // }
    { 0x00AB, 29 }, // U+00AB
    { 0x00BB, 30 }, // U+00BB
    { 0x00C0, 9 }, // U+00C0
    { 0x00C1, 9 }, // U+00C1
    { 0x00C2, 9 }, // U+00C2
    { 0x00C3, 9 }, // U+00C3
    { 0x00C4, 9 }, // U+00C4
    { 0x00C5, 9 }, // U+00C5
    { 0x00C6, 31 }, // U+00C6
    { 0x00C7, 10 }, // U+00C7
    { 0x00D2, 10 }, // U+00D2
    { 0x00D3, 10 }, // U+00D3
    { 0x00D4, 10 }, // U+00D4
    { 0x00D5, 10 }, // U+00D5
    { 0x00D6, 10 }, // U+00D6
    { 0x00D8, 10 }, // U+00D8
    { 0x00D9, 14 }, // U+00D9
    { 0x00DA, 14 }, // U+00DA
    { 0x00DB, 14 }, // U+00DB
    { 0x00DC, 14 }, // U+00DC
    { 0x00DD, 17 }, // U+00DD
    { 0x00E0, 21 }, // U+00E0
    { 0x00E1, 19 }, // U+00E1
    { 0x00E2, 19 }, // U+00E2
    { 0x00E3, 19 }, // U+00E3
    { 0x00E4, 19 }, // U+00E4
    { 0x00E5, 19 }, // U+00E5
    { 0x00E6, 19 }, // U+00E6
    { 0x00E7, 21 }, // U+00E7
    { 0x00E8, 21 }, // U+00E8
    { 0x00E9, 21 }, // U+00E9
    { 0x00EA, 21 }, // U+00EA
    { 0x00EB, 21 }, // U+00EB
    { 0x00F2, 21 }, // U+00F2
    { 0x00F3, 21 }, // U+00F3
    { 0x00F4, 21 }, // U+00F4
    { 0x00F5, 21 }, // U+00F5
    { 0x00F6, 21 }, // U+00F6
    { 0x00F8, 21 }, // U+00F8
    { 0x00F9, 25 }, // U+00F9
    { 0x00FA, 25 }, // U+00FA
    { 0x00FB, 25 }, // U+00FB
    { 0x00FC, 25 }, // U+00FC
    { 0x00FD, 27 }, // U+00FD
    { 0x00FE, 20 }, // U+00FE
    { 0x00FF, 27 }, // U+00FF
    { 0x0100, 9 }, // U+0100
    { 0x0101, 19 }, // U+0101
    { 0x0102, 9 }, // U+0102
    { 0x0103, 19 }, // U+0103
    { 0x0104, 9 }, // U+0104
    { 0x0105, 19 }, // U+0105
    { 0x0106, 10 }, // U+0106
    { 0x0107, 21 }, // U+0107
    { 0x0108, 10 }, // U+0108
    { 0x0109, 21 }, // U+0109
    { 0x010A, 10 }, // U+010A
    { 0x010B, 21 }, // U+010B
    { 0x010C, 10 }, // U+010C
    { 0x010D, 21 }, // U+010D
    { 0x010F, 21 }, // U+010F
    { 0x0111, 21 }, // U+0111
    { 0x0113, 21 }, // U+0113
    { 0x0115, 21 }, // U+0115
    { 0x0117, 21 }, // U+0117
    { 0x0119, 21 }, // U+0119
    { 0x011B, 21 }, // U+011B
    { 0x011C, 10 }, // U+011C
    { 0x011D, 23 }, // U+011D
    { 0x011E, 10 }, // U+011E
    { 0x011F, 23 }, // U+011F
    { 0x0120, 10 }, // U+0120
    { 0x0121, 23 }, // U+0121
    { 0x0122, 10 }, // U+0122
    { 0x0123, 23 }, // U+0123
    { 0x0125, 20 }, // U+0125
    { 0x0127, 32 }, // U+0127
    { 0x0129, 33 }, // U+0129
    { 0x0137, 20 }, // U+0137
    { 0x0138, 25 }, // U+0138
    { 0x013A, 20 }, // U+013A
    { 0x013C, 20 }, // U+013C
    { 0x013E, 20 }, // U+013E
    { 0x0140, 20 }, // U+0140
    { 0x0144, 25 }, // U+0144
    { 0x0146, 25 }, // U+0146
    { 0x014B, 25 }, // U+014B
    { 0x014C, 10 }, // U+014C
    { 0x014D, 21 }, // U+014D
    { 0x014E, 10 }, // U+014E
    { 0x014F, 21 }, // U+014F
    { 0x0150, 10 }, // U+0150
    { 0x0151, 21 }, // U+0151
    { 0x0152, 10 }, // U+0152
    { 0x0153, 21 }, // U+0153
    { 0x0155, 25 }, // U+0155
    { 0x0157, 25 }, // U+0157
    { 0x015B, 26 }, // U+015B
    { 0x015F, 26 }, // U+015F
    { 0x0162, 13 }, // U+0162
    { 0x0163, 22 }, // U+0163
    { 0x0164, 13 }, // U+0164
    { 0x0165, 22 }, // U+0165
    { 0x0166, 13 }, // U+0166
    { 0x0167, 22 }, // U+0167
    { 0x0168, 14 }, // U+0168
    { 0x0169, 25 }, // U+0169
    { 0x016A, 14 }, // U+016A
    { 0x016B, 25 }, // U+016B
    { 0x016C, 14 }, // U+016C
    { 0x016D, 25 }, // U+016D
    { 0x016E, 14 }, // U+016E
    { 0x016F, 25 }, // U+016F
    { 0x0170, 14 }, // U+0170
    { 0x0171, 25 }, // U+0171
    { 0x0172, 14 }, // U+0172
    { 0x0173, 25 }, // U+0173
    { 0x0174, 15 }, // U+0174
    { 0x0175, 27 }, // U+0175
    { 0x0176, 17 }, // U+0176
    { 0x0177, 27 }, // U+0177
    { 0x0178, 17 }, // U+0178
    { 0x0179, 18 }, // U+0179
    { 0x017A, 28 }, // U+017A
    { 0x017B, 18 }, // U+017B
    { 0x017C, 28 }, // U+017C
    { 0x017D, 18 }, // U+017D
    { 0x017E, 28 }, // U+017E
    { 0x01A0, 10 }, // U+01A0
    { 0x01A1, 21 }, // U+01A1
    { 0x01AF, 14 }, // U+01AF
    { 0x01B0, 25 }, // U+01B0
    { 0x01FA, 9 }, // U+01FA
    { 0x01FB, 19 }, // U+01FB
    { 0x01FC, 31 }, // U+01FC
    { 0x01FD, 19 }, // U+01FD
    { 0x01FE, 10 }, // U+01FE
    { 0x01FF, 21 }, // U+01FF
    { 0x0219, 26 }, // U+0219
    { 0x021A, 13 }, // U+021A
    { 0x021B, 22 }, // U+021B
    { 0x0402, 34 }, // U+0402
    { 0x0404, 35 }, // U+0404
    { 0x0405, 36 }, // U+0405
    { 0x0408, 37 }, // U+0408
    { 0x0409, 38 }, // U+0409
    { 0x040B, 34 }, // U+040B
    { 0x040E, 39 }, // U+040E
    { 0x0410, 40 }, // U+0410
    { 0x0414, 41 }, // U+0414
    { 0x0416, 42 }, // U+0416
    { 0x0417, 43 }, // U+0417
    { 0x041B, 38 }, // U+041B
    { 0x041E, 35 }, // U+041E
    { 0x0421, 35 }, // U+0421
    { 0x0422, 34 }, // U+0422
    { 0x0423, 39 }, // U+0423
    { 0x0424, 44 }, // U+0424
    { 0x0425, 42 }, // U+0425
    { 0x0427, 45 }, // U+0427
    { 0x042A, 34 }, // U+042A
    { 0x042D, 43 }, // U+042D
    { 0x042F, 46 }, // U+042F
    { 0x0430, 47 }, // U+0430
    { 0x0431, 48 }, // U+0431
    { 0x0432, 49 }, // U+0432
    { 0x0433, 49 }, // U+0433
    { 0x0434, 50 }, // U+0434
    { 0x0435, 51 }, // U+0435
    { 0x0436, 52 }, // U+0436
    { 0x0437, 53 }, // U+0437
    { 0x0438, 49 }, // U+0438
    { 0x0439, 49 }, // U+0439
    { 0x043A, 49 }, // U+043A
    { 0x043B, 54 }, // U+043B
    { 0x043C, 49 }, // U+043C
    { 0x043D, 49 }, // U+043D
    { 0x043E, 51 }, // U+043E
    { 0x043F, 49 }, // U+043F
    { 0x0440, 49 }, // U+0440
    { 0x0441, 51 }, // U+0441
    { 0x0442, 55 }, // U+0442
    { 0x0443, 56 }, // U+0443
    { 0x0444, 51 }, // U+0444
    { 0x0445, 52 }, // U+0445
    { 0x0446, 49 }, // U+0446
    { 0x0447, 57 }, // U+0447
    { 0x0448, 49 }, // U+0448
    { 0x0449, 49 }, // U+0449
    { 0x044A, 55 }, // U+044A
    { 0x044B, 49 }, // U+044B
    { 0x044C, 49 }, // U+044C
    { 0x044D, 53 }, // U+044D
    { 0x044E, 49 }, // U+044E
    { 0x044F, 58 }, // U+044F
    { 0x0450, 51 }, // U+0450
    { 0x0451, 51 }, // U+0451
    { 0x0452, 59 }, // U+0452
    { 0x0453, 49 }, // U+0453
    { 0x0454, 51 }, // U+0454
    { 0x0455, 60 }, // U+0455
    { 0x0457, 61 }, // U+0457
    { 0x0458, 62 }, // U+0458
    { 0x0459, 54 }, // U+0459
    { 0x045A, 49 }, // U+045A
    { 0x045B, 59 }, // U+045B
    { 0x045C, 49 }, // U+045C
    { 0x045D, 49 }, // U+045D
    { 0x045E, 56 }, // U+045E
    { 0x045F, 49 }, // U+045F
    { 0x0460, 63 }, // U+0460
    { 0x0461, 64 }, // U+0461
    { 0x0462, 65 }, // U+0462
    { 0x0465, 66 }, // U+0465
    { 0x0466, 40 }, // U+0466
    { 0x0467, 50 }, // U+0467
    { 0x0469, 66 }, // U+0469
    { 0x046D, 66 }, // U+046D
    { 0x046E, 43 }, // U+046E
    { 0x0470, 45 }, // U+0470
    { 0x0472, 63 }, // U+0472
    { 0x0473, 47 }, // U+0473
    { 0x0474, 67 }, // U+0474
    { 0x0475, 64 }, // U+0475
    { 0x0476, 67 }, // U+0476
    { 0x0477, 64 }, // U+0477
    { 0x0478, 63 }, // U+0478
    { 0x0479, 47 }, // U+0479
    { 0x047A, 63 }, // U+047A
    { 0x047B, 47 }, // U+047B
    { 0x047C, 63 }, // U+047C
    { 0x047D, 47 }, // U+047D
    { 0x047E, 63 }, // U+047E
    { 0x047F, 64 }, // U+047F
    { 0x0480, 63 }, // U+0480
    { 0x0481, 47 }, // U+0481
    { 0x048B, 66 }, // U+048B
    { 0x048C, 65 }, // U+048C
    { 0x048D, 59 }, // U+048D
    { 0x048F, 66 }, // U+048F
    { 0x0491, 66 }, // U+0491
    { 0x0492, 65 }, // U+0492
    { 0x0495, 66 }, // U+0495
    { 0x0496, 42 }, // U+0496
    { 0x0497, 52 }, // U+0497
    { 0x0498, 43 }, // U+0498
    { 0x0499, 53 }, // U+0499
    { 0x049B, 66 }, // U+049B
    { 0x049D, 66 }, // U+049D
    { 0x049F, 59 }, // U+049F
    { 0x04A0, 68 }, // U+04A0
    { 0x04A1, 55 }, // U+04A1
    { 0x04A3, 66 }, // U+04A3
    { 0x04A5, 66 }, // U+04A5
    { 0x04A7, 66 }, // U+04A7
    { 0x04A8, 63 }, // U+04A8
    { 0x04A9, 47 }, // U+04A9
    { 0x04AA, 63 }, // U+04AA
    { 0x04AB, 47 }, // U+04AB
    { 0x04AC, 34 }, // U+04AC
    { 0x04AD, 55 }, // U+04AD
    { 0x04AE, 69 }, // U+04AE
    { 0x04AF, 70 }, // U+04AF
    { 0x04B0, 69 }, // U+04B0
    { 0x04B1, 70 }, // U+04B1
    { 0x04B2, 42 }, // U+04B2
    { 0x04B3, 52 }, // U+04B3
    { 0x04B4, 68 }, // U+04B4
    { 0x04B5, 55 }, // U+04B5
    { 0x04B6, 45 }, // U+04B6
    { 0x04B7, 57 }, // U+04B7
    { 0x04B8, 45 }, // U+04B8
    { 0x04B9, 57 }, // U+04B9
    { 0x04BB, 66 }, // U+04BB
    { 0x04BC, 71 }, // U+04BC
    { 0x04BD, 72 }, // U+04BD
    { 0x04BE, 71 }, // U+04BE
    { 0x04BF, 72 }, // U+04BF
    { 0x04C1, 42 }, // U+04C1
    { 0x04C2, 52 }, // U+04C2
    { 0x04C4, 66 }, // U+04C4
    { 0x04C5, 73 }, // U+04C5
    { 0x04C6, 50 }, // U+04C6
    { 0x04C8, 66 }, // U+04C8
    { 0x04CA, 66 }, // U+04CA
    { 0x04CB, 45 }, // U+04CB
    { 0x04CC, 57 }, // U+04CC
    { 0x04CE, 66 }, // U+04CE
    { 0x04D0, 40 }, // U+04D0
    { 0x04D1, 74 }, // U+04D1
    { 0x04D2, 40 }, // U+04D2
    { 0x04D3, 74 }, // U+04D3
    { 0x04D4, 40 }, // U+04D4
    { 0x04D5, 74 }, // U+04D5
    { 0x04D7, 47 }, // U+04D7
    { 0x04D8, 75 }, // U+04D8
    { 0x04D9, 74 }, // U+04D9
    { 0x04DA, 75 }, // U+04DA
    { 0x04DB, 74 }, // U+04DB
    { 0x04DC, 42 }, // U+04DC
    { 0x04DD, 52 }, // U+04DD
    { 0x04DE, 43 }, // U+04DE
    { 0x04DF, 53 }, // U+04DF
    { 0x04E3, 49 }, // U+04E3
    { 0x04E5, 49 }, // U+04E5
    { 0x04E6, 63 }, // U+04E6
    { 0x04E7, 47 }, // U+04E7
    { 0x04E8, 63 }, // U+04E8
    { 0x04E9, 47 }, // U+04E9
    { 0x04EA, 63 }, // U+04EA
    { 0x04EB, 47 }, // U+04EB
    { 0x04EC, 43 }, // U+04EC
    { 0x04ED, 53 }, // U+04ED
    { 0x04EE, 39 }, // U+04EE
    { 0x04EF, 56 }, // U+04EF
    { 0x04F0, 39 }, // U+04F0
    { 0x04F1, 56 }, // U+04F1
    { 0x04F2, 39 }, // U+04F2
    { 0x04F3, 56 }, // U+04F3
    { 0x04F4, 45 }, // U+04F4
    { 0x04F5, 57 }, // U+04F5
    { 0x04F7, 66 }, // U+04F7
    { 0x04F9, 49 }, // U+04F9
    { 0x04FA, 65 }, // U+04FA
    { 0x04FC, 42 }, // U+04FC
    { 0x04FD, 52 }, // U+04FD
    { 0x04FE, 42 }, // U+04FE
    { 0x04FF, 52 }, // U+04FF
    { 0x1EA0, 9 }, // U+1EA0
    { 0x1EA1, 19 }, // U+1EA1
    { 0x1EA2, 9 }, // U+1EA2
    { 0x1EA3, 19 }, // U+1EA3
    { 0x1EA4, 9 }, // U+1EA4
    { 0x1EA5, 19 }, // U+1EA5
    { 0x1EA6, 9 }, // U+1EA6
    { 0x1EA7, 19 }, // U+1EA7
    { 0x1EA8, 9 }, // U+1EA8
    { 0x1EA9, 19 }, // U+1EA9
    { 0x1EAA, 9 }, // U+1EAA
    { 0x1EAB, 19 }, // U+1EAB
    { 0x1EAC, 9 }, // U+1EAC
    { 0x1EAD, 19 }, // U+1EAD
    { 0x1EAE, 9 }, // U+1EAE
    { 0x1EAF, 19 }, // U+1EAF
    { 0x1EB0, 9 }, // U+1EB0
    { 0x1EB1, 19 }, // U+1EB1
    { 0x1EB2, 9 }, // U+1EB2
    { 0x1EB3, 19 }, // U+1EB3
    { 0x1EB4, 9 }, // U+1EB4
    { 0x1EB5, 19 }, // U+1EB5
    { 0x1EB6, 9 }, // U+1EB6
    { 0x1EB7, 19 }, // U+1EB7
    { 0x1EB9, 21 }, // U+1EB9
    { 0x1EBB, 21 }, // U+1EBB
    { 0x1EBD, 21 }, // U+1EBD
    { 0x1EBF, 21 }, // U+1EBF
    { 0x1EC1, 21 }, // U+1EC1
    { 0x1EC3, 21 }, // U+1EC3
    { 0x1EC5, 21 }, // U+1EC5
    { 0x1EC7, 21 }, // U+1EC7
    { 0x1ECC, 10 }, // U+1ECC
    { 0x1ECD, 21 }, // U+1ECD
    { 0x1ECE, 10 }, // U+1ECE
    { 0x1ECF, 21 }, // U+1ECF
    { 0x1ED0, 10 }, // U+1ED0
    { 0x1ED1, 21 }, // U+1ED1
    { 0x1ED2, 10 }, // U+1ED2
    { 0x1ED3, 21 }, // U+1ED3
    { 0x1ED4, 10 }, // U+1ED4
    { 0x1ED5, 21 }, // U+1ED5
    { 0x1ED6, 10 }, // U+1ED6
    { 0x1ED7, 21 }, // U+1ED7
    { 0x1ED8, 10 }, // U+1ED8
    { 0x1ED9, 21 }, // U+1ED9
    { 0x1EDA, 10 }, // U+1EDA
    { 0x1EDB, 21 }, // U+1EDB
    { 0x1EDC, 10 }, // U+1EDC
    { 0x1EDD, 21 }, // U+1EDD
    { 0x1EDE, 10 }, // U+1EDE
    { 0x1EDF, 21 }, // U+1EDF
    { 0x1EE0, 10 }, // U+1EE0
    { 0x1EE1, 21 }, // U+1EE1
    { 0x1EE2, 10 }, // U+1EE2
    { 0x1EE3, 21 }, // U+1EE3
    { 0x1EE4, 14 }, // U+1EE4
    { 0x1EE5, 25 }, // U+1EE5
    { 0x1EE6, 14 }, // U+1EE6
    { 0x1EE7, 25 }, // U+1EE7
    { 0x1EE8, 14 }, // U+1EE8
    { 0x1EE9, 25 }, // U+1EE9
    { 0x1EEA, 14 }, // U+1EEA
    { 0x1EEB, 25 }, // U+1EEB
    { 0x1EEC, 14 }, // U+1EEC
    { 0x1EED, 25 }, // U+1EED
    { 0x1EEE, 14 }, // U+1EEE
    { 0x1EEF, 25 }, // U+1EEF
    { 0x1EF0, 14 }, // U+1EF0
    { 0x1EF1, 25 }, // U+1EF1
    { 0x1EF2, 17 }, // U+1EF2
    { 0x1EF4, 17 }, // U+1EF4
    { 0x1EF5, 27 }, // U+1EF5
    { 0x1EF6, 17 }, // U+1EF6
    { 0x1EF7, 27 }, // U+1EF7
    { 0x1EF8, 17 }, // U+1EF8
    { 0x1EF9, 27 }, // U+1EF9
    { 0x2013, 6 }, // U+2013
    { 0x2014, 6 }, // U+2014
    { 0x2015, 6 }, // U+2015
    { 0x2018, 76 }, // U+2018
    { 0x2019, 2 }, // U+2019
    { 0x201A, 5 }, // U+201A
    { 0x201C, 76 }, // U+201C
    { 0x201D, 2 }, // U+201D
    { 0x201E, 5 }, // U+201E
    { 0x2026, 5 }, // U+2026
    { 0x2039, 29 }, // U+2039
    { 0x203A, 30 }, // U+203A
    { 0xFB00, 22 }, // U+FB00
    { 0xFB01, 22 }, // U+FB01
    { 0xFB02, 22 }, // U+FB02
    { 0xFB03, 22 }, // U+FB03
    { 0xFB04, 22 }, // U+FB04
};

static const int8_t notosans_16_boldKernMatrix[] = {
       0,    0,    0,    0,    0,    0,    0,    0,  -37,    0,    0,    0,   11,    0,   11,    0,    5,    0,  -21,    0,  -32,    0,  -16,    0,  -16,  -16,    0,    0,    0,    0,  -43,    0,   37,   11,    0,    0,    0,  -16,   11,  -37,  -32,   11,    0,   -5,    0,    0,  -21,    0,    0,  -37,    0,    0,   11,  -27,   16,   11,    0,    0,   16,    0,   16,    0,    0,    0,    0,    0,    0,   11,    0,    0,    0,    0,  -32,  -11,    0,    0,
       0,    0,    0,    0,    0,    0,    0,    0,    0,    0,    0,    0,  -32,    0,  -11,    0,  -16,    0,    0,    0,    0,    0,    0,    0,    0,    0,    0,    0,    0,    0,    0,    0,    0,    0,    0,    0,    0,    0,    0,    0,    0,    0,    0,    0,    0,    0,    0,    0,    0,    0,    0,    0,    0,    0,    0,    0,    0,    0,    0,    0,    0,    0,    0,    0,    0,    0,    0,    0,    0,    0,    0,    0,    0,    0,    0,    0,
       0,    0,    0,    0,    0,    0,    0,    0,    0,    0,    0,   48,    0,    0,    0,    0,    0,    0,    0,    0,    0,    0,    0,   21,    0,    0,    0,    0,    0,    0,    0,    0,    0,    0,    0,    0,   53,    0,    0,    0,    0,    0,    0,  -16,    0,    0,    0,    0,    0,    0,    0,    0,    0,    0,    0,    0,    0,    0,    0,    0,    0,   32,    0,    0,    0,    0,    0,    0,    0,    0,    0,    0,    0,    0,    0,    0,
       0,    0,    0,    0,    0,    0,    0,    0,    0,  -27,    0,    0,  -37,  -11,  -32,    0,  -32,    0,    0,    0,    0,    0,    0,    0,    0,    0,    0,    0,    0,    0,    0,    0,    0,  -27,    0,    0,   32,    0,  -11,    0,    0,    0,    0,  -21,  -43,    0,    0,    0,    0,    0,    0,    0,    0,    0,  -21,    0,  -32,    0,    0,    0,    0,    0,  -27,    0,    0,    0,  -32,  -37,  -32,    0,  -32,    0,    0,    0,    0,    0,
       0,    0,    0,    0,    0,    0,    0,    0,    0,    0,    0,    0,  -21,    0,    0,    0,    0,    0,    0,    0,    0,    0,    0,    0,    0,    0,    0,    0,    0,    0,    0,    0,    0,  -21,    0,    0,    0,    0,  -11,    0,    0,   -5,    0,    0,    0,    0,    0,    0,    0,    0,    0,   -5,    0,    0,  -11,    0,    0,    0,    0,    0,    0,    0,    0,    0,    0,    0,    0,  -21,    0,    0,    0,    0,    0,    0,    0,    0,
       0,    0,    0,    0,    0,    0,    0,    0,    0,    0,    0,    0,    0,    0,    0,    0,    0,    0,    0,    0,    0,    0,    0,    0,    0,    0,    0,    0,    0,    0,    0,    0,    0,   -6,    0,    0,    0,    0,    0,    0,    0,   -2,    0,   -2,   -2,    0,    0,    0,    0,    0,    0,    0,    0,    0,    0,    0,   -2,    0,    0,    0,    0,    0,    0,    0,    0,    0,    0,    0,    0,    0,    0,    0,    0,    0,    0,    0,
       0,  -37,    0,    0,    0,    0,    0,    0,    0,  -11,    0,   27,  -37,    0,  -21,    0,  -32,    0,    0,    0,    0,    0,    0,    0,    0,    0,    0,    0,    0,    0,    0,    0,    0,    0,    0,    0,    0,    0,    0,    0,    0,    0,    0,    0,    0,    0,    0,    0,    0,    0,    0,    0,    0,    0,    0,    0,    0,    0,    0,    0,    0,    0,    0,    0,    0,    0,    0,    0,    0,    0,    0,    0,    0,    0,    0,    0,
       0,    0,    0,    0,   -5,    0,    0,    0,    0,    0,    0,    0,    0,    0,    0,    0,    0,    0,    0,    0,    0,    0,    0,    0,    0,    0,    0,    0,    0,    0,    0,    0,    0,    0,    0,    0,    0,    0,    0,    0,    0,    0,    0,    0,    0,    0,    0,    0,    0,    0,    0,    0,    0,    0,    0,    0,    0,    0,    0,    0,    0,    0,    0,    0,    0,    0,    0,    0,    0,    0,    0,    0,    0,    0,    0,    0,
       0,    0,    0,    0,    0,    0,    0,    0,    0,  -11,    0,    0,    0,    0,    0,    0,    0,    0,    0,    0,    0,    0,    0,    0,    0,    0,    0,    0,  -11,    0,    0,    0,    0,    0,    0,    0,    0,    0,    0,    0,    0,    0,    0,    0,    0,    0,    0,    0,    0,    0,    0,    0,    0,    0,    0,    0,    0,    0,    0,    0,    0,    0,    0,    0,    0,    0,    0,    0,    0,    0,    0,    0,    0,    0,    0,    0,
       0,    0,    0,    0,  -21,    0,    0,    0,  -11,    0,    0,    0,  -16,    0,   -5,  -11,   -5,   -5,    0,    0,    0,    0,    0,    0,    0,    0,    0,    0,    0,    0,    0,    0,    0,    0,    0,    0,    0,    0,    0,    0,    0,    0,    0,    0,    0,    0,    0,    0,    0,    0,    0,    0,    0,    0,    0,    0,    0,    0,    0,    0,    0,    0,    0,    0,    0,    0,    0,    0,    0,    0,    0,    0,    0,    0,    0,    0,
       0,    0,    0,    0,    0,    0,    0,    0,    0,    0,    0,   32,    0,    0,    0,    0,    0,    0,    0,    0,    0,    0,    0,    0,    0,    0,    0,    0,    0,    0,    0,    0,    0,    0,    0,    0,    0,    0,    0,    0,    0,    0,    0,    0,    0,    0,    0,    0,    0,    0,    0,    0,    0,    0,    0,    0,    0,    0,    0,    0,    0,    0,    0,    0,    0,    0,    0,    0,    0,    0,    0,    0,    0,    0,    0,    0,
       0,    0,    0,   11,  -32,    0,    0,   11,  -11,    0,    0,    0,    0,    0,    0,    0,    0,    0,    0,    0,    0,    0,    0,    0,    0,    0,    0,    0,    0,    0,    0,    0,    0,    0,    0,    0,    0,    0,    0,    0,    0,    0,    0,    0,    0,    0,    0,    0,    0,    0,    0,    0,    0,    0,    0,    0,    0,    0,    0,    0,    0,    0,    0,    0,    0,    0,    0,    0,    0,    0,    0,    0,    0,    0,    0,    0,
       0,  -43,    0,    0,    0,    0,    0,    0,    0,  -11,    0,    0,  -11,   -5,  -11,    0,  -16,    0,    0,    0,    0,    0,    0,    0,    0,    0,    0,    0,    0,    0,    0,    0,    0,    0,    0,    0,    0,    0,    0,    0,    0,    0,    0,    0,    0,    0,    0,    0,    0,    0,    0,    0,    0,    0,    0,    0,    0,    0,    0,    0,    0,    0,    0,    0,    0,    0,    0,    0,    0,    0,    0,    0,    0,    0,    0,    0,
       0,    0,   -5,    0,  -69,    0,    0,    0,  -27,    0,    0,    0,    0,    0,    0,  -11,    0,   -5,    0,    0,    0,    0,    0,    0,    0,    0,    0,    0,  -11,    0,  -16,    0,    0,    0,    0,    0,    0,    0,    0,    0,    0,    0,    0,    0,    0,    0,    0,    0,    0,    0,    0,    0,    0,    0,    0,    0,    0,    0,    0,    0,    0,    0,    0,    0,    0,    0,    0,    0,    0,    0,    0,    0,    0,    0,    0,    0,
       0,    0,    0,    0,    0,    0,    0,    0,    0,    0,    0,    0,    0,    0,    0,    0,    0,    0,    0,    0,    0,    0,    0,    0,    0,    0,    0,    0,   -5,    0,    0,    0,    0,    0,    0,    0,    0,    0,    0,    0,    0,    0,    0,    0,    0,    0,    0,    0,    0,    0,    0,    0,    0,    0,    0,    0,    0,    0,    0,    0,    0,    0,    0,    0,    0,    0,    0,    0,    0,    0,    0,    0,    0,    0,    0,    0,
       0,    0,  -11,    0,  -32,  -21,    0,   11,  -37,  -11,    0,    0,   11,    0,    0,    0,    0,    0,  -43,    0,  -37,    0,  -37,    0,  -27,  -32,  -11,  -21,  -32,  -16,    0,    0,    0,    0,    0,    0,    0,    0,    0,    0,    0,    0,    0,    0,    0,    0,    0,    0,    0,    0,    0,    0,    0,    0,    0,    0,    0,    0,    0,    0,    0,    0,    0,    0,    0,    0,    0,    0,    0,    0,    0,    0,    0,    0,    0,    0,
       0,    0,    0,    0,  -11,    0,    0,    0,   -5,    0,    0,    0,    0,    0,    0,    0,    0,    0,    0,    0,    0,    0,    0,    0,    0,    0,    0,    0,    0,    0,    0,    0,    0,    0,    0,    0,    0,    0,    0,    0,    0,    0,    0,    0,    0,    0,    0,    0,    0,    0,    0,    0,    0,    0,    0,    0,    0,    0,    0,    0,    0,    0,    0,    0,    0,    0,    0,    0,    0,    0,    0,    0,    0,    0,    0,    0,
       0,    0,    0,    0,  -27,    0,    0,   11,  -21,   -5,    0,    0,    0,    0,    0,    0,    0,    0,  -11,    0,  -11,    0,   -5,    0,   -5,   -5,    0,    0,  -16,   -5,    0,    0,    0,    0,    0,    0,    0,    0,    0,    0,    0,    0,    0,    0,    0,    0,    0,    0,    0,    0,    0,    0,    0,    0,    0,    0,    0,    0,    0,    0,    0,    0,    0,    0,    0,    0,    0,    0,    0,    0,    0,    0,    0,    0,    0,    0,
       0,    0,  -16,    0,  -32,    0,    0,   11,  -32,  -11,    0,    0,    0,    0,    0,    0,    0,    0,  -27,    0,  -27,    0,  -27,    0,  -16,  -21,    0,  -11,  -43,  -16,    0,    0,    0,    0,    0,    0,    0,    0,    0,    0,    0,    0,    0,    0,    0,    0,    0,    0,    0,    0,    0,    0,    0,    0,    0,    0,    0,    0,    0,    0,    0,    0,    0,    0,    0,    0,    0,    0,    0,    0,    0,    0,    0,    0,    0,    0,
       0,    0,    0,    0,    0,    0,    0,    0,    0,   -5,    0,    0,    0,    0,    0,    0,    0,    0,    0,    0,    0,    0,    0,    0,    0,    0,    0,    0,  -11,    0,    0,    0,    0,    0,    0,    0,    0,    0,    0,    0,    0,    0,    0,    0,    0,    0,    0,    0,    0,    0,    0,    0,    0,    0,    0,    0,    0,    0,    0,    0,    0,    0,    0,    0,    0,    0,    0,    0,    0,    0,    0,    0,    0,    0,    0,    0,
       0,    0,    0,    0,    0,    0,    0,    0,    0,    0,    0,   51,    0,    0,    0,    0,    0,    0,    0,    0,    0,    0,    0,    0,    0,    0,    0,    0,    0,    0,    0,    0,    0,    0,    0,    0,    0,    0,    0,    0,    0,    0,    0,    0,    0,    0,    0,    0,    0,    0,    0,    0,    0,    0,    0,    0,    0,    0,    0,    0,    0,    0,    0,    0,    0,    0,    0,    0,    0,    0,    0,    0,    0,    0,    0,    0,
       0,   -5,    0,    0,    0,    0,    0,    0,    0,    0,    0,    0,    0,    0,    0,    0,    0,    0,    0,    0,    0,    0,    0,    0,    0,    0,    0,    0,    0,    0,    0,    0,    0,    0,    0,    0,    0,    0,    0,    0,    0,    0,    0,    0,    0,    0,    0,    0,    0,    0,    0,    0,    0,    0,    0,    0,    0,    0,    0,    0,    0,    0,    0,    0,    0,    0,    0,    0,    0,    0,    0,    0,    0,    0,    0,    0,
       0,   -5,    0,    0,    0,    0,    0,    0,    0,    0,    0,    0,    0,    0,    0,    0,    0,    0,    0,    0,    0,    0,    0,    0,    0,    0,  -11,   -5,    0,    0,    0,    0,    0,    0,    0,    0,    0,    0,    0,    0,    0,    0,    0,    0,    0,    0,    0,    0,    0,    0,    0,    0,    0,    0,    0,    0,    0,    0,    0,    0,    0,    0,    0,    0,    0,    0,    0,    0,    0,    0,    0,    0,    0,    0,    0,    0,
       0,   11,    0,    0,    0,    0,    0,    0,    0,    0,    0,    0,    0,    0,    0,    0,    0,    0,    0,    0,    0,    0,    0,    0,    0,    0,    0,    0,    0,    0,    0,    0,    0,    0,    0,    0,    0,    0,    0,    0,    0,    0,    0,    0,    0,    0,    0,    0,    0,    0,    0,    0,    0,    0,    0,    0,    0,    0,    0,    0,    0,    0,    0,    0,    0,    0,    0,    0,    0,    0,    0,    0,    0,    0,    0,    0,
       0,   32,    0,   21,  -11,    0,    0,    0,    0,    0,    0,    0,    0,    0,    0,    0,    0,    0,    0,    0,    0,    0,    0,    0,    0,    0,    0,    0,    0,    0,    0,    0,    0,    0,    0,    0,    0,    0,    0,    0,    0,    0,    0,    0,    0,    0,    0,    0,    0,    0,    0,    0,    0,    0,    0,    0,    0,    0,    0,    0,    0,    0,    0,    0,    0,    0,    0,    0,    0,    0,    0,    0,    0,    0,    0,    0,
       0,   21,    0,    0,  -85,    0,    0,    0,    0,    0,    0,    0,    0,    0,    0,    0,    0,    0,  -11,    0,  -11,    0,   -5,    0,    0,    0,    0,    0,    0,    0,    0,    0,    0,    0,    0,    0,    0,    0,    0,    0,    0,    0,    0,    0,    0,    0,    0,    0,    0,    0,    0,    0,    0,    0,    0,    0,    0,    0,    0,    0,    0,    0,    0,    0,    0,    0,    0,    0,    0,    0,    0,    0,    0,    0,    0,    0,
       0,   21,    0,    0,  -21,    0,    0,   11,    0,    0,    0,    0,    0,    0,    0,    0,    0,    0,    0,    0,    0,    0,    0,    0,    0,    0,    0,    0,    0,    0,    0,    0,    0,    0,    0,    0,    0,    0,    0,    0,    0,    0,    0,    0,    0,    0,    0,    0,    0,    0,    0,    0,    0,    0,    0,    0,    0,    0,    0,    0,    0,    0,    0,    0,    0,    0,    0,    0,    0,    0,    0,    0,    0,    0,    0,    0,
       0,    0,    0,    0,    0,    0,    0,    0,    0,    0,    0,    0,    0,    0,    0,    0,    0,    0,    0,    0,  -11,    0,    0,    0,    0,    0,    0,    0,    0,    0,    0,    0,    0,    0,    0,    0,    0,    0,    0,    0,    0,    0,    0,    0,    0,    0,    0,    0,    0,    0,    0,    0,    0,    0,    0,    0,    0,    0,    0,    0,    0,    0,    0,    0,    0,    0,    0,    0,    0,    0,    0,    0,    0,    0,    0,    0,
       0,    0,    0,    0,    0,    0,    0,    0,    0,    0,    0,   27,  -11,    0,   -5,    0,  -16,    0,    0,    0,    0,    0,    0,    0,    0,    0,    0,    0,    0,    0,    0,    0,    0,    0,    0,    0,    0,    0,    0,    0,    0,    0,    0,    0,    0,    0,    0,    0,    0,    0,    0,    0,    0,    0,    0,    0,    0,    0,    0,    0,    0,    0,    0,    0,    0,    0,    0,    0,    0,    0,    0,    0,    0,    0,    0,    0,
       0,    0,    0,    0,    0,    0,    0,    0,    0,    0,    0,    0,  -16,    0,   -5,    0,  -16,    0,    0,    0,    0,    0,    0,    0,    0,    0,    0,    0,    0,    0,    0,    0,    0,  -16,    0,    0,    0,    0,    0,   -5,    0,    0,    0,    0,    0,    0,    0,    0,    0,    0,    0,    0,    0,    0,    0,    0,    0,    0,    0,    0,    0,    0,    0,    0,    0,    0,    0,   -5,    0,    0,    0,    0,    0,    0,    0,    0,
       0,    0,    0,    0,    0,    0,    0,    0,    0,    0,    0,    0,  -32,    0,  -16,  -11,  -43,    0,    0,    0,    0,    0,    0,    0,    0,    0,    0,    0,    0,    0,    0,    0,    0,  -32,    0,    0,    0,    0,  -11,    0,    0,  -11,    0,    0,  -11,    0,    0,    0,    0,    0,    0,    0,    0,    0,    0,    0,    0,    0,    0,    0,    0,    0,    0,    0,    0,    0,    0,  -21,    0,    0,    0,    0,    0,    0,    0,    0,
       0,    0,    0,    0,    0,    0,    0,    0,    0,    0,    0,   53,  -21,    0,  -16,    0,  -21,    0,    0,    0,    0,    0,    0,    0,    0,    0,    0,    0,    0,    0,    0,    0,    0,    0,    0,    0,    0,    0,    0,    0,    0,    0,    0,    0,    0,    0,    0,    0,    0,    0,    0,    0,    0,    0,    0,    0,    0,    0,    0,    0,    0,    0,    0,    0,    0,    0,    0,    0,    0,    0,    0,    0,    0,    0,    0,    0,
       0,    0,    0,   27,    0,    0,    0,    0,    0,    0,    0,    0,    0,    0,    0,    0,    0,    0,    0,    0,    0,    0,    0,    0,    0,    0,    0,    0,    0,    0,    0,    0,    0,    0,    0,    0,    0,    0,    0,    0,    0,    0,    0,    0,    0,    0,    0,    0,    0,    0,    0,    0,    0,    0,    0,    0,    0,    0,    0,    0,    0,    0,    0,    0,    0,    0,    0,    0,    0,    0,    0,    0,    0,    0,    0,    0,
       0,  -37,    0,    0,    0,    0,    0,    0,    0,  -11,    0,   59,  -37,    0,  -21,    0,  -32,    0,    0,    0,    0,    0,    0,    0,    0,    0,    0,    0,    0,    0,    0,    0,    0,    0,    0,    0,    0,    0,    0,    0,    0,    0,    0,    0,    0,    0,    0,    0,    0,    0,    0,    0,    0,    0,    0,    0,    0,    0,    0,    0,    0,    0,    0,    0,    0,    0,    0,    0,    0,    0,    0,    0,    0,    0,    0,    0,
      62,   56,    0,   77,    0,    0,    0,   71,    0,    0,    0,    0,    0,    0,    0,    0,    0,    0,    0,   16,    0,    0,    0,    0,    0,    0,    0,    0,    0,    0,    0,   37,    0,    0,    0,    0,    0,    0,    0,    0,    0,    0,    0,    0,    0,    0,    0,    0,    0,    0,    0,    0,    0,    0,    0,    0,    0,    0,    0,    0,    0,    0,    0,    0,    0,    0,    0,    0,    0,    0,    0,    0,    0,    0,    0,   50,
       0,    0,    0,   27,    0,    0,    0,    0,    0,    0,    0,    0,    0,    0,    0,    0,    0,    0,    0,    0,    0,    0,    0,    0,    0,    0,    0,    0,    0,    0,    0,    0,   63,    0,    0,    0,    0,    0,    0,    0,    0,    0,    0,    0,    0,    0,    0,    0,    0,    0,    0,    0,    0,    0,    0,    0,    0,    0,    0,    0,    0,    0,    0,    0,    0,    0,    0,    0,    0,    0,    0,    0,    0,    0,    0,    0,
       0,    0,    0,    0,    0,    0,    0,    0,    0,    0,    0,   27,    0,    0,    0,    0,    0,    0,    0,    0,    0,    0,    0,    0,    0,    0,    0,    0,    0,    0,    0,    0,    0,    0,    0,    0,    0,    0,    0,    0,    0,    0,    0,    0,    0,    0,    0,    0,    0,    0,    0,    0,    0,    0,    0,    0,    0,    0,    0,    0,    0,    0,    0,    0,    0,    0,    0,    0,    0,    0,    0,    0,    0,    0,    0,    0,
      70,   71,    0,   87,    0,    0,    0,   75,    0,    0,    0,    0,    0,    0,    0,    0,    0,    0,    0,    0,    0,    0,    0,    0,    0,    0,    0,    0,    0,    0,    0,    0,    0,    0,    0,    0,    0,    0,    0,    0,    0,    0,    0,    0,    0,    0,    0,    0,    0,    0,    0,    0,    0,    0,    0,    0,    0,    0,    0,    0,    0,    0,    0,    0,    0,    0,    0,    0,    0,    0,    0,    0,    0,    0,    0,   50,
       0,    0,    0,    0,    0,    0,    0,    0,  -11,    0,   11,    0,   32,    0,   37,   27,   32,    0,    0,    0,    0,    0,    0,    0,    0,    0,    0,    0,    0,    0,    0,    0,    0,    0,    0,    0,    0,    0,    0,    0,    0,    0,    0,    0,    0,    0,    0,    0,    0,    0,    0,    0,    0,    0,    0,    0,    0,    0,    0,    0,    0,    0,    0,    0,    0,    0,    0,    0,    0,    0,    0,    0,    0,    0,    0,    0,
       0,    0,    0,    0,    0,    0,    0,    0,    0,    0,    0,    0,    0,    0,    0,    0,    0,    0,    0,   11,    0,   21,    0,    0,    0,    0,   27,    0,    0,    0,    0,    0,    0,    0,    0,    0,    0,    0,    0,    0,    0,    0,    0,    0,    0,    0,    0,    0,    0,    0,    0,    0,    0,    0,    0,    0,    0,    0,    0,    0,    0,    0,    0,    0,    0,    0,    0,    0,    0,    0,    0,    0,    0,    0,    0,    0,
       0,    0,    0,    0,    0,    0,    0,    0,  -16,   -5,   11,    0,   37,    0,   37,   27,   32,    0,  -16,    0,  -11,    0,  -11,    0,    0,    0,    0,    0,    0,    0,    0,    0,    0,    0,    0,    0,    0,    0,    0,    0,    0,    0,    0,    0,    0,    0,    0,    0,    0,    0,    0,    0,    0,    0,    0,    0,    0,    0,    0,    0,    0,    0,    0,    0,    0,    0,    0,    0,    0,    0,    0,    0,    0,    0,    0,    0,
       0,    0,    0,    0,    0,    0,    0,    0,    0,    0,    0,    0,    0,    0,    0,    0,    0,    0,    0,   11,    0,   27,    0,    0,    0,    0,   27,    0,    0,    0,    0,    0,    0,    0,    0,    0,    0,    0,    0,    0,    0,    0,    0,    0,    0,    0,    0,    0,    0,    0,    0,    0,    0,    0,    0,    0,    0,    0,    0,    0,    0,    0,    0,    0,    0,    0,    0,    0,    0,    0,    0,    0,    0,    0,    0,    0,
       0,    0,    0,    0,    0,    0,    0,    0,    0,    0,    0,    0,    0,    0,    0,    0,    0,    0,    0,    0,    0,    0,    0,    0,    0,    0,    0,    0,    0,    0,    0,    0,    0,    0,    0,    0,   27,    0,    0,    0,    0,    0,    0,    0,    0,    0,    0,    0,    0,    0,    0,    0,    0,    0,    0,    0,    0,    0,    0,    0,    0,    0,    0,    0,    0,    0,    0,    0,    0,    0,    0,    0,    0,    0,    0,    0,
       0,  -37,    0,    0,    0,    0,    0,    0,    0,    0,    0,    0,    0,    0,    0,    0,    0,    0,    0,    0,    0,    0,    0,    0,    0,    0,    0,    0,    0,    0,    0,    0,    0,  -27,    0,    0,    0,    0,  -11,    0,    0,    0,    0,    0,  -16,    0,    0,    0,    0,    0,    0,    0,    0,    0,  -11,  -11,  -11,    0,    0,    0,    0,    0,    0,    0,  -11,    0,  -21,  -32,  -27,  -11,    0,    0,    0,    0,    0,  -16,
       0,   11,    0,    0,  -27,  -21,  -16,    0,    0,    0,    0,    0,    0,    0,    0,    0,    0,    0,    0,    0,    0,    0,    0,    0,    0,    0,    0,    0,    0,  -16,    0,    0,    0,   11,  -11,    0,    0,  -13,    0,  -37,  -13,    0,    0,  -19,    0,    0,  -21,  -11,  -16,  -21,  -21,   -5,   -5,  -16,   -5,   -4,  -16,  -21,    0,  -11,    0,    0,    0,    0,    0,    0,    0,    5,    0,    0,    0,    0,    0,    0,    0,    0,
       0,    0,    0,    0,    0,    0,    0,    0,    0,    0,    0,    0,    0,    0,    0,    0,    0,    0,    0,    0,    0,    0,    0,    0,    0,    0,    0,    0,  -11,    0,    0,    0,    0,    0,  -11,    0,    0,    0,    0,    0,    0,    0,    0,  -16,    0,    0,    0,    0,    0,    0,    0,    0,    0,    0,    0,    0,  -11,    0,    0,    0,    0,    0,  -11,    0,    0,    0,    0,    0,    0,    0,  -11,    0,    0,    0,    0,    0,
       0,    0,    0,    0,  -11,    0,    0,    0,    0,    0,    0,    0,    0,    0,    0,    0,    0,    0,    0,    0,    0,    0,    0,    0,    0,    0,    0,    0,    0,    0,    0,    0,    0,    0,    0,    0,    0,    0,    0,    0,    0,    0,    0,   -5,    0,    0,    0,    0,    0,    0,    0,    0,    0,    0,    0,    0,    0,    0,    0,    0,    0,    0,    0,    0,    0,    0,    0,    0,    0,    0,    0,    0,    0,    0,    0,    0,
       0,  -48,    0,    0,   -5,    0,    0,    0,    0,    0,    0,    0,    0,    0,    0,    0,    0,    0,    0,    0,    0,    0,    0,    0,    0,    0,    0,    0,    0,    0,    0,    0,    0,  -32,    0,    0,    0,    0,  -11,    0,    0,    0,    0,    0,  -16,    0,    0,    0,    0,    0,    0,  -11,    0,    0,  -11,  -11,    0,  -11,    0,    0,    0,    0,    0,    0,    0,    0,    0,  -16,    0,    0,    0,    0,    0,    0,    0,  -32,
       0,   11,    0,    0,    0,   -5,   -5,    0,    0,    0,    0,    0,    0,    0,    0,    0,    0,    0,    0,    0,    0,    0,    0,    0,    0,    0,    0,    0,  -11,    0,    0,    0,    0,    0,  -11,    0,    0,    0,    0,    0,    0,    0,    0,  -21,   -5,    0,   -5,  -11,    0,    0,  -11,    0,    0,    0,   -5,   -5,  -11,    0,    0,    0,    0,    0,  -11,    0,    0,    0,    0,    0,    0,    0,  -27,    0,    0,    0,    0,    0,
       0,   11,    0,    0,  -37,  -11,   -5,    0,    0,    0,    0,    0,    0,    0,    0,    0,    0,    0,    0,    0,    0,    0,    0,    0,    0,    0,    0,    0,  -27,  -11,    0,    0,    0,    0,  -21,  -11,    0,  -42,    0,  -64,  -57,    0,    0,  -16,    0,  -19,  -27,  -21,   -5,  -50,  -38,  -16,  -11,  -27,    0,    0,  -11,  -27,   27,  -16,    0,    0,   -5,    0,    0,    0,    0,    0,    0,    0,  -11,  -16,  -27,    0,    0,    0,
       0,  -37,    0,    0,    0,    0,    0,    0,    0,    0,    0,    0,    0,    0,    0,    0,    0,    0,    0,    0,    0,    0,    0,    0,    0,    0,    0,    0,    0,   -5,    0,    0,    0,  -37,  -11,    0,   27,    0,  -10,    0,    0,    0,    0,  -19,  -32,    0,    0,    0,    0,    0,   -5,    0,    0,    0,  -16,  -11,  -16,    0,    0,    0,    0,    0,    0,    0,  -11,    0,  -21,  -27,  -32,    0,  -27,    0,    0,    0,   -5,  -21,
       0,    0,    0,    0,    0,    0,    0,    0,    0,    0,    0,    0,    0,    0,    0,    0,    0,    0,    0,    0,    0,    0,    0,    0,    0,    0,    0,    0,    0,    0,    0,    0,    0,    0,    0,    0,    0,    0,    0,    0,    0,    0,    0,    0,    0,    0,    0,    0,    0,    0,    0,   -5,    0,    0,    0,   -5,    0,    0,    0,    0,    0,    0,    0,    0,    0,    0,    0,    0,    0,    0,    0,    0,    0,    0,    0,    0,
       0,    0,    0,   -5,    0,    0,    0,    0,    0,    0,    0,    0,    0,    0,    0,    0,    0,    0,    0,    0,    0,    0,    0,    0,    0,    0,    0,    0,    0,    0,    0,    0,    0,    0,    0,    0,    0,    0,    0,    0,    0,    0,    0,    0,    0,    0,    0,    0,    0,    0,    0,   -5,    0,    0,    0,    0,   -8,   -5,    0,    0,    0,    0,    0,    0,    0,    0,    0,    0,    0,    0,    0,    0,    0,    0,    0,    0,
       0,    0,    0,    0,   16,    0,    0,    0,    0,    0,    0,    0,    0,    0,    0,    0,    0,    0,    0,    0,    0,    0,    0,    0,    0,    0,    0,    0,    0,    0,    0,    0,    0,    0,    0,    0,   48,   16,    0,    0,   21,    0,    0,   -5,  -13,    0,    0,    0,    0,   16,    0,    0,    0,   16,   -5,   16,  -11,    0,    0,    0,    0,   37,    0,    0,    0,    0,    0,    0,    0,    0,    0,    0,    0,    0,    0,    0,
       0,    0,    0,    0,  -21,    0,    0,    0,    0,    0,    0,    0,    0,    0,    0,    0,    0,    0,    0,    0,    0,    0,    0,    0,    0,    0,    0,    0,    0,    0,    0,    0,    0,  -11,    0,    0,    0,   -5,  -21,  -11,   -5,  -11,   -5,    0,    0,    0,    0,    0,    0,   -5,    0,   -8,    0,   -5,    0,    0,    0,   -5,    0,    0,    0,    0,    0,    0,    0,    0,   -5,   -5,   -5,    0,    0,    0,  -11,    0,    0,    0,
       0,    0,    0,    0,  -69,   -5,   -5,    0,    0,    0,    0,    0,    0,    0,    0,    0,    0,    0,    0,    0,    0,    0,    0,    0,    0,    0,    0,    0,  -11,   -5,    0,    0,    0,    0,    0,    0,    0,  -32,  -11,  -27,  -32,  -11,    0,   -5,    0,    0,  -13,    0,    0,  -27,   -5,    0,    0,  -21,    0,    0,    0,   -5,    0,    0,    0,    0,    0,    0,    0,    0,    0,    0,    0,    0,    0,    0,  -32,    0,    0,    0,
       0,   -5,    0,   -6,  -21,    0,   -5,    0,    0,    0,    0,    0,    0,    0,    0,    0,    0,    0,    0,    0,    0,    0,    0,    0,    0,    0,    0,    0,    0,    0,    0,    0,    0,  -19,    0,   -5,    0,  -10,  -16,  -19,  -16,  -21,  -16,    0,    0,   -5,    0,    0,    0,  -13,    0,   -8,    0,   -8,    0,    0,    0,   -5,    0,    0,    0,    0,    0,    0,    0,    0,    0,  -11,    0,    0,    0,    0,    0,    0,    0,    0,
       0,   -5,    0,    0,    0,    0,    0,    0,    0,    0,    0,    0,    0,    0,    0,    0,    0,    0,    0,    0,    0,    0,    0,    0,    0,    0,    0,    0,    0,    0,    0,    0,    0,  -21,    0,    0,    0,    0,  -18,    0,    0,    0,    0,    0,    0,    0,    0,    0,    0,    0,    0,  -11,    0,    0,   -5,   -5,    0,    0,    0,    0,    0,    0,    0,    0,    0,    0,    0,    0,    0,    0,    0,    0,    0,    0,    0,    0,
       0,   -3,    0,    0,    0,    0,    0,    0,    0,    0,    0,    0,    0,    0,    0,    0,    0,    0,    0,    0,    0,    0,    0,    0,    0,    0,    0,    0,    0,    0,    0,    0,    0,  -32,    0,    0,    0,    0,  -20,   -5,    0,  -16,    0,    0,    0,  -11,    0,    0,    0,   -5,    0,  -11,    0,    0,   -5,  -16,   -5,   -5,    0,    0,    0,    0,    0,    0,    0,    0,    0,    0,    0,    0,    0,    0,    0,    0,    0,    0,
       0,    0,    0,   -2,    0,    0,    0,    0,    0,    0,    0,    0,    0,    0,    0,    0,    0,    0,    0,    0,    0,    0,    0,    0,    0,    0,    0,    0,    0,    0,    0,    0,    0,  -16,    0,    0,    0,    0,   -5,    0,    0,   -5,    0,    0,    0,   -5,    0,    0,    0,    0,    0,  -11,    0,    0,   -5,   -5,    0,    0,    0,    0,    0,    0,    0,    0,    0,    0,    0,    0,    0,    0,    0,    0,    0,    0,    0,    0,
       0,   16,    0,    0,  -21,  -11,    0,    0,    0,    0,    0,    0,    0,    0,    0,    0,    0,    0,    0,    0,    0,    0,    0,    0,    0,    0,    0,    0,    0,    0,    0,    0,    0,    0,    0,    0,    0,  -11,    0,  -16,  -16,   -5,    0,    0,    0,    0,    0,    0,    0,  -21,   -5,    0,    0,  -16,    0,    0,    0,    0,    0,    0,    0,    0,    0,    0,    0,    0,    0,    0,    0,    0,    0,    0,    0,    0,    0,   21,
       0,   -5,    0,    0,   11,    0,    0,    0,    0,    0,    0,    0,    0,    0,    0,    0,    0,    0,    0,    0,    0,    0,    0,    0,    0,    0,    0,    0,    0,    0,    0,    0,    0,  -16,    0,    0,   53,   11,    0,    0,   16,    0,    0,    0,   -8,    0,    0,    0,    0,   11,    0,    0,    0,   13,   -8,    0,  -16,    0,    0,    0,    0,   32,    0,    0,    0,    0,    0,    0,    0,    0,    0,    0,    0,    0,    0,    0,
       0,   -3,    0,    0,    0,    0,    0,    0,    0,    0,    0,    0,    0,    0,    0,    0,    0,    0,    0,    0,    0,    0,    0,    0,    0,    0,    0,    0,    0,    0,    0,    0,    0,  -21,    0,    0,    0,    0,  -20,   -5,    0,  -11,    0,    0,    0,  -11,    0,    0,    0,   -5,    0,  -11,    0,    0,   -5,  -16,   -5,   -5,    0,    0,    0,    0,    0,    0,    0,    0,    0,    0,    0,    0,    0,    0,    0,    0,    0,    0,
       0,    0,    0,    0,    0,   -5,    0,    0,    0,    0,    0,    0,    0,    0,    0,    0,    0,    0,    0,    0,    0,    0,    0,    0,    0,    0,    0,    0,    0,    0,    0,    0,    0,   -5,   -8,    0,    0,    0,   -5,    0,    0,    0,    0,   -8,   -5,    0,  -11,    0,    0,    0,  -11,    0,    0,    0,    0,    0,  -11,   -5,    0,    0,    0,    0,    0,    0,    0,    0,    0,    0,    0,    0,    0,  -11,    0,    0,    0,   16,
       0,    0,    0,    0,    0,    0,    0,    0,    0,    0,    0,    0,    0,    0,    0,    0,    0,    0,    0,    0,    0,    0,    0,    0,    0,    0,    0,    0,    0,    0,    0,    0,    0,  -16,    0,    0,    0,    0,    0,    0,    0,    0,    0,    0,    0,    0,    0,    0,    0,    0,    0,    0,    0,    0,    0,    0,    0,    0,   -1,    0,    0,    0,    0,    0,    0,    0,    0,    0,    0,    0,    0,    0,    0,    0,    0,    0,
       0,   11,    0,    0,    0,    0,    0,    0,    0,    0,    0,    0,    0,    0,    0,    0,    0,    0,    0,    0,    0,    0,    0,    0,    0,    0,    0,    0,    0,    0,    0,    0,    0,  -11,    0,    0,    0,    0,    0,    0,    0,    0,    0,    0,    0,    0,    0,    0,    0,    0,   -5,    0,    0,    0,    0,    0,    0,   -5,    0,    0,    0,    0,    0,    0,    0,    0,    0,    0,    0,    0,    0,    0,    0,    0,    0,    0,
       0,   11,    0,    0,  -21,    0,    0,    0,    0,    0,    0,    0,    0,    0,    0,    0,    0,    0,    0,    0,    0,    0,    0,    0,    0,    0,    0,    0,    0,    0,    0,    0,    0,    0,    0,    0,    0,  -11,    0,  -11,  -16,   -5,    0,    0,    0,    0,   -5,    0,    0,  -27,  -16,    0,    0,  -27,    0,    0,    0,  -16,    0,    0,    0,    0,    0,    0,    0,    0,    0,    0,    0,    0,    0,    0,    0,    0,    0,   21,
       0,  -43,    0,    0,    0,    0,   -5,    0,    0,    0,    0,    0,    0,    0,    0,    0,    0,    0,    0,    0,    0,    0,    0,    0,    0,    0,    0,    0,    0,    0,    0,    0,    0,  -32,    0,    0,    0,    0,  -11,   -5,    0,   -5,    0,   -5,  -37,  -11,    0,    0,    0,    0,    0,  -11,    0,    0,  -32,  -24,  -21,  -11,    0,    0,    0,    0,    0,  -11,    0,    0,    0,    0,    0,  -16,    0,  -11,    0,    0,    0,  -16,
       0,   -5,    0,    0,    0,    0,    0,    0,    0,    0,    0,    0,    0,    0,    0,    0,    0,    0,    0,    0,    0,    0,    0,    0,    0,    0,    0,    0,    0,    0,    0,    0,    0,  -21,    0,    0,   43,    0,    0,    0,    0,    0,    0,    0,    0,    0,    0,    0,    0,    0,    0,    0,    0,    0,  -16,  -27,    0,    0,    0,    0,    0,   11,    0,    0,    0,    0,    0,    0,    0,    0,    0,    0,    0,    0,    0,    0,
       0,   16,    0,    0,  -21,  -11,    0,    0,    0,    0,    0,    0,    0,    0,    0,    0,    0,    0,    0,    0,    0,    0,    0,    0,    0,    0,    0,    0,    0,    0,    0,    0,    0,    0,    0,    0,    0,  -11,   13,  -16,  -16,   -5,    0,    0,    0,    0,    0,    0,    0,  -21,   -5,    0,    0,  -16,    0,    0,    0,    0,   13,    0,   13,    0,    0,    0,    0,    0,    0,    0,    0,    0,    0,    0,    0,    0,    0,   21,
       0,    0,    0,    0,    0,    0,    0,    0,    0,    0,    0,    0,    0,    0,    0,    0,    0,    0,    0,    0,    0,    0,    0,    0,    0,    0,    0,    0,    0,    0,    0,    0,    0,  -11,    0,    0,    0,    0,  -16,    0,    0,    0,    0,    0,    0,   -5,    0,    0,    0,    0,    0,    0,    0,    0,    0,    0,    0,  -11,    0,    0,    0,    0,    0,    0,    0,    0,    0,    0,    0,    0,    0,    0,    0,    0,    0,    0,
       0,   16,    0,    0,    0,    0,    0,    0,    0,    0,    0,    0,    0,    0,    0,    0,    0,    0,    0,    0,    0,    0,    0,    0,    0,    0,    0,    0,    0,    0,    0,    0,    0,   11,    0,    0,    0,    0,    0,    0,    0,    0,    0,    0,    0,    0,    0,    0,    0,    0,    0,    0,    0,    0,    0,    0,    0,    0,   22,    0,    9,    0,    0,    0,    0,    0,    0,    0,    0,    0,    0,    0,    0,    0,    0,    0,
       0,    0,    0,    0,    0,    0,    0,    0,    0,    0,    0,    0,    0,    0,    0,    0,    0,    0,    0,    0,    0,    0,    0,    0,    0,    0,    0,    0,    0,    0,    0,    0,    0,    0,    0,    0,   16,    0,    0,    0,    0,    0,    0,    0,    0,    0,    0,    0,    0,    0,    0,    0,    0,    0,    0,    0,    0,    0,    0,    0,    0,   11,    0,    0,    0,    0,    0,    0,    0,    0,    0,    0,    0,    0,    0,    0,
       0,   -5,    0,    0,    0,    0,    0,    0,    0,    0,    0,    0,    0,    0,    0,    0,    0,    0,    0,    0,    0,    0,    0,    0,    0,    0,    0,    0,    0,    0,    0,    0,    0,  -21,    0,    0,   21,    0,    0,    0,    0,    0,    0,    0,    0,    0,    0,    0,    0,    0,    0,    0,    0,    0,  -16,  -27,    0,    0,    0,    0,    0,    0,    0,    0,    0,    0,    0,    0,    0,    0,    0,    0,    0,    0,    0,    0,
       0,    0,    0,    0,  -21,    0,    0,    0,    0,    0,    0,    0,    0,    0,    0,    0,    0,    0,    0,    0,    0,    0,    0,    0,    0,    0,    0,    0,    0,    0,    0,    0,    0,    0,    0,    0,    0,    0,    0,    0,    0,    0,    0,    0,    0,    0,    0,    0,    0,  -11,    0,    0,    0,    0,    0,    0,    0,    0,    0,    0,    0,    0,    0,    0,    0,    0,    0,    0,    0,    0,    0,    0,    0,    0,    0,    0,
       0,  -21,    0,    0,    0,    0,    0,    0,    0,    0,    0,    0,    0,    0,    0,    0,    0,    0,    0,    0,    0,    0,    0,    0,    0,    0,    0,    0,    0,    0,    0,    0,    0,  -21,    0,    0,    0,    0,    0,    0,    0,    0,    0,    0,  -21,    0,    0,    0,    0,    0,    0,    0,    0,    0,  -11,    0,    0,    0,    0,    0,    0,    0,    0,    0,    0,    0,  -16,  -11,  -16,    0,    0,    0,    0,    0,    0,    0,
       0,  -37,    0,    0,    0,    0,    0,    0,    0,    0,    0,    0,    0,    0,    0,    0,    0,    0,    0,    0,    0,    0,    0,    0,    0,    0,    0,    0,    0,    0,    0,    0,    0,    0,    0,    0,    0,    0,    0,    0,    0,    0,    0,    0,    0,    0,  -11,    0,    0,    0,    0,    0,    0,    0,  -27,  -16,  -16,    0,    0,    0,    0,    0,    0,  -11,    0,    0,    0,    0,    0,  -11,    0,  -11,    0,    0,    0,    0,
       0,    0,    0,    0,  -21,    0,    0,    0,    0,    0,    0,    0,    0,    0,    0,    0,    0,    0,    0,    0,    0,    0,    0,    0,    0,    0,    0,    0,    0,    0,    0,    0,    0,    0,    0,    0,    0,    0,    0,    0,    0,    0,    0,    0,    0,    0,    0,    0,    0,    0,    0,    0,    0,    0,    0,    0,    0,    0,    0,    0,    0,    0,    0,    0,    0,    0,   -5,    0,   -5,    0,    0,    0,    0,    0,    0,    0,
       0,    0,    0,    0,  -32,  -21,    0,    0,    0,    0,    0,    0,    0,    0,    0,    0,    0,    0,    0,    0,    0,    0,    0,    0,    0,    0,    0,    0,  -32,  -16,    0,    0,    0,   11,  -11,    0,    0,  -21,    0,  -37,  -27,    0,    0,  -15,    0,    0,  -37,    0,    0,  -32,    0,  -11,  -11,    0,  -21,  -21,  -27,    0,    0,    0,    0,    0,  -11,  -11,    0,  -27,    0,    0,    0,  -21,  -27,  -37,  -27,  -43,    0,    0,
       0,    0,    0,    0,  -27,  -11,    0,    0,    0,    0,    0,    0,    0,    0,    0,    0,    0,    0,    0,    0,    0,    0,    0,    0,    0,    0,    0,    0,    0,    0,    0,    0,    0,    0,    0,    0,    0,    0,    0,  -16,    0,    0,    0,    0,    0,    0,   -5,    0,    0,  -21,   -5,    0,    0,  -16,    0,    0,    0,    0,    0,    0,    0,    0,    0,    0,    0,    0,    0,    0,    0,    0,    0,    0,    0,    0,    0,    0,
       0,    0,    0,    0,  -27,  -11,    0,    0,    0,    0,    0,    0,    0,    0,    0,    0,    0,    0,    0,    0,    0,    0,    0,    0,    0,    0,    0,    0,    0,    0,    0,    0,    0,   11,    0,    0,    0,    0,    0,  -32,    0,    0,    0,    0,    0,    0,  -21,    0,    0,  -27,    0,  -11,  -11,    0,    0,    0,  -27,    0,   11,    0,    0,    0,  -11,    0,    0,  -16,    0,   11,    0,    0,  -11,  -16,  -21,    0,    0,    0,
       0,    0,    0,    0,  -16,    0,    0,    0,    0,    0,    0,    0,    0,    0,    0,    0,    0,    0,    0,    0,    0,    0,    0,    0,    0,    0,    0,    0,    0,    0,    0,    0,    0,    0,    0,    0,    0,    0,    0,    0,    0,    0,    0,    0,    0,    0,  -11,    0,    0,  -16,    0,    0,    0,    0,    0,    0,    0,    0,    0,    0,    0,    0,    0,    0,    0,    0,    0,    0,    0,    0,    0,    0,    0,    0,    0,    0,
       0,    0,    0,    0,    0,    0,    0,    0,    0,    0,    0,    0,    0,    0,    0,    0,    0,    0,    0,    0,    0,    0,    0,    0,    0,    0,    0,    0,    0,    0,    0,    0,    0,    0,    0,    0,    0,    0,    0,    0,    0,    0,    0,    0,    0,    0,    0,    0,    0,    0,    0,    0,    0,    0,  -11,    0,  -27,    0,    0,    0,    0,    0,  -11,    0,    0,    0,    0,    0,    0,    0,  -27,  -11,    0,    0,    0,    0,
       0,    0,    0,    0,    0,    0,    0,    0,    0,    0,    0,    0,    0,    0,    0,    0,    0,    0,    0,    0,    0,    0,    0,    0,    0,    0,    0,    0,    0,    0,    0,    0,    0,    0,    0,    0,    0,    0,    0,    0,    0,    0,    0,    0,    0,    0,   -5,    0,    0,    0,    0,    0,    0,    0,    0,    0,   -5,    0,    0,    0,    0,    0,    0,    0,    0,    0,    0,    0,    0,    0,    0,    0,    0,    0,    0,    0,
       0,    0,    0,    0,  -32,    0,    0,    0,    0,    0,    0,    0,    0,    0,    0,    0,    0,    0,    0,    0,    0,    0,    0,    0,    0,    0,    0,    0,    0,    0,    0,    0,    0,    0,    0,    0,    0,    0,    0,  -32,    0,    0,    0,    0,    0,    0,  -27,    0,    0,  -27,    0,    0,    0,    0,    0,    0,  -21,    0,   11,    0,    0,    0,  -11,    0,    0,  -16,    0,    0,    0,    0,    0,  -21,  -21,  -21,   -5,    0,
       0,    0,    0,    0,  -21,    0,    0,    0,    0,    0,    0,    0,    0,    0,    0,    0,    0,    0,    0,    0,    0,    0,    0,    0,    0,    0,    0,    0,    0,    0,    0,    0,    0,    0,    0,    0,    0,    0,    0,    0,    0,    0,    0,    0,    0,    0,    0,    0,    0,   -5,    0,    0,    0,    0,    0,    0,    0,    0,    0,    0,    0,    0,    0,    0,    0,    0,    0,    0,    0,    0,    0,    0,    0,    0,    0,    0,
       0,    0,    0,    0,    0,    0,    0,    0,    0,    0,    0,    0,    0,    0,    0,    0,    0,    0,    0,    0,    0,    0,    0,    0,    0,    0,    0,    0,    0,    0,    0,    0,    0,  -11,    0,    0,    0,    0,    0,    0,    0,    0,    0,    0,    0,    0,    0,    0,    0,    0,    0,    0,    0,    0,    0,    0,    0,    0,    0,    0,    0,    0,    0,    0,    0,    0,   -5,    0,   -5,    0,    0,    0,    0,    0,    0,    0,
       0,   -5,    0,    0,    0,    0,    0,    0,    0,    0,    0,    0,    0,    0,    0,    0,    0,    0,    0,    0,    0,    0,    0,    0,    0,    0,    0,    0,    0,    0,    0,    0,    0,    0,    0,    0,    0,    0,    0,    0,    0,    0,    0,    0,    0,    0,    0,    0,    0,    0,    0,  -11,    0,    0,    0,   -5,    0,    0,    0,    0,    0,    0,    0,    0,    0,    0,    0,    0,    0,    0,    0,    0,    0,    0,    0,    0,
};

static const EpdLigaturePair notosans_16_boldLigaturePairs[] = {
    { 0x00660066, 0xFB00 }, // f f -> U+FB00
    { 0x00660069, 0xFB01 }, // f i -> U+FB01
    { 0x0066006C, 0xFB02 }, // f l -> U+FB02
    { 0xFB000069, 0xFB03 }, // U+FB00 i -> U+FB03
    { 0xFB00006C, 0xFB04 }, // U+FB00 l -> U+FB04
};

static const EpdFontData notosans_16_bold = {
    notosans_16_boldBitmaps,
    notosans_16_boldGlyphs,
    notosans_16_boldIntervals,
    18,
    45,
    36,
    -10,
    true,
    nullptr,
    0,
    nullptr,
    notosans_16_boldKernLeftClasses,
    notosans_16_boldKernRightClasses,
    notosans_16_boldKernMatrix,
    478,
    474,
    88,
    76,
    notosans_16_boldLigaturePairs,
    5,
    nullptr,
    nullptr,
    nullptr,
    1,
};
