/**
 * generated by fontconvert.py
 * name: notosans_12_regular
 * size: 12
 * mode: 2-bit  compressed: true
 * Command used: fontconvert.py notosans_12_regular 12 ../builtinFonts/source/NotoSans/NotoSans-Regular.ttf --2bit --compress --pnum
 */
#pragma once
#include "EpdFontData.h"

static const uint8_t notosans_12_regularBitmaps[17305] = {
    0x00, 0x08, 0x0A, 0x07, 0x48, 0x5E, 0x95, 0x1D, 0xAD, 0x10, 0x68, 0x00, 0x02, 0xDB, 0xE5, 0x1C,
    0xB5, 0x15, 0x7C, 0x0D, 0x00, 0x32, 0xAB, 0x52, 0xFA, 0xDC, 0xDE, 0x60, 0x0D, 0x29, 0x12, 0xF2,
    0x79, 0x6F, 0xF2, 0xF0, 0xDF, 0x70, 0xF2, 0x06, 0x9E, 0x44, 0xD6, 0xE6, 0x0F, 0x24, 0x26, 0xD1,
    0x6E, 0xAE, 0x42, 0xBE, 0x20, 0x46, 0x00, 0x30, 0x06, 0x68, 0x2C, 0xA3, 0x5C, 0x3C, 0x61, 0xCD,
    0x5D, 0xA8, 0x79, 0x50, 0x22, 0x2E, 0x1A, 0xE7, 0x4E, 0x1E, 0x49, 0x1A, 0xF4, 0x06, 0xE0, 0x2A,
    0xBC, 0xFE, 0x4B, 0xD7, 0xA5, 0x60, 0xE0, 0xEA, 0x00, 0x82, 0xF0, 0xA6, 0x77, 0xA8, 0xD4, 0x97,
    0x5E, 0x8E, 0x0D, 0x87, 0xA6, 0x3D, 0x46, 0xE2, 0x17, 0x6A, 0x32, 0xE0, 0x81, 0x42, 0x2E, 0xE6,
    0x6E, 0x72, 0x7D, 0xB8, 0x33, 0x78, 0x4E, 0xD9, 0x3F, 0x02, 0x20, 0x4E, 0x9E, 0x7D, 0x52, 0xCB,
    0x38, 0x00, 0x7E, 0x1E, 0x50, 0x58, 0xED, 0xB5, 0x4E, 0x39, 0x9B, 0x99, 0x4C, 0x9B, 0x7A, 0x4F,
    0xAA, 0x40, 0xA5, 0x0C, 0x82, 0x18, 0x63, 0xBC, 0x53, 0xB4, 0x2B, 0x51, 0xA8, 0x91, 0x7B, 0xD7,
    0xA6, 0x21, 0xEE, 0x09, 0xF3, 0xCC, 0x6A, 0xD7, 0xB0, 0x00, 0x02, 0x17, 0x1E, 0x40, 0x00, 0x19,
    0x73, 0x89, 0x02, 0xE6, 0xD0, 0x5C, 0x75, 0x77, 0x2E, 0xA8, 0x4F, 0x4D, 0xC0, 0x00, 0x09, 0x3E,
    0x5C, 0x59, 0xB1, 0xD1, 0xEC, 0x2F, 0xE2, 0x72, 0xE1, 0xBE, 0x80, 0x00, 0x23, 0x54, 0x0E, 0xC2,
    0x71, 0xB9, 0xAC, 0xAC, 0x5C, 0x85, 0xD8, 0xB6, 0x67, 0x3C, 0x15, 0x1B, 0x9B, 0x1A, 0xDD, 0x69,
    0x48, 0x00, 0x30, 0x28, 0xB3, 0x5B, 0x5C, 0x80, 0x68, 0xDA, 0x6A, 0x6B, 0x80, 0x00, 0x0A, 0x11,
    0x57, 0xBC, 0x00, 0x01, 0x0D, 0x9C, 0x00, 0x29, 0x0F, 0xD3, 0x80, 0x00, 0x42, 0x3F, 0x2F, 0x02,
    0x5C, 0x79, 0x3F, 0xB3, 0x8A, 0x55, 0x13, 0xA0, 0x00, 0x63, 0x86, 0xCE, 0xF4, 0x82, 0xB4, 0x46,
    0x7B, 0x86, 0x58, 0x82, 0x27, 0x5F, 0x19, 0x0B, 0x7D, 0x85, 0x5C, 0x03, 0x00, 0x32, 0xE5, 0xE6,
    0xEE, 0xFB, 0xFA, 0xCC, 0x19, 0xF3, 0x00, 0x63, 0x2C, 0x7E, 0xD7, 0x7D, 0xEC, 0x6F, 0xB9, 0x05,
    0xBA, 0x76, 0xC7, 0x4D, 0x59, 0xB4, 0x79, 0x70, 0x00, 0x5C, 0xD6, 0x60, 0x3B, 0xB9, 0x70, 0xB5,
    0x7A, 0xDA, 0x06, 0x8A, 0x98, 0xE1, 0xCA, 0x5F, 0x37, 0xDE, 0x69, 0x0C, 0x0A, 0xBB, 0xF0, 0x87,
    0x82, 0x20, 0x00, 0x45, 0xB2, 0x6E, 0xC1, 0x16, 0x44, 0x9D, 0xFA, 0xC6, 0x31, 0xBE, 0xA2, 0x86,
    0x8B, 0x30, 0xA9, 0xC0, 0x00, 0x05, 0x38, 0x8B, 0x0D, 0x96, 0x9B, 0x8F, 0x2F, 0xBD, 0xB0, 0x71,
    0xB1, 0x30, 0xB6, 0x4A, 0xAF, 0xCD, 0xB5, 0x3B, 0x79, 0x87, 0x12, 0x00, 0xDC, 0xD7, 0x26, 0xB1,
    0xAB, 0xF5, 0xF3, 0xCA, 0x9E, 0x45, 0x8C, 0x89, 0x7D, 0x4D, 0x35, 0xDF, 0x99, 0x82, 0x3B, 0xEA,
    0x58, 0x00, 0x00, 0x26, 0x83, 0xE0, 0x80, 0x64, 0x1F, 0xDE, 0x8E, 0x73, 0x31, 0xB8, 0x80, 0x00,
    0x63, 0x32, 0xD6, 0x48, 0xE5, 0x3F, 0xBE, 0xE8, 0x1F, 0xA6, 0xDA, 0x00, 0xE1, 0xE5, 0x3B, 0x64,
    0x71, 0x93, 0xF3, 0xAA, 0x5B, 0x5A, 0x3F, 0x9E, 0x5B, 0x25, 0xCE, 0x6F, 0xCF, 0xA0, 0x00, 0x61,
    0x22, 0x07, 0x66, 0x2C, 0xB7, 0x9F, 0x09, 0x4E, 0xC8, 0xCD, 0x95, 0x9B, 0x63, 0xBE, 0xE1, 0x17,
    0xB5, 0xE8, 0xBA, 0xC7, 0x87, 0xAA, 0x84, 0x00, 0x08, 0xB6, 0x31, 0xBE, 0x86, 0x59, 0x0A, 0x00,
    0x0D, 0xC0, 0xC2, 0x1B, 0x7B, 0x45, 0x9C, 0x1A, 0x80, 0x00, 0x8F, 0x92, 0x4F, 0x9C, 0x0A, 0x49,
    0xFA, 0xD4, 0x9D, 0xDD, 0x5A, 0x4A, 0xBE, 0x85, 0xED, 0x0F, 0x3B, 0x92, 0x9E, 0xE0, 0x00, 0x55,
    0xDF, 0xCB, 0xDE, 0x63, 0x8F, 0x6E, 0xAA, 0x60, 0x00, 0x5C, 0x0C, 0xBE, 0x92, 0xC2, 0x28, 0x5D,
    0xEC, 0x0A, 0x4B, 0x3B, 0x64, 0x02, 0x85, 0xAD, 0xF8, 0x0D, 0x75, 0xE7, 0xBA, 0x3D, 0x40, 0x00,
    0x57, 0x65, 0x58, 0x2B, 0x7C, 0x9F, 0xD7, 0x18, 0xBE, 0x56, 0xBC, 0x7C, 0x0C, 0x5D, 0x58, 0x5B,
    0xE8, 0xD0, 0x00, 0x29, 0x7C, 0x26, 0x99, 0x2A, 0xD0, 0x1C, 0xD8, 0xA7, 0xA9, 0x79, 0x44, 0x3F,
    0x65, 0xD0, 0x99, 0xDC, 0x54, 0x49, 0xBB, 0x87, 0xEA, 0xA6, 0x57, 0x0C, 0xD7, 0x80, 0xCE, 0x0F,
    0x50, 0x67, 0x9F, 0x61, 0xE0, 0x8B, 0x91, 0xC6, 0x53, 0x9B, 0x59, 0x58, 0xD7, 0x0B, 0xC0, 0xCB,
    0xC8, 0xDF, 0x90, 0x00, 0x3D, 0x76, 0xE9, 0x38, 0x86, 0xFC, 0x38, 0x46, 0x07, 0xB8, 0x32, 0x91,
    0xDE, 0x55, 0xEE, 0xFE, 0x26, 0x01, 0xE6, 0x4E, 0x09, 0x34, 0x81, 0x57, 0x17, 0x27, 0xE3, 0x80,
    0x00, 0x00, 0x63, 0x3A, 0xAF, 0x10, 0xD7, 0x74, 0x36, 0x14, 0x85, 0x06, 0x5D, 0x27, 0x81, 0xEA,
    0x62, 0x9F, 0xAD, 0x58, 0x28, 0xFA, 0x0A, 0x95, 0xAA, 0xD6, 0x89, 0x80, 0x00, 0x7C, 0x0B, 0x10,
    0x04, 0x42, 0xF7, 0xE5, 0x6A, 0x98, 0x6E, 0x98, 0x0A, 0xFE, 0x42, 0xFC, 0xCD, 0x47, 0x58, 0x00,
    0x00, 0x7E, 0x07, 0x4D, 0x94, 0xAD, 0x45, 0xA0, 0xFB, 0xA6, 0x04, 0xF9, 0x6A, 0x70, 0x48, 0x20,
    0xB0, 0x36, 0x5C, 0xE0, 0xE6, 0xE0, 0x00, 0x00, 0x11, 0x94, 0x2E, 0x5C, 0x2F, 0x9C, 0xCF, 0xF1,
    0xE5, 0x94, 0x8E, 0xCC, 0x8E, 0x87, 0x2C, 0x00, 0x00, 0x11, 0x94, 0xD6, 0xCF, 0x77, 0x56, 0xA9,
    0xCE, 0x57, 0x47, 0x2F, 0xF0, 0x10, 0x00, 0x7D, 0xC8, 0xC4, 0x40, 0x68, 0x00, 0xE0, 0x56, 0x64,
    0x9C, 0x62, 0x82, 0x47, 0x87, 0xCE, 0xCD, 0xDB, 0x52, 0x66, 0x8D, 0x5E, 0xF9, 0x94, 0x00, 0x03,
    0xCA, 0x43, 0x21, 0x4B, 0x26, 0x90, 0xC7, 0x72, 0xA8, 0xFE, 0xC0, 0x59, 0xCF, 0x48, 0x7E, 0x5A,
    0x48, 0x00, 0x00, 0xA4, 0x22, 0x14, 0xAD, 0x9E, 0xC9, 0xA2, 0xAF, 0xDF, 0x30, 0x00, 0x26, 0x49,
    0xC2, 0xDE, 0xD9, 0x54, 0xFB, 0x36, 0x7E, 0x81, 0x00, 0x44, 0x00, 0x03, 0xBE, 0x20, 0xE5, 0xAE,
    0x0C, 0xC5, 0x49, 0x1E, 0xB5, 0x22, 0x1F, 0xDF, 0xF6, 0x46, 0xDC, 0xD5, 0x55, 0x2D, 0xED, 0xB4,
    0x23, 0xCD, 0x87, 0x27, 0x00, 0x9B, 0xF0, 0xD9, 0x3F, 0xF0, 0xEA, 0x00, 0x03, 0x30, 0x31, 0x01,
    0x1E, 0xA8, 0xFF, 0xDA, 0x7D, 0x9A, 0x92, 0x6E, 0xCA, 0x6A, 0x1E, 0xAB, 0x0B, 0xF8, 0xA6, 0x39,
    0x70, 0xFD, 0x7C, 0x74, 0xF1, 0x4D, 0x0E, 0x43, 0x97, 0x22, 0xF8, 0x18, 0x76, 0xB9, 0x00, 0x02,
    0xEA, 0x9E, 0x3B, 0x4C, 0x16, 0x3D, 0xDC, 0x28, 0x09, 0xB9, 0xAA, 0xCC, 0x71, 0xD1, 0xB9, 0x84,
    0x9E, 0xFF, 0xD4, 0x33, 0xA2, 0xCC, 0x35, 0x74, 0x47, 0x56, 0xEC, 0x00, 0x7C, 0xC6, 0xB2, 0x54,
    0x03, 0x73, 0x20, 0xCD, 0xA7, 0xC5, 0x4E, 0x8B, 0xD3, 0xEA, 0x15, 0x26, 0x01, 0x24, 0xCB, 0x0B,
    0xC5, 0x7D, 0x05, 0x40, 0x00, 0x00, 0x6C, 0x42, 0xA4, 0x9F, 0xBD, 0x41, 0xDE, 0xF6, 0xF0, 0x03,
    0xEC, 0x05, 0x39, 0x36, 0xC0, 0x02, 0x1D, 0x90, 0x87, 0x31, 0x00, 0x85, 0x4D, 0x1D, 0x68, 0x11,
    0xC6, 0xBA, 0xF1, 0xB2, 0x51, 0x58, 0x40, 0x2D, 0x87, 0x2D, 0x00, 0x17, 0x02, 0x00, 0xB3, 0x9D,
    0xC9, 0xC4, 0xDB, 0x5C, 0xBC, 0xF1, 0x14, 0xDD, 0xF4, 0x6C, 0x54, 0x19, 0xD7, 0x45, 0x60, 0x00,
    0x60, 0x0B, 0x0A, 0xB0, 0x3F, 0x85, 0x32, 0x8E, 0x3D, 0xB2, 0x20, 0x24, 0xC8, 0x28, 0xEC, 0x94,
    0xC9, 0x42, 0xE9, 0x36, 0x51, 0xAF, 0xC0, 0x00, 0x00, 0x0A, 0xCA, 0x34, 0x92, 0x41, 0x11, 0x1E,
    0xD8, 0x00, 0x03, 0xC5, 0x15, 0x4B, 0x53, 0x3B, 0x36, 0x75, 0x7A, 0x72, 0xC9, 0x4E, 0xBF, 0x1E,
    0xC2, 0x30, 0x00, 0x03, 0xC9, 0x9E, 0xFB, 0x9D, 0x16, 0xC7, 0xDB, 0xA2, 0x46, 0xB0, 0x44, 0x47,
    0x75, 0x42, 0x72, 0x20, 0xA4, 0x67, 0xF4, 0xF8, 0x40, 0x00, 0x03, 0xBC, 0x86, 0xFC, 0xC7, 0x79,
    0x63, 0xCB, 0xA2, 0x87, 0x0E, 0x12, 0x44, 0x16, 0xFA, 0x0C, 0x48, 0x63, 0x96, 0xF4, 0xDB, 0x15,
    0xF4, 0xC9, 0x7B, 0xB2, 0xFD, 0x40, 0x2F, 0x5D, 0x9F, 0x5D, 0x6A, 0x02, 0xDD, 0x69, 0xAF, 0xB3,
    0x0D, 0x5F, 0x38, 0x00, 0x09, 0x55, 0x32, 0x84, 0x3D, 0x5B, 0x70, 0xE2, 0xEF, 0xFD, 0xC5, 0x49,
    0x07, 0x16, 0x76, 0xFB, 0x12, 0x19, 0xC7, 0xC4, 0x14, 0xF9, 0x5F, 0x00, 0x03, 0xC5, 0x54, 0xD7,
    0xB2, 0x1E, 0x93, 0xF6, 0x70, 0x45, 0x8F, 0x44, 0x7D, 0xDF, 0xC1, 0x92, 0x40, 0x00, 0x05, 0x27,
    0x6A, 0x66, 0x1B, 0x50, 0xDC, 0x23, 0xD2, 0xFD, 0x6B, 0xFD, 0x19, 0x0F, 0xF1, 0xFF, 0x80, 0x00,
    0x00, 0x62, 0xEE, 0x1E, 0x38, 0x75, 0x4B, 0xC0, 0x00, 0x03, 0xF8, 0xDF, 0x27, 0x39, 0x8D, 0x5F,
    0x19, 0x1C, 0x75, 0x68, 0x6D, 0x16, 0x40, 0x00, 0x01, 0x56, 0x1B, 0x68, 0x27, 0xBC, 0xF2, 0xCC,
    0x80, 0x00, 0x33, 0x29, 0x91, 0xF5, 0x03, 0x71, 0xD6, 0xB6, 0x4E, 0xC6, 0x22, 0xC4, 0x2D, 0x9F,
    0x87, 0x19, 0x00, 0xC7, 0x00, 0x32, 0xD6, 0xF0, 0x58, 0x00, 0x1D, 0x83, 0xA6, 0xA7, 0xB4, 0x03,
    0xB0, 0x30, 0x58, 0xB8, 0xB7, 0xF7, 0x9E, 0x19, 0x3D, 0x26, 0x67, 0x01, 0x88, 0x1C, 0xE0, 0x00,
    0x03, 0xE3, 0x92, 0x1A, 0xE4, 0x90, 0xBB, 0x59, 0xC2, 0xC7, 0x94, 0xA5, 0xF9, 0x95, 0xF0, 0x47,
    0x87, 0xC2, 0x53, 0x38, 0x47, 0x00, 0x1D, 0x81, 0x4E, 0x37, 0x93, 0xC4, 0xDD, 0x99, 0x9E, 0xED,
    0xC6, 0x2F, 0x0C, 0xC0, 0x00, 0x53, 0x10, 0x41, 0xA7, 0x62, 0x28, 0x56, 0x04, 0xC5, 0xFD, 0x60,
    0x9F, 0x9D, 0x5E, 0xBD, 0x41, 0xF1, 0x49, 0x85, 0x9B, 0x22, 0x20, 0x00, 0x1D, 0x86, 0x04, 0x37,
    0x1A, 0x36, 0xD1, 0xD1, 0x61, 0xB2, 0xB7, 0xC4, 0xEF, 0x5C, 0x6C, 0x38, 0x06, 0x7E, 0x56, 0x83,
    0x40, 0x00, 0x5D, 0xDC, 0x14, 0xE6, 0xEF, 0x3F, 0xE2, 0x12, 0x59, 0x6A, 0x13, 0xD4, 0x22, 0xA1,
    0x11, 0x8C, 0x46, 0x00, 0x50, 0x08, 0x9A, 0xC6, 0x52, 0xC0, 0xD8, 0xB9, 0xCB, 0x1B, 0xAD, 0xC7,
    0x5B, 0x90, 0x87, 0x44, 0x00, 0x96, 0xE3, 0xD0, 0x2E, 0x21, 0xEB, 0xC0, 0x60, 0x8A, 0xDB, 0x5F,
    0x3A, 0x69, 0xE0, 0x00, 0x1C, 0x4F, 0x6E, 0x44, 0x42, 0x8B, 0xCD, 0xD0, 0x00, 0x36, 0xA4, 0x77,
    0x42, 0x24, 0x92, 0x91, 0x7A, 0xD8, 0xA1, 0x5C, 0x00, 0x03, 0xE3, 0x9A, 0x27, 0x91, 0xF6, 0x9C,
    0xC5, 0x97, 0x3B, 0xCE, 0x6A, 0x8F, 0x0D, 0x9B, 0xE8, 0x6E, 0x0C, 0x00, 0x00, 0x00, 0x00, 0x32,
    0xCA, 0xA0, 0x00, 0x04, 0x4C, 0x45, 0x7A, 0x57, 0x71, 0x77, 0x7D, 0x40, 0x12, 0xE7, 0x04, 0xE8,
    0x91, 0x7C, 0x01, 0xFE, 0xD3, 0x8A, 0x5C, 0x3A, 0xC7, 0x97, 0xC0, 0x8C, 0x4A, 0x00, 0x9C, 0x04,
    0xA3, 0x69, 0x2C, 0x21, 0x00, 0x17, 0x4A, 0x09, 0xFF, 0x9B, 0xF1, 0xCD, 0x06, 0x67, 0xFB, 0x15,
    0xF9, 0x05, 0xB4, 0x9E, 0xC3, 0xC1, 0xFE, 0x0F, 0xC0, 0x8C, 0x44, 0x00, 0x9C, 0x30, 0x5D, 0xB9,
    0xE4, 0x8C, 0x34, 0x88, 0xBF, 0x50, 0x8C, 0x46, 0x00, 0x50, 0x08, 0x9A, 0xC6, 0x52, 0x79, 0xF6,
    0xB6, 0x68, 0x00, 0x03, 0xD3, 0xFC, 0xD0, 0xE8, 0xC8, 0xB5, 0x43, 0x4E, 0xD0, 0x00, 0x11, 0x8C,
    0xB7, 0x04, 0x57, 0x31, 0x48, 0x1E, 0x84, 0x7E, 0xA5, 0x28, 0x22, 0xBF, 0xEC, 0x47, 0x30, 0x72,
    0x41, 0x23, 0x4C, 0x00, 0x1A, 0x95, 0xEA, 0xCD, 0x1B, 0x81, 0xE3, 0x5F, 0x6B, 0xC4, 0x11, 0xC1,
    0xB7, 0x9F, 0x9E, 0x98, 0x00, 0x09, 0x50, 0x6E, 0x1D, 0x4A, 0x25, 0xA9, 0x95, 0xA7, 0x09, 0x4F,
    0x22, 0xED, 0x88, 0x00, 0x04, 0x65, 0xA8, 0xA0, 0x0B, 0x0D, 0x12, 0x33, 0x84, 0x54, 0x4B, 0xD8,
    0x12, 0x19, 0x03, 0xEE, 0x84, 0x50, 0x00, 0x03, 0xB7, 0xF2, 0x4B, 0x54, 0x6E, 0xC3, 0x68, 0xD8,
    0x6F, 0x3B, 0x2A, 0xBD, 0x93, 0x1A, 0x9C, 0x83, 0xFE, 0xA7, 0x03, 0x54, 0x5C, 0xF0, 0x27, 0x76,
    0xE9, 0x65, 0x52, 0x05, 0xC8, 0x00, 0x09, 0x50, 0x56, 0x40, 0x53, 0x47, 0xB0, 0xCB, 0xDD, 0x66,
    0x3E, 0xBB, 0x45, 0xEC, 0x5B, 0xAB, 0x6E, 0x42, 0x87, 0x58, 0x00, 0x6D, 0xA4, 0xE9, 0x27, 0x0B,
    0xA2, 0x27, 0x9E, 0xD9, 0x32, 0xB5, 0xF5, 0x8F, 0x21, 0x54, 0x30, 0x00, 0x0A, 0x4A, 0xCB, 0x30,
    0x42, 0xD2, 0x98, 0x35, 0x7C, 0x20, 0x10, 0x3F, 0x3A, 0x5F, 0x00, 0x31, 0xE6, 0xC8, 0x1B, 0xE5,
    0x89, 0xC7, 0xBE, 0xB7, 0xF9, 0x95, 0x1B, 0x5B, 0x89, 0xBA, 0xBA, 0xE0, 0x00, 0x0A, 0x06, 0x9C,
    0x14, 0xEE, 0x00, 0x08, 0x43, 0xA1, 0x02, 0x75, 0x19, 0xAD, 0x34, 0xBF, 0xCA, 0x59, 0x57, 0x45,
    0xE1, 0x34, 0x90, 0x0D, 0x40, 0x00, 0x0C, 0xCE, 0xA4, 0x95, 0xD0, 0x85, 0x98, 0x45, 0x6D, 0xC2,
    0xD1, 0x00, 0x0E, 0x1D, 0x8A, 0xD5, 0x3A, 0x22, 0x68, 0x9D, 0xF7, 0x80, 0x00, 0x73, 0xCA, 0x2F,
    0x01, 0xAD, 0x3F, 0x6F, 0x4D, 0xDB, 0x3F, 0x58, 0x6B, 0x96, 0x37, 0xA2, 0xA9, 0xEF, 0xC2, 0x00,
    0x75, 0x91, 0x5A, 0x7C, 0x2B, 0x6A, 0x53, 0x50, 0x4B, 0x62, 0x2F, 0x61, 0x3F, 0x5A, 0x1E, 0x18,
    0x3C, 0xA4, 0x02, 0xBC, 0xCA, 0x63, 0x40, 0x00, 0x5B, 0x9E, 0x31, 0x08, 0x8B, 0x0B, 0xBC, 0xE4,
    0x57, 0x27, 0x7C, 0xB6, 0x52, 0xF6, 0xB3, 0xC2, 0x92, 0x3C, 0x66, 0xC3, 0xDA, 0xE3, 0x47, 0xBE,
    0x70, 0x00, 0x03, 0xC3, 0x13, 0xE8, 0x60, 0x99, 0x60, 0x40, 0x5B, 0xFC, 0xC9, 0x78, 0x5B, 0x4E,
    0x63, 0x03, 0x07, 0x48, 0xA2, 0x24, 0xFD, 0xFD, 0xD2, 0x0E, 0x04, 0x0E, 0x80, 0x00, 0x0A, 0x14,
    0x5F, 0x79, 0x0C, 0x8E, 0xC8, 0x00, 0x5A, 0x63, 0x93, 0x42, 0x95, 0xDA, 0x2A, 0xDB, 0x0F, 0xC4,
    0xED, 0xFB, 0x4B, 0x25, 0x77, 0xD7, 0x52, 0x53, 0xE3, 0xFF, 0x98, 0xE5, 0xE5, 0x29, 0x82, 0xD4,
    0x5B, 0x6A, 0x4C, 0x26, 0x00, 0x3F, 0x24, 0x95, 0x81, 0xBD, 0x48, 0x00, 0x89, 0xD4, 0xB0, 0xE1,
    0x45, 0x3F, 0x7F, 0xFC, 0xF3, 0xEE, 0x9F, 0x5C, 0x8A, 0x95, 0x4A, 0xB4, 0x57, 0x08, 0xD4, 0x21,
    0x59, 0xF4, 0x72, 0x41, 0x4A, 0xC8, 0x7B, 0xE4, 0x51, 0x81, 0x75, 0xDB, 0x6C, 0x9D, 0x2E, 0xF0,
    0x89, 0x38, 0x0F, 0x22, 0x06, 0x7E, 0xC0, 0x00, 0x41, 0x78, 0x98, 0xF1, 0x4B, 0xDF, 0x24, 0x77,
    0xB8, 0x36, 0x4E, 0x19, 0x0C, 0xF0, 0x00, 0x25, 0x9B, 0x05, 0x92, 0x9B, 0x73, 0xA4, 0x91, 0x05,
    0xE0, 0xC3, 0x71, 0xAD, 0x5B, 0x63, 0x19, 0xDC, 0x66, 0x50, 0x00, 0x00, 0x11, 0xBA, 0x45, 0xE7,
    0x87, 0x0F, 0x00, 0x68, 0x87, 0x6A, 0x00, 0x9F, 0x18, 0x1D, 0x94, 0x10, 0x11, 0x9B, 0xE6, 0x78,
    0x8D, 0xA9, 0x1E, 0x50, 0x49, 0x0B, 0x2D, 0x9D, 0x4E, 0x5B, 0x06, 0xFF, 0x7A, 0x18, 0xFE, 0x3C,
    0x0B, 0x49, 0xFF, 0x8B, 0xD6, 0x00, 0x05, 0x0D, 0xA7, 0xF0, 0x00, 0x49, 0x1D, 0xD5, 0xFC, 0x0E,
    0x85, 0xA7, 0x1A, 0x73, 0x51, 0x89, 0xA0, 0x82, 0x41, 0x00, 0x29, 0x89, 0x4E, 0xDA, 0xD7, 0x66,
    0x77, 0xB9, 0x61, 0x8C, 0x47, 0x00, 0x1F, 0x09, 0x23, 0xEE, 0xCC, 0x51, 0x63, 0x3C, 0x3D, 0x1B,
    0x2E, 0xFD, 0x1F, 0xEB, 0x80, 0x00, 0x17, 0xF1, 0xA4, 0xCC, 0x76, 0x34, 0x35, 0x53, 0xEB, 0xC7,
    0x51, 0xDA, 0x38, 0x9E, 0x40, 0x52, 0x70, 0x00, 0x3D, 0x0E, 0xE6, 0xA2, 0x00, 0x04, 0x62, 0xE0,
    0x1D, 0xD3, 0x2E, 0x07, 0xE5, 0xC0, 0x4E, 0xF9, 0x3C, 0x28, 0x60, 0xB2, 0xB3, 0xB0, 0x00, 0x0E,
    0xBF, 0xD6, 0x35, 0x67, 0x9C, 0x7D, 0x54, 0xD8, 0x6F, 0x5E, 0x7B, 0xD1, 0xAF, 0xA5, 0x33, 0xED,
    0x6D, 0x41, 0x75, 0x11, 0x7E, 0x14, 0x87, 0x10, 0x00, 0x70, 0x00, 0x13, 0xE4, 0x29, 0x01, 0xAF,
    0x3F, 0xFC, 0xD8, 0x00, 0x42, 0xB2, 0xFF, 0xC3, 0xCD, 0x96, 0x80, 0x00, 0x49, 0x27, 0xF4, 0x4B,
    0xF1, 0x6C, 0x37, 0x35, 0xC8, 0x6E, 0x7E, 0x00, 0x0E, 0x7F, 0x0A, 0x40, 0x6D, 0x00, 0x23, 0x1F,
    0x3A, 0x26, 0x3E, 0x26, 0x3F, 0x79, 0xE5, 0x96, 0x7F, 0xC9, 0xB6, 0x55, 0x1E, 0x00, 0x11, 0xAA,
    0x14, 0x90, 0x72, 0x6A, 0x7A, 0x6F, 0x04, 0xC0, 0x24, 0xBF, 0x7A, 0x46, 0x61, 0xA0, 0x35, 0x9B,
    0x7D, 0x80, 0xC0, 0x5C, 0x80, 0x27, 0x0B, 0xAD, 0x97, 0xA6, 0xE2, 0xE4, 0x2C, 0xFA, 0xEE, 0x40,
    0x00, 0x11, 0xA2, 0x32, 0x29, 0x8D, 0x3F, 0xC1, 0xD5, 0x19, 0x21, 0x61, 0x3A, 0x65, 0x6B, 0x98,
    0x68, 0x3C, 0x73, 0x90, 0x73, 0xB1, 0xB4, 0x58, 0x14, 0xD0, 0xA1, 0x75, 0x32, 0xE1, 0x3C, 0x39,
    0x7F, 0xFE, 0xE0, 0xD4, 0x00, 0x81, 0xBC, 0x30, 0x2C, 0x6B, 0x52, 0x69, 0x57, 0x62, 0x99, 0x8F,
    0x69, 0x90, 0x3D, 0x9B, 0x68, 0xC0, 0x55, 0x43, 0xEA, 0x40, 0x79, 0xAA, 0xD2, 0xEF, 0x59, 0xDC,
    0x66, 0xF7, 0x4F, 0xC7, 0x05, 0xC1, 0xB5, 0x93, 0x59, 0x0D, 0xAC, 0xF0, 0x7A, 0x3E, 0x60, 0x00,
    0x2F, 0xD4, 0x70, 0xFA, 0x1B, 0xBE, 0xB5, 0x30, 0x87, 0x38, 0xEA, 0x29, 0xD0, 0x07, 0x7D, 0xF3,
    0x74, 0xF2, 0x4A, 0xC0, 0x81, 0x23, 0x00, 0x82, 0x78, 0x1C, 0x25, 0xAB, 0x90, 0x4D, 0x03, 0xA5,
    0xDC, 0xE1, 0x40, 0x81, 0x23, 0x00, 0x93, 0x38, 0x92, 0x76, 0x4D, 0x45, 0x07, 0xDF, 0xF5, 0x33,
    0x81, 0x23, 0x00, 0x86, 0xFD, 0xAA, 0x65, 0xD4, 0x37, 0x4E, 0xAB, 0xE0, 0x80, 0xEB, 0xAF, 0x28,
    0x88, 0x81, 0x00, 0x8B, 0x76, 0xE8, 0x6D, 0x24, 0x82, 0xBA, 0x33, 0x9C, 0x67, 0x7A, 0x11, 0x4F,
    0x9B, 0x80, 0x88, 0x82, 0x00, 0xE4, 0x6B, 0x11, 0x6C, 0x5F, 0x5D, 0x05, 0x10, 0xFA, 0x60, 0x9E,
    0x88, 0x81, 0x00, 0xAE, 0xBC, 0x27, 0x95, 0x4F, 0xA9, 0x1D, 0x1E, 0x18, 0x50, 0x09, 0x32, 0x9B,
    0xC0, 0xA0, 0x00, 0x3D, 0x0B, 0x5D, 0x9C, 0xFE, 0x50, 0xD9, 0x3E, 0xFF, 0x0E, 0xA1, 0xC1, 0xC3,
    0xF4, 0x58, 0x63, 0x70, 0x4D, 0x73, 0x1A, 0x90, 0xE5, 0x49, 0x14, 0x99, 0xBB, 0x24, 0x44, 0xF5,
    0x45, 0x40, 0x87, 0x25, 0x00, 0x8E, 0x60, 0x76, 0x73, 0xD0, 0x36, 0x5F, 0x8B, 0x22, 0x53, 0x37,
    0x5A, 0x29, 0xA0, 0x81, 0x27, 0x00, 0x5B, 0xEC, 0x4B, 0x93, 0x49, 0x45, 0x20, 0x81, 0x27, 0x00,
    0x78, 0xAE, 0x77, 0xFC, 0x0C, 0x96, 0x9A, 0x87, 0x89, 0x00, 0xD5, 0xE3, 0x50, 0xF5, 0xBA, 0x02,
    0x23, 0xDF, 0x60, 0x82, 0x27, 0x00, 0x5B, 0xFA, 0x55, 0xDD, 0x18, 0xE0, 0x3F, 0x80, 0x81, 0x2B,
    0x00, 0x3D, 0x15, 0xF1, 0xA9, 0xFC, 0x18, 0x81, 0x2B, 0x00, 0x56, 0xE8, 0x13, 0x49, 0xD5, 0xE0,
    0x00, 0x49, 0xF6, 0x7B, 0xAF, 0x3D, 0x0E, 0xD8, 0x4F, 0x65, 0xD9, 0x5C, 0x74, 0x40, 0xD4, 0x26,
    0xDD, 0x73, 0xE8, 0x87, 0x69, 0x00, 0xA0, 0x01, 0x28, 0x68, 0xBC, 0xED, 0xB6, 0x73, 0xB7, 0x16,
    0xBA, 0x72, 0xA8, 0x00, 0x0A, 0x64, 0x49, 0x8B, 0x39, 0x96, 0x07, 0x43, 0xC5, 0x91, 0x9F, 0x59,
    0x54, 0x0B, 0x0C, 0x42, 0x3A, 0x90, 0xDF, 0x65, 0x82, 0x41, 0x24, 0xAB, 0x27, 0x9D, 0x74, 0x82,
    0x30, 0x00, 0x29, 0xED, 0x2E, 0xEC, 0x46, 0x65, 0x75, 0x7F, 0xAE, 0x48, 0x56, 0xFA, 0x6E, 0x60,
    0x80, 0x82, 0x31, 0x00, 0x87, 0x3D, 0x5A, 0x36, 0x60, 0xA5, 0xE1, 0xC9, 0x8E, 0xC0, 0x82, 0x31,
    0x00, 0x98, 0x5A, 0x07, 0xE0, 0x33, 0xD1, 0x98, 0x97, 0x39, 0x82, 0x31, 0x00, 0x8B, 0xD1, 0xE2,
    0x97, 0xF5, 0xAE, 0x14, 0xBF, 0xB5, 0xEC, 0x1C, 0x08, 0x83, 0x31, 0x00, 0x2C, 0x38, 0x2E, 0xEE,
    0xC2, 0xAC, 0xAC, 0xB0, 0xF6, 0x77, 0x43, 0x00, 0x69, 0x30, 0x83, 0x31, 0x00, 0x7F, 0xDF, 0x39,
    0x7D, 0x4D, 0x79, 0x26, 0xBF, 0x2A, 0x91, 0xE0, 0x00, 0x5B, 0xBA, 0xDE, 0x4F, 0xB2, 0x8D, 0xAC,
    0x63, 0xCC, 0xDE, 0xA2, 0x97, 0x7F, 0xD8, 0xAF, 0x09, 0xFD, 0xE4, 0x87, 0x31, 0x00, 0x53, 0x7B,
    0x93, 0xE3, 0x7D, 0x26, 0x62, 0x5D, 0x7B, 0x67, 0xE2, 0x5E, 0xB1, 0x10, 0x73, 0xCC, 0xD5, 0x07,
    0x80, 0x81, 0x37, 0x00, 0x72, 0xF9, 0xD0, 0x25, 0x46, 0x24, 0xA4, 0x80, 0x81, 0x37, 0x00, 0x8C,
    0x46, 0x62, 0x8D, 0xF3, 0x8C, 0x96, 0x80, 0x87, 0x9A, 0x00, 0x88, 0x43, 0x3E, 0x12, 0xAD, 0x87,
    0x59, 0x2A, 0x15, 0x80, 0x82, 0x37, 0x00, 0x6C, 0x48, 0xAC, 0xEE, 0xBE, 0xCD, 0x94, 0xEC, 0x80,
    0x81, 0x3B, 0x00, 0x92, 0x6B, 0x87, 0x9A, 0x97, 0x59, 0x9A, 0x8F, 0xE9, 0x80, 0x84, 0x32, 0x00,
    0x03, 0xD5, 0xB1, 0x28, 0xFD, 0x66, 0x26, 0x2F, 0x9C, 0x06, 0x5D, 0x80, 0x20, 0x00, 0x60, 0x33,
    0x2F, 0x40, 0x44, 0xCE, 0x6F, 0xEE, 0xC1, 0x72, 0x70, 0xBF, 0x44, 0xFE, 0xE4, 0x43, 0x43, 0x07,
    0x93, 0x6D, 0xA0, 0xB4, 0xDF, 0xF6, 0xDC, 0xED, 0xDD, 0x81, 0x43, 0x00, 0x63, 0x66, 0xC0, 0x8C,
    0x81, 0x27, 0x5B, 0xE9, 0x81, 0x43, 0x00, 0x77, 0x30, 0x91, 0x55, 0x0A, 0x89, 0x53, 0xE2, 0x87,
    0xA1, 0x00, 0x78, 0xCA, 0xF3, 0x42, 0xEB, 0xF3, 0xF1, 0x40, 0x30, 0xF1, 0xC0, 0x88, 0xA1, 0x00,
    0x82, 0xDA, 0x86, 0x51, 0x52, 0xB5, 0x3A, 0x3B, 0xA0, 0x1E, 0x15, 0x9B, 0x60, 0x82, 0x43, 0x00,
    0x5B, 0xF8, 0xDD, 0x28, 0x9F, 0x9A, 0xB9, 0x6B, 0xC6, 0x80, 0x80, 0x43, 0x00, 0x2E, 0xEA, 0x7E,
    0xB3, 0x41, 0xD9, 0xFE, 0xF9, 0x7E, 0x4F, 0x75, 0x74, 0x40, 0x00, 0x10, 0x4B, 0x82, 0x08, 0xFC,
    0x05, 0xEE, 0x81, 0x49, 0x63, 0x30, 0xC3, 0x88, 0x29, 0xFB, 0x8C, 0x79, 0x34, 0x1A, 0x16, 0x81,
    0xFC, 0x7D, 0xDA, 0x5D, 0xE4, 0x7E, 0xD6, 0x08, 0x83, 0x65, 0x5E, 0x6E, 0xD9, 0xA9, 0x15, 0x87,
    0x45, 0x00, 0x44, 0xB9, 0x1B, 0x7F, 0xA3, 0xA6, 0xFC, 0x25, 0x38, 0xD4, 0x81, 0x47, 0x00, 0x65,
    0x94, 0x35, 0x75, 0x62, 0x3E, 0xA5, 0x4B, 0xC2, 0x80, 0x81, 0x47, 0x00, 0x80, 0x6A, 0x22, 0x51,
    0x5C, 0xA0, 0x59, 0xFF, 0x81, 0x47, 0x00, 0x6B, 0x1E, 0x50, 0xDD, 0x75, 0xC3, 0x10, 0xA2, 0xBA,
    0xFC, 0x4C, 0x30, 0x82, 0x47, 0x00, 0x5E, 0x40, 0x6F, 0x25, 0xEF, 0xBF, 0x99, 0x12, 0x32, 0xCA,
    0xA0, 0x00, 0x36, 0xE3, 0xEA, 0xFC, 0x65, 0x22, 0x24, 0xE2, 0x2C, 0x00, 0x44, 0x84, 0xF8, 0x8C,
    0x32, 0x84, 0x58, 0x51, 0x88, 0x87, 0x8F, 0x00, 0x94, 0x23, 0x43, 0x17, 0x9B, 0xCC, 0xE0, 0xF5,
    0x87, 0x90, 0x00, 0xA0, 0x0A, 0xAD, 0x14, 0xAA, 0x36, 0x00, 0x6B, 0xC0, 0x0E, 0x26, 0x85, 0xE1,
    0x46, 0x4B, 0x4A, 0x8D, 0xC0, 0xAB, 0x06, 0x72, 0xE0, 0x44, 0x3B, 0x8A, 0x03, 0x42, 0x03, 0x00,
    0x59, 0xD5, 0x92, 0x7C, 0xD3, 0xA3, 0x13, 0xEE, 0xA6, 0x60, 0x87, 0x4A, 0x00, 0xF2, 0x41, 0x1A,
    0xDD, 0x2E, 0xC5, 0xE7, 0xA2, 0xB0, 0xA8, 0x02, 0x9F, 0x41, 0x68, 0xB4, 0x87, 0x92, 0x70, 0x81,
    0x51, 0x00, 0x64, 0x79, 0xD2, 0x9A, 0x7F, 0x80, 0x69, 0xD4, 0xEE, 0x81, 0x51, 0x00, 0x7F, 0xC6,
    0xB8, 0x77, 0x50, 0x55, 0xA1, 0x96, 0xE8, 0x81, 0x51, 0x00, 0x71, 0xFB, 0x4B, 0x03, 0x4A, 0x74,
    0x04, 0xF3, 0xC1, 0xDB, 0x2F, 0x80, 0x82, 0x51, 0x00, 0x1E, 0xAB, 0x79, 0x25, 0x9E, 0x51, 0xD0,
    0x4D, 0x44, 0x15, 0x35, 0xD0, 0x62, 0x60, 0x82, 0x51, 0x00, 0x64, 0x86, 0xDB, 0xE0, 0xE3, 0x21,
    0xA7, 0xFC, 0xAF, 0x66, 0x00, 0x29, 0x3A, 0xEF, 0x40, 0xD7, 0xA7, 0x41, 0x7B, 0x25, 0x58, 0x58,
    0xE0, 0x86, 0x51, 0x00, 0x6B, 0xB6, 0x91, 0x1B, 0x29, 0xE1, 0xC0, 0x19, 0x19, 0x5B, 0xE4, 0x9F,
    0x6D, 0x9C, 0x59, 0x8E, 0x40, 0x81, 0x57, 0x00, 0x64, 0x79, 0xC3, 0x4A, 0xC2, 0x39, 0x12, 0xDA,
    0x81, 0x57, 0x00, 0x80, 0x33, 0x04, 0x97, 0x75, 0xD4, 0x70, 0x81, 0x57, 0x00, 0x71, 0x00, 0x35,
    0x10, 0x29, 0xC2, 0x99, 0x88, 0xB8, 0xF8, 0x82, 0x57, 0x00, 0x64, 0x86, 0xDC, 0x49, 0x47, 0xD6,
    0x7D, 0x35, 0x81, 0x5B, 0x00, 0x7F, 0xC6, 0xBC, 0x9A, 0x04, 0xAE, 0xC8, 0xAC, 0x15, 0xC5, 0x87,
    0x44, 0x00, 0x96, 0x70, 0x74, 0x6C, 0xAB, 0x5A, 0xA5, 0x60, 0xF7, 0x80, 0x82, 0x5B, 0x00, 0x65,
    0x1A, 0x57, 0x43, 0x43, 0xE9, 0x1F, 0xF4, 0x14, 0x82, 0x38, 0x84, 0x23, 0x00, 0x15, 0x6D, 0x0F,
    0x30, 0xB7, 0xC0, 0x51, 0x1D, 0x8F, 0x3C, 0x89, 0xA5, 0x00, 0x27, 0xCB, 0xD1, 0x17, 0x7E, 0xE3,
    0x60, 0x08, 0x88, 0x81, 0x00, 0x1E, 0xD0, 0xD8, 0xBE, 0xBC, 0xC9, 0x5A, 0x28, 0xBB, 0x7D, 0x88,
    0xD4, 0x82, 0x43, 0x00, 0x0D, 0xAB, 0xA7, 0x76, 0x53, 0x79, 0x91, 0xB8, 0x58, 0x08, 0x87, 0x23,
    0x00, 0x79, 0x29, 0x9D, 0xC9, 0x48, 0x14, 0x4E, 0x4D, 0x8F, 0x68, 0x01, 0x80, 0x00, 0x1D, 0x86,
    0xA0, 0x5C, 0x58, 0xF1, 0xCF, 0xA8, 0x46, 0x78, 0x4D, 0x4F, 0xBF, 0x17, 0x63, 0x7A, 0xB9, 0xED,
    0xC7, 0xEB, 0xF9, 0xE9, 0xE3, 0xBB, 0x7E, 0xF6, 0x80, 0x82, 0x25, 0x00, 0x97, 0x95, 0x29, 0x96,
    0x6D, 0x03, 0xF2, 0x95, 0x40, 0x81, 0x45, 0x00, 0x7E, 0x9B, 0xDC, 0x26, 0x58, 0x0C, 0xE7, 0x80,
    0x82, 0x25, 0x00, 0x8C, 0x5B, 0x53, 0x7C, 0xCF, 0x74, 0x6F, 0xEA, 0x75, 0x54, 0x20, 0x81, 0x45,
    0x00, 0x69, 0x01, 0x1D, 0xB1, 0xE4, 0x97, 0x6F, 0x55, 0x56, 0xB6, 0x83, 0x25, 0x00, 0x48, 0xB0,
    0x74, 0xBB, 0x25, 0x48, 0x9F, 0xFE, 0x82, 0x45, 0x00, 0x3B, 0x2F, 0x4A, 0xD5, 0xF5, 0xC6, 0xD0,
    0x87, 0xC7, 0x00, 0x72, 0x15, 0xBF, 0x57, 0x7C, 0xC3, 0xCE, 0x4E, 0x5C, 0x4C, 0x87, 0xC8, 0x00,
    0x56, 0x74, 0x15, 0x83, 0xB4, 0xA3, 0x3C, 0x02, 0x00, 0x8A, 0x81, 0x26, 0x00, 0x73, 0xA6, 0xEB,
    0x63, 0x65, 0x27, 0x84, 0x89, 0x6B, 0xBC, 0x99, 0xB0, 0x00, 0x50, 0x17, 0x73, 0x7C, 0xA3, 0xB2,
    0xC4, 0x63, 0xBF, 0x9C, 0x95, 0x67, 0x34, 0x6C, 0x58, 0x32, 0xC6, 0x8A, 0x4E, 0x60, 0xB9, 0xAC,
    0x4A, 0x8D, 0x5E, 0x0C, 0xFC, 0x87, 0x91, 0x00, 0x5E, 0x62, 0x0D, 0xA0, 0xC6, 0x07, 0x08, 0x00,
    0x56, 0xA3, 0xD4, 0xE8, 0x20, 0xE9, 0x7A, 0x4F, 0xAA, 0xC7, 0xF4, 0x4A, 0xE2, 0x6F, 0x5C, 0x06,
    0xE3, 0x18, 0x81, 0x00, 0x07, 0x63, 0x69, 0xD6, 0xEB, 0xE2, 0x89, 0x8C, 0x00, 0x1B, 0x61, 0x24,
    0xD6, 0x18, 0xC3, 0x84, 0x47, 0x00, 0x0A, 0x77, 0x08, 0xE7, 0xA5, 0xD5, 0x17, 0xDE, 0xB6, 0x82,
    0x27, 0x00, 0x0E, 0x82, 0x2C, 0xAC, 0x60, 0x09, 0x8E, 0x6D, 0xA0, 0x88, 0xA9, 0x00, 0x0E, 0x21,
    0x00, 0x87, 0x1A, 0x5D, 0xDF, 0x59, 0x15, 0x8A, 0x6C, 0x88, 0x89, 0x00, 0xE4, 0xD7, 0xB5, 0xF5,
    0x71, 0x98, 0x88, 0xA9, 0x00, 0xBB, 0xAA, 0xB0, 0xD3, 0x3C, 0x5F, 0x20, 0x08, 0x80, 0x87, 0x27,
    0x00, 0x5F, 0xE7, 0x51, 0x17, 0x5C, 0x88, 0x97, 0xD0, 0x71, 0x87, 0x47, 0x00, 0x49, 0x28, 0x2F,
    0x71, 0xC4, 0x74, 0x62, 0x30, 0x90, 0x53, 0x87, 0x8A, 0x00, 0x4F, 0xF5, 0x4E, 0x29, 0xE7, 0x72,
    0x3A, 0xEA, 0x68, 0x87, 0xAA, 0x00, 0x58, 0xD0, 0x30, 0x47, 0x55, 0x0C, 0xC8, 0x84, 0x19, 0xBB,
    0xCF, 0xBC, 0x82, 0x29, 0x00, 0x8D, 0x13, 0x9D, 0x34, 0x14, 0xA4, 0xE6, 0xAF, 0x55, 0xF1, 0x12,
    0x22, 0x81, 0x49, 0x00, 0x71, 0xFB, 0x4B, 0x03, 0xF9, 0xAB, 0xD5, 0x65, 0xD8, 0xDE, 0x3F, 0x95,
    0x10, 0x83, 0x29, 0x00, 0x28, 0x06, 0x5F, 0xC9, 0x29, 0x36, 0xAB, 0xF2, 0x91, 0x7E, 0x19, 0xB0,
    0x82, 0x49, 0x00, 0x13, 0x3C, 0x6A, 0xA6, 0xD6, 0x7E, 0x82, 0x86, 0x50, 0xE4, 0xBE, 0x20, 0x90,
    0x83, 0x29, 0x00, 0x51, 0xD6, 0x7F, 0xEF, 0x9A, 0xA7, 0x37, 0xCB, 0x4A, 0x82, 0x49, 0x00, 0x34,
    0xE9, 0x96, 0xEF, 0x66, 0x4D, 0x9E, 0x29, 0x6C, 0xF0, 0x87, 0x29, 0x00, 0x91, 0xFD, 0x9B, 0xB8,
    0xE3, 0x47, 0xF8, 0xFC, 0x8B, 0xF3, 0xA6, 0x81, 0x49, 0x00, 0x7B, 0x22, 0xBB, 0x00, 0x54, 0x82,
    0xED, 0x16, 0x34, 0xA9, 0x81, 0x2A, 0x00, 0x7F, 0x2B, 0xF3, 0x50, 0xEA, 0xBB, 0x44, 0xEF, 0x75,
    0x0D, 0xC0, 0x00, 0x70, 0xA5, 0x86, 0x11, 0x82, 0xDC, 0xF5, 0x72, 0x22, 0x4E, 0x04, 0x4A, 0xEB,
    0x4C, 0x54, 0x5E, 0x6B, 0x35, 0xFF, 0x40, 0xDD, 0xBE, 0x74, 0x40, 0x00, 0x0D, 0x5C, 0x93, 0x4B,
    0xF1, 0xEE, 0xC3, 0x53, 0x6C, 0x81, 0x1B, 0xBE, 0xA4, 0xBD, 0xA5, 0x74, 0x28, 0xD5, 0x40, 0x34,
    0xA6, 0x86, 0x09, 0x19, 0x0B, 0x14, 0x00, 0x0D, 0x45, 0xF1, 0x0F, 0x0B, 0x64, 0xD1, 0xD7, 0x60,
    0xC8, 0x5B, 0x82, 0x28, 0x84, 0x53, 0x38, 0x85, 0x2E, 0xAA, 0x96, 0x40, 0x00, 0x1A, 0x23, 0x9E,
    0xDC, 0xE2, 0x58, 0xFC, 0x02, 0x4A, 0xBF, 0x9B, 0x76, 0xB8, 0xA2, 0x2C, 0x83, 0x20, 0xB1, 0x67,
    0x86, 0x87, 0xE9, 0x00, 0x63, 0x81, 0xF0, 0xC7, 0x69, 0xCE, 0x98, 0x48, 0x89, 0x90, 0x00, 0x00,
    0xE6, 0x93, 0xB5, 0x63, 0x00, 0x00, 0x43, 0x8F, 0x61, 0x31, 0xFF, 0x5E, 0xC8, 0x88, 0x8F, 0x00,
    0x04, 0xB0, 0x84, 0x58, 0xAA, 0x15, 0xFD, 0x70, 0x46, 0x70, 0x87, 0xED, 0x00, 0x94, 0xDF, 0x3D,
    0x4F, 0xA9, 0xD5, 0x00, 0x40, 0x87, 0x2B, 0x00, 0x70, 0x0F, 0x9B, 0xBE, 0xF0, 0x22, 0x64, 0x95,
    0x6C, 0xC0, 0x00, 0x20, 0xCD, 0x8B, 0xA8, 0x93, 0xF6, 0x1B, 0xB2, 0x4B, 0x7C, 0x55, 0x05, 0x82,
    0xEF, 0x00, 0x21, 0x93, 0x75, 0x45, 0x9E, 0x80, 0x86, 0x4E, 0x00, 0x02, 0xE0, 0x00, 0x01, 0x26,
    0xAE, 0xDE, 0x72, 0xF7, 0xC5, 0x68, 0x65, 0xCB, 0x68, 0x20, 0x40, 0x42, 0x2F, 0x55, 0x7E, 0x60,
    0xEB, 0x6D, 0x80, 0xBA, 0x40, 0x00, 0x0E, 0x7F, 0xF2, 0x55, 0xA4, 0xA4, 0x6D, 0x05, 0xB7, 0xA7,
    0x02, 0x78, 0x64, 0x04, 0x75, 0x1F, 0x76, 0xFA, 0xD9, 0x1C, 0x00, 0x62, 0x32, 0x7E, 0x2B, 0x1C,
    0x06, 0x49, 0xBA, 0xBB, 0x75, 0xE7, 0x7A, 0xC3, 0x9F, 0x3B, 0x02, 0x4B, 0x53, 0xA5, 0x00, 0x58,
    0xF0, 0xCA, 0x96, 0x12, 0x18, 0xE9, 0x5F, 0xDB, 0x2C, 0xCD, 0xA0, 0x9A, 0x5C, 0xDC, 0x87, 0x2D,
    0x00, 0x8E, 0xAD, 0x0D, 0x2A, 0xAE, 0x76, 0x25, 0x37, 0x91, 0x27, 0x80, 0x87, 0x4D, 0x00, 0x97,
    0xF3, 0x0C, 0xE9, 0x41, 0x7B, 0x67, 0x03, 0xF6, 0x80, 0x8C, 0x4D, 0x00, 0x9C, 0x79, 0xE3, 0xEF,
    0xE9, 0xAA, 0x96, 0x21, 0x37, 0x82, 0x40, 0x81, 0x2E, 0x00, 0x5C, 0x34, 0x56, 0xB8, 0x5E, 0x40,
    0x87, 0xAE, 0x00, 0x74, 0x7A, 0x76, 0x98, 0x30, 0x87, 0x2E, 0x00, 0x99, 0x13, 0xBA, 0xDF, 0xE3,
    0x80, 0x87, 0x4B, 0x00, 0x06, 0xBD, 0x15, 0x0A, 0xF7, 0xE1, 0x73, 0x80, 0x87, 0x2E, 0x00, 0x7B,
    0xA7, 0x6A, 0x4B, 0xE4, 0x00, 0x02, 0xD5, 0x75, 0xEA, 0x6D, 0x45, 0x76, 0x4A, 0x77, 0x54, 0x80,
    0x87, 0x2E, 0x00, 0x96, 0xB1, 0x5B, 0xEA, 0xE2, 0x24, 0x88, 0x3D, 0x00, 0x87, 0x58, 0x63, 0x55,
    0x3D, 0xCE, 0x3B, 0xC1, 0x10, 0x00, 0x0D, 0x4D, 0x08, 0xDF, 0x41, 0x30, 0x9A, 0x9F, 0xAC, 0xCB,
    0xC8, 0xA4, 0x4B, 0x20, 0xF5, 0xA6, 0x7F, 0x80, 0x00, 0x20, 0xD5, 0x79, 0x4F, 0x58, 0x9F, 0x9B,
    0xFE, 0xEA, 0xB3, 0xAD, 0x18, 0x81, 0x30, 0x00, 0x92, 0x6D, 0xCA, 0x45, 0x7A, 0x17, 0xE7, 0x47,
    0x5B, 0xA8, 0x86, 0x4A, 0x00, 0xF8, 0x27, 0x30, 0xE8, 0x21, 0xC0, 0xFD, 0x14, 0xEA, 0x5F, 0x69,
    0xFA, 0x50, 0x87, 0x30, 0x00, 0x86, 0x00, 0x37, 0xB8, 0x3A, 0x9B, 0xC6, 0x6E, 0x93, 0x21, 0xE4,
    0x88, 0x8C, 0x4A, 0x00, 0x9C, 0x04, 0xA3, 0x67, 0xC0, 0xA1, 0x4C, 0x4F, 0xA3, 0xCB, 0x80, 0x87,
    0x04, 0x01, 0x6C, 0x57, 0x7F, 0xF9, 0x77, 0x89, 0x71, 0x3C, 0x8B, 0x25, 0x03, 0x86, 0x4A, 0x00,
    0xF2, 0xEC, 0xF9, 0x8B, 0x78, 0x57, 0x56, 0xE3, 0x98, 0x5E, 0x48, 0xD9, 0x90, 0x37, 0x80, 0x00,
    0x09, 0x0C, 0x61, 0x59, 0x50, 0xB3, 0x03, 0xCA, 0x59, 0x0C, 0x3D, 0x3C, 0xBC, 0xCF, 0x9A, 0x20,
    0xE9, 0x44, 0xC0, 0x87, 0x30, 0x00, 0x85, 0xBC, 0x37, 0xFB, 0xF3, 0x2F, 0x25, 0x80, 0xCD, 0xA3,
    0xF2, 0x7A, 0x7B, 0x24, 0x82, 0x2B, 0xCA, 0xF7, 0x85, 0x66, 0x28, 0x98, 0x8C, 0x4A, 0x00, 0x9C,
    0x04, 0xA3, 0x5C, 0x28, 0x5D, 0xCE, 0x29, 0x04, 0x70, 0x85, 0x31, 0x00, 0x19, 0xF7, 0xAE, 0x84,
    0xF7, 0x19, 0xF8, 0x3D, 0x30, 0x89, 0xB7, 0x00, 0x30, 0x05, 0x8A, 0xDF, 0xFD, 0x01, 0x43, 0x40,
    0x83, 0x31, 0x00, 0x23, 0x19, 0x87, 0x14, 0xD5, 0xDB, 0xC6, 0x86, 0x1A, 0x03, 0xBD, 0xB8, 0x88,
    0xB4, 0x00, 0x13, 0x63, 0x2E, 0x58, 0x44, 0xBD, 0x38, 0x17, 0x08, 0x0F, 0xDC, 0x87, 0x93, 0x00,
    0xA4, 0x59, 0x7D, 0xF1, 0xAD, 0xAB, 0xD8, 0x57, 0x4D, 0x48, 0x05, 0x62, 0x80, 0x81, 0x51, 0x00,
    0x6A, 0x31, 0xB9, 0xAB, 0x61, 0x7A, 0x4C, 0x57, 0x1E, 0x29, 0x9B, 0xDD, 0xC4, 0x80, 0x00, 0x8C,
    0xE2, 0x0C, 0xF8, 0xED, 0x96, 0xAD, 0xB1, 0xD2, 0xE4, 0x5D, 0x96, 0xB7, 0x6C, 0x15, 0x71, 0xD2,
    0x08, 0xD8, 0x77, 0x0D, 0x22, 0x5A, 0x7B, 0xE5, 0xBB, 0x32, 0x81, 0x06, 0x60, 0x00, 0x15, 0x02,
    0x4F, 0xC2, 0xFE, 0x18, 0x74, 0x1A, 0x4E, 0xC1, 0x18, 0xDC, 0x5D, 0xA3, 0xC3, 0xF4, 0xCE, 0x34,
    0x9F, 0xF4, 0xEB, 0x0A, 0x57, 0x6C, 0x72, 0xAE, 0x2D, 0xC7, 0x2E, 0xD7, 0x02, 0x52, 0x0E, 0x81,
    0x34, 0x00, 0x80, 0x76, 0x38, 0x33, 0x47, 0xB5, 0x44, 0x07, 0xA0, 0x81, 0x54, 0x00, 0x59, 0x32,
    0x6F, 0x88, 0xEE, 0xB2, 0x40, 0x87, 0x34, 0x00, 0x50, 0xA1, 0x79, 0xF6, 0x1C, 0x52, 0x9D, 0x61,
    0x2B, 0x61, 0x00, 0x08, 0xC5, 0x31, 0x52, 0x11, 0x58, 0xB7, 0xC5, 0xFE, 0x62, 0x6B, 0x0B, 0x5B,
    0x04, 0x81, 0x34, 0x00, 0x69, 0xEA, 0x5C, 0x27, 0x98, 0x14, 0xA4, 0x6D, 0x25, 0x40, 0x19, 0x00,
    0x50, 0x98, 0x14, 0xB3, 0x1D, 0x29, 0xE6, 0xF3, 0xD3, 0x90, 0x85, 0x48, 0xFC, 0x07, 0xB1, 0x40,
    0x14, 0x08, 0x82, 0x35, 0x00, 0x80, 0x69, 0xF6, 0x6B, 0x47, 0xFF, 0xCC, 0x89, 0x08, 0x80, 0x81,
    0x55, 0x00, 0x68, 0x6F, 0x19, 0xF5, 0x14, 0x5D, 0xAC, 0x4B, 0x78, 0x82, 0x35, 0x00, 0x6B, 0x1E,
    0x50, 0xD9, 0x40, 0x4C, 0xD2, 0x41, 0x95, 0xC6, 0xBF, 0x90, 0x81, 0x55, 0x00, 0x58, 0x96, 0x76,
    0x5C, 0x19, 0x16, 0x34, 0x36, 0x6C, 0xFE, 0x20, 0x87, 0x35, 0x00, 0x7D, 0x63, 0xBC, 0xBA, 0xD9,
    0xD3, 0x89, 0x07, 0x76, 0x15, 0x02, 0x77, 0x09, 0x44, 0x87, 0x55, 0x00, 0x2B, 0xDE, 0xC7, 0x1F,
    0xCE, 0x53, 0x42, 0x83, 0xB6, 0xA6, 0x09, 0xF8, 0x2E, 0x87, 0x1B, 0x01, 0x58, 0xD0, 0x30, 0x3B,
    0x03, 0x5F, 0xAF, 0xF4, 0x44, 0xD7, 0x44, 0x1E, 0x87, 0x1C, 0x01, 0x47, 0x77, 0x65, 0x47, 0xA2,
    0x29, 0x7F, 0xCF, 0x5E, 0xAD, 0xBC, 0x50, 0x87, 0x36, 0x00, 0x59, 0x7B, 0x2C, 0x9B, 0x7B, 0x49,
    0xEA, 0x41, 0x55, 0xE6, 0x87, 0x56, 0x00, 0x70, 0x2B, 0x66, 0xBF, 0xBA, 0x2D, 0xC4, 0x6D, 0xF2,
    0x07, 0x3C, 0x92, 0xB8, 0x81, 0x23, 0x01, 0x6C, 0xDA, 0xD9, 0x4D, 0xA8, 0x00, 0x3C, 0xAA, 0xD6,
    0xB0, 0x00, 0x4F, 0x69, 0x3F, 0x86, 0xE9, 0x3F, 0x2A, 0xEA, 0xF2, 0x36, 0x9E, 0x78, 0xDF, 0x97,
    0x88, 0x1E, 0x38, 0xA0, 0xD1, 0x60, 0x87, 0x23, 0x01, 0x59, 0x74, 0xE0, 0x80, 0x67, 0x05, 0xAB,
    0x7C, 0x87, 0x56, 0x00, 0x70, 0x31, 0x4D, 0x8B, 0x6F, 0xF6, 0xCB, 0xEE, 0xBF, 0xC8, 0x88, 0x9A,
    0x00, 0x85, 0x5E, 0x8B, 0x03, 0x11, 0x87, 0x7A, 0x6D, 0x57, 0x46, 0x10, 0x50, 0x82, 0x57, 0x00,
    0x1C, 0x96, 0x67, 0xEF, 0x20, 0x26, 0x6C, 0xA1, 0xCB, 0x65, 0x01, 0x54, 0x80, 0x84, 0x37, 0x00,
    0x0F, 0x82, 0x28, 0xD9, 0x95, 0x9D, 0xE0, 0x89, 0xBD, 0x00, 0x20, 0x86, 0xF1, 0xF0, 0x33, 0x13,
    0xCD, 0x80, 0x82, 0x37, 0x00, 0x12, 0x76, 0x0B, 0x75, 0x3B, 0x13, 0x5D, 0x32, 0x19, 0x60, 0x82,
    0x57, 0x00, 0x13, 0x3B, 0xF8, 0x70, 0x2C, 0xEB, 0x3E, 0xE0, 0xAA, 0x17, 0x80, 0x80, 0x37, 0x00,
    0x32, 0xFB, 0x87, 0xA1, 0x08, 0x61, 0x31, 0x01, 0xBA, 0xED, 0xC0, 0x4C, 0x80, 0x57, 0x00, 0x32,
    0xC9, 0xB5, 0x70, 0x45, 0x65, 0x52, 0x8C, 0xC9, 0x03, 0xAE, 0x7B, 0x40, 0x88, 0x2F, 0x01, 0xEB,
    0x14, 0xDF, 0x92, 0x9D, 0xB2, 0xB9, 0x5B, 0x9A, 0xA0, 0x87, 0xBA, 0x00, 0xBD, 0x0D, 0xC7, 0xD9,
    0x28, 0xB6, 0xEF, 0x2B, 0x39, 0xFD, 0xAB, 0x20, 0x87, 0x37, 0x00, 0x8E, 0x94, 0x5B, 0x45, 0xC5,
    0xA9, 0x11, 0x0F, 0x28, 0x87, 0x57, 0x00, 0x97, 0xD6, 0x12, 0xA2, 0xFE, 0x84, 0x43, 0x25, 0x44,
    0xA1, 0x82, 0x81, 0x39, 0x00, 0xAF, 0xAE, 0xF5, 0x1B, 0x84, 0x16, 0x7F, 0x6C, 0x11, 0x21, 0x8C,
    0x52, 0x36, 0x54, 0x75, 0x74, 0x2A, 0x81, 0x59, 0x00, 0x9D, 0xC8, 0x12, 0x79, 0x8A, 0x9A, 0x9E,
    0x67, 0xFF, 0x5F, 0xCD, 0x57, 0x84, 0x49, 0xF2, 0x81, 0x3B, 0x00, 0x7E, 0xE0, 0x46, 0x98, 0x8A,
    0x3A, 0x33, 0xB5, 0xA9, 0x71, 0x5A, 0x5A, 0x81, 0x5B, 0x00, 0x71, 0xFB, 0x4B, 0x03, 0x16, 0x12,
    0x27, 0x09, 0xC7, 0x9A, 0xC3, 0x79, 0x80, 0x82, 0x3B, 0x00, 0x73, 0xA6, 0xD6, 0xB1, 0x59, 0xBC,
    0x21, 0x68, 0x3E, 0xDC, 0x90, 0x81, 0x3C, 0x00, 0x8C, 0x46, 0x47, 0xBC, 0xC7, 0xB8, 0x0D, 0x40,
    0x81, 0x5C, 0x00, 0x77, 0x2F, 0x9A, 0x06, 0x0C, 0x35, 0x64, 0xF8, 0x82, 0x3C, 0x00, 0x3F, 0x0D,
    0xE1, 0xB7, 0x8E, 0xE5, 0x9F, 0x82, 0x5C, 0x00, 0x30, 0xD9, 0x6D, 0x78, 0xBA, 0x82, 0xF0, 0x87,
    0x3A, 0x01, 0x64, 0x9E, 0x89, 0x37, 0x30, 0xD7, 0x59, 0x2F, 0xBB, 0x82, 0x87, 0x3B, 0x01, 0x54,
    0x1B, 0xB5, 0xC0, 0xB2, 0x12, 0xCE, 0x1F, 0x5F, 0xC0, 0x00, 0x46, 0x56, 0x09, 0xFF, 0xFF, 0x4B,
    0x2F, 0xD1, 0x90, 0x00, 0x77, 0x82, 0xE6, 0xB2, 0x3A, 0x24, 0x1D, 0x8A, 0x06, 0xCB, 0xF5, 0x6E,
    0x24, 0x42, 0xD9, 0x02, 0xF8, 0x7E, 0x26, 0xC0, 0xAA, 0xFC, 0xE6, 0xE2, 0x4B, 0x3F, 0x3F, 0x80,
    0x00, 0x66, 0x99, 0x5A, 0xAC, 0x68, 0x8B, 0x8B, 0x28, 0x4B, 0xA0, 0xA7, 0xFA, 0xA8, 0x86, 0x1F,
    0x87, 0xCE, 0xF9, 0x37, 0x1D, 0x0A, 0xA8, 0xE7, 0x68, 0x00, 0x76, 0xED, 0x06, 0x32, 0xF7, 0x96,
    0x8C, 0x15, 0x47, 0x3B, 0xE0, 0x7D, 0x12, 0x81, 0xC8, 0x76, 0xE9, 0x1E, 0x53, 0x56, 0x7D, 0x40,
    0x00, 0x68, 0xF1, 0xE1, 0x4F, 0x7E, 0x55, 0x1D, 0xE6, 0xAA, 0x39, 0x81, 0xAC, 0x3D, 0x21, 0xD3,
    0x0A, 0x15, 0x60, 0x00, 0xD4, 0x8C, 0x10, 0x83, 0xC5, 0x71, 0x53, 0xED, 0x8A, 0xD7, 0x39, 0xB0,
    0x48, 0x80, 0x78, 0xED, 0x0B, 0xF8, 0xEF, 0xC3, 0xDD, 0x5D, 0x9E, 0x44, 0x3D, 0xED, 0x43, 0x1E,
    0x8B, 0xCA, 0xBC, 0x42, 0x29, 0xC7, 0x65, 0xF4, 0x5A, 0xB6, 0xCC, 0xB6, 0x0B, 0x9F, 0x4A, 0x01,
    0x64, 0xA2, 0x6F, 0x80, 0x00, 0xD0, 0x0A, 0x37, 0xB0, 0x8B, 0xBC, 0x0B, 0x37, 0x23, 0x82, 0x74,
    0x12, 0x06, 0xDD, 0x83, 0x7C, 0x18, 0xE4, 0xF9, 0x1D, 0xBF, 0xA0, 0x6C, 0xA2, 0xA2, 0xE3, 0x52,
    0x05, 0x0F, 0x57, 0x84, 0xF5, 0x75, 0x4A, 0x96, 0x8A, 0x91, 0xC8, 0x1E, 0x48, 0xE6, 0xF4, 0x7E,
    0x0A, 0x66, 0xA0, 0x00, 0xB3, 0x92, 0xC6, 0xE9, 0x20, 0x0C, 0x5B, 0xAC, 0xE0, 0x0F, 0xBB, 0x68,
    0x2E, 0x45, 0x05, 0xCE, 0xEF, 0xB8, 0x92, 0x1A, 0x35, 0xE4, 0x67, 0xF6, 0x74, 0x17, 0xF9, 0xAE,
    0x5C, 0xA5, 0x84, 0x4C, 0x09, 0x26, 0x1B, 0x48, 0x34, 0x81, 0x99, 0xCC, 0x81, 0xAA, 0x0A, 0x6E,
    0x74, 0x00, 0x03, 0xCB, 0x56, 0x8D, 0x0E, 0x52, 0xE1, 0x69, 0x63, 0x12, 0xA7, 0xB4, 0xDA, 0xE3,
    0x86, 0xC9, 0x87, 0xC5, 0xA7, 0x7E, 0x72, 0x6F, 0xFC, 0x00, 0x69, 0x0F, 0x68, 0x2A, 0x14, 0x99,
    0x70, 0xBB, 0xD0, 0x59, 0x36, 0xB4, 0x46, 0xEF, 0x15, 0x10, 0xE7, 0x3D, 0x5A, 0x3B, 0x31, 0x3A,
    0x10, 0x00, 0x03, 0x56, 0xE2, 0x34, 0xF6, 0x18, 0x1D, 0x7A, 0x46, 0x01, 0xD3, 0xDD, 0xBE, 0x3F,
    0xB3, 0x45, 0x85, 0xD8, 0x00, 0x03, 0x21, 0xE7, 0xA9, 0xD6, 0x93, 0xA1, 0xB8, 0xD3, 0xB2, 0x04,
    0x81, 0xC9, 0xFC, 0xA3, 0x7A, 0x05, 0xC6, 0xCF, 0xCD, 0x41, 0x0A, 0xAB, 0x50, 0xEE, 0x5D, 0x80,
    0x62, 0x7E, 0x7C, 0x3E, 0x9B, 0x68, 0x78, 0x10, 0xC3, 0x6E, 0x51, 0x18, 0xF2, 0x91, 0x86, 0x4B,
    0x01, 0x7E, 0xCA, 0x16, 0xE4, 0x3C, 0xA3, 0x13, 0x30, 0xEB, 0x1C, 0xA6, 0xAB, 0xA3, 0x59, 0x0D,
    0x10, 0xDC, 0xBD, 0xA5, 0x7A, 0x57, 0xF8, 0x2E, 0xFE, 0x1A, 0x85, 0x05, 0xFE, 0x00, 0x73, 0x9E,
    0x96, 0xEF, 0xD4, 0xF8, 0xBF, 0x03, 0xF9, 0x2E, 0x32, 0x8F, 0x3E, 0xFE, 0x80, 0x4E, 0x21, 0x78,
    0x8F, 0x7F, 0xAC, 0xA8, 0x32, 0xB7, 0x7C, 0x28, 0xA4, 0x87, 0x82, 0x00, 0x73, 0x1A, 0x70, 0x32,
    0xCE, 0x84, 0x65, 0x46, 0x73, 0x16, 0xFF, 0x2B, 0x14, 0x80, 0x87, 0xA2, 0x00, 0x53, 0x54, 0xE0,
    0xBC, 0x69, 0xC2, 0x6E, 0x05, 0xEB, 0xBB, 0x4F, 0x87, 0x8F, 0x00, 0x3A, 0x20, 0x43, 0xC2, 0x66,
    0xCB, 0xEB, 0x22, 0xBB, 0x2D, 0x90, 0x87, 0x50, 0x01, 0x6F, 0x40, 0x19, 0x5E, 0xAA, 0x33, 0x27,
    0x20, 0x87, 0x94, 0x00, 0x7A, 0xD3, 0x72, 0xCD, 0x5E, 0x49, 0x9E, 0x22, 0xCA, 0x6D, 0xBB, 0x87,
    0xB4, 0x00, 0x59, 0x22, 0xDF, 0x83, 0x98, 0x7A, 0xEC, 0x64, 0xA4, 0x63, 0x87, 0x9B, 0x00, 0x64,
    0x9E, 0x62, 0x92, 0x03, 0x14, 0x83, 0xAF, 0xD1, 0x0C, 0x80, 0x87, 0xBB, 0x00, 0x5D, 0x01, 0x66,
    0x0E, 0xAF, 0x78, 0x0A, 0xDA, 0xD2, 0x84, 0x9D, 0x00, 0x15, 0x67, 0x3F, 0xFA, 0x9E, 0xB2, 0x1E,
    0xCE, 0xBC, 0x32, 0xAC, 0x85, 0xBD, 0x00, 0x0F, 0x45, 0xB4, 0x33, 0x43, 0x62, 0x77, 0xA4, 0x03,
    0xFE, 0xE5, 0xF2, 0xB0, 0x83, 0x9D, 0x00, 0x8C, 0x46, 0x65, 0x89, 0x51, 0x43, 0x37, 0x05, 0x1F,
    0xEB, 0x51, 0x62, 0x80, 0x85, 0xBB, 0x00, 0x3B, 0xE1, 0xBC, 0xEB, 0x74, 0xA0, 0x0F, 0x6C, 0x58,
    0xA5, 0x6A, 0xD4, 0xCB, 0xCC, 0x83, 0x9D, 0x00, 0x12, 0x75, 0x81, 0xF0, 0x8E, 0x24, 0x31, 0x79,
    0x6B, 0x84, 0x25, 0x4C, 0x1C, 0x6F, 0xE6, 0x83, 0xBD, 0x00, 0x61, 0x70, 0xED, 0xA7, 0x3C, 0x6C,
    0x49, 0xF9, 0xD4, 0x4F, 0xEC, 0x38, 0x07, 0x8E, 0x46, 0xCF, 0x90, 0x83, 0x9D, 0x00, 0x72, 0xFE,
    0xC1, 0x10, 0xB6, 0xE8, 0x21, 0xCF, 0x9F, 0x77, 0xC1, 0xE4, 0xE0, 0x84, 0xBD, 0x00, 0x12, 0x3C,
    0xD2, 0xFF, 0x80, 0xFB, 0x95, 0x15, 0xFF, 0xD5, 0xA3, 0xB8, 0xA2, 0x40, 0x00, 0x0B, 0x19, 0xF6,
    0xBD, 0x84, 0x5E, 0x59, 0xA0, 0x49, 0x96, 0xCF, 0x1B, 0x24, 0x97, 0x06, 0x2A, 0xFA, 0xA9, 0x61,
    0x48, 0x82, 0xC1, 0x00, 0x15, 0xEC, 0x1C, 0xB3, 0x6A, 0xF6, 0xCE, 0x96, 0xA6, 0x08, 0x04, 0xD3,
    0x9C, 0x29, 0x54, 0x4B, 0x85, 0xC4, 0x00, 0x0A, 0x78, 0xD6, 0x57, 0x29, 0x20, 0x44, 0x99, 0xD7,
    0x15, 0xE4, 0x0A, 0x7C, 0x85, 0x81, 0x00, 0x77, 0xEB, 0xBB, 0x71, 0xAD, 0x4A, 0x24, 0x5D, 0x09,
    0xBB, 0xB6, 0x3D, 0x2F, 0x86, 0xA1, 0x00, 0x0A, 0x78, 0xC7, 0xF3, 0x31, 0x3B, 0x4F, 0x95, 0xD5,
    0xDA, 0x79, 0x84, 0x87, 0x00, 0x3E, 0xA2, 0x01, 0x50, 0x37, 0xEC, 0xDC, 0x71, 0xA1, 0x20, 0x84,
    0xA7, 0x00, 0x25, 0x91, 0xF5, 0xAD, 0xD2, 0x64, 0x62, 0x9B, 0x2A, 0xA9, 0xCA, 0xB2, 0x80, 0x00,
    0x7C, 0x51, 0x09, 0x65, 0xD6, 0x87, 0x53, 0xCD, 0xC9, 0x75, 0xDA, 0xC9, 0xA6, 0xDD, 0xE7, 0xD1,
    0x29, 0xD2, 0xEE, 0xF4, 0xC6, 0x13, 0x6D, 0x5D, 0x82, 0xAD, 0xE0, 0x8D, 0xC0, 0x00, 0x18, 0x92,
    0x40, 0xF1, 0x8A, 0x55, 0xBA, 0x87, 0xC0, 0xB9, 0xB3, 0xD8, 0xEF, 0xBC, 0x2F, 0xA9, 0x00, 0x9A,
    0xAF, 0x6B, 0xB4, 0x68, 0x0D, 0x97, 0x55, 0x85, 0xE7, 0x2C, 0x5A, 0x7C, 0xB4, 0xCD, 0x82, 0x29,
    0x00, 0x81, 0x66, 0xFC, 0x4A, 0xFA, 0x91, 0x9D, 0xE6, 0x03, 0xB3, 0x9D, 0x2B, 0xA0, 0x81, 0x49,
    0x00, 0x61, 0x70, 0xED, 0xD4, 0xB7, 0x23, 0x24, 0x59, 0xA9, 0xA5, 0x43, 0x16, 0x38, 0x81, 0x2D,
    0x00, 0x69, 0x5B, 0x5D, 0xF1, 0x7E, 0x40, 0x43, 0x69, 0x4C, 0x29, 0xAE, 0x50, 0x00, 0x6B, 0x86,
    0x56, 0x34, 0xF0, 0x25, 0xB4, 0x89, 0xE4, 0x25, 0xE5, 0xB7, 0x6C, 0x0B, 0xFD, 0x00, 0xCF, 0x04,
    0xCE, 0x9C, 0x07, 0x54, 0xC1, 0x7C, 0xD3, 0x08, 0xE4, 0x87, 0x31, 0x00, 0x85, 0x4C, 0xF7, 0x3C,
    0x89, 0x67, 0x92, 0x64, 0x3C, 0x83, 0x04, 0x87, 0x51, 0x00, 0x41, 0xE3, 0x34, 0x50, 0xFF, 0xA6,
    0xAD, 0x61, 0x62, 0xFE, 0x9B, 0x80, 0x87, 0x0D, 0x01, 0x5F, 0x7A, 0xD6, 0xD9, 0x2C, 0x4F, 0x4D,
    0x3B, 0x02, 0x57, 0x52, 0xB1, 0x1A, 0x84, 0x6C, 0x01, 0x0F, 0xBE, 0x7B, 0x04, 0xCC, 0xE7, 0x32,
    0xB0, 0x1F, 0x57, 0x38, 0x00, 0x6C, 0xDA, 0xE4, 0xD4, 0xA9, 0xEF, 0xC6, 0x63, 0x22, 0x82, 0x95,
    0xF9, 0xEB, 0x86, 0x99, 0x3D, 0x02, 0x3F, 0xF4, 0xDD, 0xC6, 0x5E, 0x40, 0x7A, 0x0E, 0xCC, 0xFB,
    0xB5, 0x00, 0x5E, 0xE0, 0xA5, 0x01, 0x7E, 0x7C, 0xD2, 0xB9, 0x49, 0xD6, 0x86, 0x2A, 0xDF, 0x40,
    0x41, 0x30, 0x02, 0x57, 0x64, 0x33, 0x88, 0x54, 0xE8, 0x3C, 0x45, 0x4C, 0x05, 0x12, 0x8C, 0x40,
    0x87, 0xF6, 0x00, 0x44, 0x50, 0xB1, 0x25, 0x5C, 0x8D, 0xE9, 0x2B, 0xBC, 0x60, 0x8D, 0x45, 0x01,
    0x50, 0xCF, 0xDA, 0x8E, 0x7F, 0x87, 0x33, 0x71, 0x59, 0x48, 0x80, 0x89, 0x46, 0x01, 0x80, 0xB9,
    0xB3, 0x2F, 0x58, 0x75, 0x98, 0xF6, 0x5A, 0xC6, 0x88, 0x47, 0x01, 0x8E, 0x4D, 0xD6, 0x31, 0xD0,
    0xE5, 0x16, 0x7F, 0x92, 0x45, 0x14, 0xCC, 0x82, 0x29, 0x00, 0x9D, 0x88, 0x07, 0xC1, 0x1A, 0x31,
    0xDD, 0x8D, 0xF7, 0x81, 0x49, 0x00, 0x7F, 0xC6, 0xB4, 0x6A, 0x1B, 0xE8, 0xD7, 0xC5, 0x3B, 0x68,
    0x00, 0x03, 0xBE, 0xA7, 0xA6, 0xFC, 0x4E, 0xD8, 0xF7, 0x82, 0x10, 0x1F, 0xA2, 0xAE, 0x79, 0xAE,
    0x5E, 0xB5, 0xF1, 0x70, 0x41, 0x72, 0x64, 0xE5, 0x1E, 0x60, 0x00, 0x64, 0x24, 0x2A, 0x01, 0x82,
    0xDC, 0x80, 0x2F, 0x09, 0xB0, 0x28, 0xFD, 0xBC, 0x1D, 0xCD, 0x02, 0x1D, 0x6E, 0x07, 0xA1, 0x35,
    0xD5, 0x16, 0x0F, 0x81, 0x30, 0x00, 0x7A, 0x02, 0xE1, 0xD0, 0x3F, 0x35, 0x42, 0x92, 0xE7, 0x40,
    0x86, 0x4A, 0x00, 0xEF, 0xCB, 0xBD, 0x1E, 0x4D, 0xBD, 0xEA, 0xD8, 0xEE, 0x9B, 0x94, 0x2F, 0x00,
    0x44, 0x80, 0x36, 0xDF, 0x32, 0x26, 0x9A, 0x75, 0x4B, 0xB2, 0x2C, 0x37, 0x0D, 0x29, 0x47, 0x28,
    0xCF, 0x91, 0x8F, 0x2B, 0x25, 0xCE, 0xB6, 0x7C, 0xC5, 0xB8, 0x7B, 0x0A, 0x4C, 0x42, 0xE9, 0xB2,
    0xEE, 0x5C, 0x09, 0xC6, 0x10, 0x84, 0xA6, 0x00, 0x34, 0x65, 0xFE, 0xA3, 0x63, 0x16, 0x02, 0xB1,
    0x3D, 0x0E, 0x49, 0x10, 0x39, 0x2F, 0x58, 0x81, 0x87, 0x00, 0xBB, 0x13, 0xDB, 0xA6, 0x3E, 0xD3,
    0xC5, 0x97, 0xC3, 0x6D, 0x40, 0x81, 0xA7, 0x00, 0xA7, 0x9A, 0xBF, 0xB0, 0x07, 0x6F, 0x84, 0xE2,
    0xFD, 0x06, 0xD0, 0x6F, 0xB0, 0x82, 0x99, 0x00, 0x98, 0x5A, 0x06, 0xE2, 0x19, 0xCB, 0x5C, 0xEB,
    0xC3, 0x60, 0x90, 0x99, 0x70, 0x82, 0xB9, 0x00, 0x7F, 0xC6, 0xB2, 0xA1, 0x33, 0x64, 0xE1, 0x00,
    0x34, 0x63, 0x86, 0x4D, 0x80, 0x87, 0x83, 0x00, 0x68, 0x25, 0xF9, 0xE7, 0x2F, 0x95, 0xAB, 0x8A,
    0x72, 0x26, 0x19, 0x9D, 0xBB, 0xE8, 0x81, 0x43, 0x00, 0x55, 0xA0, 0x9C, 0x9B, 0xF3, 0xE4, 0xB8,
    0x21, 0x25, 0x27, 0x89, 0x60, 0x82, 0xC5, 0x00, 0x2F, 0x60, 0x6B, 0xD7, 0x56, 0xA9, 0x6E, 0x2C,
    0x88, 0xE6, 0x8F, 0xE0, 0x82, 0x43, 0x00, 0x1F, 0xD6, 0xD5, 0xEE, 0x39, 0x7C, 0x4B, 0x6E, 0xE3,
    0xB8, 0x81, 0x27, 0x00, 0x55, 0x9B, 0x50, 0xDE, 0x35, 0x7E, 0x03, 0x59, 0x43, 0xF3, 0xE0, 0x84,
    0xD4, 0x00, 0x5B, 0x02, 0x3D, 0x21, 0xA3, 0xE1, 0x47, 0x57, 0xBD, 0xFF, 0x3F, 0xBE, 0x87, 0x8C,
    0x00, 0x1B, 0x8A, 0x96, 0x87, 0x68, 0xFD, 0x44, 0x36, 0x8A, 0x88, 0xAB, 0x00, 0x92, 0xBE, 0x26,
    0xEA, 0x4B, 0xD2, 0xE8, 0xAC, 0x97, 0x4C, 0x7C, 0x00, 0x4F, 0xE5, 0xD2, 0xD9, 0x0B, 0xC0, 0x0F,
    0xD9, 0x98, 0x9B, 0x74, 0x32, 0xBB, 0x94, 0xB5, 0x70, 0x82, 0x78, 0x14, 0x80, 0x87, 0x89, 0x01,
    0x97, 0xF1, 0xEC, 0x9D, 0x65, 0x16, 0x58, 0x88, 0x8F, 0x00, 0xAF, 0x0A, 0xD8, 0xD3, 0x67, 0x97,
    0xF2, 0xFE, 0x28, 0x87, 0x8B, 0x01, 0x45, 0x1B, 0xD0, 0x6A, 0x4D, 0x8D, 0x80, 0x87, 0x95, 0x00,
    0x6E, 0x09, 0xD8, 0x8A, 0x47, 0xC3, 0xBA, 0x54, 0x28, 0xD3, 0x97, 0x62, 0x81, 0x51, 0x00, 0x5E,
    0x7D, 0xA8, 0xE3, 0x64, 0xE1, 0xEF, 0x53, 0x5C, 0xCD, 0x12, 0x5D, 0x1F, 0x40, 0x87, 0x97, 0x00,
    0x2B, 0x67, 0x51, 0xE1, 0x13, 0xD9, 0x2B, 0xC7, 0x06, 0xB3, 0x20, 0x87, 0xB7, 0x00, 0x1E, 0x5D,
    0x64, 0x65, 0x94, 0x17, 0xAC, 0xED, 0xDB, 0x57, 0x98, 0x80, 0x81, 0x34, 0x00, 0x63, 0xB5, 0x33,
    0xF9, 0x63, 0xF7, 0xEB, 0xAF, 0x7B, 0x8E, 0x8D, 0x06, 0x00, 0x4C, 0xAF, 0xA2, 0x73, 0x43, 0x5B,
    0x8F, 0x03, 0x07, 0x97, 0x7C, 0xA0, 0xD6, 0x42, 0xD2, 0xEA, 0xE6, 0x34, 0x82, 0x34, 0x00, 0x1A,
    0xA2, 0x30, 0x17, 0xE7, 0x6B, 0x1C, 0x06, 0x3E, 0x95, 0x90, 0x20, 0x82, 0x54, 0x00, 0x0D, 0xE4,
    0xDC, 0x5C, 0x8C, 0x89, 0xB5, 0x10, 0x84, 0x2B, 0x01, 0x69, 0x51, 0x3E, 0xB8, 0x3E, 0x1C, 0x2B,
    0x3B, 0x55, 0x8D, 0x80, 0x87, 0xBC, 0x00, 0x52, 0x35, 0x63, 0x43, 0x80, 0x59, 0x75, 0xF7, 0x3C,
    0x0E, 0x20, 0x87, 0x9D, 0x00, 0x26, 0x79, 0xA0, 0xEF, 0xA8, 0x63, 0x0B, 0x17, 0x31, 0x87, 0xBD,
    0x00, 0x1F, 0xFB, 0xEE, 0x8F, 0x63, 0x8A, 0x4C, 0xA1, 0x5B, 0x20, 0x87, 0x35, 0x00, 0x7D, 0x63,
    0xBC, 0xBA, 0xDE, 0xB5, 0xCA, 0x65, 0x10, 0xC0, 0x87, 0x55, 0x00, 0x2B, 0xDE, 0xC7, 0x22, 0xB5,
    0x62, 0xBD, 0xCB, 0x6F, 0x68, 0x87, 0x36, 0x00, 0x59, 0x7B, 0x3D, 0x3C, 0x57, 0x81, 0xED, 0x87,
    0x56, 0x00, 0x70, 0x2B, 0x66, 0xD6, 0x0E, 0x96, 0xF0, 0x1D, 0x30, 0x00, 0x6A, 0xE6, 0x6F, 0x9D,
    0xCA, 0x78, 0x75, 0x69, 0xCD, 0x38, 0xAA, 0x0E, 0x43, 0xC0, 0x9E, 0xC3, 0x5A, 0xC7, 0x4A, 0x5E,
    0x42, 0x1C, 0xF9, 0xBA, 0xBB, 0x76, 0xDF, 0xB0, 0x00, 0x12, 0x9E, 0x0F, 0xCE, 0x26, 0x56, 0x12,
    0x19, 0x4C, 0xC8, 0x25, 0x08, 0xEC, 0xC1, 0xCC, 0x72, 0x60, 0xEC, 0x6A, 0x90, 0xC2, 0xCC, 0x59,
    0x11, 0xC0, 0x81, 0x2A, 0x00, 0x73, 0xAD, 0xB6, 0xCB, 0xDA, 0xD5, 0x32, 0xF3, 0xAD, 0xC2, 0x60,
    0x87, 0xE6, 0x00, 0x66, 0xDC, 0xC1, 0xC4, 0x96, 0xB7, 0xD6, 0xE4, 0x9B, 0xB8, 0x84, 0xC3, 0x00,
    0x36, 0xE0, 0xDB, 0x12, 0xE0, 0x87, 0xAE, 0x00, 0x78, 0xFB, 0x87, 0x1E, 0x01, 0x8A, 0x20, 0x81,
    0x90, 0x87, 0xE9, 0x00, 0x65, 0xEE, 0x17, 0x00, 0x00, 0x0E, 0x91, 0x87, 0x1F, 0x00, 0xDC, 0x88,
    0x00, 0x03, 0xDE, 0x53, 0x40, 0xBF, 0x78, 0x00, 0x10, 0x22, 0x00, 0x3D, 0xB2, 0xB8, 0x70, 0x33,
    0x98, 0x00, 0x07, 0xE4, 0x4A, 0x3D, 0x1F, 0x06, 0xC0, 0x40, 0x05, 0x03, 0xFC, 0xB0, 0xEA, 0x0B,
    0x7A, 0xD1, 0xF4, 0x00, 0x53, 0x5A, 0xB5, 0xD9, 0xF3, 0xA6, 0x87, 0x50, 0x87, 0x1A, 0x01, 0x7C,
    0xA4, 0x40, 0xFF, 0xFF, 0x00, 0x00, 0x03, 0xCE, 0x3A, 0x51, 0x91, 0x00, 0x4C, 0xAA, 0x1D, 0x75,
    0x04, 0x7F, 0x22, 0xD3, 0x84, 0xA7, 0x01, 0x55, 0x82, 0x60, 0x85, 0x31, 0x87, 0x94, 0x01, 0x52,
    0x87, 0x0E, 0x00, 0x96, 0xDB, 0x88, 0x00, 0x0A, 0x11, 0x57, 0x90, 0x00, 0x02, 0xDA, 0xE9, 0xD9,
    0x48, 0x00, 0x09, 0x43, 0x4B, 0xA8, 0x00, 0x36, 0xC3, 0x8D, 0x2D, 0xE0, 0x00, 0x3D, 0xC4, 0x39,
    0x60, 0x00, 0x2C, 0x30, 0x5F, 0xFB, 0xBB, 0x00, 0x09, 0xD7, 0xFF, 0xAE, 0x91, 0x60, 0x00, 0x00,
    0x7B, 0x60, 0xC6, 0x80, 0x00, 0x1A, 0x18, 0xBF, 0x15, 0x80, 0x00, 0x12, 0xB6, 0x82, 0x77, 0x2A,
    0x00, 0x14, 0xB9, 0x73, 0x5A, 0x20, 0x80, 0x00, 0x00, 0x9E, 0x22, 0x5D, 0x44, 0x86, 0xBF, 0x01,
    0xED, 0x2D, 0xF6, 0xD0, 0xC0, 0x00, 0x06, 0x9A, 0x71, 0x40, 0x00, 0x3C, 0x42, 0x82, 0x7C, 0x00,
    0x28, 0xA4, 0xB6, 0xDC, 0x40, 0x12, 0xEB, 0x84, 0x87, 0xA9, 0x01, 0x97, 0xB4, 0x87, 0xAB, 0x01,
    0x5F, 0x79, 0x00, 0x0A, 0x14, 0xE2, 0x80, 0x87, 0x79, 0x00, 0x6F, 0xF8, 0xAA, 0xB9, 0x5C, 0x00,
    0x21, 0xA4, 0x25, 0x4A, 0x88, 0x40, 0xFF, 0xFF, 0x00, 0x00, 0x00, 0x21, 0x11, 0x71, 0xF1, 0x75,
    0xD0, 0x00, 0x04, 0x4E, 0xE8, 0x45, 0xD7, 0x07, 0xD2, 0x85, 0xA0, 0x87, 0x1A, 0x01, 0x59, 0x0D,
    0xB8, 0x87, 0x1E, 0x01, 0x87, 0x98, 0x87, 0xA7, 0x01, 0x9D, 0x81, 0x20, 0x87, 0x94, 0x01, 0x52,
    0x40, 0x01, 0x00, 0x42, 0xFD, 0x0D, 0x79, 0xFF, 0xC6, 0x01, 0xE0, 0x87, 0xA5, 0x01, 0x20, 0x00,
    0x00, 0x08, 0xDD, 0x10, 0x84, 0xA6, 0x01, 0x05, 0x35, 0xEC, 0x79, 0xE0, 0x87, 0xE9, 0x00, 0x66,
    0x05, 0x37, 0x57, 0xD0, 0x87, 0xA6, 0x01, 0x90, 0x00, 0x00, 0x39, 0xE1, 0xB3, 0x78, 0x13, 0x25,
    0x20, 0x85, 0x11, 0x00, 0x46, 0x34, 0xD6, 0xD3, 0x8F, 0x66, 0x4C, 0xFF, 0x0C, 0x7E, 0xD8, 0x00,
    0x11, 0x76, 0x8A, 0x85, 0x87, 0xCB, 0x01, 0x9C, 0xF5, 0xF5, 0x2C, 0x00, 0x05, 0x5F, 0x2C, 0xE6,
    0x12, 0x19, 0x34, 0x9E, 0x75, 0x69, 0xC6, 0x88, 0x00, 0x0D, 0x96, 0x13, 0xA7, 0x6F, 0x9A, 0xF4,
    0x14, 0x40, 0x00, 0x07, 0x5D, 0x2F, 0x81, 0xF4, 0x7A, 0xD1, 0x04, 0x40, 0x09, 0x7D, 0xB0, 0x38,
    0x2D, 0x0E, 0x7C, 0x50, 0x84, 0xA6, 0x01, 0x05, 0x35, 0xEC, 0x79, 0xE0, 0x87, 0x42, 0x00, 0x7D,
    0xC0, 0x87, 0x75, 0x00, 0x7A, 0xD0, 0x87, 0xD1, 0x01, 0x67, 0xDE, 0xF0, 0x00, 0x02, 0x61, 0x7F,
    0x0A, 0x00, 0x22, 0x14, 0x5C, 0xED, 0x28, 0x93, 0xFF, 0xFC, 0x0D, 0x45, 0xC0, 0x40, 0xF0, 0xF0,
    0xF9, 0x7E, 0x00, 0x55, 0xDC, 0x9F, 0xE4, 0x80, 0x09, 0x54, 0x84, 0xA6, 0x01, 0x05, 0x35, 0xEC,
    0x79, 0xE0, 0x87, 0xAF, 0x01, 0x85, 0x64, 0x00, 0x06, 0x9F, 0x6D, 0x5D, 0x86, 0xD1, 0x01, 0x8C,
    0x4B, 0x0E, 0x5B, 0x8F, 0x9A, 0x91, 0xE0, 0x84, 0xD1, 0x01, 0x64, 0xBE, 0x2A, 0x3F, 0x9D, 0x9F,
    0x3F, 0x5D, 0xC0, 0x40, 0x05, 0x00, 0x82, 0xFE, 0x6C, 0x38, 0xBF, 0x41, 0x00, 0x40, 0x0F, 0x81,
    0xC3, 0xEF, 0xFC, 0x30, 0x2E, 0x00, 0x00, 0x5C, 0xE0, 0xE8, 0x31, 0x39, 0x4A, 0x1F, 0x8A, 0xC8,
    0x00, 0x3F, 0xAD, 0x63, 0xFC, 0x9E, 0x00, 0x03, 0x02, 0x2D, 0x64, 0x70, 0x5E, 0xE3, 0x93, 0x8B,
    0xE7, 0xE1, 0xBD, 0xDE, 0x6E, 0x70, 0x5D, 0x2C, 0x56, 0x35, 0xAB, 0x03, 0x5E, 0x64, 0x46, 0x72,
    0x4A, 0x97, 0xA7, 0x53, 0x9B, 0xAD, 0x3D, 0xB3, 0x5D, 0xE9, 0x65, 0x93, 0xAB, 0x61, 0xE5, 0x63,
    0x9A, 0x0D, 0x81, 0x31, 0x7A, 0x8B, 0x2C, 0x81, 0x76, 0x2A, 0xEC, 0xEE, 0x8C, 0xC2, 0xE2, 0x01,
    0x82, 0x82, 0xE6, 0xC0, 0x40, 0x20, 0x0F, 0x80, 0x7C, 0x7F, 0x38, 0x00, 0x00, 0x00, 0x15, 0x79,
    0x38, 0xA1, 0x70, 0x00, 0x05, 0xA6, 0xDD, 0x30, 0x68, 0x09, 0x1D, 0x98, 0x38, 0x49, 0x60, 0x87,
    0xDE, 0x01, 0xC7, 0x9E, 0x31, 0x6A, 0x00, 0x16, 0x9B, 0xCD, 0xE1, 0x3F, 0x7C, 0x40, 0x34, 0x0B,
    0xD0, 0x7C, 0xBE, 0x34, 0x00, 0x40, 0xA0, 0x06, 0x07, 0xE0, 0xF8, 0x0F, 0x8E, 0xC7, 0xE2, 0xCD,
    0xA0, 0x34, 0xA0, 0x40, 0x20, 0x3C, 0x0E, 0x0E, 0x3C, 0x20, 0x40, 0x12, 0xFB, 0xC4, 0x00, 0x3F,
    0x74, 0xEA, 0xE6, 0xFB, 0xC2, 0xE0, 0x87, 0xDD, 0x01, 0xF6, 0x4C, 0xC9, 0x55, 0x2D, 0xC0, 0x58,
    0x6B, 0x95, 0xDB, 0x40, 0x00, 0x09, 0x52, 0xC7, 0x02, 0x39, 0xA0, 0x00, 0x03, 0xDD, 0xE9, 0x3F,
    0xC2, 0x17, 0x3F, 0xC7, 0x22, 0x62, 0xDD, 0xD5, 0x24, 0x87, 0xFD, 0x01, 0x4A, 0xB2, 0xCD, 0x80,
    0x00, 0x00, 0x07, 0x07, 0xDE, 0x87, 0xFF, 0x01, 0x3A, 0x00, 0x10, 0xF0, 0x42, 0x01, 0xD7, 0xF5,
    0x8B, 0x43, 0x26, 0xF3, 0x24, 0x5B, 0xC0, 0x00, 0x8A, 0xEA, 0x45, 0xD9, 0x24, 0x48, 0x44, 0x49,
    0x26, 0x28, 0x5E, 0x5F, 0x3C, 0x00, 0xBE, 0x11, 0x4C, 0x0C, 0x3C, 0xEB, 0x3D, 0xA9, 0x20, 0xC0,
    0x40, 0x1A, 0x80, 0x09, 0x1A, 0xE3, 0x06, 0x70, 0xE1, 0x91, 0x40, 0x1A, 0x83, 0x06, 0x7A, 0xF3,
    0x00, 0x34, 0x00, 0x68, 0x40, 0x20, 0x27, 0x77, 0x71, 0x00, 0x07, 0x4E, 0xAB, 0xF7, 0x62, 0x1B,
    0xAD, 0xA6, 0xDD, 0xD9, 0x40, 0x60, 0x26, 0x03, 0x60, 0x36, 0x07, 0x30, 0xB1, 0xA1, 0x40, 0x2F,
    0x68, 0x0C, 0x03, 0x40, 0x70, 0x06, 0x80, 0x84, 0x08, 0x02, 0x56, 0xB7, 0x3B, 0xE0, 0x35, 0xE1,
    0x17, 0xFC, 0xBB, 0xEE, 0xA0, 0x00, 0x33, 0x57, 0xA6, 0x02, 0x07, 0xA9, 0xC4, 0x48, 0xCA, 0xFA,
    0xDB, 0x40, 0x2A, 0xDA, 0xC3, 0x07, 0x06, 0x30, 0x30, 0x63, 0x03, 0x06, 0x30, 0x30, 0x61, 0x01,
    0x01, 0x00, 0x06, 0xBD, 0x38, 0xAA, 0x0F, 0x00, 0x2C, 0x79, 0x54, 0xC7, 0x82, 0x37, 0x0C, 0x00,
    0x03, 0xDC, 0x54, 0xF4, 0xCF, 0x2A, 0x2C, 0x52, 0xDA, 0x40, 0x30, 0x50, 0x67, 0x00, 0xB0, 0x03,
    0x90, 0x24, 0xC0, 0x40, 0x40, 0x87, 0x89, 0x00, 0x93, 0x0A, 0xC5, 0x93, 0x1F, 0x87, 0x8C, 0x00,
    0x15, 0x22, 0x67, 0x9F, 0xBE, 0x68, 0x47, 0xD5, 0x20, 0x00, 0x00, 0x40, 0x7E, 0x21, 0x64, 0xE7,
    0x5F, 0xB1, 0x3D, 0x06, 0x4E, 0x4B, 0xB7, 0xCA, 0x06, 0xD6, 0x23, 0x41, 0xB1, 0x40, 0xD8, 0x7B,
    0x0C, 0x81, 0x28, 0x00, 0x78, 0xB2, 0x45, 0xC7, 0x5C, 0xCC, 0x8F, 0x88, 0x6C, 0x00, 0x75, 0x34,
    0x3E, 0xEE, 0x3F, 0xF9, 0xD9, 0xBC, 0x9D, 0x23, 0x0E, 0x95, 0x79, 0x8D, 0x66, 0x89, 0xC4, 0x13,
    0xAF, 0x9C, 0x88, 0x6C, 0x80, 0x87, 0x35, 0x00, 0x7D, 0x66, 0x57, 0xD5, 0x87, 0x44, 0x00, 0x00,
    0x00, 0x01, 0x3D, 0x98, 0x06, 0x54, 0x00, 0x08, 0xB9, 0x88, 0xBB, 0xDA, 0x8C, 0x74, 0x27, 0x34,
    0xC0, 0x9E, 0x9D, 0xC0, 0x87, 0x2C, 0x00, 0x71, 0xF8, 0x48, 0x00, 0x13, 0xCA, 0xBC, 0x48, 0x18,
    0x41, 0x41, 0x7E, 0x79, 0xB4, 0x2F, 0xA9, 0xF1, 0x88, 0x4C, 0x8E, 0x33, 0xEC, 0x86, 0x1F, 0xAA,
    0x25, 0xFB, 0xD9, 0xB0, 0xCC, 0xDF, 0x57, 0x1F, 0x00, 0x03, 0xC5, 0xA5, 0xF8, 0xB2, 0xA7, 0x8D,
    0x1A, 0x60, 0x5D, 0x36, 0x57, 0xA2, 0x28, 0x35, 0x9C, 0x06, 0xB4, 0xEF, 0x9B, 0xE1, 0x0A, 0x7A,
    0xA3, 0x00, 0x7E, 0xFE, 0xC0, 0x87, 0x13, 0x02, 0x69, 0x0D, 0x78, 0x5A, 0xF0, 0xB3, 0x2A, 0x95,
    0x3C, 0x4A, 0xC0, 0x81, 0x2D, 0x00, 0x86, 0x95, 0xD6, 0x8D, 0x53, 0xE8, 0x02, 0x55, 0x2E, 0x04,
    0x6C, 0x2A, 0x8B, 0xC3, 0x81, 0xC2, 0x23, 0xE2, 0x38, 0x44, 0xDC, 0xF9, 0xA0, 0x81, 0x2A, 0x00,
    0x78, 0xBA, 0xBC, 0x50, 0x1E, 0xA5, 0x29, 0x37, 0x08, 0x00, 0xFC, 0x1F, 0xC3, 0x43, 0x58, 0xBF,
    0xF0, 0x15, 0xDC, 0x63, 0x09, 0xE2, 0x19, 0xFF, 0xE0, 0x00, 0x1C, 0xA4, 0x4A, 0xC3, 0x01, 0x1F,
    0xA1, 0x50, 0x6E, 0x04, 0xA1, 0xDB, 0xFF, 0xC6, 0xC0, 0x8A, 0x4D, 0x7B, 0x00, 0x8D, 0x57, 0x61,
    0x5F, 0xF4, 0x39, 0xCD, 0x61, 0xA7, 0xF2, 0x70, 0x00, 0x03, 0xC2, 0xD2, 0x20, 0xD8, 0x77, 0x46,
    0x3E, 0x9A, 0x9B, 0x10, 0x15, 0x27, 0x96, 0x64, 0x4E, 0x95, 0xAC, 0x87, 0xC5, 0x00, 0x79, 0x31,
    0x4B, 0x18, 0x3D, 0x37, 0x80, 0x00, 0x00, 0x40, 0x7C, 0x24, 0x05, 0x19, 0x98, 0x80, 0x98, 0x58,
    0x57, 0x34, 0xDD, 0x52, 0xFC, 0x6B, 0xBF, 0x15, 0xCC, 0xDF, 0xFD, 0xD0, 0x87, 0x24, 0x00, 0x64,
    0x80, 0xC4, 0x94, 0x5A, 0xB4, 0xA7, 0x8D, 0x14, 0x02, 0x6D, 0xEC, 0x00, 0x18, 0x7C, 0x05, 0x40,
    0xBD, 0x61, 0x3E, 0xFE, 0xC5, 0x3F, 0xC7, 0xBB, 0x6C, 0xF0, 0xB3, 0x57, 0x8A, 0x53, 0xC8, 0x85,
    0x0D, 0x7F, 0x6D, 0x19, 0x80, 0x87, 0x27, 0x00, 0x5F, 0xBF, 0x08, 0x00, 0x09, 0x50, 0x62, 0x83,
    0x9D, 0x7E, 0xAF, 0x94, 0xAB, 0x94, 0x4A, 0xA0, 0x05, 0x11, 0x80, 0x9B, 0x87, 0x3B, 0xC3, 0xD0,
    0xAC, 0xC8, 0x69, 0xFA, 0xB2, 0xA5, 0x08, 0x85, 0xF5, 0x29, 0x89, 0x96, 0x9C, 0x8B, 0x14, 0xBA,
    0x40, 0x00, 0x5C, 0xC3, 0x60, 0x16, 0x02, 0x97, 0xBE, 0x51, 0x52, 0x39, 0x33, 0x3B, 0x3B, 0x98,
    0x80, 0xC6, 0x48, 0x24, 0xDC, 0xBC, 0x3C, 0x73, 0x70, 0x3F, 0xBC, 0x8D, 0x1E, 0x02, 0x8D, 0xB8,
    0x93, 0x69, 0x7D, 0xE8, 0x88, 0x1E, 0x02, 0x2A, 0x11, 0x04, 0x8A, 0x38, 0x8B, 0x18, 0xCE, 0x0C,
    0x27, 0x00, 0x1C, 0x8D, 0x1D, 0x02, 0x8E, 0xAA, 0xB2, 0x39, 0x0A, 0x8A, 0x00, 0x13, 0xBF, 0x09,
    0x89, 0xBC, 0xD5, 0xED, 0xF7, 0xF8, 0xC7, 0x3C, 0x4E, 0xA9, 0xD1, 0x8F, 0x09, 0xA0, 0x87, 0x2F,
    0x00, 0x64, 0x74, 0xE6, 0xEB, 0xF0, 0xBD, 0x92, 0xD9, 0x50, 0x87, 0x2A, 0x00, 0x8F, 0x65, 0x7E,
    0xE5, 0xC0, 0x87, 0x31, 0x00, 0x9B, 0x03, 0x2D, 0x6C, 0x67, 0x3C, 0xA8, 0x42, 0xE8, 0x16, 0x07,
    0xD6, 0x2E, 0x88, 0x33, 0x8A, 0xEF, 0x7A, 0xCC, 0x85, 0x20, 0x02, 0x00, 0x0A, 0xF4, 0x8D, 0x72,
    0x0D, 0x40, 0x87, 0x32, 0x00, 0x45, 0x6B, 0xAE, 0xFF, 0x70, 0x87, 0x15, 0x02, 0x66, 0x8D, 0x9E,
    0x88, 0x3B, 0x65, 0x58, 0x87, 0x23, 0x01, 0x59, 0x7C, 0x1F, 0x8C, 0x1F, 0x02, 0x47, 0x76, 0x41,
    0xC6, 0xA7, 0x3C, 0x6F, 0xB0, 0x00, 0x9D, 0x83, 0xEF, 0xA3, 0x12, 0xB0, 0x1D, 0x00, 0x7E, 0x7D,
    0xC5, 0x4C, 0x5C, 0x93, 0xA6, 0x42, 0x47, 0x71, 0x86, 0x76, 0x8D, 0x21, 0x76, 0xC9, 0x2D, 0xCD,
    0x76, 0xE7, 0x93, 0xE1, 0x92, 0x2A, 0x87, 0x3A, 0x00, 0x79, 0xC3, 0x76, 0x19, 0xA0, 0x99, 0x97,
    0x9E, 0x00, 0x03, 0xC4, 0x53, 0x14, 0xC4, 0x1D, 0x21, 0x2E, 0x3E, 0x96, 0xE3, 0x7D, 0x4A, 0x60,
    0xFA, 0xBD, 0xCB, 0x71, 0xF7, 0x50, 0x00, 0x09, 0x53, 0xFF, 0x95, 0x46, 0x67, 0x31, 0x6B, 0x46,
    0x97, 0xD5, 0xDB, 0xD0, 0x5B, 0x29, 0xE6, 0x00, 0x03, 0xBD, 0xE2, 0xFF, 0x31, 0x35, 0x94, 0xB7,
    0x4C, 0xEA, 0xBE, 0xCB, 0xAA, 0xE4, 0xFF, 0xF4, 0xA1, 0x89, 0x16, 0xA8, 0x40, 0x00, 0x03, 0xB5,
    0x2C, 0x61, 0xCB, 0x31, 0x7C, 0xFD, 0x52, 0x12, 0x92, 0x72, 0x23, 0x2C, 0x0E, 0x84, 0x7A, 0xC3,
    0xE3, 0x66, 0x24, 0x2D, 0x2F, 0x38, 0x7C, 0x55, 0x3E, 0xD0, 0x00, 0x01, 0x68, 0xFB, 0x28, 0x0E,
    0xCB, 0x1D, 0xC3, 0xE5, 0x24, 0x0B, 0xAE, 0x68, 0x97, 0x64, 0xB1, 0xED, 0xF6, 0x1E, 0x2C, 0x8A,
    0x00, 0x03, 0xD0, 0x73, 0x2C, 0x56, 0x72, 0xE2, 0x6B, 0x15, 0x98, 0xCC, 0x83, 0x32, 0x8A, 0x42,
    0x0D, 0x62, 0x9B, 0xC6, 0xEE, 0x3A, 0x79, 0xD6, 0xF7, 0x46, 0x24, 0xA0, 0x80, 0x31, 0x02, 0x03,
    0xE3, 0xCE, 0x74, 0x62, 0x41, 0x11, 0x95, 0x68, 0x00, 0x65, 0x0E, 0x88, 0x11, 0xF6, 0x91, 0x41,
    0x59, 0xD6, 0xCF, 0xD4, 0x71, 0xF5, 0xDC, 0x78, 0xD0, 0xFD, 0x8A, 0xD3, 0x7E, 0x87, 0xD8, 0x00,
    0x89, 0x04, 0x75, 0xF4, 0x3E, 0xB6, 0xD2, 0x25, 0xDD, 0x54, 0x61, 0x70, 0xDB, 0x61, 0x7B, 0xF0,
    0x5E, 0x99, 0x76, 0x98, 0xE7, 0x71, 0x26, 0x4F, 0x5C, 0x8C, 0x8C, 0xBA, 0x6B, 0xF9, 0xAA, 0x50,
    0x02, 0x00, 0x1F, 0x4D, 0x3F, 0xD2, 0x2F, 0xBB, 0xDE, 0x4F, 0x8C, 0x22, 0x65, 0xAE, 0xCB, 0x59,
    0xAD, 0x33, 0xEC, 0x9C, 0x3B, 0x06, 0x20, 0x33, 0x87, 0x43, 0x00, 0x15, 0x6A, 0xBF, 0xDE, 0x61,
    0x5F, 0xBA, 0x7A, 0x43, 0xFB, 0x7C, 0x4C, 0x4E, 0x23, 0xF8, 0x00, 0x75, 0x81, 0x00, 0x99, 0x50,
    0x87, 0x22, 0xDC, 0xC9, 0xCA, 0xD7, 0x2B, 0xAD, 0xAF, 0x12, 0x28, 0x2B, 0x1B, 0xC7, 0x15, 0x67,
    0x41, 0x3B, 0xAB, 0x1D, 0x00, 0x01, 0x09, 0xA1, 0xD7, 0x8E, 0xA0, 0x69, 0xA6, 0xA5, 0x1B, 0x5D,
    0x48, 0x4A, 0xA3, 0x86, 0x72, 0xE1, 0x8B, 0x2E, 0x00, 0x00, 0x6A, 0x46, 0x33, 0xFC, 0xC9, 0xB0,
    0x00, 0x14, 0x60, 0x7A, 0x80, 0x70, 0x18, 0x7C, 0xD0, 0xD1, 0x9D, 0x52, 0xCF, 0xBD, 0xBB, 0xFB,
    0xAF, 0xB2, 0xE1, 0xC6, 0x58, 0xDE, 0xD1, 0x3A, 0x00, 0x1F, 0xB7, 0x5F, 0xC8, 0x75, 0x6F, 0x97,
    0x30, 0x27, 0xF9, 0xD6, 0x8B, 0x31, 0xE2, 0xBD, 0x03, 0x93, 0x68, 0x0C, 0xCA, 0x00, 0x09, 0x4E,
    0x91, 0x3D, 0x1F, 0xC0, 0xEB, 0xCC, 0x4F, 0x97, 0x3D, 0x1E, 0x99, 0x10, 0xAC, 0xA4, 0x3E, 0x21,
    0x96, 0x7F, 0x19, 0x03, 0x86, 0x9D, 0x17, 0x39, 0x69, 0x40, 0xC0, 0x00, 0x0B, 0x19, 0xF6, 0xB9,
    0xD8, 0x8D, 0xA1, 0x60, 0x6A, 0x46, 0x58, 0x3C, 0x30, 0xEB, 0x92, 0xB8, 0x0F, 0x21, 0xEC, 0x8A,
    0x22, 0x87, 0x76, 0x00, 0x6B, 0xAA, 0x4D, 0x4E, 0x06, 0x9A, 0x7F, 0x29, 0x67, 0x73, 0x0B, 0x06,
    0x82, 0x49, 0x02, 0x0D, 0xAB, 0x49, 0xE9, 0x9F, 0x18, 0x8D, 0x42, 0xBE, 0x23, 0x87, 0xF9, 0x00,
    0x69, 0xB0, 0x0C, 0x25, 0x0E, 0xD0, 0xAC, 0xE6, 0x5E, 0x28, 0x07, 0xD0, 0x40, 0x00, 0x14, 0x1D,
    0xB9, 0x3B, 0x7B, 0x4F, 0xF4, 0x95, 0x81, 0xFD, 0x0E, 0x62, 0x69, 0x9C, 0x60, 0x00, 0x03, 0xC9,
    0x82, 0xDD, 0xD7, 0xF7, 0xBC, 0x2C, 0xCE, 0x2E, 0x68, 0x89, 0x52, 0x7F, 0x09, 0x19, 0x70, 0x47,
    0xB6, 0x1B, 0x76, 0x20, 0x00, 0x04, 0x62, 0xE6, 0x2B, 0x65, 0xDB, 0xBB, 0x5A, 0x16, 0xCC, 0xE8,
    0xB6, 0x87, 0x51, 0x00, 0x47, 0x0C, 0xBB, 0x2C, 0x7C, 0x99, 0xBD, 0x89, 0xEB, 0xE8, 0x33, 0x74,
    0x60, 0x87, 0x4E, 0x02, 0x09, 0x7F, 0xBB, 0x3E, 0xC3, 0x9B, 0x80, 0x87, 0x52, 0x00, 0x91, 0xAA,
    0x67, 0xEE, 0xAE, 0x80, 0x87, 0x45, 0x00, 0x37, 0x35, 0x7D, 0x38, 0x4C, 0xD9, 0x5D, 0x98, 0x7D,
    0xE4, 0x36, 0x00, 0x00, 0x1F, 0x9B, 0x7D, 0x1E, 0xCD, 0x23, 0xCD, 0x50, 0xEC, 0xA0, 0x87, 0x5B,
    0x00, 0x6D, 0x4D, 0x1D, 0x77, 0xB2, 0xFE, 0xA5, 0x71, 0x0B, 0xA4, 0x00, 0x36, 0x2F, 0x79, 0x42,
    0x67, 0x14, 0xEE, 0x76, 0x07, 0x73, 0x4C, 0x21, 0xEE, 0xB3, 0x70, 0xBE, 0x82, 0x5A, 0xB2, 0xD1,
    0x3A, 0x88, 0x8E, 0x30, 0xBB, 0x1E, 0xA8, 0x6C, 0xB4, 0xE6, 0x02, 0x91, 0x1E, 0x92, 0x10, 0x00,
    0x09, 0x50, 0x55, 0xCC, 0x05, 0xED, 0x29, 0x61, 0x79, 0x25, 0xE6, 0x5B, 0x6E, 0xC8, 0x53, 0xDF,
    0x5B, 0xD5, 0x80, 0x00, 0x04, 0x64, 0x5B, 0xCD, 0x53, 0xB7, 0x8F, 0x39, 0xBB, 0xF3, 0xD9, 0xED,
    0xAC, 0x40, 0x00, 0x08, 0xE5, 0xE0, 0xBD, 0x83, 0x7B, 0x4A, 0x1B, 0x75, 0x37, 0x54, 0x8B, 0xBE,
    0x92, 0xBE, 0x00, 0x04, 0x5F, 0x92, 0x7E, 0xDB, 0x4C, 0x28, 0x87, 0x36, 0xB0, 0x9D, 0xA2, 0xEA,
    0xD5, 0xEE, 0xF8, 0x00, 0x04, 0x5C, 0xEA, 0x29, 0x9B, 0xB3, 0xC0, 0xBE, 0xBB, 0x17, 0xF0, 0x1A,
    0xB6, 0xDA, 0x56, 0x57, 0x8F, 0xE7, 0xC0, 0x00, 0x01, 0xB1, 0x43, 0x6B, 0xB9, 0x8C, 0x59, 0xF2,
    0x5C, 0x67, 0x90, 0x61, 0x5E, 0x9F, 0x1F, 0x0E, 0xC0, 0x00, 0x04, 0x6E, 0x41, 0x53, 0xAD, 0xE7,
    0x67, 0x15, 0x95, 0x7F, 0x9D, 0xFF, 0x37, 0x7C, 0x26, 0xCC, 0x9F, 0x7C, 0x9C, 0x82, 0x43, 0x02,
    0x04, 0x7A, 0xA7, 0x7E, 0xB3, 0xD7, 0xAA, 0x46, 0x4D, 0xE3, 0xB8, 0x00, 0x06, 0x9F, 0x57, 0x85,
    0x38, 0x53, 0x14, 0x84, 0x9F, 0xFF, 0xE7, 0x21, 0x04, 0x95, 0x0C, 0x73, 0x54, 0xF7, 0x10, 0x00,
    0x04, 0x61, 0xF3, 0xD9, 0x15, 0xBF, 0x25, 0xBB, 0xA7, 0x21, 0x5D, 0xF2, 0xD7, 0xEE, 0x14, 0xAE,
    0xFB, 0xBE, 0x23, 0xF0, 0x4F, 0xCB, 0xE6, 0x97, 0x8E, 0x40, 0x00, 0x20, 0x0B, 0xE4, 0xBE, 0x26,
    0x89, 0x73, 0x76, 0xF4, 0x17, 0x5C, 0x57, 0xBD, 0x7D, 0x10, 0x63, 0xD8, 0x81, 0x46, 0x02, 0x65,
    0x92, 0xFC, 0xFB, 0x44, 0x5F, 0x1A, 0x40, 0x82, 0x46, 0x02, 0x65, 0xB3, 0xDC, 0x49, 0x5E, 0x8B,
    0xE9, 0x74, 0x8A, 0x40, 0x87, 0xE8, 0x00, 0x92, 0xDC, 0xDB, 0x67, 0x43, 0xC2, 0xAF, 0x02, 0xBA,
    0x83, 0xAA, 0x38, 0x81, 0x44, 0x02, 0x61, 0x29, 0xA3, 0x7F, 0x88, 0x9C, 0x87, 0x52, 0x02, 0x47,
    0xD2, 0xEE, 0x85, 0x5A, 0x07, 0xD8, 0x87, 0x55, 0x00, 0x42, 0x61, 0x66, 0x8E, 0xCE, 0xBD, 0xC8,
    0x2F, 0x58, 0xFB, 0x8A, 0xEE, 0xE9, 0x80, 0x87, 0x4B, 0x00, 0x6E, 0xC8, 0x80, 0x00, 0x09, 0xA4,
    0xE1, 0x3B, 0xD1, 0x61, 0xFC, 0x51, 0xA3, 0x6D, 0xAC, 0x1F, 0x87, 0x4C, 0x00, 0x80, 0x8C, 0x14,
    0x00, 0x14, 0x25, 0x15, 0x21, 0x76, 0xFE, 0x19, 0xA9, 0x05, 0x5F, 0xCD, 0x2E, 0x14, 0x72, 0x29,
    0xDB, 0x83, 0xFA, 0xDB, 0x1F, 0xB9, 0x86, 0xB8, 0x48, 0x00, 0x04, 0x64, 0x09, 0xAD, 0x26, 0x31,
    0x70, 0x59, 0xBA, 0x07, 0x6A, 0x63, 0x22, 0xAA, 0xE2, 0x67, 0xA0, 0x63, 0xD5, 0x75, 0x29, 0x87,
    0x63, 0x02, 0x92, 0xB4, 0x6F, 0xAD, 0xC6, 0x00, 0x06, 0x6C, 0x00, 0x76, 0x4E, 0xCB, 0xC0, 0x5B,
    0x19, 0x10, 0x81, 0xF9, 0x00, 0x7A, 0x95, 0x1B, 0xF0, 0x82, 0x91, 0x3F, 0xDC, 0x06, 0xD6, 0x3C,
    0xB4, 0x61, 0x86, 0x6F, 0x24, 0x18, 0x81, 0x49, 0x02, 0x65, 0x98, 0x41, 0x4C, 0x1E, 0x7F, 0x90,
    0x0E, 0x82, 0x5B, 0x00, 0x12, 0x61, 0x44, 0xF5, 0xB5, 0x1B, 0x60, 0x75, 0xE1, 0xB2, 0xD3, 0x7E,
    0xFC, 0x44, 0xC5, 0xD3, 0x87, 0x4E, 0x02, 0x70, 0x25, 0xD5, 0x0C, 0x4C, 0xB2, 0x14, 0xF2, 0x9C,
    0x58, 0x20, 0x00, 0x03, 0xBC, 0x86, 0xFE, 0xC8, 0xDB, 0x2C, 0x89, 0xE0, 0xAC, 0x04, 0x33, 0x10,
    0xAC, 0xA2, 0xC4, 0x4D, 0x7D, 0x2B, 0x3F, 0x4C, 0xB7, 0xCA, 0xD3, 0x0B, 0x4D, 0x51, 0x3B, 0x56,
    0xF4, 0x77, 0x06, 0x79, 0x2C, 0x74, 0x70, 0x80, 0x00, 0x09, 0x49, 0x9A, 0x79, 0xDE, 0x3A, 0xCD,
    0x20, 0x7D, 0x48, 0x0B, 0xF6, 0x10, 0x86, 0x7A, 0x85, 0x4D, 0xB1, 0xD9, 0xAE, 0xCC, 0xA3, 0xF2,
    0x5C, 0xD5, 0x0F, 0xD1, 0x00, 0x1B, 0xB4, 0x64, 0xFC, 0x74, 0x67, 0x5A, 0xAB, 0x58, 0x64, 0x2E,
    0x64, 0xEA, 0x68, 0xC3, 0x8F, 0x86, 0x8C, 0xD7, 0x8A, 0xA7, 0xE6, 0x7D, 0x46, 0xCB, 0x00, 0x73,
    0xFE, 0x7B, 0x07, 0xFC, 0xDA, 0x00, 0x04, 0x96, 0xE5, 0x4D, 0x1D, 0x4F, 0xF6, 0xBD, 0xA1, 0x64,
    0x06, 0x71, 0xDB, 0xE0, 0xA2, 0x00, 0x82, 0xC7, 0xCC, 0x6C, 0x77, 0x9A, 0x09, 0xAC, 0x92, 0xE1,
    0xF6, 0xCF, 0xB2, 0x3E, 0x74, 0xC4, 0x34, 0xC5, 0x42, 0x54, 0xA4, 0x82, 0xF8, 0xBD, 0x56, 0x95,
    0x27, 0xF2, 0xC2, 0x11, 0x61, 0x8E, 0xCE, 0x00, 0x04, 0x65, 0xDC, 0x9F, 0x6A, 0xAB, 0x50, 0xB1,
    0x18, 0x81, 0xB0, 0x59, 0x6E, 0xA2, 0x94, 0x43, 0xF4, 0xE5, 0xBD, 0x8F, 0x2C, 0x6F, 0xD6, 0x18,
    0x00, 0x36, 0x1D, 0x11, 0xEC, 0xDB, 0xCA, 0x53, 0x85, 0xE0, 0x59, 0x74, 0x47, 0xFD, 0x6C, 0xA1,
    0xF7, 0xA0, 0x08, 0x15, 0x4A, 0xE6, 0xFA, 0xEB, 0xC2, 0x04, 0x00, 0x5F, 0x65, 0x40, 0x00, 0x33,
    0x34, 0x6A, 0x05, 0xAC, 0xD9, 0x2A, 0x1F, 0x80, 0xD0, 0x7E, 0xC0, 0x27, 0x1F, 0x1B, 0x2D, 0x6C,
    0xC9, 0x33, 0x32, 0x80, 0x00, 0x03, 0xC4, 0x38, 0xDE, 0x3A, 0x67, 0xA3, 0x05, 0xEB, 0xC5, 0xA7,
    0x74, 0x6E, 0x84, 0x1D, 0xC2, 0xC1, 0xBA, 0x34, 0x51, 0x65, 0x25, 0xF7, 0xE2, 0x01, 0x4E, 0x98,
    0xC6, 0xB5, 0xFF, 0xD8, 0xA8, 0xA2, 0x20, 0x0B, 0x16, 0x8B, 0xA0, 0x2D, 0x80, 0x00, 0x04, 0x63,
    0x18, 0xEB, 0xF0, 0x72, 0xDC, 0x3C, 0x4F, 0x3E, 0x3C, 0xE0, 0x90, 0x24, 0xB9, 0xEA, 0x4C, 0x84,
    0xFE, 0x32, 0x14, 0x61, 0xFD, 0x90, 0xD4, 0x38, 0x03, 0x1B, 0xFB, 0x40, 0x00, 0x09, 0xF7, 0x2F,
    0xC0, 0x88, 0xD0, 0x8B, 0x0A, 0x62, 0xCC, 0x66, 0xB0, 0x3F, 0x4E, 0xEC, 0x59, 0xE4, 0x08, 0x06,
    0x7F, 0x74, 0x55, 0x48, 0xDE, 0x1E, 0xBB, 0x2F, 0x39, 0x97, 0x0A, 0x30, 0x00, 0x0A, 0x09, 0x18,
    0xE8, 0xA2, 0x20, 0x65, 0xA6, 0x47, 0x15, 0x82, 0x23, 0xC3, 0x1C, 0xEE, 0x38, 0xF5, 0x48, 0xB8,
    0xF9, 0xD0, 0x31, 0xDF, 0x6E, 0x24, 0xCE, 0x80, 0x00, 0x03, 0x97, 0x42, 0x7A, 0x7B, 0x28, 0xE5,
    0x49, 0xB2, 0x94, 0x57, 0x23, 0x9F, 0xB6, 0xFB, 0x7D, 0x15, 0x46, 0x4F, 0x44, 0x0E, 0x62, 0x60,
    0xC1, 0xE1, 0x50, 0xD0, 0xD6, 0xA0, 0x05, 0xBA, 0xDB, 0x53, 0xC9, 0x38, 0x0F, 0xE3, 0xD7, 0xB9,
    0x29, 0x42, 0xEA, 0x94, 0x8A, 0x28, 0x00, 0x04, 0x4D, 0xBD, 0x7C, 0x97, 0xDA, 0x69, 0x06, 0xFA,
    0x78, 0x2D, 0xE7, 0x5C, 0x77, 0xD5, 0x80, 0xE2, 0xA8, 0x98, 0x69, 0xB4, 0x46, 0x6F, 0x16, 0x6E,
    0x69, 0xEF, 0x48, 0xEC, 0x5D, 0x1D, 0xFF, 0x8E, 0x24, 0x9F, 0xEE, 0x60, 0x00, 0x59, 0x6E, 0xBF,
    0x14, 0xD3, 0x4E, 0xA7, 0xCD, 0x19, 0x9A, 0xFE, 0x59, 0x4A, 0x37, 0x80, 0xD1, 0xAC, 0xAA, 0x25,
    0x3B, 0x85, 0x44, 0xC1, 0xD3, 0x2D, 0x74, 0x0E, 0x9D, 0xB6, 0xF0, 0xDB, 0x0B, 0x5E, 0x7D, 0x7B,
    0x71, 0xBA, 0x32, 0x7D, 0x4E, 0x84, 0x48, 0x02, 0x0D, 0xA7, 0xB8, 0xDA, 0x94, 0xC3, 0x7D, 0xAC,
    0xF9, 0x32, 0x81, 0x3E, 0xC0, 0x27, 0x0F, 0x5A, 0x9C, 0x5D, 0x1E, 0x09, 0xD2, 0x80, 0xEA, 0x7C,
    0x18, 0x61, 0xC2, 0x80, 0x8D, 0x55, 0x02, 0x02, 0x3D, 0x40, 0x62, 0x13, 0x21, 0x34, 0xC5, 0x21,
    0x1A, 0x15, 0xEC, 0xD6, 0x0A, 0xD2, 0x03, 0x86, 0xC0, 0x00, 0x3C, 0x6A, 0xD9, 0x0A, 0x58, 0x7D,
    0xA6, 0x51, 0x18, 0xA9, 0x53, 0x20, 0x7D, 0x80, 0xA2, 0x8F, 0x03, 0xEB, 0xA4, 0x20, 0xC4, 0xA6,
    0x49, 0x19, 0x0B, 0xE8, 0x87, 0x31, 0x00, 0x85, 0x4E, 0xF4, 0xF2, 0x57, 0x54, 0xA9, 0x82, 0x96,
    0x80, 0x87, 0x51, 0x00, 0x3A, 0x1C, 0xE7, 0x40, 0x47, 0x33, 0x0F, 0xED, 0x74, 0x28, 0x00, 0x03,
    0xCE, 0x65, 0x78, 0x6D, 0x01, 0x59, 0xEA, 0xAE, 0x32, 0xC5, 0xDD, 0x6C, 0x93, 0x76, 0x52, 0x14,
    0x30, 0xF8, 0xFF, 0x91, 0x12, 0xF2, 0x00, 0x04, 0x69, 0xF7, 0xC7, 0x30, 0x95, 0xC0, 0xC9, 0x14,
    0x96, 0x39, 0xAD, 0xF5, 0xE1, 0xD3, 0x53, 0xA0, 0xD3, 0x18, 0x8C, 0x81, 0x85, 0x02, 0x75, 0xD2,
    0xF4, 0x0F, 0x4C, 0xB0, 0x44, 0x91, 0x87, 0xC2, 0x2B, 0xA5, 0x78, 0xC4, 0x81, 0x86, 0x02, 0x66,
    0x8C, 0x04, 0x47, 0xE1, 0xA1, 0xD4, 0x98, 0x6E, 0x5D, 0x09, 0x9A, 0xE6, 0xAB, 0xCE, 0x2C, 0x00,
    0xAB, 0x5B, 0x84, 0x40, 0x95, 0xB9, 0x4D, 0x1E, 0x1D, 0x20, 0x28, 0xD8, 0xBB, 0x68, 0xBA, 0x3D,
    0x69, 0xBE, 0xDC, 0xB7, 0x99, 0xD0, 0xFB, 0x0B, 0x36, 0x6C, 0xFE, 0x65, 0x21, 0x88, 0x3D, 0x0A,
    0x43, 0x82, 0xC0, 0x9C, 0x63, 0x12, 0x76, 0x7C, 0xB9, 0xA6, 0xCB, 0x88, 0x70, 0x00, 0x15, 0x3C,
    0xF0, 0x82, 0xA1, 0xB6, 0x62, 0x8F, 0xD7, 0x8E, 0x94, 0x8B, 0x51, 0x97, 0x09, 0x70, 0x13, 0xC0,
    0xCA, 0xFA, 0x35, 0xB8, 0xE2, 0x56, 0x9B, 0xF3, 0x1A, 0x9C, 0x8B, 0x46, 0xEF, 0x5A, 0x64, 0xFE,
    0x3D, 0x78, 0xFA, 0xD1, 0xE5, 0x28, 0x42, 0xA8, 0x00, 0x4C, 0x0F, 0xA5, 0xD0, 0xAB, 0x30, 0xD2,
    0xE2, 0x54, 0x13, 0xBD, 0x0D, 0x94, 0x03, 0x2A, 0x52, 0x87, 0x59, 0xD6, 0x97, 0xFA, 0x5A, 0xC6,
    0x50, 0x89, 0x68, 0x95, 0x62, 0x2B, 0xCC, 0xF2, 0x00, 0x31, 0x04, 0x3D, 0x49, 0xE9, 0x6A, 0x38,
    0xA0, 0x69, 0x2D, 0xC8, 0x00, 0xC2, 0xFF, 0xAA, 0xBB, 0xCB, 0x85, 0x2F, 0x7A, 0xE3, 0xCB, 0xE5,
    0x40, 0x00, 0x36, 0x66, 0x82, 0xDB, 0xF4, 0xCC, 0x15, 0x59, 0xAD, 0x58, 0x66, 0xFE, 0xFC, 0x2B,
    0xF5, 0x9C, 0x0A, 0x02, 0x7A, 0x66, 0x76, 0x14, 0xFB, 0x50, 0x8B, 0x6D, 0x7A, 0x2F, 0xAF, 0x3E,
    0xF4, 0x5C, 0x45, 0x26, 0x39, 0x17, 0x37, 0xED, 0xF6, 0xB9, 0x42, 0x6F, 0xA5, 0x70, 0x75, 0xC3,
    0xC6, 0xDD, 0xA4, 0x6E, 0x20, 0x00, 0x96, 0xA1, 0x97, 0x81, 0x75, 0xF0, 0x1F, 0xE8, 0x4C, 0xC6,
    0x9D, 0x07, 0xC6, 0x94, 0x14, 0x8E, 0x8E, 0x77, 0xC9, 0x97, 0xE9, 0x1C, 0xCD, 0x64, 0x93, 0xD1,
    0xD9, 0x7B, 0xF2, 0xAA, 0xA4, 0x79, 0x35, 0x53, 0xF4, 0x68, 0x24, 0x9A, 0x5F, 0x6D, 0xFF, 0xD0,
    0x1C, 0x9B, 0x84, 0x80, 0x80, 0x82, 0x71, 0x02, 0x9A, 0x7E, 0xCC, 0x43, 0xED, 0x8F, 0x46, 0x1C,
    0x6F, 0x9E, 0x6E, 0x14, 0x1A, 0xAB, 0xAF, 0x18, 0xC7, 0x35, 0x80, 0x83, 0x72, 0x02, 0x19, 0x20,
    0xF1, 0xD0, 0xD0, 0xC0, 0x1C, 0x1D, 0xDB, 0x37, 0xAB, 0x4F, 0x80, 0x13, 0x95, 0x60, 0x87, 0x25,
    0x00, 0x96, 0x18, 0xB4, 0xA5, 0x26, 0xEE, 0x6A, 0xE9, 0xC6, 0xCA, 0x9D, 0x87, 0x45, 0x00, 0x1E,
    0xC6, 0xEF, 0xA7, 0xC6, 0x4B, 0xA7, 0x70, 0x00, 0x54, 0x2F, 0x87, 0xA8, 0xE0, 0x31, 0xEE, 0xEE,
    0xF3, 0x94, 0x4C, 0x2D, 0xFD, 0xA5, 0xDE, 0x7F, 0x73, 0xE3, 0x64, 0xD4, 0xD1, 0x5D, 0x82, 0x30,
    0x02, 0xD7, 0xE4, 0x00, 0x3B, 0x6E, 0x97, 0x77, 0xC1, 0x75, 0x9C, 0x00, 0x37, 0x56, 0xE0, 0x10,
    0xEF, 0x1D, 0x58, 0x9E, 0x40, 0x14, 0x7C, 0xB4, 0x34, 0x09, 0x40, 0x14, 0x7D, 0x1D, 0x2C, 0x60,
    0x00, 0x4B, 0xDC, 0x5D, 0xBD, 0x56, 0x4F, 0x68, 0x00, 0x5C, 0x82, 0xD7, 0x8A, 0x41, 0xDC, 0xD8,
    0xA4, 0xA7, 0xAA, 0x9A, 0xF8, 0xB3, 0x43, 0x80, 0x72, 0x15, 0xC0, 0x60, 0x6E, 0xDC, 0x8A, 0xFA,
    0xD9, 0x51, 0xF7, 0xF9, 0x1F, 0xDD, 0x87, 0x25, 0x2D, 0x95, 0x46, 0xEC, 0x15, 0xEF, 0x66, 0xD2,
    0x7F, 0x5A, 0x85, 0xF0, 0x72, 0x1A, 0xF4, 0x92, 0x09, 0x86, 0x9E, 0x52, 0xC6, 0x23, 0x00, 0x6B,
    0x62, 0xF6, 0xC3, 0xC3, 0x10, 0xB7, 0x06, 0xD8, 0x98, 0xA0, 0xDD, 0x06, 0x83, 0x66, 0x24, 0xCE,
    0x5E, 0x01, 0x28, 0xF7, 0x3B, 0xB3, 0xB4, 0x27, 0xBA, 0xBE, 0x73, 0x2A, 0x14, 0xB6, 0x51, 0xEE,
    0xFF, 0x0D, 0xF8, 0x06, 0x34, 0x38, 0xDC, 0xFD, 0x20, 0x00, 0x7F, 0xA0, 0x7C, 0x6E, 0x2E, 0x3B,
    0x29, 0x3A, 0x6E, 0x3F, 0xEA, 0xB1, 0xB1, 0xEF, 0x2A, 0x71, 0x3D, 0x87, 0xA0, 0xFC, 0xE5, 0x47,
    0x9A, 0x4A, 0x32, 0x72, 0x74, 0x51, 0xF0, 0x76, 0xB6, 0x57, 0xD5, 0x0B, 0xC0, 0x00, 0x08, 0x5D,
    0x20, 0xBE, 0xB6, 0x15, 0x15, 0x6E, 0x10, 0x85, 0x81, 0xC7, 0x87, 0x9F, 0x7E, 0x3A, 0x31, 0x89,
    0xBE, 0x36, 0xCF, 0x9F, 0x1F, 0x5C, 0x4C, 0x9D, 0x74, 0x00, 0x0D, 0x4B, 0x47, 0x94, 0x02, 0x8D,
    0xC5, 0xB1, 0x90, 0x9E, 0xA4, 0xB5, 0xB6, 0xC3, 0x45, 0x34, 0xFA, 0x41, 0xEB, 0x47, 0x85, 0x11,
    0xC4, 0x21, 0x07, 0xBA, 0x00, 0x0D, 0x4E, 0xC3, 0x50, 0xF7, 0xD9, 0xC5, 0x95, 0xAB, 0xA0, 0x71,
    0x90, 0x0B, 0x73, 0x80, 0x63, 0x9A, 0x53, 0xC6, 0xBC, 0x97, 0x20, 0x8E, 0x22, 0x02, 0x4D, 0xF9,
    0x05, 0x8B, 0xB5, 0xDF, 0x21, 0xBC, 0x90, 0x89, 0x7A, 0x7C, 0x5E, 0x30, 0x38, 0xB4, 0x87, 0x52,
    0x00, 0x91, 0xAA, 0xA8, 0x09, 0xAB, 0xB4, 0x55, 0xC0, 0x79, 0x37, 0x21, 0xDF, 0x89, 0x14, 0x02,
    0xC3, 0xEC, 0x56, 0x34, 0x5B, 0xC0, 0x83, 0x44, 0x02, 0x3D, 0xE6, 0x2F, 0x21, 0xA0, 0x00, 0x0A,
    0x00, 0x6D, 0xE0, 0xBF, 0x85, 0x96, 0xE3, 0x62, 0x4B, 0x91, 0x92, 0x38, 0x2D, 0x9F, 0x45, 0x00,
    0x0A, 0x5F, 0x11, 0xCC, 0xDC, 0x5E, 0xAF, 0x2E, 0x5C, 0x5A, 0x41, 0xFF, 0x44, 0x80, 0x87, 0x30,
    0x02, 0x73, 0xA1, 0xD0, 0xE2, 0xFC, 0x3A, 0xD0, 0x44, 0x00, 0x1F, 0x21, 0xDA, 0x9B, 0xBB, 0x8D,
    0x16, 0x13, 0x05, 0xD5, 0xA5, 0x2A, 0xFA, 0xE0, 0x00, 0x00, 0xCA, 0xBE, 0xE2, 0xAA, 0xCA, 0x8B,
    0xFA, 0xE6, 0x61, 0x82, 0x0D, 0xCF, 0x3A, 0xD0, 0x03, 0x7E, 0x67, 0x8A, 0xB0, 0x11, 0x5E, 0x00,
    0x03, 0xB5, 0x27, 0x4F, 0xF5, 0xEA, 0xF2, 0x5D, 0x5B, 0xBC, 0x3D, 0x58, 0x62, 0xD5, 0x5B, 0x50,
    0xA4, 0x7B, 0xF4, 0xA5, 0xF4, 0xD6, 0x8F, 0xF7, 0x17, 0x57, 0xDB, 0x1B, 0x7F, 0xEF, 0xFA, 0x6B,
    0xF5, 0x2B, 0xF6, 0x33, 0x10, 0x41, 0x7C, 0x8F, 0xFF, 0x40, 0x00, 0x09, 0x49, 0x98, 0x3B, 0x40,
    0xBD, 0x83, 0xEF, 0xF9, 0xA9, 0x78, 0x02, 0xDE, 0x16, 0xCA, 0x65, 0x5E, 0x17, 0x70, 0x4D, 0x30,
    0x4A, 0x6F, 0xC3, 0x3F, 0x91, 0x4C, 0x15, 0x20, 0x4D, 0x8A, 0xE0, 0x58, 0xF3, 0xD6, 0x20, 0x87,
    0x28, 0x02, 0x87, 0x15, 0x6B, 0x73, 0xBC, 0x03, 0x82, 0xE0, 0xE3, 0xF6, 0xC6, 0x96, 0x16, 0xA0,
    0x87, 0x48, 0x02, 0x57, 0xAC, 0x8C, 0x0C, 0x2B, 0x0C, 0xBA, 0x0F, 0xBE, 0x9E, 0xCA, 0xB9, 0xC0,
    0x00, 0x03, 0xBE, 0x7B, 0x8B, 0x76, 0x21, 0x5C, 0x81, 0xBF, 0x42, 0xC0, 0x3A, 0xBA, 0x5B, 0xF7,
    0x0B, 0xF5, 0x97, 0xEC, 0xFA, 0x4F, 0xC0, 0xE6, 0x91, 0xFC, 0xD6, 0x00, 0x04, 0x60, 0x7A, 0x4B,
    0x4A, 0x40, 0xAC, 0xD8, 0x7E, 0xCF, 0x38, 0x7E, 0x66, 0xAB, 0x15, 0xEE, 0x87, 0xFD, 0xC9, 0x30,
    0x87, 0x2D, 0x00, 0x8E, 0x9D, 0xB0, 0xAF, 0xC0, 0xD7, 0x4B, 0x71, 0x13, 0x70, 0xF3, 0xBA, 0xD4,
    0x1C, 0xB4, 0xA8, 0xD1, 0x74, 0x20, 0x6A, 0xEE, 0x83, 0x5D, 0x02, 0x04, 0x60, 0x51, 0xB7, 0xBD,
    0x14, 0x91, 0x51, 0x17, 0x9B, 0x11, 0xE7, 0x35, 0x90, 0xB4, 0x85, 0x97, 0x12, 0x3D, 0xE8, 0xF5,
    0x6E, 0xE6, 0x2D, 0xDB, 0x38, 0x00, 0x0C, 0xDA, 0x8D, 0x83, 0xD4, 0xD1, 0x85, 0x79, 0x00, 0xF5,
    0xBE, 0x49, 0x7A, 0x09, 0xAE, 0xE7, 0x54, 0x23, 0x03, 0x8E, 0x39, 0xB7, 0xF7, 0x2E, 0x82, 0xAD,
    0xE9, 0x6D, 0x88, 0xCC, 0x85, 0xF3, 0x00, 0x0D, 0x43, 0x29, 0x35, 0xA6, 0xCE, 0xDB, 0xDD, 0xFE,
    0x28, 0xC8, 0xE0, 0xAD, 0x95, 0xF4, 0xC2, 0xE8, 0x26, 0x31, 0x08, 0xF9, 0xD5, 0x00, 0x01, 0x58,
    0xD7, 0xDB, 0x44, 0x5F, 0xC6, 0x37, 0x07, 0xA4, 0x12, 0xBE, 0xC4, 0xC9, 0xBA, 0xA0, 0xE4, 0xEC,
    0xA3, 0x10, 0x5B, 0x23, 0x4D, 0x94, 0x4B, 0xC0, 0x00, 0x06, 0x6A, 0x0C, 0xAA, 0x94, 0x1C, 0x88,
    0x28, 0x01, 0xF8, 0x76, 0x79, 0x65, 0x82, 0xB9, 0xC8, 0x0B, 0x0A, 0x0C, 0x7C, 0x87, 0x37, 0x02,
    0x95, 0x81, 0x36, 0xE5, 0x20, 0x3C, 0xDC, 0x2A, 0x28, 0xF3, 0xCC, 0x57, 0xDE, 0xAA, 0x92, 0xF4,
    0x43, 0x60, 0x00, 0x04, 0x67, 0xDB, 0xBC, 0x60, 0x06, 0xAB, 0x2B, 0x11, 0xE8, 0xAB, 0x3F, 0x31,
    0x87, 0xB8, 0xD1, 0xE1, 0xB8, 0x58, 0x00, 0x03, 0xC8, 0x49, 0xC0, 0x1C, 0x40, 0x68, 0x03, 0xA3,
    0xC3, 0x8F, 0x0C, 0xAF, 0xC9, 0x71, 0x27, 0xF0, 0xBF, 0x48, 0x00, 0x04, 0x64, 0xF8, 0x99, 0xED,
    0x7F, 0x2C, 0xD5, 0x49, 0x32, 0x8D, 0x9D, 0x90, 0x9A, 0xAC, 0xF8, 0x00, 0x00, 0x4C, 0x71, 0xB4,
    0xAD, 0x84, 0x29, 0x87, 0x87, 0xF0, 0xCD, 0xE0, 0x93, 0xC1, 0x29, 0x12, 0x34, 0xB3, 0x8B, 0x8B,
    0x5D, 0x5C, 0x1B, 0x2C, 0x48, 0x41, 0x8E, 0x34, 0x71, 0x80, 0x00, 0x00, 0x75, 0x28, 0xDB, 0xB6,
    0x55, 0xE9, 0x89, 0xB5, 0x90, 0x90, 0x84, 0xE3, 0xB1, 0x45, 0xAE, 0xF7, 0x0A, 0xE6, 0xEF, 0x4F,
    0xF3, 0x63, 0x15, 0x70, 0x00, 0x80, 0xAA, 0xE9, 0xF2, 0xE6, 0xBB, 0xDC, 0x2D, 0x0F, 0x36, 0xDA,
    0xE0, 0x5D, 0xBD, 0x85, 0x59, 0x67, 0x2B, 0x89, 0x93, 0x35, 0xE6, 0xB7, 0x3E, 0x78, 0x9F, 0x91,
    0xE4, 0x9C, 0x94, 0xEE, 0x6D, 0xF5, 0x5C, 0x40, 0x00, 0x18, 0xC9, 0x26, 0x24, 0x58, 0xDA, 0x8C,
    0xFC, 0x30, 0xEF, 0xB7, 0x59, 0x9A, 0x3E, 0x92, 0xD2, 0x8F, 0xEB, 0xF8, 0x2F, 0x22, 0xB4, 0x9A,
    0x2E, 0x5A, 0xF8, 0x08, 0x87, 0x25, 0x00, 0x8E, 0x60, 0x76, 0x73, 0xD0, 0x90, 0x19, 0x08, 0xDA,
    0xAD, 0x57, 0x30, 0x87, 0x45, 0x00, 0x44, 0xB9, 0x1B, 0x67, 0xBF, 0x4A, 0x29, 0xCF, 0x5A, 0xDC,
    0x20, 0x87, 0x36, 0x00, 0x59, 0x7B, 0x0A, 0x9A, 0x3E, 0xA9, 0xD8, 0x00, 0x05, 0x28, 0x39, 0x24,
    0x9B, 0x73, 0xA8, 0x42, 0x44, 0xF8, 0xB5, 0xA0, 0x87, 0x3B, 0x00, 0x90, 0x30, 0x55, 0x3F, 0x2F,
    0xB1, 0x87, 0x58, 0x00, 0x6C, 0x0B, 0x22, 0xA9, 0x1E, 0x0A, 0xA8, 0x80, 0xB0, 0x69, 0x58, 0xE2,
    0xAE, 0xA7, 0x87, 0x3B, 0x00, 0x90, 0x30, 0x55, 0x3E, 0x77, 0xF7, 0xA3, 0x8D, 0xFB, 0x4B, 0x04,
    0x80, 0x87, 0xC0, 0x02, 0x6C, 0x0B, 0x22, 0xC7, 0xF3, 0xB9, 0x1E, 0x0B, 0x3A, 0x0E, 0x02, 0x06,
    0x00, 0x09, 0x55, 0x33, 0x0E, 0x4B, 0x35, 0x0C, 0xE6, 0xCF, 0x2E, 0x0E, 0x39, 0x33, 0x18, 0x28,
    0xAF, 0xC0, 0xCB, 0x13, 0x37, 0x8B, 0x22, 0xAB, 0x45, 0x0E, 0x66, 0x40, 0x00, 0x09, 0x52, 0x53,
    0x5D, 0xDD, 0x77, 0x41, 0x12, 0x08, 0x0B, 0xBF, 0xB4, 0x08, 0x94, 0x25, 0xCC, 0x8D, 0x3F, 0x2A,
    0x8C, 0x80, 0x00, 0x00, 0x2F, 0xC7, 0xC3, 0x5F, 0x7C, 0x5D, 0x9D, 0x1A, 0x5F, 0x8B, 0xA8, 0x80,
    0x5A, 0xF3, 0x5A, 0x94, 0xAB, 0x85, 0x2E, 0x3E, 0xBF, 0xCD, 0x38, 0x00, 0x05, 0x7C, 0xB1, 0x2B,
    0xD9, 0x48, 0xE1, 0xFA, 0x88, 0x6B, 0xFC, 0x84, 0x11, 0x96, 0x44, 0x86, 0x56, 0xA0, 0xCF, 0x3B,
    0xD8, 0x94, 0xC0, 0x00, 0x04, 0x6B, 0xCC, 0xB2, 0xC2, 0x86, 0x5C, 0xE2, 0xCC, 0x09, 0x6E, 0xF5,
    0x71, 0x07, 0x17, 0x3D, 0x92, 0xE0, 0x44, 0x1E, 0x00, 0x09, 0x53, 0x0F, 0xD8, 0xF8, 0x35, 0xBF,
    0xAC, 0x43, 0x1D, 0xE1, 0xF3, 0x2C, 0x83, 0x28, 0xAB, 0x4C, 0xC0, 0x00, 0x04, 0x69, 0xFC, 0xAC,
    0xF6, 0x8B, 0xE0, 0x0B, 0x06, 0x2B, 0xB9, 0x7D, 0x26, 0x24, 0x65, 0x0F, 0x32, 0xB5, 0x13, 0x21,
    0x5A, 0x00, 0x61, 0xAB, 0x00, 0x08, 0xE5, 0x5E, 0x36, 0xE5, 0xCE, 0x84, 0xC5, 0x09, 0xE6, 0xBB,
    0x64, 0x58, 0xA6, 0xEF, 0xB5, 0x1C, 0x58, 0x00, 0x04, 0x0F, 0x36, 0x90, 0x04, 0xD4, 0x9F, 0xA7,
    0x30, 0xC0, 0xAA, 0x93, 0x44, 0xFE, 0x5B, 0x1C, 0x87, 0x4A, 0x00, 0x96, 0xBD, 0x02, 0x80, 0x00,
    0xA0, 0xD5, 0x53, 0x1F, 0xE8, 0x76, 0xB0, 0x06, 0x23, 0x25, 0x6F, 0x88, 0x0C, 0xB4, 0x06, 0xA4,
    0x67, 0x0B, 0x48, 0x8D, 0xAA, 0xB9, 0xEC, 0x9E, 0x7D, 0x98, 0xB8, 0x2C, 0xF9, 0x54, 0x7C, 0x00,
    0x42, 0xA4, 0x01, 0x97, 0x2C, 0x07, 0xFF, 0x69, 0x5D, 0xD0, 0xE5, 0x74, 0xE6, 0x3A, 0xB3, 0xFF,
    0xD4, 0x02, 0x77, 0x09, 0xB7, 0x5E, 0xE1, 0x0C, 0x24, 0x87, 0xCD, 0x02, 0xA2, 0xDF, 0x5F, 0x1C,
    0xDB, 0xE9, 0xC5, 0x56, 0xAF, 0xE3, 0x40, 0x39, 0x54, 0xA0, 0x87, 0xCE, 0x02, 0x59, 0x35, 0xF6,
    0xEF, 0x4F, 0x31, 0xC1, 0x32, 0xF7, 0x81, 0x80, 0x87, 0xEF, 0x00, 0x70, 0x26, 0x80, 0x82, 0x27,
    0x02, 0x2E, 0x41, 0x65, 0x3C, 0x22, 0x57, 0x5C, 0x18, 0xF0, 0x05, 0x61, 0xBC, 0xE9, 0x41, 0xD0,
    0x60, 0x82, 0x47, 0x02, 0x2C, 0x21, 0xCC, 0x28, 0x78, 0x1A, 0x69, 0x0D, 0xA9, 0xEA, 0x92, 0x6B,
    0xE0, 0xF2, 0x80, 0x00, 0x03, 0xBE, 0x7B, 0x8B, 0xE8, 0x2E, 0xC8, 0xC7, 0x2E, 0x1A, 0x26, 0x4A,
    0x79, 0x81, 0xB9, 0x14, 0xC7, 0x52, 0x76, 0x01, 0x78, 0x37, 0x60, 0x8D, 0xC1, 0x41, 0xDE, 0xA2,
    0x35, 0x47, 0x87, 0x4E, 0x02, 0x5D, 0xE5, 0x8A, 0xB5, 0xC7, 0x55, 0x05, 0xA3, 0x93, 0x76, 0xB7,
    0x38, 0x94, 0x26, 0x88, 0x3C, 0xC4, 0x9C, 0x51, 0x74, 0x00, 0x18, 0xBB, 0xED, 0x63, 0x0A, 0xAB,
    0x80, 0xEA, 0x06, 0xC6, 0xE7, 0xA1, 0x81, 0x29, 0x80, 0x0F, 0xBD, 0xB3, 0x19, 0x86, 0x07, 0xE5,
    0x90, 0x00, 0x15, 0x09, 0x84, 0x86, 0x2B, 0xEF, 0xED, 0x97, 0xA7, 0x7D, 0xF3, 0x48, 0x1C, 0xF1,
    0x02, 0xB3, 0xA7, 0x9C, 0x40, 0x87, 0x2A, 0x00, 0x8F, 0x65, 0xAF, 0x3C, 0x5C, 0x94, 0x09, 0x6B,
    0x58, 0x99, 0xFD, 0x87, 0x4E, 0x02, 0x79, 0x00, 0x04, 0x49, 0x4E, 0x47, 0x98, 0x7B, 0x3F, 0x73,
    0x7E, 0x16, 0xCE, 0xC2, 0x5F, 0x87, 0xB3, 0x02, 0x91, 0x29, 0x79, 0xB1, 0x2B, 0x33, 0x5B, 0x9B,
    0xB8, 0x60, 0x00, 0x04, 0x68, 0x24, 0xE5, 0x55, 0x5B, 0xFF, 0x02, 0x77, 0x7A, 0x72, 0xF5, 0xE7,
    0xFC, 0x39, 0xAC, 0x59, 0xA5, 0x2A, 0xE0, 0x87, 0xC9, 0x02, 0x73, 0x86, 0x9E, 0xDA, 0xEF, 0x5A,
    0x3D, 0x60, 0xED, 0x94, 0x0E, 0x8B, 0x94, 0x6C, 0xEC, 0x03, 0x34, 0x00, 0x09, 0x50, 0x71, 0xB1,
    0x9F, 0x73, 0xEA, 0xEE, 0xD7, 0xDB, 0x50, 0xB8, 0x42, 0x74, 0xAC, 0x23, 0x41, 0x44, 0x00, 0x03,
    0x30, 0x69, 0xDB, 0x5A, 0xC7, 0xAB, 0x7C, 0x00, 0xA2, 0x2E, 0x64, 0xDA, 0x00, 0x75, 0xE0, 0xC4,
    0x46, 0xA4, 0xC5, 0x91, 0x78, 0xB9, 0x99, 0xEA, 0x45, 0x49, 0x02, 0x95, 0xEA, 0x7E, 0x6F, 0x69,
    0x34, 0xDB, 0x47, 0xC6, 0xDD, 0x4D, 0xBB, 0x98, 0x00, 0x03, 0xCB, 0x70, 0xB9, 0x1B, 0xD5, 0xFE,
    0x2E, 0x28, 0xC7, 0x40, 0xF5, 0x1C, 0x28, 0xCD, 0x08, 0x35, 0x4E, 0xE8, 0x2C, 0x9E, 0x66, 0xD3,
    0x76, 0x1E, 0xCA, 0xBA, 0xCE, 0xF6, 0x8C, 0xD2, 0x87, 0xEF, 0x00, 0x70, 0x26, 0x80, 0x82, 0xC5,
    0x00, 0x1C, 0xA4, 0x4A, 0xAF, 0x08, 0x79, 0xEC, 0x10, 0xD9, 0x36, 0x3B, 0x25, 0x40, 0x87, 0xC4,
    0x00, 0x8D, 0xDD, 0xFA, 0x12, 0x86, 0x0C, 0x9F, 0xAD, 0x65, 0xC0, 0x88, 0x82, 0x00, 0xE4, 0x6B,
    0x11, 0x6C, 0x5F, 0x5D, 0x05, 0x10, 0xFA, 0x60, 0x9E, 0x87, 0xA5, 0x00, 0xA2, 0x49, 0xCF, 0x20,
    0xE8, 0x14, 0x87, 0x87, 0x00, 0x66, 0xE6, 0x25, 0x2F, 0x40, 0x99, 0x72, 0x87, 0xA7, 0x00, 0x4A,
    0x02, 0x90, 0x27, 0x9A, 0xD3, 0x31, 0xF8, 0xAC, 0x87, 0xD5, 0x00, 0x6A, 0x0C, 0x0C, 0xCD, 0xA7,
    0x78, 0xD2, 0xCC, 0x82, 0x47, 0x00, 0x1A, 0x26, 0xD7, 0xF8, 0x16, 0x41, 0x5E, 0xA2, 0xB0, 0xAD,
    0x68, 0xBC, 0x00, 0x71, 0x69, 0x35, 0xEF, 0x13, 0x37, 0x87, 0x80, 0x4C, 0xE2, 0x61, 0x5D, 0xB1,
    0x6D, 0xB6, 0x71, 0xA8, 0x6C, 0x61, 0x69, 0x28, 0x90, 0xD5, 0x84, 0x87, 0x5E, 0x01, 0x57, 0xAE,
    0xBD, 0xDF, 0x50, 0x83, 0xE9, 0x02, 0x7A, 0xB4, 0x29, 0xE5, 0x1A, 0x43, 0x7D, 0x4F, 0x67, 0x51,
    0xE0, 0x82, 0x5E, 0x01, 0x5E, 0x41, 0xAB, 0x1D, 0x42, 0x85, 0x1D, 0x57, 0x6B, 0x80, 0x87, 0xD2,
    0x02, 0xFA, 0xDC, 0xA8, 0x86, 0x87, 0x64, 0xAD, 0x39, 0x7A, 0xAA, 0xD3, 0x15, 0x2F, 0xA0, 0x87,
    0xD3, 0x02, 0xF5, 0xBC, 0x3B, 0x69, 0x71, 0x5A, 0x2C, 0xA1, 0x44, 0xAD, 0x36, 0x60, 0x83, 0x28,
    0x02, 0x65, 0x1A, 0x57, 0x3E, 0x65, 0xE5, 0xC7, 0x5E, 0x6D, 0xD4, 0xAE, 0x82, 0x48, 0x02, 0x5E,
    0x41, 0xAB, 0x1D, 0x4A, 0xB7, 0xFE, 0xDA, 0xA9, 0x65, 0x8D, 0x6F, 0x01, 0x6A, 0x7D, 0x22, 0x0E,
    0xEC, 0x78, 0x8D, 0x70, 0x01, 0x5E, 0x3F, 0x6B, 0xA7, 0x11, 0x7D, 0xA0, 0x8A, 0x1E, 0x02, 0x18,
    0x73, 0x28, 0xBD, 0x03, 0x90, 0x38, 0x71, 0xB0, 0x84, 0x49, 0x02, 0x0A, 0x78, 0x09, 0x2E, 0x95,
    0x99, 0xA2, 0x88, 0x1E, 0x02, 0xE4, 0xB6, 0xDE, 0xC7, 0xD6, 0x87, 0xC7, 0x12, 0x86, 0x91, 0xD0,
    0x8C, 0x82, 0x49, 0x02, 0x5E, 0x41, 0xAB, 0x11, 0x49, 0x03, 0x81, 0xC5, 0xE0, 0x87, 0x97, 0x00,
    0x9F, 0xA1, 0x49, 0xB4, 0x99, 0x76, 0xED, 0xAE, 0x87, 0xB7, 0x00, 0xA7, 0x72, 0xA1, 0x6B, 0xCC,
    0x42, 0x35, 0x40, 0x87, 0x83, 0x02, 0x85, 0x4E, 0xF6, 0x2D, 0xEF, 0xCC, 0xF0, 0x87, 0x84, 0x02,
    0x40, 0xB6, 0x66, 0x11, 0x41, 0xDC, 0x83, 0x83, 0x02, 0x7F, 0xDF, 0x39, 0x7D, 0x4D, 0x75, 0x9D,
    0x04, 0x63, 0x6F, 0x6B, 0x40, 0x82, 0x84, 0x02, 0x64, 0x86, 0xF4, 0x75, 0x70, 0xCB, 0x22, 0xFD,
    0xAE, 0x75, 0x83, 0x3E, 0x02, 0x69, 0xE4, 0xB9, 0x5D, 0x23, 0x85, 0x64, 0x07, 0x1D, 0xB7, 0x30,
    0x82, 0x5E, 0x02, 0x59, 0x52, 0x2E, 0xD9, 0x13, 0xB2, 0xFF, 0xB2, 0x08, 0x84, 0x34, 0x02, 0x15,
    0x6E, 0x10, 0x16, 0x1E, 0x7D, 0x64, 0x7E, 0x6F, 0xAD, 0x40, 0x84, 0x5B, 0x00, 0x0A, 0xB3, 0xEF,
    0xE0, 0x36, 0x03, 0x71, 0x57, 0xF9, 0xE9, 0xD0, 0x3B, 0xAE, 0x87, 0x1F, 0x02, 0xEE, 0x65, 0x20,
    0xD6, 0x64, 0x4E, 0x77, 0x06, 0x18, 0x76, 0xA9, 0x04, 0x82, 0x5B, 0x00, 0x65, 0x1A, 0x57, 0x43,
    0x4D, 0x6F, 0xAE, 0x2E, 0xCB, 0x15, 0xE1, 0x2A, 0x1C, 0x8F, 0xC0, 0x81, 0x34, 0x02, 0x8D, 0xA0,
    0x3F, 0xE4, 0x1C, 0x62, 0xC0, 0xFE, 0xBB, 0xC8, 0x12, 0xD0, 0x44, 0xA6, 0xD8, 0x81, 0x5B, 0x00,
    0x71, 0xAB, 0x26, 0x82, 0x26, 0x8B, 0x30, 0xCA, 0xA6, 0x30, 0xC3, 0x6F, 0x1C, 0x82, 0x38, 0x02,
    0x6C, 0x48, 0xAC, 0xF2, 0x41, 0x6C, 0x20, 0xD7, 0x39, 0xC0, 0x82, 0x58, 0x02, 0x5E, 0x40, 0x37,
    0xC4, 0x5B, 0xDD, 0xA3, 0x7A, 0x20, 0x8D, 0x14, 0x02, 0x2D, 0x7E, 0x9B, 0x2A, 0x73, 0xC0, 0xA3,
    0xF0, 0x87, 0x44, 0x02, 0x34, 0x0A, 0x2E, 0x0D, 0x18, 0x2B, 0x80, 0x82, 0x3C, 0x02, 0x7F, 0xDF,
    0x39, 0xC0, 0x6E, 0x4B, 0x68, 0x43, 0x1E, 0xC9, 0xA0, 0x82, 0x5C, 0x02, 0x7A, 0x30, 0x0A, 0x69,
    0xF4, 0x95, 0x2B, 0x7C, 0x88, 0x87, 0xA3, 0x02, 0x68, 0x26, 0x79, 0xFC, 0x76, 0x03, 0xB3, 0x73,
    0x9C, 0x5A, 0x87, 0xA4, 0x02, 0x52, 0x70, 0x41, 0x80, 0x91, 0xB9, 0x0D, 0x2A, 0x41, 0xFE, 0x87,
    0xC3, 0x02, 0x79, 0xC6, 0x03, 0xF8, 0x62, 0xFF, 0xFA, 0x14, 0x3A, 0x14, 0xDF, 0x98, 0x92, 0x80,
    0x87, 0xC4, 0x02, 0x78, 0x09, 0x35, 0x34, 0x98, 0x39, 0x9F, 0x44, 0x3F, 0x56, 0x20, 0x87, 0x3A,
    0x00, 0x79, 0xC3, 0x6A, 0xC9, 0x87, 0x2B, 0xA2, 0xFC, 0x3F, 0x2E, 0x49, 0xCB, 0x8C, 0x87, 0x5A,
    0x00, 0x72, 0x19, 0x5B, 0x62, 0xAC, 0x19, 0xBA, 0x8F, 0xF4, 0x5A, 0x87, 0x23, 0x00, 0x79, 0x29,
    0x9D, 0xC9, 0x48, 0x4E, 0x7F, 0x59, 0x49, 0x3F, 0x70, 0x87, 0x43, 0x00, 0x4A, 0x38, 0x6B, 0x03,
    0xC4, 0xE5, 0xE0, 0x86, 0x82, 0x00, 0x31, 0xF3, 0x19, 0xEA, 0x5A, 0x41, 0xC2, 0x82, 0x37, 0x2B,
    0x36, 0x8B, 0x80, 0x86, 0xA2, 0x00, 0x22, 0xBA, 0x01, 0x09, 0x18, 0x79, 0x9F, 0x2E, 0xA8, 0x62,
    0x80, 0x86, 0x83, 0x00, 0x64, 0xA5, 0x20, 0xFA, 0xF9, 0x14, 0x42, 0x3F, 0x23, 0x8F, 0x3D, 0xF8,
    0x04, 0x66, 0x80, 0x00, 0x56, 0xB1, 0x3E, 0x24, 0x5E, 0xC5, 0x02, 0xA7, 0xA2, 0x8C, 0xDB, 0xEE,
    0xE9, 0xD2, 0x84, 0x66, 0xA2, 0x60, 0xCF, 0x49, 0x4E, 0xA8, 0x48, 0x9B, 0xDB, 0xE2, 0x28, 0x1B,
    0x4C, 0xB4, 0x2C, 0x86, 0x83, 0x00, 0x09, 0x30, 0xC3, 0x1B, 0x31, 0xC9, 0x61, 0xA9, 0x8E, 0x06,
    0x2A, 0x91, 0xD5, 0x1D, 0x5C, 0x40, 0x00, 0x09, 0xE3, 0x68, 0xEB, 0x66, 0xAD, 0xFE, 0xAD, 0x35,
    0xCF, 0xCA, 0xFC, 0x84, 0xFF, 0x3D, 0x80, 0xC7, 0x65, 0x63, 0x09, 0x66, 0x8C, 0x6A, 0xB2, 0x03,
    0x6F, 0xB3, 0xDC, 0xDB, 0x6C, 0xB9, 0x8B, 0x80, 0x85, 0x83, 0x00, 0x57, 0x2E, 0xD7, 0x26, 0xE7,
    0xF4, 0x23, 0xA7, 0x25, 0x44, 0x99, 0x2E, 0x40, 0x53, 0xFF, 0x37, 0x24, 0x80, 0x00, 0x4A, 0x22,
    0xFC, 0xCF, 0x7C, 0x47, 0xB3, 0x68, 0xAE, 0xCF, 0x70, 0xA2, 0xC0, 0x53, 0xBC, 0xA1, 0x6B, 0x9D,
    0xED, 0x59, 0x97, 0x9A, 0x36, 0x2D, 0x12, 0xCF, 0x1B, 0x9A, 0x8D, 0xF9, 0xEC, 0xBE, 0x86, 0x13,
    0x98, 0x87, 0x9E, 0x80, 0x84, 0x83, 0x00, 0x80, 0x62, 0xDF, 0x04, 0x09, 0x5C, 0x25, 0x0C, 0x8B,
    0x3B, 0x43, 0x25, 0x1D, 0x19, 0x6A, 0xB8, 0x78, 0x03, 0xB9, 0xE4, 0x2D, 0x83, 0x84, 0x01, 0x60,
    0xCF, 0xFE, 0x8F, 0x7F, 0x7B, 0xF0, 0x73, 0x99, 0x13, 0x00, 0x0D, 0x9D, 0xB3, 0x87, 0x0E, 0xC9,
    0x0D, 0xF0, 0x87, 0x83, 0x00, 0x9F, 0xD7, 0xFA, 0xCD, 0x2C, 0x72, 0x6E, 0xB4, 0x64, 0xD9, 0x16,
    0x70, 0x31, 0x40, 0x81, 0x12, 0x03, 0x69, 0x01, 0x1D, 0xB2, 0x0B, 0x61, 0x9C, 0x49, 0xE4, 0x8A,
    0xD2, 0x1D, 0xF1, 0xD0, 0x85, 0x82, 0x00, 0x93, 0xEF, 0xC5, 0x5C, 0x68, 0xEF, 0xCD, 0x9A, 0x9D,
    0xEE, 0x68, 0x1D, 0x9B, 0x70, 0xCB, 0xB8, 0x40, 0x84, 0xC4, 0x00, 0x79, 0x96, 0x15, 0x95, 0x16,
    0x63, 0x06, 0x9E, 0x0B, 0x2A, 0xE4, 0x85, 0x82, 0x00, 0x82, 0x7A, 0x40, 0xD6, 0x64, 0xB7, 0x7A,
    0x28, 0xDC, 0x7F, 0xF8, 0x85, 0x59, 0x81, 0x8D, 0x99, 0x28, 0x84, 0xC4, 0x00, 0x63, 0x6C, 0xB2,
    0x91, 0xE9, 0xFA, 0xB4, 0x45, 0x9F, 0xBF, 0x83, 0x80, 0x84, 0x82, 0x00, 0x87, 0x9A, 0x90, 0x46,
    0x33, 0x8E, 0x5A, 0x46, 0x32, 0x24, 0xC3, 0xCC, 0xB9, 0x34, 0x68, 0x2E, 0x4F, 0xF1, 0x95, 0x75,
    0x80, 0x84, 0xC4, 0x00, 0x21, 0x38, 0x3A, 0x70, 0xE9, 0x13, 0xCA, 0xF4, 0x50, 0x83, 0x2F, 0xB6,
    0x9D, 0x84, 0x81, 0x00, 0x80, 0x62, 0xDF, 0x05, 0x1E, 0xAD, 0xE3, 0x99, 0xE3, 0x6B, 0xAC, 0xF0,
    0x4E, 0x7C, 0x99, 0x3F, 0x47, 0x17, 0xB2, 0x65, 0x93, 0xD8, 0x81, 0x83, 0xC4, 0x00, 0x60, 0xCF,
    0xFD, 0xFE, 0xE0, 0xF5, 0x9B, 0x4B, 0x45, 0xFB, 0x57, 0xE7, 0x9E, 0xFF, 0x64, 0x20, 0x82, 0x11,
    0x03, 0x1C, 0xC1, 0x0C, 0x2C, 0x0C, 0xC9, 0x2C, 0x98, 0x23, 0xC3, 0x46, 0xB5, 0x48, 0x3C, 0xC0,
    0x87, 0xC4, 0x00, 0x95, 0x16, 0xB0, 0xC0, 0x1B, 0x26, 0x4D, 0xCA, 0xA7, 0x08, 0x79, 0x70, 0x87,
    0x27, 0x00, 0x5F, 0xE7, 0x71, 0x6A, 0x39, 0x90, 0x2A, 0x80, 0x87, 0x47, 0x00, 0x49, 0x28, 0x2F,
    0x72, 0x97, 0x1D, 0x16, 0x5B, 0xF7, 0xC0, 0x86, 0x8A, 0x00, 0x21, 0xD6, 0xAE, 0xB6, 0xF0, 0x69,
    0x21, 0xA3, 0xAC, 0x80, 0x80, 0x47, 0x00, 0x2C, 0xF6, 0x24, 0x5D, 0xFB, 0x05, 0xA4, 0xCF, 0xA1,
    0x4B, 0xCD, 0x68, 0xCC, 0x82, 0x27, 0x00, 0x1A, 0x2B, 0x67, 0xCA, 0xD9, 0x78, 0xBA, 0x89, 0xD5,
    0xE7, 0xC8, 0x80, 0x88, 0xA9, 0x00, 0x82, 0xDF, 0x40, 0x0F, 0x8E, 0x79, 0x1B, 0x66, 0x43, 0x69,
    0x43, 0xFF, 0x8B, 0xC0, 0x00, 0x51, 0xBA, 0xB6, 0xAB, 0xE8, 0x9F, 0xDC, 0xC4, 0xAF, 0x5B, 0xF5,
    0x27, 0x1B, 0x97, 0x5A, 0xCE, 0x1B, 0x54, 0xD4, 0xD3, 0x17, 0xA4, 0x3D, 0x8F, 0x43, 0x64, 0xF0,
    0x80, 0x86, 0xB5, 0x00, 0x56, 0x95, 0xC2, 0x38, 0xC6, 0x1C, 0xEF, 0xAB, 0x42, 0x2B, 0xDE, 0x70,
    0xFD, 0x35, 0xC8, 0x7F, 0x14, 0x32, 0xAB, 0x0B, 0xFC, 0x0A, 0xF6, 0xC5, 0x7D, 0x47, 0xF3, 0x01,
    0xC0, 0x80, 0x02, 0x01, 0x09, 0x7E, 0x67, 0xAC, 0x75, 0xB2, 0x80, 0x9B, 0x3D, 0xF1, 0x59, 0x83,
    0x23, 0x05, 0xA9, 0xE9, 0x90, 0x24, 0xFD, 0x76, 0xA3, 0x10, 0xB4, 0x27, 0x00, 0x09, 0x81, 0x0B,
    0x99, 0x3C, 0xCB, 0x7D, 0x6D, 0xC3, 0xFF, 0x31, 0x89, 0xCF, 0xEE, 0xA4, 0x54, 0x40, 0xCD, 0x85,
    0xBC, 0xD2, 0x98, 0x23, 0x46, 0x89, 0x2D, 0x3C, 0x15, 0x1D, 0xF6, 0x09, 0x86, 0x2F, 0x03, 0x48,
    0xF0, 0xA0, 0x07, 0xDD, 0xC2, 0x09, 0xE0, 0xF0, 0x24, 0xFB, 0xB0, 0x85, 0xB5, 0x00, 0x42, 0x53,
    0xBE, 0x56, 0xC4, 0x23, 0x7C, 0xF5, 0xAF, 0x6C, 0xCD, 0x3B, 0x1B, 0x9F, 0xBE, 0x87, 0x96, 0x8E,
    0xDA, 0x22, 0x6A, 0x37, 0x7D, 0x9B, 0xCB, 0xF2, 0x1B, 0x9D, 0xF8, 0x83, 0x62, 0x80, 0x83, 0x8C,
    0x00, 0x5B, 0x83, 0x21, 0x53, 0x00, 0x24, 0xA8, 0x99, 0x63, 0xAF, 0x55, 0x1C, 0xE4, 0x8A, 0x1F,
    0xE3, 0x1C, 0x47, 0x84, 0xAB, 0x00, 0x63, 0x0B, 0x52, 0x3C, 0x68, 0x07, 0xA1, 0xF6, 0x04, 0xA2,
    0x79, 0x89, 0xBA, 0xFF, 0xA4, 0xB3, 0x63, 0xB7, 0x37, 0x7C, 0x08, 0x81, 0x29, 0x03, 0x6A, 0x20,
    0x4D, 0x49, 0xD2, 0x90, 0x1A, 0x1C, 0x1E, 0x62, 0x9E, 0x87, 0xAB, 0x00, 0x97, 0x03, 0xFD, 0x21,
    0x8D, 0x67, 0x65, 0xDE, 0x19, 0x1C, 0x05, 0xB7, 0x80, 0x80, 0xEF, 0x00, 0x07, 0x72, 0x2F, 0xB4,
    0xF1, 0x63, 0x70, 0xF3, 0x75, 0x80, 0x86, 0xAE, 0x00, 0x07, 0xE3, 0x44, 0xA2, 0x37, 0xAB, 0x50,
    0x87, 0x2B, 0x00, 0x70, 0x11, 0x20, 0xAD, 0xE0, 0xB8, 0x87, 0x4B, 0x00, 0x6E, 0xCC, 0x08, 0x81,
    0x99, 0x20, 0x87, 0x31, 0x00, 0x85, 0x4D, 0x1D, 0x68, 0x11, 0xEE, 0xB7, 0x03, 0x07, 0x58, 0x87,
    0x51, 0x00, 0x41, 0xE3, 0x34, 0x52, 0x0A, 0xDD, 0xF8, 0x3E, 0x0B, 0xF0, 0x86, 0x94, 0x00, 0x35,
    0xCC, 0x02, 0xAF, 0xCC, 0x45, 0x39, 0xAD, 0x5C, 0x0A, 0xF5, 0xF0, 0x80, 0x51, 0x00, 0x27, 0x16,
    0xE1, 0x70, 0x4E, 0x08, 0x52, 0x0A, 0x48, 0x81, 0x33, 0x16, 0x66, 0x7E, 0x60, 0x86, 0x95, 0x00,
    0x67, 0x7F, 0x9A, 0x75, 0xEE, 0x73, 0x83, 0x0A, 0xC0, 0xFF, 0xF5, 0xC1, 0x4B, 0xE0, 0x00, 0x5C,
    0x3D, 0x1D, 0x2A, 0xD8, 0x09, 0xAC, 0x82, 0x3C, 0xDC, 0xB5, 0xED, 0x45, 0x5C, 0xC8, 0x0B, 0x50,
    0xFD, 0xA1, 0xB3, 0x3E, 0xC3, 0x0B, 0x70, 0xB1, 0xDA, 0xA9, 0xC9, 0x82, 0x22, 0x86, 0x95, 0x00,
    0x0E, 0x6C, 0x94, 0x50, 0x40, 0x8C, 0x36, 0x58, 0x8C, 0xEB, 0x8B, 0x03, 0x5E, 0xC4, 0x97, 0xC8,
    0x86, 0xB5, 0x00, 0x04, 0x84, 0x24, 0x81, 0xF5, 0x56, 0x88, 0xF5, 0x18, 0x76, 0x58, 0x68, 0xB1,
    0xBB, 0x40, 0x85, 0x95, 0x00, 0x5A, 0x7C, 0xD5, 0x72, 0xE8, 0x1F, 0xD2, 0x1E, 0x71, 0x26, 0xAB,
    0xCA, 0xC5, 0x1C, 0x89, 0xD8, 0x85, 0xB5, 0x00, 0x4D, 0x1C, 0x0D, 0xB7, 0x75, 0xD0, 0xA3, 0xDF,
    0x72, 0x27, 0xFF, 0x77, 0xCE, 0x3D, 0x3F, 0xAF, 0x84, 0x95, 0x00, 0x7E, 0x33, 0x32, 0x53, 0x2B,
    0x47, 0xF2, 0x27, 0x02, 0x87, 0xCA, 0x90, 0x74, 0x0C, 0x8A, 0xF2, 0x67, 0x15, 0x33, 0x2F, 0x9C,
    0x84, 0xB5, 0x00, 0x64, 0x15, 0x32, 0xF1, 0x92, 0x1C, 0x84, 0xD4, 0xAF, 0x0A, 0xD4, 0x75, 0xFE,
    0x3D, 0x8A, 0x32, 0x2A, 0x86, 0x60, 0x87, 0x95, 0x00, 0xAD, 0x7E, 0x38, 0x90, 0xDE, 0xDD, 0x10,
    0xD1, 0xE4, 0xCB, 0xA5, 0xBC, 0xC8, 0x87, 0xB5, 0x00, 0x92, 0x90, 0xE3, 0xCD, 0x94, 0x74, 0xBB,
    0x26, 0x4E, 0x70, 0x0B, 0x74, 0x5F, 0x82, 0x41, 0x01, 0xA3, 0x95, 0xF5, 0x2A, 0xA7, 0x8F, 0x47,
    0x56, 0x5C, 0x20, 0x41, 0x83, 0x42, 0x01, 0x8E, 0x47, 0xC3, 0x70, 0xD1, 0x39, 0xCD, 0x90, 0x94,
    0x65, 0x70, 0x82, 0x41, 0x01, 0x94, 0x84, 0x9A, 0x2C, 0xBE, 0x4B, 0x66, 0x76, 0x76, 0xDF, 0x5A,
    0x83, 0x42, 0x01, 0x75, 0x90, 0x22, 0xFD, 0x8E, 0x82, 0x5E, 0x14, 0x7A, 0x03, 0x60, 0x86, 0x4B,
    0x03, 0x36, 0x0C, 0xEF, 0x02, 0xC1, 0x68, 0xA3, 0xF2, 0xCA, 0x94, 0x66, 0x67, 0x1C, 0xCB, 0xB0,
    0x82, 0x42, 0x01, 0x26, 0x64, 0xCC, 0xE8, 0xBD, 0x09, 0x22, 0x02, 0x92, 0x4C, 0x5C, 0x72, 0x1A,
    0x83, 0x41, 0x01, 0x2C, 0x3A, 0x19, 0x12, 0x59, 0x21, 0x6C, 0x6C, 0x68, 0xE7, 0x94, 0xB2, 0x9F,
    0x62, 0xBA, 0xE0, 0x88, 0x4E, 0x03, 0xAF, 0x78, 0x46, 0x01, 0x12, 0xA1, 0x9F, 0x32, 0x5C, 0xFA,
    0xC4, 0x8F, 0x51, 0x67, 0xA0, 0x87, 0x41, 0x01, 0x84, 0x23, 0xB9, 0x18, 0x88, 0xD3, 0x96, 0x28,
    0x64, 0x43, 0x31, 0x61, 0x87, 0x42, 0x01, 0x90, 0x0C, 0x6A, 0x3C, 0xC3, 0xEC, 0x01, 0x75, 0x62,
    0x83, 0x98, 0xB6, 0x87, 0x37, 0x00, 0x8E, 0x94, 0x5B, 0x97, 0x78, 0x48, 0xB2, 0x40, 0x87, 0x57,
    0x00, 0x97, 0xD6, 0x12, 0xAC, 0x79, 0xD4, 0xBB, 0x5F, 0x86, 0x9A, 0x00, 0x25, 0x01, 0x53, 0xDD,
    0x9F, 0xC5, 0x6B, 0xC7, 0xBC, 0x10, 0x80, 0x57, 0x00, 0x27, 0x16, 0xE1, 0x70, 0x50, 0x5C, 0x7D,
    0xA9, 0x73, 0xBF, 0x93, 0xC0, 0x82, 0x43, 0x01, 0x97, 0x7C, 0x43, 0x20, 0xC0, 0x29, 0x43, 0x7F,
    0xCC, 0x15, 0xC0, 0x83, 0x44, 0x01, 0x8C, 0xF4, 0x6B, 0xD0, 0x36, 0xB3, 0xF4, 0xE3, 0x0C, 0x20,
    0x82, 0x43, 0x01, 0x88, 0x4F, 0xD6, 0x88, 0xB2, 0x81, 0x98, 0xAA, 0x45, 0x30, 0x80, 0x83, 0x44,
    0x01, 0x78, 0x46, 0x68, 0x32, 0x75, 0x5B, 0xD3, 0x81, 0x2D, 0xD4, 0x80, 0x86, 0x59, 0x03, 0x1E,
    0x1A, 0x04, 0x27, 0x3A, 0xB4, 0x96, 0xAE, 0xEB, 0xB2, 0x15, 0x2A, 0x82, 0x44, 0x01, 0x20, 0x14,
    0x2B, 0xCE, 0xE5, 0xE7, 0xE5, 0x42, 0x3C, 0xDB, 0xE8, 0x78, 0xA0, 0x88, 0x5B, 0x03, 0xB0, 0xBB,
    0x0E, 0xD2, 0xAF, 0x55, 0xA1, 0xD2, 0xEE, 0x18, 0x3E, 0xF8, 0x77, 0x2D, 0x84, 0x84, 0x44, 0x01,
    0x17, 0xDE, 0xDF, 0x06, 0x58, 0x85, 0x90, 0x55, 0x4D, 0xC5, 0x8E, 0x39, 0xF9, 0x90, 0xA0, 0x87,
    0x43, 0x01, 0x89, 0x14, 0xF7, 0xEA, 0x9B, 0xCE, 0x04, 0x0E, 0xB8, 0x1E, 0x87, 0x44, 0x01, 0x8F,
    0xF4, 0x75, 0x08, 0x23, 0xF5, 0xD2, 0x27, 0x4E, 0xC5, 0xC0, 0x81, 0x3B, 0x00, 0x7A, 0x03, 0xB6,
    0xE3, 0x1B, 0x1E, 0x57, 0x71, 0x6E, 0x40, 0x81, 0x5B, 0x00, 0x65, 0x09, 0x67, 0x41, 0x6F, 0x8D,
    0x5D, 0x94, 0x7B, 0x48, 0x87, 0x3B, 0x00, 0x90, 0x30, 0x51, 0x17, 0x28, 0xF9, 0x53, 0x6E, 0x80,
    0x87, 0x5B, 0x00, 0x6D, 0x4C, 0x27, 0x17, 0xCD, 0xE2, 0x7E, 0x9F, 0x4F, 0xFC, 0x10, 0x86, 0x9E,
    0x00, 0x25, 0x23, 0xA0, 0x06, 0x86, 0x92, 0x69, 0x68, 0xFD, 0x38, 0x60, 0x8C, 0x80, 0x5B, 0x00,
    0x26, 0x40, 0xAF, 0x30, 0xC4, 0xD9, 0xF0, 0xBE, 0x50, 0xE4, 0x2B, 0xBB, 0x88, 0x63, 0x03, 0x85,
    0x59, 0xCF, 0x2C, 0xBF, 0xBF, 0xB3, 0x20, 0x25, 0x39, 0xAF, 0x4E, 0xE2, 0x7C, 0xB8, 0x82, 0x5B,
    0x00, 0x1E, 0xAB, 0x70, 0xC4, 0x10, 0x3C, 0x55, 0xF8, 0x84, 0x19, 0xE2, 0xDA, 0xF6, 0x31, 0xEE,
    0x00, 0x53, 0xC9, 0x7D, 0xF8, 0xA1, 0x88, 0xF1, 0x84, 0x29, 0x41, 0x38, 0x52, 0xBB, 0x8C, 0x00,
    0x49, 0xB4, 0x1C, 0xD7, 0x2F, 0x7A, 0xEF, 0x43, 0xF1, 0xD5, 0x8F, 0x05, 0xA0, 0x87, 0x0F, 0x00,
    0x68, 0x87, 0x0F, 0x00, 0x68, 0x87, 0x19, 0x00, 0x01, 0x00, 0x00, 0x06, 0x34, 0x3A, 0x40, 0x00,
    0x00, 0x00, 0x01, 0xBB, 0x47, 0xB8, 0x88, 0x87, 0x7F, 0x03, 0x10, 0x00, 0x03, 0xD5, 0x3B, 0x68,
    0x16, 0x3A, 0x11, 0x2D, 0xE8, 0x45, 0x53, 0x65, 0xD2, 0x81, 0x5D, 0x49, 0x00, 0x05, 0x31, 0x2E,
    0x7E, 0x94, 0xC9, 0x25, 0x06, 0x5F, 0x00, 0x13, 0x9B, 0x3D, 0xF9, 0xD0, 0x00, 0x08, 0x16, 0x49,
    0xDD, 0x08, 0x00, 0x10, 0x55, 0x43, 0x54, 0x80, 0x00, 0x03, 0x69, 0xFF, 0xA1, 0xF5, 0x84, 0x00,
    0x0D, 0x9A, 0x4E, 0x34, 0xE8, 0xCF, 0xE1, 0x1E, 0x99, 0x53, 0xA0, 0x00, 0x07, 0xD0, 0x88, 0x6C,
    0x38, 0xE6, 0xBF, 0x79, 0xA3, 0xD0, 0x00, 0x0C, 0xA7, 0x72, 0x3C, 0x17, 0xF4, 0x77, 0x70, 0xAF,
    0xF0, 0x00, 0x03, 0x43, 0x1B, 0x6C, 0xBE, 0x19, 0xE4, 0x57, 0x14, 0x96, 0xDC, 0x00, 0x23, 0x06,
    0x17, 0x17, 0x09, 0x26, 0x0D, 0xB4, 0x82, 0xEA, 0x4D, 0xF7, 0x05, 0xD6, 0x3E, 0x80, 0x00, 0x22,
    0xF4, 0x77, 0xC5, 0x3E, 0x9F, 0xF7, 0x60, 0xCF, 0x01, 0xB8, 0x77, 0x15, 0xF5, 0x6E, 0x02, 0x81,
    0x0B, 0x1E, 0x8A, 0xCD, 0x0B, 0x1A, 0x07, 0x95, 0xC8, 0x6E, 0x0A, 0xA0, 0x00, 0x3F, 0x3E, 0xF6,
    0xA0, 0xA9, 0xA0, 0x00, 0x03, 0xF2, 0x88, 0xFA, 0x25, 0x90, 0xE9, 0x2C, 0x70, 0x00, 0x26, 0x55,
    0xD3, 0xD0, 0x00, 0x58, 0xBD, 0x9F, 0x9A, 0x50, 0xAD, 0xE5, 0x80, 0x00, 0x73, 0x43, 0x4F, 0x3A,
    0x28, 0xFB, 0xE8, 0xFE, 0x1D, 0x60, 0x4E, 0x80, 0x87, 0x10, 0x00, 0x70, 0x89, 0x79, 0x03, 0xC7,
    0xDA, 0x3F, 0xAC, 0x89, 0x7A, 0x03, 0xCF, 0xE7, 0x3C, 0x06, 0x00, 0x2F, 0xE2, 0x97, 0x08, 0x03,
    0x1F, 0x2E, 0xDF, 0x5A, 0x40, 0x87, 0x97, 0x03, 0x93, 0x7B, 0xC8, 0x32, 0x42, 0xC1, 0xB2, 0x25,
    0xA0, 0x87, 0x97, 0x03, 0x96, 0xB9, 0x7B, 0x46, 0xC6, 0x5F, 0x50, 0x00, 0xA2, 0x40, 0xA2, 0xCF,
    0x4D, 0x71, 0xDF, 0x5C, 0xDB, 0x4B, 0xD5, 0xED, 0x28, 0xD4, 0x38, 0x07, 0xA4, 0x15, 0x37, 0xA9,
    0x42, 0x6B, 0x20, 0xC0, 0xC5, 0x46, 0x44, 0xF9, 0x64, 0xE7, 0xD5, 0xC3, 0x15, 0xC1, 0x79, 0x96,
    0x14, 0xE4, 0x5A, 0xF2, 0x73, 0x7C, 0x2C, 0xF2, 0x4C, 0xF9, 0xCD, 0xA2, 0xA9, 0xC0, 0xB2, 0x6E,
    0x23, 0x1C, 0x10, 0x00, 0xB9, 0xFD, 0x50, 0x13, 0x90, 0xDB, 0x49, 0x87, 0x14, 0xB5, 0xE1, 0x60,
    0x6E, 0x70, 0x31, 0x3A, 0xB1, 0x4D, 0xB6, 0x7F, 0xDC, 0x45, 0x29, 0x2D, 0xDD, 0xD8, 0x5B, 0xD9,
    0x98, 0xAE, 0x09, 0xEB, 0x34, 0xF7, 0x8C, 0x4D, 0x9D, 0x23, 0xC5, 0x63, 0xF2, 0xFE, 0x0E, 0x85,
    0x72, 0x5A, 0x6B, 0x12, 0x5F, 0x06, 0x6C, 0x98, 0x8C, 0x60, 0xEE, 0xD1, 0x3D, 0x1E, 0x6C, 0xC2,
    0x1F, 0x05, 0xA4, 0x12, 0x6B, 0x8E, 0x12, 0xE1, 0x68, 0x00, 0x2A, 0x55, 0x89, 0xD4, 0xC0, 0x00,
    0x23, 0x73, 0x5F, 0x6B, 0xC5, 0x2E, 0x85, 0xF0, 0xAE, 0xF0, 0x30, 0x00, 0x1C, 0x6E, 0xD5, 0xDA,
    0x40, 0xD3, 0xA5, 0xA7, 0xD5, 0x98, 0xDD, 0x57, 0x9E, 0xDD, 0xE6, 0x34, 0xC0, 0x00, 0x03, 0xA7,
    0x43, 0x5B, 0x66, 0x00, 0x03, 0x3C, 0xFE, 0xF6, 0xC7, 0x5F, 0x2F, 0x7A, 0xA8, 0x67, 0x10, 0x00,
    0x03, 0x93, 0x1D, 0x61, 0x1A, 0x78, 0xDA, 0x69, 0x2A, 0x0C, 0x8D, 0x33, 0x23, 0x5B, 0x34, 0xD2,
    0x00, 0x63, 0xD0, 0xD1, 0x7A, 0xE1, 0x3A, 0x58, 0x5B, 0x05, 0x55, 0x80, 0x00, 0x2B, 0xB5, 0x6A,
    0x4D, 0x4A, 0x17, 0x28, 0x12, 0x1C, 0x00, 0x15, 0xD1, 0x27, 0xBF, 0x20, 0x64, 0x11, 0xC2, 0x6A,
    0x9B, 0x80, 0x00, 0x81, 0x86, 0x58, 0x27, 0xA3, 0x8D, 0x3F, 0xF6, 0xDD, 0x62, 0x88, 0x3A, 0xC7,
    0x0C, 0x44, 0xA3, 0xE9, 0x71, 0x72, 0xE8, 0x7D, 0x0C, 0xCB, 0x73, 0xC2, 0x5A, 0x66, 0x42, 0x6F,
    0x2B, 0x51, 0x1F, 0x99, 0xEA, 0x08, 0x35, 0x48, 0x4D, 0x42, 0x0C, 0x37, 0x4D, 0xD4, 0x80, 0x00,
    0x07, 0xD9, 0x23, 0x2B, 0x2D, 0x1F, 0x48, 0xE6, 0x92, 0x7E, 0x0E, 0xFA, 0x73, 0x10, 0x9F, 0x8A,
    0x0E, 0x50, 0x09, 0xD4, 0x87, 0x21, 0x00, 0x58, 0xDE, 0x7F, 0x84, 0x80, 0x69, 0x77, 0x9B, 0x3E,
    0xBD, 0x3E, 0x4F, 0x23, 0x12, 0x40, 0xFE, 0x59, 0xF4, 0xFB, 0x80, 0x87, 0x70, 0x00, 0x40, 0x00,
    0x6F, 0x1C, 0x93, 0x0D, 0xC6, 0x09, 0x88, 0x43, 0x69, 0x0F, 0x00, 0x22, 0x02, 0x83, 0xAE, 0x7E,
    0x4F, 0x94, 0x68, 0xCC, 0xC8, 0x1B, 0x00, 0x6E, 0x11, 0x16, 0x4C, 0x5C, 0x6D, 0x8D, 0x25, 0x59,
    0x25, 0x44, 0xA6, 0x87, 0x2C, 0x00, 0x63, 0x9B, 0xB0, 0x46, 0x31, 0xD3, 0x6A, 0x9A, 0xFD, 0x21,
    0x61, 0x46, 0xEB, 0x38, 0x32, 0x4B, 0xC3, 0x39, 0x7C, 0x58, 0xF7, 0xC9, 0xD1, 0x72, 0x30, 0xA6,
    0x1A, 0x56, 0x18, 0xDA, 0x35, 0xEF, 0xBE, 0xEA, 0xF8, 0x8A, 0x04, 0xE4, 0x75, 0x85, 0x94, 0x0F,
    0xC5, 0x3E, 0xBB, 0x5C, 0x9C, 0x3D, 0xEB, 0x58, 0x17, 0x16, 0x98, 0x93, 0x57, 0xAC, 0x21, 0x22,
    0x6A, 0x3C, 0xF2, 0x03, 0x3D, 0x6F, 0x12, 0x87, 0x0F, 0x00, 0x68, 0x00, 0x55, 0xB6, 0x34, 0xAE,
    0x6B, 0x85, 0x58, 0xDA, 0x1E, 0x7C, 0xCE, 0x49, 0x24, 0x00, 0x05, 0xA5, 0x5C, 0x54, 0x58, 0x85,
    0x74, 0xFC, 0xA8, 0xD6, 0x87, 0x3F, 0x00, 0x5A, 0x3B, 0xF2, 0xCB, 0x9B, 0xDA, 0x40, 0x00, 0x84,
    0x09, 0x98, 0x8C, 0x0A, 0x04, 0x55, 0x16, 0xCB, 0x4F, 0xD7, 0xE2, 0x71, 0x12, 0x4D, 0xC6, 0xA2,
    0x24, 0xBB, 0x9A, 0x3C, 0xF3, 0x03, 0xCE, 0x04, 0x0F, 0x27, 0x88, 0xF4, 0x4C, 0x7F, 0x14, 0xA4,
    0xCA, 0x00, 0x6E, 0xFD, 0x66, 0x5C, 0x37, 0xF4, 0x2B, 0xE5, 0xD0, 0xEB, 0xB7, 0x42, 0x71, 0x91,
    0xAF, 0x31, 0xD8, 0x94, 0x5E, 0x95, 0x61, 0x6F, 0x6D, 0x17, 0x40, 0x66, 0x28, 0xD6, 0xEE, 0x00,
    0x70, 0x3D, 0x15, 0x00, 0xA3, 0x11, 0x86, 0xE0, 0xB2, 0x8D, 0x44, 0xB0, 0x70, 0xE2, 0xD0, 0x7A,
    0x9B, 0xCE, 0x69, 0x16, 0x5F, 0x17, 0xC6, 0x6F, 0x2A, 0xE9, 0xA6, 0x00, 0x05, 0x0E, 0x9F, 0xED,
    0xD2, 0x14, 0x57, 0x85, 0xB4, 0x4A, 0x88, 0x03, 0x00, 0x00, 0x5A, 0x5C, 0xE5, 0x2A, 0x2E, 0xF0,
    0x45, 0xAD, 0x48, 0xD7, 0x8C, 0x1A, 0xBC, 0x22, 0xF7, 0xDF, 0x98, 0xCB, 0x05, 0x20, 0x00, 0x13,
    0x7D, 0x7B, 0xBD, 0x05, 0x24, 0x69, 0x68, 0xCD, 0xFD, 0xE2, 0x50, 0x32, 0xF4, 0x00, 0x00, 0xA4,
    0xAF, 0x00, 0xDA, 0x4F, 0x6C, 0xFD, 0x5A, 0x22, 0xD9, 0x72, 0x03, 0xFD, 0xB4, 0x87, 0x0C, 0x00,
    0x30, 0x6F, 0x6F, 0x35, 0x87, 0x72, 0xA0, 0x00, 0x03, 0x42, 0x90, 0xDB, 0x74, 0x7F, 0x49, 0x64,
    0x40, 0x87, 0xAB, 0x03, 0x4F, 0x28, 0x85, 0x53, 0x4C, 0x67, 0x4D, 0xCA, 0xAE, 0xFA, 0x2B, 0x93,
    0x86, 0xBB, 0x97, 0xC0, 0x87, 0x0C, 0x00, 0x30, 0x71, 0x88, 0x60, 0xCA, 0x94, 0x6B, 0x12, 0xC6,
    0x92, 0x18, 0xB5, 0x2F, 0x1B, 0x59, 0xD5, 0xA9, 0x89, 0x02, 0xC7, 0x45, 0xD8, 0x81, 0x9D, 0x90,
    0x29, 0xBC, 0x7D, 0x78, 0xC9, 0x88, 0xD9, 0x01, 0xB6, 0x99, 0x53, 0x5E, 0xA0, 0x54, 0x21, 0xA3,
    0xE4, 0x6F, 0x70, 0x7D, 0x07, 0x20, 0x00, 0x1B, 0xE1, 0x50, 0x37, 0x45, 0x78, 0xFC, 0x38, 0x80,
    0x33, 0x9E, 0xF6, 0x9A, 0xF3, 0xFA, 0x81, 0x00, 0x2F, 0x27, 0x32, 0xCF, 0xA4, 0xF8, 0xD7, 0xD4,
    0x6D, 0x8D, 0x6D, 0x36, 0x20, 0x00, 0x34, 0x1F, 0xBC, 0xD2, 0xD2, 0x9B, 0x49, 0x5F, 0x3D, 0xE9,
    0xFE, 0xE7, 0xEE, 0x9A, 0xE5, 0x4E, 0x76, 0x53, 0xB0, 0xF7, 0xCC, 0x10, 0xF8, 0x2D, 0x0B, 0x42,
    0x54, 0x20, 0x00, 0x83, 0xDC, 0xE7, 0xF9, 0x49, 0x63, 0x40, 0x71, 0x7D, 0xAC, 0xB8, 0x00, 0x16,
    0xFB, 0xAE, 0x30, 0x1C, 0xF8, 0xBD, 0x73, 0x07, 0x81, 0x6C, 0x22, 0x98, 0x23, 0x34, 0x49, 0x66,
    0xB0, 0xF4, 0xFB, 0xF1, 0xC0, 0x80, 0x00, 0x9D, 0x56, 0x1C, 0xB1, 0x9C, 0x67, 0xF3, 0xBD, 0x0E,
    0x09, 0x23, 0xB2, 0x99, 0x3E, 0x85, 0x80, 0x8F, 0xC3, 0x03, 0xF0, 0xB2, 0x21, 0x3C, 0x6A, 0x96,
    0x34, 0x01, 0x9D, 0x4E, 0x14, 0xF2, 0x8F, 0xCE, 0xCB, 0x3D, 0x80, 0x00, 0x23, 0x09, 0x8C, 0xFF,
    0x26, 0x69, 0x6C, 0x00, 0x33, 0x4A, 0x6C, 0xAE, 0x98, 0xD9, 0xB6, 0x93, 0xB7, 0xE8, 0x88, 0x85,
    0x68, 0x3A, 0xB0, 0x10, 0x00, 0x4B, 0xB4, 0xE1, 0x8A, 0x08, 0x53, 0xDC, 0x7A, 0x16, 0x21, 0x16,
    0xBC, 0x99, 0xFE, 0xFD, 0x9E, 0xCC, 0x45, 0xEC, 0x7C, 0x18, 0xC5, 0x3D, 0x8C, 0x2A, 0x48, 0x87,
    0x80, 0x00, 0x1C, 0x25, 0xA3, 0x85, 0x7C, 0x2B, 0xCB, 0xAC, 0x7A, 0x8A, 0x00, 0x28, 0x81, 0x2A,
    0x41, 0x4E, 0x96, 0xEB, 0xF9, 0xA1, 0x3B, 0xB5, 0xEF, 0x48, 0xF8, 0x87, 0x99, 0x03, 0x63, 0xC5,
    0x19, 0x00, 0x83, 0x69, 0xEC, 0xF1, 0x48, 0x62, 0x87, 0x98, 0x03, 0x7A, 0x3E, 0x17, 0x75, 0x34,
    0xA9, 0x80, 0x87, 0x98, 0x03, 0x7C, 0x3A, 0xBF, 0x9B, 0x98, 0x65, 0x87, 0x99, 0x03, 0xBC, 0x4C,
    0x89, 0x80, 0x79, 0x5F, 0x74, 0xC1, 0x89, 0x99, 0x03, 0x7C, 0x39, 0x18, 0x4D, 0x6E, 0x64, 0xAB,
    0x5E, 0xAC, 0x2E, 0x88, 0x87, 0x99, 0x03, 0x6E, 0x55, 0xEC, 0xDD, 0xAD, 0x9D, 0xA5, 0x76, 0x38,
    0x00, 0x25, 0x96, 0x63, 0x2B, 0x56, 0x7E, 0x4C, 0xDF, 0x7D, 0x45, 0x8C, 0x53, 0xBC, 0x44, 0x10,
    0x00, 0x15, 0x3E, 0x21, 0x76, 0x18, 0x00, 0x5A, 0x4C, 0x5F, 0x4C, 0x71, 0x8C, 0x3C, 0x97, 0x09,
    0xDC, 0xCF, 0x40, 0xC3, 0x00, 0x41, 0x35, 0x6D, 0xF3, 0xEA, 0xCE, 0x29, 0xBB, 0x41, 0x2E, 0xA0,
    0x7C, 0x90, 0x00, 0x2C, 0xE3, 0x98, 0x99, 0x4F, 0x91, 0x6E, 0x4A, 0x1B, 0xDC, 0x28, 0x9B, 0xF7,
    0xBE, 0x3C, 0x88, 0x27, 0x20, 0xFF, 0x80, 0x00, 0x41, 0x5A, 0xB1, 0x48, 0xF4, 0xD7, 0x3B, 0x1F,
    0xA9, 0xB0, 0x87, 0x74, 0x00, 0xAD, 0xEA, 0x52, 0x2D, 0x8A, 0x20, 0xB0, 0x23, 0xDB, 0xBA, 0x69,
    0x24, 0x82, 0x55, 0x52, 0x32, 0x0F, 0x00, 0x17, 0xF1, 0xA2, 0xE9, 0xAF, 0xBB, 0x95, 0xEA, 0xF4,
    0xFA, 0x0D, 0x76, 0x0B, 0x63, 0xD7, 0x00, 0x2C, 0xC3, 0x89, 0x2B, 0xCF, 0x2C, 0xB8, 0x0D, 0x27,
    0x58, 0x8A, 0xE2, 0x03, 0x60, 0x00, 0x05, 0x85, 0xB8, 0xB8, 0x00, 0x89, 0xC0, 0x00, 0x13, 0xAF,
    0xFB, 0x52, 0xD5, 0x1D, 0x94, 0x64, 0x00, 0x04, 0x92, 0xAA, 0xE2, 0xD9, 0x75, 0x42, 0xA7, 0x00,
    0x28, 0x87, 0xD0, 0x87, 0x56, 0x1D, 0xF0, 0x74, 0x6C, 0x87, 0xDA, 0x03, 0x6C, 0x5F, 0x02, 0xC4,
    0x87, 0x7A, 0x00, 0x70, 0x35, 0xD0, 0x87, 0x73, 0x00, 0x51, 0x4B, 0x60, 0x84, 0x87, 0x74, 0x00,
    0x50, 0x39, 0xE5, 0x29, 0xC2, 0x87, 0xDC, 0x03, 0x91, 0x7C, 0x81, 0x3D, 0x87, 0xDD, 0x03, 0x8F,
    0x47, 0x20, 0x8C, 0x87, 0xDE, 0x03, 0x58, 0x90, 0xB5, 0xDD, 0x5F, 0xF3, 0x20, 0x87, 0xDF, 0x03,
    0x77, 0x45, 0x2E, 0x87, 0xE0, 0x03, 0x6C, 0xDC, 0x71, 0x38, 0xB0, 0xA1, 0x87, 0xE1, 0x03, 0x50,
    0x3C, 0x44, 0x70, 0x87, 0xE2, 0x03, 0x7D, 0x83, 0x7A, 0x80, 0x87, 0xE3, 0x03, 0x40, 0x87, 0xE4,
    0x03, 0x71, 0x59, 0xC0, 0x87, 0xE5, 0x03, 0x6B, 0x28, 0x34, 0x87, 0xE6, 0x03, 0x66, 0x0C, 0x20,
    0x40, 0x06, 0xE4, 0x09, 0x5D, 0x00, 0x0B, 0x01, 0x5F, 0x1E, 0xAF, 0x34, 0x0B, 0x34, 0x0F, 0x3E,
    0xBB, 0x06, 0x41, 0x00, 0x12, 0xC3, 0x83, 0xFE, 0x89, 0x82, 0xA9, 0xEE, 0x4D, 0x6F, 0xD6, 0xCC,
    0xF5, 0xEE, 0x78, 0x6E, 0x69, 0xEC, 0x81, 0xA0, 0x87, 0xF8, 0x03, 0x59, 0x53, 0xAC, 0xCB, 0xFB,
    0xB7, 0x48, 0x70, 0x74, 0xF0, 0x00, 0x09, 0xAB, 0x61, 0x4E, 0xF8, 0xCA, 0x7C, 0xBC, 0xF8, 0xF2,
    0x68, 0x3C, 0xD2, 0x6C, 0x00, 0x06, 0xC0, 0x20, 0x71, 0x39, 0xA0, 0x49, 0x6B, 0x78, 0xDB, 0x5C,
    0x87, 0xBC, 0x13, 0x7B, 0x1C, 0x72, 0x00, 0x04, 0x5D, 0xE4, 0x5E, 0x40, 0x94, 0x15, 0x3B, 0xAC,
    0xCF, 0xF9, 0x09, 0x80, 0x00, 0x04, 0x5D, 0xFB, 0x2D, 0xD5, 0xE9, 0xB0, 0xB6, 0x90, 0xFB, 0xF9,
    0x8D, 0x40, 0x00, 0x00, 0x0E, 0xEB, 0x40, 0x00, 0x04, 0x4A, 0xB4, 0x58, 0xEB, 0xBE, 0xF2, 0xF7,
    0xC7, 0x44, 0x6B, 0x5F, 0xDA, 0xFF, 0x33, 0xCD, 0xE1, 0x8B, 0x40, 0x8A, 0xFC, 0x03, 0x52, 0x12,
    0x42, 0x88, 0x87, 0xFB, 0x03, 0x04, 0xF0, 0xC1, 0x52, 0x4F, 0xB8, 0xE5, 0xAC, 0x30, 0x3E, 0x74,
    0x7F, 0x80, 0x00, 0x0C, 0x61, 0x18, 0xB5, 0x0C, 0xDA, 0x10, 0xF3, 0x43, 0xB1, 0xB8, 0x5F, 0x60,
    0xA1, 0x1B, 0xCB, 0x00, 0x15, 0xD5, 0xC6, 0xBF, 0x0E, 0x06, 0xC2, 0xC3, 0x8E, 0x10, 0x00, 0x6B,
    0x30, 0xAA, 0x1D, 0x30, 0x0D, 0x29, 0x67, 0x07, 0xF8, 0xDF, 0x04, 0x44, 0xD6, 0x57, 0x7B, 0xEA,
    0xD1, 0x49, 0xAD, 0x7C, 0x80, 0x00, 0x32, 0x8B, 0x89, 0x50, 0x11, 0xB0, 0x85, 0xC4, 0x46, 0x84,
    0xBB, 0x77, 0xC8, 0x15, 0xAF, 0xE2, 0x44, 0xA3, 0xFD, 0x55, 0x6B, 0xCD, 0xFD, 0xC0, 0xCB, 0x23,
    0x9B, 0xBA, 0x77, 0xC0, 0x56, 0xDC, 0xF4, 0xA0, 0x00, 0x66, 0x4B, 0x5A, 0x42, 0x79, 0x25, 0xDA,
    0x19, 0x37, 0x9B, 0x88, 0x8E, 0x77, 0x78, 0x51, 0x82, 0xD7, 0xEF, 0x80, 0xEF, 0xF5, 0xA0, 0x00,
    0x0A, 0x06, 0xE6, 0xDF, 0xC7, 0x8F, 0x31, 0x1E, 0x7E, 0xFB, 0x86, 0x59, 0x9E, 0xEE, 0x83, 0x08,
    0xDB, 0x86, 0x87, 0x64, 0x00, 0x7D, 0x1B, 0x1D, 0x83, 0xF4, 0x83, 0x72, 0xF9, 0xB6, 0x4D, 0x99,
    0xAF, 0x97, 0xA8, 0xE4, 0x8E, 0xFE, 0x26, 0x0A, 0x2C, 0x93, 0x2A, 0x6B, 0x84, 0x4F, 0x00, 0x65,
    0x53, 0x1B, 0x9E, 0xBB, 0x56, 0x72, 0xBE, 0xC6, 0x73, 0x54, 0x16, 0x13, 0x17, 0xA9, 0x9D, 0x99,
    0x48, 0xD8, 0x00, 0x0C, 0xCD, 0xE2, 0xE3, 0xEB, 0x62, 0x59, 0xE5, 0xA5, 0x82, 0x38, 0xBB, 0x21,
    0xCF, 0x22, 0x3A, 0xD4, 0x2A, 0x97, 0x35, 0x3D, 0x81, 0xA5, 0xD1, 0xFC, 0x87, 0xEF, 0x37, 0x73,
    0x6D, 0x7A, 0x48, 0x40, 0xA0, 0x00, 0x06, 0x55, 0x62, 0xAF, 0x1A, 0xC5, 0x1B, 0x57, 0x77, 0x7A,
    0xFE, 0x7B, 0x59, 0xB0, 0xF4, 0x48, 0xA5, 0x2C, 0x0D, 0xDC, 0x9F, 0xFC, 0x69, 0x55, 0x67, 0x7F,
    0xDD, 0xE8, 0x15, 0xC0, 0x00, 0x01, 0x6E, 0x01, 0x5F, 0xC1, 0x05, 0x52, 0x42, 0xFF, 0xF9, 0xFB,
    0x41, 0x95, 0xB7, 0x6D, 0x79, 0xBF, 0xF5, 0xFD, 0x0F, 0xCA, 0x87, 0x3A, 0x29, 0x91, 0x16, 0x8A,
    0x4E, 0xA0, 0xFF, 0x4E, 0x4F, 0x29, 0xD6, 0x7D, 0x91, 0xF8, 0xD4, 0x4A, 0x00, 0x03, 0xA6, 0x9A,
    0xB3, 0x7D, 0x25, 0x4D, 0x21, 0xD1, 0x98, 0x29, 0x4E, 0x2D, 0x74, 0x89, 0x55, 0xC2, 0xA5, 0x31,
    0xD0, 0xC4, 0x91, 0xF5, 0x20, 0xF6, 0xCF, 0xDC, 0x56, 0x37, 0x42, 0x6A, 0xA1, 0xD4, 0xC6, 0xAF,
    0xBC, 0xAB, 0xAD, 0x3B, 0xA7, 0xBB, 0x1C, 0x7E, 0x6C, 0x80, 0x00, 0x00, 0xA6, 0xCB, 0xB5, 0x5E,
    0x4B, 0xAE, 0xCB, 0xC8, 0x36, 0xDC, 0xE3, 0x1A, 0x8F, 0x87, 0x39, 0xB4, 0x18, 0xDF, 0xD0, 0x39,
    0xE7, 0x1C, 0x8C, 0x2E, 0x87, 0xD2, 0x00, 0x8F, 0xB6, 0xF3, 0xFF, 0x71, 0xAC, 0x37, 0x70, 0xDF,
    0x79, 0x00, 0x7C, 0x4A, 0x2D, 0xD8, 0x89, 0xCF, 0xEC, 0x17, 0xB1, 0x38, 0xDD, 0x69, 0xB8, 0xF5,
    0xA2, 0x1C, 0x5E, 0x4C, 0xFB, 0x2D, 0x44, 0xEE, 0x68, 0x70, 0x13, 0xCE, 0x73, 0x00, 0x0C, 0xD4,
    0x62, 0xAE, 0x20, 0x6A, 0x39, 0xE4, 0xA7, 0xF6, 0xD2, 0xF6, 0x86, 0x24, 0x94, 0x73, 0x8D, 0x80,
    0x39, 0x39, 0xDB, 0xC8, 0x7D, 0x47, 0x55, 0x24, 0x44, 0x52, 0x80, 0x87, 0x23, 0x01, 0x5A, 0xC7,
    0xBB, 0xEA, 0xD9, 0x11, 0x47, 0x95, 0x05, 0xE9, 0xA3, 0x6C, 0xFF, 0xAD, 0x23, 0xEE, 0xE5, 0x48,
    0x95, 0x8B, 0x97, 0x3B, 0xB0, 0x00, 0x91, 0x76, 0x6A, 0x6B, 0x62, 0xCF, 0x3C, 0x50, 0x0A, 0x2E,
    0xFE, 0xA4, 0xE6, 0x99, 0x6A, 0x65, 0xBD, 0xF2, 0xDB, 0x9A, 0x0E, 0x9C, 0x51, 0x1A, 0xD5, 0x59,
    0x1F, 0xAC, 0xC7, 0xB5, 0x55, 0xDC, 0x6A, 0x56, 0x63, 0x55, 0xAB, 0x22, 0x85, 0xB4, 0x43, 0xF0,
    0x00, 0x7C, 0xBE, 0x7F, 0x9B, 0x3C, 0xF8, 0x28, 0x69, 0x6B, 0x3B, 0x66, 0x95, 0x66, 0x90, 0xCD,
    0xEC, 0xCB, 0x47, 0x97, 0xDF, 0x39, 0x15, 0xD3, 0xD9, 0x3D, 0xBB, 0x99, 0xAB, 0x59, 0x79, 0x03,
    0x38, 0x00, 0x0A, 0xAC, 0xED, 0x2E, 0xDB, 0xAA, 0xC2, 0x69, 0x31, 0xD3, 0x34, 0x73, 0xBD, 0x6E,
    0x5D, 0xB8, 0x66, 0xC1, 0xF5, 0x84, 0x08, 0xF9, 0xAA, 0x9F, 0xE0, 0x36, 0x17, 0x5C, 0x04, 0x61,
    0x4D, 0x7B, 0x17, 0x2D, 0xD3, 0xAD, 0xE8, 0x8F, 0x87, 0x29, 0x00, 0x38, 0x2C, 0x22, 0xCF, 0x4B,
    0x28, 0xBC, 0xCE, 0xE3, 0xEA, 0x10, 0x73, 0x9A, 0x34, 0xB0, 0x00, 0x32, 0x08, 0x5D, 0x60, 0x61,
    0x89, 0x35, 0x3A, 0x5D, 0x41, 0xC6, 0x4A, 0xB1, 0xE2, 0xA6, 0xC0, 0xA5, 0x45, 0xC5, 0xF4, 0x01,
    0x2B, 0xC7, 0x5E, 0xFB, 0x9F, 0x25, 0xEB, 0x1A, 0x25, 0xDB, 0x00, 0x2E, 0x00, 0x6A, 0xED, 0x57,
    0xB6, 0x56, 0x50, 0xBA, 0xE8, 0xD3, 0xC7, 0xCC, 0xDF, 0xCE, 0xE1, 0xD1, 0x77, 0x13, 0x9F, 0xB3,
    0x6D, 0xCC, 0xAF, 0x6B, 0x1F, 0x00, 0x54, 0x91, 0xFD, 0x5A, 0x22, 0xE4, 0x8B, 0x93, 0xC0, 0x87,
    0xBB, 0x02, 0x38, 0x21, 0x0A, 0xCF, 0x30, 0x26, 0x61, 0xE3, 0x5C, 0xEE, 0xE8, 0xB6, 0x60, 0x00,
    0x12, 0x6B, 0xCB, 0x2F, 0xEA, 0x77, 0x31, 0x9E, 0x89, 0xFB, 0xC6, 0x3B, 0x6B, 0x55, 0x09, 0x15,
    0x7A, 0xFE, 0xA7, 0x3D, 0x40, 0xB0, 0x6D, 0xF6, 0x87, 0xC6, 0x94, 0x6C, 0x00, 0x8F, 0x1C, 0x73,
    0xF2, 0x24, 0xD6, 0x95, 0xB3, 0xDF, 0x7D, 0xB9, 0xDD, 0xA7, 0x94, 0x91, 0x83, 0x71, 0xED, 0x5F,
    0x23, 0xDC, 0x4F, 0xF3, 0xF3, 0x9E, 0x6A, 0x8F, 0x57, 0xAB, 0x22, 0x0D, 0xAE, 0xFF, 0x35, 0xB8,
    0xC8, 0x6B, 0xE8, 0x08, 0x5F, 0xFB, 0xC6, 0x65, 0x6C, 0x5A, 0x8B, 0x20, 0x83, 0x36, 0x00, 0x00,
    0x1C, 0xEF, 0x0C, 0x8C, 0xCA, 0xF5, 0xBE, 0xFA, 0xA8, 0x00, 0x05, 0x20, 0x03, 0xC4, 0x8A, 0x8D,
    0xBF, 0xF7, 0xEF, 0x6D, 0x94, 0x39, 0x78, 0xAE, 0x94, 0x9E, 0x22, 0xC1, 0x3E, 0xE9, 0xAD, 0xE1,
    0x85, 0x40, 0x00, 0x12, 0x0A, 0x7F, 0xD9, 0x8A, 0xB7, 0x59, 0x8A, 0xA4, 0xAC, 0xF2, 0xAE, 0x55,
    0x42, 0x42, 0x4B, 0x86, 0x0E, 0xF9, 0x69, 0x36, 0xAF, 0x66, 0x0A, 0x17, 0x6B, 0x53, 0x04, 0x72,
    0x47, 0xCC, 0xF8, 0x00, 0x82, 0x1F, 0x74, 0xEC, 0xE4, 0x83, 0xD9, 0x9C, 0xCC, 0x9A, 0xCB, 0x3F,
    0xC2, 0xFE, 0x30, 0xFD, 0x28, 0x09, 0x10, 0x7D, 0xC2, 0xFB, 0x24, 0x3E, 0x60, 0xCB, 0x03, 0xF3,
    0xE0, 0xA7, 0x1A, 0x64, 0xAA, 0x65, 0x76, 0x81, 0x61, 0xD2, 0xD6, 0xA4, 0x0A, 0x00, 0x42, 0x3E,
    0xB3, 0x09, 0xDB, 0xFB, 0xE7, 0xC0, 0xFE, 0x08, 0x54, 0x48, 0x2C, 0xDC, 0x54, 0x4C, 0xBB, 0x80,
    0x20, 0xCB, 0x39, 0x9B, 0x39, 0xB8, 0x00, 0x0A, 0x67, 0xEE, 0x38, 0x46, 0x9E, 0x63, 0x16, 0x76,
    0x06, 0x66, 0xA3, 0x91, 0x74, 0x78, 0x60, 0x3A, 0x9F, 0xA1, 0x9F, 0xE7, 0x49, 0x10, 0x1D, 0xE0,
    0x2D, 0x24, 0xD0, 0x00, 0x54, 0xFD, 0x63, 0x6A, 0x37, 0x9E, 0xA6, 0x00, 0xDE, 0xAD, 0x3E, 0x5A,
    0x30, 0x31, 0x72, 0x52, 0x8D, 0xFD, 0x11, 0x5F, 0x04, 0x74, 0x22, 0xCC, 0x4E, 0x1C, 0xD5, 0x6B,
    0x73, 0x9F, 0x82, 0xFD, 0x40, 0xAE, 0x80, 0x8B, 0x2F, 0x03, 0xC6, 0xDD, 0x8A, 0xC7, 0x94, 0xD4,
    0x67, 0x6E, 0x55, 0xD9, 0x25, 0xEC, 0xD5, 0xF0, 0xEC, 0x3B, 0x1F, 0x80, 0x75, 0x26, 0x30, 0xDA,
    0x58, 0x89, 0xF1, 0x31, 0x63, 0xA7, 0xED, 0xE5, 0x6B, 0xF7, 0xE0, 0x00, 0x1C, 0xB8, 0xDD, 0xA3,
    0x76, 0xF7, 0x6A, 0xF1, 0xC9, 0x66, 0x78, 0x10, 0xEF, 0x1E, 0xDE, 0x19, 0x0B, 0x80, 0x87, 0x6D,
    0x00, 0x64, 0xC0, 0x00, 0x87, 0x1F, 0xC4, 0x78, 0xC3, 0xC1, 0x8A, 0x78, 0xED, 0x31, 0x47, 0xB9,
    0x05, 0x6C, 0xDB, 0x9B, 0xA3, 0x0D, 0xD5, 0xD8, 0xC4, 0x54, 0xC8, 0x26, 0x5E, 0x8C, 0x5C, 0x41,
    0xE8, 0xA7, 0xE0, 0x00, 0x6F, 0x45, 0x8B, 0xD4, 0x8C, 0x6E, 0xB7, 0xF0, 0x64, 0x5A, 0x22, 0xC6,
    0x30, 0x22, 0x0A, 0x0D, 0xF5, 0x27, 0x41, 0xF0, 0x06, 0x18, 0x75, 0xAC, 0x1A, 0x4E, 0x00, 0x65,
    0xF0, 0xFD, 0x3D, 0xE1, 0xD9, 0x75, 0x0A, 0x04, 0x91, 0x14, 0x36, 0xC4, 0x16, 0x40, 0xF3, 0x1B,
    0xA7, 0xF3, 0x80, 0x8C, 0xBD, 0xE0, 0x00, 0x90, 0xF8, 0x53, 0xF2, 0x7C, 0xF0, 0x8F, 0x12, 0x45,
    0x0C, 0x6C, 0x97, 0x89, 0x72, 0x64, 0x77, 0xBD, 0x83, 0xCD, 0x49, 0x98, 0xD4, 0xF9, 0x87, 0xEE,
    0x26, 0xCF, 0x73, 0x95, 0xFF, 0x99, 0x90, 0x3D, 0x00, 0x27, 0xAE, 0x75, 0x6A, 0xA1, 0x78, 0x87,
    0x29, 0x04, 0xB5, 0xE3, 0x1D, 0x7E, 0xDE, 0xF8, 0xE0, 0xC6, 0x8F, 0xB7, 0xE8, 0x8C, 0x1A, 0x1B,
    0x00, 0x6F, 0xC3, 0x78, 0xF9, 0x8C, 0x84, 0x4F, 0xCA, 0x92, 0xF8, 0x8F, 0xBE, 0xD9, 0x9A, 0x6D,
    0x2A, 0xB9, 0xFF, 0xC6, 0x68, 0x10, 0xA1, 0x4F, 0x00, 0x9C, 0xA1, 0xAF, 0x6B, 0x6F, 0x75, 0x3F,
    0x4B, 0xAC, 0x4C, 0x87, 0xAC, 0xDD, 0x7B, 0xF5, 0x3F, 0xBE, 0x83, 0x0D, 0x01, 0xAF, 0x44, 0x73,
    0xB8, 0x8D, 0x50, 0xB6, 0x5B, 0xC3, 0x29, 0x3C, 0x88, 0x49, 0x2F, 0x45, 0xF9, 0x07, 0x83, 0x18,
    0xE1, 0xE4, 0x6F, 0x24, 0x00, 0x58, 0x8F, 0xE9, 0x74, 0x9A, 0x6A, 0x9A, 0x15, 0x75, 0x00, 0xD5,
    0xB9, 0x58, 0xBA, 0x02, 0x10, 0x74, 0x40, 0xEA, 0x79, 0xAB, 0xD4, 0x71, 0x42, 0x62, 0x07, 0x72,
    0xCD, 0x0A, 0xE1, 0x8D, 0xA1, 0x6A, 0xD8, 0x55, 0x30,
};

static const EpdGlyph notosans_12_regularGlyphs[] = {
    { 0, 0, 0, 0, 0, 0, 0 }, // U+0000
    { 0, 0, 104, 0, 0, 0, 0 }, // U+000D
    { 0, 0, 104, 0, 0, 0, 0 }, // U+0020
    { 4, 19, 108, 1, 18, 11, 0 }, // !
    { 8, 7, 163, 1, 18, 9, 11 }, // "
    { 16, 18, 258, 0, 18, 34, 20 }, // #
    { 12, 21, 229, 1, 19, 34, 54 }, // $
    { 19, 20, 332, 1, 19, 41, 88 }, // %
    { 18, 20, 293, 1, 19, 40, 129 }, // &
    { 3, 7, 90, 1, 18, 5, 169 }, // '
    { 6, 22, 120, 1, 18, 15, 174 }, // (
    { 7, 22, 120, 0, 18, 14, 189 }, // )
    { 12, 12, 220, 1, 19, 22, 203 }, // *
    { 12, 13, 229, 1, 15, 12, 225 }, // +
    { 4, 7, 107, 1, 3, 5, 237 }, // ,
    { 7, 3, 129, 1, 8, 4, 242 }, // -
    { 4, 5, 107, 1, 4, 5, 246 }, // .
    { 10, 18, 149, 0, 18, 13, 251 }, // /
    { 13, 20, 234, 1, 19, 20, 264 }, // 0
    { 8, 18, 176, 0, 18, 10, 284 }, // 1
    { 13, 19, 222, 0, 19, 18, 294 }, // 2
    { 12, 20, 229, 1, 19, 26, 312 }, // 3
    { 14, 18, 229, 0, 18, 18, 338 }, // 4
    { 12, 19, 229, 1, 18, 21, 356 }, // 5
    { 13, 20, 229, 1, 19, 24, 377 }, // 6
    { 13, 18, 204, 0, 18, 14, 401 }, // 7
    { 13, 20, 236, 1, 19, 31, 415 }, // 8
    { 12, 20, 229, 1, 19, 25, 446 }, // 9
    { 4, 15, 107, 1, 14, 8, 471 }, // :
    { 5, 18, 107, 0, 14, 10, 479 }, // ;
    { 13, 14, 229, 1, 16, 21, 489 }, // <
    { 12, 8, 229, 1, 13, 10, 510 }, // =
    { 13, 14, 229, 1, 16, 23, 520 }, // >
    { 11, 20, 174, 0, 19, 19, 543 }, // ?
    { 21, 21, 360, 1, 18, 49, 562 }, // @
    { 16, 18, 256, 0, 18, 29, 611 }, // A
    { 13, 18, 260, 2, 18, 28, 640 }, // B
    { 15, 20, 253, 1, 19, 19, 668 }, // C
    { 15, 18, 292, 2, 18, 23, 687 }, // D
    { 11, 18, 222, 2, 18, 17, 710 }, // E
    { 11, 18, 208, 2, 18, 15, 727 }, // F
    { 16, 20, 291, 1, 19, 24, 742 }, // G
    { 15, 18, 296, 2, 18, 19, 766 }, // H
    { 7, 18, 136, 1, 18, 12, 785 }, // I
    { 7, 23, 109, -2, 18, 13, 797 }, // J
    { 14, 18, 248, 2, 18, 24, 810 }, // K
    { 11, 18, 210, 2, 18, 9, 834 }, // L
    { 19, 18, 363, 2, 18, 35, 843 }, // M
    { 15, 18, 304, 2, 18, 29, 878 }, // N
    { 17, 20, 312, 1, 19, 25, 907 }, // O
    { 12, 18, 242, 2, 18, 20, 932 }, // P
    { 17, 24, 312, 1, 19, 16, 952 }, // Q
    { 14, 18, 249, 2, 18, 23, 968 }, // R
    { 12, 20, 220, 1, 19, 24, 991 }, // S
    { 14, 18, 222, 0, 18, 10, 1015 }, // T
    { 14, 19, 292, 2, 18, 17, 1025 }, // U
    { 15, 18, 240, 0, 18, 23, 1042 }, // V
    { 23, 18, 372, 0, 18, 42, 1065 }, // W
    { 15, 18, 234, 0, 18, 24, 1107 }, // X
    { 15, 18, 226, 0, 18, 18, 1131 }, // Y
    { 14, 18, 229, 0, 18, 18, 1149 }, // Z
    { 6, 22, 132, 2, 18, 9, 1167 }, // [
    { 10, 18, 149, 0, 18, 15, 1176 }, // <backslash>
    { 7, 22, 132, 0, 18, 10, 1191 }, // ]
    { 14, 12, 229, 0, 18, 15, 1201 }, // ^
    { 13, 2, 178, -1, -2, 4, 1216 }, // _
    { 6, 5, 112, 1, 20, 5, 1220 }, // `
    { 11, 15, 224, 1, 14, 22, 1225 }, // a
    { 12, 20, 246, 2, 19, 22, 1247 }, // b
    { 11, 15, 192, 1, 14, 15, 1269 }, // c
    { 13, 20, 246, 1, 19, 23, 1284 }, // d
    { 12, 15, 226, 1, 14, 22, 1307 }, // e
    { 10, 20, 138, 0, 20, 16, 1329 }, // f
    { 13, 20, 246, 1, 14, 17, 1345 }, // g
    { 12, 19, 247, 2, 19, 17, 1362 }, // h
    { 4, 19, 103, 1, 19, 9, 1379 }, // i
    { 7, 25, 103, -2, 19, 12, 1388 }, // j
    { 12, 19, 214, 2, 19, 19, 1400 }, // k
    { 3, 19, 103, 2, 19, 7, 1419 }, // l
    { 20, 14, 374, 2, 14, 25, 1426 }, // m
    { 12, 14, 247, 2, 14, 9, 1451 }, // n
    { 13, 15, 242, 1, 14, 21, 1460 }, // o
    { 12, 20, 246, 2, 14, 13, 1481 }, // p
    { 13, 20, 246, 1, 14, 12, 1494 }, // q
    { 8, 14, 165, 2, 14, 11, 1506 }, // r
    { 10, 15, 192, 1, 14, 22, 1517 }, // s
    { 9, 18, 144, 0, 17, 17, 1539 }, // t
    { 13, 15, 247, 1, 14, 15, 1556 }, // u
    { 13, 14, 203, 0, 14, 19, 1571 }, // v
    { 20, 14, 314, 0, 14, 31, 1590 }, // w
    { 13, 14, 212, 0, 14, 19, 1621 }, // x
    { 13, 20, 204, 0, 14, 19, 1640 }, // y
    { 11, 14, 188, 0, 14, 15, 1659 }, // z
    { 9, 22, 152, 0, 18, 18, 1674 }, // {
    { 3, 26, 220, 5, 19, 6, 1692 }, // |
    { 9, 22, 152, 0, 18, 19, 1698 }, // }
    { 13, 4, 229, 1, 11, 12, 1717 }, // ~
    { 0, 0, 104, 0, 0, 0, 1729 }, // U+00A0
    { 4, 19, 108, 1, 14, 11, 1729 }, // U+00A1
    { 11, 20, 229, 2, 19, 19, 1740 }, // U+00A2
    { 14, 19, 229, 0, 19, 24, 1759 }, // U+00A3
    { 12, 12, 229, 1, 15, 26, 1783 }, // U+00A4
    { 14, 18, 229, 0, 18, 28, 1809 }, // U+00A5
    { 3, 26, 220, 5, 19, 8, 1837 }, // U+00A6
    { 11, 21, 205, 1, 20, 31, 1845 }, // U+00A7
    { 8, 4, 232, 3, 19, 7, 1876 }, // U+00A8
    { 19, 20, 333, 1, 19, 44, 1883 }, // U+00A9
    { 8, 10, 143, 0, 19, 15, 1927 }, // U+00AA
    { 11, 11, 204, 1, 12, 20, 1942 }, // U+00AB
    { 12, 7, 229, 1, 10, 6, 1962 }, // U+00AC
    { 7, 3, 129, 1, 8, 4, 1968 }, // U+00AD
    { 19, 20, 333, 1, 19, 33, 1972 }, // U+00AE
    { 14, 2, 200, -1, 21, 5, 2005 }, // U+00AF
    { 9, 9, 171, 1, 19, 13, 2010 }, // U+00B0
    { 13, 15, 229, 1, 15, 14, 2023 }, // U+00B1
    { 8, 12, 140, 0, 22, 16, 2037 }, // U+00B2
    { 9, 12, 140, 0, 22, 18, 2053 }, // U+00B3
    { 6, 5, 112, 1, 20, 5, 2071 }, // U+00B4
    { 12, 20, 249, 2, 14, 18, 2076 }, // U+00B5
    { 13, 23, 262, 1, 19, 24, 2094 }, // U+00B6
    { 4, 5, 107, 1, 11, 4, 2118 }, // U+00B7
    { 6, 6, 90, 0, 0, 9, 2122 }, // U+00B8
    { 6, 12, 140, 0, 22, 8, 2131 }, // U+00B9
    { 9, 10, 150, 0, 19, 12, 2139 }, // U+00BA
    { 12, 11, 204, 0, 12, 22, 2151 }, // U+00BB
    { 19, 18, 298, 0, 18, 35, 2173 }, // U+00BC
    { 19, 18, 308, 0, 18, 36, 2208 }, // U+00BD
    { 20, 19, 312, 0, 19, 43, 2244 }, // U+00BE
    { 11, 19, 174, 0, 14, 21, 2287 }, // U+00BF
    { 16, 24, 256, 0, 24, 15, 2308 }, // U+00C0
    { 16, 24, 256, 0, 24, 13, 2323 }, // U+00C1
    { 16, 24, 256, 0, 24, 16, 2336 }, // U+00C2
    { 16, 23, 256, 0, 23, 18, 2352 }, // U+00C3
    { 16, 23, 256, 0, 23, 14, 2370 }, // U+00C4
    { 16, 23, 256, 0, 23, 18, 2384 }, // U+00C5
    { 22, 18, 352, -1, 18, 32, 2402 }, // U+00C6
    { 15, 25, 253, 1, 19, 17, 2434 }, // U+00C7
    { 11, 24, 222, 2, 24, 10, 2451 }, // U+00C8
    { 11, 24, 222, 2, 24, 10, 2461 }, // U+00C9
    { 11, 24, 222, 2, 24, 12, 2471 }, // U+00CA
    { 11, 23, 222, 2, 23, 11, 2483 }, // U+00CB
    { 7, 24, 136, 1, 24, 9, 2494 }, // U+00CC
    { 7, 24, 136, 1, 24, 9, 2503 }, // U+00CD
    { 9, 24, 136, 0, 24, 19, 2512 }, // U+00CE
    { 8, 23, 136, 0, 23, 16, 2531 }, // U+00CF
    { 17, 18, 292, 0, 18, 28, 2547 }, // U+00D0
    { 15, 23, 304, 2, 23, 18, 2575 }, // U+00D1
    { 17, 25, 312, 1, 24, 13, 2593 }, // U+00D2
    { 17, 25, 312, 1, 24, 12, 2606 }, // U+00D3
    { 17, 25, 312, 1, 24, 15, 2618 }, // U+00D4
    { 17, 24, 312, 1, 23, 17, 2633 }, // U+00D5
    { 17, 24, 312, 1, 23, 14, 2650 }, // U+00D6
    { 12, 12, 229, 1, 15, 19, 2664 }, // U+00D7
    { 17, 20, 312, 1, 19, 22, 2683 }, // U+00D8
    { 14, 25, 292, 2, 24, 11, 2705 }, // U+00D9
    { 14, 25, 292, 2, 24, 11, 2716 }, // U+00DA
    { 14, 25, 292, 2, 24, 13, 2727 }, // U+00DB
    { 14, 24, 292, 2, 23, 12, 2740 }, // U+00DC
    { 15, 24, 226, 0, 24, 13, 2752 }, // U+00DD
    { 12, 18, 242, 2, 18, 16, 2765 }, // U+00DE
    { 13, 21, 252, 2, 20, 28, 2781 }, // U+00DF
    { 11, 21, 224, 1, 20, 11, 2809 }, // U+00E0
    { 11, 21, 224, 1, 20, 11, 2820 }, // U+00E1
    { 11, 21, 224, 1, 20, 14, 2831 }, // U+00E2
    { 11, 20, 224, 1, 19, 16, 2845 }, // U+00E3
    { 11, 20, 224, 1, 19, 13, 2861 }, // U+00E4
    { 11, 22, 224, 1, 21, 16, 2874 }, // U+00E5
    { 20, 15, 346, 1, 14, 37, 2890 }, // U+00E6
    { 11, 20, 192, 1, 14, 13, 2927 }, // U+00E7
    { 12, 21, 226, 1, 20, 13, 2940 }, // U+00E8
    { 12, 21, 226, 1, 20, 11, 2953 }, // U+00E9
    { 12, 21, 226, 1, 20, 15, 2964 }, // U+00EA
    { 12, 20, 226, 1, 19, 14, 2979 }, // U+00EB
    { 6, 20, 103, -1, 20, 10, 2993 }, // U+00EC
    { 6, 20, 103, 1, 20, 10, 3003 }, // U+00ED
    { 9, 20, 103, -1, 20, 11, 3013 }, // U+00EE
    { 8, 19, 103, -1, 19, 9, 3024 }, // U+00EF
    { 13, 21, 242, 1, 20, 33, 3033 }, // U+00F0
    { 12, 19, 247, 2, 19, 21, 3066 }, // U+00F1
    { 13, 21, 242, 1, 20, 12, 3087 }, // U+00F2
    { 13, 21, 242, 1, 20, 12, 3099 }, // U+00F3
    { 13, 21, 242, 1, 20, 15, 3111 }, // U+00F4
    { 13, 20, 242, 1, 19, 17, 3126 }, // U+00F5
    { 13, 20, 242, 1, 19, 13, 3143 }, // U+00F6
    { 13, 12, 229, 1, 15, 13, 3156 }, // U+00F7
    { 13, 16, 242, 1, 15, 20, 3169 }, // U+00F8
    { 13, 21, 247, 1, 20, 11, 3189 }, // U+00F9
    { 13, 21, 247, 1, 20, 10, 3200 }, // U+00FA
    { 13, 21, 247, 1, 20, 13, 3210 }, // U+00FB
    { 13, 20, 247, 1, 19, 11, 3223 }, // U+00FC
    { 13, 26, 204, 0, 20, 13, 3234 }, // U+00FD
    { 12, 25, 246, 2, 19, 13, 3247 }, // U+00FE
    { 13, 25, 204, 0, 19, 14, 3260 }, // U+00FF
    { 16, 21, 256, 0, 21, 13, 3274 }, // U+0100
    { 11, 18, 224, 1, 17, 11, 3287 }, // U+0101
    { 16, 23, 256, 0, 23, 15, 3298 }, // U+0102
    { 11, 20, 224, 1, 19, 13, 3313 }, // U+0103
    { 16, 24, 256, 0, 18, 15, 3326 }, // U+0104
    { 12, 20, 224, 1, 14, 28, 3341 }, // U+0105
    { 15, 25, 253, 1, 24, 12, 3369 }, // U+0106
    { 11, 21, 192, 1, 20, 11, 3381 }, // U+0107
    { 15, 25, 253, 1, 24, 14, 3392 }, // U+0108
    { 11, 21, 192, 1, 20, 13, 3406 }, // U+0109
    { 15, 24, 253, 1, 23, 11, 3419 }, // U+010A
    { 11, 20, 192, 1, 19, 10, 3430 }, // U+010B
    { 15, 25, 253, 1, 24, 13, 3440 }, // U+010C
    { 11, 21, 192, 1, 20, 13, 3453 }, // U+010D
    { 15, 24, 292, 2, 24, 15, 3466 }, // U+010E
    { 17, 20, 246, 1, 19, 28, 3481 }, // U+010F
    { 17, 18, 292, 0, 18, 10, 3509 }, // U+0110
    { 15, 20, 247, 1, 19, 27, 3519 }, // U+0111
    { 11, 21, 222, 2, 21, 9, 3546 }, // U+0112
    { 12, 18, 226, 1, 17, 12, 3555 }, // U+0113
    { 11, 23, 222, 2, 23, 12, 3567 }, // U+0114
    { 12, 20, 226, 1, 19, 14, 3579 }, // U+0115
    { 11, 23, 222, 2, 23, 9, 3593 }, // U+0116
    { 12, 20, 226, 1, 19, 12, 3602 }, // U+0117
    { 11, 24, 222, 2, 18, 12, 3614 }, // U+0118
    { 12, 20, 226, 1, 14, 13, 3626 }, // U+0119
    { 11, 24, 222, 2, 24, 12, 3639 }, // U+011A
    { 12, 21, 226, 1, 20, 15, 3651 }, // U+011B
    { 16, 25, 291, 1, 24, 15, 3666 }, // U+011C
    { 13, 26, 246, 1, 20, 16, 3681 }, // U+011D
    { 16, 24, 291, 1, 23, 15, 3697 }, // U+011E
    { 13, 25, 246, 1, 19, 16, 3712 }, // U+011F
    { 16, 24, 291, 1, 23, 12, 3728 }, // U+0120
    { 13, 25, 246, 1, 19, 13, 3740 }, // U+0121
    { 16, 25, 291, 1, 19, 14, 3753 }, // U+0122
    { 13, 26, 246, 1, 20, 13, 3767 }, // U+0123
    { 15, 24, 296, 2, 24, 14, 3780 }, // U+0124
    { 15, 26, 247, -1, 26, 25, 3794 }, // U+0125
    { 19, 18, 296, 0, 18, 27, 3819 }, // U+0126
    { 14, 19, 247, 0, 19, 22, 3846 }, // U+0127
    { 10, 23, 136, -1, 23, 21, 3868 }, // U+0128
    { 10, 19, 103, -2, 19, 11, 3889 }, // U+0129
    { 8, 21, 136, 0, 21, 8, 3900 }, // U+012A
    { 8, 17, 103, -1, 17, 9, 3908 }, // U+012B
    { 9, 23, 136, 0, 23, 13, 3917 }, // U+012C
    { 9, 19, 103, -1, 19, 11, 3930 }, // U+012D
    { 7, 24, 136, 1, 18, 13, 3941 }, // U+012E
    { 5, 25, 103, 0, 19, 13, 3954 }, // U+012F
    { 7, 23, 136, 1, 23, 9, 3967 }, // U+0130
    { 3, 14, 103, 2, 14, 5, 3976 }, // U+0131
    { 13, 23, 245, 1, 18, 24, 3981 }, // U+0132
    { 10, 25, 206, 1, 19, 21, 4005 }, // U+0133
    { 10, 29, 109, -2, 24, 20, 4026 }, // U+0134
    { 10, 26, 103, -2, 20, 16, 4046 }, // U+0135
    { 14, 24, 248, 2, 18, 14, 4062 }, // U+0136
    { 12, 25, 214, 2, 19, 13, 4076 }, // U+0137
    { 12, 14, 214, 2, 14, 14, 4089 }, // U+0138
    { 11, 24, 210, 2, 24, 9, 4103 }, // U+0139
    { 6, 26, 103, 1, 26, 8, 4112 }, // U+013A
    { 11, 24, 210, 2, 18, 9, 4120 }, // U+013B
    { 4, 25, 103, 1, 19, 11, 4129 }, // U+013C
    { 11, 18, 210, 2, 18, 8, 4140 }, // U+013D
    { 7, 19, 103, 2, 19, 12, 4148 }, // U+013E
    { 11, 18, 210, 2, 18, 9, 4160 }, // U+013F
    { 6, 19, 107, 2, 19, 12, 4169 }, // U+0140
    { 13, 18, 210, 0, 18, 19, 4181 }, // U+0141
    { 8, 19, 103, -1, 19, 13, 4200 }, // U+0142
    { 15, 24, 304, 2, 24, 13, 4213 }, // U+0143
    { 12, 20, 247, 2, 20, 16, 4226 }, // U+0144
    { 15, 24, 304, 2, 18, 15, 4242 }, // U+0145
    { 12, 20, 247, 2, 14, 14, 4257 }, // U+0146
    { 15, 24, 304, 2, 24, 14, 4271 }, // U+0147
    { 12, 20, 247, 2, 20, 18, 4285 }, // U+0148
    { 16, 18, 275, 0, 18, 20, 4303 }, // U+0149
    { 15, 23, 304, 2, 18, 25, 4323 }, // U+014A
    { 12, 20, 247, 2, 14, 13, 4348 }, // U+014B
    { 17, 22, 312, 1, 21, 12, 4361 }, // U+014C
    { 13, 18, 242, 1, 17, 11, 4373 }, // U+014D
    { 17, 24, 312, 1, 23, 15, 4384 }, // U+014E
    { 13, 20, 242, 1, 19, 14, 4399 }, // U+014F
    { 17, 25, 312, 1, 24, 16, 4413 }, // U+0150
    { 13, 21, 242, 1, 20, 17, 4429 }, // U+0151
    { 21, 20, 371, 1, 19, 31, 4446 }, // U+0152
    { 22, 15, 378, 1, 14, 34, 4477 }, // U+0153
    { 14, 24, 249, 2, 24, 12, 4511 }, // U+0154
    { 8, 20, 165, 2, 20, 10, 4523 }, // U+0155
    { 14, 24, 249, 2, 18, 13, 4533 }, // U+0156
    { 9, 20, 165, 1, 14, 15, 4546 }, // U+0157
    { 14, 24, 249, 2, 24, 14, 4561 }, // U+0158
    { 10, 20, 165, 1, 20, 19, 4575 }, // U+0159
    { 12, 25, 220, 1, 24, 13, 4594 }, // U+015A
    { 10, 21, 192, 1, 20, 12, 4607 }, // U+015B
    { 12, 25, 220, 1, 24, 15, 4619 }, // U+015C
    { 10, 21, 192, 1, 20, 14, 4634 }, // U+015D
    { 12, 25, 220, 1, 19, 17, 4648 }, // U+015E
    { 10, 20, 192, 1, 14, 16, 4665 }, // U+015F
    { 12, 25, 220, 1, 24, 15, 4681 }, // U+0160
    { 10, 21, 192, 1, 20, 15, 4696 }, // U+0161
    { 14, 24, 222, 0, 18, 13, 4711 }, // U+0162
    { 9, 23, 144, 0, 17, 16, 4724 }, // U+0163
    { 14, 24, 222, 0, 24, 13, 4740 }, // U+0164
    { 12, 20, 144, 0, 19, 21, 4753 }, // U+0165
    { 14, 18, 222, 0, 18, 11, 4774 }, // U+0166
    { 9, 18, 144, 0, 17, 13, 4785 }, // U+0167
    { 14, 24, 292, 2, 23, 15, 4798 }, // U+0168
    { 13, 20, 247, 1, 19, 16, 4813 }, // U+0169
    { 14, 22, 292, 2, 21, 10, 4829 }, // U+016A
    { 13, 18, 247, 1, 17, 11, 4839 }, // U+016B
    { 14, 24, 292, 2, 23, 13, 4850 }, // U+016C
    { 13, 20, 247, 1, 19, 14, 4863 }, // U+016D
    { 14, 26, 292, 2, 25, 15, 4877 }, // U+016E
    { 13, 22, 247, 1, 21, 16, 4892 }, // U+016F
    { 14, 25, 292, 2, 24, 13, 4908 }, // U+0170
    { 13, 21, 247, 1, 20, 15, 4921 }, // U+0171
    { 14, 24, 292, 2, 18, 12, 4936 }, // U+0172
    { 13, 20, 247, 1, 14, 14, 4948 }, // U+0173
    { 23, 24, 372, 0, 24, 20, 4962 }, // U+0174
    { 20, 20, 314, 0, 20, 18, 4982 }, // U+0175
    { 15, 24, 226, 0, 24, 15, 5000 }, // U+0176
    { 13, 26, 204, 0, 20, 16, 5015 }, // U+0177
    { 15, 23, 226, 0, 23, 14, 5031 }, // U+0178
    { 14, 24, 229, 0, 24, 11, 5045 }, // U+0179
    { 11, 20, 188, 0, 20, 11, 5056 }, // U+017A
    { 14, 23, 229, 0, 23, 10, 5067 }, // U+017B
    { 11, 19, 188, 0, 19, 10, 5077 }, // U+017C
    { 14, 24, 229, 0, 24, 13, 5087 }, // U+017D
    { 11, 20, 188, 0, 20, 13, 5100 }, // U+017E
    { 8, 20, 130, 2, 20, 10, 5113 }, // U+017F
    { 20, 20, 314, 1, 19, 29, 5123 }, // U+01A0
    { 16, 17, 246, 1, 16, 25, 5152 }, // U+01A1
    { 19, 20, 312, 2, 19, 23, 5177 }, // U+01AF
    { 17, 17, 270, 1, 16, 19, 5200 }, // U+01B0
    { 30, 24, 517, 2, 24, 49, 5219 }, // U+01C4
    { 28, 20, 480, 2, 20, 47, 5268 }, // U+01C5
    { 26, 21, 434, 1, 20, 46, 5315 }, // U+01C6
    { 16, 23, 319, 2, 18, 24, 5361 }, // U+01C7
    { 16, 25, 313, 2, 19, 24, 5385 }, // U+01C8
    { 9, 25, 206, 2, 19, 19, 5409 }, // U+01C9
    { 22, 23, 413, 2, 18, 42, 5428 }, // U+01CA
    { 22, 25, 407, 2, 19, 31, 5470 }, // U+01CB
    { 18, 25, 350, 2, 19, 28, 5501 }, // U+01CC
    { 16, 24, 256, 0, 24, 17, 5529 }, // U+01CD
    { 11, 21, 224, 1, 20, 14, 5546 }, // U+01CE
    { 9, 24, 136, 0, 24, 14, 5560 }, // U+01CF
    { 9, 20, 103, -1, 20, 11, 5574 }, // U+01D0
    { 17, 25, 312, 1, 24, 14, 5585 }, // U+01D1
    { 13, 21, 242, 1, 20, 13, 5599 }, // U+01D2
    { 14, 25, 292, 2, 24, 14, 5612 }, // U+01D3
    { 13, 21, 247, 1, 20, 12, 5626 }, // U+01D4
    { 14, 27, 292, 2, 26, 14, 5638 }, // U+01D5
    { 13, 22, 247, 1, 21, 16, 5652 }, // U+01D6
    { 14, 28, 292, 2, 27, 16, 5668 }, // U+01D7
    { 13, 23, 247, 1, 22, 17, 5684 }, // U+01D8
    { 14, 28, 292, 2, 27, 18, 5701 }, // U+01D9
    { 13, 24, 247, 1, 23, 20, 5719 }, // U+01DA
    { 14, 28, 292, 2, 27, 16, 5739 }, // U+01DB
    { 13, 23, 247, 1, 22, 17, 5755 }, // U+01DC
    { 12, 15, 226, 1, 14, 21, 5772 }, // U+01DD
    { 16, 26, 256, 0, 26, 19, 5793 }, // U+01DE
    { 11, 22, 224, 1, 21, 16, 5812 }, // U+01DF
    { 16, 26, 256, 0, 26, 16, 5828 }, // U+01E0
    { 11, 22, 224, 1, 21, 14, 5844 }, // U+01E1
    { 22, 21, 352, -1, 21, 13, 5858 }, // U+01E2
    { 20, 18, 346, 1, 17, 16, 5871 }, // U+01E3
    { 17, 20, 291, 1, 19, 30, 5887 }, // U+01E4
    { 14, 20, 246, 1, 14, 33, 5917 }, // U+01E5
    { 16, 25, 291, 1, 24, 16, 5950 }, // U+01E6
    { 13, 26, 246, 1, 20, 16, 5966 }, // U+01E7
    { 14, 24, 248, 2, 24, 15, 5982 }, // U+01E8
    { 15, 26, 214, -1, 26, 28, 5997 }, // U+01E9
    { 17, 25, 312, 1, 19, 14, 6025 }, // U+01EA
    { 13, 20, 242, 1, 14, 15, 6039 }, // U+01EB
    { 17, 27, 312, 1, 21, 16, 6054 }, // U+01EC
    { 13, 23, 242, 1, 17, 14, 6070 }, // U+01ED
    { 14, 25, 234, 0, 24, 29, 6084 }, // U+01EE
    { 12, 26, 199, 0, 20, 31, 6113 }, // U+01EF
    { 10, 26, 103, -2, 20, 13, 6144 }, // U+01F0
    { 30, 18, 517, 2, 18, 14, 6157 }, // U+01F1
    { 28, 18, 480, 2, 18, 13, 6171 }, // U+01F2
    { 26, 20, 434, 1, 19, 15, 6184 }, // U+01F3
    { 16, 25, 291, 1, 24, 12, 6199 }, // U+01F4
    { 13, 26, 246, 1, 20, 13, 6211 }, // U+01F5
    { 20, 19, 375, 2, 18, 26, 6224 }, // U+01F6
    { 14, 25, 264, 2, 19, 25, 6250 }, // U+01F7
    { 15, 24, 304, 2, 24, 13, 6275 }, // U+01F8
    { 12, 20, 247, 2, 20, 15, 6288 }, // U+01F9
    { 16, 24, 256, 0, 24, 38, 6303 }, // U+01FA
    { 11, 25, 224, 1, 24, 18, 6341 }, // U+01FB
    { 22, 24, 352, -1, 24, 14, 6359 }, // U+01FC
    { 20, 21, 346, 1, 20, 16, 6373 }, // U+01FD
    { 17, 25, 312, 1, 24, 16, 6389 }, // U+01FE
    { 13, 21, 242, 1, 20, 16, 6405 }, // U+01FF
    { 16, 24, 256, 0, 24, 17, 6421 }, // U+0200
    { 11, 21, 224, 1, 20, 15, 6438 }, // U+0201
    { 16, 23, 256, 0, 23, 15, 6453 }, // U+0202
    { 11, 20, 224, 1, 19, 13, 6468 }, // U+0203
    { 11, 24, 222, 2, 24, 14, 6481 }, // U+0204
    { 12, 21, 226, 1, 20, 15, 6495 }, // U+0205
    { 11, 23, 222, 2, 23, 12, 6510 }, // U+0206
    { 12, 20, 226, 1, 19, 14, 6522 }, // U+0207
    { 10, 24, 136, -2, 24, 21, 6536 }, // U+0208
    { 10, 20, 103, -3, 20, 10, 6557 }, // U+0209
    { 9, 23, 136, 0, 23, 12, 6567 }, // U+020A
    { 9, 19, 103, -1, 19, 10, 6579 }, // U+020B
    { 17, 25, 312, 1, 24, 15, 6589 }, // U+020C
    { 13, 21, 242, 1, 20, 17, 6604 }, // U+020D
    { 17, 24, 312, 1, 23, 14, 6621 }, // U+020E
    { 13, 20, 242, 1, 19, 15, 6635 }, // U+020F
    { 14, 24, 249, 2, 24, 15, 6650 }, // U+0210
    { 10, 20, 165, 0, 20, 19, 6665 }, // U+0211
    { 14, 23, 249, 2, 23, 15, 6684 }, // U+0212
    { 8, 19, 165, 2, 19, 11, 6699 }, // U+0213
    { 14, 25, 292, 2, 24, 14, 6710 }, // U+0214
    { 13, 21, 247, 1, 20, 14, 6724 }, // U+0215
    { 14, 24, 292, 2, 23, 12, 6738 }, // U+0216
    { 13, 20, 247, 1, 19, 13, 6750 }, // U+0217
    { 12, 25, 220, 1, 19, 13, 6763 }, // U+0218
    { 10, 20, 192, 1, 14, 13, 6776 }, // U+0219
    { 14, 24, 222, 0, 18, 10, 6789 }, // U+021A
    { 9, 23, 144, 0, 17, 12, 6799 }, // U+021B
    { 14, 24, 230, 0, 19, 29, 6811 }, // U+021C
    { 12, 20, 198, 0, 14, 26, 6840 }, // U+021D
    { 15, 24, 296, 2, 24, 14, 6866 }, // U+021E
    { 15, 26, 247, -1, 26, 15, 6880 }, // U+021F
    { 6, 5, 0, -13, 20, 6, 6895 }, // U+0300
    { 6, 5, 0, -9, 20, 5, 6901 }, // U+0301
    { 10, 5, 0, -5, 20, 7, 6906 }, // U+0302
    { 10, 4, 0, -13, 19, 6, 6913 }, // U+0303
    { 8, 2, 0, -4, 17, 4, 6919 }, // U+0304
    { 12, 3, 0, -6, 22, 5, 6923 }, // U+0305
    { 8, 4, 0, -4, 19, 7, 6928 }, // U+0306
    { 4, 4, 0, -2, 19, 3, 6935 }, // U+0307
    { 8, 4, 0, -4, 19, 7, 6938 }, // U+0308
    { 6, 7, 0, -10, 21, 8, 6945 }, // U+0309
    { 6, 6, 0, -3, 21, 10, 6953 }, // U+030A
    { 10, 5, 0, -4, 20, 9, 6963 }, // U+030B
    { 10, 5, 0, -5, 20, 5, 6972 }, // U+030C
    { 2, 5, 0, -1, 19, 4, 6977 }, // U+030D
    { 6, 5, 0, -3, 19, 6, 6981 }, // U+030E
    { 10, 5, 0, -13, 20, 9, 6987 }, // U+030F
    { 8, 7, 0, -4, 22, 8, 6996 }, // U+0310
    { 8, 4, 0, -4, 19, 4, 7004 }, // U+0311
    { 4, 7, 0, -2, 18, 6, 7008 }, // U+0312
    { 4, 7, 0, -2, 18, 5, 7014 }, // U+0313
    { 4, 7, 0, -2, 18, 6, 7019 }, // U+0314
    { 4, 7, 0, -2, 18, 5, 7025 }, // U+0315
    { 6, 5, 0, -3, 0, 6, 7030 }, // U+0316
    { 6, 5, 0, -3, 0, 5, 7036 }, // U+0317
    { 6, 6, 0, -3, 0, 6, 7041 }, // U+0318
    { 6, 6, 0, -3, 0, 7, 7047 }, // U+0319
    { 7, 6, 125, 0, 19, 6, 7054 }, // U+031A
    { 6, 6, 0, -3, 19, 6, 7060 }, // U+031B
    { 4, 6, 0, -2, 0, 6, 7066 }, // U+031C
    { 6, 5, 0, -3, -1, 7, 7072 }, // U+031D
    { 6, 5, 0, -3, -1, 6, 7079 }, // U+031E
    { 6, 6, 0, -3, 0, 8, 7085 }, // U+031F
    { 6, 3, 0, -3, -2, 5, 7093 }, // U+0320
    { 5, 8, 0, -5, 2, 5, 7098 }, // U+0321
    { 5, 8, 0, 0, 2, 5, 7103 }, // U+0322
    { 3, 4, 0, -9, -1, 4, 7108 }, // U+0323
    { 8, 4, 0, -4, -1, 5, 7112 }, // U+0324
    { 6, 6, 0, -3, 0, 5, 7117 }, // U+0325
    { 4, 5, 0, -2, -1, 5, 7122 }, // U+0326
    { 6, 6, 0, -3, 0, 8, 7127 }, // U+0327
    { 6, 7, 0, -3, 1, 6, 7135 }, // U+0328
    { 2, 5, 0, -1, -1, 4, 7141 }, // U+0329
    { 10, 5, 0, -5, -1, 8, 7145 }, // U+032A
    { 10, 4, 0, -5, -1, 10, 7153 }, // U+032B
    { 10, 5, 0, -5, 0, 6, 7163 }, // U+032C
    { 10, 5, 0, -5, 0, 5, 7169 }, // U+032D
    { 8, 4, 0, -4, -1, 6, 7174 }, // U+032E
    { 8, 4, 0, -4, -1, 4, 7180 }, // U+032F
    { 10, 4, 0, -5, -1, 11, 7184 }, // U+0330
    { 8, 2, 0, -4, -2, 4, 7195 }, // U+0331
    { 12, 2, 0, -6, -2, 5, 7199 }, // U+0332
    { 12, 6, 0, -6, 0, 8, 7204 }, // U+0333
    { 10, 4, 0, -5, 9, 8, 7212 }, // U+0334
    { 12, 3, 0, -6, 9, 4, 7220 }, // U+0335
    { 18, 2, 0, -9, 8, 1, 7224 }, // U+0336
    { 8, 6, 0, -4, 10, 8, 7225 }, // U+0337
    { 10, 21, 0, -5, 19, 14, 7233 }, // U+0338
    { 4, 6, 0, -2, 0, 5, 7247 }, // U+0339
    { 10, 5, 0, -5, -1, 7, 7252 }, // U+033A
    { 10, 6, 0, -5, 0, 13, 7259 }, // U+033B
    { 10, 4, 0, -5, -1, 9, 7272 }, // U+033C
    { 6, 6, 0, -3, 20, 10, 7281 }, // U+033D
    { 4, 8, 0, -2, 22, 9, 7291 }, // U+033E
    { 12, 6, 0, -6, 25, 8, 7300 }, // U+033F
    { 6, 5, 0, -4, 20, 5, 7308 }, // U+0340
    { 6, 5, 0, -1, 20, 5, 7313 }, // U+0341
    { 10, 4, 0, -5, 19, 6, 7318 }, // U+0342
    { 4, 5, 0, -2, 20, 5, 7324 }, // U+0343
    { 9, 5, 0, -4, 20, 12, 7329 }, // U+0344
    { 4, 4, 0, -1, -2, 5, 7341 }, // U+0345
    { 12, 6, 0, -6, 20, 8, 7346 }, // U+0346
    { 12, 6, 0, -6, 0, 8, 7354 }, // U+0347
    { 6, 5, 0, -3, -1, 5, 7362 }, // U+0348
    { 6, 5, 0, -3, -1, 5, 7367 }, // U+0349
    { 10, 6, 0, -5, 20, 11, 7372 }, // U+034A
    { 10, 10, 0, -5, 24, 12, 7383 }, // U+034B
    { 10, 7, 0, -5, 22, 19, 7395 }, // U+034C
    { 10, 6, 0, -5, 0, 10, 7414 }, // U+034D
    { 6, 6, 0, -3, 0, 6, 7424 }, // U+034E
    { 18, 18, 0, -9, 18, 62, 7430 }, // U+034F
    { 5, 6, 0, -3, 20, 9, 7492 }, // U+0350
    { 4, 6, 0, -2, 21, 6, 7501 }, // U+0351
    { 8, 6, 0, -4, 21, 12, 7507 }, // U+0352
    { 6, 6, 0, -3, 0, 7, 7519 }, // U+0353
    { 5, 5, 0, -3, -1, 7, 7526 }, // U+0354
    { 5, 5, 0, -3, -1, 8, 7533 }, // U+0355
    { 10, 5, 0, -5, -1, 14, 7541 }, // U+0356
    { 4, 6, 0, -2, 21, 7, 7555 }, // U+0357
    { 3, 4, 0, 3, 19, 4, 7562 }, // U+0358
    { 6, 6, 0, -3, 0, 8, 7566 }, // U+0359
    { 10, 6, 0, -5, 0, 14, 7574 }, // U+035A
    { 6, 6, 0, -3, 20, 7, 7588 }, // U+035B
    { 20, 5, 0, -10, -1, 14, 7595 }, // U+035C
    { 20, 5, 0, -10, 19, 7, 7609 }, // U+035D
    { 16, 2, 0, -8, 17, 5, 7616 }, // U+035E
    { 16, 2, 0, -8, -2, 4, 7621 }, // U+035F
    { 20, 4, 0, -10, 19, 14, 7625 }, // U+0360
    { 20, 6, 0, -10, 22, 14, 7639 }, // U+0361
    { 21, 6, 0, -10, 0, 11, 7653 }, // U+0362
    { 6, 6, 0, -3, 21, 10, 7664 }, // U+0363
    { 6, 6, 0, -3, 21, 10, 7674 }, // U+0364
    { 2, 8, 0, -1, 23, 5, 7684 }, // U+0365
    { 7, 6, 0, -3, 21, 11, 7689 }, // U+0366
    { 6, 6, 0, -3, 21, 10, 7700 }, // U+0367
    { 5, 6, 0, -2, 21, 9, 7710 }, // U+0368
    { 6, 9, 0, -3, 24, 14, 7719 }, // U+0369
    { 6, 9, 0, -3, 24, 12, 7733 }, // U+036A
    { 10, 6, 0, -5, 21, 16, 7745 }, // U+036B
    { 5, 6, 0, -2, 21, 6, 7761 }, // U+036C
    { 5, 8, 0, -2, 23, 8, 7767 }, // U+036D
    { 7, 6, 0, -3, 21, 10, 7775 }, // U+036E
    { 7, 6, 0, -3, 21, 12, 7785 }, // U+036F
    { 11, 24, 222, 2, 24, 8, 7797 }, // U+0400
    { 11, 23, 222, 2, 23, 12, 7805 }, // U+0401
    { 17, 19, 286, 0, 18, 24, 7817 }, // U+0402
    { 11, 24, 204, 2, 24, 12, 7841 }, // U+0403
    { 14, 20, 256, 1, 19, 24, 7853 }, // U+0404
    { 12, 20, 220, 1, 19, 9, 7877 }, // U+0405
    { 3, 18, 114, 2, 18, 8, 7886 }, // U+0406
    { 7, 23, 114, 0, 23, 14, 7894 }, // U+0407
    { 7, 23, 109, -2, 18, 6, 7908 }, // U+0408
    { 24, 19, 404, 0, 18, 30, 7914 }, // U+0409
    { 23, 18, 411, 2, 18, 29, 7944 }, // U+040A
    { 17, 18, 286, 0, 18, 14, 7973 }, // U+040B
    { 14, 24, 250, 2, 24, 26, 7987 }, // U+040C
    { 15, 24, 302, 2, 24, 28, 8013 }, // U+040D
    { 16, 24, 246, 0, 23, 31, 8041 }, // U+040E
    { 14, 22, 292, 2, 18, 19, 8072 }, // U+040F
    { 16, 18, 255, 0, 18, 10, 8091 }, // U+0410
    { 13, 18, 246, 2, 18, 23, 8101 }, // U+0411
    { 13, 18, 260, 2, 18, 10, 8124 }, // U+0412
    { 11, 18, 204, 2, 18, 5, 8134 }, // U+0413
    { 18, 22, 292, 0, 18, 26, 8139 }, // U+0414
    { 11, 18, 222, 2, 18, 6, 8165 }, // U+0415
    { 23, 18, 362, 0, 18, 38, 8171 }, // U+0416
    { 13, 20, 231, 0, 19, 26, 8209 }, // U+0417
    { 15, 18, 302, 2, 18, 9, 8235 }, // U+0418
    { 15, 23, 302, 2, 23, 15, 8244 }, // U+0419
    { 14, 18, 250, 2, 18, 9, 8259 }, // U+041A
    { 16, 19, 279, 0, 18, 18, 8268 }, // U+041B
    { 19, 18, 363, 2, 18, 12, 8286 }, // U+041C
    { 15, 18, 297, 2, 18, 8, 8298 }, // U+041D
    { 17, 20, 304, 1, 19, 22, 8306 }, // U+041E
    { 14, 18, 293, 2, 18, 10, 8328 }, // U+041F
    { 12, 18, 242, 2, 18, 8, 8338 }, // U+0420
    { 14, 20, 256, 1, 19, 10, 8346 }, // U+0421
    { 14, 18, 222, 0, 18, 6, 8356 }, // U+0422
    { 16, 19, 246, 0, 18, 11, 8362 }, // U+0423
    { 19, 20, 327, 1, 19, 33, 8373 }, // U+0424
    { 15, 18, 235, 0, 18, 11, 8406 }, // U+0425
    { 17, 22, 296, 2, 18, 21, 8417 }, // U+0426
    { 14, 18, 269, 1, 18, 17, 8438 }, // U+0427
    { 22, 18, 414, 2, 18, 22, 8455 }, // U+0428
    { 24, 22, 410, 2, 18, 29, 8477 }, // U+0429
    { 16, 18, 274, 0, 18, 22, 8506 }, // U+042A
    { 17, 18, 340, 2, 18, 28, 8528 }, // U+042B
    { 12, 18, 243, 2, 18, 12, 8556 }, // U+042C
    { 14, 20, 259, 1, 19, 23, 8568 }, // U+042D
    { 22, 20, 400, 2, 19, 34, 8591 }, // U+042E
    { 14, 18, 255, 0, 18, 23, 8625 }, // U+042F
    { 11, 15, 222, 1, 14, 18, 8648 }, // U+0430
    { 13, 21, 239, 1, 20, 26, 8666 }, // U+0431
    { 11, 14, 226, 2, 14, 20, 8692 }, // U+0432
    { 9, 14, 175, 2, 14, 8, 8712 }, // U+0433
    { 15, 18, 243, 0, 14, 24, 8720 }, // U+0434
    { 12, 15, 220, 1, 14, 21, 8744 }, // U+0435
    { 19, 14, 304, 0, 14, 30, 8765 }, // U+0436
    { 12, 15, 195, 0, 14, 22, 8795 }, // U+0437
    { 12, 14, 248, 2, 14, 15, 8817 }, // U+0438
    { 12, 19, 248, 2, 19, 13, 8832 }, // U+0439
    { 12, 14, 212, 2, 14, 16, 8845 }, // U+043A
    { 13, 15, 235, 0, 14, 16, 8861 }, // U+043B
    { 16, 14, 307, 2, 14, 23, 8877 }, // U+043C
    { 12, 14, 246, 2, 14, 13, 8900 }, // U+043D
    { 13, 15, 238, 1, 14, 16, 8913 }, // U+043E
    { 12, 14, 242, 2, 14, 10, 8929 }, // U+043F
    { 12, 20, 243, 2, 14, 9, 8939 }, // U+0440
    { 11, 15, 197, 1, 14, 14, 8948 }, // U+0441
    { 12, 14, 186, 0, 14, 12, 8962 }, // U+0442
    { 13, 20, 204, 0, 14, 13, 8974 }, // U+0443
    { 17, 25, 295, 1, 19, 36, 8987 }, // U+0444
    { 13, 14, 204, 0, 14, 20, 9023 }, // U+0445
    { 14, 18, 245, 2, 14, 15, 9043 }, // U+0446
    { 12, 14, 236, 1, 14, 16, 9058 }, // U+0447
    { 19, 14, 358, 2, 14, 17, 9074 }, // U+0448
    { 21, 18, 359, 2, 14, 20, 9091 }, // U+0449
    { 15, 14, 249, 0, 14, 18, 9111 }, // U+044A
    { 15, 14, 304, 2, 14, 20, 9129 }, // U+044B
    { 11, 14, 218, 2, 14, 14, 9149 }, // U+044C
    { 11, 15, 198, 1, 14, 20, 9163 }, // U+044D
    { 17, 15, 320, 2, 14, 27, 9183 }, // U+044E
    { 13, 14, 231, 0, 14, 18, 9210 }, // U+044F
    { 12, 21, 220, 1, 20, 11, 9228 }, // U+0450
    { 12, 20, 220, 1, 19, 13, 9239 }, // U+0451
    { 14, 25, 248, 0, 19, 15, 9252 }, // U+0452
    { 9, 20, 175, 2, 20, 9, 9267 }, // U+0453
    { 11, 15, 197, 1, 14, 10, 9276 }, // U+0454
    { 10, 15, 187, 1, 14, 17, 9286 }, // U+0455
    { 4, 19, 103, 1, 19, 6, 9303 }, // U+0456
    { 6, 19, 103, 0, 19, 13, 9309 }, // U+0457
    { 7, 25, 103, -2, 19, 6, 9322 }, // U+0458
    { 21, 15, 344, 0, 14, 25, 9328 }, // U+0459
    { 20, 14, 356, 2, 14, 22, 9353 }, // U+045A
    { 14, 19, 248, 0, 19, 19, 9375 }, // U+045B
    { 12, 20, 212, 2, 20, 20, 9394 }, // U+045C
    { 12, 20, 248, 2, 20, 11, 9414 }, // U+045D
    { 13, 25, 204, 0, 19, 19, 9425 }, // U+045E
    { 12, 18, 242, 2, 14, 14, 9444 }, // U+045F
    { 23, 19, 368, 0, 18, 38, 9458 }, // U+0460
    { 20, 14, 316, 0, 14, 28, 9496 }, // U+0461
    { 16, 18, 270, 0, 18, 26, 9524 }, // U+0462
    { 15, 17, 254, 0, 17, 23, 9550 }, // U+0463
    { 21, 20, 369, 2, 19, 34, 9573 }, // U+0464
    { 16, 15, 297, 2, 14, 25, 9607 }, // U+0465
    { 18, 18, 273, 0, 18, 30, 9632 }, // U+0466
    { 15, 14, 229, 0, 14, 22, 9662 }, // U+0467
    { 22, 18, 372, 2, 18, 41, 9684 }, // U+0468
    { 18, 14, 312, 2, 14, 31, 9725 }, // U+0469
    { 18, 18, 292, 0, 18, 32, 9756 }, // U+046A
    { 16, 14, 256, 0, 14, 28, 9788 }, // U+046B
    { 23, 18, 394, 2, 18, 46, 9816 }, // U+046C
    { 20, 14, 340, 2, 14, 38, 9862 }, // U+046D
    { 14, 28, 235, 0, 22, 41, 9900 }, // U+046E
    { 12, 22, 196, 0, 17, 31, 9941 }, // U+046F
    { 17, 18, 322, 2, 18, 21, 9972 }, // U+0470
    { 16, 25, 304, 1, 19, 27, 9993 }, // U+0471
    { 17, 20, 313, 1, 19, 13, 10020 }, // U+0472
    { 13, 15, 242, 1, 14, 13, 10033 }, // U+0473
    { 17, 18, 254, 0, 18, 24, 10046 }, // U+0474
    { 14, 14, 206, 0, 14, 21, 10070 }, // U+0475
    { 17, 24, 254, 0, 24, 17, 10091 }, // U+0476
    { 14, 20, 206, 0, 20, 19, 10108 }, // U+0477
    { 30, 25, 488, 1, 19, 46, 10127 }, // U+0478
    { 27, 20, 438, 1, 14, 43, 10173 }, // U+0479
    { 18, 22, 328, 1, 20, 32, 10216 }, // U+047A
    { 15, 17, 264, 1, 15, 25, 10248 }, // U+047B
    { 24, 27, 410, 1, 26, 52, 10273 }, // U+047C
    { 21, 24, 362, 1, 23, 48, 10325 }, // U+047D
    { 23, 24, 368, 0, 23, 22, 10373 }, // U+047E
    { 20, 18, 316, 0, 18, 19, 10395 }, // U+047F
    { 15, 25, 257, 1, 19, 14, 10414 }, // U+0480
    { 11, 20, 197, 1, 14, 11, 10428 }, // U+0481
    { 13, 17, 244, 1, 16, 28, 10439 }, // U+0482
    { 10, 4, 0, -12, 18, 8, 10467 }, // U+0483
    { 10, 4, 0, -12, 19, 9, 10475 }, // U+0484
    { 4, 5, 0, -9, 20, 6, 10484 }, // U+0485
    { 4, 5, 0, -9, 20, 6, 10490 }, // U+0486
    { 10, 4, 0, -5, 23, 8, 10496 }, // U+0487
    { 30, 27, 0, -15, 20, 54, 10504 }, // U+0488
    { 28, 28, 0, -14, 21, 43, 10558 }, // U+0489
    { 18, 29, 314, 2, 24, 36, 10601 }, // U+048A
    { 15, 24, 264, 2, 19, 28, 10637 }, // U+048B
    { 15, 18, 246, 0, 18, 27, 10665 }, // U+048C
    { 14, 19, 238, 0, 19, 23, 10692 }, // U+048D
    { 13, 18, 245, 2, 18, 19, 10715 }, // U+048E
    { 12, 20, 246, 2, 14, 15, 10734 }, // U+048F
    { 11, 22, 213, 2, 22, 9, 10749 }, // U+0490
    { 9, 18, 174, 2, 18, 8, 10758 }, // U+0491
    { 13, 18, 212, 0, 18, 17, 10766 }, // U+0492
    { 11, 14, 174, 0, 14, 15, 10783 }, // U+0493
    { 14, 25, 260, 2, 18, 26, 10798 }, // U+0494
    { 11, 21, 213, 2, 14, 23, 10824 }, // U+0495
    { 23, 23, 362, 0, 18, 43, 10847 }, // U+0496
    { 20, 19, 318, 0, 14, 37, 10890 }, // U+0497
    { 13, 25, 231, 0, 19, 17, 10927 }, // U+0498
    { 12, 20, 195, 0, 14, 16, 10944 }, // U+0499
    { 15, 23, 268, 2, 18, 27, 10960 }, // U+049A
    { 12, 19, 223, 2, 14, 21, 10987 }, // U+049B
    { 14, 18, 250, 2, 18, 24, 11008 }, // U+049C
    { 11, 14, 212, 2, 14, 29, 11032 }, // U+049D
    { 16, 18, 250, 0, 18, 31, 11061 }, // U+049E
    { 13, 19, 214, 0, 19, 25, 11092 }, // U+049F
    { 18, 18, 277, 0, 18, 27, 11117 }, // U+04A0
    { 16, 14, 249, 0, 14, 21, 11144 }, // U+04A1
    { 17, 23, 302, 2, 18, 21, 11165 }, // U+04A2
    { 14, 19, 263, 2, 14, 20, 11186 }, // U+04A3
    { 19, 18, 326, 2, 18, 20, 11206 }, // U+04A4
    { 17, 14, 295, 2, 14, 17, 11226 }, // U+04A5
    { 24, 25, 422, 2, 18, 31, 11243 }, // U+04A6
    { 19, 21, 345, 2, 14, 26, 11274 }, // U+04A7
    { 18, 21, 312, 1, 19, 36, 11300 }, // U+04A8
    { 15, 15, 257, 1, 14, 28, 11336 }, // U+04A9
    { 15, 25, 253, 1, 19, 15, 11364 }, // U+04AA
    { 11, 20, 192, 1, 14, 14, 11379 }, // U+04AB
    { 14, 23, 222, 0, 18, 10, 11393 }, // U+04AC
    { 12, 19, 190, 0, 14, 13, 11403 }, // U+04AD
    { 15, 18, 226, 0, 18, 9, 11416 }, // U+04AE
    { 13, 20, 203, 0, 14, 17, 11425 }, // U+04AF
    { 15, 18, 226, 0, 18, 15, 11442 }, // U+04B0
    { 13, 20, 203, 0, 14, 15, 11457 }, // U+04B1
    { 16, 23, 252, 0, 18, 28, 11472 }, // U+04B2
    { 14, 19, 221, 0, 14, 22, 11500 }, // U+04B3
    { 21, 23, 345, 0, 18, 25, 11522 }, // U+04B4
    { 18, 19, 290, 0, 14, 24, 11547 }, // U+04B5
    { 16, 23, 281, 2, 18, 21, 11571 }, // U+04B6
    { 15, 19, 248, 1, 14, 19, 11592 }, // U+04B7
    { 14, 18, 279, 2, 18, 25, 11611 }, // U+04B8
    { 12, 14, 242, 1, 14, 19, 11636 }, // U+04B9
    { 14, 18, 279, 2, 18, 17, 11655 }, // U+04BA
    { 12, 19, 247, 2, 19, 7, 11672 }, // U+04BB
    { 20, 20, 340, 0, 19, 32, 11679 }, // U+04BC
    { 16, 15, 266, 0, 14, 26, 11711 }, // U+04BD
    { 20, 24, 340, 0, 19, 17, 11737 }, // U+04BE
    { 16, 19, 266, 0, 14, 14, 11754 }, // U+04BF
    { 7, 18, 136, 1, 18, 6, 11768 }, // U+04C0
    { 23, 23, 362, 0, 23, 19, 11774 }, // U+04C1
    { 19, 19, 304, 0, 19, 18, 11793 }, // U+04C2
    { 15, 25, 278, 2, 18, 31, 11811 }, // U+04C3
    { 12, 21, 224, 2, 14, 23, 11842 }, // U+04C4
    { 18, 23, 288, 0, 18, 24, 11865 }, // U+04C5
    { 15, 19, 235, 0, 14, 20, 11889 }, // U+04C6
    { 15, 25, 292, 2, 18, 14, 11909 }, // U+04C7
    { 12, 21, 248, 2, 14, 18, 11923 }, // U+04C8
    { 17, 23, 302, 2, 18, 13, 11941 }, // U+04C9
    { 15, 19, 265, 2, 14, 21, 11954 }, // U+04CA
    { 14, 23, 279, 2, 18, 20, 11975 }, // U+04CB
    { 13, 19, 245, 1, 14, 19, 11995 }, // U+04CC
    { 21, 23, 367, 2, 18, 42, 12014 }, // U+04CD
    { 17, 19, 302, 2, 14, 32, 12056 }, // U+04CE
    { 7, 18, 136, 1, 18, 6, 12088 }, // U+04CF
    { 16, 23, 256, 0, 23, 16, 12094 }, // U+04D0
    { 11, 20, 224, 1, 19, 13, 12110 }, // U+04D1
    { 16, 23, 256, 0, 23, 14, 12123 }, // U+04D2
    { 11, 20, 224, 1, 19, 9, 12137 }, // U+04D3
    { 22, 18, 352, -1, 18, 10, 12146 }, // U+04D4
    { 20, 15, 346, 1, 14, 12, 12156 }, // U+04D5
    { 11, 23, 222, 2, 23, 11, 12168 }, // U+04D6
    { 12, 20, 226, 1, 19, 15, 12179 }, // U+04D7
    { 16, 20, 296, 1, 19, 25, 12194 }, // U+04D8
    { 12, 15, 226, 1, 14, 8, 12219 }, // U+04D9
    { 16, 24, 296, 1, 23, 14, 12227 }, // U+04DA
    { 12, 20, 226, 1, 19, 13, 12241 }, // U+04DB
    { 23, 23, 362, 0, 23, 17, 12254 }, // U+04DC
    { 19, 19, 304, 0, 19, 15, 12271 }, // U+04DD
    { 13, 24, 231, 0, 23, 14, 12286 }, // U+04DE
    { 12, 20, 195, 0, 19, 13, 12300 }, // U+04DF
    { 14, 19, 234, 0, 18, 9, 12313 }, // U+04E0
    { 12, 20, 199, 0, 14, 10, 12322 }, // U+04E1
    { 15, 21, 302, 2, 21, 12, 12332 }, // U+04E2
    { 12, 17, 248, 2, 17, 10, 12344 }, // U+04E3
    { 15, 23, 302, 2, 23, 15, 12354 }, // U+04E4
    { 12, 19, 248, 2, 19, 12, 12369 }, // U+04E5
    { 17, 24, 312, 1, 23, 11, 12381 }, // U+04E6
    { 13, 20, 242, 1, 19, 11, 12392 }, // U+04E7
    { 17, 20, 313, 1, 19, 10, 12403 }, // U+04E8
    { 13, 15, 242, 1, 14, 9, 12413 }, // U+04E9
    { 17, 24, 313, 1, 23, 15, 12422 }, // U+04EA
    { 13, 20, 242, 1, 19, 13, 12437 }, // U+04EB
    { 14, 24, 259, 1, 23, 14, 12450 }, // U+04EC
    { 11, 20, 198, 1, 19, 12, 12464 }, // U+04ED
    { 16, 22, 246, 0, 21, 14, 12476 }, // U+04EE
    { 13, 23, 204, 0, 17, 16, 12490 }, // U+04EF
    { 16, 24, 246, 0, 23, 15, 12506 }, // U+04F0
    { 13, 25, 204, 0, 19, 18, 12521 }, // U+04F1
    { 16, 25, 246, 0, 24, 18, 12539 }, // U+04F2
    { 13, 26, 204, 0, 20, 16, 12557 }, // U+04F3
    { 14, 23, 269, 1, 23, 13, 12573 }, // U+04F4
    { 12, 19, 236, 1, 19, 12, 12586 }, // U+04F5
    { 11, 23, 212, 2, 18, 11, 12598 }, // U+04F6
    { 9, 19, 173, 2, 14, 10, 12609 }, // U+04F7
    { 17, 23, 340, 2, 23, 14, 12619 }, // U+04F8
    { 15, 19, 304, 2, 19, 12, 12633 }, // U+04F9
    { 13, 23, 212, 0, 18, 13, 12645 }, // U+04FA
    { 11, 19, 174, 0, 14, 13, 12658 }, // U+04FB
    { 16, 23, 253, 0, 18, 17, 12671 }, // U+04FC
    { 14, 19, 220, 0, 14, 14, 12688 }, // U+04FD
    { 15, 18, 234, 0, 18, 16, 12702 }, // U+04FE
    { 13, 14, 212, 0, 14, 13, 12718 }, // U+04FF
    { 16, 23, 256, 0, 18, 14, 12731 }, // U+1EA0
    { 11, 19, 224, 1, 14, 10, 12745 }, // U+1EA1
    { 16, 25, 256, 0, 25, 16, 12755 }, // U+1EA2
    { 11, 22, 224, 1, 21, 14, 12771 }, // U+1EA3
    { 16, 25, 256, 0, 25, 18, 12785 }, // U+1EA4
    { 13, 22, 224, 1, 21, 32, 12803 }, // U+1EA5
    { 16, 25, 256, 0, 25, 19, 12835 }, // U+1EA6
    { 12, 22, 224, 0, 21, 34, 12854 }, // U+1EA7
    { 16, 26, 256, 0, 26, 21, 12888 }, // U+1EA8
    { 12, 23, 224, 1, 22, 39, 12909 }, // U+1EA9
    { 16, 27, 256, 0, 27, 24, 12948 }, // U+1EAA
    { 11, 24, 224, 1, 23, 22, 12972 }, // U+1EAB
    { 16, 29, 256, 0, 24, 17, 12994 }, // U+1EAC
    { 11, 25, 224, 1, 20, 17, 13011 }, // U+1EAD
    { 16, 26, 256, 0, 26, 20, 13028 }, // U+1EAE
    { 11, 23, 224, 1, 22, 14, 13048 }, // U+1EAF
    { 16, 26, 256, 0, 26, 20, 13062 }, // U+1EB0
    { 11, 23, 224, 1, 22, 15, 13082 }, // U+1EB1
    { 16, 27, 256, 0, 27, 24, 13097 }, // U+1EB2
    { 11, 23, 224, 1, 22, 16, 13121 }, // U+1EB3
    { 16, 27, 256, 0, 27, 26, 13137 }, // U+1EB4
    { 11, 24, 224, 1, 23, 19, 13163 }, // U+1EB5
    { 16, 28, 256, 0, 23, 18, 13182 }, // U+1EB6
    { 11, 24, 224, 1, 19, 15, 13200 }, // U+1EB7
    { 11, 23, 222, 2, 18, 11, 13215 }, // U+1EB8
    { 12, 19, 226, 1, 14, 13, 13226 }, // U+1EB9
    { 11, 25, 222, 2, 25, 13, 13239 }, // U+1EBA
    { 12, 22, 226, 1, 21, 16, 13252 }, // U+1EBB
    { 11, 23, 222, 2, 23, 15, 13268 }, // U+1EBC
    { 12, 20, 226, 1, 19, 17, 13283 }, // U+1EBD
    { 12, 25, 222, 2, 25, 29, 13300 }, // U+1EBE
    { 13, 22, 226, 1, 21, 32, 13329 }, // U+1EBF
    { 13, 25, 222, 0, 25, 27, 13361 }, // U+1EC0
    { 13, 22, 226, 0, 21, 32, 13388 }, // U+1EC1
    { 12, 26, 222, 2, 26, 15, 13420 }, // U+1EC2
    { 13, 23, 226, 1, 22, 35, 13435 }, // U+1EC3
    { 11, 27, 222, 2, 27, 21, 13470 }, // U+1EC4
    { 12, 24, 226, 1, 23, 24, 13491 }, // U+1EC5
    { 11, 29, 222, 2, 24, 14, 13515 }, // U+1EC6
    { 12, 25, 226, 1, 20, 16, 13529 }, // U+1EC7
    { 7, 25, 136, 1, 25, 13, 13545 }, // U+1EC8
    { 6, 21, 103, 1, 21, 10, 13558 }, // U+1EC9
    { 7, 23, 136, 1, 18, 9, 13568 }, // U+1ECA
    { 4, 24, 103, 1, 19, 9, 13577 }, // U+1ECB
    { 17, 24, 312, 1, 19, 13, 13586 }, // U+1ECC
    { 13, 19, 242, 1, 14, 13, 13599 }, // U+1ECD
    { 17, 26, 312, 1, 25, 15, 13612 }, // U+1ECE
    { 13, 22, 242, 1, 21, 18, 13627 }, // U+1ECF
    { 17, 26, 312, 1, 25, 17, 13645 }, // U+1ED0
    { 14, 22, 242, 1, 21, 31, 13662 }, // U+1ED1
    { 17, 26, 312, 1, 25, 19, 13693 }, // U+1ED2
    { 13, 22, 242, 1, 21, 18, 13712 }, // U+1ED3
    { 17, 27, 312, 1, 26, 19, 13730 }, // U+1ED4
    { 13, 23, 242, 1, 22, 19, 13749 }, // U+1ED5
    { 17, 28, 312, 1, 27, 24, 13768 }, // U+1ED6
    { 13, 24, 242, 1, 23, 22, 13792 }, // U+1ED7
    { 17, 29, 312, 1, 24, 16, 13814 }, // U+1ED8
    { 13, 25, 242, 1, 20, 16, 13830 }, // U+1ED9
    { 20, 25, 314, 1, 24, 14, 13846 }, // U+1EDA
    { 16, 21, 246, 1, 20, 14, 13860 }, // U+1EDB
    { 20, 25, 314, 1, 24, 14, 13874 }, // U+1EDC
    { 16, 21, 246, 1, 20, 14, 13888 }, // U+1EDD
    { 20, 26, 314, 1, 25, 18, 13902 }, // U+1EDE
    { 16, 22, 246, 1, 21, 16, 13920 }, // U+1EDF
    { 20, 24, 314, 1, 23, 19, 13936 }, // U+1EE0
    { 16, 20, 246, 1, 19, 18, 13955 }, // U+1EE1
    { 20, 24, 314, 1, 19, 15, 13973 }, // U+1EE2
    { 16, 21, 246, 1, 16, 15, 13988 }, // U+1EE3
    { 14, 23, 292, 2, 18, 11, 14003 }, // U+1EE4
    { 13, 19, 247, 1, 14, 11, 14014 }, // U+1EE5
    { 14, 26, 292, 2, 25, 13, 14025 }, // U+1EE6
    { 13, 22, 247, 1, 21, 15, 14038 }, // U+1EE7
    { 19, 25, 312, 2, 24, 14, 14053 }, // U+1EE8
    { 17, 21, 270, 1, 20, 13, 14067 }, // U+1EE9
    { 19, 25, 312, 2, 24, 14, 14080 }, // U+1EEA
    { 17, 21, 270, 1, 20, 14, 14094 }, // U+1EEB
    { 19, 26, 312, 2, 25, 15, 14108 }, // U+1EEC
    { 17, 22, 270, 1, 21, 16, 14123 }, // U+1EED
    { 19, 24, 312, 2, 23, 18, 14139 }, // U+1EEE
    { 17, 20, 270, 1, 19, 18, 14157 }, // U+1EEF
    { 19, 24, 312, 2, 19, 13, 14175 }, // U+1EF0
    { 17, 21, 270, 1, 16, 14, 14188 }, // U+1EF1
    { 15, 24, 226, 0, 24, 13, 14202 }, // U+1EF2
    { 13, 26, 204, 0, 20, 13, 14215 }, // U+1EF3
    { 15, 23, 226, 0, 18, 12, 14228 }, // U+1EF4
    { 13, 20, 204, 0, 14, 14, 14240 }, // U+1EF5
    { 15, 25, 226, 0, 25, 15, 14254 }, // U+1EF6
    { 13, 27, 204, 0, 21, 15, 14269 }, // U+1EF7
    { 15, 23, 226, 0, 23, 18, 14284 }, // U+1EF8
    { 13, 25, 204, 0, 19, 18, 14302 }, // U+1EF9
    { 0, 0, 200, 0, 0, 0, 14320 }, // U+2000
    { 0, 0, 400, 0, 0, 0, 14320 }, // U+2001
    { 0, 0, 200, 0, 0, 0, 14320 }, // U+2002
    { 0, 0, 400, 0, 0, 0, 14320 }, // U+2003
    { 0, 0, 133, 0, 0, 0, 14320 }, // U+2004
    { 0, 0, 100, 0, 0, 0, 14320 }, // U+2005
    { 0, 0, 67, 0, 0, 0, 14320 }, // U+2006
    { 0, 0, 229, 0, 0, 0, 14320 }, // U+2007
    { 0, 0, 107, 0, 0, 0, 14320 }, // U+2008
    { 0, 0, 66, 0, 0, 0, 14320 }, // U+2009
    { 0, 0, 40, 0, 0, 0, 14320 }, // U+200A
    { 0, 0, 0, 0, 0, 0, 14320 }, // U+200B
    { 0, 0, 0, 0, 0, 0, 14320 }, // U+200C
    { 0, 0, 0, 0, 0, 0, 14320 }, // U+200D
    { 7, 22, 0, -1, 18, 15, 14320 }, // U+200E
    { 7, 22, 0, -6, 18, 14, 14335 }, // U+200F
    { 7, 3, 129, 1, 8, 4, 14349 }, // U+2010
    { 7, 3, 129, 1, 8, 4, 14353 }, // U+2011
    { 13, 2, 229, 1, 10, 4, 14357 }, // U+2012
    { 11, 3, 200, 1, 8, 6, 14361 }, // U+2013
    { 23, 3, 400, 1, 8, 8, 14367 }, // U+2014
    { 23, 3, 400, 1, 8, 4, 14375 }, // U+2015
    { 8, 26, 220, 3, 19, 17, 14379 }, // U+2016
    { 12, 6, 164, -1, 0, 10, 14396 }, // U+2017
    { 5, 7, 70, 0, 18, 6, 14406 }, // U+2018
    { 5, 7, 70, 0, 18, 6, 14412 }, // U+2019
    { 5, 7, 100, 0, 3, 6, 14418 }, // U+201A
    { 5, 7, 70, 0, 18, 7, 14424 }, // U+201B
    { 9, 7, 144, 0, 18, 12, 14431 }, // U+201C
    { 9, 7, 144, 0, 18, 11, 14443 }, // U+201D
    { 10, 7, 166, 0, 3, 11, 14454 }, // U+201E
    { 9, 7, 144, 0, 18, 12, 14465 }, // U+201F
    { 11, 19, 205, 1, 19, 17, 14477 }, // U+2020
    { 11, 19, 205, 1, 19, 30, 14494 }, // U+2021
    { 7, 7, 150, 1, 13, 7, 14524 }, // U+2022
    { 8, 8, 147, 1, 13, 10, 14531 }, // U+2023
    { 4, 5, 200, 4, 4, 5, 14541 }, // U+2024
    { 11, 5, 214, 1, 4, 9, 14546 }, // U+2025
    { 17, 5, 316, 1, 4, 13, 14555 }, // U+2026
    { 4, 5, 107, 1, 9, 4, 14568 }, // U+2027
    { 0, 0, 240, 0, 0, 0, 14572 }, // U+2028
    { 0, 0, 240, 0, 0, 0, 14572 }, // U+2029
    { 7, 20, 0, -1, 16, 7, 14572 }, // U+202A
    { 7, 20, 0, -6, 16, 7, 14579 }, // U+202B
    { 6, 22, 0, -3, 18, 11, 14586 }, // U+202C
    { 6, 22, 0, -3, 18, 12, 14597 }, // U+202D
    { 6, 22, 0, -3, 18, 10, 14609 }, // U+202E
    { 0, 0, 66, 0, 0, 0, 14619 }, // U+202F
    { 28, 20, 471, 1, 19, 56, 14619 }, // U+2030
    { 37, 20, 618, 1, 19, 70, 14675 }, // U+2031
    { 7, 7, 93, 0, 18, 6, 14745 }, // U+2032
    { 11, 7, 163, 0, 18, 12, 14751 }, // U+2033
    { 16, 7, 234, 0, 18, 18, 14763 }, // U+2034
    { 6, 7, 93, -1, 18, 6, 14781 }, // U+2035
    { 10, 7, 176, -1, 18, 12, 14787 }, // U+2036
    { 14, 7, 241, -1, 18, 17, 14799 }, // U+2037
    { 10, 9, 160, 0, 3, 12, 14816 }, // U+2038
    { 6, 11, 124, 1, 12, 10, 14828 }, // U+2039
    { 7, 11, 124, 0, 12, 12, 14838 }, // U+203A
    { 19, 20, 335, 1, 19, 45, 14850 }, // U+203B
    { 10, 19, 200, 1, 18, 21, 14895 }, // U+203C
    { 11, 20, 178, 0, 19, 23, 14916 }, // U+203D
    { 14, 2, 200, -1, 21, 4, 14939 }, // U+203E
    { 15, 6, 244, 0, 0, 11, 14943 }, // U+203F
    { 15, 6, 244, 0, 20, 12, 14954 }, // U+2040
    { 9, 17, 150, 0, 11, 15, 14966 }, // U+2041
    { 28, 23, 447, 0, 19, 66, 14981 }, // U+2042
    { 7, 3, 129, 1, 8, 4, 15047 }, // U+2043
    { 13, 18, 52, -5, 18, 14, 15051 }, // U+2044
    { 7, 22, 130, 1, 18, 11, 15065 }, // U+2045
    { 7, 22, 130, 0, 18, 10, 15076 }, // U+2046
    { 21, 20, 342, 0, 19, 35, 15086 }, // U+2047
    { 16, 20, 272, 0, 19, 30, 15121 }, // U+2048
    { 16, 20, 273, 1, 19, 28, 15151 }, // U+2049
    { 13, 14, 229, 0, 14, 13, 15179 }, // U+204A
    { 13, 23, 262, 2, 19, 22, 15192 }, // U+204B
    { 13, 14, 256, 1, 14, 15, 15214 }, // U+204C
    { 13, 14, 256, 2, 14, 16, 15229 }, // U+204D
    { 12, 12, 220, 1, 6, 10, 15245 }, // U+204E
    { 5, 18, 95, 1, 14, 10, 15255 }, // U+204F
    { 15, 26, 242, 0, 20, 19, 15265 }, // U+2050
    { 12, 25, 220, 1, 19, 33, 15284 }, // U+2051
    { 10, 20, 149, 0, 19, 17, 15317 }, // U+2052
    { 23, 5, 400, 1, 10, 17, 15334 }, // U+2053
    { 15, 6, 242, 0, 0, 14, 15351 }, // U+2054
    { 14, 14, 229, 0, 13, 29, 15365 }, // U+2055
    { 11, 20, 207, 1, 19, 12, 15394 }, // U+2056
    { 20, 7, 297, 0, 18, 24, 15406 }, // U+2057
    { 19, 20, 329, 1, 19, 17, 15430 }, // U+2058
    { 19, 20, 332, 1, 19, 20, 15447 }, // U+2059
    { 4, 20, 88, 1, 19, 8, 15467 }, // U+205A
    { 15, 20, 262, 1, 19, 17, 15475 }, // U+205B
    { 19, 20, 318, 0, 19, 29, 15492 }, // U+205C
    { 4, 19, 107, 1, 18, 11, 15521 }, // U+205D
    { 4, 20, 107, 1, 19, 15, 15532 }, // U+205E
    { 0, 0, 89, 0, 0, 0, 15547 }, // U+205F
    { 0, 0, 240, 0, 0, 0, 15547 }, // U+2060
    { 0, 0, 240, 0, 0, 0, 15547 }, // U+2061
    { 0, 0, 240, 0, 0, 0, 15547 }, // U+2062
    { 0, 0, 240, 0, 0, 0, 15547 }, // U+2063
    { 0, 0, 240, 0, 0, 0, 15547 }, // U+2064
    { 0, 0, 0, 0, 0, 0, 15547 }, // U+2066
    { 0, 0, 0, 0, 0, 0, 15547 }, // U+2067
    { 0, 0, 0, 0, 0, 0, 15547 }, // U+2068
    { 0, 0, 0, 0, 0, 0, 15547 }, // U+2069
    { 6, 22, 0, -3, 18, 13, 15547 }, // U+206A
    { 6, 22, 0, -3, 18, 10, 15560 }, // U+206B
    { 6, 22, 0, -3, 18, 9, 15570 }, // U+206C
    { 6, 22, 0, -3, 18, 11, 15579 }, // U+206D
    { 6, 22, 0, -3, 18, 14, 15590 }, // U+206E
    { 6, 22, 0, -3, 18, 12, 15604 }, // U+206F
    { 9, 12, 140, 0, 22, 16, 15616 }, // U+2070
    { 2, 12, 67, 1, 19, 6, 15632 }, // U+2071
    { 9, 12, 140, 0, 22, 14, 15638 }, // U+2074
    { 8, 12, 140, 0, 22, 14, 15652 }, // U+2075
    { 9, 12, 140, 0, 22, 21, 15666 }, // U+2076
    { 9, 12, 140, 0, 22, 11, 15687 }, // U+2077
    { 9, 12, 140, 0, 22, 20, 15698 }, // U+2078
    { 9, 12, 140, 0, 22, 16, 15718 }, // U+2079
    { 8, 8, 135, 0, 19, 11, 15734 }, // U+207A
    { 8, 2, 135, 0, 16, 4, 15745 }, // U+207B
    { 8, 5, 135, 0, 17, 8, 15749 }, // U+207C
    { 5, 14, 90, 1, 23, 9, 15757 }, // U+207D
    { 5, 14, 90, 0, 23, 9, 15766 }, // U+207E
    { 8, 9, 161, 1, 16, 10, 15775 }, // U+207F
    { 9, 12, 140, 0, 8, 7, 15785 }, // U+2080
    { 6, 12, 140, 0, 8, 6, 15792 }, // U+2081
    { 8, 12, 140, 0, 8, 7, 15798 }, // U+2082
    { 9, 12, 140, 0, 8, 8, 15805 }, // U+2083
    { 9, 12, 140, 0, 8, 7, 15813 }, // U+2084
    { 8, 12, 140, 0, 8, 7, 15820 }, // U+2085
    { 9, 12, 140, 0, 8, 10, 15827 }, // U+2086
    { 9, 12, 140, 0, 8, 6, 15837 }, // U+2087
    { 9, 12, 140, 0, 8, 9, 15843 }, // U+2088
    { 9, 12, 140, 0, 8, 7, 15852 }, // U+2089
    { 8, 8, 135, 0, 6, 7, 15859 }, // U+208A
    { 8, 2, 135, 0, 3, 4, 15866 }, // U+208B
    { 8, 5, 135, 0, 4, 6, 15870 }, // U+208C
    { 5, 14, 90, 1, 9, 6, 15876 }, // U+208D
    { 5, 14, 90, 0, 9, 6, 15882 }, // U+208E
    { 8, 9, 146, 0, 6, 19, 15888 }, // U+2090
    { 9, 9, 147, 0, 6, 21, 15907 }, // U+2091
    { 9, 9, 157, 0, 6, 13, 15928 }, // U+2092
    { 9, 9, 138, 0, 6, 15, 15941 }, // U+2093
    { 9, 9, 147, 0, 6, 18, 15956 }, // U+2094
    { 8, 12, 161, 1, 9, 14, 15974 }, // U+2095
    { 8, 12, 139, 1, 9, 14, 15988 }, // U+2096
    { 2, 12, 67, 1, 9, 5, 16002 }, // U+2097
    { 13, 9, 243, 1, 6, 20, 16007 }, // U+2098
    { 8, 9, 161, 1, 6, 7, 16027 }, // U+2099
    { 9, 12, 160, 1, 6, 16, 16034 }, // U+209A
    { 8, 9, 124, 0, 6, 17, 16050 }, // U+209B
    { 6, 11, 94, 0, 8, 11, 16067 }, // U+209C
    { 14, 19, 229, 0, 19, 23, 16078 }, // U+20A0
    { 13, 21, 229, 1, 19, 35, 16101 }, // U+20A1
    { 13, 20, 229, 1, 19, 23, 16136 }, // U+20A2
    { 12, 18, 229, 1, 18, 19, 16159 }, // U+20A3
    { 14, 19, 229, 0, 19, 26, 16178 }, // U+20A4
    { 20, 20, 374, 2, 17, 22, 16204 }, // U+20A5
    { 15, 18, 229, 0, 18, 35, 16226 }, // U+20A6
    { 18, 19, 310, 1, 18, 31, 16261 }, // U+20A7
    { 18, 19, 333, 2, 18, 40, 16292 }, // U+20A8
    { 17, 18, 268, 0, 18, 46, 16332 }, // U+20A9
    { 16, 18, 320, 2, 18, 26, 16378 }, // U+20AA
    { 15, 23, 247, 1, 19, 13, 16404 }, // U+20AB
    { 14, 20, 229, 0, 19, 28, 16417 }, // U+20AC
    { 15, 18, 229, 0, 18, 30, 16445 }, // U+20AD
    { 14, 18, 229, 0, 18, 26, 16475 }, // U+20AE
    { 24, 25, 388, 0, 19, 43, 16501 }, // U+20AF
    { 13, 25, 229, 0, 19, 33, 16544 }, // U+20B0
    { 15, 18, 229, 0, 18, 39, 16577 }, // U+20B1
    { 16, 21, 291, 1, 19, 18, 16616 }, // U+20B2
    { 16, 18, 243, 0, 18, 34, 16634 }, // U+20B3
    { 14, 20, 220, 0, 19, 35, 16668 }, // U+20B4
    { 15, 21, 253, 1, 19, 16, 16703 }, // U+20B5
    { 15, 18, 248, 0, 17, 29, 16719 }, // U+20B6
    { 17, 21, 290, 0, 19, 48, 16748 }, // U+20B7
    { 14, 18, 218, 0, 18, 13, 16796 }, // U+20B8
    { 12, 18, 229, 1, 18, 25, 16809 }, // U+20B9
    { 14, 19, 229, 0, 18, 33, 16834 }, // U+20BA
    { 20, 20, 312, 0, 19, 42, 16867 }, // U+20BB
    { 18, 18, 324, 1, 18, 25, 16909 }, // U+20BC
    { 14, 18, 233, 0, 18, 29, 16934 }, // U+20BD
    { 17, 20, 308, 1, 20, 36, 16963 }, // U+20BE
    { 12, 24, 229, 2, 21, 36, 16999 }, // U+20BF
    { 10, 18, 197, 1, 14, 19, 17035 }, // U+20C0
    { 12, 3, 229, 1, 10, 5, 17054 }, // U+2212
    { 19, 20, 275, 0, 20, 32, 17059 }, // U+FB00
    { 14, 20, 241, 0, 20, 27, 17091 }, // U+FB01
    { 13, 20, 241, 0, 20, 24, 17118 }, // U+FB02
    { 22, 20, 378, 0, 20, 41, 17142 }, // U+FB03
    { 22, 20, 378, 0, 20, 17, 17183 }, // U+FB04
    { 15, 21, 269, 2, 20, 24, 17200 }, // U+FB05
    { 20, 21, 336, 1, 20, 44, 17224 }, // U+FB06
    { 23, 23, 400, 1, 19, 37, 17268 }, // U+FFFD
};

static const EpdUnicodeInterval notosans_12_regularIntervals[] = {
    { 0x0, 0x0, 0x0 },
    { 0xD, 0xD, 0x1 },
    { 0x20, 0x7E, 0x2 },
    { 0xA0, 0x17F, 0x61 },
    { 0x1A0, 0x1A1, 0x141 },
    { 0x1AF, 0x1B0, 0x143 },
    { 0x1C4, 0x21F, 0x145 },
    { 0x300, 0x36F, 0x1A1 },
    { 0x400, 0x4FF, 0x211 },
    { 0x1EA0, 0x1EF9, 0x311 },
    { 0x2000, 0x2064, 0x36B },
    { 0x2066, 0x2071, 0x3D0 },
    { 0x2074, 0x208E, 0x3DC },
    { 0x2090, 0x209C, 0x3F7 },
    { 0x20A0, 0x20C0, 0x404 },
    { 0x2212, 0x2212, 0x425 },
    { 0xFB00, 0xFB06, 0x426 },
    { 0xFFFD, 0xFFFD, 0x42D },
};

static const EpdKernClassEntry notosans_12_regularKernLeftClasses[] = {
    { 0x0022, 1 }, // "
    { 0x0026, 2 }, // &
    { 0x0027, 1 }, // '
    { 0x0028, 3 }, // (
    { 0x002C, 4 }, // ,
    { 0x002D, 5 }, // -
    { 0x002E, 4 }, // .
    { 0x003A, 6 }, // :
    { 0x0041, 7 }, // A
    { 0x0042, 8 }, // B
    { 0x0043, 9 }, // C
    { 0x0044, 10 }, // D
    { 0x0045, 11 }, // E
    { 0x0046, 12 }, // F
    { 0x004B, 9 }, // K
    { 0x004C, 13 }, // L
    { 0x004F, 10 }, // O
    { 0x0050, 14 }, // P
    { 0x0051, 10 }, // Q
    { 0x0052, 15 }, // R
    { 0x0054, 16 }, // T
    { 0x0055, 17 }, // U
    { 0x0056, 18 }, // V
    { 0x0057, 18 }, // W
    { 0x0058, 9 }, // X
    { 0x0059, 19 }, // Y
    { 0x005A, 20 }, // Z
    { 0x005B, 3 }, // [
    { 0x005F, 21 }, // _
    { 0x0061, 22 }, // a
    { 0x0062, 23 }, // b
    { 0x0063, 24 }, // c
    { 0x0065, 23 }, // e
    { 0x0066, 25 }, // f
    { 0x0068, 22 }, // h
    { 0x006D, 22 }, // m
    { 0x006E, 22 }, // n
    { 0x006F, 23 }, // o
    { 0x0070, 23 }, // p
    { 0x0072, 26 }, // r
    { 0x0074, 24 }, // t
    { 0x0076, 27 }, // v
    { 0x0077, 27 }, // w
    { 0x0078, 28 }, // x
    { 0x0079, 27 }, // y
    { 0x007B, 3 }, // {
    { 0x00A1, 29 }, // U+00A1
    { 0x00AB, 30 }, // U+00AB
    { 0x00BB, 31 }, // U+00BB
    { 0x00BF, 32 }, // U+00BF
    { 0x00C0, 7 }, // U+00C0
    { 0x00C1, 7 }, // U+00C1
    { 0x00C2, 7 }, // U+00C2
    { 0x00C3, 7 }, // U+00C3
    { 0x00C4, 7 }, // U+00C4
    { 0x00C5, 7 }, // U+00C5
    { 0x00C6, 11 }, // U+00C6
    { 0x00C7, 9 }, // U+00C7
    { 0x00C8, 11 }, // U+00C8
    { 0x00C9, 11 }, // U+00C9
    { 0x00CA, 11 }, // U+00CA
    { 0x00CB, 11 }, // U+00CB
    { 0x00D0, 10 }, // U+00D0
    { 0x00D2, 10 }, // U+00D2
    { 0x00D3, 10 }, // U+00D3
    { 0x00D4, 10 }, // U+00D4
    { 0x00D5, 10 }, // U+00D5
    { 0x00D6, 10 }, // U+00D6
    { 0x00D8, 10 }, // U+00D8
    { 0x00D9, 17 }, // U+00D9
    { 0x00DA, 17 }, // U+00DA
    { 0x00DB, 17 }, // U+00DB
    { 0x00DC, 17 }, // U+00DC
    { 0x00DD, 19 }, // U+00DD
    { 0x00DE, 14 }, // U+00DE
    { 0x00E0, 22 }, // U+00E0
    { 0x00E1, 22 }, // U+00E1
    { 0x00E2, 22 }, // U+00E2
    { 0x00E3, 22 }, // U+00E3
    { 0x00E4, 22 }, // U+00E4
    { 0x00E5, 22 }, // U+00E5
    { 0x00E6, 23 }, // U+00E6
    { 0x00E8, 23 }, // U+00E8
    { 0x00E9, 23 }, // U+00E9
    { 0x00EA, 23 }, // U+00EA
    { 0x00EB, 23 }, // U+00EB
    { 0x00EE, 33 }, // U+00EE
    { 0x00EF, 33 }, // U+00EF
    { 0x00F0, 23 }, // U+00F0
    { 0x00F2, 23 }, // U+00F2
    { 0x00F3, 23 }, // U+00F3
    { 0x00F4, 23 }, // U+00F4
    { 0x00F5, 23 }, // U+00F5
    { 0x00F6, 23 }, // U+00F6
    { 0x00F8, 23 }, // U+00F8
    { 0x00FD, 27 }, // U+00FD
    { 0x00FE, 23 }, // U+00FE
    { 0x00FF, 27 }, // U+00FF
    { 0x0100, 7 }, // U+0100
    { 0x0101, 22 }, // U+0101
    { 0x0102, 7 }, // U+0102
    { 0x0103, 22 }, // U+0103
    { 0x0104, 34 }, // U+0104
    { 0x0105, 22 }, // U+0105
    { 0x0106, 9 }, // U+0106
    { 0x0108, 9 }, // U+0108
    { 0x010A, 9 }, // U+010A
    { 0x010C, 9 }, // U+010C
    { 0x010E, 10 }, // U+010E
    { 0x010F, 35 }, // U+010F
    { 0x0110, 10 }, // U+0110
    { 0x0112, 11 }, // U+0112
    { 0x0113, 23 }, // U+0113
    { 0x0114, 11 }, // U+0114
    { 0x0115, 23 }, // U+0115
    { 0x0116, 11 }, // U+0116
    { 0x0117, 23 }, // U+0117
    { 0x0118, 11 }, // U+0118
    { 0x0119, 23 }, // U+0119
    { 0x011A, 11 }, // U+011A
    { 0x011B, 23 }, // U+011B
    { 0x0125, 22 }, // U+0125
    { 0x0129, 36 }, // U+0129
    { 0x012B, 33 }, // U+012B
    { 0x012E, 37 }, // U+012E
    { 0x0136, 9 }, // U+0136
    { 0x0138, 28 }, // U+0138
    { 0x0139, 13 }, // U+0139
    { 0x013B, 13 }, // U+013B
    { 0x013D, 13 }, // U+013D
    { 0x013E, 35 }, // U+013E
    { 0x013F, 13 }, // U+013F
    { 0x0141, 13 }, // U+0141
    { 0x0144, 22 }, // U+0144
    { 0x0146, 22 }, // U+0146
    { 0x0149, 22 }, // U+0149
    { 0x014B, 22 }, // U+014B
    { 0x014C, 10 }, // U+014C
    { 0x014D, 23 }, // U+014D
    { 0x014E, 10 }, // U+014E
    { 0x014F, 23 }, // U+014F
    { 0x0150, 10 }, // U+0150
    { 0x0151, 23 }, // U+0151
    { 0x0152, 11 }, // U+0152
    { 0x0153, 23 }, // U+0153
    { 0x0155, 26 }, // U+0155
    { 0x0157, 26 }, // U+0157
    { 0x0159, 26 }, // U+0159
    { 0x0162, 16 }, // U+0162
    { 0x0163, 24 }, // U+0163
    { 0x0164, 16 }, // U+0164
    { 0x0165, 38 }, // U+0165
    { 0x0166, 16 }, // U+0166
    { 0x0167, 24 }, // U+0167
    { 0x0168, 17 }, // U+0168
    { 0x016A, 17 }, // U+016A
    { 0x016C, 17 }, // U+016C
    { 0x016E, 17 }, // U+016E
    { 0x0170, 17 }, // U+0170
    { 0x0172, 17 }, // U+0172
    { 0x0174, 18 }, // U+0174
    { 0x0175, 27 }, // U+0175
    { 0x0176, 19 }, // U+0176
    { 0x0177, 27 }, // U+0177
    { 0x0178, 19 }, // U+0178
    { 0x0179, 20 }, // U+0179
    { 0x017B, 20 }, // U+017B
    { 0x017D, 20 }, // U+017D
    { 0x01A0, 39 }, // U+01A0
    { 0x01A1, 40 }, // U+01A1
    { 0x01AF, 41 }, // U+01AF
    { 0x01B0, 42 }, // U+01B0
    { 0x01FA, 7 }, // U+01FA
    { 0x01FB, 22 }, // U+01FB
    { 0x01FC, 11 }, // U+01FC
    { 0x01FD, 23 }, // U+01FD
    { 0x01FE, 10 }, // U+01FE
    { 0x020B, 33 }, // U+020B
    { 0x021A, 16 }, // U+021A
    { 0x021B, 24 }, // U+021B
    { 0x0400, 43 }, // U+0400
    { 0x0401, 43 }, // U+0401
    { 0x0402, 44 }, // U+0402
    { 0x0403, 45 }, // U+0403
    { 0x0404, 46 }, // U+0404
    { 0x0405, 47 }, // U+0405
    { 0x0409, 48 }, // U+0409
    { 0x040A, 48 }, // U+040A
    { 0x040B, 44 }, // U+040B
    { 0x040C, 49 }, // U+040C
    { 0x040E, 50 }, // U+040E
    { 0x0410, 51 }, // U+0410
    { 0x0411, 52 }, // U+0411
    { 0x0412, 53 }, // U+0412
    { 0x0413, 45 }, // U+0413
    { 0x0414, 54 }, // U+0414
    { 0x0415, 43 }, // U+0415
    { 0x0416, 49 }, // U+0416
    { 0x0417, 53 }, // U+0417
    { 0x041A, 49 }, // U+041A
    { 0x041E, 55 }, // U+041E
    { 0x0420, 56 }, // U+0420
    { 0x0421, 46 }, // U+0421
    { 0x0422, 45 }, // U+0422
    { 0x0423, 50 }, // U+0423
    { 0x0424, 57 }, // U+0424
    { 0x0425, 49 }, // U+0425
    { 0x0426, 54 }, // U+0426
    { 0x0429, 54 }, // U+0429
    { 0x042A, 48 }, // U+042A
    { 0x042C, 48 }, // U+042C
    { 0x042D, 55 }, // U+042D
    { 0x042E, 55 }, // U+042E
    { 0x0430, 58 }, // U+0430
    { 0x0431, 59 }, // U+0431
    { 0x0432, 60 }, // U+0432
    { 0x0433, 61 }, // U+0433
    { 0x0434, 62 }, // U+0434
    { 0x0435, 63 }, // U+0435
    { 0x0436, 64 }, // U+0436
    { 0x0437, 60 }, // U+0437
    { 0x0438, 65 }, // U+0438
    { 0x0439, 65 }, // U+0439
    { 0x043A, 64 }, // U+043A
    { 0x043B, 65 }, // U+043B
    { 0x043C, 65 }, // U+043C
    { 0x043D, 65 }, // U+043D
    { 0x043E, 63 }, // U+043E
    { 0x043F, 65 }, // U+043F
    { 0x0440, 63 }, // U+0440
    { 0x0441, 66 }, // U+0441
    { 0x0442, 61 }, // U+0442
    { 0x0443, 67 }, // U+0443
    { 0x0444, 63 }, // U+0444
    { 0x0445, 64 }, // U+0445
    { 0x0446, 62 }, // U+0446
    { 0x0447, 65 }, // U+0447
    { 0x0448, 65 }, // U+0448
    { 0x0449, 62 }, // U+0449
    { 0x044A, 68 }, // U+044A
    { 0x044B, 65 }, // U+044B
    { 0x044C, 68 }, // U+044C
    { 0x044D, 63 }, // U+044D
    { 0x044E, 63 }, // U+044E
    { 0x044F, 65 }, // U+044F
    { 0x0450, 63 }, // U+0450
    { 0x0451, 63 }, // U+0451
    { 0x0452, 69 }, // U+0452
    { 0x0453, 61 }, // U+0453
    { 0x0454, 66 }, // U+0454
    { 0x0455, 70 }, // U+0455
    { 0x0457, 71 }, // U+0457
    { 0x0458, 72 }, // U+0458
    { 0x0459, 68 }, // U+0459
    { 0x045A, 68 }, // U+045A
    { 0x045B, 73 }, // U+045B
    { 0x045C, 64 }, // U+045C
    { 0x045D, 65 }, // U+045D
    { 0x045E, 67 }, // U+045E
    { 0x045F, 65 }, // U+045F
    { 0x0460, 55 }, // U+0460
    { 0x0461, 74 }, // U+0461
    { 0x0462, 75 }, // U+0462
    { 0x0463, 68 }, // U+0463
    { 0x0464, 46 }, // U+0464
    { 0x0465, 66 }, // U+0465
    { 0x0466, 51 }, // U+0466
    { 0x0467, 76 }, // U+0467
    { 0x0468, 51 }, // U+0468
    { 0x0469, 76 }, // U+0469
    { 0x046E, 77 }, // U+046E
    { 0x0471, 63 }, // U+0471
    { 0x0472, 55 }, // U+0472
    { 0x0473, 63 }, // U+0473
    { 0x0474, 50 }, // U+0474
    { 0x0475, 74 }, // U+0475
    { 0x0476, 50 }, // U+0476
    { 0x0477, 74 }, // U+0477
    { 0x0478, 67 }, // U+0478
    { 0x0479, 67 }, // U+0479
    { 0x047A, 55 }, // U+047A
    { 0x047B, 63 }, // U+047B
    { 0x047C, 55 }, // U+047C
    { 0x047D, 63 }, // U+047D
    { 0x047E, 55 }, // U+047E
    { 0x047F, 74 }, // U+047F
    { 0x0480, 46 }, // U+0480
    { 0x048A, 54 }, // U+048A
    { 0x048B, 62 }, // U+048B
    { 0x048C, 75 }, // U+048C
    { 0x048D, 68 }, // U+048D
    { 0x048E, 56 }, // U+048E
    { 0x048F, 63 }, // U+048F
    { 0x0490, 78 }, // U+0490
    { 0x0491, 79 }, // U+0491
    { 0x0492, 80 }, // U+0492
    { 0x0493, 81 }, // U+0493
    { 0x0496, 82 }, // U+0496
    { 0x0497, 83 }, // U+0497
    { 0x0498, 77 }, // U+0498
    { 0x0499, 60 }, // U+0499
    { 0x049A, 82 }, // U+049A
    { 0x049B, 83 }, // U+049B
    { 0x049C, 49 }, // U+049C
    { 0x049D, 64 }, // U+049D
    { 0x049E, 49 }, // U+049E
    { 0x049F, 64 }, // U+049F
    { 0x04A0, 49 }, // U+04A0
    { 0x04A1, 64 }, // U+04A1
    { 0x04A2, 54 }, // U+04A2
    { 0x04A3, 62 }, // U+04A3
    { 0x04A4, 80 }, // U+04A4
    { 0x04A5, 79 }, // U+04A5
    { 0x04A9, 63 }, // U+04A9
    { 0x04AA, 46 }, // U+04AA
    { 0x04AB, 66 }, // U+04AB
    { 0x04AC, 78 }, // U+04AC
    { 0x04AD, 79 }, // U+04AD
    { 0x04AE, 84 }, // U+04AE
    { 0x04AF, 85 }, // U+04AF
    { 0x04B0, 84 }, // U+04B0
    { 0x04B1, 85 }, // U+04B1
    { 0x04B2, 82 }, // U+04B2
    { 0x04B3, 83 }, // U+04B3
    { 0x04B4, 54 }, // U+04B4
    { 0x04B5, 62 }, // U+04B5
    { 0x04B6, 54 }, // U+04B6
    { 0x04B7, 62 }, // U+04B7
    { 0x04BC, 86 }, // U+04BC
    { 0x04BD, 87 }, // U+04BD
    { 0x04BE, 86 }, // U+04BE
    { 0x04BF, 87 }, // U+04BF
    { 0x04C1, 49 }, // U+04C1
    { 0x04C2, 64 }, // U+04C2
    { 0x04C5, 54 }, // U+04C5
    { 0x04C6, 62 }, // U+04C6
    { 0x04C9, 54 }, // U+04C9
    { 0x04CA, 62 }, // U+04CA
    { 0x04CD, 54 }, // U+04CD
    { 0x04CE, 62 }, // U+04CE
    { 0x04D0, 51 }, // U+04D0
    { 0x04D1, 58 }, // U+04D1
    { 0x04D2, 51 }, // U+04D2
    { 0x04D3, 58 }, // U+04D3
    { 0x04D4, 43 }, // U+04D4
    { 0x04D5, 87 }, // U+04D5
    { 0x04D6, 43 }, // U+04D6
    { 0x04D7, 87 }, // U+04D7
    { 0x04D8, 55 }, // U+04D8
    { 0x04D9, 63 }, // U+04D9
    { 0x04DA, 55 }, // U+04DA
    { 0x04DB, 63 }, // U+04DB
    { 0x04DC, 49 }, // U+04DC
    { 0x04DD, 64 }, // U+04DD
    { 0x04DE, 77 }, // U+04DE
    { 0x04DF, 60 }, // U+04DF
    { 0x04E3, 65 }, // U+04E3
    { 0x04E5, 65 }, // U+04E5
    { 0x04E6, 55 }, // U+04E6
    { 0x04E7, 63 }, // U+04E7
    { 0x04E8, 55 }, // U+04E8
    { 0x04E9, 63 }, // U+04E9
    { 0x04EA, 55 }, // U+04EA
    { 0x04EB, 63 }, // U+04EB
    { 0x04EC, 55 }, // U+04EC
    { 0x04ED, 63 }, // U+04ED
    { 0x04EE, 50 }, // U+04EE
    { 0x04EF, 67 }, // U+04EF
    { 0x04F0, 50 }, // U+04F0
    { 0x04F1, 67 }, // U+04F1
    { 0x04F2, 50 }, // U+04F2
    { 0x04F3, 67 }, // U+04F3
    { 0x04F5, 65 }, // U+04F5
    { 0x04F6, 78 }, // U+04F6
    { 0x04F7, 79 }, // U+04F7
    { 0x04F9, 65 }, // U+04F9
    { 0x04FA, 80 }, // U+04FA
    { 0x04FB, 81 }, // U+04FB
    { 0x04FC, 82 }, // U+04FC
    { 0x04FD, 83 }, // U+04FD
    { 0x04FE, 49 }, // U+04FE
    { 0x04FF, 83 }, // U+04FF
    { 0x1EA0, 7 }, // U+1EA0
    { 0x1EA1, 22 }, // U+1EA1
    { 0x1EA2, 7 }, // U+1EA2
    { 0x1EA3, 22 }, // U+1EA3
    { 0x1EA4, 7 }, // U+1EA4
    { 0x1EA5, 22 }, // U+1EA5
    { 0x1EA6, 7 }, // U+1EA6
    { 0x1EA7, 22 }, // U+1EA7
    { 0x1EA8, 7 }, // U+1EA8
    { 0x1EA9, 22 }, // U+1EA9
    { 0x1EAA, 7 }, // U+1EAA
    { 0x1EAB, 22 }, // U+1EAB
    { 0x1EAC, 7 }, // U+1EAC
    { 0x1EAD, 22 }, // U+1EAD
    { 0x1EAE, 7 }, // U+1EAE
    { 0x1EAF, 22 }, // U+1EAF
    { 0x1EB0, 7 }, // U+1EB0
    { 0x1EB1, 22 }, // U+1EB1
    { 0x1EB2, 7 }, // U+1EB2
    { 0x1EB3, 22 }, // U+1EB3
    { 0x1EB4, 7 }, // U+1EB4
    { 0x1EB5, 22 }, // U+1EB5
    { 0x1EB6, 7 }, // U+1EB6
    { 0x1EB7, 22 }, // U+1EB7
    { 0x1EB8, 11 }, // U+1EB8
    { 0x1EB9, 23 }, // U+1EB9
    { 0x1EBA, 11 }, // U+1EBA
    { 0x1EBB, 23 }, // U+1EBB
    { 0x1EBC, 11 }, // U+1EBC
    { 0x1EBD, 23 }, // U+1EBD
    { 0x1EBE, 11 }, // U+1EBE
    { 0x1EBF, 23 }, // U+1EBF
    { 0x1EC0, 11 }, // U+1EC0
    { 0x1EC1, 23 }, // U+1EC1
    { 0x1EC2, 11 }, // U+1EC2
    { 0x1EC3, 23 }, // U+1EC3
    { 0x1EC4, 11 }, // U+1EC4
    { 0x1EC5, 23 }, // U+1EC5
    { 0x1EC6, 11 }, // U+1EC6
    { 0x1EC7, 23 }, // U+1EC7
    { 0x1ECC, 10 }, // U+1ECC
    { 0x1ECD, 23 }, // U+1ECD
    { 0x1ECE, 10 }, // U+1ECE
    { 0x1ECF, 23 }, // U+1ECF
    { 0x1ED0, 10 }, // U+1ED0
    { 0x1ED1, 23 }, // U+1ED1
    { 0x1ED2, 10 }, // U+1ED2
    { 0x1ED3, 23 }, // U+1ED3
    { 0x1ED4, 10 }, // U+1ED4
    { 0x1ED5, 23 }, // U+1ED5
    { 0x1ED6, 10 }, // U+1ED6
    { 0x1ED7, 23 }, // U+1ED7
    { 0x1ED8, 10 }, // U+1ED8
    { 0x1ED9, 23 }, // U+1ED9
    { 0x1EDA, 39 }, // U+1EDA
    { 0x1EDB, 40 }, // U+1EDB
    { 0x1EDC, 39 }, // U+1EDC
    { 0x1EDD, 40 }, // U+1EDD
    { 0x1EDE, 39 }, // U+1EDE
    { 0x1EDF, 40 }, // U+1EDF
    { 0x1EE0, 39 }, // U+1EE0
    { 0x1EE1, 40 }, // U+1EE1
    { 0x1EE2, 39 }, // U+1EE2
    { 0x1EE3, 40 }, // U+1EE3
    { 0x1EE4, 17 }, // U+1EE4
    { 0x1EE6, 17 }, // U+1EE6
    { 0x1EE8, 41 }, // U+1EE8
    { 0x1EE9, 42 }, // U+1EE9
    { 0x1EEA, 41 }, // U+1EEA
    { 0x1EEB, 42 }, // U+1EEB
    { 0x1EEC, 41 }, // U+1EEC
    { 0x1EED, 42 }, // U+1EED
    { 0x1EEE, 41 }, // U+1EEE
    { 0x1EEF, 42 }, // U+1EEF
    { 0x1EF0, 41 }, // U+1EF0
    { 0x1EF1, 42 }, // U+1EF1
    { 0x1EF2, 19 }, // U+1EF2
    { 0x1EF3, 27 }, // U+1EF3
    { 0x1EF4, 19 }, // U+1EF4
    { 0x1EF5, 27 }, // U+1EF5
    { 0x1EF6, 19 }, // U+1EF6
    { 0x1EF7, 27 }, // U+1EF7
    { 0x1EF8, 19 }, // U+1EF8
    { 0x1EF9, 27 }, // U+1EF9
    { 0x2013, 5 }, // U+2013
    { 0x2014, 5 }, // U+2014
    { 0x2015, 5 }, // U+2015
    { 0x2018, 1 }, // U+2018
    { 0x2019, 1 }, // U+2019
    { 0x201A, 4 }, // U+201A
    { 0x201C, 1 }, // U+201C
    { 0x201D, 1 }, // U+201D
    { 0x201E, 4 }, // U+201E
    { 0x2039, 30 }, // U+2039
    { 0x203A, 31 }, // U+203A
    { 0xFB00, 25 }, // U+FB00
};

static const EpdKernClassEntry notosans_12_regularKernRightClasses[] = {
    { 0x0021, 1 }, // !
    { 0x0022, 2 }, // "
    { 0x0026, 3 }, // &
    { 0x0027, 2 }, // '
    { 0x0029, 4 }, // )
    { 0x002C, 5 }, // ,
    { 0x002D, 6 }, // -
    { 0x002E, 5 }, // .
    { 0x003A, 7 }, // :
    { 0x003B, 7 }, // ;
    { 0x003F, 8 }, // ?
    { 0x0041, 9 }, // A
    { 0x0043, 10 }, // C
    { 0x0047, 10 }, // G
    { 0x0049, 11 }, // I
    { 0x004A, 12 }, // J
    { 0x004F, 10 }, // O
    { 0x0051, 10 }, // Q
    { 0x0054, 13 }, // T
    { 0x0055, 14 }, // U
    { 0x0056, 15 }, // V
    { 0x0057, 15 }, // W
    { 0x0058, 16 }, // X
    { 0x0059, 17 }, // Y
    { 0x005A, 18 }, // Z
    { 0x005D, 4 }, // ]
    { 0x0061, 19 }, // a
    { 0x0062, 20 }, // b
    { 0x0063, 21 }, // c
    { 0x0064, 21 }, // d
    { 0x0065, 21 }, // e
    { 0x0066, 22 }, // f
    { 0x0067, 23 }, // g
    { 0x0068, 20 }, // h
    { 0x006A, 24 }, // j
    { 0x006B, 20 }, // k
    { 0x006C, 20 }, // l
    { 0x006D, 25 }, // m
    { 0x006E, 25 }, // n
    { 0x006F, 21 }, // o
    { 0x0070, 25 }, // p
    { 0x0071, 21 }, // q
    { 0x0072, 25 }, // r
    { 0x0073, 26 }, // s
    { 0x0074, 22 }, // t
    { 0x0075, 25 }, // u
    { 0x0076, 27 }, // v
    { 0x0077, 27 }, // w
    { 0x0078, 27 }, // x
    { 0x0079, 27 }, // y
    { 0x007A, 28 }, // z
    { 0x007D, 4 }, // }
    { 0x00AB, 29 }, // U+00AB
    { 0x00BB, 30 }, // U+00BB
    { 0x00C0, 9 }, // U+00C0
    { 0x00C1, 9 }, // U+00C1
    { 0x00C2, 9 }, // U+00C2
    { 0x00C3, 9 }, // U+00C3
    { 0x00C4, 9 }, // U+00C4
    { 0x00C5, 9 }, // U+00C5
    { 0x00C6, 31 }, // U+00C6
    { 0x00C7, 10 }, // U+00C7
    { 0x00D2, 10 }, // U+00D2
    { 0x00D3, 10 }, // U+00D3
    { 0x00D4, 10 }, // U+00D4
    { 0x00D5, 10 }, // U+00D5
    { 0x00D6, 10 }, // U+00D6
    { 0x00D8, 10 }, // U+00D8
    { 0x00D9, 14 }, // U+00D9
    { 0x00DA, 14 }, // U+00DA
    { 0x00DB, 14 }, // U+00DB
    { 0x00DC, 14 }, // U+00DC
    { 0x00DD, 17 }, // U+00DD
    { 0x00E0, 21 }, // U+00E0
    { 0x00E1, 19 }, // U+00E1
    { 0x00E2, 19 }, // U+00E2
    { 0x00E3, 19 }, // U+00E3
    { 0x00E4, 19 }, // U+00E4
    { 0x00E5, 19 }, // U+00E5
    { 0x00E6, 19 }, // U+00E6
    { 0x00E7, 21 }, // U+00E7
    { 0x00E8, 21 }, // U+00E8
    { 0x00E9, 21 }, // U+00E9
    { 0x00EA, 21 }, // U+00EA
    { 0x00EB, 21 }, // U+00EB
    { 0x00F2, 21 }, // U+00F2
    { 0x00F3, 21 }, // U+00F3
    { 0x00F4, 21 }, // U+00F4
    { 0x00F5, 21 }, // U+00F5
    { 0x00F6, 21 }, // U+00F6
    { 0x00F8, 21 }, // U+00F8
    { 0x00F9, 25 }, // U+00F9
    { 0x00FA, 25 }, // U+00FA
    { 0x00FB, 25 }, // U+00FB
    { 0x00FC, 25 }, // U+00FC
    { 0x00FD, 27 }, // U+00FD
    { 0x00FE, 20 }, // U+00FE
    { 0x00FF, 27 }, // U+00FF
    { 0x0100, 9 }, // U+0100
    { 0x0101, 19 }, // U+0101
    { 0x0102, 9 }, // U+0102
    { 0x0103, 19 }, // U+0103
    { 0x0104, 9 }, // U+0104
    { 0x0105, 19 }, // U+0105
    { 0x0106, 10 }, // U+0106
    { 0x0107, 21 }, // U+0107
    { 0x0108, 10 }, // U+0108
    { 0x0109, 21 }, // U+0109
    { 0x010A, 10 }, // U+010A
    { 0x010B, 21 }, // U+010B
    { 0x010C, 10 }, // U+010C
    { 0x010D, 21 }, // U+010D
    { 0x010F, 21 }, // U+010F
    { 0x0111, 21 }, // U+0111
    { 0x0113, 21 }, // U+0113
    { 0x0115, 21 }, // U+0115
    { 0x0117, 21 }, // U+0117
    { 0x0119, 21 }, // U+0119
    { 0x011B, 21 }, // U+011B
    { 0x011C, 10 }, // U+011C
    { 0x011D, 23 }, // U+011D
    { 0x011E, 10 }, // U+011E
    { 0x011F, 23 }, // U+011F
    { 0x0120, 10 }, // U+0120
    { 0x0121, 23 }, // U+0121
    { 0x0122, 10 }, // U+0122
    { 0x0123, 23 }, // U+0123
    { 0x0125, 20 }, // U+0125
    { 0x0127, 32 }, // U+0127
    { 0x0129, 33 }, // U+0129
    { 0x0137, 20 }, // U+0137
    { 0x0138, 25 }, // U+0138
    { 0x013A, 20 }, // U+013A
    { 0x013C, 20 }, // U+013C
    { 0x013E, 20 }, // U+013E
    { 0x0140, 20 }, // U+0140
    { 0x0144, 25 }, // U+0144
    { 0x0146, 25 }, // U+0146
    { 0x014B, 25 }, // U+014B
    { 0x014C, 10 }, // U+014C
    { 0x014D, 21 }, // U+014D
    { 0x014E, 10 }, // U+014E
    { 0x014F, 21 }, // U+014F
    { 0x0150, 10 }, // U+0150
    { 0x0151, 21 }, // U+0151
    { 0x0152, 10 }, // U+0152
    { 0x0153, 21 }, // U+0153
    { 0x0155, 25 }, // U+0155
    { 0x0157, 25 }, // U+0157
    { 0x015B, 26 }, // U+015B
    { 0x015F, 26 }, // U+015F
    { 0x0162, 13 }, // U+0162
    { 0x0163, 22 }, // U+0163
    { 0x0164, 13 }, // U+0164
    { 0x0165, 22 }, // U+0165
    { 0x0166, 13 }, // U+0166
    { 0x0167, 22 }, // U+0167
    { 0x0168, 14 }, // U+0168
    { 0x0169, 25 }, // U+0169
    { 0x016A, 14 }, // U+016A
    { 0x016B, 25 }, // U+016B
    { 0x016C, 14 }, // U+016C
    { 0x016D, 25 }, // U+016D
    { 0x016E, 14 }, // U+016E
    { 0x016F, 25 }, // U+016F
    { 0x0170, 14 }, // U+0170
    { 0x0171, 25 }, // U+0171
    { 0x0172, 14 }, // U+0172
    { 0x0173, 25 }, // U+0173
    { 0x0174, 15 }, // U+0174
    { 0x0175, 27 }, // U+0175
    { 0x0176, 17 }, // U+0176
    { 0x0177, 27 }, // U+0177
    { 0x0178, 17 }, // U+0178
    { 0x0179, 18 }, // U+0179
    { 0x017A, 28 }, // U+017A
    { 0x017B, 18 }, // U+017B
    { 0x017C, 28 }, // U+017C
    { 0x017D, 18 }, // U+017D
    { 0x017E, 28 }, // U+017E
    { 0x01A0, 10 }, // U+01A0
    { 0x01A1, 21 }, // U+01A1
    { 0x01AF, 14 }, // U+01AF
    { 0x01B0, 25 }, // U+01B0
    { 0x01FA, 9 }, // U+01FA
    { 0x01FB, 19 }, // U+01FB
    { 0x01FC, 31 }, // U+01FC
    { 0x01FD, 19 }, // U+01FD
    { 0x01FE, 10 }, // U+01FE
    { 0x01FF, 21 }, // U+01FF
    { 0x0219, 26 }, // U+0219
    { 0x021A, 13 }, // U+021A
    { 0x021B, 22 }, // U+021B
    { 0x0402, 34 }, // U+0402
    { 0x0404, 35 }, // U+0404
    { 0x0405, 36 }, // U+0405
    { 0x0408, 37 }, // U+0408
    { 0x0409, 38 }, // U+0409
    { 0x040B, 34 }, // U+040B
    { 0x040E, 39 }, // U+040E
    { 0x0410, 40 }, // U+0410
    { 0x0414, 41 }, // U+0414
    { 0x0416, 42 }, // U+0416
    { 0x0417, 43 }, // U+0417
    { 0x041B, 38 }, // U+041B
    { 0x041E, 35 }, // U+041E
    { 0x0421, 35 }, // U+0421
    { 0x0422, 34 }, // U+0422
    { 0x0423, 39 }, // U+0423
    { 0x0424, 44 }, // U+0424
    { 0x0425, 42 }, // U+0425
    { 0x0427, 45 }, // U+0427
    { 0x042A, 34 }, // U+042A
    { 0x042D, 43 }, // U+042D
    { 0x042F, 46 }, // U+042F
    { 0x0430, 47 }, // U+0430
    { 0x0431, 48 }, // U+0431
    { 0x0432, 49 }, // U+0432
    { 0x0433, 49 }, // U+0433
    { 0x0434, 50 }, // U+0434
    { 0x0435, 51 }, // U+0435
    { 0x0436, 52 }, // U+0436
    { 0x0437, 53 }, // U+0437
    { 0x0438, 49 }, // U+0438
    { 0x0439, 49 }, // U+0439
    { 0x043A, 49 }, // U+043A
    { 0x043B, 54 }, // U+043B
    { 0x043C, 49 }, // U+043C
    { 0x043D, 49 }, // U+043D
    { 0x043E, 51 }, // U+043E
    { 0x043F, 49 }, // U+043F
    { 0x0440, 49 }, // U+0440
    { 0x0441, 51 }, // U+0441
    { 0x0442, 55 }, // U+0442
    { 0x0443, 56 }, // U+0443
    { 0x0444, 51 }, // U+0444
    { 0x0445, 52 }, // U+0445
    { 0x0446, 49 }, // U+0446
    { 0x0447, 57 }, // U+0447
    { 0x0448, 49 }, // U+0448
    { 0x0449, 49 }, // U+0449
    { 0x044A, 55 }, // U+044A
    { 0x044B, 49 }, // U+044B
    { 0x044C, 49 }, // U+044C
    { 0x044D, 53 }, // U+044D
    { 0x044E, 49 }, // U+044E
    { 0x044F, 58 }, // U+044F
    { 0x0450, 51 }, // U+0450
    { 0x0451, 51 }, // U+0451
    { 0x0452, 59 }, // U+0452
    { 0x0453, 49 }, // U+0453
    { 0x0454, 51 }, // U+0454
    { 0x0455, 60 }, // U+0455
    { 0x0457, 61 }, // U+0457
    { 0x0458, 62 }, // U+0458
    { 0x0459, 54 }, // U+0459
    { 0x045A, 49 }, // U+045A
    { 0x045B, 59 }, // U+045B
    { 0x045C, 49 }, // U+045C
    { 0x045D, 49 }, // U+045D
    { 0x045E, 56 }, // U+045E
    { 0x045F, 49 }, // U+045F
    { 0x0460, 63 }, // U+0460
    { 0x0461, 64 }, // U+0461
    { 0x0462, 65 }, // U+0462
    { 0x0465, 66 }, // U+0465
    { 0x0466, 40 }, // U+0466
    { 0x0467, 50 }, // U+0467
    { 0x0469, 66 }, // U+0469
    { 0x046D, 66 }, // U+046D
    { 0x046E, 43 }, // U+046E
    { 0x0470, 45 }, // U+0470
    { 0x0472, 63 }, // U+0472
    { 0x0473, 47 }, // U+0473
    { 0x0474, 67 }, // U+0474
    { 0x0475, 64 }, // U+0475
    { 0x0476, 67 }, // U+0476
    { 0x0477, 64 }, // U+0477
    { 0x0478, 63 }, // U+0478
    { 0x0479, 47 }, // U+0479
    { 0x047A, 63 }, // U+047A
    { 0x047B, 47 }, // U+047B
    { 0x047C, 63 }, // U+047C
    { 0x047D, 47 }, // U+047D
    { 0x047E, 63 }, // U+047E
    { 0x047F, 64 }, // U+047F
    { 0x0480, 63 }, // U+0480
    { 0x0481, 47 }, // U+0481
    { 0x048B, 66 }, // U+048B
    { 0x048C, 65 }, // U+048C
    { 0x048D, 59 }, // U+048D
    { 0x048F, 66 }, // U+048F
    { 0x0491, 66 }, // U+0491
    { 0x0492, 65 }, // U+0492
    { 0x0495, 66 }, // U+0495
    { 0x0496, 42 }, // U+0496
    { 0x0497, 52 }, // U+0497
    { 0x0498, 43 }, // U+0498
    { 0x0499, 53 }, // U+0499
    { 0x049B, 66 }, // U+049B
    { 0x049D, 66 }, // U+049D
    { 0x049F, 59 }, // U+049F
    { 0x04A0, 68 }, // U+04A0
    { 0x04A1, 55 }, // U+04A1
    { 0x04A3, 66 }, // U+04A3
    { 0x04A5, 66 }, // U+04A5
    { 0x04A7, 66 }, // U+04A7
    { 0x04A8, 63 }, // U+04A8
    { 0x04A9, 47 }, // U+04A9
    { 0x04AA, 63 }, // U+04AA
    { 0x04AB, 47 }, // U+04AB
    { 0x04AC, 34 }, // U+04AC
    { 0x04AD, 55 }, // U+04AD
    { 0x04AE, 69 }, // U+04AE
    { 0x04AF, 70 }, // U+04AF
    { 0x04B0, 69 }, // U+04B0
    { 0x04B1, 70 }, // U+04B1
    { 0x04B2, 42 }, // U+04B2
    { 0x04B3, 52 }, // U+04B3
    { 0x04B4, 68 }, // U+04B4
    { 0x04B5, 55 }, // U+04B5
    { 0x04B6, 45 }, // U+04B6
    { 0x04B7, 57 }, // U+04B7
    { 0x04B8, 45 }, // U+04B8
    { 0x04B9, 57 }, // U+04B9
    { 0x04BB, 66 }, // U+04BB
    { 0x04BC, 71 }, // U+04BC
    { 0x04BD, 72 }, // U+04BD
    { 0x04BE, 71 }, // U+04BE
    { 0x04BF, 72 }, // U+04BF
    { 0x04C1, 42 }, // U+04C1
    { 0x04C2, 52 }, // U+04C2
    { 0x04C4, 66 }, // U+04C4
    { 0x04C5, 73 }, // U+04C5
    { 0x04C6, 50 }, // U+04C6
    { 0x04C8, 66 }, // U+04C8
    { 0x04CA, 66 }, // U+04CA
    { 0x04CB, 45 }, // U+04CB
    { 0x04CC, 57 }, // U+04CC
    { 0x04CE, 66 }, // U+04CE
    { 0x04D0, 40 }, // U+04D0
    { 0x04D1, 74 }, // U+04D1
    { 0x04D2, 40 }, // U+04D2
    { 0x04D3, 74 }, // U+04D3
    { 0x04D4, 40 }, // U+04D4
    { 0x04D5, 74 }, // U+04D5
    { 0x04D7, 47 }, // U+04D7
    { 0x04D8, 75 }, // U+04D8
    { 0x04D9, 74 }, // U+04D9
    { 0x04DA, 75 }, // U+04DA
    { 0x04DB, 74 }, // U+04DB
    { 0x04DC, 42 }, // U+04DC
    { 0x04DD, 52 }, // U+04DD
    { 0x04DE, 43 }, // U+04DE
    { 0x04DF, 53 }, // U+04DF
    { 0x04E3, 49 }, // U+04E3
    { 0x04E5, 49 }, // U+04E5
    { 0x04E6, 63 }, // U+04E6
    { 0x04E7, 47 }, // U+04E7
    { 0x04E8, 63 }, // U+04E8
    { 0x04E9, 47 }, // U+04E9
    { 0x04EA, 63 }, // U+04EA
    { 0x04EB, 47 }, // U+04EB
    { 0x04EC, 43 }, // U+04EC
    { 0x04ED, 53 }, // U+04ED
    { 0x04EE, 39 }, // U+04EE
    { 0x04EF, 56 }, // U+04EF
    { 0x04F0, 39 }, // U+04F0
    { 0x04F1, 56 }, // U+04F1
    { 0x04F2, 39 }, // U+04F2
    { 0x04F3, 56 }, // U+04F3
    { 0x04F4, 45 }, // U+04F4
    { 0x04F5, 57 }, // U+04F5
    { 0x04F7, 66 }, // U+04F7
    { 0x04F9, 49 }, // U+04F9
    { 0x04FA, 65 }, // U+04FA
    { 0x04FC, 42 }, // U+04FC
    { 0x04FD, 52 }, // U+04FD
    { 0x04FE, 42 }, // U+04FE
    { 0x04FF, 52 }, // U+04FF
    { 0x1EA0, 9 }, // U+1EA0
    { 0x1EA1, 19 }, // U+1EA1
    { 0x1EA2, 9 }, // U+1EA2
    { 0x1EA3, 19 }, // U+1EA3
    { 0x1EA4, 9 }, // U+1EA4
    { 0x1EA5, 19 }, // U+1EA5
    { 0x1EA6, 9 }, // U+1EA6
    { 0x1EA7, 19 }, // U+1EA7
    { 0x1EA8, 9 }, // U+1EA8
    { 0x1EA9, 19 }, // U+1EA9
    { 0x1EAA, 9 }, // U+1EAA
    { 0x1EAB, 19 }, // U+1EAB
    { 0x1EAC, 9 }, // U+1EAC
    { 0x1EAD, 19 }, // U+1EAD
    { 0x1EAE, 9 }, // U+1EAE
    { 0x1EAF, 19 }, // U+1EAF
    { 0x1EB0, 9 }, // U+1EB0
    { 0x1EB1, 19 }, // U+1EB1
    { 0x1EB2, 9 }, // U+1EB2
    { 0x1EB3, 19 }, // U+1EB3
    { 0x1EB4, 9 }, // U+1EB4
    { 0x1EB5, 19 }, // U+1EB5
    { 0x1EB6, 9 }, // U+1EB6
    { 0x1EB7, 19 }, // U+1EB7
    { 0x1EB9, 21 }, // U+1EB9
    { 0x1EBB, 21 }, // U+1EBB
    { 0x1EBD, 21 }, // U+1EBD
    { 0x1EBF, 21 }, // U+1EBF
    { 0x1EC1, 21 }, // U+1EC1
    { 0x1EC3, 21 }, // U+1EC3
    { 0x1EC5, 21 }, // U+1EC5
    { 0x1EC7, 21 }, // U+1EC7
    { 0x1ECC, 10 }, // U+1ECC
    { 0x1ECD, 21 }, // U+1ECD
    { 0x1ECE, 10 }, // U+1ECE
    { 0x1ECF, 21 }, // U+1ECF
    { 0x1ED0, 10 }, // U+1ED0
    { 0x1ED1, 21 }, // U+1ED1
    { 0x1ED2, 10 }, // U+1ED2
    { 0x1ED3, 21 }, // U+1ED3
    { 0x1ED4, 10 }, // U+1ED4
    { 0x1ED5, 21 }, // U+1ED5
    { 0x1ED6, 10 }, // U+1ED6
    { 0x1ED7, 21 }, // U+1ED7
    { 0x1ED8, 10 }, // U+1ED8
    { 0x1ED9, 21 }, // U+1ED9
    { 0x1EDA, 10 }, // U+1EDA
    { 0x1EDB, 21 }, // U+1EDB
    { 0x1EDC, 10 }, // U+1EDC
    { 0x1EDD, 21 }, // U+1EDD
    { 0x1EDE, 10 }, // U+1EDE
    { 0x1EDF, 21 }, // U+1EDF
    { 0x1EE0, 10 }, // U+1EE0
    { 0x1EE1, 21 }, // U+1EE1
    { 0x1EE2, 10 }, // U+1EE2
    { 0x1EE3, 21 }, // U+1EE3
    { 0x1EE4, 14 }, // U+1EE4
    { 0x1EE5, 25 }, // U+1EE5
    { 0x1EE6, 14 }, // U+1EE6
    { 0x1EE7, 25 }, // U+1EE7
    { 0x1EE8, 14 }, // U+1EE8
    { 0x1EE9, 25 }, // U+1EE9
    { 0x1EEA, 14 }, // U+1EEA
    { 0x1EEB, 25 }, // U+1EEB
    { 0x1EEC, 14 }, // U+1EEC
    { 0x1EED, 25 }, // U+1EED
    { 0x1EEE, 14 }, // U+1EEE
    { 0x1EEF, 25 }, // U+1EEF
    { 0x1EF0, 14 }, // U+1EF0
    { 0x1EF1, 25 }, // U+1EF1
    { 0x1EF2, 17 }, // U+1EF2
    { 0x1EF4, 17 }, // U+1EF4
    { 0x1EF5, 27 }, // U+1EF5
    { 0x1EF6, 17 }, // U+1EF6
    { 0x1EF7, 27 }, // U+1EF7
    { 0x1EF8, 17 }, // U+1EF8
    { 0x1EF9, 27 }, // U+1EF9
    { 0x2013, 6 }, // U+2013
    { 0x2014, 6 }, // U+2014
    { 0x2015, 6 }, // U+2015
    { 0x2018, 76 }, // U+2018
    { 0x2019, 2 }, // U+2019
    { 0x201A, 5 }, // U+201A
    { 0x201C, 76 }, // U+201C
    { 0x201D, 2 }, // U+201D
    { 0x201E, 5 }, // U+201E
    { 0x2026, 5 }, // U+2026
    { 0x2039, 29 }, // U+2039
    { 0x203A, 30 }, // U+203A
    { 0xFB00, 22 }, // U+FB00
    { 0xFB01, 22 }, // U+FB01
    { 0xFB02, 22 }, // U+FB02
    { 0xFB03, 22 }, // U+FB03
    { 0xFB04, 22 }, // U+FB04
};

static const int8_t notosans_12_regularKernMatrix[] = {
       0,    0,    0,    0,    0,    0,    0,    0,  -28,    0,    0,    0,    8,    0,    8,    0,    4,    0,  -16,    0,  -24,    0,  -12,    0,  -12,  -12,    0,    0,    0,    0,  -32,    0,   28,    8,    0,    0,    0,  -12,    8,  -28,  -24,    8,    0,   -4,    0,    0,  -16,    0,    0,  -28,    0,    0,    8,  -20,   12,    8,    0,    0,   12,    0,   12,    0,    0,    0,    0,    0,    0,    8,    0,    0,    0,    0,  -24,   -8,    0,    0,
       0,    0,    0,    0,    0,    0,    0,    0,    0,    0,    0,    0,  -24,    0,   -8,    0,  -12,    0,    0,    0,    0,    0,    0,    0,    0,    0,    0,    0,    0,    0,    0,    0,    0,    0,    0,    0,    0,    0,    0,    0,    0,    0,    0,    0,    0,    0,    0,    0,    0,    0,    0,    0,    0,    0,    0,    0,    0,    0,    0,    0,    0,    0,    0,    0,    0,    0,    0,    0,    0,    0,    0,    0,    0,    0,    0,    0,
       0,    0,    0,    0,    0,    0,    0,    0,    0,    0,    0,   36,    0,    0,    0,    0,    0,    0,    0,    0,    0,    0,    0,   16,    0,    0,    0,    0,    0,    0,    0,    0,    0,    0,    0,    0,   40,    0,    0,    0,    0,    0,    0,  -12,    0,    0,    0,    0,    0,    0,    0,    0,    0,    0,    0,    0,    0,    0,    0,    0,    0,   24,    0,    0,    0,    0,    0,    0,    0,    0,    0,    0,    0,    0,    0,    0,
       0,    0,    0,    0,    0,    0,    0,    0,    0,  -20,    0,    0,  -28,   -8,  -24,    0,  -24,    0,    0,    0,    0,    0,    0,    0,    0,    0,    0,    0,    0,    0,    0,    0,    0,  -20,    0,    0,   24,    0,   -8,    0,    0,    0,    0,  -16,  -32,    0,    0,    0,    0,    0,    0,    0,    0,    0,  -16,    0,  -24,    0,    0,    0,    0,    0,  -20,    0,    0,    0,  -24,  -28,  -24,    0,  -24,    0,    0,    0,    0,    0,
       0,    0,    0,    0,    0,    0,    0,    0,    0,    0,    0,    0,  -16,    0,    0,    0,    0,    0,    0,    0,    0,    0,    0,    0,    0,    0,    0,    0,    0,    0,    0,    0,    0,  -16,    0,    0,    0,    0,   -8,    0,    0,   -4,    0,    0,    0,    0,    0,    0,    0,    0,    0,   -4,    0,    0,   -8,    0,    0,    0,    0,    0,    0,    0,    0,    0,    0,    0,    0,  -16,    0,    0,    0,    0,    0,    0,    0,    0,
       0,    0,    0,    0,    0,    0,    0,    0,    0,    0,    0,    0,    0,    0,    0,    0,    0,    0,    0,    0,    0,    0,    0,    0,    0,    0,    0,    0,    0,    0,    0,    0,    0,  -12,    0,    0,    0,    0,    0,    0,    0,   -4,    0,   -4,   -4,    0,    0,    0,    0,    0,    0,    0,    0,    0,    0,    0,   -4,    0,    0,    0,    0,    0,    0,    0,    0,    0,    0,    0,    0,    0,    0,    0,    0,    0,    0,    0,
       0,  -28,    0,    0,    0,    0,    0,    0,    0,   -8,    0,   20,  -28,    0,  -16,    0,  -24,    0,    0,    0,    0,    0,    0,    0,    0,    0,    0,    0,    0,    0,    0,    0,    0,    0,    0,    0,    0,    0,    0,    0,    0,    0,    0,    0,    0,    0,    0,    0,    0,    0,    0,    0,    0,    0,    0,    0,    0,    0,    0,    0,    0,    0,    0,    0,    0,    0,    0,    0,    0,    0,    0,    0,    0,    0,    0,    0,
       0,    0,    0,    0,   -4,    0,    0,    0,    0,    0,    0,    0,    0,    0,    0,    0,    0,    0,    0,    0,    0,    0,    0,    0,    0,    0,    0,    0,    0,    0,    0,    0,    0,    0,    0,    0,    0,    0,    0,    0,    0,    0,    0,    0,    0,    0,    0,    0,    0,    0,    0,    0,    0,    0,    0,    0,    0,    0,    0,    0,    0,    0,    0,    0,    0,    0,    0,    0,    0,    0,    0,    0,    0,    0,    0,    0,
       0,    0,    0,    0,    0,    0,    0,    0,    0,   -8,    0,    0,    0,    0,    0,    0,    0,    0,    0,    0,    0,    0,    0,    0,    0,    0,    0,    0,   -8,    0,    0,    0,    0,    0,    0,    0,    0,    0,    0,    0,    0,    0,    0,    0,    0,    0,    0,    0,    0,    0,    0,    0,    0,    0,    0,    0,    0,    0,    0,    0,    0,    0,    0,    0,    0,    0,    0,    0,    0,    0,    0,    0,    0,    0,    0,    0,
       0,    0,    0,    0,  -16,    0,    0,    0,   -8,    0,    0,    0,  -12,    0,   -4,   -8,   -4,   -4,    0,    0,    0,    0,    0,    0,    0,    0,    0,    0,    0,    0,    0,    0,    0,    0,    0,    0,    0,    0,    0,    0,    0,    0,    0,    0,    0,    0,    0,    0,    0,    0,    0,    0,    0,    0,    0,    0,    0,    0,    0,    0,    0,    0,    0,    0,    0,    0,    0,    0,    0,    0,    0,    0,    0,    0,    0,    0,
       0,    0,    0,    0,    0,    0,    0,    0,    0,    0,    0,   24,    0,    0,    0,    0,    0,    0,    0,    0,    0,    0,    0,    0,    0,    0,    0,    0,    0,    0,    0,    0,    0,    0,    0,    0,    0,    0,    0,    0,    0,    0,    0,    0,    0,    0,    0,    0,    0,    0,    0,    0,    0,    0,    0,    0,    0,    0,    0,    0,    0,    0,    0,    0,    0,    0,    0,    0,    0,    0,    0,    0,    0,    0,    0,    0,
       0,    0,    0,    8,  -24,    0,    0,    8,   -8,    0,    0,    0,    0,    0,    0,    0,    0,    0,    0,    0,    0,    0,    0,    0,    0,    0,    0,    0,    0,    0,    0,    0,    0,    0,    0,    0,    0,    0,    0,    0,    0,    0,    0,    0,    0,    0,    0,    0,    0,    0,    0,    0,    0,    0,    0,    0,    0,    0,    0,    0,    0,    0,    0,    0,    0,    0,    0,    0,    0,    0,    0,    0,    0,    0,    0,    0,
       0,  -32,    0,    0,    0,    0,    0,    0,    0,   -8,    0,    0,   -8,   -4,   -8,    0,  -12,    0,    0,    0,    0,    0,    0,    0,    0,    0,    0,    0,    0,    0,    0,    0,    0,    0,    0,    0,    0,    0,    0,    0,    0,    0,    0,    0,    0,    0,    0,    0,    0,    0,    0,    0,    0,    0,    0,    0,    0,    0,    0,    0,    0,    0,    0,    0,    0,    0,    0,    0,    0,    0,    0,    0,    0,    0,    0,    0,
       0,    0,   -4,    0,  -52,    0,    0,    0,  -20,    0,    0,    0,    0,    0,    0,   -8,    0,   -4,    0,    0,    0,    0,    0,    0,    0,    0,    0,    0,   -8,    0,  -12,    0,    0,    0,    0,    0,    0,    0,    0,    0,    0,    0,    0,    0,    0,    0,    0,    0,    0,    0,    0,    0,    0,    0,    0,    0,    0,    0,    0,    0,    0,    0,    0,    0,    0,    0,    0,    0,    0,    0,    0,    0,    0,    0,    0,    0,
       0,    0,    0,    0,    0,    0,    0,    0,    0,    0,    0,    0,    0,    0,    0,    0,    0,    0,    0,    0,    0,    0,    0,    0,    0,    0,    0,    0,   -4,    0,    0,    0,    0,    0,    0,    0,    0,    0,    0,    0,    0,    0,    0,    0,    0,    0,    0,    0,    0,    0,    0,    0,    0,    0,    0,    0,    0,    0,    0,    0,    0,    0,    0,    0,    0,    0,    0,    0,    0,    0,    0,    0,    0,    0,    0,    0,
       0,    0,   -8,    0,  -24,  -16,    0,    8,  -28,   -8,    0,    0,    8,    0,    0,    0,    0,    0,  -32,    0,  -28,    0,  -28,    0,  -20,  -24,   -8,  -16,  -24,  -12,    0,    0,    0,    0,    0,    0,    0,    0,    0,    0,    0,    0,    0,    0,    0,    0,    0,    0,    0,    0,    0,    0,    0,    0,    0,    0,    0,    0,    0,    0,    0,    0,    0,    0,    0,    0,    0,    0,    0,    0,    0,    0,    0,    0,    0,    0,
       0,    0,    0,    0,   -8,    0,    0,    0,   -4,    0,    0,    0,    0,    0,    0,    0,    0,    0,    0,    0,    0,    0,    0,    0,    0,    0,    0,    0,    0,    0,    0,    0,    0,    0,    0,    0,    0,    0,    0,    0,    0,    0,    0,    0,    0,    0,    0,    0,    0,    0,    0,    0,    0,    0,    0,    0,    0,    0,    0,    0,    0,    0,    0,    0,    0,    0,    0,    0,    0,    0,    0,    0,    0,    0,    0,    0,
       0,    0,    0,    0,  -20,    0,    0,    8,  -16,   -4,    0,    0,    0,    0,    0,    0,    0,    0,   -8,    0,   -8,    0,   -4,    0,   -4,   -4,    0,    0,  -12,   -4,    0,    0,    0,    0,    0,    0,    0,    0,    0,    0,    0,    0,    0,    0,    0,    0,    0,    0,    0,    0,    0,    0,    0,    0,    0,    0,    0,    0,    0,    0,    0,    0,    0,    0,    0,    0,    0,    0,    0,    0,    0,    0,    0,    0,    0,    0,
       0,    0,  -12,    0,  -24,    0,    0,    8,  -24,   -8,    0,    0,    0,    0,    0,    0,    0,    0,  -20,    0,  -20,    0,  -20,    0,  -12,  -16,    0,   -8,  -32,  -12,    0,    0,    0,    0,    0,    0,    0,    0,    0,    0,    0,    0,    0,    0,    0,    0,    0,    0,    0,    0,    0,    0,    0,    0,    0,    0,    0,    0,    0,    0,    0,    0,    0,    0,    0,    0,    0,    0,    0,    0,    0,    0,    0,    0,    0,    0,
       0,    0,    0,    0,    0,    0,    0,    0,    0,   -4,    0,    0,    0,    0,    0,    0,    0,    0,    0,    0,    0,    0,    0,    0,    0,    0,    0,    0,   -8,    0,    0,    0,    0,    0,    0,    0,    0,    0,    0,    0,    0,    0,    0,    0,    0,    0,    0,    0,    0,    0,    0,    0,    0,    0,    0,    0,    0,    0,    0,    0,    0,    0,    0,    0,    0,    0,    0,    0,    0,    0,    0,    0,    0,    0,    0,    0,
       0,    0,    0,    0,    0,    0,    0,    0,    0,    0,    0,   38,    0,    0,    0,    0,    0,    0,    0,    0,    0,    0,    0,    0,    0,    0,    0,    0,    0,    0,    0,    0,    0,    0,    0,    0,    0,    0,    0,    0,    0,    0,    0,    0,    0,    0,    0,    0,    0,    0,    0,    0,    0,    0,    0,    0,    0,    0,    0,    0,    0,    0,    0,    0,    0,    0,    0,    0,    0,    0,    0,    0,    0,    0,    0,    0,
       0,   -4,    0,    0,    0,    0,    0,    0,    0,    0,    0,    0,    0,    0,    0,    0,    0,    0,    0,    0,    0,    0,    0,    0,    0,    0,    0,    0,    0,    0,    0,    0,    0,    0,    0,    0,    0,    0,    0,    0,    0,    0,    0,    0,    0,    0,    0,    0,    0,    0,    0,    0,    0,    0,    0,    0,    0,    0,    0,    0,    0,    0,    0,    0,    0,    0,    0,    0,    0,    0,    0,    0,    0,    0,    0,    0,
       0,   -4,    0,    0,    0,    0,    0,    0,    0,    0,    0,    0,    0,    0,    0,    0,    0,    0,    0,    0,    0,    0,    0,    0,    0,    0,   -8,   -4,    0,    0,    0,    0,    0,    0,    0,    0,    0,    0,    0,    0,    0,    0,    0,    0,    0,    0,    0,    0,    0,    0,    0,    0,    0,    0,    0,    0,    0,    0,    0,    0,    0,    0,    0,    0,    0,    0,    0,    0,    0,    0,    0,    0,    0,    0,    0,    0,
       0,    8,    0,    0,    0,    0,    0,    0,    0,    0,    0,    0,    0,    0,    0,    0,    0,    0,    0,    0,    0,    0,    0,    0,    0,    0,    0,    0,    0,    0,    0,    0,    0,    0,    0,    0,    0,    0,    0,    0,    0,    0,    0,    0,    0,    0,    0,    0,    0,    0,    0,    0,    0,    0,    0,    0,    0,    0,    0,    0,    0,    0,    0,    0,    0,    0,    0,    0,    0,    0,    0,    0,    0,    0,    0,    0,
       0,   24,    0,   16,   -8,    0,    0,    0,    0,    0,    0,    0,    0,    0,    0,    0,    0,    0,    0,    0,    0,    0,    0,    0,    0,    0,    0,    0,    0,    0,    0,    0,    0,    0,    0,    0,    0,    0,    0,    0,    0,    0,    0,    0,    0,    0,    0,    0,    0,    0,    0,    0,    0,    0,    0,    0,    0,    0,    0,    0,    0,    0,    0,    0,    0,    0,    0,    0,    0,    0,    0,    0,    0,    0,    0,    0,
       0,   16,    0,    0,  -64,    0,    0,    0,    0,    0,    0,    0,    0,    0,    0,    0,    0,    0,   -8,    0,   -8,    0,   -4,    0,    0,    0,    0,    0,    0,    0,    0,    0,    0,    0,    0,    0,    0,    0,    0,    0,    0,    0,    0,    0,    0,    0,    0,    0,    0,    0,    0,    0,    0,    0,    0,    0,    0,    0,    0,    0,    0,    0,    0,    0,    0,    0,    0,    0,    0,    0,    0,    0,    0,    0,    0,    0,
       0,   16,    0,    0,  -16,    0,    0,    8,    0,    0,    0,    0,    0,    0,    0,    0,    0,    0,    0,    0,    0,    0,    0,    0,    0,    0,    0,    0,    0,    0,    0,    0,    0,    0,    0,    0,    0,    0,    0,    0,    0,    0,    0,    0,    0,    0,    0,    0,    0,    0,    0,    0,    0,    0,    0,    0,    0,    0,    0,    0,    0,    0,    0,    0,    0,    0,    0,    0,    0,    0,    0,    0,    0,    0,    0,    0,
       0,    0,    0,    0,    0,    0,    0,    0,    0,    0,    0,    0,    0,    0,    0,    0,    0,    0,    0,    0,   -8,    0,    0,    0,    0,    0,    0,    0,    0,    0,    0,    0,    0,    0,    0,    0,    0,    0,    0,    0,    0,    0,    0,    0,    0,    0,    0,    0,    0,    0,    0,    0,    0,    0,    0,    0,    0,    0,    0,    0,    0,    0,    0,    0,    0,    0,    0,    0,    0,    0,    0,    0,    0,    0,    0,    0,
       0,    0,    0,    0,    0,    0,    0,    0,    0,    0,    0,   20,   -8,    0,   -4,    0,  -12,    0,    0,    0,    0,    0,    0,    0,    0,    0,    0,    0,    0,    0,    0,    0,    0,    0,    0,    0,    0,    0,    0,    0,    0,    0,    0,    0,    0,    0,    0,    0,    0,    0,    0,    0,    0,    0,    0,    0,    0,    0,    0,    0,    0,    0,    0,    0,    0,    0,    0,    0,    0,    0,    0,    0,    0,    0,    0,    0,
       0,    0,    0,    0,    0,    0,    0,    0,    0,    0,    0,    0,  -12,    0,   -4,    0,  -12,    0,    0,    0,    0,    0,    0,    0,    0,    0,    0,    0,    0,    0,    0,    0,    0,  -12,    0,    0,    0,    0,    0,   -4,    0,    0,    0,    0,    0,    0,    0,    0,    0,    0,    0,    0,    0,    0,    0,    0,    0,    0,    0,    0,    0,    0,    0,    0,    0,    0,    0,   -4,    0,    0,    0,    0,    0,    0,    0,    0,
       0,    0,    0,    0,    0,    0,    0,    0,    0,    0,    0,    0,  -24,    0,  -12,   -8,  -32,    0,    0,    0,    0,    0,    0,    0,    0,    0,    0,    0,    0,    0,    0,    0,    0,  -24,    0,    0,    0,    0,   -8,    0,    0,   -8,    0,    0,   -8,    0,    0,    0,    0,    0,    0,    0,    0,    0,    0,    0,    0,    0,    0,    0,    0,    0,    0,    0,    0,    0,    0,  -16,    0,    0,    0,    0,    0,    0,    0,    0,
       0,    0,    0,    0,    0,    0,    0,    0,    0,    0,    0,   40,  -16,    0,  -12,    0,  -16,    0,    0,    0,    0,    0,    0,    0,    0,    0,    0,    0,    0,    0,    0,    0,    0,    0,    0,    0,    0,    0,    0,    0,    0,    0,    0,    0,    0,    0,    0,    0,    0,    0,    0,    0,    0,    0,    0,    0,    0,    0,    0,    0,    0,    0,    0,    0,    0,    0,    0,    0,    0,    0,    0,    0,    0,    0,    0,    0,
       0,    0,    0,   20,    0,    0,    0,    0,    0,    0,    0,    0,    0,    0,    0,    0,    0,    0,    0,    0,    0,    0,    0,    0,    0,    0,    0,    0,    0,    0,    0,    0,    0,    0,    0,    0,    0,    0,    0,    0,    0,    0,    0,    0,    0,    0,    0,    0,    0,    0,    0,    0,    0,    0,    0,    0,    0,    0,    0,    0,    0,    0,    0,    0,    0,    0,    0,    0,    0,    0,    0,    0,    0,    0,    0,    0,
       0,  -28,    0,    0,    0,    0,    0,    0,    0,   -8,    0,   44,  -28,    0,  -16,    0,  -24,    0,    0,    0,    0,    0,    0,    0,    0,    0,    0,    0,    0,    0,    0,    0,    0,    0,    0,    0,    0,    0,    0,    0,    0,    0,    0,    0,    0,    0,    0,    0,    0,    0,    0,    0,    0,    0,    0,    0,    0,    0,    0,    0,    0,    0,    0,    0,    0,    0,    0,    0,    0,    0,    0,    0,    0,    0,    0,    0,
      20,   20,    0,   36,    0,    0,    0,   36,    0,    0,    0,    0,    0,    0,    0,    0,    0,    0,    0,   12,    0,    0,    0,    0,    0,    0,    0,    0,    0,    0,    0,   28,    0,    0,    0,    0,    0,    0,    0,    0,    0,    0,    0,    0,    0,    0,    0,    0,    0,    0,    0,    0,    0,    0,    0,    0,    0,    0,    0,    0,    0,    0,    0,    0,    0,    0,    0,    0,    0,    0,    0,    0,    0,    0,    0,   28,
       0,    0,    0,   20,    0,    0,    0,    0,    0,    0,    0,    0,    0,    0,    0,    0,    0,    0,    0,    0,    0,    0,    0,    0,    0,    0,    0,    0,    0,    0,    0,    0,   52,    0,    0,    0,    0,    0,    0,    0,    0,    0,    0,    0,    0,    0,    0,    0,    0,    0,    0,    0,    0,    0,    0,    0,    0,    0,    0,    0,    0,    0,    0,    0,    0,    0,    0,    0,    0,    0,    0,    0,    0,    0,    0,    0,
       0,    0,    0,    0,    0,    0,    0,    0,    0,    0,    0,   20,    0,    0,    0,    0,    0,    0,    0,    0,    0,    0,    0,    0,    0,    0,    0,    0,    0,    0,    0,    0,    0,    0,    0,    0,    0,    0,    0,    0,    0,    0,    0,    0,    0,    0,    0,    0,    0,    0,    0,    0,    0,    0,    0,    0,    0,    0,    0,    0,    0,    0,    0,    0,    0,    0,    0,    0,    0,    0,    0,    0,    0,    0,    0,    0,
      28,   44,    0,   48,    0,    0,    0,   44,    0,    0,    0,    0,    0,    0,    0,    0,    0,    0,    0,    0,    0,    0,    0,    0,    0,    0,    0,    0,    0,    0,    0,    0,    0,    0,    0,    0,    0,    0,    0,    0,    0,    0,    0,    0,    0,    0,    0,    0,    0,    0,    0,    0,    0,    0,    0,    0,    0,    0,    0,    0,    0,    0,    0,    0,    0,    0,    0,    0,    0,    0,    0,    0,    0,    0,    0,   28,
       0,    0,    0,    0,    0,    0,    0,    0,   -8,    0,    8,    0,   24,    0,   28,   20,   24,    0,    0,    0,    0,    0,    0,    0,    0,    0,    0,    0,    0,    0,    0,    0,    0,    0,    0,    0,    0,    0,    0,    0,    0,    0,    0,    0,    0,    0,    0,    0,    0,    0,    0,    0,    0,    0,    0,    0,    0,    0,    0,    0,    0,    0,    0,    0,    0,    0,    0,    0,    0,    0,    0,    0,    0,    0,    0,    0,
       0,    0,    0,    0,    0,    0,    0,    0,    0,    0,    0,    0,    0,    0,    0,    0,    0,    0,    0,    8,    0,   16,    0,    0,    0,    0,   20,    0,    0,    0,    0,    0,    0,    0,    0,    0,    0,    0,    0,    0,    0,    0,    0,    0,    0,    0,    0,    0,    0,    0,    0,    0,    0,    0,    0,    0,    0,    0,    0,    0,    0,    0,    0,    0,    0,    0,    0,    0,    0,    0,    0,    0,    0,    0,    0,    0,
       0,    0,    0,    0,    0,    0,    0,    0,  -12,   -4,    8,    0,   28,    0,   28,   20,   24,    0,  -12,    0,   -8,    0,   -8,    0,    0,    0,    0,    0,    0,    0,    0,    0,    0,    0,    0,    0,    0,    0,    0,    0,    0,    0,    0,    0,    0,    0,    0,    0,    0,    0,    0,    0,    0,    0,    0,    0,    0,    0,    0,    0,    0,    0,    0,    0,    0,    0,    0,    0,    0,    0,    0,    0,    0,    0,    0,    0,
       0,    0,    0,    0,    0,    0,    0,    0,    0,    0,    0,    0,    0,    0,    0,    0,    0,    0,    0,    8,    0,   20,    0,    0,    0,    0,   20,    0,    0,    0,    0,    0,    0,    0,    0,    0,    0,    0,    0,    0,    0,    0,    0,    0,    0,    0,    0,    0,    0,    0,    0,    0,    0,    0,    0,    0,    0,    0,    0,    0,    0,    0,    0,    0,    0,    0,    0,    0,    0,    0,    0,    0,    0,    0,    0,    0,
       0,    0,    0,    0,    0,    0,    0,    0,    0,    0,    0,    0,    0,    0,    0,    0,    0,    0,    0,    0,    0,    0,    0,    0,    0,    0,    0,    0,    0,    0,    0,    0,    0,    0,    0,    0,   20,    0,    0,    0,    0,    0,    0,    0,    0,    0,    0,    0,    0,    0,    0,    0,    0,    0,    0,    0,    0,    0,    0,    0,    0,    0,    0,    0,    0,    0,    0,    0,    0,    0,    0,    0,    0,    0,    0,    0,
       0,  -28,    0,    0,    0,    0,    0,    0,    0,    0,    0,    0,    0,    0,    0,    0,    0,    0,    0,    0,    0,    0,    0,    0,    0,    0,    0,    0,    0,    0,    0,    0,    0,  -20,    0,    0,    0,    0,   -8,    0,    0,    0,    0,    0,  -12,    0,    0,    0,    0,    0,    0,    0,    0,    0,   -8,   -8,   -8,    0,    0,    0,    0,    0,    0,    0,   -8,    0,  -16,  -24,  -20,   -8,    0,    0,    0,    0,    0,  -12,
       0,    8,    0,    0,  -20,  -16,  -12,    0,    0,    0,    0,    0,    0,    0,    0,    0,    0,    0,    0,    0,    0,    0,    0,    0,    0,    0,    0,    0,    0,  -12,    0,    0,    0,    8,   -8,    0,    0,  -10,    0,  -28,  -10,    0,    0,  -14,    0,    0,  -16,   -8,  -12,  -16,  -16,   -4,   -4,  -12,   -4,   -8,  -12,  -16,    0,   -8,    0,    0,    0,    0,    0,    0,    0,    4,    0,    0,    0,    0,    0,    0,    0,    0,
       0,    0,    0,    0,    0,    0,    0,    0,    0,    0,    0,    0,    0,    0,    0,    0,    0,    0,    0,    0,    0,    0,    0,    0,    0,    0,    0,    0,   -8,    0,    0,    0,    0,    0,   -8,    0,    0,    0,    0,    0,    0,    0,    0,  -12,    0,    0,    0,    0,    0,    0,    0,    0,    0,    0,    0,    0,   -8,    0,    0,    0,    0,    0,   -8,    0,    0,    0,    0,    0,    0,    0,   -8,    0,    0,    0,    0,    0,
       0,    0,    0,    0,   -8,    0,    0,    0,    0,    0,    0,    0,    0,    0,    0,    0,    0,    0,    0,    0,    0,    0,    0,    0,    0,    0,    0,    0,    0,    0,    0,    0,    0,    0,    0,    0,    0,    0,    0,    0,    0,    0,    0,   -4,    0,    0,    0,    0,    0,    0,    0,    0,    0,    0,    0,    0,    0,    0,    0,    0,    0,    0,    0,    0,    0,    0,    0,    0,    0,    0,    0,    0,    0,    0,    0,    0,
       0,  -36,    0,    0,   -4,    0,    0,    0,    0,    0,    0,    0,    0,    0,    0,    0,    0,    0,    0,    0,    0,    0,    0,    0,    0,    0,    0,    0,    0,    0,    0,    0,    0,  -24,    0,    0,    0,    0,   -8,    0,    0,    0,    0,    0,  -12,    0,    0,    0,    0,    0,    0,   -8,    0,    0,   -8,   -8,    0,   -8,    0,    0,    0,    0,    0,    0,    0,    0,    0,  -12,    0,    0,    0,    0,    0,    0,    0,  -24,
       0,    8,    0,    0,    0,   -4,   -4,    0,    0,    0,    0,    0,    0,    0,    0,    0,    0,    0,    0,    0,    0,    0,    0,    0,    0,    0,    0,    0,   -8,    0,    0,    0,    0,    0,   -8,    0,    0,    0,    0,    0,    0,    0,    0,  -16,   -4,    0,   -4,   -8,    0,    0,   -8,    0,    0,    0,   -4,   -4,   -8,    0,    0,    0,    0,    0,   -8,    0,    0,    0,    0,    0,    0,    0,  -20,    0,    0,    0,    0,    0,
       0,    8,    0,    0,  -28,   -8,   -4,    0,    0,    0,    0,    0,    0,    0,    0,    0,    0,    0,    0,    0,    0,    0,    0,    0,    0,    0,    0,    0,  -20,   -8,    0,    0,    0,    0,  -16,   -8,    0,  -36,    0,  -48,  -40,    0,    0,  -12,    0,  -12,  -20,  -16,   -4,  -40,  -24,  -12,   -8,  -20,    0,    0,   -8,  -20,   20,  -12,    0,    0,   -4,    0,    0,    0,    0,    0,    0,    0,   -8,  -12,  -20,    0,    0,    0,
       0,  -28,    0,    0,    0,    0,    0,    0,    0,    0,    0,    0,    0,    0,    0,    0,    0,    0,    0,    0,    0,    0,    0,    0,    0,    0,    0,    0,    0,   -4,    0,    0,    0,  -28,   -8,    0,   20,    0,  -12,    0,    0,    0,    0,  -14,  -24,    0,    0,    0,    0,    0,   -4,    0,    0,    0,  -12,   -8,  -12,    0,    0,    0,    0,    0,    0,    0,   -8,    0,  -16,  -20,  -24,    0,  -20,    0,    0,    0,   -4,  -16,
       0,    0,    0,    0,    0,    0,    0,    0,    0,    0,    0,    0,    0,    0,    0,    0,    0,    0,    0,    0,    0,    0,    0,    0,    0,    0,    0,    0,    0,    0,    0,    0,    0,    0,    0,    0,    0,    0,    0,    0,    0,    0,    0,    0,    0,    0,    0,    0,    0,    0,    0,   -4,    0,    0,    0,   -4,    0,    0,    0,    0,    0,    0,    0,    0,    0,    0,    0,    0,    0,    0,    0,    0,    0,    0,    0,    0,
       0,    0,    0,  -10,    0,    0,    0,    0,    0,    0,    0,    0,    0,    0,    0,    0,    0,    0,    0,    0,    0,    0,    0,    0,    0,    0,    0,    0,    0,    0,    0,    0,    0,    0,    0,    0,    0,    0,    0,    0,    0,    0,    0,    0,    0,    0,    0,    0,    0,    0,    0,   -4,    0,    0,    0,    0,   -6,   -4,    0,    0,    0,    0,    0,    0,    0,    0,    0,    0,    0,    0,    0,    0,    0,    0,    0,    0,
       0,    0,    0,    0,   12,    0,    0,    0,    0,    0,    0,    0,    0,    0,    0,    0,    0,    0,    0,    0,    0,    0,    0,    0,    0,    0,    0,    0,    0,    0,    0,    0,    0,    0,    0,    0,   36,   12,    0,    0,   16,    0,    0,   -4,  -10,    0,    0,    0,    0,   12,    0,    0,    0,   12,   -4,   12,   -8,    0,    0,    0,    0,   28,    0,    0,    0,    0,    0,    0,    0,    0,    0,    0,    0,    0,    0,    0,
       0,    0,    0,    0,  -16,    0,    0,    0,    0,    0,    0,    0,    0,    0,    0,    0,    0,    0,    0,    0,    0,    0,    0,    0,    0,    0,    0,    0,    0,    0,    0,    0,    0,   -8,    0,    0,    0,   -4,  -16,   -8,   -4,   -8,   -4,    0,    0,    0,    0,    0,    0,   -4,    0,   -6,    0,   -4,    0,    0,    0,   -4,    0,    0,    0,    0,    0,    0,    0,    0,   -4,   -4,   -4,    0,    0,    0,   -8,    0,    0,    0,
       0,    0,    0,    0,  -52,   -4,   -4,    0,    0,    0,    0,    0,    0,    0,    0,    0,    0,    0,    0,    0,    0,    0,    0,    0,    0,    0,    0,    0,   -8,   -4,    0,    0,    0,    0,    0,    0,    0,  -24,   -8,  -20,  -24,   -8,    0,   -4,    0,    0,  -10,    0,    0,  -20,   -4,    0,    0,  -16,    0,    0,    0,   -4,    0,    0,    0,    0,    0,    0,    0,    0,    0,    0,    0,    0,    0,    0,  -24,    0,    0,    0,
       0,   -4,    0,  -12,  -16,    0,   -4,    0,    0,    0,    0,    0,    0,    0,    0,    0,    0,    0,    0,    0,    0,    0,    0,    0,    0,    0,    0,    0,    0,    0,    0,    0,    0,  -14,    0,   -4,    0,  -10,  -12,  -14,  -12,  -16,  -12,    0,    0,   -4,    0,    0,    0,  -10,    0,   -6,    0,   -6,    0,    0,    0,   -4,    0,    0,    0,    0,    0,    0,    0,    0,    0,   -8,    0,    0,    0,    0,    0,    0,    0,    0,
       0,   -4,    0,    0,    0,    0,    0,    0,    0,    0,    0,    0,    0,    0,    0,    0,    0,    0,    0,    0,    0,    0,    0,    0,    0,    0,    0,    0,    0,    0,    0,    0,    0,  -16,    0,    0,    0,    0,  -16,    0,    0,    0,    0,    0,    0,    0,    0,    0,    0,    0,    0,   -8,    0,    0,   -4,   -4,    0,    0,    0,    0,    0,    0,    0,    0,    0,    0,    0,    0,    0,    0,    0,    0,    0,    0,    0,    0,
       0,    0,    0,    0,    0,    0,    0,    0,    0,    0,    0,    0,    0,    0,    0,    0,    0,    0,    0,    0,    0,    0,    0,    0,    0,    0,    0,    0,    0,    0,    0,    0,    0,  -24,    0,    0,    0,    0,  -16,   -4,    0,  -12,    0,    0,    0,   -8,    0,    0,    0,   -4,    0,   -8,    0,    0,   -4,  -12,   -4,   -4,    0,    0,    0,    0,    0,    0,    0,    0,    0,    0,    0,    0,    0,    0,    0,    0,    0,    0,
       0,    0,    0,   -4,    0,    0,    0,    0,    0,    0,    0,    0,    0,    0,    0,    0,    0,    0,    0,    0,    0,    0,    0,    0,    0,    0,    0,    0,    0,    0,    0,    0,    0,  -12,    0,    0,    0,    0,   -4,    0,    0,   -4,    0,    0,    0,   -4,    0,    0,    0,    0,    0,   -8,    0,    0,   -4,   -4,    0,    0,    0,    0,    0,    0,    0,    0,    0,    0,    0,    0,    0,    0,    0,    0,    0,    0,    0,    0,
       0,   12,    0,    0,  -16,   -8,    0,    0,    0,    0,    0,    0,    0,    0,    0,    0,    0,    0,    0,    0,    0,    0,    0,    0,    0,    0,    0,    0,    0,    0,    0,    0,    0,    0,    0,    0,    0,   -8,    0,  -12,  -12,   -4,    0,    0,    0,    0,    0,    0,    0,  -16,   -4,    0,    0,  -12,    0,    0,    0,    0,    0,    0,    0,    0,    0,    0,    0,    0,    0,    0,    0,    0,    0,    0,    0,    0,    0,   16,
       0,   -4,    0,    0,    8,    0,    0,    0,    0,    0,    0,    0,    0,    0,    0,    0,    0,    0,    0,    0,    0,    0,    0,    0,    0,    0,    0,    0,    0,    0,    0,    0,    0,  -12,    0,    0,   40,    8,    0,    0,   12,    0,    0,    0,   -6,    0,    0,    0,    0,    8,    0,    0,    0,   10,   -6,    0,  -12,    0,    0,    0,    0,   24,    0,    0,    0,    0,    0,    0,    0,    0,    0,    0,    0,    0,    0,    0,
       0,    0,    0,    0,    0,    0,    0,    0,    0,    0,    0,    0,    0,    0,    0,    0,    0,    0,    0,    0,    0,    0,    0,    0,    0,    0,    0,    0,    0,    0,    0,    0,    0,  -16,    0,    0,    0,    0,  -16,   -4,    0,   -8,    0,    0,    0,   -8,    0,    0,    0,   -4,    0,   -8,    0,    0,   -4,  -12,   -4,   -4,    0,    0,    0,    0,    0,    0,    0,    0,    0,    0,    0,    0,    0,    0,    0,    0,    0,    0,
       0,    0,    0,    0,    0,   -4,    0,    0,    0,    0,    0,    0,    0,    0,    0,    0,    0,    0,    0,    0,    0,    0,    0,    0,    0,    0,    0,    0,    0,    0,    0,    0,    0,   -4,   -6,    0,    0,    0,   -4,    0,    0,    0,    0,   -6,   -4,    0,   -8,    0,    0,    0,   -8,    0,    0,    0,    0,    0,   -8,   -4,    0,    0,    0,    0,    0,    0,    0,    0,    0,    0,    0,    0,    0,   -8,    0,    0,    0,   12,
       0,    0,    0,    0,    0,    0,    0,    0,    0,    0,    0,    0,    0,    0,    0,    0,    0,    0,    0,    0,    0,    0,    0,    0,    0,    0,    0,    0,    0,    0,    0,    0,    0,  -12,    0,    0,    0,    0,    0,    0,    0,    0,    0,    0,    0,    0,    0,    0,    0,    0,    0,    0,    0,    0,    0,    0,    0,    0,   -2,    0,    0,    0,    0,    0,    0,    0,    0,    0,    0,    0,    0,    0,    0,    0,    0,    0,
       0,    8,    0,    0,    0,    0,    0,    0,    0,    0,    0,    0,    0,    0,    0,    0,    0,    0,    0,    0,    0,    0,    0,    0,    0,    0,    0,    0,    0,    0,    0,    0,    0,   -8,    0,    0,    0,    0,    0,    0,    0,    0,    0,    0,    0,    0,    0,    0,    0,    0,   -4,    0,    0,    0,    0,    0,    0,   -4,    0,    0,    0,    0,    0,    0,    0,    0,    0,    0,    0,    0,    0,    0,    0,    0,    0,    0,
       0,    8,    0,    0,  -16,    0,    0,    0,    0,    0,    0,    0,    0,    0,    0,    0,    0,    0,    0,    0,    0,    0,    0,    0,    0,    0,    0,    0,    0,    0,    0,    0,    0,    0,    0,    0,    0,   -8,    0,   -8,  -12,   -4,    0,    0,    0,    0,   -4,    0,    0,  -20,  -12,    0,    0,  -20,    0,    0,    0,  -12,    0,    0,    0,    0,    0,    0,    0,    0,    0,    0,    0,    0,    0,    0,    0,    0,    0,   16,
       0,  -32,    0,    0,    0,    0,   -4,    0,    0,    0,    0,    0,    0,    0,    0,    0,    0,    0,    0,    0,    0,    0,    0,    0,    0,    0,    0,    0,    0,    0,    0,    0,    0,  -24,    0,    0,    0,    0,   -8,   -4,    0,   -4,    0,   -4,  -28,   -8,    0,    0,    0,    0,    0,   -8,    0,    0,  -24,  -18,  -16,   -8,    0,    0,    0,    0,    0,   -8,    0,    0,    0,    0,    0,  -12,    0,   -8,    0,    0,    0,  -12,
       0,   -4,    0,    0,    0,    0,    0,    0,    0,    0,    0,    0,    0,    0,    0,    0,    0,    0,    0,    0,    0,    0,    0,    0,    0,    0,    0,    0,    0,    0,    0,    0,    0,  -16,    0,    0,   32,    0,    0,    0,    0,    0,    0,    0,    0,    0,    0,    0,    0,    0,    0,    0,    0,    0,  -12,  -20,    0,    0,    0,    0,    0,    8,    0,    0,    0,    0,    0,    0,    0,    0,    0,    0,    0,    0,    0,    0,
       0,    0,    0,    0,    0,    0,    0,    0,    0,    0,    0,    0,    0,    0,    0,    0,    0,    0,    0,    0,    0,    0,    0,    0,    0,    0,    0,    0,    0,    0,    0,    0,    0,   -8,    0,    0,    0,    0,  -12,    0,    0,    0,    0,    0,    0,   -4,    0,    0,    0,    0,    0,    0,    0,    0,    0,    0,    0,   -8,    0,    0,    0,    0,    0,    0,    0,    0,    0,    0,    0,    0,    0,    0,    0,    0,    0,    0,
       0,   12,    0,    0,    0,    0,    0,    0,    0,    0,    0,    0,    0,    0,    0,    0,    0,    0,    0,    0,    0,    0,    0,    0,    0,    0,    0,    0,    0,    0,    0,    0,    0,    8,    0,    0,    0,    0,    0,    0,    0,    0,    0,    0,    0,    0,    0,    0,    0,    0,    0,    0,    0,    0,    0,    0,    0,    0,   12,    0,    4,    0,    0,    0,    0,    0,    0,    0,    0,    0,    0,    0,    0,    0,    0,    0,
       0,    0,    0,    0,    0,    0,    0,    0,    0,    0,    0,    0,    0,    0,    0,    0,    0,    0,    0,    0,    0,    0,    0,    0,    0,    0,    0,    0,    0,    0,    0,    0,    0,    0,    0,    0,   12,    0,    0,    0,    0,    0,    0,    0,    0,    0,    0,    0,    0,    0,    0,    0,    0,    0,    0,    0,    0,    0,    0,    0,    0,    8,    0,    0,    0,    0,    0,    0,    0,    0,    0,    0,    0,    0,    0,    0,
       0,   -4,    0,    0,    0,    0,    0,    0,    0,    0,    0,    0,    0,    0,    0,    0,    0,    0,    0,    0,    0,    0,    0,    0,    0,    0,    0,    0,    0,    0,    0,    0,    0,  -16,    0,    0,   16,    0,    0,    0,    0,    0,    0,    0,    0,    0,    0,    0,    0,    0,    0,    0,    0,    0,  -12,  -20,    0,    0,    0,    0,    0,    0,    0,    0,    0,    0,    0,    0,    0,    0,    0,    0,    0,    0,    0,    0,
       0,    0,    0,    0,  -16,    0,    0,    0,    0,    0,    0,    0,    0,    0,    0,    0,    0,    0,    0,    0,    0,    0,    0,    0,    0,    0,    0,    0,    0,    0,    0,    0,    0,    0,    0,    0,    0,    0,    0,    0,    0,    0,    0,    0,    0,    0,    0,    0,    0,   -8,    0,    0,    0,    0,    0,    0,    0,    0,    0,    0,    0,    0,    0,    0,    0,    0,    0,    0,    0,    0,    0,    0,    0,    0,    0,    0,
       0,  -16,    0,    0,    0,    0,    0,    0,    0,    0,    0,    0,    0,    0,    0,    0,    0,    0,    0,    0,    0,    0,    0,    0,    0,    0,    0,    0,    0,    0,    0,    0,    0,  -16,    0,    0,    0,    0,    0,    0,    0,    0,    0,    0,  -16,    0,    0,    0,    0,    0,    0,    0,    0,    0,   -8,    0,    0,    0,    0,    0,    0,    0,    0,    0,    0,    0,  -12,   -8,  -12,    0,    0,    0,    0,    0,    0,    0,
       0,  -28,    0,    0,    0,    0,    0,    0,    0,    0,    0,    0,    0,    0,    0,    0,    0,    0,    0,    0,    0,    0,    0,    0,    0,    0,    0,    0,    0,    0,    0,    0,    0,    0,    0,    0,    0,    0,    0,    0,    0,    0,    0,    0,    0,    0,   -8,    0,    0,    0,    0,    0,    0,    0,  -20,  -12,  -12,    0,    0,    0,    0,    0,    0,   -8,    0,    0,    0,    0,    0,   -8,    0,   -8,    0,    0,    0,    0,
       0,    0,    0,    0,  -16,    0,    0,    0,    0,    0,    0,    0,    0,    0,    0,    0,    0,    0,    0,    0,    0,    0,    0,    0,    0,    0,    0,    0,    0,    0,    0,    0,    0,    0,    0,    0,    0,    0,    0,    0,    0,    0,    0,    0,    0,    0,    0,    0,    0,    0,    0,    0,    0,    0,    0,    0,    0,    0,    0,    0,    0,    0,    0,    0,    0,    0,   -4,    0,   -4,    0,    0,    0,    0,    0,    0,    0,
       0,    0,    0,    0,  -24,  -16,    0,    0,    0,    0,    0,    0,    0,    0,    0,    0,    0,    0,    0,    0,    0,    0,    0,    0,    0,    0,    0,    0,  -24,  -12,    0,    0,    0,    8,   -8,    0,    0,  -16,    0,  -28,  -20,    0,    0,  -14,    0,    0,  -28,    0,    0,  -24,    0,   -8,   -8,    0,  -16,  -16,  -20,    0,    0,    0,    0,    0,   -8,   -8,    0,  -20,    0,    0,    0,  -16,  -20,  -28,  -20,  -32,    0,    0,
       0,    0,    0,    0,  -20,   -8,    0,    0,    0,    0,    0,    0,    0,    0,    0,    0,    0,    0,    0,    0,    0,    0,    0,    0,    0,    0,    0,    0,    0,    0,    0,    0,    0,    0,    0,    0,    0,    0,    0,  -12,    0,    0,    0,    0,    0,    0,   -4,    0,    0,  -16,   -4,    0,    0,  -12,    0,    0,    0,    0,    0,    0,    0,    0,    0,    0,    0,    0,    0,    0,    0,    0,    0,    0,    0,    0,    0,    0,
       0,    0,    0,    0,  -20,   -8,    0,    0,    0,    0,    0,    0,    0,    0,    0,    0,    0,    0,    0,    0,    0,    0,    0,    0,    0,    0,    0,    0,    0,    0,    0,    0,    0,    8,    0,    0,    0,    0,    0,  -24,    0,    0,    0,    0,    0,    0,  -16,    0,    0,  -20,    0,   -8,   -8,    0,    0,    0,  -20,    0,    8,    0,    0,    0,   -8,    0,    0,  -12,    0,    8,    0,    0,   -8,  -12,  -16,    0,    0,    0,
       0,    0,    0,    0,  -12,    0,    0,    0,    0,    0,    0,    0,    0,    0,    0,    0,    0,    0,    0,    0,    0,    0,    0,    0,    0,    0,    0,    0,    0,    0,    0,    0,    0,    0,    0,    0,    0,    0,    0,    0,    0,    0,    0,    0,    0,    0,   -8,    0,    0,  -12,    0,    0,    0,    0,    0,    0,    0,    0,    0,    0,    0,    0,    0,    0,    0,    0,    0,    0,    0,    0,    0,    0,    0,    0,    0,    0,
       0,    0,    0,    0,    0,    0,    0,    0,    0,    0,    0,    0,    0,    0,    0,    0,    0,    0,    0,    0,    0,    0,    0,    0,    0,    0,    0,    0,    0,    0,    0,    0,    0,    0,    0,    0,    0,    0,    0,    0,    0,    0,    0,    0,    0,    0,    0,    0,    0,    0,    0,    0,    0,    0,   -8,    0,  -20,    0,    0,    0,    0,    0,   -8,    0,    0,    0,    0,    0,    0,    0,  -20,   -8,    0,    0,    0,    0,
       0,    0,    0,    0,    0,    0,    0,    0,    0,    0,    0,    0,    0,    0,    0,    0,    0,    0,    0,    0,    0,    0,    0,    0,    0,    0,    0,    0,    0,    0,    0,    0,    0,    0,    0,    0,    0,    0,    0,    0,    0,    0,    0,    0,    0,    0,   -4,    0,    0,    0,    0,    0,    0,    0,    0,    0,   -4,    0,    0,    0,    0,    0,    0,    0,    0,    0,    0,    0,    0,    0,    0,    0,    0,    0,    0,    0,
       0,    0,    0,    0,  -24,    0,    0,    0,    0,    0,    0,    0,    0,    0,    0,    0,    0,    0,    0,    0,    0,    0,    0,    0,    0,    0,    0,    0,    0,    0,    0,    0,    0,    0,    0,    0,    0,    0,    0,  -24,    0,    0,    0,    0,    0,    0,  -20,    0,    0,  -20,    0,    0,    0,    0,    0,    0,  -16,    0,    8,    0,    0,    0,   -8,    0,    0,  -12,    0,    0,    0,    0,    0,  -16,  -16,  -16,   -4,    0,
       0,    0,    0,    0,  -16,    0,    0,    0,    0,    0,    0,    0,    0,    0,    0,    0,    0,    0,    0,    0,    0,    0,    0,    0,    0,    0,    0,    0,    0,    0,    0,    0,    0,    0,    0,    0,    0,    0,    0,    0,    0,    0,    0,    0,    0,    0,    0,    0,    0,   -4,    0,    0,    0,    0,    0,    0,    0,    0,    0,    0,    0,    0,    0,    0,    0,    0,    0,    0,    0,    0,    0,    0,    0,    0,    0,    0,
       0,    0,    0,    0,    0,    0,    0,    0,    0,    0,    0,    0,    0,    0,    0,    0,    0,    0,    0,    0,    0,    0,    0,    0,    0,    0,    0,    0,    0,    0,    0,    0,    0,   -8,    0,    0,    0,    0,    0,    0,    0,    0,    0,    0,    0,    0,    0,    0,    0,    0,    0,    0,    0,    0,    0,    0,    0,    0,    0,    0,    0,    0,    0,    0,    0,    0,   -4,    0,   -4,    0,    0,    0,    0,    0,    0,    0,
       0,   -4,    0,    0,    0,    0,    0,    0,    0,    0,    0,    0,    0,    0,    0,    0,    0,    0,    0,    0,    0,    0,    0,    0,    0,    0,    0,    0,    0,    0,    0,    0,    0,    0,    0,    0,    0,    0,    0,    0,    0,    0,    0,    0,    0,    0,    0,    0,    0,    0,    0,   -8,    0,    0,    0,   -4,    0,    0,    0,    0,    0,    0,    0,    0,    0,    0,    0,    0,    0,    0,    0,    0,    0,    0,    0,    0,
};

static const EpdLigaturePair notosans_12_regularLigaturePairs[] = {
    { 0x00660066, 0xFB00 }, // f f -> U+FB00
    { 0x00660069, 0xFB01 }, // f i -> U+FB01
    { 0x0066006C, 0xFB02 }, // f l -> U+FB02
    { 0xFB000069, 0xFB03 }, // U+FB00 i -> U+FB03
    { 0xFB00006C, 0xFB04 }, // U+FB00 l -> U+FB04
};

static const EpdFontData notosans_12_regular = {
    notosans_12_regularBitmaps,
    notosans_12_regularGlyphs,
    notosans_12_regularIntervals,
    18,
    34,
    27,
    -8,
    true,
    nullptr,
    0,
    nullptr,
    notosans_12_regularKernLeftClasses,
    notosans_12_regularKernRightClasses,
    notosans_12_regularKernMatrix,
    478,
    474,
    87,
    76,
    notosans_12_regularLigaturePairs,
    5,
    nullptr,
    nullptr,
    nullptr,
    1,
};
