/**
 * generated by fontconvert.py
 * name: notoserif_16_bold
 * size: 16
 * mode: 2-bit  compressed: true
 * Command used: fontconvert.py notoserif_16_bold 16 ../builtinFonts/source/NotoSerif/NotoSerif-Bold.ttf --2bit --compress --pnum
 */
#pragma once
#include "EpdFontData.h"

static const uint8_t notoserif_16_boldBitmaps[25933] = {
    0x00, 0x01, 0x19, 0xF7, 0x67, 0xF2, 0xC7, 0x31, 0xE1, 0x60, 0xE8, 0xAD, 0x44, 0x52, 0x6A, 0x1B,
    0x50, 0x40, 0x00, 0x01, 0x81, 0x3F, 0x20, 0xE8, 0xD6, 0x57, 0x9B, 0x8F, 0x60, 0x58, 0x69, 0xA0,
    0x00, 0x2A, 0x07, 0x14, 0xCC, 0x17, 0x84, 0x46, 0x6D, 0x39, 0xB8, 0x45, 0x72, 0x8F, 0x84, 0xFE,
    0x39, 0x72, 0x72, 0xDC, 0xFF, 0x3B, 0x69, 0x2A, 0x83, 0x4F, 0x4A, 0xBD, 0xE6, 0x74, 0x00, 0xCF,
    0x1E, 0xDE, 0x57, 0xC1, 0x45, 0xEB, 0x22, 0x00, 0x42, 0xD2, 0x1E, 0x83, 0xB8, 0xD4, 0x83, 0x73,
    0x55, 0x1A, 0x77, 0xED, 0x0D, 0x44, 0x01, 0xE0, 0x8B, 0xC6, 0x7C, 0x05, 0xB9, 0x09, 0x05, 0x00,
    0x58, 0x78, 0x4E, 0xF1, 0x3E, 0x67, 0x53, 0x53, 0xAC, 0x17, 0x34, 0xAD, 0x72, 0xFB, 0x5E, 0xD2,
    0x64, 0x5C, 0x75, 0x13, 0x13, 0x2D, 0x6B, 0xC5, 0x2B, 0x8C, 0x07, 0xD0, 0x52, 0x00, 0xA5, 0x70,
    0x92, 0xAA, 0x80, 0xA1, 0x45, 0x14, 0xEE, 0xB2, 0xC0, 0x6B, 0x6D, 0x37, 0x51, 0xB8, 0xD3, 0x3C,
    0x9A, 0x0B, 0xF6, 0xEE, 0x70, 0x02, 0xBC, 0xC3, 0xF0, 0xF2, 0xBB, 0x69, 0xE1, 0x7C, 0x91, 0x43,
    0xA9, 0x82, 0x00, 0xD1, 0xB5, 0xC9, 0x48, 0x07, 0x62, 0xE4, 0x38, 0xAC, 0xA8, 0xB9, 0x13, 0xC0,
    0xD7, 0x02, 0x0D, 0x40, 0x00, 0xA2, 0x9E, 0x46, 0xDE, 0xD5, 0xB2, 0xCE, 0x92, 0x1C, 0x74, 0x60,
    0xEA, 0x03, 0xFD, 0x29, 0x3D, 0xC0, 0x15, 0xC6, 0x09, 0xD9, 0xC3, 0xBF, 0x65, 0x8C, 0x3E, 0x62,
    0x5C, 0xD4, 0x6F, 0x9B, 0xA1, 0xC7, 0x8A, 0xC1, 0x7D, 0x1E, 0x45, 0x72, 0xEB, 0x80, 0x1F, 0x8C,
    0xC4, 0x4A, 0xBD, 0x42, 0x5F, 0x72, 0xC0, 0x00, 0x00, 0xBC, 0xA1, 0x01, 0x61, 0xC9, 0x00, 0x53,
    0x27, 0x0E, 0x14, 0xBA, 0xF3, 0xBC, 0x4A, 0x47, 0x80, 0xC0, 0x20, 0xE8, 0xC5, 0x77, 0xB7, 0x7A,
    0xC8, 0x30, 0x0D, 0xC0, 0x00, 0x04, 0xD1, 0xB4, 0x68, 0x82, 0xDE, 0x1D, 0x9A, 0xB0, 0x02, 0x66,
    0x04, 0xB8, 0xDE, 0x35, 0x80, 0x27, 0x21, 0xAC, 0xF2, 0x7F, 0x33, 0xF8, 0xCB, 0x00, 0x31, 0x98,
    0x0F, 0x4E, 0xB2, 0x28, 0x43, 0x47, 0x31, 0x25, 0xF2, 0xE9, 0x4F, 0x8E, 0x00, 0x50, 0x90, 0x87,
    0xE5, 0x1F, 0x45, 0xC0, 0x1C, 0xF0, 0xF2, 0xD1, 0xAD, 0x40, 0x76, 0x57, 0x8A, 0x56, 0x00, 0x86,
    0xE0, 0xC4, 0x79, 0x61, 0xCB, 0x69, 0x48, 0x15, 0xAA, 0x14, 0xAE, 0x3B, 0x00, 0x3F, 0x61, 0xE5,
    0xD2, 0xEB, 0x4C, 0xE3, 0xB9, 0xB0, 0x00, 0x05, 0x22, 0x24, 0x1C, 0x80, 0x00, 0x35, 0x2D, 0xF1,
    0x35, 0xC4, 0x00, 0x42, 0xB1, 0x92, 0xF1, 0x30, 0xDE, 0xD1, 0xC4, 0xDC, 0x40, 0x96, 0x07, 0xBE,
    0xAC, 0x48, 0x00, 0x7C, 0xD0, 0x8C, 0x91, 0xAE, 0x11, 0xE6, 0x49, 0xE9, 0xC9, 0x3F, 0xDE, 0x2C,
    0xB8, 0xF0, 0x54, 0x33, 0xAB, 0x5D, 0xC8, 0xD7, 0xC1, 0xB2, 0x20, 0x27, 0xE2, 0x0E, 0xBA, 0x7A,
    0x80, 0x00, 0x32, 0x5E, 0xAB, 0xD0, 0x87, 0x09, 0xED, 0xBF, 0x69, 0xA1, 0x81, 0xC0, 0x39, 0xB1,
    0x44, 0x37, 0x6D, 0x80, 0x00, 0x74, 0x3E, 0x06, 0x70, 0x8E, 0x4A, 0x86, 0x23, 0xCA, 0x83, 0x7D,
    0xE2, 0xFF, 0x63, 0xE3, 0x5D, 0xC1, 0x2B, 0xEE, 0xE9, 0xEB, 0x4C, 0x34, 0xD6, 0xFE, 0x61, 0x90,
    0x32, 0x6E, 0x00, 0x80, 0x6E, 0x3B, 0xD9, 0xD6, 0xDA, 0x41, 0x20, 0xCA, 0x49, 0x61, 0xA7, 0xCF,
    0x7D, 0x25, 0x8D, 0x9C, 0x3D, 0x0E, 0x87, 0x44, 0x17, 0x9C, 0x46, 0x08, 0xE3, 0x84, 0x77, 0x24,
    0xF8, 0xAA, 0x8B, 0xBC, 0xEB, 0x2D, 0x74, 0x28, 0x00, 0x4F, 0x50, 0x91, 0xA4, 0xB4, 0x89, 0x4E,
    0x90, 0x57, 0x48, 0xFE, 0xC2, 0x2E, 0x0D, 0x50, 0x05, 0xA0, 0xD3, 0x30, 0xB4, 0xBB, 0x84, 0x64,
    0x3A, 0x5A, 0x9E, 0x2D, 0xCE, 0x5E, 0xCB, 0x5D, 0xE8, 0x00, 0x09, 0xFB, 0xFA, 0x9A, 0xCA, 0xF3,
    0x3E, 0x02, 0x45, 0xD5, 0x91, 0xB5, 0x29, 0x48, 0x17, 0x18, 0x4C, 0x1A, 0xED, 0x37, 0x84, 0x12,
    0xFC, 0x9D, 0x3D, 0x05, 0xBA, 0x31, 0x28, 0x1F, 0xA9, 0x30, 0x87, 0x12, 0x00, 0xAC, 0x2A, 0xD5,
    0xC8, 0x24, 0x42, 0xE7, 0x5B, 0xD8, 0xA6, 0xF5, 0xF2, 0x18, 0x0B, 0x71, 0xB0, 0xB5, 0x92, 0x3D,
    0xE8, 0xC5, 0x11, 0x52, 0x9D, 0x26, 0xB9, 0xDB, 0x0E, 0x93, 0x9C, 0x82, 0x39, 0x2F, 0x30, 0xE8,
    0x80, 0x00, 0x05, 0x0B, 0x1E, 0x8D, 0x96, 0xD7, 0x8C, 0x3A, 0xF7, 0xD6, 0x4E, 0x51, 0xDB, 0xE4,
    0xFF, 0x3A, 0xB6, 0x62, 0x52, 0x22, 0x80, 0x87, 0x15, 0x00, 0xA5, 0x8D, 0xB8, 0x2A, 0x0F, 0x71,
    0x8B, 0x18, 0x1B, 0xCC, 0xC9, 0x98, 0x7D, 0xC3, 0x07, 0x4A, 0xE2, 0x30, 0xCD, 0x83, 0x25, 0x30,
    0xF1, 0xC8, 0x4D, 0x81, 0x91, 0xCF, 0xD4, 0xF1, 0x1A, 0x24, 0xCC, 0x4E, 0x03, 0x24, 0x80, 0x00,
    0x79, 0xD5, 0x2B, 0xD3, 0x95, 0x45, 0x18, 0x5B, 0x5B, 0xC9, 0x5D, 0x63, 0x05, 0xE5, 0x20, 0xF3,
    0xA6, 0xF0, 0x19, 0xAA, 0xF7, 0x1C, 0xC5, 0xC3, 0x16, 0xE9, 0x5C, 0x7E, 0x54, 0xB2, 0x8E, 0x2D,
    0x6D, 0x22, 0x00, 0x35, 0x2D, 0x7B, 0xCC, 0x26, 0x5C, 0xD6, 0x45, 0xF3, 0xFB, 0x80, 0x00, 0x45,
    0x08, 0xC6, 0x0B, 0x9A, 0x5D, 0x00, 0x79, 0xAB, 0x0E, 0x99, 0xD7, 0x39, 0x2D, 0x00, 0x68, 0x23,
    0xC4, 0x6D, 0x02, 0x18, 0x26, 0x7A, 0x34, 0x33, 0x36, 0x68, 0x32, 0xC5, 0x58, 0x8E, 0x47, 0x0C,
    0xA5, 0x67, 0xB2, 0x2D, 0x3C, 0x88, 0x00, 0x00, 0x00, 0x7F, 0xBF, 0x98, 0x17, 0xF1, 0xB9, 0x03,
    0xA5, 0x97, 0x18, 0x70, 0x00, 0x04, 0xD9, 0x95, 0xF8, 0x8C, 0xED, 0x83, 0x30, 0xF8, 0x7E, 0xAB,
    0xAF, 0xE7, 0x13, 0xC4, 0xE5, 0xEE, 0x88, 0x0F, 0x7E, 0x7D, 0xE3, 0x0F, 0x02, 0x0F, 0x2B, 0x00,
    0x71, 0x67, 0xB3, 0xD7, 0x5F, 0x75, 0xF2, 0xB5, 0x03, 0x7B, 0x57, 0x37, 0x48, 0x07, 0xB8, 0xFA,
    0x2E, 0x7C, 0xCE, 0x69, 0x6E, 0x66, 0x8E, 0x6C, 0x00, 0x4E, 0xE0, 0x47, 0xCE, 0x54, 0x9A, 0xE3,
    0xC4, 0x38, 0xAF, 0xC4, 0x8E, 0x37, 0xC3, 0x06, 0xAD, 0x3D, 0xDD, 0x78, 0xB7, 0x06, 0x46, 0x3C,
    0x59, 0xAA, 0xBA, 0x6B, 0x82, 0x4E, 0x31, 0xE0, 0xA5, 0x11, 0x76, 0x1D, 0xB4, 0x1B, 0xC5, 0x45,
    0xE9, 0x46, 0x1A, 0x92, 0xF0, 0xEE, 0x48, 0x74, 0xA8, 0x05, 0xC6, 0xDB, 0x21, 0xC6, 0xE5, 0x46,
    0xA5, 0xB6, 0x26, 0xA6, 0x5B, 0x0A, 0xD7, 0xCF, 0x5B, 0xA1, 0x01, 0x35, 0x61, 0x3A, 0x06, 0xA0,
    0x00, 0x44, 0x96, 0x98, 0xC3, 0x0F, 0xA6, 0x8E, 0x4E, 0xDE, 0xA4, 0x9E, 0x9D, 0xBC, 0xE1, 0x73,
    0xDB, 0xD9, 0x44, 0x13, 0xC7, 0xC8, 0x61, 0xD7, 0xE0, 0x1D, 0x87, 0xF5, 0x33, 0x5E, 0xFE, 0xB7,
    0x8A, 0xA8, 0xDB, 0x73, 0x40, 0x00, 0x05, 0x26, 0x39, 0x2B, 0xE4, 0x9F, 0x06, 0x85, 0x98, 0x26,
    0x14, 0x30, 0xD8, 0x7D, 0xBC, 0x56, 0x49, 0x10, 0xEC, 0x4F, 0x95, 0x82, 0x46, 0x7C, 0x77, 0xC5,
    0x3F, 0x29, 0x8E, 0xB1, 0x3B, 0x60, 0x22, 0x0A, 0x4F, 0xDC, 0xCC, 0x43, 0xC2, 0x28, 0x00, 0x96,
    0x19, 0x18, 0x6E, 0xF0, 0x85, 0x0D, 0x9B, 0xAA, 0x52, 0x15, 0x4F, 0xE0, 0xD8, 0x92, 0xEA, 0x56,
    0x32, 0x15, 0xF3, 0x7D, 0x25, 0x1E, 0xD5, 0xDD, 0x85, 0x1B, 0xD0, 0x68, 0x79, 0x20, 0x00, 0x05,
    0x26, 0x85, 0xD8, 0xA0, 0x54, 0xFE, 0xB2, 0xC6, 0x0E, 0x8D, 0xA1, 0x33, 0x97, 0x4E, 0x05, 0xFE,
    0x43, 0xD0, 0x54, 0xAD, 0x9F, 0x94, 0x19, 0x37, 0x30, 0x5F, 0x85, 0xA1, 0xB7, 0xAB, 0x00, 0x05,
    0x05, 0xFA, 0xC4, 0x5E, 0x4D, 0x2F, 0x24, 0xF4, 0x2C, 0x79, 0xC3, 0xAB, 0x0F, 0x83, 0xF5, 0x83,
    0x90, 0x1C, 0x30, 0x23, 0xCC, 0x14, 0x91, 0xB8, 0x3D, 0xA9, 0x0E, 0xEA, 0x00, 0x05, 0x04, 0x6A,
    0xE3, 0xAE, 0x88, 0x93, 0xFF, 0x12, 0x65, 0xD9, 0x09, 0x95, 0x62, 0x98, 0x22, 0x55, 0xF6, 0xBF,
    0xBF, 0x24, 0xF8, 0xB6, 0xCC, 0x00, 0xA5, 0x74, 0x1B, 0xC1, 0x8B, 0xF2, 0x03, 0xE1, 0x37, 0x19,
    0x20, 0xB3, 0x03, 0x39, 0xE7, 0x46, 0xB7, 0x42, 0xF2, 0xF2, 0x8A, 0xF6, 0xFA, 0x56, 0xCB, 0x2F,
    0x06, 0x8D, 0x81, 0x38, 0x94, 0x5C, 0x3A, 0xCB, 0x02, 0x6F, 0x8E, 0x30, 0x00, 0x05, 0x72, 0x7D,
    0xB4, 0x29, 0x55, 0x6E, 0x87, 0x2B, 0xA6, 0x2A, 0x00, 0x64, 0x1F, 0x6E, 0x83, 0x7C, 0x37, 0x49,
    0x16, 0xE0, 0x47, 0x34, 0x1F, 0x99, 0xCC, 0x20, 0x83, 0x46, 0x4D, 0xA5, 0x6A, 0xD4, 0xBF, 0x23,
    0x64, 0x9F, 0x4C, 0x00, 0x05, 0x16, 0x8A, 0x91, 0xF0, 0x66, 0x1F, 0x8F, 0xFA, 0x8B, 0xCB, 0x5F,
    0x8E, 0xBB, 0x07, 0x2F, 0x80, 0x00, 0x09, 0xFD, 0xFB, 0x78, 0x67, 0xEA, 0xD2, 0x3B, 0x56, 0x0C,
    0xF8, 0xA5, 0x1B, 0xEB, 0x56, 0x78, 0xDA, 0x2E, 0x8F, 0x40, 0x00, 0x05, 0x55, 0x14, 0xAB, 0x0B,
    0x4A, 0x5A, 0x8A, 0x87, 0x16, 0x48, 0xB5, 0xB5, 0x4D, 0xBA, 0x88, 0x47, 0x6B, 0x3B, 0x6B, 0x32,
    0xE8, 0x84, 0xAF, 0x47, 0x26, 0x52, 0xF9, 0x87, 0x65, 0x1E, 0xC1, 0x24, 0x2B, 0x02, 0xCD, 0x0D,
    0x55, 0x55, 0x5A, 0x10, 0x6E, 0xA0, 0x87, 0x27, 0x00, 0x75, 0xE0, 0x50, 0x51, 0x25, 0x42, 0xF9,
    0x0A, 0x3B, 0xEF, 0x9A, 0xAE, 0xA0, 0x00, 0x05, 0xB7, 0x8B, 0xAD, 0x19, 0x7E, 0xCA, 0xD9, 0xD7,
    0xBE, 0x52, 0x56, 0xF4, 0xF0, 0x0C, 0x3C, 0x19, 0xA0, 0xBD, 0xEA, 0x8D, 0x2F, 0x56, 0xB2, 0xD1,
    0xC8, 0xB5, 0x59, 0x46, 0xF6, 0x20, 0x8F, 0xA4, 0xF0, 0xE7, 0x15, 0x45, 0x3D, 0x7C, 0xE3, 0x96,
    0x73, 0xB9, 0xFA, 0xB0, 0x46, 0xB4, 0x1A, 0xAB, 0x8E, 0x90, 0x35, 0x45, 0xAB, 0x9A, 0x68, 0x00,
    0x06, 0x1E, 0x26, 0x68, 0x9F, 0xB8, 0x56, 0x87, 0x0A, 0x17, 0x82, 0x5B, 0x93, 0xC0, 0xB8, 0x18,
    0x3A, 0x2F, 0xD8, 0x5F, 0xA2, 0xB4, 0x1E, 0x4A, 0x57, 0xD1, 0x3E, 0x11, 0xD1, 0x9A, 0x0F, 0xAA,
    0x88, 0xEA, 0xCA, 0xAF, 0x90, 0x00, 0xA0, 0xEB, 0x2D, 0x99, 0x03, 0xCF, 0x38, 0xE8, 0xEB, 0xAE,
    0x67, 0x29, 0x51, 0x41, 0x69, 0xEF, 0x60, 0x31, 0x61, 0x37, 0x45, 0xB5, 0x45, 0x3C, 0x05, 0x0A,
    0x13, 0x5C, 0x50, 0x8F, 0x6A, 0xBF, 0xBC, 0x11, 0xD0, 0x87, 0x2E, 0x00, 0x26, 0xDB, 0xA6, 0xEB,
    0xFA, 0x07, 0x60, 0x56, 0xB2, 0xAF, 0x8D, 0xA0, 0xED, 0x3D, 0x2A, 0xC1, 0x5C, 0xC7, 0x5C, 0x85,
    0xC0, 0x87, 0x31, 0x00, 0x9F, 0x74, 0x39, 0xE7, 0x4D, 0x89, 0x17, 0x8A, 0x47, 0x83, 0x8D, 0xD3,
    0xCF, 0xA4, 0xF8, 0xCD, 0x88, 0x10, 0xF6, 0xEC, 0x87, 0x26, 0x00, 0x4F, 0xED, 0x71, 0x6B, 0x96,
    0xB6, 0xE4, 0x36, 0x14, 0x82, 0xF2, 0x88, 0xC1, 0xB5, 0x2D, 0x10, 0xEB, 0x5C, 0xE1, 0x93, 0xFC,
    0x9A, 0xE5, 0xE4, 0xFF, 0x17, 0xC3, 0xD1, 0x7D, 0x8D, 0xBA, 0xE2, 0xFC, 0xF0, 0x00, 0x83, 0x28,
    0xFA, 0xB6, 0x49, 0xDD, 0xA8, 0x29, 0x60, 0xDE, 0x10, 0x2B, 0xAF, 0xCE, 0x05, 0x8E, 0xAD, 0x3A,
    0xDD, 0xA8, 0x9A, 0x4B, 0xAE, 0x62, 0xE0, 0x90, 0x07, 0x3A, 0xD6, 0x0A, 0x14, 0x8D, 0x7E, 0x23,
    0x53, 0xE8, 0xDE, 0x00, 0x90, 0x00, 0x00, 0x01, 0x50, 0x4E, 0x26, 0x8B, 0xC6, 0xEC, 0x77, 0xDC,
    0x7C, 0xA4, 0xCA, 0x7F, 0x9A, 0x02, 0x35, 0xF3, 0x41, 0x09, 0xFF, 0x32, 0xC0, 0xB0, 0x00, 0x00,
    0x5E, 0xFA, 0xBC, 0x0F, 0x2F, 0xBF, 0xB6, 0x63, 0x48, 0x34, 0x91, 0x6C, 0xFA, 0x5F, 0xCA, 0x3A,
    0x02, 0x90, 0xD6, 0xF5, 0xBD, 0x53, 0x6F, 0x1C, 0x3F, 0x79, 0x4B, 0xB4, 0x14, 0x75, 0x92, 0x50,
    0x00, 0x00, 0x73, 0xE1, 0x79, 0xC6, 0x2C, 0x36, 0x5D, 0x94, 0x41, 0x99, 0xE7, 0xD6, 0x70, 0xE0,
    0x45, 0x52, 0xC5, 0x19, 0xE1, 0x46, 0x4D, 0x8D, 0x88, 0x89, 0x7D, 0x4D, 0xEF, 0x36, 0xE9, 0x58,
    0xF0, 0xCA, 0x80, 0x00, 0x00, 0xA5, 0x47, 0xA6, 0x90, 0x07, 0xFC, 0x7B, 0x6B, 0xE9, 0xFE, 0x65,
    0x21, 0x34, 0x20, 0x7C, 0x7B, 0x61, 0xC4, 0xA0, 0x1C, 0x73, 0xC3, 0x63, 0x8D, 0xB0, 0xF9, 0xCC,
    0x8B, 0x02, 0x7F, 0x6D, 0x39, 0x51, 0x6D, 0x26, 0xBD, 0xDE, 0x21, 0x49, 0x5D, 0xBD, 0x2E, 0x66,
    0xE9, 0xE3, 0x66, 0xBD, 0x01, 0x7E, 0xEA, 0x33, 0xEF, 0x2A, 0x5C, 0x4B, 0x98, 0x00, 0x05, 0x72,
    0x8D, 0x2B, 0x14, 0xF2, 0xD7, 0x0D, 0x06, 0x81, 0xDB, 0x8A, 0xC8, 0x25, 0x11, 0x5F, 0x6C, 0x90,
    0xFC, 0x8C, 0xA5, 0xB8, 0xF0, 0xE7, 0xD6, 0x84, 0x25, 0xE0, 0xF2, 0x95, 0x03, 0xA3, 0x15, 0x7F,
    0xA6, 0x77, 0xA5, 0xF6, 0x7B, 0xDE, 0x85, 0x60, 0x00, 0x00, 0x72, 0x1F, 0x2C, 0xAD, 0x30, 0x10,
    0x09, 0x09, 0xF6, 0x80, 0xAF, 0xD6, 0x3C, 0xAD, 0xB8, 0x1E, 0x86, 0x31, 0xB4, 0x8D, 0x55, 0x91,
    0x9E, 0xED, 0xCD, 0xCC, 0x6F, 0x6B, 0xCE, 0x5C, 0xDE, 0x80, 0x00, 0x05, 0x06, 0x69, 0xC2, 0xD4,
    0x65, 0x13, 0x91, 0xAF, 0x6C, 0xA3, 0xDB, 0x8E, 0x86, 0x16, 0x46, 0xB2, 0x77, 0x7A, 0x71, 0x55,
    0x58, 0x76, 0x06, 0xEE, 0x32, 0xB7, 0x5A, 0x5C, 0x40, 0x00, 0x05, 0x5A, 0x6C, 0x76, 0x88, 0x48,
    0x6C, 0xA9, 0x8E, 0x6A, 0x55, 0x50, 0x7C, 0x56, 0x48, 0xE1, 0xB3, 0xC5, 0x29, 0xC8, 0x00, 0x04,
    0x77, 0xAE, 0x5A, 0x80, 0x7A, 0x0F, 0x4D, 0xF1, 0xCC, 0xCD, 0x0E, 0x5E, 0x9F, 0xE9, 0x0F, 0x6D,
    0xD8, 0x4E, 0x05, 0x00, 0x00, 0x4E, 0x48, 0x81, 0x8D, 0x8D, 0x1D, 0x2F, 0x96, 0x73, 0x4C, 0x66,
    0x9C, 0xB3, 0xC9, 0xDE, 0xEE, 0xA1, 0x66, 0x00, 0x37, 0xE9, 0x59, 0x4A, 0xB8, 0x2B, 0xFB, 0x6E,
    0xC9, 0x38, 0xF6, 0x11, 0x39, 0xE6, 0xDF, 0xE4, 0x58, 0xAD, 0x10, 0x00, 0x6F, 0x4D, 0x5A, 0xF7,
    0x61, 0x00, 0x01, 0xC4, 0x79, 0x20, 0x79, 0xEC, 0x90, 0x00, 0x34, 0xF0, 0x57, 0xF3, 0x95, 0x53,
    0x46, 0x4D, 0x7C, 0x7D, 0x2C, 0xF2, 0x7B, 0xEA, 0xB7, 0xE1, 0x1C, 0x8A, 0xAA, 0xF0, 0xAA, 0x7B,
    0xB8, 0x58, 0x6D, 0x7F, 0xC8, 0xED, 0x2B, 0x1F, 0x17, 0xCA, 0xEA, 0x40, 0x00, 0x06, 0x65, 0x1E,
    0x79, 0xAE, 0x9C, 0x51, 0xF8, 0x03, 0x2C, 0xC8, 0x07, 0xAA, 0x1E, 0xE7, 0x30, 0xCD, 0x81, 0x23,
    0xB0, 0x14, 0x41, 0x10, 0xFF, 0x3E, 0xEC, 0x95, 0xC4, 0xC3, 0xD5, 0xE4, 0xB5, 0x21, 0x4D, 0x4D,
    0x79, 0xDD, 0x00, 0x46, 0xBB, 0x18, 0xFB, 0x19, 0xA2, 0x0E, 0x1B, 0x47, 0x25, 0x8C, 0x66, 0xDD,
    0x62, 0x66, 0xDB, 0x0C, 0x32, 0x45, 0x60, 0x8E, 0xFD, 0x04, 0xEC, 0xA4, 0x00, 0x3E, 0x0B, 0xBB,
    0x52, 0x4D, 0x26, 0x06, 0x00, 0x46, 0x73, 0xAB, 0xC4, 0x27, 0x95, 0xC3, 0xF3, 0x9C, 0xA3, 0x81,
    0xE7, 0x0D, 0xEC, 0xF7, 0x66, 0xE7, 0xF3, 0x9F, 0xB8, 0xDD, 0xDF, 0x68, 0x80, 0xDA, 0x43, 0x50,
    0x38, 0xFA, 0x34, 0x00, 0x40, 0xE1, 0x05, 0x21, 0xF3, 0x96, 0x2D, 0x4E, 0x88, 0xF9, 0xB7, 0x74,
    0x72, 0xB0, 0xB3, 0x68, 0xC7, 0x26, 0xEE, 0xDB, 0x6C, 0x33, 0xC9, 0xD8, 0xF1, 0x9E, 0xC5, 0x23,
    0xB5, 0x68, 0x00, 0x40, 0x38, 0xA8, 0x2F, 0x03, 0x39, 0x42, 0x19, 0xE1, 0x90, 0xD9, 0xF6, 0x7F,
    0xB5, 0x06, 0xAB, 0x99, 0x10, 0x28, 0x0B, 0x4E, 0x1D, 0x45, 0xA8, 0xC7, 0xFD, 0xDA, 0x00, 0x78,
    0x95, 0x8D, 0xC0, 0x11, 0xE6, 0x70, 0xA1, 0x1F, 0x91, 0xA5, 0x88, 0x99, 0x3C, 0xAD, 0x1A, 0x68,
    0x38, 0x4D, 0xA6, 0x28, 0x55, 0x96, 0xCA, 0x66, 0xF7, 0x9F, 0x13, 0xF2, 0x15, 0x3A, 0x4B, 0x18,
    0x72, 0xC0, 0x63, 0xE2, 0x7D, 0xB4, 0x7B, 0xE9, 0x90, 0xB5, 0x63, 0x8F, 0x4A, 0xAE, 0x9E, 0x85,
    0x00, 0x06, 0x68, 0x58, 0x14, 0xBE, 0x8C, 0x4D, 0x0B, 0x34, 0x7F, 0x93, 0xFA, 0xD9, 0x56, 0x62,
    0x22, 0x7A, 0x2A, 0x29, 0xC3, 0x70, 0x19, 0x92, 0xF1, 0x4C, 0x9F, 0xBA, 0xED, 0xC1, 0xBD, 0x00,
    0x55, 0x00, 0x21, 0xBC, 0xDB, 0xE0, 0x80, 0x7C, 0x35, 0x83, 0x51, 0x14, 0xAE, 0x5E, 0x6E, 0x6E,
    0x26, 0x40, 0xE6, 0x20, 0x00, 0x2B, 0x24, 0xAD, 0x03, 0x1B, 0xAB, 0xBB, 0x26, 0x3E, 0x27, 0xF1,
    0x76, 0x8F, 0x3F, 0xB0, 0xE2, 0x90, 0xEB, 0xC5, 0x86, 0xDC, 0x40, 0x87, 0x4A, 0x00, 0x6F, 0xDD,
    0xEF, 0x66, 0xB0, 0xA8, 0x9B, 0x3C, 0x82, 0x75, 0x72, 0xF4, 0xFD, 0xD5, 0xCC, 0x10, 0x96, 0x07,
    0xD0, 0x88, 0x7A, 0x1C, 0x9B, 0x37, 0xAF, 0x26, 0x46, 0x11, 0x79, 0xE6, 0xDA, 0x5D, 0x84, 0x87,
    0x4B, 0x00, 0x05, 0x7D, 0x8B, 0x22, 0xB7, 0x0C, 0x3B, 0xE2, 0xB1, 0x9E, 0x07, 0x80, 0x00, 0x58,
    0x68, 0xC4, 0xC4, 0xD7, 0xC4, 0xC3, 0x6D, 0xFF, 0xE5, 0x43, 0x4B, 0x46, 0xE1, 0xDD, 0x02, 0x59,
    0x23, 0x33, 0x00, 0x51, 0xAE, 0xFE, 0x9B, 0xC6, 0x23, 0x00, 0x32, 0xCE, 0xB6, 0xB7, 0x33, 0x9E,
    0xA9, 0xBA, 0x8D, 0x14, 0x4E, 0xDF, 0x8E, 0x4A, 0x00, 0xFE, 0x99, 0x2D, 0x29, 0x9F, 0x33, 0xB0,
    0x8D, 0x32, 0x50, 0x00, 0x40, 0xF4, 0x81, 0xC1, 0x22, 0x7A, 0x82, 0x84, 0x93, 0x49, 0x87, 0x48,
    0x9E, 0x12, 0x16, 0x61, 0xB2, 0x8A, 0x7F, 0x15, 0xCE, 0x10, 0xD3, 0x30, 0x91, 0x40, 0x00, 0x81,
    0x7C, 0x86, 0xED, 0x96, 0x37, 0x3F, 0xCB, 0x75, 0xF8, 0xEC, 0xFE, 0x85, 0xFB, 0xCF, 0xCF, 0x9D,
    0x63, 0xA5, 0x33, 0x1A, 0x7D, 0xB6, 0x28, 0x6E, 0xE0, 0x5E, 0xF4, 0xE4, 0xE9, 0x29, 0x1F, 0x7F,
    0x3F, 0xDA, 0xF8, 0x8E, 0x46, 0x00, 0xFC, 0x64, 0xD9, 0x2C, 0x8A, 0xB8, 0x5A, 0xBD, 0x62, 0x0A,
    0x4B, 0x34, 0x2C, 0xF7, 0x12, 0x59, 0xA5, 0xFA, 0xE4, 0x44, 0x68, 0x06, 0x20, 0x00, 0x67, 0xD0,
    0xFD, 0x6A, 0xBA, 0x3A, 0x94, 0x99, 0x11, 0x15, 0xDC, 0xEE, 0x3B, 0xCB, 0x56, 0x43, 0xC3, 0x43,
    0x1F, 0xC6, 0x0A, 0xA0, 0x00, 0x3E, 0xBA, 0x34, 0x8C, 0x9A, 0x62, 0x61, 0x12, 0xE9, 0x68, 0x3F,
    0xE7, 0xBD, 0x33, 0x46, 0x3F, 0x9B, 0xAB, 0xF3, 0xC0, 0x20, 0xB1, 0x03, 0xA4, 0x3D, 0x26, 0x11,
    0xB9, 0x69, 0x35, 0x2F, 0x23, 0xE0, 0x00, 0x25, 0x28, 0x6A, 0x1B, 0xE8, 0x01, 0x19, 0x96, 0x1D,
    0x89, 0x6E, 0x60, 0xD1, 0x1B, 0xC0, 0x54, 0x6B, 0x5F, 0xB8, 0x6A, 0xBA, 0x88, 0x50, 0x00, 0x76,
    0xFD, 0x10, 0x53, 0x4F, 0x46, 0x2E, 0x6C, 0x4F, 0xED, 0xFB, 0xD9, 0xC9, 0x67, 0xD7, 0x9C, 0x25,
    0x84, 0xD1, 0xC0, 0xF6, 0xE0, 0x60, 0x00, 0x00, 0x71, 0x14, 0xF7, 0x1A, 0xE4, 0x82, 0x66, 0xEA,
    0x14, 0xFE, 0x4C, 0x79, 0xDA, 0x3D, 0xEE, 0x79, 0x94, 0x8F, 0x76, 0xEF, 0x0A, 0x59, 0x31, 0x0D,
    0x45, 0x00, 0x05, 0xAC, 0x29, 0xE9, 0xF6, 0x2B, 0x09, 0xE7, 0xC2, 0x2B, 0x6E, 0x87, 0x8C, 0xEB,
    0xE0, 0x86, 0x76, 0xBB, 0x5A, 0x61, 0x42, 0x73, 0x22, 0x72, 0x72, 0x01, 0xBF, 0x5A, 0x1E, 0x88,
    0x9F, 0x38, 0x0B, 0x08, 0xEA, 0x0F, 0xB3, 0xFB, 0x5F, 0x68, 0x88, 0x71, 0xA0, 0x93, 0x80, 0x00,
    0x05, 0x65, 0xE7, 0x95, 0xCD, 0x2F, 0x80, 0xC1, 0x05, 0x48, 0x8E, 0xE7, 0x0E, 0xA1, 0x4A, 0x68,
    0x23, 0x6A, 0x13, 0xBD, 0x0A, 0xFE, 0xB0, 0x8F, 0x5D, 0x40, 0x73, 0xFE, 0x77, 0x7E, 0x86, 0x73,
    0x88, 0x18, 0x00, 0x00, 0x88, 0x15, 0xAC, 0xD4, 0x5C, 0xD9, 0xB7, 0xE0, 0x87, 0xD2, 0x72, 0xEC,
    0xD7, 0x2E, 0xE2, 0x13, 0x76, 0x4D, 0x96, 0xEE, 0x7A, 0x34, 0xDE, 0xB2, 0x4A, 0x9F, 0x6D, 0x6F,
    0x81, 0x53, 0xD4, 0x34, 0x00, 0x09, 0xF9, 0x9A, 0x83, 0x31, 0xC0, 0x2D, 0x55, 0x1C, 0x0B, 0xE0,
    0xD9, 0xEF, 0x9F, 0x76, 0x5B, 0x22, 0xB6, 0x00, 0xB0, 0xD9, 0x29, 0x34, 0x80, 0x00, 0x41, 0x2A,
    0x08, 0xDB, 0xD9, 0xC5, 0xC2, 0xC0, 0x0D, 0x6A, 0x02, 0x25, 0xD0, 0xAD, 0x51, 0x2A, 0x43, 0x0C,
    0x23, 0x95, 0x46, 0x18, 0x1F, 0x10, 0x00, 0x03, 0xC3, 0x44, 0x34, 0x00, 0x3E, 0x0B, 0x58, 0x47,
    0x00, 0x02, 0xE7, 0x4A, 0xD0, 0xFB, 0xF0, 0x29, 0xF3, 0x2D, 0xFB, 0x15, 0x21, 0x18, 0x16, 0xEF,
    0x4B, 0x16, 0xC3, 0x26, 0x50, 0xB9, 0xC1, 0x31, 0xD9, 0x44, 0x00, 0x75, 0x17, 0x4F, 0x76, 0x3E,
    0xA4, 0x9C, 0x4C, 0x4B, 0x38, 0x4F, 0x92, 0x5F, 0xBB, 0x3B, 0x98, 0x00, 0x3F, 0x5C, 0xC5, 0x3A,
    0x2C, 0x09, 0xCB, 0xCE, 0x82, 0x6B, 0xD8, 0xD1, 0xD1, 0xED, 0xA0, 0x00, 0x40, 0x3A, 0x29, 0xE3,
    0x93, 0xD0, 0x62, 0x0C, 0xCB, 0xC6, 0xC4, 0xB2, 0x77, 0x42, 0x70, 0xCC, 0x51, 0xEE, 0xC1, 0x2E,
    0x06, 0x30, 0xEE, 0x2B, 0xD7, 0x54, 0x40, 0xBB, 0xF6, 0x9A, 0x94, 0x82, 0x31, 0x8A, 0x0E, 0x95,
    0x50, 0x00, 0x89, 0x42, 0x75, 0x60, 0x14, 0xDD, 0xF8, 0xB4, 0x16, 0xAF, 0xAE, 0x64, 0x40, 0x83,
    0x0E, 0x5F, 0x98, 0x5C, 0xB3, 0x82, 0xCE, 0x38, 0x5C, 0xA9, 0xFE, 0x8E, 0x99, 0xA5, 0x13, 0x35,
    0xCF, 0x6D, 0x45, 0xF3, 0xCD, 0xBB, 0x2F, 0xB2, 0x5D, 0x00, 0x6E, 0xE2, 0x52, 0xE6, 0x26, 0xD1,
    0x18, 0xB8, 0x20, 0x1D, 0x72, 0x4E, 0xC3, 0xF2, 0x7B, 0x0B, 0x42, 0x3E, 0x9C, 0x5D, 0x35, 0x1F,
    0xBF, 0x8A, 0x79, 0xC9, 0x88, 0x00, 0x00, 0x88, 0x1A, 0xE5, 0x37, 0x84, 0x4D, 0xE1, 0xA2, 0x3F,
    0x54, 0x6C, 0xEB, 0x83, 0x99, 0x56, 0xE4, 0x30, 0xD3, 0x3E, 0x55, 0xAD, 0x0A, 0x9F, 0x42, 0x2C,
    0xA0, 0x51, 0x57, 0x3C, 0x6B, 0x5E, 0x24, 0x90, 0xA3, 0x82, 0x3A, 0xE6, 0x4F, 0x0D, 0xDC, 0x80,
    0x87, 0x5E, 0x00, 0x78, 0x02, 0xF1, 0x6A, 0x01, 0xD0, 0x00, 0x30, 0xC6, 0xEA, 0x2E, 0x99, 0xCB,
    0xD0, 0xE9, 0xAB, 0x52, 0x16, 0xE7, 0x0D, 0x2C, 0xAE, 0x4F, 0x07, 0xBE, 0x16, 0x40, 0x90, 0x0E,
    0x21, 0x46, 0x59, 0xD1, 0x78, 0x57, 0xAE, 0x00, 0x03, 0xA2, 0xEF, 0xB9, 0x1E, 0xA4, 0x43, 0x48,
    0x2E, 0x67, 0xC2, 0x53, 0x5B, 0xF7, 0x53, 0x39, 0x98, 0x12, 0x38, 0x76, 0x54, 0x00, 0x57, 0x76,
    0x75, 0x21, 0x05, 0xEF, 0xAA, 0x9E, 0xE0, 0x00, 0xA9, 0x2B, 0x3F, 0xFF, 0xA6, 0xE3, 0xD4, 0x42,
    0x78, 0x6A, 0xF5, 0xB0, 0xEA, 0x9D, 0x35, 0x7A, 0x14, 0x7E, 0x74, 0x67, 0x25, 0xDA, 0x8E, 0xC1,
    0x48, 0x74, 0xB6, 0x9C, 0xC6, 0xCB, 0x0F, 0x6C, 0x57, 0x4B, 0x6C, 0xEB, 0x1D, 0x9A, 0x92, 0x16,
    0xF6, 0xAA, 0xB5, 0xE0, 0x5D, 0x87, 0x54, 0x24, 0x8E, 0xE0, 0xC7, 0x65, 0x45, 0x60, 0x80, 0x00,
    0x0F, 0x9C, 0x3A, 0x5F, 0x9F, 0x09, 0xC8, 0xB5, 0xF1, 0xFD, 0xF8, 0x81, 0xAC, 0xC4, 0x3B, 0x63,
    0x36, 0x00, 0xD3, 0x98, 0x36, 0x20, 0x00, 0x25, 0xD2, 0x3E, 0x68, 0x96, 0x0A, 0xFC, 0x91, 0x58,
    0x0A, 0x73, 0x38, 0x3D, 0x8F, 0x6D, 0xBE, 0x80, 0xA9, 0x48, 0xAA, 0x40, 0x0A, 0xE8, 0x00, 0x00,
    0x0E, 0xA2, 0x5F, 0x55, 0x47, 0xB8, 0xAC, 0x87, 0x0F, 0x00, 0x50, 0x87, 0x6A, 0x00, 0xA9, 0x3A,
    0xB4, 0x61, 0x8C, 0x3A, 0x5E, 0xE0, 0x1C, 0x48, 0x3D, 0x82, 0xB3, 0x71, 0x83, 0x6E, 0x4D, 0x20,
    0xDA, 0x4F, 0x34, 0xC4, 0x21, 0x2A, 0xD7, 0x98, 0x49, 0xFD, 0x25, 0xED, 0xC3, 0xF8, 0x47, 0x73,
    0x08, 0xDB, 0xB5, 0x55, 0x20, 0xB5, 0x17, 0x11, 0x5B, 0x00, 0xB1, 0xE3, 0x3E, 0xA5, 0xAD, 0x29,
    0x92, 0x15, 0x94, 0x90, 0xA7, 0x94, 0x00, 0x05, 0x0C, 0xC2, 0x9D, 0x89, 0x10, 0x00, 0x5A, 0x8F,
    0xB5, 0xB4, 0x09, 0xDD, 0xA5, 0x60, 0x81, 0x77, 0xB5, 0x88, 0x79, 0x9F, 0xC6, 0x87, 0x0D, 0x00,
    0xB0, 0x73, 0xF2, 0x39, 0xED, 0xEE, 0x32, 0xCA, 0xB8, 0x00, 0x12, 0x9B, 0x13, 0x68, 0x73, 0x1F,
    0x0D, 0x0F, 0xE9, 0xD7, 0x46, 0xFF, 0xD0, 0xA3, 0x93, 0xB2, 0xF3, 0xF7, 0x0C, 0x80, 0x00, 0x13,
    0xF3, 0x0F, 0x82, 0x0A, 0x05, 0x2E, 0x71, 0xA8, 0x1A, 0x42, 0x81, 0x18, 0xBF, 0x85, 0x3B, 0x16,
    0x9B, 0xB1, 0xE8, 0xD7, 0x4E, 0xFF, 0xA8, 0x00, 0x10, 0x55, 0x21, 0x1A, 0xDF, 0x60, 0x00, 0x07,
    0x1B, 0x25, 0x3D, 0x2E, 0x29, 0x95, 0x60, 0x4D, 0x77, 0x73, 0x89, 0xBD, 0xEB, 0x14, 0x3B, 0xC2,
    0x09, 0x5F, 0x60, 0x83, 0x0A, 0x1C, 0x5D, 0x90, 0xA8, 0xC6, 0xA6, 0x31, 0x6A, 0x49, 0x80, 0x00,
    0x13, 0x7F, 0x0D, 0x09, 0x6C, 0x09, 0x6A, 0xD0, 0xCF, 0xDF, 0x09, 0x47, 0x9A, 0xF2, 0x5F, 0xF7,
    0x90, 0x35, 0x7B, 0x78, 0x54, 0x34, 0xE3, 0xE0, 0xCE, 0x05, 0x6B, 0xF6, 0xBE, 0x04, 0x08, 0xE0,
    0x00, 0x13, 0x2B, 0x40, 0x32, 0x10, 0x00, 0x19, 0x64, 0x8E, 0xF4, 0x69, 0xF8, 0x15, 0x3D, 0x91,
    0x34, 0x25, 0x00, 0x2E, 0xCE, 0x6E, 0x5C, 0x87, 0x26, 0x05, 0x5B, 0xC8, 0xE7, 0x79, 0x57, 0x18,
    0x3E, 0x22, 0xC0, 0x00, 0x0F, 0x5E, 0x1F, 0xBC, 0xDE, 0x49, 0xAA, 0xD5, 0x0F, 0x00, 0x50, 0x59,
    0xA6, 0x7D, 0xE8, 0x9B, 0xA0, 0x00, 0x03, 0xA9, 0x77, 0x2F, 0x09, 0xA6, 0x67, 0x89, 0xC6, 0x52,
    0x8C, 0x5B, 0x05, 0xFE, 0x6A, 0xF2, 0x08, 0x5F, 0x40, 0x1E, 0xDA, 0x7F, 0xC2, 0x00, 0x1B, 0xFA,
    0xB0, 0xFB, 0xAF, 0x31, 0x3D, 0x8C, 0x3C, 0x5C, 0xAF, 0x1F, 0xEE, 0x7A, 0xE2, 0x72, 0xC1, 0x46,
    0xE8, 0x51, 0x7F, 0xD6, 0x95, 0xB5, 0xB0, 0xEA, 0x64, 0x2D, 0x6F, 0x0C, 0x71, 0x79, 0x89, 0x78,
    0xB7, 0x8D, 0x8E, 0xE2, 0xB2, 0x19, 0xCD, 0x0C, 0x16, 0x9C, 0xC0, 0xB3, 0x18, 0x00, 0x1B, 0xF8,
    0x97, 0x5F, 0x23, 0x21, 0xC5, 0xE7, 0x9B, 0x2A, 0xF7, 0x59, 0xB0, 0xF0, 0xF6, 0x3A, 0x33, 0xC0,
    0xB0, 0xCC, 0xB6, 0x05, 0x47, 0x0A, 0x61, 0x53, 0x0D, 0x53, 0xDE, 0xF5, 0xE4, 0x83, 0xE5, 0x8D,
    0xF9, 0x56, 0x7F, 0xF0, 0x7E, 0xCA, 0x49, 0x13, 0x50, 0x85, 0x4E, 0x36, 0x13, 0x1F, 0x54, 0xF0,
    0x6B, 0x98, 0x00, 0x11, 0xB2, 0xD8, 0x30, 0x4C, 0xCB, 0x21, 0x85, 0x55, 0x7F, 0xF4, 0x88, 0xCB,
    0xB7, 0x1D, 0xEE, 0xE9, 0xD2, 0xC9, 0xA7, 0x80, 0x35, 0x29, 0x72, 0x32, 0x44, 0x1F, 0xCA, 0xBF,
    0x9E, 0x4D, 0x7C, 0x8C, 0x64, 0xD1, 0x47, 0x91, 0xBC, 0xB5, 0x5A, 0x11, 0x2F, 0x35, 0x9F, 0x5B,
    0x37, 0x42, 0x86, 0x8D, 0x72, 0x24, 0x1A, 0xA0, 0xA7, 0x7E, 0x8C, 0x8F, 0xA3, 0xBD, 0x86, 0x00,
    0x33, 0x91, 0x49, 0x32, 0x92, 0x1B, 0x7A, 0x10, 0x48, 0x2A, 0x6A, 0x01, 0xE5, 0x20, 0x38, 0xEB,
    0xD6, 0x30, 0xA5, 0xF3, 0x69, 0x9B, 0xFE, 0x70, 0x68, 0x69, 0x26, 0xC0, 0x80, 0x23, 0x00, 0x1D,
    0xFD, 0x68, 0xFF, 0x28, 0x2F, 0x06, 0xCD, 0x26, 0x6F, 0x8C, 0xC8, 0x0E, 0x70, 0xB0, 0xCF, 0x10,
    0xAA, 0xB9, 0x35, 0xF5, 0xF7, 0x84, 0x28, 0xBD, 0xA7, 0xD1, 0xB1, 0xEB, 0xBE, 0x7A, 0xC8, 0x1F,
    0x34, 0xCD, 0x48, 0xCF, 0xF9, 0x10, 0xE2, 0x20, 0x87, 0x81, 0x00, 0xFB, 0x16, 0xEA, 0xCB, 0x4D,
    0xE3, 0x09, 0xF7, 0x3C, 0x9D, 0x24, 0x44, 0xFE, 0xC1, 0x30, 0xC0, 0x87, 0x81, 0x00, 0xF2, 0xEC,
    0x37, 0x0D, 0x81, 0xC1, 0x4B, 0xB7, 0x40, 0x0E, 0x21, 0x67, 0xC7, 0xF7, 0xF3, 0x87, 0x11, 0x0A,
    0x87, 0x81, 0x00, 0xEF, 0x83, 0xC9, 0x26, 0x9A, 0xEC, 0xE3, 0x9A, 0xFC, 0x73, 0x36, 0x03, 0x27,
    0x33, 0x49, 0x3C, 0xC9, 0xD8, 0xF1, 0xE0, 0x87, 0x81, 0x00, 0xFE, 0xF6, 0x95, 0xF5, 0x62, 0xB3,
    0x62, 0xF0, 0x01, 0xC3, 0x1F, 0x5F, 0xFF, 0xC4, 0x50, 0x2C, 0xB2, 0x40, 0x81, 0x23, 0x00, 0xB2,
    0x6D, 0x3A, 0x34, 0xA4, 0xC3, 0x6A, 0xB8, 0x2C, 0x05, 0xDC, 0x9E, 0x11, 0xA2, 0x20, 0x4D, 0x55,
    0x6D, 0x68, 0x00, 0x34, 0x6C, 0x57, 0x60, 0x32, 0x72, 0xEC, 0xC9, 0xAA, 0xD4, 0xB9, 0x37, 0xD8,
    0x0A, 0x50, 0x97, 0xC8, 0x07, 0x52, 0x27, 0x62, 0xB4, 0x3D, 0x50, 0x95, 0x98, 0x71, 0x2A, 0x8C,
    0xF1, 0xF6, 0x67, 0x8C, 0x35, 0x75, 0x8D, 0xAC, 0x83, 0x9F, 0xA1, 0x88, 0xD4, 0x9B, 0xE3, 0xC1,
    0x19, 0x3D, 0x00, 0xD9, 0x46, 0x39, 0x87, 0x25, 0x00, 0x98, 0xE8, 0x59, 0xB1, 0x6E, 0x49, 0x09,
    0x9E, 0x74, 0x25, 0xBB, 0x0D, 0x49, 0x02, 0xE8, 0x5B, 0x44, 0x03, 0x49, 0x48, 0x80, 0x2E, 0x00,
    0x19, 0xD8, 0xC8, 0xDB, 0xE9, 0x5C, 0x23, 0x56, 0xD9, 0xD9, 0x3B, 0xF3, 0x3B, 0xA5, 0x2E, 0xF4,
    0xF3, 0x19, 0x05, 0xC1, 0xEC, 0x15, 0x2A, 0x70, 0x55, 0x0A, 0xF9, 0x3D, 0x80, 0x80, 0x2E, 0x00,
    0x5A, 0xB4, 0xCB, 0x78, 0xEA, 0xBB, 0xF3, 0xA1, 0x2C, 0x38, 0xEF, 0xDE, 0xFE, 0xCA, 0xED, 0x60,
    0x53, 0x93, 0x3E, 0xEF, 0x22, 0xB8, 0xB1, 0xFD, 0x74, 0x49, 0xE0, 0x80, 0x2E, 0x00, 0x36, 0xBC,
    0xDA, 0x26, 0x64, 0x1E, 0xBD, 0x79, 0xF2, 0xBD, 0xA2, 0xC5, 0x04, 0x16, 0xA9, 0x11, 0xAD, 0xE4,
    0x2D, 0x1F, 0xF6, 0xF9, 0x0E, 0x68, 0xF0, 0xF2, 0x2E, 0x65, 0x5A, 0x97, 0x80, 0x2E, 0x00, 0x91,
    0x93, 0xDB, 0x05, 0x48, 0x96, 0x19, 0x1E, 0xB1, 0xBA, 0xA0, 0x5D, 0x29, 0x88, 0x9F, 0xE6, 0xF5,
    0x95, 0x85, 0x14, 0xFE, 0x0B, 0xE4, 0xAD, 0x71, 0x43, 0x60, 0x96, 0x2A, 0x80, 0x80, 0x2B, 0x00,
    0x07, 0x1D, 0x29, 0x66, 0xA2, 0x78, 0xC2, 0xEB, 0xCA, 0xFC, 0x26, 0xAF, 0x8E, 0xF2, 0xA0, 0x40,
    0x87, 0x8D, 0x00, 0xFB, 0x9D, 0x6C, 0x2D, 0xAF, 0xD6, 0x42, 0x41, 0x0E, 0x98, 0x58, 0x87, 0x8D,
    0x00, 0xF3, 0x91, 0x10, 0xCF, 0x45, 0x6E, 0xF1, 0x6D, 0xF4, 0x1A, 0x9C, 0x11, 0x39, 0x80, 0x87,
    0x8D, 0x00, 0xFD, 0xCB, 0xC8, 0x50, 0x37, 0xBC, 0xA2, 0x6A, 0xFA, 0xC8, 0xBB, 0xFC, 0x87, 0x26,
    0x00, 0x4F, 0xEF, 0xEE, 0x11, 0x8C, 0x67, 0x6A, 0x9B, 0x88, 0x50, 0x0D, 0x29, 0x4D, 0x60, 0x80,
    0x30, 0x00, 0x48, 0xC5, 0xE5, 0x45, 0x9D, 0x5A, 0xF9, 0x7C, 0x5E, 0x70, 0xAC, 0x54, 0x6D, 0xAE,
    0xCB, 0x6A, 0x51, 0x22, 0x33, 0xDB, 0x43, 0xC8, 0x6D, 0x41, 0xDF, 0x41, 0xB1, 0x29, 0x07, 0x0D,
    0x3B, 0x90, 0x0F, 0x2F, 0xB3, 0xE9, 0xA2, 0x3D, 0x3B, 0xAC, 0xE7, 0xFC, 0x80, 0x31, 0x00, 0x21,
    0x10, 0x9C, 0xED, 0x6E, 0x13, 0xAF, 0x07, 0x20, 0x9F, 0x51, 0xBF, 0xD6, 0x50, 0x80, 0x31, 0x00,
    0x63, 0xDC, 0xB9, 0x6D, 0xB4, 0xAD, 0x92, 0xBA, 0x55, 0x6E, 0x13, 0xDC, 0x80, 0x31, 0x00, 0x4A,
    0x29, 0x9E, 0xE5, 0x13, 0x0D, 0x68, 0x84, 0xA7, 0xC0, 0x33, 0x12, 0x39, 0xD4, 0x4B, 0xE9, 0xC0,
    0x80, 0x31, 0x00, 0x39, 0x5B, 0x49, 0x36, 0x41, 0x9F, 0x38, 0x7A, 0xE8, 0x1B, 0x84, 0x76, 0x42,
    0x0C, 0x1B, 0x8F, 0x9F, 0x44, 0xDC, 0x87, 0x95, 0x00, 0xF8, 0xB1, 0xA2, 0xED, 0x7E, 0xD5, 0xA7,
    0xB9, 0x8A, 0x0F, 0x3E, 0x11, 0x81, 0x51, 0xA6, 0x00, 0x0E, 0x8B, 0x75, 0x47, 0xB2, 0x79, 0x28,
    0x0B, 0xD4, 0x05, 0x15, 0x0E, 0x51, 0xE3, 0xF0, 0x86, 0x28, 0x11, 0xD6, 0x5C, 0xCE, 0xFB, 0xB0,
    0x86, 0x31, 0x00, 0xBD, 0x18, 0x08, 0x82, 0x36, 0x17, 0x00, 0xAB, 0xD9, 0x70, 0x1D, 0x50, 0xE6,
    0xB8, 0x2F, 0x9E, 0x18, 0x27, 0x02, 0x51, 0xB8, 0x80, 0x37, 0x00, 0x25, 0x6F, 0xE2, 0xC8, 0x5B,
    0x7B, 0xDB, 0xB9, 0x2F, 0xB1, 0xF9, 0x6A, 0xAF, 0xA0, 0x01, 0x1F, 0xFB, 0x30, 0x2F, 0x2D, 0xC0,
    0xF9, 0x40, 0x70, 0x0C, 0x35, 0xDB, 0x2F, 0x58, 0x87, 0x9A, 0x00, 0xF3, 0xE2, 0xDC, 0xAF, 0xBE,
    0xD0, 0xBA, 0xC0, 0xFE, 0xB8, 0xC5, 0x40, 0x59, 0x20, 0xDC, 0x88, 0x87, 0x9A, 0x00, 0xEB, 0xD4,
    0x5B, 0x02, 0xCE, 0xAE, 0x55, 0xC8, 0x15, 0x96, 0x2E, 0x5A, 0x26, 0xD5, 0x06, 0x0B, 0x60, 0xE0,
    0x87, 0x9A, 0x00, 0xFB, 0xAD, 0x60, 0xE2, 0x44, 0x2B, 0x9F, 0xE2, 0x54, 0x24, 0xE2, 0xB9, 0xBC,
    0x31, 0xE4, 0x4F, 0x17, 0x80, 0x3B, 0x00, 0x63, 0xDC, 0xB9, 0x78, 0xFD, 0x10, 0xFA, 0x56, 0x14,
    0xB5, 0x07, 0x0D, 0xB7, 0x86, 0xAA, 0x35, 0x5A, 0x77, 0x87, 0x77, 0xDF, 0xD3, 0x42, 0xE4, 0xF8,
    0xA3, 0x91, 0xD5, 0x4D, 0xC0, 0x5B, 0x20, 0x97, 0xD0, 0x24, 0x23, 0x87, 0x2E, 0x00, 0x73, 0xD1,
    0x76, 0x02, 0x40, 0x49, 0xF5, 0x8E, 0xFA, 0x32, 0x03, 0x3A, 0x7F, 0x94, 0x42, 0x19, 0x16, 0x6D,
    0xAE, 0x50, 0xD2, 0x43, 0x75, 0xC5, 0x40, 0xC0, 0x00, 0x3F, 0x79, 0x2F, 0x93, 0x1E, 0xBB, 0x40,
    0xB9, 0x18, 0xE1, 0xE5, 0xAB, 0xF2, 0xB1, 0x25, 0x60, 0x73, 0xFF, 0x8E, 0x11, 0x67, 0xC1, 0xBF,
    0xDC, 0xE0, 0xA2, 0x69, 0xFA, 0x99, 0x35, 0xE1, 0xEE, 0xE8, 0x49, 0x32, 0xFB, 0xE8, 0xBF, 0x6B,
    0xA1, 0x7C, 0x73, 0xCF, 0x24, 0xEC, 0xBD, 0xA4, 0x3D, 0x7E, 0x6F, 0xEA, 0x90, 0x80, 0x43, 0x00,
    0x10, 0x8D, 0xD6, 0x46, 0x92, 0x4B, 0x0A, 0xF2, 0x69, 0xB0, 0x6A, 0x09, 0x70, 0x80, 0x43, 0x00,
    0x4E, 0x7C, 0xD0, 0x70, 0x99, 0xC6, 0x14, 0x58, 0xC8, 0x90, 0xA1, 0x61, 0xE0, 0x80, 0x43, 0x00,
    0x32, 0x68, 0xF1, 0x6B, 0x07, 0x81, 0x06, 0xBE, 0xD6, 0x66, 0xB0, 0x6F, 0xD3, 0xD1, 0x08, 0xAC,
    0x80, 0x43, 0x00, 0x1F, 0x55, 0xDD, 0x3E, 0xC3, 0xD9, 0x7A, 0xA4, 0xEB, 0x19, 0xC6, 0x6D, 0x6F,
    0x44, 0x43, 0x20, 0x11, 0x40, 0x80, 0x43, 0x00, 0x81, 0x9D, 0x73, 0x84, 0x58, 0x5C, 0xFC, 0x6C,
    0x20, 0x95, 0x8D, 0xC3, 0xFC, 0xD7, 0xB0, 0x85, 0xA2, 0x00, 0x89, 0x23, 0xCF, 0x3F, 0x30, 0xB0,
    0xEA, 0x57, 0xCA, 0xE9, 0x3D, 0xB2, 0xB6, 0x71, 0x54, 0xD8, 0x8E, 0x00, 0x27, 0xFA, 0xAE, 0x4E,
    0x55, 0x48, 0x24, 0xBC, 0x5D, 0xF9, 0x98, 0x3F, 0x85, 0xC8, 0x3D, 0x22, 0x12, 0x2C, 0x39, 0x18,
    0xA6, 0x03, 0x13, 0x17, 0x83, 0x4D, 0xAE, 0x84, 0x8E, 0x62, 0x5F, 0x3A, 0x25, 0x8B, 0x6C, 0xBF,
    0x9E, 0x0E, 0x93, 0xE7, 0x1B, 0x21, 0x82, 0x06, 0x72, 0xDE, 0x1A, 0x7E, 0x99, 0x07, 0x8D, 0x1D,
    0xF5, 0xFF, 0xCA, 0x87, 0x45, 0x00, 0x65, 0xD4, 0xDE, 0x1B, 0x26, 0xC4, 0x20, 0x89, 0xC6, 0x23,
    0xA8, 0x5D, 0xE0, 0xAC, 0x6B, 0xDF, 0xC0, 0x80, 0x47, 0x00, 0x10, 0x38, 0x75, 0x59, 0x4A, 0x69,
    0xD9, 0xCC, 0xEA, 0xA7, 0xC8, 0x9D, 0x10, 0x80, 0x47, 0x00, 0x4D, 0xE9, 0x90, 0x24, 0x46, 0xAD,
    0x56, 0x6E, 0x44, 0x22, 0x4A, 0xC0, 0x80, 0x47, 0x00, 0x33, 0x79, 0x92, 0x30, 0x09, 0xB4, 0x7D,
    0xE7, 0xEA, 0x6C, 0xB0, 0xFD, 0xD2, 0xCB, 0x10, 0x80, 0x47, 0x00, 0x7A, 0xFA, 0xD3, 0x9E, 0x47,
    0x70, 0x8F, 0x06, 0x51, 0xB1, 0xB3, 0xFE, 0xDC, 0x70, 0x87, 0x8D, 0x00, 0x7A, 0x9E, 0xA7, 0x6A,
    0xD2, 0xF6, 0xC6, 0x33, 0x03, 0x70, 0x40, 0x1B, 0x19, 0x54, 0xEC, 0x3A, 0x7D, 0x40, 0x87, 0x4B,
    0x00, 0xB7, 0x43, 0x90, 0x26, 0x21, 0x9C, 0x97, 0x55, 0x60, 0x00, 0x17, 0x6C, 0x05, 0x26, 0x22,
    0x99, 0xE0, 0x9D, 0xA2, 0xAF, 0x23, 0x84, 0x1F, 0x14, 0xB3, 0x8F, 0xD6, 0x3F, 0x19, 0x7A, 0x04,
    0x4F, 0x87, 0xAF, 0x00, 0xF3, 0x3B, 0xB3, 0x3B, 0x90, 0xCD, 0xFF, 0xBB, 0x46, 0x67, 0xDB, 0x38,
    0xE0, 0x80, 0x51, 0x00, 0x7E, 0x76, 0x40, 0xB6, 0x36, 0xD1, 0x5B, 0xA3, 0x17, 0xB7, 0xB3, 0x01,
    0xD1, 0xA7, 0xBF, 0x8B, 0x4E, 0x15, 0x04, 0xC9, 0x76, 0x3B, 0x3E, 0x19, 0x64, 0xD2, 0x3A, 0x12,
    0xF9, 0xFC, 0x86, 0x95, 0x0A, 0xC0, 0x80, 0x50, 0x00, 0x2E, 0xDE, 0x1E, 0x8C, 0x45, 0x53, 0x3C,
    0xBC, 0x48, 0x7D, 0xA0, 0xFF, 0xBA, 0xD3, 0x62, 0xF5, 0x80, 0x80, 0x51, 0x00, 0x10, 0x8D, 0xD6,
    0x47, 0x1B, 0x7C, 0x8F, 0x15, 0xBC, 0xF1, 0xC4, 0x80, 0x51, 0x00, 0x4D, 0xD9, 0xED, 0x47, 0x06,
    0x10, 0x9A, 0x79, 0x05, 0x1E, 0xEC, 0x80, 0x51, 0x00, 0x32, 0x69, 0x4F, 0x3D, 0xB3, 0x21, 0x29,
    0x5D, 0x02, 0x3D, 0x47, 0xB9, 0x44, 0x80, 0x80, 0x51, 0x00, 0x2C, 0x88, 0x75, 0xCB, 0x34, 0xE5,
    0xB9, 0xCD, 0x8C, 0x55, 0xBE, 0x33, 0x6D, 0x5F, 0x62, 0x24, 0x2E, 0x80, 0x51, 0x00, 0x81, 0x41,
    0xB9, 0x7C, 0x20, 0x51, 0x86, 0xF9, 0xF3, 0x32, 0xB3, 0x67, 0xC0, 0x00, 0x3E, 0xF3, 0x23, 0xE0,
    0x80, 0x61, 0x6F, 0x38, 0x8F, 0xAA, 0xA2, 0xA2, 0xE3, 0xE8, 0x86, 0x51, 0x00, 0xA4, 0xC8, 0x26,
    0x96, 0xBD, 0xCF, 0xC7, 0x62, 0x18, 0xDB, 0x78, 0xFE, 0xC7, 0x3D, 0xB7, 0x67, 0x28, 0x3F, 0x60,
    0x00, 0x14, 0xDE, 0x20, 0xD2, 0xA1, 0x87, 0xAA, 0xC0, 0xDC, 0xE7, 0xD4, 0x4B, 0x57, 0x28, 0x11,
    0xF0, 0xDB, 0xEE, 0xB4, 0xF7, 0x7B, 0x87, 0x85, 0xBE, 0x43, 0xCF, 0xA8, 0x90, 0x9F, 0x1F, 0xC6,
    0xF7, 0x68, 0xC0, 0x87, 0xBA, 0x00, 0xFC, 0xC3, 0xC2, 0x6A, 0x0C, 0x02, 0xC1, 0x3B, 0x71, 0xFE,
    0x7B, 0x33, 0x2C, 0x48, 0x87, 0xBB, 0x00, 0x35, 0x11, 0xDA, 0xC4, 0xF9, 0x07, 0xA2, 0xF5, 0xFD,
    0x69, 0x07, 0x2D, 0x12, 0x39, 0xB1, 0x2A, 0x87, 0xBB, 0x00, 0xF7, 0x66, 0x1B, 0xB1, 0x50, 0xE4,
    0x89, 0xA0, 0xA5, 0xBF, 0xBF, 0x5F, 0x69, 0xE7, 0xE5, 0x80, 0x00, 0x57, 0x64, 0x56, 0x2E, 0x24,
    0xE2, 0xEE, 0xD8, 0xEC, 0xE1, 0xB6, 0xD4, 0xAD, 0xF9, 0xFA, 0x74, 0x9E, 0xAF, 0xA4, 0xDD, 0xD5,
    0xC1, 0x21, 0xF0, 0x96, 0xC3, 0x30, 0x95, 0x7E, 0xB3, 0x0C, 0xBE, 0xDF, 0x79, 0xDA, 0x54, 0x5B,
    0x25, 0x20, 0x80, 0x52, 0x00, 0x06, 0x3F, 0x21, 0xB7, 0x0D, 0x6A, 0x51, 0x36, 0x9A, 0xC1, 0xAA,
    0xB4, 0x14, 0x67, 0xAC, 0xC8, 0x81, 0xF4, 0x13, 0xBF, 0x1A, 0x87, 0xBE, 0x00, 0xF5, 0x8D, 0xFE,
    0x0C, 0x23, 0xA3, 0xDC, 0x09, 0xAC, 0x69, 0xDE, 0xB6, 0xA6, 0x52, 0x63, 0x40, 0x14, 0x68, 0x82,
    0x23, 0x00, 0x21, 0xDD, 0x35, 0x57, 0x1B, 0xFD, 0x3C, 0x27, 0xE3, 0x35, 0xD3, 0xF9, 0x8A, 0xA3,
    0x00, 0x52, 0x85, 0xD2, 0xED, 0x3D, 0xA5, 0x87, 0x1B, 0x24, 0x1C, 0x34, 0xC0, 0x84, 0xC1, 0x00,
    0x27, 0xD4, 0xD4, 0xDA, 0x9B, 0xBF, 0x83, 0x58, 0xF5, 0x81, 0xDD, 0x56, 0xEB, 0xC3, 0xBE, 0x1D,
    0xA3, 0x9C, 0x40, 0x80, 0x43, 0x00, 0x12, 0x86, 0x2C, 0xDE, 0x42, 0x81, 0x3D, 0x26, 0x5F, 0xE6,
    0x7F, 0xE2, 0x2D, 0x9F, 0xE1, 0xC5, 0xAC, 0x87, 0x23, 0x00, 0x80, 0x75, 0xD1, 0xD8, 0x31, 0x9B,
    0xCA, 0x6A, 0x46, 0xD3, 0x9A, 0x68, 0x1D, 0xE8, 0x30, 0x81, 0x7D, 0x48, 0xE6, 0xE3, 0x87, 0x43,
    0x00, 0x56, 0x32, 0xC4, 0xB1, 0x52, 0xE3, 0x41, 0xFA, 0xD0, 0x41, 0x65, 0x61, 0xB1, 0x91, 0x05,
    0x32, 0x60, 0x80, 0x80, 0x25, 0x00, 0x67, 0x15, 0x2A, 0x39, 0xDA, 0x0F, 0x48, 0x45, 0xDA, 0x40,
    0xF6, 0x30, 0x76, 0x60, 0x80, 0x45, 0x00, 0x49, 0xE4, 0x01, 0xDB, 0x22, 0xAC, 0x38, 0xDA, 0xDC,
    0x18, 0x55, 0x06, 0xA0, 0x80, 0x25, 0x00, 0x46, 0xAE, 0x92, 0xFD, 0x88, 0x07, 0x29, 0x54, 0x5D,
    0xB9, 0x02, 0x05, 0xA9, 0x73, 0x57, 0x4D, 0xAC, 0x80, 0x45, 0x00, 0x2E, 0x8D, 0x98, 0x44, 0x7A,
    0x7C, 0xCC, 0x35, 0x1F, 0x01, 0x9A, 0x8C, 0xA3, 0xEB, 0x18, 0x80, 0x25, 0x00, 0x50, 0xC2, 0xA1,
    0xA4, 0x5D, 0x4A, 0x9A, 0xAD, 0xDB, 0x2E, 0x6D, 0x81, 0x0A, 0x80, 0x80, 0x45, 0x00, 0x3B, 0x7B,
    0x70, 0xFA, 0xA5, 0x6D, 0xF6, 0xED, 0x09, 0x39, 0x30, 0x87, 0xC7, 0x00, 0x2D, 0x8B, 0x87, 0xDB,
    0x1F, 0x91, 0xFF, 0xB0, 0x34, 0xED, 0x86, 0xB0, 0x3C, 0x28, 0xA3, 0xC1, 0x78, 0x87, 0xC8, 0x00,
    0x13, 0x0F, 0x87, 0xE4, 0x1D, 0x19, 0x49, 0x5F, 0xA9, 0xAF, 0x59, 0x93, 0x39, 0xF7, 0x94, 0x80,
    0x26, 0x00, 0x23, 0x7F, 0xFC, 0x2F, 0x24, 0x01, 0x9E, 0x94, 0xF3, 0x04, 0x65, 0xAD, 0xDE, 0xC8,
    0x8D, 0x9A, 0x3C, 0xD6, 0x08, 0xE6, 0x24, 0x13, 0x46, 0xB9, 0x91, 0x19, 0xE5, 0xFE, 0xCF, 0x48,
    0xF0, 0xF2, 0xE7, 0xE1, 0x04, 0x00, 0x38, 0x22, 0x69, 0xCB, 0x9E, 0xAE, 0x1D, 0xC4, 0x89, 0x72,
    0x6B, 0xAF, 0x43, 0x27, 0x91, 0xF7, 0x6B, 0xCA, 0x9C, 0x1D, 0x40, 0xCA, 0xC5, 0x9C, 0x04, 0x59,
    0x44, 0x96, 0xE5, 0x7A, 0xE5, 0x33, 0x1C, 0x5A, 0xED, 0x08, 0xF5, 0xCB, 0x3F, 0x0E, 0x82, 0x02,
    0x87, 0x91, 0x00, 0x4F, 0xEF, 0xEE, 0x9D, 0xB4, 0xE5, 0x30, 0xA5, 0x40, 0x87, 0x46, 0x00, 0x75,
    0xE6, 0x9A, 0x93, 0x32, 0x48, 0x3A, 0xA8, 0x50, 0x41, 0x86, 0x10, 0x27, 0xCE, 0x1E, 0x5E, 0x93,
    0x74, 0xA0, 0x75, 0xBA, 0xBA, 0x82, 0x27, 0x00, 0x1D, 0x98, 0xBF, 0x3C, 0x08, 0x4B, 0x0E, 0x54,
    0x88, 0xA4, 0xC8, 0x83, 0x47, 0x00, 0x13, 0xBB, 0xEC, 0xCE, 0x68, 0x14, 0x0F, 0x9B, 0xF3, 0x1F,
    0xA0, 0x84, 0xD3, 0x00, 0x25, 0xA2, 0xB4, 0x76, 0x4A, 0x3F, 0x44, 0xD5, 0xE1, 0x78, 0x5C, 0x8B,
    0xF3, 0xDE, 0x7B, 0x66, 0x80, 0x47, 0x00, 0x17, 0x21, 0xD5, 0x4A, 0x9D, 0xE7, 0x9D, 0x1F, 0x43,
    0x15, 0x88, 0xB7, 0x29, 0x6C, 0xFB, 0x80, 0x27, 0x00, 0x41, 0xAD, 0x08, 0x02, 0x25, 0xEC, 0x65,
    0x2A, 0xC8, 0xBE, 0x75, 0x80, 0x47, 0x00, 0x33, 0x91, 0x60, 0xD1, 0x44, 0x8A, 0xD7, 0x72, 0xBE,
    0x95, 0x41, 0xC0, 0x87, 0x27, 0x00, 0x57, 0x18, 0x7E, 0xE6, 0x0C, 0x5E, 0x85, 0xCF, 0x2E, 0xE6,
    0x29, 0x30, 0x84, 0x67, 0x8B, 0x65, 0xDD, 0x87, 0x47, 0x00, 0x65, 0xA5, 0xDD, 0x18, 0x84, 0x25,
    0x2B, 0x9B, 0xE9, 0xE6, 0xB5, 0x0E, 0x96, 0x03, 0x9D, 0xC0, 0x86, 0xD7, 0x00, 0x1A, 0xCE, 0xE5,
    0x53, 0x73, 0xCF, 0x80, 0x64, 0xB6, 0x60, 0x03, 0x97, 0x16, 0xF3, 0x54, 0x87, 0xAA, 0x00, 0x13,
    0x00, 0x8B, 0xFB, 0xD1, 0xF6, 0x4B, 0x3E, 0x44, 0xE0, 0xA5, 0x79, 0xEE, 0xBA, 0xF7, 0x80, 0x29,
    0x00, 0x4A, 0x5A, 0xB5, 0x7E, 0xB8, 0xBF, 0x50, 0x11, 0x79, 0x54, 0x73, 0x2C, 0xDB, 0xF6, 0x85,
    0x06, 0xA7, 0x88, 0x81, 0x49, 0x00, 0x27, 0xEE, 0x3B, 0x69, 0x87, 0xFE, 0xA2, 0xDA, 0xB2, 0xD8,
    0xD3, 0x40, 0x22, 0x43, 0x16, 0x1D, 0x26, 0xFF, 0x74, 0xF8, 0x80, 0x29, 0x00, 0x30, 0x9B, 0x7B,
    0xFD, 0xAB, 0x42, 0x71, 0x7E, 0xAD, 0xF7, 0x3B, 0x0D, 0x87, 0x90, 0x86, 0xBE, 0x21, 0x8D, 0xC0,
    0x81, 0x49, 0x00, 0x12, 0x86, 0xD4, 0x33, 0x25, 0xAB, 0xAF, 0x51, 0x4A, 0x04, 0x11, 0x07, 0x12,
    0x96, 0x1D, 0x97, 0xB1, 0x71, 0xF6, 0x66, 0x80, 0x29, 0x00, 0x55, 0xBC, 0x47, 0xBA, 0x72, 0xB1,
    0x5B, 0xC0, 0xEC, 0x58, 0x06, 0xE2, 0xE5, 0xC0, 0x81, 0x49, 0x00, 0x35, 0x4C, 0xFE, 0x21, 0xAF,
    0x40, 0x3D, 0xFD, 0x5E, 0xE2, 0xA1, 0x84, 0x09, 0x4E, 0x2E, 0xC0, 0x87, 0x29, 0x00, 0x9D, 0xC7,
    0x4C, 0xF6, 0xF5, 0xD1, 0x10, 0x0C, 0xFD, 0x5C, 0x59, 0xD6, 0x0B, 0x51, 0x92, 0x40, 0x81, 0x49,
    0x00, 0x54, 0x1E, 0xCF, 0x1F, 0xBA, 0x49, 0xFC, 0xC8, 0xFB, 0x6A, 0x65, 0x52, 0x65, 0x40, 0x33,
    0x80, 0x2A, 0x00, 0x4D, 0xF2, 0x3B, 0x25, 0x2F, 0x1A, 0x2B, 0x94, 0x1A, 0xFB, 0x6B, 0xDD, 0x1C,
    0x28, 0xFE, 0xE8, 0x6C, 0x1E, 0xB8, 0x56, 0x59, 0xA0, 0xD3, 0xFE, 0xBA, 0x43, 0x1A, 0x66, 0x09,
    0x92, 0xA4, 0x09, 0x5C, 0xF1, 0x56, 0x31, 0xDC, 0x78, 0x81, 0x4A, 0x00, 0x19, 0xD5, 0x4F, 0x1C,
    0xA7, 0x4D, 0xFD, 0x82, 0x4B, 0x4C, 0xDD, 0x10, 0x47, 0x61, 0x3C, 0x6E, 0x60, 0x87, 0x2A, 0x00,
    0x69, 0x60, 0xDB, 0x9E, 0xD4, 0xE7, 0x40, 0x0F, 0x25, 0x77, 0x81, 0xFB, 0x50, 0x96, 0x85, 0xDC,
    0x32, 0xC0, 0xD4, 0x87, 0x4A, 0x00, 0x6F, 0xC6, 0x72, 0xE2, 0xC8, 0xD6, 0x35, 0xBD, 0x27, 0x85,
    0x89, 0xAB, 0x0D, 0xEC, 0x6E, 0xB9, 0xD0, 0x5A, 0x50, 0x00, 0x11, 0x96, 0x08, 0x99, 0x2E, 0x6F,
    0xF3, 0xEB, 0xBC, 0xF7, 0x58, 0x2E, 0xFC, 0xA4, 0x82, 0x8B, 0x36, 0xD6, 0x48, 0x87, 0xFF, 0xED,
    0xDF, 0x9C, 0xCD, 0x92, 0xFB, 0xC6, 0x87, 0xE9, 0x00, 0x7F, 0x8A, 0x93, 0xFB, 0xC0, 0x04, 0x2A,
    0x32, 0x5F, 0xD4, 0x3E, 0x4B, 0x85, 0x23, 0x29, 0x70, 0x91, 0x42, 0x1C, 0x16, 0x51, 0xD8, 0x82,
    0x2B, 0x00, 0x0A, 0x1F, 0x56, 0x74, 0xFA, 0x72, 0x07, 0x8A, 0x4B, 0x00, 0x01, 0x20, 0x1A, 0x43,
    0x0A, 0x2F, 0x84, 0xEB, 0x00, 0x09, 0x50, 0x52, 0xA3, 0xA7, 0x79, 0x76, 0x28, 0xE8, 0x4B, 0xFF,
    0xC2, 0xFB, 0x21, 0x84, 0xEC, 0x00, 0x04, 0x62, 0xD5, 0x73, 0x26, 0x17, 0x57, 0x1C, 0x8E, 0x32,
    0x10, 0x2C, 0xF4, 0x87, 0x2B, 0x00, 0x65, 0x07, 0x48, 0xF3, 0x52, 0x3D, 0xBF, 0x28, 0x2C, 0x94,
    0x6C, 0xE0, 0x80, 0x87, 0x4B, 0x00, 0x58, 0xD8, 0x0B, 0x69, 0xB2, 0xC2, 0xEB, 0xF3, 0xBC, 0x14,
    0xD6, 0x5F, 0xB0, 0x87, 0x8D, 0x00, 0xFA, 0x1B, 0x29, 0x9C, 0xAE, 0xD8, 0x58, 0xF0, 0x80, 0x8F,
    0xF0, 0x00, 0x73, 0xA1, 0x40, 0x00, 0x05, 0x55, 0x12, 0x59, 0xD9, 0x97, 0x2D, 0x95, 0x13, 0x7F,
    0x34, 0x6F, 0x4E, 0x6F, 0x92, 0x75, 0x55, 0x03, 0x50, 0x65, 0x17, 0xEE, 0xC8, 0x0D, 0xCB, 0xBA,
    0x21, 0x73, 0x28, 0x5C, 0x3B, 0xE9, 0xE5, 0x2F, 0x6D, 0x61, 0xCF, 0x82, 0xA0, 0x00, 0x16, 0x57,
    0xFB, 0x7B, 0xC2, 0xDF, 0xC6, 0x00, 0x5F, 0xA3, 0xB9, 0x99, 0x3B, 0x44, 0xDD, 0xC1, 0x0D, 0x17,
    0x96, 0xC2, 0x89, 0x15, 0xCD, 0xB3, 0x3F, 0xF8, 0xBF, 0x06, 0x39, 0x4E, 0xAF, 0x64, 0x83, 0x5E,
    0xF1, 0x66, 0xBB, 0xE0, 0x80, 0x2C, 0x00, 0x23, 0x84, 0x17, 0x8A, 0x3B, 0xF3, 0x6C, 0x73, 0x52,
    0x79, 0xC5, 0xCC, 0x6C, 0xD3, 0x2C, 0x2B, 0x3B, 0xA2, 0x08, 0x9D, 0x87, 0xAF, 0x00, 0x5D, 0xAD,
    0xE9, 0xF4, 0xC0, 0x58, 0x15, 0xF5, 0x07, 0xE7, 0x03, 0x87, 0xD6, 0x08, 0x40, 0xD0, 0x5F, 0xE9,
    0x87, 0x2D, 0x00, 0x5F, 0x99, 0x95, 0x84, 0x92, 0x84, 0xF4, 0x2B, 0xDC, 0x11, 0x62, 0xE8, 0x57,
    0xE2, 0xE7, 0x9F, 0x08, 0x87, 0x4D, 0x00, 0x6F, 0xDD, 0x8F, 0xE7, 0x23, 0x5A, 0x32, 0x33, 0xC3,
    0x09, 0x77, 0xB1, 0x6E, 0x83, 0xF6, 0x30, 0x8F, 0x4D, 0x00, 0x02, 0xF1, 0x9F, 0x92, 0x44, 0x18,
    0x1E, 0x31, 0xA0, 0x12, 0x90, 0xB7, 0xDE, 0x0A, 0xE1, 0x40, 0x50, 0xC0, 0x80, 0x2E, 0x00, 0x40,
    0x94, 0x72, 0xFA, 0xC9, 0x90, 0xE3, 0xE5, 0x36, 0x7E, 0x1B, 0xC5, 0x46, 0xA3, 0xFA, 0x1F, 0xC0,
    0x7A, 0x0E, 0x00, 0x36, 0xB0, 0x92, 0x45, 0xF5, 0xA4, 0x03, 0x62, 0x6A, 0x5A, 0x24, 0x88, 0xB1,
    0xE7, 0x4A, 0xB3, 0xA4, 0x95, 0xB1, 0xFF, 0xF5, 0x1B, 0xD5, 0xA0, 0x28, 0xE0, 0x87, 0x2E, 0x00,
    0x73, 0xDC, 0xB2, 0x16, 0xBA, 0x54, 0x7E, 0x4B, 0x77, 0x17, 0x87, 0x4E, 0x00, 0x54, 0xD0, 0xC6,
    0x5E, 0xA3, 0x3C, 0xAC, 0x37, 0x87, 0x2E, 0x00, 0x5B, 0x74, 0x1A, 0x0F, 0x3D, 0x54, 0x16, 0xC2,
    0xBB, 0xE0, 0x00, 0x06, 0x0A, 0x9C, 0xF8, 0xC0, 0x74, 0x11, 0x80, 0x06, 0xC9, 0xD1, 0x98, 0x35,
    0xF3, 0xCF, 0x73, 0x13, 0x10, 0xC8, 0x00, 0x64, 0x87, 0x2E, 0x00, 0x73, 0xDB, 0x74, 0xAD, 0x31,
    0x31, 0x62, 0x0F, 0x1A, 0xD8, 0xD0, 0x00, 0x06, 0x37, 0x88, 0x30, 0xFB, 0xE6, 0x27, 0xAD, 0xF5,
    0xDA, 0x25, 0x1F, 0xCC, 0x3B, 0x3B, 0x39, 0x65, 0xF9, 0xEB, 0x33, 0x91, 0x4E, 0x60, 0x87, 0x2E,
    0x00, 0x73, 0xDA, 0x70, 0x9A, 0x31, 0xEF, 0x6C, 0x24, 0x30, 0x88, 0x74, 0x0D, 0x3A, 0x80, 0x87,
    0x4E, 0x00, 0x54, 0xC3, 0x32, 0x49, 0xAA, 0xFF, 0xCC, 0x76, 0xDE, 0xDA, 0x87, 0x92, 0x00, 0xC6,
    0xE6, 0x68, 0xBD, 0x54, 0xA7, 0x28, 0xB1, 0xE9, 0x5A, 0xB9, 0xE3, 0x51, 0x9A, 0x6E, 0xAC, 0x0C,
    0xA4, 0x80, 0x80, 0x50, 0x00, 0x5B, 0x9D, 0x7C, 0x70, 0x97, 0x4B, 0x78, 0x55, 0x62, 0xD3, 0xC8,
    0x87, 0x30, 0x00, 0x5B, 0x8A, 0x90, 0xE6, 0x50, 0x59, 0xB7, 0x67, 0x20, 0x3B, 0x14, 0x49, 0xAE,
    0x15, 0x94, 0x9C, 0x80, 0x87, 0x50, 0x00, 0x94, 0xF3, 0xFF, 0x49, 0x67, 0xEE, 0xF6, 0x4E, 0xE8,
    0x30, 0x8C, 0xAC, 0xA0, 0x87, 0x92, 0x00, 0x31, 0x41, 0xB3, 0xB9, 0x50, 0x46, 0x88, 0x3E, 0x72,
    0x0A, 0x7F, 0x31, 0x32, 0x8A, 0x57, 0xB1, 0xFC, 0x84, 0x36, 0xAB, 0x44, 0x80, 0x50, 0x00, 0x1A,
    0xD7, 0x2D, 0xE0, 0x40, 0x54, 0xCB, 0x1E, 0x13, 0x3F, 0xE2, 0xE3, 0xD3, 0xD4, 0x00, 0x0D, 0xC9,
    0x3D, 0xD7, 0x82, 0x04, 0x1F, 0xAB, 0xFF, 0x86, 0x3E, 0xFC, 0x15, 0xA2, 0x8E, 0xF7, 0xA0, 0x3A,
    0x8E, 0xB9, 0x14, 0x9F, 0x23, 0xBE, 0xA2, 0x8F, 0x6E, 0xFA, 0xAB, 0x64, 0x3E, 0xA3, 0x60, 0x2A,
    0x3D, 0x0F, 0x2A, 0xA3, 0x64, 0x80, 0x87, 0x30, 0x00, 0x5B, 0x8A, 0x90, 0xE5, 0x05, 0x93, 0xE5,
    0x30, 0x51, 0x57, 0x47, 0xC3, 0x7F, 0x2B, 0x7F, 0x95, 0x62, 0x68, 0xA5, 0x53, 0x1D, 0x0A, 0xFC,
    0x00, 0x6D, 0x3E, 0xA5, 0x83, 0x58, 0x62, 0x5C, 0x29, 0xFE, 0x43, 0xF0, 0xFA, 0xBA, 0x8B, 0x80,
    0xDF, 0xDE, 0x80, 0xEA, 0xCC, 0x00, 0x0C, 0x20, 0x7E, 0x51, 0x3A, 0x0D, 0x1C, 0xCB, 0x9F, 0xA0,
    0x8A, 0x95, 0x00, 0x4F, 0x8F, 0xA3, 0xC9, 0x68, 0xB1, 0x5F, 0xD9, 0x85, 0x53, 0x9D, 0xDF, 0x80,
    0x83, 0x51, 0x00, 0x13, 0xD8, 0xEE, 0xC8, 0xE1, 0xFD, 0x73, 0x76, 0x08, 0x60, 0x80, 0x31, 0x00,
    0x30, 0x89, 0x26, 0xA8, 0xD2, 0x74, 0xA9, 0x52, 0x08, 0x77, 0xC5, 0x77, 0xF1, 0xE5, 0x0F, 0xB2,
    0x87, 0xB4, 0x00, 0x17, 0xAA, 0x0B, 0x3F, 0x88, 0x19, 0xD8, 0x9D, 0x66, 0xDA, 0x1E, 0xB1, 0xB7,
    0x4C, 0x50, 0x80, 0x31, 0x00, 0x40, 0x1C, 0xBD, 0x63, 0x9C, 0x52, 0xBD, 0x20, 0x43, 0x8F, 0x48,
    0xB9, 0xC9, 0xEF, 0x17, 0x44, 0xE0, 0x87, 0xB5, 0x00, 0x29, 0xC0, 0xB7, 0x4C, 0x9D, 0x11, 0xB5,
    0xD8, 0x98, 0xB0, 0x34, 0x77, 0xAA, 0x1F, 0xC6, 0x20, 0x00, 0xB4, 0xF9, 0x88, 0x64, 0xE9, 0xC3,
    0x71, 0x9D, 0x48, 0x87, 0xE4, 0xD4, 0x32, 0x38, 0xF7, 0xD5, 0x18, 0x0A, 0x5B, 0x7C, 0xAA, 0x13,
    0x56, 0xCB, 0x55, 0x7A, 0x64, 0x67, 0x2E, 0x40, 0xAC, 0x56, 0x0C, 0x44, 0xD7, 0xA4, 0x5C, 0x32,
    0x79, 0xA6, 0xD2, 0x0B, 0x3A, 0x15, 0x9E, 0xE6, 0x00, 0x2E, 0x61, 0xDA, 0xD5, 0x7B, 0xAC, 0x08,
    0xAC, 0xA5, 0xE7, 0xE3, 0xAE, 0x78, 0x8F, 0x84, 0x50, 0xE7, 0x1F, 0xB4, 0x2E, 0x9B, 0x5B, 0x68,
    0x4C, 0xF6, 0x01, 0x62, 0xBC, 0x6D, 0xD7, 0x55, 0xD3, 0x9B, 0x07, 0x87, 0x15, 0xC7, 0x18, 0xFF,
    0x68, 0xA6, 0xBB, 0x62, 0x7C, 0x45, 0x8E, 0x8A, 0x30, 0x94, 0x23, 0x80, 0x80, 0x34, 0x00, 0x5B,
    0xED, 0x86, 0x4E, 0x1E, 0x7D, 0x1B, 0x81, 0xC2, 0x11, 0x8D, 0x5B, 0x2A, 0xE0, 0xDF, 0xA0, 0x83,
    0x40, 0x78, 0x63, 0x0E, 0xD3, 0xD6, 0x4C, 0x09, 0xB2, 0x38, 0xD9, 0xFF, 0xCB, 0x9F, 0x83, 0xC1,
    0x96, 0x67, 0x70, 0x6A, 0x7B, 0x0F, 0x86, 0x16, 0x80, 0x54, 0x00, 0x45, 0x35, 0x19, 0x11, 0x4C,
    0xA7, 0x22, 0x37, 0xA9, 0xCC, 0x80, 0x87, 0x34, 0x00, 0x4F, 0xF0, 0x68, 0x50, 0x36, 0x31, 0x8B,
    0xDB, 0x16, 0x7F, 0x5A, 0x1C, 0xB5, 0xCF, 0xC0, 0x87, 0x54, 0x00, 0x85, 0x59, 0x45, 0xB6, 0x93,
    0x20, 0x2E, 0x2E, 0x97, 0x08, 0x7E, 0x20, 0x80, 0x34, 0x00, 0x1A, 0xD6, 0xA8, 0xAE, 0x1E, 0xB5,
    0xF5, 0xB2, 0x3E, 0x09, 0xE9, 0x77, 0x32, 0xA1, 0xDB, 0x54, 0xF1, 0x99, 0x09, 0xC8, 0xFB, 0xF6,
    0xC0, 0xB9, 0xDD, 0x1E, 0xDA, 0x15, 0x55, 0xAF, 0xE6, 0xC9, 0xE0, 0xA5, 0x06, 0xE4, 0x99, 0x73,
    0x31, 0xE6, 0x13, 0xAC, 0x9F, 0x20, 0x80, 0x54, 0x00, 0x11, 0x96, 0xC3, 0xAE, 0x5D, 0xD8, 0x22,
    0x11, 0xE7, 0x65, 0x59, 0x27, 0x30, 0x73, 0xC0, 0x80, 0x35, 0x00, 0x4D, 0xD9, 0xED, 0x47, 0xA8,
    0xF5, 0x48, 0xDA, 0x81, 0x22, 0x72, 0xAA, 0x5F, 0x86, 0x80, 0x80, 0x55, 0x00, 0x40, 0x42, 0xD1,
    0x34, 0xEF, 0xF4, 0x12, 0x4F, 0xE2, 0xC0, 0x6C, 0x3E, 0x04, 0x80, 0x35, 0x00, 0x33, 0x85, 0x78,
    0x4B, 0xD5, 0xF9, 0xBB, 0x33, 0x8E, 0x1F, 0x5B, 0x92, 0xD4, 0xBF, 0xD8, 0x07, 0x74, 0x80, 0x55,
    0x00, 0x23, 0x31, 0xBB, 0x8D, 0xFE, 0xC3, 0x53, 0x59, 0x40, 0x43, 0xE5, 0xB3, 0xB3, 0xBA, 0x93,
    0x80, 0x87, 0x35, 0x00, 0x87, 0x6A, 0x7F, 0xB9, 0x48, 0x8E, 0x91, 0x39, 0xDC, 0x63, 0x46, 0xFE,
    0x11, 0x24, 0x66, 0x45, 0x30, 0xA0, 0x87, 0x55, 0x00, 0x77, 0x44, 0x38, 0x57, 0x66, 0x1F, 0x09,
    0xED, 0x8E, 0x17, 0xE1, 0xEF, 0x6B, 0xA7, 0x80, 0x95, 0x1B, 0x3E, 0x80, 0x35, 0x00, 0x11, 0x97,
    0x31, 0x8A, 0xC6, 0x1A, 0x38, 0xB4, 0x1A, 0x3B, 0x2C, 0x9E, 0x64, 0x2B, 0x61, 0xCF, 0x80, 0x30,
    0x80, 0x55, 0x00, 0x08, 0x62, 0x40, 0x24, 0x7B, 0x89, 0x73, 0x48, 0x5C, 0xC1, 0xF4, 0xB7, 0x78,
    0x06, 0xC8, 0xF0, 0x87, 0x36, 0x00, 0x3E, 0x74, 0xA2, 0xB1, 0xB2, 0x29, 0x8F, 0x92, 0xA6, 0x92,
    0xE2, 0x22, 0x32, 0xF5, 0x6F, 0xCF, 0xD6, 0x00, 0x40, 0x87, 0x56, 0x00, 0x71, 0x83, 0x7A, 0x8F,
    0x16, 0xB2, 0xC4, 0x0D, 0xDB, 0xB8, 0x2A, 0xA3, 0x50, 0xA4, 0x27, 0xE8, 0x50, 0x80, 0x36, 0x00,
    0x1A, 0xD5, 0xF5, 0x86, 0x26, 0xDC, 0xAE, 0xE4, 0xED, 0xEB, 0x25, 0x0D, 0x25, 0x2D, 0xA5, 0x35,
    0x6F, 0x44, 0x13, 0xD0, 0xC6, 0x9C, 0xE8, 0xD3, 0x13, 0x87, 0xFF, 0x00, 0xFF, 0x20, 0xAA, 0xC5,
    0xFF, 0x4D, 0x6A, 0xBF, 0x72, 0x3A, 0xB8, 0xA6, 0xE6, 0x4E, 0xC2, 0x89, 0x7D, 0xCC, 0x6B, 0x42,
    0xE9, 0x9C, 0xCC, 0x40, 0x87, 0x23, 0x01, 0x3E, 0x74, 0xA4, 0x06, 0xDE, 0x40, 0xFB, 0x04, 0xB7,
    0x3E, 0x22, 0xBB, 0xCD, 0xC0, 0x87, 0x56, 0x00, 0x71, 0x8A, 0x7C, 0x8A, 0x3C, 0xBE, 0xFB, 0xB5,
    0xB2, 0x8C, 0x80, 0x87, 0x9A, 0x00, 0xE3, 0x45, 0x75, 0x7C, 0x1C, 0x0C, 0x2F, 0x35, 0x5B, 0x58,
    0x32, 0x76, 0xDF, 0xA6, 0xC5, 0xDE, 0xCB, 0x13, 0xBB, 0x30, 0x87, 0xBB, 0x00, 0x2F, 0xF6, 0x5F,
    0xCB, 0xBF, 0xD0, 0x02, 0x28, 0xEB, 0x8F, 0x60, 0xC7, 0xED, 0x86, 0xA6, 0x72, 0x6F, 0x82, 0x37,
    0x00, 0x2D, 0x36, 0x47, 0x20, 0x81, 0x29, 0xDC, 0xF3, 0x12, 0x36, 0xA0, 0xC2, 0x8A, 0xBB, 0x00,
    0x1D, 0xBF, 0x3C, 0x8E, 0x09, 0xA2, 0x06, 0x4F, 0x89, 0x4C, 0x84, 0x2B, 0x01, 0x34, 0x98, 0x37,
    0x49, 0x13, 0x24, 0xDF, 0x0F, 0x29, 0x4E, 0xAB, 0x7A, 0x00, 0x06, 0xED, 0x2E, 0x21, 0x20, 0x87,
    0xBB, 0x00, 0x26, 0xE9, 0x85, 0x66, 0x39, 0x8C, 0x46, 0xC1, 0x5D, 0xF9, 0x59, 0x0C, 0x90, 0x89,
    0xE0, 0xD0, 0x82, 0x2B, 0x01, 0xAE, 0xAF, 0xAD, 0x6E, 0x6E, 0x1E, 0x1B, 0x42, 0xD9, 0x0C, 0xCF,
    0x9B, 0x20, 0x8D, 0x24, 0x11, 0x0A, 0xEE, 0xA7, 0xB0, 0x85, 0xBB, 0x00, 0x9F, 0xC7, 0x14, 0xC8,
    0x05, 0x5C, 0x90, 0xAA, 0x77, 0x69, 0xA0, 0x1E, 0x3F, 0xB1, 0x54, 0xAE, 0x37, 0xAC, 0x68, 0x84,
    0x2B, 0x01, 0x4E, 0x37, 0xBF, 0x19, 0x11, 0x0D, 0x59, 0xDF, 0x55, 0x35, 0x94, 0xAA, 0x60, 0xEF,
    0xC2, 0x6B, 0x2F, 0xED, 0x9C, 0x87, 0xBB, 0x00, 0x35, 0x00, 0x19, 0x1A, 0x00, 0x1F, 0x12, 0x78,
    0xEB, 0xB9, 0xCB, 0x7D, 0x85, 0x3E, 0x53, 0x00, 0x1D, 0x7E, 0x00, 0x05, 0x56, 0xA8, 0x88, 0x42,
    0xE4, 0x4A, 0xBD, 0xC8, 0xDB, 0x0D, 0xF9, 0x6C, 0x80, 0x78, 0x88, 0xAA, 0xAA, 0xE9, 0x88, 0x15,
    0xAA, 0x53, 0x14, 0xB4, 0x9B, 0xE5, 0x94, 0x4E, 0x24, 0x0D, 0x55, 0x12, 0xC8, 0x93, 0xB3, 0xE8,
    0xB8, 0x8F, 0xBA, 0x00, 0x51, 0x30, 0x15, 0x67, 0x98, 0xD6, 0xCB, 0x42, 0x51, 0x56, 0x31, 0x3B,
    0x4E, 0x2A, 0xC0, 0x28, 0x80, 0x80, 0x39, 0x00, 0x6D, 0x42, 0x87, 0x67, 0xE7, 0xC9, 0xEA, 0x7E,
    0xD4, 0x5C, 0x75, 0x07, 0xF1, 0x22, 0x45, 0x37, 0xE1, 0x47, 0x50, 0x39, 0x7D, 0x4F, 0xF9, 0x81,
    0xDC, 0x9A, 0xA7, 0xB7, 0x1F, 0x02, 0xB8, 0x08, 0x39, 0x36, 0x9B, 0x1E, 0x0B, 0x93, 0x13, 0x38,
    0xC0, 0xE0, 0x79, 0x6B, 0xE8, 0xF2, 0x5C, 0x2A, 0x36, 0x59, 0x86, 0xBA, 0xB5, 0xDF, 0x49, 0x15,
    0x39, 0x2C, 0x80, 0x59, 0x00, 0x62, 0x4D, 0x6E, 0x93, 0xF0, 0xA1, 0xB5, 0xE6, 0x3B, 0x8E, 0x76,
    0xFB, 0x64, 0x00, 0xB5, 0xA6, 0x2A, 0x31, 0x8A, 0x81, 0xD3, 0x91, 0xE3, 0xFC, 0x9A, 0x09, 0x4C,
    0xC5, 0xED, 0x61, 0x92, 0xFB, 0x4D, 0x89, 0x11, 0x30, 0xD1, 0x6B, 0x40, 0xF5, 0x56, 0xEA, 0x7A,
    0xA7, 0xE1, 0x26, 0x8D, 0x78, 0x87, 0x9E, 0x00, 0x3F, 0x31, 0x48, 0xE0, 0xED, 0xE9, 0x54, 0xF5,
    0xD9, 0x94, 0x1D, 0x35, 0xEA, 0xE1, 0xCA, 0x44, 0x64, 0xF8, 0x3F, 0x80, 0x87, 0xC0, 0x00, 0x29,
    0xAA, 0x5A, 0xFE, 0xCD, 0x27, 0x68, 0x74, 0x2A, 0xAA, 0x67, 0x5A, 0x89, 0x12, 0xBC, 0x8A, 0x4F,
    0xD6, 0xC3, 0x60, 0x87, 0x9E, 0x00, 0xF8, 0xAB, 0xEE, 0x11, 0x6E, 0x85, 0x03, 0x77, 0xD5, 0xA7,
    0x10, 0x89, 0x0C, 0xC5, 0xF2, 0x0B, 0x5D, 0x6C, 0x80, 0x3C, 0x00, 0x57, 0x73, 0x98, 0x74, 0xEE,
    0xCE, 0x70, 0x8A, 0x3E, 0xFB, 0x7A, 0xE0, 0x87, 0xF3, 0x29, 0x55, 0x0C, 0x67, 0x9A, 0x81, 0x2C,
    0x49, 0xEA, 0x84, 0x83, 0x6B, 0x90, 0xCD, 0x9F, 0x30, 0x80, 0x5C, 0x00, 0x4D, 0xF7, 0x25, 0xA7,
    0x11, 0xDD, 0x49, 0x6E, 0xA1, 0x98, 0xE9, 0xA1, 0xDC, 0x0D, 0x61, 0x18, 0x1F, 0xB6, 0x3F, 0x0B,
    0xA1, 0x18, 0xAF, 0x64, 0xCC, 0xF0, 0x87, 0x3A, 0x01, 0x49, 0xFA, 0x17, 0x84, 0x7E, 0x67, 0x1D,
    0x55, 0x88, 0xFA, 0xDB, 0x20, 0x87, 0x3B, 0x01, 0x40, 0x68, 0x20, 0x2A, 0x06, 0x58, 0x8F, 0xF5,
    0xCE, 0xB2, 0x40, 0x87, 0x3A, 0x01, 0x16, 0xDB, 0x77, 0x9D, 0xD7, 0xA3, 0x0A, 0x4B, 0x95, 0xC0,
    0xAF, 0x11, 0xE0, 0x10, 0x42, 0x87, 0x3B, 0x01, 0x12, 0x30, 0x5C, 0x6E, 0x36, 0xD5, 0xD9, 0x2F,
    0xD9, 0x9D, 0x26, 0xE3, 0xF5, 0x87, 0xFF, 0x00, 0xFD, 0x8C, 0x05, 0x1F, 0x4A, 0xA6, 0xC4, 0xC6,
    0xDC, 0x59, 0x38, 0x59, 0xA0, 0x4E, 0x00, 0x96, 0xC5, 0xC7, 0x91, 0x17, 0x28, 0x45, 0x81, 0xEF,
    0x56, 0x19, 0x79, 0x91, 0xE2, 0x71, 0x79, 0xBE, 0xFF, 0x4E, 0x4E, 0x0F, 0x1D, 0x67, 0xA0, 0xDE,
    0x06, 0x77, 0x52, 0x42, 0xCE, 0x3F, 0x61, 0x75, 0x6A, 0x84, 0xFF, 0x1D, 0xC2, 0xBA, 0x68, 0x30,
    0xA9, 0x80, 0x00, 0x7F, 0x3E, 0xE2, 0x14, 0xC8, 0x2E, 0x88, 0xB3, 0x93, 0x78, 0xCC, 0xF7, 0x52,
    0xAF, 0xEC, 0xC4, 0x5D, 0xEF, 0xF5, 0xAE, 0xB5, 0xB4, 0x82, 0x09, 0xC3, 0x2D, 0xDE, 0x57, 0xF7,
    0xEF, 0x89, 0xB4, 0x00, 0x98, 0xD4, 0xCC, 0x2E, 0x04, 0xF5, 0x1D, 0xCC, 0xE7, 0x24, 0xE5, 0x6E,
    0xF6, 0x21, 0x46, 0x7E, 0xE6, 0xA5, 0xDC, 0x8A, 0xC8, 0x87, 0x39, 0xD8, 0x59, 0xA7, 0x47, 0x15,
    0xBE, 0x83, 0xCF, 0x45, 0xE8, 0xCD, 0xF6, 0x27, 0x4A, 0x09, 0xF4, 0x00, 0x8F, 0x65, 0x17, 0x6B,
    0x55, 0xB6, 0xF6, 0x1F, 0x83, 0x94, 0x50, 0x28, 0x38, 0x13, 0x33, 0x98, 0x56, 0x19, 0x2A, 0x72,
    0x1E, 0x99, 0x4C, 0xAD, 0xFD, 0xDA, 0x4F, 0x03, 0xEC, 0x0B, 0xED, 0xA6, 0x0B, 0x9C, 0x50, 0x00,
    0xB5, 0xD2, 0x46, 0x71, 0xFE, 0x7A, 0xF1, 0x05, 0xFA, 0x58, 0xE3, 0x2B, 0x31, 0x39, 0x14, 0xAA,
    0x1C, 0x99, 0x82, 0x9D, 0xBC, 0x4C, 0x80, 0x55, 0x31, 0x78, 0x84, 0xF8, 0xA6, 0x18, 0x58, 0x30,
    0x58, 0xF4, 0xA5, 0x90, 0xB3, 0x8B, 0xDC, 0x6D, 0x70, 0xA0, 0xCA, 0xC3, 0x6E, 0x2A, 0x5C, 0xC0,
    0x00, 0x39, 0x38, 0x18, 0xE6, 0x3F, 0x0F, 0xDD, 0x47, 0x3F, 0x9E, 0x15, 0xEF, 0x8A, 0x9D, 0x92,
    0x67, 0x0A, 0xBE, 0xF8, 0x0F, 0x3A, 0x07, 0xEB, 0x9A, 0x80, 0x00, 0xB0, 0x5A, 0xC9, 0x27, 0xDD,
    0xD8, 0x41, 0xA8, 0xEE, 0x26, 0x6E, 0xA0, 0xE2, 0xA5, 0x3B, 0xD6, 0x85, 0xDF, 0xE6, 0x26, 0xC7,
    0xB1, 0x00, 0x5A, 0x78, 0x0B, 0x49, 0x16, 0xD8, 0x58, 0x3F, 0x73, 0x33, 0xAA, 0xDB, 0x7C, 0x31,
    0xB2, 0x62, 0xA5, 0x15, 0xE6, 0x9F, 0xE3, 0x16, 0x5E, 0xCA, 0x71, 0x51, 0x7B, 0x6D, 0x2E, 0x0F,
    0x93, 0x59, 0x9E, 0xCE, 0x41, 0x7C, 0x96, 0xC7, 0x0A, 0x2C, 0xE3, 0x35, 0x3E, 0x00, 0x2A, 0x56,
    0x79, 0x4D, 0x48, 0x4C, 0x91, 0x66, 0x2C, 0xB7, 0xB4, 0xAA, 0x56, 0x60, 0xB8, 0x02, 0xF1, 0x47,
    0x1C, 0x02, 0xF9, 0xB7, 0x80, 0x26, 0x53, 0x4E, 0x04, 0x26, 0x7D, 0xBF, 0x1C, 0xF6, 0xE1, 0x52,
    0xE3, 0xAF, 0xD6, 0x34, 0x6D, 0x0C, 0x5B, 0x55, 0xCF, 0x0A, 0xE1, 0x30, 0x6F, 0x6A, 0x09, 0xEA,
    0x51, 0xC7, 0x2D, 0x06, 0xC6, 0x08, 0x0B, 0x86, 0x08, 0xA7, 0x42, 0x17, 0x28, 0x9D, 0x71, 0xB0,
    0x6E, 0x23, 0x65, 0x5F, 0x88, 0xF9, 0xEA, 0x10, 0x00, 0x05, 0x73, 0x37, 0xB3, 0xDC, 0xD3, 0x21,
    0xFD, 0xD8, 0xD8, 0x50, 0x7B, 0x8C, 0xA7, 0x81, 0x2E, 0x1D, 0xEB, 0x01, 0x37, 0x39, 0x45, 0xEE,
    0x67, 0x68, 0x73, 0x4E, 0x5D, 0xD9, 0xC5, 0x94, 0x6C, 0xAB, 0x9F, 0xFB, 0x2E, 0xD8, 0x0B, 0xB6,
    0x2B, 0x80, 0x00, 0xA2, 0xE0, 0xE3, 0x72, 0x34, 0x30, 0x9D, 0xCD, 0x22, 0x0F, 0x00, 0x35, 0xA1,
    0x1E, 0x42, 0x5B, 0x89, 0x1A, 0x86, 0x24, 0x86, 0x2E, 0x12, 0xB1, 0x61, 0xB1, 0x1B, 0x88, 0x1D,
    0xBD, 0x5D, 0x10, 0x7F, 0xEA, 0x72, 0xF6, 0xDD, 0xED, 0xCF, 0xB7, 0x87, 0xF4, 0x00, 0x05, 0x8D,
    0xB2, 0x71, 0x13, 0x34, 0x7B, 0xC9, 0x51, 0xAD, 0xF7, 0xA5, 0x0B, 0xEA, 0x17, 0xFA, 0xF6, 0xC0,
    0x00, 0x06, 0x78, 0x1F, 0xCE, 0xB3, 0x6C, 0xA0, 0xF2, 0x58, 0x56, 0x22, 0xF6, 0x5D, 0xA2, 0x05,
    0x93, 0x84, 0x8F, 0x8B, 0xBC, 0xCC, 0x80, 0xB2, 0x3B, 0xAE, 0x5F, 0xC7, 0x3A, 0xA7, 0xA7, 0x0D,
    0x62, 0x95, 0x7A, 0xBC, 0x07, 0x00, 0x91, 0x37, 0xA7, 0x19, 0xE2, 0x24, 0x82, 0xBB, 0xCB, 0xAF,
    0xF7, 0x30, 0x54, 0x27, 0xC0, 0x44, 0x88, 0x36, 0xA4, 0x13, 0xCD, 0x5D, 0x80, 0x00, 0xAE, 0x7E,
    0xB0, 0x72, 0xE7, 0x8A, 0x06, 0xA6, 0xCF, 0x23, 0x09, 0x94, 0x75, 0x90, 0xD8, 0x23, 0x6C, 0x43,
    0xCF, 0x20, 0xCB, 0x65, 0x66, 0x1B, 0x97, 0x9D, 0x74, 0x29, 0xC5, 0xFA, 0x71, 0x90, 0xCA, 0xC9,
    0x0D, 0x11, 0x87, 0x9F, 0x8D, 0x33, 0x28, 0xD7, 0x98, 0xD4, 0x50, 0x58, 0x0F, 0xC4, 0xF6, 0x92,
    0x87, 0xE9, 0xE8, 0x2E, 0xF3, 0xC2, 0x41, 0xE6, 0x2D, 0x80, 0x00, 0xA2, 0x9B, 0xEB, 0x00, 0x60,
    0xAF, 0x6C, 0x91, 0x9F, 0xE0, 0x41, 0xC2, 0xC5, 0xE6, 0x71, 0xE5, 0x9A, 0x69, 0x8E, 0x20, 0x9A,
    0xFD, 0xA4, 0xAB, 0x12, 0xF5, 0x6A, 0xD2, 0x3E, 0x18, 0x2B, 0xFC, 0x1E, 0x55, 0xAC, 0x54, 0xB2,
    0xD3, 0x3D, 0xBB, 0xFF, 0xAA, 0x40, 0x46, 0xCE, 0x77, 0x98, 0xFB, 0x0A, 0x50, 0x84, 0xC1, 0x00,
    0x29, 0xFA, 0xB9, 0x32, 0x4F, 0x29, 0x90, 0x23, 0x8C, 0xAE, 0xDB, 0xB4, 0x49, 0xAF, 0xCC, 0x1F,
    0x22, 0xB0, 0x87, 0xA2, 0x00, 0x12, 0x1D, 0x1B, 0x68, 0x06, 0xB3, 0xA2, 0xA6, 0x4F, 0x84, 0x7F,
    0xD9, 0x56, 0x21, 0xFC, 0x87, 0x8D, 0x00, 0x9E, 0x6D, 0x70, 0x1E, 0x60, 0xB5, 0x51, 0xA0, 0x00,
    0x82, 0x4D, 0x3C, 0xFC, 0x20, 0x87, 0xB0, 0x00, 0x00, 0xD1, 0xA0, 0x4B, 0xED, 0x4C, 0x11, 0x8F,
    0xDB, 0x39, 0x14, 0xA5, 0x58, 0x87, 0x94, 0x00, 0x24, 0xBC, 0x8C, 0xBA, 0xD9, 0x58, 0x91, 0x96,
    0x78, 0xE0, 0x4B, 0xB8, 0xA7, 0xD3, 0xC0, 0x80, 0x51, 0x00, 0x11, 0x97, 0x31, 0x8B, 0x2C, 0xB0,
    0x89, 0xEE, 0xAC, 0xFB, 0x1A, 0xEE, 0x24, 0x84, 0x2B, 0x01, 0x27, 0xEA, 0x05, 0x5C, 0x38, 0xC3,
    0xCC, 0x3F, 0x6F, 0x22, 0xF2, 0x0C, 0x53, 0x6D, 0xAE, 0xA0, 0x2D, 0xD0, 0x87, 0xBA, 0x00, 0xDB,
    0x6D, 0x35, 0x6E, 0xA1, 0x4A, 0x43, 0xD5, 0x54, 0x13, 0x14, 0x32, 0xF7, 0x62, 0xBB, 0x80, 0x82,
    0x2B, 0x01, 0x2D, 0x36, 0x44, 0x96, 0xEF, 0x22, 0x75, 0x0B, 0xF7, 0x01, 0x23, 0x37, 0x74, 0x24,
    0x3D, 0x3A, 0xDD, 0xFC, 0x0C, 0x09, 0x0A, 0x84, 0x55, 0x01, 0x1D, 0xF8, 0xEA, 0x85, 0x63, 0x74,
    0x12, 0x57, 0xD0, 0xE3, 0xAA, 0xEE, 0xC7, 0x33, 0x34, 0xCC, 0x65, 0x84, 0x46, 0x6D, 0x40, 0x80,
    0x2B, 0x01, 0x6F, 0x65, 0x1C, 0x7D, 0x05, 0x3C, 0x4B, 0xA7, 0x6D, 0x1F, 0x84, 0x78, 0x0A, 0x6E,
    0x66, 0xD2, 0x6C, 0x0E, 0x6B, 0x0F, 0x04, 0x53, 0x80, 0x83, 0x55, 0x01, 0x5B, 0xB5, 0xEA, 0x9D,
    0xA0, 0x61, 0xE2, 0xEF, 0xAE, 0x8B, 0xB1, 0x14, 0xB7, 0xA7, 0x2C, 0xF7, 0xF3, 0xDA, 0xDD, 0xD4,
    0xC6, 0x5A, 0x80, 0x2B, 0x01, 0x34, 0x97, 0xCB, 0x3E, 0x16, 0xA1, 0x47, 0x5A, 0x7A, 0x2E, 0xD7,
    0x9B, 0x07, 0xD5, 0xA8, 0x42, 0x13, 0x25, 0x64, 0xB3, 0xE1, 0x9C, 0xF1, 0xA8, 0xAB, 0xFE, 0xEE,
    0x40, 0x83, 0x55, 0x01, 0x1A, 0xCE, 0x56, 0x2D, 0x1C, 0x07, 0x31, 0x5C, 0xCD, 0xC8, 0xBF, 0x7E,
    0xB8, 0x1F, 0xDA, 0x4D, 0x5C, 0x67, 0x5A, 0xE2, 0x91, 0xD0, 0x81, 0x2E, 0x11, 0xCB, 0x56, 0x80,
    0x2B, 0x01, 0x33, 0x39, 0xEF, 0xF0, 0x20, 0x82, 0xF4, 0xC7, 0x2D, 0xA5, 0xBA, 0xD8, 0x3F, 0x61,
    0x02, 0x35, 0x69, 0x74, 0x98, 0x9D, 0x10, 0x43, 0xD9, 0x83, 0x55, 0x01, 0x15, 0x64, 0x41, 0x31,
    0xE6, 0xE0, 0x87, 0xA2, 0xAB, 0x1D, 0xED, 0xC2, 0x00, 0x1D, 0xA6, 0x82, 0x46, 0xD0, 0x3D, 0x31,
    0xFA, 0x74, 0xA0, 0x00, 0x36, 0xE5, 0xC8, 0xFB, 0x19, 0x47, 0x43, 0x68, 0xCB, 0xB8, 0xEA, 0xBB,
    0xEB, 0xF8, 0x38, 0x84, 0xA1, 0x5B, 0x17, 0xED, 0xCC, 0x2E, 0x67, 0x3C, 0x5D, 0x8F, 0x0B, 0x7D,
    0x65, 0x24, 0x82, 0xC1, 0x00, 0x2D, 0x36, 0xE2, 0xA6, 0x5F, 0x83, 0x84, 0xA4, 0x50, 0x0F, 0xA7,
    0x51, 0x64, 0xF0, 0x6D, 0x7B, 0x04, 0x07, 0x88, 0x49, 0x98, 0x84, 0xA5, 0x00, 0x13, 0xD8, 0xCC,
    0xAE, 0xA3, 0x40, 0xD1, 0x49, 0x8F, 0x97, 0x47, 0xC2, 0x73, 0xE8, 0x3A, 0x26, 0xF7, 0x83, 0x9A,
    0xA0, 0x82, 0xC1, 0x00, 0x2D, 0x36, 0xE2, 0xBB, 0xA4, 0x95, 0x20, 0xAD, 0xA6, 0xA5, 0x4D, 0x63,
    0x95, 0x06, 0x02, 0x5C, 0x6E, 0x51, 0xC0, 0x84, 0xA3, 0x00, 0x13, 0xD9, 0x27, 0x05, 0x63, 0x88,
    0x4F, 0x91, 0xAF, 0xF1, 0x87, 0xCD, 0x3E, 0x0F, 0xFB, 0xFA, 0x8C, 0x53, 0x80, 0x82, 0x87, 0x00,
    0x6A, 0xBC, 0xA6, 0xF3, 0x97, 0x6E, 0x88, 0x23, 0x39, 0x8D, 0x30, 0x0F, 0xCB, 0x18, 0xEB, 0xA6,
    0x83, 0xA7, 0x00, 0x41, 0xB8, 0xF1, 0xCE, 0x01, 0xD7, 0x31, 0x5A, 0x5E, 0x30, 0x46, 0x26, 0xAB,
    0xA1, 0x01, 0x7C, 0x8E, 0x87, 0x29, 0x00, 0x9D, 0xC7, 0x4D, 0x2E, 0x79, 0xAB, 0x8C, 0x00, 0x0D,
    0x85, 0xAC, 0xCD, 0x63, 0x6E, 0x18, 0xB3, 0xA8, 0x85, 0x6A, 0x8D, 0xFF, 0x3B, 0x30, 0x80, 0x00,
    0x78, 0x95, 0xE3, 0xB0, 0x44, 0xE8, 0x28, 0x7C, 0x55, 0xCB, 0x26, 0x37, 0x85, 0x73, 0x2B, 0x2A,
    0xFE, 0xB9, 0x9A, 0x7E, 0x97, 0x0F, 0xFA, 0x3B, 0xA2, 0x85, 0xEC, 0xE1, 0x9D, 0x1F, 0x2D, 0xF2,
    0x75, 0x6D, 0xB9, 0xF9, 0x8F, 0x12, 0x7D, 0x20, 0xE2, 0x4D, 0xAD, 0x5B, 0x87, 0x12, 0x3B, 0x28,
    0xD0, 0x1F, 0xB0, 0x9E, 0x20, 0x87, 0xDF, 0x00, 0x4C, 0xAE, 0x90, 0x59, 0x2A, 0x28, 0x0B, 0xA4,
    0x2F, 0x1E, 0x59, 0x56, 0xFF, 0x6E, 0x2A, 0x1C, 0xDA, 0x87, 0xE4, 0x00, 0x12, 0xEF, 0x41, 0x77,
    0x91, 0x38, 0x51, 0x44, 0x0F, 0x2E, 0x6B, 0x10, 0x13, 0x5E, 0x47, 0x2D, 0xD1, 0x76, 0x82, 0x7B,
    0x80, 0x2D, 0x00, 0x27, 0xCE, 0x78, 0x9F, 0x88, 0xCC, 0xCB, 0xAD, 0x52, 0xA8, 0xE0, 0x50, 0x8B,
    0xB2, 0xBD, 0xB2, 0xCC, 0xB1, 0x33, 0xD7, 0xE7, 0x3E, 0xD1, 0x1E, 0x9F, 0x7A, 0xF3, 0x25, 0xCD,
    0x08, 0xBF, 0x98, 0x40, 0xB2, 0x34, 0xBB, 0xFA, 0x63, 0x35, 0xBE, 0x69, 0x57, 0xE2, 0x60, 0x54,
    0xE0, 0x81, 0x4D, 0x00, 0x1A, 0xD5, 0xF5, 0x86, 0x21, 0x77, 0x7D, 0xAB, 0xF9, 0x8D, 0x04, 0x23,
    0x0D, 0x08, 0xCF, 0x4B, 0x59, 0x8C, 0x87, 0x31, 0x00, 0xA0, 0x06, 0x37, 0xB5, 0x87, 0xAD, 0x0E,
    0x47, 0xE8, 0xDA, 0xDC, 0xD0, 0x98, 0xCB, 0x26, 0xA9, 0xDD, 0x8C, 0x3C, 0x87, 0x51, 0x00, 0x67,
    0xCB, 0xF9, 0x38, 0x27, 0x3F, 0x3E, 0x45, 0xA1, 0x67, 0x70, 0x51, 0x29, 0x8E, 0x51, 0xF0, 0x83,
    0x6B, 0x01, 0x29, 0x00, 0x58, 0x9A, 0xC0, 0x76, 0x9A, 0x24, 0x34, 0xCE, 0xCC, 0x5D, 0x15, 0x22,
    0xD6, 0x80, 0x83, 0x6C, 0x01, 0x13, 0xD8, 0xEE, 0xB9, 0x01, 0x29, 0xCB, 0xCA, 0xBF, 0x73, 0x70,
    0x36, 0x60, 0x00, 0x11, 0xA4, 0x19, 0xE3, 0xCE, 0x13, 0x94, 0xF0, 0x4E, 0x56, 0xD3, 0xE8, 0xEB,
    0x84, 0xA3, 0x0D, 0xEB, 0x0D, 0x55, 0x0B, 0x32, 0xD7, 0xDB, 0xCD, 0xC0, 0xBE, 0x3A, 0xAE, 0x7E,
    0x0C, 0x5F, 0x0C, 0x36, 0x67, 0xC0, 0x36, 0xED, 0x7F, 0xDF, 0x02, 0x1C, 0x1A, 0x88, 0x20, 0x00,
    0x11, 0x97, 0x31, 0x8B, 0x30, 0x86, 0x1D, 0xCC, 0x52, 0x3B, 0x29, 0xCE, 0x71, 0xA2, 0xE6, 0xD9,
    0x8E, 0x00, 0x66, 0x35, 0x50, 0x7C, 0x39, 0xF2, 0xC1, 0xC5, 0x00, 0x3A, 0xA1, 0x6D, 0xA3, 0xC8,
    0xA1, 0x65, 0x58, 0xF0, 0x9B, 0xB8, 0xB3, 0xF3, 0x72, 0xC0, 0x87, 0xF6, 0x00, 0x03, 0xF2, 0x34,
    0xD9, 0x5F, 0x3D, 0xA7, 0x61, 0x25, 0x3C, 0x93, 0x6E, 0xAA, 0x8F, 0x45, 0x01, 0x55, 0xA6, 0xAB,
    0x3F, 0xC8, 0xED, 0xF6, 0x69, 0xFA, 0xE0, 0x7F, 0x94, 0x03, 0x2A, 0x25, 0x89, 0x46, 0x01, 0x7A,
    0x7B, 0x00, 0xF3, 0xB4, 0xBF, 0x6E, 0xC6, 0x28, 0xC8, 0xE7, 0xCE, 0x0F, 0xEF, 0xFA, 0x88, 0x87,
    0x47, 0x01, 0x8E, 0x67, 0x2F, 0xBD, 0xED, 0x2E, 0x05, 0x88, 0x4E, 0xB2, 0x63, 0x18, 0x29, 0xCF,
    0xB6, 0xA3, 0x2D, 0xB8, 0x80, 0x29, 0x00, 0x63, 0xC9, 0x0A, 0x61, 0xFC, 0xB8, 0x49, 0x71, 0x95,
    0xA4, 0x60, 0x8C, 0x40, 0xB4, 0x87, 0xE2, 0x00, 0xC4, 0xE2, 0xC2, 0x80, 0xB5, 0xA1, 0xDA, 0x28,
    0x4A, 0xE8, 0x88, 0x06, 0xC9, 0xB5, 0xC2, 0x58, 0x00, 0x05, 0x73, 0xA2, 0x81, 0xA6, 0x4B, 0x86,
    0x4F, 0x6E, 0xAA, 0xAA, 0x73, 0x84, 0x2B, 0x7A, 0xAF, 0x95, 0x61, 0x70, 0x95, 0x88, 0x2B, 0x84,
    0x5D, 0x72, 0x5C, 0x4F, 0x2B, 0x0D, 0x61, 0xDC, 0xB8, 0x03, 0x8A, 0x00, 0x18, 0x33, 0x7A, 0x65,
    0xEA, 0x17, 0xEF, 0xFC, 0xEA, 0x5B, 0x52, 0x87, 0xE8, 0x12, 0x00, 0x90, 0x15, 0xEA, 0xF0, 0x3F,
    0x31, 0x52, 0xC1, 0xD8, 0x31, 0x9A, 0x7C, 0x8B, 0xE6, 0xAD, 0x0E, 0xE3, 0x12, 0xBD, 0x2F, 0x97,
    0xC6, 0x6C, 0xEA, 0x4E, 0x81, 0x41, 0x04, 0xF7, 0xB7, 0x7B, 0x81, 0xF4, 0x18, 0xD5, 0x7C, 0xFB,
    0x3C, 0x3A, 0xFE, 0xEB, 0x38, 0x80, 0x87, 0x92, 0x00, 0x2D, 0xAB, 0xF4, 0xC3, 0xD6, 0xF0, 0xDC,
    0x53, 0x4D, 0xE1, 0xA8, 0x88, 0xF0, 0xFC, 0x2B, 0x83, 0x77, 0x34, 0x80, 0x50, 0x00, 0x21, 0x0B,
    0x75, 0x74, 0xD6, 0x0E, 0xFA, 0xF1, 0x21, 0xA9, 0x9C, 0x38, 0x00, 0x5E, 0x65, 0x39, 0x10, 0xF2,
    0x31, 0x89, 0x22, 0xB8, 0xA6, 0xD7, 0x36, 0xF7, 0x0F, 0xDD, 0x20, 0xB6, 0x62, 0x3A, 0xE2, 0x59,
    0x89, 0x0F, 0xBE, 0x4F, 0xF4, 0x59, 0xC6, 0x5F, 0xE0, 0x87, 0xE0, 0x4D, 0x81, 0x9C, 0xBF, 0xFD,
    0x2A, 0xB8, 0xAB, 0x7F, 0xF4, 0x96, 0x28, 0x70, 0x6E, 0x7E, 0x9F, 0x06, 0xCF, 0xE2, 0x5E, 0x81,
    0xA5, 0x00, 0x45, 0x12, 0x1A, 0x57, 0x4D, 0x44, 0xF8, 0x4B, 0x70, 0x6C, 0x0D, 0xD7, 0x14, 0xE7,
    0xFA, 0x6C, 0xE1, 0x2A, 0x5D, 0xB7, 0x9E, 0x4E, 0xCA, 0x3D, 0x9B, 0x6D, 0xDC, 0x26, 0x17, 0xC0,
    0x84, 0x63, 0x01, 0x8C, 0xF8, 0x6E, 0x9E, 0xCB, 0xFF, 0x2D, 0xD5, 0xBC, 0xF5, 0x66, 0x31, 0x3B,
    0xFC, 0xEA, 0x49, 0xCE, 0xCC, 0x96, 0xC0, 0x80, 0xA7, 0x00, 0x6E, 0x41, 0x49, 0xBF, 0x60, 0x22,
    0x80, 0x18, 0x27, 0x37, 0x97, 0x6E, 0x02, 0xE5, 0x47, 0x9D, 0x62, 0xD5, 0xC0, 0x81, 0x99, 0x00,
    0x63, 0xDC, 0xB9, 0x6A, 0xE8, 0xBD, 0x27, 0xC0, 0x17, 0xF3, 0x3E, 0xCF, 0x99, 0xD0, 0x09, 0x34,
    0x81, 0xB9, 0x00, 0x4D, 0xD9, 0xED, 0x46, 0xF0, 0xDF, 0x26, 0x56, 0x65, 0x87, 0xE6, 0x2D, 0xA1,
    0x20, 0x84, 0xC1, 0x00, 0x15, 0xB9, 0x1D, 0x27, 0xFE, 0xCE, 0x99, 0x62, 0x0C, 0xE3, 0xBA, 0x93,
    0xC2, 0x2A, 0xE1, 0xEF, 0xCF, 0x8A, 0x11, 0x87, 0xA3, 0x00, 0x07, 0xD7, 0x87, 0xF8, 0xA8, 0xC3,
    0xF2, 0xE4, 0xFE, 0x68, 0x71, 0x3A, 0xDC, 0xB9, 0xAF, 0x39, 0x9F, 0xC0, 0x87, 0x81, 0x00, 0xF9,
    0xAD, 0x46, 0x69, 0xD3, 0xF3, 0xCE, 0x51, 0xCF, 0x15, 0xF4, 0x3E, 0x80, 0x66, 0x5E, 0x35, 0x6B,
    0x56, 0x87, 0xA3, 0x00, 0xB8, 0xA8, 0xCF, 0xD3, 0xFE, 0xE5, 0x90, 0xA2, 0x2F, 0x66, 0x4D, 0x65,
    0x01, 0x8A, 0x84, 0xD3, 0x00, 0x0B, 0xE1, 0xF3, 0xC8, 0x47, 0x4C, 0xFD, 0xBA, 0xA2, 0xD2, 0x97,
    0x70, 0x4D, 0x91, 0xAC, 0x4B, 0xCB, 0x10, 0x87, 0xAB, 0x00, 0x02, 0x63, 0x9F, 0x0B, 0x50, 0xEB,
    0x6F, 0x93, 0x4F, 0x66, 0x9F, 0xAF, 0xDF, 0x61, 0xF2, 0x5E, 0x71, 0x40, 0x86, 0xD7, 0x00, 0x3E,
    0x3C, 0x12, 0x0D, 0x88, 0xD3, 0x77, 0xF7, 0x6A, 0xCB, 0x1A, 0x45, 0xB0, 0xED, 0x72, 0xC0, 0x87,
    0xAB, 0x00, 0x7E, 0x92, 0x0A, 0x05, 0xDD, 0x89, 0xEE, 0xDC, 0x57, 0xAC, 0x1A, 0xC2, 0x35, 0x7D,
    0x40, 0x00, 0x07, 0x68, 0x45, 0x13, 0x35, 0x9B, 0x36, 0xC2, 0x8A, 0x29, 0x5C, 0x76, 0xDB, 0x45,
    0x31, 0xA0, 0x7C, 0x1A, 0x58, 0x53, 0xBD, 0xC8, 0x17, 0x81, 0x67, 0x17, 0xC4, 0x71, 0x5F, 0x87,
    0x89, 0x01, 0x49, 0x08, 0x5F, 0x13, 0x53, 0x71, 0x02, 0x10, 0x50, 0x34, 0xE1, 0xB6, 0x9F, 0xCC,
    0xFB, 0x90, 0xAC, 0x7A, 0xA5, 0xC0, 0x87, 0x8D, 0x00, 0xFA, 0x07, 0x7B, 0x86, 0x5C, 0x5F, 0x3D,
    0xBA, 0x3E, 0x3A, 0x97, 0xEC, 0xDC, 0xC0, 0x87, 0xF0, 0x00, 0x3B, 0x1A, 0x6A, 0xAD, 0xA5, 0x38,
    0x57, 0x3C, 0xC2, 0xB9, 0xB5, 0xE5, 0x87, 0x95, 0x00, 0x15, 0x93, 0xF9, 0xC0, 0x76, 0x17, 0xBC,
    0xDB, 0x17, 0x21, 0xB0, 0xFB, 0xB4, 0x34, 0x25, 0x2E, 0xDB, 0x20, 0x87, 0xB5, 0x00, 0x07, 0xD1,
    0x4E, 0xBA, 0x12, 0x88, 0xE0, 0x4A, 0xD6, 0x89, 0x12, 0x53, 0xBD, 0x0B, 0x49, 0x87, 0x95, 0x00,
    0xBE, 0xFB, 0x2D, 0x9F, 0x0B, 0xD1, 0xFA, 0x13, 0x6E, 0x21, 0xEA, 0x75, 0xC8, 0xAD, 0xCC, 0xAD,
    0x90, 0x80, 0x51, 0x00, 0x3F, 0x20, 0xFC, 0x80, 0x6F, 0xF8, 0x6C, 0xB1, 0x39, 0x17, 0x63, 0x44,
    0xAB, 0x9B, 0x80, 0x34, 0x00, 0x11, 0x0C, 0xDB, 0x15, 0xD6, 0xCF, 0x47, 0x12, 0x50, 0xED, 0x8A,
    0xB7, 0xAD, 0xD0, 0x1B, 0x65, 0x12, 0xD0, 0x99, 0x12, 0x56, 0x00, 0xB5, 0x3F, 0x16, 0xF9, 0x7D,
    0xBF, 0x09, 0xE8, 0x4A, 0x27, 0x22, 0xA1, 0xF0, 0x8F, 0x4C, 0x42, 0x66, 0x04, 0xE3, 0xCD, 0x9E,
    0xEA, 0xD9, 0x3A, 0x80, 0x54, 0x00, 0x07, 0xAA, 0xB2, 0xCD, 0x7C, 0x88, 0x9B, 0x7C, 0x02, 0x87,
    0x6B, 0xF4, 0xF9, 0x42, 0xCB, 0x0E, 0xDF, 0x46, 0x80, 0x34, 0x00, 0x4C, 0x93, 0xDC, 0x58, 0xFD,
    0x06, 0xE2, 0xF5, 0x7B, 0x0F, 0xC2, 0x43, 0x16, 0xF3, 0x8D, 0x69, 0xF2, 0x61, 0xB5, 0x85, 0xA8,
    0xBC, 0x60, 0x27, 0x48, 0x7B, 0x74, 0xB4, 0x15, 0x4B, 0xC0, 0xE7, 0x7C, 0xBD, 0x4D, 0xF9, 0x76,
    0xB5, 0xBD, 0x2D, 0x36, 0x81, 0xBF, 0x9C, 0x80, 0x54, 0x00, 0x34, 0xED, 0x67, 0x79, 0xF4, 0xD6,
    0x83, 0xC2, 0x65, 0xA9, 0x71, 0xE1, 0x32, 0x40, 0x84, 0x2B, 0x01, 0x1A, 0x0A, 0x7E, 0x65, 0x31,
    0x84, 0x51, 0xAE, 0x3D, 0x15, 0xAF, 0x4A, 0x92, 0x1E, 0x28, 0xED, 0x47, 0x1C, 0x07, 0x87, 0x55,
    0x01, 0x0D, 0xDA, 0xEE, 0x93, 0xCA, 0x51, 0x61, 0x29, 0x10, 0x3E, 0x33, 0x77, 0x5C, 0x5B, 0x0A,
    0x23, 0x02, 0xC3, 0x20, 0x84, 0x2B, 0x01, 0x58, 0xE2, 0x46, 0x7F, 0x35, 0x78, 0x52, 0x6A, 0xD2,
    0x8F, 0x64, 0xC3, 0x7F, 0xB9, 0x95, 0x72, 0x6D, 0x98, 0x87, 0xBA, 0x00, 0xFC, 0x79, 0x8B, 0x20,
    0x74, 0x73, 0x85, 0x2C, 0x77, 0xCD, 0x49, 0x8B, 0x3B, 0x7B, 0xEC, 0x60, 0x87, 0x35, 0x00, 0x87,
    0x6A, 0x7F, 0xB9, 0x48, 0x8E, 0x91, 0x40, 0x60, 0xC9, 0x38, 0x5A, 0x19, 0x1E, 0x87, 0x55, 0x00,
    0x77, 0x44, 0x38, 0x57, 0x66, 0x1F, 0x4A, 0x1B, 0x5E, 0x90, 0x93, 0xF1, 0x7C, 0x87, 0x36, 0x00,
    0x3E, 0x74, 0xA2, 0xB1, 0xB2, 0x43, 0x15, 0x2D, 0x44, 0xCC, 0x8D, 0x40, 0x87, 0x56, 0x00, 0x71,
    0x83, 0x7A, 0xB1, 0x8A, 0x39, 0x16, 0xF8, 0xA5, 0x39, 0x88, 0x00, 0x86, 0xBB, 0x79, 0x61, 0xFC,
    0xEC, 0xC6, 0xA3, 0x97, 0xAA, 0x0E, 0xC0, 0x66, 0x34, 0x37, 0x34, 0x90, 0x45, 0xD2, 0x07, 0x37,
    0xAD, 0x35, 0xD2, 0x95, 0x43, 0x76, 0x0A, 0xB8, 0x2B, 0x50, 0xB8, 0x95, 0x86, 0x89, 0x01, 0x18,
    0x4B, 0xAF, 0x00, 0x3E, 0xC2, 0x95, 0x03, 0x34, 0xB3, 0x43, 0x5C, 0x85, 0xED, 0x43, 0xA8, 0x65,
    0xD3, 0xAA, 0x24, 0xAB, 0x3E, 0xBE, 0xAD, 0x68, 0x81, 0x70, 0x26, 0xE9, 0x5F, 0xE3, 0x44, 0xD7,
    0xDA, 0x49, 0xB1, 0xDE, 0xD2, 0x87, 0xE5, 0x00, 0x35, 0xE7, 0x25, 0xE9, 0x5A, 0x52, 0xC4, 0xAA,
    0xDD, 0xC4, 0x6E, 0x30, 0x42, 0x9D, 0xC9, 0xDA, 0x0D, 0x73, 0xA7, 0xC5, 0x81, 0x4A, 0x00, 0x1A,
    0xD5, 0xF5, 0x86, 0x21, 0x77, 0x7D, 0x56, 0x6B, 0x6B, 0xE9, 0x32, 0x98, 0x41, 0xB9, 0x30, 0x00,
    0x06, 0xD6, 0x63, 0xB6, 0xCD, 0x1F, 0x00, 0x10, 0x55, 0x21, 0x59, 0x43, 0x26, 0x80, 0x87, 0xF6,
    0x00, 0x67, 0x1A, 0x77, 0x48, 0x00, 0x1C, 0xD0, 0xB9, 0xB9, 0x74, 0xDD, 0xCB, 0xE1, 0xAA, 0xEC,
    0xF4, 0xE5, 0x00, 0x00, 0x01, 0x72, 0x8A, 0x80, 0x00, 0x05, 0x0C, 0x32, 0x08, 0x8E, 0x10, 0x00,
    0x08, 0xE2, 0xF1, 0xC4, 0x8D, 0xA5, 0x10, 0x78, 0xB4, 0xE0, 0x00, 0x06, 0x86, 0xCF, 0x34, 0x74,
    0x00, 0x5B, 0x11, 0x7D, 0x72, 0x55, 0xBA, 0xF6, 0x29, 0x80, 0x00, 0x0D, 0xB1, 0x7D, 0x51, 0x91,
    0xB8, 0xDA, 0x3D, 0xD5, 0x68, 0x00, 0x41, 0x50, 0x2F, 0xF1, 0x32, 0x8C, 0xFB, 0x00, 0x61, 0x25,
    0x80, 0x00, 0x10, 0xC2, 0x54, 0x10, 0xC2, 0x31, 0x9F, 0x5E, 0x69, 0x4D, 0x86, 0x20, 0x00, 0x09,
    0x4F, 0xCB, 0x4B, 0xC6, 0x6F, 0xF8, 0x42, 0xD1, 0x4C, 0x00, 0x0C, 0x86, 0x32, 0xD0, 0x00, 0x02,
    0xDB, 0x5B, 0x0E, 0xEC, 0x00, 0x02, 0x08, 0xC8, 0x14, 0x41, 0x1A, 0x62, 0x72, 0xE6, 0xB4, 0xE8,
    0x59, 0x83, 0xA7, 0x01, 0x2E, 0xDF, 0x13, 0x26, 0x1D, 0x06, 0x9A, 0xC0, 0x70, 0x00, 0xB3, 0x80,
    0x00, 0x2E, 0x9E, 0x28, 0xBB, 0x35, 0x0E, 0x4D, 0xD4, 0x90, 0x00, 0x29, 0x87, 0xC3, 0xDB, 0xCA,
    0x08, 0x38, 0x0E, 0x78, 0x00, 0x07, 0x55, 0x54, 0xE9, 0x32, 0xEB, 0xE4, 0xA3, 0x8F, 0x00, 0x06,
    0x83, 0xC5, 0xC3, 0xDD, 0x31, 0x1E, 0x25, 0x6A, 0x9A, 0x00, 0x06, 0x85, 0xC1, 0xC6, 0x66, 0x56,
    0xE4, 0x86, 0xD0, 0x87, 0xA1, 0x01, 0x7B, 0xEC, 0x00, 0x1D, 0x30, 0x0C, 0xCE, 0x44, 0x70, 0x00,
    0x26, 0xFA, 0x06, 0x4A, 0xF8, 0x50, 0x00, 0x04, 0x41, 0x78, 0x6D, 0x99, 0x0C, 0x00, 0x05, 0x62,
    0x38, 0x97, 0x8D, 0xC2, 0xE1, 0x00, 0x06, 0xEB, 0xB2, 0xAA, 0x21, 0xD0, 0xE9, 0x0A, 0x20, 0x00,
    0x26, 0x44, 0xCF, 0xF9, 0xB7, 0xB4, 0x00, 0x55, 0xD8, 0x4A, 0x9D, 0x84, 0x00, 0x05, 0xE8, 0x61,
    0x31, 0x83, 0x40, 0x00, 0x20, 0xA7, 0x74, 0xF9, 0x9F, 0x86, 0xE6, 0xAF, 0x00, 0x00, 0x24, 0x18,
    0x00, 0x34, 0x92, 0x9D, 0x29, 0xE7, 0xF7, 0x02, 0x80, 0x00, 0x08, 0xEE, 0xDB, 0x3B, 0x8C, 0xDD,
    0x60, 0xF3, 0x00, 0x35, 0x2C, 0xD9, 0x91, 0x43, 0x87, 0xA9, 0x01, 0x8D, 0x54, 0xAC, 0x87, 0xAB,
    0x01, 0x90, 0xEC, 0x3A, 0x74, 0x66, 0x04, 0x00, 0x06, 0x2B, 0x89, 0x9C, 0xF0, 0x00, 0x21, 0x74,
    0x49, 0x9A, 0xE3, 0x03, 0x5E, 0x60, 0x49, 0xC3, 0x00, 0x0E, 0xB3, 0x68, 0xDE, 0xFE, 0xA4, 0xAE,
    0xFC, 0xBC, 0x90, 0x87, 0xAE, 0x01, 0x59, 0x00, 0x00, 0x01, 0xB6, 0xEB, 0x4B, 0xE6, 0x68, 0x41,
    0x40, 0x00, 0x04, 0x53, 0x6D, 0xE7, 0xBC, 0x50, 0x05, 0x3F, 0x91, 0xC1, 0xCA, 0x3C, 0x00, 0x57,
    0x7D, 0x16, 0xC5, 0x9C, 0xB7, 0x37, 0x4B, 0xA2, 0x58, 0x00, 0x61, 0x6D, 0x1E, 0xB4, 0xB3, 0xA2,
    0xF3, 0x19, 0x44, 0x40, 0x00, 0x58, 0x1A, 0x88, 0xDF, 0xD9, 0xBB, 0x9D, 0x43, 0x87, 0xB2, 0x01,
    0xD2, 0xA9, 0x91, 0x0E, 0x36, 0xD0, 0x00, 0x68, 0x99, 0xA6, 0xC0, 0x38, 0xD2, 0xD5, 0xD9, 0xEF,
    0x41, 0x36, 0xA8, 0x87, 0xA5, 0x01, 0x20, 0x00, 0x00, 0x00, 0x01, 0x1D, 0xED, 0xB8, 0x2B, 0x74,
    0xE0, 0xCE, 0xEC, 0x87, 0xEA, 0x00, 0x61, 0x1E, 0xC3, 0xE8, 0xD3, 0x80, 0x00, 0x00, 0x00, 0xBC,
    0xBA, 0xA2, 0x40, 0x00, 0x00, 0x00, 0x02, 0xC1, 0x96, 0xFA, 0xBB, 0x80, 0x00, 0x5C, 0xB9, 0x2E,
    0xD5, 0xA7, 0x66, 0x2D, 0x67, 0x66, 0x0E, 0x7F, 0x00, 0x5C, 0xD6, 0xF4, 0x0B, 0x06, 0x61, 0xE4,
    0xD4, 0x93, 0x97, 0x19, 0xA8, 0xB8, 0x43, 0x77, 0x10, 0x5F, 0x7E, 0x00, 0x22, 0xA6, 0x2F, 0x50,
    0x2E, 0xD5, 0x00, 0x04, 0x63, 0xF1, 0x9E, 0xC7, 0x9D, 0xA3, 0xC1, 0xB4, 0x00, 0x05, 0x26, 0x3B,
    0x2E, 0x65, 0x4E, 0x93, 0x87, 0x8E, 0x80, 0xF0, 0x00, 0x0B, 0xF7, 0x5C, 0xFF, 0xB5, 0x3E, 0xE1,
    0x6A, 0x5D, 0x0F, 0x2B, 0x10, 0x00, 0x43, 0xAC, 0xCA, 0x09, 0x17, 0xA6, 0x55, 0x70, 0x89, 0xD4,
    0x00, 0x3D, 0x03, 0xD2, 0x53, 0xBC, 0xFD, 0xFE, 0x29, 0x3E, 0x00, 0x00, 0x01, 0x1D, 0xED, 0xB8,
    0x60, 0x35, 0xE5, 0xDD, 0x94, 0xDA, 0x87, 0xB7, 0x01, 0x7B, 0xF0, 0x87, 0xB8, 0x01, 0x63, 0x20,
    0x87, 0xEA, 0x00, 0x61, 0x1E, 0xC3, 0xE8, 0xD3, 0x80, 0x00, 0x08, 0x22, 0x17, 0x5F, 0x71, 0xF6,
    0x40, 0x00, 0x7F, 0x13, 0x0E, 0x70, 0x3D, 0x9D, 0x90, 0x2A, 0x63, 0x9A, 0x08, 0x5D, 0x49, 0x7E,
    0xA2, 0x72, 0x00, 0x01, 0xC2, 0xBF, 0x64, 0xB2, 0xF9, 0xC0, 0x87, 0xCB, 0x01, 0x59, 0xB0, 0x87,
    0xD4, 0x01, 0x46, 0x50, 0x87, 0xAF, 0x01, 0x79, 0x60, 0x00, 0x00, 0x31, 0xAE, 0x19, 0xC8, 0x86,
    0xEA, 0x00, 0x42, 0x3B, 0x8F, 0xF2, 0x6C, 0x21, 0x8D, 0x7E, 0xDB, 0x66, 0x73, 0xFF, 0x80, 0x00,
    0x33, 0x10, 0x39, 0x2D, 0xDB, 0x9C, 0xE9, 0x19, 0x7E, 0x3D, 0xD4, 0xF4, 0xBF, 0x61, 0x27, 0x17,
    0x9E, 0x7C, 0xDA, 0x1B, 0x15, 0xE4, 0x45, 0x87, 0xEA, 0x00, 0x5F, 0x78, 0xBE, 0xF6, 0xBF, 0xBE,
    0x39, 0x10, 0x8B, 0x88, 0xD5, 0x35, 0x06, 0x2E, 0x12, 0xCA, 0x4F, 0x38, 0x26, 0x16, 0xE8, 0x80,
    0x00, 0x54, 0xA5, 0x92, 0x4B, 0x8B, 0x67, 0x78, 0xD7, 0x4D, 0x88, 0x00, 0x54, 0xB4, 0xEF, 0xB6,
    0xF7, 0x27, 0xB0, 0x00, 0x02, 0x84, 0xF4, 0x7B, 0x37, 0x38, 0xEC, 0x96, 0x48, 0x7E, 0xE3, 0xE8,
    0xCA, 0x67, 0x01, 0xDA, 0x60, 0xEF, 0x95, 0xB1, 0xBF, 0x68, 0xD6, 0x5D, 0x68, 0x37, 0x99, 0x4B,
    0xBE, 0xF8, 0x08, 0x1A, 0x25, 0x32, 0x3E, 0x3A, 0xCE, 0x19, 0x21, 0x9B, 0x3F, 0x21, 0x0F, 0x0A,
    0x9C, 0xBB, 0x74, 0x05, 0xEA, 0x38, 0xAD, 0xB6, 0xD0, 0xAC, 0x60, 0x67, 0x35, 0x70, 0x0C, 0x79,
    0x9C, 0x16, 0xD2, 0x7C, 0x1B, 0xE9, 0x81, 0x10, 0x5A, 0x0B, 0x4C, 0xA3, 0x38, 0x6C, 0x9F, 0xD1,
    0x40, 0x00, 0x09, 0xD5, 0x60, 0xF2, 0x93, 0xD2, 0x36, 0xDB, 0x31, 0xA5, 0xD0, 0x87, 0xBD, 0x01,
    0x67, 0xF7, 0x90, 0x00, 0x1D, 0x81, 0x8A, 0x70, 0x80, 0xC1, 0x2C, 0xDF, 0x39, 0x25, 0xEA, 0xB8,
    0x1C, 0x87, 0xDE, 0x01, 0x83, 0x18, 0x21, 0x40, 0x00, 0x39, 0xE5, 0x3B, 0x7D, 0xCF, 0x45, 0xBF,
    0x27, 0xE2, 0xC7, 0xF8, 0x87, 0xF1, 0x01, 0x99, 0xD8, 0x49, 0x08, 0x00, 0x04, 0x63, 0xF0, 0x03,
    0x27, 0x90, 0xE3, 0x2F, 0xDE, 0x01, 0xD6, 0x23, 0x1A, 0xEC, 0x9D, 0x59, 0xED, 0x80, 0x87, 0xDA,
    0x01, 0x7E, 0x11, 0xC0, 0x00, 0x11, 0x04, 0x2B, 0xB6, 0x08, 0x40, 0x00, 0xF0, 0x01, 0xCA, 0x34,
    0x2F, 0xAF, 0x80, 0x2F, 0x80, 0x2F, 0xAF, 0x81, 0x8A, 0x24, 0x00, 0xF0, 0x00, 0x00, 0x0C, 0xAC,
    0xAA, 0xAE, 0x42, 0xF7, 0x75, 0xD6, 0x29, 0x06, 0x25, 0x74, 0xE1, 0xD0, 0x00, 0x4C, 0x3A, 0x19,
    0xCB, 0xAA, 0xCC, 0x16, 0x20, 0x00, 0x03, 0xF3, 0xE7, 0x77, 0x52, 0xF7, 0xAB, 0x25, 0x8F, 0xE3,
    0x74, 0x16, 0x47, 0x8E, 0xEE, 0xF0, 0x30, 0x87, 0xFD, 0x01, 0x51, 0x0C, 0x6D, 0x43, 0xA5, 0x75,
    0xB6, 0x14, 0x2C, 0x51, 0xFB, 0x68, 0x00, 0x00, 0x01, 0x1F, 0xB3, 0x62, 0x40, 0x86, 0x3C, 0x00,
    0x65, 0xA6, 0x90, 0x00, 0x0F, 0x68, 0x32, 0x47, 0x84, 0x8B, 0x50, 0x0D, 0x49, 0xA7, 0x13, 0xBD,
    0x9D, 0xB4, 0xDF, 0x0A, 0xC7, 0x00, 0x42, 0x2F, 0x88, 0x40, 0x1C, 0x7E, 0x39, 0x6B, 0x06, 0x44,
    0x54, 0xBE, 0x2C, 0x5A, 0x40, 0xBB, 0x45, 0x09, 0xB8, 0x86, 0x00, 0x02, 0xAF, 0x79, 0x9C, 0x6B,
    0x71, 0x8A, 0xA0, 0x00, 0x06, 0x79, 0xA7, 0x29, 0x24, 0x6A, 0x6D, 0x52, 0x2E, 0xBD, 0xD7, 0xD9,
    0x70, 0x00, 0x0C, 0x89, 0xEE, 0xED, 0x24, 0xFE, 0x79, 0xC6, 0x7F, 0x0C, 0x3B, 0xBD, 0x10, 0x30,
    0x00, 0x12, 0x63, 0xF1, 0x17, 0xA8, 0xF7, 0xC6, 0xFD, 0x42, 0x00, 0x0B, 0x5A, 0x68, 0x13, 0xE8,
    0x4F, 0xFE, 0xD8, 0xC4, 0x02, 0x11, 0x20, 0x00, 0x07, 0xC9, 0xDA, 0x92, 0x3E, 0x77, 0x4E, 0xCC,
    0xCD, 0x2C, 0x94, 0x00, 0x06, 0x6E, 0x25, 0x68, 0x64, 0x7B, 0x3E, 0xAF, 0x05, 0x2B, 0x53, 0x80,
    0x00, 0x1F, 0x59, 0x5D, 0xD4, 0x52, 0x54, 0xEB, 0xF2, 0xAE, 0x50, 0x39, 0x53, 0x47, 0x12, 0x59,
    0x84, 0x08, 0x02, 0x03, 0x26, 0x32, 0x0D, 0x5F, 0x13, 0xC2, 0x8D, 0x9B, 0x4B, 0xEC, 0x40, 0x00,
    0x00, 0xD8, 0xE9, 0x24, 0x15, 0xBD, 0x59, 0x67, 0x8E, 0x63, 0xC1, 0xBF, 0x22, 0x79, 0x69, 0x7F,
    0xE1, 0x51, 0x00, 0x07, 0xCB, 0x3B, 0x05, 0xFD, 0x02, 0x00, 0xBB, 0xB8, 0x70, 0x9C, 0x00, 0x21,
    0xA2, 0xE2, 0xE7, 0xF8, 0x42, 0x27, 0x2A, 0x09, 0x00, 0x05, 0x58, 0xD2, 0xF9, 0x50, 0x79, 0x48,
    0x6D, 0xC1, 0x99, 0x9C, 0x7B, 0x3C, 0x00, 0x05, 0x7B, 0x0B, 0x93, 0x91, 0x9A, 0x30, 0x1F, 0x0A,
    0x50, 0x82, 0x2F, 0x5B, 0xB9, 0x9B, 0xB1, 0x40, 0x86, 0xD7, 0x00, 0x85, 0x14, 0x30, 0x51, 0x0C,
    0x33, 0x3B, 0xAE, 0xC4, 0x73, 0xC9, 0xB6, 0xEE, 0xA5, 0x70, 0x3A, 0x80, 0x93, 0x3B, 0x23, 0x68,
    0x0C, 0xED, 0x65, 0x93, 0x64, 0x87, 0xD7, 0x00, 0x0D, 0xD6, 0x34, 0x94, 0x30, 0xDC, 0x7F, 0x17,
    0xE3, 0x43, 0xDA, 0x44, 0xFF, 0x74, 0xA1, 0xE1, 0x20, 0xC7, 0x12, 0x70, 0x4F, 0x63, 0x92, 0x76,
    0x12, 0xA1, 0x59, 0x08, 0x4C, 0x00, 0x00, 0x03, 0x4B, 0x9E, 0xEE, 0x59, 0x85, 0x84, 0xAC, 0x35,
    0xEC, 0xBF, 0x76, 0x90, 0x7D, 0x6C, 0x1B, 0x8F, 0xEA, 0x2B, 0x03, 0x00, 0x89, 0x14, 0x43, 0x59,
    0xFF, 0x49, 0x0D, 0xC0, 0x66, 0x41, 0x08, 0x20, 0x97, 0xAA, 0x08, 0xE2, 0x22, 0x9F, 0xD0, 0x00,
    0x4E, 0x47, 0x7C, 0x53, 0xD0, 0x12, 0x9B, 0x82, 0xEE, 0xD7, 0xC1, 0x1C, 0xD8, 0x48, 0xEC, 0x62,
    0xC0, 0xCC, 0x72, 0x35, 0xBA, 0x92, 0x48, 0x0B, 0x95, 0xC0, 0x00, 0x96, 0x2A, 0xB4, 0x83, 0x87,
    0xB4, 0x21, 0x67, 0x4A, 0x0A, 0xF3, 0xAC, 0x3D, 0x22, 0x49, 0xB3, 0xA6, 0xC4, 0x2D, 0x61, 0xE2,
    0x16, 0x3E, 0x9B, 0xD6, 0x42, 0x17, 0xF0, 0x6E, 0x26, 0x6E, 0xEB, 0xD3, 0xC0, 0xC8, 0x87, 0x35,
    0x00, 0x87, 0x6B, 0x27, 0x5B, 0xD1, 0xFA, 0x34, 0x53, 0x1E, 0x9F, 0x85, 0x59, 0x56, 0x2B, 0x26,
    0x33, 0xCE, 0xBC, 0x35, 0x3C, 0x40, 0x00, 0x00, 0x2C, 0x57, 0xA2, 0x69, 0xD0, 0x4B, 0x92, 0xA0,
    0x3F, 0x86, 0xE1, 0x6D, 0x9C, 0x30, 0x80, 0x17, 0x02, 0x07, 0xE5, 0xDB, 0xBE, 0x2B, 0x49, 0x00,
    0xA4, 0x44, 0xA8, 0x03, 0x3A, 0xD8, 0x87, 0x2C, 0x00, 0x62, 0x6E, 0xDC, 0x73, 0xD7, 0x89, 0x50,
    0x1F, 0xB7, 0xF8, 0x00, 0x0E, 0xC4, 0x7C, 0x9C, 0x20, 0xC8, 0xE0, 0x57, 0x14, 0x35, 0xE3, 0xF0,
    0xF2, 0x82, 0x49, 0x24, 0x07, 0xC3, 0xC1, 0xCB, 0x81, 0x66, 0xED, 0x29, 0xF4, 0x94, 0x89, 0x08,
    0x42, 0x3F, 0x09, 0x8A, 0x5E, 0xAC, 0x2C, 0x05, 0x1B, 0x98, 0x4E, 0xE8, 0x9D, 0x1F, 0x76, 0x17,
    0xBB, 0x40, 0x00, 0x05, 0x67, 0xD0, 0xDB, 0xAF, 0x65, 0x20, 0x9F, 0x40, 0xA1, 0x84, 0xE1, 0x4A,
    0xC5, 0x3C, 0x47, 0x17, 0xBE, 0x4A, 0x9E, 0x9B, 0xE5, 0x79, 0xD2, 0xD1, 0xC9, 0x03, 0x73, 0xB2,
    0x48, 0xC9, 0x9D, 0xAF, 0xE3, 0x0F, 0xFE, 0x31, 0x61, 0x1A, 0xB4, 0xFA, 0x7B, 0x35, 0x15, 0x85,
    0xA6, 0xF9, 0x00, 0x00, 0x05, 0x48, 0xF3, 0x6F, 0x4D, 0x23, 0x8A, 0xC9, 0x5B, 0xC0, 0xBA, 0xDD,
    0x51, 0x5B, 0x8E, 0x4C, 0xE8, 0xA0, 0xDE, 0xDA, 0x42, 0x7A, 0x71, 0x33, 0x67, 0x6F, 0x37, 0x2F,
    0xC8, 0x47, 0xF6, 0x98, 0xF1, 0x94, 0x18, 0x46, 0xEF, 0x81, 0xBC, 0x87, 0x69, 0x01, 0xDE, 0xD0,
    0x05, 0xE2, 0xF0, 0xCC, 0xBB, 0x4F, 0x1C, 0x2F, 0x8C, 0x3A, 0x10, 0x62, 0xA3, 0x67, 0x0D, 0x9C,
    0xB6, 0x30, 0xD9, 0xC2, 0x3B, 0x3A, 0xBA, 0x7D, 0x2D, 0xDF, 0xFB, 0x1F, 0x74, 0x4F, 0x00, 0xA2,
    0xFC, 0x39, 0xD7, 0x4E, 0x24, 0x6F, 0x0A, 0xFE, 0x83, 0xB6, 0x13, 0x84, 0xDB, 0xF9, 0xEF, 0x3B,
    0x27, 0x45, 0x9D, 0xAB, 0x3F, 0xE6, 0x2F, 0xFA, 0x45, 0xB6, 0xA1, 0x11, 0xA1, 0x6E, 0x79, 0x4C,
    0x47, 0xB6, 0x4B, 0xA7, 0x37, 0xD6, 0x6F, 0x98, 0xC5, 0x8B, 0x08, 0xB0, 0x87, 0x9E, 0x00, 0xF8,
    0xB1, 0x61, 0x0B, 0x48, 0xAF, 0x8B, 0x7F, 0xE4, 0x3D, 0xD4, 0x7D, 0x34, 0xFC, 0xE8, 0xD4, 0xD6,
    0x61, 0x66, 0x92, 0x91, 0xF3, 0x1E, 0x39, 0xEC, 0xD8, 0x48, 0x66, 0x72, 0x9C, 0x0A, 0xD9, 0x9E,
    0x38, 0x3C, 0x66, 0x27, 0x1F, 0x27, 0x9E, 0x20, 0xC4, 0x40, 0x00, 0x00, 0x7E, 0x95, 0x3F, 0x5A,
    0xC6, 0xE9, 0xFE, 0x45, 0x68, 0xDF, 0xC6, 0x2A, 0x19, 0x86, 0x5D, 0x21, 0x7F, 0xDE, 0x21, 0x8D,
    0x0B, 0x17, 0x71, 0xC1, 0xB3, 0x55, 0x32, 0x35, 0x2D, 0x32, 0x82, 0xDB, 0x42, 0x25, 0xCC, 0x60,
    0x00, 0x44, 0x4C, 0x9F, 0x53, 0x69, 0xE8, 0xCF, 0x91, 0xE1, 0x30, 0x0E, 0x77, 0x1E, 0x03, 0xD1,
    0xD4, 0xED, 0x82, 0xEC, 0xCC, 0x54, 0x18, 0xC5, 0x9C, 0x5E, 0xF0, 0x6C, 0xC3, 0xF9, 0x25, 0x5A,
    0xC2, 0x28, 0xCA, 0x72, 0x99, 0x80, 0x87, 0x2E, 0x00, 0x0B, 0xA2, 0x49, 0xEE, 0x58, 0x92, 0x20,
    0xAD, 0xC9, 0xC7, 0x84, 0x96, 0x8B, 0xAE, 0x19, 0xE5, 0xE9, 0xA4, 0x23, 0xFD, 0x89, 0x2D, 0x4F,
    0x8B, 0xF5, 0x8E, 0xF5, 0x40, 0x00, 0x00, 0x24, 0x79, 0x0C, 0x00, 0x2A, 0xE4, 0x61, 0x91, 0x08,
    0xC4, 0x32, 0xFC, 0xFB, 0x68, 0x23, 0xE5, 0x4F, 0x6B, 0xA0, 0x74, 0x53, 0xFB, 0x2C, 0xF9, 0x32,
    0x3A, 0x01, 0xFA, 0x7A, 0x53, 0x6E, 0xE5, 0x86, 0x80, 0x8F, 0x14, 0x02, 0x54, 0x36, 0xFE, 0x01,
    0xF0, 0x00, 0x13, 0x78, 0x7A, 0x3E, 0x0A, 0xA7, 0x0C, 0x92, 0x7B, 0x76, 0x36, 0xA8, 0xAD, 0x88,
    0xFB, 0x2F, 0xAD, 0xCA, 0x5E, 0x34, 0x57, 0xEF, 0xF7, 0x31, 0x4A, 0x59, 0x43, 0x51, 0xC6, 0x66,
    0xDE, 0xF8, 0x4A, 0xC7, 0xA1, 0x0B, 0xA0, 0x87, 0xD9, 0x00, 0x54, 0xF1, 0x7D, 0xF0, 0xD6, 0x0A,
    0xF0, 0xAF, 0x4A, 0x99, 0x88, 0x03, 0x73, 0xEF, 0xB0, 0xCE, 0xEF, 0xFD, 0x77, 0x08, 0x00, 0x05,
    0xF1, 0xAE, 0xB7, 0xCB, 0x88, 0x89, 0x5B, 0x20, 0x22, 0x6F, 0x37, 0x7B, 0xDD, 0x20, 0xA3, 0x94,
    0x2E, 0x9E, 0xB4, 0x9D, 0x3C, 0xAA, 0x81, 0xFE, 0x7C, 0x99, 0x7D, 0xFB, 0x29, 0x20, 0xBA, 0x58,
    0xFF, 0x0D, 0xCA, 0x6B, 0x46, 0x88, 0x4E, 0xFD, 0xCF, 0xA9, 0x22, 0xC2, 0xD1, 0x62, 0x8F, 0x07,
    0x2F, 0x59, 0x58, 0x56, 0xE4, 0x43, 0x71, 0x75, 0xE7, 0x60, 0x8B, 0x82, 0xCB, 0x6E, 0xD0, 0x00,
    0x84, 0x43, 0x6D, 0x07, 0xBE, 0xE0, 0x05, 0xDC, 0xA9, 0xFB, 0x2A, 0x00, 0x68, 0x94, 0x6F, 0x90,
    0x2E, 0xCA, 0x27, 0x87, 0x85, 0xD7, 0xB8, 0x47, 0x1C, 0xA1, 0x46, 0x9D, 0x06, 0x45, 0xC5, 0xC4,
    0x01, 0xC4, 0xE2, 0x89, 0x22, 0x1C, 0x8F, 0x1E, 0x02, 0x69, 0x87, 0x87, 0xF8, 0x17, 0x03, 0x4E,
    0x82, 0xB0, 0x87, 0x1E, 0x02, 0xDB, 0xF7, 0x02, 0x6C, 0xF2, 0x10, 0x25, 0x75, 0xED, 0x2A, 0xA2,
    0x26, 0x50, 0x06, 0x79, 0x4F, 0x1E, 0x80, 0x8C, 0x87, 0x2D, 0x00, 0x5F, 0x99, 0x95, 0x85, 0x6D,
    0x6B, 0x73, 0x37, 0x09, 0x54, 0xCD, 0x0A, 0x13, 0x18, 0xA3, 0x28, 0xC7, 0x0F, 0x3E, 0xF3, 0x7F,
    0xB0, 0x35, 0x08, 0x7D, 0x80, 0x87, 0x25, 0x02, 0x10, 0xD2, 0x78, 0x89, 0x96, 0x21, 0x60, 0x32,
    0x92, 0x67, 0x65, 0xCF, 0x23, 0xAF, 0x0A, 0x7E, 0x0A, 0xC8, 0xEA, 0xB0, 0x6A, 0x64, 0x16, 0x56,
    0x62, 0xF0, 0x2B, 0xAA, 0xEA, 0x32, 0xE0, 0x00, 0x05, 0xB7, 0x89, 0x79, 0x63, 0x6D, 0x42, 0xE8,
    0x6D, 0x68, 0x2F, 0x41, 0xCE, 0xB5, 0x31, 0x8F, 0xE1, 0xA4, 0x65, 0x94, 0xAC, 0x29, 0x1E, 0x5D,
    0x5C, 0x49, 0xC5, 0xBB, 0x64, 0xBC, 0x79, 0x18, 0x41, 0xBC, 0xF5, 0x76, 0x78, 0x66, 0xBD, 0x2D,
    0x56, 0x2A, 0x08, 0xC8, 0xB9, 0xB8, 0x3E, 0x8C, 0x66, 0xB1, 0xCF, 0x6C, 0x1B, 0x79, 0x8F, 0x1E,
    0x02, 0x6B, 0x0F, 0xC0, 0xE7, 0xE4, 0x49, 0xD8, 0x2D, 0x36, 0x3B, 0x2B, 0xCA, 0xE1, 0xD6, 0xD4,
    0x11, 0x67, 0xE4, 0x79, 0x88, 0x25, 0x01, 0xCE, 0xED, 0xD8, 0xF8, 0x70, 0x00, 0xA0, 0xEB, 0x2D,
    0x99, 0x2B, 0x4F, 0x1A, 0x9C, 0xB0, 0xDC, 0xD0, 0x19, 0x0C, 0x4F, 0xCA, 0x10, 0x78, 0x7C, 0x0E,
    0x9C, 0xCA, 0x63, 0x5D, 0x41, 0xBF, 0xF7, 0xCA, 0x1E, 0xD4, 0xE3, 0x79, 0xE5, 0xD4, 0xBE, 0xE7,
    0xCB, 0x87, 0x20, 0x02, 0x17, 0xB0, 0xD0, 0x8A, 0x66, 0xC8, 0xBF, 0x20, 0x66, 0xCF, 0x53, 0x80,
    0x87, 0x2E, 0x00, 0x3A, 0xBD, 0x1F, 0xA2, 0x9A, 0x7E, 0x92, 0x25, 0x48, 0x8C, 0xE0, 0xED, 0x07,
    0x69, 0xB6, 0x2E, 0xA6, 0x96, 0xFB, 0xB4, 0xB5, 0xAA, 0x80, 0x87, 0x15, 0x02, 0x90, 0x2D, 0xA7,
    0x89, 0x1E, 0x7D, 0x45, 0x3F, 0x84, 0x00, 0x05, 0x03, 0x7E, 0x75, 0x63, 0x73, 0xC8, 0x14, 0xDA,
    0x30, 0xC4, 0x98, 0xDA, 0xBC, 0x31, 0xB9, 0x16, 0xF7, 0xC6, 0x6A, 0xA5, 0x80, 0xB4, 0xDE, 0xE0,
    0x87, 0x3B, 0x00, 0x63, 0x19, 0xD4, 0xAB, 0xF1, 0x2D, 0xA6, 0x74, 0x20, 0x6C, 0x52, 0xA9, 0x6D,
    0x04, 0x73, 0x5D, 0xC5, 0x36, 0xF4, 0xEE, 0xFD, 0x66, 0xD2, 0x9A, 0x89, 0x6F, 0x47, 0x2A, 0x23,
    0xAB, 0x00, 0x3B, 0x95, 0xAA, 0x41, 0xA2, 0x35, 0x33, 0xF2, 0xD4, 0x1F, 0xD0, 0xE0, 0x60, 0x67,
    0x42, 0x11, 0x61, 0x02, 0x52, 0xBC, 0x3E, 0xC2, 0x69, 0xC7, 0x85, 0x9D, 0x03, 0x81, 0x23, 0xA3,
    0x6C, 0x24, 0x07, 0xD9, 0xCD, 0x02, 0xA1, 0x86, 0x51, 0x0B, 0x2D, 0x5A, 0x69, 0xBB, 0xA0, 0x9E,
    0x9E, 0x7C, 0x66, 0xFA, 0xCB, 0x4E, 0x0F, 0x68, 0x87, 0x3A, 0x00, 0x6A, 0x19, 0x44, 0x44, 0xCE,
    0x3C, 0xCE, 0xA2, 0x3E, 0x3B, 0x0A, 0x8A, 0xE0, 0x87, 0x20, 0x02, 0x69, 0xDB, 0x1A, 0x96, 0xFD,
    0x92, 0x68, 0x9E, 0x06, 0xE8, 0xBB, 0x97, 0xA3, 0x3A, 0xB1, 0x60, 0x00, 0x00, 0x5E, 0x18, 0xE5,
    0xFE, 0xC3, 0xB1, 0xDF, 0x38, 0xA8, 0x40, 0x2E, 0xD2, 0x15, 0x05, 0x93, 0x57, 0x89, 0xCB, 0x6D,
    0xC3, 0x19, 0x7A, 0xF6, 0x73, 0x7C, 0x75, 0x2E, 0xFA, 0x58, 0x8D, 0x00, 0x05, 0x02, 0xFD, 0x47,
    0x7B, 0x46, 0x97, 0x23, 0xD5, 0x7C, 0x6C, 0xF7, 0xDA, 0x69, 0xA4, 0x8B, 0x30, 0x06, 0xDE, 0x9D,
    0x69, 0xAA, 0xEE, 0xC1, 0xE1, 0xA9, 0xD0, 0x29, 0xA5, 0xDD, 0x4E, 0xFD, 0xC9, 0x14, 0x40, 0x47,
    0x0E, 0x1A, 0xD3, 0xD9, 0xF9, 0xB1, 0x6D, 0xED, 0x36, 0x1F, 0xCE, 0x70, 0x87, 0x39, 0x02, 0x32,
    0x87, 0x35, 0x26, 0x31, 0x5A, 0x1D, 0x5A, 0xD0, 0x9C, 0xBF, 0x61, 0x92, 0x3F, 0x2B, 0x71, 0xB1,
    0xD0, 0x00, 0x00, 0x1E, 0x5C, 0xCD, 0xD2, 0x21, 0x39, 0x60, 0x86, 0x19, 0xB2, 0xA1, 0xC2, 0xD5,
    0xA9, 0x53, 0x82, 0x8F, 0x94, 0xD4, 0x56, 0x9D, 0x88, 0xF5, 0x36, 0x39, 0xA3, 0x54, 0x93, 0x16,
    0x56, 0x2E, 0x31, 0x83, 0x00, 0x05, 0x66, 0x78, 0x9E, 0xBC, 0x95, 0x92, 0x0D, 0x23, 0x80, 0x49,
    0x7A, 0x01, 0xF7, 0x25, 0x71, 0x94, 0xBD, 0xDD, 0x6A, 0xE5, 0xCE, 0x44, 0xF0, 0x4C, 0x9F, 0xD3,
    0xD9, 0x2B, 0x63, 0x7C, 0x8C, 0x99, 0x71, 0xAB, 0x30, 0x32, 0xB8, 0xB5, 0xF5, 0x1D, 0x99, 0x72,
    0x2E, 0xCA, 0x2D, 0xC9, 0x22, 0xA4, 0x87, 0x2E, 0x00, 0x73, 0xDB, 0x4B, 0xC8, 0xD9, 0x59, 0xDD,
    0x70, 0x83, 0x1F, 0x82, 0x05, 0x82, 0xF9, 0xAE, 0x1A, 0xFA, 0xF5, 0x4E, 0xD8, 0x8B, 0x52, 0xC0,
    0x53, 0x90, 0x00, 0x85, 0xFD, 0x62, 0xAC, 0x9B, 0x50, 0x4F, 0xBA, 0x3B, 0x21, 0xE7, 0xF3, 0xBA,
    0xA8, 0x43, 0x11, 0x5E, 0x5D, 0x4A, 0x99, 0x27, 0x93, 0xE5, 0x2D, 0xB6, 0xEC, 0xFC, 0x1A, 0x65,
    0x8D, 0x2E, 0x57, 0xF6, 0x17, 0x64, 0x00, 0xB5, 0x5C, 0x5D, 0x62, 0x25, 0xC3, 0x35, 0x2D, 0xD5,
    0x40, 0x0B, 0x52, 0x3E, 0xF9, 0xB4, 0x0F, 0xD9, 0x23, 0x66, 0xA0, 0x26, 0xF5, 0xCA, 0x3F, 0xAC,
    0xBE, 0x47, 0x74, 0x4B, 0xC8, 0xC7, 0x0D, 0x47, 0xE5, 0x20, 0x86, 0x3E, 0x62, 0xB8, 0x6F, 0x87,
    0x99, 0x6D, 0xA1, 0xDD, 0x42, 0xA2, 0x9D, 0x41, 0x3A, 0xD7, 0x58, 0x73, 0x7F, 0x80, 0x00, 0x32,
    0xC7, 0xC6, 0x3C, 0x4A, 0x15, 0x72, 0x69, 0x9A, 0x9E, 0x8C, 0x1C, 0xA4, 0xC5, 0x83, 0x97, 0x96,
    0x69, 0x24, 0x0D, 0xF8, 0x63, 0x7F, 0x86, 0x25, 0x44, 0xC3, 0x9F, 0xCF, 0xFD, 0x32, 0x68, 0x57,
    0x0D, 0xF1, 0xE5, 0x22, 0x87, 0x43, 0x00, 0xEE, 0x1A, 0xA3, 0x72, 0xA8, 0xB9, 0x42, 0xED, 0x04,
    0xE1, 0x1C, 0xD5, 0xD9, 0xA2, 0x6D, 0x7E, 0x4C, 0xDA, 0x13, 0xD6, 0x29, 0xB7, 0x2F, 0xB0, 0x40,
    0xA5, 0x60, 0x2B, 0x80, 0x84, 0x0E, 0x01, 0x71, 0x06, 0x29, 0x69, 0x20, 0x46, 0x69, 0x8A, 0xBC,
    0x32, 0x00, 0x25, 0xE4, 0xF6, 0xB8, 0xCD, 0x5C, 0xFC, 0xD6, 0xBC, 0xB6, 0xA8, 0x62, 0x48, 0x04,
    0xA0, 0xEA, 0xF7, 0x93, 0x52, 0x22, 0x9F, 0xD6, 0xD4, 0x0A, 0xB8, 0x4B, 0xF2, 0x70, 0x88, 0x0C,
    0x01, 0x00, 0xC7, 0x9B, 0x94, 0x4B, 0xBB, 0x9E, 0x66, 0xB2, 0xE2, 0x4A, 0xAA, 0xEA, 0x83, 0x04,
    0xFD, 0x69, 0x63, 0x73, 0xAA, 0x22, 0x00, 0x03, 0x75, 0x84, 0x80, 0x23, 0xFC, 0x88, 0x54, 0x00,
    0x00, 0x93, 0xA2, 0xD6, 0x2B, 0xA1, 0x73, 0x6E, 0x1E, 0x42, 0x0A, 0x09, 0x23, 0x80, 0x00, 0x09,
    0xF0, 0x7B, 0x5E, 0xAD, 0x06, 0xC3, 0xBF, 0x5E, 0xA5, 0xAA, 0x4E, 0xF4, 0x4B, 0xFD, 0x2E, 0x7E,
    0x42, 0x97, 0xDA, 0x0F, 0xEA, 0x04, 0xF1, 0x3A, 0x61, 0x32, 0xF7, 0xC4, 0xB5, 0x99, 0x4C, 0x20,
    0x87, 0x47, 0x00, 0xDE, 0x00, 0xA4, 0xF0, 0xDA, 0x29, 0xAB, 0xFF, 0x1C, 0x68, 0xE5, 0x9A, 0xFF,
    0x62, 0x10, 0xF7, 0x74, 0x74, 0x3A, 0x80, 0x00, 0x00, 0xF4, 0x18, 0x05, 0xCD, 0x5C, 0x41, 0xA5,
    0xBE, 0x35, 0x79, 0x16, 0xA7, 0xA7, 0xA5, 0xCE, 0x7D, 0x8B, 0xA1, 0xE6, 0xBE, 0x11, 0xD7, 0xA5,
    0x73, 0xBA, 0x5F, 0xE6, 0x78, 0x39, 0x24, 0x4E, 0x5F, 0xED, 0x43, 0xAE, 0x48, 0x8F, 0x9F, 0x14,
    0x2D, 0x99, 0xF3, 0x48, 0x96, 0x13, 0x20, 0x00, 0x6F, 0x64, 0x52, 0x24, 0xE9, 0xB1, 0x8D, 0x4B,
    0x4E, 0xA7, 0xB3, 0x0D, 0x70, 0x6B, 0x0D, 0x0F, 0x2C, 0x5A, 0x8B, 0x7D, 0xCD, 0xBC, 0xDC, 0x77,
    0xF9, 0x9C, 0x15, 0x06, 0xC4, 0xC4, 0x32, 0xF0, 0x00, 0x00, 0x6F, 0xF6, 0x5A, 0xEF, 0xFB, 0x78,
    0x81, 0x8A, 0xAF, 0xC8, 0xAA, 0x6C, 0xB4, 0x26, 0xF3, 0x83, 0xB4, 0xEB, 0x7B, 0xB2, 0x81, 0x71,
    0xAC, 0xD2, 0x26, 0xE3, 0xAD, 0x88, 0xFC, 0xBC, 0xFC, 0xE7, 0x62, 0xEC, 0xD7, 0x80, 0x80, 0x49,
    0x02, 0x32, 0x41, 0x50, 0x17, 0x4A, 0x74, 0x77, 0x47, 0xFF, 0xC2, 0x2E, 0xC1, 0x0C, 0xD2, 0x9F,
    0xA2, 0x04, 0x24, 0xFB, 0x5F, 0xC7, 0xDD, 0x89, 0xAF, 0x89, 0xBC, 0x06, 0x34, 0xB1, 0x40, 0x22,
    0xE7, 0x44, 0x4F, 0x97, 0xBF, 0x0F, 0x80, 0x8F, 0xF4, 0x00, 0x3A, 0xFA, 0x71, 0x36, 0xA4, 0x14,
    0x6F, 0x96, 0xA2, 0x85, 0xD5, 0x6B, 0x10, 0xC8, 0xD1, 0x44, 0xA0, 0x71, 0x6C, 0x28, 0x56, 0x08,
    0x72, 0xD8, 0xAC, 0x5E, 0x33, 0x4A, 0x80, 0x00, 0x0E, 0xC2, 0x5F, 0x79, 0x07, 0x9A, 0x4D, 0xF6,
    0x1E, 0xCF, 0x89, 0xFE, 0x84, 0xFC, 0xF9, 0x12, 0x45, 0xAC, 0x48, 0x58, 0xF3, 0xA3, 0x21, 0xA8,
    0xE5, 0xA2, 0x00, 0x00, 0xB6, 0x6C, 0x9C, 0xE8, 0xF4, 0xD0, 0x1C, 0x01, 0xA4, 0xAE, 0xF9, 0x1E,
    0xB1, 0x50, 0x0F, 0x9A, 0x18, 0x2B, 0x38, 0x52, 0x8E, 0x6A, 0x75, 0x7F, 0x54, 0xE9, 0xE7, 0x08,
    0x3E, 0x06, 0xD9, 0x51, 0x5D, 0x2B, 0x6F, 0x4A, 0xF1, 0xA7, 0x93, 0x80, 0x88, 0x50, 0x00, 0x00,
    0xF6, 0x9B, 0xC6, 0x9E, 0x05, 0xB1, 0xD6, 0xEE, 0x37, 0xED, 0xDE, 0x8C, 0x19, 0x8D, 0xDA, 0xFB,
    0x6C, 0x84, 0xF8, 0x18, 0x87, 0x51, 0x00, 0xEF, 0xC4, 0x32, 0x00, 0x04, 0x34, 0x66, 0xF4, 0x9C,
    0xC1, 0x41, 0x7C, 0x29, 0xA7, 0xC8, 0x6A, 0xB2, 0x7B, 0xEF, 0x85, 0xF8, 0xE0, 0x88, 0x50, 0x00,
    0x00, 0x01, 0x79, 0x32, 0x00, 0xB6, 0xBA, 0x5C, 0xCE, 0x12, 0xE0, 0x09, 0xC7, 0x66, 0x1C, 0x4D,
    0xEB, 0x00, 0x81, 0x70, 0x9B, 0x67, 0xE2, 0x61, 0x60, 0x51, 0xCF, 0xC9, 0x77, 0x02, 0x39, 0x7D,
    0x52, 0x33, 0x3F, 0xF5, 0xDA, 0x89, 0xD6, 0x17, 0x94, 0x21, 0xF4, 0x2C, 0x47, 0xC9, 0x72, 0xD4,
    0xD5, 0x0A, 0x80, 0x87, 0x45, 0x00, 0xD5, 0x2F, 0x8B, 0x73, 0xF1, 0x25, 0xEF, 0x9C, 0xA1, 0x9E,
    0x74, 0xFE, 0xBC, 0x5C, 0x46, 0x64, 0x55, 0x78, 0x80, 0x00, 0x00, 0x04, 0xB4, 0xE1, 0x75, 0x2E,
    0xD0, 0xFF, 0x16, 0xCD, 0x57, 0xA7, 0x73, 0x81, 0x7E, 0xB2, 0x66, 0x64, 0x5C, 0x00, 0x00, 0x98,
    0x2B, 0xD9, 0xE5, 0xF8, 0xEB, 0x85, 0xCD, 0x24, 0xAE, 0x75, 0xA1, 0x28, 0x46, 0x4D, 0x7D, 0xBD,
    0x88, 0x39, 0x1A, 0x3F, 0x79, 0x5A, 0xBD, 0x83, 0x5C, 0xEC, 0x13, 0x45, 0x22, 0xF8, 0x1E, 0x00,
    0x22, 0xF4, 0x5E, 0xB0, 0xA3, 0x31, 0xFF, 0x0C, 0x2D, 0x5B, 0xD9, 0xEC, 0x57, 0x72, 0x81, 0xD7,
    0x92, 0x92, 0xEE, 0x72, 0x75, 0xB1, 0xA3, 0xCB, 0x82, 0x9D, 0xF6, 0xAE, 0x9D, 0xBA, 0xD9, 0xCC,
    0x58, 0xA5, 0xEA, 0x61, 0x15, 0x8D, 0xD6, 0x79, 0x97, 0x9F, 0x95, 0x20, 0x6C, 0xFC, 0x87, 0x5A,
    0x00, 0x60, 0x7A, 0x75, 0x33, 0x83, 0x19, 0x0B, 0x61, 0xE0, 0xE0, 0x5B, 0x20, 0x56, 0x40, 0x76,
    0x63, 0xC2, 0x88, 0x50, 0x00, 0x00, 0xF6, 0x9B, 0xC6, 0x9E, 0x7F, 0xDD, 0x17, 0xFB, 0x0A, 0x6C,
    0xD6, 0x16, 0x65, 0x8A, 0x62, 0x34, 0x4D, 0x2D, 0xEF, 0x40, 0xAD, 0x00, 0x00, 0x95, 0x38, 0x2A,
    0x21, 0xF7, 0x34, 0x95, 0x0A, 0x7A, 0x54, 0xA3, 0xD8, 0xFF, 0x8F, 0xB1, 0x6E, 0xCD, 0x87, 0x78,
    0xA5, 0xD5, 0x93, 0xFC, 0x6E, 0x6A, 0x40, 0x00, 0x00, 0x00, 0x06, 0xFF, 0xCF, 0x39, 0x8C, 0x1C,
    0x7F, 0x8B, 0x69, 0xFC, 0xAC, 0xE0, 0x7A, 0xB0, 0x3D, 0x4C, 0xEC, 0xAB, 0x2D, 0x16, 0xD0, 0x9D,
    0x32, 0x97, 0x06, 0xFA, 0xC0, 0xFD, 0x69, 0xAC, 0x33, 0x35, 0x83, 0xE7, 0x00, 0x00, 0x00, 0x0B,
    0x69, 0x33, 0x49, 0xFB, 0x48, 0xE5, 0x6F, 0x42, 0xC6, 0xC4, 0x30, 0x6D, 0x1E, 0xF1, 0x81, 0xC4,
    0xDE, 0x1E, 0xCE, 0x16, 0x81, 0xE2, 0x0B, 0xA1, 0xFD, 0xDF, 0xDB, 0x92, 0x28, 0x3D, 0xBB, 0x7C,
    0x7F, 0xB7, 0x27, 0x85, 0x67, 0xDA, 0x70, 0x00, 0x00, 0x37, 0xDD, 0xA1, 0x2D, 0x2F, 0xAB, 0xE5,
    0x57, 0x26, 0x92, 0x15, 0x86, 0xDB, 0x90, 0x4E, 0x3F, 0x54, 0x19, 0xE3, 0xCC, 0x37, 0xBD, 0x56,
    0x95, 0xE4, 0xF1, 0x1C, 0xF0, 0x00, 0x00, 0x93, 0xE4, 0x0A, 0xB6, 0xCB, 0x08, 0x46, 0x4A, 0xB3,
    0x4D, 0x9B, 0x5E, 0x26, 0x2F, 0xC5, 0xE7, 0x6B, 0x2D, 0x6F, 0x26, 0x32, 0xD0, 0x5E, 0xD0, 0x78,
    0xAA, 0x52, 0x26, 0xDB, 0x46, 0xD0, 0x93, 0xB3, 0x9B, 0xAC, 0xF6, 0x00, 0x00, 0x7D, 0x07, 0x64,
    0x6B, 0xE0, 0xF1, 0xC3, 0x0F, 0xC7, 0xD5, 0xBC, 0xBD, 0x91, 0x64, 0x56, 0x42, 0x11, 0x7E, 0xBF,
    0x17, 0x9F, 0x6B, 0x33, 0x81, 0x80, 0x00, 0x71, 0x87, 0x98, 0xA6, 0x6A, 0x4A, 0x80, 0x35, 0x2A,
    0x09, 0xDE, 0xBE, 0xBA, 0x24, 0x78, 0x5F, 0x56, 0x44, 0x09, 0x48, 0x9D, 0xC4, 0xED, 0x1A, 0x4B,
    0x44, 0x9F, 0x31, 0x00, 0x9D, 0x77, 0xB5, 0x78, 0x39, 0xA1, 0x85, 0x9B, 0x09, 0x08, 0xFB, 0xC3,
    0x2C, 0xB2, 0xE4, 0x92, 0xA6, 0x1A, 0x0C, 0xE5, 0xD2, 0x14, 0x5E, 0xAE, 0x6B, 0x27, 0x1C, 0x18,
    0x4F, 0xD0, 0xC8, 0x64, 0x38, 0x70, 0x64, 0x37, 0xE0, 0x81, 0x02, 0x19, 0x63, 0xDC, 0xC0, 0x00,
    0x18, 0x19, 0x83, 0xAF, 0x63, 0x24, 0x72, 0xDF, 0x89, 0x0E, 0x6D, 0xEF, 0x4F, 0xDC, 0x06, 0xCB,
    0x16, 0x4F, 0x64, 0x51, 0x0A, 0xCC, 0x92, 0x99, 0x89, 0x45, 0xA6, 0x04, 0xC0, 0x80, 0x46, 0x02,
    0x10, 0x8B, 0x1C, 0x0B, 0x27, 0x82, 0x6E, 0xF4, 0xCA, 0x57, 0x5C, 0x05, 0x80, 0x80, 0x46, 0x02,
    0x77, 0xF0, 0x3E, 0x20, 0x87, 0x94, 0x8E, 0xA7, 0x4C, 0x55, 0x95, 0x00, 0x09, 0x80, 0x0C, 0x01,
    0x06, 0x56, 0x7C, 0x69, 0xF4, 0x6D, 0x42, 0xD0, 0x73, 0x64, 0x39, 0x9F, 0x8E, 0x8E, 0x68, 0x3E,
    0x67, 0x3D, 0xCF, 0x3F, 0x58, 0xBC, 0x47, 0x83, 0xEA, 0xD8, 0x79, 0xA5, 0x59, 0x85, 0xF6, 0x41,
    0xF5, 0xB9, 0x58, 0x22, 0xA6, 0x49, 0x80, 0x87, 0x16, 0x01, 0x66, 0x30, 0x8B, 0x92, 0x38, 0x42,
    0x9C, 0xAB, 0x1A, 0x93, 0xCE, 0x68, 0x08, 0x9E, 0xB2, 0x9F, 0x1E, 0x85, 0xA2, 0x3F, 0xBE, 0x87,
    0x52, 0x02, 0x85, 0x39, 0xEA, 0xC3, 0x74, 0xD0, 0x15, 0x0E, 0xBB, 0x32, 0x10, 0x87, 0x55, 0x00,
    0xB6, 0xF3, 0x63, 0x0D, 0x81, 0xEA, 0x39, 0x7A, 0x69, 0x11, 0xFE, 0x71, 0x87, 0xF0, 0x00, 0x58,
    0xD6, 0xAE, 0xE5, 0xBC, 0x87, 0xAE, 0x00, 0x0E, 0x0B, 0x30, 0x86, 0x7E, 0x45, 0x32, 0x54, 0xEB,
    0x01, 0x9F, 0x02, 0xC0, 0x87, 0x4C, 0x00, 0x64, 0xAC, 0x60, 0xB8, 0x20, 0x00, 0x0E, 0xD1, 0x5B,
    0x9C, 0x36, 0x52, 0xD7, 0xA9, 0x8D, 0xB1, 0x23, 0x9B, 0x9B, 0xDC, 0x86, 0xEB, 0x3C, 0x1C, 0x00,
    0xBE, 0xBE, 0x49, 0x43, 0x65, 0x82, 0x87, 0x54, 0x25, 0x87, 0xEF, 0xFE, 0xF8, 0xA5, 0x60, 0x00,
    0x00, 0x89, 0x64, 0xFD, 0x91, 0xE0, 0x7C, 0x70, 0x59, 0xCE, 0x30, 0x9E, 0xC0, 0x77, 0xDF, 0xB1,
    0x3E, 0xAD, 0xFA, 0x13, 0x4B, 0x18, 0x15, 0xA1, 0x6A, 0x59, 0x1F, 0x25, 0x17, 0x4F, 0xFA, 0xEC,
    0xAD, 0xD6, 0x5B, 0x53, 0x9F, 0xF0, 0x6C, 0x02, 0x87, 0xE8, 0x00, 0x6F, 0xAF, 0xFB, 0x61, 0x9A,
    0xEA, 0x03, 0xA1, 0x84, 0xB8, 0xA8, 0x15, 0x83, 0xF9, 0x38, 0x14, 0x25, 0x94, 0x20, 0x80, 0x4B,
    0x02, 0x5A, 0xB4, 0x59, 0xE5, 0xE9, 0xF6, 0x7D, 0xF6, 0x1D, 0x64, 0x1A, 0xFB, 0x91, 0x74, 0xC2,
    0x63, 0x07, 0x37, 0x51, 0x70, 0xA9, 0xF1, 0x7B, 0xEC, 0x86, 0x94, 0x58, 0x3D, 0xF5, 0x81, 0x83,
    0x67, 0x70, 0xAC, 0x87, 0x4A, 0x02, 0x18, 0xDC, 0x55, 0x86, 0xEF, 0xA2, 0x13, 0x0B, 0xFB, 0x7C,
    0x20, 0x2D, 0x79, 0x17, 0x58, 0x28, 0xBE, 0x80, 0x80, 0x58, 0x00, 0x32, 0x41, 0x48, 0x79, 0x8F,
    0x30, 0x25, 0x24, 0xF6, 0xE4, 0xFA, 0x5A, 0x82, 0x46, 0xEC, 0x88, 0xE0, 0x37, 0x3F, 0xA9, 0xE3,
    0x09, 0x84, 0xC3, 0xCB, 0x72, 0x7F, 0x72, 0x52, 0x3B, 0x1D, 0xF8, 0x3C, 0x15, 0x05, 0xCE, 0x8F,
    0x41, 0x8C, 0x62, 0x28, 0x88, 0x50, 0x00, 0x00, 0xF6, 0x9B, 0xC6, 0x9E, 0x7F, 0xDD, 0x16, 0xE4,
    0x47, 0x94, 0x44, 0xD5, 0x8D, 0x31, 0xCA, 0x92, 0xDC, 0xC8, 0xD2, 0xBD, 0x5F, 0x88, 0x00, 0xAF,
    0x79, 0x29, 0x5B, 0x65, 0xBD, 0xDC, 0x69, 0xDB, 0x06, 0x07, 0xF8, 0x74, 0x49, 0x20, 0x24, 0x46,
    0xF3, 0xF3, 0xC4, 0x51, 0xC7, 0xCB, 0xA4, 0x0D, 0x9C, 0xD1, 0xAE, 0xA5, 0xD6, 0x11, 0xC2, 0x2F,
    0x80, 0x2D, 0xAF, 0x4C, 0xC1, 0x7B, 0xF2, 0x6F, 0x4A, 0x52, 0xAF, 0xD9, 0x44, 0x12, 0xAE, 0xEC,
    0x67, 0xF8, 0x5C, 0x89, 0x1E, 0x00, 0xA1, 0xE1, 0x60, 0x2F, 0x5F, 0xB2, 0x8E, 0x73, 0x59, 0xF0,
    0xBC, 0x66, 0xC7, 0x71, 0x0C, 0x68, 0xD3, 0x9E, 0xCB, 0x48, 0xFC, 0x40, 0xF8, 0xD8, 0x4E, 0x04,
    0x66, 0x65, 0xEF, 0xA7, 0xFB, 0xEA, 0x25, 0x17, 0x01, 0x73, 0xE5, 0x75, 0xFC, 0x08, 0xA8, 0xC4,
    0xB0, 0x00, 0x0F, 0x08, 0x25, 0x1B, 0xC3, 0xBE, 0x09, 0x09, 0xA4, 0xB6, 0x80, 0x3B, 0x33, 0x1E,
    0xCD, 0x1E, 0x08, 0xFF, 0x93, 0xD2, 0xB5, 0x45, 0xD0, 0x31, 0xD4, 0x8D, 0x48, 0x46, 0xDA, 0xB4,
    0x30, 0xF6, 0x14, 0x7D, 0x5E, 0x96, 0x1B, 0x04, 0xC0, 0x00, 0x06, 0x3F, 0x21, 0xB7, 0x0B, 0x4E,
    0xB2, 0x31, 0xFB, 0xD9, 0xA6, 0xB1, 0x9E, 0x58, 0x35, 0x0A, 0x0D, 0x96, 0x74, 0xBA, 0x34, 0x88,
    0x13, 0x66, 0xA7, 0xDA, 0xCF, 0x71, 0x1A, 0xA6, 0xF8, 0xA5, 0x57, 0x7C, 0x00, 0xB1, 0x7D, 0xF3,
    0xFD, 0xCD, 0x65, 0xA9, 0x63, 0x39, 0xFB, 0x8F, 0x0E, 0x97, 0xAE, 0xDB, 0x5B, 0x3E, 0x08, 0xF6,
    0x2C, 0x3D, 0x37, 0x65, 0x65, 0xFA, 0x46, 0xBB, 0x26, 0xE2, 0x1B, 0x22, 0x34, 0x13, 0xD5, 0xBB,
    0x9E, 0x16, 0x72, 0x14, 0xE3, 0x07, 0x75, 0x15, 0xDD, 0x36, 0x98, 0xDA, 0xB1, 0x6E, 0x97, 0xB8,
    0x8A, 0x00, 0x90, 0x8D, 0x1C, 0x5D, 0xA0, 0x0A, 0x9E, 0x6C, 0x36, 0x16, 0xDB, 0xDE, 0x53, 0xC7,
    0x56, 0xEF, 0x8F, 0xAD, 0xBD, 0x95, 0x19, 0xAF, 0xB3, 0x3D, 0x03, 0xD6, 0x10, 0x6B, 0xD2, 0x2F,
    0xD8, 0xA2, 0x20, 0xCA, 0xBB, 0xC7, 0x89, 0x9C, 0x7F, 0xAA, 0xE6, 0x8F, 0x34, 0xCD, 0x80, 0x00,
    0x4D, 0xD2, 0x41, 0x4E, 0x2F, 0x81, 0xA1, 0x2D, 0x0C, 0x8A, 0x24, 0x0F, 0xB8, 0xB3, 0x03, 0x2C,
    0x79, 0xD4, 0x6E, 0xA3, 0x6E, 0xC2, 0x4A, 0x35, 0x5E, 0xEE, 0x30, 0xE0, 0x2D, 0xA8, 0x54, 0xB7,
    0x20, 0xE8, 0xD4, 0xDF, 0x67, 0xC4, 0x64, 0xCF, 0x6E, 0x00, 0x35, 0xD8, 0x6D, 0x08, 0x65, 0xC9,
    0x69, 0x6E, 0x77, 0x68, 0x84, 0xB0, 0x2F, 0x00, 0x18, 0x88, 0x8A, 0x70, 0xFB, 0xEE, 0x44, 0x5E,
    0xE4, 0xA3, 0xEC, 0xF9, 0xBE, 0x3A, 0xC8, 0x6D, 0xEC, 0x61, 0x05, 0x98, 0x80, 0x00, 0x05, 0xAA,
    0x93, 0x0E, 0xD3, 0xF0, 0x82, 0x26, 0x2F, 0x80, 0x77, 0xD6, 0x9A, 0x3C, 0x5B, 0xE5, 0x7C, 0x3C,
    0x71, 0x6C, 0xED, 0xFE, 0x2E, 0xBB, 0xA6, 0x38, 0x82, 0x29, 0x62, 0x4A, 0xA8, 0x36, 0xFC, 0x69,
    0x72, 0x38, 0x74, 0xD0, 0x1B, 0xC0, 0x34, 0xA0, 0xA2, 0xAE, 0x34, 0xB2, 0xEF, 0x65, 0xA8, 0xA5,
    0x8D, 0x7E, 0xD9, 0xF8, 0xBD, 0xFE, 0x4A, 0x31, 0x12, 0x57, 0x73, 0xB4, 0x00, 0x00, 0x94, 0x85,
    0xF6, 0x13, 0x78, 0x2B, 0xE9, 0x4D, 0x46, 0x5C, 0xA5, 0x98, 0x88, 0x74, 0x04, 0xBB, 0x4A, 0x5D,
    0xE4, 0xD2, 0x76, 0x4F, 0xC2, 0x48, 0xB9, 0x09, 0xC7, 0x7D, 0xD1, 0xD3, 0x02, 0x6C, 0x9A, 0xD8,
    0xF9, 0x7C, 0xD2, 0x1C, 0xB7, 0x28, 0x82, 0xA1, 0x08, 0x7C, 0x6C, 0x80, 0x00, 0x18, 0x1A, 0xF9,
    0xEE, 0xDF, 0x8F, 0xE9, 0x53, 0x9B, 0xE4, 0xE8, 0x5E, 0x65, 0x70, 0x21, 0xDA, 0x74, 0xDA, 0xE6,
    0x44, 0x7B, 0x04, 0xB8, 0x0D, 0x38, 0xA7, 0x50, 0x29, 0xF8, 0xAE, 0xDF, 0x8C, 0xFC, 0xC4, 0x37,
    0x74, 0xEC, 0x79, 0x2C, 0xCB, 0x08, 0x60, 0xA3, 0xEC, 0x49, 0x95, 0x90, 0x28, 0xB5, 0x67, 0x37,
    0xAC, 0x00, 0x13, 0x7B, 0xA7, 0x08, 0xC9, 0x85, 0x9E, 0xD7, 0x3A, 0xE7, 0x0B, 0xE6, 0xA6, 0xAD,
    0x60, 0x5F, 0xE5, 0x35, 0xC4, 0xE7, 0x86, 0x65, 0x1E, 0x45, 0x58, 0xD1, 0x71, 0xA5, 0x37, 0xE0,
    0x45, 0xB3, 0xCE, 0x5E, 0xC1, 0xAE, 0x9D, 0x6B, 0xFC, 0xFA, 0x90, 0x79, 0xA0, 0x00, 0x05, 0xB2,
    0x75, 0x8A, 0x9F, 0x7F, 0xC8, 0xAF, 0x03, 0x0F, 0xD1, 0x1A, 0x28, 0xDF, 0xDC, 0xC4, 0x54, 0x03,
    0x5A, 0xB8, 0x2C, 0x98, 0x8D, 0x7D, 0xA2, 0x5B, 0x8E, 0xFA, 0x95, 0x22, 0x67, 0x4A, 0x26, 0x1A,
    0x54, 0x09, 0xB3, 0x7F, 0xD1, 0x04, 0x1B, 0xD4, 0x52, 0x4A, 0x60, 0x9B, 0x72, 0xA8, 0x06, 0x55,
    0x07, 0x7D, 0xD5, 0x0F, 0x42, 0x69, 0x06, 0x41, 0xA7, 0xDB, 0x33, 0x96, 0xCA, 0xFF, 0x4E, 0x49,
    0xAB, 0x81, 0x69, 0x3F, 0x82, 0x04, 0x88, 0x00, 0x00, 0xAB, 0x8F, 0x6B, 0x17, 0x80, 0xC4, 0xEC,
    0xD8, 0xA4, 0xD6, 0x16, 0x51, 0x58, 0xE8, 0x06, 0x61, 0x72, 0x4F, 0x34, 0x60, 0xE2, 0x7A, 0x9C,
    0xB7, 0xA3, 0x35, 0x78, 0x32, 0xA3, 0x47, 0x24, 0xB8, 0x80, 0x3D, 0x0A, 0x17, 0xBF, 0xEE, 0x92,
    0xC6, 0xBF, 0xDF, 0x32, 0x52, 0x2C, 0xC1, 0x7A, 0x70, 0xDC, 0x27, 0xB6, 0x8D, 0x2D, 0x93, 0x6A,
    0x00, 0x17, 0xE7, 0x16, 0x5D, 0x29, 0x4B, 0x3E, 0x92, 0x03, 0x13, 0x4D, 0x08, 0xE3, 0xCB, 0x65,
    0xEC, 0xC1, 0x99, 0xB3, 0xD3, 0x98, 0x64, 0xAA, 0xB7, 0xE0, 0x11, 0x93, 0xB1, 0xBA, 0x40, 0xDF,
    0x9F, 0x21, 0x21, 0xA3, 0xD3, 0x44, 0x7F, 0x0D, 0x24, 0xE9, 0x7D, 0x98, 0x21, 0x00, 0x8A, 0x7D,
    0xB6, 0xA6, 0xFC, 0x89, 0x6E, 0xE8, 0x7A, 0x80, 0x86, 0xAC, 0x3B, 0xBF, 0x00, 0x80, 0x00, 0x72,
    0xE6, 0x76, 0xE7, 0x3A, 0x20, 0x80, 0xC4, 0xF0, 0x0B, 0x41, 0x4E, 0x0B, 0xDF, 0x62, 0xEE, 0x15,
    0x05, 0xCF, 0x78, 0x7F, 0xD8, 0xBF, 0x57, 0x7A, 0x31, 0x75, 0xE5, 0xA0, 0xB3, 0xDF, 0x02, 0xB2,
    0x18, 0x10, 0xEA, 0xDA, 0x48, 0x17, 0xED, 0x2B, 0x85, 0x56, 0xBF, 0xBF, 0x64, 0x93, 0x3A, 0x1B,
    0x46, 0x83, 0x4B, 0x60, 0x00, 0x01, 0x48, 0xF6, 0x78, 0xCD, 0xD7, 0x42, 0x01, 0x88, 0x0C, 0xEE,
    0x60, 0xAA, 0x28, 0xD2, 0x7F, 0xC1, 0x1A, 0x8E, 0xE2, 0x4A, 0xBE, 0x2D, 0x4C, 0x15, 0x7D, 0x7A,
    0xBB, 0xD1, 0xB3, 0x9D, 0x18, 0x3C, 0x5E, 0x16, 0x0E, 0x49, 0xCD, 0x1E, 0x96, 0x33, 0x51, 0xCF,
    0x1E, 0xA0, 0xA2, 0x17, 0x80, 0x00, 0x60, 0x75, 0xF8, 0x6F, 0x62, 0x24, 0x09, 0xA7, 0x5C, 0x3A,
    0x15, 0xAE, 0x44, 0x3A, 0xFE, 0xEE, 0xEC, 0xB7, 0x84, 0xAF, 0x64, 0xD3, 0x24, 0xFA, 0x30, 0x4B,
    0x22, 0xC8, 0x58, 0xDF, 0x8F, 0x38, 0x41, 0x5C, 0x3E, 0x40, 0x87, 0x31, 0x00, 0xA0, 0x06, 0x47,
    0x31, 0x4A, 0x70, 0xD4, 0xD7, 0xAF, 0xEE, 0x2B, 0x1D, 0x1A, 0xE9, 0x20, 0xE3, 0x31, 0x9A, 0x65,
    0x6E, 0x00, 0x41, 0x0E, 0x66, 0x08, 0xF3, 0x75, 0x9E, 0x26, 0xA5, 0x7A, 0xCC, 0xCA, 0xE2, 0x09,
    0x84, 0x47, 0xB0, 0x3A, 0xB0, 0xCA, 0x7D, 0x67, 0xB0, 0x16, 0x42, 0x2D, 0xED, 0x6F, 0x62, 0x43,
    0x4E, 0xC9, 0x80, 0x00, 0x00, 0x87, 0x89, 0x03, 0xF0, 0xB8, 0x76, 0x64, 0x0E, 0xF9, 0x41, 0x63,
    0x85, 0xC3, 0xB8, 0xC0, 0x49, 0x83, 0xCF, 0xA5, 0xAF, 0x5A, 0x8E, 0x15, 0xCD, 0x67, 0xAA, 0x3C,
    0x7B, 0xAC, 0xC2, 0x41, 0x9C, 0xE3, 0x10, 0x00, 0x87, 0x7A, 0xBF, 0x96, 0xDA, 0x09, 0x41, 0x38,
    0xFF, 0x1F, 0x28, 0xCE, 0x36, 0xE9, 0x49, 0x48, 0xB4, 0xEA, 0x5B, 0x6E, 0xB5, 0x2F, 0x57, 0x08,
    0x7C, 0xF4, 0x80, 0x85, 0x02, 0x15, 0x29, 0x34, 0x97, 0xC9, 0xD5, 0x41, 0xBA, 0x88, 0x61, 0x81,
    0xA0, 0xFB, 0xE5, 0xA9, 0x16, 0x30, 0xBA, 0x0F, 0xA6, 0xD5, 0x8E, 0x43, 0xFE, 0xE0, 0xB1, 0x2D,
    0x36, 0xB0, 0x94, 0xF1, 0xC7, 0xAC, 0x03, 0xF0, 0xA0, 0xBF, 0xA7, 0xAA, 0xC6, 0x62, 0xC1, 0xEA,
    0xC9, 0x5F, 0xEE, 0x80, 0x86, 0x02, 0x0B, 0xE1, 0xD4, 0x0E, 0xD5, 0x83, 0x0E, 0xC7, 0x7A, 0xB6,
    0x26, 0x48, 0x5A, 0xEF, 0x4A, 0x60, 0x82, 0xA0, 0xF5, 0x34, 0x00, 0xCD, 0x93, 0x7C, 0x88, 0x01,
    0xEC, 0x05, 0x2D, 0x98, 0xDC, 0x08, 0xA8, 0x4D, 0xF6, 0x27, 0xCB, 0xC9, 0x5A, 0x62, 0x6A, 0xF7,
    0x9D, 0x2D, 0xFE, 0x2D, 0xE5, 0x60, 0x8C, 0x0B, 0x83, 0x66, 0xC4, 0x32, 0xE0, 0x92, 0x1D, 0x14,
    0x21, 0x8F, 0xC6, 0xF5, 0x8F, 0x34, 0x7C, 0x75, 0x23, 0x00, 0x0C, 0xE8, 0xFF, 0x03, 0x7F, 0x78,
    0x57, 0xED, 0x9F, 0x9F, 0xDC, 0xB4, 0x99, 0x6F, 0xA5, 0xC6, 0xA6, 0xEF, 0x5A, 0x3E, 0xA6, 0x5C,
    0x3D, 0x25, 0x80, 0x00, 0x29, 0x2E, 0xA0, 0x64, 0xC8, 0x51, 0x3C, 0x03, 0xA3, 0xC4, 0xB1, 0x68,
    0xF8, 0xCE, 0x81, 0x21, 0xA1, 0x9C, 0x8A, 0x7A, 0xF5, 0x9E, 0x91, 0xB5, 0x07, 0x43, 0x45, 0xB6,
    0x15, 0xDE, 0x2D, 0xC6, 0x85, 0xA1, 0x69, 0xBB, 0xB6, 0xA7, 0x73, 0x21, 0x32, 0x24, 0x8F, 0x7E,
    0x23, 0x74, 0xBE, 0xF2, 0xEB, 0xD3, 0x3E, 0x87, 0xC2, 0xD1, 0x85, 0xEF, 0xF1, 0xD6, 0xC6, 0x2E,
    0xA0, 0x00, 0x4E, 0xE1, 0xD2, 0xE1, 0x08, 0x38, 0x47, 0x47, 0x0F, 0x6D, 0x25, 0x56, 0x4B, 0x23,
    0x7D, 0xC6, 0xF6, 0xA3, 0x92, 0x3D, 0x42, 0xB2, 0x0A, 0x8B, 0x5A, 0x2C, 0x5C, 0x2A, 0xDB, 0x68,
    0x86, 0xF9, 0x39, 0x44, 0xAC, 0xE0, 0xD2, 0x66, 0x90, 0x9B, 0x77, 0xC8, 0x80, 0x00, 0x3F, 0x60,
    0x59, 0xD0, 0x72, 0xBD, 0x57, 0x39, 0xC7, 0xAB, 0xB2, 0xF3, 0x4E, 0x38, 0x0B, 0xD5, 0xDE, 0x90,
    0x15, 0xA3, 0x88, 0x41, 0x35, 0x40, 0x37, 0xA6, 0x05, 0x34, 0x41, 0xD2, 0x24, 0xC2, 0x00, 0xCC,
    0x86, 0xDB, 0x24, 0x72, 0x05, 0xA8, 0x25, 0x3F, 0x6E, 0x97, 0x67, 0x0E, 0xDB, 0x5D, 0x49, 0xDD,
    0xA2, 0xC0, 0x06, 0x07, 0x94, 0xD2, 0x0E, 0x6D, 0xA8, 0xE3, 0x4D, 0x00, 0x85, 0x44, 0x7D, 0xCF,
    0x4C, 0xC1, 0x25, 0x44, 0x7C, 0x9B, 0x7B, 0x22, 0x4D, 0x71, 0x13, 0xDF, 0xA6, 0x5D, 0x9F, 0x64,
    0x06, 0x43, 0x2F, 0x75, 0xBD, 0x30, 0x45, 0x13, 0x5F, 0x03, 0x2A, 0x40, 0x7C, 0x80, 0x8A, 0xE3,
    0x5A, 0x38, 0xBA, 0x13, 0x70, 0x6C, 0x3C, 0x35, 0xA9, 0xF9, 0x38, 0xC0, 0x00, 0x55, 0x70, 0x42,
    0xDC, 0x61, 0x3F, 0xD5, 0x62, 0xAD, 0xF5, 0x8E, 0xAA, 0x4B, 0x1E, 0x4B, 0xE3, 0xC7, 0x7B, 0x72,
    0xB3, 0x9B, 0xBF, 0x1E, 0x4C, 0x3E, 0xD0, 0xFB, 0x15, 0xDB, 0x17, 0xDE, 0x82, 0x4F, 0xE6, 0x16,
    0x86, 0x9F, 0xD5, 0x18, 0x45, 0x55, 0x18, 0xAE, 0xE5, 0x43, 0xF8, 0x45, 0xD8, 0x6B, 0x05, 0x6D,
    0xFB, 0xB6, 0x46, 0x2A, 0x17, 0x28, 0x82, 0x12, 0xD3, 0xC1, 0xCB, 0xBB, 0x98, 0x0F, 0x02, 0xC3,
    0xD4, 0x82, 0x71, 0x02, 0xC0, 0x45, 0x42, 0x4D, 0xD8, 0xD9, 0xED, 0xE8, 0xA3, 0x1E, 0xC4, 0xB9,
    0xE2, 0x62, 0x3F, 0x29, 0x3C, 0xD0, 0xA4, 0x8D, 0xD8, 0xF1, 0xB3, 0x20, 0x82, 0x72, 0x02, 0x25,
    0xE2, 0xC3, 0x96, 0xAF, 0x0D, 0x74, 0x49, 0x5F, 0xFD, 0x1C, 0x5D, 0xBD, 0x4D, 0x1D, 0xC4, 0xED,
    0x99, 0xE9, 0x87, 0x88, 0x00, 0x98, 0xE8, 0x59, 0xB4, 0xEC, 0x5B, 0x62, 0x71, 0x29, 0xF0, 0xF0,
    0x3F, 0x9C, 0x3F, 0x7A, 0x3C, 0x71, 0x60, 0x87, 0x45, 0x00, 0x65, 0xD4, 0xDE, 0x1D, 0x97, 0x26,
    0xBC, 0xDB, 0x46, 0xDE, 0x37, 0xBB, 0xB0, 0x00, 0x6B, 0xCE, 0xBF, 0x6D, 0x7A, 0x42, 0x20, 0x1D,
    0x94, 0x86, 0x6A, 0xBE, 0x77, 0xC6, 0x6A, 0x63, 0xD1, 0xB1, 0x3D, 0xCD, 0xE2, 0x2A, 0xD4, 0xFD,
    0x3F, 0x79, 0x87, 0xCD, 0xA6, 0xFE, 0x84, 0xF2, 0x95, 0xC2, 0x6F, 0x60, 0x00, 0x95, 0xD2, 0xA8,
    0xE1, 0xD2, 0xE9, 0x8E, 0x40, 0x00, 0x46, 0xBB, 0x0F, 0x43, 0x48, 0xB8, 0xA4, 0x01, 0xD2, 0xA0,
    0x73, 0x40, 0x3D, 0xFE, 0xF8, 0xB4, 0x3E, 0x06, 0x40, 0x7C, 0xBF, 0x2F, 0x1E, 0xBC, 0x90, 0x00,
    0x0B, 0x8B, 0xF8, 0x33, 0xC6, 0x84, 0x77, 0x86, 0x02, 0x4C, 0xC0, 0x00, 0x7B, 0xEA, 0xC3, 0xC4,
    0x57, 0x34, 0x30, 0x8D, 0x77, 0x10, 0x7E, 0xA6, 0xE0, 0xFF, 0xCD, 0x38, 0xEB, 0xF9, 0x4D, 0xBB,
    0xBA, 0xFB, 0x83, 0x30, 0x82, 0xC8, 0x72, 0x25, 0x95, 0x4D, 0xBB, 0xD6, 0x32, 0xB5, 0x1C, 0xC2,
    0xB0, 0x24, 0x7A, 0x26, 0xF0, 0xC3, 0xFB, 0xD1, 0x70, 0x85, 0xF8, 0x23, 0xCE, 0xE9, 0x33, 0x99,
    0xEA, 0x78, 0x8E, 0x7E, 0xDB, 0x88, 0xC7, 0x12, 0xE2, 0x19, 0xBB, 0x90, 0x79, 0x31, 0x66, 0x1C,
    0x00, 0x87, 0xC0, 0xB5, 0x7A, 0x6E, 0x1B, 0xDB, 0xC2, 0x04, 0x71, 0xEE, 0x3A, 0xE5, 0xB8, 0x52,
    0xBA, 0x7E, 0xEB, 0xD6, 0xEA, 0xD8, 0x5C, 0xCD, 0x17, 0xAA, 0xFE, 0x30, 0x1E, 0x23, 0x6A, 0x38,
    0xFD, 0x3C, 0x95, 0x07, 0xDE, 0x33, 0x3F, 0x49, 0x8C, 0x71, 0xC8, 0x93, 0x27, 0x51, 0x47, 0x69,
    0xD0, 0x68, 0x60, 0x56, 0x08, 0x48, 0x96, 0x50, 0x1A, 0x0C, 0x00, 0x27, 0xBA, 0x59, 0x16, 0x0D,
    0xFC, 0x6D, 0x8F, 0xE1, 0x95, 0x15, 0xA3, 0xBD, 0xCF, 0x23, 0x39, 0x2F, 0x70, 0x2B, 0x11, 0x23,
    0x47, 0xF7, 0x82, 0x51, 0x1F, 0x76, 0xF0, 0x3F, 0x6C, 0xC9, 0xB3, 0xC8, 0xC8, 0x71, 0x00, 0x65,
    0xD5, 0x23, 0xC0, 0x68, 0x7A, 0x4D, 0x2D, 0x41, 0xB0, 0xBD, 0x7D, 0x3C, 0x38, 0xED, 0x6C, 0xD3,
    0x87, 0x4A, 0x02, 0x78, 0x0E, 0xE1, 0x35, 0x84, 0x6E, 0x82, 0xB7, 0x61, 0x27, 0x22, 0x17, 0x99,
    0xB3, 0x20, 0xD9, 0xB2, 0xC5, 0x52, 0x85, 0x27, 0x00, 0x15, 0x45, 0x67, 0x73, 0x51, 0xA6, 0xE1,
    0x41, 0x89, 0x23, 0xA2, 0xD2, 0x99, 0xE4, 0x9A, 0xC4, 0x09, 0xA1, 0xBC, 0xEF, 0x6C, 0x41, 0x25,
    0x49, 0x30, 0x6C, 0x82, 0x40, 0x8B, 0x74, 0x02, 0x90, 0xAB, 0x2A, 0x7B, 0x7B, 0xE4, 0x46, 0xB7,
    0x8A, 0xC0, 0x87, 0x2E, 0x00, 0x3A, 0x8D, 0x24, 0x09, 0x95, 0xE1, 0xBD, 0x9E, 0x23, 0xB4, 0xC4,
    0xC1, 0x50, 0x26, 0x55, 0x91, 0x3B, 0xF2, 0x09, 0x51, 0x1B, 0xAC, 0x43, 0x53, 0xBE, 0x01, 0x7E,
    0x20, 0x4B, 0x87, 0x52, 0x00, 0xAC, 0x04, 0x05, 0x3F, 0x83, 0x0C, 0xAA, 0x27, 0x2B, 0x93, 0x8A,
    0x32, 0x51, 0xCE, 0x23, 0xE1, 0xD6, 0x00, 0x72, 0xDB, 0xBE, 0x8D, 0xB8, 0xD4, 0xA3, 0xF1, 0x09,
    0xAA, 0x8D, 0x5E, 0x41, 0xBC, 0x19, 0x4D, 0x17, 0xFE, 0x51, 0x30, 0x00, 0x66, 0x34, 0xAB, 0xC0,
    0x04, 0x20, 0x24, 0xA1, 0x4C, 0x96, 0xD5, 0x66, 0x3F, 0xAB, 0x6A, 0x41, 0x49, 0x80, 0x87, 0x28,
    0x00, 0x59, 0xE8, 0x4D, 0x17, 0xE3, 0xE9, 0x00, 0x71, 0x27, 0xEF, 0x08, 0x37, 0x5D, 0xA2, 0x5E,
    0xFB, 0x5A, 0x0B, 0xDC, 0xB1, 0xE0, 0x87, 0x44, 0x02, 0x5A, 0xC5, 0x95, 0x7D, 0xC2, 0xEC, 0x7E,
    0x38, 0x11, 0xF3, 0x63, 0x75, 0xCF, 0x00, 0x05, 0x0D, 0xBE, 0xB4, 0x3B, 0x3F, 0xD8, 0x00, 0x3F,
    0xB4, 0x3B, 0x06, 0xB1, 0xDD, 0x3E, 0xC0, 0x03, 0x20, 0xC8, 0xDB, 0x43, 0x24, 0xAD, 0x90, 0x6B,
    0x8B, 0x46, 0x31, 0xFD, 0xAC, 0x0E, 0xE0, 0xF4, 0x6A, 0x71, 0xD0, 0x3C, 0xEB, 0x9E, 0xC1, 0x87,
    0x96, 0x18, 0x9F, 0xE2, 0x4C, 0x5C, 0x40, 0x87, 0x43, 0x02, 0x49, 0xAE, 0x27, 0x9A, 0x19, 0xB8,
    0xB5, 0xD9, 0xFE, 0xFB, 0x75, 0x38, 0x02, 0xCF, 0x62, 0xD1, 0x36, 0x75, 0x26, 0xDC, 0xF7, 0x91,
    0x8D, 0xE1, 0x82, 0xB9, 0x84, 0xDA, 0x87, 0xA4, 0xBD, 0x00, 0x07, 0x83, 0x05, 0xCF, 0x21, 0x37,
    0x5D, 0x5F, 0x8B, 0x9E, 0x3D, 0x1E, 0x75, 0x81, 0x96, 0x3F, 0xAD, 0x24, 0xFB, 0x0C, 0x5A, 0xB2,
    0x99, 0xAF, 0x3A, 0x78, 0xD7, 0x5A, 0x24, 0xEE, 0xDC, 0x55, 0x6F, 0x0A, 0x03, 0xC4, 0xB9, 0x22,
    0x99, 0xCD, 0xE5, 0x82, 0x4F, 0xC1, 0x65, 0xFE, 0x5B, 0xFD, 0x63, 0xA3, 0x2D, 0x15, 0xF3, 0x18,
    0x71, 0x36, 0x38, 0xEA, 0x06, 0xCC, 0xFD, 0x61, 0x69, 0xB8, 0x99, 0x2E, 0x16, 0x80, 0x00, 0xAC,
    0x59, 0xFA, 0x68, 0x51, 0x52, 0xB3, 0x6B, 0xBF, 0xA1, 0xDB, 0x43, 0xA4, 0x07, 0x04, 0x80, 0x99,
    0x49, 0xBE, 0xA6, 0xE4, 0x4F, 0x6D, 0x3D, 0xEC, 0x52, 0xB3, 0xF4, 0x43, 0xDA, 0x2D, 0xCF, 0x38,
    0xFE, 0x81, 0x8F, 0x84, 0x1A, 0x19, 0x2A, 0x96, 0x34, 0x33, 0x69, 0xCE, 0xAC, 0x04, 0x6C, 0x97,
    0x0B, 0x00, 0x13, 0xAB, 0x4A, 0x32, 0xA8, 0xD3, 0xB2, 0x80, 0x8B, 0x7F, 0x02, 0xFB, 0x5A, 0x65,
    0x6E, 0xDF, 0x81, 0xC1, 0xA7, 0x33, 0x9A, 0x5D, 0xD6, 0x10, 0x89, 0xF4, 0x60, 0x1C, 0x19, 0x03,
    0x27, 0x42, 0x88, 0x5C, 0xF6, 0x3F, 0xB6, 0xBE, 0xEB, 0xBB, 0x9B, 0xE5, 0x1B, 0x42, 0x71, 0xE6,
    0x25, 0xD5, 0xF0, 0x8B, 0x80, 0x02, 0xE6, 0xDD, 0x02, 0x16, 0xD7, 0xB3, 0x82, 0xD5, 0xBB, 0x3F,
    0x0D, 0x79, 0x6E, 0x2E, 0x1F, 0x64, 0xF5, 0x76, 0xEA, 0xAB, 0x4B, 0x23, 0x8F, 0xD4, 0x01, 0xD7,
    0x32, 0x63, 0x86, 0xBA, 0x14, 0xE7, 0xDC, 0x38, 0x09, 0x3E, 0x87, 0x2B, 0x02, 0x7E, 0x60, 0x36,
    0x66, 0xC7, 0xF9, 0x7B, 0x93, 0xC5, 0x82, 0x24, 0x80, 0xAE, 0x65, 0x66, 0x2E, 0x88, 0x46, 0xB8,
    0x84, 0x9F, 0x2D, 0x0C, 0x77, 0x45, 0x74, 0xCA, 0xFF, 0x7F, 0x2E, 0x15, 0x6D, 0x3E, 0x38, 0x7D,
    0x44, 0x10, 0x8E, 0x4D, 0x00, 0xFE, 0x4A, 0xC2, 0x6B, 0xD1, 0x7E, 0xDF, 0x2E, 0x2F, 0x02, 0x78,
    0xC1, 0x94, 0x99, 0x08, 0xAE, 0x29, 0xCC, 0x53, 0x5F, 0x5D, 0xEB, 0x46, 0xF4, 0x62, 0x4A, 0xA0,
    0xA9, 0xB8, 0xD1, 0x91, 0x9E, 0x00, 0x05, 0x79, 0x02, 0x62, 0x6A, 0xFA, 0xC6, 0x81, 0xBB, 0x17,
    0x0A, 0xAC, 0xCB, 0xDC, 0xF8, 0x2B, 0xBE, 0xF3, 0xB6, 0xE3, 0xBC, 0x0A, 0xFD, 0xE3, 0xB1, 0xEE,
    0x30, 0x50, 0xE5, 0xA6, 0x87, 0x99, 0x04, 0xC3, 0x76, 0x59, 0xDC, 0xAF, 0x48, 0x8C, 0x86, 0x3C,
    0x00, 0x8D, 0x7C, 0xCE, 0xDA, 0xB9, 0x7D, 0xD0, 0x72, 0x4B, 0x64, 0x04, 0x55, 0x8D, 0x4E, 0x14,
    0x69, 0x19, 0x71, 0x38, 0xC7, 0xDF, 0xE8, 0x2A, 0x0F, 0x7D, 0x1F, 0x70, 0xCA, 0x32, 0x20, 0xEF,
    0xE7, 0x96, 0x3E, 0x10, 0xA6, 0xA6, 0xA2, 0x51, 0x12, 0x6E, 0x48, 0x6F, 0xEA, 0xAA, 0xB4, 0xB0,
    0x38, 0x00, 0x05, 0x6C, 0x38, 0x9E, 0x12, 0x55, 0x87, 0xDD, 0x8C, 0xF9, 0x67, 0xBC, 0xEE, 0x71,
    0x4F, 0x34, 0xC2, 0xB8, 0x8B, 0x69, 0x0C, 0x0F, 0xDD, 0xFC, 0xA3, 0xD1, 0x75, 0xBC, 0xC2, 0x04,
    0x84, 0xC6, 0xAF, 0xEA, 0xDE, 0x02, 0x0A, 0x60, 0x5A, 0x3A, 0x3A, 0xAA, 0x90, 0x87, 0x4D, 0x00,
    0x6F, 0xC6, 0x73, 0x4E, 0x1B, 0x44, 0x09, 0x77, 0xA5, 0x65, 0x03, 0xC1, 0x75, 0x5F, 0xE9, 0x7C,
    0x17, 0x6D, 0xB7, 0x42, 0x92, 0xD4, 0xE8, 0x76, 0xEE, 0x23, 0xF5, 0xC2, 0x83, 0x97, 0xA9, 0xC5,
    0xAB, 0xF4, 0x00, 0x00, 0x1F, 0x23, 0x5B, 0xC7, 0xAC, 0xEA, 0x0A, 0x6A, 0x27, 0x56, 0x02, 0xB0,
    0xCA, 0x72, 0x57, 0x1D, 0x4E, 0x92, 0x09, 0x75, 0xA5, 0x58, 0x59, 0x5B, 0x8B, 0x2B, 0x6F, 0x0C,
    0xC5, 0x0E, 0xEE, 0x7A, 0xB4, 0x73, 0xC1, 0x5F, 0xCF, 0xF4, 0x32, 0x56, 0x7C, 0xF3, 0x67, 0x42,
    0x69, 0x2C, 0x00, 0x96, 0xB1, 0x02, 0xBC, 0x6F, 0xB6, 0x98, 0x3F, 0xA0, 0xD8, 0x2D, 0x88, 0x94,
    0xCC, 0x3B, 0x17, 0x84, 0xD5, 0x69, 0xDA, 0x6B, 0x7D, 0xEA, 0x9C, 0x98, 0x79, 0xB4, 0x49, 0xBE,
    0x6A, 0x43, 0x4D, 0xD9, 0x6C, 0x26, 0x34, 0xF1, 0x6C, 0x75, 0x60, 0x87, 0x2A, 0x00, 0x69, 0x60,
    0xDC, 0x0A, 0x52, 0xF2, 0xAB, 0x4C, 0x6D, 0x1A, 0xAA, 0x26, 0xF0, 0x88, 0xAE, 0x02, 0x5D, 0x36,
    0xE8, 0x91, 0xEC, 0x86, 0x09, 0x99, 0xBD, 0xC7, 0x1F, 0x65, 0x55, 0x44, 0x3B, 0x32, 0xF7, 0xB5,
    0xC7, 0xD1, 0xFC, 0x84, 0xDC, 0x00, 0x90, 0xDE, 0x7A, 0x20, 0x32, 0x6F, 0xF9, 0xD2, 0x60, 0x00,
    0x05, 0x7E, 0xF7, 0x90, 0xAE, 0xB9, 0x9C, 0xC8, 0x68, 0x4C, 0x27, 0xC2, 0x5D, 0x81, 0x19, 0xD6,
    0x83, 0xA0, 0x8E, 0x7A, 0x6E, 0x03, 0xE9, 0x27, 0xA8, 0x3A, 0x07, 0x54, 0x67, 0xF5, 0x71, 0x3F,
    0x32, 0x3A, 0xBD, 0xEE, 0xE5, 0x92, 0x06, 0x12, 0xE6, 0x00, 0x00, 0x7C, 0x31, 0x2A, 0x46, 0x34,
    0x75, 0x1A, 0x69, 0x38, 0x4E, 0x3C, 0x7B, 0x5A, 0xB6, 0x58, 0x75, 0xA5, 0xF3, 0xAC, 0xF6, 0x4C,
    0xC6, 0x12, 0xF1, 0xD5, 0x6F, 0xA4, 0x39, 0x9A, 0xB0, 0xA4, 0x5C, 0xD4, 0x8B, 0xF8, 0x80, 0x00,
    0x05, 0x06, 0x4E, 0xBA, 0xAB, 0xA0, 0x4E, 0x6E, 0x91, 0x98, 0x77, 0xEE, 0x6F, 0xAE, 0x6E, 0x8A,
    0xE1, 0xBD, 0xFA, 0x17, 0x5D, 0x4E, 0xD0, 0x01, 0x3B, 0x0D, 0xD4, 0xD6, 0x21, 0x71, 0x60, 0x2C,
    0xE2, 0x7E, 0x58, 0x03, 0xCE, 0x28, 0xB8, 0xF6, 0x97, 0xAC, 0xF3, 0xB2, 0xDB, 0x6E, 0xC4, 0x54,
    0x07, 0x81, 0xD8, 0x92, 0xF3, 0x71, 0xC0, 0x6E, 0xA0, 0x00, 0x00, 0x06, 0xFE, 0xDB, 0x6A, 0x9A,
    0x5C, 0xC8, 0x39, 0x7E, 0xDF, 0x98, 0x85, 0x76, 0x42, 0x97, 0x29, 0xCD, 0x41, 0xBF, 0x61, 0xFC,
    0x1C, 0x5E, 0x50, 0xCE, 0xED, 0x29, 0xA9, 0xC4, 0x03, 0x48, 0xE6, 0xF0, 0xE8, 0xBC, 0x74, 0x38,
    0x48, 0x88, 0xFA, 0xC2, 0xDC, 0x5A, 0x1B, 0x8E, 0x12, 0x10, 0x00, 0xAD, 0x81, 0x78, 0xE9, 0xCC,
    0xD0, 0x05, 0x0B, 0x36, 0xFD, 0x72, 0x0A, 0xC7, 0x66, 0xD0, 0xA1, 0x87, 0x5B, 0xA7, 0x94, 0x5D,
    0x2E, 0x43, 0x90, 0xC3, 0x3B, 0xCA, 0x03, 0xEF, 0xAA, 0xF9, 0xDD, 0x74, 0x1D, 0xC8, 0x15, 0xAF,
    0x37, 0xD5, 0x20, 0x6C, 0x0E, 0xC6, 0x7B, 0x26, 0x33, 0xC4, 0x40, 0xFF, 0x51, 0xA0, 0x00, 0x95,
    0x87, 0x35, 0x53, 0x94, 0x22, 0xD1, 0x46, 0x7B, 0x32, 0xF5, 0xFD, 0x4F, 0x28, 0x3A, 0x16, 0xD6,
    0x00, 0x1A, 0x54, 0x9E, 0xD0, 0x22, 0xF3, 0x92, 0x1C, 0x7F, 0x42, 0x30, 0xDD, 0x17, 0x3F, 0x39,
    0xC9, 0x74, 0x8E, 0xB2, 0xB4, 0x2C, 0xC9, 0x80, 0x87, 0x25, 0x00, 0x98, 0xE8, 0x59, 0xB1, 0x6E,
    0x49, 0x59, 0x92, 0x09, 0xC4, 0x17, 0x98, 0x9A, 0x77, 0x1C, 0xC6, 0x87, 0x45, 0x00, 0x65, 0xD4,
    0xDE, 0x1B, 0x26, 0xC4, 0x01, 0x6E, 0x75, 0xEF, 0xCB, 0x44, 0xB5, 0x42, 0xA8, 0xC8, 0x87, 0x36,
    0x00, 0x3E, 0x74, 0xA2, 0xB1, 0xB2, 0x35, 0x42, 0x19, 0x17, 0x58, 0xBE, 0x87, 0x53, 0x02, 0xC0,
    0x98, 0xC0, 0x6E, 0x40, 0x9D, 0x1F, 0x86, 0x47, 0x4C, 0xAC, 0x07, 0x7C, 0xAC, 0x42, 0x58, 0x87,
    0x3B, 0x00, 0x67, 0xA0, 0xA7, 0xB8, 0xCC, 0x7E, 0x3E, 0x86, 0xD4, 0x87, 0x58, 0x00, 0x63, 0x94,
    0x61, 0xB3, 0x31, 0x4C, 0x36, 0x5A, 0xC3, 0x2A, 0x4B, 0x84, 0xA1, 0x85, 0x35, 0x48, 0xB9, 0x5A,
    0xB8, 0x62, 0xEA, 0x80, 0x87, 0x3B, 0x00, 0x67, 0xA0, 0xA7, 0xB8, 0xCC, 0x7B, 0x9B, 0x47, 0x36,
    0x51, 0x6C, 0xEB, 0x5E, 0x96, 0xD2, 0x80, 0x87, 0xC0, 0x02, 0x63, 0x94, 0x61, 0xD2, 0x98, 0xE8,
    0x65, 0xFD, 0x85, 0xAA, 0x84, 0x52, 0x90, 0xB9, 0x6C, 0x87, 0x3A, 0x00, 0x6A, 0x19, 0x44, 0x43,
    0x42, 0x1D, 0xF5, 0x3E, 0xFE, 0xE8, 0xA0, 0x52, 0xF5, 0x39, 0xD4, 0x67, 0x55, 0x80, 0x87, 0x5A,
    0x00, 0x41, 0x96, 0x7B, 0x39, 0xFE, 0xBD, 0xA1, 0x23, 0xB8, 0x1B, 0x83, 0x39, 0x6B, 0x5F, 0x3B,
    0x30, 0x00, 0x00, 0x0F, 0x69, 0xEB, 0x87, 0xE7, 0x4B, 0x8D, 0xAF, 0x8D, 0xD0, 0x04, 0x96, 0xC7,
    0x9E, 0xF4, 0x7C, 0x91, 0x23, 0xF1, 0xC5, 0x88, 0xA5, 0x45, 0xC9, 0x32, 0x47, 0x2A, 0x61, 0x9C,
    0x9E, 0xD7, 0x6A, 0x8B, 0x35, 0x46, 0x53, 0xF8, 0x27, 0x3E, 0xD0, 0x6D, 0x97, 0xCC, 0x26, 0x90,
    0x00, 0x05, 0x29, 0xE9, 0x13, 0x83, 0xC3, 0x7D, 0x70, 0x01, 0x65, 0x5D, 0xEE, 0xE3, 0x7F, 0x70,
    0x85, 0x28, 0xD3, 0x88, 0xE7, 0x17, 0x4F, 0x84, 0x70, 0x7E, 0xC2, 0xE1, 0x3C, 0x52, 0x69, 0xA8,
    0xBA, 0x84, 0x87, 0x38, 0x02, 0x62, 0x05, 0xD3, 0x5B, 0x87, 0x60, 0x3B, 0x6E, 0xFF, 0xC7, 0xFB,
    0x3C, 0x53, 0xDA, 0x58, 0x96, 0x95, 0x75, 0x06, 0x69, 0xD0, 0x3F, 0xB8, 0x6D, 0xD3, 0xED, 0x00,
    0x00, 0x6F, 0xF6, 0x51, 0xFD, 0xE2, 0x1C, 0x77, 0x77, 0x3D, 0xFF, 0xE3, 0x1C, 0xC4, 0x2E, 0x1A,
    0xEF, 0x76, 0xF3, 0x78, 0xAC, 0x36, 0xC0, 0xE3, 0xE6, 0xE5, 0x82, 0xFB, 0x45, 0xDD, 0x1B, 0xEC,
    0xC9, 0xA0, 0x87, 0x38, 0x02, 0x62, 0x08, 0x7A, 0x9A, 0x37, 0x06, 0x97, 0xA5, 0xCE, 0x09, 0x78,
    0xD2, 0x6D, 0xC2, 0x28, 0xAB, 0x80, 0x87, 0x58, 0x02, 0x64, 0x43, 0x35, 0x5A, 0x7A, 0x77, 0xB3,
    0x2C, 0x8E, 0xEE, 0xA8, 0xD1, 0x0D, 0xD0, 0x87, 0xF3, 0x00, 0x79, 0xDA, 0x68, 0x95, 0xB7, 0x66,
    0x8E, 0x32, 0xAF, 0x54, 0x1E, 0x11, 0x73, 0x65, 0xBC, 0x3F, 0x2E, 0x25, 0x16, 0x12, 0xB5, 0xEC,
    0x2B, 0xFC, 0x29, 0x16, 0x61, 0x71, 0x02, 0x74, 0x87, 0x4A, 0x00, 0x6F, 0xDB, 0xE7, 0xBB, 0x37,
    0xC2, 0xC0, 0x00, 0xBC, 0xAB, 0xEE, 0x6F, 0x55, 0x01, 0x53, 0xA7, 0x0A, 0x91, 0x2B, 0x3E, 0xA4,
    0xFC, 0xF7, 0x8C, 0x4D, 0x8C, 0x9D, 0xB3, 0xA7, 0x40, 0xA8, 0x81, 0x2F, 0xC1, 0x42, 0x13, 0xF2,
    0xB3, 0xCC, 0x7C, 0x9C, 0x82, 0xC4, 0x9B, 0xD7, 0xB0, 0x26, 0xA5, 0x25, 0x91, 0x30, 0x00, 0x67,
    0x95, 0x18, 0x77, 0x6C, 0x85, 0x8A, 0x36, 0x53, 0xF7, 0x97, 0x3F, 0x02, 0x08, 0x45, 0xA1, 0xCB,
    0x04, 0x72, 0xF0, 0x07, 0x7C, 0x4C, 0x7D, 0x14, 0xA5, 0xF0, 0xAF, 0x4A, 0x83, 0x45, 0x00, 0x18,
    0xE6, 0x25, 0xD8, 0x87, 0xCD, 0x02, 0xC8, 0x85, 0xD1, 0xF5, 0xBD, 0x67, 0xEB, 0xE2, 0xFB, 0xB1,
    0x9C, 0x99, 0xC4, 0x65, 0xCA, 0xA4, 0x2C, 0xB2, 0xCA, 0x9C, 0x55, 0xC0, 0x87, 0xCE, 0x02, 0x89,
    0x55, 0xD1, 0x89, 0x7A, 0x0B, 0x20, 0x81, 0xB4, 0xA6, 0x01, 0xCF, 0x32, 0x35, 0xC6, 0x80, 0x87,
    0xEF, 0x00, 0x65, 0x0A, 0xB2, 0x80, 0x27, 0x02, 0x59, 0xB1, 0xE5, 0x4E, 0xB0, 0x3D, 0x7F, 0xF0,
    0xB5, 0xDE, 0x38, 0xA1, 0x9F, 0x66, 0xF7, 0x92, 0xD8, 0x2E, 0x0C, 0x13, 0x6F, 0x4D, 0x27, 0xA1,
    0x1E, 0x2E, 0xD0, 0x27, 0x1E, 0x3A, 0x76, 0x0B, 0xFB, 0x88, 0x94, 0x45, 0xD1, 0x01, 0xA0, 0x79,
    0x7D, 0xEF, 0xBB, 0x9A, 0x87, 0x45, 0x42, 0x10, 0x72, 0xC8, 0x52, 0x54, 0xBF, 0x85, 0x47, 0x71,
    0x6D, 0x31, 0xA9, 0x23, 0x3F, 0x46, 0x30, 0x35, 0x35, 0x19, 0xB8, 0x6A, 0x15, 0xE0, 0x80, 0x47,
    0x02, 0x4D, 0x71, 0x6C, 0x9E, 0x1F, 0xEB, 0x42, 0xB1, 0x34, 0x9D, 0x6D, 0x94, 0x3D, 0xCB, 0xA5,
    0xC4, 0x95, 0x8F, 0xA6, 0x1F, 0x4D, 0xBD, 0xEB, 0x65, 0xE3, 0x96, 0x24, 0x0C, 0xFD, 0x0F, 0xD7,
    0x08, 0x18, 0x21, 0x17, 0xB8, 0x85, 0x81, 0xF4, 0x03, 0x0F, 0x82, 0xC9, 0xB7, 0x3F, 0x5A, 0x35,
    0x15, 0x29, 0x07, 0x91, 0xA2, 0x72, 0x87, 0xAF, 0x02, 0x68, 0xD7, 0x5A, 0x96, 0x09, 0x69, 0xB2,
    0x5E, 0x0E, 0x75, 0xB2, 0xC0, 0x47, 0xD9, 0x7B, 0x42, 0x39, 0x0C, 0x30, 0x25, 0x29, 0x2D, 0x54,
    0xD6, 0x92, 0xC4, 0x72, 0xF0, 0xB9, 0xDF, 0xB3, 0x0F, 0x1E, 0xBB, 0xFC, 0x38, 0xCB, 0xEC, 0x07,
    0x51, 0xCB, 0x62, 0x40, 0x8E, 0xF4, 0x00, 0x98, 0x3D, 0xF5, 0x03, 0x9A, 0x0D, 0xB3, 0xE6, 0x1A,
    0x30, 0x79, 0x92, 0xA1, 0x22, 0x21, 0xA8, 0x71, 0xA6, 0x77, 0x66, 0xC2, 0x9F, 0xA3, 0x48, 0xA7,
    0x56, 0x15, 0x74, 0xB1, 0x28, 0xFA, 0x93, 0x17, 0x45, 0x50, 0x20, 0x59, 0xC2, 0x60, 0x87, 0x2C,
    0x02, 0x53, 0xE9, 0x5A, 0xF7, 0x68, 0xE4, 0x30, 0xC6, 0xEC, 0xE3, 0x5A, 0x29, 0x6B, 0x88, 0x87,
    0x4C, 0x02, 0x5D, 0xF6, 0x0F, 0xDD, 0xC5, 0x98, 0x15, 0xCF, 0x6B, 0x47, 0xA4, 0xC6, 0x98, 0x87,
    0x2A, 0x00, 0x69, 0x60, 0xDC, 0x0A, 0x33, 0xFC, 0xDF, 0x00, 0x78, 0x53, 0x43, 0xFE, 0xD8, 0x14,
    0xB3, 0x99, 0x00, 0x41, 0x05, 0x74, 0xA7, 0x4C, 0xBC, 0x87, 0xB4, 0x02, 0x5F, 0xB9, 0x25, 0xC5,
    0x2B, 0x3D, 0x2E, 0xB7, 0xCC, 0xEB, 0x4D, 0x0F, 0x6C, 0xDC, 0x3B, 0x70, 0x10, 0x75, 0xF5, 0x61,
    0xD4, 0x40, 0x75, 0x1E, 0xC6, 0xBA, 0xDB, 0xC9, 0x32, 0xE8, 0x87, 0x2A, 0x00, 0x69, 0x60, 0xDC,
    0x0A, 0x52, 0xF2, 0xAC, 0x54, 0x76, 0x6B, 0x5D, 0x93, 0x88, 0xAF, 0x58, 0x87, 0x49, 0x02, 0x60,
    0x33, 0x07, 0x95, 0x39, 0x16, 0x07, 0x18, 0x3C, 0x10, 0xC7, 0x1B, 0x33, 0xA8, 0x3F, 0x8C, 0x7C,
    0xD8, 0x87, 0x58, 0x45, 0x27, 0xC5, 0xCA, 0xAC, 0xB4, 0x40, 0x87, 0xC7, 0x02, 0x62, 0x07, 0xE7,
    0xD9, 0xA2, 0x3E, 0xDF, 0x68, 0x7A, 0x65, 0xB7, 0x04, 0x36, 0xBD, 0x14, 0x91, 0xF2, 0x87, 0xC8,
    0x02, 0x60, 0x31, 0xD0, 0x7A, 0x74, 0x0C, 0x4C, 0x7B, 0xBA, 0xD7, 0x99, 0xE6, 0x07, 0x6E, 0xF2,
    0x87, 0x2D, 0x02, 0x5F, 0x10, 0x47, 0x29, 0x10, 0x6B, 0xA7, 0x85, 0x81, 0x6F, 0x27, 0x48, 0x97,
    0xDA, 0x44, 0xFE, 0xD6, 0xAF, 0x13, 0x5E, 0x8E, 0x91, 0xC2, 0xE7, 0xD1, 0x9C, 0xEE, 0x13, 0x65,
    0xFB, 0x69, 0xE6, 0x34, 0x6F, 0x51, 0x82, 0x51, 0xBF, 0x10, 0x7E, 0x46, 0x2A, 0x02, 0xBA, 0x6D,
    0x8E, 0x7E, 0xF9, 0xCF, 0xC2, 0xC2, 0x40, 0x00, 0x00, 0xC9, 0xAC, 0x61, 0x6B, 0x68, 0x72, 0x84,
    0x8D, 0x32, 0xAD, 0x70, 0xE8, 0xE9, 0x25, 0x2C, 0xFE, 0xD7, 0xFE, 0xEA, 0x78, 0xCE, 0x7A, 0x78,
    0x56, 0x72, 0xC1, 0x8D, 0xF9, 0xA5, 0xF5, 0xC6, 0x39, 0x0D, 0xC6, 0xF8, 0xC0, 0xEB, 0x6C, 0x28,
    0xC5, 0x77, 0x9D, 0x5D, 0x86, 0x89, 0xD0, 0x87, 0xEF, 0x00, 0x65, 0x0A, 0xB2, 0x87, 0x81, 0x00,
    0xEF, 0xC5, 0x70, 0x39, 0xB0, 0xA8, 0xAA, 0x9F, 0x8C, 0x21, 0x2D, 0xAC, 0x78, 0xFD, 0xD1, 0xD8,
    0x59, 0x9B, 0x80, 0x87, 0xC4, 0x00, 0xDD, 0xE3, 0x86, 0xE2, 0xDA, 0xFA, 0x10, 0x03, 0xD5, 0xF1,
    0xF6, 0x4F, 0x58, 0xE0, 0xB4, 0x0E, 0x91, 0xCE, 0x84, 0xC1, 0x00, 0xA6, 0x3A, 0xCD, 0xCB, 0x2C,
    0xF5, 0xC1, 0xEC, 0x94, 0x69, 0x4B, 0xD3, 0x84, 0xCF, 0xFA, 0xC7, 0x18, 0x87, 0xA5, 0x00, 0x9E,
    0xC4, 0x12, 0x02, 0x3C, 0x8B, 0xB9, 0x0A, 0xD4, 0x90, 0x87, 0x87, 0x00, 0x5A, 0xCD, 0x8F, 0x29,
    0x91, 0xBB, 0xBD, 0x53, 0xC4, 0xB0, 0x6A, 0xE0, 0x87, 0xA7, 0x00, 0x57, 0xA3, 0x35, 0x29, 0x6D,
    0x91, 0xEE, 0x81, 0xAA, 0x1A, 0x5E, 0x58, 0x55, 0x80, 0x84, 0xD3, 0x00, 0x32, 0x41, 0x48, 0x78,
    0x54, 0x71, 0x8E, 0xF6, 0xAB, 0x7B, 0x34, 0xC1, 0xA5, 0x74, 0x38, 0x2D, 0xAE, 0xB0, 0x87, 0xD6,
    0x00, 0xCB, 0x52, 0x48, 0x87, 0xEE, 0x04, 0x07, 0x41, 0x0D, 0x3E, 0x67, 0xFF, 0x9C, 0x1B, 0x01,
    0x94, 0xC6, 0x00, 0x92, 0xCB, 0x14, 0xF5, 0x40, 0x04, 0x75, 0x2F, 0x2A, 0x35, 0xB7, 0x26, 0x94,
    0xA0, 0x98, 0x0D, 0x22, 0x40, 0x2F, 0xE5, 0x64, 0xE3, 0xF5, 0x46, 0x9B, 0xAC, 0xA7, 0x35, 0x7B,
    0x9E, 0xD8, 0xFC, 0xED, 0x15, 0x90, 0x80, 0x87, 0x5E, 0x01, 0x62, 0x0B, 0x14, 0x68, 0x23, 0xE7,
    0x0D, 0xA0, 0x80, 0xE9, 0x02, 0x93, 0x8D, 0xB5, 0x33, 0x1A, 0xD2, 0x54, 0xA9, 0xFA, 0xC6, 0xFF,
    0x75, 0x98, 0x40, 0xD9, 0xA2, 0x10, 0x80, 0xEA, 0x02, 0x77, 0xF0, 0xCC, 0x4C, 0xAF, 0xCA, 0x05,
    0xDF, 0xE8, 0x37, 0x72, 0xC6, 0x1B, 0x30, 0x87, 0xD2, 0x02, 0xF6, 0x41, 0xFA, 0x2B, 0xDC, 0x87,
    0x62, 0xCB, 0x03, 0xA0, 0x18, 0x95, 0xF8, 0x17, 0xDD, 0xB3, 0x5A, 0x77, 0x04, 0x19, 0x6F, 0x36,
    0xC9, 0xEE, 0xA4, 0x87, 0xD3, 0x02, 0xF0, 0x65, 0x3F, 0xAF, 0x91, 0x7C, 0xD6, 0xE6, 0x2A, 0x18,
    0x46, 0x27, 0xC2, 0x0F, 0x36, 0xD6, 0x42, 0x2C, 0x91, 0x17, 0x7D, 0x80, 0x28, 0x02, 0x87, 0x93,
    0xA8, 0xCE, 0xD3, 0x16, 0x24, 0x49, 0x36, 0x5D, 0xDA, 0x82, 0x3E, 0x20, 0xC1, 0x28, 0x40, 0x80,
    0x48, 0x02, 0x70, 0x73, 0xB7, 0xD8, 0x52, 0x05, 0xE9, 0xA4, 0x74, 0xE4, 0x93, 0x2D, 0xDA, 0x96,
    0x73, 0x96, 0x8F, 0x6F, 0x01, 0x5C, 0x61, 0xD8, 0x18, 0x56, 0x7B, 0xC2, 0x5D, 0x76, 0x8F, 0x70,
    0x01, 0x5C, 0x4F, 0x8E, 0xFB, 0xF7, 0x65, 0xFF, 0x84, 0x78, 0x82, 0x29, 0x02, 0x2D, 0x36, 0xE5,
    0x19, 0x18, 0x38, 0x8A, 0x90, 0xE7, 0x22, 0xC7, 0x4B, 0x9C, 0x82, 0x49, 0x02, 0x1D, 0xB0, 0x1F,
    0xCD, 0xD3, 0xF2, 0x5A, 0x29, 0x4D, 0x27, 0x3D, 0x9B, 0x90, 0x87, 0x2A, 0x02, 0xB0, 0xC4, 0x12,
    0x2E, 0x3E, 0xF7, 0x38, 0x93, 0x99, 0x7A, 0xDE, 0xCF, 0x9A, 0xDD, 0xA7, 0x71, 0x16, 0xD4, 0x87,
    0x4A, 0x02, 0xF4, 0x6F, 0xE7, 0x3F, 0x82, 0xA6, 0xE3, 0x12, 0x11, 0x06, 0x30, 0x35, 0x5C, 0xD3,
    0x6B, 0xE3, 0x20, 0x87, 0x95, 0x00, 0xF8, 0xB1, 0xA2, 0xED, 0x7E, 0xD5, 0xA7, 0xB9, 0x8A, 0x0F,
    0x3E, 0x11, 0x81, 0x51, 0xA6, 0x87, 0xB7, 0x00, 0xB4, 0xB2, 0x9D, 0x1C, 0x77, 0x17, 0x87, 0xA0,
    0x87, 0x31, 0x00, 0xA0, 0x06, 0x48, 0xF5, 0xB3, 0xCF, 0x46, 0xD8, 0xC3, 0x86, 0x4E, 0xA2, 0x26,
    0x87, 0x51, 0x00, 0x67, 0xCB, 0x2B, 0x37, 0x88, 0x7D, 0x7F, 0x58, 0x3E, 0x80, 0xF9, 0x02, 0xA3,
    0x4B, 0xF3, 0x79, 0xD0, 0xF7, 0x49, 0xFE, 0xA9, 0x05, 0x1D, 0x37, 0x6A, 0x38, 0xEB, 0x24, 0x87,
    0xB7, 0x00, 0xB4, 0xB2, 0x9D, 0x19, 0x19, 0xAF, 0xCB, 0x04, 0x54, 0x91, 0x10, 0x80, 0x3E, 0x02,
    0x89, 0x41, 0x72, 0xF3, 0x69, 0xAD, 0x53, 0x52, 0xE4, 0x70, 0xE7, 0x09, 0xF2, 0x0B, 0xF0, 0x80,
    0x5E, 0x02, 0x72, 0x73, 0x75, 0xDA, 0xE8, 0x24, 0xB6, 0x2D, 0xEF, 0x17, 0xD3, 0x5A, 0x5E, 0x28,
    0x80, 0x82, 0x34, 0x02, 0x29, 0x00, 0x59, 0x27, 0xE8, 0x95, 0xAF, 0x46, 0xB9, 0x03, 0x2F, 0x53,
    0x01, 0xEF, 0xC0, 0x8A, 0xC0, 0x00, 0x8E, 0x10, 0x2E, 0xDC, 0xE5, 0xDD, 0xDD, 0x0B, 0x1C, 0x68,
    0xA5, 0xE1, 0x5A, 0xE0, 0x87, 0x9E, 0x00, 0xF8, 0xAB, 0xEE, 0x11, 0x4B, 0x7B, 0xF9, 0x96, 0x2C,
    0x27, 0x44, 0x0F, 0x6C, 0x2A, 0x8A, 0xA4, 0x1F, 0x82, 0xB2, 0xF6, 0xA4, 0x32, 0xD7, 0xB5, 0xA4,
    0xF8, 0xA1, 0x08, 0x7F, 0x32, 0xBF, 0x0A, 0x12, 0xED, 0xB3, 0x63, 0x08, 0xC6, 0x67, 0x80, 0x87,
    0xBE, 0x00, 0xF5, 0x3C, 0x5F, 0xAE, 0x97, 0x4C, 0x4A, 0xDC, 0xA0, 0xE6, 0x80, 0x7F, 0x0E, 0x8D,
    0x27, 0x58, 0xFB, 0x29, 0xD8, 0x80, 0x34, 0x02, 0x41, 0x26, 0x36, 0xE9, 0x0F, 0x14, 0x1C, 0xB1,
    0x33, 0x67, 0xD2, 0x73, 0xA4, 0x49, 0xDE, 0x5D, 0x05, 0xA7, 0x7D, 0x03, 0xE8, 0x8A, 0xB1, 0x33,
    0x9D, 0x69, 0xF9, 0xD4, 0x19, 0xEF, 0xD3, 0x59, 0x77, 0x94, 0x15, 0x33, 0x85, 0x71, 0xCA, 0x2B,
    0x82, 0x80, 0x87, 0xC0, 0x00, 0x28, 0x01, 0x58, 0x83, 0x96, 0xDC, 0x53, 0x87, 0xF3, 0x59, 0xBB,
    0x88, 0x7A, 0xDE, 0xAB, 0xE2, 0xFB, 0x68, 0xBA, 0xD5, 0x6C, 0x80, 0x38, 0x02, 0xA6, 0x3A, 0x8E,
    0x00, 0x8D, 0xD0, 0xE0, 0xCA, 0xFC, 0xD6, 0xF7, 0x31, 0x11, 0x5A, 0x85, 0x34, 0x1F, 0xF3, 0x57,
    0x0B, 0x0B, 0x80, 0x61, 0xFF, 0xB9, 0xE8, 0x30, 0x3B, 0x20, 0x37, 0x34, 0x88, 0x80, 0x58, 0x02,
    0x93, 0x8D, 0x49, 0x19, 0x1F, 0x2D, 0x20, 0xE7, 0x76, 0xA5, 0xCE, 0x01, 0x29, 0x8B, 0xEF, 0x46,
    0x20, 0x03, 0x84, 0x37, 0xEE, 0xF6, 0x9E, 0x2B, 0xC6, 0xDE, 0xA9, 0xE1, 0x77, 0xB0, 0x3A, 0xE0,
    0x87, 0xA3, 0x02, 0x57, 0xAF, 0x69, 0xFC, 0x4C, 0x1E, 0x0D, 0x43, 0x29, 0x54, 0x44, 0x57, 0x62,
    0xA8, 0x87, 0x44, 0x02, 0x48, 0x4C, 0x26, 0xC7, 0xFD, 0x56, 0x42, 0x48, 0x23, 0xDC, 0x2F, 0x20,
    0x80, 0x3C, 0x02, 0xC5, 0xC8, 0xED, 0x62, 0x31, 0x9B, 0xB8, 0xFA, 0xE7, 0xAC, 0x66, 0x89, 0xD6,
    0xCC, 0x5B, 0x80, 0x65, 0xCF, 0x1D, 0xC5, 0xAD, 0x02, 0xDC, 0x58, 0xE4, 0x38, 0x81, 0xAD, 0x7C,
    0x73, 0x5A, 0xAE, 0xB3, 0x6E, 0xF8, 0xD5, 0x24, 0x4C, 0x7F, 0x20, 0x6A, 0x90, 0x4B, 0x02, 0x28,
    0xCB, 0x80, 0x5C, 0x02, 0xB7, 0x04, 0xF2, 0xF5, 0x0E, 0xCB, 0xC2, 0x9D, 0x1E, 0x05, 0x6D, 0x3A,
    0xC2, 0x5C, 0x29, 0xC7, 0x7E, 0xD7, 0x95, 0x85, 0xDB, 0x17, 0x90, 0x4F, 0x5E, 0x67, 0x6D, 0x95,
    0x78, 0xD8, 0xB2, 0xDE, 0x20, 0x03, 0xA2, 0xB4, 0xBD, 0x3D, 0x87, 0xA3, 0x02, 0x57, 0xAE, 0x0A,
    0x07, 0xDC, 0x64, 0x66, 0xFB, 0xEA, 0x4A, 0xE4, 0x5A, 0x37, 0x4C, 0xEC, 0x87, 0x44, 0x02, 0x5A,
    0xC5, 0x94, 0x4E, 0xC2, 0x66, 0x03, 0xC9, 0xD2, 0xCC, 0xDF, 0x79, 0x67, 0x10, 0x1B, 0xA9, 0xA1,
    0xA2, 0x36, 0x13, 0x80, 0x87, 0x3A, 0x00, 0x6A, 0x19, 0x44, 0x43, 0x42, 0x1D, 0xF5, 0x3E, 0xFE,
    0xE9, 0x71, 0x71, 0x49, 0x83, 0x9C, 0x4B, 0x4D, 0x87, 0x07, 0x20, 0x87, 0x5A, 0x00, 0x60, 0x7A,
    0x75, 0x28, 0xC0, 0xA5, 0xFE, 0xFD, 0xB4, 0x5B, 0xFD, 0x79, 0x16, 0x16, 0xD1, 0xA0, 0x12, 0x20,
    0x87, 0x3A, 0x00, 0x6A, 0x19, 0x44, 0x43, 0x5B, 0xBF, 0x59, 0x2E, 0x1E, 0x97, 0xE2, 0xB4, 0x1B,
    0xA9, 0xBE, 0xE3, 0xB2, 0x2D, 0x03, 0x50, 0x87, 0x5A, 0x00, 0x60, 0x7A, 0x75, 0x31, 0xAB, 0xA5,
    0xC4, 0xE2, 0x5F, 0x54, 0x75, 0x74, 0xBB, 0x0B, 0x30, 0x87, 0x23, 0x00, 0x80, 0x75, 0xD1, 0xD8,
    0x31, 0x9B, 0xCA, 0x6D, 0x14, 0x38, 0x91, 0xB1, 0xFC, 0xBF, 0x9D, 0x40, 0x87, 0x43, 0x00, 0x56,
    0x32, 0xC4, 0xB1, 0x52, 0xE3, 0xA8, 0xD1, 0x82, 0x77, 0x7A, 0xA8, 0x1A, 0x4A, 0xAA, 0x83, 0xC1,
    0x00, 0x43, 0x6F, 0xFD, 0x07, 0x17, 0x5B, 0x95, 0xEB, 0x8D, 0x7A, 0xD7, 0xD1, 0x47, 0xD2, 0x9A,
    0x6B, 0x95, 0x04, 0xF0, 0x85, 0xA2, 0x00, 0x35, 0x01, 0x11, 0x76, 0xD9, 0xA6, 0xC1, 0xC1, 0xCA,
    0x73, 0x89, 0x66, 0x82, 0xA5, 0x34, 0x0A, 0x42, 0x15, 0x42, 0xB8, 0x83, 0xC1, 0x00, 0x8A, 0x0B,
    0x48, 0xBE, 0x04, 0x4C, 0x54, 0xD5, 0x7D, 0x4A, 0xE4, 0x58, 0x73, 0xB2, 0x84, 0x93, 0xD5, 0xC7,
    0x01, 0xA7, 0xF8, 0x00, 0xB9, 0x09, 0xB5, 0x75, 0x32, 0xAD, 0xC8, 0x03, 0x7C, 0xCA, 0x1B, 0xD3,
    0x3E, 0x1F, 0x2A, 0x3D, 0x16, 0xD5, 0x40, 0xCA, 0xAB, 0xF0, 0xB0, 0x9A, 0x66, 0x7D, 0x3A, 0x8A,
    0x1B, 0x1E, 0x95, 0x4D, 0x8F, 0x1C, 0x20, 0x00, 0x5D, 0x20, 0xD0, 0xF1, 0xEF, 0x73, 0x85, 0xDE,
    0x45, 0x07, 0x90, 0x72, 0xC7, 0x83, 0xC1, 0x00, 0x12, 0x16, 0xD5, 0x6F, 0xD3, 0xE6, 0x56, 0x62,
    0x8F, 0x67, 0x60, 0x79, 0x8E, 0x16, 0x26, 0xEF, 0x3A, 0xC1, 0x06, 0x22, 0x53, 0x51, 0x00, 0x80,
    0xE7, 0xD7, 0x31, 0xA7, 0xBC, 0xC3, 0xB1, 0x1D, 0x73, 0x50, 0x81, 0x66, 0xA9, 0xDD, 0x8F, 0xCE,
    0x24, 0xC5, 0x48, 0x84, 0x6B, 0x46, 0x40, 0x75, 0xDA, 0x18, 0x5F, 0xF3, 0x73, 0xB8, 0x79, 0xA2,
    0xA8, 0x09, 0x7A, 0xCA, 0xDB, 0xA3, 0xB2, 0xA7, 0x77, 0x52, 0xE5, 0xCD, 0x7C, 0x5B, 0xCC, 0x81,
    0xC1, 0x00, 0xC7, 0x63, 0xEE, 0x48, 0xAC, 0x04, 0x33, 0x1A, 0x8E, 0x66, 0xDE, 0xE8, 0x12, 0x41,
    0xB8, 0x08, 0x34, 0x4C, 0xD9, 0xBF, 0x1B, 0xE4, 0x4C, 0xE9, 0x04, 0x84, 0xA3, 0x00, 0x69, 0x1B,
    0x54, 0xEE, 0x63, 0xEE, 0x4E, 0xB9, 0x13, 0x41, 0xB4, 0x1E, 0x60, 0x56, 0xCE, 0x61, 0x51, 0xAB,
    0x16, 0x3B, 0x43, 0x80, 0x80, 0xC1, 0x00, 0x4A, 0x0B, 0x93, 0x8F, 0xF0, 0x23, 0x57, 0x7C, 0xE9,
    0x56, 0x66, 0xA9, 0x28, 0x04, 0x8E, 0x95, 0x3B, 0x05, 0x44, 0x46, 0x46, 0xBF, 0x41, 0x5C, 0xC0,
    0x4B, 0x5F, 0xFD, 0x45, 0x1A, 0xD2, 0xB8, 0x1E, 0xC0, 0x83, 0xA3, 0x00, 0x1D, 0x34, 0x0C, 0x4E,
    0xC3, 0x53, 0xD8, 0x38, 0x5A, 0x21, 0x07, 0x57, 0x95, 0xC2, 0x9E, 0x88, 0x6C, 0x3A, 0x14, 0x74,
    0xEB, 0x1D, 0x7A, 0x80, 0x84, 0xC1, 0x00, 0x44, 0x95, 0x4C, 0x89, 0xFD, 0x87, 0x04, 0x69, 0x28,
    0x3B, 0x70, 0x38, 0x79, 0x30, 0x37, 0x61, 0x0E, 0x1B, 0x0E, 0x8F, 0x4B, 0x78, 0x8B, 0x99, 0xBB,
    0x40, 0x87, 0xA3, 0x00, 0x73, 0xE4, 0xE5, 0xCD, 0xD0, 0x04, 0xE6, 0xF1, 0x9B, 0xEC, 0x12, 0x20,
    0x32, 0x7A, 0x82, 0xFB, 0x4A, 0x76, 0x82, 0xC1, 0x00, 0x60, 0x93, 0x54, 0x7C, 0x0B, 0x46, 0x5D,
    0x84, 0xC3, 0x13, 0xB0, 0xDA, 0x2D, 0x62, 0x38, 0x3A, 0xCD, 0xE6, 0x93, 0x44, 0x90, 0xBC, 0x84,
    0xC4, 0x00, 0x9C, 0x79, 0x1C, 0x6E, 0xC7, 0x49, 0x6F, 0xC1, 0xE8, 0x17, 0xC6, 0xF6, 0x2B, 0xDE,
    0xB7, 0x3F, 0x49, 0x04, 0x7F, 0xEC, 0xC0, 0x82, 0xC1, 0x00, 0x3E, 0x2C, 0x66, 0x3A, 0x61, 0x75,
    0xC7, 0x83, 0x6E, 0xA0, 0xD2, 0x07, 0x4C, 0x8A, 0x53, 0x90, 0x3D, 0x0A, 0xDF, 0x17, 0x6C, 0xD8,
    0x84, 0xC4, 0x00, 0x81, 0x8F, 0x60, 0x6A, 0x37, 0xE9, 0x66, 0x41, 0x84, 0x7C, 0x39, 0x6F, 0x7C,
    0xBF, 0xE9, 0x6E, 0x86, 0x8B, 0x24, 0x33, 0x81, 0xC1, 0x00, 0x44, 0xBE, 0xE0, 0x9F, 0x7D, 0xE8,
    0xDE, 0xB9, 0x9E, 0x41, 0x26, 0x82, 0xF8, 0x98, 0xA4, 0x66, 0xE8, 0x70, 0xE1, 0x38, 0xC4, 0x5C,
    0x70, 0x7E, 0x55, 0x3D, 0x53, 0x83, 0xC4, 0x00, 0x37, 0x30, 0x47, 0xA3, 0x49, 0x19, 0xD4, 0xAF,
    0x1E, 0x3D, 0x44, 0x7B, 0x4B, 0xFC, 0x9B, 0x43, 0xE3, 0xB5, 0x3C, 0x14, 0xCB, 0x83, 0x3A, 0x68,
    0x80, 0xC1, 0x00, 0xAA, 0x3D, 0xC9, 0x2D, 0x6D, 0xC8, 0xCA, 0x46, 0x02, 0x8D, 0x1A, 0xBD, 0x34,
    0x65, 0x97, 0xD8, 0x1F, 0x6E, 0x8E, 0x8E, 0xD7, 0xD4, 0x12, 0x83, 0x0C, 0x63, 0xA0, 0x83, 0xC4,
    0x00, 0x1E, 0xE8, 0xFD, 0x71, 0xF8, 0x1D, 0x34, 0x1D, 0x20, 0xC0, 0x8E, 0x86, 0x3D, 0x04, 0x8C,
    0xFE, 0x6F, 0xF8, 0xB2, 0x05, 0x44, 0x00, 0x40, 0x84, 0xC1, 0x00, 0x27, 0xD4, 0xD4, 0xDA, 0x9B,
    0xBF, 0x83, 0x6D, 0xC0, 0x8A, 0x4A, 0x3D, 0xE3, 0x50, 0xE2, 0x79, 0x13, 0x08, 0x58, 0x81, 0xED,
    0xDD, 0xD9, 0xEC, 0xFD, 0x87, 0xC4, 0x00, 0x7C, 0xBB, 0x94, 0x2D, 0x94, 0xAC, 0xD2, 0x3C, 0x82,
    0x9A, 0x73, 0xB4, 0x1A, 0x87, 0xA2, 0xB3, 0x98, 0x8E, 0x87, 0x27, 0x00, 0x57, 0x18, 0x7E, 0xE6,
    0x0C, 0x7B, 0xD3, 0x22, 0x5C, 0x21, 0x0F, 0x14, 0x2B, 0x50, 0x87, 0x47, 0x00, 0x65, 0xA5, 0xDD,
    0x18, 0x84, 0x2F, 0xDD, 0x9C, 0xDD, 0xBC, 0x21, 0xC1, 0x95, 0x85, 0xD7, 0x00, 0x35, 0x7E, 0x09,
    0x6D, 0xD4, 0xDD, 0xC9, 0x7F, 0x0B, 0xC3, 0x0A, 0xC4, 0x22, 0x35, 0xE2, 0xF8, 0x60, 0x85, 0xAA,
    0x00, 0x33, 0x54, 0xCF, 0x58, 0xF5, 0x03, 0x66, 0x7E, 0xAC, 0xC1, 0x68, 0xC9, 0x2A, 0x31, 0x96,
    0x55, 0x40, 0x86, 0xD7, 0x00, 0x2B, 0x21, 0xCE, 0x8D, 0xE0, 0x89, 0xEC, 0x17, 0x53, 0x31, 0xCA,
    0x72, 0x64, 0x2B, 0xCD, 0x45, 0xB3, 0x87, 0xD6, 0x00, 0xC1, 0xF0, 0x97, 0x5B, 0x52, 0x8B, 0x6E,
    0xB1, 0xFF, 0xF3, 0x95, 0x09, 0xA4, 0xFF, 0x6B, 0xFC, 0x7C, 0x83, 0xD3, 0x00, 0x78, 0x33, 0xE7,
    0xA8, 0xA0, 0x60, 0x49, 0x47, 0x5B, 0xE6, 0x22, 0x18, 0x64, 0x06, 0x4F, 0x5E, 0x1F, 0x42, 0xDA,
    0x00, 0xB9, 0x11, 0xC0, 0x6D, 0xEB, 0x4E, 0x52, 0x44, 0x26, 0x46, 0xBF, 0x23, 0xB5, 0x3E, 0xEA,
    0x5F, 0xB3, 0x22, 0xA9, 0xCB, 0xC2, 0x01, 0xC2, 0xA7, 0xE0, 0x13, 0xD7, 0x95, 0x60, 0x6D, 0x0C,
    0x88, 0xAE, 0x4D, 0xBD, 0xE9, 0x17, 0x8C, 0x92, 0x27, 0xA2, 0x4E, 0x90, 0x8C, 0x10, 0x85, 0xD7,
    0x00, 0x08, 0x7D, 0xDF, 0x32, 0x5F, 0xF5, 0x38, 0x62, 0x28, 0xB5, 0x67, 0xAE, 0x05, 0x92, 0xA8,
    0x2E, 0x1D, 0x49, 0x73, 0x59, 0x00, 0x7A, 0x3C, 0x57, 0x10, 0x6A, 0x8D, 0x12, 0x51, 0xDC, 0x45,
    0x2B, 0x41, 0x31, 0x85, 0x53, 0x8A, 0x27, 0xBA, 0x8A, 0xE3, 0xEB, 0xFC, 0xB1, 0x22, 0x9B, 0xC0,
    0xC2, 0xB6, 0x3C, 0xD6, 0xA6, 0xE5, 0xBA, 0xE2, 0x1D, 0xCE, 0xC1, 0xB6, 0x1B, 0x7C, 0x81, 0x68,
    0xE6, 0xF8, 0x81, 0xD3, 0x00, 0xB5, 0xF7, 0x48, 0x00, 0xD2, 0x6C, 0x2C, 0xDA, 0x37, 0x99, 0x0C,
    0xA9, 0xD9, 0x62, 0xCE, 0x0B, 0x1F, 0x8B, 0x33, 0x19, 0xC3, 0xF1, 0x90, 0x84, 0xB5, 0x00, 0x69,
    0x1B, 0x54, 0xEE, 0x5F, 0xAC, 0xF5, 0x59, 0xFE, 0x59, 0x64, 0x38, 0x5D, 0xED, 0xB8, 0x33, 0x99,
    0xE8, 0xFC, 0x97, 0xC0, 0xB9, 0xFF, 0x2C, 0xB7, 0x96, 0x01, 0x93, 0xD2, 0x25, 0xD4, 0x2D, 0xF1,
    0x31, 0x85, 0x91, 0x8E, 0xB5, 0x62, 0xD4, 0xE0, 0x82, 0xD7, 0x00, 0x3C, 0x99, 0xF8, 0x48, 0xF7,
    0xE0, 0xFE, 0x47, 0xAB, 0xA4, 0x4B, 0x85, 0xE1, 0xAC, 0x50, 0xEA, 0xB1, 0x91, 0x82, 0x06, 0xE5,
    0x05, 0x23, 0xA7, 0x52, 0x76, 0xCC, 0xB8, 0xC0, 0x60, 0x83, 0xAB, 0x00, 0x1D, 0x2C, 0x46, 0x9D,
    0x98, 0x91, 0x7C, 0x6A, 0x13, 0xC8, 0x24, 0xB5, 0x16, 0x31, 0x55, 0x89, 0x70, 0x6E, 0xD1, 0x7B,
    0x18, 0xC8, 0x48, 0x86, 0xD7, 0x00, 0x33, 0x19, 0x52, 0xD2, 0x0A, 0x0D, 0x65, 0xB6, 0x34, 0x0E,
    0x35, 0x3B, 0xC3, 0x82, 0x53, 0x1C, 0x9C, 0x24, 0x15, 0x84, 0x08, 0x80, 0x24, 0x87, 0xAB, 0x00,
    0x63, 0x84, 0x9C, 0x6C, 0x66, 0x12, 0xBB, 0x4C, 0x9D, 0xBC, 0x3B, 0x4E, 0x25, 0xF2, 0xEC, 0xCC,
    0x83, 0xEB, 0x00, 0x15, 0xC8, 0x9F, 0xE8, 0x73, 0xE7, 0x2B, 0x67, 0x55, 0x92, 0x27, 0x05, 0x8C,
    0x38, 0xC4, 0x85, 0xAE, 0x00, 0x14, 0x10, 0x9C, 0x00, 0xDC, 0x1E, 0x99, 0x52, 0x51, 0xC5, 0x77,
    0x14, 0xD7, 0xBB, 0x20, 0x87, 0x2B, 0x00, 0x65, 0x07, 0x4F, 0x48, 0x79, 0x2A, 0x30, 0xE4, 0xC3,
    0x34, 0x87, 0x4B, 0x00, 0x58, 0xD8, 0x0B, 0x93, 0x11, 0x3F, 0x6D, 0xD0, 0xA1, 0xEB, 0x80, 0x87,
    0x31, 0x00, 0xA0, 0x06, 0x39, 0x03, 0xF3, 0x38, 0x93, 0xFC, 0x3C, 0xF2, 0xA1, 0x57, 0xCA, 0x2F,
    0x87, 0x51, 0x00, 0x67, 0xCB, 0xF9, 0x38, 0x5D, 0x6E, 0x98, 0xBD, 0x53, 0x98, 0x0E, 0x24, 0x80,
    0x86, 0x94, 0x00, 0x3D, 0x5F, 0xBA, 0x93, 0x92, 0x3B, 0x19, 0x95, 0x4A, 0x1D, 0xEB, 0x89, 0x0A,
    0x73, 0x98, 0x85, 0xB4, 0x00, 0x33, 0x75, 0x5A, 0xF0, 0x53, 0x4A, 0x5D, 0x42, 0x9E, 0x0A, 0x40,
    0x01, 0x3B, 0x3E, 0x22, 0x00, 0x40, 0x86, 0x93, 0x00, 0x7A, 0xB8, 0xBA, 0x9D, 0xC1, 0x03, 0x7A,
    0xFE, 0x7D, 0x84, 0xAF, 0x2E, 0xAC, 0x8F, 0x04, 0xC1, 0xB4, 0xD6, 0xF0, 0xF4, 0x87, 0x30, 0x03,
    0xC8, 0xA0, 0xB1, 0xC3, 0x21, 0x53, 0x44, 0xE2, 0xE6, 0x46, 0xB7, 0x52, 0xC5, 0x85, 0x88, 0xBA,
    0x39, 0xA9, 0x4B, 0x96, 0x39, 0x1F, 0x47, 0xE6, 0x39, 0x3C, 0xFB, 0xD1, 0xF1, 0x2D, 0xCE, 0x5C,
    0x21, 0x80, 0x86, 0x93, 0x00, 0x12, 0x69, 0x08, 0xE7, 0x85, 0xAD, 0x4C, 0x43, 0xC4, 0x46, 0x40,
    0x9F, 0xE5, 0x7B, 0xE7, 0xBA, 0xB3, 0xF1, 0xE1, 0xC0, 0x85, 0xB5, 0x00, 0x77, 0x93, 0x0C, 0x47,
    0x28, 0x30, 0xB2, 0x82, 0x7A, 0x18, 0x95, 0x0E, 0x17, 0x2C, 0x1C, 0x80, 0x84, 0x93, 0x00, 0xC1,
    0x44, 0x87, 0x03, 0x57, 0xF7, 0x32, 0xC5, 0x5C, 0xF1, 0xA1, 0x22, 0xE7, 0x5C, 0x76, 0x65, 0xA4,
    0xF9, 0xF9, 0x8F, 0x7C, 0x94, 0xD6, 0x84, 0xB5, 0x00, 0x69, 0x1B, 0x4E, 0x08, 0x35, 0x7E, 0xDC,
    0x35, 0xF1, 0x6F, 0x51, 0xF2, 0xB4, 0xF4, 0x70, 0xAB, 0x41, 0x45, 0x65, 0x40, 0x83, 0x94, 0x00,
    0x45, 0x0A, 0x89, 0xA2, 0xED, 0xE4, 0x96, 0x85, 0xD9, 0x73, 0xEE, 0x1E, 0xF8, 0xCC, 0x44, 0x05,
    0x08, 0x83, 0x7B, 0xAF, 0x18, 0xBC, 0x72, 0x58, 0x51, 0x55, 0xF3, 0xFA, 0x08, 0x83, 0xB5, 0x00,
    0x1D, 0x33, 0xFB, 0x8B, 0x55, 0x68, 0x20, 0x3E, 0x22, 0xAF, 0x2A, 0x63, 0x54, 0x90, 0xDD, 0x98,
    0xD0, 0xDF, 0xA6, 0xB3, 0x1F, 0xB0, 0x87, 0x95, 0x00, 0x85, 0x59, 0x5D, 0xB4, 0x57, 0x45, 0x74,
    0x5A, 0xEB, 0xCA, 0xD6, 0xF7, 0xA3, 0x34, 0xEA, 0x98, 0xFA, 0xAA, 0x87, 0xB5, 0x00, 0x74, 0x0E,
    0x41, 0x2E, 0x43, 0x52, 0xF8, 0x55, 0x40, 0x0F, 0xEF, 0xAE, 0x22, 0x15, 0x06, 0x40, 0x81, 0x41,
    0x01, 0x5F, 0x2E, 0x8C, 0xE7, 0x8C, 0x49, 0x3F, 0x79, 0xBD, 0xF7, 0x78, 0xD6, 0x3B, 0xFF, 0xB6,
    0x82, 0x42, 0x01, 0x49, 0x99, 0xB6, 0x1B, 0x0F, 0x1E, 0x66, 0x77, 0xB0, 0x59, 0x9E, 0xBB, 0x20,
    0x80, 0x81, 0x41, 0x01, 0x1E, 0x63, 0xF8, 0x96, 0x6E, 0x61, 0xEA, 0x2A, 0x84, 0x4C, 0x48, 0x6C,
    0xF8, 0xD3, 0xCD, 0x6B, 0x40, 0x82, 0x42, 0x01, 0x10, 0xD7, 0xA9, 0x85, 0x9F, 0xD6, 0x46, 0xDA,
    0x1F, 0x1D, 0x88, 0xE1, 0x89, 0x86, 0x4B, 0x03, 0x37, 0x30, 0x0D, 0x09, 0x6C, 0xE9, 0x55, 0xD2,
    0x61, 0xEC, 0xD0, 0x4A, 0xEA, 0x18, 0xBE, 0xC8, 0x8C, 0x80, 0x85, 0x4C, 0x03, 0x2D, 0x16, 0x3E,
    0x0F, 0x6A, 0xAD, 0xC4, 0xA2, 0x13, 0x5F, 0xE5, 0x5A, 0x6F, 0x67, 0xD4, 0x0B, 0xF8, 0x4C, 0xE3,
    0x80, 0x81, 0x41, 0x01, 0x33, 0x2D, 0x22, 0xB1, 0x9C, 0xA1, 0x6B, 0x2D, 0x51, 0x87, 0x2B, 0xC6,
    0x50, 0xC0, 0xE2, 0xCF, 0xAF, 0x5F, 0xA3, 0x1B, 0xE2, 0xE0, 0x82, 0x42, 0x01, 0x26, 0x04, 0xA7,
    0xC8, 0x78, 0xA9, 0x87, 0x8A, 0x95, 0xDC, 0x21, 0x98, 0xDB, 0x87, 0x42, 0x34, 0xBE, 0xFE, 0xC2,
    0x87, 0x41, 0x01, 0xAE, 0x15, 0x2F, 0x31, 0x97, 0x68, 0x97, 0x82, 0xAE, 0xFC, 0xBA, 0x68, 0x56,
    0x21, 0x93, 0xA4, 0x76, 0xC0, 0x87, 0x42, 0x01, 0x99, 0x20, 0xDF, 0x29, 0x07, 0xB7, 0x06, 0x63,
    0x97, 0x3D, 0xE6, 0xCA, 0xEF, 0x3A, 0xE0, 0x87, 0x37, 0x00, 0x65, 0xE4, 0x72, 0xF9, 0xE8, 0xC3,
    0x9D, 0x0E, 0x7E, 0x85, 0x09, 0xC3, 0xFA, 0xEF, 0x8F, 0xBA, 0x00, 0x51, 0x30, 0x15, 0x67, 0x99,
    0x7B, 0xC7, 0x9A, 0x43, 0x66, 0x6C, 0xB3, 0x89, 0x80, 0x83, 0x2B, 0x01, 0x43, 0x6A, 0x9D, 0x0D,
    0x35, 0xF6, 0x75, 0xC9, 0xA3, 0x96, 0x9C, 0x38, 0x5B, 0x26, 0x37, 0xE6, 0xC2, 0x9A, 0xEC, 0x85,
    0xBB, 0x00, 0x37, 0x99, 0xB2, 0x87, 0x1B, 0x96, 0xC8, 0x20, 0x87, 0x6B, 0xBE, 0x6C, 0xC5, 0x86,
    0x67, 0x9A, 0xF0, 0xB7, 0x40, 0x81, 0x43, 0x01, 0x62, 0x4C, 0x75, 0xCD, 0x90, 0x7C, 0x55, 0x22,
    0x44, 0x73, 0x5D, 0x5C, 0xA5, 0x99, 0x30, 0x08, 0x82, 0x44, 0x01, 0x56, 0xAB, 0x82, 0x0D, 0xF5,
    0xD8, 0x52, 0x02, 0x47, 0x44, 0xE3, 0xCC, 0x6E, 0xCD, 0x38, 0x81, 0x43, 0x01, 0x22, 0xCF, 0xB1,
    0x0D, 0x6C, 0xC8, 0xAF, 0x96, 0x64, 0x7C, 0x01, 0xC5, 0x90, 0xA8, 0xAB, 0x63, 0x59, 0x82, 0x44,
    0x01, 0x15, 0x13, 0xE3, 0xBA, 0x01, 0x80, 0x69, 0xCD, 0x80, 0x07, 0x04, 0x94, 0x50, 0xB3, 0x1E,
    0xF0, 0x40, 0x80, 0x43, 0x01, 0x3D, 0x75, 0x25, 0x6F, 0x7E, 0x25, 0x46, 0x03, 0x49, 0xAD, 0x13,
    0x77, 0x09, 0x34, 0x46, 0xDA, 0xEB, 0x34, 0xAB, 0x6D, 0x48, 0x80, 0x44, 0x01, 0x31, 0x59, 0xAA,
    0x89, 0xA8, 0x9A, 0x88, 0x27, 0xAF, 0x4B, 0x5C, 0x15, 0x71, 0xB2, 0x11, 0xB4, 0x09, 0xEB, 0xE1,
    0xC5, 0x70, 0x81, 0x43, 0x01, 0x43, 0x03, 0x85, 0x47, 0x07, 0x34, 0xE7, 0xC0, 0xED, 0xFC, 0x80,
    0x82, 0x72, 0x3C, 0xD4, 0xD7, 0x44, 0x94, 0x86, 0x5A, 0x2F, 0xF5, 0xF0, 0x82, 0x44, 0x01, 0x28,
    0x60, 0xA9, 0x30, 0xE4, 0x92, 0x79, 0x61, 0x1B, 0x71, 0x7C, 0x19, 0x54, 0x32, 0xBB, 0xC1, 0x8A,
    0x4F, 0x6F, 0x64, 0x87, 0x43, 0x01, 0xB0, 0x5C, 0xE7, 0xAF, 0x00, 0x44, 0xFC, 0x38, 0x94, 0x1A,
    0x8B, 0x57, 0x5D, 0x40, 0x55, 0x1C, 0xB8, 0xF8, 0x87, 0x44, 0x01, 0xAD, 0x66, 0xE3, 0xC4, 0xAC,
    0x98, 0x97, 0x11, 0xA6, 0xBA, 0x22, 0xFF, 0xF6, 0x37, 0x1D, 0xA0, 0x87, 0x9E, 0x00, 0x20, 0x3A,
    0x9E, 0x1E, 0xBF, 0x0C, 0xB2, 0x5B, 0x51, 0xB2, 0x86, 0x59, 0x32, 0x28, 0xA0, 0xC7, 0x87, 0xBE,
    0x00, 0x15, 0x66, 0xD1, 0xE0, 0xD3, 0x82, 0x67, 0xE5, 0x93, 0xB5, 0x55, 0xD3, 0x1F, 0xB1, 0xD4,
    0xB6, 0x40, 0x87, 0x3B, 0x00, 0x67, 0xA0, 0xA7, 0xAC, 0xE3, 0xFB, 0x74, 0xA8, 0xE1, 0x85, 0xEE,
    0x47, 0xE1, 0x71, 0xBE, 0x6B, 0x87, 0x5B, 0x00, 0x63, 0x69, 0xD3, 0x68, 0xFC, 0xED, 0xA7, 0x9B,
    0x5D, 0x1A, 0xA9, 0x6F, 0x4E, 0x66, 0x01, 0x20, 0x86, 0x9E, 0x00, 0x3D, 0x5F, 0xBA, 0x93, 0x93,
    0x0D, 0xC1, 0xFB, 0x38, 0xD7, 0x0A, 0x1A, 0x07, 0xCD, 0xF3, 0x4B, 0xED, 0x24, 0x85, 0xBE, 0x00,
    0x3D, 0xA2, 0x98, 0x51, 0x58, 0x72, 0x89, 0xA3, 0x31, 0xDC, 0x94, 0xE0, 0xFE, 0xFA, 0xC1, 0x97,
    0xB6, 0x9D, 0x73, 0xC0, 0x87, 0x9E, 0x00, 0x3A, 0x57, 0xD4, 0x98, 0x23, 0x9E, 0x72, 0x7F, 0x78,
    0xC5, 0x2E, 0xB1, 0xDD, 0x50, 0x3F, 0xB6, 0x78, 0x9B, 0x9A, 0x8F, 0xC1, 0x70, 0x87, 0x64, 0x03,
    0xDD, 0xD9, 0x49, 0xF9, 0x18, 0xE8, 0xA9, 0xC6, 0xDD, 0xE3, 0xBF, 0xAF, 0x45, 0xA2, 0x2F, 0xE7,
    0x44, 0xCC, 0x19, 0x8B, 0x95, 0xC0, 0x00, 0x00, 0x00, 0x49, 0x49, 0xCE, 0x84, 0x40, 0x40, 0x00,
    0x03, 0xDE, 0xA1, 0x4B, 0x8E, 0xBD, 0x36, 0x19, 0x89, 0xEF, 0x9F, 0xED, 0x9E, 0x6B, 0x13, 0x9B,
    0xEA, 0xDC, 0xB9, 0x72, 0x00, 0x26, 0x2B, 0x77, 0x79, 0x12, 0xE7, 0x7D, 0x85, 0xC8, 0x1C, 0x0F,
    0xBB, 0xD9, 0xA3, 0xF0, 0x00, 0x26, 0x05, 0xAC, 0x0F, 0x5B, 0x70, 0x46, 0x6A, 0x23, 0x59, 0xDC,
    0x69, 0x5C, 0x2E, 0x97, 0x50, 0x9C, 0x87, 0x0F, 0x00, 0x50, 0x87, 0x0F, 0x00, 0x50, 0x00, 0x05,
    0x0B, 0x13, 0xB1, 0xB1, 0xC0, 0x00, 0x76, 0x85, 0x28, 0x58, 0x87, 0xC0, 0x00, 0xB4, 0x38, 0x27,
    0xDE, 0x7F, 0xD0, 0xEC, 0xB6, 0xE7, 0x88, 0x7F, 0x03, 0x33, 0x8F, 0x00, 0x04, 0x57, 0xA0, 0xF5,
    0x2B, 0xCB, 0x71, 0xF7, 0x5F, 0x01, 0x78, 0x66, 0xC9, 0x6E, 0x07, 0x2B, 0x80, 0x5F, 0x14, 0x00,
    0x6C, 0x5D, 0x20, 0x15, 0x31, 0x2C, 0xB6, 0x79, 0xB2, 0x9D, 0x00, 0x2D, 0xEB, 0x2C, 0x83, 0x05,
    0xD6, 0xDC, 0x68, 0x3C, 0x8C, 0x83, 0x03, 0xBB, 0xFE, 0xF0, 0xC7, 0x44, 0xB5, 0x20, 0x87, 0x0E,
    0x00, 0xA3, 0x48, 0x50, 0x00, 0x0E, 0x51, 0x41, 0xD7, 0x2B, 0x8C, 0xDB, 0x7B, 0x70, 0x00, 0x27,
    0xEF, 0x3F, 0x74, 0xFD, 0xC0, 0xE4, 0xB8, 0x25, 0x99, 0x0B, 0x83, 0xFB, 0x84, 0x4D, 0x42, 0x33,
    0xE9, 0xE8, 0x70, 0x8C, 0x87, 0x03, 0xC8, 0x57, 0xC9, 0x49, 0x7B, 0xBE, 0xE9, 0x0E, 0x14, 0xCE,
    0x7A, 0x00, 0xDB, 0xBE, 0x50, 0x00, 0x66, 0x14, 0x16, 0x0F, 0x6E, 0xEC, 0x5A, 0x5D, 0x31, 0x3A,
    0x26, 0x6A, 0x57, 0xA4, 0xE2, 0xB9, 0xE3, 0x00, 0x0C, 0x01, 0x49, 0xAC, 0xCE, 0x46, 0xA2, 0xA6,
    0x47, 0xD7, 0x09, 0x0D, 0x01, 0x17, 0x6C, 0x2E, 0xA9, 0xD4, 0x80, 0x00, 0x25, 0x42, 0xB4, 0xAA,
    0x80, 0xA5, 0x35, 0xE8, 0x70, 0xD5, 0x84, 0x8F, 0xAD, 0x88, 0xDB, 0x19, 0x2D, 0x77, 0x08, 0xA6,
    0x6F, 0xDD, 0x7C, 0xA9, 0x68, 0xDD, 0xA0, 0x89, 0x8B, 0x03, 0x74, 0xEA, 0x76, 0xD3, 0xCB, 0x86,
    0x42, 0xE1, 0x1B, 0xD4, 0xF4, 0x90, 0x21, 0xC6, 0x95, 0xC1, 0x33, 0x55, 0xB7, 0xBF, 0x40, 0x6D,
    0x26, 0x60, 0x07, 0x36, 0x21, 0xFC, 0xD7, 0x70, 0x00, 0x5E, 0xDC, 0x19, 0x16, 0x6D, 0xB7, 0xEE,
    0x3B, 0x69, 0x80, 0x00, 0x56, 0x67, 0x13, 0xA6, 0x63, 0xEE, 0x3F, 0x1A, 0xDD, 0x71, 0xBF, 0x62,
    0xC4, 0x39, 0x80, 0x87, 0x78, 0x00, 0x4D, 0x00, 0x0D, 0xC3, 0x8C, 0xC5, 0xD9, 0x3F, 0x57, 0x6D,
    0x8E, 0xB6, 0x40, 0x00, 0x9F, 0x04, 0xAB, 0x8B, 0x31, 0xC7, 0xF6, 0x8E, 0x06, 0xF9, 0xE8, 0x54,
    0xB2, 0x32, 0x3D, 0xC7, 0x87, 0x10, 0x00, 0x86, 0x89, 0x79, 0x03, 0xD5, 0x5D, 0x9C, 0xBA, 0x89,
    0x7A, 0x03, 0xDE, 0x1C, 0x3F, 0x3F, 0x87, 0x78, 0x03, 0x00, 0x00, 0xFF, 0xAA, 0x7D, 0xE0, 0x8A,
    0x01, 0x34, 0x87, 0x97, 0x03, 0x70, 0xC0, 0x9B, 0x62, 0xEA, 0xB7, 0x4E, 0xAF, 0x88, 0x67, 0xA8,
    0xC2, 0x70, 0x87, 0x97, 0x03, 0x74, 0x74, 0x16, 0x16, 0x6F, 0x63, 0xE3, 0x7B, 0xAC, 0xA8, 0x59,
    0x31, 0x00, 0xC6, 0xE0, 0x9C, 0xF2, 0x17, 0xC9, 0x36, 0xA8, 0x3B, 0x9D, 0x62, 0xA3, 0x1C, 0x8F,
    0x1C, 0xF1, 0xDD, 0xA1, 0x26, 0x1B, 0x7B, 0xAB, 0x2E, 0x18, 0xF3, 0xD6, 0xBF, 0x31, 0x89, 0xAF,
    0xC6, 0xF1, 0x7B, 0xEF, 0xE8, 0xE9, 0x1C, 0x55, 0x91, 0xD9, 0xB4, 0x4D, 0x0C, 0xC4, 0x98, 0xBF,
    0x9B, 0x55, 0x4F, 0x2B, 0x89, 0xA6, 0x9A, 0xE1, 0x3F, 0xA2, 0x39, 0x3C, 0xD0, 0x6B, 0xF4, 0x65,
    0x04, 0x16, 0xFA, 0xC2, 0xE5, 0xCC, 0xB4, 0x54, 0x21, 0x1C, 0x88, 0x74, 0x06, 0xE2, 0x40, 0x00,
    0xDC, 0x6C, 0x13, 0x8E, 0x92, 0x14, 0xD4, 0x54, 0xA2, 0x38, 0x91, 0xCE, 0x83, 0x66, 0x01, 0x7C,
    0x19, 0x4F, 0xF9, 0x8F, 0x19, 0x47, 0xF7, 0x51, 0xF9, 0x89, 0xC5, 0xE1, 0x63, 0xE1, 0xF0, 0x50,
    0xDE, 0xB8, 0x98, 0x99, 0x20, 0x9D, 0x54, 0xAC, 0x4B, 0xFC, 0x3A, 0x2F, 0x17, 0xEA, 0x9E, 0x89,
    0xCE, 0x3B, 0xFD, 0x4E, 0x5F, 0x97, 0x8A, 0x7B, 0x2C, 0xF0, 0x4E, 0xFB, 0x22, 0xC7, 0x3F, 0x0A,
    0x9D, 0xA9, 0xD8, 0xD0, 0xF6, 0x54, 0xA0, 0x6E, 0x6C, 0x86, 0xC3, 0xAB, 0xC6, 0x38, 0x33, 0xF7,
    0x47, 0x48, 0x2D, 0xBA, 0x79, 0x5F, 0xA6, 0x0F, 0xC0, 0x04, 0x47, 0x9B, 0xAF, 0x20, 0x40, 0x20,
    0xDB, 0x08, 0x00, 0x0B, 0x87, 0x8D, 0xA9, 0x22, 0x20, 0x00, 0x0B, 0x14, 0x90, 0x15, 0xBE, 0x67,
    0x1F, 0x5D, 0xBE, 0x85, 0x09, 0x06, 0x00, 0x0B, 0x63, 0x3B, 0x2B, 0x49, 0xEE, 0xEB, 0x8E, 0xE3,
    0x84, 0xD3, 0x72, 0x17, 0x76, 0xE0, 0x02, 0x22, 0x2A, 0x00, 0x05, 0xF2, 0xCC, 0xC6, 0xEC, 0x70,
    0xC3, 0x00, 0x06, 0x5A, 0x8A, 0xD2, 0x2B, 0x21, 0xBE, 0x4B, 0x7F, 0x5D, 0x98, 0x3C, 0xA3, 0x57,
    0xE7, 0x00, 0x06, 0xA9, 0xEF, 0xCE, 0xC7, 0xC3, 0xF6, 0xE6, 0xC7, 0xC2, 0xDC, 0x01, 0x03, 0x75,
    0xC0, 0x96, 0x1D, 0x6F, 0x65, 0xEA, 0xF9, 0x6A, 0x80, 0x00, 0x26, 0x26, 0x93, 0x2B, 0x1B, 0x6D,
    0xC5, 0xFB, 0xEF, 0xB5, 0x1E, 0xB8, 0x9C, 0x00, 0x2F, 0xBB, 0x35, 0xCD, 0x5D, 0x67, 0xA5, 0x16,
    0x50, 0x41, 0xCE, 0x90, 0x00, 0x03, 0xA1, 0x6A, 0xA2, 0x4D, 0xAA, 0x65, 0x3A, 0xE4, 0x38, 0x60,
    0x68, 0x00, 0x4C, 0x5A, 0x57, 0x55, 0x99, 0xC5, 0x5C, 0x37, 0x01, 0xE4, 0xF3, 0x30, 0x86, 0x0D,
    0x12, 0xC7, 0x60, 0x83, 0x8A, 0xE7, 0x7C, 0xD2, 0xA5, 0x64, 0x57, 0x45, 0xEF, 0x9B, 0xE2, 0xAE,
    0x1B, 0xCA, 0x66, 0x33, 0xCD, 0x73, 0xCD, 0x59, 0xE4, 0x70, 0x2F, 0xBC, 0x0A, 0xFB, 0x40, 0xC4,
    0x78, 0xA5, 0xDA, 0xF9, 0xB4, 0x78, 0x6B, 0xC9, 0xEF, 0x00, 0x01, 0x88, 0xAF, 0xF5, 0x3A, 0x2E,
    0xF0, 0xCC, 0x60, 0xCB, 0x12, 0x10, 0x63, 0xEA, 0x6A, 0xE8, 0x5D, 0xC3, 0x4E, 0x61, 0xAA, 0x86,
    0xA9, 0xB1, 0x49, 0x2A, 0x30, 0xC1, 0x57, 0x61, 0xB6, 0xAB, 0x00, 0x7D, 0xD0, 0xF8, 0x28, 0x8F,
    0x75, 0xDA, 0xD2, 0x81, 0x50, 0xB8, 0x15, 0x41, 0x3E, 0xEA, 0x08, 0x1C, 0x92, 0x8E, 0xA8, 0x50,
    0xB4, 0x41, 0x7D, 0xF1, 0xF5, 0xC5, 0xA7, 0x11, 0xAD, 0x40, 0x87, 0x70, 0x00, 0x4C, 0x87, 0xFD,
    0x01, 0x51, 0x0B, 0x9A, 0x4C, 0xE0, 0x87, 0x02, 0x02, 0x5B, 0x34, 0x32, 0xF1, 0xC4, 0xE0, 0x00,
    0x64, 0x83, 0xCA, 0x62, 0x38, 0xFC, 0x25, 0xAC, 0xF1, 0xB5, 0x95, 0xFB, 0x71, 0x98, 0xA7, 0x87,
    0x2E, 0x91, 0xD3, 0xBD, 0x3E, 0x0D, 0x17, 0xEE, 0x54, 0x80, 0x00, 0x65, 0x03, 0x4E, 0xF7, 0xBD,
    0x06, 0x06, 0x82, 0xD6, 0xDE, 0x9D, 0x94, 0x66, 0x1C, 0x59, 0xA2, 0xAE, 0xCB, 0x52, 0x24, 0xD0,
    0x82, 0x1D, 0xF5, 0x82, 0x49, 0x85, 0x03, 0x35, 0x77, 0x4E, 0x34, 0x4E, 0x68, 0xB1, 0xC0, 0xAB,
    0xD4, 0x56, 0x52, 0xFA, 0x85, 0x29, 0x83, 0x9F, 0x54, 0x0B, 0x3E, 0xEF, 0xAB, 0xF6, 0x71, 0xCB,
    0xE5, 0xD4, 0x7D, 0xDA, 0x9E, 0xD8, 0xFB, 0xD6, 0xFA, 0x81, 0x69, 0xBE, 0x8B, 0x79, 0xF8, 0x2A,
    0x78, 0x7E, 0x0C, 0x4D, 0x43, 0x8F, 0xB9, 0x73, 0x57, 0x67, 0xAA, 0x5F, 0xA1, 0x6F, 0x20, 0x91,
    0x53, 0x2D, 0x31, 0xE1, 0x46, 0xF3, 0x52, 0x31, 0xAA, 0x4A, 0xFE, 0xE2, 0x00, 0x05, 0x02, 0xFC,
    0x0E, 0x6A, 0x00, 0x64, 0x04, 0x6C, 0x02, 0x57, 0x98, 0xDC, 0x66, 0xA1, 0x8A, 0xD7, 0x97, 0x8C,
    0x70, 0x87, 0x3D, 0x00, 0x4D, 0x0A, 0xC4, 0xE1, 0xC6, 0xA7, 0x80, 0x87, 0x3F, 0x00, 0x44, 0x75,
    0x6C, 0x88, 0x59, 0x8D, 0x00, 0xAF, 0x06, 0x14, 0x2C, 0xD9, 0x11, 0x1C, 0xD5, 0xDB, 0x0F, 0xB4,
    0x72, 0x8E, 0xB3, 0x0F, 0x17, 0x4F, 0x93, 0x42, 0xC8, 0xB7, 0x9B, 0x43, 0x29, 0xBF, 0x3F, 0x3E,
    0x1A, 0x87, 0xC5, 0xEF, 0x14, 0x7A, 0x07, 0x68, 0xCB, 0xA6, 0x9C, 0xBD, 0x1D, 0xD5, 0xF2, 0x19,
    0x72, 0xD3, 0x11, 0x1B, 0xA3, 0xFE, 0x00, 0x93, 0x7A, 0x91, 0xED, 0x13, 0xAB, 0x46, 0x99, 0xD6,
    0xD7, 0x07, 0x9C, 0x7F, 0x0D, 0x73, 0xF4, 0xCD, 0x46, 0xED, 0x50, 0xA0, 0x8B, 0x52, 0x2C, 0xD8,
    0x68, 0x72, 0xEE, 0xCC, 0xE3, 0x8E, 0xBA, 0x99, 0x83, 0xB2, 0x93, 0x5B, 0xDD, 0xEA, 0xA0, 0x00,
    0x8F, 0xB8, 0x36, 0xBF, 0x1B, 0x79, 0xE1, 0x5C, 0x1F, 0x68, 0xE8, 0x20, 0x8A, 0x49, 0x02, 0x67,
    0xE7, 0xBC, 0xB1, 0x93, 0x22, 0x36, 0x82, 0x99, 0x58, 0x65, 0xC5, 0x94, 0x8D, 0x2E, 0x8C, 0x6A,
    0x04, 0xC4, 0xE0, 0x26, 0x21, 0x14, 0x2F, 0x00, 0x09, 0x5B, 0x2D, 0x19, 0xD6, 0xAF, 0x96, 0xD1,
    0x8B, 0x53, 0x13, 0x69, 0x29, 0xCD, 0x4F, 0xA4, 0x86, 0x54, 0x9F, 0xF8, 0x00, 0x05, 0x36, 0x03,
    0xAB, 0xE2, 0x8B, 0xF8, 0x5E, 0xE6, 0x8C, 0xFF, 0xEB, 0xDF, 0xF9, 0x0B, 0x00, 0xB7, 0x1B, 0x2F,
    0x80, 0x6D, 0xBA, 0x4A, 0xF1, 0x24, 0x76, 0x08, 0xF8, 0x51, 0x4B, 0xA1, 0xEE, 0xF5, 0x8E, 0x00,
    0x84, 0x22, 0xE1, 0x89, 0xED, 0x11, 0x21, 0x95, 0xCF, 0xF8, 0x67, 0xFD, 0x0E, 0x11, 0x2D, 0x3B,
    0xD7, 0xDD, 0x7E, 0x55, 0x00, 0x7C, 0x95, 0x6C, 0x2A, 0xB0, 0x3D, 0x2D, 0xFB, 0x28, 0xDA, 0x1E,
    0x1E, 0x0B, 0xD5, 0xA4, 0x18, 0x50, 0xE0, 0x87, 0x0C, 0x00, 0x78, 0x84, 0xCF, 0x06, 0x90, 0x0E,
    0x1F, 0x63, 0x0A, 0xB0, 0x00, 0x3F, 0xC2, 0x99, 0x9E, 0x98, 0x30, 0xF8, 0x73, 0xA8, 0x4A, 0xF9,
    0xCE, 0x47, 0x62, 0xB7, 0x00, 0xA0, 0xEA, 0xA3, 0x56, 0x4D, 0x54, 0x91, 0x29, 0x2F, 0xAF, 0x05,
    0x65, 0xD3, 0xD0, 0x50, 0x17, 0x52, 0xC3, 0x3E, 0xB8, 0xDA, 0x14, 0x37, 0x4B, 0xB5, 0x00, 0x9A,
    0x33, 0x18, 0x68, 0xEE, 0x30, 0x87, 0x0C, 0x00, 0x78, 0x84, 0x8D, 0x7A, 0x30, 0xCA, 0x25, 0xD0,
    0xE8, 0x7A, 0x2D, 0x5C, 0xDE, 0xF4, 0xC0, 0x5E, 0x90, 0x1A, 0xA9, 0xD6, 0x3C, 0xCC, 0x80, 0xC0,
    0x15, 0x47, 0x3C, 0x87, 0x11, 0xAB, 0x86, 0x7B, 0x74, 0xD0, 0x6D, 0x8B, 0xF8, 0x12, 0x93, 0xE1,
    0x29, 0xA5, 0x2D, 0x33, 0x0B, 0xDC, 0x00, 0x07, 0x79, 0x48, 0x20, 0x91, 0x76, 0x2B, 0x93, 0xAF,
    0x26, 0x2D, 0xA3, 0x08, 0xC1, 0xF8, 0xD7, 0x05, 0x9C, 0xA7, 0x2E, 0xB9, 0x94, 0x9A, 0x3C, 0x02,
    0xC0, 0x87, 0x60, 0x00, 0x9D, 0x42, 0xB2, 0x45, 0x00, 0x5A, 0x6B, 0xE0, 0xE1, 0x05, 0xC1, 0x4F,
    0x61, 0x0F, 0x57, 0xE8, 0xEA, 0xBF, 0x42, 0x2A, 0x4C, 0x5C, 0x00, 0x3D, 0x56, 0x1D, 0x9B, 0x9B,
    0xBF, 0x47, 0x11, 0xEE, 0x3D, 0xD0, 0xAC, 0xF0, 0x1B, 0xA0, 0xF8, 0x7A, 0xB6, 0x4D, 0xAE, 0x02,
    0x14, 0xDC, 0x23, 0x24, 0x8F, 0xAD, 0xCC, 0x63, 0xAC, 0x88, 0xA4, 0x9F, 0x88, 0xB3, 0x4A, 0x40,
    0x00, 0xA4, 0xC7, 0xD6, 0x68, 0x4F, 0x88, 0xB3, 0x5B, 0xF6, 0x91, 0xFA, 0x9A, 0xAB, 0x49, 0x0B,
    0xF3, 0xB1, 0xD0, 0x00, 0x0B, 0xB9, 0x03, 0x9A, 0x59, 0xD3, 0x85, 0x72, 0xAD, 0xEE, 0xAE, 0xC0,
    0x97, 0x89, 0xC3, 0x7F, 0xB1, 0x44, 0x4B, 0x75, 0x0C, 0x66, 0x97, 0xDD, 0x00, 0xA6, 0x40, 0xB3,
    0x89, 0xFD, 0xEE, 0x14, 0x52, 0x7D, 0x3E, 0xFE, 0x9F, 0x6E, 0x55, 0xBE, 0xAA, 0x4E, 0x6D, 0x62,
    0x3B, 0x7F, 0xF9, 0x9C, 0xDE, 0xC0, 0x00, 0x8B, 0x18, 0x97, 0x73, 0x73, 0x7F, 0x38, 0x83, 0x9A,
    0x08, 0x8B, 0x92, 0x58, 0xFE, 0xB3, 0xF8, 0x90, 0xA4, 0x7B, 0x75, 0x90, 0x16, 0xE1, 0x32, 0xD0,
    0xD4, 0x2C, 0x70, 0xEE, 0x84, 0x00, 0x35, 0x2D, 0x17, 0x23, 0xC0, 0x88, 0x9F, 0x01, 0xB5, 0x86,
    0x84, 0xC3, 0x03, 0xA1, 0x18, 0x82, 0x09, 0x59, 0xDD, 0xEB, 0x50, 0xE5, 0xA2, 0xE1, 0xAA, 0x96,
    0xE9, 0xE2, 0xBC, 0x61, 0xA5, 0xF0, 0x00, 0x07, 0xB4, 0xCE, 0x70, 0xF0, 0xB8, 0x51, 0xC5, 0x49,
    0x7B, 0x72, 0x3C, 0x9F, 0x80, 0xCE, 0x0F, 0x92, 0xDD, 0xE8, 0x98, 0xD6, 0xB9, 0xE0, 0x0B, 0xD9,
    0x93, 0x69, 0xA0, 0x1A, 0xCB, 0x95, 0x23, 0x4A, 0x15, 0xC0, 0x87, 0xC5, 0x03, 0x61, 0x82, 0x2B,
    0x58, 0xE1, 0x4C, 0x64, 0x08, 0x00, 0x35, 0x2D, 0x11, 0x1B, 0x09, 0xED, 0x16, 0x46, 0xD6, 0xD5,
    0x10, 0xC4, 0x68, 0x70, 0x6F, 0xFA, 0x76, 0x3A, 0xF6, 0x80, 0x87, 0x97, 0x03, 0x74, 0x68, 0xEB,
    0x86, 0xA4, 0x07, 0xBC, 0x3D, 0x45, 0x37, 0xFD, 0x4B, 0xBE, 0x90, 0x87, 0x97, 0x03, 0x70, 0xBE,
    0x6E, 0x43, 0x8D, 0x33, 0x4D, 0xAE, 0xBA, 0xA4, 0xB4, 0x84, 0xE4, 0xAF, 0x18, 0x87, 0x78, 0x03,
    0x07, 0x6D, 0x51, 0xD7, 0x1F, 0x5B, 0x42, 0xAE, 0x86, 0x78, 0x03, 0xD8, 0x05, 0x70, 0x04, 0x03,
    0x43, 0x58, 0x90, 0x07, 0x87, 0x78, 0x03, 0xCB, 0x47, 0x3F, 0xC7, 0xEC, 0x96, 0xD4, 0xDD, 0x89,
    0xED, 0xE8, 0x88, 0x87, 0xD8, 0x03, 0x01, 0xB5, 0xCA, 0x75, 0x33, 0x2C, 0x4B, 0xE2, 0x5D, 0x5B,
    0x67, 0x19, 0x00, 0x24, 0x24, 0x73, 0x59, 0x78, 0x37, 0xE5, 0x31, 0xF6, 0xBE, 0xFE, 0x61, 0xD8,
    0x72, 0x3C, 0x91, 0x20, 0xC0, 0x00, 0x11, 0xFF, 0x46, 0x7B, 0x09, 0x04, 0x27, 0x0F, 0xE4, 0xF5,
    0x9B, 0xB5, 0x00, 0x3A, 0xCF, 0x56, 0x4B, 0xD4, 0xAA, 0x9B, 0x39, 0xA5, 0x04, 0x3E, 0xB5, 0x2E,
    0x29, 0x4E, 0x7F, 0x47, 0x54, 0xD9, 0x6A, 0x00, 0x57, 0x0C, 0xDD, 0xF0, 0x6C, 0x0E, 0xAF, 0x35,
    0xD7, 0x3D, 0x6B, 0x4E, 0xCF, 0x29, 0xFC, 0xB5, 0x36, 0x7F, 0x8A, 0x52, 0x49, 0xDC, 0x00, 0x29,
    0xB8, 0xA8, 0xBC, 0xD1, 0xD9, 0xFF, 0x1B, 0x69, 0x6C, 0xEF, 0x51, 0x46, 0xE0, 0x60, 0xFC, 0x8A,
    0xBA, 0x82, 0x45, 0x48, 0x58, 0x00, 0x53, 0x6E, 0x73, 0x86, 0xA1, 0x92, 0xB2, 0xBE, 0xC5, 0x03,
    0xAC, 0x1E, 0x91, 0x00, 0x24, 0x22, 0x46, 0x62, 0x4E, 0x35, 0x9D, 0x13, 0x47, 0xDA, 0xFC, 0x4B,
    0x89, 0xA5, 0xC9, 0xDC, 0xC2, 0xBA, 0xF8, 0xE7, 0x85, 0x16, 0x1F, 0x28, 0xE7, 0x00, 0xA0, 0x00,
    0x21, 0x69, 0x9F, 0xAE, 0x19, 0xF9, 0x56, 0xA1, 0x24, 0xEE, 0x19, 0xF7, 0x3D, 0x2A, 0x74, 0x39,
    0xF4, 0x92, 0x58, 0x32, 0xC0, 0x5A, 0xB0, 0xC0, 0x00, 0x72, 0xBD, 0xDF, 0x7B, 0xEC, 0xBC, 0xC4,
    0x8C, 0x23, 0xB9, 0xBD, 0x15, 0xC0, 0x00, 0x05, 0x29, 0xE0, 0x50, 0x90, 0x00, 0x05, 0x18, 0x8E,
    0x1E, 0x1B, 0x98, 0x94, 0xB2, 0x00, 0x39, 0xE5, 0xD3, 0xEB, 0xB3, 0x11, 0x3D, 0xF7, 0x70, 0x8F,
    0x89, 0x37, 0xDE, 0xBE, 0xA0, 0x00, 0x04, 0xCC, 0x51, 0x12, 0x7E, 0x3F, 0x12, 0x34, 0x02, 0x2F,
    0x6D, 0xD0, 0x94, 0xF0, 0x10, 0x00, 0x07, 0x69, 0xA5, 0xC1, 0xE4, 0x56, 0x72, 0x7F, 0x77, 0x8E,
    0x64, 0xE6, 0xF6, 0x24, 0x9D, 0x5F, 0xC7, 0xD6, 0x87, 0xDA, 0x03, 0x52, 0x69, 0x9D, 0xA0, 0x87,
    0x7A, 0x00, 0x66, 0x7B, 0x8B, 0x41, 0x87, 0x73, 0x00, 0x44, 0x40, 0x28, 0x49, 0x33, 0x87, 0x74,
    0x00, 0x40, 0xF8, 0x25, 0x39, 0xDF, 0x6C, 0x87, 0xDC, 0x03, 0x7A, 0x6A, 0x81, 0x70, 0x2C, 0x80,
    0x87, 0xDD, 0x03, 0x95, 0x2F, 0xCB, 0xD6, 0x5C, 0x87, 0xDE, 0x03, 0x47, 0x93, 0xAD, 0x50, 0xE8,
    0x0A, 0x87, 0xDF, 0x03, 0x72, 0x4B, 0x80, 0xBC, 0x40, 0x87, 0xE0, 0x03, 0x4A, 0x76, 0xD5, 0x2E,
    0x3B, 0xF8, 0x87, 0xE1, 0x03, 0x49, 0x3D, 0x8E, 0x17, 0xF7, 0x9A, 0x87, 0xE2, 0x03, 0xA2, 0xA7,
    0x16, 0x87, 0xE3, 0x03, 0x50, 0x87, 0xE4, 0x03, 0x65, 0xD6, 0x80, 0x87, 0xE5, 0x03, 0x6D, 0x56,
    0xE1, 0xFE, 0x80, 0x87, 0xE6, 0x03, 0x8E, 0xA8, 0x25, 0xD8, 0x00, 0x0B, 0x19, 0xF9, 0x0C, 0x09,
    0xE6, 0x8F, 0xF0, 0x9B, 0x59, 0xA4, 0xD8, 0xED, 0xE4, 0xAB, 0xB2, 0x3C, 0xC8, 0xA5, 0x7A, 0xE7,
    0x58, 0x98, 0x00, 0x12, 0x9D, 0xE5, 0x19, 0x44, 0x04, 0x85, 0xB1, 0x1E, 0x5F, 0xF3, 0x26, 0xDB,
    0x73, 0x7C, 0x85, 0x49, 0xC2, 0x00, 0x12, 0x9E, 0x0F, 0x37, 0xB1, 0x3E, 0xD3, 0xF5, 0xFE, 0xCE,
    0x3C, 0xA4, 0x42, 0x37, 0x7A, 0xAF, 0x62, 0x00, 0x06, 0x57, 0x83, 0x19, 0x9D, 0x2B, 0x5F, 0xE1,
    0x4A, 0xBA, 0xC3, 0xFC, 0xD9, 0x6B, 0xD8, 0x0B, 0x77, 0x32, 0x09, 0x73, 0x7A, 0x63, 0x5F, 0x35,
    0xC0, 0x00, 0x0B, 0x1B, 0xE7, 0x86, 0x6A, 0xCB, 0x14, 0x75, 0xCF, 0x04, 0xA4, 0xB6, 0xAC, 0x8F,
    0xD6, 0x87, 0x18, 0x00, 0x01, 0xF8, 0xD8, 0xEE, 0x0C, 0x2A, 0x3F, 0xA4, 0x6F, 0xEF, 0x11, 0xBE,
    0x81, 0x60, 0xA8, 0x83, 0x95, 0xD9, 0x9D, 0xB7, 0x80, 0x87, 0xFC, 0x03, 0x5F, 0xA9, 0x05, 0xD9,
    0xCF, 0xF4, 0xBA, 0x30, 0x70, 0x43, 0xB6, 0x1A, 0x88, 0xA9, 0x3D, 0xB9, 0xCD, 0xB5, 0x37, 0xDB,
    0xA2, 0x66, 0xF5, 0x60, 0x00, 0x01, 0x83, 0xD0, 0x32, 0x48, 0x34, 0x48, 0x05, 0x6F, 0xC0, 0x00,
    0x02, 0x7B, 0x77, 0xAD, 0x78, 0x3C, 0x21, 0x4F, 0x0E, 0x6D, 0x5E, 0x3C, 0xF6, 0xEF, 0xEA, 0xBE,
    0xF0, 0x70, 0xD3, 0xC9, 0x02, 0xD0, 0xC0, 0x7C, 0x1A, 0x07, 0x43, 0xF0, 0x8B, 0xFC, 0x03, 0x04,
    0x47, 0xB5, 0x0C, 0x52, 0x7A, 0x03, 0xFC, 0x3E, 0x95, 0xA8, 0x00, 0x02, 0x07, 0x54, 0x19, 0x2D,
    0x89, 0xB9, 0x73, 0x69, 0x74, 0xC0, 0xA4, 0x3B, 0x95, 0x75, 0x5F, 0xC7, 0x7D, 0x70, 0x84, 0x50,
    0x7D, 0x70, 0x00, 0x11, 0x94, 0x25, 0x06, 0xAA, 0x21, 0x25, 0x82, 0xC8, 0x8B, 0x9C, 0xDA, 0x1C,
    0xE9, 0xE9, 0xA2, 0x84, 0xB7, 0xE0, 0x00, 0x16, 0xDE, 0xEB, 0x70, 0x50, 0x1B, 0x11, 0xD9, 0x79,
    0xA2, 0x99, 0x8E, 0x50, 0x04, 0x3C, 0x00, 0x97, 0xA6, 0x1E, 0xBC, 0xC4, 0x49, 0x28, 0x22, 0x24,
    0x09, 0x6F, 0xC9, 0x03, 0x41, 0xDF, 0xBF, 0xAC, 0x5B, 0x26, 0x07, 0x6B, 0x06, 0xE8, 0x3E, 0xC1,
    0x08, 0x59, 0x24, 0x9F, 0xFD, 0xB6, 0x0E, 0x1E, 0xB6, 0xD4, 0x15, 0xE0, 0xE4, 0xFE, 0x80, 0xFD,
    0x3A, 0x5E, 0xAD, 0x90, 0x00, 0x5B, 0xD9, 0x0F, 0x2A, 0x3B, 0x0F, 0xDC, 0xAF, 0x91, 0xD7, 0x86,
    0x88, 0xE3, 0x8E, 0xB0, 0x00, 0xC6, 0xE4, 0x36, 0x91, 0xA0, 0x52, 0xC3, 0xFA, 0xFF, 0x5B, 0x6C,
    0x1D, 0xC1, 0x43, 0xB1, 0x88, 0x86, 0x88, 0x70, 0xB6, 0xAA, 0x9D, 0x9E, 0x02, 0xF5, 0xF2, 0xEB,
    0x76, 0x38, 0x7C, 0x84, 0x01, 0xA0, 0x71, 0x70, 0xEE, 0x8B, 0xAF, 0xB7, 0x1C, 0x74, 0x87, 0x25,
    0x00, 0x8D, 0xAF, 0x04, 0x95, 0xBF, 0x3C, 0x59, 0xAA, 0x9D, 0x7D, 0xF6, 0xF8, 0xBD, 0x18, 0x0F,
    0x2B, 0x3E, 0x9C, 0xA2, 0x25, 0x87, 0x1B, 0x22, 0x32, 0xB5, 0x92, 0xD9, 0xFB, 0x4B, 0x05, 0xEE,
    0xC1, 0x54, 0xD0, 0x00, 0x00, 0x02, 0xF2, 0x38, 0xC8, 0x4D, 0xCB, 0x10, 0x78, 0x20, 0xA5, 0x28,
    0x97, 0x16, 0x55, 0x76, 0x2D, 0x72, 0xB2, 0x62, 0x62, 0x2C, 0x84, 0x3F, 0x14, 0x50, 0x87, 0x64,
    0x00, 0x8E, 0xC8, 0xFC, 0xB3, 0x08, 0xF2, 0x70, 0xB0, 0x9E, 0xBD, 0x0F, 0xAF, 0xD0, 0x53, 0x7C,
    0x35, 0xE3, 0x2C, 0x5B, 0xC8, 0x6F, 0xC5, 0xFA, 0xEE, 0x9B, 0x70, 0x83, 0x4F, 0x00, 0xD9, 0x26,
    0x48, 0xC7, 0x29, 0xFA, 0x7C, 0x34, 0x75, 0xAF, 0x4F, 0xE3, 0xE9, 0x40, 0x05, 0x89, 0xFC, 0x3C,
    0xBC, 0x44, 0x39, 0x10, 0x87, 0x30, 0x00, 0x5E, 0xC7, 0x62, 0x6E, 0xCF, 0xD7, 0xCD, 0x3A, 0x61,
    0x60, 0x01, 0x9B, 0x95, 0xB4, 0x69, 0x3D, 0xF9, 0x3B, 0x99, 0x81, 0x7C, 0xC8, 0xD0, 0xDB, 0xE6,
    0xBA, 0xB9, 0x74, 0xB0, 0xB4, 0x00, 0x05, 0x3F, 0xCF, 0x76, 0x27, 0xE6, 0x7D, 0x12, 0xAE, 0x8A,
    0x17, 0xF8, 0x1E, 0x64, 0xC5, 0xBC, 0xCD, 0x89, 0xB4, 0x9B, 0xF3, 0x6A, 0x6A, 0xD3, 0x74, 0x21,
    0x2B, 0xEC, 0x08, 0x66, 0x3E, 0x3A, 0xC1, 0x69, 0x2D, 0xB9, 0x9B, 0xD3, 0x71, 0xBF, 0x3F, 0x03,
    0x3A, 0x52, 0xE5, 0xB2, 0xA2, 0x00, 0x05, 0x3C, 0xBD, 0x46, 0x60, 0x6E, 0x14, 0xBD, 0x32, 0xFA,
    0xCE, 0x15, 0x2E, 0x08, 0x6C, 0x23, 0xD6, 0x12, 0x92, 0xDF, 0x9E, 0xC5, 0xF7, 0x35, 0x85, 0x76,
    0x38, 0xF8, 0x43, 0xD9, 0x7D, 0xF0, 0xE7, 0xAA, 0xA0, 0x1E, 0x10, 0x22, 0x99, 0x80, 0xE7, 0xFF,
    0x77, 0x38, 0x3B, 0x50, 0x4A, 0x6A, 0x7C, 0x3D, 0x77, 0xA2, 0x59, 0x8C, 0x2E, 0x98, 0xB7, 0x0D,
    0x3C, 0xC2, 0x0A, 0xE6, 0xC4, 0x4B, 0xB7, 0xD8, 0x4D, 0x90, 0x00, 0x05, 0xA1, 0xFA, 0xC9, 0xAF,
    0x3E, 0x5B, 0x6C, 0x4E, 0xB4, 0xF6, 0xB7, 0xA6, 0xAE, 0x4A, 0x7B, 0xE9, 0x86, 0x21, 0x0C, 0x20,
    0x01, 0xB2, 0x80, 0x7F, 0x93, 0xDC, 0x47, 0x49, 0x4C, 0x01, 0x86, 0x09, 0x94, 0x6F, 0x89, 0x84,
    0x0A, 0x49, 0xBE, 0x3E, 0xCC, 0x23, 0x31, 0xDF, 0xD9, 0x62, 0x12, 0x0B, 0x1B, 0x8B, 0x12, 0x22,
    0x18, 0xE2, 0x90, 0x55, 0xA4, 0x8B, 0xF4, 0xEC, 0x1F, 0x94, 0x5B, 0x43, 0x46, 0x56, 0xC2, 0xF6,
    0xCE, 0xC0, 0x00, 0x00, 0x29, 0x78, 0x95, 0x83, 0xD3, 0xC6, 0x63, 0x9F, 0xFD, 0xB5, 0x87, 0x83,
    0x00, 0x7D, 0x23, 0x5D, 0xB6, 0x4C, 0x9D, 0xC4, 0x4E, 0x95, 0x89, 0xA0, 0x2A, 0xAD, 0xC3, 0xE3,
    0xFB, 0xF4, 0x6F, 0x00, 0x23, 0x60, 0x70, 0x87, 0xD2, 0x00, 0x75, 0xEA, 0xD2, 0x70, 0x27, 0xD8,
    0x0B, 0xA2, 0x6A, 0x25, 0x51, 0x7B, 0x98, 0xDB, 0x40, 0xBC, 0x00, 0x9A, 0x45, 0x2E, 0x0C, 0xC0,
    0x01, 0xD0, 0x65, 0x0B, 0xF5, 0x29, 0x50, 0xEB, 0xAC, 0x0B, 0x1A, 0x58, 0x0C, 0x56, 0x3D, 0x19,
    0x3C, 0xBC, 0x64, 0xFB, 0x3C, 0x51, 0x38, 0xAF, 0xE2, 0x59, 0x84, 0x13, 0xAA, 0xB6, 0xB4, 0xCA,
    0x3B, 0x20, 0x87, 0x2D, 0x00, 0x5F, 0x99, 0x95, 0x85, 0x69, 0x1D, 0xCE, 0x02, 0x9E, 0xB2, 0xB4,
    0xF1, 0xC9, 0x36, 0x62, 0xE8, 0x70, 0x87, 0xBD, 0x02, 0x3E, 0x74, 0xA3, 0xDE, 0x2D, 0x4D, 0x7C,
    0xE6, 0x77, 0xDA, 0x3E, 0x18, 0x49, 0x0C, 0x57, 0x29, 0x79, 0x49, 0x1C, 0xF2, 0x9C, 0x5C, 0x06,
    0xD7, 0xD4, 0x00, 0xD5, 0x0F, 0xB8, 0xF5, 0x47, 0x11, 0x64, 0x3F, 0xED, 0x6B, 0x12, 0xB2, 0x75,
    0x8E, 0xEE, 0x68, 0x76, 0xB6, 0x2C, 0x3C, 0xD8, 0x68, 0xA2, 0xBB, 0x30, 0x16, 0x97, 0x3D, 0xB7,
    0x7C, 0xB8, 0xC3, 0x56, 0x7B, 0xE9, 0x22, 0xD2, 0x55, 0x5A, 0x80, 0x20, 0x28, 0x11, 0x3B, 0xD4,
    0xCF, 0x5F, 0xF5, 0x1F, 0x31, 0xCC, 0x7E, 0x94, 0xA0, 0x53, 0xAF, 0xB4, 0xD1, 0x49, 0x5E, 0xEC,
    0x94, 0xE6, 0xE5, 0x17, 0xAA, 0x9C, 0x00, 0xAA, 0x18, 0x59, 0x98, 0x87, 0x73, 0xB8, 0x47, 0x81,
    0xB4, 0xDE, 0x5A, 0xA1, 0xB4, 0xD2, 0xD5, 0xBB, 0xD7, 0x10, 0xFB, 0xA6, 0xD7, 0xAC, 0xF6, 0xA1,
    0x41, 0x3F, 0x24, 0x23, 0x6D, 0xB0, 0xA1, 0x32, 0xAD, 0x70, 0x47, 0x93, 0x6D, 0x5E, 0xCD, 0x48,
    0xC5, 0x51, 0xF3, 0x9D, 0x9D, 0x2F, 0x5F, 0xB9, 0x06, 0x87, 0x24, 0x00, 0x6B, 0x7A, 0xFA, 0x30,
    0x6A, 0x79, 0xBF, 0xB2, 0x5B, 0x7D, 0xF5, 0x4B, 0x9E, 0x9F, 0x20, 0x09, 0xB8, 0xF8, 0x1E, 0xB3,
    0x43, 0x2B, 0x7B, 0x5E, 0x63, 0x4C, 0x29, 0x75, 0x26, 0x53, 0x1E, 0x61, 0x28, 0xAC, 0x48, 0x28,
    0x6D, 0xA5, 0x8F, 0x26, 0x2E, 0x7C, 0x79, 0x4F, 0xBF, 0xFC, 0x86, 0x29, 0x00, 0x56, 0x39, 0x3A,
    0x46, 0x10, 0xBF, 0x5E, 0xE6, 0x28, 0xD9, 0x44, 0x63, 0xD5, 0x08, 0xD7, 0xBF, 0x6B, 0x92, 0x4F,
    0x87, 0xFF, 0xFE, 0x17, 0xE6, 0xD8, 0x00, 0x39, 0xD4, 0xEC, 0xB6, 0xD7, 0x7D, 0x73, 0x03, 0x89,
    0x80, 0xA3, 0x40, 0xE2, 0x55, 0x92, 0x02, 0x2C, 0x56, 0x05, 0x1B, 0x5C, 0x88, 0x84, 0x14, 0x6D,
    0x73, 0x85, 0xDC, 0x5C, 0x91, 0xC9, 0x96, 0xD3, 0x78, 0xEB, 0xA1, 0xCA, 0x5B, 0x64, 0xC8, 0xE7,
    0x39, 0x75, 0x57, 0x1D, 0xAD, 0xA0, 0x3F, 0xA9, 0xE8, 0x00, 0x8F, 0xB9, 0x34, 0xA7, 0x6A, 0x12,
    0x5C, 0xF5, 0xAD, 0x29, 0x5A, 0xE1, 0x1E, 0x6A, 0x4A, 0xA4, 0x95, 0xBE, 0x8B, 0x0F, 0x9A, 0xCF,
    0x75, 0x51, 0x9B, 0x4C, 0x87, 0x51, 0xBB, 0xDD, 0xFC, 0x0F, 0xEF, 0x10, 0x08, 0x15, 0x51, 0xC6,
    0x45, 0x1C, 0x34, 0x50, 0x87, 0x0D, 0x15, 0x86, 0x25, 0x00, 0x5D, 0x0A, 0x9F, 0x9D, 0x8D, 0x78,
    0xE6, 0xC0, 0x2B, 0x1E, 0xD9, 0x9A, 0xA8, 0x8C, 0xC2, 0x00, 0x0B, 0xB3, 0xC3, 0xB0, 0xE2, 0xA6,
    0x9A, 0xCC, 0x88, 0x87, 0x8D, 0xE7, 0x33, 0x82, 0x28, 0xEC, 0x65, 0xD4, 0xB5, 0xC0, 0xFF, 0x0B,
    0xEA, 0x3C, 0x8F, 0x09, 0x08, 0x49, 0x36, 0xA1, 0xF8, 0xE3, 0xA2, 0x52, 0x00, 0x89, 0x42, 0x30,
    0xFC, 0xEE, 0xE6, 0x9B, 0x71, 0x9D, 0x26, 0xE8, 0x55, 0x15, 0x98, 0xC6, 0x49, 0x6D, 0xD6, 0x51,
    0x82, 0x79, 0x18, 0x0A, 0x91, 0x79, 0x42, 0xF4, 0x55, 0x5C, 0xEA, 0x46, 0x2B, 0x92, 0x81, 0x22,
    0x8B, 0x12, 0x66, 0xCC, 0xDB, 0x4E, 0x67, 0x6E, 0xE9, 0x0F, 0x67, 0x12, 0x9F, 0x6B, 0xF6, 0x2F,
    0x8E, 0x46, 0x38, 0x00, 0x05, 0x09, 0x0A, 0xA8, 0x45, 0x4C, 0xE0, 0x4C, 0xC7, 0x0F, 0x60, 0x06,
    0x5C, 0xD6, 0x09, 0x69, 0x2F, 0xDA, 0x67, 0x35, 0xED, 0x32, 0x97, 0x6C, 0x97, 0x51, 0x00, 0x00,
    0x09, 0x83, 0xB8, 0x6B, 0x8F, 0x68, 0x9B, 0x29, 0xEC, 0x5F, 0x45, 0x10, 0x6F, 0xF9, 0x3B, 0x98,
    0xDF, 0x2D, 0xC4, 0xF3, 0x66, 0x79, 0xEA, 0x1E, 0xB8, 0x05, 0xD9, 0xA9, 0xB3, 0xEB, 0xB5, 0x4A,
    0x20, 0x00, 0x05, 0x73, 0x62, 0xDC, 0x9A, 0x68, 0xA1, 0x3B, 0x67, 0x64, 0xE3, 0x1D, 0x8D, 0x1E,
    0xA3, 0x98, 0x42, 0x76, 0xC6, 0xFF, 0x3A, 0xF9, 0x7C, 0xD6, 0x0F, 0x72, 0x83, 0xB8, 0x99, 0x08,
    0xFE, 0x70, 0xE1, 0xC2, 0xA0, 0xCC, 0xEF, 0x4B, 0xD2, 0x9C, 0x3D, 0xF9, 0x00, 0x86, 0xF0, 0xA5,
    0x4E, 0x03, 0x5D, 0xA7, 0x91, 0x03, 0x45, 0xD9, 0x96, 0x0A, 0x9F, 0x57, 0x43, 0xA3, 0xE2, 0x0A,
    0x72, 0x96, 0x89, 0x11, 0xF2, 0xDC, 0x00, 0x31, 0x80, 0x81, 0x9E, 0x47, 0x52, 0x2F, 0xFC, 0x89,
    0x0D, 0x31, 0x76, 0x86, 0x69, 0xBC, 0xB0, 0x18, 0x3F, 0x18, 0x3E, 0x8A, 0x33, 0x70, 0x00, 0x4F,
    0x11, 0x8E, 0x1F, 0x48, 0xF8, 0x67, 0x72, 0xF7, 0x2D, 0xDB, 0x63, 0xDA, 0xFA, 0x7D, 0x39, 0xDB,
    0xA8, 0xDD, 0xE3, 0x00, 0x28, 0x8F, 0x68, 0x3C, 0x6C, 0x62, 0x72, 0x9D, 0x77, 0xAB, 0x70, 0xDA,
    0x00, 0x05, 0x3B, 0x6D, 0x15, 0x4D, 0xA4, 0x43, 0xE7, 0xA5, 0xD6, 0x7D, 0xCC, 0x47, 0xC2, 0x8C,
    0xA7, 0x7D, 0x20, 0xB9, 0x21, 0x51, 0x78, 0x0A, 0x28, 0xC9, 0xF8, 0x76, 0x11, 0x89, 0x51, 0x5A,
    0x80, 0x3C, 0x2B, 0x38, 0xEE, 0x3E, 0xEF, 0x5E, 0x60, 0x00, 0x3A, 0x8C, 0xD2, 0x5B, 0xFF, 0xAE,
    0x4C, 0xE2, 0x8A, 0x80, 0x10, 0x89, 0x44, 0x83, 0xAE, 0x3C, 0xC7, 0xFE, 0x33, 0xFD, 0xD8, 0x49,
    0xDF, 0x06, 0xEE, 0x15, 0xAB, 0x27, 0x7E, 0x2D, 0xB9, 0x23, 0xE4, 0xE6, 0xC5, 0xC3, 0x10, 0xB0,
    0x9B, 0x00, 0x1E, 0xAD, 0x83, 0x2E, 0xAD, 0xC7, 0x05, 0x76, 0x40, 0xDA, 0x2D, 0x1F, 0x35, 0xCB,
    0x31, 0x8A, 0x79, 0x32, 0x3C, 0x4D, 0xCC, 0xDE, 0xF2, 0x99, 0x7E, 0x55, 0xA3, 0x0B, 0xA8, 0xAA,
    0x3E, 0x93, 0x4A, 0xB8, 0x03, 0x60, 0x1B, 0xDF, 0x05, 0x72, 0x0F, 0x05, 0x20, 0x87, 0x52, 0x02,
    0x85, 0x2C, 0xE0, 0xC6, 0xC3, 0x1F, 0x66, 0x1C, 0x02, 0x47, 0xA9, 0x00, 0x6B, 0x7C, 0x39, 0xBD,
    0x10, 0x00, 0x48, 0x75, 0xB8, 0xD7, 0xEE, 0x9B, 0xC1, 0x80, 0xA3, 0x15, 0x57, 0xFA, 0xDD, 0x4B,
    0xBD, 0x59, 0xAE, 0xDB, 0xE7, 0x91, 0x77, 0x35, 0x03, 0x51, 0x5D, 0x5E, 0xC5, 0x2A, 0x43, 0x33,
    0x31, 0xB6, 0x82, 0xD4, 0x58, 0xF2, 0x12, 0x54, 0xB7, 0x7B, 0xDC, 0x7A, 0xF9, 0xA1, 0x51, 0xED,
    0xB7, 0x46, 0x41, 0x0E, 0x35, 0x31, 0x57, 0x16, 0x80, 0x00, 0x3E, 0x62, 0x52, 0x00, 0xBC, 0xBA,
    0xED, 0xC0, 0x37, 0xDF, 0x53, 0xE2, 0x83, 0xCC, 0x7F, 0x3C, 0xE4, 0x8F, 0x3B, 0xB1, 0x28, 0x34,
    0x73, 0xED, 0x0E, 0xAA, 0x15, 0x91, 0x39, 0x1C, 0xAB, 0x4C, 0xD3, 0xED, 0x7A, 0xFC, 0x9C, 0xB0,
    0x08, 0x8A, 0x87, 0x27, 0x04, 0x37, 0x1B, 0x8C, 0xAC, 0x0A, 0x11, 0xED, 0x7F, 0x06, 0xB1, 0xF4,
    0xBA, 0x2E, 0x9D, 0x2A, 0x2F, 0x29, 0x00, 0x3C, 0xA2, 0xB8, 0x84, 0x1A, 0x04, 0x9C, 0xBB, 0x8B,
    0x34, 0xDD, 0x1E, 0x17, 0x3C, 0x22, 0xD8, 0x28, 0x66, 0xCC, 0xC7, 0x4E, 0x75, 0xEF, 0x31, 0xC9,
    0x7F, 0xC1, 0xCD, 0x1B, 0xE4, 0xE5, 0x32, 0x15, 0xAC, 0x29, 0x64, 0xCF, 0x05, 0x79, 0xC8, 0xD6,
    0x62, 0x81, 0xAB, 0x92, 0x6C, 0x1E, 0xF8, 0x39, 0xD8, 0x53, 0x4A, 0x27, 0x88, 0x02, 0x3E, 0x56,
    0x93, 0x32, 0x25, 0x80, 0x67, 0x75, 0x50, 0x87, 0x29, 0x04, 0x25, 0xEA, 0x90, 0x95, 0x5E, 0x67,
    0x4C, 0xA8, 0xA7, 0xB2, 0xFB, 0xF5, 0x79, 0xCC, 0x0C, 0x48, 0x13, 0x73, 0x38, 0x33, 0xFA, 0x77,
    0x15, 0x4B, 0xE7, 0x95, 0x65, 0x8B, 0xB0, 0x30, 0x28, 0x00, 0x2E, 0x42, 0xBC, 0x98, 0xBC, 0x41,
    0x03, 0xBE, 0x48, 0xA9, 0x83, 0x9E, 0x07, 0xA8, 0xFA, 0x51, 0xE2, 0xC3, 0x4C, 0x80, 0x02, 0x6A,
    0x45, 0x30, 0x43, 0xAF, 0xC0, 0x6F, 0xC6, 0xA4, 0xAA, 0x0C, 0x5F, 0xC0, 0x43, 0x2D, 0x7E, 0x6F,
    0xBC, 0x00, 0x4C, 0x23, 0x5C, 0xA7, 0xD3, 0x6E, 0x1F, 0xB2, 0xBD, 0xB9, 0x2D, 0x38, 0x4B, 0xAB,
    0x8C, 0xA1, 0xE8, 0x4B, 0x0C, 0x21, 0x6A, 0xB4, 0x55, 0x67, 0xB3, 0x40, 0x8F, 0xFB, 0x9B, 0x06,
    0xF4, 0xF4, 0x31, 0x2E, 0x40, 0x4F, 0x90, 0xE0, 0xFA, 0xF3, 0x0C, 0x7A, 0x79, 0xD9, 0xE7, 0x9D,
    0x26, 0x3C, 0x33, 0xB4, 0x0E, 0xDA, 0xC9, 0xC6, 0x09, 0xCB, 0xD4, 0x0D, 0xFF, 0xE9, 0xCE, 0x74,
    0xC7, 0xC5, 0xA3, 0xA8, 0x00, 0xCE, 0x1E, 0xAC, 0x0D, 0x8F, 0x3B, 0xA9, 0x27, 0xA5, 0xD4, 0xF7,
    0xEC, 0x48, 0xAD, 0xC0, 0x23, 0x26, 0x22, 0x66, 0x25, 0x5B, 0x49, 0x6A, 0xA5, 0xDF, 0x52, 0x34,
    0x2A, 0xD5, 0x03, 0xEF, 0xD5, 0x4D, 0x30, 0xCC, 0x48, 0xC7, 0x01, 0x03, 0xCF, 0x52, 0x7F, 0xC7,
    0xA4, 0xA7, 0xE0, 0xED, 0xBE, 0x34, 0xBC, 0x48, 0x4D, 0x73, 0xAC, 0x51, 0x90,
};

static const EpdGlyph notoserif_16_boldGlyphs[] = {
    { 0, 0, 0, 0, 0, 0, 0 }, // U+0000
    { 0, 0, 139, 0, 0, 0, 0 }, // U+000D
    { 0, 0, 139, 0, 0, 0, 0 }, // U+0020
    { 7, 25, 204, 3, 24, 18, 0 }, // !
    { 13, 10, 271, 2, 24, 14, 18 }, // "
    { 17, 24, 301, 1, 24, 39, 32 }, // #
    { 17, 29, 301, 1, 26, 54, 71 }, // $
    { 29, 26, 483, 1, 25, 55, 125 }, // %
    { 26, 26, 427, 1, 25, 51, 180 }, // &
    { 6, 10, 155, 2, 24, 7, 231 }, // '
    { 12, 31, 214, 1, 26, 22, 238 }, // (
    { 11, 31, 214, 1, 26, 25, 260 }, // )
    { 15, 14, 268, 1, 26, 33, 285 }, // *
    { 15, 16, 301, 2, 20, 14, 318 }, // +
    { 7, 12, 157, 1, 6, 10, 332 }, // ,
    { 10, 4, 165, 0, 11, 6, 342 }, // -
    { 6, 7, 157, 2, 6, 6, 348 }, // .
    { 10, 31, 154, 0, 26, 16, 354 }, // /
    { 17, 26, 310, 1, 25, 31, 370 }, // 0
    { 17, 24, 270, 0, 24, 19, 401 }, // 1
    { 16, 25, 283, 1, 25, 30, 420 }, // 2
    { 18, 26, 287, 0, 25, 38, 450 }, // 3
    { 19, 24, 296, 0, 24, 33, 488 }, // 4
    { 16, 25, 283, 1, 24, 33, 521 }, // 5
    { 17, 26, 299, 1, 25, 39, 554 }, // 6
    { 17, 24, 289, 1, 24, 22, 593 }, // 7
    { 18, 26, 309, 1, 25, 40, 615 }, // 8
    { 17, 26, 299, 1, 25, 35, 655 }, // 9
    { 6, 20, 162, 2, 19, 12, 690 }, // :
    { 7, 25, 162, 1, 19, 15, 702 }, // ;
    { 15, 18, 301, 2, 21, 25, 717 }, // <
    { 15, 10, 301, 2, 17, 14, 742 }, // =
    { 15, 18, 301, 2, 21, 27, 756 }, // >
    { 16, 26, 293, 1, 25, 25, 783 }, // ?
    { 29, 29, 491, 1, 24, 72, 808 }, // @
    { 26, 24, 402, 0, 24, 37, 880 }, // A
    { 22, 24, 358, 0, 24, 41, 917 }, // B
    { 20, 26, 357, 1, 25, 32, 958 }, // C
    { 24, 24, 409, 0, 24, 32, 990 }, // D
    { 21, 24, 348, 0, 24, 30, 1022 }, // E
    { 20, 24, 331, 0, 24, 25, 1052 }, // F
    { 24, 26, 411, 1, 25, 39, 1077 }, // G
    { 27, 24, 437, 0, 24, 39, 1116 }, // H
    { 13, 24, 214, 0, 24, 18, 1155 }, // I
    { 14, 32, 211, -1, 24, 21, 1173 }, // J
    { 25, 24, 391, 0, 24, 44, 1194 }, // K
    { 21, 24, 349, 0, 24, 16, 1238 }, // L
    { 31, 24, 508, 0, 24, 57, 1254 }, // M
    { 26, 24, 420, 0, 24, 38, 1311 }, // N
    { 24, 26, 420, 1, 25, 36, 1349 }, // O
    { 21, 24, 340, 0, 24, 24, 1385 }, // P
    { 24, 33, 420, 1, 25, 23, 1409 }, // Q
    { 24, 24, 380, 0, 24, 37, 1432 }, // R
    { 18, 26, 309, 1, 25, 40, 1469 }, // S
    { 22, 24, 348, 0, 24, 25, 1509 }, // T
    { 25, 25, 398, 0, 24, 34, 1534 }, // U
    { 24, 24, 372, 0, 24, 35, 1568 }, // V
    { 36, 24, 569, 0, 24, 58, 1603 }, // W
    { 25, 24, 391, 0, 24, 43, 1661 }, // X
    { 24, 24, 370, 0, 24, 34, 1704 }, // Y
    { 20, 24, 356, 1, 24, 31, 1738 }, // Z
    { 10, 31, 221, 3, 26, 21, 1769 }, // [
    { 10, 31, 154, 0, 26, 21, 1790 }, // <backslash>
    { 10, 31, 221, 1, 26, 20, 1811 }, // ]
    { 17, 16, 298, 1, 24, 20, 1831 }, // ^
    { 17, 3, 245, -1, -2, 6, 1851 }, // _
    { 9, 6, 178, 1, 26, 8, 1857 }, // `
    { 18, 20, 320, 1, 19, 35, 1865 }, // a
    { 21, 27, 346, 0, 26, 38, 1900 }, // b
    { 16, 20, 281, 1, 19, 26, 1938 }, // c
    { 21, 27, 346, 1, 26, 39, 1964 }, // d
    { 17, 20, 305, 1, 19, 31, 2003 }, // e
    { 16, 26, 217, 0, 26, 28, 2034 }, // f
    { 19, 28, 299, 0, 20, 50, 2062 }, // g
    { 22, 26, 356, 0, 26, 33, 2112 }, // h
    { 12, 26, 188, 0, 26, 19, 2145 }, // i
    { 10, 34, 184, -1, 26, 23, 2164 }, // j
    { 22, 26, 340, 0, 26, 36, 2187 }, // k
    { 12, 26, 188, 0, 26, 15, 2223 }, // l
    { 33, 19, 526, 0, 19, 40, 2238 }, // m
    { 22, 19, 356, 0, 19, 13, 2278 }, // n
    { 18, 20, 327, 1, 19, 27, 2291 }, // o
    { 20, 27, 344, 0, 19, 37, 2318 }, // p
    { 21, 27, 346, 1, 19, 26, 2355 }, // q
    { 17, 19, 279, 0, 19, 23, 2381 }, // r
    { 14, 20, 256, 1, 19, 34, 2404 }, // s
    { 13, 23, 216, 0, 22, 22, 2438 }, // t
    { 22, 19, 356, 0, 18, 26, 2460 }, // u
    { 21, 18, 323, 0, 18, 27, 2486 }, // v
    { 30, 18, 456, -1, 18, 46, 2513 }, // w
    { 22, 18, 344, 0, 18, 35, 2559 }, // x
    { 20, 26, 309, 0, 18, 34, 2594 }, // y
    { 17, 18, 282, 0, 18, 25, 2628 }, // z
    { 13, 31, 236, 1, 26, 25, 2653 }, // {
    { 3, 34, 301, 8, 26, 10, 2678 }, // |
    { 13, 31, 236, 1, 26, 26, 2688 }, // }
    { 17, 8, 301, 1, 16, 17, 2714 }, // ~
    { 0, 0, 139, 0, 0, 0, 2731 }, // U+00A0
    { 7, 25, 204, 3, 19, 16, 2731 }, // U+00A1
    { 17, 24, 301, 1, 24, 38, 2747 }, // U+00A2
    { 18, 26, 298, 0, 25, 40, 2785 }, // U+00A3
    { 15, 16, 301, 2, 20, 28, 2825 }, // U+00A4
    { 19, 24, 301, 0, 24, 43, 2853 }, // U+00A5
    { 3, 34, 301, 8, 26, 9, 2896 }, // U+00A6
    { 15, 30, 290, 2, 26, 52, 2905 }, // U+00A7
    { 12, 6, 308, 4, 26, 10, 2957 }, // U+00A8
    { 26, 26, 451, 1, 25, 56, 2967 }, // U+00A9
    { 14, 12, 224, 0, 24, 23, 3023 }, // U+00AA
    { 15, 14, 295, 2, 16, 24, 3046 }, // U+00AB
    { 15, 10, 301, 2, 14, 9, 3070 }, // U+00AC
    { 10, 4, 165, 0, 11, 4, 3079 }, // U+00AD
    { 26, 26, 451, 1, 25, 59, 3083 }, // U+00AE
    { 17, 3, 245, -1, 28, 7, 3142 }, // U+00AF
    { 11, 12, 213, 1, 25, 16, 3149 }, // U+00B0
    { 15, 20, 301, 2, 20, 12, 3165 }, // U+00B1
    { 11, 16, 213, 1, 28, 21, 3177 }, // U+00B2
    { 11, 16, 213, 1, 28, 25, 3198 }, // U+00B3
    { 9, 6, 178, 1, 26, 7, 3223 }, // U+00B4
    { 20, 26, 355, 2, 18, 33, 3230 }, // U+00B5
    { 19, 30, 334, 1, 26, 33, 3263 }, // U+00B6
    { 6, 6, 157, 2, 15, 6, 3296 }, // U+00B7
    { 9, 9, 178, 1, 1, 12, 3302 }, // U+00B8
    { 11, 16, 213, 1, 28, 17, 3314 }, // U+00B9
    { 13, 12, 233, 1, 24, 18, 3331 }, // U+00BA
    { 15, 14, 295, 2, 16, 24, 3349 }, // U+00BB
    { 28, 26, 448, 0, 25, 48, 3373 }, // U+00BC
    { 28, 26, 448, 0, 25, 53, 3421 }, // U+00BD
    { 27, 26, 448, 1, 25, 61, 3474 }, // U+00BE
    { 17, 25, 293, 1, 18, 29, 3535 }, // U+00BF
    { 26, 32, 402, 0, 32, 44, 3564 }, // U+00C0
    { 26, 32, 402, 0, 32, 19, 3608 }, // U+00C1
    { 26, 32, 402, 0, 32, 21, 3627 }, // U+00C2
    { 26, 32, 402, 0, 32, 23, 3648 }, // U+00C3
    { 26, 32, 402, 0, 32, 21, 3671 }, // U+00C4
    { 26, 30, 402, 0, 30, 22, 3692 }, // U+00C5
    { 33, 24, 530, 0, 24, 52, 3714 }, // U+00C6
    { 20, 33, 357, 1, 25, 23, 3766 }, // U+00C7
    { 21, 32, 348, 0, 32, 32, 3789 }, // U+00C8
    { 21, 32, 348, 0, 32, 30, 3821 }, // U+00C9
    { 21, 32, 348, 0, 32, 33, 3851 }, // U+00CA
    { 21, 32, 348, 0, 32, 33, 3884 }, // U+00CB
    { 13, 32, 214, 0, 32, 19, 3917 }, // U+00CC
    { 13, 32, 214, 0, 32, 14, 3936 }, // U+00CD
    { 13, 32, 214, 0, 32, 17, 3950 }, // U+00CE
    { 13, 32, 214, 0, 32, 15, 3967 }, // U+00CF
    { 24, 24, 409, 0, 24, 17, 3982 }, // U+00D0
    { 26, 32, 420, 0, 32, 45, 3999 }, // U+00D1
    { 24, 33, 420, 1, 32, 17, 4044 }, // U+00D2
    { 24, 33, 420, 1, 32, 15, 4061 }, // U+00D3
    { 24, 33, 420, 1, 32, 20, 4076 }, // U+00D4
    { 24, 33, 420, 1, 32, 22, 4096 }, // U+00D5
    { 24, 33, 420, 1, 32, 18, 4118 }, // U+00D6
    { 15, 14, 301, 2, 19, 24, 4136 }, // U+00D7
    { 24, 28, 420, 1, 26, 24, 4160 }, // U+00D8
    { 25, 33, 398, 0, 32, 32, 4184 }, // U+00D9
    { 25, 33, 398, 0, 32, 19, 4216 }, // U+00DA
    { 25, 33, 398, 0, 32, 21, 4235 }, // U+00DB
    { 25, 33, 398, 0, 32, 20, 4256 }, // U+00DC
    { 24, 32, 370, 0, 32, 39, 4276 }, // U+00DD
    { 21, 24, 340, 0, 24, 29, 4315 }, // U+00DE
    { 23, 27, 376, 0, 26, 53, 4344 }, // U+00DF
    { 18, 27, 320, 1, 26, 16, 4397 }, // U+00E0
    { 18, 27, 320, 1, 26, 16, 4413 }, // U+00E1
    { 18, 27, 320, 1, 26, 19, 4429 }, // U+00E2
    { 18, 27, 320, 1, 26, 21, 4448 }, // U+00E3
    { 18, 27, 320, 1, 26, 18, 4469 }, // U+00E4
    { 18, 29, 320, 1, 28, 20, 4487 }, // U+00E5
    { 27, 20, 467, 1, 19, 56, 4507 }, // U+00E6
    { 16, 27, 281, 1, 19, 20, 4563 }, // U+00E7
    { 17, 27, 305, 1, 26, 16, 4583 }, // U+00E8
    { 17, 27, 305, 1, 26, 15, 4599 }, // U+00E9
    { 17, 27, 305, 1, 26, 18, 4614 }, // U+00EA
    { 17, 27, 305, 1, 26, 17, 4632 }, // U+00EB
    { 13, 26, 188, -1, 26, 21, 4649 }, // U+00EC
    { 12, 26, 188, 0, 26, 12, 4670 }, // U+00ED
    { 13, 26, 188, -1, 26, 23, 4682 }, // U+00EE
    { 13, 26, 188, -1, 26, 16, 4705 }, // U+00EF
    { 18, 27, 327, 1, 26, 37, 4721 }, // U+00F0
    { 22, 26, 356, 0, 26, 20, 4758 }, // U+00F1
    { 18, 27, 327, 1, 26, 14, 4778 }, // U+00F2
    { 18, 27, 327, 1, 26, 14, 4792 }, // U+00F3
    { 18, 27, 327, 1, 26, 17, 4806 }, // U+00F4
    { 18, 27, 327, 1, 26, 20, 4823 }, // U+00F5
    { 18, 27, 327, 1, 26, 16, 4843 }, // U+00F6
    { 15, 18, 301, 2, 21, 15, 4859 }, // U+00F7
    { 18, 22, 327, 1, 20, 22, 4874 }, // U+00F8
    { 22, 27, 356, 0, 26, 35, 4896 }, // U+00F9
    { 22, 27, 356, 0, 26, 17, 4931 }, // U+00FA
    { 22, 27, 356, 0, 26, 19, 4948 }, // U+00FB
    { 22, 27, 356, 0, 26, 19, 4967 }, // U+00FC
    { 20, 34, 309, 0, 26, 40, 4986 }, // U+00FD
    { 20, 34, 344, 0, 26, 24, 5026 }, // U+00FE
    { 20, 34, 309, 0, 26, 21, 5050 }, // U+00FF
    { 26, 29, 402, 0, 29, 15, 5071 }, // U+0100
    { 18, 24, 320, 1, 23, 15, 5086 }, // U+0101
    { 26, 32, 402, 0, 32, 22, 5101 }, // U+0102
    { 18, 27, 320, 1, 26, 20, 5123 }, // U+0103
    { 26, 32, 402, 0, 24, 23, 5143 }, // U+0104
    { 18, 27, 320, 1, 19, 21, 5166 }, // U+0105
    { 20, 33, 357, 1, 32, 17, 5187 }, // U+0106
    { 16, 27, 281, 1, 26, 16, 5204 }, // U+0107
    { 20, 33, 357, 1, 32, 20, 5220 }, // U+0108
    { 16, 27, 281, 1, 26, 18, 5240 }, // U+0109
    { 20, 33, 357, 1, 32, 17, 5258 }, // U+010A
    { 16, 27, 281, 1, 26, 14, 5275 }, // U+010B
    { 20, 33, 357, 1, 32, 20, 5289 }, // U+010C
    { 16, 27, 281, 1, 26, 18, 5309 }, // U+010D
    { 24, 32, 409, 0, 32, 38, 5327 }, // U+010E
    { 25, 27, 346, 1, 26, 43, 5365 }, // U+010F
    { 24, 24, 409, 0, 24, 12, 5408 }, // U+0110
    { 21, 27, 346, 1, 26, 25, 5420 }, // U+0111
    { 21, 29, 348, 0, 29, 14, 5445 }, // U+0112
    { 17, 24, 305, 1, 23, 14, 5459 }, // U+0113
    { 21, 32, 348, 0, 32, 19, 5473 }, // U+0114
    { 17, 27, 305, 1, 26, 18, 5492 }, // U+0115
    { 21, 31, 348, 0, 31, 14, 5510 }, // U+0116
    { 17, 27, 305, 1, 26, 15, 5524 }, // U+0117
    { 21, 32, 348, 0, 24, 20, 5539 }, // U+0118
    { 17, 27, 304, 1, 19, 19, 5559 }, // U+0119
    { 21, 32, 348, 0, 32, 18, 5578 }, // U+011A
    { 17, 27, 305, 1, 26, 18, 5596 }, // U+011B
    { 24, 33, 411, 1, 32, 21, 5614 }, // U+011C
    { 19, 34, 299, 0, 26, 23, 5635 }, // U+011D
    { 24, 33, 411, 1, 32, 22, 5658 }, // U+011E
    { 19, 34, 299, 0, 26, 23, 5680 }, // U+011F
    { 24, 33, 411, 1, 32, 17, 5703 }, // U+0120
    { 19, 34, 299, 0, 26, 19, 5720 }, // U+0121
    { 24, 33, 411, 1, 25, 19, 5739 }, // U+0122
    { 19, 34, 299, 0, 26, 18, 5758 }, // U+0123
    { 27, 32, 437, 0, 32, 41, 5776 }, // U+0124
    { 22, 32, 356, 0, 32, 20, 5817 }, // U+0125
    { 27, 24, 437, 0, 24, 22, 5837 }, // U+0126
    { 22, 26, 356, 0, 26, 22, 5859 }, // U+0127
    { 14, 32, 214, 0, 32, 29, 5881 }, // U+0128
    { 14, 26, 188, -1, 26, 25, 5910 }, // U+0129
    { 13, 29, 214, 0, 29, 10, 5935 }, // U+012A
    { 12, 23, 188, 0, 23, 9, 5945 }, // U+012B
    { 13, 32, 214, 0, 32, 17, 5954 }, // U+012C
    { 12, 26, 188, 0, 26, 16, 5971 }, // U+012D
    { 13, 32, 214, 0, 24, 16, 5987 }, // U+012E
    { 12, 34, 188, 0, 26, 16, 6003 }, // U+012F
    { 13, 32, 214, 0, 32, 12, 6019 }, // U+0130
    { 12, 18, 188, 0, 18, 6, 6031 }, // U+0131
    { 26, 32, 426, 0, 24, 40, 6037 }, // U+0132
    { 21, 34, 372, 0, 26, 39, 6077 }, // U+0133
    { 14, 40, 211, -1, 32, 23, 6116 }, // U+0134
    { 13, 34, 184, -1, 26, 21, 6139 }, // U+0135
    { 25, 32, 391, 0, 24, 20, 6160 }, // U+0136
    { 22, 34, 340, 0, 26, 19, 6180 }, // U+0137
    { 22, 18, 340, 0, 18, 21, 6199 }, // U+0138
    { 21, 32, 349, 0, 32, 22, 6220 }, // U+0139
    { 13, 32, 188, 0, 32, 27, 6242 }, // U+013A
    { 21, 32, 349, 0, 24, 13, 6269 }, // U+013B
    { 12, 34, 188, 0, 26, 11, 6282 }, // U+013C
    { 21, 24, 349, 0, 24, 13, 6293 }, // U+013D
    { 16, 26, 188, 0, 26, 22, 6306 }, // U+013E
    { 21, 24, 349, 0, 24, 14, 6328 }, // U+013F
    { 17, 26, 250, 0, 26, 24, 6342 }, // U+0140
    { 21, 24, 349, 0, 24, 17, 6366 }, // U+0141
    { 12, 26, 188, 0, 26, 13, 6383 }, // U+0142
    { 26, 32, 420, 0, 32, 22, 6396 }, // U+0143
    { 22, 26, 356, 0, 26, 14, 6418 }, // U+0144
    { 26, 32, 420, 0, 24, 20, 6432 }, // U+0145
    { 22, 27, 356, 0, 19, 16, 6452 }, // U+0146
    { 26, 32, 420, 0, 32, 24, 6468 }, // U+0147
    { 22, 26, 356, 0, 26, 17, 6492 }, // U+0148
    { 28, 24, 456, 0, 24, 41, 6509 }, // U+0149
    { 26, 32, 420, 0, 24, 26, 6550 }, // U+014A
    { 20, 27, 356, 0, 19, 32, 6576 }, // U+014B
    { 24, 30, 420, 1, 29, 16, 6608 }, // U+014C
    { 18, 24, 327, 1, 23, 13, 6624 }, // U+014D
    { 24, 33, 420, 1, 32, 19, 6637 }, // U+014E
    { 18, 27, 327, 1, 26, 18, 6656 }, // U+014F
    { 24, 33, 420, 1, 32, 20, 6674 }, // U+0150
    { 18, 27, 327, 1, 26, 19, 6694 }, // U+0151
    { 32, 26, 543, 1, 25, 47, 6713 }, // U+0152
    { 29, 20, 499, 1, 19, 52, 6760 }, // U+0153
    { 24, 32, 380, 0, 32, 44, 6812 }, // U+0154
    { 17, 26, 279, 0, 26, 14, 6856 }, // U+0155
    { 24, 32, 380, 0, 24, 18, 6870 }, // U+0156
    { 17, 27, 279, 0, 19, 15, 6888 }, // U+0157
    { 24, 32, 380, 0, 32, 47, 6903 }, // U+0158
    { 17, 26, 279, 0, 26, 18, 6950 }, // U+0159
    { 18, 33, 309, 1, 32, 18, 6968 }, // U+015A
    { 14, 27, 256, 1, 26, 16, 6986 }, // U+015B
    { 18, 33, 309, 1, 32, 20, 7002 }, // U+015C
    { 14, 27, 256, 1, 26, 19, 7022 }, // U+015D
    { 18, 33, 309, 1, 25, 21, 7041 }, // U+015E
    { 14, 27, 256, 1, 19, 21, 7062 }, // U+015F
    { 18, 33, 309, 1, 32, 21, 7083 }, // U+0160
    { 14, 27, 256, 1, 26, 19, 7104 }, // U+0161
    { 22, 32, 348, 0, 24, 22, 7123 }, // U+0162
    { 13, 30, 216, 0, 22, 20, 7145 }, // U+0163
    { 22, 32, 348, 0, 32, 28, 7165 }, // U+0164
    { 16, 27, 216, 0, 26, 27, 7193 }, // U+0165
    { 22, 24, 348, 0, 24, 17, 7220 }, // U+0166
    { 13, 23, 216, 0, 22, 14, 7237 }, // U+0167
    { 25, 33, 398, 0, 32, 23, 7251 }, // U+0168
    { 22, 27, 356, 0, 26, 20, 7274 }, // U+0169
    { 25, 30, 398, 0, 29, 15, 7294 }, // U+016A
    { 22, 24, 356, 0, 23, 13, 7309 }, // U+016B
    { 25, 33, 398, 0, 32, 21, 7322 }, // U+016C
    { 22, 27, 356, 0, 26, 19, 7343 }, // U+016D
    { 25, 35, 398, 0, 34, 23, 7362 }, // U+016E
    { 22, 29, 356, 0, 28, 22, 7385 }, // U+016F
    { 25, 33, 398, 0, 32, 22, 7407 }, // U+0170
    { 22, 27, 356, 0, 26, 21, 7429 }, // U+0171
    { 25, 32, 404, 0, 24, 39, 7450 }, // U+0172
    { 22, 26, 356, 0, 18, 20, 7489 }, // U+0173
    { 36, 32, 569, 0, 32, 61, 7509 }, // U+0174
    { 30, 26, 456, -1, 26, 51, 7570 }, // U+0175
    { 24, 32, 370, 0, 32, 23, 7621 }, // U+0176
    { 20, 34, 309, 0, 26, 23, 7644 }, // U+0177
    { 24, 32, 370, 0, 32, 21, 7667 }, // U+0178
    { 20, 32, 356, 1, 32, 33, 7688 }, // U+0179
    { 17, 26, 282, 0, 26, 29, 7721 }, // U+017A
    { 20, 32, 356, 1, 32, 15, 7750 }, // U+017B
    { 17, 26, 282, 0, 26, 14, 7765 }, // U+017C
    { 20, 32, 356, 1, 32, 18, 7779 }, // U+017D
    { 17, 26, 282, 0, 26, 16, 7797 }, // U+017E
    { 16, 26, 209, 0, 26, 17, 7813 }, // U+017F
    { 28, 27, 450, 1, 26, 44, 7830 }, // U+01A0
    { 22, 22, 357, 1, 21, 33, 7874 }, // U+01A1
    { 29, 27, 455, 0, 26, 40, 7907 }, // U+01AF
    { 26, 22, 415, 0, 21, 36, 7947 }, // U+01B0
    { 47, 32, 765, 0, 32, 75, 7983 }, // U+01C4
    { 43, 26, 692, 0, 26, 67, 8058 }, // U+01C5
    { 38, 27, 628, 1, 26, 75, 8125 }, // U+01C6
    { 35, 32, 545, 0, 24, 42, 8200 }, // U+01C7
    { 31, 34, 533, 0, 26, 41, 8242 }, // U+01C8
    { 21, 34, 372, 0, 26, 21, 8283 }, // U+01C9
    { 39, 32, 617, 0, 24, 61, 8304 }, // U+01CA
    { 35, 34, 605, 0, 26, 61, 8365 }, // U+01CB
    { 31, 34, 540, 0, 26, 51, 8426 }, // U+01CC
    { 26, 32, 402, 0, 32, 21, 8477 }, // U+01CD
    { 18, 27, 320, 1, 26, 18, 8498 }, // U+01CE
    { 13, 32, 214, 0, 32, 17, 8516 }, // U+01CF
    { 13, 26, 188, -1, 26, 16, 8533 }, // U+01D0
    { 24, 33, 420, 1, 32, 18, 8549 }, // U+01D1
    { 18, 27, 327, 1, 26, 16, 8567 }, // U+01D2
    { 25, 33, 398, 0, 32, 21, 8583 }, // U+01D3
    { 22, 27, 356, 0, 26, 19, 8604 }, // U+01D4
    { 25, 35, 398, 0, 34, 24, 8623 }, // U+01D5
    { 22, 30, 356, 0, 29, 24, 8647 }, // U+01D6
    { 25, 37, 398, 0, 36, 26, 8671 }, // U+01D7
    { 22, 31, 356, 0, 30, 25, 8697 }, // U+01D8
    { 25, 37, 398, 0, 36, 31, 8722 }, // U+01D9
    { 22, 31, 356, 0, 30, 30, 8753 }, // U+01DA
    { 25, 37, 398, 0, 36, 26, 8783 }, // U+01DB
    { 22, 31, 356, 0, 30, 26, 8809 }, // U+01DC
    { 17, 20, 305, 1, 19, 31, 8835 }, // U+01DD
    { 26, 34, 402, 0, 34, 24, 8866 }, // U+01DE
    { 18, 30, 320, 1, 29, 23, 8890 }, // U+01DF
    { 26, 34, 402, 0, 34, 22, 8913 }, // U+01E0
    { 18, 30, 320, 1, 29, 22, 8935 }, // U+01E1
    { 33, 29, 530, 0, 29, 19, 8957 }, // U+01E2
    { 27, 24, 467, 1, 23, 20, 8976 }, // U+01E3
    { 24, 26, 411, 1, 25, 27, 8996 }, // U+01E4
    { 20, 28, 299, 0, 20, 54, 9023 }, // U+01E5
    { 24, 33, 411, 1, 32, 20, 9077 }, // U+01E6
    { 19, 34, 299, 0, 26, 23, 9097 }, // U+01E7
    { 25, 32, 391, 0, 32, 49, 9120 }, // U+01E8
    { 22, 32, 340, 0, 32, 21, 9169 }, // U+01E9
    { 24, 33, 420, 1, 25, 22, 9190 }, // U+01EA
    { 18, 27, 327, 1, 19, 19, 9212 }, // U+01EB
    { 24, 37, 420, 1, 29, 19, 9231 }, // U+01EC
    { 18, 31, 327, 1, 23, 16, 9250 }, // U+01ED
    { 19, 33, 329, 1, 32, 45, 9266 }, // U+01EE
    { 18, 34, 298, 0, 26, 43, 9311 }, // U+01EF
    { 13, 34, 184, -1, 26, 16, 9354 }, // U+01F0
    { 47, 24, 765, 0, 24, 18, 9370 }, // U+01F1
    { 43, 24, 692, 0, 24, 19, 9388 }, // U+01F2
    { 38, 27, 628, 1, 26, 21, 9407 }, // U+01F3
    { 24, 33, 411, 1, 32, 17, 9428 }, // U+01F4
    { 19, 34, 299, 0, 26, 19, 9445 }, // U+01F5
    { 38, 25, 610, 0, 24, 50, 9464 }, // U+01F6
    { 23, 33, 389, 0, 25, 44, 9514 }, // U+01F7
    { 26, 32, 420, 0, 32, 21, 9558 }, // U+01F8
    { 22, 26, 356, 0, 26, 15, 9579 }, // U+01F9
    { 26, 32, 402, 0, 32, 53, 9594 }, // U+01FA
    { 18, 33, 320, 1, 32, 33, 9647 }, // U+01FB
    { 33, 32, 530, 0, 32, 23, 9680 }, // U+01FC
    { 27, 27, 467, 1, 26, 22, 9703 }, // U+01FD
    { 24, 34, 420, 1, 32, 19, 9725 }, // U+01FE
    { 18, 28, 327, 1, 26, 17, 9744 }, // U+01FF
    { 26, 32, 402, 0, 32, 22, 9761 }, // U+0200
    { 18, 27, 320, 1, 26, 21, 9783 }, // U+0201
    { 26, 32, 402, 0, 32, 21, 9804 }, // U+0202
    { 18, 27, 320, 1, 26, 17, 9825 }, // U+0203
    { 21, 32, 348, 0, 32, 21, 9842 }, // U+0204
    { 17, 27, 305, 1, 26, 21, 9863 }, // U+0205
    { 21, 32, 348, 0, 32, 19, 9884 }, // U+0206
    { 17, 27, 305, 1, 26, 18, 9903 }, // U+0207
    { 16, 32, 214, -3, 32, 30, 9921 }, // U+0208
    { 16, 26, 188, -4, 26, 23, 9951 }, // U+0209
    { 13, 32, 214, 0, 32, 17, 9974 }, // U+020A
    { 12, 26, 188, 0, 26, 15, 9991 }, // U+020B
    { 24, 33, 420, 1, 32, 21, 10006 }, // U+020C
    { 18, 27, 327, 1, 26, 18, 10027 }, // U+020D
    { 24, 33, 420, 1, 32, 20, 10045 }, // U+020E
    { 18, 27, 327, 1, 26, 17, 10065 }, // U+020F
    { 24, 32, 378, 0, 32, 49, 10082 }, // U+0210
    { 17, 26, 279, 0, 26, 21, 10131 }, // U+0211
    { 24, 32, 378, 0, 32, 47, 10152 }, // U+0212
    { 17, 26, 279, 0, 26, 17, 10199 }, // U+0213
    { 25, 33, 398, 0, 32, 22, 10216 }, // U+0214
    { 22, 27, 356, 0, 26, 22, 10238 }, // U+0215
    { 25, 33, 398, 0, 32, 21, 10260 }, // U+0216
    { 22, 27, 356, 0, 26, 19, 10281 }, // U+0217
    { 18, 33, 309, 1, 25, 17, 10300 }, // U+0218
    { 14, 27, 256, 1, 19, 16, 10317 }, // U+0219
    { 22, 32, 348, 0, 24, 15, 10333 }, // U+021A
    { 13, 30, 216, 0, 22, 14, 10348 }, // U+021B
    { 19, 31, 328, 1, 25, 40, 10362 }, // U+021C
    { 16, 27, 288, 1, 19, 35, 10402 }, // U+021D
    { 27, 32, 437, 0, 32, 23, 10437 }, // U+021E
    { 22, 32, 356, 0, 32, 19, 10460 }, // U+021F
    { 10, 6, 0, -16, 26, 7, 10479 }, // U+0300
    { 9, 6, 0, -11, 26, 8, 10486 }, // U+0301
    { 13, 6, 0, -16, 26, 7, 10494 }, // U+0302
    { 14, 6, 0, -18, 26, 13, 10501 }, // U+0303
    { 10, 3, 0, -5, 23, 6, 10514 }, // U+0304
    { 16, 3, 0, -8, 28, 7, 10520 }, // U+0305
    { 12, 6, 0, -6, 26, 11, 10527 }, // U+0306
    { 6, 6, 0, -3, 26, 6, 10538 }, // U+0307
    { 12, 6, 0, -6, 26, 10, 10544 }, // U+0308
    { 8, 9, 0, -14, 28, 11, 10554 }, // U+0309
    { 8, 9, 0, -4, 28, 12, 10565 }, // U+030A
    { 14, 6, 0, -7, 26, 13, 10577 }, // U+030B
    { 13, 6, 0, -17, 26, 11, 10590 }, // U+030C
    { 4, 7, 0, -2, 26, 5, 10601 }, // U+030D
    { 8, 7, 0, -4, 26, 6, 10606 }, // U+030E
    { 14, 6, 0, -19, 26, 13, 10612 }, // U+030F
    { 12, 10, 0, -6, 30, 15, 10625 }, // U+0310
    { 12, 6, 0, -6, 26, 10, 10640 }, // U+0311
    { 7, 11, 0, -3, 24, 10, 10650 }, // U+0312
    { 7, 11, 0, -3, 24, 10, 10660 }, // U+0313
    { 6, 11, 0, -3, 24, 11, 10670 }, // U+0314
    { 6, 11, 0, -3, 24, 10, 10681 }, // U+0315
    { 10, 6, 0, -5, -2, 5, 10691 }, // U+0316
    { 10, 6, 0, -5, -2, 7, 10696 }, // U+0317
    { 6, 7, 0, -3, -1, 7, 10703 }, // U+0318
    { 6, 7, 0, -3, -1, 7, 10710 }, // U+0319
    { 10, 10, 197, 0, 26, 8, 10717 }, // U+031A
    { 6, 9, 0, -3, 26, 10, 10725 }, // U+031B
    { 4, 8, 0, -2, 0, 7, 10735 }, // U+031C
    { 8, 6, 0, -4, -1, 6, 10742 }, // U+031D
    { 8, 6, 0, -4, -1, 7, 10748 }, // U+031E
    { 8, 7, 0, -4, -1, 9, 10755 }, // U+031F
    { 8, 2, 0, -4, -3, 4, 10764 }, // U+0320
    { 8, 9, 0, -4, 2, 9, 10768 }, // U+0321
    { 8, 9, 0, -4, 2, 9, 10777 }, // U+0322
    { 6, 6, 0, -13, -1, 6, 10786 }, // U+0323
    { 12, 6, 0, -6, -1, 6, 10792 }, // U+0324
    { 8, 8, 0, -4, 0, 9, 10798 }, // U+0325
    { 6, 6, 0, -3, -2, 6, 10807 }, // U+0326
    { 8, 9, 0, -4, 1, 11, 10813 }, // U+0327
    { 8, 8, 0, -4, 0, 11, 10824 }, // U+0328
    { 4, 7, 0, -2, -1, 4, 10835 }, // U+0329
    { 12, 6, 0, -6, -2, 10, 10839 }, // U+032A
    { 12, 5, 0, -6, -2, 13, 10849 }, // U+032B
    { 12, 7, 0, -6, -1, 11, 10862 }, // U+032C
    { 12, 7, 0, -6, -1, 11, 10873 }, // U+032D
    { 12, 7, 0, -6, -1, 9, 10884 }, // U+032E
    { 12, 7, 0, -6, -1, 9, 10893 }, // U+032F
    { 14, 7, 0, -7, -1, 13, 10902 }, // U+0330
    { 10, 3, 0, -5, -3, 4, 10915 }, // U+0331
    { 14, 3, 0, -7, -3, 1, 10919 }, // U+0332
    { 14, 7, 0, -7, -1, 11, 10920 }, // U+0333
    { 14, 6, 0, -7, 13, 9, 10931 }, // U+0334
    { 14, 3, 0, -7, 11, 7, 10940 }, // U+0335
    { 22, 3, 0, -11, 11, 9, 10947 }, // U+0336
    { 14, 9, 0, -7, 14, 12, 10956 }, // U+0337
    { 14, 29, 0, -7, 26, 19, 10968 }, // U+0338
    { 4, 8, 0, -2, 0, 7, 10987 }, // U+0339
    { 12, 6, 0, -6, -2, 10, 10994 }, // U+033A
    { 14, 7, 0, -7, -1, 12, 11004 }, // U+033B
    { 12, 5, 0, -6, -2, 13, 11016 }, // U+033C
    { 8, 7, 0, -4, 26, 11, 11029 }, // U+033D
    { 6, 11, 0, -3, 30, 10, 11040 }, // U+033E
    { 14, 7, 0, -7, 32, 12, 11050 }, // U+033F
    { 10, 6, 0, -6, 26, 5, 11062 }, // U+0340
    { 10, 6, 0, -4, 26, 5, 11067 }, // U+0341
    { 14, 6, 0, -7, 26, 9, 11072 }, // U+0342
    { 6, 7, 0, -3, 27, 8, 11081 }, // U+0343
    { 14, 8, 0, -7, 27, 17, 11089 }, // U+0344
    { 7, 6, 0, 2, -2, 8, 11106 }, // U+0345
    { 12, 6, 0, -6, 26, 5, 11114 }, // U+0346
    { 14, 7, 0, -7, -1, 5, 11119 }, // U+0347
    { 8, 7, 0, -4, -2, 5, 11124 }, // U+0348
    { 6, 6, 0, -3, -2, 6, 11129 }, // U+0349
    { 14, 9, 0, -7, 27, 16, 11135 }, // U+034A
    { 14, 14, 0, -7, 33, 24, 11151 }, // U+034B
    { 14, 12, 0, -7, 31, 25, 11175 }, // U+034C
    { 10, 7, 0, -5, -1, 11, 11200 }, // U+034D
    { 8, 8, 0, -4, 0, 8, 11211 }, // U+034E
    { 24, 24, 0, -12, 24, 78, 11219 }, // U+034F
    { 8, 8, 0, -4, 26, 12, 11297 }, // U+0350
    { 4, 9, 0, -2, 28, 6, 11309 }, // U+0351
    { 12, 10, 0, -6, 29, 14, 11315 }, // U+0352
    { 8, 7, 0, -4, -1, 7, 11329 }, // U+0353
    { 8, 8, 0, -4, -1, 12, 11336 }, // U+0354
    { 8, 8, 0, -4, -1, 7, 11348 }, // U+0355
    { 14, 7, 0, -7, -1, 19, 11355 }, // U+0356
    { 4, 9, 0, -2, 28, 6, 11374 }, // U+0357
    { 7, 6, 0, 2, 26, 6, 11380 }, // U+0358
    { 10, 7, 0, -5, -1, 19, 11386 }, // U+0359
    { 12, 7, 0, -6, -1, 15, 11405 }, // U+035A
    { 8, 8, 0, -4, 27, 9, 11420 }, // U+035B
    { 26, 7, 0, -13, -1, 18, 11429 }, // U+035C
    { 26, 7, 0, -13, 26, 15, 11447 }, // U+035D
    { 20, 3, 0, -10, 23, 7, 11462 }, // U+035E
    { 20, 3, 0, -10, -2, 6, 11469 }, // U+035F
    { 28, 6, 0, -14, 26, 18, 11475 }, // U+0360
    { 28, 7, 0, -14, 28, 20, 11493 }, // U+0361
    { 20, 7, 0, -10, -1, 10, 11513 }, // U+0362
    { 9, 8, 0, -4, 28, 14, 11523 }, // U+0363
    { 8, 8, 0, -4, 28, 15, 11537 }, // U+0364
    { 6, 11, 0, -3, 31, 10, 11552 }, // U+0365
    { 9, 8, 0, -4, 28, 13, 11562 }, // U+0366
    { 10, 8, 0, -5, 28, 12, 11575 }, // U+0367
    { 7, 8, 0, -3, 28, 13, 11587 }, // U+0368
    { 9, 11, 0, -4, 31, 16, 11600 }, // U+0369
    { 10, 11, 0, -5, 31, 15, 11616 }, // U+036A
    { 15, 8, 0, -7, 28, 19, 11631 }, // U+036B
    { 9, 8, 0, -4, 28, 12, 11650 }, // U+036C
    { 7, 10, 0, -3, 30, 10, 11662 }, // U+036D
    { 10, 8, 0, -5, 28, 14, 11672 }, // U+036E
    { 11, 8, 0, -5, 28, 18, 11686 }, // U+036F
    { 21, 32, 348, 0, 32, 29, 11704 }, // U+0400
    { 21, 31, 348, 0, 31, 32, 11733 }, // U+0401
    { 27, 24, 439, 0, 24, 42, 11765 }, // U+0402
    { 19, 32, 318, 1, 32, 27, 11807 }, // U+0403
    { 20, 26, 351, 1, 25, 36, 11834 }, // U+0404
    { 18, 26, 310, 1, 25, 24, 11870 }, // U+0405
    { 12, 24, 210, 1, 24, 16, 11894 }, // U+0406
    { 12, 31, 210, 1, 31, 16, 11910 }, // U+0407
    { 14, 32, 211, -1, 24, 13, 11926 }, // U+0408
    { 32, 25, 519, 0, 24, 47, 11939 }, // U+0409
    { 34, 24, 551, 0, 24, 48, 11986 }, // U+040A
    { 29, 24, 474, 0, 24, 41, 12034 }, // U+040B
    { 25, 32, 389, 0, 32, 35, 12075 }, // U+040C
    { 26, 32, 439, 1, 32, 46, 12110 }, // U+040D
    { 24, 33, 373, 0, 32, 46, 12156 }, // U+040E
    { 25, 31, 429, 1, 24, 38, 12202 }, // U+040F
    { 25, 24, 399, 0, 24, 38, 12240 }, // U+0410
    { 21, 24, 340, 0, 24, 31, 12278 }, // U+0411
    { 21, 24, 370, 1, 24, 36, 12309 }, // U+0412
    { 19, 24, 318, 1, 24, 8, 12345 }, // U+0413
    { 25, 31, 401, 0, 24, 38, 12353 }, // U+0414
    { 21, 24, 348, 0, 24, 23, 12391 }, // U+0415
    { 35, 24, 552, 0, 24, 65, 12414 }, // U+0416
    { 19, 26, 331, 1, 25, 39, 12479 }, // U+0417
    { 26, 24, 439, 1, 24, 12, 12518 }, // U+0418
    { 26, 32, 439, 1, 32, 22, 12530 }, // U+0419
    { 25, 24, 389, 0, 24, 29, 12552 }, // U+041A
    { 25, 25, 400, 0, 24, 34, 12581 }, // U+041B
    { 32, 24, 517, 0, 24, 55, 12615 }, // U+041C
    { 26, 24, 434, 1, 24, 30, 12670 }, // U+041D
    { 24, 26, 412, 1, 25, 37, 12700 }, // U+041E
    { 25, 24, 429, 1, 24, 15, 12737 }, // U+041F
    { 21, 24, 340, 0, 24, 26, 12752 }, // U+0420
    { 20, 26, 351, 1, 25, 12, 12778 }, // U+0421
    { 22, 24, 358, 0, 24, 26, 12790 }, // U+0422
    { 24, 25, 373, 0, 24, 33, 12816 }, // U+0423
    { 30, 26, 503, 1, 25, 55, 12849 }, // U+0424
    { 25, 24, 390, 0, 24, 16, 12904 }, // U+0425
    { 25, 31, 430, 1, 24, 19, 12920 }, // U+0426
    { 26, 24, 419, 0, 24, 32, 12939 }, // U+0427
    { 38, 24, 608, 0, 24, 49, 12971 }, // U+0428
    { 38, 31, 611, 0, 24, 21, 13020 }, // U+0429
    { 24, 24, 394, 0, 24, 35, 13041 }, // U+042A
    { 32, 24, 525, 0, 24, 50, 13076 }, // U+042B
    { 21, 24, 340, 0, 24, 28, 13126 }, // U+042C
    { 20, 26, 351, 1, 25, 36, 13154 }, // U+042D
    { 35, 26, 575, 0, 25, 56, 13190 }, // U+042E
    { 24, 24, 373, -1, 24, 38, 13246 }, // U+042F
    { 18, 20, 316, 1, 19, 32, 13284 }, // U+0430
    { 18, 27, 323, 1, 26, 42, 13316 }, // U+0431
    { 20, 18, 323, 0, 18, 31, 13358 }, // U+0432
    { 17, 18, 268, 0, 18, 17, 13389 }, // U+0433
    { 21, 24, 333, 0, 18, 34, 13406 }, // U+0434
    { 17, 20, 301, 1, 19, 23, 13440 }, // U+0435
    { 30, 18, 471, 0, 18, 48, 13463 }, // U+0436
    { 15, 20, 270, 1, 19, 33, 13511 }, // U+0437
    { 23, 18, 362, 0, 18, 38, 13544 }, // U+0438
    { 23, 26, 362, 0, 26, 41, 13582 }, // U+0439
    { 21, 18, 331, 0, 18, 32, 13623 }, // U+043A
    { 21, 19, 333, 0, 18, 27, 13655 }, // U+043B
    { 28, 18, 454, 0, 18, 42, 13682 }, // U+043C
    { 22, 18, 359, 0, 18, 24, 13724 }, // U+043D
    { 18, 20, 323, 1, 19, 25, 13748 }, // U+043E
    { 22, 18, 354, 0, 18, 20, 13773 }, // U+043F
    { 21, 27, 344, 0, 19, 34, 13793 }, // U+0440
    { 16, 20, 279, 1, 19, 22, 13827 }, // U+0441
    { 19, 18, 296, 0, 18, 20, 13849 }, // U+0442
    { 21, 27, 323, 0, 18, 34, 13869 }, // U+0443
    { 25, 34, 432, 1, 26, 47, 13903 }, // U+0444
    { 22, 18, 346, 0, 18, 20, 13950 }, // U+0445
    { 22, 24, 357, 0, 18, 25, 13970 }, // U+0446
    { 22, 18, 352, 0, 18, 28, 13995 }, // U+0447
    { 31, 18, 506, 0, 18, 37, 14023 }, // U+0448
    { 32, 24, 508, 0, 18, 43, 14060 }, // U+0449
    { 22, 18, 354, 0, 18, 30, 14103 }, // U+044A
    { 29, 18, 467, 0, 18, 38, 14133 }, // U+044B
    { 19, 18, 304, 0, 18, 27, 14171 }, // U+044C
    { 16, 20, 279, 1, 19, 29, 14198 }, // U+044D
    { 28, 20, 460, 0, 19, 44, 14227 }, // U+044E
    { 20, 18, 325, 0, 18, 30, 14271 }, // U+044F
    { 17, 27, 301, 1, 26, 16, 14301 }, // U+0450
    { 17, 27, 301, 1, 26, 16, 14317 }, // U+0451
    { 20, 34, 336, 0, 26, 42, 14333 }, // U+0452
    { 17, 26, 269, 0, 26, 24, 14375 }, // U+0453
    { 16, 20, 279, 1, 19, 14, 14399 }, // U+0454
    { 14, 20, 256, 1, 19, 15, 14413 }, // U+0455
    { 12, 26, 188, 0, 26, 8, 14428 }, // U+0456
    { 12, 26, 188, 0, 26, 16, 14436 }, // U+0457
    { 10, 34, 177, -1, 26, 8, 14452 }, // U+0458
    { 28, 19, 445, 0, 18, 35, 14460 }, // U+0459
    { 29, 18, 471, 0, 18, 41, 14495 }, // U+045A
    { 22, 26, 352, 0, 26, 22, 14536 }, // U+045B
    { 21, 26, 334, 0, 26, 37, 14558 }, // U+045C
    { 23, 26, 362, 0, 26, 21, 14595 }, // U+045D
    { 21, 35, 323, 0, 26, 44, 14616 }, // U+045E
    { 22, 24, 354, 0, 18, 26, 14660 }, // U+045F
    { 33, 25, 548, 0, 25, 55, 14686 }, // U+0460
    { 29, 19, 479, 0, 19, 44, 14741 }, // U+0461
    { 24, 24, 382, 0, 24, 40, 14785 }, // U+0462
    { 20, 26, 322, 0, 26, 35, 14825 }, // U+0463
    { 34, 26, 550, 0, 25, 53, 14860 }, // U+0464
    { 28, 20, 457, 0, 19, 46, 14913 }, // U+0465
    { 27, 24, 423, 0, 24, 42, 14959 }, // U+0466
    { 23, 18, 356, 0, 18, 36, 15001 }, // U+0467
    { 39, 24, 623, 0, 24, 63, 15037 }, // U+0468
    { 32, 18, 511, 0, 18, 48, 15100 }, // U+0469
    { 31, 24, 491, 0, 24, 53, 15148 }, // U+046A
    { 27, 18, 424, 0, 18, 44, 15201 }, // U+046B
    { 44, 24, 693, 0, 24, 74, 15245 }, // U+046C
    { 37, 18, 584, 0, 18, 57, 15319 }, // U+046D
    { 19, 37, 329, 1, 29, 62, 15376 }, // U+046E
    { 16, 31, 282, 1, 23, 54, 15438 }, // U+046F
    { 32, 24, 521, 0, 24, 49, 15492 }, // U+0470
    { 22, 34, 378, 0, 26, 37, 15541 }, // U+0471
    { 24, 26, 420, 1, 25, 23, 15578 }, // U+0472
    { 19, 20, 331, 1, 19, 34, 15601 }, // U+0473
    { 26, 24, 396, 0, 24, 36, 15635 }, // U+0474
    { 22, 19, 341, 0, 19, 27, 15671 }, // U+0475
    { 26, 32, 396, 0, 32, 49, 15698 }, // U+0476
    { 22, 26, 342, 0, 26, 23, 15747 }, // U+0477
    { 43, 33, 695, 1, 25, 73, 15770 }, // U+0478
    { 37, 27, 600, 1, 19, 62, 15843 }, // U+0479
    { 25, 29, 441, 1, 26, 44, 15905 }, // U+047A
    { 19, 22, 343, 1, 20, 33, 15949 }, // U+047B
    { 35, 37, 599, 1, 36, 78, 15982 }, // U+047C
    { 30, 32, 514, 1, 31, 69, 16060 }, // U+047D
    { 33, 30, 548, 0, 30, 27, 16129 }, // U+047E
    { 29, 24, 479, 0, 24, 22, 16156 }, // U+047F
    { 20, 33, 357, 1, 25, 21, 16178 }, // U+0480
    { 16, 27, 281, 1, 19, 16, 16199 }, // U+0481
    { 18, 22, 325, 1, 21, 37, 16215 }, // U+0482
    { 14, 7, 0, -7, 25, 9, 16252 }, // U+0483
    { 14, 6, 0, -7, 26, 12, 16261 }, // U+0484
    { 4, 6, 0, -2, 26, 7, 16273 }, // U+0485
    { 4, 6, 0, -2, 26, 7, 16280 }, // U+0486
    { 14, 5, 0, -7, 30, 12, 16287 }, // U+0487
    { 42, 38, 0, -21, 28, 69, 16299 }, // U+0488
    { 40, 40, 0, -20, 29, 58, 16368 }, // U+0489
    { 27, 38, 440, 1, 31, 54, 16426 }, // U+048A
    { 23, 33, 362, 0, 26, 22, 16480 }, // U+048B
    { 21, 26, 340, 0, 26, 31, 16502 }, // U+048C
    { 20, 22, 322, 0, 22, 13, 16533 }, // U+048D
    { 21, 24, 340, 0, 24, 32, 16546 }, // U+048E
    { 20, 27, 344, 0, 19, 20, 16578 }, // U+048F
    { 18, 29, 292, 0, 29, 21, 16598 }, // U+0490
    { 15, 23, 244, 0, 23, 19, 16619 }, // U+0491
    { 20, 24, 315, 0, 24, 24, 16638 }, // U+0492
    { 17, 18, 271, 0, 18, 16, 16662 }, // U+0493
    { 23, 33, 383, 0, 24, 49, 16678 }, // U+0494
    { 20, 26, 328, 0, 18, 34, 16727 }, // U+0495
    { 36, 31, 577, 0, 24, 69, 16761 }, // U+0496
    { 32, 26, 511, 0, 19, 60, 16830 }, // U+0497
    { 19, 33, 329, 1, 25, 41, 16890 }, // U+0498
    { 16, 27, 282, 1, 19, 39, 16931 }, // U+0499
    { 25, 31, 403, 0, 24, 40, 16970 }, // U+049A
    { 22, 26, 354, 0, 19, 35, 17010 }, // U+049B
    { 26, 24, 403, 0, 24, 43, 17045 }, // U+049C
    { 23, 19, 358, 0, 19, 49, 17088 }, // U+049D
    { 24, 24, 384, 0, 24, 44, 17137 }, // U+049E
    { 22, 26, 342, 0, 26, 37, 17181 }, // U+049F
    { 28, 24, 443, 0, 24, 48, 17218 }, // U+04A0
    { 26, 19, 410, 0, 19, 41, 17266 }, // U+04A1
    { 27, 31, 437, 0, 24, 16, 17307 }, // U+04A2
    { 23, 25, 368, 0, 18, 36, 17323 }, // U+04A3
    { 31, 24, 495, 0, 24, 42, 17359 }, // U+04A4
    { 27, 18, 436, 0, 18, 38, 17401 }, // U+04A5
    { 37, 33, 601, 0, 24, 58, 17439 }, // U+04A6
    { 31, 26, 498, 0, 18, 49, 17497 }, // U+04A7
    { 27, 27, 452, 1, 25, 52, 17546 }, // U+04A8
    { 22, 20, 381, 1, 19, 42, 17598 }, // U+04A9
    { 20, 33, 357, 1, 25, 19, 17640 }, // U+04AA
    { 16, 27, 281, 1, 19, 19, 17659 }, // U+04AB
    { 22, 31, 348, 0, 24, 14, 17678 }, // U+04AC
    { 19, 25, 302, 0, 18, 19, 17692 }, // U+04AD
    { 24, 24, 370, 0, 24, 12, 17711 }, // U+04AE
    { 21, 26, 323, 0, 18, 25, 17723 }, // U+04AF
    { 24, 24, 370, 0, 24, 19, 17748 }, // U+04B0
    { 21, 26, 323, 0, 18, 18, 17767 }, // U+04B1
    { 25, 31, 402, 0, 24, 21, 17785 }, // U+04B2
    { 22, 25, 344, 0, 18, 19, 17806 }, // U+04B3
    { 33, 31, 529, 0, 24, 47, 17825 }, // U+04B4
    { 29, 25, 463, 0, 18, 34, 17872 }, // U+04B5
    { 26, 31, 416, 0, 24, 29, 17906 }, // U+04B6
    { 23, 25, 363, 0, 18, 35, 17935 }, // U+04B7
    { 26, 24, 417, 0, 24, 20, 17970 }, // U+04B8
    { 22, 18, 352, 0, 18, 17, 17990 }, // U+04B9
    { 26, 24, 416, 0, 24, 33, 18007 }, // U+04BA
    { 22, 26, 356, 0, 26, 10, 18040 }, // U+04BB
    { 27, 26, 456, 0, 25, 44, 18050 }, // U+04BC
    { 23, 20, 376, 0, 19, 37, 18094 }, // U+04BD
    { 27, 32, 456, 0, 25, 25, 18131 }, // U+04BE
    { 23, 26, 375, 0, 19, 19, 18156 }, // U+04BF
    { 13, 24, 214, 0, 24, 6, 18175 }, // U+04C0
    { 35, 32, 552, 0, 32, 73, 18181 }, // U+04C1
    { 30, 26, 471, 0, 26, 56, 18254 }, // U+04C2
    { 24, 33, 388, 0, 24, 46, 18310 }, // U+04C3
    { 21, 27, 352, 0, 19, 42, 18356 }, // U+04C4
    { 25, 31, 400, 0, 24, 17, 18398 }, // U+04C5
    { 21, 25, 333, 0, 18, 16, 18415 }, // U+04C6
    { 27, 33, 437, 0, 24, 26, 18431 }, // U+04C7
    { 23, 27, 368, 0, 18, 33, 18457 }, // U+04C8
    { 27, 31, 437, 0, 24, 18, 18490 }, // U+04C9
    { 23, 25, 359, 0, 18, 30, 18508 }, // U+04CA
    { 26, 31, 416, 0, 24, 20, 18538 }, // U+04CB
    { 23, 25, 363, 0, 18, 18, 18558 }, // U+04CC
    { 32, 31, 517, 0, 24, 55, 18576 }, // U+04CD
    { 29, 25, 454, 0, 18, 48, 18631 }, // U+04CE
    { 13, 24, 214, 0, 24, 6, 18679 }, // U+04CF
    { 26, 32, 402, 0, 32, 22, 18685 }, // U+04D0
    { 18, 27, 320, 1, 26, 21, 18707 }, // U+04D1
    { 26, 32, 402, 0, 32, 20, 18728 }, // U+04D2
    { 18, 27, 320, 1, 26, 13, 18748 }, // U+04D3
    { 33, 24, 530, 0, 24, 15, 18761 }, // U+04D4
    { 27, 20, 467, 1, 19, 17, 18776 }, // U+04D5
    { 21, 32, 348, 0, 32, 21, 18793 }, // U+04D6
    { 17, 27, 305, 1, 26, 20, 18814 }, // U+04D7
    { 22, 26, 388, 1, 25, 37, 18834 }, // U+04D8
    { 17, 20, 305, 1, 19, 11, 18871 }, // U+04D9
    { 22, 33, 388, 1, 32, 20, 18882 }, // U+04DA
    { 17, 27, 305, 1, 26, 17, 18902 }, // U+04DB
    { 35, 32, 552, 0, 32, 28, 18919 }, // U+04DC
    { 30, 26, 471, 0, 26, 24, 18947 }, // U+04DD
    { 19, 33, 334, 1, 32, 20, 18971 }, // U+04DE
    { 15, 27, 270, 1, 26, 19, 18991 }, // U+04DF
    { 19, 25, 329, 1, 24, 12, 19010 }, // U+04E0
    { 18, 26, 298, 0, 18, 12, 19022 }, // U+04E1
    { 26, 29, 439, 1, 29, 16, 19034 }, // U+04E2
    { 23, 23, 362, 0, 23, 16, 19050 }, // U+04E3
    { 26, 32, 439, 1, 32, 21, 19066 }, // U+04E4
    { 23, 26, 362, 0, 26, 20, 19087 }, // U+04E5
    { 24, 33, 420, 1, 32, 18, 19107 }, // U+04E6
    { 18, 27, 327, 1, 26, 11, 19125 }, // U+04E7
    { 24, 26, 420, 1, 25, 16, 19136 }, // U+04E8
    { 18, 20, 327, 1, 19, 12, 19152 }, // U+04E9
    { 24, 33, 420, 1, 32, 19, 19164 }, // U+04EA
    { 18, 27, 327, 1, 26, 14, 19183 }, // U+04EB
    { 20, 33, 351, 1, 32, 18, 19197 }, // U+04EC
    { 16, 27, 279, 1, 26, 18, 19215 }, // U+04ED
    { 24, 30, 373, 0, 29, 18, 19233 }, // U+04EE
    { 20, 31, 309, 0, 23, 17, 19251 }, // U+04EF
    { 24, 33, 373, 0, 32, 43, 19268 }, // U+04F0
    { 20, 34, 309, 0, 26, 22, 19311 }, // U+04F1
    { 24, 33, 373, 0, 32, 45, 19333 }, // U+04F2
    { 20, 34, 309, 0, 26, 24, 19378 }, // U+04F3
    { 26, 32, 417, 0, 32, 35, 19402 }, // U+04F4
    { 22, 26, 352, 0, 26, 35, 19437 }, // U+04F5
    { 20, 31, 315, 0, 24, 17, 19472 }, // U+04F6
    { 17, 25, 271, 0, 18, 15, 19489 }, // U+04F7
    { 32, 32, 525, 0, 32, 49, 19504 }, // U+04F8
    { 29, 26, 467, 0, 26, 41, 19553 }, // U+04F9
    { 20, 31, 315, 0, 24, 18, 19594 }, // U+04FA
    { 17, 25, 271, 0, 18, 24, 19612 }, // U+04FB
    { 25, 31, 391, 0, 24, 23, 19636 }, // U+04FC
    { 22, 25, 344, 0, 18, 21, 19659 }, // U+04FD
    { 25, 24, 390, 0, 24, 23, 19680 }, // U+04FE
    { 22, 18, 344, 0, 18, 18, 19703 }, // U+04FF
    { 26, 31, 402, 0, 24, 19, 19721 }, // U+1EA0
    { 18, 26, 320, 1, 19, 18, 19740 }, // U+1EA1
    { 26, 33, 402, 0, 33, 22, 19758 }, // U+1EA2
    { 18, 29, 320, 1, 28, 23, 19780 }, // U+1EA3
    { 26, 33, 402, 0, 33, 24, 19803 }, // U+1EA4
    { 19, 29, 320, 1, 28, 50, 19827 }, // U+1EA5
    { 26, 33, 402, 0, 33, 25, 19877 }, // U+1EA6
    { 19, 29, 320, 0, 28, 49, 19902 }, // U+1EA7
    { 26, 35, 402, 0, 35, 28, 19951 }, // U+1EA8
    { 18, 30, 320, 1, 29, 25, 19979 }, // U+1EA9
    { 26, 36, 402, 0, 36, 37, 20004 }, // U+1EAA
    { 18, 31, 320, 1, 30, 27, 20041 }, // U+1EAB
    { 26, 39, 402, 0, 32, 29, 20068 }, // U+1EAC
    { 18, 33, 320, 1, 26, 21, 20097 }, // U+1EAD
    { 26, 34, 402, 0, 34, 25, 20118 }, // U+1EAE
    { 18, 30, 320, 1, 29, 24, 20143 }, // U+1EAF
    { 26, 34, 402, 0, 34, 25, 20167 }, // U+1EB0
    { 18, 30, 320, 1, 29, 23, 20192 }, // U+1EB1
    { 26, 35, 402, 0, 35, 30, 20215 }, // U+1EB2
    { 18, 31, 320, 1, 30, 27, 20245 }, // U+1EB3
    { 26, 36, 402, 0, 36, 30, 20272 }, // U+1EB4
    { 18, 31, 320, 1, 30, 26, 20302 }, // U+1EB5
    { 26, 39, 402, 0, 32, 28, 20328 }, // U+1EB6
    { 18, 33, 320, 1, 26, 21, 20356 }, // U+1EB7
    { 21, 31, 348, 0, 24, 17, 20377 }, // U+1EB8
    { 17, 26, 305, 1, 19, 16, 20394 }, // U+1EB9
    { 21, 33, 348, 0, 33, 20, 20410 }, // U+1EBA
    { 17, 29, 305, 1, 28, 20, 20430 }, // U+1EBB
    { 21, 32, 348, 0, 32, 20, 20450 }, // U+1EBC
    { 17, 27, 305, 1, 26, 20, 20470 }, // U+1EBD
    { 21, 33, 348, 0, 33, 22, 20490 }, // U+1EBE
    { 19, 29, 305, 1, 28, 46, 20512 }, // U+1EBF
    { 21, 33, 348, 0, 33, 23, 20558 }, // U+1EC0
    { 18, 29, 305, 0, 28, 45, 20581 }, // U+1EC1
    { 21, 35, 348, 0, 35, 26, 20626 }, // U+1EC2
    { 18, 30, 305, 1, 29, 44, 20652 }, // U+1EC3
    { 21, 36, 348, 0, 36, 33, 20696 }, // U+1EC4
    { 17, 31, 305, 1, 30, 26, 20729 }, // U+1EC5
    { 21, 39, 348, 0, 32, 26, 20755 }, // U+1EC6
    { 17, 33, 305, 1, 26, 19, 20781 }, // U+1EC7
    { 13, 33, 214, 0, 33, 18, 20800 }, // U+1EC8
    { 12, 28, 188, 0, 28, 18, 20818 }, // U+1EC9
    { 13, 31, 214, 0, 24, 13, 20836 }, // U+1ECA
    { 12, 33, 188, 0, 26, 14, 20849 }, // U+1ECB
    { 24, 32, 420, 1, 25, 17, 20863 }, // U+1ECC
    { 18, 26, 327, 1, 19, 16, 20880 }, // U+1ECD
    { 24, 34, 420, 1, 33, 18, 20896 }, // U+1ECE
    { 18, 29, 327, 1, 28, 20, 20914 }, // U+1ECF
    { 24, 34, 420, 1, 33, 23, 20934 }, // U+1ED0
    { 19, 29, 327, 1, 28, 37, 20957 }, // U+1ED1
    { 24, 34, 420, 1, 33, 23, 20994 }, // U+1ED2
    { 18, 29, 327, 1, 28, 19, 21017 }, // U+1ED3
    { 24, 36, 420, 1, 35, 26, 21036 }, // U+1ED4
    { 18, 30, 327, 1, 29, 23, 21062 }, // U+1ED5
    { 24, 37, 420, 1, 36, 32, 21085 }, // U+1ED6
    { 18, 31, 327, 1, 30, 25, 21117 }, // U+1ED7
    { 24, 39, 420, 1, 32, 21, 21142 }, // U+1ED8
    { 18, 33, 327, 1, 26, 19, 21163 }, // U+1ED9
    { 28, 33, 450, 1, 32, 18, 21182 }, // U+1EDA
    { 22, 27, 357, 1, 26, 17, 21200 }, // U+1EDB
    { 28, 33, 450, 1, 32, 20, 21217 }, // U+1EDC
    { 22, 27, 357, 1, 26, 16, 21237 }, // U+1EDD
    { 28, 34, 450, 1, 33, 21, 21253 }, // U+1EDE
    { 22, 29, 357, 1, 28, 23, 21274 }, // U+1EDF
    { 28, 33, 450, 1, 32, 25, 21297 }, // U+1EE0
    { 22, 27, 357, 1, 26, 22, 21322 }, // U+1EE1
    { 28, 33, 450, 1, 26, 21, 21344 }, // U+1EE2
    { 22, 28, 357, 1, 21, 18, 21365 }, // U+1EE3
    { 25, 31, 398, 0, 24, 17, 21383 }, // U+1EE4
    { 22, 25, 356, 0, 18, 17, 21400 }, // U+1EE5
    { 25, 34, 398, 0, 33, 22, 21417 }, // U+1EE6
    { 22, 29, 356, 0, 28, 22, 21439 }, // U+1EE7
    { 29, 33, 455, 0, 32, 19, 21461 }, // U+1EE8
    { 26, 27, 415, 0, 26, 18, 21480 }, // U+1EE9
    { 29, 33, 455, 0, 32, 20, 21498 }, // U+1EEA
    { 26, 27, 415, 0, 26, 20, 21518 }, // U+1EEB
    { 29, 34, 455, 0, 33, 24, 21538 }, // U+1EEC
    { 26, 29, 415, 0, 28, 24, 21562 }, // U+1EED
    { 29, 33, 455, 0, 32, 26, 21586 }, // U+1EEE
    { 26, 27, 415, 0, 26, 23, 21612 }, // U+1EEF
    { 29, 33, 455, 0, 26, 21, 21635 }, // U+1EF0
    { 26, 28, 415, 0, 21, 19, 21656 }, // U+1EF1
    { 24, 32, 370, 0, 32, 19, 21675 }, // U+1EF2
    { 20, 34, 309, 0, 26, 20, 21694 }, // U+1EF3
    { 24, 31, 370, 0, 24, 19, 21714 }, // U+1EF4
    { 20, 26, 309, 0, 18, 19, 21733 }, // U+1EF5
    { 24, 33, 370, 0, 33, 21, 21752 }, // U+1EF6
    { 20, 36, 309, 0, 28, 23, 21773 }, // U+1EF7
    { 24, 32, 370, 0, 32, 25, 21796 }, // U+1EF8
    { 20, 34, 309, 0, 26, 25, 21821 }, // U+1EF9
    { 0, 0, 267, 0, 0, 0, 21846 }, // U+2000
    { 0, 0, 533, 0, 0, 0, 21846 }, // U+2001
    { 0, 0, 267, 0, 0, 0, 21846 }, // U+2002
    { 0, 0, 533, 0, 0, 0, 21846 }, // U+2003
    { 0, 0, 178, 0, 0, 0, 21846 }, // U+2004
    { 0, 0, 133, 0, 0, 0, 21846 }, // U+2005
    { 0, 0, 89, 0, 0, 0, 21846 }, // U+2006
    { 0, 0, 301, 0, 0, 0, 21846 }, // U+2007
    { 0, 0, 157, 0, 0, 0, 21846 }, // U+2008
    { 0, 0, 89, 0, 0, 0, 21846 }, // U+2009
    { 0, 0, 53, 0, 0, 0, 21846 }, // U+200A
    { 0, 0, 0, 0, 0, 0, 21846 }, // U+200B
    { 2, 26, 0, -1, 21, 9, 21846 }, // U+200C
    { 8, 28, 0, -4, 23, 21, 21855 }, // U+200D
    { 9, 28, 0, -1, 23, 16, 21876 }, // U+200E
    { 9, 28, 0, -8, 23, 18, 21892 }, // U+200F
    { 10, 4, 165, 0, 11, 4, 21910 }, // U+2010
    { 10, 4, 165, 0, 11, 4, 21914 }, // U+2011
    { 17, 4, 301, 1, 14, 7, 21918 }, // U+2012
    { 18, 4, 267, -1, 11, 7, 21925 }, // U+2013
    { 35, 4, 533, -1, 11, 10, 21932 }, // U+2014
    { 35, 3, 533, -1, 10, 5, 21942 }, // U+2015
    { 9, 34, 298, 5, 26, 20, 21947 }, // U+2016
    { 15, 7, 219, -1, 0, 11, 21967 }, // U+2017
    { 7, 11, 149, 1, 24, 10, 21978 }, // U+2018
    { 7, 11, 149, 1, 24, 10, 21988 }, // U+2019
    { 7, 12, 157, 1, 6, 6, 21998 }, // U+201A
    { 7, 11, 149, 1, 24, 10, 22004 }, // U+201B
    { 14, 11, 261, 1, 24, 21, 22014 }, // U+201C
    { 14, 11, 261, 1, 24, 18, 22035 }, // U+201D
    { 14, 12, 261, 1, 6, 18, 22053 }, // U+201E
    { 14, 11, 261, 1, 24, 20, 22071 }, // U+201F
    { 14, 30, 255, 1, 26, 28, 22091 }, // U+2020
    { 14, 30, 255, 1, 26, 33, 22119 }, // U+2021
    { 11, 12, 213, 1, 18, 11, 22152 }, // U+2022
    { 11, 12, 267, 3, 18, 16, 22163 }, // U+2023
    { 6, 6, 157, 2, 15, 4, 22179 }, // U+2024
    { 16, 6, 307, 2, 15, 12, 22183 }, // U+2025
    { 27, 7, 487, 2, 6, 17, 22195 }, // U+2026
    { 6, 7, 157, 2, 14, 4, 22212 }, // U+2027
    { 0, 0, 320, 0, 0, 0, 22216 }, // U+2028
    { 0, 0, 320, 0, 0, 0, 22216 }, // U+2029
    { 9, 26, 0, -1, 21, 7, 22216 }, // U+202A
    { 9, 26, 0, -8, 21, 7, 22223 }, // U+202B
    { 8, 28, 0, -4, 23, 12, 22230 }, // U+202C
    { 8, 28, 0, -4, 23, 16, 22242 }, // U+202D
    { 8, 28, 0, -4, 23, 15, 22258 }, // U+202E
    { 0, 0, 89, 0, 0, 0, 22273 }, // U+202F
    { 42, 26, 699, 1, 25, 78, 22273 }, // U+2030
    { 56, 26, 923, 1, 25, 99, 22351 }, // U+2031
    { 8, 9, 134, 0, 24, 7, 22450 }, // U+2032
    { 16, 9, 262, 0, 24, 13, 22457 }, // U+2033
    { 24, 9, 390, 0, 24, 19, 22470 }, // U+2034
    { 8, 9, 134, 0, 24, 8, 22489 }, // U+2035
    { 16, 9, 262, 0, 24, 16, 22497 }, // U+2036
    { 24, 9, 390, 0, 24, 24, 22513 }, // U+2037
    { 13, 10, 235, 1, 2, 14, 22537 }, // U+2038
    { 8, 14, 188, 2, 16, 13, 22551 }, // U+2039
    { 8, 14, 188, 2, 16, 13, 22564 }, // U+203A
    { 24, 24, 437, 2, 24, 56, 22577 }, // U+203B
    { 15, 25, 335, 3, 24, 33, 22633 }, // U+203C
    { 18, 26, 328, 1, 25, 32, 22666 }, // U+203D
    { 17, 3, 245, -1, 28, 4, 22698 }, // U+203E
    { 26, 7, 0, -13, -1, 8, 22702 }, // U+203F
    { 28, 7, 0, -14, 28, 9, 22710 }, // U+2040
    { 15, 24, 240, 0, 24, 27, 22719 }, // U+2041
    { 32, 26, 533, 1, 26, 98, 22746 }, // U+2042
    { 10, 6, 193, 1, 15, 6, 22844 }, // U+2043
    { 16, 24, 33, -7, 24, 15, 22850 }, // U+2044
    { 10, 31, 221, 3, 26, 10, 22865 }, // U+2045
    { 10, 31, 221, 1, 26, 9, 22875 }, // U+2046
    { 33, 26, 568, 1, 25, 50, 22884 }, // U+2047
    { 24, 26, 450, 1, 25, 41, 22934 }, // U+2048
    { 24, 26, 453, 3, 25, 40, 22975 }, // U+2049
    { 17, 25, 325, 1, 19, 21, 23015 }, // U+204A
    { 19, 30, 334, 1, 26, 35, 23036 }, // U+204B
    { 19, 13, 329, 1, 19, 21, 23071 }, // U+204C
    { 19, 13, 329, 1, 19, 19, 23092 }, // U+204D
    { 15, 14, 268, 1, 19, 13, 23111 }, // U+204E
    { 7, 25, 162, 2, 19, 16, 23124 }, // U+204F
    { 24, 26, 411, 1, 25, 33, 23140 }, // U+2050
    { 15, 28, 268, 1, 26, 49, 23173 }, // U+2051
    { 13, 25, 215, 0, 24, 27, 23222 }, // U+2052
    { 17, 8, 298, 1, 16, 7, 23249 }, // U+2053
    { 26, 7, 0, -13, 0, 18, 23256 }, // U+2054
    { 16, 16, 288, 1, 20, 38, 23274 }, // U+2055
    { 17, 20, 336, 2, 19, 19, 23312 }, // U+2056
    { 32, 9, 517, 0, 24, 25, 23331 }, // U+2057
    { 22, 20, 408, 2, 19, 26, 23356 }, // U+2058
    { 22, 20, 408, 2, 19, 31, 23382 }, // U+2059
    { 6, 26, 162, 2, 25, 11, 23413 }, // U+205A
    { 22, 26, 408, 2, 25, 22, 23424 }, // U+205B
    { 19, 18, 372, 2, 18, 36, 23446 }, // U+205C
    { 6, 26, 162, 2, 25, 11, 23482 }, // U+205D
    { 6, 26, 162, 2, 25, 21, 23493 }, // U+205E
    { 0, 0, 118, 0, 0, 0, 23514 }, // U+205F
    { 0, 0, 320, 0, 0, 0, 23514 }, // U+2060
    { 0, 0, 320, 0, 0, 0, 23514 }, // U+2061
    { 0, 0, 320, 0, 0, 0, 23514 }, // U+2062
    { 0, 0, 320, 0, 0, 0, 23514 }, // U+2063
    { 0, 0, 320, 0, 0, 0, 23514 }, // U+2064
    { 0, 0, 0, 0, 0, 0, 23514 }, // U+2066
    { 0, 0, 0, 0, 0, 0, 23514 }, // U+2067
    { 0, 0, 0, 0, 0, 0, 23514 }, // U+2068
    { 0, 0, 0, 0, 0, 0, 23514 }, // U+2069
    { 8, 28, 0, -4, 23, 17, 23514 }, // U+206A
    { 8, 28, 0, -4, 23, 18, 23531 }, // U+206B
    { 8, 28, 0, -4, 23, 11, 23549 }, // U+206C
    { 8, 29, 0, -4, 24, 12, 23560 }, // U+206D
    { 8, 28, 0, -4, 23, 15, 23572 }, // U+206E
    { 8, 28, 0, -4, 23, 15, 23587 }, // U+206F
    { 13, 16, 213, 0, 28, 19, 23602 }, // U+2070
    { 8, 16, 122, 0, 25, 13, 23621 }, // U+2071
    { 13, 16, 213, 0, 28, 21, 23634 }, // U+2074
    { 11, 16, 213, 1, 28, 23, 23655 }, // U+2075
    { 11, 16, 213, 1, 28, 23, 23678 }, // U+2076
    { 11, 16, 213, 1, 28, 14, 23701 }, // U+2077
    { 13, 16, 213, 0, 28, 28, 23715 }, // U+2078
    { 11, 16, 213, 1, 28, 25, 23743 }, // U+2079
    { 13, 13, 213, 0, 26, 14, 23768 }, // U+207A
    { 13, 3, 213, 0, 21, 6, 23782 }, // U+207B
    { 13, 8, 213, 0, 23, 9, 23788 }, // U+207C
    { 8, 21, 133, 2, 30, 16, 23797 }, // U+207D
    { 8, 21, 133, -1, 30, 16, 23813 }, // U+207E
    { 14, 12, 231, 0, 21, 19, 23829 }, // U+207F
    { 13, 16, 213, 0, 12, 7, 23848 }, // U+2080
    { 11, 16, 213, 1, 12, 7, 23855 }, // U+2081
    { 11, 16, 213, 1, 12, 8, 23862 }, // U+2082
    { 11, 16, 213, 1, 12, 9, 23870 }, // U+2083
    { 13, 16, 213, 0, 12, 9, 23879 }, // U+2084
    { 11, 16, 213, 1, 12, 8, 23888 }, // U+2085
    { 11, 16, 213, 1, 12, 9, 23896 }, // U+2086
    { 11, 16, 213, 1, 12, 8, 23905 }, // U+2087
    { 13, 16, 213, 0, 12, 9, 23913 }, // U+2088
    { 11, 16, 213, 1, 12, 9, 23922 }, // U+2089
    { 13, 13, 213, 0, 10, 6, 23931 }, // U+208A
    { 13, 3, 213, 0, 5, 4, 23937 }, // U+208B
    { 13, 8, 213, 0, 7, 6, 23941 }, // U+208C
    { 8, 21, 133, 2, 14, 8, 23947 }, // U+208D
    { 8, 21, 133, -1, 14, 7, 23955 }, // U+208E
    { 12, 12, 208, 1, 8, 24, 23962 }, // U+2090
    { 11, 12, 198, 1, 8, 19, 23986 }, // U+2091
    { 12, 12, 213, 1, 8, 18, 24005 }, // U+2092
    { 14, 12, 224, 0, 8, 26, 24023 }, // U+2093
    { 11, 12, 198, 1, 8, 18, 24049 }, // U+2094
    { 14, 16, 231, 0, 12, 22, 24067 }, // U+2095
    { 14, 16, 221, 0, 12, 27, 24089 }, // U+2096
    { 8, 16, 122, 0, 12, 11, 24116 }, // U+2097
    { 21, 12, 342, 0, 8, 29, 24127 }, // U+2098
    { 14, 12, 231, 0, 8, 14, 24156 }, // U+2099
    { 13, 16, 223, 0, 8, 24, 24170 }, // U+209A
    { 10, 12, 166, 0, 8, 20, 24194 }, // U+209B
    { 9, 14, 141, 0, 10, 16, 24214 }, // U+209C
    { 24, 25, 411, 1, 25, 46, 24230 }, // U+20A0
    { 20, 28, 357, 1, 26, 58, 24276 }, // U+20A1
    { 20, 26, 357, 1, 25, 37, 24334 }, // U+20A2
    { 17, 24, 301, 1, 24, 27, 24371 }, // U+20A3
    { 18, 26, 301, 0, 25, 29, 24398 }, // U+20A4
    { 33, 28, 526, 0, 23, 25, 24427 }, // U+20A5
    { 26, 24, 420, 0, 24, 33, 24452 }, // U+20A6
    { 29, 25, 480, 0, 24, 48, 24485 }, // U+20A7
    { 38, 25, 615, 0, 24, 69, 24533 }, // U+20A8
    { 37, 24, 569, -1, 24, 72, 24602 }, // U+20A9
    { 26, 20, 476, 2, 20, 37, 24674 }, // U+20AA
    { 21, 31, 346, 1, 26, 19, 24711 }, // U+20AB
    { 19, 26, 298, 0, 25, 40, 24730 }, // U+20AC
    { 25, 24, 391, 0, 24, 20, 24770 }, // U+20AD
    { 22, 24, 348, 0, 24, 28, 24790 }, // U+20AE
    { 37, 35, 590, 0, 28, 68, 24818 }, // U+20AF
    { 20, 33, 339, 0, 25, 51, 24886 }, // U+20B0
    { 22, 24, 340, 0, 24, 49, 24937 }, // U+20B1
    { 24, 29, 411, 1, 26, 28, 24986 }, // U+20B2
    { 25, 24, 402, 0, 24, 51, 25014 }, // U+20B3
    { 21, 26, 309, -1, 25, 46, 25065 }, // U+20B4
    { 20, 29, 357, 1, 26, 18, 25111 }, // U+20B5
    { 20, 25, 316, 0, 24, 35, 25129 }, // U+20B6
    { 18, 28, 301, 0, 25, 55, 25164 }, // U+20B7
    { 19, 24, 301, 0, 24, 27, 25219 }, // U+20B8
    { 17, 24, 298, 1, 24, 35, 25246 }, // U+20B9
    { 19, 24, 301, 0, 24, 43, 25281 }, // U+20BA
    { 21, 26, 348, 0, 25, 50, 25324 }, // U+20BB
    { 22, 23, 419, 2, 23, 34, 25374 }, // U+20BC
    { 19, 24, 315, 0, 24, 41, 25408 }, // U+20BD
    { 21, 26, 373, 1, 26, 40, 25449 }, // U+20BE
    { 17, 29, 301, 1, 26, 44, 25489 }, // U+20BF
    { 16, 25, 281, 1, 19, 14, 25533 }, // U+20C0
    { 16, 4, 306, 2, 14, 6, 25547 }, // U+2212
    { 28, 26, 406, 0, 26, 56, 25553 }, // U+FB00
    { 24, 26, 383, 0, 26, 41, 25609 }, // U+FB01
    { 24, 26, 383, 0, 26, 20, 25650 }, // U+FB02
    { 36, 26, 573, 0, 26, 65, 25670 }, // U+FB03
    { 36, 26, 573, 0, 26, 34, 25735 }, // U+FB04
    { 25, 27, 402, 0, 26, 40, 25769 }, // U+FB05
    { 28, 27, 463, 1, 26, 67, 25809 }, // U+FB06
    { 31, 32, 533, 1, 26, 57, 25876 }, // U+FFFD
};

static const EpdUnicodeInterval notoserif_16_boldIntervals[] = {
    { 0x0, 0x0, 0x0 },
    { 0xD, 0xD, 0x1 },
    { 0x20, 0x7E, 0x2 },
    { 0xA0, 0x17F, 0x61 },
    { 0x1A0, 0x1A1, 0x141 },
    { 0x1AF, 0x1B0, 0x143 },
    { 0x1C4, 0x21F, 0x145 },
    { 0x300, 0x36F, 0x1A1 },
    { 0x400, 0x4FF, 0x211 },
    { 0x1EA0, 0x1EF9, 0x311 },
    { 0x2000, 0x2064, 0x36B },
    { 0x2066, 0x2071, 0x3D0 },
    { 0x2074, 0x208E, 0x3DC },
    { 0x2090, 0x209C, 0x3F7 },
    { 0x20A0, 0x20C0, 0x404 },
    { 0x2212, 0x2212, 0x425 },
    { 0xFB00, 0xFB06, 0x426 },
    { 0xFFFD, 0xFFFD, 0x42D },
};

static const EpdKernClassEntry notoserif_16_boldKernLeftClasses[] = {
    { 0x0022, 1 }, // "
    { 0x0026, 2 }, // &
    { 0x0027, 1 }, // '
    { 0x002A, 3 }, // *
    { 0x002C, 4 }, // ,
    { 0x002E, 4 }, // .
    { 0x0040, 5 }, // @
    { 0x0041, 6 }, // A
    { 0x0042, 7 }, // B
    { 0x0044, 8 }, // D
    { 0x0045, 9 }, // E
    { 0x0046, 10 }, // F
    { 0x0047, 11 }, // G
    { 0x004B, 12 }, // K
    { 0x004C, 13 }, // L
    { 0x004E, 14 }, // N
    { 0x004F, 8 }, // O
    { 0x0050, 3 }, // P
    { 0x0051, 8 }, // Q
    { 0x0052, 15 }, // R
    { 0x0053, 16 }, // S
    { 0x0054, 17 }, // T
    { 0x0055, 18 }, // U
    { 0x0056, 19 }, // V
    { 0x0057, 20 }, // W
    { 0x0058, 21 }, // X
    { 0x0059, 22 }, // Y
    { 0x0061, 23 }, // a
    { 0x0062, 24 }, // b
    { 0x0065, 25 }, // e
    { 0x0066, 26 }, // f
    { 0x0067, 27 }, // g
    { 0x0068, 23 }, // h
    { 0x006B, 28 }, // k
    { 0x006D, 23 }, // m
    { 0x006E, 23 }, // n
    { 0x006F, 24 }, // o
    { 0x0070, 24 }, // p
    { 0x0072, 29 }, // r
    { 0x0073, 30 }, // s
    { 0x0076, 31 }, // v
    { 0x0077, 32 }, // w
    { 0x0079, 33 }, // y
    { 0x00A1, 34 }, // U+00A1
    { 0x00BF, 35 }, // U+00BF
    { 0x00C0, 36 }, // U+00C0
    { 0x00C1, 36 }, // U+00C1
    { 0x00C2, 36 }, // U+00C2
    { 0x00C3, 36 }, // U+00C3
    { 0x00C4, 36 }, // U+00C4
    { 0x00C5, 36 }, // U+00C5
    { 0x00C6, 9 }, // U+00C6
    { 0x00C8, 9 }, // U+00C8
    { 0x00C9, 9 }, // U+00C9
    { 0x00CA, 9 }, // U+00CA
    { 0x00CB, 9 }, // U+00CB
    { 0x00D0, 8 }, // U+00D0
    { 0x00D1, 14 }, // U+00D1
    { 0x00D2, 8 }, // U+00D2
    { 0x00D3, 8 }, // U+00D3
    { 0x00D4, 8 }, // U+00D4
    { 0x00D5, 8 }, // U+00D5
    { 0x00D6, 8 }, // U+00D6
    { 0x00D8, 8 }, // U+00D8
    { 0x00D9, 18 }, // U+00D9
    { 0x00DA, 18 }, // U+00DA
    { 0x00DB, 18 }, // U+00DB
    { 0x00DC, 18 }, // U+00DC
    { 0x00DD, 22 }, // U+00DD
    { 0x00DE, 8 }, // U+00DE
    { 0x00DF, 24 }, // U+00DF
    { 0x00E0, 23 }, // U+00E0
    { 0x00E1, 23 }, // U+00E1
    { 0x00E2, 23 }, // U+00E2
    { 0x00E3, 23 }, // U+00E3
    { 0x00E4, 23 }, // U+00E4
    { 0x00E5, 23 }, // U+00E5
    { 0x00E6, 25 }, // U+00E6
    { 0x00E8, 25 }, // U+00E8
    { 0x00E9, 25 }, // U+00E9
    { 0x00EA, 25 }, // U+00EA
    { 0x00EB, 25 }, // U+00EB
    { 0x00F0, 24 }, // U+00F0
    { 0x00F1, 23 }, // U+00F1
    { 0x00F2, 24 }, // U+00F2
    { 0x00F3, 24 }, // U+00F3
    { 0x00F4, 24 }, // U+00F4
    { 0x00F5, 24 }, // U+00F5
    { 0x00F6, 24 }, // U+00F6
    { 0x00F8, 24 }, // U+00F8
    { 0x00FD, 33 }, // U+00FD
    { 0x00FE, 24 }, // U+00FE
    { 0x00FF, 33 }, // U+00FF
    { 0x0100, 6 }, // U+0100
    { 0x0102, 36 }, // U+0102
    { 0x0104, 36 }, // U+0104
    { 0x010E, 8 }, // U+010E
    { 0x010F, 37 }, // U+010F
    { 0x0110, 8 }, // U+0110
    { 0x0112, 9 }, // U+0112
    { 0x0113, 25 }, // U+0113
    { 0x0114, 9 }, // U+0114
    { 0x0115, 25 }, // U+0115
    { 0x0116, 9 }, // U+0116
    { 0x0117, 25 }, // U+0117
    { 0x0118, 9 }, // U+0118
    { 0x0119, 25 }, // U+0119
    { 0x011A, 9 }, // U+011A
    { 0x011B, 25 }, // U+011B
    { 0x011C, 11 }, // U+011C
    { 0x011E, 11 }, // U+011E
    { 0x0120, 11 }, // U+0120
    { 0x0122, 11 }, // U+0122
    { 0x0125, 23 }, // U+0125
    { 0x0127, 23 }, // U+0127
    { 0x0129, 38 }, // U+0129
    { 0x0136, 12 }, // U+0136
    { 0x0137, 28 }, // U+0137
    { 0x0138, 28 }, // U+0138
    { 0x0139, 13 }, // U+0139
    { 0x013B, 13 }, // U+013B
    { 0x013E, 37 }, // U+013E
    { 0x0141, 13 }, // U+0141
    { 0x0143, 14 }, // U+0143
    { 0x0144, 23 }, // U+0144
    { 0x0145, 14 }, // U+0145
    { 0x0146, 23 }, // U+0146
    { 0x0147, 14 }, // U+0147
    { 0x0148, 23 }, // U+0148
    { 0x0149, 23 }, // U+0149
    { 0x014B, 23 }, // U+014B
    { 0x014C, 8 }, // U+014C
    { 0x014D, 24 }, // U+014D
    { 0x014E, 8 }, // U+014E
    { 0x014F, 24 }, // U+014F
    { 0x0150, 8 }, // U+0150
    { 0x0151, 24 }, // U+0151
    { 0x0152, 9 }, // U+0152
    { 0x0153, 25 }, // U+0153
    { 0x0154, 15 }, // U+0154
    { 0x0155, 29 }, // U+0155
    { 0x0156, 15 }, // U+0156
    { 0x0157, 29 }, // U+0157
    { 0x0158, 15 }, // U+0158
    { 0x0159, 29 }, // U+0159
    { 0x015A, 16 }, // U+015A
    { 0x015B, 30 }, // U+015B
    { 0x015C, 16 }, // U+015C
    { 0x015D, 30 }, // U+015D
    { 0x015E, 16 }, // U+015E
    { 0x015F, 30 }, // U+015F
    { 0x0160, 16 }, // U+0160
    { 0x0161, 30 }, // U+0161
    { 0x0162, 17 }, // U+0162
    { 0x0164, 17 }, // U+0164
    { 0x0165, 39 }, // U+0165
    { 0x0166, 17 }, // U+0166
    { 0x0168, 18 }, // U+0168
    { 0x016A, 18 }, // U+016A
    { 0x016C, 18 }, // U+016C
    { 0x016E, 18 }, // U+016E
    { 0x0170, 18 }, // U+0170
    { 0x0172, 18 }, // U+0172
    { 0x0174, 20 }, // U+0174
    { 0x0175, 32 }, // U+0175
    { 0x0176, 22 }, // U+0176
    { 0x0177, 33 }, // U+0177
    { 0x0178, 22 }, // U+0178
    { 0x01A0, 40 }, // U+01A0
    { 0x01A1, 41 }, // U+01A1
    { 0x01AF, 42 }, // U+01AF
    { 0x01B0, 43 }, // U+01B0
    { 0x01FA, 6 }, // U+01FA
    { 0x01FC, 9 }, // U+01FC
    { 0x01FD, 25 }, // U+01FD
    { 0x01FE, 8 }, // U+01FE
    { 0x01FF, 24 }, // U+01FF
    { 0x0218, 16 }, // U+0218
    { 0x0219, 30 }, // U+0219
    { 0x021A, 17 }, // U+021A
    { 0x0402, 44 }, // U+0402
    { 0x0409, 45 }, // U+0409
    { 0x040A, 45 }, // U+040A
    { 0x040E, 46 }, // U+040E
    { 0x0423, 46 }, // U+0423
    { 0x042A, 45 }, // U+042A
    { 0x042C, 45 }, // U+042C
    { 0x0431, 47 }, // U+0431
    { 0x043E, 48 }, // U+043E
    { 0x0440, 48 }, // U+0440
    { 0x0444, 49 }, // U+0444
    { 0x044D, 49 }, // U+044D
    { 0x044E, 49 }, // U+044E
    { 0x0457, 50 }, // U+0457
    { 0x0460, 51 }, // U+0460
    { 0x0462, 52 }, // U+0462
    { 0x0465, 53 }, // U+0465
    { 0x0466, 54 }, // U+0466
    { 0x0468, 54 }, // U+0468
    { 0x046A, 55 }, // U+046A
    { 0x046C, 55 }, // U+046C
    { 0x046E, 56 }, // U+046E
    { 0x046F, 24 }, // U+046F
    { 0x0472, 51 }, // U+0472
    { 0x0473, 48 }, // U+0473
    { 0x0474, 57 }, // U+0474
    { 0x0476, 57 }, // U+0476
    { 0x0478, 33 }, // U+0478
    { 0x0479, 58 }, // U+0479
    { 0x047A, 51 }, // U+047A
    { 0x047B, 48 }, // U+047B
    { 0x047C, 51 }, // U+047C
    { 0x047D, 24 }, // U+047D
    { 0x047E, 51 }, // U+047E
    { 0x0481, 53 }, // U+0481
    { 0x048C, 52 }, // U+048C
    { 0x048D, 24 }, // U+048D
    { 0x048E, 59 }, // U+048E
    { 0x048F, 48 }, // U+048F
    { 0x0490, 60 }, // U+0490
    { 0x0491, 61 }, // U+0491
    { 0x0493, 61 }, // U+0493
    { 0x0494, 62 }, // U+0494
    { 0x0496, 55 }, // U+0496
    { 0x0497, 63 }, // U+0497
    { 0x0498, 56 }, // U+0498
    { 0x0499, 48 }, // U+0499
    { 0x049A, 55 }, // U+049A
    { 0x049B, 63 }, // U+049B
    { 0x049C, 55 }, // U+049C
    { 0x049D, 63 }, // U+049D
    { 0x049E, 55 }, // U+049E
    { 0x049F, 63 }, // U+049F
    { 0x04A0, 55 }, // U+04A0
    { 0x04A1, 63 }, // U+04A1
    { 0x04A3, 64 }, // U+04A3
    { 0x04A4, 60 }, // U+04A4
    { 0x04A5, 61 }, // U+04A5
    { 0x04A6, 62 }, // U+04A6
    { 0x04A8, 51 }, // U+04A8
    { 0x04AB, 53 }, // U+04AB
    { 0x04AC, 60 }, // U+04AC
    { 0x04AD, 61 }, // U+04AD
    { 0x04B2, 65 }, // U+04B2
    { 0x04B3, 63 }, // U+04B3
    { 0x04B5, 64 }, // U+04B5
    { 0x04B7, 64 }, // U+04B7
    { 0x04BA, 62 }, // U+04BA
    { 0x04BC, 51 }, // U+04BC
    { 0x04BD, 48 }, // U+04BD
    { 0x04BE, 51 }, // U+04BE
    { 0x04BF, 48 }, // U+04BF
    { 0x04C3, 62 }, // U+04C3
    { 0x04C6, 64 }, // U+04C6
    { 0x04D0, 54 }, // U+04D0
    { 0x04D1, 23 }, // U+04D1
    { 0x04D2, 54 }, // U+04D2
    { 0x04D3, 23 }, // U+04D3
    { 0x04D4, 66 }, // U+04D4
    { 0x04D5, 48 }, // U+04D5
    { 0x04D6, 66 }, // U+04D6
    { 0x04D7, 48 }, // U+04D7
    { 0x04D8, 51 }, // U+04D8
    { 0x04D9, 48 }, // U+04D9
    { 0x04DA, 51 }, // U+04DA
    { 0x04DB, 48 }, // U+04DB
    { 0x04E0, 56 }, // U+04E0
    { 0x04E6, 51 }, // U+04E6
    { 0x04E7, 48 }, // U+04E7
    { 0x04E8, 51 }, // U+04E8
    { 0x04E9, 48 }, // U+04E9
    { 0x04EA, 51 }, // U+04EA
    { 0x04EB, 48 }, // U+04EB
    { 0x04ED, 48 }, // U+04ED
    { 0x04EE, 46 }, // U+04EE
    { 0x04EF, 58 }, // U+04EF
    { 0x04F0, 46 }, // U+04F0
    { 0x04F1, 58 }, // U+04F1
    { 0x04F2, 46 }, // U+04F2
    { 0x04F3, 58 }, // U+04F3
    { 0x04F6, 60 }, // U+04F6
    { 0x04F7, 61 }, // U+04F7
    { 0x04FB, 61 }, // U+04FB
    { 0x04FC, 65 }, // U+04FC
    { 0x04FD, 63 }, // U+04FD
    { 0x04FE, 65 }, // U+04FE
    { 0x04FF, 63 }, // U+04FF
    { 0x1EA0, 36 }, // U+1EA0
    { 0x1EA1, 23 }, // U+1EA1
    { 0x1EA2, 36 }, // U+1EA2
    { 0x1EA3, 23 }, // U+1EA3
    { 0x1EA4, 36 }, // U+1EA4
    { 0x1EA5, 23 }, // U+1EA5
    { 0x1EA6, 36 }, // U+1EA6
    { 0x1EA7, 23 }, // U+1EA7
    { 0x1EA8, 36 }, // U+1EA8
    { 0x1EA9, 23 }, // U+1EA9
    { 0x1EAA, 36 }, // U+1EAA
    { 0x1EAB, 23 }, // U+1EAB
    { 0x1EAC, 36 }, // U+1EAC
    { 0x1EAD, 23 }, // U+1EAD
    { 0x1EAE, 36 }, // U+1EAE
    { 0x1EAF, 23 }, // U+1EAF
    { 0x1EB0, 36 }, // U+1EB0
    { 0x1EB1, 23 }, // U+1EB1
    { 0x1EB2, 36 }, // U+1EB2
    { 0x1EB3, 23 }, // U+1EB3
    { 0x1EB4, 36 }, // U+1EB4
    { 0x1EB5, 23 }, // U+1EB5
    { 0x1EB6, 36 }, // U+1EB6
    { 0x1EB7, 23 }, // U+1EB7
    { 0x1EB8, 9 }, // U+1EB8
    { 0x1EB9, 25 }, // U+1EB9
    { 0x1EBA, 9 }, // U+1EBA
    { 0x1EBB, 25 }, // U+1EBB
    { 0x1EBC, 9 }, // U+1EBC
    { 0x1EBD, 25 }, // U+1EBD
    { 0x1EBE, 9 }, // U+1EBE
    { 0x1EBF, 25 }, // U+1EBF
    { 0x1EC0, 9 }, // U+1EC0
    { 0x1EC1, 25 }, // U+1EC1
    { 0x1EC2, 9 }, // U+1EC2
    { 0x1EC3, 25 }, // U+1EC3
    { 0x1EC4, 9 }, // U+1EC4
    { 0x1EC5, 25 }, // U+1EC5
    { 0x1EC6, 9 }, // U+1EC6
    { 0x1EC7, 25 }, // U+1EC7
    { 0x1ECC, 8 }, // U+1ECC
    { 0x1ECD, 24 }, // U+1ECD
    { 0x1ECE, 8 }, // U+1ECE
    { 0x1ECF, 24 }, // U+1ECF
    { 0x1ED0, 8 }, // U+1ED0
    { 0x1ED1, 24 }, // U+1ED1
    { 0x1ED2, 8 }, // U+1ED2
    { 0x1ED3, 24 }, // U+1ED3
    { 0x1ED4, 8 }, // U+1ED4
    { 0x1ED5, 24 }, // U+1ED5
    { 0x1ED6, 8 }, // U+1ED6
    { 0x1ED7, 24 }, // U+1ED7
    { 0x1ED8, 8 }, // U+1ED8
    { 0x1ED9, 24 }, // U+1ED9
    { 0x1EDA, 40 }, // U+1EDA
    { 0x1EDB, 41 }, // U+1EDB
    { 0x1EDC, 40 }, // U+1EDC
    { 0x1EDD, 41 }, // U+1EDD
    { 0x1EDE, 40 }, // U+1EDE
    { 0x1EDF, 41 }, // U+1EDF
    { 0x1EE0, 40 }, // U+1EE0
    { 0x1EE1, 41 }, // U+1EE1
    { 0x1EE2, 40 }, // U+1EE2
    { 0x1EE3, 41 }, // U+1EE3
    { 0x1EE4, 18 }, // U+1EE4
    { 0x1EE6, 18 }, // U+1EE6
    { 0x1EE8, 42 }, // U+1EE8
    { 0x1EE9, 43 }, // U+1EE9
    { 0x1EEA, 42 }, // U+1EEA
    { 0x1EEB, 43 }, // U+1EEB
    { 0x1EEC, 42 }, // U+1EEC
    { 0x1EED, 43 }, // U+1EED
    { 0x1EEE, 42 }, // U+1EEE
    { 0x1EEF, 43 }, // U+1EEF
    { 0x1EF0, 42 }, // U+1EF0
    { 0x1EF1, 43 }, // U+1EF1
    { 0x1EF2, 22 }, // U+1EF2
    { 0x1EF3, 33 }, // U+1EF3
    { 0x1EF4, 22 }, // U+1EF4
    { 0x1EF5, 33 }, // U+1EF5
    { 0x1EF6, 22 }, // U+1EF6
    { 0x1EF7, 33 }, // U+1EF7
    { 0x1EF8, 22 }, // U+1EF8
    { 0x1EF9, 33 }, // U+1EF9
    { 0x2018, 67 }, // U+2018
    { 0x2019, 68 }, // U+2019
    { 0x201A, 4 }, // U+201A
    { 0x201C, 67 }, // U+201C
    { 0x201D, 68 }, // U+201D
    { 0x201E, 4 }, // U+201E
    { 0x2026, 4 }, // U+2026
    { 0x207D, 69 }, // U+207D
    { 0x208D, 70 }, // U+208D
    { 0xFB00, 26 }, // U+FB00
};

static const EpdKernClassEntry notoserif_16_boldKernRightClasses[] = {
    { 0x0021, 1 }, // !
    { 0x0022, 2 }, // "
    { 0x0026, 3 }, // &
    { 0x0027, 2 }, // '
    { 0x0029, 4 }, // )
    { 0x002A, 5 }, // *
    { 0x002C, 6 }, // ,
    { 0x002E, 7 }, // .
    { 0x003A, 8 }, // :
    { 0x003B, 8 }, // ;
    { 0x003F, 9 }, // ?
    { 0x0040, 10 }, // @
    { 0x0041, 11 }, // A
    { 0x0042, 12 }, // B
    { 0x0043, 13 }, // C
    { 0x0044, 12 }, // D
    { 0x0045, 12 }, // E
    { 0x0046, 12 }, // F
    { 0x0047, 13 }, // G
    { 0x0048, 12 }, // H
    { 0x0049, 12 }, // I
    { 0x004A, 14 }, // J
    { 0x004B, 12 }, // K
    { 0x004C, 12 }, // L
    { 0x004D, 12 }, // M
    { 0x004E, 12 }, // N
    { 0x004F, 13 }, // O
    { 0x0050, 12 }, // P
    { 0x0051, 13 }, // Q
    { 0x0052, 12 }, // R
    { 0x0053, 15 }, // S
    { 0x0054, 16 }, // T
    { 0x0055, 17 }, // U
    { 0x0056, 18 }, // V
    { 0x0057, 19 }, // W
    { 0x0058, 20 }, // X
    { 0x0059, 21 }, // Y
    { 0x005A, 22 }, // Z
    { 0x005D, 4 }, // ]
    { 0x0061, 23 }, // a
    { 0x0062, 24 }, // b
    { 0x0063, 25 }, // c
    { 0x0064, 25 }, // d
    { 0x0065, 25 }, // e
    { 0x0067, 26 }, // g
    { 0x0068, 24 }, // h
    { 0x0069, 27 }, // i
    { 0x006B, 24 }, // k
    { 0x006C, 24 }, // l
    { 0x006D, 27 }, // m
    { 0x006E, 27 }, // n
    { 0x006F, 25 }, // o
    { 0x0070, 27 }, // p
    { 0x0071, 25 }, // q
    { 0x0072, 27 }, // r
    { 0x0073, 28 }, // s
    { 0x0074, 29 }, // t
    { 0x0075, 30 }, // u
    { 0x0076, 31 }, // v
    { 0x0077, 32 }, // w
    { 0x0078, 33 }, // x
    { 0x0079, 34 }, // y
    { 0x007A, 35 }, // z
    { 0x007D, 4 }, // }
    { 0x00AB, 36 }, // U+00AB
    { 0x00B7, 37 }, // U+00B7
    { 0x00BB, 36 }, // U+00BB
    { 0x00C0, 11 }, // U+00C0
    { 0x00C1, 11 }, // U+00C1
    { 0x00C2, 11 }, // U+00C2
    { 0x00C3, 11 }, // U+00C3
    { 0x00C4, 11 }, // U+00C4
    { 0x00C5, 11 }, // U+00C5
    { 0x00C6, 38 }, // U+00C6
    { 0x00C7, 13 }, // U+00C7
    { 0x00C8, 12 }, // U+00C8
    { 0x00C9, 12 }, // U+00C9
    { 0x00CA, 12 }, // U+00CA
    { 0x00CB, 12 }, // U+00CB
    { 0x00CC, 12 }, // U+00CC
    { 0x00CD, 12 }, // U+00CD
    { 0x00CE, 12 }, // U+00CE
    { 0x00CF, 12 }, // U+00CF
    { 0x00D0, 12 }, // U+00D0
    { 0x00D1, 12 }, // U+00D1
    { 0x00D2, 13 }, // U+00D2
    { 0x00D3, 13 }, // U+00D3
    { 0x00D4, 13 }, // U+00D4
    { 0x00D5, 13 }, // U+00D5
    { 0x00D6, 13 }, // U+00D6
    { 0x00D8, 13 }, // U+00D8
    { 0x00D9, 17 }, // U+00D9
    { 0x00DA, 17 }, // U+00DA
    { 0x00DB, 17 }, // U+00DB
    { 0x00DC, 17 }, // U+00DC
    { 0x00DD, 21 }, // U+00DD
    { 0x00DE, 12 }, // U+00DE
    { 0x00E0, 23 }, // U+00E0
    { 0x00E1, 23 }, // U+00E1
    { 0x00E2, 23 }, // U+00E2
    { 0x00E3, 23 }, // U+00E3
    { 0x00E4, 23 }, // U+00E4
    { 0x00E5, 23 }, // U+00E5
    { 0x00E6, 23 }, // U+00E6
    { 0x00E7, 25 }, // U+00E7
    { 0x00E8, 25 }, // U+00E8
    { 0x00E9, 25 }, // U+00E9
    { 0x00EA, 25 }, // U+00EA
    { 0x00EB, 25 }, // U+00EB
    { 0x00EC, 39 }, // U+00EC
    { 0x00ED, 27 }, // U+00ED
    { 0x00EE, 39 }, // U+00EE
    { 0x00EF, 39 }, // U+00EF
    { 0x00F0, 25 }, // U+00F0
    { 0x00F1, 27 }, // U+00F1
    { 0x00F2, 25 }, // U+00F2
    { 0x00F3, 25 }, // U+00F3
    { 0x00F4, 25 }, // U+00F4
    { 0x00F5, 25 }, // U+00F5
    { 0x00F6, 25 }, // U+00F6
    { 0x00F8, 25 }, // U+00F8
    { 0x00F9, 30 }, // U+00F9
    { 0x00FA, 30 }, // U+00FA
    { 0x00FB, 30 }, // U+00FB
    { 0x00FC, 30 }, // U+00FC
    { 0x00FD, 34 }, // U+00FD
    { 0x00FE, 24 }, // U+00FE
    { 0x00FF, 34 }, // U+00FF
    { 0x0100, 11 }, // U+0100
    { 0x0101, 23 }, // U+0101
    { 0x0102, 11 }, // U+0102
    { 0x0103, 23 }, // U+0103
    { 0x0104, 11 }, // U+0104
    { 0x0105, 23 }, // U+0105
    { 0x0106, 13 }, // U+0106
    { 0x0107, 25 }, // U+0107
    { 0x0108, 13 }, // U+0108
    { 0x0109, 25 }, // U+0109
    { 0x010A, 13 }, // U+010A
    { 0x010B, 25 }, // U+010B
    { 0x010C, 13 }, // U+010C
    { 0x010D, 25 }, // U+010D
    { 0x010E, 12 }, // U+010E
    { 0x010F, 25 }, // U+010F
    { 0x0110, 12 }, // U+0110
    { 0x0111, 25 }, // U+0111
    { 0x0112, 12 }, // U+0112
    { 0x0113, 25 }, // U+0113
    { 0x0114, 12 }, // U+0114
    { 0x0115, 25 }, // U+0115
    { 0x0116, 12 }, // U+0116
    { 0x0117, 25 }, // U+0117
    { 0x0118, 12 }, // U+0118
    { 0x0119, 25 }, // U+0119
    { 0x011A, 12 }, // U+011A
    { 0x011B, 25 }, // U+011B
    { 0x011C, 13 }, // U+011C
    { 0x011D, 25 }, // U+011D
    { 0x011E, 13 }, // U+011E
    { 0x011F, 25 }, // U+011F
    { 0x0120, 13 }, // U+0120
    { 0x0121, 25 }, // U+0121
    { 0x0122, 13 }, // U+0122
    { 0x0123, 25 }, // U+0123
    { 0x0124, 12 }, // U+0124
    { 0x0125, 24 }, // U+0125
    { 0x0126, 12 }, // U+0126
    { 0x0127, 24 }, // U+0127
    { 0x0128, 12 }, // U+0128
    { 0x0129, 40 }, // U+0129
    { 0x012A, 12 }, // U+012A
    { 0x012B, 39 }, // U+012B
    { 0x012C, 12 }, // U+012C
    { 0x012D, 39 }, // U+012D
    { 0x012E, 12 }, // U+012E
    { 0x012F, 27 }, // U+012F
    { 0x0130, 12 }, // U+0130
    { 0x0132, 12 }, // U+0132
    { 0x0133, 27 }, // U+0133
    { 0x0134, 14 }, // U+0134
    { 0x0136, 12 }, // U+0136
    { 0x0137, 24 }, // U+0137
    { 0x0138, 27 }, // U+0138
    { 0x0139, 12 }, // U+0139
    { 0x013A, 24 }, // U+013A
    { 0x013B, 12 }, // U+013B
    { 0x013C, 24 }, // U+013C
    { 0x013D, 12 }, // U+013D
    { 0x013E, 24 }, // U+013E
    { 0x013F, 12 }, // U+013F
    { 0x0140, 24 }, // U+0140
    { 0x0141, 12 }, // U+0141
    { 0x0142, 24 }, // U+0142
    { 0x0143, 12 }, // U+0143
    { 0x0144, 27 }, // U+0144
    { 0x0145, 12 }, // U+0145
    { 0x0146, 27 }, // U+0146
    { 0x0147, 12 }, // U+0147
    { 0x0148, 27 }, // U+0148
    { 0x014A, 12 }, // U+014A
    { 0x014B, 27 }, // U+014B
    { 0x014C, 13 }, // U+014C
    { 0x014D, 25 }, // U+014D
    { 0x014E, 13 }, // U+014E
    { 0x014F, 25 }, // U+014F
    { 0x0150, 13 }, // U+0150
    { 0x0151, 25 }, // U+0151
    { 0x0152, 13 }, // U+0152
    { 0x0153, 25 }, // U+0153
    { 0x0154, 12 }, // U+0154
    { 0x0155, 27 }, // U+0155
    { 0x0156, 12 }, // U+0156
    { 0x0157, 27 }, // U+0157
    { 0x0158, 12 }, // U+0158
    { 0x015A, 15 }, // U+015A
    { 0x015B, 28 }, // U+015B
    { 0x015C, 15 }, // U+015C
    { 0x015D, 28 }, // U+015D
    { 0x015E, 15 }, // U+015E
    { 0x015F, 28 }, // U+015F
    { 0x0160, 15 }, // U+0160
    { 0x0161, 28 }, // U+0161
    { 0x0162, 16 }, // U+0162
    { 0x0163, 29 }, // U+0163
    { 0x0164, 16 }, // U+0164
    { 0x0165, 29 }, // U+0165
    { 0x0166, 16 }, // U+0166
    { 0x0167, 29 }, // U+0167
    { 0x0168, 17 }, // U+0168
    { 0x0169, 30 }, // U+0169
    { 0x016A, 17 }, // U+016A
    { 0x016B, 30 }, // U+016B
    { 0x016C, 17 }, // U+016C
    { 0x016D, 30 }, // U+016D
    { 0x016E, 17 }, // U+016E
    { 0x016F, 30 }, // U+016F
    { 0x0170, 17 }, // U+0170
    { 0x0171, 30 }, // U+0171
    { 0x0172, 17 }, // U+0172
    { 0x0173, 30 }, // U+0173
    { 0x0174, 19 }, // U+0174
    { 0x0175, 32 }, // U+0175
    { 0x0176, 21 }, // U+0176
    { 0x0177, 34 }, // U+0177
    { 0x0178, 21 }, // U+0178
    { 0x0179, 22 }, // U+0179
    { 0x017A, 35 }, // U+017A
    { 0x017B, 22 }, // U+017B
    { 0x017C, 35 }, // U+017C
    { 0x017D, 22 }, // U+017D
    { 0x017E, 35 }, // U+017E
    { 0x01A0, 13 }, // U+01A0
    { 0x01A1, 25 }, // U+01A1
    { 0x01AF, 17 }, // U+01AF
    { 0x01B0, 30 }, // U+01B0
    { 0x01FA, 11 }, // U+01FA
    { 0x01FB, 23 }, // U+01FB
    { 0x01FC, 38 }, // U+01FC
    { 0x01FD, 23 }, // U+01FD
    { 0x01FE, 13 }, // U+01FE
    { 0x01FF, 25 }, // U+01FF
    { 0x0218, 15 }, // U+0218
    { 0x0219, 28 }, // U+0219
    { 0x021A, 16 }, // U+021A
    { 0x021B, 29 }, // U+021B
    { 0x0402, 41 }, // U+0402
    { 0x040B, 41 }, // U+040B
    { 0x040E, 42 }, // U+040E
    { 0x0416, 41 }, // U+0416
    { 0x0422, 41 }, // U+0422
    { 0x0423, 42 }, // U+0423
    { 0x0425, 41 }, // U+0425
    { 0x0427, 43 }, // U+0427
    { 0x042A, 41 }, // U+042A
    { 0x042F, 44 }, // U+042F
    { 0x0431, 45 }, // U+0431
    { 0x0436, 46 }, // U+0436
    { 0x0443, 47 }, // U+0443
    { 0x0445, 46 }, // U+0445
    { 0x0447, 48 }, // U+0447
    { 0x0451, 49 }, // U+0451
    { 0x0456, 50 }, // U+0456
    { 0x0457, 51 }, // U+0457
    { 0x045E, 47 }, // U+045E
    { 0x0460, 52 }, // U+0460
    { 0x0462, 16 }, // U+0462
    { 0x0466, 53 }, // U+0466
    { 0x046A, 54 }, // U+046A
    { 0x046E, 55 }, // U+046E
    { 0x0472, 52 }, // U+0472
    { 0x0473, 56 }, // U+0473
    { 0x0478, 52 }, // U+0478
    { 0x0479, 56 }, // U+0479
    { 0x047A, 52 }, // U+047A
    { 0x047B, 56 }, // U+047B
    { 0x047C, 52 }, // U+047C
    { 0x047D, 25 }, // U+047D
    { 0x047E, 52 }, // U+047E
    { 0x0480, 52 }, // U+0480
    { 0x0481, 56 }, // U+0481
    { 0x0496, 54 }, // U+0496
    { 0x0498, 55 }, // U+0498
    { 0x0499, 57 }, // U+0499
    { 0x04A0, 58 }, // U+04A0
    { 0x04A1, 59 }, // U+04A1
    { 0x04A8, 52 }, // U+04A8
    { 0x04A9, 56 }, // U+04A9
    { 0x04AA, 52 }, // U+04AA
    { 0x04AB, 56 }, // U+04AB
    { 0x04AC, 58 }, // U+04AC
    { 0x04AD, 59 }, // U+04AD
    { 0x04B2, 54 }, // U+04B2
    { 0x04B4, 58 }, // U+04B4
    { 0x04B5, 59 }, // U+04B5
    { 0x04B6, 60 }, // U+04B6
    { 0x04B7, 61 }, // U+04B7
    { 0x04B8, 43 }, // U+04B8
    { 0x04B9, 48 }, // U+04B9
    { 0x04C1, 41 }, // U+04C1
    { 0x04C2, 46 }, // U+04C2
    { 0x04CB, 60 }, // U+04CB
    { 0x04CC, 61 }, // U+04CC
    { 0x04D0, 53 }, // U+04D0
    { 0x04D2, 53 }, // U+04D2
    { 0x04D4, 38 }, // U+04D4
    { 0x04D5, 62 }, // U+04D5
    { 0x04D7, 56 }, // U+04D7
    { 0x04D8, 52 }, // U+04D8
    { 0x04D9, 62 }, // U+04D9
    { 0x04DA, 52 }, // U+04DA
    { 0x04DC, 41 }, // U+04DC
    { 0x04DD, 46 }, // U+04DD
    { 0x04E0, 55 }, // U+04E0
    { 0x04E1, 35 }, // U+04E1
    { 0x04E6, 52 }, // U+04E6
    { 0x04E7, 56 }, // U+04E7
    { 0x04E8, 52 }, // U+04E8
    { 0x04E9, 56 }, // U+04E9
    { 0x04EA, 52 }, // U+04EA
    { 0x04EB, 56 }, // U+04EB
    { 0x04EE, 42 }, // U+04EE
    { 0x04EF, 63 }, // U+04EF
    { 0x04F0, 42 }, // U+04F0
    { 0x04F1, 63 }, // U+04F1
    { 0x04F2, 42 }, // U+04F2
    { 0x04F3, 63 }, // U+04F3
    { 0x04F4, 43 }, // U+04F4
    { 0x04F5, 48 }, // U+04F5
    { 0x04FC, 54 }, // U+04FC
    { 0x04FE, 54 }, // U+04FE
    { 0x1EA0, 11 }, // U+1EA0
    { 0x1EA1, 23 }, // U+1EA1
    { 0x1EA2, 11 }, // U+1EA2
    { 0x1EA3, 23 }, // U+1EA3
    { 0x1EA4, 11 }, // U+1EA4
    { 0x1EA5, 23 }, // U+1EA5
    { 0x1EA6, 11 }, // U+1EA6
    { 0x1EA7, 23 }, // U+1EA7
    { 0x1EA8, 11 }, // U+1EA8
    { 0x1EA9, 23 }, // U+1EA9
    { 0x1EAA, 11 }, // U+1EAA
    { 0x1EAB, 23 }, // U+1EAB
    { 0x1EAC, 11 }, // U+1EAC
    { 0x1EAD, 23 }, // U+1EAD
    { 0x1EAE, 11 }, // U+1EAE
    { 0x1EAF, 23 }, // U+1EAF
    { 0x1EB0, 11 }, // U+1EB0
    { 0x1EB1, 23 }, // U+1EB1
    { 0x1EB2, 11 }, // U+1EB2
    { 0x1EB3, 23 }, // U+1EB3
    { 0x1EB4, 11 }, // U+1EB4
    { 0x1EB5, 23 }, // U+1EB5
    { 0x1EB6, 11 }, // U+1EB6
    { 0x1EB7, 23 }, // U+1EB7
    { 0x1EB8, 12 }, // U+1EB8
    { 0x1EB9, 25 }, // U+1EB9
    { 0x1EBA, 12 }, // U+1EBA
    { 0x1EBB, 25 }, // U+1EBB
    { 0x1EBC, 12 }, // U+1EBC
    { 0x1EBD, 25 }, // U+1EBD
    { 0x1EBE, 12 }, // U+1EBE
    { 0x1EBF, 25 }, // U+1EBF
    { 0x1EC0, 12 }, // U+1EC0
    { 0x1EC1, 25 }, // U+1EC1
    { 0x1EC2, 12 }, // U+1EC2
    { 0x1EC3, 25 }, // U+1EC3
    { 0x1EC4, 12 }, // U+1EC4
    { 0x1EC5, 25 }, // U+1EC5
    { 0x1EC6, 12 }, // U+1EC6
    { 0x1EC7, 25 }, // U+1EC7
    { 0x1EC9, 27 }, // U+1EC9
    { 0x1ECB, 27 }, // U+1ECB
    { 0x1ECC, 13 }, // U+1ECC
    { 0x1ECD, 25 }, // U+1ECD
    { 0x1ECE, 13 }, // U+1ECE
    { 0x1ECF, 25 }, // U+1ECF
    { 0x1ED0, 13 }, // U+1ED0
    { 0x1ED1, 25 }, // U+1ED1
    { 0x1ED2, 13 }, // U+1ED2
    { 0x1ED3, 25 }, // U+1ED3
    { 0x1ED4, 13 }, // U+1ED4
    { 0x1ED5, 25 }, // U+1ED5
    { 0x1ED6, 13 }, // U+1ED6
    { 0x1ED7, 25 }, // U+1ED7
    { 0x1ED8, 13 }, // U+1ED8
    { 0x1ED9, 25 }, // U+1ED9
    { 0x1EDA, 13 }, // U+1EDA
    { 0x1EDB, 25 }, // U+1EDB
    { 0x1EDC, 13 }, // U+1EDC
    { 0x1EDD, 25 }, // U+1EDD
    { 0x1EDE, 13 }, // U+1EDE
    { 0x1EDF, 25 }, // U+1EDF
    { 0x1EE0, 13 }, // U+1EE0
    { 0x1EE1, 25 }, // U+1EE1
    { 0x1EE2, 13 }, // U+1EE2
    { 0x1EE3, 25 }, // U+1EE3
    { 0x1EE4, 17 }, // U+1EE4
    { 0x1EE5, 30 }, // U+1EE5
    { 0x1EE6, 17 }, // U+1EE6
    { 0x1EE7, 30 }, // U+1EE7
    { 0x1EE8, 17 }, // U+1EE8
    { 0x1EE9, 30 }, // U+1EE9
    { 0x1EEA, 17 }, // U+1EEA
    { 0x1EEB, 30 }, // U+1EEB
    { 0x1EEC, 17 }, // U+1EEC
    { 0x1EED, 30 }, // U+1EED
    { 0x1EEE, 17 }, // U+1EEE
    { 0x1EEF, 30 }, // U+1EEF
    { 0x1EF0, 17 }, // U+1EF0
    { 0x1EF1, 30 }, // U+1EF1
    { 0x1EF2, 21 }, // U+1EF2
    { 0x1EF3, 34 }, // U+1EF3
    { 0x1EF4, 21 }, // U+1EF4
    { 0x1EF5, 34 }, // U+1EF5
    { 0x1EF6, 21 }, // U+1EF6
    { 0x1EF7, 34 }, // U+1EF7
    { 0x1EF8, 21 }, // U+1EF8
    { 0x1EF9, 34 }, // U+1EF9
    { 0x2018, 64 }, // U+2018
    { 0x2019, 5 }, // U+2019
    { 0x201A, 7 }, // U+201A
    { 0x201C, 64 }, // U+201C
    { 0x201D, 5 }, // U+201D
    { 0x201E, 7 }, // U+201E
    { 0x2026, 7 }, // U+2026
    { 0x2039, 36 }, // U+2039
    { 0x203A, 36 }, // U+203A
    { 0x207E, 65 }, // U+207E
    { 0x208E, 66 }, // U+208E
};

static const int8_t notoserif_16_boldKernMatrix[] = {
       0,    0,    0,    0,    0,    0,    0,    0,    0,    0,  -43,    0,    0,    0,    0,    0,    0,    0,    0,    0,    0,    0,    0,    0,  -11,  -32,    0,    0,    0,    0,    0,    0,    0,    0,    0,    0,    0,  -64,    0,    0,    0,    0,    0,    0,    0,    0,    0,    0,    0,    0,    0,    0,  -43,    0,    0,    0,    0,    0,    0,    0,    0,    0,    0,    0,    0,    0,
       0,    0,    0,    0,    0,    0,    0,    0,  -16,    0,    0,    0,    0,    0,    0,  -16,    0,  -21,  -21,    0,  -16,    0,    0,    0,    0,    0,    0,    0,    0,    0,    0,    0,    0,    0,    0,    0,    0,    0,    0,    0,    0,    0,    0,    0,    0,    0,    0,    0,    0,    0,    0,    0,    0,    0,    0,    0,    0,    0,    0,    0,    0,    0,    0,    0,    0,    0,
       0,    0,   -5,    0,    0,  -64,  -64,    0,    0,    0,  -27,    0,    0,    0,    0,    0,    0,    0,    0,    0,    0,    0,    0,    0,    0,    0,    0,    0,    0,    0,    0,    0,    0,    0,    0,    0,    0,  -43,    0,    0,    0,    0,    0,    0,    0,    0,    0,    0,    0,    0,    0,    0,  -27,    0,    0,    0,    0,    0,    0,    0,    0,    0,    0,    0,    0,    0,
       0,    0,    0,    0,    0,    0,    0,    0,  -48,    0,    0,    0,  -11,    0,    0,  -48,  -11,  -59,  -48,    0,  -43,    0,    0,    0,    0,    0,    0,    0,    0,    0,  -37,  -32,    0,  -27,    0,    0,    0,    0,    0,    0,    0,    0,    0,    0,    0,    0,    0,    0,    0,    0,    0,  -11,    0,    0,    0,    0,    0,  -48,  -37,  -43,  -27,    0,  -27,    0,    0,    0,
       0,    0,    0,    0,    0,    0,    0,    0,    0,    0,  -16,    0,    0,    0,    0,    0,    0,    0,    0,    0,   -5,    0,    0,    0,    0,    0,    0,    0,    0,    0,    0,    0,    0,    0,    0,    0,    0,    0,    0,    0,    0,    0,    0,    0,    0,    0,    0,    0,    0,    0,    0,    0,    0,    0,    0,    0,    0,    0,    0,    0,    0,    0,    0,    0,    0,    0,
       0,  -43,    0,    0,  -37,    0,    0,    0,  -32,    0,    0,    0,  -11,    0,    0,  -32,  -11,  -43,  -37,    0,  -37,    0,    0,    0,  -11,  -11,    0,    0,    0,  -11,  -32,  -16,    0,  -27,    0,    0,    0,    0,    0,    0,    0,    0,    0,    0,    0,    0,    0,    0,    0,    0,    0,    0,    0,    0,    0,    0,    0,    0,    0,    0,    0,    0,    0,  -37,    0,    0,
       0,    0,    0,    0,  -11,    0,    0,    0,  -11,    0,  -11,    0,    0,    0,    0,  -11,    0,  -21,  -16,  -11,  -21,  -11,    0,    0,    0,    0,    0,    0,    0,    0,    0,   -5,    0,  -11,    0,    0,    0,  -16,    0,    0,    0,    0,    0,    0,    0,    0,    0,    0,    0,    0,    0,    0,  -11,    0,    0,    0,    0,  -11,    0,    0,    0,    0,    0,    0,    0,    0,
       0,    0,    0,    0,    0,  -11,  -11,    0,  -11,    0,  -11,    0,    0,    0,    0,  -11,    0,  -11,  -11,  -11,  -16,    0,    0,    0,    0,    0,    0,    0,    0,    0,    0,    0,    0,    0,    0,    0,    0,  -27,    0,    0,    0,    0,    0,    0,    0,    0,    0,    0,    0,    0,    0,    0,  -11,  -11,    0,    0,    0,  -11,    0,    0,    0,    0,    0,    0,    0,    0,
       0,    0,    0,    0,    0,    0,    0,    0,    0,    0,    0,    0,    0,    0,    0,    0,    0,  -11,  -11,    0,  -11,    0,    0,    0,    0,    0,    0,    0,    0,    0,    0,    0,    0,    0,    0,    0,    0,    0,    0,    0,    0,    0,    0,    0,    0,    0,    0,    0,    0,    0,    0,    0,    0,    0,    0,    0,    0,    0,    0,    0,    0,    0,    0,    0,    0,    0,
       0,    0,  -11,    0,    0,  -64,  -64,    0,    0,  -21,  -37,    0,    0,    0,    0,    0,    0,    0,    0,    0,    0,    0,  -21,    0,  -21,  -21,    0,    0,    0,    0,    0,    0,    0,    0,    0,    0,    0,  -59,    0,    0,    0,    0,    0,    0,    0,    0,    0,    0,    0,    0,    0,    0,    0,    0,    0,    0,    0,    0,    0,    0,    0,    0,    0,    0,    0,    0,
       0,    0,    0,    0,    0,    0,    0,    0,  -11,    0,    0,    0,    0,    0,    0,  -11,    0,  -11,  -11,    0,  -11,    0,    0,    0,    0,    0,    0,    0,    0,    0,    0,    0,    0,    0,    0,    0,    0,  -11,    0,    0,    0,    0,    0,    0,    0,    0,    0,    0,    0,    0,    0,    0,    0,    0,    0,    0,    0,    0,    0,    0,    0,    0,    0,    0,    0,    0,
       0,    0,    0,    0,    0,    0,    0,    0,    0,    0,    0,    0,  -11,    0,    0,    0,    0,    0,    0,    0,    0,    0,    0,    0,  -11,  -11,    0,    0,    0,  -11,    0,  -16,    0,  -16,    0,    0,    0,    0,    0,    0,    0,    0,    0,    0,    0,    0,    0,    0,    0,    0,    0,    0,    0,    0,    0,    0,    0,    0,    0,    0,    0,    0,    0,    0,    0,    0,
       0,  -32,    0,    0,  -43,    0,    0,    0,  -37,    0,    0,    0,    0,    0,    0,  -37,    0,  -27,  -27,    0,  -32,    0,    0,    0,    0,    0,    0,    0,    0,    0,  -11,   -5,    0,  -16,    0,    0,  -11,    0,    0,    0,    0,    0,    0,    0,    0,    0,    0,    0,    0,    0,    0,    0,    0,    0,    0,    0,    0,    0,    0,    0,    0,    0,    0,  -43,    0,    0,
       0,    0,    0,    0,    0,    0,    0,    0,    0,    0,    0,    0,    0,    0,    0,    0,    0,    0,    0,    0,    0,    0,    0,    0,    0,    0,    0,    0,    0,    0,    0,    0,    0,    0,    0,   -5,    0,    0,    0,    0,    0,    0,    0,    0,    0,    0,    0,    0,    0,    0,    0,    0,    0,    0,    0,    0,    0,    0,    0,    0,    0,    0,    0,    0,    0,    0,
       0,    0,    0,    0,  -11,    0,    0,    0,  -11,    0,    0,    0,  -11,    0,    0,  -11,   -5,  -16,  -16,    0,  -16,    0,    0,    0,    0,    0,    0,    0,    0,    0,   -5,   -5,    0,  -11,    0,    0,    0,    0,    0,    0,    0,    0,    0,    0,    0,    0,    0,    0,    0,    0,    0,    0,    0,    0,    0,    0,    0,    0,    0,    0,    0,    0,    0,    0,    0,    0,
       0,    0,    0,    0,    0,    0,    0,    0,  -11,    0,  -11,    0,    0,    0,    0,  -11,    0,  -11,  -11,  -11,  -11,    0,    0,    0,    0,    0,    0,    0,    0,    0,    0,   -5,    0,  -11,    0,    0,    0,  -11,    0,    0,    0,    0,    0,    0,    0,    0,    0,    0,    0,    0,    0,    0,  -11,    0,    0,    0,    0,  -11,    0,    0,    0,    0,    0,    0,    0,    0,
       0,    0,   -5,    0,    0,  -48,  -48,    0,    0,  -16,  -32,    0,  -11,    0,    0,    0,    0,    0,    0,    0,    0,    0,  -16,    0,  -20,  -20,    0,   -3,    0,    0,    0,    0,    0,    0,    0,    0,    0,  -43,    0,    0,    0,    0,    0,    0,    0,    0,    0,    0,    0,    0,    0,    0,    0,    0,    0,    0,    0,    0,    0,    0,    0,    0,    0,    0,    0,    0,
       0,    0,    0,    0,    0,  -11,  -11,    0,    0,   -5,  -11,    0,    0,    0,    0,    0,    0,    0,    0,    0,    0,    0,    0,    0,    0,    0,    0,    0,    0,    0,    0,    0,    0,    0,    0,    0,    0,  -21,    0,    0,    0,    0,    0,    0,    0,    0,    0,    0,    0,    0,    0,    0,    0,    0,    0,    0,    0,    0,    0,    0,    0,    0,    0,    0,    0,    0,
       0,    0,  -16,    0,    0,  -59,  -59,    0,    0,  -27,  -43,    0,  -11,    0,    0,    0,    0,    0,    0,    0,    0,    0,  -32,    0,  -32,  -32,    0,  -21,    0,    0,    0,    0,    0,    0,    0,    0,    0,  -69,    0,    0,    0,    0,    0,    0,    0,    0,    0,    0,    0,    0,    0,    0,  -43,    0,    0,    0,    0,    0,    0,    0,    0,    0,    0,    0,    0,    0,
       0,    0,    0,    0,    0,  -48,  -48,    0,    0,  -27,  -37,    0,  -11,    0,    0,    0,    0,    0,    0,    0,    0,    0,  -34,    0,  -32,  -32,    0,  -27,    0,    0,    0,    0,    0,    0,  -16,    0,    0,  -69,    0,    0,    0,    0,    0,    0,    0,    0,    0,    0,    0,    0,    0,    0,    0,    0,    0,    0,    0,    0,    0,    0,    0,    0,    0,    0,    0,    0,
       0,    0,    0,    0,    0,    0,    0,    0,    0,    0,    0,    0,  -11,    0,   -5,    0,    0,    0,    0,    0,    0,    0,    0,    0,    0,    0,    0,    0,    0,    0,    0,  -16,    0,  -27,    0,    0,    0,    0,    0,    0,    0,    0,    0,    0,    0,    0,    0,    0,    0,    0,    0,    0,    0,    0,    0,    0,    0,    0,    0,    0,    0,    0,    0,    0,    0,    0,
       0,    0,   -5,    0,    0,  -43,  -43,    0,    0,  -21,  -37,    0,  -16,    0,  -11,    0,    0,    0,    0,    0,    0,    0,  -32,    0,  -37,  -37,    0,  -32,    0,    0,    0,    0,    0,    0,  -11,    0,    0,  -48,    0,    0,    0,    0,    0,    0,    0,    0,    0,    0,    0,    0,    0,    0,  -37,    0,    0,    0,    0,    0,    0,    0,    0,    0,    0,    0,    0,    0,
       0,  -21,    0,    0,    0,    0,    0,    0,    0,    0,    0,    0,    0,    0,    0,    0,    0,    0,    0,    0,    0,    0,    0,    0,    0,    0,    0,    0,    0,    0,    0,    0,    0,  -11,    0,    0,    0,    0,    0,    0,    0,    0,    0,    0,    0,    0,    0,    0,    0,    0,    0,    0,    0,    0,    0,    0,    0,    0,    0,  -16,  -11,    0,  -11,    0,    0,    0,
       0,    0,    0,    0,    0,    0,    0,    0,    0,    0,    0,    0,    0,    0,    0,    0,    0,  -32,  -32,    0,  -37,    0,    0,    0,    0,    0,    0,    0,    0,    0,    0,    0,    0,  -11,    0,    0,    0,    0,    0,    0,    0,    0,    0,    0,    0,    0,    0,    0,    0,    0,    0,    0,    0,    0,    0,    0,    0,    0,    0,  -16,    0,    0,  -11,    0,    0,    0,
       0,    0,    0,    0,    0,    0,    0,    0,    0,    0,    0,    0,    0,    0,    0,    0,    0,  -32,  -32,    0,  -32,    0,    0,    0,    0,    0,    0,    0,    0,    0,    0,    0,    0,    0,    0,    0,    0,    0,    0,    0,    0,    0,    0,    0,    0,    0,    0,    0,    0,    0,    0,    0,    0,    0,    0,    0,    0,    0,    0,    0,    0,    0,    0,    0,    0,    0,
       0,   43,    0,   48,   43,    0,    0,    0,    0,    0,    0,    0,    0,    0,    0,    0,    0,    0,    0,    0,    0,    0,    0,    0,    0,    0,    0,    0,    0,    0,    0,    0,    0,    0,    0,    0,    0,    0,   21,   21,    0,    0,    0,    0,    0,    0,    0,    0,    0,    0,    0,    0,    0,    0,    0,    0,    0,    0,    0,    0,    0,    0,    0,    0,    0,    0,
       0,    0,    0,    0,    0,    0,    0,    0,    0,    0,    0,    0,    0,    0,    0,    0,    0,    0,  -11,    0,    0,    0,    0,    0,    0,    0,    0,    0,    0,    0,    0,    0,    0,    0,    0,    0,    0,    0,    0,    0,    0,    0,    0,    0,    0,    0,    0,    0,    0,    0,    0,    0,    0,    0,    0,    0,    0,    0,    0,    0,    0,    0,    0,    0,    0,    0,
       0,    0,    0,    0,    0,    0,    0,    0,    0,    0,    0,    0,    0,    0,    0,    0,    0,    0,    0,    0,    0,    0,    0,    0,  -11,  -11,    0,    0,    0,    0,    0,    0,    0,    0,    0,    0,    0,    0,    0,    0,    0,    0,    0,    0,    0,    0,    0,    0,    0,    0,    0,    0,    0,    0,    0,    0,    0,    0,    0,    0,    0,    0,    0,    0,    0,    0,
       0,    0,    0,    0,   16,  -76,  -76,    0,    0,    0,    0,    0,    0,    0,    0,    0,    0,    0,    0,    0,    0,    0,  -11,    0,    0,    0,    0,    0,    0,    0,    0,    0,    0,    0,    0,    0,    0,    0,    0,    0,    0,    0,    0,    0,    0,    0,    0,    0,    0,    0,    0,    0,    0,    0,    0,    0,    0,    0,    0,    0,    0,    0,    0,    0,    0,    0,
       0,    0,    0,    0,    0,    0,    0,    0,    0,    0,    0,    0,    0,    0,    0,    0,    0,    0,    0,    0,  -32,    0,    0,    0,    0,    0,    0,    0,    0,    0,    0,    0,    0,    0,    0,    0,    0,    0,    0,    0,    0,    0,    0,    0,    0,    0,    0,    0,    0,    0,    0,    0,    0,    0,    0,    0,    0,    0,    0,  -11,    0,    0,    0,    0,    0,    0,
       0,    0,    0,    0,    0,  -27,  -37,    0,    0,    0,  -32,    0,    0,    0,    0,    0,    0,    0,    0,    0,    0,    0,    0,    0,    0,    0,    0,    0,    0,    0,    0,    0,    0,    0,    0,    0,    0,    0,    0,    0,    0,    0,    0,    0,    0,    0,    0,    0,    0,    0,    0,    0,    0,    0,    0,    0,    0,    0,    0,    0,    0,    0,    0,    0,    0,    0,
       0,    0,    0,    0,    0,  -37,  -37,    0,    0,    0,  -16,    0,    0,    0,    0,    0,    0,    0,    0,    0,    0,    0,    0,    0,    0,    0,    0,    0,    0,    0,    0,    0,    0,    0,    0,    0,    0,    0,    0,    0,    0,    0,    0,    0,    0,    0,    0,    0,    0,    0,    0,    0,    0,    0,    0,    0,    0,    0,    0,    0,    0,    0,    0,    0,    0,    0,
       0,    0,    0,    0,    0,  -48,  -48,    0,    0,    0,  -27,    0,    0,    0,    0,    0,    0,    0,    0,    0,    0,    0,    0,    0,    0,    0,    0,    0,    0,    0,    0,    0,    0,    0,    0,    0,    0,    0,    0,    0,    0,    0,    0,    0,    0,    0,    0,    0,    0,    0,    0,    0,    0,    0,    0,    0,    0,    0,    0,    0,    0,    0,    0,    0,    0,    0,
       0,    0,    0,    0,    0,    0,    0,    0,    0,    0,    0,    0,    0,    0,    0,    0,    0,  -16,  -11,    0,  -16,    0,    0,    0,    0,    0,    0,    0,    0,    0,    0,    0,    0,    0,    0,    0,    0,    0,    0,    0,    0,    0,    0,    0,    0,    0,    0,    0,    0,    0,    0,    0,    0,    0,    0,    0,    0,    0,    0,    0,    0,    0,    0,    0,    0,    0,
       0,    0,    0,    0,    0,    0,    0,    0,  -11,    0,    0,    0,    0,    0,    0,  -11,    0,  -27,  -27,    0,  -27,    0,    0,    0,    0,    0,    0,    0,    0,    0,    0,    0,    0,    0,    0,    0,    0,    0,    0,    0,    0,    0,    0,    0,    0,    0,    0,    0,    0,    0,    0,    0,    0,    0,    0,    0,    0,    0,    0,    0,    0,    0,    0,    0,    0,    0,
       0,  -43,    0,    0,  -37,    0,    0,    0,  -32,    0,    0,    0,  -11,    0,    0,  -32,  -11,  -43,  -37,    0,  -37,    0,    0,    0,  -11,  -11,    0,    0,    0,  -11,  -27,  -16,    0,  -27,    0,    0,    0,    0,    0,    0,    0,    0,    0,    0,    0,    0,    0,    0,    0,    0,    0,    0,    0,    0,    0,    0,    0,    0,    0,    0,    0,    0,    0,  -37,    0,    0,
      33,   42,    0,   67,   21,    0,    0,    0,   69,    0,    0,   27,    0,   32,    0,   27,   37,   43,   37,   37,   53,   21,    0,   48,    0,    0,    0,    0,    0,    0,    0,    0,    0,    0,    0,    0,    0,    0,    0,    0,    0,    0,    0,    0,    0,    0,    0,    0,    0,    0,    0,    0,    0,    0,    0,    0,    0,    0,    0,    0,    0,    0,    0,   14,    0,    0,
       0,    0,    0,    0,    0,    0,    0,    0,    0,    0,    0,    0,    0,    0,    0,    0,    0,    0,    0,    0,    0,    0,    0,    0,    0,    0,    0,    0,    0,    0,    0,    0,    0,    0,    0,    0,    0,    0,    0,   32,    0,    0,    0,    0,    0,    0,    0,    0,    0,    0,    0,    0,    0,    0,    0,    0,    0,    0,    0,    0,    0,    0,    0,    0,    0,    0,
      12,   23,    0,   45,    0,    0,    0,    0,   20,    0,    0,    0,    0,    0,    0,    0,    0,    0,    0,    0,    0,    0,    0,   22,    0,    0,    0,    0,    0,    0,    0,    0,    0,    0,    0,    0,    0,    0,    0,    0,    0,    0,    0,    0,    0,    0,    0,    0,    0,    0,    0,    0,    0,    0,    0,    0,    0,    0,    0,    0,    0,    0,    0,    3,    0,    0,
       0,    0,    0,    0,    0,  -11,  -11,   -5,   11,    0,  -21,    0,    0,    0,    0,   11,    0,   11,   11,    0,   11,    0,  -11,    0,  -11,  -11,   -5,  -11,   -5,    0,  -11,  -11,  -11,  -11,    0,    0,    0,    0,    0,    0,    0,    0,    0,    0,    0,    0,    0,    0,    0,    0,    0,    0,    0,    0,    0,    0,    0,    0,    0,    0,    0,    0,    0,    0,    0,    0,
       0,    0,    0,    0,   11,  -11,  -11,    0,    0,    0,    0,    0,    0,    0,    0,    0,    0,    0,    0,    0,    0,    0,    0,    0,    0,    0,   11,    0,   16,   11,   16,   16,    0,   16,    0,    0,    0,    0,    0,    0,    0,    0,    0,    0,    0,    0,    0,    0,    0,    0,    0,    0,    0,    0,    0,    0,    0,    0,    0,    0,    0,    0,    0,    0,    0,    0,
       0,    0,    0,    0,    0,  -11,  -11,   -5,    0,    0,  -32,    0,  -11,    0,    0,    0,    0,    0,    0,    0,    0,    0,  -27,    0,  -27,  -27,  -16,  -32,   -5,  -16,  -11,  -11,    0,  -11,  -16,    0,    0,    0,    0,    0,    0,    0,    0,    0,    0,    0,    0,    0,    0,    0,    0,    0,    0,    0,    0,    0,    0,    0,    0,    0,    0,    0,    0,    0,    0,    0,
       0,    0,    0,    0,   11,   -5,   -5,    0,    0,    0,    0,    0,    0,    0,    0,    0,    0,    0,    0,    0,    0,    0,    0,    0,    0,    0,   11,    0,   16,    0,   16,    0,    0,    0,    0,    0,    0,    0,    0,    0,    0,    0,    0,    0,    0,    0,    0,    0,    0,    0,    0,    0,    0,    0,    0,    0,    0,    0,    0,    0,    0,    0,    0,    0,    0,    0,
       0,  -30,    0,    0,    0,    0,    0,    0,   -2,    0,    0,    0,    0,    0,    0,   -2,    0,    0,    0,    0,    0,    0,    0,    0,    0,    0,    0,    0,    0,    0,    0,    0,    0,    0,    0,    0,    0,    0,    0,    0,    0,  -28,  -21,    0,    0,   -5,  -21,  -16,    0,    0,    0,    0,    0,    0,    0,    0,    0,  -16,    0,    0,    0,    0,    0,  -11,    0,    0,
       0,    0,    0,    0,    0,    0,    0,    0,    0,    0,    0,    0,    0,    0,    0,    0,    0,    0,    0,    0,    0,    0,    0,    0,    0,    0,    0,    0,    0,    0,    0,    0,    0,    0,    0,    0,    0,    0,    0,    0,    0,    0,    0,    0,    0,    0,    0,    0,    0,    0,    0,    0,    0,    0,    0,    0,    0,  -16,    0,    0,    0,    0,    0,    0,    0,    0,
       0,    0,    0,    0,    0,    0,    0,    0,    0,    0,    0,    0,    0,    0,    0,    0,    0,    0,    0,    0,    0,    0,    0,    0,    0,    0,    0,    0,    0,    0,    0,    0,    0,    0,    0,    0,    0,    0,    0,    0,    0,    0,    0,    0,    0,    0,    0,    0,  -29,  -10,    1,    0,    0,    0,    0,    0,    0,    0,    0,    0,    0,    0,    0,    0,    0,    0,
       0,    0,    0,    0,    0,    0,    0,    0,   -9,    0,    0,    0,    0,    0,    0,   -9,    0,    0,    0,    0,    0,    0,    0,    0,    0,    0,    0,    0,    0,    0,    0,    0,    0,    0,    0,    0,    0,    0,    0,    0,  -11,   -5,    0,    0,    0,    0,    0,    0,    0,    0,    0,    0,    0,    0,    0,    0,    0,  -16,    0,  -16,   -5,    0,    0,    0,    0,    0,
       0,    0,    0,    0,    0,    0,    0,    0,    0,    0,    0,    0,    0,    0,    0,    0,    0,    0,    0,    0,    0,    0,    0,    0,    0,    0,    0,    0,    0,    0,    0,    0,    0,    0,    0,    0,    0,    0,    0,    0,    0,    0,    0,    0,    0,    0,    0,    0,    0,    0,    0,    0,    0,    0,    0,    0,    0,  -16,    0,  -16,   -5,    0,    0,    0,    0,    0,
       0,    0,    0,    0,    0,    0,    0,    0,    0,    0,    0,    0,    0,    0,    0,    0,    0,    0,    0,    0,    0,    0,    0,    0,    0,    0,    0,    0,    0,    0,    0,    0,    0,    0,    0,    0,    0,    0,    0,    0,    0,    0,  -16,    0,    0,    0,    0,    0,    0,    0,    0,    0,    0,    0,    0,    0,    0,  -16,    0,  -16,   -5,    0,    0,    0,    0,    0,
       0,    0,    0,    0,    0,    0,    0,    0,    0,    0,    0,    0,    0,    0,    0,    0,    0,    0,    0,    0,    0,    0,    0,    0,    0,    0,    0,    0,    0,    0,    0,    0,    0,    0,    0,    0,    0,    0,    0,    0,    0,    0,   -5,    0,    0,    0,    0,    0,    0,    0,    0,    0,    0,    0,    0,    0,    0,    0,    0,    0,    0,    0,    0,   -2,    0,    0,
       0,    0,    0,    0,    0,  -11,  -11,    0,    0,    0,    0,    0,    0,    0,    0,    0,    0,    0,    0,    0,    0,    0,    0,    0,    0,    0,    0,    0,    0,    0,    0,    0,    0,    0,    0,    0,    0,  -27,    0,    0,    0,    0,    0,    0,    0,    0,    0,    0,    0,    0,    0,    0,  -11,  -11,    0,    0,    0,  -11,    0,  -11,    0,    0,    0,    0,    0,    0,
       0,  -16,    0,    0,  -27,    0,    0,    0,    0,    0,    0,    0,    0,    0,    0,    0,    0,    0,    0,    0,    0,    0,    0,    0,    0,    0,    0,    0,    0,    0,    0,    0,    0,    0,    0,    0,    0,    0,    0,    0,    0,    0,    0,    0,    0,    0,    0,    0,    0,    0,    0,    0,    0,    0,    0,    0,    0,  -16,    0,  -16,  -11,    0,    0,  -16,    0,    0,
       0,    0,    0,    0,    0,    0,    0,    0,    0,    0,    0,    0,    0,    0,    0,    0,    0,    0,    0,    0,    0,    0,    0,    0,    0,    0,    0,    0,    0,    0,    0,    0,    0,    0,    0,    0,    0,    0,    0,    0,    0,    0,    0,    0,    0,    0,    0,    0,    0,    0,    0,    0,    0,    0,    0,    0,    0,    0,    0,  -16,    0,    0,    0,    0,    0,    0,
       0,  -43,    0,    0,  -37,    0,    0,    0,  -32,    0,    0,    0,  -11,    0,    0,  -32,    0,  -43,    0,    0,  -37,    0,    0,    0,  -11,  -11,    0,    0,    0,  -11,    0,  -16,    0,  -27,    0,    0,    0,    0,    0,    0,    0,    0,    0,    0,    0,    0,    0,    0,    0,    0,    0,  -11,    0,    0,    0,    0,    0,  -32,  -21,  -48,  -21,    0,    0,  -37,    0,    0,
       0,    0,    0,    0,    0,    0,    0,    0,    0,    0,    0,    0,  -11,    0,    0,    0,    0,    0,    0,    0,    0,    0,    0,    0,  -11,  -11,    0,    0,    0,  -11,    0,  -16,    0,  -16,    0,    0,    0,    0,    0,    0,    0,    0,    0,    0,  -11,    0,    0,    0,    0,    0,    0,  -11,    0,    0,  -11,  -11,    0,    0,  -16,  -11,  -11,    0,  -11,    0,    0,    0,
       0,    0,    0,    0,    0,  -11,  -11,    0,    0,    0,    0,    0,    0,    0,    0,    0,    0,    0,    0,    0,    0,    0,    0,    0,    0,    0,    0,    0,    0,    0,    0,   -5,    0,  -11,    0,    0,    0,  -16,    0,    0,    0,    0,    0,    0,    0,    0,    0,    0,    0,    0,    0,    0,  -11,  -11,    0,    0,    0,    0,  -11,  -21,    0,    0,    0,    0,    0,    0,
       0,    0,    0,    0,    0,  -53,  -53,    0,    0,    0,    0,    0,  -11,    0,    0,    0,    0,    0,    0,    0,    0,    0,  -32,    0,  -32,  -32,    0,  -21,    0,    0,    0,    0,    0,    0,    0,    0,    0,  -69,    0,    0,    0,    0,    0,    0,    0,    0,    0,    0,    0,    0,    0,  -11,  -53,    0,  -11,  -21,  -16,    0,    0,    0,    0,  -21,    0,    0,    0,    0,
       0,    0,    0,    0,    0,  -48,  -48,    0,    0,    0,    0,    0,    0,    0,    0,    0,    0,    0,    0,    0,    0,    0,    0,    0,    0,    0,    0,    0,    0,    0,    0,    0,    0,    0,    0,    0,    0,    0,    0,    0,    0,    0,    0,    0,    0,    0,    0,    0,    0,    0,    0,    0,    0,    0,    0,    0,    0,    0,    0,    0,    0,    0,    0,    0,    0,    0,
       0,    0,    0,    0,    0,  -64,  -64,    0,    0,    0,    0,    0,    0,    0,    0,    0,    0,    0,    0,    0,    0,    0,    0,    0,    0,    0,    0,    0,    0,    0,    0,    0,    0,    0,    0,    0,    0,  -43,    0,    0,    0,    0,    0,    0,    0,    0,    0,    0,    0,    0,    0,    0,  -27,    0,    0,    0,    0,    0,    0,    0,    0,    0,    0,    0,    0,    0,
       0,    0,    0,    0,    0,  -48,  -48,    0,    0,    0,    0,    0,  -11,    0,    0,    0,    0,    0,    0,    0,    0,    0,  -16,    0,  -16,  -16,    0,   -5,    0,    0,    0,    0,    0,    0,    0,    0,    0,  -43,    0,    0,    0,    0,    0,  -11,    0,    0,    0,    0,    0,    0,    0,  -11,  -32,    0,    0,  -16,  -16,    0,    0,    0,    0,  -16,    0,    0,    0,    0,
       0,    0,    0,    0,   16,  -37,  -37,    0,    0,    0,    0,    0,    0,    0,    0,    0,    0,    0,    0,    0,    0,    0,    0,    0,    0,    0,    0,    0,    0,    0,    0,    0,    0,    0,    0,    0,    0,    0,    0,    0,    0,    0,    0,    0,    0,    0,    0,    0,    0,    0,    0,    0,  -16,    0,    0,    0,    0,    0,    0,    0,    0,    0,    0,    0,    0,    0,
       0,  -32,    0,    0,  -37,    0,    0,    0,  -37,    0,    0,    0,    0,    0,    0,  -37,    0,    0,    0,    0,    0,    0,    0,    0,    0,    0,    0,    0,    0,    0,    0,    0,    0,    0,    0,    0,    0,    0,    0,    0,    0,    0,    0,    0,    0,    0,    0,    0,    0,    0,    0,    0,    0,    0,    0,    0,    0,  -37,    0,  -37,    0,    0,  -16,    0,    0,    0,
       0,    0,    0,    0,    0,    0,    0,    0,    0,    0,    0,    0,    0,    0,    0,    0,    0,    0,    0,    0,    0,    0,    0,    0,  -11,  -11,    0,    0,    0,    0,    0,    0,    0,    0,    0,    0,    0,    0,    0,    0,    0,    0,    0,    0,    0,    0,    0,    0,    0,    0,    0,    0,    0,    0,    0,  -11,    0,    0,    0,    0,    0,  -11,    0,    0,    0,    0,
       0,    0,    0,   11,    0,    0,    0,    0,    0,    0,    0,    0,    0,    0,    0,    0,    0,    0,    0,    0,    0,    0,    0,    0,    0,    0,    0,    0,    0,    0,    0,    0,    0,    0,    0,    0,    0,    0,    0,    0,    0,    0,    0,    0,    0,    0,    0,    0,    0,    0,    0,    0,    0,    0,    0,    0,    0,    0,    0,    0,    0,    0,    0,    0,    0,    0,
       0,    0,    0,    0,    0,    0,    0,    0,    0,    0,    0,    0,  -11,    0,    0,    0,    0,    0,    0,    0,    0,    0,    0,    0,  -11,  -11,    0,    0,    0,  -11,    0,  -16,    0,  -27,    0,    0,    0,    0,    0,    0,    0,    0,    0,    0,    0,    0,    0,    0,    0,    0,    0,  -11,    0,    0,  -11,    0,    0,    0,  -21,  -11,    0,    0,  -16,    0,    0,    0,
       0,    0,    0,    0,    0,    0,    0,    0,    0,    0,    0,    0,    0,    0,    0,    0,    0,    0,    0,    0,    0,    0,    0,    0,    0,    0,    0,    0,    0,    0,    0,    0,    0,    0,    0,    0,    0,    0,    0,    0,    0,    0,    0,    0,    0,    0,    0,    0,    0,    0,    0,    0,    0,    0,    0,    0,    0,    0,  -11,    0,    0,    0,    0,    0,    0,    0,
       0,    0,    0,    0,    0,    0,    0,    0,    0,    0,  -37,    0,    0,    0,    0,    0,    0,    0,    0,    0,    0,    0,    0,    0,    0,    0,    0,    0,    0,    0,    0,    0,    0,    0,    0,    0,    0,  -75,    0,    0,    0,    0,    0,    0,    0,    0,    0,    0,    0,    0,    0,    0,  -37,    0,    0,    0,    0,    0,    0,    0,    0,    0,    0,    0,    0,    0,
       0,    0,    0,    0,    0,    0,    0,    0,    0,    0,  -53,    0,  -11,    0,    0,    0,    0,    0,    0,    0,    0,    0,  -16,    0,  -21,  -21,    0,  -27,    0,    0,    0,    0,    0,    0,    0,    0,    0,    0,    0,    5,    0,    0,    0,    0,    0,    0,    0,    0,    0,    0,    0,    0,    0,    0,    0,    0,    0,    0,    0,    0,    0,    0,    0,    0,    0,    0,
       0,    0,    0,    0,    0,    0,    0,    0,    0,    0,    0,    0,    0,    0,    0,    0,    0,    0,    0,    0,    0,    0,    0,    0,    0,    0,    0,    0,    0,    0,    0,    0,    0,    0,    0,    0,    0,    0,    0,    0,    0,    0,    0,    0,    0,    0,    0,    0,    0,    0,    0,    0,    0,    0,    0,    0,    0,    0,    0,    0,    0,    0,    0,    0,   42,    0,
       0,    0,    0,    0,    0,    0,    0,    0,    0,    0,    0,    0,    0,    0,    0,    0,    0,    0,    0,    0,    0,    0,    0,    0,    0,    0,    0,    0,    0,    0,    0,    0,    0,    0,    0,    0,    0,    0,    0,    0,    0,    0,    0,    0,    0,    0,    0,    0,    0,    0,    0,    0,    0,    0,    0,    0,    0,    0,    0,    0,    0,    0,    0,    0,    0,   42,
};

static const EpdLigaturePair notoserif_16_boldLigaturePairs[] = {
    { 0x00660066, 0xFB00 }, // f f -> U+FB00
    { 0x00660069, 0xFB01 }, // f i -> U+FB01
    { 0x0066006C, 0xFB02 }, // f l -> U+FB02
    { 0xFB000069, 0xFB03 }, // U+FB00 i -> U+FB03
    { 0xFB00006C, 0xFB04 }, // U+FB00 l -> U+FB04
};

static const EpdFontData notoserif_16_bold = {
    notoserif_16_boldBitmaps,
    notoserif_16_boldGlyphs,
    notoserif_16_boldIntervals,
    18,
    45,
    36,
    -10,
    true,
    nullptr,
    0,
    nullptr,
    notoserif_16_boldKernLeftClasses,
    notoserif_16_boldKernRightClasses,
    notoserif_16_boldKernMatrix,
    381,
    449,
    70,
    66,
    notoserif_16_boldLigaturePairs,
    5,
    nullptr,
    nullptr,
    nullptr,
    1,
};
