/**
 * generated by fontconvert.py
 * name: notoserif_5_bold
 * size: 5
 * mode: 2-bit  compressed: true
 * Command used: fontconvert.py notoserif_5_bold 5 ../builtinFonts/source/NotoSerif/NotoSerif-Bold.ttf --2bit --compress --pnum --ink-floor 2
 */
#pragma once
#include "EpdFontData.h"

static const uint8_t notoserif_5_boldBitmaps[9577] = {
    0x5D, 0x54, 0x4D, 0x6C, 0x1B, 0x45, 0x14, 0x7E, 0x8E, 0xFF, 0x12, 0xDC, 0x38, 0x0D, 0xF2, 0x06,
    0xDB, 0xF1, 0x38, 0x9B, 0xD4, 0x52, 0xD3, 0x74, 0xD6, 0xB6, 0xAA, 0x20, 0x6D, 0x92, 0x75, 0x78,
    0x08, 0x24, 0x0E, 0x5C, 0xB6, 0xC1, 0x4B, 0xB9, 0x14, 0x45, 0xA5, 0x4D, 0x94, 0xAA, 0x69, 0x4D,
    0x35, 0x6E, 0x4D, 0x1A, 0x6F, 0xE7, 0x06, 0x37, 0x16, 0x89, 0x9F, 0x0B, 0xAD, 0x2C, 0x35, 0x12,
    0xED, 0xCD, 0x91, 0x36, 0x28, 0xAA, 0xB0, 0x98, 0x1B, 0x07, 0x2E, 0x23, 0x71, 0x01, 0x71, 0x59,
    0x09, 0x38, 0x71, 0xF1, 0x21, 0x42, 0x1C, 0x99, 0x5D, 0x87, 0x1F, 0xF1, 0xBE, 0x99, 0xDD, 0x9D,
    0x99, 0x37, 0xEF, 0x6F, 0xBE, 0x59, 0x7B, 0xD8, 0xEB, 0xD9, 0xB6, 0x3D, 0x04, 0x0D, 0xEF, 0xE3,
    0x25, 0x9C, 0x86, 0x04, 0x8E, 0xF3, 0xAB, 0x72, 0xC9, 0x9B, 0xC1, 0x87, 0xDE, 0x02, 0x2C, 0x40,
    0x12, 0x2E, 0x8A, 0x36, 0x5F, 0x87, 0x59, 0xE1, 0xC8, 0xB6, 0x28, 0x62, 0x12, 0x0A, 0x09, 0xD8,
    0xCE, 0xC1, 0x93, 0x3A, 0x7C, 0xE5, 0xC0, 0xDE, 0x4F, 0x22, 0xF6, 0x54, 0x8C, 0x5D, 0x10, 0xA9,
    0x32, 0x07, 0x80, 0x14, 0x02, 0x91, 0x50, 0x92, 0x30, 0xF5, 0x19, 0xAC, 0x3D, 0x82, 0xC3, 0x13,
    0x60, 0x1D, 0xA8, 0x3E, 0x56, 0x2B, 0x90, 0x63, 0xF5, 0xB3, 0x90, 0x2A, 0x99, 0x4C, 0x09, 0x9D,
    0x88, 0x81, 0x67, 0x12, 0x52, 0x2E, 0x13, 0xCA, 0xF0, 0x0C, 0xB8, 0xFC, 0x0E, 0x5E, 0xC5, 0x84,
    0xD2, 0x4A, 0x2A, 0xDC, 0xF1, 0xC2, 0xA7, 0xCE, 0x74, 0xBB, 0xF9, 0x54, 0x67, 0x30, 0x3E, 0x9E,
    0xAB, 0xE8, 0xBA, 0xED, 0x71, 0x4C, 0xE1, 0x8A, 0x60, 0x92, 0x05, 0x21, 0xDA, 0xB2, 0xC6, 0x43,
    0xF5, 0xDB, 0xF0, 0x2E, 0x64, 0x4F, 0x51, 0xE3, 0x05, 0xB8, 0x2F, 0xAE, 0x89, 0x38, 0x4F, 0x43,
    0x09, 0xDA, 0xDE, 0xB7, 0x32, 0x1C, 0x6F, 0x88, 0x34, 0xCE, 0xF2, 0x98, 0xFC, 0x44, 0x3E, 0x50,
    0x3B, 0x62, 0x98, 0xE6, 0x19, 0x7E, 0x8E, 0xBF, 0xC5, 0x7F, 0x97, 0x71, 0x9E, 0x91, 0x1A, 0xAE,
    0x0A, 0x1B, 0x77, 0xE0, 0x25, 0x11, 0x93, 0x1B, 0xE2, 0x01, 0x86, 0x39, 0x5C, 0x90, 0x0C, 0xEF,
    0xE1, 0x91, 0x6C, 0x49, 0x16, 0x79, 0x71, 0xEC, 0x3D, 0x79, 0x59, 0x8C, 0x61, 0x1A, 0x5E, 0x80,
    0x49, 0x65, 0x79, 0x06, 0x5F, 0x56, 0x2B, 0xEB, 0xBC, 0xC6, 0xDF, 0x0F, 0x5A, 0xC1, 0xAA, 0x00,
    0x28, 0xC0, 0x3D, 0x71, 0x28, 0xFB, 0xD2, 0x95, 0x31, 0x39, 0x1D, 0x59, 0xA9, 0xB0, 0xA8, 0x87,
    0x2F, 0x9D, 0x55, 0x6C, 0xE5, 0x98, 0x13, 0x60, 0x61, 0x81, 0x3C, 0x0D, 0x6F, 0x7A, 0x00, 0x61,
    0x67, 0x90, 0xC6, 0x98, 0x24, 0xB0, 0xA9, 0x0C, 0x7C, 0x2D, 0x5E, 0x94, 0x71, 0x31, 0x09, 0xE3,
    0x0A, 0x24, 0x2C, 0x58, 0x13, 0x52, 0x6F, 0x63, 0xBE, 0x29, 0x2E, 0x7D, 0xC9, 0xB7, 0x4B, 0x7C,
    0x7B, 0x91, 0xBF, 0x77, 0x1B, 0xEB, 0xAA, 0xBE, 0x0E, 0xC4, 0x9A, 0x2A, 0x8D, 0xB8, 0x48, 0xCA,
    0x33, 0x41, 0xBE, 0xBF, 0xE4, 0xD7, 0x2D, 0xDF, 0x75, 0xB0, 0x31, 0xA4, 0xCC, 0x18, 0x1A, 0x3D,
    0xDA, 0xA1, 0x1D, 0x37, 0x48, 0x7A, 0x84, 0x99, 0x39, 0x06, 0x21, 0xAC, 0xC4, 0xDC, 0x49, 0x98,
    0x44, 0x83, 0x51, 0x83, 0x12, 0x05, 0x83, 0x5A, 0x6E, 0xA0, 0xC6, 0x2D, 0x7A, 0xD6, 0x40, 0xC3,
    0xA6, 0x40, 0x73, 0xAE, 0x3F, 0x1A, 0x53, 0xA8, 0x7A, 0x6A, 0x0C, 0x2E, 0x24, 0x3F, 0x25, 0xB7,
    0x22, 0x0B, 0x3B, 0xCC, 0xB2, 0xE8, 0xEC, 0xB1, 0xB2, 0xA0, 0x81, 0x65, 0x00, 0x25, 0x60, 0xEC,
    0x86, 0x4D, 0x7D, 0xA8, 0xD6, 0x75, 0xD1, 0x69, 0xD0, 0x50, 0x5C, 0x0D, 0xA7, 0x30, 0x03, 0xFF,
    0x05, 0x81, 0x1C, 0x38, 0x8E, 0xB5, 0x4C, 0x3D, 0x83, 0xD7, 0xA4, 0x11, 0x50, 0xDF, 0x35, 0x1C,
    0x68, 0x00, 0x1D, 0x21, 0x11, 0xF9, 0x4D, 0xDA, 0xEB, 0x19, 0x71, 0x31, 0xC3, 0xCF, 0x5F, 0xE1,
    0xE7, 0x9E, 0xF0, 0x85, 0x5F, 0xF8, 0xFC, 0x0F, 0xBC, 0xF3, 0x9D, 0x6C, 0x6A, 0xD0, 0x98, 0x84,
    0xDA, 0x38, 0x9C, 0xFF, 0x08, 0xE6, 0x7F, 0x04, 0xFD, 0x1B, 0xD0, 0x2D, 0xE8, 0x94, 0x20, 0xE5,
    0x19, 0x1D, 0x93, 0xB0, 0xB2, 0x02, 0x31, 0x69, 0xD9, 0x57, 0x71, 0x61, 0xC3, 0xA7, 0x4C, 0x65,
    0x1F, 0x18, 0x51, 0xE4, 0xFF, 0xD7, 0x18, 0x93, 0xB1, 0x5F, 0x21, 0xA7, 0xF2, 0xF3, 0x55, 0x6D,
    0x58, 0x55, 0xD2, 0x80, 0xB2, 0xAE, 0x31, 0x83, 0x6D, 0xD9, 0xC2, 0x2E, 0xCC, 0xC9, 0xE9, 0xA0,
    0x17, 0xEC, 0x85, 0xC7, 0xDC, 0xFC, 0xF9, 0x9D, 0x37, 0x5E, 0x4F, 0xE3, 0x08, 0x73, 0x9E, 0xA3,
    0x59, 0x25, 0x2B, 0x3F, 0x02, 0xCD, 0xCF, 0xF5, 0x94, 0x86, 0xD3, 0xA9, 0x58, 0x3A, 0xD1, 0xB3,
    0xF6, 0x14, 0x4F, 0xF3, 0x38, 0x3A, 0xB9, 0x66, 0x67, 0x71, 0xD9, 0xB2, 0xEA, 0x74, 0x57, 0x27,
    0x8F, 0xED, 0xEC, 0xF7, 0x5E, 0xE6, 0x43, 0x91, 0x7E, 0x8D, 0x3B, 0x5A, 0xA3, 0x52, 0xDE, 0x4C,
    0x8B, 0xB4, 0x98, 0x08, 0x2A, 0xBE, 0x3F, 0x70, 0x9A, 0xFB, 0x8B, 0xB4, 0x5E, 0xB6, 0x33, 0x3C,
    0xB4, 0x3C, 0x2B, 0x1D, 0xFB, 0xC6, 0xF0, 0xB2, 0x54, 0x44, 0x44, 0x02, 0x96, 0xAA, 0xC1, 0x9F,
    0xC1, 0x48, 0x4E, 0x9A, 0x9C, 0xDB, 0x9B, 0xBA, 0x9E, 0xCB, 0x8F, 0x27, 0xBA, 0x64, 0x24, 0xBB,
    0xCD, 0x84, 0xA2, 0x5D, 0x11, 0xE6, 0xF9, 0xA6, 0x00, 0xD4, 0x50, 0xB3, 0x59, 0xBE, 0xA8, 0x08,
    0x98, 0x92, 0x7B, 0xF2, 0x50, 0xBA, 0x01, 0xC0, 0x31, 0x98, 0xB0, 0xEA, 0x35, 0xFA, 0x26, 0x33,
    0x99, 0xD5, 0x7A, 0xAE, 0x66, 0x8A, 0xD8, 0x16, 0x2D, 0xEC, 0x03, 0xC3, 0x6A, 0x48, 0xF9, 0x00,
    0x82, 0x42, 0xD0, 0x56, 0x97, 0xA6, 0xAF, 0xFA, 0xBA, 0x1F, 0xAD, 0x4B, 0x05, 0x5B, 0xAD, 0x8B,
    0x90, 0x6A, 0x65, 0x61, 0xA1, 0xAB, 0xCE, 0xC5, 0x8A, 0xE0, 0xAA, 0x99, 0x62, 0xEF, 0x2E, 0xBF,
    0x2B, 0xD6, 0xB0, 0x0D, 0x0F, 0xE5, 0x6F, 0x0A, 0xDA, 0xDF, 0x5E, 0x86, 0x66, 0x3F, 0xC4, 0xC0,
    0x07, 0x33, 0x77, 0xDD, 0x54, 0x32, 0x80, 0x6C, 0xB2, 0x90, 0x8D, 0x84, 0xE4, 0x42, 0xA5, 0x95,
    0x03, 0x53, 0xAE, 0xE1, 0x2B, 0x62, 0x25, 0x18, 0xF8, 0xC7, 0x66, 0x24, 0x83, 0xAD, 0xCF, 0xB1,
    0xF1, 0x87, 0x34, 0x0F, 0x4F, 0x5B, 0xF7, 0x68, 0xB8, 0xF5, 0x8F, 0xA9, 0xAE, 0x5F, 0x44, 0x75,
    0xA3, 0x87, 0xAD, 0x3E, 0x0B, 0xAA, 0x12, 0x60, 0xEB, 0x34, 0x15, 0xB3, 0xBF, 0x1E, 0x98, 0xD0,
    0x01, 0x07, 0x0A, 0xD7, 0xDB, 0xC3, 0xD6, 0x28, 0x78, 0x95, 0x4A, 0xEC, 0x24, 0xD6, 0xDC, 0xE2,
    0x0D, 0x69, 0x42, 0x88, 0x01, 0x2C, 0xC1, 0x35, 0xFC, 0x00, 0xE6, 0x70, 0x83, 0x87, 0xF7, 0x2E,
    0xAF, 0xC2, 0x37, 0x4F, 0x51, 0x55, 0x89, 0xDC, 0xE8, 0x8D, 0xBC, 0x98, 0xC3, 0x9A, 0x4A, 0xFC,
    0xD9, 0x41, 0x67, 0xD3, 0xF2, 0x08, 0xCF, 0x2A, 0xA2, 0x2E, 0x69, 0x3D, 0xB2, 0x2C, 0xB3, 0xFB,
    0x3C, 0xF3, 0x08, 0xD3, 0x1F, 0x63, 0xFC, 0x4D, 0xD8, 0x39, 0xA0, 0xDE, 0x94, 0xFA, 0x3B, 0x68,
    0xF2, 0xE8, 0xE4, 0x59, 0x8F, 0x79, 0xA6, 0x20, 0x3C, 0xA4, 0xF4, 0x04, 0xDC, 0x02, 0x1B, 0x6E,
    0xF2, 0x2F, 0x78, 0x48, 0xE9, 0x8E, 0xFD, 0x5C, 0x66, 0xD5, 0xC1, 0x29, 0xFA, 0xAB, 0xE8, 0x28,
    0x90, 0x08, 0x49, 0xB0, 0xFF, 0x95, 0xCE, 0x29, 0xC3, 0xA7, 0x90, 0x44, 0xEF, 0x7D, 0xB5, 0x7D,
    0xD1, 0xBE, 0x22, 0x5F, 0xC5, 0xBF, 0x00, 0x6D, 0x94, 0x4D, 0x6C, 0x1B, 0x45, 0x18, 0x86, 0xDF,
    0x75, 0xBC, 0x9B, 0x38, 0xA6, 0x89, 0x5B, 0xAD, 0x91, 0xED, 0x7A, 0x1D, 0x17, 0x39, 0x6D, 0x1A,
    0xAD, 0x7F, 0x40, 0x29, 0xDD, 0x5A, 0x76, 0xFB, 0x9D, 0x7A, 0x5E, 0x29, 0x76, 0xA4, 0xF8, 0x80,
    0x7C, 0x80, 0x40, 0x52, 0xA2, 0x44, 0xD5, 0xD8, 0xB5, 0x03, 0x31, 0x73, 0x44, 0x9C, 0x16, 0x09,
    0x22, 0x71, 0x41, 0x16, 0x20, 0x51, 0xC4, 0xC5, 0x95, 0xF6, 0x50, 0xF1, 0x13, 0xED, 0x99, 0xD3,
    0x1C, 0x39, 0xAE, 0x84, 0x10, 0x57, 0x1F, 0xB8, 0xF4, 0xD6, 0xD9, 0x38, 0x41, 0xB6, 0x97, 0x79,
    0xA5, 0xD1, 0xCC, 0x33, 0x7F, 0xEF, 0x7E, 0x3B, 0xF3, 0xD9, 0x3E, 0xEC, 0xE1, 0xD0, 0xF7, 0x15,
    0xDC, 0xE4, 0x55, 0xD1, 0xA5, 0x2E, 0xBA, 0x89, 0xB2, 0x88, 0x40, 0xA3, 0x07, 0x62, 0x8B, 0xFA,
    0x38, 0xA4, 0x2C, 0xEE, 0x26, 0x7E, 0x16, 0xC0, 0x26, 0x5F, 0xE7, 0x79, 0x5E, 0xF5, 0x74, 0x6A,
    0xD8, 0xCC, 0xB1, 0xB8, 0x41, 0x47, 0xCE, 0x1A, 0x05, 0xB2, 0x65, 0x01, 0x82, 0xDA, 0xCE, 0xD0,
    0xDB, 0xDC, 0xC2, 0x11, 0x75, 0x44, 0x49, 0x68, 0x5E, 0xC5, 0xAB, 0xF2, 0x28, 0xCE, 0x9A, 0xAA,
    0x83, 0xF4, 0x2E, 0x6E, 0x3F, 0xC5, 0x6E, 0x84, 0x76, 0x15, 0xDA, 0xB9, 0x81, 0xF5, 0x33, 0x2C,
    0x3F, 0x87, 0x2C, 0x49, 0xB4, 0x70, 0x80, 0x5F, 0x65, 0x2B, 0xC5, 0xEF, 0xD3, 0x33, 0x4A, 0xF3,
    0x28, 0x25, 0xE9, 0x40, 0xC0, 0x01, 0x35, 0x9E, 0x07, 0x0B, 0xD3, 0xB8, 0xF3, 0x1D, 0xB6, 0xDF,
    0xA1, 0xED, 0x2F, 0x69, 0xFB, 0x29, 0x6E, 0xB7, 0x2E, 0x17, 0x6E, 0x3A, 0x80, 0xBE, 0x77, 0x76,
    0x17, 0x50, 0xA5, 0x8E, 0x9C, 0xA0, 0x3E, 0x70, 0x36, 0x5A, 0xD7, 0xD6, 0xCF, 0x37, 0x5A, 0xC6,
    0xE3, 0x7D, 0x58, 0x76, 0xA1, 0x6D, 0x8D, 0x2E, 0x34, 0x7E, 0xC4, 0x8E, 0xB1, 0x05, 0x1D, 0x9F,
    0xF9, 0xE7, 0xCE, 0xB9, 0x33, 0x70, 0xB4, 0x4B, 0x2D, 0x0F, 0xA3, 0x89, 0x04, 0x03, 0x0A, 0xD9,
    0x86, 0xFE, 0x51, 0x2A, 0x75, 0x98, 0xC4, 0x87, 0xF8, 0x9E, 0x4E, 0xE4, 0xF6, 0x6F, 0xC9, 0xEF,
    0x35, 0xBC, 0xFB, 0x74, 0x1D, 0x7A, 0x14, 0x6E, 0x01, 0x5B, 0x6D, 0x6C, 0x7D, 0x8D, 0xFE, 0x17,
    0x88, 0xEC, 0x41, 0x7B, 0x42, 0xB1, 0x38, 0xE9, 0x3A, 0x58, 0x1E, 0x85, 0x36, 0x0A, 0xDF, 0xA0,
    0xFF, 0x23, 0x45, 0x16, 0xA0, 0xA5, 0x68, 0xE9, 0x11, 0x6D, 0x44, 0xD1, 0xD2, 0x61, 0x54, 0xF0,
    0xB8, 0x89, 0xFD, 0x3F, 0xA0, 0xEC, 0x61, 0xE1, 0x09, 0xA9, 0x71, 0xD2, 0x10, 0x97, 0xFB, 0x6A,
    0x28, 0x82, 0xA1, 0x23, 0xCA, 0x5E, 0x1C, 0x0A, 0x29, 0xB4, 0xE0, 0xA9, 0xE2, 0x0D, 0x3F, 0x35,
    0xDA, 0x74, 0x2B, 0x35, 0x77, 0x00, 0x3F, 0xCC, 0x64, 0xCF, 0x9E, 0x67, 0xF1, 0xB6, 0xEA, 0xCC,
    0xB3, 0x98, 0x13, 0x9E, 0x27, 0xCF, 0xE3, 0x1A, 0x9F, 0x65, 0x4A, 0xD3, 0x56, 0x5E, 0xB5, 0x23,
    0x2C, 0xA1, 0xF5, 0x69, 0xA9, 0x4F, 0x19, 0x17, 0x15, 0x96, 0x77, 0xCF, 0x47, 0xAA, 0x63, 0x30,
    0x4B, 0x67, 0x08, 0x54, 0x8B, 0xAE, 0xFD, 0xAB, 0x70, 0x45, 0x28, 0x64, 0x20, 0x82, 0xA6, 0x5D,
    0x3F, 0x36, 0x13, 0x45, 0x2A, 0xDA, 0x26, 0x4C, 0x7D, 0xE0, 0x46, 0x3C, 0x2D, 0xC4, 0x64, 0x3C,
    0xF8, 0x3C, 0xCB, 0x8A, 0x28, 0xCD, 0x33, 0xA6, 0x37, 0xEB, 0x66, 0x50, 0x06, 0x2B, 0xFF, 0xB5,
    0xEA, 0x3B, 0x57, 0xAD, 0x9D, 0xE6, 0x55, 0x4B, 0xAE, 0x63, 0x66, 0xF1, 0xD4, 0x38, 0x35, 0xCC,
    0xA2, 0x59, 0x1B, 0xF8, 0x8B, 0x3F, 0x40, 0x5E, 0x86, 0x46, 0x12, 0xF5, 0x6B, 0x28, 0x2F, 0xE1,
    0xCE, 0xE7, 0xB8, 0xF5, 0x27, 0xF2, 0xBF, 0x21, 0x5F, 0x43, 0x2F, 0x8B, 0x45, 0x19, 0x35, 0xCD,
    0x29, 0xF6, 0x2C, 0x83, 0xE5, 0xA4, 0x0C, 0xCB, 0xCC, 0xB9, 0x32, 0xD8, 0xFE, 0xFF, 0xD1, 0x05,
    0xA1, 0xB6, 0xC3, 0x34, 0x3E, 0x54, 0x9D, 0x30, 0x8D, 0xB5, 0x55, 0x3B, 0x4C, 0xF3, 0x3C, 0x43,
    0x2B, 0x58, 0xE7, 0x09, 0xD2, 0xBE, 0x92, 0x63, 0x87, 0xEC, 0xDB, 0xCE, 0x7B, 0x5D, 0xA3, 0x2E,
    0xC7, 0xF4, 0x0B, 0x27, 0xCD, 0x64, 0x2D, 0x5B, 0x4B, 0x4D, 0x64, 0xA6, 0xD6, 0x86, 0x13, 0x27,
    0x61, 0x1A, 0x38, 0x09, 0x53, 0xAD, 0xAD, 0x26, 0xC2, 0x54, 0x11, 0x11, 0x6A, 0x36, 0x3E, 0xDD,
    0x30, 0x2B, 0x39, 0x3B, 0xCE, 0x17, 0x69, 0x91, 0x6E, 0x8A, 0x26, 0xEA, 0x28, 0xF9, 0xA6, 0x6B,
    0xB2, 0xE2, 0xB8, 0x44, 0xF2, 0x67, 0x23, 0xE7, 0x5B, 0xAC, 0xE7, 0x56, 0xE5, 0x4B, 0xB6, 0x5E,
    0x56, 0xB3, 0xBF, 0xBC, 0x04, 0x0C, 0xF9, 0x2C, 0x32, 0x74, 0x4F, 0x68, 0xE2, 0x44, 0xBC, 0x10,
    0x03, 0x5F, 0x9E, 0xCA, 0xE7, 0xC9, 0x2A, 0x25, 0xF9, 0x2C, 0xC9, 0xF1, 0x37, 0x69, 0x96, 0xA4,
    0x79, 0x72, 0x8E, 0xA8, 0x88, 0xD1, 0xF2, 0xDC, 0x4E, 0x99, 0x7D, 0xDC, 0xFB, 0x8B, 0xB4, 0x7F,
    0xF8, 0xC9, 0xDF, 0xF4, 0xC2, 0xA7, 0xC1, 0x27, 0x24, 0x4D, 0x65, 0xA8, 0xE3, 0x1D, 0xD3, 0x08,
    0x8C, 0x4A, 0x5C, 0x93, 0x01, 0x52, 0xA5, 0x29, 0x2D, 0xA0, 0x42, 0xCA, 0x96, 0xD4, 0xBB, 0x32,
    0x35, 0x4D, 0x26, 0xA6, 0xA6, 0xC9, 0xC4, 0xC2, 0x34, 0x31, 0xA5, 0x89, 0x34, 0x56, 0x2E, 0x55,
    0x26, 0xA3, 0xF0, 0xBE, 0x25, 0xCB, 0xEF, 0x39, 0xDC, 0xA2, 0x69, 0xFE, 0x2E, 0x5D, 0x9F, 0xE9,
    0xA7, 0x79, 0x9C, 0x27, 0xC5, 0x03, 0x9F, 0x8D, 0x47, 0x23, 0xE6, 0x97, 0x64, 0x72, 0xCB, 0x39,
    0x49, 0xBE, 0xE7, 0xD4, 0xC7, 0x93, 0x84, 0x71, 0xEA, 0x4E, 0xC2, 0xC6, 0xE4, 0x8C, 0xE3, 0xCB,
    0x19, 0xC1, 0xA5, 0x9F, 0x25, 0xAB, 0xF2, 0xCA, 0xCF, 0x92, 0x49, 0xD8, 0xA6, 0xC9, 0xC4, 0xF3,
    0x34, 0x09, 0xF2, 0x14, 0x64, 0xA6, 0x8A, 0x22, 0x86, 0x8C, 0xD3, 0x11, 0xDD, 0x71, 0x67, 0xD4,
    0xF3, 0x1F, 0x8A, 0xC4, 0x45, 0x54, 0x3E, 0x18, 0x5E, 0xA5, 0xAC, 0xB2, 0x1B, 0x9C, 0x19, 0x99,
    0x23, 0xC1, 0x33, 0x9B, 0x25, 0x69, 0x2F, 0x4A, 0xB3, 0x24, 0x88, 0xE5, 0x4F, 0x43, 0x99, 0xA2,
    0x3D, 0x83, 0xAF, 0x52, 0x5C, 0x9E, 0xF3, 0x31, 0x6C, 0xF4, 0x60, 0xA1, 0xEA, 0xD4, 0x47, 0x16,
    0x93, 0x1A, 0x3D, 0xF4, 0x2D, 0x49, 0xF6, 0xA5, 0x3F, 0x9D, 0xC2, 0x73, 0x5F, 0x03, 0x75, 0x95,
    0x41, 0x6C, 0xDB, 0x64, 0x14, 0xC7, 0xFF, 0x76, 0x6A, 0xA7, 0x4D, 0xD6, 0x2D, 0x48, 0x36, 0x6A,
    0xB3, 0xB9, 0xED, 0xD0, 0x36, 0xAA, 0xCA, 0x6E, 0x7B, 0xE8, 0xC0, 0xED, 0x9C, 0xF1, 0x24, 0x90,
    0x38, 0x70, 0x31, 0x5B, 0x33, 0x01, 0xA7, 0x0A, 0x6D, 0x93, 0x8A, 0x36, 0x29, 0x9A, 0x5C, 0x29,
    0x8C, 0x26, 0x7C, 0x17, 0x04, 0x12, 0x07, 0x7C, 0x60, 0x42, 0x1C, 0x40, 0x39, 0xEC, 0x00, 0x17,
    0x14, 0xA4, 0x80, 0x0A, 0x22, 0xC8, 0x77, 0x2E, 0x3E, 0x22, 0xED, 0x80, 0x2F, 0xE3, 0x88, 0x7A,
    0x28, 0x9C, 0x79, 0x5F, 0x9D, 0x74, 0x8E, 0xDD, 0xF9, 0x7D, 0xB1, 0xA2, 0xEF, 0xFD, 0xFC, 0xDE,
    0xF7, 0xBD, 0xF7, 0xBE, 0xF7, 0x29, 0xA4, 0x87, 0x0A, 0x95, 0x22, 0x2D, 0x3E, 0x93, 0xCC, 0xF5,
    0x57, 0x06, 0xEB, 0xDE, 0xA0, 0xAB, 0xA1, 0x4E, 0x75, 0xBA, 0x1A, 0xEB, 0xF1, 0xC3, 0xF8, 0xC7,
    0xB8, 0x9B, 0x00, 0x33, 0xBE, 0x2A, 0xF2, 0xD4, 0x65, 0x51, 0xC1, 0x24, 0x95, 0x27, 0x70, 0x09,
    0x57, 0x61, 0x66, 0x19, 0x95, 0xCA, 0xA4, 0x10, 0x12, 0x85, 0xB4, 0xD0, 0x0A, 0x5C, 0x23, 0x80,
    0x14, 0x6F, 0x6A, 0xF1, 0x08, 0x28, 0x09, 0xE9, 0x77, 0x2F, 0x6A, 0x51, 0x1F, 0x01, 0xAD, 0x0A,
    0x9E, 0x89, 0x34, 0xBF, 0xC8, 0x9D, 0x83, 0x49, 0x93, 0x1C, 0xA0, 0x46, 0xA7, 0x59, 0x94, 0x6C,
    0xDE, 0xE6, 0x4C, 0xA8, 0x8A, 0x22, 0x99, 0xEE, 0x25, 0xC7, 0x51, 0xD3, 0x6F, 0x04, 0xB6, 0x63,
    0x5B, 0x2C, 0x8E, 0xED, 0x75, 0x13, 0xE5, 0x6F, 0x3C, 0x9D, 0x4F, 0xF6, 0x92, 0x20, 0xE9, 0xF3,
    0xEF, 0xFA, 0x00, 0x48, 0x89, 0x8E, 0xD5, 0x19, 0x13, 0x89, 0x7E, 0x64, 0x26, 0x5B, 0x19, 0x42,
    0xA3, 0x8A, 0x60, 0xAA, 0x65, 0xD7, 0x1C, 0x72, 0x7C, 0x1B, 0xB6, 0xD1, 0x1D, 0xA4, 0xF1, 0xDD,
    0x8B, 0x59, 0x7C, 0xF6, 0x16, 0xB1, 0x37, 0xA1, 0x53, 0x9E, 0x32, 0xD3, 0x35, 0x65, 0x28, 0x80,
    0xA3, 0x87, 0x3C, 0x07, 0x54, 0xD3, 0x5D, 0x66, 0xC8, 0x02, 0x13, 0x2A, 0x31, 0xFC, 0x2C, 0xA3,
    0xA3, 0xC2, 0x99, 0x98, 0x8F, 0x8A, 0x7E, 0x2F, 0x17, 0xFC, 0xAA, 0xB1, 0xB6, 0xA4, 0x7D, 0x69,
    0xDD, 0x3B, 0x8E, 0xD9, 0x6E, 0xE0, 0x79, 0xF6, 0xF9, 0x03, 0x60, 0x01, 0x17, 0xA9, 0xDE, 0x7B,
    0x20, 0x1E, 0x44, 0xD7, 0x68, 0x0F, 0x1F, 0xC7, 0x4F, 0x59, 0x4C, 0xE8, 0x3B, 0x4A, 0x58, 0x64,
    0x5F, 0xA1, 0x79, 0x14, 0xD9, 0x51, 0xDE, 0x0A, 0x34, 0x60, 0xC9, 0x1D, 0x15, 0xF8, 0x3C, 0xA9,
    0x90, 0xCA, 0xF1, 0xD0, 0x4F, 0x65, 0xD5, 0x18, 0xDA, 0x12, 0x9A, 0x26, 0x3C, 0x07, 0xB6, 0x05,
    0xE7, 0xBE, 0x1C, 0xFC, 0x87, 0x47, 0xA7, 0x4B, 0x0E, 0x6E, 0xE0, 0x00, 0x2E, 0xB6, 0xC2, 0xC6,
    0xA1, 0xDB, 0x97, 0x32, 0x1C, 0xA4, 0x6C, 0xF7, 0x07, 0xCA, 0xB1, 0x07, 0xE8, 0xD2, 0x26, 0x5D,
    0x4F, 0xC6, 0xDC, 0xCF, 0x78, 0x17, 0x4D, 0x34, 0x60, 0x9F, 0x48, 0x17, 0x0D, 0x71, 0x8B, 0x77,
    0x78, 0x76, 0x24, 0x6B, 0x64, 0xEC, 0x36, 0x1B, 0xB6, 0x7C, 0xBA, 0xC6, 0x77, 0xB7, 0x5D, 0x7E,
    0x86, 0xB7, 0x96, 0xC7, 0x33, 0x5F, 0xDF, 0x4E, 0x67, 0x4E, 0x88, 0xAB, 0x26, 0x5C, 0x23, 0x9D,
    0xBB, 0x14, 0x18, 0x9C, 0x83, 0xB1, 0x66, 0xC4, 0xB1, 0x33, 0xDE, 0xC3, 0xE4, 0xE8, 0x3A, 0x60,
    0xC7, 0x68, 0x03, 0x3E, 0x87, 0xCB, 0x0D, 0x8C, 0xDA, 0xED, 0xC7, 0x6E, 0x90, 0xCA, 0x50, 0xD6,
    0x75, 0x5F, 0xA1, 0x73, 0x64, 0x0A, 0x93, 0xDF, 0x55, 0x64, 0xC5, 0x82, 0x71, 0x9C, 0xBA, 0x67,
    0xCB, 0x95, 0x22, 0x67, 0x9B, 0x4D, 0x6F, 0xC3, 0x0E, 0x1D, 0xB1, 0x16, 0x3B, 0x89, 0x3D, 0xE8,
    0x3A, 0x69, 0x78, 0x65, 0x98, 0x36, 0x1F, 0xBB, 0xF1, 0x35, 0x7A, 0x2D, 0xDA, 0x4C, 0x86, 0x03,
    0x05, 0x65, 0xF6, 0x78, 0x27, 0x9D, 0x11, 0x9B, 0xF1, 0x70, 0x50, 0xA5, 0xE9, 0x6C, 0x40, 0xA6,
    0x64, 0x11, 0x59, 0xC6, 0x81, 0xEB, 0xA6, 0xCB, 0xCF, 0x69, 0x64, 0xC2, 0xA6, 0x30, 0xD6, 0x1A,
    0xEB, 0xB5, 0x66, 0x8D, 0xEB, 0x2F, 0x03, 0xFC, 0x22, 0xB6, 0xD8, 0xE5, 0x58, 0x86, 0x63, 0xD3,
    0x81, 0x5D, 0x4B, 0xF5, 0x07, 0x23, 0xCD, 0x56, 0xB4, 0x49, 0x27, 0x7A, 0x5A, 0xA5, 0x7D, 0xEC,
    0xA7, 0x7A, 0xD7, 0x6D, 0xB4, 0xDB, 0xEE, 0x10, 0x7D, 0x28, 0x02, 0xDB, 0x26, 0x1A, 0xB3, 0x58,
    0x9B, 0xC6, 0xCB, 0x9F, 0xE1, 0xE2, 0x9F, 0x58, 0xFA, 0x0D, 0x4B, 0x1E, 0xDA, 0x17, 0xA0, 0xC4,
    0x2A, 0xEE, 0x9E, 0x64, 0xBF, 0x33, 0x78, 0x2E, 0x47, 0x50, 0x09, 0x0A, 0x26, 0xE0, 0x34, 0x06,
    0xFA, 0x0E, 0x94, 0xF0, 0xB9, 0x0E, 0x66, 0xF9, 0x68, 0x65, 0xBF, 0xE1, 0x3C, 0xF5, 0xF9, 0x20,
    0xEC, 0xE2, 0xE6, 0x5F, 0x28, 0x7D, 0x3E, 0x1A, 0xD5, 0x27, 0xF4, 0xBC, 0xEF, 0x71, 0x06, 0xE0,
    0xB7, 0x91, 0x75, 0xDC, 0xE7, 0xB4, 0x72, 0xEF, 0x54, 0xB8, 0x67, 0xEB, 0xA1, 0xD3, 0x76, 0xAD,
    0x60, 0x81, 0xC5, 0x72, 0xED, 0x05, 0xD9, 0x69, 0x8E, 0xBB, 0x4A, 0x90, 0x04, 0x87, 0xAD, 0x7E,
    0x90, 0xAC, 0xC6, 0x3C, 0xB3, 0xA3, 0x8A, 0x22, 0x37, 0x2F, 0x2A, 0x39, 0xAE, 0x14, 0x68, 0x7E,
    0x91, 0x9B, 0x8D, 0xCD, 0x1C, 0xA7, 0x3F, 0xF2, 0x9D, 0x4E, 0xCB, 0x75, 0x6B, 0x41, 0x83, 0xE4,
    0xE0, 0x2C, 0xB8, 0xC6, 0xC2, 0xEF, 0xCC, 0xA2, 0xFE, 0x1E, 0x05, 0xFF, 0x46, 0xC1, 0x7F, 0x71,
    0xEB, 0x27, 0x0A, 0x8E, 0x68, 0xF5, 0x1F, 0xD9, 0x96, 0x65, 0x8C, 0xB9, 0xBB, 0x0C, 0xEC, 0xB6,
    0x1D, 0xAC, 0xC6, 0x76, 0x62, 0x07, 0x1D, 0xA7, 0xCC, 0xC5, 0x72, 0x57, 0x34, 0xE2, 0x93, 0xEC,
    0xE6, 0xF4, 0x7C, 0x87, 0x70, 0xB4, 0xB3, 0x84, 0x81, 0x0D, 0xD4, 0x30, 0xEA, 0x54, 0x13, 0xEC,
    0x15, 0x9A, 0x99, 0x20, 0x55, 0xEE, 0x6A, 0x2F, 0x72, 0xE7, 0x6A, 0x51, 0x07, 0x8B, 0xF1, 0x0B,
    0x49, 0x2F, 0x79, 0x28, 0x64, 0xCF, 0x9C, 0xC1, 0x0A, 0xDE, 0xA7, 0x0F, 0xB1, 0x48, 0x37, 0xC4,
    0x47, 0xC4, 0xB7, 0x02, 0x1F, 0x8C, 0x22, 0xB7, 0x80, 0x97, 0x68, 0x92, 0xCB, 0x33, 0x15, 0xB6,
    0xA5, 0x4D, 0xD8, 0x9A, 0x45, 0x9D, 0xD7, 0xC7, 0x11, 0x3D, 0xC5, 0xEF, 0xAB, 0x7C, 0xC4, 0x26,
    0xED, 0x35, 0xB7, 0x9F, 0xBC, 0xF3, 0xE6, 0x1B, 0x65, 0x4A, 0x65, 0x31, 0x2C, 0x91, 0xCE, 0x77,
    0xDE, 0x1C, 0xF7, 0x8F, 0x71, 0xB5, 0xAF, 0x62, 0x64, 0x51, 0xEE, 0x36, 0x47, 0x2B, 0xA2, 0x3E,
    0x41, 0x3E, 0xB3, 0xB7, 0x16, 0x1E, 0x13, 0x22, 0xB5, 0xD4, 0x39, 0xD1, 0x97, 0x7B, 0x5A, 0xD8,
    0x34, 0xBD, 0x0B, 0xDE, 0x5C, 0x2A, 0xF6, 0xDC, 0x62, 0x8F, 0xF7, 0x19, 0x9A, 0xE2, 0x4E, 0x2F,
    0xAD, 0x28, 0xF7, 0x70, 0x6D, 0x20, 0xEF, 0x6D, 0xFD, 0x14, 0x4E, 0x43, 0x25, 0xC7, 0xE9, 0x5C,
    0x4F, 0x45, 0x4E, 0xAE, 0x35, 0x6F, 0x4F, 0x0B, 0x4F, 0x23, 0xB5, 0xE3, 0x7B, 0x6E, 0x92, 0x95,
    0xB5, 0x57, 0x24, 0x2B, 0xBD, 0xE9, 0x9C, 0xEF, 0xA6, 0xD9, 0xB8, 0xE0, 0x9D, 0x49, 0x85, 0x99,
    0x81, 0x4A, 0x25, 0x5F, 0xF1, 0xB3, 0x8C, 0x22, 0xD4, 0x90, 0xBB, 0xE1, 0x3E, 0xF0, 0x08, 0x4D,
    0x63, 0xBB, 0xBD, 0xBC, 0xE1, 0x79, 0xEB, 0xF6, 0xFD, 0x25, 0xEB, 0x5B, 0xFF, 0xEC, 0x1F, 0x61,
    0xF5, 0xD3, 0xA8, 0xFC, 0xBA, 0x90, 0xDA, 0x4F, 0xB0, 0x62, 0xF6, 0xAC, 0x8D, 0xF8, 0xEC, 0xBE,
    0xA8, 0x7E, 0x43, 0xE5, 0x2F, 0xA8, 0xF4, 0x16, 0xCA, 0x62, 0xDA, 0x6F, 0x6E, 0xEF, 0x2F, 0xDB,
    0xEB, 0x0B, 0x7E, 0x55, 0xC8, 0x68, 0x9E, 0x8F, 0xB9, 0x4A, 0xE8, 0xFB, 0x5E, 0x10, 0xBA, 0x91,
    0x25, 0x64, 0x13, 0x9D, 0xC1, 0x3D, 0x36, 0x3F, 0x1B, 0x4E, 0x15, 0x48, 0x35, 0x92, 0x75, 0x7E,
    0xE7, 0xF0, 0xED, 0xB8, 0x2C, 0xAA, 0x64, 0xC1, 0xE3, 0x2E, 0x24, 0x2B, 0xE5, 0x03, 0xF1, 0x95,
    0x90, 0x0D, 0xB7, 0xED, 0xFF, 0x1A, 0x1F, 0xDF, 0xDD, 0x94, 0xA7, 0xC0, 0xAD, 0x77, 0x92, 0x9B,
    0x0D, 0xF5, 0x02, 0x75, 0x85, 0x2A, 0x39, 0x5B, 0x8B, 0xC2, 0xA5, 0x6C, 0x8F, 0xFC, 0x1F, 0x85,
    0x55, 0xCD, 0x6B, 0x1B, 0x57, 0x10, 0x9F, 0x5D, 0x6B, 0x57, 0xB2, 0x15, 0x37, 0x4A, 0x91, 0x8C,
    0x24, 0x7B, 0x2D, 0xBB, 0x87, 0xA4, 0x98, 0xB7, 0x56, 0x0E, 0x49, 0xBB, 0x49, 0x56, 0xC9, 0x40,
    0x0B, 0xBD, 0xAE, 0x83, 0x17, 0x72, 0x68, 0x8B, 0x08, 0xB1, 0xA9, 0x4D, 0x0D, 0x6E, 0x58, 0x25,
    0xB2, 0x83, 0xB6, 0xEF, 0x52, 0xC8, 0x71, 0x09, 0x81, 0xDE, 0x8A, 0x0E, 0xA6, 0xA5, 0x3D, 0x6D,
    0x60, 0xDB, 0x9A, 0x10, 0x97, 0xFD, 0x13, 0x1E, 0x3D, 0xA5, 0xF4, 0xB2, 0x69, 0x9B, 0xF4, 0xD0,
    0x8B, 0xAE, 0xBD, 0x75, 0x9E, 0xD6, 0x5F, 0xFA, 0x30, 0x7D, 0x33, 0x0B, 0x42, 0xEF, 0xA7, 0xD9,
    0xF9, 0xF8, 0xCD, 0x4F, 0x00, 0xA0, 0x3F, 0xE1, 0xE6, 0x0E, 0xB7, 0xE6, 0xC1, 0x4B, 0xDD, 0x00,
    0x8B, 0xC1, 0x7C, 0x04, 0xF2, 0x14, 0xAB, 0x1F, 0x7B, 0x7F, 0x79, 0xBD, 0xED, 0xD0, 0x4B, 0x96,
    0x45, 0xFF, 0x1B, 0x77, 0x86, 0xDB, 0x15, 0x6E, 0x1B, 0x60, 0x97, 0x4F, 0xBC, 0x16, 0xF6, 0xEF,
    0x34, 0x58, 0xFB, 0x0E, 0xAC, 0x9F, 0xC0, 0x8A, 0xC0, 0x0A, 0xC1, 0xEA, 0x41, 0x3D, 0x8D, 0x02,
    0x93, 0x01, 0xBD, 0x06, 0x5D, 0xC7, 0x75, 0x1A, 0xDE, 0x5A, 0x8F, 0x99, 0x2B, 0x82, 0x19, 0x59,
    0xCE, 0x8C, 0x3C, 0x32, 0xD3, 0x00, 0x66, 0xDB, 0x45, 0x3F, 0xF1, 0x23, 0xD7, 0xB9, 0x88, 0x0D,
    0x6F, 0x0A, 0x98, 0xB9, 0x49, 0x77, 0x5F, 0xCB, 0x7B, 0x48, 0xEF, 0xDB, 0x8E, 0x9F, 0x3C, 0x17,
    0x4A, 0xF2, 0x1B, 0x24, 0xF7, 0x2A, 0xAF, 0xBE, 0x6F, 0xFD, 0xF1, 0x89, 0x97, 0x58, 0x61, 0x12,
    0x7A, 0xAF, 0x7E, 0xBD, 0xF9, 0xF3, 0x3F, 0x32, 0x2B, 0x65, 0xB5, 0xA1, 0xF4, 0x18, 0x1C, 0x79,
    0xA6, 0xC7, 0x8A, 0x3D, 0x3F, 0xEA, 0x01, 0x24, 0xA0, 0x08, 0xD0, 0xB0, 0x8F, 0x11, 0x0D, 0x40,
    0xA6, 0x06, 0x4C, 0x11, 0xD2, 0x35, 0xC1, 0x4A, 0xC2, 0xFF, 0x51, 0x48, 0x80, 0x9A, 0x62, 0xF6,
    0x3D, 0xAB, 0x60, 0xED, 0x59, 0x5E, 0x6A, 0x07, 0x1E, 0x78, 0x10, 0x2A, 0xB8, 0x5A, 0x72, 0xA1,
    0x31, 0x6D, 0x42, 0x3D, 0x67, 0xC0, 0xA5, 0xC7, 0x06, 0x2C, 0xBE, 0x34, 0x60, 0xE1, 0x05, 0x3D,
    0xD4, 0x85, 0xF6, 0x9C, 0x41, 0xA1, 0x19, 0x3D, 0x6D, 0x7A, 0x1C, 0x59, 0xEC, 0x6A, 0xC9, 0x6E,
    0x4C, 0x17, 0xEB, 0xB9, 0xCF, 0x2E, 0x3D, 0xB6, 0x17, 0x5F, 0xB2, 0x85, 0x17, 0x6C, 0xC1, 0x66,
    0xED, 0x39, 0xC2, 0xD8, 0x40, 0x01, 0x53, 0x10, 0xE5, 0x05, 0xCE, 0xFA, 0x93, 0xA0, 0xD1, 0x93,
    0x85, 0xA4, 0xDE, 0x89, 0x92, 0xE3, 0x7C, 0x27, 0x03, 0x95, 0x2B, 0x38, 0x11, 0x6B, 0xE2, 0x5C,
    0x52, 0x0E, 0x97, 0xA2, 0xCB, 0x76, 0xE4, 0x57, 0xF8, 0x14, 0x54, 0xF1, 0xAA, 0xD0, 0xC5, 0xAE,
    0x78, 0x26, 0x7C, 0x02, 0xAF, 0xBF, 0xEB, 0x36, 0x98, 0x3C, 0xFE, 0x7B, 0x58, 0x81, 0x0A, 0xBC,
    0x75, 0x68, 0x75, 0xD4, 0x9B, 0x2A, 0xD7, 0x03, 0xB3, 0x6D, 0x19, 0xDE, 0x3C, 0x99, 0x61, 0x31,
    0x39, 0xD1, 0x0A, 0xD7, 0x29, 0x82, 0x97, 0x9C, 0x4C, 0x54, 0x6F, 0x2A, 0xDC, 0x2D, 0xD9, 0x73,
    0x76, 0x39, 0x35, 0x56, 0xAE, 0x75, 0x53, 0xDC, 0x5A, 0xD7, 0x0A, 0xFB, 0xD6, 0x93, 0x53, 0xD4,
    0x03, 0xCD, 0xD1, 0x9B, 0xA3, 0xC8, 0x1A, 0x2F, 0xF3, 0x22, 0x0E, 0x62, 0xE9, 0x74, 0xC7, 0xA3,
    0x01, 0x55, 0xAC, 0x8C, 0xC1, 0x9F, 0x15, 0x3D, 0x83, 0x79, 0x89, 0xE7, 0xC3, 0xF8, 0x2C, 0x8C,
    0xC7, 0x17, 0x61, 0x1A, 0x46, 0xE3, 0x57, 0xF1, 0x76, 0xAC, 0x88, 0xE7, 0xE2, 0x0B, 0x51, 0xE7,
    0xE9, 0xBB, 0xB4, 0xE6, 0x70, 0x6F, 0x6B, 0x58, 0x22, 0x1B, 0xEC, 0xAE, 0x1E, 0x28, 0x38, 0x3A,
    0x85, 0x1A, 0x6A, 0xA0, 0x0F, 0xCD, 0x01, 0x4A, 0x00, 0x4B, 0xA0, 0xB8, 0x8E, 0xF2, 0x6F, 0x53,
    0xF5, 0x0A, 0xFA, 0x0E, 0xE6, 0x76, 0xB0, 0x1A, 0xC1, 0x65, 0x6F, 0x21, 0xFA, 0x25, 0xA4, 0x89,
    0x2B, 0x7B, 0x50, 0xDD, 0x80, 0xAB, 0x7F, 0xA2, 0xFE, 0x37, 0xDF, 0x7D, 0x8D, 0xCF, 0x12, 0xF4,
    0x1F, 0x49, 0x4E, 0x6A, 0x4F, 0x8D, 0xCF, 0xAD, 0x22, 0xF1, 0x6C, 0xC3, 0xEB, 0xD8, 0x9D, 0xD9,
    0x7D, 0x59, 0x5C, 0xB5, 0x7B, 0x9F, 0xDF, 0x8F, 0x6F, 0x60, 0x0B, 0xBE, 0x14, 0x6F, 0x92, 0x37,
    0xA2, 0x24, 0x87, 0x14, 0x9C, 0x42, 0xDA, 0x36, 0x93, 0xC8, 0x8B, 0x34, 0xF2, 0xD3, 0xD8, 0xD7,
    0x64, 0x12, 0xAB, 0x72, 0xD7, 0xB5, 0xAF, 0xB0, 0xC0, 0xE4, 0x75, 0x61, 0x26, 0x2C, 0xF2, 0x4D,
    0x23, 0xD6, 0x71, 0x1F, 0x2C, 0xB8, 0xB6, 0x67, 0x89, 0x1B, 0x78, 0x2B, 0xBE, 0x96, 0x1C, 0x44,
    0xC3, 0xE4, 0x50, 0x31, 0x8B, 0x0A, 0x9E, 0x26, 0xC7, 0x24, 0x18, 0xB4, 0xD1, 0x0A, 0xEA, 0xC1,
    0x78, 0xAC, 0x46, 0x4D, 0x18, 0xC5, 0x4B, 0xEA, 0x94, 0x9C, 0xEB, 0xE2, 0x02, 0xEA, 0xA0, 0x8B,
    0x42, 0xD8, 0x0D, 0x77, 0x85, 0xCC, 0x75, 0x0A, 0x36, 0xF9, 0x66, 0xFC, 0x01, 0x0D, 0x28, 0x4B,
    0xC3, 0x58, 0x11, 0xDF, 0xC6, 0xA5, 0x7E, 0x05, 0x27, 0xA4, 0x95, 0x66, 0xD0, 0x08, 0xFF, 0x5F,
    0x26, 0x00, 0x1A, 0xB4, 0x47, 0x67, 0xCB, 0x84, 0xDC, 0xA2, 0xB1, 0x32, 0x01, 0x09, 0xA5, 0x3D,
    0xD2, 0xC8, 0x2C, 0xE6, 0xC6, 0x34, 0xD2, 0x75, 0xC1, 0x36, 0x81, 0x19, 0x60, 0x6E, 0xB9, 0xE6,
    0x56, 0x87, 0x19, 0x36, 0xB9, 0x9F, 0x97, 0xFC, 0x73, 0x03, 0xBF, 0x6D, 0x33, 0x4B, 0xDA, 0x15,
    0xAB, 0x7B, 0x0B, 0x2D, 0xEA, 0xED, 0x06, 0x85, 0x01, 0x85, 0xD3, 0xF6, 0x93, 0x56, 0x90, 0x54,
    0x90, 0x52, 0x90, 0x50, 0x90, 0x4E, 0x90, 0x4C, 0x90, 0x4A, 0x50, 0x6D, 0x2A, 0xAE, 0xD3, 0xBA,
    0xA7, 0xC4, 0xEC, 0x44, 0x8A, 0x50, 0xA9, 0xB3, 0x13, 0x71, 0x56, 0x4C, 0x26, 0xB9, 0x70, 0xBE,
    0x4F, 0xAD, 0x09, 0xAE, 0xC1, 0x24, 0x4E, 0x0D, 0xD1, 0x10, 0xF2, 0x00, 0xB9, 0xB3, 0xC9, 0xD5,
    0x57, 0x94, 0xB1, 0xE4, 0x92, 0xD5, 0xEA, 0x4F, 0x69, 0x74, 0x5B, 0xDE, 0x37, 0xAD, 0x4F, 0x1F,
    0x18, 0x0D, 0x1A, 0x5D, 0x11, 0xD4, 0x98, 0xD8, 0x1B, 0xB4, 0xC4, 0x83, 0x5E, 0x2B, 0x6C, 0x27,
    0x37, 0x45, 0x01, 0x8C, 0x58, 0x73, 0x86, 0x59, 0xFE, 0x10, 0x86, 0xB7, 0x21, 0x2B, 0x32, 0x23,
    0xA8, 0xF3, 0x58, 0x1C, 0x42, 0xBD, 0x8F, 0x39, 0x4E, 0xE3, 0xDB, 0x66, 0x05, 0x13, 0x4D, 0x87,
    0x01, 0x2B, 0xFA, 0x51, 0x1A, 0xAB, 0x25, 0xC8, 0x1C, 0x0F, 0x97, 0x63, 0xAA, 0x08, 0x8B, 0x23,
    0xA8, 0x5A, 0x3F, 0xD6, 0x69, 0x94, 0xFC, 0x5D, 0x09, 0xCF, 0x63, 0x1E, 0x8E, 0xAC, 0xC6, 0x7F,
    0x80, 0x77, 0x06, 0x74, 0xAE, 0xB3, 0x72, 0xA4, 0x80, 0xED, 0xAF, 0xEE, 0x59, 0x74, 0x0E, 0x64,
    0x35, 0xA3, 0xCA, 0xF7, 0xB0, 0xBF, 0xDD, 0xA7, 0x95, 0x2F, 0x2B, 0xB4, 0xC2, 0x28, 0x8E, 0x2A,
    0xE2, 0x83, 0xB8, 0xC3, 0x8A, 0x22, 0xD6, 0x66, 0xDE, 0xB2, 0x60, 0x09, 0xF3, 0x3A, 0xA6, 0xCC,
    0x6C, 0x9D, 0x37, 0x84, 0x1C, 0xBC, 0x05, 0x07, 0x90, 0xE5, 0x39, 0x67, 0x18, 0x53, 0x83, 0xC5,
    0x01, 0x8C, 0xCC, 0x6B, 0x54, 0xB1, 0x64, 0x5E, 0x83, 0x6A, 0x35, 0x21, 0xB4, 0x85, 0x51, 0x5C,
    0x9E, 0x67, 0x86, 0x54, 0x70, 0x86, 0x7A, 0xB5, 0x8D, 0x1D, 0xA8, 0x89, 0x0B, 0x49, 0x37, 0xD9,
    0x25, 0xEA, 0x9C, 0x83, 0x0C, 0xA9, 0xD0, 0x5D, 0xDC, 0x81, 0x1A, 0xDE, 0xE6, 0x8F, 0x30, 0x03,
    0x65, 0x28, 0x80, 0xBB, 0xFA, 0xFB, 0x9D, 0x8F, 0x3E, 0xCC, 0x62, 0x6A, 0xB5, 0x40, 0x21, 0xF5,
    0x92, 0x37, 0x3E, 0x58, 0x87, 0xB6, 0x0C, 0x29, 0x92, 0x22, 0x26, 0xCD, 0x44, 0x15, 0x53, 0x02,
    0x7A, 0xF4, 0xBF, 0x97, 0xCC, 0xE2, 0x2A, 0x2C, 0xE1, 0xDD, 0xF8, 0xED, 0x78, 0x16, 0x67, 0x68,
    0x69, 0x27, 0xE2, 0x79, 0xA2, 0x9A, 0xDE, 0x94, 0x34, 0x77, 0x4B, 0xC7, 0xDB, 0x21, 0x9D, 0x3E,
    0x90, 0x77, 0x7C, 0x3C, 0x92, 0x9A, 0xEB, 0xC7, 0x54, 0x3F, 0x88, 0xFE, 0x03, 0x25, 0x90, 0x31,
    0x4B, 0x2C, 0x31, 0x10, 0xC7, 0xFF, 0xFB, 0xB8, 0x93, 0x53, 0x2C, 0x22, 0x4C, 0xE4, 0x3C, 0x54,
    0x16, 0xB9, 0x3D, 0x72, 0x8B, 0x0F, 0x1B, 0x8B, 0x03, 0x4F, 0x98, 0x15, 0x6C, 0xAC, 0x46, 0x30,
    0xD6, 0xDB, 0xC6, 0xCA, 0x62, 0xC1, 0x6A, 0x31, 0xBE, 0x4F, 0x90, 0x6A, 0xEB, 0x7B, 0xA0, 0x60,
    0x61, 0xE1, 0x07, 0xB0, 0xB8, 0x8F, 0x60, 0x67, 0x7B, 0x8D, 0xBD, 0x1F, 0xC1, 0x84, 0x9B, 0x61,
    0x32, 0x61, 0x92, 0xFC, 0xFE, 0x93, 0x69, 0xE8, 0xB8, 0x9E, 0xDB, 0x73, 0x7F, 0xCB, 0xE4, 0xEE,
    0x02, 0xD0, 0x19, 0xFC, 0x48, 0x67, 0xC7, 0xFB, 0x44, 0xCE, 0x1C, 0x2E, 0x8F, 0x30, 0xE1, 0x4D,
    0x88, 0x38, 0xF7, 0x00, 0xCD, 0x30, 0x9D, 0x69, 0xAD, 0x0A, 0x2B, 0x91, 0xF7, 0x9A, 0x65, 0x15,
    0xF2, 0x94, 0x67, 0x83, 0xE3, 0x5C, 0xD5, 0xE0, 0x80, 0x8F, 0xED, 0x01, 0xD2, 0x41, 0x50, 0x6A,
    0x21, 0x22, 0x90, 0x05, 0x4C, 0x6F, 0x30, 0x87, 0xCA, 0xE7, 0x90, 0x15, 0x3A, 0x6B, 0x1C, 0x49,
    0x60, 0x0C, 0x0F, 0x68, 0xDC, 0x50, 0xBC, 0x60, 0xBF, 0xAA, 0xCA, 0x55, 0x6D, 0xD4, 0xAA, 0xD6,
    0x2B, 0xF1, 0xD9, 0x32, 0x03, 0x5A, 0xE0, 0xF1, 0xB3, 0xF4, 0x9A, 0x35, 0xFF, 0xF5, 0xBB, 0x9C,
    0xB2, 0x8D, 0x86, 0xD1, 0x33, 0x03, 0xF0, 0x19, 0xFF, 0xC1, 0x06, 0x36, 0xB1, 0x0D, 0x42, 0x1E,
    0x5D, 0x6A, 0xAE, 0x3A, 0x6B, 0xFF, 0x59, 0xB2, 0xB2, 0x10, 0x84, 0x48, 0x2E, 0x7D, 0xE9, 0x81,
    0x66, 0xD8, 0x84, 0x04, 0x90, 0x5A, 0x32, 0x4C, 0x22, 0x4F, 0x35, 0x14, 0x35, 0xD7, 0x64, 0xE7,
    0xE4, 0x5E, 0x65, 0x38, 0xF1, 0xA3, 0x04, 0xC5, 0x16, 0xF6, 0xFC, 0x84, 0xB7, 0xE2, 0x2E, 0xBD,
    0x48, 0x41, 0x6D, 0xFC, 0xB9, 0x5C, 0x5F, 0x3E, 0x5D, 0xF4, 0x45, 0xFA, 0x61, 0x83, 0xE8, 0xF2,
    0xFA, 0xFF, 0x15, 0x42, 0x80, 0x0A, 0xD2, 0x5A, 0x93, 0xB4, 0xEA, 0x1A, 0xA9, 0xB0, 0xC3, 0xA5,
    0xDF, 0x61, 0xAE, 0x05, 0x33, 0x22, 0x43, 0xB6, 0xB3, 0x08, 0x8A, 0xB3, 0xF2, 0x35, 0x8B, 0x6C,
    0xE9, 0x8F, 0x9E, 0xF5, 0xCD, 0xDA, 0x23, 0xFE, 0xE4, 0x7B, 0xA9, 0x76, 0xB9, 0xFF, 0x82, 0xE9,
    0xAD, 0x57, 0x60, 0xF4, 0xCA, 0x37, 0x60, 0x68, 0x88, 0x4E, 0xE3, 0x48, 0x44, 0xA8, 0x20, 0x3D,
    0xD5, 0xE2, 0xA5, 0x37, 0x75, 0x5A, 0xCD, 0x0A, 0x5D, 0xF8, 0x22, 0xF6, 0x3B, 0xCD, 0x29, 0x75,
    0x53, 0x8C, 0xA9, 0x18, 0xEA, 0x5F, 0x7D, 0x57, 0x6D, 0x6C, 0x5B, 0xD5, 0x19, 0x7E, 0xAE, 0xE3,
    0x8F, 0x26, 0xCE, 0x87, 0x99, 0x6C, 0x68, 0x92, 0xDA, 0x2E, 0x90, 0x50, 0x08, 0xF7, 0x26, 0x9D,
    0x68, 0xD9, 0x71, 0xB9, 0x6E, 0x0F, 0x5A, 0x51, 0xD9, 0x2A, 0xAD, 0x97, 0x2A, 0x17, 0xCA, 0x36,
    0x2A, 0x4F, 0x6A, 0x11, 0xE9, 0x5A, 0xC8, 0xC6, 0x71, 0x70, 0x4B, 0x6D, 0xEE, 0xBF, 0xFD, 0x60,
    0x42, 0x66, 0x42, 0xDA, 0x27, 0x22, 0x1B, 0xA1, 0x6A, 0x8B, 0xD0, 0x2E, 0xC5, 0x1D, 0xA5, 0x34,
    0xDD, 0x95, 0xF8, 0xB1, 0x1F, 0x9D, 0xC4, 0x91, 0x98, 0x56, 0x89, 0x0A, 0x7A, 0xA1, 0x45, 0x15,
    0x8C, 0x75, 0x5E, 0x1B, 0x68, 0x11, 0x13, 0xEC, 0x3D, 0xD7, 0x4E, 0xEB, 0x24, 0x0D, 0x3E, 0xC7,
    0x51, 0x7C, 0xEF, 0x73, 0xCE, 0x79, 0xCF, 0xFB, 0xF9, 0xBC, 0xBD, 0x88, 0xC1, 0xB6, 0xF2, 0xE3,
    0x7A, 0xC2, 0xE0, 0x86, 0xA5, 0x43, 0x4F, 0x56, 0x6A, 0x9B, 0xF1, 0xF0, 0x82, 0x67, 0xF6, 0x28,
    0x4E, 0x6D, 0xC1, 0x86, 0xF5, 0x88, 0x8D, 0x22, 0xF6, 0x02, 0x62, 0x1B, 0x78, 0x6C, 0x23, 0xCF,
    0x3E, 0x8F, 0x90, 0x17, 0x0D, 0xB0, 0x66, 0xC2, 0x44, 0x63, 0x54, 0x10, 0xA9, 0x1A, 0x42, 0x24,
    0x8A, 0x38, 0xCA, 0x05, 0x58, 0x32, 0x5B, 0x07, 0xAE, 0xE7, 0x45, 0x39, 0xCE, 0xCB, 0xC8, 0x4A,
    0xCD, 0x9F, 0xF4, 0xF7, 0x38, 0x80, 0x6D, 0x06, 0x9F, 0xB2, 0x7D, 0xFF, 0xEC, 0x7F, 0x29, 0xDE,
    0x83, 0x78, 0xCB, 0xE8, 0x41, 0x1A, 0x49, 0xA4, 0x6C, 0x74, 0x95, 0xD0, 0x29, 0xD0, 0x59, 0xE1,
    0x9D, 0x45, 0x7F, 0xA9, 0xA8, 0x0B, 0xE1, 0xD7, 0xFF, 0x4A, 0x3B, 0xC0, 0xB6, 0x61, 0x1A, 0xD0,
    0x75, 0x18, 0x65, 0x6E, 0xEC, 0x72, 0x75, 0x5D, 0xD0, 0x2C, 0x57, 0xFC, 0xF9, 0xA2, 0x6E, 0x54,
    0x33, 0xFB, 0xB4, 0x03, 0x5F, 0xE3, 0xB6, 0x6D, 0xAE, 0xD2, 0xAB, 0x86, 0x37, 0x2C, 0xF5, 0x3A,
    0x81, 0x8D, 0x28, 0xA0, 0x39, 0xB0, 0x53, 0x30, 0xD3, 0x6A, 0x33, 0x73, 0x17, 0xF2, 0xCF, 0x63,
    0x6D, 0x5A, 0xFD, 0x2C, 0xAF, 0xE3, 0x4B, 0x0A, 0x1D, 0x93, 0xB6, 0xBD, 0xF7, 0x56, 0x63, 0x65,
    0xA6, 0x10, 0x97, 0x31, 0x27, 0xC6, 0x33, 0x57, 0xCE, 0x9D, 0x37, 0x2B, 0xC7, 0x49, 0x15, 0x6A,
    0x2F, 0x8D, 0xC7, 0xBC, 0x0E, 0xD9, 0xE9, 0x2F, 0x75, 0x87, 0x6A, 0x2B, 0xCD, 0x5A, 0xE5, 0x8A,
    0x22, 0xE9, 0x3C, 0xBD, 0x56, 0x91, 0x36, 0xCF, 0xD7, 0x4C, 0x91, 0x9F, 0xA4, 0xBF, 0xCC, 0x64,
    0x24, 0xED, 0x3C, 0xE5, 0xA5, 0xEC, 0xAE, 0xD2, 0x12, 0xA6, 0x46, 0x92, 0x2D, 0x67, 0x47, 0xA7,
    0x65, 0x87, 0x13, 0x5A, 0x60, 0x0C, 0x7B, 0xF4, 0x91, 0x9A, 0xDF, 0x55, 0x74, 0x62, 0xAF, 0xA3,
    0xE7, 0x4D, 0x27, 0x3D, 0xE1, 0x99, 0x45, 0xFF, 0xF0, 0xE5, 0x23, 0x7D, 0xBC, 0xE8, 0x5B, 0xF5,
    0x88, 0x8C, 0x4A, 0xB8, 0x93, 0xF5, 0x3D, 0x12, 0x8B, 0xDE, 0x2C, 0x32, 0x80, 0x98, 0xBB, 0xE8,
    0xDB, 0xF9, 0x5A, 0x52, 0x32, 0x75, 0x32, 0x35, 0x96, 0x32, 0xC1, 0xEA, 0xD3, 0xB4, 0xAF, 0x66,
    0xAD, 0x8B, 0x7B, 0xB7, 0xC7, 0xBD, 0x15, 0x3F, 0xF2, 0x6E, 0x3E, 0xE7, 0xDD, 0x74, 0xD1, 0xBB,
    0xF1, 0x8C, 0x57, 0x3A, 0x29, 0xD5, 0x8E, 0x86, 0xDA, 0x25, 0xBF, 0x4B, 0x4D, 0xB3, 0xB1, 0x63,
    0x05, 0xD1, 0xAA, 0x51, 0x12, 0x69, 0x91, 0xA9, 0x65, 0x44, 0x9A, 0xE9, 0x99, 0x5A, 0xA0, 0x45,
    0x05, 0x98, 0xAB, 0x45, 0x42, 0x92, 0x7E, 0x94, 0xA6, 0xC4, 0xB0, 0x4F, 0xB6, 0xBD, 0xE2, 0x4C,
    0x02, 0x35, 0xCC, 0x3A, 0x93, 0x3D, 0xFA, 0xEB, 0x1F, 0x6F, 0x58, 0x1F, 0xE3, 0x8D, 0x91, 0x95,
    0x0B, 0x2D, 0xA4, 0x4D, 0x21, 0xFA, 0x19, 0xF2, 0x97, 0x3C, 0xF1, 0x81, 0xAC, 0x7D, 0x20, 0xC5,
    0x87, 0x32, 0xF3, 0x35, 0xD7, 0x66, 0xA0, 0x59, 0x74, 0xE5, 0xFC, 0x40, 0xA6, 0x10, 0xF3, 0x62,
    0x5E, 0xBB, 0x3F, 0x50, 0xAB, 0x4D, 0x2F, 0x66, 0x4C, 0xB4, 0x71, 0x84, 0x48, 0xC8, 0xBD, 0x79,
    0xA6, 0x9B, 0xFA, 0xF0, 0xB1, 0xC8, 0x4E, 0x25, 0x8D, 0x4D, 0x9A, 0x31, 0x4B, 0xBA, 0xC9, 0x5A,
    0x67, 0xE5, 0xF8, 0xF4, 0x62, 0xCF, 0x01, 0x72, 0xB0, 0x90, 0xCD, 0x4F, 0xF3, 0x8D, 0x88, 0x4F,
    0xC5, 0xF5, 0x78, 0x3A, 0x9E, 0xCE, 0xD6, 0xEC, 0x88, 0x65, 0x86, 0xA4, 0x1E, 0xF2, 0x86, 0x7F,
    0xE5, 0xE9, 0x87, 0x3C, 0x7D, 0xC2, 0xD3, 0xFF, 0xE2, 0x55, 0x4E, 0xFA, 0x24, 0x0A, 0x1D, 0x32,
    0x5C, 0xD5, 0xDD, 0x86, 0xAB, 0x04, 0xE6, 0x74, 0x23, 0xB5, 0x08, 0xDD, 0xBD, 0xD0, 0x30, 0x67,
    0x94, 0x9B, 0x45, 0x57, 0xAF, 0x0B, 0xC3, 0x67, 0xC3, 0xBE, 0xA9, 0xD7, 0x99, 0xEE, 0x8A, 0xF2,
    0xB0, 0x54, 0x77, 0xB6, 0x7B, 0x76, 0x65, 0xF4, 0x6E, 0x3D, 0xF6, 0xBF, 0xD8, 0xCE, 0x1E, 0x3D,
    0x5F, 0xE9, 0xE3, 0x13, 0x5E, 0x54, 0xEE, 0x91, 0x87, 0x64, 0xC5, 0xA7, 0xD7, 0x88, 0x4E, 0x8E,
    0x54, 0xB7, 0xF3, 0x03, 0xD2, 0xAD, 0xBB, 0xAE, 0xA8, 0xAB, 0x25, 0x3B, 0x38, 0xF3, 0x73, 0x32,
    0x2F, 0x99, 0x5B, 0x91, 0x3B, 0x1C, 0xE6, 0x30, 0xCE, 0xC0, 0x50, 0xC6, 0xD0, 0x54, 0x4A, 0xA6,
    0xE4, 0xA0, 0xFC, 0xB6, 0x3C, 0x3A, 0x23, 0x07, 0x9C, 0x24, 0x89, 0x21, 0x0F, 0xFB, 0x87, 0x2D,
    0x81, 0x61, 0x0F, 0xD8, 0xBE, 0xCF, 0x19, 0xFC, 0x27, 0xBA, 0x3E, 0x45, 0xE6, 0x3C, 0xF2, 0xA7,
    0xF8, 0xE7, 0x17, 0xBD, 0x21, 0xFE, 0x22, 0xE9, 0xFD, 0x06, 0xBE, 0xD9, 0x7B, 0x92, 0x03, 0x63,
    0xFB, 0x99, 0x9B, 0xAB, 0xAF, 0x75, 0x99, 0x5B, 0xBE, 0xBC, 0xB4, 0xDA, 0xE1, 0xB4, 0xFE, 0x1E,
    0x9B, 0x62, 0x72, 0x0D, 0x5F, 0xE7, 0xE5, 0x64, 0xB9, 0x36, 0x34, 0xD5, 0xEB, 0x27, 0x65, 0x52,
    0x0A, 0x79, 0x61, 0x06, 0x78, 0xA4, 0x83, 0xE7, 0xB3, 0x18, 0xB9, 0x1D, 0x2B, 0x7E, 0x8F, 0x9B,
    0x4F, 0xA0, 0xF8, 0x02, 0x27, 0xAC, 0x9B, 0x73, 0xF3, 0x75, 0xB5, 0xAE, 0x8F, 0x0B, 0x3F, 0x90,
    0xDB, 0x0F, 0xE4, 0xA6, 0x37, 0x8D, 0x51, 0x9E, 0xD9, 0x57, 0xCD, 0xBB, 0xE4, 0x92, 0x34, 0xD6,
    0xFA, 0x4A, 0xFA, 0x31, 0x90, 0xB4, 0x9E, 0xCB, 0x5D, 0x08, 0x3E, 0x4C, 0x49, 0x62, 0x47, 0xF5,
    0x99, 0xC2, 0x0F, 0x12, 0xDD, 0xE8, 0x46, 0x96, 0xEF, 0x9F, 0x2A, 0x15, 0xF4, 0x6A, 0xDA, 0xE9,
    0xE1, 0x31, 0x32, 0x8B, 0x01, 0x0A, 0x01, 0x4F, 0x05, 0x6D, 0xFF, 0x59, 0x4C, 0xBC, 0x8F, 0x43,
    0x27, 0xD4, 0x9C, 0x78, 0x1B, 0xD9, 0x7F, 0xAB, 0x87, 0x34, 0xA3, 0x55, 0x8C, 0x4D, 0x19, 0xD5,
    0x1E, 0x27, 0xEE, 0x0C, 0xCA, 0xC3, 0x33, 0x63, 0x57, 0x8E, 0xAD, 0x5C, 0xC6, 0x32, 0x2C, 0x39,
    0x30, 0x55, 0xAA, 0xB3, 0xFA, 0x70, 0x1D, 0x75, 0x6D, 0x66, 0x6C, 0x5F, 0x95, 0x5D, 0xF4, 0xD8,
    0x87, 0xCD, 0x59, 0xF9, 0x52, 0x2E, 0x7C, 0x02, 0x8C, 0x03, 0xCB, 0x77, 0xF0, 0x67, 0xB0, 0xC9,
    0xEA, 0x16, 0xDD, 0x6C, 0xA4, 0x36, 0xD6, 0xE7, 0xB0, 0x38, 0xF2, 0x1B, 0x90, 0x3B, 0x07, 0x76,
    0x0E, 0x95, 0xD3, 0xCE, 0x18, 0x5D, 0x21, 0xCF, 0x73, 0x3E, 0xF3, 0x2B, 0x72, 0x08, 0x2F, 0x3A,
    0x21, 0xAF, 0xDF, 0x6B, 0xAA, 0x75, 0x0C, 0xB9, 0x93, 0x7C, 0xCD, 0x5B, 0xCE, 0xBA, 0xB7, 0x9C,
    0xDC, 0x5B, 0xBC, 0x7C, 0x50, 0xD9, 0xB4, 0x6F, 0xB2, 0x28, 0x8B, 0x72, 0x44, 0xE6, 0xE4, 0xE7,
    0x7E, 0x1A, 0x11, 0xCC, 0xB5, 0xD4, 0xA0, 0x93, 0xE2, 0x73, 0x9F, 0x94, 0x50, 0xE1, 0x39, 0xBE,
    0xB6, 0xDE, 0xD4, 0x9E, 0x0B, 0x57, 0xA3, 0x9C, 0x18, 0xE3, 0xED, 0x68, 0xB5, 0x7F, 0xA0, 0x41,
    0xBC, 0xD1, 0xD4, 0x60, 0x1F, 0xFE, 0xC4, 0x77, 0x93, 0xF6, 0x36, 0x3B, 0x4A, 0x0C, 0x0A, 0xC1,
    0x6D, 0x8C, 0x3E, 0x65, 0xBC, 0x62, 0x37, 0xFF, 0xE9, 0x8E, 0xF4, 0x76, 0x07, 0x9F, 0x74, 0x72,
    0x68, 0x0A, 0xBD, 0x12, 0xA9, 0x8F, 0x90, 0x3A, 0xC7, 0x8B, 0x27, 0xF9, 0x85, 0xAF, 0x95, 0x90,
    0x63, 0x53, 0x60, 0x2E, 0x72, 0x9F, 0x21, 0x77, 0xC9, 0x61, 0x87, 0xBC, 0xF2, 0x97, 0xBC, 0x84,
    0xE3, 0x4A, 0x0C, 0xBF, 0x29, 0x46, 0x2D, 0xE4, 0x85, 0xD0, 0xEA, 0x1A, 0x19, 0x8A, 0xBC, 0x39,
    0x6E, 0x44, 0x39, 0x70, 0xA1, 0xF1, 0x5A, 0xEC, 0x31, 0x13, 0xE3, 0x21, 0x6C, 0x1B, 0xB5, 0xF6,
    0x96, 0x84, 0x61, 0xAE, 0xCA, 0x18, 0x2B, 0x7B, 0xF2, 0x85, 0xF8, 0xA3, 0xD5, 0xD8, 0x09, 0xA7,
    0xED, 0x17, 0xD8, 0xF6, 0x2C, 0x2F, 0xFD, 0xD1, 0x5B, 0x36, 0xEE, 0x74, 0x15, 0x79, 0xF7, 0x51,
    0xC4, 0x0D, 0xA4, 0x78, 0x96, 0xFF, 0x67, 0x72, 0x53, 0xA2, 0xE7, 0x48, 0xB7, 0xD1, 0x6D, 0x8C,
    0xD4, 0x8E, 0x04, 0xD7, 0xDE, 0x8D, 0x1C, 0xF2, 0x24, 0xD3, 0x71, 0x69, 0x47, 0xAB, 0xA6, 0x41,
    0x29, 0x28, 0x61, 0x1C, 0x86, 0xF1, 0x05, 0xD7, 0x05, 0xF4, 0x52, 0xB2, 0xAC, 0x52, 0x0F, 0xC6,
    0x86, 0xC0, 0x5E, 0xE3, 0xB9, 0x8F, 0x40, 0x93, 0xF9, 0x7C, 0x3A, 0xD0, 0x89, 0xC6, 0xD1, 0x26,
    0x11, 0xF1, 0xD1, 0xEE, 0x22, 0x5B, 0xC3, 0x8A, 0xBD, 0xB8, 0xE3, 0x21, 0xBC, 0xFE, 0x18, 0x8F,
    0xF2, 0xB8, 0xD3, 0xE7, 0x8D, 0xF8, 0x43, 0xEE, 0x27, 0x47, 0x6C, 0x02, 0x99, 0x84, 0xD2, 0x09,
    0x66, 0x3C, 0x54, 0x87, 0xF1, 0x58, 0x0D, 0xFA, 0x8A, 0x12, 0xF4, 0x3B, 0x76, 0xA2, 0xFC, 0xFA,
    0x53, 0x18, 0xEB, 0x05, 0x1B, 0x46, 0xEE, 0xA7, 0xC8, 0x7D, 0xED, 0xB0, 0x83, 0xDE, 0xD1, 0x4F,
    0x7C, 0xAA, 0x7C, 0xDD, 0xF7, 0x23, 0x76, 0x2F, 0x42, 0x67, 0xD1, 0x7D, 0x1E, 0xFA, 0x39, 0xCE,
    0xCE, 0x38, 0xFF, 0xFD, 0x4C, 0xF6, 0xED, 0x47, 0x66, 0x1B, 0x62, 0x93, 0x18, 0xF9, 0x14, 0x77,
    0xBE, 0x87, 0x4B, 0xA7, 0xB8, 0x4D, 0x50, 0x33, 0x73, 0x3F, 0x74, 0x02, 0x1B, 0x0F, 0x9C, 0x85,
    0xF1, 0x28, 0xC1, 0xF5, 0x93, 0x5C, 0x67, 0xEF, 0x38, 0x65, 0x5A, 0x31, 0xB6, 0x63, 0x92, 0xE5,
    0x0A, 0xB9, 0xAD, 0x4E, 0xEE, 0x4B, 0x97, 0x9D, 0x5B, 0x75, 0xF4, 0xF4, 0xAE, 0x94, 0x97, 0xA5,
    0xDC, 0x52, 0xA0, 0x52, 0x71, 0x3D, 0x95, 0x0A, 0xB8, 0x7D, 0x72, 0xDC, 0x5A, 0x53, 0x47, 0xE2,
    0x16, 0x67, 0x84, 0x3F, 0xEE, 0xDD, 0xE0, 0xDC, 0xA0, 0x3C, 0x8F, 0x4F, 0xF2, 0x27, 0x3D, 0x95,
    0xA8, 0xAD, 0xD2, 0x05, 0xC9, 0x2E, 0x78, 0x34, 0xF5, 0x8B, 0x4E, 0xF4, 0x0B, 0xA0, 0x0E, 0x95,
    0x4C, 0xB9, 0xC6, 0xB7, 0x8F, 0xAE, 0xDE, 0xB2, 0xFA, 0xDE, 0xD5, 0xF7, 0xE6, 0xB6, 0x64, 0x7D,
    0xF5, 0x1B, 0x5C, 0x25, 0x7A, 0x96, 0xDE, 0xBD, 0x75, 0xF7, 0x57, 0xB3, 0x89, 0x5E, 0x05, 0x6F,
    0xD1, 0x9D, 0xA8, 0x37, 0x92, 0x8E, 0x1D, 0x29, 0x0D, 0x99, 0x2B, 0xD3, 0x85, 0x2E, 0x8A, 0xAB,
    0x98, 0xD3, 0xC6, 0x0F, 0x0C, 0x94, 0xB6, 0x99, 0x8E, 0xB2, 0x6B, 0x1C, 0x69, 0x2F, 0x62, 0xCD,
    0x7F, 0xFF, 0x1D, 0xDE, 0xEB, 0xB4, 0x62, 0x28, 0x28, 0x61, 0x08, 0x72, 0x65, 0xE3, 0xA5, 0xAA,
    0x30, 0xEA, 0x9E, 0x48, 0x17, 0xB9, 0x30, 0xD6, 0x80, 0x99, 0x19, 0x64, 0x26, 0xBB, 0xC8, 0x1A,
    0x9D, 0xF4, 0xDD, 0x46, 0x5F, 0x0B, 0x7D, 0x3F, 0x7C, 0x50, 0xFC, 0xAB, 0x53, 0x5C, 0xDA, 0x32,
    0xFE, 0xDA, 0x59, 0xF1, 0x01, 0xE5, 0x0E, 0x4A, 0x84, 0x12, 0x51, 0x87, 0x22, 0x45, 0x25, 0x44,
    0x89, 0xF4, 0x2B, 0x60, 0xDD, 0x10, 0xF1, 0x60, 0xF6, 0xA8, 0x52, 0x95, 0xBD, 0xAC, 0x6A, 0x38,
    0xD0, 0xEF, 0x14, 0x5D, 0x21, 0xC6, 0x85, 0x70, 0x47, 0xA4, 0xA6, 0xD0, 0x14, 0x0F, 0x78, 0x10,
    0x44, 0x48, 0xA2, 0x77, 0x57, 0x8D, 0x77, 0x85, 0xB8, 0xC7, 0x24, 0xAF, 0x10, 0x4A, 0x14, 0x9D,
    0x0D, 0xB0, 0xEC, 0xBB, 0x2A, 0xC7, 0x52, 0x79, 0x69, 0x3B, 0x06, 0x14, 0x00, 0x4E, 0x67, 0xF3,
    0x89, 0xDF, 0xCA, 0x71, 0xD0, 0xF4, 0xC5, 0x7D, 0x72, 0xF8, 0x65, 0xB5, 0x2B, 0x46, 0xA1, 0x6D,
    0x5F, 0xD4, 0x51, 0x23, 0xA3, 0x6A, 0x2E, 0x74, 0xD7, 0x48, 0x35, 0x2D, 0x58, 0x52, 0x40, 0x0D,
    0x53, 0x51, 0x28, 0x22, 0x51, 0xDA, 0xA8, 0x8A, 0xD2, 0x71, 0x95, 0xE7, 0x30, 0x1C, 0xD4, 0x41,
    0xA5, 0xFC, 0x76, 0x2F, 0xE6, 0x44, 0xAD, 0x5D, 0xE8, 0xE7, 0xCB, 0x95, 0x38, 0x1F, 0x63, 0x17,
    0x9E, 0x05, 0xAA, 0x16, 0x0A, 0x56, 0x12, 0x77, 0x91, 0x2D, 0xD1, 0x4E, 0xDF, 0x14, 0x47, 0x07,
    0x7A, 0x11, 0xE6, 0xD7, 0x05, 0x17, 0x4B, 0x92, 0x25, 0x6D, 0x44, 0xAC, 0xE0, 0x07, 0xC2, 0xE8,
    0xE0, 0x7D, 0x08, 0x34, 0x74, 0x3D, 0x6F, 0x3C, 0x52, 0x1C, 0x89, 0xD6, 0xB5, 0x85, 0xFB, 0x10,
    0xE2, 0xC9, 0xD9, 0x35, 0x94, 0x02, 0x43, 0xD5, 0xD9, 0x35, 0x21, 0xBE, 0x0C, 0x91, 0x68, 0x7B,
    0x63, 0xFF, 0x30, 0x2D, 0x5F, 0xFE, 0x4D, 0xF4, 0x82, 0xE0, 0x68, 0xA3, 0x4D, 0x31, 0xBF, 0x3E,
    0x60, 0x09, 0xED, 0x9C, 0xA0, 0x3A, 0xCB, 0x89, 0xD4, 0x21, 0x60, 0x4C, 0xA2, 0xE2, 0x0F, 0xCC,
    0x0D, 0xCE, 0x80, 0x1F, 0x18, 0x8A, 0x1F, 0x38, 0x8A, 0x1F, 0x3C, 0xDC, 0xAC, 0x00, 0x39, 0x77,
    0x9D, 0xCF, 0xAC, 0x12, 0x6C, 0x32, 0x80, 0x3D, 0x99, 0xA7, 0x1D, 0x66, 0x47, 0x05, 0x70, 0x28,
    0xBF, 0xA1, 0x31, 0xA6, 0x9B, 0xD4, 0xD6, 0x44, 0x99, 0x37, 0xDE, 0xD2, 0x3B, 0x8F, 0x11, 0x39,
    0xBD, 0xFA, 0x8E, 0x8A, 0xB0, 0xAF, 0x33, 0x5D, 0xAF, 0x18, 0x61, 0x3D, 0x2D, 0xA2, 0x55, 0x95,
    0x1D, 0x73, 0x58, 0x4B, 0x95, 0x72, 0xDA, 0x0D, 0xBB, 0x69, 0x3F, 0xC2, 0xAD, 0xD1, 0xE4, 0x6F,
    0xC4, 0x73, 0xED, 0x45, 0x1E, 0x9A, 0x40, 0xFC, 0x4D, 0x9E, 0x9E, 0x90, 0xA6, 0xF0, 0x0F, 0x1F,
    0x29, 0x81, 0xD4, 0x42, 0xB7, 0x40, 0xF8, 0x27, 0x2F, 0x55, 0xB7, 0x7C, 0x68, 0x45, 0x3E, 0x56,
    0x65, 0xD2, 0x3C, 0xC7, 0x0F, 0x7F, 0x4E, 0xBE, 0xBF, 0x92, 0xF2, 0x7F, 0xA0, 0xD7, 0xD9, 0xD0,
    0x4B, 0xB8, 0x93, 0xEE, 0x1E, 0x19, 0x23, 0x0A, 0x1E, 0xC1, 0x50, 0x33, 0xF0, 0x28, 0xDD, 0x3B,
    0xED, 0x64, 0xA0, 0x30, 0xEC, 0xA4, 0x79, 0x1B, 0xB1, 0x30, 0x3E, 0xD2, 0x64, 0x61, 0x64, 0x88,
    0x10, 0x65, 0xA0, 0x6D, 0xEC, 0xB9, 0x46, 0xA2, 0x9C, 0xAE, 0x61, 0x29, 0x9D, 0x15, 0xB6, 0x23,
    0xE6, 0xA0, 0x61, 0x0D, 0x3B, 0x23, 0x72, 0xB8, 0xA6, 0xB3, 0x72, 0x66, 0x6C, 0x20, 0xF7, 0xDC,
    0x5D, 0x7C, 0x9D, 0xCC, 0xD5, 0xA7, 0x4B, 0x76, 0xB2, 0x7C, 0x5B, 0xB9, 0x65, 0x8F, 0x23, 0x74,
    0x5F, 0x36, 0xBB, 0x83, 0x3F, 0x5D, 0xB3, 0xEF, 0xC1, 0xA9, 0xEF, 0xF3, 0x8D, 0x49, 0xC4, 0x0B,
    0x88, 0xD7, 0x10, 0x37, 0x11, 0xA7, 0x20, 0x78, 0x9A, 0x1F, 0xFC, 0x1E, 0x4E, 0x0C, 0x62, 0xA3,
    0xD5, 0x7C, 0x98, 0xDD, 0x8A, 0x06, 0xB3, 0xD3, 0xD3, 0x30, 0x76, 0xA9, 0x49, 0xFF, 0xD0, 0x2C,
    0x3F, 0x15, 0x18, 0x53, 0x53, 0x9E, 0x42, 0x86, 0x14, 0xB9, 0x5A, 0xBE, 0xC6, 0xC4, 0xF4, 0x65,
    0x0A, 0xC2, 0x4E, 0x12, 0x2C, 0x65, 0x99, 0x46, 0x41, 0x4F, 0x27, 0xE6, 0x2C, 0xA9, 0xF0, 0xB1,
    0x83, 0x9C, 0x15, 0x79, 0xAE, 0x86, 0x7C, 0x0D, 0x4C, 0x80, 0xE0, 0x0D, 0x32, 0xD8, 0x00, 0xE8,
    0x99, 0x19, 0x3D, 0xAD, 0xEB, 0xE9, 0x74, 0xA5, 0x92, 0x46, 0x38, 0x8D, 0x74, 0x89, 0x82, 0x7E,
    0x47, 0x50, 0x44, 0x18, 0xE1, 0xDF, 0x74, 0xD8, 0xAB, 0x72, 0xFA, 0x0B, 0x89, 0xEB, 0x24, 0x26,
    0x3C, 0xA4, 0x28, 0x3C, 0x90, 0x4E, 0x80, 0x4D, 0xA3, 0x78, 0x0A, 0x54, 0x74, 0x68, 0x9A, 0xE7,
    0xD1, 0x3F, 0xCD, 0x49, 0xA7, 0x1D, 0x7C, 0x95, 0xF5, 0xF8, 0x91, 0x27, 0x4A, 0x4F, 0x1C, 0xC9,
    0xCE, 0x20, 0x39, 0x27, 0x8E, 0xC2, 0xD9, 0x19, 0xCD, 0xD1, 0x3C, 0x0D, 0x57, 0xE2, 0x88, 0xAA,
    0x5D, 0x94, 0x2C, 0x41, 0x7A, 0x1F, 0x3D, 0xB5, 0xA5, 0x85, 0x5F, 0x56, 0x51, 0xA5, 0x5C, 0x42,
    0x4C, 0xE2, 0xED, 0x02, 0x95, 0x0C, 0x6A, 0x4B, 0xB2, 0x9C, 0x56, 0xAA, 0x16, 0x66, 0x74, 0xEF,
    0xAD, 0xFA, 0xCA, 0x8C, 0x15, 0x77, 0x14, 0xAE, 0x5F, 0x12, 0x21, 0x28, 0x98, 0xD5, 0x65, 0x4E,
    0xB7, 0x13, 0xA7, 0x44, 0x15, 0xE7, 0x29, 0x7E, 0x15, 0xD1, 0xEF, 0xCF, 0x45, 0xF4, 0xF0, 0xAC,
    0x15, 0x20, 0xE6, 0xD1, 0xD1, 0xA6, 0x8D, 0xA7, 0xF4, 0x80, 0x76, 0xA4, 0xE4, 0x1B, 0x33, 0x4D,
    0x1B, 0xDB, 0xD6, 0xE9, 0x9F, 0xCB, 0x4D, 0xDF, 0xF2, 0x7A, 0x42, 0x57, 0x67, 0xF6, 0x65, 0xBF,
    0x41, 0x2A, 0x80, 0xC4, 0x8E, 0xDF, 0xF1, 0xF7, 0x4E, 0xE0, 0xA1, 0x8D, 0x48, 0xC7, 0xD5, 0x1C,
    0xF9, 0x33, 0x59, 0x85, 0x02, 0x9E, 0x26, 0x0F, 0x48, 0x2C, 0x75, 0x58, 0x44, 0x62, 0xF7, 0x06,
    0x2D, 0x46, 0x2C, 0x38, 0x63, 0x7F, 0xA9, 0xC6, 0xDC, 0xB5, 0x75, 0xE2, 0x00, 0xCA, 0x5C, 0xC1,
    0x19, 0x8A, 0xEC, 0xE6, 0x77, 0x0E, 0x1F, 0x8B, 0xEE, 0xD4, 0x76, 0xA2, 0xA2, 0x08, 0x4E, 0xAE,
    0x3E, 0x52, 0x0F, 0x11, 0xC1, 0x69, 0x52, 0xD3, 0xB3, 0x86, 0xA9, 0xD3, 0xA7, 0x52, 0x51, 0x25,
    0x73, 0x4D, 0x35, 0xDF, 0x64, 0x12, 0xD3, 0x35, 0x8D, 0x2A, 0xD2, 0x56, 0x6C, 0x8A, 0xF3, 0xF7,
    0x1F, 0xE0, 0x8F, 0x1D, 0xA4, 0x4E, 0x0E, 0xF1, 0xBB, 0x11, 0xFA, 0x4A, 0x65, 0x87, 0xD0, 0xE4,
    0x46, 0x76, 0x7E, 0x6F, 0x66, 0xB4, 0x3B, 0x1C, 0x9B, 0x09, 0x52, 0x73, 0x00, 0xC4, 0x7C, 0xA0,
    0x08, 0xE2, 0x23, 0x31, 0x17, 0x2E, 0xE1, 0x90, 0xFC, 0x79, 0x3D, 0x38, 0x54, 0xFB, 0xA5, 0x22,
    0xF6, 0x8B, 0xF5, 0x3E, 0xD1, 0x01, 0x5A, 0x7A, 0x0D, 0x76, 0x3A, 0x1B, 0x45, 0x8D, 0x88, 0x2E,
    0x37, 0x23, 0xBA, 0x11, 0x45, 0x94, 0x51, 0xC4, 0x34, 0x0B, 0x8B, 0xB4, 0x1B, 0xE1, 0x0B, 0x7A,
    0x9C, 0x08, 0xBA, 0x10, 0x9E, 0xC3, 0x52, 0x07, 0x48, 0xC2, 0xC4, 0xB5, 0xE3, 0x80, 0x3C, 0x55,
    0x6F, 0x78, 0x6A, 0x23, 0x0E, 0x44, 0x10, 0x07, 0xE4, 0x69, 0x9D, 0x6E, 0xD4, 0xF9, 0xA6, 0xD0,
    0x09, 0xF2, 0x60, 0x2B, 0xD7, 0x25, 0x7B, 0x0F, 0xD0, 0x29, 0x73, 0x6D, 0x56, 0x6E, 0x68, 0xA2,
    0xD5, 0x66, 0x21, 0x87, 0x56, 0x53, 0x39, 0xB5, 0xD6, 0xAA, 0x3E, 0xCC, 0x59, 0xF1, 0x80, 0x73,
    0xF3, 0x8B, 0xCE, 0x4D, 0x67, 0x9C, 0x1B, 0xDF, 0x71, 0x4A, 0x7F, 0x93, 0x41, 0x15, 0xA2, 0xF4,
    0xCC, 0x17, 0x12, 0x6B, 0x55, 0xE0, 0x54, 0xCC, 0x62, 0x56, 0xAF, 0xED, 0x85, 0x68, 0x55, 0xE3,
    0x6D, 0x5E, 0xA4, 0xA5, 0x6B, 0x1D, 0xF4, 0xFA, 0x88, 0x3B, 0xAE, 0x96, 0xAA, 0x83, 0x78, 0x35,
    0xE8, 0x20, 0xDA, 0xAB, 0x11, 0x6B, 0x3E, 0xAA, 0x37, 0x60, 0x98, 0xAD, 0x28, 0xCD, 0xB6, 0xB4,
    0x2F, 0x0A, 0x21, 0x91, 0x88, 0xEE, 0xE6, 0x4B, 0x76, 0xF3, 0xBE, 0x1A, 0x56, 0x8A, 0xE5, 0xB5,
    0xE3, 0x6E, 0xDF, 0x18, 0x56, 0x9F, 0xE1, 0xD1, 0x73, 0xCE, 0x9E, 0x8F, 0xF8, 0xAB, 0x3E, 0xAF,
    0x04, 0xBC, 0x49, 0xF1, 0xBA, 0xF9, 0xAD, 0x6D, 0xE3, 0x60, 0x45, 0x6B, 0x8B, 0x16, 0x85, 0xA4,
    0xA7, 0xD2, 0xE5, 0xE0, 0x0C, 0x79, 0x9B, 0xB9, 0xE7, 0x98, 0x30, 0xD9, 0xAA, 0x8C, 0xAF, 0x18,
    0xC5, 0x66, 0x4F, 0x93, 0x47, 0xE5, 0xCF, 0xE4, 0x08, 0x85, 0xE1, 0x32, 0x2F, 0xCC, 0x17, 0x62,
    0x6E, 0xE1, 0x4A, 0xB4, 0x56, 0x9C, 0xF6, 0x77, 0x60, 0xFD, 0xA2, 0xEE, 0xD3, 0xB6, 0x0A, 0x5A,
    0xE2, 0x1A, 0xEE, 0xD3, 0xEB, 0x24, 0xF9, 0xC2, 0xB6, 0xFA, 0x4E, 0xAA, 0x9D, 0x73, 0xDB, 0x9E,
    0x94, 0xB5, 0x46, 0x5E, 0xC7, 0xA3, 0xC4, 0x2A, 0x1A, 0x49, 0x9D, 0x12, 0x86, 0xB3, 0xC3, 0xFB,
    0x2E, 0xF9, 0x50, 0x8C, 0x64, 0xB8, 0x4F, 0xEE, 0xF3, 0x52, 0x2A, 0x4D, 0x46, 0x27, 0x17, 0x6F,
    0xC9, 0xF9, 0xDC, 0x62, 0x18, 0x1D, 0x47, 0x24, 0xB1, 0x28, 0xBA, 0x53, 0x86, 0x79, 0x2B, 0xBA,
    0xBD, 0x10, 0xB1, 0x1A, 0xDC, 0x4B, 0x64, 0xC4, 0x95, 0x26, 0xBB, 0x61, 0x20, 0xE1, 0x8B, 0xFA,
    0x78, 0xB3, 0x79, 0x6A, 0x60, 0x8A, 0x5B, 0x77, 0x3F, 0x3A, 0x87, 0x9F, 0xD5, 0x77, 0xD7, 0x1B,
    0xEF, 0xAF, 0xEE, 0xD3, 0x8A, 0x99, 0xDD, 0xE7, 0x2A, 0xAE, 0xF1, 0x64, 0x7E, 0x7F, 0x7A, 0x87,
    0xD2, 0xCB, 0x9C, 0xBE, 0x45, 0xE3, 0x1D, 0xD5, 0x85, 0x0D, 0xBA, 0x6A, 0x55, 0x0E, 0x4C, 0x8A,
    0x2A, 0xF3, 0x1A, 0xAC, 0xAE, 0x1D, 0x3B, 0x29, 0xC7, 0x76, 0x55, 0xC3, 0xD6, 0x42, 0xAC, 0x6A,
    0x63, 0x16, 0x62, 0x63, 0xE3, 0x4B, 0x9C, 0x85, 0xD8, 0x2E, 0x79, 0x2D, 0xAC, 0xBA, 0xD3, 0xFC,
    0x4E, 0xBE, 0x97, 0xBC, 0xA6, 0xB5, 0x83, 0x9B, 0x2D, 0xFC, 0xB3, 0x94, 0x41, 0xE5, 0x48, 0xAD,
    0x41, 0x0D, 0x9A, 0xB4, 0xA1, 0x43, 0x11, 0x21, 0x68, 0x7F, 0x80, 0xB6, 0x1E, 0x8B, 0x75, 0xF0,
    0xA1, 0x6D, 0xD0, 0x92, 0x58, 0xD8, 0xD7, 0xCD, 0xA7, 0x1C, 0x21, 0xC4, 0x81, 0x39, 0xC4, 0x23,
    0x44, 0x2D, 0x2A, 0x70, 0x8D, 0x72, 0x90, 0x6E, 0x2D, 0x07, 0x87, 0x67, 0x28, 0x51, 0x8B, 0x59,
    0x5C, 0xBF, 0xEC, 0xFF, 0x47, 0x03, 0xA7, 0x10, 0x59, 0xD9, 0x5F, 0x55, 0x88, 0xFF, 0x03, 0x7D,
    0x94, 0x31, 0x8E, 0xD3, 0x40, 0x14, 0x86, 0xFF, 0x71, 0xE2, 0x09, 0x49, 0x90, 0x92, 0xC2, 0x59,
    0x25, 0xBB, 0xD8, 0xA1, 0x00, 0x09, 0x81, 0xB3, 0x6C, 0x83, 0x34, 0x45, 0x56, 0x7A, 0x47, 0x70,
    0x91, 0x50, 0x6D, 0xE1, 0x62, 0x97, 0x0A, 0xA4, 0x2D, 0x8C, 0x04, 0x08, 0x45, 0xD3, 0xD0, 0x5B,
    0x9C, 0x20, 0x1D, 0xA2, 0x0B, 0x52, 0x44, 0x87, 0x94, 0x23, 0xF8, 0x08, 0x29, 0x38, 0x40, 0x8E,
    0xC0, 0xD8, 0x93, 0x68, 0xF1, 0xCC, 0x24, 0x1E, 0x57, 0xD6, 0xF7, 0xFF, 0x33, 0xF3, 0xBF, 0xF7,
    0xCC, 0xA8, 0xB1, 0xF1, 0x8B, 0xC7, 0xDB, 0xE1, 0xEA, 0xE5, 0xFA, 0x6A, 0xBA, 0x5E, 0x30, 0x6A,
    0x48, 0xE0, 0x9C, 0xDE, 0x14, 0xBC, 0xF8, 0x52, 0xFC, 0x2A, 0x16, 0x5B, 0x1F, 0x3D, 0x00, 0x8C,
    0x58, 0xC1, 0x24, 0x33, 0xE8, 0x0E, 0x5A, 0xE4, 0xD7, 0x68, 0x85, 0x36, 0xD9, 0xAC, 0x9D, 0x9B,
    0x24, 0xFA, 0x9D, 0x64, 0x20, 0xEB, 0x64, 0x1F, 0x03, 0xB2, 0xC9, 0x44, 0xF9, 0x99, 0x24, 0x9E,
    0x39, 0x3D, 0x53, 0xDB, 0x13, 0xE8, 0x2E, 0x99, 0x6C, 0x27, 0x26, 0xDB, 0xA4, 0x57, 0xB2, 0x63,
    0xF9, 0x2A, 0xC6, 0x22, 0x99, 0xBA, 0x13, 0xD0, 0x33, 0x58, 0x9D, 0x02, 0xC8, 0x4F, 0x5A, 0x85,
    0xA9, 0xF0, 0xD4, 0x3D, 0x3A, 0x46, 0x0A, 0x0C, 0x2E, 0xF2, 0x91, 0x8B, 0x94, 0x2E, 0x12, 0xE0,
    0x0E, 0x16, 0x68, 0xE5, 0x4D, 0x07, 0xDD, 0xA4, 0x0B, 0xB2, 0xE9, 0x76, 0xE2, 0x59, 0x15, 0xD3,
    0xF5, 0x7D, 0x2E, 0x3B, 0x8E, 0x1A, 0xCF, 0x93, 0xEB, 0xFB, 0xB8, 0x3F, 0xA1, 0x49, 0x12, 0x23,
    0x0E, 0x16, 0x6B, 0x9D, 0xC4, 0x39, 0x7D, 0x2C, 0xD4, 0x4A, 0x32, 0xBA, 0xDC, 0xF8, 0xE8, 0xA2,
    0xBA, 0x9B, 0xF4, 0xE8, 0xAD, 0x41, 0x77, 0xC0, 0xAB, 0x5E, 0x78, 0xA0, 0x81, 0x28, 0x1F, 0x48,
    0xD3, 0x35, 0x92, 0x67, 0x54, 0xA7, 0xD0, 0xE7, 0xE9, 0xC8, 0xE2, 0x0E, 0x1D, 0x53, 0x23, 0xF1,
    0x0E, 0x36, 0x79, 0xE8, 0x98, 0x1A, 0x99, 0x38, 0x3D, 0x53, 0x97, 0xE7, 0x58, 0x72, 0xB2, 0xD9,
    0xAA, 0x63, 0x60, 0xD2, 0x5D, 0x0A, 0xA4, 0x3B, 0xA7, 0x9E, 0x71, 0x06, 0x9D, 0x55, 0x30, 0x1A,
    0xCE, 0xAF, 0xE3, 0xF2, 0x59, 0xDC, 0xDE, 0x3C, 0xBD, 0x15, 0xEA, 0xF9, 0x73, 0xF8, 0x10, 0xC4,
    0x80, 0x08, 0xF4, 0xB7, 0x40, 0x80, 0xE7, 0x93, 0x4F, 0x22, 0xCC, 0x22, 0xB5, 0x42, 0x11, 0x47,
    0x6B, 0x46, 0xDE, 0xA6, 0x8C, 0x3F, 0xDB, 0x66, 0xBB, 0xFB, 0x55, 0xB6, 0xBD, 0x2C, 0xF6, 0xF1,
    0x13, 0xCB, 0x99, 0x34, 0xE9, 0xB2, 0x61, 0x38, 0xF1, 0x1A, 0xAF, 0x87, 0x91, 0xA7, 0x36, 0x7B,
    0x08, 0xF7, 0x7F, 0xB6, 0x1C, 0x47, 0x17, 0x7B, 0x88, 0xB7, 0xE6, 0x1B, 0x1C, 0xF1, 0x4D, 0x6D,
    0x5F, 0x3D, 0x92, 0x2E, 0x5A, 0x0F, 0x65, 0x60, 0xF0, 0x8D, 0xC2, 0x4F, 0xDD, 0x59, 0xF4, 0x0C,
    0x56, 0xE7, 0x81, 0xAD, 0x8A, 0x04, 0xFC, 0xBB, 0x9C, 0x7C, 0x96, 0x22, 0x42, 0xA6, 0xDF, 0x10,
    0x22, 0x46, 0x75, 0x24, 0x78, 0x1B, 0x1E, 0x9C, 0xDF, 0x64, 0x7F, 0x1F, 0xB6, 0x50, 0xF5, 0x3A,
    0x2D, 0x09, 0xE1, 0x1B, 0x12, 0xC5, 0xB3, 0x5C, 0x0D, 0xEB, 0x29, 0x55, 0x55, 0x01, 0x43, 0xD7,
    0x5D, 0xC2, 0xCF, 0x4F, 0x89, 0xD4, 0x3C, 0xCC, 0xEA, 0x92, 0xD2, 0xE9, 0x08, 0xAF, 0x4E, 0xE1,
    0x55, 0x3D, 0x8B, 0xDA, 0x36, 0x3A, 0x88, 0xF9, 0x60, 0xFA, 0x64, 0x3A, 0xD4, 0x2B, 0x1E, 0x8E,
    0x97, 0xE5, 0xEC, 0x03, 0x77, 0x4B, 0xB1, 0xAA, 0xD6, 0xEE, 0xF5, 0xBE, 0x53, 0xF5, 0xBF, 0xDC,
    0xA4, 0x51, 0x1E, 0x9E, 0xBC, 0x1A, 0x7F, 0x08, 0x77, 0x7E, 0x26, 0xA7, 0x23, 0x39, 0x0D, 0x31,
    0x1D, 0x3E, 0xBC, 0xE3, 0x95, 0x0E, 0x17, 0x9E, 0x8F, 0xBB, 0x1F, 0x10, 0xBF, 0x21, 0xD6, 0x10,
    0x2B, 0x88, 0x1D, 0x2A, 0xE5, 0x3E, 0xE5, 0x13, 0xDA, 0x50, 0xED, 0x79, 0x44, 0x5B, 0xC6, 0x5D,
    0x94, 0x71, 0x9F, 0x90, 0x73, 0x2A, 0xDF, 0xA3, 0xBB, 0x57, 0xC1, 0x9F, 0x90, 0x47, 0x39, 0x06,
    0xDF, 0xDC, 0xDA, 0x32, 0xCC, 0x23, 0x42, 0x75, 0xB0, 0x86, 0xAE, 0x80, 0x6B, 0x5F, 0x56, 0xDD,
    0xBA, 0x6C, 0x79, 0x05, 0xCE, 0x67, 0x5F, 0x5F, 0xC4, 0x57, 0x51, 0xD2, 0x95, 0x2D, 0x6A, 0xD1,
    0x45, 0xA1, 0x9A, 0x0A, 0x3F, 0x97, 0x59, 0x2E, 0x36, 0xA1, 0xEC, 0x51, 0x17, 0x6D, 0xBC, 0x57,
    0xC3, 0x65, 0x52, 0xBA, 0x46, 0x35, 0x8E, 0x3E, 0x6C, 0x13, 0xE5, 0xE7, 0x6F, 0x3C, 0xCB, 0x93,
    0x57, 0x7F, 0x5D, 0xDB, 0xB5, 0x97, 0x0E, 0x72, 0x93, 0x9D, 0xA8, 0x3F, 0xAF, 0x4D, 0xFE, 0x03,
    0x45, 0x93, 0xCF, 0x6B, 0x13, 0x41, 0x14, 0xC7, 0xBF, 0xDB, 0x64, 0x43, 0x5A, 0x5B, 0x59, 0xCB,
    0x86, 0x26, 0xA1, 0x2B, 0x69, 0xD9, 0xD8, 0x34, 0x22, 0x8A, 0xB4, 0x1E, 0xA4, 0xC2, 0xEB, 0xC5,
    0x93, 0x87, 0x4D, 0xDD, 0xAD, 0x05, 0x29, 0x04, 0xAD, 0x4A, 0x4B, 0xB5, 0x97, 0xD1, 0x88, 0x25,
    0x71, 0xFD, 0x07, 0x64, 0x3D, 0xF5, 0x54, 0x8C, 0x34, 0xA5, 0x51, 0x10, 0x84, 0x6A, 0x6F, 0x62,
    0x2E, 0x1E, 0x2C, 0x28, 0x7B, 0xF0, 0x22, 0x26, 0xB0, 0xA0, 0x07, 0x8F, 0x15, 0x94, 0xD6, 0x9B,
    0x6F, 0x36, 0x49, 0x3B, 0x3F, 0xF6, 0x7D, 0x67, 0xE6, 0x33, 0xBB, 0x6F, 0xDE, 0xDB, 0x81, 0xD5,
    0x2E, 0x80, 0x9E, 0xD3, 0xC3, 0x02, 0x24, 0xE7, 0xBA, 0x73, 0x66, 0x56, 0x0D, 0x0B, 0xEC, 0xBA,
    0x5D, 0x4F, 0xD0, 0x92, 0x97, 0xB0, 0xF2, 0xB5, 0x84, 0x63, 0xE7, 0x5F, 0xBD, 0x04, 0xC0, 0x4F,
    0xE7, 0xA8, 0xE4, 0xBD, 0xBC, 0x07, 0x44, 0x33, 0x62, 0x41, 0x13, 0xA6, 0x55, 0x14, 0x19, 0x4B,
    0x13, 0x45, 0x3D, 0x4A, 0xA3, 0x54, 0xA2, 0xDB, 0x74, 0x02, 0x25, 0x3A, 0x45, 0x0E, 0x6E, 0xB0,
    0x1D, 0x65, 0x2B, 0xC7, 0x37, 0x91, 0xA0, 0x7E, 0xF4, 0xE3, 0x83, 0x3B, 0x4F, 0x06, 0xA4, 0x8A,
    0x73, 0x05, 0xDB, 0x79, 0x9A, 0xA7, 0x61, 0xD6, 0x52, 0xDD, 0x63, 0x26, 0x0A, 0xBD, 0x5C, 0xB9,
    0x44, 0x3F, 0x0F, 0x3C, 0x4D, 0x40, 0xA3, 0xFB, 0x3E, 0xBB, 0xF6, 0x8C, 0xC4, 0x0F, 0x97, 0xE9,
    0x8C, 0x80, 0x6E, 0x77, 0x1C, 0xD6, 0x13, 0x1D, 0x7F, 0xF5, 0x72, 0xB9, 0x73, 0x1A, 0xDD, 0x5E,
    0xE8, 0xAA, 0x44, 0xAA, 0xA3, 0x52, 0x51, 0xE0, 0x0E, 0x1F, 0x74, 0xE3, 0x1C, 0xB0, 0xE5, 0xA8,
    0xF4, 0xE8, 0x5B, 0xAB, 0xA1, 0xD4, 0x7F, 0xF9, 0x3D, 0xE3, 0x4D, 0x3F, 0x76, 0xF2, 0xA9, 0x7C,
    0x6B, 0xC8, 0x84, 0x50, 0x48, 0x49, 0x6C, 0x9A, 0xB9, 0x66, 0xCB, 0x53, 0xEA, 0xCD, 0x66, 0x95,
    0xC9, 0x56, 0x95, 0xD1, 0x5D, 0x5F, 0xB2, 0xB0, 0xDF, 0x78, 0x70, 0x68, 0x9B, 0xD6, 0x58, 0x3B,
    0xCE, 0xF6, 0xF2, 0x9A, 0x09, 0x58, 0xC2, 0x44, 0x81, 0x4A, 0x6E, 0xB6, 0x01, 0x14, 0xEC, 0xD2,
    0x7A, 0xF6, 0x13, 0xC7, 0x18, 0x67, 0x50, 0x42, 0x01, 0xC9, 0x09, 0x91, 0x8C, 0x66, 0x72, 0xC3,
    0x13, 0x9A, 0x42, 0x93, 0xBB, 0x46, 0x6E, 0x68, 0xF3, 0xC1, 0xF7, 0x3E, 0x31, 0xBE, 0x3E, 0xF2,
    0xD1, 0xA1, 0x7D, 0xDA, 0xA2, 0x0D, 0xBA, 0xCA, 0xD4, 0x0C, 0x6B, 0x20, 0x4D, 0xEF, 0x82, 0xF4,
    0x5E, 0x9F, 0x7F, 0x8C, 0x54, 0xA8, 0x38, 0x2E, 0xE3, 0xCE, 0x71, 0x26, 0x25, 0x5F, 0x57, 0x48,
    0xDD, 0xC4, 0xF8, 0xAC, 0xAB, 0xF1, 0x88, 0x7A, 0x78, 0x31, 0x8E, 0x61, 0x64, 0x31, 0x83, 0x27,
    0x84, 0x22, 0x22, 0xAF, 0xD1, 0xF3, 0x0F, 0xCA, 0x2D, 0x5C, 0x99, 0xB5, 0x2A, 0xCF, 0xAB, 0xDC,
    0xFA, 0x2F, 0x5B, 0x8B, 0x65, 0x9D, 0x51, 0x8A, 0xA1, 0x17, 0x49, 0x98, 0x4C, 0x79, 0x38, 0x08,
    0x82, 0x40, 0xF6, 0x3F, 0x76, 0xD9, 0x30, 0x8C, 0xBB, 0xB2, 0xDB, 0xA9, 0x98, 0xB5, 0xD3, 0x12,
    0x83, 0x5F, 0x1F, 0x46, 0x1A, 0x6F, 0x07, 0x14, 0x2F, 0xAE, 0x10, 0x37, 0x23, 0x22, 0x03, 0x93,
    0x52, 0x77, 0xBE, 0x0C, 0xB6, 0x22, 0x9F, 0x07, 0x7A, 0xE3, 0x6A, 0x5C, 0x35, 0xD8, 0x9F, 0x82,
    0xB7, 0xBF, 0xFC, 0xC2, 0xA8, 0x4E, 0x59, 0x55, 0x8B, 0x2C, 0xEF, 0x37, 0x47, 0x64, 0xC9, 0x7B,
    0xEC, 0x27, 0x3C, 0x34, 0x14, 0x57, 0xFA, 0xD5, 0x83, 0xD5, 0x60, 0x6C, 0x8F, 0x6B, 0x30, 0x86,
    0x76, 0x2D, 0xF1, 0xEF, 0x90, 0xAF, 0x96, 0xDD, 0xF7, 0x6E, 0x25, 0x90, 0xB4, 0x5C, 0x5D, 0x0D,
    0x64, 0xE2, 0x2B, 0xEE, 0x0A, 0xA7, 0x3E, 0x0A, 0x53, 0x70, 0x86, 0x45, 0x46, 0x8F, 0x79, 0xD9,
    0x39, 0x4B, 0x0D, 0x63, 0x8C, 0x62, 0x6F, 0xBA, 0x76, 0xC4, 0x0C, 0x1C, 0xB2, 0x85, 0xBF, 0xF1,
    0xB8, 0x9E, 0x99, 0xBC, 0x8E, 0x9C, 0x75, 0xCD, 0x9F, 0xA6, 0x74, 0xAD, 0xBD, 0x21, 0x45, 0x67,
    0x69, 0xC5, 0xBB, 0xE8, 0xF2, 0xC0, 0x42, 0xD5, 0x84, 0x90, 0x76, 0x4F, 0xE6, 0xC7, 0xDA, 0x5E,
    0xF6, 0xD7, 0x64, 0x5A, 0xA0, 0x50, 0xC4, 0x35, 0x93, 0xC2, 0x90, 0x96, 0x3F, 0xD8, 0x51, 0xD2,
    0x72, 0xAE, 0x84, 0x7C, 0x0B, 0x3B, 0xC2, 0x53, 0x8D, 0xF6, 0x62, 0x7B, 0x03, 0x30, 0xA2, 0x9F,
    0x37, 0x87, 0xAC, 0xD3, 0xB5, 0x41, 0xED, 0xC2, 0x04, 0x63, 0x66, 0xD8, 0x32, 0x42, 0x0B, 0x2B,
    0xF4, 0xC3, 0x9B, 0xA4, 0x3B, 0x8B, 0x5D, 0x35, 0xA5, 0x77, 0x6F, 0x57, 0x57, 0xB2, 0xEA, 0xCE,
    0x69, 0x87, 0x3B, 0xFE, 0x03, 0x93, 0x58, 0x36, 0x7D, 0x79, 0x25, 0x43, 0x42, 0x40, 0x42, 0xC2,
    0x06, 0x06, 0x16, 0xD9, 0xD8, 0x75, 0xB2, 0xA1, 0xA9, 0x99, 0x5E, 0xB9, 0x0C, 0xA2, 0xA9, 0x2B,
    0xA7, 0x65, 0x32, 0x84, 0xCE, 0xE2, 0x94, 0x50, 0x91, 0x5C, 0x56, 0x3B, 0x3D, 0x8B, 0x41, 0x24,
    0x2C, 0x4D, 0x2C, 0x92, 0x41, 0x24, 0x33, 0x52, 0x24, 0x34, 0x54, 0x34, 0x34, 0x8B, 0x81, 0x41,
    0xA2, 0xA0, 0xA0, 0xC0, 0x40, 0x82, 0x41, 0x45, 0x46, 0x46, 0x46, 0x22, 0x21, 0x94, 0xA1, 0x9C,
    0x21, 0x9D, 0x61, 0x3B, 0x03, 0x50, 0x18, 0x6C, 0x9E, 0x48, 0x86, 0x84, 0x44, 0xAE, 0x46, 0x14,
    0xAF, 0xEA, 0x3E, 0x8D, 0x28, 0x59, 0xB7, 0x4C, 0x0A, 0x4C, 0x16, 0x89, 0xCC, 0x5C, 0xC5, 0x20,
    0xB2, 0x72, 0x69, 0x29, 0x83, 0xC8, 0xB4, 0xE9, 0x40, 0x7D, 0x0C, 0xA6, 0x0C, 0x32, 0x0C, 0xD9,
    0x0C, 0x22, 0x9E, 0xAB, 0x32, 0x19, 0x12, 0x18, 0x52, 0xA1, 0xF6, 0x82, 0x58, 0x99, 0x0C, 0xB5,
    0x20, 0x16, 0x10, 0x6C, 0x08, 0x0D, 0x28, 0x2F, 0x48, 0x37, 0xD8, 0x6E, 0x02, 0x73, 0x16, 0x88,
    0x4E, 0x66, 0xA8, 0x02, 0x2A, 0x0B, 0x60, 0x10, 0x99, 0x92, 0x33, 0x83, 0x81, 0xA1, 0x24, 0x21,
    0xA1, 0x84, 0x01, 0x00, 0x25, 0x52, 0x41, 0x4F, 0x13, 0x41, 0x14, 0xFE, 0x96, 0xD2, 0x96, 0xB4,
    0x52, 0x7A, 0x60, 0x51, 0xA9, 0x65, 0xB9, 0x59, 0xB4, 0x2D, 0x1C, 0x4A, 0x2C, 0x4D, 0x17, 0x9F,
    0x51, 0xE3, 0x09, 0xB2, 0x26, 0xDD, 0xC4, 0xC4, 0x10, 0x39, 0x10, 0x13, 0x13, 0x88, 0x35, 0xD9,
    0x2D, 0x82, 0xE9, 0x76, 0x0E, 0x5E, 0xBC, 0x98, 0x3D, 0x70, 0xE0, 0x62, 0x52, 0x6F, 0x04, 0x51,
    0x0B, 0x36, 0x78, 0x40, 0x60, 0xFD, 0x01, 0x26, 0x13, 0xE3, 0xC5, 0x78, 0x70, 0x0F, 0xEB, 0x01,
    0x83, 0x64, 0x4D, 0x8A, 0xA9, 0x17, 0xE3, 0x14, 0xF2, 0xBD, 0x97, 0x49, 0xE6, 0xCB, 0x7B, 0xF3,
    0x7D, 0xF3, 0xDE, 0x00, 0x99, 0xCE, 0x66, 0x69, 0xEB, 0xAB, 0xE9, 0x0C, 0x7A, 0xD2, 0xC7, 0xAE,
    0x9F, 0x92, 0xA6, 0xB4, 0x0A, 0x46, 0x85, 0x99, 0xAC, 0x4A, 0xD9, 0xB9, 0xA8, 0x1D, 0x44, 0xD0,
    0x4E, 0x1A, 0x46, 0xBF, 0x39, 0x57, 0xF1, 0x2A, 0x6C, 0xF2, 0xA9, 0xD2, 0x02, 0x74, 0x4D, 0x9D,
    0x4D, 0xC7, 0xD3, 0xC8, 0x52, 0x15, 0x2A, 0x2C, 0x84, 0x68, 0x82, 0xE7, 0x68, 0x09, 0x0B, 0x64,
    0xD1, 0x48, 0xFC, 0x15, 0x07, 0xD0, 0x83, 0xFB, 0x6F, 0x48, 0xFD, 0xC3, 0xF3, 0x9B, 0x27, 0xF1,
    0x9B, 0xEF, 0x1E, 0xBB, 0x5D, 0x04, 0x09, 0x28, 0xC9, 0x50, 0x7B, 0x31, 0xDA, 0x83, 0x9D, 0x23,
    0x3C, 0x39, 0x42, 0x6E, 0x17, 0xC3, 0x45, 0x3C, 0xBE, 0x00, 0x9D, 0xA0, 0xBA, 0x48, 0x95, 0x91,
    0xDA, 0x46, 0xF6, 0x3B, 0xCB, 0x44, 0x90, 0x8A, 0xC0, 0x0A, 0x33, 0xD1, 0xAC, 0x43, 0xF9, 0x28,
    0x1A, 0x6B, 0xC5, 0xAD, 0x67, 0x57, 0x3F, 0x7B, 0x2A, 0xAF, 0x16, 0xB7, 0xA6, 0xAB, 0x93, 0xBF,
    0x04, 0x25, 0xDF, 0x94, 0x31, 0x14, 0xEB, 0x45, 0x5F, 0xDF, 0x19, 0x24, 0xEE, 0xCE, 0x20, 0xF1,
    0xFE, 0x00, 0x81, 0x97, 0x1E, 0xBA, 0xB8, 0x0F, 0x89, 0xBB, 0x90, 0xAF, 0xD1, 0xF2, 0x3B, 0x66,
    0x5C, 0x61, 0x8B, 0x8B, 0x27, 0x71, 0x9D, 0x16, 0xFF, 0x41, 0x72, 0x43, 0x2D, 0xD9, 0x2D, 0xB8,
    0x86, 0xDB, 0x10, 0x39, 0xD9, 0x94, 0x35, 0x59, 0x0B, 0x51, 0xD2, 0xCD, 0x69, 0x7B, 0xC2, 0xC5,
    0x12, 0x52, 0x71, 0x45, 0x78, 0xD0, 0xF5, 0x62, 0x2E, 0x6D, 0x57, 0x57, 0x6A, 0x5E, 0xC6, 0x4D,
    0x37, 0xAD, 0x8C, 0x5E, 0xFA, 0x76, 0xE7, 0x56, 0x29, 0x6C, 0x2B, 0x76, 0x82, 0x12, 0xA4, 0xD8,
    0x88, 0x43, 0xAA, 0xE3, 0xEC, 0x21, 0x02, 0x53, 0x08, 0x4F, 0x23, 0x1A, 0x43, 0x2C, 0xF6, 0x7A,
    0x21, 0xF9, 0x69, 0x7D, 0x5B, 0x5C, 0x31, 0x04, 0x48, 0xC8, 0x93, 0xEC, 0x70, 0x39, 0x3A, 0x16,
    0xAE, 0x07, 0xF8, 0x45, 0xA7, 0xC6, 0x5F, 0xF8, 0xDD, 0xE5, 0xDE, 0x46, 0x90, 0x74, 0xAA, 0xFA,
    0x56, 0x6B, 0xAF, 0x95, 0xE5, 0x19, 0xA4, 0xC5, 0xFF, 0x01, 0xC1, 0x2F, 0xC9, 0x8D, 0xFC, 0x8A,
    0xC1, 0x8C, 0x03, 0xE3, 0x43, 0x71, 0x23, 0xD1, 0x06, 0x93, 0x28, 0xEC, 0x44, 0x9C, 0x99, 0x1F,
    0x0F, 0x8E, 0x97, 0xFF, 0x8E, 0x19, 0xCD, 0xDD, 0x90, 0x96, 0x34, 0xBA, 0x73, 0x97, 0xDB, 0xA3,
    0xED, 0x4C, 0x7F, 0x3A, 0x15, 0x69, 0x8A, 0x22, 0x84, 0xEC, 0x64, 0x73, 0xA2, 0x64, 0x52, 0x07,
    0xEA, 0x0D, 0xA5, 0x25, 0xD1, 0x6D, 0xAA, 0x38, 0x3B, 0x6E, 0xC5, 0x39, 0x85, 0xE9, 0x02, 0x03,
    0x64, 0xF2, 0x32, 0x59, 0x48, 0x38, 0x32, 0x5F, 0xE7, 0x35, 0x76, 0x49, 0x4C, 0x4F, 0xD7, 0xDE,
    0xD6, 0x9F, 0x0F, 0x0B, 0xBD, 0x02, 0x0A, 0xE9, 0x9A, 0x42, 0x0F, 0xED, 0x3E, 0xE1, 0xBB, 0x88,
    0x21, 0x44, 0x49, 0x17, 0x67, 0x96, 0xF6, 0xA8, 0xAA, 0xCD, 0xD7, 0xD3, 0xB3, 0x16, 0x9B, 0xC3,
    0x2A, 0xED, 0xFB, 0xE7, 0xFA, 0xA3, 0x5E, 0x52, 0x3B, 0x1F, 0x0F, 0xFB, 0x9D, 0x97, 0x25, 0x8A,
    0x7A, 0x23, 0xF3, 0xE3, 0x33, 0xE6, 0x54, 0x07, 0x3A, 0xA9, 0x6E, 0xDE, 0xCF, 0xBB, 0x16, 0x3B,
    0xDD, 0x07, 0x89, 0x29, 0xEE, 0xF8, 0xDA, 0xA3, 0xD5, 0x32, 0xCA, 0x18, 0xD1, 0xF6, 0xDB, 0xC0,
    0x3D, 0x14, 0x9C, 0x71, 0x5E, 0x70, 0x0A, 0x2C, 0xC7, 0x73, 0x42, 0x45, 0x08, 0x83, 0x62, 0xEF,
    0x1A, 0xD4, 0x80, 0x41, 0x59, 0x31, 0xE2, 0x9A, 0xF3, 0x1F, 0x13, 0x75, 0xC8, 0x9A, 0x00, 0x00,
    0x63, 0x60, 0x60, 0x90, 0x9B, 0xDF, 0xA0, 0x5B, 0xEA, 0x50, 0xB7, 0x8F, 0xC1, 0xB6, 0x82, 0xC1,
    0xA6, 0x04, 0x8A, 0x6A, 0xF7, 0x32, 0x00, 0x65, 0xBE, 0xE8, 0x24, 0xD4, 0x2D, 0xB1, 0x2D, 0xB1,
    0x01, 0x43, 0x90, 0x10, 0x50, 0xA4, 0xA4, 0xAE, 0x04, 0x59, 0x84, 0x41, 0x6E, 0xDE, 0x03, 0xDD,
    0x8A, 0x84, 0xBA, 0x7D, 0x0B, 0x6C, 0x2B, 0xB7, 0xD8, 0x94, 0x94, 0x40, 0x50, 0xED, 0xDE, 0x1F,
    0x60, 0xA9, 0x2F, 0x3A, 0x15, 0x5B, 0xEA, 0xF6, 0x96, 0xD8, 0x56, 0x94, 0xA0, 0x4A, 0xC9, 0x3D,
    0xB0, 0x28, 0xB1, 0xD8, 0x09, 0xC4, 0x60, 0xB8, 0xB7, 0x96, 0x01, 0x04, 0x98, 0x57, 0x32, 0xB0,
    0xCB, 0x32, 0x68, 0xE7, 0x3B, 0x24, 0xC5, 0x32, 0x54, 0xCA, 0x32, 0xC8, 0xC7, 0x32, 0x04, 0xCD,
    0x65, 0xA8, 0xF6, 0x6F, 0x00, 0x4A, 0x01, 0x00, 0x63, 0x48, 0x60, 0x60, 0xFC, 0xC1, 0xC0, 0x16,
    0xC6, 0x20, 0xB7, 0xB9, 0xA1, 0xFE, 0xF9, 0x03, 0xFB, 0xFB, 0x17, 0xF8, 0xFF, 0x3B, 0x30, 0xC7,
    0x32, 0x30, 0x7C, 0x61, 0x60, 0x10, 0x60, 0x00, 0x00,
};

static const EpdGlyph notoserif_5_boldGlyphs[] = {
    { 0, 0, 0, 0, 0, 0, 0 }, // U+0000
    { 0, 0, 43, 0, 0, 0, 0 }, // U+000D
    { 0, 0, 43, 0, 0, 0, 0 }, // U+0020
    { 2, 9, 64, 1, 8, 5, 0 }, // !
    { 5, 4, 85, 0, 8, 5, 5 }, // "
    { 6, 8, 94, 0, 8, 12, 10 }, // #
    { 6, 9, 94, 0, 8, 14, 22 }, // $
    { 10, 9, 151, 0, 8, 23, 36 }, // %
    { 9, 9, 134, 0, 8, 21, 59 }, // &
    { 3, 4, 48, 0, 8, 3, 80 }, // '
    { 4, 11, 67, 0, 9, 11, 83 }, // (
    { 4, 11, 67, 0, 9, 11, 94 }, // )
    { 5, 5, 84, 0, 8, 7, 105 }, // *
    { 6, 6, 94, 0, 7, 9, 112 }, // +
    { 3, 4, 49, 0, 2, 3, 121 }, // ,
    { 3, 2, 52, 0, 4, 2, 124 }, // -
    { 3, 3, 49, 0, 2, 3, 126 }, // .
    { 3, 10, 48, 0, 8, 8, 129 }, // /
    { 6, 9, 97, 0, 8, 14, 137 }, // 0
    { 6, 8, 84, 0, 8, 12, 151 }, // 1
    { 6, 8, 89, 0, 8, 12, 163 }, // 2
    { 6, 9, 90, 0, 8, 14, 175 }, // 3
    { 6, 8, 93, 0, 8, 12, 189 }, // 4
    { 6, 9, 88, 0, 8, 14, 201 }, // 5
    { 6, 9, 93, 0, 8, 14, 215 }, // 6
    { 6, 8, 90, 0, 8, 12, 229 }, // 7
    { 6, 9, 97, 0, 8, 14, 241 }, // 8
    { 6, 9, 93, 0, 8, 14, 255 }, // 9
    { 3, 7, 51, 0, 6, 6, 269 }, // :
    { 3, 8, 51, 0, 6, 6, 275 }, // ;
    { 6, 6, 94, 0, 7, 9, 281 }, // <
    { 6, 4, 94, 0, 6, 6, 290 }, // =
    { 6, 6, 94, 0, 7, 9, 296 }, // >
    { 6, 9, 92, 0, 8, 14, 305 }, // ?
    { 10, 10, 154, 0, 8, 25, 319 }, // @
    { 8, 8, 126, 0, 8, 16, 344 }, // A
    { 7, 8, 112, 0, 8, 14, 360 }, // B
    { 7, 9, 112, 0, 8, 16, 374 }, // C
    { 8, 8, 128, 0, 8, 16, 390 }, // D
    { 7, 8, 109, 0, 8, 14, 406 }, // E
    { 7, 8, 104, 0, 8, 14, 420 }, // F
    { 8, 9, 128, 0, 8, 18, 434 }, // G
    { 9, 8, 137, 0, 8, 18, 452 }, // H
    { 4, 8, 67, 0, 8, 8, 470 }, // I
    { 5, 11, 66, -1, 8, 14, 478 }, // J
    { 8, 8, 122, 0, 8, 16, 492 }, // K
    { 7, 8, 109, 0, 8, 14, 508 }, // L
    { 10, 8, 159, 0, 8, 20, 522 }, // M
    { 9, 8, 131, 0, 8, 18, 542 }, // N
    { 8, 9, 131, 0, 8, 18, 560 }, // O
    { 7, 8, 106, 0, 8, 14, 578 }, // P
    { 8, 11, 131, 0, 8, 22, 592 }, // Q
    { 8, 8, 119, 0, 8, 16, 614 }, // R
    { 6, 9, 97, 0, 8, 14, 630 }, // S
    { 7, 8, 109, 0, 8, 14, 644 }, // T
    { 8, 9, 125, 0, 8, 18, 658 }, // U
    { 8, 8, 116, 0, 8, 16, 676 }, // V
    { 12, 8, 178, 0, 8, 24, 692 }, // W
    { 8, 8, 122, 0, 8, 16, 716 }, // X
    { 8, 8, 116, 0, 8, 16, 732 }, // Y
    { 7, 8, 111, 0, 8, 14, 748 }, // Z
    { 3, 10, 69, 1, 8, 8, 762 }, // [
    { 3, 10, 48, 0, 8, 8, 770 }, // <backslash>
    { 4, 10, 69, 0, 8, 10, 778 }, // ]
    { 6, 6, 93, 0, 8, 9, 788 }, // ^
    { 6, 2, 77, -1, 0, 3, 797 }, // _
    { 4, 2, 56, 0, 8, 2, 800 }, // `
    { 6, 7, 100, 0, 6, 11, 802 }, // a
    { 7, 9, 108, 0, 8, 16, 813 }, // b
    { 6, 7, 88, 0, 6, 11, 829 }, // c
    { 7, 9, 108, 0, 8, 16, 840 }, // d
    { 6, 7, 95, 0, 6, 11, 856 }, // e
    { 5, 9, 68, 0, 9, 12, 867 }, // f
    { 6, 10, 93, 0, 7, 15, 879 }, // g
    { 7, 8, 111, 0, 8, 14, 894 }, // h
    { 4, 9, 59, 0, 9, 9, 908 }, // i
    { 4, 12, 58, -1, 9, 12, 917 }, // j
    { 7, 8, 106, 0, 8, 14, 929 }, // k
    { 4, 8, 59, 0, 8, 8, 943 }, // l
    { 11, 6, 164, 0, 6, 17, 951 }, // m
    { 7, 6, 111, 0, 6, 11, 968 }, // n
    { 6, 7, 102, 0, 6, 11, 979 }, // o
    { 7, 9, 108, 0, 6, 16, 990 }, // p
    { 7, 9, 108, 0, 6, 16, 1006 }, // q
    { 6, 6, 87, 0, 6, 9, 1022 }, // r
    { 5, 7, 80, 0, 6, 9, 1031 }, // s
    { 5, 8, 68, 0, 7, 10, 1040 }, // t
    { 7, 7, 111, 0, 6, 13, 1050 }, // u
    { 7, 6, 101, 0, 6, 11, 1063 }, // v
    { 10, 6, 143, -1, 6, 15, 1074 }, // w
    { 7, 6, 108, 0, 6, 11, 1089 }, // x
    { 7, 9, 97, 0, 6, 16, 1100 }, // y
    { 6, 6, 88, 0, 6, 9, 1116 }, // z
    { 5, 10, 74, 0, 8, 13, 1125 }, // {
    { 2, 11, 94, 2, 8, 6, 1138 }, // |
    { 5, 10, 74, 0, 8, 13, 1144 }, // }
    { 6, 3, 94, 0, 5, 5, 1157 }, // ~
    { 0, 0, 43, 0, 0, 0, 0 }, // U+00A0
    { 2, 8, 64, 1, 6, 4, 0 }, // U+00A1
    { 6, 8, 94, 0, 8, 12, 4 }, // U+00A2
    { 6, 9, 93, 0, 8, 14, 16 }, // U+00A3
    { 6, 5, 94, 0, 6, 8, 30 }, // U+00A4
    { 6, 8, 94, 0, 8, 12, 38 }, // U+00A5
    { 2, 11, 94, 2, 8, 6, 50 }, // U+00A6
    { 6, 10, 91, 0, 8, 15, 56 }, // U+00A7
    { 4, 2, 96, 1, 8, 2, 71 }, // U+00A8
    { 9, 9, 141, 0, 8, 21, 73 }, // U+00A9
    { 5, 5, 70, 0, 8, 7, 94 }, // U+00AA
    { 6, 5, 92, 0, 5, 8, 101 }, // U+00AB
    { 6, 4, 94, 0, 5, 6, 109 }, // U+00AC
    { 3, 2, 52, 0, 4, 2, 115 }, // U+00AD
    { 9, 9, 141, 0, 8, 21, 117 }, // U+00AE
    { 6, 2, 77, -1, 9, 3, 138 }, // U+00AF
    { 4, 4, 67, 0, 8, 4, 141 }, // U+00B0
    { 6, 7, 94, 0, 7, 11, 145 }, // U+00B1
    { 4, 5, 67, 0, 9, 5, 156 }, // U+00B2
    { 4, 6, 67, 0, 9, 6, 161 }, // U+00B3
    { 4, 2, 56, 0, 8, 2, 167 }, // U+00B4
    { 7, 9, 111, 0, 6, 16, 169 }, // U+00B5
    { 7, 10, 105, 0, 8, 18, 185 }, // U+00B6
    { 3, 3, 49, 0, 5, 3, 203 }, // U+00B7
    { 3, 4, 56, 0, 1, 3, 206 }, // U+00B8
    { 4, 5, 67, 0, 9, 5, 209 }, // U+00B9
    { 5, 5, 73, 0, 8, 7, 214 }, // U+00BA
    { 6, 5, 92, 0, 5, 8, 221 }, // U+00BB
    { 9, 8, 140, 0, 8, 18, 229 }, // U+00BC
    { 9, 8, 140, 0, 8, 18, 247 }, // U+00BD
    { 9, 8, 140, 0, 8, 18, 265 }, // U+00BE
    { 6, 8, 92, 0, 6, 12, 283 }, // U+00BF
    { 8, 10, 126, 0, 10, 20, 295 }, // U+00C0
    { 8, 10, 126, 0, 10, 20, 315 }, // U+00C1
    { 8, 10, 126, 0, 10, 20, 335 }, // U+00C2
    { 8, 10, 126, 0, 10, 20, 355 }, // U+00C3
    { 8, 10, 126, 0, 10, 20, 375 }, // U+00C4
    { 8, 10, 126, 0, 10, 20, 395 }, // U+00C5
    { 11, 8, 166, 0, 8, 22, 415 }, // U+00C6
    { 7, 11, 112, 0, 8, 20, 437 }, // U+00C7
    { 7, 10, 109, 0, 10, 18, 457 }, // U+00C8
    { 7, 10, 109, 0, 10, 18, 475 }, // U+00C9
    { 7, 10, 109, 0, 10, 18, 493 }, // U+00CA
    { 7, 10, 109, 0, 10, 18, 511 }, // U+00CB
    { 4, 10, 67, 0, 10, 10, 529 }, // U+00CC
    { 4, 10, 67, 0, 10, 10, 539 }, // U+00CD
    { 4, 10, 67, 0, 10, 10, 549 }, // U+00CE
    { 4, 10, 67, 0, 10, 10, 559 }, // U+00CF
    { 8, 8, 128, 0, 8, 16, 569 }, // U+00D0
    { 9, 10, 131, 0, 10, 23, 585 }, // U+00D1
    { 8, 11, 131, 0, 10, 22, 608 }, // U+00D2
    { 8, 11, 131, 0, 10, 22, 630 }, // U+00D3
    { 8, 11, 131, 0, 10, 22, 652 }, // U+00D4
    { 8, 11, 131, 0, 10, 22, 674 }, // U+00D5
    { 8, 11, 131, 0, 10, 22, 696 }, // U+00D6
    { 6, 5, 94, 0, 6, 8, 718 }, // U+00D7
    { 8, 9, 131, 0, 8, 18, 726 }, // U+00D8
    { 8, 11, 125, 0, 10, 22, 744 }, // U+00D9
    { 8, 11, 125, 0, 10, 22, 766 }, // U+00DA
    { 8, 11, 125, 0, 10, 22, 788 }, // U+00DB
    { 8, 11, 125, 0, 10, 22, 810 }, // U+00DC
    { 8, 10, 116, 0, 10, 20, 832 }, // U+00DD
    { 7, 8, 106, 0, 8, 14, 852 }, // U+00DE
    { 7, 10, 118, 0, 9, 18, 866 }, // U+00DF
    { 6, 9, 100, 0, 8, 14, 884 }, // U+00E0
    { 6, 9, 100, 0, 8, 14, 898 }, // U+00E1
    { 6, 9, 100, 0, 8, 14, 912 }, // U+00E2
    { 6, 9, 100, 0, 8, 14, 926 }, // U+00E3
    { 6, 9, 100, 0, 8, 14, 940 }, // U+00E4
    { 6, 10, 100, 0, 9, 15, 954 }, // U+00E5
    { 9, 7, 146, 0, 6, 16, 969 }, // U+00E6
    { 6, 9, 88, 0, 6, 14, 985 }, // U+00E7
    { 6, 9, 95, 0, 8, 14, 999 }, // U+00E8
    { 6, 9, 95, 0, 8, 14, 1013 }, // U+00E9
    { 6, 9, 95, 0, 8, 14, 1027 }, // U+00EA
    { 6, 9, 95, 0, 8, 14, 1041 }, // U+00EB
    { 5, 8, 59, -1, 8, 10, 1055 }, // U+00EC
    { 4, 8, 59, 0, 8, 8, 1065 }, // U+00ED
    { 5, 8, 59, -1, 8, 10, 1073 }, // U+00EE
    { 5, 8, 59, -1, 8, 10, 1083 }, // U+00EF
    { 6, 9, 102, 0, 8, 14, 1093 }, // U+00F0
    { 7, 8, 111, 0, 8, 14, 1107 }, // U+00F1
    { 6, 9, 102, 0, 8, 14, 1121 }, // U+00F2
    { 6, 9, 102, 0, 8, 14, 1135 }, // U+00F3
    { 6, 9, 102, 0, 8, 14, 1149 }, // U+00F4
    { 6, 9, 102, 0, 8, 14, 1163 }, // U+00F5
    { 6, 9, 102, 0, 8, 14, 1177 }, // U+00F6
    { 6, 6, 94, 0, 7, 9, 1191 }, // U+00F7
    { 6, 7, 102, 0, 6, 11, 1200 }, // U+00F8
    { 7, 9, 111, 0, 8, 16, 1211 }, // U+00F9
    { 7, 9, 111, 0, 8, 16, 1227 }, // U+00FA
    { 7, 9, 111, 0, 8, 16, 1243 }, // U+00FB
    { 7, 9, 111, 0, 8, 16, 1259 }, // U+00FC
    { 7, 11, 97, 0, 8, 20, 1275 }, // U+00FD
    { 7, 11, 108, 0, 8, 20, 1295 }, // U+00FE
    { 7, 11, 97, 0, 8, 20, 1315 }, // U+00FF
    { 8, 10, 126, 0, 10, 20, 0 }, // U+0100
    { 6, 9, 100, 0, 8, 14, 20 }, // U+0101
    { 8, 10, 126, 0, 10, 20, 34 }, // U+0102
    { 6, 9, 100, 0, 8, 14, 54 }, // U+0103
    { 8, 11, 126, 0, 8, 22, 68 }, // U+0104
    { 6, 9, 100, 0, 6, 14, 90 }, // U+0105
    { 7, 11, 112, 0, 10, 20, 104 }, // U+0106
    { 6, 9, 88, 0, 8, 14, 124 }, // U+0107
    { 7, 11, 112, 0, 10, 20, 138 }, // U+0108
    { 6, 9, 88, 0, 8, 14, 158 }, // U+0109
    { 7, 12, 112, 0, 11, 21, 172 }, // U+010A
    { 6, 10, 88, 0, 9, 15, 193 }, // U+010B
    { 7, 11, 112, 0, 10, 20, 208 }, // U+010C
    { 6, 9, 88, 0, 8, 14, 228 }, // U+010D
    { 8, 10, 128, 0, 10, 20, 242 }, // U+010E
    { 8, 9, 108, 0, 8, 18, 262 }, // U+010F
    { 8, 8, 128, 0, 8, 16, 280 }, // U+0110
    { 7, 9, 108, 0, 8, 16, 296 }, // U+0111
    { 7, 10, 109, 0, 10, 18, 312 }, // U+0112
    { 6, 9, 95, 0, 8, 14, 330 }, // U+0113
    { 7, 10, 109, 0, 10, 18, 344 }, // U+0114
    { 6, 9, 95, 0, 8, 14, 362 }, // U+0115
    { 7, 11, 109, 0, 11, 20, 376 }, // U+0116
    { 6, 10, 95, 0, 9, 15, 396 }, // U+0117
    { 7, 11, 109, 0, 8, 20, 411 }, // U+0118
    { 6, 9, 95, 0, 6, 14, 431 }, // U+0119
    { 7, 10, 109, 0, 10, 18, 445 }, // U+011A
    { 6, 9, 95, 0, 8, 14, 463 }, // U+011B
    { 8, 11, 128, 0, 10, 22, 477 }, // U+011C
    { 6, 11, 93, 0, 8, 17, 499 }, // U+011D
    { 8, 11, 128, 0, 10, 22, 516 }, // U+011E
    { 6, 11, 93, 0, 8, 17, 538 }, // U+011F
    { 8, 12, 128, 0, 11, 24, 555 }, // U+0120
    { 6, 12, 93, 0, 9, 18, 579 }, // U+0121
    { 8, 11, 128, 0, 8, 22, 597 }, // U+0122
    { 6, 11, 93, 0, 8, 17, 619 }, // U+0123
    { 9, 10, 137, 0, 10, 23, 636 }, // U+0124
    { 7, 10, 111, 0, 10, 18, 659 }, // U+0125
    { 9, 8, 137, 0, 8, 18, 677 }, // U+0126
    { 7, 8, 111, 0, 8, 14, 695 }, // U+0127
    { 5, 10, 67, 0, 10, 13, 709 }, // U+0128
    { 5, 8, 59, -1, 8, 10, 722 }, // U+0129
    { 4, 10, 67, 0, 10, 10, 732 }, // U+012A
    { 4, 8, 59, 0, 8, 8, 742 }, // U+012B
    { 4, 10, 67, 0, 10, 10, 750 }, // U+012C
    { 4, 8, 59, 0, 8, 8, 760 }, // U+012D
    { 4, 11, 67, 0, 8, 11, 768 }, // U+012E
    { 4, 12, 59, 0, 9, 12, 779 }, // U+012F
    { 4, 11, 67, 0, 11, 11, 791 }, // U+0130
    { 4, 6, 59, 0, 6, 6, 802 }, // U+0131
    { 9, 11, 133, 0, 8, 25, 808 }, // U+0132
    { 7, 12, 116, 0, 9, 21, 833 }, // U+0133
    { 5, 13, 66, -1, 10, 17, 854 }, // U+0134
    { 5, 11, 58, -1, 8, 14, 871 }, // U+0135
    { 8, 11, 122, 0, 8, 22, 885 }, // U+0136
    { 7, 11, 106, 0, 8, 20, 907 }, // U+0137
    { 7, 6, 106, 0, 6, 11, 927 }, // U+0138
    { 7, 10, 109, 0, 10, 18, 938 }, // U+0139
    { 4, 10, 59, 0, 10, 10, 956 }, // U+013A
    { 7, 11, 109, 0, 8, 20, 966 }, // U+013B
    { 4, 11, 59, 0, 8, 11, 986 }, // U+013C
    { 7, 8, 109, 0, 8, 14, 997 }, // U+013D
    { 5, 8, 59, 0, 8, 10, 1011 }, // U+013E
    { 7, 8, 109, 0, 8, 14, 1021 }, // U+013F
    { 6, 8, 78, 0, 8, 12, 1035 }, // U+0140
    { 7, 8, 109, 0, 8, 14, 1047 }, // U+0141
    { 4, 8, 59, 0, 8, 8, 1061 }, // U+0142
    { 9, 10, 131, 0, 10, 23, 1069 }, // U+0143
    { 7, 8, 111, 0, 8, 14, 1092 }, // U+0144
    { 9, 11, 131, 0, 8, 25, 1106 }, // U+0145
    { 7, 9, 111, 0, 6, 16, 1131 }, // U+0146
    { 9, 10, 131, 0, 10, 23, 1147 }, // U+0147
    { 7, 8, 111, 0, 8, 14, 1170 }, // U+0148
    { 9, 8, 143, 0, 8, 18, 1184 }, // U+0149
    { 9, 11, 131, 0, 8, 25, 1202 }, // U+014A
    { 6, 9, 111, 0, 6, 14, 1227 }, // U+014B
    { 8, 11, 131, 0, 10, 22, 1241 }, // U+014C
    { 6, 9, 102, 0, 8, 14, 1263 }, // U+014D
    { 8, 11, 131, 0, 10, 22, 1277 }, // U+014E
    { 6, 9, 102, 0, 8, 14, 1299 }, // U+014F
    { 8, 11, 131, 0, 10, 22, 1313 }, // U+0150
    { 6, 9, 102, 0, 8, 14, 1335 }, // U+0151
    { 11, 9, 170, 0, 8, 25, 1349 }, // U+0152
    { 10, 7, 156, 0, 6, 18, 1374 }, // U+0153
    { 8, 10, 119, 0, 10, 20, 1392 }, // U+0154
    { 6, 8, 87, 0, 8, 12, 1412 }, // U+0155
    { 8, 11, 119, 0, 8, 22, 1424 }, // U+0156
    { 6, 9, 87, 0, 6, 14, 1446 }, // U+0157
    { 8, 10, 119, 0, 10, 20, 1460 }, // U+0158
    { 6, 8, 87, 0, 8, 12, 1480 }, // U+0159
    { 6, 11, 97, 0, 10, 17, 1492 }, // U+015A
    { 5, 9, 80, 0, 8, 12, 1509 }, // U+015B
    { 6, 11, 97, 0, 10, 17, 1521 }, // U+015C
    { 5, 9, 80, 0, 8, 12, 1538 }, // U+015D
    { 6, 11, 97, 0, 8, 17, 1550 }, // U+015E
    { 5, 9, 80, 0, 6, 12, 1567 }, // U+015F
    { 6, 11, 97, 0, 10, 17, 1579 }, // U+0160
    { 5, 9, 80, 0, 8, 12, 1596 }, // U+0161
    { 7, 11, 109, 0, 8, 20, 1608 }, // U+0162
    { 5, 10, 68, 0, 7, 13, 1628 }, // U+0163
    { 7, 10, 109, 0, 10, 18, 1641 }, // U+0164
    { 5, 9, 68, 0, 8, 12, 1659 }, // U+0165
    { 7, 8, 109, 0, 8, 14, 1671 }, // U+0166
    { 5, 8, 68, 0, 7, 10, 1685 }, // U+0167
    { 8, 11, 125, 0, 10, 22, 1695 }, // U+0168
    { 7, 9, 111, 0, 8, 16, 1717 }, // U+0169
    { 8, 11, 125, 0, 10, 22, 1733 }, // U+016A
    { 7, 9, 111, 0, 8, 16, 1755 }, // U+016B
    { 8, 11, 125, 0, 10, 22, 1771 }, // U+016C
    { 7, 9, 111, 0, 8, 16, 1793 }, // U+016D
    { 8, 12, 125, 0, 11, 24, 1809 }, // U+016E
    { 7, 10, 111, 0, 9, 18, 1833 }, // U+016F
    { 8, 11, 125, 0, 10, 22, 1851 }, // U+0170
    { 7, 9, 111, 0, 8, 16, 1873 }, // U+0171
    { 8, 11, 126, 0, 8, 22, 1889 }, // U+0172
    { 7, 9, 111, 0, 6, 16, 1911 }, // U+0173
    { 12, 10, 178, 0, 10, 30, 1927 }, // U+0174
    { 10, 8, 143, -1, 8, 20, 1957 }, // U+0175
    { 8, 10, 116, 0, 10, 20, 1977 }, // U+0176
    { 7, 11, 97, 0, 8, 20, 1997 }, // U+0177
    { 8, 10, 116, 0, 10, 20, 2017 }, // U+0178
    { 7, 10, 111, 0, 10, 18, 2037 }, // U+0179
    { 6, 8, 88, 0, 8, 12, 2055 }, // U+017A
    { 7, 11, 111, 0, 11, 20, 2067 }, // U+017B
    { 6, 9, 88, 0, 9, 14, 2087 }, // U+017C
    { 7, 10, 111, 0, 10, 18, 2101 }, // U+017D
    { 6, 8, 88, 0, 8, 12, 2119 }, // U+017E
    { 5, 9, 65, 0, 9, 12, 2131 }, // U+017F
    { 9, 10, 141, 0, 9, 23, 0 }, // U+01A0
    { 7, 8, 112, 0, 7, 14, 23 }, // U+01A1
    { 9, 10, 142, 0, 9, 23, 37 }, // U+01AF
    { 9, 8, 130, 0, 7, 18, 60 }, // U+01B0
    { 15, 10, 239, 0, 10, 38, 78 }, // U+01C4
    { 14, 8, 216, 0, 8, 28, 116 }, // U+01C5
    { 12, 9, 196, 0, 8, 27, 144 }, // U+01C6
    { 11, 11, 170, 0, 8, 31, 171 }, // U+01C7
    { 10, 12, 167, 0, 9, 30, 202 }, // U+01C8
    { 7, 12, 116, 0, 9, 21, 232 }, // U+01C9
    { 13, 11, 193, 0, 8, 36, 253 }, // U+01CA
    { 11, 12, 189, 0, 9, 33, 289 }, // U+01CB
    { 10, 12, 169, 0, 9, 30, 322 }, // U+01CC
    { 8, 10, 126, 0, 10, 20, 352 }, // U+01CD
    { 6, 9, 100, 0, 8, 14, 372 }, // U+01CE
    { 4, 10, 67, 0, 10, 10, 386 }, // U+01CF
    { 5, 8, 59, -1, 8, 10, 396 }, // U+01D0
    { 8, 11, 131, 0, 10, 22, 406 }, // U+01D1
    { 6, 9, 102, 0, 8, 14, 428 }, // U+01D2
    { 8, 11, 125, 0, 10, 22, 442 }, // U+01D3
    { 7, 9, 111, 0, 8, 16, 464 }, // U+01D4
    { 8, 12, 125, 0, 11, 24, 480 }, // U+01D5
    { 7, 10, 111, 0, 9, 18, 504 }, // U+01D6
    { 8, 13, 125, 0, 12, 26, 522 }, // U+01D7
    { 7, 11, 111, 0, 10, 20, 548 }, // U+01D8
    { 8, 13, 125, 0, 12, 26, 568 }, // U+01D9
    { 7, 11, 111, 0, 10, 20, 594 }, // U+01DA
    { 8, 13, 125, 0, 12, 26, 614 }, // U+01DB
    { 7, 11, 111, 0, 10, 20, 640 }, // U+01DC
    { 6, 7, 95, 0, 6, 11, 660 }, // U+01DD
    { 8, 11, 126, 0, 11, 22, 671 }, // U+01DE
    { 6, 10, 100, 0, 9, 15, 693 }, // U+01DF
    { 8, 11, 126, 0, 11, 22, 708 }, // U+01E0
    { 6, 10, 100, 0, 9, 15, 730 }, // U+01E1
    { 11, 10, 166, 0, 10, 28, 745 }, // U+01E2
    { 9, 9, 146, 0, 8, 21, 773 }, // U+01E3
    { 8, 9, 128, 0, 8, 18, 794 }, // U+01E4
    { 6, 10, 93, 0, 7, 15, 812 }, // U+01E5
    { 8, 11, 128, 0, 10, 22, 827 }, // U+01E6
    { 6, 11, 93, 0, 8, 17, 849 }, // U+01E7
    { 8, 10, 122, 0, 10, 20, 866 }, // U+01E8
    { 7, 10, 106, 0, 10, 18, 886 }, // U+01E9
    { 8, 11, 131, 0, 8, 22, 904 }, // U+01EA
    { 6, 9, 102, 0, 6, 14, 926 }, // U+01EB
    { 8, 13, 131, 0, 10, 26, 940 }, // U+01EC
    { 6, 11, 102, 0, 8, 17, 966 }, // U+01ED
    { 7, 11, 103, 0, 10, 20, 983 }, // U+01EE
    { 6, 11, 93, 0, 8, 17, 1003 }, // U+01EF
    { 5, 11, 58, -1, 8, 14, 1020 }, // U+01F0
    { 15, 8, 239, 0, 8, 30, 1034 }, // U+01F1
    { 14, 8, 216, 0, 8, 28, 1064 }, // U+01F2
    { 12, 9, 196, 0, 8, 27, 1092 }, // U+01F3
    { 8, 11, 128, 0, 10, 22, 1119 }, // U+01F4
    { 6, 11, 93, 0, 8, 17, 1141 }, // U+01F5
    { 12, 9, 191, 0, 8, 27, 1158 }, // U+01F6
    { 8, 11, 122, 0, 8, 22, 1185 }, // U+01F7
    { 9, 10, 131, 0, 10, 23, 1207 }, // U+01F8
    { 7, 8, 111, 0, 8, 14, 1230 }, // U+01F9
    { 8, 10, 126, 0, 10, 20, 1244 }, // U+01FA
    { 6, 11, 100, 0, 10, 17, 1264 }, // U+01FB
    { 11, 10, 166, 0, 10, 28, 1281 }, // U+01FC
    { 9, 9, 146, 0, 8, 21, 1309 }, // U+01FD
    { 8, 11, 131, 0, 10, 22, 1330 }, // U+01FE
    { 6, 9, 102, 0, 8, 14, 1352 }, // U+01FF
    { 8, 10, 126, 0, 10, 20, 1366 }, // U+0200
    { 6, 9, 100, 0, 8, 14, 1386 }, // U+0201
    { 8, 10, 126, 0, 10, 20, 1400 }, // U+0202
    { 6, 9, 100, 0, 8, 14, 1420 }, // U+0203
    { 7, 10, 109, 0, 10, 18, 1434 }, // U+0204
    { 6, 9, 95, 0, 8, 14, 1452 }, // U+0205
    { 7, 10, 109, 0, 10, 18, 1466 }, // U+0206
    { 6, 9, 95, 0, 8, 14, 1484 }, // U+0207
    { 5, 10, 67, -1, 10, 13, 1498 }, // U+0208
    { 5, 8, 59, -1, 8, 10, 1511 }, // U+0209
    { 4, 10, 67, 0, 10, 10, 1521 }, // U+020A
    { 4, 8, 59, 0, 8, 8, 1531 }, // U+020B
    { 8, 11, 131, 0, 10, 22, 1539 }, // U+020C
    { 6, 9, 102, 0, 8, 14, 1561 }, // U+020D
    { 8, 11, 131, 0, 10, 22, 1575 }, // U+020E
    { 6, 9, 102, 0, 8, 14, 1597 }, // U+020F
    { 8, 10, 118, 0, 10, 20, 1611 }, // U+0210
    { 6, 8, 87, 0, 8, 12, 1631 }, // U+0211
    { 8, 10, 118, 0, 10, 20, 1643 }, // U+0212
    { 6, 8, 87, 0, 8, 12, 1663 }, // U+0213
    { 8, 11, 125, 0, 10, 22, 1675 }, // U+0214
    { 7, 9, 111, 0, 8, 16, 1697 }, // U+0215
    { 8, 11, 125, 0, 10, 22, 1713 }, // U+0216
    { 7, 9, 111, 0, 8, 16, 1735 }, // U+0217
    { 6, 11, 97, 0, 8, 17, 1751 }, // U+0218
    { 5, 9, 80, 0, 6, 12, 1768 }, // U+0219
    { 7, 11, 109, 0, 8, 20, 1780 }, // U+021A
    { 5, 10, 68, 0, 7, 13, 1800 }, // U+021B
    { 7, 10, 103, 0, 8, 18, 1813 }, // U+021C
    { 6, 9, 90, 0, 6, 14, 1831 }, // U+021D
    { 9, 10, 137, 0, 10, 23, 1845 }, // U+021E
    { 7, 10, 111, 0, 10, 18, 1868 }, // U+021F
    { 3, 2, 0, -5, 8, 2, 0 }, // U+0300
    { 4, 2, 0, -4, 8, 2, 2 }, // U+0301
    { 4, 2, 0, -5, 8, 2, 4 }, // U+0302
    { 5, 2, 0, -6, 8, 3, 6 }, // U+0303
    { 4, 2, 0, -2, 8, 2, 9 }, // U+0304
    { 6, 2, 0, -3, 9, 3, 11 }, // U+0305
    { 4, 2, 0, -2, 8, 2, 14 }, // U+0306
    { 2, 3, 0, -1, 9, 2, 16 }, // U+0307
    { 4, 2, 0, -2, 8, 2, 18 }, // U+0308
    { 4, 3, 0, -5, 9, 3, 20 }, // U+0309
    { 4, 3, 0, -2, 9, 3, 23 }, // U+030A
    { 6, 2, 0, -3, 8, 3, 26 }, // U+030B
    { 5, 2, 0, -6, 8, 3, 29 }, // U+030C
    { 2, 2, 0, -1, 8, 1, 32 }, // U+030D
    { 4, 2, 0, -2, 8, 2, 33 }, // U+030E
    { 5, 2, 0, -6, 8, 3, 35 }, // U+030F
    { 4, 4, 0, -2, 10, 4, 38 }, // U+0310
    { 4, 2, 0, -2, 8, 2, 42 }, // U+0311
    { 2, 4, 0, -1, 8, 2, 44 }, // U+0312
    { 2, 4, 0, -1, 8, 2, 46 }, // U+0313
    { 2, 4, 0, -1, 8, 2, 48 }, // U+0314
    { 2, 4, 0, -1, 8, 2, 50 }, // U+0315
    { 4, 2, 0, -2, -1, 2, 52 }, // U+0316
    { 4, 2, 0, -2, -1, 2, 54 }, // U+0317
    { 2, 3, 0, -1, 0, 2, 56 }, // U+0318
    { 2, 3, 0, -1, 0, 2, 58 }, // U+0319
    { 3, 3, 62, 0, 8, 3, 60 }, // U+031A
    { 2, 4, 0, -1, 9, 2, 63 }, // U+031B
    { 2, 3, 0, -1, 0, 2, 65 }, // U+031C
    { 2, 3, 0, -1, 0, 2, 67 }, // U+031D
    { 2, 3, 0, -1, 0, 2, 69 }, // U+031E
    { 2, 3, 0, -1, 0, 2, 71 }, // U+031F
    { 4, 1, 0, -2, -1, 1, 73 }, // U+0320
    { 4, 4, 0, -2, 1, 4, 74 }, // U+0321
    { 4, 4, 0, -2, 1, 4, 78 }, // U+0322
    { 2, 3, 0, -4, 0, 2, 82 }, // U+0323
    { 4, 2, 0, -2, 0, 2, 84 }, // U+0324
    { 4, 3, 0, -2, 0, 3, 86 }, // U+0325
    { 2, 3, 0, -1, 0, 2, 89 }, // U+0326
    { 4, 4, 0, -2, 1, 4, 91 }, // U+0327
    { 4, 3, 0, -2, 0, 3, 95 }, // U+0328
    { 2, 3, 0, -1, 0, 2, 98 }, // U+0329
    { 4, 3, 0, -2, 0, 3, 100 }, // U+032A
    { 4, 2, 0, -2, 0, 2, 103 }, // U+032B
    { 4, 3, 0, -2, 0, 3, 105 }, // U+032C
    { 4, 3, 0, -2, 0, 3, 108 }, // U+032D
    { 4, 3, 0, -2, 0, 3, 111 }, // U+032E
    { 4, 3, 0, -2, 0, 3, 114 }, // U+032F
    { 6, 3, 0, -3, 0, 5, 117 }, // U+0330
    { 4, 2, 0, -2, 0, 2, 122 }, // U+0331
    { 6, 2, 0, -3, 0, 3, 124 }, // U+0332
    { 6, 3, 0, -3, 0, 5, 127 }, // U+0333
    { 6, 2, 0, -3, 4, 3, 132 }, // U+0334
    { 6, 2, 0, -3, 4, 3, 135 }, // U+0335
    { 8, 2, 0, -4, 4, 4, 138 }, // U+0336
    { 4, 4, 0, -2, 5, 4, 142 }, // U+0337
    { 5, 10, 0, -3, 9, 13, 146 }, // U+0338
    { 2, 3, 0, -1, 0, 2, 159 }, // U+0339
    { 4, 3, 0, -2, 0, 3, 161 }, // U+033A
    { 4, 3, 0, -2, 0, 3, 164 }, // U+033B
    { 4, 2, 0, -2, 0, 2, 167 }, // U+033C
    { 3, 3, 0, -1, 8, 3, 169 }, // U+033D
    { 2, 5, 0, -1, 10, 3, 172 }, // U+033E
    { 6, 3, 0, -3, 10, 5, 175 }, // U+033F
    { 4, 2, 0, -2, 8, 2, 180 }, // U+0340
    { 3, 2, 0, -1, 8, 2, 182 }, // U+0341
    { 6, 2, 0, -3, 8, 3, 184 }, // U+0342
    { 2, 3, 0, -1, 9, 2, 187 }, // U+0343
    { 6, 3, 0, -3, 9, 5, 189 }, // U+0344
    { 3, 3, 0, 0, 0, 3, 194 }, // U+0345
    { 4, 3, 0, -2, 9, 3, 197 }, // U+0346
    { 6, 3, 0, -3, 0, 5, 200 }, // U+0347
    { 4, 2, 0, -2, -1, 2, 205 }, // U+0348
    { 2, 3, 0, -1, 0, 2, 207 }, // U+0349
    { 6, 4, 0, -3, 9, 6, 209 }, // U+034A
    { 6, 6, 0, -3, 11, 9, 215 }, // U+034B
    { 6, 4, 0, -3, 10, 6, 224 }, // U+034C
    { 4, 3, 0, -2, 0, 3, 230 }, // U+034D
    { 2, 3, 0, -1, 0, 2, 233 }, // U+034E
    { 8, 8, 0, -4, 8, 16, 235 }, // U+034F
    { 2, 4, 0, -1, 9, 2, 251 }, // U+0350
    { 2, 3, 0, -1, 9, 2, 253 }, // U+0351
    { 4, 3, 0, -2, 9, 3, 255 }, // U+0352
    { 2, 3, 0, -1, 0, 2, 258 }, // U+0353
    { 2, 4, 0, -1, 1, 2, 260 }, // U+0354
    { 2, 4, 0, -1, 1, 2, 262 }, // U+0355
    { 6, 3, 0, -3, 0, 5, 264 }, // U+0356
    { 2, 3, 0, -1, 9, 2, 269 }, // U+0357
    { 3, 3, 0, 0, 9, 3, 271 }, // U+0358
    { 4, 3, 0, -2, 0, 3, 274 }, // U+0359
    { 4, 3, 0, -2, 0, 3, 277 }, // U+035A
    { 2, 3, 0, -1, 9, 2, 280 }, // U+035B
    { 8, 3, 0, -4, 0, 6, 282 }, // U+035C
    { 8, 3, 0, -4, 9, 6, 288 }, // U+035D
    { 8, 2, 0, -4, 8, 4, 294 }, // U+035E
    { 8, 2, 0, -4, 0, 4, 298 }, // U+035F
    { 10, 3, 0, -5, 9, 8, 302 }, // U+0360
    { 10, 3, 0, -5, 9, 8, 310 }, // U+0361
    { 8, 3, 0, -4, 0, 6, 318 }, // U+0362
    { 4, 3, 0, -2, 9, 3, 324 }, // U+0363
    { 4, 3, 0, -2, 9, 3, 327 }, // U+0364
    { 2, 4, 0, -1, 10, 2, 330 }, // U+0365
    { 4, 3, 0, -2, 9, 3, 332 }, // U+0366
    { 4, 3, 0, -2, 9, 3, 335 }, // U+0367
    { 3, 3, 0, -1, 9, 3, 338 }, // U+0368
    { 4, 4, 0, -2, 10, 4, 341 }, // U+0369
    { 4, 4, 0, -2, 10, 4, 345 }, // U+036A
    { 6, 3, 0, -3, 9, 5, 349 }, // U+036B
    { 4, 3, 0, -2, 9, 3, 354 }, // U+036C
    { 2, 4, 0, -1, 10, 2, 357 }, // U+036D
    { 4, 3, 0, -2, 9, 3, 359 }, // U+036E
    { 4, 3, 0, -2, 9, 3, 362 }, // U+036F
    { 7, 10, 109, 0, 10, 18, 0 }, // U+0400
    { 7, 10, 109, 0, 10, 18, 18 }, // U+0401
    { 9, 8, 137, 0, 8, 18, 36 }, // U+0402
    { 6, 10, 99, 0, 10, 15, 54 }, // U+0403
    { 7, 9, 110, 0, 8, 16, 69 }, // U+0404
    { 6, 9, 97, 0, 8, 14, 85 }, // U+0405
    { 4, 8, 66, 0, 8, 8, 99 }, // U+0406
    { 4, 10, 66, 0, 10, 10, 107 }, // U+0407
    { 5, 11, 66, -1, 8, 14, 117 }, // U+0408
    { 10, 9, 162, 0, 8, 23, 131 }, // U+0409
    { 11, 8, 172, 0, 8, 22, 154 }, // U+040A
    { 10, 8, 148, 0, 8, 20, 176 }, // U+040B
    { 8, 10, 122, 0, 10, 20, 196 }, // U+040C
    { 9, 10, 137, 0, 10, 23, 216 }, // U+040D
    { 8, 11, 117, 0, 10, 22, 239 }, // U+040E
    { 9, 10, 134, 0, 8, 23, 261 }, // U+040F
    { 8, 8, 125, 0, 8, 16, 284 }, // U+0410
    { 7, 8, 106, 0, 8, 14, 300 }, // U+0411
    { 7, 8, 116, 0, 8, 14, 314 }, // U+0412
    { 6, 8, 99, 0, 8, 12, 328 }, // U+0413
    { 8, 10, 125, 0, 8, 20, 340 }, // U+0414
    { 7, 8, 109, 0, 8, 14, 360 }, // U+0415
    { 11, 8, 173, 0, 8, 22, 374 }, // U+0416
    { 7, 9, 104, 0, 8, 16, 396 }, // U+0417
    { 9, 8, 137, 0, 8, 18, 412 }, // U+0418
    { 9, 10, 137, 0, 10, 23, 430 }, // U+0419
    { 8, 8, 122, 0, 8, 16, 453 }, // U+041A
    { 8, 9, 125, 0, 8, 18, 469 }, // U+041B
    { 10, 8, 162, 0, 8, 20, 487 }, // U+041C
    { 9, 8, 136, 0, 8, 18, 507 }, // U+041D
    { 8, 9, 129, 0, 8, 18, 525 }, // U+041E
    { 9, 8, 134, 0, 8, 18, 543 }, // U+041F
    { 7, 8, 106, 0, 8, 14, 561 }, // U+0420
    { 7, 9, 110, 0, 8, 16, 575 }, // U+0421
    { 7, 8, 112, 0, 8, 14, 591 }, // U+0422
    { 8, 9, 117, 0, 8, 18, 605 }, // U+0423
    { 10, 9, 157, 0, 8, 23, 623 }, // U+0424
    { 8, 8, 122, 0, 8, 16, 646 }, // U+0425
    { 9, 10, 135, 0, 8, 23, 662 }, // U+0426
    { 8, 8, 131, 0, 8, 16, 685 }, // U+0427
    { 12, 8, 190, 0, 8, 24, 701 }, // U+0428
    { 12, 10, 191, 0, 8, 30, 725 }, // U+0429
    { 8, 8, 123, 0, 8, 16, 755 }, // U+042A
    { 10, 8, 164, 0, 8, 20, 771 }, // U+042B
    { 7, 8, 106, 0, 8, 14, 791 }, // U+042C
    { 7, 9, 110, 0, 8, 16, 805 }, // U+042D
    { 11, 9, 180, 0, 8, 25, 821 }, // U+042E
    { 8, 8, 117, -1, 8, 16, 846 }, // U+042F
    { 6, 7, 99, 0, 6, 11, 862 }, // U+0430
    { 6, 10, 101, 0, 9, 15, 873 }, // U+0431
    { 6, 6, 101, 0, 6, 9, 888 }, // U+0432
    { 6, 6, 84, 0, 6, 9, 897 }, // U+0433
    { 7, 8, 104, 0, 6, 14, 906 }, // U+0434
    { 6, 7, 94, 0, 6, 11, 920 }, // U+0435
    { 10, 6, 147, 0, 6, 15, 931 }, // U+0436
    { 5, 7, 85, 0, 6, 9, 946 }, // U+0437
    { 7, 6, 113, 0, 6, 11, 955 }, // U+0438
    { 7, 8, 113, 0, 8, 14, 966 }, // U+0439
    { 7, 6, 103, 0, 6, 11, 980 }, // U+043A
    { 7, 7, 104, 0, 6, 13, 991 }, // U+043B
    { 9, 6, 142, 0, 6, 14, 1004 }, // U+043C
    { 7, 6, 112, 0, 6, 11, 1018 }, // U+043D
    { 6, 7, 101, 0, 6, 11, 1029 }, // U+043E
    { 7, 6, 111, 0, 6, 11, 1040 }, // U+043F
    { 7, 9, 108, 0, 6, 16, 1051 }, // U+0440
    { 6, 7, 87, 0, 6, 11, 1067 }, // U+0441
    { 6, 6, 93, 0, 6, 9, 1078 }, // U+0442
    { 7, 9, 101, 0, 6, 16, 1087 }, // U+0443
    { 9, 11, 135, 0, 8, 25, 1103 }, // U+0444
    { 7, 6, 108, 0, 6, 11, 1128 }, // U+0445
    { 7, 8, 112, 0, 6, 14, 1139 }, // U+0446
    { 7, 6, 110, 0, 6, 11, 1153 }, // U+0447
    { 10, 6, 158, 0, 6, 15, 1164 }, // U+0448
    { 10, 8, 159, 0, 6, 20, 1179 }, // U+0449
    { 7, 6, 111, 0, 6, 11, 1199 }, // U+044A
    { 9, 6, 146, 0, 6, 14, 1210 }, // U+044B
    { 6, 6, 95, 0, 6, 9, 1224 }, // U+044C
    { 6, 7, 87, 0, 6, 11, 1233 }, // U+044D
    { 9, 7, 144, 0, 6, 16, 1244 }, // U+044E
    { 7, 6, 102, 0, 6, 11, 1260 }, // U+044F
    { 6, 9, 94, 0, 8, 14, 1271 }, // U+0450
    { 6, 9, 94, 0, 8, 14, 1285 }, // U+0451
    { 6, 11, 105, 0, 8, 17, 1299 }, // U+0452
    { 6, 8, 84, 0, 8, 12, 1316 }, // U+0453
    { 6, 7, 87, 0, 6, 11, 1328 }, // U+0454
    { 5, 7, 80, 0, 6, 9, 1339 }, // U+0455
    { 4, 9, 59, 0, 9, 9, 1348 }, // U+0456
    { 4, 9, 59, 0, 9, 9, 1357 }, // U+0457
    { 4, 12, 55, -1, 9, 12, 1366 }, // U+0458
    { 9, 7, 139, 0, 6, 16, 1378 }, // U+0459
    { 9, 6, 147, 0, 6, 14, 1394 }, // U+045A
    { 7, 8, 110, 0, 8, 14, 1408 }, // U+045B
    { 7, 8, 104, 0, 8, 14, 1422 }, // U+045C
    { 7, 8, 113, 0, 8, 14, 1436 }, // U+045D
    { 7, 11, 101, 0, 8, 20, 1450 }, // U+045E
    { 7, 8, 111, 0, 6, 14, 1470 }, // U+045F
    { 11, 8, 171, 0, 8, 22, 1484 }, // U+0460
    { 9, 6, 150, 0, 6, 14, 1506 }, // U+0461
    { 8, 8, 119, 0, 8, 16, 1520 }, // U+0462
    { 7, 8, 101, 0, 8, 14, 1536 }, // U+0463
    { 11, 9, 172, 0, 8, 25, 1550 }, // U+0464
    { 9, 7, 143, 0, 6, 16, 1575 }, // U+0465
    { 9, 8, 132, 0, 8, 18, 1591 }, // U+0466
    { 7, 6, 111, 0, 6, 11, 1609 }, // U+0467
    { 13, 8, 195, 0, 8, 26, 1620 }, // U+0468
    { 10, 6, 160, 0, 6, 15, 1646 }, // U+0469
    { 10, 8, 153, 0, 8, 20, 1661 }, // U+046A
    { 9, 6, 133, 0, 6, 14, 1681 }, // U+046B
    { 14, 8, 217, 0, 8, 28, 1695 }, // U+046C
    { 12, 6, 183, 0, 6, 18, 1723 }, // U+046D
    { 7, 12, 103, 0, 9, 21, 1741 }, // U+046E
    { 6, 10, 88, 0, 7, 15, 1762 }, // U+046F
    { 10, 8, 163, 0, 8, 20, 1777 }, // U+0470
    { 7, 11, 118, 0, 8, 20, 1797 }, // U+0471
    { 8, 9, 131, 0, 8, 18, 1817 }, // U+0472
    { 6, 7, 104, 0, 6, 11, 1835 }, // U+0473
    { 8, 8, 124, 0, 8, 16, 1846 }, // U+0474
    { 7, 6, 107, 0, 6, 11, 1862 }, // U+0475
    { 8, 10, 124, 0, 10, 20, 1873 }, // U+0476
    { 7, 8, 107, 0, 8, 14, 1893 }, // U+0477
    { 14, 11, 217, 0, 8, 39, 1907 }, // U+0478
    { 12, 9, 188, 0, 6, 27, 1946 }, // U+0479
    { 9, 10, 138, 0, 9, 23, 1973 }, // U+047A
    { 7, 8, 107, 0, 7, 14, 1996 }, // U+047B
    { 12, 13, 187, 0, 12, 39, 2010 }, // U+047C
    { 10, 11, 161, 0, 10, 28, 2049 }, // U+047D
    { 11, 10, 171, 0, 10, 28, 2077 }, // U+047E
    { 9, 8, 150, 0, 8, 18, 2105 }, // U+047F
    { 7, 11, 112, 0, 8, 20, 2123 }, // U+0480
    { 6, 9, 88, 0, 6, 14, 2143 }, // U+0481
    { 6, 8, 102, 0, 7, 12, 2157 }, // U+0482
    { 4, 3, 0, -2, 8, 3, 2169 }, // U+0483
    { 5, 2, 0, -2, 8, 3, 2172 }, // U+0484
    { 2, 3, 0, -1, 9, 2, 2175 }, // U+0485
    { 2, 3, 0, -1, 9, 2, 2177 }, // U+0486
    { 6, 3, 0, -3, 10, 5, 2179 }, // U+0487
    { 14, 12, 0, -7, 9, 42, 2184 }, // U+0488
    { 14, 14, 0, -7, 10, 49, 2226 }, // U+0489
    { 9, 13, 138, 0, 10, 30, 2275 }, // U+048A
    { 7, 11, 113, 0, 8, 20, 2305 }, // U+048B
    { 7, 8, 106, 0, 8, 14, 2325 }, // U+048C
    { 7, 7, 101, 0, 7, 13, 2339 }, // U+048D
    { 7, 8, 106, 0, 8, 14, 2352 }, // U+048E
    { 7, 9, 108, 0, 6, 16, 2366 }, // U+048F
    { 6, 9, 91, 0, 9, 14, 2382 }, // U+0490
    { 5, 7, 76, 0, 7, 9, 2396 }, // U+0491
    { 7, 8, 99, 0, 8, 14, 2405 }, // U+0492
    { 6, 6, 85, 0, 6, 9, 2419 }, // U+0493
    { 8, 11, 120, 0, 8, 22, 2428 }, // U+0494
    { 7, 9, 103, 0, 6, 16, 2450 }, // U+0495
    { 12, 11, 180, 0, 8, 33, 2466 }, // U+0496
    { 10, 9, 160, 0, 6, 23, 2499 }, // U+0497
    { 7, 11, 103, 0, 8, 20, 2522 }, // U+0498
    { 6, 9, 88, 0, 6, 14, 2542 }, // U+0499
    { 8, 11, 126, 0, 8, 22, 2556 }, // U+049A
    { 7, 9, 111, 0, 6, 16, 2578 }, // U+049B
    { 8, 8, 126, 0, 8, 16, 2594 }, // U+049C
    { 7, 6, 112, 0, 6, 11, 2610 }, // U+049D
    { 8, 8, 120, 0, 8, 16, 2621 }, // U+049E
    { 7, 8, 107, 0, 8, 14, 2637 }, // U+049F
    { 9, 8, 138, 0, 8, 18, 2651 }, // U+04A0
    { 9, 6, 128, 0, 6, 14, 2669 }, // U+04A1
    { 9, 11, 137, 0, 8, 25, 2683 }, // U+04A2
    { 8, 9, 115, 0, 6, 18, 2708 }, // U+04A3
    { 10, 8, 155, 0, 8, 20, 2726 }, // U+04A4
    { 9, 6, 136, 0, 6, 14, 2746 }, // U+04A5
    { 12, 11, 188, 0, 8, 33, 2760 }, // U+04A6
    { 10, 9, 156, 0, 6, 23, 2793 }, // U+04A7
    { 9, 9, 141, 0, 8, 21, 2816 }, // U+04A8
    { 8, 7, 119, 0, 6, 14, 2837 }, // U+04A9
    { 7, 11, 112, 0, 8, 20, 2851 }, // U+04AA
    { 6, 9, 88, 0, 6, 14, 2871 }, // U+04AB
    { 7, 11, 109, 0, 8, 20, 2885 }, // U+04AC
    { 6, 9, 95, 0, 6, 14, 2905 }, // U+04AD
    { 8, 8, 116, 0, 8, 16, 2919 }, // U+04AE
    { 7, 9, 101, 0, 6, 16, 2935 }, // U+04AF
    { 8, 8, 116, 0, 8, 16, 2951 }, // U+04B0
    { 7, 9, 101, 0, 6, 16, 2967 }, // U+04B1
    { 8, 11, 126, 0, 8, 22, 2983 }, // U+04B2
    { 7, 9, 108, 0, 6, 16, 3005 }, // U+04B3
    { 11, 11, 165, 0, 8, 31, 3021 }, // U+04B4
    { 9, 9, 145, 0, 6, 21, 3052 }, // U+04B5
    { 8, 11, 130, 0, 8, 22, 3073 }, // U+04B6
    { 8, 9, 114, 0, 6, 18, 3095 }, // U+04B7
    { 8, 8, 130, 0, 8, 16, 3113 }, // U+04B8
    { 7, 6, 110, 0, 6, 11, 3129 }, // U+04B9
    { 8, 8, 130, 0, 8, 16, 3140 }, // U+04BA
    { 7, 8, 111, 0, 8, 14, 3156 }, // U+04BB
    { 9, 9, 143, 0, 8, 21, 3170 }, // U+04BC
    { 7, 7, 118, 0, 6, 13, 3191 }, // U+04BD
    { 9, 11, 143, 0, 8, 25, 3204 }, // U+04BE
    { 7, 9, 117, 0, 6, 16, 3229 }, // U+04BF
    { 4, 8, 67, 0, 8, 8, 3245 }, // U+04C0
    { 11, 10, 173, 0, 10, 28, 3253 }, // U+04C1
    { 10, 8, 147, 0, 8, 20, 3281 }, // U+04C2
    { 8, 11, 121, 0, 8, 22, 3301 }, // U+04C3
    { 7, 9, 110, 0, 6, 16, 3323 }, // U+04C4
    { 8, 11, 125, 0, 8, 22, 3339 }, // U+04C5
    { 7, 9, 104, 0, 6, 16, 3361 }, // U+04C6
    { 9, 11, 137, 0, 8, 25, 3377 }, // U+04C7
    { 8, 9, 115, 0, 6, 18, 3402 }, // U+04C8
    { 9, 11, 137, 0, 8, 25, 3420 }, // U+04C9
    { 7, 9, 112, 0, 6, 16, 3445 }, // U+04CA
    { 8, 11, 130, 0, 8, 22, 3461 }, // U+04CB
    { 7, 9, 114, 0, 6, 16, 3483 }, // U+04CC
    { 10, 11, 162, 0, 8, 28, 3499 }, // U+04CD
    { 9, 9, 142, 0, 6, 21, 3527 }, // U+04CE
    { 4, 8, 67, 0, 8, 8, 3548 }, // U+04CF
    { 8, 10, 126, 0, 10, 20, 3556 }, // U+04D0
    { 6, 9, 100, 0, 8, 14, 3576 }, // U+04D1
    { 8, 10, 126, 0, 10, 20, 3590 }, // U+04D2
    { 6, 9, 100, 0, 8, 14, 3610 }, // U+04D3
    { 11, 8, 166, 0, 8, 22, 3624 }, // U+04D4
    { 9, 7, 146, 0, 6, 16, 3646 }, // U+04D5
    { 7, 10, 109, 0, 10, 18, 3662 }, // U+04D6
    { 6, 9, 95, 0, 8, 14, 3680 }, // U+04D7
    { 7, 9, 121, 0, 8, 16, 3694 }, // U+04D8
    { 6, 7, 95, 0, 6, 11, 3710 }, // U+04D9
    { 7, 11, 121, 0, 10, 20, 3721 }, // U+04DA
    { 6, 9, 95, 0, 8, 14, 3741 }, // U+04DB
    { 11, 10, 173, 0, 10, 28, 3755 }, // U+04DC
    { 10, 8, 147, 0, 8, 20, 3783 }, // U+04DD
    { 7, 11, 105, 0, 10, 20, 3803 }, // U+04DE
    { 5, 9, 85, 0, 8, 12, 3823 }, // U+04DF
    { 7, 9, 103, 0, 8, 16, 3835 }, // U+04E0
    { 6, 9, 93, 0, 6, 14, 3851 }, // U+04E1
    { 9, 10, 137, 0, 10, 23, 3865 }, // U+04E2
    { 7, 8, 113, 0, 8, 14, 3888 }, // U+04E3
    { 9, 10, 137, 0, 10, 23, 3902 }, // U+04E4
    { 7, 8, 113, 0, 8, 14, 3925 }, // U+04E5
    { 8, 11, 131, 0, 10, 22, 3939 }, // U+04E6
    { 6, 9, 102, 0, 8, 14, 3961 }, // U+04E7
    { 8, 9, 131, 0, 8, 18, 3975 }, // U+04E8
    { 6, 7, 102, 0, 6, 11, 3993 }, // U+04E9
    { 8, 11, 131, 0, 10, 22, 4004 }, // U+04EA
    { 6, 9, 102, 0, 8, 14, 4026 }, // U+04EB
    { 7, 11, 110, 0, 10, 20, 4040 }, // U+04EC
    { 6, 9, 87, 0, 8, 14, 4060 }, // U+04ED
    { 8, 11, 117, 0, 10, 22, 4074 }, // U+04EE
    { 7, 11, 97, 0, 8, 20, 4096 }, // U+04EF
    { 8, 11, 117, 0, 10, 22, 4116 }, // U+04F0
    { 7, 11, 97, 0, 8, 20, 4138 }, // U+04F1
    { 8, 11, 117, 0, 10, 22, 4158 }, // U+04F2
    { 7, 11, 97, 0, 8, 20, 4180 }, // U+04F3
    { 8, 10, 130, 0, 10, 20, 4200 }, // U+04F4
    { 7, 8, 110, 0, 8, 14, 4220 }, // U+04F5
    { 7, 11, 99, 0, 8, 20, 4234 }, // U+04F6
    { 6, 9, 85, 0, 6, 14, 4254 }, // U+04F7
    { 10, 10, 164, 0, 10, 25, 4268 }, // U+04F8
    { 9, 8, 146, 0, 8, 18, 4293 }, // U+04F9
    { 7, 11, 99, 0, 8, 20, 4311 }, // U+04FA
    { 6, 9, 85, 0, 6, 14, 4331 }, // U+04FB
    { 8, 11, 122, 0, 8, 22, 4345 }, // U+04FC
    { 7, 9, 108, 0, 6, 16, 4367 }, // U+04FD
    { 8, 8, 122, 0, 8, 16, 4383 }, // U+04FE
    { 7, 6, 108, 0, 6, 11, 4399 }, // U+04FF
    { 8, 11, 126, 0, 8, 22, 0 }, // U+1EA0
    { 6, 9, 100, 0, 6, 14, 22 }, // U+1EA1
    { 8, 11, 126, 0, 11, 22, 36 }, // U+1EA2
    { 6, 10, 100, 0, 9, 15, 58 }, // U+1EA3
    { 8, 11, 126, 0, 11, 22, 73 }, // U+1EA4
    { 7, 10, 100, 0, 9, 18, 95 }, // U+1EA5
    { 8, 11, 126, 0, 11, 22, 113 }, // U+1EA6
    { 6, 10, 100, 0, 9, 15, 135 }, // U+1EA7
    { 8, 11, 126, 0, 11, 22, 150 }, // U+1EA8
    { 6, 10, 100, 0, 9, 15, 172 }, // U+1EA9
    { 8, 12, 126, 0, 12, 24, 187 }, // U+1EAA
    { 6, 11, 100, 0, 10, 17, 211 }, // U+1EAB
    { 8, 13, 126, 0, 10, 26, 228 }, // U+1EAC
    { 6, 11, 100, 0, 8, 17, 254 }, // U+1EAD
    { 8, 11, 126, 0, 11, 22, 271 }, // U+1EAE
    { 6, 10, 100, 0, 9, 15, 293 }, // U+1EAF
    { 8, 11, 126, 0, 11, 22, 308 }, // U+1EB0
    { 6, 10, 100, 0, 9, 15, 330 }, // U+1EB1
    { 8, 11, 126, 0, 11, 22, 345 }, // U+1EB2
    { 6, 11, 100, 0, 10, 17, 367 }, // U+1EB3
    { 8, 12, 126, 0, 12, 24, 384 }, // U+1EB4
    { 6, 11, 100, 0, 10, 17, 408 }, // U+1EB5
    { 8, 13, 126, 0, 10, 26, 425 }, // U+1EB6
    { 6, 11, 100, 0, 8, 17, 451 }, // U+1EB7
    { 7, 11, 109, 0, 8, 20, 468 }, // U+1EB8
    { 6, 9, 95, 0, 6, 14, 488 }, // U+1EB9
    { 7, 11, 109, 0, 11, 20, 502 }, // U+1EBA
    { 6, 10, 95, 0, 9, 15, 522 }, // U+1EBB
    { 7, 10, 109, 0, 10, 18, 537 }, // U+1EBC
    { 6, 9, 95, 0, 8, 14, 555 }, // U+1EBD
    { 7, 11, 109, 0, 11, 20, 569 }, // U+1EBE
    { 7, 10, 95, 0, 9, 18, 589 }, // U+1EBF
    { 7, 11, 109, 0, 11, 20, 607 }, // U+1EC0
    { 6, 10, 95, 0, 9, 15, 627 }, // U+1EC1
    { 7, 11, 109, 0, 11, 20, 642 }, // U+1EC2
    { 6, 10, 95, 0, 9, 15, 662 }, // U+1EC3
    { 7, 12, 109, 0, 12, 21, 677 }, // U+1EC4
    { 6, 11, 95, 0, 10, 17, 698 }, // U+1EC5
    { 7, 13, 109, 0, 10, 23, 715 }, // U+1EC6
    { 6, 11, 95, 0, 8, 17, 738 }, // U+1EC7
    { 4, 11, 67, 0, 11, 11, 755 }, // U+1EC8
    { 4, 9, 59, 0, 9, 9, 766 }, // U+1EC9
    { 4, 11, 67, 0, 8, 11, 775 }, // U+1ECA
    { 4, 12, 59, 0, 9, 12, 786 }, // U+1ECB
    { 8, 11, 131, 0, 8, 22, 798 }, // U+1ECC
    { 6, 9, 102, 0, 6, 14, 820 }, // U+1ECD
    { 8, 12, 131, 0, 11, 24, 834 }, // U+1ECE
    { 6, 10, 102, 0, 9, 15, 858 }, // U+1ECF
    { 8, 12, 131, 0, 11, 24, 873 }, // U+1ED0
    { 7, 10, 102, 0, 9, 18, 897 }, // U+1ED1
    { 8, 12, 131, 0, 11, 24, 915 }, // U+1ED2
    { 6, 10, 102, 0, 9, 15, 939 }, // U+1ED3
    { 8, 12, 131, 0, 11, 24, 954 }, // U+1ED4
    { 6, 10, 102, 0, 9, 15, 978 }, // U+1ED5
    { 8, 13, 131, 0, 12, 26, 993 }, // U+1ED6
    { 6, 11, 102, 0, 10, 17, 1019 }, // U+1ED7
    { 8, 13, 131, 0, 10, 26, 1036 }, // U+1ED8
    { 6, 11, 102, 0, 8, 17, 1062 }, // U+1ED9
    { 9, 11, 141, 0, 10, 25, 1079 }, // U+1EDA
    { 7, 9, 112, 0, 8, 16, 1104 }, // U+1EDB
    { 9, 11, 141, 0, 10, 25, 1120 }, // U+1EDC
    { 7, 9, 112, 0, 8, 16, 1145 }, // U+1EDD
    { 9, 12, 141, 0, 11, 27, 1161 }, // U+1EDE
    { 7, 10, 112, 0, 9, 18, 1188 }, // U+1EDF
    { 9, 11, 141, 0, 10, 25, 1206 }, // U+1EE0
    { 7, 9, 112, 0, 8, 16, 1231 }, // U+1EE1
    { 9, 12, 141, 0, 9, 27, 1247 }, // U+1EE2
    { 7, 10, 112, 0, 7, 18, 1274 }, // U+1EE3
    { 8, 11, 125, 0, 8, 22, 1292 }, // U+1EE4
    { 7, 9, 111, 0, 6, 16, 1314 }, // U+1EE5
    { 8, 12, 125, 0, 11, 24, 1330 }, // U+1EE6
    { 7, 10, 111, 0, 9, 18, 1354 }, // U+1EE7
    { 9, 11, 142, 0, 10, 25, 1372 }, // U+1EE8
    { 9, 9, 130, 0, 8, 21, 1397 }, // U+1EE9
    { 9, 11, 142, 0, 10, 25, 1418 }, // U+1EEA
    { 9, 9, 130, 0, 8, 21, 1443 }, // U+1EEB
    { 9, 12, 142, 0, 11, 27, 1464 }, // U+1EEC
    { 9, 10, 130, 0, 9, 23, 1491 }, // U+1EED
    { 9, 11, 142, 0, 10, 25, 1514 }, // U+1EEE
    { 9, 9, 130, 0, 8, 21, 1539 }, // U+1EEF
    { 9, 12, 142, 0, 9, 27, 1560 }, // U+1EF0
    { 9, 10, 130, 0, 7, 23, 1587 }, // U+1EF1
    { 8, 10, 116, 0, 10, 20, 1610 }, // U+1EF2
    { 7, 11, 97, 0, 8, 20, 1630 }, // U+1EF3
    { 8, 11, 116, 0, 8, 22, 1650 }, // U+1EF4
    { 7, 9, 97, 0, 6, 16, 1672 }, // U+1EF5
    { 8, 11, 116, 0, 11, 22, 1688 }, // U+1EF6
    { 7, 12, 97, 0, 9, 21, 1710 }, // U+1EF7
    { 8, 10, 116, 0, 10, 20, 1731 }, // U+1EF8
    { 7, 11, 97, 0, 8, 20, 1751 }, // U+1EF9
    { 0, 0, 83, 0, 0, 0, 0 }, // U+2000
    { 0, 0, 167, 0, 0, 0, 0 }, // U+2001
    { 0, 0, 83, 0, 0, 0, 0 }, // U+2002
    { 0, 0, 167, 0, 0, 0, 0 }, // U+2003
    { 0, 0, 56, 0, 0, 0, 0 }, // U+2004
    { 0, 0, 42, 0, 0, 0, 0 }, // U+2005
    { 0, 0, 28, 0, 0, 0, 0 }, // U+2006
    { 0, 0, 94, 0, 0, 0, 0 }, // U+2007
    { 0, 0, 49, 0, 0, 0, 0 }, // U+2008
    { 0, 0, 28, 0, 0, 0, 0 }, // U+2009
    { 0, 0, 17, 0, 0, 0, 0 }, // U+200A
    { 0, 0, 0, 0, 0, 0, 0 }, // U+200B
    { 2, 9, 0, -1, 7, 5, 0 }, // U+200C
    { 4, 10, 0, -2, 8, 10, 5 }, // U+200D
    { 4, 10, 0, -1, 8, 10, 15 }, // U+200E
    { 4, 10, 0, -3, 8, 10, 25 }, // U+200F
    { 3, 2, 52, 0, 4, 2, 35 }, // U+2010
    { 3, 2, 52, 0, 4, 2, 37 }, // U+2011
    { 6, 2, 94, 0, 5, 3, 39 }, // U+2012
    { 7, 2, 83, -1, 4, 4, 42 }, // U+2013
    { 12, 2, 167, -1, 4, 6, 46 }, // U+2014
    { 12, 2, 167, -1, 4, 6, 52 }, // U+2015
    { 4, 11, 93, 1, 8, 11, 58 }, // U+2016
    { 6, 3, 69, -1, 0, 5, 69 }, // U+2017
    { 3, 4, 47, 0, 8, 3, 74 }, // U+2018
    { 3, 4, 47, 0, 8, 3, 77 }, // U+2019
    { 3, 4, 49, 0, 2, 3, 80 }, // U+201A
    { 3, 4, 47, 0, 8, 3, 83 }, // U+201B
    { 5, 4, 82, 0, 8, 5, 86 }, // U+201C
    { 5, 4, 82, 0, 8, 5, 91 }, // U+201D
    { 5, 4, 82, 0, 2, 5, 96 }, // U+201E
    { 5, 4, 82, 0, 8, 5, 101 }, // U+201F
    { 5, 10, 80, 0, 8, 13, 106 }, // U+2020
    { 5, 10, 80, 0, 8, 13, 119 }, // U+2021
    { 4, 4, 67, 0, 6, 4, 132 }, // U+2022
    { 4, 4, 83, 1, 6, 4, 136 }, // U+2023
    { 3, 3, 49, 0, 5, 3, 140 }, // U+2024
    { 6, 3, 96, 0, 5, 5, 143 }, // U+2025
    { 9, 3, 152, 0, 2, 7, 148 }, // U+2026
    { 3, 3, 49, 0, 4, 3, 155 }, // U+2027
    { 0, 0, 100, 0, 0, 0, 158 }, // U+2028
    { 0, 0, 100, 0, 0, 0, 158 }, // U+2029
    { 4, 9, 0, -1, 7, 9, 158 }, // U+202A
    { 4, 9, 0, -3, 7, 9, 167 }, // U+202B
    { 4, 10, 0, -2, 8, 10, 176 }, // U+202C
    { 4, 10, 0, -2, 8, 10, 186 }, // U+202D
    { 4, 10, 0, -2, 8, 10, 196 }, // U+202E
    { 0, 0, 28, 0, 0, 0, 206 }, // U+202F
    { 14, 9, 218, 0, 8, 32, 206 }, // U+2030
    { 18, 9, 288, 0, 8, 41, 238 }, // U+2031
    { 3, 4, 42, 0, 8, 3, 279 }, // U+2032
    { 5, 4, 82, 0, 8, 5, 282 }, // U+2033
    { 8, 4, 122, 0, 8, 8, 287 }, // U+2034
    { 3, 4, 42, 0, 8, 3, 295 }, // U+2035
    { 5, 4, 82, 0, 8, 5, 298 }, // U+2036
    { 8, 4, 122, 0, 8, 8, 303 }, // U+2037
    { 5, 4, 73, 0, 1, 5, 311 }, // U+2038
    { 3, 5, 59, 0, 5, 4, 316 }, // U+2039
    { 3, 5, 59, 0, 5, 4, 320 }, // U+203A
    { 8, 8, 137, 0, 8, 16, 324 }, // U+203B
    { 5, 9, 105, 1, 8, 12, 340 }, // U+203C
    { 6, 9, 103, 0, 8, 14, 352 }, // U+203D
    { 6, 2, 77, -1, 9, 3, 366 }, // U+203E
    { 8, 3, 0, -4, 0, 6, 369 }, // U+203F
    { 10, 3, 0, -5, 9, 8, 375 }, // U+2040
    { 5, 8, 75, 0, 8, 10, 383 }, // U+2041
    { 11, 8, 167, 0, 8, 22, 393 }, // U+2042
    { 4, 3, 60, 0, 5, 3, 415 }, // U+2043
    { 5, 8, 10, -2, 8, 10, 418 }, // U+2044
    { 3, 10, 69, 1, 8, 8, 428 }, // U+2045
    { 4, 10, 69, 0, 8, 10, 436 }, // U+2046
    { 11, 9, 178, 0, 8, 25, 446 }, // U+2047
    { 8, 9, 141, 0, 8, 18, 471 }, // U+2048
    { 8, 9, 142, 1, 8, 18, 489 }, // U+2049
    { 6, 8, 102, 0, 6, 12, 507 }, // U+204A
    { 7, 10, 105, 0, 8, 18, 519 }, // U+204B
    { 6, 5, 103, 0, 6, 8, 537 }, // U+204C
    { 7, 5, 103, 0, 6, 9, 545 }, // U+204D
    { 5, 5, 84, 0, 6, 7, 554 }, // U+204E
    { 3, 8, 51, 0, 6, 6, 561 }, // U+204F
    { 8, 9, 128, 0, 8, 18, 567 }, // U+2050
    { 5, 9, 84, 0, 8, 12, 585 }, // U+2051
    { 4, 9, 67, 0, 8, 9, 597 }, // U+2052
    { 6, 3, 93, 0, 5, 5, 606 }, // U+2053
    { 8, 3, 0, -4, 0, 6, 611 }, // U+2054
    { 6, 6, 90, 0, 7, 9, 617 }, // U+2055
    { 6, 7, 105, 0, 6, 11, 626 }, // U+2056
    { 10, 4, 162, 0, 8, 10, 637 }, // U+2057
    { 8, 7, 128, 0, 6, 14, 647 }, // U+2058
    { 8, 7, 128, 0, 6, 14, 661 }, // U+2059
    { 3, 9, 51, 0, 8, 7, 675 }, // U+205A
    { 8, 9, 128, 0, 8, 18, 682 }, // U+205B
    { 7, 6, 116, 0, 6, 11, 700 }, // U+205C
    { 3, 9, 51, 0, 8, 7, 711 }, // U+205D
    { 3, 9, 51, 0, 8, 7, 718 }, // U+205E
    { 0, 0, 37, 0, 0, 0, 725 }, // U+205F
    { 0, 0, 100, 0, 0, 0, 725 }, // U+2060
    { 0, 0, 100, 0, 0, 0, 725 }, // U+2061
    { 0, 0, 100, 0, 0, 0, 725 }, // U+2062
    { 0, 0, 100, 0, 0, 0, 725 }, // U+2063
    { 0, 0, 100, 0, 0, 0, 725 }, // U+2064
    { 0, 0, 0, 0, 0, 0, 725 }, // U+2066
    { 0, 0, 0, 0, 0, 0, 725 }, // U+2067
    { 0, 0, 0, 0, 0, 0, 725 }, // U+2068
    { 0, 0, 0, 0, 0, 0, 725 }, // U+2069
    { 4, 10, 0, -2, 8, 10, 725 }, // U+206A
    { 4, 10, 0, -2, 8, 10, 735 }, // U+206B
    { 4, 10, 0, -2, 8, 10, 745 }, // U+206C
    { 4, 10, 0, -2, 8, 10, 755 }, // U+206D
    { 4, 10, 0, -2, 8, 10, 765 }, // U+206E
    { 4, 10, 0, -2, 8, 10, 775 }, // U+206F
    { 4, 6, 67, 0, 9, 6, 0 }, // U+2070
    { 3, 6, 38, 0, 8, 5, 6 }, // U+2071
    { 4, 5, 67, 0, 9, 5, 11 }, // U+2074
    { 4, 6, 67, 0, 9, 6, 16 }, // U+2075
    { 4, 6, 67, 0, 9, 6, 22 }, // U+2076
    { 4, 5, 67, 0, 9, 5, 28 }, // U+2077
    { 4, 6, 67, 0, 9, 6, 33 }, // U+2078
    { 4, 6, 67, 0, 9, 6, 39 }, // U+2079
    { 4, 4, 67, 0, 8, 4, 45 }, // U+207A
    { 4, 2, 67, 0, 7, 2, 49 }, // U+207B
    { 4, 4, 67, 0, 8, 4, 51 }, // U+207C
    { 3, 7, 42, 0, 10, 6, 55 }, // U+207D
    { 3, 7, 42, -1, 10, 6, 61 }, // U+207E
    { 5, 5, 72, 0, 7, 7, 67 }, // U+207F
    { 4, 6, 67, 0, 4, 6, 74 }, // U+2080
    { 4, 5, 67, 0, 4, 5, 80 }, // U+2081
    { 4, 5, 67, 0, 4, 5, 85 }, // U+2082
    { 4, 6, 67, 0, 4, 6, 90 }, // U+2083
    { 4, 5, 67, 0, 4, 5, 96 }, // U+2084
    { 4, 6, 67, 0, 4, 6, 101 }, // U+2085
    { 4, 6, 67, 0, 4, 6, 107 }, // U+2086
    { 4, 5, 67, 0, 4, 5, 113 }, // U+2087
    { 4, 6, 67, 0, 4, 6, 118 }, // U+2088
    { 4, 6, 67, 0, 4, 6, 124 }, // U+2089
    { 4, 4, 67, 0, 3, 4, 130 }, // U+208A
    { 4, 2, 67, 0, 2, 2, 134 }, // U+208B
    { 4, 4, 67, 0, 3, 4, 136 }, // U+208C
    { 3, 7, 42, 0, 5, 6, 140 }, // U+208D
    { 3, 7, 42, -1, 5, 6, 146 }, // U+208E
    { 4, 5, 65, 0, 3, 5, 152 }, // U+2090
    { 4, 5, 62, 0, 3, 5, 157 }, // U+2091
    { 4, 5, 67, 0, 3, 5, 162 }, // U+2092
    { 5, 4, 70, 0, 3, 5, 167 }, // U+2093
    { 4, 5, 62, 0, 3, 5, 172 }, // U+2094
    { 5, 5, 72, 0, 4, 7, 177 }, // U+2095
    { 5, 5, 69, 0, 4, 7, 184 }, // U+2096
    { 3, 5, 38, 0, 4, 4, 191 }, // U+2097
    { 7, 4, 107, 0, 3, 7, 195 }, // U+2098
    { 5, 4, 72, 0, 3, 5, 202 }, // U+2099
    { 5, 6, 70, 0, 3, 8, 207 }, // U+209A
    { 4, 5, 52, 0, 3, 5, 215 }, // U+209B
    { 3, 6, 44, 0, 4, 5, 220 }, // U+209C
    { 8, 8, 128, 0, 8, 16, 0 }, // U+20A0
    { 7, 9, 112, 0, 8, 16, 16 }, // U+20A1
    { 7, 9, 112, 0, 8, 16, 32 }, // U+20A2
    { 6, 8, 94, 0, 8, 12, 48 }, // U+20A3
    { 6, 9, 94, 0, 8, 14, 60 }, // U+20A4
    { 11, 9, 164, 0, 7, 25, 74 }, // U+20A5
    { 9, 8, 131, 0, 8, 18, 99 }, // U+20A6
    { 9, 9, 150, 0, 8, 21, 117 }, // U+20A7
    { 12, 9, 192, 0, 8, 27, 138 }, // U+20A8
    { 13, 8, 178, -1, 8, 26, 165 }, // U+20A9
    { 9, 7, 149, 0, 7, 16, 191 }, // U+20AA
    { 7, 10, 108, 0, 8, 18, 207 }, // U+20AB
    { 6, 9, 93, 0, 8, 14, 225 }, // U+20AC
    { 8, 8, 122, 0, 8, 16, 239 }, // U+20AD
    { 7, 8, 109, 0, 8, 14, 255 }, // U+20AE
    { 12, 12, 185, 0, 9, 36, 269 }, // U+20AF
    { 7, 11, 106, 0, 8, 20, 305 }, // U+20B0
    { 7, 8, 106, 0, 8, 14, 325 }, // U+20B1
    { 8, 10, 128, 0, 9, 20, 339 }, // U+20B2
    { 8, 8, 126, 0, 8, 16, 359 }, // U+20B3
    { 7, 9, 97, -1, 8, 16, 375 }, // U+20B4
    { 7, 10, 112, 0, 9, 18, 391 }, // U+20B5
    { 7, 9, 99, 0, 8, 16, 409 }, // U+20B6
    { 6, 9, 94, 0, 8, 14, 425 }, // U+20B7
    { 6, 8, 94, 0, 8, 12, 439 }, // U+20B8
    { 6, 8, 93, 0, 8, 12, 451 }, // U+20B9
    { 6, 8, 94, 0, 8, 12, 463 }, // U+20BA
    { 7, 9, 109, 0, 8, 16, 475 }, // U+20BB
    { 8, 8, 131, 0, 8, 16, 491 }, // U+20BC
    { 6, 8, 98, 0, 8, 12, 507 }, // U+20BD
    { 7, 8, 117, 0, 8, 14, 519 }, // U+20BE
    { 6, 10, 94, 0, 9, 15, 533 }, // U+20BF
    { 6, 8, 88, 0, 6, 12, 548 }, // U+20C0
    { 6, 2, 96, 0, 5, 3, 0 }, // U+2212
    { 9, 9, 127, 0, 9, 21, 0 }, // U+FB00
    { 8, 9, 120, 0, 9, 18, 21 }, // U+FB01
    { 8, 9, 120, 0, 9, 18, 39 }, // U+FB02
    { 12, 9, 179, 0, 9, 27, 57 }, // U+FB03
    { 12, 9, 179, 0, 9, 27, 84 }, // U+FB04
    { 8, 10, 126, 0, 9, 20, 111 }, // U+FB05
    { 9, 10, 145, 0, 9, 23, 131 }, // U+FB06
    { 10, 10, 167, 0, 8, 25, 0 }, // U+FFFD
};

static const EpdUnicodeInterval notoserif_5_boldIntervals[] = {
    { 0x0, 0x0, 0x0 },
    { 0xD, 0xD, 0x1 },
    { 0x20, 0x7E, 0x2 },
    { 0xA0, 0x17F, 0x61 },
    { 0x1A0, 0x1A1, 0x141 },
    { 0x1AF, 0x1B0, 0x143 },
    { 0x1C4, 0x21F, 0x145 },
    { 0x300, 0x36F, 0x1A1 },
    { 0x400, 0x4FF, 0x211 },
    { 0x1EA0, 0x1EF9, 0x311 },
    { 0x2000, 0x2064, 0x36B },
    { 0x2066, 0x2071, 0x3D0 },
    { 0x2074, 0x208E, 0x3DC },
    { 0x2090, 0x209C, 0x3F7 },
    { 0x20A0, 0x20C0, 0x404 },
    { 0x2212, 0x2212, 0x425 },
    { 0xFB00, 0xFB06, 0x426 },
    { 0xFFFD, 0xFFFD, 0x42D },
};

static const EpdFontGroup notoserif_5_boldGroups[] = {
    { 0, 1031, 1391, 97, 0 },
    { 1031, 871, 1557, 96, 97 },
    { 1902, 1121, 2502, 128, 193 },
    { 3023, 1102, 2148, 96, 321 },
    { 4125, 345, 438, 112, 417 },
    { 4470, 2905, 5074, 256, 529 },
    { 7375, 641, 2050, 90, 785 },
    { 8016, 645, 911, 111, 875 },
    { 8661, 175, 252, 42, 986 },
    { 8836, 582, 648, 33, 1028 },
    { 9418, 6, 4, 1, 1061 },
    { 9424, 120, 167, 7, 1062 },
    { 9544, 33, 30, 1, 1069 },
};

static const EpdKernClassEntry notoserif_5_boldKernLeftClasses[] = {
    { 0x0022, 1 }, // "
    { 0x0026, 2 }, // &
    { 0x0027, 1 }, // '
    { 0x002A, 3 }, // *
    { 0x002C, 4 }, // ,
    { 0x002E, 4 }, // .
    { 0x0040, 5 }, // @
    { 0x0041, 6 }, // A
    { 0x0042, 7 }, // B
    { 0x0044, 8 }, // D
    { 0x0045, 9 }, // E
    { 0x0046, 10 }, // F
    { 0x0047, 11 }, // G
    { 0x004B, 12 }, // K
    { 0x004C, 13 }, // L
    { 0x004E, 14 }, // N
    { 0x004F, 8 }, // O
    { 0x0050, 3 }, // P
    { 0x0051, 8 }, // Q
    { 0x0052, 15 }, // R
    { 0x0053, 16 }, // S
    { 0x0054, 17 }, // T
    { 0x0055, 18 }, // U
    { 0x0056, 19 }, // V
    { 0x0057, 20 }, // W
    { 0x0058, 21 }, // X
    { 0x0059, 22 }, // Y
    { 0x0061, 23 }, // a
    { 0x0062, 24 }, // b
    { 0x0065, 25 }, // e
    { 0x0066, 26 }, // f
    { 0x0067, 27 }, // g
    { 0x0068, 23 }, // h
    { 0x006B, 28 }, // k
    { 0x006D, 23 }, // m
    { 0x006E, 23 }, // n
    { 0x006F, 24 }, // o
    { 0x0070, 24 }, // p
    { 0x0072, 29 }, // r
    { 0x0073, 30 }, // s
    { 0x0076, 31 }, // v
    { 0x0077, 32 }, // w
    { 0x0079, 33 }, // y
    { 0x00A1, 34 }, // U+00A1
    { 0x00BF, 35 }, // U+00BF
    { 0x00C0, 36 }, // U+00C0
    { 0x00C1, 36 }, // U+00C1
    { 0x00C2, 36 }, // U+00C2
    { 0x00C3, 36 }, // U+00C3
    { 0x00C4, 36 }, // U+00C4
    { 0x00C5, 36 }, // U+00C5
    { 0x00C6, 9 }, // U+00C6
    { 0x00C8, 9 }, // U+00C8
    { 0x00C9, 9 }, // U+00C9
    { 0x00CA, 9 }, // U+00CA
    { 0x00CB, 9 }, // U+00CB
    { 0x00D0, 8 }, // U+00D0
    { 0x00D1, 14 }, // U+00D1
    { 0x00D2, 8 }, // U+00D2
    { 0x00D3, 8 }, // U+00D3
    { 0x00D4, 8 }, // U+00D4
    { 0x00D5, 8 }, // U+00D5
    { 0x00D6, 8 }, // U+00D6
    { 0x00D8, 8 }, // U+00D8
    { 0x00D9, 18 }, // U+00D9
    { 0x00DA, 18 }, // U+00DA
    { 0x00DB, 18 }, // U+00DB
    { 0x00DC, 18 }, // U+00DC
    { 0x00DD, 22 }, // U+00DD
    { 0x00DE, 8 }, // U+00DE
    { 0x00DF, 24 }, // U+00DF
    { 0x00E0, 23 }, // U+00E0
    { 0x00E1, 23 }, // U+00E1
    { 0x00E2, 23 }, // U+00E2
    { 0x00E3, 23 }, // U+00E3
    { 0x00E4, 23 }, // U+00E4
    { 0x00E5, 23 }, // U+00E5
    { 0x00E6, 25 }, // U+00E6
    { 0x00E8, 25 }, // U+00E8
    { 0x00E9, 25 }, // U+00E9
    { 0x00EA, 25 }, // U+00EA
    { 0x00EB, 25 }, // U+00EB
    { 0x00F0, 24 }, // U+00F0
    { 0x00F1, 23 }, // U+00F1
    { 0x00F2, 24 }, // U+00F2
    { 0x00F3, 24 }, // U+00F3
    { 0x00F4, 24 }, // U+00F4
    { 0x00F5, 24 }, // U+00F5
    { 0x00F6, 24 }, // U+00F6
    { 0x00F8, 24 }, // U+00F8
    { 0x00FD, 33 }, // U+00FD
    { 0x00FE, 24 }, // U+00FE
    { 0x00FF, 33 }, // U+00FF
    { 0x0100, 6 }, // U+0100
    { 0x0102, 36 }, // U+0102
    { 0x0104, 36 }, // U+0104
    { 0x010E, 8 }, // U+010E
    { 0x010F, 37 }, // U+010F
    { 0x0110, 8 }, // U+0110
    { 0x0112, 9 }, // U+0112
    { 0x0113, 25 }, // U+0113
    { 0x0114, 9 }, // U+0114
    { 0x0115, 25 }, // U+0115
    { 0x0116, 9 }, // U+0116
    { 0x0117, 25 }, // U+0117
    { 0x0118, 9 }, // U+0118
    { 0x0119, 25 }, // U+0119
    { 0x011A, 9 }, // U+011A
    { 0x011B, 25 }, // U+011B
    { 0x011C, 11 }, // U+011C
    { 0x011E, 11 }, // U+011E
    { 0x0120, 11 }, // U+0120
    { 0x0122, 11 }, // U+0122
    { 0x0125, 23 }, // U+0125
    { 0x0127, 23 }, // U+0127
    { 0x0129, 38 }, // U+0129
    { 0x0136, 12 }, // U+0136
    { 0x0137, 28 }, // U+0137
    { 0x0138, 28 }, // U+0138
    { 0x0139, 13 }, // U+0139
    { 0x013B, 13 }, // U+013B
    { 0x013E, 37 }, // U+013E
    { 0x0141, 13 }, // U+0141
    { 0x0143, 14 }, // U+0143
    { 0x0144, 23 }, // U+0144
    { 0x0145, 14 }, // U+0145
    { 0x0146, 23 }, // U+0146
    { 0x0147, 14 }, // U+0147
    { 0x0148, 23 }, // U+0148
    { 0x0149, 23 }, // U+0149
    { 0x014B, 23 }, // U+014B
    { 0x014C, 8 }, // U+014C
    { 0x014D, 24 }, // U+014D
    { 0x014E, 8 }, // U+014E
    { 0x014F, 24 }, // U+014F
    { 0x0150, 8 }, // U+0150
    { 0x0151, 24 }, // U+0151
    { 0x0152, 9 }, // U+0152
    { 0x0153, 25 }, // U+0153
    { 0x0154, 15 }, // U+0154
    { 0x0155, 29 }, // U+0155
    { 0x0156, 15 }, // U+0156
    { 0x0157, 29 }, // U+0157
    { 0x0158, 15 }, // U+0158
    { 0x0159, 29 }, // U+0159
    { 0x015A, 16 }, // U+015A
    { 0x015B, 30 }, // U+015B
    { 0x015C, 16 }, // U+015C
    { 0x015D, 30 }, // U+015D
    { 0x015E, 16 }, // U+015E
    { 0x015F, 30 }, // U+015F
    { 0x0160, 16 }, // U+0160
    { 0x0161, 30 }, // U+0161
    { 0x0162, 17 }, // U+0162
    { 0x0164, 17 }, // U+0164
    { 0x0165, 39 }, // U+0165
    { 0x0166, 17 }, // U+0166
    { 0x0168, 18 }, // U+0168
    { 0x016A, 18 }, // U+016A
    { 0x016C, 18 }, // U+016C
    { 0x016E, 18 }, // U+016E
    { 0x0170, 18 }, // U+0170
    { 0x0172, 18 }, // U+0172
    { 0x0174, 20 }, // U+0174
    { 0x0175, 32 }, // U+0175
    { 0x0176, 22 }, // U+0176
    { 0x0177, 33 }, // U+0177
    { 0x0178, 22 }, // U+0178
    { 0x01A0, 40 }, // U+01A0
    { 0x01A1, 41 }, // U+01A1
    { 0x01AF, 42 }, // U+01AF
    { 0x01B0, 43 }, // U+01B0
    { 0x01FA, 6 }, // U+01FA
    { 0x01FC, 9 }, // U+01FC
    { 0x01FD, 25 }, // U+01FD
    { 0x01FE, 8 }, // U+01FE
    { 0x01FF, 24 }, // U+01FF
    { 0x0218, 16 }, // U+0218
    { 0x0219, 30 }, // U+0219
    { 0x021A, 17 }, // U+021A
    { 0x0402, 44 }, // U+0402
    { 0x0409, 45 }, // U+0409
    { 0x040A, 45 }, // U+040A
    { 0x040E, 46 }, // U+040E
    { 0x0423, 46 }, // U+0423
    { 0x042A, 45 }, // U+042A
    { 0x042C, 45 }, // U+042C
    { 0x0431, 47 }, // U+0431
    { 0x043E, 48 }, // U+043E
    { 0x0440, 48 }, // U+0440
    { 0x0444, 49 }, // U+0444
    { 0x044D, 49 }, // U+044D
    { 0x044E, 49 }, // U+044E
    { 0x0457, 50 }, // U+0457
    { 0x0460, 51 }, // U+0460
    { 0x0462, 52 }, // U+0462
    { 0x0465, 53 }, // U+0465
    { 0x0466, 54 }, // U+0466
    { 0x0468, 54 }, // U+0468
    { 0x046A, 55 }, // U+046A
    { 0x046C, 55 }, // U+046C
    { 0x046E, 56 }, // U+046E
    { 0x046F, 24 }, // U+046F
    { 0x0472, 51 }, // U+0472
    { 0x0473, 48 }, // U+0473
    { 0x0474, 57 }, // U+0474
    { 0x0476, 57 }, // U+0476
    { 0x0478, 33 }, // U+0478
    { 0x0479, 58 }, // U+0479
    { 0x047A, 51 }, // U+047A
    { 0x047B, 48 }, // U+047B
    { 0x047C, 51 }, // U+047C
    { 0x047D, 24 }, // U+047D
    { 0x047E, 51 }, // U+047E
    { 0x0481, 53 }, // U+0481
    { 0x048C, 52 }, // U+048C
    { 0x048D, 24 }, // U+048D
    { 0x048E, 59 }, // U+048E
    { 0x048F, 48 }, // U+048F
    { 0x0490, 60 }, // U+0490
    { 0x0491, 61 }, // U+0491
    { 0x0493, 61 }, // U+0493
    { 0x0494, 62 }, // U+0494
    { 0x0496, 55 }, // U+0496
    { 0x0497, 63 }, // U+0497
    { 0x0498, 56 }, // U+0498
    { 0x0499, 48 }, // U+0499
    { 0x049A, 55 }, // U+049A
    { 0x049B, 63 }, // U+049B
    { 0x049C, 55 }, // U+049C
    { 0x049D, 63 }, // U+049D
    { 0x049E, 55 }, // U+049E
    { 0x049F, 63 }, // U+049F
    { 0x04A0, 55 }, // U+04A0
    { 0x04A1, 63 }, // U+04A1
    { 0x04A3, 64 }, // U+04A3
    { 0x04A4, 60 }, // U+04A4
    { 0x04A5, 61 }, // U+04A5
    { 0x04A6, 62 }, // U+04A6
    { 0x04A8, 51 }, // U+04A8
    { 0x04AB, 53 }, // U+04AB
    { 0x04AC, 60 }, // U+04AC
    { 0x04AD, 61 }, // U+04AD
    { 0x04B2, 65 }, // U+04B2
    { 0x04B3, 63 }, // U+04B3
    { 0x04B5, 64 }, // U+04B5
    { 0x04B7, 64 }, // U+04B7
    { 0x04BA, 62 }, // U+04BA
    { 0x04BC, 51 }, // U+04BC
    { 0x04BD, 48 }, // U+04BD
    { 0x04BE, 51 }, // U+04BE
    { 0x04BF, 48 }, // U+04BF
    { 0x04C3, 62 }, // U+04C3
    { 0x04C6, 64 }, // U+04C6
    { 0x04D0, 54 }, // U+04D0
    { 0x04D1, 23 }, // U+04D1
    { 0x04D2, 54 }, // U+04D2
    { 0x04D3, 23 }, // U+04D3
    { 0x04D4, 66 }, // U+04D4
    { 0x04D5, 48 }, // U+04D5
    { 0x04D6, 66 }, // U+04D6
    { 0x04D7, 48 }, // U+04D7
    { 0x04D8, 51 }, // U+04D8
    { 0x04D9, 48 }, // U+04D9
    { 0x04DA, 51 }, // U+04DA
    { 0x04DB, 48 }, // U+04DB
    { 0x04E0, 56 }, // U+04E0
    { 0x04E6, 51 }, // U+04E6
    { 0x04E7, 48 }, // U+04E7
    { 0x04E8, 51 }, // U+04E8
    { 0x04E9, 48 }, // U+04E9
    { 0x04EA, 51 }, // U+04EA
    { 0x04EB, 48 }, // U+04EB
    { 0x04ED, 48 }, // U+04ED
    { 0x04EE, 46 }, // U+04EE
    { 0x04EF, 58 }, // U+04EF
    { 0x04F0, 46 }, // U+04F0
    { 0x04F1, 58 }, // U+04F1
    { 0x04F2, 46 }, // U+04F2
    { 0x04F3, 58 }, // U+04F3
    { 0x04F6, 60 }, // U+04F6
    { 0x04F7, 61 }, // U+04F7
    { 0x04FB, 61 }, // U+04FB
    { 0x04FC, 65 }, // U+04FC
    { 0x04FD, 63 }, // U+04FD
    { 0x04FE, 65 }, // U+04FE
    { 0x04FF, 63 }, // U+04FF
    { 0x1EA0, 36 }, // U+1EA0
    { 0x1EA1, 23 }, // U+1EA1
    { 0x1EA2, 36 }, // U+1EA2
    { 0x1EA3, 23 }, // U+1EA3
    { 0x1EA4, 36 }, // U+1EA4
    { 0x1EA5, 23 }, // U+1EA5
    { 0x1EA6, 36 }, // U+1EA6
    { 0x1EA7, 23 }, // U+1EA7
    { 0x1EA8, 36 }, // U+1EA8
    { 0x1EA9, 23 }, // U+1EA9
    { 0x1EAA, 36 }, // U+1EAA
    { 0x1EAB, 23 }, // U+1EAB
    { 0x1EAC, 36 }, // U+1EAC
    { 0x1EAD, 23 }, // U+1EAD
    { 0x1EAE, 36 }, // U+1EAE
    { 0x1EAF, 23 }, // U+1EAF
    { 0x1EB0, 36 }, // U+1EB0
    { 0x1EB1, 23 }, // U+1EB1
    { 0x1EB2, 36 }, // U+1EB2
    { 0x1EB3, 23 }, // U+1EB3
    { 0x1EB4, 36 }, // U+1EB4
    { 0x1EB5, 23 }, // U+1EB5
    { 0x1EB6, 36 }, // U+1EB6
    { 0x1EB7, 23 }, // U+1EB7
    { 0x1EB8, 9 }, // U+1EB8
    { 0x1EB9, 25 }, // U+1EB9
    { 0x1EBA, 9 }, // U+1EBA
    { 0x1EBB, 25 }, // U+1EBB
    { 0x1EBC, 9 }, // U+1EBC
    { 0x1EBD, 25 }, // U+1EBD
    { 0x1EBE, 9 }, // U+1EBE
    { 0x1EBF, 25 }, // U+1EBF
    { 0x1EC0, 9 }, // U+1EC0
    { 0x1EC1, 25 }, // U+1EC1
    { 0x1EC2, 9 }, // U+1EC2
    { 0x1EC3, 25 }, // U+1EC3
    { 0x1EC4, 9 }, // U+1EC4
    { 0x1EC5, 25 }, // U+1EC5
    { 0x1EC6, 9 }, // U+1EC6
    { 0x1EC7, 25 }, // U+1EC7
    { 0x1ECC, 8 }, // U+1ECC
    { 0x1ECD, 24 }, // U+1ECD
    { 0x1ECE, 8 }, // U+1ECE
    { 0x1ECF, 24 }, // U+1ECF
    { 0x1ED0, 8 }, // U+1ED0
    { 0x1ED1, 24 }, // U+1ED1
    { 0x1ED2, 8 }, // U+1ED2
    { 0x1ED3, 24 }, // U+1ED3
    { 0x1ED4, 8 }, // U+1ED4
    { 0x1ED5, 24 }, // U+1ED5
    { 0x1ED6, 8 }, // U+1ED6
    { 0x1ED7, 24 }, // U+1ED7
    { 0x1ED8, 8 }, // U+1ED8
    { 0x1ED9, 24 }, // U+1ED9
    { 0x1EDA, 40 }, // U+1EDA
    { 0x1EDB, 41 }, // U+1EDB
    { 0x1EDC, 40 }, // U+1EDC
    { 0x1EDD, 41 }, // U+1EDD
    { 0x1EDE, 40 }, // U+1EDE
    { 0x1EDF, 41 }, // U+1EDF
    { 0x1EE0, 40 }, // U+1EE0
    { 0x1EE1, 41 }, // U+1EE1
    { 0x1EE2, 40 }, // U+1EE2
    { 0x1EE3, 41 }, // U+1EE3
    { 0x1EE4, 18 }, // U+1EE4
    { 0x1EE6, 18 }, // U+1EE6
    { 0x1EE8, 42 }, // U+1EE8
    { 0x1EE9, 43 }, // U+1EE9
    { 0x1EEA, 42 }, // U+1EEA
    { 0x1EEB, 43 }, // U+1EEB
    { 0x1EEC, 42 }, // U+1EEC
    { 0x1EED, 43 }, // U+1EED
    { 0x1EEE, 42 }, // U+1EEE
    { 0x1EEF, 43 }, // U+1EEF
    { 0x1EF0, 42 }, // U+1EF0
    { 0x1EF1, 43 }, // U+1EF1
    { 0x1EF2, 22 }, // U+1EF2
    { 0x1EF3, 33 }, // U+1EF3
    { 0x1EF4, 22 }, // U+1EF4
    { 0x1EF5, 33 }, // U+1EF5
    { 0x1EF6, 22 }, // U+1EF6
    { 0x1EF7, 33 }, // U+1EF7
    { 0x1EF8, 22 }, // U+1EF8
    { 0x1EF9, 33 }, // U+1EF9
    { 0x2018, 67 }, // U+2018
    { 0x2019, 68 }, // U+2019
    { 0x201A, 4 }, // U+201A
    { 0x201C, 67 }, // U+201C
    { 0x201D, 68 }, // U+201D
    { 0x201E, 4 }, // U+201E
    { 0x2026, 4 }, // U+2026
    { 0x207D, 69 }, // U+207D
    { 0x208D, 70 }, // U+208D
    { 0xFB00, 26 }, // U+FB00
};

static const EpdKernClassEntry notoserif_5_boldKernRightClasses[] = {
    { 0x0021, 1 }, // !
    { 0x0022, 2 }, // "
    { 0x0026, 3 }, // &
    { 0x0027, 2 }, // '
    { 0x0029, 4 }, // )
    { 0x002A, 5 }, // *
    { 0x002C, 6 }, // ,
    { 0x002E, 7 }, // .
    { 0x003A, 8 }, // :
    { 0x003B, 8 }, // ;
    { 0x003F, 9 }, // ?
    { 0x0040, 10 }, // @
    { 0x0041, 11 }, // A
    { 0x0042, 12 }, // B
    { 0x0043, 13 }, // C
    { 0x0044, 12 }, // D
    { 0x0045, 12 }, // E
    { 0x0046, 12 }, // F
    { 0x0047, 13 }, // G
    { 0x0048, 12 }, // H
    { 0x0049, 12 }, // I
    { 0x004A, 14 }, // J
    { 0x004B, 12 }, // K
    { 0x004C, 12 }, // L
    { 0x004D, 12 }, // M
    { 0x004E, 12 }, // N
    { 0x004F, 13 }, // O
    { 0x0050, 12 }, // P
    { 0x0051, 13 }, // Q
    { 0x0052, 12 }, // R
    { 0x0053, 15 }, // S
    { 0x0054, 16 }, // T
    { 0x0055, 17 }, // U
    { 0x0056, 18 }, // V
    { 0x0057, 19 }, // W
    { 0x0058, 20 }, // X
    { 0x0059, 21 }, // Y
    { 0x005A, 22 }, // Z
    { 0x005D, 4 }, // ]
    { 0x0061, 23 }, // a
    { 0x0062, 24 }, // b
    { 0x0063, 25 }, // c
    { 0x0064, 25 }, // d
    { 0x0065, 25 }, // e
    { 0x0067, 26 }, // g
    { 0x0068, 24 }, // h
    { 0x0069, 27 }, // i
    { 0x006B, 24 }, // k
    { 0x006C, 24 }, // l
    { 0x006D, 27 }, // m
    { 0x006E, 27 }, // n
    { 0x006F, 25 }, // o
    { 0x0070, 27 }, // p
    { 0x0071, 25 }, // q
    { 0x0072, 27 }, // r
    { 0x0073, 28 }, // s
    { 0x0074, 29 }, // t
    { 0x0075, 30 }, // u
    { 0x0076, 31 }, // v
    { 0x0077, 32 }, // w
    { 0x0078, 33 }, // x
    { 0x0079, 34 }, // y
    { 0x007A, 35 }, // z
    { 0x007D, 4 }, // }
    { 0x00AB, 36 }, // U+00AB
    { 0x00B7, 37 }, // U+00B7
    { 0x00BB, 36 }, // U+00BB
    { 0x00C0, 11 }, // U+00C0
    { 0x00C1, 11 }, // U+00C1
    { 0x00C2, 11 }, // U+00C2
    { 0x00C3, 11 }, // U+00C3
    { 0x00C4, 11 }, // U+00C4
    { 0x00C5, 11 }, // U+00C5
    { 0x00C6, 38 }, // U+00C6
    { 0x00C7, 13 }, // U+00C7
    { 0x00C8, 12 }, // U+00C8
    { 0x00C9, 12 }, // U+00C9
    { 0x00CA, 12 }, // U+00CA
    { 0x00CB, 12 }, // U+00CB
    { 0x00CC, 12 }, // U+00CC
    { 0x00CD, 12 }, // U+00CD
    { 0x00CE, 12 }, // U+00CE
    { 0x00CF, 12 }, // U+00CF
    { 0x00D0, 12 }, // U+00D0
    { 0x00D1, 12 }, // U+00D1
    { 0x00D2, 13 }, // U+00D2
    { 0x00D3, 13 }, // U+00D3
    { 0x00D4, 13 }, // U+00D4
    { 0x00D5, 13 }, // U+00D5
    { 0x00D6, 13 }, // U+00D6
    { 0x00D8, 13 }, // U+00D8
    { 0x00D9, 17 }, // U+00D9
    { 0x00DA, 17 }, // U+00DA
    { 0x00DB, 17 }, // U+00DB
    { 0x00DC, 17 }, // U+00DC
    { 0x00DD, 21 }, // U+00DD
    { 0x00DE, 12 }, // U+00DE
    { 0x00E0, 23 }, // U+00E0
    { 0x00E1, 23 }, // U+00E1
    { 0x00E2, 23 }, // U+00E2
    { 0x00E3, 23 }, // U+00E3
    { 0x00E4, 23 }, // U+00E4
    { 0x00E5, 23 }, // U+00E5
    { 0x00E6, 23 }, // U+00E6
    { 0x00E7, 25 }, // U+00E7
    { 0x00E8, 25 }, // U+00E8
    { 0x00E9, 25 }, // U+00E9
    { 0x00EA, 25 }, // U+00EA
    { 0x00EB, 25 }, // U+00EB
    { 0x00EC, 39 }, // U+00EC
    { 0x00ED, 27 }, // U+00ED
    { 0x00EE, 39 }, // U+00EE
    { 0x00EF, 39 }, // U+00EF
    { 0x00F0, 25 }, // U+00F0
    { 0x00F1, 27 }, // U+00F1
    { 0x00F2, 25 }, // U+00F2
    { 0x00F3, 25 }, // U+00F3
    { 0x00F4, 25 }, // U+00F4
    { 0x00F5, 25 }, // U+00F5
    { 0x00F6, 25 }, // U+00F6
    { 0x00F8, 25 }, // U+00F8
    { 0x00F9, 30 }, // U+00F9
    { 0x00FA, 30 }, // U+00FA
    { 0x00FB, 30 }, // U+00FB
    { 0x00FC, 30 }, // U+00FC
    { 0x00FD, 34 }, // U+00FD
    { 0x00FE, 24 }, // U+00FE
    { 0x00FF, 34 }, // U+00FF
    { 0x0100, 11 }, // U+0100
    { 0x0101, 23 }, // U+0101
    { 0x0102, 11 }, // U+0102
    { 0x0103, 23 }, // U+0103
    { 0x0104, 11 }, // U+0104
    { 0x0105, 23 }, // U+0105
    { 0x0106, 13 }, // U+0106
    { 0x0107, 25 }, // U+0107
    { 0x0108, 13 }, // U+0108
    { 0x0109, 25 }, // U+0109
    { 0x010A, 13 }, // U+010A
    { 0x010B, 25 }, // U+010B
    { 0x010C, 13 }, // U+010C
    { 0x010D, 25 }, // U+010D
    { 0x010E, 12 }, // U+010E
    { 0x010F, 25 }, // U+010F
    { 0x0110, 12 }, // U+0110
    { 0x0111, 25 }, // U+0111
    { 0x0112, 12 }, // U+0112
    { 0x0113, 25 }, // U+0113
    { 0x0114, 12 }, // U+0114
    { 0x0115, 25 }, // U+0115
    { 0x0116, 12 }, // U+0116
    { 0x0117, 25 }, // U+0117
    { 0x0118, 12 }, // U+0118
    { 0x0119, 25 }, // U+0119
    { 0x011A, 12 }, // U+011A
    { 0x011B, 25 }, // U+011B
    { 0x011C, 13 }, // U+011C
    { 0x011D, 25 }, // U+011D
    { 0x011E, 13 }, // U+011E
    { 0x011F, 25 }, // U+011F
    { 0x0120, 13 }, // U+0120
    { 0x0121, 25 }, // U+0121
    { 0x0122, 13 }, // U+0122
    { 0x0123, 25 }, // U+0123
    { 0x0124, 12 }, // U+0124
    { 0x0125, 24 }, // U+0125
    { 0x0126, 12 }, // U+0126
    { 0x0127, 24 }, // U+0127
    { 0x0128, 12 }, // U+0128
    { 0x0129, 40 }, // U+0129
    { 0x012A, 12 }, // U+012A
    { 0x012B, 39 }, // U+012B
    { 0x012C, 12 }, // U+012C
    { 0x012D, 39 }, // U+012D
    { 0x012E, 12 }, // U+012E
    { 0x012F, 27 }, // U+012F
    { 0x0130, 12 }, // U+0130
    { 0x0132, 12 }, // U+0132
    { 0x0133, 27 }, // U+0133
    { 0x0134, 14 }, // U+0134
    { 0x0136, 12 }, // U+0136
    { 0x0137, 24 }, // U+0137
    { 0x0138, 27 }, // U+0138
    { 0x0139, 12 }, // U+0139
    { 0x013A, 24 }, // U+013A
    { 0x013B, 12 }, // U+013B
    { 0x013C, 24 }, // U+013C
    { 0x013D, 12 }, // U+013D
    { 0x013E, 24 }, // U+013E
    { 0x013F, 12 }, // U+013F
    { 0x0140, 24 }, // U+0140
    { 0x0141, 12 }, // U+0141
    { 0x0142, 24 }, // U+0142
    { 0x0143, 12 }, // U+0143
    { 0x0144, 27 }, // U+0144
    { 0x0145, 12 }, // U+0145
    { 0x0146, 27 }, // U+0146
    { 0x0147, 12 }, // U+0147
    { 0x0148, 27 }, // U+0148
    { 0x014A, 12 }, // U+014A
    { 0x014B, 27 }, // U+014B
    { 0x014C, 13 }, // U+014C
    { 0x014D, 25 }, // U+014D
    { 0x014E, 13 }, // U+014E
    { 0x014F, 25 }, // U+014F
    { 0x0150, 13 }, // U+0150
    { 0x0151, 25 }, // U+0151
    { 0x0152, 13 }, // U+0152
    { 0x0153, 25 }, // U+0153
    { 0x0154, 12 }, // U+0154
    { 0x0155, 27 }, // U+0155
    { 0x0156, 12 }, // U+0156
    { 0x0157, 27 }, // U+0157
    { 0x0158, 12 }, // U+0158
    { 0x015A, 15 }, // U+015A
    { 0x015B, 28 }, // U+015B
    { 0x015C, 15 }, // U+015C
    { 0x015D, 28 }, // U+015D
    { 0x015E, 15 }, // U+015E
    { 0x015F, 28 }, // U+015F
    { 0x0160, 15 }, // U+0160
    { 0x0161, 28 }, // U+0161
    { 0x0162, 16 }, // U+0162
    { 0x0163, 29 }, // U+0163
    { 0x0164, 16 }, // U+0164
    { 0x0165, 29 }, // U+0165
    { 0x0166, 16 }, // U+0166
    { 0x0167, 29 }, // U+0167
    { 0x0168, 17 }, // U+0168
    { 0x0169, 30 }, // U+0169
    { 0x016A, 17 }, // U+016A
    { 0x016B, 30 }, // U+016B
    { 0x016C, 17 }, // U+016C
    { 0x016D, 30 }, // U+016D
    { 0x016E, 17 }, // U+016E
    { 0x016F, 30 }, // U+016F
    { 0x0170, 17 }, // U+0170
    { 0x0171, 30 }, // U+0171
    { 0x0172, 17 }, // U+0172
    { 0x0173, 30 }, // U+0173
    { 0x0174, 19 }, // U+0174
    { 0x0175, 32 }, // U+0175
    { 0x0176, 21 }, // U+0176
    { 0x0177, 34 }, // U+0177
    { 0x0178, 21 }, // U+0178
    { 0x0179, 22 }, // U+0179
    { 0x017A, 35 }, // U+017A
    { 0x017B, 22 }, // U+017B
    { 0x017C, 35 }, // U+017C
    { 0x017D, 22 }, // U+017D
    { 0x017E, 35 }, // U+017E
    { 0x01A0, 13 }, // U+01A0
    { 0x01A1, 25 }, // U+01A1
    { 0x01AF, 17 }, // U+01AF
    { 0x01B0, 30 }, // U+01B0
    { 0x01FA, 11 }, // U+01FA
    { 0x01FB, 23 }, // U+01FB
    { 0x01FC, 38 }, // U+01FC
    { 0x01FD, 23 }, // U+01FD
    { 0x01FE, 13 }, // U+01FE
    { 0x01FF, 25 }, // U+01FF
    { 0x0218, 15 }, // U+0218
    { 0x0219, 28 }, // U+0219
    { 0x021A, 16 }, // U+021A
    { 0x021B, 29 }, // U+021B
    { 0x0402, 41 }, // U+0402
    { 0x040B, 41 }, // U+040B
    { 0x040E, 42 }, // U+040E
    { 0x0416, 41 }, // U+0416
    { 0x0422, 41 }, // U+0422
    { 0x0423, 42 }, // U+0423
    { 0x0425, 41 }, // U+0425
    { 0x0427, 43 }, // U+0427
    { 0x042A, 41 }, // U+042A
    { 0x042F, 44 }, // U+042F
    { 0x0431, 45 }, // U+0431
    { 0x0436, 46 }, // U+0436
    { 0x0443, 47 }, // U+0443
    { 0x0445, 46 }, // U+0445
    { 0x0447, 48 }, // U+0447
    { 0x0451, 49 }, // U+0451
    { 0x0456, 50 }, // U+0456
    { 0x045E, 47 }, // U+045E
    { 0x0460, 51 }, // U+0460
    { 0x0462, 16 }, // U+0462
    { 0x0466, 52 }, // U+0466
    { 0x046A, 53 }, // U+046A
    { 0x046E, 54 }, // U+046E
    { 0x0472, 51 }, // U+0472
    { 0x0473, 55 }, // U+0473
    { 0x0478, 51 }, // U+0478
    { 0x0479, 55 }, // U+0479
    { 0x047A, 51 }, // U+047A
    { 0x047B, 55 }, // U+047B
    { 0x047C, 51 }, // U+047C
    { 0x047D, 25 }, // U+047D
    { 0x047E, 51 }, // U+047E
    { 0x0480, 51 }, // U+0480
    { 0x0481, 55 }, // U+0481
    { 0x0496, 53 }, // U+0496
    { 0x0498, 54 }, // U+0498
    { 0x0499, 56 }, // U+0499
    { 0x04A0, 57 }, // U+04A0
    { 0x04A1, 58 }, // U+04A1
    { 0x04A8, 51 }, // U+04A8
    { 0x04A9, 55 }, // U+04A9
    { 0x04AA, 51 }, // U+04AA
    { 0x04AB, 55 }, // U+04AB
    { 0x04AC, 57 }, // U+04AC
    { 0x04AD, 58 }, // U+04AD
    { 0x04B2, 53 }, // U+04B2
    { 0x04B4, 57 }, // U+04B4
    { 0x04B5, 58 }, // U+04B5
    { 0x04B6, 59 }, // U+04B6
    { 0x04B7, 60 }, // U+04B7
    { 0x04B8, 43 }, // U+04B8
    { 0x04B9, 48 }, // U+04B9
    { 0x04C1, 41 }, // U+04C1
    { 0x04C2, 46 }, // U+04C2
    { 0x04CB, 59 }, // U+04CB
    { 0x04CC, 60 }, // U+04CC
    { 0x04D0, 52 }, // U+04D0
    { 0x04D2, 52 }, // U+04D2
    { 0x04D4, 38 }, // U+04D4
    { 0x04D5, 61 }, // U+04D5
    { 0x04D7, 55 }, // U+04D7
    { 0x04D8, 51 }, // U+04D8
    { 0x04D9, 61 }, // U+04D9
    { 0x04DA, 51 }, // U+04DA
    { 0x04DC, 41 }, // U+04DC
    { 0x04DD, 46 }, // U+04DD
    { 0x04E0, 54 }, // U+04E0
    { 0x04E1, 35 }, // U+04E1
    { 0x04E6, 51 }, // U+04E6
    { 0x04E7, 55 }, // U+04E7
    { 0x04E8, 51 }, // U+04E8
    { 0x04E9, 55 }, // U+04E9
    { 0x04EA, 51 }, // U+04EA
    { 0x04EB, 55 }, // U+04EB
    { 0x04EE, 42 }, // U+04EE
    { 0x04EF, 62 }, // U+04EF
    { 0x04F0, 42 }, // U+04F0
    { 0x04F1, 62 }, // U+04F1
    { 0x04F2, 42 }, // U+04F2
    { 0x04F3, 62 }, // U+04F3
    { 0x04F4, 43 }, // U+04F4
    { 0x04F5, 48 }, // U+04F5
    { 0x04FC, 53 }, // U+04FC
    { 0x04FE, 53 }, // U+04FE
    { 0x1EA0, 11 }, // U+1EA0
    { 0x1EA1, 23 }, // U+1EA1
    { 0x1EA2, 11 }, // U+1EA2
    { 0x1EA3, 23 }, // U+1EA3
    { 0x1EA4, 11 }, // U+1EA4
    { 0x1EA5, 23 }, // U+1EA5
    { 0x1EA6, 11 }, // U+1EA6
    { 0x1EA7, 23 }, // U+1EA7
    { 0x1EA8, 11 }, // U+1EA8
    { 0x1EA9, 23 }, // U+1EA9
    { 0x1EAA, 11 }, // U+1EAA
    { 0x1EAB, 23 }, // U+1EAB
    { 0x1EAC, 11 }, // U+1EAC
    { 0x1EAD, 23 }, // U+1EAD
    { 0x1EAE, 11 }, // U+1EAE
    { 0x1EAF, 23 }, // U+1EAF
    { 0x1EB0, 11 }, // U+1EB0
    { 0x1EB1, 23 }, // U+1EB1
    { 0x1EB2, 11 }, // U+1EB2
    { 0x1EB3, 23 }, // U+1EB3
    { 0x1EB4, 11 }, // U+1EB4
    { 0x1EB5, 23 }, // U+1EB5
    { 0x1EB6, 11 }, // U+1EB6
    { 0x1EB7, 23 }, // U+1EB7
    { 0x1EB8, 12 }, // U+1EB8
    { 0x1EB9, 25 }, // U+1EB9
    { 0x1EBA, 12 }, // U+1EBA
    { 0x1EBB, 25 }, // U+1EBB
    { 0x1EBC, 12 }, // U+1EBC
    { 0x1EBD, 25 }, // U+1EBD
    { 0x1EBE, 12 }, // U+1EBE
    { 0x1EBF, 25 }, // U+1EBF
    { 0x1EC0, 12 }, // U+1EC0
    { 0x1EC1, 25 }, // U+1EC1
    { 0x1EC2, 12 }, // U+1EC2
    { 0x1EC3, 25 }, // U+1EC3
    { 0x1EC4, 12 }, // U+1EC4
    { 0x1EC5, 25 }, // U+1EC5
    { 0x1EC6, 12 }, // U+1EC6
    { 0x1EC7, 25 }, // U+1EC7
    { 0x1EC9, 27 }, // U+1EC9
    { 0x1ECB, 27 }, // U+1ECB
    { 0x1ECC, 13 }, // U+1ECC
    { 0x1ECD, 25 }, // U+1ECD
    { 0x1ECE, 13 }, // U+1ECE
    { 0x1ECF, 25 }, // U+1ECF
    { 0x1ED0, 13 }, // U+1ED0
    { 0x1ED1, 25 }, // U+1ED1
    { 0x1ED2, 13 }, // U+1ED2
    { 0x1ED3, 25 }, // U+1ED3
    { 0x1ED4, 13 }, // U+1ED4
    { 0x1ED5, 25 }, // U+1ED5
    { 0x1ED6, 13 }, // U+1ED6
    { 0x1ED7, 25 }, // U+1ED7
    { 0x1ED8, 13 }, // U+1ED8
    { 0x1ED9, 25 }, // U+1ED9
    { 0x1EDA, 13 }, // U+1EDA
    { 0x1EDB, 25 }, // U+1EDB
    { 0x1EDC, 13 }, // U+1EDC
    { 0x1EDD, 25 }, // U+1EDD
    { 0x1EDE, 13 }, // U+1EDE
    { 0x1EDF, 25 }, // U+1EDF
    { 0x1EE0, 13 }, // U+1EE0
    { 0x1EE1, 25 }, // U+1EE1
    { 0x1EE2, 13 }, // U+1EE2
    { 0x1EE3, 25 }, // U+1EE3
    { 0x1EE4, 17 }, // U+1EE4
    { 0x1EE5, 30 }, // U+1EE5
    { 0x1EE6, 17 }, // U+1EE6
    { 0x1EE7, 30 }, // U+1EE7
    { 0x1EE8, 17 }, // U+1EE8
    { 0x1EE9, 30 }, // U+1EE9
    { 0x1EEA, 17 }, // U+1EEA
    { 0x1EEB, 30 }, // U+1EEB
    { 0x1EEC, 17 }, // U+1EEC
    { 0x1EED, 30 }, // U+1EED
    { 0x1EEE, 17 }, // U+1EEE
    { 0x1EEF, 30 }, // U+1EEF
    { 0x1EF0, 17 }, // U+1EF0
    { 0x1EF1, 30 }, // U+1EF1
    { 0x1EF2, 21 }, // U+1EF2
    { 0x1EF3, 34 }, // U+1EF3
    { 0x1EF4, 21 }, // U+1EF4
    { 0x1EF5, 34 }, // U+1EF5
    { 0x1EF6, 21 }, // U+1EF6
    { 0x1EF7, 34 }, // U+1EF7
    { 0x1EF8, 21 }, // U+1EF8
    { 0x1EF9, 34 }, // U+1EF9
    { 0x2018, 63 }, // U+2018
    { 0x2019, 5 }, // U+2019
    { 0x201A, 7 }, // U+201A
    { 0x201C, 63 }, // U+201C
    { 0x201D, 5 }, // U+201D
    { 0x201E, 7 }, // U+201E
    { 0x2026, 7 }, // U+2026
    { 0x2039, 36 }, // U+2039
    { 0x203A, 36 }, // U+203A
    { 0x207E, 64 }, // U+207E
    { 0x208E, 65 }, // U+208E
};

static const int8_t notoserif_5_boldKernMatrix[] = {
       0,    0,    0,    0,    0,    0,    0,    0,    0,    0,  -13,    0,    0,    0,    0,    0,    0,    0,    0,    0,    0,    0,    0,    0,   -3,  -10,    0,    0,    0,    0,    0,    0,    0,    0,    0,    0,    0,  -20,    0,    0,    0,    0,    0,    0,    0,    0,    0,    0,    0,    0,    0,  -13,    0,    0,    0,    0,    0,    0,    0,    0,    0,    0,    0,    0,    0,
       0,    0,    0,    0,    0,    0,    0,    0,   -5,    0,    0,    0,    0,    0,    0,   -5,    0,   -7,   -7,    0,   -5,    0,    0,    0,    0,    0,    0,    0,    0,    0,    0,    0,    0,    0,    0,    0,    0,    0,    0,    0,    0,    0,    0,    0,    0,    0,    0,    0,    0,    0,    0,    0,    0,    0,    0,    0,    0,    0,    0,    0,    0,    0,    0,    0,    0,
       0,    0,   -2,    0,    0,  -20,  -20,    0,    0,    0,   -8,    0,    0,    0,    0,    0,    0,    0,    0,    0,    0,    0,    0,    0,    0,    0,    0,    0,    0,    0,    0,    0,    0,    0,    0,    0,    0,  -13,    0,    0,    0,    0,    0,    0,    0,    0,    0,    0,    0,    0,    0,   -8,    0,    0,    0,    0,    0,    0,    0,    0,    0,    0,    0,    0,    0,
       0,    0,    0,    0,    0,    0,    0,    0,  -15,    0,    0,    0,   -3,    0,    0,  -15,   -3,  -18,  -15,    0,  -13,    0,    0,    0,    0,    0,    0,    0,    0,    0,  -12,  -10,    0,   -8,    0,    0,    0,    0,    0,    0,    0,    0,    0,    0,    0,    0,    0,    0,    0,    0,   -3,    0,    0,    0,    0,    0,  -15,  -12,  -13,   -8,    0,   -8,    0,    0,    0,
       0,    0,    0,    0,    0,    0,    0,    0,    0,    0,   -5,    0,    0,    0,    0,    0,    0,    0,    0,    0,   -2,    0,    0,    0,    0,    0,    0,    0,    0,    0,    0,    0,    0,    0,    0,    0,    0,    0,    0,    0,    0,    0,    0,    0,    0,    0,    0,    0,    0,    0,    0,    0,    0,    0,    0,    0,    0,    0,    0,    0,    0,    0,    0,    0,    0,
       0,  -13,    0,    0,  -12,    0,    0,    0,  -10,    0,    0,    0,   -3,    0,    0,  -10,   -3,  -13,  -12,    0,  -12,    0,    0,    0,   -3,   -3,    0,    0,    0,   -3,  -10,   -5,    0,   -8,    0,    0,    0,    0,    0,    0,    0,    0,    0,    0,    0,    0,    0,    0,    0,    0,    0,    0,    0,    0,    0,    0,    0,    0,    0,    0,    0,    0,  -12,    0,    0,
       0,    0,    0,    0,   -3,    0,    0,    0,   -3,    0,   -3,    0,    0,    0,    0,   -3,    0,   -7,   -5,   -3,   -7,   -3,    0,    0,    0,    0,    0,    0,    0,    0,    0,   -2,    0,   -3,    0,    0,    0,   -5,    0,    0,    0,    0,    0,    0,    0,    0,    0,    0,    0,    0,    0,   -3,    0,    0,    0,    0,   -3,    0,    0,    0,    0,    0,    0,    0,    0,
       0,    0,    0,    0,    0,   -3,   -3,    0,   -3,    0,   -3,    0,    0,    0,    0,   -3,    0,   -3,   -3,   -3,   -5,    0,    0,    0,    0,    0,    0,    0,    0,    0,    0,    0,    0,    0,    0,    0,    0,   -8,    0,    0,    0,    0,    0,    0,    0,    0,    0,    0,    0,    0,    0,   -3,   -3,    0,    0,    0,   -3,    0,    0,    0,    0,    0,    0,    0,    0,
       0,    0,    0,    0,    0,    0,    0,    0,    0,    0,    0,    0,    0,    0,    0,    0,    0,   -3,   -3,    0,   -3,    0,    0,    0,    0,    0,    0,    0,    0,    0,    0,    0,    0,    0,    0,    0,    0,    0,    0,    0,    0,    0,    0,    0,    0,    0,    0,    0,    0,    0,    0,    0,    0,    0,    0,    0,    0,    0,    0,    0,    0,    0,    0,    0,    0,
       0,    0,   -3,    0,    0,  -20,  -20,    0,    0,   -7,  -12,    0,    0,    0,    0,    0,    0,    0,    0,    0,    0,    0,   -7,    0,   -7,   -7,    0,    0,    0,    0,    0,    0,    0,    0,    0,    0,    0,  -18,    0,    0,    0,    0,    0,    0,    0,    0,    0,    0,    0,    0,    0,    0,    0,    0,    0,    0,    0,    0,    0,    0,    0,    0,    0,    0,    0,
       0,    0,    0,    0,    0,    0,    0,    0,   -3,    0,    0,    0,    0,    0,    0,   -3,    0,   -3,   -3,    0,   -3,    0,    0,    0,    0,    0,    0,    0,    0,    0,    0,    0,    0,    0,    0,    0,    0,   -3,    0,    0,    0,    0,    0,    0,    0,    0,    0,    0,    0,    0,    0,    0,    0,    0,    0,    0,    0,    0,    0,    0,    0,    0,    0,    0,    0,
       0,    0,    0,    0,    0,    0,    0,    0,    0,    0,    0,    0,   -3,    0,    0,    0,    0,    0,    0,    0,    0,    0,    0,    0,   -3,   -3,    0,    0,    0,   -3,    0,   -5,    0,   -5,    0,    0,    0,    0,    0,    0,    0,    0,    0,    0,    0,    0,    0,    0,    0,    0,    0,    0,    0,    0,    0,    0,    0,    0,    0,    0,    0,    0,    0,    0,    0,
       0,  -10,    0,    0,  -13,    0,    0,    0,  -12,    0,    0,    0,    0,    0,    0,  -12,    0,   -8,   -8,    0,  -10,    0,    0,    0,    0,    0,    0,    0,    0,    0,   -3,   -2,    0,   -5,    0,    0,   -3,    0,    0,    0,    0,    0,    0,    0,    0,    0,    0,    0,    0,    0,    0,    0,    0,    0,    0,    0,    0,    0,    0,    0,    0,    0,  -13,    0,    0,
       0,    0,    0,    0,    0,    0,    0,    0,    0,    0,    0,    0,    0,    0,    0,    0,    0,    0,    0,    0,    0,    0,    0,    0,    0,    0,    0,    0,    0,    0,    0,    0,    0,    0,    0,   -2,    0,    0,    0,    0,    0,    0,    0,    0,    0,    0,    0,    0,    0,    0,    0,    0,    0,    0,    0,    0,    0,    0,    0,    0,    0,    0,    0,    0,    0,
       0,    0,    0,    0,   -3,    0,    0,    0,   -3,    0,    0,    0,   -3,    0,    0,   -3,   -2,   -5,   -5,    0,   -5,    0,    0,    0,    0,    0,    0,    0,    0,    0,   -2,   -2,    0,   -3,    0,    0,    0,    0,    0,    0,    0,    0,    0,    0,    0,    0,    0,    0,    0,    0,    0,    0,    0,    0,    0,    0,    0,    0,    0,    0,    0,    0,    0,    0,    0,
       0,    0,    0,    0,    0,    0,    0,    0,   -3,    0,   -3,    0,    0,    0,    0,   -3,    0,   -3,   -3,   -3,   -3,    0,    0,    0,    0,    0,    0,    0,    0,    0,    0,   -2,    0,   -3,    0,    0,    0,   -3,    0,    0,    0,    0,    0,    0,    0,    0,    0,    0,    0,    0,    0,   -3,    0,    0,    0,    0,   -3,    0,    0,    0,    0,    0,    0,    0,    0,
       0,    0,   -2,    0,    0,  -15,  -15,    0,    0,   -5,  -10,    0,   -3,    0,    0,    0,    0,    0,    0,    0,    0,    0,   -5,    0,   -6,   -6,    0,   -1,    0,    0,    0,    0,    0,    0,    0,    0,    0,  -13,    0,    0,    0,    0,    0,    0,    0,    0,    0,    0,    0,    0,    0,    0,    0,    0,    0,    0,    0,    0,    0,    0,    0,    0,    0,    0,    0,
       0,    0,    0,    0,    0,   -3,   -3,    0,    0,   -2,   -3,    0,    0,    0,    0,    0,    0,    0,    0,    0,    0,    0,    0,    0,    0,    0,    0,    0,    0,    0,    0,    0,    0,    0,    0,    0,    0,   -7,    0,    0,    0,    0,    0,    0,    0,    0,    0,    0,    0,    0,    0,    0,    0,    0,    0,    0,    0,    0,    0,    0,    0,    0,    0,    0,    0,
       0,    0,   -5,    0,    0,  -18,  -18,    0,    0,   -8,  -13,    0,   -3,    0,    0,    0,    0,    0,    0,    0,    0,    0,  -10,    0,  -10,  -10,    0,   -7,    0,    0,    0,    0,    0,    0,    0,    0,    0,  -22,    0,    0,    0,    0,    0,    0,    0,    0,    0,    0,    0,    0,    0,  -13,    0,    0,    0,    0,    0,    0,    0,    0,    0,    0,    0,    0,    0,
       0,    0,    0,    0,    0,  -15,  -15,    0,    0,   -8,  -12,    0,   -3,    0,    0,    0,    0,    0,    0,    0,    0,    0,  -11,    0,  -10,  -10,    0,   -8,    0,    0,    0,    0,    0,    0,   -5,    0,    0,  -22,    0,    0,    0,    0,    0,    0,    0,    0,    0,    0,    0,    0,    0,    0,    0,    0,    0,    0,    0,    0,    0,    0,    0,    0,    0,    0,    0,
       0,    0,    0,    0,    0,    0,    0,    0,    0,    0,    0,    0,   -3,    0,   -2,    0,    0,    0,    0,    0,    0,    0,    0,    0,    0,    0,    0,    0,    0,    0,    0,   -5,    0,   -8,    0,    0,    0,    0,    0,    0,    0,    0,    0,    0,    0,    0,    0,    0,    0,    0,    0,    0,    0,    0,    0,    0,    0,    0,    0,    0,    0,    0,    0,    0,    0,
       0,    0,   -2,    0,    0,  -13,  -13,    0,    0,   -7,  -12,    0,   -5,    0,   -3,    0,    0,    0,    0,    0,    0,    0,  -10,    0,  -12,  -12,    0,  -10,    0,    0,    0,    0,    0,    0,   -3,    0,    0,  -15,    0,    0,    0,    0,    0,    0,    0,    0,    0,    0,    0,    0,    0,  -12,    0,    0,    0,    0,    0,    0,    0,    0,    0,    0,    0,    0,    0,
       0,   -7,    0,    0,    0,    0,    0,    0,    0,    0,    0,    0,    0,    0,    0,    0,    0,    0,    0,    0,    0,    0,    0,    0,    0,    0,    0,    0,    0,    0,    0,    0,    0,   -3,    0,    0,    0,    0,    0,    0,    0,    0,    0,    0,    0,    0,    0,    0,    0,    0,    0,    0,    0,    0,    0,    0,    0,    0,   -5,   -3,    0,   -3,    0,    0,    0,
       0,    0,    0,    0,    0,    0,    0,    0,    0,    0,    0,    0,    0,    0,    0,    0,    0,  -10,  -10,    0,  -12,    0,    0,    0,    0,    0,    0,    0,    0,    0,    0,    0,    0,   -3,    0,    0,    0,    0,    0,    0,    0,    0,    0,    0,    0,    0,    0,    0,    0,    0,    0,    0,    0,    0,    0,    0,    0,    0,   -5,    0,    0,   -3,    0,    0,    0,
       0,    0,    0,    0,    0,    0,    0,    0,    0,    0,    0,    0,    0,    0,    0,    0,    0,  -10,  -10,    0,  -10,    0,    0,    0,    0,    0,    0,    0,    0,    0,    0,    0,    0,    0,    0,    0,    0,    0,    0,    0,    0,    0,    0,    0,    0,    0,    0,    0,    0,    0,    0,    0,    0,    0,    0,    0,    0,    0,    0,    0,    0,    0,    0,    0,    0,
       0,   13,    0,   15,   13,    0,    0,    0,    0,    0,    0,    0,    0,    0,    0,    0,    0,    0,    0,    0,    0,    0,    0,    0,    0,    0,    0,    0,    0,    0,    0,    0,    0,    0,    0,    0,    0,    0,    7,    7,    0,    0,    0,    0,    0,    0,    0,    0,    0,    0,    0,    0,    0,    0,    0,    0,    0,    0,    0,    0,    0,    0,    0,    0,    0,
       0,    0,    0,    0,    0,    0,    0,    0,    0,    0,    0,    0,    0,    0,    0,    0,    0,    0,   -3,    0,    0,    0,    0,    0,    0,    0,    0,    0,    0,    0,    0,    0,    0,    0,    0,    0,    0,    0,    0,    0,    0,    0,    0,    0,    0,    0,    0,    0,    0,    0,    0,    0,    0,    0,    0,    0,    0,    0,    0,    0,    0,    0,    0,    0,    0,
       0,    0,    0,    0,    0,    0,    0,    0,    0,    0,    0,    0,    0,    0,    0,    0,    0,    0,    0,    0,    0,    0,    0,    0,   -3,   -3,    0,    0,    0,    0,    0,    0,    0,    0,    0,    0,    0,    0,    0,    0,    0,    0,    0,    0,    0,    0,    0,    0,    0,    0,    0,    0,    0,    0,    0,    0,    0,    0,    0,    0,    0,    0,    0,    0,    0,
       0,    0,    0,    0,    5,  -24,  -24,    0,    0,    0,    0,    0,    0,    0,    0,    0,    0,    0,    0,    0,    0,    0,   -3,    0,    0,    0,    0,    0,    0,    0,    0,    0,    0,    0,    0,    0,    0,    0,    0,    0,    0,    0,    0,    0,    0,    0,    0,    0,    0,    0,    0,    0,    0,    0,    0,    0,    0,    0,    0,    0,    0,    0,    0,    0,    0,
       0,    0,    0,    0,    0,    0,    0,    0,    0,    0,    0,    0,    0,    0,    0,    0,    0,    0,    0,    0,  -10,    0,    0,    0,    0,    0,    0,    0,    0,    0,    0,    0,    0,    0,    0,    0,    0,    0,    0,    0,    0,    0,    0,    0,    0,    0,    0,    0,    0,    0,    0,    0,    0,    0,    0,    0,    0,    0,   -3,    0,    0,    0,    0,    0,    0,
       0,    0,    0,    0,    0,   -8,  -12,    0,    0,    0,  -10,    0,    0,    0,    0,    0,    0,    0,    0,    0,    0,    0,    0,    0,    0,    0,    0,    0,    0,    0,    0,    0,    0,    0,    0,    0,    0,    0,    0,    0,    0,    0,    0,    0,    0,    0,    0,    0,    0,    0,    0,    0,    0,    0,    0,    0,    0,    0,    0,    0,    0,    0,    0,    0,    0,
       0,    0,    0,    0,    0,  -12,  -12,    0,    0,    0,   -5,    0,    0,    0,    0,    0,    0,    0,    0,    0,    0,    0,    0,    0,    0,    0,    0,    0,    0,    0,    0,    0,    0,    0,    0,    0,    0,    0,    0,    0,    0,    0,    0,    0,    0,    0,    0,    0,    0,    0,    0,    0,    0,    0,    0,    0,    0,    0,    0,    0,    0,    0,    0,    0,    0,
       0,    0,    0,    0,    0,  -15,  -15,    0,    0,    0,   -8,    0,    0,    0,    0,    0,    0,    0,    0,    0,    0,    0,    0,    0,    0,    0,    0,    0,    0,    0,    0,    0,    0,    0,    0,    0,    0,    0,    0,    0,    0,    0,    0,    0,    0,    0,    0,    0,    0,    0,    0,    0,    0,    0,    0,    0,    0,    0,    0,    0,    0,    0,    0,    0,    0,
       0,    0,    0,    0,    0,    0,    0,    0,    0,    0,    0,    0,    0,    0,    0,    0,    0,   -5,   -3,    0,   -5,    0,    0,    0,    0,    0,    0,    0,    0,    0,    0,    0,    0,    0,    0,    0,    0,    0,    0,    0,    0,    0,    0,    0,    0,    0,    0,    0,    0,    0,    0,    0,    0,    0,    0,    0,    0,    0,    0,    0,    0,    0,    0,    0,    0,
       0,    0,    0,    0,    0,    0,    0,    0,   -3,    0,    0,    0,    0,    0,    0,   -3,    0,   -8,   -8,    0,   -8,    0,    0,    0,    0,    0,    0,    0,    0,    0,    0,    0,    0,    0,    0,    0,    0,    0,    0,    0,    0,    0,    0,    0,    0,    0,    0,    0,    0,    0,    0,    0,    0,    0,    0,    0,    0,    0,    0,    0,    0,    0,    0,    0,    0,
       0,  -13,    0,    0,  -12,    0,    0,    0,  -10,    0,    0,    0,   -3,    0,    0,  -10,   -3,  -13,  -12,    0,  -12,    0,    0,    0,   -3,   -3,    0,    0,    0,   -3,   -8,   -5,    0,   -8,    0,    0,    0,    0,    0,    0,    0,    0,    0,    0,    0,    0,    0,    0,    0,    0,    0,    0,    0,    0,    0,    0,    0,    0,    0,    0,    0,    0,  -12,    0,    0,
      10,   13,    0,   21,    7,    0,    0,    0,   22,    0,    0,    8,    0,   10,    0,    8,   12,   13,   12,   12,   17,    7,    0,   15,    0,    0,    0,    0,    0,    0,    0,    0,    0,    0,    0,    0,    0,    0,    0,    0,    0,    0,    0,    0,    0,    0,    0,    0,    0,    0,    0,    0,    0,    0,    0,    0,    0,    0,    0,    0,    0,    0,    4,    0,    0,
       0,    0,    0,    0,    0,    0,    0,    0,    0,    0,    0,    0,    0,    0,    0,    0,    0,    0,    0,    0,    0,    0,    0,    0,    0,    0,    0,    0,    0,    0,    0,    0,    0,    0,    0,    0,    0,    0,    0,   10,    0,    0,    0,    0,    0,    0,    0,    0,    0,    0,    0,    0,    0,    0,    0,    0,    0,    0,    0,    0,    0,    0,    0,    0,    0,
       4,    7,    0,   14,    0,    0,    0,    0,    6,    0,    0,    0,    0,    0,    0,    0,    0,    0,    0,    0,    0,    0,    0,    7,    0,    0,    0,    0,    0,    0,    0,    0,    0,    0,    0,    0,    0,    0,    0,    0,    0,    0,    0,    0,    0,    0,    0,    0,    0,    0,    0,    0,    0,    0,    0,    0,    0,    0,    0,    0,    0,    0,    1,    0,    0,
       0,    0,    0,    0,    0,   -3,   -3,   -2,    3,    0,   -7,    0,    0,    0,    0,    3,    0,    3,    3,    0,    3,    0,   -3,    0,   -3,   -3,   -2,   -3,   -2,    0,   -3,   -3,   -3,   -3,    0,    0,    0,    0,    0,    0,    0,    0,    0,    0,    0,    0,    0,    0,    0,    0,    0,    0,    0,    0,    0,    0,    0,    0,    0,    0,    0,    0,    0,    0,    0,
       0,    0,    0,    0,    3,   -3,   -3,    0,    0,    0,    0,    0,    0,    0,    0,    0,    0,    0,    0,    0,    0,    0,    0,    0,    0,    0,    3,    0,    5,    3,    5,    5,    0,    5,    0,    0,    0,    0,    0,    0,    0,    0,    0,    0,    0,    0,    0,    0,    0,    0,    0,    0,    0,    0,    0,    0,    0,    0,    0,    0,    0,    0,    0,    0,    0,
       0,    0,    0,    0,    0,   -3,   -3,   -2,    0,    0,  -10,    0,   -3,    0,    0,    0,    0,    0,    0,    0,    0,    0,   -8,    0,   -8,   -8,   -5,  -10,   -2,   -5,   -3,   -3,    0,   -3,   -5,    0,    0,    0,    0,    0,    0,    0,    0,    0,    0,    0,    0,    0,    0,    0,    0,    0,    0,    0,    0,    0,    0,    0,    0,    0,    0,    0,    0,    0,    0,
       0,    0,    0,    0,    3,   -2,   -2,    0,    0,    0,    0,    0,    0,    0,    0,    0,    0,    0,    0,    0,    0,    0,    0,    0,    0,    0,    3,    0,    5,    0,    5,    0,    0,    0,    0,    0,    0,    0,    0,    0,    0,    0,    0,    0,    0,    0,    0,    0,    0,    0,    0,    0,    0,    0,    0,    0,    0,    0,    0,    0,    0,    0,    0,    0,    0,
       0,  -10,    0,    0,    0,    0,    0,    0,   -1,    0,    0,    0,    0,    0,    0,   -1,    0,    0,    0,    0,    0,    0,    0,    0,    0,    0,    0,    0,    0,    0,    0,    0,    0,    0,    0,    0,    0,    0,    0,    0,    0,   -9,   -7,    0,    0,   -2,   -7,   -5,    0,    0,    0,    0,    0,    0,    0,    0,   -5,    0,    0,    0,    0,    0,   -4,    0,    0,
       0,    0,    0,    0,    0,    0,    0,    0,    0,    0,    0,    0,    0,    0,    0,    0,    0,    0,    0,    0,    0,    0,    0,    0,    0,    0,    0,    0,    0,    0,    0,    0,    0,    0,    0,    0,    0,    0,    0,    0,    0,    0,    0,    0,    0,    0,    0,    0,    0,    0,    0,    0,    0,    0,    0,    0,   -5,    0,    0,    0,    0,    0,    0,    0,    0,
       0,    0,    0,    0,    0,    0,    0,    0,    0,    0,    0,    0,    0,    0,    0,    0,    0,    0,    0,    0,    0,    0,    0,    0,    0,    0,    0,    0,    0,    0,    0,    0,    0,    0,    0,    0,    0,    0,    0,    0,    0,    0,    0,    0,    0,    0,    0,    0,   -9,   -3,    0,    0,    0,    0,    0,    0,    0,    0,    0,    0,    0,    0,    0,    0,    0,
       0,    0,    0,    0,    0,    0,    0,    0,   -3,    0,    0,    0,    0,    0,    0,   -3,    0,    0,    0,    0,    0,    0,    0,    0,    0,    0,    0,    0,    0,    0,    0,    0,    0,    0,    0,    0,    0,    0,    0,    0,   -3,   -2,    0,    0,    0,    0,    0,    0,    0,    0,    0,    0,    0,    0,    0,    0,   -5,    0,   -5,   -2,    0,    0,    0,    0,    0,
       0,    0,    0,    0,    0,    0,    0,    0,    0,    0,    0,    0,    0,    0,    0,    0,    0,    0,    0,    0,    0,    0,    0,    0,    0,    0,    0,    0,    0,    0,    0,    0,    0,    0,    0,    0,    0,    0,    0,    0,    0,    0,    0,    0,    0,    0,    0,    0,    0,    0,    0,    0,    0,    0,    0,    0,   -5,    0,   -5,   -2,    0,    0,    0,    0,    0,
       0,    0,    0,    0,    0,    0,    0,    0,    0,    0,    0,    0,    0,    0,    0,    0,    0,    0,    0,    0,    0,    0,    0,    0,    0,    0,    0,    0,    0,    0,    0,    0,    0,    0,    0,    0,    0,    0,    0,    0,    0,    0,   -5,    0,    0,    0,    0,    0,    0,    0,    0,    0,    0,    0,    0,    0,   -5,    0,   -5,   -2,    0,    0,    0,    0,    0,
       0,    0,    0,    0,    0,    0,    0,    0,    0,    0,    0,    0,    0,    0,    0,    0,    0,    0,    0,    0,    0,    0,    0,    0,    0,    0,    0,    0,    0,    0,    0,    0,    0,    0,    0,    0,    0,    0,    0,    0,    0,    0,   -2,    0,    0,    0,    0,    0,    0,    0,    0,    0,    0,    0,    0,    0,    0,    0,    0,    0,    0,    0,   -1,    0,    0,
       0,    0,    0,    0,    0,   -3,   -3,    0,    0,    0,    0,    0,    0,    0,    0,    0,    0,    0,    0,    0,    0,    0,    0,    0,    0,    0,    0,    0,    0,    0,    0,    0,    0,    0,    0,    0,    0,   -8,    0,    0,    0,    0,    0,    0,    0,    0,    0,    0,    0,    0,    0,   -3,   -3,    0,    0,    0,   -3,    0,   -3,    0,    0,    0,    0,    0,    0,
       0,   -5,    0,    0,   -8,    0,    0,    0,    0,    0,    0,    0,    0,    0,    0,    0,    0,    0,    0,    0,    0,    0,    0,    0,    0,    0,    0,    0,    0,    0,    0,    0,    0,    0,    0,    0,    0,    0,    0,    0,    0,    0,    0,    0,    0,    0,    0,    0,    0,    0,    0,    0,    0,    0,    0,    0,   -5,    0,   -5,   -3,    0,    0,   -5,    0,    0,
       0,    0,    0,    0,    0,    0,    0,    0,    0,    0,    0,    0,    0,    0,    0,    0,    0,    0,    0,    0,    0,    0,    0,    0,    0,    0,    0,    0,    0,    0,    0,    0,    0,    0,    0,    0,    0,    0,    0,    0,    0,    0,    0,    0,    0,    0,    0,    0,    0,    0,    0,    0,    0,    0,    0,    0,    0,    0,   -5,    0,    0,    0,    0,    0,    0,
       0,  -13,    0,    0,  -12,    0,    0,    0,  -10,    0,    0,    0,   -3,    0,    0,  -10,    0,  -13,    0,    0,  -12,    0,    0,    0,   -3,   -3,    0,    0,    0,   -3,    0,   -5,    0,   -8,    0,    0,    0,    0,    0,    0,    0,    0,    0,    0,    0,    0,    0,    0,    0,    0,   -3,    0,    0,    0,    0,    0,  -10,   -7,  -15,   -7,    0,    0,  -12,    0,    0,
       0,    0,    0,    0,    0,    0,    0,    0,    0,    0,    0,    0,   -3,    0,    0,    0,    0,    0,    0,    0,    0,    0,    0,    0,   -3,   -3,    0,    0,    0,   -3,    0,   -5,    0,   -5,    0,    0,    0,    0,    0,    0,    0,    0,    0,    0,   -3,    0,    0,    0,    0,    0,   -3,    0,    0,   -3,   -3,    0,    0,   -5,   -3,   -3,    0,   -3,    0,    0,    0,
       0,    0,    0,    0,    0,   -3,   -3,    0,    0,    0,    0,    0,    0,    0,    0,    0,    0,    0,    0,    0,    0,    0,    0,    0,    0,    0,    0,    0,    0,    0,    0,   -2,    0,   -3,    0,    0,    0,   -5,    0,    0,    0,    0,    0,    0,    0,    0,    0,    0,    0,    0,    0,   -3,   -3,    0,    0,    0,    0,   -3,   -7,    0,    0,    0,    0,    0,    0,
       0,    0,    0,    0,    0,  -17,  -17,    0,    0,    0,    0,    0,   -3,    0,    0,    0,    0,    0,    0,    0,    0,    0,  -10,    0,  -10,  -10,    0,   -7,    0,    0,    0,    0,    0,    0,    0,    0,    0,  -22,    0,    0,    0,    0,    0,    0,    0,    0,    0,    0,    0,    0,   -3,  -17,    0,   -3,   -7,   -5,    0,    0,    0,    0,   -7,    0,    0,    0,    0,
       0,    0,    0,    0,    0,  -15,  -15,    0,    0,    0,    0,    0,    0,    0,    0,    0,    0,    0,    0,    0,    0,    0,    0,    0,    0,    0,    0,    0,    0,    0,    0,    0,    0,    0,    0,    0,    0,    0,    0,    0,    0,    0,    0,    0,    0,    0,    0,    0,    0,    0,    0,    0,    0,    0,    0,    0,    0,    0,    0,    0,    0,    0,    0,    0,    0,
       0,    0,    0,    0,    0,  -20,  -20,    0,    0,    0,    0,    0,    0,    0,    0,    0,    0,    0,    0,    0,    0,    0,    0,    0,    0,    0,    0,    0,    0,    0,    0,    0,    0,    0,    0,    0,    0,  -13,    0,    0,    0,    0,    0,    0,    0,    0,    0,    0,    0,    0,    0,   -8,    0,    0,    0,    0,    0,    0,    0,    0,    0,    0,    0,    0,    0,
       0,    0,    0,    0,    0,  -15,  -15,    0,    0,    0,    0,    0,   -3,    0,    0,    0,    0,    0,    0,    0,    0,    0,   -5,    0,   -5,   -5,    0,   -2,    0,    0,    0,    0,    0,    0,    0,    0,    0,  -13,    0,    0,    0,    0,    0,   -3,    0,    0,    0,    0,    0,    0,   -3,  -10,    0,    0,   -5,   -5,    0,    0,    0,    0,   -5,    0,    0,    0,    0,
       0,    0,    0,    0,    5,  -12,  -12,    0,    0,    0,    0,    0,    0,    0,    0,    0,    0,    0,    0,    0,    0,    0,    0,    0,    0,    0,    0,    0,    0,    0,    0,    0,    0,    0,    0,    0,    0,    0,    0,    0,    0,    0,    0,    0,    0,    0,    0,    0,    0,    0,    0,   -5,    0,    0,    0,    0,    0,    0,    0,    0,    0,    0,    0,    0,    0,
       0,  -10,    0,    0,  -12,    0,    0,    0,  -12,    0,    0,    0,    0,    0,    0,  -12,    0,    0,    0,    0,    0,    0,    0,    0,    0,    0,    0,    0,    0,    0,    0,    0,    0,    0,    0,    0,    0,    0,    0,    0,    0,    0,    0,    0,    0,    0,    0,    0,    0,    0,    0,    0,    0,    0,    0,    0,  -12,    0,  -12,    0,    0,   -5,    0,    0,    0,
       0,    0,    0,    0,    0,    0,    0,    0,    0,    0,    0,    0,    0,    0,    0,    0,    0,    0,    0,    0,    0,    0,    0,    0,   -3,   -3,    0,    0,    0,    0,    0,    0,    0,    0,    0,    0,    0,    0,    0,    0,    0,    0,    0,    0,    0,    0,    0,    0,    0,    0,    0,    0,    0,    0,   -3,    0,    0,    0,    0,    0,   -3,    0,    0,    0,    0,
       0,    0,    0,    3,    0,    0,    0,    0,    0,    0,    0,    0,    0,    0,    0,    0,    0,    0,    0,    0,    0,    0,    0,    0,    0,    0,    0,    0,    0,    0,    0,    0,    0,    0,    0,    0,    0,    0,    0,    0,    0,    0,    0,    0,    0,    0,    0,    0,    0,    0,    0,    0,    0,    0,    0,    0,    0,    0,    0,    0,    0,    0,    0,    0,    0,
       0,    0,    0,    0,    0,    0,    0,    0,    0,    0,    0,    0,   -3,    0,    0,    0,    0,    0,    0,    0,    0,    0,    0,    0,   -3,   -3,    0,    0,    0,   -3,    0,   -5,    0,   -8,    0,    0,    0,    0,    0,    0,    0,    0,    0,    0,    0,    0,    0,    0,    0,    0,   -3,    0,    0,   -3,    0,    0,    0,   -7,   -3,    0,    0,   -5,    0,    0,    0,
       0,    0,    0,    0,    0,    0,    0,    0,    0,    0,    0,    0,    0,    0,    0,    0,    0,    0,    0,    0,    0,    0,    0,    0,    0,    0,    0,    0,    0,    0,    0,    0,    0,    0,    0,    0,    0,    0,    0,    0,    0,    0,    0,    0,    0,    0,    0,    0,    0,    0,    0,    0,    0,    0,    0,    0,    0,   -3,    0,    0,    0,    0,    0,    0,    0,
       0,    0,    0,    0,    0,    0,    0,    0,    0,    0,  -12,    0,    0,    0,    0,    0,    0,    0,    0,    0,    0,    0,    0,    0,    0,    0,    0,    0,    0,    0,    0,    0,    0,    0,    0,    0,    0,  -23,    0,    0,    0,    0,    0,    0,    0,    0,    0,    0,    0,    0,    0,  -12,    0,    0,    0,    0,    0,    0,    0,    0,    0,    0,    0,    0,    0,
       0,    0,    0,    0,    0,    0,    0,    0,    0,    0,  -17,    0,   -3,    0,    0,    0,    0,    0,    0,    0,    0,    0,   -5,    0,   -7,   -7,    0,   -8,    0,    0,    0,    0,    0,    0,    0,    0,    0,    0,    0,    2,    0,    0,    0,    0,    0,    0,    0,    0,    0,    0,    0,    0,    0,    0,    0,    0,    0,    0,    0,    0,    0,    0,    0,    0,    0,
       0,    0,    0,    0,    0,    0,    0,    0,    0,    0,    0,    0,    0,    0,    0,    0,    0,    0,    0,    0,    0,    0,    0,    0,    0,    0,    0,    0,    0,    0,    0,    0,    0,    0,    0,    0,    0,    0,    0,    0,    0,    0,    0,    0,    0,    0,    0,    0,    0,    0,    0,    0,    0,    0,    0,    0,    0,    0,    0,    0,    0,    0,    0,   13,    0,
       0,    0,    0,    0,    0,    0,    0,    0,    0,    0,    0,    0,    0,    0,    0,    0,    0,    0,    0,    0,    0,    0,    0,    0,    0,    0,    0,    0,    0,    0,    0,    0,    0,    0,    0,    0,    0,    0,    0,    0,    0,    0,    0,    0,    0,    0,    0,    0,    0,    0,    0,    0,    0,    0,    0,    0,    0,    0,    0,    0,    0,    0,    0,    0,   13,
};

static const EpdLigaturePair notoserif_5_boldLigaturePairs[] = {
    { 0x00660066, 0xFB00 }, // f f -> U+FB00
    { 0x00660069, 0xFB01 }, // f i -> U+FB01
    { 0x0066006C, 0xFB02 }, // f l -> U+FB02
    { 0xFB000069, 0xFB03 }, // U+FB00 i -> U+FB03
    { 0xFB00006C, 0xFB04 }, // U+FB00 l -> U+FB04
};

static const EpdFontData notoserif_5_bold = {
    notoserif_5_boldBitmaps,
    notoserif_5_boldGlyphs,
    notoserif_5_boldIntervals,
    18,
    14,
    12,
    -4,
    true,
    notoserif_5_boldGroups,
    13,
    nullptr,
    notoserif_5_boldKernLeftClasses,
    notoserif_5_boldKernRightClasses,
    notoserif_5_boldKernMatrix,
    381,
    448,
    70,
    65,
    notoserif_5_boldLigaturePairs,
    5,
};
