/**
 * generated by fontconvert.py
 * name: notoserif_5_bolditalic
 * size: 5
 * mode: 2-bit  compressed: true
 * Command used: fontconvert.py notoserif_5_bolditalic 5 ../builtinFonts/source/NotoSerif/NotoSerif-BoldItalic.ttf --2bit --compress --pnum --ink-floor 2
 */
#pragma once
#include "EpdFontData.h"

static const uint8_t notoserif_5_bolditalicBitmaps[10848] = {
    0x4D, 0x54, 0x4D, 0x88, 0x1B, 0x65, 0x18, 0x7E, 0x26, 0xB3, 0x33, 0xB3, 0xC9, 0x34, 0x33, 0x39,
    0x6C, 0x4A, 0xB6, 0xEE, 0x24, 0xAB, 0x44, 0x5C, 0xB6, 0x93, 0xA6, 0xC2, 0x56, 0x86, 0x36, 0xBB,
    0xFD, 0xEA, 0x4F, 0x3D, 0x76, 0x4A, 0x13, 0x7B, 0xD0, 0xD2, 0x48, 0xB7, 0x6C, 0xB7, 0xD8, 0x35,
    0x75, 0x67, 0x25, 0x56, 0xB7, 0xFB, 0x95, 0xE2, 0xA1, 0x78, 0x70, 0xF0, 0x07, 0x0F, 0x22, 0x2C,
    0xB2, 0x07, 0x0F, 0x5D, 0x98, 0x40, 0x0A, 0x6B, 0xBD, 0x7C, 0x28, 0xA2, 0x20, 0xC2, 0x87, 0x20,
    0x45, 0x05, 0x3B, 0xD6, 0x82, 0x07, 0x2F, 0x39, 0xAC, 0x20, 0x9E, 0x7C, 0xBF, 0x4D, 0x4B, 0xF7,
    0x63, 0x92, 0x30, 0x79, 0xFF, 0x9E, 0xE7, 0x79, 0xDF, 0xF7, 0x33, 0x9C, 0xFC, 0x44, 0x69, 0xAC,
    0x1A, 0xA1, 0xC8, 0x96, 0xD9, 0x39, 0x9C, 0x84, 0x16, 0x1A, 0x71, 0x59, 0x7A, 0x71, 0x91, 0xAD,
    0xC5, 0x4F, 0xE0, 0x3C, 0x34, 0x56, 0x49, 0xA7, 0xC3, 0x03, 0xB0, 0x45, 0x4B, 0x7E, 0x29, 0xCA,
    0x6C, 0x04, 0x86, 0x86, 0x27, 0x6F, 0xE0, 0xE9, 0x8F, 0xB0, 0x7C, 0x9E, 0x1D, 0xFE, 0x4C, 0x68,
    0x2B, 0xC2, 0x3C, 0xC4, 0x47, 0xA7, 0x41, 0x47, 0x8B, 0x61, 0x47, 0x70, 0x66, 0x60, 0x7F, 0x8C,
    0xFD, 0x3F, 0xA2, 0xB7, 0x8D, 0xA4, 0x8F, 0xAB, 0x9B, 0xCA, 0x54, 0xE8, 0xB4, 0x43, 0x20, 0xC3,
    0x1D, 0xF8, 0x08, 0x10, 0xA1, 0x8F, 0x84, 0xBE, 0xA7, 0x30, 0x42, 0x36, 0x13, 0x3A, 0xCB, 0x88,
    0x8C, 0xD0, 0x85, 0xCE, 0x2D, 0xE6, 0xA0, 0x8B, 0x10, 0x7B, 0x31, 0xCD, 0xD7, 0x58, 0x9E, 0x53,
    0x3D, 0x64, 0xB1, 0xC4, 0x0D, 0xFA, 0x1D, 0x9B, 0x28, 0x15, 0x9A, 0x5F, 0xB4, 0x13, 0x60, 0x92,
    0x3C, 0x84, 0xC6, 0x33, 0x14, 0x3A, 0x8A, 0x12, 0xAA, 0x28, 0xC0, 0x64, 0x5E, 0x3A, 0x93, 0x44,
    0x49, 0xB2, 0x9E, 0xC8, 0xCB, 0xE2, 0x08, 0x23, 0x34, 0xEC, 0x31, 0xFE, 0x14, 0xB3, 0x60, 0xC3,
    0x41, 0x1E, 0xAF, 0x33, 0x2D, 0xB6, 0xBB, 0x06, 0xD5, 0xD6, 0xA4, 0x89, 0xF1, 0xF9, 0xA3, 0x83,
    0xE1, 0xBB, 0xD6, 0xCF, 0xA4, 0x88, 0x66, 0xFA, 0x07, 0x24, 0x21, 0x09, 0x33, 0xD2, 0x94, 0x7B,
    0xC5, 0x39, 0xF1, 0xB7, 0xB4, 0x58, 0x85, 0x1B, 0x61, 0x39, 0xA9, 0x16, 0x0E, 0xB1, 0xBD, 0x42,
    0x93, 0x1F, 0x88, 0xAF, 0x54, 0xCE, 0x38, 0xDF, 0x99, 0x2A, 0x5C, 0x61, 0x2B, 0xB2, 0x23, 0x2F,
    0xCB, 0xFD, 0xF4, 0x4F, 0xB1, 0x39, 0xBD, 0x3D, 0x29, 0x35, 0xA1, 0x80, 0x4F, 0x60, 0x86, 0x70,
    0xD4, 0x92, 0xA0, 0xE3, 0xC9, 0x0A, 0xEF, 0xC9, 0x54, 0xBE, 0xCD, 0xF1, 0x10, 0x59, 0x3A, 0x97,
    0x6A, 0xF2, 0x59, 0x7E, 0x9B, 0xCA, 0x94, 0x7C, 0xA0, 0xDD, 0x21, 0xF0, 0xB6, 0x92, 0x86, 0x08,
    0x78, 0xF4, 0x29, 0x28, 0x01, 0xB9, 0x47, 0xAA, 0x98, 0x0C, 0x31, 0x70, 0x91, 0x0F, 0x3F, 0x11,
    0x2C, 0xA6, 0x09, 0x8F, 0x18, 0x8F, 0xE3, 0x2F, 0x7E, 0x8A, 0xDB, 0x2C, 0x20, 0xFE, 0x6D, 0xD2,
    0x8F, 0x4E, 0x13, 0xB9, 0xE3, 0x6C, 0xAA, 0x29, 0xDE, 0x78, 0x45, 0x2C, 0x4C, 0x88, 0x4F, 0xA6,
    0xC4, 0xC2, 0x12, 0x3B, 0xC8, 0x30, 0x6E, 0x40, 0x6B, 0x02, 0x63, 0xC0, 0x3B, 0xC0, 0x4D, 0x68,
    0x67, 0xA0, 0x7B, 0xC8, 0x6D, 0xA2, 0xE4, 0x60, 0xB5, 0xCE, 0x8C, 0xA6, 0x7E, 0x57, 0x7F, 0xDF,
    0x3A, 0x63, 0x5F, 0x72, 0xCB, 0x8E, 0x57, 0xDF, 0xD2, 0x36, 0xEC, 0x33, 0xB5, 0x11, 0xD5, 0x95,
    0x08, 0xC1, 0x58, 0x25, 0x05, 0x8C, 0x26, 0xF4, 0xDF, 0x98, 0x7E, 0x9D, 0x5B, 0xCF, 0x09, 0x5B,
    0xE7, 0x2E, 0x91, 0xAB, 0xA0, 0xBE, 0x05, 0xA3, 0xA5, 0xDF, 0xD1, 0xAF, 0x59, 0xA1, 0xDD, 0x74,
    0xE1, 0x8C, 0xD6, 0x6F, 0x1A, 0x2D, 0xE8, 0x77, 0xA0, 0x5F, 0x23, 0x88, 0xB0, 0x37, 0xE0, 0x82,
    0xA4, 0x46, 0x9D, 0x41, 0x9B, 0xB7, 0xCF, 0x7A, 0x4A, 0xEB, 0x8B, 0x51, 0x23, 0x08, 0xCA, 0x7D,
    0xCA, 0xD8, 0x0A, 0xF5, 0xAF, 0xA5, 0x7E, 0x5D, 0x58, 0xA7, 0xB9, 0xFD, 0x32, 0x53, 0x19, 0x6D,
    0xD4, 0xCF, 0x32, 0x23, 0x1C, 0x76, 0xDD, 0xA6, 0x60, 0x87, 0x42, 0x09, 0xF6, 0x40, 0x23, 0xA1,
    0x1E, 0x4E, 0x83, 0xC5, 0xCA, 0x44, 0x52, 0x45, 0x7F, 0xC7, 0xF4, 0x1B, 0xB0, 0x22, 0xD8, 0xDB,
    0x70, 0x1B, 0x70, 0x6A, 0x14, 0x8D, 0x5D, 0xD1, 0x9A, 0x93, 0x25, 0x3C, 0xAC, 0xA5, 0xCB, 0x7F,
    0x33, 0x7F, 0xF4, 0x8D, 0x7B, 0x49, 0xF6, 0x9F, 0x64, 0x74, 0x2B, 0xDD, 0x73, 0x4B, 0xD6, 0x16,
    0x52, 0xE3, 0x18, 0x39, 0xCA, 0x4C, 0xCA, 0x8D, 0x1E, 0xCB, 0x5E, 0x61, 0xA3, 0x75, 0xEC, 0xA9,
    0xA0, 0x96, 0x83, 0x62, 0x3E, 0xE1, 0x06, 0x76, 0xE4, 0x46, 0x5E, 0xE0, 0x97, 0x77, 0x98, 0xEB,
    0xBF, 0x93, 0x36, 0x27, 0xEC, 0x4D, 0x97, 0xED, 0xE0, 0x21, 0x0F, 0x7F, 0x97, 0x87, 0xC5, 0x75,
    0x89, 0x50, 0xE9, 0x73, 0x17, 0xFA, 0x7B, 0xB0, 0x4E, 0xC0, 0xDE, 0x82, 0x1B, 0xC0, 0xF1, 0x15,
    0x1E, 0x33, 0xF6, 0xFA, 0x8D, 0x02, 0x6D, 0x8B, 0x3C, 0x99, 0xA6, 0xF2, 0x0A, 0x75, 0xAF, 0xD8,
    0x7A, 0xE6, 0xD7, 0x53, 0xDF, 0x0E, 0x99, 0x10, 0x61, 0xD6, 0x2A, 0x76, 0x4B, 0x51, 0x35, 0x9A,
    0x4C, 0x0E, 0x0E, 0xDA, 0x69, 0x3C, 0xF4, 0x80, 0x97, 0x87, 0x57, 0x82, 0x53, 0x85, 0xD3, 0x86,
    0x2B, 0x60, 0x33, 0x35, 0x18, 0xC5, 0xE7, 0x8B, 0x64, 0x20, 0x4B, 0x99, 0xE6, 0x63, 0x8E, 0x6C,
    0x9F, 0xB6, 0xE1, 0xFC, 0x10, 0xC3, 0x7D, 0x91, 0x83, 0xE4, 0x83, 0x71, 0x92, 0x59, 0xDF, 0x30,
    0xED, 0x17, 0x60, 0x5B, 0x3D, 0x99, 0x2E, 0xB2, 0x0D, 0xAC, 0xAE, 0xA9, 0x7C, 0xE5, 0x3C, 0x9C,
    0x12, 0xDC, 0x49, 0x58, 0xB1, 0xEA, 0x0C, 0x3D, 0x15, 0x0E, 0xAD, 0xC5, 0xCC, 0xB3, 0x18, 0x99,
    0x05, 0xED, 0x9E, 0x26, 0x61, 0x71, 0x54, 0xB2, 0x98, 0xBB, 0x09, 0x97, 0x53, 0x0D, 0xDA, 0xCA,
    0x06, 0x86, 0x13, 0xD0, 0x27, 0xBD, 0x39, 0x9D, 0x38, 0x0E, 0xC3, 0x10, 0xD6, 0xAE, 0x4E, 0xA8,
    0x45, 0x52, 0xDD, 0x18, 0x41, 0x0E, 0xFB, 0xF0, 0x38, 0x6F, 0x0B, 0xB0, 0x22, 0x6B, 0xB1, 0x68,
    0xCC, 0x8C, 0xFD, 0x24, 0x1A, 0x24, 0x69, 0x4F, 0xAE, 0x12, 0x98, 0x1A, 0xE5, 0xAB, 0xC5, 0xB3,
    0x49, 0x40, 0xEB, 0xB8, 0x22, 0xD5, 0xDA, 0x98, 0x7C, 0x4A, 0x46, 0x2C, 0x41, 0xC2, 0xE6, 0xE8,
    0x8D, 0x16, 0x3C, 0x32, 0xFB, 0xBB, 0x23, 0x94, 0x7D, 0x45, 0xDE, 0x66, 0x0F, 0xEC, 0xC0, 0x55,
    0xFC, 0x6C, 0xDE, 0xCF, 0xC8, 0x47, 0x95, 0x3D, 0xAA, 0x4B, 0xFB, 0xB1, 0x99, 0x8B, 0xF2, 0x1D,
    0x5B, 0x7A, 0xA8, 0xA4, 0x2B, 0xC9, 0xAD, 0xF5, 0x22, 0x7B, 0x50, 0x6B, 0x40, 0xB5, 0xD2, 0x8E,
    0x4C, 0x28, 0x17, 0xBC, 0x91, 0x0B, 0x7E, 0x10, 0x44, 0xAB, 0xCA, 0x5F, 0x82, 0x99, 0x9C, 0x18,
    0xF0, 0xE1, 0x94, 0x0C, 0xF3, 0xA8, 0x18, 0x7F, 0xA3, 0x21, 0x8F, 0xB0, 0x35, 0xB6, 0x2C, 0x7A,
    0x69, 0xCD, 0xF3, 0x1B, 0x41, 0x44, 0x01, 0x8B, 0x9F, 0xF3, 0xDA, 0x6D, 0xD9, 0xE8, 0xC9, 0xE0,
    0x9E, 0x88, 0xFE, 0xE4, 0xBD, 0x9F, 0x68, 0x20, 0xB0, 0xB8, 0x5E, 0xEB, 0x37, 0x92, 0x60, 0x10,
    0xA5, 0x2A, 0xFB, 0x0E, 0xD3, 0x24, 0x19, 0xF4, 0xE4, 0x51, 0xEA, 0xDD, 0xF8, 0xBC, 0xFB, 0x9A,
    0xE3, 0x7B, 0xBE, 0x37, 0x73, 0x20, 0x0D, 0x48, 0xBF, 0x45, 0x98, 0x1B, 0x0F, 0x79, 0x5D, 0xA5,
    0x4B, 0x21, 0x23, 0xB4, 0x78, 0x31, 0xAE, 0xAD, 0x0F, 0xB5, 0x4D, 0xB0, 0x8F, 0x1D, 0x12, 0xB3,
    0xA8, 0xB0, 0x0F, 0xB9, 0x52, 0xC5, 0xC0, 0x12, 0xE1, 0x0F, 0x76, 0x6C, 0x0A, 0xED, 0x85, 0xAA,
    0x1F, 0x05, 0x54, 0x69, 0x25, 0x55, 0x9A, 0xCC, 0x87, 0x41, 0x27, 0x68, 0xFB, 0xBC, 0x46, 0x1B,
    0x40, 0x6F, 0xAF, 0xB2, 0xA0, 0x27, 0x82, 0x5B, 0xFC, 0xF0, 0x9B, 0x98, 0x7D, 0x0B, 0x7E, 0x57,
    0xA9, 0x94, 0xCB, 0x5A, 0xF3, 0xBA, 0xD4, 0x65, 0x36, 0xAD, 0xF6, 0x73, 0x2F, 0x58, 0xC7, 0xF5,
    0x77, 0x33, 0xDF, 0x6B, 0xF7, 0x91, 0x6A, 0xE2, 0x34, 0x6B, 0x62, 0x3A, 0x5E, 0x10, 0x36, 0xF3,
    0xD0, 0x8D, 0xFF, 0x13, 0x56, 0x3C, 0x5C, 0xB0, 0x2E, 0x35, 0x5A, 0x5D, 0xC0, 0xB3, 0x54, 0x3C,
    0x7C, 0x74, 0x68, 0xAA, 0x77, 0x94, 0xD6, 0xE9, 0xDA, 0x53, 0x6E, 0x97, 0xE8, 0xB6, 0xA9, 0x86,
    0x2F, 0x89, 0x63, 0xEC, 0x7F, 0x7D, 0x94, 0x4D, 0x6C, 0x1B, 0x45, 0x14, 0xC7, 0xFF, 0xE3, 0xF5,
    0xEC, 0xC6, 0xDE, 0xD8, 0x9B, 0x52, 0x27, 0x72, 0x1A, 0x36, 0xF6, 0x21, 0x18, 0x44, 0xBC, 0x71,
    0xA8, 0x42, 0xB5, 0x84, 0x40, 0x1E, 0x90, 0x14, 0x4E, 0x30, 0x10, 0xA7, 0x28, 0x40, 0x21, 0xA2,
    0x41, 0x24, 0x55, 0x41, 0x25, 0x6C, 0x02, 0xE4, 0xA3, 0x19, 0x84, 0x7A, 0x02, 0x09, 0xF7, 0x00,
    0x55, 0x11, 0x48, 0x3E, 0x14, 0xD1, 0x43, 0x8B, 0x36, 0x22, 0x42, 0x14, 0x09, 0x69, 0x8F, 0x70,
    0x5B, 0x71, 0xE1, 0x50, 0x0E, 0x2B, 0xC1, 0x81, 0xA3, 0x0F, 0xBD, 0x70, 0x63, 0xD6, 0x8D, 0xAA,
    0x7A, 0x9D, 0x30, 0x33, 0xDA, 0x95, 0x7E, 0xEF, 0xBD, 0x99, 0xF7, 0x31, 0xF3, 0x8A, 0x36, 0x0A,
    0x23, 0x13, 0xE7, 0x7D, 0x90, 0x1E, 0x0E, 0xFB, 0x93, 0x62, 0x1D, 0xEB, 0xA8, 0x49, 0x0E, 0xB6,
    0x64, 0x9C, 0x33, 0x0A, 0xA6, 0x18, 0x12, 0x06, 0xF2, 0x33, 0xA3, 0xB7, 0x81, 0x87, 0xE5, 0x03,
    0xB2, 0x2C, 0x27, 0x83, 0x23, 0xD4, 0x5F, 0x77, 0x3C, 0xBB, 0x91, 0x97, 0xB5, 0xC6, 0x1B, 0xF4,
    0x3A, 0x5D, 0x20, 0xA1, 0x06, 0x10, 0x7F, 0x45, 0x36, 0x2C, 0x2E, 0xDA, 0x18, 0x95, 0xEF, 0x85,
    0x63, 0x81, 0x41, 0x97, 0xE8, 0x47, 0xA4, 0x71, 0x9C, 0x8E, 0x10, 0x6F, 0x60, 0x70, 0x01, 0x95,
    0x55, 0x2C, 0xA4, 0x68, 0x81, 0xD1, 0xA9, 0xFB, 0x50, 0xF9, 0x12, 0xD9, 0x6B, 0x50, 0x83, 0x53,
    0x45, 0xBE, 0x4F, 0x8F, 0x4B, 0x20, 0xD3, 0x38, 0x21, 0x3F, 0xA0, 0x0A, 0xA5, 0x09, 0x38, 0x1B,
    0xA2, 0x01, 0xAA, 0x5F, 0x8B, 0x0D, 0x07, 0xF1, 0xE0, 0x9B, 0x98, 0x3B, 0x4E, 0x73, 0x97, 0x68,
    0x6E, 0x15, 0x95, 0x57, 0xF6, 0x0D, 0xCF, 0x2A, 0x93, 0xC2, 0x95, 0x2F, 0x46, 0x38, 0x32, 0x78,
    0x57, 0xB9, 0xCC, 0x15, 0xD1, 0x31, 0x40, 0x3A, 0x06, 0xB1, 0x03, 0x9D, 0x06, 0xA4, 0x89, 0xA3,
    0xB4, 0xA1, 0x34, 0x5D, 0xA1, 0x67, 0x4C, 0xDB, 0xAA, 0xE6, 0xAB, 0xB6, 0x5B, 0xBB, 0x31, 0x0E,
    0x17, 0x05, 0xD4, 0xF6, 0x76, 0xC4, 0x8E, 0x98, 0x16, 0xDA, 0xFE, 0x34, 0x96, 0xD2, 0x7D, 0x05,
    0x17, 0x18, 0x79, 0x4D, 0xF0, 0x63, 0x99, 0x9C, 0xCD, 0x71, 0x42, 0xAE, 0xCA, 0x49, 0x65, 0x5D,
    0xA1, 0xC1, 0xC0, 0x09, 0xDE, 0xC6, 0x0C, 0x38, 0xC3, 0x31, 0x75, 0x5A, 0x11, 0xBD, 0x8F, 0x90,
    0x73, 0x99, 0xD8, 0x65, 0xD2, 0x46, 0x29, 0x63, 0x52, 0xCC, 0x33, 0x6D, 0xBE, 0x4E, 0xCE, 0x15,
    0x99, 0x7A, 0x9A, 0xF4, 0x22, 0xF5, 0x4E, 0xD3, 0x00, 0xC3, 0xC0, 0x49, 0x64, 0x8B, 0x38, 0xFA,
    0x16, 0x6D, 0xDC, 0xA3, 0x9F, 0x22, 0x83, 0x18, 0x74, 0x3C, 0x86, 0x16, 0xFE, 0x92, 0x9B, 0x84,
    0xF3, 0x2A, 0x92, 0xF6, 0xDA, 0x02, 0xAE, 0x83, 0x9D, 0x86, 0x66, 0x23, 0x7B, 0x03, 0xC5, 0x3C,
    0xB6, 0x6B, 0x84, 0xEC, 0xFF, 0x4A, 0x9F, 0x00, 0xE6, 0x0F, 0x97, 0xAA, 0xF0, 0x17, 0x0E, 0x97,
    0x7E, 0x07, 0xBC, 0x78, 0xB8, 0x54, 0xF1, 0x15, 0x60, 0xEA, 0x10, 0x69, 0xFF, 0x3C, 0x86, 0x16,
    0x30, 0x3A, 0x8B, 0x4F, 0x45, 0xEA, 0x05, 0xA1, 0x7F, 0x8F, 0x5E, 0xBB, 0x67, 0xEB, 0xC2, 0x1E,
    0xBB, 0x6A, 0x9E, 0x76, 0xD2, 0x2E, 0x3C, 0x35, 0xDD, 0x42, 0x29, 0x32, 0x54, 0xAC, 0x1C, 0x88,
    0x50, 0xE6, 0xF3, 0xDA, 0x1F, 0xDA, 0xC7, 0x86, 0x30, 0xEB, 0x16, 0xF2, 0x3D, 0xB5, 0xEB, 0xB0,
    0x0F, 0x60, 0x5B, 0xB8, 0xD8, 0xC5, 0x7E, 0xC3, 0x6C, 0x92, 0xA9, 0xFC, 0x11, 0x17, 0x5A, 0xA0,
    0x49, 0x83, 0x4C, 0x28, 0x06, 0xE5, 0x91, 0xCF, 0x64, 0x92, 0xA5, 0x42, 0x5E, 0x4E, 0x32, 0x7D,
    0x9C, 0xF7, 0x25, 0x19, 0xAF, 0x43, 0xBB, 0x45, 0xDA, 0x27, 0xD2, 0x78, 0x26, 0x28, 0xCD, 0x49,
    0xCB, 0xA0, 0x7C, 0x09, 0xB5, 0x9F, 0x80, 0x8F, 0x08, 0xA7, 0xC0, 0x9F, 0x52, 0xEA, 0x61, 0x2A,
    0x92, 0x7C, 0x97, 0x32, 0x1B, 0xD4, 0x53, 0x43, 0x6F, 0x09, 0x4E, 0x16, 0x2C, 0x80, 0x88, 0xE3,
    0xBD, 0xDF, 0x72, 0x4D, 0xCF, 0xF2, 0x6C, 0xB7, 0x3A, 0x1C, 0xA9, 0x0B, 0x53, 0x3D, 0x90, 0xEE,
    0xB1, 0xE7, 0xBA, 0x29, 0xFB, 0x87, 0x2D, 0x1D, 0x40, 0xBF, 0x66, 0x33, 0xDD, 0xB4, 0x2C, 0x87,
    0x28, 0x8F, 0x47, 0xD5, 0xAD, 0x67, 0xDF, 0x2A, 0x59, 0xCD, 0x7D, 0x75, 0xED, 0xF3, 0x75, 0x7B,
    0xAA, 0x3A, 0x16, 0xF5, 0x21, 0xCE, 0xC7, 0x7C, 0xFF, 0x87, 0x45, 0x6F, 0xC4, 0x2B, 0xFB, 0xE3,
    0xAD, 0xC5, 0xA8, 0xB1, 0xA1, 0xF4, 0x54, 0x09, 0x64, 0x37, 0x65, 0x91, 0x5E, 0xEE, 0xA6, 0xFA,
    0x04, 0xEF, 0x3B, 0x60, 0x07, 0xF5, 0x22, 0x44, 0x5C, 0xEA, 0xE1, 0x1C, 0xF2, 0x45, 0x58, 0x65,
    0x18, 0x0D, 0x75, 0x58, 0xBC, 0x4A, 0x12, 0x2A, 0x8B, 0xA1, 0xF6, 0x8B, 0xF1, 0xBC, 0x99, 0xB7,
    0xDE, 0xB1, 0x84, 0xAA, 0x80, 0x1A, 0x9B, 0xC4, 0x7E, 0x0F, 0xF4, 0x5B, 0x32, 0xF5, 0x27, 0xB4,
    0x6F, 0xA0, 0x3D, 0x2B, 0x8D, 0x33, 0xD2, 0xDC, 0x24, 0x0B, 0xAA, 0xDC, 0xA8, 0x03, 0x06, 0x18,
    0xE9, 0x8D, 0xAA, 0xEF, 0xB5, 0xFC, 0x68, 0x37, 0xDC, 0x56, 0x8D, 0x05, 0x51, 0x92, 0x68, 0x41,
    0x46, 0x74, 0x12, 0xA3, 0xC9, 0x1B, 0x9D, 0x24, 0xD7, 0x4C, 0x27, 0x74, 0x18, 0xA5, 0x44, 0x4A,
    0x76, 0x32, 0xFD, 0x2B, 0xAA, 0xAE, 0x05, 0xDE, 0x0F, 0xD2, 0xFF, 0x17, 0xBB, 0x11, 0x6D, 0x6F,
    0xC6, 0x3E, 0xEA, 0xF2, 0xA1, 0xD0, 0x23, 0x1F, 0x3E, 0x3D, 0x49, 0x39, 0xD5, 0x2C, 0x0A, 0x77,
    0x9C, 0x52, 0x74, 0x2D, 0xFC, 0x99, 0x62, 0xBA, 0xEF, 0x54, 0x07, 0x31, 0x62, 0xA7, 0x3A, 0x48,
    0xAE, 0x91, 0x4E, 0x10, 0xAF, 0xB8, 0x5C, 0x75, 0x5D, 0x6F, 0x5B, 0xE5, 0xA7, 0x07, 0xCB, 0xEA,
    0x22, 0xB8, 0x88, 0x5F, 0xC2, 0xB6, 0xDA, 0xCF, 0xC1, 0x4B, 0x09, 0x72, 0x46, 0xBD, 0xBD, 0x4E,
    0x92, 0x15, 0x7A, 0xC0, 0x23, 0xA7, 0xE5, 0xF9, 0x6A, 0x84, 0xD3, 0xF2, 0x4E, 0xDC, 0x2B, 0x4D,
    0x67, 0x6F, 0xCA, 0x77, 0x5B, 0x5E, 0xE4, 0xDF, 0xBE, 0x27, 0x7F, 0xBE, 0xDF, 0xDA, 0x6D, 0xEB,
    0xA0, 0x99, 0x24, 0x5A, 0xC8, 0x45, 0x27, 0xB9, 0x9B, 0xBF, 0xBB, 0x24, 0xB3, 0x98, 0xD4, 0x49,
    0xAB, 0x3E, 0x1A, 0x77, 0x55, 0xDE, 0xFE, 0xEB, 0x4D, 0xA7, 0xB5, 0xDE, 0xBA, 0xD9, 0xBA, 0x19,
    0xEE, 0x48, 0x6A, 0x9F, 0xBA, 0x3C, 0x52, 0xF5, 0x5C, 0xE5, 0xC7, 0x5A, 0xD4, 0xAE, 0x9A, 0x9F,
    0x24, 0xF1, 0x5B, 0xEB, 0x24, 0xF1, 0x9D, 0x4A, 0x58, 0x39, 0x58, 0xCC, 0xCE, 0x1A, 0x27, 0xB5,
    0x8B, 0xA9, 0x5F, 0xD9, 0xDF, 0x2A, 0xC9, 0xC1, 0xCB, 0x54, 0x87, 0xA9, 0x7A, 0x84, 0xB9, 0x64,
    0x9D, 0x53, 0xFD, 0xB9, 0x6A, 0x4F, 0x8C, 0x45, 0x71, 0x46, 0x56, 0xC0, 0x3E, 0x63, 0x33, 0xDD,
    0xBA, 0xFF, 0x01, 0x7D, 0x96, 0x4F, 0x6C, 0xDB, 0x54, 0x1C, 0xC7, 0xBF, 0xCF, 0x8E, 0xE3, 0xA5,
    0x26, 0x71, 0x0F, 0x29, 0x94, 0xAD, 0x4E, 0x7A, 0x28, 0x68, 0x42, 0xCE, 0xC2, 0x61, 0x4C, 0x66,
    0xA4, 0xDD, 0x43, 0x0C, 0x36, 0x81, 0x34, 0xC2, 0x96, 0x6A, 0x07, 0x18, 0x0D, 0x52, 0x04, 0xD9,
    0x0E, 0x68, 0x12, 0xEE, 0xD4, 0x4D, 0x14, 0x8C, 0x06, 0x12, 0x88, 0x8B, 0x25, 0x26, 0xC4, 0xBF,
    0x43, 0x0E, 0x45, 0x9A, 0x50, 0x27, 0x39, 0xA8, 0x93, 0xC6, 0x10, 0xC2, 0x02, 0x21, 0x40, 0x5C,
    0x7C, 0x00, 0xC1, 0x40, 0x08, 0x1F, 0xB8, 0xED, 0xE2, 0xC3, 0x2E, 0xEC, 0xC4, 0xEF, 0xD9, 0x29,
    0x8B, 0xED, 0x86, 0xA6, 0xAA, 0x2A, 0xFB, 0xF3, 0x7E, 0xBF, 0xF7, 0xFB, 0xBE, 0xEF, 0xEF, 0xF7,
    0x82, 0x2A, 0x70, 0x1A, 0xA0, 0xBF, 0xAF, 0x02, 0x9B, 0x60, 0xA7, 0x20, 0x1B, 0x98, 0xBA, 0x82,
    0xD9, 0x0A, 0xD6, 0x9B, 0x9C, 0xF1, 0xA2, 0x5B, 0x74, 0x4D, 0xCF, 0x8E, 0xBC, 0x70, 0x18, 0xAC,
    0xDF, 0x02, 0xF0, 0x22, 0xB0, 0x77, 0x22, 0xAF, 0xB4, 0x25, 0x27, 0xC3, 0x4F, 0x20, 0x31, 0x0B,
    0xEC, 0x17, 0x6F, 0xC7, 0x71, 0xE6, 0x48, 0x2E, 0x6B, 0xC3, 0xC0, 0x3C, 0xDB, 0xD0, 0x4E, 0x35,
    0x0A, 0x16, 0x6C, 0xFA, 0x58, 0xD5, 0x7A, 0x48, 0x81, 0x06, 0xB4, 0x19, 0x67, 0x6F, 0x60, 0x73,
    0x0F, 0x1E, 0x5F, 0xE2, 0xF4, 0x64, 0x8B, 0x1D, 0xCD, 0x73, 0x72, 0xA0, 0xB4, 0x33, 0x1C, 0xE8,
    0xE5, 0xF4, 0x0E, 0x11, 0x21, 0xF9, 0xB9, 0x98, 0x7F, 0xA2, 0x97, 0x27, 0x4B, 0x03, 0x2A, 0x2B,
    0xCD, 0x7D, 0x08, 0xF4, 0xA0, 0x74, 0x20, 0xFF, 0xC1, 0xE5, 0x8B, 0x8E, 0xFA, 0x98, 0xAF, 0xC9,
    0x8E, 0xAE, 0xF2, 0x4A, 0x1D, 0xCD, 0x6B, 0xC0, 0x79, 0x07, 0xE7, 0x50, 0xDC, 0x82, 0xE9, 0xC1,
    0x8E, 0xE0, 0x85, 0x18, 0x06, 0x88, 0xD5, 0x48, 0x2D, 0xA9, 0x9F, 0x18, 0x5B, 0x72, 0x8D, 0x7D,
    0xA5, 0xD8, 0x46, 0x94, 0x52, 0xEE, 0xB2, 0xB2, 0x2C, 0xFF, 0x2A, 0xBF, 0xA1, 0xB6, 0xB5, 0x8E,
    0x8E, 0xCA, 0xAE, 0xE6, 0x66, 0x7C, 0x1E, 0xB4, 0x91, 0xD5, 0xE0, 0x3A, 0x1F, 0x6D, 0xE4, 0x37,
    0xF4, 0xB2, 0x54, 0xA9, 0x2D, 0xF1, 0x0C, 0x15, 0x4B, 0x90, 0xE5, 0x48, 0x2C, 0x87, 0x65, 0xC8,
    0x1C, 0xD3, 0xC5, 0xCF, 0xE8, 0x8C, 0x33, 0x25, 0x3A, 0x1F, 0x05, 0xB8, 0x91, 0xCF, 0xAB, 0x74,
    0x13, 0x99, 0xC6, 0xF2, 0x8A, 0x23, 0xEA, 0x69, 0x2B, 0x86, 0x42, 0x72, 0x9E, 0xB1, 0x5B, 0x96,
    0x55, 0xDB, 0x02, 0x58, 0x24, 0x55, 0xD9, 0x95, 0x29, 0xBB, 0x7C, 0x56, 0x0B, 0x0C, 0xD4, 0xC3,
    0x55, 0xEF, 0xEA, 0x60, 0x86, 0x8B, 0x4A, 0xF2, 0xAC, 0xD4, 0x63, 0xEE, 0x0E, 0xAC, 0xA8, 0xA7,
    0x9D, 0xA7, 0xE9, 0x27, 0xA4, 0xE7, 0x39, 0x3E, 0x4B, 0x32, 0x14, 0x51, 0x00, 0xD5, 0xB6, 0x53,
    0xEC, 0x7D, 0xC0, 0x71, 0xD2, 0xA1, 0x2D, 0x7F, 0x13, 0xC8, 0x17, 0x7D, 0xF5, 0xA4, 0xA3, 0x3D,
    0xCB, 0xC5, 0x39, 0x69, 0x68, 0xAE, 0x70, 0x29, 0x50, 0xE6, 0x1B, 0xA4, 0x40, 0xC3, 0x5D, 0x8C,
    0x2C, 0xCF, 0x0E, 0xCF, 0x06, 0xDE, 0x2D, 0x8C, 0x68, 0xED, 0x66, 0x98, 0xA1, 0x1B, 0x78, 0x99,
    0x37, 0xDA, 0x4B, 0x51, 0x2B, 0xDA, 0x26, 0xD5, 0x8D, 0xC2, 0x40, 0x69, 0xCB, 0xBE, 0xEC, 0xA8,
    0x5C, 0x03, 0xE9, 0x86, 0x26, 0xBF, 0xC0, 0x9F, 0x44, 0x1F, 0x26, 0x2C, 0x08, 0xD3, 0xAD, 0x53,
    0x11, 0x74, 0x2A, 0x39, 0xAA, 0x7A, 0xA6, 0x6F, 0x5A, 0x96, 0xBD, 0x8E, 0x62, 0x97, 0xB9, 0xD9,
    0x97, 0x07, 0x70, 0x6F, 0x26, 0x44, 0x96, 0x98, 0xC5, 0xC3, 0x98, 0x01, 0x8C, 0x42, 0x12, 0xA5,
    0xBB, 0xD1, 0xA1, 0x34, 0x01, 0xE3, 0x59, 0x6E, 0x94, 0x44, 0x54, 0xF4, 0x6D, 0x20, 0x7C, 0x7A,
    0x84, 0x6B, 0x2A, 0xD7, 0x35, 0x54, 0x74, 0x34, 0x8F, 0x51, 0x00, 0x60, 0x0D, 0xD4, 0xA4, 0xF4,
    0x9F, 0x59, 0xA8, 0xF6, 0x7B, 0x02, 0xB7, 0x6C, 0xDB, 0x5B, 0x8F, 0x10, 0x92, 0x38, 0x3C, 0x3E,
    0xF2, 0x0E, 0x22, 0x16, 0xB2, 0x40, 0xF2, 0x93, 0xD8, 0x2A, 0xAF, 0xA1, 0x03, 0x21, 0x5D, 0xD1,
    0xA1, 0x67, 0x4E, 0x92, 0x4F, 0xA3, 0x58, 0x9D, 0x38, 0xD1, 0xF7, 0x5C, 0x7E, 0x07, 0xAA, 0x0D,
    0xED, 0x16, 0xF4, 0x16, 0x2A, 0x0D, 0x92, 0x8E, 0x24, 0x80, 0xC4, 0xC1, 0x00, 0xA1, 0xB6, 0xB9,
    0xD1, 0x0A, 0x1E, 0xE1, 0xAF, 0xF3, 0x57, 0xFC, 0x61, 0x58, 0xA0, 0xD1, 0x31, 0x8D, 0xFE, 0xD8,
    0x13, 0xAA, 0x78, 0x5C, 0x10, 0x56, 0x29, 0x35, 0x37, 0x65, 0x47, 0x49, 0x56, 0xA2, 0x85, 0xA4,
    0x95, 0x33, 0xA2, 0xC4, 0x14, 0xE3, 0x2A, 0xF9, 0x40, 0xE3, 0xDB, 0xE5, 0x1B, 0xF4, 0xA9, 0xF3,
    0x2A, 0x16, 0x28, 0x03, 0xB9, 0xFB, 0x47, 0xF9, 0xCD, 0x3B, 0x6C, 0xC3, 0x35, 0x9C, 0x1D, 0xA3,
    0x1D, 0xD3, 0x94, 0x11, 0x31, 0xCA, 0x77, 0xD0, 0x5F, 0xE5, 0x63, 0x84, 0xAB, 0x06, 0x7B, 0x78,
    0x3D, 0x26, 0x46, 0x99, 0x48, 0x8E, 0x46, 0x9C, 0x89, 0x10, 0x4D, 0x8C, 0x42, 0xE5, 0x51, 0x02,
    0x03, 0x29, 0x74, 0x94, 0x21, 0x2F, 0x5D, 0xE0, 0xBB, 0x9A, 0xB8, 0xAB, 0x8E, 0xC6, 0x14, 0xE0,
    0x31, 0x7E, 0x7A, 0xD0, 0xD8, 0x6A, 0x79, 0x16, 0x39, 0x28, 0x76, 0xDA, 0x24, 0x92, 0xB4, 0x72,
    0x84, 0x5C, 0xE3, 0xB8, 0x82, 0xB2, 0xB0, 0x79, 0x3C, 0xB2, 0x27, 0x2D, 0x2C, 0x52, 0xD3, 0xA6,
    0x53, 0x4C, 0x83, 0x6A, 0xC4, 0xFD, 0x1F, 0xE1, 0xF8, 0x4D, 0x2E, 0xD1, 0xD1, 0xBC, 0x0B, 0xF5,
    0x69, 0xA8, 0x4F, 0x39, 0xF8, 0x9F, 0xEC, 0x25, 0x60, 0x0E, 0x68, 0x53, 0xF6, 0x7D, 0xA3, 0x48,
    0xC3, 0x80, 0x05, 0x2A, 0x1D, 0x02, 0xB5, 0xE3, 0x86, 0x98, 0xA8, 0x73, 0xBA, 0xA5, 0xD9, 0xBA,
    0x6D, 0x58, 0x66, 0x2D, 0x8C, 0x0D, 0x9E, 0x5C, 0x2C, 0x9E, 0x17, 0x0D, 0x83, 0x43, 0x14, 0x9B,
    0x7D, 0x90, 0x4C, 0xDE, 0x34, 0x17, 0x8F, 0x94, 0x14, 0x87, 0xCF, 0x80, 0x4B, 0x60, 0x1B, 0xD0,
    0x4E, 0x61, 0x4E, 0x87, 0xA5, 0xC1, 0xD6, 0x61, 0x1B, 0xB0, 0x4C, 0xD4, 0xE2, 0xA1, 0x2E, 0xDB,
    0x74, 0x01, 0xA4, 0x43, 0x7F, 0xDA, 0xD1, 0x9E, 0xEF, 0xCF, 0x19, 0x55, 0xAB, 0xC1, 0xED, 0x45,
    0x6E, 0x53, 0x93, 0xD8, 0xF3, 0xB5, 0xDB, 0x82, 0x2E, 0xBE, 0xEF, 0x98, 0x5F, 0x04, 0xF6, 0xE7,
    0xBE, 0xF7, 0x0F, 0x86, 0x11, 0x3F, 0xF4, 0x75, 0x3C, 0x2C, 0xC9, 0xE3, 0x0B, 0xF1, 0xA4, 0xFE,
    0x0B, 0x49, 0xF5, 0xDA, 0x35, 0xE8, 0x16, 0x2A, 0x66, 0x6C, 0xCC, 0x40, 0xC2, 0x69, 0xB7, 0x31,
    0x48, 0x9C, 0xE0, 0x4D, 0xE6, 0xB6, 0x0D, 0xBC, 0xBB, 0xA7, 0xF5, 0x13, 0x73, 0x99, 0x34, 0xD3,
    0xF7, 0x0B, 0x7D, 0x6F, 0x6C, 0xDF, 0x1E, 0x3B, 0x2D, 0x2C, 0x07, 0x45, 0x3E, 0x9E, 0x80, 0x3A,
    0x8A, 0x34, 0x30, 0xB6, 0x5A, 0xD3, 0xFB, 0xA0, 0x05, 0xCF, 0x84, 0x61, 0x70, 0x41, 0x14, 0x15,
    0x48, 0x7C, 0x37, 0x7F, 0xC8, 0x5F, 0x24, 0x1B, 0xBD, 0xE7, 0x7C, 0x49, 0xFB, 0x8E, 0xFB, 0x2B,
    0xC7, 0x69, 0x4E, 0xD5, 0x49, 0x73, 0x59, 0xA6, 0x84, 0xBB, 0x69, 0x5F, 0xE3, 0xCC, 0x5C, 0xDC,
    0x99, 0xC5, 0x58, 0xFB, 0x6C, 0xBC, 0xB2, 0x5B, 0xCC, 0xE4, 0x9D, 0x59, 0x3E, 0xF0, 0xFB, 0x89,
    0xEF, 0x92, 0x3E, 0xA7, 0xA9, 0x47, 0x17, 0xC4, 0x3D, 0x14, 0x4F, 0x11, 0xA3, 0xEF, 0xBF, 0x79,
    0xB4, 0x80, 0xE7, 0xC8, 0x1D, 0x32, 0x0D, 0xF3, 0x2C, 0x4D, 0xAD, 0xEB, 0x8C, 0x93, 0x77, 0xE2,
    0xED, 0x19, 0x24, 0x44, 0x12, 0x69, 0x9D, 0xC6, 0x4E, 0xF2, 0x5E, 0xBD, 0xA4, 0x74, 0x97, 0x67,
    0xD6, 0x66, 0xED, 0x05, 0x7B, 0xDE, 0x7B, 0x30, 0xEA, 0x86, 0xAE, 0xD8, 0x97, 0x18, 0xAC, 0xFD,
    0x05, 0xD3, 0xB6, 0xC8, 0x7D, 0xAB, 0xA1, 0xB8, 0x40, 0x85, 0xC7, 0xF2, 0x9C, 0x78, 0x9A, 0xE6,
    0xC4, 0x3C, 0xCD, 0x73, 0xA2, 0xFA, 0x6C, 0x3C, 0x89, 0xBE, 0xDE, 0xEC, 0x14, 0x51, 0x3C, 0x4F,
    0xB3, 0xD2, 0x65, 0xA5, 0x9D, 0x27, 0xA5, 0xCB, 0xAC, 0x9D, 0xE6, 0xB2, 0x4C, 0x32, 0xA5, 0x53,
    0x8C, 0xCB, 0x02, 0x92, 0x4E, 0xA7, 0xC2, 0xEF, 0xE3, 0x98, 0x39, 0x3C, 0x03, 0xA3, 0x5C, 0x86,
    0x51, 0x9B, 0x85, 0xB1, 0xB4, 0x80, 0xCA, 0xC7, 0x5D, 0x54, 0x7E, 0x72, 0xA1, 0x1F, 0x71, 0x40,
    0xB7, 0x4E, 0x3C, 0x9B, 0x8F, 0xA2, 0xF7, 0x02, 0xB7, 0x86, 0xBE, 0x75, 0xD5, 0x39, 0x78, 0x0E,
    0x8B, 0xE7, 0x61, 0xAE, 0x09, 0x53, 0xB3, 0x08, 0x52, 0x87, 0xC4, 0x45, 0xAD, 0x8C, 0xCA, 0x2C,
    0xF4, 0x79, 0xA8, 0x2E, 0x68, 0x09, 0xFD, 0xD6, 0x69, 0x6F, 0x6B, 0xEC, 0xED, 0xA9, 0xC7, 0xD5,
    0x27, 0xE4, 0xB7, 0xA4, 0x1F, 0xD8, 0xDF, 0x08, 0x99, 0x7F, 0x92, 0xD3, 0xC8, 0xFE, 0x04, 0xEC,
    0xF0, 0xE4, 0x35, 0x71, 0x9F, 0xB0, 0x65, 0x5E, 0x5C, 0x41, 0x61, 0x91, 0x7C, 0x4A, 0xA6, 0x84,
    0xEA, 0xA0, 0x5E, 0xC2, 0xD2, 0x66, 0xDC, 0x27, 0x0F, 0xB8, 0x2F, 0xF9, 0x1A, 0x37, 0xB0, 0xE6,
    0xDE, 0xF6, 0xC5, 0x1E, 0x2C, 0xF1, 0xAD, 0x66, 0xD2, 0x02, 0x3A, 0x43, 0xCE, 0xD2, 0x4B, 0xE2,
    0x6F, 0x59, 0x93, 0x78, 0xE1, 0xC4, 0x4C, 0x82, 0xD7, 0xF0, 0xCB, 0xF8, 0xAD, 0x93, 0xDC, 0x30,
    0xFF, 0x02, 0x95, 0x96, 0x41, 0x88, 0x1B, 0x55, 0x18, 0xC7, 0xFF, 0x6F, 0x66, 0x27, 0xB3, 0xDB,
    0x69, 0x27, 0x29, 0x6C, 0xB4, 0xAD, 0x3B, 0x9B, 0x3D, 0x2C, 0xA5, 0xAD, 0x93, 0xA6, 0x07, 0x2D,
    0xA3, 0xA6, 0xF5, 0x95, 0x55, 0x57, 0xF0, 0xE0, 0x94, 0x6E, 0xA8, 0xA5, 0xD4, 0xCD, 0x21, 0xC8,
    0xAE, 0x88, 0x14, 0x7C, 0x59, 0x97, 0x6D, 0x63, 0x5F, 0x5B, 0x05, 0x6D, 0x0F, 0x06, 0xBC, 0xA8,
    0x20, 0x46, 0x58, 0xA5, 0xC8, 0x56, 0x26, 0x9A, 0x42, 0xAB, 0x3D, 0x0C, 0x05, 0xF1, 0xFA, 0x8A,
    0x07, 0xA9, 0x15, 0x1C, 0x45, 0xF0, 0xE0, 0x65, 0x0E, 0x45, 0xF1, 0xE6, 0xF7, 0x12, 0x69, 0xBB,
    0xC9, 0x46, 0xF0, 0x0D, 0x93, 0xC3, 0xCB, 0x6F, 0xDE, 0xF7, 0xE5, 0xFB, 0xFE, 0xDF, 0x7F, 0x02,
    0x80, 0xAD, 0xB6, 0x9C, 0x13, 0xE1, 0x44, 0x96, 0x07, 0x0E, 0x44, 0x16, 0xC2, 0x43, 0xE0, 0x63,
    0x32, 0x81, 0x5E, 0x56, 0xE6, 0x23, 0xFF, 0xAA, 0x88, 0xA2, 0xB4, 0xAD, 0x9E, 0x94, 0xDD, 0x9D,
    0xCA, 0x03, 0x72, 0x39, 0x2F, 0xC5, 0x6E, 0x88, 0x29, 0x44, 0xFB, 0x90, 0x56, 0x91, 0x34, 0xB1,
    0xD2, 0xFB, 0x8E, 0xF1, 0x85, 0x9D, 0xD2, 0x5F, 0xE2, 0x41, 0x07, 0x41, 0x8A, 0x7A, 0x82, 0xC6,
    0x1D, 0xF4, 0xD6, 0x07, 0xFA, 0xA3, 0x06, 0x6B, 0x8E, 0x55, 0xB8, 0x79, 0xFB, 0x99, 0x79, 0x98,
    0xE7, 0xDF, 0x3C, 0x00, 0x7B, 0x26, 0xEE, 0xC0, 0x31, 0xCF, 0x2A, 0x64, 0xED, 0x59, 0x09, 0xB7,
    0x50, 0x18, 0x43, 0xE9, 0xEA, 0xC1, 0x35, 0xE2, 0xCC, 0x9A, 0x79, 0xFB, 0x50, 0xD3, 0x3C, 0x7F,
    0x61, 0xD5, 0x9E, 0xB9, 0x95, 0x3A, 0xE6, 0x39, 0x45, 0x08, 0x77, 0x0B, 0x93, 0xD3, 0x04, 0x44,
    0x58, 0xDE, 0xCF, 0x21, 0xB6, 0x23, 0xD3, 0xF9, 0x9C, 0xFB, 0xED, 0x8F, 0x21, 0xD2, 0x22, 0xA2,
    0x44, 0xA0, 0x7D, 0xF3, 0x57, 0x34, 0xFE, 0xFA, 0xA3, 0x97, 0x7A, 0x98, 0xE7, 0x66, 0x3C, 0x09,
    0x53, 0x7A, 0xB0, 0xB9, 0x0F, 0x07, 0x3E, 0xB2, 0x2C, 0x80, 0x3B, 0x26, 0x50, 0x5A, 0x13, 0x44,
    0x44, 0x94, 0xB1, 0x22, 0x90, 0xF7, 0x70, 0xCF, 0x8C, 0xC7, 0x4D, 0xB9, 0x60, 0xEB, 0x3A, 0x04,
    0x59, 0x26, 0xDC, 0xB1, 0x93, 0xA5, 0x35, 0x62, 0x12, 0x4D, 0x69, 0xA8, 0xE8, 0x7B, 0xE3, 0x7E,
    0xAD, 0x1C, 0x04, 0x82, 0x56, 0xD4, 0x48, 0x91, 0x18, 0xCA, 0xE2, 0xD6, 0xA1, 0x4A, 0x68, 0xC6,
    0xDF, 0x2B, 0x23, 0x39, 0x2F, 0xAD, 0xF6, 0x8C, 0x1C, 0x5B, 0x99, 0xE5, 0xA3, 0x25, 0x07, 0x9B,
    0x0B, 0x59, 0x14, 0x37, 0xB9, 0x74, 0xB4, 0x47, 0xF7, 0x2B, 0x14, 0x2B, 0xEC, 0xE5, 0x75, 0xE8,
    0x88, 0x34, 0xE3, 0x9B, 0xDC, 0x48, 0x2E, 0x70, 0xAB, 0x3D, 0xCB, 0xC7, 0x56, 0x9E, 0xC3, 0x68,
    0xC9, 0x25, 0xDE, 0x25, 0x5E, 0xB3, 0x3E, 0xDD, 0xCB, 0x74, 0xF7, 0x78, 0x50, 0xAA, 0xB9, 0xC5,
    0x4F, 0x5A, 0xC5, 0x4E, 0x54, 0x8E, 0x92, 0x20, 0x4D, 0xC4, 0x2F, 0x2A, 0xFA, 0x33, 0x86, 0x11,
    0xD3, 0xCF, 0x42, 0x1E, 0x78, 0x09, 0xD8, 0x05, 0x8C, 0x03, 0xA7, 0x81, 0x35, 0xB0, 0x13, 0x30,
    0x3D, 0x6C, 0xBA, 0x8C, 0x6D, 0x2E, 0x1A, 0x25, 0x9E, 0xA9, 0x1A, 0x32, 0xD3, 0xF4, 0x23, 0x91,
    0x46, 0x49, 0x5B, 0xE9, 0x7E, 0xD8, 0x55, 0xD6, 0xB4, 0x28, 0x63, 0x53, 0xDA, 0xDC, 0x41, 0x16,
    0x2E, 0x4A, 0x7C, 0x09, 0xDB, 0xB1, 0x40, 0x71, 0x03, 0xBA, 0x04, 0x1A, 0x3A, 0xEA, 0x2D, 0xD4,
    0xD8, 0xAA, 0x73, 0x62, 0x22, 0x1B, 0x38, 0x22, 0x2B, 0xBC, 0xC0, 0xD7, 0x8A, 0xB8, 0x7B, 0xDA,
    0x5D, 0x45, 0x98, 0x82, 0x35, 0x2B, 0xF9, 0xE5, 0x6D, 0x62, 0x5A, 0x4C, 0x45, 0xFB, 0xD2, 0x6A,
    0xD2, 0xD4, 0x5A, 0xC8, 0x54, 0x99, 0x5C, 0x98, 0xF6, 0x45, 0x10, 0x05, 0x69, 0x3D, 0xD1, 0x51,
    0xD9, 0x2A, 0x0B, 0xED, 0x7D, 0x83, 0xA4, 0xD1, 0xB2, 0x72, 0x56, 0x75, 0x3D, 0x8B, 0xEA, 0xC6,
    0x2C, 0xAD, 0x96, 0x15, 0xF6, 0xD3, 0x46, 0x8D, 0x35, 0x37, 0xA6, 0x8D, 0x8D, 0x68, 0x3E, 0x8C,
    0x36, 0xF9, 0x20, 0xBD, 0x83, 0xEF, 0x54, 0x96, 0x7A, 0x5C, 0x7D, 0x19, 0xAF, 0x68, 0x64, 0x37,
    0xC9, 0x1F, 0xF8, 0x6C, 0x78, 0xB1, 0x75, 0xC0, 0x70, 0x7D, 0xB9, 0x75, 0x87, 0xF2, 0xDD, 0x9E,
    0x0E, 0x7D, 0x88, 0x71, 0xC6, 0xFB, 0x1E, 0xA2, 0xDE, 0xB3, 0x55, 0xE4, 0x2B, 0x78, 0xE8, 0x18,
    0x1E, 0x7E, 0x1A, 0x17, 0x43, 0xE3, 0xF9, 0x30, 0xF3, 0x05, 0x36, 0x7B, 0xA3, 0xA7, 0xDF, 0xE8,
    0xE8, 0x93, 0x2E, 0x21, 0xF3, 0x21, 0xF7, 0xEB, 0xB1, 0xF8, 0x4A, 0x46, 0x7F, 0xA3, 0x9D, 0xF0,
    0xC6, 0x29, 0x2D, 0x63, 0x56, 0x73, 0xE6, 0x3D, 0x8B, 0x9A, 0xF8, 0xB2, 0x68, 0x04, 0x8D, 0xC9,
    0x4E, 0x77, 0x2A, 0x2F, 0x6F, 0x12, 0x5B, 0x4E, 0x3A, 0xCA, 0x43, 0x21, 0x59, 0xBA, 0x73, 0xE5,
    0xB7, 0x3C, 0xEF, 0x36, 0xF7, 0x1E, 0x49, 0x8A, 0xD6, 0xA4, 0x2E, 0xE4, 0xFD, 0x6C, 0x3D, 0xBA,
    0xD2, 0x22, 0xB6, 0x2B, 0x2F, 0x8B, 0x34, 0xFE, 0x1D, 0x37, 0xDF, 0x81, 0x2D, 0xE0, 0xDC, 0x41,
    0xB6, 0x0C, 0xB7, 0x88, 0xD2, 0x7C, 0x57, 0x10, 0x45, 0x12, 0xB8, 0xBF, 0x5A, 0x56, 0x4F, 0xF0,
    0x33, 0xFC, 0xB5, 0xB8, 0x9D, 0xF4, 0xCB, 0x26, 0x03, 0x97, 0x5B, 0xFC, 0x7E, 0xD9, 0x6C, 0xC3,
    0x63, 0xBA, 0x26, 0x21, 0xBB, 0xB4, 0x31, 0xAB, 0xCB, 0x31, 0xC8, 0x9B, 0x94, 0x9F, 0x35, 0x37,
    0xD9, 0xD9, 0x4A, 0xC2, 0xCD, 0x28, 0xA4, 0x2A, 0x39, 0x25, 0x7B, 0x59, 0x67, 0x56, 0xDD, 0xCE,
    0x48, 0xD3, 0xE6, 0x2C, 0x41, 0x94, 0x8B, 0xEA, 0x8A, 0x06, 0x9F, 0x64, 0x99, 0x91, 0x06, 0x89,
    0xBC, 0x27, 0x73, 0x87, 0x72, 0x9C, 0xFB, 0x1F, 0xF6, 0x43, 0x72, 0xB8, 0xCD, 0x31, 0xDC, 0x7E,
    0x7A, 0x63, 0xF9, 0x5F, 0xF6, 0x43, 0x93, 0x14, 0x0E, 0xD6, 0x98, 0x9E, 0x0A, 0x07, 0x6B, 0x4C,
    0xD5, 0x85, 0x79, 0x43, 0x51, 0x3C, 0x9A, 0xE9, 0xA3, 0x6F, 0x71, 0xE7, 0xF8, 0x3C, 0xCF, 0xDA,
    0xCF, 0xC3, 0x75, 0x68, 0x38, 0x67, 0xAF, 0xF7, 0x6C, 0xE3, 0x18, 0xCC, 0xDF, 0xA5, 0x79, 0x2E,
    0xB6, 0x67, 0xA4, 0x63, 0xF3, 0x2C, 0x0D, 0xEE, 0x2E, 0x14, 0x9A, 0xDA, 0x5C, 0x8A, 0xC0, 0x62,
    0x2F, 0xA1, 0x71, 0x72, 0x17, 0x1A, 0x6D, 0xF2, 0x22, 0xB2, 0x22, 0x72, 0x16, 0x32, 0x22, 0xF2,
    0x15, 0xB2, 0x15, 0xB2, 0x0A, 0xC6, 0x17, 0xC9, 0x43, 0xCA, 0xA4, 0x6D, 0x91, 0x44, 0x5A, 0x63,
    0x16, 0xB0, 0x05, 0x98, 0x06, 0x5E, 0xE8, 0xDA, 0xCD, 0x75, 0xB0, 0x35, 0x18, 0xF7, 0x09, 0x13,
    0x82, 0xC5, 0x46, 0xD8, 0x6F, 0x1F, 0xDD, 0x38, 0xCD, 0xA1, 0xD2, 0xA4, 0x74, 0xA6, 0x36, 0x96,
    0x26, 0x8D, 0x40, 0xC8, 0x3E, 0xA5, 0x76, 0x97, 0x82, 0xE3, 0xF5, 0x77, 0x97, 0xBC, 0xB2, 0xBF,
    0x37, 0xC9, 0xD1, 0x44, 0x53, 0xB3, 0x5B, 0xC5, 0x74, 0x29, 0xBD, 0x96, 0x5E, 0x53, 0x67, 0x24,
    0x07, 0xFB, 0xA9, 0x3B, 0x65, 0x43, 0xA6, 0xC5, 0x53, 0x03, 0x03, 0x46, 0x3F, 0xFF, 0xF0, 0x50,
    0xDE, 0x1C, 0xE0, 0x49, 0x1A, 0xEF, 0x5B, 0x15, 0xF3, 0x07, 0xF3, 0xAC, 0x1D, 0x3A, 0x73, 0x54,
    0xC6, 0xD1, 0xD2, 0xDA, 0x1E, 0x39, 0x26, 0x33, 0x72, 0x97, 0xAA, 0xAB, 0xAF, 0x79, 0xC4, 0x0F,
    0xEA, 0x74, 0x3B, 0xEC, 0xD9, 0x7E, 0xCA, 0xD6, 0x67, 0xAD, 0xA3, 0xB6, 0xA8, 0x4C, 0xB5, 0xDF,
    0x4B, 0x5F, 0x47, 0x9E, 0xEF, 0x20, 0xC1, 0xB9, 0x74, 0x51, 0x8B, 0x89, 0x62, 0x09, 0x9B, 0xEA,
    0xA7, 0x0A, 0xD8, 0xCA, 0xD7, 0x3B, 0xAE, 0x2D, 0xD8, 0xDC, 0xA0, 0xE3, 0x7A, 0xF1, 0xBF, 0xF9,
    0xDF, 0x7B, 0x07, 0x53, 0x66, 0x83, 0x9C, 0xAD, 0xFA, 0x39, 0xE3, 0x12, 0xF0, 0xB6, 0x96, 0xB2,
    0xF9, 0x33, 0xCC, 0x8B, 0x20, 0x39, 0x39, 0x57, 0x91, 0xA5, 0xF7, 0x9F, 0xAF, 0x07, 0x77, 0x8F,
    0x1C, 0x95, 0x8B, 0xCD, 0x62, 0xAB, 0xDC, 0x8D, 0x1F, 0x75, 0x15, 0xF0, 0xD4, 0x50, 0xDA, 0x96,
    0x23, 0xEB, 0x68, 0x9D, 0xD5, 0xA0, 0x87, 0xEA, 0xDD, 0x3E, 0xB7, 0x4D, 0xAC, 0xA9, 0x0D, 0x3C,
    0x5F, 0x59, 0x53, 0xEB, 0xB9, 0x4C, 0xD3, 0xEB, 0x94, 0x73, 0x7B, 0xE1, 0xA8, 0xC3, 0x49, 0xA2,
    0x56, 0xE4, 0x08, 0x59, 0x4E, 0x8E, 0xDC, 0xF7, 0xD1, 0xF8, 0x00, 0x55, 0xF0, 0x3D, 0xF9, 0x0D,
    0x1F, 0xC7, 0x23, 0xB4, 0x93, 0xAF, 0xEC, 0xFF, 0xF1, 0xC8, 0xB7, 0xBA, 0x8E, 0xBA, 0x92, 0x25,
    0x6E, 0x61, 0x82, 0x76, 0x2D, 0xBC, 0xCA, 0x8B, 0x77, 0x2B, 0x99, 0x43, 0x15, 0xA4, 0x22, 0xAA,
    0x90, 0xE5, 0x61, 0xD9, 0xE8, 0xA0, 0x4C, 0x57, 0xE7, 0xC1, 0x66, 0x8D, 0xA2, 0x4C, 0x44, 0x23,
    0x89, 0x2D, 0x2D, 0xC5, 0x94, 0x11, 0xBF, 0xC8, 0xE9, 0xFD, 0x4A, 0x7F, 0x23, 0xB6, 0x77, 0xCD,
    0xED, 0x86, 0xA2, 0xE1, 0xB3, 0x8F, 0x4A, 0xE7, 0x38, 0x4D, 0x1E, 0x77, 0xE9, 0xF0, 0xF9, 0xAE,
    0x89, 0x68, 0x73, 0x2B, 0x36, 0x0F, 0xA4, 0x41, 0x24, 0x92, 0x93, 0x4A, 0xCF, 0xCD, 0x3F, 0x1D,
    0x91, 0xC1, 0x4A, 0x23, 0x41, 0x10, 0x86, 0xFF, 0x2C, 0x33, 0x21, 0x07, 0x17, 0x7A, 0xA1, 0x5A,
    0x4C, 0x20, 0x6B, 0x23, 0x3D, 0x90, 0x8C, 0x04, 0x3D, 0xE4, 0x90, 0x8B, 0x58, 0x0A, 0xB9, 0xEC,
    0xA9, 0x22, 0x69, 0x88, 0xBB, 0x97, 0x81, 0x9D, 0x95, 0x24, 0xA7, 0x1C, 0x06, 0x04, 0x71, 0xA1,
    0x7D, 0x83, 0x3E, 0x68, 0x40, 0x6F, 0x82, 0x07, 0x05, 0x0F, 0x79, 0x80, 0x3D, 0xE4, 0x11, 0x7C,
    0xA1, 0x05, 0x3B, 0xA9, 0xCB, 0x5F, 0x54, 0x15, 0xF5, 0xFD, 0x45, 0xAD, 0xA8, 0x6D, 0xF6, 0x91,
    0xF1, 0x0D, 0x2E, 0x41, 0x33, 0x9A, 0x3D, 0x96, 0x58, 0xC9, 0xD2, 0x95, 0x93, 0x82, 0x66, 0x9D,
    0xF6, 0xFA, 0x00, 0x57, 0xE8, 0x40, 0xC2, 0x6C, 0x72, 0x0D, 0xCD, 0xD8, 0x73, 0xF6, 0x76, 0x98,
    0xD8, 0xCA, 0xD2, 0xC0, 0x0A, 0x0D, 0x8E, 0x69, 0xA3, 0x9D, 0x46, 0xDB, 0x24, 0x25, 0x54, 0x89,
    0x7F, 0x3B, 0x84, 0xBE, 0x65, 0x23, 0x4A, 0x15, 0x6A, 0x6C, 0xA0, 0x2A, 0xD5, 0x4D, 0x1A, 0x15,
    0x94, 0x19, 0x40, 0x56, 0xF8, 0x8D, 0x11, 0xE4, 0xFE, 0x45, 0x05, 0x46, 0x7F, 0x2A, 0xF2, 0x21,
    0x46, 0x34, 0x96, 0x7C, 0x86, 0x04, 0xF3, 0x2D, 0xA7, 0x77, 0x71, 0x85, 0x26, 0x7A, 0xA3, 0xAD,
    0x99, 0x39, 0x70, 0xFA, 0x91, 0x07, 0xCD, 0x7A, 0x6B, 0x6E, 0xA3, 0xDA, 0x39, 0x07, 0xAE, 0xFB,
    0x2E, 0x14, 0x62, 0x18, 0x08, 0xFC, 0x17, 0x4E, 0xD1, 0x80, 0x45, 0x01, 0x86, 0xB1, 0xB1, 0xBE,
    0x64, 0x07, 0xC7, 0x77, 0x70, 0xD0, 0xF8, 0x09, 0xB2, 0x10, 0x09, 0x68, 0x85, 0x3C, 0x00, 0x0B,
    0x6A, 0xDB, 0x9E, 0xDF, 0x65, 0xB5, 0x90, 0x1A, 0x6E, 0xD6, 0xC4, 0xAA, 0x22, 0xCD, 0xD9, 0x5A,
    0x71, 0x2B, 0x68, 0x89, 0x59, 0x46, 0x53, 0xAA, 0xE1, 0xC8, 0xB7, 0x18, 0xA8, 0xA1, 0x8E, 0xEF,
    0x71, 0xF8, 0x6B, 0x24, 0x35, 0xF9, 0x90, 0xBB, 0xFC, 0x8B, 0xBF, 0x9D, 0xC0, 0x14, 0x32, 0x1A,
    0xDE, 0x9D, 0xA7, 0x22, 0x69, 0xA8, 0x13, 0x0D, 0x47, 0xCF, 0x3F, 0x50, 0x96, 0x10, 0x2F, 0xF8,
    0xEB, 0xAC, 0x2C, 0x84, 0x56, 0xC4, 0x55, 0x3C, 0xEA, 0x1A, 0x43, 0x56, 0x64, 0x50, 0xA9, 0xB8,
    0xF4, 0xCF, 0x93, 0x43, 0x3F, 0x89, 0xD4, 0xFC, 0x0D, 0x35, 0xDE, 0x98, 0x97, 0x14, 0xAD, 0x17,
    0xE8, 0xF1, 0xFC, 0x55, 0x8F, 0xF3, 0xD7, 0xFD, 0x07, 0x2F, 0x73, 0xAE, 0xFF, 0x87, 0x4D, 0xFD,
    0xA6, 0x9B, 0xE4, 0xEF, 0x80, 0x9E, 0x90, 0xEE, 0x93, 0x12, 0x91, 0xF8, 0x99, 0xAC, 0xA3, 0xC9,
    0x50, 0xDA, 0x9C, 0x90, 0x19, 0x4C, 0xC7, 0x99, 0xCF, 0x3C, 0x71, 0x76, 0xAC, 0x50, 0x04, 0xD1,
    0x96, 0xEC, 0x1E, 0x7D, 0x02, 0x8D, 0x58, 0x7F, 0x6C, 0x15, 0xD7, 0x95, 0xFE, 0x66, 0xC6, 0xF3,
    0x2E, 0x7E, 0x83, 0x67, 0x40, 0xB1, 0xC1, 0x36, 0x9E, 0x67, 0xFF, 0xC1, 0xAE, 0x12, 0x3A, 0x0F,
    0xE7, 0x0F, 0xA7, 0x8C, 0x9D, 0xF7, 0xE0, 0xB2, 0x21, 0x61, 0x53, 0xB4, 0x78, 0x50, 0xFD, 0x44,
    0x53, 0x42, 0xF0, 0x4A, 0x56, 0x6A, 0x90, 0x89, 0x4D, 0x3B, 0x0F, 0x3F, 0x63, 0x43, 0xA6, 0x42,
    0xD9, 0xD0, 0x4D, 0xA5, 0xCE, 0x46, 0x74, 0x69, 0x9B, 0x90, 0xB8, 0xBB, 0x96, 0x9A, 0x6E, 0x93,
    0x76, 0xDC, 0x3A, 0x1B, 0x37, 0x0D, 0x65, 0x36, 0x28, 0x4B, 0xD4, 0xA8, 0xD2, 0x14, 0xB6, 0x41,
    0x24, 0x1B, 0x32, 0x1B, 0xBC, 0xA5, 0x6A, 0x95, 0xE8, 0x6D, 0xEA, 0xA8, 0xA0, 0x55, 0x92, 0x3D,
    0x77, 0x9E, 0x1D, 0xFC, 0x33, 0x59, 0xCB, 0x48, 0x78, 0xEE, 0x39, 0x77, 0xEE, 0x3D, 0xE7, 0x3B,
    0xDF, 0xF9, 0xCE, 0x20, 0x46, 0x8B, 0x5A, 0x60, 0xA7, 0xD8, 0x56, 0xD6, 0xA5, 0x75, 0x19, 0xD0,
    0x57, 0xF4, 0x3F, 0x2B, 0x9D, 0x90, 0xBE, 0xB1, 0xF0, 0x59, 0x5D, 0x01, 0x9B, 0x2E, 0xE3, 0x8B,
    0x8F, 0x80, 0x9D, 0x04, 0x7B, 0x1A, 0x9A, 0x06, 0xC3, 0x40, 0xEB, 0x41, 0xC0, 0x4C, 0xFC, 0xFF,
    0x91, 0x6C, 0x39, 0x3D, 0x83, 0x8E, 0x7E, 0x2E, 0x8D, 0xA5, 0xFB, 0xAC, 0xDA, 0x21, 0x7E, 0x84,
    0xBB, 0x28, 0xAD, 0x6A, 0x8E, 0x01, 0xE9, 0xA4, 0xD6, 0xA7, 0xD7, 0x6A, 0x9E, 0x52, 0xC6, 0x44,
    0x9B, 0xBB, 0x91, 0x9E, 0xA8, 0x0E, 0x0B, 0x19, 0x9F, 0xE3, 0xD3, 0x92, 0xEA, 0x5E, 0xF4, 0xAC,
    0x4B, 0x2A, 0x4B, 0x91, 0x14, 0xC9, 0xA1, 0x12, 0x2A, 0x9E, 0x58, 0xC9, 0xA0, 0x16, 0x52, 0xC1,
    0x91, 0x9E, 0xE0, 0xD2, 0x0E, 0xC8, 0x9D, 0xBE, 0x92, 0x71, 0x53, 0xA6, 0x6D, 0x5A, 0x6E, 0xE9,
    0x58, 0x04, 0xDA, 0xB4, 0xE0, 0xB0, 0x73, 0x11, 0xBB, 0xCB, 0x63, 0x4F, 0xF8, 0xDA, 0x9E, 0x11,
    0x43, 0x33, 0x75, 0xDD, 0xEA, 0xEF, 0x9F, 0x5E, 0xFA, 0xF0, 0x9D, 0x9C, 0xDE, 0x42, 0x1B, 0xAA,
    0x05, 0xCE, 0xCE, 0x73, 0xF6, 0x25, 0xB0, 0x01, 0x68, 0x13, 0x30, 0x6C, 0xE8, 0x59, 0xF4, 0xEF,
    0x03, 0x5C, 0xA0, 0x3E, 0xD9, 0xF3, 0xE5, 0x88, 0x6D, 0x0F, 0xD9, 0x1E, 0x4F, 0xFB, 0x0A, 0x37,
    0x1E, 0xE5, 0xBA, 0x46, 0xAB, 0x5C, 0xDA, 0x06, 0x79, 0x0A, 0x75, 0x75, 0xC8, 0xD6, 0x40, 0xAF,
    0x87, 0x71, 0x3B, 0x58, 0x04, 0xC5, 0xC3, 0x5A, 0x20, 0x0F, 0xCC, 0x3B, 0xCC, 0x76, 0xAE, 0x31,
    0x6E, 0x68, 0xD0, 0x0D, 0xF4, 0xFF, 0x84, 0x4B, 0x74, 0x52, 0x4F, 0xBC, 0x17, 0x25, 0xE0, 0x59,
    0xC8, 0x7D, 0x48, 0x65, 0x91, 0x3E, 0x83, 0x7A, 0x13, 0x23, 0xAD, 0x5C, 0xFD, 0x36, 0xC5, 0xF2,
    0x6E, 0xE6, 0x6B, 0x23, 0x46, 0x56, 0xCF, 0xF5, 0x4F, 0xA9, 0x5D, 0xEC, 0x29, 0xB6, 0x93, 0x1D,
    0xD4, 0x4A, 0x86, 0xA9, 0x67, 0xFB, 0xA7, 0x17, 0xC5, 0x9A, 0xA2, 0x71, 0xC9, 0x93, 0xB6, 0x73,
    0x79, 0x07, 0x14, 0x03, 0xAA, 0x8E, 0x95, 0x26, 0x8E, 0x9D, 0xE5, 0xBE, 0x02, 0x4F, 0xC6, 0xC2,
    0x2C, 0xAA, 0x05, 0xBA, 0x6B, 0xE7, 0xDF, 0x40, 0xEA, 0x5C, 0x0F, 0x5C, 0xF1, 0xA1, 0xBC, 0x17,
    0x43, 0xEB, 0x0B, 0x60, 0xE6, 0x28, 0x53, 0x67, 0xB2, 0x94, 0x27, 0xBD, 0x4F, 0xCD, 0x4A, 0xAE,
    0x34, 0x81, 0x5C, 0x9B, 0x9D, 0xE4, 0x69, 0x99, 0xEB, 0xE3, 0x6F, 0x39, 0x8E, 0x2C, 0xBB, 0xBA,
    0x5C, 0x48, 0xE7, 0xE4, 0x0E, 0x8A, 0x8E, 0x94, 0x09, 0xD3, 0x44, 0xE9, 0x58, 0x12, 0x2E, 0xA7,
    0xC0, 0xA2, 0xC9, 0xD4, 0x7F, 0x4D, 0xA8, 0xEF, 0xB8, 0xD5, 0x1F, 0x04, 0x2B, 0x27, 0xE3, 0x15,
    0x13, 0xF1, 0xC1, 0x07, 0xA7, 0x67, 0xC3, 0x18, 0xB2, 0xDD, 0x9E, 0xB6, 0x87, 0xC2, 0x98, 0xBC,
    0x82, 0x2E, 0x7E, 0x52, 0x3F, 0x68, 0xE9, 0x25, 0xC3, 0xCD, 0xB8, 0xA6, 0x6B, 0x67, 0x66, 0x8E,
    0x7A, 0x6A, 0x51, 0xC0, 0xFB, 0x39, 0x85, 0xF0, 0x34, 0xEB, 0x64, 0x3B, 0xB5, 0x49, 0x83, 0xDF,
    0x84, 0x67, 0x89, 0xD2, 0x3B, 0x0B, 0xCF, 0xBA, 0xC2, 0xE7, 0x2F, 0x7F, 0xF1, 0x95, 0x0A, 0xC4,
    0x34, 0xB4, 0xF2, 0x4F, 0xC9, 0x2A, 0xF6, 0x43, 0x3D, 0x83, 0xEC, 0xE1, 0xA8, 0x34, 0x1E, 0xBB,
    0xFF, 0x13, 0xBB, 0xEF, 0x44, 0xCD, 0x1F, 0xF1, 0x54, 0x0C, 0xC9, 0x81, 0xBA, 0x8B, 0xB3, 0x73,
    0x5C, 0xBE, 0x0C, 0x69, 0x1A, 0x98, 0x86, 0x5C, 0x42, 0x4D, 0x0E, 0x23, 0xC7, 0x96, 0x05, 0x02,
    0x64, 0x0E, 0x89, 0xD7, 0x15, 0x78, 0xA6, 0x59, 0x84, 0xC1, 0x32, 0x91, 0x79, 0x09, 0xEA, 0x08,
    0x60, 0x43, 0x3A, 0x43, 0x5E, 0xE4, 0x76, 0xFE, 0x51, 0x72, 0xDA, 0xCE, 0xD9, 0x0E, 0x0D, 0x9A,
    0xA1, 0xC3, 0xD0, 0x75, 0xE8, 0x64, 0xDA, 0x7F, 0xF6, 0x97, 0x9F, 0xB1, 0x7E, 0x96, 0x4E, 0xCA,
    0xE8, 0x9F, 0x8C, 0x3A, 0x67, 0x53, 0xB8, 0xDB, 0x63, 0x53, 0x5A, 0x1F, 0x01, 0xC8, 0x22, 0x40,
    0x51, 0x9C, 0xC3, 0x11, 0xC6, 0x5D, 0x36, 0xE6, 0x52, 0xEA, 0x8D, 0x6C, 0x59, 0xCF, 0xC5, 0xFD,
    0xBF, 0x9B, 0x9E, 0x29, 0xBE, 0x31, 0xB2, 0x4B, 0x80, 0x27, 0xF9, 0x04, 0x85, 0x8C, 0xF4, 0x80,
    0xF4, 0x10, 0xCC, 0x19, 0x28, 0xEC, 0xEA, 0x01, 0x3B, 0xBF, 0x17, 0x6C, 0xAF, 0x01, 0x36, 0x42,
    0x6F, 0x1C, 0x31, 0x28, 0xB3, 0x19, 0xE8, 0x39, 0x0B, 0xFD, 0x0F, 0x8C, 0x56, 0xC2, 0x43, 0x89,
    0x7F, 0x9A, 0x6B, 0x3A, 0x34, 0x13, 0xCA, 0x87, 0x84, 0x2D, 0x64, 0x72, 0x84, 0x2C, 0xA4, 0x46,
    0xED, 0xB2, 0x1B, 0x8F, 0x47, 0xEF, 0x47, 0x43, 0xD3, 0xC2, 0x4C, 0x9A, 0x68, 0x8E, 0xEF, 0xE0,
    0x47, 0x63, 0x37, 0x08, 0xCA, 0x03, 0xD1, 0xE7, 0xA8, 0x1E, 0x52, 0xBE, 0x1D, 0x1F, 0x8E, 0x5E,
    0xF0, 0xC6, 0xA3, 0x61, 0xFA, 0xAB, 0x91, 0xDF, 0x42, 0xA7, 0x71, 0x11, 0xE3, 0xC5, 0x64, 0xDB,
    0x75, 0x1E, 0x62, 0xB5, 0x9C, 0x2D, 0xBB, 0xE5, 0x80, 0x76, 0x19, 0xE6, 0x64, 0xEF, 0xB5, 0x47,
    0x87, 0xA2, 0x17, 0x79, 0xC0, 0x8F, 0xD1, 0x5F, 0xE9, 0x7B, 0x1B, 0xD6, 0xFE, 0xFA, 0x41, 0xF9,
    0xAD, 0x48, 0xFE, 0x28, 0xBA, 0xE5, 0x60, 0xD4, 0x61, 0x5F, 0x87, 0xD8, 0xE4, 0xAB, 0x21, 0xF3,
    0xD6, 0xF1, 0xE3, 0xDE, 0x1F, 0xC9, 0xA4, 0xB7, 0x27, 0x37, 0x60, 0x07, 0x6E, 0x5C, 0x8C, 0x8F,
    0x26, 0x47, 0x48, 0xB5, 0xA4, 0xBC, 0xF9, 0xCF, 0x7A, 0xC7, 0x72, 0x7E, 0x07, 0x1F, 0xF6, 0x0E,
    0x87, 0xE3, 0x71, 0xEA, 0x19, 0x25, 0x27, 0xDB, 0xAA, 0xDB, 0xE4, 0xBA, 0x54, 0xA6, 0xA9, 0xAF,
    0xFB, 0xCA, 0xC5, 0x48, 0x7E, 0x23, 0x52, 0xFF, 0x10, 0x36, 0xFD, 0x29, 0x74, 0x1F, 0x17, 0x6C,
    0x23, 0x9C, 0xDB, 0x83, 0xA1, 0xD8, 0x8D, 0x83, 0x69, 0x71, 0x1E, 0x3B, 0xA6, 0xD3, 0x95, 0x2B,
    0xA7, 0xDB, 0x3F, 0x9A, 0x0F, 0x72, 0x81, 0x5B, 0xAE, 0xAC, 0x35, 0xF4, 0x18, 0x7D, 0x94, 0x17,
    0xCB, 0xA4, 0x38, 0xE6, 0x28, 0xBD, 0xB7, 0x09, 0xEB, 0xC8, 0xE5, 0x01, 0x2A, 0xA7, 0xDF, 0xFF,
    0xB8, 0x97, 0x7F, 0x31, 0xCA, 0x8D, 0x87, 0xEE, 0x3B, 0xA1, 0x7B, 0xD1, 0x1B, 0xBF, 0x28, 0xB6,
    0x6F, 0xA8, 0xD5, 0x9B, 0xB4, 0x7A, 0xD6, 0xA3, 0x8C, 0xCA, 0xA1, 0xCC, 0x37, 0x60, 0x7D, 0x12,
    0x88, 0x3B, 0x81, 0x71, 0xA4, 0x6F, 0xA0, 0xFD, 0x1A, 0x3F, 0x74, 0x89, 0xFF, 0xF4, 0x3C, 0xFF,
    0xD9, 0x6B, 0x18, 0x7E, 0x17, 0x8C, 0x63, 0x4F, 0xC2, 0x29, 0x8D, 0xC2, 0x23, 0x52, 0xC2, 0xEA,
    0xA8, 0x67, 0x7A, 0xCE, 0xED, 0xAE, 0xA3, 0x47, 0x8A, 0x25, 0xF4, 0x74, 0x8B, 0x34, 0x6C, 0x26,
    0x4E, 0x95, 0x28, 0xA1, 0xBD, 0xDD, 0x7E, 0x6E, 0x3C, 0xB2, 0xDF, 0x0F, 0xDD, 0xAB, 0xE1, 0xE1,
    0x4B, 0xDE, 0xD1, 0x3F, 0x27, 0xB7, 0x5A, 0xF8, 0x90, 0xB0, 0x3D, 0x0A, 0x16, 0x42, 0xC5, 0x01,
    0xEF, 0x14, 0xCF, 0xF0, 0xF6, 0x58, 0xEC, 0x40, 0x86, 0x69, 0x6E, 0x33, 0xDE, 0xBE, 0x1D, 0xC5,
    0x37, 0x51, 0xBC, 0x82, 0x3B, 0x1F, 0xE3, 0xC2, 0x1B, 0x39, 0xE4, 0x79, 0x31, 0x2A, 0xC6, 0x9B,
    0xC3, 0x4A, 0x02, 0x52, 0xD1, 0xBA, 0xF0, 0xB8, 0xF7, 0x07, 0xB1, 0x76, 0x1B, 0x72, 0x17, 0x79,
    0xC7, 0x39, 0x6F, 0xF8, 0x9C, 0x37, 0x78, 0x9E, 0x8F, 0xBF, 0x9B, 0x64, 0x61, 0x4C, 0xB7, 0x74,
    0x9B, 0x4D, 0x1B, 0x6E, 0xFE, 0x28, 0xA0, 0x51, 0x41, 0xCC, 0x4F, 0x6C, 0x8D, 0x5F, 0xE5, 0xCC,
    0x7F, 0x92, 0x45, 0xAB, 0x67, 0x39, 0x1B, 0xCB, 0x14, 0xDE, 0x58, 0x40, 0x4A, 0xA2, 0xDE, 0x90,
    0x86, 0x1C, 0xA5, 0x16, 0x80, 0xA6, 0x12, 0xE2, 0x9F, 0xCF, 0x84, 0x38, 0xE5, 0x37, 0x75, 0x67,
    0x38, 0x8B, 0x5A, 0xA2, 0x0E, 0x3A, 0x18, 0xCC, 0xAA, 0xDE, 0x9C, 0xED, 0xBA, 0x54, 0x6C, 0xD8,
    0x84, 0xBA, 0xE4, 0xD8, 0x76, 0x42, 0x08, 0x23, 0x49, 0x94, 0x89, 0xA3, 0xE9, 0x1C, 0xB3, 0x5D,
    0x47, 0x70, 0xAD, 0x89, 0x1E, 0x3A, 0x2B, 0x14, 0x1B, 0xF2, 0x10, 0x57, 0x0F, 0x47, 0x4D, 0x87,
    0x22, 0x57, 0x00, 0x95, 0xE2, 0x85, 0x5C, 0x80, 0xFC, 0x07, 0x18, 0xBA, 0xE6, 0xB9, 0x17, 0xC3,
    0xE0, 0x17, 0x22, 0x0C, 0x73, 0xCE, 0x38, 0x03, 0x01, 0xEA, 0x62, 0x7C, 0x2E, 0xBE, 0x18, 0xDD,
    0x74, 0x21, 0x22, 0x95, 0x2E, 0xC9, 0x5F, 0x9C, 0xF5, 0xB9, 0x56, 0x29, 0xD4, 0xA0, 0x0A, 0xF5,
    0xB5, 0xEB, 0xB3, 0x56, 0x49, 0x6F, 0x5A, 0xAF, 0x9B, 0xB7, 0x1B, 0xF9, 0x6E, 0xE3, 0xA0, 0xA7,
    0x51, 0xCD, 0x99, 0xE8, 0x7E, 0x9C, 0xBB, 0x17, 0xB8, 0x7D, 0x11, 0xB7, 0xFD, 0x0E, 0x1B, 0x9F,
    0x81, 0x15, 0x10, 0xA9, 0x6A, 0xFC, 0xE1, 0xA0, 0xD3, 0xD1, 0x27, 0xCC, 0x9C, 0x69, 0x1F, 0x8B,
    0xF7, 0x8F, 0x22, 0x4B, 0xD4, 0xFE, 0x3C, 0xEC, 0x3F, 0x7B, 0x94, 0xDF, 0x40, 0x40, 0x95, 0x8C,
    0xF6, 0x43, 0x79, 0xF9, 0x09, 0x28, 0x8F, 0xA9, 0x60, 0x0F, 0x38, 0xD0, 0x1E, 0x72, 0x60, 0x98,
    0x80, 0x9E, 0xA9, 0x42, 0xEB, 0xF6, 0xEB, 0x49, 0x40, 0x7A, 0x1B, 0xB9, 0xF5, 0x55, 0x2F, 0xFF,
    0xDF, 0xE8, 0x98, 0x42, 0xF1, 0x37, 0x08, 0x2A, 0x55, 0x49, 0x78, 0xCB, 0x01, 0xA7, 0x21, 0x9D,
    0x86, 0xFC, 0x1E, 0xD4, 0xB7, 0x51, 0xFF, 0x26, 0x86, 0xDE, 0xF6, 0xE0, 0xCB, 0xE5, 0x54, 0xA0,
    0x4D, 0xAF, 0x2D, 0x0D, 0x1E, 0x55, 0x9D, 0x5A, 0x28, 0xE1, 0x08, 0x14, 0x7E, 0x1A, 0xAC, 0x70,
    0x1A, 0xDA, 0xEE, 0xF7, 0x60, 0x54, 0x5F, 0x81, 0xDE, 0xF0, 0x1A, 0x5A, 0x87, 0xDE, 0xE6, 0xBD,
    0x29, 0x58, 0xCD, 0xC8, 0x0F, 0xF2, 0xF6, 0x8F, 0xBD, 0xE2, 0x0F, 0xC2, 0x17, 0x06, 0x23, 0xD1,
    0x23, 0x7E, 0xEB, 0xE3, 0xFB, 0xA2, 0xBF, 0x28, 0x67, 0x3D, 0xED, 0xF3, 0xA1, 0x59, 0x0C, 0x87,
    0x3E, 0x88, 0xE5, 0x7F, 0xE1, 0xCA, 0xEB, 0x90, 0x7E, 0x8F, 0xF4, 0x47, 0x68, 0xFA, 0x23, 0x0E,
    0x5F, 0xE3, 0xEA, 0xAE, 0x82, 0xA3, 0xFC, 0xDB, 0x6F, 0x7D, 0x85, 0x7F, 0x9F, 0xB3, 0xC2, 0x11,
    0x68, 0x7B, 0xCE, 0x7A, 0x06, 0xD9, 0xEB, 0xE4, 0xD0, 0x4A, 0x1E, 0xBD, 0x1B, 0xC6, 0xAC, 0x6C,
    0x77, 0xFE, 0x01, 0xAF, 0xFD, 0xE3, 0xB8, 0x78, 0x65, 0xE0, 0x85, 0xA7, 0x5D, 0xE9, 0x7E, 0x69,
    0x5A, 0xB3, 0x54, 0x53, 0x2A, 0x51, 0x87, 0xB3, 0x61, 0xAF, 0x89, 0xDB, 0x9C, 0x8E, 0x32, 0x56,
    0xA5, 0x06, 0x58, 0xD4, 0x14, 0xA8, 0x71, 0x2A, 0x42, 0xBC, 0xC6, 0x73, 0xF9, 0x30, 0xE1, 0x9B,
    0xF8, 0xB5, 0xF4, 0x7E, 0xE4, 0x5E, 0xF5, 0x0E, 0x5D, 0xE4, 0xC5, 0xD7, 0xB0, 0xEE, 0xF7, 0xA2,
    0x0F, 0x68, 0xB4, 0x70, 0x3B, 0xBA, 0x6F, 0xFD, 0x61, 0xF6, 0x0D, 0xEB, 0x42, 0xFB, 0x2B, 0x1D,
    0xAF, 0x36, 0x4F, 0x29, 0x84, 0x90, 0x14, 0xA4, 0x31, 0x6D, 0x6F, 0x93, 0x91, 0xDF, 0x31, 0xF4,
    0xB1, 0x6B, 0xDA, 0x96, 0x68, 0x47, 0x29, 0xDF, 0x0A, 0x86, 0x82, 0x7F, 0x25, 0x42, 0xD8, 0x42,
    0x38, 0xA9, 0xDB, 0xCA, 0xCD, 0x34, 0x37, 0xEB, 0xA1, 0xB7, 0x40, 0xA7, 0xF8, 0xD2, 0x56, 0x9C,
    0xE0, 0x8E, 0x9E, 0x7A, 0xBB, 0xC7, 0xF6, 0xB2, 0x7C, 0x23, 0x21, 0x8C, 0x28, 0xDB, 0x85, 0xD4,
    0xB5, 0xAC, 0xAD, 0x19, 0xAA, 0xCE, 0x7C, 0x7B, 0xC9, 0xA7, 0x34, 0xF5, 0x81, 0x7A, 0xC7, 0xA8,
    0x6F, 0x67, 0xDC, 0xC8, 0x35, 0xDB, 0x7C, 0x37, 0xDB, 0xEE, 0xD9, 0xF6, 0x46, 0x64, 0x22, 0x61,
    0x71, 0x2B, 0xE5, 0x97, 0xA8, 0x59, 0xE5, 0x48, 0xFD, 0x5D, 0x75, 0xEE, 0xDA, 0xBD, 0xEE, 0x9F,
    0xBE, 0x11, 0x5C, 0x3D, 0x71, 0xE8, 0xC2, 0xD4, 0x96, 0xAD, 0x11, 0x24, 0x0F, 0x5F, 0x06, 0xBA,
    0x2A, 0x84, 0x0C, 0xAD, 0x1F, 0x4D, 0x4C, 0xD4, 0xB4, 0x4B, 0xBF, 0x06, 0x6C, 0x13, 0xCD, 0xD3,
    0xA2, 0x47, 0xD1, 0xB1, 0xA2, 0xAC, 0xEB, 0xBA, 0x81, 0x1B, 0xC4, 0x5B, 0x3C, 0x35, 0xC9, 0x7C,
    0xB3, 0x87, 0x35, 0x9C, 0x28, 0x41, 0xFA, 0x87, 0x1E, 0x7D, 0xF0, 0xB4, 0xB5, 0x5A, 0xA7, 0x0E,
    0xEF, 0xC2, 0x74, 0x91, 0x2D, 0xB5, 0x95, 0x32, 0x57, 0xE2, 0x19, 0x74, 0xFC, 0x04, 0x82, 0xB6,
    0x56, 0x21, 0x7D, 0x8F, 0xD7, 0xFE, 0x9F, 0x11, 0x55, 0x66, 0x80, 0x28, 0xF8, 0xAB, 0x68, 0x73,
    0x52, 0x24, 0x28, 0x00, 0xF7, 0xF1, 0xE5, 0xC0, 0x4C, 0x71, 0x50, 0xBB, 0x96, 0x80, 0xB4, 0x08,
    0x74, 0xB6, 0xAA, 0x52, 0xAC, 0x36, 0x9A, 0x45, 0x89, 0x7A, 0x69, 0x3F, 0xE5, 0xDD, 0x9A, 0xF0,
    0xE9, 0x00, 0x36, 0x93, 0x2C, 0xD2, 0x51, 0x0D, 0xF0, 0x6A, 0x22, 0xFF, 0x94, 0x73, 0x10, 0xEB,
    0x78, 0x8B, 0xB8, 0x20, 0xC9, 0x51, 0xEA, 0x23, 0xBC, 0x87, 0xC3, 0x77, 0xE0, 0x70, 0x15, 0x1B,
    0x04, 0xDD, 0x91, 0x21, 0xEA, 0x38, 0xD2, 0x68, 0x40, 0x15, 0x5F, 0x3D, 0x83, 0x6A, 0x89, 0x17,
    0xA8, 0x2A, 0x2A, 0x0D, 0xAD, 0x0A, 0x69, 0xDE, 0x48, 0x01, 0xA4, 0xFF, 0xAE, 0xE1, 0x95, 0x47,
    0x29, 0xDA, 0x8D, 0xFC, 0x94, 0xAA, 0x46, 0x0A, 0x4F, 0xED, 0xAC, 0x0F, 0x9A, 0x20, 0xFB, 0xB3,
    0x3E, 0x32, 0x6F, 0x82, 0x9A, 0xAA, 0xAE, 0xEC, 0x5F, 0x45, 0xFF, 0xBA, 0x67, 0xE4, 0x92, 0xF2,
    0x72, 0xA4, 0x3C, 0x7A, 0x53, 0x2E, 0x91, 0x18, 0x68, 0xDD, 0x47, 0x5E, 0x61, 0x22, 0x06, 0xC8,
    0x2E, 0x5D, 0x9B, 0xF2, 0x7B, 0xD7, 0x5B, 0xAE, 0x1D, 0xD8, 0xE5, 0x84, 0xB7, 0xD7, 0xD3, 0x9D,
    0x20, 0x87, 0x6C, 0x8A, 0x2E, 0xEA, 0x50, 0xCB, 0x25, 0x15, 0xD8, 0x3A, 0xD1, 0x80, 0x83, 0x3C,
    0x8F, 0x76, 0x3E, 0x34, 0xC3, 0xC5, 0x6A, 0x97, 0x72, 0x45, 0xF9, 0x16, 0xDB, 0xA7, 0x9D, 0x31,
    0x7A, 0x74, 0x12, 0x30, 0x49, 0xC3, 0xB1, 0xA8, 0xE1, 0x90, 0xD6, 0xB6, 0x1D, 0x9B, 0x44, 0x0B,
    0x64, 0xF5, 0xCB, 0xCA, 0x7F, 0x08, 0x3E, 0xAB, 0x28, 0xC7, 0x56, 0x0E, 0xE7, 0x40, 0x68, 0x51,
    0x08, 0xDB, 0x28, 0x90, 0xC4, 0x14, 0x05, 0xE5, 0x92, 0xF2, 0x75, 0xC6, 0x9B, 0x9D, 0xCA, 0xEA,
    0x01, 0xDF, 0xF2, 0x6D, 0xFC, 0x7C, 0xDE, 0x1A, 0x09, 0x28, 0x5D, 0x37, 0x5A, 0x77, 0x56, 0x99,
    0x66, 0x29, 0xE5, 0x0B, 0x8B, 0x76, 0x74, 0x44, 0xC4, 0x6F, 0xF1, 0xEA, 0x68, 0xD0, 0xAB, 0x83,
    0x4A, 0xC0, 0x4D, 0xEF, 0xF8, 0x02, 0xC7, 0xDF, 0x53, 0xC0, 0x9F, 0x72, 0x88, 0x13, 0x22, 0xB0,
    0xFB, 0x03, 0x64, 0x2C, 0xE2, 0xD5, 0xA3, 0x42, 0x3F, 0xD5, 0x60, 0x36, 0x22, 0x8D, 0xD5, 0x8D,
    0x58, 0xFB, 0xE4, 0x3F, 0x73, 0xF9, 0xAD, 0xDF, 0x40, 0xF9, 0x65, 0x88, 0x53, 0xC5, 0x10, 0xEF,
    0xDE, 0xF1, 0x21, 0xAD, 0xAD, 0x48, 0xDA, 0x08, 0xE0, 0x20, 0xE5, 0x64, 0xDD, 0x5A, 0x37, 0xA9,
    0xCA, 0x72, 0x14, 0x0F, 0xFB, 0xD5, 0x68, 0x14, 0x9E, 0xFC, 0x8E, 0x68, 0x8D, 0xB7, 0x96, 0x5F,
    0x08, 0x7F, 0xC1, 0x57, 0x52, 0x15, 0xD4, 0x0A, 0xE1, 0xA5, 0xFC, 0xBB, 0xAF, 0x9C, 0x00, 0xEB,
    0x49, 0xD4, 0x66, 0x4E, 0xA8, 0xCD, 0x56, 0xD2, 0xA8, 0x0A, 0x69, 0x2C, 0xCA, 0x15, 0x51, 0x68,
    0xFE, 0x64, 0x07, 0x86, 0xF9, 0xD7, 0x88, 0x78, 0xD1, 0x42, 0xCD, 0x8F, 0xAB, 0x0E, 0x65, 0x62,
    0x54, 0xF9, 0x2E, 0xD8, 0x18, 0xD8, 0x75, 0x68, 0xCF, 0x11, 0xDB, 0xA1, 0x75, 0x07, 0xEF, 0xAD,
    0xCF, 0x7F, 0xE7, 0x4E, 0xFE, 0xB0, 0x57, 0x8C, 0x82, 0x32, 0x12, 0x45, 0xF7, 0xBA, 0xCF, 0xBE,
    0xB3, 0x70, 0xE3, 0x2C, 0x1E, 0xE2, 0x56, 0x4F, 0xFB, 0xCD, 0x3D, 0x51, 0xB7, 0xCB, 0xD9, 0xF4,
    0xBA, 0x7F, 0xCB, 0x89, 0x64, 0xC2, 0xA0, 0x52, 0xB2, 0x04, 0x83, 0xD2, 0x84, 0x71, 0xE0, 0xDE,
    0x53, 0x0F, 0xEE, 0xF0, 0x8D, 0xB8, 0xC6, 0x35, 0xF3, 0x98, 0xCD, 0xFF, 0xF1, 0x59, 0x2D, 0xCB,
    0x84, 0x96, 0x15, 0x07, 0x95, 0x3D, 0xC2, 0x9C, 0xB8, 0x37, 0x65, 0x3E, 0x3F, 0xD1, 0x2E, 0x64,
    0xCE, 0x24, 0xCD, 0x1E, 0x2E, 0x1C, 0x92, 0x79, 0xCA, 0xCB, 0x97, 0x95, 0xE3, 0xAF, 0x2C, 0x70,
    0xE9, 0xDD, 0xC0, 0xAD, 0xA2, 0x97, 0x9F, 0x40, 0x7B, 0x19, 0x6E, 0x19, 0x64, 0x5E, 0x19, 0x39,
    0xA0, 0xBC, 0x4E, 0x82, 0xF5, 0x78, 0x08, 0xD2, 0x9B, 0xD0, 0xD8, 0x73, 0x30, 0x58, 0x27, 0x74,
    0x9A, 0x78, 0x5A, 0xFB, 0x3B, 0x29, 0xEE, 0x19, 0xCA, 0xC1, 0x88, 0xE0, 0x26, 0x1C, 0xF8, 0x21,
    0x28, 0x2D, 0xF6, 0x04, 0xDA, 0xFE, 0x97, 0x93, 0xEC, 0x18, 0xBF, 0x18, 0xE2, 0x2E, 0x4F, 0x7A,
    0x53, 0xD0, 0x81, 0x34, 0x06, 0xAD, 0x0B, 0xD6, 0x30, 0xEC, 0x6B, 0xBC, 0x78, 0x89, 0x53, 0x7F,
    0x6F, 0x7F, 0x17, 0x99, 0x1B, 0x74, 0x4B, 0x6A, 0xAA, 0xB7, 0x3A, 0x83, 0x93, 0x2F, 0x94, 0x06,
    0xDD, 0x2D, 0x53, 0x58, 0x35, 0xAF, 0x16, 0x6B, 0x9B, 0x63, 0x41, 0x85, 0x2A, 0x66, 0x6B, 0x31,
    0xE0, 0x9B, 0x79, 0x4D, 0x92, 0x20, 0xD2, 0xD7, 0x6F, 0xCC, 0xD5, 0xD7, 0xB2, 0x27, 0x6E, 0xBB,
    0xFF, 0x9F, 0xBC, 0xAC, 0x50, 0x3D, 0x91, 0x4D, 0xAA, 0xE7, 0xAA, 0x37, 0x7E, 0x81, 0x22, 0xDE,
    0x4D, 0x8D, 0x3C, 0x11, 0xC5, 0xC8, 0x54, 0x04, 0x78, 0x0B, 0x98, 0x2F, 0xD4, 0x0D, 0xFD, 0x12,
    0xE7, 0xF4, 0x38, 0xF6, 0x80, 0xDD, 0x6D, 0x11, 0xFF, 0x65, 0xA8, 0xDC, 0x2C, 0x2A, 0xDA, 0x05,
    0x96, 0xEB, 0xA2, 0x25, 0x2C, 0x8F, 0x71, 0x61, 0x59, 0x91, 0xE7, 0xD2, 0x65, 0xA1, 0xCD, 0x2B,
    0xF2, 0xBC, 0x3A, 0x87, 0xA3, 0x0F, 0x27, 0x3A, 0x59, 0x16, 0xD1, 0x4B, 0x57, 0x27, 0xD2, 0x29,
    0xAA, 0x8E, 0xD7, 0x4F, 0xA0, 0x56, 0x0A, 0xE0, 0xD4, 0x15, 0xBA, 0x36, 0x3D, 0x39, 0xBD, 0x76,
    0x5B, 0xCC, 0xB6, 0x46, 0x9A, 0x14, 0x19, 0x72, 0xA8, 0x2B, 0x61, 0xFF, 0x8F, 0xA8, 0xE0, 0x2A,
    0x33, 0x1C, 0x3F, 0xF0, 0x5D, 0x3C, 0xF5, 0x14, 0xF6, 0xEE, 0x45, 0x53, 0x16, 0xD6, 0x08, 0xC5,
    0x98, 0x58, 0x81, 0x64, 0x0F, 0x92, 0x3B, 0xF3, 0x6C, 0x46, 0x88, 0x7A, 0x52, 0xC7, 0x1B, 0x49,
    0xD7, 0x97, 0xC4, 0x3C, 0x29, 0x51, 0x37, 0x6D, 0xAA, 0x40, 0x5C, 0x68, 0x31, 0x52, 0x07, 0x9B,
    0x63, 0xD2, 0x1A, 0xD3, 0xB3, 0xAF, 0x9B, 0x19, 0x05, 0xB2, 0xA7, 0xD1, 0xFC, 0x12, 0x52, 0x23,
    0x90, 0x93, 0x51, 0x40, 0xA8, 0xB6, 0x62, 0xBC, 0x25, 0x52, 0x13, 0xD5, 0x46, 0xC4, 0xA4, 0x84,
    0xA2, 0x17, 0x51, 0x72, 0xB5, 0x1D, 0x62, 0x98, 0xA5, 0x71, 0xA2, 0xB5, 0x9F, 0x40, 0x49, 0x8E,
    0x7E, 0xBE, 0x2C, 0xB4, 0xC2, 0x40, 0x24, 0x34, 0x07, 0xEE, 0x83, 0x74, 0x89, 0xAF, 0xBD, 0x8B,
    0xFF, 0xA8, 0x19, 0xCD, 0x27, 0xC5, 0xB0, 0x6B, 0x48, 0x60, 0x1F, 0x26, 0x74, 0x3F, 0xB6, 0xBB,
    0xEF, 0xC7, 0xA5, 0x56, 0xDF, 0x84, 0x36, 0xFA, 0x29, 0x86, 0x71, 0xE5, 0x9A, 0xF3, 0xCC, 0x65,
    0x4F, 0xF4, 0x04, 0xD5, 0xA9, 0xA8, 0xA3, 0x4F, 0xD8, 0x44, 0xFC, 0xAC, 0x24, 0xCE, 0x4C, 0x73,
    0x7C, 0xD6, 0x94, 0x29, 0x7E, 0xEA, 0x3D, 0x0A, 0xD3, 0x92, 0xAA, 0x7D, 0x5E, 0x35, 0x4F, 0xD2,
    0x4C, 0x93, 0xDC, 0x6F, 0x27, 0xAA, 0x68, 0x58, 0x2C, 0x09, 0xE4, 0xF6, 0x26, 0x95, 0x77, 0x24,
    0x1A, 0xF8, 0x84, 0x78, 0xA4, 0x02, 0xC7, 0x13, 0x1C, 0xDF, 0x82, 0xB4, 0x13, 0xB2, 0x29, 0x7E,
    0xAB, 0x2D, 0x1A, 0x2B, 0xB9, 0x48, 0x46, 0xB5, 0x60, 0x1B, 0x69, 0x4C, 0x76, 0x55, 0x77, 0x45,
    0xD0, 0x55, 0x2E, 0x4F, 0x52, 0x6E, 0x6E, 0xC7, 0xAA, 0xA5, 0x4B, 0xB1, 0x53, 0x54, 0x48, 0x8D,
    0x95, 0xBC, 0x65, 0xB6, 0x14, 0xE9, 0x2D, 0x52, 0x85, 0xDE, 0x96, 0xAE, 0xDE, 0x9B, 0xEC, 0x3D,
    0xAF, 0x7A, 0x93, 0xB7, 0x2C, 0x07, 0x02, 0x99, 0x57, 0x20, 0x37, 0x07, 0x04, 0xAC, 0x9C, 0x26,
    0x5C, 0x54, 0x51, 0xA7, 0x2E, 0x28, 0xD1, 0x75, 0x59, 0xCC, 0xC1, 0x01, 0xCD, 0xC1, 0x2B, 0x26,
    0xE3, 0x95, 0xCF, 0x47, 0xD9, 0xAF, 0x4C, 0x25, 0x9D, 0x74, 0x40, 0xC0, 0x74, 0xAB, 0xCF, 0xCE,
    0x87, 0xE9, 0x5F, 0x85, 0xD5, 0xD7, 0xBC, 0xC2, 0x55, 0x2F, 0x3E, 0x47, 0x58, 0xF4, 0x45, 0x2B,
    0x5F, 0x32, 0x29, 0xF2, 0x5F, 0x0B, 0xF9, 0x2E, 0x7A, 0xF1, 0x88, 0xF8, 0xDA, 0x20, 0xED, 0x85,
    0x62, 0x22, 0xFD, 0x1C, 0xEA, 0x75, 0x1C, 0x15, 0x06, 0x7F, 0x41, 0xCD, 0x4D, 0x28, 0x95, 0xCA,
    0x60, 0x95, 0xE8, 0xD0, 0x1F, 0x00, 0xBB, 0x96, 0xF5, 0xA8, 0x19, 0x25, 0x3D, 0x3E, 0xDF, 0x9E,
    0x4A, 0x70, 0xDD, 0x7D, 0xF8, 0xDC, 0xDD, 0x78, 0xCC, 0x91, 0x3B, 0x9D, 0xD4, 0x8F, 0xB1, 0xD2,
    0x5C, 0x31, 0x72, 0x6C, 0x22, 0xF5, 0x3D, 0x62, 0xA8, 0xD0, 0xFD, 0x99, 0x17, 0xDC, 0xC0, 0x78,
    0xCC, 0x8F, 0x0E, 0x57, 0x30, 0xC2, 0x5A, 0x64, 0x7F, 0xA6, 0xA1, 0x38, 0x95, 0xCF, 0x12, 0xAD,
    0xCF, 0x02, 0x77, 0xF0, 0x86, 0x84, 0x37, 0x8A, 0x89, 0xCC, 0xDF, 0x9C, 0x08, 0xF6, 0x06, 0x52,
    0xAA, 0xB0, 0x1A, 0x5F, 0xA2, 0x5E, 0x18, 0x1C, 0x49, 0x66, 0xC2, 0xBF, 0xA4, 0x12, 0xE8, 0x88,
    0x7E, 0x1A, 0x1E, 0x11, 0xFB, 0xB4, 0x49, 0xAB, 0x16, 0xDB, 0x34, 0x45, 0xB5, 0x7C, 0xBE, 0x1D,
    0x3D, 0x22, 0x04, 0xFC, 0x3F, 0x40, 0xD9, 0x10, 0xA2, 0x96, 0x2F, 0x89, 0x48, 0xF9, 0x4B, 0x52,
    0xD7, 0xE2, 0x2F, 0x23, 0x0D, 0xA1, 0x78, 0xD5, 0xDC, 0x09, 0x53, 0xED, 0xCA, 0x4C, 0xAC, 0xA6,
    0xF0, 0xCF, 0xF4, 0x2B, 0x2F, 0x99, 0x6E, 0x26, 0xAA, 0x7C, 0xC6, 0xA9, 0x6E, 0x83, 0x55, 0x41,
    0x31, 0x22, 0xA5, 0x51, 0x07, 0x6C, 0x58, 0xFE, 0xA3, 0x12, 0x9F, 0xD7, 0xFD, 0x45, 0x74, 0xBF,
    0xC6, 0xB1, 0x7A, 0x59, 0xFB, 0x54, 0x9B, 0xBA, 0x6A, 0xBE, 0xBD, 0xF4, 0xA4, 0xB4, 0xAD, 0xA2,
    0x45, 0x6D, 0xCD, 0x35, 0x66, 0xB5, 0x68, 0x75, 0xB7, 0x5A, 0xC9, 0x5A, 0x10, 0xCC, 0xE8, 0xD1,
    0x19, 0xBD, 0xBA, 0x6F, 0x68, 0xDF, 0x5C, 0xBD, 0x5A, 0x0C, 0x9E, 0x9F, 0x5D, 0xFF, 0x64, 0x9F,
    0xB9, 0x36, 0xB3, 0xFB, 0xDC, 0xB4, 0x4B, 0x62, 0xB3, 0xE8, 0x53, 0xC1, 0x6D, 0x33, 0xB1, 0xB9,
    0x39, 0xFC, 0x51, 0x3B, 0xA7, 0xB6, 0xF2, 0x69, 0x1F, 0x56, 0x6A, 0xF1, 0x4C, 0xFA, 0x6E, 0x76,
    0x8F, 0xF2, 0x88, 0xFC, 0xAA, 0x34, 0x85, 0x58, 0x0A, 0x77, 0xF3, 0x2E, 0xC8, 0xF7, 0x27, 0x82,
    0x78, 0x79, 0x37, 0xE9, 0x9B, 0xD2, 0xB6, 0xC5, 0x6E, 0x78, 0xEB, 0x33, 0xDC, 0x30, 0x08, 0x9C,
    0x40, 0xFA, 0x6E, 0xB0, 0x7B, 0xA0, 0x3C, 0x02, 0xF9, 0x55, 0x90, 0x33, 0xD1, 0x9D, 0x14, 0x62,
    0x37, 0x17, 0x8A, 0x78, 0xE6, 0xC5, 0xCB, 0x7C, 0x9C, 0xA9, 0xE9, 0xAE, 0x72, 0xE6, 0xCF, 0xD2,
    0x9F, 0x68, 0xA4, 0x99, 0xD2, 0x93, 0xB9, 0x60, 0xC9, 0xC6, 0x31, 0x6D, 0xBD, 0x0E, 0xD1, 0x04,
    0x37, 0x12, 0x17, 0x35, 0x88, 0xA2, 0x4A, 0x60, 0xB6, 0xDC, 0x47, 0x18, 0xE9, 0x9B, 0x90, 0xB6,
    0x2D, 0x3D, 0x59, 0x2F, 0x14, 0x68, 0x12, 0xA7, 0xA1, 0x00, 0x37, 0x65, 0xDA, 0x24, 0xB1, 0x87,
    0x5B, 0xA1, 0xCF, 0xA5, 0xDB, 0x1C, 0x11, 0x4E, 0x66, 0x71, 0x9B, 0xC3, 0xC4, 0x1C, 0x17, 0xE9,
    0x06, 0xD4, 0x1B, 0x37, 0x5D, 0x84, 0x25, 0x9B, 0x62, 0x89, 0xE5, 0xFF, 0x01, 0x85, 0x96, 0xBD,
    0x6B, 0xDB, 0x50, 0x14, 0xC5, 0xCF, 0x93, 0x2C, 0x2B, 0x8D, 0xA8, 0x95, 0xC1, 0x2E, 0x0E, 0xD8,
    0xA9, 0x07, 0x13, 0x52, 0x10, 0x38, 0xA3, 0x28, 0xFD, 0x78, 0x1D, 0x52, 0x3A, 0xAA, 0x60, 0x93,
    0x74, 0x30, 0x68, 0x48, 0x43, 0xFE, 0x00, 0xA5, 0x84, 0x10, 0xC3, 0xCB, 0x90, 0x5D, 0x85, 0x14,
    0xBC, 0x14, 0x3C, 0x64, 0x4C, 0x41, 0x81, 0x50, 0xDA, 0x4E, 0x1A, 0x3B, 0x7A, 0x28, 0xA4, 0xA3,
    0x86, 0x0E, 0x1D, 0x3D, 0xA4, 0x43, 0xB7, 0xDE, 0x27, 0x9B, 0x62, 0xEB, 0xCB, 0x0F, 0x0D, 0x46,
    0x3A, 0xBF, 0x7B, 0xAE, 0xEE, 0xBD, 0x7A, 0xCF, 0xA8, 0x02, 0xA7, 0xC0, 0x15, 0x58, 0x1F, 0x6A,
    0x13, 0xAB, 0x9F, 0x50, 0xAF, 0x60, 0xD0, 0xE1, 0x00, 0x54, 0x01, 0xC6, 0x51, 0xF6, 0xAD, 0xC0,
    0x9B, 0x04, 0xD1, 0xF5, 0x78, 0x70, 0x07, 0x54, 0xA0, 0x01, 0x84, 0xAC, 0x03, 0xF5, 0xF8, 0x47,
    0x16, 0xCB, 0x04, 0xF3, 0x19, 0x5F, 0x04, 0x01, 0x8E, 0x1A, 0xC7, 0x41, 0x2E, 0x84, 0x92, 0x72,
    0xA1, 0x39, 0x49, 0x08, 0xB8, 0x40, 0x01, 0x54, 0xC5, 0xAA, 0x48, 0x41, 0x6C, 0x99, 0x53, 0x3D,
    0xDB, 0xE9, 0x24, 0x7E, 0xAD, 0x7C, 0x8E, 0xAD, 0x95, 0x23, 0x25, 0x6D, 0xF7, 0x14, 0xE8, 0xE5,
    0x7B, 0x01, 0x4A, 0x28, 0x33, 0x52, 0xC3, 0x7B, 0x4E, 0x46, 0x29, 0xE9, 0xAA, 0xC5, 0x21, 0xF2,
    0x78, 0x5F, 0x73, 0x14, 0x91, 0x70, 0x5C, 0x5B, 0x02, 0x29, 0xC8, 0x80, 0xD6, 0x97, 0x39, 0x81,
    0x85, 0x19, 0x18, 0xAD, 0xC7, 0xC0, 0xEB, 0x22, 0x92, 0xEA, 0x32, 0xCA, 0x20, 0xA9, 0x90, 0x5B,
    0xF9, 0x0C, 0x97, 0xE3, 0x45, 0x2B, 0x09, 0x96, 0xD0, 0x94, 0x77, 0x7B, 0xEA, 0xAD, 0x7A, 0xA6,
    0x3B, 0x46, 0xD7, 0x44, 0x65, 0xA5, 0x73, 0xC5, 0xA0, 0x53, 0x82, 0x65, 0xB1, 0x35, 0x3E, 0x1A,
    0x7F, 0xE3, 0x01, 0x7F, 0x46, 0x9D, 0xB7, 0x11, 0x97, 0x62, 0x0F, 0x6D, 0xED, 0xED, 0xA2, 0x5A,
    0xE1, 0x2C, 0x54, 0x16, 0xD4, 0xA4, 0xFC, 0xC3, 0xF6, 0x92, 0x51, 0x0D, 0x57, 0xF3, 0x13, 0x2A,
    0x5A, 0x9B, 0x1C, 0x43, 0x4A, 0x00, 0xEA, 0x2D, 0xD4, 0x33, 0xE8, 0x0E, 0x8C, 0x2E, 0x4C, 0x6A,
    0xD7, 0x0A, 0x3A, 0x57, 0xA0, 0x29, 0xF5, 0xA9, 0x91, 0x0B, 0x10, 0x03, 0xDB, 0xC7, 0x30, 0x19,
    0x5C, 0x8E, 0x66, 0x52, 0x89, 0x32, 0x85, 0x47, 0x51, 0xF8, 0x76, 0x3A, 0x3C, 0xAD, 0xAF, 0xC8,
    0x30, 0x98, 0x8E, 0x63, 0x4A, 0x7D, 0x8A, 0xF3, 0xEC, 0xEA, 0xE9, 0xE1, 0xA2, 0x76, 0x56, 0x41,
    0xCE, 0x46, 0x8C, 0x86, 0x5A, 0x0D, 0x55, 0xA1, 0x73, 0x83, 0x52, 0xA9, 0xA0, 0xC3, 0xD7, 0xCB,
    0x2B, 0x87, 0x96, 0x6D, 0x7B, 0x03, 0x24, 0x9F, 0x94, 0x60, 0x49, 0xAA, 0x59, 0x9A, 0x3E, 0x77,
    0x22, 0xB0, 0x4B, 0xA3, 0xDF, 0x30, 0x6D, 0xC3, 0x33, 0xBD, 0xA6, 0x6D, 0x6D, 0x44, 0x1A, 0x0C,
    0xF9, 0xA6, 0xB2, 0xA7, 0x41, 0x30, 0xB9, 0x1E, 0x3F, 0x17, 0xD3, 0x9E, 0x52, 0xAF, 0xF6, 0xE1,
    0x26, 0xD5, 0x54, 0x3E, 0xC1, 0xC6, 0xB3, 0xDD, 0x62, 0xA6, 0x9F, 0xF6, 0xE1, 0x00, 0x6C, 0x48,
    0xC1, 0x61, 0xF4, 0xD1, 0x30, 0x61, 0x1B, 0xF0, 0x4C, 0x78, 0x4D, 0xD8, 0x16, 0x24, 0x05, 0xCC,
    0x6D, 0x18, 0xFF, 0x39, 0x06, 0x65, 0x9F, 0x0D, 0xD3, 0x1E, 0x55, 0x9A, 0x86, 0xA4, 0x56, 0x7E,
    0x7B, 0x4B, 0x3D, 0xEA, 0x69, 0x0F, 0x5A, 0x7F, 0x91, 0xE9, 0xC2, 0x50, 0x1E, 0x29, 0x69, 0x9F,
    0x1B, 0xF6, 0x2A, 0xBB, 0x46, 0xEA, 0x78, 0x51, 0x3B, 0xAB, 0x13, 0x15, 0xD8, 0xA1, 0xA4, 0x46,
    0x46, 0xDF, 0x69, 0x98, 0x3C, 0x23, 0xA9, 0x11, 0xDB, 0x29, 0x7F, 0xB4, 0xBE, 0xCC, 0xBD, 0x76,
    0xB8, 0x04, 0xD1, 0x91, 0x44, 0xE4, 0x26, 0xB2, 0x0F, 0xB8, 0x45, 0x54, 0xDC, 0x99, 0xA4, 0xD5,
    0x6F, 0x39, 0xED, 0x45, 0x56, 0xAE, 0xF6, 0x21, 0x61, 0x85, 0x5C, 0x3D, 0x43, 0x3C, 0x9A, 0xB2,
    0x19, 0xF3, 0x8C, 0x16, 0x17, 0xA2, 0x57, 0x3B, 0xAE, 0x7B, 0x6D, 0xAF, 0x15, 0x6C, 0x4F, 0xDC,
    0xC8, 0x3F, 0x11, 0x55, 0x3C, 0xA1, 0xBB, 0x87, 0x6D, 0xCB, 0xB3, 0x03, 0x7B, 0x72, 0x14, 0x0D,
    0xEE, 0x34, 0xF9, 0xE5, 0xC8, 0x11, 0xF6, 0x99, 0x48, 0xAA, 0xC9, 0xD4, 0x97, 0xC7, 0xD0, 0xBC,
    0x9E, 0xB4, 0x1E, 0x20, 0xD0, 0x7B, 0x20, 0x8E, 0x6B, 0xC2, 0x7B, 0x04, 0xAF, 0x85, 0x60, 0x1B,
    0x13, 0x17, 0x91, 0x8F, 0x93, 0x69, 0xAA, 0x01, 0xD8, 0x0B, 0x7E, 0xB8, 0x29, 0xAC, 0x77, 0xDC,
    0xBE, 0x81, 0x3D, 0xC1, 0x51, 0x84, 0xE9, 0x4E, 0x48, 0x99, 0xD2, 0xB6, 0x55, 0xC0, 0x52, 0x4F,
    0xF3, 0x58, 0x3A, 0xFD, 0x98, 0x4F, 0x05, 0x2D, 0xC2, 0xA5, 0xC0, 0xCF, 0x77, 0xBF, 0x80, 0xE6,
    0x16, 0xE1, 0xFA, 0x25, 0xB4, 0xF7, 0x39, 0xEE, 0xC8, 0x05, 0x4B, 0x98, 0x0E, 0x9D, 0x3C, 0x36,
    0xD3, 0xAC, 0x16, 0xBF, 0x94, 0x3C, 0xC4, 0x84, 0xAC, 0x5B, 0xAD, 0x87, 0x8D, 0xFB, 0xA8, 0xD4,
    0x61, 0xB6, 0xA0, 0xFB, 0xB2, 0x20, 0x74, 0x3D, 0xA4, 0xBF, 0x09, 0x63, 0xB8, 0xAB, 0x3B, 0xFA,
    0x4B, 0xF5, 0x5C, 0xF9, 0xCE, 0x7E, 0x21, 0x62, 0xE1, 0x2E, 0xEF, 0xE6, 0xAA, 0x35, 0x79, 0xF6,
    0xC9, 0xB5, 0x80, 0xFC, 0xD8, 0x3D, 0xEE, 0xCA, 0x29, 0x96, 0x1D, 0x72, 0x72, 0x59, 0xB4, 0xD1,
    0x40, 0x2B, 0xED, 0xA5, 0xFC, 0x94, 0x63, 0x99, 0x4B, 0x7D, 0x66, 0x6F, 0xD2, 0xCC, 0x3F, 0x3D,
    0x53, 0x4D, 0x4C, 0x13, 0x51, 0x10, 0xFE, 0xB6, 0xED, 0x6E, 0x2D, 0xB4, 0x65, 0xAB, 0xAF, 0xB2,
    0x2D, 0x94, 0x40, 0xB2, 0xE5, 0xA7, 0xA2, 0x46, 0x53, 0x4A, 0x03, 0xC6, 0x4C, 0xA3, 0x1C, 0xBC,
    0x6D, 0xA5, 0x10, 0x89, 0x48, 0x36, 0x01, 0x8D, 0x70, 0x11, 0xC3, 0x0A, 0x07, 0x53, 0x78, 0x47,
    0x4D, 0x3C, 0xEC, 0xC1, 0x78, 0x91, 0x26, 0x1C, 0x4A, 0x02, 0x5E, 0xEC, 0x81, 0x84, 0x83, 0x21,
    0xD9, 0x8B, 0x17, 0x13, 0x93, 0x4D, 0xF4, 0x40, 0xA2, 0x26, 0x3D, 0x18, 0x31, 0xF1, 0xC2, 0xC1,
    0x8B, 0x37, 0xDF, 0xF6, 0x87, 0x99, 0xCD, 0xBE, 0x2F, 0xB3, 0xDF, 0x9B, 0x99, 0xFD, 0xE6, 0x3D,
    0x18, 0x4D, 0x03, 0xD8, 0x30, 0x6B, 0x18, 0xA0, 0xDD, 0x6B, 0xC7, 0xF4, 0xB4, 0xDC, 0x30, 0x94,
    0xF6, 0x4A, 0x7B, 0xC0, 0x8A, 0x1D, 0x37, 0x32, 0xD5, 0xF8, 0x4C, 0x29, 0xF3, 0x6E, 0xBF, 0xF9,
    0xBE, 0x7B, 0x66, 0xC5, 0xE4, 0x4E, 0xC6, 0x16, 0x59, 0xCC, 0xBA, 0x11, 0x48, 0x85, 0x55, 0xD6,
    0xAB, 0xA9, 0x6A, 0xCD, 0x56, 0x19, 0x3D, 0xC2, 0x1F, 0xCC, 0x22, 0x40, 0x29, 0x37, 0xEC, 0xC4,
    0x48, 0xE3, 0x29, 0x57, 0x73, 0x62, 0x88, 0xD1, 0x21, 0xBD, 0x41, 0x11, 0x7E, 0xE1, 0x93, 0x6E,
    0x82, 0x22, 0x08, 0x43, 0x03, 0x13, 0x2E, 0xCC, 0x91, 0xBF, 0x76, 0x54, 0x7D, 0xE4, 0x43, 0x10,
    0xDD, 0x46, 0xC6, 0x0E, 0x21, 0x80, 0xC0, 0xCD, 0xAD, 0xCB, 0x38, 0x38, 0x32, 0x58, 0x1E, 0xCC,
    0xC8, 0xD7, 0x01, 0xA3, 0x40, 0x4F, 0xBF, 0x90, 0x20, 0xEB, 0x16, 0x58, 0xA9, 0xD5, 0x30, 0x8B,
    0xB7, 0xFA, 0x65, 0xE5, 0x72, 0xEB, 0x6F, 0x58, 0x69, 0xA9, 0x8D, 0xE2, 0x89, 0x16, 0x92, 0x25,
    0x20, 0xFD, 0x12, 0xB8, 0xF6, 0x1A, 0x58, 0x7B, 0x38, 0x45, 0x13, 0x95, 0xCF, 0xAE, 0xF4, 0xEC,
    0xB7, 0xAB, 0x8C, 0xED, 0x3A, 0xE7, 0x32, 0x49, 0x2F, 0x6B, 0x83, 0xD3, 0x20, 0x35, 0x58, 0x1E,
    0xAD, 0xE0, 0xF1, 0x7E, 0xD8, 0x82, 0xF8, 0xDD, 0x16, 0xCC, 0x63, 0x57, 0x50, 0x17, 0x1A, 0x5C,
    0xB0, 0x55, 0x93, 0xE2, 0xB4, 0x46, 0x8B, 0x28, 0x20, 0x5E, 0x5A, 0x9B, 0x5F, 0xD4, 0x0B, 0xAA,
    0x91, 0xD5, 0x59, 0x91, 0x72, 0x3C, 0xCD, 0x19, 0x15, 0x4B, 0xB9, 0xED, 0xF4, 0x2B, 0x76, 0x5B,
    0x46, 0x17, 0x06, 0x49, 0xA5, 0x50, 0x76, 0x55, 0x0F, 0xE8, 0xDA, 0xA8, 0x49, 0x12, 0x8D, 0x7D,
    0x4A, 0x0D, 0x77, 0xEF, 0xAE, 0x7F, 0xEB, 0xB0, 0x46, 0x2A, 0x03, 0x1F, 0x65, 0x16, 0xB5, 0x22,
    0xAB, 0xBD, 0x3B, 0x9A, 0xCD, 0x28, 0xCD, 0xD7, 0x1D, 0x60, 0x0E, 0xBF, 0x9C, 0x05, 0xA7, 0x87,
    0xA7, 0x84, 0x36, 0x3A, 0x2C, 0x51, 0x6D, 0x85, 0x03, 0xAA, 0x44, 0x7D, 0xFB, 0x90, 0x08, 0xCA,
    0x3F, 0x2C, 0x29, 0xDC, 0x6B, 0x82, 0x24, 0xEE, 0x83, 0x82, 0x10, 0x92, 0x18, 0x20, 0x93, 0x4B,
    0x26, 0x7C, 0x7B, 0x08, 0xFE, 0x05, 0x8E, 0x31, 0x77, 0x87, 0x36, 0xDF, 0xD6, 0xDE, 0xDF, 0x77,
    0x13, 0xB7, 0xC4, 0x54, 0xB1, 0x5C, 0x66, 0x50, 0x61, 0x82, 0xFB, 0x48, 0x11, 0xBA, 0xEB, 0x30,
    0xD0, 0xC5, 0x23, 0x48, 0x61, 0x14, 0x57, 0x90, 0x17, 0x35, 0x2C, 0x1C, 0xA0, 0x84, 0xA0, 0xEB,
    0x73, 0xFC, 0x8E, 0x9F, 0xF7, 0x50, 0x90, 0x3A, 0x11, 0x45, 0x9F, 0x88, 0x25, 0x14, 0xFB, 0xA4,
    0x52, 0x9B, 0x7E, 0x61, 0x75, 0x16, 0xEA, 0xF9, 0x20, 0xF5, 0xCB, 0x30, 0x43, 0xA8, 0x45, 0xBC,
    0xFA, 0x09, 0xF9, 0xA4, 0x32, 0xBD, 0xDD, 0xF9, 0x38, 0xAF, 0xF7, 0xAB, 0xA6, 0x59, 0x13, 0x9D,
    0xCA, 0x09, 0x44, 0x0F, 0x9D, 0xC8, 0xB4, 0xD3, 0x1B, 0x24, 0x6D, 0x04, 0x4C, 0x85, 0x6E, 0xC2,
    0xF2, 0x7E, 0x41, 0x1C, 0xA5, 0x2D, 0x57, 0xB6, 0xE1, 0x48, 0x5C, 0x12, 0x73, 0xF6, 0xE1, 0x83,
    0x3B, 0x7E, 0x2A, 0xDC, 0xCD, 0xA1, 0xE9, 0x1B, 0x54, 0x44, 0x66, 0xA7, 0xCC, 0x8F, 0xF8, 0x66,
    0xDD, 0x63, 0x0F, 0x9D, 0x0E, 0x9D, 0x3E, 0x17, 0xE8, 0x22, 0x32, 0x7C, 0x8B, 0x22, 0x3C, 0x00,
    0x6D, 0x54, 0xE8, 0x6E, 0x99, 0xAA, 0x62, 0xA7, 0xE7, 0x0D, 0xB9, 0x31, 0x06, 0xD1, 0x4B, 0xB2,
    0x0A, 0x04, 0x1C, 0xE5, 0x67, 0xB4, 0xEE, 0x33, 0x2F, 0x50, 0x8F, 0x3D, 0x69, 0x87, 0x84, 0x38,
    0x31, 0x6C, 0x20, 0x2E, 0x94, 0x09, 0x0B, 0x0D, 0x07, 0x31, 0x2E, 0x86, 0xA6, 0x1B, 0xB3, 0x4E,
    0x81, 0x94, 0xAA, 0x10, 0xAF, 0xB9, 0x35, 0x41, 0x57, 0xE9, 0x89, 0x3D, 0xC1, 0x45, 0x26, 0x1B,
    0xAE, 0xE9, 0x09, 0x6D, 0x40, 0x14, 0x8C, 0x4F, 0x19, 0x1B, 0x0F, 0xDC, 0xC5, 0x34, 0x2F, 0xC4,
    0x84, 0xDC, 0x7E, 0xAE, 0x6B, 0x56, 0xCA, 0x5B, 0x45, 0x8A, 0x16, 0xF2, 0x56, 0xAF, 0x15, 0x34,
    0x0F, 0xA3, 0x08, 0x39, 0xCD, 0x8F, 0x40, 0x93, 0x38, 0xC0, 0xAE, 0xEB, 0xDD, 0xC6, 0xA5, 0xEA,
    0x79, 0x35, 0x97, 0x65, 0x59, 0xE8, 0x8D, 0x47, 0xB5, 0x9A, 0x0E, 0x76, 0x76, 0xF1, 0xD8, 0xCC,
    0x72, 0x1B, 0xDD, 0x60, 0xED, 0xCB, 0xD8, 0x86, 0x02, 0xB5, 0x63, 0xEA, 0xD9, 0x8E, 0xFF, 0x4D,
    0x8F, 0x3F, 0x4B, 0xC3, 0x50, 0x14, 0xC5, 0x4F, 0xC5, 0x24, 0xAD, 0x25, 0x20, 0xFA, 0x9E, 0xED,
    0x53, 0x52, 0x1D, 0x9E, 0x43, 0xD3, 0x25, 0x90, 0x34, 0x05, 0x41, 0x38, 0x1F, 0xC1, 0xC1, 0x38,
    0x47, 0xC4, 0x6A, 0x71, 0x11, 0x5A, 0x15, 0x5D, 0xCC, 0x47, 0xC8, 0x54, 0x1C, 0x1D, 0x1C, 0xD2,
    0x7E, 0x13, 0x37, 0x27, 0x41, 0x3F, 0x8D, 0x37, 0xFE, 0x01, 0x97, 0xCB, 0xE1, 0xBC, 0x7B, 0xCE,
    0xEF, 0x3E, 0x3D, 0x7E, 0x7F, 0xAD, 0xD0, 0x55, 0x36, 0x49, 0xD0, 0x60, 0x1B, 0x1D, 0x5C, 0xB1,
    0x07, 0x87, 0x9A, 0x21, 0x36, 0x79, 0x00, 0x40, 0x9F, 0x2E, 0x3E, 0x2A, 0x64, 0xF3, 0xA6, 0xCD,
    0x5D, 0xF6, 0x8B, 0x5D, 0xC4, 0x4C, 0xC5, 0x56, 0xF3, 0xA5, 0xA9, 0xD0, 0x44, 0x40, 0xC3, 0x55,
    0x68, 0x09, 0x68, 0x99, 0x21, 0xE5, 0xA9, 0x7B, 0x5D, 0xBE, 0x95, 0x7B, 0x68, 0xB9, 0xDE, 0x9A,
    0x6F, 0xC5, 0x2B, 0x52, 0xC6, 0x05, 0x60, 0xBE, 0x51, 0xCE, 0x76, 0xCB, 0xEF, 0xB9, 0xDC, 0x2A,
    0x56, 0x60, 0xF8, 0x88, 0x5A, 0xB5, 0x85, 0xF4, 0x20, 0xB9, 0x06, 0x3D, 0xD6, 0xFC, 0x9D, 0x5F,
    0xFE, 0xC6, 0x1F, 0xFF, 0xF3, 0x12, 0x19, 0x4E, 0x04, 0xA6, 0x90, 0xE3, 0xFF, 0x11, 0x7A, 0xBC,
    0x34, 0x4F, 0x50, 0x93, 0x73, 0x95, 0x65, 0xC7, 0xD9, 0x42, 0xD0, 0x51, 0x5E, 0xE6, 0x82, 0xF6,
    0x3C, 0xD7, 0xB7, 0x0E, 0x53, 0x4E, 0x71, 0x27, 0x27, 0x39, 0x18, 0xE1, 0x06, 0x43, 0xD4, 0x4A,
    0xBC, 0x9F, 0x5E, 0x1A, 0x04, 0xD2, 0xAA, 0x3B, 0x83, 0x7B, 0x58, 0xF4, 0x31, 0x62, 0x8C, 0x33,
    0x59, 0xB6, 0xD8, 0x97, 0xF2, 0x43, 0x5C, 0xC0, 0xDA, 0x24, 0x9A, 0x41, 0xAF, 0x87, 0x2F, 0xF1,
    0x6C, 0x9A, 0x48, 0x04, 0x21, 0x63, 0x89, 0xD7, 0x4A, 0xFE, 0xC4, 0x5B, 0x3C, 0xE3, 0x08, 0x7A,
    0x18, 0x4C, 0x84, 0x6C, 0xA3, 0x04, 0x5F, 0x25, 0x52, 0x4D, 0x68, 0x13, 0x51, 0x10, 0xFE, 0x36,
    0xDB, 0xCD, 0x6B, 0xBB, 0xCD, 0xA6, 0x87, 0xAC, 0x06, 0xB7, 0xBB, 0xEB, 0xC1, 0x43, 0x69, 0xDD,
    0xE6, 0xD2, 0x36, 0x49, 0x09, 0xFA, 0x02, 0x85, 0x9E, 0x2C, 0x0F, 0x4C, 0x40, 0xD0, 0x68, 0x0F,
    0xBD, 0x14, 0x24, 0x50, 0xDD, 0x84, 0x46, 0xDB, 0xF4, 0x81, 0x05, 0xF1, 0x20, 0xEE, 0xA1, 0x07,
    0x3D, 0x14, 0x73, 0x28, 0x5A, 0x8A, 0xA5, 0x3F, 0xC4, 0xBF, 0xA2, 0x74, 0xC1, 0x43, 0x0F, 0x5E,
    0x16, 0x51, 0x10, 0xA1, 0x65, 0xD1, 0x9E, 0xFC, 0xC1, 0x1E, 0x72, 0x68, 0x05, 0xD1, 0x4D, 0x3B,
    0xF0, 0x31, 0x0C, 0xC3, 0xCC, 0x7C, 0x33, 0xDF, 0x84, 0x9D, 0x6E, 0xA7, 0x94, 0x9B, 0xFC, 0x5E,
    0x72, 0xB5, 0x3D, 0x71, 0x8E, 0xFC, 0xC4, 0xBC, 0x7C, 0xD0, 0x37, 0x5D, 0xE6, 0x15, 0x5A, 0xC5,
    0xB9, 0xB1, 0x1E, 0x1A, 0x83, 0xB0, 0x28, 0x17, 0xAC, 0x96, 0xF4, 0xA5, 0xD2, 0xE7, 0x32, 0x1F,
    0xCA, 0x99, 0x3E, 0x20, 0xE5, 0xC5, 0x47, 0xE2, 0x30, 0xA1, 0xA4, 0x66, 0x52, 0x83, 0x26, 0xA8,
    0x30, 0x4E, 0xAE, 0x93, 0x98, 0xCC, 0x34, 0x66, 0x3A, 0xCA, 0x70, 0x6F, 0x03, 0x40, 0x18, 0x13,
    0xCB, 0xDC, 0xDA, 0xF4, 0x32, 0xEB, 0x5E, 0xEA, 0xAB, 0x5B, 0xFA, 0xC6, 0x5F, 0x7E, 0xF0, 0x5B,
    0x81, 0x96, 0xA0, 0x38, 0xCB, 0x44, 0xD7, 0x0B, 0xF9, 0x5C, 0xFB, 0xE3, 0x19, 0x5B, 0x4E, 0x47,
    0x02, 0x1D, 0x26, 0xAC, 0x76, 0x48, 0x39, 0x90, 0x05, 0x90, 0x51, 0xC8, 0x57, 0x99, 0x7C, 0x6B,
    0x2F, 0x9A, 0x75, 0x8D, 0x10, 0x9F, 0xCD, 0x06, 0xE3, 0x9A, 0x29, 0x88, 0xBB, 0x01, 0x1E, 0x9C,
    0xA2, 0xA4, 0x70, 0x83, 0xCB, 0x8D, 0x0A, 0xA2, 0xB6, 0x49, 0x95, 0xCC, 0x3B, 0x9A, 0x28, 0xFC,
    0x40, 0xD3, 0xD4, 0x61, 0x15, 0x7A, 0x24, 0x02, 0xDD, 0x88, 0xA3, 0x38, 0x3B, 0x05, 0xE3, 0xF1,
    0x38, 0x94, 0xF7, 0x0E, 0xA2, 0x23, 0x1C, 0x51, 0x42, 0xA1, 0x66, 0xE9, 0xD0, 0x0B, 0xDE, 0x3F,
    0xC4, 0x93, 0x9B, 0x3C, 0xF9, 0x84, 0x27, 0xEF, 0xF0, 0xE4, 0x3F, 0x8A, 0x57, 0xC2, 0x5B, 0xC9,
    0xD6, 0xF7, 0xED, 0xFD, 0x35, 0x7F, 0xDD, 0x9B, 0x69, 0xA8, 0x2C, 0xCF, 0x04, 0xA7, 0xDD, 0xEE,
    0xEA, 0xAC, 0xD2, 0x0A, 0x2A, 0xE8, 0x87, 0xC1, 0x9B, 0xEB, 0x32, 0x71, 0x9B, 0x8A, 0xF7, 0x40,
    0x9E, 0xC3, 0x7C, 0x4D, 0xA3, 0x19, 0x28, 0x16, 0x12, 0xD7, 0xA0, 0xE6, 0x07, 0xBF, 0x5C, 0xFC,
    0x24, 0x7A, 0x9A, 0xA3, 0x51, 0x0D, 0x09, 0x8A, 0x18, 0x20, 0xD8, 0x40, 0xDB, 0xAF, 0xC0, 0x6F,
    0x07, 0x74, 0xEF, 0xD2, 0x23, 0x90, 0x91, 0x2A, 0x7A, 0x95, 0xA7, 0xE8, 0x59, 0x3A, 0x0C, 0x12,
    0x5E, 0x00, 0xF7, 0x88, 0x32, 0x58, 0x68, 0x49, 0x7C, 0x28, 0xD6, 0x05, 0xBF, 0xCD, 0x4F, 0xEC,
    0x97, 0x6D, 0x21, 0x45, 0x6C, 0x81, 0x35, 0xEF, 0xB0, 0x0B, 0x79, 0x95, 0x9A, 0xBF, 0xA9, 0xBC,
    0x82, 0x28, 0x85, 0x82, 0x66, 0x73, 0xC1, 0x96, 0x8B, 0x7A, 0x3E, 0xC5, 0xED, 0x65, 0xFB, 0x4D,
    0x7A, 0xCA, 0x6C, 0x08, 0x68, 0xCE, 0x9B, 0x06, 0x9E, 0xE1, 0xC4, 0x0A, 0x3D, 0x59, 0xA4, 0xC6,
    0x2A, 0x8D, 0x2B, 0x98, 0x09, 0xE4, 0x98, 0x27, 0x57, 0x24, 0x5D, 0xFB, 0x9B, 0x38, 0xB4, 0xD0,
    0x1D, 0x33, 0x6A, 0x68, 0x4A, 0xB8, 0x62, 0xCD, 0x05, 0xB5, 0xBC, 0x44, 0xD3, 0x81, 0x84, 0x02,
    0x5A, 0x58, 0x57, 0xAD, 0xDA, 0x48, 0x7B, 0x03, 0x6E, 0xD9, 0xBD, 0xC9, 0x37, 0x02, 0x52, 0x61,
    0x47, 0xAF, 0x67, 0x3A, 0xFB, 0x20, 0x7B, 0xAA, 0xBF, 0xEC, 0x6D, 0xF1, 0x09, 0xA8, 0x39, 0x35,
    0x77, 0xBB, 0x7E, 0xF9, 0xB4, 0x1C, 0x30, 0xD0, 0x51, 0x0C, 0x62, 0xE2, 0xF4, 0xFA, 0x84, 0xCE,
    0x20, 0x03, 0x0B, 0x26, 0x24, 0x26, 0x72, 0xB1, 0x66, 0x8E, 0x69, 0xCC, 0x48, 0x45, 0xCE, 0xF4,
    0xD5, 0xE2, 0x18, 0xC4, 0xF9, 0x03, 0xA9, 0x95, 0x7C, 0xD4, 0x59, 0xBC, 0x93, 0x78, 0xC7, 0x3B,
    0x86, 0x0F, 0xF4, 0x9D, 0xD4, 0xFD, 0xD2, 0x85, 0xC9, 0xC2, 0x46, 0x97, 0x94, 0x13, 0x17, 0xC8,
    0x28, 0x29, 0x98, 0x8B, 0xC7, 0x8F, 0x03, 0x1A, 0xF2, 0xCC, 0xBA, 0xC5, 0x06, 0xA8, 0x8D, 0x14,
    0x0C, 0xBA, 0xE5, 0x82, 0x49, 0x3E, 0x99, 0x22, 0x67, 0x65, 0x5B, 0x59, 0x8B, 0xF4, 0xEB, 0x76,
    0xD5, 0x6F, 0xA3, 0xFF, 0x01, 0x0B, 0x59, 0x01, 0x00, 0x85, 0xCE, 0x31, 0x0A, 0xC2, 0x40, 0x10,
    0x85, 0xE1, 0xDF, 0x2C, 0xAC, 0x45, 0x8E, 0x20, 0x21, 0xA7, 0xB0, 0x14, 0xA6, 0x5F, 0x88, 0x16,
    0xF6, 0xB6, 0x9E, 0x21, 0x69, 0xB6, 0x0F, 0x88, 0xE0, 0x31, 0x2C, 0x3C, 0x80, 0x4D, 0x40, 0x70,
    0x2D, 0xC5, 0x66, 0x0B, 0x1B, 0xD1, 0x42, 0x48, 0x3C, 0x84, 0x2B, 0x2A, 0x1A, 0x2C, 0x1C, 0x98,
    0x6A, 0x3E, 0xE6, 0x3D, 0x80, 0xFC, 0x86, 0xDF, 0xE9, 0xE6, 0x14, 0x79, 0x51, 0x4E, 0x54, 0x49,
    0x77, 0x48, 0x37, 0x23, 0x4E, 0x48, 0xA6, 0x8C, 0x47, 0x3C, 0xA6, 0xB0, 0x9C, 0x45, 0xD7, 0xD2,
    0x32, 0xC6, 0xC6, 0x90, 0xC0, 0x98, 0xA7, 0xA9, 0xB8, 0x54, 0xFA, 0x6A, 0x3F, 0xC6, 0xFC, 0x18,
    0xF2, 0x95, 0xE0, 0xB7, 0xE8, 0xA6, 0x26, 0xF2, 0x13, 0x94, 0xCB, 0x50, 0x65, 0x12, 0xDE, 0x85,
    0xCD, 0x52, 0x09, 0xA1, 0x8F, 0xD4, 0x77, 0xEC, 0xCB, 0x3B, 0xD1, 0xCD, 0x31, 0x78, 0xF3, 0xD7,
    0x17, 0xC2, 0xA1, 0xEA, 0xF8, 0x53, 0xE4, 0xEC, 0x57, 0x87, 0x79, 0xAB, 0xC3, 0x52, 0x3A, 0x1B,
    0xDB, 0x73, 0xFB, 0xBE, 0x93, 0x41, 0x4C, 0x6A, 0x58, 0xCC, 0x58, 0x1B, 0x1B, 0x2E, 0x77, 0x63,
    0x48, 0x60, 0x60, 0xFC, 0xC1, 0xC0, 0x16, 0xC6, 0x20, 0xB7, 0xB9, 0xA1, 0xFE, 0xF9, 0x03, 0xFB,
    0xFB, 0x17, 0xF8, 0xFF, 0x3B, 0x30, 0xC7, 0x32, 0x30, 0x7C, 0x61, 0x60, 0x10, 0x60, 0x00, 0x00,
};

static const EpdGlyph notoserif_5_bolditalicGlyphs[] = {
    { 0, 0, 0, 0, 0, 0, 0 }, // U+0000
    { 0, 0, 43, 0, 0, 0, 0 }, // U+000D
    { 0, 0, 43, 0, 0, 0, 0 }, // U+0020
    { 4, 9, 66, 0, 8, 9, 0 }, // !
    { 5, 4, 85, 1, 8, 5, 9 }, // "
    { 6, 8, 93, 0, 8, 12, 14 }, // #
    { 6, 9, 93, 0, 8, 14, 26 }, // $
    { 9, 9, 149, 0, 8, 21, 40 }, // %
    { 9, 9, 134, 0, 8, 21, 61 }, // &
    { 3, 4, 48, 1, 8, 3, 82 }, // '
    { 5, 11, 67, 0, 9, 14, 85 }, // (
    { 5, 11, 67, -1, 9, 14, 99 }, // )
    { 6, 5, 103, 1, 8, 8, 113 }, // *
    { 6, 5, 93, 0, 6, 8, 121 }, // +
    { 4, 4, 51, -1, 2, 4, 129 }, // ,
    { 4, 2, 52, 0, 4, 2, 133 }, // -
    { 3, 3, 51, 0, 2, 3, 135 }, // .
    { 7, 10, 48, -2, 8, 18, 138 }, // /
    { 6, 9, 93, 0, 8, 14, 156 }, // 0
    { 5, 8, 86, 0, 8, 10, 170 }, // 1
    { 7, 8, 93, -1, 8, 14, 180 }, // 2
    { 7, 9, 93, -1, 8, 16, 194 }, // 3
    { 6, 8, 93, 0, 8, 12, 210 }, // 4
    { 6, 9, 93, 0, 8, 14, 222 }, // 5
    { 7, 9, 93, 0, 8, 16, 236 }, // 6
    { 7, 8, 93, 0, 8, 14, 252 }, // 7
    { 6, 9, 93, 0, 8, 14, 266 }, // 8
    { 6, 9, 93, 0, 8, 14, 280 }, // 9
    { 4, 7, 60, 0, 6, 7, 294 }, // :
    { 5, 8, 60, -1, 6, 10, 301 }, // ;
    { 6, 6, 93, 0, 7, 9, 311 }, // <
    { 6, 4, 93, 0, 6, 6, 320 }, // =
    { 6, 6, 93, 0, 7, 9, 326 }, // >
    { 5, 9, 89, 1, 8, 12, 335 }, // ?
    { 10, 10, 154, 0, 8, 25, 347 }, // @
    { 9, 8, 126, -1, 8, 18, 372 }, // A
    { 8, 8, 112, -1, 8, 16, 390 }, // B
    { 8, 9, 111, 0, 8, 18, 406 }, // C
    { 9, 8, 128, -1, 8, 18, 424 }, // D
    { 8, 8, 106, -1, 8, 16, 442 }, // E
    { 9, 8, 104, -1, 8, 18, 458 }, // F
    { 8, 9, 133, 0, 8, 18, 476 }, // G
    { 11, 8, 137, -1, 8, 22, 494 }, // H
    { 6, 8, 67, -1, 8, 12, 516 }, // I
    { 7, 11, 67, -2, 8, 20, 528 }, // J
    { 10, 8, 124, -1, 8, 20, 548 }, // K
    { 8, 8, 109, -1, 8, 16, 568 }, // L
    { 12, 8, 159, -1, 8, 24, 584 }, // M
    { 11, 8, 131, -1, 8, 22, 608 }, // N
    { 8, 9, 132, 0, 8, 18, 630 }, // O
    { 8, 8, 111, -1, 8, 16, 648 }, // P
    { 8, 11, 131, 0, 8, 22, 664 }, // Q
    { 9, 8, 118, -1, 8, 18, 686 }, // R
    { 7, 9, 98, 0, 8, 16, 704 }, // S
    { 8, 8, 109, 0, 8, 16, 720 }, // T
    { 8, 9, 125, 1, 8, 18, 736 }, // U
    { 9, 8, 116, 0, 8, 18, 754 }, // V
    { 13, 8, 178, 0, 8, 26, 772 }, // W
    { 10, 8, 122, -1, 8, 20, 798 }, // X
    { 9, 8, 116, 0, 8, 18, 818 }, // Y
    { 9, 8, 111, -1, 8, 18, 836 }, // Z
    { 6, 10, 69, 0, 8, 15, 854 }, // [
    { 2, 10, 48, 1, 8, 5, 869 }, // <backslash>
    { 6, 10, 69, -1, 8, 15, 874 }, // ]
    { 6, 6, 93, 0, 8, 9, 889 }, // ^
    { 6, 2, 77, -1, 0, 3, 898 }, // _
    { 3, 2, 56, 1, 8, 2, 901 }, // `
    { 7, 7, 111, 0, 6, 13, 903 }, // a
    { 7, 9, 104, 0, 8, 16, 916 }, // b
    { 6, 7, 88, 0, 6, 11, 932 }, // c
    { 7, 9, 111, 0, 8, 16, 943 }, // d
    { 6, 7, 89, 0, 6, 11, 959 }, // e
    { 8, 12, 67, -2, 9, 24, 970 }, // f
    { 8, 10, 97, -1, 7, 20, 994 }, // g
    { 7, 9, 109, 0, 8, 16, 1014 }, // h
    { 4, 10, 59, 0, 9, 10, 1030 }, // i
    { 6, 12, 56, -2, 9, 18, 1040 }, // j
    { 7, 8, 100, 0, 8, 14, 1058 }, // k
    { 4, 9, 59, 0, 8, 9, 1072 }, // l
    { 10, 7, 162, 0, 6, 18, 1081 }, // m
    { 7, 7, 112, 0, 6, 13, 1099 }, // n
    { 7, 7, 103, 0, 6, 13, 1112 }, // o
    { 8, 9, 104, -1, 6, 18, 1125 }, // p
    { 7, 9, 105, 0, 6, 16, 1143 }, // q
    { 6, 6, 92, 0, 6, 9, 1159 }, // r
    { 6, 7, 86, 0, 6, 11, 1168 }, // s
    { 5, 8, 70, 0, 7, 10, 1179 }, // t
    { 7, 7, 112, 0, 6, 13, 1189 }, // u
    { 6, 7, 98, 0, 6, 11, 1202 }, // v
    { 9, 7, 146, 0, 6, 16, 1213 }, // w
    { 8, 6, 101, -1, 6, 12, 1229 }, // x
    { 8, 9, 98, -2, 6, 18, 1241 }, // y
    { 6, 6, 93, 0, 6, 9, 1259 }, // z
    { 6, 10, 74, 0, 8, 15, 1268 }, // {
    { 2, 11, 93, 2, 8, 6, 1283 }, // |
    { 6, 10, 74, -1, 8, 15, 1289 }, // }
    { 6, 3, 93, 0, 5, 5, 1304 }, // ~
    { 0, 0, 43, 0, 0, 0, 0 }, // U+00A0
    { 4, 8, 66, 0, 6, 8, 0 }, // U+00A1
    { 6, 8, 93, 0, 8, 12, 8 }, // U+00A2
    { 8, 9, 93, -1, 8, 18, 20 }, // U+00A3
    { 6, 5, 93, 0, 6, 8, 38 }, // U+00A4
    { 7, 8, 93, 0, 8, 14, 46 }, // U+00A5
    { 2, 11, 93, 2, 8, 6, 60 }, // U+00A6
    { 6, 10, 91, 0, 8, 15, 66 }, // U+00A7
    { 5, 2, 96, 1, 8, 3, 81 }, // U+00A8
    { 9, 9, 141, 0, 8, 21, 84 }, // U+00A9
    { 5, 5, 72, 0, 8, 7, 105 }, // U+00AA
    { 6, 5, 92, 0, 5, 8, 112 }, // U+00AB
    { 6, 4, 93, 0, 5, 6, 120 }, // U+00AC
    { 4, 2, 52, 0, 4, 2, 126 }, // U+00AD
    { 9, 9, 141, 0, 8, 21, 128 }, // U+00AE
    { 6, 2, 77, 1, 9, 3, 149 }, // U+00AF
    { 4, 4, 67, 1, 8, 4, 152 }, // U+00B0
    { 6, 6, 93, 0, 6, 9, 156 }, // U+00B1
    { 5, 5, 67, 0, 9, 7, 165 }, // U+00B2
    { 5, 6, 67, 0, 9, 8, 172 }, // U+00B3
    { 4, 2, 54, 1, 8, 2, 180 }, // U+00B4
    { 8, 9, 113, -1, 6, 18, 182 }, // U+00B5
    { 7, 10, 105, 0, 8, 18, 200 }, // U+00B6
    { 3, 3, 51, 0, 5, 3, 218 }, // U+00B7
    { 3, 4, 56, 0, 1, 3, 221 }, // U+00B8
    { 4, 5, 67, 0, 9, 5, 224 }, // U+00B9
    { 5, 5, 68, 0, 8, 7, 229 }, // U+00BA
    { 6, 5, 92, 0, 5, 8, 236 }, // U+00BB
    { 9, 8, 147, 0, 8, 18, 244 }, // U+00BC
    { 9, 8, 147, 0, 8, 18, 262 }, // U+00BD
    { 9, 8, 147, 0, 8, 18, 280 }, // U+00BE
    { 5, 8, 89, 0, 6, 10, 298 }, // U+00BF
    { 9, 10, 126, -1, 10, 23, 308 }, // U+00C0
    { 9, 10, 126, -1, 10, 23, 331 }, // U+00C1
    { 9, 10, 126, -1, 10, 23, 354 }, // U+00C2
    { 9, 10, 126, -1, 10, 23, 377 }, // U+00C3
    { 9, 10, 126, -1, 10, 23, 400 }, // U+00C4
    { 9, 10, 126, -1, 10, 23, 423 }, // U+00C5
    { 12, 8, 166, -1, 8, 24, 446 }, // U+00C6
    { 8, 11, 111, 0, 8, 22, 470 }, // U+00C7
    { 8, 10, 106, -1, 10, 20, 492 }, // U+00C8
    { 8, 10, 106, -1, 10, 20, 512 }, // U+00C9
    { 8, 10, 106, -1, 10, 20, 532 }, // U+00CA
    { 8, 10, 106, -1, 10, 20, 552 }, // U+00CB
    { 6, 10, 67, -1, 10, 15, 572 }, // U+00CC
    { 7, 10, 67, -1, 10, 18, 587 }, // U+00CD
    { 7, 10, 67, -1, 10, 18, 605 }, // U+00CE
    { 7, 10, 67, -1, 10, 18, 623 }, // U+00CF
    { 9, 8, 128, -1, 8, 18, 641 }, // U+00D0
    { 11, 10, 131, -1, 10, 28, 659 }, // U+00D1
    { 8, 11, 132, 0, 10, 22, 687 }, // U+00D2
    { 8, 11, 132, 0, 10, 22, 709 }, // U+00D3
    { 8, 11, 132, 0, 10, 22, 731 }, // U+00D4
    { 8, 11, 132, 0, 10, 22, 753 }, // U+00D5
    { 8, 11, 132, 0, 10, 22, 775 }, // U+00D6
    { 5, 5, 93, 0, 6, 7, 797 }, // U+00D7
    { 8, 9, 132, 0, 8, 18, 804 }, // U+00D8
    { 8, 11, 125, 1, 10, 22, 822 }, // U+00D9
    { 8, 11, 125, 1, 10, 22, 844 }, // U+00DA
    { 8, 11, 125, 1, 10, 22, 866 }, // U+00DB
    { 8, 11, 125, 1, 10, 22, 888 }, // U+00DC
    { 9, 10, 116, 0, 10, 23, 910 }, // U+00DD
    { 8, 8, 106, -1, 8, 16, 933 }, // U+00DE
    { 9, 12, 116, -2, 9, 27, 949 }, // U+00DF
    { 7, 9, 111, 0, 8, 16, 976 }, // U+00E0
    { 7, 9, 111, 0, 8, 16, 992 }, // U+00E1
    { 7, 9, 111, 0, 8, 16, 1008 }, // U+00E2
    { 7, 9, 111, 0, 8, 16, 1024 }, // U+00E3
    { 7, 9, 111, 0, 8, 16, 1040 }, // U+00E4
    { 7, 10, 111, 0, 9, 18, 1056 }, // U+00E5
    { 10, 7, 147, 0, 6, 18, 1074 }, // U+00E6
    { 6, 9, 88, 0, 6, 14, 1092 }, // U+00E7
    { 6, 9, 89, 0, 8, 14, 1106 }, // U+00E8
    { 7, 9, 89, 0, 8, 16, 1120 }, // U+00E9
    { 6, 9, 89, 0, 8, 14, 1136 }, // U+00EA
    { 6, 9, 89, 0, 8, 14, 1150 }, // U+00EB
    { 4, 9, 59, 0, 8, 9, 1164 }, // U+00EC
    { 5, 9, 59, 0, 8, 12, 1173 }, // U+00ED
    { 5, 9, 59, 0, 8, 12, 1185 }, // U+00EE
    { 5, 9, 59, 0, 8, 12, 1197 }, // U+00EF
    { 6, 9, 103, 0, 8, 14, 1209 }, // U+00F0
    { 7, 9, 112, 0, 8, 16, 1223 }, // U+00F1
    { 7, 9, 103, 0, 8, 16, 1239 }, // U+00F2
    { 7, 9, 103, 0, 8, 16, 1255 }, // U+00F3
    { 7, 9, 103, 0, 8, 16, 1271 }, // U+00F4
    { 7, 9, 103, 0, 8, 16, 1287 }, // U+00F5
    { 7, 9, 103, 0, 8, 16, 1303 }, // U+00F6
    { 6, 6, 93, 0, 7, 9, 1319 }, // U+00F7
    { 7, 8, 103, 0, 7, 14, 1328 }, // U+00F8
    { 7, 9, 112, 0, 8, 16, 1342 }, // U+00F9
    { 7, 9, 112, 0, 8, 16, 1358 }, // U+00FA
    { 7, 9, 112, 0, 8, 16, 1374 }, // U+00FB
    { 7, 9, 112, 0, 8, 16, 1390 }, // U+00FC
    { 8, 11, 98, -2, 8, 22, 1406 }, // U+00FD
    { 8, 11, 104, -1, 8, 22, 1428 }, // U+00FE
    { 8, 11, 98, -2, 8, 22, 1450 }, // U+00FF
    { 9, 10, 126, -1, 10, 23, 0 }, // U+0100
    { 7, 9, 111, 0, 8, 16, 23 }, // U+0101
    { 9, 10, 126, -1, 10, 23, 39 }, // U+0102
    { 7, 9, 111, 0, 8, 16, 62 }, // U+0103
    { 9, 11, 126, -1, 8, 25, 78 }, // U+0104
    { 7, 9, 111, 0, 6, 16, 103 }, // U+0105
    { 8, 11, 111, 0, 10, 22, 119 }, // U+0106
    { 7, 9, 88, 0, 8, 16, 141 }, // U+0107
    { 8, 11, 111, 0, 10, 22, 157 }, // U+0108
    { 6, 9, 88, 0, 8, 14, 179 }, // U+0109
    { 8, 12, 111, 0, 11, 24, 193 }, // U+010A
    { 6, 10, 88, 0, 9, 15, 217 }, // U+010B
    { 8, 11, 111, 0, 10, 22, 232 }, // U+010C
    { 6, 9, 88, 0, 8, 14, 254 }, // U+010D
    { 9, 10, 128, -1, 10, 23, 268 }, // U+010E
    { 9, 9, 111, 0, 8, 21, 291 }, // U+010F
    { 9, 8, 128, -1, 8, 18, 312 }, // U+0110
    { 8, 9, 111, 0, 8, 18, 330 }, // U+0111
    { 8, 10, 106, -1, 10, 20, 348 }, // U+0112
    { 6, 9, 89, 0, 8, 14, 368 }, // U+0113
    { 8, 10, 106, -1, 10, 20, 382 }, // U+0114
    { 6, 9, 89, 0, 8, 14, 402 }, // U+0115
    { 8, 11, 106, -1, 11, 22, 416 }, // U+0116
    { 6, 10, 89, 0, 9, 15, 438 }, // U+0117
    { 8, 11, 106, -1, 8, 22, 453 }, // U+0118
    { 6, 9, 89, 0, 6, 14, 475 }, // U+0119
    { 8, 10, 106, -1, 10, 20, 489 }, // U+011A
    { 7, 9, 89, 0, 8, 16, 509 }, // U+011B
    { 8, 11, 133, 0, 10, 22, 525 }, // U+011C
    { 8, 11, 97, -1, 8, 22, 547 }, // U+011D
    { 8, 11, 133, 0, 10, 22, 569 }, // U+011E
    { 8, 11, 97, -1, 8, 22, 591 }, // U+011F
    { 8, 12, 133, 0, 11, 24, 613 }, // U+0120
    { 8, 12, 97, -1, 9, 24, 637 }, // U+0121
    { 8, 11, 133, 0, 8, 22, 661 }, // U+0122
    { 8, 11, 97, -1, 8, 22, 683 }, // U+0123
    { 11, 10, 137, -1, 10, 28, 705 }, // U+0124
    { 7, 11, 109, 0, 10, 20, 733 }, // U+0125
    { 11, 8, 137, -1, 8, 22, 753 }, // U+0126
    { 7, 9, 109, 0, 8, 16, 775 }, // U+0127
    { 7, 10, 67, -1, 10, 18, 791 }, // U+0128
    { 5, 9, 59, 0, 8, 12, 809 }, // U+0129
    { 6, 10, 67, -1, 10, 15, 821 }, // U+012A
    { 4, 9, 59, 0, 8, 9, 836 }, // U+012B
    { 7, 10, 67, -1, 10, 18, 845 }, // U+012C
    { 5, 9, 59, 0, 8, 12, 863 }, // U+012D
    { 6, 11, 67, -1, 8, 17, 875 }, // U+012E
    { 4, 12, 59, 0, 9, 12, 892 }, // U+012F
    { 6, 11, 67, -1, 11, 17, 904 }, // U+0130
    { 4, 7, 59, 0, 6, 7, 921 }, // U+0131
    { 11, 11, 134, -1, 8, 31, 928 }, // U+0132
    { 8, 12, 115, 0, 9, 24, 959 }, // U+0133
    { 8, 13, 67, -2, 10, 26, 983 }, // U+0134
    { 6, 11, 56, -2, 8, 17, 1009 }, // U+0135
    { 10, 11, 124, -1, 8, 28, 1026 }, // U+0136
    { 7, 11, 100, 0, 8, 20, 1054 }, // U+0137
    { 7, 6, 100, 0, 6, 11, 1074 }, // U+0138
    { 8, 10, 109, -1, 10, 20, 1085 }, // U+0139
    { 6, 11, 59, 0, 10, 17, 1105 }, // U+013A
    { 8, 11, 109, -1, 8, 22, 1122 }, // U+013B
    { 5, 11, 59, -1, 8, 14, 1144 }, // U+013C
    { 8, 8, 109, -1, 8, 16, 1158 }, // U+013D
    { 6, 9, 59, 0, 8, 14, 1174 }, // U+013E
    { 8, 8, 109, -1, 8, 16, 1188 }, // U+013F
    { 6, 9, 77, 0, 8, 14, 1204 }, // U+0140
    { 8, 8, 109, -1, 8, 16, 1218 }, // U+0141
    { 5, 9, 59, -1, 8, 12, 1234 }, // U+0142
    { 11, 10, 131, -1, 10, 28, 1246 }, // U+0143
    { 7, 9, 112, 0, 8, 16, 1274 }, // U+0144
    { 11, 11, 131, -1, 8, 31, 1290 }, // U+0145
    { 7, 9, 112, 0, 6, 16, 1321 }, // U+0146
    { 11, 10, 131, -1, 10, 28, 1337 }, // U+0147
    { 7, 9, 112, 0, 8, 16, 1365 }, // U+0148
    { 9, 9, 147, 0, 8, 21, 1381 }, // U+0149
    { 11, 11, 127, -1, 8, 31, 1402 }, // U+014A
    { 7, 9, 109, 0, 6, 16, 1433 }, // U+014B
    { 8, 11, 132, 0, 10, 22, 1449 }, // U+014C
    { 7, 9, 103, 0, 8, 16, 1471 }, // U+014D
    { 8, 11, 132, 0, 10, 22, 1487 }, // U+014E
    { 7, 9, 103, 0, 8, 16, 1509 }, // U+014F
    { 9, 11, 132, 0, 10, 25, 1525 }, // U+0150
    { 7, 9, 103, 0, 8, 16, 1550 }, // U+0151
    { 11, 9, 165, 0, 8, 25, 1566 }, // U+0152
    { 10, 7, 150, 0, 6, 18, 1591 }, // U+0153
    { 9, 10, 118, -1, 10, 23, 1609 }, // U+0154
    { 6, 8, 92, 0, 8, 12, 1632 }, // U+0155
    { 9, 11, 118, -1, 8, 25, 1644 }, // U+0156
    { 7, 9, 92, -1, 6, 16, 1669 }, // U+0157
    { 9, 10, 118, -1, 10, 23, 1685 }, // U+0158
    { 6, 8, 92, 0, 8, 12, 1708 }, // U+0159
    { 7, 11, 98, 0, 10, 20, 1720 }, // U+015A
    { 6, 9, 86, 0, 8, 14, 1740 }, // U+015B
    { 7, 11, 98, 0, 10, 20, 1754 }, // U+015C
    { 6, 9, 86, 0, 8, 14, 1774 }, // U+015D
    { 7, 11, 98, 0, 8, 20, 1788 }, // U+015E
    { 6, 9, 86, 0, 6, 14, 1808 }, // U+015F
    { 7, 11, 98, 0, 10, 20, 1822 }, // U+0160
    { 6, 9, 86, 0, 8, 14, 1842 }, // U+0161
    { 8, 11, 109, 0, 8, 22, 1856 }, // U+0162
    { 5, 10, 70, 0, 7, 13, 1878 }, // U+0163
    { 8, 10, 109, 0, 10, 20, 1891 }, // U+0164
    { 6, 9, 70, 0, 8, 14, 1911 }, // U+0165
    { 8, 8, 109, 0, 8, 16, 1925 }, // U+0166
    { 5, 8, 70, 0, 7, 10, 1941 }, // U+0167
    { 8, 11, 125, 1, 10, 22, 1951 }, // U+0168
    { 7, 9, 112, 0, 8, 16, 1973 }, // U+0169
    { 8, 11, 125, 1, 10, 22, 1989 }, // U+016A
    { 7, 9, 112, 0, 8, 16, 2011 }, // U+016B
    { 8, 11, 125, 1, 10, 22, 2027 }, // U+016C
    { 7, 9, 112, 0, 8, 16, 2049 }, // U+016D
    { 8, 12, 125, 1, 11, 24, 2065 }, // U+016E
    { 7, 10, 112, 0, 9, 18, 2089 }, // U+016F
    { 8, 11, 125, 1, 10, 22, 2107 }, // U+0170
    { 8, 9, 112, 0, 8, 18, 2129 }, // U+0171
    { 8, 11, 125, 1, 8, 22, 2147 }, // U+0172
    { 7, 9, 112, 0, 6, 16, 2169 }, // U+0173
    { 13, 10, 178, 0, 10, 33, 2185 }, // U+0174
    { 9, 9, 146, 0, 8, 21, 2218 }, // U+0175
    { 9, 10, 116, 0, 10, 23, 2239 }, // U+0176
    { 8, 11, 98, -2, 8, 22, 2262 }, // U+0177
    { 9, 10, 116, 0, 10, 23, 2284 }, // U+0178
    { 9, 10, 111, -1, 10, 23, 2307 }, // U+0179
    { 6, 8, 93, 0, 8, 12, 2330 }, // U+017A
    { 9, 11, 111, -1, 11, 25, 2342 }, // U+017B
    { 6, 9, 93, 0, 9, 14, 2367 }, // U+017C
    { 9, 10, 111, -1, 10, 23, 2381 }, // U+017D
    { 6, 8, 93, 0, 8, 12, 2404 }, // U+017E
    { 8, 12, 67, -2, 9, 24, 2416 }, // U+017F
    { 10, 10, 141, 0, 9, 25, 0 }, // U+01A0
    { 8, 8, 112, 0, 7, 16, 25 }, // U+01A1
    { 9, 10, 142, 1, 9, 23, 41 }, // U+01AF
    { 9, 8, 130, 0, 7, 18, 64 }, // U+01B0
    { 17, 10, 239, -1, 10, 43, 82 }, // U+01C4
    { 15, 8, 221, -1, 8, 30, 125 }, // U+01C5
    { 13, 9, 204, 0, 8, 30, 155 }, // U+01C6
    { 13, 11, 176, -1, 8, 36, 185 }, // U+01C7
    { 12, 12, 165, -1, 9, 36, 221 }, // U+01C8
    { 8, 12, 115, 0, 9, 24, 257 }, // U+01C9
    { 15, 11, 198, -1, 8, 42, 281 }, // U+01CA
    { 13, 12, 188, -1, 9, 39, 323 }, // U+01CB
    { 11, 12, 168, 0, 9, 33, 362 }, // U+01CC
    { 9, 10, 126, -1, 10, 23, 395 }, // U+01CD
    { 7, 9, 111, 0, 8, 16, 418 }, // U+01CE
    { 7, 10, 67, -1, 10, 18, 434 }, // U+01CF
    { 5, 9, 59, 0, 8, 12, 452 }, // U+01D0
    { 8, 11, 132, 0, 10, 22, 464 }, // U+01D1
    { 7, 9, 103, 0, 8, 16, 486 }, // U+01D2
    { 8, 11, 125, 1, 10, 22, 502 }, // U+01D3
    { 7, 9, 112, 0, 8, 16, 524 }, // U+01D4
    { 8, 12, 125, 1, 11, 24, 540 }, // U+01D5
    { 7, 10, 112, 0, 9, 18, 564 }, // U+01D6
    { 8, 12, 125, 1, 11, 24, 582 }, // U+01D7
    { 7, 11, 112, 0, 10, 20, 606 }, // U+01D8
    { 8, 12, 125, 1, 11, 24, 626 }, // U+01D9
    { 7, 11, 112, 0, 10, 20, 650 }, // U+01DA
    { 8, 12, 125, 1, 11, 24, 670 }, // U+01DB
    { 7, 11, 112, 0, 10, 20, 694 }, // U+01DC
    { 6, 7, 94, 0, 6, 11, 714 }, // U+01DD
    { 9, 11, 126, -1, 11, 25, 725 }, // U+01DE
    { 7, 10, 111, 0, 9, 18, 750 }, // U+01DF
    { 9, 11, 126, -1, 11, 25, 768 }, // U+01E0
    { 7, 10, 111, 0, 9, 18, 793 }, // U+01E1
    { 12, 10, 166, -1, 10, 30, 811 }, // U+01E2
    { 10, 9, 147, 0, 8, 23, 841 }, // U+01E3
    { 8, 9, 133, 0, 8, 18, 864 }, // U+01E4
    { 8, 10, 97, -1, 7, 20, 882 }, // U+01E5
    { 8, 11, 133, 0, 10, 22, 902 }, // U+01E6
    { 8, 11, 97, -1, 8, 22, 924 }, // U+01E7
    { 10, 10, 124, -1, 10, 25, 946 }, // U+01E8
    { 7, 10, 100, 0, 10, 18, 971 }, // U+01E9
    { 8, 11, 132, 0, 8, 22, 989 }, // U+01EA
    { 7, 9, 103, 0, 6, 16, 1011 }, // U+01EB
    { 8, 13, 132, 0, 10, 26, 1027 }, // U+01EC
    { 7, 11, 103, 0, 8, 20, 1053 }, // U+01ED
    { 7, 11, 101, 0, 10, 20, 1073 }, // U+01EE
    { 7, 11, 93, -1, 8, 20, 1093 }, // U+01EF
    { 7, 11, 56, -2, 8, 20, 1113 }, // U+01F0
    { 17, 8, 239, -1, 8, 34, 1133 }, // U+01F1
    { 15, 8, 221, -1, 8, 30, 1167 }, // U+01F2
    { 13, 9, 204, 0, 8, 30, 1197 }, // U+01F3
    { 8, 11, 133, 0, 10, 22, 1227 }, // U+01F4
    { 8, 11, 97, -1, 8, 22, 1249 }, // U+01F5
    { 14, 9, 190, -1, 8, 32, 1271 }, // U+01F6
    { 9, 11, 125, -1, 8, 25, 1303 }, // U+01F7
    { 11, 10, 131, -1, 10, 28, 1328 }, // U+01F8
    { 7, 9, 112, 0, 8, 16, 1356 }, // U+01F9
    { 9, 11, 126, -1, 11, 25, 1372 }, // U+01FA
    { 7, 11, 111, 0, 10, 20, 1397 }, // U+01FB
    { 12, 10, 166, -1, 10, 30, 1417 }, // U+01FC
    { 10, 9, 147, 0, 8, 23, 1447 }, // U+01FD
    { 8, 11, 132, 0, 10, 22, 1470 }, // U+01FE
    { 7, 9, 103, 0, 8, 16, 1492 }, // U+01FF
    { 9, 10, 126, -1, 10, 23, 1508 }, // U+0200
    { 7, 9, 111, 0, 8, 16, 1531 }, // U+0201
    { 9, 10, 126, -1, 10, 23, 1547 }, // U+0202
    { 7, 9, 111, 0, 8, 16, 1570 }, // U+0203
    { 8, 10, 106, -1, 10, 20, 1586 }, // U+0204
    { 6, 9, 89, 0, 8, 14, 1606 }, // U+0205
    { 8, 10, 106, -1, 10, 20, 1620 }, // U+0206
    { 6, 9, 89, 0, 8, 14, 1640 }, // U+0207
    { 6, 10, 67, -1, 10, 15, 1654 }, // U+0208
    { 5, 9, 59, -1, 8, 12, 1669 }, // U+0209
    { 7, 10, 67, -1, 10, 18, 1681 }, // U+020A
    { 5, 9, 59, 0, 8, 12, 1699 }, // U+020B
    { 8, 11, 132, 0, 10, 22, 1711 }, // U+020C
    { 7, 9, 103, 0, 8, 16, 1733 }, // U+020D
    { 8, 11, 132, 0, 10, 22, 1749 }, // U+020E
    { 7, 9, 103, 0, 8, 16, 1771 }, // U+020F
    { 9, 10, 118, -1, 10, 23, 1787 }, // U+0210
    { 6, 8, 92, 0, 8, 12, 1810 }, // U+0211
    { 9, 10, 118, -1, 10, 23, 1822 }, // U+0212
    { 6, 8, 92, 0, 8, 12, 1845 }, // U+0213
    { 8, 11, 125, 1, 10, 22, 1857 }, // U+0214
    { 7, 9, 112, 0, 8, 16, 1879 }, // U+0215
    { 8, 11, 125, 1, 10, 22, 1895 }, // U+0216
    { 7, 9, 112, 0, 8, 16, 1917 }, // U+0217
    { 7, 11, 98, 0, 8, 20, 1933 }, // U+0218
    { 6, 9, 86, 0, 6, 14, 1953 }, // U+0219
    { 8, 11, 109, 0, 8, 22, 1967 }, // U+021A
    { 5, 10, 70, 0, 7, 13, 1989 }, // U+021B
    { 8, 10, 102, -1, 8, 20, 2002 }, // U+021C
    { 6, 9, 85, -1, 6, 14, 2022 }, // U+021D
    { 11, 10, 137, -1, 10, 28, 2036 }, // U+021E
    { 7, 11, 109, 0, 10, 20, 2064 }, // U+021F
    { 3, 2, 0, -5, 8, 2, 0 }, // U+0300
    { 4, 2, 0, -4, 8, 2, 2 }, // U+0301
    { 5, 2, 0, -2, 8, 3, 4 }, // U+0302
    { 5, 2, 0, -5, 8, 3, 7 }, // U+0303
    { 4, 2, 0, -1, 8, 2, 10 }, // U+0304
    { 4, 2, 0, -1, 10, 2, 12 }, // U+0305
    { 4, 2, 0, -1, 8, 2, 14 }, // U+0306
    { 2, 3, 0, 0, 9, 2, 16 }, // U+0307
    { 4, 2, 0, -1, 8, 2, 18 }, // U+0308
    { 3, 3, 0, -4, 9, 3, 20 }, // U+0309
    { 4, 3, 0, -1, 9, 3, 23 }, // U+030A
    { 6, 2, 0, -2, 8, 3, 26 }, // U+030B
    { 5, 2, 0, -1, 8, 3, 29 }, // U+030C
    { 2, 2, 0, 0, 8, 1, 32 }, // U+030D
    { 4, 2, 0, -1, 8, 2, 33 }, // U+030E
    { 5, 2, 0, -5, 8, 3, 35 }, // U+030F
    { 4, 4, 0, -1, 10, 4, 38 }, // U+0310
    { 4, 2, 0, -1, 8, 2, 42 }, // U+0311
    { 3, 4, 0, -1, 8, 3, 44 }, // U+0312
    { 3, 4, 0, -1, 8, 3, 47 }, // U+0313
    { 3, 4, 0, -1, 8, 3, 50 }, // U+0314
    { 3, 4, 0, -1, 8, 3, 53 }, // U+0315
    { 4, 2, 0, -3, -1, 2, 56 }, // U+0316
    { 4, 2, 0, -3, -1, 2, 58 }, // U+0317
    { 3, 3, 0, -2, 0, 3, 60 }, // U+0318
    { 3, 3, 0, -2, 0, 3, 63 }, // U+0319
    { 4, 3, 62, 1, 8, 3, 66 }, // U+031A
    { 3, 4, 0, -1, 9, 3, 69 }, // U+031B
    { 3, 3, 0, -2, 0, 3, 72 }, // U+031C
    { 3, 3, 0, -2, 0, 3, 75 }, // U+031D
    { 3, 3, 0, -2, 0, 3, 78 }, // U+031E
    { 3, 3, 0, -2, 0, 3, 81 }, // U+031F
    { 4, 1, 0, -3, -1, 1, 84 }, // U+0320
    { 3, 4, 0, -3, 1, 3, 85 }, // U+0321
    { 3, 4, 0, -2, 1, 3, 88 }, // U+0322
    { 2, 3, 0, -5, 0, 2, 91 }, // U+0323
    { 5, 2, 0, -3, 0, 3, 93 }, // U+0324
    { 3, 3, 0, -2, 0, 3, 96 }, // U+0325
    { 3, 3, 0, -2, 0, 3, 99 }, // U+0326
    { 3, 4, 0, -2, 1, 3, 102 }, // U+0327
    { 3, 3, 0, -2, 0, 3, 105 }, // U+0328
    { 2, 2, 0, -2, 0, 1, 108 }, // U+0329
    { 5, 3, 0, -3, 0, 4, 109 }, // U+032A
    { 5, 2, 0, -3, 0, 3, 113 }, // U+032B
    { 5, 2, 0, -3, -1, 3, 116 }, // U+032C
    { 4, 2, 0, -3, -1, 2, 119 }, // U+032D
    { 5, 2, 0, -3, 0, 3, 121 }, // U+032E
    { 4, 2, 0, -3, 0, 2, 124 }, // U+032F
    { 5, 2, 0, -3, -1, 3, 126 }, // U+0330
    { 4, 2, 0, -3, 0, 2, 129 }, // U+0331
    { 6, 2, 0, -6, 0, 3, 131 }, // U+0332
    { 6, 3, 0, -6, 0, 5, 134 }, // U+0333
    { 5, 2, 0, -2, 4, 3, 139 }, // U+0334
    { 6, 2, 0, -3, 4, 3, 142 }, // U+0335
    { 8, 2, 0, -4, 4, 4, 145 }, // U+0336
    { 6, 4, 0, -3, 5, 6, 149 }, // U+0337
    { 7, 10, 0, -3, 9, 18, 155 }, // U+0338
    { 3, 3, 0, -2, 0, 3, 173 }, // U+0339
    { 5, 3, 0, -3, 0, 4, 176 }, // U+033A
    { 5, 3, 0, -3, 0, 4, 180 }, // U+033B
    { 5, 2, 0, -3, 0, 3, 184 }, // U+033C
    { 3, 2, 0, -1, 8, 2, 187 }, // U+033D
    { 2, 5, 0, 0, 10, 3, 189 }, // U+033E
    { 6, 3, 0, -2, 10, 5, 192 }, // U+033F
    { 3, 2, 0, -1, 8, 2, 197 }, // U+0340
    { 4, 2, 0, -1, 8, 2, 199 }, // U+0341
    { 5, 2, 0, -2, 8, 3, 201 }, // U+0342
    { 3, 3, 0, 0, 9, 3, 204 }, // U+0343
    { 6, 3, 0, -2, 9, 5, 207 }, // U+0344
    { 3, 3, 0, -1, 0, 3, 212 }, // U+0345
    { 5, 3, 0, -2, 9, 4, 215 }, // U+0346
    { 6, 3, 0, -4, 0, 5, 219 }, // U+0347
    { 4, 2, 0, -3, 0, 2, 224 }, // U+0348
    { 3, 3, 0, -2, 0, 3, 226 }, // U+0349
    { 6, 4, 0, -2, 9, 6, 229 }, // U+034A
    { 6, 6, 0, -2, 11, 9, 235 }, // U+034B
    { 6, 4, 0, -2, 10, 6, 244 }, // U+034C
    { 4, 3, 0, -3, 0, 3, 250 }, // U+034D
    { 3, 3, 0, -2, 0, 3, 253 }, // U+034E
    { 8, 8, 0, -4, 8, 16, 256 }, // U+034F
    { 3, 4, 0, -1, 9, 3, 272 }, // U+0350
    { 2, 3, 0, 0, 9, 2, 275 }, // U+0351
    { 4, 4, 0, -1, 10, 4, 277 }, // U+0352
    { 3, 3, 0, -2, 0, 3, 281 }, // U+0353
    { 3, 3, 0, -2, 0, 3, 284 }, // U+0354
    { 3, 3, 0, -2, 0, 3, 287 }, // U+0355
    { 5, 3, 0, -3, 0, 4, 290 }, // U+0356
    { 3, 3, 0, -1, 9, 3, 294 }, // U+0357
    { 3, 3, 0, 1, 9, 3, 297 }, // U+0358
    { 4, 3, 0, -2, 0, 3, 300 }, // U+0359
    { 4, 3, 0, -3, 0, 3, 303 }, // U+035A
    { 3, 3, 0, -1, 9, 3, 306 }, // U+035B
    { 9, 3, 0, -5, 0, 7, 309 }, // U+035C
    { 9, 3, 0, -3, 9, 7, 316 }, // U+035D
    { 7, 2, 0, -3, 8, 4, 323 }, // U+035E
    { 8, 2, 0, -5, 0, 4, 327 }, // U+035F
    { 10, 2, 0, -4, 8, 5, 331 }, // U+0360
    { 10, 3, 0, -4, 9, 8, 336 }, // U+0361
    { 8, 3, 0, -5, 0, 6, 344 }, // U+0362
    { 4, 3, 0, -1, 9, 3, 350 }, // U+0363
    { 4, 3, 0, -1, 9, 3, 353 }, // U+0364
    { 2, 4, 0, 0, 10, 2, 356 }, // U+0365
    { 4, 3, 0, -1, 9, 3, 358 }, // U+0366
    { 4, 3, 0, -1, 9, 3, 361 }, // U+0367
    { 4, 3, 0, -1, 9, 3, 364 }, // U+0368
    { 4, 4, 0, -1, 10, 4, 367 }, // U+0369
    { 4, 4, 0, -1, 10, 4, 371 }, // U+036A
    { 6, 3, 0, -2, 9, 5, 375 }, // U+036B
    { 4, 3, 0, -1, 9, 3, 380 }, // U+036C
    { 3, 4, 0, 0, 10, 3, 383 }, // U+036D
    { 4, 3, 0, -1, 9, 3, 386 }, // U+036E
    { 4, 3, 0, -1, 9, 3, 389 }, // U+036F
    { 8, 10, 109, -1, 10, 20, 0 }, // U+0400
    { 8, 10, 109, -1, 10, 20, 20 }, // U+0401
    { 9, 8, 137, 0, 8, 18, 40 }, // U+0402
    { 8, 10, 99, -1, 10, 20, 58 }, // U+0403
    { 8, 9, 110, 0, 8, 18, 78 }, // U+0404
    { 7, 9, 98, -1, 8, 16, 96 }, // U+0405
    { 6, 8, 67, -1, 8, 12, 112 }, // U+0406
    { 7, 10, 67, -1, 10, 18, 124 }, // U+0407
    { 7, 11, 66, -2, 8, 20, 142 }, // U+0408
    { 11, 9, 162, -1, 8, 25, 162 }, // U+0409
    { 12, 8, 172, -1, 8, 24, 187 }, // U+040A
    { 9, 8, 148, 0, 8, 18, 211 }, // U+040B
    { 10, 10, 122, -1, 10, 25, 229 }, // U+040C
    { 11, 10, 137, -1, 10, 28, 254 }, // U+040D
    { 9, 11, 117, 0, 10, 25, 282 }, // U+040E
    { 11, 10, 134, -1, 8, 28, 307 }, // U+040F
    { 9, 8, 125, -1, 8, 18, 335 }, // U+0410
    { 8, 8, 106, -1, 8, 16, 353 }, // U+0411
    { 8, 8, 113, -1, 8, 16, 369 }, // U+0412
    { 8, 8, 99, -1, 8, 16, 385 }, // U+0413
    { 10, 10, 128, -1, 8, 25, 401 }, // U+0414
    { 8, 8, 109, -1, 8, 16, 426 }, // U+0415
    { 13, 8, 173, -1, 8, 26, 442 }, // U+0416
    { 8, 9, 104, -1, 8, 18, 468 }, // U+0417
    { 11, 8, 138, -1, 8, 22, 486 }, // U+0418
    { 11, 10, 138, -1, 10, 28, 508 }, // U+0419
    { 10, 8, 122, -1, 8, 20, 536 }, // U+041A
    { 10, 9, 125, -1, 8, 23, 556 }, // U+041B
    { 12, 8, 162, -1, 8, 24, 579 }, // U+041C
    { 11, 8, 136, -1, 8, 22, 603 }, // U+041D
    { 8, 9, 128, 0, 8, 18, 625 }, // U+041E
    { 11, 8, 134, -1, 8, 22, 643 }, // U+041F
    { 8, 8, 106, -1, 8, 16, 665 }, // U+0420
    { 8, 9, 110, 0, 8, 18, 681 }, // U+0421
    { 8, 8, 110, 0, 8, 16, 699 }, // U+0422
    { 9, 9, 117, 0, 8, 21, 715 }, // U+0423
    { 10, 9, 157, 0, 8, 23, 736 }, // U+0424
    { 10, 8, 122, -1, 8, 20, 759 }, // U+0425
    { 11, 10, 135, -1, 8, 28, 779 }, // U+0426
    { 9, 8, 131, 0, 8, 18, 807 }, // U+0427
    { 14, 8, 190, -1, 8, 28, 825 }, // U+0428
    { 14, 10, 191, -1, 8, 35, 853 }, // U+0429
    { 8, 8, 123, 0, 8, 16, 888 }, // U+042A
    { 12, 8, 163, -1, 8, 24, 904 }, // U+042B
    { 8, 8, 106, -1, 8, 16, 928 }, // U+042C
    { 8, 9, 110, -1, 8, 18, 944 }, // U+042D
    { 13, 9, 180, -1, 8, 30, 962 }, // U+042E
    { 10, 8, 118, -1, 8, 20, 992 }, // U+042F
    { 7, 7, 104, 0, 6, 13, 1012 }, // U+0430
    { 7, 10, 102, 0, 9, 18, 1025 }, // U+0431
    { 6, 7, 95, 0, 6, 11, 1043 }, // U+0432
    { 5, 7, 80, 0, 6, 9, 1054 }, // U+0433
    { 6, 10, 100, 0, 9, 15, 1063 }, // U+0434
    { 6, 7, 89, 0, 6, 11, 1078 }, // U+0435
    { 12, 7, 171, -1, 6, 21, 1089 }, // U+0436
    { 5, 7, 85, 0, 6, 9, 1110 }, // U+0437
    { 7, 7, 108, 0, 6, 13, 1119 }, // U+0438
    { 7, 10, 108, 0, 9, 18, 1132 }, // U+0439
    { 7, 6, 102, 0, 6, 11, 1150 }, // U+043A
    { 8, 7, 103, -1, 6, 14, 1161 }, // U+043B
    { 10, 7, 144, -1, 6, 18, 1175 }, // U+043C
    { 7, 7, 108, 0, 6, 13, 1193 }, // U+043D
    { 6, 7, 100, 0, 6, 11, 1206 }, // U+043E
    { 7, 7, 108, 0, 6, 13, 1217 }, // U+043F
    { 8, 9, 104, -1, 6, 18, 1230 }, // U+0440
    { 6, 7, 87, 0, 6, 11, 1248 }, // U+0441
    { 10, 7, 158, 0, 6, 18, 1259 }, // U+0442
    { 7, 9, 97, -1, 6, 16, 1277 }, // U+0443
    { 9, 12, 139, 0, 9, 27, 1293 }, // U+0444
    { 8, 6, 99, -1, 6, 12, 1320 }, // U+0445
    { 7, 9, 108, 0, 6, 16, 1332 }, // U+0446
    { 7, 7, 102, 0, 6, 13, 1348 }, // U+0447
    { 10, 7, 159, 0, 6, 18, 1361 }, // U+0448
    { 10, 9, 159, 0, 6, 23, 1379 }, // U+0449
    { 6, 7, 98, 0, 6, 11, 1402 }, // U+044A
    { 9, 7, 143, 0, 6, 16, 1413 }, // U+044B
    { 6, 7, 96, 0, 6, 11, 1429 }, // U+044C
    { 6, 7, 88, 0, 6, 11, 1440 }, // U+044D
    { 9, 7, 144, 0, 6, 16, 1451 }, // U+044E
    { 8, 7, 105, -1, 6, 14, 1467 }, // U+044F
    { 6, 9, 89, 0, 8, 14, 1481 }, // U+0450
    { 6, 9, 89, 0, 8, 14, 1495 }, // U+0451
    { 7, 11, 103, 0, 8, 20, 1509 }, // U+0452
    { 6, 9, 80, 0, 8, 14, 1529 }, // U+0453
    { 6, 7, 87, 0, 6, 11, 1543 }, // U+0454
    { 6, 7, 80, -1, 6, 11, 1554 }, // U+0455
    { 4, 10, 55, 0, 9, 10, 1565 }, // U+0456
    { 5, 10, 55, 0, 9, 13, 1575 }, // U+0457
    { 6, 12, 53, -2, 9, 18, 1588 }, // U+0458
    { 10, 7, 142, -1, 6, 18, 1606 }, // U+0459
    { 9, 7, 148, 0, 6, 16, 1624 }, // U+045A
    { 7, 9, 108, 0, 8, 16, 1640 }, // U+045B
    { 7, 8, 102, 0, 8, 14, 1656 }, // U+045C
    { 7, 9, 108, 0, 8, 16, 1670 }, // U+045D
    { 7, 12, 97, -1, 9, 21, 1686 }, // U+045E
    { 7, 9, 108, 0, 6, 16, 1707 }, // U+045F
    { 11, 8, 171, 0, 8, 22, 1723 }, // U+0460
    { 9, 6, 137, 0, 6, 14, 1745 }, // U+0461
    { 7, 8, 119, 0, 8, 14, 1759 }, // U+0462
    { 9, 7, 149, 0, 6, 16, 1773 }, // U+0463
    { 13, 9, 172, -1, 8, 30, 1789 }, // U+0464
    { 9, 7, 140, 0, 6, 16, 1819 }, // U+0465
    { 9, 8, 132, -1, 8, 18, 1835 }, // U+0466
    { 8, 6, 108, -1, 6, 12, 1853 }, // U+0467
    { 13, 8, 194, -1, 8, 26, 1865 }, // U+0468
    { 10, 6, 159, 0, 6, 15, 1891 }, // U+0469
    { 10, 8, 150, -1, 8, 20, 1906 }, // U+046A
    { 9, 6, 131, -1, 6, 14, 1926 }, // U+046B
    { 14, 8, 214, -1, 8, 28, 1940 }, // U+046C
    { 11, 6, 181, 0, 6, 17, 1968 }, // U+046D
    { 8, 12, 101, -1, 9, 24, 1985 }, // U+046E
    { 7, 10, 86, -1, 7, 18, 2009 }, // U+046F
    { 11, 8, 163, 1, 8, 22, 2027 }, // U+0470
    { 8, 11, 120, 0, 8, 22, 2049 }, // U+0471
    { 8, 9, 132, 0, 8, 18, 2071 }, // U+0472
    { 7, 7, 103, 0, 6, 13, 2089 }, // U+0473
    { 9, 8, 124, 0, 8, 18, 2102 }, // U+0474
    { 7, 7, 105, 0, 6, 13, 2120 }, // U+0475
    { 9, 10, 124, 0, 10, 23, 2133 }, // U+0476
    { 7, 9, 105, 0, 8, 16, 2156 }, // U+0477
    { 14, 11, 217, 0, 8, 39, 2172 }, // U+0478
    { 12, 9, 186, 0, 6, 27, 2211 }, // U+0479
    { 9, 10, 139, 0, 9, 23, 2238 }, // U+047A
    { 7, 8, 108, 0, 7, 14, 2261 }, // U+047B
    { 12, 13, 191, 0, 12, 39, 2275 }, // U+047C
    { 10, 11, 161, 0, 10, 28, 2314 }, // U+047D
    { 11, 10, 171, 0, 10, 28, 2342 }, // U+047E
    { 9, 8, 137, 0, 8, 18, 2370 }, // U+047F
    { 8, 11, 111, 0, 8, 22, 2388 }, // U+0480
    { 6, 9, 88, 0, 6, 14, 2410 }, // U+0481
    { 6, 8, 102, 0, 7, 12, 2424 }, // U+0482
    { 5, 3, 0, -2, 8, 4, 2436 }, // U+0483
    { 5, 2, 0, -2, 8, 3, 2440 }, // U+0484
    { 2, 3, 0, 0, 9, 2, 2443 }, // U+0485
    { 2, 3, 0, 0, 9, 2, 2445 }, // U+0486
    { 6, 3, 0, -2, 10, 5, 2447 }, // U+0487
    { 14, 12, 0, -7, 9, 42, 2452 }, // U+0488
    { 14, 14, 0, -7, 10, 49, 2494 }, // U+0489
    { 11, 13, 140, -1, 10, 36, 2543 }, // U+048A
    { 7, 12, 112, 0, 9, 21, 2579 }, // U+048B
    { 8, 8, 111, -1, 8, 16, 2600 }, // U+048C
    { 6, 8, 99, 0, 7, 12, 2616 }, // U+048D
    { 8, 8, 111, -1, 8, 16, 2628 }, // U+048E
    { 8, 9, 104, -1, 6, 18, 2644 }, // U+048F
    { 8, 9, 90, -1, 9, 18, 2662 }, // U+0490
    { 6, 7, 80, 0, 7, 11, 2680 }, // U+0491
    { 8, 8, 99, -1, 8, 16, 2691 }, // U+0492
    { 6, 6, 85, 0, 6, 9, 2707 }, // U+0493
    { 8, 11, 120, -1, 8, 22, 2716 }, // U+0494
    { 6, 9, 100, 0, 6, 14, 2738 }, // U+0495
    { 13, 11, 177, -1, 8, 36, 2752 }, // U+0496
    { 13, 9, 196, 0, 6, 30, 2788 }, // U+0497
    { 7, 11, 102, 0, 8, 20, 2818 }, // U+0498
    { 6, 9, 87, 0, 6, 14, 2838 }, // U+0499
    { 10, 11, 126, -1, 8, 28, 2852 }, // U+049A
    { 7, 9, 101, 0, 6, 16, 2880 }, // U+049B
    { 10, 8, 130, -1, 8, 20, 2896 }, // U+049C
    { 7, 7, 110, 0, 6, 13, 2916 }, // U+049D
    { 10, 8, 124, -1, 8, 20, 2929 }, // U+049E
    { 7, 9, 101, 0, 8, 16, 2949 }, // U+049F
    { 10, 8, 142, 0, 8, 20, 2965 }, // U+04A0
    { 8, 7, 123, 0, 6, 14, 2985 }, // U+04A1
    { 11, 11, 137, -1, 8, 31, 2999 }, // U+04A2
    { 7, 9, 114, 0, 6, 16, 3030 }, // U+04A3
    { 12, 8, 156, -1, 8, 24, 3046 }, // U+04A4
    { 9, 7, 136, 0, 6, 16, 3070 }, // U+04A5
    { 13, 11, 188, -1, 8, 36, 3086 }, // U+04A6
    { 9, 9, 153, 0, 6, 21, 3122 }, // U+04A7
    { 9, 9, 140, 0, 8, 21, 3143 }, // U+04A8
    { 7, 7, 114, 0, 6, 13, 3164 }, // U+04A9
    { 8, 11, 111, 0, 8, 22, 3177 }, // U+04AA
    { 6, 9, 88, 0, 6, 14, 3199 }, // U+04AB
    { 8, 11, 109, 0, 8, 22, 3213 }, // U+04AC
    { 10, 9, 162, 0, 6, 23, 3235 }, // U+04AD
    { 9, 8, 116, 0, 8, 18, 3258 }, // U+04AE
    { 6, 9, 98, 0, 6, 14, 3276 }, // U+04AF
    { 9, 8, 116, 0, 8, 18, 3290 }, // U+04B0
    { 6, 9, 98, 0, 6, 14, 3308 }, // U+04B1
    { 10, 11, 125, -1, 8, 28, 3322 }, // U+04B2
    { 8, 9, 101, -1, 6, 18, 3350 }, // U+04B3
    { 11, 11, 164, 0, 8, 31, 3368 }, // U+04B4
    { 9, 9, 133, 0, 6, 21, 3399 }, // U+04B5
    { 9, 11, 126, 0, 8, 25, 3420 }, // U+04B6
    { 7, 9, 109, 0, 6, 16, 3445 }, // U+04B7
    { 9, 8, 131, 0, 8, 18, 3461 }, // U+04B8
    { 7, 7, 102, 0, 6, 13, 3479 }, // U+04B9
    { 9, 8, 130, -1, 8, 18, 3492 }, // U+04BA
    { 7, 9, 109, 0, 8, 16, 3510 }, // U+04BB
    { 9, 9, 137, 0, 8, 21, 3526 }, // U+04BC
    { 7, 7, 111, 0, 6, 13, 3547 }, // U+04BD
    { 9, 11, 137, 0, 8, 25, 3560 }, // U+04BE
    { 7, 9, 111, 0, 6, 16, 3585 }, // U+04BF
    { 6, 8, 67, -1, 8, 12, 3601 }, // U+04C0
    { 13, 11, 173, -1, 11, 36, 3613 }, // U+04C1
    { 12, 10, 171, -1, 9, 30, 3649 }, // U+04C2
    { 10, 11, 121, -1, 8, 28, 3679 }, // U+04C3
    { 7, 9, 103, 0, 6, 16, 3707 }, // U+04C4
    { 10, 11, 123, -1, 8, 28, 3723 }, // U+04C5
    { 7, 9, 114, 0, 6, 16, 3751 }, // U+04C6
    { 11, 11, 137, -1, 8, 31, 3767 }, // U+04C7
    { 7, 9, 111, 0, 6, 16, 3798 }, // U+04C8
    { 11, 11, 140, -1, 8, 31, 3814 }, // U+04C9
    { 7, 9, 114, 0, 6, 16, 3845 }, // U+04CA
    { 9, 11, 126, 0, 8, 25, 3861 }, // U+04CB
    { 7, 9, 109, 0, 6, 16, 3886 }, // U+04CC
    { 12, 11, 162, -1, 8, 33, 3902 }, // U+04CD
    { 10, 9, 158, 0, 6, 23, 3935 }, // U+04CE
    { 6, 8, 67, -1, 8, 12, 3958 }, // U+04CF
    { 9, 11, 126, -1, 11, 25, 3970 }, // U+04D0
    { 7, 10, 111, 0, 9, 18, 3995 }, // U+04D1
    { 9, 10, 126, -1, 10, 23, 4013 }, // U+04D2
    { 7, 9, 111, 0, 8, 16, 4036 }, // U+04D3
    { 12, 8, 166, -1, 8, 24, 4052 }, // U+04D4
    { 10, 7, 147, 0, 6, 18, 4076 }, // U+04D5
    { 8, 11, 106, -1, 11, 22, 4094 }, // U+04D6
    { 6, 10, 89, 0, 9, 15, 4116 }, // U+04D7
    { 8, 9, 117, 0, 8, 18, 4131 }, // U+04D8
    { 6, 7, 94, 0, 6, 11, 4149 }, // U+04D9
    { 8, 11, 117, 0, 10, 22, 4160 }, // U+04DA
    { 6, 9, 94, 0, 8, 14, 4182 }, // U+04DB
    { 13, 10, 173, -1, 10, 33, 4196 }, // U+04DC
    { 12, 9, 171, -1, 8, 27, 4229 }, // U+04DD
    { 8, 11, 104, -1, 10, 22, 4256 }, // U+04DE
    { 6, 9, 85, 0, 8, 14, 4278 }, // U+04DF
    { 7, 9, 101, 0, 8, 16, 4292 }, // U+04E0
    { 7, 9, 93, -1, 6, 16, 4308 }, // U+04E1
    { 11, 10, 138, -1, 10, 28, 4324 }, // U+04E2
    { 7, 9, 112, 0, 8, 16, 4352 }, // U+04E3
    { 11, 10, 138, -1, 10, 28, 4368 }, // U+04E4
    { 7, 9, 112, 0, 8, 16, 4396 }, // U+04E5
    { 8, 11, 132, 0, 10, 22, 4412 }, // U+04E6
    { 7, 9, 103, 0, 8, 16, 4434 }, // U+04E7
    { 8, 9, 132, 0, 8, 18, 4450 }, // U+04E8
    { 7, 7, 103, 0, 6, 13, 4468 }, // U+04E9
    { 8, 11, 132, 0, 10, 22, 4481 }, // U+04EA
    { 7, 9, 103, 0, 8, 16, 4503 }, // U+04EB
    { 8, 11, 110, -1, 10, 22, 4519 }, // U+04EC
    { 6, 9, 88, 0, 8, 14, 4541 }, // U+04ED
    { 9, 11, 117, 0, 10, 25, 4555 }, // U+04EE
    { 8, 11, 98, -2, 8, 22, 4580 }, // U+04EF
    { 9, 11, 117, 0, 10, 25, 4602 }, // U+04F0
    { 8, 11, 98, -2, 8, 22, 4627 }, // U+04F1
    { 9, 11, 117, 0, 10, 25, 4649 }, // U+04F2
    { 9, 11, 98, -2, 8, 25, 4674 }, // U+04F3
    { 9, 10, 131, 0, 10, 23, 4699 }, // U+04F4
    { 7, 9, 102, 0, 8, 16, 4722 }, // U+04F5
    { 8, 11, 99, -1, 8, 22, 4738 }, // U+04F6
    { 7, 9, 85, -1, 6, 16, 4760 }, // U+04F7
    { 12, 10, 163, -1, 10, 30, 4776 }, // U+04F8
    { 9, 9, 143, 0, 8, 21, 4806 }, // U+04F9
    { 8, 11, 99, -1, 8, 22, 4827 }, // U+04FA
    { 6, 9, 85, 0, 6, 14, 4849 }, // U+04FB
    { 10, 11, 124, -1, 8, 28, 4863 }, // U+04FC
    { 8, 9, 101, -1, 6, 18, 4891 }, // U+04FD
    { 10, 8, 122, -1, 8, 20, 4909 }, // U+04FE
    { 8, 6, 101, -1, 6, 12, 4929 }, // U+04FF
    { 9, 11, 126, -1, 8, 25, 0 }, // U+1EA0
    { 7, 9, 111, 0, 6, 16, 25 }, // U+1EA1
    { 9, 11, 126, -1, 11, 25, 41 }, // U+1EA2
    { 7, 10, 111, 0, 9, 18, 66 }, // U+1EA3
    { 10, 11, 126, -1, 11, 28, 84 }, // U+1EA4
    { 7, 10, 111, 0, 9, 18, 112 }, // U+1EA5
    { 9, 11, 126, -1, 11, 25, 130 }, // U+1EA6
    { 7, 10, 111, 0, 9, 18, 155 }, // U+1EA7
    { 9, 11, 126, -1, 11, 25, 173 }, // U+1EA8
    { 7, 10, 111, 0, 9, 18, 198 }, // U+1EA9
    { 9, 12, 126, -1, 12, 27, 216 }, // U+1EAA
    { 7, 11, 111, 0, 10, 20, 243 }, // U+1EAB
    { 9, 13, 126, -1, 10, 30, 263 }, // U+1EAC
    { 7, 11, 111, 0, 8, 20, 293 }, // U+1EAD
    { 9, 11, 126, -1, 11, 25, 313 }, // U+1EAE
    { 7, 10, 111, 0, 9, 18, 338 }, // U+1EAF
    { 9, 11, 126, -1, 11, 25, 356 }, // U+1EB0
    { 7, 10, 111, 0, 9, 18, 381 }, // U+1EB1
    { 9, 11, 126, -1, 11, 25, 399 }, // U+1EB2
    { 7, 11, 111, 0, 10, 20, 424 }, // U+1EB3
    { 9, 12, 126, -1, 12, 27, 444 }, // U+1EB4
    { 7, 11, 111, 0, 10, 20, 471 }, // U+1EB5
    { 9, 13, 126, -1, 10, 30, 491 }, // U+1EB6
    { 7, 11, 111, 0, 8, 20, 521 }, // U+1EB7
    { 8, 11, 106, -1, 8, 22, 541 }, // U+1EB8
    { 6, 9, 89, 0, 6, 14, 563 }, // U+1EB9
    { 8, 11, 106, -1, 11, 22, 577 }, // U+1EBA
    { 6, 10, 89, 0, 9, 15, 599 }, // U+1EBB
    { 8, 10, 106, -1, 10, 20, 614 }, // U+1EBC
    { 6, 9, 89, 0, 8, 14, 634 }, // U+1EBD
    { 9, 11, 106, -1, 11, 25, 648 }, // U+1EBE
    { 7, 10, 89, 0, 9, 18, 673 }, // U+1EBF
    { 8, 11, 106, -1, 11, 22, 691 }, // U+1EC0
    { 6, 10, 89, 0, 9, 15, 713 }, // U+1EC1
    { 9, 11, 106, -1, 11, 25, 728 }, // U+1EC2
    { 7, 10, 89, 0, 9, 18, 753 }, // U+1EC3
    { 8, 12, 106, -1, 12, 24, 771 }, // U+1EC4
    { 6, 11, 89, 0, 10, 17, 795 }, // U+1EC5
    { 8, 13, 106, -1, 10, 26, 812 }, // U+1EC6
    { 6, 11, 89, 0, 8, 17, 838 }, // U+1EC7
    { 6, 11, 67, -1, 11, 17, 855 }, // U+1EC8
    { 4, 10, 59, 0, 9, 10, 872 }, // U+1EC9
    { 6, 11, 67, -1, 8, 17, 882 }, // U+1ECA
    { 4, 12, 59, 0, 9, 12, 899 }, // U+1ECB
    { 8, 11, 132, 0, 8, 22, 911 }, // U+1ECC
    { 7, 9, 103, 0, 6, 16, 933 }, // U+1ECD
    { 8, 12, 132, 0, 11, 24, 949 }, // U+1ECE
    { 7, 10, 103, 0, 9, 18, 973 }, // U+1ECF
    { 9, 12, 132, 0, 11, 27, 991 }, // U+1ED0
    { 8, 10, 103, 0, 9, 20, 1018 }, // U+1ED1
    { 8, 12, 132, 0, 11, 24, 1038 }, // U+1ED2
    { 7, 10, 103, 0, 9, 18, 1062 }, // U+1ED3
    { 9, 12, 132, 0, 11, 27, 1080 }, // U+1ED4
    { 7, 10, 103, 0, 9, 18, 1107 }, // U+1ED5
    { 8, 13, 132, 0, 12, 26, 1125 }, // U+1ED6
    { 7, 11, 103, 0, 10, 20, 1151 }, // U+1ED7
    { 8, 13, 132, 0, 10, 26, 1171 }, // U+1ED8
    { 7, 11, 103, 0, 8, 20, 1197 }, // U+1ED9
    { 10, 11, 141, 0, 10, 28, 1217 }, // U+1EDA
    { 8, 9, 112, 0, 8, 18, 1245 }, // U+1EDB
    { 10, 11, 141, 0, 10, 28, 1263 }, // U+1EDC
    { 8, 9, 112, 0, 8, 18, 1291 }, // U+1EDD
    { 10, 12, 141, 0, 11, 30, 1309 }, // U+1EDE
    { 8, 10, 112, 0, 9, 20, 1339 }, // U+1EDF
    { 10, 11, 141, 0, 10, 28, 1359 }, // U+1EE0
    { 8, 9, 112, 0, 8, 18, 1387 }, // U+1EE1
    { 10, 12, 141, 0, 9, 30, 1405 }, // U+1EE2
    { 8, 10, 112, 0, 7, 20, 1435 }, // U+1EE3
    { 8, 11, 125, 1, 8, 22, 1455 }, // U+1EE4
    { 7, 9, 112, 0, 6, 16, 1477 }, // U+1EE5
    { 8, 12, 125, 1, 11, 24, 1493 }, // U+1EE6
    { 7, 10, 112, 0, 9, 18, 1517 }, // U+1EE7
    { 9, 11, 142, 1, 10, 25, 1535 }, // U+1EE8
    { 9, 9, 130, 0, 8, 21, 1560 }, // U+1EE9
    { 9, 11, 142, 1, 10, 25, 1581 }, // U+1EEA
    { 9, 9, 130, 0, 8, 21, 1606 }, // U+1EEB
    { 9, 12, 142, 1, 11, 27, 1627 }, // U+1EEC
    { 9, 10, 130, 0, 9, 23, 1654 }, // U+1EED
    { 9, 11, 142, 1, 10, 25, 1677 }, // U+1EEE
    { 9, 9, 130, 0, 8, 21, 1702 }, // U+1EEF
    { 9, 12, 142, 1, 9, 27, 1723 }, // U+1EF0
    { 9, 10, 130, 0, 7, 23, 1750 }, // U+1EF1
    { 9, 10, 116, 0, 10, 23, 1773 }, // U+1EF2
    { 8, 11, 98, -2, 8, 22, 1796 }, // U+1EF3
    { 9, 11, 116, 0, 8, 25, 1818 }, // U+1EF4
    { 8, 9, 98, -2, 6, 18, 1843 }, // U+1EF5
    { 9, 11, 116, 0, 11, 25, 1861 }, // U+1EF6
    { 8, 12, 98, -2, 9, 24, 1886 }, // U+1EF7
    { 9, 10, 116, 0, 10, 23, 1910 }, // U+1EF8
    { 8, 11, 98, -2, 8, 22, 1933 }, // U+1EF9
    { 0, 0, 83, 0, 0, 0, 0 }, // U+2000
    { 0, 0, 167, 0, 0, 0, 0 }, // U+2001
    { 0, 0, 83, 0, 0, 0, 0 }, // U+2002
    { 0, 0, 167, 0, 0, 0, 0 }, // U+2003
    { 0, 0, 56, 0, 0, 0, 0 }, // U+2004
    { 0, 0, 42, 0, 0, 0, 0 }, // U+2005
    { 0, 0, 28, 0, 0, 0, 0 }, // U+2006
    { 0, 0, 93, 0, 0, 0, 0 }, // U+2007
    { 0, 0, 51, 0, 0, 0, 0 }, // U+2008
    { 0, 0, 28, 0, 0, 0, 0 }, // U+2009
    { 0, 0, 17, 0, 0, 0, 0 }, // U+200A
    { 0, 0, 0, 0, 0, 0, 0 }, // U+200B
    { 2, 9, 0, -1, 7, 5, 0 }, // U+200C
    { 4, 10, 0, -2, 8, 10, 5 }, // U+200D
    { 4, 10, 0, -1, 8, 10, 15 }, // U+200E
    { 4, 10, 0, -3, 8, 10, 25 }, // U+200F
    { 4, 2, 52, 0, 4, 2, 35 }, // U+2010
    { 4, 2, 52, 0, 4, 2, 37 }, // U+2011
    { 6, 2, 93, 0, 5, 3, 39 }, // U+2012
    { 7, 2, 83, -1, 4, 4, 42 }, // U+2013
    { 12, 2, 167, -1, 4, 6, 46 }, // U+2014
    { 12, 2, 167, -1, 4, 6, 52 }, // U+2015
    { 4, 11, 93, 1, 8, 11, 58 }, // U+2016
    { 7, 3, 69, -2, 0, 6, 69 }, // U+2017
    { 3, 4, 47, 1, 8, 3, 75 }, // U+2018
    { 4, 4, 47, 0, 8, 4, 78 }, // U+2019
    { 4, 4, 47, -1, 2, 4, 82 }, // U+201A
    { 3, 4, 47, 1, 8, 3, 86 }, // U+201B
    { 5, 4, 82, 1, 8, 5, 89 }, // U+201C
    { 6, 4, 82, 0, 8, 6, 94 }, // U+201D
    { 6, 4, 82, -1, 2, 6, 100 }, // U+201E
    { 5, 4, 82, 1, 8, 5, 106 }, // U+201F
    { 6, 10, 80, 0, 8, 15, 111 }, // U+2020
    { 7, 10, 80, -1, 8, 18, 126 }, // U+2021
    { 4, 4, 67, 0, 6, 4, 144 }, // U+2022
    { 4, 4, 83, 1, 6, 4, 148 }, // U+2023
    { 3, 3, 51, 0, 5, 3, 152 }, // U+2024
    { 6, 3, 98, 0, 5, 5, 155 }, // U+2025
    { 9, 3, 153, 0, 2, 7, 160 }, // U+2026
    { 3, 3, 51, 0, 4, 3, 167 }, // U+2027
    { 0, 0, 100, 0, 0, 0, 170 }, // U+2028
    { 0, 0, 100, 0, 0, 0, 170 }, // U+2029
    { 4, 9, 0, -1, 7, 9, 170 }, // U+202A
    { 4, 9, 0, -3, 7, 9, 179 }, // U+202B
    { 4, 10, 0, -2, 8, 10, 188 }, // U+202C
    { 4, 10, 0, -2, 8, 10, 198 }, // U+202D
    { 4, 10, 0, -2, 8, 10, 208 }, // U+202E
    { 0, 0, 28, 0, 0, 0, 218 }, // U+202F
    { 14, 9, 217, 0, 8, 32, 218 }, // U+2030
    { 18, 9, 284, 0, 8, 41, 250 }, // U+2031
    { 3, 4, 48, 1, 8, 3, 291 }, // U+2032
    { 5, 4, 86, 1, 8, 5, 294 }, // U+2033
    { 8, 4, 124, 1, 8, 8, 299 }, // U+2034
    { 3, 4, 48, 1, 8, 3, 307 }, // U+2035
    { 5, 4, 86, 1, 8, 5, 310 }, // U+2036
    { 8, 4, 124, 1, 8, 8, 315 }, // U+2037
    { 5, 4, 73, -1, 1, 5, 323 }, // U+2038
    { 4, 5, 59, 0, 5, 5, 328 }, // U+2039
    { 4, 5, 59, 0, 5, 5, 333 }, // U+203A
    { 8, 8, 137, 0, 8, 16, 338 }, // U+203B
    { 7, 9, 105, 0, 8, 16, 354 }, // U+203C
    { 6, 9, 97, 1, 8, 14, 370 }, // U+203D
    { 6, 2, 77, 1, 9, 3, 384 }, // U+203E
    { 9, 3, 0, -8, 0, 7, 387 }, // U+203F
    { 9, 3, 0, -7, 9, 7, 394 }, // U+2040
    { 6, 8, 75, -1, 8, 12, 401 }, // U+2041
    { 10, 9, 167, 0, 8, 23, 413 }, // U+2042
    { 4, 3, 60, 0, 5, 3, 436 }, // U+2043
    { 7, 8, 10, -3, 8, 14, 439 }, // U+2044
    { 6, 10, 69, 0, 8, 15, 453 }, // U+2045
    { 6, 10, 69, -1, 8, 15, 468 }, // U+2046
    { 11, 9, 178, 1, 8, 25, 483 }, // U+2047
    { 8, 9, 141, 1, 8, 18, 508 }, // U+2048
    { 9, 9, 140, 0, 8, 21, 526 }, // U+2049
    { 6, 8, 102, 0, 6, 12, 547 }, // U+204A
    { 6, 10, 105, 1, 8, 15, 559 }, // U+204B
    { 6, 5, 103, 0, 6, 8, 574 }, // U+204C
    { 7, 5, 103, 0, 6, 9, 582 }, // U+204D
    { 6, 5, 84, 0, 6, 8, 591 }, // U+204E
    { 4, 8, 60, 0, 6, 8, 599 }, // U+204F
    { 8, 9, 128, 0, 8, 18, 607 }, // U+2050
    { 7, 9, 84, -1, 8, 16, 625 }, // U+2051
    { 5, 9, 73, 0, 8, 12, 641 }, // U+2052
    { 6, 3, 93, 0, 5, 5, 653 }, // U+2053
    { 9, 3, 0, -3, 0, 7, 658 }, // U+2054
    { 6, 6, 90, 0, 7, 9, 665 }, // U+2055
    { 6, 7, 105, 0, 6, 11, 674 }, // U+2056
    { 10, 4, 162, 1, 8, 10, 685 }, // U+2057
    { 8, 7, 127, 0, 6, 14, 695 }, // U+2058
    { 8, 7, 127, 0, 6, 14, 709 }, // U+2059
    { 3, 9, 51, 0, 8, 7, 723 }, // U+205A
    { 8, 9, 127, 0, 8, 18, 730 }, // U+205B
    { 7, 6, 116, 0, 6, 11, 748 }, // U+205C
    { 3, 9, 51, 0, 8, 7, 759 }, // U+205D
    { 3, 9, 51, 0, 8, 7, 766 }, // U+205E
    { 0, 0, 37, 0, 0, 0, 773 }, // U+205F
    { 0, 0, 100, 0, 0, 0, 773 }, // U+2060
    { 0, 0, 100, 0, 0, 0, 773 }, // U+2061
    { 0, 0, 100, 0, 0, 0, 773 }, // U+2062
    { 0, 0, 100, 0, 0, 0, 773 }, // U+2063
    { 0, 0, 100, 0, 0, 0, 773 }, // U+2064
    { 0, 0, 100, 0, 0, 0, 773 }, // U+2066
    { 0, 0, 100, 0, 0, 0, 773 }, // U+2067
    { 0, 0, 100, 0, 0, 0, 773 }, // U+2068
    { 0, 0, 100, 0, 0, 0, 773 }, // U+2069
    { 4, 10, 0, -2, 8, 10, 773 }, // U+206A
    { 4, 10, 0, -2, 8, 10, 783 }, // U+206B
    { 4, 10, 0, -2, 8, 10, 793 }, // U+206C
    { 4, 10, 0, -2, 8, 10, 803 }, // U+206D
    { 4, 10, 0, -2, 8, 10, 813 }, // U+206E
    { 4, 10, 0, -2, 8, 10, 823 }, // U+206F
    { 4, 6, 67, 1, 9, 6, 0 }, // U+2070
    { 3, 6, 38, 0, 8, 5, 6 }, // U+2071
    { 5, 5, 67, 0, 9, 7, 11 }, // U+2074
    { 5, 6, 67, 0, 9, 8, 18 }, // U+2075
    { 4, 6, 67, 1, 9, 6, 26 }, // U+2076
    { 4, 5, 67, 1, 9, 5, 32 }, // U+2077
    { 5, 6, 67, 0, 9, 8, 37 }, // U+2078
    { 4, 6, 67, 1, 9, 6, 45 }, // U+2079
    { 5, 4, 67, 0, 8, 5, 51 }, // U+207A
    { 5, 2, 67, 0, 7, 3, 56 }, // U+207B
    { 5, 4, 67, 0, 8, 5, 59 }, // U+207C
    { 4, 7, 42, 1, 10, 7, 64 }, // U+207D
    { 4, 7, 42, -1, 10, 7, 71 }, // U+207E
    { 5, 5, 73, 0, 7, 7, 78 }, // U+207F
    { 4, 6, 67, 0, 4, 6, 85 }, // U+2080
    { 4, 5, 67, -1, 4, 5, 91 }, // U+2081
    { 5, 5, 67, -1, 4, 7, 96 }, // U+2082
    { 5, 6, 67, -1, 4, 8, 103 }, // U+2083
    { 5, 5, 67, -1, 4, 7, 111 }, // U+2084
    { 5, 6, 67, -1, 4, 8, 118 }, // U+2085
    { 4, 6, 67, 0, 4, 6, 126 }, // U+2086
    { 5, 5, 67, 0, 4, 7, 132 }, // U+2087
    { 5, 6, 67, -1, 4, 8, 139 }, // U+2088
    { 4, 6, 67, 0, 4, 6, 147 }, // U+2089
    { 4, 4, 67, 0, 3, 4, 153 }, // U+208A
    { 4, 2, 67, 0, 2, 2, 157 }, // U+208B
    { 4, 4, 67, 0, 3, 4, 159 }, // U+208C
    { 4, 7, 42, 0, 5, 7, 163 }, // U+208D
    { 4, 7, 42, -2, 5, 7, 170 }, // U+208E
    { 5, 5, 72, -1, 3, 7, 177 }, // U+2090
    { 5, 5, 58, -1, 3, 7, 184 }, // U+2091
    { 5, 5, 67, -1, 3, 7, 191 }, // U+2092
    { 5, 4, 66, -1, 3, 5, 198 }, // U+2093
    { 4, 5, 61, -1, 3, 5, 203 }, // U+2094
    { 5, 6, 71, -1, 4, 8, 208 }, // U+2095
    { 5, 5, 65, -1, 4, 7, 216 }, // U+2096
    { 3, 6, 38, -1, 4, 5, 223 }, // U+2097
    { 7, 5, 105, -1, 3, 9, 228 }, // U+2098
    { 5, 5, 73, -1, 3, 7, 237 }, // U+2099
    { 5, 6, 68, -1, 3, 8, 244 }, // U+209A
    { 4, 5, 56, -1, 3, 5, 252 }, // U+209B
    { 4, 6, 45, -1, 4, 6, 257 }, // U+209C
    { 8, 8, 128, 0, 8, 16, 0 }, // U+20A0
    { 7, 9, 111, 0, 8, 16, 16 }, // U+20A1
    { 8, 9, 111, 0, 8, 18, 32 }, // U+20A2
    { 8, 8, 93, -1, 8, 16, 50 }, // U+20A3
    { 8, 9, 93, -1, 8, 18, 66 }, // U+20A4
    { 10, 9, 162, 0, 7, 23, 84 }, // U+20A5
    { 11, 8, 131, -1, 8, 22, 107 }, // U+20A6
    { 11, 9, 153, -1, 8, 25, 129 }, // U+20A7
    { 13, 9, 194, -1, 8, 30, 154 }, // U+20A8
    { 13, 8, 178, 0, 8, 26, 184 }, // U+20A9
    { 9, 7, 149, 0, 7, 16, 210 }, // U+20AA
    { 8, 10, 111, 0, 8, 20, 226 }, // U+20AB
    { 7, 9, 93, 0, 8, 16, 246 }, // U+20AC
    { 10, 8, 124, -1, 8, 20, 262 }, // U+20AD
    { 8, 8, 109, 0, 8, 16, 282 }, // U+20AE
    { 13, 12, 185, -1, 9, 39, 298 }, // U+20AF
    { 7, 11, 106, -1, 8, 20, 337 }, // U+20B0
    { 9, 8, 113, -1, 8, 18, 357 }, // U+20B1
    { 8, 9, 133, 0, 8, 18, 375 }, // U+20B2
    { 9, 8, 126, -1, 8, 18, 393 }, // U+20B3
    { 8, 9, 103, -1, 8, 18, 411 }, // U+20B4
    { 8, 9, 111, 0, 8, 18, 429 }, // U+20B5
    { 7, 9, 100, 0, 8, 16, 447 }, // U+20B6
    { 7, 9, 93, 0, 8, 16, 463 }, // U+20B7
    { 7, 8, 93, 0, 8, 14, 479 }, // U+20B8
    { 7, 8, 93, 0, 8, 14, 493 }, // U+20B9
    { 7, 8, 93, -1, 8, 14, 507 }, // U+20BA
    { 7, 9, 109, 0, 8, 16, 521 }, // U+20BB
    { 8, 8, 131, 0, 8, 16, 537 }, // U+20BC
    { 8, 8, 98, -1, 8, 16, 553 }, // U+20BD
    { 7, 9, 93, 0, 9, 16, 569 }, // U+20BE
    { 7, 10, 93, -1, 9, 18, 585 }, // U+20BF
    { 4, 2, 52, 0, 4, 2, 0 }, // U+2212
    { 12, 12, 122, -2, 9, 36, 0 }, // U+FB00
    { 9, 12, 114, -2, 9, 27, 36 }, // U+FB01
    { 10, 12, 118, -2, 9, 30, 63 }, // U+FB02
    { 13, 12, 169, -2, 9, 39, 93 }, // U+FB03
    { 13, 12, 173, -2, 9, 39, 132 }, // U+FB04
    { 10, 12, 126, -2, 9, 30, 171 }, // U+FB05
    { 10, 10, 155, 0, 9, 25, 201 }, // U+FB06
    { 10, 10, 167, 0, 8, 25, 0 }, // U+FFFD
};

static const EpdUnicodeInterval notoserif_5_bolditalicIntervals[] = {
    { 0x0, 0x0, 0x0 },
    { 0xD, 0xD, 0x1 },
    { 0x20, 0x7E, 0x2 },
    { 0xA0, 0x17F, 0x61 },
    { 0x1A0, 0x1A1, 0x141 },
    { 0x1AF, 0x1B0, 0x143 },
    { 0x1C4, 0x21F, 0x145 },
    { 0x300, 0x36F, 0x1A1 },
    { 0x400, 0x4FF, 0x211 },
    { 0x1EA0, 0x1EF9, 0x311 },
    { 0x2000, 0x2064, 0x36B },
    { 0x2066, 0x2071, 0x3D0 },
    { 0x2074, 0x208E, 0x3DC },
    { 0x2090, 0x209C, 0x3F7 },
    { 0x20A0, 0x20BF, 0x404 },
    { 0x2212, 0x2212, 0x424 },
    { 0xFB00, 0xFB06, 0x425 },
    { 0xFFFD, 0xFFFD, 0x42C },
};

static const EpdFontGroup notoserif_5_bolditalicGroups[] = {
    { 0, 1157, 1569, 97, 0 },
    { 1157, 942, 1713, 96, 97 },
    { 2099, 1279, 2787, 128, 193 },
    { 3378, 1245, 2354, 96, 321 },
    { 4623, 374, 458, 112, 417 },
    { 4997, 3320, 5672, 256, 529 },
    { 8317, 754, 2299, 90, 785 },
    { 9071, 704, 958, 111, 875 },
    { 9775, 264, 334, 42, 986 },
    { 10039, 606, 675, 32, 1028 },
    { 10645, 4, 2, 1, 1060 },
    { 10649, 166, 270, 7, 1061 },
    { 10815, 33, 30, 1, 1068 },
};

static const EpdKernClassEntry notoserif_5_bolditalicKernLeftClasses[] = {
    { 0x0022, 1 }, // "
    { 0x0026, 2 }, // &
    { 0x0027, 1 }, // '
    { 0x0028, 3 }, // (
    { 0x002A, 4 }, // *
    { 0x002C, 5 }, // ,
    { 0x002D, 6 }, // -
    { 0x002E, 5 }, // .
    { 0x0041, 7 }, // A
    { 0x0042, 8 }, // B
    { 0x0043, 9 }, // C
    { 0x0044, 10 }, // D
    { 0x0045, 11 }, // E
    { 0x0046, 12 }, // F
    { 0x0047, 13 }, // G
    { 0x004A, 14 }, // J
    { 0x004B, 15 }, // K
    { 0x004C, 16 }, // L
    { 0x004E, 17 }, // N
    { 0x004F, 10 }, // O
    { 0x0050, 18 }, // P
    { 0x0051, 10 }, // Q
    { 0x0052, 19 }, // R
    { 0x0053, 20 }, // S
    { 0x0054, 21 }, // T
    { 0x0055, 22 }, // U
    { 0x0056, 23 }, // V
    { 0x0057, 24 }, // W
    { 0x0058, 25 }, // X
    { 0x0059, 26 }, // Y
    { 0x005B, 3 }, // [
    { 0x005F, 27 }, // _
    { 0x0061, 28 }, // a
    { 0x0062, 29 }, // b
    { 0x0063, 30 }, // c
    { 0x0065, 30 }, // e
    { 0x0066, 31 }, // f
    { 0x0068, 28 }, // h
    { 0x006B, 32 }, // k
    { 0x006D, 28 }, // m
    { 0x006E, 28 }, // n
    { 0x006F, 29 }, // o
    { 0x0070, 29 }, // p
    { 0x0071, 33 }, // q
    { 0x0072, 34 }, // r
    { 0x0073, 35 }, // s
    { 0x0076, 36 }, // v
    { 0x0077, 37 }, // w
    { 0x0079, 38 }, // y
    { 0x007A, 39 }, // z
    { 0x007B, 3 }, // {
    { 0x00A1, 40 }, // U+00A1
    { 0x00AB, 41 }, // U+00AB
    { 0x00BF, 42 }, // U+00BF
    { 0x00C0, 43 }, // U+00C0
    { 0x00C1, 43 }, // U+00C1
    { 0x00C2, 43 }, // U+00C2
    { 0x00C3, 43 }, // U+00C3
    { 0x00C4, 43 }, // U+00C4
    { 0x00C5, 43 }, // U+00C5
    { 0x00C6, 11 }, // U+00C6
    { 0x00C7, 9 }, // U+00C7
    { 0x00C8, 11 }, // U+00C8
    { 0x00C9, 11 }, // U+00C9
    { 0x00CA, 11 }, // U+00CA
    { 0x00CB, 11 }, // U+00CB
    { 0x00D0, 10 }, // U+00D0
    { 0x00D1, 17 }, // U+00D1
    { 0x00D2, 10 }, // U+00D2
    { 0x00D3, 10 }, // U+00D3
    { 0x00D4, 10 }, // U+00D4
    { 0x00D5, 10 }, // U+00D5
    { 0x00D6, 10 }, // U+00D6
    { 0x00D8, 10 }, // U+00D8
    { 0x00D9, 22 }, // U+00D9
    { 0x00DA, 22 }, // U+00DA
    { 0x00DB, 22 }, // U+00DB
    { 0x00DC, 22 }, // U+00DC
    { 0x00DD, 26 }, // U+00DD
    { 0x00DE, 10 }, // U+00DE
    { 0x00DF, 35 }, // U+00DF
    { 0x00E0, 28 }, // U+00E0
    { 0x00E1, 28 }, // U+00E1
    { 0x00E2, 28 }, // U+00E2
    { 0x00E3, 28 }, // U+00E3
    { 0x00E4, 28 }, // U+00E4
    { 0x00E5, 28 }, // U+00E5
    { 0x00E6, 30 }, // U+00E6
    { 0x00E7, 30 }, // U+00E7
    { 0x00E8, 30 }, // U+00E8
    { 0x00E9, 30 }, // U+00E9
    { 0x00EA, 30 }, // U+00EA
    { 0x00EB, 30 }, // U+00EB
    { 0x00F0, 29 }, // U+00F0
    { 0x00F1, 28 }, // U+00F1
    { 0x00F2, 29 }, // U+00F2
    { 0x00F3, 29 }, // U+00F3
    { 0x00F4, 29 }, // U+00F4
    { 0x00F5, 29 }, // U+00F5
    { 0x00F6, 29 }, // U+00F6
    { 0x00F8, 29 }, // U+00F8
    { 0x00F9, 28 }, // U+00F9
    { 0x00FA, 28 }, // U+00FA
    { 0x00FB, 28 }, // U+00FB
    { 0x00FC, 28 }, // U+00FC
    { 0x00FD, 38 }, // U+00FD
    { 0x00FE, 29 }, // U+00FE
    { 0x00FF, 38 }, // U+00FF
    { 0x0100, 7 }, // U+0100
    { 0x0101, 28 }, // U+0101
    { 0x0102, 43 }, // U+0102
    { 0x0103, 28 }, // U+0103
    { 0x0104, 43 }, // U+0104
    { 0x0105, 28 }, // U+0105
    { 0x0106, 9 }, // U+0106
    { 0x0107, 30 }, // U+0107
    { 0x0108, 9 }, // U+0108
    { 0x0109, 30 }, // U+0109
    { 0x010A, 9 }, // U+010A
    { 0x010B, 30 }, // U+010B
    { 0x010C, 9 }, // U+010C
    { 0x010D, 30 }, // U+010D
    { 0x010E, 10 }, // U+010E
    { 0x010F, 44 }, // U+010F
    { 0x0110, 10 }, // U+0110
    { 0x0112, 11 }, // U+0112
    { 0x0113, 30 }, // U+0113
    { 0x0114, 11 }, // U+0114
    { 0x0115, 30 }, // U+0115
    { 0x0116, 11 }, // U+0116
    { 0x0117, 30 }, // U+0117
    { 0x0118, 11 }, // U+0118
    { 0x0119, 30 }, // U+0119
    { 0x011A, 11 }, // U+011A
    { 0x011B, 30 }, // U+011B
    { 0x011C, 13 }, // U+011C
    { 0x011E, 13 }, // U+011E
    { 0x0120, 13 }, // U+0120
    { 0x0122, 13 }, // U+0122
    { 0x0125, 28 }, // U+0125
    { 0x0127, 28 }, // U+0127
    { 0x0132, 14 }, // U+0132
    { 0x0134, 14 }, // U+0134
    { 0x0136, 15 }, // U+0136
    { 0x0137, 32 }, // U+0137
    { 0x0138, 32 }, // U+0138
    { 0x0139, 16 }, // U+0139
    { 0x013B, 16 }, // U+013B
    { 0x013D, 45 }, // U+013D
    { 0x013E, 44 }, // U+013E
    { 0x0141, 16 }, // U+0141
    { 0x0143, 17 }, // U+0143
    { 0x0144, 28 }, // U+0144
    { 0x0145, 17 }, // U+0145
    { 0x0146, 28 }, // U+0146
    { 0x0147, 17 }, // U+0147
    { 0x0148, 28 }, // U+0148
    { 0x0149, 28 }, // U+0149
    { 0x014A, 14 }, // U+014A
    { 0x014B, 28 }, // U+014B
    { 0x014C, 10 }, // U+014C
    { 0x014D, 29 }, // U+014D
    { 0x014E, 10 }, // U+014E
    { 0x014F, 29 }, // U+014F
    { 0x0150, 10 }, // U+0150
    { 0x0151, 29 }, // U+0151
    { 0x0152, 11 }, // U+0152
    { 0x0153, 30 }, // U+0153
    { 0x0154, 19 }, // U+0154
    { 0x0155, 34 }, // U+0155
    { 0x0156, 19 }, // U+0156
    { 0x0157, 34 }, // U+0157
    { 0x0158, 19 }, // U+0158
    { 0x0159, 34 }, // U+0159
    { 0x015A, 20 }, // U+015A
    { 0x015B, 35 }, // U+015B
    { 0x015C, 20 }, // U+015C
    { 0x015D, 35 }, // U+015D
    { 0x015E, 20 }, // U+015E
    { 0x015F, 35 }, // U+015F
    { 0x0160, 20 }, // U+0160
    { 0x0161, 35 }, // U+0161
    { 0x0162, 21 }, // U+0162
    { 0x0164, 21 }, // U+0164
    { 0x0166, 21 }, // U+0166
    { 0x0168, 22 }, // U+0168
    { 0x0169, 28 }, // U+0169
    { 0x016A, 22 }, // U+016A
    { 0x016B, 28 }, // U+016B
    { 0x016C, 22 }, // U+016C
    { 0x016D, 28 }, // U+016D
    { 0x016E, 22 }, // U+016E
    { 0x016F, 28 }, // U+016F
    { 0x0170, 22 }, // U+0170
    { 0x0171, 28 }, // U+0171
    { 0x0172, 22 }, // U+0172
    { 0x0173, 28 }, // U+0173
    { 0x0174, 24 }, // U+0174
    { 0x0175, 37 }, // U+0175
    { 0x0176, 26 }, // U+0176
    { 0x0177, 38 }, // U+0177
    { 0x0178, 26 }, // U+0178
    { 0x017A, 39 }, // U+017A
    { 0x017C, 39 }, // U+017C
    { 0x017E, 39 }, // U+017E
    { 0x01A0, 46 }, // U+01A0
    { 0x01A1, 47 }, // U+01A1
    { 0x01AF, 48 }, // U+01AF
    { 0x01B0, 49 }, // U+01B0
    { 0x01FA, 7 }, // U+01FA
    { 0x01FB, 28 }, // U+01FB
    { 0x01FC, 11 }, // U+01FC
    { 0x01FD, 30 }, // U+01FD
    { 0x01FE, 10 }, // U+01FE
    { 0x01FF, 29 }, // U+01FF
    { 0x0218, 20 }, // U+0218
    { 0x0219, 35 }, // U+0219
    { 0x021A, 21 }, // U+021A
    { 0x0400, 50 }, // U+0400
    { 0x0401, 50 }, // U+0401
    { 0x0402, 51 }, // U+0402
    { 0x0403, 52 }, // U+0403
    { 0x0404, 53 }, // U+0404
    { 0x0405, 54 }, // U+0405
    { 0x0406, 55 }, // U+0406
    { 0x0407, 55 }, // U+0407
    { 0x0408, 56 }, // U+0408
    { 0x0409, 57 }, // U+0409
    { 0x040A, 57 }, // U+040A
    { 0x040B, 58 }, // U+040B
    { 0x040C, 59 }, // U+040C
    { 0x040D, 55 }, // U+040D
    { 0x040E, 60 }, // U+040E
    { 0x040F, 55 }, // U+040F
    { 0x0410, 61 }, // U+0410
    { 0x0411, 62 }, // U+0411
    { 0x0412, 63 }, // U+0412
    { 0x0413, 52 }, // U+0413
    { 0x0414, 64 }, // U+0414
    { 0x0415, 50 }, // U+0415
    { 0x0416, 59 }, // U+0416
    { 0x0417, 63 }, // U+0417
    { 0x0418, 55 }, // U+0418
    { 0x0419, 55 }, // U+0419
    { 0x041A, 59 }, // U+041A
    { 0x041B, 55 }, // U+041B
    { 0x041C, 55 }, // U+041C
    { 0x041D, 55 }, // U+041D
    { 0x041E, 65 }, // U+041E
    { 0x041F, 55 }, // U+041F
    { 0x0420, 66 }, // U+0420
    { 0x0421, 53 }, // U+0421
    { 0x0422, 52 }, // U+0422
    { 0x0423, 60 }, // U+0423
    { 0x0424, 67 }, // U+0424
    { 0x0425, 68 }, // U+0425
    { 0x0426, 64 }, // U+0426
    { 0x0427, 55 }, // U+0427
    { 0x0428, 55 }, // U+0428
    { 0x0429, 64 }, // U+0429
    { 0x042A, 57 }, // U+042A
    { 0x042B, 55 }, // U+042B
    { 0x042C, 57 }, // U+042C
    { 0x042D, 65 }, // U+042D
    { 0x042E, 65 }, // U+042E
    { 0x042F, 55 }, // U+042F
    { 0x0430, 69 }, // U+0430
    { 0x0431, 70 }, // U+0431
    { 0x0432, 71 }, // U+0432
    { 0x0433, 72 }, // U+0433
    { 0x0434, 73 }, // U+0434
    { 0x0435, 74 }, // U+0435
    { 0x0436, 75 }, // U+0436
    { 0x0437, 71 }, // U+0437
    { 0x0438, 69 }, // U+0438
    { 0x0439, 69 }, // U+0439
    { 0x043A, 76 }, // U+043A
    { 0x043B, 69 }, // U+043B
    { 0x043C, 69 }, // U+043C
    { 0x043D, 69 }, // U+043D
    { 0x043E, 77 }, // U+043E
    { 0x043F, 78 }, // U+043F
    { 0x0440, 77 }, // U+0440
    { 0x0441, 79 }, // U+0441
    { 0x0442, 78 }, // U+0442
    { 0x0443, 80 }, // U+0443
    { 0x0444, 77 }, // U+0444
    { 0x0445, 76 }, // U+0445
    { 0x0446, 81 }, // U+0446
    { 0x0447, 69 }, // U+0447
    { 0x0448, 69 }, // U+0448
    { 0x0449, 81 }, // U+0449
    { 0x044A, 82 }, // U+044A
    { 0x044B, 69 }, // U+044B
    { 0x044C, 82 }, // U+044C
    { 0x044D, 77 }, // U+044D
    { 0x044E, 77 }, // U+044E
    { 0x044F, 69 }, // U+044F
    { 0x0450, 74 }, // U+0450
    { 0x0451, 74 }, // U+0451
    { 0x0452, 83 }, // U+0452
    { 0x0453, 72 }, // U+0453
    { 0x0454, 79 }, // U+0454
    { 0x0455, 84 }, // U+0455
    { 0x0456, 69 }, // U+0456
    { 0x0457, 85 }, // U+0457
    { 0x0458, 86 }, // U+0458
    { 0x0459, 82 }, // U+0459
    { 0x045A, 82 }, // U+045A
    { 0x045B, 78 }, // U+045B
    { 0x045C, 76 }, // U+045C
    { 0x045D, 69 }, // U+045D
    { 0x045E, 80 }, // U+045E
    { 0x045F, 69 }, // U+045F
    { 0x0460, 65 }, // U+0460
    { 0x0461, 87 }, // U+0461
    { 0x0462, 57 }, // U+0462
    { 0x0464, 53 }, // U+0464
    { 0x0465, 72 }, // U+0465
    { 0x0466, 61 }, // U+0466
    { 0x0468, 61 }, // U+0468
    { 0x046A, 88 }, // U+046A
    { 0x046C, 88 }, // U+046C
    { 0x046E, 63 }, // U+046E
    { 0x046F, 72 }, // U+046F
    { 0x0470, 89 }, // U+0470
    { 0x0471, 90 }, // U+0471
    { 0x0472, 65 }, // U+0472
    { 0x0473, 71 }, // U+0473
    { 0x0474, 60 }, // U+0474
    { 0x0475, 90 }, // U+0475
    { 0x0476, 60 }, // U+0476
    { 0x0477, 90 }, // U+0477
    { 0x0478, 91 }, // U+0478
    { 0x0479, 80 }, // U+0479
    { 0x047A, 65 }, // U+047A
    { 0x047B, 71 }, // U+047B
    { 0x047C, 65 }, // U+047C
    { 0x047D, 71 }, // U+047D
    { 0x047E, 65 }, // U+047E
    { 0x047F, 87 }, // U+047F
    { 0x0480, 53 }, // U+0480
    { 0x0481, 72 }, // U+0481
    { 0x048A, 64 }, // U+048A
    { 0x048B, 81 }, // U+048B
    { 0x048C, 57 }, // U+048C
    { 0x048E, 66 }, // U+048E
    { 0x048F, 71 }, // U+048F
    { 0x0490, 92 }, // U+0490
    { 0x0491, 93 }, // U+0491
    { 0x0492, 92 }, // U+0492
    { 0x0493, 93 }, // U+0493
    { 0x0494, 58 }, // U+0494
    { 0x0496, 59 }, // U+0496
    { 0x0497, 79 }, // U+0497
    { 0x0498, 63 }, // U+0498
    { 0x0499, 72 }, // U+0499
    { 0x049A, 59 }, // U+049A
    { 0x049B, 79 }, // U+049B
    { 0x049C, 59 }, // U+049C
    { 0x049D, 79 }, // U+049D
    { 0x049E, 59 }, // U+049E
    { 0x049F, 79 }, // U+049F
    { 0x04A0, 59 }, // U+04A0
    { 0x04A1, 79 }, // U+04A1
    { 0x04A2, 64 }, // U+04A2
    { 0x04A3, 81 }, // U+04A3
    { 0x04A4, 92 }, // U+04A4
    { 0x04A6, 58 }, // U+04A6
    { 0x04AA, 53 }, // U+04AA
    { 0x04AB, 72 }, // U+04AB
    { 0x04AC, 92 }, // U+04AC
    { 0x04AD, 81 }, // U+04AD
    { 0x04AE, 89 }, // U+04AE
    { 0x04AF, 90 }, // U+04AF
    { 0x04B0, 89 }, // U+04B0
    { 0x04B1, 90 }, // U+04B1
    { 0x04B2, 68 }, // U+04B2
    { 0x04B3, 76 }, // U+04B3
    { 0x04B4, 64 }, // U+04B4
    { 0x04B5, 81 }, // U+04B5
    { 0x04B6, 64 }, // U+04B6
    { 0x04B7, 81 }, // U+04B7
    { 0x04B8, 55 }, // U+04B8
    { 0x04B9, 69 }, // U+04B9
    { 0x04BA, 58 }, // U+04BA
    { 0x04BB, 82 }, // U+04BB
    { 0x04BC, 94 }, // U+04BC
    { 0x04BD, 74 }, // U+04BD
    { 0x04BE, 94 }, // U+04BE
    { 0x04BF, 74 }, // U+04BF
    { 0x04C1, 59 }, // U+04C1
    { 0x04C2, 79 }, // U+04C2
    { 0x04C3, 58 }, // U+04C3
    { 0x04C5, 64 }, // U+04C5
    { 0x04C6, 81 }, // U+04C6
    { 0x04C7, 56 }, // U+04C7
    { 0x04C9, 64 }, // U+04C9
    { 0x04CA, 81 }, // U+04CA
    { 0x04CC, 81 }, // U+04CC
    { 0x04CD, 64 }, // U+04CD
    { 0x04CE, 81 }, // U+04CE
    { 0x04D0, 61 }, // U+04D0
    { 0x04D1, 81 }, // U+04D1
    { 0x04D2, 61 }, // U+04D2
    { 0x04D3, 81 }, // U+04D3
    { 0x04D4, 50 }, // U+04D4
    { 0x04D5, 74 }, // U+04D5
    { 0x04D6, 50 }, // U+04D6
    { 0x04D7, 74 }, // U+04D7
    { 0x04D8, 65 }, // U+04D8
    { 0x04D9, 71 }, // U+04D9
    { 0x04DA, 65 }, // U+04DA
    { 0x04DB, 71 }, // U+04DB
    { 0x04DC, 59 }, // U+04DC
    { 0x04DD, 79 }, // U+04DD
    { 0x04DE, 63 }, // U+04DE
    { 0x04DF, 71 }, // U+04DF
    { 0x04E0, 63 }, // U+04E0
    { 0x04E1, 95 }, // U+04E1
    { 0x04E2, 55 }, // U+04E2
    { 0x04E3, 81 }, // U+04E3
    { 0x04E4, 55 }, // U+04E4
    { 0x04E5, 81 }, // U+04E5
    { 0x04E6, 65 }, // U+04E6
    { 0x04E7, 71 }, // U+04E7
    { 0x04E8, 65 }, // U+04E8
    { 0x04E9, 71 }, // U+04E9
    { 0x04EA, 65 }, // U+04EA
    { 0x04EB, 71 }, // U+04EB
    { 0x04EC, 65 }, // U+04EC
    { 0x04ED, 77 }, // U+04ED
    { 0x04EE, 60 }, // U+04EE
    { 0x04EF, 80 }, // U+04EF
    { 0x04F0, 60 }, // U+04F0
    { 0x04F1, 80 }, // U+04F1
    { 0x04F2, 60 }, // U+04F2
    { 0x04F3, 80 }, // U+04F3
    { 0x04F4, 55 }, // U+04F4
    { 0x04F5, 69 }, // U+04F5
    { 0x04F6, 92 }, // U+04F6
    { 0x04F7, 93 }, // U+04F7
    { 0x04F8, 55 }, // U+04F8
    { 0x04F9, 69 }, // U+04F9
    { 0x04FA, 92 }, // U+04FA
    { 0x04FB, 93 }, // U+04FB
    { 0x04FC, 68 }, // U+04FC
    { 0x04FD, 76 }, // U+04FD
    { 0x04FE, 68 }, // U+04FE
    { 0x04FF, 96 }, // U+04FF
    { 0x1EA0, 43 }, // U+1EA0
    { 0x1EA1, 28 }, // U+1EA1
    { 0x1EA2, 43 }, // U+1EA2
    { 0x1EA3, 28 }, // U+1EA3
    { 0x1EA4, 43 }, // U+1EA4
    { 0x1EA5, 28 }, // U+1EA5
    { 0x1EA6, 43 }, // U+1EA6
    { 0x1EA7, 28 }, // U+1EA7
    { 0x1EA8, 43 }, // U+1EA8
    { 0x1EA9, 28 }, // U+1EA9
    { 0x1EAA, 43 }, // U+1EAA
    { 0x1EAB, 28 }, // U+1EAB
    { 0x1EAC, 43 }, // U+1EAC
    { 0x1EAD, 28 }, // U+1EAD
    { 0x1EAE, 43 }, // U+1EAE
    { 0x1EAF, 28 }, // U+1EAF
    { 0x1EB0, 43 }, // U+1EB0
    { 0x1EB1, 28 }, // U+1EB1
    { 0x1EB2, 43 }, // U+1EB2
    { 0x1EB3, 28 }, // U+1EB3
    { 0x1EB4, 43 }, // U+1EB4
    { 0x1EB5, 28 }, // U+1EB5
    { 0x1EB6, 43 }, // U+1EB6
    { 0x1EB7, 28 }, // U+1EB7
    { 0x1EB8, 11 }, // U+1EB8
    { 0x1EB9, 30 }, // U+1EB9
    { 0x1EBA, 11 }, // U+1EBA
    { 0x1EBB, 30 }, // U+1EBB
    { 0x1EBC, 11 }, // U+1EBC
    { 0x1EBD, 30 }, // U+1EBD
    { 0x1EBE, 11 }, // U+1EBE
    { 0x1EBF, 30 }, // U+1EBF
    { 0x1EC0, 11 }, // U+1EC0
    { 0x1EC1, 30 }, // U+1EC1
    { 0x1EC2, 11 }, // U+1EC2
    { 0x1EC3, 30 }, // U+1EC3
    { 0x1EC4, 11 }, // U+1EC4
    { 0x1EC5, 30 }, // U+1EC5
    { 0x1EC6, 11 }, // U+1EC6
    { 0x1EC7, 30 }, // U+1EC7
    { 0x1ECC, 10 }, // U+1ECC
    { 0x1ECD, 29 }, // U+1ECD
    { 0x1ECE, 10 }, // U+1ECE
    { 0x1ECF, 29 }, // U+1ECF
    { 0x1ED0, 10 }, // U+1ED0
    { 0x1ED1, 29 }, // U+1ED1
    { 0x1ED2, 10 }, // U+1ED2
    { 0x1ED3, 29 }, // U+1ED3
    { 0x1ED4, 10 }, // U+1ED4
    { 0x1ED5, 29 }, // U+1ED5
    { 0x1ED6, 10 }, // U+1ED6
    { 0x1ED7, 29 }, // U+1ED7
    { 0x1ED8, 10 }, // U+1ED8
    { 0x1ED9, 97 }, // U+1ED9
    { 0x1EDA, 46 }, // U+1EDA
    { 0x1EDB, 47 }, // U+1EDB
    { 0x1EDC, 46 }, // U+1EDC
    { 0x1EDD, 47 }, // U+1EDD
    { 0x1EDE, 46 }, // U+1EDE
    { 0x1EDF, 47 }, // U+1EDF
    { 0x1EE0, 46 }, // U+1EE0
    { 0x1EE1, 47 }, // U+1EE1
    { 0x1EE2, 46 }, // U+1EE2
    { 0x1EE3, 47 }, // U+1EE3
    { 0x1EE4, 22 }, // U+1EE4
    { 0x1EE5, 28 }, // U+1EE5
    { 0x1EE6, 22 }, // U+1EE6
    { 0x1EE7, 28 }, // U+1EE7
    { 0x1EE8, 48 }, // U+1EE8
    { 0x1EE9, 49 }, // U+1EE9
    { 0x1EEA, 48 }, // U+1EEA
    { 0x1EEB, 49 }, // U+1EEB
    { 0x1EEC, 48 }, // U+1EEC
    { 0x1EED, 49 }, // U+1EED
    { 0x1EEE, 48 }, // U+1EEE
    { 0x1EEF, 49 }, // U+1EEF
    { 0x1EF0, 48 }, // U+1EF0
    { 0x1EF1, 49 }, // U+1EF1
    { 0x1EF2, 26 }, // U+1EF2
    { 0x1EF3, 38 }, // U+1EF3
    { 0x1EF4, 26 }, // U+1EF4
    { 0x1EF5, 38 }, // U+1EF5
    { 0x1EF6, 26 }, // U+1EF6
    { 0x1EF7, 38 }, // U+1EF7
    { 0x1EF8, 26 }, // U+1EF8
    { 0x1EF9, 38 }, // U+1EF9
    { 0x2013, 6 }, // U+2013
    { 0x2014, 6 }, // U+2014
    { 0x2015, 6 }, // U+2015
    { 0x2018, 98 }, // U+2018
    { 0x2019, 99 }, // U+2019
    { 0x201A, 5 }, // U+201A
    { 0x201C, 98 }, // U+201C
    { 0x201D, 99 }, // U+201D
    { 0x201E, 5 }, // U+201E
    { 0x2039, 41 }, // U+2039
    { 0x207D, 100 }, // U+207D
    { 0x208D, 101 }, // U+208D
    { 0x2090, 102 }, // U+2090
    { 0x2092, 103 }, // U+2092
    { 0xFB00, 31 }, // U+FB00
};

static const EpdKernClassEntry notoserif_5_bolditalicKernRightClasses[] = {
    { 0x0022, 1 }, // "
    { 0x0026, 2 }, // &
    { 0x0027, 1 }, // '
    { 0x0029, 3 }, // )
    { 0x002A, 4 }, // *
    { 0x002C, 5 }, // ,
    { 0x002D, 6 }, // -
    { 0x002E, 7 }, // .
    { 0x003A, 8 }, // :
    { 0x003B, 8 }, // ;
    { 0x003F, 9 }, // ?
    { 0x0041, 10 }, // A
    { 0x0042, 11 }, // B
    { 0x0043, 12 }, // C
    { 0x0044, 11 }, // D
    { 0x0045, 11 }, // E
    { 0x0046, 11 }, // F
    { 0x0047, 12 }, // G
    { 0x0048, 11 }, // H
    { 0x0049, 11 }, // I
    { 0x004A, 11 }, // J
    { 0x004B, 11 }, // K
    { 0x004C, 11 }, // L
    { 0x004D, 11 }, // M
    { 0x004E, 11 }, // N
    { 0x004F, 12 }, // O
    { 0x0050, 11 }, // P
    { 0x0051, 12 }, // Q
    { 0x0052, 11 }, // R
    { 0x0053, 13 }, // S
    { 0x0054, 14 }, // T
    { 0x0055, 15 }, // U
    { 0x0056, 16 }, // V
    { 0x0057, 17 }, // W
    { 0x0058, 18 }, // X
    { 0x0059, 19 }, // Y
    { 0x005A, 20 }, // Z
    { 0x005C, 21 }, // <backslash>
    { 0x005D, 3 }, // ]
    { 0x005F, 22 }, // _
    { 0x0061, 23 }, // a
    { 0x0062, 24 }, // b
    { 0x0063, 25 }, // c
    { 0x0064, 25 }, // d
    { 0x0065, 25 }, // e
    { 0x0067, 26 }, // g
    { 0x0068, 24 }, // h
    { 0x0069, 27 }, // i
    { 0x006B, 24 }, // k
    { 0x006C, 28 }, // l
    { 0x006D, 29 }, // m
    { 0x006E, 29 }, // n
    { 0x006F, 25 }, // o
    { 0x0070, 29 }, // p
    { 0x0071, 25 }, // q
    { 0x0072, 29 }, // r
    { 0x0073, 30 }, // s
    { 0x0074, 31 }, // t
    { 0x0075, 32 }, // u
    { 0x0076, 33 }, // v
    { 0x0077, 34 }, // w
    { 0x0078, 35 }, // x
    { 0x0079, 36 }, // y
    { 0x007A, 37 }, // z
    { 0x007D, 3 }, // }
    { 0x00A9, 38 }, // U+00A9
    { 0x00AE, 38 }, // U+00AE
    { 0x00BB, 39 }, // U+00BB
    { 0x00C0, 10 }, // U+00C0
    { 0x00C1, 10 }, // U+00C1
    { 0x00C2, 10 }, // U+00C2
    { 0x00C3, 10 }, // U+00C3
    { 0x00C4, 10 }, // U+00C4
    { 0x00C5, 10 }, // U+00C5
    { 0x00C6, 40 }, // U+00C6
    { 0x00C7, 12 }, // U+00C7
    { 0x00C8, 11 }, // U+00C8
    { 0x00C9, 11 }, // U+00C9
    { 0x00CA, 11 }, // U+00CA
    { 0x00CB, 11 }, // U+00CB
    { 0x00CC, 11 }, // U+00CC
    { 0x00CD, 11 }, // U+00CD
    { 0x00CE, 11 }, // U+00CE
    { 0x00CF, 11 }, // U+00CF
    { 0x00D0, 11 }, // U+00D0
    { 0x00D1, 11 }, // U+00D1
    { 0x00D2, 12 }, // U+00D2
    { 0x00D3, 12 }, // U+00D3
    { 0x00D4, 12 }, // U+00D4
    { 0x00D5, 12 }, // U+00D5
    { 0x00D6, 12 }, // U+00D6
    { 0x00D8, 12 }, // U+00D8
    { 0x00D9, 15 }, // U+00D9
    { 0x00DA, 15 }, // U+00DA
    { 0x00DB, 15 }, // U+00DB
    { 0x00DC, 15 }, // U+00DC
    { 0x00DD, 19 }, // U+00DD
    { 0x00DE, 11 }, // U+00DE
    { 0x00E0, 23 }, // U+00E0
    { 0x00E1, 23 }, // U+00E1
    { 0x00E2, 23 }, // U+00E2
    { 0x00E3, 23 }, // U+00E3
    { 0x00E4, 23 }, // U+00E4
    { 0x00E5, 23 }, // U+00E5
    { 0x00E6, 23 }, // U+00E6
    { 0x00E7, 25 }, // U+00E7
    { 0x00E8, 25 }, // U+00E8
    { 0x00E9, 25 }, // U+00E9
    { 0x00EA, 25 }, // U+00EA
    { 0x00EB, 25 }, // U+00EB
    { 0x00EC, 27 }, // U+00EC
    { 0x00ED, 27 }, // U+00ED
    { 0x00EE, 27 }, // U+00EE
    { 0x00EF, 27 }, // U+00EF
    { 0x00F0, 25 }, // U+00F0
    { 0x00F1, 29 }, // U+00F1
    { 0x00F2, 25 }, // U+00F2
    { 0x00F3, 25 }, // U+00F3
    { 0x00F4, 25 }, // U+00F4
    { 0x00F5, 25 }, // U+00F5
    { 0x00F6, 25 }, // U+00F6
    { 0x00F8, 25 }, // U+00F8
    { 0x00F9, 32 }, // U+00F9
    { 0x00FA, 32 }, // U+00FA
    { 0x00FB, 32 }, // U+00FB
    { 0x00FC, 32 }, // U+00FC
    { 0x00FD, 36 }, // U+00FD
    { 0x00FE, 24 }, // U+00FE
    { 0x00FF, 36 }, // U+00FF
    { 0x0100, 10 }, // U+0100
    { 0x0101, 23 }, // U+0101
    { 0x0102, 10 }, // U+0102
    { 0x0103, 23 }, // U+0103
    { 0x0104, 10 }, // U+0104
    { 0x0105, 23 }, // U+0105
    { 0x0106, 12 }, // U+0106
    { 0x0107, 25 }, // U+0107
    { 0x0108, 12 }, // U+0108
    { 0x0109, 25 }, // U+0109
    { 0x010A, 12 }, // U+010A
    { 0x010B, 25 }, // U+010B
    { 0x010C, 12 }, // U+010C
    { 0x010D, 25 }, // U+010D
    { 0x010E, 11 }, // U+010E
    { 0x010F, 25 }, // U+010F
    { 0x0110, 11 }, // U+0110
    { 0x0111, 25 }, // U+0111
    { 0x0112, 11 }, // U+0112
    { 0x0113, 25 }, // U+0113
    { 0x0114, 11 }, // U+0114
    { 0x0115, 25 }, // U+0115
    { 0x0116, 11 }, // U+0116
    { 0x0117, 25 }, // U+0117
    { 0x0118, 11 }, // U+0118
    { 0x0119, 25 }, // U+0119
    { 0x011A, 11 }, // U+011A
    { 0x011B, 25 }, // U+011B
    { 0x011C, 12 }, // U+011C
    { 0x011D, 25 }, // U+011D
    { 0x011E, 12 }, // U+011E
    { 0x011F, 25 }, // U+011F
    { 0x0120, 12 }, // U+0120
    { 0x0121, 25 }, // U+0121
    { 0x0122, 12 }, // U+0122
    { 0x0123, 25 }, // U+0123
    { 0x0124, 11 }, // U+0124
    { 0x0125, 24 }, // U+0125
    { 0x0126, 11 }, // U+0126
    { 0x0127, 24 }, // U+0127
    { 0x0128, 11 }, // U+0128
    { 0x0129, 27 }, // U+0129
    { 0x012A, 11 }, // U+012A
    { 0x012B, 27 }, // U+012B
    { 0x012C, 11 }, // U+012C
    { 0x012D, 27 }, // U+012D
    { 0x012E, 11 }, // U+012E
    { 0x012F, 27 }, // U+012F
    { 0x0130, 11 }, // U+0130
    { 0x0132, 11 }, // U+0132
    { 0x0133, 27 }, // U+0133
    { 0x0134, 11 }, // U+0134
    { 0x0136, 11 }, // U+0136
    { 0x0137, 24 }, // U+0137
    { 0x0138, 29 }, // U+0138
    { 0x0139, 11 }, // U+0139
    { 0x013A, 28 }, // U+013A
    { 0x013B, 11 }, // U+013B
    { 0x013C, 28 }, // U+013C
    { 0x013D, 11 }, // U+013D
    { 0x013E, 28 }, // U+013E
    { 0x013F, 11 }, // U+013F
    { 0x0140, 28 }, // U+0140
    { 0x0141, 11 }, // U+0141
    { 0x0142, 28 }, // U+0142
    { 0x0143, 11 }, // U+0143
    { 0x0144, 29 }, // U+0144
    { 0x0145, 11 }, // U+0145
    { 0x0146, 29 }, // U+0146
    { 0x0147, 11 }, // U+0147
    { 0x0148, 29 }, // U+0148
    { 0x0149, 41 }, // U+0149
    { 0x014A, 11 }, // U+014A
    { 0x014B, 29 }, // U+014B
    { 0x014C, 12 }, // U+014C
    { 0x014D, 25 }, // U+014D
    { 0x014E, 12 }, // U+014E
    { 0x014F, 25 }, // U+014F
    { 0x0150, 12 }, // U+0150
    { 0x0151, 25 }, // U+0151
    { 0x0152, 12 }, // U+0152
    { 0x0153, 25 }, // U+0153
    { 0x0154, 11 }, // U+0154
    { 0x0155, 29 }, // U+0155
    { 0x0156, 11 }, // U+0156
    { 0x0157, 29 }, // U+0157
    { 0x0158, 11 }, // U+0158
    { 0x0159, 29 }, // U+0159
    { 0x015A, 13 }, // U+015A
    { 0x015B, 30 }, // U+015B
    { 0x015C, 13 }, // U+015C
    { 0x015D, 30 }, // U+015D
    { 0x015E, 13 }, // U+015E
    { 0x015F, 30 }, // U+015F
    { 0x0160, 13 }, // U+0160
    { 0x0161, 30 }, // U+0161
    { 0x0163, 31 }, // U+0163
    { 0x0165, 31 }, // U+0165
    { 0x0167, 31 }, // U+0167
    { 0x0168, 15 }, // U+0168
    { 0x0169, 32 }, // U+0169
    { 0x016A, 15 }, // U+016A
    { 0x016B, 32 }, // U+016B
    { 0x016C, 15 }, // U+016C
    { 0x016D, 32 }, // U+016D
    { 0x016E, 15 }, // U+016E
    { 0x016F, 32 }, // U+016F
    { 0x0170, 15 }, // U+0170
    { 0x0171, 32 }, // U+0171
    { 0x0172, 15 }, // U+0172
    { 0x0173, 32 }, // U+0173
    { 0x0174, 17 }, // U+0174
    { 0x0175, 34 }, // U+0175
    { 0x0176, 19 }, // U+0176
    { 0x0177, 36 }, // U+0177
    { 0x0178, 19 }, // U+0178
    { 0x0179, 20 }, // U+0179
    { 0x017A, 37 }, // U+017A
    { 0x017B, 20 }, // U+017B
    { 0x017C, 37 }, // U+017C
    { 0x017D, 20 }, // U+017D
    { 0x017E, 37 }, // U+017E
    { 0x01A0, 12 }, // U+01A0
    { 0x01A1, 25 }, // U+01A1
    { 0x01AF, 15 }, // U+01AF
    { 0x01B0, 32 }, // U+01B0
    { 0x01FA, 10 }, // U+01FA
    { 0x01FB, 23 }, // U+01FB
    { 0x01FC, 40 }, // U+01FC
    { 0x01FD, 23 }, // U+01FD
    { 0x01FE, 12 }, // U+01FE
    { 0x01FF, 25 }, // U+01FF
    { 0x0218, 13 }, // U+0218
    { 0x0219, 30 }, // U+0219
    { 0x021B, 31 }, // U+021B
    { 0x021E, 11 }, // U+021E
    { 0x0400, 42 }, // U+0400
    { 0x0401, 42 }, // U+0401
    { 0x0402, 43 }, // U+0402
    { 0x0403, 42 }, // U+0403
    { 0x0404, 44 }, // U+0404
    { 0x0405, 45 }, // U+0405
    { 0x0406, 42 }, // U+0406
    { 0x0407, 42 }, // U+0407
    { 0x0408, 46 }, // U+0408
    { 0x0409, 47 }, // U+0409
    { 0x040A, 42 }, // U+040A
    { 0x040B, 43 }, // U+040B
    { 0x040C, 42 }, // U+040C
    { 0x040D, 42 }, // U+040D
    { 0x040E, 48 }, // U+040E
    { 0x040F, 42 }, // U+040F
    { 0x0410, 49 }, // U+0410
    { 0x0411, 42 }, // U+0411
    { 0x0412, 42 }, // U+0412
    { 0x0413, 42 }, // U+0413
    { 0x0414, 50 }, // U+0414
    { 0x0415, 42 }, // U+0415
    { 0x0416, 51 }, // U+0416
    { 0x0417, 52 }, // U+0417
    { 0x0418, 42 }, // U+0418
    { 0x0419, 42 }, // U+0419
    { 0x041A, 42 }, // U+041A
    { 0x041B, 47 }, // U+041B
    { 0x041C, 42 }, // U+041C
    { 0x041D, 42 }, // U+041D
    { 0x041E, 44 }, // U+041E
    { 0x041F, 42 }, // U+041F
    { 0x0420, 42 }, // U+0420
    { 0x0421, 44 }, // U+0421
    { 0x0422, 43 }, // U+0422
    { 0x0423, 48 }, // U+0423
    { 0x0424, 53 }, // U+0424
    { 0x0425, 54 }, // U+0425
    { 0x0426, 42 }, // U+0426
    { 0x0427, 55 }, // U+0427
    { 0x0428, 42 }, // U+0428
    { 0x0429, 42 }, // U+0429
    { 0x042A, 43 }, // U+042A
    { 0x042B, 42 }, // U+042B
    { 0x042C, 42 }, // U+042C
    { 0x042D, 52 }, // U+042D
    { 0x042E, 42 }, // U+042E
    { 0x042F, 56 }, // U+042F
    { 0x0430, 57 }, // U+0430
    { 0x0431, 58 }, // U+0431
    { 0x0432, 57 }, // U+0432
    { 0x0433, 59 }, // U+0433
    { 0x0434, 60 }, // U+0434
    { 0x0435, 57 }, // U+0435
    { 0x0436, 61 }, // U+0436
    { 0x0437, 62 }, // U+0437
    { 0x0438, 63 }, // U+0438
    { 0x0439, 63 }, // U+0439
    { 0x043A, 64 }, // U+043A
    { 0x043B, 65 }, // U+043B
    { 0x043C, 65 }, // U+043C
    { 0x043D, 64 }, // U+043D
    { 0x043E, 57 }, // U+043E
    { 0x043F, 64 }, // U+043F
    { 0x0440, 66 }, // U+0440
    { 0x0441, 57 }, // U+0441
    { 0x0442, 64 }, // U+0442
    { 0x0443, 67 }, // U+0443
    { 0x0444, 57 }, // U+0444
    { 0x0445, 68 }, // U+0445
    { 0x0446, 63 }, // U+0446
    { 0x0447, 69 }, // U+0447
    { 0x0448, 63 }, // U+0448
    { 0x0449, 63 }, // U+0449
    { 0x044A, 70 }, // U+044A
    { 0x044B, 63 }, // U+044B
    { 0x044C, 63 }, // U+044C
    { 0x044D, 61 }, // U+044D
    { 0x044E, 64 }, // U+044E
    { 0x044F, 71 }, // U+044F
    { 0x0450, 57 }, // U+0450
    { 0x0451, 57 }, // U+0451
    { 0x0452, 72 }, // U+0452
    { 0x0453, 59 }, // U+0453
    { 0x0454, 57 }, // U+0454
    { 0x0455, 73 }, // U+0455
    { 0x0456, 74 }, // U+0456
    { 0x0457, 75 }, // U+0457
    { 0x0458, 76 }, // U+0458
    { 0x0459, 65 }, // U+0459
    { 0x045A, 64 }, // U+045A
    { 0x045B, 72 }, // U+045B
    { 0x045C, 64 }, // U+045C
    { 0x045D, 63 }, // U+045D
    { 0x045E, 67 }, // U+045E
    { 0x045F, 63 }, // U+045F
    { 0x0460, 77 }, // U+0460
    { 0x0461, 78 }, // U+0461
    { 0x0466, 49 }, // U+0466
    { 0x046A, 79 }, // U+046A
    { 0x046E, 52 }, // U+046E
    { 0x0470, 80 }, // U+0470
    { 0x0471, 63 }, // U+0471
    { 0x0472, 77 }, // U+0472
    { 0x0473, 81 }, // U+0473
    { 0x0474, 80 }, // U+0474
    { 0x0475, 82 }, // U+0475
    { 0x0476, 80 }, // U+0476
    { 0x0477, 82 }, // U+0477
    { 0x0478, 77 }, // U+0478
    { 0x0479, 81 }, // U+0479
    { 0x047A, 77 }, // U+047A
    { 0x047B, 81 }, // U+047B
    { 0x047C, 77 }, // U+047C
    { 0x047D, 81 }, // U+047D
    { 0x047E, 77 }, // U+047E
    { 0x047F, 78 }, // U+047F
    { 0x0480, 77 }, // U+0480
    { 0x0481, 81 }, // U+0481
    { 0x048B, 63 }, // U+048B
    { 0x048F, 66 }, // U+048F
    { 0x0496, 51 }, // U+0496
    { 0x0497, 61 }, // U+0497
    { 0x0498, 52 }, // U+0498
    { 0x0499, 61 }, // U+0499
    { 0x049F, 72 }, // U+049F
    { 0x04A0, 83 }, // U+04A0
    { 0x04A1, 70 }, // U+04A1
    { 0x04A8, 77 }, // U+04A8
    { 0x04A9, 81 }, // U+04A9
    { 0x04AA, 77 }, // U+04AA
    { 0x04AB, 81 }, // U+04AB
    { 0x04AC, 83 }, // U+04AC
    { 0x04AE, 80 }, // U+04AE
    { 0x04AF, 82 }, // U+04AF
    { 0x04B0, 80 }, // U+04B0
    { 0x04B1, 82 }, // U+04B1
    { 0x04B2, 54 }, // U+04B2
    { 0x04B3, 68 }, // U+04B3
    { 0x04B4, 83 }, // U+04B4
    { 0x04B5, 70 }, // U+04B5
    { 0x04B6, 55 }, // U+04B6
    { 0x04B7, 69 }, // U+04B7
    { 0x04B8, 55 }, // U+04B8
    { 0x04B9, 69 }, // U+04B9
    { 0x04C1, 51 }, // U+04C1
    { 0x04C2, 61 }, // U+04C2
    { 0x04C5, 50 }, // U+04C5
    { 0x04C6, 65 }, // U+04C6
    { 0x04CB, 55 }, // U+04CB
    { 0x04CC, 69 }, // U+04CC
    { 0x04CE, 84 }, // U+04CE
    { 0x04D0, 49 }, // U+04D0
    { 0x04D1, 81 }, // U+04D1
    { 0x04D2, 49 }, // U+04D2
    { 0x04D3, 81 }, // U+04D3
    { 0x04D4, 85 }, // U+04D4
    { 0x04D5, 81 }, // U+04D5
    { 0x04D7, 81 }, // U+04D7
    { 0x04D9, 81 }, // U+04D9
    { 0x04DB, 81 }, // U+04DB
    { 0x04DC, 51 }, // U+04DC
    { 0x04DD, 61 }, // U+04DD
    { 0x04DE, 52 }, // U+04DE
    { 0x04DF, 61 }, // U+04DF
    { 0x04E0, 52 }, // U+04E0
    { 0x04E2, 42 }, // U+04E2
    { 0x04E3, 63 }, // U+04E3
    { 0x04E4, 42 }, // U+04E4
    { 0x04E5, 63 }, // U+04E5
    { 0x04E6, 77 }, // U+04E6
    { 0x04E7, 81 }, // U+04E7
    { 0x04E8, 77 }, // U+04E8
    { 0x04E9, 81 }, // U+04E9
    { 0x04EA, 77 }, // U+04EA
    { 0x04EB, 81 }, // U+04EB
    { 0x04EC, 52 }, // U+04EC
    { 0x04ED, 61 }, // U+04ED
    { 0x04EE, 48 }, // U+04EE
    { 0x04EF, 67 }, // U+04EF
    { 0x04F0, 48 }, // U+04F0
    { 0x04F1, 67 }, // U+04F1
    { 0x04F2, 48 }, // U+04F2
    { 0x04F3, 67 }, // U+04F3
    { 0x04F4, 55 }, // U+04F4
    { 0x04F5, 69 }, // U+04F5
    { 0x04F8, 42 }, // U+04F8
    { 0x04F9, 63 }, // U+04F9
    { 0x04FC, 54 }, // U+04FC
    { 0x04FD, 68 }, // U+04FD
    { 0x04FE, 54 }, // U+04FE
    { 0x1EA0, 10 }, // U+1EA0
    { 0x1EA1, 23 }, // U+1EA1
    { 0x1EA2, 10 }, // U+1EA2
    { 0x1EA3, 23 }, // U+1EA3
    { 0x1EA4, 10 }, // U+1EA4
    { 0x1EA5, 23 }, // U+1EA5
    { 0x1EA6, 10 }, // U+1EA6
    { 0x1EA7, 23 }, // U+1EA7
    { 0x1EA8, 10 }, // U+1EA8
    { 0x1EA9, 23 }, // U+1EA9
    { 0x1EAA, 10 }, // U+1EAA
    { 0x1EAB, 23 }, // U+1EAB
    { 0x1EAC, 10 }, // U+1EAC
    { 0x1EAD, 23 }, // U+1EAD
    { 0x1EAE, 10 }, // U+1EAE
    { 0x1EAF, 23 }, // U+1EAF
    { 0x1EB0, 10 }, // U+1EB0
    { 0x1EB1, 23 }, // U+1EB1
    { 0x1EB2, 10 }, // U+1EB2
    { 0x1EB3, 23 }, // U+1EB3
    { 0x1EB4, 10 }, // U+1EB4
    { 0x1EB5, 23 }, // U+1EB5
    { 0x1EB6, 10 }, // U+1EB6
    { 0x1EB7, 23 }, // U+1EB7
    { 0x1EB8, 11 }, // U+1EB8
    { 0x1EB9, 25 }, // U+1EB9
    { 0x1EBA, 11 }, // U+1EBA
    { 0x1EBB, 25 }, // U+1EBB
    { 0x1EBC, 11 }, // U+1EBC
    { 0x1EBD, 25 }, // U+1EBD
    { 0x1EBE, 11 }, // U+1EBE
    { 0x1EBF, 25 }, // U+1EBF
    { 0x1EC0, 11 }, // U+1EC0
    { 0x1EC1, 25 }, // U+1EC1
    { 0x1EC2, 11 }, // U+1EC2
    { 0x1EC3, 25 }, // U+1EC3
    { 0x1EC4, 11 }, // U+1EC4
    { 0x1EC5, 25 }, // U+1EC5
    { 0x1EC6, 11 }, // U+1EC6
    { 0x1EC7, 25 }, // U+1EC7
    { 0x1EC9, 86 }, // U+1EC9
    { 0x1ECB, 86 }, // U+1ECB
    { 0x1ECC, 12 }, // U+1ECC
    { 0x1ECD, 25 }, // U+1ECD
    { 0x1ECE, 12 }, // U+1ECE
    { 0x1ECF, 25 }, // U+1ECF
    { 0x1ED0, 12 }, // U+1ED0
    { 0x1ED1, 25 }, // U+1ED1
    { 0x1ED2, 12 }, // U+1ED2
    { 0x1ED3, 25 }, // U+1ED3
    { 0x1ED4, 12 }, // U+1ED4
    { 0x1ED5, 25 }, // U+1ED5
    { 0x1ED6, 12 }, // U+1ED6
    { 0x1ED7, 25 }, // U+1ED7
    { 0x1ED8, 12 }, // U+1ED8
    { 0x1ED9, 25 }, // U+1ED9
    { 0x1EDA, 12 }, // U+1EDA
    { 0x1EDB, 25 }, // U+1EDB
    { 0x1EDC, 12 }, // U+1EDC
    { 0x1EDD, 25 }, // U+1EDD
    { 0x1EDE, 12 }, // U+1EDE
    { 0x1EDF, 25 }, // U+1EDF
    { 0x1EE0, 12 }, // U+1EE0
    { 0x1EE1, 25 }, // U+1EE1
    { 0x1EE2, 12 }, // U+1EE2
    { 0x1EE3, 25 }, // U+1EE3
    { 0x1EE4, 15 }, // U+1EE4
    { 0x1EE5, 32 }, // U+1EE5
    { 0x1EE6, 15 }, // U+1EE6
    { 0x1EE7, 32 }, // U+1EE7
    { 0x1EE8, 15 }, // U+1EE8
    { 0x1EE9, 32 }, // U+1EE9
    { 0x1EEA, 15 }, // U+1EEA
    { 0x1EEB, 32 }, // U+1EEB
    { 0x1EEC, 15 }, // U+1EEC
    { 0x1EED, 32 }, // U+1EED
    { 0x1EEE, 15 }, // U+1EEE
    { 0x1EEF, 32 }, // U+1EEF
    { 0x1EF0, 15 }, // U+1EF0
    { 0x1EF1, 32 }, // U+1EF1
    { 0x1EF2, 19 }, // U+1EF2
    { 0x1EF3, 36 }, // U+1EF3
    { 0x1EF4, 19 }, // U+1EF4
    { 0x1EF5, 36 }, // U+1EF5
    { 0x1EF6, 19 }, // U+1EF6
    { 0x1EF7, 36 }, // U+1EF7
    { 0x1EF8, 19 }, // U+1EF8
    { 0x1EF9, 36 }, // U+1EF9
    { 0x2013, 6 }, // U+2013
    { 0x2014, 6 }, // U+2014
    { 0x2015, 6 }, // U+2015
    { 0x2018, 87 }, // U+2018
    { 0x2019, 4 }, // U+2019
    { 0x201A, 88 }, // U+201A
    { 0x201C, 87 }, // U+201C
    { 0x201D, 4 }, // U+201D
    { 0x201E, 88 }, // U+201E
    { 0x2026, 88 }, // U+2026
    { 0x203A, 39 }, // U+203A
    { 0x207E, 89 }, // U+207E
    { 0x208E, 90 }, // U+208E
};

static const int8_t notoserif_5_bolditalicKernMatrix[] = {
       0,    0,    0,    0,    0,    0,    0,    0,    0,  -13,    0,    0,    0,    0,    0,    0,    0,    0,    0,    0,    0,    0,    0,    0,    0,   -7,    3,    0,    0,    0,    0,    0,    0,    0,    0,    0,    0,    0,    0,  -20,    0,    0,    0,    0,    0,    0,    0,    0,  -13,  -13,    0,    0,    0,    0,    0,    0,    0,    0,    0,    0,    0,    0,    0,    0,  -10,    0,    0,    0,    0,    0,    0,    0,    0,    0,    0,    0,    0,    0,    0,    0,    0,    0,    0,    0,  -20,    0,    0,    0,    0,    0,
       0,    0,    0,    0,    0,    0,    0,    0,    0,    0,    0,    0,    0,   -7,   -2,   -8,   -7,    0,   -8,    0,    0,    0,    0,    0,    0,    0,    0,    0,    0,    0,    0,    0,    0,    0,    0,    0,    0,    0,    0,    0,    0,    0,    0,    0,    0,    0,    0,    0,    0,    0,    0,    0,    0,    0,    0,    0,    0,    0,    0,    0,    0,    0,    0,    0,    0,    0,    0,    0,    0,    0,    0,    0,    0,    0,    0,    0,    0,    0,    0,    0,    0,    0,    0,    0,    0,    0,    0,    0,    0,    0,
       0,    0,    0,    0,    0,    0,    0,    0,    0,    0,    0,    0,    0,    0,    0,    0,    0,    0,    0,    0,    0,    0,    0,    0,    0,    0,    0,    0,    0,    0,    0,    0,    0,    0,    0,    0,    0,    0,    0,    0,    0,    0,    0,   -3,    0,    5,   -3,    3,    0,    2,    0,    0,   -3,    0,    0,    0,    0,    0,    0,    0,    0,    0,    0,    0,   -3,    0,    0,    0,   -2,    0,    0,    0,    0,    0,    5,    7,    0,    0,    0,    0,    0,    0,    0,    0,    0,    0,    0,    0,    0,    0,
       0,   -3,    0,    0,  -20,    0,  -20,    0,    0,   -8,    0,    0,    0,    0,    0,    0,    0,    0,    0,    0,    0,    0,    0,    0,    0,    0,    0,    0,    0,    0,    0,    0,    0,    0,    0,    0,    0,    0,    0,  -13,    0,    0,    0,    0,    0,    0,    0,   -3,   -8,  -12,    0,    0,    0,    0,    0,    0,    0,    0,    0,    0,    0,    0,    0,    0,   -8,    0,    0,    0,    0,    0,    0,    0,    0,    0,    0,    0,    0,    0,    0,    0,   -8,    0,    0,    0,  -13,    0,    0,  -20,    0,    0,
       0,    0,    0,    0,    0,    0,    0,    0,    0,    0,    0,   -3,    0,  -12,   -2,  -15,  -13,    0,  -12,    0,    0,    0,    0,    0,    0,    0,    0,    0,    0,    0,    0,    0,   -8,   -3,    0,   -3,    0,    0,    0,    0,    0,    0,  -10,   -3,    0,    0,    2,   -3,    0,    3,    0,    0,   -5,    0,  -22,    0,    0,    0,    0,    0,    0,    0,    0,    0,    0,    0,   -3,    0,  -12,  -12,    0,    0,    0,    0,    0,    0,   -3,    0,    0,    0,    0,    0,  -12,    0,    0,    0,    0,    0,    0,    0,
       0,    0,    0,    0,    0,    0,    0,    0,    0,    0,    0,    0,    0,    0,    0,    0,    0,    0,    0,    0,    0,    0,    0,    0,    0,    0,    0,    0,    0,    0,    0,    0,    0,    0,    0,    0,    0,    0,    0,    0,    0,    0,   -7,    0,    0,    0,    0,   -3,   -2,   -2,    0,    0,    0,   -2,   -7,    0,    0,    0,    0,    0,    0,    0,    0,    0,    0,    0,    0,   -3,    0,    0,    0,    0,    0,    0,    0,    0,    0,    0,    0,    0,    0,    0,    0,    0,    0,    0,    0,    0,    0,    0,
     -13,   -3,    0,  -12,    0,    0,    0,    0,    0,    0,    0,   -3,    0,  -10,   -3,  -13,  -12,    0,  -12,    0,    0,    0,    0,    0,   -3,   -3,    0,    0,    0,    0,    0,   -3,  -10,   -5,    0,   -8,    0,   -8,    0,    0,   -8,    0,    0,    0,    0,    0,    0,    0,    0,    0,    0,    0,    0,    0,    0,    0,    0,    0,    0,    0,    0,    0,    0,    0,    0,    0,    0,    0,    0,    0,    0,    0,    0,    0,    0,    0,    0,    0,    0,    0,    0,    0,    0,    0,    0,    0,  -15,    0,    0,    0,
       0,    0,    0,   -3,    0,    0,    0,    0,    0,   -3,    0,    0,    0,   -3,    0,   -7,   -5,   -3,   -7,   -3,    0,    0,    0,    0,    0,    0,    0,    0,    0,    0,    0,    0,    0,   -2,    0,   -3,    0,    0,    0,   -5,    0,    0,    0,    0,    0,    0,    0,    0,    0,    0,    0,    0,    0,    0,    0,    0,    0,    0,    0,    0,    0,    0,    0,    0,    0,    0,    0,    0,    0,    0,    0,    0,    0,    0,    0,    0,    0,    0,    0,    0,    0,    0,    0,    0,    0,    0,    0,    0,    0,    0,
       0,   -3,    0,    0,    0,    0,    0,    0,    0,    0,    0,    0,    0,    0,    0,    0,    0,    0,    0,    0,    0,    0,    0,    0,    0,    0,    0,    0,    0,    0,    0,    0,    0,    0,    0,    0,    0,    0,    0,    0,    0,    0,    0,    0,    0,    0,    0,    0,    0,    0,    0,    0,    0,    0,    0,    0,    0,    0,    0,    0,    0,    0,    0,    0,    0,    0,    0,    0,    0,    0,    0,    0,    0,    0,    0,    0,    0,    0,    0,    0,    0,    0,    0,    0,    0,    0,    0,    0,    0,    0,
      -5,    0,    0,    0,   -3,    0,   -7,    0,    0,   -3,    0,    0,    0,   -3,    0,   -3,   -3,   -3,   -5,    0,    0,    0,    0,    0,    0,    0,    0,    0,    0,    0,    0,    0,    0,    0,    0,    0,    0,    0,    0,   -8,    0,    0,    0,    0,    0,    0,    0,    0,    0,    0,    0,    0,    0,    0,    0,    0,    0,    0,    0,    0,    0,    0,    0,    0,    0,    0,    0,    0,    0,    0,    0,    0,    0,    0,    0,    0,    0,    0,    0,    0,    0,    0,    0,    0,    0,    0,    0,   -3,    0,    0,
       0,    0,    0,    0,    0,    0,    0,    0,    0,    0,    0,    0,    0,    0,    0,   -3,   -3,    0,   -3,    0,    0,    0,    0,    0,    0,    0,    0,    0,    0,    0,    0,    0,    0,    0,    0,    0,    0,    0,    0,    0,    0,    0,    0,    0,    0,    0,    0,    0,    0,    0,    0,    0,    0,    0,    0,    0,    0,    0,    0,    0,    0,    0,    0,    0,    0,    0,    0,    0,    0,    0,    0,    0,    0,    0,    0,    0,    0,    0,    0,    0,    0,    0,    0,    0,    0,    0,    0,    0,    0,    0,
       0,   -7,    0,    0,  -13,    0,  -13,    0,    0,  -12,    0,    0,    0,    0,    0,    0,    0,    0,    0,    0,    0,    0,   -7,    0,   -7,   -7,    0,    0,    0,    0,    0,    0,    0,    0,    0,    0,    0,    0,    0,  -18,    0,    0,    0,    0,    0,    0,    0,    0,    0,    0,    0,    0,    0,    0,    0,    0,    0,    0,    0,    0,    0,    0,    0,    0,    0,    0,    0,    0,    0,    0,    0,    0,    0,    0,    0,    0,    0,    0,    0,    0,    0,    0,    0,    0,    0,    0,    0,  -13,    0,    0,
       0,    0,    0,    0,    0,    0,    0,    0,    0,    0,    0,    0,    0,   -3,    0,   -3,   -3,    0,   -3,    0,    0,    0,    0,    0,    0,    0,    0,    0,    0,    0,    0,    0,    0,    0,    0,    0,    0,    0,    0,   -3,    0,    0,    0,    0,    0,    0,    0,    0,    0,    0,    0,    0,    0,    0,    0,    0,    0,    0,    0,    0,    0,    0,    0,    0,    0,    0,    0,    0,    0,    0,    0,    0,    0,    0,    0,    0,    0,    0,    0,    0,    0,    0,    0,    0,    0,    0,    0,    0,    0,    0,
       0,    0,    0,    0,   -3,    0,   -3,    0,    0,   -3,    0,    0,    0,    0,    0,    0,    0,    0,    0,    0,    0,    0,    0,    0,    0,    0,    0,    0,    0,    0,    0,    0,    0,    0,    0,    0,    0,    0,    0,    0,    0,    0,    0,    0,    0,    0,    0,    0,    0,    0,    0,    0,    0,    0,    0,    0,    0,    0,    0,    0,    0,    0,    0,    0,    0,    0,    0,    0,    0,    0,    0,    0,    0,    0,    0,    0,    0,    0,    0,    0,    0,    0,    0,    0,    0,    0,    0,   -3,    0,    0,
       0,   -3,    0,    0,    0,    0,    0,    0,    0,    0,    0,   -3,    0,    0,    0,    0,    0,    0,    0,    0,    0,    0,    0,    0,   -3,   -3,    0,    0,    0,    0,    0,   -3,    0,   -5,    0,   -5,    0,    0,    0,    0,    0,    0,    0,    0,    0,    0,    0,    0,    0,    0,    0,    0,    0,    0,    0,    0,    0,    0,    0,    0,    0,    0,    0,    0,    0,    0,    0,    0,    0,    0,    0,    0,    0,    0,    0,    0,    0,    0,    0,    0,    0,    0,    0,    0,    0,    0,    0,    0,    0,    0,
     -10,    0,    0,  -13,    0,    0,    0,    0,    0,    0,    0,    0,    0,  -12,   -3,  -13,   -8,    0,  -10,    0,    0,    0,    0,    0,    0,    0,    0,    0,    0,    0,    0,    0,   -5,    0,    0,    0,    0,    0,    0,    0,    0,    0,    0,    0,    0,    0,    0,    0,    0,    0,    0,    0,    0,    0,    0,    0,    0,    0,    0,    0,    0,    0,    0,    0,    0,    0,    0,    0,    0,    0,    0,    0,    0,    0,    0,    0,    0,    0,    0,    0,    0,    0,    0,    0,    0,    0,  -15,    0,    0,    0,
       0,   -3,    0,    0,   -3,    0,   -3,    0,    0,    0,    0,    0,    0,    0,    0,    0,    0,    0,    0,    0,    0,    0,    0,    0,    0,    0,    0,    0,    0,    0,    0,    0,    0,    0,    0,    0,    0,    0,    0,    0,    0,    0,    0,    0,    0,    0,    0,    0,    0,    0,    0,    0,    0,    0,    0,    0,    0,    0,    0,    0,    0,    0,    0,    0,    0,    0,    0,    0,    0,    0,    0,    0,    0,    0,    0,    0,    0,    0,    0,    0,    0,    0,    0,    0,    0,    0,    0,   -3,    0,    0,
       0,   -3,    0,    0,  -20,    0,  -20,    0,    0,   -8,    0,    0,    0,    0,    0,    0,    0,    0,    0,    0,    0,    0,    0,    0,    0,    0,    0,    0,    0,    0,    0,    0,    0,    0,    0,    0,    0,    0,    0,  -13,    0,    0,    0,    0,    0,    0,    0,    0,    0,    0,    0,    0,    0,    0,    0,    0,    0,    0,    0,    0,    0,    0,    0,    0,    0,    0,    0,    0,    0,    0,    0,    0,    0,    0,    0,    0,    0,    0,    0,    0,    0,    0,    0,    0,    0,    0,    0,  -20,    0,    0,
       0,   -3,    0,   -3,    0,    0,    0,    0,    0,    0,    0,   -3,    0,   -3,   -2,   -5,   -5,    0,   -5,    0,    0,    0,    0,    0,    0,    0,    0,    0,    0,    0,    0,    0,    0,   -3,    0,   -3,    0,    0,    0,    0,    0,    0,    0,    0,    0,    0,    0,    0,    0,    0,    0,    0,    0,    0,    0,    0,    0,    0,    0,    0,    0,    0,    0,    0,    0,    0,    0,    0,    0,    0,    0,    0,    0,    0,    0,    0,    0,    0,    0,    0,    0,    0,    0,    0,    0,    0,    0,    0,    0,    0,
       0,    0,    0,    0,    0,    0,    0,    0,    0,   -3,    0,    0,    0,   -3,    0,   -3,   -3,   -3,   -3,    0,    0,    0,    0,    0,    0,    0,    0,    0,    0,    0,    0,    0,    0,   -2,    0,   -3,    0,    0,    0,   -3,    0,    0,    0,    0,    0,    0,    0,    0,    0,    0,    0,    0,    0,    0,    0,    0,    0,    0,    0,    0,    0,    0,    0,    0,    0,    0,    0,    0,    0,    0,    0,    0,    0,    0,    0,    0,    0,    0,    0,    0,    0,    0,    0,    0,    0,    0,    0,    0,    0,    0,
       0,   -3,    0,    0,  -15,    0,  -15,    0,    0,  -10,    0,   -3,    0,    0,    0,    0,    0,    0,    0,    0,    0,    0,   -5,    0,   -5,   -5,    0,    0,    0,    0,    0,    0,    0,    0,    0,    0,    0,    0,    0,  -13,    8,    0,    0,    0,    0,    0,    0,    0,    0,    0,    0,    0,    0,    0,    0,    0,    0,    0,    0,    0,    0,    0,    0,    0,    0,    0,    0,    0,    0,    0,    0,    0,    0,    0,    0,    0,    0,    0,    0,    0,    0,    0,    0,    0,    0,    0,    0,  -15,    0,    0,
       0,   -3,    0,    0,   -3,    0,   -3,    0,    0,   -3,    0,    0,    0,    0,    0,    0,    0,    0,    0,    0,    0,    0,    0,    0,    0,    0,    0,    0,    0,    0,    0,    0,    0,    0,    0,    0,    0,    0,    0,   -3,    0,    0,    0,    0,    0,    0,    0,    0,    0,    0,    0,    0,    0,    0,    0,    0,    0,    0,    0,    0,    0,    0,    0,    0,    0,    0,    0,    0,    0,    0,    0,    0,    0,    0,    0,    0,    0,    0,    0,    0,    0,    0,    0,    0,    0,    0,    0,   -3,    0,    0,
       0,   -5,    0,    0,  -18,    0,  -18,    0,    0,  -13,    0,   -3,    0,    0,    0,    0,    0,    0,    0,    0,    0,    0,  -10,    0,  -10,  -10,    0,    0,    0,   -7,    0,    0,    0,    0,    0,    0,    0,    0,    0,  -22,    0,    0,    0,    0,    0,    0,    0,    0,    0,    0,    0,    0,    0,    0,    0,    0,    0,    0,    0,    0,    0,    0,    0,    0,    0,    0,    0,    0,    0,    0,    0,    0,    0,    0,    0,    0,    0,    0,    0,    0,    0,    0,    0,    0,    0,    0,    0,  -18,    0,    0,
       0,   -5,    0,    0,  -15,    0,  -15,    0,    0,  -10,    0,   -3,    0,    0,    0,    0,    0,    0,    0,    0,    0,    0,   -8,    0,  -10,  -10,    0,    0,    0,   -5,    0,    0,    0,    0,   -3,    0,    0,    0,    0,  -22,    0,    0,    0,    0,    0,    0,    0,    0,    0,    0,    0,    0,    0,    0,    0,    0,    0,    0,    0,    0,    0,    0,    0,    0,    0,    0,    0,    0,    0,    0,    0,    0,    0,    0,    0,    0,    0,    0,    0,    0,    0,    0,    0,    0,    0,    0,    0,  -15,    0,    0,
       0,    0,    0,    0,    0,    0,    0,    0,    0,    0,    0,   -3,   -2,    0,    0,    0,    0,    0,    0,    0,    0,    0,    0,    0,   -2,   -2,    0,    0,    0,    0,    0,    0,    0,   -5,    0,   -8,    0,   -7,    0,    0,    0,    0,    0,    0,    0,    0,    0,    0,    0,    0,    0,    0,    0,    0,    0,    0,    0,    0,    0,    0,    0,    0,    0,    0,    0,    0,    0,    0,    0,    0,    0,    0,    0,    0,    0,    0,    0,    0,    0,    0,    0,    0,    0,    0,    0,    0,    0,    0,    0,    0,
       0,   -5,    0,    0,  -13,    0,  -13,    0,    0,  -12,    0,   -5,   -3,    0,    0,    0,    0,    0,    0,    0,    0,    0,  -10,    0,  -12,  -12,    0,    0,    0,  -10,    0,    0,    0,    0,   -2,    0,   -2,    0,    0,  -15,    0,    0,    0,    0,    0,    0,    0,    0,    0,    0,    0,    0,    0,    0,    0,    0,    0,    0,    0,    0,    0,    0,    0,    0,    0,    0,    0,    0,    0,    0,    0,    0,    0,    0,    0,    0,    0,    0,    0,    0,    0,    0,    0,    0,    0,    0,    0,  -13,    0,    0,
       0,    0,    0,    0,    0,    0,    0,    0,    0,    0,    0,    0,    0,    0,    0,    0,    0,    0,    0,    0,    0,    0,    0,    0,    0,    0,    0,    0,    0,    0,    0,    0,    0,    0,    0,    0,    0,    0,    0,    0,    0,    0,   -7,   -3,    0,   10,    0,   -5,    0,    8,    0,    0,   -7,    0,  -18,    0,   -3,   -3,    0,   -3,    0,    0,    0,    0,    0,    0,    7,    0,  -13,   -3,    0,    0,    0,    0,    0,   10,    0,    0,    0,    0,    0,    0,    0,    0,    0,    0,    0,    0,    0,    0,
      -7,    0,    0,    0,    0,    0,    0,    0,    0,    0,    0,    0,    0,   -3,    0,   -8,   -7,    0,   -8,    0,    0,    0,    0,    0,    0,    0,    0,    0,    0,    0,    0,    0,    0,    0,    0,   -3,    0,    0,    0,    0,    0,    0,    0,    0,    0,    0,    0,    0,    0,    0,    0,    0,    0,    0,    0,    0,    0,    0,    0,    0,    0,    0,    0,    0,    0,    0,    0,    0,    0,    0,    0,    0,    0,    0,    0,    0,    0,    0,    0,    0,    0,    0,    0,    0,    0,    0,   -7,    0,    0,    0,
       0,    0,    0,    0,    0,    0,    0,    0,    0,    0,    0,    0,    0,   -5,    0,  -10,  -10,    0,  -12,    0,    0,    0,    0,    0,    0,    0,    0,    0,    0,    0,    0,    0,    0,    0,    0,   -3,    0,    0,    0,    0,    0,    0,    0,    0,    0,    0,    0,    0,    0,    0,    0,    0,    0,    0,    0,    0,    0,    0,    0,    0,    0,    0,    0,    0,    0,    0,    0,    0,    0,    0,    0,    0,    0,    0,    0,    0,    0,    0,    0,    0,    0,    0,    0,    0,    0,    0,    0,    0,    0,    0,
       0,    0,    0,    0,    0,    0,    0,    0,    0,    0,    0,    0,    0,    0,    0,   -8,   -8,    0,  -12,    0,    0,    0,    0,    0,    0,    0,    0,    0,    0,    0,    0,    0,    0,    0,    0,    0,    0,    0,    0,    0,    0,    0,    0,    0,    0,    0,    0,    0,    0,    0,    0,    0,    0,    0,    0,    0,    0,    0,    0,    0,    0,    0,    0,    0,    0,    0,    0,    0,    0,    0,    0,    0,    0,    0,    0,    0,    0,    0,    0,    0,    0,    0,    0,    0,    0,    0,    0,    0,    0,    0,
      13,    0,   15,   13,    0,    0,    0,    0,    0,    0,    0,    0,    0,    0,    0,    0,    0,    0,    0,    0,   17,    0,    0,    0,    0,    0,    0,    0,    0,    0,    0,    0,    0,    0,    0,    0,    0,    0,    0,    0,    0,    0,    0,    0,    0,    0,    0,    0,    0,    0,    0,    0,    0,    0,    0,    0,    0,    0,    0,    0,    0,    0,    0,    0,    0,    0,    0,    0,    0,    0,    0,    0,    0,    0,    0,    0,    0,    0,    0,    0,    0,    0,    0,    0,    0,    0,   10,    0,    0,    0,
       0,    0,    0,    0,    0,    0,    0,    0,    0,    0,    0,    0,    0,    0,    0,    0,    0,    0,    0,    0,    0,    0,    0,    0,   -3,   -3,    0,    0,    0,    0,    0,    0,    0,    0,    0,    0,    0,    0,    0,    0,    0,    0,    0,    0,    0,    0,    0,    0,    0,    0,    0,    0,    0,    0,    0,    0,    0,    0,    0,    0,    0,    0,    0,    0,    0,    0,    0,    0,    0,    0,    0,    0,    0,    0,    0,    0,    0,    0,    0,    0,    0,    0,    0,    0,    0,    0,    0,    0,    0,    0,
       0,    0,    0,    0,    0,    0,    0,    0,    0,    0,    0,    0,    0,    0,    0,    0,   -7,    0,   -3,    0,    0,    0,    0,    0,    0,    0,    0,    0,    0,    0,    0,    0,    0,    0,    0,    0,    0,    0,    0,    0,    0,    0,    0,    0,    0,    0,    0,    0,    0,    0,    0,    0,    0,    0,    0,    0,    0,    0,    0,    0,    0,    0,    0,    0,    0,    0,    0,    0,    0,    0,    0,    0,    0,    0,    0,    0,    0,    0,    0,    0,    0,    0,    0,    0,    0,    0,    0,    0,    0,    0,
       0,    0,    0,    5,  -35,    0,  -35,    0,    0,    0,    0,    0,    0,    0,    0,   -5,   -7,   -8,   -5,    0,    0,    0,   -3,    0,   -3,   -3,    0,    0,    0,    0,    0,    0,    0,    0,    0,    0,    0,    0,    0,    0,    0,    0,    0,    0,    0,    0,    0,    0,    0,    0,    0,    0,    0,    0,    0,    0,    0,    0,    0,    0,    0,    0,    0,    0,    0,    0,    0,    0,    0,    0,    0,    0,    0,    0,    0,    0,    0,    0,    0,    0,    0,    0,    0,    0,    0,    0,    0,  -35,    0,    0,
      -3,    0,    0,    0,    0,    0,    0,    0,    0,    0,    0,    0,    0,    0,    0,   -5,   -5,    0,   -8,    0,    0,    0,    0,    0,    0,    0,    0,    0,    0,    0,    0,    0,    0,    0,    0,    0,    0,    0,    0,    0,    0,    0,    0,    0,    0,    0,    0,    0,    0,    0,    0,    0,    0,    0,    0,    0,    0,    0,    0,    0,    0,    0,    0,    0,    0,    0,    0,    0,    0,    0,    0,    0,    0,    0,    0,    0,    0,    0,    0,    0,    0,    0,    0,    0,    0,    0,    0,    0,    0,    0,
       0,    0,    0,    0,   -8,    0,  -12,    0,    0,    0,    0,    0,    0,    0,    0,   -5,   -3,    0,   -5,    0,    0,    0,    0,    0,    0,    0,    0,    0,    0,    0,    0,    0,    0,    0,    0,    0,    0,    0,    0,    0,    0,    0,    0,    0,    0,    0,    0,    0,    0,    0,    0,    0,    0,    0,    0,    0,    0,    0,    0,    0,    0,    0,    0,    0,    0,    0,    0,    0,    0,    0,    0,    0,    0,    0,    0,    0,    0,    0,    0,    0,    0,    0,    0,    0,    0,    0,    0,  -12,    0,    0,
       0,    0,    0,    0,  -12,    0,  -12,    0,    0,    0,    0,    0,    0,    0,    0,   -3,   -3,    0,   -5,    0,    0,    0,    0,    0,    0,    0,    0,    0,    0,    0,    0,    0,    0,    0,    0,    0,    0,    0,    0,    0,    0,    0,    0,    0,    0,    0,    0,    0,    0,    0,    0,    0,    0,    0,    0,    0,    0,    0,    0,    0,    0,    0,    0,    0,    0,    0,    0,    0,    0,    0,    0,    0,    0,    0,    0,    0,    0,    0,    0,    0,    0,    0,    0,    0,    0,    0,    0,  -12,    0,    0,
       0,    0,    0,    0,  -15,    0,  -15,    0,    0,    0,    0,    0,    0,    0,    0,    0,   -3,    0,    0,    0,    0,    0,    0,    0,    0,    0,    0,    0,    0,    0,    0,    0,    0,    0,    0,    0,    0,    0,    0,    0,    0,    0,    0,    0,    0,    0,    0,    0,    0,    0,    0,    0,    0,    0,    0,    0,    0,    0,    0,    0,    0,    0,    0,    0,    0,    0,    0,    0,    0,    0,    0,    0,    0,    0,    0,    0,    0,    0,    0,    0,    0,    0,    0,    0,    0,    0,    0,  -15,    0,    0,
       0,    0,    0,   -3,    0,    0,    0,    0,    0,    0,    0,    0,    0,    0,    0,   -7,   -5,    0,   -5,    0,    0,    0,    0,    0,    0,    0,    0,    0,    0,    0,    0,    0,    0,    0,    0,    0,    0,    0,    0,    0,    0,    0,    0,    0,    0,    0,    0,    0,    0,    0,    0,    0,    0,    0,    0,    0,    0,    0,    0,    0,    0,    0,    0,    0,    0,    0,    0,    0,    0,    0,    0,    0,    0,    0,    0,    0,    0,    0,    0,    0,    0,    0,    0,    0,    0,    0,   -3,    0,    0,    0,
       0,    0,    0,    0,    0,    0,    0,    0,    0,    0,    0,    0,    0,   -3,   -2,   -8,    0,    0,  -10,    0,    0,    0,    0,    0,    0,    0,    0,    0,    0,    0,    0,    0,    0,    0,    0,    0,    0,    0,    0,    0,    0,    0,    0,    0,    0,    0,    0,    0,    0,    0,    0,    0,    0,    0,    0,    0,    0,    0,    0,    0,    0,    0,    0,    0,    0,    0,    0,    0,    0,    0,    0,    0,    0,    0,    0,    0,    0,    0,    0,    0,    0,    0,    0,    0,    0,    0,    0,    0,    0,    0,
       0,    0,    0,    0,    0,    0,    0,    0,    0,    0,    0,    0,    0,    0,    0,    0,    0,    0,    0,    0,    0,    0,    0,    0,    0,    0,    0,    0,    0,    0,    0,    0,    0,    0,    0,    0,    0,    0,    0,    0,    0,    0,   -8,    0,    0,    0,    0,   -7,   -3,    0,    0,    0,   -2,    0,   -7,    0,    0,    0,    0,    0,    0,    0,    0,    0,    0,    0,    0,    0,    0,    0,    0,    0,    0,    0,    0,    0,    0,    0,    0,    0,    0,    0,    0,    0,    0,    0,    0,    0,    0,    0,
       0,    0,    0,    0,    0,    0,    0,    0,    0,    0,    0,    0,    0,   -5,   -2,   -8,   -8,    0,   -8,    0,    0,    0,    0,    0,    0,    0,    0,    0,    0,    0,    0,    0,    0,    0,    0,    0,    0,    0,    0,    0,    0,    0,    0,    0,    0,    0,    0,    0,    0,    0,    0,    0,    0,    0,    0,    0,    0,    0,    0,    0,    0,    0,    0,    0,    0,    0,    0,    0,    0,    0,    0,    0,    0,    0,    0,    0,    0,    0,    0,    0,    0,    0,    0,    0,    0,    0,    0,    0,    0,    0,
     -13,   -3,    0,  -12,    0,    0,    0,    0,    0,    0,    0,   -3,    0,  -10,   -3,  -13,  -12,    0,  -12,    0,    0,    0,    0,    0,   -3,   -3,    0,    0,    0,    0,    0,   -3,   -8,   -5,    0,   -8,    0,   -8,    0,    0,   -8,    0,    0,    0,    0,    0,    0,    0,    0,    0,    0,    0,    0,    0,    0,    0,    0,    0,    0,    0,    0,    0,    0,    0,    0,    0,    0,    0,    0,    0,    0,    0,    0,    0,    0,    0,    0,    0,    0,    0,    0,    0,    0,    0,    0,    0,  -15,    0,    0,    0,
       5,    0,   12,    7,    0,    0,    0,    0,    5,    0,    8,    0,    0,   12,   12,   15,   12,   12,   17,   13,    0,    0,    0,   15,    0,    0,    0,   15,    0,    0,    0,    0,    0,    0,    0,    0,    0,    0,    0,    0,    0,    0,    0,    0,    0,    0,    0,    0,    0,    0,    0,    0,    0,    0,    0,    0,    0,    0,    0,    0,    0,    0,    0,    0,    0,    0,    0,    0,    0,    0,    0,    0,    0,    0,    0,    0,    0,    0,    0,    0,    0,    0,    0,    0,    0,    0,    5,    0,    0,    0,
       0,    0,    0,   -5,    0,    0,    0,    0,    0,    0,    0,    0,    0,   -5,    0,   -8,    0,    0,    0,    0,    0,    0,    0,    0,    0,    0,    0,    0,    0,    0,    0,    0,    0,    0,    0,    0,    0,    0,    0,    0,    0,    0,    0,    0,    0,    0,    0,    0,    0,    0,    0,    0,    0,    0,    0,    0,    0,    0,    0,    0,    0,    0,    0,    0,    0,    0,    0,    0,    0,    0,    0,    0,    0,    0,    0,    0,    0,    0,    0,    0,    0,    0,    0,    0,    0,    0,    0,    0,    0,    0,
       0,    0,    0,    0,   -5,    0,   -5,    0,    0,   -7,    0,    0,    0,    3,    0,    3,    3,    0,    3,    0,    0,    0,   -3,    0,   -3,   -3,    0,    0,    0,   -3,   -3,    0,    0,   -3,   -3,   -3,    0,    0,    0,    0,    0,    0,    0,    0,    0,    0,    0,    0,    0,    0,    0,    0,    0,    0,    0,    0,    0,    0,    0,    0,    0,    0,    0,    0,    0,    0,    0,    0,    0,    0,    0,    0,    0,    0,    0,    0,    0,    0,    0,    0,    0,    0,    0,    0,    0,    0,    0,   -5,    0,    0,
       0,    0,    0,    3,   -2,    0,   -2,    0,    0,    0,    0,    0,    0,    0,    0,    0,    0,    0,    0,    0,    0,    0,    0,    0,    0,    0,    2,    0,    3,    0,    5,    3,    0,    5,    0,    5,    0,    0,    0,    0,    0,    0,    0,    0,    0,    0,    0,    0,    0,    0,    0,    0,    0,    0,    0,    0,    0,    0,    0,    0,    0,    0,    0,    0,    0,    0,    0,    0,    0,    0,    0,    0,    0,    0,    0,    0,    0,    0,    0,    0,    0,    0,    0,    0,    0,    2,    0,   -2,    0,    0,
       0,    0,    0,    0,   -5,    0,   -5,    0,    0,  -10,    0,   -3,    0,    0,    2,    5,    0,    0,    5,    0,    0,    0,   -8,    2,  -10,  -10,    0,    0,   -5,  -10,   -3,   -5,    0,   -3,    0,   -3,   -5,    0,    0,    0,    0,    0,    0,    0,    0,    0,    0,    0,    0,    0,    0,    0,    0,    0,    0,    0,    0,    0,    0,    0,    0,    0,    0,    0,    0,    0,    0,    0,    0,    0,    0,    0,    0,    0,    0,    0,    0,    0,    0,    0,    0,    0,    0,    0,    0,    0,    0,   -5,    0,    0,
       0,    0,    0,    3,    0,    0,    0,    0,    0,    0,    0,    0,    0,    0,    0,    0,    0,    0,    0,    0,    0,    0,    0,    0,    0,    0,    2,    0,    3,    0,    0,    0,    0,    0,    0,    0,    0,    0,    0,    0,    0,    0,    0,    0,    0,    0,    0,    0,    0,    0,    0,    0,    0,    0,    0,    0,    0,    0,    0,    0,    0,    0,    0,    0,    0,    0,    0,    0,    0,    0,    0,    0,    0,    0,    0,    0,    0,    0,    0,    0,    0,    0,    0,    0,    0,    2,    0,    0,    0,    0,
       0,    0,    0,    0,    0,    0,    0,    0,    0,    0,    0,    0,    0,    0,    0,    0,    0,    0,    0,    0,    0,    0,    0,    0,    0,    0,    0,    0,    0,    0,    0,    0,    0,    0,    0,    0,    0,    0,    0,    0,    0,    0,   -3,    0,    0,    0,    0,   -3,    0,    0,    0,    0,   -2,    0,    0,    0,    0,    0,    0,    0,    0,    0,    0,    0,   -3,    0,    0,    0,    0,   -3,   -3,    0,    0,    0,    0,    0,    0,    0,    0,    0,    0,    0,    0,   -3,    0,    0,    0,    0,    0,    0,
     -28,    0,   -3,  -13,    0,    0,    0,   -2,    0,    0,    0,    0,    0,    0,    0,    0,    0,    0,    0,    0,    0,   -2,    0,    0,    0,    0,    0,    0,    0,    0,    0,    0,    0,    0,    0,    0,    0,    0,    0,    0,    0,    0,  -13,    0,    0,   -2,    0,  -30,   -2,   -2,   -2,    0,   -3,   -3,  -10,   -2,    0,    0,    0,    0,    0,    0,    0,    0,   -2,    0,   -2,   -2,   -5,    0,    0,    0,    0,    0,    0,    0,    0,    0,    0,    0,    0,    0,  -12,    0,    0,    0,  -25,    0,    0,    0,
       0,    0,    0,    5,  -10,   -7,  -10,   -5,    0,    0,    0,    0,    0,    0,    0,    0,    0,    0,    0,    0,    0,   -7,    0,    0,    0,    0,    0,    0,    0,    0,    0,    0,    0,    0,    0,    0,    0,    0,   -8,    0,    0,    0,    0,   -3,   -2,    0,   -5,    0,  -10,   -7,    0,    0,   -4,    0,    0,   -2,   -5,    0,   -2,   -5,    0,    0,    3,    0,  -10,    0,    7,    0,    2,    0,   -5,    0,   -2,    3,    3,    0,    0,    0,    0,    0,    0,    0,    0,    0,    0,    0,    0,  -10,    0,    0,
       0,    0,    0,    0,    0,    0,    0,    0,    0,    0,    0,    0,    0,    0,    0,    0,    0,    0,    0,    0,    0,    0,    0,    0,    0,    0,    0,    0,    0,    0,    0,    0,    0,    0,    0,    0,    0,    0,    0,    0,    0,    0,    0,    0,    0,    0,    0,   -2,    0,    0,    0,    0,   -2,    0,    0,    0,    0,    0,    0,    0,    0,    0,    0,    0,   -2,    0,    0,   -2,    0,    0,    0,    0,    0,    0,    0,    0,    0,    0,    0,    0,    0,    0,    0,    0,    0,    0,    0,    0,    0,    0,
       0,    0,    0,    0,    0,    0,    0,    0,    0,    0,    0,    0,    0,    0,    0,    0,    0,    0,    0,    0,    0,    0,    0,    0,    0,    0,    0,    0,    0,    0,    0,    0,    0,    0,    0,    0,    0,    0,    0,    0,    0,    0,   -2,    0,    0,    0,    0,   -2,   -2,   -2,    0,    0,   -4,   -2,   -5,    0,    0,    0,    0,    0,    0,    0,    0,    0,    0,    0,    0,    0,    0,    0,    0,    0,    0,    0,    0,    0,    0,    0,   -3,    0,    0,    0,   -3,    0,    0,    0,    0,    0,    0,    0,
       0,    0,    0,    0,    0,    0,    0,    0,    0,    0,    0,    0,    0,    0,    0,    0,    0,    0,    0,    0,    0,    0,    0,    0,    0,    0,    0,    0,    0,    0,    0,    0,    0,    0,    0,    0,    0,    0,    0,    0,    0,    0,    0,    0,    0,    0,    0,    0,    0,    0,    0,    0,   -2,    0,    0,    0,    0,    0,    0,    0,    0,    0,    0,    0,   -3,    0,    0,    0,    0,    0,    0,    0,    0,    0,    0,    0,    0,    0,    0,    0,    0,    0,    0,    0,    0,    0,    0,    0,    0,    0,
       0,    0,    0,    0,    0,    0,    0,    0,    0,    0,    0,    0,    0,    0,    0,    0,    0,    0,    0,    0,    0,    0,    0,    0,    0,    0,    0,    0,    0,    0,    0,    0,    0,    0,    0,    0,    0,    0,    0,    0,    0,    0,    0,    0,    0,    0,   -3,    0,   -3,   -2,    0,    0,   -3,    0,    0,    0,    0,    0,    0,    0,    0,    0,    5,    0,   -3,    0,    0,    0,    0,    0,    0,    0,    0,    5,    5,    0,    0,    0,    0,    0,    0,    0,    0,    0,    0,    0,    0,    0,    0,    0,
     -17,    0,   -3,   -8,    0,    0,    0,   -2,    0,    0,    0,    0,    0,    0,    0,    0,    0,    0,    0,    0,    0,   -2,    0,    0,    0,    0,    0,    0,    0,    0,    0,    0,    0,    0,    0,    0,    0,    0,    0,    0,    0,    0,  -13,    0,    0,   -2,    0,  -15,   -2,   -2,   -2,    0,   -3,   -3,  -10,   -2,    0,    0,    0,    0,    0,    0,    0,    0,   -2,    0,   -2,   -2,   -5,    0,    0,    0,    0,    0,    0,    0,    0,    0,    0,    0,    0,    0,   -7,    0,    0,    0,  -15,    0,    0,    0,
     -20,    0,   -7,  -12,    0,   -3,    0,   -3,    0,    0,    0,    0,    0,    0,    0,    0,    0,    0,    0,    0,    0,    0,    0,    0,    0,    0,    0,    0,    0,    0,    0,    0,    0,    0,    0,    0,    0,    0,   -8,    0,    0,    0,  -15,  -10,   -7,   -5,    0,  -23,    0,    0,    0,   -7,  -13,    0,  -22,    0,   -3,    0,   -2,   -3,    0,   -2,   -3,    0,   -3,    0,   -7,    0,   -8,    0,    0,    0,    0,   -3,   -3,   -3,   -2,   -3,    0,   -8,    0,   -5,  -12,    0,    0,    0,  -17,    0,    0,    0,
       0,    0,    0,    0,    0,   -3,    0,    0,    0,    0,    0,    0,    0,    0,    0,    0,    0,    0,    0,    0,    0,    0,    0,    0,    0,    0,    0,    0,    0,    0,    0,    0,    0,    0,    0,    0,    0,    0,   -5,    0,    0,    0,    0,   -5,   -2,    0,    2,    0,    0,    3,    0,   -2,   -8,    0,   -3,    0,   -3,   -2,    0,   -3,    0,    0,   -2,    0,    0,    0,   -2,    0,   -5,   -5,    0,    0,    0,   -2,    1,    0,   -2,    0,    0,    0,   -3,    0,    0,   -5,    0,    0,   -3,    0,    0,    0,
       0,    0,    2,    7,  -18,   -3,  -18,   -3,    0,    0,    0,    0,    0,    0,    0,    0,    0,    0,    0,    0,    3,  -13,    0,    0,    0,    0,    0,    0,    0,    0,    0,    0,    0,    0,    0,    0,    0,    0,   -7,    0,    0,    0,    0,   -8,   -2,    0,  -10,    0,  -23,  -13,    0,    0,  -10,    0,    0,   -7,   -8,    0,   -5,  -13,   -7,   -2,   -2,   -3,  -20,    0,    0,   -2,    0,    0,   -3,    0,   -7,   -2,    5,    0,    0,    0,    0,    0,   -7,    0,    0,    0,    0,    0,    0,  -18,    0,    0,
     -13,    0,    0,  -12,    0,   -2,    0,    0,    0,    0,    0,    0,    0,    0,    0,    0,    0,    0,    0,    0,    0,    0,    0,    0,    0,    0,    0,    0,    0,    0,    0,    0,    0,    0,    0,    0,    0,    0,   -3,    0,    0,    0,  -10,   -5,   -2,    0,    0,  -13,    0,    2,    0,   -2,   -8,    0,  -20,    0,   -5,   -3,    0,   -5,    0,    0,   -3,    0,   -2,    0,  -10,    0,  -12,   -7,    0,    0,   -2,   -3,   -3,    0,   -3,    0,    0,    0,    0,    0,  -10,   -7,    0,    0,  -15,    0,    0,    0,
       0,    0,    0,   -2,    0,    0,    0,   -3,    0,    0,    0,    0,    0,    0,    0,    0,    0,    0,    0,    0,    0,   -2,    0,    0,    0,    0,    0,    0,    0,    0,    0,    0,    0,    0,    0,    0,    0,    0,    0,    0,    0,    0,   -4,    0,   -2,   -5,    0,   -5,   -2,   -3,   -2,    0,   -3,   -2,   -7,   -2,    0,    0,    0,    0,    0,    0,    0,    0,   -3,   -2,   -2,   -4,   -3,   -2,   -3,    0,    0,    0,    0,    0,    0,    0,    0,    0,    0,    0,    0,    0,    0,    0,   -3,    0,    0,    0,
       0,    0,    0,   -2,    0,    0,    0,   -3,    0,    0,    0,    0,    0,    0,    0,    0,    0,    0,    0,    0,    0,   -2,    0,    0,    0,    0,    0,    0,    0,    0,    0,    0,    0,    0,    0,    0,    0,    0,    0,    0,    0,    0,   -6,    0,   -2,    0,    0,   -8,   -2,   -2,   -2,    0,   -2,   -2,   -8,    0,    0,    0,    0,    0,    0,    0,    0,    0,   -3,    0,    0,   -2,    0,   -3,   -2,    0,    0,    0,    0,    0,    0,    0,   -3,    0,    0,    0,   -3,   -3,   -5,    0,   -3,    0,    0,    0,
       0,    0,    2,    0,    0,    0,    0,    0,    0,    0,    0,    0,    0,    0,    0,    0,    0,    0,    0,    0,    0,    5,    0,    0,    0,    0,    0,    0,    0,    0,    0,    0,    0,    0,    0,    0,    0,    0,    0,    0,    0,    0,    0,   -2,    0,    3,    0,    0,    0,    0,    0,    0,   -3,    0,    0,    0,   -2,    0,   -2,   -2,    0,   -2,   -2,    0,   -2,    0,    0,    0,    0,   -2,   -2,    0,    0,   -2,    2,    3,    0,    0,    0,    0,    0,    0,    0,    0,    0,    0,    0,    0,    0,    0,
       0,    0,   -3,    0,   -3,    0,   -3,   -3,    0,    0,    0,    0,    0,    0,    0,    0,    0,    0,    0,    0,    0,   -3,    0,    0,    0,    0,    0,    0,    0,    0,    0,    0,    0,    0,    0,    0,    0,    0,    0,    0,    0,    0,   -3,    0,    0,   -2,   -2,  -12,   -3,   -6,   -3,    0,    0,   -3,   -2,   -2,    0,    0,    0,    0,    0,    0,    0,    0,   -7,    0,    0,   -2,    0,    0,    0,    0,    0,    0,    0,    0,    0,    0,   -3,    0,    0,    0,   -3,    0,    0,    0,    0,   -3,    0,    0,
       0,    0,   -3,    0,  -20,    0,  -20,   -3,    0,    0,    0,    0,    0,    0,    0,    0,    0,    0,    0,    0,    0,   -7,    0,    0,    0,    0,    0,    0,    0,    0,    0,    0,    0,    0,    0,    0,    0,    0,   -2,    0,    0,    0,    0,    0,    0,    0,   -8,   -3,   -8,  -12,   -7,   -2,    0,   -7,   -4,   -2,    0,    0,    0,    0,    0,    0,    0,    0,   -8,    0,    5,   -2,    0,    0,   -2,    0,    0,    0,    0,    0,    0,    0,    0,    0,    0,    0,    0,    0,    0,    0,    0,  -20,    0,    0,
       0,    0,   -3,   -2,   -5,    0,   -5,   -5,    0,    0,    0,    0,    0,    0,    0,    0,    0,    0,    0,    0,    0,   -7,    0,    0,    0,    0,    0,    0,    0,    0,    0,    0,    0,    0,    0,    0,    0,    0,   -2,    0,    0,   -2,   -7,    0,   -3,   -3,   -5,  -15,   -5,   -8,   -7,   -3,    0,   -7,   -5,   -5,    0,    0,    0,    0,    0,    0,    0,    0,   -7,    0,    0,   -3,    0,    0,   -1,    0,    0,    0,    0,    0,    0,    0,   -3,    0,    0,    0,    0,    0,    0,    0,   -5,   -5,    0,    0,
       0,    0,    0,    0,    0,   -3,    0,    0,    0,    0,    0,    0,    0,    0,    0,    0,    0,    0,    0,    0,    0,    0,    0,    0,    0,    0,    0,    0,    0,    0,    0,    0,    0,    0,    0,    0,    0,    0,   -3,    0,    0,    0,    0,   -3,   -2,    0,    0,    0,    0,    0,    0,    0,   -7,    0,   -3,    0,   -2,    0,   -2,   -2,    0,    0,   -1,    0,   -2,    0,   -2,    0,   -2,   -7,    0,    0,    0,   -1,    3,    0,   -3,    0,    0,    0,    0,    0,    0,   -5,    0,    0,    0,    0,    0,    0,
       0,    0,    0,    0,    0,    0,    0,    0,    0,    0,    0,    0,    0,    0,    0,    0,    0,    0,    0,    0,    0,    0,    0,    0,    0,    0,    0,    0,    0,    0,    0,    0,    0,    0,    0,    0,    0,    0,    0,    0,    0,    4,   -3,    0,    0,    0,    8,   -7,    8,    8,   10,    0,    0,    7,   -8,    8,    0,    0,    0,    0,    2,    0,    0,    0,    5,    0,    0,    2,   -2,   -2,    1,    0,    0,    0,    0,    0,    0,    0,    0,    0,    0,    0,    0,    0,    0,    0,    0,    0,    0,    0,
       0,    0,    0,    0,   -3,    0,   -3,    0,    0,    0,    0,    0,    0,    0,    0,    0,    0,    0,    0,    0,    0,   -3,    0,    0,    0,    0,    0,    0,    0,    0,    0,    0,    0,    0,    0,    0,    0,    0,    0,    0,    0,    0,   -7,    0,    0,    0,    0,  -17,   -3,    0,   -2,    0,    0,   -2,   -6,    0,    0,    0,    0,    0,   -2,   -2,    0,    0,   -3,    0,   -2,   -6,   -2,   -1,   -2,    0,    0,    0,    0,   -2,    0,    0,    0,    0,    0,    0,    0,    0,    0,    0,    0,   -3,    0,    0,
       0,    0,    0,   -2,   -2,    0,   -2,    0,    0,    0,    0,    0,    0,    0,    0,    0,    0,    0,    0,    0,    0,    0,    0,    0,    0,    0,    0,    0,    0,    0,    0,    0,    0,    0,    0,    0,    0,    0,    0,    0,    0,    0,   -5,    0,    0,    0,    0,  -10,    0,    0,    0,    0,    0,    0,   -8,    0,    0,    0,    0,    0,    0,    0,   -2,    0,   -2,    0,   -2,   -2,   -2,    0,    0,    0,    0,   -2,   -2,    0,    0,    0,    0,    0,    0,    0,   -3,    0,    0,    0,    0,   -2,    0,    0,
       0,    0,    0,    3,   -3,    0,   -3,    0,    0,    0,    0,    0,    0,    0,    0,    0,    0,    0,    0,    0,    0,    0,    0,    0,    0,    0,    0,    0,    0,    0,    0,    0,    0,    0,    0,    0,    0,    0,    0,    0,    0,    0,   -2,    0,    0,    0,    0,   -7,    0,    0,    0,    0,    0,    0,   -3,    0,    0,    0,    0,    0,    0,    0,    0,    0,   -5,    0,    0,   -2,    0,    0,   -2,    0,    0,    0,    0,    0,    0,    0,    0,    0,    0,    0,   -3,    0,    0,    0,    0,   -3,    0,    0,
       0,    0,    0,    0,   -3,    0,   -3,    0,    0,    0,    0,    0,    0,    0,    0,    0,    0,    0,    0,    0,    0,   -3,    0,    0,    0,    0,    0,    0,    0,    0,    0,    0,    0,    0,    0,    0,    0,    0,    0,    0,    0,    0,    0,    0,    0,    0,    0,   -8,   -3,    0,   -2,    0,    0,   -2,   -2,    0,    0,    0,    0,    0,    0,    0,    0,    0,   -5,    0,    0,   -2,    0,    0,   -2,    0,    0,    0,    0,    0,    0,    0,    0,    0,    0,    0,    0,    0,    0,    0,    0,   -3,    0,    0,
       0,    0,    0,    0,    0,    0,    0,    0,    0,    0,    0,    0,    0,    0,    0,    0,    0,    0,    0,    0,    0,    0,    0,    0,    0,    0,    0,    0,    0,    0,    0,    0,    0,    0,    0,    0,    0,    0,    0,    0,    0,    0,   -2,    0,    0,    0,    0,   -7,    0,    0,    0,    0,    0,    0,   -3,    0,    0,    0,    0,    0,    0,    0,    0,    0,   -2,    0,    0,   -2,    0,    0,    0,    0,    0,    0,    0,    0,    0,    0,    0,    0,    0,    0,    0,    0,    0,    0,    0,    0,    0,    0,
       0,    0,    0,    0,    0,    0,    0,    0,    0,    0,    0,    0,    0,    0,    0,    0,    0,    0,    0,    0,    0,    0,    0,    0,    0,    0,    0,    0,    0,    0,    0,    0,    0,    0,    0,    0,    0,    0,    0,    0,    0,    0,   -2,    0,    0,    0,    0,   -7,    0,    0,    0,    0,    0,    0,   -2,    1,   -2,    0,    0,   -2,    0,    0,    0,    0,   -2,    0,    3,   -1,    0,    0,    0,    0,    0,    0,    0,    0,    0,    0,    0,    0,   -3,    0,    0,    0,    0,    0,    0,    0,    0,    0,
       0,    0,    0,    0,    0,   -5,    0,    0,    0,    0,    0,    0,    0,    0,    0,    0,    0,    0,    0,    0,    0,    0,    0,    0,    0,    0,    0,    0,    0,    0,    0,    0,    0,    0,    0,    0,    0,    0,    0,    0,    0,    0,   -2,   -2,    0,    0,    2,   -8,    0,    3,    0,   -2,   -2,    0,   -8,    0,   -3,   -1,   -2,   -3,    0,    0,    0,    0,    0,    0,    0,    0,    0,    0,    0,    0,    0,    0,    0,    0,    0,    0,    0,    0,    0,    0,    0,    0,    0,    0,    0,    0,    0,    0,
       0,    0,    0,    0,   -3,    0,   -3,    0,    0,    0,    0,    0,    0,    0,    0,    0,    0,    0,    0,    0,    0,   -3,    0,    0,    0,    0,    0,    0,    0,    0,    0,    0,    0,    0,    0,    0,    0,    0,    0,    0,    0,    0,   -7,    0,    0,    0,    0,  -12,   -3,    0,   -2,    0,    0,   -2,   -6,    0,    0,    0,    0,    0,   -2,   -2,    0,    0,   -3,    0,   -2,   -6,   -2,   -1,   -2,    0,    0,    0,    0,   -2,    0,    0,    0,    0,    0,    0,    0,    0,    0,    0,    0,   -3,    0,    0,
       0,    0,    0,    5,    0,    0,    0,    0,    0,    0,    0,    0,    0,    0,    0,    0,    0,    0,    0,    0,    0,    0,    0,    0,    0,    0,    0,    0,    0,    0,    0,    0,    0,    0,    0,    0,    0,    0,    0,    0,    0,    7,   -7,    0,    0,    0,    8,   -5,    8,    9,   10,    0,    0,    8,  -10,    8,    0,    0,    0,    0,    4,    1,    0,    0,    6,    0,   -2,    2,   -3,    0,    2,    0,    0,    0,    0,    0,    0,    0,    0,    0,    0,    0,    0,    0,    0,    0,   -5,    0,    0,    0,
       0,    0,    0,    0,    0,    0,    0,    0,    0,    0,    0,    0,    0,    0,    0,    0,    0,    0,    0,    0,    0,    0,    0,    0,    0,    0,    0,    0,    0,    0,    0,    0,    0,    0,    0,    0,    0,    0,    0,    0,    0,    0,   -2,    0,    0,    0,    0,   -7,    0,    0,    0,    0,    0,    0,   -2,    1,   -2,    0,    0,   -2,    0,    0,    0,    0,   -2,    0,    0,   -1,    0,    0,    0,    0,    0,    0,    0,    0,    0,    0,    0,    0,   -3,    0,    0,    0,    0,    0,    0,    0,    0,    0,
       0,    0,   -2,    0,   -3,    0,   -3,    0,    0,    0,    0,    0,    0,    0,    0,    0,    0,    0,    0,    0,    0,   -3,    0,    0,    0,    0,    0,    0,    0,    0,    0,    0,    0,    0,    0,    0,    0,    0,    0,    0,    0,    0,   -2,    0,    0,    0,   -2,   -5,   -3,   -3,   -2,   -3,    0,   -2,   -5,    0,    0,    0,   -2,    0,   -3,   -2,    0,    0,  -12,    0,    0,   -6,    0,    0,   -2,    0,    0,    0,    0,    0,    0,    0,    0,    0,    0,    0,    0,    0,    0,    0,    0,   -3,    0,    0,
       0,    0,    7,   -3,    0,    0,    0,    0,    0,    0,    0,    0,    0,    0,    0,    0,    0,    0,    0,    0,    0,   13,    0,    0,    0,    0,    0,    0,    0,    0,    0,    0,    0,    0,    0,    0,    0,    0,    2,    0,    0,    7,   -3,    0,    0,   10,    9,   -2,   10,   10,   12,    0,   -2,   10,   -8,   11,    0,    0,    0,    0,    4,    2,    0,    0,    7,    0,    0,    4,   -2,   -2,    3,    0,    3,    0,    0,    5,    0,    0,    0,    0,    0,    0,    0,    0,    0,    0,   -3,    0,    0,    0,
     -12,    0,    0,  -10,    0,    0,    0,    0,    0,    0,    0,    0,    0,    0,    0,    0,    0,    0,    0,    0,    0,    0,    0,    0,    0,    0,    0,    0,    0,    0,    0,    0,    0,    0,    0,    0,    0,    0,    0,    0,    0,    0,  -12,    0,    0,    0,    2,  -12,    0,    0,    0,    0,   -2,    0,  -18,    0,    0,    0,    0,    0,    0,    0,   -2,    0,    0,    0,   -6,    0,   -8,   -8,   -2,    0,    0,   -2,   -2,    0,    0,    0,    0,    0,    0,    0,    0,    0,    0,    0,  -10,    0,    0,    0,
       0,    0,    0,    0,    0,    0,    0,    0,    0,    0,    0,    0,    0,    0,    0,    0,    0,    0,    0,    0,    0,    0,    0,    0,    0,    0,    0,    0,    0,    0,    0,    0,    0,    0,    0,    0,    0,    0,    0,    0,    0,    0,   -3,    0,    0,    0,    0,  -17,    0,    0,    0,    0,    0,    0,   -9,    0,    0,    0,    0,    0,    0,    0,    0,    0,   -5,    0,    0,    0,   -2,    0,    0,    0,    0,    0,    0,    0,    0,    0,    0,    0,    0,    0,    0,    0,    0,    0,   -3,    0,    0,    0,
       0,    0,    0,    0,   -3,    0,   -3,    0,    0,    0,    0,    0,    0,    0,    0,    0,    0,    0,    0,    0,    0,    0,    0,    0,    0,    0,    0,    0,    0,    0,    0,    0,    0,    0,    0,    0,    0,    0,    0,    0,    0,    0,   -3,    0,    0,    0,    0,  -10,    0,    0,    0,    0,    0,    0,   -8,    0,    0,    0,    0,    0,    0,    0,    0,    0,    0,    0,    0,   -2,    0,    0,    0,    0,    0,    0,    0,    0,    0,    0,    0,    0,    0,    0,    0,    0,    0,    0,    0,   -3,    0,    0,
       0,    0,    0,    0,    0,    0,    0,    0,    0,    0,    0,    0,    0,    0,    0,    0,    0,    0,    0,    0,    0,    0,    0,    0,    0,    0,    0,    0,    0,    0,    0,    0,    0,    0,    0,    0,    0,    0,    0,    0,    0,    4,   -4,    0,    0,    0,    8,   -5,    8,    8,   10,    0,    0,    7,   -8,    8,    0,    0,    0,    0,    2,    0,    0,    0,    5,    0,    0,    2,   -2,   -2,    1,    2,    0,    0,    0,    0,    0,    0,    0,    0,    0,    0,    0,    0,    0,    0,    0,    0,    0,    0,
       0,    0,    0,    0,    0,    0,    0,    0,    0,    0,    0,    0,    0,    0,    0,    0,    0,    0,    0,    0,    0,    0,    0,    0,    0,    0,    0,    0,    0,    0,    0,    0,    0,    0,    0,    0,    0,    0,    0,    0,    0,    0,    0,    0,    0,    0,    0,    0,    0,    0,    0,    0,    0,    0,   -3,    0,    0,    0,    0,    0,    0,    0,    0,    0,   -8,    0,    0,    0,    0,    0,   -3,    0,    0,    0,    0,    0,    0,    0,    0,    0,    0,    0,    0,    0,    0,    0,    0,    0,    0,    0,
       0,    0,    0,    0,    0,    0,    0,    0,    0,    0,    0,    0,    0,    0,    0,    0,    0,    0,    0,    0,    0,    0,    0,    0,    0,    0,    0,    0,    0,    0,    0,    0,    0,    0,    0,    0,    0,    0,    0,    0,    0,    0,    0,    0,    0,    0,    0,    0,    0,    0,    0,    0,    0,    0,    0,    0,    0,    0,    0,    0,    0,    0,    0,    0,   -7,    0,    0,    0,    0,    0,    0,    0,    0,    0,    0,    0,    0,    0,    0,    0,    0,    0,    0,    0,    0,    0,    0,    0,    0,    0,
       0,    0,    0,    0,    0,    0,    0,    0,    0,    0,    0,    0,    0,    0,    0,    0,    0,    0,    0,    0,    0,    0,    0,    0,    0,    0,    0,    0,    0,    0,    0,    0,    0,    0,    0,    0,    0,    0,    0,    0,    0,    0,    0,    0,    0,    0,    0,    0,    0,    0,    0,    0,    0,    0,   -3,    0,    0,    0,    0,    0,    0,    0,    0,    0,    0,    0,    0,    0,    0,   -5,    0,    0,    0,    0,    0,    0,    0,    0,    0,    0,    0,    0,    0,   -5,    0,    0,    0,    0,    0,    0,
       0,    0,    0,    0,    0,    0,    0,    0,    0,    0,    0,    0,    0,    0,    0,    0,    0,    0,    0,    0,    0,    0,    0,    0,    0,    0,    0,    0,    0,    0,    0,    0,    0,    0,    0,    0,    0,    0,    0,    0,    0,    0,    0,    0,    0,    0,    0,    0,    0,  -10,    0,    0,    0,    0,    0,    0,    0,    0,    0,    0,    0,    0,    0,    0,  -12,    0,    0,    0,    0,    0,    0,    0,    0,    0,    0,    0,    0,    0,    0,    0,    0,    0,    0,    0,    0,    0,    0,    0,    0,    0,
       0,    0,    0,    0,    0,    0,    0,    0,    0,    0,    0,    0,    0,    0,    0,    0,    0,    0,    0,    0,    0,    0,    0,    0,    0,    0,    0,    0,    0,    0,    0,    0,    0,    0,    0,    0,    0,    0,    0,    0,    0,    0,    0,    0,    0,    0,    0,    0,    0,    0,    0,    0,    0,    0,    0,    0,    0,    0,    0,    0,    0,    0,    0,    0,  -12,    0,    0,    0,    0,    0,    0,    0,    0,    0,    0,    0,    0,    0,    0,    0,    0,    0,    0,    0,    0,    0,    0,    0,    0,    0,
       0,    0,    0,    0,  -15,    0,  -15,    0,    0,    0,    0,    0,    0,    0,    0,    0,    0,    0,    0,    0,    0,    0,    0,    0,    0,    0,    0,    0,    0,    0,    0,    0,    0,    0,    0,    0,    0,    0,    0,    0,    0,    0,    0,    0,    0,    0,    0,    0,    0,    0,    0,    0,    0,    0,    0,    0,    0,    0,    0,    0,    0,    0,    0,    0,    0,    0,    0,    0,    0,    0,    0,    0,    0,    0,    0,    0,    0,    0,    0,    0,    0,    0,    0,    0,    0,    0,    0,  -15,    0,    0,
       0,    0,    0,    0,  -12,    0,  -12,    0,    0,    0,    0,    0,    0,    0,    0,    0,    0,    0,    0,    0,    0,    0,    0,    0,    0,    0,    0,    0,    0,    0,    0,    0,    0,    0,    0,    0,    0,    0,    0,    0,    0,    0,    0,   -3,    0,    0,    0,    0,  -10,  -10,    0,    0,    0,    0,    0,    0,    0,    0,    0,    0,    0,    0,    0,    0,  -10,    0,    0,    0,    0,    0,    0,    0,    0,    0,    0,    0,   -3,    0,    0,    0,   -3,    0,    0,    0,    0,    0,    0,  -12,    0,    0,
       0,    0,    0,    5,  -12,    0,  -12,    0,    0,    0,    0,    0,    0,    0,    0,    0,    0,    0,    0,    0,    0,    0,    0,    0,    0,    0,    0,    0,    0,    0,    0,    0,    0,    0,    0,    0,    0,    0,    0,    0,    0,    0,    0,    0,    0,    0,    0,    0,  -10,   -7,    0,    0,    0,    0,    0,    0,    0,    0,    0,    0,    0,    0,    0,    0,  -10,    0,    0,    0,    0,    0,    0,    0,    0,    0,    0,    0,    0,    0,    0,    0,   -7,    0,    0,    0,    0,    0,    0,  -12,    0,    0,
       0,    0,    0,    0,    0,    0,    0,    0,    0,    0,    0,    0,    0,    0,    0,    0,    0,    0,    0,    0,    0,    0,    0,    0,    0,    0,    0,    0,    0,    0,    0,    0,    0,    0,    0,    0,    0,    0,    0,    0,    0,    0,    0,    0,    0,    0,    0,   -3,    0,   -8,    0,    0,    0,    0,    0,    0,    0,    0,    0,    0,    0,    0,    0,    0,   -7,    0,    0,    0,    0,    0,    0,    0,    0,    0,    0,    0,    0,    0,   -3,    0,    0,    0,    0,    0,    0,    0,    0,    0,    0,    0,
       0,    0,    0,   -3,    0,    0,    0,    0,    0,    0,    0,    0,    0,    0,    0,    0,    0,    0,    0,    0,    0,    0,    0,    0,    0,    0,    0,    0,    0,    0,    0,    0,    0,    0,    0,    0,    0,    0,    0,    0,    0,    0,    0,    0,    0,    0,    0,    0,    0,    0,    0,    0,    0,    0,    0,    0,    0,    0,    0,    0,    0,    0,    0,    0,    0,    0,    0,    0,    0,    0,    0,    0,    0,    0,    0,    0,    0,    0,    0,    0,    0,    0,    0,    0,    0,    0,   -3,    0,    0,    0,
       0,    0,    0,    0,    0,    0,    0,    0,    0,    0,    0,    0,    0,    0,    0,    0,    0,    0,    0,    0,    0,    0,    0,    0,    0,    0,    0,    0,    0,    0,    0,    0,    0,    0,    0,    0,    0,    0,    0,    0,    0,    0,    0,    0,    0,    0,    0,    0,    0,    0,    0,    0,    0,    0,    0,    0,    0,    0,    0,    0,    0,    0,    0,    0,    0,    0,    0,    0,    0,    0,    0,    0,    0,    0,    0,    0,    0,    0,    0,    0,   -3,    0,    0,    0,    0,    0,    0,    0,    0,    0,
       0,    0,    0,    0,    0,    0,    0,    0,    0,    0,    0,    0,    0,    0,    0,    0,    0,    0,    0,    0,    0,    0,    0,    0,    0,    0,    0,    0,    0,    0,    0,    0,    0,    0,    0,   -3,    0,    0,    0,    0,    0,    0,    0,    0,    0,    0,    0,    0,    0,    0,    0,    0,    0,    0,    0,    0,    0,    0,    0,    0,    0,    0,    0,    0,    0,    0,    0,    0,    0,    0,    0,    0,    0,    0,    0,    0,    0,    0,    0,    0,    0,    0,    0,    0,    0,    0,    0,    0,    0,    0,
       0,    0,    0,    0,    0,    0,    0,    0,    0,  -12,    0,    0,    0,    0,    0,    0,    0,    0,    0,    0,    0,    0,    0,    0,    0,    0,    2,    0,    0,    0,    0,    0,    0,    0,    0,    3,    0,    0,    0,  -23,    0,    0,    0,    0,    0,    0,   -5,    0,  -12,  -10,    0,    0,    0,    0,    0,    0,    0,    0,    0,    0,    0,    0,    3,    0,   -5,    0,   12,    0,    7,    0,    0,    5,    0,    7,    7,    5,    0,    0,    0,    0,   -7,    0,    0,    0,  -23,    0,    0,    0,    0,    0,
       0,    0,    0,    0,    0,    0,    0,    0,    0,  -15,    0,    0,    0,    0,    0,    0,    0,    0,    0,    0,    0,    0,   -2,    0,   -2,   -2,    0,    0,    0,   -8,    0,    0,    0,    0,    0,    0,    0,    0,    0,  -23,    0,    0,    0,    0,    0,    0,   -7,    3,  -12,  -10,    0,    0,    0,    0,    0,    0,   -2,    0,    0,   -2,    0,    0,    7,    7,   -3,    7,    8,    0,   10,    8,    0,    8,    0,    7,    7,    3,    0,    0,    0,    0,    0,    0,    0,    0,  -23,    0,    0,    0,    0,    0,
       0,    0,    0,    0,    0,    0,    0,    0,    0,    0,    0,    0,    0,    0,    0,    0,    0,    0,    0,    0,    0,    0,    0,    0,    0,    0,    0,    0,    0,    0,    0,    0,    0,    0,    0,    0,    0,    0,    0,    0,    0,    0,    0,    0,    0,    0,    0,    0,    0,    0,    0,    0,    0,    0,    0,    0,    0,    0,    0,    0,    0,    0,    0,    0,    0,    0,    0,    0,    0,    0,    0,    0,    0,    0,    0,    0,    0,    0,    0,    0,    0,    0,    0,    0,    0,    0,    0,    0,   12,    0,
       0,    0,    0,    0,    0,    0,    0,    0,    0,    0,    0,    0,    0,    0,    0,    0,    0,    0,    0,    0,    0,    0,    0,    0,    0,    0,    0,    0,    0,    0,    0,    0,    0,    0,    0,    0,    0,    0,    0,    0,    0,    0,    0,    0,    0,    0,    0,    0,    0,    0,    0,    0,    0,    0,    0,    0,    0,    0,    0,    0,    0,    0,    0,    0,    0,    0,    0,    0,    0,    0,    0,    0,    0,    0,    0,    0,    0,    0,    0,    0,    0,    0,    0,    0,    0,    0,    0,    0,    0,   13,
      -5,    0,    0,    0,    0,    0,    0,    0,    0,    0,    0,    0,    0,    0,    0,    0,    0,    0,    0,    0,    0,    0,    0,    0,    0,    0,    0,    0,    0,    0,    0,    0,    0,    0,    0,   -2,    0,    0,    0,    0,    0,    0,    0,    0,    0,    0,    0,    0,    0,    0,    0,    0,    0,    0,    0,    0,    0,    0,    0,    0,    0,    0,    0,    0,    0,    0,    0,    0,    0,    0,    0,    0,    0,    0,    0,    0,    0,    0,    0,    0,    0,    0,    0,    0,    0,    0,    0,    0,    0,    0,
       0,    0,    0,    0,    0,    0,    0,    0,    0,    0,    0,    0,    0,    0,    0,    0,    0,    0,    0,    0,    0,    0,    0,    0,    0,    0,    0,    0,    0,    0,    0,    0,    0,    0,    0,   -2,    0,    0,    0,    0,    0,    0,    0,    0,    0,    0,    0,    0,    0,    0,    0,    0,    0,    0,    0,    0,    0,    0,    0,    0,    0,    0,    0,    0,    0,    0,    0,    0,    0,    0,    0,    0,    0,    0,    0,    0,    0,    0,    0,    0,    0,    0,    0,    0,    0,    0,    0,    0,    0,    0,
};

static const EpdLigaturePair notoserif_5_bolditalicLigaturePairs[] = {
    { 0x00660066, 0xFB00 }, // f f -> U+FB00
    { 0x00660069, 0xFB01 }, // f i -> U+FB01
    { 0x0066006C, 0xFB02 }, // f l -> U+FB02
    { 0xFB000069, 0xFB03 }, // U+FB00 i -> U+FB03
    { 0xFB00006C, 0xFB04 }, // U+FB00 l -> U+FB04
};

static const EpdFontData notoserif_5_bolditalic = {
    notoserif_5_bolditalicBitmaps,
    notoserif_5_bolditalicGlyphs,
    notoserif_5_bolditalicIntervals,
    18,
    14,
    12,
    -4,
    true,
    notoserif_5_bolditalicGroups,
    13,
    nullptr,
    notoserif_5_bolditalicKernLeftClasses,
    notoserif_5_bolditalicKernRightClasses,
    notoserif_5_bolditalicKernMatrix,
    551,
    557,
    103,
    90,
    notoserif_5_bolditalicLigaturePairs,
    5,
};
