/**
 * generated by fontconvert.py
 * name: notosans_14_regular
 * size: 14
 * mode: 2-bit  compressed: true
 * Command used: fontconvert.py notosans_14_regular 14 ../builtinFonts/source/NotoSans/NotoSans-Regular.ttf --2bit --compress --pnum
 */
#pragma once
#include "EpdFontData.h"

static const uint8_t notosans_14_regularBitmaps[19547] = {
    0x00, 0x00, 0x03, 0xF3, 0x0E, 0x69, 0x88, 0xBE, 0x81, 0x2D, 0x37, 0x60, 0x00, 0x07, 0xD0, 0x94,
    0xE3, 0xF6, 0x89, 0x6B, 0xFE, 0x8A, 0x80, 0x00, 0x36, 0xC1, 0xB2, 0xE5, 0x8C, 0x15, 0x49, 0x5F,
    0xC8, 0xD7, 0x43, 0x4D, 0x33, 0xEA, 0xDE, 0x5A, 0xB0, 0xDF, 0x55, 0x8F, 0x9E, 0x4E, 0xDB, 0xC1,
    0xED, 0x30, 0xBE, 0x53, 0x13, 0xB5, 0xC0, 0xA2, 0x46, 0x30, 0x1E, 0x44, 0xD4, 0xE0, 0x50, 0x00,
    0x86, 0xCF, 0xF1, 0x54, 0xEE, 0xB8, 0x23, 0x5B, 0x31, 0xF1, 0xFF, 0x38, 0xBD, 0x34, 0x6E, 0x49,
    0x5F, 0xFD, 0x47, 0xC5, 0x59, 0xE2, 0xD5, 0x90, 0x76, 0x60, 0xAA, 0x6B, 0x69, 0x4F, 0x02, 0x58,
    0xD4, 0x42, 0x64, 0xC6, 0x6C, 0xB9, 0xD8, 0x80, 0x00, 0x8C, 0xEE, 0xE4, 0x5D, 0x89, 0xEC, 0x66,
    0x9D, 0x51, 0xE8, 0xAC, 0xD5, 0xD0, 0x5C, 0x4C, 0xE7, 0x99, 0xAA, 0x7E, 0xAE, 0x0E, 0x4B, 0x87,
    0x30, 0x07, 0x66, 0x20, 0x55, 0xC2, 0xCA, 0x1B, 0x34, 0x99, 0xE7, 0x59, 0xB3, 0x6A, 0xA1, 0x4C,
    0xA1, 0x53, 0xB0, 0x90, 0x0B, 0x45, 0xA0, 0x00, 0x8B, 0x0A, 0x2D, 0x7D, 0xBB, 0x05, 0xA0, 0x9E,
    0xC3, 0x5C, 0x02, 0x49, 0x07, 0xCD, 0x5C, 0x63, 0xE1, 0x68, 0xD0, 0xC0, 0x2A, 0x8A, 0xC6, 0x13,
    0x32, 0xF5, 0x4A, 0xF0, 0x77, 0x3F, 0xFA, 0x58, 0x7F, 0x2E, 0x7F, 0xC6, 0xA9, 0x68, 0xC1, 0x21,
    0x27, 0x38, 0x00, 0x08, 0x5F, 0x00, 0xA3, 0x00, 0x25, 0x29, 0x92, 0x17, 0x6D, 0x28, 0xC9, 0x32,
    0xB9, 0xD2, 0x18, 0x33, 0x9F, 0x5D, 0x00, 0x08, 0x9D, 0x42, 0x85, 0xD8, 0xC6, 0x62, 0xD7, 0x1C,
    0xFE, 0x23, 0xA8, 0x06, 0xE3, 0xEC, 0x28, 0x00, 0x78, 0xB1, 0x56, 0x53, 0x06, 0xF8, 0x3E, 0xF6,
    0xA8, 0x5B, 0x5D, 0x7F, 0xE4, 0x27, 0x17, 0x87, 0xE0, 0x21, 0xEC, 0x80, 0xC9, 0x24, 0x40, 0x00,
    0x33, 0xF9, 0xD8, 0xD1, 0x66, 0x65, 0x5A, 0x72, 0x65, 0x03, 0x07, 0x9A, 0x14, 0x2D, 0xD0, 0x00,
    0x11, 0xD1, 0xAE, 0xE6, 0x00, 0x00, 0x88, 0xC8, 0x00, 0x0C, 0x98, 0x34, 0x80, 0x00, 0x48, 0x24,
    0xC3, 0x41, 0x74, 0x1B, 0x6D, 0xD4, 0x22, 0x16, 0xCA, 0x90, 0x10, 0x00, 0x76, 0x23, 0x72, 0x3A,
    0x46, 0x2B, 0x21, 0x6D, 0x18, 0x3A, 0xAD, 0x0C, 0xA1, 0x0D, 0x56, 0x08, 0xF3, 0x27, 0xBF, 0x7B,
    0x7A, 0x1F, 0xBD, 0xE8, 0x00, 0x31, 0xAF, 0x34, 0xEA, 0x90, 0x2A, 0x43, 0xC9, 0x33, 0xF1, 0xB6,
    0xC0, 0x00, 0x6B, 0x23, 0x01, 0x3A, 0xEB, 0xF0, 0x28, 0x6A, 0xE3, 0x16, 0xF2, 0x40, 0x0B, 0xDA,
    0x21, 0xBD, 0x4E, 0x03, 0x51, 0x6E, 0x2D, 0x30, 0xA3, 0x5A, 0xAE, 0x00, 0x72, 0x70, 0x73, 0x26,
    0x13, 0xD4, 0x7D, 0xEE, 0xED, 0xEC, 0xE6, 0xE0, 0xBC, 0x9F, 0x4F, 0x23, 0x7D, 0xA8, 0xF5, 0x8C,
    0x07, 0x0B, 0xC3, 0xE2, 0x6E, 0x02, 0xE9, 0x75, 0x80, 0x00, 0x51, 0x92, 0xB9, 0x66, 0x2C, 0x6C,
    0xED, 0xC2, 0x6B, 0xF9, 0xD0, 0x21, 0xC3, 0xF2, 0x41, 0x9F, 0x4F, 0x10, 0xC8, 0x15, 0xE1, 0x9D,
    0xF8, 0x1E, 0x00, 0x0A, 0x21, 0x2D, 0x8B, 0x0D, 0x78, 0xAD, 0xD8, 0xBD, 0xF6, 0xCB, 0x18, 0x1E,
    0xDA, 0xF1, 0xA4, 0xBD, 0x9A, 0xA3, 0x7D, 0x74, 0x22, 0x07, 0xFC, 0x00, 0x83, 0x01, 0xF0, 0x8B,
    0xC8, 0x31, 0x3E, 0x6B, 0xD6, 0x61, 0x24, 0xD1, 0x2E, 0x3B, 0x46, 0x6F, 0x5D, 0x53, 0xDB, 0xC2,
    0xE9, 0xF5, 0x95, 0x47, 0x1C, 0xAA, 0x0B, 0x1C, 0xE4, 0x38, 0x00, 0x00, 0x11, 0x46, 0xF3, 0x61,
    0x1F, 0xFD, 0x69, 0x91, 0x2E, 0x0D, 0xC4, 0x73, 0xCA, 0x9F, 0x85, 0xC0, 0x00, 0x76, 0x1A, 0x66,
    0x17, 0x79, 0x20, 0x40, 0x4D, 0xDC, 0x03, 0x61, 0x20, 0x5E, 0xC3, 0x4D, 0x0E, 0xC5, 0x5A, 0xE9,
    0xC8, 0x9C, 0x94, 0x4D, 0x2C, 0xE1, 0xAA, 0x61, 0xCC, 0xF0, 0xE9, 0xA0, 0xE7, 0xA0, 0x4A, 0x00,
    0x76, 0x8B, 0x77, 0x66, 0xF6, 0xCB, 0xDA, 0x92, 0xCD, 0xDE, 0xF3, 0x6D, 0x32, 0x3C, 0x74, 0xA9,
    0x88, 0xF9, 0x5B, 0xEA, 0xDF, 0xDD, 0x4A, 0xA7, 0x6F, 0x9D, 0xC6, 0xF4, 0x00, 0x20, 0xC2, 0x19,
    0xC6, 0xEB, 0x47, 0x41, 0xC0, 0x00, 0x3D, 0x6A, 0xB4, 0x03, 0x51, 0xB8, 0xFB, 0x3E, 0x60, 0x00,
    0x67, 0x0D, 0x95, 0xE8, 0xCB, 0x8A, 0x0C, 0x06, 0x6E, 0xFC, 0xE7, 0x49, 0xB7, 0x9C, 0xAF, 0x84,
    0x89, 0xF1, 0x5C, 0xA1, 0x3D, 0xA8, 0x14, 0x00, 0x61, 0x81, 0xDA, 0x87, 0x4C, 0x2A, 0x46, 0xCC,
    0x99, 0x3D, 0x00, 0x04, 0xD9, 0x87, 0xCC, 0x9E, 0x06, 0x7F, 0xC3, 0x2A, 0x10, 0x1C, 0xC1, 0x58,
    0xF0, 0x97, 0x4B, 0xF1, 0xD6, 0xEB, 0x2C, 0xDB, 0xBC, 0x73, 0xED, 0x02, 0x68, 0x00, 0x5C, 0xA5,
    0xFF, 0xBA, 0x61, 0xBF, 0xEB, 0x65, 0xD6, 0xCB, 0xDA, 0x18, 0x6C, 0xB2, 0x5A, 0xF4, 0xE9, 0x3F,
    0xF8, 0x00, 0x3E, 0x62, 0x52, 0xF8, 0x4F, 0xC7, 0x64, 0xC2, 0x52, 0x3F, 0x51, 0xC6, 0xBA, 0x77,
    0x72, 0x4F, 0x5A, 0x34, 0x2F, 0x86, 0xCA, 0x68, 0x2D, 0x2D, 0x6E, 0x59, 0xA6, 0x2F, 0x0B, 0x80,
    0xFF, 0x8F, 0x42, 0x4F, 0x0F, 0x42, 0xD7, 0xE9, 0xC3, 0xDB, 0x7D, 0x5B, 0x46, 0xDD, 0xD4, 0x66,
    0xA3, 0xE5, 0x44, 0x76, 0xDE, 0xB0, 0x00, 0x3F, 0xB8, 0x83, 0xAB, 0x1E, 0xDA, 0x41, 0x76, 0x1D,
    0x83, 0x44, 0x9E, 0xB8, 0x0D, 0x65, 0x42, 0x19, 0x93, 0x59, 0xDC, 0x4A, 0x89, 0x2F, 0x57, 0x66,
    0xBF, 0xFD, 0x50, 0x00, 0x05, 0x7B, 0x3D, 0x4D, 0x3A, 0xA0, 0x2E, 0xF1, 0xEC, 0xB9, 0x33, 0xE8,
    0x18, 0x03, 0x4D, 0x8E, 0x49, 0x06, 0x93, 0xE5, 0x98, 0xB5, 0x0F, 0x4D, 0xBC, 0x50, 0x29, 0xDE,
    0x81, 0xE7, 0xA4, 0x00, 0x82, 0xD0, 0xF0, 0x72, 0x64, 0xD1, 0x1D, 0x15, 0x02, 0x76, 0x35, 0x44,
    0xDB, 0xBE, 0xB2, 0xB7, 0xEC, 0x93, 0xD3, 0x08, 0x27, 0xF1, 0x7B, 0xA0, 0x00, 0x05, 0x8A, 0xCD,
    0x4B, 0xD8, 0x84, 0xAC, 0x85, 0xC8, 0x96, 0x0D, 0xE7, 0x38, 0xF3, 0x7D, 0xB2, 0xB3, 0x72, 0x7C,
    0x19, 0xBB, 0xED, 0xC6, 0xC9, 0xE0, 0x00, 0x05, 0x0F, 0x14, 0x50, 0x8E, 0x09, 0x10, 0x75, 0x0B,
    0xDD, 0xE9, 0x2D, 0xD8, 0x34, 0x05, 0x06, 0x60, 0x00, 0x05, 0x0F, 0x14, 0x52, 0xDA, 0xFE, 0x76,
    0xC2, 0xA8, 0x56, 0x69, 0xC2, 0x82, 0x00, 0x94, 0xAC, 0x4A, 0xCA, 0xA9, 0xDD, 0x99, 0x7B, 0xEC,
    0xE0, 0x96, 0x79, 0x28, 0xF4, 0x93, 0x44, 0x00, 0x47, 0x6C, 0x43, 0xE8, 0x72, 0xBF, 0x9F, 0x01,
    0x73, 0xB9, 0x5E, 0xE5, 0xD3, 0x50, 0x00, 0x08, 0xBB, 0xD5, 0xE0, 0xD6, 0xD7, 0xD9, 0x4D, 0x45,
    0xF3, 0x38, 0x51, 0x37, 0x6C, 0xB0, 0xDC, 0xB3, 0x80, 0x00, 0x00, 0x39, 0x90, 0x61, 0x3A, 0x9F,
    0xCF, 0xF2, 0xE8, 0xA5, 0x6E, 0x8E, 0x61, 0x29, 0x95, 0x40, 0x87, 0x13, 0x00, 0x28, 0xEF, 0xD6,
    0xB0, 0xF3, 0xF9, 0x02, 0x78, 0x13, 0x55, 0xDD, 0x12, 0x40, 0x00, 0x08, 0xB4, 0x67, 0x1C, 0x38,
    0x2A, 0xBA, 0xD4, 0x21, 0x8B, 0xB8, 0x8E, 0xA8, 0x37, 0x0D, 0xA3, 0xEB, 0x18, 0xC7, 0x7C, 0xF1,
    0x48, 0x52, 0x7C, 0xDB, 0xA6, 0x8A, 0x28, 0x00, 0x9C, 0x8E, 0xC7, 0x18, 0xB7, 0xF4, 0x94, 0xDA,
    0x00, 0x08, 0x27, 0xB4, 0x74, 0xE9, 0x08, 0x21, 0x10, 0x15, 0x55, 0x20, 0xC2, 0x0B, 0x8F, 0xB5,
    0x85, 0x0C, 0xBA, 0x55, 0x33, 0xF4, 0x48, 0x02, 0x24, 0x88, 0x42, 0x4E, 0x4A, 0xE2, 0xFF, 0x3C,
    0x39, 0xCB, 0x72, 0xC4, 0xDC, 0xA0, 0x00, 0x08, 0xC1, 0xC0, 0x7C, 0x07, 0x77, 0x2A, 0x5A, 0x6A,
    0x49, 0xDF, 0xB9, 0x70, 0x86, 0xE8, 0x15, 0xF7, 0x2F, 0x74, 0x34, 0x1B, 0x62, 0xC4, 0x41, 0xE7,
    0x35, 0x00, 0x90, 0xE1, 0x19, 0x79, 0xE1, 0xE6, 0x48, 0xB3, 0x21, 0xFF, 0xA9, 0x55, 0x2F, 0x1B,
    0x1D, 0xA3, 0xAA, 0xAC, 0x8E, 0x96, 0x93, 0x6B, 0x87, 0xB2, 0xAA, 0x32, 0xE1, 0x9E, 0x5E, 0x20,
    0x00, 0x05, 0xA4, 0x71, 0x04, 0xA2, 0xF6, 0xFF, 0xA6, 0xFF, 0xC6, 0x81, 0x1B, 0xB6, 0xD3, 0x8E,
    0x3D, 0x0D, 0x13, 0x10, 0x87, 0x31, 0x00, 0x8D, 0xA9, 0xDF, 0x44, 0x9B, 0x50, 0xD8, 0x40, 0xBD,
    0x47, 0x9E, 0x7F, 0x39, 0x76, 0x00, 0x05, 0x7C, 0x8A, 0x37, 0xCB, 0x84, 0xBF, 0x4A, 0x71, 0x22,
    0x40, 0x17, 0x5B, 0xF1, 0xB9, 0x84, 0x0A, 0x4D, 0x46, 0xE7, 0x33, 0x08, 0x19, 0xF3, 0x20, 0x00,
    0x6A, 0xC6, 0x11, 0x16, 0x6F, 0x18, 0x1A, 0x69, 0x86, 0xB9, 0xCE, 0xB7, 0xFB, 0xDB, 0xE9, 0xB3,
    0x97, 0xCF, 0xD2, 0xF0, 0x12, 0xA9, 0x62, 0x9E, 0xAC, 0x22, 0xD6, 0x80, 0x00, 0x00, 0x00, 0x40,
    0x24, 0xDD, 0x32, 0xA5, 0xD0, 0xF0, 0x25, 0xCD, 0x80, 0x00, 0x03, 0xD0, 0x14, 0x74, 0x77, 0xA1,
    0x26, 0x65, 0x59, 0x21, 0x83, 0x69, 0xD2, 0x1A, 0x6A, 0x38, 0x15, 0xBD, 0x6A, 0x41, 0x4D, 0x40,
    0x00, 0x03, 0xD4, 0xA2, 0x9E, 0xE2, 0xC6, 0xEB, 0x49, 0x7F, 0x26, 0xAB, 0xF2, 0x29, 0xB1, 0x31,
    0xE6, 0xBF, 0x24, 0xBD, 0xB6, 0x90, 0x72, 0x4E, 0x26, 0x4C, 0x8E, 0xA0, 0x00, 0x03, 0xC6, 0x3E,
    0x42, 0xD5, 0xB1, 0x79, 0xC2, 0xFF, 0x11, 0xB8, 0x4E, 0xA6, 0xB6, 0x66, 0x3E, 0xA5, 0x6E, 0x59,
    0xBD, 0xD4, 0xE2, 0x40, 0xBF, 0xDC, 0xCF, 0x53, 0x08, 0xF8, 0x77, 0x09, 0xFE, 0xD4, 0x00, 0x74,
    0xA4, 0x52, 0x69, 0x8C, 0xCA, 0xB2, 0x02, 0xD2, 0xFB, 0x00, 0x08, 0xBA, 0x16, 0xB1, 0x88, 0xC5,
    0x06, 0x09, 0x21, 0xC0, 0x60, 0xCC, 0xBD, 0x20, 0x0A, 0xA9, 0xB1, 0x4F, 0x56, 0x07, 0x6A, 0x96,
    0xAE, 0x15, 0xE3, 0x85, 0xD4, 0xC0, 0xB0, 0x00, 0x03, 0xCE, 0xBD, 0xA5, 0xFA, 0x69, 0xC6, 0xA4,
    0x64, 0x39, 0xC6, 0xB4, 0xE8, 0x13, 0xF6, 0x6A, 0x90, 0x1C, 0xB2, 0x91, 0x00, 0x00, 0x0E, 0xAE,
    0xFD, 0x26, 0xC5, 0xAA, 0xA8, 0xD8, 0x53, 0x4D, 0xC4, 0xA0, 0x5E, 0x48, 0xCB, 0xC8, 0x0C, 0x75,
    0xC9, 0x64, 0x74, 0x00, 0x00, 0x23, 0x05, 0xF8, 0x59, 0x8E, 0xCE, 0x98, 0x8D, 0x80, 0x57, 0xF8,
    0x04, 0x00, 0x04, 0x2C, 0x28, 0xDB, 0x95, 0xED, 0xBE, 0x96, 0xC7, 0x40, 0xAC, 0x31, 0x10, 0x41,
    0x1E, 0x00, 0x05, 0xA6, 0xC7, 0x0B, 0xF7, 0xEB, 0x77, 0x89, 0xA7, 0x44, 0x55, 0x4B, 0x9E, 0x89,
    0x52, 0xFF, 0xDE, 0x00, 0x33, 0x3B, 0xE0, 0xF9, 0x6D, 0xE9, 0xFA, 0xCF, 0x50, 0x51, 0xD6, 0x18,
    0xC5, 0xDF, 0xDD, 0x9B, 0xCC, 0x00, 0x05, 0x1A, 0xDB, 0xDF, 0xA8, 0x00, 0x03, 0x1E, 0x30, 0x8D,
    0xD1, 0x00, 0x14, 0x9B, 0x49, 0xEB, 0xC0, 0x26, 0x31, 0x4B, 0x09, 0x77, 0xF5, 0x2F, 0x0B, 0x07,
    0x54, 0x5C, 0xDB, 0xB9, 0xAA, 0x4E, 0x41, 0x01, 0xAD, 0xAB, 0x09, 0xC8, 0x00, 0x6B, 0xC9, 0x01,
    0x13, 0x37, 0x32, 0x53, 0xAB, 0x59, 0xCE, 0xDA, 0x82, 0xA8, 0xEE, 0x3E, 0x87, 0xC2, 0x8E, 0x94,
    0x1B, 0x0A, 0xE2, 0xF4, 0x7A, 0x8B, 0xC2, 0x7A, 0x4D, 0x58, 0x00, 0x20, 0x0E, 0x1F, 0xFA, 0x30,
    0x06, 0x82, 0x99, 0x43, 0xB1, 0x97, 0x9C, 0x35, 0xE5, 0x6D, 0xC1, 0x7F, 0xE0, 0x00, 0xA4, 0x2D,
    0x6D, 0xCE, 0xE4, 0x68, 0x31, 0x71, 0x66, 0xB6, 0x35, 0x7B, 0xF0, 0x95, 0x34, 0x63, 0x50, 0xF1,
    0x08, 0xC8, 0x6D, 0x4A, 0xC2, 0xA9, 0x22, 0xDB, 0x54, 0xE0, 0x00, 0x15, 0x25, 0x54, 0x26, 0x3F,
    0x68, 0x2E, 0xC3, 0x92, 0x9E, 0x37, 0x0E, 0xF9, 0xC4, 0x15, 0x96, 0x88, 0xF7, 0x34, 0x78, 0xBB,
    0x8C, 0xC1, 0x17, 0xC0, 0x00, 0x41, 0xCD, 0x4F, 0xC5, 0x8C, 0x3D, 0x0C, 0x50, 0xBD, 0xD1, 0x99,
    0x30, 0xA6, 0x48, 0x8B, 0x80, 0x8E, 0x46, 0x00, 0x35, 0x4B, 0xE2, 0xDA, 0x8B, 0xF0, 0x2E, 0x55,
    0x60, 0xCF, 0xFA, 0x1C, 0x1D, 0xDC, 0x0E, 0x80, 0x00, 0x63, 0xFE, 0x69, 0xC2, 0x74, 0x94, 0xE6,
    0x72, 0x29, 0x54, 0xB4, 0x41, 0x53, 0xE9, 0x1B, 0x0A, 0x40, 0xE2, 0x0A, 0x00, 0x0D, 0x58, 0xF9,
    0xE1, 0x08, 0x0D, 0x5D, 0xBB, 0xA4, 0x80, 0x00, 0x34, 0x1D, 0x7C, 0x4F, 0x86, 0x6A, 0xE5, 0xEF,
    0x8C, 0xDE, 0xB0, 0x74, 0xBB, 0xD8, 0x00, 0x63, 0xFE, 0x6B, 0x8C, 0xA8, 0xED, 0xD2, 0x08, 0xDC,
    0xBD, 0x1D, 0x1A, 0x0B, 0x45, 0x1A, 0x57, 0x62, 0xD0, 0x81, 0x68, 0xE0, 0x86, 0x4B, 0x00, 0x1B,
    0xD4, 0x05, 0x3A, 0xD8, 0x00, 0x03, 0x94, 0x82, 0x1E, 0xC2, 0x2C, 0xCE, 0x87, 0x4B, 0x46, 0x3C,
    0x2F, 0xAC, 0x03, 0xCA, 0x30, 0x89, 0xD2, 0xA8, 0x4A, 0x75, 0xA0, 0x82, 0x1D, 0xE1, 0x3A, 0xC0,
    0x8E, 0x4A, 0x00, 0x85, 0xCC, 0x3F, 0x8E, 0xC4, 0x2A, 0x45, 0x00, 0x22, 0x04, 0x09, 0xAE, 0x0E,
    0x60, 0x29, 0xBE, 0xCF, 0x27, 0xDA, 0xBA, 0x81, 0x7B, 0xE5, 0xD6, 0xF7, 0x96, 0xF1, 0x5B, 0x0E,
    0x65, 0x8E, 0x44, 0x00, 0x86, 0x3E, 0x4B, 0xC0, 0xDD, 0x24, 0x1C, 0x46, 0x4E, 0x17, 0x8A, 0x09,
    0xE0, 0x8E, 0x46, 0x00, 0x37, 0xAC, 0x3C, 0xA6, 0xA9, 0xB5, 0x67, 0x7B, 0xD4, 0xA5, 0x80, 0x00,
    0x03, 0x3F, 0xB6, 0x6F, 0x0B, 0x27, 0x21, 0x56, 0xAB, 0x6C, 0xEB, 0x60, 0x00, 0x0F, 0xE3, 0x34,
    0x23, 0x3E, 0xF9, 0xC7, 0x2E, 0xD3, 0xD6, 0xEA, 0x7D, 0xD0, 0xDD, 0xBA, 0x7F, 0xE9, 0xBB, 0xDE,
    0x3A, 0x5C, 0x80, 0x00, 0x5A, 0xB2, 0x3B, 0x95, 0xCF, 0x7D, 0x57, 0x7D, 0xA0, 0x1B, 0x25, 0xE2,
    0x52, 0x0F, 0xD2, 0x0F, 0xEA, 0x9E, 0x8A, 0x50, 0x00, 0x9B, 0x6E, 0x88, 0xAF, 0xE2, 0xF8, 0xB7,
    0x3B, 0x9E, 0xE9, 0x65, 0x08, 0xCE, 0x50, 0x00, 0x03, 0xC9, 0x6F, 0x2F, 0x0B, 0xBB, 0x43, 0xC0,
    0xBB, 0x0E, 0xFC, 0x5F, 0xA6, 0xC8, 0x26, 0xD4, 0xA9, 0x95, 0xD6, 0xE0, 0x00, 0x03, 0xBC, 0x85,
    0xC7, 0x37, 0x7D, 0xE0, 0x87, 0x88, 0x8B, 0x2B, 0x58, 0x7A, 0x14, 0x5D, 0x37, 0xC0, 0xF7, 0xAC,
    0xBC, 0xB1, 0x3B, 0x99, 0xA8, 0x01, 0x7F, 0xB1, 0xE0, 0x25, 0x0A, 0xDA, 0x7C, 0x59, 0x3B, 0x84,
    0x00, 0x08, 0x6D, 0x1B, 0xF5, 0xD9, 0xFC, 0x42, 0xE8, 0x8D, 0xF9, 0xE9, 0x75, 0xC8, 0xAA, 0x02,
    0xA7, 0xA8, 0x5C, 0x0D, 0xDE, 0xFF, 0x55, 0x87, 0x58, 0x00, 0x8D, 0xEF, 0xAB, 0x67, 0x2A, 0x99,
    0xBD, 0xB2, 0x19, 0x41, 0xAB, 0xBE, 0x35, 0x33, 0x86, 0xD3, 0x4E, 0x44, 0x64, 0xE6, 0x88, 0x00,
    0x05, 0x28, 0x39, 0x5F, 0x70, 0xF3, 0x51, 0x86, 0xEB, 0x24, 0x1B, 0x83, 0xBA, 0x84, 0x36, 0x16,
    0x80, 0x00, 0x3F, 0x10, 0x7D, 0x63, 0x75, 0x6F, 0x72, 0x16, 0xCB, 0x84, 0xF2, 0xEE, 0x2B, 0xA6,
    0x84, 0x70, 0xEB, 0x32, 0xCE, 0xFF, 0xB0, 0x00, 0x2E, 0x07, 0x5E, 0x98, 0xAC, 0xC6, 0xDC, 0x00,
    0x08, 0x36, 0x0D, 0xE8, 0x05, 0x7F, 0x9D, 0xA9, 0x36, 0x6F, 0xF0, 0x59, 0x33, 0xBB, 0xCD, 0x11,
    0x2F, 0x80, 0xD8, 0x00, 0x6C, 0xF2, 0x0D, 0x1A, 0x1A, 0x1A, 0x19, 0x52, 0xB1, 0x28, 0x00, 0x02,
    0x16, 0xDF, 0x35, 0x59, 0xBD, 0xB9, 0xF0, 0x0A, 0xEB, 0xFD, 0x84, 0x45, 0x00, 0x79, 0xB2, 0xB6,
    0xF1, 0xE2, 0xB9, 0x30, 0x2F, 0xEF, 0x10, 0x5E, 0x89, 0x21, 0x53, 0x41, 0x43, 0xD0, 0x00, 0x84,
    0x7B, 0xEF, 0xF0, 0xCE, 0x39, 0xC9, 0xC4, 0x88, 0x06, 0xAA, 0x9F, 0x7C, 0x9B, 0xD4, 0x3A, 0x76,
    0x03, 0x35, 0x60, 0xE4, 0xED, 0xA9, 0x3D, 0x80, 0x00, 0x09, 0x55, 0x85, 0x0D, 0x74, 0xC4, 0x74,
    0x87, 0x4E, 0x79, 0x59, 0x32, 0x72, 0x39, 0x2F, 0x9A, 0x12, 0x94, 0xDF, 0xDB, 0xA0, 0x62, 0x80,
    0xA8, 0x07, 0x40, 0x60, 0x87, 0x3B, 0x00, 0x2D, 0x24, 0xE8, 0x02, 0x2B, 0xA6, 0xE9, 0xD3, 0x4F,
    0x36, 0xF0, 0x58, 0xAE, 0x5A, 0x61, 0x28, 0x65, 0x8B, 0xE6, 0x70, 0x51, 0xD7, 0x86, 0x20, 0xC2,
    0x87, 0x5E, 0x00, 0x79, 0xEC, 0xF9, 0x84, 0xB7, 0x80, 0x00, 0x32, 0xAC, 0x56, 0x91, 0xC3, 0x5B,
    0xCA, 0x27, 0x82, 0x74, 0x13, 0x69, 0xC3, 0xDB, 0x99, 0x01, 0x42, 0xB7, 0x8D, 0x00, 0xF5, 0x58,
    0xD0, 0x62, 0x8E, 0x87, 0xB9, 0xD0, 0x3A, 0x98, 0xFD, 0xCE, 0x86, 0x9A, 0x2A, 0x3B, 0x00, 0x09,
    0xB6, 0xD4, 0x5D, 0x74, 0x71, 0x00, 0x9A, 0xD4, 0xDF, 0x55, 0x67, 0x7D, 0x21, 0x55, 0x56, 0xF6,
    0xEC, 0x30, 0x59, 0x6D, 0xF9, 0x36, 0x20, 0x86, 0x1C, 0x3D, 0xE7, 0x90, 0xE3, 0x07, 0xA5, 0xE3,
    0x9A, 0x9D, 0xA3, 0x59, 0x02, 0xE0, 0xED, 0x3E, 0x0E, 0x54, 0x84, 0x75, 0xA8, 0x10, 0x4E, 0x1E,
    0xF8, 0x02, 0x74, 0xE3, 0x80, 0x00, 0x48, 0xDE, 0x2F, 0xE0, 0x62, 0x00, 0x3D, 0xF1, 0x36, 0x5D,
    0xFB, 0x9C, 0x37, 0xB8, 0x59, 0x00, 0x29, 0xE0, 0x87, 0x55, 0x0F, 0xAC, 0x48, 0x96, 0x74, 0xF0,
    0x13, 0xA7, 0xCF, 0x20, 0x94, 0xBB, 0x11, 0xD7, 0x27, 0x57, 0x73, 0x90, 0x00, 0x05, 0x15, 0x46,
    0xF1, 0x35, 0x31, 0x7B, 0xB0, 0x87, 0x0F, 0x00, 0x60, 0x87, 0x6A, 0x00, 0x9F, 0x79, 0xED, 0xBC,
    0xBC, 0xCA, 0xEA, 0x11, 0xCA, 0x52, 0x56, 0xFE, 0x40, 0xEB, 0xB3, 0x37, 0x6B, 0xDD, 0x49, 0xAC,
    0xD3, 0x34, 0x29, 0xC1, 0x2E, 0xB7, 0xE4, 0x93, 0x69, 0xAE, 0x98, 0x04, 0x5B, 0x66, 0xF7, 0xFD,
    0xC0, 0x86, 0x36, 0x00, 0xDB, 0x83, 0xC0, 0x00, 0x52, 0x0E, 0xD1, 0x90, 0x7F, 0x14, 0xB5, 0x21,
    0x73, 0xD6, 0x79, 0x80, 0x87, 0x0D, 0x00, 0x7E, 0xEB, 0x0D, 0x42, 0x0F, 0xD5, 0x26, 0xFF, 0xCB,
    0x24, 0x24, 0x30, 0x49, 0x33, 0x80, 0x00, 0x0B, 0x15, 0x8B, 0x4B, 0x11, 0xF7, 0x63, 0x85, 0x65,
    0xFD, 0x8B, 0xC3, 0xD8, 0x00, 0x0A, 0xD7, 0x96, 0x15, 0xEA, 0x23, 0xFD, 0x93, 0x3F, 0x86, 0x4E,
    0xB3, 0xFF, 0x05, 0xD8, 0xF2, 0xE6, 0xF8, 0x00, 0x1C, 0x84, 0x74, 0x1B, 0x20, 0x87, 0x50, 0x00,
    0x9A, 0xCD, 0x7E, 0x80, 0xC8, 0x54, 0xF0, 0x2C, 0x0F, 0x64, 0x74, 0xC8, 0x59, 0x32, 0x08, 0xD7,
    0xF9, 0x50, 0x00, 0x74, 0x12, 0x42, 0x27, 0x78, 0x8C, 0x75, 0xB6, 0x4A, 0xD9, 0x84, 0x2F, 0xBE,
    0x5C, 0x15, 0xDE, 0xE8, 0xDA, 0x0E, 0xCF, 0xF0, 0xC0, 0x81, 0xC4, 0x6A, 0xC3, 0xFB, 0x60, 0x87,
    0x10, 0x00, 0x5C, 0x00, 0x14, 0xCF, 0x7C, 0x9F, 0x0E, 0x8A, 0xED, 0x28, 0x00, 0x16, 0xE8, 0x76,
    0x20, 0x8B, 0xC1, 0x00, 0x60, 0x07, 0x90, 0xD4, 0xE7, 0x4A, 0x9A, 0x88, 0x68, 0xCF, 0x3A, 0xA8,
    0x8C, 0x6C, 0x00, 0xDA, 0x86, 0x3D, 0xAB, 0xBF, 0x3B, 0x5E, 0x03, 0xFB, 0x23, 0x70, 0xB9, 0x5E,
    0x96, 0xB6, 0x79, 0x4F, 0xFD, 0xE8, 0x00, 0x16, 0x5A, 0x13, 0x08, 0xE7, 0x39, 0xCB, 0x8E, 0x33,
    0xE0, 0x2A, 0x92, 0x68, 0xFA, 0xFA, 0x9C, 0x30, 0x64, 0x2E, 0x1C, 0xE2, 0x3C, 0x5B, 0x21, 0xCC,
    0x0A, 0x11, 0xD1, 0x32, 0x8A, 0x44, 0x65, 0xCE, 0xBC, 0x3C, 0xCF, 0x5A, 0x68, 0xD5, 0xE0, 0x00,
    0x16, 0x52, 0x03, 0x33, 0x78, 0x51, 0xF8, 0xF1, 0x31, 0xAE, 0xC7, 0x19, 0x54, 0x5F, 0xC2, 0x08,
    0x6C, 0x71, 0x05, 0x15, 0x7B, 0x2E, 0xBD, 0x54, 0x5D, 0xE2, 0x66, 0xFD, 0x82, 0x74, 0xC6, 0xBA,
    0x8E, 0x99, 0x88, 0xF2, 0xEC, 0x34, 0x08, 0x7E, 0x00, 0x90, 0x21, 0xCD, 0xB0, 0xA3, 0xE6, 0x98,
    0xE3, 0x98, 0x05, 0xB7, 0xA3, 0xEE, 0x35, 0x02, 0xCC, 0x6E, 0x1B, 0xB3, 0xD2, 0x96, 0xEE, 0x2F,
    0xA2, 0xD0, 0x25, 0x7B, 0x45, 0x4A, 0x39, 0x6F, 0xC6, 0x36, 0xEB, 0x78, 0x51, 0x5D, 0xFC, 0x86,
    0xDC, 0xAA, 0x46, 0xE3, 0xC7, 0x83, 0x99, 0x4E, 0x9D, 0xF7, 0x65, 0x21, 0x60, 0x00, 0x31, 0x6E,
    0x4A, 0x55, 0xBA, 0xD8, 0x2B, 0x7B, 0x7E, 0x05, 0x79, 0x5B, 0x4E, 0xDD, 0x2B, 0x54, 0xCF, 0xEC,
    0x34, 0x92, 0x8C, 0x28, 0x80, 0x23, 0x00, 0x2D, 0x87, 0xF2, 0x38, 0x3D, 0x77, 0x5A, 0x18, 0x10,
    0x86, 0x2F, 0xE0, 0x80, 0x23, 0x00, 0x5C, 0xB6, 0xF1, 0xE6, 0x40, 0x84, 0xFF, 0x1A, 0x27, 0xDE,
    0xA6, 0x80, 0x80, 0x23, 0x00, 0x41, 0x54, 0xE6, 0x2A, 0xDA, 0xFB, 0x29, 0x7C, 0x1B, 0xEF, 0x12,
    0x42, 0x78, 0xE0, 0x88, 0x81, 0x00, 0x7D, 0xAF, 0xC2, 0xF3, 0xA3, 0xCE, 0x99, 0x8F, 0xD0, 0xE9,
    0xD2, 0x51, 0x70, 0xBA, 0x7E, 0x81, 0x23, 0x00, 0x2E, 0x53, 0xE7, 0x7F, 0x8B, 0x28, 0x2D, 0x02,
    0x52, 0x9B, 0x13, 0x92, 0x40, 0xC0, 0x82, 0x23, 0x00, 0x33, 0xAD, 0x96, 0x93, 0x10, 0x21, 0x2A,
    0x5E, 0xE1, 0xD7, 0xF0, 0xC2, 0x3A, 0xD6, 0x2A, 0x70, 0x00, 0x40, 0xD4, 0x81, 0x2F, 0x23, 0x99,
    0x49, 0x12, 0xFB, 0xF7, 0x93, 0x1E, 0x64, 0xCE, 0x5F, 0x94, 0xE5, 0xF4, 0x9C, 0xD4, 0xB2, 0x0B,
    0x58, 0xAA, 0x50, 0x28, 0xA2, 0x33, 0x8D, 0xE7, 0x24, 0xFC, 0x87, 0x25, 0x00, 0x80, 0x6C, 0x60,
    0xE6, 0x55, 0xF6, 0x06, 0xCF, 0x91, 0x09, 0x79, 0xA7, 0xE5, 0x9B, 0x7B, 0x10, 0x80, 0x27, 0x00,
    0x11, 0xF0, 0xD9, 0x25, 0x59, 0xC6, 0x37, 0xD5, 0x40, 0x80, 0x27, 0x00, 0x43, 0xA4, 0x7A, 0x4A,
    0xB1, 0x0E, 0x0A, 0x98, 0x80, 0x27, 0x00, 0x32, 0xFB, 0x48, 0x08, 0x59, 0xED, 0x28, 0x17, 0x91,
    0xFA, 0xA0, 0x81, 0x27, 0x00, 0x50, 0xB0, 0xDB, 0x7D, 0x9E, 0xB9, 0xD4, 0x72, 0xA0, 0xBC, 0x80,
    0x80, 0x2B, 0x00, 0x03, 0x1B, 0x2C, 0x3F, 0xAA, 0xF7, 0x06, 0x80, 0x00, 0x2A, 0xF2, 0xD5, 0x3F,
    0x72, 0x6D, 0x8C, 0x9F, 0xE2, 0xE5, 0xFD, 0x63, 0x00, 0x87, 0xE8, 0x41, 0x92, 0x68, 0x67, 0xDF,
    0x00, 0x23, 0xC5, 0x07, 0xE4, 0x80, 0x61, 0xE1, 0x79, 0x35, 0x58, 0xA1, 0xCE, 0xD7, 0x7F, 0xCA,
    0xEE, 0x94, 0x51, 0xA5, 0x3E, 0x2A, 0xC2, 0x8F, 0x80, 0x88, 0x8F, 0x00, 0xE7, 0x2B, 0xFB, 0x4D,
    0x9D, 0x44, 0xB7, 0x7F, 0x0A, 0xDA, 0x35, 0x8C, 0xC1, 0x00, 0x0F, 0x26, 0x14, 0x66, 0x52, 0x68,
    0x0B, 0x38, 0x8A, 0x60, 0xBB, 0x6D, 0xA2, 0x57, 0x71, 0x56, 0x97, 0xC7, 0x8F, 0x35, 0x52, 0xAC,
    0xC7, 0xA0, 0xEB, 0xED, 0x1C, 0xDC, 0x85, 0x0B, 0xF4, 0x40, 0x81, 0x30, 0x00, 0x2C, 0x4E, 0x9F,
    0xC4, 0x25, 0xF5, 0xA6, 0xED, 0xF0, 0x01, 0x0F, 0x8B, 0x6A, 0x6D, 0xD8, 0x70, 0x81, 0x31, 0x00,
    0x36, 0x4D, 0xD2, 0xE5, 0xDB, 0x9A, 0xA9, 0x97, 0x7A, 0x29, 0x0B, 0xD4, 0x81, 0x31, 0x00, 0x64,
    0xAF, 0xD4, 0x0B, 0x5F, 0xFD, 0xA9, 0xB7, 0x6B, 0xE2, 0x7F, 0x7E, 0x81, 0x31, 0x00, 0x49, 0x0E,
    0xCB, 0xD9, 0x33, 0xAD, 0xF7, 0xB2, 0x11, 0x61, 0x5C, 0x0E, 0x17, 0xD9, 0x80, 0x88, 0x93, 0x00,
    0x42, 0xA0, 0x3E, 0x24, 0x33, 0x1F, 0x89, 0x73, 0x1D, 0x16, 0xD8, 0x6A, 0x20, 0x5B, 0x6C, 0x40,
    0x82, 0x31, 0x00, 0x38, 0xC9, 0xC3, 0xFE, 0xB3, 0xAD, 0xBC, 0x1E, 0xED, 0xC8, 0x79, 0x22, 0x70,
    0x00, 0x0E, 0x89, 0x89, 0xD3, 0xC2, 0x03, 0x1A, 0x54, 0x9D, 0x90, 0x0A, 0xA3, 0x31, 0xD5, 0xFB,
    0xD1, 0x95, 0x26, 0x36, 0x97, 0xE0, 0x87, 0x31, 0x00, 0x63, 0xBC, 0x92, 0xC0, 0x5D, 0x01, 0x62,
    0xAC, 0x75, 0xBE, 0x66, 0xDC, 0x60, 0x79, 0x9F, 0x6C, 0x03, 0xE4, 0xF4, 0xDF, 0xE9, 0x37, 0x59,
    0x40, 0x80, 0x37, 0x00, 0x20, 0x0C, 0xFC, 0xB9, 0x6F, 0x99, 0xB5, 0x4B, 0xC2, 0x80, 0x37, 0x00,
    0x51, 0xDD, 0x4C, 0x8E, 0xB8, 0x87, 0xEB, 0x1C, 0x54, 0x80, 0x37, 0x00, 0x35, 0x38, 0x8B, 0x8F,
    0xB5, 0x70, 0x7B, 0x8F, 0x3C, 0xBA, 0x4F, 0x01, 0x81, 0x37, 0x00, 0x5D, 0x74, 0xEF, 0xB7, 0x10,
    0xAD, 0x9F, 0xAC, 0x92, 0x84, 0x4B, 0x80, 0x80, 0x3B, 0x00, 0x54, 0x0F, 0xEA, 0xC8, 0xF0, 0x29,
    0xF4, 0x94, 0x10, 0xB8, 0xE0, 0x00, 0x09, 0x02, 0x2A, 0x97, 0x10, 0x19, 0x01, 0x8C, 0x28, 0xFD,
    0xAD, 0xFF, 0x3D, 0x2C, 0xDB, 0x53, 0xB0, 0xC7, 0xBC, 0xEF, 0xDC, 0x2A, 0xC0, 0x00, 0x32, 0xE1,
    0xD7, 0x0C, 0x31, 0x6D, 0xED, 0xB6, 0x33, 0x12, 0xDB, 0xDC, 0xF7, 0x5B, 0x35, 0x81, 0x62, 0x9A,
    0x1B, 0xD5, 0xCF, 0x29, 0xA3, 0x3A, 0xF4, 0x8B, 0x84, 0x56, 0xE6, 0xE5, 0xF7, 0xC1, 0x80, 0x43,
    0x00, 0x1D, 0xA9, 0x4A, 0x64, 0xE5, 0x93, 0xBB, 0x04, 0xA7, 0xE8, 0x80, 0x43, 0x00, 0x4F, 0x06,
    0x15, 0x04, 0x69, 0xCB, 0x9B, 0x9B, 0xCF, 0xC0, 0x80, 0x43, 0x00, 0x32, 0xFB, 0x30, 0x41, 0xFA,
    0xEB, 0x20, 0x73, 0xF6, 0x1E, 0x31, 0x1A, 0x80, 0x88, 0xA1, 0x00, 0x73, 0xE5, 0xC4, 0x77, 0x2E,
    0xA0, 0x3A, 0x72, 0x59, 0xEB, 0x07, 0x61, 0x90, 0x0A, 0xE0, 0x81, 0x43, 0x00, 0x1E, 0xCC, 0x15,
    0xB3, 0xE8, 0xC1, 0x2F, 0x29, 0x72, 0x2C, 0x25, 0xFD, 0x86, 0xA2, 0x00, 0x23, 0x10, 0x09, 0x3D,
    0x25, 0xC4, 0x09, 0xD2, 0xD9, 0x96, 0xAD, 0xCE, 0x0F, 0xEB, 0xC8, 0x00, 0x0F, 0xBC, 0xAF, 0xE3,
    0x02, 0x7C, 0xB0, 0xA3, 0x5F, 0x10, 0xB9, 0x41, 0xD3, 0x29, 0xD2, 0x28, 0xAF, 0xEC, 0xFA, 0x62,
    0xCD, 0x67, 0x14, 0xF3, 0x72, 0xE3, 0xAF, 0x90, 0xEC, 0x6F, 0xEB, 0xD7, 0x7D, 0xD6, 0xD2, 0xEB,
    0x53, 0xA5, 0x6F, 0xB0, 0x87, 0x45, 0x00, 0x56, 0xCA, 0xAC, 0x81, 0x0D, 0xFF, 0xA3, 0x7B, 0xC9,
    0x36, 0x8A, 0x58, 0x80, 0x80, 0x47, 0x00, 0x1D, 0xB7, 0x2B, 0xFD, 0x89, 0xBD, 0x6E, 0x3F, 0xA6,
    0xDA, 0x80, 0x47, 0x00, 0x4F, 0xD6, 0xFD, 0xDE, 0x6D, 0xDF, 0x50, 0x3B, 0xE9, 0x50, 0x80, 0x47,
    0x00, 0x33, 0x0B, 0xFA, 0x4B, 0x4B, 0xBA, 0x54, 0xA8, 0xEE, 0x6E, 0xEE, 0xE3, 0x81, 0x47, 0x00,
    0x1E, 0xD3, 0xD9, 0x78, 0x39, 0x26, 0xC7, 0xC8, 0x20, 0xF1, 0xAF, 0x00, 0x08, 0x41, 0x54, 0x74,
    0xD5, 0xC6, 0x29, 0x9E, 0xDF, 0x08, 0xE0, 0x00, 0x1C, 0x95, 0x1C, 0x89, 0x58, 0x64, 0xFE, 0x68,
    0x0B, 0x0E, 0x2C, 0x00, 0x2E, 0xD4, 0x8E, 0x50, 0xBC, 0x21, 0x22, 0x38, 0x86, 0xFE, 0xF9, 0x34,
    0xCD, 0xE7, 0x90, 0x00, 0x3D, 0xB7, 0x66, 0x55, 0x37, 0xBE, 0x40, 0xA9, 0x2A, 0xEC, 0xD3, 0x16,
    0x01, 0x54, 0x00, 0x82, 0xAA, 0x3A, 0x92, 0x60, 0x06, 0x0C, 0x64, 0xC7, 0x26, 0x58, 0x9C, 0x5B,
    0xB7, 0xBA, 0x76, 0x08, 0x89, 0x94, 0x3F, 0x7C, 0xEB, 0x56, 0x58, 0x27, 0xAD, 0x1B, 0xF0, 0xAD,
    0xC2, 0xB3, 0xA3, 0x5A, 0xE8, 0x75, 0x92, 0xE0, 0xA0, 0x81, 0x50, 0x00, 0x1C, 0xAF, 0x58, 0xD0,
    0xBB, 0xFB, 0x6C, 0x2C, 0x1D, 0x15, 0x47, 0x6C, 0xA9, 0xF0, 0x80, 0x51, 0x00, 0x1B, 0x8F, 0xAE,
    0x4E, 0x64, 0x69, 0x0E, 0xC4, 0xA0, 0x80, 0x51, 0x00, 0x4E, 0x5C, 0x04, 0xC2, 0xF2, 0xC1, 0xC7,
    0xD0, 0x40, 0x80, 0x51, 0x00, 0x3D, 0x5D, 0xA8, 0x04, 0x37, 0x54, 0x9E, 0x8C, 0xF1, 0xBA, 0x42,
    0x80, 0x81, 0x51, 0x00, 0x28, 0x05, 0x8E, 0x8D, 0x76, 0xBE, 0x53, 0x55, 0x0A, 0x48, 0x99, 0x09,
    0x92, 0x20, 0x81, 0x51, 0x00, 0x5A, 0x38, 0x21, 0xE7, 0xD2, 0x8E, 0xE8, 0x2B, 0xD7, 0xBA, 0xF0,
    0x82, 0x6D, 0x00, 0x31, 0x98, 0xD3, 0xB2, 0x26, 0xA3, 0xD8, 0x20, 0x99, 0x09, 0x8E, 0x86, 0x51,
    0x00, 0x7D, 0x60, 0x78, 0x35, 0x7E, 0x72, 0x43, 0x43, 0x5A, 0xF3, 0xDA, 0xAD, 0x42, 0x0E, 0x2D,
    0x52, 0xFC, 0x00, 0x11, 0xF2, 0xE8, 0x7C, 0xE3, 0xB2, 0xA2, 0xBF, 0x05, 0xF5, 0xAF, 0x1E, 0x98,
    0x62, 0x74, 0xEF, 0x01, 0xE2, 0x11, 0x26, 0xC5, 0xDB, 0xF2, 0x87, 0xBA, 0x00, 0xE5, 0x74, 0xEB,
    0xF8, 0xAF, 0x63, 0x78, 0xE4, 0x6C, 0x87, 0xBB, 0x00, 0x34, 0x50, 0xB5, 0xE8, 0x82, 0xE8, 0x13,
    0x61, 0x88, 0x50, 0xB0, 0x20, 0x88, 0xBB, 0x00, 0x1F, 0x20, 0x15, 0x34, 0x99, 0x92, 0xFB, 0x40,
    0x51, 0x0D, 0x80, 0x5B, 0x00, 0x4E, 0x1B, 0x44, 0x53, 0x4B, 0x29, 0x12, 0x9F, 0x7C, 0x02, 0x96,
    0x87, 0x44, 0x00, 0xC3, 0xF8, 0x8F, 0xDA, 0x8B, 0x50, 0xA1, 0xB3, 0x9E, 0x7F, 0x7B, 0xC0, 0x81,
    0x5B, 0x00, 0x1E, 0xD9, 0xB4, 0xC1, 0x08, 0x14, 0x1E, 0xC7, 0x1E, 0x71, 0x87, 0xE9, 0xE5, 0xC0,
    0x89, 0x85, 0x00, 0x20, 0x17, 0x49, 0xC0, 0x60, 0x04, 0x62, 0x9B, 0x73, 0x59, 0x89, 0xA5, 0x00,
    0x2D, 0x03, 0xD3, 0xB2, 0xCC, 0x18, 0x07, 0x2F, 0x81, 0x23, 0x00, 0x23, 0x20, 0xFB, 0xAE, 0x6F,
    0x40, 0x37, 0x29, 0xAE, 0x05, 0xA7, 0xC3, 0xF1, 0x90, 0x88, 0xA2, 0x00, 0x13, 0x67, 0x47, 0x5B,
    0x82, 0x50, 0x3A, 0x22, 0xF5, 0x19, 0x3F, 0xB5, 0xA0, 0x87, 0x23, 0x00, 0x83, 0xA7, 0x06, 0xA6,
    0xBE, 0xC9, 0x90, 0xA0, 0x49, 0x34, 0x90, 0x64, 0xC7, 0x35, 0x00, 0x15, 0x0F, 0x0E, 0x09, 0x44,
    0xA7, 0x78, 0x48, 0x07, 0xE2, 0x34, 0x5C, 0x17, 0xBA, 0x7D, 0x19, 0x8D, 0x4B, 0xD8, 0xCD, 0x80,
    0x9B, 0x06, 0x51, 0x51, 0xD6, 0xAD, 0x00, 0x11, 0xC7, 0x1C, 0x27, 0x3E, 0x81, 0x25, 0x00, 0x5A,
    0x11, 0x5C, 0xCE, 0x71, 0x41, 0x2B, 0x1C, 0x05, 0x1B, 0x80, 0x80, 0x45, 0x00, 0x4F, 0x0E, 0x04,
    0x83, 0x3F, 0x69, 0xD9, 0xBA, 0x80, 0x81, 0x25, 0x00, 0x4A, 0xBD, 0x20, 0x86, 0x09, 0xD8, 0x1A,
    0x36, 0x6C, 0xC3, 0x6E, 0x2A, 0x60, 0x80, 0x45, 0x00, 0x32, 0xFB, 0x31, 0x0F, 0xF5, 0xE8, 0x63,
    0xBA, 0xCB, 0x5B, 0xC0, 0x82, 0x25, 0x00, 0x4A, 0xDA, 0x5E, 0x6A, 0xEA, 0x16, 0x77, 0xA2, 0x14,
    0xC0, 0x81, 0x45, 0x00, 0x33, 0xEF, 0x5B, 0xE6, 0xF9, 0xFE, 0x73, 0x87, 0xC7, 0x00, 0x22, 0x79,
    0xB5, 0x7D, 0x7A, 0x0D, 0xB0, 0x98, 0x95, 0xF5, 0xBE, 0x90, 0x87, 0xC8, 0x00, 0x13, 0x5C, 0x0B,
    0xE9, 0x7B, 0x7A, 0x41, 0x52, 0x01, 0x9E, 0x04, 0x80, 0x26, 0x00, 0x17, 0xE4, 0x91, 0x75, 0x04,
    0x8A, 0x7F, 0x46, 0x04, 0x6A, 0xF9, 0x02, 0xAD, 0x00, 0xAF, 0x98, 0x96, 0xCA, 0x90, 0x57, 0x6D,
    0x5B, 0xEE, 0x1A, 0x1D, 0x1D, 0x68, 0x8A, 0xA3, 0x8E, 0x57, 0x27, 0xA9, 0x0F, 0x1C, 0xEC, 0x39,
    0xBF, 0xD4, 0x36, 0x5C, 0x61, 0xFE, 0x6B, 0xEC, 0x60, 0x87, 0x91, 0x00, 0x59, 0x1A, 0xD1, 0xF7,
    0x06, 0xCA, 0xD5, 0x40, 0x00, 0xA6, 0x0A, 0x08, 0xD9, 0x34, 0x63, 0x22, 0xBB, 0x68, 0x3A, 0xC4,
    0x2D, 0x07, 0x3E, 0x43, 0xF7, 0xC9, 0x88, 0x02, 0xE4, 0xD3, 0x2D, 0x33, 0xC4, 0x99, 0xFE, 0x4E,
    0x1F, 0x55, 0xBE, 0xCC, 0x2A, 0x08, 0xE5, 0x89, 0x8C, 0x00, 0x0B, 0x99, 0x34, 0xCB, 0x10, 0xEF,
    0x37, 0xE0, 0x89, 0xAC, 0x00, 0x29, 0xBC, 0xE7, 0x7F, 0xB4, 0x0E, 0x12, 0x82, 0xE8, 0x81, 0x27,
    0x00, 0x0D, 0xBA, 0x0F, 0xF3, 0x46, 0x95, 0x8C, 0xAD, 0x4F, 0xA3, 0xDA, 0x81, 0x47, 0x00, 0x13,
    0x3E, 0xED, 0x4D, 0x6D, 0x20, 0x06, 0x3C, 0x4F, 0xE5, 0xF6, 0xB0, 0x81, 0x27, 0x00, 0x33, 0x27,
    0x1E, 0x0B, 0xDF, 0x4A, 0x02, 0x40, 0x81, 0x47, 0x00, 0x3F, 0x0B, 0xA8, 0xA8, 0x45, 0x51, 0xCF,
    0x23, 0xDF, 0x60, 0x87, 0x27, 0x00, 0x55, 0x74, 0x1F, 0x0F, 0x63, 0xFF, 0xE2, 0x7C, 0x07, 0xF5,
    0x03, 0xE0, 0x87, 0x47, 0x00, 0x4D, 0x0B, 0x43, 0xB9, 0x76, 0x16, 0x7F, 0xE9, 0x62, 0xA1, 0x4E,
    0xD8, 0x50, 0x20, 0x87, 0x8A, 0x00, 0x0E, 0x3E, 0x0B, 0x6C, 0x54, 0x53, 0xE0, 0x68, 0x16, 0xB9,
    0x87, 0xAA, 0x00, 0x13, 0x5E, 0xE1, 0xC8, 0x93, 0x81, 0x0F, 0x7D, 0x79, 0x63, 0x98, 0x5C, 0xA0,
    0x81, 0x29, 0x00, 0x53, 0xE1, 0x32, 0x42, 0x20, 0x53, 0x74, 0x21, 0x19, 0x9D, 0x1F, 0x26, 0xA8,
    0x7A, 0xD8, 0x80, 0x49, 0x00, 0x31, 0x1F, 0x71, 0x53, 0x7C, 0xB5, 0x44, 0x12, 0xC7, 0x33, 0x14,
    0x12, 0x03, 0x24, 0x82, 0x29, 0x00, 0x2C, 0x65, 0xD5, 0x9C, 0x84, 0xFE, 0x84, 0xD9, 0xB3, 0xC6,
    0xB9, 0xAE, 0x3F, 0x90, 0xA0, 0x81, 0x49, 0x00, 0x12, 0x75, 0x35, 0x44, 0xA8, 0xE9, 0xCB, 0x97,
    0xFC, 0xC1, 0xC3, 0xAE, 0x1A, 0xA0, 0x82, 0x29, 0x00, 0x54, 0x2D, 0x5A, 0x76, 0x9F, 0x6B, 0x16,
    0x18, 0xBB, 0xDE, 0x38, 0x81, 0x49, 0x00, 0x3F, 0x10, 0x30, 0xC6, 0xC6, 0x04, 0x4F, 0x62, 0xD8,
    0x28, 0x87, 0x29, 0x00, 0x8D, 0x29, 0x21, 0x2B, 0xED, 0x1D, 0x44, 0x4E, 0xD6, 0x76, 0x60, 0xAD,
    0x20, 0x80, 0x49, 0x00, 0x48, 0xB2, 0x40, 0x3B, 0x0C, 0x86, 0x90, 0x59, 0x84, 0x50, 0x10, 0x80,
    0x2A, 0x00, 0x41, 0x33, 0xC5, 0x6F, 0xE3, 0xE7, 0xF8, 0x67, 0x54, 0xA2, 0x68, 0x50, 0x00, 0x21,
    0xA3, 0x83, 0x55, 0xBC, 0x5E, 0x1E, 0xD4, 0x0C, 0x08, 0x8C, 0x1B, 0x07, 0x4D, 0x25, 0x75, 0x55,
    0x69, 0xE7, 0x29, 0x76, 0x54, 0xBE, 0x5F, 0xE6, 0x5F, 0x23, 0x2D, 0xB0, 0x00, 0x12, 0x23, 0x3E,
    0x93, 0x47, 0xDC, 0x9E, 0xFA, 0xAE, 0xEE, 0x0D, 0x7C, 0xFE, 0x39, 0x8F, 0x50, 0x93, 0x59, 0xA3,
    0x0F, 0x11, 0xCE, 0x1B, 0x6D, 0x24, 0xDF, 0xEB, 0x80, 0x00, 0x73, 0x32, 0xAF, 0x11, 0xD5, 0xF2,
    0x26, 0x05, 0xAD, 0xD4, 0xCD, 0x78, 0x44, 0x02, 0x6D, 0x29, 0x09, 0xA8, 0xCD, 0x19, 0xFB, 0x67,
    0x08, 0x20, 0x84, 0x00, 0x18, 0x12, 0x7A, 0xEC, 0x81, 0xC7, 0xA7, 0x4D, 0x14, 0x3B, 0x3E, 0x20,
    0x62, 0xB5, 0x09, 0x09, 0xAB, 0x6C, 0x8E, 0x57, 0xAE, 0x12, 0xE2, 0x28, 0xF7, 0x4E, 0x00, 0x18,
    0x12, 0x7A, 0xEC, 0x02, 0xCB, 0xA6, 0x01, 0x8C, 0x76, 0x21, 0xD3, 0x16, 0xE5, 0xDD, 0x97, 0xF0,
    0x89, 0x90, 0x00, 0x01, 0x46, 0xF7, 0xB7, 0xE2, 0x01, 0x58, 0x00, 0x00, 0x69, 0x48, 0x76, 0x8C,
    0x25, 0x08, 0x84, 0x0E, 0x86, 0x0C, 0x87, 0x90, 0x00, 0x02, 0xE3, 0x4E, 0x50, 0x9F, 0x27, 0x84,
    0xFC, 0xDF, 0x35, 0x8A, 0x85, 0xEC, 0x00, 0x04, 0x5E, 0xF9, 0xDE, 0x64, 0xCD, 0xA2, 0xBA, 0x22,
    0x87, 0x2B, 0x00, 0x65, 0x36, 0xFC, 0xC4, 0xCB, 0xBB, 0xB9, 0x80, 0xE6, 0x58, 0x00, 0x1E, 0xDE,
    0x5B, 0x64, 0x25, 0x81, 0x2C, 0xC8, 0xD2, 0x53, 0xCA, 0xA9, 0x24, 0xD0, 0x81, 0xEF, 0x00, 0x1F,
    0x78, 0xE7, 0xCC, 0x0D, 0xF8, 0x8D, 0x4B, 0x00, 0x87, 0x00, 0x00, 0xDD, 0xC5, 0xC9, 0x0F, 0x4D,
    0x0F, 0x13, 0x2A, 0xEA, 0x89, 0x99, 0x57, 0xDF, 0xBF, 0x08, 0x23, 0xDC, 0xE0, 0xD4, 0x21, 0xA6,
    0xA0, 0x5A, 0x11, 0xDD, 0x77, 0x5D, 0x72, 0xCB, 0x2C, 0x00, 0x08, 0xDD, 0x0F, 0x3E, 0xBD, 0x01,
    0x72, 0x79, 0x9A, 0x38, 0xAA, 0x44, 0x5A, 0x76, 0xA9, 0xB1, 0x31, 0x41, 0x55, 0xDF, 0x83, 0x9F,
    0x00, 0x39, 0x4A, 0x31, 0xE7, 0xA0, 0x20, 0x13, 0x69, 0x7F, 0x83, 0x76, 0xEF, 0x02, 0x7A, 0xBC,
    0x97, 0xBD, 0x3B, 0x5A, 0x6D, 0xDB, 0x87, 0xAF, 0x00, 0x67, 0x47, 0x53, 0x64, 0x70, 0x18, 0x95,
    0xAB, 0xDE, 0x64, 0x87, 0x2D, 0x00, 0x91, 0x74, 0x00, 0x42, 0x3A, 0x4E, 0x4F, 0x10, 0x67, 0xE4,
    0xE0, 0x88, 0x87, 0x4D, 0x00, 0xC0, 0xD2, 0xC7, 0x95, 0x65, 0xFB, 0x06, 0xA2, 0x95, 0x26, 0x60,
    0x8E, 0x4D, 0x00, 0x8E, 0x2C, 0x22, 0xF4, 0x9D, 0x9C, 0x8E, 0x8C, 0x5C, 0xA3, 0x62, 0x9C, 0x80,
    0x2E, 0x00, 0x12, 0x00, 0x8C, 0x00, 0x3D, 0x87, 0x9E, 0x87, 0xAE, 0x00, 0x65, 0x9E, 0xAF, 0x77,
    0xC0, 0x64, 0x87, 0x2E, 0x00, 0x9C, 0x7A, 0x55, 0x5E, 0xD5, 0x76, 0x70, 0x00, 0x2B, 0xC6, 0xE6,
    0x72, 0x5A, 0x2D, 0xE4, 0x15, 0xB1, 0x86, 0x3D, 0x9A, 0x87, 0x2E, 0x00, 0x7F, 0x49, 0x2D, 0xF7,
    0xE1, 0xE2, 0x00, 0x3F, 0x30, 0x9A, 0x98, 0xC0, 0x89, 0xC5, 0x21, 0x32, 0x69, 0xAA, 0xF2, 0x87,
    0x2E, 0x00, 0x9B, 0xE6, 0x3B, 0x7B, 0x95, 0xD9, 0x20, 0x87, 0xFF, 0x00, 0xAC, 0x19, 0x4A, 0xEB,
    0x1B, 0xD4, 0x00, 0x12, 0x14, 0xB1, 0x34, 0xB3, 0xAA, 0x79, 0x22, 0x5F, 0xD4, 0x3D, 0xA9, 0x98,
    0x03, 0x46, 0x66, 0x66, 0x8E, 0x41, 0x28, 0x8B, 0xB0, 0x00, 0x4D, 0xF8, 0x9A, 0x5F, 0x83, 0x71,
    0x05, 0xB4, 0x6D, 0x1F, 0x9F, 0x80, 0x80, 0x30, 0x00, 0x52, 0xE2, 0x4B, 0x1A, 0xD6, 0xE3, 0x2E,
    0x32, 0xD3, 0xB4, 0x18, 0x80, 0x50, 0x00, 0x45, 0xBF, 0x52, 0xFE, 0x34, 0x57, 0xD9, 0xC0, 0x87,
    0x30, 0x00, 0x6A, 0x34, 0x9F, 0x66, 0x3D, 0x1C, 0xF4, 0x4C, 0x4E, 0xA0, 0x5B, 0x0C, 0x87, 0x50,
    0x00, 0x85, 0xCB, 0x47, 0x23, 0xFF, 0xA9, 0x20, 0x5F, 0x99, 0x30, 0x87, 0x04, 0x01, 0x17, 0xA5,
    0xBB, 0xA7, 0x01, 0x67, 0x5B, 0xF7, 0x4F, 0xC4, 0xA3, 0x12, 0x80, 0x80, 0x50, 0x00, 0x0D, 0xBE,
    0x22, 0x53, 0x1D, 0x39, 0x3E, 0xAE, 0xB9, 0xEE, 0x00, 0x08, 0x6D, 0x67, 0x71, 0xFB, 0x54, 0x25,
    0x64, 0xD4, 0x50, 0x8F, 0xDC, 0x0F, 0x38, 0x75, 0xF4, 0xB4, 0xE4, 0x91, 0x2A, 0xFA, 0xA8, 0xB5,
    0x1C, 0x8B, 0x87, 0x30, 0x00, 0x6A, 0x34, 0x9E, 0xCE, 0x61, 0xAD, 0x39, 0x26, 0xE0, 0xD8, 0x8D,
    0xAA, 0x34, 0xB0, 0xA1, 0x00, 0x2C, 0x6A, 0x09, 0xB0, 0x87, 0x50, 0x00, 0x85, 0xBD, 0x07, 0xE9,
    0xC7, 0xD4, 0x2B, 0x6D, 0xA7, 0x70, 0x89, 0x97, 0x00, 0x2A, 0x39, 0xFA, 0x6B, 0x32, 0xB5, 0xD4,
    0x69, 0xDF, 0x7C, 0xA6, 0x89, 0xB6, 0x00, 0x6E, 0x96, 0xD1, 0x2F, 0x90, 0xA7, 0x77, 0xE3, 0x82,
    0x31, 0x00, 0x2C, 0x4E, 0xEB, 0x22, 0x1C, 0x6F, 0x16, 0x1D, 0xE1, 0xD4, 0xBC, 0x71, 0x91, 0x68,
    0x81, 0x51, 0x00, 0x12, 0x7E, 0xE3, 0xCB, 0x95, 0x67, 0xC8, 0x91, 0x8F, 0x35, 0xE6, 0xEC, 0x87,
    0x93, 0x00, 0xB1, 0xED, 0x15, 0xE4, 0xAD, 0x18, 0x4D, 0xBE, 0x3D, 0xDF, 0x62, 0x66, 0x75, 0xA1,
    0x3E, 0x87, 0xB4, 0x00, 0x23, 0x5E, 0x9B, 0xED, 0xB8, 0x85, 0x4A, 0x6D, 0x33, 0x51, 0x78, 0xD0,
    0x00, 0x9D, 0x7F, 0xE4, 0xC3, 0x2F, 0xB1, 0x8F, 0x8D, 0x82, 0x81, 0xE3, 0x95, 0x4F, 0x25, 0xB1,
    0x87, 0x52, 0xD3, 0x51, 0x0D, 0xE3, 0xEA, 0xC8, 0x90, 0x8A, 0xBA, 0x31, 0x0C, 0x13, 0x42, 0x3D,
    0x73, 0x00, 0x19, 0x3A, 0x28, 0xBF, 0x80, 0xF4, 0xA3, 0xD3, 0x93, 0xC5, 0xA8, 0xB1, 0xB3, 0xA9,
    0xD9, 0x3D, 0x8D, 0x90, 0x96, 0x1B, 0x96, 0xCE, 0x77, 0x73, 0x70, 0x96, 0x36, 0xE3, 0xB1, 0x57,
    0x78, 0xD5, 0x6E, 0x7A, 0xB4, 0xB9, 0x68, 0xA6, 0x77, 0xFC, 0x34, 0x4B, 0x80, 0x34, 0x00, 0x46,
    0x1F, 0x7D, 0x43, 0x0F, 0x96, 0xD5, 0x72, 0x09, 0xC0, 0x80, 0x54, 0x00, 0x36, 0x88, 0x3F, 0x12,
    0x7E, 0x3C, 0x87, 0x34, 0x00, 0x5E, 0xAC, 0x50, 0x75, 0x3F, 0x68, 0x2F, 0xF1, 0xA3, 0xD3, 0xA7,
    0x60, 0x00, 0x07, 0xCF, 0x00, 0x35, 0xB5, 0x36, 0x49, 0xF0, 0x57, 0x95, 0x73, 0xA5, 0x72, 0x4D,
    0x18, 0x52, 0x80, 0x87, 0x15, 0x01, 0x0E, 0x46, 0x9F, 0x0C, 0x97, 0xA3, 0x12, 0x54, 0x44, 0xAD,
    0x79, 0x80, 0x87, 0x16, 0x01, 0x04, 0x97, 0xF3, 0xCC, 0x21, 0x9C, 0x97, 0x7E, 0x81, 0x35, 0x00,
    0x4F, 0xD6, 0xFD, 0xC2, 0x52, 0x30, 0xA9, 0xAD, 0x21, 0x0A, 0x80, 0x55, 0x00, 0x40, 0xA4, 0xD1,
    0x5D, 0x54, 0x65, 0x8B, 0x01, 0x80, 0x81, 0x35, 0x00, 0x33, 0x0B, 0xFA, 0x4B, 0x26, 0xE5, 0x91,
    0x9D, 0x51, 0xB8, 0x02, 0xBD, 0xB0, 0x80, 0x55, 0x00, 0x2E, 0xDB, 0x0C, 0x26, 0xED, 0x89, 0x20,
    0xDD, 0x87, 0x0E, 0x79, 0x08, 0x87, 0x35, 0x00, 0x8E, 0x16, 0x8A, 0x0E, 0x1F, 0x72, 0xB0, 0x05,
    0x0A, 0xCF, 0x80, 0xE8, 0xD7, 0x0E, 0x80, 0x87, 0x55, 0x00, 0x3D, 0x92, 0x28, 0xA3, 0x41, 0xF3,
    0xC4, 0x42, 0x6A, 0xD0, 0x3E, 0x44, 0x3C, 0x60, 0x87, 0x1B, 0x01, 0x13, 0x5E, 0xE1, 0xC8, 0x92,
    0xB6, 0xD4, 0x0C, 0x57, 0x4B, 0x01, 0x5B, 0x74, 0x87, 0x1C, 0x01, 0x09, 0x6A, 0x7F, 0xBA, 0x3C,
    0xDE, 0xAA, 0xC3, 0xB2, 0xFC, 0xF4, 0x87, 0x36, 0x00, 0x23, 0x15, 0xD0, 0xBC, 0xB7, 0x2F, 0x7B,
    0x00, 0x2C, 0xC0, 0x74, 0x87, 0x56, 0x00, 0x8F, 0xFE, 0xA5, 0x08, 0xB9, 0xC9, 0xBD, 0xEF, 0x84,
    0x8E, 0xB7, 0x56, 0x70, 0x80, 0x23, 0x01, 0x12, 0x7C, 0xB5, 0xA7, 0x47, 0x86, 0x45, 0x94, 0xFD,
    0x64, 0x00, 0x9A, 0x5E, 0x8A, 0x8A, 0x94, 0xF0, 0xFD, 0x69, 0xC7, 0x4B, 0x68, 0x31, 0xF4, 0xBC,
    0x58, 0x54, 0xC9, 0x1E, 0xD2, 0x8B, 0x08, 0xC3, 0x94, 0x80, 0x87, 0x23, 0x01, 0x23, 0x13, 0x0C,
    0x8F, 0xC8, 0x83, 0x59, 0x32, 0xFC, 0xAE, 0x26, 0x3A, 0x9F, 0x42, 0x80, 0x87, 0x56, 0x00, 0x90,
    0x06, 0x1B, 0x0E, 0x88, 0xBF, 0x1E, 0x41, 0xDA, 0xC5, 0x04, 0x81, 0x37, 0x00, 0x2E, 0x20, 0xAF,
    0xE8, 0x85, 0x5E, 0x2E, 0x48, 0x82, 0x7B, 0x78, 0x6B, 0x28, 0xE3, 0x40, 0x88, 0xBA, 0x00, 0xAC,
    0xF0, 0xB0, 0x42, 0x9E, 0x6D, 0x6C, 0x10, 0x86, 0x61, 0x8E, 0x09, 0x97, 0x40, 0x89, 0x9D, 0x00,
    0x33, 0xD1, 0x6A, 0x5D, 0x7E, 0x6A, 0xEC, 0x2A, 0x89, 0x2A, 0x01, 0xC5, 0xB1, 0xE7, 0x1A, 0x50,
    0x0A, 0x3D, 0x80, 0x81, 0x37, 0x00, 0x17, 0x1B, 0x22, 0x66, 0x03, 0x8B, 0xD1, 0xCB, 0x41, 0xF6,
    0xC6, 0x90, 0x88, 0xBB, 0x00, 0x0E, 0x32, 0xED, 0x7F, 0xAB, 0x00, 0x18, 0x05, 0x7C, 0xED, 0x3C,
    0x86, 0x9B, 0x00, 0x30, 0x35, 0x8B, 0xED, 0xB3, 0x52, 0x6A, 0x7F, 0x55, 0x4E, 0xFC, 0x9F, 0xB3,
    0x36, 0x80, 0x86, 0xBB, 0x00, 0x20, 0xF1, 0xF3, 0x2F, 0xDB, 0x1C, 0xB1, 0x2A, 0xCA, 0x0C, 0x3C,
    0x87, 0x86, 0x3C, 0x87, 0x9B, 0x00, 0x27, 0xAE, 0xCA, 0x66, 0xD2, 0xCB, 0x51, 0x95, 0x57, 0x07,
    0xF6, 0xEA, 0x48, 0x87, 0xBB, 0x00, 0x1B, 0x5F, 0xCC, 0xC2, 0x65, 0xE1, 0x74, 0x52, 0x4E, 0xE3,
    0x96, 0x40, 0x87, 0x37, 0x00, 0x65, 0x5B, 0x78, 0xA7, 0x66, 0xD2, 0xE5, 0x0A, 0x30, 0xB1, 0x1D,
    0x5F, 0x8E, 0xBA, 0x00, 0x8E, 0x1D, 0x96, 0xE0, 0x4E, 0x50, 0xD5, 0x06, 0xC3, 0x64, 0xC0, 0x80,
    0x39, 0x00, 0x59, 0x2D, 0xCC, 0xDF, 0xE8, 0x80, 0xBA, 0xE2, 0x1F, 0x52, 0xBD, 0xB0, 0x37, 0x27,
    0x13, 0xB9, 0xB5, 0xE2, 0x80, 0x59, 0x00, 0x4C, 0xC3, 0x3B, 0xD9, 0x6A, 0xAC, 0x56, 0x56, 0xE1,
    0x31, 0xD9, 0x6E, 0x08, 0x3B, 0x37, 0x7E, 0x80, 0x3B, 0x00, 0x37, 0x2F, 0xC2, 0xF9, 0xD9, 0x46,
    0x5F, 0xBD, 0xAF, 0x07, 0xA3, 0xE2, 0x1C, 0x80, 0x5B, 0x00, 0x31, 0x16, 0xE3, 0x15, 0xF6, 0x81,
    0xFF, 0x35, 0x95, 0x3D, 0x05, 0x2E, 0xDB, 0x7A, 0x81, 0x3B, 0x00, 0x23, 0x45, 0xFB, 0x55, 0xBD,
    0xA7, 0xB1, 0x3E, 0xC2, 0xD9, 0x26, 0x1E, 0x50, 0x80, 0x3C, 0x00, 0x4E, 0x1B, 0x40, 0xA3, 0xBA,
    0x49, 0x73, 0x06, 0x7C, 0x80, 0x5C, 0x00, 0x3F, 0xD8, 0xEC, 0xE0, 0xB0, 0xBF, 0xC1, 0x70, 0x81,
    0x3C, 0x00, 0x3F, 0x0D, 0xBF, 0x5D, 0x59, 0x57, 0xBF, 0x48, 0x80, 0x81, 0x5C, 0x00, 0x2F, 0x09,
    0xA5, 0x51, 0xFB, 0x29, 0x38, 0x87, 0x3A, 0x01, 0x13, 0x6B, 0x21, 0xFD, 0x55, 0x5F, 0x95, 0x75,
    0x92, 0xB9, 0x29, 0x1F, 0xD0, 0x87, 0x3B, 0x01, 0x09, 0x69, 0x9E, 0xC2, 0xF3, 0xF4, 0xEB, 0x0A,
    0xC2, 0x71, 0x80, 0x00, 0x2C, 0xE1, 0x84, 0x7E, 0xB9, 0xDA, 0xF2, 0x88, 0x98, 0x77, 0x2D, 0x00,
    0xC9, 0xA7, 0x9E, 0xBE, 0xC2, 0x73, 0xB8, 0xBA, 0xDD, 0x3D, 0x0C, 0xF0, 0x90, 0x27, 0x45, 0xCE,
    0x8C, 0xBF, 0xC6, 0x2E, 0x52, 0xF7, 0x9C, 0x13, 0xCD, 0x64, 0xB0, 0xA7, 0x34, 0x6D, 0xDE, 0x19,
    0xE8, 0x00, 0xB2, 0x75, 0x24, 0xEE, 0x1A, 0x00, 0xCE, 0x29, 0x8A, 0x1F, 0xEB, 0x3B, 0x6E, 0x53,
    0xAE, 0x56, 0x78, 0x60, 0x37, 0x8B, 0x11, 0xCA, 0x0D, 0x80, 0x26, 0x9A, 0x00, 0xC4, 0x9D, 0x79,
    0xBF, 0x21, 0x55, 0x00, 0x1C, 0xDC, 0x82, 0xB2, 0x3E, 0x92, 0x9F, 0x3E, 0x4C, 0xA7, 0x0F, 0x8A,
    0x07, 0x79, 0x24, 0xFB, 0x99, 0xFF, 0xF2, 0x68, 0x00, 0xB8, 0xD3, 0x06, 0xC0, 0xEA, 0xCA, 0xD5,
    0x3F, 0xEB, 0x43, 0xDC, 0x53, 0x77, 0x48, 0x7D, 0xBF, 0x00, 0x5D, 0xFC, 0xA0, 0xB3, 0x53, 0x84,
    0x4B, 0x00, 0x9C, 0x44, 0x24, 0xA9, 0x79, 0x2B, 0x6A, 0x3C, 0xDC, 0x1A, 0x9C, 0x72, 0x77, 0x67,
    0x79, 0xE0, 0xC0, 0x35, 0x1A, 0xB7, 0xD2, 0x0D, 0x70, 0x2D, 0x46, 0xB5, 0xB9, 0x61, 0xB9, 0x08,
    0x43, 0x0A, 0x81, 0x5F, 0x38, 0x67, 0x66, 0x77, 0x14, 0x37, 0x79, 0x94, 0xA2, 0xE1, 0x69, 0xD1,
    0xF5, 0xC1, 0x36, 0xA9, 0xD8, 0x06, 0xE8, 0x69, 0x7A, 0xC2, 0xD2, 0x80, 0x00, 0x93, 0xE6, 0xB7,
    0xDA, 0x6F, 0xFC, 0xC2, 0x14, 0x4E, 0x75, 0x0F, 0xD6, 0xA2, 0x84, 0x65, 0x72, 0x71, 0x39, 0x3E,
    0x25, 0xE0, 0x3A, 0x94, 0xB0, 0x94, 0xE8, 0x85, 0xD9, 0xE1, 0x2E, 0x4C, 0x2E, 0xEF, 0xA0, 0x99,
    0xCA, 0x12, 0xB3, 0xF1, 0xF6, 0x29, 0x5C, 0xCA, 0xED, 0x6E, 0x28, 0x83, 0xEE, 0xB4, 0x7E, 0x80,
    0x00, 0x88, 0x46, 0xDD, 0x1F, 0x1F, 0x88, 0x8C, 0xC6, 0x9A, 0xFE, 0x33, 0x53, 0xFC, 0x65, 0xFA,
    0xF3, 0xC5, 0x9C, 0x43, 0x10, 0x68, 0xD8, 0x5F, 0x67, 0xAB, 0x1D, 0xA5, 0xEC, 0xE3, 0xDF, 0x74,
    0x26, 0xC4, 0xBC, 0x23, 0xE3, 0x69, 0x10, 0x62, 0xDE, 0x00, 0x01, 0x00, 0x12, 0x92, 0x3D, 0xF9,
    0x00, 0x3D, 0x43, 0x5F, 0x86, 0x88, 0x00, 0x08, 0xC7, 0xE0, 0x1D, 0x0B, 0xC8, 0xE8, 0x7E, 0x2E,
    0xC6, 0x40, 0x4E, 0x95, 0x95, 0x3A, 0x37, 0xAC, 0x2C, 0xB5, 0xFF, 0x85, 0xE7, 0x86, 0x48, 0x01,
    0x78, 0x10, 0xA5, 0xAC, 0xAE, 0x0B, 0xFC, 0xC4, 0xC9, 0xD3, 0x3B, 0x16, 0xD0, 0x6F, 0x4D, 0x65,
    0x82, 0x8C, 0x7E, 0x8D, 0xE4, 0x86, 0xF4, 0x00, 0x53, 0x52, 0x7F, 0xCD, 0x44, 0x73, 0x47, 0x14,
    0x20, 0x1C, 0xD0, 0x00, 0x08, 0xC6, 0xAE, 0x2D, 0x2A, 0x68, 0x51, 0xA7, 0xD9, 0x4F, 0x19, 0x18,
    0xCC, 0xC8, 0xF1, 0xEB, 0x69, 0xB1, 0x65, 0xC5, 0x77, 0x87, 0x61, 0xFF, 0xEA, 0xE3, 0x6F, 0x1F,
    0xC3, 0x44, 0xC5, 0x12, 0x9B, 0x3D, 0x86, 0x83, 0x39, 0x48, 0x86, 0x4B, 0x01, 0x8D, 0x13, 0xB4,
    0x6A, 0x9B, 0x4A, 0x9D, 0xC1, 0xD6, 0x69, 0xCD, 0xA2, 0xA5, 0x96, 0x8E, 0xCA, 0xAB, 0x40, 0x5F,
    0x0E, 0x26, 0xDA, 0x57, 0x98, 0x36, 0xDF, 0x30, 0x00, 0x83, 0x67, 0x5B, 0x90, 0xEF, 0xA7, 0x75,
    0xE3, 0x52, 0xC5, 0x2E, 0x4F, 0xFA, 0xB4, 0xDD, 0x5E, 0x02, 0x03, 0x4C, 0x33, 0x62, 0x5C, 0xED,
    0x1F, 0x39, 0xF8, 0x13, 0xA5, 0xE8, 0x59, 0xF4, 0x88, 0xB5, 0x40, 0x87, 0x82, 0x00, 0x23, 0x73,
    0x8E, 0x32, 0xAA, 0x93, 0x64, 0x92, 0x4C, 0xDD, 0xEF, 0x84, 0x2C, 0x2D, 0x87, 0xA2, 0x00, 0x0E,
    0x1A, 0xF5, 0xAD, 0xE0, 0x73, 0xF3, 0xDB, 0xD7, 0xE4, 0x86, 0x53, 0x40, 0x87, 0x8F, 0x00, 0x04,
    0x8A, 0xFF, 0xBD, 0x90, 0x33, 0x50, 0x2F, 0x2A, 0x38, 0x7F, 0x68, 0x87, 0xAF, 0x00, 0x09, 0x45,
    0xDE, 0x94, 0xCF, 0xFB, 0x62, 0x9D, 0x7E, 0xC0, 0xD0, 0x81, 0x31, 0x00, 0x2E, 0x2C, 0x32, 0x8C,
    0xE2, 0xE3, 0xA0, 0x94, 0x15, 0x19, 0xB6, 0x38, 0x05, 0x0D, 0xB7, 0x87, 0xB4, 0x00, 0x12, 0xFE,
    0x6D, 0xF7, 0x4B, 0x94, 0x3A, 0x68, 0x67, 0x79, 0xE9, 0x40, 0x87, 0x9B, 0x00, 0x17, 0xA8, 0x55,
    0x53, 0x5F, 0x7D, 0x50, 0xE3, 0xA9, 0x72, 0x6C, 0x80, 0x87, 0xBB, 0x00, 0x0E, 0x44, 0x1C, 0x3E,
    0xC4, 0xC4, 0xCE, 0x8E, 0x9E, 0xB0, 0x84, 0x9D, 0x00, 0x13, 0xFA, 0x05, 0xD9, 0x9B, 0x47, 0x71,
    0x80, 0x1A, 0x4A, 0xDB, 0xA9, 0xBA, 0xDF, 0xF1, 0xC0, 0x85, 0xBB, 0x00, 0x0F, 0x41, 0xF9, 0xAF,
    0xD9, 0x34, 0x68, 0x55, 0x37, 0x60, 0x4B, 0xB6, 0xB5, 0xAD, 0x93, 0x80, 0x3D, 0x83, 0x9D, 0x00,
    0x51, 0xA3, 0x14, 0xCB, 0x91, 0xBC, 0x2C, 0x0F, 0xE3, 0xA8, 0x38, 0x19, 0x12, 0xFA, 0x6D, 0x26,
    0x68, 0x80, 0x84, 0xBA, 0x00, 0x44, 0xFA, 0xF1, 0x26, 0xC3, 0xA3, 0xEE, 0xF2, 0x5B, 0xB0, 0x5A,
    0x28, 0x90, 0x6B, 0x47, 0xFC, 0x28, 0x83, 0x9D, 0x00, 0x17, 0x16, 0xF2, 0x5F, 0xC9, 0x6C, 0x55,
    0xA5, 0x4C, 0xB0, 0x96, 0xF3, 0x7D, 0x77, 0x71, 0xA8, 0xFD, 0xD3, 0x41, 0xD4, 0x1C, 0x87, 0x59,
    0x01, 0x0D, 0x2F, 0x48, 0x0F, 0x3A, 0x0E, 0x93, 0x0F, 0x2A, 0xA6, 0x62, 0x72, 0x70, 0xBD, 0x83,
    0xB4, 0x84, 0x9B, 0x00, 0x16, 0x0C, 0xCE, 0xEA, 0x90, 0x1D, 0xC9, 0x5D, 0x70, 0x0B, 0xEA, 0xFF,
    0x17, 0x40, 0xEB, 0x8D, 0x84, 0x87, 0x59, 0x01, 0x12, 0x34, 0x05, 0x4B, 0xE0, 0x77, 0x22, 0xF7,
    0x6D, 0xF0, 0x9F, 0xAA, 0xA8, 0x00, 0x0A, 0x98, 0x25, 0x89, 0x0A, 0xDE, 0x84, 0xE7, 0x59, 0x5C,
    0xDD, 0xBA, 0xD4, 0x07, 0xDB, 0x95, 0xDD, 0x4E, 0x71, 0x95, 0x48, 0x98, 0x10, 0x84, 0xC3, 0x00,
    0x19, 0x83, 0x3C, 0xF9, 0x13, 0x8A, 0x41, 0xC0, 0xDE, 0x37, 0x55, 0x2E, 0xA4, 0x9F, 0x90, 0x6F,
    0x61, 0x6A, 0x84, 0xA5, 0x00, 0x0F, 0x2F, 0xDA, 0x24, 0x07, 0xBC, 0xE3, 0xCC, 0x4F, 0xE3, 0x56,
    0x51, 0x51, 0x1B, 0xCF, 0xCC, 0x85, 0x81, 0x00, 0x89, 0x4D, 0xF8, 0xDF, 0x44, 0x27, 0xC0, 0xEF,
    0xD5, 0xB2, 0x89, 0x59, 0xCF, 0x9C, 0x10, 0x85, 0xA1, 0x00, 0x0F, 0x30, 0x0A, 0x89, 0xF6, 0xF2,
    0xD4, 0x3F, 0xBB, 0x69, 0x66, 0x51, 0xE7, 0xC0, 0x40, 0x83, 0x87, 0x00, 0x4B, 0x23, 0xCF, 0x52,
    0x2A, 0x22, 0xFD, 0x37, 0x40, 0x70, 0x61, 0x40, 0x83, 0xA7, 0x00, 0x29, 0x5E, 0x29, 0x50, 0x7E,
    0xB6, 0x7B, 0x0F, 0x6A, 0x27, 0x73, 0xAA, 0xEE, 0x00, 0x96, 0x2A, 0xDA, 0x81, 0x72, 0x6D, 0x35,
    0x09, 0x0C, 0xC8, 0xC8, 0x61, 0xFC, 0x15, 0x75, 0xFD, 0x2E, 0x7D, 0xAB, 0x8D, 0x73, 0x44, 0x3A,
    0x08, 0xA6, 0x15, 0xE5, 0x47, 0xD4, 0xFE, 0x8E, 0x3C, 0x6A, 0xFC, 0xC6, 0x50, 0x40, 0x00, 0x14,
    0x94, 0x36, 0x77, 0x33, 0xA8, 0xC1, 0x29, 0xD6, 0xBF, 0x4E, 0x02, 0x23, 0x15, 0x53, 0xA4, 0xEE,
    0x69, 0xAB, 0x74, 0xF0, 0x4D, 0xAF, 0x79, 0x7F, 0xB9, 0x4B, 0x3C, 0x62, 0x39, 0x9C, 0x9D, 0x59,
    0x13, 0x0C, 0x60, 0x81, 0x29, 0x00, 0x2C, 0x60, 0xF1, 0xBE, 0x98, 0xE8, 0xD5, 0x07, 0xEC, 0xE5,
    0x50, 0x48, 0x25, 0xF4, 0x80, 0x49, 0x00, 0x13, 0x42, 0x3D, 0x32, 0x83, 0x8C, 0x60, 0x86, 0xE6,
    0x13, 0x78, 0xC7, 0xF6, 0xCD, 0x80, 0x80, 0x2D, 0x00, 0x12, 0x7D, 0x7A, 0x1E, 0x36, 0x11, 0x1B,
    0x94, 0x30, 0x98, 0x04, 0x97, 0xA4, 0x00, 0x09, 0x4E, 0xA6, 0xBD, 0x6F, 0xAF, 0x1C, 0x60, 0x08,
    0x55, 0xE7, 0xB6, 0x5C, 0x99, 0x8C, 0x9F, 0x32, 0x54, 0x60, 0x46, 0x07, 0xCD, 0x5F, 0xD8, 0xB8,
    0x86, 0x10, 0xA9, 0xBF, 0x90, 0x87, 0x31, 0x00, 0x8D, 0xA9, 0xDF, 0x55, 0x64, 0xA8, 0xA0, 0x5D,
    0x57, 0x89, 0x1E, 0xE5, 0x91, 0x08, 0x30, 0x87, 0x51, 0x00, 0x43, 0xEC, 0x89, 0x33, 0x7A, 0x55,
    0xDA, 0x99, 0xAA, 0x8E, 0x7E, 0x5A, 0x84, 0x6B, 0x01, 0x24, 0xFC, 0x1C, 0x2E, 0x88, 0xC1, 0xAB,
    0xDA, 0xA6, 0xD5, 0xFB, 0x00, 0x6D, 0x98, 0x64, 0x19, 0x58, 0x83, 0x6C, 0x01, 0x0F, 0x4A, 0xD2,
    0xCB, 0x04, 0xFE, 0x69, 0xD1, 0x8C, 0xFE, 0xC7, 0x50, 0x00, 0x0D, 0xBE, 0xE5, 0x6A, 0xD6, 0x35,
    0x31, 0xF1, 0x25, 0xC3, 0xBC, 0x29, 0xB6, 0x93, 0xD7, 0x69, 0x43, 0x20, 0xC9, 0xA3, 0x3A, 0x84,
    0xB0, 0x32, 0xF3, 0x8A, 0x9B, 0x96, 0x20, 0xC3, 0x65, 0x55, 0x04, 0x59, 0x50, 0x00, 0x0D, 0xBE,
    0x20, 0x19, 0x61, 0xE9, 0xD1, 0x46, 0x6D, 0x74, 0xF3, 0x0C, 0xED, 0xE0, 0xF2, 0x31, 0x7A, 0xAD,
    0x3C, 0x1B, 0x0D, 0x38, 0xDB, 0xC7, 0xC6, 0x6D, 0x7D, 0xA9, 0x6D, 0x54, 0xBF, 0x69, 0xF1, 0x73,
    0xF4, 0x87, 0x51, 0x01, 0x6F, 0x41, 0xD1, 0x04, 0x1B, 0x3A, 0x86, 0x80, 0x49, 0xCB, 0x80, 0x8E,
    0x45, 0x01, 0x56, 0x9E, 0x24, 0x1D, 0x64, 0xFE, 0x80, 0x04, 0x9D, 0x02, 0xB3, 0xB3, 0xC0, 0x89,
    0x46, 0x01, 0x86, 0x24, 0x2D, 0xC5, 0x8D, 0xEB, 0xCA, 0x85, 0xEA, 0x01, 0xC8, 0x87, 0x47, 0x01,
    0xF9, 0x11, 0x7F, 0xA0, 0x02, 0x0C, 0x93, 0x56, 0x2E, 0x29, 0x68, 0x1D, 0xFF, 0x78, 0x81, 0x29,
    0x00, 0x62, 0xEF, 0x0B, 0xD3, 0x3C, 0xE6, 0x51, 0x75, 0x32, 0x51, 0xA2, 0x80, 0x49, 0x00, 0x4E,
    0x56, 0x70, 0xA7, 0x23, 0x4E, 0x13, 0x7A, 0xF8, 0x35, 0xE0, 0x00, 0x08, 0xB6, 0x37, 0x8A, 0x0C,
    0x85, 0xC5, 0xBC, 0xB2, 0xB4, 0xBD, 0x0B, 0xE0, 0xF8, 0xC9, 0x74, 0x6A, 0xD9, 0x5D, 0x33, 0x7A,
    0x87, 0xDB, 0x80, 0x11, 0x99, 0x80, 0x00, 0x70, 0xD7, 0xEA, 0x6B, 0xC7, 0x88, 0xFF, 0x5D, 0xA7,
    0x6C, 0xAA, 0x4B, 0x7A, 0x14, 0x0A, 0x89, 0xFD, 0xBB, 0xC4, 0xB5, 0x3C, 0x8F, 0x41, 0x5B, 0xE6,
    0x0B, 0x4E, 0x32, 0x80, 0x30, 0x00, 0x2C, 0xDE, 0x58, 0xC1, 0x8D, 0x31, 0x10, 0xB6, 0xA5, 0x8D,
    0x00, 0x80, 0x80, 0x50, 0x00, 0x11, 0xF2, 0xE8, 0x3D, 0xFE, 0xBF, 0x8D, 0x71, 0x80, 0x00, 0x51,
    0x06, 0x00, 0x9B, 0x81, 0xAC, 0x2F, 0x1B, 0x0A, 0x3A, 0xBB, 0x4C, 0x22, 0xF9, 0xE3, 0x5C, 0x7A,
    0x57, 0xB3, 0x8C, 0xAC, 0xF2, 0x0E, 0x65, 0x21, 0x7D, 0xBE, 0xA5, 0x37, 0x33, 0xD8, 0xE7, 0x63,
    0x79, 0xB4, 0xA0, 0xFA, 0xEC, 0x60, 0x10, 0x82, 0xA2, 0x00, 0x41, 0xBA, 0x86, 0x37, 0x6E, 0xB0,
    0x7F, 0x47, 0xE1, 0x44, 0xEA, 0xA3, 0xED, 0x91, 0xDC, 0xBD, 0x30, 0x7D, 0x0D, 0xDF, 0x28, 0x80,
    0x87, 0x00, 0x7F, 0x9B, 0x6B, 0xEB, 0x35, 0x8F, 0x99, 0x65, 0xB6, 0xF2, 0x91, 0xA8, 0x80, 0xA7,
    0x00, 0x66, 0x88, 0xFA, 0xB5, 0x89, 0x22, 0xC2, 0x08, 0x08, 0x3F, 0x40, 0xF2, 0x75, 0x81, 0x99,
    0x00, 0x62, 0xCB, 0x13, 0xAE, 0x8C, 0x6D, 0x82, 0x41, 0x52, 0x79, 0xE8, 0x78, 0x81, 0x79, 0x39,
    0xE0, 0x81, 0xB9, 0x00, 0x4E, 0x5C, 0x04, 0x53, 0x56, 0xA1, 0xD3, 0xD8, 0xF8, 0x7D, 0x22, 0x10,
    0x80, 0xC5, 0x00, 0x12, 0x5F, 0x5B, 0x54, 0x88, 0x79, 0x1A, 0x84, 0xF6, 0x68, 0x33, 0x61, 0xE9,
    0x66, 0x60, 0x28, 0x87, 0xA3, 0x00, 0x09, 0x4F, 0x6E, 0x08, 0x4C, 0x93, 0x70, 0xCC, 0xF0, 0x24,
    0xB4, 0xD3, 0x8B, 0x4D, 0xC0, 0x81, 0xC5, 0x00, 0x33, 0x87, 0x0A, 0x3B, 0x46, 0x92, 0x0F, 0x16,
    0xAB, 0xF2, 0x41, 0xF4, 0xB3, 0x66, 0x20, 0x87, 0xA5, 0x00, 0x79, 0xEC, 0xAF, 0x77, 0x64, 0xEA,
    0x5A, 0xC0, 0xDA, 0x77, 0x30, 0x05, 0x95, 0x68, 0x80, 0xD9, 0x00, 0x09, 0x41, 0x4D, 0x72, 0xB0,
    0x65, 0xB1, 0xE7, 0x77, 0xE5, 0x62, 0xD4, 0x10, 0x80, 0x47, 0x00, 0x09, 0x40, 0xD1, 0x9B, 0x39,
    0x80, 0xC3, 0x77, 0x6A, 0xD7, 0x55, 0x1B, 0xB9, 0xF8, 0x87, 0x8C, 0x00, 0x1D, 0x0B, 0xF9, 0xD5,
    0x69, 0x6E, 0xDA, 0x96, 0x30, 0xCC, 0x7E, 0x98, 0x81, 0x47, 0x00, 0x24, 0x49, 0xCA, 0xD5, 0xA1,
    0xEE, 0x3B, 0xE8, 0x3C, 0xF9, 0x82, 0x6E, 0x28, 0x00, 0x08, 0xCA, 0xE0, 0x0A, 0x2D, 0xFA, 0x74,
    0xE7, 0xF3, 0x70, 0xF1, 0x64, 0x62, 0xD9, 0x89, 0xF9, 0xCF, 0x52, 0x1C, 0x15, 0x2E, 0x55, 0x30,
    0xF2, 0x1E, 0x00, 0x03, 0x51, 0x00, 0x2E, 0xCD, 0x77, 0x7B, 0x0B, 0x9A, 0x99, 0x00, 0xB5, 0xEA,
    0x41, 0x49, 0xAD, 0xB0, 0x87, 0x90, 0x00, 0x10, 0x93, 0x6C, 0xBB, 0x9D, 0x03, 0x42, 0x6B, 0x49,
    0xB3, 0xCC, 0x85, 0xEC, 0x00, 0x13, 0xE7, 0x8E, 0x7B, 0x25, 0xCB, 0x4F, 0x6B, 0x03, 0xB7, 0x80,
    0x81, 0x31, 0x00, 0x16, 0x1D, 0xF1, 0x83, 0x33, 0x68, 0xE4, 0x5A, 0x6B, 0x0C, 0x0A, 0x8D, 0x8E,
    0x60, 0xFA, 0xD0, 0x80, 0x51, 0x00, 0x0D, 0xA1, 0x49, 0xD5, 0x6E, 0xCD, 0xEC, 0x39, 0xF3, 0x83,
    0xDC, 0x8F, 0x89, 0x80, 0x88, 0x95, 0x00, 0x75, 0x21, 0x43, 0xE7, 0x74, 0x6A, 0x45, 0x65, 0x7C,
    0xE4, 0xC7, 0x8B, 0x44, 0x80, 0x81, 0x51, 0x00, 0x2F, 0x37, 0x0D, 0xE8, 0x38, 0x16, 0x46, 0xC8,
    0xAF, 0xDF, 0x33, 0x02, 0x80, 0x34, 0x00, 0x09, 0x41, 0xBB, 0x0E, 0xE2, 0xFB, 0x99, 0x80, 0x89,
    0xFE, 0x64, 0x51, 0x38, 0xFF, 0x60, 0x00, 0x08, 0xCA, 0xE0, 0x2A, 0x72, 0x24, 0xC5, 0x2B, 0xF4,
    0xBE, 0x78, 0x3F, 0x8C, 0xFF, 0xA2, 0x4A, 0x0D, 0xAF, 0xD7, 0x0C, 0x12, 0x80, 0x81, 0x34, 0x00,
    0x24, 0x5D, 0x34, 0x76, 0xCE, 0x02, 0x3F, 0x32, 0x71, 0x22, 0x0A, 0xD2, 0x8A, 0x4D, 0x81, 0x54,
    0x00, 0x13, 0xE2, 0xAE, 0x9A, 0x10, 0xC9, 0x50, 0x0E, 0x26, 0x47, 0x87, 0x9C, 0x00, 0x0D, 0x36,
    0xD8, 0x24, 0xC3, 0xE6, 0x92, 0xF5, 0x88, 0x66, 0x9C, 0xB5, 0xD1, 0xA0, 0x8A, 0x59, 0x01, 0x09,
    0x65, 0x27, 0x21, 0x5D, 0xC3, 0xCA, 0xE3, 0xC4, 0x01, 0x3C, 0x3C, 0xA0, 0x88, 0x9C, 0x00, 0x97,
    0xB7, 0xE4, 0xF9, 0xBD, 0xDB, 0x13, 0xEA, 0x37, 0x6D, 0xD3, 0x40, 0x8B, 0x59, 0x01, 0x21, 0xD2,
    0x29, 0x54, 0x00, 0xC1, 0x41, 0x5E, 0xA5, 0x3C, 0x8A, 0x87, 0x35, 0x00, 0x8E, 0x16, 0x8A, 0x0E,
    0x22, 0xCF, 0x3C, 0x16, 0xF3, 0x3F, 0xF8, 0x87, 0x55, 0x00, 0x3D, 0x92, 0x28, 0xA3, 0x6C, 0x1E,
    0x8A, 0xE0, 0x2F, 0x1C, 0x87, 0x36, 0x00, 0x23, 0x15, 0xD7, 0x07, 0x06, 0x22, 0xBA, 0xB5, 0x87,
    0x56, 0x00, 0x8F, 0xFE, 0xA5, 0x62, 0xA6, 0xE9, 0xD0, 0x3D, 0x7E, 0x28, 0x00, 0x6F, 0x84, 0xC8,
    0x09, 0xAC, 0x24, 0x01, 0x9E, 0x53, 0xED, 0xD9, 0xB2, 0xA0, 0x15, 0xEA, 0x44, 0x15, 0xEA, 0x96,
    0x2B, 0x2B, 0x76, 0xBC, 0xBC, 0x6B, 0x8F, 0x09, 0xF0, 0x9F, 0xBB, 0x61, 0x59, 0x00, 0x0F, 0x98,
    0x0C, 0x3B, 0xC0, 0xDF, 0x30, 0xD5, 0x8C, 0x2F, 0x1D, 0xF8, 0x22, 0x11, 0xB0, 0x5B, 0xEE, 0xD4,
    0x3E, 0x23, 0x61, 0x1C, 0x62, 0x61, 0xF4, 0x4E, 0x67, 0xFD, 0x40, 0x80, 0x2A, 0x00, 0x17, 0x22,
    0x4F, 0x86, 0x7A, 0xBC, 0xB0, 0x92, 0xED, 0x40, 0x38, 0x87, 0xE6, 0x00, 0x09, 0x78, 0xA4, 0x62,
    0xD1, 0x66, 0x0E, 0xCB, 0x45, 0xC1, 0x65, 0xB4, 0x6B, 0xC6, 0x00, 0x08, 0x7B, 0x8F, 0x54, 0xEC,
    0x40, 0x00, 0x1D, 0xB3, 0x6F, 0x0E, 0x80, 0x87, 0x8F, 0x00, 0x64, 0xFE, 0xB8, 0x05, 0x78, 0x87,
    0xE9, 0x00, 0x54, 0x4B, 0xBD, 0x56, 0x72, 0x00, 0x05, 0x14, 0x65, 0x8E, 0x70, 0x01, 0x5C, 0x45,
    0x42, 0x00, 0x04, 0x5E, 0x16, 0x6D, 0x91, 0x1A, 0xC4, 0x00, 0x0C, 0xAB, 0x61, 0x87, 0x90, 0x00,
    0x0E, 0x2D, 0x05, 0x00, 0x02, 0x53, 0x12, 0xEE, 0xA9, 0x59, 0x9F, 0x00, 0x0E, 0x1A, 0x24, 0x3B,
    0x9A, 0x26, 0xA0, 0x65, 0x9B, 0x00, 0x17, 0xEC, 0x46, 0xB2, 0xAC, 0x93, 0xE8, 0x20, 0x2A, 0x87,
    0x50, 0x01, 0x66, 0x11, 0xC0, 0x00, 0x2E, 0x03, 0xC0, 0x00, 0x3F, 0x30, 0x6F, 0x38, 0x0B, 0x7C,
    0x00, 0x07, 0xD2, 0x77, 0x62, 0x48, 0xC0, 0x81, 0xB2, 0xA2, 0xE0, 0x84, 0xA7, 0x01, 0x23, 0xF0,
    0xB5, 0x15, 0x32, 0x87, 0x94, 0x01, 0x3C, 0xC9, 0xF0, 0x00, 0x1E, 0x70, 0x84, 0x44, 0xED, 0xC0,
    0x00, 0x11, 0x6B, 0xF5, 0x75, 0xB0, 0x00, 0x08, 0x53, 0x18, 0xE7, 0xF6, 0xC0, 0x87, 0xB4, 0x01,
    0x64, 0x20, 0x80, 0x00, 0x03, 0x1B, 0x62, 0xF0, 0x48, 0x00, 0x18, 0x45, 0x7E, 0xFE, 0x60, 0x00,
    0x41, 0xF8, 0x29, 0xFF, 0x96, 0x93, 0xCA, 0x00, 0x32, 0x39, 0xDA, 0xBF, 0xE1, 0x32, 0x80, 0x00,
    0x3D, 0x37, 0x6D, 0x6C, 0x38, 0x00, 0x50, 0x9F, 0x86, 0x2E, 0x94, 0x28, 0x00, 0x12, 0x99, 0xBF,
    0x65, 0x34, 0x00, 0x20, 0xBD, 0x7D, 0x9F, 0xF8, 0x78, 0x80, 0x00, 0x05, 0xFC, 0x73, 0xF8, 0xC6,
    0x40, 0x00, 0x55, 0xBF, 0xEB, 0xE7, 0xA7, 0xE8, 0xB2, 0x90, 0x00, 0x05, 0xA6, 0x2B, 0xB8, 0x00,
    0x45, 0x72, 0x73, 0xF1, 0xD3, 0x78, 0x00, 0x32, 0x76, 0xD1, 0xA7, 0xCD, 0x12, 0x00, 0x29, 0x29,
    0x08, 0x87, 0x90, 0x00, 0x0E, 0x2D, 0x05, 0x87, 0xAB, 0x01, 0x59, 0xC2, 0xDC, 0x00, 0x27, 0x46,
    0x11, 0x40, 0x00, 0x13, 0xA0, 0x3A, 0x01, 0x54, 0x81, 0x98, 0x12, 0xA8, 0x00, 0x21, 0xA2, 0xDF,
    0xA3, 0x41, 0x47, 0x4D, 0x00, 0x2E, 0x03, 0xC0, 0x00, 0x05, 0x3A, 0x0A, 0x21, 0x1E, 0xAC, 0xF0,
    0x00, 0x58, 0xB3, 0x33, 0x7A, 0x1B, 0x4F, 0x29, 0xB0, 0xF7, 0x30, 0x87, 0x50, 0x01, 0x66, 0x11,
    0xB6, 0x50, 0x87, 0x8F, 0x00, 0x64, 0x87, 0x47, 0xC0, 0x87, 0xA7, 0x01, 0x66, 0x0E, 0x87, 0x94,
    0x01, 0x3C, 0xC9, 0xF0, 0x87, 0xE9, 0x00, 0x53, 0x1A, 0xC6, 0x02, 0x87, 0xA5, 0x01, 0x60, 0x8D,
    0x1F, 0x00, 0x6B, 0x38, 0xEB, 0x00, 0x64, 0xAB, 0xEF, 0x7F, 0x3D, 0xCB, 0xD4, 0xA4, 0x80, 0x87,
    0xA4, 0x01, 0x53, 0x40, 0xE9, 0xBA, 0x0A, 0xDF, 0x70, 0x87, 0xA6, 0x01, 0x5E, 0x00, 0x05, 0x04,
    0x6C, 0xAF, 0xDD, 0x09, 0xA7, 0x00, 0x6F, 0x9E, 0x5C, 0x47, 0xF1, 0xB8, 0x24, 0x00, 0x8A, 0xE0,
    0x45, 0x92, 0xEA, 0xFC, 0x80, 0x99, 0x4C, 0x9E, 0x9F, 0x78, 0x52, 0x17, 0xB8, 0x90, 0x00, 0x04,
    0x01, 0x9E, 0x2B, 0xAB, 0x80, 0x00, 0x08, 0xE3, 0x08, 0xA5, 0x06, 0x1E, 0x27, 0x93, 0xE0, 0x00,
    0x55, 0xDC, 0x9F, 0xA6, 0xEA, 0xF6, 0xDB, 0x44, 0x2A, 0x80, 0x00, 0x59, 0x49, 0x0B, 0x61, 0xA2,
    0x78, 0x9D, 0xB4, 0x35, 0x14, 0x40, 0x10, 0x4B, 0x5E, 0x3F, 0xC2, 0xF4, 0x7F, 0xDB, 0x0E, 0x00,
    0x00, 0x00, 0x26, 0xB3, 0x95, 0x58, 0x38, 0xB8, 0xA5, 0xCD, 0x80, 0x87, 0xD4, 0x01, 0x96, 0xEC,
    0x00, 0x08, 0xDD, 0xB6, 0x04, 0x03, 0xE0, 0x00, 0x29, 0x0B, 0x9C, 0x27, 0xE7, 0x87, 0xE9, 0x00,
    0x53, 0x1A, 0xC6, 0x02, 0x00, 0x07, 0xC8, 0x71, 0xF9, 0x7C, 0x00, 0x2C, 0xF1, 0xFE, 0xDC, 0xBC,
    0xA5, 0x60, 0xC0, 0xE0, 0xFD, 0xFE, 0x0C, 0x00, 0x09, 0x20, 0xA9, 0x08, 0x30, 0x00, 0x61, 0x7F,
    0xEA, 0xD2, 0x9D, 0x80, 0x47, 0xC8, 0x80, 0x87, 0xD4, 0x01, 0x96, 0xEC, 0x87, 0xAF, 0x01, 0x95,
    0x80, 0x00, 0x06, 0x94, 0x3A, 0x3D, 0xB0, 0x86, 0xE9, 0x00, 0x7C, 0x47, 0x93, 0x32, 0xBC, 0xCB,
    0xFB, 0x01, 0x80, 0x00, 0x2F, 0x11, 0x91, 0xA2, 0x9B, 0xC8, 0x1A, 0xD8, 0xF6, 0x68, 0x3E, 0xFF,
    0x30, 0xBA, 0x67, 0x51, 0xA5, 0xC0, 0x80, 0xF4, 0x00, 0x4F, 0x6B, 0xB8, 0x32, 0xFD, 0x3C, 0x6B,
    0x02, 0x57, 0x28, 0x1D, 0x62, 0x15, 0xCC, 0x55, 0xBC, 0x43, 0x80, 0x00, 0x25, 0x90, 0x91, 0xB8,
    0x9F, 0xBA, 0x31, 0x06, 0xD9, 0x05, 0x5B, 0x3B, 0xA2, 0x00, 0x3F, 0xA7, 0x20, 0x43, 0xEC, 0x00,
    0x02, 0x86, 0x10, 0xEF, 0x93, 0xCC, 0xCB, 0xF6, 0x6C, 0x35, 0x0C, 0xBB, 0x09, 0xEF, 0xA9, 0x20,
    0xF9, 0x54, 0xC0, 0x76, 0x5C, 0x43, 0x77, 0x3E, 0xFC, 0x35, 0x58, 0xDC, 0x02, 0x3C, 0xDB, 0x76,
    0xBA, 0xBB, 0x3C, 0xF6, 0xE5, 0x7D, 0x31, 0x09, 0xF0, 0xF3, 0xD6, 0x4C, 0x22, 0x63, 0x9C, 0x83,
    0xA4, 0x4C, 0x13, 0x82, 0x58, 0x06, 0xE1, 0xF7, 0xFB, 0xB0, 0x16, 0x15, 0x4E, 0x48, 0x71, 0x80,
    0x1A, 0x14, 0x4E, 0x30, 0x51, 0x38, 0xD5, 0xB8, 0x00, 0x32, 0xD2, 0x93, 0xD1, 0x5F, 0xD6, 0xDD,
    0xF0, 0x00, 0x12, 0x8C, 0xDA, 0xC6, 0xE3, 0x8C, 0x00, 0x13, 0xFA, 0xB0, 0x3A, 0xBF, 0x61, 0xD7,
    0x59, 0x57, 0xB5, 0x72, 0x00, 0x37, 0xB8, 0x43, 0x12, 0x2E, 0xF1, 0x1E, 0xA4, 0x4E, 0xB0, 0x00,
    0x22, 0x3D, 0x48, 0x38, 0x4E, 0xDB, 0x6B, 0x90, 0x00, 0x03, 0xEA, 0x37, 0xDB, 0xFF, 0x5C, 0x15,
    0xB4, 0x00, 0x04, 0x60, 0x4B, 0x7A, 0xB5, 0xB0, 0xD0, 0x3A, 0x0E, 0x14, 0x39, 0x83, 0x5A, 0x63,
    0xF0, 0x6F, 0x98, 0x00, 0x03, 0x7F, 0x9A, 0x6B, 0x25, 0xEC, 0x40, 0x04, 0x3E, 0x3F, 0x18, 0x00,
    0x1F, 0x08, 0xF8, 0xC6, 0xD8, 0x56, 0x70, 0xE8, 0x84, 0xCC, 0x01, 0x59, 0x40, 0xF2, 0xE0, 0x3E,
    0xF8, 0x5B, 0x52, 0x92, 0xE3, 0x58, 0xD0, 0x98, 0x86, 0xEA, 0x01, 0x08, 0xA9, 0xEC, 0xBE, 0x28,
    0xE2, 0x00, 0x09, 0x6B, 0xFA, 0x5F, 0x6F, 0x24, 0x17, 0x0F, 0x31, 0x75, 0x4B, 0x99, 0x68, 0x8E,
    0x80, 0x87, 0xFD, 0x01, 0x82, 0x7A, 0xCF, 0xA8, 0x00, 0x00, 0x01, 0x1E, 0x9E, 0x80, 0x87, 0xFF,
    0x01, 0x20, 0x00, 0x15, 0x1A, 0x83, 0xD5, 0xF7, 0x87, 0x9D, 0xAB, 0x68, 0x9B, 0x17, 0x0E, 0x64,
    0x55, 0x80, 0x00, 0x34, 0x33, 0xF8, 0x4C, 0xFF, 0x9C, 0xCF, 0x31, 0xA3, 0x5A, 0xD6, 0xC1, 0x6E,
    0x71, 0xC4, 0xC0, 0x00, 0x88, 0x56, 0x01, 0xEE, 0x94, 0xD3, 0xF4, 0x58, 0x44, 0xB2, 0xF0, 0x40,
    0x05, 0x42, 0x5E, 0x00, 0x71, 0xAF, 0xA0, 0x3A, 0x0B, 0x3F, 0x70, 0x00, 0x00, 0x11, 0x0B, 0xCD,
    0x8C, 0x2D, 0xD1, 0xAB, 0xB4, 0xFF, 0x96, 0x5E, 0xC0, 0x60, 0x00, 0x0C, 0xC3, 0xC3, 0x44, 0x00,
    0x11, 0x0B, 0xCD, 0x3D, 0x66, 0x3A, 0x29, 0x28, 0x83, 0xC1, 0xD2, 0xBD, 0x60, 0x00, 0x35, 0xDB,
    0x0A, 0x5D, 0x3A, 0x17, 0xCB, 0x6C, 0x20, 0xEC, 0xF4, 0x80, 0x00, 0x16, 0x92, 0x28, 0xB9, 0xFE,
    0x3A, 0x5D, 0xFD, 0xDD, 0x85, 0x08, 0x02, 0x37, 0x68, 0xF5, 0xEE, 0x5B, 0x0D, 0x44, 0x64, 0xB4,
    0x79, 0x7C, 0xA2, 0x00, 0x04, 0x57, 0xB3, 0x5E, 0x2F, 0x1E, 0xA0, 0x9E, 0xB6, 0xD6, 0x58, 0xD0,
    0x00, 0x0C, 0xAE, 0x63, 0x09, 0x53, 0x9D, 0x38, 0x2A, 0xF7, 0x8E, 0x1F, 0xB0, 0x4C, 0x65, 0x01,
    0xF6, 0x60, 0x00, 0x16, 0x4E, 0xB1, 0xD8, 0x00, 0x09, 0xD1, 0x51, 0x8D, 0xFC, 0x1F, 0x65, 0x00,
    0x09, 0xD7, 0x01, 0x5C, 0xD6, 0x68, 0x77, 0xB7, 0x3A, 0x10, 0x00, 0x35, 0xE3, 0x88, 0xED, 0x63,
    0xEC, 0x22, 0xA0, 0xD6, 0xE5, 0xC0, 0x87, 0x89, 0x00, 0x87, 0x39, 0x71, 0x71, 0x63, 0x18, 0xC0,
    0x87, 0x8C, 0x00, 0x1A, 0x5D, 0x36, 0x76, 0xD6, 0x6D, 0x89, 0x69, 0x05, 0x06, 0x00, 0x00, 0x1D,
    0x38, 0x1C, 0x0E, 0x91, 0xF2, 0xFA, 0x6F, 0x91, 0x0F, 0x5F, 0xA3, 0x52, 0xB0, 0x65, 0x92, 0x20,
    0x85, 0x03, 0xB8, 0xCB, 0x3C, 0x66, 0x0E, 0xEB, 0x80, 0x28, 0x00, 0x43, 0x76, 0xF4, 0xEF, 0x0C,
    0x4D, 0xBD, 0x71, 0x92, 0x60, 0x87, 0x25, 0x00, 0x79, 0x97, 0x74, 0x15, 0x01, 0xCC, 0x6B, 0x97,
    0x3A, 0x30, 0x1C, 0x98, 0x42, 0xDE, 0x30, 0x87, 0x35, 0x00, 0x8E, 0x16, 0x26, 0x99, 0xED, 0x43,
    0x88, 0x5E, 0x00, 0x25, 0xFF, 0x18, 0xC0, 0x00, 0x15, 0x9F, 0xBF, 0x11, 0x66, 0x21, 0x30, 0xED,
    0xC4, 0x66, 0x3F, 0xAC, 0x8D, 0x87, 0x2C, 0x00, 0x6F, 0x6E, 0x20, 0x00, 0x18, 0x55, 0x68, 0x36,
    0x85, 0xCF, 0x3C, 0xE5, 0x7E, 0x11, 0xC1, 0x03, 0xBD, 0xD6, 0x23, 0xCD, 0x5F, 0x46, 0x00, 0x82,
    0xCF, 0x20, 0xDC, 0x2A, 0x13, 0x4F, 0x87, 0x4F, 0x0A, 0x5F, 0xC5, 0x42, 0x1A, 0x11, 0x68, 0x00,
    0x08, 0xBB, 0x79, 0x3E, 0xD0, 0x4B, 0xBF, 0x48, 0xB1, 0x9D, 0xAD, 0x46, 0x4B, 0xA7, 0x8D, 0xF1,
    0x8C, 0x39, 0x5F, 0xCA, 0x8C, 0xEC, 0x43, 0x4A, 0x29, 0x72, 0x12, 0x62, 0x04, 0x5C, 0x8A, 0x0C,
    0xB0, 0x87, 0x13, 0x02, 0x53, 0x7F, 0x67, 0x01, 0x4D, 0x0D, 0x2B, 0xDE, 0x86, 0x69, 0xB1, 0x00,
    0x4E, 0x22, 0x41, 0xBF, 0x66, 0x2D, 0x71, 0x6C, 0x50, 0x93, 0xB4, 0x5D, 0x5A, 0x64, 0x22, 0xD1,
    0xEC, 0xFC, 0x46, 0x6B, 0x66, 0x65, 0xC1, 0x55, 0x76, 0xFB, 0x39, 0x38, 0xE0, 0x00, 0x2D, 0x96,
    0x76, 0x10, 0x92, 0x6B, 0x39, 0x0E, 0x4F, 0x3A, 0x4F, 0x9B, 0x8B, 0x9F, 0x2B, 0xF5, 0x88, 0x46,
    0xC8, 0x6B, 0xE5, 0x63, 0x94, 0x9F, 0xD0, 0x03, 0xC2, 0x26, 0xF3, 0x05, 0xC0, 0x00, 0x21, 0x2F,
    0xB9, 0xF7, 0x92, 0xF1, 0x7D, 0x6C, 0x1A, 0x26, 0x92, 0x0C, 0x19, 0x3C, 0xD1, 0x51, 0x2B, 0x2B,
    0x70, 0xEA, 0x5F, 0xB8, 0x3F, 0xB0, 0x6A, 0x75, 0xC2, 0x52, 0x66, 0x6D, 0x2D, 0xA3, 0x08, 0xCA,
    0x00, 0x08, 0xBB, 0xD5, 0xE0, 0xF0, 0xB7, 0x39, 0x68, 0x26, 0xBD, 0x9A, 0x10, 0x46, 0x63, 0x47,
    0xFA, 0x14, 0xA6, 0xF6, 0x60, 0x87, 0x23, 0x00, 0x83, 0xA7, 0x27, 0x1E, 0xE5, 0xBE, 0x96, 0xC0,
    0x00, 0x05, 0x2C, 0x20, 0x51, 0x8A, 0x98, 0x27, 0x0B, 0x9A, 0x0E, 0xDB, 0xDA, 0xBB, 0xE5, 0xD8,
    0x58, 0xAD, 0x40, 0x9F, 0x73, 0xD4, 0xE3, 0x59, 0x50, 0x87, 0x24, 0x00, 0x54, 0x5D, 0xB9, 0x2E,
    0xD6, 0xB9, 0x3A, 0x8E, 0x14, 0x02, 0x69, 0x63, 0xF8, 0x00, 0x1C, 0xD7, 0x32, 0x7F, 0xCC, 0x41,
    0x55, 0x11, 0x39, 0xA5, 0xFD, 0xD5, 0xD2, 0x06, 0x5A, 0x22, 0xBC, 0xEA, 0x8D, 0x00, 0x8F, 0xE5,
    0x92, 0x5D, 0xD9, 0x20, 0xFB, 0xE6, 0x3E, 0xAD, 0x59, 0xE8, 0xC0, 0x87, 0x27, 0x00, 0x55, 0x70,
    0xFA, 0x1D, 0x00, 0x08, 0xB4, 0x23, 0x36, 0x89, 0x2F, 0x80, 0xE5, 0x11, 0x8E, 0x7C, 0x76, 0x6B,
    0x94, 0xEE, 0xAB, 0x38, 0xEB, 0xC3, 0xDB, 0x71, 0x39, 0xBC, 0x77, 0x04, 0xEF, 0x3C, 0x94, 0xC1,
    0xF7, 0xB0, 0x03, 0xDB, 0xE8, 0xF5, 0xA7, 0xD4, 0x32, 0x24, 0x10, 0x87, 0x15, 0x00, 0x5A, 0x0D,
    0x14, 0x9A, 0xB8, 0x9A, 0x30, 0x29, 0x83, 0x25, 0xCB, 0x97, 0x28, 0x94, 0x6A, 0xC6, 0x8E, 0x1E,
    0x02, 0x91, 0xA6, 0x09, 0xAA, 0xEC, 0x58, 0x80, 0x81, 0x29, 0x02, 0x21, 0x33, 0xE0, 0xA6, 0xA4,
    0x18, 0xA7, 0xB8, 0xE3, 0xDB, 0x38, 0x78, 0x36, 0x70, 0x8E, 0x1D, 0x02, 0x89, 0xC4, 0x81, 0x91,
    0x64, 0x38, 0x00, 0x18, 0x28, 0x47, 0xA8, 0x5A, 0x17, 0x46, 0xC7, 0xAC, 0xF7, 0xFF, 0x7F, 0x2A,
    0xFD, 0x27, 0x9F, 0xC0, 0x91, 0xE8, 0xFE, 0x87, 0x2F, 0x00, 0x91, 0x89, 0xC9, 0xC1, 0x52, 0x5A,
    0x62, 0x14, 0xDA, 0xC8, 0x80, 0x87, 0x2A, 0x00, 0x91, 0x6A, 0x7D, 0x19, 0x80, 0x87, 0x31, 0x00,
    0xA5, 0xD7, 0xBB, 0xEB, 0x09, 0xDF, 0xE3, 0x12, 0xBC, 0x3B, 0xC5, 0x05, 0x68, 0xCC, 0xA6, 0xEF,
    0x36, 0x86, 0x34, 0x41, 0xD5, 0x9C, 0xC3, 0x7C, 0x00, 0x05, 0x05, 0xBF, 0xE3, 0x83, 0xC1, 0x45,
    0x67, 0xCB, 0x04, 0x74, 0xE1, 0xCF, 0x31, 0xC0, 0x87, 0x32, 0x00, 0x58, 0xF8, 0x92, 0x35, 0xAE,
    0x87, 0x15, 0x02, 0x7F, 0x8E, 0x57, 0x3B, 0x38, 0x56, 0x19, 0x00, 0x30, 0x59, 0x87, 0x23, 0x01,
    0x23, 0x16, 0x26, 0x20, 0x8D, 0x1F, 0x02, 0x49, 0x3B, 0xF2, 0x31, 0x8E, 0x0A, 0x3B, 0x2A, 0x00,
    0xA7, 0x55, 0x93, 0x0E, 0x41, 0x61, 0x24, 0x1D, 0xFD, 0x9C, 0x35, 0xA5, 0xCB, 0x41, 0x6B, 0x74,
    0x24, 0xFB, 0x8A, 0xA6, 0xD9, 0x8E, 0x80, 0xE9, 0x7C, 0xAA, 0x62, 0xAC, 0x4E, 0x59, 0xD6, 0x40,
    0x3D, 0xDB, 0x64, 0x06, 0x0F, 0xF3, 0x59, 0x14, 0x87, 0x3A, 0x00, 0x69, 0x6F, 0xF7, 0x93, 0x5C,
    0x26, 0x6C, 0xEB, 0xC7, 0x8C, 0x00, 0x08, 0xC2, 0x92, 0x47, 0x6D, 0xE1, 0x43, 0xAF, 0x10, 0xF0,
    0xF3, 0xCD, 0xDB, 0x39, 0x7B, 0xED, 0x8D, 0x60, 0x74, 0xA2, 0x23, 0x00, 0x03, 0xC9, 0x8C, 0xBC,
    0xBF, 0x39, 0x6C, 0x3F, 0x35, 0xC5, 0xD6, 0xA7, 0xCD, 0xA5, 0xFA, 0xDC, 0x07, 0x63, 0xA0, 0x00,
    0x08, 0xB4, 0x1D, 0xEC, 0xA6, 0x99, 0xA2, 0xCA, 0x61, 0x92, 0x94, 0xCA, 0x67, 0x31, 0x67, 0xCF,
    0xD3, 0x07, 0x46, 0xFE, 0x6D, 0x44, 0xCA, 0x47, 0xE2, 0xD2, 0x9A, 0x02, 0x80, 0x00, 0x08, 0xAD,
    0x4B, 0xC5, 0x50, 0x4A, 0x58, 0x9C, 0x61, 0xDF, 0xC0, 0x60, 0x6C, 0xFF, 0x0D, 0xEB, 0x16, 0x92,
    0xA0, 0x0F, 0xA6, 0xF7, 0xA1, 0x29, 0xC0, 0x12, 0x7B, 0xC4, 0xEB, 0x19, 0x60, 0x00, 0x01, 0x21,
    0x4C, 0xDD, 0x85, 0x92, 0x21, 0x82, 0x49, 0x18, 0xB6, 0xDE, 0x21, 0xEF, 0x77, 0xCF, 0x6D, 0xC6,
    0xA2, 0xD9, 0x69, 0xC4, 0x00, 0x08, 0xC9, 0x6F, 0x88, 0xEA, 0x5A, 0x82, 0x37, 0x23, 0xDC, 0x69,
    0x41, 0x42, 0xFB, 0x54, 0x59, 0x47, 0xB0, 0x06, 0x75, 0x22, 0x2C, 0x3B, 0x23, 0x4C, 0x6D, 0xB8,
    0xAC, 0x87, 0x22, 0x02, 0x9D, 0xEB, 0xF5, 0x6B, 0x68, 0xB4, 0x52, 0x1D, 0xDC, 0x40, 0x3D, 0x58,
    0x00, 0x71, 0x83, 0xAF, 0x82, 0x3D, 0xA4, 0x03, 0x1A, 0x65, 0x43, 0xFD, 0xBB, 0xB5, 0xAF, 0x00,
    0x2F, 0x29, 0xDF, 0x73, 0x1B, 0x3D, 0x4C, 0x42, 0xB5, 0x02, 0x2F, 0x00, 0x9A, 0x33, 0x0F, 0xCD,
    0x9D, 0xE8, 0xE9, 0xE1, 0x76, 0x62, 0xDE, 0x0F, 0x79, 0x9D, 0x46, 0x74, 0x2A, 0x43, 0x6C, 0x87,
    0xE9, 0x06, 0xB7, 0x7D, 0xF7, 0x11, 0xF5, 0x36, 0x89, 0xE2, 0x87, 0x48, 0xEE, 0x2F, 0x72, 0x38,
    0xFF, 0xB3, 0x00, 0x2A, 0x7F, 0x51, 0xDD, 0x69, 0xE4, 0x76, 0x3E, 0x11, 0x54, 0x45, 0xF9, 0x6E,
    0xD5, 0xB1, 0xA0, 0xB4, 0x07, 0x95, 0x6A, 0xA1, 0xA9, 0x5F, 0x10, 0x87, 0x43, 0x00, 0x12, 0x5D,
    0x46, 0xE6, 0xE2, 0xE7, 0x52, 0x5D, 0x42, 0x9F, 0x63, 0x9D, 0xD8, 0xC0, 0x80, 0x51, 0x00, 0x64,
    0x3D, 0x81, 0xE7, 0x51, 0xFD, 0xC8, 0x46, 0xFE, 0xB0, 0xB9, 0x44, 0xC4, 0xBD, 0xBE, 0x24, 0x3E,
    0x47, 0x4C, 0x79, 0xE6, 0x7E, 0xBA, 0x8E, 0x06, 0x0A, 0xA7, 0x74, 0x00, 0x00, 0x7B, 0x9D, 0x9D,
    0x1D, 0xCC, 0x46, 0x3F, 0x24, 0xDF, 0x94, 0x35, 0xEF, 0xB8, 0xD4, 0x72, 0x65, 0x3D, 0xF6, 0xB4,
    0xF7, 0x8F, 0xF6, 0x38, 0x00, 0x00, 0x44, 0x83, 0x7F, 0xE6, 0x8F, 0xD5, 0xB6, 0x10, 0x00, 0x13,
    0xAA, 0x69, 0x04, 0x62, 0x0B, 0x74, 0xFD, 0xC2, 0x8F, 0xEA, 0xFD, 0x19, 0x24, 0xEF, 0xBB, 0xBF,
    0x7E, 0x6D, 0xC7, 0xE5, 0x04, 0x33, 0xC4, 0x87, 0x47, 0x00, 0x66, 0x4A, 0x57, 0x55, 0x19, 0xE9,
    0x72, 0x17, 0xD1, 0x9E, 0x91, 0xB8, 0x92, 0x82, 0xCD, 0x15, 0x40, 0xC6, 0x80, 0x00, 0x08, 0xA8,
    0xC6, 0x45, 0x87, 0x07, 0x42, 0x59, 0xD8, 0xFF, 0x31, 0x55, 0x91, 0x18, 0x58, 0x1C, 0x07, 0x5A,
    0xCC, 0x2A, 0x31, 0x29, 0xEA, 0x6F, 0x51, 0x2D, 0x9C, 0xC5, 0xC9, 0x50, 0x37, 0x62, 0xC0, 0x00,
    0x0A, 0x6A, 0x64, 0x30, 0x34, 0x95, 0xE6, 0x08, 0xE4, 0xEB, 0xD0, 0xB7, 0xF2, 0x33, 0xFA, 0x25,
    0x0A, 0x62, 0xBF, 0xAC, 0x4C, 0xB3, 0xA1, 0x16, 0x98, 0x87, 0x34, 0x01, 0x88, 0x79, 0x0F, 0xFC,
    0xC6, 0x1B, 0x40, 0x29, 0xCF, 0x29, 0xF7, 0xEE, 0x57, 0x88, 0xBB, 0x00, 0x12, 0xCF, 0x97, 0xE7,
    0x16, 0x77, 0x23, 0xBB, 0x5C, 0x5B, 0x7A, 0xA5, 0x9D, 0x84, 0x1E, 0x79, 0xF1, 0xB1, 0xE6, 0x80,
    0x87, 0xF9, 0x00, 0x94, 0x13, 0x89, 0x3B, 0x1A, 0x15, 0xF9, 0xF5, 0x64, 0xF8, 0xB9, 0xAF, 0x42,
    0x22, 0x40, 0x00, 0x13, 0x9D, 0x94, 0x9B, 0x58, 0x67, 0x44, 0xE2, 0x75, 0x80, 0x12, 0x0E, 0x8E,
    0xED, 0xDC, 0x00, 0x03, 0x2A, 0xCD, 0x73, 0xBF, 0xF5, 0xBC, 0xA8, 0x92, 0xFF, 0xD6, 0xF0, 0xA3,
    0x81, 0x8D, 0x3E, 0xDE, 0xB9, 0x99, 0x3A, 0x3D, 0x04, 0xC5, 0x0D, 0x03, 0xC2, 0xC6, 0x4B, 0xF1,
    0xC3, 0x80, 0x00, 0x03, 0xC2, 0xD2, 0x0E, 0xA2, 0xB2, 0x3E, 0xDB, 0x0F, 0x1D, 0x33, 0x79, 0x75,
    0xB3, 0x80, 0x00, 0x15, 0xAC, 0x51, 0x08, 0x8A, 0x14, 0x0D, 0x3D, 0x8E, 0xBB, 0xC9, 0xE3, 0x05,
    0xC6, 0xB7, 0xC6, 0x01, 0x8E, 0x72, 0xCD, 0xE0, 0x00, 0x00, 0x16, 0xF0, 0xE7, 0xAA, 0x10, 0xC9,
    0x77, 0xF3, 0x88, 0xDE, 0x32, 0x9D, 0x73, 0xF0, 0x87, 0x52, 0x00, 0x86, 0x3E, 0x50, 0x31, 0x1A,
    0x79, 0x93, 0x70, 0xF0, 0x87, 0x45, 0x00, 0x56, 0xA8, 0xD3, 0x1A, 0xFE, 0x10, 0x80, 0xDF, 0x80,
    0xBC, 0xCA, 0xAC, 0x40, 0x87, 0xA6, 0x01, 0x02, 0x7B, 0x0C, 0x90, 0x72, 0xDC, 0x0C, 0xE0, 0x87,
    0x5B, 0x00, 0x8D, 0xF1, 0x1A, 0x6F, 0x75, 0x93, 0x8D, 0x4B, 0xD1, 0x1B, 0x3D, 0xE8, 0x34, 0x98,
    0x00, 0x9E, 0xF0, 0xC1, 0xF6, 0xF1, 0x78, 0xCC, 0x86, 0x1B, 0x12, 0xD6, 0xE8, 0x47, 0x84, 0x4C,
    0x31, 0x07, 0xD1, 0x7E, 0x02, 0x4A, 0x50, 0x04, 0x80, 0x56, 0x6E, 0x5D, 0x10, 0xB0, 0xB6, 0xB9,
    0x36, 0x0E, 0xC0, 0xBC, 0x13, 0x12, 0x64, 0xC0, 0x00, 0x08, 0x6D, 0x85, 0xA8, 0x01, 0x29, 0x71,
    0x2B, 0x5F, 0xD9, 0x4A, 0xE6, 0xB2, 0x51, 0x67, 0x56, 0x45, 0xD5, 0x57, 0x52, 0x03, 0x00, 0x03,
    0xC6, 0xE7, 0x42, 0x5F, 0x32, 0x4A, 0x89, 0x02, 0x1B, 0x3D, 0x85, 0x37, 0xED, 0xBF, 0x85, 0xDC,
    0xD2, 0x40, 0x00, 0x09, 0x53, 0x99, 0xC1, 0xFF, 0x87, 0x23, 0xA4, 0xA3, 0xD4, 0x82, 0x8F, 0x15,
    0xF7, 0x5B, 0x10, 0x00, 0x03, 0xBD, 0xE2, 0x6C, 0xD8, 0x38, 0x79, 0x2B, 0x9E, 0x64, 0x79, 0x93,
    0x2C, 0xD7, 0xAB, 0x30, 0x46, 0x44, 0xB6, 0x92, 0x28, 0x00, 0x03, 0xBD, 0xED, 0x71, 0x11, 0x95,
    0xD1, 0xCB, 0xFF, 0xE4, 0x6C, 0x7C, 0x6E, 0x87, 0x22, 0x17, 0x36, 0x20, 0xB1, 0x85, 0x35, 0x0D,
    0xCB, 0x5A, 0x30, 0x0D, 0x80, 0x00, 0x01, 0x68, 0x3E, 0x81, 0xBF, 0xB0, 0x2E, 0x63, 0xD4, 0x03,
    0xE2, 0xEB, 0x36, 0xC7, 0x27, 0x53, 0x60, 0x5B, 0x74, 0x1D, 0xE2, 0xC0, 0x00, 0x03, 0xD6, 0x7E,
    0x74, 0x99, 0xA0, 0xA1, 0x20, 0x50, 0xD4, 0x3F, 0x0E, 0xD5, 0xCE, 0x63, 0x9B, 0x03, 0x93, 0xB2,
    0x2B, 0xD6, 0x00, 0x04, 0x08, 0xC2, 0x40, 0x2B, 0x62, 0x52, 0x1F, 0x93, 0xF4, 0x87, 0x35, 0x92,
    0xBB, 0x6A, 0x80, 0x00, 0x06, 0x08, 0x68, 0x3B, 0x9B, 0xCA, 0xFE, 0x00, 0xBE, 0x24, 0x54, 0x7C,
    0xD0, 0xEA, 0x32, 0xE6, 0x70, 0x8F, 0x7D, 0x59, 0x40, 0x00, 0x03, 0xBA, 0xD5, 0x5F, 0x88, 0x31,
    0xAB, 0x39, 0x2A, 0x86, 0x7F, 0x62, 0xCB, 0xF2, 0x15, 0xD0, 0x6E, 0x9F, 0x6A, 0x3F, 0x2C, 0xAF,
    0xC9, 0xFF, 0x67, 0x47, 0xB5, 0xC7, 0x88, 0x00, 0x13, 0xEB, 0xFD, 0x67, 0x7F, 0x39, 0x97, 0x4F,
    0x35, 0x12, 0x69, 0xB7, 0xBF, 0x34, 0x05, 0xFB, 0x2B, 0xFB, 0xA8, 0xC0, 0x80, 0x46, 0x02, 0x1B,
    0xF1, 0xBA, 0x29, 0x60, 0x5B, 0xC4, 0xDC, 0x0B, 0x80, 0x81, 0x46, 0x02, 0x6C, 0x4D, 0x08, 0x0D,
    0xFD, 0x48, 0xF2, 0x72, 0x26, 0x2E, 0xD3, 0x48, 0x87, 0xE8, 0x00, 0xBF, 0xF8, 0x5E, 0xCF, 0x55,
    0x52, 0x67, 0x1D, 0x5F, 0x35, 0x7E, 0x70, 0x91, 0xF8, 0x00, 0x49, 0x7E, 0xD5, 0x07, 0x81, 0x41,
    0xC1, 0x33, 0x29, 0x9C, 0x80, 0x44, 0x02, 0x3F, 0xA6, 0xD9, 0x09, 0x4E, 0xB3, 0x87, 0x52, 0x02,
    0x18, 0xF0, 0xD4, 0xB7, 0xBC, 0x33, 0x28, 0xDA, 0x4D, 0x28, 0x87, 0x55, 0x00, 0x2A, 0xA7, 0xEC,
    0x8A, 0x5B, 0x9B, 0xAD, 0xA2, 0xEC, 0xFD, 0x35, 0x9A, 0x58, 0xDD, 0x2B, 0x5E, 0x7E, 0x57, 0x06,
    0x40, 0x87, 0x4B, 0x00, 0x67, 0xDE, 0x00, 0x08, 0xC1, 0x03, 0x19, 0xDB, 0x3D, 0xEE, 0xE5, 0xCD,
    0xDB, 0xB0, 0x76, 0xF7, 0xC8, 0x87, 0x4C, 0x00, 0x7D, 0x94, 0x7A, 0x78, 0x00, 0x13, 0xE0, 0xF6,
    0x70, 0x6A, 0x53, 0x78, 0x4A, 0xA8, 0x9B, 0xA8, 0x21, 0xCA, 0xAD, 0x2B, 0x23, 0x21, 0x08, 0xAC,
    0x70, 0x7B, 0x12, 0x80, 0xE4, 0xEA, 0x79, 0x8B, 0x43, 0x55, 0x60, 0x00, 0x03, 0xC5, 0x78, 0x3D,
    0x0C, 0x96, 0xD7, 0xB2, 0x24, 0x94, 0xF4, 0xBB, 0x8D, 0x30, 0xCF, 0x29, 0x11, 0x2E, 0x7B, 0x9D,
    0x0F, 0xA5, 0x35, 0x46, 0x29, 0xB3, 0x4C, 0x87, 0x63, 0x02, 0xBF, 0xF4, 0x35, 0x52, 0x24, 0xE4,
    0xB0, 0xF2, 0x71, 0x79, 0x50, 0xA6, 0x51, 0x58, 0x80, 0x80, 0xF9, 0x00, 0x44, 0xEC, 0x75, 0xD7,
    0x4D, 0xF3, 0xC3, 0x18, 0xB3, 0x63, 0x5D, 0xB5, 0xD6, 0x2E, 0x39, 0xB9, 0x6D, 0x74, 0x87, 0xBA,
    0x00, 0x8B, 0x97, 0xC9, 0x0D, 0x5A, 0xEF, 0xD7, 0x3B, 0xA5, 0xAB, 0x4B, 0x2C, 0xB3, 0x35, 0x39,
    0x32, 0x2A, 0x0B, 0x81, 0x5B, 0x00, 0x11, 0x87, 0xA5, 0x31, 0x0D, 0xC7, 0x6D, 0x7E, 0xCA, 0x2A,
    0x85, 0xD4, 0x7E, 0xD7, 0x20, 0xF0, 0x28, 0x59, 0x61, 0xB5, 0x0B, 0x30, 0x87, 0x50, 0x02, 0x9B,
    0xEF, 0x1B, 0x44, 0x0E, 0xCC, 0x54, 0xBB, 0x4B, 0xD3, 0x28, 0x00, 0x08, 0xAC, 0x2E, 0xD3, 0xE9,
    0x0F, 0xDE, 0xE6, 0xCF, 0x2C, 0x42, 0x55, 0x95, 0x90, 0xA1, 0x4B, 0x79, 0x72, 0xAF, 0x40, 0x27,
    0x26, 0xAF, 0xB1, 0xFC, 0xC7, 0xF8, 0x01, 0xC1, 0x55, 0x26, 0xD9, 0x8D, 0xD1, 0xE0, 0x40, 0x49,
    0x66, 0xCE, 0xA0, 0xD9, 0xBC, 0xC0, 0x00, 0x03, 0xBD, 0xF2, 0x84, 0x0F, 0x77, 0xA6, 0xBB, 0xA6,
    0x3B, 0xCE, 0xD0, 0xCE, 0xEE, 0x22, 0xD1, 0x8A, 0x37, 0x4B, 0x89, 0x10, 0xFE, 0x61, 0x1C, 0x41,
    0x72, 0x97, 0x44, 0x33, 0x0C, 0x02, 0x00, 0x1F, 0xB2, 0x01, 0x54, 0x0B, 0x29, 0xBE, 0x55, 0x56,
    0x63, 0xC9, 0x78, 0xD2, 0xED, 0x25, 0x10, 0x0E, 0xF0, 0xF1, 0xA9, 0x84, 0x32, 0x5B, 0x0B, 0x53,
    0xA0, 0x9A, 0x6A, 0xBA, 0x40, 0x80, 0x00, 0x12, 0x17, 0x2C, 0xB0, 0xF7, 0x96, 0x8B, 0x84, 0xA8,
    0x88, 0xA8, 0xE0, 0xBE, 0xF3, 0x62, 0x15, 0x4B, 0xEF, 0x09, 0x53, 0x73, 0x17, 0x48, 0xE0, 0x00,
    0x94, 0xE0, 0x39, 0xC3, 0xAD, 0x46, 0x08, 0x00, 0xB3, 0x39, 0xDB, 0x8E, 0xB4, 0xAA, 0x78, 0x0B,
    0xC6, 0x7E, 0x73, 0x4D, 0xC5, 0x37, 0xDF, 0xD3, 0x97, 0xEA, 0x7D, 0xC9, 0x74, 0x42, 0xC7, 0x15,
    0x1B, 0x62, 0x68, 0xD0, 0x04, 0x0F, 0x00, 0x03, 0xC1, 0x41, 0x06, 0x2B, 0x3F, 0xE2, 0x12, 0x72,
    0xDC, 0x85, 0xF7, 0xE9, 0xA7, 0x22, 0xFD, 0xDE, 0x5F, 0x28, 0x59, 0x46, 0xB4, 0xD8, 0xD5, 0xAE,
    0xBD, 0x94, 0x70, 0x00, 0x3E, 0x6C, 0xF1, 0x0D, 0xF2, 0x30, 0xB7, 0x70, 0x77, 0xFF, 0xFD, 0x4A,
    0x60, 0x43, 0x1C, 0x92, 0x65, 0xA6, 0xA8, 0xE5, 0x83, 0xEB, 0x0C, 0x66, 0xC0, 0x12, 0xFD, 0x14,
    0xFB, 0xBA, 0x5B, 0x6D, 0x0C, 0x00, 0x29, 0x5F, 0xB1, 0x18, 0x72, 0x1E, 0xE3, 0x07, 0x2C, 0x52,
    0x5D, 0x69, 0xD1, 0x4B, 0x32, 0x73, 0x20, 0xAD, 0xB0, 0x23, 0x45, 0x43, 0xAB, 0x25, 0xA0, 0x00,
    0x08, 0xC1, 0x8A, 0xF2, 0x16, 0x6B, 0xB3, 0x4E, 0xD8, 0x92, 0x36, 0x94, 0xBC, 0x16, 0x6C, 0x72,
    0x9E, 0x3C, 0xFB, 0xED, 0x4D, 0xF9, 0xAA, 0x55, 0x57, 0x2D, 0x55, 0x51, 0x26, 0x41, 0x44, 0x65,
    0x96, 0x8B, 0xFF, 0x3D, 0x33, 0xD6, 0x89, 0xAE, 0xB2, 0x00, 0x03, 0xC4, 0x04, 0x4C, 0x01, 0xEB,
    0xDD, 0x6B, 0xAA, 0x6E, 0x66, 0x40, 0x0C, 0x13, 0xD7, 0x7B, 0xD9, 0x4C, 0x0B, 0x7E, 0x4D, 0xB4,
    0xCE, 0x83, 0x0D, 0x3F, 0x83, 0xE6, 0x64, 0x0C, 0x0A, 0x08, 0x00, 0x09, 0xF2, 0xE4, 0xA8, 0x1A,
    0x95, 0xBE, 0xBE, 0x9F, 0x6A, 0xE9, 0x34, 0x3A, 0x4A, 0x9A, 0xC9, 0x2E, 0x57, 0xF1, 0x13, 0xCF,
    0xC6, 0x70, 0x1A, 0x9E, 0x67, 0xBC, 0xE0, 0x2C, 0x1E, 0x3C, 0x5B, 0x05, 0xFE, 0x40, 0xE3, 0x07,
    0x04, 0x00, 0x09, 0xFA, 0x72, 0xE6, 0x1F, 0x76, 0x5F, 0x42, 0x27, 0x73, 0x0E, 0xDC, 0x26, 0x6F,
    0xC6, 0x79, 0xDC, 0x66, 0xD5, 0xBB, 0x4C, 0x34, 0xDF, 0xBF, 0x0F, 0x5D, 0x71, 0x81, 0x6D, 0xD6,
    0xB8, 0xBE, 0x89, 0x00, 0x08, 0x91, 0x55, 0x23, 0x74, 0xDD, 0x5F, 0xAE, 0xDA, 0x0B, 0x33, 0xBE,
    0x41, 0x20, 0xA8, 0x31, 0xE0, 0x82, 0x3C, 0x75, 0x22, 0x7B, 0x15, 0x1D, 0x1D, 0x21, 0xDC, 0xA9,
    0xB6, 0x1B, 0x3C, 0xF0, 0x08, 0x43, 0x32, 0x33, 0x5B, 0x9A, 0x44, 0xB8, 0xDF, 0x55, 0x4F, 0xF7,
    0xB7, 0x0B, 0x11, 0x84, 0x00, 0x03, 0x97, 0x42, 0x68, 0x1B, 0x54, 0x1C, 0xC7, 0xCD, 0x04, 0x8B,
    0x18, 0xAC, 0xBE, 0x3A, 0xE0, 0x46, 0xF5, 0xDC, 0xBC, 0x0B, 0x98, 0x65, 0xA4, 0x1D, 0x83, 0x40,
    0x31, 0xCD, 0x9D, 0x57, 0xD1, 0xB7, 0x0F, 0x77, 0xAC, 0xD7, 0x18, 0x22, 0x1C, 0xB0, 0x00, 0x11,
    0x82, 0x5C, 0xEA, 0x2A, 0x32, 0xAF, 0xE3, 0xF0, 0x9C, 0xA7, 0x84, 0xF9, 0xC6, 0x02, 0x08, 0x3F,
    0x3D, 0xD9, 0x11, 0xC9, 0x90, 0x09, 0x98, 0xD9, 0x18, 0xB6, 0x09, 0xB4, 0x20, 0xC0, 0x9C, 0x81,
    0x0B, 0xCA, 0x0D, 0xA1, 0xB7, 0xF4, 0x98, 0xD4, 0xA7, 0x8A, 0x5D, 0xE0, 0xA7, 0xB6, 0xBC, 0x02,
    0x40, 0x83, 0x48, 0x02, 0x0E, 0x85, 0xDF, 0xD4, 0xAE, 0x77, 0x6B, 0x84, 0xFC, 0x7E, 0x49, 0xA1,
    0x09, 0x40, 0x65, 0x23, 0xF2, 0xF0, 0xF1, 0xDA, 0x90, 0x8C, 0xC9, 0x56, 0x20, 0xF1, 0x08, 0x93,
    0xD6, 0x81, 0x79, 0x80, 0x00, 0x03, 0x0A, 0x52, 0x2F, 0xE0, 0xB0, 0xBB, 0x12, 0xF2, 0x81, 0x12,
    0xB8, 0xE5, 0x39, 0xF8, 0xFE, 0x99, 0x42, 0xA7, 0x1F, 0x24, 0xFD, 0x5E, 0xC1, 0x37, 0xFE, 0x72,
    0x2A, 0x52, 0x7D, 0xD2, 0x00, 0x92, 0xF2, 0xE4, 0x5F, 0x01, 0x7B, 0x13, 0x49, 0xE5, 0xD3, 0xBA,
    0x13, 0x83, 0x97, 0x92, 0x6C, 0xD7, 0x8B, 0x69, 0xB0, 0x85, 0xBB, 0x94, 0x9C, 0x61, 0xA2, 0xCB,
    0x94, 0x6A, 0xD9, 0x84, 0x6F, 0x74, 0x87, 0x31, 0x00, 0x8D, 0xAA, 0x04, 0xDD, 0xE1, 0x0C, 0x9C,
    0x23, 0x0A, 0xDD, 0xE3, 0xBC, 0xE4, 0x87, 0x51, 0x00, 0x46, 0xF7, 0x6D, 0x1A, 0x82, 0x62, 0x0E,
    0x49, 0x4A, 0x6C, 0x06, 0x00, 0x03, 0xDA, 0x41, 0x6D, 0x8C, 0xC1, 0x84, 0x71, 0xD8, 0xEC, 0x98,
    0xBB, 0x25, 0x2B, 0x33, 0x0D, 0x3F, 0x81, 0x03, 0x66, 0x7D, 0x2E, 0xF4, 0xD5, 0xDA, 0xA5, 0x30,
    0x00, 0x03, 0xC9, 0x31, 0x31, 0x3A, 0xF5, 0xB3, 0x0E, 0x16, 0xC4, 0x8F, 0xD8, 0x36, 0x75, 0x9E,
    0x79, 0xA5, 0x93, 0x25, 0x2A, 0x10, 0x60, 0x80, 0x85, 0x02, 0x12, 0x61, 0x52, 0xAC, 0x1D, 0x9D,
    0x0B, 0x83, 0xFC, 0x55, 0x39, 0x21, 0x94, 0xC4, 0xF0, 0xB5, 0xF8, 0x80, 0x86, 0x02, 0x08, 0x37,
    0x44, 0xD3, 0xFA, 0x74, 0x05, 0xC0, 0xFD, 0x00, 0xEB, 0x8F, 0x8E, 0xEE, 0x40, 0x00, 0xBB, 0x1F,
    0xC7, 0x93, 0x25, 0x37, 0x5B, 0xF4, 0x2D, 0xCA, 0x7B, 0x7F, 0x56, 0x3B, 0x48, 0x32, 0xC4, 0xD7,
    0x1F, 0x55, 0xD1, 0xD8, 0x1D, 0x22, 0xCF, 0x40, 0x55, 0x24, 0x3E, 0xD9, 0xB3, 0xA8, 0x07, 0xBB,
    0x80, 0x32, 0xF1, 0xBA, 0x6F, 0xCB, 0x81, 0x1E, 0x1C, 0xDE, 0x0D, 0xE5, 0x22, 0x85, 0x0D, 0xC3,
    0xD8, 0x3B, 0xBA, 0x87, 0xE0, 0x00, 0x19, 0x64, 0xA2, 0x67, 0x00, 0x22, 0x64, 0x5C, 0xA4, 0xB0,
    0x62, 0xA6, 0x3F, 0xA6, 0x7D, 0xC9, 0xA2, 0xF0, 0x1F, 0x89, 0x49, 0x6E, 0x6E, 0xC8, 0x49, 0x5F,
    0x80, 0xDE, 0x0A, 0x5D, 0xE6, 0xD1, 0x83, 0xC6, 0x8B, 0xCC, 0x2C, 0x24, 0xDE, 0x38, 0xBA, 0xA2,
    0x9F, 0x38, 0x04, 0xF2, 0x5E, 0x00, 0x4E, 0x74, 0x70, 0xF2, 0x13, 0x05, 0x4E, 0x15, 0x79, 0x77,
    0x84, 0x34, 0x01, 0x1E, 0x73, 0x2A, 0x7F, 0xB1, 0xFF, 0xEF, 0x5D, 0x47, 0x2E, 0x0C, 0xD9, 0xAE,
    0x6F, 0x2C, 0xA0, 0x38, 0xAC, 0x44, 0xAB, 0xFA, 0x2D, 0x00, 0x8C, 0x7E, 0x3D, 0xFD, 0xAF, 0x39,
    0x80, 0x7B, 0xAF, 0xE7, 0xC7, 0xD0, 0xA9, 0xEC, 0xC1, 0x8D, 0x59, 0x56, 0x44, 0x65, 0x7C, 0x37,
    0x3C, 0x89, 0x0C, 0x3D, 0x75, 0x80, 0x00, 0xB7, 0x43, 0x1E, 0x1D, 0x2D, 0x54, 0xD3, 0xBA, 0x3A,
    0xF5, 0x91, 0x60, 0x52, 0x49, 0xBE, 0x27, 0x83, 0xD8, 0xC6, 0xA7, 0x7F, 0x5A, 0x99, 0x6D, 0x94,
    0x58, 0x77, 0x03, 0xA6, 0xA3, 0x47, 0x16, 0x60, 0xCD, 0xAB, 0xDA, 0x84, 0x6F, 0x1E, 0x3D, 0x24,
    0xF0, 0x0F, 0xD4, 0xD9, 0xB4, 0xCA, 0xE3, 0x6F, 0x9B, 0x8C, 0x5C, 0xC8, 0x9E, 0x1F, 0x69, 0x76,
    0x23, 0x77, 0x51, 0x20, 0x00, 0x36, 0x66, 0x6A, 0x89, 0xBE, 0x69, 0x77, 0xC3, 0xC3, 0x29, 0x37,
    0xC3, 0x51, 0xEA, 0xD3, 0x14, 0x3A, 0x33, 0x68, 0x90, 0x62, 0x77, 0x7E, 0x0C, 0x57, 0xC2, 0xE9,
    0x68, 0x62, 0x05, 0x35, 0x2A, 0xC4, 0xA9, 0xC0, 0xBC, 0x1C, 0xE9, 0xA4, 0xCA, 0x08, 0xE7, 0x87,
    0xFC, 0x72, 0x5A, 0xD3, 0x22, 0x8D, 0x4E, 0x29, 0xFF, 0x19, 0x09, 0x79, 0x53, 0x82, 0x71, 0x02,
    0x2C, 0xC9, 0xEF, 0xF6, 0xEA, 0x5D, 0xB9, 0x94, 0xF9, 0xD7, 0x47, 0xB3, 0xB6, 0xD7, 0xB6, 0x31,
    0x5B, 0x60, 0xF8, 0x20, 0x82, 0x72, 0x02, 0x18, 0x56, 0x6D, 0xA9, 0xEC, 0x03, 0x08, 0x66, 0x8A,
    0x28, 0xE0, 0x64, 0xAF, 0xFC, 0xF9, 0x40, 0x87, 0x25, 0x00, 0x84, 0x84, 0xC2, 0x8A, 0xB1, 0x39,
    0x8E, 0xC6, 0x03, 0xED, 0x53, 0xC8, 0x92, 0x40, 0x87, 0x45, 0x00, 0x56, 0xCA, 0xB2, 0xB1, 0x27,
    0xFC, 0x39, 0xA4, 0x27, 0x00, 0xA2, 0x68, 0x24, 0x27, 0x70, 0x37, 0x74, 0x49, 0x00, 0x8A, 0x62,
    0xBF, 0xF7, 0x57, 0x86, 0x0C, 0xEC, 0xFC, 0x4B, 0x25, 0x29, 0xA9, 0x31, 0x4F, 0xAB, 0x09, 0xFC,
    0x79, 0x95, 0x80, 0x00, 0x4F, 0xDD, 0x2E, 0x7A, 0x8B, 0x0C, 0x00, 0x41, 0xA6, 0xE4, 0x4B, 0x70,
    0x27, 0x47, 0x5F, 0x0C, 0x00, 0x12, 0x5B, 0x91, 0x75, 0x74, 0x40, 0x24, 0xBD, 0x2D, 0x2C, 0xF0,
    0x00, 0x00, 0x0C, 0x0D, 0x01, 0x87, 0xCA, 0xA2, 0x6E, 0xAE, 0xB0, 0x00, 0x66, 0x64, 0x9E, 0x3C,
    0x5E, 0x26, 0xBA, 0x61, 0x4C, 0xF6, 0x61, 0xE8, 0x79, 0x51, 0xF6, 0x6C, 0x61, 0xEA, 0x7D, 0x05,
    0x49, 0x84, 0x3D, 0x7C, 0x25, 0x8B, 0xEA, 0x21, 0xD0, 0x33, 0xDF, 0x23, 0x75, 0xB1, 0x9D, 0x4B,
    0x9F, 0xAE, 0xB6, 0xFF, 0x74, 0x90, 0x9B, 0x18, 0x10, 0xDB, 0x81, 0x3A, 0x83, 0xC3, 0xCC, 0x96,
    0xFF, 0xE0, 0x3C, 0x00, 0x78, 0x14, 0xFE, 0x55, 0x57, 0x44, 0x0D, 0xDD, 0xCA, 0x0A, 0xC2, 0x74,
    0x75, 0x3E, 0x4A, 0x85, 0x5A, 0x0B, 0xBA, 0x49, 0x7C, 0xD1, 0x4E, 0x51, 0xE9, 0x66, 0x01, 0xBD,
    0xE5, 0x88, 0x69, 0xEC, 0x43, 0x28, 0x1F, 0x02, 0xA9, 0x87, 0xC0, 0x4D, 0x4D, 0x96, 0x31, 0xA3,
    0xCC, 0xB3, 0x1B, 0xFF, 0xEC, 0x00, 0x17, 0x22, 0x53, 0x23, 0xAD, 0x89, 0x7C, 0x36, 0xF1, 0x5B,
    0xBF, 0x70, 0xA4, 0x45, 0x7B, 0x40, 0xF4, 0xEC, 0x3E, 0xA8, 0xB1, 0xFB, 0x0D, 0x66, 0x8D, 0x00,
    0xB2, 0x03, 0xB0, 0xE1, 0x49, 0x88, 0x7B, 0xA2, 0x5F, 0x1D, 0x1E, 0xCD, 0xD4, 0x00, 0x75, 0xE6,
    0x35, 0xB0, 0x6D, 0x59, 0x58, 0x71, 0x83, 0x7A, 0xE5, 0xB8, 0xB7, 0x1B, 0x68, 0xCA, 0x15, 0xC7,
    0x9E, 0x58, 0xFF, 0x30, 0xB8, 0xA3, 0x85, 0x08, 0x08, 0xA2, 0x4E, 0xC0, 0xEE, 0x28, 0x00, 0x12,
    0x10, 0x26, 0x26, 0xA4, 0x07, 0x0E, 0xB6, 0xB3, 0x66, 0xAD, 0xF7, 0xE0, 0xCB, 0xE7, 0x89, 0x32,
    0x2D, 0xD1, 0x3E, 0x17, 0xEC, 0x18, 0x3F, 0x73, 0x3B, 0x80, 0x00, 0x73, 0x37, 0x88, 0xF0, 0xED,
    0x12, 0xB7, 0xAA, 0xEE, 0x21, 0xE9, 0x11, 0xFB, 0x50, 0x7F, 0x8D, 0xA6, 0xC0, 0x68, 0x34, 0xE9,
    0x19, 0x60, 0x80, 0x87, 0x32, 0x00, 0x22, 0x39, 0x5A, 0x2E, 0x83, 0x6B, 0xF0, 0xB5, 0xD2, 0xD4,
    0x43, 0x88, 0x2D, 0xEE, 0xA5, 0x9C, 0x87, 0x52, 0x00, 0x86, 0x3E, 0x4C, 0x98, 0xD7, 0x35, 0x3F,
    0x59, 0x43, 0x58, 0xBF, 0x39, 0x20, 0xFC, 0x80, 0x2E, 0x00, 0x8F, 0x47, 0xC2, 0x0E, 0x23, 0x6C,
    0x1B, 0x81, 0x0C, 0x00, 0x7F, 0x10, 0xBE, 0x14, 0xB7, 0x3E, 0x3C, 0x39, 0xA6, 0x2E, 0x9A, 0x00,
    0x0E, 0xC8, 0xE0, 0x0F, 0xEC, 0x15, 0x3D, 0x56, 0xD8, 0x59, 0xEE, 0x7D, 0xB4, 0x48, 0xBC, 0x3D,
    0x8B, 0x80, 0x00, 0x0A, 0x1F, 0x0C, 0xA2, 0x20, 0xDC, 0xBA, 0xB3, 0x12, 0x13, 0x25, 0xC6, 0x3A,
    0x9B, 0xC0, 0x00, 0x05, 0x2F, 0xDC, 0x5C, 0xAD, 0x02, 0xB4, 0x2E, 0xD2, 0xDC, 0x62, 0xB4, 0xD6,
    0xD9, 0x49, 0x65, 0x2E, 0x1E, 0xB8, 0xEE, 0x6F, 0xC1, 0x97, 0x4D, 0xC4, 0xCC, 0x46, 0xE3, 0xD1,
    0x4E, 0xC0, 0x00, 0x00, 0x6E, 0x1F, 0x35, 0x59, 0x02, 0x57, 0x72, 0x31, 0xAE, 0x05, 0xB1, 0x9D,
    0x50, 0x10, 0xE3, 0xFB, 0x2F, 0x2D, 0x52, 0x6E, 0x08, 0x56, 0x44, 0x00, 0x03, 0x1B, 0x26, 0x1A,
    0xD3, 0x16, 0xD7, 0x66, 0xD7, 0xA7, 0x4F, 0x5F, 0xFA, 0x65, 0x5C, 0x4F, 0x61, 0xAC, 0x9B, 0x51,
    0x43, 0xDA, 0xC3, 0x5F, 0xCF, 0x40, 0x4C, 0x26, 0x8E, 0x74, 0x8A, 0xCD, 0xD2, 0x3B, 0xC3, 0xF9,
    0x66, 0xF6, 0x2A, 0x85, 0xCF, 0x4E, 0x9A, 0x36, 0xB7, 0xC0, 0x00, 0x08, 0xA8, 0xCB, 0x72, 0x0F,
    0x3A, 0xF3, 0x64, 0x42, 0x71, 0xBF, 0x44, 0x1B, 0x44, 0x02, 0x33, 0x2B, 0xCA, 0x96, 0xB0, 0x75,
    0x61, 0xF6, 0x6A, 0xFC, 0xC4, 0x71, 0x55, 0xBE, 0x3A, 0x0A, 0xF8, 0xE7, 0x24, 0xB2, 0xD4, 0xE8,
    0x66, 0xD8, 0x87, 0x28, 0x02, 0x89, 0xCE, 0xE5, 0xB9, 0x0B, 0x4F, 0xC0, 0x18, 0x10, 0xE5, 0x66,
    0xFA, 0x21, 0x0C, 0x01, 0x70, 0x87, 0x48, 0x02, 0x4B, 0x90, 0x0C, 0x65, 0x62, 0x89, 0x1F, 0xEF,
    0xC5, 0x18, 0xF8, 0xDF, 0x53, 0xA5, 0x15, 0x50, 0x00, 0x08, 0xB6, 0x18, 0x6C, 0xEB, 0xA5, 0xFF,
    0x3C, 0x24, 0xA3, 0x3D, 0x5B, 0xF5, 0x5B, 0x34, 0xEE, 0xAF, 0xD2, 0x58, 0x13, 0x80, 0x15, 0x2A,
    0x00, 0x13, 0x51, 0x3F, 0x58, 0x00, 0x03, 0xB7, 0x05, 0xCF, 0x9A, 0x46, 0xD0, 0xBF, 0x33, 0x9C,
    0x7B, 0xB9, 0x86, 0x6B, 0x53, 0x5D, 0xE9, 0xC8, 0xD9, 0xB2, 0x18, 0x87, 0x2D, 0x00, 0x92, 0x6C,
    0x97, 0x05, 0x76, 0x7A, 0xA0, 0x2F, 0xA4, 0xF4, 0x9A, 0xA0, 0x4A, 0x3D, 0x9F, 0xAF, 0x7F, 0xFD,
    0xEE, 0x8C, 0x92, 0x30, 0xEA, 0x13, 0x11, 0x80, 0x87, 0xAC, 0x02, 0x8C, 0xCD, 0xAF, 0xA2, 0x6A,
    0x86, 0xF3, 0x91, 0x92, 0xE9, 0x4B, 0x71, 0x52, 0xB3, 0xFC, 0x00, 0x11, 0xA5, 0xF6, 0xCC, 0x24,
    0x3C, 0x9F, 0x9F, 0x03, 0xF6, 0x0F, 0x8B, 0xDF, 0xC1, 0x86, 0x4A, 0xB8, 0x26, 0xD4, 0xA9, 0xC7,
    0x12, 0xFF, 0x52, 0xCE, 0x69, 0xED, 0x5A, 0x81, 0x54, 0x87, 0xE8, 0x00, 0xC0, 0x04, 0x5B, 0x39,
    0x13, 0x88, 0xC0, 0x21, 0x99, 0x15, 0x8D, 0x87, 0x3F, 0x4B, 0xA6, 0x43, 0xEF, 0x2B, 0x90, 0xDD,
    0xB0, 0x30, 0xD2, 0xEF, 0xFC, 0x00, 0x01, 0x21, 0xC0, 0xD2, 0xA5, 0x24, 0x30, 0x55, 0x61, 0xA1,
    0x1D, 0x7E, 0x5A, 0x0B, 0x46, 0x18, 0xCC, 0xB7, 0x91, 0xE2, 0xB0, 0x5D, 0x37, 0x30, 0x28, 0x24,
    0x0C, 0x92, 0x00, 0x01, 0x00, 0x0F, 0xA9, 0x2A, 0x0B, 0xCA, 0x39, 0x33, 0xFF, 0xF9, 0x34, 0x74,
    0x21, 0xC5, 0x25, 0x0A, 0xFC, 0xC3, 0x12, 0x99, 0x0F, 0x87, 0x37, 0x02, 0x93, 0xB1, 0xBD, 0x4C,
    0xEB, 0x57, 0xE9, 0x37, 0x67, 0x4F, 0xA1, 0x5F, 0x80, 0x15, 0x02, 0x3D, 0x46, 0x07, 0xC0, 0x00,
    0x03, 0xC4, 0x53, 0x14, 0x9A, 0x28, 0xED, 0x72, 0x43, 0x0B, 0x0E, 0x6C, 0x16, 0x78, 0xA8, 0x8C,
    0x9C, 0x07, 0xFD, 0x84, 0x00, 0x08, 0xBE, 0x9C, 0xAA, 0xD3, 0x71, 0xEE, 0x38, 0xF2, 0x0D, 0x13,
    0x72, 0xA7, 0x00, 0x56, 0x24, 0x58, 0x69, 0x7A, 0x73, 0x80, 0x00, 0x03, 0xC1, 0x16, 0x90, 0x21,
    0x9B, 0xE5, 0x65, 0x37, 0x46, 0x0C, 0xA0, 0x55, 0x43, 0xBC, 0x7B, 0x84, 0xB6, 0x00, 0x05, 0x2D,
    0x9D, 0x96, 0x1F, 0x43, 0xAF, 0x42, 0xC1, 0x96, 0x67, 0x54, 0x73, 0x8A, 0xFC, 0x23, 0xBC, 0x5D,
    0x38, 0x2F, 0x22, 0x6F, 0x10, 0x17, 0xFD, 0x1F, 0x99, 0x8B, 0x2C, 0x18, 0xBE, 0xC6, 0xB4, 0x13,
    0xC7, 0x00, 0x00, 0x49, 0xDC, 0x6A, 0xDC, 0x59, 0x60, 0x0E, 0x71, 0xFF, 0x38, 0x67, 0x9B, 0xDC,
    0x29, 0x1E, 0x63, 0x72, 0x5E, 0x99, 0xF3, 0xA7, 0xA1, 0x26, 0x2C, 0x05, 0x66, 0x75, 0xAE, 0x7C,
    0x00, 0x90, 0x35, 0x6C, 0x03, 0x56, 0xC7, 0x0C, 0x5B, 0xAA, 0xE0, 0x39, 0xBF, 0x6E, 0x85, 0xCD,
    0x83, 0xFB, 0x8D, 0xD7, 0x8F, 0x18, 0xD5, 0x92, 0xA4, 0x3C, 0xFB, 0xBF, 0xE8, 0x66, 0x3B, 0xF8,
    0x4A, 0x2B, 0xB1, 0x4F, 0x10, 0x9E, 0x60, 0x00, 0x14, 0xAF, 0x0C, 0xFA, 0x93, 0x77, 0xF2, 0x90,
    0xDA, 0x35, 0xD7, 0xF8, 0x45, 0x83, 0xD0, 0x62, 0x5D, 0xC1, 0xDD, 0x40, 0xC1, 0x4D, 0x74, 0xCB,
    0x30, 0xD0, 0xF1, 0x60, 0x8F, 0x4E, 0x31, 0x02, 0x18, 0x87, 0x25, 0x00, 0x80, 0x6C, 0x60, 0xE6,
    0x54, 0xDD, 0xB1, 0x1A, 0x46, 0x9C, 0x6E, 0xF5, 0x00, 0x35, 0xA0, 0x87, 0x45, 0x00, 0x56, 0xCA,
    0xAC, 0x81, 0x63, 0x36, 0x09, 0xC6, 0xFA, 0xAA, 0xAF, 0xF8, 0x87, 0x36, 0x00, 0x23, 0x15, 0xAE,
    0xE2, 0xC7, 0x0B, 0xCB, 0xFE, 0x57, 0x5E, 0x14, 0x28, 0x87, 0xA6, 0x01, 0x02, 0x27, 0x46, 0xE9,
    0x2D, 0x66, 0x57, 0x47, 0x9E, 0x4D, 0xA8, 0x16, 0xC4, 0x87, 0x3B, 0x00, 0x67, 0xBF, 0x05, 0x3C,
    0x3C, 0xCD, 0x50, 0x87, 0x58, 0x00, 0x8D, 0xEF, 0xBE, 0x21, 0x1B, 0x64, 0xCC, 0x5A, 0x10, 0xC5,
    0x5E, 0xA5, 0xDD, 0xF7, 0xFD, 0x40, 0x87, 0x3B, 0x00, 0x67, 0xBF, 0x05, 0x3C, 0x25, 0x90, 0x0E,
    0x29, 0xED, 0xEE, 0x15, 0x2C, 0x80, 0x87, 0xC0, 0x02, 0x8D, 0xF0, 0xBF, 0x95, 0x3C, 0xAC, 0x64,
    0x41, 0x20, 0x0D, 0x2D, 0x55, 0x00, 0x08, 0xBC, 0x00, 0x64, 0x6A, 0xCA, 0xB3, 0x55, 0x4F, 0xAA,
    0x8D, 0x23, 0x35, 0x5E, 0x14, 0x47, 0x56, 0x50, 0x1C, 0xE2, 0xEF, 0x44, 0x13, 0x1C, 0x3F, 0xE2,
    0xBE, 0xF8, 0x9A, 0x05, 0x2A, 0x60, 0x00, 0x08, 0x6D, 0x1D, 0x87, 0x93, 0x67, 0x0C, 0x40, 0x02,
    0xFE, 0x9B, 0x4C, 0x88, 0xE5, 0x6B, 0xA7, 0x10, 0x34, 0x38, 0x38, 0xBB, 0x24, 0x18, 0xF0, 0xAC,
    0x00, 0x00, 0x1E, 0x27, 0x3E, 0x60, 0x9E, 0xD1, 0x30, 0xD4, 0xA6, 0x8F, 0xF3, 0x26, 0x4C, 0xE7,
    0xAE, 0x23, 0xE6, 0x1A, 0xFA, 0x5D, 0xFB, 0x65, 0xA2, 0x00, 0x00, 0x40, 0x69, 0x16, 0xFF, 0x59,
    0x3B, 0x8D, 0x31, 0x93, 0xCB, 0x87, 0x40, 0xA7, 0xD6, 0x58, 0x69, 0x3B, 0x77, 0x12, 0xB9, 0xEC,
    0xE7, 0xC0, 0x00, 0x03, 0xD1, 0x4C, 0xCF, 0x5E, 0x75, 0xD1, 0x10, 0x7D, 0xED, 0xA0, 0x9F, 0x52,
    0x23, 0xC0, 0xAD, 0x0B, 0x39, 0x95, 0x09, 0xEB, 0x6D, 0x13, 0x31, 0x40, 0x00, 0x03, 0xC5, 0x47,
    0x24, 0xF9, 0x50, 0xEC, 0x6A, 0x3C, 0x89, 0xC8, 0xE4, 0x0D, 0x6F, 0xA6, 0xD4, 0x70, 0x8D, 0x5E,
    0xBC, 0x63, 0x80, 0x00, 0x03, 0xCB, 0x56, 0x8C, 0x0A, 0x54, 0xC1, 0x87, 0x86, 0x43, 0x80, 0x2D,
    0x6D, 0xB5, 0xC2, 0xDF, 0xA9, 0x5C, 0x50, 0x9A, 0x15, 0x52, 0xA5, 0x6E, 0x00, 0x03, 0xBE, 0x50,
    0xF5, 0xEF, 0x53, 0x9C, 0x47, 0xA7, 0xE1, 0x53, 0x87, 0x55, 0xFA, 0xB9, 0xAA, 0x09, 0x47, 0xA3,
    0xD6, 0xDE, 0x49, 0xEC, 0x80, 0x00, 0x09, 0x17, 0x41, 0xBA, 0x95, 0xFF, 0x29, 0xC5, 0x14, 0x51,
    0x1C, 0x19, 0x5F, 0x17, 0x7A, 0xC6, 0xF8, 0xFC, 0xA1, 0x07, 0x87, 0x4A, 0x00, 0xC0, 0x5D, 0xDC,
    0xCD, 0x00, 0xAE, 0x65, 0xF9, 0x86, 0x3C, 0xF8, 0x98, 0x22, 0xDA, 0x24, 0x55, 0xB6, 0xF5, 0xFE,
    0x03, 0xCB, 0xEB, 0x98, 0x61, 0x59, 0xF4, 0x02, 0xBE, 0xD1, 0x65, 0x72, 0xA0, 0xEB, 0xE1, 0x6A,
    0xF5, 0x38, 0x8B, 0x4B, 0x48, 0x6C, 0x20, 0x00, 0x3B, 0x21, 0x0D, 0x40, 0x9E, 0xC7, 0x15, 0x7E,
    0x41, 0x64, 0x1D, 0x6E, 0x98, 0xBE, 0x33, 0xD1, 0x91, 0xA3, 0x0F, 0xCE, 0x2E, 0xBE, 0x7E, 0xB1,
    0xFC, 0x5A, 0x1D, 0xC4, 0xC5, 0xD2, 0x87, 0xCD, 0x02, 0xB5, 0xD3, 0xAF, 0xDE, 0x79, 0x34, 0x0B,
    0x87, 0xC7, 0x65, 0xE8, 0xA9, 0xB5, 0x80, 0x87, 0xCE, 0x02, 0x5D, 0xA2, 0xF1, 0x2E, 0xFC, 0x77,
    0xCD, 0xE3, 0x7D, 0x27, 0x6E, 0x44, 0x87, 0xEF, 0x00, 0x65, 0x40, 0x68, 0x81, 0x27, 0x02, 0x3E,
    0xAC, 0x8E, 0xB8, 0x07, 0x47, 0x8F, 0x82, 0x17, 0xC0, 0x92, 0xDE, 0x19, 0xEF, 0xBE, 0x0A, 0xDC,
    0x66, 0x81, 0x47, 0x02, 0x30, 0x5A, 0x2B, 0xE4, 0xD2, 0xB5, 0xA7, 0xE9, 0xC8, 0x69, 0xBD, 0x7B,
    0x60, 0x28, 0xB2, 0x40, 0x00, 0x08, 0xB5, 0xC1, 0x10, 0xBA, 0x14, 0x6C, 0x7A, 0x15, 0x25, 0xD8,
    0x95, 0x15, 0x29, 0x15, 0x46, 0xBE, 0xDE, 0xCE, 0x47, 0xAC, 0x6F, 0x64, 0x88, 0x7C, 0xE4, 0x49,
    0xC2, 0xA1, 0x3A, 0x1F, 0x37, 0xEC, 0x00, 0x03, 0xB7, 0x5F, 0x0E, 0x6C, 0x27, 0x13, 0x4B, 0xCC,
    0x54, 0x87, 0x29, 0xBE, 0x80, 0x98, 0x14, 0x59, 0x7C, 0xEE, 0xDC, 0xB5, 0xA0, 0x9A, 0xDA, 0x5B,
    0x84, 0x00, 0x1C, 0xE7, 0xEB, 0xD5, 0xBD, 0xCD, 0x22, 0xA8, 0x45, 0x84, 0x0B, 0xEA, 0x04, 0x1F,
    0x35, 0x26, 0x81, 0xFE, 0x3E, 0x34, 0x78, 0x31, 0xEF, 0xE8, 0xCE, 0x20, 0x00, 0x19, 0x42, 0x45,
    0x38, 0x05, 0x92, 0xF0, 0xA3, 0xFB, 0xCE, 0x77, 0xA6, 0xF7, 0x32, 0x85, 0xD5, 0x74, 0x67, 0x97,
    0xF3, 0xB8, 0x87, 0x2A, 0x00, 0x91, 0x6A, 0xA1, 0x88, 0x72, 0x2C, 0x9C, 0xBB, 0xCD, 0x8B, 0x73,
    0x36, 0xE9, 0x00, 0x03, 0xC5, 0x46, 0x64, 0x7F, 0x80, 0xDF, 0x3D, 0x3E, 0x28, 0x48, 0x7C, 0x30,
    0x1F, 0xF5, 0x13, 0xFC, 0xBE, 0xE0, 0xF7, 0x53, 0xAC, 0x40, 0x87, 0xB3, 0x02, 0x93, 0xB1, 0xE4,
    0x71, 0xA2, 0x0D, 0xFF, 0x54, 0x8C, 0x41, 0xF5, 0x87, 0xB4, 0x02, 0x90, 0x33, 0x86, 0xCF, 0x18,
    0xCB, 0x26, 0x43, 0x8A, 0xAB, 0x3D, 0x60, 0x87, 0xC9, 0x02, 0x8F, 0x10, 0xC3, 0x8D, 0xAE, 0x9B,
    0xCD, 0xAC, 0x2C, 0xB3, 0x89, 0xD3, 0xB3, 0x8C, 0x62, 0xF1, 0x87, 0xCA, 0x02, 0x92, 0xA5, 0xC6,
    0xD0, 0x7E, 0x99, 0x56, 0x04, 0x16, 0xDC, 0x00, 0xF6, 0xD3, 0x37, 0xD2, 0x9A, 0x04, 0x00, 0x08,
    0x27, 0x5F, 0x77, 0x94, 0x82, 0x9C, 0xE9, 0x9D, 0xFE, 0x2D, 0x33, 0xAF, 0x12, 0x2C, 0x39, 0xE2,
    0x42, 0xCA, 0x41, 0x4A, 0xBF, 0xDF, 0x42, 0x68, 0x1D, 0x45, 0x3B, 0xAC, 0xF4, 0xD0, 0x6F, 0xAF,
    0xC2, 0x00, 0xD1, 0x46, 0x58, 0x26, 0xFF, 0x71, 0xE8, 0xF2, 0x00, 0x03, 0x2C, 0x60, 0x63, 0x93,
    0xBF, 0xEA, 0xEF, 0x6F, 0x84, 0xC8, 0xF2, 0xA9, 0x9F, 0x1A, 0x12, 0x55, 0xF2, 0xE3, 0x6A, 0xC0,
    0x74, 0x81, 0x92, 0xFD, 0x5E, 0xCF, 0x64, 0xF3, 0xB4, 0xBA, 0xB1, 0xD4, 0x80, 0x87, 0xEF, 0x00,
    0x65, 0x40, 0x68, 0x81, 0x23, 0x00, 0x21, 0x34, 0x35, 0xF4, 0xB7, 0x61, 0x0B, 0x19, 0x01, 0x32,
    0x2F, 0x69, 0x10, 0x06, 0xE0, 0x81, 0x43, 0x00, 0x12, 0x67, 0x07, 0x6D, 0x20, 0x65, 0xD9, 0xA4,
    0x17, 0xE2, 0x6D, 0x3B, 0xA3, 0xFE, 0x87, 0x85, 0x00, 0x78, 0x8E, 0xF3, 0xC4, 0x65, 0x3C, 0xE8,
    0x13, 0x15, 0x13, 0x80, 0x87, 0xA5, 0x00, 0x6D, 0xEB, 0x63, 0xE3, 0x9C, 0x6B, 0xB1, 0x62, 0x38,
    0x87, 0x87, 0x00, 0x67, 0x0A, 0x2F, 0xC9, 0xD1, 0x4F, 0x43, 0xBA, 0x87, 0xA7, 0x00, 0x48, 0xEE,
    0x29, 0x51, 0xD9, 0xE0, 0x53, 0xA9, 0x6F, 0x80, 0x81, 0x27, 0x00, 0x13, 0x3B, 0xA1, 0x5A, 0x66,
    0x71, 0x6B, 0xF2, 0x72, 0xDD, 0xE0, 0x81, 0x47, 0x00, 0x12, 0x73, 0x6B, 0xE3, 0x76, 0x4C, 0xB5,
    0x74, 0x84, 0x1B, 0x8C, 0xC1, 0x8A, 0x00, 0x84, 0x50, 0xC7, 0xB2, 0xCF, 0x5F, 0x80, 0x1C, 0xB7,
    0xDB, 0xE5, 0x95, 0x25, 0xB9, 0xE2, 0xAA, 0x50, 0x84, 0xA9, 0x0B, 0x3D, 0x28, 0xD4, 0x54, 0xBA,
    0x3E, 0x8B, 0x36, 0xAA, 0xF4, 0x01, 0x80, 0x87, 0x5E, 0x01, 0x5D, 0x6F, 0x21, 0x59, 0x55, 0x82,
    0xE9, 0x02, 0x2E, 0x51, 0xCE, 0xA3, 0xCF, 0xFD, 0x7A, 0x86, 0x4C, 0x90, 0x96, 0x43, 0x7E, 0x04,
    0x81, 0x5E, 0x01, 0x51, 0x7D, 0x81, 0xF3, 0xB3, 0x2E, 0x4B, 0x5A, 0x54, 0xCD, 0x2C, 0x87, 0xD2,
    0x02, 0xBD, 0xBB, 0x4A, 0x41, 0x4B, 0x9A, 0x04, 0xFD, 0x34, 0xF6, 0x4D, 0x16, 0xAF, 0x1F, 0x91,
    0x1B, 0x36, 0x81, 0x47, 0x02, 0x3C, 0xB3, 0x53, 0x27, 0xDF, 0x59, 0xAF, 0xBE, 0x60, 0xA3, 0x5E,
    0x94, 0x17, 0x02, 0x40, 0x82, 0x28, 0x02, 0x70, 0xDE, 0x98, 0xDF, 0x16, 0x8E, 0x73, 0x99, 0x0D,
    0x7F, 0x45, 0xE7, 0xA1, 0xD0, 0x81, 0x48, 0x02, 0x50, 0xB0, 0xDB, 0x89, 0xA9, 0xB9, 0x50, 0xD2,
    0x12, 0x45, 0x65, 0x7F, 0x30, 0x8E, 0x6F, 0x01, 0x5C, 0xB5, 0x3F, 0x81, 0xD8, 0x06, 0x5A, 0x8E,
    0x70, 0x01, 0x62, 0x94, 0xF5, 0x2E, 0x23, 0x5B, 0xE0, 0x8A, 0x1E, 0x02, 0x1A, 0x5E, 0xC6, 0x68,
    0xC4, 0x59, 0x5C, 0x4E, 0x5F, 0xD8, 0x8A, 0x6E, 0x02, 0x0E, 0xFA, 0x2A, 0xEC, 0xCF, 0x4C, 0xE7,
    0x9C, 0x81, 0x29, 0x02, 0x2E, 0x4D, 0x4C, 0xA7, 0xEB, 0x38, 0x4D, 0x7A, 0x87, 0x4F, 0x1D, 0x4C,
    0x18, 0x88, 0x6E, 0x02, 0xAF, 0xAC, 0x1E, 0x62, 0x8E, 0x77, 0x48, 0xA9, 0xBD, 0x4F, 0x5D, 0xF0,
    0x87, 0x97, 0x00, 0x7F, 0x32, 0x9B, 0x6E, 0x42, 0xF0, 0x53, 0x9C, 0xDE, 0xC4, 0x87, 0xB7, 0x00,
    0x8B, 0xB2, 0x4B, 0x05, 0x63, 0x58, 0xB9, 0x80, 0x87, 0x83, 0x02, 0x8D, 0xAA, 0x05, 0x11, 0x91,
    0x2D, 0x01, 0x8C, 0x68, 0x87, 0x84, 0x02, 0x46, 0x28, 0x65, 0x52, 0x3B, 0x77, 0xE0, 0x82, 0x83,
    0x02, 0x38, 0xC9, 0xC3, 0xFE, 0xB3, 0xAD, 0xB6, 0xCF, 0x7B, 0xA5, 0x39, 0x2F, 0x7C, 0x8B, 0x80,
    0x81, 0x84, 0x02, 0x5A, 0x37, 0xDC, 0xE8, 0xF4, 0x47, 0xA3, 0x53, 0x49, 0x4B, 0xD8, 0xDA, 0x82,
    0x3E, 0x02, 0x75, 0xD9, 0x25, 0x82, 0x19, 0x13, 0x1A, 0xFF, 0x63, 0x74, 0x30, 0x56, 0x10, 0x81,
    0x5E, 0x02, 0x0E, 0x91, 0x35, 0x1E, 0x02, 0xA5, 0xA2, 0xED, 0xE1, 0xBF, 0x21, 0xB0, 0x83, 0x34,
    0x02, 0x19, 0x2E, 0x1C, 0xAF, 0x53, 0xEA, 0xCC, 0x2F, 0x46, 0xAF, 0x3C, 0x40, 0x83, 0x5B, 0x00,
    0x0F, 0x43, 0x3B, 0x5C, 0x62, 0xD6, 0x29, 0x35, 0xAF, 0xFD, 0x4B, 0xD1, 0xB7, 0x4C, 0xA5, 0x3D,
    0x89, 0xCC, 0x87, 0x1F, 0x02, 0xB2, 0x1C, 0x8B, 0x3C, 0x9D, 0x02, 0xBA, 0x2E, 0x81, 0x73, 0xFE,
    0xE4, 0xB1, 0x66, 0x81, 0x5B, 0x00, 0x1E, 0xD9, 0xB4, 0xC1, 0x08, 0x14, 0x1E, 0xC7, 0x09, 0x4E,
    0x33, 0x49, 0x75, 0x20, 0xF5, 0xFE, 0xC9, 0x5A, 0x22, 0x60, 0x80, 0x34, 0x02, 0x4A, 0x38, 0x41,
    0xAA, 0x4C, 0x67, 0x68, 0x8D, 0x7D, 0xEA, 0x30, 0x9B, 0xAA, 0x70, 0x6E, 0xA7, 0x80, 0x80, 0x5B,
    0x00, 0x30, 0x9D, 0x5F, 0xC7, 0xFD, 0x79, 0xCE, 0x54, 0x4E, 0x24, 0xA0, 0x3C, 0x3C, 0x5F, 0xA8,
    0x81, 0x38, 0x02, 0x73, 0xAC, 0x2F, 0xD4, 0xA5, 0x53, 0xFE, 0x6F, 0x8E, 0xB5, 0x81, 0x58, 0x02,
    0x1E, 0xD4, 0x6D, 0x33, 0x37, 0xCF, 0x46, 0xAB, 0x16, 0x11, 0x8E, 0x14, 0x02, 0x25, 0x92, 0x5C,
    0xD1, 0x47, 0xEF, 0x22, 0x5B, 0x6B, 0x69, 0x56, 0x00, 0x00, 0x02, 0xB0, 0xD5, 0x35, 0xD2, 0xF9,
    0x5A, 0x00, 0xD8, 0x1E, 0x3C, 0x81, 0x3C, 0x02, 0x38, 0xC9, 0xC3, 0xFF, 0x8D, 0xA4, 0x39, 0xC8,
    0x74, 0xAC, 0x66, 0x80, 0x81, 0x5C, 0x02, 0x2E, 0x4D, 0x4C, 0xA7, 0xB4, 0xE4, 0x72, 0x8A, 0x93,
    0xAD, 0x40, 0x87, 0xA3, 0x02, 0x56, 0x50, 0x1F, 0xE2, 0x07, 0xFD, 0x31, 0x9E, 0x45, 0x90, 0xE9,
    0xBF, 0x40, 0x87, 0xA4, 0x02, 0x6D, 0xBF, 0xF0, 0xD3, 0x1F, 0x72, 0x38, 0x4F, 0x00, 0x7C, 0xA8,
    0x87, 0xC3, 0x02, 0x70, 0x13, 0xC3, 0x00, 0x71, 0xA0, 0x7F, 0x1F, 0x2B, 0x7C, 0x75, 0xD3, 0x15,
    0x4A, 0x32, 0x87, 0xC4, 0x02, 0x6B, 0x1D, 0xB3, 0x7F, 0xC9, 0x72, 0x24, 0x6B, 0x69, 0x8C, 0x20,
    0x40, 0x91, 0x62, 0x87, 0x3A, 0x00, 0x69, 0x6F, 0xF7, 0x4F, 0x04, 0x4E, 0xC0, 0xC0, 0x2B, 0x37,
    0x36, 0x2E, 0x17, 0x55, 0x5B, 0x80, 0x87, 0x5A, 0x00, 0x6B, 0x1B, 0x44, 0xC3, 0xEA, 0xD5, 0xB0,
    0x61, 0xFE, 0x11, 0x10, 0x87, 0x23, 0x00, 0x83, 0xA7, 0x06, 0xA6, 0xBE, 0xC9, 0x99, 0xA0, 0x7B,
    0x7F, 0x96, 0x1D, 0x80, 0x87, 0x43, 0x00, 0x41, 0xEB, 0x03, 0xE7, 0x47, 0x31, 0xA3, 0xE9, 0x56,
    0xAB, 0x30, 0x86, 0x82, 0x00, 0x33, 0xFE, 0x2B, 0x33, 0xDD, 0x96, 0x32, 0x6C, 0x76, 0x24, 0x76,
    0x2C, 0x1C, 0xD7, 0xA0, 0x86, 0xA2, 0x00, 0x24, 0xDC, 0xE7, 0x11, 0xD5, 0x99, 0x6D, 0x30, 0x9E,
    0xA9, 0x99, 0x56, 0xC8, 0x86, 0x83, 0x00, 0x6C, 0x75, 0x9C, 0x63, 0x65, 0x90, 0x42, 0xE7, 0x67,
    0xAC, 0x01, 0x8F, 0x80, 0x49, 0x2D, 0x5A, 0x3F, 0x48, 0x88, 0x00, 0x63, 0xA6, 0xEB, 0x2A, 0xB7,
    0x81, 0x6B, 0xE8, 0x25, 0xC8, 0xD1, 0x13, 0xEF, 0x28, 0x57, 0x9A, 0xD1, 0xDE, 0x9E, 0x54, 0x84,
    0xF7, 0x9A, 0xED, 0x0E, 0x40, 0xAE, 0xA8, 0x0E, 0x5A, 0x23, 0x57, 0x8A, 0x01, 0x7B, 0xBA, 0x4A,
    0x6D, 0x54, 0xC0, 0x86, 0x83, 0x00, 0x0E, 0x5C, 0x0D, 0xDD, 0x31, 0x5C, 0x1C, 0xE2, 0x6B, 0x67,
    0x77, 0x21, 0x31, 0xBB, 0x90, 0x93, 0x0D, 0xE2, 0x00, 0x04, 0x39, 0xE7, 0x83, 0x77, 0xB2, 0x61,
    0xF9, 0x65, 0x17, 0x68, 0xC1, 0x4E, 0xFF, 0xB2, 0x85, 0xE5, 0xEB, 0xA8, 0x51, 0x68, 0x87, 0xFA,
    0xF6, 0x61, 0xF6, 0x71, 0xE3, 0x74, 0x71, 0x87, 0x5C, 0xD0, 0x01, 0x05, 0x15, 0x6B, 0xE8, 0x40,
    0x83, 0xC3, 0x00, 0xAE, 0x74, 0x8B, 0xB3, 0x0E, 0x49, 0x21, 0x59, 0xB3, 0xC0, 0xDF, 0x83, 0xD5,
    0x65, 0x46, 0x2C, 0xFC, 0x3A, 0xF7, 0x5F, 0xCA, 0x85, 0x16, 0x03, 0x56, 0x7D, 0x74, 0xFA, 0xD9,
    0x6D, 0x9B, 0x75, 0xD8, 0x55, 0x7A, 0xD4, 0x0B, 0x3B, 0xF9, 0x6F, 0xA0, 0x84, 0x83, 0x00, 0x2A,
    0x0E, 0x3A, 0xF1, 0xCA, 0x63, 0x38, 0xA4, 0x18, 0xEC, 0x42, 0xDC, 0x73, 0xF0, 0xE0, 0xA4, 0x45,
    0x8E, 0x66, 0x72, 0xC9, 0x92, 0x6C, 0x21, 0xBA, 0xD6, 0x84, 0xA3, 0x00, 0x1A, 0x43, 0x55, 0x45,
    0x30, 0x01, 0x7D, 0x88, 0xC8, 0xBF, 0x51, 0x39, 0xDE, 0xFC, 0xC2, 0x23, 0xEF, 0x61, 0x0A, 0x6C,
    0x3E, 0x04, 0x7F, 0x87, 0x83, 0x00, 0x7C, 0x46, 0x82, 0xD2, 0x78, 0x8E, 0x75, 0x2E, 0x1F, 0xDF,
    0x5B, 0x74, 0x6C, 0x53, 0x85, 0x87, 0xA3, 0x00, 0x6B, 0xD4, 0x50, 0xE2, 0x07, 0x8C, 0x13, 0x15,
    0xD3, 0xA4, 0x6F, 0xD5, 0x75, 0x80, 0x84, 0xE1, 0x02, 0x52, 0x94, 0xA9, 0x0D, 0x72, 0x48, 0x80,
    0x04, 0xDF, 0x8B, 0xEB, 0x14, 0x52, 0x4E, 0xEA, 0x77, 0x20, 0x84, 0xE2, 0x02, 0x43, 0xD5, 0xFD,
    0x78, 0x88, 0xB4, 0x34, 0x6A, 0x1A, 0xF9, 0xBF, 0x58, 0xBC, 0x57, 0xE2, 0xC0, 0x84, 0xE1, 0x02,
    0x2D, 0x90, 0x63, 0xEC, 0xDA, 0x0A, 0x91, 0xE1, 0xB2, 0x56, 0x76, 0x20, 0xCB, 0xA3, 0xE5, 0xF8,
    0x84, 0xE2, 0x02, 0x1D, 0xBF, 0xC7, 0xB9, 0xD3, 0xEB, 0xB0, 0xBF, 0xA5, 0x85, 0x77, 0xB9, 0xF4,
    0x53, 0x49, 0xC0, 0x83, 0xE1, 0x02, 0x41, 0x74, 0x3B, 0x27, 0x9E, 0x46, 0x25, 0xC1, 0x97, 0x0B,
    0x3D, 0x7E, 0x04, 0x72, 0x1C, 0x84, 0x5C, 0x16, 0xDD, 0x98, 0x83, 0xE2, 0x02, 0x27, 0x16, 0x93,
    0xC7, 0x2A, 0xD7, 0xA6, 0xB5, 0x27, 0xAE, 0xD9, 0xAE, 0x1A, 0x98, 0x03, 0x4D, 0xC0, 0x83, 0xE1,
    0x02, 0x2A, 0x29, 0xCE, 0xDD, 0x88, 0xE7, 0x08, 0xEA, 0x61, 0xBA, 0x0E, 0x88, 0x7A, 0xFF, 0x7D,
    0xC0, 0x10, 0x68, 0xB3, 0x15, 0xE5, 0xC0, 0x60, 0x83, 0xE2, 0x02, 0x1A, 0x43, 0x55, 0x43, 0xDC,
    0xC1, 0x05, 0x37, 0x64, 0x57, 0xED, 0x38, 0x92, 0x21, 0x22, 0xFA, 0x13, 0xF3, 0x2A, 0x06, 0x79,
    0x5A, 0xB8, 0x81, 0x11, 0x03, 0x21, 0x32, 0xDC, 0xF8, 0xC6, 0xDC, 0x48, 0x47, 0xDE, 0xB1, 0xCF,
    0xB7, 0xD5, 0xCE, 0x54, 0x6F, 0x80, 0x87, 0xE2, 0x02, 0xA2, 0xFA, 0x7F, 0xE5, 0x5D, 0xAA, 0xDA,
    0x5B, 0x4F, 0xBA, 0x90, 0x4A, 0x2A, 0x99, 0xBE, 0x87, 0x27, 0x00, 0x55, 0x74, 0x1F, 0x83, 0xEF,
    0x0B, 0x29, 0xA9, 0x08, 0x87, 0x47, 0x00, 0x4D, 0x0B, 0x43, 0xB9, 0x8F, 0x38, 0xAD, 0x2E, 0x9D,
    0xCE, 0x40, 0x85, 0xD7, 0x00, 0x17, 0xF3, 0xE3, 0x04, 0x10, 0xBA, 0x19, 0xF8, 0xBC, 0xE8, 0x5B,
    0x2D, 0x80, 0x85, 0xD8, 0x00, 0x23, 0xA7, 0x3D, 0x4E, 0xFB, 0x29, 0xE6, 0x0F, 0x09, 0xC0, 0x9D,
    0x09, 0x9B, 0x87, 0xE7, 0x02, 0xA6, 0x72, 0x8B, 0x1D, 0xD8, 0x17, 0x91, 0xC6, 0xD9, 0x42, 0xA1,
    0xC4, 0x81, 0x44, 0x88, 0xA9, 0x00, 0x74, 0x03, 0x5B, 0xA6, 0x53, 0xCB, 0x5D, 0xF9, 0x18, 0xD9,
    0xCB, 0x4E, 0x0F, 0x24, 0x80, 0x00, 0x64, 0x6C, 0xB6, 0xA6, 0xF6, 0xA7, 0xB1, 0x41, 0x60, 0xC4,
    0x4F, 0xE5, 0xBA, 0x31, 0xAB, 0x42, 0x7C, 0xB9, 0x2E, 0x51, 0x98, 0xA9, 0x36, 0x30, 0xEF, 0xAA,
    0x94, 0x64, 0x86, 0xB5, 0x00, 0x5E, 0x86, 0x71, 0x16, 0xCC, 0xA2, 0x3C, 0x26, 0xD4, 0xD4, 0xCB,
    0x9A, 0xAB, 0xB5, 0x4C, 0x8A, 0x42, 0x45, 0x23, 0x64, 0x56, 0xE4, 0x20, 0xB2, 0x62, 0xA0, 0xD9,
    0x50, 0xAD, 0x81, 0xF6, 0xCC, 0x80, 0x00, 0x04, 0x1D, 0xC5, 0x29, 0x85, 0xC2, 0x5C, 0x07, 0x18,
    0x97, 0x47, 0xB0, 0xBF, 0xBC, 0x22, 0x41, 0x6E, 0xB2, 0x2C, 0xA9, 0x99, 0x0F, 0x17, 0x29, 0x24,
    0x9E, 0x51, 0x9C, 0x20, 0x00, 0x09, 0x0D, 0xB8, 0x08, 0x41, 0x6A, 0x53, 0xCA, 0x9B, 0xC0, 0x29,
    0x5D, 0xCD, 0x31, 0x5A, 0x86, 0x93, 0xF9, 0x0F, 0xCC, 0xC5, 0x34, 0xD0, 0x22, 0x01, 0x1A, 0xF0,
    0x40, 0x42, 0xD5, 0x7C, 0x28, 0x93, 0xFF, 0x28, 0xD0, 0x80, 0x00, 0x90, 0x6B, 0xEA, 0x4F, 0x10,
    0x4F, 0xD6, 0x65, 0x45, 0x92, 0xEB, 0xFD, 0x43, 0x3C, 0xA4, 0x70, 0x4E, 0x09, 0xBC, 0x4D, 0x97,
    0xD8, 0xB0, 0xBC, 0x62, 0x89, 0xED, 0x09, 0x21, 0x00, 0x56, 0x94, 0x42, 0x21, 0x8A, 0xAE, 0x0C,
    0xE7, 0xDB, 0x2A, 0x0E, 0x1A, 0x54, 0x3A, 0xA9, 0x73, 0xA6, 0x2D, 0x3E, 0xFB, 0x64, 0x02, 0xB0,
    0x12, 0xF3, 0x3E, 0xAC, 0x74, 0xF2, 0x60, 0xA4, 0x2D, 0x21, 0xF4, 0x67, 0x33, 0x59, 0xAE, 0xA8,
    0x80, 0x84, 0x8B, 0x00, 0x1C, 0x96, 0x67, 0xEF, 0x2E, 0x31, 0x98, 0x30, 0x71, 0x80, 0xF2, 0x34,
    0x65, 0x89, 0xF2, 0x51, 0x9C, 0xF3, 0x6F, 0x55, 0x15, 0x2B, 0x83, 0x88, 0x01, 0x1A, 0x4E, 0x64,
    0x92, 0x9F, 0x6C, 0x30, 0xBA, 0xAB, 0x3D, 0xEF, 0x0C, 0x0C, 0x88, 0xC0, 0xAA, 0x5E, 0x77, 0x53,
    0xCC, 0xC0, 0x87, 0x8B, 0x00, 0x6B, 0xBA, 0x44, 0xE4, 0x17, 0x03, 0xFC, 0x5A, 0x0B, 0xDB, 0xA5,
    0xD8, 0x80, 0x2A, 0x03, 0x31, 0x3D, 0x77, 0xBD, 0x49, 0xEB, 0xE1, 0xB1, 0x5E, 0xB9, 0xC8, 0x96,
    0xBC, 0x34, 0xA0, 0x86, 0x8D, 0x00, 0x0E, 0x79, 0x62, 0x1C, 0x12, 0x5D, 0x9E, 0x19, 0x25, 0xC4,
    0x47, 0xD3, 0x00, 0x07, 0x72, 0x2E, 0xE0, 0xAC, 0x6D, 0x11, 0xBF, 0x5C, 0x40, 0xBE, 0x6E, 0xD2,
    0x03, 0x6D, 0x87, 0x2B, 0x00, 0x65, 0x37, 0x2C, 0xF5, 0xD1, 0x11, 0x34, 0x87, 0x4B, 0x00, 0x67,
    0xE9, 0xCB, 0x97, 0xF5, 0xF8, 0x87, 0x31, 0x00, 0x8D, 0xA9, 0xDF, 0x44, 0x9B, 0x51, 0x7E, 0xBD,
    0x6E, 0x24, 0x53, 0x28, 0x87, 0x51, 0x00, 0x43, 0xEC, 0x89, 0x33, 0xFD, 0x20, 0x08, 0x61, 0x6C,
    0x80, 0x80, 0x31, 0x00, 0x3E, 0x39, 0xE2, 0x4C, 0x2D, 0x92, 0x95, 0xDA, 0x25, 0x5D, 0x2F, 0xF6,
    0xDD, 0x0B, 0x39, 0x60, 0x85, 0xB6, 0x00, 0x2F, 0xF5, 0xB6, 0xFF, 0xAC, 0xEB, 0x76, 0x84, 0xFB,
    0x90, 0x9C, 0x28, 0x80, 0x80, 0x31, 0x00, 0x75, 0xF1, 0xCC, 0x60, 0x14, 0xED, 0x69, 0xF0, 0xD1,
    0xDE, 0x5F, 0x24, 0x15, 0x45, 0x6A, 0x6C, 0xDF, 0xF0, 0x86, 0xB5, 0x00, 0x60, 0xA4, 0xCE, 0x1A,
    0x91, 0xFB, 0xF3, 0xF3, 0xBC, 0x81, 0xD0, 0x56, 0x5C, 0xA2, 0xA0, 0x87, 0x41, 0x03, 0x13, 0x1D,
    0x16, 0x11, 0x31, 0xDB, 0x82, 0x24, 0x7E, 0xB3, 0x04, 0x40, 0xB6, 0x66, 0x80, 0x85, 0x90, 0x01,
    0x04, 0x3C, 0x80, 0x77, 0x87, 0x58, 0xA6, 0xF8, 0xE1, 0xB0, 0x81, 0x11, 0x2C, 0xA0, 0x85, 0x41,
    0x03, 0xB2, 0x46, 0xDD, 0x73, 0xA4, 0x3A, 0x5F, 0x86, 0xFB, 0x5A, 0xAA, 0xA3, 0x8E, 0xFD, 0x86,
    0xC0, 0xAF, 0xE0, 0x84, 0xB5, 0x00, 0x60, 0xD2, 0x90, 0xCD, 0x81, 0xFA, 0x67, 0x75, 0xAC, 0x9D,
    0x5D, 0x84, 0xBB, 0x0A, 0x25, 0xC4, 0xC2, 0x85, 0x41, 0x03, 0x34, 0xD2, 0xFE, 0x53, 0xF7, 0x00,
    0x53, 0x1F, 0xBF, 0x16, 0xE6, 0x7C, 0x10, 0xC9, 0x49, 0x68, 0x2B, 0x1E, 0xDA, 0xBB, 0xCB, 0xA4,
    0x83, 0x90, 0x01, 0x25, 0xC3, 0x36, 0x6D, 0xAF, 0x17, 0x03, 0x14, 0x99, 0x67, 0xA4, 0x78, 0x37,
    0xEE, 0x53, 0x4E, 0x96, 0xCE, 0x96, 0xB1, 0x08, 0x87, 0x95, 0x00, 0x7C, 0xC4, 0x02, 0x1F, 0xB1,
    0x11, 0xC0, 0x28, 0x85, 0x93, 0xC7, 0x56, 0x5A, 0xBB, 0x03, 0x87, 0xB5, 0x00, 0x75, 0x8C, 0xFC,
    0x5E, 0xA9, 0x21, 0x45, 0x3D, 0x4C, 0x84, 0x49, 0xC5, 0x80, 0x82, 0x41, 0x01, 0x5F, 0xFE, 0x0B,
    0x13, 0x06, 0x0A, 0x5B, 0xA8, 0x99, 0x40, 0x36, 0x0E, 0x28, 0x83, 0x42, 0x01, 0x49, 0x5C, 0xB6,
    0x93, 0x0C, 0x9F, 0x41, 0xA5, 0x9E, 0xA8, 0x82, 0x41, 0x01, 0x2F, 0xE8, 0x1A, 0xD5, 0x78, 0x89,
    0xA7, 0xA4, 0xC9, 0xFA, 0x9E, 0x08, 0x48, 0xE0, 0x83, 0x42, 0x01, 0x16, 0xA9, 0x91, 0x14, 0xD9,
    0x2E, 0xD7, 0x5F, 0xB7, 0x2A, 0x81, 0x41, 0x01, 0x38, 0x37, 0x2B, 0x35, 0x5C, 0x5A, 0x62, 0x94,
    0xB3, 0x8F, 0x2C, 0x43, 0x74, 0x1A, 0xF0, 0xE8, 0x82, 0x42, 0x01, 0x1C, 0x8E, 0x86, 0xEA, 0x09,
    0xA7, 0xC3, 0xB3, 0x0F, 0x03, 0xDD, 0x1A, 0x96, 0xB0, 0x88, 0x4D, 0x03, 0x3C, 0x98, 0x0A, 0xA5,
    0xAC, 0x2C, 0xF1, 0xB1, 0x84, 0xFB, 0x3C, 0x6C, 0x36, 0x20, 0xE2, 0x25, 0xEC, 0x84, 0x42, 0x01,
    0x21, 0x33, 0x87, 0x04, 0xE3, 0x8F, 0xB7, 0x17, 0xA6, 0xC7, 0x9A, 0x6A, 0xE5, 0x1D, 0xB8, 0x87,
    0x41, 0x01, 0xC6, 0xF7, 0x38, 0x5D, 0xE3, 0x54, 0xF4, 0x32, 0x6D, 0xB8, 0xBE, 0xD9, 0x9B, 0xC0,
    0x87, 0x42, 0x01, 0xC2, 0xCF, 0x08, 0xFE, 0xE8, 0x76, 0xEE, 0xBB, 0x67, 0x98, 0x35, 0x87, 0x37,
    0x00, 0x65, 0x5B, 0x78, 0xAC, 0xC4, 0xE6, 0xDF, 0xA2, 0x36, 0x30, 0x8E, 0xBA, 0x00, 0x8E, 0x1D,
    0x96, 0xFE, 0x47, 0x90, 0x37, 0x5D, 0x20, 0x86, 0x9B, 0x00, 0x25, 0x6E, 0x9F, 0x9B, 0x10, 0x6B,
    0x09, 0x1B, 0xCD, 0x28, 0x24, 0xD0, 0xE9, 0x80, 0x85, 0x2A, 0x01, 0x25, 0x01, 0x40, 0x2F, 0xB0,
    0xCF, 0x78, 0xC9, 0x6C, 0xF2, 0xCC, 0xCC, 0xC6, 0x80, 0x82, 0x43, 0x01, 0x4C, 0xF0, 0xAE, 0x12,
    0xDD, 0xF7, 0xE5, 0x1A, 0xE6, 0xBA, 0x40, 0x83, 0x44, 0x01, 0x3F, 0xCD, 0x90, 0xFA, 0x60, 0x2B,
    0x12, 0x89, 0x8A, 0xC0, 0x82, 0x43, 0x01, 0x1B, 0x44, 0x33, 0xC6, 0xF8, 0xFB, 0x5E, 0xBA, 0x02,
    0xF6, 0x20, 0x83, 0x44, 0x01, 0x12, 0x05, 0x7C, 0x3F, 0xCE, 0xCB, 0xB8, 0x15, 0xEA, 0x07, 0xE0,
    0x81, 0x43, 0x01, 0x2D, 0x40, 0xF1, 0x47, 0x0F, 0xEB, 0xB0, 0x38, 0x96, 0x0A, 0x26, 0xAB, 0xDE,
    0xD0, 0x82, 0x44, 0x01, 0x1E, 0x1C, 0x6D, 0x1A, 0xC8, 0x98, 0xCB, 0x08, 0xF3, 0xB4, 0x0B, 0x45,
    0xDC, 0x83, 0x43, 0x01, 0x27, 0x74, 0x44, 0xA1, 0x5D, 0xF9, 0x81, 0xAB, 0x01, 0x0D, 0x95, 0xC2,
    0x8C, 0xC1, 0xCC, 0x75, 0x84, 0x44, 0x01, 0x17, 0x1B, 0xBA, 0xA6, 0x10, 0x71, 0x73, 0xF6, 0xA7,
    0x0C, 0x59, 0xB3, 0x65, 0x07, 0xEA, 0xC0, 0x87, 0x43, 0x01, 0xC9, 0xC2, 0x06, 0xA0, 0x47, 0xEE,
    0x6B, 0xD8, 0x26, 0x5F, 0x4E, 0x90, 0x87, 0x44, 0x01, 0xCA, 0x79, 0x5B, 0xFA, 0xC2, 0x2A, 0x7F,
    0x94, 0x38, 0x86, 0x01, 0x80, 0x80, 0x3B, 0x00, 0x22, 0x3B, 0xE0, 0x41, 0xBE, 0xAC, 0x3B, 0x08,
    0xDB, 0xB1, 0xA8, 0x80, 0x5B, 0x00, 0x1B, 0xF9, 0x24, 0x71, 0x77, 0x18, 0x15, 0x16, 0xAC, 0x3F,
    0xDC, 0x87, 0x3B, 0x00, 0x67, 0xBF, 0x03, 0xC4, 0x03, 0x48, 0x81, 0xF9, 0x66, 0x91, 0xA4, 0x87,
    0x5B, 0x00, 0x8D, 0xF1, 0x1A, 0x6F, 0x75, 0xF7, 0x46, 0x33, 0x11, 0x16, 0x74, 0x86, 0x9E, 0x00,
    0x29, 0x38, 0xB3, 0x6A, 0x1F, 0xF7, 0xC4, 0x52, 0xC1, 0xEC, 0xDD, 0xA3, 0x6E, 0x7F, 0xB0, 0x80,
    0x58, 0x00, 0x23, 0xA8, 0x57, 0x18, 0x76, 0xDE, 0x4D, 0x16, 0xCE, 0x66, 0x91, 0x10, 0x1F, 0x18,
    0x30, 0x29, 0x0C, 0xEC, 0x37, 0x07, 0x9A, 0x7E, 0xBD, 0x3C, 0x26, 0xF1, 0xA4, 0x6A, 0xD5, 0x90,
    0xEE, 0x88, 0x63, 0x03, 0x76, 0xE0, 0x37, 0x70, 0xCC, 0xF4, 0x66, 0xE5, 0xD4, 0xEC, 0xBD, 0x57,
    0x31, 0x2A, 0x3C, 0x81, 0x5B, 0x00, 0x1C, 0xB7, 0x55, 0x04, 0x60, 0xB2, 0xB1, 0x5D, 0x6F, 0xA2,
    0xE5, 0xC1, 0x4A, 0x2A, 0x37, 0xD0, 0x00, 0x56, 0x2E, 0x34, 0xBA, 0x7F, 0x70, 0x06, 0x5A, 0x5E,
    0xA9, 0xC7, 0x41, 0xE8, 0xBD, 0x4A, 0x8E, 0x00, 0x55, 0x76, 0x00, 0x1C, 0x2F, 0x67, 0x44, 0x07,
    0x1E, 0x39, 0xA3, 0xE7, 0x13, 0x13, 0x66, 0x87, 0x0F, 0x00, 0x60, 0x87, 0x0F, 0x00, 0x60, 0x00,
    0x00, 0x00, 0x75, 0xC2, 0x73, 0xF0, 0x00, 0x00, 0x01, 0xF2, 0xA0, 0x00, 0x00, 0x00, 0x00, 0x00,
    0x5F, 0x60, 0x87, 0x7F, 0x03, 0x10, 0x00, 0x50, 0x9E, 0xA3, 0x03, 0x45, 0x63, 0x4E, 0x7D, 0xBE,
    0xD5, 0x4E, 0x8A, 0xFE, 0x69, 0x3F, 0x20, 0x87, 0xD4, 0x01, 0x96, 0xEC, 0x00, 0x0F, 0x00, 0x71,
    0xB5, 0xDD, 0x00, 0x0B, 0x6A, 0xB1, 0xA2, 0xBC, 0x87, 0xB6, 0x01, 0x6C, 0x0C, 0x00, 0x02, 0x50,
    0x54, 0xE6, 0xA4, 0x66, 0xC0, 0x00, 0x0C, 0xB9, 0x08, 0xFE, 0xF8, 0x6B, 0xE1, 0xFA, 0x83, 0x2B,
    0xAB, 0xC0, 0x00, 0x0C, 0xAD, 0x10, 0x34, 0x15, 0xD0, 0xCF, 0xB5, 0x4C, 0x91, 0x00, 0x0C, 0xAB,
    0xE4, 0x6F, 0x9B, 0xDF, 0xF2, 0x91, 0xF4, 0xD7, 0x00, 0x02, 0x73, 0x2D, 0x61, 0x7B, 0xA3, 0xAD,
    0x71, 0xFE, 0xAA, 0x6D, 0xD9, 0x00, 0x72, 0xC3, 0x26, 0xA7, 0xDC, 0x96, 0x4E, 0xDF, 0x76, 0xED,
    0x0D, 0x90, 0x0D, 0x9D, 0x89, 0x67, 0x33, 0x96, 0xB0, 0x80, 0x00, 0x72, 0xC1, 0x72, 0xB6, 0x5C,
    0x67, 0x3C, 0x42, 0x95, 0x45, 0x46, 0x94, 0xCE, 0x01, 0xEF, 0x61, 0x10, 0xC9, 0xE1, 0x8C, 0x34,
    0xB1, 0x0A, 0x77, 0x52, 0x1F, 0x88, 0x00, 0x21, 0x33, 0xE2, 0xA9, 0x90, 0x6C, 0x65, 0x00, 0x47,
    0xAD, 0x1B, 0xC2, 0x17, 0xD7, 0xEF, 0x75, 0xB6, 0x00, 0x08, 0xC3, 0x57, 0x7A, 0x28, 0x00, 0x08,
    0xE2, 0x68, 0xD4, 0x03, 0x4A, 0xB6, 0x3D, 0x80, 0x00, 0x09, 0x4D, 0xD3, 0x1D, 0xE1, 0xCA, 0x2B,
    0xD9, 0xE4, 0xC0, 0x2F, 0xF4, 0x87, 0x10, 0x00, 0x5C, 0x8A, 0x79, 0x03, 0x79, 0x16, 0x5D, 0x28,
    0x8A, 0x7A, 0x03, 0x7C, 0x81, 0x9E, 0x00, 0x3D, 0x03, 0x18, 0xEF, 0x3B, 0x1F, 0x54, 0x50, 0xAE,
    0x3F, 0xCA, 0x1B, 0x87, 0x97, 0x03, 0x8F, 0xF5, 0xC9, 0x53, 0xB7, 0xCD, 0xC9, 0xD9, 0x87, 0x98,
    0x03, 0x72, 0xE9, 0xE5, 0x41, 0x9E, 0xF3, 0x26, 0x80, 0x00, 0xAE, 0x05, 0x1B, 0xE1, 0xB0, 0xC2,
    0xDA, 0x19, 0xCB, 0xC4, 0xA7, 0x2B, 0x34, 0x99, 0x26, 0xB7, 0x2E, 0x87, 0x19, 0xAA, 0x9B, 0xF9,
    0x5F, 0x80, 0xF4, 0x41, 0x65, 0x81, 0xF3, 0xD0, 0x7A, 0x5F, 0xF2, 0x6A, 0xF9, 0x01, 0x9D, 0x2F,
    0xD5, 0xA5, 0xF8, 0x48, 0xD2, 0xF2, 0x56, 0x17, 0xA2, 0x9B, 0x4D, 0xBB, 0xC2, 0x10, 0x34, 0x12,
    0x3A, 0x6E, 0x28, 0xA2, 0x50, 0x37, 0x96, 0xE5, 0x78, 0xE6, 0x20, 0x00, 0xC8, 0xBC, 0x56, 0x90,
    0x50, 0xF9, 0x88, 0x2B, 0xB8, 0x28, 0xCC, 0xB4, 0x5F, 0x8C, 0xD5, 0xF6, 0x28, 0xC2, 0xBF, 0x11,
    0x0B, 0xB9, 0x77, 0x7A, 0x48, 0xBD, 0x6B, 0x97, 0x72, 0xA7, 0x31, 0x5F, 0x04, 0x1A, 0xCD, 0xE2,
    0x30, 0xAB, 0xAC, 0x93, 0x53, 0x45, 0x5A, 0x37, 0x88, 0xDE, 0x96, 0x53, 0xD6, 0x0D, 0x8D, 0x81,
    0xAD, 0xFD, 0xD5, 0x63, 0x1E, 0xF6, 0x90, 0x27, 0x07, 0x1E, 0xAE, 0xCB, 0x84, 0xE0, 0xBE, 0x8E,
    0x32, 0x18, 0x95, 0x78, 0x83, 0x64, 0x8F, 0x3E, 0x7B, 0xB5, 0xBD, 0x4F, 0xE0, 0x00, 0x29, 0xAF,
    0xE3, 0x80, 0x50, 0x80, 0x00, 0x23, 0x80, 0x2A, 0x47, 0xF7, 0x12, 0x28, 0x66, 0xAB, 0x2C, 0x5F,
    0x81, 0x00, 0x17, 0x04, 0x51, 0x4E, 0x3F, 0x41, 0x8F, 0x80, 0xF4, 0xA4, 0xA5, 0x37, 0xD8, 0x0A,
    0xC9, 0xBD, 0xAE, 0x82, 0xD3, 0x00, 0x03, 0xA2, 0x3E, 0x8C, 0x03, 0xCF, 0xF8, 0x00, 0x03, 0x44,
    0xD3, 0x7F, 0xE5, 0xBD, 0x34, 0x60, 0xDA, 0xFC, 0x8F, 0x6F, 0x3E, 0xC0, 0x00, 0x03, 0x96, 0xAD,
    0xC3, 0x33, 0x96, 0x44, 0x8B, 0x5F, 0x6B, 0xD8, 0x42, 0x15, 0x8A, 0x60, 0x2F, 0xC1, 0x10, 0xF4,
    0xD3, 0x20, 0x00, 0x31, 0x01, 0xEB, 0xD5, 0xD4, 0x53, 0x57, 0xF3, 0xCD, 0x1D, 0xB3, 0x00, 0x36,
    0x60, 0x3D, 0x6A, 0xF5, 0x62, 0x8F, 0x67, 0x61, 0xA2, 0x00, 0x09, 0xC3, 0xD1, 0x6B, 0xA1, 0x3C,
    0x4B, 0xA4, 0xC7, 0x08, 0x00, 0x8E, 0x1B, 0x0D, 0xC2, 0x62, 0xB3, 0x01, 0xA4, 0x3A, 0x92, 0x30,
    0x78, 0xB9, 0xA6, 0x88, 0xC3, 0xFA, 0x11, 0x1C, 0xAA, 0xCA, 0x05, 0xEF, 0x0C, 0xDD, 0x67, 0xF4,
    0x07, 0x67, 0x4D, 0x4F, 0xC2, 0x99, 0x3B, 0xE0, 0x98, 0x5C, 0xEC, 0x0C, 0xF7, 0x94, 0xDA, 0x75,
    0x4E, 0x57, 0xD2, 0x19, 0x41, 0x03, 0xB0, 0xA4, 0x98, 0x00, 0x02, 0x7A, 0x12, 0x34, 0x22, 0x1E,
    0x11, 0xBA, 0x36, 0xD4, 0x19, 0xC2, 0x23, 0x22, 0xDF, 0x0C, 0xEA, 0x0B, 0xBE, 0x9C, 0x9C, 0xCB,
    0xC0, 0x00, 0x5F, 0xF5, 0x50, 0x7B, 0x9E, 0xE4, 0x2C, 0xEB, 0xF8, 0xEC, 0x23, 0x31, 0x40, 0x41,
    0x4B, 0x86, 0x47, 0x97, 0x37, 0x4F, 0x87, 0x70, 0x00, 0x80, 0x00, 0x7A, 0xEB, 0x7D, 0x15, 0x4F,
    0x97, 0x2F, 0xB5, 0x1A, 0x67, 0x5B, 0x35, 0x40, 0x00, 0x83, 0x87, 0x1A, 0x7C, 0x5F, 0x85, 0xFC,
    0x3C, 0x4E, 0x42, 0x38, 0x7F, 0x19, 0x00, 0x4C, 0x70, 0xBB, 0x7C, 0x12, 0xC7, 0xE6, 0x27, 0xBA,
    0xB3, 0x20, 0x9A, 0x68, 0xA1, 0x90, 0x7F, 0xD3, 0x20, 0x00, 0xCD, 0xE6, 0xAC, 0xF2, 0xBA, 0x2C,
    0xB6, 0x4E, 0x25, 0xFF, 0xEE, 0x7C, 0x1B, 0xDC, 0x81, 0x33, 0x70, 0x54, 0xB9, 0x21, 0x8B, 0xB9,
    0xB9, 0x3C, 0xDD, 0x44, 0xA4, 0xAA, 0x0C, 0xD2, 0x94, 0x73, 0x01, 0x1B, 0x8C, 0x5D, 0xBA, 0x23,
    0x27, 0x5A, 0xC2, 0x6F, 0xCE, 0xBE, 0xD7, 0xA6, 0x92, 0xC7, 0x12, 0x5B, 0x17, 0x7B, 0x4F, 0xE1,
    0xD4, 0xA8, 0x83, 0x83, 0x5B, 0x9A, 0x67, 0x3A, 0x19, 0xCD, 0xCC, 0x4C, 0x6E, 0x17, 0x6F, 0x6E,
    0xC0, 0x87, 0x0F, 0x00, 0x60, 0x00, 0x66, 0xA7, 0xBC, 0xC6, 0x19, 0x24, 0x04, 0xBD, 0x77, 0x4C,
    0x09, 0x59, 0xE4, 0xE4, 0x87, 0x3D, 0x00, 0x6F, 0x69, 0xAB, 0x02, 0x66, 0x0D, 0xEB, 0x25, 0x66,
    0x9E, 0x1B, 0xE1, 0x10, 0xB0, 0x94, 0x87, 0x3F, 0x00, 0x76, 0x79, 0xCF, 0x0A, 0x45, 0xA5, 0x30,
    0xB8, 0x97, 0xBA, 0x00, 0x95, 0xCC, 0x0D, 0x32, 0xB8, 0x18, 0x89, 0x72, 0xFB, 0x66, 0xC3, 0x96,
    0xF4, 0xD2, 0x68, 0x9B, 0x16, 0xDD, 0x0B, 0x11, 0x1E, 0xED, 0x45, 0x92, 0xCE, 0xC1, 0xBB, 0x29,
    0x29, 0x7D, 0x87, 0xD3, 0x80, 0xB8, 0xFD, 0x03, 0xC7, 0xC5, 0x00, 0x7B, 0x6D, 0x70, 0x24, 0xB2,
    0xE7, 0x91, 0x43, 0xD5, 0x57, 0x99, 0xAE, 0x6C, 0xE6, 0xB6, 0x45, 0x6B, 0x21, 0x93, 0x4A, 0x77,
    0x33, 0x00, 0x8C, 0xBE, 0x8C, 0xDC, 0xE2, 0x0A, 0xE3, 0xC0, 0x00, 0x77, 0x45, 0x98, 0x92, 0xF9,
    0xFC, 0x0F, 0xAD, 0x12, 0x23, 0x3C, 0x0E, 0xD6, 0xD6, 0x6E, 0x1C, 0x43, 0x06, 0xD9, 0x8B, 0xD9,
    0x09, 0x10, 0xF8, 0xE9, 0x09, 0x0E, 0xCF, 0x7F, 0xC3, 0x68, 0x00, 0x00, 0x11, 0x46, 0xCC, 0x8B,
    0x42, 0x19, 0x08, 0x29, 0x1E, 0x63, 0xC9, 0xE7, 0xC8, 0x00, 0x6B, 0x8C, 0xDE, 0xDB, 0x68, 0x68,
    0xF5, 0x87, 0xB9, 0x88, 0x5F, 0x72, 0xEB, 0xDE, 0x4C, 0xD1, 0x61, 0xC3, 0x1B, 0x51, 0x1B, 0x78,
    0x79, 0x93, 0x4C, 0x15, 0x14, 0x87, 0x77, 0x00, 0x13, 0x77, 0x38, 0x7C, 0x47, 0x3A, 0xAD, 0xEF,
    0x96, 0xCB, 0xD7, 0x50, 0xC5, 0x4E, 0x00, 0x00, 0x5D, 0x18, 0xEB, 0x61, 0x7A, 0x71, 0xA5, 0x8F,
    0x25, 0x8E, 0xB6, 0xB6, 0x55, 0x46, 0x87, 0x70, 0xA0, 0x80, 0x87, 0x0C, 0x00, 0xA0, 0xEB, 0x6C,
    0xD5, 0x58, 0xD4, 0x00, 0x31, 0xD8, 0x80, 0x8D, 0x8B, 0x6F, 0x34, 0x74, 0xDA, 0x80, 0x87, 0xAB,
    0x03, 0x8E, 0xC1, 0x4B, 0x9C, 0x8B, 0xAF, 0xDB, 0x67, 0x78, 0x0B, 0xEB, 0xF4, 0xB2, 0x38, 0x2F,
    0xE3, 0xCC, 0x94, 0x87, 0x0C, 0x00, 0xA0, 0xED, 0xE2, 0x20, 0xC7, 0xC1, 0x72, 0x77, 0x3D, 0x60,
    0x7F, 0x48, 0x14, 0x0B, 0x6F, 0x56, 0xAE, 0x39, 0x70, 0x7F, 0x9C, 0xD0, 0xAE, 0x55, 0x03, 0x6F,
    0x12, 0x3B, 0x5A, 0x02, 0xA0, 0x86, 0x11, 0x00, 0x52, 0x3A, 0x12, 0x74, 0xD1, 0x77, 0xC2, 0xBB,
    0x3E, 0xC5, 0xDA, 0x54, 0xFD, 0xC7, 0xCF, 0xBD, 0xCB, 0x40, 0x00, 0x0F, 0xED, 0x11, 0x9D, 0x56,
    0x3B, 0x07, 0xA8, 0x69, 0x06, 0x8A, 0x66, 0xF7, 0xA6, 0xAE, 0x0D, 0x7A, 0x80, 0x00, 0x33, 0x55,
    0x17, 0x99, 0xB3, 0x77, 0xD5, 0x98, 0x04, 0xE5, 0x4D, 0x41, 0xF7, 0x5E, 0x00, 0x3E, 0x52, 0x47,
    0xC3, 0x82, 0xEC, 0x0F, 0xC8, 0xEE, 0x51, 0xAD, 0xFE, 0x93, 0x50, 0x6D, 0xF5, 0x35, 0xCD, 0x12,
    0x5D, 0x64, 0x11, 0x43, 0x24, 0x93, 0xED, 0x6A, 0x56, 0x32, 0x04, 0xAD, 0x1A, 0xC0, 0xA0, 0x00,
    0x89, 0xF9, 0x14, 0x78, 0x27, 0xBA, 0xB9, 0x52, 0x41, 0x4E, 0xBE, 0x88, 0x00, 0x16, 0xFB, 0xB8,
    0x43, 0x81, 0x7E, 0xEB, 0xBC, 0x7E, 0x61, 0x11, 0xA7, 0x66, 0x3F, 0xFA, 0xD2, 0x5C, 0x8E, 0x15,
    0xA8, 0x19, 0xBA, 0x90, 0x00, 0xA6, 0x8A, 0x89, 0xEF, 0xA3, 0xD4, 0x05, 0x22, 0x8A, 0xF5, 0x22,
    0xDE, 0x0F, 0x3C, 0x65, 0xB9, 0xE0, 0x00, 0x8B, 0x6A, 0xB1, 0x38, 0xBB, 0xEC, 0x77, 0x91, 0x15,
    0x17, 0x30, 0xE7, 0x80, 0x3A, 0xF8, 0xA6, 0x48, 0x03, 0x33, 0x6E, 0x2D, 0x18, 0x00, 0x25, 0x75,
    0x81, 0xD0, 0x9F, 0xCD, 0x3F, 0x00, 0x36, 0x32, 0xCE, 0x66, 0x94, 0x78, 0x98, 0xE7, 0x42, 0xDA,
    0xE1, 0xE8, 0xC2, 0x63, 0x32, 0x22, 0xF2, 0x00, 0x4E, 0xC7, 0x48, 0x5F, 0xB4, 0x6B, 0x1A, 0x88,
    0x3F, 0xCE, 0xF2, 0x6C, 0x0C, 0xFA, 0x35, 0x25, 0x79, 0xF4, 0xE6, 0xD6, 0x87, 0x3E, 0x70, 0x91,
    0xB2, 0x11, 0xA0, 0xDF, 0xBC, 0xF8, 0x60, 0xA0, 0xA6, 0xEF, 0x5E, 0x98, 0xC0, 0x00, 0x10, 0xC8,
    0x76, 0x25, 0xD3, 0xCD, 0x2D, 0xCF, 0x4D, 0x7A, 0x58, 0xE1, 0x90, 0x82, 0x1C, 0x00, 0x20, 0xDA,
    0x49, 0x39, 0xE7, 0x34, 0x52, 0xD5, 0x2E, 0xBA, 0x4B, 0xFD, 0x22, 0xF7, 0x68, 0x87, 0x98, 0x03,
    0x72, 0xE6, 0x90, 0x52, 0x69, 0xA3, 0xD7, 0xDF, 0x35, 0x37, 0x5F, 0x80, 0x87, 0x98, 0x03, 0x70,
    0xC9, 0x64, 0x32, 0x85, 0xD5, 0xA8, 0x00, 0x41, 0x8C, 0xE7, 0x1F, 0x51, 0xC7, 0xCD, 0x95, 0x04,
    0x99, 0x86, 0xD6, 0x03, 0x4F, 0x6B, 0x38, 0xA3, 0x91, 0xE3, 0xBC, 0x80, 0x86, 0xD6, 0x03, 0x4F,
    0x09, 0xF1, 0x21, 0xCD, 0xCE, 0xBF, 0x60, 0x20, 0xEE, 0x99, 0xEC, 0xBC, 0x87, 0x98, 0x03, 0x8C,
    0x4F, 0x2C, 0x3E, 0x1C, 0xEF, 0x61, 0x8A, 0xBE, 0x4C, 0x20, 0x00, 0x14, 0x0B, 0x15, 0x69, 0x68,
    0x52, 0x2F, 0x36, 0x73, 0xBE, 0x38, 0x97, 0xB9, 0xF8, 0xA4, 0x00, 0x20, 0xA8, 0xBE, 0xF6, 0x81,
    0x69, 0xD4, 0x00, 0x38, 0x97, 0xD0, 0x40, 0xEF, 0x61, 0x7B, 0xAC, 0x40, 0x72, 0x45, 0xAC, 0x6C,
    0x00, 0x0A, 0x76, 0x5B, 0xF9, 0x2A, 0x28, 0xFB, 0x67, 0x1F, 0xF4, 0xF2, 0x05, 0xCE, 0x3D, 0x9C,
    0x00, 0x1C, 0xC5, 0x2E, 0x6A, 0x8A, 0xFE, 0x4A, 0x8C, 0x2E, 0x88, 0xAD, 0x54, 0x3C, 0x73, 0x15,
    0x6F, 0x64, 0x40, 0x00, 0x05, 0x40, 0x98, 0x02, 0x41, 0x72, 0x95, 0x3A, 0x33, 0x67, 0x87, 0x74,
    0x00, 0xC0, 0x0E, 0x0F, 0x4C, 0xAD, 0x4F, 0x8E, 0x28, 0xF7, 0xE6, 0x07, 0xD4, 0x22, 0x6E, 0x33,
    0x56, 0x50, 0x00, 0x0B, 0x7C, 0xC6, 0xD0, 0x17, 0xB3, 0x63, 0x2A, 0xF2, 0x7B, 0x49, 0x22, 0xB2,
    0xF2, 0x99, 0x5D, 0xE3, 0x5F, 0x70, 0xB8, 0x00, 0x21, 0xCE, 0x9B, 0x28, 0x2F, 0x9D, 0x55, 0x72,
    0x1A, 0x00, 0x3D, 0x03, 0x48, 0x00, 0x00, 0x43, 0xC9, 0x4A, 0xB0, 0x6A, 0x00, 0x20, 0x01, 0x79,
    0x24, 0xEA, 0x33, 0x13, 0x12, 0x00, 0x04, 0x90, 0xC2, 0x23, 0x9D, 0xF8, 0x5A, 0x18, 0xA4, 0x60,
    0x00, 0x04, 0x4A, 0x4A, 0x40, 0x13, 0xFB, 0xA3, 0xBB, 0xBD, 0x0D, 0xFB, 0x96, 0xA0, 0x87, 0xDA,
    0x03, 0x55, 0xB4, 0xC4, 0xD0, 0x87, 0x7A, 0x00, 0x3E, 0xB8, 0x87, 0x73, 0x00, 0x54, 0x4F, 0x8A,
    0x87, 0x74, 0x00, 0x70, 0x19, 0x59, 0x83, 0xA2, 0xC0, 0x87, 0xDC, 0x03, 0x7D, 0x21, 0xFD, 0xA1,
    0x87, 0xDD, 0x03, 0x7A, 0x05, 0x44, 0x3E, 0x87, 0xDE, 0x03, 0x5C, 0x93, 0x2E, 0x8A, 0x87, 0xDF,
    0x03, 0x6D, 0x92, 0xD8, 0x80, 0x87, 0xE0, 0x03, 0x53, 0xE2, 0x39, 0xEC, 0xDD, 0xA0, 0x87, 0xE1,
    0x03, 0x5C, 0xB6, 0x90, 0x65, 0x94, 0x87, 0xE2, 0x03, 0x79, 0xE0, 0xAC, 0x87, 0xE3, 0x03, 0x40,
    0x87, 0xE4, 0x03, 0x58, 0xEA, 0x87, 0xE5, 0x03, 0x72, 0x1E, 0x28, 0x87, 0xE6, 0x03, 0x65, 0x2F,
    0x82, 0x00, 0x11, 0xE0, 0xD8, 0xE2, 0xE6, 0x62, 0x25, 0x3B, 0xFF, 0xB7, 0x25, 0x12, 0xC6, 0x40,
    0x4E, 0x9A, 0x6A, 0x00, 0x0B, 0x1B, 0xEC, 0x4B, 0x36, 0x37, 0x55, 0x1C, 0x8D, 0xA2, 0xE2, 0xE2,
    0x16, 0xCC, 0xC7, 0x9A, 0x00, 0x0B, 0x80, 0xE9, 0xBD, 0x01, 0x8A, 0x23, 0x7D, 0x0D, 0x75, 0xC3,
    0x33, 0x43, 0xDF, 0x80, 0x00, 0x08, 0xD4, 0xBF, 0x22, 0xB3, 0x63, 0xB4, 0x00, 0x39, 0x88, 0x90,
    0x65, 0x4E, 0x72, 0x5D, 0x80, 0x00, 0x0B, 0x7C, 0xF2, 0x51, 0x23, 0xF2, 0x65, 0xDD, 0xC5, 0x59,
    0x82, 0xD0, 0x14, 0x6F, 0xAE, 0x2C, 0x83, 0xE7, 0x03, 0x09, 0xC4, 0x78, 0xB7, 0x88, 0xD4, 0x5D,
    0xD3, 0x12, 0x80, 0xD0, 0x88, 0xF0, 0x00, 0x09, 0xC1, 0x7F, 0x49, 0x3D, 0xB1, 0xBE, 0x31, 0x1F,
    0xFF, 0xC3, 0xCA, 0xBB, 0x75, 0x71, 0x99, 0x6C, 0x00, 0x10, 0xC4, 0x27, 0x9C, 0x92, 0x40, 0x00,
    0x09, 0x9F, 0xD1, 0xCE, 0xD9, 0x14, 0x18, 0x5A, 0xB4, 0xDE, 0x55, 0xCC, 0x24, 0x1E, 0x24, 0x4B,
    0x7D, 0x4D, 0x77, 0x40, 0x8B, 0xFC, 0x03, 0xDA, 0x4D, 0x7A, 0xC5, 0x8B, 0x04, 0x8B, 0xFC, 0x03,
    0xDA, 0x4D, 0x4C, 0x1C, 0xB5, 0x69, 0x5D, 0xC9, 0x2E, 0x14, 0x2E, 0x83, 0x93, 0xBE, 0xE4, 0x00,
    0x0A, 0xA5, 0x0E, 0xD9, 0xEA, 0x70, 0x40, 0xDE, 0xC2, 0xC4, 0x7A, 0xC7, 0xF0, 0x2B, 0x0D, 0x48,
    0x00, 0x14, 0xC0, 0x0F, 0x80, 0x8C, 0xCA, 0xAC, 0xFD, 0x63, 0x3A, 0x08, 0xE7, 0xE8, 0x00, 0x72,
    0x99, 0xB8, 0xCF, 0xA0, 0x47, 0xB1, 0x96, 0xC2, 0x48, 0x73, 0x45, 0x66, 0xE2, 0x00, 0x80, 0xC6,
    0x46, 0xEF, 0xB8, 0x95, 0x64, 0x72, 0xDD, 0x7A, 0xB1, 0x20, 0x00, 0x8D, 0xA6, 0x31, 0x2E, 0xE8,
    0xEC, 0x92, 0x0D, 0x27, 0x57, 0x9E, 0x4C, 0x16, 0xB2, 0xF4, 0xF7, 0x02, 0xFC, 0x58, 0x45, 0x2D,
    0x32, 0x9E, 0x09, 0x22, 0xBF, 0x73, 0x8F, 0x03, 0xC5, 0x3A, 0x6B, 0x04, 0x83, 0x6D, 0xF9, 0xA9,
    0x66, 0x5E, 0x84, 0x8E, 0x64, 0x59, 0xCC, 0x30, 0x00, 0x7C, 0x0E, 0x42, 0x7D, 0x65, 0x7C, 0x57,
    0x66, 0x28, 0x0E, 0x4F, 0x77, 0x94, 0xD3, 0x15, 0xB6, 0x52, 0x0B, 0xD7, 0x30, 0x19, 0x09, 0xFD,
    0x82, 0x37, 0x59, 0x3C, 0xF5, 0x53, 0x2B, 0x9E, 0xE8, 0x87, 0xA3, 0x02, 0x73, 0x8E, 0x43, 0x53,
    0x5D, 0xE2, 0xC3, 0xA4, 0x32, 0x47, 0x97, 0x74, 0xF4, 0x27, 0xC0, 0x97, 0xF4, 0x2C, 0x00, 0x84,
    0x7B, 0x9B, 0xFC, 0x81, 0xDD, 0x7F, 0xC7, 0x06, 0x90, 0xEE, 0x52, 0xAE, 0x20, 0xA0, 0xEF, 0xF2,
    0x0F, 0x9F, 0x21, 0x62, 0x09, 0x6E, 0x11, 0xC4, 0x46, 0x40, 0x57, 0x80, 0x9E, 0x83, 0x4F, 0x00,
    0x76, 0xDB, 0xBD, 0xF2, 0x12, 0x59, 0xA3, 0xAA, 0x39, 0x86, 0x63, 0x6E, 0xF6, 0x8F, 0x51, 0xDD,
    0xDB, 0xD9, 0xE8, 0x00, 0x0C, 0x6A, 0x79, 0x53, 0xB5, 0x08, 0xE5, 0xFB, 0x96, 0xBD, 0x70, 0xFE,
    0x8E, 0xC4, 0x4D, 0x02, 0x64, 0x8B, 0xA8, 0x3F, 0xAA, 0x60, 0xF1, 0x42, 0xF9, 0xB3, 0x17, 0x3D,
    0xB2, 0x30, 0xBD, 0x64, 0x88, 0xBD, 0xDF, 0x2A, 0x27, 0x71, 0xD2, 0x3C, 0xE2, 0x95, 0x07, 0xBD,
    0xE5, 0xE0, 0x90, 0x69, 0x00, 0x01, 0x09, 0x38, 0xF4, 0x6F, 0x74, 0xAC, 0x07, 0xF7, 0x00, 0x05,
    0x1C, 0x72, 0x84, 0x9D, 0x79, 0xAE, 0x84, 0x2C, 0xC8, 0xB7, 0x1C, 0xB0, 0xCD, 0x41, 0x08, 0xB8,
    0xAB, 0x02, 0x86, 0x60, 0xA5, 0x2B, 0x40, 0x00, 0x01, 0x2C, 0x2C, 0xE5, 0x2E, 0x25, 0xAE, 0x98,
    0xBF, 0xA3, 0x5D, 0x28, 0xF7, 0x6E, 0x16, 0x42, 0xE6, 0xF6, 0xA0, 0xB4, 0x24, 0x3E, 0x36, 0x28,
    0x9A, 0xDB, 0x08, 0xE1, 0x45, 0xF8, 0xF6, 0xC4, 0x43, 0x38, 0xFD, 0x92, 0xFC, 0x00, 0x5D, 0xD4,
    0x97, 0x97, 0x26, 0xB1, 0x30, 0x00, 0x03, 0xAE, 0xCA, 0xFC, 0xBF, 0x0C, 0x8C, 0x14, 0x12, 0x43,
    0x5E, 0x01, 0x29, 0x62, 0xB0, 0xAA, 0xA5, 0x38, 0x46, 0x38, 0x68, 0x93, 0x1F, 0xC7, 0xF1, 0x36,
    0x9B, 0x89, 0xAB, 0x62, 0x91, 0x03, 0xDB, 0x97, 0x21, 0xF3, 0x0C, 0x01, 0x75, 0x12, 0xBD, 0xCF,
    0x9A, 0x81, 0x90, 0xB4, 0x2E, 0xC5, 0x28, 0x33, 0x75, 0xB7, 0x00, 0x00, 0x8D, 0xFD, 0xD2, 0xC1,
    0xDE, 0x7D, 0x90, 0x71, 0x6E, 0x32, 0x31, 0xD2, 0x6B, 0x6E, 0x9B, 0x31, 0x64, 0x27, 0xDD, 0x94,
    0xEB, 0x68, 0x09, 0x47, 0x2F, 0xCC, 0xA7, 0xA0, 0x0C, 0x87, 0xD2, 0x00, 0xC3, 0x0D, 0x25, 0x2D,
    0x90, 0x64, 0x8D, 0xB9, 0x89, 0x89, 0xF7, 0x04, 0xF9, 0x21, 0x60, 0x00, 0x89, 0x46, 0x60, 0x6C,
    0x31, 0x32, 0x73, 0x05, 0x8D, 0xB7, 0x90, 0xD7, 0xD4, 0x76, 0x64, 0xC6, 0x7A, 0xE5, 0x6F, 0xA5,
    0xBC, 0xDE, 0x09, 0x84, 0xBD, 0x85, 0x19, 0x6E, 0x15, 0x26, 0xE8, 0x28, 0x74, 0x00, 0x11, 0x9D,
    0x4E, 0x8D, 0xD9, 0x65, 0xFC, 0xE4, 0x5E, 0x86, 0x51, 0xEF, 0x3F, 0xBD, 0xC9, 0xB6, 0xDE, 0x4B,
    0x4B, 0x27, 0xD7, 0x0C, 0x15, 0x58, 0x8E, 0xDF, 0xC0, 0xD4, 0x9A, 0x33, 0x09, 0x68, 0x00, 0x00,
    0x08, 0xCD, 0x0C, 0x41, 0xCD, 0x5A, 0xE1, 0xF2, 0x27, 0x34, 0xD2, 0x42, 0xB2, 0xB2, 0x30, 0x01,
    0x09, 0xB5, 0xBF, 0xD7, 0x98, 0xF1, 0x2E, 0x5B, 0x93, 0xCE, 0xD7, 0x00, 0x9F, 0x79, 0x3D, 0x80,
    0x33, 0x81, 0xC2, 0x12, 0xB6, 0x9A, 0xDE, 0x72, 0x1B, 0x66, 0x3F, 0x13, 0xE4, 0x49, 0xBA, 0x83,
    0xD7, 0xFC, 0x79, 0x9A, 0x29, 0x7A, 0x17, 0xE8, 0x09, 0xB3, 0x60, 0x9F, 0x3F, 0x59, 0x6C, 0xF4,
    0xA5, 0x04, 0x93, 0x1B, 0x5E, 0xF4, 0x5E, 0x99, 0xB5, 0xDC, 0xF5, 0x70, 0xB8, 0x00, 0x90, 0xF0,
    0xE0, 0x13, 0x4D, 0xB1, 0x77, 0x8F, 0x59, 0x72, 0xCB, 0x3E, 0x77, 0x67, 0xD0, 0xD8, 0xEF, 0xCC,
    0x8A, 0xB9, 0x3F, 0xF6, 0x13, 0x81, 0xC0, 0x60, 0x34, 0x19, 0xF4, 0x1F, 0x11, 0x10, 0x5C, 0x51,
    0xF0, 0x04, 0xA0, 0x00, 0x0F, 0x76, 0x69, 0xFF, 0x86, 0x44, 0x4A, 0xC9, 0xAD, 0x0E, 0x43, 0xBA,
    0x9F, 0xCC, 0x74, 0x76, 0xF2, 0x06, 0x93, 0x04, 0xB8, 0x1F, 0xE2, 0xA2, 0x47, 0x32, 0x50, 0xB6,
    0x32, 0x0E, 0x03, 0x47, 0x61, 0xC1, 0x63, 0x58, 0x30, 0x86, 0x29, 0x00, 0xA0, 0x69, 0x22, 0xAF,
    0xB0, 0x1B, 0x34, 0x4B, 0xCC, 0x29, 0xEC, 0xFF, 0x70, 0xFB, 0x85, 0xD0, 0x00, 0x34, 0x3B, 0xAD,
    0x9F, 0x56, 0x65, 0x3D, 0x19, 0xEB, 0x25, 0xD5, 0x2A, 0xA0, 0xE5, 0xC6, 0xC5, 0x6B, 0xFD, 0x5A,
    0xA3, 0x0B, 0x39, 0x97, 0x20, 0x3E, 0x5B, 0x9F, 0xD4, 0x1B, 0xC1, 0x21, 0xA5, 0xCC, 0xF6, 0x3A,
    0xF9, 0xCC, 0x80, 0x00, 0x74, 0x40, 0x24, 0x52, 0x2F, 0x3D, 0xD5, 0x04, 0xD2, 0x07, 0xA6, 0x40,
    0x0D, 0xDB, 0x74, 0xD8, 0x25, 0x79, 0xFE, 0x15, 0xBB, 0x4F, 0xFB, 0x7D, 0x5F, 0xED, 0x15, 0xE8,
    0x5C, 0x5A, 0xA9, 0x7E, 0x12, 0xE5, 0xF1, 0x10, 0x59, 0x6B, 0x86, 0x25, 0x00, 0x8F, 0x5C, 0xEF,
    0x97, 0xD6, 0x8F, 0x86, 0x88, 0x0F, 0x2E, 0x5D, 0x75, 0x77, 0xC5, 0x69, 0x13, 0x61, 0xA8, 0xC2,
    0xB1, 0xC0, 0x83, 0xFF, 0x01, 0x17, 0xE1, 0xC9, 0x7C, 0x2E, 0xC1, 0x20, 0xB4, 0xDF, 0x47, 0x65,
    0x89, 0x46, 0x07, 0x43, 0x84, 0xAF, 0x00, 0xA1, 0xBD, 0xB9, 0x05, 0x92, 0x8C, 0xBD, 0x57, 0x30,
    0x00, 0xA5, 0x48, 0x56, 0x13, 0x2D, 0xA4, 0xFE, 0x5D, 0x5C, 0xC6, 0x85, 0x20, 0xFA, 0x7C, 0xCC,
    0x06, 0xAC, 0x7C, 0x97, 0xE0, 0x41, 0xEE, 0x0C, 0xCB, 0x08, 0x16, 0x48, 0x43, 0x92, 0x37, 0xDC,
    0x44, 0x4C, 0x80, 0x4D, 0x1D, 0xD0, 0xD6, 0x47, 0xF7, 0x18, 0x47, 0x8C, 0x3D, 0x31, 0x86, 0xD0,
    0x22, 0x7C, 0x6C, 0xDF, 0x00, 0x8B, 0x2B, 0xD0, 0x80, 0x87, 0x23, 0x01, 0x4D, 0x57, 0x3B, 0xF1,
    0x95, 0x2C, 0xB4, 0xAC, 0x9A, 0xC8, 0x8F, 0xB1, 0xF1, 0x22, 0x94, 0x28, 0x00, 0x00, 0x0D, 0x9C,
    0x10, 0x59, 0x09, 0xDF, 0x28, 0xF2, 0x3A, 0x9C, 0x39, 0x7E, 0x45, 0xC9, 0x05, 0xE9, 0x64, 0x88,
    0x1B, 0x63, 0x0D, 0x71, 0xD5, 0x00, 0x1D, 0x5C, 0x47, 0xD3, 0x2B, 0x18, 0x45, 0xE4, 0x80, 0xA1,
    0x1D, 0x80, 0x0F, 0xC2, 0x6A, 0x6E, 0xA3, 0x5A, 0xE2, 0xE2, 0x05, 0xE7, 0x3B, 0x64, 0x63, 0x78,
    0x18, 0x78, 0xCB, 0x4E, 0xB5, 0x8D, 0x8E, 0x48, 0x60, 0x00, 0x92, 0xBB, 0x7B, 0x2B, 0xEE, 0x6A,
    0xA7, 0x4C, 0x72, 0x6F, 0x69, 0xBC, 0x12, 0x43, 0x28, 0x65, 0x49, 0x04, 0x88, 0xF9, 0x49, 0x34,
    0x4B, 0x94, 0xBF, 0xC5, 0xE0, 0xE9, 0x37, 0x18, 0x4B, 0x9B, 0xEC, 0x67, 0xE3, 0x66, 0xAA, 0x4F,
    0x91, 0xD6, 0x78, 0x88, 0x3E, 0x41, 0x8F, 0xBE, 0x00, 0x44, 0x11, 0x60, 0xC6, 0x82, 0x67, 0x05,
    0xD8, 0x7E, 0x3F, 0xEA, 0xEE, 0xF2, 0x69, 0x57, 0x77, 0x0E, 0xBA, 0x9F, 0xD2, 0x86, 0x8F, 0x83,
    0xE3, 0xA0, 0x44, 0x99, 0x7E, 0x80, 0x00, 0x0F, 0x32, 0x1C, 0xD9, 0xE8, 0xCD, 0x70, 0xA8, 0xF9,
    0x5A, 0xF0, 0x72, 0xA0, 0xEA, 0x3A, 0xA8, 0x99, 0x1F, 0x0F, 0xD7, 0x8F, 0xD2, 0x96, 0xBF, 0xC5,
    0x5F, 0x44, 0x59, 0xD4, 0x00, 0x36, 0xB4, 0xA2, 0x83, 0xFB, 0x60, 0xED, 0x52, 0x11, 0xB9, 0xE7,
    0x1F, 0x30, 0xEB, 0x36, 0x43, 0xB5, 0x39, 0x59, 0x6D, 0xB1, 0xF3, 0x85, 0x2C, 0x4D, 0xC6, 0xFE,
    0x65, 0xC5, 0x3F, 0x7C, 0x02, 0x3B, 0xFB, 0xDE, 0x39, 0x49, 0x1D, 0x67, 0x80, 0x00, 0x11, 0x6D,
    0x4B, 0x58, 0x47, 0x4E, 0xEC, 0x23, 0xD6, 0x9A, 0xE2, 0x63, 0x02, 0xF4, 0x42, 0x30, 0x14, 0x8C,
    0x7A, 0xDB, 0xBC, 0xE9, 0x3D, 0x08, 0x92, 0x61, 0x67, 0x97, 0x77, 0x67, 0x0F, 0xBC, 0x75, 0xD4,
    0x96, 0xBA, 0x99, 0x48, 0xAC, 0x41, 0x80, 0x00, 0x1B, 0x99, 0xD5, 0xCA, 0x94, 0xF8, 0x52, 0xA0,
    0x2A, 0xE3, 0xE1, 0x55, 0x60, 0xE2, 0x15, 0xFA, 0x97, 0x51, 0x82, 0xA4, 0xDA, 0x86, 0x30, 0x87,
    0x6D, 0x00, 0x58, 0x00, 0x30, 0xA1, 0xB7, 0x16, 0x83, 0xDE, 0x17, 0x72, 0xEB, 0xB9, 0xAD, 0x48,
    0x25, 0x88, 0x13, 0x99, 0x03, 0x52, 0x69, 0x44, 0x63, 0xBB, 0x02, 0xD5, 0x2B, 0x94, 0xED, 0xC4,
    0x4A, 0xD6, 0xD6, 0xB5, 0x00, 0x3D, 0x25, 0xCE, 0x87, 0x20, 0x8E, 0xA1, 0x41, 0x31, 0x76, 0x0C,
    0x80, 0x67, 0x41, 0x8B, 0x1E, 0xB8, 0x78, 0x48, 0x52, 0x04, 0x6D, 0xD2, 0xB1, 0xF6, 0xAE, 0x80,
    0x87, 0x27, 0x04, 0x67, 0x59, 0x28, 0xD2, 0x29, 0x43, 0x76, 0x9F, 0x21, 0xC6, 0x3D, 0x00, 0x2A,
    0x10, 0xCE, 0xE6, 0x66, 0xC6, 0x71, 0x5C, 0xF7, 0x9F, 0xC9, 0xD9, 0x3A, 0x1D, 0xB9, 0x57, 0xEA,
    0xE5, 0xEB, 0xD7, 0xFA, 0x3D, 0x66, 0x43, 0xE6, 0x66, 0xE7, 0xA6, 0x10, 0xA6, 0x88, 0x06, 0x9D,
    0xF8, 0x8F, 0x97, 0xD1, 0x4A, 0x6E, 0x42, 0x19, 0xDA, 0x87, 0x29, 0x04, 0x64, 0x74, 0xAB, 0x9B,
    0xE1, 0x96, 0xFE, 0x52, 0x1E, 0x9D, 0x7F, 0xA2, 0x17, 0x7E, 0xFA, 0x6B, 0xC0, 0x00, 0x21, 0x5D,
    0xE0, 0xB3, 0x43, 0xF8, 0x68, 0x9D, 0xAA, 0x4B, 0x00, 0x55, 0xA6, 0x00, 0x32, 0x27, 0xF3, 0x2E,
    0x0D, 0x68, 0x27, 0xE9, 0xC4, 0xCC, 0x16, 0x1C, 0xE8, 0xFA, 0x00, 0x5F, 0xA1, 0x3C, 0x7D, 0x6B,
    0x3B, 0x41, 0xE3, 0x85, 0x2C, 0xA6, 0x54, 0x09, 0x9F, 0x71, 0x9C, 0xAB, 0xB8, 0x77, 0xA7, 0x17,
    0x0B, 0xF6, 0x16, 0x98, 0x6A, 0xC8, 0x08, 0x16, 0x94, 0x7C, 0x66, 0x9A, 0x82, 0x7C, 0x3C, 0x09,
    0x05, 0x1E, 0x61, 0x00, 0x06, 0x8E, 0x6E, 0x15, 0xBB, 0xD2, 0x38, 0x00, 0xC2, 0x9C, 0x3B, 0x57,
    0xC7, 0x36, 0xAB, 0x68, 0x9B, 0xCF, 0x30, 0xB5, 0xAF, 0xDF, 0x9C, 0x0B, 0x90, 0x1E, 0x63, 0x9B,
    0x1F, 0xAE, 0x0D, 0xAA, 0x98, 0x2A, 0x01, 0x00, 0xD0, 0x64, 0x5E, 0xCD, 0x6E, 0xCD, 0xAE, 0xDE,
    0x20, 0xAC, 0xF1, 0x37, 0xDB, 0x5E, 0xDC, 0xA0, 0x54, 0x2A, 0x61,
};

static const EpdGlyph notosans_14_regularGlyphs[] = {
    { 0, 0, 0, 0, 0, 0, 0 }, // U+0000
    { 0, 0, 121, 0, 0, 0, 0 }, // U+000D
    { 0, 0, 121, 0, 0, 0, 0 }, // U+0020
    { 4, 22, 126, 2, 21, 12, 0 }, // !
    { 9, 8, 190, 1, 21, 11, 12 }, // "
    { 19, 21, 302, 0, 21, 40, 23 }, // #
    { 15, 25, 267, 1, 23, 41, 63 }, // $
    { 22, 23, 388, 1, 22, 47, 104 }, // %
    { 21, 23, 342, 1, 22, 43, 151 }, // &
    { 4, 8, 105, 1, 21, 5, 194 }, // '
    { 7, 26, 140, 1, 21, 15, 199 }, // (
    { 8, 26, 140, 0, 21, 17, 214 }, // )
    { 14, 14, 257, 1, 23, 24, 231 }, // *
    { 15, 15, 267, 1, 18, 16, 255 }, // +
    { 5, 8, 125, 1, 4, 5, 271 }, // ,
    { 8, 3, 150, 1, 9, 4, 276 }, // -
    { 4, 5, 125, 2, 4, 5, 280 }, // .
    { 11, 21, 174, 0, 21, 14, 285 }, // /
    { 15, 23, 273, 1, 22, 25, 299 }, // 0
    { 9, 21, 206, 0, 21, 13, 324 }, // 1
    { 14, 22, 259, 1, 22, 26, 337 }, // 2
    { 15, 23, 267, 1, 22, 30, 363 }, // 3
    { 17, 21, 267, 0, 21, 25, 393 }, // 4
    { 15, 22, 267, 1, 21, 25, 418 }, // 5
    { 15, 23, 267, 1, 22, 31, 443 }, // 6
    { 15, 21, 239, 0, 21, 18, 474 }, // 7
    { 15, 23, 275, 1, 22, 35, 492 }, // 8
    { 15, 23, 267, 1, 22, 29, 527 }, // 9
    { 4, 18, 125, 2, 17, 9, 556 }, // :
    { 6, 21, 125, 0, 17, 10, 565 }, // ;
    { 15, 15, 267, 1, 18, 24, 575 }, // <
    { 14, 9, 267, 1, 15, 11, 599 }, // =
    { 15, 15, 267, 1, 18, 27, 610 }, // >
    { 12, 23, 203, 0, 22, 20, 637 }, // ?
    { 24, 24, 420, 1, 21, 53, 657 }, // @
    { 19, 21, 298, 0, 21, 29, 710 }, // A
    { 16, 21, 303, 2, 21, 32, 739 }, // B
    { 17, 23, 295, 1, 22, 25, 771 }, // C
    { 18, 21, 341, 2, 21, 26, 796 }, // D
    { 13, 21, 260, 2, 21, 18, 822 }, // E
    { 13, 21, 242, 2, 21, 14, 840 }, // F
    { 19, 23, 340, 1, 22, 32, 854 }, // G
    { 17, 21, 346, 2, 21, 19, 886 }, // H
    { 8, 21, 158, 1, 21, 17, 905 }, // I
    { 9, 27, 127, -3, 21, 16, 922 }, // J
    { 17, 21, 289, 2, 21, 27, 938 }, // K
    { 13, 21, 245, 2, 21, 11, 965 }, // L
    { 22, 21, 423, 2, 21, 38, 976 }, // M
    { 18, 21, 355, 2, 21, 27, 1014 }, // N
    { 20, 23, 365, 1, 22, 31, 1041 }, // O
    { 15, 21, 282, 2, 21, 20, 1072 }, // P
    { 20, 27, 365, 1, 22, 17, 1092 }, // Q
    { 16, 21, 290, 2, 21, 26, 1109 }, // R
    { 14, 23, 256, 1, 22, 29, 1135 }, // S
    { 16, 21, 260, 0, 21, 13, 1164 }, // T
    { 17, 22, 341, 2, 21, 23, 1177 }, // U
    { 18, 21, 280, 0, 21, 28, 1200 }, // V
    { 27, 21, 434, 0, 21, 45, 1228 }, // W
    { 17, 21, 274, 0, 21, 30, 1273 }, // X
    { 17, 21, 264, 0, 21, 21, 1303 }, // Y
    { 15, 21, 267, 1, 21, 23, 1324 }, // Z
    { 7, 26, 154, 2, 21, 14, 1347 }, // [
    { 11, 21, 174, 0, 21, 16, 1361 }, // <backslash>
    { 8, 26, 154, 0, 21, 18, 1377 }, // ]
    { 15, 14, 267, 1, 21, 18, 1395 }, // ^
    { 15, 3, 207, -1, -2, 6, 1413 }, // _
    { 7, 6, 131, 1, 23, 6, 1419 }, // `
    { 13, 17, 262, 1, 16, 27, 1425 }, // a
    { 15, 24, 287, 2, 23, 30, 1452 }, // b
    { 13, 17, 224, 1, 16, 19, 1482 }, // c
    { 15, 24, 287, 1, 23, 29, 1501 }, // d
    { 14, 17, 263, 1, 16, 26, 1530 }, // e
    { 12, 23, 161, 0, 23, 17, 1556 }, // f
    { 15, 23, 287, 1, 16, 19, 1573 }, // g
    { 14, 23, 288, 2, 23, 20, 1592 }, // h
    { 4, 22, 120, 2, 22, 11, 1612 }, // i
    { 8, 29, 120, -2, 22, 15, 1623 }, // j
    { 14, 23, 249, 2, 23, 22, 1638 }, // k
    { 4, 23, 120, 2, 23, 8, 1660 }, // l
    { 23, 16, 436, 2, 16, 28, 1668 }, // m
    { 14, 16, 288, 2, 16, 10, 1696 }, // n
    { 16, 17, 282, 1, 16, 23, 1706 }, // o
    { 15, 23, 287, 2, 16, 16, 1729 }, // p
    { 15, 23, 287, 1, 16, 14, 1745 }, // q
    { 10, 16, 193, 2, 16, 13, 1759 }, // r
    { 12, 17, 224, 1, 16, 23, 1772 }, // s
    { 10, 21, 168, 0, 20, 19, 1795 }, // t
    { 14, 17, 288, 2, 16, 17, 1814 }, // u
    { 15, 16, 237, 0, 16, 21, 1831 }, // v
    { 23, 16, 367, 0, 16, 36, 1852 }, // w
    { 15, 16, 247, 0, 16, 23, 1888 }, // x
    { 15, 23, 238, 0, 16, 24, 1911 }, // y
    { 12, 16, 219, 1, 16, 18, 1935 }, // z
    { 11, 26, 177, 0, 21, 22, 1953 }, // {
    { 4, 31, 257, 6, 23, 8, 1975 }, // |
    { 11, 26, 177, 0, 21, 20, 1983 }, // }
    { 15, 5, 267, 1, 13, 11, 2003 }, // ~
    { 0, 0, 121, 0, 0, 0, 2014 }, // U+00A0
    { 4, 22, 126, 2, 16, 12, 2014 }, // U+00A1
    { 13, 23, 267, 2, 22, 20, 2026 }, // U+00A2
    { 16, 22, 267, 0, 22, 26, 2046 }, // U+00A3
    { 14, 14, 267, 1, 17, 28, 2072 }, // U+00A4
    { 17, 21, 267, 0, 21, 28, 2100 }, // U+00A5
    { 4, 31, 257, 6, 23, 9, 2128 }, // U+00A6
    { 13, 24, 239, 1, 23, 37, 2137 }, // U+00A7
    { 9, 4, 271, 4, 22, 7, 2174 }, // U+00A8
    { 22, 23, 388, 1, 22, 48, 2181 }, // U+00A9
    { 9, 11, 167, 0, 22, 16, 2229 }, // U+00AA
    { 13, 13, 238, 1, 14, 23, 2245 }, // U+00AB
    { 15, 9, 267, 1, 12, 9, 2268 }, // U+00AC
    { 8, 3, 150, 1, 9, 4, 2277 }, // U+00AD
    { 22, 23, 388, 1, 22, 40, 2281 }, // U+00AE
    { 16, 3, 233, -1, 25, 6, 2321 }, // U+00AF
    { 10, 10, 200, 1, 22, 13, 2327 }, // U+00B0
    { 15, 18, 267, 1, 18, 18, 2340 }, // U+00B1
    { 9, 13, 163, 0, 25, 14, 2358 }, // U+00B2
    { 10, 14, 163, 0, 25, 19, 2372 }, // U+00B3
    { 7, 6, 131, 1, 23, 6, 2391 }, // U+00B4
    { 14, 23, 291, 2, 16, 21, 2397 }, // U+00B5
    { 16, 27, 306, 1, 23, 29, 2418 }, // U+00B6
    { 4, 5, 125, 2, 13, 4, 2447 }, // U+00B7
    { 7, 7, 105, 0, 0, 9, 2451 }, // U+00B8
    { 6, 13, 163, 1, 25, 7, 2460 }, // U+00B9
    { 11, 11, 175, 0, 22, 13, 2467 }, // U+00BA
    { 13, 13, 238, 1, 14, 22, 2480 }, // U+00BB
    { 22, 21, 348, 0, 21, 41, 2502 }, // U+00BC
    { 22, 21, 360, 0, 21, 41, 2543 }, // U+00BD
    { 23, 22, 365, 0, 22, 53, 2584 }, // U+00BE
    { 13, 22, 203, 0, 16, 23, 2637 }, // U+00BF
    { 19, 28, 298, 0, 28, 15, 2660 }, // U+00C0
    { 19, 28, 298, 0, 28, 15, 2675 }, // U+00C1
    { 19, 28, 298, 0, 28, 17, 2690 }, // U+00C2
    { 19, 27, 298, 0, 27, 18, 2707 }, // U+00C3
    { 19, 27, 298, 0, 27, 17, 2725 }, // U+00C4
    { 19, 26, 298, 0, 26, 19, 2742 }, // U+00C5
    { 25, 21, 411, -1, 21, 33, 2761 }, // U+00C6
    { 17, 29, 295, 1, 22, 19, 2794 }, // U+00C7
    { 13, 28, 260, 2, 28, 12, 2813 }, // U+00C8
    { 13, 28, 260, 2, 28, 11, 2825 }, // U+00C9
    { 13, 28, 260, 2, 28, 14, 2836 }, // U+00CA
    { 13, 27, 260, 2, 27, 14, 2850 }, // U+00CB
    { 8, 28, 158, 1, 28, 11, 2864 }, // U+00CC
    { 9, 28, 158, 1, 28, 21, 2875 }, // U+00CD
    { 10, 28, 158, 0, 28, 25, 2896 }, // U+00CE
    { 10, 27, 158, 0, 27, 16, 2921 }, // U+00CF
    { 20, 21, 341, 0, 21, 33, 2937 }, // U+00D0
    { 18, 27, 355, 2, 27, 19, 2970 }, // U+00D1
    { 20, 29, 365, 1, 28, 15, 2989 }, // U+00D2
    { 20, 29, 365, 1, 28, 15, 3004 }, // U+00D3
    { 20, 29, 365, 1, 28, 18, 3019 }, // U+00D4
    { 20, 28, 365, 1, 27, 19, 3037 }, // U+00D5
    { 20, 28, 365, 1, 27, 16, 3056 }, // U+00D6
    { 14, 14, 267, 1, 17, 22, 3072 }, // U+00D7
    { 20, 23, 365, 1, 22, 27, 3094 }, // U+00D8
    { 17, 29, 341, 2, 28, 12, 3121 }, // U+00D9
    { 17, 29, 341, 2, 28, 12, 3133 }, // U+00DA
    { 17, 29, 341, 2, 28, 15, 3145 }, // U+00DB
    { 17, 28, 341, 2, 27, 15, 3160 }, // U+00DC
    { 17, 28, 264, 0, 28, 14, 3175 }, // U+00DD
    { 15, 21, 282, 2, 21, 24, 3189 }, // U+00DE
    { 16, 24, 295, 2, 23, 33, 3213 }, // U+00DF
    { 13, 24, 262, 1, 23, 13, 3246 }, // U+00E0
    { 13, 24, 262, 1, 23, 13, 3259 }, // U+00E1
    { 13, 24, 262, 1, 23, 16, 3272 }, // U+00E2
    { 13, 23, 262, 1, 22, 18, 3288 }, // U+00E3
    { 13, 23, 262, 1, 22, 15, 3306 }, // U+00E4
    { 13, 25, 262, 1, 24, 18, 3321 }, // U+00E5
    { 23, 17, 403, 1, 16, 41, 3339 }, // U+00E6
    { 13, 23, 224, 1, 16, 16, 3380 }, // U+00E7
    { 14, 24, 263, 1, 23, 13, 3396 }, // U+00E8
    { 14, 24, 263, 1, 23, 13, 3409 }, // U+00E9
    { 14, 24, 263, 1, 23, 15, 3422 }, // U+00EA
    { 14, 23, 263, 1, 22, 14, 3437 }, // U+00EB
    { 7, 23, 120, -1, 23, 12, 3451 }, // U+00EC
    { 7, 23, 120, 2, 23, 12, 3463 }, // U+00ED
    { 11, 23, 120, -2, 23, 16, 3475 }, // U+00EE
    { 9, 22, 120, -1, 22, 15, 3491 }, // U+00EF
    { 16, 24, 282, 1, 23, 39, 3506 }, // U+00F0
    { 14, 22, 288, 2, 22, 17, 3545 }, // U+00F1
    { 16, 24, 282, 1, 23, 12, 3562 }, // U+00F2
    { 16, 24, 282, 1, 23, 12, 3574 }, // U+00F3
    { 16, 24, 282, 1, 23, 15, 3586 }, // U+00F4
    { 16, 23, 282, 1, 22, 17, 3601 }, // U+00F5
    { 16, 23, 282, 1, 22, 14, 3618 }, // U+00F6
    { 15, 14, 267, 1, 17, 14, 3632 }, // U+00F7
    { 16, 18, 282, 1, 17, 20, 3646 }, // U+00F8
    { 14, 24, 288, 2, 23, 24, 3666 }, // U+00F9
    { 14, 24, 288, 2, 23, 12, 3690 }, // U+00FA
    { 14, 24, 288, 2, 23, 15, 3702 }, // U+00FB
    { 14, 23, 288, 2, 22, 13, 3717 }, // U+00FC
    { 15, 30, 238, 0, 23, 14, 3730 }, // U+00FD
    { 15, 30, 287, 2, 23, 15, 3744 }, // U+00FE
    { 15, 29, 238, 0, 22, 17, 3759 }, // U+00FF
    { 19, 25, 298, 0, 25, 13, 3776 }, // U+0100
    { 13, 21, 262, 1, 20, 11, 3789 }, // U+0101
    { 19, 27, 298, 0, 27, 17, 3800 }, // U+0102
    { 13, 23, 262, 1, 22, 16, 3817 }, // U+0103
    { 19, 28, 298, 0, 21, 17, 3833 }, // U+0104
    { 14, 23, 262, 1, 16, 34, 3850 }, // U+0105
    { 17, 29, 295, 1, 28, 14, 3884 }, // U+0106
    { 13, 24, 224, 1, 23, 12, 3898 }, // U+0107
    { 17, 29, 295, 1, 28, 16, 3910 }, // U+0108
    { 13, 24, 224, 1, 23, 14, 3926 }, // U+0109
    { 17, 28, 295, 1, 27, 13, 3940 }, // U+010A
    { 13, 23, 224, 1, 22, 10, 3953 }, // U+010B
    { 17, 29, 295, 1, 28, 15, 3963 }, // U+010C
    { 13, 24, 224, 1, 23, 14, 3978 }, // U+010D
    { 18, 28, 341, 2, 28, 16, 3992 }, // U+010E
    { 20, 24, 287, 1, 23, 33, 4008 }, // U+010F
    { 20, 21, 341, 0, 21, 11, 4041 }, // U+0110
    { 17, 24, 288, 1, 23, 35, 4052 }, // U+0111
    { 13, 25, 260, 2, 25, 11, 4087 }, // U+0112
    { 14, 21, 263, 1, 20, 12, 4098 }, // U+0113
    { 13, 27, 260, 2, 27, 14, 4110 }, // U+0114
    { 14, 23, 263, 1, 22, 15, 4124 }, // U+0115
    { 13, 27, 260, 2, 27, 11, 4139 }, // U+0116
    { 14, 23, 263, 1, 22, 13, 4150 }, // U+0117
    { 13, 28, 260, 2, 21, 15, 4163 }, // U+0118
    { 14, 23, 263, 1, 16, 17, 4178 }, // U+0119
    { 13, 28, 260, 2, 28, 13, 4195 }, // U+011A
    { 14, 24, 263, 1, 23, 16, 4208 }, // U+011B
    { 19, 29, 340, 1, 28, 18, 4224 }, // U+011C
    { 15, 30, 287, 1, 23, 17, 4242 }, // U+011D
    { 19, 28, 340, 1, 27, 18, 4259 }, // U+011E
    { 15, 29, 287, 1, 22, 17, 4277 }, // U+011F
    { 19, 28, 340, 1, 27, 14, 4294 }, // U+0120
    { 15, 29, 287, 1, 22, 13, 4308 }, // U+0121
    { 19, 29, 340, 1, 22, 16, 4321 }, // U+0122
    { 15, 30, 287, 1, 23, 14, 4337 }, // U+0123
    { 17, 28, 346, 2, 28, 15, 4351 }, // U+0124
    { 18, 30, 288, -2, 30, 30, 4366 }, // U+0125
    { 22, 21, 346, 0, 21, 29, 4396 }, // U+0126
    { 16, 23, 288, 0, 23, 26, 4425 }, // U+0127
    { 12, 27, 158, -1, 27, 27, 4451 }, // U+0128
    { 12, 22, 120, -2, 22, 18, 4478 }, // U+0129
    { 10, 25, 158, 0, 25, 10, 4496 }, // U+012A
    { 10, 20, 120, -1, 20, 12, 4506 }, // U+012B
    { 10, 27, 158, 0, 27, 14, 4518 }, // U+012C
    { 10, 22, 120, -1, 22, 12, 4532 }, // U+012D
    { 8, 28, 158, 1, 21, 13, 4544 }, // U+012E
    { 6, 29, 120, 0, 22, 15, 4557 }, // U+012F
    { 8, 27, 158, 1, 27, 9, 4572 }, // U+0130
    { 4, 16, 120, 2, 16, 4, 4581 }, // U+0131
    { 15, 27, 286, 1, 21, 32, 4585 }, // U+0132
    { 11, 29, 241, 2, 22, 23, 4617 }, // U+0133
    { 12, 34, 127, -3, 28, 22, 4640 }, // U+0134
    { 11, 30, 120, -2, 23, 13, 4662 }, // U+0135
    { 17, 28, 289, 2, 21, 15, 4675 }, // U+0136
    { 14, 30, 249, 2, 23, 14, 4690 }, // U+0137
    { 14, 16, 249, 2, 16, 15, 4704 }, // U+0138
    { 13, 28, 245, 2, 28, 10, 4719 }, // U+0139
    { 7, 30, 120, 2, 30, 9, 4729 }, // U+013A
    { 13, 28, 245, 2, 21, 10, 4738 }, // U+013B
    { 5, 30, 120, 1, 23, 13, 4748 }, // U+013C
    { 13, 21, 245, 2, 21, 9, 4761 }, // U+013D
    { 8, 23, 120, 2, 23, 13, 4770 }, // U+013E
    { 13, 21, 245, 2, 21, 10, 4783 }, // U+013F
    { 8, 23, 125, 2, 23, 9, 4793 }, // U+0140
    { 15, 21, 245, 0, 21, 21, 4802 }, // U+0141
    { 9, 23, 120, -1, 23, 15, 4823 }, // U+0142
    { 18, 28, 355, 2, 28, 14, 4838 }, // U+0143
    { 14, 23, 288, 2, 23, 11, 4852 }, // U+0144
    { 18, 28, 355, 2, 21, 15, 4863 }, // U+0145
    { 14, 23, 288, 2, 16, 13, 4878 }, // U+0146
    { 18, 28, 355, 2, 28, 16, 4891 }, // U+0147
    { 14, 23, 288, 2, 23, 13, 4907 }, // U+0148
    { 18, 21, 321, 0, 21, 26, 4920 }, // U+0149
    { 18, 27, 355, 2, 21, 23, 4946 }, // U+014A
    { 14, 23, 288, 2, 16, 13, 4969 }, // U+014B
    { 20, 26, 365, 1, 25, 14, 4982 }, // U+014C
    { 16, 21, 282, 1, 20, 11, 4996 }, // U+014D
    { 20, 28, 365, 1, 27, 17, 5007 }, // U+014E
    { 16, 23, 282, 1, 22, 15, 5024 }, // U+014F
    { 20, 29, 365, 1, 28, 18, 5039 }, // U+0150
    { 16, 24, 282, 1, 23, 15, 5057 }, // U+0151
    { 25, 23, 433, 1, 22, 33, 5072 }, // U+0152
    { 26, 17, 442, 1, 16, 43, 5105 }, // U+0153
    { 16, 28, 290, 2, 28, 13, 5148 }, // U+0154
    { 10, 23, 193, 2, 23, 9, 5161 }, // U+0155
    { 16, 28, 290, 2, 21, 15, 5170 }, // U+0156
    { 11, 23, 193, 1, 16, 18, 5185 }, // U+0157
    { 16, 28, 290, 2, 28, 15, 5203 }, // U+0158
    { 10, 23, 193, 2, 23, 11, 5218 }, // U+0159
    { 14, 29, 256, 1, 28, 13, 5229 }, // U+015A
    { 12, 24, 224, 1, 23, 12, 5242 }, // U+015B
    { 14, 29, 256, 1, 28, 16, 5254 }, // U+015C
    { 12, 24, 224, 1, 23, 15, 5270 }, // U+015D
    { 14, 29, 256, 1, 22, 18, 5285 }, // U+015E
    { 12, 23, 224, 1, 16, 17, 5303 }, // U+015F
    { 14, 29, 256, 1, 28, 16, 5320 }, // U+0160
    { 12, 24, 224, 1, 23, 14, 5336 }, // U+0161
    { 16, 28, 260, 0, 21, 14, 5350 }, // U+0162
    { 10, 27, 168, 0, 20, 16, 5364 }, // U+0163
    { 16, 28, 260, 0, 28, 13, 5380 }, // U+0164
    { 14, 24, 168, 0, 23, 25, 5393 }, // U+0165
    { 16, 21, 260, 0, 21, 18, 5418 }, // U+0166
    { 10, 21, 168, 0, 20, 14, 5436 }, // U+0167
    { 17, 28, 341, 2, 27, 18, 5450 }, // U+0168
    { 14, 23, 288, 2, 22, 17, 5468 }, // U+0169
    { 17, 26, 341, 2, 25, 11, 5485 }, // U+016A
    { 14, 21, 288, 2, 20, 11, 5496 }, // U+016B
    { 17, 28, 341, 2, 27, 15, 5507 }, // U+016C
    { 14, 23, 288, 2, 22, 14, 5522 }, // U+016D
    { 17, 30, 341, 2, 29, 18, 5536 }, // U+016E
    { 14, 25, 288, 2, 24, 17, 5554 }, // U+016F
    { 17, 29, 341, 2, 28, 16, 5571 }, // U+0170
    { 14, 24, 288, 2, 23, 15, 5587 }, // U+0171
    { 17, 28, 341, 2, 21, 15, 5602 }, // U+0172
    { 14, 23, 288, 2, 16, 14, 5617 }, // U+0173
    { 27, 28, 434, 0, 28, 21, 5631 }, // U+0174
    { 23, 23, 367, 0, 23, 19, 5652 }, // U+0175
    { 17, 28, 264, 0, 28, 16, 5671 }, // U+0176
    { 15, 30, 238, 0, 23, 17, 5687 }, // U+0177
    { 17, 27, 264, 0, 27, 16, 5704 }, // U+0178
    { 15, 28, 267, 1, 28, 12, 5720 }, // U+0179
    { 12, 23, 219, 1, 23, 11, 5732 }, // U+017A
    { 15, 27, 267, 1, 27, 12, 5743 }, // U+017B
    { 12, 22, 219, 1, 22, 10, 5755 }, // U+017C
    { 15, 28, 267, 1, 28, 16, 5765 }, // U+017D
    { 12, 23, 219, 1, 23, 14, 5781 }, // U+017E
    { 9, 23, 152, 2, 23, 12, 5795 }, // U+017F
    { 23, 24, 366, 1, 23, 34, 5807 }, // U+01A0
    { 18, 20, 288, 1, 19, 27, 5841 }, // U+01A1
    { 22, 24, 364, 2, 23, 28, 5868 }, // U+01AF
    { 19, 20, 315, 2, 19, 25, 5896 }, // U+01B0
    { 35, 28, 603, 2, 28, 59, 5921 }, // U+01C4
    { 32, 23, 560, 2, 23, 52, 5980 }, // U+01C5
    { 30, 24, 506, 1, 23, 54, 6032 }, // U+01C6
    { 19, 27, 372, 2, 21, 23, 6086 }, // U+01C7
    { 19, 29, 365, 2, 22, 24, 6109 }, // U+01C8
    { 11, 30, 241, 2, 23, 14, 6133 }, // U+01C9
    { 26, 27, 482, 2, 21, 39, 6147 }, // U+01CA
    { 26, 29, 475, 2, 22, 30, 6186 }, // U+01CB
    { 22, 29, 409, 2, 22, 35, 6216 }, // U+01CC
    { 19, 28, 298, 0, 28, 17, 6251 }, // U+01CD
    { 13, 24, 262, 1, 23, 16, 6268 }, // U+01CE
    { 10, 28, 158, 0, 28, 15, 6284 }, // U+01CF
    { 11, 23, 120, -2, 23, 14, 6299 }, // U+01D0
    { 20, 29, 365, 1, 28, 18, 6313 }, // U+01D1
    { 16, 24, 282, 1, 23, 15, 6331 }, // U+01D2
    { 17, 29, 341, 2, 28, 15, 6346 }, // U+01D3
    { 14, 24, 288, 2, 23, 13, 6361 }, // U+01D4
    { 17, 31, 341, 2, 30, 19, 6374 }, // U+01D5
    { 14, 26, 288, 2, 25, 20, 6393 }, // U+01D6
    { 17, 32, 341, 2, 31, 21, 6413 }, // U+01D7
    { 14, 27, 288, 2, 26, 20, 6434 }, // U+01D8
    { 17, 32, 341, 2, 31, 24, 6454 }, // U+01D9
    { 14, 27, 288, 2, 26, 19, 6478 }, // U+01DA
    { 17, 32, 341, 2, 31, 20, 6497 }, // U+01DB
    { 14, 27, 288, 2, 26, 16, 6517 }, // U+01DC
    { 14, 17, 263, 1, 16, 24, 6533 }, // U+01DD
    { 19, 30, 298, 0, 30, 21, 6557 }, // U+01DE
    { 13, 26, 262, 1, 25, 19, 6578 }, // U+01DF
    { 19, 30, 298, 0, 30, 18, 6597 }, // U+01E0
    { 13, 26, 262, 1, 25, 18, 6615 }, // U+01E1
    { 25, 25, 411, -1, 25, 15, 6633 }, // U+01E2
    { 23, 21, 403, 1, 20, 16, 6648 }, // U+01E3
    { 20, 23, 340, 1, 22, 38, 6664 }, // U+01E4
    { 17, 23, 287, 1, 16, 37, 6702 }, // U+01E5
    { 19, 29, 340, 1, 28, 17, 6739 }, // U+01E6
    { 15, 30, 287, 1, 23, 18, 6756 }, // U+01E7
    { 17, 28, 289, 2, 28, 16, 6774 }, // U+01E8
    { 18, 30, 249, -2, 30, 31, 6790 }, // U+01E9
    { 20, 29, 365, 1, 22, 18, 6821 }, // U+01EA
    { 16, 23, 282, 1, 16, 15, 6839 }, // U+01EB
    { 20, 32, 365, 1, 25, 20, 6854 }, // U+01EC
    { 16, 27, 282, 1, 20, 15, 6874 }, // U+01ED
    { 15, 29, 273, 1, 28, 36, 6889 }, // U+01EE
    { 14, 30, 232, 0, 23, 36, 6925 }, // U+01EF
    { 11, 30, 120, -2, 23, 14, 6961 }, // U+01F0
    { 35, 21, 603, 2, 21, 16, 6975 }, // U+01F1
    { 32, 21, 560, 2, 21, 14, 6991 }, // U+01F2
    { 30, 24, 506, 1, 23, 17, 7005 }, // U+01F3
    { 19, 29, 340, 1, 28, 14, 7022 }, // U+01F4
    { 15, 30, 287, 1, 23, 14, 7036 }, // U+01F5
    { 23, 22, 438, 2, 21, 28, 7050 }, // U+01F6
    { 16, 29, 309, 2, 22, 29, 7078 }, // U+01F7
    { 18, 28, 355, 2, 28, 15, 7107 }, // U+01F8
    { 14, 23, 288, 2, 23, 12, 7122 }, // U+01F9
    { 19, 28, 299, 0, 28, 41, 7134 }, // U+01FA
    { 13, 29, 262, 1, 28, 24, 7175 }, // U+01FB
    { 25, 28, 411, -1, 28, 15, 7199 }, // U+01FC
    { 23, 24, 403, 1, 23, 16, 7214 }, // U+01FD
    { 20, 29, 365, 1, 28, 19, 7230 }, // U+01FE
    { 16, 24, 282, 1, 23, 15, 7249 }, // U+01FF
    { 19, 28, 298, 0, 28, 19, 7264 }, // U+0200
    { 13, 24, 262, 1, 23, 18, 7283 }, // U+0201
    { 19, 27, 298, 0, 27, 18, 7301 }, // U+0202
    { 13, 23, 262, 1, 22, 17, 7319 }, // U+0203
    { 13, 28, 260, 2, 28, 16, 7336 }, // U+0204
    { 14, 24, 263, 1, 23, 17, 7352 }, // U+0205
    { 13, 27, 260, 2, 27, 15, 7369 }, // U+0206
    { 14, 23, 263, 1, 22, 16, 7384 }, // U+0207
    { 11, 28, 158, -2, 28, 26, 7400 }, // U+0208
    { 11, 23, 120, -3, 23, 18, 7426 }, // U+0209
    { 10, 27, 158, 0, 27, 14, 7444 }, // U+020A
    { 10, 22, 120, -1, 22, 14, 7458 }, // U+020B
    { 20, 29, 365, 1, 28, 19, 7472 }, // U+020C
    { 16, 24, 282, 1, 23, 17, 7491 }, // U+020D
    { 20, 28, 365, 1, 27, 17, 7508 }, // U+020E
    { 16, 23, 282, 1, 22, 15, 7525 }, // U+020F
    { 16, 28, 290, 2, 28, 18, 7540 }, // U+0210
    { 12, 23, 193, 0, 23, 23, 7558 }, // U+0211
    { 16, 27, 290, 2, 27, 17, 7581 }, // U+0212
    { 10, 22, 193, 2, 22, 13, 7598 }, // U+0213
    { 17, 29, 341, 2, 28, 17, 7611 }, // U+0214
    { 14, 24, 288, 2, 23, 16, 7628 }, // U+0215
    { 17, 28, 341, 2, 27, 15, 7644 }, // U+0216
    { 14, 23, 288, 2, 22, 14, 7659 }, // U+0217
    { 14, 29, 256, 1, 22, 14, 7673 }, // U+0218
    { 12, 23, 224, 1, 16, 13, 7687 }, // U+0219
    { 16, 28, 260, 0, 21, 11, 7700 }, // U+021A
    { 10, 27, 168, 0, 20, 13, 7711 }, // U+021B
    { 15, 28, 268, 1, 22, 33, 7724 }, // U+021C
    { 14, 23, 232, 0, 16, 30, 7757 }, // U+021D
    { 17, 28, 346, 2, 28, 14, 7787 }, // U+021E
    { 18, 30, 288, -2, 30, 17, 7801 }, // U+021F
    { 7, 6, 0, -15, 23, 7, 7818 }, // U+0300
    { 7, 6, 0, -10, 23, 6, 7825 }, // U+0301
    { 10, 6, 0, -5, 23, 8, 7831 }, // U+0302
    { 12, 5, 0, -15, 22, 8, 7839 }, // U+0303
    { 10, 3, 0, -5, 20, 4, 7847 }, // U+0304
    { 14, 3, 0, -7, 25, 6, 7851 }, // U+0305
    { 10, 5, 0, -5, 22, 8, 7857 }, // U+0306
    { 4, 4, 0, -2, 22, 4, 7865 }, // U+0307
    { 10, 4, 0, -5, 22, 6, 7869 }, // U+0308
    { 6, 7, 0, -11, 24, 8, 7875 }, // U+0309
    { 8, 7, 0, -4, 24, 10, 7883 }, // U+030A
    { 11, 6, 0, -4, 23, 10, 7893 }, // U+030B
    { 10, 6, 0, -5, 23, 6, 7903 }, // U+030C
    { 4, 6, 0, -2, 23, 4, 7909 }, // U+030D
    { 8, 6, 0, -4, 23, 7, 7913 }, // U+030E
    { 12, 6, 0, -16, 23, 11, 7920 }, // U+030F
    { 10, 8, 0, -5, 25, 8, 7931 }, // U+0310
    { 10, 5, 0, -5, 22, 6, 7939 }, // U+0311
    { 6, 8, 0, -3, 21, 7, 7945 }, // U+0312
    { 6, 8, 0, -3, 21, 6, 7952 }, // U+0313
    { 6, 8, 0, -3, 21, 7, 7958 }, // U+0314
    { 6, 8, 0, -3, 21, 6, 7965 }, // U+0315
    { 6, 6, 0, -3, -1, 6, 7971 }, // U+0316
    { 6, 6, 0, -3, -1, 6, 7977 }, // U+0317
    { 6, 7, 0, -3, 0, 8, 7983 }, // U+0318
    { 6, 7, 0, -3, 0, 8, 7991 }, // U+0319
    { 8, 8, 146, 0, 23, 6, 7999 }, // U+031A
    { 7, 7, 0, -3, 23, 7, 8005 }, // U+031B
    { 4, 7, 0, -2, 0, 6, 8012 }, // U+031C
    { 8, 6, 0, -4, -1, 8, 8018 }, // U+031D
    { 8, 6, 0, -4, -1, 7, 8026 }, // U+031E
    { 8, 7, 0, -4, 0, 9, 8033 }, // U+031F
    { 8, 3, 0, -4, -3, 5, 8042 }, // U+0320
    { 6, 9, 0, -6, 2, 7, 8047 }, // U+0321
    { 6, 9, 0, 0, 2, 7, 8054 }, // U+0322
    { 4, 5, 0, -11, -1, 4, 8061 }, // U+0323
    { 10, 4, 0, -5, -2, 6, 8065 }, // U+0324
    { 8, 7, 0, -4, 0, 6, 8071 }, // U+0325
    { 4, 6, 0, -2, -1, 5, 8077 }, // U+0326
    { 6, 7, 0, -3, 0, 10, 8082 }, // U+0327
    { 6, 8, 0, -3, 1, 8, 8092 }, // U+0328
    { 4, 6, 0, -2, 0, 4, 8100 }, // U+0329
    { 12, 6, 0, -6, -1, 8, 8104 }, // U+032A
    { 12, 5, 0, -6, -1, 11, 8112 }, // U+032B
    { 10, 6, 0, -5, 0, 7, 8123 }, // U+032C
    { 10, 6, 0, -5, -1, 7, 8130 }, // U+032D
    { 10, 5, 0, -5, -1, 5, 8137 }, // U+032E
    { 10, 5, 0, -5, -1, 6, 8142 }, // U+032F
    { 12, 5, 0, -6, -1, 7, 8148 }, // U+0330
    { 10, 3, 0, -5, -2, 4, 8155 }, // U+0331
    { 14, 3, 0, -7, -2, 6, 8159 }, // U+0332
    { 14, 7, 0, -7, 0, 10, 8165 }, // U+0333
    { 12, 5, 0, -6, 10, 10, 8175 }, // U+0334
    { 14, 3, 0, -7, 10, 4, 8185 }, // U+0335
    { 22, 3, 0, -11, 10, 8, 8189 }, // U+0336
    { 10, 7, 0, -5, 12, 8, 8197 }, // U+0337
    { 12, 25, 0, -6, 23, 17, 8205 }, // U+0338
    { 4, 7, 0, -2, 0, 7, 8222 }, // U+0339
    { 12, 6, 0, -6, -1, 10, 8229 }, // U+033A
    { 12, 7, 0, -6, 0, 11, 8239 }, // U+033B
    { 12, 5, 0, -6, -1, 11, 8250 }, // U+033C
    { 6, 7, 0, -3, 23, 12, 8261 }, // U+033D
    { 4, 10, 0, -2, 26, 10, 8273 }, // U+033E
    { 14, 7, 0, -7, 29, 5, 8283 }, // U+033F
    { 7, 6, 0, -5, 23, 7, 8288 }, // U+0340
    { 7, 6, 0, -2, 23, 6, 8295 }, // U+0341
    { 12, 5, 0, -6, 22, 7, 8301 }, // U+0342
    { 5, 6, 0, -3, 23, 6, 8308 }, // U+0343
    { 11, 6, 0, -5, 23, 13, 8314 }, // U+0344
    { 6, 5, 0, -2, -2, 6, 8327 }, // U+0345
    { 14, 6, 0, -7, 23, 10, 8333 }, // U+0346
    { 14, 7, 0, -7, 0, 5, 8343 }, // U+0347
    { 8, 6, 0, -4, 0, 5, 8348 }, // U+0348
    { 6, 6, 0, -3, -1, 6, 8353 }, // U+0349
    { 12, 7, 0, -6, 23, 12, 8359 }, // U+034A
    { 12, 11, 0, -6, 27, 21, 8371 }, // U+034B
    { 10, 9, 0, -5, 26, 19, 8392 }, // U+034C
    { 12, 6, 0, -6, -1, 14, 8411 }, // U+034D
    { 6, 7, 0, -3, 0, 6, 8425 }, // U+034E
    { 22, 21, 0, -11, 21, 73, 8431 }, // U+034F
    { 6, 7, 0, -3, 24, 9, 8504 }, // U+0350
    { 4, 7, 0, -2, 24, 7, 8513 }, // U+0351
    { 10, 8, 0, -5, 25, 12, 8520 }, // U+0352
    { 6, 7, 0, -3, 0, 11, 8532 }, // U+0353
    { 6, 6, 0, -3, -1, 9, 8543 }, // U+0354
    { 6, 6, 0, -3, -1, 9, 8552 }, // U+0355
    { 12, 6, 0, -6, -1, 18, 8561 }, // U+0356
    { 4, 7, 0, -2, 24, 7, 8579 }, // U+0357
    { 4, 4, 0, 3, 22, 5, 8586 }, // U+0358
    { 8, 6, 0, -4, -1, 9, 8591 }, // U+0359
    { 12, 7, 0, -6, 0, 16, 8600 }, // U+035A
    { 6, 6, 0, -3, 23, 9, 8616 }, // U+035B
    { 24, 6, 0, -12, -1, 16, 8625 }, // U+035C
    { 24, 6, 0, -12, 23, 7, 8641 }, // U+035D
    { 18, 2, 0, -9, 20, 6, 8648 }, // U+035E
    { 18, 2, 0, -9, -2, 4, 8654 }, // U+035F
    { 24, 5, 0, -12, 22, 16, 8658 }, // U+0360
    { 24, 6, 0, -12, 25, 17, 8674 }, // U+0361
    { 23, 6, 0, -11, -1, 12, 8691 }, // U+0362
    { 6, 8, 0, -3, 25, 13, 8703 }, // U+0363
    { 7, 8, 0, -3, 25, 14, 8716 }, // U+0364
    { 2, 9, 0, -1, 27, 5, 8730 }, // U+0365
    { 7, 8, 0, -3, 25, 14, 8735 }, // U+0366
    { 7, 8, 0, -3, 25, 13, 8749 }, // U+0367
    { 6, 8, 0, -3, 25, 10, 8762 }, // U+0368
    { 7, 10, 0, -3, 27, 15, 8772 }, // U+0369
    { 7, 9, 0, -3, 27, 13, 8787 }, // U+036A
    { 11, 7, 0, -5, 25, 18, 8800 }, // U+036B
    { 5, 7, 0, -2, 25, 5, 8818 }, // U+036C
    { 5, 9, 0, -2, 26, 8, 8823 }, // U+036D
    { 8, 7, 0, -4, 25, 11, 8831 }, // U+036E
    { 7, 7, 0, -3, 25, 12, 8842 }, // U+036F
    { 13, 28, 260, 2, 28, 10, 8854 }, // U+0400
    { 13, 27, 260, 2, 27, 13, 8864 }, // U+0401
    { 20, 22, 334, 0, 21, 27, 8877 }, // U+0402
    { 13, 28, 238, 2, 28, 13, 8904 }, // U+0403
    { 17, 23, 298, 1, 22, 18, 8917 }, // U+0404
    { 14, 23, 256, 1, 22, 9, 8935 }, // U+0405
    { 4, 21, 133, 2, 21, 7, 8944 }, // U+0406
    { 8, 27, 133, 0, 27, 14, 8951 }, // U+0407
    { 9, 27, 127, -3, 21, 6, 8965 }, // U+0408
    { 28, 22, 471, 0, 21, 36, 8971 }, // U+0409
    { 27, 21, 479, 2, 21, 34, 9007 }, // U+040A
    { 20, 21, 334, 0, 21, 14, 9041 }, // U+040B
    { 16, 28, 292, 2, 28, 30, 9055 }, // U+040C
    { 18, 28, 353, 2, 28, 32, 9085 }, // U+040D
    { 18, 28, 288, 0, 27, 35, 9117 }, // U+040E
    { 17, 26, 341, 2, 21, 21, 9152 }, // U+040F
    { 19, 21, 298, 0, 21, 11, 9173 }, // U+0410
    { 15, 21, 287, 2, 21, 25, 9184 }, // U+0411
    { 16, 21, 303, 2, 21, 10, 9209 }, // U+0412
    { 13, 21, 238, 2, 21, 6, 9219 }, // U+0413
    { 21, 26, 340, 0, 21, 34, 9225 }, // U+0414
    { 13, 21, 260, 2, 21, 7, 9259 }, // U+0415
    { 27, 21, 422, 0, 21, 41, 9266 }, // U+0416
    { 15, 23, 269, 1, 22, 19, 9307 }, // U+0417
    { 18, 21, 353, 2, 21, 10, 9326 }, // U+0418
    { 18, 27, 353, 2, 27, 17, 9336 }, // U+0419
    { 16, 21, 292, 2, 21, 9, 9353 }, // U+041A
    { 18, 22, 326, 0, 21, 21, 9362 }, // U+041B
    { 22, 21, 423, 2, 21, 14, 9383 }, // U+041C
    { 17, 21, 347, 2, 21, 8, 9397 }, // U+041D
    { 20, 23, 355, 1, 22, 27, 9405 }, // U+041E
    { 17, 21, 342, 2, 21, 16, 9432 }, // U+041F
    { 15, 21, 282, 2, 21, 8, 9448 }, // U+0420
    { 17, 23, 299, 1, 22, 13, 9456 }, // U+0421
    { 16, 21, 260, 0, 21, 7, 9469 }, // U+0422
    { 18, 22, 288, 0, 21, 11, 9476 }, // U+0423
    { 22, 23, 381, 1, 22, 41, 9487 }, // U+0424
    { 17, 21, 274, 0, 21, 13, 9528 }, // U+0425
    { 20, 26, 345, 2, 21, 22, 9541 }, // U+0426
    { 15, 21, 314, 2, 21, 20, 9563 }, // U+0427
    { 26, 21, 483, 2, 21, 30, 9583 }, // U+0428
    { 28, 26, 479, 2, 21, 32, 9613 }, // U+0429
    { 19, 21, 320, 0, 21, 23, 9645 }, // U+042A
    { 20, 21, 396, 2, 21, 29, 9668 }, // U+042B
    { 15, 21, 283, 2, 21, 15, 9697 }, // U+042C
    { 17, 23, 302, 1, 22, 27, 9712 }, // U+042D
    { 26, 23, 466, 2, 22, 39, 9739 }, // U+042E
    { 16, 21, 298, 0, 21, 25, 9778 }, // U+042F
    { 13, 17, 260, 1, 16, 17, 9803 }, // U+0430
    { 16, 24, 279, 1, 23, 31, 9820 }, // U+0431
    { 14, 16, 263, 2, 16, 25, 9851 }, // U+0432
    { 11, 16, 204, 2, 16, 10, 9876 }, // U+0433
    { 18, 21, 283, 0, 16, 25, 9886 }, // U+0434
    { 14, 17, 257, 1, 16, 22, 9911 }, // U+0435
    { 22, 16, 354, 0, 16, 34, 9933 }, // U+0436
    { 13, 17, 228, 0, 16, 26, 9967 }, // U+0437
    { 14, 16, 290, 2, 16, 16, 9993 }, // U+0438
    { 14, 22, 290, 2, 22, 23, 10009 }, // U+0439
    { 14, 16, 248, 2, 16, 18, 10032 }, // U+043A
    { 15, 17, 274, 0, 16, 16, 10050 }, // U+043B
    { 18, 16, 358, 2, 16, 32, 10066 }, // U+043C
    { 14, 16, 287, 2, 16, 16, 10098 }, // U+043D
    { 15, 17, 277, 1, 16, 22, 10114 }, // U+043E
    { 14, 16, 283, 2, 16, 16, 10136 }, // U+043F
    { 15, 23, 284, 2, 16, 12, 10152 }, // U+0440
    { 13, 17, 230, 1, 16, 16, 10164 }, // U+0441
    { 14, 16, 217, 0, 16, 11, 10180 }, // U+0442
    { 15, 23, 238, 0, 16, 17, 10191 }, // U+0443
    { 20, 30, 344, 1, 23, 40, 10208 }, // U+0444
    { 15, 16, 239, 0, 16, 22, 10248 }, // U+0445
    { 16, 21, 286, 2, 16, 20, 10270 }, // U+0446
    { 14, 16, 275, 1, 16, 17, 10290 }, // U+0447
    { 22, 16, 417, 2, 16, 22, 10307 }, // U+0448
    { 24, 21, 419, 2, 16, 28, 10329 }, // U+0449
    { 17, 16, 291, 0, 16, 23, 10357 }, // U+044A
    { 18, 16, 354, 2, 16, 22, 10380 }, // U+044B
    { 13, 16, 254, 2, 16, 17, 10402 }, // U+044C
    { 13, 17, 231, 1, 16, 22, 10419 }, // U+044D
    { 20, 17, 373, 2, 16, 30, 10441 }, // U+044E
    { 14, 16, 269, 1, 16, 21, 10471 }, // U+044F
    { 14, 24, 257, 1, 23, 13, 10492 }, // U+0450
    { 14, 23, 257, 1, 22, 15, 10505 }, // U+0451
    { 16, 30, 289, 0, 23, 28, 10520 }, // U+0452
    { 11, 23, 204, 2, 23, 9, 10548 }, // U+0453
    { 13, 17, 230, 1, 16, 13, 10557 }, // U+0454
    { 12, 17, 218, 1, 16, 23, 10570 }, // U+0455
    { 4, 22, 120, 2, 22, 5, 10593 }, // U+0456
    { 7, 22, 120, 0, 22, 15, 10598 }, // U+0457
    { 8, 29, 120, -2, 22, 7, 10613 }, // U+0458
    { 24, 17, 401, 0, 16, 31, 10620 }, // U+0459
    { 23, 16, 415, 2, 16, 28, 10651 }, // U+045A
    { 16, 23, 290, 0, 23, 18, 10679 }, // U+045B
    { 14, 23, 248, 2, 23, 21, 10697 }, // U+045C
    { 14, 23, 290, 2, 23, 21, 10718 }, // U+045D
    { 15, 29, 238, 0, 22, 25, 10739 }, // U+045E
    { 14, 21, 283, 2, 16, 14, 10764 }, // U+045F
    { 27, 22, 429, 0, 21, 44, 10778 }, // U+0460
    { 23, 16, 368, 0, 16, 32, 10822 }, // U+0461
    { 19, 21, 315, 0, 21, 32, 10854 }, // U+0462
    { 17, 19, 296, 0, 19, 25, 10886 }, // U+0463
    { 25, 23, 430, 2, 22, 39, 10911 }, // U+0464
    { 19, 17, 346, 2, 16, 29, 10950 }, // U+0465
    { 20, 21, 319, 0, 21, 34, 10979 }, // U+0466
    { 17, 16, 267, 0, 16, 26, 11013 }, // U+0467
    { 26, 21, 434, 2, 21, 42, 11039 }, // U+0468
    { 21, 16, 364, 2, 16, 33, 11081 }, // U+0469
    { 21, 21, 340, 0, 21, 39, 11114 }, // U+046A
    { 19, 16, 299, 0, 16, 34, 11153 }, // U+046B
    { 27, 21, 459, 2, 21, 49, 11187 }, // U+046C
    { 23, 16, 396, 2, 16, 42, 11236 }, // U+046D
    { 16, 32, 274, 0, 25, 51, 11278 }, // U+046E
    { 13, 26, 229, 0, 20, 35, 11329 }, // U+046F
    { 20, 21, 375, 2, 21, 32, 11364 }, // U+0470
    { 18, 30, 355, 2, 23, 34, 11396 }, // U+0471
    { 20, 23, 365, 1, 22, 16, 11430 }, // U+0472
    { 16, 17, 282, 1, 16, 14, 11446 }, // U+0473
    { 20, 21, 296, 0, 21, 28, 11460 }, // U+0474
    { 16, 16, 241, 0, 16, 23, 11488 }, // U+0475
    { 20, 28, 296, 0, 28, 20, 11511 }, // U+0476
    { 16, 23, 241, 0, 23, 18, 11531 }, // U+0477
    { 35, 29, 569, 1, 22, 56, 11549 }, // U+0478
    { 31, 23, 511, 1, 16, 48, 11605 }, // U+0479
    { 22, 25, 383, 1, 23, 36, 11653 }, // U+047A
    { 17, 20, 308, 1, 18, 29, 11689 }, // U+047B
    { 28, 32, 479, 1, 31, 62, 11718 }, // U+047C
    { 24, 27, 422, 1, 26, 57, 11780 }, // U+047D
    { 27, 27, 429, 0, 26, 23, 11837 }, // U+047E
    { 23, 21, 368, 0, 21, 19, 11860 }, // U+047F
    { 17, 29, 300, 1, 22, 17, 11879 }, // U+0480
    { 13, 23, 230, 1, 16, 12, 11896 }, // U+0481
    { 16, 20, 284, 1, 19, 31, 11908 }, // U+0482
    { 12, 5, 0, -14, 21, 7, 11939 }, // U+0483
    { 12, 5, 0, -14, 22, 10, 11946 }, // U+0484
    { 5, 6, 0, -11, 23, 6, 11956 }, // U+0485
    { 4, 6, 0, -10, 23, 7, 11962 }, // U+0486
    { 12, 4, 0, -6, 26, 10, 11969 }, // U+0487
    { 34, 31, 0, -17, 23, 56, 11979 }, // U+0488
    { 34, 33, 0, -17, 24, 50, 12035 }, // U+0489
    { 21, 33, 366, 2, 27, 40, 12085 }, // U+048A
    { 17, 29, 308, 2, 23, 33, 12125 }, // U+048B
    { 17, 21, 287, 0, 21, 28, 12158 }, // U+048C
    { 16, 23, 277, 0, 23, 25, 12186 }, // U+048D
    { 15, 21, 286, 2, 21, 19, 12211 }, // U+048E
    { 15, 23, 287, 2, 16, 17, 12230 }, // U+048F
    { 13, 26, 248, 2, 26, 12, 12247 }, // U+0490
    { 11, 21, 204, 2, 21, 12, 12259 }, // U+0491
    { 15, 21, 247, 0, 21, 19, 12271 }, // U+0492
    { 13, 16, 203, 0, 16, 16, 12290 }, // U+0493
    { 16, 29, 304, 2, 21, 32, 12306 }, // U+0494
    { 13, 24, 249, 2, 16, 25, 12338 }, // U+0495
    { 26, 27, 422, 0, 21, 47, 12363 }, // U+0496
    { 23, 22, 372, 0, 16, 40, 12410 }, // U+0497
    { 15, 29, 269, 1, 22, 19, 12450 }, // U+0498
    { 13, 23, 228, 0, 16, 19, 12469 }, // U+0499
    { 18, 27, 313, 2, 21, 29, 12488 }, // U+049A
    { 14, 22, 260, 2, 16, 22, 12517 }, // U+049B
    { 17, 21, 292, 2, 21, 29, 12539 }, // U+049C
    { 14, 16, 247, 2, 16, 18, 12568 }, // U+049D
    { 18, 21, 292, 0, 21, 31, 12586 }, // U+049E
    { 16, 23, 249, 0, 23, 28, 12617 }, // U+049F
    { 21, 21, 323, 0, 21, 29, 12645 }, // U+04A0
    { 19, 16, 291, 0, 16, 23, 12674 }, // U+04A1
    { 20, 27, 352, 2, 21, 22, 12697 }, // U+04A2
    { 17, 22, 307, 2, 16, 21, 12719 }, // U+04A3
    { 22, 21, 380, 2, 21, 22, 12740 }, // U+04A4
    { 20, 16, 344, 2, 16, 19, 12762 }, // U+04A5
    { 28, 29, 493, 2, 21, 36, 12781 }, // U+04A6
    { 23, 24, 403, 2, 16, 31, 12817 }, // U+04A7
    { 21, 24, 364, 1, 22, 39, 12848 }, // U+04A8
    { 17, 17, 300, 1, 16, 34, 12887 }, // U+04A9
    { 17, 29, 295, 1, 22, 18, 12921 }, // U+04AA
    { 13, 23, 224, 1, 16, 15, 12939 }, // U+04AB
    { 16, 27, 260, 0, 21, 15, 12954 }, // U+04AC
    { 14, 22, 222, 0, 16, 16, 12969 }, // U+04AD
    { 17, 21, 264, 0, 21, 10, 12985 }, // U+04AE
    { 15, 23, 237, 0, 16, 19, 12995 }, // U+04AF
    { 17, 21, 264, 0, 21, 16, 13014 }, // U+04B0
    { 15, 23, 237, 0, 16, 15, 13030 }, // U+04B1
    { 18, 27, 295, 0, 21, 33, 13045 }, // U+04B2
    { 16, 22, 258, 0, 16, 26, 13078 }, // U+04B3
    { 25, 27, 402, 0, 21, 25, 13104 }, // U+04B4
    { 21, 22, 338, 0, 16, 25, 13129 }, // U+04B5
    { 19, 27, 328, 2, 21, 26, 13154 }, // U+04B6
    { 16, 22, 290, 2, 16, 23, 13180 }, // U+04B7
    { 16, 21, 326, 2, 21, 25, 13203 }, // U+04B8
    { 14, 16, 283, 2, 16, 25, 13228 }, // U+04B9
    { 17, 21, 326, 2, 21, 21, 13253 }, // U+04BA
    { 14, 23, 288, 2, 23, 7, 13274 }, // U+04BB
    { 24, 23, 396, 0, 22, 38, 13281 }, // U+04BC
    { 18, 17, 310, 0, 16, 31, 13319 }, // U+04BD
    { 24, 28, 396, 0, 22, 17, 13350 }, // U+04BE
    { 18, 22, 310, 0, 16, 15, 13367 }, // U+04BF
    { 8, 21, 158, 1, 21, 6, 13382 }, // U+04C0
    { 27, 27, 422, 0, 27, 21, 13388 }, // U+04C1
    { 22, 22, 354, 0, 22, 19, 13409 }, // U+04C2
    { 17, 29, 325, 2, 21, 34, 13428 }, // U+04C3
    { 14, 24, 261, 2, 16, 27, 13462 }, // U+04C4
    { 21, 27, 336, 0, 21, 27, 13489 }, // U+04C5
    { 18, 22, 274, 0, 16, 22, 13516 }, // U+04C6
    { 17, 29, 341, 2, 21, 16, 13538 }, // U+04C7
    { 15, 24, 290, 2, 16, 24, 13554 }, // U+04C8
    { 20, 27, 353, 2, 21, 14, 13578 }, // U+04C9
    { 17, 22, 309, 2, 16, 15, 13592 }, // U+04CA
    { 16, 27, 326, 2, 21, 19, 13607 }, // U+04CB
    { 14, 22, 286, 2, 16, 20, 13626 }, // U+04CC
    { 25, 27, 428, 2, 21, 44, 13646 }, // U+04CD
    { 20, 22, 352, 2, 16, 35, 13690 }, // U+04CE
    { 8, 21, 158, 1, 21, 6, 13725 }, // U+04CF
    { 19, 27, 298, 0, 27, 18, 13731 }, // U+04D0
    { 13, 23, 262, 1, 22, 17, 13749 }, // U+04D1
    { 19, 27, 298, 0, 27, 14, 13766 }, // U+04D2
    { 13, 23, 262, 1, 22, 12, 13780 }, // U+04D3
    { 25, 21, 411, -1, 21, 11, 13792 }, // U+04D4
    { 23, 17, 403, 1, 16, 13, 13803 }, // U+04D5
    { 13, 27, 260, 2, 27, 14, 13816 }, // U+04D6
    { 14, 23, 263, 1, 22, 16, 13830 }, // U+04D7
    { 19, 23, 345, 1, 22, 33, 13846 }, // U+04D8
    { 14, 17, 263, 1, 16, 8, 13879 }, // U+04D9
    { 19, 28, 345, 1, 27, 17, 13887 }, // U+04DA
    { 14, 23, 263, 1, 22, 14, 13904 }, // U+04DB
    { 27, 27, 422, 0, 27, 20, 13918 }, // U+04DC
    { 22, 22, 354, 0, 22, 18, 13938 }, // U+04DD
    { 15, 28, 269, 1, 27, 17, 13956 }, // U+04DE
    { 13, 23, 228, 0, 22, 16, 13973 }, // U+04DF
    { 15, 22, 273, 1, 21, 10, 13989 }, // U+04E0
    { 14, 23, 232, 0, 16, 10, 13999 }, // U+04E1
    { 18, 25, 353, 2, 25, 13, 14009 }, // U+04E2
    { 14, 20, 290, 2, 20, 11, 14022 }, // U+04E3
    { 18, 27, 353, 2, 27, 16, 14033 }, // U+04E4
    { 14, 22, 290, 2, 22, 15, 14049 }, // U+04E5
    { 20, 28, 365, 1, 27, 13, 14064 }, // U+04E6
    { 16, 23, 282, 1, 22, 11, 14077 }, // U+04E7
    { 20, 23, 365, 1, 22, 12, 14088 }, // U+04E8
    { 16, 17, 282, 1, 16, 10, 14100 }, // U+04E9
    { 20, 28, 365, 1, 27, 18, 14110 }, // U+04EA
    { 16, 23, 282, 1, 22, 15, 14128 }, // U+04EB
    { 17, 28, 302, 1, 27, 16, 14143 }, // U+04EC
    { 13, 23, 231, 1, 22, 15, 14159 }, // U+04ED
    { 18, 26, 288, 0, 25, 15, 14174 }, // U+04EE
    { 15, 27, 238, 0, 20, 21, 14189 }, // U+04EF
    { 18, 28, 288, 0, 27, 17, 14210 }, // U+04F0
    { 15, 29, 238, 0, 22, 23, 14227 }, // U+04F1
    { 18, 29, 288, 0, 28, 20, 14250 }, // U+04F2
    { 15, 30, 238, 0, 23, 18, 14270 }, // U+04F3
    { 15, 27, 314, 2, 27, 13, 14288 }, // U+04F4
    { 14, 22, 275, 1, 22, 13, 14301 }, // U+04F5
    { 13, 27, 247, 2, 21, 14, 14314 }, // U+04F6
    { 10, 22, 202, 2, 16, 13, 14328 }, // U+04F7
    { 20, 27, 396, 2, 27, 15, 14341 }, // U+04F8
    { 18, 22, 354, 2, 22, 14, 14356 }, // U+04F9
    { 15, 27, 247, 0, 21, 16, 14370 }, // U+04FA
    { 13, 22, 203, 0, 16, 14, 14386 }, // U+04FB
    { 18, 27, 295, 0, 21, 18, 14400 }, // U+04FC
    { 16, 22, 257, 0, 16, 17, 14418 }, // U+04FD
    { 17, 21, 274, 0, 21, 19, 14435 }, // U+04FE
    { 15, 16, 247, 0, 16, 14, 14454 }, // U+04FF
    { 19, 27, 298, 0, 21, 16, 14468 }, // U+1EA0
    { 13, 22, 262, 1, 16, 14, 14484 }, // U+1EA1
    { 19, 29, 298, 0, 29, 18, 14498 }, // U+1EA2
    { 13, 25, 262, 1, 24, 16, 14516 }, // U+1EA3
    { 19, 29, 298, 0, 29, 22, 14532 }, // U+1EA4
    { 15, 25, 262, 1, 24, 41, 14554 }, // U+1EA5
    { 19, 29, 298, 0, 29, 21, 14595 }, // U+1EA6
    { 14, 25, 262, 0, 24, 40, 14616 }, // U+1EA7
    { 19, 31, 298, 0, 31, 24, 14656 }, // U+1EA8
    { 15, 27, 262, 1, 26, 20, 14680 }, // U+1EA9
    { 19, 31, 298, 0, 31, 29, 14700 }, // U+1EAA
    { 13, 27, 262, 1, 26, 26, 14729 }, // U+1EAB
    { 19, 34, 298, 0, 28, 18, 14755 }, // U+1EAC
    { 13, 29, 262, 1, 23, 17, 14773 }, // U+1EAD
    { 19, 30, 298, 0, 30, 20, 14790 }, // U+1EAE
    { 13, 26, 262, 1, 25, 19, 14810 }, // U+1EAF
    { 19, 30, 298, 0, 30, 19, 14829 }, // U+1EB0
    { 13, 26, 262, 1, 25, 19, 14848 }, // U+1EB1
    { 19, 31, 298, 0, 31, 23, 14867 }, // U+1EB2
    { 13, 27, 262, 1, 26, 20, 14890 }, // U+1EB3
    { 19, 31, 298, 0, 31, 26, 14910 }, // U+1EB4
    { 13, 27, 262, 1, 26, 26, 14936 }, // U+1EB5
    { 19, 33, 298, 0, 27, 20, 14962 }, // U+1EB6
    { 13, 28, 262, 1, 22, 18, 14982 }, // U+1EB7
    { 13, 27, 260, 2, 21, 12, 15000 }, // U+1EB8
    { 14, 22, 263, 1, 16, 14, 15012 }, // U+1EB9
    { 13, 29, 260, 2, 29, 16, 15026 }, // U+1EBA
    { 14, 25, 263, 1, 24, 16, 15042 }, // U+1EBB
    { 13, 27, 260, 2, 27, 17, 15058 }, // U+1EBC
    { 14, 23, 263, 1, 22, 18, 15075 }, // U+1EBD
    { 15, 29, 260, 2, 29, 29, 15093 }, // U+1EBE
    { 16, 25, 263, 1, 24, 36, 15122 }, // U+1EBF
    { 14, 29, 260, 1, 29, 30, 15158 }, // U+1EC0
    { 15, 25, 263, 0, 24, 38, 15188 }, // U+1EC1
    { 14, 31, 260, 2, 31, 30, 15226 }, // U+1EC2
    { 15, 27, 263, 1, 26, 41, 15256 }, // U+1EC3
    { 13, 31, 260, 2, 31, 25, 15297 }, // U+1EC4
    { 14, 27, 263, 1, 26, 24, 15322 }, // U+1EC5
    { 13, 34, 260, 2, 28, 15, 15346 }, // U+1EC6
    { 14, 29, 263, 1, 23, 18, 15361 }, // U+1EC7
    { 8, 29, 158, 1, 29, 15, 15379 }, // U+1EC8
    { 7, 24, 120, 1, 24, 16, 15394 }, // U+1EC9
    { 8, 27, 158, 1, 21, 10, 15410 }, // U+1ECA
    { 4, 28, 120, 2, 22, 9, 15420 }, // U+1ECB
    { 20, 28, 365, 1, 22, 15, 15429 }, // U+1ECC
    { 16, 22, 282, 1, 16, 13, 15444 }, // U+1ECD
    { 20, 30, 365, 1, 29, 19, 15457 }, // U+1ECE
    { 16, 25, 282, 1, 24, 16, 15476 }, // U+1ECF
    { 20, 30, 365, 1, 29, 21, 15492 }, // U+1ED0
    { 16, 25, 282, 1, 24, 18, 15513 }, // U+1ED1
    { 20, 30, 365, 1, 29, 18, 15531 }, // U+1ED2
    { 16, 25, 282, 1, 24, 17, 15549 }, // U+1ED3
    { 20, 32, 365, 1, 31, 21, 15566 }, // U+1ED4
    { 16, 27, 282, 1, 26, 20, 15587 }, // U+1ED5
    { 20, 32, 365, 1, 31, 25, 15607 }, // U+1ED6
    { 16, 27, 282, 1, 26, 24, 15632 }, // U+1ED7
    { 20, 34, 365, 1, 28, 18, 15656 }, // U+1ED8
    { 16, 29, 282, 1, 23, 16, 15674 }, // U+1ED9
    { 23, 29, 366, 1, 28, 16, 15690 }, // U+1EDA
    { 18, 24, 288, 1, 23, 13, 15706 }, // U+1EDB
    { 23, 29, 366, 1, 28, 17, 15719 }, // U+1EDC
    { 18, 24, 288, 1, 23, 13, 15736 }, // U+1EDD
    { 23, 30, 366, 1, 29, 19, 15749 }, // U+1EDE
    { 18, 25, 288, 1, 24, 17, 15768 }, // U+1EDF
    { 23, 28, 366, 1, 27, 20, 15785 }, // U+1EE0
    { 18, 23, 288, 1, 22, 18, 15805 }, // U+1EE1
    { 23, 29, 366, 1, 23, 17, 15823 }, // U+1EE2
    { 18, 25, 288, 1, 19, 14, 15840 }, // U+1EE3
    { 17, 27, 341, 2, 21, 13, 15854 }, // U+1EE4
    { 14, 22, 288, 2, 16, 12, 15867 }, // U+1EE5
    { 17, 30, 341, 2, 29, 17, 15879 }, // U+1EE6
    { 14, 25, 288, 2, 24, 17, 15896 }, // U+1EE7
    { 22, 29, 364, 2, 28, 14, 15913 }, // U+1EE8
    { 19, 24, 315, 2, 23, 13, 15927 }, // U+1EE9
    { 22, 29, 364, 2, 28, 14, 15940 }, // U+1EEA
    { 19, 24, 315, 2, 23, 14, 15954 }, // U+1EEB
    { 22, 30, 364, 2, 29, 17, 15968 }, // U+1EEC
    { 19, 25, 315, 2, 24, 16, 15985 }, // U+1EED
    { 22, 28, 364, 2, 27, 19, 16001 }, // U+1EEE
    { 19, 23, 315, 2, 22, 19, 16020 }, // U+1EEF
    { 22, 29, 364, 2, 23, 15, 16039 }, // U+1EF0
    { 19, 25, 315, 2, 19, 15, 16054 }, // U+1EF1
    { 17, 28, 264, 0, 28, 14, 16069 }, // U+1EF2
    { 15, 30, 238, 0, 23, 14, 16083 }, // U+1EF3
    { 17, 27, 264, 0, 21, 14, 16097 }, // U+1EF4
    { 15, 23, 238, 0, 16, 14, 16111 }, // U+1EF5
    { 17, 29, 264, 0, 29, 18, 16125 }, // U+1EF6
    { 15, 31, 238, 0, 24, 34, 16143 }, // U+1EF7
    { 17, 27, 264, 0, 27, 18, 16177 }, // U+1EF8
    { 15, 29, 238, 0, 22, 19, 16195 }, // U+1EF9
    { 0, 0, 233, 0, 0, 0, 16214 }, // U+2000
    { 0, 0, 467, 0, 0, 0, 16214 }, // U+2001
    { 0, 0, 233, 0, 0, 0, 16214 }, // U+2002
    { 0, 0, 467, 0, 0, 0, 16214 }, // U+2003
    { 0, 0, 155, 0, 0, 0, 16214 }, // U+2004
    { 0, 0, 117, 0, 0, 0, 16214 }, // U+2005
    { 0, 0, 78, 0, 0, 0, 16214 }, // U+2006
    { 0, 0, 267, 0, 0, 0, 16214 }, // U+2007
    { 0, 0, 125, 0, 0, 0, 16214 }, // U+2008
    { 0, 0, 77, 0, 0, 0, 16214 }, // U+2009
    { 0, 0, 47, 0, 0, 0, 16214 }, // U+200A
    { 0, 0, 0, 0, 0, 0, 16214 }, // U+200B
    { 0, 0, 0, 0, 0, 0, 16214 }, // U+200C
    { 0, 0, 0, 0, 0, 0, 16214 }, // U+200D
    { 8, 25, 0, -1, 21, 17, 16214 }, // U+200E
    { 8, 25, 0, -7, 21, 16, 16231 }, // U+200F
    { 8, 3, 150, 1, 9, 4, 16247 }, // U+2010
    { 8, 3, 150, 1, 9, 4, 16251 }, // U+2011
    { 15, 3, 267, 1, 12, 7, 16255 }, // U+2012
    { 13, 3, 233, 1, 9, 5, 16262 }, // U+2013
    { 27, 3, 467, 1, 9, 7, 16267 }, // U+2014
    { 27, 3, 467, 1, 9, 4, 16274 }, // U+2015
    { 10, 31, 257, 3, 23, 17, 16278 }, // U+2016
    { 14, 7, 192, -1, 0, 5, 16295 }, // U+2017
    { 5, 8, 82, 0, 21, 6, 16300 }, // U+2018
    { 5, 8, 82, 0, 21, 6, 16306 }, // U+2019
    { 6, 8, 117, 0, 4, 5, 16312 }, // U+201A
    { 5, 8, 82, 0, 21, 8, 16317 }, // U+201B
    { 11, 8, 168, 0, 21, 13, 16325 }, // U+201C
    { 11, 8, 168, 0, 21, 11, 16338 }, // U+201D
    { 11, 8, 194, 0, 4, 11, 16349 }, // U+201E
    { 11, 8, 168, 0, 21, 13, 16360 }, // U+201F
    { 13, 23, 239, 1, 23, 21, 16373 }, // U+2020
    { 13, 23, 239, 1, 23, 28, 16394 }, // U+2021
    { 7, 8, 175, 2, 15, 8, 16422 }, // U+2022
    { 9, 10, 172, 1, 16, 10, 16430 }, // U+2023
    { 5, 5, 233, 5, 4, 6, 16440 }, // U+2024
    { 12, 5, 250, 2, 4, 10, 16446 }, // U+2025
    { 19, 5, 369, 2, 4, 13, 16456 }, // U+2026
    { 4, 5, 125, 2, 10, 4, 16469 }, // U+2027
    { 0, 0, 280, 0, 0, 0, 16473 }, // U+2028
    { 0, 0, 280, 0, 0, 0, 16473 }, // U+2029
    { 8, 22, 0, -1, 18, 7, 16473 }, // U+202A
    { 8, 22, 0, -7, 18, 6, 16480 }, // U+202B
    { 8, 25, 0, -4, 21, 13, 16486 }, // U+202C
    { 8, 25, 0, -4, 21, 11, 16499 }, // U+202D
    { 8, 25, 0, -4, 21, 11, 16510 }, // U+202E
    { 0, 0, 77, 0, 0, 0, 16521 }, // U+202F
    { 32, 23, 549, 1, 22, 66, 16521 }, // U+2030
    { 43, 23, 721, 1, 22, 82, 16587 }, // U+2031
    { 7, 8, 108, 1, 21, 7, 16669 }, // U+2032
    { 12, 8, 190, 1, 21, 13, 16676 }, // U+2033
    { 17, 8, 273, 1, 21, 20, 16689 }, // U+2034
    { 7, 8, 108, -1, 21, 8, 16709 }, // U+2035
    { 12, 8, 205, -1, 21, 15, 16717 }, // U+2036
    { 17, 8, 281, -1, 21, 22, 16732 }, // U+2037
    { 12, 10, 186, 0, 3, 12, 16754 }, // U+2038
    { 7, 13, 145, 1, 14, 11, 16766 }, // U+2039
    { 7, 13, 145, 1, 14, 11, 16777 }, // U+203A
    { 22, 23, 391, 1, 22, 53, 16788 }, // U+203B
    { 11, 22, 233, 2, 21, 24, 16841 }, // U+203C
    { 13, 23, 207, 0, 22, 21, 16865 }, // U+203D
    { 16, 3, 233, -1, 25, 4, 16886 }, // U+203E
    { 18, 7, 284, 0, 0, 14, 16890 }, // U+203F
    { 18, 8, 284, 0, 24, 14, 16904 }, // U+2040
    { 11, 19, 175, 0, 12, 19, 16918 }, // U+2041
    { 33, 28, 522, 0, 23, 72, 16937 }, // U+2042
    { 8, 3, 150, 1, 9, 4, 17009 }, // U+2043
    { 16, 21, 61, -6, 21, 15, 17013 }, // U+2044
    { 7, 26, 151, 2, 21, 18, 17028 }, // U+2045
    { 8, 26, 151, 0, 21, 13, 17046 }, // U+2046
    { 25, 23, 399, 0, 22, 39, 17059 }, // U+2047
    { 18, 23, 317, 0, 22, 32, 17098 }, // U+2048
    { 18, 23, 318, 2, 22, 32, 17130 }, // U+2049
    { 15, 16, 267, 1, 16, 15, 17162 }, // U+204A
    { 16, 27, 306, 2, 23, 28, 17177 }, // U+204B
    { 16, 15, 298, 1, 16, 17, 17205 }, // U+204C
    { 16, 15, 298, 2, 16, 20, 17222 }, // U+204D
    { 14, 14, 257, 1, 8, 9, 17242 }, // U+204E
    { 6, 21, 111, 1, 17, 11, 17251 }, // U+204F
    { 18, 31, 282, 0, 24, 21, 17262 }, // U+2050
    { 14, 29, 257, 1, 23, 34, 17283 }, // U+2051
    { 11, 23, 174, 0, 22, 21, 17317 }, // U+2052
    { 25, 5, 467, 2, 11, 19, 17338 }, // U+2053
    { 18, 7, 282, 0, 0, 15, 17357 }, // U+2054
    { 16, 16, 267, 0, 15, 35, 17372 }, // U+2055
    { 13, 23, 241, 1, 22, 13, 17407 }, // U+2056
    { 22, 8, 346, 1, 21, 24, 17420 }, // U+2057
    { 22, 23, 384, 1, 22, 18, 17444 }, // U+2058
    { 22, 23, 387, 1, 22, 23, 17462 }, // U+2059
    { 4, 23, 103, 1, 22, 8, 17485 }, // U+205A
    { 17, 23, 305, 1, 22, 18, 17493 }, // U+205B
    { 22, 23, 372, 1, 22, 38, 17511 }, // U+205C
    { 4, 22, 125, 2, 21, 14, 17549 }, // U+205D
    { 4, 23, 125, 2, 22, 18, 17563 }, // U+205E
    { 0, 0, 104, 0, 0, 0, 17581 }, // U+205F
    { 0, 0, 280, 0, 0, 0, 17581 }, // U+2060
    { 0, 0, 280, 0, 0, 0, 17581 }, // U+2061
    { 0, 0, 280, 0, 0, 0, 17581 }, // U+2062
    { 0, 0, 280, 0, 0, 0, 17581 }, // U+2063
    { 0, 0, 280, 0, 0, 0, 17581 }, // U+2064
    { 0, 0, 0, 0, 0, 0, 17581 }, // U+2066
    { 0, 0, 0, 0, 0, 0, 17581 }, // U+2067
    { 0, 0, 0, 0, 0, 0, 17581 }, // U+2068
    { 0, 0, 0, 0, 0, 0, 17581 }, // U+2069
    { 8, 25, 0, -4, 21, 15, 17581 }, // U+206A
    { 8, 25, 0, -4, 21, 10, 17596 }, // U+206B
    { 8, 25, 0, -4, 21, 11, 17606 }, // U+206C
    { 8, 25, 0, -4, 21, 11, 17617 }, // U+206D
    { 8, 25, 0, -4, 21, 16, 17628 }, // U+206E
    { 8, 25, 0, -4, 21, 14, 17644 }, // U+206F
    { 10, 14, 163, 0, 25, 16, 17658 }, // U+2070
    { 3, 14, 78, 1, 22, 8, 17674 }, // U+2071
    { 10, 13, 163, 0, 25, 14, 17682 }, // U+2074
    { 10, 14, 163, 0, 25, 16, 17696 }, // U+2075
    { 10, 14, 163, 0, 25, 19, 17712 }, // U+2076
    { 10, 13, 163, 0, 25, 11, 17731 }, // U+2077
    { 10, 14, 163, 0, 25, 20, 17742 }, // U+2078
    { 10, 14, 163, 0, 25, 21, 17762 }, // U+2079
    { 8, 9, 158, 1, 22, 10, 17783 }, // U+207A
    { 8, 3, 158, 1, 19, 4, 17793 }, // U+207B
    { 8, 6, 158, 1, 20, 7, 17797 }, // U+207C
    { 6, 17, 105, 1, 27, 9, 17804 }, // U+207D
    { 5, 17, 105, 0, 27, 11, 17813 }, // U+207E
    { 10, 10, 188, 1, 18, 14, 17824 }, // U+207F
    { 10, 14, 163, 0, 9, 7, 17838 }, // U+2080
    { 6, 13, 163, 1, 9, 5, 17845 }, // U+2081
    { 9, 13, 163, 0, 9, 6, 17850 }, // U+2082
    { 10, 14, 163, 0, 9, 9, 17856 }, // U+2083
    { 10, 13, 163, 0, 9, 7, 17865 }, // U+2084
    { 10, 14, 163, 0, 9, 7, 17872 }, // U+2085
    { 10, 14, 163, 0, 9, 7, 17879 }, // U+2086
    { 10, 13, 163, 0, 9, 7, 17886 }, // U+2087
    { 10, 14, 163, 0, 9, 9, 17893 }, // U+2088
    { 10, 14, 163, 0, 9, 8, 17902 }, // U+2089
    { 8, 9, 158, 1, 6, 6, 17910 }, // U+208A
    { 8, 3, 158, 1, 3, 4, 17916 }, // U+208B
    { 8, 6, 158, 1, 4, 5, 17920 }, // U+208C
    { 6, 17, 105, 1, 11, 6, 17925 }, // U+208D
    { 5, 17, 105, 0, 11, 6, 17931 }, // U+208E
    { 10, 10, 170, 0, 7, 18, 17937 }, // U+2090
    { 9, 10, 171, 1, 7, 17, 17955 }, // U+2091
    { 10, 10, 183, 1, 7, 16, 17972 }, // U+2092
    { 10, 10, 161, 0, 7, 17, 17988 }, // U+2093
    { 10, 10, 171, 0, 7, 17, 18005 }, // U+2094
    { 10, 14, 188, 1, 11, 16, 18022 }, // U+2095
    { 9, 14, 162, 1, 11, 18, 18038 }, // U+2096
    { 3, 14, 78, 1, 11, 7, 18056 }, // U+2097
    { 16, 10, 284, 1, 7, 21, 18063 }, // U+2098
    { 10, 10, 188, 1, 7, 9, 18084 }, // U+2099
    { 10, 14, 187, 1, 7, 18, 18093 }, // U+209A
    { 9, 10, 145, 0, 7, 17, 18111 }, // U+209B
    { 7, 12, 110, 0, 9, 14, 18128 }, // U+209C
    { 15, 22, 267, 1, 22, 28, 18142 }, // U+20A0
    { 16, 25, 267, 1, 23, 46, 18170 }, // U+20A1
    { 15, 23, 267, 1, 22, 33, 18216 }, // U+20A2
    { 15, 21, 267, 1, 21, 21, 18249 }, // U+20A3
    { 16, 22, 267, 0, 22, 31, 18270 }, // U+20A4
    { 23, 24, 436, 2, 20, 22, 18301 }, // U+20A5
    { 17, 21, 267, 0, 21, 49, 18323 }, // U+20A6
    { 20, 22, 362, 2, 21, 35, 18372 }, // U+20A7
    { 22, 22, 389, 2, 21, 46, 18407 }, // U+20A8
    { 20, 21, 313, 0, 21, 53, 18453 }, // U+20A9
    { 19, 21, 373, 2, 21, 31, 18506 }, // U+20AA
    { 17, 28, 288, 1, 23, 18, 18537 }, // U+20AB
    { 17, 23, 267, 0, 22, 34, 18555 }, // U+20AC
    { 17, 21, 267, 0, 21, 33, 18589 }, // U+20AD
    { 17, 21, 267, 0, 21, 29, 18622 }, // U+20AE
    { 28, 29, 453, 0, 22, 50, 18651 }, // U+20AF
    { 16, 29, 267, 0, 22, 38, 18701 }, // U+20B0
    { 17, 21, 267, 0, 21, 38, 18739 }, // U+20B1
    { 19, 26, 340, 1, 23, 19, 18777 }, // U+20B2
    { 18, 21, 284, 0, 21, 39, 18796 }, // U+20B3
    { 16, 23, 256, 0, 22, 39, 18835 }, // U+20B4
    { 17, 26, 295, 1, 23, 24, 18874 }, // U+20B5
    { 18, 21, 290, 0, 20, 30, 18898 }, // U+20B6
    { 20, 25, 339, 0, 22, 57, 18928 }, // U+20B7
    { 16, 21, 255, 0, 21, 19, 18985 }, // U+20B8
    { 13, 21, 267, 2, 21, 25, 19004 }, // U+20B9
    { 16, 22, 267, 0, 21, 36, 19029 }, // U+20BA
    { 23, 23, 365, 0, 22, 47, 19065 }, // U+20BB
    { 21, 21, 378, 1, 21, 30, 19112 }, // U+20BC
    { 16, 21, 272, 0, 21, 30, 19142 }, // U+20BD
    { 20, 23, 360, 1, 23, 41, 19172 }, // U+20BE
    { 14, 27, 267, 2, 24, 42, 19213 }, // U+20BF
    { 12, 21, 230, 1, 16, 24, 19255 }, // U+20C0
    { 15, 3, 267, 1, 12, 4, 19279 }, // U+2212
    { 22, 23, 321, 0, 23, 33, 19283 }, // U+FB00
    { 16, 23, 281, 0, 23, 28, 19316 }, // U+FB01
    { 16, 23, 281, 0, 23, 14, 19344 }, // U+FB02
    { 26, 23, 442, 0, 23, 43, 19358 }, // U+FB03
    { 26, 23, 442, 0, 23, 20, 19401 }, // U+FB04
    { 17, 24, 314, 2, 23, 29, 19421 }, // U+FB05
    { 23, 24, 392, 1, 23, 49, 19450 }, // U+FB06
    { 27, 28, 467, 1, 23, 48, 19499 }, // U+FFFD
};

static const EpdUnicodeInterval notosans_14_regularIntervals[] = {
    { 0x0, 0x0, 0x0 },
    { 0xD, 0xD, 0x1 },
    { 0x20, 0x7E, 0x2 },
    { 0xA0, 0x17F, 0x61 },
    { 0x1A0, 0x1A1, 0x141 },
    { 0x1AF, 0x1B0, 0x143 },
    { 0x1C4, 0x21F, 0x145 },
    { 0x300, 0x36F, 0x1A1 },
    { 0x400, 0x4FF, 0x211 },
    { 0x1EA0, 0x1EF9, 0x311 },
    { 0x2000, 0x2064, 0x36B },
    { 0x2066, 0x2071, 0x3D0 },
    { 0x2074, 0x208E, 0x3DC },
    { 0x2090, 0x209C, 0x3F7 },
    { 0x20A0, 0x20C0, 0x404 },
    { 0x2212, 0x2212, 0x425 },
    { 0xFB00, 0xFB06, 0x426 },
    { 0xFFFD, 0xFFFD, 0x42D },
};

static const EpdKernClassEntry notosans_14_regularKernLeftClasses[] = {
    { 0x0022, 1 }, // "
    { 0x0026, 2 }, // &
    { 0x0027, 1 }, // '
    { 0x0028, 3 }, // (
    { 0x002C, 4 }, // ,
    { 0x002D, 5 }, // -
    { 0x002E, 4 }, // .
    { 0x003A, 6 }, // :
    { 0x0041, 7 }, // A
    { 0x0042, 8 }, // B
    { 0x0043, 9 }, // C
    { 0x0044, 10 }, // D
    { 0x0045, 11 }, // E
    { 0x0046, 12 }, // F
    { 0x004B, 9 }, // K
    { 0x004C, 13 }, // L
    { 0x004F, 10 }, // O
    { 0x0050, 14 }, // P
    { 0x0051, 10 }, // Q
    { 0x0052, 15 }, // R
    { 0x0054, 16 }, // T
    { 0x0055, 17 }, // U
    { 0x0056, 18 }, // V
    { 0x0057, 18 }, // W
    { 0x0058, 9 }, // X
    { 0x0059, 19 }, // Y
    { 0x005A, 20 }, // Z
    { 0x005B, 3 }, // [
    { 0x005F, 21 }, // _
    { 0x0061, 22 }, // a
    { 0x0062, 23 }, // b
    { 0x0063, 24 }, // c
    { 0x0065, 23 }, // e
    { 0x0066, 25 }, // f
    { 0x0068, 22 }, // h
    { 0x006D, 22 }, // m
    { 0x006E, 22 }, // n
    { 0x006F, 23 }, // o
    { 0x0070, 23 }, // p
    { 0x0072, 26 }, // r
    { 0x0074, 24 }, // t
    { 0x0076, 27 }, // v
    { 0x0077, 27 }, // w
    { 0x0078, 28 }, // x
    { 0x0079, 27 }, // y
    { 0x007B, 3 }, // {
    { 0x00A1, 29 }, // U+00A1
    { 0x00AB, 30 }, // U+00AB
    { 0x00BB, 31 }, // U+00BB
    { 0x00BF, 32 }, // U+00BF
    { 0x00C0, 7 }, // U+00C0
    { 0x00C1, 7 }, // U+00C1
    { 0x00C2, 7 }, // U+00C2
    { 0x00C3, 7 }, // U+00C3
    { 0x00C4, 7 }, // U+00C4
    { 0x00C5, 7 }, // U+00C5
    { 0x00C6, 11 }, // U+00C6
    { 0x00C7, 9 }, // U+00C7
    { 0x00C8, 11 }, // U+00C8
    { 0x00C9, 11 }, // U+00C9
    { 0x00CA, 11 }, // U+00CA
    { 0x00CB, 11 }, // U+00CB
    { 0x00D0, 10 }, // U+00D0
    { 0x00D2, 10 }, // U+00D2
    { 0x00D3, 10 }, // U+00D3
    { 0x00D4, 10 }, // U+00D4
    { 0x00D5, 10 }, // U+00D5
    { 0x00D6, 10 }, // U+00D6
    { 0x00D8, 10 }, // U+00D8
    { 0x00D9, 17 }, // U+00D9
    { 0x00DA, 17 }, // U+00DA
    { 0x00DB, 17 }, // U+00DB
    { 0x00DC, 17 }, // U+00DC
    { 0x00DD, 19 }, // U+00DD
    { 0x00DE, 14 }, // U+00DE
    { 0x00E0, 22 }, // U+00E0
    { 0x00E1, 22 }, // U+00E1
    { 0x00E2, 22 }, // U+00E2
    { 0x00E3, 22 }, // U+00E3
    { 0x00E4, 22 }, // U+00E4
    { 0x00E5, 22 }, // U+00E5
    { 0x00E6, 23 }, // U+00E6
    { 0x00E8, 23 }, // U+00E8
    { 0x00E9, 23 }, // U+00E9
    { 0x00EA, 23 }, // U+00EA
    { 0x00EB, 23 }, // U+00EB
    { 0x00EE, 33 }, // U+00EE
    { 0x00EF, 33 }, // U+00EF
    { 0x00F0, 23 }, // U+00F0
    { 0x00F2, 23 }, // U+00F2
    { 0x00F3, 23 }, // U+00F3
    { 0x00F4, 23 }, // U+00F4
    { 0x00F5, 23 }, // U+00F5
    { 0x00F6, 23 }, // U+00F6
    { 0x00F8, 23 }, // U+00F8
    { 0x00FD, 27 }, // U+00FD
    { 0x00FE, 23 }, // U+00FE
    { 0x00FF, 27 }, // U+00FF
    { 0x0100, 7 }, // U+0100
    { 0x0101, 22 }, // U+0101
    { 0x0102, 7 }, // U+0102
    { 0x0103, 22 }, // U+0103
    { 0x0104, 34 }, // U+0104
    { 0x0105, 22 }, // U+0105
    { 0x0106, 9 }, // U+0106
    { 0x0108, 9 }, // U+0108
    { 0x010A, 9 }, // U+010A
    { 0x010C, 9 }, // U+010C
    { 0x010E, 10 }, // U+010E
    { 0x010F, 35 }, // U+010F
    { 0x0110, 10 }, // U+0110
    { 0x0112, 11 }, // U+0112
    { 0x0113, 23 }, // U+0113
    { 0x0114, 11 }, // U+0114
    { 0x0115, 23 }, // U+0115
    { 0x0116, 11 }, // U+0116
    { 0x0117, 23 }, // U+0117
    { 0x0118, 11 }, // U+0118
    { 0x0119, 23 }, // U+0119
    { 0x011A, 11 }, // U+011A
    { 0x011B, 23 }, // U+011B
    { 0x0125, 22 }, // U+0125
    { 0x0129, 36 }, // U+0129
    { 0x012B, 33 }, // U+012B
    { 0x012E, 37 }, // U+012E
    { 0x0136, 9 }, // U+0136
    { 0x0138, 28 }, // U+0138
    { 0x0139, 13 }, // U+0139
    { 0x013B, 13 }, // U+013B
    { 0x013D, 13 }, // U+013D
    { 0x013E, 35 }, // U+013E
    { 0x013F, 13 }, // U+013F
    { 0x0141, 13 }, // U+0141
    { 0x0144, 22 }, // U+0144
    { 0x0146, 22 }, // U+0146
    { 0x0149, 22 }, // U+0149
    { 0x014B, 22 }, // U+014B
    { 0x014C, 10 }, // U+014C
    { 0x014D, 23 }, // U+014D
    { 0x014E, 10 }, // U+014E
    { 0x014F, 23 }, // U+014F
    { 0x0150, 10 }, // U+0150
    { 0x0151, 23 }, // U+0151
    { 0x0152, 11 }, // U+0152
    { 0x0153, 23 }, // U+0153
    { 0x0155, 26 }, // U+0155
    { 0x0157, 26 }, // U+0157
    { 0x0159, 26 }, // U+0159
    { 0x0162, 16 }, // U+0162
    { 0x0163, 24 }, // U+0163
    { 0x0164, 16 }, // U+0164
    { 0x0165, 38 }, // U+0165
    { 0x0166, 16 }, // U+0166
    { 0x0167, 24 }, // U+0167
    { 0x0168, 17 }, // U+0168
    { 0x016A, 17 }, // U+016A
    { 0x016C, 17 }, // U+016C
    { 0x016E, 17 }, // U+016E
    { 0x0170, 17 }, // U+0170
    { 0x0172, 17 }, // U+0172
    { 0x0174, 18 }, // U+0174
    { 0x0175, 27 }, // U+0175
    { 0x0176, 19 }, // U+0176
    { 0x0177, 27 }, // U+0177
    { 0x0178, 19 }, // U+0178
    { 0x0179, 20 }, // U+0179
    { 0x017B, 20 }, // U+017B
    { 0x017D, 20 }, // U+017D
    { 0x01A0, 39 }, // U+01A0
    { 0x01A1, 40 }, // U+01A1
    { 0x01AF, 41 }, // U+01AF
    { 0x01B0, 42 }, // U+01B0
    { 0x01FA, 7 }, // U+01FA
    { 0x01FB, 22 }, // U+01FB
    { 0x01FC, 11 }, // U+01FC
    { 0x01FD, 23 }, // U+01FD
    { 0x01FE, 10 }, // U+01FE
    { 0x020B, 33 }, // U+020B
    { 0x021A, 16 }, // U+021A
    { 0x021B, 24 }, // U+021B
    { 0x0400, 43 }, // U+0400
    { 0x0401, 43 }, // U+0401
    { 0x0402, 44 }, // U+0402
    { 0x0403, 45 }, // U+0403
    { 0x0404, 46 }, // U+0404
    { 0x0405, 47 }, // U+0405
    { 0x0409, 48 }, // U+0409
    { 0x040A, 48 }, // U+040A
    { 0x040B, 44 }, // U+040B
    { 0x040C, 49 }, // U+040C
    { 0x040E, 50 }, // U+040E
    { 0x0410, 51 }, // U+0410
    { 0x0411, 52 }, // U+0411
    { 0x0412, 53 }, // U+0412
    { 0x0413, 45 }, // U+0413
    { 0x0414, 54 }, // U+0414
    { 0x0415, 43 }, // U+0415
    { 0x0416, 49 }, // U+0416
    { 0x0417, 53 }, // U+0417
    { 0x041A, 49 }, // U+041A
    { 0x041E, 55 }, // U+041E
    { 0x0420, 56 }, // U+0420
    { 0x0421, 46 }, // U+0421
    { 0x0422, 45 }, // U+0422
    { 0x0423, 50 }, // U+0423
    { 0x0424, 57 }, // U+0424
    { 0x0425, 49 }, // U+0425
    { 0x0426, 54 }, // U+0426
    { 0x0429, 54 }, // U+0429
    { 0x042A, 48 }, // U+042A
    { 0x042C, 48 }, // U+042C
    { 0x042D, 55 }, // U+042D
    { 0x042E, 55 }, // U+042E
    { 0x0430, 58 }, // U+0430
    { 0x0431, 59 }, // U+0431
    { 0x0432, 60 }, // U+0432
    { 0x0433, 61 }, // U+0433
    { 0x0434, 62 }, // U+0434
    { 0x0435, 63 }, // U+0435
    { 0x0436, 64 }, // U+0436
    { 0x0437, 60 }, // U+0437
    { 0x0438, 65 }, // U+0438
    { 0x0439, 65 }, // U+0439
    { 0x043A, 64 }, // U+043A
    { 0x043B, 65 }, // U+043B
    { 0x043C, 65 }, // U+043C
    { 0x043D, 65 }, // U+043D
    { 0x043E, 63 }, // U+043E
    { 0x043F, 65 }, // U+043F
    { 0x0440, 63 }, // U+0440
    { 0x0441, 66 }, // U+0441
    { 0x0442, 61 }, // U+0442
    { 0x0443, 67 }, // U+0443
    { 0x0444, 63 }, // U+0444
    { 0x0445, 64 }, // U+0445
    { 0x0446, 62 }, // U+0446
    { 0x0447, 65 }, // U+0447
    { 0x0448, 65 }, // U+0448
    { 0x0449, 62 }, // U+0449
    { 0x044A, 68 }, // U+044A
    { 0x044B, 65 }, // U+044B
    { 0x044C, 68 }, // U+044C
    { 0x044D, 63 }, // U+044D
    { 0x044E, 63 }, // U+044E
    { 0x044F, 65 }, // U+044F
    { 0x0450, 63 }, // U+0450
    { 0x0451, 63 }, // U+0451
    { 0x0452, 69 }, // U+0452
    { 0x0453, 61 }, // U+0453
    { 0x0454, 66 }, // U+0454
    { 0x0455, 70 }, // U+0455
    { 0x0457, 71 }, // U+0457
    { 0x0458, 72 }, // U+0458
    { 0x0459, 68 }, // U+0459
    { 0x045A, 68 }, // U+045A
    { 0x045B, 73 }, // U+045B
    { 0x045C, 64 }, // U+045C
    { 0x045D, 65 }, // U+045D
    { 0x045E, 67 }, // U+045E
    { 0x045F, 65 }, // U+045F
    { 0x0460, 55 }, // U+0460
    { 0x0461, 74 }, // U+0461
    { 0x0462, 75 }, // U+0462
    { 0x0463, 68 }, // U+0463
    { 0x0464, 46 }, // U+0464
    { 0x0465, 66 }, // U+0465
    { 0x0466, 51 }, // U+0466
    { 0x0467, 76 }, // U+0467
    { 0x0468, 51 }, // U+0468
    { 0x0469, 76 }, // U+0469
    { 0x046E, 77 }, // U+046E
    { 0x0471, 63 }, // U+0471
    { 0x0472, 55 }, // U+0472
    { 0x0473, 63 }, // U+0473
    { 0x0474, 50 }, // U+0474
    { 0x0475, 74 }, // U+0475
    { 0x0476, 50 }, // U+0476
    { 0x0477, 74 }, // U+0477
    { 0x0478, 67 }, // U+0478
    { 0x0479, 67 }, // U+0479
    { 0x047A, 55 }, // U+047A
    { 0x047B, 63 }, // U+047B
    { 0x047C, 55 }, // U+047C
    { 0x047D, 63 }, // U+047D
    { 0x047E, 55 }, // U+047E
    { 0x047F, 74 }, // U+047F
    { 0x0480, 46 }, // U+0480
    { 0x048A, 54 }, // U+048A
    { 0x048B, 62 }, // U+048B
    { 0x048C, 75 }, // U+048C
    { 0x048D, 68 }, // U+048D
    { 0x048E, 56 }, // U+048E
    { 0x048F, 63 }, // U+048F
    { 0x0490, 78 }, // U+0490
    { 0x0491, 79 }, // U+0491
    { 0x0492, 80 }, // U+0492
    { 0x0493, 81 }, // U+0493
    { 0x0496, 82 }, // U+0496
    { 0x0497, 83 }, // U+0497
    { 0x0498, 77 }, // U+0498
    { 0x0499, 60 }, // U+0499
    { 0x049A, 82 }, // U+049A
    { 0x049B, 83 }, // U+049B
    { 0x049C, 49 }, // U+049C
    { 0x049D, 64 }, // U+049D
    { 0x049E, 49 }, // U+049E
    { 0x049F, 64 }, // U+049F
    { 0x04A0, 49 }, // U+04A0
    { 0x04A1, 64 }, // U+04A1
    { 0x04A2, 54 }, // U+04A2
    { 0x04A3, 62 }, // U+04A3
    { 0x04A4, 80 }, // U+04A4
    { 0x04A5, 79 }, // U+04A5
    { 0x04A9, 63 }, // U+04A9
    { 0x04AA, 46 }, // U+04AA
    { 0x04AB, 66 }, // U+04AB
    { 0x04AC, 78 }, // U+04AC
    { 0x04AD, 79 }, // U+04AD
    { 0x04AE, 84 }, // U+04AE
    { 0x04AF, 85 }, // U+04AF
    { 0x04B0, 84 }, // U+04B0
    { 0x04B1, 85 }, // U+04B1
    { 0x04B2, 82 }, // U+04B2
    { 0x04B3, 83 }, // U+04B3
    { 0x04B4, 54 }, // U+04B4
    { 0x04B5, 62 }, // U+04B5
    { 0x04B6, 54 }, // U+04B6
    { 0x04B7, 62 }, // U+04B7
    { 0x04BC, 86 }, // U+04BC
    { 0x04BD, 87 }, // U+04BD
    { 0x04BE, 86 }, // U+04BE
    { 0x04BF, 87 }, // U+04BF
    { 0x04C1, 49 }, // U+04C1
    { 0x04C2, 64 }, // U+04C2
    { 0x04C5, 54 }, // U+04C5
    { 0x04C6, 62 }, // U+04C6
    { 0x04C9, 54 }, // U+04C9
    { 0x04CA, 62 }, // U+04CA
    { 0x04CD, 54 }, // U+04CD
    { 0x04CE, 62 }, // U+04CE
    { 0x04D0, 51 }, // U+04D0
    { 0x04D1, 58 }, // U+04D1
    { 0x04D2, 51 }, // U+04D2
    { 0x04D3, 58 }, // U+04D3
    { 0x04D4, 43 }, // U+04D4
    { 0x04D5, 87 }, // U+04D5
    { 0x04D6, 43 }, // U+04D6
    { 0x04D7, 87 }, // U+04D7
    { 0x04D8, 55 }, // U+04D8
    { 0x04D9, 63 }, // U+04D9
    { 0x04DA, 55 }, // U+04DA
    { 0x04DB, 63 }, // U+04DB
    { 0x04DC, 49 }, // U+04DC
    { 0x04DD, 64 }, // U+04DD
    { 0x04DE, 77 }, // U+04DE
    { 0x04DF, 60 }, // U+04DF
    { 0x04E3, 65 }, // U+04E3
    { 0x04E5, 65 }, // U+04E5
    { 0x04E6, 55 }, // U+04E6
    { 0x04E7, 63 }, // U+04E7
    { 0x04E8, 55 }, // U+04E8
    { 0x04E9, 63 }, // U+04E9
    { 0x04EA, 55 }, // U+04EA
    { 0x04EB, 63 }, // U+04EB
    { 0x04EC, 55 }, // U+04EC
    { 0x04ED, 63 }, // U+04ED
    { 0x04EE, 50 }, // U+04EE
    { 0x04EF, 67 }, // U+04EF
    { 0x04F0, 50 }, // U+04F0
    { 0x04F1, 67 }, // U+04F1
    { 0x04F2, 50 }, // U+04F2
    { 0x04F3, 67 }, // U+04F3
    { 0x04F5, 65 }, // U+04F5
    { 0x04F6, 78 }, // U+04F6
    { 0x04F7, 79 }, // U+04F7
    { 0x04F9, 65 }, // U+04F9
    { 0x04FA, 80 }, // U+04FA
    { 0x04FB, 81 }, // U+04FB
    { 0x04FC, 82 }, // U+04FC
    { 0x04FD, 83 }, // U+04FD
    { 0x04FE, 49 }, // U+04FE
    { 0x04FF, 83 }, // U+04FF
    { 0x1EA0, 7 }, // U+1EA0
    { 0x1EA1, 22 }, // U+1EA1
    { 0x1EA2, 7 }, // U+1EA2
    { 0x1EA3, 22 }, // U+1EA3
    { 0x1EA4, 7 }, // U+1EA4
    { 0x1EA5, 22 }, // U+1EA5
    { 0x1EA6, 7 }, // U+1EA6
    { 0x1EA7, 22 }, // U+1EA7
    { 0x1EA8, 7 }, // U+1EA8
    { 0x1EA9, 22 }, // U+1EA9
    { 0x1EAA, 7 }, // U+1EAA
    { 0x1EAB, 22 }, // U+1EAB
    { 0x1EAC, 7 }, // U+1EAC
    { 0x1EAD, 22 }, // U+1EAD
    { 0x1EAE, 7 }, // U+1EAE
    { 0x1EAF, 22 }, // U+1EAF
    { 0x1EB0, 7 }, // U+1EB0
    { 0x1EB1, 22 }, // U+1EB1
    { 0x1EB2, 7 }, // U+1EB2
    { 0x1EB3, 22 }, // U+1EB3
    { 0x1EB4, 7 }, // U+1EB4
    { 0x1EB5, 22 }, // U+1EB5
    { 0x1EB6, 7 }, // U+1EB6
    { 0x1EB7, 22 }, // U+1EB7
    { 0x1EB8, 11 }, // U+1EB8
    { 0x1EB9, 23 }, // U+1EB9
    { 0x1EBA, 11 }, // U+1EBA
    { 0x1EBB, 23 }, // U+1EBB
    { 0x1EBC, 11 }, // U+1EBC
    { 0x1EBD, 23 }, // U+1EBD
    { 0x1EBE, 11 }, // U+1EBE
    { 0x1EBF, 23 }, // U+1EBF
    { 0x1EC0, 11 }, // U+1EC0
    { 0x1EC1, 23 }, // U+1EC1
    { 0x1EC2, 11 }, // U+1EC2
    { 0x1EC3, 23 }, // U+1EC3
    { 0x1EC4, 11 }, // U+1EC4
    { 0x1EC5, 23 }, // U+1EC5
    { 0x1EC6, 11 }, // U+1EC6
    { 0x1EC7, 23 }, // U+1EC7
    { 0x1ECC, 10 }, // U+1ECC
    { 0x1ECD, 23 }, // U+1ECD
    { 0x1ECE, 10 }, // U+1ECE
    { 0x1ECF, 23 }, // U+1ECF
    { 0x1ED0, 10 }, // U+1ED0
    { 0x1ED1, 23 }, // U+1ED1
    { 0x1ED2, 10 }, // U+1ED2
    { 0x1ED3, 23 }, // U+1ED3
    { 0x1ED4, 10 }, // U+1ED4
    { 0x1ED5, 23 }, // U+1ED5
    { 0x1ED6, 10 }, // U+1ED6
    { 0x1ED7, 23 }, // U+1ED7
    { 0x1ED8, 10 }, // U+1ED8
    { 0x1ED9, 23 }, // U+1ED9
    { 0x1EDA, 39 }, // U+1EDA
    { 0x1EDB, 40 }, // U+1EDB
    { 0x1EDC, 39 }, // U+1EDC
    { 0x1EDD, 40 }, // U+1EDD
    { 0x1EDE, 39 }, // U+1EDE
    { 0x1EDF, 40 }, // U+1EDF
    { 0x1EE0, 39 }, // U+1EE0
    { 0x1EE1, 40 }, // U+1EE1
    { 0x1EE2, 39 }, // U+1EE2
    { 0x1EE3, 40 }, // U+1EE3
    { 0x1EE4, 17 }, // U+1EE4
    { 0x1EE6, 17 }, // U+1EE6
    { 0x1EE8, 41 }, // U+1EE8
    { 0x1EE9, 42 }, // U+1EE9
    { 0x1EEA, 41 }, // U+1EEA
    { 0x1EEB, 42 }, // U+1EEB
    { 0x1EEC, 41 }, // U+1EEC
    { 0x1EED, 42 }, // U+1EED
    { 0x1EEE, 41 }, // U+1EEE
    { 0x1EEF, 42 }, // U+1EEF
    { 0x1EF0, 41 }, // U+1EF0
    { 0x1EF1, 42 }, // U+1EF1
    { 0x1EF2, 19 }, // U+1EF2
    { 0x1EF3, 27 }, // U+1EF3
    { 0x1EF4, 19 }, // U+1EF4
    { 0x1EF5, 27 }, // U+1EF5
    { 0x1EF6, 19 }, // U+1EF6
    { 0x1EF7, 27 }, // U+1EF7
    { 0x1EF8, 19 }, // U+1EF8
    { 0x1EF9, 27 }, // U+1EF9
    { 0x2013, 5 }, // U+2013
    { 0x2014, 5 }, // U+2014
    { 0x2015, 5 }, // U+2015
    { 0x2018, 1 }, // U+2018
    { 0x2019, 1 }, // U+2019
    { 0x201A, 4 }, // U+201A
    { 0x201C, 1 }, // U+201C
    { 0x201D, 1 }, // U+201D
    { 0x201E, 4 }, // U+201E
    { 0x2039, 30 }, // U+2039
    { 0x203A, 31 }, // U+203A
    { 0xFB00, 25 }, // U+FB00
};

static const EpdKernClassEntry notosans_14_regularKernRightClasses[] = {
    { 0x0021, 1 }, // !
    { 0x0022, 2 }, // "
    { 0x0026, 3 }, // &
    { 0x0027, 2 }, // '
    { 0x0029, 4 }, // )
    { 0x002C, 5 }, // ,
    { 0x002D, 6 }, // -
    { 0x002E, 5 }, // .
    { 0x003A, 7 }, // :
    { 0x003B, 7 }, // ;
    { 0x003F, 8 }, // ?
    { 0x0041, 9 }, // A
    { 0x0043, 10 }, // C
    { 0x0047, 10 }, // G
    { 0x0049, 11 }, // I
    { 0x004A, 12 }, // J
    { 0x004F, 10 }, // O
    { 0x0051, 10 }, // Q
    { 0x0054, 13 }, // T
    { 0x0055, 14 }, // U
    { 0x0056, 15 }, // V
    { 0x0057, 15 }, // W
    { 0x0058, 16 }, // X
    { 0x0059, 17 }, // Y
    { 0x005A, 18 }, // Z
    { 0x005D, 4 }, // ]
    { 0x0061, 19 }, // a
    { 0x0062, 20 }, // b
    { 0x0063, 21 }, // c
    { 0x0064, 21 }, // d
    { 0x0065, 21 }, // e
    { 0x0066, 22 }, // f
    { 0x0067, 23 }, // g
    { 0x0068, 20 }, // h
    { 0x006A, 24 }, // j
    { 0x006B, 20 }, // k
    { 0x006C, 20 }, // l
    { 0x006D, 25 }, // m
    { 0x006E, 25 }, // n
    { 0x006F, 21 }, // o
    { 0x0070, 25 }, // p
    { 0x0071, 21 }, // q
    { 0x0072, 25 }, // r
    { 0x0073, 26 }, // s
    { 0x0074, 22 }, // t
    { 0x0075, 25 }, // u
    { 0x0076, 27 }, // v
    { 0x0077, 27 }, // w
    { 0x0078, 27 }, // x
    { 0x0079, 27 }, // y
    { 0x007A, 28 }, // z
    { 0x007D, 4 }, // }
    { 0x00AB, 29 }, // U+00AB
    { 0x00BB, 30 }, // U+00BB
    { 0x00C0, 9 }, // U+00C0
    { 0x00C1, 9 }, // U+00C1
    { 0x00C2, 9 }, // U+00C2
    { 0x00C3, 9 }, // U+00C3
    { 0x00C4, 9 }, // U+00C4
    { 0x00C5, 9 }, // U+00C5
    { 0x00C6, 31 }, // U+00C6
    { 0x00C7, 10 }, // U+00C7
    { 0x00D2, 10 }, // U+00D2
    { 0x00D3, 10 }, // U+00D3
    { 0x00D4, 10 }, // U+00D4
    { 0x00D5, 10 }, // U+00D5
    { 0x00D6, 10 }, // U+00D6
    { 0x00D8, 10 }, // U+00D8
    { 0x00D9, 14 }, // U+00D9
    { 0x00DA, 14 }, // U+00DA
    { 0x00DB, 14 }, // U+00DB
    { 0x00DC, 14 }, // U+00DC
    { 0x00DD, 17 }, // U+00DD
    { 0x00E0, 21 }, // U+00E0
    { 0x00E1, 19 }, // U+00E1
    { 0x00E2, 19 }, // U+00E2
    { 0x00E3, 19 }, // U+00E3
    { 0x00E4, 19 }, // U+00E4
    { 0x00E5, 19 }, // U+00E5
    { 0x00E6, 19 }, // U+00E6
    { 0x00E7, 21 }, // U+00E7
    { 0x00E8, 21 }, // U+00E8
    { 0x00E9, 21 }, // U+00E9
    { 0x00EA, 21 }, // U+00EA
    { 0x00EB, 21 }, // U+00EB
    { 0x00F2, 21 }, // U+00F2
    { 0x00F3, 21 }, // U+00F3
    { 0x00F4, 21 }, // U+00F4
    { 0x00F5, 21 }, // U+00F5
    { 0x00F6, 21 }, // U+00F6
    { 0x00F8, 21 }, // U+00F8
    { 0x00F9, 25 }, // U+00F9
    { 0x00FA, 25 }, // U+00FA
    { 0x00FB, 25 }, // U+00FB
    { 0x00FC, 25 }, // U+00FC
    { 0x00FD, 27 }, // U+00FD
    { 0x00FE, 20 }, // U+00FE
    { 0x00FF, 27 }, // U+00FF
    { 0x0100, 9 }, // U+0100
    { 0x0101, 19 }, // U+0101
    { 0x0102, 9 }, // U+0102
    { 0x0103, 19 }, // U+0103
    { 0x0104, 9 }, // U+0104
    { 0x0105, 19 }, // U+0105
    { 0x0106, 10 }, // U+0106
    { 0x0107, 21 }, // U+0107
    { 0x0108, 10 }, // U+0108
    { 0x0109, 21 }, // U+0109
    { 0x010A, 10 }, // U+010A
    { 0x010B, 21 }, // U+010B
    { 0x010C, 10 }, // U+010C
    { 0x010D, 21 }, // U+010D
    { 0x010F, 21 }, // U+010F
    { 0x0111, 21 }, // U+0111
    { 0x0113, 21 }, // U+0113
    { 0x0115, 21 }, // U+0115
    { 0x0117, 21 }, // U+0117
    { 0x0119, 21 }, // U+0119
    { 0x011B, 21 }, // U+011B
    { 0x011C, 10 }, // U+011C
    { 0x011D, 23 }, // U+011D
    { 0x011E, 10 }, // U+011E
    { 0x011F, 23 }, // U+011F
    { 0x0120, 10 }, // U+0120
    { 0x0121, 23 }, // U+0121
    { 0x0122, 10 }, // U+0122
    { 0x0123, 23 }, // U+0123
    { 0x0125, 20 }, // U+0125
    { 0x0127, 32 }, // U+0127
    { 0x0129, 33 }, // U+0129
    { 0x0137, 20 }, // U+0137
    { 0x0138, 25 }, // U+0138
    { 0x013A, 20 }, // U+013A
    { 0x013C, 20 }, // U+013C
    { 0x013E, 20 }, // U+013E
    { 0x0140, 20 }, // U+0140
    { 0x0144, 25 }, // U+0144
    { 0x0146, 25 }, // U+0146
    { 0x014B, 25 }, // U+014B
    { 0x014C, 10 }, // U+014C
    { 0x014D, 21 }, // U+014D
    { 0x014E, 10 }, // U+014E
    { 0x014F, 21 }, // U+014F
    { 0x0150, 10 }, // U+0150
    { 0x0151, 21 }, // U+0151
    { 0x0152, 10 }, // U+0152
    { 0x0153, 21 }, // U+0153
    { 0x0155, 25 }, // U+0155
    { 0x0157, 25 }, // U+0157
    { 0x015B, 26 }, // U+015B
    { 0x015F, 26 }, // U+015F
    { 0x0162, 13 }, // U+0162
    { 0x0163, 22 }, // U+0163
    { 0x0164, 13 }, // U+0164
    { 0x0165, 22 }, // U+0165
    { 0x0166, 13 }, // U+0166
    { 0x0167, 22 }, // U+0167
    { 0x0168, 14 }, // U+0168
    { 0x0169, 25 }, // U+0169
    { 0x016A, 14 }, // U+016A
    { 0x016B, 25 }, // U+016B
    { 0x016C, 14 }, // U+016C
    { 0x016D, 25 }, // U+016D
    { 0x016E, 14 }, // U+016E
    { 0x016F, 25 }, // U+016F
    { 0x0170, 14 }, // U+0170
    { 0x0171, 25 }, // U+0171
    { 0x0172, 14 }, // U+0172
    { 0x0173, 25 }, // U+0173
    { 0x0174, 15 }, // U+0174
    { 0x0175, 27 }, // U+0175
    { 0x0176, 17 }, // U+0176
    { 0x0177, 27 }, // U+0177
    { 0x0178, 17 }, // U+0178
    { 0x0179, 18 }, // U+0179
    { 0x017A, 28 }, // U+017A
    { 0x017B, 18 }, // U+017B
    { 0x017C, 28 }, // U+017C
    { 0x017D, 18 }, // U+017D
    { 0x017E, 28 }, // U+017E
    { 0x01A0, 10 }, // U+01A0
    { 0x01A1, 21 }, // U+01A1
    { 0x01AF, 14 }, // U+01AF
    { 0x01B0, 25 }, // U+01B0
    { 0x01FA, 9 }, // U+01FA
    { 0x01FB, 19 }, // U+01FB
    { 0x01FC, 31 }, // U+01FC
    { 0x01FD, 19 }, // U+01FD
    { 0x01FE, 10 }, // U+01FE
    { 0x01FF, 21 }, // U+01FF
    { 0x0219, 26 }, // U+0219
    { 0x021A, 13 }, // U+021A
    { 0x021B, 22 }, // U+021B
    { 0x0402, 34 }, // U+0402
    { 0x0404, 35 }, // U+0404
    { 0x0405, 36 }, // U+0405
    { 0x0408, 37 }, // U+0408
    { 0x0409, 38 }, // U+0409
    { 0x040B, 34 }, // U+040B
    { 0x040E, 39 }, // U+040E
    { 0x0410, 40 }, // U+0410
    { 0x0414, 41 }, // U+0414
    { 0x0416, 42 }, // U+0416
    { 0x0417, 43 }, // U+0417
    { 0x041B, 38 }, // U+041B
    { 0x041E, 35 }, // U+041E
    { 0x0421, 35 }, // U+0421
    { 0x0422, 34 }, // U+0422
    { 0x0423, 39 }, // U+0423
    { 0x0424, 44 }, // U+0424
    { 0x0425, 42 }, // U+0425
    { 0x0427, 45 }, // U+0427
    { 0x042A, 34 }, // U+042A
    { 0x042D, 43 }, // U+042D
    { 0x042F, 46 }, // U+042F
    { 0x0430, 47 }, // U+0430
    { 0x0431, 48 }, // U+0431
    { 0x0432, 49 }, // U+0432
    { 0x0433, 49 }, // U+0433
    { 0x0434, 50 }, // U+0434
    { 0x0435, 51 }, // U+0435
    { 0x0436, 52 }, // U+0436
    { 0x0437, 53 }, // U+0437
    { 0x0438, 49 }, // U+0438
    { 0x0439, 49 }, // U+0439
    { 0x043A, 49 }, // U+043A
    { 0x043B, 54 }, // U+043B
    { 0x043C, 49 }, // U+043C
    { 0x043D, 49 }, // U+043D
    { 0x043E, 51 }, // U+043E
    { 0x043F, 49 }, // U+043F
    { 0x0440, 49 }, // U+0440
    { 0x0441, 51 }, // U+0441
    { 0x0442, 55 }, // U+0442
    { 0x0443, 56 }, // U+0443
    { 0x0444, 51 }, // U+0444
    { 0x0445, 52 }, // U+0445
    { 0x0446, 49 }, // U+0446
    { 0x0447, 57 }, // U+0447
    { 0x0448, 49 }, // U+0448
    { 0x0449, 49 }, // U+0449
    { 0x044A, 55 }, // U+044A
    { 0x044B, 49 }, // U+044B
    { 0x044C, 49 }, // U+044C
    { 0x044D, 53 }, // U+044D
    { 0x044E, 49 }, // U+044E
    { 0x044F, 58 }, // U+044F
    { 0x0450, 51 }, // U+0450
    { 0x0451, 51 }, // U+0451
    { 0x0452, 59 }, // U+0452
    { 0x0453, 49 }, // U+0453
    { 0x0454, 51 }, // U+0454
    { 0x0455, 60 }, // U+0455
    { 0x0457, 61 }, // U+0457
    { 0x0458, 62 }, // U+0458
    { 0x0459, 54 }, // U+0459
    { 0x045A, 49 }, // U+045A
    { 0x045B, 59 }, // U+045B
    { 0x045C, 49 }, // U+045C
    { 0x045D, 49 }, // U+045D
    { 0x045E, 56 }, // U+045E
    { 0x045F, 49 }, // U+045F
    { 0x0460, 63 }, // U+0460
    { 0x0461, 64 }, // U+0461
    { 0x0462, 65 }, // U+0462
    { 0x0465, 66 }, // U+0465
    { 0x0466, 40 }, // U+0466
    { 0x0467, 50 }, // U+0467
    { 0x0469, 66 }, // U+0469
    { 0x046D, 66 }, // U+046D
    { 0x046E, 43 }, // U+046E
    { 0x0470, 45 }, // U+0470
    { 0x0472, 63 }, // U+0472
    { 0x0473, 47 }, // U+0473
    { 0x0474, 67 }, // U+0474
    { 0x0475, 64 }, // U+0475
    { 0x0476, 67 }, // U+0476
    { 0x0477, 64 }, // U+0477
    { 0x0478, 63 }, // U+0478
    { 0x0479, 47 }, // U+0479
    { 0x047A, 63 }, // U+047A
    { 0x047B, 47 }, // U+047B
    { 0x047C, 63 }, // U+047C
    { 0x047D, 47 }, // U+047D
    { 0x047E, 63 }, // U+047E
    { 0x047F, 64 }, // U+047F
    { 0x0480, 63 }, // U+0480
    { 0x0481, 47 }, // U+0481
    { 0x048B, 66 }, // U+048B
    { 0x048C, 65 }, // U+048C
    { 0x048D, 59 }, // U+048D
    { 0x048F, 66 }, // U+048F
    { 0x0491, 66 }, // U+0491
    { 0x0492, 65 }, // U+0492
    { 0x0495, 66 }, // U+0495
    { 0x0496, 42 }, // U+0496
    { 0x0497, 52 }, // U+0497
    { 0x0498, 43 }, // U+0498
    { 0x0499, 53 }, // U+0499
    { 0x049B, 66 }, // U+049B
    { 0x049D, 66 }, // U+049D
    { 0x049F, 59 }, // U+049F
    { 0x04A0, 68 }, // U+04A0
    { 0x04A1, 55 }, // U+04A1
    { 0x04A3, 66 }, // U+04A3
    { 0x04A5, 66 }, // U+04A5
    { 0x04A7, 66 }, // U+04A7
    { 0x04A8, 63 }, // U+04A8
    { 0x04A9, 47 }, // U+04A9
    { 0x04AA, 63 }, // U+04AA
    { 0x04AB, 47 }, // U+04AB
    { 0x04AC, 34 }, // U+04AC
    { 0x04AD, 55 }, // U+04AD
    { 0x04AE, 69 }, // U+04AE
    { 0x04AF, 70 }, // U+04AF
    { 0x04B0, 69 }, // U+04B0
    { 0x04B1, 70 }, // U+04B1
    { 0x04B2, 42 }, // U+04B2
    { 0x04B3, 52 }, // U+04B3
    { 0x04B4, 68 }, // U+04B4
    { 0x04B5, 55 }, // U+04B5
    { 0x04B6, 45 }, // U+04B6
    { 0x04B7, 57 }, // U+04B7
    { 0x04B8, 45 }, // U+04B8
    { 0x04B9, 57 }, // U+04B9
    { 0x04BB, 66 }, // U+04BB
    { 0x04BC, 71 }, // U+04BC
    { 0x04BD, 72 }, // U+04BD
    { 0x04BE, 71 }, // U+04BE
    { 0x04BF, 72 }, // U+04BF
    { 0x04C1, 42 }, // U+04C1
    { 0x04C2, 52 }, // U+04C2
    { 0x04C4, 66 }, // U+04C4
    { 0x04C5, 73 }, // U+04C5
    { 0x04C6, 50 }, // U+04C6
    { 0x04C8, 66 }, // U+04C8
    { 0x04CA, 66 }, // U+04CA
    { 0x04CB, 45 }, // U+04CB
    { 0x04CC, 57 }, // U+04CC
    { 0x04CE, 66 }, // U+04CE
    { 0x04D0, 40 }, // U+04D0
    { 0x04D1, 74 }, // U+04D1
    { 0x04D2, 40 }, // U+04D2
    { 0x04D3, 74 }, // U+04D3
    { 0x04D4, 40 }, // U+04D4
    { 0x04D5, 74 }, // U+04D5
    { 0x04D7, 47 }, // U+04D7
    { 0x04D8, 75 }, // U+04D8
    { 0x04D9, 74 }, // U+04D9
    { 0x04DA, 75 }, // U+04DA
    { 0x04DB, 74 }, // U+04DB
    { 0x04DC, 42 }, // U+04DC
    { 0x04DD, 52 }, // U+04DD
    { 0x04DE, 43 }, // U+04DE
    { 0x04DF, 53 }, // U+04DF
    { 0x04E3, 49 }, // U+04E3
    { 0x04E5, 49 }, // U+04E5
    { 0x04E6, 63 }, // U+04E6
    { 0x04E7, 47 }, // U+04E7
    { 0x04E8, 63 }, // U+04E8
    { 0x04E9, 47 }, // U+04E9
    { 0x04EA, 63 }, // U+04EA
    { 0x04EB, 47 }, // U+04EB
    { 0x04EC, 43 }, // U+04EC
    { 0x04ED, 53 }, // U+04ED
    { 0x04EE, 39 }, // U+04EE
    { 0x04EF, 56 }, // U+04EF
    { 0x04F0, 39 }, // U+04F0
    { 0x04F1, 56 }, // U+04F1
    { 0x04F2, 39 }, // U+04F2
    { 0x04F3, 56 }, // U+04F3
    { 0x04F4, 45 }, // U+04F4
    { 0x04F5, 57 }, // U+04F5
    { 0x04F7, 66 }, // U+04F7
    { 0x04F9, 49 }, // U+04F9
    { 0x04FA, 65 }, // U+04FA
    { 0x04FC, 42 }, // U+04FC
    { 0x04FD, 52 }, // U+04FD
    { 0x04FE, 42 }, // U+04FE
    { 0x04FF, 52 }, // U+04FF
    { 0x1EA0, 9 }, // U+1EA0
    { 0x1EA1, 19 }, // U+1EA1
    { 0x1EA2, 9 }, // U+1EA2
    { 0x1EA3, 19 }, // U+1EA3
    { 0x1EA4, 9 }, // U+1EA4
    { 0x1EA5, 19 }, // U+1EA5
    { 0x1EA6, 9 }, // U+1EA6
    { 0x1EA7, 19 }, // U+1EA7
    { 0x1EA8, 9 }, // U+1EA8
    { 0x1EA9, 19 }, // U+1EA9
    { 0x1EAA, 9 }, // U+1EAA
    { 0x1EAB, 19 }, // U+1EAB
    { 0x1EAC, 9 }, // U+1EAC
    { 0x1EAD, 19 }, // U+1EAD
    { 0x1EAE, 9 }, // U+1EAE
    { 0x1EAF, 19 }, // U+1EAF
    { 0x1EB0, 9 }, // U+1EB0
    { 0x1EB1, 19 }, // U+1EB1
    { 0x1EB2, 9 }, // U+1EB2
    { 0x1EB3, 19 }, // U+1EB3
    { 0x1EB4, 9 }, // U+1EB4
    { 0x1EB5, 19 }, // U+1EB5
    { 0x1EB6, 9 }, // U+1EB6
    { 0x1EB7, 19 }, // U+1EB7
    { 0x1EB9, 21 }, // U+1EB9
    { 0x1EBB, 21 }, // U+1EBB
    { 0x1EBD, 21 }, // U+1EBD
    { 0x1EBF, 21 }, // U+1EBF
    { 0x1EC1, 21 }, // U+1EC1
    { 0x1EC3, 21 }, // U+1EC3
    { 0x1EC5, 21 }, // U+1EC5
    { 0x1EC7, 21 }, // U+1EC7
    { 0x1ECC, 10 }, // U+1ECC
    { 0x1ECD, 21 }, // U+1ECD
    { 0x1ECE, 10 }, // U+1ECE
    { 0x1ECF, 21 }, // U+1ECF
    { 0x1ED0, 10 }, // U+1ED0
    { 0x1ED1, 21 }, // U+1ED1
    { 0x1ED2, 10 }, // U+1ED2
    { 0x1ED3, 21 }, // U+1ED3
    { 0x1ED4, 10 }, // U+1ED4
    { 0x1ED5, 21 }, // U+1ED5
    { 0x1ED6, 10 }, // U+1ED6
    { 0x1ED7, 21 }, // U+1ED7
    { 0x1ED8, 10 }, // U+1ED8
    { 0x1ED9, 21 }, // U+1ED9
    { 0x1EDA, 10 }, // U+1EDA
    { 0x1EDB, 21 }, // U+1EDB
    { 0x1EDC, 10 }, // U+1EDC
    { 0x1EDD, 21 }, // U+1EDD
    { 0x1EDE, 10 }, // U+1EDE
    { 0x1EDF, 21 }, // U+1EDF
    { 0x1EE0, 10 }, // U+1EE0
    { 0x1EE1, 21 }, // U+1EE1
    { 0x1EE2, 10 }, // U+1EE2
    { 0x1EE3, 21 }, // U+1EE3
    { 0x1EE4, 14 }, // U+1EE4
    { 0x1EE5, 25 }, // U+1EE5
    { 0x1EE6, 14 }, // U+1EE6
    { 0x1EE7, 25 }, // U+1EE7
    { 0x1EE8, 14 }, // U+1EE8
    { 0x1EE9, 25 }, // U+1EE9
    { 0x1EEA, 14 }, // U+1EEA
    { 0x1EEB, 25 }, // U+1EEB
    { 0x1EEC, 14 }, // U+1EEC
    { 0x1EED, 25 }, // U+1EED
    { 0x1EEE, 14 }, // U+1EEE
    { 0x1EEF, 25 }, // U+1EEF
    { 0x1EF0, 14 }, // U+1EF0
    { 0x1EF1, 25 }, // U+1EF1
    { 0x1EF2, 17 }, // U+1EF2
    { 0x1EF4, 17 }, // U+1EF4
    { 0x1EF5, 27 }, // U+1EF5
    { 0x1EF6, 17 }, // U+1EF6
    { 0x1EF7, 27 }, // U+1EF7
    { 0x1EF8, 17 }, // U+1EF8
    { 0x1EF9, 27 }, // U+1EF9
    { 0x2013, 6 }, // U+2013
    { 0x2014, 6 }, // U+2014
    { 0x2015, 6 }, // U+2015
    { 0x2018, 76 }, // U+2018
    { 0x2019, 2 }, // U+2019
    { 0x201A, 5 }, // U+201A
    { 0x201C, 76 }, // U+201C
    { 0x201D, 2 }, // U+201D
    { 0x201E, 5 }, // U+201E
    { 0x2026, 5 }, // U+2026
    { 0x2039, 29 }, // U+2039
    { 0x203A, 30 }, // U+203A
    { 0xFB00, 22 }, // U+FB00
    { 0xFB01, 22 }, // U+FB01
    { 0xFB02, 22 }, // U+FB02
    { 0xFB03, 22 }, // U+FB03
    { 0xFB04, 22 }, // U+FB04
};

static const int8_t notosans_14_regularKernMatrix[] = {
       0,    0,    0,    0,    0,    0,    0,    0,  -33,    0,    0,    0,    9,    0,    9,    0,    5,    0,  -19,    0,  -28,    0,  -14,    0,  -14,  -14,    0,    0,    0,    0,  -37,    0,   33,    9,    0,    0,    0,  -14,    9,  -33,  -28,    9,    0,   -5,    0,    0,  -19,    0,    0,  -33,    0,    0,    9,  -23,   14,    9,    0,    0,   14,    0,   14,    0,    0,    0,    0,    0,    0,    9,    0,    0,    0,    0,  -28,   -9,    0,    0,
       0,    0,    0,    0,    0,    0,    0,    0,    0,    0,    0,    0,  -28,    0,   -9,    0,  -14,    0,    0,    0,    0,    0,    0,    0,    0,    0,    0,    0,    0,    0,    0,    0,    0,    0,    0,    0,    0,    0,    0,    0,    0,    0,    0,    0,    0,    0,    0,    0,    0,    0,    0,    0,    0,    0,    0,    0,    0,    0,    0,    0,    0,    0,    0,    0,    0,    0,    0,    0,    0,    0,    0,    0,    0,    0,    0,    0,
       0,    0,    0,    0,    0,    0,    0,    0,    0,    0,    0,   42,    0,    0,    0,    0,    0,    0,    0,    0,    0,    0,    0,   19,    0,    0,    0,    0,    0,    0,    0,    0,    0,    0,    0,    0,   47,    0,    0,    0,    0,    0,    0,  -14,    0,    0,    0,    0,    0,    0,    0,    0,    0,    0,    0,    0,    0,    0,    0,    0,    0,   28,    0,    0,    0,    0,    0,    0,    0,    0,    0,    0,    0,    0,    0,    0,
       0,    0,    0,    0,    0,    0,    0,    0,    0,  -23,    0,    0,  -33,   -9,  -28,    0,  -28,    0,    0,    0,    0,    0,    0,    0,    0,    0,    0,    0,    0,    0,    0,    0,    0,  -23,    0,    0,   28,    0,   -9,    0,    0,    0,    0,  -19,  -37,    0,    0,    0,    0,    0,    0,    0,    0,    0,  -19,    0,  -28,    0,    0,    0,    0,    0,  -23,    0,    0,    0,  -28,  -33,  -28,    0,  -28,    0,    0,    0,    0,    0,
       0,    0,    0,    0,    0,    0,    0,    0,    0,    0,    0,    0,  -19,    0,    0,    0,    0,    0,    0,    0,    0,    0,    0,    0,    0,    0,    0,    0,    0,    0,    0,    0,    0,  -19,    0,    0,    0,    0,   -9,    0,    0,   -5,    0,    0,    0,    0,    0,    0,    0,    0,    0,   -5,    0,    0,   -9,    0,    0,    0,    0,    0,    0,    0,    0,    0,    0,    0,    0,  -19,    0,    0,    0,    0,    0,    0,    0,    0,
       0,    0,    0,    0,    0,    0,    0,    0,    0,    0,    0,    0,    0,    0,    0,    0,    0,    0,    0,    0,    0,    0,    0,    0,    0,    0,    0,    0,    0,    0,    0,    0,    0,  -14,    0,    0,    0,    0,    0,    0,    0,   -5,    0,   -5,   -5,    0,    0,    0,    0,    0,    0,    0,    0,    0,    0,    0,   -5,    0,    0,    0,    0,    0,    0,    0,    0,    0,    0,    0,    0,    0,    0,    0,    0,    0,    0,    0,
       0,  -33,    0,    0,    0,    0,    0,    0,    0,   -9,    0,   23,  -33,    0,  -19,    0,  -28,    0,    0,    0,    0,    0,    0,    0,    0,    0,    0,    0,    0,    0,    0,    0,    0,    0,    0,    0,    0,    0,    0,    0,    0,    0,    0,    0,    0,    0,    0,    0,    0,    0,    0,    0,    0,    0,    0,    0,    0,    0,    0,    0,    0,    0,    0,    0,    0,    0,    0,    0,    0,    0,    0,    0,    0,    0,    0,    0,
       0,    0,    0,    0,   -5,    0,    0,    0,    0,    0,    0,    0,    0,    0,    0,    0,    0,    0,    0,    0,    0,    0,    0,    0,    0,    0,    0,    0,    0,    0,    0,    0,    0,    0,    0,    0,    0,    0,    0,    0,    0,    0,    0,    0,    0,    0,    0,    0,    0,    0,    0,    0,    0,    0,    0,    0,    0,    0,    0,    0,    0,    0,    0,    0,    0,    0,    0,    0,    0,    0,    0,    0,    0,    0,    0,    0,
       0,    0,    0,    0,    0,    0,    0,    0,    0,   -9,    0,    0,    0,    0,    0,    0,    0,    0,    0,    0,    0,    0,    0,    0,    0,    0,    0,    0,   -9,    0,    0,    0,    0,    0,    0,    0,    0,    0,    0,    0,    0,    0,    0,    0,    0,    0,    0,    0,    0,    0,    0,    0,    0,    0,    0,    0,    0,    0,    0,    0,    0,    0,    0,    0,    0,    0,    0,    0,    0,    0,    0,    0,    0,    0,    0,    0,
       0,    0,    0,    0,  -19,    0,    0,    0,   -9,    0,    0,    0,  -14,    0,   -5,   -9,   -5,   -5,    0,    0,    0,    0,    0,    0,    0,    0,    0,    0,    0,    0,    0,    0,    0,    0,    0,    0,    0,    0,    0,    0,    0,    0,    0,    0,    0,    0,    0,    0,    0,    0,    0,    0,    0,    0,    0,    0,    0,    0,    0,    0,    0,    0,    0,    0,    0,    0,    0,    0,    0,    0,    0,    0,    0,    0,    0,    0,
       0,    0,    0,    0,    0,    0,    0,    0,    0,    0,    0,   28,    0,    0,    0,    0,    0,    0,    0,    0,    0,    0,    0,    0,    0,    0,    0,    0,    0,    0,    0,    0,    0,    0,    0,    0,    0,    0,    0,    0,    0,    0,    0,    0,    0,    0,    0,    0,    0,    0,    0,    0,    0,    0,    0,    0,    0,    0,    0,    0,    0,    0,    0,    0,    0,    0,    0,    0,    0,    0,    0,    0,    0,    0,    0,    0,
       0,    0,    0,    9,  -28,    0,    0,    9,   -9,    0,    0,    0,    0,    0,    0,    0,    0,    0,    0,    0,    0,    0,    0,    0,    0,    0,    0,    0,    0,    0,    0,    0,    0,    0,    0,    0,    0,    0,    0,    0,    0,    0,    0,    0,    0,    0,    0,    0,    0,    0,    0,    0,    0,    0,    0,    0,    0,    0,    0,    0,    0,    0,    0,    0,    0,    0,    0,    0,    0,    0,    0,    0,    0,    0,    0,    0,
       0,  -37,    0,    0,    0,    0,    0,    0,    0,   -9,    0,    0,   -9,   -5,   -9,    0,  -14,    0,    0,    0,    0,    0,    0,    0,    0,    0,    0,    0,    0,    0,    0,    0,    0,    0,    0,    0,    0,    0,    0,    0,    0,    0,    0,    0,    0,    0,    0,    0,    0,    0,    0,    0,    0,    0,    0,    0,    0,    0,    0,    0,    0,    0,    0,    0,    0,    0,    0,    0,    0,    0,    0,    0,    0,    0,    0,    0,
       0,    0,   -5,    0,  -61,    0,    0,    0,  -23,    0,    0,    0,    0,    0,    0,   -9,    0,   -5,    0,    0,    0,    0,    0,    0,    0,    0,    0,    0,   -9,    0,  -14,    0,    0,    0,    0,    0,    0,    0,    0,    0,    0,    0,    0,    0,    0,    0,    0,    0,    0,    0,    0,    0,    0,    0,    0,    0,    0,    0,    0,    0,    0,    0,    0,    0,    0,    0,    0,    0,    0,    0,    0,    0,    0,    0,    0,    0,
       0,    0,    0,    0,    0,    0,    0,    0,    0,    0,    0,    0,    0,    0,    0,    0,    0,    0,    0,    0,    0,    0,    0,    0,    0,    0,    0,    0,   -5,    0,    0,    0,    0,    0,    0,    0,    0,    0,    0,    0,    0,    0,    0,    0,    0,    0,    0,    0,    0,    0,    0,    0,    0,    0,    0,    0,    0,    0,    0,    0,    0,    0,    0,    0,    0,    0,    0,    0,    0,    0,    0,    0,    0,    0,    0,    0,
       0,    0,   -9,    0,  -28,  -19,    0,    9,  -33,   -9,    0,    0,    9,    0,    0,    0,    0,    0,  -37,    0,  -33,    0,  -33,    0,  -23,  -28,   -9,  -19,  -28,  -14,    0,    0,    0,    0,    0,    0,    0,    0,    0,    0,    0,    0,    0,    0,    0,    0,    0,    0,    0,    0,    0,    0,    0,    0,    0,    0,    0,    0,    0,    0,    0,    0,    0,    0,    0,    0,    0,    0,    0,    0,    0,    0,    0,    0,    0,    0,
       0,    0,    0,    0,   -9,    0,    0,    0,   -5,    0,    0,    0,    0,    0,    0,    0,    0,    0,    0,    0,    0,    0,    0,    0,    0,    0,    0,    0,    0,    0,    0,    0,    0,    0,    0,    0,    0,    0,    0,    0,    0,    0,    0,    0,    0,    0,    0,    0,    0,    0,    0,    0,    0,    0,    0,    0,    0,    0,    0,    0,    0,    0,    0,    0,    0,    0,    0,    0,    0,    0,    0,    0,    0,    0,    0,    0,
       0,    0,    0,    0,  -23,    0,    0,    9,  -19,   -5,    0,    0,    0,    0,    0,    0,    0,    0,   -9,    0,   -9,    0,   -5,    0,   -5,   -5,    0,    0,  -14,   -5,    0,    0,    0,    0,    0,    0,    0,    0,    0,    0,    0,    0,    0,    0,    0,    0,    0,    0,    0,    0,    0,    0,    0,    0,    0,    0,    0,    0,    0,    0,    0,    0,    0,    0,    0,    0,    0,    0,    0,    0,    0,    0,    0,    0,    0,    0,
       0,    0,  -14,    0,  -28,    0,    0,    9,  -28,   -9,    0,    0,    0,    0,    0,    0,    0,    0,  -23,    0,  -23,    0,  -23,    0,  -14,  -19,    0,   -9,  -37,  -14,    0,    0,    0,    0,    0,    0,    0,    0,    0,    0,    0,    0,    0,    0,    0,    0,    0,    0,    0,    0,    0,    0,    0,    0,    0,    0,    0,    0,    0,    0,    0,    0,    0,    0,    0,    0,    0,    0,    0,    0,    0,    0,    0,    0,    0,    0,
       0,    0,    0,    0,    0,    0,    0,    0,    0,   -5,    0,    0,    0,    0,    0,    0,    0,    0,    0,    0,    0,    0,    0,    0,    0,    0,    0,    0,   -9,    0,    0,    0,    0,    0,    0,    0,    0,    0,    0,    0,    0,    0,    0,    0,    0,    0,    0,    0,    0,    0,    0,    0,    0,    0,    0,    0,    0,    0,    0,    0,    0,    0,    0,    0,    0,    0,    0,    0,    0,    0,    0,    0,    0,    0,    0,    0,
       0,    0,    0,    0,    0,    0,    0,    0,    0,    0,    0,   44,    0,    0,    0,    0,    0,    0,    0,    0,    0,    0,    0,    0,    0,    0,    0,    0,    0,    0,    0,    0,    0,    0,    0,    0,    0,    0,    0,    0,    0,    0,    0,    0,    0,    0,    0,    0,    0,    0,    0,    0,    0,    0,    0,    0,    0,    0,    0,    0,    0,    0,    0,    0,    0,    0,    0,    0,    0,    0,    0,    0,    0,    0,    0,    0,
       0,   -5,    0,    0,    0,    0,    0,    0,    0,    0,    0,    0,    0,    0,    0,    0,    0,    0,    0,    0,    0,    0,    0,    0,    0,    0,    0,    0,    0,    0,    0,    0,    0,    0,    0,    0,    0,    0,    0,    0,    0,    0,    0,    0,    0,    0,    0,    0,    0,    0,    0,    0,    0,    0,    0,    0,    0,    0,    0,    0,    0,    0,    0,    0,    0,    0,    0,    0,    0,    0,    0,    0,    0,    0,    0,    0,
       0,   -5,    0,    0,    0,    0,    0,    0,    0,    0,    0,    0,    0,    0,    0,    0,    0,    0,    0,    0,    0,    0,    0,    0,    0,    0,   -9,   -5,    0,    0,    0,    0,    0,    0,    0,    0,    0,    0,    0,    0,    0,    0,    0,    0,    0,    0,    0,    0,    0,    0,    0,    0,    0,    0,    0,    0,    0,    0,    0,    0,    0,    0,    0,    0,    0,    0,    0,    0,    0,    0,    0,    0,    0,    0,    0,    0,
       0,    9,    0,    0,    0,    0,    0,    0,    0,    0,    0,    0,    0,    0,    0,    0,    0,    0,    0,    0,    0,    0,    0,    0,    0,    0,    0,    0,    0,    0,    0,    0,    0,    0,    0,    0,    0,    0,    0,    0,    0,    0,    0,    0,    0,    0,    0,    0,    0,    0,    0,    0,    0,    0,    0,    0,    0,    0,    0,    0,    0,    0,    0,    0,    0,    0,    0,    0,    0,    0,    0,    0,    0,    0,    0,    0,
       0,   28,    0,   19,   -9,    0,    0,    0,    0,    0,    0,    0,    0,    0,    0,    0,    0,    0,    0,    0,    0,    0,    0,    0,    0,    0,    0,    0,    0,    0,    0,    0,    0,    0,    0,    0,    0,    0,    0,    0,    0,    0,    0,    0,    0,    0,    0,    0,    0,    0,    0,    0,    0,    0,    0,    0,    0,    0,    0,    0,    0,    0,    0,    0,    0,    0,    0,    0,    0,    0,    0,    0,    0,    0,    0,    0,
       0,   19,    0,    0,  -75,    0,    0,    0,    0,    0,    0,    0,    0,    0,    0,    0,    0,    0,   -9,    0,   -9,    0,   -5,    0,    0,    0,    0,    0,    0,    0,    0,    0,    0,    0,    0,    0,    0,    0,    0,    0,    0,    0,    0,    0,    0,    0,    0,    0,    0,    0,    0,    0,    0,    0,    0,    0,    0,    0,    0,    0,    0,    0,    0,    0,    0,    0,    0,    0,    0,    0,    0,    0,    0,    0,    0,    0,
       0,   19,    0,    0,  -19,    0,    0,    9,    0,    0,    0,    0,    0,    0,    0,    0,    0,    0,    0,    0,    0,    0,    0,    0,    0,    0,    0,    0,    0,    0,    0,    0,    0,    0,    0,    0,    0,    0,    0,    0,    0,    0,    0,    0,    0,    0,    0,    0,    0,    0,    0,    0,    0,    0,    0,    0,    0,    0,    0,    0,    0,    0,    0,    0,    0,    0,    0,    0,    0,    0,    0,    0,    0,    0,    0,    0,
       0,    0,    0,    0,    0,    0,    0,    0,    0,    0,    0,    0,    0,    0,    0,    0,    0,    0,    0,    0,   -9,    0,    0,    0,    0,    0,    0,    0,    0,    0,    0,    0,    0,    0,    0,    0,    0,    0,    0,    0,    0,    0,    0,    0,    0,    0,    0,    0,    0,    0,    0,    0,    0,    0,    0,    0,    0,    0,    0,    0,    0,    0,    0,    0,    0,    0,    0,    0,    0,    0,    0,    0,    0,    0,    0,    0,
       0,    0,    0,    0,    0,    0,    0,    0,    0,    0,    0,   23,   -9,    0,   -5,    0,  -14,    0,    0,    0,    0,    0,    0,    0,    0,    0,    0,    0,    0,    0,    0,    0,    0,    0,    0,    0,    0,    0,    0,    0,    0,    0,    0,    0,    0,    0,    0,    0,    0,    0,    0,    0,    0,    0,    0,    0,    0,    0,    0,    0,    0,    0,    0,    0,    0,    0,    0,    0,    0,    0,    0,    0,    0,    0,    0,    0,
       0,    0,    0,    0,    0,    0,    0,    0,    0,    0,    0,    0,  -14,    0,   -5,    0,  -14,    0,    0,    0,    0,    0,    0,    0,    0,    0,    0,    0,    0,    0,    0,    0,    0,  -14,    0,    0,    0,    0,    0,   -5,    0,    0,    0,    0,    0,    0,    0,    0,    0,    0,    0,    0,    0,    0,    0,    0,    0,    0,    0,    0,    0,    0,    0,    0,    0,    0,    0,   -5,    0,    0,    0,    0,    0,    0,    0,    0,
       0,    0,    0,    0,    0,    0,    0,    0,    0,    0,    0,    0,  -28,    0,  -14,   -9,  -37,    0,    0,    0,    0,    0,    0,    0,    0,    0,    0,    0,    0,    0,    0,    0,    0,  -28,    0,    0,    0,    0,   -9,    0,    0,   -9,    0,    0,   -9,    0,    0,    0,    0,    0,    0,    0,    0,    0,    0,    0,    0,    0,    0,    0,    0,    0,    0,    0,    0,    0,    0,  -19,    0,    0,    0,    0,    0,    0,    0,    0,
       0,    0,    0,    0,    0,    0,    0,    0,    0,    0,    0,   47,  -19,    0,  -14,    0,  -19,    0,    0,    0,    0,    0,    0,    0,    0,    0,    0,    0,    0,    0,    0,    0,    0,    0,    0,    0,    0,    0,    0,    0,    0,    0,    0,    0,    0,    0,    0,    0,    0,    0,    0,    0,    0,    0,    0,    0,    0,    0,    0,    0,    0,    0,    0,    0,    0,    0,    0,    0,    0,    0,    0,    0,    0,    0,    0,    0,
       0,    0,    0,   23,    0,    0,    0,    0,    0,    0,    0,    0,    0,    0,    0,    0,    0,    0,    0,    0,    0,    0,    0,    0,    0,    0,    0,    0,    0,    0,    0,    0,    0,    0,    0,    0,    0,    0,    0,    0,    0,    0,    0,    0,    0,    0,    0,    0,    0,    0,    0,    0,    0,    0,    0,    0,    0,    0,    0,    0,    0,    0,    0,    0,    0,    0,    0,    0,    0,    0,    0,    0,    0,    0,    0,    0,
       0,  -33,    0,    0,    0,    0,    0,    0,    0,   -9,    0,   51,  -33,    0,  -19,    0,  -28,    0,    0,    0,    0,    0,    0,    0,    0,    0,    0,    0,    0,    0,    0,    0,    0,    0,    0,    0,    0,    0,    0,    0,    0,    0,    0,    0,    0,    0,    0,    0,    0,    0,    0,    0,    0,    0,    0,    0,    0,    0,    0,    0,    0,    0,    0,    0,    0,    0,    0,    0,    0,    0,    0,    0,    0,    0,    0,    0,
      23,   23,    0,   42,    0,    0,    0,   42,    0,    0,    0,    0,    0,    0,    0,    0,    0,    0,    0,   14,    0,    0,    0,    0,    0,    0,    0,    0,    0,    0,    0,   33,    0,    0,    0,    0,    0,    0,    0,    0,    0,    0,    0,    0,    0,    0,    0,    0,    0,    0,    0,    0,    0,    0,    0,    0,    0,    0,    0,    0,    0,    0,    0,    0,    0,    0,    0,    0,    0,    0,    0,    0,    0,    0,    0,   33,
       0,    0,    0,   23,    0,    0,    0,    0,    0,    0,    0,    0,    0,    0,    0,    0,    0,    0,    0,    0,    0,    0,    0,    0,    0,    0,    0,    0,    0,    0,    0,    0,   61,    0,    0,    0,    0,    0,    0,    0,    0,    0,    0,    0,    0,    0,    0,    0,    0,    0,    0,    0,    0,    0,    0,    0,    0,    0,    0,    0,    0,    0,    0,    0,    0,    0,    0,    0,    0,    0,    0,    0,    0,    0,    0,    0,
       0,    0,    0,    0,    0,    0,    0,    0,    0,    0,    0,   23,    0,    0,    0,    0,    0,    0,    0,    0,    0,    0,    0,    0,    0,    0,    0,    0,    0,    0,    0,    0,    0,    0,    0,    0,    0,    0,    0,    0,    0,    0,    0,    0,    0,    0,    0,    0,    0,    0,    0,    0,    0,    0,    0,    0,    0,    0,    0,    0,    0,    0,    0,    0,    0,    0,    0,    0,    0,    0,    0,    0,    0,    0,    0,    0,
      33,   51,    0,   56,    0,    0,    0,   51,    0,    0,    0,    0,    0,    0,    0,    0,    0,    0,    0,    0,    0,    0,    0,    0,    0,    0,    0,    0,    0,    0,    0,    0,    0,    0,    0,    0,    0,    0,    0,    0,    0,    0,    0,    0,    0,    0,    0,    0,    0,    0,    0,    0,    0,    0,    0,    0,    0,    0,    0,    0,    0,    0,    0,    0,    0,    0,    0,    0,    0,    0,    0,    0,    0,    0,    0,   33,
       0,    0,    0,    0,    0,    0,    0,    0,   -9,    0,    9,    0,   28,    0,   33,   23,   28,    0,    0,    0,    0,    0,    0,    0,    0,    0,    0,    0,    0,    0,    0,    0,    0,    0,    0,    0,    0,    0,    0,    0,    0,    0,    0,    0,    0,    0,    0,    0,    0,    0,    0,    0,    0,    0,    0,    0,    0,    0,    0,    0,    0,    0,    0,    0,    0,    0,    0,    0,    0,    0,    0,    0,    0,    0,    0,    0,
       0,    0,    0,    0,    0,    0,    0,    0,    0,    0,    0,    0,    0,    0,    0,    0,    0,    0,    0,    9,    0,   19,    0,    0,    0,    0,   23,    0,    0,    0,    0,    0,    0,    0,    0,    0,    0,    0,    0,    0,    0,    0,    0,    0,    0,    0,    0,    0,    0,    0,    0,    0,    0,    0,    0,    0,    0,    0,    0,    0,    0,    0,    0,    0,    0,    0,    0,    0,    0,    0,    0,    0,    0,    0,    0,    0,
       0,    0,    0,    0,    0,    0,    0,    0,  -14,   -5,    9,    0,   33,    0,   33,   23,   28,    0,  -14,    0,   -9,    0,   -9,    0,    0,    0,    0,    0,    0,    0,    0,    0,    0,    0,    0,    0,    0,    0,    0,    0,    0,    0,    0,    0,    0,    0,    0,    0,    0,    0,    0,    0,    0,    0,    0,    0,    0,    0,    0,    0,    0,    0,    0,    0,    0,    0,    0,    0,    0,    0,    0,    0,    0,    0,    0,    0,
       0,    0,    0,    0,    0,    0,    0,    0,    0,    0,    0,    0,    0,    0,    0,    0,    0,    0,    0,    9,    0,   23,    0,    0,    0,    0,   23,    0,    0,    0,    0,    0,    0,    0,    0,    0,    0,    0,    0,    0,    0,    0,    0,    0,    0,    0,    0,    0,    0,    0,    0,    0,    0,    0,    0,    0,    0,    0,    0,    0,    0,    0,    0,    0,    0,    0,    0,    0,    0,    0,    0,    0,    0,    0,    0,    0,
       0,    0,    0,    0,    0,    0,    0,    0,    0,    0,    0,    0,    0,    0,    0,    0,    0,    0,    0,    0,    0,    0,    0,    0,    0,    0,    0,    0,    0,    0,    0,    0,    0,    0,    0,    0,   23,    0,    0,    0,    0,    0,    0,    0,    0,    0,    0,    0,    0,    0,    0,    0,    0,    0,    0,    0,    0,    0,    0,    0,    0,    0,    0,    0,    0,    0,    0,    0,    0,    0,    0,    0,    0,    0,    0,    0,
       0,  -33,    0,    0,    0,    0,    0,    0,    0,    0,    0,    0,    0,    0,    0,    0,    0,    0,    0,    0,    0,    0,    0,    0,    0,    0,    0,    0,    0,    0,    0,    0,    0,  -23,    0,    0,    0,    0,   -9,    0,    0,    0,    0,    0,  -14,    0,    0,    0,    0,    0,    0,    0,    0,    0,   -9,   -9,   -9,    0,    0,    0,    0,    0,    0,    0,   -9,    0,  -19,  -28,  -23,   -9,    0,    0,    0,    0,    0,  -14,
       0,    9,    0,    0,  -23,  -19,  -14,    0,    0,    0,    0,    0,    0,    0,    0,    0,    0,    0,    0,    0,    0,    0,    0,    0,    0,    0,    0,    0,    0,  -14,    0,    0,    0,    9,   -9,    0,    0,  -12,    0,  -33,  -12,    0,    0,  -16,    0,    0,  -19,   -9,  -14,  -19,  -19,   -5,   -5,  -14,   -5,   -9,  -14,  -19,    0,   -9,    0,    0,    0,    0,    0,    0,    0,    5,    0,    0,    0,    0,    0,    0,    0,    0,
       0,    0,    0,    0,    0,    0,    0,    0,    0,    0,    0,    0,    0,    0,    0,    0,    0,    0,    0,    0,    0,    0,    0,    0,    0,    0,    0,    0,   -9,    0,    0,    0,    0,    0,   -9,    0,    0,    0,    0,    0,    0,    0,    0,  -14,    0,    0,    0,    0,    0,    0,    0,    0,    0,    0,    0,    0,   -9,    0,    0,    0,    0,    0,   -9,    0,    0,    0,    0,    0,    0,    0,   -9,    0,    0,    0,    0,    0,
       0,    0,    0,    0,   -9,    0,    0,    0,    0,    0,    0,    0,    0,    0,    0,    0,    0,    0,    0,    0,    0,    0,    0,    0,    0,    0,    0,    0,    0,    0,    0,    0,    0,    0,    0,    0,    0,    0,    0,    0,    0,    0,    0,   -5,    0,    0,    0,    0,    0,    0,    0,    0,    0,    0,    0,    0,    0,    0,    0,    0,    0,    0,    0,    0,    0,    0,    0,    0,    0,    0,    0,    0,    0,    0,    0,    0,
       0,  -42,    0,    0,   -5,    0,    0,    0,    0,    0,    0,    0,    0,    0,    0,    0,    0,    0,    0,    0,    0,    0,    0,    0,    0,    0,    0,    0,    0,    0,    0,    0,    0,  -28,    0,    0,    0,    0,   -9,    0,    0,    0,    0,    0,  -14,    0,    0,    0,    0,    0,    0,   -9,    0,    0,   -9,   -9,    0,   -9,    0,    0,    0,    0,    0,    0,    0,    0,    0,  -14,    0,    0,    0,    0,    0,    0,    0,  -28,
       0,    9,    0,    0,    0,   -5,   -5,    0,    0,    0,    0,    0,    0,    0,    0,    0,    0,    0,    0,    0,    0,    0,    0,    0,    0,    0,    0,    0,   -9,    0,    0,    0,    0,    0,   -9,    0,    0,    0,    0,    0,    0,    0,    0,  -19,   -5,    0,   -5,   -9,    0,    0,   -9,    0,    0,    0,   -5,   -5,   -9,    0,    0,    0,    0,    0,   -9,    0,    0,    0,    0,    0,    0,    0,  -23,    0,    0,    0,    0,    0,
       0,    9,    0,    0,  -33,   -9,   -5,    0,    0,    0,    0,    0,    0,    0,    0,    0,    0,    0,    0,    0,    0,    0,    0,    0,    0,    0,    0,    0,  -23,   -9,    0,    0,    0,    0,  -19,   -9,    0,  -42,    0,  -56,  -47,    0,    0,  -14,    0,  -14,  -23,  -19,   -5,  -47,  -28,  -14,   -9,  -23,    0,    0,   -9,  -23,   23,  -14,    0,    0,   -5,    0,    0,    0,    0,    0,    0,    0,   -9,  -14,  -23,    0,    0,    0,
       0,  -33,    0,    0,    0,    0,    0,    0,    0,    0,    0,    0,    0,    0,    0,    0,    0,    0,    0,    0,    0,    0,    0,    0,    0,    0,    0,    0,    0,   -5,    0,    0,    0,  -33,   -9,    0,   23,    0,  -14,    0,    0,    0,    0,  -16,  -28,    0,    0,    0,    0,    0,   -5,    0,    0,    0,  -14,   -9,  -14,    0,    0,    0,    0,    0,    0,    0,   -9,    0,  -19,  -23,  -28,    0,  -23,    0,    0,    0,   -5,  -19,
       0,    0,    0,    0,    0,    0,    0,    0,    0,    0,    0,    0,    0,    0,    0,    0,    0,    0,    0,    0,    0,    0,    0,    0,    0,    0,    0,    0,    0,    0,    0,    0,    0,    0,    0,    0,    0,    0,    0,    0,    0,    0,    0,    0,    0,    0,    0,    0,    0,    0,    0,   -5,    0,    0,    0,   -5,    0,    0,    0,    0,    0,    0,    0,    0,    0,    0,    0,    0,    0,    0,    0,    0,    0,    0,    0,    0,
       0,    0,    0,  -12,    0,    0,    0,    0,    0,    0,    0,    0,    0,    0,    0,    0,    0,    0,    0,    0,    0,    0,    0,    0,    0,    0,    0,    0,    0,    0,    0,    0,    0,    0,    0,    0,    0,    0,    0,    0,    0,    0,    0,    0,    0,    0,    0,    0,    0,    0,    0,   -5,    0,    0,    0,    0,   -7,   -5,    0,    0,    0,    0,    0,    0,    0,    0,    0,    0,    0,    0,    0,    0,    0,    0,    0,    0,
       0,    0,    0,    0,   14,    0,    0,    0,    0,    0,    0,    0,    0,    0,    0,    0,    0,    0,    0,    0,    0,    0,    0,    0,    0,    0,    0,    0,    0,    0,    0,    0,    0,    0,    0,    0,   42,   14,    0,    0,   19,    0,    0,   -5,  -12,    0,    0,    0,    0,   14,    0,    0,    0,   14,   -5,   14,   -9,    0,    0,    0,    0,   33,    0,    0,    0,    0,    0,    0,    0,    0,    0,    0,    0,    0,    0,    0,
       0,    0,    0,    0,  -19,    0,    0,    0,    0,    0,    0,    0,    0,    0,    0,    0,    0,    0,    0,    0,    0,    0,    0,    0,    0,    0,    0,    0,    0,    0,    0,    0,    0,   -9,    0,    0,    0,   -5,  -19,   -9,   -5,   -9,   -5,    0,    0,    0,    0,    0,    0,   -5,    0,   -7,    0,   -5,    0,    0,    0,   -5,    0,    0,    0,    0,    0,    0,    0,    0,   -5,   -5,   -5,    0,    0,    0,   -9,    0,    0,    0,
       0,    0,    0,    0,  -61,   -5,   -5,    0,    0,    0,    0,    0,    0,    0,    0,    0,    0,    0,    0,    0,    0,    0,    0,    0,    0,    0,    0,    0,   -9,   -5,    0,    0,    0,    0,    0,    0,    0,  -28,   -9,  -23,  -28,   -9,    0,   -5,    0,    0,  -12,    0,    0,  -23,   -5,    0,    0,  -19,    0,    0,    0,   -5,    0,    0,    0,    0,    0,    0,    0,    0,    0,    0,    0,    0,    0,    0,  -28,    0,    0,    0,
       0,   -5,    0,  -14,  -19,    0,   -5,    0,    0,    0,    0,    0,    0,    0,    0,    0,    0,    0,    0,    0,    0,    0,    0,    0,    0,    0,    0,    0,    0,    0,    0,    0,    0,  -16,    0,   -5,    0,  -12,  -14,  -16,  -14,  -19,  -14,    0,    0,   -5,    0,    0,    0,  -12,    0,   -7,    0,   -7,    0,    0,    0,   -5,    0,    0,    0,    0,    0,    0,    0,    0,    0,   -9,    0,    0,    0,    0,    0,    0,    0,    0,
       0,   -5,    0,    0,    0,    0,    0,    0,    0,    0,    0,    0,    0,    0,    0,    0,    0,    0,    0,    0,    0,    0,    0,    0,    0,    0,    0,    0,    0,    0,    0,    0,    0,  -19,    0,    0,    0,    0,  -19,    0,    0,    0,    0,    0,    0,    0,    0,    0,    0,    0,    0,   -9,    0,    0,   -5,   -5,    0,    0,    0,    0,    0,    0,    0,    0,    0,    0,    0,    0,    0,    0,    0,    0,    0,    0,    0,    0,
       0,    0,    0,    0,    0,    0,    0,    0,    0,    0,    0,    0,    0,    0,    0,    0,    0,    0,    0,    0,    0,    0,    0,    0,    0,    0,    0,    0,    0,    0,    0,    0,    0,  -28,    0,    0,    0,    0,  -19,   -5,    0,  -14,    0,    0,    0,   -9,    0,    0,    0,   -5,    0,   -9,    0,    0,   -5,  -14,   -5,   -5,    0,    0,    0,    0,    0,    0,    0,    0,    0,    0,    0,    0,    0,    0,    0,    0,    0,    0,
       0,    0,    0,   -5,    0,    0,    0,    0,    0,    0,    0,    0,    0,    0,    0,    0,    0,    0,    0,    0,    0,    0,    0,    0,    0,    0,    0,    0,    0,    0,    0,    0,    0,  -14,    0,    0,    0,    0,   -5,    0,    0,   -5,    0,    0,    0,   -5,    0,    0,    0,    0,    0,   -9,    0,    0,   -5,   -5,    0,    0,    0,    0,    0,    0,    0,    0,    0,    0,    0,    0,    0,    0,    0,    0,    0,    0,    0,    0,
       0,   14,    0,    0,  -19,   -9,    0,    0,    0,    0,    0,    0,    0,    0,    0,    0,    0,    0,    0,    0,    0,    0,    0,    0,    0,    0,    0,    0,    0,    0,    0,    0,    0,    0,    0,    0,    0,   -9,    0,  -14,  -14,   -5,    0,    0,    0,    0,    0,    0,    0,  -19,   -5,    0,    0,  -14,    0,    0,    0,    0,    0,    0,    0,    0,    0,    0,    0,    0,    0,    0,    0,    0,    0,    0,    0,    0,    0,   19,
       0,   -5,    0,    0,    9,    0,    0,    0,    0,    0,    0,    0,    0,    0,    0,    0,    0,    0,    0,    0,    0,    0,    0,    0,    0,    0,    0,    0,    0,    0,    0,    0,    0,  -14,    0,    0,   47,    9,    0,    0,   14,    0,    0,    0,   -7,    0,    0,    0,    0,    9,    0,    0,    0,   12,   -7,    0,  -14,    0,    0,    0,    0,   28,    0,    0,    0,    0,    0,    0,    0,    0,    0,    0,    0,    0,    0,    0,
       0,    0,    0,    0,    0,    0,    0,    0,    0,    0,    0,    0,    0,    0,    0,    0,    0,    0,    0,    0,    0,    0,    0,    0,    0,    0,    0,    0,    0,    0,    0,    0,    0,  -19,    0,    0,    0,    0,  -19,   -5,    0,   -9,    0,    0,    0,   -9,    0,    0,    0,   -5,    0,   -9,    0,    0,   -5,  -14,   -5,   -5,    0,    0,    0,    0,    0,    0,    0,    0,    0,    0,    0,    0,    0,    0,    0,    0,    0,    0,
       0,    0,    0,    0,    0,   -5,    0,    0,    0,    0,    0,    0,    0,    0,    0,    0,    0,    0,    0,    0,    0,    0,    0,    0,    0,    0,    0,    0,    0,    0,    0,    0,    0,   -5,   -7,    0,    0,    0,   -5,    0,    0,    0,    0,   -7,   -5,    0,   -9,    0,    0,    0,   -9,    0,    0,    0,    0,    0,   -9,   -5,    0,    0,    0,    0,    0,    0,    0,    0,    0,    0,    0,    0,    0,   -9,    0,    0,    0,   14,
       0,    0,    0,    0,    0,    0,    0,    0,    0,    0,    0,    0,    0,    0,    0,    0,    0,    0,    0,    0,    0,    0,    0,    0,    0,    0,    0,    0,    0,    0,    0,    0,    0,  -14,    0,    0,    0,    0,    0,    0,    0,    0,    0,    0,    0,    0,    0,    0,    0,    0,    0,    0,    0,    0,    0,    0,    0,    0,   -2,    0,    0,    0,    0,    0,    0,    0,    0,    0,    0,    0,    0,    0,    0,    0,    0,    0,
       0,    9,    0,    0,    0,    0,    0,    0,    0,    0,    0,    0,    0,    0,    0,    0,    0,    0,    0,    0,    0,    0,    0,    0,    0,    0,    0,    0,    0,    0,    0,    0,    0,   -9,    0,    0,    0,    0,    0,    0,    0,    0,    0,    0,    0,    0,    0,    0,    0,    0,   -5,    0,    0,    0,    0,    0,    0,   -5,    0,    0,    0,    0,    0,    0,    0,    0,    0,    0,    0,    0,    0,    0,    0,    0,    0,    0,
       0,    9,    0,    0,  -19,    0,    0,    0,    0,    0,    0,    0,    0,    0,    0,    0,    0,    0,    0,    0,    0,    0,    0,    0,    0,    0,    0,    0,    0,    0,    0,    0,    0,    0,    0,    0,    0,   -9,    0,   -9,  -14,   -5,    0,    0,    0,    0,   -5,    0,    0,  -23,  -14,    0,    0,  -23,    0,    0,    0,  -14,    0,    0,    0,    0,    0,    0,    0,    0,    0,    0,    0,    0,    0,    0,    0,    0,    0,   19,
       0,  -37,    0,    0,    0,    0,   -5,    0,    0,    0,    0,    0,    0,    0,    0,    0,    0,    0,    0,    0,    0,    0,    0,    0,    0,    0,    0,    0,    0,    0,    0,    0,    0,  -28,    0,    0,    0,    0,   -9,   -5,    0,   -5,    0,   -5,  -33,   -9,    0,    0,    0,    0,    0,   -9,    0,    0,  -28,  -21,  -19,   -9,    0,    0,    0,    0,    0,   -9,    0,    0,    0,    0,    0,  -14,    0,   -9,    0,    0,    0,  -14,
       0,   -5,    0,    0,    0,    0,    0,    0,    0,    0,    0,    0,    0,    0,    0,    0,    0,    0,    0,    0,    0,    0,    0,    0,    0,    0,    0,    0,    0,    0,    0,    0,    0,  -19,    0,    0,   37,    0,    0,    0,    0,    0,    0,    0,    0,    0,    0,    0,    0,    0,    0,    0,    0,    0,  -14,  -23,    0,    0,    0,    0,    0,    9,    0,    0,    0,    0,    0,    0,    0,    0,    0,    0,    0,    0,    0,    0,
       0,    0,    0,    0,    0,    0,    0,    0,    0,    0,    0,    0,    0,    0,    0,    0,    0,    0,    0,    0,    0,    0,    0,    0,    0,    0,    0,    0,    0,    0,    0,    0,    0,   -9,    0,    0,    0,    0,  -14,    0,    0,    0,    0,    0,    0,   -5,    0,    0,    0,    0,    0,    0,    0,    0,    0,    0,    0,   -9,    0,    0,    0,    0,    0,    0,    0,    0,    0,    0,    0,    0,    0,    0,    0,    0,    0,    0,
       0,   14,    0,    0,    0,    0,    0,    0,    0,    0,    0,    0,    0,    0,    0,    0,    0,    0,    0,    0,    0,    0,    0,    0,    0,    0,    0,    0,    0,    0,    0,    0,    0,    9,    0,    0,    0,    0,    0,    0,    0,    0,    0,    0,    0,    0,    0,    0,    0,    0,    0,    0,    0,    0,    0,    0,    0,    0,   14,    0,    5,    0,    0,    0,    0,    0,    0,    0,    0,    0,    0,    0,    0,    0,    0,    0,
       0,    0,    0,    0,    0,    0,    0,    0,    0,    0,    0,    0,    0,    0,    0,    0,    0,    0,    0,    0,    0,    0,    0,    0,    0,    0,    0,    0,    0,    0,    0,    0,    0,    0,    0,    0,   14,    0,    0,    0,    0,    0,    0,    0,    0,    0,    0,    0,    0,    0,    0,    0,    0,    0,    0,    0,    0,    0,    0,    0,    0,    9,    0,    0,    0,    0,    0,    0,    0,    0,    0,    0,    0,    0,    0,    0,
       0,   -5,    0,    0,    0,    0,    0,    0,    0,    0,    0,    0,    0,    0,    0,    0,    0,    0,    0,    0,    0,    0,    0,    0,    0,    0,    0,    0,    0,    0,    0,    0,    0,  -19,    0,    0,   19,    0,    0,    0,    0,    0,    0,    0,    0,    0,    0,    0,    0,    0,    0,    0,    0,    0,  -14,  -23,    0,    0,    0,    0,    0,    0,    0,    0,    0,    0,    0,    0,    0,    0,    0,    0,    0,    0,    0,    0,
       0,    0,    0,    0,  -19,    0,    0,    0,    0,    0,    0,    0,    0,    0,    0,    0,    0,    0,    0,    0,    0,    0,    0,    0,    0,    0,    0,    0,    0,    0,    0,    0,    0,    0,    0,    0,    0,    0,    0,    0,    0,    0,    0,    0,    0,    0,    0,    0,    0,   -9,    0,    0,    0,    0,    0,    0,    0,    0,    0,    0,    0,    0,    0,    0,    0,    0,    0,    0,    0,    0,    0,    0,    0,    0,    0,    0,
       0,  -19,    0,    0,    0,    0,    0,    0,    0,    0,    0,    0,    0,    0,    0,    0,    0,    0,    0,    0,    0,    0,    0,    0,    0,    0,    0,    0,    0,    0,    0,    0,    0,  -19,    0,    0,    0,    0,    0,    0,    0,    0,    0,    0,  -19,    0,    0,    0,    0,    0,    0,    0,    0,    0,   -9,    0,    0,    0,    0,    0,    0,    0,    0,    0,    0,    0,  -14,   -9,  -14,    0,    0,    0,    0,    0,    0,    0,
       0,  -33,    0,    0,    0,    0,    0,    0,    0,    0,    0,    0,    0,    0,    0,    0,    0,    0,    0,    0,    0,    0,    0,    0,    0,    0,    0,    0,    0,    0,    0,    0,    0,    0,    0,    0,    0,    0,    0,    0,    0,    0,    0,    0,    0,    0,   -9,    0,    0,    0,    0,    0,    0,    0,  -23,  -14,  -14,    0,    0,    0,    0,    0,    0,   -9,    0,    0,    0,    0,    0,   -9,    0,   -9,    0,    0,    0,    0,
       0,    0,    0,    0,  -19,    0,    0,    0,    0,    0,    0,    0,    0,    0,    0,    0,    0,    0,    0,    0,    0,    0,    0,    0,    0,    0,    0,    0,    0,    0,    0,    0,    0,    0,    0,    0,    0,    0,    0,    0,    0,    0,    0,    0,    0,    0,    0,    0,    0,    0,    0,    0,    0,    0,    0,    0,    0,    0,    0,    0,    0,    0,    0,    0,    0,    0,   -5,    0,   -5,    0,    0,    0,    0,    0,    0,    0,
       0,    0,    0,    0,  -28,  -19,    0,    0,    0,    0,    0,    0,    0,    0,    0,    0,    0,    0,    0,    0,    0,    0,    0,    0,    0,    0,    0,    0,  -28,  -14,    0,    0,    0,    9,   -9,    0,    0,  -19,    0,  -33,  -23,    0,    0,  -16,    0,    0,  -33,    0,    0,  -28,    0,   -9,   -9,    0,  -19,  -19,  -23,    0,    0,    0,    0,    0,   -9,   -9,    0,  -23,    0,    0,    0,  -19,  -23,  -33,  -23,  -37,    0,    0,
       0,    0,    0,    0,  -23,   -9,    0,    0,    0,    0,    0,    0,    0,    0,    0,    0,    0,    0,    0,    0,    0,    0,    0,    0,    0,    0,    0,    0,    0,    0,    0,    0,    0,    0,    0,    0,    0,    0,    0,  -14,    0,    0,    0,    0,    0,    0,   -5,    0,    0,  -19,   -5,    0,    0,  -14,    0,    0,    0,    0,    0,    0,    0,    0,    0,    0,    0,    0,    0,    0,    0,    0,    0,    0,    0,    0,    0,    0,
       0,    0,    0,    0,  -23,   -9,    0,    0,    0,    0,    0,    0,    0,    0,    0,    0,    0,    0,    0,    0,    0,    0,    0,    0,    0,    0,    0,    0,    0,    0,    0,    0,    0,    9,    0,    0,    0,    0,    0,  -28,    0,    0,    0,    0,    0,    0,  -19,    0,    0,  -23,    0,   -9,   -9,    0,    0,    0,  -23,    0,    9,    0,    0,    0,   -9,    0,    0,  -14,    0,    9,    0,    0,   -9,  -14,  -19,    0,    0,    0,
       0,    0,    0,    0,  -14,    0,    0,    0,    0,    0,    0,    0,    0,    0,    0,    0,    0,    0,    0,    0,    0,    0,    0,    0,    0,    0,    0,    0,    0,    0,    0,    0,    0,    0,    0,    0,    0,    0,    0,    0,    0,    0,    0,    0,    0,    0,   -9,    0,    0,  -14,    0,    0,    0,    0,    0,    0,    0,    0,    0,    0,    0,    0,    0,    0,    0,    0,    0,    0,    0,    0,    0,    0,    0,    0,    0,    0,
       0,    0,    0,    0,    0,    0,    0,    0,    0,    0,    0,    0,    0,    0,    0,    0,    0,    0,    0,    0,    0,    0,    0,    0,    0,    0,    0,    0,    0,    0,    0,    0,    0,    0,    0,    0,    0,    0,    0,    0,    0,    0,    0,    0,    0,    0,    0,    0,    0,    0,    0,    0,    0,    0,   -9,    0,  -23,    0,    0,    0,    0,    0,   -9,    0,    0,    0,    0,    0,    0,    0,  -23,   -9,    0,    0,    0,    0,
       0,    0,    0,    0,    0,    0,    0,    0,    0,    0,    0,    0,    0,    0,    0,    0,    0,    0,    0,    0,    0,    0,    0,    0,    0,    0,    0,    0,    0,    0,    0,    0,    0,    0,    0,    0,    0,    0,    0,    0,    0,    0,    0,    0,    0,    0,   -5,    0,    0,    0,    0,    0,    0,    0,    0,    0,   -5,    0,    0,    0,    0,    0,    0,    0,    0,    0,    0,    0,    0,    0,    0,    0,    0,    0,    0,    0,
       0,    0,    0,    0,  -28,    0,    0,    0,    0,    0,    0,    0,    0,    0,    0,    0,    0,    0,    0,    0,    0,    0,    0,    0,    0,    0,    0,    0,    0,    0,    0,    0,    0,    0,    0,    0,    0,    0,    0,  -28,    0,    0,    0,    0,    0,    0,  -23,    0,    0,  -23,    0,    0,    0,    0,    0,    0,  -19,    0,    9,    0,    0,    0,   -9,    0,    0,  -14,    0,    0,    0,    0,    0,  -19,  -19,  -19,   -5,    0,
       0,    0,    0,    0,  -19,    0,    0,    0,    0,    0,    0,    0,    0,    0,    0,    0,    0,    0,    0,    0,    0,    0,    0,    0,    0,    0,    0,    0,    0,    0,    0,    0,    0,    0,    0,    0,    0,    0,    0,    0,    0,    0,    0,    0,    0,    0,    0,    0,    0,   -5,    0,    0,    0,    0,    0,    0,    0,    0,    0,    0,    0,    0,    0,    0,    0,    0,    0,    0,    0,    0,    0,    0,    0,    0,    0,    0,
       0,    0,    0,    0,    0,    0,    0,    0,    0,    0,    0,    0,    0,    0,    0,    0,    0,    0,    0,    0,    0,    0,    0,    0,    0,    0,    0,    0,    0,    0,    0,    0,    0,   -9,    0,    0,    0,    0,    0,    0,    0,    0,    0,    0,    0,    0,    0,    0,    0,    0,    0,    0,    0,    0,    0,    0,    0,    0,    0,    0,    0,    0,    0,    0,    0,    0,   -5,    0,   -5,    0,    0,    0,    0,    0,    0,    0,
       0,   -5,    0,    0,    0,    0,    0,    0,    0,    0,    0,    0,    0,    0,    0,    0,    0,    0,    0,    0,    0,    0,    0,    0,    0,    0,    0,    0,    0,    0,    0,    0,    0,    0,    0,    0,    0,    0,    0,    0,    0,    0,    0,    0,    0,    0,    0,    0,    0,    0,    0,   -9,    0,    0,    0,   -5,    0,    0,    0,    0,    0,    0,    0,    0,    0,    0,    0,    0,    0,    0,    0,    0,    0,    0,    0,    0,
};

static const EpdLigaturePair notosans_14_regularLigaturePairs[] = {
    { 0x00660066, 0xFB00 }, // f f -> U+FB00
    { 0x00660069, 0xFB01 }, // f i -> U+FB01
    { 0x0066006C, 0xFB02 }, // f l -> U+FB02
    { 0xFB000069, 0xFB03 }, // U+FB00 i -> U+FB03
    { 0xFB00006C, 0xFB04 }, // U+FB00 l -> U+FB04
};

static const EpdFontData notosans_14_regular = {
    notosans_14_regularBitmaps,
    notosans_14_regularGlyphs,
    notosans_14_regularIntervals,
    18,
    40,
    32,
    -9,
    true,
    nullptr,
    0,
    nullptr,
    notosans_14_regularKernLeftClasses,
    notosans_14_regularKernRightClasses,
    notosans_14_regularKernMatrix,
    478,
    474,
    87,
    76,
    notosans_14_regularLigaturePairs,
    5,
    nullptr,
    nullptr,
    nullptr,
    1,
};
